[2026-07-09 17:08:11] [INFO] =========================================
[2026-07-09 17:08:11] [SUCCESS] === COPIE SHAREPOINT + PERMISSIONS + VERSIONS ===
[2026-07-09 17:08:11] [INFO] Version: 9.3
[2026-07-09 17:08:11] [INFO] Log:    C:\Users\ffaradji-op\Desktop\Mercury script powershell\SharePoint_Copy_2026-07-09_170811.log
[2026-07-09 17:08:11] [INFO] Errors: C:\Users\ffaradji-op\Desktop\Mercury script powershell\SharePoint_Errors_2026-07-09_170811.csv
[2026-07-09 17:08:11] [INFO] Chargement traductions: E:\UKREiiF_FinalCopy_path.csv
[2026-07-09 17:08:12] [SUCCESS] Traductions chargées: 0
[2026-07-09 17:08:12] [SUCCESS] Mappages chargés: ID=3, Name=3
[2026-07-09 17:08:12] [INFO] Authentification...
[2026-07-09 17:08:12] [INFO] Résolution sites/drives...
[2026-07-09 17:08:12] [DEBUG] Resolve site URI: https://graph.microsoft.com/v1.0/sites/ipdlab.sharepoint.com:/sites/SERVICES_GENERAUX?$select=id,webUrl,displayName
[2026-07-09 17:08:12] [DEBUG] Resolve site URI: https://graph.microsoft.com/v1.0/sites/infoprodigital365.sharepoint.com:/sites/Notisum?$select=id,webUrl,displayName
[2026-07-09 17:08:12] [SUCCESS] Sites/drives résolus
[2026-07-09 17:08:13] [SUCCESS] Lignes CSV: 1938
[2026-07-09 17:08:13] [SUCCESS] Chemins uniques: 333
[2026-07-09 17:08:13] [INFO] Traitement: /Audit_user_gmail.xlsx
[2026-07-09 17:08:13] [INFO] Copie: Audit_user_gmail.xlsx
[2026-07-09 17:08:13] [INFO] Versions source trouvées: 2
[2026-07-09 17:08:13] [INFO] Copie version 1.0
[2026-07-09 17:08:17] [SUCCESS] Copié avec versions: Audit_user_gmail.xlsx
[2026-07-09 17:08:17] [SUCCESS] Permission Entra appliquée [write] -> Audit_user_gmail.xlsx
[2026-07-09 17:08:17] [INFO] Traitement: /Capture d’écran 2026-01-27 172058.jpg
[2026-07-09 17:08:17] [INFO] Copie: Capture d’écran 2026-01-27 172058.jpg
[2026-07-09 17:08:18] [INFO] Versions source trouvées: 1
[2026-07-09 17:08:18] [INFO] Une seule version détectée (1.0 probable) : upload courant uniquement.
[2026-07-09 17:08:19] [SUCCESS] Copié avec versions: Capture d’écran 2026-01-27 172058.jpg
[2026-07-09 17:08:19] [SUCCESS] Permission Entra appliquée [write] -> Capture d’écran 2026-01-27 172058.jpg
[2026-07-09 17:08:19] [INFO] Traitement: /Drive ECHOLINE/
[2026-07-09 17:08:20] [INFO] Copie: Drive ECHOLINE
[2026-07-09 17:08:20] [SUCCESS] Dossier créé: Drive ECHOLINE
[2026-07-09 17:08:20] [SUCCESS] Permission Entra appliquée [write] -> Drive ECHOLINE
[2026-07-09 17:08:20] [SUCCESS] Permission Entra appliquée [write] -> Drive ECHOLINE
[2026-07-09 17:08:20] [INFO] Traitement: /Drive ECHOLINE/01-Internal Ops/
[2026-07-09 17:08:20] [INFO] Copie: Drive ECHOLINE/01-Internal Ops
[2026-07-09 17:08:21] [SUCCESS] Dossier créé: Drive ECHOLINE/01-Internal Ops
[2026-07-09 17:08:21] [SUCCESS] Permission Entra appliquée [write] -> Drive ECHOLINE/01-Internal Ops
[2026-07-09 17:08:22] [SUCCESS] Permission Entra appliquée [write] -> Drive ECHOLINE/01-Internal Ops
[2026-07-09 17:08:22] [INFO] Traitement: /Drive ECHOLINE/01-Internal Ops/A-Veilles et traitement/
[2026-07-09 17:08:22] [INFO] Copie: Drive ECHOLINE/01-Internal Ops/A-Veilles et traitement
[2026-07-09 17:08:23] [SUCCESS] Dossier créé: Drive ECHOLINE/01-Internal Ops/A-Veilles et traitement
[2026-07-09 17:08:23] [SUCCESS] Permission Entra appliquée [write] -> Drive ECHOLINE/01-Internal Ops/A-Veilles et traitement
[2026-07-09 17:08:23] [SUCCESS] Permission Entra appliquée [write] -> Drive ECHOLINE/01-Internal Ops/A-Veilles et traitement
[2026-07-09 17:08:23] [INFO] Traitement: /Drive ECHOLINE/01-Internal Ops/A-Veilles et traitement/00 - A - Documents accessibles par l'API/
[2026-07-09 17:08:23] [INFO] Copie: Drive ECHOLINE/01-Internal Ops/A-Veilles et traitement/00 - A - Documents accessibles par l'API
[2026-07-09 17:08:24] [SUCCESS] Dossier créé: Drive ECHOLINE/01-Internal Ops/A-Veilles et traitement/00 - A - Documents accessibles par l'API
[2026-07-09 17:08:24] [SUCCESS] Permission Entra appliquée [write] -> Drive ECHOLINE/01-Internal Ops/A-Veilles et traitement/00 - A - Documents accessibles par l'API
[2026-07-09 17:08:24] [SUCCESS] Permission Entra appliquée [write] -> Drive ECHOLINE/01-Internal Ops/A-Veilles et traitement/00 - A - Documents accessibles par l'API
[2026-07-09 17:08:24] [INFO] Traitement: /Drive ECHOLINE/01-Internal Ops/A-Veilles et traitement/Veille reg. Allemagne/
[2026-07-09 17:08:24] [INFO] Copie: Drive ECHOLINE/01-Internal Ops/A-Veilles et traitement/Veille reg. Allemagne
[2026-07-09 17:08:25] [SUCCESS] Dossier créé: Drive ECHOLINE/01-Internal Ops/A-Veilles et traitement/Veille reg. Allemagne
[2026-07-09 17:08:26] [SUCCESS] Permission Entra appliquée [write] -> Drive ECHOLINE/01-Internal Ops/A-Veilles et traitement/Veille reg. Allemagne
[2026-07-09 17:08:26] [SUCCESS] Permission Entra appliquée [write] -> Drive ECHOLINE/01-Internal Ops/A-Veilles et traitement/Veille reg. Allemagne
[2026-07-09 17:08:26] [INFO] Traitement: /Drive ECHOLINE/01-Internal Ops/A-Veilles et traitement/Veille reg. Australie/
[2026-07-09 17:08:26] [INFO] Copie: Drive ECHOLINE/01-Internal Ops/A-Veilles et traitement/Veille reg. Australie
[2026-07-09 17:08:27] [SUCCESS] Dossier créé: Drive ECHOLINE/01-Internal Ops/A-Veilles et traitement/Veille reg. Australie
[2026-07-09 17:08:27] [SUCCESS] Permission Entra appliquée [write] -> Drive ECHOLINE/01-Internal Ops/A-Veilles et traitement/Veille reg. Australie
[2026-07-09 17:08:27] [SUCCESS] Permission Entra appliquée [write] -> Drive ECHOLINE/01-Internal Ops/A-Veilles et traitement/Veille reg. Australie
[2026-07-09 17:08:27] [INFO] Traitement: /Drive ECHOLINE/01-Internal Ops/A-Veilles et traitement/Veille reg. Belgique/
[2026-07-09 17:08:27] [INFO] Copie: Drive ECHOLINE/01-Internal Ops/A-Veilles et traitement/Veille reg. Belgique
[2026-07-09 17:08:28] [SUCCESS] Dossier créé: Drive ECHOLINE/01-Internal Ops/A-Veilles et traitement/Veille reg. Belgique
[2026-07-09 17:08:28] [SUCCESS] Permission Entra appliquée [write] -> Drive ECHOLINE/01-Internal Ops/A-Veilles et traitement/Veille reg. Belgique
[2026-07-09 17:08:28] [SUCCESS] Permission Entra appliquée [write] -> Drive ECHOLINE/01-Internal Ops/A-Veilles et traitement/Veille reg. Belgique
[2026-07-09 17:08:28] [INFO] Traitement: /Drive ECHOLINE/01-Internal Ops/A-Veilles et traitement/Veille reg. Brésil/
[2026-07-09 17:08:29] [INFO] Copie: Drive ECHOLINE/01-Internal Ops/A-Veilles et traitement/Veille reg. Brésil
[2026-07-09 17:08:30] [SUCCESS] Dossier créé: Drive ECHOLINE/01-Internal Ops/A-Veilles et traitement/Veille reg. Brésil
[2026-07-09 17:08:30] [SUCCESS] Permission Entra appliquée [write] -> Drive ECHOLINE/01-Internal Ops/A-Veilles et traitement/Veille reg. Brésil
[2026-07-09 17:08:30] [SUCCESS] Permission Entra appliquée [write] -> Drive ECHOLINE/01-Internal Ops/A-Veilles et traitement/Veille reg. Brésil
[2026-07-09 17:08:30] [INFO] Traitement: /Drive ECHOLINE/01-Internal Ops/A-Veilles et traitement/Veille reg. Canada/
[2026-07-09 17:08:30] [INFO] Copie: Drive ECHOLINE/01-Internal Ops/A-Veilles et traitement/Veille reg. Canada
[2026-07-09 17:08:31] [SUCCESS] Dossier créé: Drive ECHOLINE/01-Internal Ops/A-Veilles et traitement/Veille reg. Canada
[2026-07-09 17:08:31] [SUCCESS] Permission Entra appliquée [write] -> Drive ECHOLINE/01-Internal Ops/A-Veilles et traitement/Veille reg. Canada
[2026-07-09 17:08:32] [SUCCESS] Permission Entra appliquée [write] -> Drive ECHOLINE/01-Internal Ops/A-Veilles et traitement/Veille reg. Canada
[2026-07-09 17:08:32] [INFO] Traitement: /Drive ECHOLINE/01-Internal Ops/A-Veilles et traitement/Veille reg. Corée du Sud/
[2026-07-09 17:08:32] [INFO] Copie: Drive ECHOLINE/01-Internal Ops/A-Veilles et traitement/Veille reg. Corée du Sud
[2026-07-09 17:08:33] [SUCCESS] Dossier créé: Drive ECHOLINE/01-Internal Ops/A-Veilles et traitement/Veille reg. Corée du Sud
[2026-07-09 17:08:33] [SUCCESS] Permission Entra appliquée [write] -> Drive ECHOLINE/01-Internal Ops/A-Veilles et traitement/Veille reg. Corée du Sud
[2026-07-09 17:08:33] [SUCCESS] Permission Entra appliquée [write] -> Drive ECHOLINE/01-Internal Ops/A-Veilles et traitement/Veille reg. Corée du Sud
[2026-07-09 17:08:33] [INFO] Traitement: /Drive ECHOLINE/01-Internal Ops/A-Veilles et traitement/Veille reg. Espagne/
[2026-07-09 17:08:33] [INFO] Copie: Drive ECHOLINE/01-Internal Ops/A-Veilles et traitement/Veille reg. Espagne
[2026-07-09 17:08:34] [SUCCESS] Dossier créé: Drive ECHOLINE/01-Internal Ops/A-Veilles et traitement/Veille reg. Espagne
[2026-07-09 17:08:34] [SUCCESS] Permission Entra appliquée [write] -> Drive ECHOLINE/01-Internal Ops/A-Veilles et traitement/Veille reg. Espagne
[2026-07-09 17:08:34] [SUCCESS] Permission Entra appliquée [write] -> Drive ECHOLINE/01-Internal Ops/A-Veilles et traitement/Veille reg. Espagne
[2026-07-09 17:08:34] [INFO] Traitement: /Drive ECHOLINE/01-Internal Ops/A-Veilles et traitement/Veille reg. Estonie/
[2026-07-09 17:08:34] [INFO] Copie: Drive ECHOLINE/01-Internal Ops/A-Veilles et traitement/Veille reg. Estonie
[2026-07-09 17:08:35] [SUCCESS] Dossier créé: Drive ECHOLINE/01-Internal Ops/A-Veilles et traitement/Veille reg. Estonie
[2026-07-09 17:08:36] [SUCCESS] Permission Entra appliquée [write] -> Drive ECHOLINE/01-Internal Ops/A-Veilles et traitement/Veille reg. Estonie
[2026-07-09 17:08:36] [SUCCESS] Permission Entra appliquée [write] -> Drive ECHOLINE/01-Internal Ops/A-Veilles et traitement/Veille reg. Estonie
[2026-07-09 17:08:36] [INFO] Traitement: /Drive ECHOLINE/01-Internal Ops/A-Veilles et traitement/Veille reg. Europe/
[2026-07-09 17:08:36] [INFO] Copie: Drive ECHOLINE/01-Internal Ops/A-Veilles et traitement/Veille reg. Europe
[2026-07-09 17:08:37] [SUCCESS] Dossier créé: Drive ECHOLINE/01-Internal Ops/A-Veilles et traitement/Veille reg. Europe
[2026-07-09 17:08:37] [SUCCESS] Permission Entra appliquée [write] -> Drive ECHOLINE/01-Internal Ops/A-Veilles et traitement/Veille reg. Europe
[2026-07-09 17:08:37] [SUCCESS] Permission Entra appliquée [write] -> Drive ECHOLINE/01-Internal Ops/A-Veilles et traitement/Veille reg. Europe
[2026-07-09 17:08:37] [INFO] Traitement: /Drive ECHOLINE/01-Internal Ops/A-Veilles et traitement/Veille reg. Finlande/
[2026-07-09 17:08:37] [INFO] Copie: Drive ECHOLINE/01-Internal Ops/A-Veilles et traitement/Veille reg. Finlande
[2026-07-09 17:08:38] [SUCCESS] Dossier créé: Drive ECHOLINE/01-Internal Ops/A-Veilles et traitement/Veille reg. Finlande
[2026-07-09 17:08:38] [SUCCESS] Permission Entra appliquée [write] -> Drive ECHOLINE/01-Internal Ops/A-Veilles et traitement/Veille reg. Finlande
[2026-07-09 17:08:39] [SUCCESS] Permission Entra appliquée [write] -> Drive ECHOLINE/01-Internal Ops/A-Veilles et traitement/Veille reg. Finlande
[2026-07-09 17:08:39] [INFO] Traitement: /Drive ECHOLINE/01-Internal Ops/A-Veilles et traitement/Veille reg. France/
[2026-07-09 17:08:39] [INFO] Copie: Drive ECHOLINE/01-Internal Ops/A-Veilles et traitement/Veille reg. France
[2026-07-09 17:08:39] [SUCCESS] Dossier créé: Drive ECHOLINE/01-Internal Ops/A-Veilles et traitement/Veille reg. France
[2026-07-09 17:08:40] [SUCCESS] Permission Entra appliquée [write] -> Drive ECHOLINE/01-Internal Ops/A-Veilles et traitement/Veille reg. France
[2026-07-09 17:08:40] [SUCCESS] Permission Entra appliquée [write] -> Drive ECHOLINE/01-Internal Ops/A-Veilles et traitement/Veille reg. France
[2026-07-09 17:08:40] [INFO] Traitement: /Drive ECHOLINE/01-Internal Ops/A-Veilles et traitement/Veille reg. Inde/
[2026-07-09 17:08:40] [INFO] Copie: Drive ECHOLINE/01-Internal Ops/A-Veilles et traitement/Veille reg. Inde
[2026-07-09 17:08:41] [SUCCESS] Dossier créé: Drive ECHOLINE/01-Internal Ops/A-Veilles et traitement/Veille reg. Inde
[2026-07-09 17:08:41] [SUCCESS] Permission Entra appliquée [write] -> Drive ECHOLINE/01-Internal Ops/A-Veilles et traitement/Veille reg. Inde
[2026-07-09 17:08:41] [SUCCESS] Permission Entra appliquée [write] -> Drive ECHOLINE/01-Internal Ops/A-Veilles et traitement/Veille reg. Inde
[2026-07-09 17:08:41] [INFO] Traitement: /Drive ECHOLINE/01-Internal Ops/A-Veilles et traitement/Veille reg. Irlande/
[2026-07-09 17:08:41] [INFO] Copie: Drive ECHOLINE/01-Internal Ops/A-Veilles et traitement/Veille reg. Irlande
[2026-07-09 17:08:42] [SUCCESS] Dossier créé: Drive ECHOLINE/01-Internal Ops/A-Veilles et traitement/Veille reg. Irlande
[2026-07-09 17:08:43] [SUCCESS] Permission Entra appliquée [write] -> Drive ECHOLINE/01-Internal Ops/A-Veilles et traitement/Veille reg. Irlande
[2026-07-09 17:08:43] [SUCCESS] Permission Entra appliquée [write] -> Drive ECHOLINE/01-Internal Ops/A-Veilles et traitement/Veille reg. Irlande
[2026-07-09 17:08:43] [INFO] Traitement: /Drive ECHOLINE/01-Internal Ops/A-Veilles et traitement/Veille reg. Italie/
[2026-07-09 17:08:43] [INFO] Copie: Drive ECHOLINE/01-Internal Ops/A-Veilles et traitement/Veille reg. Italie
[2026-07-09 17:08:44] [SUCCESS] Dossier créé: Drive ECHOLINE/01-Internal Ops/A-Veilles et traitement/Veille reg. Italie
[2026-07-09 17:08:44] [SUCCESS] Permission Entra appliquée [write] -> Drive ECHOLINE/01-Internal Ops/A-Veilles et traitement/Veille reg. Italie
[2026-07-09 17:08:44] [SUCCESS] Permission Entra appliquée [write] -> Drive ECHOLINE/01-Internal Ops/A-Veilles et traitement/Veille reg. Italie
[2026-07-09 17:08:44] [INFO] Traitement: /Drive ECHOLINE/01-Internal Ops/A-Veilles et traitement/Veille reg. Luxembourg/
[2026-07-09 17:08:44] [INFO] Copie: Drive ECHOLINE/01-Internal Ops/A-Veilles et traitement/Veille reg. Luxembourg
[2026-07-09 17:08:45] [SUCCESS] Dossier créé: Drive ECHOLINE/01-Internal Ops/A-Veilles et traitement/Veille reg. Luxembourg
[2026-07-09 17:08:46] [SUCCESS] Permission Entra appliquée [write] -> Drive ECHOLINE/01-Internal Ops/A-Veilles et traitement/Veille reg. Luxembourg
[2026-07-09 17:08:46] [SUCCESS] Permission Entra appliquée [write] -> Drive ECHOLINE/01-Internal Ops/A-Veilles et traitement/Veille reg. Luxembourg
[2026-07-09 17:08:46] [INFO] Traitement: /Drive ECHOLINE/01-Internal Ops/A-Veilles et traitement/Veille reg. Malaysie/
[2026-07-09 17:08:46] [INFO] Copie: Drive ECHOLINE/01-Internal Ops/A-Veilles et traitement/Veille reg. Malaysie
[2026-07-09 17:08:47] [SUCCESS] Dossier créé: Drive ECHOLINE/01-Internal Ops/A-Veilles et traitement/Veille reg. Malaysie
[2026-07-09 17:08:47] [SUCCESS] Permission Entra appliquée [write] -> Drive ECHOLINE/01-Internal Ops/A-Veilles et traitement/Veille reg. Malaysie
[2026-07-09 17:08:47] [SUCCESS] Permission Entra appliquée [write] -> Drive ECHOLINE/01-Internal Ops/A-Veilles et traitement/Veille reg. Malaysie
[2026-07-09 17:08:47] [INFO] Traitement: /Drive ECHOLINE/01-Internal Ops/A-Veilles et traitement/Veille reg. Maroc/
[2026-07-09 17:08:47] [INFO] Copie: Drive ECHOLINE/01-Internal Ops/A-Veilles et traitement/Veille reg. Maroc
[2026-07-09 17:08:48] [SUCCESS] Dossier créé: Drive ECHOLINE/01-Internal Ops/A-Veilles et traitement/Veille reg. Maroc
[2026-07-09 17:08:48] [SUCCESS] Permission Entra appliquée [write] -> Drive ECHOLINE/01-Internal Ops/A-Veilles et traitement/Veille reg. Maroc
[2026-07-09 17:08:49] [SUCCESS] Permission Entra appliquée [write] -> Drive ECHOLINE/01-Internal Ops/A-Veilles et traitement/Veille reg. Maroc
[2026-07-09 17:08:49] [INFO] Traitement: /Drive ECHOLINE/01-Internal Ops/A-Veilles et traitement/Veille reg. Pologne/
[2026-07-09 17:08:49] [INFO] Copie: Drive ECHOLINE/01-Internal Ops/A-Veilles et traitement/Veille reg. Pologne
[2026-07-09 17:08:50] [SUCCESS] Dossier créé: Drive ECHOLINE/01-Internal Ops/A-Veilles et traitement/Veille reg. Pologne
[2026-07-09 17:08:50] [SUCCESS] Permission Entra appliquée [write] -> Drive ECHOLINE/01-Internal Ops/A-Veilles et traitement/Veille reg. Pologne
[2026-07-09 17:08:50] [SUCCESS] Permission Entra appliquée [write] -> Drive ECHOLINE/01-Internal Ops/A-Veilles et traitement/Veille reg. Pologne
[2026-07-09 17:08:50] [INFO] Traitement: /Drive ECHOLINE/01-Internal Ops/A-Veilles et traitement/Veille reg. Portugal/
[2026-07-09 17:08:50] [INFO] Copie: Drive ECHOLINE/01-Internal Ops/A-Veilles et traitement/Veille reg. Portugal
[2026-07-09 17:08:51] [SUCCESS] Dossier créé: Drive ECHOLINE/01-Internal Ops/A-Veilles et traitement/Veille reg. Portugal
[2026-07-09 17:08:51] [SUCCESS] Permission Entra appliquée [write] -> Drive ECHOLINE/01-Internal Ops/A-Veilles et traitement/Veille reg. Portugal
[2026-07-09 17:08:52] [SUCCESS] Permission Entra appliquée [write] -> Drive ECHOLINE/01-Internal Ops/A-Veilles et traitement/Veille reg. Portugal
[2026-07-09 17:08:52] [INFO] Traitement: /Drive ECHOLINE/01-Internal Ops/A-Veilles et traitement/Veille reg. Royaume-Uni/
[2026-07-09 17:08:52] [INFO] Copie: Drive ECHOLINE/01-Internal Ops/A-Veilles et traitement/Veille reg. Royaume-Uni
[2026-07-09 17:08:52] [SUCCESS] Dossier créé: Drive ECHOLINE/01-Internal Ops/A-Veilles et traitement/Veille reg. Royaume-Uni
[2026-07-09 17:08:53] [SUCCESS] Permission Entra appliquée [write] -> Drive ECHOLINE/01-Internal Ops/A-Veilles et traitement/Veille reg. Royaume-Uni
[2026-07-09 17:08:53] [SUCCESS] Permission Entra appliquée [write] -> Drive ECHOLINE/01-Internal Ops/A-Veilles et traitement/Veille reg. Royaume-Uni
[2026-07-09 17:08:53] [INFO] Traitement: /Drive ECHOLINE/01-Internal Ops/A-Veilles et traitement/Veille reg. Singapour/
[2026-07-09 17:08:53] [INFO] Copie: Drive ECHOLINE/01-Internal Ops/A-Veilles et traitement/Veille reg. Singapour
[2026-07-09 17:08:54] [SUCCESS] Dossier créé: Drive ECHOLINE/01-Internal Ops/A-Veilles et traitement/Veille reg. Singapour
[2026-07-09 17:08:54] [SUCCESS] Permission Entra appliquée [write] -> Drive ECHOLINE/01-Internal Ops/A-Veilles et traitement/Veille reg. Singapour
[2026-07-09 17:08:54] [SUCCESS] Permission Entra appliquée [write] -> Drive ECHOLINE/01-Internal Ops/A-Veilles et traitement/Veille reg. Singapour
[2026-07-09 17:08:54] [INFO] Traitement: /Drive ECHOLINE/01-Internal Ops/A-Veilles et traitement/Veille reg. Suède/
[2026-07-09 17:08:54] [INFO] Copie: Drive ECHOLINE/01-Internal Ops/A-Veilles et traitement/Veille reg. Suède
[2026-07-09 17:08:55] [SUCCESS] Dossier créé: Drive ECHOLINE/01-Internal Ops/A-Veilles et traitement/Veille reg. Suède
[2026-07-09 17:08:55] [SUCCESS] Permission Entra appliquée [write] -> Drive ECHOLINE/01-Internal Ops/A-Veilles et traitement/Veille reg. Suède
[2026-07-09 17:08:56] [SUCCESS] Permission Entra appliquée [write] -> Drive ECHOLINE/01-Internal Ops/A-Veilles et traitement/Veille reg. Suède
[2026-07-09 17:08:56] [INFO] Traitement: /Drive ECHOLINE/01-Internal Ops/A-Veilles et traitement/Veille reg. Suisse/
[2026-07-09 17:08:56] [INFO] Copie: Drive ECHOLINE/01-Internal Ops/A-Veilles et traitement/Veille reg. Suisse
[2026-07-09 17:08:57] [SUCCESS] Dossier créé: Drive ECHOLINE/01-Internal Ops/A-Veilles et traitement/Veille reg. Suisse
[2026-07-09 17:08:57] [SUCCESS] Permission Entra appliquée [write] -> Drive ECHOLINE/01-Internal Ops/A-Veilles et traitement/Veille reg. Suisse
[2026-07-09 17:08:57] [SUCCESS] Permission Entra appliquée [write] -> Drive ECHOLINE/01-Internal Ops/A-Veilles et traitement/Veille reg. Suisse
[2026-07-09 17:08:57] [INFO] Traitement: /Drive ECHOLINE/01-Internal Ops/A-Veilles et traitement/Veille reg. Tunisie/
[2026-07-09 17:08:57] [INFO] Copie: Drive ECHOLINE/01-Internal Ops/A-Veilles et traitement/Veille reg. Tunisie
[2026-07-09 17:08:58] [SUCCESS] Dossier créé: Drive ECHOLINE/01-Internal Ops/A-Veilles et traitement/Veille reg. Tunisie
[2026-07-09 17:08:58] [SUCCESS] Permission Entra appliquée [write] -> Drive ECHOLINE/01-Internal Ops/A-Veilles et traitement/Veille reg. Tunisie
[2026-07-09 17:08:58] [SUCCESS] Permission Entra appliquée [write] -> Drive ECHOLINE/01-Internal Ops/A-Veilles et traitement/Veille reg. Tunisie
[2026-07-09 17:08:58] [INFO] Traitement: /Drive ECHOLINE/01-Internal Ops/A-Veilles et traitement/Veille reg. USA/
[2026-07-09 17:08:58] [INFO] Copie: Drive ECHOLINE/01-Internal Ops/A-Veilles et traitement/Veille reg. USA
[2026-07-09 17:08:59] [SUCCESS] Dossier créé: Drive ECHOLINE/01-Internal Ops/A-Veilles et traitement/Veille reg. USA
[2026-07-09 17:09:00] [SUCCESS] Permission Entra appliquée [write] -> Drive ECHOLINE/01-Internal Ops/A-Veilles et traitement/Veille reg. USA
[2026-07-09 17:09:00] [SUCCESS] Permission Entra appliquée [write] -> Drive ECHOLINE/01-Internal Ops/A-Veilles et traitement/Veille reg. USA
[2026-07-09 17:09:00] [INFO] Traitement: /Drive ECHOLINE/01-Internal Ops/B-Partenaires veille int._/
[2026-07-09 17:09:00] [INFO] Copie: Drive ECHOLINE/01-Internal Ops/B-Partenaires veille int._
[2026-07-09 17:09:01] [SUCCESS] Dossier créé: Drive ECHOLINE/01-Internal Ops/B-Partenaires veille int._
[2026-07-09 17:09:01] [SUCCESS] Permission Entra appliquée [write] -> Drive ECHOLINE/01-Internal Ops/B-Partenaires veille int._
[2026-07-09 17:09:01] [SUCCESS] Permission Entra appliquée [write] -> Drive ECHOLINE/01-Internal Ops/B-Partenaires veille int._
[2026-07-09 17:09:01] [INFO] Traitement: /Drive ECHOLINE/01-Internal Ops/B-Partenaires veille int._/Nimonik/
[2026-07-09 17:09:01] [INFO] Copie: Drive ECHOLINE/01-Internal Ops/B-Partenaires veille int._/Nimonik
[2026-07-09 17:09:02] [SUCCESS] Dossier créé: Drive ECHOLINE/01-Internal Ops/B-Partenaires veille int._/Nimonik
[2026-07-09 17:09:02] [SUCCESS] Permission Entra appliquée [write] -> Drive ECHOLINE/01-Internal Ops/B-Partenaires veille int._/Nimonik
[2026-07-09 17:09:02] [SUCCESS] Permission Entra appliquée [write] -> Drive ECHOLINE/01-Internal Ops/B-Partenaires veille int._/Nimonik
[2026-07-09 17:09:02] [INFO] Traitement: /Drive ECHOLINE/01-Internal Ops/B-Partenaires veille int._/Notisum/
[2026-07-09 17:09:02] [INFO] Copie: Drive ECHOLINE/01-Internal Ops/B-Partenaires veille int._/Notisum
[2026-07-09 17:09:03] [SUCCESS] Dossier créé: Drive ECHOLINE/01-Internal Ops/B-Partenaires veille int._/Notisum
[2026-07-09 17:09:04] [SUCCESS] Permission Entra appliquée [write] -> Drive ECHOLINE/01-Internal Ops/B-Partenaires veille int._/Notisum
[2026-07-09 17:09:04] [SUCCESS] Permission Entra appliquée [write] -> Drive ECHOLINE/01-Internal Ops/B-Partenaires veille int._/Notisum
[2026-07-09 17:09:04] [INFO] Traitement: /Drive ECHOLINE/01-Internal Ops/B-Partenaires veille int._/ZZ-Archives/
[2026-07-09 17:09:04] [INFO] Copie: Drive ECHOLINE/01-Internal Ops/B-Partenaires veille int._/ZZ-Archives
[2026-07-09 17:09:05] [SUCCESS] Dossier créé: Drive ECHOLINE/01-Internal Ops/B-Partenaires veille int._/ZZ-Archives
[2026-07-09 17:09:05] [SUCCESS] Permission Entra appliquée [write] -> Drive ECHOLINE/01-Internal Ops/B-Partenaires veille int._/ZZ-Archives
[2026-07-09 17:09:05] [SUCCESS] Permission Entra appliquée [write] -> Drive ECHOLINE/01-Internal Ops/B-Partenaires veille int._/ZZ-Archives
[2026-07-09 17:09:05] [INFO] Traitement: /Drive ECHOLINE/01-Internal Ops/C-Projets/
[2026-07-09 17:09:05] [INFO] Copie: Drive ECHOLINE/01-Internal Ops/C-Projets
[2026-07-09 17:09:06] [SUCCESS] Dossier créé: Drive ECHOLINE/01-Internal Ops/C-Projets
[2026-07-09 17:09:06] [SUCCESS] Permission Entra appliquée [write] -> Drive ECHOLINE/01-Internal Ops/C-Projets
[2026-07-09 17:09:07] [SUCCESS] Permission Entra appliquée [write] -> Drive ECHOLINE/01-Internal Ops/C-Projets
[2026-07-09 17:09:07] [INFO] Traitement: /Drive ECHOLINE/01-Internal Ops/C-Projets/Fiches thématiques/
[2026-07-09 17:09:07] [INFO] Copie: Drive ECHOLINE/01-Internal Ops/C-Projets/Fiches thématiques
[2026-07-09 17:09:08] [SUCCESS] Dossier créé: Drive ECHOLINE/01-Internal Ops/C-Projets/Fiches thématiques
[2026-07-09 17:09:08] [SUCCESS] Permission Entra appliquée [write] -> Drive ECHOLINE/01-Internal Ops/C-Projets/Fiches thématiques
[2026-07-09 17:09:08] [SUCCESS] Permission Entra appliquée [write] -> Drive ECHOLINE/01-Internal Ops/C-Projets/Fiches thématiques
[2026-07-09 17:09:08] [INFO] Traitement: /Drive ECHOLINE/01-Internal Ops/C-Projets/Normes/
[2026-07-09 17:09:08] [INFO] Copie: Drive ECHOLINE/01-Internal Ops/C-Projets/Normes
[2026-07-09 17:09:09] [SUCCESS] Dossier créé: Drive ECHOLINE/01-Internal Ops/C-Projets/Normes
[2026-07-09 17:09:09] [SUCCESS] Permission Entra appliquée [write] -> Drive ECHOLINE/01-Internal Ops/C-Projets/Normes
[2026-07-09 17:09:10] [SUCCESS] Permission Entra appliquée [write] -> Drive ECHOLINE/01-Internal Ops/C-Projets/Normes
[2026-07-09 17:09:10] [INFO] Traitement: /Drive ECHOLINE/01-Internal Ops/C-Projets/Projet QSE Veille/
[2026-07-09 17:09:10] [INFO] Copie: Drive ECHOLINE/01-Internal Ops/C-Projets/Projet QSE Veille
[2026-07-09 17:09:10] [SUCCESS] Dossier créé: Drive ECHOLINE/01-Internal Ops/C-Projets/Projet QSE Veille
[2026-07-09 17:09:11] [SUCCESS] Permission Entra appliquée [write] -> Drive ECHOLINE/01-Internal Ops/C-Projets/Projet QSE Veille
[2026-07-09 17:09:11] [SUCCESS] Permission Entra appliquée [write] -> Drive ECHOLINE/01-Internal Ops/C-Projets/Projet QSE Veille
[2026-07-09 17:09:11] [INFO] Traitement: /Drive ECHOLINE/01-Internal Ops/D-OKRs-KPIs/
[2026-07-09 17:09:11] [INFO] Copie: Drive ECHOLINE/01-Internal Ops/D-OKRs-KPIs
[2026-07-09 17:09:12] [SUCCESS] Dossier créé: Drive ECHOLINE/01-Internal Ops/D-OKRs-KPIs
[2026-07-09 17:09:12] [SUCCESS] Permission Entra appliquée [write] -> Drive ECHOLINE/01-Internal Ops/D-OKRs-KPIs
[2026-07-09 17:09:12] [SUCCESS] Permission Entra appliquée [write] -> Drive ECHOLINE/01-Internal Ops/D-OKRs-KPIs
[2026-07-09 17:09:12] [INFO] Traitement: /Drive ECHOLINE/01-Internal Ops/E-Ressources juridiques/
[2026-07-09 17:09:12] [INFO] Copie: Drive ECHOLINE/01-Internal Ops/E-Ressources juridiques
[2026-07-09 17:09:13] [SUCCESS] Dossier créé: Drive ECHOLINE/01-Internal Ops/E-Ressources juridiques
[2026-07-09 17:09:13] [SUCCESS] Permission Entra appliquée [write] -> Drive ECHOLINE/01-Internal Ops/E-Ressources juridiques
[2026-07-09 17:09:13] [SUCCESS] Permission Entra appliquée [write] -> Drive ECHOLINE/01-Internal Ops/E-Ressources juridiques
[2026-07-09 17:09:13] [INFO] Traitement: /Drive ECHOLINE/01-Internal Ops/E-Ressources juridiques/Environnement/
[2026-07-09 17:09:13] [INFO] Copie: Drive ECHOLINE/01-Internal Ops/E-Ressources juridiques/Environnement
[2026-07-09 17:09:14] [SUCCESS] Dossier créé: Drive ECHOLINE/01-Internal Ops/E-Ressources juridiques/Environnement
[2026-07-09 17:09:16] [SUCCESS] Permission Entra appliquée [write] -> Drive ECHOLINE/01-Internal Ops/E-Ressources juridiques/Environnement
[2026-07-09 17:09:17] [SUCCESS] Permission Entra appliquée [write] -> Drive ECHOLINE/01-Internal Ops/E-Ressources juridiques/Environnement
[2026-07-09 17:09:17] [INFO] Traitement: /Drive ECHOLINE/01-Internal Ops/E-Ressources juridiques/Sécurité au travail/
[2026-07-09 17:09:17] [INFO] Copie: Drive ECHOLINE/01-Internal Ops/E-Ressources juridiques/Sécurité au travail
[2026-07-09 17:09:18] [SUCCESS] Dossier créé: Drive ECHOLINE/01-Internal Ops/E-Ressources juridiques/Sécurité au travail
[2026-07-09 17:09:18] [SUCCESS] Permission Entra appliquée [write] -> Drive ECHOLINE/01-Internal Ops/E-Ressources juridiques/Sécurité au travail
[2026-07-09 17:09:18] [SUCCESS] Permission Entra appliquée [write] -> Drive ECHOLINE/01-Internal Ops/E-Ressources juridiques/Sécurité au travail
[2026-07-09 17:09:18] [INFO] Traitement: /Drive ECHOLINE/01-Internal Ops/ZZ-Archives/
[2026-07-09 17:09:18] [INFO] Copie: Drive ECHOLINE/01-Internal Ops/ZZ-Archives
[2026-07-09 17:09:19] [SUCCESS] Dossier créé: Drive ECHOLINE/01-Internal Ops/ZZ-Archives
[2026-07-09 17:09:19] [SUCCESS] Permission Entra appliquée [write] -> Drive ECHOLINE/01-Internal Ops/ZZ-Archives
[2026-07-09 17:09:19] [SUCCESS] Permission Entra appliquée [write] -> Drive ECHOLINE/01-Internal Ops/ZZ-Archives
[2026-07-09 17:09:19] [INFO] Traitement: /Drive ECHOLINE/01-Internal Ops/ZZ-Archives/Check List - Traitement/
[2026-07-09 17:09:19] [INFO] Copie: Drive ECHOLINE/01-Internal Ops/ZZ-Archives/Check List - Traitement
[2026-07-09 17:09:20] [SUCCESS] Dossier créé: Drive ECHOLINE/01-Internal Ops/ZZ-Archives/Check List - Traitement
[2026-07-09 17:09:20] [SUCCESS] Permission Entra appliquée [write] -> Drive ECHOLINE/01-Internal Ops/ZZ-Archives/Check List - Traitement
[2026-07-09 17:09:21] [SUCCESS] Permission Entra appliquée [write] -> Drive ECHOLINE/01-Internal Ops/ZZ-Archives/Check List - Traitement
[2026-07-09 17:09:21] [INFO] Traitement: /Drive ECHOLINE/01-Internal Ops/ZZ-Archives/Process et procédures/
[2026-07-09 17:09:21] [INFO] Copie: Drive ECHOLINE/01-Internal Ops/ZZ-Archives/Process et procédures
[2026-07-09 17:09:22] [SUCCESS] Dossier créé: Drive ECHOLINE/01-Internal Ops/ZZ-Archives/Process et procédures
[2026-07-09 17:09:22] [SUCCESS] Permission Entra appliquée [write] -> Drive ECHOLINE/01-Internal Ops/ZZ-Archives/Process et procédures
[2026-07-09 17:09:22] [SUCCESS] Permission Entra appliquée [write] -> Drive ECHOLINE/01-Internal Ops/ZZ-Archives/Process et procédures
[2026-07-09 17:09:22] [INFO] Traitement: /Drive ECHOLINE/01-Internal Ops/ZZ-Archives/Questionnaires/
[2026-07-09 17:09:22] [INFO] Copie: Drive ECHOLINE/01-Internal Ops/ZZ-Archives/Questionnaires
[2026-07-09 17:09:23] [SUCCESS] Dossier créé: Drive ECHOLINE/01-Internal Ops/ZZ-Archives/Questionnaires
[2026-07-09 17:09:23] [SUCCESS] Permission Entra appliquée [write] -> Drive ECHOLINE/01-Internal Ops/ZZ-Archives/Questionnaires
[2026-07-09 17:09:24] [SUCCESS] Permission Entra appliquée [write] -> Drive ECHOLINE/01-Internal Ops/ZZ-Archives/Questionnaires
[2026-07-09 17:09:24] [INFO] Traitement: /Drive ECHOLINE/01-Internal Ops/ZZ-Archives/Thématiques/
[2026-07-09 17:09:24] [INFO] Copie: Drive ECHOLINE/01-Internal Ops/ZZ-Archives/Thématiques
[2026-07-09 17:09:25] [SUCCESS] Dossier créé: Drive ECHOLINE/01-Internal Ops/ZZ-Archives/Thématiques
[2026-07-09 17:09:25] [SUCCESS] Permission Entra appliquée [write] -> Drive ECHOLINE/01-Internal Ops/ZZ-Archives/Thématiques
[2026-07-09 17:09:25] [SUCCESS] Permission Entra appliquée [write] -> Drive ECHOLINE/01-Internal Ops/ZZ-Archives/Thématiques
[2026-07-09 17:09:25] [INFO] Traitement: /Drive ECHOLINE/02-External Ops/
[2026-07-09 17:09:25] [INFO] Copie: Drive ECHOLINE/02-External Ops
[2026-07-09 17:09:26] [SUCCESS] Dossier créé: Drive ECHOLINE/02-External Ops
[2026-07-09 17:09:26] [SUCCESS] Permission Entra appliquée [write] -> Drive ECHOLINE/02-External Ops
[2026-07-09 17:09:26] [SUCCESS] Permission Entra appliquée [write] -> Drive ECHOLINE/02-External Ops
[2026-07-09 17:09:26] [INFO] Traitement: /Drive ECHOLINE/02-External Ops/A-Suivi prod/
[2026-07-09 17:09:26] [INFO] Copie: Drive ECHOLINE/02-External Ops/A-Suivi prod
[2026-07-09 17:09:27] [SUCCESS] Dossier créé: Drive ECHOLINE/02-External Ops/A-Suivi prod
[2026-07-09 17:09:27] [SUCCESS] Permission Entra appliquée [write] -> Drive ECHOLINE/02-External Ops/A-Suivi prod
[2026-07-09 17:09:27] [SUCCESS] Permission Entra appliquée [write] -> Drive ECHOLINE/02-External Ops/A-Suivi prod
[2026-07-09 17:09:27] [INFO] Traitement: /Drive ECHOLINE/02-External Ops/B-Clients/
[2026-07-09 17:09:27] [INFO] Copie: Drive ECHOLINE/02-External Ops/B-Clients
[2026-07-09 17:09:28] [SUCCESS] Dossier créé: Drive ECHOLINE/02-External Ops/B-Clients
[2026-07-09 17:09:28] [SUCCESS] Permission Entra appliquée [write] -> Drive ECHOLINE/02-External Ops/B-Clients
[2026-07-09 17:09:28] [SUCCESS] Permission Entra appliquée [write] -> Drive ECHOLINE/02-External Ops/B-Clients
[2026-07-09 17:09:28] [INFO] Traitement: /Drive ECHOLINE/02-External Ops/C-Services/
[2026-07-09 17:09:28] [INFO] Copie: Drive ECHOLINE/02-External Ops/C-Services
[2026-07-09 17:09:29] [SUCCESS] Dossier créé: Drive ECHOLINE/02-External Ops/C-Services
[2026-07-09 17:09:29] [SUCCESS] Permission Entra appliquée [write] -> Drive ECHOLINE/02-External Ops/C-Services
[2026-07-09 17:09:30] [SUCCESS] Permission Entra appliquée [write] -> Drive ECHOLINE/02-External Ops/C-Services
[2026-07-09 17:09:30] [INFO] Traitement: /Drive ECHOLINE/02-External Ops/D-Projets/
[2026-07-09 17:09:30] [INFO] Copie: Drive ECHOLINE/02-External Ops/D-Projets
[2026-07-09 17:09:30] [SUCCESS] Dossier créé: Drive ECHOLINE/02-External Ops/D-Projets
[2026-07-09 17:09:31] [SUCCESS] Permission Entra appliquée [write] -> Drive ECHOLINE/02-External Ops/D-Projets
[2026-07-09 17:09:31] [SUCCESS] Permission Entra appliquée [write] -> Drive ECHOLINE/02-External Ops/D-Projets
[2026-07-09 17:09:31] [INFO] Traitement: /Drive ECHOLINE/02-External Ops/ZZ-Archives/
[2026-07-09 17:09:31] [INFO] Copie: Drive ECHOLINE/02-External Ops/ZZ-Archives
[2026-07-09 17:09:32] [SUCCESS] Dossier créé: Drive ECHOLINE/02-External Ops/ZZ-Archives
[2026-07-09 17:09:32] [SUCCESS] Permission Entra appliquée [write] -> Drive ECHOLINE/02-External Ops/ZZ-Archives
[2026-07-09 17:09:32] [SUCCESS] Permission Entra appliquée [write] -> Drive ECHOLINE/02-External Ops/ZZ-Archives
[2026-07-09 17:09:32] [INFO] Traitement: /Drive ECHOLINE/03-Customer Care/
[2026-07-09 17:09:32] [INFO] Copie: Drive ECHOLINE/03-Customer Care
[2026-07-09 17:09:33] [SUCCESS] Dossier créé: Drive ECHOLINE/03-Customer Care
[2026-07-09 17:09:33] [SUCCESS] Permission Entra appliquée [write] -> Drive ECHOLINE/03-Customer Care
[2026-07-09 17:09:33] [SUCCESS] Permission Entra appliquée [write] -> Drive ECHOLINE/03-Customer Care
[2026-07-09 17:09:33] [INFO] Traitement: /Drive ECHOLINE/03-Customer Care/A-Hotline/
[2026-07-09 17:09:33] [INFO] Copie: Drive ECHOLINE/03-Customer Care/A-Hotline
[2026-07-09 17:09:34] [SUCCESS] Dossier créé: Drive ECHOLINE/03-Customer Care/A-Hotline
[2026-07-09 17:09:34] [SUCCESS] Permission Entra appliquée [write] -> Drive ECHOLINE/03-Customer Care/A-Hotline
[2026-07-09 17:09:34] [SUCCESS] Permission Entra appliquée [write] -> Drive ECHOLINE/03-Customer Care/A-Hotline
[2026-07-09 17:09:34] [INFO] Traitement: /Drive ECHOLINE/03-Customer Care/A-Hotline/Téléphone/
[2026-07-09 17:09:34] [INFO] Copie: Drive ECHOLINE/03-Customer Care/A-Hotline/Téléphone
[2026-07-09 17:09:35] [SUCCESS] Dossier créé: Drive ECHOLINE/03-Customer Care/A-Hotline/Téléphone
[2026-07-09 17:09:36] [SUCCESS] Permission Entra appliquée [write] -> Drive ECHOLINE/03-Customer Care/A-Hotline/Téléphone
[2026-07-09 17:09:36] [SUCCESS] Permission Entra appliquée [write] -> Drive ECHOLINE/03-Customer Care/A-Hotline/Téléphone
[2026-07-09 17:09:36] [INFO] Traitement: /Drive ECHOLINE/03-Customer Care/A-Hotline/ZZ-Archives/
[2026-07-09 17:09:36] [INFO] Copie: Drive ECHOLINE/03-Customer Care/A-Hotline/ZZ-Archives
[2026-07-09 17:09:37] [SUCCESS] Dossier créé: Drive ECHOLINE/03-Customer Care/A-Hotline/ZZ-Archives
[2026-07-09 17:09:37] [SUCCESS] Permission Entra appliquée [write] -> Drive ECHOLINE/03-Customer Care/A-Hotline/ZZ-Archives
[2026-07-09 17:09:37] [SUCCESS] Permission Entra appliquée [write] -> Drive ECHOLINE/03-Customer Care/A-Hotline/ZZ-Archives
[2026-07-09 17:09:37] [INFO] Traitement: /Drive ECHOLINE/03-Customer Care/B-NPS/
[2026-07-09 17:09:37] [INFO] Copie: Drive ECHOLINE/03-Customer Care/B-NPS
[2026-07-09 17:09:38] [SUCCESS] Dossier créé: Drive ECHOLINE/03-Customer Care/B-NPS
[2026-07-09 17:09:38] [SUCCESS] Permission Entra appliquée [write] -> Drive ECHOLINE/03-Customer Care/B-NPS
[2026-07-09 17:09:38] [SUCCESS] Permission Entra appliquée [write] -> Drive ECHOLINE/03-Customer Care/B-NPS
[2026-07-09 17:09:38] [INFO] Traitement: /Drive ECHOLINE/03-Customer Care/B-NPS/ZZ-Archives/
[2026-07-09 17:09:38] [INFO] Copie: Drive ECHOLINE/03-Customer Care/B-NPS/ZZ-Archives
[2026-07-09 17:09:39] [SUCCESS] Dossier créé: Drive ECHOLINE/03-Customer Care/B-NPS/ZZ-Archives
[2026-07-09 17:09:39] [SUCCESS] Permission Entra appliquée [write] -> Drive ECHOLINE/03-Customer Care/B-NPS/ZZ-Archives
[2026-07-09 17:09:40] [SUCCESS] Permission Entra appliquée [write] -> Drive ECHOLINE/03-Customer Care/B-NPS/ZZ-Archives
[2026-07-09 17:09:40] [INFO] Traitement: /Drive ECHOLINE/03-Customer Care/C-Satisfaction score/
[2026-07-09 17:09:40] [INFO] Copie: Drive ECHOLINE/03-Customer Care/C-Satisfaction score
[2026-07-09 17:09:40] [SUCCESS] Dossier créé: Drive ECHOLINE/03-Customer Care/C-Satisfaction score
[2026-07-09 17:09:41] [SUCCESS] Permission Entra appliquée [write] -> Drive ECHOLINE/03-Customer Care/C-Satisfaction score
[2026-07-09 17:09:41] [SUCCESS] Permission Entra appliquée [write] -> Drive ECHOLINE/03-Customer Care/C-Satisfaction score
[2026-07-09 17:09:41] [INFO] Traitement: /Drive ECHOLINE/03-Customer Care/C-Satisfaction score/ZZ-Archives/
[2026-07-09 17:09:41] [INFO] Copie: Drive ECHOLINE/03-Customer Care/C-Satisfaction score/ZZ-Archives
[2026-07-09 17:09:42] [SUCCESS] Dossier créé: Drive ECHOLINE/03-Customer Care/C-Satisfaction score/ZZ-Archives
[2026-07-09 17:09:42] [SUCCESS] Permission Entra appliquée [write] -> Drive ECHOLINE/03-Customer Care/C-Satisfaction score/ZZ-Archives
[2026-07-09 17:09:42] [SUCCESS] Permission Entra appliquée [write] -> Drive ECHOLINE/03-Customer Care/C-Satisfaction score/ZZ-Archives
[2026-07-09 17:09:42] [INFO] Traitement: /Drive ECHOLINE/03-Customer Care/D-Reporting/
[2026-07-09 17:09:42] [INFO] Copie: Drive ECHOLINE/03-Customer Care/D-Reporting
[2026-07-09 17:09:43] [SUCCESS] Dossier créé: Drive ECHOLINE/03-Customer Care/D-Reporting
[2026-07-09 17:09:43] [SUCCESS] Permission Entra appliquée [write] -> Drive ECHOLINE/03-Customer Care/D-Reporting
[2026-07-09 17:09:44] [SUCCESS] Permission Entra appliquée [write] -> Drive ECHOLINE/03-Customer Care/D-Reporting
[2026-07-09 17:09:44] [INFO] Traitement: /Drive ECHOLINE/03-Customer Care/D-Reporting/ZZ-Archives/
[2026-07-09 17:09:44] [INFO] Copie: Drive ECHOLINE/03-Customer Care/D-Reporting/ZZ-Archives
[2026-07-09 17:09:45] [SUCCESS] Dossier créé: Drive ECHOLINE/03-Customer Care/D-Reporting/ZZ-Archives
[2026-07-09 17:09:45] [SUCCESS] Permission Entra appliquée [write] -> Drive ECHOLINE/03-Customer Care/D-Reporting/ZZ-Archives
[2026-07-09 17:09:45] [SUCCESS] Permission Entra appliquée [write] -> Drive ECHOLINE/03-Customer Care/D-Reporting/ZZ-Archives
[2026-07-09 17:09:45] [INFO] Traitement: /Drive ECHOLINE/04-Community management/
[2026-07-09 17:09:45] [INFO] Copie: Drive ECHOLINE/04-Community management
[2026-07-09 17:09:46] [SUCCESS] Dossier créé: Drive ECHOLINE/04-Community management
[2026-07-09 17:09:46] [SUCCESS] Permission Entra appliquée [write] -> Drive ECHOLINE/04-Community management
[2026-07-09 17:09:46] [SUCCESS] Permission Entra appliquée [write] -> Drive ECHOLINE/04-Community management
[2026-07-09 17:09:46] [INFO] Traitement: /Drive ECHOLINE/04-Community management/A-Newsletter/
[2026-07-09 17:09:46] [INFO] Copie: Drive ECHOLINE/04-Community management/A-Newsletter
[2026-07-09 17:09:47] [SUCCESS] Dossier créé: Drive ECHOLINE/04-Community management/A-Newsletter
[2026-07-09 17:09:47] [SUCCESS] Permission Entra appliquée [write] -> Drive ECHOLINE/04-Community management/A-Newsletter
[2026-07-09 17:09:47] [SUCCESS] Permission Entra appliquée [write] -> Drive ECHOLINE/04-Community management/A-Newsletter
[2026-07-09 17:09:47] [INFO] Traitement: /Drive ECHOLINE/04-Community management/A-Newsletter/ZZ-Archives/
[2026-07-09 17:09:47] [INFO] Copie: Drive ECHOLINE/04-Community management/A-Newsletter/ZZ-Archives
[2026-07-09 17:09:48] [SUCCESS] Dossier créé: Drive ECHOLINE/04-Community management/A-Newsletter/ZZ-Archives
[2026-07-09 17:09:48] [SUCCESS] Permission Entra appliquée [write] -> Drive ECHOLINE/04-Community management/A-Newsletter/ZZ-Archives
[2026-07-09 17:09:49] [SUCCESS] Permission Entra appliquée [write] -> Drive ECHOLINE/04-Community management/A-Newsletter/ZZ-Archives
[2026-07-09 17:09:49] [INFO] Traitement: /Drive ECHOLINE/04-Community management/B-Webinar/
[2026-07-09 17:09:49] [INFO] Copie: Drive ECHOLINE/04-Community management/B-Webinar
[2026-07-09 17:09:49] [SUCCESS] Dossier créé: Drive ECHOLINE/04-Community management/B-Webinar
[2026-07-09 17:09:50] [SUCCESS] Permission Entra appliquée [write] -> Drive ECHOLINE/04-Community management/B-Webinar
[2026-07-09 17:09:50] [SUCCESS] Permission Entra appliquée [write] -> Drive ECHOLINE/04-Community management/B-Webinar
[2026-07-09 17:09:50] [INFO] Traitement: /Drive ECHOLINE/04-Community management/B-Webinar/Webinar ECHOLINExBLUMEI/
[2026-07-09 17:09:50] [INFO] Copie: Drive ECHOLINE/04-Community management/B-Webinar/Webinar ECHOLINExBLUMEI
[2026-07-09 17:09:51] [SUCCESS] Dossier créé: Drive ECHOLINE/04-Community management/B-Webinar/Webinar ECHOLINExBLUMEI
[2026-07-09 17:09:51] [SUCCESS] Permission Entra appliquée [write] -> Drive ECHOLINE/04-Community management/B-Webinar/Webinar ECHOLINExBLUMEI
[2026-07-09 17:09:51] [SUCCESS] Permission Entra appliquée [write] -> Drive ECHOLINE/04-Community management/B-Webinar/Webinar ECHOLINExBLUMEI
[2026-07-09 17:09:51] [INFO] Traitement: /Drive ECHOLINE/04-Community management/B-Webinar/ZZ-Archives/
[2026-07-09 17:09:51] [INFO] Copie: Drive ECHOLINE/04-Community management/B-Webinar/ZZ-Archives
[2026-07-09 17:09:52] [SUCCESS] Dossier créé: Drive ECHOLINE/04-Community management/B-Webinar/ZZ-Archives
[2026-07-09 17:09:52] [SUCCESS] Permission Entra appliquée [write] -> Drive ECHOLINE/04-Community management/B-Webinar/ZZ-Archives
[2026-07-09 17:09:52] [SUCCESS] Permission Entra appliquée [write] -> Drive ECHOLINE/04-Community management/B-Webinar/ZZ-Archives
[2026-07-09 17:09:53] [INFO] Traitement: /Drive ECHOLINE/04-Community management/C-Siteweb/
[2026-07-09 17:09:53] [INFO] Copie: Drive ECHOLINE/04-Community management/C-Siteweb
[2026-07-09 17:09:53] [SUCCESS] Dossier créé: Drive ECHOLINE/04-Community management/C-Siteweb
[2026-07-09 17:09:53] [SUCCESS] Permission Entra appliquée [write] -> Drive ECHOLINE/04-Community management/C-Siteweb
[2026-07-09 17:09:54] [SUCCESS] Permission Entra appliquée [write] -> Drive ECHOLINE/04-Community management/C-Siteweb
[2026-07-09 17:09:54] [INFO] Traitement: /Drive ECHOLINE/04-Community management/C-Siteweb/Maquettes/
[2026-07-09 17:09:54] [INFO] Copie: Drive ECHOLINE/04-Community management/C-Siteweb/Maquettes
[2026-07-09 17:09:55] [SUCCESS] Dossier créé: Drive ECHOLINE/04-Community management/C-Siteweb/Maquettes
[2026-07-09 17:09:55] [SUCCESS] Permission Entra appliquée [write] -> Drive ECHOLINE/04-Community management/C-Siteweb/Maquettes
[2026-07-09 17:09:55] [SUCCESS] Permission Entra appliquée [write] -> Drive ECHOLINE/04-Community management/C-Siteweb/Maquettes
[2026-07-09 17:09:55] [INFO] Traitement: /Drive ECHOLINE/04-Community management/C-Siteweb/ZZ-Archives/
[2026-07-09 17:09:55] [INFO] Copie: Drive ECHOLINE/04-Community management/C-Siteweb/ZZ-Archives
[2026-07-09 17:09:56] [SUCCESS] Dossier créé: Drive ECHOLINE/04-Community management/C-Siteweb/ZZ-Archives
[2026-07-09 17:09:56] [SUCCESS] Permission Entra appliquée [write] -> Drive ECHOLINE/04-Community management/C-Siteweb/ZZ-Archives
[2026-07-09 17:09:56] [SUCCESS] Permission Entra appliquée [write] -> Drive ECHOLINE/04-Community management/C-Siteweb/ZZ-Archives
[2026-07-09 17:09:57] [INFO] Traitement: /Drive ECHOLINE/04-Community management/D-Kit communication/
[2026-07-09 17:09:57] [INFO] Copie: Drive ECHOLINE/04-Community management/D-Kit communication
[2026-07-09 17:09:57] [SUCCESS] Dossier créé: Drive ECHOLINE/04-Community management/D-Kit communication
[2026-07-09 17:09:57] [SUCCESS] Permission Entra appliquée [write] -> Drive ECHOLINE/04-Community management/D-Kit communication
[2026-07-09 17:09:58] [SUCCESS] Permission Entra appliquée [write] -> Drive ECHOLINE/04-Community management/D-Kit communication
[2026-07-09 17:09:58] [INFO] Traitement: /Drive ECHOLINE/04-Community management/D-Kit communication/Flyers/
[2026-07-09 17:09:58] [INFO] Copie: Drive ECHOLINE/04-Community management/D-Kit communication/Flyers
[2026-07-09 17:09:59] [SUCCESS] Dossier créé: Drive ECHOLINE/04-Community management/D-Kit communication/Flyers
[2026-07-09 17:09:59] [SUCCESS] Permission Entra appliquée [write] -> Drive ECHOLINE/04-Community management/D-Kit communication/Flyers
[2026-07-09 17:09:59] [SUCCESS] Permission Entra appliquée [write] -> Drive ECHOLINE/04-Community management/D-Kit communication/Flyers
[2026-07-09 17:09:59] [INFO] Traitement: /Drive ECHOLINE/04-Community management/D-Kit communication/Illustrations/
[2026-07-09 17:09:59] [INFO] Copie: Drive ECHOLINE/04-Community management/D-Kit communication/Illustrations
[2026-07-09 17:10:00] [SUCCESS] Dossier créé: Drive ECHOLINE/04-Community management/D-Kit communication/Illustrations
[2026-07-09 17:10:00] [SUCCESS] Permission Entra appliquée [write] -> Drive ECHOLINE/04-Community management/D-Kit communication/Illustrations
[2026-07-09 17:10:01] [SUCCESS] Permission Entra appliquée [write] -> Drive ECHOLINE/04-Community management/D-Kit communication/Illustrations
[2026-07-09 17:10:01] [INFO] Traitement: /Drive ECHOLINE/04-Community management/D-Kit communication/Images générées par Chat GPT/
[2026-07-09 17:10:01] [INFO] Copie: Drive ECHOLINE/04-Community management/D-Kit communication/Images générées par Chat GPT
[2026-07-09 17:10:02] [SUCCESS] Dossier créé: Drive ECHOLINE/04-Community management/D-Kit communication/Images générées par Chat GPT
[2026-07-09 17:10:02] [SUCCESS] Permission Entra appliquée [write] -> Drive ECHOLINE/04-Community management/D-Kit communication/Images générées par Chat GPT
[2026-07-09 17:10:02] [SUCCESS] Permission Entra appliquée [write] -> Drive ECHOLINE/04-Community management/D-Kit communication/Images générées par Chat GPT
[2026-07-09 17:10:02] [INFO] Traitement: /Drive ECHOLINE/04-Community management/D-Kit communication/Logos clients/
[2026-07-09 17:10:02] [INFO] Copie: Drive ECHOLINE/04-Community management/D-Kit communication/Logos clients
[2026-07-09 17:10:03] [SUCCESS] Dossier créé: Drive ECHOLINE/04-Community management/D-Kit communication/Logos clients
[2026-07-09 17:10:03] [SUCCESS] Permission Entra appliquée [write] -> Drive ECHOLINE/04-Community management/D-Kit communication/Logos clients
[2026-07-09 17:10:04] [SUCCESS] Permission Entra appliquée [write] -> Drive ECHOLINE/04-Community management/D-Kit communication/Logos clients
[2026-07-09 17:10:04] [INFO] Traitement: /Drive ECHOLINE/04-Community management/D-Kit communication/Logos ECHOLINE/
[2026-07-09 17:10:04] [INFO] Copie: Drive ECHOLINE/04-Community management/D-Kit communication/Logos ECHOLINE
[2026-07-09 17:10:04] [SUCCESS] Dossier créé: Drive ECHOLINE/04-Community management/D-Kit communication/Logos ECHOLINE
[2026-07-09 17:10:05] [SUCCESS] Permission Entra appliquée [write] -> Drive ECHOLINE/04-Community management/D-Kit communication/Logos ECHOLINE
[2026-07-09 17:10:05] [SUCCESS] Permission Entra appliquée [write] -> Drive ECHOLINE/04-Community management/D-Kit communication/Logos ECHOLINE
[2026-07-09 17:10:05] [INFO] Traitement: /Drive ECHOLINE/04-Community management/D-Kit communication/Photos/
[2026-07-09 17:10:05] [INFO] Copie: Drive ECHOLINE/04-Community management/D-Kit communication/Photos
[2026-07-09 17:10:06] [SUCCESS] Dossier créé: Drive ECHOLINE/04-Community management/D-Kit communication/Photos
[2026-07-09 17:10:06] [SUCCESS] Permission Entra appliquée [write] -> Drive ECHOLINE/04-Community management/D-Kit communication/Photos
[2026-07-09 17:10:06] [SUCCESS] Permission Entra appliquée [write] -> Drive ECHOLINE/04-Community management/D-Kit communication/Photos
[2026-07-09 17:10:06] [INFO] Traitement: /Drive ECHOLINE/04-Community management/D-Kit communication/ZZ-Archives/
[2026-07-09 17:10:06] [INFO] Copie: Drive ECHOLINE/04-Community management/D-Kit communication/ZZ-Archives
[2026-07-09 17:10:07] [SUCCESS] Dossier créé: Drive ECHOLINE/04-Community management/D-Kit communication/ZZ-Archives
[2026-07-09 17:10:07] [SUCCESS] Permission Entra appliquée [write] -> Drive ECHOLINE/04-Community management/D-Kit communication/ZZ-Archives
[2026-07-09 17:10:07] [SUCCESS] Permission Entra appliquée [write] -> Drive ECHOLINE/04-Community management/D-Kit communication/ZZ-Archives
[2026-07-09 17:10:07] [INFO] Traitement: /Drive ECHOLINE/04-Community management/E- Linkedin/
[2026-07-09 17:10:07] [INFO] Copie: Drive ECHOLINE/04-Community management/E- Linkedin
[2026-07-09 17:10:08] [SUCCESS] Dossier créé: Drive ECHOLINE/04-Community management/E- Linkedin
[2026-07-09 17:10:09] [SUCCESS] Permission Entra appliquée [write] -> Drive ECHOLINE/04-Community management/E- Linkedin
[2026-07-09 17:10:09] [SUCCESS] Permission Entra appliquée [write] -> Drive ECHOLINE/04-Community management/E- Linkedin
[2026-07-09 17:10:09] [INFO] Traitement: /Drive ECHOLINE/04-Community management/E- Linkedin/Carrousel réglementaires/
[2026-07-09 17:10:09] [INFO] Copie: Drive ECHOLINE/04-Community management/E- Linkedin/Carrousel réglementaires
[2026-07-09 17:10:10] [SUCCESS] Dossier créé: Drive ECHOLINE/04-Community management/E- Linkedin/Carrousel réglementaires
[2026-07-09 17:10:10] [SUCCESS] Permission Entra appliquée [write] -> Drive ECHOLINE/04-Community management/E- Linkedin/Carrousel réglementaires
[2026-07-09 17:10:10] [SUCCESS] Permission Entra appliquée [write] -> Drive ECHOLINE/04-Community management/E- Linkedin/Carrousel réglementaires
[2026-07-09 17:10:10] [INFO] Traitement: /Drive ECHOLINE/04-Community management/ZZ-Archives/
[2026-07-09 17:10:10] [INFO] Copie: Drive ECHOLINE/04-Community management/ZZ-Archives
[2026-07-09 17:10:11] [SUCCESS] Dossier créé: Drive ECHOLINE/04-Community management/ZZ-Archives
[2026-07-09 17:10:11] [SUCCESS] Permission Entra appliquée [write] -> Drive ECHOLINE/04-Community management/ZZ-Archives
[2026-07-09 17:10:11] [SUCCESS] Permission Entra appliquée [write] -> Drive ECHOLINE/04-Community management/ZZ-Archives
[2026-07-09 17:10:12] [INFO] Traitement: /Drive ECHOLINE/04-Community management/ZZ-Archives/Matinales/
[2026-07-09 17:10:12] [INFO] Copie: Drive ECHOLINE/04-Community management/ZZ-Archives/Matinales
[2026-07-09 17:10:12] [SUCCESS] Dossier créé: Drive ECHOLINE/04-Community management/ZZ-Archives/Matinales
[2026-07-09 17:10:13] [SUCCESS] Permission Entra appliquée [write] -> Drive ECHOLINE/04-Community management/ZZ-Archives/Matinales
[2026-07-09 17:10:13] [SUCCESS] Permission Entra appliquée [write] -> Drive ECHOLINE/04-Community management/ZZ-Archives/Matinales
[2026-07-09 17:10:13] [INFO] Traitement: /Drive ECHOLINE/05-Sales/
[2026-07-09 17:10:13] [INFO] Copie: Drive ECHOLINE/05-Sales
[2026-07-09 17:10:13] [SUCCESS] Dossier créé: Drive ECHOLINE/05-Sales
[2026-07-09 17:10:14] [SUCCESS] Permission Entra appliquée [write] -> Drive ECHOLINE/05-Sales
[2026-07-09 17:10:14] [SUCCESS] Permission Entra appliquée [write] -> Drive ECHOLINE/05-Sales
[2026-07-09 17:10:14] [INFO] Traitement: /Drive ECHOLINE/05-Sales/A-Prospects/
[2026-07-09 17:10:14] [INFO] Copie: Drive ECHOLINE/05-Sales/A-Prospects
[2026-07-09 17:10:14] [SUCCESS] Dossier créé: Drive ECHOLINE/05-Sales/A-Prospects
[2026-07-09 17:10:15] [SUCCESS] Permission Entra appliquée [write] -> Drive ECHOLINE/05-Sales/A-Prospects
[2026-07-09 17:10:15] [SUCCESS] Permission Entra appliquée [write] -> Drive ECHOLINE/05-Sales/A-Prospects
[2026-07-09 17:10:15] [INFO] Traitement: /Drive ECHOLINE/05-Sales/A-Prospects/AES SARL/
[2026-07-09 17:10:15] [INFO] Copie: Drive ECHOLINE/05-Sales/A-Prospects/AES SARL
[2026-07-09 17:10:16] [SUCCESS] Dossier créé: Drive ECHOLINE/05-Sales/A-Prospects/AES SARL
[2026-07-09 17:10:16] [SUCCESS] Permission Entra appliquée [write] -> Drive ECHOLINE/05-Sales/A-Prospects/AES SARL
[2026-07-09 17:10:16] [SUCCESS] Permission Entra appliquée [write] -> Drive ECHOLINE/05-Sales/A-Prospects/AES SARL
[2026-07-09 17:10:16] [INFO] Traitement: /Drive ECHOLINE/05-Sales/A-Prospects/ALCHIMIES/
[2026-07-09 17:10:16] [INFO] Copie: Drive ECHOLINE/05-Sales/A-Prospects/ALCHIMIES
[2026-07-09 17:10:17] [SUCCESS] Dossier créé: Drive ECHOLINE/05-Sales/A-Prospects/ALCHIMIES
[2026-07-09 17:10:17] [SUCCESS] Permission Entra appliquée [write] -> Drive ECHOLINE/05-Sales/A-Prospects/ALCHIMIES
[2026-07-09 17:10:18] [SUCCESS] Permission Entra appliquée [write] -> Drive ECHOLINE/05-Sales/A-Prospects/ALCHIMIES
[2026-07-09 17:10:18] [INFO] Traitement: /Drive ECHOLINE/05-Sales/A-Prospects/APAG/
[2026-07-09 17:10:18] [INFO] Copie: Drive ECHOLINE/05-Sales/A-Prospects/APAG
[2026-07-09 17:10:19] [SUCCESS] Dossier créé: Drive ECHOLINE/05-Sales/A-Prospects/APAG
[2026-07-09 17:10:19] [SUCCESS] Permission Entra appliquée [write] -> Drive ECHOLINE/05-Sales/A-Prospects/APAG
[2026-07-09 17:10:19] [SUCCESS] Permission Entra appliquée [write] -> Drive ECHOLINE/05-Sales/A-Prospects/APAG
[2026-07-09 17:10:19] [INFO] Traitement: /Drive ECHOLINE/05-Sales/A-Prospects/BIOTOPE/
[2026-07-09 17:10:19] [INFO] Copie: Drive ECHOLINE/05-Sales/A-Prospects/BIOTOPE
[2026-07-09 17:10:20] [SUCCESS] Dossier créé: Drive ECHOLINE/05-Sales/A-Prospects/BIOTOPE
[2026-07-09 17:10:20] [SUCCESS] Permission Entra appliquée [write] -> Drive ECHOLINE/05-Sales/A-Prospects/BIOTOPE
[2026-07-09 17:10:20] [SUCCESS] Permission Entra appliquée [write] -> Drive ECHOLINE/05-Sales/A-Prospects/BIOTOPE
[2026-07-09 17:10:20] [INFO] Traitement: /Drive ECHOLINE/05-Sales/A-Prospects/BOBITECH/
[2026-07-09 17:10:20] [INFO] Copie: Drive ECHOLINE/05-Sales/A-Prospects/BOBITECH
[2026-07-09 17:10:21] [SUCCESS] Dossier créé: Drive ECHOLINE/05-Sales/A-Prospects/BOBITECH
[2026-07-09 17:10:21] [SUCCESS] Permission Entra appliquée [write] -> Drive ECHOLINE/05-Sales/A-Prospects/BOBITECH
[2026-07-09 17:10:22] [SUCCESS] Permission Entra appliquée [write] -> Drive ECHOLINE/05-Sales/A-Prospects/BOBITECH
[2026-07-09 17:10:22] [INFO] Traitement: /Drive ECHOLINE/05-Sales/A-Prospects/CAMO GROUPE/
[2026-07-09 17:10:22] [INFO] Copie: Drive ECHOLINE/05-Sales/A-Prospects/CAMO GROUPE
[2026-07-09 17:10:23] [SUCCESS] Dossier créé: Drive ECHOLINE/05-Sales/A-Prospects/CAMO GROUPE
[2026-07-09 17:10:23] [SUCCESS] Permission Entra appliquée [write] -> Drive ECHOLINE/05-Sales/A-Prospects/CAMO GROUPE
[2026-07-09 17:10:23] [SUCCESS] Permission Entra appliquée [write] -> Drive ECHOLINE/05-Sales/A-Prospects/CAMO GROUPE
[2026-07-09 17:10:23] [INFO] Traitement: /Drive ECHOLINE/05-Sales/A-Prospects/CAPSUM/
[2026-07-09 17:10:23] [INFO] Copie: Drive ECHOLINE/05-Sales/A-Prospects/CAPSUM
[2026-07-09 17:10:24] [SUCCESS] Dossier créé: Drive ECHOLINE/05-Sales/A-Prospects/CAPSUM
[2026-07-09 17:10:24] [SUCCESS] Permission Entra appliquée [write] -> Drive ECHOLINE/05-Sales/A-Prospects/CAPSUM
[2026-07-09 17:10:24] [SUCCESS] Permission Entra appliquée [write] -> Drive ECHOLINE/05-Sales/A-Prospects/CAPSUM
[2026-07-09 17:10:24] [INFO] Traitement: /Drive ECHOLINE/05-Sales/A-Prospects/CATTIER PARIS/
[2026-07-09 17:10:24] [INFO] Copie: Drive ECHOLINE/05-Sales/A-Prospects/CATTIER PARIS
[2026-07-09 17:10:25] [SUCCESS] Dossier créé: Drive ECHOLINE/05-Sales/A-Prospects/CATTIER PARIS
[2026-07-09 17:10:25] [SUCCESS] Permission Entra appliquée [write] -> Drive ECHOLINE/05-Sales/A-Prospects/CATTIER PARIS
[2026-07-09 17:10:26] [SUCCESS] Permission Entra appliquée [write] -> Drive ECHOLINE/05-Sales/A-Prospects/CATTIER PARIS
[2026-07-09 17:10:26] [INFO] Traitement: /Drive ECHOLINE/05-Sales/A-Prospects/CERTINERGY/
[2026-07-09 17:10:26] [INFO] Copie: Drive ECHOLINE/05-Sales/A-Prospects/CERTINERGY
[2026-07-09 17:10:26] [SUCCESS] Dossier créé: Drive ECHOLINE/05-Sales/A-Prospects/CERTINERGY
[2026-07-09 17:10:27] [SUCCESS] Permission Entra appliquée [write] -> Drive ECHOLINE/05-Sales/A-Prospects/CERTINERGY
[2026-07-09 17:10:27] [SUCCESS] Permission Entra appliquée [write] -> Drive ECHOLINE/05-Sales/A-Prospects/CERTINERGY
[2026-07-09 17:10:27] [INFO] Traitement: /Drive ECHOLINE/05-Sales/A-Prospects/CHARGEURS PCC/
[2026-07-09 17:10:27] [INFO] Copie: Drive ECHOLINE/05-Sales/A-Prospects/CHARGEURS PCC
[2026-07-09 17:10:28] [SUCCESS] Dossier créé: Drive ECHOLINE/05-Sales/A-Prospects/CHARGEURS PCC
[2026-07-09 17:10:29] [SUCCESS] Permission Entra appliquée [write] -> Drive ECHOLINE/05-Sales/A-Prospects/CHARGEURS PCC
[2026-07-09 17:10:29] [SUCCESS] Permission Entra appliquée [write] -> Drive ECHOLINE/05-Sales/A-Prospects/CHARGEURS PCC
[2026-07-09 17:10:29] [INFO] Traitement: /Drive ECHOLINE/05-Sales/A-Prospects/COLOREY/
[2026-07-09 17:10:29] [INFO] Copie: Drive ECHOLINE/05-Sales/A-Prospects/COLOREY
[2026-07-09 17:10:30] [SUCCESS] Dossier créé: Drive ECHOLINE/05-Sales/A-Prospects/COLOREY
[2026-07-09 17:10:30] [SUCCESS] Permission Entra appliquée [write] -> Drive ECHOLINE/05-Sales/A-Prospects/COLOREY
[2026-07-09 17:10:31] [SUCCESS] Permission Entra appliquée [write] -> Drive ECHOLINE/05-Sales/A-Prospects/COLOREY
[2026-07-09 17:10:31] [INFO] Traitement: /Drive ECHOLINE/05-Sales/A-Prospects/CPCU/
[2026-07-09 17:10:31] [INFO] Copie: Drive ECHOLINE/05-Sales/A-Prospects/CPCU
[2026-07-09 17:10:32] [SUCCESS] Dossier créé: Drive ECHOLINE/05-Sales/A-Prospects/CPCU
[2026-07-09 17:10:32] [SUCCESS] Permission Entra appliquée [write] -> Drive ECHOLINE/05-Sales/A-Prospects/CPCU
[2026-07-09 17:10:33] [SUCCESS] Permission Entra appliquée [write] -> Drive ECHOLINE/05-Sales/A-Prospects/CPCU
[2026-07-09 17:10:33] [INFO] Traitement: /Drive ECHOLINE/05-Sales/A-Prospects/CTIBIOTECH/
[2026-07-09 17:10:33] [INFO] Copie: Drive ECHOLINE/05-Sales/A-Prospects/CTIBIOTECH
[2026-07-09 17:10:34] [SUCCESS] Dossier créé: Drive ECHOLINE/05-Sales/A-Prospects/CTIBIOTECH
[2026-07-09 17:10:34] [SUCCESS] Permission Entra appliquée [write] -> Drive ECHOLINE/05-Sales/A-Prospects/CTIBIOTECH
[2026-07-09 17:10:34] [SUCCESS] Permission Entra appliquée [write] -> Drive ECHOLINE/05-Sales/A-Prospects/CTIBIOTECH
[2026-07-09 17:10:34] [INFO] Traitement: /Drive ECHOLINE/05-Sales/A-Prospects/ELIOR SERVICES/
[2026-07-09 17:10:34] [INFO] Copie: Drive ECHOLINE/05-Sales/A-Prospects/ELIOR SERVICES
[2026-07-09 17:10:35] [SUCCESS] Dossier créé: Drive ECHOLINE/05-Sales/A-Prospects/ELIOR SERVICES
[2026-07-09 17:10:36] [SUCCESS] Permission Entra appliquée [write] -> Drive ECHOLINE/05-Sales/A-Prospects/ELIOR SERVICES
[2026-07-09 17:10:36] [SUCCESS] Permission Entra appliquée [write] -> Drive ECHOLINE/05-Sales/A-Prospects/ELIOR SERVICES
[2026-07-09 17:10:36] [INFO] Traitement: /Drive ECHOLINE/05-Sales/A-Prospects/ELIS/
[2026-07-09 17:10:36] [INFO] Copie: Drive ECHOLINE/05-Sales/A-Prospects/ELIS
[2026-07-09 17:10:37] [SUCCESS] Dossier créé: Drive ECHOLINE/05-Sales/A-Prospects/ELIS
[2026-07-09 17:10:37] [SUCCESS] Permission Entra appliquée [write] -> Drive ECHOLINE/05-Sales/A-Prospects/ELIS
[2026-07-09 17:10:37] [SUCCESS] Permission Entra appliquée [write] -> Drive ECHOLINE/05-Sales/A-Prospects/ELIS
[2026-07-09 17:10:37] [INFO] Traitement: /Drive ECHOLINE/05-Sales/A-Prospects/ENTSIA/
[2026-07-09 17:10:37] [INFO] Copie: Drive ECHOLINE/05-Sales/A-Prospects/ENTSIA
[2026-07-09 17:10:38] [SUCCESS] Dossier créé: Drive ECHOLINE/05-Sales/A-Prospects/ENTSIA
[2026-07-09 17:10:38] [SUCCESS] Permission Entra appliquée [write] -> Drive ECHOLINE/05-Sales/A-Prospects/ENTSIA
[2026-07-09 17:10:39] [SUCCESS] Permission Entra appliquée [write] -> Drive ECHOLINE/05-Sales/A-Prospects/ENTSIA
[2026-07-09 17:10:39] [INFO] Traitement: /Drive ECHOLINE/05-Sales/A-Prospects/ENVIRIS/
[2026-07-09 17:10:39] [INFO] Copie: Drive ECHOLINE/05-Sales/A-Prospects/ENVIRIS
[2026-07-09 17:10:39] [SUCCESS] Dossier créé: Drive ECHOLINE/05-Sales/A-Prospects/ENVIRIS
[2026-07-09 17:10:40] [SUCCESS] Permission Entra appliquée [write] -> Drive ECHOLINE/05-Sales/A-Prospects/ENVIRIS
[2026-07-09 17:10:40] [SUCCESS] Permission Entra appliquée [write] -> Drive ECHOLINE/05-Sales/A-Prospects/ENVIRIS
[2026-07-09 17:10:40] [INFO] Traitement: /Drive ECHOLINE/05-Sales/A-Prospects/EUROSOURCING/
[2026-07-09 17:10:40] [INFO] Copie: Drive ECHOLINE/05-Sales/A-Prospects/EUROSOURCING
[2026-07-09 17:10:41] [SUCCESS] Dossier créé: Drive ECHOLINE/05-Sales/A-Prospects/EUROSOURCING
[2026-07-09 17:10:41] [SUCCESS] Permission Entra appliquée [write] -> Drive ECHOLINE/05-Sales/A-Prospects/EUROSOURCING
[2026-07-09 17:10:41] [SUCCESS] Permission Entra appliquée [write] -> Drive ECHOLINE/05-Sales/A-Prospects/EUROSOURCING
[2026-07-09 17:10:41] [INFO] Traitement: /Drive ECHOLINE/05-Sales/A-Prospects/FOURÉ LAGADEC/
[2026-07-09 17:10:41] [INFO] Copie: Drive ECHOLINE/05-Sales/A-Prospects/FOURÉ LAGADEC
[2026-07-09 17:10:42] [SUCCESS] Dossier créé: Drive ECHOLINE/05-Sales/A-Prospects/FOURÉ LAGADEC
[2026-07-09 17:10:43] [SUCCESS] Permission Entra appliquée [write] -> Drive ECHOLINE/05-Sales/A-Prospects/FOURÉ LAGADEC
[2026-07-09 17:10:43] [SUCCESS] Permission Entra appliquée [write] -> Drive ECHOLINE/05-Sales/A-Prospects/FOURÉ LAGADEC
[2026-07-09 17:10:43] [INFO] Traitement: /Drive ECHOLINE/05-Sales/A-Prospects/GETRAC/
[2026-07-09 17:10:43] [INFO] Copie: Drive ECHOLINE/05-Sales/A-Prospects/GETRAC
[2026-07-09 17:10:44] [SUCCESS] Dossier créé: Drive ECHOLINE/05-Sales/A-Prospects/GETRAC
[2026-07-09 17:10:44] [SUCCESS] Permission Entra appliquée [write] -> Drive ECHOLINE/05-Sales/A-Prospects/GETRAC
[2026-07-09 17:10:44] [SUCCESS] Permission Entra appliquée [write] -> Drive ECHOLINE/05-Sales/A-Prospects/GETRAC
[2026-07-09 17:10:44] [INFO] Traitement: /Drive ECHOLINE/05-Sales/A-Prospects/GMP GROUP/
[2026-07-09 17:10:44] [INFO] Copie: Drive ECHOLINE/05-Sales/A-Prospects/GMP GROUP
[2026-07-09 17:10:45] [SUCCESS] Dossier créé: Drive ECHOLINE/05-Sales/A-Prospects/GMP GROUP
[2026-07-09 17:10:45] [SUCCESS] Permission Entra appliquée [write] -> Drive ECHOLINE/05-Sales/A-Prospects/GMP GROUP
[2026-07-09 17:10:45] [SUCCESS] Permission Entra appliquée [write] -> Drive ECHOLINE/05-Sales/A-Prospects/GMP GROUP
[2026-07-09 17:10:45] [INFO] Traitement: /Drive ECHOLINE/05-Sales/A-Prospects/GROUPE BOISSEAU/
[2026-07-09 17:10:45] [INFO] Copie: Drive ECHOLINE/05-Sales/A-Prospects/GROUPE BOISSEAU
[2026-07-09 17:10:46] [SUCCESS] Dossier créé: Drive ECHOLINE/05-Sales/A-Prospects/GROUPE BOISSEAU
[2026-07-09 17:10:47] [SUCCESS] Permission Entra appliquée [write] -> Drive ECHOLINE/05-Sales/A-Prospects/GROUPE BOISSEAU
[2026-07-09 17:10:47] [SUCCESS] Permission Entra appliquée [write] -> Drive ECHOLINE/05-Sales/A-Prospects/GROUPE BOISSEAU
[2026-07-09 17:10:47] [INFO] Traitement: /Drive ECHOLINE/05-Sales/A-Prospects/IDI COMPOSITES/
[2026-07-09 17:10:47] [INFO] Copie: Drive ECHOLINE/05-Sales/A-Prospects/IDI COMPOSITES
[2026-07-09 17:10:48] [SUCCESS] Dossier créé: Drive ECHOLINE/05-Sales/A-Prospects/IDI COMPOSITES
[2026-07-09 17:10:48] [SUCCESS] Permission Entra appliquée [write] -> Drive ECHOLINE/05-Sales/A-Prospects/IDI COMPOSITES
[2026-07-09 17:10:48] [SUCCESS] Permission Entra appliquée [write] -> Drive ECHOLINE/05-Sales/A-Prospects/IDI COMPOSITES
[2026-07-09 17:10:48] [INFO] Traitement: /Drive ECHOLINE/05-Sales/A-Prospects/IPAC FRANCE/
[2026-07-09 17:10:48] [INFO] Copie: Drive ECHOLINE/05-Sales/A-Prospects/IPAC FRANCE
[2026-07-09 17:10:49] [SUCCESS] Dossier créé: Drive ECHOLINE/05-Sales/A-Prospects/IPAC FRANCE
[2026-07-09 17:10:49] [SUCCESS] Permission Entra appliquée [write] -> Drive ECHOLINE/05-Sales/A-Prospects/IPAC FRANCE
[2026-07-09 17:10:50] [SUCCESS] Permission Entra appliquée [write] -> Drive ECHOLINE/05-Sales/A-Prospects/IPAC FRANCE
[2026-07-09 17:10:50] [INFO] Traitement: /Drive ECHOLINE/05-Sales/A-Prospects/ISOVER/
[2026-07-09 17:10:50] [INFO] Copie: Drive ECHOLINE/05-Sales/A-Prospects/ISOVER
[2026-07-09 17:10:50] [SUCCESS] Dossier créé: Drive ECHOLINE/05-Sales/A-Prospects/ISOVER
[2026-07-09 17:10:51] [SUCCESS] Permission Entra appliquée [write] -> Drive ECHOLINE/05-Sales/A-Prospects/ISOVER
[2026-07-09 17:10:51] [SUCCESS] Permission Entra appliquée [write] -> Drive ECHOLINE/05-Sales/A-Prospects/ISOVER
[2026-07-09 17:10:51] [INFO] Traitement: /Drive ECHOLINE/05-Sales/A-Prospects/KARINE JEFF/
[2026-07-09 17:10:51] [INFO] Copie: Drive ECHOLINE/05-Sales/A-Prospects/KARINE JEFF
[2026-07-09 17:10:52] [SUCCESS] Dossier créé: Drive ECHOLINE/05-Sales/A-Prospects/KARINE JEFF
[2026-07-09 17:10:52] [SUCCESS] Permission Entra appliquée [write] -> Drive ECHOLINE/05-Sales/A-Prospects/KARINE JEFF
[2026-07-09 17:10:52] [SUCCESS] Permission Entra appliquée [write] -> Drive ECHOLINE/05-Sales/A-Prospects/KARINE JEFF
[2026-07-09 17:10:52] [INFO] Traitement: /Drive ECHOLINE/05-Sales/A-Prospects/KEM ONE/
[2026-07-09 17:10:52] [INFO] Copie: Drive ECHOLINE/05-Sales/A-Prospects/KEM ONE
[2026-07-09 17:10:53] [SUCCESS] Dossier créé: Drive ECHOLINE/05-Sales/A-Prospects/KEM ONE
[2026-07-09 17:10:53] [SUCCESS] Permission Entra appliquée [write] -> Drive ECHOLINE/05-Sales/A-Prospects/KEM ONE
[2026-07-09 17:10:54] [SUCCESS] Permission Entra appliquée [write] -> Drive ECHOLINE/05-Sales/A-Prospects/KEM ONE
[2026-07-09 17:10:54] [INFO] Traitement: /Drive ECHOLINE/05-Sales/A-Prospects/LDMI/
[2026-07-09 17:10:54] [INFO] Copie: Drive ECHOLINE/05-Sales/A-Prospects/LDMI
[2026-07-09 17:10:55] [SUCCESS] Dossier créé: Drive ECHOLINE/05-Sales/A-Prospects/LDMI
[2026-07-09 17:10:55] [SUCCESS] Permission Entra appliquée [write] -> Drive ECHOLINE/05-Sales/A-Prospects/LDMI
[2026-07-09 17:10:55] [SUCCESS] Permission Entra appliquée [write] -> Drive ECHOLINE/05-Sales/A-Prospects/LDMI
[2026-07-09 17:10:55] [INFO] Traitement: /Drive ECHOLINE/05-Sales/A-Prospects/LEZSAISONS/
[2026-07-09 17:10:55] [INFO] Copie: Drive ECHOLINE/05-Sales/A-Prospects/LEZSAISONS
[2026-07-09 17:10:56] [SUCCESS] Dossier créé: Drive ECHOLINE/05-Sales/A-Prospects/LEZSAISONS
[2026-07-09 17:10:56] [SUCCESS] Permission Entra appliquée [write] -> Drive ECHOLINE/05-Sales/A-Prospects/LEZSAISONS
[2026-07-09 17:10:56] [SUCCESS] Permission Entra appliquée [write] -> Drive ECHOLINE/05-Sales/A-Prospects/LEZSAISONS
[2026-07-09 17:10:56] [INFO] Traitement: /Drive ECHOLINE/05-Sales/A-Prospects/MADIC GROUP/
[2026-07-09 17:10:56] [INFO] Copie: Drive ECHOLINE/05-Sales/A-Prospects/MADIC GROUP
[2026-07-09 17:10:57] [SUCCESS] Dossier créé: Drive ECHOLINE/05-Sales/A-Prospects/MADIC GROUP
[2026-07-09 17:10:58] [SUCCESS] Permission Entra appliquée [write] -> Drive ECHOLINE/05-Sales/A-Prospects/MADIC GROUP
[2026-07-09 17:10:58] [SUCCESS] Permission Entra appliquée [write] -> Drive ECHOLINE/05-Sales/A-Prospects/MADIC GROUP
[2026-07-09 17:10:58] [INFO] Traitement: /Drive ECHOLINE/05-Sales/A-Prospects/MARSEILLE TOURISME/
[2026-07-09 17:10:58] [INFO] Copie: Drive ECHOLINE/05-Sales/A-Prospects/MARSEILLE TOURISME
[2026-07-09 17:10:59] [SUCCESS] Dossier créé: Drive ECHOLINE/05-Sales/A-Prospects/MARSEILLE TOURISME
[2026-07-09 17:10:59] [SUCCESS] Permission Entra appliquée [write] -> Drive ECHOLINE/05-Sales/A-Prospects/MARSEILLE TOURISME
[2026-07-09 17:10:59] [SUCCESS] Permission Entra appliquée [write] -> Drive ECHOLINE/05-Sales/A-Prospects/MARSEILLE TOURISME
[2026-07-09 17:10:59] [INFO] Traitement: /Drive ECHOLINE/05-Sales/A-Prospects/MATMOND/
[2026-07-09 17:10:59] [INFO] Copie: Drive ECHOLINE/05-Sales/A-Prospects/MATMOND
[2026-07-09 17:11:00] [SUCCESS] Dossier créé: Drive ECHOLINE/05-Sales/A-Prospects/MATMOND
[2026-07-09 17:11:01] [SUCCESS] Permission Entra appliquée [write] -> Drive ECHOLINE/05-Sales/A-Prospects/MATMOND
[2026-07-09 17:11:01] [SUCCESS] Permission Entra appliquée [write] -> Drive ECHOLINE/05-Sales/A-Prospects/MATMOND
[2026-07-09 17:11:01] [INFO] Traitement: /Drive ECHOLINE/05-Sales/A-Prospects/MEDINCELL/
[2026-07-09 17:11:01] [INFO] Copie: Drive ECHOLINE/05-Sales/A-Prospects/MEDINCELL
[2026-07-09 17:11:02] [SUCCESS] Dossier créé: Drive ECHOLINE/05-Sales/A-Prospects/MEDINCELL
[2026-07-09 17:11:02] [SUCCESS] Permission Entra appliquée [write] -> Drive ECHOLINE/05-Sales/A-Prospects/MEDINCELL
[2026-07-09 17:11:02] [SUCCESS] Permission Entra appliquée [write] -> Drive ECHOLINE/05-Sales/A-Prospects/MEDINCELL
[2026-07-09 17:11:02] [INFO] Traitement: /Drive ECHOLINE/05-Sales/A-Prospects/MOY PARK BEEF/
[2026-07-09 17:11:02] [INFO] Copie: Drive ECHOLINE/05-Sales/A-Prospects/MOY PARK BEEF
[2026-07-09 17:11:03] [SUCCESS] Dossier créé: Drive ECHOLINE/05-Sales/A-Prospects/MOY PARK BEEF
[2026-07-09 17:11:03] [SUCCESS] Permission Entra appliquée [write] -> Drive ECHOLINE/05-Sales/A-Prospects/MOY PARK BEEF
[2026-07-09 17:11:04] [SUCCESS] Permission Entra appliquée [write] -> Drive ECHOLINE/05-Sales/A-Prospects/MOY PARK BEEF
[2026-07-09 17:11:04] [INFO] Traitement: /Drive ECHOLINE/05-Sales/A-Prospects/NOCIBÉ/
[2026-07-09 17:11:04] [INFO] Copie: Drive ECHOLINE/05-Sales/A-Prospects/NOCIBÉ
[2026-07-09 17:11:05] [SUCCESS] Dossier créé: Drive ECHOLINE/05-Sales/A-Prospects/NOCIBÉ
[2026-07-09 17:11:05] [SUCCESS] Permission Entra appliquée [write] -> Drive ECHOLINE/05-Sales/A-Prospects/NOCIBÉ
[2026-07-09 17:11:05] [SUCCESS] Permission Entra appliquée [write] -> Drive ECHOLINE/05-Sales/A-Prospects/NOCIBÉ
[2026-07-09 17:11:05] [INFO] Traitement: /Drive ECHOLINE/05-Sales/A-Prospects/NORSKE SKOG/
[2026-07-09 17:11:05] [INFO] Copie: Drive ECHOLINE/05-Sales/A-Prospects/NORSKE SKOG
[2026-07-09 17:11:06] [SUCCESS] Dossier créé: Drive ECHOLINE/05-Sales/A-Prospects/NORSKE SKOG
[2026-07-09 17:11:06] [SUCCESS] Permission Entra appliquée [write] -> Drive ECHOLINE/05-Sales/A-Prospects/NORSKE SKOG
[2026-07-09 17:11:07] [SUCCESS] Permission Entra appliquée [write] -> Drive ECHOLINE/05-Sales/A-Prospects/NORSKE SKOG
[2026-07-09 17:11:07] [INFO] Traitement: /Drive ECHOLINE/05-Sales/A-Prospects/NUMTECH/
[2026-07-09 17:11:07] [INFO] Copie: Drive ECHOLINE/05-Sales/A-Prospects/NUMTECH
[2026-07-09 17:11:08] [SUCCESS] Dossier créé: Drive ECHOLINE/05-Sales/A-Prospects/NUMTECH
[2026-07-09 17:11:08] [SUCCESS] Permission Entra appliquée [write] -> Drive ECHOLINE/05-Sales/A-Prospects/NUMTECH
[2026-07-09 17:11:08] [SUCCESS] Permission Entra appliquée [write] -> Drive ECHOLINE/05-Sales/A-Prospects/NUMTECH
[2026-07-09 17:11:08] [INFO] Traitement: /Drive ECHOLINE/05-Sales/A-Prospects/OMNOVA SOLUTIONS/
[2026-07-09 17:11:08] [INFO] Copie: Drive ECHOLINE/05-Sales/A-Prospects/OMNOVA SOLUTIONS
[2026-07-09 17:11:09] [SUCCESS] Dossier créé: Drive ECHOLINE/05-Sales/A-Prospects/OMNOVA SOLUTIONS
[2026-07-09 17:11:09] [SUCCESS] Permission Entra appliquée [write] -> Drive ECHOLINE/05-Sales/A-Prospects/OMNOVA SOLUTIONS
[2026-07-09 17:11:09] [SUCCESS] Permission Entra appliquée [write] -> Drive ECHOLINE/05-Sales/A-Prospects/OMNOVA SOLUTIONS
[2026-07-09 17:11:09] [INFO] Traitement: /Drive ECHOLINE/05-Sales/A-Prospects/OPTIQUE RICHARD/
[2026-07-09 17:11:09] [INFO] Copie: Drive ECHOLINE/05-Sales/A-Prospects/OPTIQUE RICHARD
[2026-07-09 17:11:10] [SUCCESS] Dossier créé: Drive ECHOLINE/05-Sales/A-Prospects/OPTIQUE RICHARD
[2026-07-09 17:11:10] [SUCCESS] Permission Entra appliquée [write] -> Drive ECHOLINE/05-Sales/A-Prospects/OPTIQUE RICHARD
[2026-07-09 17:11:11] [SUCCESS] Permission Entra appliquée [write] -> Drive ECHOLINE/05-Sales/A-Prospects/OPTIQUE RICHARD
[2026-07-09 17:11:11] [INFO] Traitement: /Drive ECHOLINE/05-Sales/A-Prospects/PETROINEOS/
[2026-07-09 17:11:11] [INFO] Copie: Drive ECHOLINE/05-Sales/A-Prospects/PETROINEOS
[2026-07-09 17:11:11] [SUCCESS] Dossier créé: Drive ECHOLINE/05-Sales/A-Prospects/PETROINEOS
[2026-07-09 17:11:12] [SUCCESS] Permission Entra appliquée [write] -> Drive ECHOLINE/05-Sales/A-Prospects/PETROINEOS
[2026-07-09 17:11:12] [SUCCESS] Permission Entra appliquée [write] -> Drive ECHOLINE/05-Sales/A-Prospects/PETROINEOS
[2026-07-09 17:11:12] [INFO] Traitement: /Drive ECHOLINE/05-Sales/A-Prospects/PROVEPHARM/
[2026-07-09 17:11:12] [INFO] Copie: Drive ECHOLINE/05-Sales/A-Prospects/PROVEPHARM
[2026-07-09 17:11:13] [SUCCESS] Dossier créé: Drive ECHOLINE/05-Sales/A-Prospects/PROVEPHARM
[2026-07-09 17:11:13] [SUCCESS] Permission Entra appliquée [write] -> Drive ECHOLINE/05-Sales/A-Prospects/PROVEPHARM
[2026-07-09 17:11:13] [SUCCESS] Permission Entra appliquée [write] -> Drive ECHOLINE/05-Sales/A-Prospects/PROVEPHARM
[2026-07-09 17:11:13] [INFO] Traitement: /Drive ECHOLINE/05-Sales/A-Prospects/RÉGIE DES EAUX 3M/
[2026-07-09 17:11:13] [INFO] Copie: Drive ECHOLINE/05-Sales/A-Prospects/RÉGIE DES EAUX 3M
[2026-07-09 17:11:14] [SUCCESS] Dossier créé: Drive ECHOLINE/05-Sales/A-Prospects/RÉGIE DES EAUX 3M
[2026-07-09 17:11:15] [SUCCESS] Permission Entra appliquée [write] -> Drive ECHOLINE/05-Sales/A-Prospects/RÉGIE DES EAUX 3M
[2026-07-09 17:11:15] [SUCCESS] Permission Entra appliquée [write] -> Drive ECHOLINE/05-Sales/A-Prospects/RÉGIE DES EAUX 3M
[2026-07-09 17:11:15] [INFO] Traitement: /Drive ECHOLINE/05-Sales/A-Prospects/SITPA NESTLÉ/
[2026-07-09 17:11:15] [INFO] Copie: Drive ECHOLINE/05-Sales/A-Prospects/SITPA NESTLÉ
[2026-07-09 17:11:16] [SUCCESS] Dossier créé: Drive ECHOLINE/05-Sales/A-Prospects/SITPA NESTLÉ
[2026-07-09 17:11:16] [SUCCESS] Permission Entra appliquée [write] -> Drive ECHOLINE/05-Sales/A-Prospects/SITPA NESTLÉ
[2026-07-09 17:11:16] [SUCCESS] Permission Entra appliquée [write] -> Drive ECHOLINE/05-Sales/A-Prospects/SITPA NESTLÉ
[2026-07-09 17:11:16] [INFO] Traitement: /Drive ECHOLINE/05-Sales/A-Prospects/SKF/
[2026-07-09 17:11:16] [INFO] Copie: Drive ECHOLINE/05-Sales/A-Prospects/SKF
[2026-07-09 17:11:17] [SUCCESS] Dossier créé: Drive ECHOLINE/05-Sales/A-Prospects/SKF
[2026-07-09 17:11:18] [SUCCESS] Permission Entra appliquée [write] -> Drive ECHOLINE/05-Sales/A-Prospects/SKF
[2026-07-09 17:11:18] [SUCCESS] Permission Entra appliquée [write] -> Drive ECHOLINE/05-Sales/A-Prospects/SKF
[2026-07-09 17:11:18] [INFO] Traitement: /Drive ECHOLINE/05-Sales/A-Prospects/SOLARHONA/
[2026-07-09 17:11:18] [INFO] Copie: Drive ECHOLINE/05-Sales/A-Prospects/SOLARHONA
[2026-07-09 17:11:19] [SUCCESS] Dossier créé: Drive ECHOLINE/05-Sales/A-Prospects/SOLARHONA
[2026-07-09 17:11:19] [SUCCESS] Permission Entra appliquée [write] -> Drive ECHOLINE/05-Sales/A-Prospects/SOLARHONA
[2026-07-09 17:11:19] [SUCCESS] Permission Entra appliquée [write] -> Drive ECHOLINE/05-Sales/A-Prospects/SOLARHONA
[2026-07-09 17:11:19] [INFO] Traitement: /Drive ECHOLINE/05-Sales/A-Prospects/SPIRIT AEROSYSTEMS/
[2026-07-09 17:11:19] [INFO] Copie: Drive ECHOLINE/05-Sales/A-Prospects/SPIRIT AEROSYSTEMS
[2026-07-09 17:11:20] [SUCCESS] Dossier créé: Drive ECHOLINE/05-Sales/A-Prospects/SPIRIT AEROSYSTEMS
[2026-07-09 17:11:20] [SUCCESS] Permission Entra appliquée [write] -> Drive ECHOLINE/05-Sales/A-Prospects/SPIRIT AEROSYSTEMS
[2026-07-09 17:11:21] [SUCCESS] Permission Entra appliquée [write] -> Drive ECHOLINE/05-Sales/A-Prospects/SPIRIT AEROSYSTEMS
[2026-07-09 17:11:21] [INFO] Traitement: /Drive ECHOLINE/05-Sales/A-Prospects/SUEZ/
[2026-07-09 17:11:21] [INFO] Copie: Drive ECHOLINE/05-Sales/A-Prospects/SUEZ
[2026-07-09 17:11:22] [SUCCESS] Dossier créé: Drive ECHOLINE/05-Sales/A-Prospects/SUEZ
[2026-07-09 17:11:22] [SUCCESS] Permission Entra appliquée [write] -> Drive ECHOLINE/05-Sales/A-Prospects/SUEZ
[2026-07-09 17:11:22] [SUCCESS] Permission Entra appliquée [write] -> Drive ECHOLINE/05-Sales/A-Prospects/SUEZ
[2026-07-09 17:11:22] [INFO] Traitement: /Drive ECHOLINE/05-Sales/A-Prospects/SUPERGROUP/
[2026-07-09 17:11:22] [INFO] Copie: Drive ECHOLINE/05-Sales/A-Prospects/SUPERGROUP
[2026-07-09 17:11:23] [SUCCESS] Dossier créé: Drive ECHOLINE/05-Sales/A-Prospects/SUPERGROUP
[2026-07-09 17:11:23] [SUCCESS] Permission Entra appliquée [write] -> Drive ECHOLINE/05-Sales/A-Prospects/SUPERGROUP
[2026-07-09 17:11:24] [SUCCESS] Permission Entra appliquée [write] -> Drive ECHOLINE/05-Sales/A-Prospects/SUPERGROUP
[2026-07-09 17:11:24] [INFO] Traitement: /Drive ECHOLINE/05-Sales/A-Prospects/THIEVIN/
[2026-07-09 17:11:24] [INFO] Copie: Drive ECHOLINE/05-Sales/A-Prospects/THIEVIN
[2026-07-09 17:11:25] [SUCCESS] Dossier créé: Drive ECHOLINE/05-Sales/A-Prospects/THIEVIN
[2026-07-09 17:11:25] [SUCCESS] Permission Entra appliquée [write] -> Drive ECHOLINE/05-Sales/A-Prospects/THIEVIN
[2026-07-09 17:11:25] [SUCCESS] Permission Entra appliquée [write] -> Drive ECHOLINE/05-Sales/A-Prospects/THIEVIN
[2026-07-09 17:11:25] [INFO] Traitement: /Drive ECHOLINE/05-Sales/A-Prospects/TMP CONVERT/
[2026-07-09 17:11:25] [INFO] Copie: Drive ECHOLINE/05-Sales/A-Prospects/TMP CONVERT
[2026-07-09 17:11:26] [SUCCESS] Dossier créé: Drive ECHOLINE/05-Sales/A-Prospects/TMP CONVERT
[2026-07-09 17:11:26] [SUCCESS] Permission Entra appliquée [write] -> Drive ECHOLINE/05-Sales/A-Prospects/TMP CONVERT
[2026-07-09 17:11:27] [SUCCESS] Permission Entra appliquée [write] -> Drive ECHOLINE/05-Sales/A-Prospects/TMP CONVERT
[2026-07-09 17:11:27] [INFO] Traitement: /Drive ECHOLINE/05-Sales/A-Prospects/TOPIVO/
[2026-07-09 17:11:27] [INFO] Copie: Drive ECHOLINE/05-Sales/A-Prospects/TOPIVO
[2026-07-09 17:11:28] [SUCCESS] Dossier créé: Drive ECHOLINE/05-Sales/A-Prospects/TOPIVO
[2026-07-09 17:11:28] [SUCCESS] Permission Entra appliquée [write] -> Drive ECHOLINE/05-Sales/A-Prospects/TOPIVO
[2026-07-09 17:11:28] [SUCCESS] Permission Entra appliquée [write] -> Drive ECHOLINE/05-Sales/A-Prospects/TOPIVO
[2026-07-09 17:11:28] [INFO] Traitement: /Drive ECHOLINE/05-Sales/A-Prospects/URBYN/
[2026-07-09 17:11:28] [INFO] Copie: Drive ECHOLINE/05-Sales/A-Prospects/URBYN
[2026-07-09 17:11:29] [SUCCESS] Dossier créé: Drive ECHOLINE/05-Sales/A-Prospects/URBYN
[2026-07-09 17:11:29] [SUCCESS] Permission Entra appliquée [write] -> Drive ECHOLINE/05-Sales/A-Prospects/URBYN
[2026-07-09 17:11:29] [SUCCESS] Permission Entra appliquée [write] -> Drive ECHOLINE/05-Sales/A-Prospects/URBYN
[2026-07-09 17:11:29] [INFO] Traitement: /Drive ECHOLINE/05-Sales/A-Prospects/VETERNITY/
[2026-07-09 17:11:29] [INFO] Copie: Drive ECHOLINE/05-Sales/A-Prospects/VETERNITY
[2026-07-09 17:11:30] [SUCCESS] Dossier créé: Drive ECHOLINE/05-Sales/A-Prospects/VETERNITY
[2026-07-09 17:11:31] [SUCCESS] Permission Entra appliquée [write] -> Drive ECHOLINE/05-Sales/A-Prospects/VETERNITY
[2026-07-09 17:11:31] [SUCCESS] Permission Entra appliquée [write] -> Drive ECHOLINE/05-Sales/A-Prospects/VETERNITY
[2026-07-09 17:11:31] [INFO] Traitement: /Drive ECHOLINE/05-Sales/A-Prospects/VIATRIS MEDA MANUFACTURING/
[2026-07-09 17:11:31] [INFO] Copie: Drive ECHOLINE/05-Sales/A-Prospects/VIATRIS MEDA MANUFACTURING
[2026-07-09 17:11:32] [SUCCESS] Dossier créé: Drive ECHOLINE/05-Sales/A-Prospects/VIATRIS MEDA MANUFACTURING
[2026-07-09 17:11:32] [SUCCESS] Permission Entra appliquée [write] -> Drive ECHOLINE/05-Sales/A-Prospects/VIATRIS MEDA MANUFACTURING
[2026-07-09 17:11:32] [SUCCESS] Permission Entra appliquée [write] -> Drive ECHOLINE/05-Sales/A-Prospects/VIATRIS MEDA MANUFACTURING
[2026-07-09 17:11:32] [INFO] Traitement: /Drive ECHOLINE/05-Sales/A-Prospects/VINCI FACILITIES/
[2026-07-09 17:11:32] [INFO] Copie: Drive ECHOLINE/05-Sales/A-Prospects/VINCI FACILITIES
[2026-07-09 17:11:33] [SUCCESS] Dossier créé: Drive ECHOLINE/05-Sales/A-Prospects/VINCI FACILITIES
[2026-07-09 17:11:33] [SUCCESS] Permission Entra appliquée [write] -> Drive ECHOLINE/05-Sales/A-Prospects/VINCI FACILITIES
[2026-07-09 17:11:34] [SUCCESS] Permission Entra appliquée [write] -> Drive ECHOLINE/05-Sales/A-Prospects/VINCI FACILITIES
[2026-07-09 17:11:34] [INFO] Traitement: /Drive ECHOLINE/05-Sales/A-Prospects/YZEE/
[2026-07-09 17:11:34] [INFO] Copie: Drive ECHOLINE/05-Sales/A-Prospects/YZEE
[2026-07-09 17:11:35] [SUCCESS] Dossier créé: Drive ECHOLINE/05-Sales/A-Prospects/YZEE
[2026-07-09 17:11:35] [SUCCESS] Permission Entra appliquée [write] -> Drive ECHOLINE/05-Sales/A-Prospects/YZEE
[2026-07-09 17:11:35] [SUCCESS] Permission Entra appliquée [write] -> Drive ECHOLINE/05-Sales/A-Prospects/YZEE
[2026-07-09 17:11:35] [INFO] Traitement: /Drive ECHOLINE/05-Sales/B-Templates/
[2026-07-09 17:11:35] [INFO] Copie: Drive ECHOLINE/05-Sales/B-Templates
[2026-07-09 17:11:36] [SUCCESS] Dossier créé: Drive ECHOLINE/05-Sales/B-Templates
[2026-07-09 17:11:36] [SUCCESS] Permission Entra appliquée [write] -> Drive ECHOLINE/05-Sales/B-Templates
[2026-07-09 17:11:36] [SUCCESS] Permission Entra appliquée [write] -> Drive ECHOLINE/05-Sales/B-Templates
[2026-07-09 17:11:36] [INFO] Traitement: /Drive ECHOLINE/05-Sales/C-Automated_Quotes_Generation/
[2026-07-09 17:11:36] [INFO] Copie: Drive ECHOLINE/05-Sales/C-Automated_Quotes_Generation
[2026-07-09 17:11:37] [SUCCESS] Dossier créé: Drive ECHOLINE/05-Sales/C-Automated_Quotes_Generation
[2026-07-09 17:11:37] [SUCCESS] Permission Entra appliquée [write] -> Drive ECHOLINE/05-Sales/C-Automated_Quotes_Generation
[2026-07-09 17:11:37] [SUCCESS] Permission Entra appliquée [write] -> Drive ECHOLINE/05-Sales/C-Automated_Quotes_Generation
[2026-07-09 17:11:37] [INFO] Traitement: /Drive ECHOLINE/05-Sales/Communication Package/
[2026-07-09 17:11:37] [INFO] Copie: Drive ECHOLINE/05-Sales/Communication Package
[2026-07-09 17:11:38] [SUCCESS] Dossier créé: Drive ECHOLINE/05-Sales/Communication Package
[2026-07-09 17:11:38] [SUCCESS] Permission Entra appliquée [write] -> Drive ECHOLINE/05-Sales/Communication Package
[2026-07-09 17:11:39] [SUCCESS] Permission Entra appliquée [write] -> Drive ECHOLINE/05-Sales/Communication Package
[2026-07-09 17:11:39] [INFO] Traitement: /Drive ECHOLINE/05-Sales/Communication Package/ARTHUR/
[2026-07-09 17:11:39] [INFO] Copie: Drive ECHOLINE/05-Sales/Communication Package/ARTHUR
[2026-07-09 17:11:40] [SUCCESS] Dossier créé: Drive ECHOLINE/05-Sales/Communication Package/ARTHUR
[2026-07-09 17:11:40] [SUCCESS] Permission Entra appliquée [write] -> Drive ECHOLINE/05-Sales/Communication Package/ARTHUR
[2026-07-09 17:11:40] [SUCCESS] Permission Entra appliquée [write] -> Drive ECHOLINE/05-Sales/Communication Package/ARTHUR
[2026-07-09 17:11:40] [INFO] Traitement: /Drive ECHOLINE/05-Sales/Communication Package/AURELIEN/
[2026-07-09 17:11:40] [INFO] Copie: Drive ECHOLINE/05-Sales/Communication Package/AURELIEN
[2026-07-09 17:11:41] [SUCCESS] Dossier créé: Drive ECHOLINE/05-Sales/Communication Package/AURELIEN
[2026-07-09 17:11:41] [SUCCESS] Permission Entra appliquée [write] -> Drive ECHOLINE/05-Sales/Communication Package/AURELIEN
[2026-07-09 17:11:42] [SUCCESS] Permission Entra appliquée [write] -> Drive ECHOLINE/05-Sales/Communication Package/AURELIEN
[2026-07-09 17:11:42] [INFO] Traitement: /Drive ECHOLINE/05-Sales/Communication Package/CELIA/
[2026-07-09 17:11:42] [INFO] Copie: Drive ECHOLINE/05-Sales/Communication Package/CELIA
[2026-07-09 17:11:43] [SUCCESS] Dossier créé: Drive ECHOLINE/05-Sales/Communication Package/CELIA
[2026-07-09 17:11:43] [SUCCESS] Permission Entra appliquée [write] -> Drive ECHOLINE/05-Sales/Communication Package/CELIA
[2026-07-09 17:11:43] [SUCCESS] Permission Entra appliquée [write] -> Drive ECHOLINE/05-Sales/Communication Package/CELIA
[2026-07-09 17:11:43] [INFO] Traitement: /Drive ECHOLINE/05-Sales/Communication Package/CLOTHILDE/
[2026-07-09 17:11:43] [INFO] Copie: Drive ECHOLINE/05-Sales/Communication Package/CLOTHILDE
[2026-07-09 17:11:44] [SUCCESS] Dossier créé: Drive ECHOLINE/05-Sales/Communication Package/CLOTHILDE
[2026-07-09 17:11:44] [SUCCESS] Permission Entra appliquée [write] -> Drive ECHOLINE/05-Sales/Communication Package/CLOTHILDE
[2026-07-09 17:11:44] [SUCCESS] Permission Entra appliquée [write] -> Drive ECHOLINE/05-Sales/Communication Package/CLOTHILDE
[2026-07-09 17:11:44] [INFO] Traitement: /Drive ECHOLINE/05-Sales/Communication Package/GAYLORD/
[2026-07-09 17:11:44] [INFO] Copie: Drive ECHOLINE/05-Sales/Communication Package/GAYLORD
[2026-07-09 17:11:45] [SUCCESS] Dossier créé: Drive ECHOLINE/05-Sales/Communication Package/GAYLORD
[2026-07-09 17:11:45] [SUCCESS] Permission Entra appliquée [write] -> Drive ECHOLINE/05-Sales/Communication Package/GAYLORD
[2026-07-09 17:11:46] [SUCCESS] Permission Entra appliquée [write] -> Drive ECHOLINE/05-Sales/Communication Package/GAYLORD
[2026-07-09 17:11:46] [INFO] Traitement: /Drive ECHOLINE/05-Sales/Communication Package/JEREMY/
[2026-07-09 17:11:46] [INFO] Copie: Drive ECHOLINE/05-Sales/Communication Package/JEREMY
[2026-07-09 17:11:47] [SUCCESS] Dossier créé: Drive ECHOLINE/05-Sales/Communication Package/JEREMY
[2026-07-09 17:11:47] [SUCCESS] Permission Entra appliquée [write] -> Drive ECHOLINE/05-Sales/Communication Package/JEREMY
[2026-07-09 17:11:47] [SUCCESS] Permission Entra appliquée [write] -> Drive ECHOLINE/05-Sales/Communication Package/JEREMY
[2026-07-09 17:11:47] [INFO] Traitement: /Drive ECHOLINE/05-Sales/Communication Package/LAURA/
[2026-07-09 17:11:47] [INFO] Copie: Drive ECHOLINE/05-Sales/Communication Package/LAURA
[2026-07-09 17:11:48] [SUCCESS] Dossier créé: Drive ECHOLINE/05-Sales/Communication Package/LAURA
[2026-07-09 17:11:48] [SUCCESS] Permission Entra appliquée [write] -> Drive ECHOLINE/05-Sales/Communication Package/LAURA
[2026-07-09 17:11:48] [SUCCESS] Permission Entra appliquée [write] -> Drive ECHOLINE/05-Sales/Communication Package/LAURA
[2026-07-09 17:11:48] [INFO] Traitement: /Drive ECHOLINE/05-Sales/Communication Package/SOPHIE/
[2026-07-09 17:11:49] [INFO] Copie: Drive ECHOLINE/05-Sales/Communication Package/SOPHIE
[2026-07-09 17:11:49] [SUCCESS] Dossier créé: Drive ECHOLINE/05-Sales/Communication Package/SOPHIE
[2026-07-09 17:11:50] [SUCCESS] Permission Entra appliquée [write] -> Drive ECHOLINE/05-Sales/Communication Package/SOPHIE
[2026-07-09 17:11:50] [SUCCESS] Permission Entra appliquée [write] -> Drive ECHOLINE/05-Sales/Communication Package/SOPHIE
[2026-07-09 17:11:50] [INFO] Traitement: /Drive ECHOLINE/05-Sales/Communication Package/YANN/
[2026-07-09 17:11:50] [INFO] Copie: Drive ECHOLINE/05-Sales/Communication Package/YANN
[2026-07-09 17:11:51] [SUCCESS] Dossier créé: Drive ECHOLINE/05-Sales/Communication Package/YANN
[2026-07-09 17:11:51] [SUCCESS] Permission Entra appliquée [write] -> Drive ECHOLINE/05-Sales/Communication Package/YANN
[2026-07-09 17:11:51] [SUCCESS] Permission Entra appliquée [write] -> Drive ECHOLINE/05-Sales/Communication Package/YANN
[2026-07-09 17:11:51] [INFO] Traitement: /Drive ECHOLINE/05-Sales/ZZ-Archives/
[2026-07-09 17:11:51] [INFO] Copie: Drive ECHOLINE/05-Sales/ZZ-Archives
[2026-07-09 17:11:52] [SUCCESS] Dossier créé: Drive ECHOLINE/05-Sales/ZZ-Archives
[2026-07-09 17:11:52] [SUCCESS] Permission Entra appliquée [write] -> Drive ECHOLINE/05-Sales/ZZ-Archives
[2026-07-09 17:11:52] [SUCCESS] Permission Entra appliquée [write] -> Drive ECHOLINE/05-Sales/ZZ-Archives
[2026-07-09 17:11:52] [INFO] Traitement: /Drive ECHOLINE/06-Community/
[2026-07-09 17:11:52] [INFO] Copie: Drive ECHOLINE/06-Community
[2026-07-09 17:11:53] [SUCCESS] Dossier créé: Drive ECHOLINE/06-Community
[2026-07-09 17:11:53] [SUCCESS] Permission Entra appliquée [write] -> Drive ECHOLINE/06-Community
[2026-07-09 17:11:54] [SUCCESS] Permission Entra appliquée [write] -> Drive ECHOLINE/06-Community
[2026-07-09 17:11:54] [INFO] Traitement: /Drive ECHOLINE/06-Community/ADRAR FORMATION/
[2026-07-09 17:11:54] [INFO] Copie: Drive ECHOLINE/06-Community/ADRAR FORMATION
[2026-07-09 17:11:54] [SUCCESS] Dossier créé: Drive ECHOLINE/06-Community/ADRAR FORMATION
[2026-07-09 17:11:55] [SUCCESS] Permission Entra appliquée [write] -> Drive ECHOLINE/06-Community/ADRAR FORMATION
[2026-07-09 17:11:55] [SUCCESS] Permission Entra appliquée [write] -> Drive ECHOLINE/06-Community/ADRAR FORMATION
[2026-07-09 17:11:55] [INFO] Traitement: /Drive ECHOLINE/06-Community/CAE CONSEILS/
[2026-07-09 17:11:55] [INFO] Copie: Drive ECHOLINE/06-Community/CAE CONSEILS
[2026-07-09 17:11:56] [SUCCESS] Dossier créé: Drive ECHOLINE/06-Community/CAE CONSEILS
[2026-07-09 17:11:56] [SUCCESS] Permission Entra appliquée [write] -> Drive ECHOLINE/06-Community/CAE CONSEILS
[2026-07-09 17:11:56] [SUCCESS] Permission Entra appliquée [write] -> Drive ECHOLINE/06-Community/CAE CONSEILS
[2026-07-09 17:11:56] [INFO] Traitement: /Drive ECHOLINE/06-Community/CAE CONSEILS/Devis/
[2026-07-09 17:11:56] [INFO] Copie: Drive ECHOLINE/06-Community/CAE CONSEILS/Devis
[2026-07-09 17:11:57] [SUCCESS] Dossier créé: Drive ECHOLINE/06-Community/CAE CONSEILS/Devis
[2026-07-09 17:11:57] [SUCCESS] Permission Entra appliquée [write] -> Drive ECHOLINE/06-Community/CAE CONSEILS/Devis
[2026-07-09 17:11:57] [SUCCESS] Permission Entra appliquée [write] -> Drive ECHOLINE/06-Community/CAE CONSEILS/Devis
[2026-07-09 17:11:57] [INFO] Traitement: /Drive ECHOLINE/06-Community/CAE CONSEILS/Partenariat/
[2026-07-09 17:11:58] [INFO] Copie: Drive ECHOLINE/06-Community/CAE CONSEILS/Partenariat
[2026-07-09 17:11:58] [SUCCESS] Dossier créé: Drive ECHOLINE/06-Community/CAE CONSEILS/Partenariat
[2026-07-09 17:11:59] [SUCCESS] Permission Entra appliquée [write] -> Drive ECHOLINE/06-Community/CAE CONSEILS/Partenariat
[2026-07-09 17:11:59] [SUCCESS] Permission Entra appliquée [write] -> Drive ECHOLINE/06-Community/CAE CONSEILS/Partenariat
[2026-07-09 17:11:59] [INFO] Traitement: /Drive ECHOLINE/06-Community/FRANCE SI/
[2026-07-09 17:11:59] [INFO] Copie: Drive ECHOLINE/06-Community/FRANCE SI
[2026-07-09 17:12:00] [SUCCESS] Dossier créé: Drive ECHOLINE/06-Community/FRANCE SI
[2026-07-09 17:12:00] [SUCCESS] Permission Entra appliquée [write] -> Drive ECHOLINE/06-Community/FRANCE SI
[2026-07-09 17:12:00] [SUCCESS] Permission Entra appliquée [write] -> Drive ECHOLINE/06-Community/FRANCE SI
[2026-07-09 17:12:00] [INFO] Traitement: /Drive ECHOLINE/06-Community/GAMMA SOFTWARE/
[2026-07-09 17:12:00] [INFO] Copie: Drive ECHOLINE/06-Community/GAMMA SOFTWARE
[2026-07-09 17:12:01] [SUCCESS] Dossier créé: Drive ECHOLINE/06-Community/GAMMA SOFTWARE
[2026-07-09 17:12:01] [SUCCESS] Permission Entra appliquée [write] -> Drive ECHOLINE/06-Community/GAMMA SOFTWARE
[2026-07-09 17:12:02] [SUCCESS] Permission Entra appliquée [write] -> Drive ECHOLINE/06-Community/GAMMA SOFTWARE
[2026-07-09 17:12:02] [INFO] Traitement: /Drive ECHOLINE/06-Community/KNOWLLENCE/
[2026-07-09 17:12:02] [INFO] Copie: Drive ECHOLINE/06-Community/KNOWLLENCE
[2026-07-09 17:12:03] [SUCCESS] Dossier créé: Drive ECHOLINE/06-Community/KNOWLLENCE
[2026-07-09 17:12:03] [SUCCESS] Permission Entra appliquée [write] -> Drive ECHOLINE/06-Community/KNOWLLENCE
[2026-07-09 17:12:03] [SUCCESS] Permission Entra appliquée [write] -> Drive ECHOLINE/06-Community/KNOWLLENCE
[2026-07-09 17:12:03] [INFO] Traitement: /Drive ECHOLINE/06-Community/KNOWLLENCE/Contrat/
[2026-07-09 17:12:03] [INFO] Copie: Drive ECHOLINE/06-Community/KNOWLLENCE/Contrat
[2026-07-09 17:12:04] [SUCCESS] Dossier créé: Drive ECHOLINE/06-Community/KNOWLLENCE/Contrat
[2026-07-09 17:12:04] [SUCCESS] Permission Entra appliquée [write] -> Drive ECHOLINE/06-Community/KNOWLLENCE/Contrat
[2026-07-09 17:12:04] [SUCCESS] Permission Entra appliquée [write] -> Drive ECHOLINE/06-Community/KNOWLLENCE/Contrat
[2026-07-09 17:12:04] [INFO] Traitement: /Drive ECHOLINE/06-Community/LOOTIBOX/
[2026-07-09 17:12:04] [INFO] Copie: Drive ECHOLINE/06-Community/LOOTIBOX
[2026-07-09 17:12:05] [SUCCESS] Dossier créé: Drive ECHOLINE/06-Community/LOOTIBOX
[2026-07-09 17:12:05] [SUCCESS] Permission Entra appliquée [write] -> Drive ECHOLINE/06-Community/LOOTIBOX
[2026-07-09 17:12:06] [SUCCESS] Permission Entra appliquée [write] -> Drive ECHOLINE/06-Community/LOOTIBOX
[2026-07-09 17:12:06] [INFO] Traitement: /Drive ECHOLINE/06-Community/QUALIPRO/
[2026-07-09 17:12:06] [INFO] Copie: Drive ECHOLINE/06-Community/QUALIPRO
[2026-07-09 17:12:06] [SUCCESS] Dossier créé: Drive ECHOLINE/06-Community/QUALIPRO
[2026-07-09 17:12:07] [SUCCESS] Permission Entra appliquée [write] -> Drive ECHOLINE/06-Community/QUALIPRO
[2026-07-09 17:12:07] [SUCCESS] Permission Entra appliquée [write] -> Drive ECHOLINE/06-Community/QUALIPRO
[2026-07-09 17:12:07] [INFO] Traitement: /Drive ECHOLINE/06-Community/QUALIPRO/Contrat/
[2026-07-09 17:12:07] [INFO] Copie: Drive ECHOLINE/06-Community/QUALIPRO/Contrat
[2026-07-09 17:12:08] [SUCCESS] Dossier créé: Drive ECHOLINE/06-Community/QUALIPRO/Contrat
[2026-07-09 17:12:08] [SUCCESS] Permission Entra appliquée [write] -> Drive ECHOLINE/06-Community/QUALIPRO/Contrat
[2026-07-09 17:12:08] [SUCCESS] Permission Entra appliquée [write] -> Drive ECHOLINE/06-Community/QUALIPRO/Contrat
[2026-07-09 17:12:08] [INFO] Traitement: /Drive ECHOLINE/06-Community/TEEO/
[2026-07-09 17:12:08] [INFO] Copie: Drive ECHOLINE/06-Community/TEEO
[2026-07-09 17:12:09] [SUCCESS] Dossier créé: Drive ECHOLINE/06-Community/TEEO
[2026-07-09 17:12:09] [SUCCESS] Permission Entra appliquée [write] -> Drive ECHOLINE/06-Community/TEEO
[2026-07-09 17:12:09] [SUCCESS] Permission Entra appliquée [write] -> Drive ECHOLINE/06-Community/TEEO
[2026-07-09 17:12:09] [INFO] Traitement: /Drive ECHOLINE/06-Community/TEEO/Archive/
[2026-07-09 17:12:09] [INFO] Copie: Drive ECHOLINE/06-Community/TEEO/Archive
[2026-07-09 17:12:10] [SUCCESS] Dossier créé: Drive ECHOLINE/06-Community/TEEO/Archive
[2026-07-09 17:12:11] [SUCCESS] Permission Entra appliquée [write] -> Drive ECHOLINE/06-Community/TEEO/Archive
[2026-07-09 17:12:11] [SUCCESS] Permission Entra appliquée [write] -> Drive ECHOLINE/06-Community/TEEO/Archive
[2026-07-09 17:12:11] [INFO] Traitement: /Drive ECHOLINE/06-Community/TEEO/Partenariat/
[2026-07-09 17:12:11] [INFO] Copie: Drive ECHOLINE/06-Community/TEEO/Partenariat
[2026-07-09 17:12:12] [SUCCESS] Dossier créé: Drive ECHOLINE/06-Community/TEEO/Partenariat
[2026-07-09 17:12:12] [SUCCESS] Permission Entra appliquée [write] -> Drive ECHOLINE/06-Community/TEEO/Partenariat
[2026-07-09 17:12:12] [SUCCESS] Permission Entra appliquée [write] -> Drive ECHOLINE/06-Community/TEEO/Partenariat
[2026-07-09 17:12:12] [INFO] Traitement: /Drive ECHOLINE/07-Tech/
[2026-07-09 17:12:12] [INFO] Copie: Drive ECHOLINE/07-Tech
[2026-07-09 17:12:13] [SUCCESS] Dossier créé: Drive ECHOLINE/07-Tech
[2026-07-09 17:12:13] [SUCCESS] Permission Entra appliquée [write] -> Drive ECHOLINE/07-Tech
[2026-07-09 17:12:13] [SUCCESS] Permission Entra appliquée [write] -> Drive ECHOLINE/07-Tech
[2026-07-09 17:12:13] [INFO] Traitement: /Drive ECHOLINE/07-Tech/A-Product management/
[2026-07-09 17:12:13] [INFO] Copie: Drive ECHOLINE/07-Tech/A-Product management
[2026-07-09 17:12:14] [SUCCESS] Dossier créé: Drive ECHOLINE/07-Tech/A-Product management
[2026-07-09 17:12:14] [SUCCESS] Permission Entra appliquée [write] -> Drive ECHOLINE/07-Tech/A-Product management
[2026-07-09 17:12:15] [SUCCESS] Permission Entra appliquée [write] -> Drive ECHOLINE/07-Tech/A-Product management
[2026-07-09 17:12:15] [INFO] Traitement: /Drive ECHOLINE/07-Tech/A-Product management/ZZ-Archives/
[2026-07-09 17:12:15] [INFO] Copie: Drive ECHOLINE/07-Tech/A-Product management/ZZ-Archives
[2026-07-09 17:12:16] [SUCCESS] Dossier créé: Drive ECHOLINE/07-Tech/A-Product management/ZZ-Archives
[2026-07-09 17:12:17] [SUCCESS] Permission Entra appliquée [write] -> Drive ECHOLINE/07-Tech/A-Product management/ZZ-Archives
[2026-07-09 17:12:17] [SUCCESS] Permission Entra appliquée [write] -> Drive ECHOLINE/07-Tech/A-Product management/ZZ-Archives
[2026-07-09 17:12:17] [INFO] Traitement: /Drive ECHOLINE/07-Tech/B-Backup/
[2026-07-09 17:12:17] [INFO] Copie: Drive ECHOLINE/07-Tech/B-Backup
[2026-07-09 17:12:18] [SUCCESS] Dossier créé: Drive ECHOLINE/07-Tech/B-Backup
[2026-07-09 17:12:18] [SUCCESS] Permission Entra appliquée [write] -> Drive ECHOLINE/07-Tech/B-Backup
[2026-07-09 17:12:18] [SUCCESS] Permission Entra appliquée [write] -> Drive ECHOLINE/07-Tech/B-Backup
[2026-07-09 17:12:18] [INFO] Traitement: /Drive ECHOLINE/07-Tech/B-Backup/Alexandria/
[2026-07-09 17:12:18] [INFO] Copie: Drive ECHOLINE/07-Tech/B-Backup/Alexandria
[2026-07-09 17:12:19] [SUCCESS] Dossier créé: Drive ECHOLINE/07-Tech/B-Backup/Alexandria
[2026-07-09 17:12:19] [SUCCESS] Permission Entra appliquée [write] -> Drive ECHOLINE/07-Tech/B-Backup/Alexandria
[2026-07-09 17:12:19] [SUCCESS] Permission Entra appliquée [write] -> Drive ECHOLINE/07-Tech/B-Backup/Alexandria
[2026-07-09 17:12:19] [INFO] Traitement: /Drive ECHOLINE/07-Tech/B-Backup/Archives Gitlab/
[2026-07-09 17:12:19] [INFO] Copie: Drive ECHOLINE/07-Tech/B-Backup/Archives Gitlab
[2026-07-09 17:12:20] [SUCCESS] Dossier créé: Drive ECHOLINE/07-Tech/B-Backup/Archives Gitlab
[2026-07-09 17:12:21] [SUCCESS] Permission Entra appliquée [write] -> Drive ECHOLINE/07-Tech/B-Backup/Archives Gitlab
[2026-07-09 17:12:21] [SUCCESS] Permission Entra appliquée [write] -> Drive ECHOLINE/07-Tech/B-Backup/Archives Gitlab
[2026-07-09 17:12:21] [INFO] Traitement: /Drive ECHOLINE/07-Tech/B-Backup/BDD/
[2026-07-09 17:12:21] [INFO] Copie: Drive ECHOLINE/07-Tech/B-Backup/BDD
[2026-07-09 17:12:22] [SUCCESS] Dossier créé: Drive ECHOLINE/07-Tech/B-Backup/BDD
[2026-07-09 17:12:22] [SUCCESS] Permission Entra appliquée [write] -> Drive ECHOLINE/07-Tech/B-Backup/BDD
[2026-07-09 17:12:22] [SUCCESS] Permission Entra appliquée [write] -> Drive ECHOLINE/07-Tech/B-Backup/BDD
[2026-07-09 17:12:22] [INFO] Traitement: /Drive ECHOLINE/07-Tech/B-Backup/Infra/
[2026-07-09 17:12:22] [INFO] Copie: Drive ECHOLINE/07-Tech/B-Backup/Infra
[2026-07-09 17:12:23] [SUCCESS] Dossier créé: Drive ECHOLINE/07-Tech/B-Backup/Infra
[2026-07-09 17:12:23] [SUCCESS] Permission Entra appliquée [write] -> Drive ECHOLINE/07-Tech/B-Backup/Infra
[2026-07-09 17:12:24] [SUCCESS] Permission Entra appliquée [write] -> Drive ECHOLINE/07-Tech/B-Backup/Infra
[2026-07-09 17:12:24] [INFO] Traitement: /Drive ECHOLINE/07-Tech/B-Backup/Maquettes/
[2026-07-09 17:12:24] [INFO] Copie: Drive ECHOLINE/07-Tech/B-Backup/Maquettes
[2026-07-09 17:12:25] [SUCCESS] Dossier créé: Drive ECHOLINE/07-Tech/B-Backup/Maquettes
[2026-07-09 17:12:25] [SUCCESS] Permission Entra appliquée [write] -> Drive ECHOLINE/07-Tech/B-Backup/Maquettes
[2026-07-09 17:12:25] [SUCCESS] Permission Entra appliquée [write] -> Drive ECHOLINE/07-Tech/B-Backup/Maquettes
[2026-07-09 17:12:25] [INFO] Traitement: /Drive ECHOLINE/07-Tech/B-Backup/Pentest Q4 2022/
[2026-07-09 17:12:25] [INFO] Copie: Drive ECHOLINE/07-Tech/B-Backup/Pentest Q4 2022
[2026-07-09 17:12:26] [SUCCESS] Dossier créé: Drive ECHOLINE/07-Tech/B-Backup/Pentest Q4 2022
[2026-07-09 17:12:26] [SUCCESS] Permission Entra appliquée [write] -> Drive ECHOLINE/07-Tech/B-Backup/Pentest Q4 2022
[2026-07-09 17:12:27] [SUCCESS] Permission Entra appliquée [write] -> Drive ECHOLINE/07-Tech/B-Backup/Pentest Q4 2022
[2026-07-09 17:12:27] [INFO] Traitement: /Drive ECHOLINE/07-Tech/B-Backup/QSE/
[2026-07-09 17:12:27] [INFO] Copie: Drive ECHOLINE/07-Tech/B-Backup/QSE
[2026-07-09 17:12:28] [SUCCESS] Dossier créé: Drive ECHOLINE/07-Tech/B-Backup/QSE
[2026-07-09 17:12:28] [SUCCESS] Permission Entra appliquée [write] -> Drive ECHOLINE/07-Tech/B-Backup/QSE
[2026-07-09 17:12:28] [SUCCESS] Permission Entra appliquée [write] -> Drive ECHOLINE/07-Tech/B-Backup/QSE
[2026-07-09 17:12:28] [INFO] Traitement: /Drive ECHOLINE/07-Tech/B-Backup/RFP/
[2026-07-09 17:12:28] [INFO] Copie: Drive ECHOLINE/07-Tech/B-Backup/RFP
[2026-07-09 17:12:29] [SUCCESS] Dossier créé: Drive ECHOLINE/07-Tech/B-Backup/RFP
[2026-07-09 17:12:29] [SUCCESS] Permission Entra appliquée [write] -> Drive ECHOLINE/07-Tech/B-Backup/RFP
[2026-07-09 17:12:30] [SUCCESS] Permission Entra appliquée [write] -> Drive ECHOLINE/07-Tech/B-Backup/RFP
[2026-07-09 17:12:30] [INFO] Traitement: /Drive ECHOLINE/07-Tech/C-Cybersécurité/
[2026-07-09 17:12:30] [INFO] Copie: Drive ECHOLINE/07-Tech/C-Cybersécurité
[2026-07-09 17:12:31] [SUCCESS] Dossier créé: Drive ECHOLINE/07-Tech/C-Cybersécurité
[2026-07-09 17:12:31] [SUCCESS] Permission Entra appliquée [write] -> Drive ECHOLINE/07-Tech/C-Cybersécurité
[2026-07-09 17:12:31] [SUCCESS] Permission Entra appliquée [write] -> Drive ECHOLINE/07-Tech/C-Cybersécurité
[2026-07-09 17:12:31] [INFO] Traitement: /Drive ECHOLINE/07-Tech/C-Cybersécurité/2022/
[2026-07-09 17:12:31] [INFO] Copie: Drive ECHOLINE/07-Tech/C-Cybersécurité/2022
[2026-07-09 17:12:32] [SUCCESS] Dossier créé: Drive ECHOLINE/07-Tech/C-Cybersécurité/2022
[2026-07-09 17:12:32] [SUCCESS] Permission Entra appliquée [write] -> Drive ECHOLINE/07-Tech/C-Cybersécurité/2022
[2026-07-09 17:12:33] [SUCCESS] Permission Entra appliquée [write] -> Drive ECHOLINE/07-Tech/C-Cybersécurité/2022
[2026-07-09 17:12:33] [INFO] Traitement: /Drive ECHOLINE/07-Tech/OpenAI/
[2026-07-09 17:12:33] [INFO] Copie: Drive ECHOLINE/07-Tech/OpenAI
[2026-07-09 17:12:34] [SUCCESS] Dossier créé: Drive ECHOLINE/07-Tech/OpenAI
[2026-07-09 17:12:34] [SUCCESS] Permission Entra appliquée [write] -> Drive ECHOLINE/07-Tech/OpenAI
[2026-07-09 17:12:34] [SUCCESS] Permission Entra appliquée [write] -> Drive ECHOLINE/07-Tech/OpenAI
[2026-07-09 17:12:34] [INFO] Traitement: /Drive ECHOLINE/07-Tech/ZZ-Archives/
[2026-07-09 17:12:34] [INFO] Copie: Drive ECHOLINE/07-Tech/ZZ-Archives
[2026-07-09 17:12:35] [SUCCESS] Dossier créé: Drive ECHOLINE/07-Tech/ZZ-Archives
[2026-07-09 17:12:35] [SUCCESS] Permission Entra appliquée [write] -> Drive ECHOLINE/07-Tech/ZZ-Archives
[2026-07-09 17:12:35] [SUCCESS] Permission Entra appliquée [write] -> Drive ECHOLINE/07-Tech/ZZ-Archives
[2026-07-09 17:12:35] [INFO] Traitement: /Drive ECHOLINE/07-Tech/ZZ-Archives/Archives fonds LEGI - DILA/
[2026-07-09 17:12:35] [INFO] Copie: Drive ECHOLINE/07-Tech/ZZ-Archives/Archives fonds LEGI - DILA
[2026-07-09 17:12:36] [SUCCESS] Dossier créé: Drive ECHOLINE/07-Tech/ZZ-Archives/Archives fonds LEGI - DILA
[2026-07-09 17:12:36] [SUCCESS] Permission Entra appliquée [write] -> Drive ECHOLINE/07-Tech/ZZ-Archives/Archives fonds LEGI - DILA
[2026-07-09 17:12:37] [SUCCESS] Permission Entra appliquée [write] -> Drive ECHOLINE/07-Tech/ZZ-Archives/Archives fonds LEGI - DILA
[2026-07-09 17:12:37] [INFO] Traitement: /Drive ECHOLINE/08-Design/
[2026-07-09 17:12:37] [INFO] Copie: Drive ECHOLINE/08-Design
[2026-07-09 17:12:37] [SUCCESS] Dossier créé: Drive ECHOLINE/08-Design
[2026-07-09 17:12:37] [SUCCESS] Permission Entra appliquée [write] -> Drive ECHOLINE/08-Design
[2026-07-09 17:12:38] [SUCCESS] Permission Entra appliquée [write] -> Drive ECHOLINE/08-Design
[2026-07-09 17:12:38] [INFO] Traitement: /Drive ECHOLINE/08-Design/App ECHOLINE/
[2026-07-09 17:12:38] [INFO] Copie: Drive ECHOLINE/08-Design/App ECHOLINE
[2026-07-09 17:12:39] [SUCCESS] Dossier créé: Drive ECHOLINE/08-Design/App ECHOLINE
[2026-07-09 17:12:39] [SUCCESS] Permission Entra appliquée [write] -> Drive ECHOLINE/08-Design/App ECHOLINE
[2026-07-09 17:12:39] [SUCCESS] Permission Entra appliquée [write] -> Drive ECHOLINE/08-Design/App ECHOLINE
[2026-07-09 17:12:39] [INFO] Traitement: /Drive ECHOLINE/08-Design/ZZ-Archives/
[2026-07-09 17:12:39] [INFO] Copie: Drive ECHOLINE/08-Design/ZZ-Archives
[2026-07-09 17:12:40] [SUCCESS] Dossier créé: Drive ECHOLINE/08-Design/ZZ-Archives
[2026-07-09 17:12:40] [SUCCESS] Permission Entra appliquée [write] -> Drive ECHOLINE/08-Design/ZZ-Archives
[2026-07-09 17:12:40] [SUCCESS] Permission Entra appliquée [write] -> Drive ECHOLINE/08-Design/ZZ-Archives
[2026-07-09 17:12:40] [INFO] Traitement: /Drive ECHOLINE/09-QSE/
[2026-07-09 17:12:40] [INFO] Copie: Drive ECHOLINE/09-QSE
[2026-07-09 17:12:41] [SUCCESS] Dossier créé: Drive ECHOLINE/09-QSE
[2026-07-09 17:12:41] [SUCCESS] Permission Entra appliquée [write] -> Drive ECHOLINE/09-QSE
[2026-07-09 17:12:41] [SUCCESS] Permission Entra appliquée [write] -> Drive ECHOLINE/09-QSE
[2026-07-09 17:12:41] [INFO] Traitement: /Drive ECHOLINE/09-QSE/A-Analyse environnementale/
[2026-07-09 17:12:41] [INFO] Copie: Drive ECHOLINE/09-QSE/A-Analyse environnementale
[2026-07-09 17:12:42] [SUCCESS] Dossier créé: Drive ECHOLINE/09-QSE/A-Analyse environnementale
[2026-07-09 17:12:42] [SUCCESS] Permission Entra appliquée [write] -> Drive ECHOLINE/09-QSE/A-Analyse environnementale
[2026-07-09 17:12:43] [SUCCESS] Permission Entra appliquée [write] -> Drive ECHOLINE/09-QSE/A-Analyse environnementale
[2026-07-09 17:12:43] [INFO] Traitement: /Drive ECHOLINE/09-QSE/B-Bilan carbone/
[2026-07-09 17:12:43] [INFO] Copie: Drive ECHOLINE/09-QSE/B-Bilan carbone
[2026-07-09 17:12:43] [SUCCESS] Dossier créé: Drive ECHOLINE/09-QSE/B-Bilan carbone
[2026-07-09 17:12:44] [SUCCESS] Permission Entra appliquée [write] -> Drive ECHOLINE/09-QSE/B-Bilan carbone
[2026-07-09 17:12:44] [SUCCESS] Permission Entra appliquée [write] -> Drive ECHOLINE/09-QSE/B-Bilan carbone
[2026-07-09 17:12:44] [INFO] Traitement: /Drive ECHOLINE/09-QSE/C-Document unique/
[2026-07-09 17:12:44] [INFO] Copie: Drive ECHOLINE/09-QSE/C-Document unique
[2026-07-09 17:12:45] [SUCCESS] Dossier créé: Drive ECHOLINE/09-QSE/C-Document unique
[2026-07-09 17:12:45] [SUCCESS] Permission Entra appliquée [write] -> Drive ECHOLINE/09-QSE/C-Document unique
[2026-07-09 17:12:45] [SUCCESS] Permission Entra appliquée [write] -> Drive ECHOLINE/09-QSE/C-Document unique
[2026-07-09 17:12:45] [INFO] Traitement: /Drive ECHOLINE/09-QSE/ZZ-Archives/
[2026-07-09 17:12:45] [INFO] Copie: Drive ECHOLINE/09-QSE/ZZ-Archives
[2026-07-09 17:12:46] [SUCCESS] Dossier créé: Drive ECHOLINE/09-QSE/ZZ-Archives
[2026-07-09 17:12:46] [SUCCESS] Permission Entra appliquée [write] -> Drive ECHOLINE/09-QSE/ZZ-Archives
[2026-07-09 17:12:47] [SUCCESS] Permission Entra appliquée [write] -> Drive ECHOLINE/09-QSE/ZZ-Archives
[2026-07-09 17:12:47] [INFO] Traitement: /Drive ECHOLINE/10-Pilotage/
[2026-07-09 17:12:47] [INFO] Copie: Drive ECHOLINE/10-Pilotage
[2026-07-09 17:12:47] [SUCCESS] Dossier créé: Drive ECHOLINE/10-Pilotage
[2026-07-09 17:12:48] [SUCCESS] Permission Entra appliquée [write] -> Drive ECHOLINE/10-Pilotage
[2026-07-09 17:12:48] [SUCCESS] Permission Entra appliquée [write] -> Drive ECHOLINE/10-Pilotage
[2026-07-09 17:12:48] [INFO] Traitement: /Drive ECHOLINE/10-Pilotage/ZZ-Archives/
[2026-07-09 17:12:48] [INFO] Copie: Drive ECHOLINE/10-Pilotage/ZZ-Archives
[2026-07-09 17:12:49] [SUCCESS] Dossier créé: Drive ECHOLINE/10-Pilotage/ZZ-Archives
[2026-07-09 17:12:49] [SUCCESS] Permission Entra appliquée [write] -> Drive ECHOLINE/10-Pilotage/ZZ-Archives
[2026-07-09 17:12:49] [SUCCESS] Permission Entra appliquée [write] -> Drive ECHOLINE/10-Pilotage/ZZ-Archives
[2026-07-09 17:12:49] [INFO] Traitement: /Drive ECHOLINE/11-Admin/
[2026-07-09 17:12:49] [INFO] Copie: Drive ECHOLINE/11-Admin
[2026-07-09 17:12:50] [SUCCESS] Dossier créé: Drive ECHOLINE/11-Admin
[2026-07-09 17:12:50] [SUCCESS] Permission Entra appliquée [write] -> Drive ECHOLINE/11-Admin
[2026-07-09 17:12:51] [SUCCESS] Permission Entra appliquée [write] -> Drive ECHOLINE/11-Admin
[2026-07-09 17:12:51] [INFO] Traitement: /Drive ECHOLINE/11-Admin/Assurance/
[2026-07-09 17:12:51] [INFO] Copie: Drive ECHOLINE/11-Admin/Assurance
[2026-07-09 17:12:51] [SUCCESS] Dossier créé: Drive ECHOLINE/11-Admin/Assurance
[2026-07-09 17:12:52] [SUCCESS] Permission Entra appliquée [write] -> Drive ECHOLINE/11-Admin/Assurance
[2026-07-09 17:12:52] [SUCCESS] Permission Entra appliquée [write] -> Drive ECHOLINE/11-Admin/Assurance
[2026-07-09 17:12:52] [INFO] Traitement: /Drive ECHOLINE/11-Admin/Banque/
[2026-07-09 17:12:52] [INFO] Copie: Drive ECHOLINE/11-Admin/Banque
[2026-07-09 17:12:53] [SUCCESS] Dossier créé: Drive ECHOLINE/11-Admin/Banque
[2026-07-09 17:12:53] [SUCCESS] Permission Entra appliquée [write] -> Drive ECHOLINE/11-Admin/Banque
[2026-07-09 17:12:53] [SUCCESS] Permission Entra appliquée [write] -> Drive ECHOLINE/11-Admin/Banque
[2026-07-09 17:12:53] [INFO] Traitement: /Drive ECHOLINE/11-Admin/Comptabilité/
[2026-07-09 17:12:53] [INFO] Copie: Drive ECHOLINE/11-Admin/Comptabilité
[2026-07-09 17:12:54] [SUCCESS] Dossier créé: Drive ECHOLINE/11-Admin/Comptabilité
[2026-07-09 17:12:54] [SUCCESS] Permission Entra appliquée [write] -> Drive ECHOLINE/11-Admin/Comptabilité
[2026-07-09 17:12:54] [SUCCESS] Permission Entra appliquée [write] -> Drive ECHOLINE/11-Admin/Comptabilité
[2026-07-09 17:12:54] [INFO] Traitement: /Drive ECHOLINE/11-Admin/Domiciliation/
[2026-07-09 17:12:55] [INFO] Copie: Drive ECHOLINE/11-Admin/Domiciliation
[2026-07-09 17:12:55] [SUCCESS] Dossier créé: Drive ECHOLINE/11-Admin/Domiciliation
[2026-07-09 17:12:56] [SUCCESS] Permission Entra appliquée [write] -> Drive ECHOLINE/11-Admin/Domiciliation
[2026-07-09 17:12:56] [SUCCESS] Permission Entra appliquée [write] -> Drive ECHOLINE/11-Admin/Domiciliation
[2026-07-09 17:12:56] [INFO] Traitement: /Drive ECHOLINE/11-Admin/Kbis et statuts/
[2026-07-09 17:12:56] [INFO] Copie: Drive ECHOLINE/11-Admin/Kbis et statuts
[2026-07-09 17:12:57] [SUCCESS] Dossier créé: Drive ECHOLINE/11-Admin/Kbis et statuts
[2026-07-09 17:12:57] [SUCCESS] Permission Entra appliquée [write] -> Drive ECHOLINE/11-Admin/Kbis et statuts
[2026-07-09 17:12:57] [SUCCESS] Permission Entra appliquée [write] -> Drive ECHOLINE/11-Admin/Kbis et statuts
[2026-07-09 17:12:57] [INFO] Traitement: /Drive ECHOLINE/11-Admin/Marque/
[2026-07-09 17:12:57] [INFO] Copie: Drive ECHOLINE/11-Admin/Marque
[2026-07-09 17:12:58] [SUCCESS] Dossier créé: Drive ECHOLINE/11-Admin/Marque
[2026-07-09 17:12:58] [SUCCESS] Permission Entra appliquée [write] -> Drive ECHOLINE/11-Admin/Marque
[2026-07-09 17:12:58] [SUCCESS] Permission Entra appliquée [write] -> Drive ECHOLINE/11-Admin/Marque
[2026-07-09 17:12:58] [INFO] Traitement: /Drive ECHOLINE/11-Admin/RGPD/
[2026-07-09 17:12:58] [INFO] Copie: Drive ECHOLINE/11-Admin/RGPD
[2026-07-09 17:12:59] [SUCCESS] Dossier créé: Drive ECHOLINE/11-Admin/RGPD
[2026-07-09 17:12:59] [SUCCESS] Permission Entra appliquée [write] -> Drive ECHOLINE/11-Admin/RGPD
[2026-07-09 17:13:00] [SUCCESS] Permission Entra appliquée [write] -> Drive ECHOLINE/11-Admin/RGPD
[2026-07-09 17:13:00] [INFO] Traitement: /Drive ECHOLINE/11-Admin/Taxe d_apprentissage/
[2026-07-09 17:13:00] [INFO] Copie: Drive ECHOLINE/11-Admin/Taxe d_apprentissage
[2026-07-09 17:13:00] [SUCCESS] Dossier créé: Drive ECHOLINE/11-Admin/Taxe d_apprentissage
[2026-07-09 17:13:01] [SUCCESS] Permission Entra appliquée [write] -> Drive ECHOLINE/11-Admin/Taxe d_apprentissage
[2026-07-09 17:13:01] [SUCCESS] Permission Entra appliquée [write] -> Drive ECHOLINE/11-Admin/Taxe d_apprentissage
[2026-07-09 17:13:01] [INFO] Traitement: /Drive ECHOLINE/12-HR/
[2026-07-09 17:13:01] [INFO] Copie: Drive ECHOLINE/12-HR
[2026-07-09 17:13:02] [SUCCESS] Dossier créé: Drive ECHOLINE/12-HR
[2026-07-09 17:13:02] [SUCCESS] Permission Entra appliquée [write] -> Drive ECHOLINE/12-HR
[2026-07-09 17:13:03] [SUCCESS] Permission Entra appliquée [write] -> Drive ECHOLINE/12-HR
[2026-07-09 17:13:03] [INFO] Traitement: /Drive ECHOLINE/12-HR/Cabinet de paie/
[2026-07-09 17:13:03] [INFO] Copie: Drive ECHOLINE/12-HR/Cabinet de paie
[2026-07-09 17:13:03] [SUCCESS] Dossier créé: Drive ECHOLINE/12-HR/Cabinet de paie
[2026-07-09 17:13:04] [SUCCESS] Permission Entra appliquée [write] -> Drive ECHOLINE/12-HR/Cabinet de paie
[2026-07-09 17:13:04] [SUCCESS] Permission Entra appliquée [write] -> Drive ECHOLINE/12-HR/Cabinet de paie
[2026-07-09 17:13:04] [INFO] Traitement: /Drive ECHOLINE/12-HR/Cabinets de recrutement/
[2026-07-09 17:13:04] [INFO] Copie: Drive ECHOLINE/12-HR/Cabinets de recrutement
[2026-07-09 17:13:05] [SUCCESS] Dossier créé: Drive ECHOLINE/12-HR/Cabinets de recrutement
[2026-07-09 17:13:05] [SUCCESS] Permission Entra appliquée [write] -> Drive ECHOLINE/12-HR/Cabinets de recrutement
[2026-07-09 17:13:05] [SUCCESS] Permission Entra appliquée [write] -> Drive ECHOLINE/12-HR/Cabinets de recrutement
[2026-07-09 17:13:05] [INFO] Traitement: /Drive ECHOLINE/12-HR/États mensuels/
[2026-07-09 17:13:05] [INFO] Copie: Drive ECHOLINE/12-HR/États mensuels
[2026-07-09 17:13:06] [SUCCESS] Dossier créé: Drive ECHOLINE/12-HR/États mensuels
[2026-07-09 17:13:06] [SUCCESS] Permission Entra appliquée [write] -> Drive ECHOLINE/12-HR/États mensuels
[2026-07-09 17:13:07] [SUCCESS] Permission Entra appliquée [write] -> Drive ECHOLINE/12-HR/États mensuels
[2026-07-09 17:13:07] [INFO] Traitement: /Drive ECHOLINE/12-HR/Gestion des congés/
[2026-07-09 17:13:07] [INFO] Copie: Drive ECHOLINE/12-HR/Gestion des congés
[2026-07-09 17:13:07] [SUCCESS] Dossier créé: Drive ECHOLINE/12-HR/Gestion des congés
[2026-07-09 17:13:08] [SUCCESS] Permission Entra appliquée [write] -> Drive ECHOLINE/12-HR/Gestion des congés
[2026-07-09 17:13:08] [SUCCESS] Permission Entra appliquée [write] -> Drive ECHOLINE/12-HR/Gestion des congés
[2026-07-09 17:13:08] [INFO] Traitement: /Drive ECHOLINE/12-HR/Modèles/
[2026-07-09 17:13:08] [INFO] Copie: Drive ECHOLINE/12-HR/Modèles
[2026-07-09 17:13:09] [SUCCESS] Dossier créé: Drive ECHOLINE/12-HR/Modèles
[2026-07-09 17:13:09] [SUCCESS] Permission Entra appliquée [write] -> Drive ECHOLINE/12-HR/Modèles
[2026-07-09 17:13:10] [SUCCESS] Permission Entra appliquée [write] -> Drive ECHOLINE/12-HR/Modèles
[2026-07-09 17:13:10] [INFO] Traitement: /Drive ECHOLINE/12-HR/Mutuelle/
[2026-07-09 17:13:10] [INFO] Copie: Drive ECHOLINE/12-HR/Mutuelle
[2026-07-09 17:13:10] [SUCCESS] Dossier créé: Drive ECHOLINE/12-HR/Mutuelle
[2026-07-09 17:13:11] [SUCCESS] Permission Entra appliquée [write] -> Drive ECHOLINE/12-HR/Mutuelle
[2026-07-09 17:13:11] [SUCCESS] Permission Entra appliquée [write] -> Drive ECHOLINE/12-HR/Mutuelle
[2026-07-09 17:13:11] [INFO] Traitement: /Drive ECHOLINE/12-HR/OPCO/
[2026-07-09 17:13:11] [INFO] Copie: Drive ECHOLINE/12-HR/OPCO
[2026-07-09 17:13:11] [SUCCESS] Dossier créé: Drive ECHOLINE/12-HR/OPCO
[2026-07-09 17:13:12] [SUCCESS] Permission Entra appliquée [write] -> Drive ECHOLINE/12-HR/OPCO
[2026-07-09 17:13:12] [SUCCESS] Permission Entra appliquée [write] -> Drive ECHOLINE/12-HR/OPCO
[2026-07-09 17:13:12] [INFO] Traitement: /Drive ECHOLINE/12-HR/Salariés/
[2026-07-09 17:13:12] [INFO] Copie: Drive ECHOLINE/12-HR/Salariés
[2026-07-09 17:13:13] [SUCCESS] Dossier créé: Drive ECHOLINE/12-HR/Salariés
[2026-07-09 17:13:14] [SUCCESS] Permission Entra appliquée [write] -> Drive ECHOLINE/12-HR/Salariés
[2026-07-09 17:13:14] [SUCCESS] Permission Entra appliquée [write] -> Drive ECHOLINE/12-HR/Salariés
[2026-07-09 17:13:14] [INFO] Traitement: /Drive ECHOLINE/12-HR/Test technique/
[2026-07-09 17:13:14] [INFO] Copie: Drive ECHOLINE/12-HR/Test technique
[2026-07-09 17:13:15] [SUCCESS] Dossier créé: Drive ECHOLINE/12-HR/Test technique
[2026-07-09 17:13:15] [SUCCESS] Permission Entra appliquée [write] -> Drive ECHOLINE/12-HR/Test technique
[2026-07-09 17:13:15] [SUCCESS] Permission Entra appliquée [write] -> Drive ECHOLINE/12-HR/Test technique
[2026-07-09 17:13:15] [INFO] Traitement: /Drive ECHOLINE/12-HR/URSSAF/
[2026-07-09 17:13:15] [INFO] Copie: Drive ECHOLINE/12-HR/URSSAF
[2026-07-09 17:13:16] [SUCCESS] Dossier créé: Drive ECHOLINE/12-HR/URSSAF
[2026-07-09 17:13:16] [SUCCESS] Permission Entra appliquée [write] -> Drive ECHOLINE/12-HR/URSSAF
[2026-07-09 17:13:17] [SUCCESS] Permission Entra appliquée [write] -> Drive ECHOLINE/12-HR/URSSAF
[2026-07-09 17:13:17] [INFO] Traitement: /Drive ECHOLINE/13-Karnov Group/
[2026-07-09 17:13:17] [INFO] Copie: Drive ECHOLINE/13-Karnov Group
[2026-07-09 17:13:17] [SUCCESS] Dossier créé: Drive ECHOLINE/13-Karnov Group
[2026-07-09 17:13:17] [SUCCESS] Permission Entra appliquée [write] -> Drive ECHOLINE/13-Karnov Group
[2026-07-09 17:13:18] [SUCCESS] Permission Entra appliquée [write] -> Drive ECHOLINE/13-Karnov Group
[2026-07-09 17:13:18] [INFO] Traitement: /Drive ECHOLINE/13-Karnov Group/ComplyLaw-Evidencia/
[2026-07-09 17:13:18] [INFO] Copie: Drive ECHOLINE/13-Karnov Group/ComplyLaw-Evidencia
[2026-07-09 17:13:18] [SUCCESS] Dossier créé: Drive ECHOLINE/13-Karnov Group/ComplyLaw-Evidencia
[2026-07-09 17:13:19] [SUCCESS] Permission Entra appliquée [write] -> Drive ECHOLINE/13-Karnov Group/ComplyLaw-Evidencia
[2026-07-09 17:13:19] [SUCCESS] Permission Entra appliquée [write] -> Drive ECHOLINE/13-Karnov Group/ComplyLaw-Evidencia
[2026-07-09 17:13:19] [INFO] Traitement: /Drive ECHOLINE/14-Strategic Partners/
[2026-07-09 17:13:19] [INFO] Copie: Drive ECHOLINE/14-Strategic Partners
[2026-07-09 17:13:20] [SUCCESS] Dossier créé: Drive ECHOLINE/14-Strategic Partners
[2026-07-09 17:13:20] [SUCCESS] Permission Entra appliquée [write] -> Drive ECHOLINE/14-Strategic Partners
[2026-07-09 17:13:20] [SUCCESS] Permission Entra appliquée [write] -> Drive ECHOLINE/14-Strategic Partners
[2026-07-09 17:13:20] [INFO] Traitement: /Drive ECHOLINE/14-Strategic Partners/HSE Works (Polish partners)/
[2026-07-09 17:13:20] [INFO] Copie: Drive ECHOLINE/14-Strategic Partners/HSE Works (Polish partners)
[2026-07-09 17:13:21] [SUCCESS] Dossier créé: Drive ECHOLINE/14-Strategic Partners/HSE Works (Polish partners)
[2026-07-09 17:13:21] [SUCCESS] Permission Entra appliquée [write] -> Drive ECHOLINE/14-Strategic Partners/HSE Works (Polish partners)
[2026-07-09 17:13:21] [SUCCESS] Permission Entra appliquée [write] -> Drive ECHOLINE/14-Strategic Partners/HSE Works (Polish partners)
[2026-07-09 17:13:21] [INFO] Traitement: /Drive ECHOLINE/PB drive/
[2026-07-09 17:13:21] [INFO] Copie: Drive ECHOLINE/PB drive
[2026-07-09 17:13:22] [SUCCESS] Dossier créé: Drive ECHOLINE/PB drive
[2026-07-09 17:13:22] [SUCCESS] Permission Entra appliquée [write] -> Drive ECHOLINE/PB drive
[2026-07-09 17:13:22] [SUCCESS] Permission Entra appliquée [write] -> Drive ECHOLINE/PB drive
[2026-07-09 17:13:22] [INFO] Traitement: /Drive ECHOLINE/PB drive/00 - Archives/
[2026-07-09 17:13:23] [INFO] Copie: Drive ECHOLINE/PB drive/00 - Archives
[2026-07-09 17:13:23] [SUCCESS] Dossier créé: Drive ECHOLINE/PB drive/00 - Archives
[2026-07-09 17:13:24] [SUCCESS] Permission Entra appliquée [write] -> Drive ECHOLINE/PB drive/00 - Archives
[2026-07-09 17:13:24] [SUCCESS] Permission Entra appliquée [write] -> Drive ECHOLINE/PB drive/00 - Archives
[2026-07-09 17:13:24] [INFO] Traitement: /Drive ECHOLINE/PB drive/01 - Contrats/
[2026-07-09 17:13:24] [INFO] Copie: Drive ECHOLINE/PB drive/01 - Contrats
[2026-07-09 17:13:25] [SUCCESS] Dossier créé: Drive ECHOLINE/PB drive/01 - Contrats
[2026-07-09 17:13:25] [SUCCESS] Permission Entra appliquée [write] -> Drive ECHOLINE/PB drive/01 - Contrats
[2026-07-09 17:13:25] [SUCCESS] Permission Entra appliquée [write] -> Drive ECHOLINE/PB drive/01 - Contrats
[2026-07-09 17:13:25] [INFO] Traitement: /Drive ECHOLINE/PB drive/01-Contrats & devis/
[2026-07-09 17:13:25] [INFO] Copie: Drive ECHOLINE/PB drive/01-Contrats & devis
[2026-07-09 17:13:26] [SUCCESS] Dossier créé: Drive ECHOLINE/PB drive/01-Contrats & devis
[2026-07-09 17:13:26] [SUCCESS] Permission Entra appliquée [write] -> Drive ECHOLINE/PB drive/01-Contrats & devis
[2026-07-09 17:13:26] [SUCCESS] Permission Entra appliquée [write] -> Drive ECHOLINE/PB drive/01-Contrats & devis
[2026-07-09 17:13:26] [INFO] Traitement: /Drive ECHOLINE/PB drive/02 - Procédures et modèles/
[2026-07-09 17:13:26] [INFO] Copie: Drive ECHOLINE/PB drive/02 - Procédures et modèles
[2026-07-09 17:13:27] [SUCCESS] Dossier créé: Drive ECHOLINE/PB drive/02 - Procédures et modèles
[2026-07-09 17:13:27] [SUCCESS] Permission Entra appliquée [write] -> Drive ECHOLINE/PB drive/02 - Procédures et modèles
[2026-07-09 17:13:28] [SUCCESS] Permission Entra appliquée [write] -> Drive ECHOLINE/PB drive/02 - Procédures et modèles
[2026-07-09 17:13:28] [INFO] Traitement: /Drive ECHOLINE/PB drive/03 - Doc. opérationnelle - Veille/
[2026-07-09 17:13:28] [INFO] Copie: Drive ECHOLINE/PB drive/03 - Doc. opérationnelle - Veille
[2026-07-09 17:13:29] [SUCCESS] Dossier créé: Drive ECHOLINE/PB drive/03 - Doc. opérationnelle - Veille
[2026-07-09 17:13:29] [SUCCESS] Permission Entra appliquée [write] -> Drive ECHOLINE/PB drive/03 - Doc. opérationnelle - Veille
[2026-07-09 17:13:29] [SUCCESS] Permission Entra appliquée [write] -> Drive ECHOLINE/PB drive/03 - Doc. opérationnelle - Veille
[2026-07-09 17:13:29] [INFO] Traitement: /Drive ECHOLINE/PB drive/04 - Administratif/
[2026-07-09 17:13:29] [INFO] Copie: Drive ECHOLINE/PB drive/04 - Administratif
[2026-07-09 17:13:30] [SUCCESS] Dossier créé: Drive ECHOLINE/PB drive/04 - Administratif
[2026-07-09 17:13:30] [SUCCESS] Permission Entra appliquée [write] -> Drive ECHOLINE/PB drive/04 - Administratif
[2026-07-09 17:13:30] [SUCCESS] Permission Entra appliquée [write] -> Drive ECHOLINE/PB drive/04 - Administratif
[2026-07-09 17:13:30] [INFO] Traitement: /Drive ECHOLINE/PB drive/06-Check-List contrôle/
[2026-07-09 17:13:30] [INFO] Copie: Drive ECHOLINE/PB drive/06-Check-List contrôle
[2026-07-09 17:13:31] [SUCCESS] Dossier créé: Drive ECHOLINE/PB drive/06-Check-List contrôle
[2026-07-09 17:13:31] [SUCCESS] Permission Entra appliquée [write] -> Drive ECHOLINE/PB drive/06-Check-List contrôle
[2026-07-09 17:13:32] [SUCCESS] Permission Entra appliquée [write] -> Drive ECHOLINE/PB drive/06-Check-List contrôle
[2026-07-09 17:13:32] [INFO] Traitement: /Drive ECHOLINE/PB drive/1- Tableaux de veille/
[2026-07-09 17:13:32] [INFO] Copie: Drive ECHOLINE/PB drive/1- Tableaux de veille
[2026-07-09 17:13:32] [SUCCESS] Dossier créé: Drive ECHOLINE/PB drive/1- Tableaux de veille
[2026-07-09 17:13:33] [SUCCESS] Permission Entra appliquée [write] -> Drive ECHOLINE/PB drive/1- Tableaux de veille
[2026-07-09 17:13:33] [SUCCESS] Permission Entra appliquée [write] -> Drive ECHOLINE/PB drive/1- Tableaux de veille
[2026-07-09 17:13:33] [INFO] Traitement: /Drive ECHOLINE/PB drive/3 - Archives Lettre d'information/
[2026-07-09 17:13:33] [INFO] Copie: Drive ECHOLINE/PB drive/3 - Archives Lettre d'information
[2026-07-09 17:13:34] [SUCCESS] Dossier créé: Drive ECHOLINE/PB drive/3 - Archives Lettre d'information
[2026-07-09 17:13:34] [SUCCESS] Permission Entra appliquée [write] -> Drive ECHOLINE/PB drive/3 - Archives Lettre d'information
[2026-07-09 17:13:34] [SUCCESS] Permission Entra appliquée [write] -> Drive ECHOLINE/PB drive/3 - Archives Lettre d'information
[2026-07-09 17:13:34] [INFO] Traitement: /Drive ECHOLINE/PB drive/4- Documentation juridique/
[2026-07-09 17:13:34] [INFO] Copie: Drive ECHOLINE/PB drive/4- Documentation juridique
[2026-07-09 17:13:35] [SUCCESS] Dossier créé: Drive ECHOLINE/PB drive/4- Documentation juridique
[2026-07-09 17:13:35] [SUCCESS] Permission Entra appliquée [write] -> Drive ECHOLINE/PB drive/4- Documentation juridique
[2026-07-09 17:13:35] [SUCCESS] Permission Entra appliquée [write] -> Drive ECHOLINE/PB drive/4- Documentation juridique
[2026-07-09 17:13:35] [INFO] Traitement: /Drive ECHOLINE/PB drive/5- Manuel utilisateurs/
[2026-07-09 17:13:35] [INFO] Copie: Drive ECHOLINE/PB drive/5- Manuel utilisateurs
[2026-07-09 17:13:36] [SUCCESS] Dossier créé: Drive ECHOLINE/PB drive/5- Manuel utilisateurs
[2026-07-09 17:13:36] [SUCCESS] Permission Entra appliquée [write] -> Drive ECHOLINE/PB drive/5- Manuel utilisateurs
[2026-07-09 17:13:37] [SUCCESS] Permission Entra appliquée [write] -> Drive ECHOLINE/PB drive/5- Manuel utilisateurs
[2026-07-09 17:13:37] [INFO] Traitement: /Drive ECHOLINE/PB drive/6- Fiches thématiques/
[2026-07-09 17:13:37] [INFO] Copie: Drive ECHOLINE/PB drive/6- Fiches thématiques
[2026-07-09 17:13:38] [SUCCESS] Dossier créé: Drive ECHOLINE/PB drive/6- Fiches thématiques
[2026-07-09 17:13:38] [SUCCESS] Permission Entra appliquée [write] -> Drive ECHOLINE/PB drive/6- Fiches thématiques
[2026-07-09 17:13:38] [SUCCESS] Permission Entra appliquée [write] -> Drive ECHOLINE/PB drive/6- Fiches thématiques
[2026-07-09 17:13:38] [INFO] Traitement: /Drive ECHOLINE/PB drive/ARCHIVES/
[2026-07-09 17:13:38] [INFO] Copie: Drive ECHOLINE/PB drive/ARCHIVES
[2026-07-09 17:13:39] [SUCCESS] Dossier créé: Drive ECHOLINE/PB drive/ARCHIVES
[2026-07-09 17:13:39] [SUCCESS] Permission Entra appliquée [write] -> Drive ECHOLINE/PB drive/ARCHIVES
[2026-07-09 17:13:39] [SUCCESS] Permission Entra appliquée [write] -> Drive ECHOLINE/PB drive/ARCHIVES
[2026-07-09 17:13:39] [INFO] Traitement: /Drive ECHOLINE/PB drive/ARTE/
[2026-07-09 17:13:39] [INFO] Copie: Drive ECHOLINE/PB drive/ARTE
[2026-07-09 17:13:40] [SUCCESS] Dossier créé: Drive ECHOLINE/PB drive/ARTE
[2026-07-09 17:13:40] [SUCCESS] Permission Entra appliquée [write] -> Drive ECHOLINE/PB drive/ARTE
[2026-07-09 17:13:41] [SUCCESS] Permission Entra appliquée [write] -> Drive ECHOLINE/PB drive/ARTE
[2026-07-09 17:13:41] [INFO] Traitement: /Drive ECHOLINE/PB drive/BATISANTE SUD (AZURTECH)/
[2026-07-09 17:13:41] [INFO] Copie: Drive ECHOLINE/PB drive/BATISANTE SUD (AZURTECH)
[2026-07-09 17:13:41] [SUCCESS] Dossier créé: Drive ECHOLINE/PB drive/BATISANTE SUD (AZURTECH)
[2026-07-09 17:13:42] [SUCCESS] Permission Entra appliquée [write] -> Drive ECHOLINE/PB drive/BATISANTE SUD (AZURTECH)
[2026-07-09 17:13:42] [SUCCESS] Permission Entra appliquée [write] -> Drive ECHOLINE/PB drive/BATISANTE SUD (AZURTECH)
[2026-07-09 17:13:42] [INFO] Traitement: /Drive ECHOLINE/PB drive/BIOCOOP/
[2026-07-09 17:13:42] [INFO] Copie: Drive ECHOLINE/PB drive/BIOCOOP
[2026-07-09 17:13:42] [SUCCESS] Dossier créé: Drive ECHOLINE/PB drive/BIOCOOP
[2026-07-09 17:13:43] [SUCCESS] Permission Entra appliquée [write] -> Drive ECHOLINE/PB drive/BIOCOOP
[2026-07-09 17:13:43] [SUCCESS] Permission Entra appliquée [write] -> Drive ECHOLINE/PB drive/BIOCOOP
[2026-07-09 17:13:43] [INFO] Traitement: /Drive ECHOLINE/PB drive/Bioline - Livron sur Drôme/
[2026-07-09 17:13:43] [INFO] Copie: Drive ECHOLINE/PB drive/Bioline - Livron sur Drôme
[2026-07-09 17:13:44] [SUCCESS] Dossier créé: Drive ECHOLINE/PB drive/Bioline - Livron sur Drôme
[2026-07-09 17:13:44] [SUCCESS] Permission Entra appliquée [write] -> Drive ECHOLINE/PB drive/Bioline - Livron sur Drôme
[2026-07-09 17:13:44] [SUCCESS] Permission Entra appliquée [write] -> Drive ECHOLINE/PB drive/Bioline - Livron sur Drôme
[2026-07-09 17:13:44] [INFO] Traitement: /Drive ECHOLINE/PB drive/CAE CONSEILS - SOFIDEL/
[2026-07-09 17:13:44] [INFO] Copie: Drive ECHOLINE/PB drive/CAE CONSEILS - SOFIDEL
[2026-07-09 17:13:45] [SUCCESS] Dossier créé: Drive ECHOLINE/PB drive/CAE CONSEILS - SOFIDEL
[2026-07-09 17:13:45] [SUCCESS] Permission Entra appliquée [write] -> Drive ECHOLINE/PB drive/CAE CONSEILS - SOFIDEL
[2026-07-09 17:13:46] [SUCCESS] Permission Entra appliquée [write] -> Drive ECHOLINE/PB drive/CAE CONSEILS - SOFIDEL
[2026-07-09 17:13:46] [INFO] Traitement: /Drive ECHOLINE/PB drive/CARTIER/
[2026-07-09 17:13:46] [INFO] Copie: Drive ECHOLINE/PB drive/CARTIER
[2026-07-09 17:13:46] [SUCCESS] Dossier créé: Drive ECHOLINE/PB drive/CARTIER
[2026-07-09 17:13:47] [SUCCESS] Permission Entra appliquée [write] -> Drive ECHOLINE/PB drive/CARTIER
[2026-07-09 17:13:47] [SUCCESS] Permission Entra appliquée [write] -> Drive ECHOLINE/PB drive/CARTIER
[2026-07-09 17:13:47] [INFO] Traitement: /Drive ECHOLINE/PB drive/CL/
[2026-07-09 17:13:47] [INFO] Copie: Drive ECHOLINE/PB drive/CL
[2026-07-09 17:13:48] [SUCCESS] Dossier créé: Drive ECHOLINE/PB drive/CL
[2026-07-09 17:13:48] [SUCCESS] Permission Entra appliquée [write] -> Drive ECHOLINE/PB drive/CL
[2026-07-09 17:13:48] [SUCCESS] Permission Entra appliquée [write] -> Drive ECHOLINE/PB drive/CL
[2026-07-09 17:13:48] [INFO] Traitement: /Drive ECHOLINE/PB drive/CLAIREFONTAINE/
[2026-07-09 17:13:48] [INFO] Copie: Drive ECHOLINE/PB drive/CLAIREFONTAINE
[2026-07-09 17:13:49] [SUCCESS] Dossier créé: Drive ECHOLINE/PB drive/CLAIREFONTAINE
[2026-07-09 17:13:49] [SUCCESS] Permission Entra appliquée [write] -> Drive ECHOLINE/PB drive/CLAIREFONTAINE
[2026-07-09 17:13:49] [SUCCESS] Permission Entra appliquée [write] -> Drive ECHOLINE/PB drive/CLAIREFONTAINE
[2026-07-09 17:13:49] [INFO] Traitement: /Drive ECHOLINE/PB drive/Contrats purement RH/
[2026-07-09 17:13:49] [INFO] Copie: Drive ECHOLINE/PB drive/Contrats purement RH
[2026-07-09 17:13:50] [SUCCESS] Dossier créé: Drive ECHOLINE/PB drive/Contrats purement RH
[2026-07-09 17:13:50] [SUCCESS] Permission Entra appliquée [write] -> Drive ECHOLINE/PB drive/Contrats purement RH
[2026-07-09 17:13:50] [SUCCESS] Permission Entra appliquée [write] -> Drive ECHOLINE/PB drive/Contrats purement RH
[2026-07-09 17:13:50] [INFO] Traitement: /Drive ECHOLINE/PB drive/CR point initial (1)/
[2026-07-09 17:13:51] [INFO] Copie: Drive ECHOLINE/PB drive/CR point initial (1)
[2026-07-09 17:13:51] [SUCCESS] Dossier créé: Drive ECHOLINE/PB drive/CR point initial (1)
[2026-07-09 17:13:52] [SUCCESS] Permission Entra appliquée [write] -> Drive ECHOLINE/PB drive/CR point initial (1)
[2026-07-09 17:13:52] [SUCCESS] Permission Entra appliquée [write] -> Drive ECHOLINE/PB drive/CR point initial (1)
[2026-07-09 17:13:52] [INFO] Traitement: /Drive ECHOLINE/PB drive/CR point initial/
[2026-07-09 17:13:52] [INFO] Copie: Drive ECHOLINE/PB drive/CR point initial
[2026-07-09 17:13:52] [SUCCESS] Dossier créé: Drive ECHOLINE/PB drive/CR point initial
[2026-07-09 17:13:53] [SUCCESS] Permission Entra appliquée [write] -> Drive ECHOLINE/PB drive/CR point initial
[2026-07-09 17:13:53] [SUCCESS] Permission Entra appliquée [write] -> Drive ECHOLINE/PB drive/CR point initial
[2026-07-09 17:13:53] [INFO] Traitement: /Drive ECHOLINE/PB drive/DERICHEBOURG ATIS/
[2026-07-09 17:13:53] [INFO] Copie: Drive ECHOLINE/PB drive/DERICHEBOURG ATIS
[2026-07-09 17:13:54] [SUCCESS] Dossier créé: Drive ECHOLINE/PB drive/DERICHEBOURG ATIS
[2026-07-09 17:13:54] [SUCCESS] Permission Entra appliquée [write] -> Drive ECHOLINE/PB drive/DERICHEBOURG ATIS
[2026-07-09 17:13:54] [SUCCESS] Permission Entra appliquée [write] -> Drive ECHOLINE/PB drive/DERICHEBOURG ATIS
[2026-07-09 17:13:54] [INFO] Traitement: /Drive ECHOLINE/PB drive/DIOR/
[2026-07-09 17:13:54] [INFO] Copie: Drive ECHOLINE/PB drive/DIOR
[2026-07-09 17:13:55] [SUCCESS] Dossier créé: Drive ECHOLINE/PB drive/DIOR
[2026-07-09 17:13:55] [SUCCESS] Permission Entra appliquée [write] -> Drive ECHOLINE/PB drive/DIOR
[2026-07-09 17:13:55] [SUCCESS] Permission Entra appliquée [write] -> Drive ECHOLINE/PB drive/DIOR
[2026-07-09 17:13:55] [INFO] Traitement: /Drive ECHOLINE/PB drive/Doc veille internationale/
[2026-07-09 17:13:56] [INFO] Copie: Drive ECHOLINE/PB drive/Doc veille internationale
[2026-07-09 17:13:56] [SUCCESS] Dossier créé: Drive ECHOLINE/PB drive/Doc veille internationale
[2026-07-09 17:13:56] [SUCCESS] Permission Entra appliquée [write] -> Drive ECHOLINE/PB drive/Doc veille internationale
[2026-07-09 17:13:57] [SUCCESS] Permission Entra appliquée [write] -> Drive ECHOLINE/PB drive/Doc veille internationale
[2026-07-09 17:13:57] [INFO] Traitement: /Drive ECHOLINE/PB drive/ENI FRANCE/
[2026-07-09 17:13:57] [INFO] Copie: Drive ECHOLINE/PB drive/ENI FRANCE
[2026-07-09 17:13:57] [SUCCESS] Dossier créé: Drive ECHOLINE/PB drive/ENI FRANCE
[2026-07-09 17:13:58] [SUCCESS] Permission Entra appliquée [write] -> Drive ECHOLINE/PB drive/ENI FRANCE
[2026-07-09 17:13:58] [SUCCESS] Permission Entra appliquée [write] -> Drive ECHOLINE/PB drive/ENI FRANCE
[2026-07-09 17:13:58] [INFO] Traitement: /Drive ECHOLINE/PB drive/Exemples news extérieures/
[2026-07-09 17:13:58] [INFO] Copie: Drive ECHOLINE/PB drive/Exemples news extérieures
[2026-07-09 17:13:59] [SUCCESS] Dossier créé: Drive ECHOLINE/PB drive/Exemples news extérieures
[2026-07-09 17:13:59] [SUCCESS] Permission Entra appliquée [write] -> Drive ECHOLINE/PB drive/Exemples news extérieures
[2026-07-09 17:13:59] [SUCCESS] Permission Entra appliquée [write] -> Drive ECHOLINE/PB drive/Exemples news extérieures
[2026-07-09 17:13:59] [INFO] Traitement: /Drive ECHOLINE/PB drive/Export txts avant report SONATA/
[2026-07-09 17:13:59] [INFO] Copie: Drive ECHOLINE/PB drive/Export txts avant report SONATA
[2026-07-09 17:14:00] [SUCCESS] Dossier créé: Drive ECHOLINE/PB drive/Export txts avant report SONATA
[2026-07-09 17:14:00] [SUCCESS] Permission Entra appliquée [write] -> Drive ECHOLINE/PB drive/Export txts avant report SONATA
[2026-07-09 17:14:01] [SUCCESS] Permission Entra appliquée [write] -> Drive ECHOLINE/PB drive/Export txts avant report SONATA
[2026-07-09 17:14:01] [INFO] Traitement: /Drive ECHOLINE/PB drive/Fertiline - Loudéac/
[2026-07-09 17:14:01] [INFO] Copie: Drive ECHOLINE/PB drive/Fertiline - Loudéac
[2026-07-09 17:14:02] [SUCCESS] Dossier créé: Drive ECHOLINE/PB drive/Fertiline - Loudéac
[2026-07-09 17:14:02] [SUCCESS] Permission Entra appliquée [write] -> Drive ECHOLINE/PB drive/Fertiline - Loudéac
[2026-07-09 17:14:02] [SUCCESS] Permission Entra appliquée [write] -> Drive ECHOLINE/PB drive/Fertiline - Loudéac
[2026-07-09 17:14:02] [INFO] Traitement: /Drive ECHOLINE/PB drive/Fiche ID (1)/
[2026-07-09 17:14:02] [INFO] Copie: Drive ECHOLINE/PB drive/Fiche ID (1)
[2026-07-09 17:14:03] [SUCCESS] Dossier créé: Drive ECHOLINE/PB drive/Fiche ID (1)
[2026-07-09 17:14:03] [SUCCESS] Permission Entra appliquée [write] -> Drive ECHOLINE/PB drive/Fiche ID (1)
[2026-07-09 17:14:03] [SUCCESS] Permission Entra appliquée [write] -> Drive ECHOLINE/PB drive/Fiche ID (1)
[2026-07-09 17:14:03] [INFO] Traitement: /Drive ECHOLINE/PB drive/Fiche ID/
[2026-07-09 17:14:03] [INFO] Copie: Drive ECHOLINE/PB drive/Fiche ID
[2026-07-09 17:14:04] [SUCCESS] Dossier créé: Drive ECHOLINE/PB drive/Fiche ID
[2026-07-09 17:14:04] [SUCCESS] Permission Entra appliquée [write] -> Drive ECHOLINE/PB drive/Fiche ID
[2026-07-09 17:14:05] [SUCCESS] Permission Entra appliquée [write] -> Drive ECHOLINE/PB drive/Fiche ID
[2026-07-09 17:14:05] [INFO] Traitement: /Drive ECHOLINE/PB drive/Formulaire utilisateurs/
[2026-07-09 17:14:05] [INFO] Copie: Drive ECHOLINE/PB drive/Formulaire utilisateurs
[2026-07-09 17:14:05] [SUCCESS] Dossier créé: Drive ECHOLINE/PB drive/Formulaire utilisateurs
[2026-07-09 17:14:06] [SUCCESS] Permission Entra appliquée [write] -> Drive ECHOLINE/PB drive/Formulaire utilisateurs
[2026-07-09 17:14:06] [SUCCESS] Permission Entra appliquée [write] -> Drive ECHOLINE/PB drive/Formulaire utilisateurs
[2026-07-09 17:14:06] [INFO] Traitement: /Drive ECHOLINE/PB drive/LOUIS VUITTON/
[2026-07-09 17:14:06] [INFO] Copie: Drive ECHOLINE/PB drive/LOUIS VUITTON
[2026-07-09 17:14:07] [SUCCESS] Dossier créé: Drive ECHOLINE/PB drive/LOUIS VUITTON
[2026-07-09 17:14:07] [SUCCESS] Permission Entra appliquée [write] -> Drive ECHOLINE/PB drive/LOUIS VUITTON
[2026-07-09 17:14:07] [SUCCESS] Permission Entra appliquée [write] -> Drive ECHOLINE/PB drive/LOUIS VUITTON
[2026-07-09 17:14:07] [INFO] Traitement: /Drive ECHOLINE/PB drive/mails - hotline directe/
[2026-07-09 17:14:07] [INFO] Copie: Drive ECHOLINE/PB drive/mails - hotline directe
[2026-07-09 17:14:08] [SUCCESS] Dossier créé: Drive ECHOLINE/PB drive/mails - hotline directe
[2026-07-09 17:14:08] [SUCCESS] Permission Entra appliquée [write] -> Drive ECHOLINE/PB drive/mails - hotline directe
[2026-07-09 17:14:08] [SUCCESS] Permission Entra appliquée [write] -> Drive ECHOLINE/PB drive/mails - hotline directe
[2026-07-09 17:14:08] [INFO] Traitement: /Drive ECHOLINE/PB drive/MODELES lettre info/
[2026-07-09 17:14:08] [INFO] Copie: Drive ECHOLINE/PB drive/MODELES lettre info
[2026-07-09 17:14:09] [SUCCESS] Dossier créé: Drive ECHOLINE/PB drive/MODELES lettre info
[2026-07-09 17:14:09] [SUCCESS] Permission Entra appliquée [write] -> Drive ECHOLINE/PB drive/MODELES lettre info
[2026-07-09 17:14:09] [SUCCESS] Permission Entra appliquée [write] -> Drive ECHOLINE/PB drive/MODELES lettre info
[2026-07-09 17:14:09] [INFO] Traitement: /Drive ECHOLINE/PB drive/NUTRITION ET SANTE/
[2026-07-09 17:14:09] [INFO] Copie: Drive ECHOLINE/PB drive/NUTRITION ET SANTE
[2026-07-09 17:14:10] [SUCCESS] Dossier créé: Drive ECHOLINE/PB drive/NUTRITION ET SANTE
[2026-07-09 17:14:11] [SUCCESS] Permission Entra appliquée [write] -> Drive ECHOLINE/PB drive/NUTRITION ET SANTE
[2026-07-09 17:14:11] [SUCCESS] Permission Entra appliquée [write] -> Drive ECHOLINE/PB drive/NUTRITION ET SANTE
[2026-07-09 17:14:11] [INFO] Traitement: /Drive ECHOLINE/PB drive/PIVAUDRAN/
[2026-07-09 17:14:11] [INFO] Copie: Drive ECHOLINE/PB drive/PIVAUDRAN
[2026-07-09 17:14:12] [SUCCESS] Dossier créé: Drive ECHOLINE/PB drive/PIVAUDRAN
[2026-07-09 17:14:12] [SUCCESS] Permission Entra appliquée [write] -> Drive ECHOLINE/PB drive/PIVAUDRAN
[2026-07-09 17:14:12] [SUCCESS] Permission Entra appliquée [write] -> Drive ECHOLINE/PB drive/PIVAUDRAN
[2026-07-09 17:14:12] [INFO] Traitement: /Drive ECHOLINE/PB drive/Projets/
[2026-07-09 17:14:12] [INFO] Copie: Drive ECHOLINE/PB drive/Projets
[2026-07-09 17:14:13] [SUCCESS] Dossier créé: Drive ECHOLINE/PB drive/Projets
[2026-07-09 17:14:13] [SUCCESS] Permission Entra appliquée [write] -> Drive ECHOLINE/PB drive/Projets
[2026-07-09 17:14:13] [SUCCESS] Permission Entra appliquée [write] -> Drive ECHOLINE/PB drive/Projets
[2026-07-09 17:14:13] [INFO] Traitement: /Drive ECHOLINE/PB drive/RIEN AJOUTER Dossiers clients/
[2026-07-09 17:14:13] [INFO] Copie: Drive ECHOLINE/PB drive/RIEN AJOUTER Dossiers clients
[2026-07-09 17:14:14] [SUCCESS] Dossier créé: Drive ECHOLINE/PB drive/RIEN AJOUTER Dossiers clients
[2026-07-09 17:14:14] [SUCCESS] Permission Entra appliquée [write] -> Drive ECHOLINE/PB drive/RIEN AJOUTER Dossiers clients
[2026-07-09 17:14:15] [SUCCESS] Permission Entra appliquée [write] -> Drive ECHOLINE/PB drive/RIEN AJOUTER Dossiers clients
[2026-07-09 17:14:15] [INFO] Traitement: /Drive ECHOLINE/PB drive/SIGNAUX GIROD/
[2026-07-09 17:14:15] [INFO] Copie: Drive ECHOLINE/PB drive/SIGNAUX GIROD
[2026-07-09 17:14:16] [SUCCESS] Dossier créé: Drive ECHOLINE/PB drive/SIGNAUX GIROD
[2026-07-09 17:14:16] [SUCCESS] Permission Entra appliquée [write] -> Drive ECHOLINE/PB drive/SIGNAUX GIROD
[2026-07-09 17:14:16] [SUCCESS] Permission Entra appliquée [write] -> Drive ECHOLINE/PB drive/SIGNAUX GIROD
[2026-07-09 17:14:16] [INFO] Traitement: /Drive ECHOLINE/PB drive/STERIS/
[2026-07-09 17:14:16] [INFO] Copie: Drive ECHOLINE/PB drive/STERIS
[2026-07-09 17:14:17] [SUCCESS] Dossier créé: Drive ECHOLINE/PB drive/STERIS
[2026-07-09 17:14:17] [SUCCESS] Permission Entra appliquée [write] -> Drive ECHOLINE/PB drive/STERIS
[2026-07-09 17:14:18] [SUCCESS] Permission Entra appliquée [write] -> Drive ECHOLINE/PB drive/STERIS
[2026-07-09 17:14:18] [INFO] Traitement: /Drive ECHOLINE/PB drive/THYSSENKRUPP/
[2026-07-09 17:14:18] [INFO] Copie: Drive ECHOLINE/PB drive/THYSSENKRUPP
[2026-07-09 17:14:18] [SUCCESS] Dossier créé: Drive ECHOLINE/PB drive/THYSSENKRUPP
[2026-07-09 17:14:19] [SUCCESS] Permission Entra appliquée [write] -> Drive ECHOLINE/PB drive/THYSSENKRUPP
[2026-07-09 17:14:19] [SUCCESS] Permission Entra appliquée [write] -> Drive ECHOLINE/PB drive/THYSSENKRUPP
[2026-07-09 17:14:19] [INFO] Traitement: /Drive ECHOLINE/PB drive/Union Invivo - Montoir de Bretagne/
[2026-07-09 17:14:19] [INFO] Copie: Drive ECHOLINE/PB drive/Union Invivo - Montoir de Bretagne
[2026-07-09 17:14:20] [SUCCESS] Dossier créé: Drive ECHOLINE/PB drive/Union Invivo - Montoir de Bretagne
[2026-07-09 17:14:20] [SUCCESS] Permission Entra appliquée [write] -> Drive ECHOLINE/PB drive/Union Invivo - Montoir de Bretagne
[2026-07-09 17:14:20] [SUCCESS] Permission Entra appliquée [write] -> Drive ECHOLINE/PB drive/Union Invivo - Montoir de Bretagne
[2026-07-09 17:14:20] [INFO] Traitement: /Drive ECHOLINE/PB drive/Union Invivo - Nantes/
[2026-07-09 17:14:20] [INFO] Copie: Drive ECHOLINE/PB drive/Union Invivo - Nantes
[2026-07-09 17:14:21] [SUCCESS] Dossier créé: Drive ECHOLINE/PB drive/Union Invivo - Nantes
[2026-07-09 17:14:21] [SUCCESS] Permission Entra appliquée [write] -> Drive ECHOLINE/PB drive/Union Invivo - Nantes
[2026-07-09 17:14:21] [SUCCESS] Permission Entra appliquée [write] -> Drive ECHOLINE/PB drive/Union Invivo - Nantes
[2026-07-09 17:14:21] [INFO] Traitement: /Drive ECHOLINE/PB drive/Union Invivo - Saint-usage/
[2026-07-09 17:14:21] [INFO] Copie: Drive ECHOLINE/PB drive/Union Invivo - Saint-usage
[2026-07-09 17:14:22] [SUCCESS] Dossier créé: Drive ECHOLINE/PB drive/Union Invivo - Saint-usage
[2026-07-09 17:14:22] [SUCCESS] Permission Entra appliquée [write] -> Drive ECHOLINE/PB drive/Union Invivo - Saint-usage
[2026-07-09 17:14:23] [SUCCESS] Permission Entra appliquée [write] -> Drive ECHOLINE/PB drive/Union Invivo - Saint-usage
[2026-07-09 17:14:23] [INFO] Traitement: /Drive ECHOLINE/PB drive/Union Invivo Chalon en Champagne/
[2026-07-09 17:14:23] [INFO] Copie: Drive ECHOLINE/PB drive/Union Invivo Chalon en Champagne
[2026-07-09 17:14:23] [SUCCESS] Dossier créé: Drive ECHOLINE/PB drive/Union Invivo Chalon en Champagne
[2026-07-09 17:14:24] [SUCCESS] Permission Entra appliquée [write] -> Drive ECHOLINE/PB drive/Union Invivo Chalon en Champagne
[2026-07-09 17:14:24] [SUCCESS] Permission Entra appliquée [write] -> Drive ECHOLINE/PB drive/Union Invivo Chalon en Champagne
[2026-07-09 17:14:24] [INFO] Traitement: /Drive ECHOLINE/PB drive/Union Invivo Metz/
[2026-07-09 17:14:24] [INFO] Copie: Drive ECHOLINE/PB drive/Union Invivo Metz
[2026-07-09 17:14:24] [SUCCESS] Dossier créé: Drive ECHOLINE/PB drive/Union Invivo Metz
[2026-07-09 17:14:25] [SUCCESS] Permission Entra appliquée [write] -> Drive ECHOLINE/PB drive/Union Invivo Metz
[2026-07-09 17:14:25] [SUCCESS] Permission Entra appliquée [write] -> Drive ECHOLINE/PB drive/Union Invivo Metz
[2026-07-09 17:14:25] [INFO] Traitement: /Drive ECHOLINE/PB drive/VALOREM/
[2026-07-09 17:14:25] [INFO] Copie: Drive ECHOLINE/PB drive/VALOREM
[2026-07-09 17:14:26] [SUCCESS] Dossier créé: Drive ECHOLINE/PB drive/VALOREM
[2026-07-09 17:14:26] [SUCCESS] Permission Entra appliquée [write] -> Drive ECHOLINE/PB drive/VALOREM
[2026-07-09 17:14:26] [SUCCESS] Permission Entra appliquée [write] -> Drive ECHOLINE/PB drive/VALOREM
[2026-07-09 17:14:26] [INFO] Traitement: /Drive ECHOLINE/PB drive/VILLEROY ET BOCH/
[2026-07-09 17:14:26] [INFO] Copie: Drive ECHOLINE/PB drive/VILLEROY ET BOCH
[2026-07-09 17:14:27] [ERROR] Erreur copie: Le serveur distant a retourné une erreur : (404) Introuvable.
[2026-07-09 17:14:27] [WARN] Droits ignorés (copie échouée): /Drive ECHOLINE/PB drive/VILLEROY ET BOCH/
[2026-07-09 17:14:27] [INFO] Traitement: /Drive ECHOLINE/PB drive/Visites/
[2026-07-09 17:14:27] [INFO] Copie: Drive ECHOLINE/PB drive/Visites
[2026-07-09 17:14:29] [SUCCESS] Dossier créé: Drive ECHOLINE/PB drive/Visites
[2026-07-09 17:14:29] [SUCCESS] Permission Entra appliquée [write] -> Drive ECHOLINE/PB drive/Visites
[2026-07-09 17:14:29] [SUCCESS] Permission Entra appliquée [write] -> Drive ECHOLINE/PB drive/Visites
[2026-07-09 17:14:29] [INFO] Traitement: /emailaddress.csv
[2026-07-09 17:14:29] [INFO] Copie: emailaddress.csv
[2026-07-09 17:14:30] [INFO] Versions source trouvées: 1
[2026-07-09 17:14:30] [INFO] Une seule version détectée (1.0 probable) : upload courant uniquement.
[2026-07-09 17:14:31] [SUCCESS] Copié avec versions: emailaddress.csv
[2026-07-09 17:14:31] [SUCCESS] Permission Entra appliquée [write] -> emailaddress.csv
[2026-07-09 17:14:31] [INFO] Traitement: /Members_.csv
[2026-07-09 17:14:31] [INFO] Copie: Members_.csv
[2026-07-09 17:14:32] [INFO] Versions source trouvées: 1
[2026-07-09 17:14:32] [INFO] Une seule version détectée (1.0 probable) : upload courant uniquement.
[2026-07-09 17:14:32] [SUCCESS] Copié avec versions: Members_.csv
[2026-07-09 17:14:32] [SUCCESS] Permission Entra appliquée [write] -> Members_.csv
[2026-07-09 17:14:32] [INFO] Traitement: /Members_support.csv
[2026-07-09 17:14:32] [INFO] Copie: Members_support.csv
[2026-07-09 17:14:33] [INFO] Versions source trouvées: 1
[2026-07-09 17:14:33] [INFO] Une seule version détectée (1.0 probable) : upload courant uniquement.
[2026-07-09 17:14:34] [SUCCESS] Copié avec versions: Members_support.csv
[2026-07-09 17:14:34] [SUCCESS] Permission Entra appliquée [write] -> Members_support.csv
[2026-07-09 17:14:34] [INFO] Traitement: /SCRIPT/
[2026-07-09 17:14:34] [INFO] Copie: SCRIPT
[2026-07-09 17:14:35] [SUCCESS] Dossier créé: SCRIPT
[2026-07-09 17:14:35] [SUCCESS] Permission Entra appliquée [write] -> SCRIPT
[2026-07-09 17:14:35] [INFO] Traitement: /SCRIPT/ajout_DKIM_PS.txt
[2026-07-09 17:14:35] [INFO] Copie: SCRIPT/ajout_DKIM_PS.txt
[2026-07-09 17:14:35] [INFO] Versions source trouvées: 1
[2026-07-09 17:14:35] [INFO] Une seule version détectée (1.0 probable) : upload courant uniquement.
[2026-07-09 17:14:36] [SUCCESS] Copié avec versions: SCRIPT/ajout_DKIM_PS.txt
[2026-07-09 17:14:36] [SUCCESS] Permission Entra appliquée [write] -> SCRIPT/ajout_DKIM_PS.txt
[2026-07-09 17:14:36] [INFO] Traitement: /SCRIPT/conf_POSTFIX_Domaine.txt
[2026-07-09 17:14:36] [INFO] Copie: SCRIPT/conf_POSTFIX_Domaine.txt
[2026-07-09 17:14:37] [INFO] Versions source trouvées: 1
[2026-07-09 17:14:37] [INFO] Une seule version détectée (1.0 probable) : upload courant uniquement.
[2026-07-09 17:14:38] [SUCCESS] Copié avec versions: SCRIPT/conf_POSTFIX_Domaine.txt
[2026-07-09 17:14:38] [SUCCESS] Permission Entra appliquée [write] -> SCRIPT/conf_POSTFIX_Domaine.txt
[2026-07-09 17:14:38] [INFO] Traitement: /SCRIPT/EOm8Q~EPBhXvVx5eeRrXdYK5wljgxyS6bGm.txt
[2026-07-09 17:14:38] [INFO] Copie: SCRIPT/EOm8Q~EPBhXvVx5eeRrXdYK5wljgxyS6bGm.txt
[2026-07-09 17:14:39] [INFO] Versions source trouvées: 1
[2026-07-09 17:14:39] [INFO] Une seule version détectée (1.0 probable) : upload courant uniquement.
[2026-07-09 17:14:39] [SUCCESS] Copié avec versions: SCRIPT/EOm8Q~EPBhXvVx5eeRrXdYK5wljgxyS6bGm.txt
[2026-07-09 17:14:39] [SUCCESS] Permission Entra appliquée [write] -> SCRIPT/EOm8Q~EPBhXvVx5eeRrXdYK5wljgxyS6bGm.txt
[2026-07-09 17:14:39] [INFO] Traitement: /SCRIPT/Extraction_AD_BAUNETZ.ps1
[2026-07-09 17:14:39] [INFO] Copie: SCRIPT/Extraction_AD_BAUNETZ.ps1
[2026-07-09 17:14:40] [INFO] Versions source trouvées: 1
[2026-07-09 17:14:40] [INFO] Une seule version détectée (1.0 probable) : upload courant uniquement.
[2026-07-09 17:14:41] [SUCCESS] Copié avec versions: SCRIPT/Extraction_AD_BAUNETZ.ps1
[2026-07-09 17:14:41] [SUCCESS] Permission Entra appliquée [write] -> SCRIPT/Extraction_AD_BAUNETZ.ps1
[2026-07-09 17:14:41] [INFO] Traitement: /SCRIPT/import_onedrive.csv
[2026-07-09 17:14:41] [INFO] Copie: SCRIPT/import_onedrive.csv
[2026-07-09 17:14:41] [INFO] Versions source trouvées: 1
[2026-07-09 17:14:41] [INFO] Une seule version détectée (1.0 probable) : upload courant uniquement.
[2026-07-09 17:14:42] [SUCCESS] Copié avec versions: SCRIPT/import_onedrive.csv
[2026-07-09 17:14:42] [SUCCESS] Permission Entra appliquée [write] -> SCRIPT/import_onedrive.csv
[2026-07-09 17:14:42] [INFO] Traitement: /SCRIPT/mail_secondaire.csv
[2026-07-09 17:14:42] [INFO] Copie: SCRIPT/mail_secondaire.csv
[2026-07-09 17:14:43] [INFO] Versions source trouvées: 1
[2026-07-09 17:14:43] [INFO] Une seule version détectée (1.0 probable) : upload courant uniquement.
[2026-07-09 17:14:44] [SUCCESS] Copié avec versions: SCRIPT/mail_secondaire.csv
[2026-07-09 17:14:44] [SUCCESS] Permission Entra appliquée [write] -> SCRIPT/mail_secondaire.csv
[2026-07-09 17:14:44] [INFO] Traitement: /SCRIPT/migrationwiz_import_email_email (1).csv
[2026-07-09 17:14:44] [INFO] Copie: SCRIPT/migrationwiz_import_email_email (1).csv
[2026-07-09 17:14:44] [INFO] Versions source trouvées: 1
[2026-07-09 17:14:44] [INFO] Une seule version détectée (1.0 probable) : upload courant uniquement.
[2026-07-09 17:14:45] [SUCCESS] Copié avec versions: SCRIPT/migrationwiz_import_email_email (1).csv
[2026-07-09 17:14:45] [SUCCESS] Permission Entra appliquée [write] -> SCRIPT/migrationwiz_import_email_email (1).csv
[2026-07-09 17:14:45] [INFO] Traitement: /SCRIPT/Murge_BAL_Important!!.txt
[2026-07-09 17:14:45] [INFO] Copie: SCRIPT/Murge_BAL_Important!!.txt
[2026-07-09 17:14:46] [INFO] Versions source trouvées: 1
[2026-07-09 17:14:46] [INFO] Une seule version détectée (1.0 probable) : upload courant uniquement.
[2026-07-09 17:14:46] [SUCCESS] Copié avec versions: SCRIPT/Murge_BAL_Important!!.txt
[2026-07-09 17:14:47] [SUCCESS] Permission Entra appliquée [write] -> SCRIPT/Murge_BAL_Important!!.txt
[2026-07-09 17:14:47] [INFO] Traitement: /SCRIPT/nouveau 10.txt
[2026-07-09 17:14:47] [INFO] Copie: SCRIPT/nouveau 10.txt
[2026-07-09 17:14:47] [INFO] Versions source trouvées: 1
[2026-07-09 17:14:47] [INFO] Une seule version détectée (1.0 probable) : upload courant uniquement.
[2026-07-09 17:14:48] [SUCCESS] Copié avec versions: SCRIPT/nouveau 10.txt
[2026-07-09 17:14:48] [SUCCESS] Permission Entra appliquée [write] -> SCRIPT/nouveau 10.txt
[2026-07-09 17:14:48] [INFO] Traitement: /SCRIPT/nouveau 12.txt
[2026-07-09 17:14:48] [INFO] Copie: SCRIPT/nouveau 12.txt
[2026-07-09 17:14:49] [INFO] Versions source trouvées: 1
[2026-07-09 17:14:49] [INFO] Une seule version détectée (1.0 probable) : upload courant uniquement.
[2026-07-09 17:14:49] [SUCCESS] Copié avec versions: SCRIPT/nouveau 12.txt
[2026-07-09 17:14:50] [SUCCESS] Permission Entra appliquée [write] -> SCRIPT/nouveau 12.txt
[2026-07-09 17:14:50] [INFO] Traitement: /SCRIPT/Nouveau Document texte.csv
[2026-07-09 17:14:50] [INFO] Copie: SCRIPT/Nouveau Document texte.csv
[2026-07-09 17:14:50] [INFO] Versions source trouvées: 1
[2026-07-09 17:14:50] [INFO] Une seule version détectée (1.0 probable) : upload courant uniquement.
[2026-07-09 17:14:51] [SUCCESS] Copié avec versions: SCRIPT/Nouveau Document texte.csv
[2026-07-09 17:14:51] [SUCCESS] Permission Entra appliquée [write] -> SCRIPT/Nouveau Document texte.csv
[2026-07-09 17:14:51] [INFO] Traitement: /SCRIPT/Post_Fixe.txt
[2026-07-09 17:14:51] [INFO] Copie: SCRIPT/Post_Fixe.txt
[2026-07-09 17:14:52] [INFO] Versions source trouvées: 1
[2026-07-09 17:14:52] [INFO] Une seule version détectée (1.0 probable) : upload courant uniquement.
[2026-07-09 17:14:53] [SUCCESS] Copié avec versions: SCRIPT/Post_Fixe.txt
[2026-07-09 17:14:53] [SUCCESS] Permission Entra appliquée [write] -> SCRIPT/Post_Fixe.txt
[2026-07-09 17:14:53] [INFO] Traitement: /SCRIPT/Postfix.txt
[2026-07-09 17:14:53] [INFO] Copie: SCRIPT/Postfix.txt
[2026-07-09 17:14:53] [INFO] Versions source trouvées: 1
[2026-07-09 17:14:53] [INFO] Une seule version détectée (1.0 probable) : upload courant uniquement.
[2026-07-09 17:14:54] [SUCCESS] Copié avec versions: SCRIPT/Postfix.txt
[2026-07-09 17:14:54] [SUCCESS] Permission Entra appliquée [write] -> SCRIPT/Postfix.txt
[2026-07-09 17:14:54] [INFO] Traitement: /SCRIPT/script_activation_user_AD.txt
[2026-07-09 17:14:54] [INFO] Copie: SCRIPT/script_activation_user_AD.txt
[2026-07-09 17:14:55] [INFO] Versions source trouvées: 1
[2026-07-09 17:14:55] [INFO] Une seule version détectée (1.0 probable) : upload courant uniquement.
[2026-07-09 17:14:55] [SUCCESS] Copié avec versions: SCRIPT/script_activation_user_AD.txt
[2026-07-09 17:14:56] [SUCCESS] Permission Entra appliquée [write] -> SCRIPT/script_activation_user_AD.txt
[2026-07-09 17:14:56] [INFO] Traitement: /SCRIPT/script_ajout_adressemail_secondaire_proxyadress.txt
[2026-07-09 17:14:56] [INFO] Copie: SCRIPT/script_ajout_adressemail_secondaire_proxyadress.txt
[2026-07-09 17:14:56] [INFO] Versions source trouvées: 1
[2026-07-09 17:14:56] [INFO] Une seule version détectée (1.0 probable) : upload courant uniquement.
[2026-07-09 17:14:57] [SUCCESS] Copié avec versions: SCRIPT/script_ajout_adressemail_secondaire_proxyadress.txt
[2026-07-09 17:14:57] [SUCCESS] Permission Entra appliquée [write] -> SCRIPT/script_ajout_adressemail_secondaire_proxyadress.txt
[2026-07-09 17:14:57] [INFO] Traitement: /SCRIPT/script_ajout_champs_mail_en_masse.txt
[2026-07-09 17:14:57] [INFO] Copie: SCRIPT/script_ajout_champs_mail_en_masse.txt
[2026-07-09 17:14:58] [INFO] Versions source trouvées: 1
[2026-07-09 17:14:58] [INFO] Une seule version détectée (1.0 probable) : upload courant uniquement.
[2026-07-09 17:14:58] [SUCCESS] Copié avec versions: SCRIPT/script_ajout_champs_mail_en_masse.txt
[2026-07-09 17:14:59] [SUCCESS] Permission Entra appliquée [write] -> SCRIPT/script_ajout_champs_mail_en_masse.txt
[2026-07-09 17:14:59] [INFO] Traitement: /SCRIPT/Script_ajout_compte_admin_dans_les_sites_sharepoint.txt
[2026-07-09 17:14:59] [INFO] Copie: SCRIPT/Script_ajout_compte_admin_dans_les_sites_sharepoint.txt
[2026-07-09 17:14:59] [INFO] Versions source trouvées: 1
[2026-07-09 17:14:59] [INFO] Une seule version détectée (1.0 probable) : upload courant uniquement.
[2026-07-09 17:15:00] [SUCCESS] Copié avec versions: SCRIPT/Script_ajout_compte_admin_dans_les_sites_sharepoint.txt
[2026-07-09 17:15:00] [SUCCESS] Permission Entra appliquée [write] -> SCRIPT/Script_ajout_compte_admin_dans_les_sites_sharepoint.txt
[2026-07-09 17:15:00] [INFO] Traitement: /SCRIPT/Script_ajout_délegation_FullAcces_BP.txt
[2026-07-09 17:15:00] [INFO] Copie: SCRIPT/Script_ajout_délegation_FullAcces_BP.txt
[2026-07-09 17:15:01] [INFO] Versions source trouvées: 1
[2026-07-09 17:15:01] [INFO] Une seule version détectée (1.0 probable) : upload courant uniquement.
[2026-07-09 17:15:01] [SUCCESS] Copié avec versions: SCRIPT/Script_ajout_délegation_FullAcces_BP.txt
[2026-07-09 17:15:02] [SUCCESS] Permission Entra appliquée [write] -> SCRIPT/Script_ajout_délegation_FullAcces_BP.txt
[2026-07-09 17:15:02] [INFO] Traitement: /SCRIPT/script_ajout_mailsecondaire_proxyadress_plusieursdomaine.txt
[2026-07-09 17:15:02] [INFO] Copie: SCRIPT/script_ajout_mailsecondaire_proxyadress_plusieursdomaine.txt
[2026-07-09 17:15:02] [INFO] Versions source trouvées: 1
[2026-07-09 17:15:02] [INFO] Une seule version détectée (1.0 probable) : upload courant uniquement.
[2026-07-09 17:15:03] [SUCCESS] Copié avec versions: SCRIPT/script_ajout_mailsecondaire_proxyadress_plusieursdomaine.txt
[2026-07-09 17:15:03] [SUCCESS] Permission Entra appliquée [write] -> SCRIPT/script_ajout_mailsecondaire_proxyadress_plusieursdomaine.txt
[2026-07-09 17:15:03] [INFO] Traitement: /SCRIPT/script_ajout_SMTP_proxyadress_en_masse.txt
[2026-07-09 17:15:03] [INFO] Copie: SCRIPT/script_ajout_SMTP_proxyadress_en_masse.txt
[2026-07-09 17:15:04] [INFO] Versions source trouvées: 1
[2026-07-09 17:15:04] [INFO] Une seule version détectée (1.0 probable) : upload courant uniquement.
[2026-07-09 17:15:04] [SUCCESS] Copié avec versions: SCRIPT/script_ajout_SMTP_proxyadress_en_masse.txt
[2026-07-09 17:15:05] [SUCCESS] Permission Entra appliquée [write] -> SCRIPT/script_ajout_SMTP_proxyadress_en_masse.txt
[2026-07-09 17:15:05] [INFO] Traitement: /SCRIPT/script_délégation_BP.txt
[2026-07-09 17:15:05] [INFO] Copie: SCRIPT/script_délégation_BP.txt
[2026-07-09 17:15:05] [INFO] Versions source trouvées: 1
[2026-07-09 17:15:05] [INFO] Une seule version détectée (1.0 probable) : upload courant uniquement.
[2026-07-09 17:15:06] [SUCCESS] Copié avec versions: SCRIPT/script_délégation_BP.txt
[2026-07-09 17:15:06] [SUCCESS] Permission Entra appliquée [write] -> SCRIPT/script_délégation_BP.txt
[2026-07-09 17:15:06] [INFO] Traitement: /SCRIPT/script_délégation_bp_mail.txt
[2026-07-09 17:15:06] [INFO] Copie: SCRIPT/script_délégation_bp_mail.txt
[2026-07-09 17:15:07] [INFO] Versions source trouvées: 1
[2026-07-09 17:15:07] [INFO] Une seule version détectée (1.0 probable) : upload courant uniquement.
[2026-07-09 17:15:08] [SUCCESS] Copié avec versions: SCRIPT/script_délégation_bp_mail.txt
[2026-07-09 17:15:08] [SUCCESS] Permission Entra appliquée [write] -> SCRIPT/script_délégation_bp_mail.txt
[2026-07-09 17:15:08] [INFO] Traitement: /SCRIPT/script_délégation_Fullaccess_BP.txt
[2026-07-09 17:15:08] [INFO] Copie: SCRIPT/script_délégation_Fullaccess_BP.txt
[2026-07-09 17:15:09] [INFO] Versions source trouvées: 1
[2026-07-09 17:15:09] [INFO] Une seule version détectée (1.0 probable) : upload courant uniquement.
[2026-07-09 17:15:09] [SUCCESS] Copié avec versions: SCRIPT/script_délégation_Fullaccess_BP.txt
[2026-07-09 17:15:10] [SUCCESS] Permission Entra appliquée [write] -> SCRIPT/script_délégation_Fullaccess_BP.txt
[2026-07-09 17:15:10] [INFO] Traitement: /SCRIPT/Script_delegation_SendAs_BP.txt
[2026-07-09 17:15:10] [INFO] Copie: SCRIPT/Script_delegation_SendAs_BP.txt
[2026-07-09 17:15:10] [INFO] Versions source trouvées: 1
[2026-07-09 17:15:10] [INFO] Une seule version détectée (1.0 probable) : upload courant uniquement.
[2026-07-09 17:15:11] [SUCCESS] Copié avec versions: SCRIPT/Script_delegation_SendAs_BP.txt
[2026-07-09 17:15:11] [SUCCESS] Permission Entra appliquée [write] -> SCRIPT/Script_delegation_SendAs_BP.txt
[2026-07-09 17:15:11] [INFO] Traitement: /SCRIPT/script_délégation_SendAs_BP.txt
[2026-07-09 17:15:11] [INFO] Copie: SCRIPT/script_délégation_SendAs_BP.txt
[2026-07-09 17:15:12] [INFO] Versions source trouvées: 1
[2026-07-09 17:15:12] [INFO] Une seule version détectée (1.0 probable) : upload courant uniquement.
[2026-07-09 17:15:12] [SUCCESS] Copié avec versions: SCRIPT/script_délégation_SendAs_BP.txt
[2026-07-09 17:15:13] [SUCCESS] Permission Entra appliquée [write] -> SCRIPT/script_délégation_SendAs_BP.txt
[2026-07-09 17:15:13] [INFO] Traitement: /SCRIPT/script_désactivation_user.txt
[2026-07-09 17:15:13] [INFO] Copie: SCRIPT/script_désactivation_user.txt
[2026-07-09 17:15:13] [INFO] Versions source trouvées: 1
[2026-07-09 17:15:13] [INFO] Une seule version détectée (1.0 probable) : upload courant uniquement.
[2026-07-09 17:15:14] [SUCCESS] Copié avec versions: SCRIPT/script_désactivation_user.txt
[2026-07-09 17:15:14] [SUCCESS] Permission Entra appliquée [write] -> SCRIPT/script_désactivation_user.txt
[2026-07-09 17:15:14] [INFO] Traitement: /SCRIPT/Script_droit_BP.txt
[2026-07-09 17:15:14] [INFO] Copie: SCRIPT/Script_droit_BP.txt
[2026-07-09 17:15:15] [INFO] Versions source trouvées: 1
[2026-07-09 17:15:15] [INFO] Une seule version détectée (1.0 probable) : upload courant uniquement.
[2026-07-09 17:15:15] [SUCCESS] Copié avec versions: SCRIPT/Script_droit_BP.txt
[2026-07-09 17:15:15] [SUCCESS] Permission Entra appliquée [write] -> SCRIPT/Script_droit_BP.txt
[2026-07-09 17:15:15] [INFO] Traitement: /SCRIPT/Script_extrac_SMTP_Principale.txt
[2026-07-09 17:15:15] [INFO] Copie: SCRIPT/Script_extrac_SMTP_Principale.txt
[2026-07-09 17:15:16] [INFO] Versions source trouvées: 1
[2026-07-09 17:15:16] [INFO] Une seule version détectée (1.0 probable) : upload courant uniquement.
[2026-07-09 17:15:17] [SUCCESS] Copié avec versions: SCRIPT/Script_extrac_SMTP_Principale.txt
[2026-07-09 17:15:17] [SUCCESS] Permission Entra appliquée [write] -> SCRIPT/Script_extrac_SMTP_Principale.txt
[2026-07-09 17:15:17] [INFO] Traitement: /SCRIPT/Script_Extract_adressemail_Exchange_Online.txt
[2026-07-09 17:15:17] [INFO] Copie: SCRIPT/Script_Extract_adressemail_Exchange_Online.txt
[2026-07-09 17:15:17] [INFO] Versions source trouvées: 1
[2026-07-09 17:15:17] [INFO] Une seule version détectée (1.0 probable) : upload courant uniquement.
[2026-07-09 17:15:18] [SUCCESS] Copié avec versions: SCRIPT/Script_Extract_adressemail_Exchange_Online.txt
[2026-07-09 17:15:18] [SUCCESS] Permission Entra appliquée [write] -> SCRIPT/Script_Extract_adressemail_Exchange_Online.txt
[2026-07-09 17:15:18] [INFO] Traitement: /SCRIPT/Script_Extract_délégation_BP.txt
[2026-07-09 17:15:18] [INFO] Copie: SCRIPT/Script_Extract_délégation_BP.txt
[2026-07-09 17:15:19] [INFO] Versions source trouvées: 1
[2026-07-09 17:15:19] [INFO] Une seule version détectée (1.0 probable) : upload courant uniquement.
[2026-07-09 17:15:20] [SUCCESS] Copié avec versions: SCRIPT/Script_Extract_délégation_BP.txt
[2026-07-09 17:15:20] [SUCCESS] Permission Entra appliquée [write] -> SCRIPT/Script_Extract_délégation_BP.txt
[2026-07-09 17:15:20] [INFO] Traitement: /SCRIPT/script_extract_membre_groupe_AD.txt
[2026-07-09 17:15:20] [INFO] Copie: SCRIPT/script_extract_membre_groupe_AD.txt
[2026-07-09 17:15:20] [INFO] Versions source trouvées: 1
[2026-07-09 17:15:20] [INFO] Une seule version détectée (1.0 probable) : upload courant uniquement.
[2026-07-09 17:15:21] [SUCCESS] Copié avec versions: SCRIPT/script_extract_membre_groupe_AD.txt
[2026-07-09 17:15:22] [SUCCESS] Permission Entra appliquée [write] -> SCRIPT/script_extract_membre_groupe_AD.txt
[2026-07-09 17:15:22] [INFO] Traitement: /SCRIPT/script_extract_onedrive.txt
[2026-07-09 17:15:22] [INFO] Copie: SCRIPT/script_extract_onedrive.txt
[2026-07-09 17:15:22] [INFO] Versions source trouvées: 1
[2026-07-09 17:15:22] [INFO] Une seule version détectée (1.0 probable) : upload courant uniquement.
[2026-07-09 17:15:23] [SUCCESS] Copié avec versions: SCRIPT/script_extract_onedrive.txt
[2026-07-09 17:15:23] [SUCCESS] Permission Entra appliquée [write] -> SCRIPT/script_extract_onedrive.txt
[2026-07-09 17:15:23] [INFO] Traitement: /SCRIPT/script_extract_proxyaddress.txt
[2026-07-09 17:15:23] [INFO] Copie: SCRIPT/script_extract_proxyaddress.txt
[2026-07-09 17:15:24] [INFO] Versions source trouvées: 1
[2026-07-09 17:15:24] [INFO] Une seule version détectée (1.0 probable) : upload courant uniquement.
[2026-07-09 17:15:24] [SUCCESS] Copié avec versions: SCRIPT/script_extract_proxyaddress.txt
[2026-07-09 17:15:24] [SUCCESS] Permission Entra appliquée [write] -> SCRIPT/script_extract_proxyaddress.txt
[2026-07-09 17:15:24] [INFO] Traitement: /SCRIPT/script_extract_Proxyadress_format.txt
[2026-07-09 17:15:24] [INFO] Copie: SCRIPT/script_extract_Proxyadress_format.txt
[2026-07-09 17:15:25] [INFO] Versions source trouvées: 1
[2026-07-09 17:15:25] [INFO] Une seule version détectée (1.0 probable) : upload courant uniquement.
[2026-07-09 17:15:26] [SUCCESS] Copié avec versions: SCRIPT/script_extract_Proxyadress_format.txt
[2026-07-09 17:15:26] [SUCCESS] Permission Entra appliquée [write] -> SCRIPT/script_extract_Proxyadress_format.txt
[2026-07-09 17:15:26] [INFO] Traitement: /SCRIPT/script_extract_UPN_AD.txt
[2026-07-09 17:15:26] [INFO] Copie: SCRIPT/script_extract_UPN_AD.txt
[2026-07-09 17:15:27] [INFO] Versions source trouvées: 1
[2026-07-09 17:15:27] [INFO] Une seule version détectée (1.0 probable) : upload courant uniquement.
[2026-07-09 17:15:27] [SUCCESS] Copié avec versions: SCRIPT/script_extract_UPN_AD.txt
[2026-07-09 17:15:28] [SUCCESS] Permission Entra appliquée [write] -> SCRIPT/script_extract_UPN_AD.txt
[2026-07-09 17:15:28] [INFO] Traitement: /SCRIPT/script_extraction_de_la_liste_des_sites_sharepoint.txt
[2026-07-09 17:15:28] [INFO] Copie: SCRIPT/script_extraction_de_la_liste_des_sites_sharepoint.txt
[2026-07-09 17:15:28] [INFO] Versions source trouvées: 1
[2026-07-09 17:15:28] [INFO] Une seule version détectée (1.0 probable) : upload courant uniquement.
[2026-07-09 17:15:29] [SUCCESS] Copié avec versions: SCRIPT/script_extraction_de_la_liste_des_sites_sharepoint.txt
[2026-07-09 17:15:29] [SUCCESS] Permission Entra appliquée [write] -> SCRIPT/script_extraction_de_la_liste_des_sites_sharepoint.txt
[2026-07-09 17:15:29] [INFO] Traitement: /SCRIPT/script_Inscription_SSO_Appli_Azure.txt
[2026-07-09 17:15:29] [INFO] Copie: SCRIPT/script_Inscription_SSO_Appli_Azure.txt
[2026-07-09 17:15:30] [INFO] Versions source trouvées: 1
[2026-07-09 17:15:30] [INFO] Une seule version détectée (1.0 probable) : upload courant uniquement.
[2026-07-09 17:15:31] [SUCCESS] Copié avec versions: SCRIPT/script_Inscription_SSO_Appli_Azure.txt
[2026-07-09 17:15:31] [SUCCESS] Permission Entra appliquée [write] -> SCRIPT/script_Inscription_SSO_Appli_Azure.txt
[2026-07-09 17:15:31] [INFO] Traitement: /SCRIPT/script_modif_champ_email_docu.ch
[2026-07-09 17:15:31] [INFO] Copie: SCRIPT/script_modif_champ_email_docu.ch
[2026-07-09 17:15:31] [INFO] Versions source trouvées: 1
[2026-07-09 17:15:31] [INFO] Une seule version détectée (1.0 probable) : upload courant uniquement.
[2026-07-09 17:15:32] [SUCCESS] Copié avec versions: SCRIPT/script_modif_champ_email_docu.ch
[2026-07-09 17:15:32] [SUCCESS] Permission Entra appliquée [write] -> SCRIPT/script_modif_champ_email_docu.ch
[2026-07-09 17:15:32] [INFO] Traitement: /SCRIPT/Script_modif_proxyaddress_Group.txt
[2026-07-09 17:15:33] [INFO] Copie: SCRIPT/Script_modif_proxyaddress_Group.txt
[2026-07-09 17:15:33] [INFO] Versions source trouvées: 1
[2026-07-09 17:15:33] [INFO] Une seule version détectée (1.0 probable) : upload courant uniquement.
[2026-07-09 17:15:34] [SUCCESS] Copié avec versions: SCRIPT/Script_modif_proxyaddress_Group.txt
[2026-07-09 17:15:34] [SUCCESS] Permission Entra appliquée [write] -> SCRIPT/Script_modif_proxyaddress_Group.txt
[2026-07-09 17:15:34] [INFO] Traitement: /SCRIPT/Script_modif_proxyadress_docu.ch.txt
[2026-07-09 17:15:34] [INFO] Copie: SCRIPT/Script_modif_proxyadress_docu.ch.txt
[2026-07-09 17:15:35] [INFO] Versions source trouvées: 1
[2026-07-09 17:15:35] [INFO] Une seule version détectée (1.0 probable) : upload courant uniquement.
[2026-07-09 17:15:35] [SUCCESS] Copié avec versions: SCRIPT/Script_modif_proxyadress_docu.ch.txt
[2026-07-09 17:15:36] [SUCCESS] Permission Entra appliquée [write] -> SCRIPT/Script_modif_proxyadress_docu.ch.txt
[2026-07-09 17:15:36] [INFO] Traitement: /SCRIPT/script_modification_UPN_AD_User.txt
[2026-07-09 17:15:36] [INFO] Copie: SCRIPT/script_modification_UPN_AD_User.txt
[2026-07-09 17:15:36] [INFO] Versions source trouvées: 1
[2026-07-09 17:15:36] [INFO] Une seule version détectée (1.0 probable) : upload courant uniquement.
[2026-07-09 17:15:37] [SUCCESS] Copié avec versions: SCRIPT/script_modification_UPN_AD_User.txt
[2026-07-09 17:15:37] [SUCCESS] Permission Entra appliquée [write] -> SCRIPT/script_modification_UPN_AD_User.txt
[2026-07-09 17:15:37] [INFO] Traitement: /SCRIPT/script_modifier_le_champ_mail.txt
[2026-07-09 17:15:37] [INFO] Copie: SCRIPT/script_modifier_le_champ_mail.txt
[2026-07-09 17:15:38] [INFO] Versions source trouvées: 1
[2026-07-09 17:15:38] [INFO] Une seule version détectée (1.0 probable) : upload courant uniquement.
[2026-07-09 17:15:38] [SUCCESS] Copié avec versions: SCRIPT/script_modifier_le_champ_mail.txt
[2026-07-09 17:15:39] [SUCCESS] Permission Entra appliquée [write] -> SCRIPT/script_modifier_le_champ_mail.txt
[2026-07-09 17:15:39] [INFO] Traitement: /SCRIPT/script_modifier_lechampmail_proxyadresseSMTP.txt
[2026-07-09 17:15:39] [INFO] Copie: SCRIPT/script_modifier_lechampmail_proxyadresseSMTP.txt
[2026-07-09 17:15:39] [INFO] Versions source trouvées: 1
[2026-07-09 17:15:39] [INFO] Une seule version détectée (1.0 probable) : upload courant uniquement.
[2026-07-09 17:15:40] [SUCCESS] Copié avec versions: SCRIPT/script_modifier_lechampmail_proxyadresseSMTP.txt
[2026-07-09 17:15:40] [SUCCESS] Permission Entra appliquée [write] -> SCRIPT/script_modifier_lechampmail_proxyadresseSMTP.txt
[2026-07-09 17:15:40] [INFO] Traitement: /SCRIPT/Script_modifier_proxyadress.txt
[2026-07-09 17:15:40] [INFO] Copie: SCRIPT/Script_modifier_proxyadress.txt
[2026-07-09 17:15:41] [INFO] Versions source trouvées: 1
[2026-07-09 17:15:41] [INFO] Une seule version détectée (1.0 probable) : upload courant uniquement.
[2026-07-09 17:15:42] [SUCCESS] Copié avec versions: SCRIPT/Script_modifier_proxyadress.txt
[2026-07-09 17:15:42] [SUCCESS] Permission Entra appliquée [write] -> SCRIPT/Script_modifier_proxyadress.txt
[2026-07-09 17:15:42] [INFO] Traitement: /SCRIPT/script_provisionning_OneDrive.txt
[2026-07-09 17:15:42] [INFO] Copie: SCRIPT/script_provisionning_OneDrive.txt
[2026-07-09 17:15:42] [INFO] Versions source trouvées: 1
[2026-07-09 17:15:42] [INFO] Une seule version détectée (1.0 probable) : upload courant uniquement.
[2026-07-09 17:15:43] [SUCCESS] Copié avec versions: SCRIPT/script_provisionning_OneDrive.txt
[2026-07-09 17:15:43] [SUCCESS] Permission Entra appliquée [write] -> SCRIPT/script_provisionning_OneDrive.txt
[2026-07-09 17:15:43] [INFO] Traitement: /SCRIPT/script_remplacer_UPN_AD.txt
[2026-07-09 17:15:43] [INFO] Copie: SCRIPT/script_remplacer_UPN_AD.txt
[2026-07-09 17:15:44] [INFO] Versions source trouvées: 1
[2026-07-09 17:15:44] [INFO] Une seule version détectée (1.0 probable) : upload courant uniquement.
[2026-07-09 17:15:44] [SUCCESS] Copié avec versions: SCRIPT/script_remplacer_UPN_AD.txt
[2026-07-09 17:15:45] [SUCCESS] Permission Entra appliquée [write] -> SCRIPT/script_remplacer_UPN_AD.txt
[2026-07-09 17:15:45] [INFO] Traitement: /SCRIPT/Script_Restauration_SMTP_format.txt
[2026-07-09 17:15:45] [INFO] Copie: SCRIPT/Script_Restauration_SMTP_format.txt
[2026-07-09 17:15:45] [INFO] Versions source trouvées: 1
[2026-07-09 17:15:45] [INFO] Une seule version détectée (1.0 probable) : upload courant uniquement.
[2026-07-09 17:15:46] [SUCCESS] Copié avec versions: SCRIPT/Script_Restauration_SMTP_format.txt
[2026-07-09 17:15:46] [SUCCESS] Permission Entra appliquée [write] -> SCRIPT/Script_Restauration_SMTP_format.txt
[2026-07-09 17:15:46] [INFO] Traitement: /SCRIPT/Script_Room_Mailbox.txt
[2026-07-09 17:15:46] [INFO] Copie: SCRIPT/Script_Room_Mailbox.txt
[2026-07-09 17:15:47] [INFO] Versions source trouvées: 1
[2026-07-09 17:15:47] [INFO] Une seule version détectée (1.0 probable) : upload courant uniquement.
[2026-07-09 17:15:47] [SUCCESS] Copié avec versions: SCRIPT/Script_Room_Mailbox.txt
[2026-07-09 17:15:48] [SUCCESS] Permission Entra appliquée [write] -> SCRIPT/Script_Room_Mailbox.txt
[2026-07-09 17:15:48] [INFO] Traitement: /SCRIPT/Script_SGUM_ShareGate.txt
[2026-07-09 17:15:48] [INFO] Copie: SCRIPT/Script_SGUM_ShareGate.txt
[2026-07-09 17:15:48] [INFO] Versions source trouvées: 1
[2026-07-09 17:15:48] [INFO] Une seule version détectée (1.0 probable) : upload courant uniquement.
[2026-07-09 17:15:49] [SUCCESS] Copié avec versions: SCRIPT/Script_SGUM_ShareGate.txt
[2026-07-09 17:15:49] [SUCCESS] Permission Entra appliquée [write] -> SCRIPT/Script_SGUM_ShareGate.txt
[2026-07-09 17:15:49] [INFO] Traitement: /SCRIPT/SCRIPT8EXTR.txt
[2026-07-09 17:15:49] [INFO] Copie: SCRIPT/SCRIPT8EXTR.txt
[2026-07-09 17:15:50] [INFO] Versions source trouvées: 1
[2026-07-09 17:15:50] [INFO] Une seule version détectée (1.0 probable) : upload courant uniquement.
[2026-07-09 17:15:50] [SUCCESS] Copié avec versions: SCRIPT/SCRIPT8EXTR.txt
[2026-07-09 17:15:51] [SUCCESS] Permission Entra appliquée [write] -> SCRIPT/SCRIPT8EXTR.txt
[2026-07-09 17:15:51] [INFO] Traitement: /SCRIPT/SharedMailBox_FEBIS.csv
[2026-07-09 17:15:51] [INFO] Copie: SCRIPT/SharedMailBox_FEBIS.csv
[2026-07-09 17:15:51] [INFO] Versions source trouvées: 1
[2026-07-09 17:15:51] [INFO] Une seule version détectée (1.0 probable) : upload courant uniquement.
[2026-07-09 17:15:52] [SUCCESS] Copié avec versions: SCRIPT/SharedMailBox_FEBIS.csv
[2026-07-09 17:15:52] [SUCCESS] Permission Entra appliquée [write] -> SCRIPT/SharedMailBox_FEBIS.csv
[2026-07-09 17:15:52] [INFO] Traitement: /SCRIPT/suppression_champ_mail_UO.txt
[2026-07-09 17:15:52] [INFO] Copie: SCRIPT/suppression_champ_mail_UO.txt
[2026-07-09 17:15:53] [INFO] Versions source trouvées: 1
[2026-07-09 17:15:53] [INFO] Une seule version détectée (1.0 probable) : upload courant uniquement.
[2026-07-09 17:15:53] [SUCCESS] Copié avec versions: SCRIPT/suppression_champ_mail_UO.txt
[2026-07-09 17:15:54] [SUCCESS] Permission Entra appliquée [write] -> SCRIPT/suppression_champ_mail_UO.txt
[2026-07-09 17:15:54] [INFO] Traitement: /SCRIPT/suppression_SMTP_UO.txt
[2026-07-09 17:15:54] [INFO] Copie: SCRIPT/suppression_SMTP_UO.txt
[2026-07-09 17:15:54] [INFO] Versions source trouvées: 1
[2026-07-09 17:15:54] [INFO] Une seule version détectée (1.0 probable) : upload courant uniquement.
[2026-07-09 17:15:55] [SUCCESS] Copié avec versions: SCRIPT/suppression_SMTP_UO.txt
[2026-07-09 17:15:55] [SUCCESS] Permission Entra appliquée [write] -> SCRIPT/suppression_SMTP_UO.txt
[2026-07-09 17:15:55] [INFO] Traitement: /SCRIPT/User_MailBox_docuat.txt
[2026-07-09 17:15:55] [INFO] Copie: SCRIPT/User_MailBox_docuat.txt
[2026-07-09 17:15:56] [INFO] Versions source trouvées: 1
[2026-07-09 17:15:56] [INFO] Une seule version détectée (1.0 probable) : upload courant uniquement.
[2026-07-09 17:15:56] [SUCCESS] Copié avec versions: SCRIPT/User_MailBox_docuat.txt
[2026-07-09 17:15:57] [SUCCESS] Permission Entra appliquée [write] -> SCRIPT/User_MailBox_docuat.txt
[2026-07-09 17:15:57] [SUCCESS] === TERMINÉ ===
[2026-07-09 17:15:57] [WARN] Erreurs exportées: C:\Users\ffaradji-op\Desktop\Mercury script powershell\SharePoint_Errors_2026-07-09_170811.csv
