[2026-07-09 15:04:26] [INFO] =========================================
[2026-07-09 15:04:26] [SUCCESS] === COPIE SHAREPOINT + PERMISSIONS ===
[2026-07-09 15:04:26] [INFO] Version: 9.0
[2026-07-09 15:04:26] [INFO] Chargement traductions: E:\UKREiiF_FinalCopy_path.csv
[2026-07-09 15:04:26] [SUCCESS] Traductions chargées: 1
[2026-07-09 15:04:26] [SUCCESS] Mappages chargés: ID=3, Name=3
[2026-07-09 15:04:26] [INFO] Authentification...
[2026-07-09 15:04:27] [INFO] Résolution sites/drives...
[2026-07-09 15:04:27] [SUCCESS] Sites/drives résolus
[2026-07-09 15:04:27] [SUCCESS] Lignes CSV: 1938
[2026-07-09 15:04:27] [SUCCESS] Chemins uniques: 333
[2026-07-09 15:04:28] [INFO] Traitement: /Audit_user_gmail.xlsx
[2026-07-09 15:04:28] [INFO] Copie: Audit_user_gmail.xlsx
[2026-07-09 15:04:29] [SUCCESS] Copié: Audit_user_gmail.xlsx
[2026-07-09 15:04:30] [SUCCESS] Permission Entra appliquée [write] -> Audit_user_gmail.xlsx
[2026-07-09 15:04:30] [INFO] Traitement: /Capture d’écran 2026-01-27 172058.jpg
[2026-07-09 15:04:30] [INFO] Copie: Capture d’écran 2026-01-27 172058.jpg
[2026-07-09 15:04:32] [SUCCESS] Copié: Capture d’écran 2026-01-27 172058.jpg
[2026-07-09 15:04:32] [SUCCESS] Permission Entra appliquée [write] -> Capture d’écran 2026-01-27 172058.jpg
[2026-07-09 15:04:32] [INFO] Traitement: /Drive ECHOLINE/
[2026-07-09 15:04:32] [INFO] Copie: Drive ECHOLINE
[2026-07-09 15:04:33] [SUCCESS] Dossier créé: Drive ECHOLINE
[2026-07-09 15:04:33] [SUCCESS] Permission Entra appliquée [write] -> Drive ECHOLINE
[2026-07-09 15:04:34] [SUCCESS] Permission Entra appliquée [write] -> Drive ECHOLINE
[2026-07-09 15:04:34] [INFO] Traitement: /Drive ECHOLINE/01-Internal Ops/
[2026-07-09 15:04:34] [INFO] Copie: Drive ECHOLINE/01-Internal Ops
[2026-07-09 15:04:35] [SUCCESS] Dossier créé: Drive ECHOLINE/01-Internal Ops
[2026-07-09 15:04:35] [SUCCESS] Permission Entra appliquée [write] -> Drive ECHOLINE/01-Internal Ops
[2026-07-09 15:04:35] [SUCCESS] Permission Entra appliquée [write] -> Drive ECHOLINE/01-Internal Ops
[2026-07-09 15:04:35] [INFO] Traitement: /Drive ECHOLINE/01-Internal Ops/A-Veilles et traitement/
[2026-07-09 15:04:35] [INFO] Copie: Drive ECHOLINE/01-Internal Ops/A-Veilles et traitement
[2026-07-09 15:04:36] [SUCCESS] Dossier créé: Drive ECHOLINE/01-Internal Ops/A-Veilles et traitement
[2026-07-09 15:04:36] [SUCCESS] Permission Entra appliquée [write] -> Drive ECHOLINE/01-Internal Ops/A-Veilles et traitement
[2026-07-09 15:04:37] [SUCCESS] Permission Entra appliquée [write] -> Drive ECHOLINE/01-Internal Ops/A-Veilles et traitement
[2026-07-09 15:04:37] [INFO] Traitement: /Drive ECHOLINE/01-Internal Ops/A-Veilles et traitement/00 - A - Documents accessibles par l'API/
[2026-07-09 15:04:37] [INFO] Copie: Drive ECHOLINE/01-Internal Ops/A-Veilles et traitement/00 - A - Documents accessibles par l'API
[2026-07-09 15:04:38] [SUCCESS] Dossier créé: Drive ECHOLINE/01-Internal Ops/A-Veilles et traitement/00 - A - Documents accessibles par l'API
[2026-07-09 15:04:38] [SUCCESS] Permission Entra appliquée [write] -> Drive ECHOLINE/01-Internal Ops/A-Veilles et traitement/00 - A - Documents accessibles par l'API
[2026-07-09 15:04:38] [SUCCESS] Permission Entra appliquée [write] -> Drive ECHOLINE/01-Internal Ops/A-Veilles et traitement/00 - A - Documents accessibles par l'API
[2026-07-09 15:04:38] [INFO] Traitement: /Drive ECHOLINE/01-Internal Ops/A-Veilles et traitement/Veille reg. Allemagne/
[2026-07-09 15:04:38] [INFO] Copie: Drive ECHOLINE/01-Internal Ops/A-Veilles et traitement/Veille reg. Allemagne
[2026-07-09 15:04:39] [SUCCESS] Dossier créé: Drive ECHOLINE/01-Internal Ops/A-Veilles et traitement/Veille reg. Allemagne
[2026-07-09 15:04:41] [SUCCESS] Permission Entra appliquée [write] -> Drive ECHOLINE/01-Internal Ops/A-Veilles et traitement/Veille reg. Allemagne
[2026-07-09 15:04:41] [SUCCESS] Permission Entra appliquée [write] -> Drive ECHOLINE/01-Internal Ops/A-Veilles et traitement/Veille reg. Allemagne
[2026-07-09 15:04:41] [INFO] Traitement: /Drive ECHOLINE/01-Internal Ops/A-Veilles et traitement/Veille reg. Australie/
[2026-07-09 15:04:41] [INFO] Copie: Drive ECHOLINE/01-Internal Ops/A-Veilles et traitement/Veille reg. Australie
[2026-07-09 15:04:42] [SUCCESS] Dossier créé: Drive ECHOLINE/01-Internal Ops/A-Veilles et traitement/Veille reg. Australie
[2026-07-09 15:04:42] [SUCCESS] Permission Entra appliquée [write] -> Drive ECHOLINE/01-Internal Ops/A-Veilles et traitement/Veille reg. Australie
[2026-07-09 15:04:42] [SUCCESS] Permission Entra appliquée [write] -> Drive ECHOLINE/01-Internal Ops/A-Veilles et traitement/Veille reg. Australie
[2026-07-09 15:04:42] [INFO] Traitement: /Drive ECHOLINE/01-Internal Ops/A-Veilles et traitement/Veille reg. Belgique/
[2026-07-09 15:04:42] [INFO] Copie: Drive ECHOLINE/01-Internal Ops/A-Veilles et traitement/Veille reg. Belgique
[2026-07-09 15:04:43] [SUCCESS] Dossier créé: Drive ECHOLINE/01-Internal Ops/A-Veilles et traitement/Veille reg. Belgique
[2026-07-09 15:04:44] [SUCCESS] Permission Entra appliquée [write] -> Drive ECHOLINE/01-Internal Ops/A-Veilles et traitement/Veille reg. Belgique
[2026-07-09 15:04:44] [SUCCESS] Permission Entra appliquée [write] -> Drive ECHOLINE/01-Internal Ops/A-Veilles et traitement/Veille reg. Belgique
[2026-07-09 15:04:44] [INFO] Traitement: /Drive ECHOLINE/01-Internal Ops/A-Veilles et traitement/Veille reg. Brésil/
[2026-07-09 15:04:44] [INFO] Copie: Drive ECHOLINE/01-Internal Ops/A-Veilles et traitement/Veille reg. Brésil
[2026-07-09 15:04:46] [SUCCESS] Dossier créé: Drive ECHOLINE/01-Internal Ops/A-Veilles et traitement/Veille reg. Brésil
[2026-07-09 15:04:46] [SUCCESS] Permission Entra appliquée [write] -> Drive ECHOLINE/01-Internal Ops/A-Veilles et traitement/Veille reg. Brésil
[2026-07-09 15:04:46] [SUCCESS] Permission Entra appliquée [write] -> Drive ECHOLINE/01-Internal Ops/A-Veilles et traitement/Veille reg. Brésil
[2026-07-09 15:04:46] [INFO] Traitement: /Drive ECHOLINE/01-Internal Ops/A-Veilles et traitement/Veille reg. Canada/
[2026-07-09 15:04:46] [INFO] Copie: Drive ECHOLINE/01-Internal Ops/A-Veilles et traitement/Veille reg. Canada
[2026-07-09 15:04:47] [SUCCESS] Dossier créé: Drive ECHOLINE/01-Internal Ops/A-Veilles et traitement/Veille reg. Canada
[2026-07-09 15:04:47] [SUCCESS] Permission Entra appliquée [write] -> Drive ECHOLINE/01-Internal Ops/A-Veilles et traitement/Veille reg. Canada
[2026-07-09 15:04:47] [SUCCESS] Permission Entra appliquée [write] -> Drive ECHOLINE/01-Internal Ops/A-Veilles et traitement/Veille reg. Canada
[2026-07-09 15:04:47] [INFO] Traitement: /Drive ECHOLINE/01-Internal Ops/A-Veilles et traitement/Veille reg. Corée du Sud/
[2026-07-09 15:04:47] [INFO] Copie: Drive ECHOLINE/01-Internal Ops/A-Veilles et traitement/Veille reg. Corée du Sud
[2026-07-09 15:04:49] [SUCCESS] Dossier créé: Drive ECHOLINE/01-Internal Ops/A-Veilles et traitement/Veille reg. Corée du Sud
[2026-07-09 15:04:49] [SUCCESS] Permission Entra appliquée [write] -> Drive ECHOLINE/01-Internal Ops/A-Veilles et traitement/Veille reg. Corée du Sud
[2026-07-09 15:04:49] [SUCCESS] Permission Entra appliquée [write] -> Drive ECHOLINE/01-Internal Ops/A-Veilles et traitement/Veille reg. Corée du Sud
[2026-07-09 15:04:49] [INFO] Traitement: /Drive ECHOLINE/01-Internal Ops/A-Veilles et traitement/Veille reg. Espagne/
[2026-07-09 15:04:49] [INFO] Copie: Drive ECHOLINE/01-Internal Ops/A-Veilles et traitement/Veille reg. Espagne
[2026-07-09 15:04:50] [SUCCESS] Dossier créé: Drive ECHOLINE/01-Internal Ops/A-Veilles et traitement/Veille reg. Espagne
[2026-07-09 15:04:50] [SUCCESS] Permission Entra appliquée [write] -> Drive ECHOLINE/01-Internal Ops/A-Veilles et traitement/Veille reg. Espagne
[2026-07-09 15:04:50] [SUCCESS] Permission Entra appliquée [write] -> Drive ECHOLINE/01-Internal Ops/A-Veilles et traitement/Veille reg. Espagne
[2026-07-09 15:04:50] [INFO] Traitement: /Drive ECHOLINE/01-Internal Ops/A-Veilles et traitement/Veille reg. Estonie/
[2026-07-09 15:04:50] [INFO] Copie: Drive ECHOLINE/01-Internal Ops/A-Veilles et traitement/Veille reg. Estonie
[2026-07-09 15:04:51] [SUCCESS] Dossier créé: Drive ECHOLINE/01-Internal Ops/A-Veilles et traitement/Veille reg. Estonie
[2026-07-09 15:04:52] [SUCCESS] Permission Entra appliquée [write] -> Drive ECHOLINE/01-Internal Ops/A-Veilles et traitement/Veille reg. Estonie
[2026-07-09 15:04:52] [SUCCESS] Permission Entra appliquée [write] -> Drive ECHOLINE/01-Internal Ops/A-Veilles et traitement/Veille reg. Estonie
[2026-07-09 15:04:52] [INFO] Traitement: /Drive ECHOLINE/01-Internal Ops/A-Veilles et traitement/Veille reg. Europe/
[2026-07-09 15:04:52] [INFO] Copie: Drive ECHOLINE/01-Internal Ops/A-Veilles et traitement/Veille reg. Europe
[2026-07-09 15:04:53] [SUCCESS] Dossier créé: Drive ECHOLINE/01-Internal Ops/A-Veilles et traitement/Veille reg. Europe
[2026-07-09 15:04:53] [SUCCESS] Permission Entra appliquée [write] -> Drive ECHOLINE/01-Internal Ops/A-Veilles et traitement/Veille reg. Europe
[2026-07-09 15:04:53] [SUCCESS] Permission Entra appliquée [write] -> Drive ECHOLINE/01-Internal Ops/A-Veilles et traitement/Veille reg. Europe
[2026-07-09 15:04:53] [INFO] Traitement: /Drive ECHOLINE/01-Internal Ops/A-Veilles et traitement/Veille reg. Finlande/
[2026-07-09 15:04:53] [INFO] Copie: Drive ECHOLINE/01-Internal Ops/A-Veilles et traitement/Veille reg. Finlande
[2026-07-09 15:04:54] [SUCCESS] Dossier créé: Drive ECHOLINE/01-Internal Ops/A-Veilles et traitement/Veille reg. Finlande
[2026-07-09 15:04:55] [SUCCESS] Permission Entra appliquée [write] -> Drive ECHOLINE/01-Internal Ops/A-Veilles et traitement/Veille reg. Finlande
[2026-07-09 15:04:55] [SUCCESS] Permission Entra appliquée [write] -> Drive ECHOLINE/01-Internal Ops/A-Veilles et traitement/Veille reg. Finlande
[2026-07-09 15:04:55] [INFO] Traitement: /Drive ECHOLINE/01-Internal Ops/A-Veilles et traitement/Veille reg. France/
[2026-07-09 15:04:55] [INFO] Copie: Drive ECHOLINE/01-Internal Ops/A-Veilles et traitement/Veille reg. France
[2026-07-09 15:04:56] [SUCCESS] Dossier créé: Drive ECHOLINE/01-Internal Ops/A-Veilles et traitement/Veille reg. France
[2026-07-09 15:04:56] [SUCCESS] Permission Entra appliquée [write] -> Drive ECHOLINE/01-Internal Ops/A-Veilles et traitement/Veille reg. France
[2026-07-09 15:04:57] [SUCCESS] Permission Entra appliquée [write] -> Drive ECHOLINE/01-Internal Ops/A-Veilles et traitement/Veille reg. France
[2026-07-09 15:04:57] [INFO] Traitement: /Drive ECHOLINE/01-Internal Ops/A-Veilles et traitement/Veille reg. Inde/
[2026-07-09 15:04:57] [INFO] Copie: Drive ECHOLINE/01-Internal Ops/A-Veilles et traitement/Veille reg. Inde
[2026-07-09 15:04:57] [SUCCESS] Dossier créé: Drive ECHOLINE/01-Internal Ops/A-Veilles et traitement/Veille reg. Inde
[2026-07-09 15:04:58] [SUCCESS] Permission Entra appliquée [write] -> Drive ECHOLINE/01-Internal Ops/A-Veilles et traitement/Veille reg. Inde
[2026-07-09 15:04:58] [SUCCESS] Permission Entra appliquée [write] -> Drive ECHOLINE/01-Internal Ops/A-Veilles et traitement/Veille reg. Inde
[2026-07-09 15:04:58] [INFO] Traitement: /Drive ECHOLINE/01-Internal Ops/A-Veilles et traitement/Veille reg. Irlande/
[2026-07-09 15:04:58] [INFO] Copie: Drive ECHOLINE/01-Internal Ops/A-Veilles et traitement/Veille reg. Irlande
[2026-07-09 15:04:59] [SUCCESS] Dossier créé: Drive ECHOLINE/01-Internal Ops/A-Veilles et traitement/Veille reg. Irlande
[2026-07-09 15:04:59] [SUCCESS] Permission Entra appliquée [write] -> Drive ECHOLINE/01-Internal Ops/A-Veilles et traitement/Veille reg. Irlande
[2026-07-09 15:04:59] [SUCCESS] Permission Entra appliquée [write] -> Drive ECHOLINE/01-Internal Ops/A-Veilles et traitement/Veille reg. Irlande
[2026-07-09 15:04:59] [INFO] Traitement: /Drive ECHOLINE/01-Internal Ops/A-Veilles et traitement/Veille reg. Italie/
[2026-07-09 15:04:59] [INFO] Copie: Drive ECHOLINE/01-Internal Ops/A-Veilles et traitement/Veille reg. Italie
[2026-07-09 15:05:00] [SUCCESS] Dossier créé: Drive ECHOLINE/01-Internal Ops/A-Veilles et traitement/Veille reg. Italie
[2026-07-09 15:05:00] [SUCCESS] Permission Entra appliquée [write] -> Drive ECHOLINE/01-Internal Ops/A-Veilles et traitement/Veille reg. Italie
[2026-07-09 15:05:01] [SUCCESS] Permission Entra appliquée [write] -> Drive ECHOLINE/01-Internal Ops/A-Veilles et traitement/Veille reg. Italie
[2026-07-09 15:05:01] [INFO] Traitement: /Drive ECHOLINE/01-Internal Ops/A-Veilles et traitement/Veille reg. Luxembourg/
[2026-07-09 15:05:01] [INFO] Copie: Drive ECHOLINE/01-Internal Ops/A-Veilles et traitement/Veille reg. Luxembourg
[2026-07-09 15:05:02] [SUCCESS] Dossier créé: Drive ECHOLINE/01-Internal Ops/A-Veilles et traitement/Veille reg. Luxembourg
[2026-07-09 15:05:03] [SUCCESS] Permission Entra appliquée [write] -> Drive ECHOLINE/01-Internal Ops/A-Veilles et traitement/Veille reg. Luxembourg
[2026-07-09 15:05:03] [SUCCESS] Permission Entra appliquée [write] -> Drive ECHOLINE/01-Internal Ops/A-Veilles et traitement/Veille reg. Luxembourg
[2026-07-09 15:05:03] [INFO] Traitement: /Drive ECHOLINE/01-Internal Ops/A-Veilles et traitement/Veille reg. Malaysie/
[2026-07-09 15:05:03] [INFO] Copie: Drive ECHOLINE/01-Internal Ops/A-Veilles et traitement/Veille reg. Malaysie
[2026-07-09 15:05:04] [SUCCESS] Dossier créé: Drive ECHOLINE/01-Internal Ops/A-Veilles et traitement/Veille reg. Malaysie
[2026-07-09 15:05:04] [SUCCESS] Permission Entra appliquée [write] -> Drive ECHOLINE/01-Internal Ops/A-Veilles et traitement/Veille reg. Malaysie
[2026-07-09 15:05:04] [SUCCESS] Permission Entra appliquée [write] -> Drive ECHOLINE/01-Internal Ops/A-Veilles et traitement/Veille reg. Malaysie
[2026-07-09 15:05:04] [INFO] Traitement: /Drive ECHOLINE/01-Internal Ops/A-Veilles et traitement/Veille reg. Maroc/
[2026-07-09 15:05:04] [INFO] Copie: Drive ECHOLINE/01-Internal Ops/A-Veilles et traitement/Veille reg. Maroc
[2026-07-09 15:05:05] [SUCCESS] Dossier créé: Drive ECHOLINE/01-Internal Ops/A-Veilles et traitement/Veille reg. Maroc
[2026-07-09 15:05:05] [SUCCESS] Permission Entra appliquée [write] -> Drive ECHOLINE/01-Internal Ops/A-Veilles et traitement/Veille reg. Maroc
[2026-07-09 15:05:06] [SUCCESS] Permission Entra appliquée [write] -> Drive ECHOLINE/01-Internal Ops/A-Veilles et traitement/Veille reg. Maroc
[2026-07-09 15:05:06] [INFO] Traitement: /Drive ECHOLINE/01-Internal Ops/A-Veilles et traitement/Veille reg. Pologne/
[2026-07-09 15:05:06] [INFO] Copie: Drive ECHOLINE/01-Internal Ops/A-Veilles et traitement/Veille reg. Pologne
[2026-07-09 15:05:07] [SUCCESS] Dossier créé: Drive ECHOLINE/01-Internal Ops/A-Veilles et traitement/Veille reg. Pologne
[2026-07-09 15:05:07] [SUCCESS] Permission Entra appliquée [write] -> Drive ECHOLINE/01-Internal Ops/A-Veilles et traitement/Veille reg. Pologne
[2026-07-09 15:05:07] [SUCCESS] Permission Entra appliquée [write] -> Drive ECHOLINE/01-Internal Ops/A-Veilles et traitement/Veille reg. Pologne
[2026-07-09 15:05:07] [INFO] Traitement: /Drive ECHOLINE/01-Internal Ops/A-Veilles et traitement/Veille reg. Portugal/
[2026-07-09 15:05:07] [INFO] Copie: Drive ECHOLINE/01-Internal Ops/A-Veilles et traitement/Veille reg. Portugal
[2026-07-09 15:05:08] [SUCCESS] Dossier créé: Drive ECHOLINE/01-Internal Ops/A-Veilles et traitement/Veille reg. Portugal
[2026-07-09 15:05:09] [SUCCESS] Permission Entra appliquée [write] -> Drive ECHOLINE/01-Internal Ops/A-Veilles et traitement/Veille reg. Portugal
[2026-07-09 15:05:09] [SUCCESS] Permission Entra appliquée [write] -> Drive ECHOLINE/01-Internal Ops/A-Veilles et traitement/Veille reg. Portugal
[2026-07-09 15:05:09] [INFO] Traitement: /Drive ECHOLINE/01-Internal Ops/A-Veilles et traitement/Veille reg. Royaume-Uni/
[2026-07-09 15:05:09] [INFO] Copie: Drive ECHOLINE/01-Internal Ops/A-Veilles et traitement/Veille reg. Royaume-Uni
[2026-07-09 15:05:10] [SUCCESS] Dossier créé: Drive ECHOLINE/01-Internal Ops/A-Veilles et traitement/Veille reg. Royaume-Uni
[2026-07-09 15:05:10] [SUCCESS] Permission Entra appliquée [write] -> Drive ECHOLINE/01-Internal Ops/A-Veilles et traitement/Veille reg. Royaume-Uni
[2026-07-09 15:05:10] [SUCCESS] Permission Entra appliquée [write] -> Drive ECHOLINE/01-Internal Ops/A-Veilles et traitement/Veille reg. Royaume-Uni
[2026-07-09 15:05:10] [INFO] Traitement: /Drive ECHOLINE/01-Internal Ops/A-Veilles et traitement/Veille reg. Singapour/
[2026-07-09 15:05:10] [INFO] Copie: Drive ECHOLINE/01-Internal Ops/A-Veilles et traitement/Veille reg. Singapour
[2026-07-09 15:05:11] [SUCCESS] Dossier créé: Drive ECHOLINE/01-Internal Ops/A-Veilles et traitement/Veille reg. Singapour
[2026-07-09 15:05:11] [SUCCESS] Permission Entra appliquée [write] -> Drive ECHOLINE/01-Internal Ops/A-Veilles et traitement/Veille reg. Singapour
[2026-07-09 15:05:12] [SUCCESS] Permission Entra appliquée [write] -> Drive ECHOLINE/01-Internal Ops/A-Veilles et traitement/Veille reg. Singapour
[2026-07-09 15:05:12] [INFO] Traitement: /Drive ECHOLINE/01-Internal Ops/A-Veilles et traitement/Veille reg. Suède/
[2026-07-09 15:05:12] [INFO] Copie: Drive ECHOLINE/01-Internal Ops/A-Veilles et traitement/Veille reg. Suède
[2026-07-09 15:05:13] [SUCCESS] Dossier créé: Drive ECHOLINE/01-Internal Ops/A-Veilles et traitement/Veille reg. Suède
[2026-07-09 15:05:13] [SUCCESS] Permission Entra appliquée [write] -> Drive ECHOLINE/01-Internal Ops/A-Veilles et traitement/Veille reg. Suède
[2026-07-09 15:05:13] [SUCCESS] Permission Entra appliquée [write] -> Drive ECHOLINE/01-Internal Ops/A-Veilles et traitement/Veille reg. Suède
[2026-07-09 15:05:13] [INFO] Traitement: /Drive ECHOLINE/01-Internal Ops/A-Veilles et traitement/Veille reg. Suisse/
[2026-07-09 15:05:13] [INFO] Copie: Drive ECHOLINE/01-Internal Ops/A-Veilles et traitement/Veille reg. Suisse
[2026-07-09 15:05:14] [SUCCESS] Dossier créé: Drive ECHOLINE/01-Internal Ops/A-Veilles et traitement/Veille reg. Suisse
[2026-07-09 15:05:14] [SUCCESS] Permission Entra appliquée [write] -> Drive ECHOLINE/01-Internal Ops/A-Veilles et traitement/Veille reg. Suisse
[2026-07-09 15:05:15] [SUCCESS] Permission Entra appliquée [write] -> Drive ECHOLINE/01-Internal Ops/A-Veilles et traitement/Veille reg. Suisse
[2026-07-09 15:05:15] [INFO] Traitement: /Drive ECHOLINE/01-Internal Ops/A-Veilles et traitement/Veille reg. Tunisie/
[2026-07-09 15:05:15] [INFO] Copie: Drive ECHOLINE/01-Internal Ops/A-Veilles et traitement/Veille reg. Tunisie
[2026-07-09 15:05:16] [SUCCESS] Dossier créé: Drive ECHOLINE/01-Internal Ops/A-Veilles et traitement/Veille reg. Tunisie
[2026-07-09 15:05:16] [SUCCESS] Permission Entra appliquée [write] -> Drive ECHOLINE/01-Internal Ops/A-Veilles et traitement/Veille reg. Tunisie
[2026-07-09 15:05:16] [SUCCESS] Permission Entra appliquée [write] -> Drive ECHOLINE/01-Internal Ops/A-Veilles et traitement/Veille reg. Tunisie
[2026-07-09 15:05:16] [INFO] Traitement: /Drive ECHOLINE/01-Internal Ops/A-Veilles et traitement/Veille reg. USA/
[2026-07-09 15:05:16] [INFO] Copie: Drive ECHOLINE/01-Internal Ops/A-Veilles et traitement/Veille reg. USA
[2026-07-09 15:05:17] [SUCCESS] Dossier créé: Drive ECHOLINE/01-Internal Ops/A-Veilles et traitement/Veille reg. USA
[2026-07-09 15:05:17] [SUCCESS] Permission Entra appliquée [write] -> Drive ECHOLINE/01-Internal Ops/A-Veilles et traitement/Veille reg. USA
[2026-07-09 15:05:17] [SUCCESS] Permission Entra appliquée [write] -> Drive ECHOLINE/01-Internal Ops/A-Veilles et traitement/Veille reg. USA
[2026-07-09 15:05:17] [INFO] Traitement: /Drive ECHOLINE/01-Internal Ops/B-Partenaires veille int._/
[2026-07-09 15:05:17] [INFO] Copie: Drive ECHOLINE/01-Internal Ops/B-Partenaires veille int._
[2026-07-09 15:05:18] [SUCCESS] Dossier créé: Drive ECHOLINE/01-Internal Ops/B-Partenaires veille int._
[2026-07-09 15:05:18] [SUCCESS] Permission Entra appliquée [write] -> Drive ECHOLINE/01-Internal Ops/B-Partenaires veille int._
[2026-07-09 15:05:19] [SUCCESS] Permission Entra appliquée [write] -> Drive ECHOLINE/01-Internal Ops/B-Partenaires veille int._
[2026-07-09 15:05:19] [INFO] Traitement: /Drive ECHOLINE/01-Internal Ops/B-Partenaires veille int._/Nimonik/
[2026-07-09 15:05:19] [INFO] Copie: Drive ECHOLINE/01-Internal Ops/B-Partenaires veille int._/Nimonik
[2026-07-09 15:05:20] [SUCCESS] Dossier créé: Drive ECHOLINE/01-Internal Ops/B-Partenaires veille int._/Nimonik
[2026-07-09 15:05:20] [SUCCESS] Permission Entra appliquée [write] -> Drive ECHOLINE/01-Internal Ops/B-Partenaires veille int._/Nimonik
[2026-07-09 15:05:20] [SUCCESS] Permission Entra appliquée [write] -> Drive ECHOLINE/01-Internal Ops/B-Partenaires veille int._/Nimonik
[2026-07-09 15:05:20] [INFO] Traitement: /Drive ECHOLINE/01-Internal Ops/B-Partenaires veille int._/Notisum/
[2026-07-09 15:05:20] [INFO] Copie: Drive ECHOLINE/01-Internal Ops/B-Partenaires veille int._/Notisum
[2026-07-09 15:05:21] [SUCCESS] Dossier créé: Drive ECHOLINE/01-Internal Ops/B-Partenaires veille int._/Notisum
[2026-07-09 15:05:21] [SUCCESS] Permission Entra appliquée [write] -> Drive ECHOLINE/01-Internal Ops/B-Partenaires veille int._/Notisum
[2026-07-09 15:05:21] [SUCCESS] Permission Entra appliquée [write] -> Drive ECHOLINE/01-Internal Ops/B-Partenaires veille int._/Notisum
[2026-07-09 15:05:21] [INFO] Traitement: /Drive ECHOLINE/01-Internal Ops/B-Partenaires veille int._/ZZ-Archives/
[2026-07-09 15:05:21] [INFO] Copie: Drive ECHOLINE/01-Internal Ops/B-Partenaires veille int._/ZZ-Archives
[2026-07-09 15:05:23] [SUCCESS] Dossier créé: Drive ECHOLINE/01-Internal Ops/B-Partenaires veille int._/ZZ-Archives
[2026-07-09 15:05:23] [SUCCESS] Permission Entra appliquée [write] -> Drive ECHOLINE/01-Internal Ops/B-Partenaires veille int._/ZZ-Archives
[2026-07-09 15:05:23] [SUCCESS] Permission Entra appliquée [write] -> Drive ECHOLINE/01-Internal Ops/B-Partenaires veille int._/ZZ-Archives
[2026-07-09 15:05:23] [INFO] Traitement: /Drive ECHOLINE/01-Internal Ops/C-Projets/
[2026-07-09 15:05:23] [INFO] Copie: Drive ECHOLINE/01-Internal Ops/C-Projets
[2026-07-09 15:05:24] [SUCCESS] Dossier créé: Drive ECHOLINE/01-Internal Ops/C-Projets
[2026-07-09 15:05:24] [SUCCESS] Permission Entra appliquée [write] -> Drive ECHOLINE/01-Internal Ops/C-Projets
[2026-07-09 15:05:25] [SUCCESS] Permission Entra appliquée [write] -> Drive ECHOLINE/01-Internal Ops/C-Projets
[2026-07-09 15:05:25] [INFO] Traitement: /Drive ECHOLINE/01-Internal Ops/C-Projets/Fiches thématiques/
[2026-07-09 15:05:25] [INFO] Copie: Drive ECHOLINE/01-Internal Ops/C-Projets/Fiches thématiques
[2026-07-09 15:05:26] [SUCCESS] Dossier créé: Drive ECHOLINE/01-Internal Ops/C-Projets/Fiches thématiques
[2026-07-09 15:05:27] [SUCCESS] Permission Entra appliquée [write] -> Drive ECHOLINE/01-Internal Ops/C-Projets/Fiches thématiques
[2026-07-09 15:05:27] [SUCCESS] Permission Entra appliquée [write] -> Drive ECHOLINE/01-Internal Ops/C-Projets/Fiches thématiques
[2026-07-09 15:05:27] [INFO] Traitement: /Drive ECHOLINE/01-Internal Ops/C-Projets/Normes/
[2026-07-09 15:05:27] [INFO] Copie: Drive ECHOLINE/01-Internal Ops/C-Projets/Normes
[2026-07-09 15:05:28] [SUCCESS] Dossier créé: Drive ECHOLINE/01-Internal Ops/C-Projets/Normes
[2026-07-09 15:05:28] [SUCCESS] Permission Entra appliquée [write] -> Drive ECHOLINE/01-Internal Ops/C-Projets/Normes
[2026-07-09 15:05:29] [SUCCESS] Permission Entra appliquée [write] -> Drive ECHOLINE/01-Internal Ops/C-Projets/Normes
[2026-07-09 15:05:29] [INFO] Traitement: /Drive ECHOLINE/01-Internal Ops/C-Projets/Projet QSE Veille/
[2026-07-09 15:05:29] [INFO] Copie: Drive ECHOLINE/01-Internal Ops/C-Projets/Projet QSE Veille
[2026-07-09 15:05:30] [SUCCESS] Dossier créé: Drive ECHOLINE/01-Internal Ops/C-Projets/Projet QSE Veille
[2026-07-09 15:05:30] [SUCCESS] Permission Entra appliquée [write] -> Drive ECHOLINE/01-Internal Ops/C-Projets/Projet QSE Veille
[2026-07-09 15:05:30] [SUCCESS] Permission Entra appliquée [write] -> Drive ECHOLINE/01-Internal Ops/C-Projets/Projet QSE Veille
[2026-07-09 15:05:30] [INFO] Traitement: /Drive ECHOLINE/01-Internal Ops/D-OKRs-KPIs/
[2026-07-09 15:05:30] [INFO] Copie: Drive ECHOLINE/01-Internal Ops/D-OKRs-KPIs
[2026-07-09 15:05:31] [SUCCESS] Dossier créé: Drive ECHOLINE/01-Internal Ops/D-OKRs-KPIs
[2026-07-09 15:05:31] [SUCCESS] Permission Entra appliquée [write] -> Drive ECHOLINE/01-Internal Ops/D-OKRs-KPIs
[2026-07-09 15:05:31] [SUCCESS] Permission Entra appliquée [write] -> Drive ECHOLINE/01-Internal Ops/D-OKRs-KPIs
[2026-07-09 15:05:31] [INFO] Traitement: /Drive ECHOLINE/01-Internal Ops/E-Ressources juridiques/
[2026-07-09 15:05:31] [INFO] Copie: Drive ECHOLINE/01-Internal Ops/E-Ressources juridiques
[2026-07-09 15:05:32] [SUCCESS] Dossier créé: Drive ECHOLINE/01-Internal Ops/E-Ressources juridiques
[2026-07-09 15:05:32] [SUCCESS] Permission Entra appliquée [write] -> Drive ECHOLINE/01-Internal Ops/E-Ressources juridiques
[2026-07-09 15:05:33] [SUCCESS] Permission Entra appliquée [write] -> Drive ECHOLINE/01-Internal Ops/E-Ressources juridiques
[2026-07-09 15:05:33] [INFO] Traitement: /Drive ECHOLINE/01-Internal Ops/E-Ressources juridiques/Environnement/
[2026-07-09 15:05:33] [INFO] Copie: Drive ECHOLINE/01-Internal Ops/E-Ressources juridiques/Environnement
[2026-07-09 15:05:34] [SUCCESS] Dossier créé: Drive ECHOLINE/01-Internal Ops/E-Ressources juridiques/Environnement
[2026-07-09 15:05:34] [SUCCESS] Permission Entra appliquée [write] -> Drive ECHOLINE/01-Internal Ops/E-Ressources juridiques/Environnement
[2026-07-09 15:05:35] [SUCCESS] Permission Entra appliquée [write] -> Drive ECHOLINE/01-Internal Ops/E-Ressources juridiques/Environnement
[2026-07-09 15:05:35] [INFO] Traitement: /Drive ECHOLINE/01-Internal Ops/E-Ressources juridiques/Sécurité au travail/
[2026-07-09 15:05:35] [INFO] Copie: Drive ECHOLINE/01-Internal Ops/E-Ressources juridiques/Sécurité au travail
[2026-07-09 15:05:36] [SUCCESS] Dossier créé: Drive ECHOLINE/01-Internal Ops/E-Ressources juridiques/Sécurité au travail
[2026-07-09 15:05:36] [SUCCESS] Permission Entra appliquée [write] -> Drive ECHOLINE/01-Internal Ops/E-Ressources juridiques/Sécurité au travail
[2026-07-09 15:05:36] [SUCCESS] Permission Entra appliquée [write] -> Drive ECHOLINE/01-Internal Ops/E-Ressources juridiques/Sécurité au travail
[2026-07-09 15:05:36] [INFO] Traitement: /Drive ECHOLINE/01-Internal Ops/ZZ-Archives/
[2026-07-09 15:05:36] [INFO] Copie: Drive ECHOLINE/01-Internal Ops/ZZ-Archives
[2026-07-09 15:05:37] [SUCCESS] Dossier créé: Drive ECHOLINE/01-Internal Ops/ZZ-Archives
[2026-07-09 15:05:37] [SUCCESS] Permission Entra appliquée [write] -> Drive ECHOLINE/01-Internal Ops/ZZ-Archives
[2026-07-09 15:05:38] [SUCCESS] Permission Entra appliquée [write] -> Drive ECHOLINE/01-Internal Ops/ZZ-Archives
[2026-07-09 15:05:38] [INFO] Traitement: /Drive ECHOLINE/01-Internal Ops/ZZ-Archives/Check List - Traitement/
[2026-07-09 15:05:38] [INFO] Copie: Drive ECHOLINE/01-Internal Ops/ZZ-Archives/Check List - Traitement
[2026-07-09 15:05:39] [SUCCESS] Dossier créé: Drive ECHOLINE/01-Internal Ops/ZZ-Archives/Check List - Traitement
[2026-07-09 15:05:39] [SUCCESS] Permission Entra appliquée [write] -> Drive ECHOLINE/01-Internal Ops/ZZ-Archives/Check List - Traitement
[2026-07-09 15:05:39] [SUCCESS] Permission Entra appliquée [write] -> Drive ECHOLINE/01-Internal Ops/ZZ-Archives/Check List - Traitement
[2026-07-09 15:05:39] [INFO] Traitement: /Drive ECHOLINE/01-Internal Ops/ZZ-Archives/Process et procédures/
[2026-07-09 15:05:39] [INFO] Copie: Drive ECHOLINE/01-Internal Ops/ZZ-Archives/Process et procédures
[2026-07-09 15:05:41] [SUCCESS] Dossier créé: Drive ECHOLINE/01-Internal Ops/ZZ-Archives/Process et procédures
[2026-07-09 15:05:41] [SUCCESS] Permission Entra appliquée [write] -> Drive ECHOLINE/01-Internal Ops/ZZ-Archives/Process et procédures
[2026-07-09 15:05:41] [SUCCESS] Permission Entra appliquée [write] -> Drive ECHOLINE/01-Internal Ops/ZZ-Archives/Process et procédures
[2026-07-09 15:05:41] [INFO] Traitement: /Drive ECHOLINE/01-Internal Ops/ZZ-Archives/Questionnaires/
[2026-07-09 15:05:41] [INFO] Copie: Drive ECHOLINE/01-Internal Ops/ZZ-Archives/Questionnaires
[2026-07-09 15:05:43] [SUCCESS] Dossier créé: Drive ECHOLINE/01-Internal Ops/ZZ-Archives/Questionnaires
[2026-07-09 15:05:44] [SUCCESS] Permission Entra appliquée [write] -> Drive ECHOLINE/01-Internal Ops/ZZ-Archives/Questionnaires
[2026-07-09 15:05:44] [SUCCESS] Permission Entra appliquée [write] -> Drive ECHOLINE/01-Internal Ops/ZZ-Archives/Questionnaires
[2026-07-09 15:05:44] [INFO] Traitement: /Drive ECHOLINE/01-Internal Ops/ZZ-Archives/Thématiques/
[2026-07-09 15:05:44] [INFO] Copie: Drive ECHOLINE/01-Internal Ops/ZZ-Archives/Thématiques
[2026-07-09 15:05:45] [SUCCESS] Dossier créé: Drive ECHOLINE/01-Internal Ops/ZZ-Archives/Thématiques
[2026-07-09 15:05:45] [SUCCESS] Permission Entra appliquée [write] -> Drive ECHOLINE/01-Internal Ops/ZZ-Archives/Thématiques
[2026-07-09 15:05:46] [SUCCESS] Permission Entra appliquée [write] -> Drive ECHOLINE/01-Internal Ops/ZZ-Archives/Thématiques
[2026-07-09 15:05:46] [INFO] Traitement: /Drive ECHOLINE/02-External Ops/
[2026-07-09 15:05:46] [INFO] Copie: Drive ECHOLINE/02-External Ops
[2026-07-09 15:05:46] [SUCCESS] Dossier créé: Drive ECHOLINE/02-External Ops
[2026-07-09 15:05:47] [SUCCESS] Permission Entra appliquée [write] -> Drive ECHOLINE/02-External Ops
[2026-07-09 15:05:47] [SUCCESS] Permission Entra appliquée [write] -> Drive ECHOLINE/02-External Ops
[2026-07-09 15:05:47] [INFO] Traitement: /Drive ECHOLINE/02-External Ops/A-Suivi prod/
[2026-07-09 15:05:47] [INFO] Copie: Drive ECHOLINE/02-External Ops/A-Suivi prod
[2026-07-09 15:05:48] [SUCCESS] Dossier créé: Drive ECHOLINE/02-External Ops/A-Suivi prod
[2026-07-09 15:05:48] [SUCCESS] Permission Entra appliquée [write] -> Drive ECHOLINE/02-External Ops/A-Suivi prod
[2026-07-09 15:05:48] [SUCCESS] Permission Entra appliquée [write] -> Drive ECHOLINE/02-External Ops/A-Suivi prod
[2026-07-09 15:05:48] [INFO] Traitement: /Drive ECHOLINE/02-External Ops/B-Clients/
[2026-07-09 15:05:48] [INFO] Copie: Drive ECHOLINE/02-External Ops/B-Clients
[2026-07-09 15:05:49] [SUCCESS] Dossier créé: Drive ECHOLINE/02-External Ops/B-Clients
[2026-07-09 15:05:49] [SUCCESS] Permission Entra appliquée [write] -> Drive ECHOLINE/02-External Ops/B-Clients
[2026-07-09 15:05:49] [SUCCESS] Permission Entra appliquée [write] -> Drive ECHOLINE/02-External Ops/B-Clients
[2026-07-09 15:05:49] [INFO] Traitement: /Drive ECHOLINE/02-External Ops/C-Services/
[2026-07-09 15:05:49] [INFO] Copie: Drive ECHOLINE/02-External Ops/C-Services
[2026-07-09 15:05:50] [SUCCESS] Dossier créé: Drive ECHOLINE/02-External Ops/C-Services
[2026-07-09 15:05:50] [SUCCESS] Permission Entra appliquée [write] -> Drive ECHOLINE/02-External Ops/C-Services
[2026-07-09 15:05:51] [SUCCESS] Permission Entra appliquée [write] -> Drive ECHOLINE/02-External Ops/C-Services
[2026-07-09 15:05:51] [INFO] Traitement: /Drive ECHOLINE/02-External Ops/D-Projets/
[2026-07-09 15:05:51] [INFO] Copie: Drive ECHOLINE/02-External Ops/D-Projets
[2026-07-09 15:05:51] [SUCCESS] Dossier créé: Drive ECHOLINE/02-External Ops/D-Projets
[2026-07-09 15:05:52] [SUCCESS] Permission Entra appliquée [write] -> Drive ECHOLINE/02-External Ops/D-Projets
[2026-07-09 15:05:52] [SUCCESS] Permission Entra appliquée [write] -> Drive ECHOLINE/02-External Ops/D-Projets
[2026-07-09 15:05:52] [INFO] Traitement: /Drive ECHOLINE/02-External Ops/ZZ-Archives/
[2026-07-09 15:05:52] [INFO] Copie: Drive ECHOLINE/02-External Ops/ZZ-Archives
[2026-07-09 15:05:52] [SUCCESS] Dossier créé: Drive ECHOLINE/02-External Ops/ZZ-Archives
[2026-07-09 15:05:53] [SUCCESS] Permission Entra appliquée [write] -> Drive ECHOLINE/02-External Ops/ZZ-Archives
[2026-07-09 15:05:53] [SUCCESS] Permission Entra appliquée [write] -> Drive ECHOLINE/02-External Ops/ZZ-Archives
[2026-07-09 15:05:53] [INFO] Traitement: /Drive ECHOLINE/03-Customer Care/
[2026-07-09 15:05:53] [INFO] Copie: Drive ECHOLINE/03-Customer Care
[2026-07-09 15:05:54] [SUCCESS] Dossier créé: Drive ECHOLINE/03-Customer Care
[2026-07-09 15:05:54] [SUCCESS] Permission Entra appliquée [write] -> Drive ECHOLINE/03-Customer Care
[2026-07-09 15:05:54] [SUCCESS] Permission Entra appliquée [write] -> Drive ECHOLINE/03-Customer Care
[2026-07-09 15:05:54] [INFO] Traitement: /Drive ECHOLINE/03-Customer Care/A-Hotline/
[2026-07-09 15:05:54] [INFO] Copie: Drive ECHOLINE/03-Customer Care/A-Hotline
[2026-07-09 15:05:55] [SUCCESS] Dossier créé: Drive ECHOLINE/03-Customer Care/A-Hotline
[2026-07-09 15:05:55] [SUCCESS] Permission Entra appliquée [write] -> Drive ECHOLINE/03-Customer Care/A-Hotline
[2026-07-09 15:05:55] [SUCCESS] Permission Entra appliquée [write] -> Drive ECHOLINE/03-Customer Care/A-Hotline
[2026-07-09 15:05:55] [INFO] Traitement: /Drive ECHOLINE/03-Customer Care/A-Hotline/Téléphone/
[2026-07-09 15:05:55] [INFO] Copie: Drive ECHOLINE/03-Customer Care/A-Hotline/Téléphone
[2026-07-09 15:05:57] [SUCCESS] Dossier créé: Drive ECHOLINE/03-Customer Care/A-Hotline/Téléphone
[2026-07-09 15:05:57] [SUCCESS] Permission Entra appliquée [write] -> Drive ECHOLINE/03-Customer Care/A-Hotline/Téléphone
[2026-07-09 15:05:57] [SUCCESS] Permission Entra appliquée [write] -> Drive ECHOLINE/03-Customer Care/A-Hotline/Téléphone
[2026-07-09 15:05:57] [INFO] Traitement: /Drive ECHOLINE/03-Customer Care/A-Hotline/ZZ-Archives/
[2026-07-09 15:05:57] [INFO] Copie: Drive ECHOLINE/03-Customer Care/A-Hotline/ZZ-Archives
[2026-07-09 15:05:58] [SUCCESS] Dossier créé: Drive ECHOLINE/03-Customer Care/A-Hotline/ZZ-Archives
[2026-07-09 15:05:58] [SUCCESS] Permission Entra appliquée [write] -> Drive ECHOLINE/03-Customer Care/A-Hotline/ZZ-Archives
[2026-07-09 15:05:59] [SUCCESS] Permission Entra appliquée [write] -> Drive ECHOLINE/03-Customer Care/A-Hotline/ZZ-Archives
[2026-07-09 15:05:59] [INFO] Traitement: /Drive ECHOLINE/03-Customer Care/B-NPS/
[2026-07-09 15:05:59] [INFO] Copie: Drive ECHOLINE/03-Customer Care/B-NPS
[2026-07-09 15:05:59] [SUCCESS] Dossier créé: Drive ECHOLINE/03-Customer Care/B-NPS
[2026-07-09 15:05:59] [SUCCESS] Permission Entra appliquée [write] -> Drive ECHOLINE/03-Customer Care/B-NPS
[2026-07-09 15:06:00] [SUCCESS] Permission Entra appliquée [write] -> Drive ECHOLINE/03-Customer Care/B-NPS
[2026-07-09 15:06:00] [INFO] Traitement: /Drive ECHOLINE/03-Customer Care/B-NPS/ZZ-Archives/
[2026-07-09 15:06:00] [INFO] Copie: Drive ECHOLINE/03-Customer Care/B-NPS/ZZ-Archives
[2026-07-09 15:06:01] [SUCCESS] Dossier créé: Drive ECHOLINE/03-Customer Care/B-NPS/ZZ-Archives
[2026-07-09 15:06:01] [SUCCESS] Permission Entra appliquée [write] -> Drive ECHOLINE/03-Customer Care/B-NPS/ZZ-Archives
[2026-07-09 15:06:01] [SUCCESS] Permission Entra appliquée [write] -> Drive ECHOLINE/03-Customer Care/B-NPS/ZZ-Archives
[2026-07-09 15:06:01] [INFO] Traitement: /Drive ECHOLINE/03-Customer Care/C-Satisfaction score/
[2026-07-09 15:06:01] [INFO] Copie: Drive ECHOLINE/03-Customer Care/C-Satisfaction score
[2026-07-09 15:06:02] [SUCCESS] Dossier créé: Drive ECHOLINE/03-Customer Care/C-Satisfaction score
[2026-07-09 15:06:02] [SUCCESS] Permission Entra appliquée [write] -> Drive ECHOLINE/03-Customer Care/C-Satisfaction score
[2026-07-09 15:06:03] [SUCCESS] Permission Entra appliquée [write] -> Drive ECHOLINE/03-Customer Care/C-Satisfaction score
[2026-07-09 15:06:03] [INFO] Traitement: /Drive ECHOLINE/03-Customer Care/C-Satisfaction score/ZZ-Archives/
[2026-07-09 15:06:03] [INFO] Copie: Drive ECHOLINE/03-Customer Care/C-Satisfaction score/ZZ-Archives
[2026-07-09 15:06:04] [SUCCESS] Dossier créé: Drive ECHOLINE/03-Customer Care/C-Satisfaction score/ZZ-Archives
[2026-07-09 15:06:04] [SUCCESS] Permission Entra appliquée [write] -> Drive ECHOLINE/03-Customer Care/C-Satisfaction score/ZZ-Archives
[2026-07-09 15:06:04] [SUCCESS] Permission Entra appliquée [write] -> Drive ECHOLINE/03-Customer Care/C-Satisfaction score/ZZ-Archives
[2026-07-09 15:06:04] [INFO] Traitement: /Drive ECHOLINE/03-Customer Care/D-Reporting/
[2026-07-09 15:06:04] [INFO] Copie: Drive ECHOLINE/03-Customer Care/D-Reporting
[2026-07-09 15:06:05] [SUCCESS] Dossier créé: Drive ECHOLINE/03-Customer Care/D-Reporting
[2026-07-09 15:06:05] [SUCCESS] Permission Entra appliquée [write] -> Drive ECHOLINE/03-Customer Care/D-Reporting
[2026-07-09 15:06:05] [SUCCESS] Permission Entra appliquée [write] -> Drive ECHOLINE/03-Customer Care/D-Reporting
[2026-07-09 15:06:05] [INFO] Traitement: /Drive ECHOLINE/03-Customer Care/D-Reporting/ZZ-Archives/
[2026-07-09 15:06:05] [INFO] Copie: Drive ECHOLINE/03-Customer Care/D-Reporting/ZZ-Archives
[2026-07-09 15:06:06] [SUCCESS] Dossier créé: Drive ECHOLINE/03-Customer Care/D-Reporting/ZZ-Archives
[2026-07-09 15:06:07] [SUCCESS] Permission Entra appliquée [write] -> Drive ECHOLINE/03-Customer Care/D-Reporting/ZZ-Archives
[2026-07-09 15:06:07] [SUCCESS] Permission Entra appliquée [write] -> Drive ECHOLINE/03-Customer Care/D-Reporting/ZZ-Archives
[2026-07-09 15:06:07] [INFO] Traitement: /Drive ECHOLINE/04-Community management/
[2026-07-09 15:06:07] [INFO] Copie: Drive ECHOLINE/04-Community management
[2026-07-09 15:06:07] [SUCCESS] Dossier créé: Drive ECHOLINE/04-Community management
[2026-07-09 15:06:08] [SUCCESS] Permission Entra appliquée [write] -> Drive ECHOLINE/04-Community management
[2026-07-09 15:06:08] [SUCCESS] Permission Entra appliquée [write] -> Drive ECHOLINE/04-Community management
[2026-07-09 15:06:08] [INFO] Traitement: /Drive ECHOLINE/04-Community management/A-Newsletter/
[2026-07-09 15:06:08] [INFO] Copie: Drive ECHOLINE/04-Community management/A-Newsletter
[2026-07-09 15:06:09] [SUCCESS] Dossier créé: Drive ECHOLINE/04-Community management/A-Newsletter
[2026-07-09 15:06:09] [SUCCESS] Permission Entra appliquée [write] -> Drive ECHOLINE/04-Community management/A-Newsletter
[2026-07-09 15:06:09] [SUCCESS] Permission Entra appliquée [write] -> Drive ECHOLINE/04-Community management/A-Newsletter
[2026-07-09 15:06:09] [INFO] Traitement: /Drive ECHOLINE/04-Community management/A-Newsletter/ZZ-Archives/
[2026-07-09 15:06:09] [INFO] Copie: Drive ECHOLINE/04-Community management/A-Newsletter/ZZ-Archives
[2026-07-09 15:06:10] [SUCCESS] Dossier créé: Drive ECHOLINE/04-Community management/A-Newsletter/ZZ-Archives
[2026-07-09 15:06:10] [SUCCESS] Permission Entra appliquée [write] -> Drive ECHOLINE/04-Community management/A-Newsletter/ZZ-Archives
[2026-07-09 15:06:10] [SUCCESS] Permission Entra appliquée [write] -> Drive ECHOLINE/04-Community management/A-Newsletter/ZZ-Archives
[2026-07-09 15:06:11] [INFO] Traitement: /Drive ECHOLINE/04-Community management/B-Webinar/
[2026-07-09 15:06:11] [INFO] Copie: Drive ECHOLINE/04-Community management/B-Webinar
[2026-07-09 15:06:11] [SUCCESS] Dossier créé: Drive ECHOLINE/04-Community management/B-Webinar
[2026-07-09 15:06:12] [SUCCESS] Permission Entra appliquée [write] -> Drive ECHOLINE/04-Community management/B-Webinar
[2026-07-09 15:06:12] [SUCCESS] Permission Entra appliquée [write] -> Drive ECHOLINE/04-Community management/B-Webinar
[2026-07-09 15:06:12] [INFO] Traitement: /Drive ECHOLINE/04-Community management/B-Webinar/Webinar ECHOLINExBLUMEI/
[2026-07-09 15:06:12] [INFO] Copie: Drive ECHOLINE/04-Community management/B-Webinar/Webinar ECHOLINExBLUMEI
[2026-07-09 15:06:13] [SUCCESS] Dossier créé: Drive ECHOLINE/04-Community management/B-Webinar/Webinar ECHOLINExBLUMEI
[2026-07-09 15:06:13] [SUCCESS] Permission Entra appliquée [write] -> Drive ECHOLINE/04-Community management/B-Webinar/Webinar ECHOLINExBLUMEI
[2026-07-09 15:06:13] [SUCCESS] Permission Entra appliquée [write] -> Drive ECHOLINE/04-Community management/B-Webinar/Webinar ECHOLINExBLUMEI
[2026-07-09 15:06:13] [INFO] Traitement: /Drive ECHOLINE/04-Community management/B-Webinar/ZZ-Archives/
[2026-07-09 15:06:13] [INFO] Copie: Drive ECHOLINE/04-Community management/B-Webinar/ZZ-Archives
[2026-07-09 15:06:14] [SUCCESS] Dossier créé: Drive ECHOLINE/04-Community management/B-Webinar/ZZ-Archives
[2026-07-09 15:06:14] [SUCCESS] Permission Entra appliquée [write] -> Drive ECHOLINE/04-Community management/B-Webinar/ZZ-Archives
[2026-07-09 15:06:15] [SUCCESS] Permission Entra appliquée [write] -> Drive ECHOLINE/04-Community management/B-Webinar/ZZ-Archives
[2026-07-09 15:06:15] [INFO] Traitement: /Drive ECHOLINE/04-Community management/C-Siteweb/
[2026-07-09 15:06:15] [INFO] Copie: Drive ECHOLINE/04-Community management/C-Siteweb
[2026-07-09 15:06:15] [SUCCESS] Dossier créé: Drive ECHOLINE/04-Community management/C-Siteweb
[2026-07-09 15:06:16] [SUCCESS] Permission Entra appliquée [write] -> Drive ECHOLINE/04-Community management/C-Siteweb
[2026-07-09 15:06:16] [SUCCESS] Permission Entra appliquée [write] -> Drive ECHOLINE/04-Community management/C-Siteweb
[2026-07-09 15:06:16] [INFO] Traitement: /Drive ECHOLINE/04-Community management/C-Siteweb/Maquettes/
[2026-07-09 15:06:16] [INFO] Copie: Drive ECHOLINE/04-Community management/C-Siteweb/Maquettes
[2026-07-09 15:06:17] [SUCCESS] Dossier créé: Drive ECHOLINE/04-Community management/C-Siteweb/Maquettes
[2026-07-09 15:06:17] [SUCCESS] Permission Entra appliquée [write] -> Drive ECHOLINE/04-Community management/C-Siteweb/Maquettes
[2026-07-09 15:06:17] [SUCCESS] Permission Entra appliquée [write] -> Drive ECHOLINE/04-Community management/C-Siteweb/Maquettes
[2026-07-09 15:06:17] [INFO] Traitement: /Drive ECHOLINE/04-Community management/C-Siteweb/ZZ-Archives/
[2026-07-09 15:06:17] [INFO] Copie: Drive ECHOLINE/04-Community management/C-Siteweb/ZZ-Archives
[2026-07-09 15:06:18] [SUCCESS] Dossier créé: Drive ECHOLINE/04-Community management/C-Siteweb/ZZ-Archives
[2026-07-09 15:06:18] [SUCCESS] Permission Entra appliquée [write] -> Drive ECHOLINE/04-Community management/C-Siteweb/ZZ-Archives
[2026-07-09 15:06:19] [SUCCESS] Permission Entra appliquée [write] -> Drive ECHOLINE/04-Community management/C-Siteweb/ZZ-Archives
[2026-07-09 15:06:19] [INFO] Traitement: /Drive ECHOLINE/04-Community management/D-Kit communication/
[2026-07-09 15:06:19] [INFO] Copie: Drive ECHOLINE/04-Community management/D-Kit communication
[2026-07-09 15:06:20] [SUCCESS] Dossier créé: Drive ECHOLINE/04-Community management/D-Kit communication
[2026-07-09 15:06:20] [SUCCESS] Permission Entra appliquée [write] -> Drive ECHOLINE/04-Community management/D-Kit communication
[2026-07-09 15:06:20] [SUCCESS] Permission Entra appliquée [write] -> Drive ECHOLINE/04-Community management/D-Kit communication
[2026-07-09 15:06:20] [INFO] Traitement: /Drive ECHOLINE/04-Community management/D-Kit communication/Flyers/
[2026-07-09 15:06:20] [INFO] Copie: Drive ECHOLINE/04-Community management/D-Kit communication/Flyers
[2026-07-09 15:06:21] [SUCCESS] Dossier créé: Drive ECHOLINE/04-Community management/D-Kit communication/Flyers
[2026-07-09 15:06:21] [SUCCESS] Permission Entra appliquée [write] -> Drive ECHOLINE/04-Community management/D-Kit communication/Flyers
[2026-07-09 15:06:22] [SUCCESS] Permission Entra appliquée [write] -> Drive ECHOLINE/04-Community management/D-Kit communication/Flyers
[2026-07-09 15:06:22] [INFO] Traitement: /Drive ECHOLINE/04-Community management/D-Kit communication/Illustrations/
[2026-07-09 15:06:22] [INFO] Copie: Drive ECHOLINE/04-Community management/D-Kit communication/Illustrations
[2026-07-09 15:06:23] [SUCCESS] Dossier créé: Drive ECHOLINE/04-Community management/D-Kit communication/Illustrations
[2026-07-09 15:06:23] [SUCCESS] Permission Entra appliquée [write] -> Drive ECHOLINE/04-Community management/D-Kit communication/Illustrations
[2026-07-09 15:06:23] [SUCCESS] Permission Entra appliquée [write] -> Drive ECHOLINE/04-Community management/D-Kit communication/Illustrations
[2026-07-09 15:06:23] [INFO] Traitement: /Drive ECHOLINE/04-Community management/D-Kit communication/Images générées par Chat GPT/
[2026-07-09 15:06:23] [INFO] Copie: Drive ECHOLINE/04-Community management/D-Kit communication/Images générées par Chat GPT
[2026-07-09 15:06:24] [SUCCESS] Dossier créé: Drive ECHOLINE/04-Community management/D-Kit communication/Images générées par Chat GPT
[2026-07-09 15:06:25] [SUCCESS] Permission Entra appliquée [write] -> Drive ECHOLINE/04-Community management/D-Kit communication/Images générées par Chat GPT
[2026-07-09 15:06:25] [SUCCESS] Permission Entra appliquée [write] -> Drive ECHOLINE/04-Community management/D-Kit communication/Images générées par Chat GPT
[2026-07-09 15:06:25] [INFO] Traitement: /Drive ECHOLINE/04-Community management/D-Kit communication/Logos clients/
[2026-07-09 15:06:25] [INFO] Copie: Drive ECHOLINE/04-Community management/D-Kit communication/Logos clients
[2026-07-09 15:06:26] [SUCCESS] Dossier créé: Drive ECHOLINE/04-Community management/D-Kit communication/Logos clients
[2026-07-09 15:06:26] [SUCCESS] Permission Entra appliquée [write] -> Drive ECHOLINE/04-Community management/D-Kit communication/Logos clients
[2026-07-09 15:06:26] [SUCCESS] Permission Entra appliquée [write] -> Drive ECHOLINE/04-Community management/D-Kit communication/Logos clients
[2026-07-09 15:06:26] [INFO] Traitement: /Drive ECHOLINE/04-Community management/D-Kit communication/Logos ECHOLINE/
[2026-07-09 15:06:26] [INFO] Copie: Drive ECHOLINE/04-Community management/D-Kit communication/Logos ECHOLINE
[2026-07-09 15:06:27] [SUCCESS] Dossier créé: Drive ECHOLINE/04-Community management/D-Kit communication/Logos ECHOLINE
[2026-07-09 15:06:27] [SUCCESS] Permission Entra appliquée [write] -> Drive ECHOLINE/04-Community management/D-Kit communication/Logos ECHOLINE
[2026-07-09 15:06:28] [SUCCESS] Permission Entra appliquée [write] -> Drive ECHOLINE/04-Community management/D-Kit communication/Logos ECHOLINE
[2026-07-09 15:06:28] [INFO] Traitement: /Drive ECHOLINE/04-Community management/D-Kit communication/Photos/
[2026-07-09 15:06:28] [INFO] Copie: Drive ECHOLINE/04-Community management/D-Kit communication/Photos
[2026-07-09 15:06:29] [SUCCESS] Dossier créé: Drive ECHOLINE/04-Community management/D-Kit communication/Photos
[2026-07-09 15:06:29] [SUCCESS] Permission Entra appliquée [write] -> Drive ECHOLINE/04-Community management/D-Kit communication/Photos
[2026-07-09 15:06:29] [SUCCESS] Permission Entra appliquée [write] -> Drive ECHOLINE/04-Community management/D-Kit communication/Photos
[2026-07-09 15:06:29] [INFO] Traitement: /Drive ECHOLINE/04-Community management/D-Kit communication/ZZ-Archives/
[2026-07-09 15:06:29] [INFO] Copie: Drive ECHOLINE/04-Community management/D-Kit communication/ZZ-Archives
[2026-07-09 15:06:30] [SUCCESS] Dossier créé: Drive ECHOLINE/04-Community management/D-Kit communication/ZZ-Archives
[2026-07-09 15:06:31] [SUCCESS] Permission Entra appliquée [write] -> Drive ECHOLINE/04-Community management/D-Kit communication/ZZ-Archives
[2026-07-09 15:06:31] [SUCCESS] Permission Entra appliquée [write] -> Drive ECHOLINE/04-Community management/D-Kit communication/ZZ-Archives
[2026-07-09 15:06:31] [INFO] Traitement: /Drive ECHOLINE/04-Community management/E- Linkedin/
[2026-07-09 15:06:31] [INFO] Copie: Drive ECHOLINE/04-Community management/E- Linkedin
[2026-07-09 15:06:32] [SUCCESS] Dossier créé: Drive ECHOLINE/04-Community management/E- Linkedin
[2026-07-09 15:06:32] [SUCCESS] Permission Entra appliquée [write] -> Drive ECHOLINE/04-Community management/E- Linkedin
[2026-07-09 15:06:32] [SUCCESS] Permission Entra appliquée [write] -> Drive ECHOLINE/04-Community management/E- Linkedin
[2026-07-09 15:06:32] [INFO] Traitement: /Drive ECHOLINE/04-Community management/E- Linkedin/Carrousel réglementaires/
[2026-07-09 15:06:32] [INFO] Copie: Drive ECHOLINE/04-Community management/E- Linkedin/Carrousel réglementaires
[2026-07-09 15:06:33] [SUCCESS] Dossier créé: Drive ECHOLINE/04-Community management/E- Linkedin/Carrousel réglementaires
[2026-07-09 15:06:34] [SUCCESS] Permission Entra appliquée [write] -> Drive ECHOLINE/04-Community management/E- Linkedin/Carrousel réglementaires
[2026-07-09 15:06:34] [SUCCESS] Permission Entra appliquée [write] -> Drive ECHOLINE/04-Community management/E- Linkedin/Carrousel réglementaires
[2026-07-09 15:06:34] [INFO] Traitement: /Drive ECHOLINE/04-Community management/ZZ-Archives/
[2026-07-09 15:06:34] [INFO] Copie: Drive ECHOLINE/04-Community management/ZZ-Archives
[2026-07-09 15:06:35] [SUCCESS] Dossier créé: Drive ECHOLINE/04-Community management/ZZ-Archives
[2026-07-09 15:06:35] [SUCCESS] Permission Entra appliquée [write] -> Drive ECHOLINE/04-Community management/ZZ-Archives
[2026-07-09 15:06:35] [SUCCESS] Permission Entra appliquée [write] -> Drive ECHOLINE/04-Community management/ZZ-Archives
[2026-07-09 15:06:35] [INFO] Traitement: /Drive ECHOLINE/04-Community management/ZZ-Archives/Matinales/
[2026-07-09 15:06:35] [INFO] Copie: Drive ECHOLINE/04-Community management/ZZ-Archives/Matinales
[2026-07-09 15:06:36] [SUCCESS] Dossier créé: Drive ECHOLINE/04-Community management/ZZ-Archives/Matinales
[2026-07-09 15:06:36] [SUCCESS] Permission Entra appliquée [write] -> Drive ECHOLINE/04-Community management/ZZ-Archives/Matinales
[2026-07-09 15:06:37] [SUCCESS] Permission Entra appliquée [write] -> Drive ECHOLINE/04-Community management/ZZ-Archives/Matinales
[2026-07-09 15:06:37] [INFO] Traitement: /Drive ECHOLINE/05-Sales/
[2026-07-09 15:06:37] [INFO] Copie: Drive ECHOLINE/05-Sales
[2026-07-09 15:06:37] [SUCCESS] Dossier créé: Drive ECHOLINE/05-Sales
[2026-07-09 15:06:38] [SUCCESS] Permission Entra appliquée [write] -> Drive ECHOLINE/05-Sales
[2026-07-09 15:06:38] [SUCCESS] Permission Entra appliquée [write] -> Drive ECHOLINE/05-Sales
[2026-07-09 15:06:38] [INFO] Traitement: /Drive ECHOLINE/05-Sales/A-Prospects/
[2026-07-09 15:06:38] [INFO] Copie: Drive ECHOLINE/05-Sales/A-Prospects
[2026-07-09 15:06:39] [SUCCESS] Dossier créé: Drive ECHOLINE/05-Sales/A-Prospects
[2026-07-09 15:06:39] [SUCCESS] Permission Entra appliquée [write] -> Drive ECHOLINE/05-Sales/A-Prospects
[2026-07-09 15:06:39] [SUCCESS] Permission Entra appliquée [write] -> Drive ECHOLINE/05-Sales/A-Prospects
[2026-07-09 15:06:39] [INFO] Traitement: /Drive ECHOLINE/05-Sales/A-Prospects/AES SARL/
[2026-07-09 15:06:39] [INFO] Copie: Drive ECHOLINE/05-Sales/A-Prospects/AES SARL
[2026-07-09 15:06:40] [SUCCESS] Dossier créé: Drive ECHOLINE/05-Sales/A-Prospects/AES SARL
[2026-07-09 15:06:40] [SUCCESS] Permission Entra appliquée [write] -> Drive ECHOLINE/05-Sales/A-Prospects/AES SARL
[2026-07-09 15:06:40] [SUCCESS] Permission Entra appliquée [write] -> Drive ECHOLINE/05-Sales/A-Prospects/AES SARL
[2026-07-09 15:06:40] [INFO] Traitement: /Drive ECHOLINE/05-Sales/A-Prospects/ALCHIMIES/
[2026-07-09 15:06:40] [INFO] Copie: Drive ECHOLINE/05-Sales/A-Prospects/ALCHIMIES
[2026-07-09 15:06:42] [SUCCESS] Dossier créé: Drive ECHOLINE/05-Sales/A-Prospects/ALCHIMIES
[2026-07-09 15:06:42] [SUCCESS] Permission Entra appliquée [write] -> Drive ECHOLINE/05-Sales/A-Prospects/ALCHIMIES
[2026-07-09 15:06:42] [SUCCESS] Permission Entra appliquée [write] -> Drive ECHOLINE/05-Sales/A-Prospects/ALCHIMIES
[2026-07-09 15:06:42] [INFO] Traitement: /Drive ECHOLINE/05-Sales/A-Prospects/APAG/
[2026-07-09 15:06:42] [INFO] Copie: Drive ECHOLINE/05-Sales/A-Prospects/APAG
[2026-07-09 15:06:43] [SUCCESS] Dossier créé: Drive ECHOLINE/05-Sales/A-Prospects/APAG
[2026-07-09 15:06:43] [SUCCESS] Permission Entra appliquée [write] -> Drive ECHOLINE/05-Sales/A-Prospects/APAG
[2026-07-09 15:06:43] [SUCCESS] Permission Entra appliquée [write] -> Drive ECHOLINE/05-Sales/A-Prospects/APAG
[2026-07-09 15:06:43] [INFO] Traitement: /Drive ECHOLINE/05-Sales/A-Prospects/BIOTOPE/
[2026-07-09 15:06:43] [INFO] Copie: Drive ECHOLINE/05-Sales/A-Prospects/BIOTOPE
[2026-07-09 15:06:44] [SUCCESS] Dossier créé: Drive ECHOLINE/05-Sales/A-Prospects/BIOTOPE
[2026-07-09 15:06:45] [SUCCESS] Permission Entra appliquée [write] -> Drive ECHOLINE/05-Sales/A-Prospects/BIOTOPE
[2026-07-09 15:06:45] [SUCCESS] Permission Entra appliquée [write] -> Drive ECHOLINE/05-Sales/A-Prospects/BIOTOPE
[2026-07-09 15:06:45] [INFO] Traitement: /Drive ECHOLINE/05-Sales/A-Prospects/BOBITECH/
[2026-07-09 15:06:45] [INFO] Copie: Drive ECHOLINE/05-Sales/A-Prospects/BOBITECH
[2026-07-09 15:06:46] [SUCCESS] Dossier créé: Drive ECHOLINE/05-Sales/A-Prospects/BOBITECH
[2026-07-09 15:06:46] [SUCCESS] Permission Entra appliquée [write] -> Drive ECHOLINE/05-Sales/A-Prospects/BOBITECH
[2026-07-09 15:06:46] [SUCCESS] Permission Entra appliquée [write] -> Drive ECHOLINE/05-Sales/A-Prospects/BOBITECH
[2026-07-09 15:06:46] [INFO] Traitement: /Drive ECHOLINE/05-Sales/A-Prospects/CAMO GROUPE/
[2026-07-09 15:06:46] [INFO] Copie: Drive ECHOLINE/05-Sales/A-Prospects/CAMO GROUPE
[2026-07-09 15:06:47] [SUCCESS] Dossier créé: Drive ECHOLINE/05-Sales/A-Prospects/CAMO GROUPE
[2026-07-09 15:06:47] [SUCCESS] Permission Entra appliquée [write] -> Drive ECHOLINE/05-Sales/A-Prospects/CAMO GROUPE
[2026-07-09 15:06:48] [SUCCESS] Permission Entra appliquée [write] -> Drive ECHOLINE/05-Sales/A-Prospects/CAMO GROUPE
[2026-07-09 15:06:48] [INFO] Traitement: /Drive ECHOLINE/05-Sales/A-Prospects/CAPSUM/
[2026-07-09 15:06:48] [INFO] Copie: Drive ECHOLINE/05-Sales/A-Prospects/CAPSUM
[2026-07-09 15:06:49] [SUCCESS] Dossier créé: Drive ECHOLINE/05-Sales/A-Prospects/CAPSUM
[2026-07-09 15:06:49] [SUCCESS] Permission Entra appliquée [write] -> Drive ECHOLINE/05-Sales/A-Prospects/CAPSUM
[2026-07-09 15:06:49] [SUCCESS] Permission Entra appliquée [write] -> Drive ECHOLINE/05-Sales/A-Prospects/CAPSUM
[2026-07-09 15:06:49] [INFO] Traitement: /Drive ECHOLINE/05-Sales/A-Prospects/CATTIER PARIS/
[2026-07-09 15:06:49] [INFO] Copie: Drive ECHOLINE/05-Sales/A-Prospects/CATTIER PARIS
[2026-07-09 15:06:50] [SUCCESS] Dossier créé: Drive ECHOLINE/05-Sales/A-Prospects/CATTIER PARIS
[2026-07-09 15:06:50] [SUCCESS] Permission Entra appliquée [write] -> Drive ECHOLINE/05-Sales/A-Prospects/CATTIER PARIS
[2026-07-09 15:06:51] [SUCCESS] Permission Entra appliquée [write] -> Drive ECHOLINE/05-Sales/A-Prospects/CATTIER PARIS
[2026-07-09 15:06:51] [INFO] Traitement: /Drive ECHOLINE/05-Sales/A-Prospects/CERTINERGY/
[2026-07-09 15:06:51] [INFO] Copie: Drive ECHOLINE/05-Sales/A-Prospects/CERTINERGY
[2026-07-09 15:06:52] [SUCCESS] Dossier créé: Drive ECHOLINE/05-Sales/A-Prospects/CERTINERGY
[2026-07-09 15:06:52] [SUCCESS] Permission Entra appliquée [write] -> Drive ECHOLINE/05-Sales/A-Prospects/CERTINERGY
[2026-07-09 15:06:52] [SUCCESS] Permission Entra appliquée [write] -> Drive ECHOLINE/05-Sales/A-Prospects/CERTINERGY
[2026-07-09 15:06:52] [INFO] Traitement: /Drive ECHOLINE/05-Sales/A-Prospects/CHARGEURS PCC/
[2026-07-09 15:06:52] [INFO] Copie: Drive ECHOLINE/05-Sales/A-Prospects/CHARGEURS PCC
[2026-07-09 15:06:53] [SUCCESS] Dossier créé: Drive ECHOLINE/05-Sales/A-Prospects/CHARGEURS PCC
[2026-07-09 15:06:53] [SUCCESS] Permission Entra appliquée [write] -> Drive ECHOLINE/05-Sales/A-Prospects/CHARGEURS PCC
[2026-07-09 15:06:53] [SUCCESS] Permission Entra appliquée [write] -> Drive ECHOLINE/05-Sales/A-Prospects/CHARGEURS PCC
[2026-07-09 15:06:53] [INFO] Traitement: /Drive ECHOLINE/05-Sales/A-Prospects/COLOREY/
[2026-07-09 15:06:53] [INFO] Copie: Drive ECHOLINE/05-Sales/A-Prospects/COLOREY
[2026-07-09 15:06:54] [SUCCESS] Dossier créé: Drive ECHOLINE/05-Sales/A-Prospects/COLOREY
[2026-07-09 15:06:55] [SUCCESS] Permission Entra appliquée [write] -> Drive ECHOLINE/05-Sales/A-Prospects/COLOREY
[2026-07-09 15:06:55] [SUCCESS] Permission Entra appliquée [write] -> Drive ECHOLINE/05-Sales/A-Prospects/COLOREY
[2026-07-09 15:06:55] [INFO] Traitement: /Drive ECHOLINE/05-Sales/A-Prospects/CPCU/
[2026-07-09 15:06:55] [INFO] Copie: Drive ECHOLINE/05-Sales/A-Prospects/CPCU
[2026-07-09 15:06:56] [SUCCESS] Dossier créé: Drive ECHOLINE/05-Sales/A-Prospects/CPCU
[2026-07-09 15:06:56] [SUCCESS] Permission Entra appliquée [write] -> Drive ECHOLINE/05-Sales/A-Prospects/CPCU
[2026-07-09 15:06:56] [SUCCESS] Permission Entra appliquée [write] -> Drive ECHOLINE/05-Sales/A-Prospects/CPCU
[2026-07-09 15:06:56] [INFO] Traitement: /Drive ECHOLINE/05-Sales/A-Prospects/CTIBIOTECH/
[2026-07-09 15:06:56] [INFO] Copie: Drive ECHOLINE/05-Sales/A-Prospects/CTIBIOTECH
[2026-07-09 15:06:57] [SUCCESS] Dossier créé: Drive ECHOLINE/05-Sales/A-Prospects/CTIBIOTECH
[2026-07-09 15:06:58] [SUCCESS] Permission Entra appliquée [write] -> Drive ECHOLINE/05-Sales/A-Prospects/CTIBIOTECH
[2026-07-09 15:06:58] [SUCCESS] Permission Entra appliquée [write] -> Drive ECHOLINE/05-Sales/A-Prospects/CTIBIOTECH
[2026-07-09 15:06:58] [INFO] Traitement: /Drive ECHOLINE/05-Sales/A-Prospects/ELIOR SERVICES/
[2026-07-09 15:06:58] [INFO] Copie: Drive ECHOLINE/05-Sales/A-Prospects/ELIOR SERVICES
[2026-07-09 15:06:59] [SUCCESS] Dossier créé: Drive ECHOLINE/05-Sales/A-Prospects/ELIOR SERVICES
[2026-07-09 15:07:00] [SUCCESS] Permission Entra appliquée [write] -> Drive ECHOLINE/05-Sales/A-Prospects/ELIOR SERVICES
[2026-07-09 15:07:00] [SUCCESS] Permission Entra appliquée [write] -> Drive ECHOLINE/05-Sales/A-Prospects/ELIOR SERVICES
[2026-07-09 15:07:00] [INFO] Traitement: /Drive ECHOLINE/05-Sales/A-Prospects/ELIS/
[2026-07-09 15:07:00] [INFO] Copie: Drive ECHOLINE/05-Sales/A-Prospects/ELIS
[2026-07-09 15:07:01] [SUCCESS] Dossier créé: Drive ECHOLINE/05-Sales/A-Prospects/ELIS
[2026-07-09 15:07:01] [SUCCESS] Permission Entra appliquée [write] -> Drive ECHOLINE/05-Sales/A-Prospects/ELIS
[2026-07-09 15:07:01] [SUCCESS] Permission Entra appliquée [write] -> Drive ECHOLINE/05-Sales/A-Prospects/ELIS
[2026-07-09 15:07:01] [INFO] Traitement: /Drive ECHOLINE/05-Sales/A-Prospects/ENTSIA/
[2026-07-09 15:07:01] [INFO] Copie: Drive ECHOLINE/05-Sales/A-Prospects/ENTSIA
[2026-07-09 15:07:02] [SUCCESS] Dossier créé: Drive ECHOLINE/05-Sales/A-Prospects/ENTSIA
[2026-07-09 15:07:02] [SUCCESS] Permission Entra appliquée [write] -> Drive ECHOLINE/05-Sales/A-Prospects/ENTSIA
[2026-07-09 15:07:03] [SUCCESS] Permission Entra appliquée [write] -> Drive ECHOLINE/05-Sales/A-Prospects/ENTSIA
[2026-07-09 15:07:03] [INFO] Traitement: /Drive ECHOLINE/05-Sales/A-Prospects/ENVIRIS/
[2026-07-09 15:07:03] [INFO] Copie: Drive ECHOLINE/05-Sales/A-Prospects/ENVIRIS
[2026-07-09 15:07:04] [SUCCESS] Dossier créé: Drive ECHOLINE/05-Sales/A-Prospects/ENVIRIS
[2026-07-09 15:07:04] [SUCCESS] Permission Entra appliquée [write] -> Drive ECHOLINE/05-Sales/A-Prospects/ENVIRIS
[2026-07-09 15:07:04] [SUCCESS] Permission Entra appliquée [write] -> Drive ECHOLINE/05-Sales/A-Prospects/ENVIRIS
[2026-07-09 15:07:04] [INFO] Traitement: /Drive ECHOLINE/05-Sales/A-Prospects/EUROSOURCING/
[2026-07-09 15:07:04] [INFO] Copie: Drive ECHOLINE/05-Sales/A-Prospects/EUROSOURCING
[2026-07-09 15:07:05] [SUCCESS] Dossier créé: Drive ECHOLINE/05-Sales/A-Prospects/EUROSOURCING
[2026-07-09 15:07:05] [SUCCESS] Permission Entra appliquée [write] -> Drive ECHOLINE/05-Sales/A-Prospects/EUROSOURCING
[2026-07-09 15:07:06] [SUCCESS] Permission Entra appliquée [write] -> Drive ECHOLINE/05-Sales/A-Prospects/EUROSOURCING
[2026-07-09 15:07:06] [INFO] Traitement: /Drive ECHOLINE/05-Sales/A-Prospects/FOURÉ LAGADEC/
[2026-07-09 15:07:06] [INFO] Copie: Drive ECHOLINE/05-Sales/A-Prospects/FOURÉ LAGADEC
[2026-07-09 15:07:07] [SUCCESS] Dossier créé: Drive ECHOLINE/05-Sales/A-Prospects/FOURÉ LAGADEC
[2026-07-09 15:07:07] [SUCCESS] Permission Entra appliquée [write] -> Drive ECHOLINE/05-Sales/A-Prospects/FOURÉ LAGADEC
[2026-07-09 15:07:08] [SUCCESS] Permission Entra appliquée [write] -> Drive ECHOLINE/05-Sales/A-Prospects/FOURÉ LAGADEC
[2026-07-09 15:07:08] [INFO] Traitement: /Drive ECHOLINE/05-Sales/A-Prospects/GETRAC/
[2026-07-09 15:07:08] [INFO] Copie: Drive ECHOLINE/05-Sales/A-Prospects/GETRAC
[2026-07-09 15:07:08] [SUCCESS] Dossier créé: Drive ECHOLINE/05-Sales/A-Prospects/GETRAC
[2026-07-09 15:07:09] [SUCCESS] Permission Entra appliquée [write] -> Drive ECHOLINE/05-Sales/A-Prospects/GETRAC
[2026-07-09 15:07:09] [SUCCESS] Permission Entra appliquée [write] -> Drive ECHOLINE/05-Sales/A-Prospects/GETRAC
[2026-07-09 15:07:09] [INFO] Traitement: /Drive ECHOLINE/05-Sales/A-Prospects/GMP GROUP/
[2026-07-09 15:07:09] [INFO] Copie: Drive ECHOLINE/05-Sales/A-Prospects/GMP GROUP
[2026-07-09 15:07:10] [SUCCESS] Dossier créé: Drive ECHOLINE/05-Sales/A-Prospects/GMP GROUP
[2026-07-09 15:07:10] [SUCCESS] Permission Entra appliquée [write] -> Drive ECHOLINE/05-Sales/A-Prospects/GMP GROUP
[2026-07-09 15:07:10] [SUCCESS] Permission Entra appliquée [write] -> Drive ECHOLINE/05-Sales/A-Prospects/GMP GROUP
[2026-07-09 15:07:10] [INFO] Traitement: /Drive ECHOLINE/05-Sales/A-Prospects/GROUPE BOISSEAU/
[2026-07-09 15:07:10] [INFO] Copie: Drive ECHOLINE/05-Sales/A-Prospects/GROUPE BOISSEAU
[2026-07-09 15:07:11] [SUCCESS] Dossier créé: Drive ECHOLINE/05-Sales/A-Prospects/GROUPE BOISSEAU
[2026-07-09 15:07:12] [SUCCESS] Permission Entra appliquée [write] -> Drive ECHOLINE/05-Sales/A-Prospects/GROUPE BOISSEAU
[2026-07-09 15:07:12] [SUCCESS] Permission Entra appliquée [write] -> Drive ECHOLINE/05-Sales/A-Prospects/GROUPE BOISSEAU
[2026-07-09 15:07:12] [INFO] Traitement: /Drive ECHOLINE/05-Sales/A-Prospects/IDI COMPOSITES/
[2026-07-09 15:07:12] [INFO] Copie: Drive ECHOLINE/05-Sales/A-Prospects/IDI COMPOSITES
[2026-07-09 15:07:13] [SUCCESS] Dossier créé: Drive ECHOLINE/05-Sales/A-Prospects/IDI COMPOSITES
[2026-07-09 15:07:13] [SUCCESS] Permission Entra appliquée [write] -> Drive ECHOLINE/05-Sales/A-Prospects/IDI COMPOSITES
[2026-07-09 15:07:13] [SUCCESS] Permission Entra appliquée [write] -> Drive ECHOLINE/05-Sales/A-Prospects/IDI COMPOSITES
[2026-07-09 15:07:13] [INFO] Traitement: /Drive ECHOLINE/05-Sales/A-Prospects/IPAC FRANCE/
[2026-07-09 15:07:13] [INFO] Copie: Drive ECHOLINE/05-Sales/A-Prospects/IPAC FRANCE
[2026-07-09 15:07:14] [SUCCESS] Dossier créé: Drive ECHOLINE/05-Sales/A-Prospects/IPAC FRANCE
[2026-07-09 15:07:14] [SUCCESS] Permission Entra appliquée [write] -> Drive ECHOLINE/05-Sales/A-Prospects/IPAC FRANCE
[2026-07-09 15:07:15] [SUCCESS] Permission Entra appliquée [write] -> Drive ECHOLINE/05-Sales/A-Prospects/IPAC FRANCE
[2026-07-09 15:07:15] [INFO] Traitement: /Drive ECHOLINE/05-Sales/A-Prospects/ISOVER/
[2026-07-09 15:07:15] [INFO] Copie: Drive ECHOLINE/05-Sales/A-Prospects/ISOVER
[2026-07-09 15:07:15] [SUCCESS] Dossier créé: Drive ECHOLINE/05-Sales/A-Prospects/ISOVER
[2026-07-09 15:07:16] [SUCCESS] Permission Entra appliquée [write] -> Drive ECHOLINE/05-Sales/A-Prospects/ISOVER
[2026-07-09 15:07:16] [SUCCESS] Permission Entra appliquée [write] -> Drive ECHOLINE/05-Sales/A-Prospects/ISOVER
[2026-07-09 15:07:16] [INFO] Traitement: /Drive ECHOLINE/05-Sales/A-Prospects/KARINE JEFF/
[2026-07-09 15:07:16] [INFO] Copie: Drive ECHOLINE/05-Sales/A-Prospects/KARINE JEFF
[2026-07-09 15:07:18] [SUCCESS] Dossier créé: Drive ECHOLINE/05-Sales/A-Prospects/KARINE JEFF
[2026-07-09 15:07:18] [SUCCESS] Permission Entra appliquée [write] -> Drive ECHOLINE/05-Sales/A-Prospects/KARINE JEFF
[2026-07-09 15:07:18] [SUCCESS] Permission Entra appliquée [write] -> Drive ECHOLINE/05-Sales/A-Prospects/KARINE JEFF
[2026-07-09 15:07:18] [INFO] Traitement: /Drive ECHOLINE/05-Sales/A-Prospects/KEM ONE/
[2026-07-09 15:07:18] [INFO] Copie: Drive ECHOLINE/05-Sales/A-Prospects/KEM ONE
[2026-07-09 15:07:19] [SUCCESS] Dossier créé: Drive ECHOLINE/05-Sales/A-Prospects/KEM ONE
[2026-07-09 15:07:19] [SUCCESS] Permission Entra appliquée [write] -> Drive ECHOLINE/05-Sales/A-Prospects/KEM ONE
[2026-07-09 15:07:20] [SUCCESS] Permission Entra appliquée [write] -> Drive ECHOLINE/05-Sales/A-Prospects/KEM ONE
[2026-07-09 15:07:20] [INFO] Traitement: /Drive ECHOLINE/05-Sales/A-Prospects/LDMI/
[2026-07-09 15:07:20] [INFO] Copie: Drive ECHOLINE/05-Sales/A-Prospects/LDMI
[2026-07-09 15:07:20] [SUCCESS] Dossier créé: Drive ECHOLINE/05-Sales/A-Prospects/LDMI
[2026-07-09 15:07:21] [SUCCESS] Permission Entra appliquée [write] -> Drive ECHOLINE/05-Sales/A-Prospects/LDMI
[2026-07-09 15:07:21] [SUCCESS] Permission Entra appliquée [write] -> Drive ECHOLINE/05-Sales/A-Prospects/LDMI
[2026-07-09 15:07:21] [INFO] Traitement: /Drive ECHOLINE/05-Sales/A-Prospects/LEZSAISONS/
[2026-07-09 15:07:21] [INFO] Copie: Drive ECHOLINE/05-Sales/A-Prospects/LEZSAISONS
[2026-07-09 15:07:22] [SUCCESS] Dossier créé: Drive ECHOLINE/05-Sales/A-Prospects/LEZSAISONS
[2026-07-09 15:07:22] [SUCCESS] Permission Entra appliquée [write] -> Drive ECHOLINE/05-Sales/A-Prospects/LEZSAISONS
[2026-07-09 15:07:22] [SUCCESS] Permission Entra appliquée [write] -> Drive ECHOLINE/05-Sales/A-Prospects/LEZSAISONS
[2026-07-09 15:07:22] [INFO] Traitement: /Drive ECHOLINE/05-Sales/A-Prospects/MADIC GROUP/
[2026-07-09 15:07:22] [INFO] Copie: Drive ECHOLINE/05-Sales/A-Prospects/MADIC GROUP
[2026-07-09 15:07:23] [SUCCESS] Dossier créé: Drive ECHOLINE/05-Sales/A-Prospects/MADIC GROUP
[2026-07-09 15:07:23] [SUCCESS] Permission Entra appliquée [write] -> Drive ECHOLINE/05-Sales/A-Prospects/MADIC GROUP
[2026-07-09 15:07:24] [SUCCESS] Permission Entra appliquée [write] -> Drive ECHOLINE/05-Sales/A-Prospects/MADIC GROUP
[2026-07-09 15:07:24] [INFO] Traitement: /Drive ECHOLINE/05-Sales/A-Prospects/MARSEILLE TOURISME/
[2026-07-09 15:07:24] [INFO] Copie: Drive ECHOLINE/05-Sales/A-Prospects/MARSEILLE TOURISME
[2026-07-09 15:07:25] [SUCCESS] Dossier créé: Drive ECHOLINE/05-Sales/A-Prospects/MARSEILLE TOURISME
[2026-07-09 15:07:25] [SUCCESS] Permission Entra appliquée [write] -> Drive ECHOLINE/05-Sales/A-Prospects/MARSEILLE TOURISME
[2026-07-09 15:07:25] [SUCCESS] Permission Entra appliquée [write] -> Drive ECHOLINE/05-Sales/A-Prospects/MARSEILLE TOURISME
[2026-07-09 15:07:25] [INFO] Traitement: /Drive ECHOLINE/05-Sales/A-Prospects/MATMOND/
[2026-07-09 15:07:25] [INFO] Copie: Drive ECHOLINE/05-Sales/A-Prospects/MATMOND
[2026-07-09 15:07:26] [SUCCESS] Dossier créé: Drive ECHOLINE/05-Sales/A-Prospects/MATMOND
[2026-07-09 15:07:26] [SUCCESS] Permission Entra appliquée [write] -> Drive ECHOLINE/05-Sales/A-Prospects/MATMOND
[2026-07-09 15:07:26] [SUCCESS] Permission Entra appliquée [write] -> Drive ECHOLINE/05-Sales/A-Prospects/MATMOND
[2026-07-09 15:07:26] [INFO] Traitement: /Drive ECHOLINE/05-Sales/A-Prospects/MEDINCELL/
[2026-07-09 15:07:26] [INFO] Copie: Drive ECHOLINE/05-Sales/A-Prospects/MEDINCELL
[2026-07-09 15:07:27] [SUCCESS] Dossier créé: Drive ECHOLINE/05-Sales/A-Prospects/MEDINCELL
[2026-07-09 15:07:27] [SUCCESS] Permission Entra appliquée [write] -> Drive ECHOLINE/05-Sales/A-Prospects/MEDINCELL
[2026-07-09 15:07:28] [SUCCESS] Permission Entra appliquée [write] -> Drive ECHOLINE/05-Sales/A-Prospects/MEDINCELL
[2026-07-09 15:07:28] [INFO] Traitement: /Drive ECHOLINE/05-Sales/A-Prospects/MOY PARK BEEF/
[2026-07-09 15:07:28] [INFO] Copie: Drive ECHOLINE/05-Sales/A-Prospects/MOY PARK BEEF
[2026-07-09 15:07:29] [SUCCESS] Dossier créé: Drive ECHOLINE/05-Sales/A-Prospects/MOY PARK BEEF
[2026-07-09 15:07:29] [SUCCESS] Permission Entra appliquée [write] -> Drive ECHOLINE/05-Sales/A-Prospects/MOY PARK BEEF
[2026-07-09 15:07:29] [SUCCESS] Permission Entra appliquée [write] -> Drive ECHOLINE/05-Sales/A-Prospects/MOY PARK BEEF
[2026-07-09 15:07:29] [INFO] Traitement: /Drive ECHOLINE/05-Sales/A-Prospects/NOCIBÉ/
[2026-07-09 15:07:29] [INFO] Copie: Drive ECHOLINE/05-Sales/A-Prospects/NOCIBÉ
[2026-07-09 15:07:30] [SUCCESS] Dossier créé: Drive ECHOLINE/05-Sales/A-Prospects/NOCIBÉ
[2026-07-09 15:07:30] [SUCCESS] Permission Entra appliquée [write] -> Drive ECHOLINE/05-Sales/A-Prospects/NOCIBÉ
[2026-07-09 15:07:31] [SUCCESS] Permission Entra appliquée [write] -> Drive ECHOLINE/05-Sales/A-Prospects/NOCIBÉ
[2026-07-09 15:07:31] [INFO] Traitement: /Drive ECHOLINE/05-Sales/A-Prospects/NORSKE SKOG/
[2026-07-09 15:07:31] [INFO] Copie: Drive ECHOLINE/05-Sales/A-Prospects/NORSKE SKOG
[2026-07-09 15:07:32] [SUCCESS] Dossier créé: Drive ECHOLINE/05-Sales/A-Prospects/NORSKE SKOG
[2026-07-09 15:07:32] [SUCCESS] Permission Entra appliquée [write] -> Drive ECHOLINE/05-Sales/A-Prospects/NORSKE SKOG
[2026-07-09 15:07:32] [SUCCESS] Permission Entra appliquée [write] -> Drive ECHOLINE/05-Sales/A-Prospects/NORSKE SKOG
[2026-07-09 15:07:32] [INFO] Traitement: /Drive ECHOLINE/05-Sales/A-Prospects/NUMTECH/
[2026-07-09 15:07:32] [INFO] Copie: Drive ECHOLINE/05-Sales/A-Prospects/NUMTECH
[2026-07-09 15:07:33] [SUCCESS] Dossier créé: Drive ECHOLINE/05-Sales/A-Prospects/NUMTECH
[2026-07-09 15:07:33] [SUCCESS] Permission Entra appliquée [write] -> Drive ECHOLINE/05-Sales/A-Prospects/NUMTECH
[2026-07-09 15:07:34] [SUCCESS] Permission Entra appliquée [write] -> Drive ECHOLINE/05-Sales/A-Prospects/NUMTECH
[2026-07-09 15:07:34] [INFO] Traitement: /Drive ECHOLINE/05-Sales/A-Prospects/OMNOVA SOLUTIONS/
[2026-07-09 15:07:34] [INFO] Copie: Drive ECHOLINE/05-Sales/A-Prospects/OMNOVA SOLUTIONS
[2026-07-09 15:07:35] [SUCCESS] Dossier créé: Drive ECHOLINE/05-Sales/A-Prospects/OMNOVA SOLUTIONS
[2026-07-09 15:07:35] [SUCCESS] Permission Entra appliquée [write] -> Drive ECHOLINE/05-Sales/A-Prospects/OMNOVA SOLUTIONS
[2026-07-09 15:07:35] [SUCCESS] Permission Entra appliquée [write] -> Drive ECHOLINE/05-Sales/A-Prospects/OMNOVA SOLUTIONS
[2026-07-09 15:07:35] [INFO] Traitement: /Drive ECHOLINE/05-Sales/A-Prospects/OPTIQUE RICHARD/
[2026-07-09 15:07:35] [INFO] Copie: Drive ECHOLINE/05-Sales/A-Prospects/OPTIQUE RICHARD
[2026-07-09 15:07:36] [SUCCESS] Dossier créé: Drive ECHOLINE/05-Sales/A-Prospects/OPTIQUE RICHARD
[2026-07-09 15:07:37] [SUCCESS] Permission Entra appliquée [write] -> Drive ECHOLINE/05-Sales/A-Prospects/OPTIQUE RICHARD
[2026-07-09 15:07:37] [SUCCESS] Permission Entra appliquée [write] -> Drive ECHOLINE/05-Sales/A-Prospects/OPTIQUE RICHARD
[2026-07-09 15:07:37] [INFO] Traitement: /Drive ECHOLINE/05-Sales/A-Prospects/PETROINEOS/
[2026-07-09 15:07:37] [INFO] Copie: Drive ECHOLINE/05-Sales/A-Prospects/PETROINEOS
[2026-07-09 15:07:38] [SUCCESS] Dossier créé: Drive ECHOLINE/05-Sales/A-Prospects/PETROINEOS
[2026-07-09 15:07:39] [SUCCESS] Permission Entra appliquée [write] -> Drive ECHOLINE/05-Sales/A-Prospects/PETROINEOS
[2026-07-09 15:07:39] [SUCCESS] Permission Entra appliquée [write] -> Drive ECHOLINE/05-Sales/A-Prospects/PETROINEOS
[2026-07-09 15:07:39] [INFO] Traitement: /Drive ECHOLINE/05-Sales/A-Prospects/PROVEPHARM/
[2026-07-09 15:07:39] [INFO] Copie: Drive ECHOLINE/05-Sales/A-Prospects/PROVEPHARM
[2026-07-09 15:07:40] [SUCCESS] Dossier créé: Drive ECHOLINE/05-Sales/A-Prospects/PROVEPHARM
[2026-07-09 15:07:40] [SUCCESS] Permission Entra appliquée [write] -> Drive ECHOLINE/05-Sales/A-Prospects/PROVEPHARM
[2026-07-09 15:07:41] [SUCCESS] Permission Entra appliquée [write] -> Drive ECHOLINE/05-Sales/A-Prospects/PROVEPHARM
[2026-07-09 15:07:41] [INFO] Traitement: /Drive ECHOLINE/05-Sales/A-Prospects/RÉGIE DES EAUX 3M/
[2026-07-09 15:07:41] [INFO] Copie: Drive ECHOLINE/05-Sales/A-Prospects/RÉGIE DES EAUX 3M
[2026-07-09 15:07:42] [SUCCESS] Dossier créé: Drive ECHOLINE/05-Sales/A-Prospects/RÉGIE DES EAUX 3M
[2026-07-09 15:07:42] [SUCCESS] Permission Entra appliquée [write] -> Drive ECHOLINE/05-Sales/A-Prospects/RÉGIE DES EAUX 3M
[2026-07-09 15:07:42] [SUCCESS] Permission Entra appliquée [write] -> Drive ECHOLINE/05-Sales/A-Prospects/RÉGIE DES EAUX 3M
[2026-07-09 15:07:42] [INFO] Traitement: /Drive ECHOLINE/05-Sales/A-Prospects/SITPA NESTLÉ/
[2026-07-09 15:07:42] [INFO] Copie: Drive ECHOLINE/05-Sales/A-Prospects/SITPA NESTLÉ
[2026-07-09 15:07:43] [SUCCESS] Dossier créé: Drive ECHOLINE/05-Sales/A-Prospects/SITPA NESTLÉ
[2026-07-09 15:07:44] [SUCCESS] Permission Entra appliquée [write] -> Drive ECHOLINE/05-Sales/A-Prospects/SITPA NESTLÉ
[2026-07-09 15:07:44] [SUCCESS] Permission Entra appliquée [write] -> Drive ECHOLINE/05-Sales/A-Prospects/SITPA NESTLÉ
[2026-07-09 15:07:44] [INFO] Traitement: /Drive ECHOLINE/05-Sales/A-Prospects/SKF/
[2026-07-09 15:07:44] [INFO] Copie: Drive ECHOLINE/05-Sales/A-Prospects/SKF
[2026-07-09 15:07:45] [SUCCESS] Dossier créé: Drive ECHOLINE/05-Sales/A-Prospects/SKF
[2026-07-09 15:07:45] [SUCCESS] Permission Entra appliquée [write] -> Drive ECHOLINE/05-Sales/A-Prospects/SKF
[2026-07-09 15:07:45] [SUCCESS] Permission Entra appliquée [write] -> Drive ECHOLINE/05-Sales/A-Prospects/SKF
[2026-07-09 15:07:45] [INFO] Traitement: /Drive ECHOLINE/05-Sales/A-Prospects/SOLARHONA/
[2026-07-09 15:07:45] [INFO] Copie: Drive ECHOLINE/05-Sales/A-Prospects/SOLARHONA
[2026-07-09 15:07:49] [SUCCESS] Dossier créé: Drive ECHOLINE/05-Sales/A-Prospects/SOLARHONA
[2026-07-09 15:07:49] [SUCCESS] Permission Entra appliquée [write] -> Drive ECHOLINE/05-Sales/A-Prospects/SOLARHONA
[2026-07-09 15:07:50] [SUCCESS] Permission Entra appliquée [write] -> Drive ECHOLINE/05-Sales/A-Prospects/SOLARHONA
[2026-07-09 15:07:50] [INFO] Traitement: /Drive ECHOLINE/05-Sales/A-Prospects/SPIRIT AEROSYSTEMS/
[2026-07-09 15:07:50] [INFO] Copie: Drive ECHOLINE/05-Sales/A-Prospects/SPIRIT AEROSYSTEMS
[2026-07-09 15:07:51] [SUCCESS] Dossier créé: Drive ECHOLINE/05-Sales/A-Prospects/SPIRIT AEROSYSTEMS
[2026-07-09 15:07:51] [SUCCESS] Permission Entra appliquée [write] -> Drive ECHOLINE/05-Sales/A-Prospects/SPIRIT AEROSYSTEMS
[2026-07-09 15:07:51] [SUCCESS] Permission Entra appliquée [write] -> Drive ECHOLINE/05-Sales/A-Prospects/SPIRIT AEROSYSTEMS
[2026-07-09 15:07:51] [INFO] Traitement: /Drive ECHOLINE/05-Sales/A-Prospects/SUEZ/
[2026-07-09 15:07:51] [INFO] Copie: Drive ECHOLINE/05-Sales/A-Prospects/SUEZ
[2026-07-09 15:07:52] [SUCCESS] Dossier créé: Drive ECHOLINE/05-Sales/A-Prospects/SUEZ
[2026-07-09 15:07:52] [SUCCESS] Permission Entra appliquée [write] -> Drive ECHOLINE/05-Sales/A-Prospects/SUEZ
[2026-07-09 15:07:53] [SUCCESS] Permission Entra appliquée [write] -> Drive ECHOLINE/05-Sales/A-Prospects/SUEZ
[2026-07-09 15:07:53] [INFO] Traitement: /Drive ECHOLINE/05-Sales/A-Prospects/SUPERGROUP/
[2026-07-09 15:07:53] [INFO] Copie: Drive ECHOLINE/05-Sales/A-Prospects/SUPERGROUP
[2026-07-09 15:07:54] [SUCCESS] Dossier créé: Drive ECHOLINE/05-Sales/A-Prospects/SUPERGROUP
[2026-07-09 15:07:54] [SUCCESS] Permission Entra appliquée [write] -> Drive ECHOLINE/05-Sales/A-Prospects/SUPERGROUP
[2026-07-09 15:07:54] [SUCCESS] Permission Entra appliquée [write] -> Drive ECHOLINE/05-Sales/A-Prospects/SUPERGROUP
[2026-07-09 15:07:54] [INFO] Traitement: /Drive ECHOLINE/05-Sales/A-Prospects/THIEVIN/
[2026-07-09 15:07:54] [INFO] Copie: Drive ECHOLINE/05-Sales/A-Prospects/THIEVIN
[2026-07-09 15:07:55] [SUCCESS] Dossier créé: Drive ECHOLINE/05-Sales/A-Prospects/THIEVIN
[2026-07-09 15:07:56] [SUCCESS] Permission Entra appliquée [write] -> Drive ECHOLINE/05-Sales/A-Prospects/THIEVIN
[2026-07-09 15:07:56] [SUCCESS] Permission Entra appliquée [write] -> Drive ECHOLINE/05-Sales/A-Prospects/THIEVIN
[2026-07-09 15:07:56] [INFO] Traitement: /Drive ECHOLINE/05-Sales/A-Prospects/TMP CONVERT/
[2026-07-09 15:07:56] [INFO] Copie: Drive ECHOLINE/05-Sales/A-Prospects/TMP CONVERT
[2026-07-09 15:07:57] [SUCCESS] Dossier créé: Drive ECHOLINE/05-Sales/A-Prospects/TMP CONVERT
[2026-07-09 15:07:57] [SUCCESS] Permission Entra appliquée [write] -> Drive ECHOLINE/05-Sales/A-Prospects/TMP CONVERT
[2026-07-09 15:07:58] [SUCCESS] Permission Entra appliquée [write] -> Drive ECHOLINE/05-Sales/A-Prospects/TMP CONVERT
[2026-07-09 15:07:58] [INFO] Traitement: /Drive ECHOLINE/05-Sales/A-Prospects/TOPIVO/
[2026-07-09 15:07:58] [INFO] Copie: Drive ECHOLINE/05-Sales/A-Prospects/TOPIVO
[2026-07-09 15:07:59] [SUCCESS] Dossier créé: Drive ECHOLINE/05-Sales/A-Prospects/TOPIVO
[2026-07-09 15:07:59] [SUCCESS] Permission Entra appliquée [write] -> Drive ECHOLINE/05-Sales/A-Prospects/TOPIVO
[2026-07-09 15:07:59] [SUCCESS] Permission Entra appliquée [write] -> Drive ECHOLINE/05-Sales/A-Prospects/TOPIVO
[2026-07-09 15:07:59] [INFO] Traitement: /Drive ECHOLINE/05-Sales/A-Prospects/URBYN/
[2026-07-09 15:07:59] [INFO] Copie: Drive ECHOLINE/05-Sales/A-Prospects/URBYN
[2026-07-09 15:08:01] [SUCCESS] Dossier créé: Drive ECHOLINE/05-Sales/A-Prospects/URBYN
[2026-07-09 15:08:01] [SUCCESS] Permission Entra appliquée [write] -> Drive ECHOLINE/05-Sales/A-Prospects/URBYN
[2026-07-09 15:08:01] [SUCCESS] Permission Entra appliquée [write] -> Drive ECHOLINE/05-Sales/A-Prospects/URBYN
[2026-07-09 15:08:01] [INFO] Traitement: /Drive ECHOLINE/05-Sales/A-Prospects/VETERNITY/
[2026-07-09 15:08:01] [INFO] Copie: Drive ECHOLINE/05-Sales/A-Prospects/VETERNITY
[2026-07-09 15:08:02] [SUCCESS] Dossier créé: Drive ECHOLINE/05-Sales/A-Prospects/VETERNITY
[2026-07-09 15:08:02] [SUCCESS] Permission Entra appliquée [write] -> Drive ECHOLINE/05-Sales/A-Prospects/VETERNITY
[2026-07-09 15:08:02] [SUCCESS] Permission Entra appliquée [write] -> Drive ECHOLINE/05-Sales/A-Prospects/VETERNITY
[2026-07-09 15:08:02] [INFO] Traitement: /Drive ECHOLINE/05-Sales/A-Prospects/VIATRIS MEDA MANUFACTURING/
[2026-07-09 15:08:02] [INFO] Copie: Drive ECHOLINE/05-Sales/A-Prospects/VIATRIS MEDA MANUFACTURING
[2026-07-09 15:08:03] [SUCCESS] Dossier créé: Drive ECHOLINE/05-Sales/A-Prospects/VIATRIS MEDA MANUFACTURING
[2026-07-09 15:08:03] [SUCCESS] Permission Entra appliquée [write] -> Drive ECHOLINE/05-Sales/A-Prospects/VIATRIS MEDA MANUFACTURING
[2026-07-09 15:08:04] [SUCCESS] Permission Entra appliquée [write] -> Drive ECHOLINE/05-Sales/A-Prospects/VIATRIS MEDA MANUFACTURING
[2026-07-09 15:08:04] [INFO] Traitement: /Drive ECHOLINE/05-Sales/A-Prospects/VINCI FACILITIES/
[2026-07-09 15:08:04] [INFO] Copie: Drive ECHOLINE/05-Sales/A-Prospects/VINCI FACILITIES
[2026-07-09 15:08:05] [SUCCESS] Dossier créé: Drive ECHOLINE/05-Sales/A-Prospects/VINCI FACILITIES
[2026-07-09 15:08:05] [SUCCESS] Permission Entra appliquée [write] -> Drive ECHOLINE/05-Sales/A-Prospects/VINCI FACILITIES
[2026-07-09 15:08:05] [SUCCESS] Permission Entra appliquée [write] -> Drive ECHOLINE/05-Sales/A-Prospects/VINCI FACILITIES
[2026-07-09 15:08:05] [INFO] Traitement: /Drive ECHOLINE/05-Sales/A-Prospects/YZEE/
[2026-07-09 15:08:05] [INFO] Copie: Drive ECHOLINE/05-Sales/A-Prospects/YZEE
[2026-07-09 15:08:06] [SUCCESS] Dossier créé: Drive ECHOLINE/05-Sales/A-Prospects/YZEE
[2026-07-09 15:08:06] [SUCCESS] Permission Entra appliquée [write] -> Drive ECHOLINE/05-Sales/A-Prospects/YZEE
[2026-07-09 15:08:06] [SUCCESS] Permission Entra appliquée [write] -> Drive ECHOLINE/05-Sales/A-Prospects/YZEE
[2026-07-09 15:08:06] [INFO] Traitement: /Drive ECHOLINE/05-Sales/B-Templates/
[2026-07-09 15:08:06] [INFO] Copie: Drive ECHOLINE/05-Sales/B-Templates
[2026-07-09 15:08:07] [SUCCESS] Dossier créé: Drive ECHOLINE/05-Sales/B-Templates
[2026-07-09 15:08:07] [SUCCESS] Permission Entra appliquée [write] -> Drive ECHOLINE/05-Sales/B-Templates
[2026-07-09 15:08:08] [SUCCESS] Permission Entra appliquée [write] -> Drive ECHOLINE/05-Sales/B-Templates
[2026-07-09 15:08:08] [INFO] Traitement: /Drive ECHOLINE/05-Sales/C-Automated_Quotes_Generation/
[2026-07-09 15:08:08] [INFO] Copie: Drive ECHOLINE/05-Sales/C-Automated_Quotes_Generation
[2026-07-09 15:08:08] [SUCCESS] Dossier créé: Drive ECHOLINE/05-Sales/C-Automated_Quotes_Generation
[2026-07-09 15:08:09] [SUCCESS] Permission Entra appliquée [write] -> Drive ECHOLINE/05-Sales/C-Automated_Quotes_Generation
[2026-07-09 15:08:09] [SUCCESS] Permission Entra appliquée [write] -> Drive ECHOLINE/05-Sales/C-Automated_Quotes_Generation
[2026-07-09 15:08:09] [INFO] Traitement: /Drive ECHOLINE/05-Sales/Communication Package/
[2026-07-09 15:08:09] [INFO] Copie: Drive ECHOLINE/05-Sales/Communication Package
[2026-07-09 15:08:10] [SUCCESS] Dossier créé: Drive ECHOLINE/05-Sales/Communication Package
[2026-07-09 15:08:10] [SUCCESS] Permission Entra appliquée [write] -> Drive ECHOLINE/05-Sales/Communication Package
[2026-07-09 15:08:10] [SUCCESS] Permission Entra appliquée [write] -> Drive ECHOLINE/05-Sales/Communication Package
[2026-07-09 15:08:10] [INFO] Traitement: /Drive ECHOLINE/05-Sales/Communication Package/ARTHUR/
[2026-07-09 15:08:10] [INFO] Copie: Drive ECHOLINE/05-Sales/Communication Package/ARTHUR
[2026-07-09 15:08:11] [SUCCESS] Dossier créé: Drive ECHOLINE/05-Sales/Communication Package/ARTHUR
[2026-07-09 15:08:11] [SUCCESS] Permission Entra appliquée [write] -> Drive ECHOLINE/05-Sales/Communication Package/ARTHUR
[2026-07-09 15:08:11] [SUCCESS] Permission Entra appliquée [write] -> Drive ECHOLINE/05-Sales/Communication Package/ARTHUR
[2026-07-09 15:08:11] [INFO] Traitement: /Drive ECHOLINE/05-Sales/Communication Package/AURELIEN/
[2026-07-09 15:08:11] [INFO] Copie: Drive ECHOLINE/05-Sales/Communication Package/AURELIEN
[2026-07-09 15:08:12] [SUCCESS] Dossier créé: Drive ECHOLINE/05-Sales/Communication Package/AURELIEN
[2026-07-09 15:08:12] [SUCCESS] Permission Entra appliquée [write] -> Drive ECHOLINE/05-Sales/Communication Package/AURELIEN
[2026-07-09 15:08:13] [SUCCESS] Permission Entra appliquée [write] -> Drive ECHOLINE/05-Sales/Communication Package/AURELIEN
[2026-07-09 15:08:13] [INFO] Traitement: /Drive ECHOLINE/05-Sales/Communication Package/CELIA/
[2026-07-09 15:08:13] [INFO] Copie: Drive ECHOLINE/05-Sales/Communication Package/CELIA
[2026-07-09 15:08:14] [SUCCESS] Dossier créé: Drive ECHOLINE/05-Sales/Communication Package/CELIA
[2026-07-09 15:08:14] [SUCCESS] Permission Entra appliquée [write] -> Drive ECHOLINE/05-Sales/Communication Package/CELIA
[2026-07-09 15:08:14] [SUCCESS] Permission Entra appliquée [write] -> Drive ECHOLINE/05-Sales/Communication Package/CELIA
[2026-07-09 15:08:14] [INFO] Traitement: /Drive ECHOLINE/05-Sales/Communication Package/CLOTHILDE/
[2026-07-09 15:08:14] [INFO] Copie: Drive ECHOLINE/05-Sales/Communication Package/CLOTHILDE
[2026-07-09 15:08:15] [SUCCESS] Dossier créé: Drive ECHOLINE/05-Sales/Communication Package/CLOTHILDE
[2026-07-09 15:08:15] [SUCCESS] Permission Entra appliquée [write] -> Drive ECHOLINE/05-Sales/Communication Package/CLOTHILDE
[2026-07-09 15:08:15] [SUCCESS] Permission Entra appliquée [write] -> Drive ECHOLINE/05-Sales/Communication Package/CLOTHILDE
[2026-07-09 15:08:15] [INFO] Traitement: /Drive ECHOLINE/05-Sales/Communication Package/GAYLORD/
[2026-07-09 15:08:15] [INFO] Copie: Drive ECHOLINE/05-Sales/Communication Package/GAYLORD
[2026-07-09 15:08:16] [SUCCESS] Dossier créé: Drive ECHOLINE/05-Sales/Communication Package/GAYLORD
[2026-07-09 15:08:16] [SUCCESS] Permission Entra appliquée [write] -> Drive ECHOLINE/05-Sales/Communication Package/GAYLORD
[2026-07-09 15:08:17] [SUCCESS] Permission Entra appliquée [write] -> Drive ECHOLINE/05-Sales/Communication Package/GAYLORD
[2026-07-09 15:08:17] [INFO] Traitement: /Drive ECHOLINE/05-Sales/Communication Package/JEREMY/
[2026-07-09 15:08:17] [INFO] Copie: Drive ECHOLINE/05-Sales/Communication Package/JEREMY
[2026-07-09 15:08:18] [SUCCESS] Dossier créé: Drive ECHOLINE/05-Sales/Communication Package/JEREMY
[2026-07-09 15:08:18] [SUCCESS] Permission Entra appliquée [write] -> Drive ECHOLINE/05-Sales/Communication Package/JEREMY
[2026-07-09 15:08:18] [SUCCESS] Permission Entra appliquée [write] -> Drive ECHOLINE/05-Sales/Communication Package/JEREMY
[2026-07-09 15:08:18] [INFO] Traitement: /Drive ECHOLINE/05-Sales/Communication Package/LAURA/
[2026-07-09 15:08:18] [INFO] Copie: Drive ECHOLINE/05-Sales/Communication Package/LAURA
[2026-07-09 15:08:19] [SUCCESS] Dossier créé: Drive ECHOLINE/05-Sales/Communication Package/LAURA
[2026-07-09 15:08:19] [SUCCESS] Permission Entra appliquée [write] -> Drive ECHOLINE/05-Sales/Communication Package/LAURA
[2026-07-09 15:08:19] [SUCCESS] Permission Entra appliquée [write] -> Drive ECHOLINE/05-Sales/Communication Package/LAURA
[2026-07-09 15:08:19] [INFO] Traitement: /Drive ECHOLINE/05-Sales/Communication Package/SOPHIE/
[2026-07-09 15:08:19] [INFO] Copie: Drive ECHOLINE/05-Sales/Communication Package/SOPHIE
[2026-07-09 15:08:20] [SUCCESS] Dossier créé: Drive ECHOLINE/05-Sales/Communication Package/SOPHIE
[2026-07-09 15:08:20] [SUCCESS] Permission Entra appliquée [write] -> Drive ECHOLINE/05-Sales/Communication Package/SOPHIE
[2026-07-09 15:08:21] [SUCCESS] Permission Entra appliquée [write] -> Drive ECHOLINE/05-Sales/Communication Package/SOPHIE
[2026-07-09 15:08:21] [INFO] Traitement: /Drive ECHOLINE/05-Sales/Communication Package/YANN/
[2026-07-09 15:08:21] [INFO] Copie: Drive ECHOLINE/05-Sales/Communication Package/YANN
[2026-07-09 15:08:22] [SUCCESS] Dossier créé: Drive ECHOLINE/05-Sales/Communication Package/YANN
[2026-07-09 15:08:22] [SUCCESS] Permission Entra appliquée [write] -> Drive ECHOLINE/05-Sales/Communication Package/YANN
[2026-07-09 15:08:22] [SUCCESS] Permission Entra appliquée [write] -> Drive ECHOLINE/05-Sales/Communication Package/YANN
[2026-07-09 15:08:22] [INFO] Traitement: /Drive ECHOLINE/05-Sales/ZZ-Archives/
[2026-07-09 15:08:22] [INFO] Copie: Drive ECHOLINE/05-Sales/ZZ-Archives
[2026-07-09 15:08:23] [SUCCESS] Dossier créé: Drive ECHOLINE/05-Sales/ZZ-Archives
[2026-07-09 15:08:23] [SUCCESS] Permission Entra appliquée [write] -> Drive ECHOLINE/05-Sales/ZZ-Archives
[2026-07-09 15:08:23] [SUCCESS] Permission Entra appliquée [write] -> Drive ECHOLINE/05-Sales/ZZ-Archives
[2026-07-09 15:08:23] [INFO] Traitement: /Drive ECHOLINE/06-Community/
[2026-07-09 15:08:23] [INFO] Copie: Drive ECHOLINE/06-Community
[2026-07-09 15:08:24] [SUCCESS] Dossier créé: Drive ECHOLINE/06-Community
[2026-07-09 15:08:24] [SUCCESS] Permission Entra appliquée [write] -> Drive ECHOLINE/06-Community
[2026-07-09 15:08:24] [SUCCESS] Permission Entra appliquée [write] -> Drive ECHOLINE/06-Community
[2026-07-09 15:08:24] [INFO] Traitement: /Drive ECHOLINE/06-Community/ADRAR FORMATION/
[2026-07-09 15:08:24] [INFO] Copie: Drive ECHOLINE/06-Community/ADRAR FORMATION
[2026-07-09 15:08:25] [SUCCESS] Dossier créé: Drive ECHOLINE/06-Community/ADRAR FORMATION
[2026-07-09 15:08:25] [SUCCESS] Permission Entra appliquée [write] -> Drive ECHOLINE/06-Community/ADRAR FORMATION
[2026-07-09 15:08:25] [SUCCESS] Permission Entra appliquée [write] -> Drive ECHOLINE/06-Community/ADRAR FORMATION
[2026-07-09 15:08:25] [INFO] Traitement: /Drive ECHOLINE/06-Community/CAE CONSEILS/
[2026-07-09 15:08:25] [INFO] Copie: Drive ECHOLINE/06-Community/CAE CONSEILS
[2026-07-09 15:08:26] [SUCCESS] Dossier créé: Drive ECHOLINE/06-Community/CAE CONSEILS
[2026-07-09 15:08:26] [SUCCESS] Permission Entra appliquée [write] -> Drive ECHOLINE/06-Community/CAE CONSEILS
[2026-07-09 15:08:27] [SUCCESS] Permission Entra appliquée [write] -> Drive ECHOLINE/06-Community/CAE CONSEILS
[2026-07-09 15:08:27] [INFO] Traitement: /Drive ECHOLINE/06-Community/CAE CONSEILS/Devis/
[2026-07-09 15:08:27] [INFO] Copie: Drive ECHOLINE/06-Community/CAE CONSEILS/Devis
[2026-07-09 15:08:28] [SUCCESS] Dossier créé: Drive ECHOLINE/06-Community/CAE CONSEILS/Devis
[2026-07-09 15:08:29] [SUCCESS] Permission Entra appliquée [write] -> Drive ECHOLINE/06-Community/CAE CONSEILS/Devis
[2026-07-09 15:08:29] [SUCCESS] Permission Entra appliquée [write] -> Drive ECHOLINE/06-Community/CAE CONSEILS/Devis
[2026-07-09 15:08:29] [INFO] Traitement: /Drive ECHOLINE/06-Community/CAE CONSEILS/Partenariat/
[2026-07-09 15:08:29] [INFO] Copie: Drive ECHOLINE/06-Community/CAE CONSEILS/Partenariat
[2026-07-09 15:08:30] [SUCCESS] Dossier créé: Drive ECHOLINE/06-Community/CAE CONSEILS/Partenariat
[2026-07-09 15:08:30] [SUCCESS] Permission Entra appliquée [write] -> Drive ECHOLINE/06-Community/CAE CONSEILS/Partenariat
[2026-07-09 15:08:30] [SUCCESS] Permission Entra appliquée [write] -> Drive ECHOLINE/06-Community/CAE CONSEILS/Partenariat
[2026-07-09 15:08:30] [INFO] Traitement: /Drive ECHOLINE/06-Community/FRANCE SI/
[2026-07-09 15:08:30] [INFO] Copie: Drive ECHOLINE/06-Community/FRANCE SI
[2026-07-09 15:08:31] [SUCCESS] Dossier créé: Drive ECHOLINE/06-Community/FRANCE SI
[2026-07-09 15:08:31] [SUCCESS] Permission Entra appliquée [write] -> Drive ECHOLINE/06-Community/FRANCE SI
[2026-07-09 15:08:32] [SUCCESS] Permission Entra appliquée [write] -> Drive ECHOLINE/06-Community/FRANCE SI
[2026-07-09 15:08:32] [INFO] Traitement: /Drive ECHOLINE/06-Community/GAMMA SOFTWARE/
[2026-07-09 15:08:32] [INFO] Copie: Drive ECHOLINE/06-Community/GAMMA SOFTWARE
[2026-07-09 15:08:32] [SUCCESS] Dossier créé: Drive ECHOLINE/06-Community/GAMMA SOFTWARE
[2026-07-09 15:08:33] [SUCCESS] Permission Entra appliquée [write] -> Drive ECHOLINE/06-Community/GAMMA SOFTWARE
[2026-07-09 15:08:33] [SUCCESS] Permission Entra appliquée [write] -> Drive ECHOLINE/06-Community/GAMMA SOFTWARE
[2026-07-09 15:08:33] [INFO] Traitement: /Drive ECHOLINE/06-Community/KNOWLLENCE/
[2026-07-09 15:08:33] [INFO] Copie: Drive ECHOLINE/06-Community/KNOWLLENCE
[2026-07-09 15:08:34] [SUCCESS] Dossier créé: Drive ECHOLINE/06-Community/KNOWLLENCE
[2026-07-09 15:08:34] [SUCCESS] Permission Entra appliquée [write] -> Drive ECHOLINE/06-Community/KNOWLLENCE
[2026-07-09 15:08:34] [SUCCESS] Permission Entra appliquée [write] -> Drive ECHOLINE/06-Community/KNOWLLENCE
[2026-07-09 15:08:34] [INFO] Traitement: /Drive ECHOLINE/06-Community/KNOWLLENCE/Contrat/
[2026-07-09 15:08:34] [INFO] Copie: Drive ECHOLINE/06-Community/KNOWLLENCE/Contrat
[2026-07-09 15:08:35] [SUCCESS] Dossier créé: Drive ECHOLINE/06-Community/KNOWLLENCE/Contrat
[2026-07-09 15:08:35] [SUCCESS] Permission Entra appliquée [write] -> Drive ECHOLINE/06-Community/KNOWLLENCE/Contrat
[2026-07-09 15:08:36] [SUCCESS] Permission Entra appliquée [write] -> Drive ECHOLINE/06-Community/KNOWLLENCE/Contrat
[2026-07-09 15:08:36] [INFO] Traitement: /Drive ECHOLINE/06-Community/LOOTIBOX/
[2026-07-09 15:08:36] [INFO] Copie: Drive ECHOLINE/06-Community/LOOTIBOX
[2026-07-09 15:08:37] [SUCCESS] Dossier créé: Drive ECHOLINE/06-Community/LOOTIBOX
[2026-07-09 15:08:37] [SUCCESS] Permission Entra appliquée [write] -> Drive ECHOLINE/06-Community/LOOTIBOX
[2026-07-09 15:08:37] [SUCCESS] Permission Entra appliquée [write] -> Drive ECHOLINE/06-Community/LOOTIBOX
[2026-07-09 15:08:37] [INFO] Traitement: /Drive ECHOLINE/06-Community/QUALIPRO/
[2026-07-09 15:08:37] [INFO] Copie: Drive ECHOLINE/06-Community/QUALIPRO
[2026-07-09 15:08:38] [SUCCESS] Dossier créé: Drive ECHOLINE/06-Community/QUALIPRO
[2026-07-09 15:08:38] [SUCCESS] Permission Entra appliquée [write] -> Drive ECHOLINE/06-Community/QUALIPRO
[2026-07-09 15:08:38] [SUCCESS] Permission Entra appliquée [write] -> Drive ECHOLINE/06-Community/QUALIPRO
[2026-07-09 15:08:38] [INFO] Traitement: /Drive ECHOLINE/06-Community/QUALIPRO/Contrat/
[2026-07-09 15:08:39] [INFO] Copie: Drive ECHOLINE/06-Community/QUALIPRO/Contrat
[2026-07-09 15:08:39] [SUCCESS] Dossier créé: Drive ECHOLINE/06-Community/QUALIPRO/Contrat
[2026-07-09 15:08:40] [SUCCESS] Permission Entra appliquée [write] -> Drive ECHOLINE/06-Community/QUALIPRO/Contrat
[2026-07-09 15:08:40] [SUCCESS] Permission Entra appliquée [write] -> Drive ECHOLINE/06-Community/QUALIPRO/Contrat
[2026-07-09 15:08:40] [INFO] Traitement: /Drive ECHOLINE/06-Community/TEEO/
[2026-07-09 15:08:40] [INFO] Copie: Drive ECHOLINE/06-Community/TEEO
[2026-07-09 15:08:40] [SUCCESS] Dossier créé: Drive ECHOLINE/06-Community/TEEO
[2026-07-09 15:08:41] [SUCCESS] Permission Entra appliquée [write] -> Drive ECHOLINE/06-Community/TEEO
[2026-07-09 15:08:41] [SUCCESS] Permission Entra appliquée [write] -> Drive ECHOLINE/06-Community/TEEO
[2026-07-09 15:08:41] [INFO] Traitement: /Drive ECHOLINE/06-Community/TEEO/Archive/
[2026-07-09 15:08:41] [INFO] Copie: Drive ECHOLINE/06-Community/TEEO/Archive
[2026-07-09 15:08:42] [SUCCESS] Dossier créé: Drive ECHOLINE/06-Community/TEEO/Archive
[2026-07-09 15:08:42] [SUCCESS] Permission Entra appliquée [write] -> Drive ECHOLINE/06-Community/TEEO/Archive
[2026-07-09 15:08:43] [SUCCESS] Permission Entra appliquée [write] -> Drive ECHOLINE/06-Community/TEEO/Archive
[2026-07-09 15:08:43] [INFO] Traitement: /Drive ECHOLINE/06-Community/TEEO/Partenariat/
[2026-07-09 15:08:43] [INFO] Copie: Drive ECHOLINE/06-Community/TEEO/Partenariat
[2026-07-09 15:08:43] [SUCCESS] Dossier créé: Drive ECHOLINE/06-Community/TEEO/Partenariat
[2026-07-09 15:08:44] [SUCCESS] Permission Entra appliquée [write] -> Drive ECHOLINE/06-Community/TEEO/Partenariat
[2026-07-09 15:08:44] [SUCCESS] Permission Entra appliquée [write] -> Drive ECHOLINE/06-Community/TEEO/Partenariat
[2026-07-09 15:08:44] [INFO] Traitement: /Drive ECHOLINE/07-Tech/
[2026-07-09 15:08:44] [INFO] Copie: Drive ECHOLINE/07-Tech
[2026-07-09 15:08:45] [SUCCESS] Dossier créé: Drive ECHOLINE/07-Tech
[2026-07-09 15:08:45] [SUCCESS] Permission Entra appliquée [write] -> Drive ECHOLINE/07-Tech
[2026-07-09 15:08:45] [SUCCESS] Permission Entra appliquée [write] -> Drive ECHOLINE/07-Tech
[2026-07-09 15:08:45] [INFO] Traitement: /Drive ECHOLINE/07-Tech/A-Product management/
[2026-07-09 15:08:45] [INFO] Copie: Drive ECHOLINE/07-Tech/A-Product management
[2026-07-09 15:08:46] [SUCCESS] Dossier créé: Drive ECHOLINE/07-Tech/A-Product management
[2026-07-09 15:08:46] [SUCCESS] Permission Entra appliquée [write] -> Drive ECHOLINE/07-Tech/A-Product management
[2026-07-09 15:08:46] [SUCCESS] Permission Entra appliquée [write] -> Drive ECHOLINE/07-Tech/A-Product management
[2026-07-09 15:08:46] [INFO] Traitement: /Drive ECHOLINE/07-Tech/A-Product management/ZZ-Archives/
[2026-07-09 15:08:46] [INFO] Copie: Drive ECHOLINE/07-Tech/A-Product management/ZZ-Archives
[2026-07-09 15:08:47] [SUCCESS] Dossier créé: Drive ECHOLINE/07-Tech/A-Product management/ZZ-Archives
[2026-07-09 15:08:48] [SUCCESS] Permission Entra appliquée [write] -> Drive ECHOLINE/07-Tech/A-Product management/ZZ-Archives
[2026-07-09 15:08:48] [SUCCESS] Permission Entra appliquée [write] -> Drive ECHOLINE/07-Tech/A-Product management/ZZ-Archives
[2026-07-09 15:08:48] [INFO] Traitement: /Drive ECHOLINE/07-Tech/B-Backup/
[2026-07-09 15:08:48] [INFO] Copie: Drive ECHOLINE/07-Tech/B-Backup
[2026-07-09 15:08:48] [SUCCESS] Dossier créé: Drive ECHOLINE/07-Tech/B-Backup
[2026-07-09 15:08:49] [SUCCESS] Permission Entra appliquée [write] -> Drive ECHOLINE/07-Tech/B-Backup
[2026-07-09 15:08:49] [SUCCESS] Permission Entra appliquée [write] -> Drive ECHOLINE/07-Tech/B-Backup
[2026-07-09 15:08:49] [INFO] Traitement: /Drive ECHOLINE/07-Tech/B-Backup/Alexandria/
[2026-07-09 15:08:49] [INFO] Copie: Drive ECHOLINE/07-Tech/B-Backup/Alexandria
[2026-07-09 15:08:50] [SUCCESS] Dossier créé: Drive ECHOLINE/07-Tech/B-Backup/Alexandria
[2026-07-09 15:08:50] [SUCCESS] Permission Entra appliquée [write] -> Drive ECHOLINE/07-Tech/B-Backup/Alexandria
[2026-07-09 15:08:50] [SUCCESS] Permission Entra appliquée [write] -> Drive ECHOLINE/07-Tech/B-Backup/Alexandria
[2026-07-09 15:08:50] [INFO] Traitement: /Drive ECHOLINE/07-Tech/B-Backup/Archives Gitlab/
[2026-07-09 15:08:50] [INFO] Copie: Drive ECHOLINE/07-Tech/B-Backup/Archives Gitlab
[2026-07-09 15:08:51] [SUCCESS] Dossier créé: Drive ECHOLINE/07-Tech/B-Backup/Archives Gitlab
[2026-07-09 15:08:51] [SUCCESS] Permission Entra appliquée [write] -> Drive ECHOLINE/07-Tech/B-Backup/Archives Gitlab
[2026-07-09 15:08:51] [SUCCESS] Permission Entra appliquée [write] -> Drive ECHOLINE/07-Tech/B-Backup/Archives Gitlab
[2026-07-09 15:08:51] [INFO] Traitement: /Drive ECHOLINE/07-Tech/B-Backup/BDD/
[2026-07-09 15:08:52] [INFO] Copie: Drive ECHOLINE/07-Tech/B-Backup/BDD
[2026-07-09 15:08:52] [SUCCESS] Dossier créé: Drive ECHOLINE/07-Tech/B-Backup/BDD
[2026-07-09 15:08:53] [SUCCESS] Permission Entra appliquée [write] -> Drive ECHOLINE/07-Tech/B-Backup/BDD
[2026-07-09 15:08:53] [SUCCESS] Permission Entra appliquée [write] -> Drive ECHOLINE/07-Tech/B-Backup/BDD
[2026-07-09 15:08:53] [INFO] Traitement: /Drive ECHOLINE/07-Tech/B-Backup/Infra/
[2026-07-09 15:08:53] [INFO] Copie: Drive ECHOLINE/07-Tech/B-Backup/Infra
[2026-07-09 15:08:54] [SUCCESS] Dossier créé: Drive ECHOLINE/07-Tech/B-Backup/Infra
[2026-07-09 15:08:54] [SUCCESS] Permission Entra appliquée [write] -> Drive ECHOLINE/07-Tech/B-Backup/Infra
[2026-07-09 15:08:54] [SUCCESS] Permission Entra appliquée [write] -> Drive ECHOLINE/07-Tech/B-Backup/Infra
[2026-07-09 15:08:54] [INFO] Traitement: /Drive ECHOLINE/07-Tech/B-Backup/Maquettes/
[2026-07-09 15:08:54] [INFO] Copie: Drive ECHOLINE/07-Tech/B-Backup/Maquettes
[2026-07-09 15:08:55] [SUCCESS] Dossier créé: Drive ECHOLINE/07-Tech/B-Backup/Maquettes
[2026-07-09 15:08:55] [SUCCESS] Permission Entra appliquée [write] -> Drive ECHOLINE/07-Tech/B-Backup/Maquettes
[2026-07-09 15:08:56] [SUCCESS] Permission Entra appliquée [write] -> Drive ECHOLINE/07-Tech/B-Backup/Maquettes
[2026-07-09 15:08:56] [INFO] Traitement: /Drive ECHOLINE/07-Tech/B-Backup/Pentest Q4 2022/
[2026-07-09 15:08:56] [INFO] Copie: Drive ECHOLINE/07-Tech/B-Backup/Pentest Q4 2022
[2026-07-09 15:08:58] [SUCCESS] Dossier créé: Drive ECHOLINE/07-Tech/B-Backup/Pentest Q4 2022
[2026-07-09 15:08:58] [SUCCESS] Permission Entra appliquée [write] -> Drive ECHOLINE/07-Tech/B-Backup/Pentest Q4 2022
[2026-07-09 15:08:58] [SUCCESS] Permission Entra appliquée [write] -> Drive ECHOLINE/07-Tech/B-Backup/Pentest Q4 2022
[2026-07-09 15:08:58] [INFO] Traitement: /Drive ECHOLINE/07-Tech/B-Backup/QSE/
[2026-07-09 15:08:58] [INFO] Copie: Drive ECHOLINE/07-Tech/B-Backup/QSE
[2026-07-09 15:08:59] [SUCCESS] Dossier créé: Drive ECHOLINE/07-Tech/B-Backup/QSE
[2026-07-09 15:09:00] [SUCCESS] Permission Entra appliquée [write] -> Drive ECHOLINE/07-Tech/B-Backup/QSE
[2026-07-09 15:09:00] [SUCCESS] Permission Entra appliquée [write] -> Drive ECHOLINE/07-Tech/B-Backup/QSE
[2026-07-09 15:09:00] [INFO] Traitement: /Drive ECHOLINE/07-Tech/B-Backup/RFP/
[2026-07-09 15:09:00] [INFO] Copie: Drive ECHOLINE/07-Tech/B-Backup/RFP
[2026-07-09 15:09:01] [SUCCESS] Dossier créé: Drive ECHOLINE/07-Tech/B-Backup/RFP
[2026-07-09 15:09:02] [SUCCESS] Permission Entra appliquée [write] -> Drive ECHOLINE/07-Tech/B-Backup/RFP
[2026-07-09 15:09:02] [SUCCESS] Permission Entra appliquée [write] -> Drive ECHOLINE/07-Tech/B-Backup/RFP
[2026-07-09 15:09:02] [INFO] Traitement: /Drive ECHOLINE/07-Tech/C-Cybersécurité/
[2026-07-09 15:09:02] [INFO] Copie: Drive ECHOLINE/07-Tech/C-Cybersécurité
[2026-07-09 15:09:03] [SUCCESS] Dossier créé: Drive ECHOLINE/07-Tech/C-Cybersécurité
[2026-07-09 15:09:05] [SUCCESS] Permission Entra appliquée [write] -> Drive ECHOLINE/07-Tech/C-Cybersécurité
[2026-07-09 15:09:05] [SUCCESS] Permission Entra appliquée [write] -> Drive ECHOLINE/07-Tech/C-Cybersécurité
[2026-07-09 15:09:05] [INFO] Traitement: /Drive ECHOLINE/07-Tech/C-Cybersécurité/2022/
[2026-07-09 15:09:05] [INFO] Copie: Drive ECHOLINE/07-Tech/C-Cybersécurité/2022
[2026-07-09 15:09:07] [SUCCESS] Dossier créé: Drive ECHOLINE/07-Tech/C-Cybersécurité/2022
[2026-07-09 15:09:07] [SUCCESS] Permission Entra appliquée [write] -> Drive ECHOLINE/07-Tech/C-Cybersécurité/2022
[2026-07-09 15:09:07] [SUCCESS] Permission Entra appliquée [write] -> Drive ECHOLINE/07-Tech/C-Cybersécurité/2022
[2026-07-09 15:09:07] [INFO] Traitement: /Drive ECHOLINE/07-Tech/OpenAI/
[2026-07-09 15:09:07] [INFO] Copie: Drive ECHOLINE/07-Tech/OpenAI
[2026-07-09 15:09:08] [SUCCESS] Dossier créé: Drive ECHOLINE/07-Tech/OpenAI
[2026-07-09 15:09:08] [SUCCESS] Permission Entra appliquée [write] -> Drive ECHOLINE/07-Tech/OpenAI
[2026-07-09 15:09:08] [SUCCESS] Permission Entra appliquée [write] -> Drive ECHOLINE/07-Tech/OpenAI
[2026-07-09 15:09:08] [INFO] Traitement: /Drive ECHOLINE/07-Tech/ZZ-Archives/
[2026-07-09 15:09:08] [INFO] Copie: Drive ECHOLINE/07-Tech/ZZ-Archives
[2026-07-09 15:09:09] [SUCCESS] Dossier créé: Drive ECHOLINE/07-Tech/ZZ-Archives
[2026-07-09 15:09:09] [SUCCESS] Permission Entra appliquée [write] -> Drive ECHOLINE/07-Tech/ZZ-Archives
[2026-07-09 15:09:10] [SUCCESS] Permission Entra appliquée [write] -> Drive ECHOLINE/07-Tech/ZZ-Archives
[2026-07-09 15:09:10] [INFO] Traitement: /Drive ECHOLINE/07-Tech/ZZ-Archives/Archives fonds LEGI - DILA/
[2026-07-09 15:09:10] [INFO] Copie: Drive ECHOLINE/07-Tech/ZZ-Archives/Archives fonds LEGI - DILA
[2026-07-09 15:09:11] [SUCCESS] Dossier créé: Drive ECHOLINE/07-Tech/ZZ-Archives/Archives fonds LEGI - DILA
[2026-07-09 15:09:11] [SUCCESS] Permission Entra appliquée [write] -> Drive ECHOLINE/07-Tech/ZZ-Archives/Archives fonds LEGI - DILA
[2026-07-09 15:09:14] [SUCCESS] Permission Entra appliquée [write] -> Drive ECHOLINE/07-Tech/ZZ-Archives/Archives fonds LEGI - DILA
[2026-07-09 15:09:14] [INFO] Traitement: /Drive ECHOLINE/08-Design/
[2026-07-09 15:09:14] [INFO] Copie: Drive ECHOLINE/08-Design
[2026-07-09 15:09:14] [SUCCESS] Dossier créé: Drive ECHOLINE/08-Design
[2026-07-09 15:09:15] [SUCCESS] Permission Entra appliquée [write] -> Drive ECHOLINE/08-Design
[2026-07-09 15:09:15] [SUCCESS] Permission Entra appliquée [write] -> Drive ECHOLINE/08-Design
[2026-07-09 15:09:15] [INFO] Traitement: /Drive ECHOLINE/08-Design/App ECHOLINE/
[2026-07-09 15:09:15] [INFO] Copie: Drive ECHOLINE/08-Design/App ECHOLINE
[2026-07-09 15:09:16] [SUCCESS] Dossier créé: Drive ECHOLINE/08-Design/App ECHOLINE
[2026-07-09 15:09:16] [SUCCESS] Permission Entra appliquée [write] -> Drive ECHOLINE/08-Design/App ECHOLINE
[2026-07-09 15:09:16] [SUCCESS] Permission Entra appliquée [write] -> Drive ECHOLINE/08-Design/App ECHOLINE
[2026-07-09 15:09:16] [INFO] Traitement: /Drive ECHOLINE/08-Design/ZZ-Archives/
[2026-07-09 15:09:16] [INFO] Copie: Drive ECHOLINE/08-Design/ZZ-Archives
[2026-07-09 15:09:17] [SUCCESS] Dossier créé: Drive ECHOLINE/08-Design/ZZ-Archives
[2026-07-09 15:09:18] [SUCCESS] Permission Entra appliquée [write] -> Drive ECHOLINE/08-Design/ZZ-Archives
[2026-07-09 15:09:18] [SUCCESS] Permission Entra appliquée [write] -> Drive ECHOLINE/08-Design/ZZ-Archives
[2026-07-09 15:09:18] [INFO] Traitement: /Drive ECHOLINE/09-QSE/
[2026-07-09 15:09:18] [INFO] Copie: Drive ECHOLINE/09-QSE
[2026-07-09 15:09:19] [SUCCESS] Dossier créé: Drive ECHOLINE/09-QSE
[2026-07-09 15:09:19] [SUCCESS] Permission Entra appliquée [write] -> Drive ECHOLINE/09-QSE
[2026-07-09 15:09:19] [SUCCESS] Permission Entra appliquée [write] -> Drive ECHOLINE/09-QSE
[2026-07-09 15:09:19] [INFO] Traitement: /Drive ECHOLINE/09-QSE/A-Analyse environnementale/
[2026-07-09 15:09:19] [INFO] Copie: Drive ECHOLINE/09-QSE/A-Analyse environnementale
[2026-07-09 15:09:20] [SUCCESS] Dossier créé: Drive ECHOLINE/09-QSE/A-Analyse environnementale
[2026-07-09 15:09:20] [SUCCESS] Permission Entra appliquée [write] -> Drive ECHOLINE/09-QSE/A-Analyse environnementale
[2026-07-09 15:09:20] [SUCCESS] Permission Entra appliquée [write] -> Drive ECHOLINE/09-QSE/A-Analyse environnementale
[2026-07-09 15:09:20] [INFO] Traitement: /Drive ECHOLINE/09-QSE/B-Bilan carbone/
[2026-07-09 15:09:20] [INFO] Copie: Drive ECHOLINE/09-QSE/B-Bilan carbone
[2026-07-09 15:09:22] [SUCCESS] Dossier créé: Drive ECHOLINE/09-QSE/B-Bilan carbone
[2026-07-09 15:09:22] [SUCCESS] Permission Entra appliquée [write] -> Drive ECHOLINE/09-QSE/B-Bilan carbone
[2026-07-09 15:09:22] [SUCCESS] Permission Entra appliquée [write] -> Drive ECHOLINE/09-QSE/B-Bilan carbone
[2026-07-09 15:09:22] [INFO] Traitement: /Drive ECHOLINE/09-QSE/C-Document unique/
[2026-07-09 15:09:22] [INFO] Copie: Drive ECHOLINE/09-QSE/C-Document unique
[2026-07-09 15:09:23] [SUCCESS] Dossier créé: Drive ECHOLINE/09-QSE/C-Document unique
[2026-07-09 15:09:23] [SUCCESS] Permission Entra appliquée [write] -> Drive ECHOLINE/09-QSE/C-Document unique
[2026-07-09 15:09:24] [SUCCESS] Permission Entra appliquée [write] -> Drive ECHOLINE/09-QSE/C-Document unique
[2026-07-09 15:09:24] [INFO] Traitement: /Drive ECHOLINE/09-QSE/ZZ-Archives/
[2026-07-09 15:09:24] [INFO] Copie: Drive ECHOLINE/09-QSE/ZZ-Archives
[2026-07-09 15:09:24] [SUCCESS] Dossier créé: Drive ECHOLINE/09-QSE/ZZ-Archives
[2026-07-09 15:09:25] [SUCCESS] Permission Entra appliquée [write] -> Drive ECHOLINE/09-QSE/ZZ-Archives
[2026-07-09 15:09:25] [SUCCESS] Permission Entra appliquée [write] -> Drive ECHOLINE/09-QSE/ZZ-Archives
[2026-07-09 15:09:25] [INFO] Traitement: /Drive ECHOLINE/10-Pilotage/
[2026-07-09 15:09:25] [INFO] Copie: Drive ECHOLINE/10-Pilotage
[2026-07-09 15:09:25] [SUCCESS] Dossier créé: Drive ECHOLINE/10-Pilotage
[2026-07-09 15:09:26] [SUCCESS] Permission Entra appliquée [write] -> Drive ECHOLINE/10-Pilotage
[2026-07-09 15:09:26] [SUCCESS] Permission Entra appliquée [write] -> Drive ECHOLINE/10-Pilotage
[2026-07-09 15:09:26] [INFO] Traitement: /Drive ECHOLINE/10-Pilotage/ZZ-Archives/
[2026-07-09 15:09:26] [INFO] Copie: Drive ECHOLINE/10-Pilotage/ZZ-Archives
[2026-07-09 15:09:27] [SUCCESS] Dossier créé: Drive ECHOLINE/10-Pilotage/ZZ-Archives
[2026-07-09 15:09:27] [SUCCESS] Permission Entra appliquée [write] -> Drive ECHOLINE/10-Pilotage/ZZ-Archives
[2026-07-09 15:09:27] [SUCCESS] Permission Entra appliquée [write] -> Drive ECHOLINE/10-Pilotage/ZZ-Archives
[2026-07-09 15:09:27] [INFO] Traitement: /Drive ECHOLINE/11-Admin/
[2026-07-09 15:09:27] [INFO] Copie: Drive ECHOLINE/11-Admin
[2026-07-09 15:09:28] [SUCCESS] Dossier créé: Drive ECHOLINE/11-Admin
[2026-07-09 15:09:28] [SUCCESS] Permission Entra appliquée [write] -> Drive ECHOLINE/11-Admin
[2026-07-09 15:09:28] [SUCCESS] Permission Entra appliquée [write] -> Drive ECHOLINE/11-Admin
[2026-07-09 15:09:28] [INFO] Traitement: /Drive ECHOLINE/11-Admin/Assurance/
[2026-07-09 15:09:28] [INFO] Copie: Drive ECHOLINE/11-Admin/Assurance
[2026-07-09 15:09:29] [SUCCESS] Dossier créé: Drive ECHOLINE/11-Admin/Assurance
[2026-07-09 15:09:29] [SUCCESS] Permission Entra appliquée [write] -> Drive ECHOLINE/11-Admin/Assurance
[2026-07-09 15:09:29] [SUCCESS] Permission Entra appliquée [write] -> Drive ECHOLINE/11-Admin/Assurance
[2026-07-09 15:09:29] [INFO] Traitement: /Drive ECHOLINE/11-Admin/Banque/
[2026-07-09 15:09:29] [INFO] Copie: Drive ECHOLINE/11-Admin/Banque
[2026-07-09 15:09:30] [SUCCESS] Dossier créé: Drive ECHOLINE/11-Admin/Banque
[2026-07-09 15:09:30] [SUCCESS] Permission Entra appliquée [write] -> Drive ECHOLINE/11-Admin/Banque
[2026-07-09 15:09:31] [SUCCESS] Permission Entra appliquée [write] -> Drive ECHOLINE/11-Admin/Banque
[2026-07-09 15:09:31] [INFO] Traitement: /Drive ECHOLINE/11-Admin/Comptabilité/
[2026-07-09 15:09:31] [INFO] Copie: Drive ECHOLINE/11-Admin/Comptabilité
[2026-07-09 15:09:32] [SUCCESS] Dossier créé: Drive ECHOLINE/11-Admin/Comptabilité
[2026-07-09 15:09:32] [SUCCESS] Permission Entra appliquée [write] -> Drive ECHOLINE/11-Admin/Comptabilité
[2026-07-09 15:09:32] [SUCCESS] Permission Entra appliquée [write] -> Drive ECHOLINE/11-Admin/Comptabilité
[2026-07-09 15:09:32] [INFO] Traitement: /Drive ECHOLINE/11-Admin/Domiciliation/
[2026-07-09 15:09:32] [INFO] Copie: Drive ECHOLINE/11-Admin/Domiciliation
[2026-07-09 15:09:33] [SUCCESS] Dossier créé: Drive ECHOLINE/11-Admin/Domiciliation
[2026-07-09 15:09:33] [SUCCESS] Permission Entra appliquée [write] -> Drive ECHOLINE/11-Admin/Domiciliation
[2026-07-09 15:09:33] [SUCCESS] Permission Entra appliquée [write] -> Drive ECHOLINE/11-Admin/Domiciliation
[2026-07-09 15:09:33] [INFO] Traitement: /Drive ECHOLINE/11-Admin/Kbis et statuts/
[2026-07-09 15:09:33] [INFO] Copie: Drive ECHOLINE/11-Admin/Kbis et statuts
[2026-07-09 15:09:34] [SUCCESS] Dossier créé: Drive ECHOLINE/11-Admin/Kbis et statuts
[2026-07-09 15:09:35] [SUCCESS] Permission Entra appliquée [write] -> Drive ECHOLINE/11-Admin/Kbis et statuts
[2026-07-09 15:09:35] [SUCCESS] Permission Entra appliquée [write] -> Drive ECHOLINE/11-Admin/Kbis et statuts
[2026-07-09 15:09:35] [INFO] Traitement: /Drive ECHOLINE/11-Admin/Marque/
[2026-07-09 15:09:35] [INFO] Copie: Drive ECHOLINE/11-Admin/Marque
[2026-07-09 15:09:36] [SUCCESS] Dossier créé: Drive ECHOLINE/11-Admin/Marque
[2026-07-09 15:09:36] [SUCCESS] Permission Entra appliquée [write] -> Drive ECHOLINE/11-Admin/Marque
[2026-07-09 15:09:36] [SUCCESS] Permission Entra appliquée [write] -> Drive ECHOLINE/11-Admin/Marque
[2026-07-09 15:09:36] [INFO] Traitement: /Drive ECHOLINE/11-Admin/RGPD/
[2026-07-09 15:09:36] [INFO] Copie: Drive ECHOLINE/11-Admin/RGPD
[2026-07-09 15:09:38] [SUCCESS] Dossier créé: Drive ECHOLINE/11-Admin/RGPD
[2026-07-09 15:09:38] [SUCCESS] Permission Entra appliquée [write] -> Drive ECHOLINE/11-Admin/RGPD
[2026-07-09 15:09:38] [SUCCESS] Permission Entra appliquée [write] -> Drive ECHOLINE/11-Admin/RGPD
[2026-07-09 15:09:38] [INFO] Traitement: /Drive ECHOLINE/11-Admin/Taxe d_apprentissage/
[2026-07-09 15:09:38] [INFO] Copie: Drive ECHOLINE/11-Admin/Taxe d_apprentissage
[2026-07-09 15:09:39] [SUCCESS] Dossier créé: Drive ECHOLINE/11-Admin/Taxe d_apprentissage
[2026-07-09 15:09:39] [SUCCESS] Permission Entra appliquée [write] -> Drive ECHOLINE/11-Admin/Taxe d_apprentissage
[2026-07-09 15:09:39] [SUCCESS] Permission Entra appliquée [write] -> Drive ECHOLINE/11-Admin/Taxe d_apprentissage
[2026-07-09 15:09:40] [INFO] Traitement: /Drive ECHOLINE/12-HR/
[2026-07-09 15:09:40] [INFO] Copie: Drive ECHOLINE/12-HR
[2026-07-09 15:09:40] [SUCCESS] Dossier créé: Drive ECHOLINE/12-HR
[2026-07-09 15:09:40] [SUCCESS] Permission Entra appliquée [write] -> Drive ECHOLINE/12-HR
[2026-07-09 15:09:41] [SUCCESS] Permission Entra appliquée [write] -> Drive ECHOLINE/12-HR
[2026-07-09 15:09:41] [INFO] Traitement: /Drive ECHOLINE/12-HR/Cabinet de paie/
[2026-07-09 15:09:41] [INFO] Copie: Drive ECHOLINE/12-HR/Cabinet de paie
[2026-07-09 15:09:41] [SUCCESS] Dossier créé: Drive ECHOLINE/12-HR/Cabinet de paie
[2026-07-09 15:09:42] [SUCCESS] Permission Entra appliquée [write] -> Drive ECHOLINE/12-HR/Cabinet de paie
[2026-07-09 15:09:42] [SUCCESS] Permission Entra appliquée [write] -> Drive ECHOLINE/12-HR/Cabinet de paie
[2026-07-09 15:09:42] [INFO] Traitement: /Drive ECHOLINE/12-HR/Cabinets de recrutement/
[2026-07-09 15:09:42] [INFO] Copie: Drive ECHOLINE/12-HR/Cabinets de recrutement
[2026-07-09 15:09:43] [SUCCESS] Dossier créé: Drive ECHOLINE/12-HR/Cabinets de recrutement
[2026-07-09 15:09:43] [SUCCESS] Permission Entra appliquée [write] -> Drive ECHOLINE/12-HR/Cabinets de recrutement
[2026-07-09 15:09:43] [SUCCESS] Permission Entra appliquée [write] -> Drive ECHOLINE/12-HR/Cabinets de recrutement
[2026-07-09 15:09:43] [INFO] Traitement: /Drive ECHOLINE/12-HR/États mensuels/
[2026-07-09 15:09:43] [INFO] Copie: Drive ECHOLINE/12-HR/États mensuels
[2026-07-09 15:09:44] [SUCCESS] Dossier créé: Drive ECHOLINE/12-HR/États mensuels
[2026-07-09 15:09:44] [SUCCESS] Permission Entra appliquée [write] -> Drive ECHOLINE/12-HR/États mensuels
[2026-07-09 15:09:45] [SUCCESS] Permission Entra appliquée [write] -> Drive ECHOLINE/12-HR/États mensuels
[2026-07-09 15:09:45] [INFO] Traitement: /Drive ECHOLINE/12-HR/Gestion des congés/
[2026-07-09 15:09:45] [INFO] Copie: Drive ECHOLINE/12-HR/Gestion des congés
[2026-07-09 15:09:46] [SUCCESS] Dossier créé: Drive ECHOLINE/12-HR/Gestion des congés
[2026-07-09 15:09:46] [SUCCESS] Permission Entra appliquée [write] -> Drive ECHOLINE/12-HR/Gestion des congés
[2026-07-09 15:09:47] [SUCCESS] Permission Entra appliquée [write] -> Drive ECHOLINE/12-HR/Gestion des congés
[2026-07-09 15:09:47] [INFO] Traitement: /Drive ECHOLINE/12-HR/Modèles/
[2026-07-09 15:09:47] [INFO] Copie: Drive ECHOLINE/12-HR/Modèles
[2026-07-09 15:09:48] [SUCCESS] Dossier créé: Drive ECHOLINE/12-HR/Modèles
[2026-07-09 15:09:48] [SUCCESS] Permission Entra appliquée [write] -> Drive ECHOLINE/12-HR/Modèles
[2026-07-09 15:09:48] [SUCCESS] Permission Entra appliquée [write] -> Drive ECHOLINE/12-HR/Modèles
[2026-07-09 15:09:48] [INFO] Traitement: /Drive ECHOLINE/12-HR/Mutuelle/
[2026-07-09 15:09:48] [INFO] Copie: Drive ECHOLINE/12-HR/Mutuelle
[2026-07-09 15:09:49] [SUCCESS] Dossier créé: Drive ECHOLINE/12-HR/Mutuelle
[2026-07-09 15:09:49] [SUCCESS] Permission Entra appliquée [write] -> Drive ECHOLINE/12-HR/Mutuelle
[2026-07-09 15:09:49] [SUCCESS] Permission Entra appliquée [write] -> Drive ECHOLINE/12-HR/Mutuelle
[2026-07-09 15:09:49] [INFO] Traitement: /Drive ECHOLINE/12-HR/OPCO/
[2026-07-09 15:09:49] [INFO] Copie: Drive ECHOLINE/12-HR/OPCO
[2026-07-09 15:09:50] [SUCCESS] Dossier créé: Drive ECHOLINE/12-HR/OPCO
[2026-07-09 15:09:50] [SUCCESS] Permission Entra appliquée [write] -> Drive ECHOLINE/12-HR/OPCO
[2026-07-09 15:09:50] [SUCCESS] Permission Entra appliquée [write] -> Drive ECHOLINE/12-HR/OPCO
[2026-07-09 15:09:50] [INFO] Traitement: /Drive ECHOLINE/12-HR/Salariés/
[2026-07-09 15:09:50] [INFO] Copie: Drive ECHOLINE/12-HR/Salariés
[2026-07-09 15:09:51] [SUCCESS] Dossier créé: Drive ECHOLINE/12-HR/Salariés
[2026-07-09 15:09:51] [SUCCESS] Permission Entra appliquée [write] -> Drive ECHOLINE/12-HR/Salariés
[2026-07-09 15:09:52] [SUCCESS] Permission Entra appliquée [write] -> Drive ECHOLINE/12-HR/Salariés
[2026-07-09 15:09:52] [INFO] Traitement: /Drive ECHOLINE/12-HR/Test technique/
[2026-07-09 15:09:52] [INFO] Copie: Drive ECHOLINE/12-HR/Test technique
[2026-07-09 15:09:53] [SUCCESS] Dossier créé: Drive ECHOLINE/12-HR/Test technique
[2026-07-09 15:09:53] [SUCCESS] Permission Entra appliquée [write] -> Drive ECHOLINE/12-HR/Test technique
[2026-07-09 15:09:53] [SUCCESS] Permission Entra appliquée [write] -> Drive ECHOLINE/12-HR/Test technique
[2026-07-09 15:09:53] [INFO] Traitement: /Drive ECHOLINE/12-HR/URSSAF/
[2026-07-09 15:09:53] [INFO] Copie: Drive ECHOLINE/12-HR/URSSAF
[2026-07-09 15:09:54] [SUCCESS] Dossier créé: Drive ECHOLINE/12-HR/URSSAF
[2026-07-09 15:09:54] [SUCCESS] Permission Entra appliquée [write] -> Drive ECHOLINE/12-HR/URSSAF
[2026-07-09 15:09:54] [SUCCESS] Permission Entra appliquée [write] -> Drive ECHOLINE/12-HR/URSSAF
[2026-07-09 15:09:54] [INFO] Traitement: /Drive ECHOLINE/13-Karnov Group/
[2026-07-09 15:09:54] [INFO] Copie: Drive ECHOLINE/13-Karnov Group
[2026-07-09 15:09:55] [SUCCESS] Dossier créé: Drive ECHOLINE/13-Karnov Group
[2026-07-09 15:09:55] [SUCCESS] Permission Entra appliquée [write] -> Drive ECHOLINE/13-Karnov Group
[2026-07-09 15:09:56] [SUCCESS] Permission Entra appliquée [write] -> Drive ECHOLINE/13-Karnov Group
[2026-07-09 15:09:56] [INFO] Traitement: /Drive ECHOLINE/13-Karnov Group/ComplyLaw-Evidencia/
[2026-07-09 15:09:56] [INFO] Copie: Drive ECHOLINE/13-Karnov Group/ComplyLaw-Evidencia
[2026-07-09 15:09:56] [SUCCESS] Dossier créé: Drive ECHOLINE/13-Karnov Group/ComplyLaw-Evidencia
[2026-07-09 15:09:57] [SUCCESS] Permission Entra appliquée [write] -> Drive ECHOLINE/13-Karnov Group/ComplyLaw-Evidencia
[2026-07-09 15:09:57] [SUCCESS] Permission Entra appliquée [write] -> Drive ECHOLINE/13-Karnov Group/ComplyLaw-Evidencia
[2026-07-09 15:09:57] [INFO] Traitement: /Drive ECHOLINE/14-Strategic Partners/
[2026-07-09 15:09:57] [INFO] Copie: Drive ECHOLINE/14-Strategic Partners
[2026-07-09 15:09:58] [SUCCESS] Dossier créé: Drive ECHOLINE/14-Strategic Partners
[2026-07-09 15:09:58] [SUCCESS] Permission Entra appliquée [write] -> Drive ECHOLINE/14-Strategic Partners
[2026-07-09 15:09:58] [SUCCESS] Permission Entra appliquée [write] -> Drive ECHOLINE/14-Strategic Partners
[2026-07-09 15:09:58] [INFO] Traitement: /Drive ECHOLINE/14-Strategic Partners/HSE Works (Polish partners)/
[2026-07-09 15:09:58] [INFO] Copie: Drive ECHOLINE/14-Strategic Partners/HSE Works (Polish partners)
[2026-07-09 15:09:59] [SUCCESS] Dossier créé: Drive ECHOLINE/14-Strategic Partners/HSE Works (Polish partners)
[2026-07-09 15:09:59] [SUCCESS] Permission Entra appliquée [write] -> Drive ECHOLINE/14-Strategic Partners/HSE Works (Polish partners)
[2026-07-09 15:09:59] [SUCCESS] Permission Entra appliquée [write] -> Drive ECHOLINE/14-Strategic Partners/HSE Works (Polish partners)
[2026-07-09 15:09:59] [INFO] Traitement: /Drive ECHOLINE/PB drive/
[2026-07-09 15:09:59] [INFO] Copie: Drive ECHOLINE/PB drive
[2026-07-09 15:10:00] [SUCCESS] Dossier créé: Drive ECHOLINE/PB drive
[2026-07-09 15:10:00] [SUCCESS] Permission Entra appliquée [write] -> Drive ECHOLINE/PB drive
[2026-07-09 15:10:00] [SUCCESS] Permission Entra appliquée [write] -> Drive ECHOLINE/PB drive
[2026-07-09 15:10:00] [INFO] Traitement: /Drive ECHOLINE/PB drive/00 - Archives/
[2026-07-09 15:10:00] [INFO] Copie: Drive ECHOLINE/PB drive/00 - Archives
[2026-07-09 15:10:01] [SUCCESS] Dossier créé: Drive ECHOLINE/PB drive/00 - Archives
[2026-07-09 15:10:01] [SUCCESS] Permission Entra appliquée [write] -> Drive ECHOLINE/PB drive/00 - Archives
[2026-07-09 15:10:01] [SUCCESS] Permission Entra appliquée [write] -> Drive ECHOLINE/PB drive/00 - Archives
[2026-07-09 15:10:01] [INFO] Traitement: /Drive ECHOLINE/PB drive/01 - Contrats/
[2026-07-09 15:10:01] [INFO] Copie: Drive ECHOLINE/PB drive/01 - Contrats
[2026-07-09 15:10:02] [SUCCESS] Dossier créé: Drive ECHOLINE/PB drive/01 - Contrats
[2026-07-09 15:10:02] [SUCCESS] Permission Entra appliquée [write] -> Drive ECHOLINE/PB drive/01 - Contrats
[2026-07-09 15:10:02] [SUCCESS] Permission Entra appliquée [write] -> Drive ECHOLINE/PB drive/01 - Contrats
[2026-07-09 15:10:02] [INFO] Traitement: /Drive ECHOLINE/PB drive/01-Contrats & devis/
[2026-07-09 15:10:02] [INFO] Copie: Drive ECHOLINE/PB drive/01-Contrats & devis
[2026-07-09 15:10:03] [SUCCESS] Dossier créé: Drive ECHOLINE/PB drive/01-Contrats & devis
[2026-07-09 15:10:03] [SUCCESS] Permission Entra appliquée [write] -> Drive ECHOLINE/PB drive/01-Contrats & devis
[2026-07-09 15:10:04] [SUCCESS] Permission Entra appliquée [write] -> Drive ECHOLINE/PB drive/01-Contrats & devis
[2026-07-09 15:10:04] [INFO] Traitement: /Drive ECHOLINE/PB drive/02 - Procédures et modèles/
[2026-07-09 15:10:04] [INFO] Copie: Drive ECHOLINE/PB drive/02 - Procédures et modèles
[2026-07-09 15:10:05] [SUCCESS] Dossier créé: Drive ECHOLINE/PB drive/02 - Procédures et modèles
[2026-07-09 15:10:05] [SUCCESS] Permission Entra appliquée [write] -> Drive ECHOLINE/PB drive/02 - Procédures et modèles
[2026-07-09 15:10:06] [SUCCESS] Permission Entra appliquée [write] -> Drive ECHOLINE/PB drive/02 - Procédures et modèles
[2026-07-09 15:10:06] [INFO] Traitement: /Drive ECHOLINE/PB drive/03 - Doc. opérationnelle - Veille/
[2026-07-09 15:10:06] [INFO] Copie: Drive ECHOLINE/PB drive/03 - Doc. opérationnelle - Veille
[2026-07-09 15:10:07] [SUCCESS] Dossier créé: Drive ECHOLINE/PB drive/03 - Doc. opérationnelle - Veille
[2026-07-09 15:10:07] [SUCCESS] Permission Entra appliquée [write] -> Drive ECHOLINE/PB drive/03 - Doc. opérationnelle - Veille
[2026-07-09 15:10:07] [SUCCESS] Permission Entra appliquée [write] -> Drive ECHOLINE/PB drive/03 - Doc. opérationnelle - Veille
[2026-07-09 15:10:07] [INFO] Traitement: /Drive ECHOLINE/PB drive/04 - Administratif/
[2026-07-09 15:10:07] [INFO] Copie: Drive ECHOLINE/PB drive/04 - Administratif
[2026-07-09 15:10:08] [SUCCESS] Dossier créé: Drive ECHOLINE/PB drive/04 - Administratif
[2026-07-09 15:10:08] [SUCCESS] Permission Entra appliquée [write] -> Drive ECHOLINE/PB drive/04 - Administratif
[2026-07-09 15:10:08] [SUCCESS] Permission Entra appliquée [write] -> Drive ECHOLINE/PB drive/04 - Administratif
[2026-07-09 15:10:08] [INFO] Traitement: /Drive ECHOLINE/PB drive/06-Check-List contrôle/
[2026-07-09 15:10:08] [INFO] Copie: Drive ECHOLINE/PB drive/06-Check-List contrôle
[2026-07-09 15:10:09] [SUCCESS] Dossier créé: Drive ECHOLINE/PB drive/06-Check-List contrôle
[2026-07-09 15:10:09] [SUCCESS] Permission Entra appliquée [write] -> Drive ECHOLINE/PB drive/06-Check-List contrôle
[2026-07-09 15:10:10] [SUCCESS] Permission Entra appliquée [write] -> Drive ECHOLINE/PB drive/06-Check-List contrôle
[2026-07-09 15:10:10] [INFO] Traitement: /Drive ECHOLINE/PB drive/1- Tableaux de veille/
[2026-07-09 15:10:10] [INFO] Copie: Drive ECHOLINE/PB drive/1- Tableaux de veille
[2026-07-09 15:10:10] [SUCCESS] Dossier créé: Drive ECHOLINE/PB drive/1- Tableaux de veille
[2026-07-09 15:10:11] [SUCCESS] Permission Entra appliquée [write] -> Drive ECHOLINE/PB drive/1- Tableaux de veille
[2026-07-09 15:10:11] [SUCCESS] Permission Entra appliquée [write] -> Drive ECHOLINE/PB drive/1- Tableaux de veille
[2026-07-09 15:10:11] [INFO] Traitement: /Drive ECHOLINE/PB drive/3 - Archives Lettre d'information/
[2026-07-09 15:10:11] [INFO] Copie: Drive ECHOLINE/PB drive/3 - Archives Lettre d'information
[2026-07-09 15:10:11] [SUCCESS] Dossier créé: Drive ECHOLINE/PB drive/3 - Archives Lettre d'information
[2026-07-09 15:10:12] [SUCCESS] Permission Entra appliquée [write] -> Drive ECHOLINE/PB drive/3 - Archives Lettre d'information
[2026-07-09 15:10:12] [SUCCESS] Permission Entra appliquée [write] -> Drive ECHOLINE/PB drive/3 - Archives Lettre d'information
[2026-07-09 15:10:12] [INFO] Traitement: /Drive ECHOLINE/PB drive/4- Documentation juridique/
[2026-07-09 15:10:12] [INFO] Copie: Drive ECHOLINE/PB drive/4- Documentation juridique
[2026-07-09 15:10:13] [SUCCESS] Dossier créé: Drive ECHOLINE/PB drive/4- Documentation juridique
[2026-07-09 15:10:13] [SUCCESS] Permission Entra appliquée [write] -> Drive ECHOLINE/PB drive/4- Documentation juridique
[2026-07-09 15:10:13] [SUCCESS] Permission Entra appliquée [write] -> Drive ECHOLINE/PB drive/4- Documentation juridique
[2026-07-09 15:10:13] [INFO] Traitement: /Drive ECHOLINE/PB drive/5- Manuel utilisateurs/
[2026-07-09 15:10:13] [INFO] Copie: Drive ECHOLINE/PB drive/5- Manuel utilisateurs
[2026-07-09 15:10:14] [SUCCESS] Dossier créé: Drive ECHOLINE/PB drive/5- Manuel utilisateurs
[2026-07-09 15:10:14] [SUCCESS] Permission Entra appliquée [write] -> Drive ECHOLINE/PB drive/5- Manuel utilisateurs
[2026-07-09 15:10:14] [SUCCESS] Permission Entra appliquée [write] -> Drive ECHOLINE/PB drive/5- Manuel utilisateurs
[2026-07-09 15:10:14] [INFO] Traitement: /Drive ECHOLINE/PB drive/6- Fiches thématiques/
[2026-07-09 15:10:14] [INFO] Copie: Drive ECHOLINE/PB drive/6- Fiches thématiques
[2026-07-09 15:10:15] [SUCCESS] Dossier créé: Drive ECHOLINE/PB drive/6- Fiches thématiques
[2026-07-09 15:10:15] [SUCCESS] Permission Entra appliquée [write] -> Drive ECHOLINE/PB drive/6- Fiches thématiques
[2026-07-09 15:10:16] [SUCCESS] Permission Entra appliquée [write] -> Drive ECHOLINE/PB drive/6- Fiches thématiques
[2026-07-09 15:10:16] [INFO] Traitement: /Drive ECHOLINE/PB drive/ARCHIVES/
[2026-07-09 15:10:16] [INFO] Copie: Drive ECHOLINE/PB drive/ARCHIVES
[2026-07-09 15:10:16] [SUCCESS] Dossier créé: Drive ECHOLINE/PB drive/ARCHIVES
[2026-07-09 15:10:17] [SUCCESS] Permission Entra appliquée [write] -> Drive ECHOLINE/PB drive/ARCHIVES
[2026-07-09 15:10:17] [SUCCESS] Permission Entra appliquée [write] -> Drive ECHOLINE/PB drive/ARCHIVES
[2026-07-09 15:10:17] [INFO] Traitement: /Drive ECHOLINE/PB drive/ARTE/
[2026-07-09 15:10:17] [INFO] Copie: Drive ECHOLINE/PB drive/ARTE
[2026-07-09 15:10:18] [SUCCESS] Dossier créé: Drive ECHOLINE/PB drive/ARTE
[2026-07-09 15:10:18] [SUCCESS] Permission Entra appliquée [write] -> Drive ECHOLINE/PB drive/ARTE
[2026-07-09 15:10:18] [SUCCESS] Permission Entra appliquée [write] -> Drive ECHOLINE/PB drive/ARTE
[2026-07-09 15:10:18] [INFO] Traitement: /Drive ECHOLINE/PB drive/BATISANTE SUD (AZURTECH)/
[2026-07-09 15:10:18] [INFO] Copie: Drive ECHOLINE/PB drive/BATISANTE SUD (AZURTECH)
[2026-07-09 15:10:19] [SUCCESS] Dossier créé: Drive ECHOLINE/PB drive/BATISANTE SUD (AZURTECH)
[2026-07-09 15:10:19] [SUCCESS] Permission Entra appliquée [write] -> Drive ECHOLINE/PB drive/BATISANTE SUD (AZURTECH)
[2026-07-09 15:10:19] [SUCCESS] Permission Entra appliquée [write] -> Drive ECHOLINE/PB drive/BATISANTE SUD (AZURTECH)
[2026-07-09 15:10:19] [INFO] Traitement: /Drive ECHOLINE/PB drive/BIOCOOP/
[2026-07-09 15:10:19] [INFO] Copie: Drive ECHOLINE/PB drive/BIOCOOP
[2026-07-09 15:10:20] [SUCCESS] Dossier créé: Drive ECHOLINE/PB drive/BIOCOOP
[2026-07-09 15:10:20] [SUCCESS] Permission Entra appliquée [write] -> Drive ECHOLINE/PB drive/BIOCOOP
[2026-07-09 15:10:20] [SUCCESS] Permission Entra appliquée [write] -> Drive ECHOLINE/PB drive/BIOCOOP
[2026-07-09 15:10:21] [INFO] Traitement: /Drive ECHOLINE/PB drive/Bioline - Livron sur Drôme/
[2026-07-09 15:10:21] [INFO] Copie: Drive ECHOLINE/PB drive/Bioline - Livron sur Drôme
[2026-07-09 15:10:22] [SUCCESS] Dossier créé: Drive ECHOLINE/PB drive/Bioline - Livron sur Drôme
[2026-07-09 15:10:22] [SUCCESS] Permission Entra appliquée [write] -> Drive ECHOLINE/PB drive/Bioline - Livron sur Drôme
[2026-07-09 15:10:22] [SUCCESS] Permission Entra appliquée [write] -> Drive ECHOLINE/PB drive/Bioline - Livron sur Drôme
[2026-07-09 15:10:22] [INFO] Traitement: /Drive ECHOLINE/PB drive/CAE CONSEILS - SOFIDEL/
[2026-07-09 15:10:22] [INFO] Copie: Drive ECHOLINE/PB drive/CAE CONSEILS - SOFIDEL
[2026-07-09 15:10:23] [SUCCESS] Dossier créé: Drive ECHOLINE/PB drive/CAE CONSEILS - SOFIDEL
[2026-07-09 15:10:23] [SUCCESS] Permission Entra appliquée [write] -> Drive ECHOLINE/PB drive/CAE CONSEILS - SOFIDEL
[2026-07-09 15:10:23] [SUCCESS] Permission Entra appliquée [write] -> Drive ECHOLINE/PB drive/CAE CONSEILS - SOFIDEL
[2026-07-09 15:10:23] [INFO] Traitement: /Drive ECHOLINE/PB drive/CARTIER/
[2026-07-09 15:10:23] [INFO] Copie: Drive ECHOLINE/PB drive/CARTIER
[2026-07-09 15:10:24] [SUCCESS] Dossier créé: Drive ECHOLINE/PB drive/CARTIER
[2026-07-09 15:10:24] [SUCCESS] Permission Entra appliquée [write] -> Drive ECHOLINE/PB drive/CARTIER
[2026-07-09 15:10:24] [SUCCESS] Permission Entra appliquée [write] -> Drive ECHOLINE/PB drive/CARTIER
[2026-07-09 15:10:24] [INFO] Traitement: /Drive ECHOLINE/PB drive/CL/
[2026-07-09 15:10:24] [INFO] Copie: Drive ECHOLINE/PB drive/CL
[2026-07-09 15:10:25] [SUCCESS] Dossier créé: Drive ECHOLINE/PB drive/CL
[2026-07-09 15:10:25] [SUCCESS] Permission Entra appliquée [write] -> Drive ECHOLINE/PB drive/CL
[2026-07-09 15:10:25] [SUCCESS] Permission Entra appliquée [write] -> Drive ECHOLINE/PB drive/CL
[2026-07-09 15:10:25] [INFO] Traitement: /Drive ECHOLINE/PB drive/CLAIREFONTAINE/
[2026-07-09 15:10:25] [INFO] Copie: Drive ECHOLINE/PB drive/CLAIREFONTAINE
[2026-07-09 15:10:26] [SUCCESS] Dossier créé: Drive ECHOLINE/PB drive/CLAIREFONTAINE
[2026-07-09 15:10:26] [SUCCESS] Permission Entra appliquée [write] -> Drive ECHOLINE/PB drive/CLAIREFONTAINE
[2026-07-09 15:10:27] [SUCCESS] Permission Entra appliquée [write] -> Drive ECHOLINE/PB drive/CLAIREFONTAINE
[2026-07-09 15:10:27] [INFO] Traitement: /Drive ECHOLINE/PB drive/Contrats purement RH/
[2026-07-09 15:10:27] [INFO] Copie: Drive ECHOLINE/PB drive/Contrats purement RH
[2026-07-09 15:10:28] [SUCCESS] Dossier créé: Drive ECHOLINE/PB drive/Contrats purement RH
[2026-07-09 15:10:28] [SUCCESS] Permission Entra appliquée [write] -> Drive ECHOLINE/PB drive/Contrats purement RH
[2026-07-09 15:10:28] [SUCCESS] Permission Entra appliquée [write] -> Drive ECHOLINE/PB drive/Contrats purement RH
[2026-07-09 15:10:28] [INFO] Traitement: /Drive ECHOLINE/PB drive/CR point initial (1)/
[2026-07-09 15:10:28] [INFO] Copie: Drive ECHOLINE/PB drive/CR point initial (1)
[2026-07-09 15:10:29] [SUCCESS] Dossier créé: Drive ECHOLINE/PB drive/CR point initial (1)
[2026-07-09 15:10:30] [SUCCESS] Permission Entra appliquée [write] -> Drive ECHOLINE/PB drive/CR point initial (1)
[2026-07-09 15:10:30] [SUCCESS] Permission Entra appliquée [write] -> Drive ECHOLINE/PB drive/CR point initial (1)
[2026-07-09 15:10:30] [INFO] Traitement: /Drive ECHOLINE/PB drive/CR point initial/
[2026-07-09 15:10:30] [INFO] Copie: Drive ECHOLINE/PB drive/CR point initial
[2026-07-09 15:10:31] [SUCCESS] Dossier créé: Drive ECHOLINE/PB drive/CR point initial
[2026-07-09 15:10:31] [SUCCESS] Permission Entra appliquée [write] -> Drive ECHOLINE/PB drive/CR point initial
[2026-07-09 15:10:31] [SUCCESS] Permission Entra appliquée [write] -> Drive ECHOLINE/PB drive/CR point initial
[2026-07-09 15:10:31] [INFO] Traitement: /Drive ECHOLINE/PB drive/DERICHEBOURG ATIS/
[2026-07-09 15:10:31] [INFO] Copie: Drive ECHOLINE/PB drive/DERICHEBOURG ATIS
[2026-07-09 15:10:32] [SUCCESS] Dossier créé: Drive ECHOLINE/PB drive/DERICHEBOURG ATIS
[2026-07-09 15:10:32] [SUCCESS] Permission Entra appliquée [write] -> Drive ECHOLINE/PB drive/DERICHEBOURG ATIS
[2026-07-09 15:10:32] [SUCCESS] Permission Entra appliquée [write] -> Drive ECHOLINE/PB drive/DERICHEBOURG ATIS
[2026-07-09 15:10:32] [INFO] Traitement: /Drive ECHOLINE/PB drive/DIOR/
[2026-07-09 15:10:32] [INFO] Copie: Drive ECHOLINE/PB drive/DIOR
[2026-07-09 15:10:33] [SUCCESS] Dossier créé: Drive ECHOLINE/PB drive/DIOR
[2026-07-09 15:10:34] [SUCCESS] Permission Entra appliquée [write] -> Drive ECHOLINE/PB drive/DIOR
[2026-07-09 15:10:34] [SUCCESS] Permission Entra appliquée [write] -> Drive ECHOLINE/PB drive/DIOR
[2026-07-09 15:10:34] [INFO] Traitement: /Drive ECHOLINE/PB drive/Doc veille internationale/
[2026-07-09 15:10:34] [INFO] Copie: Drive ECHOLINE/PB drive/Doc veille internationale
[2026-07-09 15:10:35] [SUCCESS] Dossier créé: Drive ECHOLINE/PB drive/Doc veille internationale
[2026-07-09 15:10:35] [SUCCESS] Permission Entra appliquée [write] -> Drive ECHOLINE/PB drive/Doc veille internationale
[2026-07-09 15:10:35] [SUCCESS] Permission Entra appliquée [write] -> Drive ECHOLINE/PB drive/Doc veille internationale
[2026-07-09 15:10:35] [INFO] Traitement: /Drive ECHOLINE/PB drive/ENI FRANCE/
[2026-07-09 15:10:35] [INFO] Copie: Drive ECHOLINE/PB drive/ENI FRANCE
[2026-07-09 15:10:36] [SUCCESS] Dossier créé: Drive ECHOLINE/PB drive/ENI FRANCE
[2026-07-09 15:10:36] [SUCCESS] Permission Entra appliquée [write] -> Drive ECHOLINE/PB drive/ENI FRANCE
[2026-07-09 15:10:36] [SUCCESS] Permission Entra appliquée [write] -> Drive ECHOLINE/PB drive/ENI FRANCE
[2026-07-09 15:10:36] [INFO] Traitement: /Drive ECHOLINE/PB drive/Exemples news extérieures/
[2026-07-09 15:10:36] [INFO] Copie: Drive ECHOLINE/PB drive/Exemples news extérieures
[2026-07-09 15:10:37] [SUCCESS] Dossier créé: Drive ECHOLINE/PB drive/Exemples news extérieures
[2026-07-09 15:10:37] [SUCCESS] Permission Entra appliquée [write] -> Drive ECHOLINE/PB drive/Exemples news extérieures
[2026-07-09 15:10:38] [SUCCESS] Permission Entra appliquée [write] -> Drive ECHOLINE/PB drive/Exemples news extérieures
[2026-07-09 15:10:38] [INFO] Traitement: /Drive ECHOLINE/PB drive/Export txts avant report SONATA/
[2026-07-09 15:10:38] [INFO] Copie: Drive ECHOLINE/PB drive/Export txts avant report SONATA
[2026-07-09 15:10:38] [SUCCESS] Dossier créé: Drive ECHOLINE/PB drive/Export txts avant report SONATA
[2026-07-09 15:10:39] [SUCCESS] Permission Entra appliquée [write] -> Drive ECHOLINE/PB drive/Export txts avant report SONATA
[2026-07-09 15:10:39] [SUCCESS] Permission Entra appliquée [write] -> Drive ECHOLINE/PB drive/Export txts avant report SONATA
[2026-07-09 15:10:39] [INFO] Traitement: /Drive ECHOLINE/PB drive/Fertiline - Loudéac/
[2026-07-09 15:10:39] [INFO] Copie: Drive ECHOLINE/PB drive/Fertiline - Loudéac
[2026-07-09 15:10:40] [SUCCESS] Dossier créé: Drive ECHOLINE/PB drive/Fertiline - Loudéac
[2026-07-09 15:10:40] [SUCCESS] Permission Entra appliquée [write] -> Drive ECHOLINE/PB drive/Fertiline - Loudéac
[2026-07-09 15:10:40] [SUCCESS] Permission Entra appliquée [write] -> Drive ECHOLINE/PB drive/Fertiline - Loudéac
[2026-07-09 15:10:40] [INFO] Traitement: /Drive ECHOLINE/PB drive/Fiche ID (1)/
[2026-07-09 15:10:40] [INFO] Copie: Drive ECHOLINE/PB drive/Fiche ID (1)
[2026-07-09 15:10:41] [SUCCESS] Dossier créé: Drive ECHOLINE/PB drive/Fiche ID (1)
[2026-07-09 15:10:41] [SUCCESS] Permission Entra appliquée [write] -> Drive ECHOLINE/PB drive/Fiche ID (1)
[2026-07-09 15:10:42] [SUCCESS] Permission Entra appliquée [write] -> Drive ECHOLINE/PB drive/Fiche ID (1)
[2026-07-09 15:10:42] [INFO] Traitement: /Drive ECHOLINE/PB drive/Fiche ID/
[2026-07-09 15:10:42] [INFO] Copie: Drive ECHOLINE/PB drive/Fiche ID
[2026-07-09 15:10:42] [SUCCESS] Dossier créé: Drive ECHOLINE/PB drive/Fiche ID
[2026-07-09 15:10:43] [SUCCESS] Permission Entra appliquée [write] -> Drive ECHOLINE/PB drive/Fiche ID
[2026-07-09 15:10:43] [SUCCESS] Permission Entra appliquée [write] -> Drive ECHOLINE/PB drive/Fiche ID
[2026-07-09 15:10:43] [INFO] Traitement: /Drive ECHOLINE/PB drive/Formulaire utilisateurs/
[2026-07-09 15:10:43] [INFO] Copie: Drive ECHOLINE/PB drive/Formulaire utilisateurs
[2026-07-09 15:10:43] [SUCCESS] Dossier créé: Drive ECHOLINE/PB drive/Formulaire utilisateurs
[2026-07-09 15:10:44] [SUCCESS] Permission Entra appliquée [write] -> Drive ECHOLINE/PB drive/Formulaire utilisateurs
[2026-07-09 15:10:44] [SUCCESS] Permission Entra appliquée [write] -> Drive ECHOLINE/PB drive/Formulaire utilisateurs
[2026-07-09 15:10:44] [INFO] Traitement: /Drive ECHOLINE/PB drive/LOUIS VUITTON/
[2026-07-09 15:10:44] [INFO] Copie: Drive ECHOLINE/PB drive/LOUIS VUITTON
[2026-07-09 15:10:45] [SUCCESS] Dossier créé: Drive ECHOLINE/PB drive/LOUIS VUITTON
[2026-07-09 15:10:45] [SUCCESS] Permission Entra appliquée [write] -> Drive ECHOLINE/PB drive/LOUIS VUITTON
[2026-07-09 15:10:45] [SUCCESS] Permission Entra appliquée [write] -> Drive ECHOLINE/PB drive/LOUIS VUITTON
[2026-07-09 15:10:45] [INFO] Traitement: /Drive ECHOLINE/PB drive/mails - hotline directe/
[2026-07-09 15:10:45] [INFO] Copie: Drive ECHOLINE/PB drive/mails - hotline directe
[2026-07-09 15:10:46] [SUCCESS] Dossier créé: Drive ECHOLINE/PB drive/mails - hotline directe
[2026-07-09 15:10:46] [SUCCESS] Permission Entra appliquée [write] -> Drive ECHOLINE/PB drive/mails - hotline directe
[2026-07-09 15:10:46] [SUCCESS] Permission Entra appliquée [write] -> Drive ECHOLINE/PB drive/mails - hotline directe
[2026-07-09 15:10:46] [INFO] Traitement: /Drive ECHOLINE/PB drive/MODELES lettre info/
[2026-07-09 15:10:46] [INFO] Copie: Drive ECHOLINE/PB drive/MODELES lettre info
[2026-07-09 15:10:47] [SUCCESS] Dossier créé: Drive ECHOLINE/PB drive/MODELES lettre info
[2026-07-09 15:10:47] [SUCCESS] Permission Entra appliquée [write] -> Drive ECHOLINE/PB drive/MODELES lettre info
[2026-07-09 15:10:47] [SUCCESS] Permission Entra appliquée [write] -> Drive ECHOLINE/PB drive/MODELES lettre info
[2026-07-09 15:10:47] [INFO] Traitement: /Drive ECHOLINE/PB drive/NUTRITION ET SANTE/
[2026-07-09 15:10:47] [INFO] Copie: Drive ECHOLINE/PB drive/NUTRITION ET SANTE
[2026-07-09 15:10:49] [SUCCESS] Dossier créé: Drive ECHOLINE/PB drive/NUTRITION ET SANTE
[2026-07-09 15:10:49] [SUCCESS] Permission Entra appliquée [write] -> Drive ECHOLINE/PB drive/NUTRITION ET SANTE
[2026-07-09 15:10:49] [SUCCESS] Permission Entra appliquée [write] -> Drive ECHOLINE/PB drive/NUTRITION ET SANTE
[2026-07-09 15:10:49] [INFO] Traitement: /Drive ECHOLINE/PB drive/PIVAUDRAN/
[2026-07-09 15:10:49] [INFO] Copie: Drive ECHOLINE/PB drive/PIVAUDRAN
[2026-07-09 15:10:50] [SUCCESS] Dossier créé: Drive ECHOLINE/PB drive/PIVAUDRAN
[2026-07-09 15:10:50] [SUCCESS] Permission Entra appliquée [write] -> Drive ECHOLINE/PB drive/PIVAUDRAN
[2026-07-09 15:10:51] [SUCCESS] Permission Entra appliquée [write] -> Drive ECHOLINE/PB drive/PIVAUDRAN
[2026-07-09 15:10:51] [INFO] Traitement: /Drive ECHOLINE/PB drive/Projets/
[2026-07-09 15:10:51] [INFO] Copie: Drive ECHOLINE/PB drive/Projets
[2026-07-09 15:10:51] [SUCCESS] Dossier créé: Drive ECHOLINE/PB drive/Projets
[2026-07-09 15:10:51] [SUCCESS] Permission Entra appliquée [write] -> Drive ECHOLINE/PB drive/Projets
[2026-07-09 15:10:52] [SUCCESS] Permission Entra appliquée [write] -> Drive ECHOLINE/PB drive/Projets
[2026-07-09 15:10:52] [INFO] Traitement: /Drive ECHOLINE/PB drive/RIEN AJOUTER Dossiers clients/
[2026-07-09 15:10:52] [INFO] Copie: Drive ECHOLINE/PB drive/RIEN AJOUTER Dossiers clients
[2026-07-09 15:10:52] [SUCCESS] Dossier créé: Drive ECHOLINE/PB drive/RIEN AJOUTER Dossiers clients
[2026-07-09 15:10:53] [SUCCESS] Permission Entra appliquée [write] -> Drive ECHOLINE/PB drive/RIEN AJOUTER Dossiers clients
[2026-07-09 15:10:53] [SUCCESS] Permission Entra appliquée [write] -> Drive ECHOLINE/PB drive/RIEN AJOUTER Dossiers clients
[2026-07-09 15:10:53] [INFO] Traitement: /Drive ECHOLINE/PB drive/SIGNAUX GIROD/
[2026-07-09 15:10:53] [INFO] Copie: Drive ECHOLINE/PB drive/SIGNAUX GIROD
[2026-07-09 15:10:53] [SUCCESS] Dossier créé: Drive ECHOLINE/PB drive/SIGNAUX GIROD
[2026-07-09 15:10:54] [SUCCESS] Permission Entra appliquée [write] -> Drive ECHOLINE/PB drive/SIGNAUX GIROD
[2026-07-09 15:10:54] [SUCCESS] Permission Entra appliquée [write] -> Drive ECHOLINE/PB drive/SIGNAUX GIROD
[2026-07-09 15:10:54] [INFO] Traitement: /Drive ECHOLINE/PB drive/STERIS/
[2026-07-09 15:10:54] [INFO] Copie: Drive ECHOLINE/PB drive/STERIS
[2026-07-09 15:10:55] [SUCCESS] Dossier créé: Drive ECHOLINE/PB drive/STERIS
[2026-07-09 15:10:55] [SUCCESS] Permission Entra appliquée [write] -> Drive ECHOLINE/PB drive/STERIS
[2026-07-09 15:10:56] [SUCCESS] Permission Entra appliquée [write] -> Drive ECHOLINE/PB drive/STERIS
[2026-07-09 15:10:56] [INFO] Traitement: /Drive ECHOLINE/PB drive/THYSSENKRUPP/
[2026-07-09 15:10:56] [INFO] Copie: Drive ECHOLINE/PB drive/THYSSENKRUPP
[2026-07-09 15:10:56] [SUCCESS] Dossier créé: Drive ECHOLINE/PB drive/THYSSENKRUPP
[2026-07-09 15:10:57] [SUCCESS] Permission Entra appliquée [write] -> Drive ECHOLINE/PB drive/THYSSENKRUPP
[2026-07-09 15:10:57] [SUCCESS] Permission Entra appliquée [write] -> Drive ECHOLINE/PB drive/THYSSENKRUPP
[2026-07-09 15:10:57] [INFO] Traitement: /Drive ECHOLINE/PB drive/Union Invivo - Montoir de Bretagne/
[2026-07-09 15:10:57] [INFO] Copie: Drive ECHOLINE/PB drive/Union Invivo - Montoir de Bretagne
[2026-07-09 15:10:58] [SUCCESS] Dossier créé: Drive ECHOLINE/PB drive/Union Invivo - Montoir de Bretagne
[2026-07-09 15:10:58] [SUCCESS] Permission Entra appliquée [write] -> Drive ECHOLINE/PB drive/Union Invivo - Montoir de Bretagne
[2026-07-09 15:10:58] [SUCCESS] Permission Entra appliquée [write] -> Drive ECHOLINE/PB drive/Union Invivo - Montoir de Bretagne
[2026-07-09 15:10:58] [INFO] Traitement: /Drive ECHOLINE/PB drive/Union Invivo - Nantes/
[2026-07-09 15:10:58] [INFO] Copie: Drive ECHOLINE/PB drive/Union Invivo - Nantes
[2026-07-09 15:10:59] [SUCCESS] Dossier créé: Drive ECHOLINE/PB drive/Union Invivo - Nantes
[2026-07-09 15:10:59] [SUCCESS] Permission Entra appliquée [write] -> Drive ECHOLINE/PB drive/Union Invivo - Nantes
[2026-07-09 15:10:59] [SUCCESS] Permission Entra appliquée [write] -> Drive ECHOLINE/PB drive/Union Invivo - Nantes
[2026-07-09 15:10:59] [INFO] Traitement: /Drive ECHOLINE/PB drive/Union Invivo - Saint-usage/
[2026-07-09 15:10:59] [INFO] Copie: Drive ECHOLINE/PB drive/Union Invivo - Saint-usage
[2026-07-09 15:11:00] [SUCCESS] Dossier créé: Drive ECHOLINE/PB drive/Union Invivo - Saint-usage
[2026-07-09 15:11:00] [SUCCESS] Permission Entra appliquée [write] -> Drive ECHOLINE/PB drive/Union Invivo - Saint-usage
[2026-07-09 15:11:01] [SUCCESS] Permission Entra appliquée [write] -> Drive ECHOLINE/PB drive/Union Invivo - Saint-usage
[2026-07-09 15:11:01] [INFO] Traitement: /Drive ECHOLINE/PB drive/Union Invivo Chalon en Champagne/
[2026-07-09 15:11:01] [INFO] Copie: Drive ECHOLINE/PB drive/Union Invivo Chalon en Champagne
[2026-07-09 15:11:01] [SUCCESS] Dossier créé: Drive ECHOLINE/PB drive/Union Invivo Chalon en Champagne
[2026-07-09 15:11:02] [SUCCESS] Permission Entra appliquée [write] -> Drive ECHOLINE/PB drive/Union Invivo Chalon en Champagne
[2026-07-09 15:11:02] [SUCCESS] Permission Entra appliquée [write] -> Drive ECHOLINE/PB drive/Union Invivo Chalon en Champagne
[2026-07-09 15:11:02] [INFO] Traitement: /Drive ECHOLINE/PB drive/Union Invivo Metz/
[2026-07-09 15:11:02] [INFO] Copie: Drive ECHOLINE/PB drive/Union Invivo Metz
[2026-07-09 15:11:03] [SUCCESS] Dossier créé: Drive ECHOLINE/PB drive/Union Invivo Metz
[2026-07-09 15:11:03] [SUCCESS] Permission Entra appliquée [write] -> Drive ECHOLINE/PB drive/Union Invivo Metz
[2026-07-09 15:11:03] [SUCCESS] Permission Entra appliquée [write] -> Drive ECHOLINE/PB drive/Union Invivo Metz
[2026-07-09 15:11:03] [INFO] Traitement: /Drive ECHOLINE/PB drive/VALOREM/
[2026-07-09 15:11:03] [INFO] Copie: Drive ECHOLINE/PB drive/VALOREM
[2026-07-09 15:11:04] [SUCCESS] Dossier créé: Drive ECHOLINE/PB drive/VALOREM
[2026-07-09 15:11:04] [SUCCESS] Permission Entra appliquée [write] -> Drive ECHOLINE/PB drive/VALOREM
[2026-07-09 15:11:04] [SUCCESS] Permission Entra appliquée [write] -> Drive ECHOLINE/PB drive/VALOREM
[2026-07-09 15:11:04] [INFO] Traitement: /Drive ECHOLINE/PB drive/VILLEROY ET BOCH/
[2026-07-09 15:11:04] [INFO] Copie: Drive ECHOLINE/PB drive/VILLEROY ET BOCH
[2026-07-09 15:11:05] [SUCCESS] Dossier créé: Drive ECHOLINE/PB drive/VILLEROY ET BOCH
[2026-07-09 15:11:05] [SUCCESS] Permission Entra appliquée [write] -> Drive ECHOLINE/PB drive/VILLEROY ET BOCH
[2026-07-09 15:11:05] [SUCCESS] Permission Entra appliquée [write] -> Drive ECHOLINE/PB drive/VILLEROY ET BOCH
[2026-07-09 15:11:06] [INFO] Traitement: /Drive ECHOLINE/PB drive/Visites/
[2026-07-09 15:11:06] [INFO] Copie: Drive ECHOLINE/PB drive/Visites
[2026-07-09 15:11:06] [SUCCESS] Dossier créé: Drive ECHOLINE/PB drive/Visites
[2026-07-09 15:11:06] [SUCCESS] Permission Entra appliquée [write] -> Drive ECHOLINE/PB drive/Visites
[2026-07-09 15:11:07] [SUCCESS] Permission Entra appliquée [write] -> Drive ECHOLINE/PB drive/Visites
[2026-07-09 15:11:07] [INFO] Traitement: /emailaddress.csv
[2026-07-09 15:11:07] [INFO] Copie: emailaddress.csv
[2026-07-09 15:11:08] [SUCCESS] Copié: emailaddress.csv
[2026-07-09 15:11:08] [SUCCESS] Permission Entra appliquée [write] -> emailaddress.csv
[2026-07-09 15:11:08] [INFO] Traitement: /Members_.csv
[2026-07-09 15:11:08] [INFO] Copie: Members_.csv
[2026-07-09 15:11:09] [SUCCESS] Copié: Members_.csv
[2026-07-09 15:11:10] [SUCCESS] Permission Entra appliquée [write] -> Members_.csv
[2026-07-09 15:11:10] [INFO] Traitement: /Members_support.csv
[2026-07-09 15:11:10] [INFO] Copie: Members_support.csv
[2026-07-09 15:11:11] [SUCCESS] Copié: Members_support.csv
[2026-07-09 15:11:11] [SUCCESS] Permission Entra appliquée [write] -> Members_support.csv
[2026-07-09 15:11:11] [INFO] Traitement: /SCRIPT/
[2026-07-09 15:11:11] [INFO] Copie: SCRIPT
[2026-07-09 15:11:11] [SUCCESS] Dossier créé: SCRIPT
[2026-07-09 15:11:11] [SUCCESS] Permission Entra appliquée [write] -> SCRIPT
[2026-07-09 15:11:11] [INFO] Traitement: /SCRIPT/ajout_DKIM_PS.txt
[2026-07-09 15:11:11] [INFO] Copie: SCRIPT/ajout_DKIM_PS.txt
[2026-07-09 15:11:13] [SUCCESS] Copié: SCRIPT/ajout_DKIM_PS.txt
[2026-07-09 15:11:13] [SUCCESS] Permission Entra appliquée [write] -> SCRIPT/ajout_DKIM_PS.txt
[2026-07-09 15:11:13] [INFO] Traitement: /SCRIPT/conf_POSTFIX_Domaine.txt
[2026-07-09 15:11:13] [INFO] Copie: SCRIPT/conf_POSTFIX_Domaine.txt
[2026-07-09 15:11:14] [SUCCESS] Copié: SCRIPT/conf_POSTFIX_Domaine.txt
[2026-07-09 15:11:15] [SUCCESS] Permission Entra appliquée [write] -> SCRIPT/conf_POSTFIX_Domaine.txt
[2026-07-09 15:11:15] [INFO] Traitement: /SCRIPT/EOm8Q~EPBhXvVx5eeRrXdYK5wljgxyS6bGm.txt
[2026-07-09 15:11:15] [INFO] Copie: SCRIPT/EOm8Q~EPBhXvVx5eeRrXdYK5wljgxyS6bGm.txt
[2026-07-09 15:11:16] [SUCCESS] Copié: SCRIPT/EOm8Q~EPBhXvVx5eeRrXdYK5wljgxyS6bGm.txt
[2026-07-09 15:11:16] [SUCCESS] Permission Entra appliquée [write] -> SCRIPT/EOm8Q~EPBhXvVx5eeRrXdYK5wljgxyS6bGm.txt
[2026-07-09 15:11:16] [INFO] Traitement: /SCRIPT/Extraction_AD_BAUNETZ.ps1
[2026-07-09 15:11:16] [INFO] Copie: SCRIPT/Extraction_AD_BAUNETZ.ps1
[2026-07-09 15:11:17] [SUCCESS] Copié: SCRIPT/Extraction_AD_BAUNETZ.ps1
[2026-07-09 15:11:17] [SUCCESS] Permission Entra appliquée [write] -> SCRIPT/Extraction_AD_BAUNETZ.ps1
[2026-07-09 15:11:17] [INFO] Traitement: /SCRIPT/import_onedrive.csv
[2026-07-09 15:11:17] [INFO] Copie: SCRIPT/import_onedrive.csv
[2026-07-09 15:11:18] [SUCCESS] Copié: SCRIPT/import_onedrive.csv
[2026-07-09 15:11:18] [SUCCESS] Permission Entra appliquée [write] -> SCRIPT/import_onedrive.csv
[2026-07-09 15:11:18] [INFO] Traitement: /SCRIPT/mail_secondaire.csv
[2026-07-09 15:11:18] [INFO] Copie: SCRIPT/mail_secondaire.csv
[2026-07-09 15:11:19] [SUCCESS] Copié: SCRIPT/mail_secondaire.csv
[2026-07-09 15:11:20] [SUCCESS] Permission Entra appliquée [write] -> SCRIPT/mail_secondaire.csv
[2026-07-09 15:11:20] [INFO] Traitement: /SCRIPT/migrationwiz_import_email_email (1).csv
[2026-07-09 15:11:20] [INFO] Copie: SCRIPT/migrationwiz_import_email_email (1).csv
[2026-07-09 15:11:21] [SUCCESS] Copié: SCRIPT/migrationwiz_import_email_email (1).csv
[2026-07-09 15:11:21] [SUCCESS] Permission Entra appliquée [write] -> SCRIPT/migrationwiz_import_email_email (1).csv
[2026-07-09 15:11:21] [INFO] Traitement: /SCRIPT/Murge_BAL_Important!!.txt
[2026-07-09 15:11:21] [INFO] Copie: SCRIPT/Murge_BAL_Important!!.txt
[2026-07-09 15:11:22] [SUCCESS] Copié: SCRIPT/Murge_BAL_Important!!.txt
[2026-07-09 15:11:22] [SUCCESS] Permission Entra appliquée [write] -> SCRIPT/Murge_BAL_Important!!.txt
[2026-07-09 15:11:22] [INFO] Traitement: /SCRIPT/nouveau 10.txt
[2026-07-09 15:11:22] [INFO] Copie: SCRIPT/nouveau 10.txt
[2026-07-09 15:11:24] [SUCCESS] Copié: SCRIPT/nouveau 10.txt
[2026-07-09 15:11:24] [SUCCESS] Permission Entra appliquée [write] -> SCRIPT/nouveau 10.txt
[2026-07-09 15:11:24] [INFO] Traitement: /SCRIPT/nouveau 12.txt
[2026-07-09 15:11:24] [INFO] Copie: SCRIPT/nouveau 12.txt
[2026-07-09 15:11:25] [SUCCESS] Copié: SCRIPT/nouveau 12.txt
[2026-07-09 15:11:26] [SUCCESS] Permission Entra appliquée [write] -> SCRIPT/nouveau 12.txt
[2026-07-09 15:11:26] [INFO] Traitement: /SCRIPT/Nouveau Document texte.csv
[2026-07-09 15:11:26] [INFO] Copie: SCRIPT/Nouveau Document texte.csv
[2026-07-09 15:11:27] [SUCCESS] Copié: SCRIPT/Nouveau Document texte.csv
[2026-07-09 15:11:27] [SUCCESS] Permission Entra appliquée [write] -> SCRIPT/Nouveau Document texte.csv
[2026-07-09 15:11:27] [INFO] Traitement: /SCRIPT/Post_Fixe.txt
[2026-07-09 15:11:27] [INFO] Copie: SCRIPT/Post_Fixe.txt
[2026-07-09 15:11:28] [SUCCESS] Copié: SCRIPT/Post_Fixe.txt
[2026-07-09 15:11:29] [SUCCESS] Permission Entra appliquée [write] -> SCRIPT/Post_Fixe.txt
[2026-07-09 15:11:29] [INFO] Traitement: /SCRIPT/Postfix.txt
[2026-07-09 15:11:29] [INFO] Copie: SCRIPT/Postfix.txt
[2026-07-09 15:11:30] [SUCCESS] Copié: SCRIPT/Postfix.txt
[2026-07-09 15:11:30] [SUCCESS] Permission Entra appliquée [write] -> SCRIPT/Postfix.txt
[2026-07-09 15:11:30] [INFO] Traitement: /SCRIPT/script_activation_user_AD.txt
[2026-07-09 15:11:30] [INFO] Copie: SCRIPT/script_activation_user_AD.txt
[2026-07-09 15:11:31] [SUCCESS] Copié: SCRIPT/script_activation_user_AD.txt
[2026-07-09 15:11:31] [SUCCESS] Permission Entra appliquée [write] -> SCRIPT/script_activation_user_AD.txt
[2026-07-09 15:11:31] [INFO] Traitement: /SCRIPT/script_ajout_adressemail_secondaire_proxyadress.txt
[2026-07-09 15:11:31] [INFO] Copie: SCRIPT/script_ajout_adressemail_secondaire_proxyadress.txt
[2026-07-09 15:11:32] [SUCCESS] Copié: SCRIPT/script_ajout_adressemail_secondaire_proxyadress.txt
[2026-07-09 15:11:33] [SUCCESS] Permission Entra appliquée [write] -> SCRIPT/script_ajout_adressemail_secondaire_proxyadress.txt
[2026-07-09 15:11:33] [INFO] Traitement: /SCRIPT/script_ajout_champs_mail_en_masse.txt
[2026-07-09 15:11:33] [INFO] Copie: SCRIPT/script_ajout_champs_mail_en_masse.txt
[2026-07-09 15:11:34] [SUCCESS] Copié: SCRIPT/script_ajout_champs_mail_en_masse.txt
[2026-07-09 15:11:34] [SUCCESS] Permission Entra appliquée [write] -> SCRIPT/script_ajout_champs_mail_en_masse.txt
[2026-07-09 15:11:34] [INFO] Traitement: /SCRIPT/Script_ajout_compte_admin_dans_les_sites_sharepoint.txt
[2026-07-09 15:11:34] [INFO] Copie: SCRIPT/Script_ajout_compte_admin_dans_les_sites_sharepoint.txt
[2026-07-09 15:11:35] [SUCCESS] Copié: SCRIPT/Script_ajout_compte_admin_dans_les_sites_sharepoint.txt
[2026-07-09 15:11:35] [SUCCESS] Permission Entra appliquée [write] -> SCRIPT/Script_ajout_compte_admin_dans_les_sites_sharepoint.txt
[2026-07-09 15:11:35] [INFO] Traitement: /SCRIPT/Script_ajout_délegation_FullAcces_BP.txt
[2026-07-09 15:11:35] [INFO] Copie: SCRIPT/Script_ajout_délegation_FullAcces_BP.txt
[2026-07-09 15:11:37] [SUCCESS] Copié: SCRIPT/Script_ajout_délegation_FullAcces_BP.txt
[2026-07-09 15:11:37] [SUCCESS] Permission Entra appliquée [write] -> SCRIPT/Script_ajout_délegation_FullAcces_BP.txt
[2026-07-09 15:11:37] [INFO] Traitement: /SCRIPT/script_ajout_mailsecondaire_proxyadress_plusieursdomaine.txt
[2026-07-09 15:11:37] [INFO] Copie: SCRIPT/script_ajout_mailsecondaire_proxyadress_plusieursdomaine.txt
[2026-07-09 15:11:38] [SUCCESS] Copié: SCRIPT/script_ajout_mailsecondaire_proxyadress_plusieursdomaine.txt
[2026-07-09 15:11:38] [SUCCESS] Permission Entra appliquée [write] -> SCRIPT/script_ajout_mailsecondaire_proxyadress_plusieursdomaine.txt
[2026-07-09 15:11:38] [INFO] Traitement: /SCRIPT/script_ajout_SMTP_proxyadress_en_masse.txt
[2026-07-09 15:11:38] [INFO] Copie: SCRIPT/script_ajout_SMTP_proxyadress_en_masse.txt
[2026-07-09 15:11:40] [SUCCESS] Copié: SCRIPT/script_ajout_SMTP_proxyadress_en_masse.txt
[2026-07-09 15:11:40] [SUCCESS] Permission Entra appliquée [write] -> SCRIPT/script_ajout_SMTP_proxyadress_en_masse.txt
[2026-07-09 15:11:40] [INFO] Traitement: /SCRIPT/script_délégation_BP.txt
[2026-07-09 15:11:40] [INFO] Copie: SCRIPT/script_délégation_BP.txt
[2026-07-09 15:11:41] [SUCCESS] Copié: SCRIPT/script_délégation_BP.txt
[2026-07-09 15:11:41] [SUCCESS] Permission Entra appliquée [write] -> SCRIPT/script_délégation_BP.txt
[2026-07-09 15:11:41] [INFO] Traitement: /SCRIPT/script_délégation_bp_mail.txt
[2026-07-09 15:11:41] [INFO] Copie: SCRIPT/script_délégation_bp_mail.txt
[2026-07-09 15:11:42] [SUCCESS] Copié: SCRIPT/script_délégation_bp_mail.txt
[2026-07-09 15:11:43] [SUCCESS] Permission Entra appliquée [write] -> SCRIPT/script_délégation_bp_mail.txt
[2026-07-09 15:11:43] [INFO] Traitement: /SCRIPT/script_délégation_Fullaccess_BP.txt
[2026-07-09 15:11:43] [INFO] Copie: SCRIPT/script_délégation_Fullaccess_BP.txt
[2026-07-09 15:11:44] [SUCCESS] Copié: SCRIPT/script_délégation_Fullaccess_BP.txt
[2026-07-09 15:11:44] [SUCCESS] Permission Entra appliquée [write] -> SCRIPT/script_délégation_Fullaccess_BP.txt
[2026-07-09 15:11:44] [INFO] Traitement: /SCRIPT/Script_delegation_SendAs_BP.txt
[2026-07-09 15:11:44] [INFO] Copie: SCRIPT/Script_delegation_SendAs_BP.txt
[2026-07-09 15:11:46] [SUCCESS] Copié: SCRIPT/Script_delegation_SendAs_BP.txt
[2026-07-09 15:11:46] [SUCCESS] Permission Entra appliquée [write] -> SCRIPT/Script_delegation_SendAs_BP.txt
[2026-07-09 15:11:46] [INFO] Traitement: /SCRIPT/script_délégation_SendAs_BP.txt
[2026-07-09 15:11:46] [INFO] Copie: SCRIPT/script_délégation_SendAs_BP.txt
[2026-07-09 15:11:47] [SUCCESS] Copié: SCRIPT/script_délégation_SendAs_BP.txt
[2026-07-09 15:11:47] [SUCCESS] Permission Entra appliquée [write] -> SCRIPT/script_délégation_SendAs_BP.txt
[2026-07-09 15:11:47] [INFO] Traitement: /SCRIPT/script_désactivation_user.txt
[2026-07-09 15:11:47] [INFO] Copie: SCRIPT/script_désactivation_user.txt
[2026-07-09 15:11:49] [SUCCESS] Copié: SCRIPT/script_désactivation_user.txt
[2026-07-09 15:11:49] [SUCCESS] Permission Entra appliquée [write] -> SCRIPT/script_désactivation_user.txt
[2026-07-09 15:11:49] [INFO] Traitement: /SCRIPT/Script_droit_BP.txt
[2026-07-09 15:11:49] [INFO] Copie: SCRIPT/Script_droit_BP.txt
[2026-07-09 15:11:50] [SUCCESS] Copié: SCRIPT/Script_droit_BP.txt
[2026-07-09 15:11:50] [SUCCESS] Permission Entra appliquée [write] -> SCRIPT/Script_droit_BP.txt
[2026-07-09 15:11:51] [INFO] Traitement: /SCRIPT/Script_extrac_SMTP_Principale.txt
[2026-07-09 15:11:51] [INFO] Copie: SCRIPT/Script_extrac_SMTP_Principale.txt
[2026-07-09 15:11:52] [SUCCESS] Copié: SCRIPT/Script_extrac_SMTP_Principale.txt
[2026-07-09 15:11:52] [SUCCESS] Permission Entra appliquée [write] -> SCRIPT/Script_extrac_SMTP_Principale.txt
[2026-07-09 15:11:52] [INFO] Traitement: /SCRIPT/Script_Extract_adressemail_Exchange_Online.txt
[2026-07-09 15:11:52] [INFO] Copie: SCRIPT/Script_Extract_adressemail_Exchange_Online.txt
[2026-07-09 15:11:53] [SUCCESS] Copié: SCRIPT/Script_Extract_adressemail_Exchange_Online.txt
[2026-07-09 15:11:54] [SUCCESS] Permission Entra appliquée [write] -> SCRIPT/Script_Extract_adressemail_Exchange_Online.txt
[2026-07-09 15:11:54] [INFO] Traitement: /SCRIPT/Script_Extract_délégation_BP.txt
[2026-07-09 15:11:54] [INFO] Copie: SCRIPT/Script_Extract_délégation_BP.txt
[2026-07-09 15:11:55] [SUCCESS] Copié: SCRIPT/Script_Extract_délégation_BP.txt
[2026-07-09 15:11:55] [SUCCESS] Permission Entra appliquée [write] -> SCRIPT/Script_Extract_délégation_BP.txt
[2026-07-09 15:11:55] [INFO] Traitement: /SCRIPT/script_extract_membre_groupe_AD.txt
[2026-07-09 15:11:55] [INFO] Copie: SCRIPT/script_extract_membre_groupe_AD.txt
[2026-07-09 15:11:56] [SUCCESS] Copié: SCRIPT/script_extract_membre_groupe_AD.txt
[2026-07-09 15:11:57] [SUCCESS] Permission Entra appliquée [write] -> SCRIPT/script_extract_membre_groupe_AD.txt
[2026-07-09 15:11:57] [INFO] Traitement: /SCRIPT/script_extract_onedrive.txt
[2026-07-09 15:11:57] [INFO] Copie: SCRIPT/script_extract_onedrive.txt
[2026-07-09 15:11:58] [SUCCESS] Copié: SCRIPT/script_extract_onedrive.txt
[2026-07-09 15:11:58] [SUCCESS] Permission Entra appliquée [write] -> SCRIPT/script_extract_onedrive.txt
[2026-07-09 15:11:58] [INFO] Traitement: /SCRIPT/script_extract_proxyaddress.txt
[2026-07-09 15:11:58] [INFO] Copie: SCRIPT/script_extract_proxyaddress.txt
[2026-07-09 15:11:59] [SUCCESS] Copié: SCRIPT/script_extract_proxyaddress.txt
[2026-07-09 15:11:59] [SUCCESS] Permission Entra appliquée [write] -> SCRIPT/script_extract_proxyaddress.txt
[2026-07-09 15:11:59] [INFO] Traitement: /SCRIPT/script_extract_Proxyadress_format.txt
[2026-07-09 15:12:00] [INFO] Copie: SCRIPT/script_extract_Proxyadress_format.txt
[2026-07-09 15:12:01] [SUCCESS] Copié: SCRIPT/script_extract_Proxyadress_format.txt
[2026-07-09 15:12:02] [SUCCESS] Permission Entra appliquée [write] -> SCRIPT/script_extract_Proxyadress_format.txt
[2026-07-09 15:12:02] [INFO] Traitement: /SCRIPT/script_extract_UPN_AD.txt
[2026-07-09 15:12:02] [INFO] Copie: SCRIPT/script_extract_UPN_AD.txt
[2026-07-09 15:12:03] [SUCCESS] Copié: SCRIPT/script_extract_UPN_AD.txt
[2026-07-09 15:12:03] [SUCCESS] Permission Entra appliquée [write] -> SCRIPT/script_extract_UPN_AD.txt
[2026-07-09 15:12:03] [INFO] Traitement: /SCRIPT/script_extraction_de_la_liste_des_sites_sharepoint.txt
[2026-07-09 15:12:03] [INFO] Copie: SCRIPT/script_extraction_de_la_liste_des_sites_sharepoint.txt
[2026-07-09 15:12:04] [SUCCESS] Copié: SCRIPT/script_extraction_de_la_liste_des_sites_sharepoint.txt
[2026-07-09 15:12:04] [SUCCESS] Permission Entra appliquée [write] -> SCRIPT/script_extraction_de_la_liste_des_sites_sharepoint.txt
[2026-07-09 15:12:04] [INFO] Traitement: /SCRIPT/script_Inscription_SSO_Appli_Azure.txt
[2026-07-09 15:12:05] [INFO] Copie: SCRIPT/script_Inscription_SSO_Appli_Azure.txt
[2026-07-09 15:12:06] [SUCCESS] Copié: SCRIPT/script_Inscription_SSO_Appli_Azure.txt
[2026-07-09 15:12:06] [SUCCESS] Permission Entra appliquée [write] -> SCRIPT/script_Inscription_SSO_Appli_Azure.txt
[2026-07-09 15:12:06] [INFO] Traitement: /SCRIPT/script_modif_champ_email_docu.ch
[2026-07-09 15:12:06] [INFO] Copie: SCRIPT/script_modif_champ_email_docu.ch
[2026-07-09 15:12:07] [SUCCESS] Copié: SCRIPT/script_modif_champ_email_docu.ch
[2026-07-09 15:12:08] [SUCCESS] Permission Entra appliquée [write] -> SCRIPT/script_modif_champ_email_docu.ch
[2026-07-09 15:12:08] [INFO] Traitement: /SCRIPT/Script_modif_proxyaddress_Group.txt
[2026-07-09 15:12:08] [INFO] Copie: SCRIPT/Script_modif_proxyaddress_Group.txt
[2026-07-09 15:12:09] [SUCCESS] Copié: SCRIPT/Script_modif_proxyaddress_Group.txt
[2026-07-09 15:12:09] [SUCCESS] Permission Entra appliquée [write] -> SCRIPT/Script_modif_proxyaddress_Group.txt
[2026-07-09 15:12:10] [INFO] Traitement: /SCRIPT/Script_modif_proxyadress_docu.ch.txt
[2026-07-09 15:12:10] [INFO] Copie: SCRIPT/Script_modif_proxyadress_docu.ch.txt
[2026-07-09 15:12:11] [SUCCESS] Copié: SCRIPT/Script_modif_proxyadress_docu.ch.txt
[2026-07-09 15:12:11] [SUCCESS] Permission Entra appliquée [write] -> SCRIPT/Script_modif_proxyadress_docu.ch.txt
[2026-07-09 15:12:11] [INFO] Traitement: /SCRIPT/script_modification_UPN_AD_User.txt
[2026-07-09 15:12:11] [INFO] Copie: SCRIPT/script_modification_UPN_AD_User.txt
[2026-07-09 15:12:12] [SUCCESS] Copié: SCRIPT/script_modification_UPN_AD_User.txt
[2026-07-09 15:12:12] [SUCCESS] Permission Entra appliquée [write] -> SCRIPT/script_modification_UPN_AD_User.txt
[2026-07-09 15:12:12] [INFO] Traitement: /SCRIPT/script_modifier_le_champ_mail.txt
[2026-07-09 15:12:12] [INFO] Copie: SCRIPT/script_modifier_le_champ_mail.txt
[2026-07-09 15:12:14] [SUCCESS] Copié: SCRIPT/script_modifier_le_champ_mail.txt
[2026-07-09 15:12:14] [SUCCESS] Permission Entra appliquée [write] -> SCRIPT/script_modifier_le_champ_mail.txt
[2026-07-09 15:12:14] [INFO] Traitement: /SCRIPT/script_modifier_lechampmail_proxyadresseSMTP.txt
[2026-07-09 15:12:14] [INFO] Copie: SCRIPT/script_modifier_lechampmail_proxyadresseSMTP.txt
[2026-07-09 15:12:15] [SUCCESS] Copié: SCRIPT/script_modifier_lechampmail_proxyadresseSMTP.txt
[2026-07-09 15:12:16] [SUCCESS] Permission Entra appliquée [write] -> SCRIPT/script_modifier_lechampmail_proxyadresseSMTP.txt
[2026-07-09 15:12:16] [INFO] Traitement: /SCRIPT/Script_modifier_proxyadress.txt
[2026-07-09 15:12:16] [INFO] Copie: SCRIPT/Script_modifier_proxyadress.txt
[2026-07-09 15:12:17] [SUCCESS] Copié: SCRIPT/Script_modifier_proxyadress.txt
[2026-07-09 15:12:17] [SUCCESS] Permission Entra appliquée [write] -> SCRIPT/Script_modifier_proxyadress.txt
[2026-07-09 15:12:17] [INFO] Traitement: /SCRIPT/script_provisionning_OneDrive.txt
[2026-07-09 15:12:17] [INFO] Copie: SCRIPT/script_provisionning_OneDrive.txt
[2026-07-09 15:12:18] [SUCCESS] Copié: SCRIPT/script_provisionning_OneDrive.txt
[2026-07-09 15:12:18] [SUCCESS] Permission Entra appliquée [write] -> SCRIPT/script_provisionning_OneDrive.txt
[2026-07-09 15:12:18] [INFO] Traitement: /SCRIPT/script_remplacer_UPN_AD.txt
[2026-07-09 15:12:18] [INFO] Copie: SCRIPT/script_remplacer_UPN_AD.txt
[2026-07-09 15:12:19] [SUCCESS] Copié: SCRIPT/script_remplacer_UPN_AD.txt
[2026-07-09 15:12:20] [SUCCESS] Permission Entra appliquée [write] -> SCRIPT/script_remplacer_UPN_AD.txt
[2026-07-09 15:12:20] [INFO] Traitement: /SCRIPT/Script_Restauration_SMTP_format.txt
[2026-07-09 15:12:20] [INFO] Copie: SCRIPT/Script_Restauration_SMTP_format.txt
[2026-07-09 15:12:21] [SUCCESS] Copié: SCRIPT/Script_Restauration_SMTP_format.txt
[2026-07-09 15:12:21] [SUCCESS] Permission Entra appliquée [write] -> SCRIPT/Script_Restauration_SMTP_format.txt
[2026-07-09 15:12:21] [INFO] Traitement: /SCRIPT/Script_Room_Mailbox.txt
[2026-07-09 15:12:21] [INFO] Copie: SCRIPT/Script_Room_Mailbox.txt
[2026-07-09 15:12:22] [SUCCESS] Copié: SCRIPT/Script_Room_Mailbox.txt
[2026-07-09 15:12:22] [SUCCESS] Permission Entra appliquée [write] -> SCRIPT/Script_Room_Mailbox.txt
[2026-07-09 15:12:22] [INFO] Traitement: /SCRIPT/Script_SGUM_ShareGate.txt
[2026-07-09 15:12:22] [INFO] Copie: SCRIPT/Script_SGUM_ShareGate.txt
[2026-07-09 15:12:24] [SUCCESS] Copié: SCRIPT/Script_SGUM_ShareGate.txt
[2026-07-09 15:12:24] [SUCCESS] Permission Entra appliquée [write] -> SCRIPT/Script_SGUM_ShareGate.txt
[2026-07-09 15:12:24] [INFO] Traitement: /SCRIPT/SCRIPT8EXTR.txt
[2026-07-09 15:12:24] [INFO] Copie: SCRIPT/SCRIPT8EXTR.txt
[2026-07-09 15:12:25] [SUCCESS] Copié: SCRIPT/SCRIPT8EXTR.txt
[2026-07-09 15:12:25] [SUCCESS] Permission Entra appliquée [write] -> SCRIPT/SCRIPT8EXTR.txt
[2026-07-09 15:12:25] [INFO] Traitement: /SCRIPT/SharedMailBox_FEBIS.csv
[2026-07-09 15:12:25] [INFO] Copie: SCRIPT/SharedMailBox_FEBIS.csv
[2026-07-09 15:12:27] [SUCCESS] Copié: SCRIPT/SharedMailBox_FEBIS.csv
[2026-07-09 15:12:27] [SUCCESS] Permission Entra appliquée [write] -> SCRIPT/SharedMailBox_FEBIS.csv
[2026-07-09 15:12:27] [INFO] Traitement: /SCRIPT/suppression_champ_mail_UO.txt
[2026-07-09 15:12:27] [INFO] Copie: SCRIPT/suppression_champ_mail_UO.txt
[2026-07-09 15:12:29] [SUCCESS] Copié: SCRIPT/suppression_champ_mail_UO.txt
[2026-07-09 15:12:29] [SUCCESS] Permission Entra appliquée [write] -> SCRIPT/suppression_champ_mail_UO.txt
[2026-07-09 15:12:29] [INFO] Traitement: /SCRIPT/suppression_SMTP_UO.txt
[2026-07-09 15:12:29] [INFO] Copie: SCRIPT/suppression_SMTP_UO.txt
[2026-07-09 15:12:30] [SUCCESS] Copié: SCRIPT/suppression_SMTP_UO.txt
[2026-07-09 15:12:30] [SUCCESS] Permission Entra appliquée [write] -> SCRIPT/suppression_SMTP_UO.txt
[2026-07-09 15:12:30] [INFO] Traitement: /SCRIPT/User_MailBox_docuat.txt
[2026-07-09 15:12:30] [INFO] Copie: SCRIPT/User_MailBox_docuat.txt
[2026-07-09 15:12:31] [SUCCESS] Copié: SCRIPT/User_MailBox_docuat.txt
[2026-07-09 15:12:32] [SUCCESS] Permission Entra appliquée [write] -> SCRIPT/User_MailBox_docuat.txt
[2026-07-09 15:12:32] [SUCCESS] === TERMINÉ ===
