[2026-07-06 14:00:23] [INFO] =========================================
[2026-07-06 14:00:23] [SUCCESS] === COPIE SHAREPOINT - GESTION DES TOKENS ===
[2026-07-06 14:00:23] [INFO] Version: 5.7
[2026-07-06 14:00:23] [INFO] =========================================
[2026-07-06 14:00:23] [INFO] Chargement traductions: E:\UKREiiF_FinalCopy_path.csv
[2026-07-06 14:00:23] [SUCCESS] source:Source destination: Destination
[2026-07-06 14:00:23] [SUCCESS] source:/ destination: /
[2026-07-06 14:00:23] [SUCCESS] Traductions chargées: 2
[2026-07-06 14:00:23] [INFO] Mappings: 2
[2026-07-06 14:00:23] [SUCCESS] Mappages utilisateurs chargés: 3
[2026-07-06 14:00:23] [INFO] === AUTHENTIFICATION ===
[2026-07-06 14:00:23] [SUCCESS] Nouveau token pour 85a5a352-25d6-4894-a97d-221cd1712dd2|684f670e-6931-4120-b053-f8c9538744f6. Expire à 07/06/2026 15:00:22
[2026-07-06 14:00:23] [SUCCESS] Nouveau token pour 2eea08b8-1972-447b-ad43-d044d042500a|821109a4-6e0e-48e8-b477-8f9b70aa32a4. Expire à 07/06/2026 15:00:22
[2026-07-06 14:00:23] [INFO] === RESOLUTION DES SITES ===
[2026-07-06 14:00:24] [SUCCESS] Source: https://ipdlab.sharepoint.com/sites/SERVICES_GENERAUX
[2026-07-06 14:00:24] [SUCCESS] Drive source: Documents (ID: b!XnWYyX1Yt0OS_raijD1IJ3BoByys1aRJgLg7kzMz9vWsIxCHkG4qSbx5BSt1yNsv)
[2026-07-06 14:00:24] [SUCCESS] Destination: https://infoprodigital365.sharepoint.com/sites/fethygate
[2026-07-06 14:00:24] [SUCCESS] Drive destination: Documents (ID: b!k8jQXFKwk0KwtGsFvJmNhsH5xvG66_JEj-cEjgaHomnZSz8m37iZRJ3SeesLotEx)
[2026-07-06 14:00:24] [INFO] Librairies source: Documents
[2026-07-06 14:00:24] [INFO] Librairies dest:   Documents
[2026-07-06 14:00:24] [INFO] === LECTURE DU FICHIER CSV ===
[2026-07-06 14:00:24] [SUCCESS] Lignes de permissions chargées: 1938
[2026-07-06 14:00:24] [SUCCESS] Chemins uniques à traiter: 333
[2026-07-06 14:00:24] [INFO] Traitement: /Audit_user_gmail.xlsx (5 permission(s))
[2026-07-06 14:00:24] [INFO] === COPIE REELLE: Audit_user_gmail.xlsx ===
[2026-07-06 14:00:25] [SUCCESS] === FICHIER COPIE AVEC SUCCES: Audit_user_gmail.xlsx ===
[2026-07-06 14:00:26] [WARN] Pas de mappage pour: Propriétaires de SERVICES_GENERAUX () - permission ignorée sur Audit_user_gmail.xlsx
[2026-07-06 14:00:26] [WARN] Pas de mappage pour: SERVICES_GENERAUX - Membres () - permission ignorée sur Audit_user_gmail.xlsx
[2026-07-06 14:00:26] [SUCCESS] Résolution: 'User test 02' (User) -> 9545ef82-e8d3-44ae-9c1f-aebebbb474c9
[2026-07-06 14:00:26] [SUCCESS] Permission appliquée: Equipe INFRA [write] -> Audit_user_gmail.xlsx
[2026-07-06 14:00:26] [WARN] [403] Permissions insuffisantes pour résoudre 'grp_test'. Vérifiez que l'app destination a User.Read.All ou GroupMember.Read.All.
[2026-07-06 14:00:26] [WARN] Impossible de résoudre 'grp_test' dans le tenant destination - permission ignorée
[2026-07-06 14:00:26] [WARN] Pas de mappage pour: SERVICES_GENERAUX - Visiteurs () - permission ignorée sur Audit_user_gmail.xlsx
[2026-07-06 14:00:26] [INFO] Traitement: /Capture d’écran 2026-01-27 172058.jpg (5 permission(s))
[2026-07-06 14:00:26] [INFO] === COPIE REELLE: Capture d’écran 2026-01-27 172058.jpg ===
[2026-07-06 14:00:28] [SUCCESS] === FICHIER COPIE AVEC SUCCES: Capture d’écran 2026-01-27 172058.jpg ===
[2026-07-06 14:00:28] [WARN] Pas de mappage pour: Propriétaires de SERVICES_GENERAUX () - permission ignorée sur Capture d’écran 2026-01-27 172058.jpg
[2026-07-06 14:00:28] [WARN] Pas de mappage pour: SERVICES_GENERAUX - Visiteurs () - permission ignorée sur Capture d’écran 2026-01-27 172058.jpg
[2026-07-06 14:00:28] [WARN] Pas de mappage pour: SERVICES_GENERAUX - Membres () - permission ignorée sur Capture d’écran 2026-01-27 172058.jpg
[2026-07-06 14:00:28] [SUCCESS] Permission appliquée: Equipe INFRA [write] -> Capture d’écran 2026-01-27 172058.jpg
[2026-07-06 14:00:28] [WARN] Impossible de résoudre 'grp_test' dans le tenant destination - permission ignorée
[2026-07-06 14:00:28] [INFO] Traitement: /Drive ECHOLINE/ (6 permission(s))
[2026-07-06 14:00:28] [INFO] === COPIE REELLE: Drive ECHOLINE ===
[2026-07-06 14:00:29] [SUCCESS] Dossier cree: Drive ECHOLINE
[2026-07-06 14:00:29] [WARN] Pas de mappage pour: Propriétaires de SERVICES_GENERAUX () - permission ignorée sur Drive ECHOLINE
[2026-07-06 14:00:29] [WARN] Impossible de résoudre 'grp_test' dans le tenant destination - permission ignorée
[2026-07-06 14:00:29] [SUCCESS] Permission appliquée: Equipe INFRA [write] -> Drive ECHOLINE
[2026-07-06 14:00:29] [SUCCESS] Résolution: 'FARADJI, Fethi' (User) -> 517e236b-5425-4efb-b7fe-cea82021362a
[2026-07-06 14:00:29] [SUCCESS] Permission appliquée: User 01 [write] -> Drive ECHOLINE
[2026-07-06 14:00:30] [WARN] Pas de mappage pour: SERVICES_GENERAUX - Membres () - permission ignorée sur Drive ECHOLINE
[2026-07-06 14:00:30] [WARN] Pas de mappage pour: SERVICES_GENERAUX - Visiteurs () - permission ignorée sur Drive ECHOLINE
[2026-07-06 14:00:30] [INFO] Traitement: /Drive ECHOLINE/01-Internal Ops/ (6 permission(s))
[2026-07-06 14:00:30] [INFO] === COPIE REELLE: Drive ECHOLINE/01-Internal Ops ===
[2026-07-06 14:00:30] [SUCCESS] Dossier cree: Drive ECHOLINE/01-Internal Ops
[2026-07-06 14:00:30] [WARN] Impossible de résoudre 'grp_test' dans le tenant destination - permission ignorée
[2026-07-06 14:00:30] [SUCCESS] Permission appliquée: Equipe INFRA [write] -> Drive ECHOLINE/01-Internal Ops
[2026-07-06 14:00:30] [WARN] Pas de mappage pour: Propriétaires de SERVICES_GENERAUX () - permission ignorée sur Drive ECHOLINE/01-Internal Ops
[2026-07-06 14:00:31] [SUCCESS] Permission appliquée: User 01 [write] -> Drive ECHOLINE/01-Internal Ops
[2026-07-06 14:00:31] [WARN] Pas de mappage pour: SERVICES_GENERAUX - Visiteurs () - permission ignorée sur Drive ECHOLINE/01-Internal Ops
[2026-07-06 14:00:31] [WARN] Pas de mappage pour: SERVICES_GENERAUX - Membres () - permission ignorée sur Drive ECHOLINE/01-Internal Ops
[2026-07-06 14:00:31] [INFO] Traitement: /Drive ECHOLINE/01-Internal Ops/A-Veilles et traitement/ (6 permission(s))
[2026-07-06 14:00:31] [INFO] === COPIE REELLE: Drive ECHOLINE/01-Internal Ops/A-Veilles et traitement ===
[2026-07-06 14:00:31] [SUCCESS] Dossier cree: Drive ECHOLINE/01-Internal Ops/A-Veilles et traitement
[2026-07-06 14:00:31] [WARN] Impossible de résoudre 'grp_test' dans le tenant destination - permission ignorée
[2026-07-06 14:00:32] [SUCCESS] Permission appliquée: Equipe INFRA [write] -> Drive ECHOLINE/01-Internal Ops/A-Veilles et traitement
[2026-07-06 14:00:32] [SUCCESS] Permission appliquée: User 01 [write] -> Drive ECHOLINE/01-Internal Ops/A-Veilles et traitement
[2026-07-06 14:00:32] [WARN] Pas de mappage pour: SERVICES_GENERAUX - Membres () - permission ignorée sur Drive ECHOLINE/01-Internal Ops/A-Veilles et traitement
[2026-07-06 14:00:32] [WARN] Pas de mappage pour: SERVICES_GENERAUX - Visiteurs () - permission ignorée sur Drive ECHOLINE/01-Internal Ops/A-Veilles et traitement
[2026-07-06 14:00:32] [WARN] Pas de mappage pour: Propriétaires de SERVICES_GENERAUX () - permission ignorée sur Drive ECHOLINE/01-Internal Ops/A-Veilles et traitement
[2026-07-06 14:00:32] [INFO] Traitement: /Drive ECHOLINE/01-Internal Ops/A-Veilles et traitement/00 - A - Documents accessibles par l'API/ (6 permission(s))
[2026-07-06 14:00:32] [INFO] === COPIE REELLE: Drive ECHOLINE/01-Internal Ops/A-Veilles et traitement/00 - A - Documents accessibles par l'API ===
[2026-07-06 14:00:33] [SUCCESS] Dossier cree: Drive ECHOLINE/01-Internal Ops/A-Veilles et traitement/00 - A - Documents accessibles par l'API
[2026-07-06 14:00:33] [SUCCESS] Permission appliquée: Equipe INFRA [write] -> Drive ECHOLINE/01-Internal Ops/A-Veilles et traitement/00 - A - Documents accessibles par l'API
[2026-07-06 14:00:33] [SUCCESS] Permission appliquée: User 01 [write] -> Drive ECHOLINE/01-Internal Ops/A-Veilles et traitement/00 - A - Documents accessibles par l'API
[2026-07-06 14:00:33] [WARN] Pas de mappage pour: SERVICES_GENERAUX - Membres () - permission ignorée sur Drive ECHOLINE/01-Internal Ops/A-Veilles et traitement/00 - A - Documents accessibles par l'API
[2026-07-06 14:00:33] [WARN] Pas de mappage pour: Propriétaires de SERVICES_GENERAUX () - permission ignorée sur Drive ECHOLINE/01-Internal Ops/A-Veilles et traitement/00 - A - Documents accessibles par l'API
[2026-07-06 14:00:33] [WARN] Pas de mappage pour: SERVICES_GENERAUX - Visiteurs () - permission ignorée sur Drive ECHOLINE/01-Internal Ops/A-Veilles et traitement/00 - A - Documents accessibles par l'API
[2026-07-06 14:00:33] [WARN] Impossible de résoudre 'grp_test' dans le tenant destination - permission ignorée
[2026-07-06 14:00:33] [INFO] Traitement: /Drive ECHOLINE/01-Internal Ops/A-Veilles et traitement/Veille reg. Allemagne/ (6 permission(s))
[2026-07-06 14:00:33] [INFO] === COPIE REELLE: Drive ECHOLINE/01-Internal Ops/A-Veilles et traitement/Veille reg. Allemagne ===
[2026-07-06 14:00:34] [SUCCESS] Dossier cree: Drive ECHOLINE/01-Internal Ops/A-Veilles et traitement/Veille reg. Allemagne
[2026-07-06 14:00:34] [WARN] Impossible de résoudre 'grp_test' dans le tenant destination - permission ignorée
[2026-07-06 14:00:34] [SUCCESS] Permission appliquée: Equipe INFRA [write] -> Drive ECHOLINE/01-Internal Ops/A-Veilles et traitement/Veille reg. Allemagne
[2026-07-06 14:00:35] [SUCCESS] Permission appliquée: User 01 [write] -> Drive ECHOLINE/01-Internal Ops/A-Veilles et traitement/Veille reg. Allemagne
[2026-07-06 14:00:35] [WARN] Pas de mappage pour: SERVICES_GENERAUX - Membres () - permission ignorée sur Drive ECHOLINE/01-Internal Ops/A-Veilles et traitement/Veille reg. Allemagne
[2026-07-06 14:00:35] [WARN] Pas de mappage pour: SERVICES_GENERAUX - Visiteurs () - permission ignorée sur Drive ECHOLINE/01-Internal Ops/A-Veilles et traitement/Veille reg. Allemagne
[2026-07-06 14:00:35] [WARN] Pas de mappage pour: Propriétaires de SERVICES_GENERAUX () - permission ignorée sur Drive ECHOLINE/01-Internal Ops/A-Veilles et traitement/Veille reg. Allemagne
[2026-07-06 14:00:35] [INFO] Traitement: /Drive ECHOLINE/01-Internal Ops/A-Veilles et traitement/Veille reg. Australie/ (6 permission(s))
[2026-07-06 14:00:35] [INFO] === COPIE REELLE: Drive ECHOLINE/01-Internal Ops/A-Veilles et traitement/Veille reg. Australie ===
[2026-07-06 14:00:35] [SUCCESS] Dossier cree: Drive ECHOLINE/01-Internal Ops/A-Veilles et traitement/Veille reg. Australie
[2026-07-06 14:00:36] [SUCCESS] Permission appliquée: User 01 [write] -> Drive ECHOLINE/01-Internal Ops/A-Veilles et traitement/Veille reg. Australie
[2026-07-06 14:00:36] [WARN] Pas de mappage pour: SERVICES_GENERAUX - Visiteurs () - permission ignorée sur Drive ECHOLINE/01-Internal Ops/A-Veilles et traitement/Veille reg. Australie
[2026-07-06 14:00:36] [WARN] Pas de mappage pour: Propriétaires de SERVICES_GENERAUX () - permission ignorée sur Drive ECHOLINE/01-Internal Ops/A-Veilles et traitement/Veille reg. Australie
[2026-07-06 14:00:36] [WARN] Pas de mappage pour: SERVICES_GENERAUX - Membres () - permission ignorée sur Drive ECHOLINE/01-Internal Ops/A-Veilles et traitement/Veille reg. Australie
[2026-07-06 14:00:36] [WARN] Impossible de résoudre 'grp_test' dans le tenant destination - permission ignorée
[2026-07-06 14:00:36] [SUCCESS] Permission appliquée: Equipe INFRA [write] -> Drive ECHOLINE/01-Internal Ops/A-Veilles et traitement/Veille reg. Australie
[2026-07-06 14:00:36] [INFO] Traitement: /Drive ECHOLINE/01-Internal Ops/A-Veilles et traitement/Veille reg. Belgique/ (6 permission(s))
[2026-07-06 14:00:36] [INFO] === COPIE REELLE: Drive ECHOLINE/01-Internal Ops/A-Veilles et traitement/Veille reg. Belgique ===
[2026-07-06 14:00:36] [SUCCESS] Dossier cree: Drive ECHOLINE/01-Internal Ops/A-Veilles et traitement/Veille reg. Belgique
[2026-07-06 14:00:37] [WARN] Impossible de résoudre 'grp_test' dans le tenant destination - permission ignorée
[2026-07-06 14:00:37] [SUCCESS] Permission appliquée: User 01 [write] -> Drive ECHOLINE/01-Internal Ops/A-Veilles et traitement/Veille reg. Belgique
[2026-07-06 14:00:37] [WARN] Pas de mappage pour: SERVICES_GENERAUX - Membres () - permission ignorée sur Drive ECHOLINE/01-Internal Ops/A-Veilles et traitement/Veille reg. Belgique
[2026-07-06 14:00:37] [WARN] Pas de mappage pour: SERVICES_GENERAUX - Visiteurs () - permission ignorée sur Drive ECHOLINE/01-Internal Ops/A-Veilles et traitement/Veille reg. Belgique
[2026-07-06 14:00:37] [WARN] Pas de mappage pour: Propriétaires de SERVICES_GENERAUX () - permission ignorée sur Drive ECHOLINE/01-Internal Ops/A-Veilles et traitement/Veille reg. Belgique
[2026-07-06 14:00:37] [SUCCESS] Permission appliquée: Equipe INFRA [write] -> Drive ECHOLINE/01-Internal Ops/A-Veilles et traitement/Veille reg. Belgique
[2026-07-06 14:00:37] [INFO] Traitement: /Drive ECHOLINE/01-Internal Ops/A-Veilles et traitement/Veille reg. Brésil/ (6 permission(s))
[2026-07-06 14:00:37] [INFO] === COPIE REELLE: Drive ECHOLINE/01-Internal Ops/A-Veilles et traitement/Veille reg. Brésil ===
[2026-07-06 14:00:38] [SUCCESS] Dossier cree: Drive ECHOLINE/01-Internal Ops/A-Veilles et traitement/Veille reg. Brésil
[2026-07-06 14:00:38] [DEBUG] [404] Item pas encore disponible, retry 1/3 dans 2s: Drive ECHOLINE/01-Internal Ops/A-Veilles et traitement/Veille reg. Brésil
[2026-07-06 14:00:40] [DEBUG] [404] Item pas encore disponible, retry 2/3 dans 2s: Drive ECHOLINE/01-Internal Ops/A-Veilles et traitement/Veille reg. Brésil
[2026-07-06 14:00:42] [DEBUG] [404] Item pas encore disponible, retry 3/3 dans 2s: Drive ECHOLINE/01-Internal Ops/A-Veilles et traitement/Veille reg. Brésil
[2026-07-06 14:00:45] [WARN] Impossible de récupérer l'item destination pour les droits: Drive ECHOLINE/01-Internal Ops/A-Veilles et traitement/Veille reg. Brésil - Le serveur distant a retourné une erreur : (404) Introuvable.
[2026-07-06 14:00:45] [INFO] Traitement: /Drive ECHOLINE/01-Internal Ops/A-Veilles et traitement/Veille reg. Canada/ (6 permission(s))
[2026-07-06 14:00:45] [INFO] === COPIE REELLE: Drive ECHOLINE/01-Internal Ops/A-Veilles et traitement/Veille reg. Canada ===
[2026-07-06 14:00:46] [SUCCESS] Dossier cree: Drive ECHOLINE/01-Internal Ops/A-Veilles et traitement/Veille reg. Canada
[2026-07-06 14:00:46] [SUCCESS] Permission appliquée: User 01 [write] -> Drive ECHOLINE/01-Internal Ops/A-Veilles et traitement/Veille reg. Canada
[2026-07-06 14:00:46] [WARN] Pas de mappage pour: SERVICES_GENERAUX - Membres () - permission ignorée sur Drive ECHOLINE/01-Internal Ops/A-Veilles et traitement/Veille reg. Canada
[2026-07-06 14:00:46] [WARN] Impossible de résoudre 'grp_test' dans le tenant destination - permission ignorée
[2026-07-06 14:00:46] [WARN] Pas de mappage pour: SERVICES_GENERAUX - Visiteurs () - permission ignorée sur Drive ECHOLINE/01-Internal Ops/A-Veilles et traitement/Veille reg. Canada
[2026-07-06 14:00:46] [WARN] Pas de mappage pour: Propriétaires de SERVICES_GENERAUX () - permission ignorée sur Drive ECHOLINE/01-Internal Ops/A-Veilles et traitement/Veille reg. Canada
[2026-07-06 14:00:47] [SUCCESS] Permission appliquée: Equipe INFRA [write] -> Drive ECHOLINE/01-Internal Ops/A-Veilles et traitement/Veille reg. Canada
[2026-07-06 14:00:47] [INFO] Traitement: /Drive ECHOLINE/01-Internal Ops/A-Veilles et traitement/Veille reg. Corée du Sud/ (6 permission(s))
[2026-07-06 14:00:47] [INFO] === COPIE REELLE: Drive ECHOLINE/01-Internal Ops/A-Veilles et traitement/Veille reg. Corée du Sud ===
[2026-07-06 14:00:48] [SUCCESS] Dossier cree: Drive ECHOLINE/01-Internal Ops/A-Veilles et traitement/Veille reg. Corée du Sud
[2026-07-06 14:00:48] [DEBUG] [404] Item pas encore disponible, retry 1/3 dans 2s: Drive ECHOLINE/01-Internal Ops/A-Veilles et traitement/Veille reg. Corée du Sud
[2026-07-06 14:00:50] [DEBUG] [404] Item pas encore disponible, retry 2/3 dans 2s: Drive ECHOLINE/01-Internal Ops/A-Veilles et traitement/Veille reg. Corée du Sud
[2026-07-06 14:00:52] [DEBUG] [404] Item pas encore disponible, retry 3/3 dans 2s: Drive ECHOLINE/01-Internal Ops/A-Veilles et traitement/Veille reg. Corée du Sud
[2026-07-06 14:00:54] [WARN] Impossible de récupérer l'item destination pour les droits: Drive ECHOLINE/01-Internal Ops/A-Veilles et traitement/Veille reg. Corée du Sud - Le serveur distant a retourné une erreur : (404) Introuvable.
[2026-07-06 14:00:54] [INFO] Traitement: /Drive ECHOLINE/01-Internal Ops/A-Veilles et traitement/Veille reg. Espagne/ (6 permission(s))
[2026-07-06 14:00:54] [INFO] === COPIE REELLE: Drive ECHOLINE/01-Internal Ops/A-Veilles et traitement/Veille reg. Espagne ===
[2026-07-06 14:00:55] [SUCCESS] Dossier cree: Drive ECHOLINE/01-Internal Ops/A-Veilles et traitement/Veille reg. Espagne
[2026-07-06 14:00:55] [SUCCESS] Permission appliquée: User 01 [write] -> Drive ECHOLINE/01-Internal Ops/A-Veilles et traitement/Veille reg. Espagne
[2026-07-06 14:00:55] [WARN] Pas de mappage pour: SERVICES_GENERAUX - Membres () - permission ignorée sur Drive ECHOLINE/01-Internal Ops/A-Veilles et traitement/Veille reg. Espagne
[2026-07-06 14:00:55] [WARN] Pas de mappage pour: SERVICES_GENERAUX - Visiteurs () - permission ignorée sur Drive ECHOLINE/01-Internal Ops/A-Veilles et traitement/Veille reg. Espagne
[2026-07-06 14:00:55] [WARN] Pas de mappage pour: Propriétaires de SERVICES_GENERAUX () - permission ignorée sur Drive ECHOLINE/01-Internal Ops/A-Veilles et traitement/Veille reg. Espagne
[2026-07-06 14:00:56] [SUCCESS] Permission appliquée: Equipe INFRA [write] -> Drive ECHOLINE/01-Internal Ops/A-Veilles et traitement/Veille reg. Espagne
[2026-07-06 14:00:56] [WARN] Impossible de résoudre 'grp_test' dans le tenant destination - permission ignorée
[2026-07-06 14:00:56] [INFO] Traitement: /Drive ECHOLINE/01-Internal Ops/A-Veilles et traitement/Veille reg. Estonie/ (6 permission(s))
[2026-07-06 14:00:56] [INFO] === COPIE REELLE: Drive ECHOLINE/01-Internal Ops/A-Veilles et traitement/Veille reg. Estonie ===
[2026-07-06 14:00:56] [SUCCESS] Dossier cree: Drive ECHOLINE/01-Internal Ops/A-Veilles et traitement/Veille reg. Estonie
[2026-07-06 14:00:56] [WARN] Impossible de résoudre 'grp_test' dans le tenant destination - permission ignorée
[2026-07-06 14:00:56] [WARN] Pas de mappage pour: Propriétaires de SERVICES_GENERAUX () - permission ignorée sur Drive ECHOLINE/01-Internal Ops/A-Veilles et traitement/Veille reg. Estonie
[2026-07-06 14:00:56] [WARN] Pas de mappage pour: SERVICES_GENERAUX - Visiteurs () - permission ignorée sur Drive ECHOLINE/01-Internal Ops/A-Veilles et traitement/Veille reg. Estonie
[2026-07-06 14:00:56] [WARN] Pas de mappage pour: SERVICES_GENERAUX - Membres () - permission ignorée sur Drive ECHOLINE/01-Internal Ops/A-Veilles et traitement/Veille reg. Estonie
[2026-07-06 14:00:57] [SUCCESS] Permission appliquée: User 01 [write] -> Drive ECHOLINE/01-Internal Ops/A-Veilles et traitement/Veille reg. Estonie
[2026-07-06 14:00:57] [SUCCESS] Permission appliquée: Equipe INFRA [write] -> Drive ECHOLINE/01-Internal Ops/A-Veilles et traitement/Veille reg. Estonie
[2026-07-06 14:00:57] [INFO] Traitement: /Drive ECHOLINE/01-Internal Ops/A-Veilles et traitement/Veille reg. Europe/ (6 permission(s))
[2026-07-06 14:00:57] [INFO] === COPIE REELLE: Drive ECHOLINE/01-Internal Ops/A-Veilles et traitement/Veille reg. Europe ===
[2026-07-06 14:00:57] [SUCCESS] Dossier cree: Drive ECHOLINE/01-Internal Ops/A-Veilles et traitement/Veille reg. Europe
[2026-07-06 14:00:58] [SUCCESS] Permission appliquée: User 01 [write] -> Drive ECHOLINE/01-Internal Ops/A-Veilles et traitement/Veille reg. Europe
[2026-07-06 14:00:58] [WARN] Pas de mappage pour: Propriétaires de SERVICES_GENERAUX () - permission ignorée sur Drive ECHOLINE/01-Internal Ops/A-Veilles et traitement/Veille reg. Europe
[2026-07-06 14:00:58] [WARN] Pas de mappage pour: SERVICES_GENERAUX - Visiteurs () - permission ignorée sur Drive ECHOLINE/01-Internal Ops/A-Veilles et traitement/Veille reg. Europe
[2026-07-06 14:00:58] [WARN] Pas de mappage pour: SERVICES_GENERAUX - Membres () - permission ignorée sur Drive ECHOLINE/01-Internal Ops/A-Veilles et traitement/Veille reg. Europe
[2026-07-06 14:00:58] [SUCCESS] Permission appliquée: Equipe INFRA [write] -> Drive ECHOLINE/01-Internal Ops/A-Veilles et traitement/Veille reg. Europe
[2026-07-06 14:00:58] [WARN] Impossible de résoudre 'grp_test' dans le tenant destination - permission ignorée
[2026-07-06 14:00:58] [INFO] Traitement: /Drive ECHOLINE/01-Internal Ops/A-Veilles et traitement/Veille reg. Finlande/ (6 permission(s))
[2026-07-06 14:00:58] [INFO] === COPIE REELLE: Drive ECHOLINE/01-Internal Ops/A-Veilles et traitement/Veille reg. Finlande ===
[2026-07-06 14:00:59] [SUCCESS] Dossier cree: Drive ECHOLINE/01-Internal Ops/A-Veilles et traitement/Veille reg. Finlande
[2026-07-06 14:00:59] [WARN] Impossible de résoudre 'grp_test' dans le tenant destination - permission ignorée
[2026-07-06 14:00:59] [SUCCESS] Permission appliquée: Equipe INFRA [write] -> Drive ECHOLINE/01-Internal Ops/A-Veilles et traitement/Veille reg. Finlande
[2026-07-06 14:00:59] [SUCCESS] Permission appliquée: User 01 [write] -> Drive ECHOLINE/01-Internal Ops/A-Veilles et traitement/Veille reg. Finlande
[2026-07-06 14:00:59] [WARN] Pas de mappage pour: SERVICES_GENERAUX - Membres () - permission ignorée sur Drive ECHOLINE/01-Internal Ops/A-Veilles et traitement/Veille reg. Finlande
[2026-07-06 14:00:59] [WARN] Pas de mappage pour: SERVICES_GENERAUX - Visiteurs () - permission ignorée sur Drive ECHOLINE/01-Internal Ops/A-Veilles et traitement/Veille reg. Finlande
[2026-07-06 14:00:59] [WARN] Pas de mappage pour: Propriétaires de SERVICES_GENERAUX () - permission ignorée sur Drive ECHOLINE/01-Internal Ops/A-Veilles et traitement/Veille reg. Finlande
[2026-07-06 14:00:59] [INFO] Traitement: /Drive ECHOLINE/01-Internal Ops/A-Veilles et traitement/Veille reg. France/ (6 permission(s))
[2026-07-06 14:00:59] [INFO] === COPIE REELLE: Drive ECHOLINE/01-Internal Ops/A-Veilles et traitement/Veille reg. France ===
[2026-07-06 14:01:00] [SUCCESS] Dossier cree: Drive ECHOLINE/01-Internal Ops/A-Veilles et traitement/Veille reg. France
[2026-07-06 14:01:00] [WARN] Pas de mappage pour: SERVICES_GENERAUX - Membres () - permission ignorée sur Drive ECHOLINE/01-Internal Ops/A-Veilles et traitement/Veille reg. France
[2026-07-06 14:01:00] [WARN] Impossible de résoudre 'grp_test' dans le tenant destination - permission ignorée
[2026-07-06 14:01:00] [WARN] Pas de mappage pour: SERVICES_GENERAUX - Visiteurs () - permission ignorée sur Drive ECHOLINE/01-Internal Ops/A-Veilles et traitement/Veille reg. France
[2026-07-06 14:01:00] [WARN] Pas de mappage pour: Propriétaires de SERVICES_GENERAUX () - permission ignorée sur Drive ECHOLINE/01-Internal Ops/A-Veilles et traitement/Veille reg. France
[2026-07-06 14:01:00] [SUCCESS] Permission appliquée: User 01 [write] -> Drive ECHOLINE/01-Internal Ops/A-Veilles et traitement/Veille reg. France
[2026-07-06 14:01:01] [SUCCESS] Permission appliquée: Equipe INFRA [write] -> Drive ECHOLINE/01-Internal Ops/A-Veilles et traitement/Veille reg. France
[2026-07-06 14:01:01] [INFO] Traitement: /Drive ECHOLINE/01-Internal Ops/A-Veilles et traitement/Veille reg. Inde/ (6 permission(s))
[2026-07-06 14:01:01] [INFO] === COPIE REELLE: Drive ECHOLINE/01-Internal Ops/A-Veilles et traitement/Veille reg. Inde ===
[2026-07-06 14:01:01] [SUCCESS] Dossier cree: Drive ECHOLINE/01-Internal Ops/A-Veilles et traitement/Veille reg. Inde
[2026-07-06 14:01:01] [WARN] Impossible de résoudre 'grp_test' dans le tenant destination - permission ignorée
[2026-07-06 14:01:01] [WARN] Pas de mappage pour: Propriétaires de SERVICES_GENERAUX () - permission ignorée sur Drive ECHOLINE/01-Internal Ops/A-Veilles et traitement/Veille reg. Inde
[2026-07-06 14:01:01] [WARN] Pas de mappage pour: SERVICES_GENERAUX - Visiteurs () - permission ignorée sur Drive ECHOLINE/01-Internal Ops/A-Veilles et traitement/Veille reg. Inde
[2026-07-06 14:01:01] [WARN] Pas de mappage pour: SERVICES_GENERAUX - Membres () - permission ignorée sur Drive ECHOLINE/01-Internal Ops/A-Veilles et traitement/Veille reg. Inde
[2026-07-06 14:01:02] [SUCCESS] Permission appliquée: User 01 [write] -> Drive ECHOLINE/01-Internal Ops/A-Veilles et traitement/Veille reg. Inde
[2026-07-06 14:01:02] [SUCCESS] Permission appliquée: Equipe INFRA [write] -> Drive ECHOLINE/01-Internal Ops/A-Veilles et traitement/Veille reg. Inde
[2026-07-06 14:01:02] [INFO] Traitement: /Drive ECHOLINE/01-Internal Ops/A-Veilles et traitement/Veille reg. Irlande/ (6 permission(s))
[2026-07-06 14:01:02] [INFO] === COPIE REELLE: Drive ECHOLINE/01-Internal Ops/A-Veilles et traitement/Veille reg. Irlande ===
[2026-07-06 14:01:03] [SUCCESS] Dossier cree: Drive ECHOLINE/01-Internal Ops/A-Veilles et traitement/Veille reg. Irlande
[2026-07-06 14:01:03] [WARN] Pas de mappage pour: Propriétaires de SERVICES_GENERAUX () - permission ignorée sur Drive ECHOLINE/01-Internal Ops/A-Veilles et traitement/Veille reg. Irlande
[2026-07-06 14:01:03] [WARN] Pas de mappage pour: SERVICES_GENERAUX - Visiteurs () - permission ignorée sur Drive ECHOLINE/01-Internal Ops/A-Veilles et traitement/Veille reg. Irlande
[2026-07-06 14:01:03] [WARN] Pas de mappage pour: SERVICES_GENERAUX - Membres () - permission ignorée sur Drive ECHOLINE/01-Internal Ops/A-Veilles et traitement/Veille reg. Irlande
[2026-07-06 14:01:03] [SUCCESS] Permission appliquée: User 01 [write] -> Drive ECHOLINE/01-Internal Ops/A-Veilles et traitement/Veille reg. Irlande
[2026-07-06 14:01:04] [SUCCESS] Permission appliquée: Equipe INFRA [write] -> Drive ECHOLINE/01-Internal Ops/A-Veilles et traitement/Veille reg. Irlande
[2026-07-06 14:01:04] [WARN] Impossible de résoudre 'grp_test' dans le tenant destination - permission ignorée
[2026-07-06 14:01:04] [INFO] Traitement: /Drive ECHOLINE/01-Internal Ops/A-Veilles et traitement/Veille reg. Italie/ (6 permission(s))
[2026-07-06 14:01:04] [INFO] === COPIE REELLE: Drive ECHOLINE/01-Internal Ops/A-Veilles et traitement/Veille reg. Italie ===
[2026-07-06 14:01:05] [SUCCESS] Dossier cree: Drive ECHOLINE/01-Internal Ops/A-Veilles et traitement/Veille reg. Italie
[2026-07-06 14:01:05] [WARN] Pas de mappage pour: Propriétaires de SERVICES_GENERAUX () - permission ignorée sur Drive ECHOLINE/01-Internal Ops/A-Veilles et traitement/Veille reg. Italie
[2026-07-06 14:01:05] [WARN] Impossible de résoudre 'grp_test' dans le tenant destination - permission ignorée
[2026-07-06 14:01:05] [SUCCESS] Permission appliquée: Equipe INFRA [write] -> Drive ECHOLINE/01-Internal Ops/A-Veilles et traitement/Veille reg. Italie
[2026-07-06 14:01:06] [SUCCESS] Permission appliquée: User 01 [write] -> Drive ECHOLINE/01-Internal Ops/A-Veilles et traitement/Veille reg. Italie
[2026-07-06 14:01:06] [WARN] Pas de mappage pour: SERVICES_GENERAUX - Membres () - permission ignorée sur Drive ECHOLINE/01-Internal Ops/A-Veilles et traitement/Veille reg. Italie
[2026-07-06 14:01:06] [WARN] Pas de mappage pour: SERVICES_GENERAUX - Visiteurs () - permission ignorée sur Drive ECHOLINE/01-Internal Ops/A-Veilles et traitement/Veille reg. Italie
[2026-07-06 14:01:06] [INFO] Traitement: /Drive ECHOLINE/01-Internal Ops/A-Veilles et traitement/Veille reg. Luxembourg/ (6 permission(s))
[2026-07-06 14:01:06] [INFO] === COPIE REELLE: Drive ECHOLINE/01-Internal Ops/A-Veilles et traitement/Veille reg. Luxembourg ===
[2026-07-06 14:01:06] [SUCCESS] Dossier cree: Drive ECHOLINE/01-Internal Ops/A-Veilles et traitement/Veille reg. Luxembourg
[2026-07-06 14:01:06] [WARN] Pas de mappage pour: Propriétaires de SERVICES_GENERAUX () - permission ignorée sur Drive ECHOLINE/01-Internal Ops/A-Veilles et traitement/Veille reg. Luxembourg
[2026-07-06 14:01:06] [WARN] Pas de mappage pour: SERVICES_GENERAUX - Membres () - permission ignorée sur Drive ECHOLINE/01-Internal Ops/A-Veilles et traitement/Veille reg. Luxembourg
[2026-07-06 14:01:07] [SUCCESS] Permission appliquée: Equipe INFRA [write] -> Drive ECHOLINE/01-Internal Ops/A-Veilles et traitement/Veille reg. Luxembourg
[2026-07-06 14:01:07] [WARN] Impossible de résoudre 'grp_test' dans le tenant destination - permission ignorée
[2026-07-06 14:01:07] [WARN] Pas de mappage pour: SERVICES_GENERAUX - Visiteurs () - permission ignorée sur Drive ECHOLINE/01-Internal Ops/A-Veilles et traitement/Veille reg. Luxembourg
[2026-07-06 14:01:07] [SUCCESS] Permission appliquée: User 01 [write] -> Drive ECHOLINE/01-Internal Ops/A-Veilles et traitement/Veille reg. Luxembourg
[2026-07-06 14:01:07] [INFO] Traitement: /Drive ECHOLINE/01-Internal Ops/A-Veilles et traitement/Veille reg. Malaysie/ (6 permission(s))
[2026-07-06 14:01:07] [INFO] === COPIE REELLE: Drive ECHOLINE/01-Internal Ops/A-Veilles et traitement/Veille reg. Malaysie ===
[2026-07-06 14:01:08] [SUCCESS] Dossier cree: Drive ECHOLINE/01-Internal Ops/A-Veilles et traitement/Veille reg. Malaysie
[2026-07-06 14:01:08] [WARN] Impossible de résoudre 'grp_test' dans le tenant destination - permission ignorée
[2026-07-06 14:01:08] [SUCCESS] Permission appliquée: Equipe INFRA [write] -> Drive ECHOLINE/01-Internal Ops/A-Veilles et traitement/Veille reg. Malaysie
[2026-07-06 14:01:08] [SUCCESS] Permission appliquée: User 01 [write] -> Drive ECHOLINE/01-Internal Ops/A-Veilles et traitement/Veille reg. Malaysie
[2026-07-06 14:01:08] [WARN] Pas de mappage pour: SERVICES_GENERAUX - Membres () - permission ignorée sur Drive ECHOLINE/01-Internal Ops/A-Veilles et traitement/Veille reg. Malaysie
[2026-07-06 14:01:08] [WARN] Pas de mappage pour: SERVICES_GENERAUX - Visiteurs () - permission ignorée sur Drive ECHOLINE/01-Internal Ops/A-Veilles et traitement/Veille reg. Malaysie
[2026-07-06 14:01:08] [WARN] Pas de mappage pour: Propriétaires de SERVICES_GENERAUX () - permission ignorée sur Drive ECHOLINE/01-Internal Ops/A-Veilles et traitement/Veille reg. Malaysie
[2026-07-06 14:01:08] [INFO] Traitement: /Drive ECHOLINE/01-Internal Ops/A-Veilles et traitement/Veille reg. Maroc/ (6 permission(s))
[2026-07-06 14:01:08] [INFO] === COPIE REELLE: Drive ECHOLINE/01-Internal Ops/A-Veilles et traitement/Veille reg. Maroc ===
[2026-07-06 14:01:09] [SUCCESS] Dossier cree: Drive ECHOLINE/01-Internal Ops/A-Veilles et traitement/Veille reg. Maroc
[2026-07-06 14:01:10] [SUCCESS] Permission appliquée: Equipe INFRA [write] -> Drive ECHOLINE/01-Internal Ops/A-Veilles et traitement/Veille reg. Maroc
[2026-07-06 14:01:10] [WARN] Pas de mappage pour: Propriétaires de SERVICES_GENERAUX () - permission ignorée sur Drive ECHOLINE/01-Internal Ops/A-Veilles et traitement/Veille reg. Maroc
[2026-07-06 14:01:10] [WARN] Pas de mappage pour: SERVICES_GENERAUX - Visiteurs () - permission ignorée sur Drive ECHOLINE/01-Internal Ops/A-Veilles et traitement/Veille reg. Maroc
[2026-07-06 14:01:10] [WARN] Pas de mappage pour: SERVICES_GENERAUX - Membres () - permission ignorée sur Drive ECHOLINE/01-Internal Ops/A-Veilles et traitement/Veille reg. Maroc
[2026-07-06 14:01:10] [SUCCESS] Permission appliquée: User 01 [write] -> Drive ECHOLINE/01-Internal Ops/A-Veilles et traitement/Veille reg. Maroc
[2026-07-06 14:01:10] [WARN] Impossible de résoudre 'grp_test' dans le tenant destination - permission ignorée
[2026-07-06 14:01:10] [INFO] Traitement: /Drive ECHOLINE/01-Internal Ops/A-Veilles et traitement/Veille reg. Pologne/ (6 permission(s))
[2026-07-06 14:01:10] [INFO] === COPIE REELLE: Drive ECHOLINE/01-Internal Ops/A-Veilles et traitement/Veille reg. Pologne ===
[2026-07-06 14:01:10] [SUCCESS] Dossier cree: Drive ECHOLINE/01-Internal Ops/A-Veilles et traitement/Veille reg. Pologne
[2026-07-06 14:01:11] [WARN] Impossible de résoudre 'grp_test' dans le tenant destination - permission ignorée
[2026-07-06 14:01:11] [WARN] Pas de mappage pour: Propriétaires de SERVICES_GENERAUX () - permission ignorée sur Drive ECHOLINE/01-Internal Ops/A-Veilles et traitement/Veille reg. Pologne
[2026-07-06 14:01:11] [SUCCESS] Permission appliquée: Equipe INFRA [write] -> Drive ECHOLINE/01-Internal Ops/A-Veilles et traitement/Veille reg. Pologne
[2026-07-06 14:01:11] [WARN] Pas de mappage pour: SERVICES_GENERAUX - Visiteurs () - permission ignorée sur Drive ECHOLINE/01-Internal Ops/A-Veilles et traitement/Veille reg. Pologne
[2026-07-06 14:01:11] [WARN] Pas de mappage pour: SERVICES_GENERAUX - Membres () - permission ignorée sur Drive ECHOLINE/01-Internal Ops/A-Veilles et traitement/Veille reg. Pologne
[2026-07-06 14:01:11] [SUCCESS] Permission appliquée: User 01 [write] -> Drive ECHOLINE/01-Internal Ops/A-Veilles et traitement/Veille reg. Pologne
[2026-07-06 14:01:11] [INFO] Traitement: /Drive ECHOLINE/01-Internal Ops/A-Veilles et traitement/Veille reg. Portugal/ (6 permission(s))
[2026-07-06 14:01:11] [INFO] === COPIE REELLE: Drive ECHOLINE/01-Internal Ops/A-Veilles et traitement/Veille reg. Portugal ===
[2026-07-06 14:01:12] [SUCCESS] Dossier cree: Drive ECHOLINE/01-Internal Ops/A-Veilles et traitement/Veille reg. Portugal
[2026-07-06 14:01:12] [WARN] Impossible de résoudre 'grp_test' dans le tenant destination - permission ignorée
[2026-07-06 14:01:12] [SUCCESS] Permission appliquée: Equipe INFRA [write] -> Drive ECHOLINE/01-Internal Ops/A-Veilles et traitement/Veille reg. Portugal
[2026-07-06 14:01:12] [SUCCESS] Permission appliquée: User 01 [write] -> Drive ECHOLINE/01-Internal Ops/A-Veilles et traitement/Veille reg. Portugal
[2026-07-06 14:01:12] [WARN] Pas de mappage pour: SERVICES_GENERAUX - Membres () - permission ignorée sur Drive ECHOLINE/01-Internal Ops/A-Veilles et traitement/Veille reg. Portugal
[2026-07-06 14:01:12] [WARN] Pas de mappage pour: SERVICES_GENERAUX - Visiteurs () - permission ignorée sur Drive ECHOLINE/01-Internal Ops/A-Veilles et traitement/Veille reg. Portugal
[2026-07-06 14:01:12] [WARN] Pas de mappage pour: Propriétaires de SERVICES_GENERAUX () - permission ignorée sur Drive ECHOLINE/01-Internal Ops/A-Veilles et traitement/Veille reg. Portugal
[2026-07-06 14:01:12] [INFO] Traitement: /Drive ECHOLINE/01-Internal Ops/A-Veilles et traitement/Veille reg. Royaume-Uni/ (6 permission(s))
[2026-07-06 14:01:12] [INFO] === COPIE REELLE: Drive ECHOLINE/01-Internal Ops/A-Veilles et traitement/Veille reg. Royaume-Uni ===
[2026-07-06 14:01:13] [SUCCESS] Dossier cree: Drive ECHOLINE/01-Internal Ops/A-Veilles et traitement/Veille reg. Royaume-Uni
[2026-07-06 14:01:13] [SUCCESS] Permission appliquée: User 01 [write] -> Drive ECHOLINE/01-Internal Ops/A-Veilles et traitement/Veille reg. Royaume-Uni
[2026-07-06 14:01:14] [WARN] Pas de mappage pour: Propriétaires de SERVICES_GENERAUX () - permission ignorée sur Drive ECHOLINE/01-Internal Ops/A-Veilles et traitement/Veille reg. Royaume-Uni
[2026-07-06 14:01:14] [WARN] Pas de mappage pour: SERVICES_GENERAUX - Visiteurs () - permission ignorée sur Drive ECHOLINE/01-Internal Ops/A-Veilles et traitement/Veille reg. Royaume-Uni
[2026-07-06 14:01:14] [WARN] Pas de mappage pour: SERVICES_GENERAUX - Membres () - permission ignorée sur Drive ECHOLINE/01-Internal Ops/A-Veilles et traitement/Veille reg. Royaume-Uni
[2026-07-06 14:01:14] [SUCCESS] Permission appliquée: Equipe INFRA [write] -> Drive ECHOLINE/01-Internal Ops/A-Veilles et traitement/Veille reg. Royaume-Uni
[2026-07-06 14:01:14] [WARN] Impossible de résoudre 'grp_test' dans le tenant destination - permission ignorée
[2026-07-06 14:01:14] [INFO] Traitement: /Drive ECHOLINE/01-Internal Ops/A-Veilles et traitement/Veille reg. Singapour/ (6 permission(s))
[2026-07-06 14:01:14] [INFO] === COPIE REELLE: Drive ECHOLINE/01-Internal Ops/A-Veilles et traitement/Veille reg. Singapour ===
[2026-07-06 14:01:15] [SUCCESS] Dossier cree: Drive ECHOLINE/01-Internal Ops/A-Veilles et traitement/Veille reg. Singapour
[2026-07-06 14:01:15] [WARN] Impossible de résoudre 'grp_test' dans le tenant destination - permission ignorée
[2026-07-06 14:01:15] [WARN] Pas de mappage pour: Propriétaires de SERVICES_GENERAUX () - permission ignorée sur Drive ECHOLINE/01-Internal Ops/A-Veilles et traitement/Veille reg. Singapour
[2026-07-06 14:01:15] [WARN] Pas de mappage pour: SERVICES_GENERAUX - Visiteurs () - permission ignorée sur Drive ECHOLINE/01-Internal Ops/A-Veilles et traitement/Veille reg. Singapour
[2026-07-06 14:01:15] [WARN] Pas de mappage pour: SERVICES_GENERAUX - Membres () - permission ignorée sur Drive ECHOLINE/01-Internal Ops/A-Veilles et traitement/Veille reg. Singapour
[2026-07-06 14:01:15] [SUCCESS] Permission appliquée: Equipe INFRA [write] -> Drive ECHOLINE/01-Internal Ops/A-Veilles et traitement/Veille reg. Singapour
[2026-07-06 14:01:15] [SUCCESS] Permission appliquée: User 01 [write] -> Drive ECHOLINE/01-Internal Ops/A-Veilles et traitement/Veille reg. Singapour
[2026-07-06 14:01:15] [INFO] Traitement: /Drive ECHOLINE/01-Internal Ops/A-Veilles et traitement/Veille reg. Suède/ (6 permission(s))
[2026-07-06 14:01:15] [INFO] === COPIE REELLE: Drive ECHOLINE/01-Internal Ops/A-Veilles et traitement/Veille reg. Suède ===
[2026-07-06 14:01:16] [SUCCESS] Dossier cree: Drive ECHOLINE/01-Internal Ops/A-Veilles et traitement/Veille reg. Suède
[2026-07-06 14:01:16] [DEBUG] [404] Item pas encore disponible, retry 1/3 dans 2s: Drive ECHOLINE/01-Internal Ops/A-Veilles et traitement/Veille reg. Suède
[2026-07-06 14:01:18] [DEBUG] [404] Item pas encore disponible, retry 2/3 dans 2s: Drive ECHOLINE/01-Internal Ops/A-Veilles et traitement/Veille reg. Suède
[2026-07-06 14:01:20] [DEBUG] [404] Item pas encore disponible, retry 3/3 dans 2s: Drive ECHOLINE/01-Internal Ops/A-Veilles et traitement/Veille reg. Suède
[2026-07-06 14:01:23] [WARN] Impossible de récupérer l'item destination pour les droits: Drive ECHOLINE/01-Internal Ops/A-Veilles et traitement/Veille reg. Suède - Le serveur distant a retourné une erreur : (404) Introuvable.
[2026-07-06 14:01:23] [INFO] Traitement: /Drive ECHOLINE/01-Internal Ops/A-Veilles et traitement/Veille reg. Suisse/ (6 permission(s))
[2026-07-06 14:01:23] [INFO] === COPIE REELLE: Drive ECHOLINE/01-Internal Ops/A-Veilles et traitement/Veille reg. Suisse ===
[2026-07-06 14:01:23] [SUCCESS] Dossier cree: Drive ECHOLINE/01-Internal Ops/A-Veilles et traitement/Veille reg. Suisse
[2026-07-06 14:01:24] [SUCCESS] Permission appliquée: Equipe INFRA [write] -> Drive ECHOLINE/01-Internal Ops/A-Veilles et traitement/Veille reg. Suisse
[2026-07-06 14:01:24] [SUCCESS] Permission appliquée: User 01 [write] -> Drive ECHOLINE/01-Internal Ops/A-Veilles et traitement/Veille reg. Suisse
[2026-07-06 14:01:24] [WARN] Pas de mappage pour: SERVICES_GENERAUX - Membres () - permission ignorée sur Drive ECHOLINE/01-Internal Ops/A-Veilles et traitement/Veille reg. Suisse
[2026-07-06 14:01:24] [WARN] Pas de mappage pour: Propriétaires de SERVICES_GENERAUX () - permission ignorée sur Drive ECHOLINE/01-Internal Ops/A-Veilles et traitement/Veille reg. Suisse
[2026-07-06 14:01:24] [WARN] Pas de mappage pour: SERVICES_GENERAUX - Visiteurs () - permission ignorée sur Drive ECHOLINE/01-Internal Ops/A-Veilles et traitement/Veille reg. Suisse
[2026-07-06 14:01:24] [WARN] Impossible de résoudre 'grp_test' dans le tenant destination - permission ignorée
[2026-07-06 14:01:24] [INFO] Traitement: /Drive ECHOLINE/01-Internal Ops/A-Veilles et traitement/Veille reg. Tunisie/ (6 permission(s))
[2026-07-06 14:01:24] [INFO] === COPIE REELLE: Drive ECHOLINE/01-Internal Ops/A-Veilles et traitement/Veille reg. Tunisie ===
[2026-07-06 14:01:25] [SUCCESS] Dossier cree: Drive ECHOLINE/01-Internal Ops/A-Veilles et traitement/Veille reg. Tunisie
[2026-07-06 14:01:25] [SUCCESS] Permission appliquée: Equipe INFRA [write] -> Drive ECHOLINE/01-Internal Ops/A-Veilles et traitement/Veille reg. Tunisie
[2026-07-06 14:01:25] [SUCCESS] Permission appliquée: User 01 [write] -> Drive ECHOLINE/01-Internal Ops/A-Veilles et traitement/Veille reg. Tunisie
[2026-07-06 14:01:25] [WARN] Pas de mappage pour: SERVICES_GENERAUX - Membres () - permission ignorée sur Drive ECHOLINE/01-Internal Ops/A-Veilles et traitement/Veille reg. Tunisie
[2026-07-06 14:01:25] [WARN] Pas de mappage pour: SERVICES_GENERAUX - Visiteurs () - permission ignorée sur Drive ECHOLINE/01-Internal Ops/A-Veilles et traitement/Veille reg. Tunisie
[2026-07-06 14:01:25] [WARN] Pas de mappage pour: Propriétaires de SERVICES_GENERAUX () - permission ignorée sur Drive ECHOLINE/01-Internal Ops/A-Veilles et traitement/Veille reg. Tunisie
[2026-07-06 14:01:25] [WARN] Impossible de résoudre 'grp_test' dans le tenant destination - permission ignorée
[2026-07-06 14:01:25] [INFO] Traitement: /Drive ECHOLINE/01-Internal Ops/A-Veilles et traitement/Veille reg. USA/ (6 permission(s))
[2026-07-06 14:01:25] [INFO] === COPIE REELLE: Drive ECHOLINE/01-Internal Ops/A-Veilles et traitement/Veille reg. USA ===
[2026-07-06 14:01:26] [SUCCESS] Dossier cree: Drive ECHOLINE/01-Internal Ops/A-Veilles et traitement/Veille reg. USA
[2026-07-06 14:01:27] [SUCCESS] Permission appliquée: User 01 [write] -> Drive ECHOLINE/01-Internal Ops/A-Veilles et traitement/Veille reg. USA
[2026-07-06 14:01:27] [WARN] Pas de mappage pour: SERVICES_GENERAUX - Membres () - permission ignorée sur Drive ECHOLINE/01-Internal Ops/A-Veilles et traitement/Veille reg. USA
[2026-07-06 14:01:27] [WARN] Pas de mappage pour: SERVICES_GENERAUX - Visiteurs () - permission ignorée sur Drive ECHOLINE/01-Internal Ops/A-Veilles et traitement/Veille reg. USA
[2026-07-06 14:01:27] [WARN] Pas de mappage pour: Propriétaires de SERVICES_GENERAUX () - permission ignorée sur Drive ECHOLINE/01-Internal Ops/A-Veilles et traitement/Veille reg. USA
[2026-07-06 14:01:27] [WARN] Impossible de résoudre 'grp_test' dans le tenant destination - permission ignorée
[2026-07-06 14:01:27] [SUCCESS] Permission appliquée: Equipe INFRA [write] -> Drive ECHOLINE/01-Internal Ops/A-Veilles et traitement/Veille reg. USA
[2026-07-06 14:01:27] [INFO] Traitement: /Drive ECHOLINE/01-Internal Ops/B-Partenaires veille int._/ (6 permission(s))
[2026-07-06 14:01:27] [INFO] === COPIE REELLE: Drive ECHOLINE/01-Internal Ops/B-Partenaires veille int._ ===
[2026-07-06 14:01:28] [SUCCESS] Dossier cree: Drive ECHOLINE/01-Internal Ops/B-Partenaires veille int._
[2026-07-06 14:01:28] [WARN] Impossible de résoudre 'grp_test' dans le tenant destination - permission ignorée
[2026-07-06 14:01:28] [SUCCESS] Permission appliquée: Equipe INFRA [write] -> Drive ECHOLINE/01-Internal Ops/B-Partenaires veille int._
[2026-07-06 14:01:28] [SUCCESS] Permission appliquée: User 01 [write] -> Drive ECHOLINE/01-Internal Ops/B-Partenaires veille int._
[2026-07-06 14:01:28] [WARN] Pas de mappage pour: SERVICES_GENERAUX - Membres () - permission ignorée sur Drive ECHOLINE/01-Internal Ops/B-Partenaires veille int._
[2026-07-06 14:01:28] [WARN] Pas de mappage pour: SERVICES_GENERAUX - Visiteurs () - permission ignorée sur Drive ECHOLINE/01-Internal Ops/B-Partenaires veille int._
[2026-07-06 14:01:28] [WARN] Pas de mappage pour: Propriétaires de SERVICES_GENERAUX () - permission ignorée sur Drive ECHOLINE/01-Internal Ops/B-Partenaires veille int._
[2026-07-06 14:01:28] [INFO] Traitement: /Drive ECHOLINE/01-Internal Ops/B-Partenaires veille int._/Nimonik/ (6 permission(s))
[2026-07-06 14:01:28] [INFO] === COPIE REELLE: Drive ECHOLINE/01-Internal Ops/B-Partenaires veille int._/Nimonik ===
[2026-07-06 14:01:29] [SUCCESS] Dossier cree: Drive ECHOLINE/01-Internal Ops/B-Partenaires veille int._/Nimonik
[2026-07-06 14:01:30] [WARN] Pas de mappage pour: SERVICES_GENERAUX - Membres () - permission ignorée sur Drive ECHOLINE/01-Internal Ops/B-Partenaires veille int._/Nimonik
[2026-07-06 14:01:30] [WARN] Pas de mappage pour: Propriétaires de SERVICES_GENERAUX () - permission ignorée sur Drive ECHOLINE/01-Internal Ops/B-Partenaires veille int._/Nimonik
[2026-07-06 14:01:30] [SUCCESS] Permission appliquée: Equipe INFRA [write] -> Drive ECHOLINE/01-Internal Ops/B-Partenaires veille int._/Nimonik
[2026-07-06 14:01:30] [WARN] Impossible de résoudre 'grp_test' dans le tenant destination - permission ignorée
[2026-07-06 14:01:30] [WARN] Pas de mappage pour: SERVICES_GENERAUX - Visiteurs () - permission ignorée sur Drive ECHOLINE/01-Internal Ops/B-Partenaires veille int._/Nimonik
[2026-07-06 14:01:30] [SUCCESS] Permission appliquée: User 01 [write] -> Drive ECHOLINE/01-Internal Ops/B-Partenaires veille int._/Nimonik
[2026-07-06 14:01:30] [INFO] Traitement: /Drive ECHOLINE/01-Internal Ops/B-Partenaires veille int._/Notisum/ (6 permission(s))
[2026-07-06 14:01:30] [INFO] === COPIE REELLE: Drive ECHOLINE/01-Internal Ops/B-Partenaires veille int._/Notisum ===
[2026-07-06 14:01:31] [SUCCESS] Dossier cree: Drive ECHOLINE/01-Internal Ops/B-Partenaires veille int._/Notisum
[2026-07-06 14:01:31] [WARN] Pas de mappage pour: Propriétaires de SERVICES_GENERAUX () - permission ignorée sur Drive ECHOLINE/01-Internal Ops/B-Partenaires veille int._/Notisum
[2026-07-06 14:01:31] [WARN] Pas de mappage pour: SERVICES_GENERAUX - Visiteurs () - permission ignorée sur Drive ECHOLINE/01-Internal Ops/B-Partenaires veille int._/Notisum
[2026-07-06 14:01:31] [WARN] Pas de mappage pour: SERVICES_GENERAUX - Membres () - permission ignorée sur Drive ECHOLINE/01-Internal Ops/B-Partenaires veille int._/Notisum
[2026-07-06 14:01:31] [SUCCESS] Permission appliquée: User 01 [write] -> Drive ECHOLINE/01-Internal Ops/B-Partenaires veille int._/Notisum
[2026-07-06 14:01:31] [SUCCESS] Permission appliquée: Equipe INFRA [write] -> Drive ECHOLINE/01-Internal Ops/B-Partenaires veille int._/Notisum
[2026-07-06 14:01:31] [WARN] Impossible de résoudre 'grp_test' dans le tenant destination - permission ignorée
[2026-07-06 14:01:31] [INFO] Traitement: /Drive ECHOLINE/01-Internal Ops/B-Partenaires veille int._/ZZ-Archives/ (6 permission(s))
[2026-07-06 14:01:31] [INFO] === COPIE REELLE: Drive ECHOLINE/01-Internal Ops/B-Partenaires veille int._/ZZ-Archives ===
[2026-07-06 14:01:32] [SUCCESS] Dossier cree: Drive ECHOLINE/01-Internal Ops/B-Partenaires veille int._/ZZ-Archives
[2026-07-06 14:01:32] [WARN] Impossible de résoudre 'grp_test' dans le tenant destination - permission ignorée
[2026-07-06 14:01:32] [WARN] Pas de mappage pour: SERVICES_GENERAUX - Visiteurs () - permission ignorée sur Drive ECHOLINE/01-Internal Ops/B-Partenaires veille int._/ZZ-Archives
[2026-07-06 14:01:32] [SUCCESS] Permission appliquée: Equipe INFRA [write] -> Drive ECHOLINE/01-Internal Ops/B-Partenaires veille int._/ZZ-Archives
[2026-07-06 14:01:32] [WARN] Pas de mappage pour: SERVICES_GENERAUX - Membres () - permission ignorée sur Drive ECHOLINE/01-Internal Ops/B-Partenaires veille int._/ZZ-Archives
[2026-07-06 14:01:33] [SUCCESS] Permission appliquée: User 01 [write] -> Drive ECHOLINE/01-Internal Ops/B-Partenaires veille int._/ZZ-Archives
[2026-07-06 14:01:33] [WARN] Pas de mappage pour: Propriétaires de SERVICES_GENERAUX () - permission ignorée sur Drive ECHOLINE/01-Internal Ops/B-Partenaires veille int._/ZZ-Archives
[2026-07-06 14:01:33] [INFO] Traitement: /Drive ECHOLINE/01-Internal Ops/C-Projets/ (6 permission(s))
[2026-07-06 14:01:33] [INFO] === COPIE REELLE: Drive ECHOLINE/01-Internal Ops/C-Projets ===
[2026-07-06 14:01:33] [SUCCESS] Dossier cree: Drive ECHOLINE/01-Internal Ops/C-Projets
[2026-07-06 14:01:33] [WARN] Impossible de résoudre 'grp_test' dans le tenant destination - permission ignorée
[2026-07-06 14:01:34] [SUCCESS] Permission appliquée: Equipe INFRA [write] -> Drive ECHOLINE/01-Internal Ops/C-Projets
[2026-07-06 14:01:34] [SUCCESS] Permission appliquée: User 01 [write] -> Drive ECHOLINE/01-Internal Ops/C-Projets
[2026-07-06 14:01:34] [WARN] Pas de mappage pour: SERVICES_GENERAUX - Membres () - permission ignorée sur Drive ECHOLINE/01-Internal Ops/C-Projets
[2026-07-06 14:01:34] [WARN] Pas de mappage pour: SERVICES_GENERAUX - Visiteurs () - permission ignorée sur Drive ECHOLINE/01-Internal Ops/C-Projets
[2026-07-06 14:01:34] [WARN] Pas de mappage pour: Propriétaires de SERVICES_GENERAUX () - permission ignorée sur Drive ECHOLINE/01-Internal Ops/C-Projets
[2026-07-06 14:01:34] [INFO] Traitement: /Drive ECHOLINE/01-Internal Ops/C-Projets/Fiches thématiques/ (6 permission(s))
[2026-07-06 14:01:34] [INFO] === COPIE REELLE: Drive ECHOLINE/01-Internal Ops/C-Projets/Fiches thématiques ===
[2026-07-06 14:01:35] [SUCCESS] Dossier cree: Drive ECHOLINE/01-Internal Ops/C-Projets/Fiches thématiques
[2026-07-06 14:01:35] [DEBUG] [404] Item pas encore disponible, retry 1/3 dans 2s: Drive ECHOLINE/01-Internal Ops/C-Projets/Fiches thématiques
[2026-07-06 14:01:37] [DEBUG] [404] Item pas encore disponible, retry 2/3 dans 2s: Drive ECHOLINE/01-Internal Ops/C-Projets/Fiches thématiques
[2026-07-06 14:01:39] [DEBUG] [404] Item pas encore disponible, retry 3/3 dans 2s: Drive ECHOLINE/01-Internal Ops/C-Projets/Fiches thématiques
[2026-07-06 14:01:41] [WARN] Impossible de récupérer l'item destination pour les droits: Drive ECHOLINE/01-Internal Ops/C-Projets/Fiches thématiques - Le serveur distant a retourné une erreur : (404) Introuvable.
[2026-07-06 14:01:41] [INFO] Traitement: /Drive ECHOLINE/01-Internal Ops/C-Projets/Normes/ (6 permission(s))
[2026-07-06 14:01:41] [INFO] === COPIE REELLE: Drive ECHOLINE/01-Internal Ops/C-Projets/Normes ===
[2026-07-06 14:01:42] [SUCCESS] Dossier cree: Drive ECHOLINE/01-Internal Ops/C-Projets/Normes
[2026-07-06 14:01:42] [WARN] Impossible de résoudre 'grp_test' dans le tenant destination - permission ignorée
[2026-07-06 14:01:42] [WARN] Pas de mappage pour: SERVICES_GENERAUX - Visiteurs () - permission ignorée sur Drive ECHOLINE/01-Internal Ops/C-Projets/Normes
[2026-07-06 14:01:42] [WARN] Pas de mappage pour: SERVICES_GENERAUX - Membres () - permission ignorée sur Drive ECHOLINE/01-Internal Ops/C-Projets/Normes
[2026-07-06 14:01:42] [SUCCESS] Permission appliquée: User 01 [write] -> Drive ECHOLINE/01-Internal Ops/C-Projets/Normes
[2026-07-06 14:01:43] [SUCCESS] Permission appliquée: Equipe INFRA [write] -> Drive ECHOLINE/01-Internal Ops/C-Projets/Normes
[2026-07-06 14:01:43] [WARN] Pas de mappage pour: Propriétaires de SERVICES_GENERAUX () - permission ignorée sur Drive ECHOLINE/01-Internal Ops/C-Projets/Normes
[2026-07-06 14:01:43] [INFO] Traitement: /Drive ECHOLINE/01-Internal Ops/C-Projets/Projet QSE Veille/ (6 permission(s))
[2026-07-06 14:01:43] [INFO] === COPIE REELLE: Drive ECHOLINE/01-Internal Ops/C-Projets/Projet QSE Veille ===
[2026-07-06 14:01:43] [SUCCESS] Dossier cree: Drive ECHOLINE/01-Internal Ops/C-Projets/Projet QSE Veille
[2026-07-06 14:01:44] [WARN] Pas de mappage pour: Propriétaires de SERVICES_GENERAUX () - permission ignorée sur Drive ECHOLINE/01-Internal Ops/C-Projets/Projet QSE Veille
[2026-07-06 14:01:44] [WARN] Impossible de résoudre 'grp_test' dans le tenant destination - permission ignorée
[2026-07-06 14:01:44] [SUCCESS] Permission appliquée: Equipe INFRA [write] -> Drive ECHOLINE/01-Internal Ops/C-Projets/Projet QSE Veille
[2026-07-06 14:01:44] [SUCCESS] Permission appliquée: User 01 [write] -> Drive ECHOLINE/01-Internal Ops/C-Projets/Projet QSE Veille
[2026-07-06 14:01:44] [WARN] Pas de mappage pour: SERVICES_GENERAUX - Membres () - permission ignorée sur Drive ECHOLINE/01-Internal Ops/C-Projets/Projet QSE Veille
[2026-07-06 14:01:44] [WARN] Pas de mappage pour: SERVICES_GENERAUX - Visiteurs () - permission ignorée sur Drive ECHOLINE/01-Internal Ops/C-Projets/Projet QSE Veille
[2026-07-06 14:01:44] [INFO] Traitement: /Drive ECHOLINE/01-Internal Ops/D-OKRs-KPIs/ (6 permission(s))
[2026-07-06 14:01:44] [INFO] === COPIE REELLE: Drive ECHOLINE/01-Internal Ops/D-OKRs-KPIs ===
[2026-07-06 14:01:45] [SUCCESS] Dossier cree: Drive ECHOLINE/01-Internal Ops/D-OKRs-KPIs
[2026-07-06 14:01:45] [WARN] Pas de mappage pour: Propriétaires de SERVICES_GENERAUX () - permission ignorée sur Drive ECHOLINE/01-Internal Ops/D-OKRs-KPIs
[2026-07-06 14:01:45] [WARN] Pas de mappage pour: SERVICES_GENERAUX - Membres () - permission ignorée sur Drive ECHOLINE/01-Internal Ops/D-OKRs-KPIs
[2026-07-06 14:01:45] [SUCCESS] Permission appliquée: Equipe INFRA [write] -> Drive ECHOLINE/01-Internal Ops/D-OKRs-KPIs
[2026-07-06 14:01:45] [WARN] Impossible de résoudre 'grp_test' dans le tenant destination - permission ignorée
[2026-07-06 14:01:45] [WARN] Pas de mappage pour: SERVICES_GENERAUX - Visiteurs () - permission ignorée sur Drive ECHOLINE/01-Internal Ops/D-OKRs-KPIs
[2026-07-06 14:01:45] [SUCCESS] Permission appliquée: User 01 [write] -> Drive ECHOLINE/01-Internal Ops/D-OKRs-KPIs
[2026-07-06 14:01:45] [INFO] Traitement: /Drive ECHOLINE/01-Internal Ops/E-Ressources juridiques/ (6 permission(s))
[2026-07-06 14:01:45] [INFO] === COPIE REELLE: Drive ECHOLINE/01-Internal Ops/E-Ressources juridiques ===
[2026-07-06 14:01:46] [SUCCESS] Dossier cree: Drive ECHOLINE/01-Internal Ops/E-Ressources juridiques
[2026-07-06 14:01:46] [WARN] Impossible de résoudre 'grp_test' dans le tenant destination - permission ignorée
[2026-07-06 14:01:46] [SUCCESS] Permission appliquée: Equipe INFRA [write] -> Drive ECHOLINE/01-Internal Ops/E-Ressources juridiques
[2026-07-06 14:01:46] [SUCCESS] Permission appliquée: User 01 [write] -> Drive ECHOLINE/01-Internal Ops/E-Ressources juridiques
[2026-07-06 14:01:46] [WARN] Pas de mappage pour: SERVICES_GENERAUX - Membres () - permission ignorée sur Drive ECHOLINE/01-Internal Ops/E-Ressources juridiques
[2026-07-06 14:01:46] [WARN] Pas de mappage pour: SERVICES_GENERAUX - Visiteurs () - permission ignorée sur Drive ECHOLINE/01-Internal Ops/E-Ressources juridiques
[2026-07-06 14:01:46] [WARN] Pas de mappage pour: Propriétaires de SERVICES_GENERAUX () - permission ignorée sur Drive ECHOLINE/01-Internal Ops/E-Ressources juridiques
[2026-07-06 14:01:46] [INFO] Traitement: /Drive ECHOLINE/01-Internal Ops/E-Ressources juridiques/Environnement/ (6 permission(s))
[2026-07-06 14:01:46] [INFO] === COPIE REELLE: Drive ECHOLINE/01-Internal Ops/E-Ressources juridiques/Environnement ===
[2026-07-06 14:01:47] [SUCCESS] Dossier cree: Drive ECHOLINE/01-Internal Ops/E-Ressources juridiques/Environnement
[2026-07-06 14:01:48] [SUCCESS] Permission appliquée: Equipe INFRA [write] -> Drive ECHOLINE/01-Internal Ops/E-Ressources juridiques/Environnement
[2026-07-06 14:01:48] [WARN] Pas de mappage pour: Propriétaires de SERVICES_GENERAUX () - permission ignorée sur Drive ECHOLINE/01-Internal Ops/E-Ressources juridiques/Environnement
[2026-07-06 14:01:48] [WARN] Pas de mappage pour: SERVICES_GENERAUX - Visiteurs () - permission ignorée sur Drive ECHOLINE/01-Internal Ops/E-Ressources juridiques/Environnement
[2026-07-06 14:01:48] [WARN] Pas de mappage pour: SERVICES_GENERAUX - Membres () - permission ignorée sur Drive ECHOLINE/01-Internal Ops/E-Ressources juridiques/Environnement
[2026-07-06 14:01:48] [SUCCESS] Permission appliquée: User 01 [write] -> Drive ECHOLINE/01-Internal Ops/E-Ressources juridiques/Environnement
[2026-07-06 14:01:48] [WARN] Impossible de résoudre 'grp_test' dans le tenant destination - permission ignorée
[2026-07-06 14:01:48] [INFO] Traitement: /Drive ECHOLINE/01-Internal Ops/E-Ressources juridiques/Sécurité au travail/ (6 permission(s))
[2026-07-06 14:01:48] [INFO] === COPIE REELLE: Drive ECHOLINE/01-Internal Ops/E-Ressources juridiques/Sécurité au travail ===
[2026-07-06 14:01:49] [SUCCESS] Dossier cree: Drive ECHOLINE/01-Internal Ops/E-Ressources juridiques/Sécurité au travail
[2026-07-06 14:01:49] [DEBUG] [404] Item pas encore disponible, retry 1/3 dans 2s: Drive ECHOLINE/01-Internal Ops/E-Ressources juridiques/Sécurité au travail
[2026-07-06 14:01:51] [DEBUG] [404] Item pas encore disponible, retry 2/3 dans 2s: Drive ECHOLINE/01-Internal Ops/E-Ressources juridiques/Sécurité au travail
[2026-07-06 14:01:53] [DEBUG] [404] Item pas encore disponible, retry 3/3 dans 2s: Drive ECHOLINE/01-Internal Ops/E-Ressources juridiques/Sécurité au travail
[2026-07-06 14:01:55] [WARN] Impossible de récupérer l'item destination pour les droits: Drive ECHOLINE/01-Internal Ops/E-Ressources juridiques/Sécurité au travail - Le serveur distant a retourné une erreur : (404) Introuvable.
[2026-07-06 14:01:55] [INFO] Traitement: /Drive ECHOLINE/01-Internal Ops/ZZ-Archives/ (6 permission(s))
[2026-07-06 14:01:55] [INFO] === COPIE REELLE: Drive ECHOLINE/01-Internal Ops/ZZ-Archives ===
[2026-07-06 14:01:56] [SUCCESS] Dossier cree: Drive ECHOLINE/01-Internal Ops/ZZ-Archives
[2026-07-06 14:01:56] [WARN] Impossible de résoudre 'grp_test' dans le tenant destination - permission ignorée
[2026-07-06 14:01:56] [SUCCESS] Permission appliquée: Equipe INFRA [write] -> Drive ECHOLINE/01-Internal Ops/ZZ-Archives
[2026-07-06 14:01:56] [SUCCESS] Permission appliquée: User 01 [write] -> Drive ECHOLINE/01-Internal Ops/ZZ-Archives
[2026-07-06 14:01:56] [WARN] Pas de mappage pour: SERVICES_GENERAUX - Membres () - permission ignorée sur Drive ECHOLINE/01-Internal Ops/ZZ-Archives
[2026-07-06 14:01:56] [WARN] Pas de mappage pour: SERVICES_GENERAUX - Visiteurs () - permission ignorée sur Drive ECHOLINE/01-Internal Ops/ZZ-Archives
[2026-07-06 14:01:56] [WARN] Pas de mappage pour: Propriétaires de SERVICES_GENERAUX () - permission ignorée sur Drive ECHOLINE/01-Internal Ops/ZZ-Archives
[2026-07-06 14:01:56] [INFO] Traitement: /Drive ECHOLINE/01-Internal Ops/ZZ-Archives/Check List - Traitement/ (6 permission(s))
[2026-07-06 14:01:56] [INFO] === COPIE REELLE: Drive ECHOLINE/01-Internal Ops/ZZ-Archives/Check List - Traitement ===
[2026-07-06 14:01:57] [SUCCESS] Dossier cree: Drive ECHOLINE/01-Internal Ops/ZZ-Archives/Check List - Traitement
[2026-07-06 14:01:57] [WARN] Pas de mappage pour: SERVICES_GENERAUX - Visiteurs () - permission ignorée sur Drive ECHOLINE/01-Internal Ops/ZZ-Archives/Check List - Traitement
[2026-07-06 14:01:57] [WARN] Pas de mappage pour: Propriétaires de SERVICES_GENERAUX () - permission ignorée sur Drive ECHOLINE/01-Internal Ops/ZZ-Archives/Check List - Traitement
[2026-07-06 14:01:57] [WARN] Pas de mappage pour: SERVICES_GENERAUX - Membres () - permission ignorée sur Drive ECHOLINE/01-Internal Ops/ZZ-Archives/Check List - Traitement
[2026-07-06 14:01:58] [SUCCESS] Permission appliquée: User 01 [write] -> Drive ECHOLINE/01-Internal Ops/ZZ-Archives/Check List - Traitement
[2026-07-06 14:01:58] [SUCCESS] Permission appliquée: Equipe INFRA [write] -> Drive ECHOLINE/01-Internal Ops/ZZ-Archives/Check List - Traitement
[2026-07-06 14:01:58] [WARN] Impossible de résoudre 'grp_test' dans le tenant destination - permission ignorée
[2026-07-06 14:01:58] [INFO] Traitement: /Drive ECHOLINE/01-Internal Ops/ZZ-Archives/Process et procédures/ (6 permission(s))
[2026-07-06 14:01:58] [INFO] === COPIE REELLE: Drive ECHOLINE/01-Internal Ops/ZZ-Archives/Process et procédures ===
[2026-07-06 14:01:59] [SUCCESS] Dossier cree: Drive ECHOLINE/01-Internal Ops/ZZ-Archives/Process et procédures
[2026-07-06 14:01:59] [DEBUG] [404] Item pas encore disponible, retry 1/3 dans 2s: Drive ECHOLINE/01-Internal Ops/ZZ-Archives/Process et procédures
[2026-07-06 14:02:01] [DEBUG] [404] Item pas encore disponible, retry 2/3 dans 2s: Drive ECHOLINE/01-Internal Ops/ZZ-Archives/Process et procédures
[2026-07-06 14:02:03] [DEBUG] [404] Item pas encore disponible, retry 3/3 dans 2s: Drive ECHOLINE/01-Internal Ops/ZZ-Archives/Process et procédures
[2026-07-06 14:02:05] [WARN] Impossible de récupérer l'item destination pour les droits: Drive ECHOLINE/01-Internal Ops/ZZ-Archives/Process et procédures - Le serveur distant a retourné une erreur : (404) Introuvable.
[2026-07-06 14:02:05] [INFO] Traitement: /Drive ECHOLINE/01-Internal Ops/ZZ-Archives/Questionnaires/ (6 permission(s))
[2026-07-06 14:02:05] [INFO] === COPIE REELLE: Drive ECHOLINE/01-Internal Ops/ZZ-Archives/Questionnaires ===
[2026-07-06 14:02:06] [SUCCESS] Dossier cree: Drive ECHOLINE/01-Internal Ops/ZZ-Archives/Questionnaires
[2026-07-06 14:02:06] [WARN] Impossible de résoudre 'grp_test' dans le tenant destination - permission ignorée
[2026-07-06 14:02:06] [SUCCESS] Permission appliquée: Equipe INFRA [write] -> Drive ECHOLINE/01-Internal Ops/ZZ-Archives/Questionnaires
[2026-07-06 14:02:07] [SUCCESS] Permission appliquée: User 01 [write] -> Drive ECHOLINE/01-Internal Ops/ZZ-Archives/Questionnaires
[2026-07-06 14:02:07] [WARN] Pas de mappage pour: SERVICES_GENERAUX - Membres () - permission ignorée sur Drive ECHOLINE/01-Internal Ops/ZZ-Archives/Questionnaires
[2026-07-06 14:02:07] [WARN] Pas de mappage pour: SERVICES_GENERAUX - Visiteurs () - permission ignorée sur Drive ECHOLINE/01-Internal Ops/ZZ-Archives/Questionnaires
[2026-07-06 14:02:07] [WARN] Pas de mappage pour: Propriétaires de SERVICES_GENERAUX () - permission ignorée sur Drive ECHOLINE/01-Internal Ops/ZZ-Archives/Questionnaires
[2026-07-06 14:02:07] [INFO] Traitement: /Drive ECHOLINE/01-Internal Ops/ZZ-Archives/Thématiques/ (6 permission(s))
[2026-07-06 14:02:07] [INFO] === COPIE REELLE: Drive ECHOLINE/01-Internal Ops/ZZ-Archives/Thématiques ===
[2026-07-06 14:02:08] [SUCCESS] Dossier cree: Drive ECHOLINE/01-Internal Ops/ZZ-Archives/Thématiques
[2026-07-06 14:02:08] [DEBUG] [404] Item pas encore disponible, retry 1/3 dans 2s: Drive ECHOLINE/01-Internal Ops/ZZ-Archives/Thématiques
[2026-07-06 14:02:10] [DEBUG] [404] Item pas encore disponible, retry 2/3 dans 2s: Drive ECHOLINE/01-Internal Ops/ZZ-Archives/Thématiques
[2026-07-06 14:02:12] [DEBUG] [404] Item pas encore disponible, retry 3/3 dans 2s: Drive ECHOLINE/01-Internal Ops/ZZ-Archives/Thématiques
[2026-07-06 14:02:14] [WARN] Impossible de récupérer l'item destination pour les droits: Drive ECHOLINE/01-Internal Ops/ZZ-Archives/Thématiques - Le serveur distant a retourné une erreur : (404) Introuvable.
[2026-07-06 14:02:14] [INFO] Traitement: /Drive ECHOLINE/02-External Ops/ (6 permission(s))
[2026-07-06 14:02:14] [INFO] === COPIE REELLE: Drive ECHOLINE/02-External Ops ===
[2026-07-06 14:02:15] [SUCCESS] Dossier cree: Drive ECHOLINE/02-External Ops
[2026-07-06 14:02:15] [SUCCESS] Permission appliquée: Equipe INFRA [write] -> Drive ECHOLINE/02-External Ops
[2026-07-06 14:02:15] [SUCCESS] Permission appliquée: User 01 [write] -> Drive ECHOLINE/02-External Ops
[2026-07-06 14:02:15] [WARN] Pas de mappage pour: SERVICES_GENERAUX - Membres () - permission ignorée sur Drive ECHOLINE/02-External Ops
[2026-07-06 14:02:15] [WARN] Pas de mappage pour: SERVICES_GENERAUX - Visiteurs () - permission ignorée sur Drive ECHOLINE/02-External Ops
[2026-07-06 14:02:15] [WARN] Pas de mappage pour: Propriétaires de SERVICES_GENERAUX () - permission ignorée sur Drive ECHOLINE/02-External Ops
[2026-07-06 14:02:15] [WARN] Impossible de résoudre 'grp_test' dans le tenant destination - permission ignorée
[2026-07-06 14:02:15] [INFO] Traitement: /Drive ECHOLINE/02-External Ops/A-Suivi prod/ (6 permission(s))
[2026-07-06 14:02:15] [INFO] === COPIE REELLE: Drive ECHOLINE/02-External Ops/A-Suivi prod ===
[2026-07-06 14:02:16] [SUCCESS] Dossier cree: Drive ECHOLINE/02-External Ops/A-Suivi prod
[2026-07-06 14:02:17] [SUCCESS] Permission appliquée: User 01 [write] -> Drive ECHOLINE/02-External Ops/A-Suivi prod
[2026-07-06 14:02:17] [WARN] Pas de mappage pour: SERVICES_GENERAUX - Membres () - permission ignorée sur Drive ECHOLINE/02-External Ops/A-Suivi prod
[2026-07-06 14:02:17] [WARN] Pas de mappage pour: SERVICES_GENERAUX - Visiteurs () - permission ignorée sur Drive ECHOLINE/02-External Ops/A-Suivi prod
[2026-07-06 14:02:17] [WARN] Pas de mappage pour: Propriétaires de SERVICES_GENERAUX () - permission ignorée sur Drive ECHOLINE/02-External Ops/A-Suivi prod
[2026-07-06 14:02:17] [WARN] Impossible de résoudre 'grp_test' dans le tenant destination - permission ignorée
[2026-07-06 14:02:17] [SUCCESS] Permission appliquée: Equipe INFRA [write] -> Drive ECHOLINE/02-External Ops/A-Suivi prod
[2026-07-06 14:02:17] [INFO] Traitement: /Drive ECHOLINE/02-External Ops/B-Clients/ (6 permission(s))
[2026-07-06 14:02:17] [INFO] === COPIE REELLE: Drive ECHOLINE/02-External Ops/B-Clients ===
[2026-07-06 14:02:18] [SUCCESS] Dossier cree: Drive ECHOLINE/02-External Ops/B-Clients
[2026-07-06 14:02:18] [WARN] Impossible de résoudre 'grp_test' dans le tenant destination - permission ignorée
[2026-07-06 14:02:18] [SUCCESS] Permission appliquée: User 01 [write] -> Drive ECHOLINE/02-External Ops/B-Clients
[2026-07-06 14:02:18] [WARN] Pas de mappage pour: SERVICES_GENERAUX - Membres () - permission ignorée sur Drive ECHOLINE/02-External Ops/B-Clients
[2026-07-06 14:02:18] [WARN] Pas de mappage pour: SERVICES_GENERAUX - Visiteurs () - permission ignorée sur Drive ECHOLINE/02-External Ops/B-Clients
[2026-07-06 14:02:18] [WARN] Pas de mappage pour: Propriétaires de SERVICES_GENERAUX () - permission ignorée sur Drive ECHOLINE/02-External Ops/B-Clients
[2026-07-06 14:02:18] [SUCCESS] Permission appliquée: Equipe INFRA [write] -> Drive ECHOLINE/02-External Ops/B-Clients
[2026-07-06 14:02:18] [INFO] Traitement: /Drive ECHOLINE/02-External Ops/C-Services/ (6 permission(s))
[2026-07-06 14:02:18] [INFO] === COPIE REELLE: Drive ECHOLINE/02-External Ops/C-Services ===
[2026-07-06 14:02:19] [SUCCESS] Dossier cree: Drive ECHOLINE/02-External Ops/C-Services
[2026-07-06 14:02:19] [WARN] Pas de mappage pour: SERVICES_GENERAUX - Visiteurs () - permission ignorée sur Drive ECHOLINE/02-External Ops/C-Services
[2026-07-06 14:02:19] [WARN] Pas de mappage pour: Propriétaires de SERVICES_GENERAUX () - permission ignorée sur Drive ECHOLINE/02-External Ops/C-Services
[2026-07-06 14:02:19] [WARN] Pas de mappage pour: SERVICES_GENERAUX - Membres () - permission ignorée sur Drive ECHOLINE/02-External Ops/C-Services
[2026-07-06 14:02:19] [WARN] Impossible de résoudre 'grp_test' dans le tenant destination - permission ignorée
[2026-07-06 14:02:19] [SUCCESS] Permission appliquée: Equipe INFRA [write] -> Drive ECHOLINE/02-External Ops/C-Services
[2026-07-06 14:02:20] [SUCCESS] Permission appliquée: User 01 [write] -> Drive ECHOLINE/02-External Ops/C-Services
[2026-07-06 14:02:20] [INFO] Traitement: /Drive ECHOLINE/02-External Ops/D-Projets/ (6 permission(s))
[2026-07-06 14:02:20] [INFO] === COPIE REELLE: Drive ECHOLINE/02-External Ops/D-Projets ===
[2026-07-06 14:02:20] [SUCCESS] Dossier cree: Drive ECHOLINE/02-External Ops/D-Projets
[2026-07-06 14:02:21] [WARN] Impossible de résoudre 'grp_test' dans le tenant destination - permission ignorée
[2026-07-06 14:02:21] [SUCCESS] Permission appliquée: Equipe INFRA [write] -> Drive ECHOLINE/02-External Ops/D-Projets
[2026-07-06 14:02:21] [SUCCESS] Permission appliquée: User 01 [write] -> Drive ECHOLINE/02-External Ops/D-Projets
[2026-07-06 14:02:21] [WARN] Pas de mappage pour: SERVICES_GENERAUX - Membres () - permission ignorée sur Drive ECHOLINE/02-External Ops/D-Projets
[2026-07-06 14:02:21] [WARN] Pas de mappage pour: SERVICES_GENERAUX - Visiteurs () - permission ignorée sur Drive ECHOLINE/02-External Ops/D-Projets
[2026-07-06 14:02:21] [WARN] Pas de mappage pour: Propriétaires de SERVICES_GENERAUX () - permission ignorée sur Drive ECHOLINE/02-External Ops/D-Projets
[2026-07-06 14:02:21] [INFO] Traitement: /Drive ECHOLINE/02-External Ops/ZZ-Archives/ (6 permission(s))
[2026-07-06 14:02:21] [INFO] === COPIE REELLE: Drive ECHOLINE/02-External Ops/ZZ-Archives ===
[2026-07-06 14:02:22] [SUCCESS] Dossier cree: Drive ECHOLINE/02-External Ops/ZZ-Archives
[2026-07-06 14:02:22] [WARN] Pas de mappage pour: SERVICES_GENERAUX - Visiteurs () - permission ignorée sur Drive ECHOLINE/02-External Ops/ZZ-Archives
[2026-07-06 14:02:22] [SUCCESS] Permission appliquée: User 01 [write] -> Drive ECHOLINE/02-External Ops/ZZ-Archives
[2026-07-06 14:02:22] [SUCCESS] Permission appliquée: Equipe INFRA [write] -> Drive ECHOLINE/02-External Ops/ZZ-Archives
[2026-07-06 14:02:22] [WARN] Impossible de résoudre 'grp_test' dans le tenant destination - permission ignorée
[2026-07-06 14:02:22] [WARN] Pas de mappage pour: Propriétaires de SERVICES_GENERAUX () - permission ignorée sur Drive ECHOLINE/02-External Ops/ZZ-Archives
[2026-07-06 14:02:22] [WARN] Pas de mappage pour: SERVICES_GENERAUX - Membres () - permission ignorée sur Drive ECHOLINE/02-External Ops/ZZ-Archives
[2026-07-06 14:02:22] [INFO] Traitement: /Drive ECHOLINE/03-Customer Care/ (6 permission(s))
[2026-07-06 14:02:22] [INFO] === COPIE REELLE: Drive ECHOLINE/03-Customer Care ===
[2026-07-06 14:02:23] [SUCCESS] Dossier cree: Drive ECHOLINE/03-Customer Care
[2026-07-06 14:02:23] [WARN] Impossible de résoudre 'grp_test' dans le tenant destination - permission ignorée
[2026-07-06 14:02:23] [WARN] Pas de mappage pour: Propriétaires de SERVICES_GENERAUX () - permission ignorée sur Drive ECHOLINE/03-Customer Care
[2026-07-06 14:02:23] [WARN] Pas de mappage pour: SERVICES_GENERAUX - Visiteurs () - permission ignorée sur Drive ECHOLINE/03-Customer Care
[2026-07-06 14:02:23] [WARN] Pas de mappage pour: SERVICES_GENERAUX - Membres () - permission ignorée sur Drive ECHOLINE/03-Customer Care
[2026-07-06 14:02:23] [SUCCESS] Permission appliquée: User 01 [write] -> Drive ECHOLINE/03-Customer Care
[2026-07-06 14:02:23] [SUCCESS] Permission appliquée: Equipe INFRA [write] -> Drive ECHOLINE/03-Customer Care
[2026-07-06 14:02:23] [INFO] Traitement: /Drive ECHOLINE/03-Customer Care/A-Hotline/ (6 permission(s))
[2026-07-06 14:02:23] [INFO] === COPIE REELLE: Drive ECHOLINE/03-Customer Care/A-Hotline ===
[2026-07-06 14:02:24] [SUCCESS] Dossier cree: Drive ECHOLINE/03-Customer Care/A-Hotline
[2026-07-06 14:02:24] [WARN] Pas de mappage pour: Propriétaires de SERVICES_GENERAUX () - permission ignorée sur Drive ECHOLINE/03-Customer Care/A-Hotline
[2026-07-06 14:02:24] [WARN] Pas de mappage pour: SERVICES_GENERAUX - Visiteurs () - permission ignorée sur Drive ECHOLINE/03-Customer Care/A-Hotline
[2026-07-06 14:02:24] [SUCCESS] Permission appliquée: Equipe INFRA [write] -> Drive ECHOLINE/03-Customer Care/A-Hotline
[2026-07-06 14:02:24] [WARN] Pas de mappage pour: SERVICES_GENERAUX - Membres () - permission ignorée sur Drive ECHOLINE/03-Customer Care/A-Hotline
[2026-07-06 14:02:25] [SUCCESS] Permission appliquée: User 01 [write] -> Drive ECHOLINE/03-Customer Care/A-Hotline
[2026-07-06 14:02:25] [WARN] Impossible de résoudre 'grp_test' dans le tenant destination - permission ignorée
[2026-07-06 14:02:25] [INFO] Traitement: /Drive ECHOLINE/03-Customer Care/A-Hotline/Téléphone/ (6 permission(s))
[2026-07-06 14:02:25] [INFO] === COPIE REELLE: Drive ECHOLINE/03-Customer Care/A-Hotline/Téléphone ===
[2026-07-06 14:02:25] [SUCCESS] Dossier cree: Drive ECHOLINE/03-Customer Care/A-Hotline/Téléphone
[2026-07-06 14:02:25] [DEBUG] [404] Item pas encore disponible, retry 1/3 dans 2s: Drive ECHOLINE/03-Customer Care/A-Hotline/Téléphone
[2026-07-06 14:02:28] [DEBUG] [404] Item pas encore disponible, retry 2/3 dans 2s: Drive ECHOLINE/03-Customer Care/A-Hotline/Téléphone
[2026-07-06 14:02:30] [DEBUG] [404] Item pas encore disponible, retry 3/3 dans 2s: Drive ECHOLINE/03-Customer Care/A-Hotline/Téléphone
[2026-07-06 14:02:32] [WARN] Impossible de récupérer l'item destination pour les droits: Drive ECHOLINE/03-Customer Care/A-Hotline/Téléphone - Le serveur distant a retourné une erreur : (404) Introuvable.
[2026-07-06 14:02:32] [INFO] Traitement: /Drive ECHOLINE/03-Customer Care/A-Hotline/ZZ-Archives/ (6 permission(s))
[2026-07-06 14:02:32] [INFO] === COPIE REELLE: Drive ECHOLINE/03-Customer Care/A-Hotline/ZZ-Archives ===
[2026-07-06 14:02:33] [SUCCESS] Dossier cree: Drive ECHOLINE/03-Customer Care/A-Hotline/ZZ-Archives
[2026-07-06 14:02:33] [WARN] Pas de mappage pour: Propriétaires de SERVICES_GENERAUX () - permission ignorée sur Drive ECHOLINE/03-Customer Care/A-Hotline/ZZ-Archives
[2026-07-06 14:02:33] [WARN] Pas de mappage pour: SERVICES_GENERAUX - Visiteurs () - permission ignorée sur Drive ECHOLINE/03-Customer Care/A-Hotline/ZZ-Archives
[2026-07-06 14:02:33] [WARN] Pas de mappage pour: SERVICES_GENERAUX - Membres () - permission ignorée sur Drive ECHOLINE/03-Customer Care/A-Hotline/ZZ-Archives
[2026-07-06 14:02:33] [SUCCESS] Permission appliquée: User 01 [write] -> Drive ECHOLINE/03-Customer Care/A-Hotline/ZZ-Archives
[2026-07-06 14:02:33] [SUCCESS] Permission appliquée: Equipe INFRA [write] -> Drive ECHOLINE/03-Customer Care/A-Hotline/ZZ-Archives
[2026-07-06 14:02:33] [WARN] Impossible de résoudre 'grp_test' dans le tenant destination - permission ignorée
[2026-07-06 14:02:33] [INFO] Traitement: /Drive ECHOLINE/03-Customer Care/B-NPS/ (6 permission(s))
[2026-07-06 14:02:33] [INFO] === COPIE REELLE: Drive ECHOLINE/03-Customer Care/B-NPS ===
[2026-07-06 14:02:34] [SUCCESS] Dossier cree: Drive ECHOLINE/03-Customer Care/B-NPS
[2026-07-06 14:02:34] [WARN] Impossible de résoudre 'grp_test' dans le tenant destination - permission ignorée
[2026-07-06 14:02:34] [WARN] Pas de mappage pour: SERVICES_GENERAUX - Visiteurs () - permission ignorée sur Drive ECHOLINE/03-Customer Care/B-NPS
[2026-07-06 14:02:34] [WARN] Pas de mappage pour: SERVICES_GENERAUX - Membres () - permission ignorée sur Drive ECHOLINE/03-Customer Care/B-NPS
[2026-07-06 14:02:34] [SUCCESS] Permission appliquée: User 01 [write] -> Drive ECHOLINE/03-Customer Care/B-NPS
[2026-07-06 14:02:35] [SUCCESS] Permission appliquée: Equipe INFRA [write] -> Drive ECHOLINE/03-Customer Care/B-NPS
[2026-07-06 14:02:35] [WARN] Pas de mappage pour: Propriétaires de SERVICES_GENERAUX () - permission ignorée sur Drive ECHOLINE/03-Customer Care/B-NPS
[2026-07-06 14:02:35] [INFO] Traitement: /Drive ECHOLINE/03-Customer Care/B-NPS/ZZ-Archives/ (6 permission(s))
[2026-07-06 14:02:35] [INFO] === COPIE REELLE: Drive ECHOLINE/03-Customer Care/B-NPS/ZZ-Archives ===
[2026-07-06 14:02:35] [SUCCESS] Dossier cree: Drive ECHOLINE/03-Customer Care/B-NPS/ZZ-Archives
[2026-07-06 14:02:36] [WARN] Pas de mappage pour: Propriétaires de SERVICES_GENERAUX () - permission ignorée sur Drive ECHOLINE/03-Customer Care/B-NPS/ZZ-Archives
[2026-07-06 14:02:36] [WARN] Impossible de résoudre 'grp_test' dans le tenant destination - permission ignorée
[2026-07-06 14:02:36] [SUCCESS] Permission appliquée: Equipe INFRA [write] -> Drive ECHOLINE/03-Customer Care/B-NPS/ZZ-Archives
[2026-07-06 14:02:36] [SUCCESS] Permission appliquée: User 01 [write] -> Drive ECHOLINE/03-Customer Care/B-NPS/ZZ-Archives
[2026-07-06 14:02:36] [WARN] Pas de mappage pour: SERVICES_GENERAUX - Membres () - permission ignorée sur Drive ECHOLINE/03-Customer Care/B-NPS/ZZ-Archives
[2026-07-06 14:02:36] [WARN] Pas de mappage pour: SERVICES_GENERAUX - Visiteurs () - permission ignorée sur Drive ECHOLINE/03-Customer Care/B-NPS/ZZ-Archives
[2026-07-06 14:02:36] [INFO] Traitement: /Drive ECHOLINE/03-Customer Care/C-Satisfaction score/ (6 permission(s))
[2026-07-06 14:02:36] [INFO] === COPIE REELLE: Drive ECHOLINE/03-Customer Care/C-Satisfaction score ===
[2026-07-06 14:02:36] [SUCCESS] Dossier cree: Drive ECHOLINE/03-Customer Care/C-Satisfaction score
[2026-07-06 14:02:37] [WARN] Pas de mappage pour: Propriétaires de SERVICES_GENERAUX () - permission ignorée sur Drive ECHOLINE/03-Customer Care/C-Satisfaction score
[2026-07-06 14:02:37] [WARN] Pas de mappage pour: SERVICES_GENERAUX - Membres () - permission ignorée sur Drive ECHOLINE/03-Customer Care/C-Satisfaction score
[2026-07-06 14:02:37] [SUCCESS] Permission appliquée: Equipe INFRA [write] -> Drive ECHOLINE/03-Customer Care/C-Satisfaction score
[2026-07-06 14:02:37] [WARN] Impossible de résoudre 'grp_test' dans le tenant destination - permission ignorée
[2026-07-06 14:02:37] [WARN] Pas de mappage pour: SERVICES_GENERAUX - Visiteurs () - permission ignorée sur Drive ECHOLINE/03-Customer Care/C-Satisfaction score
[2026-07-06 14:02:37] [SUCCESS] Permission appliquée: User 01 [write] -> Drive ECHOLINE/03-Customer Care/C-Satisfaction score
[2026-07-06 14:02:37] [INFO] Traitement: /Drive ECHOLINE/03-Customer Care/C-Satisfaction score/ZZ-Archives/ (6 permission(s))
[2026-07-06 14:02:37] [INFO] === COPIE REELLE: Drive ECHOLINE/03-Customer Care/C-Satisfaction score/ZZ-Archives ===
[2026-07-06 14:02:38] [SUCCESS] Dossier cree: Drive ECHOLINE/03-Customer Care/C-Satisfaction score/ZZ-Archives
[2026-07-06 14:02:38] [WARN] Impossible de résoudre 'grp_test' dans le tenant destination - permission ignorée
[2026-07-06 14:02:38] [SUCCESS] Permission appliquée: Equipe INFRA [write] -> Drive ECHOLINE/03-Customer Care/C-Satisfaction score/ZZ-Archives
[2026-07-06 14:02:38] [SUCCESS] Permission appliquée: User 01 [write] -> Drive ECHOLINE/03-Customer Care/C-Satisfaction score/ZZ-Archives
[2026-07-06 14:02:38] [WARN] Pas de mappage pour: SERVICES_GENERAUX - Membres () - permission ignorée sur Drive ECHOLINE/03-Customer Care/C-Satisfaction score/ZZ-Archives
[2026-07-06 14:02:38] [WARN] Pas de mappage pour: SERVICES_GENERAUX - Visiteurs () - permission ignorée sur Drive ECHOLINE/03-Customer Care/C-Satisfaction score/ZZ-Archives
[2026-07-06 14:02:38] [WARN] Pas de mappage pour: Propriétaires de SERVICES_GENERAUX () - permission ignorée sur Drive ECHOLINE/03-Customer Care/C-Satisfaction score/ZZ-Archives
[2026-07-06 14:02:38] [INFO] Traitement: /Drive ECHOLINE/03-Customer Care/D-Reporting/ (6 permission(s))
[2026-07-06 14:02:39] [INFO] === COPIE REELLE: Drive ECHOLINE/03-Customer Care/D-Reporting ===
[2026-07-06 14:02:39] [SUCCESS] Dossier cree: Drive ECHOLINE/03-Customer Care/D-Reporting
[2026-07-06 14:02:39] [SUCCESS] Permission appliquée: Equipe INFRA [write] -> Drive ECHOLINE/03-Customer Care/D-Reporting
[2026-07-06 14:02:39] [WARN] Pas de mappage pour: Propriétaires de SERVICES_GENERAUX () - permission ignorée sur Drive ECHOLINE/03-Customer Care/D-Reporting
[2026-07-06 14:02:39] [WARN] Pas de mappage pour: SERVICES_GENERAUX - Visiteurs () - permission ignorée sur Drive ECHOLINE/03-Customer Care/D-Reporting
[2026-07-06 14:02:39] [WARN] Pas de mappage pour: SERVICES_GENERAUX - Membres () - permission ignorée sur Drive ECHOLINE/03-Customer Care/D-Reporting
[2026-07-06 14:02:40] [SUCCESS] Permission appliquée: User 01 [write] -> Drive ECHOLINE/03-Customer Care/D-Reporting
[2026-07-06 14:02:40] [WARN] Impossible de résoudre 'grp_test' dans le tenant destination - permission ignorée
[2026-07-06 14:02:40] [INFO] Traitement: /Drive ECHOLINE/03-Customer Care/D-Reporting/ZZ-Archives/ (6 permission(s))
[2026-07-06 14:02:40] [INFO] === COPIE REELLE: Drive ECHOLINE/03-Customer Care/D-Reporting/ZZ-Archives ===
[2026-07-06 14:02:40] [SUCCESS] Dossier cree: Drive ECHOLINE/03-Customer Care/D-Reporting/ZZ-Archives
[2026-07-06 14:02:41] [WARN] Impossible de résoudre 'grp_test' dans le tenant destination - permission ignorée
[2026-07-06 14:02:41] [WARN] Pas de mappage pour: Propriétaires de SERVICES_GENERAUX () - permission ignorée sur Drive ECHOLINE/03-Customer Care/D-Reporting/ZZ-Archives
[2026-07-06 14:02:41] [SUCCESS] Permission appliquée: Equipe INFRA [write] -> Drive ECHOLINE/03-Customer Care/D-Reporting/ZZ-Archives
[2026-07-06 14:02:41] [WARN] Pas de mappage pour: SERVICES_GENERAUX - Visiteurs () - permission ignorée sur Drive ECHOLINE/03-Customer Care/D-Reporting/ZZ-Archives
[2026-07-06 14:02:41] [WARN] Pas de mappage pour: SERVICES_GENERAUX - Membres () - permission ignorée sur Drive ECHOLINE/03-Customer Care/D-Reporting/ZZ-Archives
[2026-07-06 14:02:41] [SUCCESS] Permission appliquée: User 01 [write] -> Drive ECHOLINE/03-Customer Care/D-Reporting/ZZ-Archives
[2026-07-06 14:02:41] [INFO] Traitement: /Drive ECHOLINE/04-Community management/ (6 permission(s))
[2026-07-06 14:02:41] [INFO] === COPIE REELLE: Drive ECHOLINE/04-Community management ===
[2026-07-06 14:02:41] [SUCCESS] Dossier cree: Drive ECHOLINE/04-Community management
[2026-07-06 14:02:42] [WARN] Impossible de résoudre 'grp_test' dans le tenant destination - permission ignorée
[2026-07-06 14:02:42] [SUCCESS] Permission appliquée: Equipe INFRA [write] -> Drive ECHOLINE/04-Community management
[2026-07-06 14:02:42] [SUCCESS] Permission appliquée: User 01 [write] -> Drive ECHOLINE/04-Community management
[2026-07-06 14:02:42] [WARN] Pas de mappage pour: SERVICES_GENERAUX - Membres () - permission ignorée sur Drive ECHOLINE/04-Community management
[2026-07-06 14:02:42] [WARN] Pas de mappage pour: SERVICES_GENERAUX - Visiteurs () - permission ignorée sur Drive ECHOLINE/04-Community management
[2026-07-06 14:02:42] [WARN] Pas de mappage pour: Propriétaires de SERVICES_GENERAUX () - permission ignorée sur Drive ECHOLINE/04-Community management
[2026-07-06 14:02:42] [INFO] Traitement: /Drive ECHOLINE/04-Community management/A-Newsletter/ (6 permission(s))
[2026-07-06 14:02:42] [INFO] === COPIE REELLE: Drive ECHOLINE/04-Community management/A-Newsletter ===
[2026-07-06 14:02:43] [SUCCESS] Dossier cree: Drive ECHOLINE/04-Community management/A-Newsletter
[2026-07-06 14:02:43] [WARN] Pas de mappage pour: SERVICES_GENERAUX - Visiteurs () - permission ignorée sur Drive ECHOLINE/04-Community management/A-Newsletter
[2026-07-06 14:02:43] [WARN] Pas de mappage pour: Propriétaires de SERVICES_GENERAUX () - permission ignorée sur Drive ECHOLINE/04-Community management/A-Newsletter
[2026-07-06 14:02:43] [WARN] Pas de mappage pour: SERVICES_GENERAUX - Membres () - permission ignorée sur Drive ECHOLINE/04-Community management/A-Newsletter
[2026-07-06 14:02:43] [SUCCESS] Permission appliquée: User 01 [write] -> Drive ECHOLINE/04-Community management/A-Newsletter
[2026-07-06 14:02:43] [SUCCESS] Permission appliquée: Equipe INFRA [write] -> Drive ECHOLINE/04-Community management/A-Newsletter
[2026-07-06 14:02:43] [WARN] Impossible de résoudre 'grp_test' dans le tenant destination - permission ignorée
[2026-07-06 14:02:43] [INFO] Traitement: /Drive ECHOLINE/04-Community management/A-Newsletter/ZZ-Archives/ (6 permission(s))
[2026-07-06 14:02:43] [INFO] === COPIE REELLE: Drive ECHOLINE/04-Community management/A-Newsletter/ZZ-Archives ===
[2026-07-06 14:02:44] [SUCCESS] Dossier cree: Drive ECHOLINE/04-Community management/A-Newsletter/ZZ-Archives
[2026-07-06 14:02:44] [WARN] Impossible de résoudre 'grp_test' dans le tenant destination - permission ignorée
[2026-07-06 14:02:44] [WARN] Pas de mappage pour: SERVICES_GENERAUX - Visiteurs () - permission ignorée sur Drive ECHOLINE/04-Community management/A-Newsletter/ZZ-Archives
[2026-07-06 14:02:44] [WARN] Pas de mappage pour: SERVICES_GENERAUX - Membres () - permission ignorée sur Drive ECHOLINE/04-Community management/A-Newsletter/ZZ-Archives
[2026-07-06 14:02:44] [SUCCESS] Permission appliquée: User 01 [write] -> Drive ECHOLINE/04-Community management/A-Newsletter/ZZ-Archives
[2026-07-06 14:02:45] [SUCCESS] Permission appliquée: Equipe INFRA [write] -> Drive ECHOLINE/04-Community management/A-Newsletter/ZZ-Archives
[2026-07-06 14:02:45] [WARN] Pas de mappage pour: Propriétaires de SERVICES_GENERAUX () - permission ignorée sur Drive ECHOLINE/04-Community management/A-Newsletter/ZZ-Archives
[2026-07-06 14:02:45] [INFO] Traitement: /Drive ECHOLINE/04-Community management/B-Webinar/ (6 permission(s))
[2026-07-06 14:02:45] [INFO] === COPIE REELLE: Drive ECHOLINE/04-Community management/B-Webinar ===
[2026-07-06 14:02:45] [SUCCESS] Dossier cree: Drive ECHOLINE/04-Community management/B-Webinar
[2026-07-06 14:02:46] [WARN] Impossible de résoudre 'grp_test' dans le tenant destination - permission ignorée
[2026-07-06 14:02:46] [SUCCESS] Permission appliquée: Equipe INFRA [write] -> Drive ECHOLINE/04-Community management/B-Webinar
[2026-07-06 14:02:46] [SUCCESS] Permission appliquée: User 01 [write] -> Drive ECHOLINE/04-Community management/B-Webinar
[2026-07-06 14:02:46] [WARN] Pas de mappage pour: SERVICES_GENERAUX - Membres () - permission ignorée sur Drive ECHOLINE/04-Community management/B-Webinar
[2026-07-06 14:02:46] [WARN] Pas de mappage pour: SERVICES_GENERAUX - Visiteurs () - permission ignorée sur Drive ECHOLINE/04-Community management/B-Webinar
[2026-07-06 14:02:46] [WARN] Pas de mappage pour: Propriétaires de SERVICES_GENERAUX () - permission ignorée sur Drive ECHOLINE/04-Community management/B-Webinar
[2026-07-06 14:02:46] [INFO] Traitement: /Drive ECHOLINE/04-Community management/B-Webinar/Webinar ECHOLINExBLUMEI/ (6 permission(s))
[2026-07-06 14:02:46] [INFO] === COPIE REELLE: Drive ECHOLINE/04-Community management/B-Webinar/Webinar ECHOLINExBLUMEI ===
[2026-07-06 14:02:47] [SUCCESS] Dossier cree: Drive ECHOLINE/04-Community management/B-Webinar/Webinar ECHOLINExBLUMEI
[2026-07-06 14:02:47] [SUCCESS] Permission appliquée: Equipe INFRA [write] -> Drive ECHOLINE/04-Community management/B-Webinar/Webinar ECHOLINExBLUMEI
[2026-07-06 14:02:47] [WARN] Pas de mappage pour: Propriétaires de SERVICES_GENERAUX () - permission ignorée sur Drive ECHOLINE/04-Community management/B-Webinar/Webinar ECHOLINExBLUMEI
[2026-07-06 14:02:47] [WARN] Pas de mappage pour: SERVICES_GENERAUX - Membres () - permission ignorée sur Drive ECHOLINE/04-Community management/B-Webinar/Webinar ECHOLINExBLUMEI
[2026-07-06 14:02:47] [WARN] Pas de mappage pour: SERVICES_GENERAUX - Visiteurs () - permission ignorée sur Drive ECHOLINE/04-Community management/B-Webinar/Webinar ECHOLINExBLUMEI
[2026-07-06 14:02:47] [SUCCESS] Permission appliquée: User 01 [write] -> Drive ECHOLINE/04-Community management/B-Webinar/Webinar ECHOLINExBLUMEI
[2026-07-06 14:02:47] [WARN] Impossible de résoudre 'grp_test' dans le tenant destination - permission ignorée
[2026-07-06 14:02:47] [INFO] Traitement: /Drive ECHOLINE/04-Community management/B-Webinar/ZZ-Archives/ (6 permission(s))
[2026-07-06 14:02:47] [INFO] === COPIE REELLE: Drive ECHOLINE/04-Community management/B-Webinar/ZZ-Archives ===
[2026-07-06 14:02:48] [SUCCESS] Dossier cree: Drive ECHOLINE/04-Community management/B-Webinar/ZZ-Archives
[2026-07-06 14:02:48] [WARN] Impossible de résoudre 'grp_test' dans le tenant destination - permission ignorée
[2026-07-06 14:02:48] [SUCCESS] Permission appliquée: Equipe INFRA [write] -> Drive ECHOLINE/04-Community management/B-Webinar/ZZ-Archives
[2026-07-06 14:02:49] [SUCCESS] Permission appliquée: User 01 [write] -> Drive ECHOLINE/04-Community management/B-Webinar/ZZ-Archives
[2026-07-06 14:02:49] [WARN] Pas de mappage pour: SERVICES_GENERAUX - Membres () - permission ignorée sur Drive ECHOLINE/04-Community management/B-Webinar/ZZ-Archives
[2026-07-06 14:02:49] [WARN] Pas de mappage pour: SERVICES_GENERAUX - Visiteurs () - permission ignorée sur Drive ECHOLINE/04-Community management/B-Webinar/ZZ-Archives
[2026-07-06 14:02:49] [WARN] Pas de mappage pour: Propriétaires de SERVICES_GENERAUX () - permission ignorée sur Drive ECHOLINE/04-Community management/B-Webinar/ZZ-Archives
[2026-07-06 14:02:49] [INFO] Traitement: /Drive ECHOLINE/04-Community management/C-Siteweb/ (6 permission(s))
[2026-07-06 14:02:49] [INFO] === COPIE REELLE: Drive ECHOLINE/04-Community management/C-Siteweb ===
[2026-07-06 14:02:49] [SUCCESS] Dossier cree: Drive ECHOLINE/04-Community management/C-Siteweb
[2026-07-06 14:02:49] [WARN] Pas de mappage pour: SERVICES_GENERAUX - Visiteurs () - permission ignorée sur Drive ECHOLINE/04-Community management/C-Siteweb
[2026-07-06 14:02:49] [WARN] Pas de mappage pour: Propriétaires de SERVICES_GENERAUX () - permission ignorée sur Drive ECHOLINE/04-Community management/C-Siteweb
[2026-07-06 14:02:50] [SUCCESS] Permission appliquée: User 01 [write] -> Drive ECHOLINE/04-Community management/C-Siteweb
[2026-07-06 14:02:50] [WARN] Impossible de résoudre 'grp_test' dans le tenant destination - permission ignorée
[2026-07-06 14:02:50] [SUCCESS] Permission appliquée: Equipe INFRA [write] -> Drive ECHOLINE/04-Community management/C-Siteweb
[2026-07-06 14:02:50] [WARN] Pas de mappage pour: SERVICES_GENERAUX - Membres () - permission ignorée sur Drive ECHOLINE/04-Community management/C-Siteweb
[2026-07-06 14:02:50] [INFO] Traitement: /Drive ECHOLINE/04-Community management/C-Siteweb/Maquettes/ (6 permission(s))
[2026-07-06 14:02:50] [INFO] === COPIE REELLE: Drive ECHOLINE/04-Community management/C-Siteweb/Maquettes ===
[2026-07-06 14:02:50] [SUCCESS] Dossier cree: Drive ECHOLINE/04-Community management/C-Siteweb/Maquettes
[2026-07-06 14:02:51] [SUCCESS] Permission appliquée: Equipe INFRA [write] -> Drive ECHOLINE/04-Community management/C-Siteweb/Maquettes
[2026-07-06 14:02:51] [SUCCESS] Permission appliquée: User 01 [write] -> Drive ECHOLINE/04-Community management/C-Siteweb/Maquettes
[2026-07-06 14:02:51] [WARN] Pas de mappage pour: SERVICES_GENERAUX - Membres () - permission ignorée sur Drive ECHOLINE/04-Community management/C-Siteweb/Maquettes
[2026-07-06 14:02:51] [WARN] Pas de mappage pour: SERVICES_GENERAUX - Visiteurs () - permission ignorée sur Drive ECHOLINE/04-Community management/C-Siteweb/Maquettes
[2026-07-06 14:02:51] [WARN] Pas de mappage pour: Propriétaires de SERVICES_GENERAUX () - permission ignorée sur Drive ECHOLINE/04-Community management/C-Siteweb/Maquettes
[2026-07-06 14:02:51] [WARN] Impossible de résoudre 'grp_test' dans le tenant destination - permission ignorée
[2026-07-06 14:02:51] [INFO] Traitement: /Drive ECHOLINE/04-Community management/C-Siteweb/ZZ-Archives/ (6 permission(s))
[2026-07-06 14:02:51] [INFO] === COPIE REELLE: Drive ECHOLINE/04-Community management/C-Siteweb/ZZ-Archives ===
[2026-07-06 14:02:52] [SUCCESS] Dossier cree: Drive ECHOLINE/04-Community management/C-Siteweb/ZZ-Archives
[2026-07-06 14:02:52] [SUCCESS] Permission appliquée: User 01 [write] -> Drive ECHOLINE/04-Community management/C-Siteweb/ZZ-Archives
[2026-07-06 14:02:52] [WARN] Pas de mappage pour: Propriétaires de SERVICES_GENERAUX () - permission ignorée sur Drive ECHOLINE/04-Community management/C-Siteweb/ZZ-Archives
[2026-07-06 14:02:52] [WARN] Pas de mappage pour: SERVICES_GENERAUX - Visiteurs () - permission ignorée sur Drive ECHOLINE/04-Community management/C-Siteweb/ZZ-Archives
[2026-07-06 14:02:52] [WARN] Pas de mappage pour: SERVICES_GENERAUX - Membres () - permission ignorée sur Drive ECHOLINE/04-Community management/C-Siteweb/ZZ-Archives
[2026-07-06 14:02:52] [SUCCESS] Permission appliquée: Equipe INFRA [write] -> Drive ECHOLINE/04-Community management/C-Siteweb/ZZ-Archives
[2026-07-06 14:02:52] [WARN] Impossible de résoudre 'grp_test' dans le tenant destination - permission ignorée
[2026-07-06 14:02:52] [INFO] Traitement: /Drive ECHOLINE/04-Community management/D-Kit communication/ (6 permission(s))
[2026-07-06 14:02:52] [INFO] === COPIE REELLE: Drive ECHOLINE/04-Community management/D-Kit communication ===
[2026-07-06 14:02:53] [SUCCESS] Dossier cree: Drive ECHOLINE/04-Community management/D-Kit communication
[2026-07-06 14:02:53] [WARN] Impossible de résoudre 'grp_test' dans le tenant destination - permission ignorée
[2026-07-06 14:02:53] [WARN] Pas de mappage pour: Propriétaires de SERVICES_GENERAUX () - permission ignorée sur Drive ECHOLINE/04-Community management/D-Kit communication
[2026-07-06 14:02:53] [SUCCESS] Permission appliquée: Equipe INFRA [write] -> Drive ECHOLINE/04-Community management/D-Kit communication
[2026-07-06 14:02:53] [WARN] Pas de mappage pour: SERVICES_GENERAUX - Visiteurs () - permission ignorée sur Drive ECHOLINE/04-Community management/D-Kit communication
[2026-07-06 14:02:53] [WARN] Pas de mappage pour: SERVICES_GENERAUX - Membres () - permission ignorée sur Drive ECHOLINE/04-Community management/D-Kit communication
[2026-07-06 14:02:53] [SUCCESS] Permission appliquée: User 01 [write] -> Drive ECHOLINE/04-Community management/D-Kit communication
[2026-07-06 14:02:53] [INFO] Traitement: /Drive ECHOLINE/04-Community management/D-Kit communication/Flyers/ (6 permission(s))
[2026-07-06 14:02:53] [INFO] === COPIE REELLE: Drive ECHOLINE/04-Community management/D-Kit communication/Flyers ===
[2026-07-06 14:02:54] [SUCCESS] Dossier cree: Drive ECHOLINE/04-Community management/D-Kit communication/Flyers
[2026-07-06 14:02:54] [WARN] Impossible de résoudre 'grp_test' dans le tenant destination - permission ignorée
[2026-07-06 14:02:54] [SUCCESS] Permission appliquée: Equipe INFRA [write] -> Drive ECHOLINE/04-Community management/D-Kit communication/Flyers
[2026-07-06 14:02:55] [SUCCESS] Permission appliquée: User 01 [write] -> Drive ECHOLINE/04-Community management/D-Kit communication/Flyers
[2026-07-06 14:02:55] [WARN] Pas de mappage pour: SERVICES_GENERAUX - Membres () - permission ignorée sur Drive ECHOLINE/04-Community management/D-Kit communication/Flyers
[2026-07-06 14:02:55] [WARN] Pas de mappage pour: SERVICES_GENERAUX - Visiteurs () - permission ignorée sur Drive ECHOLINE/04-Community management/D-Kit communication/Flyers
[2026-07-06 14:02:55] [WARN] Pas de mappage pour: Propriétaires de SERVICES_GENERAUX () - permission ignorée sur Drive ECHOLINE/04-Community management/D-Kit communication/Flyers
[2026-07-06 14:02:55] [INFO] Traitement: /Drive ECHOLINE/04-Community management/D-Kit communication/Illustrations/ (6 permission(s))
[2026-07-06 14:02:55] [INFO] === COPIE REELLE: Drive ECHOLINE/04-Community management/D-Kit communication/Illustrations ===
[2026-07-06 14:02:56] [SUCCESS] Dossier cree: Drive ECHOLINE/04-Community management/D-Kit communication/Illustrations
[2026-07-06 14:02:56] [SUCCESS] Permission appliquée: Equipe INFRA [write] -> Drive ECHOLINE/04-Community management/D-Kit communication/Illustrations
[2026-07-06 14:02:56] [WARN] Pas de mappage pour: Propriétaires de SERVICES_GENERAUX () - permission ignorée sur Drive ECHOLINE/04-Community management/D-Kit communication/Illustrations
[2026-07-06 14:02:56] [WARN] Pas de mappage pour: SERVICES_GENERAUX - Visiteurs () - permission ignorée sur Drive ECHOLINE/04-Community management/D-Kit communication/Illustrations
[2026-07-06 14:02:56] [WARN] Pas de mappage pour: SERVICES_GENERAUX - Membres () - permission ignorée sur Drive ECHOLINE/04-Community management/D-Kit communication/Illustrations
[2026-07-06 14:02:56] [SUCCESS] Permission appliquée: User 01 [write] -> Drive ECHOLINE/04-Community management/D-Kit communication/Illustrations
[2026-07-06 14:02:56] [WARN] Impossible de résoudre 'grp_test' dans le tenant destination - permission ignorée
[2026-07-06 14:02:56] [INFO] Traitement: /Drive ECHOLINE/04-Community management/D-Kit communication/Images générées par Chat GPT/ (6 permission(s))
[2026-07-06 14:02:56] [INFO] === COPIE REELLE: Drive ECHOLINE/04-Community management/D-Kit communication/Images générées par Chat GPT ===
[2026-07-06 14:02:57] [SUCCESS] Dossier cree: Drive ECHOLINE/04-Community management/D-Kit communication/Images générées par Chat GPT
[2026-07-06 14:02:57] [DEBUG] [404] Item pas encore disponible, retry 1/3 dans 2s: Drive ECHOLINE/04-Community management/D-Kit communication/Images générées par Chat GPT
[2026-07-06 14:02:59] [DEBUG] [404] Item pas encore disponible, retry 2/3 dans 2s: Drive ECHOLINE/04-Community management/D-Kit communication/Images générées par Chat GPT
[2026-07-06 14:03:01] [DEBUG] [404] Item pas encore disponible, retry 3/3 dans 2s: Drive ECHOLINE/04-Community management/D-Kit communication/Images générées par Chat GPT
[2026-07-06 14:03:04] [WARN] Impossible de récupérer l'item destination pour les droits: Drive ECHOLINE/04-Community management/D-Kit communication/Images générées par Chat GPT - Le serveur distant a retourné une erreur : (404) Introuvable.
[2026-07-06 14:03:04] [INFO] Traitement: /Drive ECHOLINE/04-Community management/D-Kit communication/Logos clients/ (6 permission(s))
[2026-07-06 14:03:04] [INFO] === COPIE REELLE: Drive ECHOLINE/04-Community management/D-Kit communication/Logos clients ===
[2026-07-06 14:03:04] [SUCCESS] Dossier cree: Drive ECHOLINE/04-Community management/D-Kit communication/Logos clients
[2026-07-06 14:03:05] [WARN] Pas de mappage pour: Propriétaires de SERVICES_GENERAUX () - permission ignorée sur Drive ECHOLINE/04-Community management/D-Kit communication/Logos clients
[2026-07-06 14:03:05] [WARN] Impossible de résoudre 'grp_test' dans le tenant destination - permission ignorée
[2026-07-06 14:03:05] [SUCCESS] Permission appliquée: Equipe INFRA [write] -> Drive ECHOLINE/04-Community management/D-Kit communication/Logos clients
[2026-07-06 14:03:05] [SUCCESS] Permission appliquée: User 01 [write] -> Drive ECHOLINE/04-Community management/D-Kit communication/Logos clients
[2026-07-06 14:03:05] [WARN] Pas de mappage pour: SERVICES_GENERAUX - Membres () - permission ignorée sur Drive ECHOLINE/04-Community management/D-Kit communication/Logos clients
[2026-07-06 14:03:05] [WARN] Pas de mappage pour: SERVICES_GENERAUX - Visiteurs () - permission ignorée sur Drive ECHOLINE/04-Community management/D-Kit communication/Logos clients
[2026-07-06 14:03:05] [INFO] Traitement: /Drive ECHOLINE/04-Community management/D-Kit communication/Logos ECHOLINE/ (6 permission(s))
[2026-07-06 14:03:05] [INFO] === COPIE REELLE: Drive ECHOLINE/04-Community management/D-Kit communication/Logos ECHOLINE ===
[2026-07-06 14:03:06] [SUCCESS] Dossier cree: Drive ECHOLINE/04-Community management/D-Kit communication/Logos ECHOLINE
[2026-07-06 14:03:06] [WARN] Pas de mappage pour: Propriétaires de SERVICES_GENERAUX () - permission ignorée sur Drive ECHOLINE/04-Community management/D-Kit communication/Logos ECHOLINE
[2026-07-06 14:03:06] [WARN] Pas de mappage pour: SERVICES_GENERAUX - Membres () - permission ignorée sur Drive ECHOLINE/04-Community management/D-Kit communication/Logos ECHOLINE
[2026-07-06 14:03:06] [SUCCESS] Permission appliquée: Equipe INFRA [write] -> Drive ECHOLINE/04-Community management/D-Kit communication/Logos ECHOLINE
[2026-07-06 14:03:06] [WARN] Impossible de résoudre 'grp_test' dans le tenant destination - permission ignorée
[2026-07-06 14:03:06] [WARN] Pas de mappage pour: SERVICES_GENERAUX - Visiteurs () - permission ignorée sur Drive ECHOLINE/04-Community management/D-Kit communication/Logos ECHOLINE
[2026-07-06 14:03:06] [SUCCESS] Permission appliquée: User 01 [write] -> Drive ECHOLINE/04-Community management/D-Kit communication/Logos ECHOLINE
[2026-07-06 14:03:06] [INFO] Traitement: /Drive ECHOLINE/04-Community management/D-Kit communication/Photos/ (6 permission(s))
[2026-07-06 14:03:06] [INFO] === COPIE REELLE: Drive ECHOLINE/04-Community management/D-Kit communication/Photos ===
[2026-07-06 14:03:07] [SUCCESS] Dossier cree: Drive ECHOLINE/04-Community management/D-Kit communication/Photos
[2026-07-06 14:03:08] [WARN] Impossible de résoudre 'grp_test' dans le tenant destination - permission ignorée
[2026-07-06 14:03:08] [SUCCESS] Permission appliquée: Equipe INFRA [write] -> Drive ECHOLINE/04-Community management/D-Kit communication/Photos
[2026-07-06 14:03:08] [SUCCESS] Permission appliquée: User 01 [write] -> Drive ECHOLINE/04-Community management/D-Kit communication/Photos
[2026-07-06 14:03:08] [WARN] Pas de mappage pour: SERVICES_GENERAUX - Membres () - permission ignorée sur Drive ECHOLINE/04-Community management/D-Kit communication/Photos
[2026-07-06 14:03:08] [WARN] Pas de mappage pour: SERVICES_GENERAUX - Visiteurs () - permission ignorée sur Drive ECHOLINE/04-Community management/D-Kit communication/Photos
[2026-07-06 14:03:08] [WARN] Pas de mappage pour: Propriétaires de SERVICES_GENERAUX () - permission ignorée sur Drive ECHOLINE/04-Community management/D-Kit communication/Photos
[2026-07-06 14:03:08] [INFO] Traitement: /Drive ECHOLINE/04-Community management/D-Kit communication/ZZ-Archives/ (6 permission(s))
[2026-07-06 14:03:08] [INFO] === COPIE REELLE: Drive ECHOLINE/04-Community management/D-Kit communication/ZZ-Archives ===
[2026-07-06 14:03:09] [SUCCESS] Dossier cree: Drive ECHOLINE/04-Community management/D-Kit communication/ZZ-Archives
[2026-07-06 14:03:09] [SUCCESS] Permission appliquée: Equipe INFRA [write] -> Drive ECHOLINE/04-Community management/D-Kit communication/ZZ-Archives
[2026-07-06 14:03:09] [WARN] Pas de mappage pour: Propriétaires de SERVICES_GENERAUX () - permission ignorée sur Drive ECHOLINE/04-Community management/D-Kit communication/ZZ-Archives
[2026-07-06 14:03:09] [WARN] Pas de mappage pour: SERVICES_GENERAUX - Visiteurs () - permission ignorée sur Drive ECHOLINE/04-Community management/D-Kit communication/ZZ-Archives
[2026-07-06 14:03:09] [WARN] Pas de mappage pour: SERVICES_GENERAUX - Membres () - permission ignorée sur Drive ECHOLINE/04-Community management/D-Kit communication/ZZ-Archives
[2026-07-06 14:03:09] [SUCCESS] Permission appliquée: User 01 [write] -> Drive ECHOLINE/04-Community management/D-Kit communication/ZZ-Archives
[2026-07-06 14:03:09] [WARN] Impossible de résoudre 'grp_test' dans le tenant destination - permission ignorée
[2026-07-06 14:03:09] [INFO] Traitement: /Drive ECHOLINE/04-Community management/E- Linkedin/ (6 permission(s))
[2026-07-06 14:03:09] [INFO] === COPIE REELLE: Drive ECHOLINE/04-Community management/E- Linkedin ===
[2026-07-06 14:03:10] [SUCCESS] Dossier cree: Drive ECHOLINE/04-Community management/E- Linkedin
[2026-07-06 14:03:10] [WARN] Impossible de résoudre 'grp_test' dans le tenant destination - permission ignorée
[2026-07-06 14:03:10] [WARN] Pas de mappage pour: Propriétaires de SERVICES_GENERAUX () - permission ignorée sur Drive ECHOLINE/04-Community management/E- Linkedin
[2026-07-06 14:03:10] [SUCCESS] Permission appliquée: Equipe INFRA [write] -> Drive ECHOLINE/04-Community management/E- Linkedin
[2026-07-06 14:03:10] [WARN] Pas de mappage pour: SERVICES_GENERAUX - Visiteurs () - permission ignorée sur Drive ECHOLINE/04-Community management/E- Linkedin
[2026-07-06 14:03:10] [WARN] Pas de mappage pour: SERVICES_GENERAUX - Membres () - permission ignorée sur Drive ECHOLINE/04-Community management/E- Linkedin
[2026-07-06 14:03:10] [SUCCESS] Permission appliquée: User 01 [write] -> Drive ECHOLINE/04-Community management/E- Linkedin
[2026-07-06 14:03:10] [INFO] Traitement: /Drive ECHOLINE/04-Community management/E- Linkedin/Carrousel réglementaires/ (6 permission(s))
[2026-07-06 14:03:11] [INFO] === COPIE REELLE: Drive ECHOLINE/04-Community management/E- Linkedin/Carrousel réglementaires ===
[2026-07-06 14:03:12] [SUCCESS] Dossier cree: Drive ECHOLINE/04-Community management/E- Linkedin/Carrousel réglementaires
[2026-07-06 14:03:12] [DEBUG] [404] Item pas encore disponible, retry 1/3 dans 2s: Drive ECHOLINE/04-Community management/E- Linkedin/Carrousel réglementaires
[2026-07-06 14:03:14] [DEBUG] [404] Item pas encore disponible, retry 2/3 dans 2s: Drive ECHOLINE/04-Community management/E- Linkedin/Carrousel réglementaires
[2026-07-06 14:03:16] [DEBUG] [404] Item pas encore disponible, retry 3/3 dans 2s: Drive ECHOLINE/04-Community management/E- Linkedin/Carrousel réglementaires
[2026-07-06 14:03:18] [WARN] Impossible de récupérer l'item destination pour les droits: Drive ECHOLINE/04-Community management/E- Linkedin/Carrousel réglementaires - Le serveur distant a retourné une erreur : (404) Introuvable.
[2026-07-06 14:03:18] [INFO] Traitement: /Drive ECHOLINE/04-Community management/ZZ-Archives/ (6 permission(s))
[2026-07-06 14:03:18] [INFO] === COPIE REELLE: Drive ECHOLINE/04-Community management/ZZ-Archives ===
[2026-07-06 14:03:19] [SUCCESS] Dossier cree: Drive ECHOLINE/04-Community management/ZZ-Archives
[2026-07-06 14:03:19] [WARN] Pas de mappage pour: SERVICES_GENERAUX - Visiteurs () - permission ignorée sur Drive ECHOLINE/04-Community management/ZZ-Archives
[2026-07-06 14:03:19] [WARN] Pas de mappage pour: Propriétaires de SERVICES_GENERAUX () - permission ignorée sur Drive ECHOLINE/04-Community management/ZZ-Archives
[2026-07-06 14:03:19] [WARN] Pas de mappage pour: SERVICES_GENERAUX - Membres () - permission ignorée sur Drive ECHOLINE/04-Community management/ZZ-Archives
[2026-07-06 14:03:19] [SUCCESS] Permission appliquée: User 01 [write] -> Drive ECHOLINE/04-Community management/ZZ-Archives
[2026-07-06 14:03:19] [SUCCESS] Permission appliquée: Equipe INFRA [write] -> Drive ECHOLINE/04-Community management/ZZ-Archives
[2026-07-06 14:03:19] [WARN] Impossible de résoudre 'grp_test' dans le tenant destination - permission ignorée
[2026-07-06 14:03:19] [INFO] Traitement: /Drive ECHOLINE/04-Community management/ZZ-Archives/Matinales/ (6 permission(s))
[2026-07-06 14:03:19] [INFO] === COPIE REELLE: Drive ECHOLINE/04-Community management/ZZ-Archives/Matinales ===
[2026-07-06 14:03:20] [SUCCESS] Dossier cree: Drive ECHOLINE/04-Community management/ZZ-Archives/Matinales
[2026-07-06 14:03:20] [WARN] Impossible de résoudre 'grp_test' dans le tenant destination - permission ignorée
[2026-07-06 14:03:20] [WARN] Pas de mappage pour: Propriétaires de SERVICES_GENERAUX () - permission ignorée sur Drive ECHOLINE/04-Community management/ZZ-Archives/Matinales
[2026-07-06 14:03:20] [WARN] Pas de mappage pour: SERVICES_GENERAUX - Membres () - permission ignorée sur Drive ECHOLINE/04-Community management/ZZ-Archives/Matinales
[2026-07-06 14:03:21] [SUCCESS] Permission appliquée: User 01 [write] -> Drive ECHOLINE/04-Community management/ZZ-Archives/Matinales
[2026-07-06 14:03:21] [SUCCESS] Permission appliquée: Equipe INFRA [write] -> Drive ECHOLINE/04-Community management/ZZ-Archives/Matinales
[2026-07-06 14:03:21] [WARN] Pas de mappage pour: SERVICES_GENERAUX - Visiteurs () - permission ignorée sur Drive ECHOLINE/04-Community management/ZZ-Archives/Matinales
[2026-07-06 14:03:21] [INFO] Traitement: /Drive ECHOLINE/05-Sales/ (6 permission(s))
[2026-07-06 14:03:21] [INFO] === COPIE REELLE: Drive ECHOLINE/05-Sales ===
[2026-07-06 14:03:21] [SUCCESS] Dossier cree: Drive ECHOLINE/05-Sales
[2026-07-06 14:03:21] [WARN] Impossible de résoudre 'grp_test' dans le tenant destination - permission ignorée
[2026-07-06 14:03:22] [SUCCESS] Permission appliquée: Equipe INFRA [write] -> Drive ECHOLINE/05-Sales
[2026-07-06 14:03:22] [SUCCESS] Permission appliquée: User 01 [write] -> Drive ECHOLINE/05-Sales
[2026-07-06 14:03:22] [WARN] Pas de mappage pour: SERVICES_GENERAUX - Membres () - permission ignorée sur Drive ECHOLINE/05-Sales
[2026-07-06 14:03:22] [WARN] Pas de mappage pour: SERVICES_GENERAUX - Visiteurs () - permission ignorée sur Drive ECHOLINE/05-Sales
[2026-07-06 14:03:22] [WARN] Pas de mappage pour: Propriétaires de SERVICES_GENERAUX () - permission ignorée sur Drive ECHOLINE/05-Sales
[2026-07-06 14:03:22] [INFO] Traitement: /Drive ECHOLINE/05-Sales/A-Prospects/ (6 permission(s))
[2026-07-06 14:03:22] [INFO] === COPIE REELLE: Drive ECHOLINE/05-Sales/A-Prospects ===
[2026-07-06 14:03:23] [SUCCESS] Dossier cree: Drive ECHOLINE/05-Sales/A-Prospects
[2026-07-06 14:03:23] [SUCCESS] Permission appliquée: Equipe INFRA [write] -> Drive ECHOLINE/05-Sales/A-Prospects
[2026-07-06 14:03:23] [WARN] Pas de mappage pour: Propriétaires de SERVICES_GENERAUX () - permission ignorée sur Drive ECHOLINE/05-Sales/A-Prospects
[2026-07-06 14:03:23] [WARN] Pas de mappage pour: SERVICES_GENERAUX - Membres () - permission ignorée sur Drive ECHOLINE/05-Sales/A-Prospects
[2026-07-06 14:03:23] [WARN] Pas de mappage pour: SERVICES_GENERAUX - Visiteurs () - permission ignorée sur Drive ECHOLINE/05-Sales/A-Prospects
[2026-07-06 14:03:23] [SUCCESS] Permission appliquée: User 01 [write] -> Drive ECHOLINE/05-Sales/A-Prospects
[2026-07-06 14:03:23] [WARN] Impossible de résoudre 'grp_test' dans le tenant destination - permission ignorée
[2026-07-06 14:03:23] [INFO] Traitement: /Drive ECHOLINE/05-Sales/A-Prospects/AES SARL/ (6 permission(s))
[2026-07-06 14:03:23] [INFO] === COPIE REELLE: Drive ECHOLINE/05-Sales/A-Prospects/AES SARL ===
[2026-07-06 14:03:24] [SUCCESS] Dossier cree: Drive ECHOLINE/05-Sales/A-Prospects/AES SARL
[2026-07-06 14:03:24] [SUCCESS] Permission appliquée: Equipe INFRA [write] -> Drive ECHOLINE/05-Sales/A-Prospects/AES SARL
[2026-07-06 14:03:25] [SUCCESS] Permission appliquée: User 01 [write] -> Drive ECHOLINE/05-Sales/A-Prospects/AES SARL
[2026-07-06 14:03:25] [WARN] Pas de mappage pour: SERVICES_GENERAUX - Membres () - permission ignorée sur Drive ECHOLINE/05-Sales/A-Prospects/AES SARL
[2026-07-06 14:03:25] [WARN] Pas de mappage pour: SERVICES_GENERAUX - Visiteurs () - permission ignorée sur Drive ECHOLINE/05-Sales/A-Prospects/AES SARL
[2026-07-06 14:03:25] [WARN] Pas de mappage pour: Propriétaires de SERVICES_GENERAUX () - permission ignorée sur Drive ECHOLINE/05-Sales/A-Prospects/AES SARL
[2026-07-06 14:03:25] [WARN] Impossible de résoudre 'grp_test' dans le tenant destination - permission ignorée
[2026-07-06 14:03:25] [INFO] Traitement: /Drive ECHOLINE/05-Sales/A-Prospects/ALCHIMIES/ (6 permission(s))
[2026-07-06 14:03:25] [INFO] === COPIE REELLE: Drive ECHOLINE/05-Sales/A-Prospects/ALCHIMIES ===
[2026-07-06 14:03:25] [SUCCESS] Dossier cree: Drive ECHOLINE/05-Sales/A-Prospects/ALCHIMIES
[2026-07-06 14:03:26] [SUCCESS] Permission appliquée: User 01 [write] -> Drive ECHOLINE/05-Sales/A-Prospects/ALCHIMIES
[2026-07-06 14:03:26] [WARN] Pas de mappage pour: SERVICES_GENERAUX - Membres () - permission ignorée sur Drive ECHOLINE/05-Sales/A-Prospects/ALCHIMIES
[2026-07-06 14:03:26] [WARN] Pas de mappage pour: SERVICES_GENERAUX - Visiteurs () - permission ignorée sur Drive ECHOLINE/05-Sales/A-Prospects/ALCHIMIES
[2026-07-06 14:03:26] [WARN] Pas de mappage pour: Propriétaires de SERVICES_GENERAUX () - permission ignorée sur Drive ECHOLINE/05-Sales/A-Prospects/ALCHIMIES
[2026-07-06 14:03:26] [WARN] Impossible de résoudre 'grp_test' dans le tenant destination - permission ignorée
[2026-07-06 14:03:26] [SUCCESS] Permission appliquée: Equipe INFRA [write] -> Drive ECHOLINE/05-Sales/A-Prospects/ALCHIMIES
[2026-07-06 14:03:26] [INFO] Traitement: /Drive ECHOLINE/05-Sales/A-Prospects/APAG/ (6 permission(s))
[2026-07-06 14:03:26] [INFO] === COPIE REELLE: Drive ECHOLINE/05-Sales/A-Prospects/APAG ===
[2026-07-06 14:03:27] [SUCCESS] Dossier cree: Drive ECHOLINE/05-Sales/A-Prospects/APAG
[2026-07-06 14:03:27] [WARN] Impossible de résoudre 'grp_test' dans le tenant destination - permission ignorée
[2026-07-06 14:03:27] [SUCCESS] Permission appliquée: User 01 [write] -> Drive ECHOLINE/05-Sales/A-Prospects/APAG
[2026-07-06 14:03:27] [WARN] Pas de mappage pour: SERVICES_GENERAUX - Membres () - permission ignorée sur Drive ECHOLINE/05-Sales/A-Prospects/APAG
[2026-07-06 14:03:27] [WARN] Pas de mappage pour: SERVICES_GENERAUX - Visiteurs () - permission ignorée sur Drive ECHOLINE/05-Sales/A-Prospects/APAG
[2026-07-06 14:03:27] [WARN] Pas de mappage pour: Propriétaires de SERVICES_GENERAUX () - permission ignorée sur Drive ECHOLINE/05-Sales/A-Prospects/APAG
[2026-07-06 14:03:27] [SUCCESS] Permission appliquée: Equipe INFRA [write] -> Drive ECHOLINE/05-Sales/A-Prospects/APAG
[2026-07-06 14:03:28] [INFO] Traitement: /Drive ECHOLINE/05-Sales/A-Prospects/BIOTOPE/ (6 permission(s))
[2026-07-06 14:03:28] [INFO] === COPIE REELLE: Drive ECHOLINE/05-Sales/A-Prospects/BIOTOPE ===
[2026-07-06 14:03:28] [SUCCESS] Dossier cree: Drive ECHOLINE/05-Sales/A-Prospects/BIOTOPE
[2026-07-06 14:03:28] [WARN] Pas de mappage pour: SERVICES_GENERAUX - Visiteurs () - permission ignorée sur Drive ECHOLINE/05-Sales/A-Prospects/BIOTOPE
[2026-07-06 14:03:28] [WARN] Pas de mappage pour: Propriétaires de SERVICES_GENERAUX () - permission ignorée sur Drive ECHOLINE/05-Sales/A-Prospects/BIOTOPE
[2026-07-06 14:03:29] [WARN] Pas de mappage pour: SERVICES_GENERAUX - Membres () - permission ignorée sur Drive ECHOLINE/05-Sales/A-Prospects/BIOTOPE
[2026-07-06 14:03:29] [WARN] Impossible de résoudre 'grp_test' dans le tenant destination - permission ignorée
[2026-07-06 14:03:29] [SUCCESS] Permission appliquée: Equipe INFRA [write] -> Drive ECHOLINE/05-Sales/A-Prospects/BIOTOPE
[2026-07-06 14:03:29] [SUCCESS] Permission appliquée: User 01 [write] -> Drive ECHOLINE/05-Sales/A-Prospects/BIOTOPE
[2026-07-06 14:03:29] [INFO] Traitement: /Drive ECHOLINE/05-Sales/A-Prospects/BOBITECH/ (6 permission(s))
[2026-07-06 14:03:29] [INFO] === COPIE REELLE: Drive ECHOLINE/05-Sales/A-Prospects/BOBITECH ===
[2026-07-06 14:03:30] [SUCCESS] Dossier cree: Drive ECHOLINE/05-Sales/A-Prospects/BOBITECH
[2026-07-06 14:03:30] [SUCCESS] Permission appliquée: User 01 [write] -> Drive ECHOLINE/05-Sales/A-Prospects/BOBITECH
[2026-07-06 14:03:30] [WARN] Pas de mappage pour: SERVICES_GENERAUX - Membres () - permission ignorée sur Drive ECHOLINE/05-Sales/A-Prospects/BOBITECH
[2026-07-06 14:03:30] [WARN] Impossible de résoudre 'grp_test' dans le tenant destination - permission ignorée
[2026-07-06 14:03:30] [WARN] Pas de mappage pour: SERVICES_GENERAUX - Visiteurs () - permission ignorée sur Drive ECHOLINE/05-Sales/A-Prospects/BOBITECH
[2026-07-06 14:03:30] [WARN] Pas de mappage pour: Propriétaires de SERVICES_GENERAUX () - permission ignorée sur Drive ECHOLINE/05-Sales/A-Prospects/BOBITECH
[2026-07-06 14:03:30] [SUCCESS] Permission appliquée: Equipe INFRA [write] -> Drive ECHOLINE/05-Sales/A-Prospects/BOBITECH
[2026-07-06 14:03:30] [INFO] Traitement: /Drive ECHOLINE/05-Sales/A-Prospects/CAMO GROUPE/ (6 permission(s))
[2026-07-06 14:03:30] [INFO] === COPIE REELLE: Drive ECHOLINE/05-Sales/A-Prospects/CAMO GROUPE ===
[2026-07-06 14:03:31] [SUCCESS] Dossier cree: Drive ECHOLINE/05-Sales/A-Prospects/CAMO GROUPE
[2026-07-06 14:03:31] [WARN] Pas de mappage pour: SERVICES_GENERAUX - Visiteurs () - permission ignorée sur Drive ECHOLINE/05-Sales/A-Prospects/CAMO GROUPE
[2026-07-06 14:03:31] [WARN] Pas de mappage pour: Propriétaires de SERVICES_GENERAUX () - permission ignorée sur Drive ECHOLINE/05-Sales/A-Prospects/CAMO GROUPE
[2026-07-06 14:03:31] [WARN] Impossible de résoudre 'grp_test' dans le tenant destination - permission ignorée
[2026-07-06 14:03:31] [SUCCESS] Permission appliquée: Equipe INFRA [write] -> Drive ECHOLINE/05-Sales/A-Prospects/CAMO GROUPE
[2026-07-06 14:03:32] [SUCCESS] Permission appliquée: User 01 [write] -> Drive ECHOLINE/05-Sales/A-Prospects/CAMO GROUPE
[2026-07-06 14:03:32] [WARN] Pas de mappage pour: SERVICES_GENERAUX - Membres () - permission ignorée sur Drive ECHOLINE/05-Sales/A-Prospects/CAMO GROUPE
[2026-07-06 14:03:32] [INFO] Traitement: /Drive ECHOLINE/05-Sales/A-Prospects/CAPSUM/ (6 permission(s))
[2026-07-06 14:03:32] [INFO] === COPIE REELLE: Drive ECHOLINE/05-Sales/A-Prospects/CAPSUM ===
[2026-07-06 14:03:32] [SUCCESS] Dossier cree: Drive ECHOLINE/05-Sales/A-Prospects/CAPSUM
[2026-07-06 14:03:33] [SUCCESS] Permission appliquée: User 01 [write] -> Drive ECHOLINE/05-Sales/A-Prospects/CAPSUM
[2026-07-06 14:03:33] [WARN] Pas de mappage pour: SERVICES_GENERAUX - Membres () - permission ignorée sur Drive ECHOLINE/05-Sales/A-Prospects/CAPSUM
[2026-07-06 14:03:33] [WARN] Pas de mappage pour: SERVICES_GENERAUX - Visiteurs () - permission ignorée sur Drive ECHOLINE/05-Sales/A-Prospects/CAPSUM
[2026-07-06 14:03:33] [WARN] Pas de mappage pour: Propriétaires de SERVICES_GENERAUX () - permission ignorée sur Drive ECHOLINE/05-Sales/A-Prospects/CAPSUM
[2026-07-06 14:03:33] [SUCCESS] Permission appliquée: Equipe INFRA [write] -> Drive ECHOLINE/05-Sales/A-Prospects/CAPSUM
[2026-07-06 14:03:33] [WARN] Impossible de résoudre 'grp_test' dans le tenant destination - permission ignorée
[2026-07-06 14:03:33] [INFO] Traitement: /Drive ECHOLINE/05-Sales/A-Prospects/CATTIER PARIS/ (6 permission(s))
[2026-07-06 14:03:33] [INFO] === COPIE REELLE: Drive ECHOLINE/05-Sales/A-Prospects/CATTIER PARIS ===
[2026-07-06 14:03:34] [SUCCESS] Dossier cree: Drive ECHOLINE/05-Sales/A-Prospects/CATTIER PARIS
[2026-07-06 14:03:34] [WARN] Impossible de résoudre 'grp_test' dans le tenant destination - permission ignorée
[2026-07-06 14:03:34] [WARN] Pas de mappage pour: Propriétaires de SERVICES_GENERAUX () - permission ignorée sur Drive ECHOLINE/05-Sales/A-Prospects/CATTIER PARIS
[2026-07-06 14:03:34] [WARN] Pas de mappage pour: SERVICES_GENERAUX - Visiteurs () - permission ignorée sur Drive ECHOLINE/05-Sales/A-Prospects/CATTIER PARIS
[2026-07-06 14:03:34] [WARN] Pas de mappage pour: SERVICES_GENERAUX - Membres () - permission ignorée sur Drive ECHOLINE/05-Sales/A-Prospects/CATTIER PARIS
[2026-07-06 14:03:34] [SUCCESS] Permission appliquée: User 01 [write] -> Drive ECHOLINE/05-Sales/A-Prospects/CATTIER PARIS
[2026-07-06 14:03:34] [SUCCESS] Permission appliquée: Equipe INFRA [write] -> Drive ECHOLINE/05-Sales/A-Prospects/CATTIER PARIS
[2026-07-06 14:03:34] [INFO] Traitement: /Drive ECHOLINE/05-Sales/A-Prospects/CERTINERGY/ (6 permission(s))
[2026-07-06 14:03:34] [INFO] === COPIE REELLE: Drive ECHOLINE/05-Sales/A-Prospects/CERTINERGY ===
[2026-07-06 14:03:35] [SUCCESS] Dossier cree: Drive ECHOLINE/05-Sales/A-Prospects/CERTINERGY
[2026-07-06 14:03:35] [SUCCESS] Permission appliquée: User 01 [write] -> Drive ECHOLINE/05-Sales/A-Prospects/CERTINERGY
[2026-07-06 14:03:35] [WARN] Pas de mappage pour: Propriétaires de SERVICES_GENERAUX () - permission ignorée sur Drive ECHOLINE/05-Sales/A-Prospects/CERTINERGY
[2026-07-06 14:03:35] [WARN] Pas de mappage pour: SERVICES_GENERAUX - Visiteurs () - permission ignorée sur Drive ECHOLINE/05-Sales/A-Prospects/CERTINERGY
[2026-07-06 14:03:35] [WARN] Pas de mappage pour: SERVICES_GENERAUX - Membres () - permission ignorée sur Drive ECHOLINE/05-Sales/A-Prospects/CERTINERGY
[2026-07-06 14:03:36] [SUCCESS] Permission appliquée: Equipe INFRA [write] -> Drive ECHOLINE/05-Sales/A-Prospects/CERTINERGY
[2026-07-06 14:03:36] [WARN] Impossible de résoudre 'grp_test' dans le tenant destination - permission ignorée
[2026-07-06 14:03:36] [INFO] Traitement: /Drive ECHOLINE/05-Sales/A-Prospects/CHARGEURS PCC/ (6 permission(s))
[2026-07-06 14:03:36] [INFO] === COPIE REELLE: Drive ECHOLINE/05-Sales/A-Prospects/CHARGEURS PCC ===
[2026-07-06 14:03:36] [SUCCESS] Dossier cree: Drive ECHOLINE/05-Sales/A-Prospects/CHARGEURS PCC
[2026-07-06 14:03:36] [WARN] Impossible de résoudre 'grp_test' dans le tenant destination - permission ignorée
[2026-07-06 14:03:37] [SUCCESS] Permission appliquée: Equipe INFRA [write] -> Drive ECHOLINE/05-Sales/A-Prospects/CHARGEURS PCC
[2026-07-06 14:03:37] [SUCCESS] Permission appliquée: User 01 [write] -> Drive ECHOLINE/05-Sales/A-Prospects/CHARGEURS PCC
[2026-07-06 14:03:37] [WARN] Pas de mappage pour: SERVICES_GENERAUX - Membres () - permission ignorée sur Drive ECHOLINE/05-Sales/A-Prospects/CHARGEURS PCC
[2026-07-06 14:03:37] [WARN] Pas de mappage pour: SERVICES_GENERAUX - Visiteurs () - permission ignorée sur Drive ECHOLINE/05-Sales/A-Prospects/CHARGEURS PCC
[2026-07-06 14:03:37] [WARN] Pas de mappage pour: Propriétaires de SERVICES_GENERAUX () - permission ignorée sur Drive ECHOLINE/05-Sales/A-Prospects/CHARGEURS PCC
[2026-07-06 14:03:37] [INFO] Traitement: /Drive ECHOLINE/05-Sales/A-Prospects/COLOREY/ (6 permission(s))
[2026-07-06 14:03:37] [INFO] === COPIE REELLE: Drive ECHOLINE/05-Sales/A-Prospects/COLOREY ===
[2026-07-06 14:03:38] [SUCCESS] Dossier cree: Drive ECHOLINE/05-Sales/A-Prospects/COLOREY
[2026-07-06 14:03:38] [WARN] Pas de mappage pour: SERVICES_GENERAUX - Membres () - permission ignorée sur Drive ECHOLINE/05-Sales/A-Prospects/COLOREY
[2026-07-06 14:03:38] [WARN] Impossible de résoudre 'grp_test' dans le tenant destination - permission ignorée
[2026-07-06 14:03:38] [WARN] Pas de mappage pour: SERVICES_GENERAUX - Visiteurs () - permission ignorée sur Drive ECHOLINE/05-Sales/A-Prospects/COLOREY
[2026-07-06 14:03:38] [WARN] Pas de mappage pour: Propriétaires de SERVICES_GENERAUX () - permission ignorée sur Drive ECHOLINE/05-Sales/A-Prospects/COLOREY
[2026-07-06 14:03:38] [SUCCESS] Permission appliquée: User 01 [write] -> Drive ECHOLINE/05-Sales/A-Prospects/COLOREY
[2026-07-06 14:03:38] [SUCCESS] Permission appliquée: Equipe INFRA [write] -> Drive ECHOLINE/05-Sales/A-Prospects/COLOREY
[2026-07-06 14:03:38] [INFO] Traitement: /Drive ECHOLINE/05-Sales/A-Prospects/CPCU/ (6 permission(s))
[2026-07-06 14:03:38] [INFO] === COPIE REELLE: Drive ECHOLINE/05-Sales/A-Prospects/CPCU ===
[2026-07-06 14:03:39] [SUCCESS] Dossier cree: Drive ECHOLINE/05-Sales/A-Prospects/CPCU
[2026-07-06 14:03:39] [WARN] Impossible de résoudre 'grp_test' dans le tenant destination - permission ignorée
[2026-07-06 14:03:39] [WARN] Pas de mappage pour: Propriétaires de SERVICES_GENERAUX () - permission ignorée sur Drive ECHOLINE/05-Sales/A-Prospects/CPCU
[2026-07-06 14:03:39] [WARN] Pas de mappage pour: SERVICES_GENERAUX - Visiteurs () - permission ignorée sur Drive ECHOLINE/05-Sales/A-Prospects/CPCU
[2026-07-06 14:03:39] [WARN] Pas de mappage pour: SERVICES_GENERAUX - Membres () - permission ignorée sur Drive ECHOLINE/05-Sales/A-Prospects/CPCU
[2026-07-06 14:03:39] [SUCCESS] Permission appliquée: User 01 [write] -> Drive ECHOLINE/05-Sales/A-Prospects/CPCU
[2026-07-06 14:03:40] [SUCCESS] Permission appliquée: Equipe INFRA [write] -> Drive ECHOLINE/05-Sales/A-Prospects/CPCU
[2026-07-06 14:03:40] [INFO] Traitement: /Drive ECHOLINE/05-Sales/A-Prospects/CTIBIOTECH/ (6 permission(s))
[2026-07-06 14:03:40] [INFO] === COPIE REELLE: Drive ECHOLINE/05-Sales/A-Prospects/CTIBIOTECH ===
[2026-07-06 14:03:40] [SUCCESS] Dossier cree: Drive ECHOLINE/05-Sales/A-Prospects/CTIBIOTECH
[2026-07-06 14:03:41] [WARN] Pas de mappage pour: Propriétaires de SERVICES_GENERAUX () - permission ignorée sur Drive ECHOLINE/05-Sales/A-Prospects/CTIBIOTECH
[2026-07-06 14:03:41] [WARN] Pas de mappage pour: SERVICES_GENERAUX - Visiteurs () - permission ignorée sur Drive ECHOLINE/05-Sales/A-Prospects/CTIBIOTECH
[2026-07-06 14:03:41] [WARN] Pas de mappage pour: SERVICES_GENERAUX - Membres () - permission ignorée sur Drive ECHOLINE/05-Sales/A-Prospects/CTIBIOTECH
[2026-07-06 14:03:41] [SUCCESS] Permission appliquée: User 01 [write] -> Drive ECHOLINE/05-Sales/A-Prospects/CTIBIOTECH
[2026-07-06 14:03:41] [SUCCESS] Permission appliquée: Equipe INFRA [write] -> Drive ECHOLINE/05-Sales/A-Prospects/CTIBIOTECH
[2026-07-06 14:03:41] [WARN] Impossible de résoudre 'grp_test' dans le tenant destination - permission ignorée
[2026-07-06 14:03:41] [INFO] Traitement: /Drive ECHOLINE/05-Sales/A-Prospects/ELIOR SERVICES/ (6 permission(s))
[2026-07-06 14:03:41] [INFO] === COPIE REELLE: Drive ECHOLINE/05-Sales/A-Prospects/ELIOR SERVICES ===
[2026-07-06 14:03:42] [SUCCESS] Dossier cree: Drive ECHOLINE/05-Sales/A-Prospects/ELIOR SERVICES
[2026-07-06 14:03:42] [WARN] Pas de mappage pour: Propriétaires de SERVICES_GENERAUX () - permission ignorée sur Drive ECHOLINE/05-Sales/A-Prospects/ELIOR SERVICES
[2026-07-06 14:03:42] [WARN] Impossible de résoudre 'grp_test' dans le tenant destination - permission ignorée
[2026-07-06 14:03:42] [SUCCESS] Permission appliquée: Equipe INFRA [write] -> Drive ECHOLINE/05-Sales/A-Prospects/ELIOR SERVICES
[2026-07-06 14:03:42] [SUCCESS] Permission appliquée: User 01 [write] -> Drive ECHOLINE/05-Sales/A-Prospects/ELIOR SERVICES
[2026-07-06 14:03:42] [WARN] Pas de mappage pour: SERVICES_GENERAUX - Membres () - permission ignorée sur Drive ECHOLINE/05-Sales/A-Prospects/ELIOR SERVICES
[2026-07-06 14:03:42] [WARN] Pas de mappage pour: SERVICES_GENERAUX - Visiteurs () - permission ignorée sur Drive ECHOLINE/05-Sales/A-Prospects/ELIOR SERVICES
[2026-07-06 14:03:42] [INFO] Traitement: /Drive ECHOLINE/05-Sales/A-Prospects/ELIS/ (6 permission(s))
[2026-07-06 14:03:42] [INFO] === COPIE REELLE: Drive ECHOLINE/05-Sales/A-Prospects/ELIS ===
[2026-07-06 14:03:43] [SUCCESS] Dossier cree: Drive ECHOLINE/05-Sales/A-Prospects/ELIS
[2026-07-06 14:03:43] [WARN] Pas de mappage pour: Propriétaires de SERVICES_GENERAUX () - permission ignorée sur Drive ECHOLINE/05-Sales/A-Prospects/ELIS
[2026-07-06 14:03:43] [WARN] Pas de mappage pour: SERVICES_GENERAUX - Membres () - permission ignorée sur Drive ECHOLINE/05-Sales/A-Prospects/ELIS
[2026-07-06 14:03:43] [SUCCESS] Permission appliquée: Equipe INFRA [write] -> Drive ECHOLINE/05-Sales/A-Prospects/ELIS
[2026-07-06 14:03:43] [WARN] Impossible de résoudre 'grp_test' dans le tenant destination - permission ignorée
[2026-07-06 14:03:43] [WARN] Pas de mappage pour: SERVICES_GENERAUX - Visiteurs () - permission ignorée sur Drive ECHOLINE/05-Sales/A-Prospects/ELIS
[2026-07-06 14:03:44] [SUCCESS] Permission appliquée: User 01 [write] -> Drive ECHOLINE/05-Sales/A-Prospects/ELIS
[2026-07-06 14:03:44] [INFO] Traitement: /Drive ECHOLINE/05-Sales/A-Prospects/ENTSIA/ (6 permission(s))
[2026-07-06 14:03:44] [INFO] === COPIE REELLE: Drive ECHOLINE/05-Sales/A-Prospects/ENTSIA ===
[2026-07-06 14:03:44] [SUCCESS] Dossier cree: Drive ECHOLINE/05-Sales/A-Prospects/ENTSIA
[2026-07-06 14:03:44] [WARN] Impossible de résoudre 'grp_test' dans le tenant destination - permission ignorée
[2026-07-06 14:03:45] [SUCCESS] Permission appliquée: Equipe INFRA [write] -> Drive ECHOLINE/05-Sales/A-Prospects/ENTSIA
[2026-07-06 14:03:45] [SUCCESS] Permission appliquée: User 01 [write] -> Drive ECHOLINE/05-Sales/A-Prospects/ENTSIA
[2026-07-06 14:03:45] [WARN] Pas de mappage pour: SERVICES_GENERAUX - Membres () - permission ignorée sur Drive ECHOLINE/05-Sales/A-Prospects/ENTSIA
[2026-07-06 14:03:45] [WARN] Pas de mappage pour: SERVICES_GENERAUX - Visiteurs () - permission ignorée sur Drive ECHOLINE/05-Sales/A-Prospects/ENTSIA
[2026-07-06 14:03:45] [WARN] Pas de mappage pour: Propriétaires de SERVICES_GENERAUX () - permission ignorée sur Drive ECHOLINE/05-Sales/A-Prospects/ENTSIA
[2026-07-06 14:03:45] [INFO] Traitement: /Drive ECHOLINE/05-Sales/A-Prospects/ENVIRIS/ (6 permission(s))
[2026-07-06 14:03:45] [INFO] === COPIE REELLE: Drive ECHOLINE/05-Sales/A-Prospects/ENVIRIS ===
[2026-07-06 14:03:46] [SUCCESS] Dossier cree: Drive ECHOLINE/05-Sales/A-Prospects/ENVIRIS
[2026-07-06 14:03:46] [SUCCESS] Permission appliquée: Equipe INFRA [write] -> Drive ECHOLINE/05-Sales/A-Prospects/ENVIRIS
[2026-07-06 14:03:46] [WARN] Pas de mappage pour: Propriétaires de SERVICES_GENERAUX () - permission ignorée sur Drive ECHOLINE/05-Sales/A-Prospects/ENVIRIS
[2026-07-06 14:03:46] [WARN] Pas de mappage pour: SERVICES_GENERAUX - Visiteurs () - permission ignorée sur Drive ECHOLINE/05-Sales/A-Prospects/ENVIRIS
[2026-07-06 14:03:46] [WARN] Pas de mappage pour: SERVICES_GENERAUX - Membres () - permission ignorée sur Drive ECHOLINE/05-Sales/A-Prospects/ENVIRIS
[2026-07-06 14:03:46] [SUCCESS] Permission appliquée: User 01 [write] -> Drive ECHOLINE/05-Sales/A-Prospects/ENVIRIS
[2026-07-06 14:03:46] [WARN] Impossible de résoudre 'grp_test' dans le tenant destination - permission ignorée
[2026-07-06 14:03:46] [INFO] Traitement: /Drive ECHOLINE/05-Sales/A-Prospects/EUROSOURCING/ (6 permission(s))
[2026-07-06 14:03:46] [INFO] === COPIE REELLE: Drive ECHOLINE/05-Sales/A-Prospects/EUROSOURCING ===
[2026-07-06 14:03:47] [SUCCESS] Dossier cree: Drive ECHOLINE/05-Sales/A-Prospects/EUROSOURCING
[2026-07-06 14:03:47] [WARN] Impossible de résoudre 'grp_test' dans le tenant destination - permission ignorée
[2026-07-06 14:03:47] [WARN] Pas de mappage pour: Propriétaires de SERVICES_GENERAUX () - permission ignorée sur Drive ECHOLINE/05-Sales/A-Prospects/EUROSOURCING
[2026-07-06 14:03:47] [SUCCESS] Permission appliquée: Equipe INFRA [write] -> Drive ECHOLINE/05-Sales/A-Prospects/EUROSOURCING
[2026-07-06 14:03:47] [WARN] Pas de mappage pour: SERVICES_GENERAUX - Visiteurs () - permission ignorée sur Drive ECHOLINE/05-Sales/A-Prospects/EUROSOURCING
[2026-07-06 14:03:47] [WARN] Pas de mappage pour: SERVICES_GENERAUX - Membres () - permission ignorée sur Drive ECHOLINE/05-Sales/A-Prospects/EUROSOURCING
[2026-07-06 14:03:47] [SUCCESS] Permission appliquée: User 01 [write] -> Drive ECHOLINE/05-Sales/A-Prospects/EUROSOURCING
[2026-07-06 14:03:47] [INFO] Traitement: /Drive ECHOLINE/05-Sales/A-Prospects/FOURÉ LAGADEC/ (6 permission(s))
[2026-07-06 14:03:47] [INFO] === COPIE REELLE: Drive ECHOLINE/05-Sales/A-Prospects/FOURÉ LAGADEC ===
[2026-07-06 14:03:48] [SUCCESS] Dossier cree: Drive ECHOLINE/05-Sales/A-Prospects/FOURÉ LAGADEC
[2026-07-06 14:03:49] [DEBUG] [404] Item pas encore disponible, retry 1/3 dans 2s: Drive ECHOLINE/05-Sales/A-Prospects/FOURÉ LAGADEC
[2026-07-06 14:03:51] [DEBUG] [404] Item pas encore disponible, retry 2/3 dans 2s: Drive ECHOLINE/05-Sales/A-Prospects/FOURÉ LAGADEC
[2026-07-06 14:03:53] [DEBUG] [404] Item pas encore disponible, retry 3/3 dans 2s: Drive ECHOLINE/05-Sales/A-Prospects/FOURÉ LAGADEC
[2026-07-06 14:03:55] [WARN] Impossible de récupérer l'item destination pour les droits: Drive ECHOLINE/05-Sales/A-Prospects/FOURÉ LAGADEC - Le serveur distant a retourné une erreur : (404) Introuvable.
[2026-07-06 14:03:55] [INFO] Traitement: /Drive ECHOLINE/05-Sales/A-Prospects/GETRAC/ (6 permission(s))
[2026-07-06 14:03:55] [INFO] === COPIE REELLE: Drive ECHOLINE/05-Sales/A-Prospects/GETRAC ===
[2026-07-06 14:03:56] [SUCCESS] Dossier cree: Drive ECHOLINE/05-Sales/A-Prospects/GETRAC
[2026-07-06 14:03:56] [WARN] Pas de mappage pour: Propriétaires de SERVICES_GENERAUX () - permission ignorée sur Drive ECHOLINE/05-Sales/A-Prospects/GETRAC
[2026-07-06 14:03:56] [WARN] Pas de mappage pour: SERVICES_GENERAUX - Visiteurs () - permission ignorée sur Drive ECHOLINE/05-Sales/A-Prospects/GETRAC
[2026-07-06 14:03:56] [WARN] Pas de mappage pour: SERVICES_GENERAUX - Membres () - permission ignorée sur Drive ECHOLINE/05-Sales/A-Prospects/GETRAC
[2026-07-06 14:03:56] [SUCCESS] Permission appliquée: User 01 [write] -> Drive ECHOLINE/05-Sales/A-Prospects/GETRAC
[2026-07-06 14:03:56] [SUCCESS] Permission appliquée: Equipe INFRA [write] -> Drive ECHOLINE/05-Sales/A-Prospects/GETRAC
[2026-07-06 14:03:57] [WARN] Impossible de résoudre 'grp_test' dans le tenant destination - permission ignorée
[2026-07-06 14:03:57] [INFO] Traitement: /Drive ECHOLINE/05-Sales/A-Prospects/GMP GROUP/ (6 permission(s))
[2026-07-06 14:03:57] [INFO] === COPIE REELLE: Drive ECHOLINE/05-Sales/A-Prospects/GMP GROUP ===
[2026-07-06 14:03:57] [SUCCESS] Dossier cree: Drive ECHOLINE/05-Sales/A-Prospects/GMP GROUP
[2026-07-06 14:03:57] [WARN] Impossible de résoudre 'grp_test' dans le tenant destination - permission ignorée
[2026-07-06 14:03:57] [WARN] Pas de mappage pour: SERVICES_GENERAUX - Visiteurs () - permission ignorée sur Drive ECHOLINE/05-Sales/A-Prospects/GMP GROUP
[2026-07-06 14:03:57] [WARN] Pas de mappage pour: SERVICES_GENERAUX - Membres () - permission ignorée sur Drive ECHOLINE/05-Sales/A-Prospects/GMP GROUP
[2026-07-06 14:03:58] [SUCCESS] Permission appliquée: User 01 [write] -> Drive ECHOLINE/05-Sales/A-Prospects/GMP GROUP
[2026-07-06 14:03:58] [SUCCESS] Permission appliquée: Equipe INFRA [write] -> Drive ECHOLINE/05-Sales/A-Prospects/GMP GROUP
[2026-07-06 14:03:58] [WARN] Pas de mappage pour: Propriétaires de SERVICES_GENERAUX () - permission ignorée sur Drive ECHOLINE/05-Sales/A-Prospects/GMP GROUP
[2026-07-06 14:03:58] [INFO] Traitement: /Drive ECHOLINE/05-Sales/A-Prospects/GROUPE BOISSEAU/ (6 permission(s))
[2026-07-06 14:03:58] [INFO] === COPIE REELLE: Drive ECHOLINE/05-Sales/A-Prospects/GROUPE BOISSEAU ===
[2026-07-06 14:03:59] [SUCCESS] Dossier cree: Drive ECHOLINE/05-Sales/A-Prospects/GROUPE BOISSEAU
[2026-07-06 14:03:59] [WARN] Impossible de résoudre 'grp_test' dans le tenant destination - permission ignorée
[2026-07-06 14:03:59] [SUCCESS] Permission appliquée: Equipe INFRA [write] -> Drive ECHOLINE/05-Sales/A-Prospects/GROUPE BOISSEAU
[2026-07-06 14:03:59] [SUCCESS] Permission appliquée: User 01 [write] -> Drive ECHOLINE/05-Sales/A-Prospects/GROUPE BOISSEAU
[2026-07-06 14:03:59] [WARN] Pas de mappage pour: SERVICES_GENERAUX - Membres () - permission ignorée sur Drive ECHOLINE/05-Sales/A-Prospects/GROUPE BOISSEAU
[2026-07-06 14:03:59] [WARN] Pas de mappage pour: SERVICES_GENERAUX - Visiteurs () - permission ignorée sur Drive ECHOLINE/05-Sales/A-Prospects/GROUPE BOISSEAU
[2026-07-06 14:03:59] [WARN] Pas de mappage pour: Propriétaires de SERVICES_GENERAUX () - permission ignorée sur Drive ECHOLINE/05-Sales/A-Prospects/GROUPE BOISSEAU
[2026-07-06 14:03:59] [INFO] Traitement: /Drive ECHOLINE/05-Sales/A-Prospects/IDI COMPOSITES/ (6 permission(s))
[2026-07-06 14:03:59] [INFO] === COPIE REELLE: Drive ECHOLINE/05-Sales/A-Prospects/IDI COMPOSITES ===
[2026-07-06 14:04:00] [SUCCESS] Dossier cree: Drive ECHOLINE/05-Sales/A-Prospects/IDI COMPOSITES
[2026-07-06 14:04:02] [SUCCESS] Permission appliquée: Equipe INFRA [write] -> Drive ECHOLINE/05-Sales/A-Prospects/IDI COMPOSITES
[2026-07-06 14:04:02] [WARN] Pas de mappage pour: Propriétaires de SERVICES_GENERAUX () - permission ignorée sur Drive ECHOLINE/05-Sales/A-Prospects/IDI COMPOSITES
[2026-07-06 14:04:02] [WARN] Pas de mappage pour: SERVICES_GENERAUX - Membres () - permission ignorée sur Drive ECHOLINE/05-Sales/A-Prospects/IDI COMPOSITES
[2026-07-06 14:04:02] [WARN] Pas de mappage pour: SERVICES_GENERAUX - Visiteurs () - permission ignorée sur Drive ECHOLINE/05-Sales/A-Prospects/IDI COMPOSITES
[2026-07-06 14:04:02] [SUCCESS] Permission appliquée: User 01 [write] -> Drive ECHOLINE/05-Sales/A-Prospects/IDI COMPOSITES
[2026-07-06 14:04:02] [WARN] Impossible de résoudre 'grp_test' dans le tenant destination - permission ignorée
[2026-07-06 14:04:02] [INFO] Traitement: /Drive ECHOLINE/05-Sales/A-Prospects/IPAC FRANCE/ (6 permission(s))
[2026-07-06 14:04:02] [INFO] === COPIE REELLE: Drive ECHOLINE/05-Sales/A-Prospects/IPAC FRANCE ===
[2026-07-06 14:04:03] [SUCCESS] Dossier cree: Drive ECHOLINE/05-Sales/A-Prospects/IPAC FRANCE
[2026-07-06 14:04:03] [WARN] Impossible de résoudre 'grp_test' dans le tenant destination - permission ignorée
[2026-07-06 14:04:03] [SUCCESS] Permission appliquée: Equipe INFRA [write] -> Drive ECHOLINE/05-Sales/A-Prospects/IPAC FRANCE
[2026-07-06 14:04:03] [SUCCESS] Permission appliquée: User 01 [write] -> Drive ECHOLINE/05-Sales/A-Prospects/IPAC FRANCE
[2026-07-06 14:04:03] [WARN] Pas de mappage pour: SERVICES_GENERAUX - Membres () - permission ignorée sur Drive ECHOLINE/05-Sales/A-Prospects/IPAC FRANCE
[2026-07-06 14:04:04] [WARN] Pas de mappage pour: SERVICES_GENERAUX - Visiteurs () - permission ignorée sur Drive ECHOLINE/05-Sales/A-Prospects/IPAC FRANCE
[2026-07-06 14:04:04] [WARN] Pas de mappage pour: Propriétaires de SERVICES_GENERAUX () - permission ignorée sur Drive ECHOLINE/05-Sales/A-Prospects/IPAC FRANCE
[2026-07-06 14:04:04] [INFO] Traitement: /Drive ECHOLINE/05-Sales/A-Prospects/ISOVER/ (6 permission(s))
[2026-07-06 14:04:04] [INFO] === COPIE REELLE: Drive ECHOLINE/05-Sales/A-Prospects/ISOVER ===
[2026-07-06 14:04:04] [SUCCESS] Dossier cree: Drive ECHOLINE/05-Sales/A-Prospects/ISOVER
[2026-07-06 14:04:05] [WARN] Pas de mappage pour: SERVICES_GENERAUX - Visiteurs () - permission ignorée sur Drive ECHOLINE/05-Sales/A-Prospects/ISOVER
[2026-07-06 14:04:05] [WARN] Pas de mappage pour: Propriétaires de SERVICES_GENERAUX () - permission ignorée sur Drive ECHOLINE/05-Sales/A-Prospects/ISOVER
[2026-07-06 14:04:05] [SUCCESS] Permission appliquée: User 01 [write] -> Drive ECHOLINE/05-Sales/A-Prospects/ISOVER
[2026-07-06 14:04:05] [WARN] Impossible de résoudre 'grp_test' dans le tenant destination - permission ignorée
[2026-07-06 14:04:05] [SUCCESS] Permission appliquée: Equipe INFRA [write] -> Drive ECHOLINE/05-Sales/A-Prospects/ISOVER
[2026-07-06 14:04:05] [WARN] Pas de mappage pour: SERVICES_GENERAUX - Membres () - permission ignorée sur Drive ECHOLINE/05-Sales/A-Prospects/ISOVER
[2026-07-06 14:04:05] [INFO] Traitement: /Drive ECHOLINE/05-Sales/A-Prospects/KARINE JEFF/ (6 permission(s))
[2026-07-06 14:04:05] [INFO] === COPIE REELLE: Drive ECHOLINE/05-Sales/A-Prospects/KARINE JEFF ===
[2026-07-06 14:04:06] [SUCCESS] Dossier cree: Drive ECHOLINE/05-Sales/A-Prospects/KARINE JEFF
[2026-07-06 14:04:06] [SUCCESS] Permission appliquée: Equipe INFRA [write] -> Drive ECHOLINE/05-Sales/A-Prospects/KARINE JEFF
[2026-07-06 14:04:06] [SUCCESS] Permission appliquée: User 01 [write] -> Drive ECHOLINE/05-Sales/A-Prospects/KARINE JEFF
[2026-07-06 14:04:06] [WARN] Pas de mappage pour: SERVICES_GENERAUX - Membres () - permission ignorée sur Drive ECHOLINE/05-Sales/A-Prospects/KARINE JEFF
[2026-07-06 14:04:06] [WARN] Pas de mappage pour: SERVICES_GENERAUX - Visiteurs () - permission ignorée sur Drive ECHOLINE/05-Sales/A-Prospects/KARINE JEFF
[2026-07-06 14:04:06] [WARN] Pas de mappage pour: Propriétaires de SERVICES_GENERAUX () - permission ignorée sur Drive ECHOLINE/05-Sales/A-Prospects/KARINE JEFF
[2026-07-06 14:04:06] [WARN] Impossible de résoudre 'grp_test' dans le tenant destination - permission ignorée
[2026-07-06 14:04:06] [INFO] Traitement: /Drive ECHOLINE/05-Sales/A-Prospects/KEM ONE/ (6 permission(s))
[2026-07-06 14:04:06] [INFO] === COPIE REELLE: Drive ECHOLINE/05-Sales/A-Prospects/KEM ONE ===
[2026-07-06 14:04:07] [SUCCESS] Dossier cree: Drive ECHOLINE/05-Sales/A-Prospects/KEM ONE
[2026-07-06 14:04:07] [SUCCESS] Permission appliquée: User 01 [write] -> Drive ECHOLINE/05-Sales/A-Prospects/KEM ONE
[2026-07-06 14:04:07] [WARN] Pas de mappage pour: Propriétaires de SERVICES_GENERAUX () - permission ignorée sur Drive ECHOLINE/05-Sales/A-Prospects/KEM ONE
[2026-07-06 14:04:07] [WARN] Pas de mappage pour: SERVICES_GENERAUX - Visiteurs () - permission ignorée sur Drive ECHOLINE/05-Sales/A-Prospects/KEM ONE
[2026-07-06 14:04:07] [WARN] Pas de mappage pour: SERVICES_GENERAUX - Membres () - permission ignorée sur Drive ECHOLINE/05-Sales/A-Prospects/KEM ONE
[2026-07-06 14:04:08] [SUCCESS] Permission appliquée: Equipe INFRA [write] -> Drive ECHOLINE/05-Sales/A-Prospects/KEM ONE
[2026-07-06 14:04:08] [WARN] Impossible de résoudre 'grp_test' dans le tenant destination - permission ignorée
[2026-07-06 14:04:08] [INFO] Traitement: /Drive ECHOLINE/05-Sales/A-Prospects/LDMI/ (6 permission(s))
[2026-07-06 14:04:08] [INFO] === COPIE REELLE: Drive ECHOLINE/05-Sales/A-Prospects/LDMI ===
[2026-07-06 14:04:08] [SUCCESS] Dossier cree: Drive ECHOLINE/05-Sales/A-Prospects/LDMI
[2026-07-06 14:04:09] [WARN] Impossible de résoudre 'grp_test' dans le tenant destination - permission ignorée
[2026-07-06 14:04:09] [WARN] Pas de mappage pour: Propriétaires de SERVICES_GENERAUX () - permission ignorée sur Drive ECHOLINE/05-Sales/A-Prospects/LDMI
[2026-07-06 14:04:09] [SUCCESS] Permission appliquée: Equipe INFRA [write] -> Drive ECHOLINE/05-Sales/A-Prospects/LDMI
[2026-07-06 14:04:09] [WARN] Pas de mappage pour: SERVICES_GENERAUX - Visiteurs () - permission ignorée sur Drive ECHOLINE/05-Sales/A-Prospects/LDMI
[2026-07-06 14:04:09] [WARN] Pas de mappage pour: SERVICES_GENERAUX - Membres () - permission ignorée sur Drive ECHOLINE/05-Sales/A-Prospects/LDMI
[2026-07-06 14:04:09] [SUCCESS] Permission appliquée: User 01 [write] -> Drive ECHOLINE/05-Sales/A-Prospects/LDMI
[2026-07-06 14:04:09] [INFO] Traitement: /Drive ECHOLINE/05-Sales/A-Prospects/LEZSAISONS/ (6 permission(s))
[2026-07-06 14:04:09] [INFO] === COPIE REELLE: Drive ECHOLINE/05-Sales/A-Prospects/LEZSAISONS ===
[2026-07-06 14:04:10] [SUCCESS] Dossier cree: Drive ECHOLINE/05-Sales/A-Prospects/LEZSAISONS
[2026-07-06 14:04:10] [WARN] Impossible de résoudre 'grp_test' dans le tenant destination - permission ignorée
[2026-07-06 14:04:10] [SUCCESS] Permission appliquée: Equipe INFRA [write] -> Drive ECHOLINE/05-Sales/A-Prospects/LEZSAISONS
[2026-07-06 14:04:10] [SUCCESS] Permission appliquée: User 01 [write] -> Drive ECHOLINE/05-Sales/A-Prospects/LEZSAISONS
[2026-07-06 14:04:10] [WARN] Pas de mappage pour: SERVICES_GENERAUX - Membres () - permission ignorée sur Drive ECHOLINE/05-Sales/A-Prospects/LEZSAISONS
[2026-07-06 14:04:10] [WARN] Pas de mappage pour: SERVICES_GENERAUX - Visiteurs () - permission ignorée sur Drive ECHOLINE/05-Sales/A-Prospects/LEZSAISONS
[2026-07-06 14:04:10] [WARN] Pas de mappage pour: Propriétaires de SERVICES_GENERAUX () - permission ignorée sur Drive ECHOLINE/05-Sales/A-Prospects/LEZSAISONS
[2026-07-06 14:04:10] [INFO] Traitement: /Drive ECHOLINE/05-Sales/A-Prospects/MADIC GROUP/ (6 permission(s))
[2026-07-06 14:04:10] [INFO] === COPIE REELLE: Drive ECHOLINE/05-Sales/A-Prospects/MADIC GROUP ===
[2026-07-06 14:04:11] [SUCCESS] Dossier cree: Drive ECHOLINE/05-Sales/A-Prospects/MADIC GROUP
[2026-07-06 14:04:11] [SUCCESS] Permission appliquée: Equipe INFRA [write] -> Drive ECHOLINE/05-Sales/A-Prospects/MADIC GROUP
[2026-07-06 14:04:11] [WARN] Pas de mappage pour: Propriétaires de SERVICES_GENERAUX () - permission ignorée sur Drive ECHOLINE/05-Sales/A-Prospects/MADIC GROUP
[2026-07-06 14:04:11] [WARN] Pas de mappage pour: SERVICES_GENERAUX - Visiteurs () - permission ignorée sur Drive ECHOLINE/05-Sales/A-Prospects/MADIC GROUP
[2026-07-06 14:04:11] [WARN] Pas de mappage pour: SERVICES_GENERAUX - Membres () - permission ignorée sur Drive ECHOLINE/05-Sales/A-Prospects/MADIC GROUP
[2026-07-06 14:04:12] [SUCCESS] Permission appliquée: User 01 [write] -> Drive ECHOLINE/05-Sales/A-Prospects/MADIC GROUP
[2026-07-06 14:04:12] [WARN] Impossible de résoudre 'grp_test' dans le tenant destination - permission ignorée
[2026-07-06 14:04:12] [INFO] Traitement: /Drive ECHOLINE/05-Sales/A-Prospects/MARSEILLE TOURISME/ (6 permission(s))
[2026-07-06 14:04:12] [INFO] === COPIE REELLE: Drive ECHOLINE/05-Sales/A-Prospects/MARSEILLE TOURISME ===
[2026-07-06 14:04:12] [SUCCESS] Dossier cree: Drive ECHOLINE/05-Sales/A-Prospects/MARSEILLE TOURISME
[2026-07-06 14:04:12] [WARN] Impossible de résoudre 'grp_test' dans le tenant destination - permission ignorée
[2026-07-06 14:04:13] [WARN] Pas de mappage pour: Propriétaires de SERVICES_GENERAUX () - permission ignorée sur Drive ECHOLINE/05-Sales/A-Prospects/MARSEILLE TOURISME
[2026-07-06 14:04:13] [WARN] Pas de mappage pour: SERVICES_GENERAUX - Visiteurs () - permission ignorée sur Drive ECHOLINE/05-Sales/A-Prospects/MARSEILLE TOURISME
[2026-07-06 14:04:13] [WARN] Pas de mappage pour: SERVICES_GENERAUX - Membres () - permission ignorée sur Drive ECHOLINE/05-Sales/A-Prospects/MARSEILLE TOURISME
[2026-07-06 14:04:13] [SUCCESS] Permission appliquée: Equipe INFRA [write] -> Drive ECHOLINE/05-Sales/A-Prospects/MARSEILLE TOURISME
[2026-07-06 14:04:13] [SUCCESS] Permission appliquée: User 01 [write] -> Drive ECHOLINE/05-Sales/A-Prospects/MARSEILLE TOURISME
[2026-07-06 14:04:13] [INFO] Traitement: /Drive ECHOLINE/05-Sales/A-Prospects/MATMOND/ (6 permission(s))
[2026-07-06 14:04:13] [INFO] === COPIE REELLE: Drive ECHOLINE/05-Sales/A-Prospects/MATMOND ===
[2026-07-06 14:04:14] [SUCCESS] Dossier cree: Drive ECHOLINE/05-Sales/A-Prospects/MATMOND
[2026-07-06 14:04:14] [WARN] Pas de mappage pour: Propriétaires de SERVICES_GENERAUX () - permission ignorée sur Drive ECHOLINE/05-Sales/A-Prospects/MATMOND
[2026-07-06 14:04:14] [WARN] Impossible de résoudre 'grp_test' dans le tenant destination - permission ignorée
[2026-07-06 14:04:14] [SUCCESS] Permission appliquée: Equipe INFRA [write] -> Drive ECHOLINE/05-Sales/A-Prospects/MATMOND
[2026-07-06 14:04:14] [SUCCESS] Permission appliquée: User 01 [write] -> Drive ECHOLINE/05-Sales/A-Prospects/MATMOND
[2026-07-06 14:04:14] [WARN] Pas de mappage pour: SERVICES_GENERAUX - Membres () - permission ignorée sur Drive ECHOLINE/05-Sales/A-Prospects/MATMOND
[2026-07-06 14:04:14] [WARN] Pas de mappage pour: SERVICES_GENERAUX - Visiteurs () - permission ignorée sur Drive ECHOLINE/05-Sales/A-Prospects/MATMOND
[2026-07-06 14:04:14] [INFO] Traitement: /Drive ECHOLINE/05-Sales/A-Prospects/MEDINCELL/ (6 permission(s))
[2026-07-06 14:04:14] [INFO] === COPIE REELLE: Drive ECHOLINE/05-Sales/A-Prospects/MEDINCELL ===
[2026-07-06 14:04:15] [SUCCESS] Dossier cree: Drive ECHOLINE/05-Sales/A-Prospects/MEDINCELL
[2026-07-06 14:04:15] [WARN] Pas de mappage pour: Propriétaires de SERVICES_GENERAUX () - permission ignorée sur Drive ECHOLINE/05-Sales/A-Prospects/MEDINCELL
[2026-07-06 14:04:15] [WARN] Pas de mappage pour: SERVICES_GENERAUX - Membres () - permission ignorée sur Drive ECHOLINE/05-Sales/A-Prospects/MEDINCELL
[2026-07-06 14:04:15] [SUCCESS] Permission appliquée: Equipe INFRA [write] -> Drive ECHOLINE/05-Sales/A-Prospects/MEDINCELL
[2026-07-06 14:04:15] [WARN] Impossible de résoudre 'grp_test' dans le tenant destination - permission ignorée
[2026-07-06 14:04:15] [WARN] Pas de mappage pour: SERVICES_GENERAUX - Visiteurs () - permission ignorée sur Drive ECHOLINE/05-Sales/A-Prospects/MEDINCELL
[2026-07-06 14:04:16] [SUCCESS] Permission appliquée: User 01 [write] -> Drive ECHOLINE/05-Sales/A-Prospects/MEDINCELL
[2026-07-06 14:04:16] [INFO] Traitement: /Drive ECHOLINE/05-Sales/A-Prospects/MOY PARK BEEF/ (6 permission(s))
[2026-07-06 14:04:16] [INFO] === COPIE REELLE: Drive ECHOLINE/05-Sales/A-Prospects/MOY PARK BEEF ===
[2026-07-06 14:04:16] [SUCCESS] Dossier cree: Drive ECHOLINE/05-Sales/A-Prospects/MOY PARK BEEF
[2026-07-06 14:04:16] [WARN] Impossible de résoudre 'grp_test' dans le tenant destination - permission ignorée
[2026-07-06 14:04:17] [SUCCESS] Permission appliquée: Equipe INFRA [write] -> Drive ECHOLINE/05-Sales/A-Prospects/MOY PARK BEEF
[2026-07-06 14:04:17] [SUCCESS] Permission appliquée: User 01 [write] -> Drive ECHOLINE/05-Sales/A-Prospects/MOY PARK BEEF
[2026-07-06 14:04:17] [WARN] Pas de mappage pour: SERVICES_GENERAUX - Membres () - permission ignorée sur Drive ECHOLINE/05-Sales/A-Prospects/MOY PARK BEEF
[2026-07-06 14:04:17] [WARN] Pas de mappage pour: SERVICES_GENERAUX - Visiteurs () - permission ignorée sur Drive ECHOLINE/05-Sales/A-Prospects/MOY PARK BEEF
[2026-07-06 14:04:17] [WARN] Pas de mappage pour: Propriétaires de SERVICES_GENERAUX () - permission ignorée sur Drive ECHOLINE/05-Sales/A-Prospects/MOY PARK BEEF
[2026-07-06 14:04:17] [INFO] Traitement: /Drive ECHOLINE/05-Sales/A-Prospects/NOCIBÉ/ (6 permission(s))
[2026-07-06 14:04:17] [INFO] === COPIE REELLE: Drive ECHOLINE/05-Sales/A-Prospects/NOCIBÉ ===
[2026-07-06 14:04:19] [SUCCESS] Dossier cree: Drive ECHOLINE/05-Sales/A-Prospects/NOCIBÉ
[2026-07-06 14:04:19] [DEBUG] [404] Item pas encore disponible, retry 1/3 dans 2s: Drive ECHOLINE/05-Sales/A-Prospects/NOCIBÉ
[2026-07-06 14:04:21] [DEBUG] [404] Item pas encore disponible, retry 2/3 dans 2s: Drive ECHOLINE/05-Sales/A-Prospects/NOCIBÉ
[2026-07-06 14:04:23] [DEBUG] [404] Item pas encore disponible, retry 3/3 dans 2s: Drive ECHOLINE/05-Sales/A-Prospects/NOCIBÉ
[2026-07-06 14:04:25] [WARN] Impossible de récupérer l'item destination pour les droits: Drive ECHOLINE/05-Sales/A-Prospects/NOCIBÉ - Le serveur distant a retourné une erreur : (404) Introuvable.
[2026-07-06 14:04:25] [INFO] Traitement: /Drive ECHOLINE/05-Sales/A-Prospects/NORSKE SKOG/ (6 permission(s))
[2026-07-06 14:04:25] [INFO] === COPIE REELLE: Drive ECHOLINE/05-Sales/A-Prospects/NORSKE SKOG ===
[2026-07-06 14:04:26] [SUCCESS] Dossier cree: Drive ECHOLINE/05-Sales/A-Prospects/NORSKE SKOG
[2026-07-06 14:04:26] [WARN] Impossible de résoudre 'grp_test' dans le tenant destination - permission ignorée
[2026-07-06 14:04:26] [WARN] Pas de mappage pour: Propriétaires de SERVICES_GENERAUX () - permission ignorée sur Drive ECHOLINE/05-Sales/A-Prospects/NORSKE SKOG
[2026-07-06 14:04:26] [SUCCESS] Permission appliquée: Equipe INFRA [write] -> Drive ECHOLINE/05-Sales/A-Prospects/NORSKE SKOG
[2026-07-06 14:04:26] [WARN] Pas de mappage pour: SERVICES_GENERAUX - Visiteurs () - permission ignorée sur Drive ECHOLINE/05-Sales/A-Prospects/NORSKE SKOG
[2026-07-06 14:04:26] [WARN] Pas de mappage pour: SERVICES_GENERAUX - Membres () - permission ignorée sur Drive ECHOLINE/05-Sales/A-Prospects/NORSKE SKOG
[2026-07-06 14:04:26] [SUCCESS] Permission appliquée: User 01 [write] -> Drive ECHOLINE/05-Sales/A-Prospects/NORSKE SKOG
[2026-07-06 14:04:26] [INFO] Traitement: /Drive ECHOLINE/05-Sales/A-Prospects/NUMTECH/ (6 permission(s))
[2026-07-06 14:04:26] [INFO] === COPIE REELLE: Drive ECHOLINE/05-Sales/A-Prospects/NUMTECH ===
[2026-07-06 14:04:27] [SUCCESS] Dossier cree: Drive ECHOLINE/05-Sales/A-Prospects/NUMTECH
[2026-07-06 14:04:27] [WARN] Impossible de résoudre 'grp_test' dans le tenant destination - permission ignorée
[2026-07-06 14:04:28] [SUCCESS] Permission appliquée: Equipe INFRA [write] -> Drive ECHOLINE/05-Sales/A-Prospects/NUMTECH
[2026-07-06 14:04:28] [SUCCESS] Permission appliquée: User 01 [write] -> Drive ECHOLINE/05-Sales/A-Prospects/NUMTECH
[2026-07-06 14:04:28] [WARN] Pas de mappage pour: SERVICES_GENERAUX - Membres () - permission ignorée sur Drive ECHOLINE/05-Sales/A-Prospects/NUMTECH
[2026-07-06 14:04:28] [WARN] Pas de mappage pour: SERVICES_GENERAUX - Visiteurs () - permission ignorée sur Drive ECHOLINE/05-Sales/A-Prospects/NUMTECH
[2026-07-06 14:04:28] [WARN] Pas de mappage pour: Propriétaires de SERVICES_GENERAUX () - permission ignorée sur Drive ECHOLINE/05-Sales/A-Prospects/NUMTECH
[2026-07-06 14:04:28] [INFO] Traitement: /Drive ECHOLINE/05-Sales/A-Prospects/OMNOVA SOLUTIONS/ (6 permission(s))
[2026-07-06 14:04:28] [INFO] === COPIE REELLE: Drive ECHOLINE/05-Sales/A-Prospects/OMNOVA SOLUTIONS ===
[2026-07-06 14:04:29] [SUCCESS] Dossier cree: Drive ECHOLINE/05-Sales/A-Prospects/OMNOVA SOLUTIONS
[2026-07-06 14:04:29] [SUCCESS] Permission appliquée: Equipe INFRA [write] -> Drive ECHOLINE/05-Sales/A-Prospects/OMNOVA SOLUTIONS
[2026-07-06 14:04:29] [WARN] Pas de mappage pour: Propriétaires de SERVICES_GENERAUX () - permission ignorée sur Drive ECHOLINE/05-Sales/A-Prospects/OMNOVA SOLUTIONS
[2026-07-06 14:04:29] [WARN] Pas de mappage pour: SERVICES_GENERAUX - Visiteurs () - permission ignorée sur Drive ECHOLINE/05-Sales/A-Prospects/OMNOVA SOLUTIONS
[2026-07-06 14:04:29] [WARN] Pas de mappage pour: SERVICES_GENERAUX - Membres () - permission ignorée sur Drive ECHOLINE/05-Sales/A-Prospects/OMNOVA SOLUTIONS
[2026-07-06 14:04:29] [SUCCESS] Permission appliquée: User 01 [write] -> Drive ECHOLINE/05-Sales/A-Prospects/OMNOVA SOLUTIONS
[2026-07-06 14:04:29] [WARN] Impossible de résoudre 'grp_test' dans le tenant destination - permission ignorée
[2026-07-06 14:04:29] [INFO] Traitement: /Drive ECHOLINE/05-Sales/A-Prospects/OPTIQUE RICHARD/ (6 permission(s))
[2026-07-06 14:04:29] [INFO] === COPIE REELLE: Drive ECHOLINE/05-Sales/A-Prospects/OPTIQUE RICHARD ===
[2026-07-06 14:04:30] [SUCCESS] Dossier cree: Drive ECHOLINE/05-Sales/A-Prospects/OPTIQUE RICHARD
[2026-07-06 14:04:30] [WARN] Impossible de résoudre 'grp_test' dans le tenant destination - permission ignorée
[2026-07-06 14:04:30] [WARN] Pas de mappage pour: Propriétaires de SERVICES_GENERAUX () - permission ignorée sur Drive ECHOLINE/05-Sales/A-Prospects/OPTIQUE RICHARD
[2026-07-06 14:04:30] [WARN] Pas de mappage pour: SERVICES_GENERAUX - Visiteurs () - permission ignorée sur Drive ECHOLINE/05-Sales/A-Prospects/OPTIQUE RICHARD
[2026-07-06 14:04:30] [WARN] Pas de mappage pour: SERVICES_GENERAUX - Membres () - permission ignorée sur Drive ECHOLINE/05-Sales/A-Prospects/OPTIQUE RICHARD
[2026-07-06 14:04:30] [SUCCESS] Permission appliquée: Equipe INFRA [write] -> Drive ECHOLINE/05-Sales/A-Prospects/OPTIQUE RICHARD
[2026-07-06 14:04:30] [SUCCESS] Permission appliquée: User 01 [write] -> Drive ECHOLINE/05-Sales/A-Prospects/OPTIQUE RICHARD
[2026-07-06 14:04:30] [INFO] Traitement: /Drive ECHOLINE/05-Sales/A-Prospects/PETROINEOS/ (6 permission(s))
[2026-07-06 14:04:31] [INFO] === COPIE REELLE: Drive ECHOLINE/05-Sales/A-Prospects/PETROINEOS ===
[2026-07-06 14:04:32] [SUCCESS] Dossier cree: Drive ECHOLINE/05-Sales/A-Prospects/PETROINEOS
[2026-07-06 14:04:32] [WARN] Impossible de résoudre 'grp_test' dans le tenant destination - permission ignorée
[2026-07-06 14:04:32] [SUCCESS] Permission appliquée: Equipe INFRA [write] -> Drive ECHOLINE/05-Sales/A-Prospects/PETROINEOS
[2026-07-06 14:04:32] [SUCCESS] Permission appliquée: User 01 [write] -> Drive ECHOLINE/05-Sales/A-Prospects/PETROINEOS
[2026-07-06 14:04:32] [WARN] Pas de mappage pour: SERVICES_GENERAUX - Membres () - permission ignorée sur Drive ECHOLINE/05-Sales/A-Prospects/PETROINEOS
[2026-07-06 14:04:32] [WARN] Pas de mappage pour: SERVICES_GENERAUX - Visiteurs () - permission ignorée sur Drive ECHOLINE/05-Sales/A-Prospects/PETROINEOS
[2026-07-06 14:04:32] [WARN] Pas de mappage pour: Propriétaires de SERVICES_GENERAUX () - permission ignorée sur Drive ECHOLINE/05-Sales/A-Prospects/PETROINEOS
[2026-07-06 14:04:32] [INFO] Traitement: /Drive ECHOLINE/05-Sales/A-Prospects/PROVEPHARM/ (6 permission(s))
[2026-07-06 14:04:32] [INFO] === COPIE REELLE: Drive ECHOLINE/05-Sales/A-Prospects/PROVEPHARM ===
[2026-07-06 14:04:33] [SUCCESS] Dossier cree: Drive ECHOLINE/05-Sales/A-Prospects/PROVEPHARM
[2026-07-06 14:04:34] [SUCCESS] Permission appliquée: Equipe INFRA [write] -> Drive ECHOLINE/05-Sales/A-Prospects/PROVEPHARM
[2026-07-06 14:04:34] [SUCCESS] Permission appliquée: User 01 [write] -> Drive ECHOLINE/05-Sales/A-Prospects/PROVEPHARM
[2026-07-06 14:04:34] [WARN] Pas de mappage pour: SERVICES_GENERAUX - Membres () - permission ignorée sur Drive ECHOLINE/05-Sales/A-Prospects/PROVEPHARM
[2026-07-06 14:04:34] [WARN] Pas de mappage pour: Propriétaires de SERVICES_GENERAUX () - permission ignorée sur Drive ECHOLINE/05-Sales/A-Prospects/PROVEPHARM
[2026-07-06 14:04:34] [WARN] Pas de mappage pour: SERVICES_GENERAUX - Visiteurs () - permission ignorée sur Drive ECHOLINE/05-Sales/A-Prospects/PROVEPHARM
[2026-07-06 14:04:34] [WARN] Impossible de résoudre 'grp_test' dans le tenant destination - permission ignorée
[2026-07-06 14:04:34] [INFO] Traitement: /Drive ECHOLINE/05-Sales/A-Prospects/RÉGIE DES EAUX 3M/ (6 permission(s))
[2026-07-06 14:04:34] [INFO] === COPIE REELLE: Drive ECHOLINE/05-Sales/A-Prospects/RÉGIE DES EAUX 3M ===
[2026-07-06 14:04:35] [SUCCESS] Dossier cree: Drive ECHOLINE/05-Sales/A-Prospects/RÉGIE DES EAUX 3M
[2026-07-06 14:04:35] [DEBUG] [404] Item pas encore disponible, retry 1/3 dans 2s: Drive ECHOLINE/05-Sales/A-Prospects/RÉGIE DES EAUX 3M
[2026-07-06 14:04:37] [DEBUG] [404] Item pas encore disponible, retry 2/3 dans 2s: Drive ECHOLINE/05-Sales/A-Prospects/RÉGIE DES EAUX 3M
[2026-07-06 14:04:39] [DEBUG] [404] Item pas encore disponible, retry 3/3 dans 2s: Drive ECHOLINE/05-Sales/A-Prospects/RÉGIE DES EAUX 3M
[2026-07-06 14:04:42] [WARN] Impossible de récupérer l'item destination pour les droits: Drive ECHOLINE/05-Sales/A-Prospects/RÉGIE DES EAUX 3M - Le serveur distant a retourné une erreur : (404) Introuvable.
[2026-07-06 14:04:42] [INFO] Traitement: /Drive ECHOLINE/05-Sales/A-Prospects/SITPA NESTLÉ/ (6 permission(s))
[2026-07-06 14:04:42] [INFO] === COPIE REELLE: Drive ECHOLINE/05-Sales/A-Prospects/SITPA NESTLÉ ===
[2026-07-06 14:04:43] [SUCCESS] Dossier cree: Drive ECHOLINE/05-Sales/A-Prospects/SITPA NESTLÉ
[2026-07-06 14:04:43] [DEBUG] [404] Item pas encore disponible, retry 1/3 dans 2s: Drive ECHOLINE/05-Sales/A-Prospects/SITPA NESTLÉ
[2026-07-06 14:04:45] [DEBUG] [404] Item pas encore disponible, retry 2/3 dans 2s: Drive ECHOLINE/05-Sales/A-Prospects/SITPA NESTLÉ
[2026-07-06 14:04:47] [DEBUG] [404] Item pas encore disponible, retry 3/3 dans 2s: Drive ECHOLINE/05-Sales/A-Prospects/SITPA NESTLÉ
[2026-07-06 14:04:49] [WARN] Impossible de récupérer l'item destination pour les droits: Drive ECHOLINE/05-Sales/A-Prospects/SITPA NESTLÉ - Le serveur distant a retourné une erreur : (404) Introuvable.
[2026-07-06 14:04:49] [INFO] Traitement: /Drive ECHOLINE/05-Sales/A-Prospects/SKF/ (6 permission(s))
[2026-07-06 14:04:49] [INFO] === COPIE REELLE: Drive ECHOLINE/05-Sales/A-Prospects/SKF ===
[2026-07-06 14:04:50] [SUCCESS] Dossier cree: Drive ECHOLINE/05-Sales/A-Prospects/SKF
[2026-07-06 14:04:50] [WARN] Impossible de résoudre 'grp_test' dans le tenant destination - permission ignorée
[2026-07-06 14:04:50] [SUCCESS] Permission appliquée: User 01 [write] -> Drive ECHOLINE/05-Sales/A-Prospects/SKF
[2026-07-06 14:04:50] [WARN] Pas de mappage pour: SERVICES_GENERAUX - Membres () - permission ignorée sur Drive ECHOLINE/05-Sales/A-Prospects/SKF
[2026-07-06 14:04:50] [WARN] Pas de mappage pour: SERVICES_GENERAUX - Visiteurs () - permission ignorée sur Drive ECHOLINE/05-Sales/A-Prospects/SKF
[2026-07-06 14:04:50] [WARN] Pas de mappage pour: Propriétaires de SERVICES_GENERAUX () - permission ignorée sur Drive ECHOLINE/05-Sales/A-Prospects/SKF
[2026-07-06 14:04:51] [SUCCESS] Permission appliquée: Equipe INFRA [write] -> Drive ECHOLINE/05-Sales/A-Prospects/SKF
[2026-07-06 14:04:51] [INFO] Traitement: /Drive ECHOLINE/05-Sales/A-Prospects/SOLARHONA/ (6 permission(s))
[2026-07-06 14:04:51] [INFO] === COPIE REELLE: Drive ECHOLINE/05-Sales/A-Prospects/SOLARHONA ===
[2026-07-06 14:04:52] [SUCCESS] Dossier cree: Drive ECHOLINE/05-Sales/A-Prospects/SOLARHONA
[2026-07-06 14:04:52] [WARN] Pas de mappage pour: SERVICES_GENERAUX - Visiteurs () - permission ignorée sur Drive ECHOLINE/05-Sales/A-Prospects/SOLARHONA
[2026-07-06 14:04:52] [WARN] Pas de mappage pour: Propriétaires de SERVICES_GENERAUX () - permission ignorée sur Drive ECHOLINE/05-Sales/A-Prospects/SOLARHONA
[2026-07-06 14:04:52] [WARN] Pas de mappage pour: SERVICES_GENERAUX - Membres () - permission ignorée sur Drive ECHOLINE/05-Sales/A-Prospects/SOLARHONA
[2026-07-06 14:04:52] [WARN] Impossible de résoudre 'grp_test' dans le tenant destination - permission ignorée
[2026-07-06 14:04:52] [SUCCESS] Permission appliquée: Equipe INFRA [write] -> Drive ECHOLINE/05-Sales/A-Prospects/SOLARHONA
[2026-07-06 14:04:52] [SUCCESS] Permission appliquée: User 01 [write] -> Drive ECHOLINE/05-Sales/A-Prospects/SOLARHONA
[2026-07-06 14:04:52] [INFO] Traitement: /Drive ECHOLINE/05-Sales/A-Prospects/SPIRIT AEROSYSTEMS/ (6 permission(s))
[2026-07-06 14:04:52] [INFO] === COPIE REELLE: Drive ECHOLINE/05-Sales/A-Prospects/SPIRIT AEROSYSTEMS ===
[2026-07-06 14:04:53] [SUCCESS] Dossier cree: Drive ECHOLINE/05-Sales/A-Prospects/SPIRIT AEROSYSTEMS
[2026-07-06 14:04:53] [WARN] Impossible de résoudre 'grp_test' dans le tenant destination - permission ignorée
[2026-07-06 14:04:53] [SUCCESS] Permission appliquée: Equipe INFRA [write] -> Drive ECHOLINE/05-Sales/A-Prospects/SPIRIT AEROSYSTEMS
[2026-07-06 14:04:54] [SUCCESS] Permission appliquée: User 01 [write] -> Drive ECHOLINE/05-Sales/A-Prospects/SPIRIT AEROSYSTEMS
[2026-07-06 14:04:54] [WARN] Pas de mappage pour: SERVICES_GENERAUX - Membres () - permission ignorée sur Drive ECHOLINE/05-Sales/A-Prospects/SPIRIT AEROSYSTEMS
[2026-07-06 14:04:54] [WARN] Pas de mappage pour: SERVICES_GENERAUX - Visiteurs () - permission ignorée sur Drive ECHOLINE/05-Sales/A-Prospects/SPIRIT AEROSYSTEMS
[2026-07-06 14:04:54] [WARN] Pas de mappage pour: Propriétaires de SERVICES_GENERAUX () - permission ignorée sur Drive ECHOLINE/05-Sales/A-Prospects/SPIRIT AEROSYSTEMS
[2026-07-06 14:04:54] [INFO] Traitement: /Drive ECHOLINE/05-Sales/A-Prospects/SUEZ/ (6 permission(s))
[2026-07-06 14:04:54] [INFO] === COPIE REELLE: Drive ECHOLINE/05-Sales/A-Prospects/SUEZ ===
[2026-07-06 14:04:55] [SUCCESS] Dossier cree: Drive ECHOLINE/05-Sales/A-Prospects/SUEZ
[2026-07-06 14:04:55] [WARN] Pas de mappage pour: SERVICES_GENERAUX - Visiteurs () - permission ignorée sur Drive ECHOLINE/05-Sales/A-Prospects/SUEZ
[2026-07-06 14:04:55] [SUCCESS] Permission appliquée: User 01 [write] -> Drive ECHOLINE/05-Sales/A-Prospects/SUEZ
[2026-07-06 14:04:55] [SUCCESS] Permission appliquée: Equipe INFRA [write] -> Drive ECHOLINE/05-Sales/A-Prospects/SUEZ
[2026-07-06 14:04:55] [WARN] Impossible de résoudre 'grp_test' dans le tenant destination - permission ignorée
[2026-07-06 14:04:55] [WARN] Pas de mappage pour: Propriétaires de SERVICES_GENERAUX () - permission ignorée sur Drive ECHOLINE/05-Sales/A-Prospects/SUEZ
[2026-07-06 14:04:55] [WARN] Pas de mappage pour: SERVICES_GENERAUX - Membres () - permission ignorée sur Drive ECHOLINE/05-Sales/A-Prospects/SUEZ
[2026-07-06 14:04:55] [INFO] Traitement: /Drive ECHOLINE/05-Sales/A-Prospects/SUPERGROUP/ (6 permission(s))
[2026-07-06 14:04:55] [INFO] === COPIE REELLE: Drive ECHOLINE/05-Sales/A-Prospects/SUPERGROUP ===
[2026-07-06 14:04:56] [SUCCESS] Dossier cree: Drive ECHOLINE/05-Sales/A-Prospects/SUPERGROUP
[2026-07-06 14:04:56] [WARN] Impossible de résoudre 'grp_test' dans le tenant destination - permission ignorée
[2026-07-06 14:04:56] [WARN] Pas de mappage pour: Propriétaires de SERVICES_GENERAUX () - permission ignorée sur Drive ECHOLINE/05-Sales/A-Prospects/SUPERGROUP
[2026-07-06 14:04:56] [WARN] Pas de mappage pour: SERVICES_GENERAUX - Visiteurs () - permission ignorée sur Drive ECHOLINE/05-Sales/A-Prospects/SUPERGROUP
[2026-07-06 14:04:56] [WARN] Pas de mappage pour: SERVICES_GENERAUX - Membres () - permission ignorée sur Drive ECHOLINE/05-Sales/A-Prospects/SUPERGROUP
[2026-07-06 14:04:56] [SUCCESS] Permission appliquée: User 01 [write] -> Drive ECHOLINE/05-Sales/A-Prospects/SUPERGROUP
[2026-07-06 14:04:57] [SUCCESS] Permission appliquée: Equipe INFRA [write] -> Drive ECHOLINE/05-Sales/A-Prospects/SUPERGROUP
[2026-07-06 14:04:57] [INFO] Traitement: /Drive ECHOLINE/05-Sales/A-Prospects/THIEVIN/ (6 permission(s))
[2026-07-06 14:04:57] [INFO] === COPIE REELLE: Drive ECHOLINE/05-Sales/A-Prospects/THIEVIN ===
[2026-07-06 14:04:57] [SUCCESS] Dossier cree: Drive ECHOLINE/05-Sales/A-Prospects/THIEVIN
[2026-07-06 14:04:58] [WARN] Pas de mappage pour: Propriétaires de SERVICES_GENERAUX () - permission ignorée sur Drive ECHOLINE/05-Sales/A-Prospects/THIEVIN
[2026-07-06 14:04:58] [WARN] Pas de mappage pour: SERVICES_GENERAUX - Visiteurs () - permission ignorée sur Drive ECHOLINE/05-Sales/A-Prospects/THIEVIN
[2026-07-06 14:04:58] [SUCCESS] Permission appliquée: Equipe INFRA [write] -> Drive ECHOLINE/05-Sales/A-Prospects/THIEVIN
[2026-07-06 14:04:58] [WARN] Pas de mappage pour: SERVICES_GENERAUX - Membres () - permission ignorée sur Drive ECHOLINE/05-Sales/A-Prospects/THIEVIN
[2026-07-06 14:04:58] [SUCCESS] Permission appliquée: User 01 [write] -> Drive ECHOLINE/05-Sales/A-Prospects/THIEVIN
[2026-07-06 14:04:58] [WARN] Impossible de résoudre 'grp_test' dans le tenant destination - permission ignorée
[2026-07-06 14:04:58] [INFO] Traitement: /Drive ECHOLINE/05-Sales/A-Prospects/TMP CONVERT/ (6 permission(s))
[2026-07-06 14:04:58] [INFO] === COPIE REELLE: Drive ECHOLINE/05-Sales/A-Prospects/TMP CONVERT ===
[2026-07-06 14:04:59] [SUCCESS] Dossier cree: Drive ECHOLINE/05-Sales/A-Prospects/TMP CONVERT
[2026-07-06 14:04:59] [WARN] Impossible de résoudre 'grp_test' dans le tenant destination - permission ignorée
[2026-07-06 14:04:59] [SUCCESS] Permission appliquée: Equipe INFRA [write] -> Drive ECHOLINE/05-Sales/A-Prospects/TMP CONVERT
[2026-07-06 14:05:00] [SUCCESS] Permission appliquée: User 01 [write] -> Drive ECHOLINE/05-Sales/A-Prospects/TMP CONVERT
[2026-07-06 14:05:00] [WARN] Pas de mappage pour: SERVICES_GENERAUX - Membres () - permission ignorée sur Drive ECHOLINE/05-Sales/A-Prospects/TMP CONVERT
[2026-07-06 14:05:00] [WARN] Pas de mappage pour: SERVICES_GENERAUX - Visiteurs () - permission ignorée sur Drive ECHOLINE/05-Sales/A-Prospects/TMP CONVERT
[2026-07-06 14:05:00] [WARN] Pas de mappage pour: Propriétaires de SERVICES_GENERAUX () - permission ignorée sur Drive ECHOLINE/05-Sales/A-Prospects/TMP CONVERT
[2026-07-06 14:05:00] [INFO] Traitement: /Drive ECHOLINE/05-Sales/A-Prospects/TOPIVO/ (6 permission(s))
[2026-07-06 14:05:00] [INFO] === COPIE REELLE: Drive ECHOLINE/05-Sales/A-Prospects/TOPIVO ===
[2026-07-06 14:05:00] [SUCCESS] Dossier cree: Drive ECHOLINE/05-Sales/A-Prospects/TOPIVO
[2026-07-06 14:05:01] [WARN] Pas de mappage pour: Propriétaires de SERVICES_GENERAUX () - permission ignorée sur Drive ECHOLINE/05-Sales/A-Prospects/TOPIVO
[2026-07-06 14:05:01] [WARN] Pas de mappage pour: SERVICES_GENERAUX - Visiteurs () - permission ignorée sur Drive ECHOLINE/05-Sales/A-Prospects/TOPIVO
[2026-07-06 14:05:01] [WARN] Pas de mappage pour: SERVICES_GENERAUX - Membres () - permission ignorée sur Drive ECHOLINE/05-Sales/A-Prospects/TOPIVO
[2026-07-06 14:05:01] [SUCCESS] Permission appliquée: User 01 [write] -> Drive ECHOLINE/05-Sales/A-Prospects/TOPIVO
[2026-07-06 14:05:01] [SUCCESS] Permission appliquée: Equipe INFRA [write] -> Drive ECHOLINE/05-Sales/A-Prospects/TOPIVO
[2026-07-06 14:05:01] [WARN] Impossible de résoudre 'grp_test' dans le tenant destination - permission ignorée
[2026-07-06 14:05:01] [INFO] Traitement: /Drive ECHOLINE/05-Sales/A-Prospects/URBYN/ (6 permission(s))
[2026-07-06 14:05:01] [INFO] === COPIE REELLE: Drive ECHOLINE/05-Sales/A-Prospects/URBYN ===
[2026-07-06 14:05:02] [SUCCESS] Dossier cree: Drive ECHOLINE/05-Sales/A-Prospects/URBYN
[2026-07-06 14:05:02] [WARN] Impossible de résoudre 'grp_test' dans le tenant destination - permission ignorée
[2026-07-06 14:05:02] [WARN] Pas de mappage pour: SERVICES_GENERAUX - Visiteurs () - permission ignorée sur Drive ECHOLINE/05-Sales/A-Prospects/URBYN
[2026-07-06 14:05:02] [WARN] Pas de mappage pour: SERVICES_GENERAUX - Membres () - permission ignorée sur Drive ECHOLINE/05-Sales/A-Prospects/URBYN
[2026-07-06 14:05:02] [SUCCESS] Permission appliquée: User 01 [write] -> Drive ECHOLINE/05-Sales/A-Prospects/URBYN
[2026-07-06 14:05:02] [SUCCESS] Permission appliquée: Equipe INFRA [write] -> Drive ECHOLINE/05-Sales/A-Prospects/URBYN
[2026-07-06 14:05:02] [WARN] Pas de mappage pour: Propriétaires de SERVICES_GENERAUX () - permission ignorée sur Drive ECHOLINE/05-Sales/A-Prospects/URBYN
[2026-07-06 14:05:02] [INFO] Traitement: /Drive ECHOLINE/05-Sales/A-Prospects/VETERNITY/ (6 permission(s))
[2026-07-06 14:05:02] [INFO] === COPIE REELLE: Drive ECHOLINE/05-Sales/A-Prospects/VETERNITY ===
[2026-07-06 14:05:03] [SUCCESS] Dossier cree: Drive ECHOLINE/05-Sales/A-Prospects/VETERNITY
[2026-07-06 14:05:04] [WARN] Pas de mappage pour: Propriétaires de SERVICES_GENERAUX () - permission ignorée sur Drive ECHOLINE/05-Sales/A-Prospects/VETERNITY
[2026-07-06 14:05:04] [WARN] Impossible de résoudre 'grp_test' dans le tenant destination - permission ignorée
[2026-07-06 14:05:04] [SUCCESS] Permission appliquée: Equipe INFRA [write] -> Drive ECHOLINE/05-Sales/A-Prospects/VETERNITY
[2026-07-06 14:05:04] [SUCCESS] Permission appliquée: User 01 [write] -> Drive ECHOLINE/05-Sales/A-Prospects/VETERNITY
[2026-07-06 14:05:04] [WARN] Pas de mappage pour: SERVICES_GENERAUX - Membres () - permission ignorée sur Drive ECHOLINE/05-Sales/A-Prospects/VETERNITY
[2026-07-06 14:05:04] [WARN] Pas de mappage pour: SERVICES_GENERAUX - Visiteurs () - permission ignorée sur Drive ECHOLINE/05-Sales/A-Prospects/VETERNITY
[2026-07-06 14:05:04] [INFO] Traitement: /Drive ECHOLINE/05-Sales/A-Prospects/VIATRIS MEDA MANUFACTURING/ (6 permission(s))
[2026-07-06 14:05:04] [INFO] === COPIE REELLE: Drive ECHOLINE/05-Sales/A-Prospects/VIATRIS MEDA MANUFACTURING ===
[2026-07-06 14:05:05] [SUCCESS] Dossier cree: Drive ECHOLINE/05-Sales/A-Prospects/VIATRIS MEDA MANUFACTURING
[2026-07-06 14:05:05] [WARN] Pas de mappage pour: Propriétaires de SERVICES_GENERAUX () - permission ignorée sur Drive ECHOLINE/05-Sales/A-Prospects/VIATRIS MEDA MANUFACTURING
[2026-07-06 14:05:05] [WARN] Pas de mappage pour: SERVICES_GENERAUX - Membres () - permission ignorée sur Drive ECHOLINE/05-Sales/A-Prospects/VIATRIS MEDA MANUFACTURING
[2026-07-06 14:05:05] [SUCCESS] Permission appliquée: Equipe INFRA [write] -> Drive ECHOLINE/05-Sales/A-Prospects/VIATRIS MEDA MANUFACTURING
[2026-07-06 14:05:05] [WARN] Impossible de résoudre 'grp_test' dans le tenant destination - permission ignorée
[2026-07-06 14:05:05] [WARN] Pas de mappage pour: SERVICES_GENERAUX - Visiteurs () - permission ignorée sur Drive ECHOLINE/05-Sales/A-Prospects/VIATRIS MEDA MANUFACTURING
[2026-07-06 14:05:05] [SUCCESS] Permission appliquée: User 01 [write] -> Drive ECHOLINE/05-Sales/A-Prospects/VIATRIS MEDA MANUFACTURING
[2026-07-06 14:05:05] [INFO] Traitement: /Drive ECHOLINE/05-Sales/A-Prospects/VINCI FACILITIES/ (6 permission(s))
[2026-07-06 14:05:05] [INFO] === COPIE REELLE: Drive ECHOLINE/05-Sales/A-Prospects/VINCI FACILITIES ===
[2026-07-06 14:05:06] [SUCCESS] Dossier cree: Drive ECHOLINE/05-Sales/A-Prospects/VINCI FACILITIES
[2026-07-06 14:05:06] [WARN] Impossible de résoudre 'grp_test' dans le tenant destination - permission ignorée
[2026-07-06 14:05:06] [SUCCESS] Permission appliquée: Equipe INFRA [write] -> Drive ECHOLINE/05-Sales/A-Prospects/VINCI FACILITIES
[2026-07-06 14:05:07] [SUCCESS] Permission appliquée: User 01 [write] -> Drive ECHOLINE/05-Sales/A-Prospects/VINCI FACILITIES
[2026-07-06 14:05:07] [WARN] Pas de mappage pour: SERVICES_GENERAUX - Membres () - permission ignorée sur Drive ECHOLINE/05-Sales/A-Prospects/VINCI FACILITIES
[2026-07-06 14:05:07] [WARN] Pas de mappage pour: SERVICES_GENERAUX - Visiteurs () - permission ignorée sur Drive ECHOLINE/05-Sales/A-Prospects/VINCI FACILITIES
[2026-07-06 14:05:07] [WARN] Pas de mappage pour: Propriétaires de SERVICES_GENERAUX () - permission ignorée sur Drive ECHOLINE/05-Sales/A-Prospects/VINCI FACILITIES
[2026-07-06 14:05:07] [INFO] Traitement: /Drive ECHOLINE/05-Sales/A-Prospects/YZEE/ (6 permission(s))
[2026-07-06 14:05:07] [INFO] === COPIE REELLE: Drive ECHOLINE/05-Sales/A-Prospects/YZEE ===
[2026-07-06 14:05:07] [SUCCESS] Dossier cree: Drive ECHOLINE/05-Sales/A-Prospects/YZEE
[2026-07-06 14:05:08] [SUCCESS] Permission appliquée: Equipe INFRA [write] -> Drive ECHOLINE/05-Sales/A-Prospects/YZEE
[2026-07-06 14:05:08] [WARN] Pas de mappage pour: Propriétaires de SERVICES_GENERAUX () - permission ignorée sur Drive ECHOLINE/05-Sales/A-Prospects/YZEE
[2026-07-06 14:05:08] [WARN] Pas de mappage pour: SERVICES_GENERAUX - Visiteurs () - permission ignorée sur Drive ECHOLINE/05-Sales/A-Prospects/YZEE
[2026-07-06 14:05:08] [WARN] Pas de mappage pour: SERVICES_GENERAUX - Membres () - permission ignorée sur Drive ECHOLINE/05-Sales/A-Prospects/YZEE
[2026-07-06 14:05:08] [SUCCESS] Permission appliquée: User 01 [write] -> Drive ECHOLINE/05-Sales/A-Prospects/YZEE
[2026-07-06 14:05:08] [WARN] Impossible de résoudre 'grp_test' dans le tenant destination - permission ignorée
[2026-07-06 14:05:08] [INFO] Traitement: /Drive ECHOLINE/05-Sales/B-Templates/ (6 permission(s))
[2026-07-06 14:05:08] [INFO] === COPIE REELLE: Drive ECHOLINE/05-Sales/B-Templates ===
[2026-07-06 14:05:09] [SUCCESS] Dossier cree: Drive ECHOLINE/05-Sales/B-Templates
[2026-07-06 14:05:09] [WARN] Impossible de résoudre 'grp_test' dans le tenant destination - permission ignorée
[2026-07-06 14:05:09] [WARN] Pas de mappage pour: Propriétaires de SERVICES_GENERAUX () - permission ignorée sur Drive ECHOLINE/05-Sales/B-Templates
[2026-07-06 14:05:09] [SUCCESS] Permission appliquée: Equipe INFRA [write] -> Drive ECHOLINE/05-Sales/B-Templates
[2026-07-06 14:05:09] [WARN] Pas de mappage pour: SERVICES_GENERAUX - Visiteurs () - permission ignorée sur Drive ECHOLINE/05-Sales/B-Templates
[2026-07-06 14:05:09] [WARN] Pas de mappage pour: SERVICES_GENERAUX - Membres () - permission ignorée sur Drive ECHOLINE/05-Sales/B-Templates
[2026-07-06 14:05:09] [SUCCESS] Permission appliquée: User 01 [write] -> Drive ECHOLINE/05-Sales/B-Templates
[2026-07-06 14:05:09] [INFO] Traitement: /Drive ECHOLINE/05-Sales/C-Automated_Quotes_Generation/ (6 permission(s))
[2026-07-06 14:05:09] [INFO] === COPIE REELLE: Drive ECHOLINE/05-Sales/C-Automated_Quotes_Generation ===
[2026-07-06 14:05:10] [SUCCESS] Dossier cree: Drive ECHOLINE/05-Sales/C-Automated_Quotes_Generation
[2026-07-06 14:05:10] [WARN] Impossible de résoudre 'grp_test' dans le tenant destination - permission ignorée
[2026-07-06 14:05:10] [SUCCESS] Permission appliquée: Equipe INFRA [write] -> Drive ECHOLINE/05-Sales/C-Automated_Quotes_Generation
[2026-07-06 14:05:11] [SUCCESS] Permission appliquée: User 01 [write] -> Drive ECHOLINE/05-Sales/C-Automated_Quotes_Generation
[2026-07-06 14:05:11] [WARN] Pas de mappage pour: SERVICES_GENERAUX - Membres () - permission ignorée sur Drive ECHOLINE/05-Sales/C-Automated_Quotes_Generation
[2026-07-06 14:05:11] [WARN] Pas de mappage pour: SERVICES_GENERAUX - Visiteurs () - permission ignorée sur Drive ECHOLINE/05-Sales/C-Automated_Quotes_Generation
[2026-07-06 14:05:11] [WARN] Pas de mappage pour: Propriétaires de SERVICES_GENERAUX () - permission ignorée sur Drive ECHOLINE/05-Sales/C-Automated_Quotes_Generation
[2026-07-06 14:05:11] [INFO] Traitement: /Drive ECHOLINE/05-Sales/Communication Package/ (6 permission(s))
[2026-07-06 14:05:11] [INFO] === COPIE REELLE: Drive ECHOLINE/05-Sales/Communication Package ===
[2026-07-06 14:05:11] [SUCCESS] Dossier cree: Drive ECHOLINE/05-Sales/Communication Package
[2026-07-06 14:05:11] [WARN] Pas de mappage pour: SERVICES_GENERAUX - Visiteurs () - permission ignorée sur Drive ECHOLINE/05-Sales/Communication Package
[2026-07-06 14:05:11] [WARN] Pas de mappage pour: Propriétaires de SERVICES_GENERAUX () - permission ignorée sur Drive ECHOLINE/05-Sales/Communication Package
[2026-07-06 14:05:11] [WARN] Pas de mappage pour: SERVICES_GENERAUX - Membres () - permission ignorée sur Drive ECHOLINE/05-Sales/Communication Package
[2026-07-06 14:05:12] [SUCCESS] Permission appliquée: User 01 [write] -> Drive ECHOLINE/05-Sales/Communication Package
[2026-07-06 14:05:12] [SUCCESS] Permission appliquée: Equipe INFRA [write] -> Drive ECHOLINE/05-Sales/Communication Package
[2026-07-06 14:05:12] [WARN] Impossible de résoudre 'grp_test' dans le tenant destination - permission ignorée
[2026-07-06 14:05:12] [INFO] Traitement: /Drive ECHOLINE/05-Sales/Communication Package/ARTHUR/ (6 permission(s))
[2026-07-06 14:05:12] [INFO] === COPIE REELLE: Drive ECHOLINE/05-Sales/Communication Package/ARTHUR ===
[2026-07-06 14:05:13] [SUCCESS] Dossier cree: Drive ECHOLINE/05-Sales/Communication Package/ARTHUR
[2026-07-06 14:05:13] [WARN] Impossible de résoudre 'grp_test' dans le tenant destination - permission ignorée
[2026-07-06 14:05:13] [WARN] Pas de mappage pour: SERVICES_GENERAUX - Visiteurs () - permission ignorée sur Drive ECHOLINE/05-Sales/Communication Package/ARTHUR
[2026-07-06 14:05:13] [WARN] Pas de mappage pour: SERVICES_GENERAUX - Membres () - permission ignorée sur Drive ECHOLINE/05-Sales/Communication Package/ARTHUR
[2026-07-06 14:05:13] [SUCCESS] Permission appliquée: User 01 [write] -> Drive ECHOLINE/05-Sales/Communication Package/ARTHUR
[2026-07-06 14:05:13] [SUCCESS] Permission appliquée: Equipe INFRA [write] -> Drive ECHOLINE/05-Sales/Communication Package/ARTHUR
[2026-07-06 14:05:13] [WARN] Pas de mappage pour: Propriétaires de SERVICES_GENERAUX () - permission ignorée sur Drive ECHOLINE/05-Sales/Communication Package/ARTHUR
[2026-07-06 14:05:13] [INFO] Traitement: /Drive ECHOLINE/05-Sales/Communication Package/AURELIEN/ (6 permission(s))
[2026-07-06 14:05:13] [INFO] === COPIE REELLE: Drive ECHOLINE/05-Sales/Communication Package/AURELIEN ===
[2026-07-06 14:05:14] [SUCCESS] Dossier cree: Drive ECHOLINE/05-Sales/Communication Package/AURELIEN
[2026-07-06 14:05:14] [WARN] Impossible de résoudre 'grp_test' dans le tenant destination - permission ignorée
[2026-07-06 14:05:15] [SUCCESS] Permission appliquée: Equipe INFRA [write] -> Drive ECHOLINE/05-Sales/Communication Package/AURELIEN
[2026-07-06 14:05:15] [SUCCESS] Permission appliquée: User 01 [write] -> Drive ECHOLINE/05-Sales/Communication Package/AURELIEN
[2026-07-06 14:05:15] [WARN] Pas de mappage pour: SERVICES_GENERAUX - Membres () - permission ignorée sur Drive ECHOLINE/05-Sales/Communication Package/AURELIEN
[2026-07-06 14:05:15] [WARN] Pas de mappage pour: SERVICES_GENERAUX - Visiteurs () - permission ignorée sur Drive ECHOLINE/05-Sales/Communication Package/AURELIEN
[2026-07-06 14:05:15] [WARN] Pas de mappage pour: Propriétaires de SERVICES_GENERAUX () - permission ignorée sur Drive ECHOLINE/05-Sales/Communication Package/AURELIEN
[2026-07-06 14:05:15] [INFO] Traitement: /Drive ECHOLINE/05-Sales/Communication Package/CELIA/ (6 permission(s))
[2026-07-06 14:05:15] [INFO] === COPIE REELLE: Drive ECHOLINE/05-Sales/Communication Package/CELIA ===
[2026-07-06 14:05:16] [SUCCESS] Dossier cree: Drive ECHOLINE/05-Sales/Communication Package/CELIA
[2026-07-06 14:05:16] [SUCCESS] Permission appliquée: Equipe INFRA [write] -> Drive ECHOLINE/05-Sales/Communication Package/CELIA
[2026-07-06 14:05:16] [WARN] Pas de mappage pour: Propriétaires de SERVICES_GENERAUX () - permission ignorée sur Drive ECHOLINE/05-Sales/Communication Package/CELIA
[2026-07-06 14:05:16] [WARN] Pas de mappage pour: SERVICES_GENERAUX - Membres () - permission ignorée sur Drive ECHOLINE/05-Sales/Communication Package/CELIA
[2026-07-06 14:05:16] [WARN] Pas de mappage pour: SERVICES_GENERAUX - Visiteurs () - permission ignorée sur Drive ECHOLINE/05-Sales/Communication Package/CELIA
[2026-07-06 14:05:16] [SUCCESS] Permission appliquée: User 01 [write] -> Drive ECHOLINE/05-Sales/Communication Package/CELIA
[2026-07-06 14:05:16] [WARN] Impossible de résoudre 'grp_test' dans le tenant destination - permission ignorée
[2026-07-06 14:05:16] [INFO] Traitement: /Drive ECHOLINE/05-Sales/Communication Package/CLOTHILDE/ (6 permission(s))
[2026-07-06 14:05:16] [INFO] === COPIE REELLE: Drive ECHOLINE/05-Sales/Communication Package/CLOTHILDE ===
[2026-07-06 14:05:17] [SUCCESS] Dossier cree: Drive ECHOLINE/05-Sales/Communication Package/CLOTHILDE
[2026-07-06 14:05:17] [WARN] Impossible de résoudre 'grp_test' dans le tenant destination - permission ignorée
[2026-07-06 14:05:17] [SUCCESS] Permission appliquée: Equipe INFRA [write] -> Drive ECHOLINE/05-Sales/Communication Package/CLOTHILDE
[2026-07-06 14:05:18] [SUCCESS] Permission appliquée: User 01 [write] -> Drive ECHOLINE/05-Sales/Communication Package/CLOTHILDE
[2026-07-06 14:05:18] [WARN] Pas de mappage pour: SERVICES_GENERAUX - Membres () - permission ignorée sur Drive ECHOLINE/05-Sales/Communication Package/CLOTHILDE
[2026-07-06 14:05:18] [WARN] Pas de mappage pour: SERVICES_GENERAUX - Visiteurs () - permission ignorée sur Drive ECHOLINE/05-Sales/Communication Package/CLOTHILDE
[2026-07-06 14:05:18] [WARN] Pas de mappage pour: Propriétaires de SERVICES_GENERAUX () - permission ignorée sur Drive ECHOLINE/05-Sales/Communication Package/CLOTHILDE
[2026-07-06 14:05:18] [INFO] Traitement: /Drive ECHOLINE/05-Sales/Communication Package/GAYLORD/ (6 permission(s))
[2026-07-06 14:05:18] [INFO] === COPIE REELLE: Drive ECHOLINE/05-Sales/Communication Package/GAYLORD ===
[2026-07-06 14:05:18] [SUCCESS] Dossier cree: Drive ECHOLINE/05-Sales/Communication Package/GAYLORD
[2026-07-06 14:05:19] [WARN] Pas de mappage pour: SERVICES_GENERAUX - Visiteurs () - permission ignorée sur Drive ECHOLINE/05-Sales/Communication Package/GAYLORD
[2026-07-06 14:05:19] [WARN] Pas de mappage pour: Propriétaires de SERVICES_GENERAUX () - permission ignorée sur Drive ECHOLINE/05-Sales/Communication Package/GAYLORD
[2026-07-06 14:05:19] [SUCCESS] Permission appliquée: User 01 [write] -> Drive ECHOLINE/05-Sales/Communication Package/GAYLORD
[2026-07-06 14:05:19] [WARN] Impossible de résoudre 'grp_test' dans le tenant destination - permission ignorée
[2026-07-06 14:05:19] [SUCCESS] Permission appliquée: Equipe INFRA [write] -> Drive ECHOLINE/05-Sales/Communication Package/GAYLORD
[2026-07-06 14:05:19] [WARN] Pas de mappage pour: SERVICES_GENERAUX - Membres () - permission ignorée sur Drive ECHOLINE/05-Sales/Communication Package/GAYLORD
[2026-07-06 14:05:19] [INFO] Traitement: /Drive ECHOLINE/05-Sales/Communication Package/JEREMY/ (6 permission(s))
[2026-07-06 14:05:19] [INFO] === COPIE REELLE: Drive ECHOLINE/05-Sales/Communication Package/JEREMY ===
[2026-07-06 14:05:20] [SUCCESS] Dossier cree: Drive ECHOLINE/05-Sales/Communication Package/JEREMY
[2026-07-06 14:05:20] [SUCCESS] Permission appliquée: Equipe INFRA [write] -> Drive ECHOLINE/05-Sales/Communication Package/JEREMY
[2026-07-06 14:05:20] [SUCCESS] Permission appliquée: User 01 [write] -> Drive ECHOLINE/05-Sales/Communication Package/JEREMY
[2026-07-06 14:05:20] [WARN] Pas de mappage pour: SERVICES_GENERAUX - Membres () - permission ignorée sur Drive ECHOLINE/05-Sales/Communication Package/JEREMY
[2026-07-06 14:05:20] [WARN] Pas de mappage pour: SERVICES_GENERAUX - Visiteurs () - permission ignorée sur Drive ECHOLINE/05-Sales/Communication Package/JEREMY
[2026-07-06 14:05:20] [WARN] Pas de mappage pour: Propriétaires de SERVICES_GENERAUX () - permission ignorée sur Drive ECHOLINE/05-Sales/Communication Package/JEREMY
[2026-07-06 14:05:20] [WARN] Impossible de résoudre 'grp_test' dans le tenant destination - permission ignorée
[2026-07-06 14:05:20] [INFO] Traitement: /Drive ECHOLINE/05-Sales/Communication Package/LAURA/ (6 permission(s))
[2026-07-06 14:05:20] [INFO] === COPIE REELLE: Drive ECHOLINE/05-Sales/Communication Package/LAURA ===
[2026-07-06 14:05:21] [SUCCESS] Dossier cree: Drive ECHOLINE/05-Sales/Communication Package/LAURA
[2026-07-06 14:05:21] [SUCCESS] Permission appliquée: User 01 [write] -> Drive ECHOLINE/05-Sales/Communication Package/LAURA
[2026-07-06 14:05:21] [WARN] Pas de mappage pour: Propriétaires de SERVICES_GENERAUX () - permission ignorée sur Drive ECHOLINE/05-Sales/Communication Package/LAURA
[2026-07-06 14:05:21] [WARN] Pas de mappage pour: SERVICES_GENERAUX - Visiteurs () - permission ignorée sur Drive ECHOLINE/05-Sales/Communication Package/LAURA
[2026-07-06 14:05:21] [WARN] Pas de mappage pour: SERVICES_GENERAUX - Membres () - permission ignorée sur Drive ECHOLINE/05-Sales/Communication Package/LAURA
[2026-07-06 14:05:22] [SUCCESS] Permission appliquée: Equipe INFRA [write] -> Drive ECHOLINE/05-Sales/Communication Package/LAURA
[2026-07-06 14:05:22] [WARN] Impossible de résoudre 'grp_test' dans le tenant destination - permission ignorée
[2026-07-06 14:05:22] [INFO] Traitement: /Drive ECHOLINE/05-Sales/Communication Package/SOPHIE/ (6 permission(s))
[2026-07-06 14:05:22] [INFO] === COPIE REELLE: Drive ECHOLINE/05-Sales/Communication Package/SOPHIE ===
[2026-07-06 14:05:22] [SUCCESS] Dossier cree: Drive ECHOLINE/05-Sales/Communication Package/SOPHIE
[2026-07-06 14:05:23] [WARN] Impossible de résoudre 'grp_test' dans le tenant destination - permission ignorée
[2026-07-06 14:05:23] [WARN] Pas de mappage pour: Propriétaires de SERVICES_GENERAUX () - permission ignorée sur Drive ECHOLINE/05-Sales/Communication Package/SOPHIE
[2026-07-06 14:05:23] [SUCCESS] Permission appliquée: Equipe INFRA [write] -> Drive ECHOLINE/05-Sales/Communication Package/SOPHIE
[2026-07-06 14:05:23] [WARN] Pas de mappage pour: SERVICES_GENERAUX - Visiteurs () - permission ignorée sur Drive ECHOLINE/05-Sales/Communication Package/SOPHIE
[2026-07-06 14:05:23] [WARN] Pas de mappage pour: SERVICES_GENERAUX - Membres () - permission ignorée sur Drive ECHOLINE/05-Sales/Communication Package/SOPHIE
[2026-07-06 14:05:23] [SUCCESS] Permission appliquée: User 01 [write] -> Drive ECHOLINE/05-Sales/Communication Package/SOPHIE
[2026-07-06 14:05:23] [INFO] Traitement: /Drive ECHOLINE/05-Sales/Communication Package/YANN/ (6 permission(s))
[2026-07-06 14:05:23] [INFO] === COPIE REELLE: Drive ECHOLINE/05-Sales/Communication Package/YANN ===
[2026-07-06 14:05:24] [SUCCESS] Dossier cree: Drive ECHOLINE/05-Sales/Communication Package/YANN
[2026-07-06 14:05:24] [WARN] Impossible de résoudre 'grp_test' dans le tenant destination - permission ignorée
[2026-07-06 14:05:24] [SUCCESS] Permission appliquée: Equipe INFRA [write] -> Drive ECHOLINE/05-Sales/Communication Package/YANN
[2026-07-06 14:05:24] [SUCCESS] Permission appliquée: User 01 [write] -> Drive ECHOLINE/05-Sales/Communication Package/YANN
[2026-07-06 14:05:24] [WARN] Pas de mappage pour: SERVICES_GENERAUX - Membres () - permission ignorée sur Drive ECHOLINE/05-Sales/Communication Package/YANN
[2026-07-06 14:05:24] [WARN] Pas de mappage pour: SERVICES_GENERAUX - Visiteurs () - permission ignorée sur Drive ECHOLINE/05-Sales/Communication Package/YANN
[2026-07-06 14:05:24] [WARN] Pas de mappage pour: Propriétaires de SERVICES_GENERAUX () - permission ignorée sur Drive ECHOLINE/05-Sales/Communication Package/YANN
[2026-07-06 14:05:24] [INFO] Traitement: /Drive ECHOLINE/05-Sales/ZZ-Archives/ (6 permission(s))
[2026-07-06 14:05:24] [INFO] === COPIE REELLE: Drive ECHOLINE/05-Sales/ZZ-Archives ===
[2026-07-06 14:05:25] [SUCCESS] Dossier cree: Drive ECHOLINE/05-Sales/ZZ-Archives
[2026-07-06 14:05:26] [SUCCESS] Permission appliquée: Equipe INFRA [write] -> Drive ECHOLINE/05-Sales/ZZ-Archives
[2026-07-06 14:05:26] [WARN] Pas de mappage pour: Propriétaires de SERVICES_GENERAUX () - permission ignorée sur Drive ECHOLINE/05-Sales/ZZ-Archives
[2026-07-06 14:05:26] [WARN] Pas de mappage pour: SERVICES_GENERAUX - Visiteurs () - permission ignorée sur Drive ECHOLINE/05-Sales/ZZ-Archives
[2026-07-06 14:05:26] [WARN] Pas de mappage pour: SERVICES_GENERAUX - Membres () - permission ignorée sur Drive ECHOLINE/05-Sales/ZZ-Archives
[2026-07-06 14:05:26] [SUCCESS] Permission appliquée: User 01 [write] -> Drive ECHOLINE/05-Sales/ZZ-Archives
[2026-07-06 14:05:26] [WARN] Impossible de résoudre 'grp_test' dans le tenant destination - permission ignorée
[2026-07-06 14:05:26] [INFO] Traitement: /Drive ECHOLINE/06-Community/ (6 permission(s))
[2026-07-06 14:05:26] [INFO] === COPIE REELLE: Drive ECHOLINE/06-Community ===
[2026-07-06 14:05:27] [SUCCESS] Dossier cree: Drive ECHOLINE/06-Community
[2026-07-06 14:05:27] [WARN] Impossible de résoudre 'grp_test' dans le tenant destination - permission ignorée
[2026-07-06 14:05:27] [WARN] Pas de mappage pour: Propriétaires de SERVICES_GENERAUX () - permission ignorée sur Drive ECHOLINE/06-Community
[2026-07-06 14:05:27] [WARN] Pas de mappage pour: SERVICES_GENERAUX - Visiteurs () - permission ignorée sur Drive ECHOLINE/06-Community
[2026-07-06 14:05:27] [WARN] Pas de mappage pour: SERVICES_GENERAUX - Membres () - permission ignorée sur Drive ECHOLINE/06-Community
[2026-07-06 14:05:28] [SUCCESS] Permission appliquée: Equipe INFRA [write] -> Drive ECHOLINE/06-Community
[2026-07-06 14:05:28] [SUCCESS] Permission appliquée: User 01 [write] -> Drive ECHOLINE/06-Community
[2026-07-06 14:05:28] [INFO] Traitement: /Drive ECHOLINE/06-Community/ADRAR FORMATION/ (6 permission(s))
[2026-07-06 14:05:28] [INFO] === COPIE REELLE: Drive ECHOLINE/06-Community/ADRAR FORMATION ===
[2026-07-06 14:05:28] [SUCCESS] Dossier cree: Drive ECHOLINE/06-Community/ADRAR FORMATION
[2026-07-06 14:05:29] [WARN] Pas de mappage pour: Propriétaires de SERVICES_GENERAUX () - permission ignorée sur Drive ECHOLINE/06-Community/ADRAR FORMATION
[2026-07-06 14:05:29] [WARN] Impossible de résoudre 'grp_test' dans le tenant destination - permission ignorée
[2026-07-06 14:05:29] [SUCCESS] Permission appliquée: Equipe INFRA [write] -> Drive ECHOLINE/06-Community/ADRAR FORMATION
[2026-07-06 14:05:29] [SUCCESS] Permission appliquée: User 01 [write] -> Drive ECHOLINE/06-Community/ADRAR FORMATION
[2026-07-06 14:05:29] [WARN] Pas de mappage pour: SERVICES_GENERAUX - Membres () - permission ignorée sur Drive ECHOLINE/06-Community/ADRAR FORMATION
[2026-07-06 14:05:29] [WARN] Pas de mappage pour: SERVICES_GENERAUX - Visiteurs () - permission ignorée sur Drive ECHOLINE/06-Community/ADRAR FORMATION
[2026-07-06 14:05:29] [INFO] Traitement: /Drive ECHOLINE/06-Community/CAE CONSEILS/ (6 permission(s))
[2026-07-06 14:05:29] [INFO] === COPIE REELLE: Drive ECHOLINE/06-Community/CAE CONSEILS ===
[2026-07-06 14:05:29] [SUCCESS] Dossier cree: Drive ECHOLINE/06-Community/CAE CONSEILS
[2026-07-06 14:05:30] [WARN] Pas de mappage pour: Propriétaires de SERVICES_GENERAUX () - permission ignorée sur Drive ECHOLINE/06-Community/CAE CONSEILS
[2026-07-06 14:05:30] [WARN] Pas de mappage pour: SERVICES_GENERAUX - Membres () - permission ignorée sur Drive ECHOLINE/06-Community/CAE CONSEILS
[2026-07-06 14:05:30] [SUCCESS] Permission appliquée: Equipe INFRA [write] -> Drive ECHOLINE/06-Community/CAE CONSEILS
[2026-07-06 14:05:30] [WARN] Impossible de résoudre 'grp_test' dans le tenant destination - permission ignorée
[2026-07-06 14:05:30] [WARN] Pas de mappage pour: SERVICES_GENERAUX - Visiteurs () - permission ignorée sur Drive ECHOLINE/06-Community/CAE CONSEILS
[2026-07-06 14:05:30] [SUCCESS] Permission appliquée: User 01 [write] -> Drive ECHOLINE/06-Community/CAE CONSEILS
[2026-07-06 14:05:30] [INFO] Traitement: /Drive ECHOLINE/06-Community/CAE CONSEILS/Devis/ (6 permission(s))
[2026-07-06 14:05:30] [INFO] === COPIE REELLE: Drive ECHOLINE/06-Community/CAE CONSEILS/Devis ===
[2026-07-06 14:05:31] [SUCCESS] Dossier cree: Drive ECHOLINE/06-Community/CAE CONSEILS/Devis
[2026-07-06 14:05:31] [WARN] Impossible de résoudre 'grp_test' dans le tenant destination - permission ignorée
[2026-07-06 14:05:31] [SUCCESS] Permission appliquée: Equipe INFRA [write] -> Drive ECHOLINE/06-Community/CAE CONSEILS/Devis
[2026-07-06 14:05:31] [SUCCESS] Permission appliquée: User 01 [write] -> Drive ECHOLINE/06-Community/CAE CONSEILS/Devis
[2026-07-06 14:05:31] [WARN] Pas de mappage pour: SERVICES_GENERAUX - Membres () - permission ignorée sur Drive ECHOLINE/06-Community/CAE CONSEILS/Devis
[2026-07-06 14:05:31] [WARN] Pas de mappage pour: SERVICES_GENERAUX - Visiteurs () - permission ignorée sur Drive ECHOLINE/06-Community/CAE CONSEILS/Devis
[2026-07-06 14:05:31] [WARN] Pas de mappage pour: Propriétaires de SERVICES_GENERAUX () - permission ignorée sur Drive ECHOLINE/06-Community/CAE CONSEILS/Devis
[2026-07-06 14:05:31] [INFO] Traitement: /Drive ECHOLINE/06-Community/CAE CONSEILS/Partenariat/ (6 permission(s))
[2026-07-06 14:05:31] [INFO] === COPIE REELLE: Drive ECHOLINE/06-Community/CAE CONSEILS/Partenariat ===
[2026-07-06 14:05:32] [SUCCESS] Dossier cree: Drive ECHOLINE/06-Community/CAE CONSEILS/Partenariat
[2026-07-06 14:05:33] [SUCCESS] Permission appliquée: Equipe INFRA [write] -> Drive ECHOLINE/06-Community/CAE CONSEILS/Partenariat
[2026-07-06 14:05:33] [WARN] Pas de mappage pour: Propriétaires de SERVICES_GENERAUX () - permission ignorée sur Drive ECHOLINE/06-Community/CAE CONSEILS/Partenariat
[2026-07-06 14:05:33] [WARN] Pas de mappage pour: SERVICES_GENERAUX - Visiteurs () - permission ignorée sur Drive ECHOLINE/06-Community/CAE CONSEILS/Partenariat
[2026-07-06 14:05:33] [WARN] Pas de mappage pour: SERVICES_GENERAUX - Membres () - permission ignorée sur Drive ECHOLINE/06-Community/CAE CONSEILS/Partenariat
[2026-07-06 14:05:33] [SUCCESS] Permission appliquée: User 01 [write] -> Drive ECHOLINE/06-Community/CAE CONSEILS/Partenariat
[2026-07-06 14:05:33] [WARN] Impossible de résoudre 'grp_test' dans le tenant destination - permission ignorée
[2026-07-06 14:05:33] [INFO] Traitement: /Drive ECHOLINE/06-Community/FRANCE SI/ (6 permission(s))
[2026-07-06 14:05:33] [INFO] === COPIE REELLE: Drive ECHOLINE/06-Community/FRANCE SI ===
[2026-07-06 14:05:33] [SUCCESS] Dossier cree: Drive ECHOLINE/06-Community/FRANCE SI
[2026-07-06 14:05:33] [WARN] Impossible de résoudre 'grp_test' dans le tenant destination - permission ignorée
[2026-07-06 14:05:33] [WARN] Pas de mappage pour: Propriétaires de SERVICES_GENERAUX () - permission ignorée sur Drive ECHOLINE/06-Community/FRANCE SI
[2026-07-06 14:05:34] [SUCCESS] Permission appliquée: Equipe INFRA [write] -> Drive ECHOLINE/06-Community/FRANCE SI
[2026-07-06 14:05:34] [WARN] Pas de mappage pour: SERVICES_GENERAUX - Visiteurs () - permission ignorée sur Drive ECHOLINE/06-Community/FRANCE SI
[2026-07-06 14:05:34] [WARN] Pas de mappage pour: SERVICES_GENERAUX - Membres () - permission ignorée sur Drive ECHOLINE/06-Community/FRANCE SI
[2026-07-06 14:05:34] [SUCCESS] Permission appliquée: User 01 [write] -> Drive ECHOLINE/06-Community/FRANCE SI
[2026-07-06 14:05:34] [INFO] Traitement: /Drive ECHOLINE/06-Community/GAMMA SOFTWARE/ (6 permission(s))
[2026-07-06 14:05:34] [INFO] === COPIE REELLE: Drive ECHOLINE/06-Community/GAMMA SOFTWARE ===
[2026-07-06 14:05:35] [SUCCESS] Dossier cree: Drive ECHOLINE/06-Community/GAMMA SOFTWARE
[2026-07-06 14:05:35] [WARN] Impossible de résoudre 'grp_test' dans le tenant destination - permission ignorée
[2026-07-06 14:05:36] [SUCCESS] Permission appliquée: Equipe INFRA [write] -> Drive ECHOLINE/06-Community/GAMMA SOFTWARE
[2026-07-06 14:05:36] [SUCCESS] Permission appliquée: User 01 [write] -> Drive ECHOLINE/06-Community/GAMMA SOFTWARE
[2026-07-06 14:05:36] [WARN] Pas de mappage pour: SERVICES_GENERAUX - Membres () - permission ignorée sur Drive ECHOLINE/06-Community/GAMMA SOFTWARE
[2026-07-06 14:05:36] [WARN] Pas de mappage pour: SERVICES_GENERAUX - Visiteurs () - permission ignorée sur Drive ECHOLINE/06-Community/GAMMA SOFTWARE
[2026-07-06 14:05:36] [WARN] Pas de mappage pour: Propriétaires de SERVICES_GENERAUX () - permission ignorée sur Drive ECHOLINE/06-Community/GAMMA SOFTWARE
[2026-07-06 14:05:36] [INFO] Traitement: /Drive ECHOLINE/06-Community/KNOWLLENCE/ (6 permission(s))
[2026-07-06 14:05:36] [INFO] === COPIE REELLE: Drive ECHOLINE/06-Community/KNOWLLENCE ===
[2026-07-06 14:05:37] [SUCCESS] Dossier cree: Drive ECHOLINE/06-Community/KNOWLLENCE
[2026-07-06 14:05:37] [WARN] Pas de mappage pour: SERVICES_GENERAUX - Membres () - permission ignorée sur Drive ECHOLINE/06-Community/KNOWLLENCE
[2026-07-06 14:05:37] [WARN] Impossible de résoudre 'grp_test' dans le tenant destination - permission ignorée
[2026-07-06 14:05:37] [SUCCESS] Permission appliquée: Equipe INFRA [write] -> Drive ECHOLINE/06-Community/KNOWLLENCE
[2026-07-06 14:05:37] [SUCCESS] Permission appliquée: User 01 [write] -> Drive ECHOLINE/06-Community/KNOWLLENCE
[2026-07-06 14:05:37] [WARN] Pas de mappage pour: SERVICES_GENERAUX - Visiteurs () - permission ignorée sur Drive ECHOLINE/06-Community/KNOWLLENCE
[2026-07-06 14:05:37] [WARN] Pas de mappage pour: Propriétaires de SERVICES_GENERAUX () - permission ignorée sur Drive ECHOLINE/06-Community/KNOWLLENCE
[2026-07-06 14:05:37] [INFO] Traitement: /Drive ECHOLINE/06-Community/KNOWLLENCE/Contrat/ (6 permission(s))
[2026-07-06 14:05:37] [INFO] === COPIE REELLE: Drive ECHOLINE/06-Community/KNOWLLENCE/Contrat ===
[2026-07-06 14:05:38] [SUCCESS] Dossier cree: Drive ECHOLINE/06-Community/KNOWLLENCE/Contrat
[2026-07-06 14:05:39] [WARN] Impossible de résoudre 'grp_test' dans le tenant destination - permission ignorée
[2026-07-06 14:05:39] [WARN] Pas de mappage pour: SERVICES_GENERAUX - Visiteurs () - permission ignorée sur Drive ECHOLINE/06-Community/KNOWLLENCE/Contrat
[2026-07-06 14:05:39] [WARN] Pas de mappage pour: Propriétaires de SERVICES_GENERAUX () - permission ignorée sur Drive ECHOLINE/06-Community/KNOWLLENCE/Contrat
[2026-07-06 14:05:39] [SUCCESS] Permission appliquée: Equipe INFRA [write] -> Drive ECHOLINE/06-Community/KNOWLLENCE/Contrat
[2026-07-06 14:05:39] [WARN] Pas de mappage pour: SERVICES_GENERAUX - Membres () - permission ignorée sur Drive ECHOLINE/06-Community/KNOWLLENCE/Contrat
[2026-07-06 14:05:39] [SUCCESS] Permission appliquée: User 01 [write] -> Drive ECHOLINE/06-Community/KNOWLLENCE/Contrat
[2026-07-06 14:05:39] [INFO] Traitement: /Drive ECHOLINE/06-Community/LOOTIBOX/ (6 permission(s))
[2026-07-06 14:05:39] [INFO] === COPIE REELLE: Drive ECHOLINE/06-Community/LOOTIBOX ===
[2026-07-06 14:05:40] [SUCCESS] Dossier cree: Drive ECHOLINE/06-Community/LOOTIBOX
[2026-07-06 14:05:40] [WARN] Impossible de résoudre 'grp_test' dans le tenant destination - permission ignorée
[2026-07-06 14:05:40] [SUCCESS] Permission appliquée: Equipe INFRA [write] -> Drive ECHOLINE/06-Community/LOOTIBOX
[2026-07-06 14:05:41] [SUCCESS] Permission appliquée: User 01 [write] -> Drive ECHOLINE/06-Community/LOOTIBOX
[2026-07-06 14:05:41] [WARN] Pas de mappage pour: SERVICES_GENERAUX - Membres () - permission ignorée sur Drive ECHOLINE/06-Community/LOOTIBOX
[2026-07-06 14:05:41] [WARN] Pas de mappage pour: SERVICES_GENERAUX - Visiteurs () - permission ignorée sur Drive ECHOLINE/06-Community/LOOTIBOX
[2026-07-06 14:05:41] [WARN] Pas de mappage pour: Propriétaires de SERVICES_GENERAUX () - permission ignorée sur Drive ECHOLINE/06-Community/LOOTIBOX
[2026-07-06 14:05:41] [INFO] Traitement: /Drive ECHOLINE/06-Community/QUALIPRO/ (6 permission(s))
[2026-07-06 14:05:41] [INFO] === COPIE REELLE: Drive ECHOLINE/06-Community/QUALIPRO ===
[2026-07-06 14:05:41] [SUCCESS] Dossier cree: Drive ECHOLINE/06-Community/QUALIPRO
[2026-07-06 14:05:42] [SUCCESS] Permission appliquée: Equipe INFRA [write] -> Drive ECHOLINE/06-Community/QUALIPRO
[2026-07-06 14:05:42] [SUCCESS] Permission appliquée: User 01 [write] -> Drive ECHOLINE/06-Community/QUALIPRO
[2026-07-06 14:05:42] [WARN] Pas de mappage pour: SERVICES_GENERAUX - Membres () - permission ignorée sur Drive ECHOLINE/06-Community/QUALIPRO
[2026-07-06 14:05:42] [WARN] Pas de mappage pour: Propriétaires de SERVICES_GENERAUX () - permission ignorée sur Drive ECHOLINE/06-Community/QUALIPRO
[2026-07-06 14:05:42] [WARN] Pas de mappage pour: SERVICES_GENERAUX - Visiteurs () - permission ignorée sur Drive ECHOLINE/06-Community/QUALIPRO
[2026-07-06 14:05:42] [WARN] Impossible de résoudre 'grp_test' dans le tenant destination - permission ignorée
[2026-07-06 14:05:42] [INFO] Traitement: /Drive ECHOLINE/06-Community/QUALIPRO/Contrat/ (6 permission(s))
[2026-07-06 14:05:42] [INFO] === COPIE REELLE: Drive ECHOLINE/06-Community/QUALIPRO/Contrat ===
[2026-07-06 14:05:43] [SUCCESS] Dossier cree: Drive ECHOLINE/06-Community/QUALIPRO/Contrat
[2026-07-06 14:05:43] [WARN] Impossible de résoudre 'grp_test' dans le tenant destination - permission ignorée
[2026-07-06 14:05:43] [SUCCESS] Permission appliquée: Equipe INFRA [write] -> Drive ECHOLINE/06-Community/QUALIPRO/Contrat
[2026-07-06 14:05:43] [SUCCESS] Permission appliquée: User 01 [write] -> Drive ECHOLINE/06-Community/QUALIPRO/Contrat
[2026-07-06 14:05:43] [WARN] Pas de mappage pour: SERVICES_GENERAUX - Membres () - permission ignorée sur Drive ECHOLINE/06-Community/QUALIPRO/Contrat
[2026-07-06 14:05:43] [WARN] Pas de mappage pour: SERVICES_GENERAUX - Visiteurs () - permission ignorée sur Drive ECHOLINE/06-Community/QUALIPRO/Contrat
[2026-07-06 14:05:43] [WARN] Pas de mappage pour: Propriétaires de SERVICES_GENERAUX () - permission ignorée sur Drive ECHOLINE/06-Community/QUALIPRO/Contrat
[2026-07-06 14:05:43] [INFO] Traitement: /Drive ECHOLINE/06-Community/TEEO/ (6 permission(s))
[2026-07-06 14:05:43] [INFO] === COPIE REELLE: Drive ECHOLINE/06-Community/TEEO ===
[2026-07-06 14:05:44] [SUCCESS] Dossier cree: Drive ECHOLINE/06-Community/TEEO
[2026-07-06 14:05:44] [SUCCESS] Permission appliquée: User 01 [write] -> Drive ECHOLINE/06-Community/TEEO
[2026-07-06 14:05:44] [WARN] Pas de mappage pour: SERVICES_GENERAUX - Visiteurs () - permission ignorée sur Drive ECHOLINE/06-Community/TEEO
[2026-07-06 14:05:44] [WARN] Pas de mappage pour: Propriétaires de SERVICES_GENERAUX () - permission ignorée sur Drive ECHOLINE/06-Community/TEEO
[2026-07-06 14:05:44] [WARN] Pas de mappage pour: SERVICES_GENERAUX - Membres () - permission ignorée sur Drive ECHOLINE/06-Community/TEEO
[2026-07-06 14:05:44] [WARN] Impossible de résoudre 'grp_test' dans le tenant destination - permission ignorée
[2026-07-06 14:05:45] [SUCCESS] Permission appliquée: Equipe INFRA [write] -> Drive ECHOLINE/06-Community/TEEO
[2026-07-06 14:05:45] [INFO] Traitement: /Drive ECHOLINE/06-Community/TEEO/Archive/ (6 permission(s))
[2026-07-06 14:05:45] [INFO] === COPIE REELLE: Drive ECHOLINE/06-Community/TEEO/Archive ===
[2026-07-06 14:05:45] [SUCCESS] Dossier cree: Drive ECHOLINE/06-Community/TEEO/Archive
[2026-07-06 14:05:46] [WARN] Impossible de résoudre 'grp_test' dans le tenant destination - permission ignorée
[2026-07-06 14:05:46] [SUCCESS] Permission appliquée: User 01 [write] -> Drive ECHOLINE/06-Community/TEEO/Archive
[2026-07-06 14:05:46] [WARN] Pas de mappage pour: SERVICES_GENERAUX - Membres () - permission ignorée sur Drive ECHOLINE/06-Community/TEEO/Archive
[2026-07-06 14:05:46] [WARN] Pas de mappage pour: SERVICES_GENERAUX - Visiteurs () - permission ignorée sur Drive ECHOLINE/06-Community/TEEO/Archive
[2026-07-06 14:05:46] [WARN] Pas de mappage pour: Propriétaires de SERVICES_GENERAUX () - permission ignorée sur Drive ECHOLINE/06-Community/TEEO/Archive
[2026-07-06 14:05:46] [SUCCESS] Permission appliquée: Equipe INFRA [write] -> Drive ECHOLINE/06-Community/TEEO/Archive
[2026-07-06 14:05:46] [INFO] Traitement: /Drive ECHOLINE/06-Community/TEEO/Partenariat/ (6 permission(s))
[2026-07-06 14:05:46] [INFO] === COPIE REELLE: Drive ECHOLINE/06-Community/TEEO/Partenariat ===
[2026-07-06 14:05:47] [SUCCESS] Dossier cree: Drive ECHOLINE/06-Community/TEEO/Partenariat
[2026-07-06 14:05:47] [WARN] Pas de mappage pour: SERVICES_GENERAUX - Visiteurs () - permission ignorée sur Drive ECHOLINE/06-Community/TEEO/Partenariat
[2026-07-06 14:05:47] [WARN] Pas de mappage pour: Propriétaires de SERVICES_GENERAUX () - permission ignorée sur Drive ECHOLINE/06-Community/TEEO/Partenariat
[2026-07-06 14:05:47] [WARN] Pas de mappage pour: SERVICES_GENERAUX - Membres () - permission ignorée sur Drive ECHOLINE/06-Community/TEEO/Partenariat
[2026-07-06 14:05:47] [WARN] Impossible de résoudre 'grp_test' dans le tenant destination - permission ignorée
[2026-07-06 14:05:47] [SUCCESS] Permission appliquée: Equipe INFRA [write] -> Drive ECHOLINE/06-Community/TEEO/Partenariat
[2026-07-06 14:05:48] [SUCCESS] Permission appliquée: User 01 [write] -> Drive ECHOLINE/06-Community/TEEO/Partenariat
[2026-07-06 14:05:48] [INFO] Traitement: /Drive ECHOLINE/07-Tech/ (6 permission(s))
[2026-07-06 14:05:48] [INFO] === COPIE REELLE: Drive ECHOLINE/07-Tech ===
[2026-07-06 14:05:48] [SUCCESS] Dossier cree: Drive ECHOLINE/07-Tech
[2026-07-06 14:05:49] [SUCCESS] Permission appliquée: User 01 [write] -> Drive ECHOLINE/07-Tech
[2026-07-06 14:05:49] [WARN] Pas de mappage pour: SERVICES_GENERAUX - Membres () - permission ignorée sur Drive ECHOLINE/07-Tech
[2026-07-06 14:05:49] [WARN] Impossible de résoudre 'grp_test' dans le tenant destination - permission ignorée
[2026-07-06 14:05:49] [WARN] Pas de mappage pour: SERVICES_GENERAUX - Visiteurs () - permission ignorée sur Drive ECHOLINE/07-Tech
[2026-07-06 14:05:49] [WARN] Pas de mappage pour: Propriétaires de SERVICES_GENERAUX () - permission ignorée sur Drive ECHOLINE/07-Tech
[2026-07-06 14:05:49] [SUCCESS] Permission appliquée: Equipe INFRA [write] -> Drive ECHOLINE/07-Tech
[2026-07-06 14:05:49] [INFO] Traitement: /Drive ECHOLINE/07-Tech/A-Product management/ (6 permission(s))
[2026-07-06 14:05:49] [INFO] === COPIE REELLE: Drive ECHOLINE/07-Tech/A-Product management ===
[2026-07-06 14:05:50] [SUCCESS] Dossier cree: Drive ECHOLINE/07-Tech/A-Product management
[2026-07-06 14:05:50] [WARN] Pas de mappage pour: SERVICES_GENERAUX - Visiteurs () - permission ignorée sur Drive ECHOLINE/07-Tech/A-Product management
[2026-07-06 14:05:50] [WARN] Pas de mappage pour: Propriétaires de SERVICES_GENERAUX () - permission ignorée sur Drive ECHOLINE/07-Tech/A-Product management
[2026-07-06 14:05:50] [WARN] Impossible de résoudre 'grp_test' dans le tenant destination - permission ignorée
[2026-07-06 14:05:50] [SUCCESS] Permission appliquée: Equipe INFRA [write] -> Drive ECHOLINE/07-Tech/A-Product management
[2026-07-06 14:05:50] [SUCCESS] Permission appliquée: User 01 [write] -> Drive ECHOLINE/07-Tech/A-Product management
[2026-07-06 14:05:50] [WARN] Pas de mappage pour: SERVICES_GENERAUX - Membres () - permission ignorée sur Drive ECHOLINE/07-Tech/A-Product management
[2026-07-06 14:05:50] [INFO] Traitement: /Drive ECHOLINE/07-Tech/A-Product management/ZZ-Archives/ (6 permission(s))
[2026-07-06 14:05:50] [INFO] === COPIE REELLE: Drive ECHOLINE/07-Tech/A-Product management/ZZ-Archives ===
[2026-07-06 14:05:51] [SUCCESS] Dossier cree: Drive ECHOLINE/07-Tech/A-Product management/ZZ-Archives
[2026-07-06 14:05:51] [SUCCESS] Permission appliquée: User 01 [write] -> Drive ECHOLINE/07-Tech/A-Product management/ZZ-Archives
[2026-07-06 14:05:51] [WARN] Pas de mappage pour: SERVICES_GENERAUX - Membres () - permission ignorée sur Drive ECHOLINE/07-Tech/A-Product management/ZZ-Archives
[2026-07-06 14:05:51] [WARN] Pas de mappage pour: SERVICES_GENERAUX - Visiteurs () - permission ignorée sur Drive ECHOLINE/07-Tech/A-Product management/ZZ-Archives
[2026-07-06 14:05:51] [WARN] Pas de mappage pour: Propriétaires de SERVICES_GENERAUX () - permission ignorée sur Drive ECHOLINE/07-Tech/A-Product management/ZZ-Archives
[2026-07-06 14:05:51] [SUCCESS] Permission appliquée: Equipe INFRA [write] -> Drive ECHOLINE/07-Tech/A-Product management/ZZ-Archives
[2026-07-06 14:05:51] [WARN] Impossible de résoudre 'grp_test' dans le tenant destination - permission ignorée
[2026-07-06 14:05:51] [INFO] Traitement: /Drive ECHOLINE/07-Tech/B-Backup/ (6 permission(s))
[2026-07-06 14:05:51] [INFO] === COPIE REELLE: Drive ECHOLINE/07-Tech/B-Backup ===
[2026-07-06 14:05:52] [SUCCESS] Dossier cree: Drive ECHOLINE/07-Tech/B-Backup
[2026-07-06 14:05:52] [WARN] Impossible de résoudre 'grp_test' dans le tenant destination - permission ignorée
[2026-07-06 14:05:52] [WARN] Pas de mappage pour: Propriétaires de SERVICES_GENERAUX () - permission ignorée sur Drive ECHOLINE/07-Tech/B-Backup
[2026-07-06 14:05:52] [WARN] Pas de mappage pour: SERVICES_GENERAUX - Visiteurs () - permission ignorée sur Drive ECHOLINE/07-Tech/B-Backup
[2026-07-06 14:05:52] [WARN] Pas de mappage pour: SERVICES_GENERAUX - Membres () - permission ignorée sur Drive ECHOLINE/07-Tech/B-Backup
[2026-07-06 14:05:52] [SUCCESS] Permission appliquée: User 01 [write] -> Drive ECHOLINE/07-Tech/B-Backup
[2026-07-06 14:05:53] [SUCCESS] Permission appliquée: Equipe INFRA [write] -> Drive ECHOLINE/07-Tech/B-Backup
[2026-07-06 14:05:53] [INFO] Traitement: /Drive ECHOLINE/07-Tech/B-Backup/Alexandria/ (6 permission(s))
[2026-07-06 14:05:53] [INFO] === COPIE REELLE: Drive ECHOLINE/07-Tech/B-Backup/Alexandria ===
[2026-07-06 14:05:54] [SUCCESS] Dossier cree: Drive ECHOLINE/07-Tech/B-Backup/Alexandria
[2026-07-06 14:05:54] [SUCCESS] Permission appliquée: User 01 [write] -> Drive ECHOLINE/07-Tech/B-Backup/Alexandria
[2026-07-06 14:05:54] [WARN] Pas de mappage pour: Propriétaires de SERVICES_GENERAUX () - permission ignorée sur Drive ECHOLINE/07-Tech/B-Backup/Alexandria
[2026-07-06 14:05:54] [WARN] Pas de mappage pour: SERVICES_GENERAUX - Visiteurs () - permission ignorée sur Drive ECHOLINE/07-Tech/B-Backup/Alexandria
[2026-07-06 14:05:54] [WARN] Pas de mappage pour: SERVICES_GENERAUX - Membres () - permission ignorée sur Drive ECHOLINE/07-Tech/B-Backup/Alexandria
[2026-07-06 14:05:54] [SUCCESS] Permission appliquée: Equipe INFRA [write] -> Drive ECHOLINE/07-Tech/B-Backup/Alexandria
[2026-07-06 14:05:54] [WARN] Impossible de résoudre 'grp_test' dans le tenant destination - permission ignorée
[2026-07-06 14:05:54] [INFO] Traitement: /Drive ECHOLINE/07-Tech/B-Backup/Archives Gitlab/ (6 permission(s))
[2026-07-06 14:05:54] [INFO] === COPIE REELLE: Drive ECHOLINE/07-Tech/B-Backup/Archives Gitlab ===
[2026-07-06 14:05:55] [SUCCESS] Dossier cree: Drive ECHOLINE/07-Tech/B-Backup/Archives Gitlab
[2026-07-06 14:05:55] [WARN] Impossible de résoudre 'grp_test' dans le tenant destination - permission ignorée
[2026-07-06 14:05:55] [SUCCESS] Permission appliquée: Equipe INFRA [write] -> Drive ECHOLINE/07-Tech/B-Backup/Archives Gitlab
[2026-07-06 14:05:55] [SUCCESS] Permission appliquée: User 01 [write] -> Drive ECHOLINE/07-Tech/B-Backup/Archives Gitlab
[2026-07-06 14:05:55] [WARN] Pas de mappage pour: SERVICES_GENERAUX - Membres () - permission ignorée sur Drive ECHOLINE/07-Tech/B-Backup/Archives Gitlab
[2026-07-06 14:05:55] [WARN] Pas de mappage pour: SERVICES_GENERAUX - Visiteurs () - permission ignorée sur Drive ECHOLINE/07-Tech/B-Backup/Archives Gitlab
[2026-07-06 14:05:55] [WARN] Pas de mappage pour: Propriétaires de SERVICES_GENERAUX () - permission ignorée sur Drive ECHOLINE/07-Tech/B-Backup/Archives Gitlab
[2026-07-06 14:05:55] [INFO] Traitement: /Drive ECHOLINE/07-Tech/B-Backup/BDD/ (6 permission(s))
[2026-07-06 14:05:55] [INFO] === COPIE REELLE: Drive ECHOLINE/07-Tech/B-Backup/BDD ===
[2026-07-06 14:05:56] [SUCCESS] Dossier cree: Drive ECHOLINE/07-Tech/B-Backup/BDD
[2026-07-06 14:05:57] [WARN] Pas de mappage pour: SERVICES_GENERAUX - Membres () - permission ignorée sur Drive ECHOLINE/07-Tech/B-Backup/BDD
[2026-07-06 14:05:57] [WARN] Impossible de résoudre 'grp_test' dans le tenant destination - permission ignorée
[2026-07-06 14:05:57] [WARN] Pas de mappage pour: SERVICES_GENERAUX - Visiteurs () - permission ignorée sur Drive ECHOLINE/07-Tech/B-Backup/BDD
[2026-07-06 14:05:57] [WARN] Pas de mappage pour: Propriétaires de SERVICES_GENERAUX () - permission ignorée sur Drive ECHOLINE/07-Tech/B-Backup/BDD
[2026-07-06 14:05:57] [SUCCESS] Permission appliquée: User 01 [write] -> Drive ECHOLINE/07-Tech/B-Backup/BDD
[2026-07-06 14:05:57] [SUCCESS] Permission appliquée: Equipe INFRA [write] -> Drive ECHOLINE/07-Tech/B-Backup/BDD
[2026-07-06 14:05:57] [INFO] Traitement: /Drive ECHOLINE/07-Tech/B-Backup/Infra/ (6 permission(s))
[2026-07-06 14:05:57] [INFO] === COPIE REELLE: Drive ECHOLINE/07-Tech/B-Backup/Infra ===
[2026-07-06 14:05:58] [SUCCESS] Dossier cree: Drive ECHOLINE/07-Tech/B-Backup/Infra
[2026-07-06 14:05:58] [WARN] Impossible de résoudre 'grp_test' dans le tenant destination - permission ignorée
[2026-07-06 14:05:58] [WARN] Pas de mappage pour: Propriétaires de SERVICES_GENERAUX () - permission ignorée sur Drive ECHOLINE/07-Tech/B-Backup/Infra
[2026-07-06 14:05:58] [WARN] Pas de mappage pour: SERVICES_GENERAUX - Visiteurs () - permission ignorée sur Drive ECHOLINE/07-Tech/B-Backup/Infra
[2026-07-06 14:05:58] [WARN] Pas de mappage pour: SERVICES_GENERAUX - Membres () - permission ignorée sur Drive ECHOLINE/07-Tech/B-Backup/Infra
[2026-07-06 14:05:58] [SUCCESS] Permission appliquée: User 01 [write] -> Drive ECHOLINE/07-Tech/B-Backup/Infra
[2026-07-06 14:05:59] [SUCCESS] Permission appliquée: Equipe INFRA [write] -> Drive ECHOLINE/07-Tech/B-Backup/Infra
[2026-07-06 14:05:59] [INFO] Traitement: /Drive ECHOLINE/07-Tech/B-Backup/Maquettes/ (6 permission(s))
[2026-07-06 14:05:59] [INFO] === COPIE REELLE: Drive ECHOLINE/07-Tech/B-Backup/Maquettes ===
[2026-07-06 14:05:59] [SUCCESS] Dossier cree: Drive ECHOLINE/07-Tech/B-Backup/Maquettes
[2026-07-06 14:06:00] [WARN] Pas de mappage pour: Propriétaires de SERVICES_GENERAUX () - permission ignorée sur Drive ECHOLINE/07-Tech/B-Backup/Maquettes
[2026-07-06 14:06:00] [WARN] Pas de mappage pour: SERVICES_GENERAUX - Visiteurs () - permission ignorée sur Drive ECHOLINE/07-Tech/B-Backup/Maquettes
[2026-07-06 14:06:00] [WARN] Pas de mappage pour: SERVICES_GENERAUX - Membres () - permission ignorée sur Drive ECHOLINE/07-Tech/B-Backup/Maquettes
[2026-07-06 14:06:00] [SUCCESS] Permission appliquée: User 01 [write] -> Drive ECHOLINE/07-Tech/B-Backup/Maquettes
[2026-07-06 14:06:00] [SUCCESS] Permission appliquée: Equipe INFRA [write] -> Drive ECHOLINE/07-Tech/B-Backup/Maquettes
[2026-07-06 14:06:00] [WARN] Impossible de résoudre 'grp_test' dans le tenant destination - permission ignorée
[2026-07-06 14:06:00] [INFO] Traitement: /Drive ECHOLINE/07-Tech/B-Backup/Pentest Q4 2022/ (6 permission(s))
[2026-07-06 14:06:00] [INFO] === COPIE REELLE: Drive ECHOLINE/07-Tech/B-Backup/Pentest Q4 2022 ===
[2026-07-06 14:06:01] [SUCCESS] Dossier cree: Drive ECHOLINE/07-Tech/B-Backup/Pentest Q4 2022
[2026-07-06 14:06:01] [WARN] Pas de mappage pour: Propriétaires de SERVICES_GENERAUX () - permission ignorée sur Drive ECHOLINE/07-Tech/B-Backup/Pentest Q4 2022
[2026-07-06 14:06:01] [WARN] Impossible de résoudre 'grp_test' dans le tenant destination - permission ignorée
[2026-07-06 14:06:01] [SUCCESS] Permission appliquée: Equipe INFRA [write] -> Drive ECHOLINE/07-Tech/B-Backup/Pentest Q4 2022
[2026-07-06 14:06:01] [SUCCESS] Permission appliquée: User 01 [write] -> Drive ECHOLINE/07-Tech/B-Backup/Pentest Q4 2022
[2026-07-06 14:06:01] [WARN] Pas de mappage pour: SERVICES_GENERAUX - Membres () - permission ignorée sur Drive ECHOLINE/07-Tech/B-Backup/Pentest Q4 2022
[2026-07-06 14:06:01] [WARN] Pas de mappage pour: SERVICES_GENERAUX - Visiteurs () - permission ignorée sur Drive ECHOLINE/07-Tech/B-Backup/Pentest Q4 2022
[2026-07-06 14:06:01] [INFO] Traitement: /Drive ECHOLINE/07-Tech/B-Backup/QSE/ (6 permission(s))
[2026-07-06 14:06:01] [INFO] === COPIE REELLE: Drive ECHOLINE/07-Tech/B-Backup/QSE ===
[2026-07-06 14:06:02] [SUCCESS] Dossier cree: Drive ECHOLINE/07-Tech/B-Backup/QSE
[2026-07-06 14:06:03] [WARN] Pas de mappage pour: Propriétaires de SERVICES_GENERAUX () - permission ignorée sur Drive ECHOLINE/07-Tech/B-Backup/QSE
[2026-07-06 14:06:03] [WARN] Pas de mappage pour: SERVICES_GENERAUX - Membres () - permission ignorée sur Drive ECHOLINE/07-Tech/B-Backup/QSE
[2026-07-06 14:06:03] [SUCCESS] Permission appliquée: Equipe INFRA [write] -> Drive ECHOLINE/07-Tech/B-Backup/QSE
[2026-07-06 14:06:03] [WARN] Impossible de résoudre 'grp_test' dans le tenant destination - permission ignorée
[2026-07-06 14:06:03] [WARN] Pas de mappage pour: SERVICES_GENERAUX - Visiteurs () - permission ignorée sur Drive ECHOLINE/07-Tech/B-Backup/QSE
[2026-07-06 14:06:03] [SUCCESS] Permission appliquée: User 01 [write] -> Drive ECHOLINE/07-Tech/B-Backup/QSE
[2026-07-06 14:06:03] [INFO] Traitement: /Drive ECHOLINE/07-Tech/B-Backup/RFP/ (6 permission(s))
[2026-07-06 14:06:03] [INFO] === COPIE REELLE: Drive ECHOLINE/07-Tech/B-Backup/RFP ===
[2026-07-06 14:06:04] [SUCCESS] Dossier cree: Drive ECHOLINE/07-Tech/B-Backup/RFP
[2026-07-06 14:06:04] [WARN] Impossible de résoudre 'grp_test' dans le tenant destination - permission ignorée
[2026-07-06 14:06:04] [SUCCESS] Permission appliquée: Equipe INFRA [write] -> Drive ECHOLINE/07-Tech/B-Backup/RFP
[2026-07-06 14:06:04] [SUCCESS] Permission appliquée: User 01 [write] -> Drive ECHOLINE/07-Tech/B-Backup/RFP
[2026-07-06 14:06:04] [WARN] Pas de mappage pour: SERVICES_GENERAUX - Membres () - permission ignorée sur Drive ECHOLINE/07-Tech/B-Backup/RFP
[2026-07-06 14:06:04] [WARN] Pas de mappage pour: SERVICES_GENERAUX - Visiteurs () - permission ignorée sur Drive ECHOLINE/07-Tech/B-Backup/RFP
[2026-07-06 14:06:04] [WARN] Pas de mappage pour: Propriétaires de SERVICES_GENERAUX () - permission ignorée sur Drive ECHOLINE/07-Tech/B-Backup/RFP
[2026-07-06 14:06:04] [INFO] Traitement: /Drive ECHOLINE/07-Tech/C-Cybersécurité/ (6 permission(s))
[2026-07-06 14:06:04] [INFO] === COPIE REELLE: Drive ECHOLINE/07-Tech/C-Cybersécurité ===
[2026-07-06 14:06:05] [SUCCESS] Dossier cree: Drive ECHOLINE/07-Tech/C-Cybersécurité
[2026-07-06 14:06:05] [SUCCESS] Permission appliquée: Equipe INFRA [write] -> Drive ECHOLINE/07-Tech/C-Cybersécurité
[2026-07-06 14:06:05] [WARN] Pas de mappage pour: Propriétaires de SERVICES_GENERAUX () - permission ignorée sur Drive ECHOLINE/07-Tech/C-Cybersécurité
[2026-07-06 14:06:05] [WARN] Pas de mappage pour: SERVICES_GENERAUX - Visiteurs () - permission ignorée sur Drive ECHOLINE/07-Tech/C-Cybersécurité
[2026-07-06 14:06:05] [WARN] Pas de mappage pour: SERVICES_GENERAUX - Membres () - permission ignorée sur Drive ECHOLINE/07-Tech/C-Cybersécurité
[2026-07-06 14:06:06] [SUCCESS] Permission appliquée: User 01 [write] -> Drive ECHOLINE/07-Tech/C-Cybersécurité
[2026-07-06 14:06:06] [WARN] Impossible de résoudre 'grp_test' dans le tenant destination - permission ignorée
[2026-07-06 14:06:06] [INFO] Traitement: /Drive ECHOLINE/07-Tech/C-Cybersécurité/2022/ (6 permission(s))
[2026-07-06 14:06:06] [INFO] === COPIE REELLE: Drive ECHOLINE/07-Tech/C-Cybersécurité/2022 ===
[2026-07-06 14:06:06] [SUCCESS] Dossier cree: Drive ECHOLINE/07-Tech/C-Cybersécurité/2022
[2026-07-06 14:06:07] [WARN] Impossible de résoudre 'grp_test' dans le tenant destination - permission ignorée
[2026-07-06 14:06:07] [WARN] Pas de mappage pour: Propriétaires de SERVICES_GENERAUX () - permission ignorée sur Drive ECHOLINE/07-Tech/C-Cybersécurité/2022
[2026-07-06 14:06:07] [SUCCESS] Permission appliquée: Equipe INFRA [write] -> Drive ECHOLINE/07-Tech/C-Cybersécurité/2022
[2026-07-06 14:06:07] [WARN] Pas de mappage pour: SERVICES_GENERAUX - Visiteurs () - permission ignorée sur Drive ECHOLINE/07-Tech/C-Cybersécurité/2022
[2026-07-06 14:06:07] [WARN] Pas de mappage pour: SERVICES_GENERAUX - Membres () - permission ignorée sur Drive ECHOLINE/07-Tech/C-Cybersécurité/2022
[2026-07-06 14:06:07] [SUCCESS] Permission appliquée: User 01 [write] -> Drive ECHOLINE/07-Tech/C-Cybersécurité/2022
[2026-07-06 14:06:07] [INFO] Traitement: /Drive ECHOLINE/07-Tech/OpenAI/ (6 permission(s))
[2026-07-06 14:06:07] [INFO] === COPIE REELLE: Drive ECHOLINE/07-Tech/OpenAI ===
[2026-07-06 14:06:08] [SUCCESS] Dossier cree: Drive ECHOLINE/07-Tech/OpenAI
[2026-07-06 14:06:08] [WARN] Impossible de résoudre 'grp_test' dans le tenant destination - permission ignorée
[2026-07-06 14:06:08] [SUCCESS] Permission appliquée: Equipe INFRA [write] -> Drive ECHOLINE/07-Tech/OpenAI
[2026-07-06 14:06:08] [SUCCESS] Permission appliquée: User 01 [write] -> Drive ECHOLINE/07-Tech/OpenAI
[2026-07-06 14:06:08] [WARN] Pas de mappage pour: SERVICES_GENERAUX - Membres () - permission ignorée sur Drive ECHOLINE/07-Tech/OpenAI
[2026-07-06 14:06:08] [WARN] Pas de mappage pour: SERVICES_GENERAUX - Visiteurs () - permission ignorée sur Drive ECHOLINE/07-Tech/OpenAI
[2026-07-06 14:06:08] [WARN] Pas de mappage pour: Propriétaires de SERVICES_GENERAUX () - permission ignorée sur Drive ECHOLINE/07-Tech/OpenAI
[2026-07-06 14:06:08] [INFO] Traitement: /Drive ECHOLINE/07-Tech/ZZ-Archives/ (6 permission(s))
[2026-07-06 14:06:08] [INFO] === COPIE REELLE: Drive ECHOLINE/07-Tech/ZZ-Archives ===
[2026-07-06 14:06:09] [SUCCESS] Dossier cree: Drive ECHOLINE/07-Tech/ZZ-Archives
[2026-07-06 14:06:10] [SUCCESS] Permission appliquée: User 01 [write] -> Drive ECHOLINE/07-Tech/ZZ-Archives
[2026-07-06 14:06:10] [WARN] Pas de mappage pour: Propriétaires de SERVICES_GENERAUX () - permission ignorée sur Drive ECHOLINE/07-Tech/ZZ-Archives
[2026-07-06 14:06:10] [WARN] Pas de mappage pour: SERVICES_GENERAUX - Visiteurs () - permission ignorée sur Drive ECHOLINE/07-Tech/ZZ-Archives
[2026-07-06 14:06:10] [WARN] Pas de mappage pour: SERVICES_GENERAUX - Membres () - permission ignorée sur Drive ECHOLINE/07-Tech/ZZ-Archives
[2026-07-06 14:06:10] [SUCCESS] Permission appliquée: Equipe INFRA [write] -> Drive ECHOLINE/07-Tech/ZZ-Archives
[2026-07-06 14:06:10] [WARN] Impossible de résoudre 'grp_test' dans le tenant destination - permission ignorée
[2026-07-06 14:06:10] [INFO] Traitement: /Drive ECHOLINE/07-Tech/ZZ-Archives/Archives fonds LEGI - DILA/ (6 permission(s))
[2026-07-06 14:06:10] [INFO] === COPIE REELLE: Drive ECHOLINE/07-Tech/ZZ-Archives/Archives fonds LEGI - DILA ===
[2026-07-06 14:06:11] [SUCCESS] Dossier cree: Drive ECHOLINE/07-Tech/ZZ-Archives/Archives fonds LEGI - DILA
[2026-07-06 14:06:11] [WARN] Impossible de résoudre 'grp_test' dans le tenant destination - permission ignorée
[2026-07-06 14:06:11] [WARN] Pas de mappage pour: Propriétaires de SERVICES_GENERAUX () - permission ignorée sur Drive ECHOLINE/07-Tech/ZZ-Archives/Archives fonds LEGI - DILA
[2026-07-06 14:06:11] [WARN] Pas de mappage pour: SERVICES_GENERAUX - Visiteurs () - permission ignorée sur Drive ECHOLINE/07-Tech/ZZ-Archives/Archives fonds LEGI - DILA
[2026-07-06 14:06:11] [WARN] Pas de mappage pour: SERVICES_GENERAUX - Membres () - permission ignorée sur Drive ECHOLINE/07-Tech/ZZ-Archives/Archives fonds LEGI - DILA
[2026-07-06 14:06:11] [SUCCESS] Permission appliquée: Equipe INFRA [write] -> Drive ECHOLINE/07-Tech/ZZ-Archives/Archives fonds LEGI - DILA
[2026-07-06 14:06:11] [SUCCESS] Permission appliquée: User 01 [write] -> Drive ECHOLINE/07-Tech/ZZ-Archives/Archives fonds LEGI - DILA
[2026-07-06 14:06:11] [INFO] Traitement: /Drive ECHOLINE/08-Design/ (6 permission(s))
[2026-07-06 14:06:11] [INFO] === COPIE REELLE: Drive ECHOLINE/08-Design ===
[2026-07-06 14:06:12] [SUCCESS] Dossier cree: Drive ECHOLINE/08-Design
[2026-07-06 14:06:12] [WARN] Impossible de résoudre 'grp_test' dans le tenant destination - permission ignorée
[2026-07-06 14:06:12] [SUCCESS] Permission appliquée: Equipe INFRA [write] -> Drive ECHOLINE/08-Design
[2026-07-06 14:06:12] [SUCCESS] Permission appliquée: User 01 [write] -> Drive ECHOLINE/08-Design
[2026-07-06 14:06:12] [WARN] Pas de mappage pour: SERVICES_GENERAUX - Membres () - permission ignorée sur Drive ECHOLINE/08-Design
[2026-07-06 14:06:12] [WARN] Pas de mappage pour: SERVICES_GENERAUX - Visiteurs () - permission ignorée sur Drive ECHOLINE/08-Design
[2026-07-06 14:06:12] [WARN] Pas de mappage pour: Propriétaires de SERVICES_GENERAUX () - permission ignorée sur Drive ECHOLINE/08-Design
[2026-07-06 14:06:12] [INFO] Traitement: /Drive ECHOLINE/08-Design/App ECHOLINE/ (6 permission(s))
[2026-07-06 14:06:12] [INFO] === COPIE REELLE: Drive ECHOLINE/08-Design/App ECHOLINE ===
[2026-07-06 14:06:13] [SUCCESS] Dossier cree: Drive ECHOLINE/08-Design/App ECHOLINE
[2026-07-06 14:06:13] [SUCCESS] Permission appliquée: Equipe INFRA [write] -> Drive ECHOLINE/08-Design/App ECHOLINE
[2026-07-06 14:06:14] [SUCCESS] Permission appliquée: User 01 [write] -> Drive ECHOLINE/08-Design/App ECHOLINE
[2026-07-06 14:06:14] [WARN] Pas de mappage pour: SERVICES_GENERAUX - Membres () - permission ignorée sur Drive ECHOLINE/08-Design/App ECHOLINE
[2026-07-06 14:06:14] [WARN] Pas de mappage pour: Propriétaires de SERVICES_GENERAUX () - permission ignorée sur Drive ECHOLINE/08-Design/App ECHOLINE
[2026-07-06 14:06:14] [WARN] Pas de mappage pour: SERVICES_GENERAUX - Visiteurs () - permission ignorée sur Drive ECHOLINE/08-Design/App ECHOLINE
[2026-07-06 14:06:14] [WARN] Impossible de résoudre 'grp_test' dans le tenant destination - permission ignorée
[2026-07-06 14:06:14] [INFO] Traitement: /Drive ECHOLINE/08-Design/ZZ-Archives/ (6 permission(s))
[2026-07-06 14:06:14] [INFO] === COPIE REELLE: Drive ECHOLINE/08-Design/ZZ-Archives ===
[2026-07-06 14:06:14] [SUCCESS] Dossier cree: Drive ECHOLINE/08-Design/ZZ-Archives
[2026-07-06 14:06:15] [SUCCESS] Permission appliquée: Equipe INFRA [write] -> Drive ECHOLINE/08-Design/ZZ-Archives
[2026-07-06 14:06:15] [SUCCESS] Permission appliquée: User 01 [write] -> Drive ECHOLINE/08-Design/ZZ-Archives
[2026-07-06 14:06:15] [WARN] Pas de mappage pour: SERVICES_GENERAUX - Membres () - permission ignorée sur Drive ECHOLINE/08-Design/ZZ-Archives
[2026-07-06 14:06:15] [WARN] Pas de mappage pour: SERVICES_GENERAUX - Visiteurs () - permission ignorée sur Drive ECHOLINE/08-Design/ZZ-Archives
[2026-07-06 14:06:15] [WARN] Pas de mappage pour: Propriétaires de SERVICES_GENERAUX () - permission ignorée sur Drive ECHOLINE/08-Design/ZZ-Archives
[2026-07-06 14:06:15] [WARN] Impossible de résoudre 'grp_test' dans le tenant destination - permission ignorée
[2026-07-06 14:06:15] [INFO] Traitement: /Drive ECHOLINE/09-QSE/ (6 permission(s))
[2026-07-06 14:06:15] [INFO] === COPIE REELLE: Drive ECHOLINE/09-QSE ===
[2026-07-06 14:06:16] [SUCCESS] Dossier cree: Drive ECHOLINE/09-QSE
[2026-07-06 14:06:16] [SUCCESS] Permission appliquée: User 01 [write] -> Drive ECHOLINE/09-QSE
[2026-07-06 14:06:16] [WARN] Pas de mappage pour: SERVICES_GENERAUX - Membres () - permission ignorée sur Drive ECHOLINE/09-QSE
[2026-07-06 14:06:16] [WARN] Pas de mappage pour: SERVICES_GENERAUX - Visiteurs () - permission ignorée sur Drive ECHOLINE/09-QSE
[2026-07-06 14:06:16] [WARN] Pas de mappage pour: Propriétaires de SERVICES_GENERAUX () - permission ignorée sur Drive ECHOLINE/09-QSE
[2026-07-06 14:06:16] [WARN] Impossible de résoudre 'grp_test' dans le tenant destination - permission ignorée
[2026-07-06 14:06:16] [SUCCESS] Permission appliquée: Equipe INFRA [write] -> Drive ECHOLINE/09-QSE
[2026-07-06 14:06:16] [INFO] Traitement: /Drive ECHOLINE/09-QSE/A-Analyse environnementale/ (6 permission(s))
[2026-07-06 14:06:16] [INFO] === COPIE REELLE: Drive ECHOLINE/09-QSE/A-Analyse environnementale ===
[2026-07-06 14:06:17] [SUCCESS] Dossier cree: Drive ECHOLINE/09-QSE/A-Analyse environnementale
[2026-07-06 14:06:17] [WARN] Impossible de résoudre 'grp_test' dans le tenant destination - permission ignorée
[2026-07-06 14:06:17] [SUCCESS] Permission appliquée: Equipe INFRA [write] -> Drive ECHOLINE/09-QSE/A-Analyse environnementale
[2026-07-06 14:06:18] [SUCCESS] Permission appliquée: User 01 [write] -> Drive ECHOLINE/09-QSE/A-Analyse environnementale
[2026-07-06 14:06:18] [WARN] Pas de mappage pour: SERVICES_GENERAUX - Membres () - permission ignorée sur Drive ECHOLINE/09-QSE/A-Analyse environnementale
[2026-07-06 14:06:18] [WARN] Pas de mappage pour: SERVICES_GENERAUX - Visiteurs () - permission ignorée sur Drive ECHOLINE/09-QSE/A-Analyse environnementale
[2026-07-06 14:06:18] [WARN] Pas de mappage pour: Propriétaires de SERVICES_GENERAUX () - permission ignorée sur Drive ECHOLINE/09-QSE/A-Analyse environnementale
[2026-07-06 14:06:18] [INFO] Traitement: /Drive ECHOLINE/09-QSE/B-Bilan carbone/ (6 permission(s))
[2026-07-06 14:06:18] [INFO] === COPIE REELLE: Drive ECHOLINE/09-QSE/B-Bilan carbone ===
[2026-07-06 14:06:18] [SUCCESS] Dossier cree: Drive ECHOLINE/09-QSE/B-Bilan carbone
[2026-07-06 14:06:18] [WARN] Pas de mappage pour: SERVICES_GENERAUX - Membres () - permission ignorée sur Drive ECHOLINE/09-QSE/B-Bilan carbone
[2026-07-06 14:06:18] [WARN] Pas de mappage pour: Propriétaires de SERVICES_GENERAUX () - permission ignorée sur Drive ECHOLINE/09-QSE/B-Bilan carbone
[2026-07-06 14:06:19] [SUCCESS] Permission appliquée: Equipe INFRA [write] -> Drive ECHOLINE/09-QSE/B-Bilan carbone
[2026-07-06 14:06:19] [WARN] Impossible de résoudre 'grp_test' dans le tenant destination - permission ignorée
[2026-07-06 14:06:19] [WARN] Pas de mappage pour: SERVICES_GENERAUX - Visiteurs () - permission ignorée sur Drive ECHOLINE/09-QSE/B-Bilan carbone
[2026-07-06 14:06:19] [SUCCESS] Permission appliquée: User 01 [write] -> Drive ECHOLINE/09-QSE/B-Bilan carbone
[2026-07-06 14:06:19] [INFO] Traitement: /Drive ECHOLINE/09-QSE/C-Document unique/ (6 permission(s))
[2026-07-06 14:06:19] [INFO] === COPIE REELLE: Drive ECHOLINE/09-QSE/C-Document unique ===
[2026-07-06 14:06:20] [SUCCESS] Dossier cree: Drive ECHOLINE/09-QSE/C-Document unique
[2026-07-06 14:06:20] [WARN] Pas de mappage pour: Propriétaires de SERVICES_GENERAUX () - permission ignorée sur Drive ECHOLINE/09-QSE/C-Document unique
[2026-07-06 14:06:20] [WARN] Pas de mappage pour: SERVICES_GENERAUX - Visiteurs () - permission ignorée sur Drive ECHOLINE/09-QSE/C-Document unique
[2026-07-06 14:06:20] [WARN] Pas de mappage pour: SERVICES_GENERAUX - Membres () - permission ignorée sur Drive ECHOLINE/09-QSE/C-Document unique
[2026-07-06 14:06:20] [SUCCESS] Permission appliquée: User 01 [write] -> Drive ECHOLINE/09-QSE/C-Document unique
[2026-07-06 14:06:20] [SUCCESS] Permission appliquée: Equipe INFRA [write] -> Drive ECHOLINE/09-QSE/C-Document unique
[2026-07-06 14:06:20] [WARN] Impossible de résoudre 'grp_test' dans le tenant destination - permission ignorée
[2026-07-06 14:06:20] [INFO] Traitement: /Drive ECHOLINE/09-QSE/ZZ-Archives/ (6 permission(s))
[2026-07-06 14:06:20] [INFO] === COPIE REELLE: Drive ECHOLINE/09-QSE/ZZ-Archives ===
[2026-07-06 14:06:21] [SUCCESS] Dossier cree: Drive ECHOLINE/09-QSE/ZZ-Archives
[2026-07-06 14:06:21] [WARN] Impossible de résoudre 'grp_test' dans le tenant destination - permission ignorée
[2026-07-06 14:06:21] [WARN] Pas de mappage pour: SERVICES_GENERAUX - Visiteurs () - permission ignorée sur Drive ECHOLINE/09-QSE/ZZ-Archives
[2026-07-06 14:06:21] [SUCCESS] Permission appliquée: Equipe INFRA [write] -> Drive ECHOLINE/09-QSE/ZZ-Archives
[2026-07-06 14:06:21] [WARN] Pas de mappage pour: SERVICES_GENERAUX - Membres () - permission ignorée sur Drive ECHOLINE/09-QSE/ZZ-Archives
[2026-07-06 14:06:22] [SUCCESS] Permission appliquée: User 01 [write] -> Drive ECHOLINE/09-QSE/ZZ-Archives
[2026-07-06 14:06:22] [WARN] Pas de mappage pour: Propriétaires de SERVICES_GENERAUX () - permission ignorée sur Drive ECHOLINE/09-QSE/ZZ-Archives
[2026-07-06 14:06:22] [INFO] Traitement: /Drive ECHOLINE/10-Pilotage/ (6 permission(s))
[2026-07-06 14:06:22] [INFO] === COPIE REELLE: Drive ECHOLINE/10-Pilotage ===
[2026-07-06 14:06:22] [SUCCESS] Dossier cree: Drive ECHOLINE/10-Pilotage
[2026-07-06 14:06:23] [WARN] Impossible de résoudre 'grp_test' dans le tenant destination - permission ignorée
[2026-07-06 14:06:23] [SUCCESS] Permission appliquée: Equipe INFRA [write] -> Drive ECHOLINE/10-Pilotage
[2026-07-06 14:06:23] [SUCCESS] Permission appliquée: User 01 [write] -> Drive ECHOLINE/10-Pilotage
[2026-07-06 14:06:23] [WARN] Pas de mappage pour: SERVICES_GENERAUX - Membres () - permission ignorée sur Drive ECHOLINE/10-Pilotage
[2026-07-06 14:06:23] [WARN] Pas de mappage pour: SERVICES_GENERAUX - Visiteurs () - permission ignorée sur Drive ECHOLINE/10-Pilotage
[2026-07-06 14:06:23] [WARN] Pas de mappage pour: Propriétaires de SERVICES_GENERAUX () - permission ignorée sur Drive ECHOLINE/10-Pilotage
[2026-07-06 14:06:23] [INFO] Traitement: /Drive ECHOLINE/10-Pilotage/ZZ-Archives/ (6 permission(s))
[2026-07-06 14:06:23] [INFO] === COPIE REELLE: Drive ECHOLINE/10-Pilotage/ZZ-Archives ===
[2026-07-06 14:06:24] [SUCCESS] Dossier cree: Drive ECHOLINE/10-Pilotage/ZZ-Archives
[2026-07-06 14:06:24] [WARN] Pas de mappage pour: SERVICES_GENERAUX - Visiteurs () - permission ignorée sur Drive ECHOLINE/10-Pilotage/ZZ-Archives
[2026-07-06 14:06:24] [WARN] Pas de mappage pour: Propriétaires de SERVICES_GENERAUX () - permission ignorée sur Drive ECHOLINE/10-Pilotage/ZZ-Archives
[2026-07-06 14:06:24] [WARN] Pas de mappage pour: SERVICES_GENERAUX - Membres () - permission ignorée sur Drive ECHOLINE/10-Pilotage/ZZ-Archives
[2026-07-06 14:06:24] [SUCCESS] Permission appliquée: User 01 [write] -> Drive ECHOLINE/10-Pilotage/ZZ-Archives
[2026-07-06 14:06:24] [SUCCESS] Permission appliquée: Equipe INFRA [write] -> Drive ECHOLINE/10-Pilotage/ZZ-Archives
[2026-07-06 14:06:24] [WARN] Impossible de résoudre 'grp_test' dans le tenant destination - permission ignorée
[2026-07-06 14:06:24] [INFO] Traitement: /Drive ECHOLINE/11-Admin/ (6 permission(s))
[2026-07-06 14:06:24] [INFO] === COPIE REELLE: Drive ECHOLINE/11-Admin ===
[2026-07-06 14:06:25] [SUCCESS] Dossier cree: Drive ECHOLINE/11-Admin
[2026-07-06 14:06:25] [WARN] Impossible de résoudre 'grp_test' dans le tenant destination - permission ignorée
[2026-07-06 14:06:25] [WARN] Pas de mappage pour: SERVICES_GENERAUX - Visiteurs () - permission ignorée sur Drive ECHOLINE/11-Admin
[2026-07-06 14:06:25] [WARN] Pas de mappage pour: SERVICES_GENERAUX - Membres () - permission ignorée sur Drive ECHOLINE/11-Admin
[2026-07-06 14:06:25] [SUCCESS] Permission appliquée: User 01 [write] -> Drive ECHOLINE/11-Admin
[2026-07-06 14:06:26] [SUCCESS] Permission appliquée: Equipe INFRA [write] -> Drive ECHOLINE/11-Admin
[2026-07-06 14:06:26] [WARN] Pas de mappage pour: Propriétaires de SERVICES_GENERAUX () - permission ignorée sur Drive ECHOLINE/11-Admin
[2026-07-06 14:06:26] [INFO] Traitement: /Drive ECHOLINE/11-Admin/Assurance/ (6 permission(s))
[2026-07-06 14:06:26] [INFO] === COPIE REELLE: Drive ECHOLINE/11-Admin/Assurance ===
[2026-07-06 14:06:27] [SUCCESS] Dossier cree: Drive ECHOLINE/11-Admin/Assurance
[2026-07-06 14:06:27] [WARN] Pas de mappage pour: Propriétaires de SERVICES_GENERAUX () - permission ignorée sur Drive ECHOLINE/11-Admin/Assurance
[2026-07-06 14:06:27] [WARN] Impossible de résoudre 'grp_test' dans le tenant destination - permission ignorée
[2026-07-06 14:06:27] [SUCCESS] Permission appliquée: Equipe INFRA [write] -> Drive ECHOLINE/11-Admin/Assurance
[2026-07-06 14:06:27] [SUCCESS] Permission appliquée: User 01 [write] -> Drive ECHOLINE/11-Admin/Assurance
[2026-07-06 14:06:27] [WARN] Pas de mappage pour: SERVICES_GENERAUX - Membres () - permission ignorée sur Drive ECHOLINE/11-Admin/Assurance
[2026-07-06 14:06:27] [WARN] Pas de mappage pour: SERVICES_GENERAUX - Visiteurs () - permission ignorée sur Drive ECHOLINE/11-Admin/Assurance
[2026-07-06 14:06:27] [INFO] Traitement: /Drive ECHOLINE/11-Admin/Banque/ (6 permission(s))
[2026-07-06 14:06:27] [INFO] === COPIE REELLE: Drive ECHOLINE/11-Admin/Banque ===
[2026-07-06 14:06:28] [SUCCESS] Dossier cree: Drive ECHOLINE/11-Admin/Banque
[2026-07-06 14:06:28] [WARN] Pas de mappage pour: Propriétaires de SERVICES_GENERAUX () - permission ignorée sur Drive ECHOLINE/11-Admin/Banque
[2026-07-06 14:06:28] [WARN] Pas de mappage pour: SERVICES_GENERAUX - Membres () - permission ignorée sur Drive ECHOLINE/11-Admin/Banque
[2026-07-06 14:06:29] [SUCCESS] Permission appliquée: Equipe INFRA [write] -> Drive ECHOLINE/11-Admin/Banque
[2026-07-06 14:06:29] [WARN] Impossible de résoudre 'grp_test' dans le tenant destination - permission ignorée
[2026-07-06 14:06:29] [WARN] Pas de mappage pour: SERVICES_GENERAUX - Visiteurs () - permission ignorée sur Drive ECHOLINE/11-Admin/Banque
[2026-07-06 14:06:29] [SUCCESS] Permission appliquée: User 01 [write] -> Drive ECHOLINE/11-Admin/Banque
[2026-07-06 14:06:29] [INFO] Traitement: /Drive ECHOLINE/11-Admin/Comptabilité/ (6 permission(s))
[2026-07-06 14:06:29] [INFO] === COPIE REELLE: Drive ECHOLINE/11-Admin/Comptabilité ===
[2026-07-06 14:06:30] [SUCCESS] Dossier cree: Drive ECHOLINE/11-Admin/Comptabilité
[2026-07-06 14:06:30] [DEBUG] [404] Item pas encore disponible, retry 1/3 dans 2s: Drive ECHOLINE/11-Admin/Comptabilité
[2026-07-06 14:06:32] [DEBUG] [404] Item pas encore disponible, retry 2/3 dans 2s: Drive ECHOLINE/11-Admin/Comptabilité
[2026-07-06 14:06:34] [DEBUG] [404] Item pas encore disponible, retry 3/3 dans 2s: Drive ECHOLINE/11-Admin/Comptabilité
[2026-07-06 14:06:37] [WARN] Impossible de récupérer l'item destination pour les droits: Drive ECHOLINE/11-Admin/Comptabilité - Le serveur distant a retourné une erreur : (404) Introuvable.
[2026-07-06 14:06:37] [INFO] Traitement: /Drive ECHOLINE/11-Admin/Domiciliation/ (6 permission(s))
[2026-07-06 14:06:37] [INFO] === COPIE REELLE: Drive ECHOLINE/11-Admin/Domiciliation ===
[2026-07-06 14:06:37] [SUCCESS] Dossier cree: Drive ECHOLINE/11-Admin/Domiciliation
[2026-07-06 14:06:38] [SUCCESS] Permission appliquée: Equipe INFRA [write] -> Drive ECHOLINE/11-Admin/Domiciliation
[2026-07-06 14:06:38] [WARN] Pas de mappage pour: Propriétaires de SERVICES_GENERAUX () - permission ignorée sur Drive ECHOLINE/11-Admin/Domiciliation
[2026-07-06 14:06:38] [WARN] Pas de mappage pour: SERVICES_GENERAUX - Visiteurs () - permission ignorée sur Drive ECHOLINE/11-Admin/Domiciliation
[2026-07-06 14:06:38] [WARN] Pas de mappage pour: SERVICES_GENERAUX - Membres () - permission ignorée sur Drive ECHOLINE/11-Admin/Domiciliation
[2026-07-06 14:06:38] [SUCCESS] Permission appliquée: User 01 [write] -> Drive ECHOLINE/11-Admin/Domiciliation
[2026-07-06 14:06:38] [WARN] Impossible de résoudre 'grp_test' dans le tenant destination - permission ignorée
[2026-07-06 14:06:38] [INFO] Traitement: /Drive ECHOLINE/11-Admin/Kbis et statuts/ (6 permission(s))
[2026-07-06 14:06:38] [INFO] === COPIE REELLE: Drive ECHOLINE/11-Admin/Kbis et statuts ===
[2026-07-06 14:06:39] [SUCCESS] Dossier cree: Drive ECHOLINE/11-Admin/Kbis et statuts
[2026-07-06 14:06:39] [WARN] Impossible de résoudre 'grp_test' dans le tenant destination - permission ignorée
[2026-07-06 14:06:39] [WARN] Pas de mappage pour: Propriétaires de SERVICES_GENERAUX () - permission ignorée sur Drive ECHOLINE/11-Admin/Kbis et statuts
[2026-07-06 14:06:39] [SUCCESS] Permission appliquée: Equipe INFRA [write] -> Drive ECHOLINE/11-Admin/Kbis et statuts
[2026-07-06 14:06:39] [WARN] Pas de mappage pour: SERVICES_GENERAUX - Visiteurs () - permission ignorée sur Drive ECHOLINE/11-Admin/Kbis et statuts
[2026-07-06 14:06:39] [WARN] Pas de mappage pour: SERVICES_GENERAUX - Membres () - permission ignorée sur Drive ECHOLINE/11-Admin/Kbis et statuts
[2026-07-06 14:06:39] [SUCCESS] Permission appliquée: User 01 [write] -> Drive ECHOLINE/11-Admin/Kbis et statuts
[2026-07-06 14:06:39] [INFO] Traitement: /Drive ECHOLINE/11-Admin/Marque/ (6 permission(s))
[2026-07-06 14:06:39] [INFO] === COPIE REELLE: Drive ECHOLINE/11-Admin/Marque ===
[2026-07-06 14:06:40] [SUCCESS] Dossier cree: Drive ECHOLINE/11-Admin/Marque
[2026-07-06 14:06:40] [WARN] Impossible de résoudre 'grp_test' dans le tenant destination - permission ignorée
[2026-07-06 14:06:40] [SUCCESS] Permission appliquée: Equipe INFRA [write] -> Drive ECHOLINE/11-Admin/Marque
[2026-07-06 14:06:40] [SUCCESS] Permission appliquée: User 01 [write] -> Drive ECHOLINE/11-Admin/Marque
[2026-07-06 14:06:40] [WARN] Pas de mappage pour: SERVICES_GENERAUX - Membres () - permission ignorée sur Drive ECHOLINE/11-Admin/Marque
[2026-07-06 14:06:40] [WARN] Pas de mappage pour: SERVICES_GENERAUX - Visiteurs () - permission ignorée sur Drive ECHOLINE/11-Admin/Marque
[2026-07-06 14:06:40] [WARN] Pas de mappage pour: Propriétaires de SERVICES_GENERAUX () - permission ignorée sur Drive ECHOLINE/11-Admin/Marque
[2026-07-06 14:06:40] [INFO] Traitement: /Drive ECHOLINE/11-Admin/RGPD/ (6 permission(s))
[2026-07-06 14:06:40] [INFO] === COPIE REELLE: Drive ECHOLINE/11-Admin/RGPD ===
[2026-07-06 14:06:41] [SUCCESS] Dossier cree: Drive ECHOLINE/11-Admin/RGPD
[2026-07-06 14:06:41] [WARN] Pas de mappage pour: SERVICES_GENERAUX - Visiteurs () - permission ignorée sur Drive ECHOLINE/11-Admin/RGPD
[2026-07-06 14:06:41] [WARN] Pas de mappage pour: Propriétaires de SERVICES_GENERAUX () - permission ignorée sur Drive ECHOLINE/11-Admin/RGPD
[2026-07-06 14:06:41] [WARN] Pas de mappage pour: SERVICES_GENERAUX - Membres () - permission ignorée sur Drive ECHOLINE/11-Admin/RGPD
[2026-07-06 14:06:41] [SUCCESS] Permission appliquée: User 01 [write] -> Drive ECHOLINE/11-Admin/RGPD
[2026-07-06 14:06:41] [SUCCESS] Permission appliquée: Equipe INFRA [write] -> Drive ECHOLINE/11-Admin/RGPD
[2026-07-06 14:06:41] [WARN] Impossible de résoudre 'grp_test' dans le tenant destination - permission ignorée
[2026-07-06 14:06:42] [INFO] Traitement: /Drive ECHOLINE/11-Admin/Taxe d_apprentissage/ (6 permission(s))
[2026-07-06 14:06:42] [INFO] === COPIE REELLE: Drive ECHOLINE/11-Admin/Taxe d_apprentissage ===
[2026-07-06 14:06:42] [SUCCESS] Dossier cree: Drive ECHOLINE/11-Admin/Taxe d_apprentissage
[2026-07-06 14:06:42] [WARN] Impossible de résoudre 'grp_test' dans le tenant destination - permission ignorée
[2026-07-06 14:06:42] [WARN] Pas de mappage pour: SERVICES_GENERAUX - Visiteurs () - permission ignorée sur Drive ECHOLINE/11-Admin/Taxe d_apprentissage
[2026-07-06 14:06:42] [WARN] Pas de mappage pour: SERVICES_GENERAUX - Membres () - permission ignorée sur Drive ECHOLINE/11-Admin/Taxe d_apprentissage
[2026-07-06 14:06:43] [SUCCESS] Permission appliquée: User 01 [write] -> Drive ECHOLINE/11-Admin/Taxe d_apprentissage
[2026-07-06 14:06:43] [SUCCESS] Permission appliquée: Equipe INFRA [write] -> Drive ECHOLINE/11-Admin/Taxe d_apprentissage
[2026-07-06 14:06:43] [WARN] Pas de mappage pour: Propriétaires de SERVICES_GENERAUX () - permission ignorée sur Drive ECHOLINE/11-Admin/Taxe d_apprentissage
[2026-07-06 14:06:43] [INFO] Traitement: /Drive ECHOLINE/12-HR/ (6 permission(s))
[2026-07-06 14:06:43] [INFO] === COPIE REELLE: Drive ECHOLINE/12-HR ===
[2026-07-06 14:06:43] [SUCCESS] Dossier cree: Drive ECHOLINE/12-HR
[2026-07-06 14:06:44] [WARN] Impossible de résoudre 'grp_test' dans le tenant destination - permission ignorée
[2026-07-06 14:06:44] [SUCCESS] Permission appliquée: Equipe INFRA [write] -> Drive ECHOLINE/12-HR
[2026-07-06 14:06:44] [SUCCESS] Permission appliquée: User 01 [write] -> Drive ECHOLINE/12-HR
[2026-07-06 14:06:44] [WARN] Pas de mappage pour: SERVICES_GENERAUX - Membres () - permission ignorée sur Drive ECHOLINE/12-HR
[2026-07-06 14:06:44] [WARN] Pas de mappage pour: SERVICES_GENERAUX - Visiteurs () - permission ignorée sur Drive ECHOLINE/12-HR
[2026-07-06 14:06:44] [WARN] Pas de mappage pour: Propriétaires de SERVICES_GENERAUX () - permission ignorée sur Drive ECHOLINE/12-HR
[2026-07-06 14:06:44] [INFO] Traitement: /Drive ECHOLINE/12-HR/Cabinet de paie/ (6 permission(s))
[2026-07-06 14:06:44] [INFO] === COPIE REELLE: Drive ECHOLINE/12-HR/Cabinet de paie ===
[2026-07-06 14:06:45] [SUCCESS] Dossier cree: Drive ECHOLINE/12-HR/Cabinet de paie
[2026-07-06 14:06:45] [SUCCESS] Permission appliquée: Equipe INFRA [write] -> Drive ECHOLINE/12-HR/Cabinet de paie
[2026-07-06 14:06:45] [SUCCESS] Permission appliquée: User 01 [write] -> Drive ECHOLINE/12-HR/Cabinet de paie
[2026-07-06 14:06:45] [WARN] Pas de mappage pour: SERVICES_GENERAUX - Membres () - permission ignorée sur Drive ECHOLINE/12-HR/Cabinet de paie
[2026-07-06 14:06:45] [WARN] Pas de mappage pour: Propriétaires de SERVICES_GENERAUX () - permission ignorée sur Drive ECHOLINE/12-HR/Cabinet de paie
[2026-07-06 14:06:45] [WARN] Pas de mappage pour: SERVICES_GENERAUX - Visiteurs () - permission ignorée sur Drive ECHOLINE/12-HR/Cabinet de paie
[2026-07-06 14:06:45] [WARN] Impossible de résoudre 'grp_test' dans le tenant destination - permission ignorée
[2026-07-06 14:06:45] [INFO] Traitement: /Drive ECHOLINE/12-HR/Cabinets de recrutement/ (6 permission(s))
[2026-07-06 14:06:45] [INFO] === COPIE REELLE: Drive ECHOLINE/12-HR/Cabinets de recrutement ===
[2026-07-06 14:06:46] [SUCCESS] Dossier cree: Drive ECHOLINE/12-HR/Cabinets de recrutement
[2026-07-06 14:06:46] [SUCCESS] Permission appliquée: Equipe INFRA [write] -> Drive ECHOLINE/12-HR/Cabinets de recrutement
[2026-07-06 14:06:47] [SUCCESS] Permission appliquée: User 01 [write] -> Drive ECHOLINE/12-HR/Cabinets de recrutement
[2026-07-06 14:06:47] [WARN] Pas de mappage pour: SERVICES_GENERAUX - Membres () - permission ignorée sur Drive ECHOLINE/12-HR/Cabinets de recrutement
[2026-07-06 14:06:47] [WARN] Pas de mappage pour: SERVICES_GENERAUX - Visiteurs () - permission ignorée sur Drive ECHOLINE/12-HR/Cabinets de recrutement
[2026-07-06 14:06:47] [WARN] Pas de mappage pour: Propriétaires de SERVICES_GENERAUX () - permission ignorée sur Drive ECHOLINE/12-HR/Cabinets de recrutement
[2026-07-06 14:06:47] [WARN] Impossible de résoudre 'grp_test' dans le tenant destination - permission ignorée
[2026-07-06 14:06:47] [INFO] Traitement: /Drive ECHOLINE/12-HR/États mensuels/ (6 permission(s))
[2026-07-06 14:06:47] [INFO] === COPIE REELLE: Drive ECHOLINE/12-HR/États mensuels ===
[2026-07-06 14:06:47] [SUCCESS] Dossier cree: Drive ECHOLINE/12-HR/États mensuels
[2026-07-06 14:06:48] [DEBUG] [404] Item pas encore disponible, retry 1/3 dans 2s: Drive ECHOLINE/12-HR/États mensuels
[2026-07-06 14:06:50] [DEBUG] [404] Item pas encore disponible, retry 2/3 dans 2s: Drive ECHOLINE/12-HR/États mensuels
[2026-07-06 14:06:52] [DEBUG] [404] Item pas encore disponible, retry 3/3 dans 2s: Drive ECHOLINE/12-HR/États mensuels
[2026-07-06 14:06:54] [WARN] Impossible de récupérer l'item destination pour les droits: Drive ECHOLINE/12-HR/États mensuels - Le serveur distant a retourné une erreur : (404) Introuvable.
[2026-07-06 14:06:54] [INFO] Traitement: /Drive ECHOLINE/12-HR/Gestion des congés/ (6 permission(s))
[2026-07-06 14:06:54] [INFO] === COPIE REELLE: Drive ECHOLINE/12-HR/Gestion des congés ===
[2026-07-06 14:06:55] [SUCCESS] Dossier cree: Drive ECHOLINE/12-HR/Gestion des congés
[2026-07-06 14:06:55] [DEBUG] [404] Item pas encore disponible, retry 1/3 dans 2s: Drive ECHOLINE/12-HR/Gestion des congés
[2026-07-06 14:06:57] [DEBUG] [404] Item pas encore disponible, retry 2/3 dans 2s: Drive ECHOLINE/12-HR/Gestion des congés
[2026-07-06 14:06:59] [DEBUG] [404] Item pas encore disponible, retry 3/3 dans 2s: Drive ECHOLINE/12-HR/Gestion des congés
[2026-07-06 14:07:01] [WARN] Impossible de récupérer l'item destination pour les droits: Drive ECHOLINE/12-HR/Gestion des congés - Le serveur distant a retourné une erreur : (404) Introuvable.
[2026-07-06 14:07:01] [INFO] Traitement: /Drive ECHOLINE/12-HR/Modèles/ (6 permission(s))
[2026-07-06 14:07:01] [INFO] === COPIE REELLE: Drive ECHOLINE/12-HR/Modèles ===
[2026-07-06 14:07:02] [SUCCESS] Dossier cree: Drive ECHOLINE/12-HR/Modèles
[2026-07-06 14:07:03] [DEBUG] [404] Item pas encore disponible, retry 1/3 dans 2s: Drive ECHOLINE/12-HR/Modèles
[2026-07-06 14:07:05] [DEBUG] [404] Item pas encore disponible, retry 2/3 dans 2s: Drive ECHOLINE/12-HR/Modèles
[2026-07-06 14:07:07] [DEBUG] [404] Item pas encore disponible, retry 3/3 dans 2s: Drive ECHOLINE/12-HR/Modèles
[2026-07-06 14:07:09] [WARN] Impossible de récupérer l'item destination pour les droits: Drive ECHOLINE/12-HR/Modèles - Le serveur distant a retourné une erreur : (404) Introuvable.
[2026-07-06 14:07:09] [INFO] Traitement: /Drive ECHOLINE/12-HR/Mutuelle/ (6 permission(s))
[2026-07-06 14:07:09] [INFO] === COPIE REELLE: Drive ECHOLINE/12-HR/Mutuelle ===
[2026-07-06 14:07:10] [SUCCESS] Dossier cree: Drive ECHOLINE/12-HR/Mutuelle
[2026-07-06 14:07:10] [WARN] Impossible de résoudre 'grp_test' dans le tenant destination - permission ignorée
[2026-07-06 14:07:10] [SUCCESS] Permission appliquée: Equipe INFRA [write] -> Drive ECHOLINE/12-HR/Mutuelle
[2026-07-06 14:07:10] [SUCCESS] Permission appliquée: User 01 [write] -> Drive ECHOLINE/12-HR/Mutuelle
[2026-07-06 14:07:10] [WARN] Pas de mappage pour: SERVICES_GENERAUX - Membres () - permission ignorée sur Drive ECHOLINE/12-HR/Mutuelle
[2026-07-06 14:07:10] [WARN] Pas de mappage pour: SERVICES_GENERAUX - Visiteurs () - permission ignorée sur Drive ECHOLINE/12-HR/Mutuelle
[2026-07-06 14:07:10] [WARN] Pas de mappage pour: Propriétaires de SERVICES_GENERAUX () - permission ignorée sur Drive ECHOLINE/12-HR/Mutuelle
[2026-07-06 14:07:10] [INFO] Traitement: /Drive ECHOLINE/12-HR/OPCO/ (6 permission(s))
[2026-07-06 14:07:10] [INFO] === COPIE REELLE: Drive ECHOLINE/12-HR/OPCO ===
[2026-07-06 14:07:11] [SUCCESS] Dossier cree: Drive ECHOLINE/12-HR/OPCO
[2026-07-06 14:07:11] [WARN] Pas de mappage pour: SERVICES_GENERAUX - Visiteurs () - permission ignorée sur Drive ECHOLINE/12-HR/OPCO
[2026-07-06 14:07:11] [SUCCESS] Permission appliquée: User 01 [write] -> Drive ECHOLINE/12-HR/OPCO
[2026-07-06 14:07:12] [SUCCESS] Permission appliquée: Equipe INFRA [write] -> Drive ECHOLINE/12-HR/OPCO
[2026-07-06 14:07:12] [WARN] Impossible de résoudre 'grp_test' dans le tenant destination - permission ignorée
[2026-07-06 14:07:12] [WARN] Pas de mappage pour: Propriétaires de SERVICES_GENERAUX () - permission ignorée sur Drive ECHOLINE/12-HR/OPCO
[2026-07-06 14:07:12] [WARN] Pas de mappage pour: SERVICES_GENERAUX - Membres () - permission ignorée sur Drive ECHOLINE/12-HR/OPCO
[2026-07-06 14:07:12] [INFO] Traitement: /Drive ECHOLINE/12-HR/Salariés/ (6 permission(s))
[2026-07-06 14:07:12] [INFO] === COPIE REELLE: Drive ECHOLINE/12-HR/Salariés ===
[2026-07-06 14:07:13] [SUCCESS] Dossier cree: Drive ECHOLINE/12-HR/Salariés
[2026-07-06 14:07:13] [DEBUG] [404] Item pas encore disponible, retry 1/3 dans 2s: Drive ECHOLINE/12-HR/Salariés
[2026-07-06 14:07:15] [DEBUG] [404] Item pas encore disponible, retry 2/3 dans 2s: Drive ECHOLINE/12-HR/Salariés
[2026-07-06 14:07:17] [DEBUG] [404] Item pas encore disponible, retry 3/3 dans 2s: Drive ECHOLINE/12-HR/Salariés
[2026-07-06 14:07:19] [WARN] Impossible de récupérer l'item destination pour les droits: Drive ECHOLINE/12-HR/Salariés - Le serveur distant a retourné une erreur : (404) Introuvable.
[2026-07-06 14:07:19] [INFO] Traitement: /Drive ECHOLINE/12-HR/Test technique/ (6 permission(s))
[2026-07-06 14:07:19] [INFO] === COPIE REELLE: Drive ECHOLINE/12-HR/Test technique ===
[2026-07-06 14:07:20] [SUCCESS] Dossier cree: Drive ECHOLINE/12-HR/Test technique
[2026-07-06 14:07:20] [WARN] Pas de mappage pour: Propriétaires de SERVICES_GENERAUX () - permission ignorée sur Drive ECHOLINE/12-HR/Test technique
[2026-07-06 14:07:20] [WARN] Pas de mappage pour: SERVICES_GENERAUX - Visiteurs () - permission ignorée sur Drive ECHOLINE/12-HR/Test technique
[2026-07-06 14:07:20] [SUCCESS] Permission appliquée: Equipe INFRA [write] -> Drive ECHOLINE/12-HR/Test technique
[2026-07-06 14:07:20] [WARN] Pas de mappage pour: SERVICES_GENERAUX - Membres () - permission ignorée sur Drive ECHOLINE/12-HR/Test technique
[2026-07-06 14:07:21] [SUCCESS] Permission appliquée: User 01 [write] -> Drive ECHOLINE/12-HR/Test technique
[2026-07-06 14:07:21] [WARN] Impossible de résoudre 'grp_test' dans le tenant destination - permission ignorée
[2026-07-06 14:07:21] [INFO] Traitement: /Drive ECHOLINE/12-HR/URSSAF/ (6 permission(s))
[2026-07-06 14:07:21] [INFO] === COPIE REELLE: Drive ECHOLINE/12-HR/URSSAF ===
[2026-07-06 14:07:21] [SUCCESS] Dossier cree: Drive ECHOLINE/12-HR/URSSAF
[2026-07-06 14:07:22] [WARN] Impossible de résoudre 'grp_test' dans le tenant destination - permission ignorée
[2026-07-06 14:07:22] [SUCCESS] Permission appliquée: Equipe INFRA [write] -> Drive ECHOLINE/12-HR/URSSAF
[2026-07-06 14:07:22] [SUCCESS] Permission appliquée: User 01 [write] -> Drive ECHOLINE/12-HR/URSSAF
[2026-07-06 14:07:22] [WARN] Pas de mappage pour: SERVICES_GENERAUX - Membres () - permission ignorée sur Drive ECHOLINE/12-HR/URSSAF
[2026-07-06 14:07:22] [WARN] Pas de mappage pour: SERVICES_GENERAUX - Visiteurs () - permission ignorée sur Drive ECHOLINE/12-HR/URSSAF
[2026-07-06 14:07:22] [WARN] Pas de mappage pour: Propriétaires de SERVICES_GENERAUX () - permission ignorée sur Drive ECHOLINE/12-HR/URSSAF
[2026-07-06 14:07:22] [INFO] Traitement: /Drive ECHOLINE/13-Karnov Group/ (6 permission(s))
[2026-07-06 14:07:22] [INFO] === COPIE REELLE: Drive ECHOLINE/13-Karnov Group ===
[2026-07-06 14:07:23] [SUCCESS] Dossier cree: Drive ECHOLINE/13-Karnov Group
[2026-07-06 14:07:23] [WARN] Pas de mappage pour: Propriétaires de SERVICES_GENERAUX () - permission ignorée sur Drive ECHOLINE/13-Karnov Group
[2026-07-06 14:07:23] [WARN] Pas de mappage pour: SERVICES_GENERAUX - Visiteurs () - permission ignorée sur Drive ECHOLINE/13-Karnov Group
[2026-07-06 14:07:23] [WARN] Pas de mappage pour: SERVICES_GENERAUX - Membres () - permission ignorée sur Drive ECHOLINE/13-Karnov Group
[2026-07-06 14:07:23] [SUCCESS] Permission appliquée: User 01 [write] -> Drive ECHOLINE/13-Karnov Group
[2026-07-06 14:07:23] [SUCCESS] Permission appliquée: Equipe INFRA [write] -> Drive ECHOLINE/13-Karnov Group
[2026-07-06 14:07:23] [WARN] Impossible de résoudre 'grp_test' dans le tenant destination - permission ignorée
[2026-07-06 14:07:23] [INFO] Traitement: /Drive ECHOLINE/13-Karnov Group/ComplyLaw-Evidencia/ (6 permission(s))
[2026-07-06 14:07:23] [INFO] === COPIE REELLE: Drive ECHOLINE/13-Karnov Group/ComplyLaw-Evidencia ===
[2026-07-06 14:07:24] [SUCCESS] Dossier cree: Drive ECHOLINE/13-Karnov Group/ComplyLaw-Evidencia
[2026-07-06 14:07:24] [WARN] Impossible de résoudre 'grp_test' dans le tenant destination - permission ignorée
[2026-07-06 14:07:24] [WARN] Pas de mappage pour: SERVICES_GENERAUX - Visiteurs () - permission ignorée sur Drive ECHOLINE/13-Karnov Group/ComplyLaw-Evidencia
[2026-07-06 14:07:24] [WARN] Pas de mappage pour: SERVICES_GENERAUX - Membres () - permission ignorée sur Drive ECHOLINE/13-Karnov Group/ComplyLaw-Evidencia
[2026-07-06 14:07:24] [SUCCESS] Permission appliquée: User 01 [write] -> Drive ECHOLINE/13-Karnov Group/ComplyLaw-Evidencia
[2026-07-06 14:07:24] [SUCCESS] Permission appliquée: Equipe INFRA [write] -> Drive ECHOLINE/13-Karnov Group/ComplyLaw-Evidencia
[2026-07-06 14:07:24] [WARN] Pas de mappage pour: Propriétaires de SERVICES_GENERAUX () - permission ignorée sur Drive ECHOLINE/13-Karnov Group/ComplyLaw-Evidencia
[2026-07-06 14:07:24] [INFO] Traitement: /Drive ECHOLINE/14-Strategic Partners/ (6 permission(s))
[2026-07-06 14:07:24] [INFO] === COPIE REELLE: Drive ECHOLINE/14-Strategic Partners ===
[2026-07-06 14:07:25] [SUCCESS] Dossier cree: Drive ECHOLINE/14-Strategic Partners
[2026-07-06 14:07:25] [WARN] Pas de mappage pour: Propriétaires de SERVICES_GENERAUX () - permission ignorée sur Drive ECHOLINE/14-Strategic Partners
[2026-07-06 14:07:25] [WARN] Impossible de résoudre 'grp_test' dans le tenant destination - permission ignorée
[2026-07-06 14:07:25] [SUCCESS] Permission appliquée: Equipe INFRA [write] -> Drive ECHOLINE/14-Strategic Partners
[2026-07-06 14:07:25] [SUCCESS] Permission appliquée: User 01 [write] -> Drive ECHOLINE/14-Strategic Partners
[2026-07-06 14:07:25] [WARN] Pas de mappage pour: SERVICES_GENERAUX - Membres () - permission ignorée sur Drive ECHOLINE/14-Strategic Partners
[2026-07-06 14:07:25] [WARN] Pas de mappage pour: SERVICES_GENERAUX - Visiteurs () - permission ignorée sur Drive ECHOLINE/14-Strategic Partners
[2026-07-06 14:07:25] [INFO] Traitement: /Drive ECHOLINE/14-Strategic Partners/HSE Works (Polish partners)/ (6 permission(s))
[2026-07-06 14:07:25] [INFO] === COPIE REELLE: Drive ECHOLINE/14-Strategic Partners/HSE Works (Polish partners) ===
[2026-07-06 14:07:26] [SUCCESS] Dossier cree: Drive ECHOLINE/14-Strategic Partners/HSE Works (Polish partners)
[2026-07-06 14:07:26] [WARN] Pas de mappage pour: Propriétaires de SERVICES_GENERAUX () - permission ignorée sur Drive ECHOLINE/14-Strategic Partners/HSE Works (Polish partners)
[2026-07-06 14:07:26] [WARN] Pas de mappage pour: SERVICES_GENERAUX - Membres () - permission ignorée sur Drive ECHOLINE/14-Strategic Partners/HSE Works (Polish partners)
[2026-07-06 14:07:26] [SUCCESS] Permission appliquée: Equipe INFRA [write] -> Drive ECHOLINE/14-Strategic Partners/HSE Works (Polish partners)
[2026-07-06 14:07:26] [WARN] Impossible de résoudre 'grp_test' dans le tenant destination - permission ignorée
[2026-07-06 14:07:26] [WARN] Pas de mappage pour: SERVICES_GENERAUX - Visiteurs () - permission ignorée sur Drive ECHOLINE/14-Strategic Partners/HSE Works (Polish partners)
[2026-07-06 14:07:27] [SUCCESS] Permission appliquée: User 01 [write] -> Drive ECHOLINE/14-Strategic Partners/HSE Works (Polish partners)
[2026-07-06 14:07:27] [INFO] Traitement: /Drive ECHOLINE/PB drive/ (6 permission(s))
[2026-07-06 14:07:27] [INFO] === COPIE REELLE: Drive ECHOLINE/PB drive ===
[2026-07-06 14:07:27] [SUCCESS] Dossier cree: Drive ECHOLINE/PB drive
[2026-07-06 14:07:27] [WARN] Impossible de résoudre 'grp_test' dans le tenant destination - permission ignorée
[2026-07-06 14:07:28] [SUCCESS] Permission appliquée: Equipe INFRA [write] -> Drive ECHOLINE/PB drive
[2026-07-06 14:07:28] [SUCCESS] Permission appliquée: User 01 [write] -> Drive ECHOLINE/PB drive
[2026-07-06 14:07:28] [WARN] Pas de mappage pour: SERVICES_GENERAUX - Membres () - permission ignorée sur Drive ECHOLINE/PB drive
[2026-07-06 14:07:28] [WARN] Pas de mappage pour: SERVICES_GENERAUX - Visiteurs () - permission ignorée sur Drive ECHOLINE/PB drive
[2026-07-06 14:07:28] [WARN] Pas de mappage pour: Propriétaires de SERVICES_GENERAUX () - permission ignorée sur Drive ECHOLINE/PB drive
[2026-07-06 14:07:28] [INFO] Traitement: /Drive ECHOLINE/PB drive/00 - Archives/ (6 permission(s))
[2026-07-06 14:07:28] [INFO] === COPIE REELLE: Drive ECHOLINE/PB drive/00 - Archives ===
[2026-07-06 14:07:29] [SUCCESS] Dossier cree: Drive ECHOLINE/PB drive/00 - Archives
[2026-07-06 14:07:29] [SUCCESS] Permission appliquée: Equipe INFRA [write] -> Drive ECHOLINE/PB drive/00 - Archives
[2026-07-06 14:07:29] [WARN] Pas de mappage pour: Propriétaires de SERVICES_GENERAUX () - permission ignorée sur Drive ECHOLINE/PB drive/00 - Archives
[2026-07-06 14:07:29] [WARN] Pas de mappage pour: SERVICES_GENERAUX - Visiteurs () - permission ignorée sur Drive ECHOLINE/PB drive/00 - Archives
[2026-07-06 14:07:29] [WARN] Pas de mappage pour: SERVICES_GENERAUX - Membres () - permission ignorée sur Drive ECHOLINE/PB drive/00 - Archives
[2026-07-06 14:07:29] [SUCCESS] Permission appliquée: User 01 [write] -> Drive ECHOLINE/PB drive/00 - Archives
[2026-07-06 14:07:29] [WARN] Impossible de résoudre 'grp_test' dans le tenant destination - permission ignorée
[2026-07-06 14:07:29] [INFO] Traitement: /Drive ECHOLINE/PB drive/01 - Contrats/ (6 permission(s))
[2026-07-06 14:07:29] [INFO] === COPIE REELLE: Drive ECHOLINE/PB drive/01 - Contrats ===
[2026-07-06 14:07:30] [SUCCESS] Dossier cree: Drive ECHOLINE/PB drive/01 - Contrats
[2026-07-06 14:07:30] [WARN] Impossible de résoudre 'grp_test' dans le tenant destination - permission ignorée
[2026-07-06 14:07:30] [WARN] Pas de mappage pour: Propriétaires de SERVICES_GENERAUX () - permission ignorée sur Drive ECHOLINE/PB drive/01 - Contrats
[2026-07-06 14:07:30] [SUCCESS] Permission appliquée: Equipe INFRA [write] -> Drive ECHOLINE/PB drive/01 - Contrats
[2026-07-06 14:07:30] [WARN] Pas de mappage pour: SERVICES_GENERAUX - Visiteurs () - permission ignorée sur Drive ECHOLINE/PB drive/01 - Contrats
[2026-07-06 14:07:30] [WARN] Pas de mappage pour: SERVICES_GENERAUX - Membres () - permission ignorée sur Drive ECHOLINE/PB drive/01 - Contrats
[2026-07-06 14:07:30] [SUCCESS] Permission appliquée: User 01 [write] -> Drive ECHOLINE/PB drive/01 - Contrats
[2026-07-06 14:07:30] [INFO] Traitement: /Drive ECHOLINE/PB drive/01-Contrats & devis/ (6 permission(s))
[2026-07-06 14:07:30] [INFO] === COPIE REELLE: Drive ECHOLINE/PB drive/01-Contrats & devis ===
[2026-07-06 14:07:31] [SUCCESS] Dossier cree: Drive ECHOLINE/PB drive/01-Contrats & devis
[2026-07-06 14:07:31] [WARN] Impossible de résoudre 'grp_test' dans le tenant destination - permission ignorée
[2026-07-06 14:07:31] [SUCCESS] Permission appliquée: Equipe INFRA [write] -> Drive ECHOLINE/PB drive/01-Contrats & devis
[2026-07-06 14:07:31] [SUCCESS] Permission appliquée: User 01 [write] -> Drive ECHOLINE/PB drive/01-Contrats & devis
[2026-07-06 14:07:31] [WARN] Pas de mappage pour: SERVICES_GENERAUX - Membres () - permission ignorée sur Drive ECHOLINE/PB drive/01-Contrats & devis
[2026-07-06 14:07:31] [WARN] Pas de mappage pour: SERVICES_GENERAUX - Visiteurs () - permission ignorée sur Drive ECHOLINE/PB drive/01-Contrats & devis
[2026-07-06 14:07:31] [WARN] Pas de mappage pour: Propriétaires de SERVICES_GENERAUX () - permission ignorée sur Drive ECHOLINE/PB drive/01-Contrats & devis
[2026-07-06 14:07:31] [INFO] Traitement: /Drive ECHOLINE/PB drive/02 - Procédures et modèles/ (6 permission(s))
[2026-07-06 14:07:31] [INFO] === COPIE REELLE: Drive ECHOLINE/PB drive/02 - Procédures et modèles ===
[2026-07-06 14:07:32] [SUCCESS] Dossier cree: Drive ECHOLINE/PB drive/02 - Procédures et modèles
[2026-07-06 14:07:32] [DEBUG] [404] Item pas encore disponible, retry 1/3 dans 2s: Drive ECHOLINE/PB drive/02 - Procédures et modèles
[2026-07-06 14:07:34] [DEBUG] [404] Item pas encore disponible, retry 2/3 dans 2s: Drive ECHOLINE/PB drive/02 - Procédures et modèles
[2026-07-06 14:07:36] [DEBUG] [404] Item pas encore disponible, retry 3/3 dans 2s: Drive ECHOLINE/PB drive/02 - Procédures et modèles
[2026-07-06 14:07:39] [WARN] Impossible de récupérer l'item destination pour les droits: Drive ECHOLINE/PB drive/02 - Procédures et modèles - Le serveur distant a retourné une erreur : (404) Introuvable.
[2026-07-06 14:07:39] [INFO] Traitement: /Drive ECHOLINE/PB drive/03 - Doc. opérationnelle - Veille/ (6 permission(s))
[2026-07-06 14:07:39] [INFO] === COPIE REELLE: Drive ECHOLINE/PB drive/03 - Doc. opérationnelle - Veille ===
[2026-07-06 14:07:40] [SUCCESS] Dossier cree: Drive ECHOLINE/PB drive/03 - Doc. opérationnelle - Veille
[2026-07-06 14:07:40] [DEBUG] [404] Item pas encore disponible, retry 1/3 dans 2s: Drive ECHOLINE/PB drive/03 - Doc. opérationnelle - Veille
[2026-07-06 14:07:42] [DEBUG] [404] Item pas encore disponible, retry 2/3 dans 2s: Drive ECHOLINE/PB drive/03 - Doc. opérationnelle - Veille
[2026-07-06 14:07:44] [DEBUG] [404] Item pas encore disponible, retry 3/3 dans 2s: Drive ECHOLINE/PB drive/03 - Doc. opérationnelle - Veille
[2026-07-06 14:07:46] [WARN] Impossible de récupérer l'item destination pour les droits: Drive ECHOLINE/PB drive/03 - Doc. opérationnelle - Veille - Le serveur distant a retourné une erreur : (404) Introuvable.
[2026-07-06 14:07:46] [INFO] Traitement: /Drive ECHOLINE/PB drive/04 - Administratif/ (6 permission(s))
[2026-07-06 14:07:46] [INFO] === COPIE REELLE: Drive ECHOLINE/PB drive/04 - Administratif ===
[2026-07-06 14:07:47] [SUCCESS] Dossier cree: Drive ECHOLINE/PB drive/04 - Administratif
[2026-07-06 14:07:47] [WARN] Impossible de résoudre 'grp_test' dans le tenant destination - permission ignorée
[2026-07-06 14:07:47] [SUCCESS] Permission appliquée: Equipe INFRA [write] -> Drive ECHOLINE/PB drive/04 - Administratif
[2026-07-06 14:07:47] [SUCCESS] Permission appliquée: User 01 [write] -> Drive ECHOLINE/PB drive/04 - Administratif
[2026-07-06 14:07:48] [WARN] Pas de mappage pour: SERVICES_GENERAUX - Membres () - permission ignorée sur Drive ECHOLINE/PB drive/04 - Administratif
[2026-07-06 14:07:48] [WARN] Pas de mappage pour: SERVICES_GENERAUX - Visiteurs () - permission ignorée sur Drive ECHOLINE/PB drive/04 - Administratif
[2026-07-06 14:07:48] [WARN] Pas de mappage pour: Propriétaires de SERVICES_GENERAUX () - permission ignorée sur Drive ECHOLINE/PB drive/04 - Administratif
[2026-07-06 14:07:48] [INFO] Traitement: /Drive ECHOLINE/PB drive/06-Check-List contrôle/ (6 permission(s))
[2026-07-06 14:07:48] [INFO] === COPIE REELLE: Drive ECHOLINE/PB drive/06-Check-List contrôle ===
[2026-07-06 14:07:48] [SUCCESS] Dossier cree: Drive ECHOLINE/PB drive/06-Check-List contrôle
[2026-07-06 14:07:48] [DEBUG] [404] Item pas encore disponible, retry 1/3 dans 2s: Drive ECHOLINE/PB drive/06-Check-List contrôle
[2026-07-06 14:07:51] [DEBUG] [404] Item pas encore disponible, retry 2/3 dans 2s: Drive ECHOLINE/PB drive/06-Check-List contrôle
[2026-07-06 14:07:53] [DEBUG] [404] Item pas encore disponible, retry 3/3 dans 2s: Drive ECHOLINE/PB drive/06-Check-List contrôle
[2026-07-06 14:07:55] [WARN] Impossible de récupérer l'item destination pour les droits: Drive ECHOLINE/PB drive/06-Check-List contrôle - Le serveur distant a retourné une erreur : (404) Introuvable.
[2026-07-06 14:07:55] [INFO] Traitement: /Drive ECHOLINE/PB drive/1- Tableaux de veille/ (6 permission(s))
[2026-07-06 14:07:55] [INFO] === COPIE REELLE: Drive ECHOLINE/PB drive/1- Tableaux de veille ===
[2026-07-06 14:07:56] [SUCCESS] Dossier cree: Drive ECHOLINE/PB drive/1- Tableaux de veille
[2026-07-06 14:07:56] [WARN] Impossible de résoudre 'grp_test' dans le tenant destination - permission ignorée
[2026-07-06 14:07:56] [SUCCESS] Permission appliquée: Equipe INFRA [write] -> Drive ECHOLINE/PB drive/1- Tableaux de veille
[2026-07-06 14:07:56] [SUCCESS] Permission appliquée: User 01 [write] -> Drive ECHOLINE/PB drive/1- Tableaux de veille
[2026-07-06 14:07:56] [WARN] Pas de mappage pour: SERVICES_GENERAUX - Membres () - permission ignorée sur Drive ECHOLINE/PB drive/1- Tableaux de veille
[2026-07-06 14:07:56] [WARN] Pas de mappage pour: SERVICES_GENERAUX - Visiteurs () - permission ignorée sur Drive ECHOLINE/PB drive/1- Tableaux de veille
[2026-07-06 14:07:56] [WARN] Pas de mappage pour: Propriétaires de SERVICES_GENERAUX () - permission ignorée sur Drive ECHOLINE/PB drive/1- Tableaux de veille
[2026-07-06 14:07:56] [INFO] Traitement: /Drive ECHOLINE/PB drive/3 - Archives Lettre d'information/ (6 permission(s))
[2026-07-06 14:07:56] [INFO] === COPIE REELLE: Drive ECHOLINE/PB drive/3 - Archives Lettre d'information ===
[2026-07-06 14:07:57] [SUCCESS] Dossier cree: Drive ECHOLINE/PB drive/3 - Archives Lettre d'information
[2026-07-06 14:07:57] [WARN] Pas de mappage pour: SERVICES_GENERAUX - Visiteurs () - permission ignorée sur Drive ECHOLINE/PB drive/3 - Archives Lettre d'information
[2026-07-06 14:07:57] [WARN] Pas de mappage pour: Propriétaires de SERVICES_GENERAUX () - permission ignorée sur Drive ECHOLINE/PB drive/3 - Archives Lettre d'information
[2026-07-06 14:07:57] [SUCCESS] Permission appliquée: User 01 [write] -> Drive ECHOLINE/PB drive/3 - Archives Lettre d'information
[2026-07-06 14:07:57] [WARN] Impossible de résoudre 'grp_test' dans le tenant destination - permission ignorée
[2026-07-06 14:07:57] [SUCCESS] Permission appliquée: Equipe INFRA [write] -> Drive ECHOLINE/PB drive/3 - Archives Lettre d'information
[2026-07-06 14:07:57] [WARN] Pas de mappage pour: SERVICES_GENERAUX - Membres () - permission ignorée sur Drive ECHOLINE/PB drive/3 - Archives Lettre d'information
[2026-07-06 14:07:57] [INFO] Traitement: /Drive ECHOLINE/PB drive/4- Documentation juridique/ (6 permission(s))
[2026-07-06 14:07:57] [INFO] === COPIE REELLE: Drive ECHOLINE/PB drive/4- Documentation juridique ===
[2026-07-06 14:07:58] [SUCCESS] Dossier cree: Drive ECHOLINE/PB drive/4- Documentation juridique
[2026-07-06 14:07:58] [SUCCESS] Permission appliquée: Equipe INFRA [write] -> Drive ECHOLINE/PB drive/4- Documentation juridique
[2026-07-06 14:07:59] [SUCCESS] Permission appliquée: User 01 [write] -> Drive ECHOLINE/PB drive/4- Documentation juridique
[2026-07-06 14:07:59] [WARN] Pas de mappage pour: SERVICES_GENERAUX - Membres () - permission ignorée sur Drive ECHOLINE/PB drive/4- Documentation juridique
[2026-07-06 14:07:59] [WARN] Pas de mappage pour: SERVICES_GENERAUX - Visiteurs () - permission ignorée sur Drive ECHOLINE/PB drive/4- Documentation juridique
[2026-07-06 14:07:59] [WARN] Pas de mappage pour: Propriétaires de SERVICES_GENERAUX () - permission ignorée sur Drive ECHOLINE/PB drive/4- Documentation juridique
[2026-07-06 14:07:59] [WARN] Impossible de résoudre 'grp_test' dans le tenant destination - permission ignorée
[2026-07-06 14:07:59] [INFO] Traitement: /Drive ECHOLINE/PB drive/5- Manuel utilisateurs/ (6 permission(s))
[2026-07-06 14:07:59] [INFO] === COPIE REELLE: Drive ECHOLINE/PB drive/5- Manuel utilisateurs ===
[2026-07-06 14:07:59] [SUCCESS] Dossier cree: Drive ECHOLINE/PB drive/5- Manuel utilisateurs
[2026-07-06 14:07:59] [SUCCESS] Permission appliquée: User 01 [write] -> Drive ECHOLINE/PB drive/5- Manuel utilisateurs
[2026-07-06 14:07:59] [WARN] Pas de mappage pour: Propriétaires de SERVICES_GENERAUX () - permission ignorée sur Drive ECHOLINE/PB drive/5- Manuel utilisateurs
[2026-07-06 14:07:59] [WARN] Pas de mappage pour: SERVICES_GENERAUX - Visiteurs () - permission ignorée sur Drive ECHOLINE/PB drive/5- Manuel utilisateurs
[2026-07-06 14:07:59] [WARN] Pas de mappage pour: SERVICES_GENERAUX - Membres () - permission ignorée sur Drive ECHOLINE/PB drive/5- Manuel utilisateurs
[2026-07-06 14:08:00] [SUCCESS] Permission appliquée: Equipe INFRA [write] -> Drive ECHOLINE/PB drive/5- Manuel utilisateurs
[2026-07-06 14:08:00] [WARN] Impossible de résoudre 'grp_test' dans le tenant destination - permission ignorée
[2026-07-06 14:08:00] [INFO] Traitement: /Drive ECHOLINE/PB drive/6- Fiches thématiques/ (6 permission(s))
[2026-07-06 14:08:00] [INFO] === COPIE REELLE: Drive ECHOLINE/PB drive/6- Fiches thématiques ===
[2026-07-06 14:08:00] [SUCCESS] Dossier cree: Drive ECHOLINE/PB drive/6- Fiches thématiques
[2026-07-06 14:08:01] [DEBUG] [404] Item pas encore disponible, retry 1/3 dans 2s: Drive ECHOLINE/PB drive/6- Fiches thématiques
[2026-07-06 14:08:03] [DEBUG] [404] Item pas encore disponible, retry 2/3 dans 2s: Drive ECHOLINE/PB drive/6- Fiches thématiques
[2026-07-06 14:08:05] [DEBUG] [404] Item pas encore disponible, retry 3/3 dans 2s: Drive ECHOLINE/PB drive/6- Fiches thématiques
[2026-07-06 14:08:07] [WARN] Impossible de récupérer l'item destination pour les droits: Drive ECHOLINE/PB drive/6- Fiches thématiques - Le serveur distant a retourné une erreur : (404) Introuvable.
[2026-07-06 14:08:07] [INFO] Traitement: /Drive ECHOLINE/PB drive/ARCHIVES/ (6 permission(s))
[2026-07-06 14:08:07] [INFO] === COPIE REELLE: Drive ECHOLINE/PB drive/ARCHIVES ===
[2026-07-06 14:08:07] [SUCCESS] Dossier cree: Drive ECHOLINE/PB drive/ARCHIVES
[2026-07-06 14:08:08] [WARN] Impossible de résoudre 'grp_test' dans le tenant destination - permission ignorée
[2026-07-06 14:08:08] [SUCCESS] Permission appliquée: Equipe INFRA [write] -> Drive ECHOLINE/PB drive/ARCHIVES
[2026-07-06 14:08:08] [SUCCESS] Permission appliquée: User 01 [write] -> Drive ECHOLINE/PB drive/ARCHIVES
[2026-07-06 14:08:08] [WARN] Pas de mappage pour: SERVICES_GENERAUX - Membres () - permission ignorée sur Drive ECHOLINE/PB drive/ARCHIVES
[2026-07-06 14:08:08] [WARN] Pas de mappage pour: SERVICES_GENERAUX - Visiteurs () - permission ignorée sur Drive ECHOLINE/PB drive/ARCHIVES
[2026-07-06 14:08:08] [WARN] Pas de mappage pour: Propriétaires de SERVICES_GENERAUX () - permission ignorée sur Drive ECHOLINE/PB drive/ARCHIVES
[2026-07-06 14:08:08] [INFO] Traitement: /Drive ECHOLINE/PB drive/ARTE/ (6 permission(s))
[2026-07-06 14:08:08] [INFO] === COPIE REELLE: Drive ECHOLINE/PB drive/ARTE ===
[2026-07-06 14:08:09] [SUCCESS] Dossier cree: Drive ECHOLINE/PB drive/ARTE
[2026-07-06 14:08:09] [SUCCESS] Permission appliquée: Equipe INFRA [write] -> Drive ECHOLINE/PB drive/ARTE
[2026-07-06 14:08:09] [WARN] Pas de mappage pour: Propriétaires de SERVICES_GENERAUX () - permission ignorée sur Drive ECHOLINE/PB drive/ARTE
[2026-07-06 14:08:09] [WARN] Pas de mappage pour: SERVICES_GENERAUX - Visiteurs () - permission ignorée sur Drive ECHOLINE/PB drive/ARTE
[2026-07-06 14:08:09] [WARN] Pas de mappage pour: SERVICES_GENERAUX - Membres () - permission ignorée sur Drive ECHOLINE/PB drive/ARTE
[2026-07-06 14:08:09] [SUCCESS] Permission appliquée: User 01 [write] -> Drive ECHOLINE/PB drive/ARTE
[2026-07-06 14:08:09] [WARN] Impossible de résoudre 'grp_test' dans le tenant destination - permission ignorée
[2026-07-06 14:08:09] [INFO] Traitement: /Drive ECHOLINE/PB drive/BATISANTE SUD (AZURTECH)/ (6 permission(s))
[2026-07-06 14:08:09] [INFO] === COPIE REELLE: Drive ECHOLINE/PB drive/BATISANTE SUD (AZURTECH) ===
[2026-07-06 14:08:10] [SUCCESS] Dossier cree: Drive ECHOLINE/PB drive/BATISANTE SUD (AZURTECH)
[2026-07-06 14:08:10] [WARN] Impossible de résoudre 'grp_test' dans le tenant destination - permission ignorée
[2026-07-06 14:08:10] [WARN] Pas de mappage pour: Propriétaires de SERVICES_GENERAUX () - permission ignorée sur Drive ECHOLINE/PB drive/BATISANTE SUD (AZURTECH)
[2026-07-06 14:08:10] [WARN] Pas de mappage pour: SERVICES_GENERAUX - Visiteurs () - permission ignorée sur Drive ECHOLINE/PB drive/BATISANTE SUD (AZURTECH)
[2026-07-06 14:08:10] [WARN] Pas de mappage pour: SERVICES_GENERAUX - Membres () - permission ignorée sur Drive ECHOLINE/PB drive/BATISANTE SUD (AZURTECH)
[2026-07-06 14:08:11] [SUCCESS] Permission appliquée: Equipe INFRA [write] -> Drive ECHOLINE/PB drive/BATISANTE SUD (AZURTECH)
[2026-07-06 14:08:11] [SUCCESS] Permission appliquée: User 01 [write] -> Drive ECHOLINE/PB drive/BATISANTE SUD (AZURTECH)
[2026-07-06 14:08:11] [INFO] Traitement: /Drive ECHOLINE/PB drive/BIOCOOP/ (6 permission(s))
[2026-07-06 14:08:11] [INFO] === COPIE REELLE: Drive ECHOLINE/PB drive/BIOCOOP ===
[2026-07-06 14:08:12] [SUCCESS] Dossier cree: Drive ECHOLINE/PB drive/BIOCOOP
[2026-07-06 14:08:12] [WARN] Pas de mappage pour: Propriétaires de SERVICES_GENERAUX () - permission ignorée sur Drive ECHOLINE/PB drive/BIOCOOP
[2026-07-06 14:08:12] [WARN] Impossible de résoudre 'grp_test' dans le tenant destination - permission ignorée
[2026-07-06 14:08:12] [SUCCESS] Permission appliquée: Equipe INFRA [write] -> Drive ECHOLINE/PB drive/BIOCOOP
[2026-07-06 14:08:12] [SUCCESS] Permission appliquée: User 01 [write] -> Drive ECHOLINE/PB drive/BIOCOOP
[2026-07-06 14:08:12] [WARN] Pas de mappage pour: SERVICES_GENERAUX - Membres () - permission ignorée sur Drive ECHOLINE/PB drive/BIOCOOP
[2026-07-06 14:08:12] [WARN] Pas de mappage pour: SERVICES_GENERAUX - Visiteurs () - permission ignorée sur Drive ECHOLINE/PB drive/BIOCOOP
[2026-07-06 14:08:12] [INFO] Traitement: /Drive ECHOLINE/PB drive/Bioline - Livron sur Drôme/ (6 permission(s))
[2026-07-06 14:08:12] [INFO] === COPIE REELLE: Drive ECHOLINE/PB drive/Bioline - Livron sur Drôme ===
[2026-07-06 14:08:13] [SUCCESS] Dossier cree: Drive ECHOLINE/PB drive/Bioline - Livron sur Drôme
[2026-07-06 14:08:13] [DEBUG] [404] Item pas encore disponible, retry 1/3 dans 2s: Drive ECHOLINE/PB drive/Bioline - Livron sur Drôme
[2026-07-06 14:08:15] [DEBUG] [404] Item pas encore disponible, retry 2/3 dans 2s: Drive ECHOLINE/PB drive/Bioline - Livron sur Drôme
[2026-07-06 14:08:17] [DEBUG] [404] Item pas encore disponible, retry 3/3 dans 2s: Drive ECHOLINE/PB drive/Bioline - Livron sur Drôme
[2026-07-06 14:08:19] [WARN] Impossible de récupérer l'item destination pour les droits: Drive ECHOLINE/PB drive/Bioline - Livron sur Drôme - Le serveur distant a retourné une erreur : (404) Introuvable.
[2026-07-06 14:08:19] [INFO] Traitement: /Drive ECHOLINE/PB drive/CAE CONSEILS - SOFIDEL/ (6 permission(s))
[2026-07-06 14:08:19] [INFO] === COPIE REELLE: Drive ECHOLINE/PB drive/CAE CONSEILS - SOFIDEL ===
[2026-07-06 14:08:20] [SUCCESS] Dossier cree: Drive ECHOLINE/PB drive/CAE CONSEILS - SOFIDEL
[2026-07-06 14:08:21] [WARN] Impossible de résoudre 'grp_test' dans le tenant destination - permission ignorée
[2026-07-06 14:08:21] [SUCCESS] Permission appliquée: Equipe INFRA [write] -> Drive ECHOLINE/PB drive/CAE CONSEILS - SOFIDEL
[2026-07-06 14:08:21] [SUCCESS] Permission appliquée: User 01 [write] -> Drive ECHOLINE/PB drive/CAE CONSEILS - SOFIDEL
[2026-07-06 14:08:21] [WARN] Pas de mappage pour: SERVICES_GENERAUX - Membres () - permission ignorée sur Drive ECHOLINE/PB drive/CAE CONSEILS - SOFIDEL
[2026-07-06 14:08:21] [WARN] Pas de mappage pour: SERVICES_GENERAUX - Visiteurs () - permission ignorée sur Drive ECHOLINE/PB drive/CAE CONSEILS - SOFIDEL
[2026-07-06 14:08:21] [WARN] Pas de mappage pour: Propriétaires de SERVICES_GENERAUX () - permission ignorée sur Drive ECHOLINE/PB drive/CAE CONSEILS - SOFIDEL
[2026-07-06 14:08:21] [INFO] Traitement: /Drive ECHOLINE/PB drive/CARTIER/ (6 permission(s))
[2026-07-06 14:08:21] [INFO] === COPIE REELLE: Drive ECHOLINE/PB drive/CARTIER ===
[2026-07-06 14:08:22] [SUCCESS] Dossier cree: Drive ECHOLINE/PB drive/CARTIER
[2026-07-06 14:08:22] [SUCCESS] Permission appliquée: Equipe INFRA [write] -> Drive ECHOLINE/PB drive/CARTIER
[2026-07-06 14:08:22] [WARN] Pas de mappage pour: Propriétaires de SERVICES_GENERAUX () - permission ignorée sur Drive ECHOLINE/PB drive/CARTIER
[2026-07-06 14:08:22] [WARN] Pas de mappage pour: SERVICES_GENERAUX - Visiteurs () - permission ignorée sur Drive ECHOLINE/PB drive/CARTIER
[2026-07-06 14:08:22] [WARN] Pas de mappage pour: SERVICES_GENERAUX - Membres () - permission ignorée sur Drive ECHOLINE/PB drive/CARTIER
[2026-07-06 14:08:22] [SUCCESS] Permission appliquée: User 01 [write] -> Drive ECHOLINE/PB drive/CARTIER
[2026-07-06 14:08:22] [WARN] Impossible de résoudre 'grp_test' dans le tenant destination - permission ignorée
[2026-07-06 14:08:22] [INFO] Traitement: /Drive ECHOLINE/PB drive/CL/ (6 permission(s))
[2026-07-06 14:08:22] [INFO] === COPIE REELLE: Drive ECHOLINE/PB drive/CL ===
[2026-07-06 14:08:23] [SUCCESS] Dossier cree: Drive ECHOLINE/PB drive/CL
[2026-07-06 14:08:23] [WARN] Impossible de résoudre 'grp_test' dans le tenant destination - permission ignorée
[2026-07-06 14:08:23] [WARN] Pas de mappage pour: Propriétaires de SERVICES_GENERAUX () - permission ignorée sur Drive ECHOLINE/PB drive/CL
[2026-07-06 14:08:23] [SUCCESS] Permission appliquée: Equipe INFRA [write] -> Drive ECHOLINE/PB drive/CL
[2026-07-06 14:08:23] [WARN] Pas de mappage pour: SERVICES_GENERAUX - Visiteurs () - permission ignorée sur Drive ECHOLINE/PB drive/CL
[2026-07-06 14:08:23] [WARN] Pas de mappage pour: SERVICES_GENERAUX - Membres () - permission ignorée sur Drive ECHOLINE/PB drive/CL
[2026-07-06 14:08:23] [SUCCESS] Permission appliquée: User 01 [write] -> Drive ECHOLINE/PB drive/CL
[2026-07-06 14:08:23] [INFO] Traitement: /Drive ECHOLINE/PB drive/CLAIREFONTAINE/ (6 permission(s))
[2026-07-06 14:08:23] [INFO] === COPIE REELLE: Drive ECHOLINE/PB drive/CLAIREFONTAINE ===
[2026-07-06 14:08:24] [SUCCESS] Dossier cree: Drive ECHOLINE/PB drive/CLAIREFONTAINE
[2026-07-06 14:08:24] [WARN] Impossible de résoudre 'grp_test' dans le tenant destination - permission ignorée
[2026-07-06 14:08:24] [SUCCESS] Permission appliquée: Equipe INFRA [write] -> Drive ECHOLINE/PB drive/CLAIREFONTAINE
[2026-07-06 14:08:25] [SUCCESS] Permission appliquée: User 01 [write] -> Drive ECHOLINE/PB drive/CLAIREFONTAINE
[2026-07-06 14:08:25] [WARN] Pas de mappage pour: SERVICES_GENERAUX - Membres () - permission ignorée sur Drive ECHOLINE/PB drive/CLAIREFONTAINE
[2026-07-06 14:08:25] [WARN] Pas de mappage pour: SERVICES_GENERAUX - Visiteurs () - permission ignorée sur Drive ECHOLINE/PB drive/CLAIREFONTAINE
[2026-07-06 14:08:25] [WARN] Pas de mappage pour: Propriétaires de SERVICES_GENERAUX () - permission ignorée sur Drive ECHOLINE/PB drive/CLAIREFONTAINE
[2026-07-06 14:08:25] [INFO] Traitement: /Drive ECHOLINE/PB drive/Contrats purement RH/ (6 permission(s))
[2026-07-06 14:08:25] [INFO] === COPIE REELLE: Drive ECHOLINE/PB drive/Contrats purement RH ===
[2026-07-06 14:08:25] [SUCCESS] Dossier cree: Drive ECHOLINE/PB drive/Contrats purement RH
[2026-07-06 14:08:25] [WARN] Impossible de résoudre 'grp_test' dans le tenant destination - permission ignorée
[2026-07-06 14:08:26] [SUCCESS] Permission appliquée: Equipe INFRA [write] -> Drive ECHOLINE/PB drive/Contrats purement RH
[2026-07-06 14:08:26] [SUCCESS] Permission appliquée: User 01 [write] -> Drive ECHOLINE/PB drive/Contrats purement RH
[2026-07-06 14:08:26] [WARN] Pas de mappage pour: SERVICES_GENERAUX - Membres () - permission ignorée sur Drive ECHOLINE/PB drive/Contrats purement RH
[2026-07-06 14:08:26] [WARN] Pas de mappage pour: SERVICES_GENERAUX - Visiteurs () - permission ignorée sur Drive ECHOLINE/PB drive/Contrats purement RH
[2026-07-06 14:08:26] [WARN] Pas de mappage pour: Propriétaires de SERVICES_GENERAUX () - permission ignorée sur Drive ECHOLINE/PB drive/Contrats purement RH
[2026-07-06 14:08:26] [INFO] Traitement: /Drive ECHOLINE/PB drive/CR point initial (1)/ (6 permission(s))
[2026-07-06 14:08:26] [INFO] === COPIE REELLE: Drive ECHOLINE/PB drive/CR point initial (1) ===
[2026-07-06 14:08:27] [SUCCESS] Dossier cree: Drive ECHOLINE/PB drive/CR point initial (1)
[2026-07-06 14:08:27] [WARN] Pas de mappage pour: Propriétaires de SERVICES_GENERAUX () - permission ignorée sur Drive ECHOLINE/PB drive/CR point initial (1)
[2026-07-06 14:08:27] [WARN] Pas de mappage pour: SERVICES_GENERAUX - Visiteurs () - permission ignorée sur Drive ECHOLINE/PB drive/CR point initial (1)
[2026-07-06 14:08:27] [WARN] Pas de mappage pour: SERVICES_GENERAUX - Membres () - permission ignorée sur Drive ECHOLINE/PB drive/CR point initial (1)
[2026-07-06 14:08:27] [SUCCESS] Permission appliquée: User 01 [write] -> Drive ECHOLINE/PB drive/CR point initial (1)
[2026-07-06 14:08:27] [SUCCESS] Permission appliquée: Equipe INFRA [write] -> Drive ECHOLINE/PB drive/CR point initial (1)
[2026-07-06 14:08:27] [WARN] Impossible de résoudre 'grp_test' dans le tenant destination - permission ignorée
[2026-07-06 14:08:27] [INFO] Traitement: /Drive ECHOLINE/PB drive/CR point initial/ (6 permission(s))
[2026-07-06 14:08:27] [INFO] === COPIE REELLE: Drive ECHOLINE/PB drive/CR point initial ===
[2026-07-06 14:08:28] [SUCCESS] Dossier cree: Drive ECHOLINE/PB drive/CR point initial
[2026-07-06 14:08:28] [WARN] Impossible de résoudre 'grp_test' dans le tenant destination - permission ignorée
[2026-07-06 14:08:28] [WARN] Pas de mappage pour: SERVICES_GENERAUX - Membres () - permission ignorée sur Drive ECHOLINE/PB drive/CR point initial
[2026-07-06 14:08:28] [WARN] Pas de mappage pour: SERVICES_GENERAUX - Visiteurs () - permission ignorée sur Drive ECHOLINE/PB drive/CR point initial
[2026-07-06 14:08:28] [WARN] Pas de mappage pour: Propriétaires de SERVICES_GENERAUX () - permission ignorée sur Drive ECHOLINE/PB drive/CR point initial
[2026-07-06 14:08:28] [SUCCESS] Permission appliquée: User 01 [write] -> Drive ECHOLINE/PB drive/CR point initial
[2026-07-06 14:08:28] [SUCCESS] Permission appliquée: Equipe INFRA [write] -> Drive ECHOLINE/PB drive/CR point initial
[2026-07-06 14:08:28] [INFO] Traitement: /Drive ECHOLINE/PB drive/DERICHEBOURG ATIS/ (6 permission(s))
[2026-07-06 14:08:28] [INFO] === COPIE REELLE: Drive ECHOLINE/PB drive/DERICHEBOURG ATIS ===
[2026-07-06 14:08:29] [SUCCESS] Dossier cree: Drive ECHOLINE/PB drive/DERICHEBOURG ATIS
[2026-07-06 14:08:29] [WARN] Impossible de résoudre 'grp_test' dans le tenant destination - permission ignorée
[2026-07-06 14:08:29] [SUCCESS] Permission appliquée: Equipe INFRA [write] -> Drive ECHOLINE/PB drive/DERICHEBOURG ATIS
[2026-07-06 14:08:29] [SUCCESS] Permission appliquée: User 01 [write] -> Drive ECHOLINE/PB drive/DERICHEBOURG ATIS
[2026-07-06 14:08:29] [WARN] Pas de mappage pour: SERVICES_GENERAUX - Membres () - permission ignorée sur Drive ECHOLINE/PB drive/DERICHEBOURG ATIS
[2026-07-06 14:08:29] [WARN] Pas de mappage pour: SERVICES_GENERAUX - Visiteurs () - permission ignorée sur Drive ECHOLINE/PB drive/DERICHEBOURG ATIS
[2026-07-06 14:08:29] [WARN] Pas de mappage pour: Propriétaires de SERVICES_GENERAUX () - permission ignorée sur Drive ECHOLINE/PB drive/DERICHEBOURG ATIS
[2026-07-06 14:08:29] [INFO] Traitement: /Drive ECHOLINE/PB drive/DIOR/ (6 permission(s))
[2026-07-06 14:08:29] [INFO] === COPIE REELLE: Drive ECHOLINE/PB drive/DIOR ===
[2026-07-06 14:08:30] [SUCCESS] Dossier cree: Drive ECHOLINE/PB drive/DIOR
[2026-07-06 14:08:30] [SUCCESS] Permission appliquée: Equipe INFRA [write] -> Drive ECHOLINE/PB drive/DIOR
[2026-07-06 14:08:30] [WARN] Pas de mappage pour: Propriétaires de SERVICES_GENERAUX () - permission ignorée sur Drive ECHOLINE/PB drive/DIOR
[2026-07-06 14:08:30] [WARN] Pas de mappage pour: SERVICES_GENERAUX - Membres () - permission ignorée sur Drive ECHOLINE/PB drive/DIOR
[2026-07-06 14:08:30] [WARN] Pas de mappage pour: SERVICES_GENERAUX - Visiteurs () - permission ignorée sur Drive ECHOLINE/PB drive/DIOR
[2026-07-06 14:08:30] [SUCCESS] Permission appliquée: User 01 [write] -> Drive ECHOLINE/PB drive/DIOR
[2026-07-06 14:08:30] [WARN] Impossible de résoudre 'grp_test' dans le tenant destination - permission ignorée
[2026-07-06 14:08:31] [INFO] Traitement: /Drive ECHOLINE/PB drive/Doc veille internationale/ (6 permission(s))
[2026-07-06 14:08:31] [INFO] === COPIE REELLE: Drive ECHOLINE/PB drive/Doc veille internationale ===
[2026-07-06 14:08:31] [SUCCESS] Dossier cree: Drive ECHOLINE/PB drive/Doc veille internationale
[2026-07-06 14:08:32] [SUCCESS] Permission appliquée: Equipe INFRA [write] -> Drive ECHOLINE/PB drive/Doc veille internationale
[2026-07-06 14:08:32] [SUCCESS] Permission appliquée: User 01 [write] -> Drive ECHOLINE/PB drive/Doc veille internationale
[2026-07-06 14:08:32] [WARN] Pas de mappage pour: SERVICES_GENERAUX - Membres () - permission ignorée sur Drive ECHOLINE/PB drive/Doc veille internationale
[2026-07-06 14:08:32] [WARN] Pas de mappage pour: SERVICES_GENERAUX - Visiteurs () - permission ignorée sur Drive ECHOLINE/PB drive/Doc veille internationale
[2026-07-06 14:08:32] [WARN] Pas de mappage pour: Propriétaires de SERVICES_GENERAUX () - permission ignorée sur Drive ECHOLINE/PB drive/Doc veille internationale
[2026-07-06 14:08:32] [WARN] Impossible de résoudre 'grp_test' dans le tenant destination - permission ignorée
[2026-07-06 14:08:32] [INFO] Traitement: /Drive ECHOLINE/PB drive/ENI FRANCE/ (6 permission(s))
[2026-07-06 14:08:32] [INFO] === COPIE REELLE: Drive ECHOLINE/PB drive/ENI FRANCE ===
[2026-07-06 14:08:33] [SUCCESS] Dossier cree: Drive ECHOLINE/PB drive/ENI FRANCE
[2026-07-06 14:08:33] [SUCCESS] Permission appliquée: User 01 [write] -> Drive ECHOLINE/PB drive/ENI FRANCE
[2026-07-06 14:08:33] [WARN] Pas de mappage pour: SERVICES_GENERAUX - Membres () - permission ignorée sur Drive ECHOLINE/PB drive/ENI FRANCE
[2026-07-06 14:08:33] [WARN] Pas de mappage pour: SERVICES_GENERAUX - Visiteurs () - permission ignorée sur Drive ECHOLINE/PB drive/ENI FRANCE
[2026-07-06 14:08:33] [WARN] Pas de mappage pour: Propriétaires de SERVICES_GENERAUX () - permission ignorée sur Drive ECHOLINE/PB drive/ENI FRANCE
[2026-07-06 14:08:33] [WARN] Impossible de résoudre 'grp_test' dans le tenant destination - permission ignorée
[2026-07-06 14:08:33] [SUCCESS] Permission appliquée: Equipe INFRA [write] -> Drive ECHOLINE/PB drive/ENI FRANCE
[2026-07-06 14:08:33] [INFO] Traitement: /Drive ECHOLINE/PB drive/Exemples news extérieures/ (6 permission(s))
[2026-07-06 14:08:33] [INFO] === COPIE REELLE: Drive ECHOLINE/PB drive/Exemples news extérieures ===
[2026-07-06 14:08:34] [SUCCESS] Dossier cree: Drive ECHOLINE/PB drive/Exemples news extérieures
[2026-07-06 14:08:34] [DEBUG] [404] Item pas encore disponible, retry 1/3 dans 2s: Drive ECHOLINE/PB drive/Exemples news extérieures
[2026-07-06 14:08:36] [DEBUG] [404] Item pas encore disponible, retry 2/3 dans 2s: Drive ECHOLINE/PB drive/Exemples news extérieures
[2026-07-06 14:08:38] [DEBUG] [404] Item pas encore disponible, retry 3/3 dans 2s: Drive ECHOLINE/PB drive/Exemples news extérieures
[2026-07-06 14:08:41] [WARN] Impossible de récupérer l'item destination pour les droits: Drive ECHOLINE/PB drive/Exemples news extérieures - Le serveur distant a retourné une erreur : (404) Introuvable.
[2026-07-06 14:08:41] [INFO] Traitement: /Drive ECHOLINE/PB drive/Export txts avant report SONATA/ (6 permission(s))
[2026-07-06 14:08:41] [INFO] === COPIE REELLE: Drive ECHOLINE/PB drive/Export txts avant report SONATA ===
[2026-07-06 14:08:41] [SUCCESS] Dossier cree: Drive ECHOLINE/PB drive/Export txts avant report SONATA
[2026-07-06 14:08:41] [WARN] Pas de mappage pour: SERVICES_GENERAUX - Membres () - permission ignorée sur Drive ECHOLINE/PB drive/Export txts avant report SONATA
[2026-07-06 14:08:42] [SUCCESS] Permission appliquée: User 01 [write] -> Drive ECHOLINE/PB drive/Export txts avant report SONATA
[2026-07-06 14:08:42] [WARN] Pas de mappage pour: Propriétaires de SERVICES_GENERAUX () - permission ignorée sur Drive ECHOLINE/PB drive/Export txts avant report SONATA
[2026-07-06 14:08:42] [SUCCESS] Permission appliquée: Equipe INFRA [write] -> Drive ECHOLINE/PB drive/Export txts avant report SONATA
[2026-07-06 14:08:42] [WARN] Pas de mappage pour: SERVICES_GENERAUX - Visiteurs () - permission ignorée sur Drive ECHOLINE/PB drive/Export txts avant report SONATA
[2026-07-06 14:08:42] [WARN] Impossible de résoudre 'grp_test' dans le tenant destination - permission ignorée
[2026-07-06 14:08:42] [INFO] Traitement: /Drive ECHOLINE/PB drive/Fertiline - Loudéac/ (6 permission(s))
[2026-07-06 14:08:42] [INFO] === COPIE REELLE: Drive ECHOLINE/PB drive/Fertiline - Loudéac ===
[2026-07-06 14:08:43] [SUCCESS] Dossier cree: Drive ECHOLINE/PB drive/Fertiline - Loudéac
[2026-07-06 14:08:43] [DEBUG] [404] Item pas encore disponible, retry 1/3 dans 2s: Drive ECHOLINE/PB drive/Fertiline - Loudéac
[2026-07-06 14:08:45] [DEBUG] [404] Item pas encore disponible, retry 2/3 dans 2s: Drive ECHOLINE/PB drive/Fertiline - Loudéac
[2026-07-06 14:08:47] [DEBUG] [404] Item pas encore disponible, retry 3/3 dans 2s: Drive ECHOLINE/PB drive/Fertiline - Loudéac
[2026-07-06 14:08:49] [WARN] Impossible de récupérer l'item destination pour les droits: Drive ECHOLINE/PB drive/Fertiline - Loudéac - Le serveur distant a retourné une erreur : (404) Introuvable.
[2026-07-06 14:08:49] [INFO] Traitement: /Drive ECHOLINE/PB drive/Fiche ID (1)/ (6 permission(s))
[2026-07-06 14:08:49] [INFO] === COPIE REELLE: Drive ECHOLINE/PB drive/Fiche ID (1) ===
[2026-07-06 14:08:50] [SUCCESS] Dossier cree: Drive ECHOLINE/PB drive/Fiche ID (1)
[2026-07-06 14:08:50] [WARN] Pas de mappage pour: SERVICES_GENERAUX - Visiteurs () - permission ignorée sur Drive ECHOLINE/PB drive/Fiche ID (1)
[2026-07-06 14:08:50] [WARN] Pas de mappage pour: SERVICES_GENERAUX - Membres () - permission ignorée sur Drive ECHOLINE/PB drive/Fiche ID (1)
[2026-07-06 14:08:50] [SUCCESS] Permission appliquée: User 01 [write] -> Drive ECHOLINE/PB drive/Fiche ID (1)
[2026-07-06 14:08:51] [SUCCESS] Permission appliquée: Equipe INFRA [write] -> Drive ECHOLINE/PB drive/Fiche ID (1)
[2026-07-06 14:08:51] [WARN] Impossible de résoudre 'grp_test' dans le tenant destination - permission ignorée
[2026-07-06 14:08:51] [WARN] Pas de mappage pour: Propriétaires de SERVICES_GENERAUX () - permission ignorée sur Drive ECHOLINE/PB drive/Fiche ID (1)
[2026-07-06 14:08:51] [INFO] Traitement: /Drive ECHOLINE/PB drive/Fiche ID/ (6 permission(s))
[2026-07-06 14:08:51] [INFO] === COPIE REELLE: Drive ECHOLINE/PB drive/Fiche ID ===
[2026-07-06 14:08:51] [SUCCESS] Dossier cree: Drive ECHOLINE/PB drive/Fiche ID
[2026-07-06 14:08:51] [WARN] Impossible de résoudre 'grp_test' dans le tenant destination - permission ignorée
[2026-07-06 14:08:51] [SUCCESS] Permission appliquée: User 01 [write] -> Drive ECHOLINE/PB drive/Fiche ID
[2026-07-06 14:08:51] [WARN] Pas de mappage pour: SERVICES_GENERAUX - Membres () - permission ignorée sur Drive ECHOLINE/PB drive/Fiche ID
[2026-07-06 14:08:52] [WARN] Pas de mappage pour: SERVICES_GENERAUX - Visiteurs () - permission ignorée sur Drive ECHOLINE/PB drive/Fiche ID
[2026-07-06 14:08:52] [SUCCESS] Permission appliquée: Equipe INFRA [write] -> Drive ECHOLINE/PB drive/Fiche ID
[2026-07-06 14:08:52] [WARN] Pas de mappage pour: Propriétaires de SERVICES_GENERAUX () - permission ignorée sur Drive ECHOLINE/PB drive/Fiche ID
[2026-07-06 14:08:52] [INFO] Traitement: /Drive ECHOLINE/PB drive/Formulaire utilisateurs/ (6 permission(s))
[2026-07-06 14:08:52] [INFO] === COPIE REELLE: Drive ECHOLINE/PB drive/Formulaire utilisateurs ===
[2026-07-06 14:08:53] [SUCCESS] Dossier cree: Drive ECHOLINE/PB drive/Formulaire utilisateurs
[2026-07-06 14:08:53] [WARN] Pas de mappage pour: Propriétaires de SERVICES_GENERAUX () - permission ignorée sur Drive ECHOLINE/PB drive/Formulaire utilisateurs
[2026-07-06 14:08:53] [WARN] Pas de mappage pour: SERVICES_GENERAUX - Visiteurs () - permission ignorée sur Drive ECHOLINE/PB drive/Formulaire utilisateurs
[2026-07-06 14:08:53] [WARN] Pas de mappage pour: SERVICES_GENERAUX - Membres () - permission ignorée sur Drive ECHOLINE/PB drive/Formulaire utilisateurs
[2026-07-06 14:08:53] [SUCCESS] Permission appliquée: User 01 [write] -> Drive ECHOLINE/PB drive/Formulaire utilisateurs
[2026-07-06 14:08:53] [SUCCESS] Permission appliquée: Equipe INFRA [write] -> Drive ECHOLINE/PB drive/Formulaire utilisateurs
[2026-07-06 14:08:53] [WARN] Impossible de résoudre 'grp_test' dans le tenant destination - permission ignorée
[2026-07-06 14:08:53] [INFO] Traitement: /Drive ECHOLINE/PB drive/LOUIS VUITTON/ (6 permission(s))
[2026-07-06 14:08:53] [INFO] === COPIE REELLE: Drive ECHOLINE/PB drive/LOUIS VUITTON ===
[2026-07-06 14:08:54] [SUCCESS] Dossier cree: Drive ECHOLINE/PB drive/LOUIS VUITTON
[2026-07-06 14:08:54] [WARN] Impossible de résoudre 'grp_test' dans le tenant destination - permission ignorée
[2026-07-06 14:08:54] [WARN] Pas de mappage pour: SERVICES_GENERAUX - Visiteurs () - permission ignorée sur Drive ECHOLINE/PB drive/LOUIS VUITTON
[2026-07-06 14:08:54] [WARN] Pas de mappage pour: SERVICES_GENERAUX - Membres () - permission ignorée sur Drive ECHOLINE/PB drive/LOUIS VUITTON
[2026-07-06 14:08:54] [SUCCESS] Permission appliquée: User 01 [write] -> Drive ECHOLINE/PB drive/LOUIS VUITTON
[2026-07-06 14:08:54] [SUCCESS] Permission appliquée: Equipe INFRA [write] -> Drive ECHOLINE/PB drive/LOUIS VUITTON
[2026-07-06 14:08:54] [WARN] Pas de mappage pour: Propriétaires de SERVICES_GENERAUX () - permission ignorée sur Drive ECHOLINE/PB drive/LOUIS VUITTON
[2026-07-06 14:08:54] [INFO] Traitement: /Drive ECHOLINE/PB drive/mails - hotline directe/ (6 permission(s))
[2026-07-06 14:08:54] [INFO] === COPIE REELLE: Drive ECHOLINE/PB drive/mails - hotline directe ===
[2026-07-06 14:08:55] [SUCCESS] Dossier cree: Drive ECHOLINE/PB drive/mails - hotline directe
[2026-07-06 14:08:55] [WARN] Pas de mappage pour: Propriétaires de SERVICES_GENERAUX () - permission ignorée sur Drive ECHOLINE/PB drive/mails - hotline directe
[2026-07-06 14:08:55] [WARN] Pas de mappage pour: SERVICES_GENERAUX - Visiteurs () - permission ignorée sur Drive ECHOLINE/PB drive/mails - hotline directe
[2026-07-06 14:08:55] [WARN] Pas de mappage pour: SERVICES_GENERAUX - Membres () - permission ignorée sur Drive ECHOLINE/PB drive/mails - hotline directe
[2026-07-06 14:08:55] [SUCCESS] Permission appliquée: User 01 [write] -> Drive ECHOLINE/PB drive/mails - hotline directe
[2026-07-06 14:08:55] [SUCCESS] Permission appliquée: Equipe INFRA [write] -> Drive ECHOLINE/PB drive/mails - hotline directe
[2026-07-06 14:08:55] [WARN] Impossible de résoudre 'grp_test' dans le tenant destination - permission ignorée
[2026-07-06 14:08:55] [INFO] Traitement: /Drive ECHOLINE/PB drive/MODELES lettre info/ (6 permission(s))
[2026-07-06 14:08:55] [INFO] === COPIE REELLE: Drive ECHOLINE/PB drive/MODELES lettre info ===
[2026-07-06 14:08:56] [SUCCESS] Dossier cree: Drive ECHOLINE/PB drive/MODELES lettre info
[2026-07-06 14:08:56] [SUCCESS] Permission appliquée: Equipe INFRA [write] -> Drive ECHOLINE/PB drive/MODELES lettre info
[2026-07-06 14:08:56] [WARN] Impossible de résoudre 'grp_test' dans le tenant destination - permission ignorée
[2026-07-06 14:08:56] [WARN] Pas de mappage pour: SERVICES_GENERAUX - Membres () - permission ignorée sur Drive ECHOLINE/PB drive/MODELES lettre info
[2026-07-06 14:08:56] [WARN] Pas de mappage pour: Propriétaires de SERVICES_GENERAUX () - permission ignorée sur Drive ECHOLINE/PB drive/MODELES lettre info
[2026-07-06 14:08:56] [WARN] Pas de mappage pour: SERVICES_GENERAUX - Visiteurs () - permission ignorée sur Drive ECHOLINE/PB drive/MODELES lettre info
[2026-07-06 14:08:57] [SUCCESS] Permission appliquée: User 01 [write] -> Drive ECHOLINE/PB drive/MODELES lettre info
[2026-07-06 14:08:57] [INFO] Traitement: /Drive ECHOLINE/PB drive/NUTRITION ET SANTE/ (6 permission(s))
[2026-07-06 14:08:57] [INFO] === COPIE REELLE: Drive ECHOLINE/PB drive/NUTRITION ET SANTE ===
[2026-07-06 14:08:57] [SUCCESS] Dossier cree: Drive ECHOLINE/PB drive/NUTRITION ET SANTE
[2026-07-06 14:08:57] [SUCCESS] Permission appliquée: Equipe INFRA [write] -> Drive ECHOLINE/PB drive/NUTRITION ET SANTE
[2026-07-06 14:08:57] [WARN] Impossible de résoudre 'grp_test' dans le tenant destination - permission ignorée
[2026-07-06 14:08:58] [SUCCESS] Permission appliquée: User 01 [write] -> Drive ECHOLINE/PB drive/NUTRITION ET SANTE
[2026-07-06 14:08:58] [WARN] Pas de mappage pour: SERVICES_GENERAUX - Membres () - permission ignorée sur Drive ECHOLINE/PB drive/NUTRITION ET SANTE
[2026-07-06 14:08:58] [WARN] Pas de mappage pour: SERVICES_GENERAUX - Visiteurs () - permission ignorée sur Drive ECHOLINE/PB drive/NUTRITION ET SANTE
[2026-07-06 14:08:58] [WARN] Pas de mappage pour: Propriétaires de SERVICES_GENERAUX () - permission ignorée sur Drive ECHOLINE/PB drive/NUTRITION ET SANTE
[2026-07-06 14:08:58] [INFO] Traitement: /Drive ECHOLINE/PB drive/PIVAUDRAN/ (6 permission(s))
[2026-07-06 14:08:58] [INFO] === COPIE REELLE: Drive ECHOLINE/PB drive/PIVAUDRAN ===
[2026-07-06 14:08:58] [SUCCESS] Dossier cree: Drive ECHOLINE/PB drive/PIVAUDRAN
[2026-07-06 14:08:58] [WARN] Impossible de résoudre 'grp_test' dans le tenant destination - permission ignorée
[2026-07-06 14:08:58] [WARN] Pas de mappage pour: SERVICES_GENERAUX - Membres () - permission ignorée sur Drive ECHOLINE/PB drive/PIVAUDRAN
[2026-07-06 14:08:58] [WARN] Pas de mappage pour: SERVICES_GENERAUX - Visiteurs () - permission ignorée sur Drive ECHOLINE/PB drive/PIVAUDRAN
[2026-07-06 14:08:58] [WARN] Pas de mappage pour: Propriétaires de SERVICES_GENERAUX () - permission ignorée sur Drive ECHOLINE/PB drive/PIVAUDRAN
[2026-07-06 14:08:59] [SUCCESS] Permission appliquée: Equipe INFRA [write] -> Drive ECHOLINE/PB drive/PIVAUDRAN
[2026-07-06 14:08:59] [SUCCESS] Permission appliquée: User 01 [write] -> Drive ECHOLINE/PB drive/PIVAUDRAN
[2026-07-06 14:08:59] [INFO] Traitement: /Drive ECHOLINE/PB drive/Projets/ (6 permission(s))
[2026-07-06 14:08:59] [INFO] === COPIE REELLE: Drive ECHOLINE/PB drive/Projets ===
[2026-07-06 14:09:00] [SUCCESS] Dossier cree: Drive ECHOLINE/PB drive/Projets
[2026-07-06 14:09:00] [WARN] Pas de mappage pour: SERVICES_GENERAUX - Membres () - permission ignorée sur Drive ECHOLINE/PB drive/Projets
[2026-07-06 14:09:00] [WARN] Pas de mappage pour: Propriétaires de SERVICES_GENERAUX () - permission ignorée sur Drive ECHOLINE/PB drive/Projets
[2026-07-06 14:09:00] [WARN] Pas de mappage pour: SERVICES_GENERAUX - Visiteurs () - permission ignorée sur Drive ECHOLINE/PB drive/Projets
[2026-07-06 14:09:00] [SUCCESS] Permission appliquée: User 01 [write] -> Drive ECHOLINE/PB drive/Projets
[2026-07-06 14:09:00] [SUCCESS] Permission appliquée: Equipe INFRA [write] -> Drive ECHOLINE/PB drive/Projets
[2026-07-06 14:09:00] [WARN] Impossible de résoudre 'grp_test' dans le tenant destination - permission ignorée
[2026-07-06 14:09:00] [INFO] Traitement: /Drive ECHOLINE/PB drive/RIEN AJOUTER Dossiers clients/ (6 permission(s))
[2026-07-06 14:09:00] [INFO] === COPIE REELLE: Drive ECHOLINE/PB drive/RIEN AJOUTER Dossiers clients ===
[2026-07-06 14:09:01] [SUCCESS] Dossier cree: Drive ECHOLINE/PB drive/RIEN AJOUTER Dossiers clients
[2026-07-06 14:09:01] [WARN] Impossible de résoudre 'grp_test' dans le tenant destination - permission ignorée
[2026-07-06 14:09:01] [WARN] Pas de mappage pour: Propriétaires de SERVICES_GENERAUX () - permission ignorée sur Drive ECHOLINE/PB drive/RIEN AJOUTER Dossiers clients
[2026-07-06 14:09:01] [WARN] Pas de mappage pour: SERVICES_GENERAUX - Visiteurs () - permission ignorée sur Drive ECHOLINE/PB drive/RIEN AJOUTER Dossiers clients
[2026-07-06 14:09:01] [WARN] Pas de mappage pour: SERVICES_GENERAUX - Membres () - permission ignorée sur Drive ECHOLINE/PB drive/RIEN AJOUTER Dossiers clients
[2026-07-06 14:09:01] [SUCCESS] Permission appliquée: User 01 [write] -> Drive ECHOLINE/PB drive/RIEN AJOUTER Dossiers clients
[2026-07-06 14:09:01] [SUCCESS] Permission appliquée: Equipe INFRA [write] -> Drive ECHOLINE/PB drive/RIEN AJOUTER Dossiers clients
[2026-07-06 14:09:01] [INFO] Traitement: /Drive ECHOLINE/PB drive/SIGNAUX GIROD/ (6 permission(s))
[2026-07-06 14:09:01] [INFO] === COPIE REELLE: Drive ECHOLINE/PB drive/SIGNAUX GIROD ===
[2026-07-06 14:09:02] [SUCCESS] Dossier cree: Drive ECHOLINE/PB drive/SIGNAUX GIROD
[2026-07-06 14:09:02] [WARN] Impossible de résoudre 'grp_test' dans le tenant destination - permission ignorée
[2026-07-06 14:09:02] [SUCCESS] Permission appliquée: Equipe INFRA [write] -> Drive ECHOLINE/PB drive/SIGNAUX GIROD
[2026-07-06 14:09:02] [SUCCESS] Permission appliquée: User 01 [write] -> Drive ECHOLINE/PB drive/SIGNAUX GIROD
[2026-07-06 14:09:02] [WARN] Pas de mappage pour: SERVICES_GENERAUX - Membres () - permission ignorée sur Drive ECHOLINE/PB drive/SIGNAUX GIROD
[2026-07-06 14:09:02] [WARN] Pas de mappage pour: SERVICES_GENERAUX - Visiteurs () - permission ignorée sur Drive ECHOLINE/PB drive/SIGNAUX GIROD
[2026-07-06 14:09:02] [WARN] Pas de mappage pour: Propriétaires de SERVICES_GENERAUX () - permission ignorée sur Drive ECHOLINE/PB drive/SIGNAUX GIROD
[2026-07-06 14:09:02] [INFO] Traitement: /Drive ECHOLINE/PB drive/STERIS/ (6 permission(s))
[2026-07-06 14:09:02] [INFO] === COPIE REELLE: Drive ECHOLINE/PB drive/STERIS ===
[2026-07-06 14:09:03] [SUCCESS] Dossier cree: Drive ECHOLINE/PB drive/STERIS
[2026-07-06 14:09:03] [SUCCESS] Permission appliquée: Equipe INFRA [write] -> Drive ECHOLINE/PB drive/STERIS
[2026-07-06 14:09:04] [SUCCESS] Permission appliquée: User 01 [write] -> Drive ECHOLINE/PB drive/STERIS
[2026-07-06 14:09:04] [WARN] Pas de mappage pour: SERVICES_GENERAUX - Membres () - permission ignorée sur Drive ECHOLINE/PB drive/STERIS
[2026-07-06 14:09:04] [WARN] Pas de mappage pour: Propriétaires de SERVICES_GENERAUX () - permission ignorée sur Drive ECHOLINE/PB drive/STERIS
[2026-07-06 14:09:04] [WARN] Pas de mappage pour: SERVICES_GENERAUX - Visiteurs () - permission ignorée sur Drive ECHOLINE/PB drive/STERIS
[2026-07-06 14:09:04] [WARN] Impossible de résoudre 'grp_test' dans le tenant destination - permission ignorée
[2026-07-06 14:09:04] [INFO] Traitement: /Drive ECHOLINE/PB drive/THYSSENKRUPP/ (6 permission(s))
[2026-07-06 14:09:04] [INFO] === COPIE REELLE: Drive ECHOLINE/PB drive/THYSSENKRUPP ===
[2026-07-06 14:09:04] [SUCCESS] Dossier cree: Drive ECHOLINE/PB drive/THYSSENKRUPP
[2026-07-06 14:09:05] [SUCCESS] Permission appliquée: Equipe INFRA [write] -> Drive ECHOLINE/PB drive/THYSSENKRUPP
[2026-07-06 14:09:05] [SUCCESS] Permission appliquée: User 01 [write] -> Drive ECHOLINE/PB drive/THYSSENKRUPP
[2026-07-06 14:09:05] [WARN] Pas de mappage pour: SERVICES_GENERAUX - Membres () - permission ignorée sur Drive ECHOLINE/PB drive/THYSSENKRUPP
[2026-07-06 14:09:05] [WARN] Pas de mappage pour: SERVICES_GENERAUX - Visiteurs () - permission ignorée sur Drive ECHOLINE/PB drive/THYSSENKRUPP
[2026-07-06 14:09:05] [WARN] Pas de mappage pour: Propriétaires de SERVICES_GENERAUX () - permission ignorée sur Drive ECHOLINE/PB drive/THYSSENKRUPP
[2026-07-06 14:09:05] [WARN] Impossible de résoudre 'grp_test' dans le tenant destination - permission ignorée
[2026-07-06 14:09:05] [INFO] Traitement: /Drive ECHOLINE/PB drive/Union Invivo - Montoir de Bretagne/ (6 permission(s))
[2026-07-06 14:09:05] [INFO] === COPIE REELLE: Drive ECHOLINE/PB drive/Union Invivo - Montoir de Bretagne ===
[2026-07-06 14:09:05] [SUCCESS] Dossier cree: Drive ECHOLINE/PB drive/Union Invivo - Montoir de Bretagne
[2026-07-06 14:09:06] [SUCCESS] Permission appliquée: User 01 [write] -> Drive ECHOLINE/PB drive/Union Invivo - Montoir de Bretagne
[2026-07-06 14:09:06] [WARN] Pas de mappage pour: SERVICES_GENERAUX - Membres () - permission ignorée sur Drive ECHOLINE/PB drive/Union Invivo - Montoir de Bretagne
[2026-07-06 14:09:06] [WARN] Pas de mappage pour: SERVICES_GENERAUX - Visiteurs () - permission ignorée sur Drive ECHOLINE/PB drive/Union Invivo - Montoir de Bretagne
[2026-07-06 14:09:06] [WARN] Impossible de résoudre 'grp_test' dans le tenant destination - permission ignorée
[2026-07-06 14:09:06] [SUCCESS] Permission appliquée: Equipe INFRA [write] -> Drive ECHOLINE/PB drive/Union Invivo - Montoir de Bretagne
[2026-07-06 14:09:06] [WARN] Pas de mappage pour: Propriétaires de SERVICES_GENERAUX () - permission ignorée sur Drive ECHOLINE/PB drive/Union Invivo - Montoir de Bretagne
[2026-07-06 14:09:06] [INFO] Traitement: /Drive ECHOLINE/PB drive/Union Invivo - Nantes/ (6 permission(s))
[2026-07-06 14:09:06] [INFO] === COPIE REELLE: Drive ECHOLINE/PB drive/Union Invivo - Nantes ===
[2026-07-06 14:09:07] [SUCCESS] Dossier cree: Drive ECHOLINE/PB drive/Union Invivo - Nantes
[2026-07-06 14:09:07] [SUCCESS] Permission appliquée: Equipe INFRA [write] -> Drive ECHOLINE/PB drive/Union Invivo - Nantes
[2026-07-06 14:09:07] [SUCCESS] Permission appliquée: User 01 [write] -> Drive ECHOLINE/PB drive/Union Invivo - Nantes
[2026-07-06 14:09:07] [WARN] Pas de mappage pour: SERVICES_GENERAUX - Membres () - permission ignorée sur Drive ECHOLINE/PB drive/Union Invivo - Nantes
[2026-07-06 14:09:07] [WARN] Pas de mappage pour: SERVICES_GENERAUX - Visiteurs () - permission ignorée sur Drive ECHOLINE/PB drive/Union Invivo - Nantes
[2026-07-06 14:09:07] [WARN] Pas de mappage pour: Propriétaires de SERVICES_GENERAUX () - permission ignorée sur Drive ECHOLINE/PB drive/Union Invivo - Nantes
[2026-07-06 14:09:07] [WARN] Impossible de résoudre 'grp_test' dans le tenant destination - permission ignorée
[2026-07-06 14:09:07] [INFO] Traitement: /Drive ECHOLINE/PB drive/Union Invivo - Saint-usage/ (6 permission(s))
[2026-07-06 14:09:07] [INFO] === COPIE REELLE: Drive ECHOLINE/PB drive/Union Invivo - Saint-usage ===
[2026-07-06 14:09:08] [SUCCESS] Dossier cree: Drive ECHOLINE/PB drive/Union Invivo - Saint-usage
[2026-07-06 14:09:08] [WARN] Pas de mappage pour: Propriétaires de SERVICES_GENERAUX () - permission ignorée sur Drive ECHOLINE/PB drive/Union Invivo - Saint-usage
[2026-07-06 14:09:08] [WARN] Impossible de résoudre 'grp_test' dans le tenant destination - permission ignorée
[2026-07-06 14:09:08] [SUCCESS] Permission appliquée: Equipe INFRA [write] -> Drive ECHOLINE/PB drive/Union Invivo - Saint-usage
[2026-07-06 14:09:08] [SUCCESS] Permission appliquée: User 01 [write] -> Drive ECHOLINE/PB drive/Union Invivo - Saint-usage
[2026-07-06 14:09:08] [WARN] Pas de mappage pour: SERVICES_GENERAUX - Membres () - permission ignorée sur Drive ECHOLINE/PB drive/Union Invivo - Saint-usage
[2026-07-06 14:09:08] [WARN] Pas de mappage pour: SERVICES_GENERAUX - Visiteurs () - permission ignorée sur Drive ECHOLINE/PB drive/Union Invivo - Saint-usage
[2026-07-06 14:09:08] [INFO] Traitement: /Drive ECHOLINE/PB drive/Union Invivo Chalon en Champagne/ (6 permission(s))
[2026-07-06 14:09:08] [INFO] === COPIE REELLE: Drive ECHOLINE/PB drive/Union Invivo Chalon en Champagne ===
[2026-07-06 14:09:09] [SUCCESS] Dossier cree: Drive ECHOLINE/PB drive/Union Invivo Chalon en Champagne
[2026-07-06 14:09:10] [WARN] Impossible de résoudre 'grp_test' dans le tenant destination - permission ignorée
[2026-07-06 14:09:10] [SUCCESS] Permission appliquée: User 01 [write] -> Drive ECHOLINE/PB drive/Union Invivo Chalon en Champagne
[2026-07-06 14:09:10] [WARN] Pas de mappage pour: SERVICES_GENERAUX - Membres () - permission ignorée sur Drive ECHOLINE/PB drive/Union Invivo Chalon en Champagne
[2026-07-06 14:09:10] [WARN] Pas de mappage pour: SERVICES_GENERAUX - Visiteurs () - permission ignorée sur Drive ECHOLINE/PB drive/Union Invivo Chalon en Champagne
[2026-07-06 14:09:10] [SUCCESS] Permission appliquée: Equipe INFRA [write] -> Drive ECHOLINE/PB drive/Union Invivo Chalon en Champagne
[2026-07-06 14:09:10] [WARN] Pas de mappage pour: Propriétaires de SERVICES_GENERAUX () - permission ignorée sur Drive ECHOLINE/PB drive/Union Invivo Chalon en Champagne
[2026-07-06 14:09:10] [INFO] Traitement: /Drive ECHOLINE/PB drive/Union Invivo Metz/ (6 permission(s))
[2026-07-06 14:09:10] [INFO] === COPIE REELLE: Drive ECHOLINE/PB drive/Union Invivo Metz ===
[2026-07-06 14:09:11] [SUCCESS] Dossier cree: Drive ECHOLINE/PB drive/Union Invivo Metz
[2026-07-06 14:09:11] [WARN] Pas de mappage pour: SERVICES_GENERAUX - Membres () - permission ignorée sur Drive ECHOLINE/PB drive/Union Invivo Metz
[2026-07-06 14:09:11] [WARN] Pas de mappage pour: Propriétaires de SERVICES_GENERAUX () - permission ignorée sur Drive ECHOLINE/PB drive/Union Invivo Metz
[2026-07-06 14:09:11] [WARN] Pas de mappage pour: SERVICES_GENERAUX - Visiteurs () - permission ignorée sur Drive ECHOLINE/PB drive/Union Invivo Metz
[2026-07-06 14:09:11] [SUCCESS] Permission appliquée: User 01 [write] -> Drive ECHOLINE/PB drive/Union Invivo Metz
[2026-07-06 14:09:11] [SUCCESS] Permission appliquée: Equipe INFRA [write] -> Drive ECHOLINE/PB drive/Union Invivo Metz
[2026-07-06 14:09:11] [WARN] Impossible de résoudre 'grp_test' dans le tenant destination - permission ignorée
[2026-07-06 14:09:11] [INFO] Traitement: /Drive ECHOLINE/PB drive/VALOREM/ (6 permission(s))
[2026-07-06 14:09:11] [INFO] === COPIE REELLE: Drive ECHOLINE/PB drive/VALOREM ===
[2026-07-06 14:09:12] [SUCCESS] Dossier cree: Drive ECHOLINE/PB drive/VALOREM
[2026-07-06 14:09:12] [WARN] Impossible de résoudre 'grp_test' dans le tenant destination - permission ignorée
[2026-07-06 14:09:12] [WARN] Pas de mappage pour: Propriétaires de SERVICES_GENERAUX () - permission ignorée sur Drive ECHOLINE/PB drive/VALOREM
[2026-07-06 14:09:12] [WARN] Pas de mappage pour: SERVICES_GENERAUX - Membres () - permission ignorée sur Drive ECHOLINE/PB drive/VALOREM
[2026-07-06 14:09:12] [SUCCESS] Permission appliquée: User 01 [write] -> Drive ECHOLINE/PB drive/VALOREM
[2026-07-06 14:09:12] [SUCCESS] Permission appliquée: Equipe INFRA [write] -> Drive ECHOLINE/PB drive/VALOREM
[2026-07-06 14:09:12] [WARN] Pas de mappage pour: SERVICES_GENERAUX - Visiteurs () - permission ignorée sur Drive ECHOLINE/PB drive/VALOREM
[2026-07-06 14:09:12] [INFO] Traitement: /Drive ECHOLINE/PB drive/VILLEROY ET BOCH/ (6 permission(s))
[2026-07-06 14:09:12] [INFO] === COPIE REELLE: Drive ECHOLINE/PB drive/VILLEROY ET BOCH ===
[2026-07-06 14:09:13] [SUCCESS] Dossier cree: Drive ECHOLINE/PB drive/VILLEROY ET BOCH
[2026-07-06 14:09:13] [WARN] Pas de mappage pour: Propriétaires de SERVICES_GENERAUX () - permission ignorée sur Drive ECHOLINE/PB drive/VILLEROY ET BOCH
[2026-07-06 14:09:13] [WARN] Pas de mappage pour: SERVICES_GENERAUX - Visiteurs () - permission ignorée sur Drive ECHOLINE/PB drive/VILLEROY ET BOCH
[2026-07-06 14:09:13] [WARN] Pas de mappage pour: SERVICES_GENERAUX - Membres () - permission ignorée sur Drive ECHOLINE/PB drive/VILLEROY ET BOCH
[2026-07-06 14:09:13] [SUCCESS] Permission appliquée: User 01 [write] -> Drive ECHOLINE/PB drive/VILLEROY ET BOCH
[2026-07-06 14:09:14] [SUCCESS] Permission appliquée: Equipe INFRA [write] -> Drive ECHOLINE/PB drive/VILLEROY ET BOCH
[2026-07-06 14:09:14] [WARN] Impossible de résoudre 'grp_test' dans le tenant destination - permission ignorée
[2026-07-06 14:09:14] [INFO] Traitement: /Drive ECHOLINE/PB drive/Visites/ (6 permission(s))
[2026-07-06 14:09:14] [INFO] === COPIE REELLE: Drive ECHOLINE/PB drive/Visites ===
[2026-07-06 14:09:14] [SUCCESS] Dossier cree: Drive ECHOLINE/PB drive/Visites
[2026-07-06 14:09:15] [SUCCESS] Permission appliquée: Equipe INFRA [write] -> Drive ECHOLINE/PB drive/Visites
[2026-07-06 14:09:15] [WARN] Impossible de résoudre 'grp_test' dans le tenant destination - permission ignorée
[2026-07-06 14:09:15] [WARN] Pas de mappage pour: SERVICES_GENERAUX - Membres () - permission ignorée sur Drive ECHOLINE/PB drive/Visites
[2026-07-06 14:09:15] [WARN] Pas de mappage pour: Propriétaires de SERVICES_GENERAUX () - permission ignorée sur Drive ECHOLINE/PB drive/Visites
[2026-07-06 14:09:15] [WARN] Pas de mappage pour: SERVICES_GENERAUX - Visiteurs () - permission ignorée sur Drive ECHOLINE/PB drive/Visites
[2026-07-06 14:09:15] [SUCCESS] Permission appliquée: User 01 [write] -> Drive ECHOLINE/PB drive/Visites
[2026-07-06 14:09:15] [INFO] Traitement: /emailaddress.csv (5 permission(s))
[2026-07-06 14:09:15] [INFO] === COPIE REELLE: emailaddress.csv ===
[2026-07-06 14:09:16] [SUCCESS] === FICHIER COPIE AVEC SUCCES: emailaddress.csv ===
[2026-07-06 14:09:16] [WARN] Pas de mappage pour: Propriétaires de SERVICES_GENERAUX () - permission ignorée sur emailaddress.csv
[2026-07-06 14:09:16] [WARN] Pas de mappage pour: SERVICES_GENERAUX - Membres () - permission ignorée sur emailaddress.csv
[2026-07-06 14:09:16] [SUCCESS] Permission appliquée: Equipe INFRA [write] -> emailaddress.csv
[2026-07-06 14:09:16] [WARN] Impossible de résoudre 'grp_test' dans le tenant destination - permission ignorée
[2026-07-06 14:09:16] [WARN] Pas de mappage pour: SERVICES_GENERAUX - Visiteurs () - permission ignorée sur emailaddress.csv
[2026-07-06 14:09:16] [INFO] Traitement: /Members_.csv (5 permission(s))
[2026-07-06 14:09:16] [INFO] === COPIE REELLE: Members_.csv ===
[2026-07-06 14:09:22] [SUCCESS] === FICHIER COPIE AVEC SUCCES: Members_.csv ===
[2026-07-06 14:09:22] [WARN] Pas de mappage pour: Propriétaires de SERVICES_GENERAUX () - permission ignorée sur Members_.csv
[2026-07-06 14:09:22] [WARN] Pas de mappage pour: SERVICES_GENERAUX - Visiteurs () - permission ignorée sur Members_.csv
[2026-07-06 14:09:23] [SUCCESS] Permission appliquée: Equipe INFRA [write] -> Members_.csv
[2026-07-06 14:09:23] [WARN] Impossible de résoudre 'grp_test' dans le tenant destination - permission ignorée
[2026-07-06 14:09:23] [WARN] Pas de mappage pour: SERVICES_GENERAUX - Membres () - permission ignorée sur Members_.csv
[2026-07-06 14:09:23] [INFO] Traitement: /Members_support.csv (5 permission(s))
[2026-07-06 14:09:23] [INFO] === COPIE REELLE: Members_support.csv ===
[2026-07-06 14:09:23] [SUCCESS] === FICHIER COPIE AVEC SUCCES: Members_support.csv ===
[2026-07-06 14:09:24] [SUCCESS] Permission appliquée: Equipe INFRA [write] -> Members_support.csv
[2026-07-06 14:09:24] [WARN] Pas de mappage pour: Propriétaires de SERVICES_GENERAUX () - permission ignorée sur Members_support.csv
[2026-07-06 14:09:24] [WARN] Pas de mappage pour: SERVICES_GENERAUX - Visiteurs () - permission ignorée sur Members_support.csv
[2026-07-06 14:09:24] [WARN] Pas de mappage pour: SERVICES_GENERAUX - Membres () - permission ignorée sur Members_support.csv
[2026-07-06 14:09:24] [WARN] Impossible de résoudre 'grp_test' dans le tenant destination - permission ignorée
[2026-07-06 14:09:24] [INFO] Traitement: /SCRIPT/ (5 permission(s))
[2026-07-06 14:09:24] [INFO] === COPIE REELLE: SCRIPT ===
[2026-07-06 14:09:24] [SUCCESS] Dossier cree: SCRIPT
[2026-07-06 14:09:24] [WARN] Pas de mappage pour: SERVICES_GENERAUX - Membres () - permission ignorée sur SCRIPT
[2026-07-06 14:09:24] [WARN] Pas de mappage pour: SERVICES_GENERAUX - Visiteurs () - permission ignorée sur SCRIPT
[2026-07-06 14:09:24] [WARN] Impossible de résoudre 'grp_test' dans le tenant destination - permission ignorée
[2026-07-06 14:09:24] [WARN] Pas de mappage pour: Propriétaires de SERVICES_GENERAUX () - permission ignorée sur SCRIPT
[2026-07-06 14:09:25] [SUCCESS] Permission appliquée: Equipe INFRA [write] -> SCRIPT
[2026-07-06 14:09:25] [INFO] Traitement: /SCRIPT/ajout_DKIM_PS.txt (5 permission(s))
[2026-07-06 14:09:25] [INFO] === COPIE REELLE: SCRIPT/ajout_DKIM_PS.txt ===
[2026-07-06 14:09:26] [SUCCESS] === FICHIER COPIE AVEC SUCCES: SCRIPT/ajout_DKIM_PS.txt ===
[2026-07-06 14:09:26] [WARN] Pas de mappage pour: Propriétaires de SERVICES_GENERAUX () - permission ignorée sur SCRIPT/ajout_DKIM_PS.txt
[2026-07-06 14:09:26] [WARN] Pas de mappage pour: SERVICES_GENERAUX - Visiteurs () - permission ignorée sur SCRIPT/ajout_DKIM_PS.txt
[2026-07-06 14:09:26] [WARN] Pas de mappage pour: SERVICES_GENERAUX - Membres () - permission ignorée sur SCRIPT/ajout_DKIM_PS.txt
[2026-07-06 14:09:26] [SUCCESS] Permission appliquée: Equipe INFRA [write] -> SCRIPT/ajout_DKIM_PS.txt
[2026-07-06 14:09:26] [WARN] Impossible de résoudre 'grp_test' dans le tenant destination - permission ignorée
[2026-07-06 14:09:26] [INFO] Traitement: /SCRIPT/conf_POSTFIX_Domaine.txt (5 permission(s))
[2026-07-06 14:09:26] [INFO] === COPIE REELLE: SCRIPT/conf_POSTFIX_Domaine.txt ===
[2026-07-06 14:09:27] [SUCCESS] === FICHIER COPIE AVEC SUCCES: SCRIPT/conf_POSTFIX_Domaine.txt ===
[2026-07-06 14:09:27] [WARN] Pas de mappage pour: SERVICES_GENERAUX - Visiteurs () - permission ignorée sur SCRIPT/conf_POSTFIX_Domaine.txt
[2026-07-06 14:09:27] [WARN] Pas de mappage pour: SERVICES_GENERAUX - Membres () - permission ignorée sur SCRIPT/conf_POSTFIX_Domaine.txt
[2026-07-06 14:09:27] [WARN] Impossible de résoudre 'grp_test' dans le tenant destination - permission ignorée
[2026-07-06 14:09:28] [SUCCESS] Permission appliquée: Equipe INFRA [write] -> SCRIPT/conf_POSTFIX_Domaine.txt
[2026-07-06 14:09:28] [WARN] Pas de mappage pour: Propriétaires de SERVICES_GENERAUX () - permission ignorée sur SCRIPT/conf_POSTFIX_Domaine.txt
[2026-07-06 14:09:28] [INFO] Traitement: /SCRIPT/EOm8Q~EPBhXvVx5eeRrXdYK5wljgxyS6bGm.txt (5 permission(s))
[2026-07-06 14:09:28] [INFO] === COPIE REELLE: SCRIPT/EOm8Q~EPBhXvVx5eeRrXdYK5wljgxyS6bGm.txt ===
[2026-07-06 14:09:29] [SUCCESS] === FICHIER COPIE AVEC SUCCES: SCRIPT/EOm8Q~EPBhXvVx5eeRrXdYK5wljgxyS6bGm.txt ===
[2026-07-06 14:09:29] [WARN] Pas de mappage pour: Propriétaires de SERVICES_GENERAUX () - permission ignorée sur SCRIPT/EOm8Q~EPBhXvVx5eeRrXdYK5wljgxyS6bGm.txt
[2026-07-06 14:09:29] [WARN] Pas de mappage pour: SERVICES_GENERAUX - Visiteurs () - permission ignorée sur SCRIPT/EOm8Q~EPBhXvVx5eeRrXdYK5wljgxyS6bGm.txt
[2026-07-06 14:09:29] [WARN] Pas de mappage pour: SERVICES_GENERAUX - Membres () - permission ignorée sur SCRIPT/EOm8Q~EPBhXvVx5eeRrXdYK5wljgxyS6bGm.txt
[2026-07-06 14:09:29] [SUCCESS] Permission appliquée: Equipe INFRA [write] -> SCRIPT/EOm8Q~EPBhXvVx5eeRrXdYK5wljgxyS6bGm.txt
[2026-07-06 14:09:29] [WARN] Impossible de résoudre 'grp_test' dans le tenant destination - permission ignorée
[2026-07-06 14:09:29] [INFO] Traitement: /SCRIPT/Extraction_AD_BAUNETZ.ps1 (5 permission(s))
[2026-07-06 14:09:29] [INFO] === COPIE REELLE: SCRIPT/Extraction_AD_BAUNETZ.ps1 ===
[2026-07-06 14:09:30] [SUCCESS] === FICHIER COPIE AVEC SUCCES: SCRIPT/Extraction_AD_BAUNETZ.ps1 ===
[2026-07-06 14:09:30] [SUCCESS] Permission appliquée: Equipe INFRA [write] -> SCRIPT/Extraction_AD_BAUNETZ.ps1
[2026-07-06 14:09:31] [WARN] Impossible de résoudre 'grp_test' dans le tenant destination - permission ignorée
[2026-07-06 14:09:31] [WARN] Pas de mappage pour: SERVICES_GENERAUX - Visiteurs () - permission ignorée sur SCRIPT/Extraction_AD_BAUNETZ.ps1
[2026-07-06 14:09:31] [WARN] Pas de mappage pour: Propriétaires de SERVICES_GENERAUX () - permission ignorée sur SCRIPT/Extraction_AD_BAUNETZ.ps1
[2026-07-06 14:09:31] [WARN] Pas de mappage pour: SERVICES_GENERAUX - Membres () - permission ignorée sur SCRIPT/Extraction_AD_BAUNETZ.ps1
[2026-07-06 14:09:31] [INFO] Traitement: /SCRIPT/import_onedrive.csv (5 permission(s))
[2026-07-06 14:09:31] [INFO] === COPIE REELLE: SCRIPT/import_onedrive.csv ===
[2026-07-06 14:09:32] [SUCCESS] === FICHIER COPIE AVEC SUCCES: SCRIPT/import_onedrive.csv ===
[2026-07-06 14:09:32] [WARN] Pas de mappage pour: Propriétaires de SERVICES_GENERAUX () - permission ignorée sur SCRIPT/import_onedrive.csv
[2026-07-06 14:09:32] [WARN] Pas de mappage pour: SERVICES_GENERAUX - Visiteurs () - permission ignorée sur SCRIPT/import_onedrive.csv
[2026-07-06 14:09:32] [WARN] Pas de mappage pour: SERVICES_GENERAUX - Membres () - permission ignorée sur SCRIPT/import_onedrive.csv
[2026-07-06 14:09:32] [SUCCESS] Permission appliquée: Equipe INFRA [write] -> SCRIPT/import_onedrive.csv
[2026-07-06 14:09:32] [WARN] Impossible de résoudre 'grp_test' dans le tenant destination - permission ignorée
[2026-07-06 14:09:32] [INFO] Traitement: /SCRIPT/mail_secondaire.csv (5 permission(s))
[2026-07-06 14:09:32] [INFO] === COPIE REELLE: SCRIPT/mail_secondaire.csv ===
[2026-07-06 14:09:33] [SUCCESS] === FICHIER COPIE AVEC SUCCES: SCRIPT/mail_secondaire.csv ===
[2026-07-06 14:09:33] [WARN] Impossible de résoudre 'grp_test' dans le tenant destination - permission ignorée
[2026-07-06 14:09:33] [WARN] Pas de mappage pour: Propriétaires de SERVICES_GENERAUX () - permission ignorée sur SCRIPT/mail_secondaire.csv
[2026-07-06 14:09:33] [WARN] Pas de mappage pour: SERVICES_GENERAUX - Visiteurs () - permission ignorée sur SCRIPT/mail_secondaire.csv
[2026-07-06 14:09:33] [WARN] Pas de mappage pour: SERVICES_GENERAUX - Membres () - permission ignorée sur SCRIPT/mail_secondaire.csv
[2026-07-06 14:09:33] [SUCCESS] Permission appliquée: Equipe INFRA [write] -> SCRIPT/mail_secondaire.csv
[2026-07-06 14:09:33] [INFO] Traitement: /SCRIPT/migrationwiz_import_email_email (1).csv (5 permission(s))
[2026-07-06 14:09:33] [INFO] === COPIE REELLE: SCRIPT/migrationwiz_import_email_email (1).csv ===
[2026-07-06 14:09:34] [SUCCESS] === FICHIER COPIE AVEC SUCCES: SCRIPT/migrationwiz_import_email_email (1).csv ===
[2026-07-06 14:09:34] [WARN] Pas de mappage pour: SERVICES_GENERAUX - Visiteurs () - permission ignorée sur SCRIPT/migrationwiz_import_email_email (1).csv
[2026-07-06 14:09:34] [WARN] Pas de mappage pour: SERVICES_GENERAUX - Membres () - permission ignorée sur SCRIPT/migrationwiz_import_email_email (1).csv
[2026-07-06 14:09:35] [SUCCESS] Permission appliquée: Equipe INFRA [write] -> SCRIPT/migrationwiz_import_email_email (1).csv
[2026-07-06 14:09:35] [WARN] Pas de mappage pour: Propriétaires de SERVICES_GENERAUX () - permission ignorée sur SCRIPT/migrationwiz_import_email_email (1).csv
[2026-07-06 14:09:35] [WARN] Impossible de résoudre 'grp_test' dans le tenant destination - permission ignorée
[2026-07-06 14:09:35] [INFO] Traitement: /SCRIPT/Murge_BAL_Important!!.txt (5 permission(s))
[2026-07-06 14:09:35] [INFO] === COPIE REELLE: SCRIPT/Murge_BAL_Important!!.txt ===
[2026-07-06 14:09:35] [SUCCESS] === FICHIER COPIE AVEC SUCCES: SCRIPT/Murge_BAL_Important!!.txt ===
[2026-07-06 14:09:36] [WARN] Pas de mappage pour: Propriétaires de SERVICES_GENERAUX () - permission ignorée sur SCRIPT/Murge_BAL_Important!!.txt
[2026-07-06 14:09:36] [WARN] Pas de mappage pour: SERVICES_GENERAUX - Visiteurs () - permission ignorée sur SCRIPT/Murge_BAL_Important!!.txt
[2026-07-06 14:09:36] [SUCCESS] Permission appliquée: Equipe INFRA [write] -> SCRIPT/Murge_BAL_Important!!.txt
[2026-07-06 14:09:36] [WARN] Impossible de résoudre 'grp_test' dans le tenant destination - permission ignorée
[2026-07-06 14:09:36] [WARN] Pas de mappage pour: SERVICES_GENERAUX - Membres () - permission ignorée sur SCRIPT/Murge_BAL_Important!!.txt
[2026-07-06 14:09:36] [INFO] Traitement: /SCRIPT/nouveau 10.txt (5 permission(s))
[2026-07-06 14:09:36] [INFO] === COPIE REELLE: SCRIPT/nouveau 10.txt ===
[2026-07-06 14:09:37] [SUCCESS] === FICHIER COPIE AVEC SUCCES: SCRIPT/nouveau 10.txt ===
[2026-07-06 14:09:37] [WARN] Pas de mappage pour: Propriétaires de SERVICES_GENERAUX () - permission ignorée sur SCRIPT/nouveau 10.txt
[2026-07-06 14:09:37] [WARN] Pas de mappage pour: SERVICES_GENERAUX - Membres () - permission ignorée sur SCRIPT/nouveau 10.txt
[2026-07-06 14:09:37] [SUCCESS] Permission appliquée: Equipe INFRA [write] -> SCRIPT/nouveau 10.txt
[2026-07-06 14:09:37] [WARN] Impossible de résoudre 'grp_test' dans le tenant destination - permission ignorée
[2026-07-06 14:09:37] [WARN] Pas de mappage pour: SERVICES_GENERAUX - Visiteurs () - permission ignorée sur SCRIPT/nouveau 10.txt
[2026-07-06 14:09:37] [INFO] Traitement: /SCRIPT/nouveau 12.txt (5 permission(s))
[2026-07-06 14:09:37] [INFO] === COPIE REELLE: SCRIPT/nouveau 12.txt ===
[2026-07-06 14:09:38] [SUCCESS] === FICHIER COPIE AVEC SUCCES: SCRIPT/nouveau 12.txt ===
[2026-07-06 14:09:39] [WARN] Pas de mappage pour: SERVICES_GENERAUX - Visiteurs () - permission ignorée sur SCRIPT/nouveau 12.txt
[2026-07-06 14:09:39] [SUCCESS] Permission appliquée: Equipe INFRA [write] -> SCRIPT/nouveau 12.txt
[2026-07-06 14:09:39] [WARN] Pas de mappage pour: SERVICES_GENERAUX - Membres () - permission ignorée sur SCRIPT/nouveau 12.txt
[2026-07-06 14:09:39] [WARN] Pas de mappage pour: Propriétaires de SERVICES_GENERAUX () - permission ignorée sur SCRIPT/nouveau 12.txt
[2026-07-06 14:09:39] [WARN] Impossible de résoudre 'grp_test' dans le tenant destination - permission ignorée
[2026-07-06 14:09:39] [INFO] Traitement: /SCRIPT/Nouveau Document texte.csv (5 permission(s))
[2026-07-06 14:09:39] [INFO] === COPIE REELLE: SCRIPT/Nouveau Document texte.csv ===
[2026-07-06 14:09:40] [SUCCESS] === FICHIER COPIE AVEC SUCCES: SCRIPT/Nouveau Document texte.csv ===
[2026-07-06 14:09:40] [WARN] Impossible de résoudre 'grp_test' dans le tenant destination - permission ignorée
[2026-07-06 14:09:40] [SUCCESS] Permission appliquée: Equipe INFRA [write] -> SCRIPT/Nouveau Document texte.csv
[2026-07-06 14:09:40] [WARN] Pas de mappage pour: SERVICES_GENERAUX - Membres () - permission ignorée sur SCRIPT/Nouveau Document texte.csv
[2026-07-06 14:09:40] [WARN] Pas de mappage pour: SERVICES_GENERAUX - Visiteurs () - permission ignorée sur SCRIPT/Nouveau Document texte.csv
[2026-07-06 14:09:40] [WARN] Pas de mappage pour: Propriétaires de SERVICES_GENERAUX () - permission ignorée sur SCRIPT/Nouveau Document texte.csv
[2026-07-06 14:09:40] [INFO] Traitement: /SCRIPT/Post_Fixe.txt (5 permission(s))
[2026-07-06 14:09:40] [INFO] === COPIE REELLE: SCRIPT/Post_Fixe.txt ===
[2026-07-06 14:09:41] [SUCCESS] === FICHIER COPIE AVEC SUCCES: SCRIPT/Post_Fixe.txt ===
[2026-07-06 14:09:42] [WARN] Pas de mappage pour: SERVICES_GENERAUX - Membres () - permission ignorée sur SCRIPT/Post_Fixe.txt
[2026-07-06 14:09:42] [WARN] Impossible de résoudre 'grp_test' dans le tenant destination - permission ignorée
[2026-07-06 14:09:42] [WARN] Pas de mappage pour: SERVICES_GENERAUX - Visiteurs () - permission ignorée sur SCRIPT/Post_Fixe.txt
[2026-07-06 14:09:42] [SUCCESS] Permission appliquée: Equipe INFRA [write] -> SCRIPT/Post_Fixe.txt
[2026-07-06 14:09:42] [WARN] Pas de mappage pour: Propriétaires de SERVICES_GENERAUX () - permission ignorée sur SCRIPT/Post_Fixe.txt
[2026-07-06 14:09:42] [INFO] Traitement: /SCRIPT/Postfix.txt (5 permission(s))
[2026-07-06 14:09:42] [INFO] === COPIE REELLE: SCRIPT/Postfix.txt ===
[2026-07-06 14:09:43] [SUCCESS] === FICHIER COPIE AVEC SUCCES: SCRIPT/Postfix.txt ===
[2026-07-06 14:09:43] [WARN] Pas de mappage pour: SERVICES_GENERAUX - Visiteurs () - permission ignorée sur SCRIPT/Postfix.txt
[2026-07-06 14:09:43] [WARN] Pas de mappage pour: SERVICES_GENERAUX - Membres () - permission ignorée sur SCRIPT/Postfix.txt
[2026-07-06 14:09:43] [SUCCESS] Permission appliquée: Equipe INFRA [write] -> SCRIPT/Postfix.txt
[2026-07-06 14:09:43] [WARN] Impossible de résoudre 'grp_test' dans le tenant destination - permission ignorée
[2026-07-06 14:09:43] [WARN] Pas de mappage pour: Propriétaires de SERVICES_GENERAUX () - permission ignorée sur SCRIPT/Postfix.txt
[2026-07-06 14:09:43] [INFO] Traitement: /SCRIPT/script_activation_user_AD.txt (5 permission(s))
[2026-07-06 14:09:43] [INFO] === COPIE REELLE: SCRIPT/script_activation_user_AD.txt ===
[2026-07-06 14:09:44] [SUCCESS] === FICHIER COPIE AVEC SUCCES: SCRIPT/script_activation_user_AD.txt ===
[2026-07-06 14:09:44] [WARN] Pas de mappage pour: Propriétaires de SERVICES_GENERAUX () - permission ignorée sur SCRIPT/script_activation_user_AD.txt
[2026-07-06 14:09:44] [WARN] Pas de mappage pour: SERVICES_GENERAUX - Membres () - permission ignorée sur SCRIPT/script_activation_user_AD.txt
[2026-07-06 14:09:44] [WARN] Impossible de résoudre 'grp_test' dans le tenant destination - permission ignorée
[2026-07-06 14:09:44] [SUCCESS] Permission appliquée: Equipe INFRA [write] -> SCRIPT/script_activation_user_AD.txt
[2026-07-06 14:09:44] [WARN] Pas de mappage pour: SERVICES_GENERAUX - Visiteurs () - permission ignorée sur SCRIPT/script_activation_user_AD.txt
[2026-07-06 14:09:44] [INFO] Traitement: /SCRIPT/script_ajout_adressemail_secondaire_proxyadress.txt (5 permission(s))
[2026-07-06 14:09:44] [INFO] === COPIE REELLE: SCRIPT/script_ajout_adressemail_secondaire_proxyadress.txt ===
[2026-07-06 14:09:45] [SUCCESS] === FICHIER COPIE AVEC SUCCES: SCRIPT/script_ajout_adressemail_secondaire_proxyadress.txt ===
[2026-07-06 14:09:46] [WARN] Pas de mappage pour: Propriétaires de SERVICES_GENERAUX () - permission ignorée sur SCRIPT/script_ajout_adressemail_secondaire_proxyadress.txt
[2026-07-06 14:09:46] [WARN] Pas de mappage pour: SERVICES_GENERAUX - Visiteurs () - permission ignorée sur SCRIPT/script_ajout_adressemail_secondaire_proxyadress.txt
[2026-07-06 14:09:46] [WARN] Pas de mappage pour: SERVICES_GENERAUX - Membres () - permission ignorée sur SCRIPT/script_ajout_adressemail_secondaire_proxyadress.txt
[2026-07-06 14:09:46] [SUCCESS] Permission appliquée: Equipe INFRA [write] -> SCRIPT/script_ajout_adressemail_secondaire_proxyadress.txt
[2026-07-06 14:09:46] [WARN] Impossible de résoudre 'grp_test' dans le tenant destination - permission ignorée
[2026-07-06 14:09:46] [INFO] Traitement: /SCRIPT/script_ajout_champs_mail_en_masse.txt (5 permission(s))
[2026-07-06 14:09:46] [INFO] === COPIE REELLE: SCRIPT/script_ajout_champs_mail_en_masse.txt ===
[2026-07-06 14:09:47] [SUCCESS] === FICHIER COPIE AVEC SUCCES: SCRIPT/script_ajout_champs_mail_en_masse.txt ===
[2026-07-06 14:09:47] [WARN] Impossible de résoudre 'grp_test' dans le tenant destination - permission ignorée
[2026-07-06 14:09:47] [SUCCESS] Permission appliquée: Equipe INFRA [write] -> SCRIPT/script_ajout_champs_mail_en_masse.txt
[2026-07-06 14:09:47] [WARN] Pas de mappage pour: SERVICES_GENERAUX - Visiteurs () - permission ignorée sur SCRIPT/script_ajout_champs_mail_en_masse.txt
[2026-07-06 14:09:47] [WARN] Pas de mappage pour: SERVICES_GENERAUX - Membres () - permission ignorée sur SCRIPT/script_ajout_champs_mail_en_masse.txt
[2026-07-06 14:09:47] [WARN] Pas de mappage pour: Propriétaires de SERVICES_GENERAUX () - permission ignorée sur SCRIPT/script_ajout_champs_mail_en_masse.txt
[2026-07-06 14:09:47] [INFO] Traitement: /SCRIPT/Script_ajout_compte_admin_dans_les_sites_sharepoint.txt (5 permission(s))
[2026-07-06 14:09:47] [INFO] === COPIE REELLE: SCRIPT/Script_ajout_compte_admin_dans_les_sites_sharepoint.txt ===
[2026-07-06 14:09:48] [SUCCESS] === FICHIER COPIE AVEC SUCCES: SCRIPT/Script_ajout_compte_admin_dans_les_sites_sharepoint.txt ===
[2026-07-06 14:09:48] [WARN] Pas de mappage pour: SERVICES_GENERAUX - Visiteurs () - permission ignorée sur SCRIPT/Script_ajout_compte_admin_dans_les_sites_sharepoint.txt
[2026-07-06 14:09:48] [WARN] Pas de mappage pour: Propriétaires de SERVICES_GENERAUX () - permission ignorée sur SCRIPT/Script_ajout_compte_admin_dans_les_sites_sharepoint.txt
[2026-07-06 14:09:49] [SUCCESS] Permission appliquée: Equipe INFRA [write] -> SCRIPT/Script_ajout_compte_admin_dans_les_sites_sharepoint.txt
[2026-07-06 14:09:49] [WARN] Impossible de résoudre 'grp_test' dans le tenant destination - permission ignorée
[2026-07-06 14:09:49] [WARN] Pas de mappage pour: SERVICES_GENERAUX - Membres () - permission ignorée sur SCRIPT/Script_ajout_compte_admin_dans_les_sites_sharepoint.txt
[2026-07-06 14:09:49] [INFO] Traitement: /SCRIPT/Script_ajout_délegation_FullAcces_BP.txt (5 permission(s))
[2026-07-06 14:09:49] [INFO] === COPIE REELLE: SCRIPT/Script_ajout_délegation_FullAcces_BP.txt ===
[2026-07-06 14:09:50] [SUCCESS] === FICHIER COPIE AVEC SUCCES: SCRIPT/Script_ajout_délegation_FullAcces_BP.txt ===
[2026-07-06 14:09:50] [WARN] Pas de mappage pour: SERVICES_GENERAUX - Membres () - permission ignorée sur SCRIPT/Script_ajout_délegation_FullAcces_BP.txt
[2026-07-06 14:09:50] [WARN] Pas de mappage pour: Propriétaires de SERVICES_GENERAUX () - permission ignorée sur SCRIPT/Script_ajout_délegation_FullAcces_BP.txt
[2026-07-06 14:09:50] [WARN] Impossible de résoudre 'grp_test' dans le tenant destination - permission ignorée
[2026-07-06 14:09:50] [SUCCESS] Permission appliquée: Equipe INFRA [write] -> SCRIPT/Script_ajout_délegation_FullAcces_BP.txt
[2026-07-06 14:09:50] [WARN] Pas de mappage pour: SERVICES_GENERAUX - Visiteurs () - permission ignorée sur SCRIPT/Script_ajout_délegation_FullAcces_BP.txt
[2026-07-06 14:09:50] [INFO] Traitement: /SCRIPT/script_ajout_mailsecondaire_proxyadress_plusieursdomaine.txt (5 permission(s))
[2026-07-06 14:09:50] [INFO] === COPIE REELLE: SCRIPT/script_ajout_mailsecondaire_proxyadress_plusieursdomaine.txt ===
[2026-07-06 14:09:51] [SUCCESS] === FICHIER COPIE AVEC SUCCES: SCRIPT/script_ajout_mailsecondaire_proxyadress_plusieursdomaine.txt ===
[2026-07-06 14:09:51] [WARN] Pas de mappage pour: Propriétaires de SERVICES_GENERAUX () - permission ignorée sur SCRIPT/script_ajout_mailsecondaire_proxyadress_plusieursdomaine.txt
[2026-07-06 14:09:51] [WARN] Pas de mappage pour: SERVICES_GENERAUX - Visiteurs () - permission ignorée sur SCRIPT/script_ajout_mailsecondaire_proxyadress_plusieursdomaine.txt
[2026-07-06 14:09:51] [WARN] Pas de mappage pour: SERVICES_GENERAUX - Membres () - permission ignorée sur SCRIPT/script_ajout_mailsecondaire_proxyadress_plusieursdomaine.txt
[2026-07-06 14:09:51] [SUCCESS] Permission appliquée: Equipe INFRA [write] -> SCRIPT/script_ajout_mailsecondaire_proxyadress_plusieursdomaine.txt
[2026-07-06 14:09:51] [WARN] Impossible de résoudre 'grp_test' dans le tenant destination - permission ignorée
[2026-07-06 14:09:51] [INFO] Traitement: /SCRIPT/script_ajout_SMTP_proxyadress_en_masse.txt (5 permission(s))
[2026-07-06 14:09:51] [INFO] === COPIE REELLE: SCRIPT/script_ajout_SMTP_proxyadress_en_masse.txt ===
[2026-07-06 14:09:52] [SUCCESS] === FICHIER COPIE AVEC SUCCES: SCRIPT/script_ajout_SMTP_proxyadress_en_masse.txt ===
[2026-07-06 14:09:52] [WARN] Pas de mappage pour: SERVICES_GENERAUX - Visiteurs () - permission ignorée sur SCRIPT/script_ajout_SMTP_proxyadress_en_masse.txt
[2026-07-06 14:09:52] [WARN] Pas de mappage pour: SERVICES_GENERAUX - Membres () - permission ignorée sur SCRIPT/script_ajout_SMTP_proxyadress_en_masse.txt
[2026-07-06 14:09:53] [SUCCESS] Permission appliquée: Equipe INFRA [write] -> SCRIPT/script_ajout_SMTP_proxyadress_en_masse.txt
[2026-07-06 14:09:53] [WARN] Impossible de résoudre 'grp_test' dans le tenant destination - permission ignorée
[2026-07-06 14:09:53] [WARN] Pas de mappage pour: Propriétaires de SERVICES_GENERAUX () - permission ignorée sur SCRIPT/script_ajout_SMTP_proxyadress_en_masse.txt
[2026-07-06 14:09:53] [INFO] Traitement: /SCRIPT/script_délégation_BP.txt (5 permission(s))
[2026-07-06 14:09:53] [INFO] === COPIE REELLE: SCRIPT/script_délégation_BP.txt ===
[2026-07-06 14:09:54] [SUCCESS] === FICHIER COPIE AVEC SUCCES: SCRIPT/script_délégation_BP.txt ===
[2026-07-06 14:09:54] [WARN] Impossible de résoudre 'grp_test' dans le tenant destination - permission ignorée
[2026-07-06 14:09:54] [WARN] Pas de mappage pour: Propriétaires de SERVICES_GENERAUX () - permission ignorée sur SCRIPT/script_délégation_BP.txt
[2026-07-06 14:09:54] [WARN] Pas de mappage pour: SERVICES_GENERAUX - Visiteurs () - permission ignorée sur SCRIPT/script_délégation_BP.txt
[2026-07-06 14:09:54] [WARN] Pas de mappage pour: SERVICES_GENERAUX - Membres () - permission ignorée sur SCRIPT/script_délégation_BP.txt
[2026-07-06 14:09:54] [SUCCESS] Permission appliquée: Equipe INFRA [write] -> SCRIPT/script_délégation_BP.txt
[2026-07-06 14:09:54] [INFO] Traitement: /SCRIPT/script_délégation_bp_mail.txt (5 permission(s))
[2026-07-06 14:09:54] [INFO] === COPIE REELLE: SCRIPT/script_délégation_bp_mail.txt ===
[2026-07-06 14:09:55] [SUCCESS] === FICHIER COPIE AVEC SUCCES: SCRIPT/script_délégation_bp_mail.txt ===
[2026-07-06 14:09:55] [WARN] Pas de mappage pour: SERVICES_GENERAUX - Visiteurs () - permission ignorée sur SCRIPT/script_délégation_bp_mail.txt
[2026-07-06 14:09:55] [WARN] Pas de mappage pour: Propriétaires de SERVICES_GENERAUX () - permission ignorée sur SCRIPT/script_délégation_bp_mail.txt
[2026-07-06 14:09:55] [WARN] Pas de mappage pour: SERVICES_GENERAUX - Membres () - permission ignorée sur SCRIPT/script_délégation_bp_mail.txt
[2026-07-06 14:09:55] [SUCCESS] Permission appliquée: Equipe INFRA [write] -> SCRIPT/script_délégation_bp_mail.txt
[2026-07-06 14:09:55] [WARN] Impossible de résoudre 'grp_test' dans le tenant destination - permission ignorée
[2026-07-06 14:09:55] [INFO] Traitement: /SCRIPT/script_délégation_Fullaccess_BP.txt (5 permission(s))
[2026-07-06 14:09:55] [INFO] === COPIE REELLE: SCRIPT/script_délégation_Fullaccess_BP.txt ===
[2026-07-06 14:09:56] [SUCCESS] === FICHIER COPIE AVEC SUCCES: SCRIPT/script_délégation_Fullaccess_BP.txt ===
[2026-07-06 14:09:56] [WARN] Pas de mappage pour: Propriétaires de SERVICES_GENERAUX () - permission ignorée sur SCRIPT/script_délégation_Fullaccess_BP.txt
[2026-07-06 14:09:56] [WARN] Pas de mappage pour: SERVICES_GENERAUX - Visiteurs () - permission ignorée sur SCRIPT/script_délégation_Fullaccess_BP.txt
[2026-07-06 14:09:56] [WARN] Pas de mappage pour: SERVICES_GENERAUX - Membres () - permission ignorée sur SCRIPT/script_délégation_Fullaccess_BP.txt
[2026-07-06 14:09:57] [SUCCESS] Permission appliquée: Equipe INFRA [write] -> SCRIPT/script_délégation_Fullaccess_BP.txt
[2026-07-06 14:09:57] [WARN] Impossible de résoudre 'grp_test' dans le tenant destination - permission ignorée
[2026-07-06 14:09:57] [INFO] Traitement: /SCRIPT/Script_delegation_SendAs_BP.txt (5 permission(s))
[2026-07-06 14:09:57] [INFO] === COPIE REELLE: SCRIPT/Script_delegation_SendAs_BP.txt ===
[2026-07-06 14:09:58] [SUCCESS] === FICHIER COPIE AVEC SUCCES: SCRIPT/Script_delegation_SendAs_BP.txt ===
[2026-07-06 14:09:58] [WARN] Pas de mappage pour: Propriétaires de SERVICES_GENERAUX () - permission ignorée sur SCRIPT/Script_delegation_SendAs_BP.txt
[2026-07-06 14:09:58] [WARN] Pas de mappage pour: SERVICES_GENERAUX - Visiteurs () - permission ignorée sur SCRIPT/Script_delegation_SendAs_BP.txt
[2026-07-06 14:09:58] [WARN] Pas de mappage pour: SERVICES_GENERAUX - Membres () - permission ignorée sur SCRIPT/Script_delegation_SendAs_BP.txt
[2026-07-06 14:09:58] [WARN] Impossible de résoudre 'grp_test' dans le tenant destination - permission ignorée
[2026-07-06 14:09:58] [SUCCESS] Permission appliquée: Equipe INFRA [write] -> SCRIPT/Script_delegation_SendAs_BP.txt
[2026-07-06 14:09:58] [INFO] Traitement: /SCRIPT/script_délégation_SendAs_BP.txt (5 permission(s))
[2026-07-06 14:09:58] [INFO] === COPIE REELLE: SCRIPT/script_délégation_SendAs_BP.txt ===
[2026-07-06 14:09:59] [SUCCESS] === FICHIER COPIE AVEC SUCCES: SCRIPT/script_délégation_SendAs_BP.txt ===
[2026-07-06 14:09:59] [WARN] Pas de mappage pour: Propriétaires de SERVICES_GENERAUX () - permission ignorée sur SCRIPT/script_délégation_SendAs_BP.txt
[2026-07-06 14:09:59] [WARN] Pas de mappage pour: SERVICES_GENERAUX - Visiteurs () - permission ignorée sur SCRIPT/script_délégation_SendAs_BP.txt
[2026-07-06 14:09:59] [WARN] Pas de mappage pour: SERVICES_GENERAUX - Membres () - permission ignorée sur SCRIPT/script_délégation_SendAs_BP.txt
[2026-07-06 14:09:59] [SUCCESS] Permission appliquée: Equipe INFRA [write] -> SCRIPT/script_délégation_SendAs_BP.txt
[2026-07-06 14:09:59] [WARN] Impossible de résoudre 'grp_test' dans le tenant destination - permission ignorée
[2026-07-06 14:09:59] [INFO] Traitement: /SCRIPT/script_désactivation_user.txt (5 permission(s))
[2026-07-06 14:09:59] [INFO] === COPIE REELLE: SCRIPT/script_désactivation_user.txt ===
[2026-07-06 14:10:00] [SUCCESS] === FICHIER COPIE AVEC SUCCES: SCRIPT/script_désactivation_user.txt ===
[2026-07-06 14:10:00] [WARN] Impossible de résoudre 'grp_test' dans le tenant destination - permission ignorée
[2026-07-06 14:10:00] [WARN] Pas de mappage pour: Propriétaires de SERVICES_GENERAUX () - permission ignorée sur SCRIPT/script_désactivation_user.txt
[2026-07-06 14:10:00] [WARN] Pas de mappage pour: SERVICES_GENERAUX - Visiteurs () - permission ignorée sur SCRIPT/script_désactivation_user.txt
[2026-07-06 14:10:00] [WARN] Pas de mappage pour: SERVICES_GENERAUX - Membres () - permission ignorée sur SCRIPT/script_désactivation_user.txt
[2026-07-06 14:10:01] [SUCCESS] Permission appliquée: Equipe INFRA [write] -> SCRIPT/script_désactivation_user.txt
[2026-07-06 14:10:01] [INFO] Traitement: /SCRIPT/Script_droit_BP.txt (5 permission(s))
[2026-07-06 14:10:01] [INFO] === COPIE REELLE: SCRIPT/Script_droit_BP.txt ===
[2026-07-06 14:10:02] [SUCCESS] === FICHIER COPIE AVEC SUCCES: SCRIPT/Script_droit_BP.txt ===
[2026-07-06 14:10:02] [WARN] Pas de mappage pour: Propriétaires de SERVICES_GENERAUX () - permission ignorée sur SCRIPT/Script_droit_BP.txt
[2026-07-06 14:10:02] [WARN] Pas de mappage pour: SERVICES_GENERAUX - Visiteurs () - permission ignorée sur SCRIPT/Script_droit_BP.txt
[2026-07-06 14:10:02] [WARN] Pas de mappage pour: SERVICES_GENERAUX - Membres () - permission ignorée sur SCRIPT/Script_droit_BP.txt
[2026-07-06 14:10:02] [SUCCESS] Permission appliquée: Equipe INFRA [write] -> SCRIPT/Script_droit_BP.txt
[2026-07-06 14:10:02] [WARN] Impossible de résoudre 'grp_test' dans le tenant destination - permission ignorée
[2026-07-06 14:10:02] [INFO] Traitement: /SCRIPT/Script_extrac_SMTP_Principale.txt (5 permission(s))
[2026-07-06 14:10:02] [INFO] === COPIE REELLE: SCRIPT/Script_extrac_SMTP_Principale.txt ===
[2026-07-06 14:10:04] [SUCCESS] === FICHIER COPIE AVEC SUCCES: SCRIPT/Script_extrac_SMTP_Principale.txt ===
[2026-07-06 14:10:04] [WARN] Pas de mappage pour: Propriétaires de SERVICES_GENERAUX () - permission ignorée sur SCRIPT/Script_extrac_SMTP_Principale.txt
[2026-07-06 14:10:04] [WARN] Pas de mappage pour: SERVICES_GENERAUX - Visiteurs () - permission ignorée sur SCRIPT/Script_extrac_SMTP_Principale.txt
[2026-07-06 14:10:04] [WARN] Pas de mappage pour: SERVICES_GENERAUX - Membres () - permission ignorée sur SCRIPT/Script_extrac_SMTP_Principale.txt
[2026-07-06 14:10:04] [SUCCESS] Permission appliquée: Equipe INFRA [write] -> SCRIPT/Script_extrac_SMTP_Principale.txt
[2026-07-06 14:10:04] [WARN] Impossible de résoudre 'grp_test' dans le tenant destination - permission ignorée
[2026-07-06 14:10:04] [INFO] Traitement: /SCRIPT/Script_Extract_adressemail_Exchange_Online.txt (5 permission(s))
[2026-07-06 14:10:04] [INFO] === COPIE REELLE: SCRIPT/Script_Extract_adressemail_Exchange_Online.txt ===
[2026-07-06 14:10:05] [SUCCESS] === FICHIER COPIE AVEC SUCCES: SCRIPT/Script_Extract_adressemail_Exchange_Online.txt ===
[2026-07-06 14:10:05] [WARN] Pas de mappage pour: SERVICES_GENERAUX - Visiteurs () - permission ignorée sur SCRIPT/Script_Extract_adressemail_Exchange_Online.txt
[2026-07-06 14:10:05] [WARN] Pas de mappage pour: Propriétaires de SERVICES_GENERAUX () - permission ignorée sur SCRIPT/Script_Extract_adressemail_Exchange_Online.txt
[2026-07-06 14:10:05] [SUCCESS] Permission appliquée: Equipe INFRA [write] -> SCRIPT/Script_Extract_adressemail_Exchange_Online.txt
[2026-07-06 14:10:05] [WARN] Pas de mappage pour: SERVICES_GENERAUX - Membres () - permission ignorée sur SCRIPT/Script_Extract_adressemail_Exchange_Online.txt
[2026-07-06 14:10:05] [WARN] Impossible de résoudre 'grp_test' dans le tenant destination - permission ignorée
[2026-07-06 14:10:05] [INFO] Traitement: /SCRIPT/Script_Extract_délégation_BP.txt (5 permission(s))
[2026-07-06 14:10:05] [INFO] === COPIE REELLE: SCRIPT/Script_Extract_délégation_BP.txt ===
[2026-07-06 14:10:06] [SUCCESS] === FICHIER COPIE AVEC SUCCES: SCRIPT/Script_Extract_délégation_BP.txt ===
[2026-07-06 14:10:06] [WARN] Pas de mappage pour: Propriétaires de SERVICES_GENERAUX () - permission ignorée sur SCRIPT/Script_Extract_délégation_BP.txt
[2026-07-06 14:10:06] [WARN] Pas de mappage pour: SERVICES_GENERAUX - Visiteurs () - permission ignorée sur SCRIPT/Script_Extract_délégation_BP.txt
[2026-07-06 14:10:06] [WARN] Pas de mappage pour: SERVICES_GENERAUX - Membres () - permission ignorée sur SCRIPT/Script_Extract_délégation_BP.txt
[2026-07-06 14:10:07] [SUCCESS] Permission appliquée: Equipe INFRA [write] -> SCRIPT/Script_Extract_délégation_BP.txt
[2026-07-06 14:10:07] [WARN] Impossible de résoudre 'grp_test' dans le tenant destination - permission ignorée
[2026-07-06 14:10:07] [INFO] Traitement: /SCRIPT/script_extract_membre_groupe_AD.txt (5 permission(s))
[2026-07-06 14:10:07] [INFO] === COPIE REELLE: SCRIPT/script_extract_membre_groupe_AD.txt ===
[2026-07-06 14:10:08] [SUCCESS] === FICHIER COPIE AVEC SUCCES: SCRIPT/script_extract_membre_groupe_AD.txt ===
[2026-07-06 14:10:08] [WARN] Pas de mappage pour: Propriétaires de SERVICES_GENERAUX () - permission ignorée sur SCRIPT/script_extract_membre_groupe_AD.txt
[2026-07-06 14:10:08] [WARN] Pas de mappage pour: SERVICES_GENERAUX - Visiteurs () - permission ignorée sur SCRIPT/script_extract_membre_groupe_AD.txt
[2026-07-06 14:10:08] [WARN] Pas de mappage pour: SERVICES_GENERAUX - Membres () - permission ignorée sur SCRIPT/script_extract_membre_groupe_AD.txt
[2026-07-06 14:10:08] [WARN] Impossible de résoudre 'grp_test' dans le tenant destination - permission ignorée
[2026-07-06 14:10:08] [SUCCESS] Permission appliquée: Equipe INFRA [write] -> SCRIPT/script_extract_membre_groupe_AD.txt
[2026-07-06 14:10:08] [INFO] Traitement: /SCRIPT/script_extract_onedrive.txt (5 permission(s))
[2026-07-06 14:10:08] [INFO] === COPIE REELLE: SCRIPT/script_extract_onedrive.txt ===
[2026-07-06 14:10:09] [SUCCESS] === FICHIER COPIE AVEC SUCCES: SCRIPT/script_extract_onedrive.txt ===
[2026-07-06 14:10:09] [WARN] Pas de mappage pour: SERVICES_GENERAUX - Membres () - permission ignorée sur SCRIPT/script_extract_onedrive.txt
[2026-07-06 14:10:09] [WARN] Pas de mappage pour: Propriétaires de SERVICES_GENERAUX () - permission ignorée sur SCRIPT/script_extract_onedrive.txt
[2026-07-06 14:10:09] [WARN] Pas de mappage pour: SERVICES_GENERAUX - Visiteurs () - permission ignorée sur SCRIPT/script_extract_onedrive.txt
[2026-07-06 14:10:09] [SUCCESS] Permission appliquée: Equipe INFRA [write] -> SCRIPT/script_extract_onedrive.txt
[2026-07-06 14:10:09] [WARN] Impossible de résoudre 'grp_test' dans le tenant destination - permission ignorée
[2026-07-06 14:10:09] [INFO] Traitement: /SCRIPT/script_extract_proxyaddress.txt (5 permission(s))
[2026-07-06 14:10:09] [INFO] === COPIE REELLE: SCRIPT/script_extract_proxyaddress.txt ===
[2026-07-06 14:10:10] [SUCCESS] === FICHIER COPIE AVEC SUCCES: SCRIPT/script_extract_proxyaddress.txt ===
[2026-07-06 14:10:10] [WARN] Pas de mappage pour: SERVICES_GENERAUX - Membres () - permission ignorée sur SCRIPT/script_extract_proxyaddress.txt
[2026-07-06 14:10:10] [WARN] Pas de mappage pour: Propriétaires de SERVICES_GENERAUX () - permission ignorée sur SCRIPT/script_extract_proxyaddress.txt
[2026-07-06 14:10:10] [WARN] Pas de mappage pour: SERVICES_GENERAUX - Visiteurs () - permission ignorée sur SCRIPT/script_extract_proxyaddress.txt
[2026-07-06 14:10:10] [WARN] Impossible de résoudre 'grp_test' dans le tenant destination - permission ignorée
[2026-07-06 14:10:11] [SUCCESS] Permission appliquée: Equipe INFRA [write] -> SCRIPT/script_extract_proxyaddress.txt
[2026-07-06 14:10:11] [INFO] Traitement: /SCRIPT/script_extract_Proxyadress_format.txt (5 permission(s))
[2026-07-06 14:10:11] [INFO] === COPIE REELLE: SCRIPT/script_extract_Proxyadress_format.txt ===
[2026-07-06 14:10:12] [SUCCESS] === FICHIER COPIE AVEC SUCCES: SCRIPT/script_extract_Proxyadress_format.txt ===
[2026-07-06 14:10:12] [WARN] Impossible de résoudre 'grp_test' dans le tenant destination - permission ignorée
[2026-07-06 14:10:12] [SUCCESS] Permission appliquée: Equipe INFRA [write] -> SCRIPT/script_extract_Proxyadress_format.txt
[2026-07-06 14:10:12] [WARN] Pas de mappage pour: SERVICES_GENERAUX - Membres () - permission ignorée sur SCRIPT/script_extract_Proxyadress_format.txt
[2026-07-06 14:10:12] [WARN] Pas de mappage pour: SERVICES_GENERAUX - Visiteurs () - permission ignorée sur SCRIPT/script_extract_Proxyadress_format.txt
[2026-07-06 14:10:12] [WARN] Pas de mappage pour: Propriétaires de SERVICES_GENERAUX () - permission ignorée sur SCRIPT/script_extract_Proxyadress_format.txt
[2026-07-06 14:10:12] [INFO] Traitement: /SCRIPT/script_extract_UPN_AD.txt (5 permission(s))
[2026-07-06 14:10:12] [INFO] === COPIE REELLE: SCRIPT/script_extract_UPN_AD.txt ===
[2026-07-06 14:10:13] [SUCCESS] === FICHIER COPIE AVEC SUCCES: SCRIPT/script_extract_UPN_AD.txt ===
[2026-07-06 14:10:13] [WARN] Pas de mappage pour: Propriétaires de SERVICES_GENERAUX () - permission ignorée sur SCRIPT/script_extract_UPN_AD.txt
[2026-07-06 14:10:13] [WARN] Pas de mappage pour: SERVICES_GENERAUX - Visiteurs () - permission ignorée sur SCRIPT/script_extract_UPN_AD.txt
[2026-07-06 14:10:13] [WARN] Pas de mappage pour: SERVICES_GENERAUX - Membres () - permission ignorée sur SCRIPT/script_extract_UPN_AD.txt
[2026-07-06 14:10:14] [SUCCESS] Permission appliquée: Equipe INFRA [write] -> SCRIPT/script_extract_UPN_AD.txt
[2026-07-06 14:10:14] [WARN] Impossible de résoudre 'grp_test' dans le tenant destination - permission ignorée
[2026-07-06 14:10:14] [INFO] Traitement: /SCRIPT/script_extraction_de_la_liste_des_sites_sharepoint.txt (5 permission(s))
[2026-07-06 14:10:14] [INFO] === COPIE REELLE: SCRIPT/script_extraction_de_la_liste_des_sites_sharepoint.txt ===
[2026-07-06 14:10:15] [SUCCESS] === FICHIER COPIE AVEC SUCCES: SCRIPT/script_extraction_de_la_liste_des_sites_sharepoint.txt ===
[2026-07-06 14:10:15] [SUCCESS] Permission appliquée: Equipe INFRA [write] -> SCRIPT/script_extraction_de_la_liste_des_sites_sharepoint.txt
[2026-07-06 14:10:15] [WARN] Impossible de résoudre 'grp_test' dans le tenant destination - permission ignorée
[2026-07-06 14:10:15] [WARN] Pas de mappage pour: Propriétaires de SERVICES_GENERAUX () - permission ignorée sur SCRIPT/script_extraction_de_la_liste_des_sites_sharepoint.txt
[2026-07-06 14:10:15] [WARN] Pas de mappage pour: SERVICES_GENERAUX - Visiteurs () - permission ignorée sur SCRIPT/script_extraction_de_la_liste_des_sites_sharepoint.txt
[2026-07-06 14:10:15] [WARN] Pas de mappage pour: SERVICES_GENERAUX - Membres () - permission ignorée sur SCRIPT/script_extraction_de_la_liste_des_sites_sharepoint.txt
[2026-07-06 14:10:15] [INFO] Traitement: /SCRIPT/script_Inscription_SSO_Appli_Azure.txt (5 permission(s))
[2026-07-06 14:10:15] [INFO] === COPIE REELLE: SCRIPT/script_Inscription_SSO_Appli_Azure.txt ===
[2026-07-06 14:10:16] [SUCCESS] === FICHIER COPIE AVEC SUCCES: SCRIPT/script_Inscription_SSO_Appli_Azure.txt ===
[2026-07-06 14:10:17] [WARN] Pas de mappage pour: SERVICES_GENERAUX - Visiteurs () - permission ignorée sur SCRIPT/script_Inscription_SSO_Appli_Azure.txt
[2026-07-06 14:10:17] [SUCCESS] Permission appliquée: Equipe INFRA [write] -> SCRIPT/script_Inscription_SSO_Appli_Azure.txt
[2026-07-06 14:10:17] [WARN] Pas de mappage pour: SERVICES_GENERAUX - Membres () - permission ignorée sur SCRIPT/script_Inscription_SSO_Appli_Azure.txt
[2026-07-06 14:10:17] [WARN] Impossible de résoudre 'grp_test' dans le tenant destination - permission ignorée
[2026-07-06 14:10:17] [WARN] Pas de mappage pour: Propriétaires de SERVICES_GENERAUX () - permission ignorée sur SCRIPT/script_Inscription_SSO_Appli_Azure.txt
[2026-07-06 14:10:17] [INFO] Traitement: /SCRIPT/script_modif_champ_email_docu.ch (5 permission(s))
[2026-07-06 14:10:17] [INFO] === COPIE REELLE: SCRIPT/script_modif_champ_email_docu.ch ===
[2026-07-06 14:10:18] [SUCCESS] === FICHIER COPIE AVEC SUCCES: SCRIPT/script_modif_champ_email_docu.ch ===
[2026-07-06 14:10:18] [WARN] Pas de mappage pour: SERVICES_GENERAUX - Membres () - permission ignorée sur SCRIPT/script_modif_champ_email_docu.ch
[2026-07-06 14:10:18] [WARN] Pas de mappage pour: Propriétaires de SERVICES_GENERAUX () - permission ignorée sur SCRIPT/script_modif_champ_email_docu.ch
[2026-07-06 14:10:19] [SUCCESS] Permission appliquée: Equipe INFRA [write] -> SCRIPT/script_modif_champ_email_docu.ch
[2026-07-06 14:10:19] [WARN] Impossible de résoudre 'grp_test' dans le tenant destination - permission ignorée
[2026-07-06 14:10:19] [WARN] Pas de mappage pour: SERVICES_GENERAUX - Visiteurs () - permission ignorée sur SCRIPT/script_modif_champ_email_docu.ch
[2026-07-06 14:10:19] [INFO] Traitement: /SCRIPT/Script_modif_proxyaddress_Group.txt (5 permission(s))
[2026-07-06 14:10:19] [INFO] === COPIE REELLE: SCRIPT/Script_modif_proxyaddress_Group.txt ===
[2026-07-06 14:10:20] [SUCCESS] === FICHIER COPIE AVEC SUCCES: SCRIPT/Script_modif_proxyaddress_Group.txt ===
[2026-07-06 14:10:20] [WARN] Pas de mappage pour: Propriétaires de SERVICES_GENERAUX () - permission ignorée sur SCRIPT/Script_modif_proxyaddress_Group.txt
[2026-07-06 14:10:20] [WARN] Pas de mappage pour: SERVICES_GENERAUX - Visiteurs () - permission ignorée sur SCRIPT/Script_modif_proxyaddress_Group.txt
[2026-07-06 14:10:20] [WARN] Pas de mappage pour: SERVICES_GENERAUX - Membres () - permission ignorée sur SCRIPT/Script_modif_proxyaddress_Group.txt
[2026-07-06 14:10:20] [SUCCESS] Permission appliquée: Equipe INFRA [write] -> SCRIPT/Script_modif_proxyaddress_Group.txt
[2026-07-06 14:10:20] [WARN] Impossible de résoudre 'grp_test' dans le tenant destination - permission ignorée
[2026-07-06 14:10:20] [INFO] Traitement: /SCRIPT/Script_modif_proxyadress_docu.ch.txt (5 permission(s))
[2026-07-06 14:10:20] [INFO] === COPIE REELLE: SCRIPT/Script_modif_proxyadress_docu.ch.txt ===
[2026-07-06 14:10:21] [SUCCESS] === FICHIER COPIE AVEC SUCCES: SCRIPT/Script_modif_proxyadress_docu.ch.txt ===
[2026-07-06 14:10:21] [WARN] Pas de mappage pour: Propriétaires de SERVICES_GENERAUX () - permission ignorée sur SCRIPT/Script_modif_proxyadress_docu.ch.txt
[2026-07-06 14:10:21] [WARN] Pas de mappage pour: SERVICES_GENERAUX - Visiteurs () - permission ignorée sur SCRIPT/Script_modif_proxyadress_docu.ch.txt
[2026-07-06 14:10:21] [SUCCESS] Permission appliquée: Equipe INFRA [write] -> SCRIPT/Script_modif_proxyadress_docu.ch.txt
[2026-07-06 14:10:21] [WARN] Impossible de résoudre 'grp_test' dans le tenant destination - permission ignorée
[2026-07-06 14:10:21] [WARN] Pas de mappage pour: SERVICES_GENERAUX - Membres () - permission ignorée sur SCRIPT/Script_modif_proxyadress_docu.ch.txt
[2026-07-06 14:10:21] [INFO] Traitement: /SCRIPT/script_modification_UPN_AD_User.txt (5 permission(s))
[2026-07-06 14:10:21] [INFO] === COPIE REELLE: SCRIPT/script_modification_UPN_AD_User.txt ===
[2026-07-06 14:10:22] [SUCCESS] === FICHIER COPIE AVEC SUCCES: SCRIPT/script_modification_UPN_AD_User.txt ===
[2026-07-06 14:10:23] [WARN] Pas de mappage pour: Propriétaires de SERVICES_GENERAUX () - permission ignorée sur SCRIPT/script_modification_UPN_AD_User.txt
[2026-07-06 14:10:23] [WARN] Pas de mappage pour: SERVICES_GENERAUX - Visiteurs () - permission ignorée sur SCRIPT/script_modification_UPN_AD_User.txt
[2026-07-06 14:10:23] [WARN] Pas de mappage pour: SERVICES_GENERAUX - Membres () - permission ignorée sur SCRIPT/script_modification_UPN_AD_User.txt
[2026-07-06 14:10:23] [SUCCESS] Permission appliquée: Equipe INFRA [write] -> SCRIPT/script_modification_UPN_AD_User.txt
[2026-07-06 14:10:23] [WARN] Impossible de résoudre 'grp_test' dans le tenant destination - permission ignorée
[2026-07-06 14:10:23] [INFO] Traitement: /SCRIPT/script_modifier_le_champ_mail.txt (5 permission(s))
[2026-07-06 14:10:23] [INFO] === COPIE REELLE: SCRIPT/script_modifier_le_champ_mail.txt ===
[2026-07-06 14:10:24] [SUCCESS] === FICHIER COPIE AVEC SUCCES: SCRIPT/script_modifier_le_champ_mail.txt ===
[2026-07-06 14:10:24] [WARN] Pas de mappage pour: Propriétaires de SERVICES_GENERAUX () - permission ignorée sur SCRIPT/script_modifier_le_champ_mail.txt
[2026-07-06 14:10:24] [WARN] Pas de mappage pour: SERVICES_GENERAUX - Visiteurs () - permission ignorée sur SCRIPT/script_modifier_le_champ_mail.txt
[2026-07-06 14:10:24] [WARN] Impossible de résoudre 'grp_test' dans le tenant destination - permission ignorée
[2026-07-06 14:10:24] [WARN] Pas de mappage pour: SERVICES_GENERAUX - Membres () - permission ignorée sur SCRIPT/script_modifier_le_champ_mail.txt
[2026-07-06 14:10:24] [SUCCESS] Permission appliquée: Equipe INFRA [write] -> SCRIPT/script_modifier_le_champ_mail.txt
[2026-07-06 14:10:24] [INFO] Traitement: /SCRIPT/script_modifier_lechampmail_proxyadresseSMTP.txt (5 permission(s))
[2026-07-06 14:10:24] [INFO] === COPIE REELLE: SCRIPT/script_modifier_lechampmail_proxyadresseSMTP.txt ===
[2026-07-06 14:10:25] [SUCCESS] === FICHIER COPIE AVEC SUCCES: SCRIPT/script_modifier_lechampmail_proxyadresseSMTP.txt ===
[2026-07-06 14:10:25] [WARN] Pas de mappage pour: SERVICES_GENERAUX - Visiteurs () - permission ignorée sur SCRIPT/script_modifier_lechampmail_proxyadresseSMTP.txt
[2026-07-06 14:10:25] [WARN] Pas de mappage pour: SERVICES_GENERAUX - Membres () - permission ignorée sur SCRIPT/script_modifier_lechampmail_proxyadresseSMTP.txt
[2026-07-06 14:10:25] [SUCCESS] Permission appliquée: Equipe INFRA [write] -> SCRIPT/script_modifier_lechampmail_proxyadresseSMTP.txt
[2026-07-06 14:10:25] [WARN] Impossible de résoudre 'grp_test' dans le tenant destination - permission ignorée
[2026-07-06 14:10:25] [WARN] Pas de mappage pour: Propriétaires de SERVICES_GENERAUX () - permission ignorée sur SCRIPT/script_modifier_lechampmail_proxyadresseSMTP.txt
[2026-07-06 14:10:25] [INFO] Traitement: /SCRIPT/Script_modifier_proxyadress.txt (5 permission(s))
[2026-07-06 14:10:25] [INFO] === COPIE REELLE: SCRIPT/Script_modifier_proxyadress.txt ===
[2026-07-06 14:10:26] [SUCCESS] === FICHIER COPIE AVEC SUCCES: SCRIPT/Script_modifier_proxyadress.txt ===
[2026-07-06 14:10:27] [WARN] Pas de mappage pour: Propriétaires de SERVICES_GENERAUX () - permission ignorée sur SCRIPT/Script_modifier_proxyadress.txt
[2026-07-06 14:10:27] [WARN] Pas de mappage pour: SERVICES_GENERAUX - Visiteurs () - permission ignorée sur SCRIPT/Script_modifier_proxyadress.txt
[2026-07-06 14:10:27] [WARN] Pas de mappage pour: SERVICES_GENERAUX - Membres () - permission ignorée sur SCRIPT/Script_modifier_proxyadress.txt
[2026-07-06 14:10:27] [SUCCESS] Permission appliquée: Equipe INFRA [write] -> SCRIPT/Script_modifier_proxyadress.txt
[2026-07-06 14:10:27] [WARN] Impossible de résoudre 'grp_test' dans le tenant destination - permission ignorée
[2026-07-06 14:10:27] [INFO] Traitement: /SCRIPT/script_provisionning_OneDrive.txt (5 permission(s))
[2026-07-06 14:10:27] [INFO] === COPIE REELLE: SCRIPT/script_provisionning_OneDrive.txt ===
[2026-07-06 14:10:28] [SUCCESS] === FICHIER COPIE AVEC SUCCES: SCRIPT/script_provisionning_OneDrive.txt ===
[2026-07-06 14:10:28] [WARN] Pas de mappage pour: Propriétaires de SERVICES_GENERAUX () - permission ignorée sur SCRIPT/script_provisionning_OneDrive.txt
[2026-07-06 14:10:28] [WARN] Pas de mappage pour: SERVICES_GENERAUX - Visiteurs () - permission ignorée sur SCRIPT/script_provisionning_OneDrive.txt
[2026-07-06 14:10:28] [SUCCESS] Permission appliquée: Equipe INFRA [write] -> SCRIPT/script_provisionning_OneDrive.txt
[2026-07-06 14:10:29] [WARN] Impossible de résoudre 'grp_test' dans le tenant destination - permission ignorée
[2026-07-06 14:10:29] [WARN] Pas de mappage pour: SERVICES_GENERAUX - Membres () - permission ignorée sur SCRIPT/script_provisionning_OneDrive.txt
[2026-07-06 14:10:29] [INFO] Traitement: /SCRIPT/script_remplacer_UPN_AD.txt (5 permission(s))
[2026-07-06 14:10:29] [INFO] === COPIE REELLE: SCRIPT/script_remplacer_UPN_AD.txt ===
[2026-07-06 14:10:29] [SUCCESS] === FICHIER COPIE AVEC SUCCES: SCRIPT/script_remplacer_UPN_AD.txt ===
[2026-07-06 14:10:30] [WARN] Pas de mappage pour: Propriétaires de SERVICES_GENERAUX () - permission ignorée sur SCRIPT/script_remplacer_UPN_AD.txt
[2026-07-06 14:10:30] [WARN] Pas de mappage pour: SERVICES_GENERAUX - Visiteurs () - permission ignorée sur SCRIPT/script_remplacer_UPN_AD.txt
[2026-07-06 14:10:30] [WARN] Pas de mappage pour: SERVICES_GENERAUX - Membres () - permission ignorée sur SCRIPT/script_remplacer_UPN_AD.txt
[2026-07-06 14:10:30] [SUCCESS] Permission appliquée: Equipe INFRA [write] -> SCRIPT/script_remplacer_UPN_AD.txt
[2026-07-06 14:10:30] [WARN] Impossible de résoudre 'grp_test' dans le tenant destination - permission ignorée
[2026-07-06 14:10:30] [INFO] Traitement: /SCRIPT/Script_Restauration_SMTP_format.txt (5 permission(s))
[2026-07-06 14:10:30] [INFO] === COPIE REELLE: SCRIPT/Script_Restauration_SMTP_format.txt ===
[2026-07-06 14:10:31] [SUCCESS] === FICHIER COPIE AVEC SUCCES: SCRIPT/Script_Restauration_SMTP_format.txt ===
[2026-07-06 14:10:31] [WARN] Impossible de résoudre 'grp_test' dans le tenant destination - permission ignorée
[2026-07-06 14:10:31] [WARN] Pas de mappage pour: Propriétaires de SERVICES_GENERAUX () - permission ignorée sur SCRIPT/Script_Restauration_SMTP_format.txt
[2026-07-06 14:10:31] [WARN] Pas de mappage pour: SERVICES_GENERAUX - Visiteurs () - permission ignorée sur SCRIPT/Script_Restauration_SMTP_format.txt
[2026-07-06 14:10:31] [WARN] Pas de mappage pour: SERVICES_GENERAUX - Membres () - permission ignorée sur SCRIPT/Script_Restauration_SMTP_format.txt
[2026-07-06 14:10:31] [SUCCESS] Permission appliquée: Equipe INFRA [write] -> SCRIPT/Script_Restauration_SMTP_format.txt
[2026-07-06 14:10:31] [INFO] Traitement: /SCRIPT/Script_Room_Mailbox.txt (5 permission(s))
[2026-07-06 14:10:31] [INFO] === COPIE REELLE: SCRIPT/Script_Room_Mailbox.txt ===
[2026-07-06 14:10:32] [SUCCESS] === FICHIER COPIE AVEC SUCCES: SCRIPT/Script_Room_Mailbox.txt ===
[2026-07-06 14:10:32] [WARN] Pas de mappage pour: SERVICES_GENERAUX - Membres () - permission ignorée sur SCRIPT/Script_Room_Mailbox.txt
[2026-07-06 14:10:32] [WARN] Pas de mappage pour: Propriétaires de SERVICES_GENERAUX () - permission ignorée sur SCRIPT/Script_Room_Mailbox.txt
[2026-07-06 14:10:32] [WARN] Pas de mappage pour: SERVICES_GENERAUX - Visiteurs () - permission ignorée sur SCRIPT/Script_Room_Mailbox.txt
[2026-07-06 14:10:33] [SUCCESS] Permission appliquée: Equipe INFRA [write] -> SCRIPT/Script_Room_Mailbox.txt
[2026-07-06 14:10:33] [WARN] Impossible de résoudre 'grp_test' dans le tenant destination - permission ignorée
[2026-07-06 14:10:33] [INFO] Traitement: /SCRIPT/Script_SGUM_ShareGate.txt (5 permission(s))
[2026-07-06 14:10:33] [INFO] === COPIE REELLE: SCRIPT/Script_SGUM_ShareGate.txt ===
[2026-07-06 14:10:34] [SUCCESS] === FICHIER COPIE AVEC SUCCES: SCRIPT/Script_SGUM_ShareGate.txt ===
[2026-07-06 14:10:34] [WARN] Pas de mappage pour: Propriétaires de SERVICES_GENERAUX () - permission ignorée sur SCRIPT/Script_SGUM_ShareGate.txt
[2026-07-06 14:10:34] [WARN] Pas de mappage pour: SERVICES_GENERAUX - Visiteurs () - permission ignorée sur SCRIPT/Script_SGUM_ShareGate.txt
[2026-07-06 14:10:34] [WARN] Pas de mappage pour: SERVICES_GENERAUX - Membres () - permission ignorée sur SCRIPT/Script_SGUM_ShareGate.txt
[2026-07-06 14:10:34] [SUCCESS] Permission appliquée: Equipe INFRA [write] -> SCRIPT/Script_SGUM_ShareGate.txt
[2026-07-06 14:10:34] [WARN] Impossible de résoudre 'grp_test' dans le tenant destination - permission ignorée
[2026-07-06 14:10:34] [INFO] Traitement: /SCRIPT/SCRIPT8EXTR.txt (5 permission(s))
[2026-07-06 14:10:34] [INFO] === COPIE REELLE: SCRIPT/SCRIPT8EXTR.txt ===
[2026-07-06 14:10:35] [SUCCESS] === FICHIER COPIE AVEC SUCCES: SCRIPT/SCRIPT8EXTR.txt ===
[2026-07-06 14:10:35] [WARN] Pas de mappage pour: Propriétaires de SERVICES_GENERAUX () - permission ignorée sur SCRIPT/SCRIPT8EXTR.txt
[2026-07-06 14:10:35] [WARN] Pas de mappage pour: SERVICES_GENERAUX - Visiteurs () - permission ignorée sur SCRIPT/SCRIPT8EXTR.txt
[2026-07-06 14:10:35] [WARN] Pas de mappage pour: SERVICES_GENERAUX - Membres () - permission ignorée sur SCRIPT/SCRIPT8EXTR.txt
[2026-07-06 14:10:35] [SUCCESS] Permission appliquée: Equipe INFRA [write] -> SCRIPT/SCRIPT8EXTR.txt
[2026-07-06 14:10:35] [WARN] Impossible de résoudre 'grp_test' dans le tenant destination - permission ignorée
[2026-07-06 14:10:35] [INFO] Traitement: /SCRIPT/SharedMailBox_FEBIS.csv (5 permission(s))
[2026-07-06 14:10:35] [INFO] === COPIE REELLE: SCRIPT/SharedMailBox_FEBIS.csv ===
[2026-07-06 14:10:37] [SUCCESS] === FICHIER COPIE AVEC SUCCES: SCRIPT/SharedMailBox_FEBIS.csv ===
[2026-07-06 14:10:37] [WARN] Pas de mappage pour: SERVICES_GENERAUX - Visiteurs () - permission ignorée sur SCRIPT/SharedMailBox_FEBIS.csv
[2026-07-06 14:10:37] [WARN] Pas de mappage pour: Propriétaires de SERVICES_GENERAUX () - permission ignorée sur SCRIPT/SharedMailBox_FEBIS.csv
[2026-07-06 14:10:37] [WARN] Pas de mappage pour: SERVICES_GENERAUX - Membres () - permission ignorée sur SCRIPT/SharedMailBox_FEBIS.csv
[2026-07-06 14:10:37] [SUCCESS] Permission appliquée: Equipe INFRA [write] -> SCRIPT/SharedMailBox_FEBIS.csv
[2026-07-06 14:10:37] [WARN] Impossible de résoudre 'grp_test' dans le tenant destination - permission ignorée
[2026-07-06 14:10:37] [INFO] Traitement: /SCRIPT/suppression_champ_mail_UO.txt (5 permission(s))
[2026-07-06 14:10:37] [INFO] === COPIE REELLE: SCRIPT/suppression_champ_mail_UO.txt ===
[2026-07-06 14:10:38] [SUCCESS] === FICHIER COPIE AVEC SUCCES: SCRIPT/suppression_champ_mail_UO.txt ===
[2026-07-06 14:10:38] [WARN] Pas de mappage pour: Propriétaires de SERVICES_GENERAUX () - permission ignorée sur SCRIPT/suppression_champ_mail_UO.txt
[2026-07-06 14:10:38] [WARN] Pas de mappage pour: SERVICES_GENERAUX - Visiteurs () - permission ignorée sur SCRIPT/suppression_champ_mail_UO.txt
[2026-07-06 14:10:38] [WARN] Pas de mappage pour: SERVICES_GENERAUX - Membres () - permission ignorée sur SCRIPT/suppression_champ_mail_UO.txt
[2026-07-06 14:10:38] [SUCCESS] Permission appliquée: Equipe INFRA [write] -> SCRIPT/suppression_champ_mail_UO.txt
[2026-07-06 14:10:38] [WARN] Impossible de résoudre 'grp_test' dans le tenant destination - permission ignorée
[2026-07-06 14:10:38] [INFO] Traitement: /SCRIPT/suppression_SMTP_UO.txt (5 permission(s))
[2026-07-06 14:10:38] [INFO] === COPIE REELLE: SCRIPT/suppression_SMTP_UO.txt ===
[2026-07-06 14:10:39] [SUCCESS] === FICHIER COPIE AVEC SUCCES: SCRIPT/suppression_SMTP_UO.txt ===
[2026-07-06 14:10:39] [WARN] Pas de mappage pour: SERVICES_GENERAUX - Membres () - permission ignorée sur SCRIPT/suppression_SMTP_UO.txt
[2026-07-06 14:10:39] [SUCCESS] Permission appliquée: Equipe INFRA [write] -> SCRIPT/suppression_SMTP_UO.txt
[2026-07-06 14:10:39] [WARN] Impossible de résoudre 'grp_test' dans le tenant destination - permission ignorée
[2026-07-06 14:10:39] [WARN] Pas de mappage pour: SERVICES_GENERAUX - Visiteurs () - permission ignorée sur SCRIPT/suppression_SMTP_UO.txt
[2026-07-06 14:10:39] [WARN] Pas de mappage pour: Propriétaires de SERVICES_GENERAUX () - permission ignorée sur SCRIPT/suppression_SMTP_UO.txt
[2026-07-06 14:10:39] [INFO] Traitement: /SCRIPT/User_MailBox_docuat.txt (5 permission(s))
[2026-07-06 14:10:39] [INFO] === COPIE REELLE: SCRIPT/User_MailBox_docuat.txt ===
[2026-07-06 14:10:41] [SUCCESS] === FICHIER COPIE AVEC SUCCES: SCRIPT/User_MailBox_docuat.txt ===
[2026-07-06 14:10:41] [WARN] Pas de mappage pour: Propriétaires de SERVICES_GENERAUX () - permission ignorée sur SCRIPT/User_MailBox_docuat.txt
[2026-07-06 14:10:41] [WARN] Pas de mappage pour: SERVICES_GENERAUX - Membres () - permission ignorée sur SCRIPT/User_MailBox_docuat.txt
[2026-07-06 14:10:41] [WARN] Impossible de résoudre 'grp_test' dans le tenant destination - permission ignorée
[2026-07-06 14:10:41] [WARN] Pas de mappage pour: SERVICES_GENERAUX - Visiteurs () - permission ignorée sur SCRIPT/User_MailBox_docuat.txt
[2026-07-06 14:10:41] [SUCCESS] Permission appliquée: Equipe INFRA [write] -> SCRIPT/User_MailBox_docuat.txt
[2026-07-06 14:10:41] [SUCCESS] === COPIE TERMINEE ===
