[2026-07-06 11:06:49] [INFO] =========================================
[2026-07-06 11:06:49] [SUCCESS] === COPIE SHAREPOINT - GESTION DES TOKENS ===
[2026-07-06 11:06:49] [INFO] Version: 5.7
[2026-07-06 11:06:49] [INFO] =========================================
[2026-07-06 11:06:49] [INFO] Chargement traductions: E:\UKREiiF_FinalCopy_path.csv
[2026-07-06 11:06:49] [SUCCESS] source:Source destination: Destination
[2026-07-06 11:06:49] [SUCCESS] source:/ destination: /
[2026-07-06 11:06:49] [SUCCESS] Traductions chargées: 2
[2026-07-06 11:06:49] [INFO] Mappings: 2
[2026-07-06 11:06:49] [SUCCESS] Mappages utilisateurs chargés: 3
[2026-07-06 11:06:49] [INFO] === AUTHENTIFICATION ===
[2026-07-06 11:06:49] [SUCCESS] Nouveau token pour 85a5a352-25d6-4894-a97d-221cd1712dd2|684f670e-6931-4120-b053-f8c9538744f6. Expire à 07/06/2026 12:06:48
[2026-07-06 11:06:49] [SUCCESS] Nouveau token pour 2eea08b8-1972-447b-ad43-d044d042500a|821109a4-6e0e-48e8-b477-8f9b70aa32a4. Expire à 07/06/2026 12:06:48
[2026-07-06 11:06:49] [INFO] === RESOLUTION DES SITES ===
[2026-07-06 11:06:50] [SUCCESS] Source: https://ipdlab.sharepoint.com/sites/SERVICES_GENERAUX
[2026-07-06 11:06:50] [SUCCESS] Drive source: Documents (ID: b!XnWYyX1Yt0OS_raijD1IJ3BoByys1aRJgLg7kzMz9vWsIxCHkG4qSbx5BSt1yNsv)
[2026-07-06 11:06:50] [SUCCESS] Destination: https://infoprodigital365.sharepoint.com/sites/fethygate
[2026-07-06 11:06:50] [SUCCESS] Drive destination: Documents (ID: b!k8jQXFKwk0KwtGsFvJmNhsH5xvG66_JEj-cEjgaHomnZSz8m37iZRJ3SeesLotEx)
[2026-07-06 11:06:50] [INFO] Librairies source: Documents
[2026-07-06 11:06:50] [INFO] Librairies dest:   Documents
[2026-07-06 11:06:50] [INFO] === LECTURE DU FICHIER CSV ===
[2026-07-06 11:06:50] [SUCCESS] Lignes de permissions chargées: 1938
[2026-07-06 11:06:50] [SUCCESS] Chemins uniques à traiter: 333
[2026-07-06 11:06:50] [INFO] Traitement: /Audit_user_gmail.xlsx (5 permission(s))
[2026-07-06 11:06:50] [INFO] === COPIE REELLE: Audit_user_gmail.xlsx ===
[2026-07-06 11:06:51] [SUCCESS] === FICHIER COPIE AVEC SUCCES: Audit_user_gmail.xlsx ===
[2026-07-06 11:06:51] [WARN] Pas de mappage pour: Propriétaires de SERVICES_GENERAUX () - permission ignorée sur Audit_user_gmail.xlsx
[2026-07-06 11:06:51] [WARN] Pas de mappage pour: SERVICES_GENERAUX - Membres () - permission ignorée sur Audit_user_gmail.xlsx
[2026-07-06 11:06:52] [SUCCESS] Résolution: 'User test 02' (User) -> 9545ef82-e8d3-44ae-9c1f-aebebbb474c9
[2026-07-06 11:06:52] [SUCCESS] Permission appliquée: Equipe INFRA [write] -> Audit_user_gmail.xlsx
[2026-07-06 11:06:52] [WARN] [403] Permissions insuffisantes pour résoudre 'grp_test'. Vérifiez que l'app destination a User.Read.All ou GroupMember.Read.All.
[2026-07-06 11:06:52] [WARN] Impossible de résoudre 'grp_test' dans le tenant destination - permission ignorée
[2026-07-06 11:06:52] [WARN] Pas de mappage pour: SERVICES_GENERAUX - Visiteurs () - permission ignorée sur Audit_user_gmail.xlsx
[2026-07-06 11:06:52] [INFO] Traitement: /Capture d’écran 2026-01-27 172058.jpg (5 permission(s))
[2026-07-06 11:06:52] [INFO] === COPIE REELLE: Capture d’écran 2026-01-27 172058.jpg ===
[2026-07-06 11:06:54] [SUCCESS] === FICHIER COPIE AVEC SUCCES: Capture d’écran 2026-01-27 172058.jpg ===
[2026-07-06 11:06:54] [WARN] Pas de mappage pour: Propriétaires de SERVICES_GENERAUX () - permission ignorée sur Capture d’écran 2026-01-27 172058.jpg
[2026-07-06 11:06:54] [WARN] Pas de mappage pour: SERVICES_GENERAUX - Visiteurs () - permission ignorée sur Capture d’écran 2026-01-27 172058.jpg
[2026-07-06 11:06:54] [WARN] Pas de mappage pour: SERVICES_GENERAUX - Membres () - permission ignorée sur Capture d’écran 2026-01-27 172058.jpg
[2026-07-06 11:06:54] [SUCCESS] Permission appliquée: Equipe INFRA [write] -> Capture d’écran 2026-01-27 172058.jpg
[2026-07-06 11:06:54] [WARN] Impossible de résoudre 'grp_test' dans le tenant destination - permission ignorée
[2026-07-06 11:06:54] [INFO] Traitement: /Drive ECHOLINE/ (6 permission(s))
[2026-07-06 11:06:54] [INFO] === COPIE REELLE: Drive ECHOLINE ===
[2026-07-06 11:06:54] [SUCCESS] Dossier cree: Drive ECHOLINE
[2026-07-06 11:06:55] [WARN] Pas de mappage pour: Propriétaires de SERVICES_GENERAUX () - permission ignorée sur Drive ECHOLINE
[2026-07-06 11:06:55] [WARN] Impossible de résoudre 'grp_test' dans le tenant destination - permission ignorée
[2026-07-06 11:06:55] [SUCCESS] Permission appliquée: Equipe INFRA [write] -> Drive ECHOLINE
[2026-07-06 11:06:55] [SUCCESS] Résolution: 'FARADJI, Fethi' (User) -> 517e236b-5425-4efb-b7fe-cea82021362a
[2026-07-06 11:06:57] [SUCCESS] Permission appliquée: User 01 [write] -> Drive ECHOLINE
[2026-07-06 11:06:57] [WARN] Pas de mappage pour: SERVICES_GENERAUX - Membres () - permission ignorée sur Drive ECHOLINE
[2026-07-06 11:06:57] [WARN] Pas de mappage pour: SERVICES_GENERAUX - Visiteurs () - permission ignorée sur Drive ECHOLINE
[2026-07-06 11:06:57] [INFO] Traitement: /Drive ECHOLINE/01-Internal Ops/ (6 permission(s))
[2026-07-06 11:06:57] [INFO] === COPIE REELLE: Drive ECHOLINE/01-Internal Ops ===
[2026-07-06 11:06:58] [SUCCESS] Dossier cree: Drive ECHOLINE/01-Internal Ops
[2026-07-06 11:06:58] [WARN] Impossible de résoudre 'grp_test' dans le tenant destination - permission ignorée
[2026-07-06 11:06:58] [SUCCESS] Permission appliquée: Equipe INFRA [write] -> Drive ECHOLINE/01-Internal Ops
[2026-07-06 11:06:58] [WARN] Pas de mappage pour: Propriétaires de SERVICES_GENERAUX () - permission ignorée sur Drive ECHOLINE/01-Internal Ops
[2026-07-06 11:06:59] [SUCCESS] Permission appliquée: User 01 [write] -> Drive ECHOLINE/01-Internal Ops
[2026-07-06 11:06:59] [WARN] Pas de mappage pour: SERVICES_GENERAUX - Visiteurs () - permission ignorée sur Drive ECHOLINE/01-Internal Ops
[2026-07-06 11:06:59] [WARN] Pas de mappage pour: SERVICES_GENERAUX - Membres () - permission ignorée sur Drive ECHOLINE/01-Internal Ops
[2026-07-06 11:06:59] [INFO] Traitement: /Drive ECHOLINE/01-Internal Ops/A-Veilles et traitement/ (6 permission(s))
[2026-07-06 11:06:59] [INFO] === COPIE REELLE: Drive ECHOLINE/01-Internal Ops/A-Veilles et traitement ===
[2026-07-06 11:06:59] [SUCCESS] Dossier cree: Drive ECHOLINE/01-Internal Ops/A-Veilles et traitement
[2026-07-06 11:07:00] [WARN] Impossible de résoudre 'grp_test' dans le tenant destination - permission ignorée
[2026-07-06 11:07:01] [SUCCESS] Permission appliquée: Equipe INFRA [write] -> Drive ECHOLINE/01-Internal Ops/A-Veilles et traitement
[2026-07-06 11:07:01] [SUCCESS] Permission appliquée: User 01 [write] -> Drive ECHOLINE/01-Internal Ops/A-Veilles et traitement
[2026-07-06 11:07:01] [WARN] Pas de mappage pour: SERVICES_GENERAUX - Membres () - permission ignorée sur Drive ECHOLINE/01-Internal Ops/A-Veilles et traitement
[2026-07-06 11:07:01] [WARN] Pas de mappage pour: SERVICES_GENERAUX - Visiteurs () - permission ignorée sur Drive ECHOLINE/01-Internal Ops/A-Veilles et traitement
[2026-07-06 11:07:01] [WARN] Pas de mappage pour: Propriétaires de SERVICES_GENERAUX () - permission ignorée sur Drive ECHOLINE/01-Internal Ops/A-Veilles et traitement
[2026-07-06 11:07:01] [INFO] Traitement: /Drive ECHOLINE/01-Internal Ops/A-Veilles et traitement/00 - A - Documents accessibles par l'API/ (6 permission(s))
[2026-07-06 11:07:01] [INFO] === COPIE REELLE: Drive ECHOLINE/01-Internal Ops/A-Veilles et traitement/00 - A - Documents accessibles par l'API ===
[2026-07-06 11:07:02] [SUCCESS] Dossier cree: Drive ECHOLINE/01-Internal Ops/A-Veilles et traitement/00 - A - Documents accessibles par l'API
[2026-07-06 11:07:02] [SUCCESS] Permission appliquée: Equipe INFRA [write] -> Drive ECHOLINE/01-Internal Ops/A-Veilles et traitement/00 - A - Documents accessibles par l'API
[2026-07-06 11:07:02] [SUCCESS] Permission appliquée: User 01 [write] -> Drive ECHOLINE/01-Internal Ops/A-Veilles et traitement/00 - A - Documents accessibles par l'API
[2026-07-06 11:07:02] [WARN] Pas de mappage pour: SERVICES_GENERAUX - Membres () - permission ignorée sur Drive ECHOLINE/01-Internal Ops/A-Veilles et traitement/00 - A - Documents accessibles par l'API
[2026-07-06 11:07:02] [WARN] Pas de mappage pour: Propriétaires de SERVICES_GENERAUX () - permission ignorée sur Drive ECHOLINE/01-Internal Ops/A-Veilles et traitement/00 - A - Documents accessibles par l'API
[2026-07-06 11:07:02] [WARN] Pas de mappage pour: SERVICES_GENERAUX - Visiteurs () - permission ignorée sur Drive ECHOLINE/01-Internal Ops/A-Veilles et traitement/00 - A - Documents accessibles par l'API
[2026-07-06 11:07:03] [WARN] Impossible de résoudre 'grp_test' dans le tenant destination - permission ignorée
[2026-07-06 11:07:03] [INFO] Traitement: /Drive ECHOLINE/01-Internal Ops/A-Veilles et traitement/Veille reg. Allemagne/ (6 permission(s))
[2026-07-06 11:07:03] [INFO] === COPIE REELLE: Drive ECHOLINE/01-Internal Ops/A-Veilles et traitement/Veille reg. Allemagne ===
[2026-07-06 11:07:03] [SUCCESS] Dossier cree: Drive ECHOLINE/01-Internal Ops/A-Veilles et traitement/Veille reg. Allemagne
[2026-07-06 11:07:04] [WARN] Impossible de résoudre 'grp_test' dans le tenant destination - permission ignorée
[2026-07-06 11:07:04] [SUCCESS] Permission appliquée: Equipe INFRA [write] -> Drive ECHOLINE/01-Internal Ops/A-Veilles et traitement/Veille reg. Allemagne
[2026-07-06 11:07:04] [SUCCESS] Permission appliquée: User 01 [write] -> Drive ECHOLINE/01-Internal Ops/A-Veilles et traitement/Veille reg. Allemagne
[2026-07-06 11:07:04] [WARN] Pas de mappage pour: SERVICES_GENERAUX - Membres () - permission ignorée sur Drive ECHOLINE/01-Internal Ops/A-Veilles et traitement/Veille reg. Allemagne
[2026-07-06 11:07:04] [WARN] Pas de mappage pour: SERVICES_GENERAUX - Visiteurs () - permission ignorée sur Drive ECHOLINE/01-Internal Ops/A-Veilles et traitement/Veille reg. Allemagne
[2026-07-06 11:07:04] [WARN] Pas de mappage pour: Propriétaires de SERVICES_GENERAUX () - permission ignorée sur Drive ECHOLINE/01-Internal Ops/A-Veilles et traitement/Veille reg. Allemagne
[2026-07-06 11:07:04] [INFO] Traitement: /Drive ECHOLINE/01-Internal Ops/A-Veilles et traitement/Veille reg. Australie/ (6 permission(s))
[2026-07-06 11:07:04] [INFO] === COPIE REELLE: Drive ECHOLINE/01-Internal Ops/A-Veilles et traitement/Veille reg. Australie ===
[2026-07-06 11:07:05] [SUCCESS] Dossier cree: Drive ECHOLINE/01-Internal Ops/A-Veilles et traitement/Veille reg. Australie
[2026-07-06 11:07:05] [SUCCESS] Permission appliquée: User 01 [write] -> Drive ECHOLINE/01-Internal Ops/A-Veilles et traitement/Veille reg. Australie
[2026-07-06 11:07:05] [WARN] Pas de mappage pour: SERVICES_GENERAUX - Visiteurs () - permission ignorée sur Drive ECHOLINE/01-Internal Ops/A-Veilles et traitement/Veille reg. Australie
[2026-07-06 11:07:05] [WARN] Pas de mappage pour: Propriétaires de SERVICES_GENERAUX () - permission ignorée sur Drive ECHOLINE/01-Internal Ops/A-Veilles et traitement/Veille reg. Australie
[2026-07-06 11:07:05] [WARN] Pas de mappage pour: SERVICES_GENERAUX - Membres () - permission ignorée sur Drive ECHOLINE/01-Internal Ops/A-Veilles et traitement/Veille reg. Australie
[2026-07-06 11:07:05] [WARN] Impossible de résoudre 'grp_test' dans le tenant destination - permission ignorée
[2026-07-06 11:07:05] [SUCCESS] Permission appliquée: Equipe INFRA [write] -> Drive ECHOLINE/01-Internal Ops/A-Veilles et traitement/Veille reg. Australie
[2026-07-06 11:07:05] [INFO] Traitement: /Drive ECHOLINE/01-Internal Ops/A-Veilles et traitement/Veille reg. Belgique/ (6 permission(s))
[2026-07-06 11:07:05] [INFO] === COPIE REELLE: Drive ECHOLINE/01-Internal Ops/A-Veilles et traitement/Veille reg. Belgique ===
[2026-07-06 11:07:06] [SUCCESS] Dossier cree: Drive ECHOLINE/01-Internal Ops/A-Veilles et traitement/Veille reg. Belgique
[2026-07-06 11:07:06] [WARN] Impossible de résoudre 'grp_test' dans le tenant destination - permission ignorée
[2026-07-06 11:07:06] [SUCCESS] Permission appliquée: User 01 [write] -> Drive ECHOLINE/01-Internal Ops/A-Veilles et traitement/Veille reg. Belgique
[2026-07-06 11:07:06] [WARN] Pas de mappage pour: SERVICES_GENERAUX - Membres () - permission ignorée sur Drive ECHOLINE/01-Internal Ops/A-Veilles et traitement/Veille reg. Belgique
[2026-07-06 11:07:06] [WARN] Pas de mappage pour: SERVICES_GENERAUX - Visiteurs () - permission ignorée sur Drive ECHOLINE/01-Internal Ops/A-Veilles et traitement/Veille reg. Belgique
[2026-07-06 11:07:06] [WARN] Pas de mappage pour: Propriétaires de SERVICES_GENERAUX () - permission ignorée sur Drive ECHOLINE/01-Internal Ops/A-Veilles et traitement/Veille reg. Belgique
[2026-07-06 11:07:07] [SUCCESS] Permission appliquée: Equipe INFRA [write] -> Drive ECHOLINE/01-Internal Ops/A-Veilles et traitement/Veille reg. Belgique
[2026-07-06 11:07:07] [INFO] Traitement: /Drive ECHOLINE/01-Internal Ops/A-Veilles et traitement/Veille reg. Brésil/ (6 permission(s))
[2026-07-06 11:07:07] [INFO] === COPIE REELLE: Drive ECHOLINE/01-Internal Ops/A-Veilles et traitement/Veille reg. Brésil ===
[2026-07-06 11:07:08] [SUCCESS] Dossier cree: Drive ECHOLINE/01-Internal Ops/A-Veilles et traitement/Veille reg. Brésil
[2026-07-06 11:07:08] [DEBUG] [404] Item pas encore disponible, retry 1/3 dans 2s: Drive ECHOLINE/01-Internal Ops/A-Veilles et traitement/Veille reg. Brésil
[2026-07-06 11:07:10] [DEBUG] [404] Item pas encore disponible, retry 2/3 dans 2s: Drive ECHOLINE/01-Internal Ops/A-Veilles et traitement/Veille reg. Brésil
[2026-07-06 11:07:12] [DEBUG] [404] Item pas encore disponible, retry 3/3 dans 2s: Drive ECHOLINE/01-Internal Ops/A-Veilles et traitement/Veille reg. Brésil
[2026-07-06 11:07:14] [WARN] Impossible de récupérer l'item destination pour les droits: Drive ECHOLINE/01-Internal Ops/A-Veilles et traitement/Veille reg. Brésil - Le serveur distant a retourné une erreur : (404) Introuvable.
[2026-07-06 11:07:14] [INFO] Traitement: /Drive ECHOLINE/01-Internal Ops/A-Veilles et traitement/Veille reg. Canada/ (6 permission(s))
[2026-07-06 11:07:14] [INFO] === COPIE REELLE: Drive ECHOLINE/01-Internal Ops/A-Veilles et traitement/Veille reg. Canada ===
[2026-07-06 11:07:15] [SUCCESS] Dossier cree: Drive ECHOLINE/01-Internal Ops/A-Veilles et traitement/Veille reg. Canada
[2026-07-06 11:07:15] [SUCCESS] Permission appliquée: User 01 [write] -> Drive ECHOLINE/01-Internal Ops/A-Veilles et traitement/Veille reg. Canada
[2026-07-06 11:07:15] [WARN] Pas de mappage pour: SERVICES_GENERAUX - Membres () - permission ignorée sur Drive ECHOLINE/01-Internal Ops/A-Veilles et traitement/Veille reg. Canada
[2026-07-06 11:07:15] [WARN] Impossible de résoudre 'grp_test' dans le tenant destination - permission ignorée
[2026-07-06 11:07:15] [WARN] Pas de mappage pour: SERVICES_GENERAUX - Visiteurs () - permission ignorée sur Drive ECHOLINE/01-Internal Ops/A-Veilles et traitement/Veille reg. Canada
[2026-07-06 11:07:15] [WARN] Pas de mappage pour: Propriétaires de SERVICES_GENERAUX () - permission ignorée sur Drive ECHOLINE/01-Internal Ops/A-Veilles et traitement/Veille reg. Canada
[2026-07-06 11:07:15] [SUCCESS] Permission appliquée: Equipe INFRA [write] -> Drive ECHOLINE/01-Internal Ops/A-Veilles et traitement/Veille reg. Canada
[2026-07-06 11:07:15] [INFO] Traitement: /Drive ECHOLINE/01-Internal Ops/A-Veilles et traitement/Veille reg. Corée du Sud/ (6 permission(s))
[2026-07-06 11:07:15] [INFO] === COPIE REELLE: Drive ECHOLINE/01-Internal Ops/A-Veilles et traitement/Veille reg. Corée du Sud ===
[2026-07-06 11:07:16] [SUCCESS] Dossier cree: Drive ECHOLINE/01-Internal Ops/A-Veilles et traitement/Veille reg. Corée du Sud
[2026-07-06 11:07:17] [DEBUG] [404] Item pas encore disponible, retry 1/3 dans 2s: Drive ECHOLINE/01-Internal Ops/A-Veilles et traitement/Veille reg. Corée du Sud
[2026-07-06 11:07:19] [DEBUG] [404] Item pas encore disponible, retry 2/3 dans 2s: Drive ECHOLINE/01-Internal Ops/A-Veilles et traitement/Veille reg. Corée du Sud
[2026-07-06 11:07:21] [DEBUG] [404] Item pas encore disponible, retry 3/3 dans 2s: Drive ECHOLINE/01-Internal Ops/A-Veilles et traitement/Veille reg. Corée du Sud
[2026-07-06 11:07:23] [WARN] Impossible de récupérer l'item destination pour les droits: Drive ECHOLINE/01-Internal Ops/A-Veilles et traitement/Veille reg. Corée du Sud - Le serveur distant a retourné une erreur : (404) Introuvable.
[2026-07-06 11:07:23] [INFO] Traitement: /Drive ECHOLINE/01-Internal Ops/A-Veilles et traitement/Veille reg. Espagne/ (6 permission(s))
[2026-07-06 11:07:23] [INFO] === COPIE REELLE: Drive ECHOLINE/01-Internal Ops/A-Veilles et traitement/Veille reg. Espagne ===
[2026-07-06 11:07:24] [SUCCESS] Dossier cree: Drive ECHOLINE/01-Internal Ops/A-Veilles et traitement/Veille reg. Espagne
[2026-07-06 11:07:24] [SUCCESS] Permission appliquée: User 01 [write] -> Drive ECHOLINE/01-Internal Ops/A-Veilles et traitement/Veille reg. Espagne
[2026-07-06 11:07:24] [WARN] Pas de mappage pour: SERVICES_GENERAUX - Membres () - permission ignorée sur Drive ECHOLINE/01-Internal Ops/A-Veilles et traitement/Veille reg. Espagne
[2026-07-06 11:07:24] [WARN] Pas de mappage pour: SERVICES_GENERAUX - Visiteurs () - permission ignorée sur Drive ECHOLINE/01-Internal Ops/A-Veilles et traitement/Veille reg. Espagne
[2026-07-06 11:07:24] [WARN] Pas de mappage pour: Propriétaires de SERVICES_GENERAUX () - permission ignorée sur Drive ECHOLINE/01-Internal Ops/A-Veilles et traitement/Veille reg. Espagne
[2026-07-06 11:07:24] [SUCCESS] Permission appliquée: Equipe INFRA [write] -> Drive ECHOLINE/01-Internal Ops/A-Veilles et traitement/Veille reg. Espagne
[2026-07-06 11:07:24] [WARN] Impossible de résoudre 'grp_test' dans le tenant destination - permission ignorée
[2026-07-06 11:07:24] [INFO] Traitement: /Drive ECHOLINE/01-Internal Ops/A-Veilles et traitement/Veille reg. Estonie/ (6 permission(s))
[2026-07-06 11:07:24] [INFO] === COPIE REELLE: Drive ECHOLINE/01-Internal Ops/A-Veilles et traitement/Veille reg. Estonie ===
[2026-07-06 11:07:25] [SUCCESS] Dossier cree: Drive ECHOLINE/01-Internal Ops/A-Veilles et traitement/Veille reg. Estonie
[2026-07-06 11:07:25] [WARN] Impossible de résoudre 'grp_test' dans le tenant destination - permission ignorée
[2026-07-06 11:07:25] [WARN] Pas de mappage pour: Propriétaires de SERVICES_GENERAUX () - permission ignorée sur Drive ECHOLINE/01-Internal Ops/A-Veilles et traitement/Veille reg. Estonie
[2026-07-06 11:07:25] [WARN] Pas de mappage pour: SERVICES_GENERAUX - Visiteurs () - permission ignorée sur Drive ECHOLINE/01-Internal Ops/A-Veilles et traitement/Veille reg. Estonie
[2026-07-06 11:07:25] [WARN] Pas de mappage pour: SERVICES_GENERAUX - Membres () - permission ignorée sur Drive ECHOLINE/01-Internal Ops/A-Veilles et traitement/Veille reg. Estonie
[2026-07-06 11:07:26] [SUCCESS] Permission appliquée: User 01 [write] -> Drive ECHOLINE/01-Internal Ops/A-Veilles et traitement/Veille reg. Estonie
[2026-07-06 11:07:26] [SUCCESS] Permission appliquée: Equipe INFRA [write] -> Drive ECHOLINE/01-Internal Ops/A-Veilles et traitement/Veille reg. Estonie
[2026-07-06 11:07:26] [INFO] Traitement: /Drive ECHOLINE/01-Internal Ops/A-Veilles et traitement/Veille reg. Europe/ (6 permission(s))
[2026-07-06 11:07:26] [INFO] === COPIE REELLE: Drive ECHOLINE/01-Internal Ops/A-Veilles et traitement/Veille reg. Europe ===
[2026-07-06 11:07:27] [SUCCESS] Dossier cree: Drive ECHOLINE/01-Internal Ops/A-Veilles et traitement/Veille reg. Europe
[2026-07-06 11:07:27] [SUCCESS] Permission appliquée: User 01 [write] -> Drive ECHOLINE/01-Internal Ops/A-Veilles et traitement/Veille reg. Europe
[2026-07-06 11:07:27] [WARN] Pas de mappage pour: Propriétaires de SERVICES_GENERAUX () - permission ignorée sur Drive ECHOLINE/01-Internal Ops/A-Veilles et traitement/Veille reg. Europe
[2026-07-06 11:07:27] [WARN] Pas de mappage pour: SERVICES_GENERAUX - Visiteurs () - permission ignorée sur Drive ECHOLINE/01-Internal Ops/A-Veilles et traitement/Veille reg. Europe
[2026-07-06 11:07:27] [WARN] Pas de mappage pour: SERVICES_GENERAUX - Membres () - permission ignorée sur Drive ECHOLINE/01-Internal Ops/A-Veilles et traitement/Veille reg. Europe
[2026-07-06 11:07:27] [SUCCESS] Permission appliquée: Equipe INFRA [write] -> Drive ECHOLINE/01-Internal Ops/A-Veilles et traitement/Veille reg. Europe
[2026-07-06 11:07:27] [WARN] Impossible de résoudre 'grp_test' dans le tenant destination - permission ignorée
[2026-07-06 11:07:27] [INFO] Traitement: /Drive ECHOLINE/01-Internal Ops/A-Veilles et traitement/Veille reg. Finlande/ (6 permission(s))
[2026-07-06 11:07:27] [INFO] === COPIE REELLE: Drive ECHOLINE/01-Internal Ops/A-Veilles et traitement/Veille reg. Finlande ===
[2026-07-06 11:07:28] [SUCCESS] Dossier cree: Drive ECHOLINE/01-Internal Ops/A-Veilles et traitement/Veille reg. Finlande
[2026-07-06 11:07:28] [WARN] Impossible de résoudre 'grp_test' dans le tenant destination - permission ignorée
[2026-07-06 11:07:29] [SUCCESS] Permission appliquée: Equipe INFRA [write] -> Drive ECHOLINE/01-Internal Ops/A-Veilles et traitement/Veille reg. Finlande
[2026-07-06 11:07:29] [SUCCESS] Permission appliquée: User 01 [write] -> Drive ECHOLINE/01-Internal Ops/A-Veilles et traitement/Veille reg. Finlande
[2026-07-06 11:07:29] [WARN] Pas de mappage pour: SERVICES_GENERAUX - Membres () - permission ignorée sur Drive ECHOLINE/01-Internal Ops/A-Veilles et traitement/Veille reg. Finlande
[2026-07-06 11:07:29] [WARN] Pas de mappage pour: SERVICES_GENERAUX - Visiteurs () - permission ignorée sur Drive ECHOLINE/01-Internal Ops/A-Veilles et traitement/Veille reg. Finlande
[2026-07-06 11:07:29] [WARN] Pas de mappage pour: Propriétaires de SERVICES_GENERAUX () - permission ignorée sur Drive ECHOLINE/01-Internal Ops/A-Veilles et traitement/Veille reg. Finlande
[2026-07-06 11:07:29] [INFO] Traitement: /Drive ECHOLINE/01-Internal Ops/A-Veilles et traitement/Veille reg. France/ (6 permission(s))
[2026-07-06 11:07:29] [INFO] === COPIE REELLE: Drive ECHOLINE/01-Internal Ops/A-Veilles et traitement/Veille reg. France ===
[2026-07-06 11:07:30] [SUCCESS] Dossier cree: Drive ECHOLINE/01-Internal Ops/A-Veilles et traitement/Veille reg. France
[2026-07-06 11:07:30] [WARN] Pas de mappage pour: SERVICES_GENERAUX - Membres () - permission ignorée sur Drive ECHOLINE/01-Internal Ops/A-Veilles et traitement/Veille reg. France
[2026-07-06 11:07:30] [WARN] Impossible de résoudre 'grp_test' dans le tenant destination - permission ignorée
[2026-07-06 11:07:30] [WARN] Pas de mappage pour: SERVICES_GENERAUX - Visiteurs () - permission ignorée sur Drive ECHOLINE/01-Internal Ops/A-Veilles et traitement/Veille reg. France
[2026-07-06 11:07:30] [WARN] Pas de mappage pour: Propriétaires de SERVICES_GENERAUX () - permission ignorée sur Drive ECHOLINE/01-Internal Ops/A-Veilles et traitement/Veille reg. France
[2026-07-06 11:07:30] [SUCCESS] Permission appliquée: User 01 [write] -> Drive ECHOLINE/01-Internal Ops/A-Veilles et traitement/Veille reg. France
[2026-07-06 11:07:30] [SUCCESS] Permission appliquée: Equipe INFRA [write] -> Drive ECHOLINE/01-Internal Ops/A-Veilles et traitement/Veille reg. France
[2026-07-06 11:07:30] [INFO] Traitement: /Drive ECHOLINE/01-Internal Ops/A-Veilles et traitement/Veille reg. Inde/ (6 permission(s))
[2026-07-06 11:07:30] [INFO] === COPIE REELLE: Drive ECHOLINE/01-Internal Ops/A-Veilles et traitement/Veille reg. Inde ===
[2026-07-06 11:07:31] [SUCCESS] Dossier cree: Drive ECHOLINE/01-Internal Ops/A-Veilles et traitement/Veille reg. Inde
[2026-07-06 11:07:31] [WARN] Impossible de résoudre 'grp_test' dans le tenant destination - permission ignorée
[2026-07-06 11:07:31] [WARN] Pas de mappage pour: Propriétaires de SERVICES_GENERAUX () - permission ignorée sur Drive ECHOLINE/01-Internal Ops/A-Veilles et traitement/Veille reg. Inde
[2026-07-06 11:07:31] [WARN] Pas de mappage pour: SERVICES_GENERAUX - Visiteurs () - permission ignorée sur Drive ECHOLINE/01-Internal Ops/A-Veilles et traitement/Veille reg. Inde
[2026-07-06 11:07:31] [WARN] Pas de mappage pour: SERVICES_GENERAUX - Membres () - permission ignorée sur Drive ECHOLINE/01-Internal Ops/A-Veilles et traitement/Veille reg. Inde
[2026-07-06 11:07:31] [SUCCESS] Permission appliquée: User 01 [write] -> Drive ECHOLINE/01-Internal Ops/A-Veilles et traitement/Veille reg. Inde
[2026-07-06 11:07:32] [SUCCESS] Permission appliquée: Equipe INFRA [write] -> Drive ECHOLINE/01-Internal Ops/A-Veilles et traitement/Veille reg. Inde
[2026-07-06 11:07:32] [INFO] Traitement: /Drive ECHOLINE/01-Internal Ops/A-Veilles et traitement/Veille reg. Irlande/ (6 permission(s))
[2026-07-06 11:07:32] [INFO] === COPIE REELLE: Drive ECHOLINE/01-Internal Ops/A-Veilles et traitement/Veille reg. Irlande ===
[2026-07-06 11:07:33] [SUCCESS] Dossier cree: Drive ECHOLINE/01-Internal Ops/A-Veilles et traitement/Veille reg. Irlande
[2026-07-06 11:07:33] [WARN] Pas de mappage pour: Propriétaires de SERVICES_GENERAUX () - permission ignorée sur Drive ECHOLINE/01-Internal Ops/A-Veilles et traitement/Veille reg. Irlande
[2026-07-06 11:07:33] [WARN] Pas de mappage pour: SERVICES_GENERAUX - Visiteurs () - permission ignorée sur Drive ECHOLINE/01-Internal Ops/A-Veilles et traitement/Veille reg. Irlande
[2026-07-06 11:07:33] [WARN] Pas de mappage pour: SERVICES_GENERAUX - Membres () - permission ignorée sur Drive ECHOLINE/01-Internal Ops/A-Veilles et traitement/Veille reg. Irlande
[2026-07-06 11:07:33] [SUCCESS] Permission appliquée: User 01 [write] -> Drive ECHOLINE/01-Internal Ops/A-Veilles et traitement/Veille reg. Irlande
[2026-07-06 11:07:33] [SUCCESS] Permission appliquée: Equipe INFRA [write] -> Drive ECHOLINE/01-Internal Ops/A-Veilles et traitement/Veille reg. Irlande
[2026-07-06 11:07:33] [WARN] Impossible de résoudre 'grp_test' dans le tenant destination - permission ignorée
[2026-07-06 11:07:33] [INFO] Traitement: /Drive ECHOLINE/01-Internal Ops/A-Veilles et traitement/Veille reg. Italie/ (6 permission(s))
[2026-07-06 11:07:33] [INFO] === COPIE REELLE: Drive ECHOLINE/01-Internal Ops/A-Veilles et traitement/Veille reg. Italie ===
[2026-07-06 11:07:34] [SUCCESS] Dossier cree: Drive ECHOLINE/01-Internal Ops/A-Veilles et traitement/Veille reg. Italie
[2026-07-06 11:07:34] [WARN] Pas de mappage pour: Propriétaires de SERVICES_GENERAUX () - permission ignorée sur Drive ECHOLINE/01-Internal Ops/A-Veilles et traitement/Veille reg. Italie
[2026-07-06 11:07:34] [WARN] Impossible de résoudre 'grp_test' dans le tenant destination - permission ignorée
[2026-07-06 11:07:34] [SUCCESS] Permission appliquée: Equipe INFRA [write] -> Drive ECHOLINE/01-Internal Ops/A-Veilles et traitement/Veille reg. Italie
[2026-07-06 11:07:35] [SUCCESS] Permission appliquée: User 01 [write] -> Drive ECHOLINE/01-Internal Ops/A-Veilles et traitement/Veille reg. Italie
[2026-07-06 11:07:35] [WARN] Pas de mappage pour: SERVICES_GENERAUX - Membres () - permission ignorée sur Drive ECHOLINE/01-Internal Ops/A-Veilles et traitement/Veille reg. Italie
[2026-07-06 11:07:35] [WARN] Pas de mappage pour: SERVICES_GENERAUX - Visiteurs () - permission ignorée sur Drive ECHOLINE/01-Internal Ops/A-Veilles et traitement/Veille reg. Italie
[2026-07-06 11:07:35] [INFO] Traitement: /Drive ECHOLINE/01-Internal Ops/A-Veilles et traitement/Veille reg. Luxembourg/ (6 permission(s))
[2026-07-06 11:07:35] [INFO] === COPIE REELLE: Drive ECHOLINE/01-Internal Ops/A-Veilles et traitement/Veille reg. Luxembourg ===
[2026-07-06 11:07:35] [SUCCESS] Dossier cree: Drive ECHOLINE/01-Internal Ops/A-Veilles et traitement/Veille reg. Luxembourg
[2026-07-06 11:07:35] [WARN] Pas de mappage pour: Propriétaires de SERVICES_GENERAUX () - permission ignorée sur Drive ECHOLINE/01-Internal Ops/A-Veilles et traitement/Veille reg. Luxembourg
[2026-07-06 11:07:35] [WARN] Pas de mappage pour: SERVICES_GENERAUX - Membres () - permission ignorée sur Drive ECHOLINE/01-Internal Ops/A-Veilles et traitement/Veille reg. Luxembourg
[2026-07-06 11:07:36] [SUCCESS] Permission appliquée: Equipe INFRA [write] -> Drive ECHOLINE/01-Internal Ops/A-Veilles et traitement/Veille reg. Luxembourg
[2026-07-06 11:07:36] [WARN] Impossible de résoudre 'grp_test' dans le tenant destination - permission ignorée
[2026-07-06 11:07:36] [WARN] Pas de mappage pour: SERVICES_GENERAUX - Visiteurs () - permission ignorée sur Drive ECHOLINE/01-Internal Ops/A-Veilles et traitement/Veille reg. Luxembourg
[2026-07-06 11:07:36] [SUCCESS] Permission appliquée: User 01 [write] -> Drive ECHOLINE/01-Internal Ops/A-Veilles et traitement/Veille reg. Luxembourg
[2026-07-06 11:07:36] [INFO] Traitement: /Drive ECHOLINE/01-Internal Ops/A-Veilles et traitement/Veille reg. Malaysie/ (6 permission(s))
[2026-07-06 11:07:36] [INFO] === COPIE REELLE: Drive ECHOLINE/01-Internal Ops/A-Veilles et traitement/Veille reg. Malaysie ===
[2026-07-06 11:07:37] [SUCCESS] Dossier cree: Drive ECHOLINE/01-Internal Ops/A-Veilles et traitement/Veille reg. Malaysie
[2026-07-06 11:07:37] [WARN] Impossible de résoudre 'grp_test' dans le tenant destination - permission ignorée
[2026-07-06 11:07:37] [SUCCESS] Permission appliquée: Equipe INFRA [write] -> Drive ECHOLINE/01-Internal Ops/A-Veilles et traitement/Veille reg. Malaysie
[2026-07-06 11:07:37] [SUCCESS] Permission appliquée: User 01 [write] -> Drive ECHOLINE/01-Internal Ops/A-Veilles et traitement/Veille reg. Malaysie
[2026-07-06 11:07:37] [WARN] Pas de mappage pour: SERVICES_GENERAUX - Membres () - permission ignorée sur Drive ECHOLINE/01-Internal Ops/A-Veilles et traitement/Veille reg. Malaysie
[2026-07-06 11:07:37] [WARN] Pas de mappage pour: SERVICES_GENERAUX - Visiteurs () - permission ignorée sur Drive ECHOLINE/01-Internal Ops/A-Veilles et traitement/Veille reg. Malaysie
[2026-07-06 11:07:37] [WARN] Pas de mappage pour: Propriétaires de SERVICES_GENERAUX () - permission ignorée sur Drive ECHOLINE/01-Internal Ops/A-Veilles et traitement/Veille reg. Malaysie
[2026-07-06 11:07:37] [INFO] Traitement: /Drive ECHOLINE/01-Internal Ops/A-Veilles et traitement/Veille reg. Maroc/ (6 permission(s))
[2026-07-06 11:07:37] [INFO] === COPIE REELLE: Drive ECHOLINE/01-Internal Ops/A-Veilles et traitement/Veille reg. Maroc ===
[2026-07-06 11:07:38] [SUCCESS] Dossier cree: Drive ECHOLINE/01-Internal Ops/A-Veilles et traitement/Veille reg. Maroc
[2026-07-06 11:07:38] [SUCCESS] Permission appliquée: Equipe INFRA [write] -> Drive ECHOLINE/01-Internal Ops/A-Veilles et traitement/Veille reg. Maroc
[2026-07-06 11:07:38] [WARN] Pas de mappage pour: Propriétaires de SERVICES_GENERAUX () - permission ignorée sur Drive ECHOLINE/01-Internal Ops/A-Veilles et traitement/Veille reg. Maroc
[2026-07-06 11:07:38] [WARN] Pas de mappage pour: SERVICES_GENERAUX - Visiteurs () - permission ignorée sur Drive ECHOLINE/01-Internal Ops/A-Veilles et traitement/Veille reg. Maroc
[2026-07-06 11:07:38] [WARN] Pas de mappage pour: SERVICES_GENERAUX - Membres () - permission ignorée sur Drive ECHOLINE/01-Internal Ops/A-Veilles et traitement/Veille reg. Maroc
[2026-07-06 11:07:38] [SUCCESS] Permission appliquée: User 01 [write] -> Drive ECHOLINE/01-Internal Ops/A-Veilles et traitement/Veille reg. Maroc
[2026-07-06 11:07:38] [WARN] Impossible de résoudre 'grp_test' dans le tenant destination - permission ignorée
[2026-07-06 11:07:38] [INFO] Traitement: /Drive ECHOLINE/01-Internal Ops/A-Veilles et traitement/Veille reg. Pologne/ (6 permission(s))
[2026-07-06 11:07:38] [INFO] === COPIE REELLE: Drive ECHOLINE/01-Internal Ops/A-Veilles et traitement/Veille reg. Pologne ===
[2026-07-06 11:07:39] [SUCCESS] Dossier cree: Drive ECHOLINE/01-Internal Ops/A-Veilles et traitement/Veille reg. Pologne
[2026-07-06 11:07:39] [WARN] Impossible de résoudre 'grp_test' dans le tenant destination - permission ignorée
[2026-07-06 11:07:39] [WARN] Pas de mappage pour: Propriétaires de SERVICES_GENERAUX () - permission ignorée sur Drive ECHOLINE/01-Internal Ops/A-Veilles et traitement/Veille reg. Pologne
[2026-07-06 11:07:40] [SUCCESS] Permission appliquée: Equipe INFRA [write] -> Drive ECHOLINE/01-Internal Ops/A-Veilles et traitement/Veille reg. Pologne
[2026-07-06 11:07:40] [WARN] Pas de mappage pour: SERVICES_GENERAUX - Visiteurs () - permission ignorée sur Drive ECHOLINE/01-Internal Ops/A-Veilles et traitement/Veille reg. Pologne
[2026-07-06 11:07:40] [WARN] Pas de mappage pour: SERVICES_GENERAUX - Membres () - permission ignorée sur Drive ECHOLINE/01-Internal Ops/A-Veilles et traitement/Veille reg. Pologne
[2026-07-06 11:07:41] [SUCCESS] Permission appliquée: User 01 [write] -> Drive ECHOLINE/01-Internal Ops/A-Veilles et traitement/Veille reg. Pologne
[2026-07-06 11:07:41] [INFO] Traitement: /Drive ECHOLINE/01-Internal Ops/A-Veilles et traitement/Veille reg. Portugal/ (6 permission(s))
[2026-07-06 11:07:41] [INFO] === COPIE REELLE: Drive ECHOLINE/01-Internal Ops/A-Veilles et traitement/Veille reg. Portugal ===
[2026-07-06 11:07:42] [SUCCESS] Dossier cree: Drive ECHOLINE/01-Internal Ops/A-Veilles et traitement/Veille reg. Portugal
[2026-07-06 11:07:42] [WARN] Impossible de résoudre 'grp_test' dans le tenant destination - permission ignorée
[2026-07-06 11:07:42] [SUCCESS] Permission appliquée: Equipe INFRA [write] -> Drive ECHOLINE/01-Internal Ops/A-Veilles et traitement/Veille reg. Portugal
[2026-07-06 11:07:42] [SUCCESS] Permission appliquée: User 01 [write] -> Drive ECHOLINE/01-Internal Ops/A-Veilles et traitement/Veille reg. Portugal
[2026-07-06 11:07:42] [WARN] Pas de mappage pour: SERVICES_GENERAUX - Membres () - permission ignorée sur Drive ECHOLINE/01-Internal Ops/A-Veilles et traitement/Veille reg. Portugal
[2026-07-06 11:07:42] [WARN] Pas de mappage pour: SERVICES_GENERAUX - Visiteurs () - permission ignorée sur Drive ECHOLINE/01-Internal Ops/A-Veilles et traitement/Veille reg. Portugal
[2026-07-06 11:07:42] [WARN] Pas de mappage pour: Propriétaires de SERVICES_GENERAUX () - permission ignorée sur Drive ECHOLINE/01-Internal Ops/A-Veilles et traitement/Veille reg. Portugal
[2026-07-06 11:07:42] [INFO] Traitement: /Drive ECHOLINE/01-Internal Ops/A-Veilles et traitement/Veille reg. Royaume-Uni/ (6 permission(s))
[2026-07-06 11:07:42] [INFO] === COPIE REELLE: Drive ECHOLINE/01-Internal Ops/A-Veilles et traitement/Veille reg. Royaume-Uni ===
[2026-07-06 11:07:43] [SUCCESS] Dossier cree: Drive ECHOLINE/01-Internal Ops/A-Veilles et traitement/Veille reg. Royaume-Uni
[2026-07-06 11:07:43] [SUCCESS] Permission appliquée: User 01 [write] -> Drive ECHOLINE/01-Internal Ops/A-Veilles et traitement/Veille reg. Royaume-Uni
[2026-07-06 11:07:43] [WARN] Pas de mappage pour: Propriétaires de SERVICES_GENERAUX () - permission ignorée sur Drive ECHOLINE/01-Internal Ops/A-Veilles et traitement/Veille reg. Royaume-Uni
[2026-07-06 11:07:43] [WARN] Pas de mappage pour: SERVICES_GENERAUX - Visiteurs () - permission ignorée sur Drive ECHOLINE/01-Internal Ops/A-Veilles et traitement/Veille reg. Royaume-Uni
[2026-07-06 11:07:43] [WARN] Pas de mappage pour: SERVICES_GENERAUX - Membres () - permission ignorée sur Drive ECHOLINE/01-Internal Ops/A-Veilles et traitement/Veille reg. Royaume-Uni
[2026-07-06 11:07:43] [SUCCESS] Permission appliquée: Equipe INFRA [write] -> Drive ECHOLINE/01-Internal Ops/A-Veilles et traitement/Veille reg. Royaume-Uni
[2026-07-06 11:07:43] [WARN] Impossible de résoudre 'grp_test' dans le tenant destination - permission ignorée
[2026-07-06 11:07:43] [INFO] Traitement: /Drive ECHOLINE/01-Internal Ops/A-Veilles et traitement/Veille reg. Singapour/ (6 permission(s))
[2026-07-06 11:07:43] [INFO] === COPIE REELLE: Drive ECHOLINE/01-Internal Ops/A-Veilles et traitement/Veille reg. Singapour ===
[2026-07-06 11:07:44] [SUCCESS] Dossier cree: Drive ECHOLINE/01-Internal Ops/A-Veilles et traitement/Veille reg. Singapour
[2026-07-06 11:07:44] [WARN] Impossible de résoudre 'grp_test' dans le tenant destination - permission ignorée
[2026-07-06 11:07:44] [WARN] Pas de mappage pour: Propriétaires de SERVICES_GENERAUX () - permission ignorée sur Drive ECHOLINE/01-Internal Ops/A-Veilles et traitement/Veille reg. Singapour
[2026-07-06 11:07:44] [WARN] Pas de mappage pour: SERVICES_GENERAUX - Visiteurs () - permission ignorée sur Drive ECHOLINE/01-Internal Ops/A-Veilles et traitement/Veille reg. Singapour
[2026-07-06 11:07:44] [WARN] Pas de mappage pour: SERVICES_GENERAUX - Membres () - permission ignorée sur Drive ECHOLINE/01-Internal Ops/A-Veilles et traitement/Veille reg. Singapour
[2026-07-06 11:07:45] [SUCCESS] Permission appliquée: Equipe INFRA [write] -> Drive ECHOLINE/01-Internal Ops/A-Veilles et traitement/Veille reg. Singapour
[2026-07-06 11:07:45] [SUCCESS] Permission appliquée: User 01 [write] -> Drive ECHOLINE/01-Internal Ops/A-Veilles et traitement/Veille reg. Singapour
[2026-07-06 11:07:45] [INFO] Traitement: /Drive ECHOLINE/01-Internal Ops/A-Veilles et traitement/Veille reg. Suède/ (6 permission(s))
[2026-07-06 11:07:45] [INFO] === COPIE REELLE: Drive ECHOLINE/01-Internal Ops/A-Veilles et traitement/Veille reg. Suède ===
[2026-07-06 11:07:46] [SUCCESS] Dossier cree: Drive ECHOLINE/01-Internal Ops/A-Veilles et traitement/Veille reg. Suède
[2026-07-06 11:07:46] [DEBUG] [404] Item pas encore disponible, retry 1/3 dans 2s: Drive ECHOLINE/01-Internal Ops/A-Veilles et traitement/Veille reg. Suède
[2026-07-06 11:07:48] [DEBUG] [404] Item pas encore disponible, retry 2/3 dans 2s: Drive ECHOLINE/01-Internal Ops/A-Veilles et traitement/Veille reg. Suède
[2026-07-06 11:07:50] [DEBUG] [404] Item pas encore disponible, retry 3/3 dans 2s: Drive ECHOLINE/01-Internal Ops/A-Veilles et traitement/Veille reg. Suède
[2026-07-06 11:07:53] [WARN] Impossible de récupérer l'item destination pour les droits: Drive ECHOLINE/01-Internal Ops/A-Veilles et traitement/Veille reg. Suède - Le serveur distant a retourné une erreur : (404) Introuvable.
[2026-07-06 11:07:53] [INFO] Traitement: /Drive ECHOLINE/01-Internal Ops/A-Veilles et traitement/Veille reg. Suisse/ (6 permission(s))
[2026-07-06 11:07:53] [INFO] === COPIE REELLE: Drive ECHOLINE/01-Internal Ops/A-Veilles et traitement/Veille reg. Suisse ===
[2026-07-06 11:07:53] [SUCCESS] Dossier cree: Drive ECHOLINE/01-Internal Ops/A-Veilles et traitement/Veille reg. Suisse
[2026-07-06 11:07:54] [SUCCESS] Permission appliquée: Equipe INFRA [write] -> Drive ECHOLINE/01-Internal Ops/A-Veilles et traitement/Veille reg. Suisse
[2026-07-06 11:07:54] [SUCCESS] Permission appliquée: User 01 [write] -> Drive ECHOLINE/01-Internal Ops/A-Veilles et traitement/Veille reg. Suisse
[2026-07-06 11:07:54] [WARN] Pas de mappage pour: SERVICES_GENERAUX - Membres () - permission ignorée sur Drive ECHOLINE/01-Internal Ops/A-Veilles et traitement/Veille reg. Suisse
[2026-07-06 11:07:54] [WARN] Pas de mappage pour: Propriétaires de SERVICES_GENERAUX () - permission ignorée sur Drive ECHOLINE/01-Internal Ops/A-Veilles et traitement/Veille reg. Suisse
[2026-07-06 11:07:54] [WARN] Pas de mappage pour: SERVICES_GENERAUX - Visiteurs () - permission ignorée sur Drive ECHOLINE/01-Internal Ops/A-Veilles et traitement/Veille reg. Suisse
[2026-07-06 11:07:54] [WARN] Impossible de résoudre 'grp_test' dans le tenant destination - permission ignorée
[2026-07-06 11:07:54] [INFO] Traitement: /Drive ECHOLINE/01-Internal Ops/A-Veilles et traitement/Veille reg. Tunisie/ (6 permission(s))
[2026-07-06 11:07:54] [INFO] === COPIE REELLE: Drive ECHOLINE/01-Internal Ops/A-Veilles et traitement/Veille reg. Tunisie ===
[2026-07-06 11:07:55] [SUCCESS] Dossier cree: Drive ECHOLINE/01-Internal Ops/A-Veilles et traitement/Veille reg. Tunisie
[2026-07-06 11:07:55] [SUCCESS] Permission appliquée: Equipe INFRA [write] -> Drive ECHOLINE/01-Internal Ops/A-Veilles et traitement/Veille reg. Tunisie
[2026-07-06 11:07:55] [SUCCESS] Permission appliquée: User 01 [write] -> Drive ECHOLINE/01-Internal Ops/A-Veilles et traitement/Veille reg. Tunisie
[2026-07-06 11:07:55] [WARN] Pas de mappage pour: SERVICES_GENERAUX - Membres () - permission ignorée sur Drive ECHOLINE/01-Internal Ops/A-Veilles et traitement/Veille reg. Tunisie
[2026-07-06 11:07:55] [WARN] Pas de mappage pour: SERVICES_GENERAUX - Visiteurs () - permission ignorée sur Drive ECHOLINE/01-Internal Ops/A-Veilles et traitement/Veille reg. Tunisie
[2026-07-06 11:07:55] [WARN] Pas de mappage pour: Propriétaires de SERVICES_GENERAUX () - permission ignorée sur Drive ECHOLINE/01-Internal Ops/A-Veilles et traitement/Veille reg. Tunisie
[2026-07-06 11:07:55] [WARN] Impossible de résoudre 'grp_test' dans le tenant destination - permission ignorée
[2026-07-06 11:07:55] [INFO] Traitement: /Drive ECHOLINE/01-Internal Ops/A-Veilles et traitement/Veille reg. USA/ (6 permission(s))
[2026-07-06 11:07:55] [INFO] === COPIE REELLE: Drive ECHOLINE/01-Internal Ops/A-Veilles et traitement/Veille reg. USA ===
[2026-07-06 11:07:56] [SUCCESS] Dossier cree: Drive ECHOLINE/01-Internal Ops/A-Veilles et traitement/Veille reg. USA
[2026-07-06 11:07:57] [SUCCESS] Permission appliquée: User 01 [write] -> Drive ECHOLINE/01-Internal Ops/A-Veilles et traitement/Veille reg. USA
[2026-07-06 11:07:57] [WARN] Pas de mappage pour: SERVICES_GENERAUX - Membres () - permission ignorée sur Drive ECHOLINE/01-Internal Ops/A-Veilles et traitement/Veille reg. USA
[2026-07-06 11:07:57] [WARN] Pas de mappage pour: SERVICES_GENERAUX - Visiteurs () - permission ignorée sur Drive ECHOLINE/01-Internal Ops/A-Veilles et traitement/Veille reg. USA
[2026-07-06 11:07:57] [WARN] Pas de mappage pour: Propriétaires de SERVICES_GENERAUX () - permission ignorée sur Drive ECHOLINE/01-Internal Ops/A-Veilles et traitement/Veille reg. USA
[2026-07-06 11:07:57] [WARN] Impossible de résoudre 'grp_test' dans le tenant destination - permission ignorée
[2026-07-06 11:07:57] [SUCCESS] Permission appliquée: Equipe INFRA [write] -> Drive ECHOLINE/01-Internal Ops/A-Veilles et traitement/Veille reg. USA
[2026-07-06 11:07:57] [INFO] Traitement: /Drive ECHOLINE/01-Internal Ops/B-Partenaires veille int._/ (6 permission(s))
[2026-07-06 11:07:57] [INFO] === COPIE REELLE: Drive ECHOLINE/01-Internal Ops/B-Partenaires veille int._ ===
[2026-07-06 11:07:57] [SUCCESS] Dossier cree: Drive ECHOLINE/01-Internal Ops/B-Partenaires veille int._
[2026-07-06 11:07:58] [WARN] Impossible de résoudre 'grp_test' dans le tenant destination - permission ignorée
[2026-07-06 11:07:58] [SUCCESS] Permission appliquée: Equipe INFRA [write] -> Drive ECHOLINE/01-Internal Ops/B-Partenaires veille int._
[2026-07-06 11:07:58] [SUCCESS] Permission appliquée: User 01 [write] -> Drive ECHOLINE/01-Internal Ops/B-Partenaires veille int._
[2026-07-06 11:07:58] [WARN] Pas de mappage pour: SERVICES_GENERAUX - Membres () - permission ignorée sur Drive ECHOLINE/01-Internal Ops/B-Partenaires veille int._
[2026-07-06 11:07:58] [WARN] Pas de mappage pour: SERVICES_GENERAUX - Visiteurs () - permission ignorée sur Drive ECHOLINE/01-Internal Ops/B-Partenaires veille int._
[2026-07-06 11:07:58] [WARN] Pas de mappage pour: Propriétaires de SERVICES_GENERAUX () - permission ignorée sur Drive ECHOLINE/01-Internal Ops/B-Partenaires veille int._
[2026-07-06 11:07:58] [INFO] Traitement: /Drive ECHOLINE/01-Internal Ops/B-Partenaires veille int._/Nimonik/ (6 permission(s))
[2026-07-06 11:07:58] [INFO] === COPIE REELLE: Drive ECHOLINE/01-Internal Ops/B-Partenaires veille int._/Nimonik ===
[2026-07-06 11:07:59] [SUCCESS] Dossier cree: Drive ECHOLINE/01-Internal Ops/B-Partenaires veille int._/Nimonik
[2026-07-06 11:07:59] [WARN] Pas de mappage pour: SERVICES_GENERAUX - Membres () - permission ignorée sur Drive ECHOLINE/01-Internal Ops/B-Partenaires veille int._/Nimonik
[2026-07-06 11:07:59] [WARN] Pas de mappage pour: Propriétaires de SERVICES_GENERAUX () - permission ignorée sur Drive ECHOLINE/01-Internal Ops/B-Partenaires veille int._/Nimonik
[2026-07-06 11:07:59] [SUCCESS] Permission appliquée: Equipe INFRA [write] -> Drive ECHOLINE/01-Internal Ops/B-Partenaires veille int._/Nimonik
[2026-07-06 11:07:59] [WARN] Impossible de résoudre 'grp_test' dans le tenant destination - permission ignorée
[2026-07-06 11:07:59] [WARN] Pas de mappage pour: SERVICES_GENERAUX - Visiteurs () - permission ignorée sur Drive ECHOLINE/01-Internal Ops/B-Partenaires veille int._/Nimonik
[2026-07-06 11:07:59] [SUCCESS] Permission appliquée: User 01 [write] -> Drive ECHOLINE/01-Internal Ops/B-Partenaires veille int._/Nimonik
[2026-07-06 11:07:59] [INFO] Traitement: /Drive ECHOLINE/01-Internal Ops/B-Partenaires veille int._/Notisum/ (6 permission(s))
[2026-07-06 11:07:59] [INFO] === COPIE REELLE: Drive ECHOLINE/01-Internal Ops/B-Partenaires veille int._/Notisum ===
[2026-07-06 11:08:00] [SUCCESS] Dossier cree: Drive ECHOLINE/01-Internal Ops/B-Partenaires veille int._/Notisum
[2026-07-06 11:08:00] [WARN] Pas de mappage pour: Propriétaires de SERVICES_GENERAUX () - permission ignorée sur Drive ECHOLINE/01-Internal Ops/B-Partenaires veille int._/Notisum
[2026-07-06 11:08:00] [WARN] Pas de mappage pour: SERVICES_GENERAUX - Visiteurs () - permission ignorée sur Drive ECHOLINE/01-Internal Ops/B-Partenaires veille int._/Notisum
[2026-07-06 11:08:00] [WARN] Pas de mappage pour: SERVICES_GENERAUX - Membres () - permission ignorée sur Drive ECHOLINE/01-Internal Ops/B-Partenaires veille int._/Notisum
[2026-07-06 11:08:00] [SUCCESS] Permission appliquée: User 01 [write] -> Drive ECHOLINE/01-Internal Ops/B-Partenaires veille int._/Notisum
[2026-07-06 11:08:01] [SUCCESS] Permission appliquée: Equipe INFRA [write] -> Drive ECHOLINE/01-Internal Ops/B-Partenaires veille int._/Notisum
[2026-07-06 11:08:01] [WARN] Impossible de résoudre 'grp_test' dans le tenant destination - permission ignorée
[2026-07-06 11:08:01] [INFO] Traitement: /Drive ECHOLINE/01-Internal Ops/B-Partenaires veille int._/ZZ-Archives/ (6 permission(s))
[2026-07-06 11:08:01] [INFO] === COPIE REELLE: Drive ECHOLINE/01-Internal Ops/B-Partenaires veille int._/ZZ-Archives ===
[2026-07-06 11:08:02] [SUCCESS] Dossier cree: Drive ECHOLINE/01-Internal Ops/B-Partenaires veille int._/ZZ-Archives
[2026-07-06 11:08:02] [WARN] Impossible de résoudre 'grp_test' dans le tenant destination - permission ignorée
[2026-07-06 11:08:02] [WARN] Pas de mappage pour: SERVICES_GENERAUX - Visiteurs () - permission ignorée sur Drive ECHOLINE/01-Internal Ops/B-Partenaires veille int._/ZZ-Archives
[2026-07-06 11:08:02] [SUCCESS] Permission appliquée: Equipe INFRA [write] -> Drive ECHOLINE/01-Internal Ops/B-Partenaires veille int._/ZZ-Archives
[2026-07-06 11:08:02] [WARN] Pas de mappage pour: SERVICES_GENERAUX - Membres () - permission ignorée sur Drive ECHOLINE/01-Internal Ops/B-Partenaires veille int._/ZZ-Archives
[2026-07-06 11:08:03] [SUCCESS] Permission appliquée: User 01 [write] -> Drive ECHOLINE/01-Internal Ops/B-Partenaires veille int._/ZZ-Archives
[2026-07-06 11:08:03] [WARN] Pas de mappage pour: Propriétaires de SERVICES_GENERAUX () - permission ignorée sur Drive ECHOLINE/01-Internal Ops/B-Partenaires veille int._/ZZ-Archives
[2026-07-06 11:08:03] [INFO] Traitement: /Drive ECHOLINE/01-Internal Ops/C-Projets/ (6 permission(s))
[2026-07-06 11:08:03] [INFO] === COPIE REELLE: Drive ECHOLINE/01-Internal Ops/C-Projets ===
[2026-07-06 11:08:04] [SUCCESS] Dossier cree: Drive ECHOLINE/01-Internal Ops/C-Projets
[2026-07-06 11:08:04] [WARN] Impossible de résoudre 'grp_test' dans le tenant destination - permission ignorée
[2026-07-06 11:08:04] [SUCCESS] Permission appliquée: Equipe INFRA [write] -> Drive ECHOLINE/01-Internal Ops/C-Projets
[2026-07-06 11:08:04] [SUCCESS] Permission appliquée: User 01 [write] -> Drive ECHOLINE/01-Internal Ops/C-Projets
[2026-07-06 11:08:04] [WARN] Pas de mappage pour: SERVICES_GENERAUX - Membres () - permission ignorée sur Drive ECHOLINE/01-Internal Ops/C-Projets
[2026-07-06 11:08:04] [WARN] Pas de mappage pour: SERVICES_GENERAUX - Visiteurs () - permission ignorée sur Drive ECHOLINE/01-Internal Ops/C-Projets
[2026-07-06 11:08:04] [WARN] Pas de mappage pour: Propriétaires de SERVICES_GENERAUX () - permission ignorée sur Drive ECHOLINE/01-Internal Ops/C-Projets
[2026-07-06 11:08:04] [INFO] Traitement: /Drive ECHOLINE/01-Internal Ops/C-Projets/Fiches thématiques/ (6 permission(s))
[2026-07-06 11:08:04] [INFO] === COPIE REELLE: Drive ECHOLINE/01-Internal Ops/C-Projets/Fiches thématiques ===
[2026-07-06 11:08:05] [SUCCESS] Dossier cree: Drive ECHOLINE/01-Internal Ops/C-Projets/Fiches thématiques
[2026-07-06 11:08:05] [DEBUG] [404] Item pas encore disponible, retry 1/3 dans 2s: Drive ECHOLINE/01-Internal Ops/C-Projets/Fiches thématiques
[2026-07-06 11:08:07] [DEBUG] [404] Item pas encore disponible, retry 2/3 dans 2s: Drive ECHOLINE/01-Internal Ops/C-Projets/Fiches thématiques
[2026-07-06 11:08:09] [DEBUG] [404] Item pas encore disponible, retry 3/3 dans 2s: Drive ECHOLINE/01-Internal Ops/C-Projets/Fiches thématiques
[2026-07-06 11:08:12] [WARN] Impossible de récupérer l'item destination pour les droits: Drive ECHOLINE/01-Internal Ops/C-Projets/Fiches thématiques - Le serveur distant a retourné une erreur : (404) Introuvable.
[2026-07-06 11:08:12] [INFO] Traitement: /Drive ECHOLINE/01-Internal Ops/C-Projets/Normes/ (6 permission(s))
[2026-07-06 11:08:12] [INFO] === COPIE REELLE: Drive ECHOLINE/01-Internal Ops/C-Projets/Normes ===
[2026-07-06 11:08:13] [SUCCESS] Dossier cree: Drive ECHOLINE/01-Internal Ops/C-Projets/Normes
[2026-07-06 11:08:13] [WARN] Impossible de résoudre 'grp_test' dans le tenant destination - permission ignorée
[2026-07-06 11:08:13] [WARN] Pas de mappage pour: SERVICES_GENERAUX - Visiteurs () - permission ignorée sur Drive ECHOLINE/01-Internal Ops/C-Projets/Normes
[2026-07-06 11:08:13] [WARN] Pas de mappage pour: SERVICES_GENERAUX - Membres () - permission ignorée sur Drive ECHOLINE/01-Internal Ops/C-Projets/Normes
[2026-07-06 11:08:13] [SUCCESS] Permission appliquée: User 01 [write] -> Drive ECHOLINE/01-Internal Ops/C-Projets/Normes
[2026-07-06 11:08:13] [SUCCESS] Permission appliquée: Equipe INFRA [write] -> Drive ECHOLINE/01-Internal Ops/C-Projets/Normes
[2026-07-06 11:08:13] [WARN] Pas de mappage pour: Propriétaires de SERVICES_GENERAUX () - permission ignorée sur Drive ECHOLINE/01-Internal Ops/C-Projets/Normes
[2026-07-06 11:08:13] [INFO] Traitement: /Drive ECHOLINE/01-Internal Ops/C-Projets/Projet QSE Veille/ (6 permission(s))
[2026-07-06 11:08:13] [INFO] === COPIE REELLE: Drive ECHOLINE/01-Internal Ops/C-Projets/Projet QSE Veille ===
[2026-07-06 11:08:14] [SUCCESS] Dossier cree: Drive ECHOLINE/01-Internal Ops/C-Projets/Projet QSE Veille
[2026-07-06 11:08:14] [WARN] Pas de mappage pour: Propriétaires de SERVICES_GENERAUX () - permission ignorée sur Drive ECHOLINE/01-Internal Ops/C-Projets/Projet QSE Veille
[2026-07-06 11:08:14] [WARN] Impossible de résoudre 'grp_test' dans le tenant destination - permission ignorée
[2026-07-06 11:08:14] [SUCCESS] Permission appliquée: Equipe INFRA [write] -> Drive ECHOLINE/01-Internal Ops/C-Projets/Projet QSE Veille
[2026-07-06 11:08:15] [SUCCESS] Permission appliquée: User 01 [write] -> Drive ECHOLINE/01-Internal Ops/C-Projets/Projet QSE Veille
[2026-07-06 11:08:15] [WARN] Pas de mappage pour: SERVICES_GENERAUX - Membres () - permission ignorée sur Drive ECHOLINE/01-Internal Ops/C-Projets/Projet QSE Veille
[2026-07-06 11:08:15] [WARN] Pas de mappage pour: SERVICES_GENERAUX - Visiteurs () - permission ignorée sur Drive ECHOLINE/01-Internal Ops/C-Projets/Projet QSE Veille
[2026-07-06 11:08:15] [INFO] Traitement: /Drive ECHOLINE/01-Internal Ops/D-OKRs-KPIs/ (6 permission(s))
[2026-07-06 11:08:15] [INFO] === COPIE REELLE: Drive ECHOLINE/01-Internal Ops/D-OKRs-KPIs ===
[2026-07-06 11:08:15] [SUCCESS] Dossier cree: Drive ECHOLINE/01-Internal Ops/D-OKRs-KPIs
[2026-07-06 11:08:16] [WARN] Pas de mappage pour: Propriétaires de SERVICES_GENERAUX () - permission ignorée sur Drive ECHOLINE/01-Internal Ops/D-OKRs-KPIs
[2026-07-06 11:08:16] [WARN] Pas de mappage pour: SERVICES_GENERAUX - Membres () - permission ignorée sur Drive ECHOLINE/01-Internal Ops/D-OKRs-KPIs
[2026-07-06 11:08:16] [SUCCESS] Permission appliquée: Equipe INFRA [write] -> Drive ECHOLINE/01-Internal Ops/D-OKRs-KPIs
[2026-07-06 11:08:16] [WARN] Impossible de résoudre 'grp_test' dans le tenant destination - permission ignorée
[2026-07-06 11:08:16] [WARN] Pas de mappage pour: SERVICES_GENERAUX - Visiteurs () - permission ignorée sur Drive ECHOLINE/01-Internal Ops/D-OKRs-KPIs
[2026-07-06 11:08:16] [SUCCESS] Permission appliquée: User 01 [write] -> Drive ECHOLINE/01-Internal Ops/D-OKRs-KPIs
[2026-07-06 11:08:16] [INFO] Traitement: /Drive ECHOLINE/01-Internal Ops/E-Ressources juridiques/ (6 permission(s))
[2026-07-06 11:08:16] [INFO] === COPIE REELLE: Drive ECHOLINE/01-Internal Ops/E-Ressources juridiques ===
[2026-07-06 11:08:17] [SUCCESS] Dossier cree: Drive ECHOLINE/01-Internal Ops/E-Ressources juridiques
[2026-07-06 11:08:17] [WARN] Impossible de résoudre 'grp_test' dans le tenant destination - permission ignorée
[2026-07-06 11:08:17] [SUCCESS] Permission appliquée: Equipe INFRA [write] -> Drive ECHOLINE/01-Internal Ops/E-Ressources juridiques
[2026-07-06 11:08:17] [SUCCESS] Permission appliquée: User 01 [write] -> Drive ECHOLINE/01-Internal Ops/E-Ressources juridiques
[2026-07-06 11:08:17] [WARN] Pas de mappage pour: SERVICES_GENERAUX - Membres () - permission ignorée sur Drive ECHOLINE/01-Internal Ops/E-Ressources juridiques
[2026-07-06 11:08:17] [WARN] Pas de mappage pour: SERVICES_GENERAUX - Visiteurs () - permission ignorée sur Drive ECHOLINE/01-Internal Ops/E-Ressources juridiques
[2026-07-06 11:08:17] [WARN] Pas de mappage pour: Propriétaires de SERVICES_GENERAUX () - permission ignorée sur Drive ECHOLINE/01-Internal Ops/E-Ressources juridiques
[2026-07-06 11:08:17] [INFO] Traitement: /Drive ECHOLINE/01-Internal Ops/E-Ressources juridiques/Environnement/ (6 permission(s))
[2026-07-06 11:08:17] [INFO] === COPIE REELLE: Drive ECHOLINE/01-Internal Ops/E-Ressources juridiques/Environnement ===
[2026-07-06 11:08:18] [SUCCESS] Dossier cree: Drive ECHOLINE/01-Internal Ops/E-Ressources juridiques/Environnement
[2026-07-06 11:08:18] [SUCCESS] Permission appliquée: Equipe INFRA [write] -> Drive ECHOLINE/01-Internal Ops/E-Ressources juridiques/Environnement
[2026-07-06 11:08:18] [WARN] Pas de mappage pour: Propriétaires de SERVICES_GENERAUX () - permission ignorée sur Drive ECHOLINE/01-Internal Ops/E-Ressources juridiques/Environnement
[2026-07-06 11:08:19] [WARN] Pas de mappage pour: SERVICES_GENERAUX - Visiteurs () - permission ignorée sur Drive ECHOLINE/01-Internal Ops/E-Ressources juridiques/Environnement
[2026-07-06 11:08:19] [WARN] Pas de mappage pour: SERVICES_GENERAUX - Membres () - permission ignorée sur Drive ECHOLINE/01-Internal Ops/E-Ressources juridiques/Environnement
[2026-07-06 11:08:19] [SUCCESS] Permission appliquée: User 01 [write] -> Drive ECHOLINE/01-Internal Ops/E-Ressources juridiques/Environnement
[2026-07-06 11:08:19] [WARN] Impossible de résoudre 'grp_test' dans le tenant destination - permission ignorée
[2026-07-06 11:08:19] [INFO] Traitement: /Drive ECHOLINE/01-Internal Ops/E-Ressources juridiques/Sécurité au travail/ (6 permission(s))
[2026-07-06 11:08:19] [INFO] === COPIE REELLE: Drive ECHOLINE/01-Internal Ops/E-Ressources juridiques/Sécurité au travail ===
[2026-07-06 11:08:20] [SUCCESS] Dossier cree: Drive ECHOLINE/01-Internal Ops/E-Ressources juridiques/Sécurité au travail
[2026-07-06 11:08:20] [DEBUG] [404] Item pas encore disponible, retry 1/3 dans 2s: Drive ECHOLINE/01-Internal Ops/E-Ressources juridiques/Sécurité au travail
[2026-07-06 11:08:22] [DEBUG] [404] Item pas encore disponible, retry 2/3 dans 2s: Drive ECHOLINE/01-Internal Ops/E-Ressources juridiques/Sécurité au travail
[2026-07-06 11:08:24] [DEBUG] [404] Item pas encore disponible, retry 3/3 dans 2s: Drive ECHOLINE/01-Internal Ops/E-Ressources juridiques/Sécurité au travail
[2026-07-06 11:08:26] [WARN] Impossible de récupérer l'item destination pour les droits: Drive ECHOLINE/01-Internal Ops/E-Ressources juridiques/Sécurité au travail - Le serveur distant a retourné une erreur : (404) Introuvable.
[2026-07-06 11:08:26] [INFO] Traitement: /Drive ECHOLINE/01-Internal Ops/ZZ-Archives/ (6 permission(s))
[2026-07-06 11:08:26] [INFO] === COPIE REELLE: Drive ECHOLINE/01-Internal Ops/ZZ-Archives ===
[2026-07-06 11:08:27] [SUCCESS] Dossier cree: Drive ECHOLINE/01-Internal Ops/ZZ-Archives
[2026-07-06 11:08:27] [WARN] Impossible de résoudre 'grp_test' dans le tenant destination - permission ignorée
[2026-07-06 11:08:27] [SUCCESS] Permission appliquée: Equipe INFRA [write] -> Drive ECHOLINE/01-Internal Ops/ZZ-Archives
[2026-07-06 11:08:28] [SUCCESS] Permission appliquée: User 01 [write] -> Drive ECHOLINE/01-Internal Ops/ZZ-Archives
[2026-07-06 11:08:28] [WARN] Pas de mappage pour: SERVICES_GENERAUX - Membres () - permission ignorée sur Drive ECHOLINE/01-Internal Ops/ZZ-Archives
[2026-07-06 11:08:28] [WARN] Pas de mappage pour: SERVICES_GENERAUX - Visiteurs () - permission ignorée sur Drive ECHOLINE/01-Internal Ops/ZZ-Archives
[2026-07-06 11:08:28] [WARN] Pas de mappage pour: Propriétaires de SERVICES_GENERAUX () - permission ignorée sur Drive ECHOLINE/01-Internal Ops/ZZ-Archives
[2026-07-06 11:08:28] [INFO] Traitement: /Drive ECHOLINE/01-Internal Ops/ZZ-Archives/Check List - Traitement/ (6 permission(s))
[2026-07-06 11:08:28] [INFO] === COPIE REELLE: Drive ECHOLINE/01-Internal Ops/ZZ-Archives/Check List - Traitement ===
[2026-07-06 11:08:28] [SUCCESS] Dossier cree: Drive ECHOLINE/01-Internal Ops/ZZ-Archives/Check List - Traitement
[2026-07-06 11:08:29] [WARN] Pas de mappage pour: SERVICES_GENERAUX - Visiteurs () - permission ignorée sur Drive ECHOLINE/01-Internal Ops/ZZ-Archives/Check List - Traitement
[2026-07-06 11:08:29] [WARN] Pas de mappage pour: Propriétaires de SERVICES_GENERAUX () - permission ignorée sur Drive ECHOLINE/01-Internal Ops/ZZ-Archives/Check List - Traitement
[2026-07-06 11:08:29] [WARN] Pas de mappage pour: SERVICES_GENERAUX - Membres () - permission ignorée sur Drive ECHOLINE/01-Internal Ops/ZZ-Archives/Check List - Traitement
[2026-07-06 11:08:29] [SUCCESS] Permission appliquée: User 01 [write] -> Drive ECHOLINE/01-Internal Ops/ZZ-Archives/Check List - Traitement
[2026-07-06 11:08:29] [SUCCESS] Permission appliquée: Equipe INFRA [write] -> Drive ECHOLINE/01-Internal Ops/ZZ-Archives/Check List - Traitement
[2026-07-06 11:08:29] [WARN] Impossible de résoudre 'grp_test' dans le tenant destination - permission ignorée
[2026-07-06 11:08:29] [INFO] Traitement: /Drive ECHOLINE/01-Internal Ops/ZZ-Archives/Process et procédures/ (6 permission(s))
[2026-07-06 11:08:29] [INFO] === COPIE REELLE: Drive ECHOLINE/01-Internal Ops/ZZ-Archives/Process et procédures ===
[2026-07-06 11:08:30] [SUCCESS] Dossier cree: Drive ECHOLINE/01-Internal Ops/ZZ-Archives/Process et procédures
[2026-07-06 11:08:30] [DEBUG] [404] Item pas encore disponible, retry 1/3 dans 2s: Drive ECHOLINE/01-Internal Ops/ZZ-Archives/Process et procédures
[2026-07-06 11:08:32] [DEBUG] [404] Item pas encore disponible, retry 2/3 dans 2s: Drive ECHOLINE/01-Internal Ops/ZZ-Archives/Process et procédures
[2026-07-06 11:08:34] [DEBUG] [404] Item pas encore disponible, retry 3/3 dans 2s: Drive ECHOLINE/01-Internal Ops/ZZ-Archives/Process et procédures
[2026-07-06 11:08:36] [WARN] Impossible de récupérer l'item destination pour les droits: Drive ECHOLINE/01-Internal Ops/ZZ-Archives/Process et procédures - Le serveur distant a retourné une erreur : (404) Introuvable.
[2026-07-06 11:08:36] [INFO] Traitement: /Drive ECHOLINE/01-Internal Ops/ZZ-Archives/Questionnaires/ (6 permission(s))
[2026-07-06 11:08:36] [INFO] === COPIE REELLE: Drive ECHOLINE/01-Internal Ops/ZZ-Archives/Questionnaires ===
[2026-07-06 11:08:37] [SUCCESS] Dossier cree: Drive ECHOLINE/01-Internal Ops/ZZ-Archives/Questionnaires
[2026-07-06 11:08:37] [WARN] Impossible de résoudre 'grp_test' dans le tenant destination - permission ignorée
[2026-07-06 11:08:38] [SUCCESS] Permission appliquée: Equipe INFRA [write] -> Drive ECHOLINE/01-Internal Ops/ZZ-Archives/Questionnaires
[2026-07-06 11:08:38] [SUCCESS] Permission appliquée: User 01 [write] -> Drive ECHOLINE/01-Internal Ops/ZZ-Archives/Questionnaires
[2026-07-06 11:08:38] [WARN] Pas de mappage pour: SERVICES_GENERAUX - Membres () - permission ignorée sur Drive ECHOLINE/01-Internal Ops/ZZ-Archives/Questionnaires
[2026-07-06 11:08:38] [WARN] Pas de mappage pour: SERVICES_GENERAUX - Visiteurs () - permission ignorée sur Drive ECHOLINE/01-Internal Ops/ZZ-Archives/Questionnaires
[2026-07-06 11:08:38] [WARN] Pas de mappage pour: Propriétaires de SERVICES_GENERAUX () - permission ignorée sur Drive ECHOLINE/01-Internal Ops/ZZ-Archives/Questionnaires
[2026-07-06 11:08:38] [INFO] Traitement: /Drive ECHOLINE/01-Internal Ops/ZZ-Archives/Thématiques/ (6 permission(s))
[2026-07-06 11:08:38] [INFO] === COPIE REELLE: Drive ECHOLINE/01-Internal Ops/ZZ-Archives/Thématiques ===
[2026-07-06 11:08:39] [SUCCESS] Dossier cree: Drive ECHOLINE/01-Internal Ops/ZZ-Archives/Thématiques
[2026-07-06 11:08:39] [DEBUG] [404] Item pas encore disponible, retry 1/3 dans 2s: Drive ECHOLINE/01-Internal Ops/ZZ-Archives/Thématiques
[2026-07-06 11:08:41] [DEBUG] [404] Item pas encore disponible, retry 2/3 dans 2s: Drive ECHOLINE/01-Internal Ops/ZZ-Archives/Thématiques
[2026-07-06 11:08:43] [DEBUG] [404] Item pas encore disponible, retry 3/3 dans 2s: Drive ECHOLINE/01-Internal Ops/ZZ-Archives/Thématiques
[2026-07-06 11:08:45] [WARN] Impossible de récupérer l'item destination pour les droits: Drive ECHOLINE/01-Internal Ops/ZZ-Archives/Thématiques - Le serveur distant a retourné une erreur : (404) Introuvable.
[2026-07-06 11:08:45] [INFO] Traitement: /Drive ECHOLINE/02-External Ops/ (6 permission(s))
[2026-07-06 11:08:45] [INFO] === COPIE REELLE: Drive ECHOLINE/02-External Ops ===
[2026-07-06 11:08:46] [SUCCESS] Dossier cree: Drive ECHOLINE/02-External Ops
[2026-07-06 11:08:46] [SUCCESS] Permission appliquée: Equipe INFRA [write] -> Drive ECHOLINE/02-External Ops
[2026-07-06 11:08:46] [SUCCESS] Permission appliquée: User 01 [write] -> Drive ECHOLINE/02-External Ops
[2026-07-06 11:08:46] [WARN] Pas de mappage pour: SERVICES_GENERAUX - Membres () - permission ignorée sur Drive ECHOLINE/02-External Ops
[2026-07-06 11:08:46] [WARN] Pas de mappage pour: SERVICES_GENERAUX - Visiteurs () - permission ignorée sur Drive ECHOLINE/02-External Ops
[2026-07-06 11:08:46] [WARN] Pas de mappage pour: Propriétaires de SERVICES_GENERAUX () - permission ignorée sur Drive ECHOLINE/02-External Ops
[2026-07-06 11:08:46] [WARN] Impossible de résoudre 'grp_test' dans le tenant destination - permission ignorée
[2026-07-06 11:08:46] [INFO] Traitement: /Drive ECHOLINE/02-External Ops/A-Suivi prod/ (6 permission(s))
[2026-07-06 11:08:46] [INFO] === COPIE REELLE: Drive ECHOLINE/02-External Ops/A-Suivi prod ===
[2026-07-06 11:08:47] [SUCCESS] Dossier cree: Drive ECHOLINE/02-External Ops/A-Suivi prod
[2026-07-06 11:08:48] [SUCCESS] Permission appliquée: User 01 [write] -> Drive ECHOLINE/02-External Ops/A-Suivi prod
[2026-07-06 11:08:48] [WARN] Pas de mappage pour: SERVICES_GENERAUX - Membres () - permission ignorée sur Drive ECHOLINE/02-External Ops/A-Suivi prod
[2026-07-06 11:08:48] [WARN] Pas de mappage pour: SERVICES_GENERAUX - Visiteurs () - permission ignorée sur Drive ECHOLINE/02-External Ops/A-Suivi prod
[2026-07-06 11:08:48] [WARN] Pas de mappage pour: Propriétaires de SERVICES_GENERAUX () - permission ignorée sur Drive ECHOLINE/02-External Ops/A-Suivi prod
[2026-07-06 11:08:48] [WARN] Impossible de résoudre 'grp_test' dans le tenant destination - permission ignorée
[2026-07-06 11:08:48] [SUCCESS] Permission appliquée: Equipe INFRA [write] -> Drive ECHOLINE/02-External Ops/A-Suivi prod
[2026-07-06 11:08:48] [INFO] Traitement: /Drive ECHOLINE/02-External Ops/B-Clients/ (6 permission(s))
[2026-07-06 11:08:48] [INFO] === COPIE REELLE: Drive ECHOLINE/02-External Ops/B-Clients ===
[2026-07-06 11:08:49] [SUCCESS] Dossier cree: Drive ECHOLINE/02-External Ops/B-Clients
[2026-07-06 11:08:49] [WARN] Impossible de résoudre 'grp_test' dans le tenant destination - permission ignorée
[2026-07-06 11:08:49] [SUCCESS] Permission appliquée: User 01 [write] -> Drive ECHOLINE/02-External Ops/B-Clients
[2026-07-06 11:08:49] [WARN] Pas de mappage pour: SERVICES_GENERAUX - Membres () - permission ignorée sur Drive ECHOLINE/02-External Ops/B-Clients
[2026-07-06 11:08:49] [WARN] Pas de mappage pour: SERVICES_GENERAUX - Visiteurs () - permission ignorée sur Drive ECHOLINE/02-External Ops/B-Clients
[2026-07-06 11:08:49] [WARN] Pas de mappage pour: Propriétaires de SERVICES_GENERAUX () - permission ignorée sur Drive ECHOLINE/02-External Ops/B-Clients
[2026-07-06 11:08:49] [SUCCESS] Permission appliquée: Equipe INFRA [write] -> Drive ECHOLINE/02-External Ops/B-Clients
[2026-07-06 11:08:49] [INFO] Traitement: /Drive ECHOLINE/02-External Ops/C-Services/ (6 permission(s))
[2026-07-06 11:08:49] [INFO] === COPIE REELLE: Drive ECHOLINE/02-External Ops/C-Services ===
[2026-07-06 11:08:50] [SUCCESS] Dossier cree: Drive ECHOLINE/02-External Ops/C-Services
[2026-07-06 11:08:50] [WARN] Pas de mappage pour: SERVICES_GENERAUX - Visiteurs () - permission ignorée sur Drive ECHOLINE/02-External Ops/C-Services
[2026-07-06 11:08:50] [WARN] Pas de mappage pour: Propriétaires de SERVICES_GENERAUX () - permission ignorée sur Drive ECHOLINE/02-External Ops/C-Services
[2026-07-06 11:08:50] [WARN] Pas de mappage pour: SERVICES_GENERAUX - Membres () - permission ignorée sur Drive ECHOLINE/02-External Ops/C-Services
[2026-07-06 11:08:50] [WARN] Impossible de résoudre 'grp_test' dans le tenant destination - permission ignorée
[2026-07-06 11:08:50] [SUCCESS] Permission appliquée: Equipe INFRA [write] -> Drive ECHOLINE/02-External Ops/C-Services
[2026-07-06 11:08:51] [SUCCESS] Permission appliquée: User 01 [write] -> Drive ECHOLINE/02-External Ops/C-Services
[2026-07-06 11:08:51] [INFO] Traitement: /Drive ECHOLINE/02-External Ops/D-Projets/ (6 permission(s))
[2026-07-06 11:08:51] [INFO] === COPIE REELLE: Drive ECHOLINE/02-External Ops/D-Projets ===
[2026-07-06 11:08:51] [SUCCESS] Dossier cree: Drive ECHOLINE/02-External Ops/D-Projets
[2026-07-06 11:08:52] [WARN] Impossible de résoudre 'grp_test' dans le tenant destination - permission ignorée
[2026-07-06 11:08:52] [SUCCESS] Permission appliquée: Equipe INFRA [write] -> Drive ECHOLINE/02-External Ops/D-Projets
[2026-07-06 11:08:52] [SUCCESS] Permission appliquée: User 01 [write] -> Drive ECHOLINE/02-External Ops/D-Projets
[2026-07-06 11:08:52] [WARN] Pas de mappage pour: SERVICES_GENERAUX - Membres () - permission ignorée sur Drive ECHOLINE/02-External Ops/D-Projets
[2026-07-06 11:08:52] [WARN] Pas de mappage pour: SERVICES_GENERAUX - Visiteurs () - permission ignorée sur Drive ECHOLINE/02-External Ops/D-Projets
[2026-07-06 11:08:52] [WARN] Pas de mappage pour: Propriétaires de SERVICES_GENERAUX () - permission ignorée sur Drive ECHOLINE/02-External Ops/D-Projets
[2026-07-06 11:08:52] [INFO] Traitement: /Drive ECHOLINE/02-External Ops/ZZ-Archives/ (6 permission(s))
[2026-07-06 11:08:52] [INFO] === COPIE REELLE: Drive ECHOLINE/02-External Ops/ZZ-Archives ===
[2026-07-06 11:08:53] [SUCCESS] Dossier cree: Drive ECHOLINE/02-External Ops/ZZ-Archives
[2026-07-06 11:08:53] [WARN] Pas de mappage pour: SERVICES_GENERAUX - Visiteurs () - permission ignorée sur Drive ECHOLINE/02-External Ops/ZZ-Archives
[2026-07-06 11:08:53] [SUCCESS] Permission appliquée: User 01 [write] -> Drive ECHOLINE/02-External Ops/ZZ-Archives
[2026-07-06 11:08:53] [SUCCESS] Permission appliquée: Equipe INFRA [write] -> Drive ECHOLINE/02-External Ops/ZZ-Archives
[2026-07-06 11:08:53] [WARN] Impossible de résoudre 'grp_test' dans le tenant destination - permission ignorée
[2026-07-06 11:08:53] [WARN] Pas de mappage pour: Propriétaires de SERVICES_GENERAUX () - permission ignorée sur Drive ECHOLINE/02-External Ops/ZZ-Archives
[2026-07-06 11:08:53] [WARN] Pas de mappage pour: SERVICES_GENERAUX - Membres () - permission ignorée sur Drive ECHOLINE/02-External Ops/ZZ-Archives
[2026-07-06 11:08:53] [INFO] Traitement: /Drive ECHOLINE/03-Customer Care/ (6 permission(s))
[2026-07-06 11:08:53] [INFO] === COPIE REELLE: Drive ECHOLINE/03-Customer Care ===
[2026-07-06 11:08:54] [SUCCESS] Dossier cree: Drive ECHOLINE/03-Customer Care
[2026-07-06 11:08:54] [WARN] Impossible de résoudre 'grp_test' dans le tenant destination - permission ignorée
[2026-07-06 11:08:54] [WARN] Pas de mappage pour: Propriétaires de SERVICES_GENERAUX () - permission ignorée sur Drive ECHOLINE/03-Customer Care
[2026-07-06 11:08:54] [WARN] Pas de mappage pour: SERVICES_GENERAUX - Visiteurs () - permission ignorée sur Drive ECHOLINE/03-Customer Care
[2026-07-06 11:08:54] [WARN] Pas de mappage pour: SERVICES_GENERAUX - Membres () - permission ignorée sur Drive ECHOLINE/03-Customer Care
[2026-07-06 11:08:54] [SUCCESS] Permission appliquée: User 01 [write] -> Drive ECHOLINE/03-Customer Care
[2026-07-06 11:08:54] [SUCCESS] Permission appliquée: Equipe INFRA [write] -> Drive ECHOLINE/03-Customer Care
[2026-07-06 11:08:54] [INFO] Traitement: /Drive ECHOLINE/03-Customer Care/A-Hotline/ (6 permission(s))
[2026-07-06 11:08:54] [INFO] === COPIE REELLE: Drive ECHOLINE/03-Customer Care/A-Hotline ===
[2026-07-06 11:08:55] [SUCCESS] Dossier cree: Drive ECHOLINE/03-Customer Care/A-Hotline
[2026-07-06 11:08:55] [WARN] Pas de mappage pour: Propriétaires de SERVICES_GENERAUX () - permission ignorée sur Drive ECHOLINE/03-Customer Care/A-Hotline
[2026-07-06 11:08:55] [WARN] Pas de mappage pour: SERVICES_GENERAUX - Visiteurs () - permission ignorée sur Drive ECHOLINE/03-Customer Care/A-Hotline
[2026-07-06 11:08:56] [SUCCESS] Permission appliquée: Equipe INFRA [write] -> Drive ECHOLINE/03-Customer Care/A-Hotline
[2026-07-06 11:08:56] [WARN] Pas de mappage pour: SERVICES_GENERAUX - Membres () - permission ignorée sur Drive ECHOLINE/03-Customer Care/A-Hotline
[2026-07-06 11:08:56] [SUCCESS] Permission appliquée: User 01 [write] -> Drive ECHOLINE/03-Customer Care/A-Hotline
[2026-07-06 11:08:56] [WARN] Impossible de résoudre 'grp_test' dans le tenant destination - permission ignorée
[2026-07-06 11:08:56] [INFO] Traitement: /Drive ECHOLINE/03-Customer Care/A-Hotline/Téléphone/ (6 permission(s))
[2026-07-06 11:08:56] [INFO] === COPIE REELLE: Drive ECHOLINE/03-Customer Care/A-Hotline/Téléphone ===
[2026-07-06 11:08:57] [SUCCESS] Dossier cree: Drive ECHOLINE/03-Customer Care/A-Hotline/Téléphone
[2026-07-06 11:08:57] [DEBUG] [404] Item pas encore disponible, retry 1/3 dans 2s: Drive ECHOLINE/03-Customer Care/A-Hotline/Téléphone
[2026-07-06 11:08:59] [DEBUG] [404] Item pas encore disponible, retry 2/3 dans 2s: Drive ECHOLINE/03-Customer Care/A-Hotline/Téléphone
[2026-07-06 11:09:01] [DEBUG] [404] Item pas encore disponible, retry 3/3 dans 2s: Drive ECHOLINE/03-Customer Care/A-Hotline/Téléphone
[2026-07-06 11:09:03] [WARN] Impossible de récupérer l'item destination pour les droits: Drive ECHOLINE/03-Customer Care/A-Hotline/Téléphone - Le serveur distant a retourné une erreur : (404) Introuvable.
[2026-07-06 11:09:03] [INFO] Traitement: /Drive ECHOLINE/03-Customer Care/A-Hotline/ZZ-Archives/ (6 permission(s))
[2026-07-06 11:09:03] [INFO] === COPIE REELLE: Drive ECHOLINE/03-Customer Care/A-Hotline/ZZ-Archives ===
[2026-07-06 11:09:04] [SUCCESS] Dossier cree: Drive ECHOLINE/03-Customer Care/A-Hotline/ZZ-Archives
[2026-07-06 11:09:04] [WARN] Pas de mappage pour: Propriétaires de SERVICES_GENERAUX () - permission ignorée sur Drive ECHOLINE/03-Customer Care/A-Hotline/ZZ-Archives
[2026-07-06 11:09:04] [WARN] Pas de mappage pour: SERVICES_GENERAUX - Visiteurs () - permission ignorée sur Drive ECHOLINE/03-Customer Care/A-Hotline/ZZ-Archives
[2026-07-06 11:09:04] [WARN] Pas de mappage pour: SERVICES_GENERAUX - Membres () - permission ignorée sur Drive ECHOLINE/03-Customer Care/A-Hotline/ZZ-Archives
[2026-07-06 11:09:05] [SUCCESS] Permission appliquée: User 01 [write] -> Drive ECHOLINE/03-Customer Care/A-Hotline/ZZ-Archives
[2026-07-06 11:09:05] [SUCCESS] Permission appliquée: Equipe INFRA [write] -> Drive ECHOLINE/03-Customer Care/A-Hotline/ZZ-Archives
[2026-07-06 11:09:05] [WARN] Impossible de résoudre 'grp_test' dans le tenant destination - permission ignorée
[2026-07-06 11:09:05] [INFO] Traitement: /Drive ECHOLINE/03-Customer Care/B-NPS/ (6 permission(s))
[2026-07-06 11:09:05] [INFO] === COPIE REELLE: Drive ECHOLINE/03-Customer Care/B-NPS ===
[2026-07-06 11:09:06] [SUCCESS] Dossier cree: Drive ECHOLINE/03-Customer Care/B-NPS
[2026-07-06 11:09:06] [WARN] Impossible de résoudre 'grp_test' dans le tenant destination - permission ignorée
[2026-07-06 11:09:06] [WARN] Pas de mappage pour: SERVICES_GENERAUX - Visiteurs () - permission ignorée sur Drive ECHOLINE/03-Customer Care/B-NPS
[2026-07-06 11:09:06] [WARN] Pas de mappage pour: SERVICES_GENERAUX - Membres () - permission ignorée sur Drive ECHOLINE/03-Customer Care/B-NPS
[2026-07-06 11:09:06] [SUCCESS] Permission appliquée: User 01 [write] -> Drive ECHOLINE/03-Customer Care/B-NPS
[2026-07-06 11:09:06] [SUCCESS] Permission appliquée: Equipe INFRA [write] -> Drive ECHOLINE/03-Customer Care/B-NPS
[2026-07-06 11:09:06] [WARN] Pas de mappage pour: Propriétaires de SERVICES_GENERAUX () - permission ignorée sur Drive ECHOLINE/03-Customer Care/B-NPS
[2026-07-06 11:09:06] [INFO] Traitement: /Drive ECHOLINE/03-Customer Care/B-NPS/ZZ-Archives/ (6 permission(s))
[2026-07-06 11:09:06] [INFO] === COPIE REELLE: Drive ECHOLINE/03-Customer Care/B-NPS/ZZ-Archives ===
[2026-07-06 11:09:07] [SUCCESS] Dossier cree: Drive ECHOLINE/03-Customer Care/B-NPS/ZZ-Archives
[2026-07-06 11:09:07] [WARN] Pas de mappage pour: Propriétaires de SERVICES_GENERAUX () - permission ignorée sur Drive ECHOLINE/03-Customer Care/B-NPS/ZZ-Archives
[2026-07-06 11:09:07] [WARN] Impossible de résoudre 'grp_test' dans le tenant destination - permission ignorée
[2026-07-06 11:09:07] [SUCCESS] Permission appliquée: Equipe INFRA [write] -> Drive ECHOLINE/03-Customer Care/B-NPS/ZZ-Archives
[2026-07-06 11:09:07] [SUCCESS] Permission appliquée: User 01 [write] -> Drive ECHOLINE/03-Customer Care/B-NPS/ZZ-Archives
[2026-07-06 11:09:07] [WARN] Pas de mappage pour: SERVICES_GENERAUX - Membres () - permission ignorée sur Drive ECHOLINE/03-Customer Care/B-NPS/ZZ-Archives
[2026-07-06 11:09:07] [WARN] Pas de mappage pour: SERVICES_GENERAUX - Visiteurs () - permission ignorée sur Drive ECHOLINE/03-Customer Care/B-NPS/ZZ-Archives
[2026-07-06 11:09:07] [INFO] Traitement: /Drive ECHOLINE/03-Customer Care/C-Satisfaction score/ (6 permission(s))
[2026-07-06 11:09:07] [INFO] === COPIE REELLE: Drive ECHOLINE/03-Customer Care/C-Satisfaction score ===
[2026-07-06 11:09:08] [SUCCESS] Dossier cree: Drive ECHOLINE/03-Customer Care/C-Satisfaction score
[2026-07-06 11:09:08] [WARN] Pas de mappage pour: Propriétaires de SERVICES_GENERAUX () - permission ignorée sur Drive ECHOLINE/03-Customer Care/C-Satisfaction score
[2026-07-06 11:09:08] [WARN] Pas de mappage pour: SERVICES_GENERAUX - Membres () - permission ignorée sur Drive ECHOLINE/03-Customer Care/C-Satisfaction score
[2026-07-06 11:09:09] [SUCCESS] Permission appliquée: Equipe INFRA [write] -> Drive ECHOLINE/03-Customer Care/C-Satisfaction score
[2026-07-06 11:09:09] [WARN] Impossible de résoudre 'grp_test' dans le tenant destination - permission ignorée
[2026-07-06 11:09:09] [WARN] Pas de mappage pour: SERVICES_GENERAUX - Visiteurs () - permission ignorée sur Drive ECHOLINE/03-Customer Care/C-Satisfaction score
[2026-07-06 11:09:09] [SUCCESS] Permission appliquée: User 01 [write] -> Drive ECHOLINE/03-Customer Care/C-Satisfaction score
[2026-07-06 11:09:09] [INFO] Traitement: /Drive ECHOLINE/03-Customer Care/C-Satisfaction score/ZZ-Archives/ (6 permission(s))
[2026-07-06 11:09:09] [INFO] === COPIE REELLE: Drive ECHOLINE/03-Customer Care/C-Satisfaction score/ZZ-Archives ===
[2026-07-06 11:09:13] [SUCCESS] Dossier cree: Drive ECHOLINE/03-Customer Care/C-Satisfaction score/ZZ-Archives
[2026-07-06 11:09:13] [WARN] Impossible de résoudre 'grp_test' dans le tenant destination - permission ignorée
[2026-07-06 11:09:13] [SUCCESS] Permission appliquée: Equipe INFRA [write] -> Drive ECHOLINE/03-Customer Care/C-Satisfaction score/ZZ-Archives
[2026-07-06 11:09:13] [SUCCESS] Permission appliquée: User 01 [write] -> Drive ECHOLINE/03-Customer Care/C-Satisfaction score/ZZ-Archives
[2026-07-06 11:09:13] [WARN] Pas de mappage pour: SERVICES_GENERAUX - Membres () - permission ignorée sur Drive ECHOLINE/03-Customer Care/C-Satisfaction score/ZZ-Archives
[2026-07-06 11:09:13] [WARN] Pas de mappage pour: SERVICES_GENERAUX - Visiteurs () - permission ignorée sur Drive ECHOLINE/03-Customer Care/C-Satisfaction score/ZZ-Archives
[2026-07-06 11:09:13] [WARN] Pas de mappage pour: Propriétaires de SERVICES_GENERAUX () - permission ignorée sur Drive ECHOLINE/03-Customer Care/C-Satisfaction score/ZZ-Archives
[2026-07-06 11:09:13] [INFO] Traitement: /Drive ECHOLINE/03-Customer Care/D-Reporting/ (6 permission(s))
[2026-07-06 11:09:13] [INFO] === COPIE REELLE: Drive ECHOLINE/03-Customer Care/D-Reporting ===
[2026-07-06 11:09:14] [SUCCESS] Dossier cree: Drive ECHOLINE/03-Customer Care/D-Reporting
[2026-07-06 11:09:14] [SUCCESS] Permission appliquée: Equipe INFRA [write] -> Drive ECHOLINE/03-Customer Care/D-Reporting
[2026-07-06 11:09:14] [WARN] Pas de mappage pour: Propriétaires de SERVICES_GENERAUX () - permission ignorée sur Drive ECHOLINE/03-Customer Care/D-Reporting
[2026-07-06 11:09:14] [WARN] Pas de mappage pour: SERVICES_GENERAUX - Visiteurs () - permission ignorée sur Drive ECHOLINE/03-Customer Care/D-Reporting
[2026-07-06 11:09:14] [WARN] Pas de mappage pour: SERVICES_GENERAUX - Membres () - permission ignorée sur Drive ECHOLINE/03-Customer Care/D-Reporting
[2026-07-06 11:09:15] [SUCCESS] Permission appliquée: User 01 [write] -> Drive ECHOLINE/03-Customer Care/D-Reporting
[2026-07-06 11:09:15] [WARN] Impossible de résoudre 'grp_test' dans le tenant destination - permission ignorée
[2026-07-06 11:09:15] [INFO] Traitement: /Drive ECHOLINE/03-Customer Care/D-Reporting/ZZ-Archives/ (6 permission(s))
[2026-07-06 11:09:15] [INFO] === COPIE REELLE: Drive ECHOLINE/03-Customer Care/D-Reporting/ZZ-Archives ===
[2026-07-06 11:09:15] [SUCCESS] Dossier cree: Drive ECHOLINE/03-Customer Care/D-Reporting/ZZ-Archives
[2026-07-06 11:09:16] [WARN] Impossible de résoudre 'grp_test' dans le tenant destination - permission ignorée
[2026-07-06 11:09:16] [WARN] Pas de mappage pour: Propriétaires de SERVICES_GENERAUX () - permission ignorée sur Drive ECHOLINE/03-Customer Care/D-Reporting/ZZ-Archives
[2026-07-06 11:09:16] [SUCCESS] Permission appliquée: Equipe INFRA [write] -> Drive ECHOLINE/03-Customer Care/D-Reporting/ZZ-Archives
[2026-07-06 11:09:16] [WARN] Pas de mappage pour: SERVICES_GENERAUX - Visiteurs () - permission ignorée sur Drive ECHOLINE/03-Customer Care/D-Reporting/ZZ-Archives
[2026-07-06 11:09:16] [WARN] Pas de mappage pour: SERVICES_GENERAUX - Membres () - permission ignorée sur Drive ECHOLINE/03-Customer Care/D-Reporting/ZZ-Archives
[2026-07-06 11:09:16] [SUCCESS] Permission appliquée: User 01 [write] -> Drive ECHOLINE/03-Customer Care/D-Reporting/ZZ-Archives
[2026-07-06 11:09:16] [INFO] Traitement: /Drive ECHOLINE/04-Community management/ (6 permission(s))
[2026-07-06 11:09:16] [INFO] === COPIE REELLE: Drive ECHOLINE/04-Community management ===
[2026-07-06 11:09:17] [SUCCESS] Dossier cree: Drive ECHOLINE/04-Community management
[2026-07-06 11:09:17] [WARN] Impossible de résoudre 'grp_test' dans le tenant destination - permission ignorée
[2026-07-06 11:09:17] [SUCCESS] Permission appliquée: Equipe INFRA [write] -> Drive ECHOLINE/04-Community management
[2026-07-06 11:09:17] [SUCCESS] Permission appliquée: User 01 [write] -> Drive ECHOLINE/04-Community management
[2026-07-06 11:09:17] [WARN] Pas de mappage pour: SERVICES_GENERAUX - Membres () - permission ignorée sur Drive ECHOLINE/04-Community management
[2026-07-06 11:09:17] [WARN] Pas de mappage pour: SERVICES_GENERAUX - Visiteurs () - permission ignorée sur Drive ECHOLINE/04-Community management
[2026-07-06 11:09:17] [WARN] Pas de mappage pour: Propriétaires de SERVICES_GENERAUX () - permission ignorée sur Drive ECHOLINE/04-Community management
[2026-07-06 11:09:17] [INFO] Traitement: /Drive ECHOLINE/04-Community management/A-Newsletter/ (6 permission(s))
[2026-07-06 11:09:17] [INFO] === COPIE REELLE: Drive ECHOLINE/04-Community management/A-Newsletter ===
[2026-07-06 11:09:18] [SUCCESS] Dossier cree: Drive ECHOLINE/04-Community management/A-Newsletter
[2026-07-06 11:09:18] [WARN] Pas de mappage pour: SERVICES_GENERAUX - Visiteurs () - permission ignorée sur Drive ECHOLINE/04-Community management/A-Newsletter
[2026-07-06 11:09:18] [WARN] Pas de mappage pour: Propriétaires de SERVICES_GENERAUX () - permission ignorée sur Drive ECHOLINE/04-Community management/A-Newsletter
[2026-07-06 11:09:18] [WARN] Pas de mappage pour: SERVICES_GENERAUX - Membres () - permission ignorée sur Drive ECHOLINE/04-Community management/A-Newsletter
[2026-07-06 11:09:18] [SUCCESS] Permission appliquée: User 01 [write] -> Drive ECHOLINE/04-Community management/A-Newsletter
[2026-07-06 11:09:18] [SUCCESS] Permission appliquée: Equipe INFRA [write] -> Drive ECHOLINE/04-Community management/A-Newsletter
[2026-07-06 11:09:18] [WARN] Impossible de résoudre 'grp_test' dans le tenant destination - permission ignorée
[2026-07-06 11:09:18] [INFO] Traitement: /Drive ECHOLINE/04-Community management/A-Newsletter/ZZ-Archives/ (6 permission(s))
[2026-07-06 11:09:18] [INFO] === COPIE REELLE: Drive ECHOLINE/04-Community management/A-Newsletter/ZZ-Archives ===
[2026-07-06 11:09:19] [SUCCESS] Dossier cree: Drive ECHOLINE/04-Community management/A-Newsletter/ZZ-Archives
[2026-07-06 11:09:19] [WARN] Impossible de résoudre 'grp_test' dans le tenant destination - permission ignorée
[2026-07-06 11:09:19] [WARN] Pas de mappage pour: SERVICES_GENERAUX - Visiteurs () - permission ignorée sur Drive ECHOLINE/04-Community management/A-Newsletter/ZZ-Archives
[2026-07-06 11:09:19] [WARN] Pas de mappage pour: SERVICES_GENERAUX - Membres () - permission ignorée sur Drive ECHOLINE/04-Community management/A-Newsletter/ZZ-Archives
[2026-07-06 11:09:20] [SUCCESS] Permission appliquée: User 01 [write] -> Drive ECHOLINE/04-Community management/A-Newsletter/ZZ-Archives
[2026-07-06 11:09:20] [SUCCESS] Permission appliquée: Equipe INFRA [write] -> Drive ECHOLINE/04-Community management/A-Newsletter/ZZ-Archives
[2026-07-06 11:09:20] [WARN] Pas de mappage pour: Propriétaires de SERVICES_GENERAUX () - permission ignorée sur Drive ECHOLINE/04-Community management/A-Newsletter/ZZ-Archives
[2026-07-06 11:09:20] [INFO] Traitement: /Drive ECHOLINE/04-Community management/B-Webinar/ (6 permission(s))
[2026-07-06 11:09:20] [INFO] === COPIE REELLE: Drive ECHOLINE/04-Community management/B-Webinar ===
[2026-07-06 11:09:20] [SUCCESS] Dossier cree: Drive ECHOLINE/04-Community management/B-Webinar
[2026-07-06 11:09:21] [WARN] Impossible de résoudre 'grp_test' dans le tenant destination - permission ignorée
[2026-07-06 11:09:21] [SUCCESS] Permission appliquée: Equipe INFRA [write] -> Drive ECHOLINE/04-Community management/B-Webinar
[2026-07-06 11:09:21] [SUCCESS] Permission appliquée: User 01 [write] -> Drive ECHOLINE/04-Community management/B-Webinar
[2026-07-06 11:09:21] [WARN] Pas de mappage pour: SERVICES_GENERAUX - Membres () - permission ignorée sur Drive ECHOLINE/04-Community management/B-Webinar
[2026-07-06 11:09:21] [WARN] Pas de mappage pour: SERVICES_GENERAUX - Visiteurs () - permission ignorée sur Drive ECHOLINE/04-Community management/B-Webinar
[2026-07-06 11:09:21] [WARN] Pas de mappage pour: Propriétaires de SERVICES_GENERAUX () - permission ignorée sur Drive ECHOLINE/04-Community management/B-Webinar
[2026-07-06 11:09:21] [INFO] Traitement: /Drive ECHOLINE/04-Community management/B-Webinar/Webinar ECHOLINExBLUMEI/ (6 permission(s))
[2026-07-06 11:09:21] [INFO] === COPIE REELLE: Drive ECHOLINE/04-Community management/B-Webinar/Webinar ECHOLINExBLUMEI ===
[2026-07-06 11:09:22] [SUCCESS] Dossier cree: Drive ECHOLINE/04-Community management/B-Webinar/Webinar ECHOLINExBLUMEI
[2026-07-06 11:09:22] [SUCCESS] Permission appliquée: Equipe INFRA [write] -> Drive ECHOLINE/04-Community management/B-Webinar/Webinar ECHOLINExBLUMEI
[2026-07-06 11:09:22] [WARN] Pas de mappage pour: Propriétaires de SERVICES_GENERAUX () - permission ignorée sur Drive ECHOLINE/04-Community management/B-Webinar/Webinar ECHOLINExBLUMEI
[2026-07-06 11:09:22] [WARN] Pas de mappage pour: SERVICES_GENERAUX - Membres () - permission ignorée sur Drive ECHOLINE/04-Community management/B-Webinar/Webinar ECHOLINExBLUMEI
[2026-07-06 11:09:22] [WARN] Pas de mappage pour: SERVICES_GENERAUX - Visiteurs () - permission ignorée sur Drive ECHOLINE/04-Community management/B-Webinar/Webinar ECHOLINExBLUMEI
[2026-07-06 11:09:22] [SUCCESS] Permission appliquée: User 01 [write] -> Drive ECHOLINE/04-Community management/B-Webinar/Webinar ECHOLINExBLUMEI
[2026-07-06 11:09:22] [WARN] Impossible de résoudre 'grp_test' dans le tenant destination - permission ignorée
[2026-07-06 11:09:22] [INFO] Traitement: /Drive ECHOLINE/04-Community management/B-Webinar/ZZ-Archives/ (6 permission(s))
[2026-07-06 11:09:22] [INFO] === COPIE REELLE: Drive ECHOLINE/04-Community management/B-Webinar/ZZ-Archives ===
[2026-07-06 11:09:23] [SUCCESS] Dossier cree: Drive ECHOLINE/04-Community management/B-Webinar/ZZ-Archives
[2026-07-06 11:09:23] [WARN] Impossible de résoudre 'grp_test' dans le tenant destination - permission ignorée
[2026-07-06 11:09:23] [SUCCESS] Permission appliquée: Equipe INFRA [write] -> Drive ECHOLINE/04-Community management/B-Webinar/ZZ-Archives
[2026-07-06 11:09:24] [SUCCESS] Permission appliquée: User 01 [write] -> Drive ECHOLINE/04-Community management/B-Webinar/ZZ-Archives
[2026-07-06 11:09:24] [WARN] Pas de mappage pour: SERVICES_GENERAUX - Membres () - permission ignorée sur Drive ECHOLINE/04-Community management/B-Webinar/ZZ-Archives
[2026-07-06 11:09:24] [WARN] Pas de mappage pour: SERVICES_GENERAUX - Visiteurs () - permission ignorée sur Drive ECHOLINE/04-Community management/B-Webinar/ZZ-Archives
[2026-07-06 11:09:24] [WARN] Pas de mappage pour: Propriétaires de SERVICES_GENERAUX () - permission ignorée sur Drive ECHOLINE/04-Community management/B-Webinar/ZZ-Archives
[2026-07-06 11:09:24] [INFO] Traitement: /Drive ECHOLINE/04-Community management/C-Siteweb/ (6 permission(s))
[2026-07-06 11:09:24] [INFO] === COPIE REELLE: Drive ECHOLINE/04-Community management/C-Siteweb ===
[2026-07-06 11:09:24] [SUCCESS] Dossier cree: Drive ECHOLINE/04-Community management/C-Siteweb
[2026-07-06 11:09:24] [WARN] Pas de mappage pour: SERVICES_GENERAUX - Visiteurs () - permission ignorée sur Drive ECHOLINE/04-Community management/C-Siteweb
[2026-07-06 11:09:24] [WARN] Pas de mappage pour: Propriétaires de SERVICES_GENERAUX () - permission ignorée sur Drive ECHOLINE/04-Community management/C-Siteweb
[2026-07-06 11:09:25] [SUCCESS] Permission appliquée: User 01 [write] -> Drive ECHOLINE/04-Community management/C-Siteweb
[2026-07-06 11:09:25] [WARN] Impossible de résoudre 'grp_test' dans le tenant destination - permission ignorée
[2026-07-06 11:09:25] [SUCCESS] Permission appliquée: Equipe INFRA [write] -> Drive ECHOLINE/04-Community management/C-Siteweb
[2026-07-06 11:09:25] [WARN] Pas de mappage pour: SERVICES_GENERAUX - Membres () - permission ignorée sur Drive ECHOLINE/04-Community management/C-Siteweb
[2026-07-06 11:09:25] [INFO] Traitement: /Drive ECHOLINE/04-Community management/C-Siteweb/Maquettes/ (6 permission(s))
[2026-07-06 11:09:25] [INFO] === COPIE REELLE: Drive ECHOLINE/04-Community management/C-Siteweb/Maquettes ===
[2026-07-06 11:09:26] [SUCCESS] Dossier cree: Drive ECHOLINE/04-Community management/C-Siteweb/Maquettes
[2026-07-06 11:09:26] [SUCCESS] Permission appliquée: Equipe INFRA [write] -> Drive ECHOLINE/04-Community management/C-Siteweb/Maquettes
[2026-07-06 11:09:26] [SUCCESS] Permission appliquée: User 01 [write] -> Drive ECHOLINE/04-Community management/C-Siteweb/Maquettes
[2026-07-06 11:09:26] [WARN] Pas de mappage pour: SERVICES_GENERAUX - Membres () - permission ignorée sur Drive ECHOLINE/04-Community management/C-Siteweb/Maquettes
[2026-07-06 11:09:26] [WARN] Pas de mappage pour: SERVICES_GENERAUX - Visiteurs () - permission ignorée sur Drive ECHOLINE/04-Community management/C-Siteweb/Maquettes
[2026-07-06 11:09:26] [WARN] Pas de mappage pour: Propriétaires de SERVICES_GENERAUX () - permission ignorée sur Drive ECHOLINE/04-Community management/C-Siteweb/Maquettes
[2026-07-06 11:09:26] [WARN] Impossible de résoudre 'grp_test' dans le tenant destination - permission ignorée
[2026-07-06 11:09:26] [INFO] Traitement: /Drive ECHOLINE/04-Community management/C-Siteweb/ZZ-Archives/ (6 permission(s))
[2026-07-06 11:09:26] [INFO] === COPIE REELLE: Drive ECHOLINE/04-Community management/C-Siteweb/ZZ-Archives ===
[2026-07-06 11:09:27] [SUCCESS] Dossier cree: Drive ECHOLINE/04-Community management/C-Siteweb/ZZ-Archives
[2026-07-06 11:09:27] [SUCCESS] Permission appliquée: User 01 [write] -> Drive ECHOLINE/04-Community management/C-Siteweb/ZZ-Archives
[2026-07-06 11:09:27] [WARN] Pas de mappage pour: Propriétaires de SERVICES_GENERAUX () - permission ignorée sur Drive ECHOLINE/04-Community management/C-Siteweb/ZZ-Archives
[2026-07-06 11:09:27] [WARN] Pas de mappage pour: SERVICES_GENERAUX - Visiteurs () - permission ignorée sur Drive ECHOLINE/04-Community management/C-Siteweb/ZZ-Archives
[2026-07-06 11:09:27] [WARN] Pas de mappage pour: SERVICES_GENERAUX - Membres () - permission ignorée sur Drive ECHOLINE/04-Community management/C-Siteweb/ZZ-Archives
[2026-07-06 11:09:28] [SUCCESS] Permission appliquée: Equipe INFRA [write] -> Drive ECHOLINE/04-Community management/C-Siteweb/ZZ-Archives
[2026-07-06 11:09:28] [WARN] Impossible de résoudre 'grp_test' dans le tenant destination - permission ignorée
[2026-07-06 11:09:28] [INFO] Traitement: /Drive ECHOLINE/04-Community management/D-Kit communication/ (6 permission(s))
[2026-07-06 11:09:28] [INFO] === COPIE REELLE: Drive ECHOLINE/04-Community management/D-Kit communication ===
[2026-07-06 11:09:28] [SUCCESS] Dossier cree: Drive ECHOLINE/04-Community management/D-Kit communication
[2026-07-06 11:09:28] [WARN] Impossible de résoudre 'grp_test' dans le tenant destination - permission ignorée
[2026-07-06 11:09:28] [WARN] Pas de mappage pour: Propriétaires de SERVICES_GENERAUX () - permission ignorée sur Drive ECHOLINE/04-Community management/D-Kit communication
[2026-07-06 11:09:28] [SUCCESS] Permission appliquée: Equipe INFRA [write] -> Drive ECHOLINE/04-Community management/D-Kit communication
[2026-07-06 11:09:28] [WARN] Pas de mappage pour: SERVICES_GENERAUX - Visiteurs () - permission ignorée sur Drive ECHOLINE/04-Community management/D-Kit communication
[2026-07-06 11:09:28] [WARN] Pas de mappage pour: SERVICES_GENERAUX - Membres () - permission ignorée sur Drive ECHOLINE/04-Community management/D-Kit communication
[2026-07-06 11:09:29] [SUCCESS] Permission appliquée: User 01 [write] -> Drive ECHOLINE/04-Community management/D-Kit communication
[2026-07-06 11:09:29] [INFO] Traitement: /Drive ECHOLINE/04-Community management/D-Kit communication/Flyers/ (6 permission(s))
[2026-07-06 11:09:29] [INFO] === COPIE REELLE: Drive ECHOLINE/04-Community management/D-Kit communication/Flyers ===
[2026-07-06 11:09:29] [SUCCESS] Dossier cree: Drive ECHOLINE/04-Community management/D-Kit communication/Flyers
[2026-07-06 11:09:30] [WARN] Impossible de résoudre 'grp_test' dans le tenant destination - permission ignorée
[2026-07-06 11:09:30] [SUCCESS] Permission appliquée: Equipe INFRA [write] -> Drive ECHOLINE/04-Community management/D-Kit communication/Flyers
[2026-07-06 11:09:30] [SUCCESS] Permission appliquée: User 01 [write] -> Drive ECHOLINE/04-Community management/D-Kit communication/Flyers
[2026-07-06 11:09:30] [WARN] Pas de mappage pour: SERVICES_GENERAUX - Membres () - permission ignorée sur Drive ECHOLINE/04-Community management/D-Kit communication/Flyers
[2026-07-06 11:09:30] [WARN] Pas de mappage pour: SERVICES_GENERAUX - Visiteurs () - permission ignorée sur Drive ECHOLINE/04-Community management/D-Kit communication/Flyers
[2026-07-06 11:09:30] [WARN] Pas de mappage pour: Propriétaires de SERVICES_GENERAUX () - permission ignorée sur Drive ECHOLINE/04-Community management/D-Kit communication/Flyers
[2026-07-06 11:09:30] [INFO] Traitement: /Drive ECHOLINE/04-Community management/D-Kit communication/Illustrations/ (6 permission(s))
[2026-07-06 11:09:30] [INFO] === COPIE REELLE: Drive ECHOLINE/04-Community management/D-Kit communication/Illustrations ===
[2026-07-06 11:09:31] [SUCCESS] Dossier cree: Drive ECHOLINE/04-Community management/D-Kit communication/Illustrations
[2026-07-06 11:09:31] [SUCCESS] Permission appliquée: Equipe INFRA [write] -> Drive ECHOLINE/04-Community management/D-Kit communication/Illustrations
[2026-07-06 11:09:31] [WARN] Pas de mappage pour: Propriétaires de SERVICES_GENERAUX () - permission ignorée sur Drive ECHOLINE/04-Community management/D-Kit communication/Illustrations
[2026-07-06 11:09:31] [WARN] Pas de mappage pour: SERVICES_GENERAUX - Visiteurs () - permission ignorée sur Drive ECHOLINE/04-Community management/D-Kit communication/Illustrations
[2026-07-06 11:09:31] [WARN] Pas de mappage pour: SERVICES_GENERAUX - Membres () - permission ignorée sur Drive ECHOLINE/04-Community management/D-Kit communication/Illustrations
[2026-07-06 11:09:31] [SUCCESS] Permission appliquée: User 01 [write] -> Drive ECHOLINE/04-Community management/D-Kit communication/Illustrations
[2026-07-06 11:09:31] [WARN] Impossible de résoudre 'grp_test' dans le tenant destination - permission ignorée
[2026-07-06 11:09:31] [INFO] Traitement: /Drive ECHOLINE/04-Community management/D-Kit communication/Images générées par Chat GPT/ (6 permission(s))
[2026-07-06 11:09:31] [INFO] === COPIE REELLE: Drive ECHOLINE/04-Community management/D-Kit communication/Images générées par Chat GPT ===
[2026-07-06 11:09:32] [SUCCESS] Dossier cree: Drive ECHOLINE/04-Community management/D-Kit communication/Images générées par Chat GPT
[2026-07-06 11:09:33] [DEBUG] [404] Item pas encore disponible, retry 1/3 dans 2s: Drive ECHOLINE/04-Community management/D-Kit communication/Images générées par Chat GPT
[2026-07-06 11:09:35] [DEBUG] [404] Item pas encore disponible, retry 2/3 dans 2s: Drive ECHOLINE/04-Community management/D-Kit communication/Images générées par Chat GPT
[2026-07-06 11:09:37] [DEBUG] [404] Item pas encore disponible, retry 3/3 dans 2s: Drive ECHOLINE/04-Community management/D-Kit communication/Images générées par Chat GPT
[2026-07-06 11:09:39] [WARN] Impossible de récupérer l'item destination pour les droits: Drive ECHOLINE/04-Community management/D-Kit communication/Images générées par Chat GPT - Le serveur distant a retourné une erreur : (404) Introuvable.
[2026-07-06 11:09:39] [INFO] Traitement: /Drive ECHOLINE/04-Community management/D-Kit communication/Logos clients/ (6 permission(s))
[2026-07-06 11:09:39] [INFO] === COPIE REELLE: Drive ECHOLINE/04-Community management/D-Kit communication/Logos clients ===
[2026-07-06 11:09:40] [SUCCESS] Dossier cree: Drive ECHOLINE/04-Community management/D-Kit communication/Logos clients
[2026-07-06 11:09:40] [WARN] Pas de mappage pour: Propriétaires de SERVICES_GENERAUX () - permission ignorée sur Drive ECHOLINE/04-Community management/D-Kit communication/Logos clients
[2026-07-06 11:09:40] [WARN] Impossible de résoudre 'grp_test' dans le tenant destination - permission ignorée
[2026-07-06 11:09:40] [SUCCESS] Permission appliquée: Equipe INFRA [write] -> Drive ECHOLINE/04-Community management/D-Kit communication/Logos clients
[2026-07-06 11:09:41] [SUCCESS] Permission appliquée: User 01 [write] -> Drive ECHOLINE/04-Community management/D-Kit communication/Logos clients
[2026-07-06 11:09:41] [WARN] Pas de mappage pour: SERVICES_GENERAUX - Membres () - permission ignorée sur Drive ECHOLINE/04-Community management/D-Kit communication/Logos clients
[2026-07-06 11:09:41] [WARN] Pas de mappage pour: SERVICES_GENERAUX - Visiteurs () - permission ignorée sur Drive ECHOLINE/04-Community management/D-Kit communication/Logos clients
[2026-07-06 11:09:41] [INFO] Traitement: /Drive ECHOLINE/04-Community management/D-Kit communication/Logos ECHOLINE/ (6 permission(s))
[2026-07-06 11:09:41] [INFO] === COPIE REELLE: Drive ECHOLINE/04-Community management/D-Kit communication/Logos ECHOLINE ===
[2026-07-06 11:09:41] [SUCCESS] Dossier cree: Drive ECHOLINE/04-Community management/D-Kit communication/Logos ECHOLINE
[2026-07-06 11:09:42] [WARN] Pas de mappage pour: Propriétaires de SERVICES_GENERAUX () - permission ignorée sur Drive ECHOLINE/04-Community management/D-Kit communication/Logos ECHOLINE
[2026-07-06 11:09:42] [WARN] Pas de mappage pour: SERVICES_GENERAUX - Membres () - permission ignorée sur Drive ECHOLINE/04-Community management/D-Kit communication/Logos ECHOLINE
[2026-07-06 11:09:42] [SUCCESS] Permission appliquée: Equipe INFRA [write] -> Drive ECHOLINE/04-Community management/D-Kit communication/Logos ECHOLINE
[2026-07-06 11:09:42] [WARN] Impossible de résoudre 'grp_test' dans le tenant destination - permission ignorée
[2026-07-06 11:09:42] [WARN] Pas de mappage pour: SERVICES_GENERAUX - Visiteurs () - permission ignorée sur Drive ECHOLINE/04-Community management/D-Kit communication/Logos ECHOLINE
[2026-07-06 11:09:42] [SUCCESS] Permission appliquée: User 01 [write] -> Drive ECHOLINE/04-Community management/D-Kit communication/Logos ECHOLINE
[2026-07-06 11:09:42] [INFO] Traitement: /Drive ECHOLINE/04-Community management/D-Kit communication/Photos/ (6 permission(s))
[2026-07-06 11:09:42] [INFO] === COPIE REELLE: Drive ECHOLINE/04-Community management/D-Kit communication/Photos ===
[2026-07-06 11:09:43] [SUCCESS] Dossier cree: Drive ECHOLINE/04-Community management/D-Kit communication/Photos
[2026-07-06 11:09:43] [WARN] Impossible de résoudre 'grp_test' dans le tenant destination - permission ignorée
[2026-07-06 11:09:43] [SUCCESS] Permission appliquée: Equipe INFRA [write] -> Drive ECHOLINE/04-Community management/D-Kit communication/Photos
[2026-07-06 11:09:43] [SUCCESS] Permission appliquée: User 01 [write] -> Drive ECHOLINE/04-Community management/D-Kit communication/Photos
[2026-07-06 11:09:43] [WARN] Pas de mappage pour: SERVICES_GENERAUX - Membres () - permission ignorée sur Drive ECHOLINE/04-Community management/D-Kit communication/Photos
[2026-07-06 11:09:43] [WARN] Pas de mappage pour: SERVICES_GENERAUX - Visiteurs () - permission ignorée sur Drive ECHOLINE/04-Community management/D-Kit communication/Photos
[2026-07-06 11:09:43] [WARN] Pas de mappage pour: Propriétaires de SERVICES_GENERAUX () - permission ignorée sur Drive ECHOLINE/04-Community management/D-Kit communication/Photos
[2026-07-06 11:09:43] [INFO] Traitement: /Drive ECHOLINE/04-Community management/D-Kit communication/ZZ-Archives/ (6 permission(s))
[2026-07-06 11:09:43] [INFO] === COPIE REELLE: Drive ECHOLINE/04-Community management/D-Kit communication/ZZ-Archives ===
[2026-07-06 11:09:44] [SUCCESS] Dossier cree: Drive ECHOLINE/04-Community management/D-Kit communication/ZZ-Archives
[2026-07-06 11:09:44] [SUCCESS] Permission appliquée: Equipe INFRA [write] -> Drive ECHOLINE/04-Community management/D-Kit communication/ZZ-Archives
[2026-07-06 11:09:44] [WARN] Pas de mappage pour: Propriétaires de SERVICES_GENERAUX () - permission ignorée sur Drive ECHOLINE/04-Community management/D-Kit communication/ZZ-Archives
[2026-07-06 11:09:44] [WARN] Pas de mappage pour: SERVICES_GENERAUX - Visiteurs () - permission ignorée sur Drive ECHOLINE/04-Community management/D-Kit communication/ZZ-Archives
[2026-07-06 11:09:44] [WARN] Pas de mappage pour: SERVICES_GENERAUX - Membres () - permission ignorée sur Drive ECHOLINE/04-Community management/D-Kit communication/ZZ-Archives
[2026-07-06 11:09:45] [SUCCESS] Permission appliquée: User 01 [write] -> Drive ECHOLINE/04-Community management/D-Kit communication/ZZ-Archives
[2026-07-06 11:09:45] [WARN] Impossible de résoudre 'grp_test' dans le tenant destination - permission ignorée
[2026-07-06 11:09:45] [INFO] Traitement: /Drive ECHOLINE/04-Community management/E- Linkedin/ (6 permission(s))
[2026-07-06 11:09:45] [INFO] === COPIE REELLE: Drive ECHOLINE/04-Community management/E- Linkedin ===
[2026-07-06 11:09:45] [SUCCESS] Dossier cree: Drive ECHOLINE/04-Community management/E- Linkedin
[2026-07-06 11:09:45] [WARN] Impossible de résoudre 'grp_test' dans le tenant destination - permission ignorée
[2026-07-06 11:09:45] [WARN] Pas de mappage pour: Propriétaires de SERVICES_GENERAUX () - permission ignorée sur Drive ECHOLINE/04-Community management/E- Linkedin
[2026-07-06 11:09:46] [SUCCESS] Permission appliquée: Equipe INFRA [write] -> Drive ECHOLINE/04-Community management/E- Linkedin
[2026-07-06 11:09:46] [WARN] Pas de mappage pour: SERVICES_GENERAUX - Visiteurs () - permission ignorée sur Drive ECHOLINE/04-Community management/E- Linkedin
[2026-07-06 11:09:46] [WARN] Pas de mappage pour: SERVICES_GENERAUX - Membres () - permission ignorée sur Drive ECHOLINE/04-Community management/E- Linkedin
[2026-07-06 11:09:46] [SUCCESS] Permission appliquée: User 01 [write] -> Drive ECHOLINE/04-Community management/E- Linkedin
[2026-07-06 11:09:46] [INFO] Traitement: /Drive ECHOLINE/04-Community management/E- Linkedin/Carrousel réglementaires/ (6 permission(s))
[2026-07-06 11:09:46] [INFO] === COPIE REELLE: Drive ECHOLINE/04-Community management/E- Linkedin/Carrousel réglementaires ===
[2026-07-06 11:09:47] [SUCCESS] Dossier cree: Drive ECHOLINE/04-Community management/E- Linkedin/Carrousel réglementaires
[2026-07-06 11:09:47] [DEBUG] [404] Item pas encore disponible, retry 1/3 dans 2s: Drive ECHOLINE/04-Community management/E- Linkedin/Carrousel réglementaires
[2026-07-06 11:09:49] [DEBUG] [404] Item pas encore disponible, retry 2/3 dans 2s: Drive ECHOLINE/04-Community management/E- Linkedin/Carrousel réglementaires
[2026-07-06 11:09:51] [DEBUG] [404] Item pas encore disponible, retry 3/3 dans 2s: Drive ECHOLINE/04-Community management/E- Linkedin/Carrousel réglementaires
[2026-07-06 11:09:53] [WARN] Impossible de récupérer l'item destination pour les droits: Drive ECHOLINE/04-Community management/E- Linkedin/Carrousel réglementaires - Le serveur distant a retourné une erreur : (404) Introuvable.
[2026-07-06 11:09:53] [INFO] Traitement: /Drive ECHOLINE/04-Community management/ZZ-Archives/ (6 permission(s))
[2026-07-06 11:09:53] [INFO] === COPIE REELLE: Drive ECHOLINE/04-Community management/ZZ-Archives ===
[2026-07-06 11:09:54] [SUCCESS] Dossier cree: Drive ECHOLINE/04-Community management/ZZ-Archives
[2026-07-06 11:09:54] [WARN] Pas de mappage pour: SERVICES_GENERAUX - Visiteurs () - permission ignorée sur Drive ECHOLINE/04-Community management/ZZ-Archives
[2026-07-06 11:09:54] [WARN] Pas de mappage pour: Propriétaires de SERVICES_GENERAUX () - permission ignorée sur Drive ECHOLINE/04-Community management/ZZ-Archives
[2026-07-06 11:09:54] [WARN] Pas de mappage pour: SERVICES_GENERAUX - Membres () - permission ignorée sur Drive ECHOLINE/04-Community management/ZZ-Archives
[2026-07-06 11:09:54] [SUCCESS] Permission appliquée: User 01 [write] -> Drive ECHOLINE/04-Community management/ZZ-Archives
[2026-07-06 11:09:55] [SUCCESS] Permission appliquée: Equipe INFRA [write] -> Drive ECHOLINE/04-Community management/ZZ-Archives
[2026-07-06 11:09:55] [WARN] Impossible de résoudre 'grp_test' dans le tenant destination - permission ignorée
[2026-07-06 11:09:55] [INFO] Traitement: /Drive ECHOLINE/04-Community management/ZZ-Archives/Matinales/ (6 permission(s))
[2026-07-06 11:09:55] [INFO] === COPIE REELLE: Drive ECHOLINE/04-Community management/ZZ-Archives/Matinales ===
[2026-07-06 11:09:55] [SUCCESS] Dossier cree: Drive ECHOLINE/04-Community management/ZZ-Archives/Matinales
[2026-07-06 11:09:56] [WARN] Impossible de résoudre 'grp_test' dans le tenant destination - permission ignorée
[2026-07-06 11:09:56] [WARN] Pas de mappage pour: Propriétaires de SERVICES_GENERAUX () - permission ignorée sur Drive ECHOLINE/04-Community management/ZZ-Archives/Matinales
[2026-07-06 11:09:56] [WARN] Pas de mappage pour: SERVICES_GENERAUX - Membres () - permission ignorée sur Drive ECHOLINE/04-Community management/ZZ-Archives/Matinales
[2026-07-06 11:09:56] [SUCCESS] Permission appliquée: User 01 [write] -> Drive ECHOLINE/04-Community management/ZZ-Archives/Matinales
[2026-07-06 11:09:56] [SUCCESS] Permission appliquée: Equipe INFRA [write] -> Drive ECHOLINE/04-Community management/ZZ-Archives/Matinales
[2026-07-06 11:09:56] [WARN] Pas de mappage pour: SERVICES_GENERAUX - Visiteurs () - permission ignorée sur Drive ECHOLINE/04-Community management/ZZ-Archives/Matinales
[2026-07-06 11:09:56] [INFO] Traitement: /Drive ECHOLINE/05-Sales/ (6 permission(s))
[2026-07-06 11:09:56] [INFO] === COPIE REELLE: Drive ECHOLINE/05-Sales ===
[2026-07-06 11:09:56] [SUCCESS] Dossier cree: Drive ECHOLINE/05-Sales
[2026-07-06 11:09:57] [WARN] Impossible de résoudre 'grp_test' dans le tenant destination - permission ignorée
[2026-07-06 11:09:57] [SUCCESS] Permission appliquée: Equipe INFRA [write] -> Drive ECHOLINE/05-Sales
[2026-07-06 11:09:57] [SUCCESS] Permission appliquée: User 01 [write] -> Drive ECHOLINE/05-Sales
[2026-07-06 11:09:57] [WARN] Pas de mappage pour: SERVICES_GENERAUX - Membres () - permission ignorée sur Drive ECHOLINE/05-Sales
[2026-07-06 11:09:57] [WARN] Pas de mappage pour: SERVICES_GENERAUX - Visiteurs () - permission ignorée sur Drive ECHOLINE/05-Sales
[2026-07-06 11:09:57] [WARN] Pas de mappage pour: Propriétaires de SERVICES_GENERAUX () - permission ignorée sur Drive ECHOLINE/05-Sales
[2026-07-06 11:09:57] [INFO] Traitement: /Drive ECHOLINE/05-Sales/A-Prospects/ (6 permission(s))
[2026-07-06 11:09:57] [INFO] === COPIE REELLE: Drive ECHOLINE/05-Sales/A-Prospects ===
[2026-07-06 11:09:58] [SUCCESS] Dossier cree: Drive ECHOLINE/05-Sales/A-Prospects
[2026-07-06 11:09:58] [SUCCESS] Permission appliquée: Equipe INFRA [write] -> Drive ECHOLINE/05-Sales/A-Prospects
[2026-07-06 11:09:58] [WARN] Pas de mappage pour: Propriétaires de SERVICES_GENERAUX () - permission ignorée sur Drive ECHOLINE/05-Sales/A-Prospects
[2026-07-06 11:09:58] [WARN] Pas de mappage pour: SERVICES_GENERAUX - Membres () - permission ignorée sur Drive ECHOLINE/05-Sales/A-Prospects
[2026-07-06 11:09:58] [WARN] Pas de mappage pour: SERVICES_GENERAUX - Visiteurs () - permission ignorée sur Drive ECHOLINE/05-Sales/A-Prospects
[2026-07-06 11:09:58] [SUCCESS] Permission appliquée: User 01 [write] -> Drive ECHOLINE/05-Sales/A-Prospects
[2026-07-06 11:09:58] [WARN] Impossible de résoudre 'grp_test' dans le tenant destination - permission ignorée
[2026-07-06 11:09:58] [INFO] Traitement: /Drive ECHOLINE/05-Sales/A-Prospects/AES SARL/ (6 permission(s))
[2026-07-06 11:09:58] [INFO] === COPIE REELLE: Drive ECHOLINE/05-Sales/A-Prospects/AES SARL ===
[2026-07-06 11:09:59] [SUCCESS] Dossier cree: Drive ECHOLINE/05-Sales/A-Prospects/AES SARL
[2026-07-06 11:09:59] [SUCCESS] Permission appliquée: Equipe INFRA [write] -> Drive ECHOLINE/05-Sales/A-Prospects/AES SARL
[2026-07-06 11:10:00] [SUCCESS] Permission appliquée: User 01 [write] -> Drive ECHOLINE/05-Sales/A-Prospects/AES SARL
[2026-07-06 11:10:00] [WARN] Pas de mappage pour: SERVICES_GENERAUX - Membres () - permission ignorée sur Drive ECHOLINE/05-Sales/A-Prospects/AES SARL
[2026-07-06 11:10:00] [WARN] Pas de mappage pour: SERVICES_GENERAUX - Visiteurs () - permission ignorée sur Drive ECHOLINE/05-Sales/A-Prospects/AES SARL
[2026-07-06 11:10:00] [WARN] Pas de mappage pour: Propriétaires de SERVICES_GENERAUX () - permission ignorée sur Drive ECHOLINE/05-Sales/A-Prospects/AES SARL
[2026-07-06 11:10:00] [WARN] Impossible de résoudre 'grp_test' dans le tenant destination - permission ignorée
[2026-07-06 11:10:00] [INFO] Traitement: /Drive ECHOLINE/05-Sales/A-Prospects/ALCHIMIES/ (6 permission(s))
[2026-07-06 11:10:00] [INFO] === COPIE REELLE: Drive ECHOLINE/05-Sales/A-Prospects/ALCHIMIES ===
[2026-07-06 11:10:01] [SUCCESS] Dossier cree: Drive ECHOLINE/05-Sales/A-Prospects/ALCHIMIES
[2026-07-06 11:10:01] [SUCCESS] Permission appliquée: User 01 [write] -> Drive ECHOLINE/05-Sales/A-Prospects/ALCHIMIES
[2026-07-06 11:10:01] [WARN] Pas de mappage pour: SERVICES_GENERAUX - Membres () - permission ignorée sur Drive ECHOLINE/05-Sales/A-Prospects/ALCHIMIES
[2026-07-06 11:10:01] [WARN] Pas de mappage pour: SERVICES_GENERAUX - Visiteurs () - permission ignorée sur Drive ECHOLINE/05-Sales/A-Prospects/ALCHIMIES
[2026-07-06 11:10:01] [WARN] Pas de mappage pour: Propriétaires de SERVICES_GENERAUX () - permission ignorée sur Drive ECHOLINE/05-Sales/A-Prospects/ALCHIMIES
[2026-07-06 11:10:01] [WARN] Impossible de résoudre 'grp_test' dans le tenant destination - permission ignorée
[2026-07-06 11:10:01] [SUCCESS] Permission appliquée: Equipe INFRA [write] -> Drive ECHOLINE/05-Sales/A-Prospects/ALCHIMIES
[2026-07-06 11:10:01] [INFO] Traitement: /Drive ECHOLINE/05-Sales/A-Prospects/APAG/ (6 permission(s))
[2026-07-06 11:10:01] [INFO] === COPIE REELLE: Drive ECHOLINE/05-Sales/A-Prospects/APAG ===
[2026-07-06 11:10:02] [SUCCESS] Dossier cree: Drive ECHOLINE/05-Sales/A-Prospects/APAG
[2026-07-06 11:10:02] [WARN] Impossible de résoudre 'grp_test' dans le tenant destination - permission ignorée
[2026-07-06 11:10:02] [SUCCESS] Permission appliquée: User 01 [write] -> Drive ECHOLINE/05-Sales/A-Prospects/APAG
[2026-07-06 11:10:02] [WARN] Pas de mappage pour: SERVICES_GENERAUX - Membres () - permission ignorée sur Drive ECHOLINE/05-Sales/A-Prospects/APAG
[2026-07-06 11:10:02] [WARN] Pas de mappage pour: SERVICES_GENERAUX - Visiteurs () - permission ignorée sur Drive ECHOLINE/05-Sales/A-Prospects/APAG
[2026-07-06 11:10:02] [WARN] Pas de mappage pour: Propriétaires de SERVICES_GENERAUX () - permission ignorée sur Drive ECHOLINE/05-Sales/A-Prospects/APAG
[2026-07-06 11:10:03] [SUCCESS] Permission appliquée: Equipe INFRA [write] -> Drive ECHOLINE/05-Sales/A-Prospects/APAG
[2026-07-06 11:10:03] [INFO] Traitement: /Drive ECHOLINE/05-Sales/A-Prospects/BIOTOPE/ (6 permission(s))
[2026-07-06 11:10:03] [INFO] === COPIE REELLE: Drive ECHOLINE/05-Sales/A-Prospects/BIOTOPE ===
[2026-07-06 11:10:04] [SUCCESS] Dossier cree: Drive ECHOLINE/05-Sales/A-Prospects/BIOTOPE
[2026-07-06 11:10:04] [WARN] Pas de mappage pour: SERVICES_GENERAUX - Visiteurs () - permission ignorée sur Drive ECHOLINE/05-Sales/A-Prospects/BIOTOPE
[2026-07-06 11:10:04] [WARN] Pas de mappage pour: Propriétaires de SERVICES_GENERAUX () - permission ignorée sur Drive ECHOLINE/05-Sales/A-Prospects/BIOTOPE
[2026-07-06 11:10:04] [WARN] Pas de mappage pour: SERVICES_GENERAUX - Membres () - permission ignorée sur Drive ECHOLINE/05-Sales/A-Prospects/BIOTOPE
[2026-07-06 11:10:04] [WARN] Impossible de résoudre 'grp_test' dans le tenant destination - permission ignorée
[2026-07-06 11:10:04] [SUCCESS] Permission appliquée: Equipe INFRA [write] -> Drive ECHOLINE/05-Sales/A-Prospects/BIOTOPE
[2026-07-06 11:10:04] [SUCCESS] Permission appliquée: User 01 [write] -> Drive ECHOLINE/05-Sales/A-Prospects/BIOTOPE
[2026-07-06 11:10:04] [INFO] Traitement: /Drive ECHOLINE/05-Sales/A-Prospects/BOBITECH/ (6 permission(s))
[2026-07-06 11:10:04] [INFO] === COPIE REELLE: Drive ECHOLINE/05-Sales/A-Prospects/BOBITECH ===
[2026-07-06 11:10:05] [SUCCESS] Dossier cree: Drive ECHOLINE/05-Sales/A-Prospects/BOBITECH
[2026-07-06 11:10:05] [SUCCESS] Permission appliquée: User 01 [write] -> Drive ECHOLINE/05-Sales/A-Prospects/BOBITECH
[2026-07-06 11:10:05] [WARN] Pas de mappage pour: SERVICES_GENERAUX - Membres () - permission ignorée sur Drive ECHOLINE/05-Sales/A-Prospects/BOBITECH
[2026-07-06 11:10:05] [WARN] Impossible de résoudre 'grp_test' dans le tenant destination - permission ignorée
[2026-07-06 11:10:05] [WARN] Pas de mappage pour: SERVICES_GENERAUX - Visiteurs () - permission ignorée sur Drive ECHOLINE/05-Sales/A-Prospects/BOBITECH
[2026-07-06 11:10:05] [WARN] Pas de mappage pour: Propriétaires de SERVICES_GENERAUX () - permission ignorée sur Drive ECHOLINE/05-Sales/A-Prospects/BOBITECH
[2026-07-06 11:10:05] [SUCCESS] Permission appliquée: Equipe INFRA [write] -> Drive ECHOLINE/05-Sales/A-Prospects/BOBITECH
[2026-07-06 11:10:05] [INFO] Traitement: /Drive ECHOLINE/05-Sales/A-Prospects/CAMO GROUPE/ (6 permission(s))
[2026-07-06 11:10:05] [INFO] === COPIE REELLE: Drive ECHOLINE/05-Sales/A-Prospects/CAMO GROUPE ===
[2026-07-06 11:10:06] [SUCCESS] Dossier cree: Drive ECHOLINE/05-Sales/A-Prospects/CAMO GROUPE
[2026-07-06 11:10:06] [WARN] Pas de mappage pour: SERVICES_GENERAUX - Visiteurs () - permission ignorée sur Drive ECHOLINE/05-Sales/A-Prospects/CAMO GROUPE
[2026-07-06 11:10:06] [WARN] Pas de mappage pour: Propriétaires de SERVICES_GENERAUX () - permission ignorée sur Drive ECHOLINE/05-Sales/A-Prospects/CAMO GROUPE
[2026-07-06 11:10:06] [WARN] Impossible de résoudre 'grp_test' dans le tenant destination - permission ignorée
[2026-07-06 11:10:07] [SUCCESS] Permission appliquée: Equipe INFRA [write] -> Drive ECHOLINE/05-Sales/A-Prospects/CAMO GROUPE
[2026-07-06 11:10:07] [SUCCESS] Permission appliquée: User 01 [write] -> Drive ECHOLINE/05-Sales/A-Prospects/CAMO GROUPE
[2026-07-06 11:10:07] [WARN] Pas de mappage pour: SERVICES_GENERAUX - Membres () - permission ignorée sur Drive ECHOLINE/05-Sales/A-Prospects/CAMO GROUPE
[2026-07-06 11:10:07] [INFO] Traitement: /Drive ECHOLINE/05-Sales/A-Prospects/CAPSUM/ (6 permission(s))
[2026-07-06 11:10:07] [INFO] === COPIE REELLE: Drive ECHOLINE/05-Sales/A-Prospects/CAPSUM ===
[2026-07-06 11:10:08] [SUCCESS] Dossier cree: Drive ECHOLINE/05-Sales/A-Prospects/CAPSUM
[2026-07-06 11:10:08] [SUCCESS] Permission appliquée: User 01 [write] -> Drive ECHOLINE/05-Sales/A-Prospects/CAPSUM
[2026-07-06 11:10:08] [WARN] Pas de mappage pour: SERVICES_GENERAUX - Membres () - permission ignorée sur Drive ECHOLINE/05-Sales/A-Prospects/CAPSUM
[2026-07-06 11:10:08] [WARN] Pas de mappage pour: SERVICES_GENERAUX - Visiteurs () - permission ignorée sur Drive ECHOLINE/05-Sales/A-Prospects/CAPSUM
[2026-07-06 11:10:08] [WARN] Pas de mappage pour: Propriétaires de SERVICES_GENERAUX () - permission ignorée sur Drive ECHOLINE/05-Sales/A-Prospects/CAPSUM
[2026-07-06 11:10:08] [SUCCESS] Permission appliquée: Equipe INFRA [write] -> Drive ECHOLINE/05-Sales/A-Prospects/CAPSUM
[2026-07-06 11:10:08] [WARN] Impossible de résoudre 'grp_test' dans le tenant destination - permission ignorée
[2026-07-06 11:10:08] [INFO] Traitement: /Drive ECHOLINE/05-Sales/A-Prospects/CATTIER PARIS/ (6 permission(s))
[2026-07-06 11:10:08] [INFO] === COPIE REELLE: Drive ECHOLINE/05-Sales/A-Prospects/CATTIER PARIS ===
[2026-07-06 11:10:09] [SUCCESS] Dossier cree: Drive ECHOLINE/05-Sales/A-Prospects/CATTIER PARIS
[2026-07-06 11:10:09] [WARN] Impossible de résoudre 'grp_test' dans le tenant destination - permission ignorée
[2026-07-06 11:10:09] [WARN] Pas de mappage pour: Propriétaires de SERVICES_GENERAUX () - permission ignorée sur Drive ECHOLINE/05-Sales/A-Prospects/CATTIER PARIS
[2026-07-06 11:10:09] [WARN] Pas de mappage pour: SERVICES_GENERAUX - Visiteurs () - permission ignorée sur Drive ECHOLINE/05-Sales/A-Prospects/CATTIER PARIS
[2026-07-06 11:10:09] [WARN] Pas de mappage pour: SERVICES_GENERAUX - Membres () - permission ignorée sur Drive ECHOLINE/05-Sales/A-Prospects/CATTIER PARIS
[2026-07-06 11:10:09] [SUCCESS] Permission appliquée: User 01 [write] -> Drive ECHOLINE/05-Sales/A-Prospects/CATTIER PARIS
[2026-07-06 11:10:09] [SUCCESS] Permission appliquée: Equipe INFRA [write] -> Drive ECHOLINE/05-Sales/A-Prospects/CATTIER PARIS
[2026-07-06 11:10:10] [INFO] Traitement: /Drive ECHOLINE/05-Sales/A-Prospects/CERTINERGY/ (6 permission(s))
[2026-07-06 11:10:10] [INFO] === COPIE REELLE: Drive ECHOLINE/05-Sales/A-Prospects/CERTINERGY ===
[2026-07-06 11:10:10] [SUCCESS] Dossier cree: Drive ECHOLINE/05-Sales/A-Prospects/CERTINERGY
[2026-07-06 11:10:11] [SUCCESS] Permission appliquée: User 01 [write] -> Drive ECHOLINE/05-Sales/A-Prospects/CERTINERGY
[2026-07-06 11:10:11] [WARN] Pas de mappage pour: Propriétaires de SERVICES_GENERAUX () - permission ignorée sur Drive ECHOLINE/05-Sales/A-Prospects/CERTINERGY
[2026-07-06 11:10:11] [WARN] Pas de mappage pour: SERVICES_GENERAUX - Visiteurs () - permission ignorée sur Drive ECHOLINE/05-Sales/A-Prospects/CERTINERGY
[2026-07-06 11:10:11] [WARN] Pas de mappage pour: SERVICES_GENERAUX - Membres () - permission ignorée sur Drive ECHOLINE/05-Sales/A-Prospects/CERTINERGY
[2026-07-06 11:10:11] [SUCCESS] Permission appliquée: Equipe INFRA [write] -> Drive ECHOLINE/05-Sales/A-Prospects/CERTINERGY
[2026-07-06 11:10:11] [WARN] Impossible de résoudre 'grp_test' dans le tenant destination - permission ignorée
[2026-07-06 11:10:11] [INFO] Traitement: /Drive ECHOLINE/05-Sales/A-Prospects/CHARGEURS PCC/ (6 permission(s))
[2026-07-06 11:10:11] [INFO] === COPIE REELLE: Drive ECHOLINE/05-Sales/A-Prospects/CHARGEURS PCC ===
[2026-07-06 11:10:12] [SUCCESS] Dossier cree: Drive ECHOLINE/05-Sales/A-Prospects/CHARGEURS PCC
[2026-07-06 11:10:12] [WARN] Impossible de résoudre 'grp_test' dans le tenant destination - permission ignorée
[2026-07-06 11:10:12] [SUCCESS] Permission appliquée: Equipe INFRA [write] -> Drive ECHOLINE/05-Sales/A-Prospects/CHARGEURS PCC
[2026-07-06 11:10:12] [SUCCESS] Permission appliquée: User 01 [write] -> Drive ECHOLINE/05-Sales/A-Prospects/CHARGEURS PCC
[2026-07-06 11:10:12] [WARN] Pas de mappage pour: SERVICES_GENERAUX - Membres () - permission ignorée sur Drive ECHOLINE/05-Sales/A-Prospects/CHARGEURS PCC
[2026-07-06 11:10:12] [WARN] Pas de mappage pour: SERVICES_GENERAUX - Visiteurs () - permission ignorée sur Drive ECHOLINE/05-Sales/A-Prospects/CHARGEURS PCC
[2026-07-06 11:10:12] [WARN] Pas de mappage pour: Propriétaires de SERVICES_GENERAUX () - permission ignorée sur Drive ECHOLINE/05-Sales/A-Prospects/CHARGEURS PCC
[2026-07-06 11:10:12] [INFO] Traitement: /Drive ECHOLINE/05-Sales/A-Prospects/COLOREY/ (6 permission(s))
[2026-07-06 11:10:12] [INFO] === COPIE REELLE: Drive ECHOLINE/05-Sales/A-Prospects/COLOREY ===
[2026-07-06 11:10:13] [SUCCESS] Dossier cree: Drive ECHOLINE/05-Sales/A-Prospects/COLOREY
[2026-07-06 11:10:13] [WARN] Pas de mappage pour: SERVICES_GENERAUX - Membres () - permission ignorée sur Drive ECHOLINE/05-Sales/A-Prospects/COLOREY
[2026-07-06 11:10:13] [WARN] Impossible de résoudre 'grp_test' dans le tenant destination - permission ignorée
[2026-07-06 11:10:13] [WARN] Pas de mappage pour: SERVICES_GENERAUX - Visiteurs () - permission ignorée sur Drive ECHOLINE/05-Sales/A-Prospects/COLOREY
[2026-07-06 11:10:13] [WARN] Pas de mappage pour: Propriétaires de SERVICES_GENERAUX () - permission ignorée sur Drive ECHOLINE/05-Sales/A-Prospects/COLOREY
[2026-07-06 11:10:13] [SUCCESS] Permission appliquée: User 01 [write] -> Drive ECHOLINE/05-Sales/A-Prospects/COLOREY
[2026-07-06 11:10:14] [SUCCESS] Permission appliquée: Equipe INFRA [write] -> Drive ECHOLINE/05-Sales/A-Prospects/COLOREY
[2026-07-06 11:10:14] [INFO] Traitement: /Drive ECHOLINE/05-Sales/A-Prospects/CPCU/ (6 permission(s))
[2026-07-06 11:10:14] [INFO] === COPIE REELLE: Drive ECHOLINE/05-Sales/A-Prospects/CPCU ===
[2026-07-06 11:10:14] [SUCCESS] Dossier cree: Drive ECHOLINE/05-Sales/A-Prospects/CPCU
[2026-07-06 11:10:15] [WARN] Impossible de résoudre 'grp_test' dans le tenant destination - permission ignorée
[2026-07-06 11:10:15] [WARN] Pas de mappage pour: Propriétaires de SERVICES_GENERAUX () - permission ignorée sur Drive ECHOLINE/05-Sales/A-Prospects/CPCU
[2026-07-06 11:10:15] [WARN] Pas de mappage pour: SERVICES_GENERAUX - Visiteurs () - permission ignorée sur Drive ECHOLINE/05-Sales/A-Prospects/CPCU
[2026-07-06 11:10:15] [WARN] Pas de mappage pour: SERVICES_GENERAUX - Membres () - permission ignorée sur Drive ECHOLINE/05-Sales/A-Prospects/CPCU
[2026-07-06 11:10:15] [SUCCESS] Permission appliquée: User 01 [write] -> Drive ECHOLINE/05-Sales/A-Prospects/CPCU
[2026-07-06 11:10:15] [SUCCESS] Permission appliquée: Equipe INFRA [write] -> Drive ECHOLINE/05-Sales/A-Prospects/CPCU
[2026-07-06 11:10:15] [INFO] Traitement: /Drive ECHOLINE/05-Sales/A-Prospects/CTIBIOTECH/ (6 permission(s))
[2026-07-06 11:10:15] [INFO] === COPIE REELLE: Drive ECHOLINE/05-Sales/A-Prospects/CTIBIOTECH ===
[2026-07-06 11:10:16] [SUCCESS] Dossier cree: Drive ECHOLINE/05-Sales/A-Prospects/CTIBIOTECH
[2026-07-06 11:10:16] [WARN] Pas de mappage pour: Propriétaires de SERVICES_GENERAUX () - permission ignorée sur Drive ECHOLINE/05-Sales/A-Prospects/CTIBIOTECH
[2026-07-06 11:10:16] [WARN] Pas de mappage pour: SERVICES_GENERAUX - Visiteurs () - permission ignorée sur Drive ECHOLINE/05-Sales/A-Prospects/CTIBIOTECH
[2026-07-06 11:10:16] [WARN] Pas de mappage pour: SERVICES_GENERAUX - Membres () - permission ignorée sur Drive ECHOLINE/05-Sales/A-Prospects/CTIBIOTECH
[2026-07-06 11:10:16] [SUCCESS] Permission appliquée: User 01 [write] -> Drive ECHOLINE/05-Sales/A-Prospects/CTIBIOTECH
[2026-07-06 11:10:16] [SUCCESS] Permission appliquée: Equipe INFRA [write] -> Drive ECHOLINE/05-Sales/A-Prospects/CTIBIOTECH
[2026-07-06 11:10:16] [WARN] Impossible de résoudre 'grp_test' dans le tenant destination - permission ignorée
[2026-07-06 11:10:16] [INFO] Traitement: /Drive ECHOLINE/05-Sales/A-Prospects/ELIOR SERVICES/ (6 permission(s))
[2026-07-06 11:10:16] [INFO] === COPIE REELLE: Drive ECHOLINE/05-Sales/A-Prospects/ELIOR SERVICES ===
[2026-07-06 11:10:17] [SUCCESS] Dossier cree: Drive ECHOLINE/05-Sales/A-Prospects/ELIOR SERVICES
[2026-07-06 11:10:17] [WARN] Pas de mappage pour: Propriétaires de SERVICES_GENERAUX () - permission ignorée sur Drive ECHOLINE/05-Sales/A-Prospects/ELIOR SERVICES
[2026-07-06 11:10:17] [WARN] Impossible de résoudre 'grp_test' dans le tenant destination - permission ignorée
[2026-07-06 11:10:17] [SUCCESS] Permission appliquée: Equipe INFRA [write] -> Drive ECHOLINE/05-Sales/A-Prospects/ELIOR SERVICES
[2026-07-06 11:10:18] [SUCCESS] Permission appliquée: User 01 [write] -> Drive ECHOLINE/05-Sales/A-Prospects/ELIOR SERVICES
[2026-07-06 11:10:18] [WARN] Pas de mappage pour: SERVICES_GENERAUX - Membres () - permission ignorée sur Drive ECHOLINE/05-Sales/A-Prospects/ELIOR SERVICES
[2026-07-06 11:10:18] [WARN] Pas de mappage pour: SERVICES_GENERAUX - Visiteurs () - permission ignorée sur Drive ECHOLINE/05-Sales/A-Prospects/ELIOR SERVICES
[2026-07-06 11:10:18] [INFO] Traitement: /Drive ECHOLINE/05-Sales/A-Prospects/ELIS/ (6 permission(s))
[2026-07-06 11:10:18] [INFO] === COPIE REELLE: Drive ECHOLINE/05-Sales/A-Prospects/ELIS ===
[2026-07-06 11:10:18] [SUCCESS] Dossier cree: Drive ECHOLINE/05-Sales/A-Prospects/ELIS
[2026-07-06 11:10:18] [WARN] Pas de mappage pour: Propriétaires de SERVICES_GENERAUX () - permission ignorée sur Drive ECHOLINE/05-Sales/A-Prospects/ELIS
[2026-07-06 11:10:18] [WARN] Pas de mappage pour: SERVICES_GENERAUX - Membres () - permission ignorée sur Drive ECHOLINE/05-Sales/A-Prospects/ELIS
[2026-07-06 11:10:19] [SUCCESS] Permission appliquée: Equipe INFRA [write] -> Drive ECHOLINE/05-Sales/A-Prospects/ELIS
[2026-07-06 11:10:19] [WARN] Impossible de résoudre 'grp_test' dans le tenant destination - permission ignorée
[2026-07-06 11:10:19] [WARN] Pas de mappage pour: SERVICES_GENERAUX - Visiteurs () - permission ignorée sur Drive ECHOLINE/05-Sales/A-Prospects/ELIS
[2026-07-06 11:10:19] [SUCCESS] Permission appliquée: User 01 [write] -> Drive ECHOLINE/05-Sales/A-Prospects/ELIS
[2026-07-06 11:10:19] [INFO] Traitement: /Drive ECHOLINE/05-Sales/A-Prospects/ENTSIA/ (6 permission(s))
[2026-07-06 11:10:19] [INFO] === COPIE REELLE: Drive ECHOLINE/05-Sales/A-Prospects/ENTSIA ===
[2026-07-06 11:10:20] [SUCCESS] Dossier cree: Drive ECHOLINE/05-Sales/A-Prospects/ENTSIA
[2026-07-06 11:10:20] [WARN] Impossible de résoudre 'grp_test' dans le tenant destination - permission ignorée
[2026-07-06 11:10:22] [SUCCESS] Permission appliquée: Equipe INFRA [write] -> Drive ECHOLINE/05-Sales/A-Prospects/ENTSIA
[2026-07-06 11:10:22] [SUCCESS] Permission appliquée: User 01 [write] -> Drive ECHOLINE/05-Sales/A-Prospects/ENTSIA
[2026-07-06 11:10:22] [WARN] Pas de mappage pour: SERVICES_GENERAUX - Membres () - permission ignorée sur Drive ECHOLINE/05-Sales/A-Prospects/ENTSIA
[2026-07-06 11:10:22] [WARN] Pas de mappage pour: SERVICES_GENERAUX - Visiteurs () - permission ignorée sur Drive ECHOLINE/05-Sales/A-Prospects/ENTSIA
[2026-07-06 11:10:22] [WARN] Pas de mappage pour: Propriétaires de SERVICES_GENERAUX () - permission ignorée sur Drive ECHOLINE/05-Sales/A-Prospects/ENTSIA
[2026-07-06 11:10:22] [INFO] Traitement: /Drive ECHOLINE/05-Sales/A-Prospects/ENVIRIS/ (6 permission(s))
[2026-07-06 11:10:22] [INFO] === COPIE REELLE: Drive ECHOLINE/05-Sales/A-Prospects/ENVIRIS ===
[2026-07-06 11:10:23] [SUCCESS] Dossier cree: Drive ECHOLINE/05-Sales/A-Prospects/ENVIRIS
[2026-07-06 11:10:24] [SUCCESS] Permission appliquée: Equipe INFRA [write] -> Drive ECHOLINE/05-Sales/A-Prospects/ENVIRIS
[2026-07-06 11:10:24] [WARN] Pas de mappage pour: Propriétaires de SERVICES_GENERAUX () - permission ignorée sur Drive ECHOLINE/05-Sales/A-Prospects/ENVIRIS
[2026-07-06 11:10:24] [WARN] Pas de mappage pour: SERVICES_GENERAUX - Visiteurs () - permission ignorée sur Drive ECHOLINE/05-Sales/A-Prospects/ENVIRIS
[2026-07-06 11:10:24] [WARN] Pas de mappage pour: SERVICES_GENERAUX - Membres () - permission ignorée sur Drive ECHOLINE/05-Sales/A-Prospects/ENVIRIS
[2026-07-06 11:10:24] [SUCCESS] Permission appliquée: User 01 [write] -> Drive ECHOLINE/05-Sales/A-Prospects/ENVIRIS
[2026-07-06 11:10:24] [WARN] Impossible de résoudre 'grp_test' dans le tenant destination - permission ignorée
[2026-07-06 11:10:24] [INFO] Traitement: /Drive ECHOLINE/05-Sales/A-Prospects/EUROSOURCING/ (6 permission(s))
[2026-07-06 11:10:24] [INFO] === COPIE REELLE: Drive ECHOLINE/05-Sales/A-Prospects/EUROSOURCING ===
[2026-07-06 11:10:25] [SUCCESS] Dossier cree: Drive ECHOLINE/05-Sales/A-Prospects/EUROSOURCING
[2026-07-06 11:10:25] [WARN] Impossible de résoudre 'grp_test' dans le tenant destination - permission ignorée
[2026-07-06 11:10:25] [WARN] Pas de mappage pour: Propriétaires de SERVICES_GENERAUX () - permission ignorée sur Drive ECHOLINE/05-Sales/A-Prospects/EUROSOURCING
[2026-07-06 11:10:25] [SUCCESS] Permission appliquée: Equipe INFRA [write] -> Drive ECHOLINE/05-Sales/A-Prospects/EUROSOURCING
[2026-07-06 11:10:25] [WARN] Pas de mappage pour: SERVICES_GENERAUX - Visiteurs () - permission ignorée sur Drive ECHOLINE/05-Sales/A-Prospects/EUROSOURCING
[2026-07-06 11:10:25] [WARN] Pas de mappage pour: SERVICES_GENERAUX - Membres () - permission ignorée sur Drive ECHOLINE/05-Sales/A-Prospects/EUROSOURCING
[2026-07-06 11:10:27] [SUCCESS] Permission appliquée: User 01 [write] -> Drive ECHOLINE/05-Sales/A-Prospects/EUROSOURCING
[2026-07-06 11:10:27] [INFO] Traitement: /Drive ECHOLINE/05-Sales/A-Prospects/FOURÉ LAGADEC/ (6 permission(s))
[2026-07-06 11:10:27] [INFO] === COPIE REELLE: Drive ECHOLINE/05-Sales/A-Prospects/FOURÉ LAGADEC ===
[2026-07-06 11:10:28] [SUCCESS] Dossier cree: Drive ECHOLINE/05-Sales/A-Prospects/FOURÉ LAGADEC
[2026-07-06 11:10:28] [DEBUG] [404] Item pas encore disponible, retry 1/3 dans 2s: Drive ECHOLINE/05-Sales/A-Prospects/FOURÉ LAGADEC
[2026-07-06 11:10:31] [DEBUG] [404] Item pas encore disponible, retry 2/3 dans 2s: Drive ECHOLINE/05-Sales/A-Prospects/FOURÉ LAGADEC
[2026-07-06 11:10:33] [DEBUG] [404] Item pas encore disponible, retry 3/3 dans 2s: Drive ECHOLINE/05-Sales/A-Prospects/FOURÉ LAGADEC
[2026-07-06 11:10:35] [WARN] Impossible de récupérer l'item destination pour les droits: Drive ECHOLINE/05-Sales/A-Prospects/FOURÉ LAGADEC - Le serveur distant a retourné une erreur : (404) Introuvable.
[2026-07-06 11:10:35] [INFO] Traitement: /Drive ECHOLINE/05-Sales/A-Prospects/GETRAC/ (6 permission(s))
[2026-07-06 11:10:35] [INFO] === COPIE REELLE: Drive ECHOLINE/05-Sales/A-Prospects/GETRAC ===
[2026-07-06 11:10:36] [SUCCESS] Dossier cree: Drive ECHOLINE/05-Sales/A-Prospects/GETRAC
[2026-07-06 11:10:36] [WARN] Pas de mappage pour: Propriétaires de SERVICES_GENERAUX () - permission ignorée sur Drive ECHOLINE/05-Sales/A-Prospects/GETRAC
[2026-07-06 11:10:36] [WARN] Pas de mappage pour: SERVICES_GENERAUX - Visiteurs () - permission ignorée sur Drive ECHOLINE/05-Sales/A-Prospects/GETRAC
[2026-07-06 11:10:36] [WARN] Pas de mappage pour: SERVICES_GENERAUX - Membres () - permission ignorée sur Drive ECHOLINE/05-Sales/A-Prospects/GETRAC
[2026-07-06 11:10:36] [SUCCESS] Permission appliquée: User 01 [write] -> Drive ECHOLINE/05-Sales/A-Prospects/GETRAC
[2026-07-06 11:10:36] [SUCCESS] Permission appliquée: Equipe INFRA [write] -> Drive ECHOLINE/05-Sales/A-Prospects/GETRAC
[2026-07-06 11:10:36] [WARN] Impossible de résoudre 'grp_test' dans le tenant destination - permission ignorée
[2026-07-06 11:10:36] [INFO] Traitement: /Drive ECHOLINE/05-Sales/A-Prospects/GMP GROUP/ (6 permission(s))
[2026-07-06 11:10:36] [INFO] === COPIE REELLE: Drive ECHOLINE/05-Sales/A-Prospects/GMP GROUP ===
[2026-07-06 11:10:37] [SUCCESS] Dossier cree: Drive ECHOLINE/05-Sales/A-Prospects/GMP GROUP
[2026-07-06 11:10:37] [WARN] Impossible de résoudre 'grp_test' dans le tenant destination - permission ignorée
[2026-07-06 11:10:37] [WARN] Pas de mappage pour: SERVICES_GENERAUX - Visiteurs () - permission ignorée sur Drive ECHOLINE/05-Sales/A-Prospects/GMP GROUP
[2026-07-06 11:10:37] [WARN] Pas de mappage pour: SERVICES_GENERAUX - Membres () - permission ignorée sur Drive ECHOLINE/05-Sales/A-Prospects/GMP GROUP
[2026-07-06 11:10:37] [SUCCESS] Permission appliquée: User 01 [write] -> Drive ECHOLINE/05-Sales/A-Prospects/GMP GROUP
[2026-07-06 11:10:37] [SUCCESS] Permission appliquée: Equipe INFRA [write] -> Drive ECHOLINE/05-Sales/A-Prospects/GMP GROUP
[2026-07-06 11:10:37] [WARN] Pas de mappage pour: Propriétaires de SERVICES_GENERAUX () - permission ignorée sur Drive ECHOLINE/05-Sales/A-Prospects/GMP GROUP
[2026-07-06 11:10:37] [INFO] Traitement: /Drive ECHOLINE/05-Sales/A-Prospects/GROUPE BOISSEAU/ (6 permission(s))
[2026-07-06 11:10:37] [INFO] === COPIE REELLE: Drive ECHOLINE/05-Sales/A-Prospects/GROUPE BOISSEAU ===
[2026-07-06 11:10:38] [SUCCESS] Dossier cree: Drive ECHOLINE/05-Sales/A-Prospects/GROUPE BOISSEAU
[2026-07-06 11:10:39] [WARN] Impossible de résoudre 'grp_test' dans le tenant destination - permission ignorée
[2026-07-06 11:10:39] [SUCCESS] Permission appliquée: Equipe INFRA [write] -> Drive ECHOLINE/05-Sales/A-Prospects/GROUPE BOISSEAU
[2026-07-06 11:10:39] [SUCCESS] Permission appliquée: User 01 [write] -> Drive ECHOLINE/05-Sales/A-Prospects/GROUPE BOISSEAU
[2026-07-06 11:10:39] [WARN] Pas de mappage pour: SERVICES_GENERAUX - Membres () - permission ignorée sur Drive ECHOLINE/05-Sales/A-Prospects/GROUPE BOISSEAU
[2026-07-06 11:10:39] [WARN] Pas de mappage pour: SERVICES_GENERAUX - Visiteurs () - permission ignorée sur Drive ECHOLINE/05-Sales/A-Prospects/GROUPE BOISSEAU
[2026-07-06 11:10:39] [WARN] Pas de mappage pour: Propriétaires de SERVICES_GENERAUX () - permission ignorée sur Drive ECHOLINE/05-Sales/A-Prospects/GROUPE BOISSEAU
[2026-07-06 11:10:39] [INFO] Traitement: /Drive ECHOLINE/05-Sales/A-Prospects/IDI COMPOSITES/ (6 permission(s))
[2026-07-06 11:10:39] [INFO] === COPIE REELLE: Drive ECHOLINE/05-Sales/A-Prospects/IDI COMPOSITES ===
[2026-07-06 11:10:40] [SUCCESS] Dossier cree: Drive ECHOLINE/05-Sales/A-Prospects/IDI COMPOSITES
[2026-07-06 11:10:40] [SUCCESS] Permission appliquée: Equipe INFRA [write] -> Drive ECHOLINE/05-Sales/A-Prospects/IDI COMPOSITES
[2026-07-06 11:10:40] [WARN] Pas de mappage pour: Propriétaires de SERVICES_GENERAUX () - permission ignorée sur Drive ECHOLINE/05-Sales/A-Prospects/IDI COMPOSITES
[2026-07-06 11:10:40] [WARN] Pas de mappage pour: SERVICES_GENERAUX - Membres () - permission ignorée sur Drive ECHOLINE/05-Sales/A-Prospects/IDI COMPOSITES
[2026-07-06 11:10:40] [WARN] Pas de mappage pour: SERVICES_GENERAUX - Visiteurs () - permission ignorée sur Drive ECHOLINE/05-Sales/A-Prospects/IDI COMPOSITES
[2026-07-06 11:10:40] [SUCCESS] Permission appliquée: User 01 [write] -> Drive ECHOLINE/05-Sales/A-Prospects/IDI COMPOSITES
[2026-07-06 11:10:40] [WARN] Impossible de résoudre 'grp_test' dans le tenant destination - permission ignorée
[2026-07-06 11:10:40] [INFO] Traitement: /Drive ECHOLINE/05-Sales/A-Prospects/IPAC FRANCE/ (6 permission(s))
[2026-07-06 11:10:40] [INFO] === COPIE REELLE: Drive ECHOLINE/05-Sales/A-Prospects/IPAC FRANCE ===
[2026-07-06 11:10:41] [SUCCESS] Dossier cree: Drive ECHOLINE/05-Sales/A-Prospects/IPAC FRANCE
[2026-07-06 11:10:41] [WARN] Impossible de résoudre 'grp_test' dans le tenant destination - permission ignorée
[2026-07-06 11:10:41] [SUCCESS] Permission appliquée: Equipe INFRA [write] -> Drive ECHOLINE/05-Sales/A-Prospects/IPAC FRANCE
[2026-07-06 11:10:42] [SUCCESS] Permission appliquée: User 01 [write] -> Drive ECHOLINE/05-Sales/A-Prospects/IPAC FRANCE
[2026-07-06 11:10:42] [WARN] Pas de mappage pour: SERVICES_GENERAUX - Membres () - permission ignorée sur Drive ECHOLINE/05-Sales/A-Prospects/IPAC FRANCE
[2026-07-06 11:10:42] [WARN] Pas de mappage pour: SERVICES_GENERAUX - Visiteurs () - permission ignorée sur Drive ECHOLINE/05-Sales/A-Prospects/IPAC FRANCE
[2026-07-06 11:10:42] [WARN] Pas de mappage pour: Propriétaires de SERVICES_GENERAUX () - permission ignorée sur Drive ECHOLINE/05-Sales/A-Prospects/IPAC FRANCE
[2026-07-06 11:10:42] [INFO] Traitement: /Drive ECHOLINE/05-Sales/A-Prospects/ISOVER/ (6 permission(s))
[2026-07-06 11:10:42] [INFO] === COPIE REELLE: Drive ECHOLINE/05-Sales/A-Prospects/ISOVER ===
[2026-07-06 11:10:42] [SUCCESS] Dossier cree: Drive ECHOLINE/05-Sales/A-Prospects/ISOVER
[2026-07-06 11:10:43] [WARN] Pas de mappage pour: SERVICES_GENERAUX - Visiteurs () - permission ignorée sur Drive ECHOLINE/05-Sales/A-Prospects/ISOVER
[2026-07-06 11:10:43] [WARN] Pas de mappage pour: Propriétaires de SERVICES_GENERAUX () - permission ignorée sur Drive ECHOLINE/05-Sales/A-Prospects/ISOVER
[2026-07-06 11:10:43] [SUCCESS] Permission appliquée: User 01 [write] -> Drive ECHOLINE/05-Sales/A-Prospects/ISOVER
[2026-07-06 11:10:43] [WARN] Impossible de résoudre 'grp_test' dans le tenant destination - permission ignorée
[2026-07-06 11:10:43] [SUCCESS] Permission appliquée: Equipe INFRA [write] -> Drive ECHOLINE/05-Sales/A-Prospects/ISOVER
[2026-07-06 11:10:43] [WARN] Pas de mappage pour: SERVICES_GENERAUX - Membres () - permission ignorée sur Drive ECHOLINE/05-Sales/A-Prospects/ISOVER
[2026-07-06 11:10:43] [INFO] Traitement: /Drive ECHOLINE/05-Sales/A-Prospects/KARINE JEFF/ (6 permission(s))
[2026-07-06 11:10:43] [INFO] === COPIE REELLE: Drive ECHOLINE/05-Sales/A-Prospects/KARINE JEFF ===
[2026-07-06 11:10:44] [SUCCESS] Dossier cree: Drive ECHOLINE/05-Sales/A-Prospects/KARINE JEFF
[2026-07-06 11:10:44] [SUCCESS] Permission appliquée: Equipe INFRA [write] -> Drive ECHOLINE/05-Sales/A-Prospects/KARINE JEFF
[2026-07-06 11:10:44] [SUCCESS] Permission appliquée: User 01 [write] -> Drive ECHOLINE/05-Sales/A-Prospects/KARINE JEFF
[2026-07-06 11:10:44] [WARN] Pas de mappage pour: SERVICES_GENERAUX - Membres () - permission ignorée sur Drive ECHOLINE/05-Sales/A-Prospects/KARINE JEFF
[2026-07-06 11:10:44] [WARN] Pas de mappage pour: SERVICES_GENERAUX - Visiteurs () - permission ignorée sur Drive ECHOLINE/05-Sales/A-Prospects/KARINE JEFF
[2026-07-06 11:10:44] [WARN] Pas de mappage pour: Propriétaires de SERVICES_GENERAUX () - permission ignorée sur Drive ECHOLINE/05-Sales/A-Prospects/KARINE JEFF
[2026-07-06 11:10:44] [WARN] Impossible de résoudre 'grp_test' dans le tenant destination - permission ignorée
[2026-07-06 11:10:44] [INFO] Traitement: /Drive ECHOLINE/05-Sales/A-Prospects/KEM ONE/ (6 permission(s))
[2026-07-06 11:10:44] [INFO] === COPIE REELLE: Drive ECHOLINE/05-Sales/A-Prospects/KEM ONE ===
[2026-07-06 11:10:45] [SUCCESS] Dossier cree: Drive ECHOLINE/05-Sales/A-Prospects/KEM ONE
[2026-07-06 11:10:45] [SUCCESS] Permission appliquée: User 01 [write] -> Drive ECHOLINE/05-Sales/A-Prospects/KEM ONE
[2026-07-06 11:10:45] [WARN] Pas de mappage pour: Propriétaires de SERVICES_GENERAUX () - permission ignorée sur Drive ECHOLINE/05-Sales/A-Prospects/KEM ONE
[2026-07-06 11:10:45] [WARN] Pas de mappage pour: SERVICES_GENERAUX - Visiteurs () - permission ignorée sur Drive ECHOLINE/05-Sales/A-Prospects/KEM ONE
[2026-07-06 11:10:45] [WARN] Pas de mappage pour: SERVICES_GENERAUX - Membres () - permission ignorée sur Drive ECHOLINE/05-Sales/A-Prospects/KEM ONE
[2026-07-06 11:10:46] [SUCCESS] Permission appliquée: Equipe INFRA [write] -> Drive ECHOLINE/05-Sales/A-Prospects/KEM ONE
[2026-07-06 11:10:46] [WARN] Impossible de résoudre 'grp_test' dans le tenant destination - permission ignorée
[2026-07-06 11:10:46] [INFO] Traitement: /Drive ECHOLINE/05-Sales/A-Prospects/LDMI/ (6 permission(s))
[2026-07-06 11:10:46] [INFO] === COPIE REELLE: Drive ECHOLINE/05-Sales/A-Prospects/LDMI ===
[2026-07-06 11:10:46] [SUCCESS] Dossier cree: Drive ECHOLINE/05-Sales/A-Prospects/LDMI
[2026-07-06 11:10:47] [WARN] Impossible de résoudre 'grp_test' dans le tenant destination - permission ignorée
[2026-07-06 11:10:47] [WARN] Pas de mappage pour: Propriétaires de SERVICES_GENERAUX () - permission ignorée sur Drive ECHOLINE/05-Sales/A-Prospects/LDMI
[2026-07-06 11:10:47] [SUCCESS] Permission appliquée: Equipe INFRA [write] -> Drive ECHOLINE/05-Sales/A-Prospects/LDMI
[2026-07-06 11:10:47] [WARN] Pas de mappage pour: SERVICES_GENERAUX - Visiteurs () - permission ignorée sur Drive ECHOLINE/05-Sales/A-Prospects/LDMI
[2026-07-06 11:10:47] [WARN] Pas de mappage pour: SERVICES_GENERAUX - Membres () - permission ignorée sur Drive ECHOLINE/05-Sales/A-Prospects/LDMI
[2026-07-06 11:10:47] [SUCCESS] Permission appliquée: User 01 [write] -> Drive ECHOLINE/05-Sales/A-Prospects/LDMI
[2026-07-06 11:10:47] [INFO] Traitement: /Drive ECHOLINE/05-Sales/A-Prospects/LEZSAISONS/ (6 permission(s))
[2026-07-06 11:10:47] [INFO] === COPIE REELLE: Drive ECHOLINE/05-Sales/A-Prospects/LEZSAISONS ===
[2026-07-06 11:10:48] [SUCCESS] Dossier cree: Drive ECHOLINE/05-Sales/A-Prospects/LEZSAISONS
[2026-07-06 11:10:48] [WARN] Impossible de résoudre 'grp_test' dans le tenant destination - permission ignorée
[2026-07-06 11:10:48] [SUCCESS] Permission appliquée: Equipe INFRA [write] -> Drive ECHOLINE/05-Sales/A-Prospects/LEZSAISONS
[2026-07-06 11:10:48] [SUCCESS] Permission appliquée: User 01 [write] -> Drive ECHOLINE/05-Sales/A-Prospects/LEZSAISONS
[2026-07-06 11:10:48] [WARN] Pas de mappage pour: SERVICES_GENERAUX - Membres () - permission ignorée sur Drive ECHOLINE/05-Sales/A-Prospects/LEZSAISONS
[2026-07-06 11:10:48] [WARN] Pas de mappage pour: SERVICES_GENERAUX - Visiteurs () - permission ignorée sur Drive ECHOLINE/05-Sales/A-Prospects/LEZSAISONS
[2026-07-06 11:10:48] [WARN] Pas de mappage pour: Propriétaires de SERVICES_GENERAUX () - permission ignorée sur Drive ECHOLINE/05-Sales/A-Prospects/LEZSAISONS
[2026-07-06 11:10:48] [INFO] Traitement: /Drive ECHOLINE/05-Sales/A-Prospects/MADIC GROUP/ (6 permission(s))
[2026-07-06 11:10:48] [INFO] === COPIE REELLE: Drive ECHOLINE/05-Sales/A-Prospects/MADIC GROUP ===
[2026-07-06 11:10:49] [SUCCESS] Dossier cree: Drive ECHOLINE/05-Sales/A-Prospects/MADIC GROUP
[2026-07-06 11:10:49] [SUCCESS] Permission appliquée: Equipe INFRA [write] -> Drive ECHOLINE/05-Sales/A-Prospects/MADIC GROUP
[2026-07-06 11:10:49] [WARN] Pas de mappage pour: Propriétaires de SERVICES_GENERAUX () - permission ignorée sur Drive ECHOLINE/05-Sales/A-Prospects/MADIC GROUP
[2026-07-06 11:10:49] [WARN] Pas de mappage pour: SERVICES_GENERAUX - Visiteurs () - permission ignorée sur Drive ECHOLINE/05-Sales/A-Prospects/MADIC GROUP
[2026-07-06 11:10:49] [WARN] Pas de mappage pour: SERVICES_GENERAUX - Membres () - permission ignorée sur Drive ECHOLINE/05-Sales/A-Prospects/MADIC GROUP
[2026-07-06 11:10:49] [SUCCESS] Permission appliquée: User 01 [write] -> Drive ECHOLINE/05-Sales/A-Prospects/MADIC GROUP
[2026-07-06 11:10:49] [WARN] Impossible de résoudre 'grp_test' dans le tenant destination - permission ignorée
[2026-07-06 11:10:49] [INFO] Traitement: /Drive ECHOLINE/05-Sales/A-Prospects/MARSEILLE TOURISME/ (6 permission(s))
[2026-07-06 11:10:49] [INFO] === COPIE REELLE: Drive ECHOLINE/05-Sales/A-Prospects/MARSEILLE TOURISME ===
[2026-07-06 11:10:50] [SUCCESS] Dossier cree: Drive ECHOLINE/05-Sales/A-Prospects/MARSEILLE TOURISME
[2026-07-06 11:10:51] [WARN] Impossible de résoudre 'grp_test' dans le tenant destination - permission ignorée
[2026-07-06 11:10:51] [WARN] Pas de mappage pour: Propriétaires de SERVICES_GENERAUX () - permission ignorée sur Drive ECHOLINE/05-Sales/A-Prospects/MARSEILLE TOURISME
[2026-07-06 11:10:51] [WARN] Pas de mappage pour: SERVICES_GENERAUX - Visiteurs () - permission ignorée sur Drive ECHOLINE/05-Sales/A-Prospects/MARSEILLE TOURISME
[2026-07-06 11:10:51] [WARN] Pas de mappage pour: SERVICES_GENERAUX - Membres () - permission ignorée sur Drive ECHOLINE/05-Sales/A-Prospects/MARSEILLE TOURISME
[2026-07-06 11:10:51] [SUCCESS] Permission appliquée: Equipe INFRA [write] -> Drive ECHOLINE/05-Sales/A-Prospects/MARSEILLE TOURISME
[2026-07-06 11:10:51] [SUCCESS] Permission appliquée: User 01 [write] -> Drive ECHOLINE/05-Sales/A-Prospects/MARSEILLE TOURISME
[2026-07-06 11:10:51] [INFO] Traitement: /Drive ECHOLINE/05-Sales/A-Prospects/MATMOND/ (6 permission(s))
[2026-07-06 11:10:51] [INFO] === COPIE REELLE: Drive ECHOLINE/05-Sales/A-Prospects/MATMOND ===
[2026-07-06 11:10:52] [SUCCESS] Dossier cree: Drive ECHOLINE/05-Sales/A-Prospects/MATMOND
[2026-07-06 11:10:52] [WARN] Pas de mappage pour: Propriétaires de SERVICES_GENERAUX () - permission ignorée sur Drive ECHOLINE/05-Sales/A-Prospects/MATMOND
[2026-07-06 11:10:52] [WARN] Impossible de résoudre 'grp_test' dans le tenant destination - permission ignorée
[2026-07-06 11:10:52] [SUCCESS] Permission appliquée: Equipe INFRA [write] -> Drive ECHOLINE/05-Sales/A-Prospects/MATMOND
[2026-07-06 11:10:52] [SUCCESS] Permission appliquée: User 01 [write] -> Drive ECHOLINE/05-Sales/A-Prospects/MATMOND
[2026-07-06 11:10:52] [WARN] Pas de mappage pour: SERVICES_GENERAUX - Membres () - permission ignorée sur Drive ECHOLINE/05-Sales/A-Prospects/MATMOND
[2026-07-06 11:10:52] [WARN] Pas de mappage pour: SERVICES_GENERAUX - Visiteurs () - permission ignorée sur Drive ECHOLINE/05-Sales/A-Prospects/MATMOND
[2026-07-06 11:10:52] [INFO] Traitement: /Drive ECHOLINE/05-Sales/A-Prospects/MEDINCELL/ (6 permission(s))
[2026-07-06 11:10:52] [INFO] === COPIE REELLE: Drive ECHOLINE/05-Sales/A-Prospects/MEDINCELL ===
[2026-07-06 11:10:53] [SUCCESS] Dossier cree: Drive ECHOLINE/05-Sales/A-Prospects/MEDINCELL
[2026-07-06 11:10:53] [WARN] Pas de mappage pour: Propriétaires de SERVICES_GENERAUX () - permission ignorée sur Drive ECHOLINE/05-Sales/A-Prospects/MEDINCELL
[2026-07-06 11:10:53] [WARN] Pas de mappage pour: SERVICES_GENERAUX - Membres () - permission ignorée sur Drive ECHOLINE/05-Sales/A-Prospects/MEDINCELL
[2026-07-06 11:10:53] [SUCCESS] Permission appliquée: Equipe INFRA [write] -> Drive ECHOLINE/05-Sales/A-Prospects/MEDINCELL
[2026-07-06 11:10:53] [WARN] Impossible de résoudre 'grp_test' dans le tenant destination - permission ignorée
[2026-07-06 11:10:53] [WARN] Pas de mappage pour: SERVICES_GENERAUX - Visiteurs () - permission ignorée sur Drive ECHOLINE/05-Sales/A-Prospects/MEDINCELL
[2026-07-06 11:10:54] [SUCCESS] Permission appliquée: User 01 [write] -> Drive ECHOLINE/05-Sales/A-Prospects/MEDINCELL
[2026-07-06 11:10:54] [INFO] Traitement: /Drive ECHOLINE/05-Sales/A-Prospects/MOY PARK BEEF/ (6 permission(s))
[2026-07-06 11:10:54] [INFO] === COPIE REELLE: Drive ECHOLINE/05-Sales/A-Prospects/MOY PARK BEEF ===
[2026-07-06 11:10:54] [SUCCESS] Dossier cree: Drive ECHOLINE/05-Sales/A-Prospects/MOY PARK BEEF
[2026-07-06 11:10:55] [WARN] Impossible de résoudre 'grp_test' dans le tenant destination - permission ignorée
[2026-07-06 11:10:55] [SUCCESS] Permission appliquée: Equipe INFRA [write] -> Drive ECHOLINE/05-Sales/A-Prospects/MOY PARK BEEF
[2026-07-06 11:10:55] [SUCCESS] Permission appliquée: User 01 [write] -> Drive ECHOLINE/05-Sales/A-Prospects/MOY PARK BEEF
[2026-07-06 11:10:55] [WARN] Pas de mappage pour: SERVICES_GENERAUX - Membres () - permission ignorée sur Drive ECHOLINE/05-Sales/A-Prospects/MOY PARK BEEF
[2026-07-06 11:10:55] [WARN] Pas de mappage pour: SERVICES_GENERAUX - Visiteurs () - permission ignorée sur Drive ECHOLINE/05-Sales/A-Prospects/MOY PARK BEEF
[2026-07-06 11:10:55] [WARN] Pas de mappage pour: Propriétaires de SERVICES_GENERAUX () - permission ignorée sur Drive ECHOLINE/05-Sales/A-Prospects/MOY PARK BEEF
[2026-07-06 11:10:55] [INFO] Traitement: /Drive ECHOLINE/05-Sales/A-Prospects/NOCIBÉ/ (6 permission(s))
[2026-07-06 11:10:55] [INFO] === COPIE REELLE: Drive ECHOLINE/05-Sales/A-Prospects/NOCIBÉ ===
[2026-07-06 11:10:56] [SUCCESS] Dossier cree: Drive ECHOLINE/05-Sales/A-Prospects/NOCIBÉ
[2026-07-06 11:10:56] [DEBUG] [404] Item pas encore disponible, retry 1/3 dans 2s: Drive ECHOLINE/05-Sales/A-Prospects/NOCIBÉ
[2026-07-06 11:10:58] [DEBUG] [404] Item pas encore disponible, retry 2/3 dans 2s: Drive ECHOLINE/05-Sales/A-Prospects/NOCIBÉ
[2026-07-06 11:11:01] [DEBUG] [404] Item pas encore disponible, retry 3/3 dans 2s: Drive ECHOLINE/05-Sales/A-Prospects/NOCIBÉ
[2026-07-06 11:11:03] [WARN] Impossible de récupérer l'item destination pour les droits: Drive ECHOLINE/05-Sales/A-Prospects/NOCIBÉ - Le serveur distant a retourné une erreur : (404) Introuvable.
[2026-07-06 11:11:03] [INFO] Traitement: /Drive ECHOLINE/05-Sales/A-Prospects/NORSKE SKOG/ (6 permission(s))
[2026-07-06 11:11:03] [INFO] === COPIE REELLE: Drive ECHOLINE/05-Sales/A-Prospects/NORSKE SKOG ===
[2026-07-06 11:11:03] [SUCCESS] Dossier cree: Drive ECHOLINE/05-Sales/A-Prospects/NORSKE SKOG
[2026-07-06 11:11:04] [WARN] Impossible de résoudre 'grp_test' dans le tenant destination - permission ignorée
[2026-07-06 11:11:04] [WARN] Pas de mappage pour: Propriétaires de SERVICES_GENERAUX () - permission ignorée sur Drive ECHOLINE/05-Sales/A-Prospects/NORSKE SKOG
[2026-07-06 11:11:04] [SUCCESS] Permission appliquée: Equipe INFRA [write] -> Drive ECHOLINE/05-Sales/A-Prospects/NORSKE SKOG
[2026-07-06 11:11:04] [WARN] Pas de mappage pour: SERVICES_GENERAUX - Visiteurs () - permission ignorée sur Drive ECHOLINE/05-Sales/A-Prospects/NORSKE SKOG
[2026-07-06 11:11:04] [WARN] Pas de mappage pour: SERVICES_GENERAUX - Membres () - permission ignorée sur Drive ECHOLINE/05-Sales/A-Prospects/NORSKE SKOG
[2026-07-06 11:11:04] [SUCCESS] Permission appliquée: User 01 [write] -> Drive ECHOLINE/05-Sales/A-Prospects/NORSKE SKOG
[2026-07-06 11:11:04] [INFO] Traitement: /Drive ECHOLINE/05-Sales/A-Prospects/NUMTECH/ (6 permission(s))
[2026-07-06 11:11:04] [INFO] === COPIE REELLE: Drive ECHOLINE/05-Sales/A-Prospects/NUMTECH ===
[2026-07-06 11:11:05] [SUCCESS] Dossier cree: Drive ECHOLINE/05-Sales/A-Prospects/NUMTECH
[2026-07-06 11:11:05] [WARN] Impossible de résoudre 'grp_test' dans le tenant destination - permission ignorée
[2026-07-06 11:11:05] [SUCCESS] Permission appliquée: Equipe INFRA [write] -> Drive ECHOLINE/05-Sales/A-Prospects/NUMTECH
[2026-07-06 11:11:05] [SUCCESS] Permission appliquée: User 01 [write] -> Drive ECHOLINE/05-Sales/A-Prospects/NUMTECH
[2026-07-06 11:11:05] [WARN] Pas de mappage pour: SERVICES_GENERAUX - Membres () - permission ignorée sur Drive ECHOLINE/05-Sales/A-Prospects/NUMTECH
[2026-07-06 11:11:05] [WARN] Pas de mappage pour: SERVICES_GENERAUX - Visiteurs () - permission ignorée sur Drive ECHOLINE/05-Sales/A-Prospects/NUMTECH
[2026-07-06 11:11:05] [WARN] Pas de mappage pour: Propriétaires de SERVICES_GENERAUX () - permission ignorée sur Drive ECHOLINE/05-Sales/A-Prospects/NUMTECH
[2026-07-06 11:11:05] [INFO] Traitement: /Drive ECHOLINE/05-Sales/A-Prospects/OMNOVA SOLUTIONS/ (6 permission(s))
[2026-07-06 11:11:05] [INFO] === COPIE REELLE: Drive ECHOLINE/05-Sales/A-Prospects/OMNOVA SOLUTIONS ===
[2026-07-06 11:11:06] [SUCCESS] Dossier cree: Drive ECHOLINE/05-Sales/A-Prospects/OMNOVA SOLUTIONS
[2026-07-06 11:11:07] [SUCCESS] Permission appliquée: Equipe INFRA [write] -> Drive ECHOLINE/05-Sales/A-Prospects/OMNOVA SOLUTIONS
[2026-07-06 11:11:07] [WARN] Pas de mappage pour: Propriétaires de SERVICES_GENERAUX () - permission ignorée sur Drive ECHOLINE/05-Sales/A-Prospects/OMNOVA SOLUTIONS
[2026-07-06 11:11:07] [WARN] Pas de mappage pour: SERVICES_GENERAUX - Visiteurs () - permission ignorée sur Drive ECHOLINE/05-Sales/A-Prospects/OMNOVA SOLUTIONS
[2026-07-06 11:11:07] [WARN] Pas de mappage pour: SERVICES_GENERAUX - Membres () - permission ignorée sur Drive ECHOLINE/05-Sales/A-Prospects/OMNOVA SOLUTIONS
[2026-07-06 11:11:07] [SUCCESS] Permission appliquée: User 01 [write] -> Drive ECHOLINE/05-Sales/A-Prospects/OMNOVA SOLUTIONS
[2026-07-06 11:11:07] [WARN] Impossible de résoudre 'grp_test' dans le tenant destination - permission ignorée
[2026-07-06 11:11:07] [INFO] Traitement: /Drive ECHOLINE/05-Sales/A-Prospects/OPTIQUE RICHARD/ (6 permission(s))
[2026-07-06 11:11:07] [INFO] === COPIE REELLE: Drive ECHOLINE/05-Sales/A-Prospects/OPTIQUE RICHARD ===
[2026-07-06 11:11:08] [SUCCESS] Dossier cree: Drive ECHOLINE/05-Sales/A-Prospects/OPTIQUE RICHARD
[2026-07-06 11:11:08] [WARN] Impossible de résoudre 'grp_test' dans le tenant destination - permission ignorée
[2026-07-06 11:11:08] [WARN] Pas de mappage pour: Propriétaires de SERVICES_GENERAUX () - permission ignorée sur Drive ECHOLINE/05-Sales/A-Prospects/OPTIQUE RICHARD
[2026-07-06 11:11:08] [WARN] Pas de mappage pour: SERVICES_GENERAUX - Visiteurs () - permission ignorée sur Drive ECHOLINE/05-Sales/A-Prospects/OPTIQUE RICHARD
[2026-07-06 11:11:08] [WARN] Pas de mappage pour: SERVICES_GENERAUX - Membres () - permission ignorée sur Drive ECHOLINE/05-Sales/A-Prospects/OPTIQUE RICHARD
[2026-07-06 11:11:08] [SUCCESS] Permission appliquée: Equipe INFRA [write] -> Drive ECHOLINE/05-Sales/A-Prospects/OPTIQUE RICHARD
[2026-07-06 11:11:08] [SUCCESS] Permission appliquée: User 01 [write] -> Drive ECHOLINE/05-Sales/A-Prospects/OPTIQUE RICHARD
[2026-07-06 11:11:08] [INFO] Traitement: /Drive ECHOLINE/05-Sales/A-Prospects/PETROINEOS/ (6 permission(s))
[2026-07-06 11:11:08] [INFO] === COPIE REELLE: Drive ECHOLINE/05-Sales/A-Prospects/PETROINEOS ===
[2026-07-06 11:11:09] [SUCCESS] Dossier cree: Drive ECHOLINE/05-Sales/A-Prospects/PETROINEOS
[2026-07-06 11:11:09] [WARN] Impossible de résoudre 'grp_test' dans le tenant destination - permission ignorée
[2026-07-06 11:11:09] [SUCCESS] Permission appliquée: Equipe INFRA [write] -> Drive ECHOLINE/05-Sales/A-Prospects/PETROINEOS
[2026-07-06 11:11:10] [SUCCESS] Permission appliquée: User 01 [write] -> Drive ECHOLINE/05-Sales/A-Prospects/PETROINEOS
[2026-07-06 11:11:10] [WARN] Pas de mappage pour: SERVICES_GENERAUX - Membres () - permission ignorée sur Drive ECHOLINE/05-Sales/A-Prospects/PETROINEOS
[2026-07-06 11:11:10] [WARN] Pas de mappage pour: SERVICES_GENERAUX - Visiteurs () - permission ignorée sur Drive ECHOLINE/05-Sales/A-Prospects/PETROINEOS
[2026-07-06 11:11:10] [WARN] Pas de mappage pour: Propriétaires de SERVICES_GENERAUX () - permission ignorée sur Drive ECHOLINE/05-Sales/A-Prospects/PETROINEOS
[2026-07-06 11:11:10] [INFO] Traitement: /Drive ECHOLINE/05-Sales/A-Prospects/PROVEPHARM/ (6 permission(s))
[2026-07-06 11:11:10] [INFO] === COPIE REELLE: Drive ECHOLINE/05-Sales/A-Prospects/PROVEPHARM ===
[2026-07-06 11:11:10] [SUCCESS] Dossier cree: Drive ECHOLINE/05-Sales/A-Prospects/PROVEPHARM
[2026-07-06 11:11:11] [SUCCESS] Permission appliquée: Equipe INFRA [write] -> Drive ECHOLINE/05-Sales/A-Prospects/PROVEPHARM
[2026-07-06 11:11:11] [SUCCESS] Permission appliquée: User 01 [write] -> Drive ECHOLINE/05-Sales/A-Prospects/PROVEPHARM
[2026-07-06 11:11:11] [WARN] Pas de mappage pour: SERVICES_GENERAUX - Membres () - permission ignorée sur Drive ECHOLINE/05-Sales/A-Prospects/PROVEPHARM
[2026-07-06 11:11:11] [WARN] Pas de mappage pour: Propriétaires de SERVICES_GENERAUX () - permission ignorée sur Drive ECHOLINE/05-Sales/A-Prospects/PROVEPHARM
[2026-07-06 11:11:11] [WARN] Pas de mappage pour: SERVICES_GENERAUX - Visiteurs () - permission ignorée sur Drive ECHOLINE/05-Sales/A-Prospects/PROVEPHARM
[2026-07-06 11:11:11] [WARN] Impossible de résoudre 'grp_test' dans le tenant destination - permission ignorée
[2026-07-06 11:11:11] [INFO] Traitement: /Drive ECHOLINE/05-Sales/A-Prospects/RÉGIE DES EAUX 3M/ (6 permission(s))
[2026-07-06 11:11:11] [INFO] === COPIE REELLE: Drive ECHOLINE/05-Sales/A-Prospects/RÉGIE DES EAUX 3M ===
[2026-07-06 11:11:12] [SUCCESS] Dossier cree: Drive ECHOLINE/05-Sales/A-Prospects/RÉGIE DES EAUX 3M
[2026-07-06 11:11:12] [DEBUG] [404] Item pas encore disponible, retry 1/3 dans 2s: Drive ECHOLINE/05-Sales/A-Prospects/RÉGIE DES EAUX 3M
[2026-07-06 11:11:14] [DEBUG] [404] Item pas encore disponible, retry 2/3 dans 2s: Drive ECHOLINE/05-Sales/A-Prospects/RÉGIE DES EAUX 3M
[2026-07-06 11:11:16] [DEBUG] [404] Item pas encore disponible, retry 3/3 dans 2s: Drive ECHOLINE/05-Sales/A-Prospects/RÉGIE DES EAUX 3M
[2026-07-06 11:11:18] [WARN] Impossible de récupérer l'item destination pour les droits: Drive ECHOLINE/05-Sales/A-Prospects/RÉGIE DES EAUX 3M - Le serveur distant a retourné une erreur : (404) Introuvable.
[2026-07-06 11:11:19] [INFO] Traitement: /Drive ECHOLINE/05-Sales/A-Prospects/SITPA NESTLÉ/ (6 permission(s))
[2026-07-06 11:11:19] [INFO] === COPIE REELLE: Drive ECHOLINE/05-Sales/A-Prospects/SITPA NESTLÉ ===
[2026-07-06 11:11:20] [SUCCESS] Dossier cree: Drive ECHOLINE/05-Sales/A-Prospects/SITPA NESTLÉ
[2026-07-06 11:11:20] [DEBUG] [404] Item pas encore disponible, retry 1/3 dans 2s: Drive ECHOLINE/05-Sales/A-Prospects/SITPA NESTLÉ
[2026-07-06 11:11:22] [DEBUG] [404] Item pas encore disponible, retry 2/3 dans 2s: Drive ECHOLINE/05-Sales/A-Prospects/SITPA NESTLÉ
[2026-07-06 11:11:24] [DEBUG] [404] Item pas encore disponible, retry 3/3 dans 2s: Drive ECHOLINE/05-Sales/A-Prospects/SITPA NESTLÉ
[2026-07-06 11:11:26] [WARN] Impossible de récupérer l'item destination pour les droits: Drive ECHOLINE/05-Sales/A-Prospects/SITPA NESTLÉ - Le serveur distant a retourné une erreur : (404) Introuvable.
[2026-07-06 11:11:26] [INFO] Traitement: /Drive ECHOLINE/05-Sales/A-Prospects/SKF/ (6 permission(s))
[2026-07-06 11:11:26] [INFO] === COPIE REELLE: Drive ECHOLINE/05-Sales/A-Prospects/SKF ===
[2026-07-06 11:11:27] [SUCCESS] Dossier cree: Drive ECHOLINE/05-Sales/A-Prospects/SKF
[2026-07-06 11:11:28] [WARN] Impossible de résoudre 'grp_test' dans le tenant destination - permission ignorée
[2026-07-06 11:11:28] [SUCCESS] Permission appliquée: User 01 [write] -> Drive ECHOLINE/05-Sales/A-Prospects/SKF
[2026-07-06 11:11:28] [WARN] Pas de mappage pour: SERVICES_GENERAUX - Membres () - permission ignorée sur Drive ECHOLINE/05-Sales/A-Prospects/SKF
[2026-07-06 11:11:28] [WARN] Pas de mappage pour: SERVICES_GENERAUX - Visiteurs () - permission ignorée sur Drive ECHOLINE/05-Sales/A-Prospects/SKF
[2026-07-06 11:11:28] [WARN] Pas de mappage pour: Propriétaires de SERVICES_GENERAUX () - permission ignorée sur Drive ECHOLINE/05-Sales/A-Prospects/SKF
[2026-07-06 11:11:28] [SUCCESS] Permission appliquée: Equipe INFRA [write] -> Drive ECHOLINE/05-Sales/A-Prospects/SKF
[2026-07-06 11:11:28] [INFO] Traitement: /Drive ECHOLINE/05-Sales/A-Prospects/SOLARHONA/ (6 permission(s))
[2026-07-06 11:11:28] [INFO] === COPIE REELLE: Drive ECHOLINE/05-Sales/A-Prospects/SOLARHONA ===
[2026-07-06 11:11:29] [SUCCESS] Dossier cree: Drive ECHOLINE/05-Sales/A-Prospects/SOLARHONA
[2026-07-06 11:11:29] [WARN] Pas de mappage pour: SERVICES_GENERAUX - Visiteurs () - permission ignorée sur Drive ECHOLINE/05-Sales/A-Prospects/SOLARHONA
[2026-07-06 11:11:29] [WARN] Pas de mappage pour: Propriétaires de SERVICES_GENERAUX () - permission ignorée sur Drive ECHOLINE/05-Sales/A-Prospects/SOLARHONA
[2026-07-06 11:11:29] [WARN] Pas de mappage pour: SERVICES_GENERAUX - Membres () - permission ignorée sur Drive ECHOLINE/05-Sales/A-Prospects/SOLARHONA
[2026-07-06 11:11:29] [WARN] Impossible de résoudre 'grp_test' dans le tenant destination - permission ignorée
[2026-07-06 11:11:30] [SUCCESS] Permission appliquée: Equipe INFRA [write] -> Drive ECHOLINE/05-Sales/A-Prospects/SOLARHONA
[2026-07-06 11:11:30] [SUCCESS] Permission appliquée: User 01 [write] -> Drive ECHOLINE/05-Sales/A-Prospects/SOLARHONA
[2026-07-06 11:11:30] [INFO] Traitement: /Drive ECHOLINE/05-Sales/A-Prospects/SPIRIT AEROSYSTEMS/ (6 permission(s))
[2026-07-06 11:11:30] [INFO] === COPIE REELLE: Drive ECHOLINE/05-Sales/A-Prospects/SPIRIT AEROSYSTEMS ===
[2026-07-06 11:11:31] [SUCCESS] Dossier cree: Drive ECHOLINE/05-Sales/A-Prospects/SPIRIT AEROSYSTEMS
[2026-07-06 11:11:31] [WARN] Impossible de résoudre 'grp_test' dans le tenant destination - permission ignorée
[2026-07-06 11:11:31] [SUCCESS] Permission appliquée: Equipe INFRA [write] -> Drive ECHOLINE/05-Sales/A-Prospects/SPIRIT AEROSYSTEMS
[2026-07-06 11:11:31] [SUCCESS] Permission appliquée: User 01 [write] -> Drive ECHOLINE/05-Sales/A-Prospects/SPIRIT AEROSYSTEMS
[2026-07-06 11:11:31] [WARN] Pas de mappage pour: SERVICES_GENERAUX - Membres () - permission ignorée sur Drive ECHOLINE/05-Sales/A-Prospects/SPIRIT AEROSYSTEMS
[2026-07-06 11:11:31] [WARN] Pas de mappage pour: SERVICES_GENERAUX - Visiteurs () - permission ignorée sur Drive ECHOLINE/05-Sales/A-Prospects/SPIRIT AEROSYSTEMS
[2026-07-06 11:11:31] [WARN] Pas de mappage pour: Propriétaires de SERVICES_GENERAUX () - permission ignorée sur Drive ECHOLINE/05-Sales/A-Prospects/SPIRIT AEROSYSTEMS
[2026-07-06 11:11:31] [INFO] Traitement: /Drive ECHOLINE/05-Sales/A-Prospects/SUEZ/ (6 permission(s))
[2026-07-06 11:11:31] [INFO] === COPIE REELLE: Drive ECHOLINE/05-Sales/A-Prospects/SUEZ ===
[2026-07-06 11:11:32] [SUCCESS] Dossier cree: Drive ECHOLINE/05-Sales/A-Prospects/SUEZ
[2026-07-06 11:11:32] [WARN] Pas de mappage pour: SERVICES_GENERAUX - Visiteurs () - permission ignorée sur Drive ECHOLINE/05-Sales/A-Prospects/SUEZ
[2026-07-06 11:11:33] [SUCCESS] Permission appliquée: User 01 [write] -> Drive ECHOLINE/05-Sales/A-Prospects/SUEZ
[2026-07-06 11:11:33] [SUCCESS] Permission appliquée: Equipe INFRA [write] -> Drive ECHOLINE/05-Sales/A-Prospects/SUEZ
[2026-07-06 11:11:33] [WARN] Impossible de résoudre 'grp_test' dans le tenant destination - permission ignorée
[2026-07-06 11:11:33] [WARN] Pas de mappage pour: Propriétaires de SERVICES_GENERAUX () - permission ignorée sur Drive ECHOLINE/05-Sales/A-Prospects/SUEZ
[2026-07-06 11:11:33] [WARN] Pas de mappage pour: SERVICES_GENERAUX - Membres () - permission ignorée sur Drive ECHOLINE/05-Sales/A-Prospects/SUEZ
[2026-07-06 11:11:33] [INFO] Traitement: /Drive ECHOLINE/05-Sales/A-Prospects/SUPERGROUP/ (6 permission(s))
[2026-07-06 11:11:33] [INFO] === COPIE REELLE: Drive ECHOLINE/05-Sales/A-Prospects/SUPERGROUP ===
[2026-07-06 11:11:34] [SUCCESS] Dossier cree: Drive ECHOLINE/05-Sales/A-Prospects/SUPERGROUP
[2026-07-06 11:11:34] [WARN] Impossible de résoudre 'grp_test' dans le tenant destination - permission ignorée
[2026-07-06 11:11:34] [WARN] Pas de mappage pour: Propriétaires de SERVICES_GENERAUX () - permission ignorée sur Drive ECHOLINE/05-Sales/A-Prospects/SUPERGROUP
[2026-07-06 11:11:34] [WARN] Pas de mappage pour: SERVICES_GENERAUX - Visiteurs () - permission ignorée sur Drive ECHOLINE/05-Sales/A-Prospects/SUPERGROUP
[2026-07-06 11:11:34] [WARN] Pas de mappage pour: SERVICES_GENERAUX - Membres () - permission ignorée sur Drive ECHOLINE/05-Sales/A-Prospects/SUPERGROUP
[2026-07-06 11:11:34] [SUCCESS] Permission appliquée: User 01 [write] -> Drive ECHOLINE/05-Sales/A-Prospects/SUPERGROUP
[2026-07-06 11:11:34] [SUCCESS] Permission appliquée: Equipe INFRA [write] -> Drive ECHOLINE/05-Sales/A-Prospects/SUPERGROUP
[2026-07-06 11:11:34] [INFO] Traitement: /Drive ECHOLINE/05-Sales/A-Prospects/THIEVIN/ (6 permission(s))
[2026-07-06 11:11:34] [INFO] === COPIE REELLE: Drive ECHOLINE/05-Sales/A-Prospects/THIEVIN ===
[2026-07-06 11:11:35] [SUCCESS] Dossier cree: Drive ECHOLINE/05-Sales/A-Prospects/THIEVIN
[2026-07-06 11:11:35] [WARN] Pas de mappage pour: Propriétaires de SERVICES_GENERAUX () - permission ignorée sur Drive ECHOLINE/05-Sales/A-Prospects/THIEVIN
[2026-07-06 11:11:35] [WARN] Pas de mappage pour: SERVICES_GENERAUX - Visiteurs () - permission ignorée sur Drive ECHOLINE/05-Sales/A-Prospects/THIEVIN
[2026-07-06 11:11:36] [SUCCESS] Permission appliquée: Equipe INFRA [write] -> Drive ECHOLINE/05-Sales/A-Prospects/THIEVIN
[2026-07-06 11:11:36] [WARN] Pas de mappage pour: SERVICES_GENERAUX - Membres () - permission ignorée sur Drive ECHOLINE/05-Sales/A-Prospects/THIEVIN
[2026-07-06 11:11:36] [SUCCESS] Permission appliquée: User 01 [write] -> Drive ECHOLINE/05-Sales/A-Prospects/THIEVIN
[2026-07-06 11:11:36] [WARN] Impossible de résoudre 'grp_test' dans le tenant destination - permission ignorée
[2026-07-06 11:11:36] [INFO] Traitement: /Drive ECHOLINE/05-Sales/A-Prospects/TMP CONVERT/ (6 permission(s))
[2026-07-06 11:11:36] [INFO] === COPIE REELLE: Drive ECHOLINE/05-Sales/A-Prospects/TMP CONVERT ===
[2026-07-06 11:11:37] [SUCCESS] Dossier cree: Drive ECHOLINE/05-Sales/A-Prospects/TMP CONVERT
[2026-07-06 11:11:37] [WARN] Impossible de résoudre 'grp_test' dans le tenant destination - permission ignorée
[2026-07-06 11:11:37] [SUCCESS] Permission appliquée: Equipe INFRA [write] -> Drive ECHOLINE/05-Sales/A-Prospects/TMP CONVERT
[2026-07-06 11:11:37] [SUCCESS] Permission appliquée: User 01 [write] -> Drive ECHOLINE/05-Sales/A-Prospects/TMP CONVERT
[2026-07-06 11:11:37] [WARN] Pas de mappage pour: SERVICES_GENERAUX - Membres () - permission ignorée sur Drive ECHOLINE/05-Sales/A-Prospects/TMP CONVERT
[2026-07-06 11:11:37] [WARN] Pas de mappage pour: SERVICES_GENERAUX - Visiteurs () - permission ignorée sur Drive ECHOLINE/05-Sales/A-Prospects/TMP CONVERT
[2026-07-06 11:11:37] [WARN] Pas de mappage pour: Propriétaires de SERVICES_GENERAUX () - permission ignorée sur Drive ECHOLINE/05-Sales/A-Prospects/TMP CONVERT
[2026-07-06 11:11:37] [INFO] Traitement: /Drive ECHOLINE/05-Sales/A-Prospects/TOPIVO/ (6 permission(s))
[2026-07-06 11:11:37] [INFO] === COPIE REELLE: Drive ECHOLINE/05-Sales/A-Prospects/TOPIVO ===
[2026-07-06 11:11:38] [SUCCESS] Dossier cree: Drive ECHOLINE/05-Sales/A-Prospects/TOPIVO
[2026-07-06 11:11:38] [WARN] Pas de mappage pour: Propriétaires de SERVICES_GENERAUX () - permission ignorée sur Drive ECHOLINE/05-Sales/A-Prospects/TOPIVO
[2026-07-06 11:11:38] [WARN] Pas de mappage pour: SERVICES_GENERAUX - Visiteurs () - permission ignorée sur Drive ECHOLINE/05-Sales/A-Prospects/TOPIVO
[2026-07-06 11:11:38] [WARN] Pas de mappage pour: SERVICES_GENERAUX - Membres () - permission ignorée sur Drive ECHOLINE/05-Sales/A-Prospects/TOPIVO
[2026-07-06 11:11:39] [SUCCESS] Permission appliquée: User 01 [write] -> Drive ECHOLINE/05-Sales/A-Prospects/TOPIVO
[2026-07-06 11:11:39] [SUCCESS] Permission appliquée: Equipe INFRA [write] -> Drive ECHOLINE/05-Sales/A-Prospects/TOPIVO
[2026-07-06 11:11:39] [WARN] Impossible de résoudre 'grp_test' dans le tenant destination - permission ignorée
[2026-07-06 11:11:39] [INFO] Traitement: /Drive ECHOLINE/05-Sales/A-Prospects/URBYN/ (6 permission(s))
[2026-07-06 11:11:39] [INFO] === COPIE REELLE: Drive ECHOLINE/05-Sales/A-Prospects/URBYN ===
[2026-07-06 11:11:40] [SUCCESS] Dossier cree: Drive ECHOLINE/05-Sales/A-Prospects/URBYN
[2026-07-06 11:11:40] [WARN] Impossible de résoudre 'grp_test' dans le tenant destination - permission ignorée
[2026-07-06 11:11:40] [WARN] Pas de mappage pour: SERVICES_GENERAUX - Visiteurs () - permission ignorée sur Drive ECHOLINE/05-Sales/A-Prospects/URBYN
[2026-07-06 11:11:40] [WARN] Pas de mappage pour: SERVICES_GENERAUX - Membres () - permission ignorée sur Drive ECHOLINE/05-Sales/A-Prospects/URBYN
[2026-07-06 11:11:40] [SUCCESS] Permission appliquée: User 01 [write] -> Drive ECHOLINE/05-Sales/A-Prospects/URBYN
[2026-07-06 11:11:40] [SUCCESS] Permission appliquée: Equipe INFRA [write] -> Drive ECHOLINE/05-Sales/A-Prospects/URBYN
[2026-07-06 11:11:40] [WARN] Pas de mappage pour: Propriétaires de SERVICES_GENERAUX () - permission ignorée sur Drive ECHOLINE/05-Sales/A-Prospects/URBYN
[2026-07-06 11:11:40] [INFO] Traitement: /Drive ECHOLINE/05-Sales/A-Prospects/VETERNITY/ (6 permission(s))
[2026-07-06 11:11:40] [INFO] === COPIE REELLE: Drive ECHOLINE/05-Sales/A-Prospects/VETERNITY ===
[2026-07-06 11:11:41] [SUCCESS] Dossier cree: Drive ECHOLINE/05-Sales/A-Prospects/VETERNITY
[2026-07-06 11:11:41] [WARN] Pas de mappage pour: Propriétaires de SERVICES_GENERAUX () - permission ignorée sur Drive ECHOLINE/05-Sales/A-Prospects/VETERNITY
[2026-07-06 11:11:41] [WARN] Impossible de résoudre 'grp_test' dans le tenant destination - permission ignorée
[2026-07-06 11:11:41] [SUCCESS] Permission appliquée: Equipe INFRA [write] -> Drive ECHOLINE/05-Sales/A-Prospects/VETERNITY
[2026-07-06 11:11:42] [SUCCESS] Permission appliquée: User 01 [write] -> Drive ECHOLINE/05-Sales/A-Prospects/VETERNITY
[2026-07-06 11:11:42] [WARN] Pas de mappage pour: SERVICES_GENERAUX - Membres () - permission ignorée sur Drive ECHOLINE/05-Sales/A-Prospects/VETERNITY
[2026-07-06 11:11:42] [WARN] Pas de mappage pour: SERVICES_GENERAUX - Visiteurs () - permission ignorée sur Drive ECHOLINE/05-Sales/A-Prospects/VETERNITY
[2026-07-06 11:11:42] [INFO] Traitement: /Drive ECHOLINE/05-Sales/A-Prospects/VIATRIS MEDA MANUFACTURING/ (6 permission(s))
[2026-07-06 11:11:42] [INFO] === COPIE REELLE: Drive ECHOLINE/05-Sales/A-Prospects/VIATRIS MEDA MANUFACTURING ===
[2026-07-06 11:11:43] [SUCCESS] Dossier cree: Drive ECHOLINE/05-Sales/A-Prospects/VIATRIS MEDA MANUFACTURING
[2026-07-06 11:11:43] [WARN] Pas de mappage pour: Propriétaires de SERVICES_GENERAUX () - permission ignorée sur Drive ECHOLINE/05-Sales/A-Prospects/VIATRIS MEDA MANUFACTURING
[2026-07-06 11:11:43] [WARN] Pas de mappage pour: SERVICES_GENERAUX - Membres () - permission ignorée sur Drive ECHOLINE/05-Sales/A-Prospects/VIATRIS MEDA MANUFACTURING
[2026-07-06 11:11:43] [SUCCESS] Permission appliquée: Equipe INFRA [write] -> Drive ECHOLINE/05-Sales/A-Prospects/VIATRIS MEDA MANUFACTURING
[2026-07-06 11:11:43] [WARN] Impossible de résoudre 'grp_test' dans le tenant destination - permission ignorée
[2026-07-06 11:11:43] [WARN] Pas de mappage pour: SERVICES_GENERAUX - Visiteurs () - permission ignorée sur Drive ECHOLINE/05-Sales/A-Prospects/VIATRIS MEDA MANUFACTURING
[2026-07-06 11:11:43] [SUCCESS] Permission appliquée: User 01 [write] -> Drive ECHOLINE/05-Sales/A-Prospects/VIATRIS MEDA MANUFACTURING
[2026-07-06 11:11:43] [INFO] Traitement: /Drive ECHOLINE/05-Sales/A-Prospects/VINCI FACILITIES/ (6 permission(s))
[2026-07-06 11:11:43] [INFO] === COPIE REELLE: Drive ECHOLINE/05-Sales/A-Prospects/VINCI FACILITIES ===
[2026-07-06 11:11:44] [SUCCESS] Dossier cree: Drive ECHOLINE/05-Sales/A-Prospects/VINCI FACILITIES
[2026-07-06 11:11:44] [WARN] Impossible de résoudre 'grp_test' dans le tenant destination - permission ignorée
[2026-07-06 11:11:45] [SUCCESS] Permission appliquée: Equipe INFRA [write] -> Drive ECHOLINE/05-Sales/A-Prospects/VINCI FACILITIES
[2026-07-06 11:11:45] [SUCCESS] Permission appliquée: User 01 [write] -> Drive ECHOLINE/05-Sales/A-Prospects/VINCI FACILITIES
[2026-07-06 11:11:45] [WARN] Pas de mappage pour: SERVICES_GENERAUX - Membres () - permission ignorée sur Drive ECHOLINE/05-Sales/A-Prospects/VINCI FACILITIES
[2026-07-06 11:11:45] [WARN] Pas de mappage pour: SERVICES_GENERAUX - Visiteurs () - permission ignorée sur Drive ECHOLINE/05-Sales/A-Prospects/VINCI FACILITIES
[2026-07-06 11:11:45] [WARN] Pas de mappage pour: Propriétaires de SERVICES_GENERAUX () - permission ignorée sur Drive ECHOLINE/05-Sales/A-Prospects/VINCI FACILITIES
[2026-07-06 11:11:45] [INFO] Traitement: /Drive ECHOLINE/05-Sales/A-Prospects/YZEE/ (6 permission(s))
[2026-07-06 11:11:45] [INFO] === COPIE REELLE: Drive ECHOLINE/05-Sales/A-Prospects/YZEE ===
[2026-07-06 11:11:46] [SUCCESS] Dossier cree: Drive ECHOLINE/05-Sales/A-Prospects/YZEE
[2026-07-06 11:11:46] [SUCCESS] Permission appliquée: Equipe INFRA [write] -> Drive ECHOLINE/05-Sales/A-Prospects/YZEE
[2026-07-06 11:11:46] [WARN] Pas de mappage pour: Propriétaires de SERVICES_GENERAUX () - permission ignorée sur Drive ECHOLINE/05-Sales/A-Prospects/YZEE
[2026-07-06 11:11:46] [WARN] Pas de mappage pour: SERVICES_GENERAUX - Visiteurs () - permission ignorée sur Drive ECHOLINE/05-Sales/A-Prospects/YZEE
[2026-07-06 11:11:46] [WARN] Pas de mappage pour: SERVICES_GENERAUX - Membres () - permission ignorée sur Drive ECHOLINE/05-Sales/A-Prospects/YZEE
[2026-07-06 11:11:46] [SUCCESS] Permission appliquée: User 01 [write] -> Drive ECHOLINE/05-Sales/A-Prospects/YZEE
[2026-07-06 11:11:46] [WARN] Impossible de résoudre 'grp_test' dans le tenant destination - permission ignorée
[2026-07-06 11:11:46] [INFO] Traitement: /Drive ECHOLINE/05-Sales/B-Templates/ (6 permission(s))
[2026-07-06 11:11:46] [INFO] === COPIE REELLE: Drive ECHOLINE/05-Sales/B-Templates ===
[2026-07-06 11:11:47] [SUCCESS] Dossier cree: Drive ECHOLINE/05-Sales/B-Templates
[2026-07-06 11:11:47] [WARN] Impossible de résoudre 'grp_test' dans le tenant destination - permission ignorée
[2026-07-06 11:11:47] [WARN] Pas de mappage pour: Propriétaires de SERVICES_GENERAUX () - permission ignorée sur Drive ECHOLINE/05-Sales/B-Templates
[2026-07-06 11:11:47] [SUCCESS] Permission appliquée: Equipe INFRA [write] -> Drive ECHOLINE/05-Sales/B-Templates
[2026-07-06 11:11:47] [WARN] Pas de mappage pour: SERVICES_GENERAUX - Visiteurs () - permission ignorée sur Drive ECHOLINE/05-Sales/B-Templates
[2026-07-06 11:11:47] [WARN] Pas de mappage pour: SERVICES_GENERAUX - Membres () - permission ignorée sur Drive ECHOLINE/05-Sales/B-Templates
[2026-07-06 11:11:47] [SUCCESS] Permission appliquée: User 01 [write] -> Drive ECHOLINE/05-Sales/B-Templates
[2026-07-06 11:11:47] [INFO] Traitement: /Drive ECHOLINE/05-Sales/C-Automated_Quotes_Generation/ (6 permission(s))
[2026-07-06 11:11:47] [INFO] === COPIE REELLE: Drive ECHOLINE/05-Sales/C-Automated_Quotes_Generation ===
[2026-07-06 11:11:48] [SUCCESS] Dossier cree: Drive ECHOLINE/05-Sales/C-Automated_Quotes_Generation
[2026-07-06 11:11:48] [WARN] Impossible de résoudre 'grp_test' dans le tenant destination - permission ignorée
[2026-07-06 11:11:48] [SUCCESS] Permission appliquée: Equipe INFRA [write] -> Drive ECHOLINE/05-Sales/C-Automated_Quotes_Generation
[2026-07-06 11:11:48] [SUCCESS] Permission appliquée: User 01 [write] -> Drive ECHOLINE/05-Sales/C-Automated_Quotes_Generation
[2026-07-06 11:11:48] [WARN] Pas de mappage pour: SERVICES_GENERAUX - Membres () - permission ignorée sur Drive ECHOLINE/05-Sales/C-Automated_Quotes_Generation
[2026-07-06 11:11:48] [WARN] Pas de mappage pour: SERVICES_GENERAUX - Visiteurs () - permission ignorée sur Drive ECHOLINE/05-Sales/C-Automated_Quotes_Generation
[2026-07-06 11:11:48] [WARN] Pas de mappage pour: Propriétaires de SERVICES_GENERAUX () - permission ignorée sur Drive ECHOLINE/05-Sales/C-Automated_Quotes_Generation
[2026-07-06 11:11:48] [INFO] Traitement: /Drive ECHOLINE/05-Sales/Communication Package/ (6 permission(s))
[2026-07-06 11:11:48] [INFO] === COPIE REELLE: Drive ECHOLINE/05-Sales/Communication Package ===
[2026-07-06 11:11:49] [SUCCESS] Dossier cree: Drive ECHOLINE/05-Sales/Communication Package
[2026-07-06 11:11:49] [WARN] Pas de mappage pour: SERVICES_GENERAUX - Visiteurs () - permission ignorée sur Drive ECHOLINE/05-Sales/Communication Package
[2026-07-06 11:11:49] [WARN] Pas de mappage pour: Propriétaires de SERVICES_GENERAUX () - permission ignorée sur Drive ECHOLINE/05-Sales/Communication Package
[2026-07-06 11:11:49] [WARN] Pas de mappage pour: SERVICES_GENERAUX - Membres () - permission ignorée sur Drive ECHOLINE/05-Sales/Communication Package
[2026-07-06 11:11:50] [SUCCESS] Permission appliquée: User 01 [write] -> Drive ECHOLINE/05-Sales/Communication Package
[2026-07-06 11:11:50] [SUCCESS] Permission appliquée: Equipe INFRA [write] -> Drive ECHOLINE/05-Sales/Communication Package
[2026-07-06 11:11:50] [WARN] Impossible de résoudre 'grp_test' dans le tenant destination - permission ignorée
[2026-07-06 11:11:50] [INFO] Traitement: /Drive ECHOLINE/05-Sales/Communication Package/ARTHUR/ (6 permission(s))
[2026-07-06 11:11:50] [INFO] === COPIE REELLE: Drive ECHOLINE/05-Sales/Communication Package/ARTHUR ===
[2026-07-06 11:11:50] [SUCCESS] Dossier cree: Drive ECHOLINE/05-Sales/Communication Package/ARTHUR
[2026-07-06 11:11:51] [WARN] Impossible de résoudre 'grp_test' dans le tenant destination - permission ignorée
[2026-07-06 11:11:51] [WARN] Pas de mappage pour: SERVICES_GENERAUX - Visiteurs () - permission ignorée sur Drive ECHOLINE/05-Sales/Communication Package/ARTHUR
[2026-07-06 11:11:51] [WARN] Pas de mappage pour: SERVICES_GENERAUX - Membres () - permission ignorée sur Drive ECHOLINE/05-Sales/Communication Package/ARTHUR
[2026-07-06 11:11:51] [SUCCESS] Permission appliquée: User 01 [write] -> Drive ECHOLINE/05-Sales/Communication Package/ARTHUR
[2026-07-06 11:11:51] [SUCCESS] Permission appliquée: Equipe INFRA [write] -> Drive ECHOLINE/05-Sales/Communication Package/ARTHUR
[2026-07-06 11:11:51] [WARN] Pas de mappage pour: Propriétaires de SERVICES_GENERAUX () - permission ignorée sur Drive ECHOLINE/05-Sales/Communication Package/ARTHUR
[2026-07-06 11:11:51] [INFO] Traitement: /Drive ECHOLINE/05-Sales/Communication Package/AURELIEN/ (6 permission(s))
[2026-07-06 11:11:51] [INFO] === COPIE REELLE: Drive ECHOLINE/05-Sales/Communication Package/AURELIEN ===
[2026-07-06 11:11:52] [SUCCESS] Dossier cree: Drive ECHOLINE/05-Sales/Communication Package/AURELIEN
[2026-07-06 11:11:52] [WARN] Impossible de résoudre 'grp_test' dans le tenant destination - permission ignorée
[2026-07-06 11:11:52] [SUCCESS] Permission appliquée: Equipe INFRA [write] -> Drive ECHOLINE/05-Sales/Communication Package/AURELIEN
[2026-07-06 11:11:52] [SUCCESS] Permission appliquée: User 01 [write] -> Drive ECHOLINE/05-Sales/Communication Package/AURELIEN
[2026-07-06 11:11:52] [WARN] Pas de mappage pour: SERVICES_GENERAUX - Membres () - permission ignorée sur Drive ECHOLINE/05-Sales/Communication Package/AURELIEN
[2026-07-06 11:11:52] [WARN] Pas de mappage pour: SERVICES_GENERAUX - Visiteurs () - permission ignorée sur Drive ECHOLINE/05-Sales/Communication Package/AURELIEN
[2026-07-06 11:11:52] [WARN] Pas de mappage pour: Propriétaires de SERVICES_GENERAUX () - permission ignorée sur Drive ECHOLINE/05-Sales/Communication Package/AURELIEN
[2026-07-06 11:11:52] [INFO] Traitement: /Drive ECHOLINE/05-Sales/Communication Package/CELIA/ (6 permission(s))
[2026-07-06 11:11:52] [INFO] === COPIE REELLE: Drive ECHOLINE/05-Sales/Communication Package/CELIA ===
[2026-07-06 11:11:53] [SUCCESS] Dossier cree: Drive ECHOLINE/05-Sales/Communication Package/CELIA
[2026-07-06 11:11:53] [SUCCESS] Permission appliquée: Equipe INFRA [write] -> Drive ECHOLINE/05-Sales/Communication Package/CELIA
[2026-07-06 11:11:53] [WARN] Pas de mappage pour: Propriétaires de SERVICES_GENERAUX () - permission ignorée sur Drive ECHOLINE/05-Sales/Communication Package/CELIA
[2026-07-06 11:11:53] [WARN] Pas de mappage pour: SERVICES_GENERAUX - Membres () - permission ignorée sur Drive ECHOLINE/05-Sales/Communication Package/CELIA
[2026-07-06 11:11:53] [WARN] Pas de mappage pour: SERVICES_GENERAUX - Visiteurs () - permission ignorée sur Drive ECHOLINE/05-Sales/Communication Package/CELIA
[2026-07-06 11:11:54] [SUCCESS] Permission appliquée: User 01 [write] -> Drive ECHOLINE/05-Sales/Communication Package/CELIA
[2026-07-06 11:11:54] [WARN] Impossible de résoudre 'grp_test' dans le tenant destination - permission ignorée
[2026-07-06 11:11:54] [INFO] Traitement: /Drive ECHOLINE/05-Sales/Communication Package/CLOTHILDE/ (6 permission(s))
[2026-07-06 11:11:54] [INFO] === COPIE REELLE: Drive ECHOLINE/05-Sales/Communication Package/CLOTHILDE ===
[2026-07-06 11:11:54] [SUCCESS] Dossier cree: Drive ECHOLINE/05-Sales/Communication Package/CLOTHILDE
[2026-07-06 11:11:54] [WARN] Impossible de résoudre 'grp_test' dans le tenant destination - permission ignorée
[2026-07-06 11:11:55] [SUCCESS] Permission appliquée: Equipe INFRA [write] -> Drive ECHOLINE/05-Sales/Communication Package/CLOTHILDE
[2026-07-06 11:11:55] [SUCCESS] Permission appliquée: User 01 [write] -> Drive ECHOLINE/05-Sales/Communication Package/CLOTHILDE
[2026-07-06 11:11:55] [WARN] Pas de mappage pour: SERVICES_GENERAUX - Membres () - permission ignorée sur Drive ECHOLINE/05-Sales/Communication Package/CLOTHILDE
[2026-07-06 11:11:55] [WARN] Pas de mappage pour: SERVICES_GENERAUX - Visiteurs () - permission ignorée sur Drive ECHOLINE/05-Sales/Communication Package/CLOTHILDE
[2026-07-06 11:11:55] [WARN] Pas de mappage pour: Propriétaires de SERVICES_GENERAUX () - permission ignorée sur Drive ECHOLINE/05-Sales/Communication Package/CLOTHILDE
[2026-07-06 11:11:55] [INFO] Traitement: /Drive ECHOLINE/05-Sales/Communication Package/GAYLORD/ (6 permission(s))
[2026-07-06 11:11:55] [INFO] === COPIE REELLE: Drive ECHOLINE/05-Sales/Communication Package/GAYLORD ===
[2026-07-06 11:11:56] [SUCCESS] Dossier cree: Drive ECHOLINE/05-Sales/Communication Package/GAYLORD
[2026-07-06 11:11:56] [WARN] Pas de mappage pour: SERVICES_GENERAUX - Visiteurs () - permission ignorée sur Drive ECHOLINE/05-Sales/Communication Package/GAYLORD
[2026-07-06 11:11:56] [WARN] Pas de mappage pour: Propriétaires de SERVICES_GENERAUX () - permission ignorée sur Drive ECHOLINE/05-Sales/Communication Package/GAYLORD
[2026-07-06 11:11:56] [SUCCESS] Permission appliquée: User 01 [write] -> Drive ECHOLINE/05-Sales/Communication Package/GAYLORD
[2026-07-06 11:11:56] [WARN] Impossible de résoudre 'grp_test' dans le tenant destination - permission ignorée
[2026-07-06 11:11:56] [SUCCESS] Permission appliquée: Equipe INFRA [write] -> Drive ECHOLINE/05-Sales/Communication Package/GAYLORD
[2026-07-06 11:11:56] [WARN] Pas de mappage pour: SERVICES_GENERAUX - Membres () - permission ignorée sur Drive ECHOLINE/05-Sales/Communication Package/GAYLORD
[2026-07-06 11:11:56] [INFO] Traitement: /Drive ECHOLINE/05-Sales/Communication Package/JEREMY/ (6 permission(s))
[2026-07-06 11:11:56] [INFO] === COPIE REELLE: Drive ECHOLINE/05-Sales/Communication Package/JEREMY ===
[2026-07-06 11:11:57] [SUCCESS] Dossier cree: Drive ECHOLINE/05-Sales/Communication Package/JEREMY
[2026-07-06 11:11:57] [SUCCESS] Permission appliquée: Equipe INFRA [write] -> Drive ECHOLINE/05-Sales/Communication Package/JEREMY
[2026-07-06 11:11:57] [SUCCESS] Permission appliquée: User 01 [write] -> Drive ECHOLINE/05-Sales/Communication Package/JEREMY
[2026-07-06 11:11:57] [WARN] Pas de mappage pour: SERVICES_GENERAUX - Membres () - permission ignorée sur Drive ECHOLINE/05-Sales/Communication Package/JEREMY
[2026-07-06 11:11:57] [WARN] Pas de mappage pour: SERVICES_GENERAUX - Visiteurs () - permission ignorée sur Drive ECHOLINE/05-Sales/Communication Package/JEREMY
[2026-07-06 11:11:57] [WARN] Pas de mappage pour: Propriétaires de SERVICES_GENERAUX () - permission ignorée sur Drive ECHOLINE/05-Sales/Communication Package/JEREMY
[2026-07-06 11:11:57] [WARN] Impossible de résoudre 'grp_test' dans le tenant destination - permission ignorée
[2026-07-06 11:11:58] [INFO] Traitement: /Drive ECHOLINE/05-Sales/Communication Package/LAURA/ (6 permission(s))
[2026-07-06 11:11:58] [INFO] === COPIE REELLE: Drive ECHOLINE/05-Sales/Communication Package/LAURA ===
[2026-07-06 11:11:58] [SUCCESS] Dossier cree: Drive ECHOLINE/05-Sales/Communication Package/LAURA
[2026-07-06 11:11:59] [SUCCESS] Permission appliquée: User 01 [write] -> Drive ECHOLINE/05-Sales/Communication Package/LAURA
[2026-07-06 11:11:59] [WARN] Pas de mappage pour: Propriétaires de SERVICES_GENERAUX () - permission ignorée sur Drive ECHOLINE/05-Sales/Communication Package/LAURA
[2026-07-06 11:11:59] [WARN] Pas de mappage pour: SERVICES_GENERAUX - Visiteurs () - permission ignorée sur Drive ECHOLINE/05-Sales/Communication Package/LAURA
[2026-07-06 11:11:59] [WARN] Pas de mappage pour: SERVICES_GENERAUX - Membres () - permission ignorée sur Drive ECHOLINE/05-Sales/Communication Package/LAURA
[2026-07-06 11:11:59] [SUCCESS] Permission appliquée: Equipe INFRA [write] -> Drive ECHOLINE/05-Sales/Communication Package/LAURA
[2026-07-06 11:11:59] [WARN] Impossible de résoudre 'grp_test' dans le tenant destination - permission ignorée
[2026-07-06 11:11:59] [INFO] Traitement: /Drive ECHOLINE/05-Sales/Communication Package/SOPHIE/ (6 permission(s))
[2026-07-06 11:11:59] [INFO] === COPIE REELLE: Drive ECHOLINE/05-Sales/Communication Package/SOPHIE ===
[2026-07-06 11:12:00] [SUCCESS] Dossier cree: Drive ECHOLINE/05-Sales/Communication Package/SOPHIE
[2026-07-06 11:12:00] [WARN] Impossible de résoudre 'grp_test' dans le tenant destination - permission ignorée
[2026-07-06 11:12:00] [WARN] Pas de mappage pour: Propriétaires de SERVICES_GENERAUX () - permission ignorée sur Drive ECHOLINE/05-Sales/Communication Package/SOPHIE
[2026-07-06 11:12:00] [SUCCESS] Permission appliquée: Equipe INFRA [write] -> Drive ECHOLINE/05-Sales/Communication Package/SOPHIE
[2026-07-06 11:12:00] [WARN] Pas de mappage pour: SERVICES_GENERAUX - Visiteurs () - permission ignorée sur Drive ECHOLINE/05-Sales/Communication Package/SOPHIE
[2026-07-06 11:12:00] [WARN] Pas de mappage pour: SERVICES_GENERAUX - Membres () - permission ignorée sur Drive ECHOLINE/05-Sales/Communication Package/SOPHIE
[2026-07-06 11:12:00] [SUCCESS] Permission appliquée: User 01 [write] -> Drive ECHOLINE/05-Sales/Communication Package/SOPHIE
[2026-07-06 11:12:00] [INFO] Traitement: /Drive ECHOLINE/05-Sales/Communication Package/YANN/ (6 permission(s))
[2026-07-06 11:12:00] [INFO] === COPIE REELLE: Drive ECHOLINE/05-Sales/Communication Package/YANN ===
[2026-07-06 11:12:01] [SUCCESS] Dossier cree: Drive ECHOLINE/05-Sales/Communication Package/YANN
[2026-07-06 11:12:01] [WARN] Impossible de résoudre 'grp_test' dans le tenant destination - permission ignorée
[2026-07-06 11:12:02] [SUCCESS] Permission appliquée: Equipe INFRA [write] -> Drive ECHOLINE/05-Sales/Communication Package/YANN
[2026-07-06 11:12:02] [SUCCESS] Permission appliquée: User 01 [write] -> Drive ECHOLINE/05-Sales/Communication Package/YANN
[2026-07-06 11:12:02] [WARN] Pas de mappage pour: SERVICES_GENERAUX - Membres () - permission ignorée sur Drive ECHOLINE/05-Sales/Communication Package/YANN
[2026-07-06 11:12:02] [WARN] Pas de mappage pour: SERVICES_GENERAUX - Visiteurs () - permission ignorée sur Drive ECHOLINE/05-Sales/Communication Package/YANN
[2026-07-06 11:12:02] [WARN] Pas de mappage pour: Propriétaires de SERVICES_GENERAUX () - permission ignorée sur Drive ECHOLINE/05-Sales/Communication Package/YANN
[2026-07-06 11:12:02] [INFO] Traitement: /Drive ECHOLINE/05-Sales/ZZ-Archives/ (6 permission(s))
[2026-07-06 11:12:02] [INFO] === COPIE REELLE: Drive ECHOLINE/05-Sales/ZZ-Archives ===
[2026-07-06 11:12:03] [SUCCESS] Dossier cree: Drive ECHOLINE/05-Sales/ZZ-Archives
[2026-07-06 11:12:03] [SUCCESS] Permission appliquée: Equipe INFRA [write] -> Drive ECHOLINE/05-Sales/ZZ-Archives
[2026-07-06 11:12:03] [WARN] Pas de mappage pour: Propriétaires de SERVICES_GENERAUX () - permission ignorée sur Drive ECHOLINE/05-Sales/ZZ-Archives
[2026-07-06 11:12:03] [WARN] Pas de mappage pour: SERVICES_GENERAUX - Visiteurs () - permission ignorée sur Drive ECHOLINE/05-Sales/ZZ-Archives
[2026-07-06 11:12:03] [WARN] Pas de mappage pour: SERVICES_GENERAUX - Membres () - permission ignorée sur Drive ECHOLINE/05-Sales/ZZ-Archives
[2026-07-06 11:12:04] [SUCCESS] Permission appliquée: User 01 [write] -> Drive ECHOLINE/05-Sales/ZZ-Archives
[2026-07-06 11:12:04] [WARN] Impossible de résoudre 'grp_test' dans le tenant destination - permission ignorée
[2026-07-06 11:12:04] [INFO] Traitement: /Drive ECHOLINE/06-Community/ (6 permission(s))
[2026-07-06 11:12:04] [INFO] === COPIE REELLE: Drive ECHOLINE/06-Community ===
[2026-07-06 11:12:05] [SUCCESS] Dossier cree: Drive ECHOLINE/06-Community
[2026-07-06 11:12:05] [WARN] Impossible de résoudre 'grp_test' dans le tenant destination - permission ignorée
[2026-07-06 11:12:05] [WARN] Pas de mappage pour: Propriétaires de SERVICES_GENERAUX () - permission ignorée sur Drive ECHOLINE/06-Community
[2026-07-06 11:12:05] [WARN] Pas de mappage pour: SERVICES_GENERAUX - Visiteurs () - permission ignorée sur Drive ECHOLINE/06-Community
[2026-07-06 11:12:05] [WARN] Pas de mappage pour: SERVICES_GENERAUX - Membres () - permission ignorée sur Drive ECHOLINE/06-Community
[2026-07-06 11:12:05] [SUCCESS] Permission appliquée: Equipe INFRA [write] -> Drive ECHOLINE/06-Community
[2026-07-06 11:12:05] [SUCCESS] Permission appliquée: User 01 [write] -> Drive ECHOLINE/06-Community
[2026-07-06 11:12:05] [INFO] Traitement: /Drive ECHOLINE/06-Community/ADRAR FORMATION/ (6 permission(s))
[2026-07-06 11:12:05] [INFO] === COPIE REELLE: Drive ECHOLINE/06-Community/ADRAR FORMATION ===
[2026-07-06 11:12:06] [SUCCESS] Dossier cree: Drive ECHOLINE/06-Community/ADRAR FORMATION
[2026-07-06 11:12:06] [WARN] Pas de mappage pour: Propriétaires de SERVICES_GENERAUX () - permission ignorée sur Drive ECHOLINE/06-Community/ADRAR FORMATION
[2026-07-06 11:12:06] [WARN] Impossible de résoudre 'grp_test' dans le tenant destination - permission ignorée
[2026-07-06 11:12:07] [SUCCESS] Permission appliquée: Equipe INFRA [write] -> Drive ECHOLINE/06-Community/ADRAR FORMATION
[2026-07-06 11:12:07] [SUCCESS] Permission appliquée: User 01 [write] -> Drive ECHOLINE/06-Community/ADRAR FORMATION
[2026-07-06 11:12:07] [WARN] Pas de mappage pour: SERVICES_GENERAUX - Membres () - permission ignorée sur Drive ECHOLINE/06-Community/ADRAR FORMATION
[2026-07-06 11:12:07] [WARN] Pas de mappage pour: SERVICES_GENERAUX - Visiteurs () - permission ignorée sur Drive ECHOLINE/06-Community/ADRAR FORMATION
[2026-07-06 11:12:07] [INFO] Traitement: /Drive ECHOLINE/06-Community/CAE CONSEILS/ (6 permission(s))
[2026-07-06 11:12:07] [INFO] === COPIE REELLE: Drive ECHOLINE/06-Community/CAE CONSEILS ===
[2026-07-06 11:12:07] [SUCCESS] Dossier cree: Drive ECHOLINE/06-Community/CAE CONSEILS
[2026-07-06 11:12:08] [WARN] Pas de mappage pour: Propriétaires de SERVICES_GENERAUX () - permission ignorée sur Drive ECHOLINE/06-Community/CAE CONSEILS
[2026-07-06 11:12:08] [WARN] Pas de mappage pour: SERVICES_GENERAUX - Membres () - permission ignorée sur Drive ECHOLINE/06-Community/CAE CONSEILS
[2026-07-06 11:12:08] [SUCCESS] Permission appliquée: Equipe INFRA [write] -> Drive ECHOLINE/06-Community/CAE CONSEILS
[2026-07-06 11:12:08] [WARN] Impossible de résoudre 'grp_test' dans le tenant destination - permission ignorée
[2026-07-06 11:12:08] [WARN] Pas de mappage pour: SERVICES_GENERAUX - Visiteurs () - permission ignorée sur Drive ECHOLINE/06-Community/CAE CONSEILS
[2026-07-06 11:12:08] [SUCCESS] Permission appliquée: User 01 [write] -> Drive ECHOLINE/06-Community/CAE CONSEILS
[2026-07-06 11:12:08] [INFO] Traitement: /Drive ECHOLINE/06-Community/CAE CONSEILS/Devis/ (6 permission(s))
[2026-07-06 11:12:08] [INFO] === COPIE REELLE: Drive ECHOLINE/06-Community/CAE CONSEILS/Devis ===
[2026-07-06 11:12:09] [SUCCESS] Dossier cree: Drive ECHOLINE/06-Community/CAE CONSEILS/Devis
[2026-07-06 11:12:09] [WARN] Impossible de résoudre 'grp_test' dans le tenant destination - permission ignorée
[2026-07-06 11:12:09] [SUCCESS] Permission appliquée: Equipe INFRA [write] -> Drive ECHOLINE/06-Community/CAE CONSEILS/Devis
[2026-07-06 11:12:09] [SUCCESS] Permission appliquée: User 01 [write] -> Drive ECHOLINE/06-Community/CAE CONSEILS/Devis
[2026-07-06 11:12:09] [WARN] Pas de mappage pour: SERVICES_GENERAUX - Membres () - permission ignorée sur Drive ECHOLINE/06-Community/CAE CONSEILS/Devis
[2026-07-06 11:12:09] [WARN] Pas de mappage pour: SERVICES_GENERAUX - Visiteurs () - permission ignorée sur Drive ECHOLINE/06-Community/CAE CONSEILS/Devis
[2026-07-06 11:12:09] [WARN] Pas de mappage pour: Propriétaires de SERVICES_GENERAUX () - permission ignorée sur Drive ECHOLINE/06-Community/CAE CONSEILS/Devis
[2026-07-06 11:12:09] [INFO] Traitement: /Drive ECHOLINE/06-Community/CAE CONSEILS/Partenariat/ (6 permission(s))
[2026-07-06 11:12:09] [INFO] === COPIE REELLE: Drive ECHOLINE/06-Community/CAE CONSEILS/Partenariat ===
[2026-07-06 11:12:10] [SUCCESS] Dossier cree: Drive ECHOLINE/06-Community/CAE CONSEILS/Partenariat
[2026-07-06 11:12:11] [SUCCESS] Permission appliquée: Equipe INFRA [write] -> Drive ECHOLINE/06-Community/CAE CONSEILS/Partenariat
[2026-07-06 11:12:11] [WARN] Pas de mappage pour: Propriétaires de SERVICES_GENERAUX () - permission ignorée sur Drive ECHOLINE/06-Community/CAE CONSEILS/Partenariat
[2026-07-06 11:12:11] [WARN] Pas de mappage pour: SERVICES_GENERAUX - Visiteurs () - permission ignorée sur Drive ECHOLINE/06-Community/CAE CONSEILS/Partenariat
[2026-07-06 11:12:11] [WARN] Pas de mappage pour: SERVICES_GENERAUX - Membres () - permission ignorée sur Drive ECHOLINE/06-Community/CAE CONSEILS/Partenariat
[2026-07-06 11:12:11] [SUCCESS] Permission appliquée: User 01 [write] -> Drive ECHOLINE/06-Community/CAE CONSEILS/Partenariat
[2026-07-06 11:12:11] [WARN] Impossible de résoudre 'grp_test' dans le tenant destination - permission ignorée
[2026-07-06 11:12:11] [INFO] Traitement: /Drive ECHOLINE/06-Community/FRANCE SI/ (6 permission(s))
[2026-07-06 11:12:11] [INFO] === COPIE REELLE: Drive ECHOLINE/06-Community/FRANCE SI ===
[2026-07-06 11:12:12] [SUCCESS] Dossier cree: Drive ECHOLINE/06-Community/FRANCE SI
[2026-07-06 11:12:12] [WARN] Impossible de résoudre 'grp_test' dans le tenant destination - permission ignorée
[2026-07-06 11:12:12] [WARN] Pas de mappage pour: Propriétaires de SERVICES_GENERAUX () - permission ignorée sur Drive ECHOLINE/06-Community/FRANCE SI
[2026-07-06 11:12:12] [SUCCESS] Permission appliquée: Equipe INFRA [write] -> Drive ECHOLINE/06-Community/FRANCE SI
[2026-07-06 11:12:12] [WARN] Pas de mappage pour: SERVICES_GENERAUX - Visiteurs () - permission ignorée sur Drive ECHOLINE/06-Community/FRANCE SI
[2026-07-06 11:12:12] [WARN] Pas de mappage pour: SERVICES_GENERAUX - Membres () - permission ignorée sur Drive ECHOLINE/06-Community/FRANCE SI
[2026-07-06 11:12:12] [SUCCESS] Permission appliquée: User 01 [write] -> Drive ECHOLINE/06-Community/FRANCE SI
[2026-07-06 11:12:12] [INFO] Traitement: /Drive ECHOLINE/06-Community/GAMMA SOFTWARE/ (6 permission(s))
[2026-07-06 11:12:12] [INFO] === COPIE REELLE: Drive ECHOLINE/06-Community/GAMMA SOFTWARE ===
[2026-07-06 11:12:13] [SUCCESS] Dossier cree: Drive ECHOLINE/06-Community/GAMMA SOFTWARE
[2026-07-06 11:12:13] [WARN] Impossible de résoudre 'grp_test' dans le tenant destination - permission ignorée
[2026-07-06 11:12:13] [SUCCESS] Permission appliquée: Equipe INFRA [write] -> Drive ECHOLINE/06-Community/GAMMA SOFTWARE
[2026-07-06 11:12:14] [SUCCESS] Permission appliquée: User 01 [write] -> Drive ECHOLINE/06-Community/GAMMA SOFTWARE
[2026-07-06 11:12:14] [WARN] Pas de mappage pour: SERVICES_GENERAUX - Membres () - permission ignorée sur Drive ECHOLINE/06-Community/GAMMA SOFTWARE
[2026-07-06 11:12:14] [WARN] Pas de mappage pour: SERVICES_GENERAUX - Visiteurs () - permission ignorée sur Drive ECHOLINE/06-Community/GAMMA SOFTWARE
[2026-07-06 11:12:14] [WARN] Pas de mappage pour: Propriétaires de SERVICES_GENERAUX () - permission ignorée sur Drive ECHOLINE/06-Community/GAMMA SOFTWARE
[2026-07-06 11:12:14] [INFO] Traitement: /Drive ECHOLINE/06-Community/KNOWLLENCE/ (6 permission(s))
[2026-07-06 11:12:14] [INFO] === COPIE REELLE: Drive ECHOLINE/06-Community/KNOWLLENCE ===
[2026-07-06 11:12:14] [SUCCESS] Dossier cree: Drive ECHOLINE/06-Community/KNOWLLENCE
[2026-07-06 11:12:14] [WARN] Pas de mappage pour: SERVICES_GENERAUX - Membres () - permission ignorée sur Drive ECHOLINE/06-Community/KNOWLLENCE
[2026-07-06 11:12:14] [WARN] Impossible de résoudre 'grp_test' dans le tenant destination - permission ignorée
[2026-07-06 11:12:15] [SUCCESS] Permission appliquée: Equipe INFRA [write] -> Drive ECHOLINE/06-Community/KNOWLLENCE
[2026-07-06 11:12:15] [SUCCESS] Permission appliquée: User 01 [write] -> Drive ECHOLINE/06-Community/KNOWLLENCE
[2026-07-06 11:12:15] [WARN] Pas de mappage pour: SERVICES_GENERAUX - Visiteurs () - permission ignorée sur Drive ECHOLINE/06-Community/KNOWLLENCE
[2026-07-06 11:12:15] [WARN] Pas de mappage pour: Propriétaires de SERVICES_GENERAUX () - permission ignorée sur Drive ECHOLINE/06-Community/KNOWLLENCE
[2026-07-06 11:12:15] [INFO] Traitement: /Drive ECHOLINE/06-Community/KNOWLLENCE/Contrat/ (6 permission(s))
[2026-07-06 11:12:15] [INFO] === COPIE REELLE: Drive ECHOLINE/06-Community/KNOWLLENCE/Contrat ===
[2026-07-06 11:12:16] [SUCCESS] Dossier cree: Drive ECHOLINE/06-Community/KNOWLLENCE/Contrat
[2026-07-06 11:12:16] [WARN] Impossible de résoudre 'grp_test' dans le tenant destination - permission ignorée
[2026-07-06 11:12:16] [WARN] Pas de mappage pour: SERVICES_GENERAUX - Visiteurs () - permission ignorée sur Drive ECHOLINE/06-Community/KNOWLLENCE/Contrat
[2026-07-06 11:12:16] [WARN] Pas de mappage pour: Propriétaires de SERVICES_GENERAUX () - permission ignorée sur Drive ECHOLINE/06-Community/KNOWLLENCE/Contrat
[2026-07-06 11:12:16] [SUCCESS] Permission appliquée: Equipe INFRA [write] -> Drive ECHOLINE/06-Community/KNOWLLENCE/Contrat
[2026-07-06 11:12:16] [WARN] Pas de mappage pour: SERVICES_GENERAUX - Membres () - permission ignorée sur Drive ECHOLINE/06-Community/KNOWLLENCE/Contrat
[2026-07-06 11:12:16] [SUCCESS] Permission appliquée: User 01 [write] -> Drive ECHOLINE/06-Community/KNOWLLENCE/Contrat
[2026-07-06 11:12:16] [INFO] Traitement: /Drive ECHOLINE/06-Community/LOOTIBOX/ (6 permission(s))
[2026-07-06 11:12:16] [INFO] === COPIE REELLE: Drive ECHOLINE/06-Community/LOOTIBOX ===
[2026-07-06 11:12:17] [SUCCESS] Dossier cree: Drive ECHOLINE/06-Community/LOOTIBOX
[2026-07-06 11:12:17] [WARN] Impossible de résoudre 'grp_test' dans le tenant destination - permission ignorée
[2026-07-06 11:12:17] [SUCCESS] Permission appliquée: Equipe INFRA [write] -> Drive ECHOLINE/06-Community/LOOTIBOX
[2026-07-06 11:12:18] [SUCCESS] Permission appliquée: User 01 [write] -> Drive ECHOLINE/06-Community/LOOTIBOX
[2026-07-06 11:12:18] [WARN] Pas de mappage pour: SERVICES_GENERAUX - Membres () - permission ignorée sur Drive ECHOLINE/06-Community/LOOTIBOX
[2026-07-06 11:12:18] [WARN] Pas de mappage pour: SERVICES_GENERAUX - Visiteurs () - permission ignorée sur Drive ECHOLINE/06-Community/LOOTIBOX
[2026-07-06 11:12:18] [WARN] Pas de mappage pour: Propriétaires de SERVICES_GENERAUX () - permission ignorée sur Drive ECHOLINE/06-Community/LOOTIBOX
[2026-07-06 11:12:18] [INFO] Traitement: /Drive ECHOLINE/06-Community/QUALIPRO/ (6 permission(s))
[2026-07-06 11:12:18] [INFO] === COPIE REELLE: Drive ECHOLINE/06-Community/QUALIPRO ===
[2026-07-06 11:12:18] [SUCCESS] Dossier cree: Drive ECHOLINE/06-Community/QUALIPRO
[2026-07-06 11:12:19] [SUCCESS] Permission appliquée: Equipe INFRA [write] -> Drive ECHOLINE/06-Community/QUALIPRO
[2026-07-06 11:12:19] [SUCCESS] Permission appliquée: User 01 [write] -> Drive ECHOLINE/06-Community/QUALIPRO
[2026-07-06 11:12:19] [WARN] Pas de mappage pour: SERVICES_GENERAUX - Membres () - permission ignorée sur Drive ECHOLINE/06-Community/QUALIPRO
[2026-07-06 11:12:19] [WARN] Pas de mappage pour: Propriétaires de SERVICES_GENERAUX () - permission ignorée sur Drive ECHOLINE/06-Community/QUALIPRO
[2026-07-06 11:12:19] [WARN] Pas de mappage pour: SERVICES_GENERAUX - Visiteurs () - permission ignorée sur Drive ECHOLINE/06-Community/QUALIPRO
[2026-07-06 11:12:19] [WARN] Impossible de résoudre 'grp_test' dans le tenant destination - permission ignorée
[2026-07-06 11:12:19] [INFO] Traitement: /Drive ECHOLINE/06-Community/QUALIPRO/Contrat/ (6 permission(s))
[2026-07-06 11:12:19] [INFO] === COPIE REELLE: Drive ECHOLINE/06-Community/QUALIPRO/Contrat ===
[2026-07-06 11:12:20] [SUCCESS] Dossier cree: Drive ECHOLINE/06-Community/QUALIPRO/Contrat
[2026-07-06 11:12:20] [WARN] Impossible de résoudre 'grp_test' dans le tenant destination - permission ignorée
[2026-07-06 11:12:20] [SUCCESS] Permission appliquée: Equipe INFRA [write] -> Drive ECHOLINE/06-Community/QUALIPRO/Contrat
[2026-07-06 11:12:20] [SUCCESS] Permission appliquée: User 01 [write] -> Drive ECHOLINE/06-Community/QUALIPRO/Contrat
[2026-07-06 11:12:20] [WARN] Pas de mappage pour: SERVICES_GENERAUX - Membres () - permission ignorée sur Drive ECHOLINE/06-Community/QUALIPRO/Contrat
[2026-07-06 11:12:20] [WARN] Pas de mappage pour: SERVICES_GENERAUX - Visiteurs () - permission ignorée sur Drive ECHOLINE/06-Community/QUALIPRO/Contrat
[2026-07-06 11:12:20] [WARN] Pas de mappage pour: Propriétaires de SERVICES_GENERAUX () - permission ignorée sur Drive ECHOLINE/06-Community/QUALIPRO/Contrat
[2026-07-06 11:12:20] [INFO] Traitement: /Drive ECHOLINE/06-Community/TEEO/ (6 permission(s))
[2026-07-06 11:12:20] [INFO] === COPIE REELLE: Drive ECHOLINE/06-Community/TEEO ===
[2026-07-06 11:12:21] [SUCCESS] Dossier cree: Drive ECHOLINE/06-Community/TEEO
[2026-07-06 11:12:21] [SUCCESS] Permission appliquée: User 01 [write] -> Drive ECHOLINE/06-Community/TEEO
[2026-07-06 11:12:21] [WARN] Pas de mappage pour: SERVICES_GENERAUX - Visiteurs () - permission ignorée sur Drive ECHOLINE/06-Community/TEEO
[2026-07-06 11:12:21] [WARN] Pas de mappage pour: Propriétaires de SERVICES_GENERAUX () - permission ignorée sur Drive ECHOLINE/06-Community/TEEO
[2026-07-06 11:12:21] [WARN] Pas de mappage pour: SERVICES_GENERAUX - Membres () - permission ignorée sur Drive ECHOLINE/06-Community/TEEO
[2026-07-06 11:12:21] [WARN] Impossible de résoudre 'grp_test' dans le tenant destination - permission ignorée
[2026-07-06 11:12:22] [SUCCESS] Permission appliquée: Equipe INFRA [write] -> Drive ECHOLINE/06-Community/TEEO
[2026-07-06 11:12:22] [INFO] Traitement: /Drive ECHOLINE/06-Community/TEEO/Archive/ (6 permission(s))
[2026-07-06 11:12:22] [INFO] === COPIE REELLE: Drive ECHOLINE/06-Community/TEEO/Archive ===
[2026-07-06 11:12:22] [SUCCESS] Dossier cree: Drive ECHOLINE/06-Community/TEEO/Archive
[2026-07-06 11:12:23] [WARN] Impossible de résoudre 'grp_test' dans le tenant destination - permission ignorée
[2026-07-06 11:12:23] [SUCCESS] Permission appliquée: User 01 [write] -> Drive ECHOLINE/06-Community/TEEO/Archive
[2026-07-06 11:12:23] [WARN] Pas de mappage pour: SERVICES_GENERAUX - Membres () - permission ignorée sur Drive ECHOLINE/06-Community/TEEO/Archive
[2026-07-06 11:12:23] [WARN] Pas de mappage pour: SERVICES_GENERAUX - Visiteurs () - permission ignorée sur Drive ECHOLINE/06-Community/TEEO/Archive
[2026-07-06 11:12:23] [WARN] Pas de mappage pour: Propriétaires de SERVICES_GENERAUX () - permission ignorée sur Drive ECHOLINE/06-Community/TEEO/Archive
[2026-07-06 11:12:23] [SUCCESS] Permission appliquée: Equipe INFRA [write] -> Drive ECHOLINE/06-Community/TEEO/Archive
[2026-07-06 11:12:23] [INFO] Traitement: /Drive ECHOLINE/06-Community/TEEO/Partenariat/ (6 permission(s))
[2026-07-06 11:12:23] [INFO] === COPIE REELLE: Drive ECHOLINE/06-Community/TEEO/Partenariat ===
[2026-07-06 11:12:24] [SUCCESS] Dossier cree: Drive ECHOLINE/06-Community/TEEO/Partenariat
[2026-07-06 11:12:24] [WARN] Pas de mappage pour: SERVICES_GENERAUX - Visiteurs () - permission ignorée sur Drive ECHOLINE/06-Community/TEEO/Partenariat
[2026-07-06 11:12:24] [WARN] Pas de mappage pour: Propriétaires de SERVICES_GENERAUX () - permission ignorée sur Drive ECHOLINE/06-Community/TEEO/Partenariat
[2026-07-06 11:12:24] [WARN] Pas de mappage pour: SERVICES_GENERAUX - Membres () - permission ignorée sur Drive ECHOLINE/06-Community/TEEO/Partenariat
[2026-07-06 11:12:24] [WARN] Impossible de résoudre 'grp_test' dans le tenant destination - permission ignorée
[2026-07-06 11:12:24] [SUCCESS] Permission appliquée: Equipe INFRA [write] -> Drive ECHOLINE/06-Community/TEEO/Partenariat
[2026-07-06 11:12:25] [SUCCESS] Permission appliquée: User 01 [write] -> Drive ECHOLINE/06-Community/TEEO/Partenariat
[2026-07-06 11:12:25] [INFO] Traitement: /Drive ECHOLINE/07-Tech/ (6 permission(s))
[2026-07-06 11:12:25] [INFO] === COPIE REELLE: Drive ECHOLINE/07-Tech ===
[2026-07-06 11:12:25] [SUCCESS] Dossier cree: Drive ECHOLINE/07-Tech
[2026-07-06 11:12:25] [SUCCESS] Permission appliquée: User 01 [write] -> Drive ECHOLINE/07-Tech
[2026-07-06 11:12:25] [WARN] Pas de mappage pour: SERVICES_GENERAUX - Membres () - permission ignorée sur Drive ECHOLINE/07-Tech
[2026-07-06 11:12:25] [WARN] Impossible de résoudre 'grp_test' dans le tenant destination - permission ignorée
[2026-07-06 11:12:25] [WARN] Pas de mappage pour: SERVICES_GENERAUX - Visiteurs () - permission ignorée sur Drive ECHOLINE/07-Tech
[2026-07-06 11:12:25] [WARN] Pas de mappage pour: Propriétaires de SERVICES_GENERAUX () - permission ignorée sur Drive ECHOLINE/07-Tech
[2026-07-06 11:12:26] [SUCCESS] Permission appliquée: Equipe INFRA [write] -> Drive ECHOLINE/07-Tech
[2026-07-06 11:12:26] [INFO] Traitement: /Drive ECHOLINE/07-Tech/A-Product management/ (6 permission(s))
[2026-07-06 11:12:26] [INFO] === COPIE REELLE: Drive ECHOLINE/07-Tech/A-Product management ===
[2026-07-06 11:12:26] [SUCCESS] Dossier cree: Drive ECHOLINE/07-Tech/A-Product management
[2026-07-06 11:12:26] [WARN] Pas de mappage pour: SERVICES_GENERAUX - Visiteurs () - permission ignorée sur Drive ECHOLINE/07-Tech/A-Product management
[2026-07-06 11:12:26] [WARN] Pas de mappage pour: Propriétaires de SERVICES_GENERAUX () - permission ignorée sur Drive ECHOLINE/07-Tech/A-Product management
[2026-07-06 11:12:26] [WARN] Impossible de résoudre 'grp_test' dans le tenant destination - permission ignorée
[2026-07-06 11:12:27] [SUCCESS] Permission appliquée: Equipe INFRA [write] -> Drive ECHOLINE/07-Tech/A-Product management
[2026-07-06 11:12:27] [SUCCESS] Permission appliquée: User 01 [write] -> Drive ECHOLINE/07-Tech/A-Product management
[2026-07-06 11:12:27] [WARN] Pas de mappage pour: SERVICES_GENERAUX - Membres () - permission ignorée sur Drive ECHOLINE/07-Tech/A-Product management
[2026-07-06 11:12:27] [INFO] Traitement: /Drive ECHOLINE/07-Tech/A-Product management/ZZ-Archives/ (6 permission(s))
[2026-07-06 11:12:27] [INFO] === COPIE REELLE: Drive ECHOLINE/07-Tech/A-Product management/ZZ-Archives ===
[2026-07-06 11:12:27] [SUCCESS] Dossier cree: Drive ECHOLINE/07-Tech/A-Product management/ZZ-Archives
[2026-07-06 11:12:28] [SUCCESS] Permission appliquée: User 01 [write] -> Drive ECHOLINE/07-Tech/A-Product management/ZZ-Archives
[2026-07-06 11:12:28] [WARN] Pas de mappage pour: SERVICES_GENERAUX - Membres () - permission ignorée sur Drive ECHOLINE/07-Tech/A-Product management/ZZ-Archives
[2026-07-06 11:12:28] [WARN] Pas de mappage pour: SERVICES_GENERAUX - Visiteurs () - permission ignorée sur Drive ECHOLINE/07-Tech/A-Product management/ZZ-Archives
[2026-07-06 11:12:28] [WARN] Pas de mappage pour: Propriétaires de SERVICES_GENERAUX () - permission ignorée sur Drive ECHOLINE/07-Tech/A-Product management/ZZ-Archives
[2026-07-06 11:12:28] [SUCCESS] Permission appliquée: Equipe INFRA [write] -> Drive ECHOLINE/07-Tech/A-Product management/ZZ-Archives
[2026-07-06 11:12:28] [WARN] Impossible de résoudre 'grp_test' dans le tenant destination - permission ignorée
[2026-07-06 11:12:28] [INFO] Traitement: /Drive ECHOLINE/07-Tech/B-Backup/ (6 permission(s))
[2026-07-06 11:12:28] [INFO] === COPIE REELLE: Drive ECHOLINE/07-Tech/B-Backup ===
[2026-07-06 11:12:29] [SUCCESS] Dossier cree: Drive ECHOLINE/07-Tech/B-Backup
[2026-07-06 11:12:29] [WARN] Impossible de résoudre 'grp_test' dans le tenant destination - permission ignorée
[2026-07-06 11:12:29] [WARN] Pas de mappage pour: Propriétaires de SERVICES_GENERAUX () - permission ignorée sur Drive ECHOLINE/07-Tech/B-Backup
[2026-07-06 11:12:29] [WARN] Pas de mappage pour: SERVICES_GENERAUX - Visiteurs () - permission ignorée sur Drive ECHOLINE/07-Tech/B-Backup
[2026-07-06 11:12:29] [WARN] Pas de mappage pour: SERVICES_GENERAUX - Membres () - permission ignorée sur Drive ECHOLINE/07-Tech/B-Backup
[2026-07-06 11:12:29] [SUCCESS] Permission appliquée: User 01 [write] -> Drive ECHOLINE/07-Tech/B-Backup
[2026-07-06 11:12:29] [SUCCESS] Permission appliquée: Equipe INFRA [write] -> Drive ECHOLINE/07-Tech/B-Backup
[2026-07-06 11:12:29] [INFO] Traitement: /Drive ECHOLINE/07-Tech/B-Backup/Alexandria/ (6 permission(s))
[2026-07-06 11:12:29] [INFO] === COPIE REELLE: Drive ECHOLINE/07-Tech/B-Backup/Alexandria ===
[2026-07-06 11:12:30] [SUCCESS] Dossier cree: Drive ECHOLINE/07-Tech/B-Backup/Alexandria
[2026-07-06 11:12:30] [SUCCESS] Permission appliquée: User 01 [write] -> Drive ECHOLINE/07-Tech/B-Backup/Alexandria
[2026-07-06 11:12:30] [WARN] Pas de mappage pour: Propriétaires de SERVICES_GENERAUX () - permission ignorée sur Drive ECHOLINE/07-Tech/B-Backup/Alexandria
[2026-07-06 11:12:30] [WARN] Pas de mappage pour: SERVICES_GENERAUX - Visiteurs () - permission ignorée sur Drive ECHOLINE/07-Tech/B-Backup/Alexandria
[2026-07-06 11:12:30] [WARN] Pas de mappage pour: SERVICES_GENERAUX - Membres () - permission ignorée sur Drive ECHOLINE/07-Tech/B-Backup/Alexandria
[2026-07-06 11:12:31] [SUCCESS] Permission appliquée: Equipe INFRA [write] -> Drive ECHOLINE/07-Tech/B-Backup/Alexandria
[2026-07-06 11:12:31] [WARN] Impossible de résoudre 'grp_test' dans le tenant destination - permission ignorée
[2026-07-06 11:12:31] [INFO] Traitement: /Drive ECHOLINE/07-Tech/B-Backup/Archives Gitlab/ (6 permission(s))
[2026-07-06 11:12:31] [INFO] === COPIE REELLE: Drive ECHOLINE/07-Tech/B-Backup/Archives Gitlab ===
[2026-07-06 11:12:31] [SUCCESS] Dossier cree: Drive ECHOLINE/07-Tech/B-Backup/Archives Gitlab
[2026-07-06 11:12:32] [WARN] Impossible de résoudre 'grp_test' dans le tenant destination - permission ignorée
[2026-07-06 11:12:32] [SUCCESS] Permission appliquée: Equipe INFRA [write] -> Drive ECHOLINE/07-Tech/B-Backup/Archives Gitlab
[2026-07-06 11:12:32] [SUCCESS] Permission appliquée: User 01 [write] -> Drive ECHOLINE/07-Tech/B-Backup/Archives Gitlab
[2026-07-06 11:12:32] [WARN] Pas de mappage pour: SERVICES_GENERAUX - Membres () - permission ignorée sur Drive ECHOLINE/07-Tech/B-Backup/Archives Gitlab
[2026-07-06 11:12:32] [WARN] Pas de mappage pour: SERVICES_GENERAUX - Visiteurs () - permission ignorée sur Drive ECHOLINE/07-Tech/B-Backup/Archives Gitlab
[2026-07-06 11:12:32] [WARN] Pas de mappage pour: Propriétaires de SERVICES_GENERAUX () - permission ignorée sur Drive ECHOLINE/07-Tech/B-Backup/Archives Gitlab
[2026-07-06 11:12:32] [INFO] Traitement: /Drive ECHOLINE/07-Tech/B-Backup/BDD/ (6 permission(s))
[2026-07-06 11:12:32] [INFO] === COPIE REELLE: Drive ECHOLINE/07-Tech/B-Backup/BDD ===
[2026-07-06 11:12:33] [SUCCESS] Dossier cree: Drive ECHOLINE/07-Tech/B-Backup/BDD
[2026-07-06 11:12:33] [WARN] Pas de mappage pour: SERVICES_GENERAUX - Membres () - permission ignorée sur Drive ECHOLINE/07-Tech/B-Backup/BDD
[2026-07-06 11:12:33] [WARN] Impossible de résoudre 'grp_test' dans le tenant destination - permission ignorée
[2026-07-06 11:12:33] [WARN] Pas de mappage pour: SERVICES_GENERAUX - Visiteurs () - permission ignorée sur Drive ECHOLINE/07-Tech/B-Backup/BDD
[2026-07-06 11:12:33] [WARN] Pas de mappage pour: Propriétaires de SERVICES_GENERAUX () - permission ignorée sur Drive ECHOLINE/07-Tech/B-Backup/BDD
[2026-07-06 11:12:33] [SUCCESS] Permission appliquée: User 01 [write] -> Drive ECHOLINE/07-Tech/B-Backup/BDD
[2026-07-06 11:12:33] [SUCCESS] Permission appliquée: Equipe INFRA [write] -> Drive ECHOLINE/07-Tech/B-Backup/BDD
[2026-07-06 11:12:33] [INFO] Traitement: /Drive ECHOLINE/07-Tech/B-Backup/Infra/ (6 permission(s))
[2026-07-06 11:12:33] [INFO] === COPIE REELLE: Drive ECHOLINE/07-Tech/B-Backup/Infra ===
[2026-07-06 11:12:34] [SUCCESS] Dossier cree: Drive ECHOLINE/07-Tech/B-Backup/Infra
[2026-07-06 11:12:34] [WARN] Impossible de résoudre 'grp_test' dans le tenant destination - permission ignorée
[2026-07-06 11:12:34] [WARN] Pas de mappage pour: Propriétaires de SERVICES_GENERAUX () - permission ignorée sur Drive ECHOLINE/07-Tech/B-Backup/Infra
[2026-07-06 11:12:34] [WARN] Pas de mappage pour: SERVICES_GENERAUX - Visiteurs () - permission ignorée sur Drive ECHOLINE/07-Tech/B-Backup/Infra
[2026-07-06 11:12:34] [WARN] Pas de mappage pour: SERVICES_GENERAUX - Membres () - permission ignorée sur Drive ECHOLINE/07-Tech/B-Backup/Infra
[2026-07-06 11:12:34] [SUCCESS] Permission appliquée: User 01 [write] -> Drive ECHOLINE/07-Tech/B-Backup/Infra
[2026-07-06 11:12:35] [SUCCESS] Permission appliquée: Equipe INFRA [write] -> Drive ECHOLINE/07-Tech/B-Backup/Infra
[2026-07-06 11:12:35] [INFO] Traitement: /Drive ECHOLINE/07-Tech/B-Backup/Maquettes/ (6 permission(s))
[2026-07-06 11:12:35] [INFO] === COPIE REELLE: Drive ECHOLINE/07-Tech/B-Backup/Maquettes ===
[2026-07-06 11:12:35] [SUCCESS] Dossier cree: Drive ECHOLINE/07-Tech/B-Backup/Maquettes
[2026-07-06 11:12:36] [WARN] Pas de mappage pour: Propriétaires de SERVICES_GENERAUX () - permission ignorée sur Drive ECHOLINE/07-Tech/B-Backup/Maquettes
[2026-07-06 11:12:36] [WARN] Pas de mappage pour: SERVICES_GENERAUX - Visiteurs () - permission ignorée sur Drive ECHOLINE/07-Tech/B-Backup/Maquettes
[2026-07-06 11:12:36] [WARN] Pas de mappage pour: SERVICES_GENERAUX - Membres () - permission ignorée sur Drive ECHOLINE/07-Tech/B-Backup/Maquettes
[2026-07-06 11:12:36] [SUCCESS] Permission appliquée: User 01 [write] -> Drive ECHOLINE/07-Tech/B-Backup/Maquettes
[2026-07-06 11:12:36] [SUCCESS] Permission appliquée: Equipe INFRA [write] -> Drive ECHOLINE/07-Tech/B-Backup/Maquettes
[2026-07-06 11:12:36] [WARN] Impossible de résoudre 'grp_test' dans le tenant destination - permission ignorée
[2026-07-06 11:12:36] [INFO] Traitement: /Drive ECHOLINE/07-Tech/B-Backup/Pentest Q4 2022/ (6 permission(s))
[2026-07-06 11:12:36] [INFO] === COPIE REELLE: Drive ECHOLINE/07-Tech/B-Backup/Pentest Q4 2022 ===
[2026-07-06 11:12:37] [SUCCESS] Dossier cree: Drive ECHOLINE/07-Tech/B-Backup/Pentest Q4 2022
[2026-07-06 11:12:37] [WARN] Pas de mappage pour: Propriétaires de SERVICES_GENERAUX () - permission ignorée sur Drive ECHOLINE/07-Tech/B-Backup/Pentest Q4 2022
[2026-07-06 11:12:37] [WARN] Impossible de résoudre 'grp_test' dans le tenant destination - permission ignorée
[2026-07-06 11:12:37] [SUCCESS] Permission appliquée: Equipe INFRA [write] -> Drive ECHOLINE/07-Tech/B-Backup/Pentest Q4 2022
[2026-07-06 11:12:37] [SUCCESS] Permission appliquée: User 01 [write] -> Drive ECHOLINE/07-Tech/B-Backup/Pentest Q4 2022
[2026-07-06 11:12:37] [WARN] Pas de mappage pour: SERVICES_GENERAUX - Membres () - permission ignorée sur Drive ECHOLINE/07-Tech/B-Backup/Pentest Q4 2022
[2026-07-06 11:12:37] [WARN] Pas de mappage pour: SERVICES_GENERAUX - Visiteurs () - permission ignorée sur Drive ECHOLINE/07-Tech/B-Backup/Pentest Q4 2022
[2026-07-06 11:12:37] [INFO] Traitement: /Drive ECHOLINE/07-Tech/B-Backup/QSE/ (6 permission(s))
[2026-07-06 11:12:37] [INFO] === COPIE REELLE: Drive ECHOLINE/07-Tech/B-Backup/QSE ===
[2026-07-06 11:12:38] [SUCCESS] Dossier cree: Drive ECHOLINE/07-Tech/B-Backup/QSE
[2026-07-06 11:12:38] [WARN] Pas de mappage pour: Propriétaires de SERVICES_GENERAUX () - permission ignorée sur Drive ECHOLINE/07-Tech/B-Backup/QSE
[2026-07-06 11:12:38] [WARN] Pas de mappage pour: SERVICES_GENERAUX - Membres () - permission ignorée sur Drive ECHOLINE/07-Tech/B-Backup/QSE
[2026-07-06 11:12:38] [SUCCESS] Permission appliquée: Equipe INFRA [write] -> Drive ECHOLINE/07-Tech/B-Backup/QSE
[2026-07-06 11:12:38] [WARN] Impossible de résoudre 'grp_test' dans le tenant destination - permission ignorée
[2026-07-06 11:12:38] [WARN] Pas de mappage pour: SERVICES_GENERAUX - Visiteurs () - permission ignorée sur Drive ECHOLINE/07-Tech/B-Backup/QSE
[2026-07-06 11:12:39] [SUCCESS] Permission appliquée: User 01 [write] -> Drive ECHOLINE/07-Tech/B-Backup/QSE
[2026-07-06 11:12:39] [INFO] Traitement: /Drive ECHOLINE/07-Tech/B-Backup/RFP/ (6 permission(s))
[2026-07-06 11:12:39] [INFO] === COPIE REELLE: Drive ECHOLINE/07-Tech/B-Backup/RFP ===
[2026-07-06 11:12:39] [SUCCESS] Dossier cree: Drive ECHOLINE/07-Tech/B-Backup/RFP
[2026-07-06 11:12:40] [WARN] Impossible de résoudre 'grp_test' dans le tenant destination - permission ignorée
[2026-07-06 11:12:40] [SUCCESS] Permission appliquée: Equipe INFRA [write] -> Drive ECHOLINE/07-Tech/B-Backup/RFP
[2026-07-06 11:12:40] [SUCCESS] Permission appliquée: User 01 [write] -> Drive ECHOLINE/07-Tech/B-Backup/RFP
[2026-07-06 11:12:40] [WARN] Pas de mappage pour: SERVICES_GENERAUX - Membres () - permission ignorée sur Drive ECHOLINE/07-Tech/B-Backup/RFP
[2026-07-06 11:12:40] [WARN] Pas de mappage pour: SERVICES_GENERAUX - Visiteurs () - permission ignorée sur Drive ECHOLINE/07-Tech/B-Backup/RFP
[2026-07-06 11:12:40] [WARN] Pas de mappage pour: Propriétaires de SERVICES_GENERAUX () - permission ignorée sur Drive ECHOLINE/07-Tech/B-Backup/RFP
[2026-07-06 11:12:40] [INFO] Traitement: /Drive ECHOLINE/07-Tech/C-Cybersécurité/ (6 permission(s))
[2026-07-06 11:12:40] [INFO] === COPIE REELLE: Drive ECHOLINE/07-Tech/C-Cybersécurité ===
[2026-07-06 11:12:41] [SUCCESS] Dossier cree: Drive ECHOLINE/07-Tech/C-Cybersécurité
[2026-07-06 11:12:41] [SUCCESS] Permission appliquée: Equipe INFRA [write] -> Drive ECHOLINE/07-Tech/C-Cybersécurité
[2026-07-06 11:12:41] [WARN] Pas de mappage pour: Propriétaires de SERVICES_GENERAUX () - permission ignorée sur Drive ECHOLINE/07-Tech/C-Cybersécurité
[2026-07-06 11:12:41] [WARN] Pas de mappage pour: SERVICES_GENERAUX - Visiteurs () - permission ignorée sur Drive ECHOLINE/07-Tech/C-Cybersécurité
[2026-07-06 11:12:41] [WARN] Pas de mappage pour: SERVICES_GENERAUX - Membres () - permission ignorée sur Drive ECHOLINE/07-Tech/C-Cybersécurité
[2026-07-06 11:12:41] [SUCCESS] Permission appliquée: User 01 [write] -> Drive ECHOLINE/07-Tech/C-Cybersécurité
[2026-07-06 11:12:41] [WARN] Impossible de résoudre 'grp_test' dans le tenant destination - permission ignorée
[2026-07-06 11:12:41] [INFO] Traitement: /Drive ECHOLINE/07-Tech/C-Cybersécurité/2022/ (6 permission(s))
[2026-07-06 11:12:41] [INFO] === COPIE REELLE: Drive ECHOLINE/07-Tech/C-Cybersécurité/2022 ===
[2026-07-06 11:12:42] [SUCCESS] Dossier cree: Drive ECHOLINE/07-Tech/C-Cybersécurité/2022
[2026-07-06 11:12:42] [WARN] Impossible de résoudre 'grp_test' dans le tenant destination - permission ignorée
[2026-07-06 11:12:42] [WARN] Pas de mappage pour: Propriétaires de SERVICES_GENERAUX () - permission ignorée sur Drive ECHOLINE/07-Tech/C-Cybersécurité/2022
[2026-07-06 11:12:43] [SUCCESS] Permission appliquée: Equipe INFRA [write] -> Drive ECHOLINE/07-Tech/C-Cybersécurité/2022
[2026-07-06 11:12:43] [WARN] Pas de mappage pour: SERVICES_GENERAUX - Visiteurs () - permission ignorée sur Drive ECHOLINE/07-Tech/C-Cybersécurité/2022
[2026-07-06 11:12:43] [WARN] Pas de mappage pour: SERVICES_GENERAUX - Membres () - permission ignorée sur Drive ECHOLINE/07-Tech/C-Cybersécurité/2022
[2026-07-06 11:12:43] [SUCCESS] Permission appliquée: User 01 [write] -> Drive ECHOLINE/07-Tech/C-Cybersécurité/2022
[2026-07-06 11:12:43] [INFO] Traitement: /Drive ECHOLINE/07-Tech/OpenAI/ (6 permission(s))
[2026-07-06 11:12:43] [INFO] === COPIE REELLE: Drive ECHOLINE/07-Tech/OpenAI ===
[2026-07-06 11:12:44] [SUCCESS] Dossier cree: Drive ECHOLINE/07-Tech/OpenAI
[2026-07-06 11:12:44] [WARN] Impossible de résoudre 'grp_test' dans le tenant destination - permission ignorée
[2026-07-06 11:12:44] [SUCCESS] Permission appliquée: Equipe INFRA [write] -> Drive ECHOLINE/07-Tech/OpenAI
[2026-07-06 11:12:44] [SUCCESS] Permission appliquée: User 01 [write] -> Drive ECHOLINE/07-Tech/OpenAI
[2026-07-06 11:12:44] [WARN] Pas de mappage pour: SERVICES_GENERAUX - Membres () - permission ignorée sur Drive ECHOLINE/07-Tech/OpenAI
[2026-07-06 11:12:44] [WARN] Pas de mappage pour: SERVICES_GENERAUX - Visiteurs () - permission ignorée sur Drive ECHOLINE/07-Tech/OpenAI
[2026-07-06 11:12:44] [WARN] Pas de mappage pour: Propriétaires de SERVICES_GENERAUX () - permission ignorée sur Drive ECHOLINE/07-Tech/OpenAI
[2026-07-06 11:12:44] [INFO] Traitement: /Drive ECHOLINE/07-Tech/ZZ-Archives/ (6 permission(s))
[2026-07-06 11:12:44] [INFO] === COPIE REELLE: Drive ECHOLINE/07-Tech/ZZ-Archives ===
[2026-07-06 11:12:45] [SUCCESS] Dossier cree: Drive ECHOLINE/07-Tech/ZZ-Archives
[2026-07-06 11:12:45] [SUCCESS] Permission appliquée: User 01 [write] -> Drive ECHOLINE/07-Tech/ZZ-Archives
[2026-07-06 11:12:45] [WARN] Pas de mappage pour: Propriétaires de SERVICES_GENERAUX () - permission ignorée sur Drive ECHOLINE/07-Tech/ZZ-Archives
[2026-07-06 11:12:45] [WARN] Pas de mappage pour: SERVICES_GENERAUX - Visiteurs () - permission ignorée sur Drive ECHOLINE/07-Tech/ZZ-Archives
[2026-07-06 11:12:45] [WARN] Pas de mappage pour: SERVICES_GENERAUX - Membres () - permission ignorée sur Drive ECHOLINE/07-Tech/ZZ-Archives
[2026-07-06 11:12:45] [SUCCESS] Permission appliquée: Equipe INFRA [write] -> Drive ECHOLINE/07-Tech/ZZ-Archives
[2026-07-06 11:12:45] [WARN] Impossible de résoudre 'grp_test' dans le tenant destination - permission ignorée
[2026-07-06 11:12:45] [INFO] Traitement: /Drive ECHOLINE/07-Tech/ZZ-Archives/Archives fonds LEGI - DILA/ (6 permission(s))
[2026-07-06 11:12:45] [INFO] === COPIE REELLE: Drive ECHOLINE/07-Tech/ZZ-Archives/Archives fonds LEGI - DILA ===
[2026-07-06 11:12:46] [SUCCESS] Dossier cree: Drive ECHOLINE/07-Tech/ZZ-Archives/Archives fonds LEGI - DILA
[2026-07-06 11:12:46] [WARN] Impossible de résoudre 'grp_test' dans le tenant destination - permission ignorée
[2026-07-06 11:12:46] [WARN] Pas de mappage pour: Propriétaires de SERVICES_GENERAUX () - permission ignorée sur Drive ECHOLINE/07-Tech/ZZ-Archives/Archives fonds LEGI - DILA
[2026-07-06 11:12:46] [WARN] Pas de mappage pour: SERVICES_GENERAUX - Visiteurs () - permission ignorée sur Drive ECHOLINE/07-Tech/ZZ-Archives/Archives fonds LEGI - DILA
[2026-07-06 11:12:46] [WARN] Pas de mappage pour: SERVICES_GENERAUX - Membres () - permission ignorée sur Drive ECHOLINE/07-Tech/ZZ-Archives/Archives fonds LEGI - DILA
[2026-07-06 11:12:46] [SUCCESS] Permission appliquée: Equipe INFRA [write] -> Drive ECHOLINE/07-Tech/ZZ-Archives/Archives fonds LEGI - DILA
[2026-07-06 11:12:47] [SUCCESS] Permission appliquée: User 01 [write] -> Drive ECHOLINE/07-Tech/ZZ-Archives/Archives fonds LEGI - DILA
[2026-07-06 11:12:47] [INFO] Traitement: /Drive ECHOLINE/08-Design/ (6 permission(s))
[2026-07-06 11:12:47] [INFO] === COPIE REELLE: Drive ECHOLINE/08-Design ===
[2026-07-06 11:12:47] [SUCCESS] Dossier cree: Drive ECHOLINE/08-Design
[2026-07-06 11:12:47] [WARN] Impossible de résoudre 'grp_test' dans le tenant destination - permission ignorée
[2026-07-06 11:12:48] [SUCCESS] Permission appliquée: Equipe INFRA [write] -> Drive ECHOLINE/08-Design
[2026-07-06 11:12:48] [SUCCESS] Permission appliquée: User 01 [write] -> Drive ECHOLINE/08-Design
[2026-07-06 11:12:48] [WARN] Pas de mappage pour: SERVICES_GENERAUX - Membres () - permission ignorée sur Drive ECHOLINE/08-Design
[2026-07-06 11:12:48] [WARN] Pas de mappage pour: SERVICES_GENERAUX - Visiteurs () - permission ignorée sur Drive ECHOLINE/08-Design
[2026-07-06 11:12:48] [WARN] Pas de mappage pour: Propriétaires de SERVICES_GENERAUX () - permission ignorée sur Drive ECHOLINE/08-Design
[2026-07-06 11:12:48] [INFO] Traitement: /Drive ECHOLINE/08-Design/App ECHOLINE/ (6 permission(s))
[2026-07-06 11:12:48] [INFO] === COPIE REELLE: Drive ECHOLINE/08-Design/App ECHOLINE ===
[2026-07-06 11:12:48] [SUCCESS] Dossier cree: Drive ECHOLINE/08-Design/App ECHOLINE
[2026-07-06 11:12:49] [SUCCESS] Permission appliquée: Equipe INFRA [write] -> Drive ECHOLINE/08-Design/App ECHOLINE
[2026-07-06 11:12:49] [SUCCESS] Permission appliquée: User 01 [write] -> Drive ECHOLINE/08-Design/App ECHOLINE
[2026-07-06 11:12:49] [WARN] Pas de mappage pour: SERVICES_GENERAUX - Membres () - permission ignorée sur Drive ECHOLINE/08-Design/App ECHOLINE
[2026-07-06 11:12:49] [WARN] Pas de mappage pour: Propriétaires de SERVICES_GENERAUX () - permission ignorée sur Drive ECHOLINE/08-Design/App ECHOLINE
[2026-07-06 11:12:49] [WARN] Pas de mappage pour: SERVICES_GENERAUX - Visiteurs () - permission ignorée sur Drive ECHOLINE/08-Design/App ECHOLINE
[2026-07-06 11:12:49] [WARN] Impossible de résoudre 'grp_test' dans le tenant destination - permission ignorée
[2026-07-06 11:12:49] [INFO] Traitement: /Drive ECHOLINE/08-Design/ZZ-Archives/ (6 permission(s))
[2026-07-06 11:12:49] [INFO] === COPIE REELLE: Drive ECHOLINE/08-Design/ZZ-Archives ===
[2026-07-06 11:12:50] [SUCCESS] Dossier cree: Drive ECHOLINE/08-Design/ZZ-Archives
[2026-07-06 11:12:50] [SUCCESS] Permission appliquée: Equipe INFRA [write] -> Drive ECHOLINE/08-Design/ZZ-Archives
[2026-07-06 11:12:50] [SUCCESS] Permission appliquée: User 01 [write] -> Drive ECHOLINE/08-Design/ZZ-Archives
[2026-07-06 11:12:50] [WARN] Pas de mappage pour: SERVICES_GENERAUX - Membres () - permission ignorée sur Drive ECHOLINE/08-Design/ZZ-Archives
[2026-07-06 11:12:50] [WARN] Pas de mappage pour: SERVICES_GENERAUX - Visiteurs () - permission ignorée sur Drive ECHOLINE/08-Design/ZZ-Archives
[2026-07-06 11:12:50] [WARN] Pas de mappage pour: Propriétaires de SERVICES_GENERAUX () - permission ignorée sur Drive ECHOLINE/08-Design/ZZ-Archives
[2026-07-06 11:12:50] [WARN] Impossible de résoudre 'grp_test' dans le tenant destination - permission ignorée
[2026-07-06 11:12:50] [INFO] Traitement: /Drive ECHOLINE/09-QSE/ (6 permission(s))
[2026-07-06 11:12:50] [INFO] === COPIE REELLE: Drive ECHOLINE/09-QSE ===
[2026-07-06 11:12:51] [SUCCESS] Dossier cree: Drive ECHOLINE/09-QSE
[2026-07-06 11:12:51] [SUCCESS] Permission appliquée: User 01 [write] -> Drive ECHOLINE/09-QSE
[2026-07-06 11:12:51] [WARN] Pas de mappage pour: SERVICES_GENERAUX - Membres () - permission ignorée sur Drive ECHOLINE/09-QSE
[2026-07-06 11:12:51] [WARN] Pas de mappage pour: SERVICES_GENERAUX - Visiteurs () - permission ignorée sur Drive ECHOLINE/09-QSE
[2026-07-06 11:12:51] [WARN] Pas de mappage pour: Propriétaires de SERVICES_GENERAUX () - permission ignorée sur Drive ECHOLINE/09-QSE
[2026-07-06 11:12:51] [WARN] Impossible de résoudre 'grp_test' dans le tenant destination - permission ignorée
[2026-07-06 11:12:52] [SUCCESS] Permission appliquée: Equipe INFRA [write] -> Drive ECHOLINE/09-QSE
[2026-07-06 11:12:52] [INFO] Traitement: /Drive ECHOLINE/09-QSE/A-Analyse environnementale/ (6 permission(s))
[2026-07-06 11:12:52] [INFO] === COPIE REELLE: Drive ECHOLINE/09-QSE/A-Analyse environnementale ===
[2026-07-06 11:12:52] [SUCCESS] Dossier cree: Drive ECHOLINE/09-QSE/A-Analyse environnementale
[2026-07-06 11:12:52] [WARN] Impossible de résoudre 'grp_test' dans le tenant destination - permission ignorée
[2026-07-06 11:12:53] [SUCCESS] Permission appliquée: Equipe INFRA [write] -> Drive ECHOLINE/09-QSE/A-Analyse environnementale
[2026-07-06 11:12:53] [SUCCESS] Permission appliquée: User 01 [write] -> Drive ECHOLINE/09-QSE/A-Analyse environnementale
[2026-07-06 11:12:53] [WARN] Pas de mappage pour: SERVICES_GENERAUX - Membres () - permission ignorée sur Drive ECHOLINE/09-QSE/A-Analyse environnementale
[2026-07-06 11:12:53] [WARN] Pas de mappage pour: SERVICES_GENERAUX - Visiteurs () - permission ignorée sur Drive ECHOLINE/09-QSE/A-Analyse environnementale
[2026-07-06 11:12:53] [WARN] Pas de mappage pour: Propriétaires de SERVICES_GENERAUX () - permission ignorée sur Drive ECHOLINE/09-QSE/A-Analyse environnementale
[2026-07-06 11:12:53] [INFO] Traitement: /Drive ECHOLINE/09-QSE/B-Bilan carbone/ (6 permission(s))
[2026-07-06 11:12:53] [INFO] === COPIE REELLE: Drive ECHOLINE/09-QSE/B-Bilan carbone ===
[2026-07-06 11:12:54] [SUCCESS] Dossier cree: Drive ECHOLINE/09-QSE/B-Bilan carbone
[2026-07-06 11:12:54] [WARN] Pas de mappage pour: SERVICES_GENERAUX - Membres () - permission ignorée sur Drive ECHOLINE/09-QSE/B-Bilan carbone
[2026-07-06 11:12:54] [WARN] Pas de mappage pour: Propriétaires de SERVICES_GENERAUX () - permission ignorée sur Drive ECHOLINE/09-QSE/B-Bilan carbone
[2026-07-06 11:12:54] [SUCCESS] Permission appliquée: Equipe INFRA [write] -> Drive ECHOLINE/09-QSE/B-Bilan carbone
[2026-07-06 11:12:54] [WARN] Impossible de résoudre 'grp_test' dans le tenant destination - permission ignorée
[2026-07-06 11:12:54] [WARN] Pas de mappage pour: SERVICES_GENERAUX - Visiteurs () - permission ignorée sur Drive ECHOLINE/09-QSE/B-Bilan carbone
[2026-07-06 11:12:54] [SUCCESS] Permission appliquée: User 01 [write] -> Drive ECHOLINE/09-QSE/B-Bilan carbone
[2026-07-06 11:12:54] [INFO] Traitement: /Drive ECHOLINE/09-QSE/C-Document unique/ (6 permission(s))
[2026-07-06 11:12:54] [INFO] === COPIE REELLE: Drive ECHOLINE/09-QSE/C-Document unique ===
[2026-07-06 11:12:55] [SUCCESS] Dossier cree: Drive ECHOLINE/09-QSE/C-Document unique
[2026-07-06 11:12:55] [WARN] Pas de mappage pour: Propriétaires de SERVICES_GENERAUX () - permission ignorée sur Drive ECHOLINE/09-QSE/C-Document unique
[2026-07-06 11:12:55] [WARN] Pas de mappage pour: SERVICES_GENERAUX - Visiteurs () - permission ignorée sur Drive ECHOLINE/09-QSE/C-Document unique
[2026-07-06 11:12:55] [WARN] Pas de mappage pour: SERVICES_GENERAUX - Membres () - permission ignorée sur Drive ECHOLINE/09-QSE/C-Document unique
[2026-07-06 11:12:55] [SUCCESS] Permission appliquée: User 01 [write] -> Drive ECHOLINE/09-QSE/C-Document unique
[2026-07-06 11:12:56] [SUCCESS] Permission appliquée: Equipe INFRA [write] -> Drive ECHOLINE/09-QSE/C-Document unique
[2026-07-06 11:12:56] [WARN] Impossible de résoudre 'grp_test' dans le tenant destination - permission ignorée
[2026-07-06 11:12:56] [INFO] Traitement: /Drive ECHOLINE/09-QSE/ZZ-Archives/ (6 permission(s))
[2026-07-06 11:12:56] [INFO] === COPIE REELLE: Drive ECHOLINE/09-QSE/ZZ-Archives ===
[2026-07-06 11:12:56] [SUCCESS] Dossier cree: Drive ECHOLINE/09-QSE/ZZ-Archives
[2026-07-06 11:12:56] [WARN] Impossible de résoudre 'grp_test' dans le tenant destination - permission ignorée
[2026-07-06 11:12:56] [WARN] Pas de mappage pour: SERVICES_GENERAUX - Visiteurs () - permission ignorée sur Drive ECHOLINE/09-QSE/ZZ-Archives
[2026-07-06 11:12:57] [SUCCESS] Permission appliquée: Equipe INFRA [write] -> Drive ECHOLINE/09-QSE/ZZ-Archives
[2026-07-06 11:12:57] [WARN] Pas de mappage pour: SERVICES_GENERAUX - Membres () - permission ignorée sur Drive ECHOLINE/09-QSE/ZZ-Archives
[2026-07-06 11:12:57] [SUCCESS] Permission appliquée: User 01 [write] -> Drive ECHOLINE/09-QSE/ZZ-Archives
[2026-07-06 11:12:57] [WARN] Pas de mappage pour: Propriétaires de SERVICES_GENERAUX () - permission ignorée sur Drive ECHOLINE/09-QSE/ZZ-Archives
[2026-07-06 11:12:57] [INFO] Traitement: /Drive ECHOLINE/10-Pilotage/ (6 permission(s))
[2026-07-06 11:12:57] [INFO] === COPIE REELLE: Drive ECHOLINE/10-Pilotage ===
[2026-07-06 11:12:57] [SUCCESS] Dossier cree: Drive ECHOLINE/10-Pilotage
[2026-07-06 11:12:57] [WARN] Impossible de résoudre 'grp_test' dans le tenant destination - permission ignorée
[2026-07-06 11:12:58] [SUCCESS] Permission appliquée: Equipe INFRA [write] -> Drive ECHOLINE/10-Pilotage
[2026-07-06 11:12:58] [SUCCESS] Permission appliquée: User 01 [write] -> Drive ECHOLINE/10-Pilotage
[2026-07-06 11:12:58] [WARN] Pas de mappage pour: SERVICES_GENERAUX - Membres () - permission ignorée sur Drive ECHOLINE/10-Pilotage
[2026-07-06 11:12:58] [WARN] Pas de mappage pour: SERVICES_GENERAUX - Visiteurs () - permission ignorée sur Drive ECHOLINE/10-Pilotage
[2026-07-06 11:12:58] [WARN] Pas de mappage pour: Propriétaires de SERVICES_GENERAUX () - permission ignorée sur Drive ECHOLINE/10-Pilotage
[2026-07-06 11:12:58] [INFO] Traitement: /Drive ECHOLINE/10-Pilotage/ZZ-Archives/ (6 permission(s))
[2026-07-06 11:12:58] [INFO] === COPIE REELLE: Drive ECHOLINE/10-Pilotage/ZZ-Archives ===
[2026-07-06 11:12:59] [SUCCESS] Dossier cree: Drive ECHOLINE/10-Pilotage/ZZ-Archives
[2026-07-06 11:12:59] [WARN] Pas de mappage pour: SERVICES_GENERAUX - Visiteurs () - permission ignorée sur Drive ECHOLINE/10-Pilotage/ZZ-Archives
[2026-07-06 11:12:59] [WARN] Pas de mappage pour: Propriétaires de SERVICES_GENERAUX () - permission ignorée sur Drive ECHOLINE/10-Pilotage/ZZ-Archives
[2026-07-06 11:12:59] [WARN] Pas de mappage pour: SERVICES_GENERAUX - Membres () - permission ignorée sur Drive ECHOLINE/10-Pilotage/ZZ-Archives
[2026-07-06 11:12:59] [SUCCESS] Permission appliquée: User 01 [write] -> Drive ECHOLINE/10-Pilotage/ZZ-Archives
[2026-07-06 11:12:59] [SUCCESS] Permission appliquée: Equipe INFRA [write] -> Drive ECHOLINE/10-Pilotage/ZZ-Archives
[2026-07-06 11:12:59] [WARN] Impossible de résoudre 'grp_test' dans le tenant destination - permission ignorée
[2026-07-06 11:12:59] [INFO] Traitement: /Drive ECHOLINE/11-Admin/ (6 permission(s))
[2026-07-06 11:12:59] [INFO] === COPIE REELLE: Drive ECHOLINE/11-Admin ===
[2026-07-06 11:13:00] [SUCCESS] Dossier cree: Drive ECHOLINE/11-Admin
[2026-07-06 11:13:00] [WARN] Impossible de résoudre 'grp_test' dans le tenant destination - permission ignorée
[2026-07-06 11:13:00] [WARN] Pas de mappage pour: SERVICES_GENERAUX - Visiteurs () - permission ignorée sur Drive ECHOLINE/11-Admin
[2026-07-06 11:13:00] [WARN] Pas de mappage pour: SERVICES_GENERAUX - Membres () - permission ignorée sur Drive ECHOLINE/11-Admin
[2026-07-06 11:13:00] [SUCCESS] Permission appliquée: User 01 [write] -> Drive ECHOLINE/11-Admin
[2026-07-06 11:13:00] [SUCCESS] Permission appliquée: Equipe INFRA [write] -> Drive ECHOLINE/11-Admin
[2026-07-06 11:13:00] [WARN] Pas de mappage pour: Propriétaires de SERVICES_GENERAUX () - permission ignorée sur Drive ECHOLINE/11-Admin
[2026-07-06 11:13:00] [INFO] Traitement: /Drive ECHOLINE/11-Admin/Assurance/ (6 permission(s))
[2026-07-06 11:13:00] [INFO] === COPIE REELLE: Drive ECHOLINE/11-Admin/Assurance ===
[2026-07-06 11:13:01] [SUCCESS] Dossier cree: Drive ECHOLINE/11-Admin/Assurance
[2026-07-06 11:13:01] [WARN] Pas de mappage pour: Propriétaires de SERVICES_GENERAUX () - permission ignorée sur Drive ECHOLINE/11-Admin/Assurance
[2026-07-06 11:13:01] [WARN] Impossible de résoudre 'grp_test' dans le tenant destination - permission ignorée
[2026-07-06 11:13:01] [SUCCESS] Permission appliquée: Equipe INFRA [write] -> Drive ECHOLINE/11-Admin/Assurance
[2026-07-06 11:13:02] [SUCCESS] Permission appliquée: User 01 [write] -> Drive ECHOLINE/11-Admin/Assurance
[2026-07-06 11:13:02] [WARN] Pas de mappage pour: SERVICES_GENERAUX - Membres () - permission ignorée sur Drive ECHOLINE/11-Admin/Assurance
[2026-07-06 11:13:02] [WARN] Pas de mappage pour: SERVICES_GENERAUX - Visiteurs () - permission ignorée sur Drive ECHOLINE/11-Admin/Assurance
[2026-07-06 11:13:02] [INFO] Traitement: /Drive ECHOLINE/11-Admin/Banque/ (6 permission(s))
[2026-07-06 11:13:02] [INFO] === COPIE REELLE: Drive ECHOLINE/11-Admin/Banque ===
[2026-07-06 11:13:02] [SUCCESS] Dossier cree: Drive ECHOLINE/11-Admin/Banque
[2026-07-06 11:13:03] [WARN] Pas de mappage pour: Propriétaires de SERVICES_GENERAUX () - permission ignorée sur Drive ECHOLINE/11-Admin/Banque
[2026-07-06 11:13:03] [WARN] Pas de mappage pour: SERVICES_GENERAUX - Membres () - permission ignorée sur Drive ECHOLINE/11-Admin/Banque
[2026-07-06 11:13:03] [SUCCESS] Permission appliquée: Equipe INFRA [write] -> Drive ECHOLINE/11-Admin/Banque
[2026-07-06 11:13:03] [WARN] Impossible de résoudre 'grp_test' dans le tenant destination - permission ignorée
[2026-07-06 11:13:03] [WARN] Pas de mappage pour: SERVICES_GENERAUX - Visiteurs () - permission ignorée sur Drive ECHOLINE/11-Admin/Banque
[2026-07-06 11:13:03] [SUCCESS] Permission appliquée: User 01 [write] -> Drive ECHOLINE/11-Admin/Banque
[2026-07-06 11:13:03] [INFO] Traitement: /Drive ECHOLINE/11-Admin/Comptabilité/ (6 permission(s))
[2026-07-06 11:13:03] [INFO] === COPIE REELLE: Drive ECHOLINE/11-Admin/Comptabilité ===
[2026-07-06 11:13:04] [SUCCESS] Dossier cree: Drive ECHOLINE/11-Admin/Comptabilité
[2026-07-06 11:13:04] [DEBUG] [404] Item pas encore disponible, retry 1/3 dans 2s: Drive ECHOLINE/11-Admin/Comptabilité
[2026-07-06 11:13:06] [DEBUG] [404] Item pas encore disponible, retry 2/3 dans 2s: Drive ECHOLINE/11-Admin/Comptabilité
[2026-07-06 11:13:08] [DEBUG] [404] Item pas encore disponible, retry 3/3 dans 2s: Drive ECHOLINE/11-Admin/Comptabilité
[2026-07-06 11:13:10] [WARN] Impossible de récupérer l'item destination pour les droits: Drive ECHOLINE/11-Admin/Comptabilité - Le serveur distant a retourné une erreur : (404) Introuvable.
[2026-07-06 11:13:10] [INFO] Traitement: /Drive ECHOLINE/11-Admin/Domiciliation/ (6 permission(s))
[2026-07-06 11:13:10] [INFO] === COPIE REELLE: Drive ECHOLINE/11-Admin/Domiciliation ===
[2026-07-06 11:13:11] [SUCCESS] Dossier cree: Drive ECHOLINE/11-Admin/Domiciliation
[2026-07-06 11:13:11] [SUCCESS] Permission appliquée: Equipe INFRA [write] -> Drive ECHOLINE/11-Admin/Domiciliation
[2026-07-06 11:13:11] [WARN] Pas de mappage pour: Propriétaires de SERVICES_GENERAUX () - permission ignorée sur Drive ECHOLINE/11-Admin/Domiciliation
[2026-07-06 11:13:11] [WARN] Pas de mappage pour: SERVICES_GENERAUX - Visiteurs () - permission ignorée sur Drive ECHOLINE/11-Admin/Domiciliation
[2026-07-06 11:13:11] [WARN] Pas de mappage pour: SERVICES_GENERAUX - Membres () - permission ignorée sur Drive ECHOLINE/11-Admin/Domiciliation
[2026-07-06 11:13:12] [SUCCESS] Permission appliquée: User 01 [write] -> Drive ECHOLINE/11-Admin/Domiciliation
[2026-07-06 11:13:12] [WARN] Impossible de résoudre 'grp_test' dans le tenant destination - permission ignorée
[2026-07-06 11:13:12] [INFO] Traitement: /Drive ECHOLINE/11-Admin/Kbis et statuts/ (6 permission(s))
[2026-07-06 11:13:12] [INFO] === COPIE REELLE: Drive ECHOLINE/11-Admin/Kbis et statuts ===
[2026-07-06 11:13:12] [SUCCESS] Dossier cree: Drive ECHOLINE/11-Admin/Kbis et statuts
[2026-07-06 11:13:12] [WARN] Impossible de résoudre 'grp_test' dans le tenant destination - permission ignorée
[2026-07-06 11:13:12] [WARN] Pas de mappage pour: Propriétaires de SERVICES_GENERAUX () - permission ignorée sur Drive ECHOLINE/11-Admin/Kbis et statuts
[2026-07-06 11:13:13] [SUCCESS] Permission appliquée: Equipe INFRA [write] -> Drive ECHOLINE/11-Admin/Kbis et statuts
[2026-07-06 11:13:13] [WARN] Pas de mappage pour: SERVICES_GENERAUX - Visiteurs () - permission ignorée sur Drive ECHOLINE/11-Admin/Kbis et statuts
[2026-07-06 11:13:13] [WARN] Pas de mappage pour: SERVICES_GENERAUX - Membres () - permission ignorée sur Drive ECHOLINE/11-Admin/Kbis et statuts
[2026-07-06 11:13:13] [SUCCESS] Permission appliquée: User 01 [write] -> Drive ECHOLINE/11-Admin/Kbis et statuts
[2026-07-06 11:13:13] [INFO] Traitement: /Drive ECHOLINE/11-Admin/Marque/ (6 permission(s))
[2026-07-06 11:13:13] [INFO] === COPIE REELLE: Drive ECHOLINE/11-Admin/Marque ===
[2026-07-06 11:13:13] [SUCCESS] Dossier cree: Drive ECHOLINE/11-Admin/Marque
[2026-07-06 11:13:14] [WARN] Impossible de résoudre 'grp_test' dans le tenant destination - permission ignorée
[2026-07-06 11:13:14] [SUCCESS] Permission appliquée: Equipe INFRA [write] -> Drive ECHOLINE/11-Admin/Marque
[2026-07-06 11:13:14] [SUCCESS] Permission appliquée: User 01 [write] -> Drive ECHOLINE/11-Admin/Marque
[2026-07-06 11:13:14] [WARN] Pas de mappage pour: SERVICES_GENERAUX - Membres () - permission ignorée sur Drive ECHOLINE/11-Admin/Marque
[2026-07-06 11:13:14] [WARN] Pas de mappage pour: SERVICES_GENERAUX - Visiteurs () - permission ignorée sur Drive ECHOLINE/11-Admin/Marque
[2026-07-06 11:13:14] [WARN] Pas de mappage pour: Propriétaires de SERVICES_GENERAUX () - permission ignorée sur Drive ECHOLINE/11-Admin/Marque
[2026-07-06 11:13:14] [INFO] Traitement: /Drive ECHOLINE/11-Admin/RGPD/ (6 permission(s))
[2026-07-06 11:13:14] [INFO] === COPIE REELLE: Drive ECHOLINE/11-Admin/RGPD ===
[2026-07-06 11:13:15] [SUCCESS] Dossier cree: Drive ECHOLINE/11-Admin/RGPD
[2026-07-06 11:13:15] [WARN] Pas de mappage pour: SERVICES_GENERAUX - Visiteurs () - permission ignorée sur Drive ECHOLINE/11-Admin/RGPD
[2026-07-06 11:13:15] [WARN] Pas de mappage pour: Propriétaires de SERVICES_GENERAUX () - permission ignorée sur Drive ECHOLINE/11-Admin/RGPD
[2026-07-06 11:13:15] [WARN] Pas de mappage pour: SERVICES_GENERAUX - Membres () - permission ignorée sur Drive ECHOLINE/11-Admin/RGPD
[2026-07-06 11:13:15] [SUCCESS] Permission appliquée: User 01 [write] -> Drive ECHOLINE/11-Admin/RGPD
[2026-07-06 11:13:15] [SUCCESS] Permission appliquée: Equipe INFRA [write] -> Drive ECHOLINE/11-Admin/RGPD
[2026-07-06 11:13:15] [WARN] Impossible de résoudre 'grp_test' dans le tenant destination - permission ignorée
[2026-07-06 11:13:15] [INFO] Traitement: /Drive ECHOLINE/11-Admin/Taxe d_apprentissage/ (6 permission(s))
[2026-07-06 11:13:15] [INFO] === COPIE REELLE: Drive ECHOLINE/11-Admin/Taxe d_apprentissage ===
[2026-07-06 11:13:16] [SUCCESS] Dossier cree: Drive ECHOLINE/11-Admin/Taxe d_apprentissage
[2026-07-06 11:13:16] [WARN] Impossible de résoudre 'grp_test' dans le tenant destination - permission ignorée
[2026-07-06 11:13:16] [WARN] Pas de mappage pour: SERVICES_GENERAUX - Visiteurs () - permission ignorée sur Drive ECHOLINE/11-Admin/Taxe d_apprentissage
[2026-07-06 11:13:16] [WARN] Pas de mappage pour: SERVICES_GENERAUX - Membres () - permission ignorée sur Drive ECHOLINE/11-Admin/Taxe d_apprentissage
[2026-07-06 11:13:16] [SUCCESS] Permission appliquée: User 01 [write] -> Drive ECHOLINE/11-Admin/Taxe d_apprentissage
[2026-07-06 11:13:16] [SUCCESS] Permission appliquée: Equipe INFRA [write] -> Drive ECHOLINE/11-Admin/Taxe d_apprentissage
[2026-07-06 11:13:16] [WARN] Pas de mappage pour: Propriétaires de SERVICES_GENERAUX () - permission ignorée sur Drive ECHOLINE/11-Admin/Taxe d_apprentissage
[2026-07-06 11:13:16] [INFO] Traitement: /Drive ECHOLINE/12-HR/ (6 permission(s))
[2026-07-06 11:13:16] [INFO] === COPIE REELLE: Drive ECHOLINE/12-HR ===
[2026-07-06 11:13:17] [SUCCESS] Dossier cree: Drive ECHOLINE/12-HR
[2026-07-06 11:13:17] [WARN] Impossible de résoudre 'grp_test' dans le tenant destination - permission ignorée
[2026-07-06 11:13:17] [SUCCESS] Permission appliquée: Equipe INFRA [write] -> Drive ECHOLINE/12-HR
[2026-07-06 11:13:17] [SUCCESS] Permission appliquée: User 01 [write] -> Drive ECHOLINE/12-HR
[2026-07-06 11:13:17] [WARN] Pas de mappage pour: SERVICES_GENERAUX - Membres () - permission ignorée sur Drive ECHOLINE/12-HR
[2026-07-06 11:13:17] [WARN] Pas de mappage pour: SERVICES_GENERAUX - Visiteurs () - permission ignorée sur Drive ECHOLINE/12-HR
[2026-07-06 11:13:17] [WARN] Pas de mappage pour: Propriétaires de SERVICES_GENERAUX () - permission ignorée sur Drive ECHOLINE/12-HR
[2026-07-06 11:13:17] [INFO] Traitement: /Drive ECHOLINE/12-HR/Cabinet de paie/ (6 permission(s))
[2026-07-06 11:13:17] [INFO] === COPIE REELLE: Drive ECHOLINE/12-HR/Cabinet de paie ===
[2026-07-06 11:13:18] [SUCCESS] Dossier cree: Drive ECHOLINE/12-HR/Cabinet de paie
[2026-07-06 11:13:18] [SUCCESS] Permission appliquée: Equipe INFRA [write] -> Drive ECHOLINE/12-HR/Cabinet de paie
[2026-07-06 11:13:18] [SUCCESS] Permission appliquée: User 01 [write] -> Drive ECHOLINE/12-HR/Cabinet de paie
[2026-07-06 11:13:18] [WARN] Pas de mappage pour: SERVICES_GENERAUX - Membres () - permission ignorée sur Drive ECHOLINE/12-HR/Cabinet de paie
[2026-07-06 11:13:18] [WARN] Pas de mappage pour: Propriétaires de SERVICES_GENERAUX () - permission ignorée sur Drive ECHOLINE/12-HR/Cabinet de paie
[2026-07-06 11:13:18] [WARN] Pas de mappage pour: SERVICES_GENERAUX - Visiteurs () - permission ignorée sur Drive ECHOLINE/12-HR/Cabinet de paie
[2026-07-06 11:13:18] [WARN] Impossible de résoudre 'grp_test' dans le tenant destination - permission ignorée
[2026-07-06 11:13:18] [INFO] Traitement: /Drive ECHOLINE/12-HR/Cabinets de recrutement/ (6 permission(s))
[2026-07-06 11:13:18] [INFO] === COPIE REELLE: Drive ECHOLINE/12-HR/Cabinets de recrutement ===
[2026-07-06 11:13:19] [SUCCESS] Dossier cree: Drive ECHOLINE/12-HR/Cabinets de recrutement
[2026-07-06 11:13:19] [SUCCESS] Permission appliquée: Equipe INFRA [write] -> Drive ECHOLINE/12-HR/Cabinets de recrutement
[2026-07-06 11:13:20] [SUCCESS] Permission appliquée: User 01 [write] -> Drive ECHOLINE/12-HR/Cabinets de recrutement
[2026-07-06 11:13:20] [WARN] Pas de mappage pour: SERVICES_GENERAUX - Membres () - permission ignorée sur Drive ECHOLINE/12-HR/Cabinets de recrutement
[2026-07-06 11:13:20] [WARN] Pas de mappage pour: SERVICES_GENERAUX - Visiteurs () - permission ignorée sur Drive ECHOLINE/12-HR/Cabinets de recrutement
[2026-07-06 11:13:20] [WARN] Pas de mappage pour: Propriétaires de SERVICES_GENERAUX () - permission ignorée sur Drive ECHOLINE/12-HR/Cabinets de recrutement
[2026-07-06 11:13:20] [WARN] Impossible de résoudre 'grp_test' dans le tenant destination - permission ignorée
[2026-07-06 11:13:20] [INFO] Traitement: /Drive ECHOLINE/12-HR/États mensuels/ (6 permission(s))
[2026-07-06 11:13:20] [INFO] === COPIE REELLE: Drive ECHOLINE/12-HR/États mensuels ===
[2026-07-06 11:13:21] [SUCCESS] Dossier cree: Drive ECHOLINE/12-HR/États mensuels
[2026-07-06 11:13:21] [DEBUG] [404] Item pas encore disponible, retry 1/3 dans 2s: Drive ECHOLINE/12-HR/États mensuels
[2026-07-06 11:13:23] [DEBUG] [404] Item pas encore disponible, retry 2/3 dans 2s: Drive ECHOLINE/12-HR/États mensuels
[2026-07-06 11:13:25] [DEBUG] [404] Item pas encore disponible, retry 3/3 dans 2s: Drive ECHOLINE/12-HR/États mensuels
[2026-07-06 11:13:27] [WARN] Impossible de récupérer l'item destination pour les droits: Drive ECHOLINE/12-HR/États mensuels - Le serveur distant a retourné une erreur : (404) Introuvable.
[2026-07-06 11:13:27] [INFO] Traitement: /Drive ECHOLINE/12-HR/Gestion des congés/ (6 permission(s))
[2026-07-06 11:13:27] [INFO] === COPIE REELLE: Drive ECHOLINE/12-HR/Gestion des congés ===
[2026-07-06 11:13:28] [SUCCESS] Dossier cree: Drive ECHOLINE/12-HR/Gestion des congés
[2026-07-06 11:13:28] [DEBUG] [404] Item pas encore disponible, retry 1/3 dans 2s: Drive ECHOLINE/12-HR/Gestion des congés
[2026-07-06 11:13:30] [DEBUG] [404] Item pas encore disponible, retry 2/3 dans 2s: Drive ECHOLINE/12-HR/Gestion des congés
[2026-07-06 11:13:32] [DEBUG] [404] Item pas encore disponible, retry 3/3 dans 2s: Drive ECHOLINE/12-HR/Gestion des congés
[2026-07-06 11:13:34] [WARN] Impossible de récupérer l'item destination pour les droits: Drive ECHOLINE/12-HR/Gestion des congés - Le serveur distant a retourné une erreur : (404) Introuvable.
[2026-07-06 11:13:34] [INFO] Traitement: /Drive ECHOLINE/12-HR/Modèles/ (6 permission(s))
[2026-07-06 11:13:34] [INFO] === COPIE REELLE: Drive ECHOLINE/12-HR/Modèles ===
[2026-07-06 11:13:35] [SUCCESS] Dossier cree: Drive ECHOLINE/12-HR/Modèles
[2026-07-06 11:13:35] [DEBUG] [404] Item pas encore disponible, retry 1/3 dans 2s: Drive ECHOLINE/12-HR/Modèles
[2026-07-06 11:13:37] [DEBUG] [404] Item pas encore disponible, retry 2/3 dans 2s: Drive ECHOLINE/12-HR/Modèles
[2026-07-06 11:13:39] [DEBUG] [404] Item pas encore disponible, retry 3/3 dans 2s: Drive ECHOLINE/12-HR/Modèles
[2026-07-06 11:13:42] [WARN] Impossible de récupérer l'item destination pour les droits: Drive ECHOLINE/12-HR/Modèles - Le serveur distant a retourné une erreur : (404) Introuvable.
[2026-07-06 11:13:42] [INFO] Traitement: /Drive ECHOLINE/12-HR/Mutuelle/ (6 permission(s))
[2026-07-06 11:13:42] [INFO] === COPIE REELLE: Drive ECHOLINE/12-HR/Mutuelle ===
[2026-07-06 11:13:42] [SUCCESS] Dossier cree: Drive ECHOLINE/12-HR/Mutuelle
[2026-07-06 11:13:42] [WARN] Impossible de résoudre 'grp_test' dans le tenant destination - permission ignorée
[2026-07-06 11:13:43] [SUCCESS] Permission appliquée: Equipe INFRA [write] -> Drive ECHOLINE/12-HR/Mutuelle
[2026-07-06 11:13:43] [SUCCESS] Permission appliquée: User 01 [write] -> Drive ECHOLINE/12-HR/Mutuelle
[2026-07-06 11:13:43] [WARN] Pas de mappage pour: SERVICES_GENERAUX - Membres () - permission ignorée sur Drive ECHOLINE/12-HR/Mutuelle
[2026-07-06 11:13:43] [WARN] Pas de mappage pour: SERVICES_GENERAUX - Visiteurs () - permission ignorée sur Drive ECHOLINE/12-HR/Mutuelle
[2026-07-06 11:13:43] [WARN] Pas de mappage pour: Propriétaires de SERVICES_GENERAUX () - permission ignorée sur Drive ECHOLINE/12-HR/Mutuelle
[2026-07-06 11:13:43] [INFO] Traitement: /Drive ECHOLINE/12-HR/OPCO/ (6 permission(s))
[2026-07-06 11:13:43] [INFO] === COPIE REELLE: Drive ECHOLINE/12-HR/OPCO ===
[2026-07-06 11:13:43] [SUCCESS] Dossier cree: Drive ECHOLINE/12-HR/OPCO
[2026-07-06 11:13:44] [WARN] Pas de mappage pour: SERVICES_GENERAUX - Visiteurs () - permission ignorée sur Drive ECHOLINE/12-HR/OPCO
[2026-07-06 11:13:44] [SUCCESS] Permission appliquée: User 01 [write] -> Drive ECHOLINE/12-HR/OPCO
[2026-07-06 11:13:44] [SUCCESS] Permission appliquée: Equipe INFRA [write] -> Drive ECHOLINE/12-HR/OPCO
[2026-07-06 11:13:44] [WARN] Impossible de résoudre 'grp_test' dans le tenant destination - permission ignorée
[2026-07-06 11:13:44] [WARN] Pas de mappage pour: Propriétaires de SERVICES_GENERAUX () - permission ignorée sur Drive ECHOLINE/12-HR/OPCO
[2026-07-06 11:13:44] [WARN] Pas de mappage pour: SERVICES_GENERAUX - Membres () - permission ignorée sur Drive ECHOLINE/12-HR/OPCO
[2026-07-06 11:13:44] [INFO] Traitement: /Drive ECHOLINE/12-HR/Salariés/ (6 permission(s))
[2026-07-06 11:13:44] [INFO] === COPIE REELLE: Drive ECHOLINE/12-HR/Salariés ===
[2026-07-06 11:13:45] [SUCCESS] Dossier cree: Drive ECHOLINE/12-HR/Salariés
[2026-07-06 11:13:45] [DEBUG] [404] Item pas encore disponible, retry 1/3 dans 2s: Drive ECHOLINE/12-HR/Salariés
[2026-07-06 11:13:47] [DEBUG] [404] Item pas encore disponible, retry 2/3 dans 2s: Drive ECHOLINE/12-HR/Salariés
[2026-07-06 11:13:49] [DEBUG] [404] Item pas encore disponible, retry 3/3 dans 2s: Drive ECHOLINE/12-HR/Salariés
[2026-07-06 11:13:51] [WARN] Impossible de récupérer l'item destination pour les droits: Drive ECHOLINE/12-HR/Salariés - Le serveur distant a retourné une erreur : (404) Introuvable.
[2026-07-06 11:13:51] [INFO] Traitement: /Drive ECHOLINE/12-HR/Test technique/ (6 permission(s))
[2026-07-06 11:13:51] [INFO] === COPIE REELLE: Drive ECHOLINE/12-HR/Test technique ===
[2026-07-06 11:13:52] [SUCCESS] Dossier cree: Drive ECHOLINE/12-HR/Test technique
[2026-07-06 11:13:52] [WARN] Pas de mappage pour: Propriétaires de SERVICES_GENERAUX () - permission ignorée sur Drive ECHOLINE/12-HR/Test technique
[2026-07-06 11:13:52] [WARN] Pas de mappage pour: SERVICES_GENERAUX - Visiteurs () - permission ignorée sur Drive ECHOLINE/12-HR/Test technique
[2026-07-06 11:13:52] [SUCCESS] Permission appliquée: Equipe INFRA [write] -> Drive ECHOLINE/12-HR/Test technique
[2026-07-06 11:13:52] [WARN] Pas de mappage pour: SERVICES_GENERAUX - Membres () - permission ignorée sur Drive ECHOLINE/12-HR/Test technique
[2026-07-06 11:13:52] [SUCCESS] Permission appliquée: User 01 [write] -> Drive ECHOLINE/12-HR/Test technique
[2026-07-06 11:13:52] [WARN] Impossible de résoudre 'grp_test' dans le tenant destination - permission ignorée
[2026-07-06 11:13:52] [INFO] Traitement: /Drive ECHOLINE/12-HR/URSSAF/ (6 permission(s))
[2026-07-06 11:13:52] [INFO] === COPIE REELLE: Drive ECHOLINE/12-HR/URSSAF ===
[2026-07-06 11:13:53] [SUCCESS] Dossier cree: Drive ECHOLINE/12-HR/URSSAF
[2026-07-06 11:13:53] [WARN] Impossible de résoudre 'grp_test' dans le tenant destination - permission ignorée
[2026-07-06 11:13:53] [SUCCESS] Permission appliquée: Equipe INFRA [write] -> Drive ECHOLINE/12-HR/URSSAF
[2026-07-06 11:13:54] [SUCCESS] Permission appliquée: User 01 [write] -> Drive ECHOLINE/12-HR/URSSAF
[2026-07-06 11:13:54] [WARN] Pas de mappage pour: SERVICES_GENERAUX - Membres () - permission ignorée sur Drive ECHOLINE/12-HR/URSSAF
[2026-07-06 11:13:54] [WARN] Pas de mappage pour: SERVICES_GENERAUX - Visiteurs () - permission ignorée sur Drive ECHOLINE/12-HR/URSSAF
[2026-07-06 11:13:54] [WARN] Pas de mappage pour: Propriétaires de SERVICES_GENERAUX () - permission ignorée sur Drive ECHOLINE/12-HR/URSSAF
[2026-07-06 11:13:54] [INFO] Traitement: /Drive ECHOLINE/13-Karnov Group/ (6 permission(s))
[2026-07-06 11:13:54] [INFO] === COPIE REELLE: Drive ECHOLINE/13-Karnov Group ===
[2026-07-06 11:13:54] [SUCCESS] Dossier cree: Drive ECHOLINE/13-Karnov Group
[2026-07-06 11:13:54] [WARN] Pas de mappage pour: Propriétaires de SERVICES_GENERAUX () - permission ignorée sur Drive ECHOLINE/13-Karnov Group
[2026-07-06 11:13:54] [WARN] Pas de mappage pour: SERVICES_GENERAUX - Visiteurs () - permission ignorée sur Drive ECHOLINE/13-Karnov Group
[2026-07-06 11:13:54] [WARN] Pas de mappage pour: SERVICES_GENERAUX - Membres () - permission ignorée sur Drive ECHOLINE/13-Karnov Group
[2026-07-06 11:13:54] [SUCCESS] Permission appliquée: User 01 [write] -> Drive ECHOLINE/13-Karnov Group
[2026-07-06 11:13:55] [SUCCESS] Permission appliquée: Equipe INFRA [write] -> Drive ECHOLINE/13-Karnov Group
[2026-07-06 11:13:55] [WARN] Impossible de résoudre 'grp_test' dans le tenant destination - permission ignorée
[2026-07-06 11:13:55] [INFO] Traitement: /Drive ECHOLINE/13-Karnov Group/ComplyLaw-Evidencia/ (6 permission(s))
[2026-07-06 11:13:55] [INFO] === COPIE REELLE: Drive ECHOLINE/13-Karnov Group/ComplyLaw-Evidencia ===
[2026-07-06 11:13:55] [SUCCESS] Dossier cree: Drive ECHOLINE/13-Karnov Group/ComplyLaw-Evidencia
[2026-07-06 11:13:55] [WARN] Impossible de résoudre 'grp_test' dans le tenant destination - permission ignorée
[2026-07-06 11:13:55] [WARN] Pas de mappage pour: SERVICES_GENERAUX - Visiteurs () - permission ignorée sur Drive ECHOLINE/13-Karnov Group/ComplyLaw-Evidencia
[2026-07-06 11:13:55] [WARN] Pas de mappage pour: SERVICES_GENERAUX - Membres () - permission ignorée sur Drive ECHOLINE/13-Karnov Group/ComplyLaw-Evidencia
[2026-07-06 11:13:56] [SUCCESS] Permission appliquée: User 01 [write] -> Drive ECHOLINE/13-Karnov Group/ComplyLaw-Evidencia
[2026-07-06 11:13:56] [SUCCESS] Permission appliquée: Equipe INFRA [write] -> Drive ECHOLINE/13-Karnov Group/ComplyLaw-Evidencia
[2026-07-06 11:13:56] [WARN] Pas de mappage pour: Propriétaires de SERVICES_GENERAUX () - permission ignorée sur Drive ECHOLINE/13-Karnov Group/ComplyLaw-Evidencia
[2026-07-06 11:13:56] [INFO] Traitement: /Drive ECHOLINE/14-Strategic Partners/ (6 permission(s))
[2026-07-06 11:13:56] [INFO] === COPIE REELLE: Drive ECHOLINE/14-Strategic Partners ===
[2026-07-06 11:13:56] [SUCCESS] Dossier cree: Drive ECHOLINE/14-Strategic Partners
[2026-07-06 11:13:56] [WARN] Pas de mappage pour: Propriétaires de SERVICES_GENERAUX () - permission ignorée sur Drive ECHOLINE/14-Strategic Partners
[2026-07-06 11:13:56] [WARN] Impossible de résoudre 'grp_test' dans le tenant destination - permission ignorée
[2026-07-06 11:13:57] [SUCCESS] Permission appliquée: Equipe INFRA [write] -> Drive ECHOLINE/14-Strategic Partners
[2026-07-06 11:13:57] [SUCCESS] Permission appliquée: User 01 [write] -> Drive ECHOLINE/14-Strategic Partners
[2026-07-06 11:13:57] [WARN] Pas de mappage pour: SERVICES_GENERAUX - Membres () - permission ignorée sur Drive ECHOLINE/14-Strategic Partners
[2026-07-06 11:13:57] [WARN] Pas de mappage pour: SERVICES_GENERAUX - Visiteurs () - permission ignorée sur Drive ECHOLINE/14-Strategic Partners
[2026-07-06 11:13:57] [INFO] Traitement: /Drive ECHOLINE/14-Strategic Partners/HSE Works (Polish partners)/ (6 permission(s))
[2026-07-06 11:13:57] [INFO] === COPIE REELLE: Drive ECHOLINE/14-Strategic Partners/HSE Works (Polish partners) ===
[2026-07-06 11:13:57] [SUCCESS] Dossier cree: Drive ECHOLINE/14-Strategic Partners/HSE Works (Polish partners)
[2026-07-06 11:13:58] [WARN] Pas de mappage pour: Propriétaires de SERVICES_GENERAUX () - permission ignorée sur Drive ECHOLINE/14-Strategic Partners/HSE Works (Polish partners)
[2026-07-06 11:13:58] [WARN] Pas de mappage pour: SERVICES_GENERAUX - Membres () - permission ignorée sur Drive ECHOLINE/14-Strategic Partners/HSE Works (Polish partners)
[2026-07-06 11:13:58] [SUCCESS] Permission appliquée: Equipe INFRA [write] -> Drive ECHOLINE/14-Strategic Partners/HSE Works (Polish partners)
[2026-07-06 11:13:58] [WARN] Impossible de résoudre 'grp_test' dans le tenant destination - permission ignorée
[2026-07-06 11:13:58] [WARN] Pas de mappage pour: SERVICES_GENERAUX - Visiteurs () - permission ignorée sur Drive ECHOLINE/14-Strategic Partners/HSE Works (Polish partners)
[2026-07-06 11:13:58] [SUCCESS] Permission appliquée: User 01 [write] -> Drive ECHOLINE/14-Strategic Partners/HSE Works (Polish partners)
[2026-07-06 11:13:58] [INFO] Traitement: /Drive ECHOLINE/PB drive/ (6 permission(s))
[2026-07-06 11:13:58] [INFO] === COPIE REELLE: Drive ECHOLINE/PB drive ===
[2026-07-06 11:13:58] [SUCCESS] Dossier cree: Drive ECHOLINE/PB drive
[2026-07-06 11:13:59] [WARN] Impossible de résoudre 'grp_test' dans le tenant destination - permission ignorée
[2026-07-06 11:13:59] [SUCCESS] Permission appliquée: Equipe INFRA [write] -> Drive ECHOLINE/PB drive
[2026-07-06 11:13:59] [SUCCESS] Permission appliquée: User 01 [write] -> Drive ECHOLINE/PB drive
[2026-07-06 11:13:59] [WARN] Pas de mappage pour: SERVICES_GENERAUX - Membres () - permission ignorée sur Drive ECHOLINE/PB drive
[2026-07-06 11:13:59] [WARN] Pas de mappage pour: SERVICES_GENERAUX - Visiteurs () - permission ignorée sur Drive ECHOLINE/PB drive
[2026-07-06 11:13:59] [WARN] Pas de mappage pour: Propriétaires de SERVICES_GENERAUX () - permission ignorée sur Drive ECHOLINE/PB drive
[2026-07-06 11:13:59] [INFO] Traitement: /Drive ECHOLINE/PB drive/00 - Archives/ (6 permission(s))
[2026-07-06 11:13:59] [INFO] === COPIE REELLE: Drive ECHOLINE/PB drive/00 - Archives ===
[2026-07-06 11:14:00] [SUCCESS] Dossier cree: Drive ECHOLINE/PB drive/00 - Archives
[2026-07-06 11:14:00] [SUCCESS] Permission appliquée: Equipe INFRA [write] -> Drive ECHOLINE/PB drive/00 - Archives
[2026-07-06 11:14:00] [WARN] Pas de mappage pour: Propriétaires de SERVICES_GENERAUX () - permission ignorée sur Drive ECHOLINE/PB drive/00 - Archives
[2026-07-06 11:14:00] [WARN] Pas de mappage pour: SERVICES_GENERAUX - Visiteurs () - permission ignorée sur Drive ECHOLINE/PB drive/00 - Archives
[2026-07-06 11:14:00] [WARN] Pas de mappage pour: SERVICES_GENERAUX - Membres () - permission ignorée sur Drive ECHOLINE/PB drive/00 - Archives
[2026-07-06 11:14:00] [SUCCESS] Permission appliquée: User 01 [write] -> Drive ECHOLINE/PB drive/00 - Archives
[2026-07-06 11:14:00] [WARN] Impossible de résoudre 'grp_test' dans le tenant destination - permission ignorée
[2026-07-06 11:14:00] [INFO] Traitement: /Drive ECHOLINE/PB drive/01 - Contrats/ (6 permission(s))
[2026-07-06 11:14:00] [INFO] === COPIE REELLE: Drive ECHOLINE/PB drive/01 - Contrats ===
[2026-07-06 11:14:01] [SUCCESS] Dossier cree: Drive ECHOLINE/PB drive/01 - Contrats
[2026-07-06 11:14:01] [WARN] Impossible de résoudre 'grp_test' dans le tenant destination - permission ignorée
[2026-07-06 11:14:01] [WARN] Pas de mappage pour: Propriétaires de SERVICES_GENERAUX () - permission ignorée sur Drive ECHOLINE/PB drive/01 - Contrats
[2026-07-06 11:14:02] [SUCCESS] Permission appliquée: Equipe INFRA [write] -> Drive ECHOLINE/PB drive/01 - Contrats
[2026-07-06 11:14:02] [WARN] Pas de mappage pour: SERVICES_GENERAUX - Visiteurs () - permission ignorée sur Drive ECHOLINE/PB drive/01 - Contrats
[2026-07-06 11:14:02] [WARN] Pas de mappage pour: SERVICES_GENERAUX - Membres () - permission ignorée sur Drive ECHOLINE/PB drive/01 - Contrats
[2026-07-06 11:14:02] [SUCCESS] Permission appliquée: User 01 [write] -> Drive ECHOLINE/PB drive/01 - Contrats
[2026-07-06 11:14:02] [INFO] Traitement: /Drive ECHOLINE/PB drive/01-Contrats & devis/ (6 permission(s))
[2026-07-06 11:14:02] [INFO] === COPIE REELLE: Drive ECHOLINE/PB drive/01-Contrats & devis ===
[2026-07-06 11:14:03] [SUCCESS] Dossier cree: Drive ECHOLINE/PB drive/01-Contrats & devis
[2026-07-06 11:14:03] [WARN] Impossible de résoudre 'grp_test' dans le tenant destination - permission ignorée
[2026-07-06 11:14:03] [SUCCESS] Permission appliquée: Equipe INFRA [write] -> Drive ECHOLINE/PB drive/01-Contrats & devis
[2026-07-06 11:14:03] [SUCCESS] Permission appliquée: User 01 [write] -> Drive ECHOLINE/PB drive/01-Contrats & devis
[2026-07-06 11:14:03] [WARN] Pas de mappage pour: SERVICES_GENERAUX - Membres () - permission ignorée sur Drive ECHOLINE/PB drive/01-Contrats & devis
[2026-07-06 11:14:03] [WARN] Pas de mappage pour: SERVICES_GENERAUX - Visiteurs () - permission ignorée sur Drive ECHOLINE/PB drive/01-Contrats & devis
[2026-07-06 11:14:03] [WARN] Pas de mappage pour: Propriétaires de SERVICES_GENERAUX () - permission ignorée sur Drive ECHOLINE/PB drive/01-Contrats & devis
[2026-07-06 11:14:03] [INFO] Traitement: /Drive ECHOLINE/PB drive/02 - Procédures et modèles/ (6 permission(s))
[2026-07-06 11:14:03] [INFO] === COPIE REELLE: Drive ECHOLINE/PB drive/02 - Procédures et modèles ===
[2026-07-06 11:14:04] [SUCCESS] Dossier cree: Drive ECHOLINE/PB drive/02 - Procédures et modèles
[2026-07-06 11:14:04] [DEBUG] [404] Item pas encore disponible, retry 1/3 dans 2s: Drive ECHOLINE/PB drive/02 - Procédures et modèles
[2026-07-06 11:14:06] [DEBUG] [404] Item pas encore disponible, retry 2/3 dans 2s: Drive ECHOLINE/PB drive/02 - Procédures et modèles
[2026-07-06 11:14:08] [DEBUG] [404] Item pas encore disponible, retry 3/3 dans 2s: Drive ECHOLINE/PB drive/02 - Procédures et modèles
[2026-07-06 11:14:10] [WARN] Impossible de récupérer l'item destination pour les droits: Drive ECHOLINE/PB drive/02 - Procédures et modèles - Le serveur distant a retourné une erreur : (404) Introuvable.
[2026-07-06 11:14:10] [INFO] Traitement: /Drive ECHOLINE/PB drive/03 - Doc. opérationnelle - Veille/ (6 permission(s))
[2026-07-06 11:14:10] [INFO] === COPIE REELLE: Drive ECHOLINE/PB drive/03 - Doc. opérationnelle - Veille ===
[2026-07-06 11:14:11] [SUCCESS] Dossier cree: Drive ECHOLINE/PB drive/03 - Doc. opérationnelle - Veille
[2026-07-06 11:14:11] [DEBUG] [404] Item pas encore disponible, retry 1/3 dans 2s: Drive ECHOLINE/PB drive/03 - Doc. opérationnelle - Veille
[2026-07-06 11:14:13] [DEBUG] [404] Item pas encore disponible, retry 2/3 dans 2s: Drive ECHOLINE/PB drive/03 - Doc. opérationnelle - Veille
[2026-07-06 11:14:15] [DEBUG] [404] Item pas encore disponible, retry 3/3 dans 2s: Drive ECHOLINE/PB drive/03 - Doc. opérationnelle - Veille
[2026-07-06 11:14:18] [WARN] Impossible de récupérer l'item destination pour les droits: Drive ECHOLINE/PB drive/03 - Doc. opérationnelle - Veille - Le serveur distant a retourné une erreur : (404) Introuvable.
[2026-07-06 11:14:18] [INFO] Traitement: /Drive ECHOLINE/PB drive/04 - Administratif/ (6 permission(s))
[2026-07-06 11:14:18] [INFO] === COPIE REELLE: Drive ECHOLINE/PB drive/04 - Administratif ===
[2026-07-06 11:14:18] [SUCCESS] Dossier cree: Drive ECHOLINE/PB drive/04 - Administratif
[2026-07-06 11:14:18] [WARN] Impossible de résoudre 'grp_test' dans le tenant destination - permission ignorée
[2026-07-06 11:14:19] [SUCCESS] Permission appliquée: Equipe INFRA [write] -> Drive ECHOLINE/PB drive/04 - Administratif
[2026-07-06 11:14:19] [SUCCESS] Permission appliquée: User 01 [write] -> Drive ECHOLINE/PB drive/04 - Administratif
[2026-07-06 11:14:19] [WARN] Pas de mappage pour: SERVICES_GENERAUX - Membres () - permission ignorée sur Drive ECHOLINE/PB drive/04 - Administratif
[2026-07-06 11:14:19] [WARN] Pas de mappage pour: SERVICES_GENERAUX - Visiteurs () - permission ignorée sur Drive ECHOLINE/PB drive/04 - Administratif
[2026-07-06 11:14:19] [WARN] Pas de mappage pour: Propriétaires de SERVICES_GENERAUX () - permission ignorée sur Drive ECHOLINE/PB drive/04 - Administratif
[2026-07-06 11:14:19] [INFO] Traitement: /Drive ECHOLINE/PB drive/06-Check-List contrôle/ (6 permission(s))
[2026-07-06 11:14:19] [INFO] === COPIE REELLE: Drive ECHOLINE/PB drive/06-Check-List contrôle ===
[2026-07-06 11:14:20] [SUCCESS] Dossier cree: Drive ECHOLINE/PB drive/06-Check-List contrôle
[2026-07-06 11:14:20] [DEBUG] [404] Item pas encore disponible, retry 1/3 dans 2s: Drive ECHOLINE/PB drive/06-Check-List contrôle
[2026-07-06 11:14:22] [DEBUG] [404] Item pas encore disponible, retry 2/3 dans 2s: Drive ECHOLINE/PB drive/06-Check-List contrôle
[2026-07-06 11:14:24] [DEBUG] [404] Item pas encore disponible, retry 3/3 dans 2s: Drive ECHOLINE/PB drive/06-Check-List contrôle
[2026-07-06 11:14:26] [WARN] Impossible de récupérer l'item destination pour les droits: Drive ECHOLINE/PB drive/06-Check-List contrôle - Le serveur distant a retourné une erreur : (404) Introuvable.
[2026-07-06 11:14:26] [INFO] Traitement: /Drive ECHOLINE/PB drive/1- Tableaux de veille/ (6 permission(s))
[2026-07-06 11:14:26] [INFO] === COPIE REELLE: Drive ECHOLINE/PB drive/1- Tableaux de veille ===
[2026-07-06 11:14:27] [SUCCESS] Dossier cree: Drive ECHOLINE/PB drive/1- Tableaux de veille
[2026-07-06 11:14:27] [WARN] Impossible de résoudre 'grp_test' dans le tenant destination - permission ignorée
[2026-07-06 11:14:27] [SUCCESS] Permission appliquée: Equipe INFRA [write] -> Drive ECHOLINE/PB drive/1- Tableaux de veille
[2026-07-06 11:14:27] [SUCCESS] Permission appliquée: User 01 [write] -> Drive ECHOLINE/PB drive/1- Tableaux de veille
[2026-07-06 11:14:27] [WARN] Pas de mappage pour: SERVICES_GENERAUX - Membres () - permission ignorée sur Drive ECHOLINE/PB drive/1- Tableaux de veille
[2026-07-06 11:14:27] [WARN] Pas de mappage pour: SERVICES_GENERAUX - Visiteurs () - permission ignorée sur Drive ECHOLINE/PB drive/1- Tableaux de veille
[2026-07-06 11:14:27] [WARN] Pas de mappage pour: Propriétaires de SERVICES_GENERAUX () - permission ignorée sur Drive ECHOLINE/PB drive/1- Tableaux de veille
[2026-07-06 11:14:27] [INFO] Traitement: /Drive ECHOLINE/PB drive/3 - Archives Lettre d'information/ (6 permission(s))
[2026-07-06 11:14:27] [INFO] === COPIE REELLE: Drive ECHOLINE/PB drive/3 - Archives Lettre d'information ===
[2026-07-06 11:14:28] [SUCCESS] Dossier cree: Drive ECHOLINE/PB drive/3 - Archives Lettre d'information
[2026-07-06 11:14:28] [WARN] Pas de mappage pour: SERVICES_GENERAUX - Visiteurs () - permission ignorée sur Drive ECHOLINE/PB drive/3 - Archives Lettre d'information
[2026-07-06 11:14:28] [WARN] Pas de mappage pour: Propriétaires de SERVICES_GENERAUX () - permission ignorée sur Drive ECHOLINE/PB drive/3 - Archives Lettre d'information
[2026-07-06 11:14:29] [SUCCESS] Permission appliquée: User 01 [write] -> Drive ECHOLINE/PB drive/3 - Archives Lettre d'information
[2026-07-06 11:14:29] [WARN] Impossible de résoudre 'grp_test' dans le tenant destination - permission ignorée
[2026-07-06 11:14:29] [SUCCESS] Permission appliquée: Equipe INFRA [write] -> Drive ECHOLINE/PB drive/3 - Archives Lettre d'information
[2026-07-06 11:14:29] [WARN] Pas de mappage pour: SERVICES_GENERAUX - Membres () - permission ignorée sur Drive ECHOLINE/PB drive/3 - Archives Lettre d'information
[2026-07-06 11:14:29] [INFO] Traitement: /Drive ECHOLINE/PB drive/4- Documentation juridique/ (6 permission(s))
[2026-07-06 11:14:29] [INFO] === COPIE REELLE: Drive ECHOLINE/PB drive/4- Documentation juridique ===
[2026-07-06 11:14:30] [SUCCESS] Dossier cree: Drive ECHOLINE/PB drive/4- Documentation juridique
[2026-07-06 11:14:30] [SUCCESS] Permission appliquée: Equipe INFRA [write] -> Drive ECHOLINE/PB drive/4- Documentation juridique
[2026-07-06 11:14:30] [SUCCESS] Permission appliquée: User 01 [write] -> Drive ECHOLINE/PB drive/4- Documentation juridique
[2026-07-06 11:14:30] [WARN] Pas de mappage pour: SERVICES_GENERAUX - Membres () - permission ignorée sur Drive ECHOLINE/PB drive/4- Documentation juridique
[2026-07-06 11:14:30] [WARN] Pas de mappage pour: SERVICES_GENERAUX - Visiteurs () - permission ignorée sur Drive ECHOLINE/PB drive/4- Documentation juridique
[2026-07-06 11:14:30] [WARN] Pas de mappage pour: Propriétaires de SERVICES_GENERAUX () - permission ignorée sur Drive ECHOLINE/PB drive/4- Documentation juridique
[2026-07-06 11:14:30] [WARN] Impossible de résoudre 'grp_test' dans le tenant destination - permission ignorée
[2026-07-06 11:14:30] [INFO] Traitement: /Drive ECHOLINE/PB drive/5- Manuel utilisateurs/ (6 permission(s))
[2026-07-06 11:14:30] [INFO] === COPIE REELLE: Drive ECHOLINE/PB drive/5- Manuel utilisateurs ===
[2026-07-06 11:14:31] [SUCCESS] Dossier cree: Drive ECHOLINE/PB drive/5- Manuel utilisateurs
[2026-07-06 11:14:31] [SUCCESS] Permission appliquée: User 01 [write] -> Drive ECHOLINE/PB drive/5- Manuel utilisateurs
[2026-07-06 11:14:31] [WARN] Pas de mappage pour: Propriétaires de SERVICES_GENERAUX () - permission ignorée sur Drive ECHOLINE/PB drive/5- Manuel utilisateurs
[2026-07-06 11:14:31] [WARN] Pas de mappage pour: SERVICES_GENERAUX - Visiteurs () - permission ignorée sur Drive ECHOLINE/PB drive/5- Manuel utilisateurs
[2026-07-06 11:14:31] [WARN] Pas de mappage pour: SERVICES_GENERAUX - Membres () - permission ignorée sur Drive ECHOLINE/PB drive/5- Manuel utilisateurs
[2026-07-06 11:14:31] [SUCCESS] Permission appliquée: Equipe INFRA [write] -> Drive ECHOLINE/PB drive/5- Manuel utilisateurs
[2026-07-06 11:14:31] [WARN] Impossible de résoudre 'grp_test' dans le tenant destination - permission ignorée
[2026-07-06 11:14:31] [INFO] Traitement: /Drive ECHOLINE/PB drive/6- Fiches thématiques/ (6 permission(s))
[2026-07-06 11:14:31] [INFO] === COPIE REELLE: Drive ECHOLINE/PB drive/6- Fiches thématiques ===
[2026-07-06 11:14:32] [SUCCESS] Dossier cree: Drive ECHOLINE/PB drive/6- Fiches thématiques
[2026-07-06 11:14:32] [DEBUG] [404] Item pas encore disponible, retry 1/3 dans 2s: Drive ECHOLINE/PB drive/6- Fiches thématiques
[2026-07-06 11:14:34] [DEBUG] [404] Item pas encore disponible, retry 2/3 dans 2s: Drive ECHOLINE/PB drive/6- Fiches thématiques
[2026-07-06 11:14:36] [DEBUG] [404] Item pas encore disponible, retry 3/3 dans 2s: Drive ECHOLINE/PB drive/6- Fiches thématiques
[2026-07-06 11:14:38] [WARN] Impossible de récupérer l'item destination pour les droits: Drive ECHOLINE/PB drive/6- Fiches thématiques - Le serveur distant a retourné une erreur : (404) Introuvable.
[2026-07-06 11:14:38] [INFO] Traitement: /Drive ECHOLINE/PB drive/ARCHIVES/ (6 permission(s))
[2026-07-06 11:14:38] [INFO] === COPIE REELLE: Drive ECHOLINE/PB drive/ARCHIVES ===
[2026-07-06 11:14:39] [SUCCESS] Dossier cree: Drive ECHOLINE/PB drive/ARCHIVES
[2026-07-06 11:14:39] [WARN] Impossible de résoudre 'grp_test' dans le tenant destination - permission ignorée
[2026-07-06 11:14:39] [SUCCESS] Permission appliquée: Equipe INFRA [write] -> Drive ECHOLINE/PB drive/ARCHIVES
[2026-07-06 11:14:40] [SUCCESS] Permission appliquée: User 01 [write] -> Drive ECHOLINE/PB drive/ARCHIVES
[2026-07-06 11:14:40] [WARN] Pas de mappage pour: SERVICES_GENERAUX - Membres () - permission ignorée sur Drive ECHOLINE/PB drive/ARCHIVES
[2026-07-06 11:14:40] [WARN] Pas de mappage pour: SERVICES_GENERAUX - Visiteurs () - permission ignorée sur Drive ECHOLINE/PB drive/ARCHIVES
[2026-07-06 11:14:40] [WARN] Pas de mappage pour: Propriétaires de SERVICES_GENERAUX () - permission ignorée sur Drive ECHOLINE/PB drive/ARCHIVES
[2026-07-06 11:14:40] [INFO] Traitement: /Drive ECHOLINE/PB drive/ARTE/ (6 permission(s))
[2026-07-06 11:14:40] [INFO] === COPIE REELLE: Drive ECHOLINE/PB drive/ARTE ===
[2026-07-06 11:14:40] [SUCCESS] Dossier cree: Drive ECHOLINE/PB drive/ARTE
[2026-07-06 11:14:41] [SUCCESS] Permission appliquée: Equipe INFRA [write] -> Drive ECHOLINE/PB drive/ARTE
[2026-07-06 11:14:41] [WARN] Pas de mappage pour: Propriétaires de SERVICES_GENERAUX () - permission ignorée sur Drive ECHOLINE/PB drive/ARTE
[2026-07-06 11:14:41] [WARN] Pas de mappage pour: SERVICES_GENERAUX - Visiteurs () - permission ignorée sur Drive ECHOLINE/PB drive/ARTE
[2026-07-06 11:14:41] [WARN] Pas de mappage pour: SERVICES_GENERAUX - Membres () - permission ignorée sur Drive ECHOLINE/PB drive/ARTE
[2026-07-06 11:14:41] [SUCCESS] Permission appliquée: User 01 [write] -> Drive ECHOLINE/PB drive/ARTE
[2026-07-06 11:14:41] [WARN] Impossible de résoudre 'grp_test' dans le tenant destination - permission ignorée
[2026-07-06 11:14:41] [INFO] Traitement: /Drive ECHOLINE/PB drive/BATISANTE SUD (AZURTECH)/ (6 permission(s))
[2026-07-06 11:14:41] [INFO] === COPIE REELLE: Drive ECHOLINE/PB drive/BATISANTE SUD (AZURTECH) ===
[2026-07-06 11:14:42] [SUCCESS] Dossier cree: Drive ECHOLINE/PB drive/BATISANTE SUD (AZURTECH)
[2026-07-06 11:14:42] [WARN] Impossible de résoudre 'grp_test' dans le tenant destination - permission ignorée
[2026-07-06 11:14:42] [WARN] Pas de mappage pour: Propriétaires de SERVICES_GENERAUX () - permission ignorée sur Drive ECHOLINE/PB drive/BATISANTE SUD (AZURTECH)
[2026-07-06 11:14:42] [WARN] Pas de mappage pour: SERVICES_GENERAUX - Visiteurs () - permission ignorée sur Drive ECHOLINE/PB drive/BATISANTE SUD (AZURTECH)
[2026-07-06 11:14:42] [WARN] Pas de mappage pour: SERVICES_GENERAUX - Membres () - permission ignorée sur Drive ECHOLINE/PB drive/BATISANTE SUD (AZURTECH)
[2026-07-06 11:14:42] [SUCCESS] Permission appliquée: Equipe INFRA [write] -> Drive ECHOLINE/PB drive/BATISANTE SUD (AZURTECH)
[2026-07-06 11:14:42] [SUCCESS] Permission appliquée: User 01 [write] -> Drive ECHOLINE/PB drive/BATISANTE SUD (AZURTECH)
[2026-07-06 11:14:42] [INFO] Traitement: /Drive ECHOLINE/PB drive/BIOCOOP/ (6 permission(s))
[2026-07-06 11:14:42] [INFO] === COPIE REELLE: Drive ECHOLINE/PB drive/BIOCOOP ===
[2026-07-06 11:14:43] [SUCCESS] Dossier cree: Drive ECHOLINE/PB drive/BIOCOOP
[2026-07-06 11:14:43] [WARN] Pas de mappage pour: Propriétaires de SERVICES_GENERAUX () - permission ignorée sur Drive ECHOLINE/PB drive/BIOCOOP
[2026-07-06 11:14:43] [WARN] Impossible de résoudre 'grp_test' dans le tenant destination - permission ignorée
[2026-07-06 11:14:43] [SUCCESS] Permission appliquée: Equipe INFRA [write] -> Drive ECHOLINE/PB drive/BIOCOOP
[2026-07-06 11:14:43] [SUCCESS] Permission appliquée: User 01 [write] -> Drive ECHOLINE/PB drive/BIOCOOP
[2026-07-06 11:14:43] [WARN] Pas de mappage pour: SERVICES_GENERAUX - Membres () - permission ignorée sur Drive ECHOLINE/PB drive/BIOCOOP
[2026-07-06 11:14:43] [WARN] Pas de mappage pour: SERVICES_GENERAUX - Visiteurs () - permission ignorée sur Drive ECHOLINE/PB drive/BIOCOOP
[2026-07-06 11:14:43] [INFO] Traitement: /Drive ECHOLINE/PB drive/Bioline - Livron sur Drôme/ (6 permission(s))
[2026-07-06 11:14:43] [INFO] === COPIE REELLE: Drive ECHOLINE/PB drive/Bioline - Livron sur Drôme ===
[2026-07-06 11:14:44] [SUCCESS] Dossier cree: Drive ECHOLINE/PB drive/Bioline - Livron sur Drôme
[2026-07-06 11:14:44] [DEBUG] [404] Item pas encore disponible, retry 1/3 dans 2s: Drive ECHOLINE/PB drive/Bioline - Livron sur Drôme
[2026-07-06 11:14:46] [DEBUG] [404] Item pas encore disponible, retry 2/3 dans 2s: Drive ECHOLINE/PB drive/Bioline - Livron sur Drôme
[2026-07-06 11:14:48] [DEBUG] [404] Item pas encore disponible, retry 3/3 dans 2s: Drive ECHOLINE/PB drive/Bioline - Livron sur Drôme
[2026-07-06 11:14:51] [WARN] Impossible de récupérer l'item destination pour les droits: Drive ECHOLINE/PB drive/Bioline - Livron sur Drôme - Le serveur distant a retourné une erreur : (404) Introuvable.
[2026-07-06 11:14:51] [INFO] Traitement: /Drive ECHOLINE/PB drive/CAE CONSEILS - SOFIDEL/ (6 permission(s))
[2026-07-06 11:14:51] [INFO] === COPIE REELLE: Drive ECHOLINE/PB drive/CAE CONSEILS - SOFIDEL ===
[2026-07-06 11:14:51] [SUCCESS] Dossier cree: Drive ECHOLINE/PB drive/CAE CONSEILS - SOFIDEL
[2026-07-06 11:14:51] [WARN] Impossible de résoudre 'grp_test' dans le tenant destination - permission ignorée
[2026-07-06 11:14:52] [SUCCESS] Permission appliquée: Equipe INFRA [write] -> Drive ECHOLINE/PB drive/CAE CONSEILS - SOFIDEL
[2026-07-06 11:14:52] [SUCCESS] Permission appliquée: User 01 [write] -> Drive ECHOLINE/PB drive/CAE CONSEILS - SOFIDEL
[2026-07-06 11:14:52] [WARN] Pas de mappage pour: SERVICES_GENERAUX - Membres () - permission ignorée sur Drive ECHOLINE/PB drive/CAE CONSEILS - SOFIDEL
[2026-07-06 11:14:52] [WARN] Pas de mappage pour: SERVICES_GENERAUX - Visiteurs () - permission ignorée sur Drive ECHOLINE/PB drive/CAE CONSEILS - SOFIDEL
[2026-07-06 11:14:52] [WARN] Pas de mappage pour: Propriétaires de SERVICES_GENERAUX () - permission ignorée sur Drive ECHOLINE/PB drive/CAE CONSEILS - SOFIDEL
[2026-07-06 11:14:52] [INFO] Traitement: /Drive ECHOLINE/PB drive/CARTIER/ (6 permission(s))
[2026-07-06 11:14:52] [INFO] === COPIE REELLE: Drive ECHOLINE/PB drive/CARTIER ===
[2026-07-06 11:14:52] [SUCCESS] Dossier cree: Drive ECHOLINE/PB drive/CARTIER
[2026-07-06 11:14:53] [SUCCESS] Permission appliquée: Equipe INFRA [write] -> Drive ECHOLINE/PB drive/CARTIER
[2026-07-06 11:14:53] [WARN] Pas de mappage pour: Propriétaires de SERVICES_GENERAUX () - permission ignorée sur Drive ECHOLINE/PB drive/CARTIER
[2026-07-06 11:14:53] [WARN] Pas de mappage pour: SERVICES_GENERAUX - Visiteurs () - permission ignorée sur Drive ECHOLINE/PB drive/CARTIER
[2026-07-06 11:14:53] [WARN] Pas de mappage pour: SERVICES_GENERAUX - Membres () - permission ignorée sur Drive ECHOLINE/PB drive/CARTIER
[2026-07-06 11:14:53] [SUCCESS] Permission appliquée: User 01 [write] -> Drive ECHOLINE/PB drive/CARTIER
[2026-07-06 11:14:53] [WARN] Impossible de résoudre 'grp_test' dans le tenant destination - permission ignorée
[2026-07-06 11:14:53] [INFO] Traitement: /Drive ECHOLINE/PB drive/CL/ (6 permission(s))
[2026-07-06 11:14:53] [INFO] === COPIE REELLE: Drive ECHOLINE/PB drive/CL ===
[2026-07-06 11:14:54] [SUCCESS] Dossier cree: Drive ECHOLINE/PB drive/CL
[2026-07-06 11:14:54] [WARN] Impossible de résoudre 'grp_test' dans le tenant destination - permission ignorée
[2026-07-06 11:14:54] [WARN] Pas de mappage pour: Propriétaires de SERVICES_GENERAUX () - permission ignorée sur Drive ECHOLINE/PB drive/CL
[2026-07-06 11:14:54] [SUCCESS] Permission appliquée: Equipe INFRA [write] -> Drive ECHOLINE/PB drive/CL
[2026-07-06 11:14:54] [WARN] Pas de mappage pour: SERVICES_GENERAUX - Visiteurs () - permission ignorée sur Drive ECHOLINE/PB drive/CL
[2026-07-06 11:14:54] [WARN] Pas de mappage pour: SERVICES_GENERAUX - Membres () - permission ignorée sur Drive ECHOLINE/PB drive/CL
[2026-07-06 11:14:54] [SUCCESS] Permission appliquée: User 01 [write] -> Drive ECHOLINE/PB drive/CL
[2026-07-06 11:14:54] [INFO] Traitement: /Drive ECHOLINE/PB drive/CLAIREFONTAINE/ (6 permission(s))
[2026-07-06 11:14:54] [INFO] === COPIE REELLE: Drive ECHOLINE/PB drive/CLAIREFONTAINE ===
[2026-07-06 11:14:55] [SUCCESS] Dossier cree: Drive ECHOLINE/PB drive/CLAIREFONTAINE
[2026-07-06 11:14:55] [WARN] Impossible de résoudre 'grp_test' dans le tenant destination - permission ignorée
[2026-07-06 11:14:55] [SUCCESS] Permission appliquée: Equipe INFRA [write] -> Drive ECHOLINE/PB drive/CLAIREFONTAINE
[2026-07-06 11:14:55] [SUCCESS] Permission appliquée: User 01 [write] -> Drive ECHOLINE/PB drive/CLAIREFONTAINE
[2026-07-06 11:14:55] [WARN] Pas de mappage pour: SERVICES_GENERAUX - Membres () - permission ignorée sur Drive ECHOLINE/PB drive/CLAIREFONTAINE
[2026-07-06 11:14:55] [WARN] Pas de mappage pour: SERVICES_GENERAUX - Visiteurs () - permission ignorée sur Drive ECHOLINE/PB drive/CLAIREFONTAINE
[2026-07-06 11:14:55] [WARN] Pas de mappage pour: Propriétaires de SERVICES_GENERAUX () - permission ignorée sur Drive ECHOLINE/PB drive/CLAIREFONTAINE
[2026-07-06 11:14:55] [INFO] Traitement: /Drive ECHOLINE/PB drive/Contrats purement RH/ (6 permission(s))
[2026-07-06 11:14:55] [INFO] === COPIE REELLE: Drive ECHOLINE/PB drive/Contrats purement RH ===
[2026-07-06 11:14:56] [SUCCESS] Dossier cree: Drive ECHOLINE/PB drive/Contrats purement RH
[2026-07-06 11:14:56] [WARN] Impossible de résoudre 'grp_test' dans le tenant destination - permission ignorée
[2026-07-06 11:14:56] [SUCCESS] Permission appliquée: Equipe INFRA [write] -> Drive ECHOLINE/PB drive/Contrats purement RH
[2026-07-06 11:14:56] [SUCCESS] Permission appliquée: User 01 [write] -> Drive ECHOLINE/PB drive/Contrats purement RH
[2026-07-06 11:14:56] [WARN] Pas de mappage pour: SERVICES_GENERAUX - Membres () - permission ignorée sur Drive ECHOLINE/PB drive/Contrats purement RH
[2026-07-06 11:14:56] [WARN] Pas de mappage pour: SERVICES_GENERAUX - Visiteurs () - permission ignorée sur Drive ECHOLINE/PB drive/Contrats purement RH
[2026-07-06 11:14:56] [WARN] Pas de mappage pour: Propriétaires de SERVICES_GENERAUX () - permission ignorée sur Drive ECHOLINE/PB drive/Contrats purement RH
[2026-07-06 11:14:56] [INFO] Traitement: /Drive ECHOLINE/PB drive/CR point initial (1)/ (6 permission(s))
[2026-07-06 11:14:56] [INFO] === COPIE REELLE: Drive ECHOLINE/PB drive/CR point initial (1) ===
[2026-07-06 11:14:57] [SUCCESS] Dossier cree: Drive ECHOLINE/PB drive/CR point initial (1)
[2026-07-06 11:14:57] [WARN] Pas de mappage pour: Propriétaires de SERVICES_GENERAUX () - permission ignorée sur Drive ECHOLINE/PB drive/CR point initial (1)
[2026-07-06 11:14:57] [WARN] Pas de mappage pour: SERVICES_GENERAUX - Visiteurs () - permission ignorée sur Drive ECHOLINE/PB drive/CR point initial (1)
[2026-07-06 11:14:57] [WARN] Pas de mappage pour: SERVICES_GENERAUX - Membres () - permission ignorée sur Drive ECHOLINE/PB drive/CR point initial (1)
[2026-07-06 11:14:57] [SUCCESS] Permission appliquée: User 01 [write] -> Drive ECHOLINE/PB drive/CR point initial (1)
[2026-07-06 11:14:57] [SUCCESS] Permission appliquée: Equipe INFRA [write] -> Drive ECHOLINE/PB drive/CR point initial (1)
[2026-07-06 11:14:57] [WARN] Impossible de résoudre 'grp_test' dans le tenant destination - permission ignorée
[2026-07-06 11:14:57] [INFO] Traitement: /Drive ECHOLINE/PB drive/CR point initial/ (6 permission(s))
[2026-07-06 11:14:57] [INFO] === COPIE REELLE: Drive ECHOLINE/PB drive/CR point initial ===
[2026-07-06 11:14:58] [SUCCESS] Dossier cree: Drive ECHOLINE/PB drive/CR point initial
[2026-07-06 11:14:58] [WARN] Impossible de résoudre 'grp_test' dans le tenant destination - permission ignorée
[2026-07-06 11:14:58] [WARN] Pas de mappage pour: SERVICES_GENERAUX - Membres () - permission ignorée sur Drive ECHOLINE/PB drive/CR point initial
[2026-07-06 11:14:58] [WARN] Pas de mappage pour: SERVICES_GENERAUX - Visiteurs () - permission ignorée sur Drive ECHOLINE/PB drive/CR point initial
[2026-07-06 11:14:58] [WARN] Pas de mappage pour: Propriétaires de SERVICES_GENERAUX () - permission ignorée sur Drive ECHOLINE/PB drive/CR point initial
[2026-07-06 11:14:58] [SUCCESS] Permission appliquée: User 01 [write] -> Drive ECHOLINE/PB drive/CR point initial
[2026-07-06 11:14:59] [SUCCESS] Permission appliquée: Equipe INFRA [write] -> Drive ECHOLINE/PB drive/CR point initial
[2026-07-06 11:14:59] [INFO] Traitement: /Drive ECHOLINE/PB drive/DERICHEBOURG ATIS/ (6 permission(s))
[2026-07-06 11:14:59] [INFO] === COPIE REELLE: Drive ECHOLINE/PB drive/DERICHEBOURG ATIS ===
[2026-07-06 11:14:59] [SUCCESS] Dossier cree: Drive ECHOLINE/PB drive/DERICHEBOURG ATIS
[2026-07-06 11:15:00] [WARN] Impossible de résoudre 'grp_test' dans le tenant destination - permission ignorée
[2026-07-06 11:15:00] [SUCCESS] Permission appliquée: Equipe INFRA [write] -> Drive ECHOLINE/PB drive/DERICHEBOURG ATIS
[2026-07-06 11:15:00] [SUCCESS] Permission appliquée: User 01 [write] -> Drive ECHOLINE/PB drive/DERICHEBOURG ATIS
[2026-07-06 11:15:00] [WARN] Pas de mappage pour: SERVICES_GENERAUX - Membres () - permission ignorée sur Drive ECHOLINE/PB drive/DERICHEBOURG ATIS
[2026-07-06 11:15:00] [WARN] Pas de mappage pour: SERVICES_GENERAUX - Visiteurs () - permission ignorée sur Drive ECHOLINE/PB drive/DERICHEBOURG ATIS
[2026-07-06 11:15:00] [WARN] Pas de mappage pour: Propriétaires de SERVICES_GENERAUX () - permission ignorée sur Drive ECHOLINE/PB drive/DERICHEBOURG ATIS
[2026-07-06 11:15:00] [INFO] Traitement: /Drive ECHOLINE/PB drive/DIOR/ (6 permission(s))
[2026-07-06 11:15:00] [INFO] === COPIE REELLE: Drive ECHOLINE/PB drive/DIOR ===
[2026-07-06 11:15:01] [SUCCESS] Dossier cree: Drive ECHOLINE/PB drive/DIOR
[2026-07-06 11:15:01] [SUCCESS] Permission appliquée: Equipe INFRA [write] -> Drive ECHOLINE/PB drive/DIOR
[2026-07-06 11:15:01] [WARN] Pas de mappage pour: Propriétaires de SERVICES_GENERAUX () - permission ignorée sur Drive ECHOLINE/PB drive/DIOR
[2026-07-06 11:15:01] [WARN] Pas de mappage pour: SERVICES_GENERAUX - Membres () - permission ignorée sur Drive ECHOLINE/PB drive/DIOR
[2026-07-06 11:15:01] [WARN] Pas de mappage pour: SERVICES_GENERAUX - Visiteurs () - permission ignorée sur Drive ECHOLINE/PB drive/DIOR
[2026-07-06 11:15:01] [SUCCESS] Permission appliquée: User 01 [write] -> Drive ECHOLINE/PB drive/DIOR
[2026-07-06 11:15:01] [WARN] Impossible de résoudre 'grp_test' dans le tenant destination - permission ignorée
[2026-07-06 11:15:01] [INFO] Traitement: /Drive ECHOLINE/PB drive/Doc veille internationale/ (6 permission(s))
[2026-07-06 11:15:01] [INFO] === COPIE REELLE: Drive ECHOLINE/PB drive/Doc veille internationale ===
[2026-07-06 11:15:02] [SUCCESS] Dossier cree: Drive ECHOLINE/PB drive/Doc veille internationale
[2026-07-06 11:15:03] [SUCCESS] Permission appliquée: Equipe INFRA [write] -> Drive ECHOLINE/PB drive/Doc veille internationale
[2026-07-06 11:15:03] [SUCCESS] Permission appliquée: User 01 [write] -> Drive ECHOLINE/PB drive/Doc veille internationale
[2026-07-06 11:15:03] [WARN] Pas de mappage pour: SERVICES_GENERAUX - Membres () - permission ignorée sur Drive ECHOLINE/PB drive/Doc veille internationale
[2026-07-06 11:15:03] [WARN] Pas de mappage pour: SERVICES_GENERAUX - Visiteurs () - permission ignorée sur Drive ECHOLINE/PB drive/Doc veille internationale
[2026-07-06 11:15:03] [WARN] Pas de mappage pour: Propriétaires de SERVICES_GENERAUX () - permission ignorée sur Drive ECHOLINE/PB drive/Doc veille internationale
[2026-07-06 11:15:03] [WARN] Impossible de résoudre 'grp_test' dans le tenant destination - permission ignorée
[2026-07-06 11:15:03] [INFO] Traitement: /Drive ECHOLINE/PB drive/ENI FRANCE/ (6 permission(s))
[2026-07-06 11:15:03] [INFO] === COPIE REELLE: Drive ECHOLINE/PB drive/ENI FRANCE ===
[2026-07-06 11:15:04] [SUCCESS] Dossier cree: Drive ECHOLINE/PB drive/ENI FRANCE
[2026-07-06 11:15:04] [SUCCESS] Permission appliquée: User 01 [write] -> Drive ECHOLINE/PB drive/ENI FRANCE
[2026-07-06 11:15:04] [WARN] Pas de mappage pour: SERVICES_GENERAUX - Membres () - permission ignorée sur Drive ECHOLINE/PB drive/ENI FRANCE
[2026-07-06 11:15:04] [WARN] Pas de mappage pour: SERVICES_GENERAUX - Visiteurs () - permission ignorée sur Drive ECHOLINE/PB drive/ENI FRANCE
[2026-07-06 11:15:04] [WARN] Pas de mappage pour: Propriétaires de SERVICES_GENERAUX () - permission ignorée sur Drive ECHOLINE/PB drive/ENI FRANCE
[2026-07-06 11:15:04] [WARN] Impossible de résoudre 'grp_test' dans le tenant destination - permission ignorée
[2026-07-06 11:15:04] [SUCCESS] Permission appliquée: Equipe INFRA [write] -> Drive ECHOLINE/PB drive/ENI FRANCE
[2026-07-06 11:15:04] [INFO] Traitement: /Drive ECHOLINE/PB drive/Exemples news extérieures/ (6 permission(s))
[2026-07-06 11:15:04] [INFO] === COPIE REELLE: Drive ECHOLINE/PB drive/Exemples news extérieures ===
[2026-07-06 11:15:05] [SUCCESS] Dossier cree: Drive ECHOLINE/PB drive/Exemples news extérieures
[2026-07-06 11:15:05] [DEBUG] [404] Item pas encore disponible, retry 1/3 dans 2s: Drive ECHOLINE/PB drive/Exemples news extérieures
[2026-07-06 11:15:07] [DEBUG] [404] Item pas encore disponible, retry 2/3 dans 2s: Drive ECHOLINE/PB drive/Exemples news extérieures
[2026-07-06 11:15:09] [DEBUG] [404] Item pas encore disponible, retry 3/3 dans 2s: Drive ECHOLINE/PB drive/Exemples news extérieures
[2026-07-06 11:15:12] [WARN] Impossible de récupérer l'item destination pour les droits: Drive ECHOLINE/PB drive/Exemples news extérieures - Le serveur distant a retourné une erreur : (404) Introuvable.
[2026-07-06 11:15:12] [INFO] Traitement: /Drive ECHOLINE/PB drive/Export txts avant report SONATA/ (6 permission(s))
[2026-07-06 11:15:12] [INFO] === COPIE REELLE: Drive ECHOLINE/PB drive/Export txts avant report SONATA ===
[2026-07-06 11:15:12] [SUCCESS] Dossier cree: Drive ECHOLINE/PB drive/Export txts avant report SONATA
[2026-07-06 11:15:12] [WARN] Pas de mappage pour: SERVICES_GENERAUX - Membres () - permission ignorée sur Drive ECHOLINE/PB drive/Export txts avant report SONATA
[2026-07-06 11:15:13] [SUCCESS] Permission appliquée: User 01 [write] -> Drive ECHOLINE/PB drive/Export txts avant report SONATA
[2026-07-06 11:15:13] [WARN] Pas de mappage pour: Propriétaires de SERVICES_GENERAUX () - permission ignorée sur Drive ECHOLINE/PB drive/Export txts avant report SONATA
[2026-07-06 11:15:13] [SUCCESS] Permission appliquée: Equipe INFRA [write] -> Drive ECHOLINE/PB drive/Export txts avant report SONATA
[2026-07-06 11:15:13] [WARN] Pas de mappage pour: SERVICES_GENERAUX - Visiteurs () - permission ignorée sur Drive ECHOLINE/PB drive/Export txts avant report SONATA
[2026-07-06 11:15:13] [WARN] Impossible de résoudre 'grp_test' dans le tenant destination - permission ignorée
[2026-07-06 11:15:13] [INFO] Traitement: /Drive ECHOLINE/PB drive/Fertiline - Loudéac/ (6 permission(s))
[2026-07-06 11:15:13] [INFO] === COPIE REELLE: Drive ECHOLINE/PB drive/Fertiline - Loudéac ===
[2026-07-06 11:15:14] [SUCCESS] Dossier cree: Drive ECHOLINE/PB drive/Fertiline - Loudéac
[2026-07-06 11:15:14] [DEBUG] [404] Item pas encore disponible, retry 1/3 dans 2s: Drive ECHOLINE/PB drive/Fertiline - Loudéac
[2026-07-06 11:15:16] [DEBUG] [404] Item pas encore disponible, retry 2/3 dans 2s: Drive ECHOLINE/PB drive/Fertiline - Loudéac
[2026-07-06 11:15:18] [DEBUG] [404] Item pas encore disponible, retry 3/3 dans 2s: Drive ECHOLINE/PB drive/Fertiline - Loudéac
[2026-07-06 11:15:20] [WARN] Impossible de récupérer l'item destination pour les droits: Drive ECHOLINE/PB drive/Fertiline - Loudéac - Le serveur distant a retourné une erreur : (404) Introuvable.
[2026-07-06 11:15:20] [INFO] Traitement: /Drive ECHOLINE/PB drive/Fiche ID (1)/ (6 permission(s))
[2026-07-06 11:15:20] [INFO] === COPIE REELLE: Drive ECHOLINE/PB drive/Fiche ID (1) ===
[2026-07-06 11:15:21] [SUCCESS] Dossier cree: Drive ECHOLINE/PB drive/Fiche ID (1)
[2026-07-06 11:15:21] [WARN] Pas de mappage pour: SERVICES_GENERAUX - Visiteurs () - permission ignorée sur Drive ECHOLINE/PB drive/Fiche ID (1)
[2026-07-06 11:15:21] [WARN] Pas de mappage pour: SERVICES_GENERAUX - Membres () - permission ignorée sur Drive ECHOLINE/PB drive/Fiche ID (1)
[2026-07-06 11:15:21] [SUCCESS] Permission appliquée: User 01 [write] -> Drive ECHOLINE/PB drive/Fiche ID (1)
[2026-07-06 11:15:21] [SUCCESS] Permission appliquée: Equipe INFRA [write] -> Drive ECHOLINE/PB drive/Fiche ID (1)
[2026-07-06 11:15:21] [WARN] Impossible de résoudre 'grp_test' dans le tenant destination - permission ignorée
[2026-07-06 11:15:21] [WARN] Pas de mappage pour: Propriétaires de SERVICES_GENERAUX () - permission ignorée sur Drive ECHOLINE/PB drive/Fiche ID (1)
[2026-07-06 11:15:21] [INFO] Traitement: /Drive ECHOLINE/PB drive/Fiche ID/ (6 permission(s))
[2026-07-06 11:15:21] [INFO] === COPIE REELLE: Drive ECHOLINE/PB drive/Fiche ID ===
[2026-07-06 11:15:22] [SUCCESS] Dossier cree: Drive ECHOLINE/PB drive/Fiche ID
[2026-07-06 11:15:22] [WARN] Impossible de résoudre 'grp_test' dans le tenant destination - permission ignorée
[2026-07-06 11:15:22] [SUCCESS] Permission appliquée: User 01 [write] -> Drive ECHOLINE/PB drive/Fiche ID
[2026-07-06 11:15:22] [WARN] Pas de mappage pour: SERVICES_GENERAUX - Membres () - permission ignorée sur Drive ECHOLINE/PB drive/Fiche ID
[2026-07-06 11:15:22] [WARN] Pas de mappage pour: SERVICES_GENERAUX - Visiteurs () - permission ignorée sur Drive ECHOLINE/PB drive/Fiche ID
[2026-07-06 11:15:22] [SUCCESS] Permission appliquée: Equipe INFRA [write] -> Drive ECHOLINE/PB drive/Fiche ID
[2026-07-06 11:15:22] [WARN] Pas de mappage pour: Propriétaires de SERVICES_GENERAUX () - permission ignorée sur Drive ECHOLINE/PB drive/Fiche ID
[2026-07-06 11:15:22] [INFO] Traitement: /Drive ECHOLINE/PB drive/Formulaire utilisateurs/ (6 permission(s))
[2026-07-06 11:15:22] [INFO] === COPIE REELLE: Drive ECHOLINE/PB drive/Formulaire utilisateurs ===
[2026-07-06 11:15:23] [SUCCESS] Dossier cree: Drive ECHOLINE/PB drive/Formulaire utilisateurs
[2026-07-06 11:15:23] [WARN] Pas de mappage pour: Propriétaires de SERVICES_GENERAUX () - permission ignorée sur Drive ECHOLINE/PB drive/Formulaire utilisateurs
[2026-07-06 11:15:23] [WARN] Pas de mappage pour: SERVICES_GENERAUX - Visiteurs () - permission ignorée sur Drive ECHOLINE/PB drive/Formulaire utilisateurs
[2026-07-06 11:15:23] [WARN] Pas de mappage pour: SERVICES_GENERAUX - Membres () - permission ignorée sur Drive ECHOLINE/PB drive/Formulaire utilisateurs
[2026-07-06 11:15:23] [SUCCESS] Permission appliquée: User 01 [write] -> Drive ECHOLINE/PB drive/Formulaire utilisateurs
[2026-07-06 11:15:24] [SUCCESS] Permission appliquée: Equipe INFRA [write] -> Drive ECHOLINE/PB drive/Formulaire utilisateurs
[2026-07-06 11:15:24] [WARN] Impossible de résoudre 'grp_test' dans le tenant destination - permission ignorée
[2026-07-06 11:15:24] [INFO] Traitement: /Drive ECHOLINE/PB drive/LOUIS VUITTON/ (6 permission(s))
[2026-07-06 11:15:24] [INFO] === COPIE REELLE: Drive ECHOLINE/PB drive/LOUIS VUITTON ===
[2026-07-06 11:15:24] [SUCCESS] Dossier cree: Drive ECHOLINE/PB drive/LOUIS VUITTON
[2026-07-06 11:15:25] [WARN] Impossible de résoudre 'grp_test' dans le tenant destination - permission ignorée
[2026-07-06 11:15:25] [WARN] Pas de mappage pour: SERVICES_GENERAUX - Visiteurs () - permission ignorée sur Drive ECHOLINE/PB drive/LOUIS VUITTON
[2026-07-06 11:15:25] [WARN] Pas de mappage pour: SERVICES_GENERAUX - Membres () - permission ignorée sur Drive ECHOLINE/PB drive/LOUIS VUITTON
[2026-07-06 11:15:25] [SUCCESS] Permission appliquée: User 01 [write] -> Drive ECHOLINE/PB drive/LOUIS VUITTON
[2026-07-06 11:15:25] [SUCCESS] Permission appliquée: Equipe INFRA [write] -> Drive ECHOLINE/PB drive/LOUIS VUITTON
[2026-07-06 11:15:25] [WARN] Pas de mappage pour: Propriétaires de SERVICES_GENERAUX () - permission ignorée sur Drive ECHOLINE/PB drive/LOUIS VUITTON
[2026-07-06 11:15:25] [INFO] Traitement: /Drive ECHOLINE/PB drive/mails - hotline directe/ (6 permission(s))
[2026-07-06 11:15:25] [INFO] === COPIE REELLE: Drive ECHOLINE/PB drive/mails - hotline directe ===
[2026-07-06 11:15:26] [SUCCESS] Dossier cree: Drive ECHOLINE/PB drive/mails - hotline directe
[2026-07-06 11:15:26] [WARN] Pas de mappage pour: Propriétaires de SERVICES_GENERAUX () - permission ignorée sur Drive ECHOLINE/PB drive/mails - hotline directe
[2026-07-06 11:15:26] [WARN] Pas de mappage pour: SERVICES_GENERAUX - Visiteurs () - permission ignorée sur Drive ECHOLINE/PB drive/mails - hotline directe
[2026-07-06 11:15:26] [WARN] Pas de mappage pour: SERVICES_GENERAUX - Membres () - permission ignorée sur Drive ECHOLINE/PB drive/mails - hotline directe
[2026-07-06 11:15:27] [SUCCESS] Permission appliquée: User 01 [write] -> Drive ECHOLINE/PB drive/mails - hotline directe
[2026-07-06 11:15:27] [SUCCESS] Permission appliquée: Equipe INFRA [write] -> Drive ECHOLINE/PB drive/mails - hotline directe
[2026-07-06 11:15:27] [WARN] Impossible de résoudre 'grp_test' dans le tenant destination - permission ignorée
[2026-07-06 11:15:27] [INFO] Traitement: /Drive ECHOLINE/PB drive/MODELES lettre info/ (6 permission(s))
[2026-07-06 11:15:27] [INFO] === COPIE REELLE: Drive ECHOLINE/PB drive/MODELES lettre info ===
[2026-07-06 11:15:28] [SUCCESS] Dossier cree: Drive ECHOLINE/PB drive/MODELES lettre info
[2026-07-06 11:15:28] [SUCCESS] Permission appliquée: Equipe INFRA [write] -> Drive ECHOLINE/PB drive/MODELES lettre info
[2026-07-06 11:15:28] [WARN] Impossible de résoudre 'grp_test' dans le tenant destination - permission ignorée
[2026-07-06 11:15:28] [WARN] Pas de mappage pour: SERVICES_GENERAUX - Membres () - permission ignorée sur Drive ECHOLINE/PB drive/MODELES lettre info
[2026-07-06 11:15:28] [WARN] Pas de mappage pour: Propriétaires de SERVICES_GENERAUX () - permission ignorée sur Drive ECHOLINE/PB drive/MODELES lettre info
[2026-07-06 11:15:28] [WARN] Pas de mappage pour: SERVICES_GENERAUX - Visiteurs () - permission ignorée sur Drive ECHOLINE/PB drive/MODELES lettre info
[2026-07-06 11:15:28] [SUCCESS] Permission appliquée: User 01 [write] -> Drive ECHOLINE/PB drive/MODELES lettre info
[2026-07-06 11:15:28] [INFO] Traitement: /Drive ECHOLINE/PB drive/NUTRITION ET SANTE/ (6 permission(s))
[2026-07-06 11:15:28] [INFO] === COPIE REELLE: Drive ECHOLINE/PB drive/NUTRITION ET SANTE ===
[2026-07-06 11:15:29] [SUCCESS] Dossier cree: Drive ECHOLINE/PB drive/NUTRITION ET SANTE
[2026-07-06 11:15:29] [SUCCESS] Permission appliquée: Equipe INFRA [write] -> Drive ECHOLINE/PB drive/NUTRITION ET SANTE
[2026-07-06 11:15:29] [WARN] Impossible de résoudre 'grp_test' dans le tenant destination - permission ignorée
[2026-07-06 11:15:29] [SUCCESS] Permission appliquée: User 01 [write] -> Drive ECHOLINE/PB drive/NUTRITION ET SANTE
[2026-07-06 11:15:29] [WARN] Pas de mappage pour: SERVICES_GENERAUX - Membres () - permission ignorée sur Drive ECHOLINE/PB drive/NUTRITION ET SANTE
[2026-07-06 11:15:29] [WARN] Pas de mappage pour: SERVICES_GENERAUX - Visiteurs () - permission ignorée sur Drive ECHOLINE/PB drive/NUTRITION ET SANTE
[2026-07-06 11:15:29] [WARN] Pas de mappage pour: Propriétaires de SERVICES_GENERAUX () - permission ignorée sur Drive ECHOLINE/PB drive/NUTRITION ET SANTE
[2026-07-06 11:15:29] [INFO] Traitement: /Drive ECHOLINE/PB drive/PIVAUDRAN/ (6 permission(s))
[2026-07-06 11:15:29] [INFO] === COPIE REELLE: Drive ECHOLINE/PB drive/PIVAUDRAN ===
[2026-07-06 11:15:30] [SUCCESS] Dossier cree: Drive ECHOLINE/PB drive/PIVAUDRAN
[2026-07-06 11:15:30] [WARN] Impossible de résoudre 'grp_test' dans le tenant destination - permission ignorée
[2026-07-06 11:15:30] [WARN] Pas de mappage pour: SERVICES_GENERAUX - Membres () - permission ignorée sur Drive ECHOLINE/PB drive/PIVAUDRAN
[2026-07-06 11:15:30] [WARN] Pas de mappage pour: SERVICES_GENERAUX - Visiteurs () - permission ignorée sur Drive ECHOLINE/PB drive/PIVAUDRAN
[2026-07-06 11:15:30] [WARN] Pas de mappage pour: Propriétaires de SERVICES_GENERAUX () - permission ignorée sur Drive ECHOLINE/PB drive/PIVAUDRAN
[2026-07-06 11:15:33] [SUCCESS] Permission appliquée: Equipe INFRA [write] -> Drive ECHOLINE/PB drive/PIVAUDRAN
[2026-07-06 11:15:33] [SUCCESS] Permission appliquée: User 01 [write] -> Drive ECHOLINE/PB drive/PIVAUDRAN
[2026-07-06 11:15:33] [INFO] Traitement: /Drive ECHOLINE/PB drive/Projets/ (6 permission(s))
[2026-07-06 11:15:33] [INFO] === COPIE REELLE: Drive ECHOLINE/PB drive/Projets ===
[2026-07-06 11:15:34] [SUCCESS] Dossier cree: Drive ECHOLINE/PB drive/Projets
[2026-07-06 11:15:34] [WARN] Pas de mappage pour: SERVICES_GENERAUX - Membres () - permission ignorée sur Drive ECHOLINE/PB drive/Projets
[2026-07-06 11:15:34] [WARN] Pas de mappage pour: Propriétaires de SERVICES_GENERAUX () - permission ignorée sur Drive ECHOLINE/PB drive/Projets
[2026-07-06 11:15:34] [WARN] Pas de mappage pour: SERVICES_GENERAUX - Visiteurs () - permission ignorée sur Drive ECHOLINE/PB drive/Projets
[2026-07-06 11:15:34] [SUCCESS] Permission appliquée: User 01 [write] -> Drive ECHOLINE/PB drive/Projets
[2026-07-06 11:15:34] [SUCCESS] Permission appliquée: Equipe INFRA [write] -> Drive ECHOLINE/PB drive/Projets
[2026-07-06 11:15:34] [WARN] Impossible de résoudre 'grp_test' dans le tenant destination - permission ignorée
[2026-07-06 11:15:34] [INFO] Traitement: /Drive ECHOLINE/PB drive/RIEN AJOUTER Dossiers clients/ (6 permission(s))
[2026-07-06 11:15:34] [INFO] === COPIE REELLE: Drive ECHOLINE/PB drive/RIEN AJOUTER Dossiers clients ===
[2026-07-06 11:15:35] [SUCCESS] Dossier cree: Drive ECHOLINE/PB drive/RIEN AJOUTER Dossiers clients
[2026-07-06 11:15:35] [WARN] Impossible de résoudre 'grp_test' dans le tenant destination - permission ignorée
[2026-07-06 11:15:35] [WARN] Pas de mappage pour: Propriétaires de SERVICES_GENERAUX () - permission ignorée sur Drive ECHOLINE/PB drive/RIEN AJOUTER Dossiers clients
[2026-07-06 11:15:35] [WARN] Pas de mappage pour: SERVICES_GENERAUX - Visiteurs () - permission ignorée sur Drive ECHOLINE/PB drive/RIEN AJOUTER Dossiers clients
[2026-07-06 11:15:35] [WARN] Pas de mappage pour: SERVICES_GENERAUX - Membres () - permission ignorée sur Drive ECHOLINE/PB drive/RIEN AJOUTER Dossiers clients
[2026-07-06 11:15:35] [SUCCESS] Permission appliquée: User 01 [write] -> Drive ECHOLINE/PB drive/RIEN AJOUTER Dossiers clients
[2026-07-06 11:15:35] [SUCCESS] Permission appliquée: Equipe INFRA [write] -> Drive ECHOLINE/PB drive/RIEN AJOUTER Dossiers clients
[2026-07-06 11:15:35] [INFO] Traitement: /Drive ECHOLINE/PB drive/SIGNAUX GIROD/ (6 permission(s))
[2026-07-06 11:15:35] [INFO] === COPIE REELLE: Drive ECHOLINE/PB drive/SIGNAUX GIROD ===
[2026-07-06 11:15:36] [SUCCESS] Dossier cree: Drive ECHOLINE/PB drive/SIGNAUX GIROD
[2026-07-06 11:15:36] [WARN] Impossible de résoudre 'grp_test' dans le tenant destination - permission ignorée
[2026-07-06 11:15:36] [SUCCESS] Permission appliquée: Equipe INFRA [write] -> Drive ECHOLINE/PB drive/SIGNAUX GIROD
[2026-07-06 11:15:36] [SUCCESS] Permission appliquée: User 01 [write] -> Drive ECHOLINE/PB drive/SIGNAUX GIROD
[2026-07-06 11:15:36] [WARN] Pas de mappage pour: SERVICES_GENERAUX - Membres () - permission ignorée sur Drive ECHOLINE/PB drive/SIGNAUX GIROD
[2026-07-06 11:15:36] [WARN] Pas de mappage pour: SERVICES_GENERAUX - Visiteurs () - permission ignorée sur Drive ECHOLINE/PB drive/SIGNAUX GIROD
[2026-07-06 11:15:36] [WARN] Pas de mappage pour: Propriétaires de SERVICES_GENERAUX () - permission ignorée sur Drive ECHOLINE/PB drive/SIGNAUX GIROD
[2026-07-06 11:15:36] [INFO] Traitement: /Drive ECHOLINE/PB drive/STERIS/ (6 permission(s))
[2026-07-06 11:15:36] [INFO] === COPIE REELLE: Drive ECHOLINE/PB drive/STERIS ===
[2026-07-06 11:15:37] [SUCCESS] Dossier cree: Drive ECHOLINE/PB drive/STERIS
[2026-07-06 11:15:37] [SUCCESS] Permission appliquée: Equipe INFRA [write] -> Drive ECHOLINE/PB drive/STERIS
[2026-07-06 11:15:37] [SUCCESS] Permission appliquée: User 01 [write] -> Drive ECHOLINE/PB drive/STERIS
[2026-07-06 11:15:37] [WARN] Pas de mappage pour: SERVICES_GENERAUX - Membres () - permission ignorée sur Drive ECHOLINE/PB drive/STERIS
[2026-07-06 11:15:37] [WARN] Pas de mappage pour: Propriétaires de SERVICES_GENERAUX () - permission ignorée sur Drive ECHOLINE/PB drive/STERIS
[2026-07-06 11:15:37] [WARN] Pas de mappage pour: SERVICES_GENERAUX - Visiteurs () - permission ignorée sur Drive ECHOLINE/PB drive/STERIS
[2026-07-06 11:15:37] [WARN] Impossible de résoudre 'grp_test' dans le tenant destination - permission ignorée
[2026-07-06 11:15:37] [INFO] Traitement: /Drive ECHOLINE/PB drive/THYSSENKRUPP/ (6 permission(s))
[2026-07-06 11:15:37] [INFO] === COPIE REELLE: Drive ECHOLINE/PB drive/THYSSENKRUPP ===
[2026-07-06 11:15:38] [SUCCESS] Dossier cree: Drive ECHOLINE/PB drive/THYSSENKRUPP
[2026-07-06 11:15:38] [SUCCESS] Permission appliquée: Equipe INFRA [write] -> Drive ECHOLINE/PB drive/THYSSENKRUPP
[2026-07-06 11:15:39] [SUCCESS] Permission appliquée: User 01 [write] -> Drive ECHOLINE/PB drive/THYSSENKRUPP
[2026-07-06 11:15:39] [WARN] Pas de mappage pour: SERVICES_GENERAUX - Membres () - permission ignorée sur Drive ECHOLINE/PB drive/THYSSENKRUPP
[2026-07-06 11:15:39] [WARN] Pas de mappage pour: SERVICES_GENERAUX - Visiteurs () - permission ignorée sur Drive ECHOLINE/PB drive/THYSSENKRUPP
[2026-07-06 11:15:39] [WARN] Pas de mappage pour: Propriétaires de SERVICES_GENERAUX () - permission ignorée sur Drive ECHOLINE/PB drive/THYSSENKRUPP
[2026-07-06 11:15:39] [WARN] Impossible de résoudre 'grp_test' dans le tenant destination - permission ignorée
[2026-07-06 11:15:39] [INFO] Traitement: /Drive ECHOLINE/PB drive/Union Invivo - Montoir de Bretagne/ (6 permission(s))
[2026-07-06 11:15:39] [INFO] === COPIE REELLE: Drive ECHOLINE/PB drive/Union Invivo - Montoir de Bretagne ===
[2026-07-06 11:15:39] [SUCCESS] Dossier cree: Drive ECHOLINE/PB drive/Union Invivo - Montoir de Bretagne
[2026-07-06 11:15:40] [SUCCESS] Permission appliquée: User 01 [write] -> Drive ECHOLINE/PB drive/Union Invivo - Montoir de Bretagne
[2026-07-06 11:15:40] [WARN] Pas de mappage pour: SERVICES_GENERAUX - Membres () - permission ignorée sur Drive ECHOLINE/PB drive/Union Invivo - Montoir de Bretagne
[2026-07-06 11:15:40] [WARN] Pas de mappage pour: SERVICES_GENERAUX - Visiteurs () - permission ignorée sur Drive ECHOLINE/PB drive/Union Invivo - Montoir de Bretagne
[2026-07-06 11:15:40] [WARN] Impossible de résoudre 'grp_test' dans le tenant destination - permission ignorée
[2026-07-06 11:15:40] [SUCCESS] Permission appliquée: Equipe INFRA [write] -> Drive ECHOLINE/PB drive/Union Invivo - Montoir de Bretagne
[2026-07-06 11:15:40] [WARN] Pas de mappage pour: Propriétaires de SERVICES_GENERAUX () - permission ignorée sur Drive ECHOLINE/PB drive/Union Invivo - Montoir de Bretagne
[2026-07-06 11:15:40] [INFO] Traitement: /Drive ECHOLINE/PB drive/Union Invivo - Nantes/ (6 permission(s))
[2026-07-06 11:15:40] [INFO] === COPIE REELLE: Drive ECHOLINE/PB drive/Union Invivo - Nantes ===
[2026-07-06 11:15:40] [SUCCESS] Dossier cree: Drive ECHOLINE/PB drive/Union Invivo - Nantes
[2026-07-06 11:15:41] [SUCCESS] Permission appliquée: Equipe INFRA [write] -> Drive ECHOLINE/PB drive/Union Invivo - Nantes
[2026-07-06 11:15:41] [SUCCESS] Permission appliquée: User 01 [write] -> Drive ECHOLINE/PB drive/Union Invivo - Nantes
[2026-07-06 11:15:41] [WARN] Pas de mappage pour: SERVICES_GENERAUX - Membres () - permission ignorée sur Drive ECHOLINE/PB drive/Union Invivo - Nantes
[2026-07-06 11:15:41] [WARN] Pas de mappage pour: SERVICES_GENERAUX - Visiteurs () - permission ignorée sur Drive ECHOLINE/PB drive/Union Invivo - Nantes
[2026-07-06 11:15:41] [WARN] Pas de mappage pour: Propriétaires de SERVICES_GENERAUX () - permission ignorée sur Drive ECHOLINE/PB drive/Union Invivo - Nantes
[2026-07-06 11:15:41] [WARN] Impossible de résoudre 'grp_test' dans le tenant destination - permission ignorée
[2026-07-06 11:15:41] [INFO] Traitement: /Drive ECHOLINE/PB drive/Union Invivo - Saint-usage/ (6 permission(s))
[2026-07-06 11:15:41] [INFO] === COPIE REELLE: Drive ECHOLINE/PB drive/Union Invivo - Saint-usage ===
[2026-07-06 11:15:42] [SUCCESS] Dossier cree: Drive ECHOLINE/PB drive/Union Invivo - Saint-usage
[2026-07-06 11:15:42] [WARN] Pas de mappage pour: Propriétaires de SERVICES_GENERAUX () - permission ignorée sur Drive ECHOLINE/PB drive/Union Invivo - Saint-usage
[2026-07-06 11:15:42] [WARN] Impossible de résoudre 'grp_test' dans le tenant destination - permission ignorée
[2026-07-06 11:15:42] [SUCCESS] Permission appliquée: Equipe INFRA [write] -> Drive ECHOLINE/PB drive/Union Invivo - Saint-usage
[2026-07-06 11:15:42] [SUCCESS] Permission appliquée: User 01 [write] -> Drive ECHOLINE/PB drive/Union Invivo - Saint-usage
[2026-07-06 11:15:42] [WARN] Pas de mappage pour: SERVICES_GENERAUX - Membres () - permission ignorée sur Drive ECHOLINE/PB drive/Union Invivo - Saint-usage
[2026-07-06 11:15:42] [WARN] Pas de mappage pour: SERVICES_GENERAUX - Visiteurs () - permission ignorée sur Drive ECHOLINE/PB drive/Union Invivo - Saint-usage
[2026-07-06 11:15:42] [INFO] Traitement: /Drive ECHOLINE/PB drive/Union Invivo Chalon en Champagne/ (6 permission(s))
[2026-07-06 11:15:42] [INFO] === COPIE REELLE: Drive ECHOLINE/PB drive/Union Invivo Chalon en Champagne ===
[2026-07-06 11:15:43] [SUCCESS] Dossier cree: Drive ECHOLINE/PB drive/Union Invivo Chalon en Champagne
[2026-07-06 11:15:43] [WARN] Impossible de résoudre 'grp_test' dans le tenant destination - permission ignorée
[2026-07-06 11:15:43] [SUCCESS] Permission appliquée: User 01 [write] -> Drive ECHOLINE/PB drive/Union Invivo Chalon en Champagne
[2026-07-06 11:15:43] [WARN] Pas de mappage pour: SERVICES_GENERAUX - Membres () - permission ignorée sur Drive ECHOLINE/PB drive/Union Invivo Chalon en Champagne
[2026-07-06 11:15:43] [WARN] Pas de mappage pour: SERVICES_GENERAUX - Visiteurs () - permission ignorée sur Drive ECHOLINE/PB drive/Union Invivo Chalon en Champagne
[2026-07-06 11:15:43] [SUCCESS] Permission appliquée: Equipe INFRA [write] -> Drive ECHOLINE/PB drive/Union Invivo Chalon en Champagne
[2026-07-06 11:15:43] [WARN] Pas de mappage pour: Propriétaires de SERVICES_GENERAUX () - permission ignorée sur Drive ECHOLINE/PB drive/Union Invivo Chalon en Champagne
[2026-07-06 11:15:43] [INFO] Traitement: /Drive ECHOLINE/PB drive/Union Invivo Metz/ (6 permission(s))
[2026-07-06 11:15:43] [INFO] === COPIE REELLE: Drive ECHOLINE/PB drive/Union Invivo Metz ===
[2026-07-06 11:15:44] [SUCCESS] Dossier cree: Drive ECHOLINE/PB drive/Union Invivo Metz
[2026-07-06 11:15:44] [WARN] Pas de mappage pour: SERVICES_GENERAUX - Membres () - permission ignorée sur Drive ECHOLINE/PB drive/Union Invivo Metz
[2026-07-06 11:15:44] [WARN] Pas de mappage pour: Propriétaires de SERVICES_GENERAUX () - permission ignorée sur Drive ECHOLINE/PB drive/Union Invivo Metz
[2026-07-06 11:15:44] [WARN] Pas de mappage pour: SERVICES_GENERAUX - Visiteurs () - permission ignorée sur Drive ECHOLINE/PB drive/Union Invivo Metz
[2026-07-06 11:15:44] [SUCCESS] Permission appliquée: User 01 [write] -> Drive ECHOLINE/PB drive/Union Invivo Metz
[2026-07-06 11:15:44] [SUCCESS] Permission appliquée: Equipe INFRA [write] -> Drive ECHOLINE/PB drive/Union Invivo Metz
[2026-07-06 11:15:44] [WARN] Impossible de résoudre 'grp_test' dans le tenant destination - permission ignorée
[2026-07-06 11:15:44] [INFO] Traitement: /Drive ECHOLINE/PB drive/VALOREM/ (6 permission(s))
[2026-07-06 11:15:44] [INFO] === COPIE REELLE: Drive ECHOLINE/PB drive/VALOREM ===
[2026-07-06 11:15:45] [SUCCESS] Dossier cree: Drive ECHOLINE/PB drive/VALOREM
[2026-07-06 11:15:45] [WARN] Impossible de résoudre 'grp_test' dans le tenant destination - permission ignorée
[2026-07-06 11:15:45] [WARN] Pas de mappage pour: Propriétaires de SERVICES_GENERAUX () - permission ignorée sur Drive ECHOLINE/PB drive/VALOREM
[2026-07-06 11:15:45] [WARN] Pas de mappage pour: SERVICES_GENERAUX - Membres () - permission ignorée sur Drive ECHOLINE/PB drive/VALOREM
[2026-07-06 11:15:45] [SUCCESS] Permission appliquée: User 01 [write] -> Drive ECHOLINE/PB drive/VALOREM
[2026-07-06 11:15:46] [SUCCESS] Permission appliquée: Equipe INFRA [write] -> Drive ECHOLINE/PB drive/VALOREM
[2026-07-06 11:15:46] [WARN] Pas de mappage pour: SERVICES_GENERAUX - Visiteurs () - permission ignorée sur Drive ECHOLINE/PB drive/VALOREM
[2026-07-06 11:15:46] [INFO] Traitement: /Drive ECHOLINE/PB drive/VILLEROY ET BOCH/ (6 permission(s))
[2026-07-06 11:15:46] [INFO] === COPIE REELLE: Drive ECHOLINE/PB drive/VILLEROY ET BOCH ===
[2026-07-06 11:15:46] [SUCCESS] Dossier cree: Drive ECHOLINE/PB drive/VILLEROY ET BOCH
[2026-07-06 11:15:46] [WARN] Pas de mappage pour: Propriétaires de SERVICES_GENERAUX () - permission ignorée sur Drive ECHOLINE/PB drive/VILLEROY ET BOCH
[2026-07-06 11:15:46] [WARN] Pas de mappage pour: SERVICES_GENERAUX - Visiteurs () - permission ignorée sur Drive ECHOLINE/PB drive/VILLEROY ET BOCH
[2026-07-06 11:15:46] [WARN] Pas de mappage pour: SERVICES_GENERAUX - Membres () - permission ignorée sur Drive ECHOLINE/PB drive/VILLEROY ET BOCH
[2026-07-06 11:15:47] [SUCCESS] Permission appliquée: User 01 [write] -> Drive ECHOLINE/PB drive/VILLEROY ET BOCH
[2026-07-06 11:15:47] [SUCCESS] Permission appliquée: Equipe INFRA [write] -> Drive ECHOLINE/PB drive/VILLEROY ET BOCH
[2026-07-06 11:15:47] [WARN] Impossible de résoudre 'grp_test' dans le tenant destination - permission ignorée
[2026-07-06 11:15:47] [INFO] Traitement: /Drive ECHOLINE/PB drive/Visites/ (6 permission(s))
[2026-07-06 11:15:47] [INFO] === COPIE REELLE: Drive ECHOLINE/PB drive/Visites ===
[2026-07-06 11:15:47] [SUCCESS] Dossier cree: Drive ECHOLINE/PB drive/Visites
[2026-07-06 11:15:48] [SUCCESS] Permission appliquée: Equipe INFRA [write] -> Drive ECHOLINE/PB drive/Visites
[2026-07-06 11:15:48] [WARN] Impossible de résoudre 'grp_test' dans le tenant destination - permission ignorée
[2026-07-06 11:15:48] [WARN] Pas de mappage pour: SERVICES_GENERAUX - Membres () - permission ignorée sur Drive ECHOLINE/PB drive/Visites
[2026-07-06 11:15:48] [WARN] Pas de mappage pour: Propriétaires de SERVICES_GENERAUX () - permission ignorée sur Drive ECHOLINE/PB drive/Visites
[2026-07-06 11:15:48] [WARN] Pas de mappage pour: SERVICES_GENERAUX - Visiteurs () - permission ignorée sur Drive ECHOLINE/PB drive/Visites
[2026-07-06 11:15:48] [SUCCESS] Permission appliquée: User 01 [write] -> Drive ECHOLINE/PB drive/Visites
[2026-07-06 11:15:48] [INFO] Traitement: /emailaddress.csv (5 permission(s))
[2026-07-06 11:15:48] [INFO] === COPIE REELLE: emailaddress.csv ===
[2026-07-06 11:15:49] [SUCCESS] === FICHIER COPIE AVEC SUCCES: emailaddress.csv ===
[2026-07-06 11:15:49] [WARN] Pas de mappage pour: Propriétaires de SERVICES_GENERAUX () - permission ignorée sur emailaddress.csv
[2026-07-06 11:15:49] [WARN] Pas de mappage pour: SERVICES_GENERAUX - Membres () - permission ignorée sur emailaddress.csv
[2026-07-06 11:15:49] [SUCCESS] Permission appliquée: Equipe INFRA [write] -> emailaddress.csv
[2026-07-06 11:15:49] [WARN] Impossible de résoudre 'grp_test' dans le tenant destination - permission ignorée
[2026-07-06 11:15:49] [WARN] Pas de mappage pour: SERVICES_GENERAUX - Visiteurs () - permission ignorée sur emailaddress.csv
[2026-07-06 11:15:49] [INFO] Traitement: /Members_.csv (5 permission(s))
[2026-07-06 11:15:49] [INFO] === COPIE REELLE: Members_.csv ===
[2026-07-06 11:15:50] [SUCCESS] === FICHIER COPIE AVEC SUCCES: Members_.csv ===
[2026-07-06 11:15:51] [WARN] Pas de mappage pour: Propriétaires de SERVICES_GENERAUX () - permission ignorée sur Members_.csv
[2026-07-06 11:15:51] [WARN] Pas de mappage pour: SERVICES_GENERAUX - Visiteurs () - permission ignorée sur Members_.csv
[2026-07-06 11:15:51] [SUCCESS] Permission appliquée: Equipe INFRA [write] -> Members_.csv
[2026-07-06 11:15:51] [WARN] Impossible de résoudre 'grp_test' dans le tenant destination - permission ignorée
[2026-07-06 11:15:51] [WARN] Pas de mappage pour: SERVICES_GENERAUX - Membres () - permission ignorée sur Members_.csv
[2026-07-06 11:15:51] [INFO] Traitement: /Members_support.csv (5 permission(s))
[2026-07-06 11:15:51] [INFO] === COPIE REELLE: Members_support.csv ===
[2026-07-06 11:15:57] [SUCCESS] === FICHIER COPIE AVEC SUCCES: Members_support.csv ===
[2026-07-06 11:15:57] [SUCCESS] Permission appliquée: Equipe INFRA [write] -> Members_support.csv
[2026-07-06 11:15:57] [WARN] Pas de mappage pour: Propriétaires de SERVICES_GENERAUX () - permission ignorée sur Members_support.csv
[2026-07-06 11:15:57] [WARN] Pas de mappage pour: SERVICES_GENERAUX - Visiteurs () - permission ignorée sur Members_support.csv
[2026-07-06 11:15:57] [WARN] Pas de mappage pour: SERVICES_GENERAUX - Membres () - permission ignorée sur Members_support.csv
[2026-07-06 11:15:57] [WARN] Impossible de résoudre 'grp_test' dans le tenant destination - permission ignorée
[2026-07-06 11:15:57] [INFO] Traitement: /SCRIPT/ (5 permission(s))
[2026-07-06 11:15:57] [INFO] === COPIE REELLE: SCRIPT ===
[2026-07-06 11:15:57] [SUCCESS] Dossier cree: SCRIPT
[2026-07-06 11:15:58] [WARN] Pas de mappage pour: SERVICES_GENERAUX - Membres () - permission ignorée sur SCRIPT
[2026-07-06 11:15:58] [WARN] Pas de mappage pour: SERVICES_GENERAUX - Visiteurs () - permission ignorée sur SCRIPT
[2026-07-06 11:15:58] [WARN] Impossible de résoudre 'grp_test' dans le tenant destination - permission ignorée
[2026-07-06 11:15:58] [WARN] Pas de mappage pour: Propriétaires de SERVICES_GENERAUX () - permission ignorée sur SCRIPT
[2026-07-06 11:15:58] [SUCCESS] Permission appliquée: Equipe INFRA [write] -> SCRIPT
[2026-07-06 11:15:58] [INFO] Traitement: /SCRIPT/ajout_DKIM_PS.txt (5 permission(s))
[2026-07-06 11:15:58] [INFO] === COPIE REELLE: SCRIPT/ajout_DKIM_PS.txt ===
[2026-07-06 11:15:59] [SUCCESS] === FICHIER COPIE AVEC SUCCES: SCRIPT/ajout_DKIM_PS.txt ===
[2026-07-06 11:15:59] [WARN] Pas de mappage pour: Propriétaires de SERVICES_GENERAUX () - permission ignorée sur SCRIPT/ajout_DKIM_PS.txt
[2026-07-06 11:15:59] [WARN] Pas de mappage pour: SERVICES_GENERAUX - Visiteurs () - permission ignorée sur SCRIPT/ajout_DKIM_PS.txt
[2026-07-06 11:15:59] [WARN] Pas de mappage pour: SERVICES_GENERAUX - Membres () - permission ignorée sur SCRIPT/ajout_DKIM_PS.txt
[2026-07-06 11:15:59] [SUCCESS] Permission appliquée: Equipe INFRA [write] -> SCRIPT/ajout_DKIM_PS.txt
[2026-07-06 11:15:59] [WARN] Impossible de résoudre 'grp_test' dans le tenant destination - permission ignorée
[2026-07-06 11:15:59] [INFO] Traitement: /SCRIPT/conf_POSTFIX_Domaine.txt (5 permission(s))
[2026-07-06 11:15:59] [INFO] === COPIE REELLE: SCRIPT/conf_POSTFIX_Domaine.txt ===
[2026-07-06 11:16:00] [SUCCESS] === FICHIER COPIE AVEC SUCCES: SCRIPT/conf_POSTFIX_Domaine.txt ===
[2026-07-06 11:16:00] [WARN] Pas de mappage pour: SERVICES_GENERAUX - Visiteurs () - permission ignorée sur SCRIPT/conf_POSTFIX_Domaine.txt
[2026-07-06 11:16:00] [WARN] Pas de mappage pour: SERVICES_GENERAUX - Membres () - permission ignorée sur SCRIPT/conf_POSTFIX_Domaine.txt
[2026-07-06 11:16:00] [WARN] Impossible de résoudre 'grp_test' dans le tenant destination - permission ignorée
[2026-07-06 11:16:01] [SUCCESS] Permission appliquée: Equipe INFRA [write] -> SCRIPT/conf_POSTFIX_Domaine.txt
[2026-07-06 11:16:01] [WARN] Pas de mappage pour: Propriétaires de SERVICES_GENERAUX () - permission ignorée sur SCRIPT/conf_POSTFIX_Domaine.txt
[2026-07-06 11:16:01] [INFO] Traitement: /SCRIPT/EOm8Q~EPBhXvVx5eeRrXdYK5wljgxyS6bGm.txt (5 permission(s))
[2026-07-06 11:16:01] [INFO] === COPIE REELLE: SCRIPT/EOm8Q~EPBhXvVx5eeRrXdYK5wljgxyS6bGm.txt ===
[2026-07-06 11:16:02] [SUCCESS] === FICHIER COPIE AVEC SUCCES: SCRIPT/EOm8Q~EPBhXvVx5eeRrXdYK5wljgxyS6bGm.txt ===
[2026-07-06 11:16:02] [WARN] Pas de mappage pour: Propriétaires de SERVICES_GENERAUX () - permission ignorée sur SCRIPT/EOm8Q~EPBhXvVx5eeRrXdYK5wljgxyS6bGm.txt
[2026-07-06 11:16:02] [WARN] Pas de mappage pour: SERVICES_GENERAUX - Visiteurs () - permission ignorée sur SCRIPT/EOm8Q~EPBhXvVx5eeRrXdYK5wljgxyS6bGm.txt
[2026-07-06 11:16:02] [WARN] Pas de mappage pour: SERVICES_GENERAUX - Membres () - permission ignorée sur SCRIPT/EOm8Q~EPBhXvVx5eeRrXdYK5wljgxyS6bGm.txt
[2026-07-06 11:16:02] [SUCCESS] Permission appliquée: Equipe INFRA [write] -> SCRIPT/EOm8Q~EPBhXvVx5eeRrXdYK5wljgxyS6bGm.txt
[2026-07-06 11:16:02] [WARN] Impossible de résoudre 'grp_test' dans le tenant destination - permission ignorée
[2026-07-06 11:16:02] [INFO] Traitement: /SCRIPT/Extraction_AD_BAUNETZ.ps1 (5 permission(s))
[2026-07-06 11:16:02] [INFO] === COPIE REELLE: SCRIPT/Extraction_AD_BAUNETZ.ps1 ===
[2026-07-06 11:16:03] [SUCCESS] === FICHIER COPIE AVEC SUCCES: SCRIPT/Extraction_AD_BAUNETZ.ps1 ===
[2026-07-06 11:16:04] [SUCCESS] Permission appliquée: Equipe INFRA [write] -> SCRIPT/Extraction_AD_BAUNETZ.ps1
[2026-07-06 11:16:04] [WARN] Impossible de résoudre 'grp_test' dans le tenant destination - permission ignorée
[2026-07-06 11:16:04] [WARN] Pas de mappage pour: SERVICES_GENERAUX - Visiteurs () - permission ignorée sur SCRIPT/Extraction_AD_BAUNETZ.ps1
[2026-07-06 11:16:04] [WARN] Pas de mappage pour: Propriétaires de SERVICES_GENERAUX () - permission ignorée sur SCRIPT/Extraction_AD_BAUNETZ.ps1
[2026-07-06 11:16:04] [WARN] Pas de mappage pour: SERVICES_GENERAUX - Membres () - permission ignorée sur SCRIPT/Extraction_AD_BAUNETZ.ps1
[2026-07-06 11:16:04] [INFO] Traitement: /SCRIPT/import_onedrive.csv (5 permission(s))
[2026-07-06 11:16:04] [INFO] === COPIE REELLE: SCRIPT/import_onedrive.csv ===
[2026-07-06 11:16:05] [SUCCESS] === FICHIER COPIE AVEC SUCCES: SCRIPT/import_onedrive.csv ===
[2026-07-06 11:16:05] [WARN] Pas de mappage pour: Propriétaires de SERVICES_GENERAUX () - permission ignorée sur SCRIPT/import_onedrive.csv
[2026-07-06 11:16:05] [WARN] Pas de mappage pour: SERVICES_GENERAUX - Visiteurs () - permission ignorée sur SCRIPT/import_onedrive.csv
[2026-07-06 11:16:05] [WARN] Pas de mappage pour: SERVICES_GENERAUX - Membres () - permission ignorée sur SCRIPT/import_onedrive.csv
[2026-07-06 11:16:05] [SUCCESS] Permission appliquée: Equipe INFRA [write] -> SCRIPT/import_onedrive.csv
[2026-07-06 11:16:05] [WARN] Impossible de résoudre 'grp_test' dans le tenant destination - permission ignorée
[2026-07-06 11:16:05] [INFO] Traitement: /SCRIPT/mail_secondaire.csv (5 permission(s))
[2026-07-06 11:16:05] [INFO] === COPIE REELLE: SCRIPT/mail_secondaire.csv ===
[2026-07-06 11:16:06] [SUCCESS] === FICHIER COPIE AVEC SUCCES: SCRIPT/mail_secondaire.csv ===
[2026-07-06 11:16:07] [WARN] Impossible de résoudre 'grp_test' dans le tenant destination - permission ignorée
[2026-07-06 11:16:07] [WARN] Pas de mappage pour: Propriétaires de SERVICES_GENERAUX () - permission ignorée sur SCRIPT/mail_secondaire.csv
[2026-07-06 11:16:07] [WARN] Pas de mappage pour: SERVICES_GENERAUX - Visiteurs () - permission ignorée sur SCRIPT/mail_secondaire.csv
[2026-07-06 11:16:07] [WARN] Pas de mappage pour: SERVICES_GENERAUX - Membres () - permission ignorée sur SCRIPT/mail_secondaire.csv
[2026-07-06 11:16:07] [SUCCESS] Permission appliquée: Equipe INFRA [write] -> SCRIPT/mail_secondaire.csv
[2026-07-06 11:16:07] [INFO] Traitement: /SCRIPT/migrationwiz_import_email_email (1).csv (5 permission(s))
[2026-07-06 11:16:07] [INFO] === COPIE REELLE: SCRIPT/migrationwiz_import_email_email (1).csv ===
[2026-07-06 11:16:08] [SUCCESS] === FICHIER COPIE AVEC SUCCES: SCRIPT/migrationwiz_import_email_email (1).csv ===
[2026-07-06 11:16:08] [WARN] Pas de mappage pour: SERVICES_GENERAUX - Visiteurs () - permission ignorée sur SCRIPT/migrationwiz_import_email_email (1).csv
[2026-07-06 11:16:08] [WARN] Pas de mappage pour: SERVICES_GENERAUX - Membres () - permission ignorée sur SCRIPT/migrationwiz_import_email_email (1).csv
[2026-07-06 11:16:08] [SUCCESS] Permission appliquée: Equipe INFRA [write] -> SCRIPT/migrationwiz_import_email_email (1).csv
[2026-07-06 11:16:08] [WARN] Pas de mappage pour: Propriétaires de SERVICES_GENERAUX () - permission ignorée sur SCRIPT/migrationwiz_import_email_email (1).csv
[2026-07-06 11:16:08] [WARN] Impossible de résoudre 'grp_test' dans le tenant destination - permission ignorée
[2026-07-06 11:16:08] [INFO] Traitement: /SCRIPT/Murge_BAL_Important!!.txt (5 permission(s))
[2026-07-06 11:16:08] [INFO] === COPIE REELLE: SCRIPT/Murge_BAL_Important!!.txt ===
[2026-07-06 11:16:09] [SUCCESS] === FICHIER COPIE AVEC SUCCES: SCRIPT/Murge_BAL_Important!!.txt ===
[2026-07-06 11:16:09] [WARN] Pas de mappage pour: Propriétaires de SERVICES_GENERAUX () - permission ignorée sur SCRIPT/Murge_BAL_Important!!.txt
[2026-07-06 11:16:09] [WARN] Pas de mappage pour: SERVICES_GENERAUX - Visiteurs () - permission ignorée sur SCRIPT/Murge_BAL_Important!!.txt
[2026-07-06 11:16:10] [SUCCESS] Permission appliquée: Equipe INFRA [write] -> SCRIPT/Murge_BAL_Important!!.txt
[2026-07-06 11:16:10] [WARN] Impossible de résoudre 'grp_test' dans le tenant destination - permission ignorée
[2026-07-06 11:16:10] [WARN] Pas de mappage pour: SERVICES_GENERAUX - Membres () - permission ignorée sur SCRIPT/Murge_BAL_Important!!.txt
[2026-07-06 11:16:10] [INFO] Traitement: /SCRIPT/nouveau 10.txt (5 permission(s))
[2026-07-06 11:16:10] [INFO] === COPIE REELLE: SCRIPT/nouveau 10.txt ===
[2026-07-06 11:16:11] [SUCCESS] === FICHIER COPIE AVEC SUCCES: SCRIPT/nouveau 10.txt ===
[2026-07-06 11:16:11] [WARN] Pas de mappage pour: Propriétaires de SERVICES_GENERAUX () - permission ignorée sur SCRIPT/nouveau 10.txt
[2026-07-06 11:16:11] [WARN] Pas de mappage pour: SERVICES_GENERAUX - Membres () - permission ignorée sur SCRIPT/nouveau 10.txt
[2026-07-06 11:16:11] [SUCCESS] Permission appliquée: Equipe INFRA [write] -> SCRIPT/nouveau 10.txt
[2026-07-06 11:16:11] [WARN] Impossible de résoudre 'grp_test' dans le tenant destination - permission ignorée
[2026-07-06 11:16:11] [WARN] Pas de mappage pour: SERVICES_GENERAUX - Visiteurs () - permission ignorée sur SCRIPT/nouveau 10.txt
[2026-07-06 11:16:11] [INFO] Traitement: /SCRIPT/nouveau 12.txt (5 permission(s))
[2026-07-06 11:16:11] [INFO] === COPIE REELLE: SCRIPT/nouveau 12.txt ===
[2026-07-06 11:16:12] [SUCCESS] === FICHIER COPIE AVEC SUCCES: SCRIPT/nouveau 12.txt ===
[2026-07-06 11:16:12] [WARN] Pas de mappage pour: SERVICES_GENERAUX - Visiteurs () - permission ignorée sur SCRIPT/nouveau 12.txt
[2026-07-06 11:16:13] [SUCCESS] Permission appliquée: Equipe INFRA [write] -> SCRIPT/nouveau 12.txt
[2026-07-06 11:16:13] [WARN] Pas de mappage pour: SERVICES_GENERAUX - Membres () - permission ignorée sur SCRIPT/nouveau 12.txt
[2026-07-06 11:16:13] [WARN] Pas de mappage pour: Propriétaires de SERVICES_GENERAUX () - permission ignorée sur SCRIPT/nouveau 12.txt
[2026-07-06 11:16:13] [WARN] Impossible de résoudre 'grp_test' dans le tenant destination - permission ignorée
[2026-07-06 11:16:13] [INFO] Traitement: /SCRIPT/Nouveau Document texte.csv (5 permission(s))
[2026-07-06 11:16:13] [INFO] === COPIE REELLE: SCRIPT/Nouveau Document texte.csv ===
[2026-07-06 11:16:14] [SUCCESS] === FICHIER COPIE AVEC SUCCES: SCRIPT/Nouveau Document texte.csv ===
[2026-07-06 11:16:14] [WARN] Impossible de résoudre 'grp_test' dans le tenant destination - permission ignorée
[2026-07-06 11:16:14] [SUCCESS] Permission appliquée: Equipe INFRA [write] -> SCRIPT/Nouveau Document texte.csv
[2026-07-06 11:16:14] [WARN] Pas de mappage pour: SERVICES_GENERAUX - Membres () - permission ignorée sur SCRIPT/Nouveau Document texte.csv
[2026-07-06 11:16:14] [WARN] Pas de mappage pour: SERVICES_GENERAUX - Visiteurs () - permission ignorée sur SCRIPT/Nouveau Document texte.csv
[2026-07-06 11:16:14] [WARN] Pas de mappage pour: Propriétaires de SERVICES_GENERAUX () - permission ignorée sur SCRIPT/Nouveau Document texte.csv
[2026-07-06 11:16:14] [INFO] Traitement: /SCRIPT/Post_Fixe.txt (5 permission(s))
[2026-07-06 11:16:14] [INFO] === COPIE REELLE: SCRIPT/Post_Fixe.txt ===
[2026-07-06 11:16:15] [SUCCESS] === FICHIER COPIE AVEC SUCCES: SCRIPT/Post_Fixe.txt ===
[2026-07-06 11:16:15] [WARN] Pas de mappage pour: SERVICES_GENERAUX - Membres () - permission ignorée sur SCRIPT/Post_Fixe.txt
[2026-07-06 11:16:15] [WARN] Impossible de résoudre 'grp_test' dans le tenant destination - permission ignorée
[2026-07-06 11:16:15] [WARN] Pas de mappage pour: SERVICES_GENERAUX - Visiteurs () - permission ignorée sur SCRIPT/Post_Fixe.txt
[2026-07-06 11:16:15] [SUCCESS] Permission appliquée: Equipe INFRA [write] -> SCRIPT/Post_Fixe.txt
[2026-07-06 11:16:15] [WARN] Pas de mappage pour: Propriétaires de SERVICES_GENERAUX () - permission ignorée sur SCRIPT/Post_Fixe.txt
[2026-07-06 11:16:15] [INFO] Traitement: /SCRIPT/Postfix.txt (5 permission(s))
[2026-07-06 11:16:15] [INFO] === COPIE REELLE: SCRIPT/Postfix.txt ===
[2026-07-06 11:16:16] [SUCCESS] === FICHIER COPIE AVEC SUCCES: SCRIPT/Postfix.txt ===
[2026-07-06 11:16:16] [WARN] Pas de mappage pour: SERVICES_GENERAUX - Visiteurs () - permission ignorée sur SCRIPT/Postfix.txt
[2026-07-06 11:16:16] [WARN] Pas de mappage pour: SERVICES_GENERAUX - Membres () - permission ignorée sur SCRIPT/Postfix.txt
[2026-07-06 11:16:17] [SUCCESS] Permission appliquée: Equipe INFRA [write] -> SCRIPT/Postfix.txt
[2026-07-06 11:16:17] [WARN] Impossible de résoudre 'grp_test' dans le tenant destination - permission ignorée
[2026-07-06 11:16:17] [WARN] Pas de mappage pour: Propriétaires de SERVICES_GENERAUX () - permission ignorée sur SCRIPT/Postfix.txt
[2026-07-06 11:16:17] [INFO] Traitement: /SCRIPT/script_activation_user_AD.txt (5 permission(s))
[2026-07-06 11:16:17] [INFO] === COPIE REELLE: SCRIPT/script_activation_user_AD.txt ===
[2026-07-06 11:16:18] [SUCCESS] === FICHIER COPIE AVEC SUCCES: SCRIPT/script_activation_user_AD.txt ===
[2026-07-06 11:16:18] [WARN] Pas de mappage pour: Propriétaires de SERVICES_GENERAUX () - permission ignorée sur SCRIPT/script_activation_user_AD.txt
[2026-07-06 11:16:18] [WARN] Pas de mappage pour: SERVICES_GENERAUX - Membres () - permission ignorée sur SCRIPT/script_activation_user_AD.txt
[2026-07-06 11:16:18] [WARN] Impossible de résoudre 'grp_test' dans le tenant destination - permission ignorée
[2026-07-06 11:16:18] [SUCCESS] Permission appliquée: Equipe INFRA [write] -> SCRIPT/script_activation_user_AD.txt
[2026-07-06 11:16:18] [WARN] Pas de mappage pour: SERVICES_GENERAUX - Visiteurs () - permission ignorée sur SCRIPT/script_activation_user_AD.txt
[2026-07-06 11:16:18] [INFO] Traitement: /SCRIPT/script_ajout_adressemail_secondaire_proxyadress.txt (5 permission(s))
[2026-07-06 11:16:18] [INFO] === COPIE REELLE: SCRIPT/script_ajout_adressemail_secondaire_proxyadress.txt ===
[2026-07-06 11:16:19] [SUCCESS] === FICHIER COPIE AVEC SUCCES: SCRIPT/script_ajout_adressemail_secondaire_proxyadress.txt ===
[2026-07-06 11:16:19] [WARN] Pas de mappage pour: Propriétaires de SERVICES_GENERAUX () - permission ignorée sur SCRIPT/script_ajout_adressemail_secondaire_proxyadress.txt
[2026-07-06 11:16:19] [WARN] Pas de mappage pour: SERVICES_GENERAUX - Visiteurs () - permission ignorée sur SCRIPT/script_ajout_adressemail_secondaire_proxyadress.txt
[2026-07-06 11:16:19] [WARN] Pas de mappage pour: SERVICES_GENERAUX - Membres () - permission ignorée sur SCRIPT/script_ajout_adressemail_secondaire_proxyadress.txt
[2026-07-06 11:16:19] [SUCCESS] Permission appliquée: Equipe INFRA [write] -> SCRIPT/script_ajout_adressemail_secondaire_proxyadress.txt
[2026-07-06 11:16:19] [WARN] Impossible de résoudre 'grp_test' dans le tenant destination - permission ignorée
[2026-07-06 11:16:19] [INFO] Traitement: /SCRIPT/script_ajout_champs_mail_en_masse.txt (5 permission(s))
[2026-07-06 11:16:19] [INFO] === COPIE REELLE: SCRIPT/script_ajout_champs_mail_en_masse.txt ===
[2026-07-06 11:16:20] [SUCCESS] === FICHIER COPIE AVEC SUCCES: SCRIPT/script_ajout_champs_mail_en_masse.txt ===
[2026-07-06 11:16:20] [WARN] Impossible de résoudre 'grp_test' dans le tenant destination - permission ignorée
[2026-07-06 11:16:21] [SUCCESS] Permission appliquée: Equipe INFRA [write] -> SCRIPT/script_ajout_champs_mail_en_masse.txt
[2026-07-06 11:16:21] [WARN] Pas de mappage pour: SERVICES_GENERAUX - Visiteurs () - permission ignorée sur SCRIPT/script_ajout_champs_mail_en_masse.txt
[2026-07-06 11:16:21] [WARN] Pas de mappage pour: SERVICES_GENERAUX - Membres () - permission ignorée sur SCRIPT/script_ajout_champs_mail_en_masse.txt
[2026-07-06 11:16:21] [WARN] Pas de mappage pour: Propriétaires de SERVICES_GENERAUX () - permission ignorée sur SCRIPT/script_ajout_champs_mail_en_masse.txt
[2026-07-06 11:16:21] [INFO] Traitement: /SCRIPT/Script_ajout_compte_admin_dans_les_sites_sharepoint.txt (5 permission(s))
[2026-07-06 11:16:21] [INFO] === COPIE REELLE: SCRIPT/Script_ajout_compte_admin_dans_les_sites_sharepoint.txt ===
[2026-07-06 11:16:22] [SUCCESS] === FICHIER COPIE AVEC SUCCES: SCRIPT/Script_ajout_compte_admin_dans_les_sites_sharepoint.txt ===
[2026-07-06 11:16:22] [WARN] Pas de mappage pour: SERVICES_GENERAUX - Visiteurs () - permission ignorée sur SCRIPT/Script_ajout_compte_admin_dans_les_sites_sharepoint.txt
[2026-07-06 11:16:22] [WARN] Pas de mappage pour: Propriétaires de SERVICES_GENERAUX () - permission ignorée sur SCRIPT/Script_ajout_compte_admin_dans_les_sites_sharepoint.txt
[2026-07-06 11:16:22] [SUCCESS] Permission appliquée: Equipe INFRA [write] -> SCRIPT/Script_ajout_compte_admin_dans_les_sites_sharepoint.txt
[2026-07-06 11:16:22] [WARN] Impossible de résoudre 'grp_test' dans le tenant destination - permission ignorée
[2026-07-06 11:16:22] [WARN] Pas de mappage pour: SERVICES_GENERAUX - Membres () - permission ignorée sur SCRIPT/Script_ajout_compte_admin_dans_les_sites_sharepoint.txt
[2026-07-06 11:16:22] [INFO] Traitement: /SCRIPT/Script_ajout_délegation_FullAcces_BP.txt (5 permission(s))
[2026-07-06 11:16:22] [INFO] === COPIE REELLE: SCRIPT/Script_ajout_délegation_FullAcces_BP.txt ===
[2026-07-06 11:16:23] [SUCCESS] === FICHIER COPIE AVEC SUCCES: SCRIPT/Script_ajout_délegation_FullAcces_BP.txt ===
[2026-07-06 11:16:24] [WARN] Pas de mappage pour: SERVICES_GENERAUX - Membres () - permission ignorée sur SCRIPT/Script_ajout_délegation_FullAcces_BP.txt
[2026-07-06 11:16:24] [WARN] Pas de mappage pour: Propriétaires de SERVICES_GENERAUX () - permission ignorée sur SCRIPT/Script_ajout_délegation_FullAcces_BP.txt
[2026-07-06 11:16:24] [WARN] Impossible de résoudre 'grp_test' dans le tenant destination - permission ignorée
[2026-07-06 11:16:24] [SUCCESS] Permission appliquée: Equipe INFRA [write] -> SCRIPT/Script_ajout_délegation_FullAcces_BP.txt
[2026-07-06 11:16:24] [WARN] Pas de mappage pour: SERVICES_GENERAUX - Visiteurs () - permission ignorée sur SCRIPT/Script_ajout_délegation_FullAcces_BP.txt
[2026-07-06 11:16:24] [INFO] Traitement: /SCRIPT/script_ajout_mailsecondaire_proxyadress_plusieursdomaine.txt (5 permission(s))
[2026-07-06 11:16:24] [INFO] === COPIE REELLE: SCRIPT/script_ajout_mailsecondaire_proxyadress_plusieursdomaine.txt ===
[2026-07-06 11:16:25] [SUCCESS] === FICHIER COPIE AVEC SUCCES: SCRIPT/script_ajout_mailsecondaire_proxyadress_plusieursdomaine.txt ===
[2026-07-06 11:16:25] [WARN] Pas de mappage pour: Propriétaires de SERVICES_GENERAUX () - permission ignorée sur SCRIPT/script_ajout_mailsecondaire_proxyadress_plusieursdomaine.txt
[2026-07-06 11:16:25] [WARN] Pas de mappage pour: SERVICES_GENERAUX - Visiteurs () - permission ignorée sur SCRIPT/script_ajout_mailsecondaire_proxyadress_plusieursdomaine.txt
[2026-07-06 11:16:25] [WARN] Pas de mappage pour: SERVICES_GENERAUX - Membres () - permission ignorée sur SCRIPT/script_ajout_mailsecondaire_proxyadress_plusieursdomaine.txt
[2026-07-06 11:16:25] [SUCCESS] Permission appliquée: Equipe INFRA [write] -> SCRIPT/script_ajout_mailsecondaire_proxyadress_plusieursdomaine.txt
[2026-07-06 11:16:25] [WARN] Impossible de résoudre 'grp_test' dans le tenant destination - permission ignorée
[2026-07-06 11:16:25] [INFO] Traitement: /SCRIPT/script_ajout_SMTP_proxyadress_en_masse.txt (5 permission(s))
[2026-07-06 11:16:25] [INFO] === COPIE REELLE: SCRIPT/script_ajout_SMTP_proxyadress_en_masse.txt ===
[2026-07-06 11:16:26] [SUCCESS] === FICHIER COPIE AVEC SUCCES: SCRIPT/script_ajout_SMTP_proxyadress_en_masse.txt ===
[2026-07-06 11:16:26] [WARN] Pas de mappage pour: SERVICES_GENERAUX - Visiteurs () - permission ignorée sur SCRIPT/script_ajout_SMTP_proxyadress_en_masse.txt
[2026-07-06 11:16:26] [WARN] Pas de mappage pour: SERVICES_GENERAUX - Membres () - permission ignorée sur SCRIPT/script_ajout_SMTP_proxyadress_en_masse.txt
[2026-07-06 11:16:27] [SUCCESS] Permission appliquée: Equipe INFRA [write] -> SCRIPT/script_ajout_SMTP_proxyadress_en_masse.txt
[2026-07-06 11:16:27] [WARN] Impossible de résoudre 'grp_test' dans le tenant destination - permission ignorée
[2026-07-06 11:16:27] [WARN] Pas de mappage pour: Propriétaires de SERVICES_GENERAUX () - permission ignorée sur SCRIPT/script_ajout_SMTP_proxyadress_en_masse.txt
[2026-07-06 11:16:27] [INFO] Traitement: /SCRIPT/script_délégation_BP.txt (5 permission(s))
[2026-07-06 11:16:27] [INFO] === COPIE REELLE: SCRIPT/script_délégation_BP.txt ===
[2026-07-06 11:16:28] [SUCCESS] === FICHIER COPIE AVEC SUCCES: SCRIPT/script_délégation_BP.txt ===
[2026-07-06 11:16:28] [WARN] Impossible de résoudre 'grp_test' dans le tenant destination - permission ignorée
[2026-07-06 11:16:28] [WARN] Pas de mappage pour: Propriétaires de SERVICES_GENERAUX () - permission ignorée sur SCRIPT/script_délégation_BP.txt
[2026-07-06 11:16:28] [WARN] Pas de mappage pour: SERVICES_GENERAUX - Visiteurs () - permission ignorée sur SCRIPT/script_délégation_BP.txt
[2026-07-06 11:16:28] [WARN] Pas de mappage pour: SERVICES_GENERAUX - Membres () - permission ignorée sur SCRIPT/script_délégation_BP.txt
[2026-07-06 11:16:28] [SUCCESS] Permission appliquée: Equipe INFRA [write] -> SCRIPT/script_délégation_BP.txt
[2026-07-06 11:16:28] [INFO] Traitement: /SCRIPT/script_délégation_bp_mail.txt (5 permission(s))
[2026-07-06 11:16:28] [INFO] === COPIE REELLE: SCRIPT/script_délégation_bp_mail.txt ===
[2026-07-06 11:16:29] [SUCCESS] === FICHIER COPIE AVEC SUCCES: SCRIPT/script_délégation_bp_mail.txt ===
[2026-07-06 11:16:30] [WARN] Pas de mappage pour: SERVICES_GENERAUX - Visiteurs () - permission ignorée sur SCRIPT/script_délégation_bp_mail.txt
[2026-07-06 11:16:30] [WARN] Pas de mappage pour: Propriétaires de SERVICES_GENERAUX () - permission ignorée sur SCRIPT/script_délégation_bp_mail.txt
[2026-07-06 11:16:30] [WARN] Pas de mappage pour: SERVICES_GENERAUX - Membres () - permission ignorée sur SCRIPT/script_délégation_bp_mail.txt
[2026-07-06 11:16:30] [SUCCESS] Permission appliquée: Equipe INFRA [write] -> SCRIPT/script_délégation_bp_mail.txt
[2026-07-06 11:16:30] [WARN] Impossible de résoudre 'grp_test' dans le tenant destination - permission ignorée
[2026-07-06 11:16:30] [INFO] Traitement: /SCRIPT/script_délégation_Fullaccess_BP.txt (5 permission(s))
[2026-07-06 11:16:30] [INFO] === COPIE REELLE: SCRIPT/script_délégation_Fullaccess_BP.txt ===
[2026-07-06 11:16:31] [SUCCESS] === FICHIER COPIE AVEC SUCCES: SCRIPT/script_délégation_Fullaccess_BP.txt ===
[2026-07-06 11:16:32] [WARN] Pas de mappage pour: Propriétaires de SERVICES_GENERAUX () - permission ignorée sur SCRIPT/script_délégation_Fullaccess_BP.txt
[2026-07-06 11:16:32] [WARN] Pas de mappage pour: SERVICES_GENERAUX - Visiteurs () - permission ignorée sur SCRIPT/script_délégation_Fullaccess_BP.txt
[2026-07-06 11:16:32] [WARN] Pas de mappage pour: SERVICES_GENERAUX - Membres () - permission ignorée sur SCRIPT/script_délégation_Fullaccess_BP.txt
[2026-07-06 11:16:32] [SUCCESS] Permission appliquée: Equipe INFRA [write] -> SCRIPT/script_délégation_Fullaccess_BP.txt
[2026-07-06 11:16:32] [WARN] Impossible de résoudre 'grp_test' dans le tenant destination - permission ignorée
[2026-07-06 11:16:32] [INFO] Traitement: /SCRIPT/Script_delegation_SendAs_BP.txt (5 permission(s))
[2026-07-06 11:16:32] [INFO] === COPIE REELLE: SCRIPT/Script_delegation_SendAs_BP.txt ===
[2026-07-06 11:16:33] [SUCCESS] === FICHIER COPIE AVEC SUCCES: SCRIPT/Script_delegation_SendAs_BP.txt ===
[2026-07-06 11:16:33] [WARN] Pas de mappage pour: Propriétaires de SERVICES_GENERAUX () - permission ignorée sur SCRIPT/Script_delegation_SendAs_BP.txt
[2026-07-06 11:16:33] [WARN] Pas de mappage pour: SERVICES_GENERAUX - Visiteurs () - permission ignorée sur SCRIPT/Script_delegation_SendAs_BP.txt
[2026-07-06 11:16:33] [WARN] Pas de mappage pour: SERVICES_GENERAUX - Membres () - permission ignorée sur SCRIPT/Script_delegation_SendAs_BP.txt
[2026-07-06 11:16:33] [WARN] Impossible de résoudre 'grp_test' dans le tenant destination - permission ignorée
[2026-07-06 11:16:34] [SUCCESS] Permission appliquée: Equipe INFRA [write] -> SCRIPT/Script_delegation_SendAs_BP.txt
[2026-07-06 11:16:34] [INFO] Traitement: /SCRIPT/script_délégation_SendAs_BP.txt (5 permission(s))
[2026-07-06 11:16:34] [INFO] === COPIE REELLE: SCRIPT/script_délégation_SendAs_BP.txt ===
[2026-07-06 11:16:35] [SUCCESS] === FICHIER COPIE AVEC SUCCES: SCRIPT/script_délégation_SendAs_BP.txt ===
[2026-07-06 11:16:35] [WARN] Pas de mappage pour: Propriétaires de SERVICES_GENERAUX () - permission ignorée sur SCRIPT/script_délégation_SendAs_BP.txt
[2026-07-06 11:16:35] [WARN] Pas de mappage pour: SERVICES_GENERAUX - Visiteurs () - permission ignorée sur SCRIPT/script_délégation_SendAs_BP.txt
[2026-07-06 11:16:35] [WARN] Pas de mappage pour: SERVICES_GENERAUX - Membres () - permission ignorée sur SCRIPT/script_délégation_SendAs_BP.txt
[2026-07-06 11:16:35] [SUCCESS] Permission appliquée: Equipe INFRA [write] -> SCRIPT/script_délégation_SendAs_BP.txt
[2026-07-06 11:16:35] [WARN] Impossible de résoudre 'grp_test' dans le tenant destination - permission ignorée
[2026-07-06 11:16:35] [INFO] Traitement: /SCRIPT/script_désactivation_user.txt (5 permission(s))
[2026-07-06 11:16:35] [INFO] === COPIE REELLE: SCRIPT/script_désactivation_user.txt ===
[2026-07-06 11:16:36] [SUCCESS] === FICHIER COPIE AVEC SUCCES: SCRIPT/script_désactivation_user.txt ===
[2026-07-06 11:16:36] [WARN] Impossible de résoudre 'grp_test' dans le tenant destination - permission ignorée
[2026-07-06 11:16:36] [WARN] Pas de mappage pour: Propriétaires de SERVICES_GENERAUX () - permission ignorée sur SCRIPT/script_désactivation_user.txt
[2026-07-06 11:16:36] [WARN] Pas de mappage pour: SERVICES_GENERAUX - Visiteurs () - permission ignorée sur SCRIPT/script_désactivation_user.txt
[2026-07-06 11:16:36] [WARN] Pas de mappage pour: SERVICES_GENERAUX - Membres () - permission ignorée sur SCRIPT/script_désactivation_user.txt
[2026-07-06 11:16:36] [SUCCESS] Permission appliquée: Equipe INFRA [write] -> SCRIPT/script_désactivation_user.txt
[2026-07-06 11:16:36] [INFO] Traitement: /SCRIPT/Script_droit_BP.txt (5 permission(s))
[2026-07-06 11:16:36] [INFO] === COPIE REELLE: SCRIPT/Script_droit_BP.txt ===
[2026-07-06 11:16:38] [SUCCESS] === FICHIER COPIE AVEC SUCCES: SCRIPT/Script_droit_BP.txt ===
[2026-07-06 11:16:38] [WARN] Pas de mappage pour: Propriétaires de SERVICES_GENERAUX () - permission ignorée sur SCRIPT/Script_droit_BP.txt
[2026-07-06 11:16:38] [WARN] Pas de mappage pour: SERVICES_GENERAUX - Visiteurs () - permission ignorée sur SCRIPT/Script_droit_BP.txt
[2026-07-06 11:16:38] [WARN] Pas de mappage pour: SERVICES_GENERAUX - Membres () - permission ignorée sur SCRIPT/Script_droit_BP.txt
[2026-07-06 11:16:38] [SUCCESS] Permission appliquée: Equipe INFRA [write] -> SCRIPT/Script_droit_BP.txt
[2026-07-06 11:16:38] [WARN] Impossible de résoudre 'grp_test' dans le tenant destination - permission ignorée
[2026-07-06 11:16:38] [INFO] Traitement: /SCRIPT/Script_extrac_SMTP_Principale.txt (5 permission(s))
[2026-07-06 11:16:38] [INFO] === COPIE REELLE: SCRIPT/Script_extrac_SMTP_Principale.txt ===
[2026-07-06 11:16:39] [SUCCESS] === FICHIER COPIE AVEC SUCCES: SCRIPT/Script_extrac_SMTP_Principale.txt ===
[2026-07-06 11:16:39] [WARN] Pas de mappage pour: Propriétaires de SERVICES_GENERAUX () - permission ignorée sur SCRIPT/Script_extrac_SMTP_Principale.txt
[2026-07-06 11:16:39] [WARN] Pas de mappage pour: SERVICES_GENERAUX - Visiteurs () - permission ignorée sur SCRIPT/Script_extrac_SMTP_Principale.txt
[2026-07-06 11:16:39] [WARN] Pas de mappage pour: SERVICES_GENERAUX - Membres () - permission ignorée sur SCRIPT/Script_extrac_SMTP_Principale.txt
[2026-07-06 11:16:39] [SUCCESS] Permission appliquée: Equipe INFRA [write] -> SCRIPT/Script_extrac_SMTP_Principale.txt
[2026-07-06 11:16:39] [WARN] Impossible de résoudre 'grp_test' dans le tenant destination - permission ignorée
[2026-07-06 11:16:39] [INFO] Traitement: /SCRIPT/Script_Extract_adressemail_Exchange_Online.txt (5 permission(s))
[2026-07-06 11:16:39] [INFO] === COPIE REELLE: SCRIPT/Script_Extract_adressemail_Exchange_Online.txt ===
[2026-07-06 11:16:41] [SUCCESS] === FICHIER COPIE AVEC SUCCES: SCRIPT/Script_Extract_adressemail_Exchange_Online.txt ===
[2026-07-06 11:16:41] [WARN] Pas de mappage pour: SERVICES_GENERAUX - Visiteurs () - permission ignorée sur SCRIPT/Script_Extract_adressemail_Exchange_Online.txt
[2026-07-06 11:16:41] [WARN] Pas de mappage pour: Propriétaires de SERVICES_GENERAUX () - permission ignorée sur SCRIPT/Script_Extract_adressemail_Exchange_Online.txt
[2026-07-06 11:16:41] [SUCCESS] Permission appliquée: Equipe INFRA [write] -> SCRIPT/Script_Extract_adressemail_Exchange_Online.txt
[2026-07-06 11:16:41] [WARN] Pas de mappage pour: SERVICES_GENERAUX - Membres () - permission ignorée sur SCRIPT/Script_Extract_adressemail_Exchange_Online.txt
[2026-07-06 11:16:41] [WARN] Impossible de résoudre 'grp_test' dans le tenant destination - permission ignorée
[2026-07-06 11:16:41] [INFO] Traitement: /SCRIPT/Script_Extract_délégation_BP.txt (5 permission(s))
[2026-07-06 11:16:41] [INFO] === COPIE REELLE: SCRIPT/Script_Extract_délégation_BP.txt ===
[2026-07-06 11:16:42] [SUCCESS] === FICHIER COPIE AVEC SUCCES: SCRIPT/Script_Extract_délégation_BP.txt ===
[2026-07-06 11:16:42] [WARN] Pas de mappage pour: Propriétaires de SERVICES_GENERAUX () - permission ignorée sur SCRIPT/Script_Extract_délégation_BP.txt
[2026-07-06 11:16:42] [WARN] Pas de mappage pour: SERVICES_GENERAUX - Visiteurs () - permission ignorée sur SCRIPT/Script_Extract_délégation_BP.txt
[2026-07-06 11:16:42] [WARN] Pas de mappage pour: SERVICES_GENERAUX - Membres () - permission ignorée sur SCRIPT/Script_Extract_délégation_BP.txt
[2026-07-06 11:16:42] [SUCCESS] Permission appliquée: Equipe INFRA [write] -> SCRIPT/Script_Extract_délégation_BP.txt
[2026-07-06 11:16:42] [WARN] Impossible de résoudre 'grp_test' dans le tenant destination - permission ignorée
[2026-07-06 11:16:42] [INFO] Traitement: /SCRIPT/script_extract_membre_groupe_AD.txt (5 permission(s))
[2026-07-06 11:16:42] [INFO] === COPIE REELLE: SCRIPT/script_extract_membre_groupe_AD.txt ===
[2026-07-06 11:16:43] [SUCCESS] === FICHIER COPIE AVEC SUCCES: SCRIPT/script_extract_membre_groupe_AD.txt ===
[2026-07-06 11:16:44] [WARN] Pas de mappage pour: Propriétaires de SERVICES_GENERAUX () - permission ignorée sur SCRIPT/script_extract_membre_groupe_AD.txt
[2026-07-06 11:16:44] [WARN] Pas de mappage pour: SERVICES_GENERAUX - Visiteurs () - permission ignorée sur SCRIPT/script_extract_membre_groupe_AD.txt
[2026-07-06 11:16:44] [WARN] Pas de mappage pour: SERVICES_GENERAUX - Membres () - permission ignorée sur SCRIPT/script_extract_membre_groupe_AD.txt
[2026-07-06 11:16:44] [WARN] Impossible de résoudre 'grp_test' dans le tenant destination - permission ignorée
[2026-07-06 11:16:44] [SUCCESS] Permission appliquée: Equipe INFRA [write] -> SCRIPT/script_extract_membre_groupe_AD.txt
[2026-07-06 11:16:44] [INFO] Traitement: /SCRIPT/script_extract_onedrive.txt (5 permission(s))
[2026-07-06 11:16:44] [INFO] === COPIE REELLE: SCRIPT/script_extract_onedrive.txt ===
[2026-07-06 11:16:45] [SUCCESS] === FICHIER COPIE AVEC SUCCES: SCRIPT/script_extract_onedrive.txt ===
[2026-07-06 11:16:46] [WARN] Pas de mappage pour: SERVICES_GENERAUX - Membres () - permission ignorée sur SCRIPT/script_extract_onedrive.txt
[2026-07-06 11:16:46] [WARN] Pas de mappage pour: Propriétaires de SERVICES_GENERAUX () - permission ignorée sur SCRIPT/script_extract_onedrive.txt
[2026-07-06 11:16:46] [WARN] Pas de mappage pour: SERVICES_GENERAUX - Visiteurs () - permission ignorée sur SCRIPT/script_extract_onedrive.txt
[2026-07-06 11:16:46] [SUCCESS] Permission appliquée: Equipe INFRA [write] -> SCRIPT/script_extract_onedrive.txt
[2026-07-06 11:16:46] [WARN] Impossible de résoudre 'grp_test' dans le tenant destination - permission ignorée
[2026-07-06 11:16:46] [INFO] Traitement: /SCRIPT/script_extract_proxyaddress.txt (5 permission(s))
[2026-07-06 11:16:46] [INFO] === COPIE REELLE: SCRIPT/script_extract_proxyaddress.txt ===
[2026-07-06 11:16:47] [SUCCESS] === FICHIER COPIE AVEC SUCCES: SCRIPT/script_extract_proxyaddress.txt ===
[2026-07-06 11:16:47] [WARN] Pas de mappage pour: SERVICES_GENERAUX - Membres () - permission ignorée sur SCRIPT/script_extract_proxyaddress.txt
[2026-07-06 11:16:47] [WARN] Pas de mappage pour: Propriétaires de SERVICES_GENERAUX () - permission ignorée sur SCRIPT/script_extract_proxyaddress.txt
[2026-07-06 11:16:47] [WARN] Pas de mappage pour: SERVICES_GENERAUX - Visiteurs () - permission ignorée sur SCRIPT/script_extract_proxyaddress.txt
[2026-07-06 11:16:47] [WARN] Impossible de résoudre 'grp_test' dans le tenant destination - permission ignorée
[2026-07-06 11:16:47] [SUCCESS] Permission appliquée: Equipe INFRA [write] -> SCRIPT/script_extract_proxyaddress.txt
[2026-07-06 11:16:47] [INFO] Traitement: /SCRIPT/script_extract_Proxyadress_format.txt (5 permission(s))
[2026-07-06 11:16:47] [INFO] === COPIE REELLE: SCRIPT/script_extract_Proxyadress_format.txt ===
[2026-07-06 11:16:48] [SUCCESS] === FICHIER COPIE AVEC SUCCES: SCRIPT/script_extract_Proxyadress_format.txt ===
[2026-07-06 11:16:48] [WARN] Impossible de résoudre 'grp_test' dans le tenant destination - permission ignorée
[2026-07-06 11:16:48] [SUCCESS] Permission appliquée: Equipe INFRA [write] -> SCRIPT/script_extract_Proxyadress_format.txt
[2026-07-06 11:16:48] [WARN] Pas de mappage pour: SERVICES_GENERAUX - Membres () - permission ignorée sur SCRIPT/script_extract_Proxyadress_format.txt
[2026-07-06 11:16:48] [WARN] Pas de mappage pour: SERVICES_GENERAUX - Visiteurs () - permission ignorée sur SCRIPT/script_extract_Proxyadress_format.txt
[2026-07-06 11:16:48] [WARN] Pas de mappage pour: Propriétaires de SERVICES_GENERAUX () - permission ignorée sur SCRIPT/script_extract_Proxyadress_format.txt
[2026-07-06 11:16:48] [INFO] Traitement: /SCRIPT/script_extract_UPN_AD.txt (5 permission(s))
[2026-07-06 11:16:48] [INFO] === COPIE REELLE: SCRIPT/script_extract_UPN_AD.txt ===
[2026-07-06 11:16:49] [SUCCESS] === FICHIER COPIE AVEC SUCCES: SCRIPT/script_extract_UPN_AD.txt ===
[2026-07-06 11:16:50] [WARN] Pas de mappage pour: Propriétaires de SERVICES_GENERAUX () - permission ignorée sur SCRIPT/script_extract_UPN_AD.txt
[2026-07-06 11:16:50] [WARN] Pas de mappage pour: SERVICES_GENERAUX - Visiteurs () - permission ignorée sur SCRIPT/script_extract_UPN_AD.txt
[2026-07-06 11:16:50] [WARN] Pas de mappage pour: SERVICES_GENERAUX - Membres () - permission ignorée sur SCRIPT/script_extract_UPN_AD.txt
[2026-07-06 11:16:50] [SUCCESS] Permission appliquée: Equipe INFRA [write] -> SCRIPT/script_extract_UPN_AD.txt
[2026-07-06 11:16:50] [WARN] Impossible de résoudre 'grp_test' dans le tenant destination - permission ignorée
[2026-07-06 11:16:50] [INFO] Traitement: /SCRIPT/script_extraction_de_la_liste_des_sites_sharepoint.txt (5 permission(s))
[2026-07-06 11:16:50] [INFO] === COPIE REELLE: SCRIPT/script_extraction_de_la_liste_des_sites_sharepoint.txt ===
[2026-07-06 11:16:51] [SUCCESS] === FICHIER COPIE AVEC SUCCES: SCRIPT/script_extraction_de_la_liste_des_sites_sharepoint.txt ===
[2026-07-06 11:16:51] [SUCCESS] Permission appliquée: Equipe INFRA [write] -> SCRIPT/script_extraction_de_la_liste_des_sites_sharepoint.txt
[2026-07-06 11:16:51] [WARN] Impossible de résoudre 'grp_test' dans le tenant destination - permission ignorée
[2026-07-06 11:16:51] [WARN] Pas de mappage pour: Propriétaires de SERVICES_GENERAUX () - permission ignorée sur SCRIPT/script_extraction_de_la_liste_des_sites_sharepoint.txt
[2026-07-06 11:16:51] [WARN] Pas de mappage pour: SERVICES_GENERAUX - Visiteurs () - permission ignorée sur SCRIPT/script_extraction_de_la_liste_des_sites_sharepoint.txt
[2026-07-06 11:16:51] [WARN] Pas de mappage pour: SERVICES_GENERAUX - Membres () - permission ignorée sur SCRIPT/script_extraction_de_la_liste_des_sites_sharepoint.txt
[2026-07-06 11:16:51] [INFO] Traitement: /SCRIPT/script_Inscription_SSO_Appli_Azure.txt (5 permission(s))
[2026-07-06 11:16:51] [INFO] === COPIE REELLE: SCRIPT/script_Inscription_SSO_Appli_Azure.txt ===
[2026-07-06 11:16:52] [SUCCESS] === FICHIER COPIE AVEC SUCCES: SCRIPT/script_Inscription_SSO_Appli_Azure.txt ===
[2026-07-06 11:16:52] [WARN] Pas de mappage pour: SERVICES_GENERAUX - Visiteurs () - permission ignorée sur SCRIPT/script_Inscription_SSO_Appli_Azure.txt
[2026-07-06 11:16:53] [SUCCESS] Permission appliquée: Equipe INFRA [write] -> SCRIPT/script_Inscription_SSO_Appli_Azure.txt
[2026-07-06 11:16:53] [WARN] Pas de mappage pour: SERVICES_GENERAUX - Membres () - permission ignorée sur SCRIPT/script_Inscription_SSO_Appli_Azure.txt
[2026-07-06 11:16:53] [WARN] Impossible de résoudre 'grp_test' dans le tenant destination - permission ignorée
[2026-07-06 11:16:53] [WARN] Pas de mappage pour: Propriétaires de SERVICES_GENERAUX () - permission ignorée sur SCRIPT/script_Inscription_SSO_Appli_Azure.txt
[2026-07-06 11:16:53] [INFO] Traitement: /SCRIPT/script_modif_champ_email_docu.ch (5 permission(s))
[2026-07-06 11:16:53] [INFO] === COPIE REELLE: SCRIPT/script_modif_champ_email_docu.ch ===
[2026-07-06 11:16:54] [SUCCESS] === FICHIER COPIE AVEC SUCCES: SCRIPT/script_modif_champ_email_docu.ch ===
[2026-07-06 11:16:54] [WARN] Pas de mappage pour: SERVICES_GENERAUX - Membres () - permission ignorée sur SCRIPT/script_modif_champ_email_docu.ch
[2026-07-06 11:16:54] [WARN] Pas de mappage pour: Propriétaires de SERVICES_GENERAUX () - permission ignorée sur SCRIPT/script_modif_champ_email_docu.ch
[2026-07-06 11:16:54] [SUCCESS] Permission appliquée: Equipe INFRA [write] -> SCRIPT/script_modif_champ_email_docu.ch
[2026-07-06 11:16:54] [WARN] Impossible de résoudre 'grp_test' dans le tenant destination - permission ignorée
[2026-07-06 11:16:54] [WARN] Pas de mappage pour: SERVICES_GENERAUX - Visiteurs () - permission ignorée sur SCRIPT/script_modif_champ_email_docu.ch
[2026-07-06 11:16:54] [INFO] Traitement: /SCRIPT/Script_modif_proxyaddress_Group.txt (5 permission(s))
[2026-07-06 11:16:54] [INFO] === COPIE REELLE: SCRIPT/Script_modif_proxyaddress_Group.txt ===
[2026-07-06 11:16:56] [SUCCESS] === FICHIER COPIE AVEC SUCCES: SCRIPT/Script_modif_proxyaddress_Group.txt ===
[2026-07-06 11:16:56] [WARN] Pas de mappage pour: Propriétaires de SERVICES_GENERAUX () - permission ignorée sur SCRIPT/Script_modif_proxyaddress_Group.txt
[2026-07-06 11:16:56] [WARN] Pas de mappage pour: SERVICES_GENERAUX - Visiteurs () - permission ignorée sur SCRIPT/Script_modif_proxyaddress_Group.txt
[2026-07-06 11:16:56] [WARN] Pas de mappage pour: SERVICES_GENERAUX - Membres () - permission ignorée sur SCRIPT/Script_modif_proxyaddress_Group.txt
[2026-07-06 11:16:56] [SUCCESS] Permission appliquée: Equipe INFRA [write] -> SCRIPT/Script_modif_proxyaddress_Group.txt
[2026-07-06 11:16:56] [WARN] Impossible de résoudre 'grp_test' dans le tenant destination - permission ignorée
[2026-07-06 11:16:56] [INFO] Traitement: /SCRIPT/Script_modif_proxyadress_docu.ch.txt (5 permission(s))
[2026-07-06 11:16:56] [INFO] === COPIE REELLE: SCRIPT/Script_modif_proxyadress_docu.ch.txt ===
[2026-07-06 11:16:57] [SUCCESS] === FICHIER COPIE AVEC SUCCES: SCRIPT/Script_modif_proxyadress_docu.ch.txt ===
[2026-07-06 11:16:57] [WARN] Pas de mappage pour: Propriétaires de SERVICES_GENERAUX () - permission ignorée sur SCRIPT/Script_modif_proxyadress_docu.ch.txt
[2026-07-06 11:16:57] [WARN] Pas de mappage pour: SERVICES_GENERAUX - Visiteurs () - permission ignorée sur SCRIPT/Script_modif_proxyadress_docu.ch.txt
[2026-07-06 11:16:57] [SUCCESS] Permission appliquée: Equipe INFRA [write] -> SCRIPT/Script_modif_proxyadress_docu.ch.txt
[2026-07-06 11:16:57] [WARN] Impossible de résoudre 'grp_test' dans le tenant destination - permission ignorée
[2026-07-06 11:16:57] [WARN] Pas de mappage pour: SERVICES_GENERAUX - Membres () - permission ignorée sur SCRIPT/Script_modif_proxyadress_docu.ch.txt
[2026-07-06 11:16:57] [INFO] Traitement: /SCRIPT/script_modification_UPN_AD_User.txt (5 permission(s))
[2026-07-06 11:16:57] [INFO] === COPIE REELLE: SCRIPT/script_modification_UPN_AD_User.txt ===
[2026-07-06 11:16:58] [SUCCESS] === FICHIER COPIE AVEC SUCCES: SCRIPT/script_modification_UPN_AD_User.txt ===
[2026-07-06 11:16:59] [WARN] Pas de mappage pour: Propriétaires de SERVICES_GENERAUX () - permission ignorée sur SCRIPT/script_modification_UPN_AD_User.txt
[2026-07-06 11:16:59] [WARN] Pas de mappage pour: SERVICES_GENERAUX - Visiteurs () - permission ignorée sur SCRIPT/script_modification_UPN_AD_User.txt
[2026-07-06 11:16:59] [WARN] Pas de mappage pour: SERVICES_GENERAUX - Membres () - permission ignorée sur SCRIPT/script_modification_UPN_AD_User.txt
[2026-07-06 11:16:59] [SUCCESS] Permission appliquée: Equipe INFRA [write] -> SCRIPT/script_modification_UPN_AD_User.txt
[2026-07-06 11:16:59] [WARN] Impossible de résoudre 'grp_test' dans le tenant destination - permission ignorée
[2026-07-06 11:16:59] [INFO] Traitement: /SCRIPT/script_modifier_le_champ_mail.txt (5 permission(s))
[2026-07-06 11:16:59] [INFO] === COPIE REELLE: SCRIPT/script_modifier_le_champ_mail.txt ===
[2026-07-06 11:17:00] [SUCCESS] === FICHIER COPIE AVEC SUCCES: SCRIPT/script_modifier_le_champ_mail.txt ===
[2026-07-06 11:17:00] [WARN] Pas de mappage pour: Propriétaires de SERVICES_GENERAUX () - permission ignorée sur SCRIPT/script_modifier_le_champ_mail.txt
[2026-07-06 11:17:00] [WARN] Pas de mappage pour: SERVICES_GENERAUX - Visiteurs () - permission ignorée sur SCRIPT/script_modifier_le_champ_mail.txt
[2026-07-06 11:17:00] [WARN] Impossible de résoudre 'grp_test' dans le tenant destination - permission ignorée
[2026-07-06 11:17:00] [WARN] Pas de mappage pour: SERVICES_GENERAUX - Membres () - permission ignorée sur SCRIPT/script_modifier_le_champ_mail.txt
[2026-07-06 11:17:00] [SUCCESS] Permission appliquée: Equipe INFRA [write] -> SCRIPT/script_modifier_le_champ_mail.txt
[2026-07-06 11:17:00] [INFO] Traitement: /SCRIPT/script_modifier_lechampmail_proxyadresseSMTP.txt (5 permission(s))
[2026-07-06 11:17:00] [INFO] === COPIE REELLE: SCRIPT/script_modifier_lechampmail_proxyadresseSMTP.txt ===
[2026-07-06 11:17:02] [SUCCESS] === FICHIER COPIE AVEC SUCCES: SCRIPT/script_modifier_lechampmail_proxyadresseSMTP.txt ===
[2026-07-06 11:17:02] [WARN] Pas de mappage pour: SERVICES_GENERAUX - Visiteurs () - permission ignorée sur SCRIPT/script_modifier_lechampmail_proxyadresseSMTP.txt
[2026-07-06 11:17:02] [WARN] Pas de mappage pour: SERVICES_GENERAUX - Membres () - permission ignorée sur SCRIPT/script_modifier_lechampmail_proxyadresseSMTP.txt
[2026-07-06 11:17:02] [SUCCESS] Permission appliquée: Equipe INFRA [write] -> SCRIPT/script_modifier_lechampmail_proxyadresseSMTP.txt
[2026-07-06 11:17:02] [WARN] Impossible de résoudre 'grp_test' dans le tenant destination - permission ignorée
[2026-07-06 11:17:02] [WARN] Pas de mappage pour: Propriétaires de SERVICES_GENERAUX () - permission ignorée sur SCRIPT/script_modifier_lechampmail_proxyadresseSMTP.txt
[2026-07-06 11:17:02] [INFO] Traitement: /SCRIPT/Script_modifier_proxyadress.txt (5 permission(s))
[2026-07-06 11:17:02] [INFO] === COPIE REELLE: SCRIPT/Script_modifier_proxyadress.txt ===
[2026-07-06 11:17:03] [SUCCESS] === FICHIER COPIE AVEC SUCCES: SCRIPT/Script_modifier_proxyadress.txt ===
[2026-07-06 11:17:03] [WARN] Pas de mappage pour: Propriétaires de SERVICES_GENERAUX () - permission ignorée sur SCRIPT/Script_modifier_proxyadress.txt
[2026-07-06 11:17:03] [WARN] Pas de mappage pour: SERVICES_GENERAUX - Visiteurs () - permission ignorée sur SCRIPT/Script_modifier_proxyadress.txt
[2026-07-06 11:17:03] [WARN] Pas de mappage pour: SERVICES_GENERAUX - Membres () - permission ignorée sur SCRIPT/Script_modifier_proxyadress.txt
[2026-07-06 11:17:03] [SUCCESS] Permission appliquée: Equipe INFRA [write] -> SCRIPT/Script_modifier_proxyadress.txt
[2026-07-06 11:17:03] [WARN] Impossible de résoudre 'grp_test' dans le tenant destination - permission ignorée
[2026-07-06 11:17:03] [INFO] Traitement: /SCRIPT/script_provisionning_OneDrive.txt (5 permission(s))
[2026-07-06 11:17:03] [INFO] === COPIE REELLE: SCRIPT/script_provisionning_OneDrive.txt ===
[2026-07-06 11:17:04] [SUCCESS] === FICHIER COPIE AVEC SUCCES: SCRIPT/script_provisionning_OneDrive.txt ===
[2026-07-06 11:17:04] [WARN] Pas de mappage pour: Propriétaires de SERVICES_GENERAUX () - permission ignorée sur SCRIPT/script_provisionning_OneDrive.txt
[2026-07-06 11:17:04] [WARN] Pas de mappage pour: SERVICES_GENERAUX - Visiteurs () - permission ignorée sur SCRIPT/script_provisionning_OneDrive.txt
[2026-07-06 11:17:05] [SUCCESS] Permission appliquée: Equipe INFRA [write] -> SCRIPT/script_provisionning_OneDrive.txt
[2026-07-06 11:17:05] [WARN] Impossible de résoudre 'grp_test' dans le tenant destination - permission ignorée
[2026-07-06 11:17:05] [WARN] Pas de mappage pour: SERVICES_GENERAUX - Membres () - permission ignorée sur SCRIPT/script_provisionning_OneDrive.txt
[2026-07-06 11:17:05] [INFO] Traitement: /SCRIPT/script_remplacer_UPN_AD.txt (5 permission(s))
[2026-07-06 11:17:05] [INFO] === COPIE REELLE: SCRIPT/script_remplacer_UPN_AD.txt ===
[2026-07-06 11:17:06] [SUCCESS] === FICHIER COPIE AVEC SUCCES: SCRIPT/script_remplacer_UPN_AD.txt ===
[2026-07-06 11:17:06] [WARN] Pas de mappage pour: Propriétaires de SERVICES_GENERAUX () - permission ignorée sur SCRIPT/script_remplacer_UPN_AD.txt
[2026-07-06 11:17:06] [WARN] Pas de mappage pour: SERVICES_GENERAUX - Visiteurs () - permission ignorée sur SCRIPT/script_remplacer_UPN_AD.txt
[2026-07-06 11:17:06] [WARN] Pas de mappage pour: SERVICES_GENERAUX - Membres () - permission ignorée sur SCRIPT/script_remplacer_UPN_AD.txt
[2026-07-06 11:17:06] [SUCCESS] Permission appliquée: Equipe INFRA [write] -> SCRIPT/script_remplacer_UPN_AD.txt
[2026-07-06 11:17:06] [WARN] Impossible de résoudre 'grp_test' dans le tenant destination - permission ignorée
[2026-07-06 11:17:06] [INFO] Traitement: /SCRIPT/Script_Restauration_SMTP_format.txt (5 permission(s))
[2026-07-06 11:17:06] [INFO] === COPIE REELLE: SCRIPT/Script_Restauration_SMTP_format.txt ===
[2026-07-06 11:17:07] [SUCCESS] === FICHIER COPIE AVEC SUCCES: SCRIPT/Script_Restauration_SMTP_format.txt ===
[2026-07-06 11:17:07] [WARN] Impossible de résoudre 'grp_test' dans le tenant destination - permission ignorée
[2026-07-06 11:17:07] [WARN] Pas de mappage pour: Propriétaires de SERVICES_GENERAUX () - permission ignorée sur SCRIPT/Script_Restauration_SMTP_format.txt
[2026-07-06 11:17:07] [WARN] Pas de mappage pour: SERVICES_GENERAUX - Visiteurs () - permission ignorée sur SCRIPT/Script_Restauration_SMTP_format.txt
[2026-07-06 11:17:07] [WARN] Pas de mappage pour: SERVICES_GENERAUX - Membres () - permission ignorée sur SCRIPT/Script_Restauration_SMTP_format.txt
[2026-07-06 11:17:07] [SUCCESS] Permission appliquée: Equipe INFRA [write] -> SCRIPT/Script_Restauration_SMTP_format.txt
[2026-07-06 11:17:07] [INFO] Traitement: /SCRIPT/Script_Room_Mailbox.txt (5 permission(s))
[2026-07-06 11:17:07] [INFO] === COPIE REELLE: SCRIPT/Script_Room_Mailbox.txt ===
[2026-07-06 11:17:08] [SUCCESS] === FICHIER COPIE AVEC SUCCES: SCRIPT/Script_Room_Mailbox.txt ===
[2026-07-06 11:17:08] [WARN] Pas de mappage pour: SERVICES_GENERAUX - Membres () - permission ignorée sur SCRIPT/Script_Room_Mailbox.txt
[2026-07-06 11:17:08] [WARN] Pas de mappage pour: Propriétaires de SERVICES_GENERAUX () - permission ignorée sur SCRIPT/Script_Room_Mailbox.txt
[2026-07-06 11:17:08] [WARN] Pas de mappage pour: SERVICES_GENERAUX - Visiteurs () - permission ignorée sur SCRIPT/Script_Room_Mailbox.txt
[2026-07-06 11:17:09] [SUCCESS] Permission appliquée: Equipe INFRA [write] -> SCRIPT/Script_Room_Mailbox.txt
[2026-07-06 11:17:09] [WARN] Impossible de résoudre 'grp_test' dans le tenant destination - permission ignorée
[2026-07-06 11:17:09] [INFO] Traitement: /SCRIPT/Script_SGUM_ShareGate.txt (5 permission(s))
[2026-07-06 11:17:09] [INFO] === COPIE REELLE: SCRIPT/Script_SGUM_ShareGate.txt ===
[2026-07-06 11:17:10] [SUCCESS] === FICHIER COPIE AVEC SUCCES: SCRIPT/Script_SGUM_ShareGate.txt ===
[2026-07-06 11:17:10] [WARN] Pas de mappage pour: Propriétaires de SERVICES_GENERAUX () - permission ignorée sur SCRIPT/Script_SGUM_ShareGate.txt
[2026-07-06 11:17:10] [WARN] Pas de mappage pour: SERVICES_GENERAUX - Visiteurs () - permission ignorée sur SCRIPT/Script_SGUM_ShareGate.txt
[2026-07-06 11:17:10] [WARN] Pas de mappage pour: SERVICES_GENERAUX - Membres () - permission ignorée sur SCRIPT/Script_SGUM_ShareGate.txt
[2026-07-06 11:17:10] [SUCCESS] Permission appliquée: Equipe INFRA [write] -> SCRIPT/Script_SGUM_ShareGate.txt
[2026-07-06 11:17:10] [WARN] Impossible de résoudre 'grp_test' dans le tenant destination - permission ignorée
[2026-07-06 11:17:10] [INFO] Traitement: /SCRIPT/SCRIPT8EXTR.txt (5 permission(s))
[2026-07-06 11:17:10] [INFO] === COPIE REELLE: SCRIPT/SCRIPT8EXTR.txt ===
[2026-07-06 11:17:11] [SUCCESS] === FICHIER COPIE AVEC SUCCES: SCRIPT/SCRIPT8EXTR.txt ===
[2026-07-06 11:17:11] [WARN] Pas de mappage pour: Propriétaires de SERVICES_GENERAUX () - permission ignorée sur SCRIPT/SCRIPT8EXTR.txt
[2026-07-06 11:17:11] [WARN] Pas de mappage pour: SERVICES_GENERAUX - Visiteurs () - permission ignorée sur SCRIPT/SCRIPT8EXTR.txt
[2026-07-06 11:17:11] [WARN] Pas de mappage pour: SERVICES_GENERAUX - Membres () - permission ignorée sur SCRIPT/SCRIPT8EXTR.txt
[2026-07-06 11:17:11] [SUCCESS] Permission appliquée: Equipe INFRA [write] -> SCRIPT/SCRIPT8EXTR.txt
[2026-07-06 11:17:11] [WARN] Impossible de résoudre 'grp_test' dans le tenant destination - permission ignorée
[2026-07-06 11:17:11] [INFO] Traitement: /SCRIPT/SharedMailBox_FEBIS.csv (5 permission(s))
[2026-07-06 11:17:11] [INFO] === COPIE REELLE: SCRIPT/SharedMailBox_FEBIS.csv ===
[2026-07-06 11:17:12] [SUCCESS] === FICHIER COPIE AVEC SUCCES: SCRIPT/SharedMailBox_FEBIS.csv ===
[2026-07-06 11:17:12] [WARN] Pas de mappage pour: SERVICES_GENERAUX - Visiteurs () - permission ignorée sur SCRIPT/SharedMailBox_FEBIS.csv
[2026-07-06 11:17:12] [WARN] Pas de mappage pour: Propriétaires de SERVICES_GENERAUX () - permission ignorée sur SCRIPT/SharedMailBox_FEBIS.csv
[2026-07-06 11:17:12] [WARN] Pas de mappage pour: SERVICES_GENERAUX - Membres () - permission ignorée sur SCRIPT/SharedMailBox_FEBIS.csv
[2026-07-06 11:17:13] [SUCCESS] Permission appliquée: Equipe INFRA [write] -> SCRIPT/SharedMailBox_FEBIS.csv
[2026-07-06 11:17:13] [WARN] Impossible de résoudre 'grp_test' dans le tenant destination - permission ignorée
[2026-07-06 11:17:13] [INFO] Traitement: /SCRIPT/suppression_champ_mail_UO.txt (5 permission(s))
[2026-07-06 11:17:13] [INFO] === COPIE REELLE: SCRIPT/suppression_champ_mail_UO.txt ===
[2026-07-06 11:17:14] [SUCCESS] === FICHIER COPIE AVEC SUCCES: SCRIPT/suppression_champ_mail_UO.txt ===
[2026-07-06 11:17:14] [WARN] Pas de mappage pour: Propriétaires de SERVICES_GENERAUX () - permission ignorée sur SCRIPT/suppression_champ_mail_UO.txt
[2026-07-06 11:17:14] [WARN] Pas de mappage pour: SERVICES_GENERAUX - Visiteurs () - permission ignorée sur SCRIPT/suppression_champ_mail_UO.txt
[2026-07-06 11:17:14] [WARN] Pas de mappage pour: SERVICES_GENERAUX - Membres () - permission ignorée sur SCRIPT/suppression_champ_mail_UO.txt
[2026-07-06 11:17:14] [SUCCESS] Permission appliquée: Equipe INFRA [write] -> SCRIPT/suppression_champ_mail_UO.txt
[2026-07-06 11:17:14] [WARN] Impossible de résoudre 'grp_test' dans le tenant destination - permission ignorée
[2026-07-06 11:17:14] [INFO] Traitement: /SCRIPT/suppression_SMTP_UO.txt (5 permission(s))
[2026-07-06 11:17:14] [INFO] === COPIE REELLE: SCRIPT/suppression_SMTP_UO.txt ===
[2026-07-06 11:17:15] [SUCCESS] === FICHIER COPIE AVEC SUCCES: SCRIPT/suppression_SMTP_UO.txt ===
[2026-07-06 11:17:15] [WARN] Pas de mappage pour: SERVICES_GENERAUX - Membres () - permission ignorée sur SCRIPT/suppression_SMTP_UO.txt
[2026-07-06 11:17:15] [SUCCESS] Permission appliquée: Equipe INFRA [write] -> SCRIPT/suppression_SMTP_UO.txt
[2026-07-06 11:17:15] [WARN] Impossible de résoudre 'grp_test' dans le tenant destination - permission ignorée
[2026-07-06 11:17:15] [WARN] Pas de mappage pour: SERVICES_GENERAUX - Visiteurs () - permission ignorée sur SCRIPT/suppression_SMTP_UO.txt
[2026-07-06 11:17:15] [WARN] Pas de mappage pour: Propriétaires de SERVICES_GENERAUX () - permission ignorée sur SCRIPT/suppression_SMTP_UO.txt
[2026-07-06 11:17:15] [INFO] Traitement: /SCRIPT/User_MailBox_docuat.txt (5 permission(s))
[2026-07-06 11:17:15] [INFO] === COPIE REELLE: SCRIPT/User_MailBox_docuat.txt ===
[2026-07-06 11:17:16] [SUCCESS] === FICHIER COPIE AVEC SUCCES: SCRIPT/User_MailBox_docuat.txt ===
[2026-07-06 11:17:16] [WARN] Pas de mappage pour: Propriétaires de SERVICES_GENERAUX () - permission ignorée sur SCRIPT/User_MailBox_docuat.txt
[2026-07-06 11:17:16] [WARN] Pas de mappage pour: SERVICES_GENERAUX - Membres () - permission ignorée sur SCRIPT/User_MailBox_docuat.txt
[2026-07-06 11:17:16] [WARN] Impossible de résoudre 'grp_test' dans le tenant destination - permission ignorée
[2026-07-06 11:17:16] [WARN] Pas de mappage pour: SERVICES_GENERAUX - Visiteurs () - permission ignorée sur SCRIPT/User_MailBox_docuat.txt
[2026-07-06 11:17:17] [SUCCESS] Permission appliquée: Equipe INFRA [write] -> SCRIPT/User_MailBox_docuat.txt
[2026-07-06 11:17:17] [SUCCESS] === COPIE TERMINEE ===
