"Nom";"Utilisateur";"CompteActif";"LicencePowerBI";"NombreConnexionsPeriode";"DerniereConnexionService";"DerniereConnexionDesktop";"DateDerniereConnexion";"JoursDepuisConnexion";"IndiceUtilisationLicence";"DernierCanalUtilise";"TypeConnexion";"Interactive";"AdresseIP";"Ville";"Pays";"Systeme";"Navigateur";"Resultat";"Detail";"CorrelationId";"DateDebutExtraction";"DateFinExtraction"
"Aaraa Javed";"aaraa.javed@infopro-digital.com";"True";"Power BI Pro";"0";;;;;"Non detectee sur la periode analysee";;;;;;;;;"Aucune connexion trouvee";;;"07/07/2026 11:13:43";"06/08/2026 11:13:43"
"CHAUDHARI, Abhijit";"abhijit.chaudhari@infopro-digital.com";"True";"Power BI Pro";"0";;;;;"Non detectee sur la periode analysee";;;;;;;;;"Aucune connexion trouvee";;;"07/07/2026 11:13:43";"06/08/2026 11:13:43"
"Abi Stanton";"abi.stanton@infopro-digital.com";"True";"Power BI Pro";"0";;;;;"Non detectee sur la periode analysee";;;;;;;;;"Aucune connexion trouvee";;;"07/07/2026 11:13:43";"06/08/2026 11:13:43"
"Abigail McLemore";"Abigail.McLemore@infopro-digital.com";"True";"Power BI Pro";"0";;;;;"Non detectee sur la periode analysee";;;;;;;;;"Aucune connexion trouvee";;;"07/07/2026 11:13:43";"06/08/2026 11:13:43"
"BOULARD, Adrien";"adrien.boulard@infopro-digital.com";"True";"Power BI Premium par utilisateur";"0";;;;;"Non detectee sur la periode analysee";;;;;;;;;"Aucune connexion trouvee";;;"07/07/2026 11:13:43";"06/08/2026 11:13:43"
"COUTY Adrien";"adrien.couty@vecteurplus.com";"True";"Power BI Pro";"0";;;;;"Non detectee sur la periode analysee";;;;;;;;;"Aucune connexion trouvee";;;"07/07/2026 11:13:43";"06/08/2026 11:13:43"
"POUTHIER, Adrien";"adrien.pouthier@lemoniteur.fr";"True";"Power BI Pro";"0";;;;;"Non detectee sur la periode analysee";;;;;;;;;"Aucune connexion trouvee";;;"07/07/2026 11:13:43";"06/08/2026 11:13:43"
"DALLE, Aina";"aina.dalle@infopro-digital.com";"True";"Power BI Pro";"0";;;;;"Non detectee sur la periode analysee";;;;;;;;;"Aucune connexion trouvee";;;"07/07/2026 11:13:43";"06/08/2026 11:13:43"
"GROSSAT, Alain";"alain.grossat@inovaxo.fr";"True";"Power BI Pro";"0";;;;;"Non detectee sur la periode analysee";;;;;;;;;"Aucune connexion trouvee";;;"07/07/2026 11:13:43";"06/08/2026 11:13:43"
"JOLY, Alban";"alban.joly@infopro-digital.com";"True";"Power BI Pro";"0";;;;;"Non detectee sur la periode analysee";;;;;;;;;"Aucune connexion trouvee";;;"07/07/2026 11:13:43";"06/08/2026 11:13:43"
"AVERTY Albane";"albane.averty@vecteurplus.com";"True";"Power BI Pro";"0";;;;;"Non detectee sur la periode analysee";;;;;;;;;"Aucune connexion trouvee";;;"07/07/2026 11:13:43";"06/08/2026 11:13:43"
"CANTO, Albane";"albane.canto@technicites.fr";"True";"Power BI Pro";"0";;;;;"Non detectee sur la periode analysee";;;;;;;;;"Aucune connexion trouvee";;;"07/07/2026 11:13:43";"06/08/2026 11:13:43"
"DIEZ, Alejandro";"alejandro.diez@infopro-digital.com";"True";"Power BI Pro";"0";;;;;"Non detectee sur la periode analysee";;;;;;;;;"Aucune connexion trouvee";;;"07/07/2026 11:13:43";"06/08/2026 11:13:43"
"Alessandro Aimone";"alessandro.aimone@infopro-digital.com";"True";"Power BI Pro";"0";;;;;"Non detectee sur la periode analysee";;;;;;;;;"Aucune connexion trouvee";;;"07/07/2026 11:13:43";"06/08/2026 11:13:43"
"CAROLO, Alessia";"alessia.carolo@656editions.net";"True";"Power BI Pro";"0";;;;;"Non detectee sur la periode analysee";;;;;;;;;"Aucune connexion trouvee";;;"07/07/2026 11:13:43";"06/08/2026 11:13:43"
"Alex Constandinou";"Alex.Constandinou@infopro-digital.com";"True";"Power BI Pro";"0";;;;;"Non detectee sur la periode analysee";;;;;;;;;"Aucune connexion trouvee";;;"07/07/2026 11:13:43";"06/08/2026 11:13:43"
"Alex Fernandes";"Alex.Fernandes@infopro-digital.com";"True";"Power BI Pro";"0";;;;;"Non detectee sur la periode analysee";;;;;;;;;"Aucune connexion trouvee";;;"07/07/2026 11:13:43";"06/08/2026 11:13:43"
"Alex Fulton";"Alex.Fulton@infopro-digital.com";"True";"Power BI Pro";"0";;;;;"Non detectee sur la periode analysee";;;;;;;;;"Aucune connexion trouvee";;;"07/07/2026 11:13:43";"06/08/2026 11:13:43"
"Alex Krohn";"alex.krohn@infopro-digital.com";"True";"Power BI Pro";"0";;;;;"Non detectee sur la periode analysee";;;;;;;;;"Aucune connexion trouvee";;;"07/07/2026 11:13:43";"06/08/2026 11:13:43"
"BRINK-DLUGI, Alexander | Heinze";"alexander.brink-dlugi@infopro-digital.com";"True";"Power BI Pro";"0";;;;;"Non detectee sur la periode analysee";;;;;;;;;"Aucune connexion trouvee";;;"07/07/2026 11:13:43";"06/08/2026 11:13:43"
"BRANDES-FRICKE, Alexandra | Heinze";"alexandra.brandes-fricke@infopro-digital.com";"True";"Power BI Pro";"0";;;;;"Non detectee sur la periode analysee";;;;;;;;;"Aucune connexion trouvee";;;"07/07/2026 11:13:43";"06/08/2026 11:13:43"
"THIELLET, Alexandra";"alexandra.thiellet@infopro-digital.com";"True";"Power BI Pro";"0";;;;;"Non detectee sur la periode analysee";;;;;;;;;"Aucune connexion trouvee";;;"07/07/2026 11:13:43";"06/08/2026 11:13:43"
"AUSSEUR, Alexandre";"alexandre.ausseur@infopro-digital.com";"True";"Power BI Pro";"0";;;;;"Non detectee sur la periode analysee";;;;;;;;;"Aucune connexion trouvee";;;"07/07/2026 11:13:43";"06/08/2026 11:13:43"
"LEMARCHAND, Alexandre";"alexandre.lemarchand@infopro-digital.com";"True";"Power BI Pro";"0";;;;;"Non detectee sur la periode analysee";;;;;;;;;"Aucune connexion trouvee";;;"07/07/2026 11:13:43";"06/08/2026 11:13:43"
"MOULIN, Alexandre";"alexandre.moulin@infopro-digital.com";"True";"Power BI Pro";"0";;;;;"Non detectee sur la periode analysee";;;;;;;;;"Aucune connexion trouvee";;;"07/07/2026 11:13:43";"06/08/2026 11:13:43"
"OLIVIER, Alexandre";"alexandre.olivier@infopro-digital.com";"True";"Power BI Pro";"0";;;;;"Non detectee sur la periode analysee";;;;;;;;;"Aucune connexion trouvee";;;"07/07/2026 11:13:43";"06/08/2026 11:13:43"
"VOUEZ, Alexandre";"alexandre.vouez@ebp.be";"True";"Power BI Pro";"0";;;;;"Non detectee sur la periode analysee";;;;;;;;;"Aucune connexion trouvee";;;"07/07/2026 11:13:43";"06/08/2026 11:13:43"
"GUERIN DU GRANDLAUNAY, Alexia";"alexia.dugrandlaunay@infopro-digital.com";"True";"Power BI Pro";"0";;;;;"Non detectee sur la periode analysee";;;;;;;;;"Aucune connexion trouvee";;;"07/07/2026 11:13:43";"06/08/2026 11:13:43"
"QUAGLIATO, Alexia";"alexia.quagliato@infopro-digital.com";"True";"Power BI Pro";"0";;;;;"Non detectee sur la periode analysee";;;;;;;;;"Aucune connexion trouvee";;;"07/07/2026 11:13:43";"06/08/2026 11:13:43"
"UZAN, Alexis";"alexis.uzan@infopro-digital.com";"True";"Power BI Pro";"0";;;;;"Non detectee sur la periode analysee";;;;;;;;;"Aucune connexion trouvee";;;"07/07/2026 11:13:43";"06/08/2026 11:13:43"
"Alison Yung";"Alison.Yung@infopro-digital.com";"True";"Power BI Pro";"0";;;;;"Non detectee sur la periode analysee";;;;;;;;;"Aucune connexion trouvee";;;"07/07/2026 11:13:43";"06/08/2026 11:13:43"
"DJERBOUA, Amal";"amal.djerboua@infopro-digital.com";"True";"Power BI Pro";"0";;;;;"Non detectee sur la periode analysee";;;;;;;;;"Aucune connexion trouvee";;;"07/07/2026 11:13:43";"06/08/2026 11:13:43"
"MEHIO, Amal";"amal.mehio@red-on-line.com";"True";"Power BI Pro";"0";;;;;"Non detectee sur la periode analysee";;;;;;;;;"Aucune connexion trouvee";;;"07/07/2026 11:13:43";"06/08/2026 11:13:43"
"Amanda Chinyanganya";"Amanda.Chinyanganya@infopro-digital.com";"True";"Power BI Pro";"0";;;;;"Non detectee sur la periode analysee";;;;;;;;;"Aucune connexion trouvee";;;"07/07/2026 11:13:43";"06/08/2026 11:13:43"
"MANESHI, Amin | Heinze";"amin.maneshi@infopro-digital.com";"True";"Power BI Pro";"0";;;;;"Non detectee sur la periode analysee";;;;;;;;;"Aucune connexion trouvee";;;"07/07/2026 11:13:43";"06/08/2026 11:13:43"
"Amina Guo";"amina.guo@infopro-digital.com";"True";"Power BI Pro";"0";;;;;"Non detectee sur la periode analysee";;;;;;;;;"Aucune connexion trouvee";;;"07/07/2026 11:13:43";"06/08/2026 11:13:43"
"NEUMANN, Ana";"ana.neumann@infopro-digital.com";"True";"Power BI Pro";"0";;;;;"Non detectee sur la periode analysee";;;;;;;;;"Aucune connexion trouvee";;;"07/07/2026 11:13:43";"06/08/2026 11:13:43"
"TORRES, Anas";"anas.torres@infopro-digital.com";"True";"Power BI Pro";"1";;"21/07/2026 13:14:47 +02:00";"21/07/2026 13:14:47 +02:00";"15";"Oui - authentification detectee";"Power BI Desktop";"";"True";"163.116.242.63";"Paris";"FR";"Windows10";"Edge 18.22631";"Reussie";"Other.";"b49892c0-3b4e-4866-8dc3-7b77259eb826";"07/07/2026 11:13:43";"06/08/2026 11:13:43"
"ROIG, Andrea";"andrea.roig@infopro-digital.com";"True";"Power BI Pro";"0";;;;;"Non detectee sur la periode analysee";;;;;;;;;"Aucune connexion trouvee";;;"07/07/2026 11:13:43";"06/08/2026 11:13:43"
"GÖPPEL, Andreas | Heinze";"andreas.goeppel@infopro-digital.com";"True";"Power BI Pro";"0";;;;;"Non detectee sur la periode analysee";;;;;;;;;"Aucune connexion trouvee";;;"07/07/2026 11:13:43";"06/08/2026 11:13:43"
"NEUMANN, Andreas";"andreas.neumann@infopro-digital.com";"True";"Power BI Pro";"0";;;;;"Non detectee sur la periode analysee";;;;;;;;;"Aucune connexion trouvee";;;"07/07/2026 11:13:43";"06/08/2026 11:13:43"
"Andreea Baroti";"Andreea.Baroti@infopro-digital.com";"True";"Power BI Pro";"0";;;;;"Non detectee sur la periode analysee";;;;;;;;;"Aucune connexion trouvee";;;"07/07/2026 11:13:43";"06/08/2026 11:13:43"
"GOLBY, Andrew";"Andrew.Golby@infopro-digital.com";"True";"Power BI Pro";"0";;;;;"Non detectee sur la periode analysee";;;;;;;;;"Aucune connexion trouvee";;;"07/07/2026 11:13:43";"06/08/2026 11:13:43"
"Andrew Lennon";"andrew.lennon@infopro-digital.com";"True";"Power BI Pro";"0";;;;;"Non detectee sur la periode analysee";;;;;;;;;"Aucune connexion trouvee";;;"07/07/2026 11:13:43";"06/08/2026 11:13:43"
"MURRAY, Andrew";"andrew.murray@infopro-digital.com";"True";"Power BI Pro";"0";;;;;"Non detectee sur la periode analysee";;;;;;;;;"Aucune connexion trouvee";;;"07/07/2026 11:13:43";"06/08/2026 11:13:43"
"ROLLAND, Angela";"angela.rolland@infopro-digital.com";"True";"Power BI Pro";"0";;;;;"Non detectee sur la periode analysee";;;;;;;;;"Aucune connexion trouvee";;;"07/07/2026 11:13:43";"06/08/2026 11:13:43"
"Angelique LOPES";"angelique.lopes@infopro-digital.com";"True";"Power BI Pro";"0";;;;;"Non detectee sur la periode analysee";;;;;;;;;"Aucune connexion trouvee";;;"07/07/2026 11:13:43";"06/08/2026 11:13:43"
"Anish Shah";"Anish.Shah@infopro-digital.com";"True";"Power BI Pro";"0";;;;;"Non detectee sur la periode analysee";;;;;;;;;"Aucune connexion trouvee";;;"07/07/2026 11:13:43";"06/08/2026 11:13:43"
"Gössel, Anja";"Anja.Goessel@infopro-digital.com";"True";"Power BI Pro";"0";;;;;"Non detectee sur la periode analysee";;;;;;;;;"Aucune connexion trouvee";;;"07/07/2026 11:13:43";"06/08/2026 11:13:43"
"ZIMMERMEISTER, Anke | Heinze";"anke.zimmermeister@infopro-digital.com";"True";"Power BI Pro";"0";;;;;"Non detectee sur la periode analysee";;;;;;;;;"Aucune connexion trouvee";;;"07/07/2026 11:13:43";"06/08/2026 11:13:43"
"ARYKOVA, Anna";"anna.arykova@infopro-digital.com";"True";"Power BI Pro";"0";;;;;"Non detectee sur la periode analysee";;;;;;;;;"Aucune connexion trouvee";;;"07/07/2026 11:13:43";"06/08/2026 11:13:43"
"Dümeland, Anna-Maria";"anna.duemeland@infopro-digital.com";"True";"Power BI Pro";"0";;;;;"Non detectee sur la periode analysee";;;;;;;;;"Aucune connexion trouvee";;;"07/07/2026 11:13:43";"06/08/2026 11:13:43"
"SCHÜCHNER, Anne | BauNetz";"anne.schuechner@infopro-digital.com";"True";"Power BI Pro";"0";;;;;"Non detectee sur la periode analysee";;;;;;;;;"Aucune connexion trouvee";;;"07/07/2026 11:13:43";"06/08/2026 11:13:43"
"HELMER, Annelies";"annelies.helmer@infopro-digital.com";"True";"Power BI Pro";"0";;;;;"Non detectee sur la periode analysee";;;;;;;;;"Aucune connexion trouvee";;;"07/07/2026 11:13:43";"06/08/2026 11:13:43"
"ERRAFI, Anouar";"anouar.errafi@infopro-digital.com";"True";"Power BI Pro";"0";;;;;"Non detectee sur la periode analysee";;;;;;;;;"Aucune connexion trouvee";;;"07/07/2026 11:13:43";"06/08/2026 11:13:43"
"DRENEAU, Anthony";"anthony.dreneau@infopro-digital.com";"True";"Power BI Pro";"0";;;;;"Non detectee sur la periode analysee";;;;;;;;;"Aucune connexion trouvee";;;"07/07/2026 11:13:43";"06/08/2026 11:13:43"
"MACIAS Anthony";"anthony.macias@vecteurplus.com";"True";"Power BI Pro";"0";;;;;"Non detectee sur la periode analysee";;;;;;;;;"Aucune connexion trouvee";;;"07/07/2026 11:13:43";"06/08/2026 11:13:43"
"Anthony Malakian";"anthony.malakian@infopro-digital.com";"True";"Power BI Pro";"0";;;;;"Non detectee sur la periode analysee";;;;;;;;;"Aucune connexion trouvee";;;"07/07/2026 11:13:43";"06/08/2026 11:13:43"
"BOISLARD, Antoine";"antoine.boislard@infopro-digital.com";"True";"Power BI Pro";"0";;;;;"Non detectee sur la periode analysee";;;;;;;;;"Aucune connexion trouvee";;;"07/07/2026 11:13:43";"06/08/2026 11:13:43"
"MALDONADO SANCHEZ, Antonio";"antonio.maldonado@infopro-digital.com";"True";"Power BI Pro";"0";;;;;"Non detectee sur la periode analysee";;;;;;;;;"Aucune connexion trouvee";;;"07/07/2026 11:13:43";"06/08/2026 11:13:43"
"Antony Chambers";"antony.chambers@infopro-digital.com";"True";"Power BI Pro";"0";;;;;"Non detectee sur la periode analysee";;;;;;;;;"Aucune connexion trouvee";;;"07/07/2026 11:13:43";"06/08/2026 11:13:43"
"Ariel Pu";"Ariel.Pu@infopro-digital.com";"True";"Power BI Pro";"0";;;;;"Non detectee sur la periode analysee";;;;;;;;;"Aucune connexion trouvee";;;"07/07/2026 11:13:43";"06/08/2026 11:13:43"
"PEVRIER, Arnaud";"arnaud.pevrier@etai.fr";"True";"Power BI Pro";"0";;;;;"Non detectee sur la periode analysee";;;;;;;;;"Aucune connexion trouvee";;;"07/07/2026 11:13:43";"06/08/2026 11:13:43"
"PATEL, Arti";"arti.patel@infopro-digital.com";"True";"Power BI Pro";"0";;;;;"Non detectee sur la periode analysee";;;;;;;;;"Aucune connexion trouvee";;;"07/07/2026 11:13:43";"06/08/2026 11:13:43"
"IMBABAZI, Ashura";"ashura.imbabazi@infopro-digital.com";"True";"Power BI Pro";"2";;"22/07/2026 12:36:18 +02:00";"22/07/2026 12:36:18 +02:00";"14";"Oui - authentification detectee";"Power BI Desktop";"";"True";"163.116.176.221";"Paris";"FR";"Windows10";"Edge 18.26100";"Reussie";"Other.";"1c35a6fd-cc55-4200-91ed-401299b1770a";"07/07/2026 11:13:43";"06/08/2026 11:13:43"
"CHERRAF-BONNEVILLE, Asmaa";"asmaa.cherraf-bonneville@infopro-digital.com";"True";"Power BI Pro";"0";;;;;"Non detectee sur la periode analysee";;;;;;;;;"Aucune connexion trouvee";;;"07/07/2026 11:13:43";"06/08/2026 11:13:43"
"RONNER, Assunta";"Assunta.Ronner@infopro-digital.ch";"True";"Power BI Pro";"0";;;;;"Non detectee sur la periode analysee";;;;;;;;;"Aucune connexion trouvee";;;"07/07/2026 11:13:43";"06/08/2026 11:13:43"
"GÜNTHER, Astrid | Heinze";"astrid.guenther@infopro-digital.com";"True";"Power BI Pro";"0";;;;;"Non detectee sur la periode analysee";;;;;;;;;"Aucune connexion trouvee";;;"07/07/2026 11:13:43";"06/08/2026 11:13:43"
"DILIGENT, Audrey";"audrey.diligent@red-on-line.com";"True";"Power BI Pro";"0";;;;;"Non detectee sur la periode analysee";;;;;;;;;"Aucune connexion trouvee";;;"07/07/2026 11:13:43";"06/08/2026 11:13:43"
"ROBIN, Audrey";"audrey.robin@infopro-digital.com";"True";"Power BI Pro";"0";;;;;"Non detectee sur la periode analysee";;;;;;;;;"Aucune connexion trouvee";;;"07/07/2026 11:13:43";"06/08/2026 11:13:43"
"MENAY, Aurelie (EXT)";"aurelie.menay@infopro-digital.com";"True";"Power BI Pro";"0";;;;;"Non detectee sur la periode analysee";;;;;;;;;"Aucune connexion trouvee";;;"07/07/2026 11:13:43";"06/08/2026 11:13:43"
"LEBRUN, Aurelien";"aurelien.lebrun@infopro-digital.com";"True";"Power BI Pro";"0";;;;;"Non detectee sur la periode analysee";;;;;;;;;"Aucune connexion trouvee";;;"07/07/2026 11:13:43";"06/08/2026 11:13:43"
"NEAU, Axelle";"axelle.neau@infopro-digital.com";"True";"Power BI Pro";"0";;;;;"Non detectee sur la periode analysee";;;;;;;;;"Aucune connexion trouvee";;;"07/07/2026 11:13:43";"06/08/2026 11:13:43"
"BABAY, Badie";"badie.babay@infopro-digital.com";"True";"Power BI Pro";"0";;;;;"Non detectee sur la periode analysee";;;;;;;;;"Aucune connexion trouvee";;;"07/07/2026 11:13:43";"06/08/2026 11:13:43"
"Baker Jaggwe";"baker.jaggwe@infopro-digital.com";"True";"Power BI Pro";"0";;;;;"Non detectee sur la periode analysee";;;;;;;;;"Aucune connexion trouvee";;;"07/07/2026 11:13:43";"06/08/2026 11:13:43"
"Barbara Faiman";"barbara.faiman@infopro-digital.com";"True";"Power BI Pro";"0";;;;;"Non detectee sur la periode analysee";;;;;;;;;"Aucune connexion trouvee";;;"07/07/2026 11:13:43";"06/08/2026 11:13:43"
"Bastien Thorelle";"Bastien.Thorelle@infopro-digital.com";"True";"Power BI Pro";"0";;;;;"Non detectee sur la periode analysee";;;;;;;;;"Aucune connexion trouvee";;;"07/07/2026 11:13:43";"06/08/2026 11:13:43"
"Beatrice Sung";"Beatrice.Sung@infopro-digital.com";"True";"Power BI Pro";"0";;;;;"Non detectee sur la periode analysee";;;;;;;;;"Aucune connexion trouvee";;;"07/07/2026 11:13:43";"06/08/2026 11:13:43"
"VATA, Bekim";"bekim.vata@infopro-digital.com";"True";"Power BI Pro";"0";;;;;"Non detectee sur la periode analysee";;;;;;;;;"Aucune connexion trouvee";;;"07/07/2026 11:13:43";"06/08/2026 11:13:43"
"Ben Lee";"ben.lee@infopro-digital.com";"True";"Power BI Pro";"0";;;;;"Non detectee sur la periode analysee";;;;;;;;;"Aucune connexion trouvee";;;"07/07/2026 11:13:43";"06/08/2026 11:13:43"
"Ben Puyenbroek";"Ben.Puyenbroek@infopro-digital.com";"True";"Power BI Pro";"2";;"27/07/2026 10:54:15 +02:00";"27/07/2026 10:54:15 +02:00";"10";"Oui - authentification detectee";"Power BI Desktop";"";"True";"163.116.162.210";"London";"GB";"Windows10";"Edge 18.26200";"Reussie";"Other.";"7a68cea9-3a7f-40ae-879b-54dadef74888";"07/07/2026 11:13:43";"06/08/2026 11:13:43"
"Ben St Clair";"Ben.StClair@infopro-digital.com";"True";"Power BI Pro";"0";;;;;"Non detectee sur la periode analysee";;;;;;;;;"Aucune connexion trouvee";;;"07/07/2026 11:13:43";"06/08/2026 11:13:43"
"Ben Sumner";"ben.sumner@infopro-digital.com";"True";"Power BI Pro";"0";;;;;"Non detectee sur la periode analysee";;;;;;;;;"Aucune connexion trouvee";;;"07/07/2026 11:13:43";"06/08/2026 11:13:43"
"Ben Wood";"ben.wood@infopro-digital.com";"True";"Power BI Pro";"0";;;;;"Non detectee sur la periode analysee";;;;;;;;;"Aucune connexion trouvee";;;"07/07/2026 11:13:43";"06/08/2026 11:13:43"
"Benita Igbinedion";"Benita.Igbinedion@infopro-digital.com";"True";"Power BI Pro";"0";;;;;"Non detectee sur la periode analysee";;;;;;;;;"Aucune connexion trouvee";;;"07/07/2026 11:13:43";"06/08/2026 11:13:43"
"RANDRIANIRINA, Benja Liantsoa";"benja-liantsoa.randrianirina@infopro-digital.com";"True";"Power BI Pro";"0";;;;;"Non detectee sur la periode analysee";;;;;;;;;"Aucune connexion trouvee";;;"07/07/2026 11:13:43";"06/08/2026 11:13:43"
"DIXNEUF, Benjamin";"benjamin.dixneuf@infopro-digital.com";"True";"Power BI Pro";"0";;;;;"Non detectee sur la periode analysee";;;;;;;;;"Aucune connexion trouvee";;;"07/07/2026 11:13:43";"06/08/2026 11:13:43"
"MALET, Benoit";"benoit.malet@etai.fr";"True";"Power BI Pro";"0";;;;;"Non detectee sur la periode analysee";;;;;;;;;"Aucune connexion trouvee";;;"07/07/2026 11:13:43";"06/08/2026 11:13:43"
"Goroncy, Bernd";"Bernd.Goroncy@infopro-digital.com";"True";"Power BI Pro";"0";;;;;"Non detectee sur la periode analysee";;;;;;;;;"Aucune connexion trouvee";;;"07/07/2026 11:13:43";"06/08/2026 11:13:43"
"BOURGEOIS, Bertrand";"bertrand.bourgeois@infopro-digital.com";"True";"Power BI Pro";"0";;;;;"Non detectee sur la periode analysee";;;;;;;;;"Aucune connexion trouvee";;;"07/07/2026 11:13:43";"06/08/2026 11:13:43"
"Bethany Jones";"Bethany.Jones@infopro-digital.com";"True";"Power BI Pro";"0";;;;;"Non detectee sur la periode analysee";;;;;;;;;"Aucune connexion trouvee";;;"07/07/2026 11:13:43";"06/08/2026 11:13:43"
"Bhavanesh Laher";"Bhavanesh.Laher@infopro-digital.com";"True";"Power BI Pro";"0";;;;;"Non detectee sur la periode analysee";;;;;;;;;"Aucune connexion trouvee";;;"07/07/2026 11:13:43";"06/08/2026 11:13:43"
"Bill Holbrook";"Bill.Holbrook@infopro-digital.com";"True";"Power BI Pro";"0";;;;;"Non detectee sur la periode analysee";;;;;;;;;"Aucune connexion trouvee";;;"07/07/2026 11:13:43";"06/08/2026 11:13:43"
"Bisi Sijuade";"bisi.sijuade@infopro-digital.com";"True";"Power BI Pro";"0";;;;;"Non detectee sur la periode analysee";;;;;;;;;"Aucune connexion trouvee";;;"07/07/2026 11:13:43";"06/08/2026 11:13:43"
"FISCHER, Blandine";"blandine.fischer@infopro-digital.com";"True";"Power BI Pro";"0";;;;;"Non detectee sur la periode analysee";;;;;;;;;"Aucune connexion trouvee";;;"07/07/2026 11:13:43";"06/08/2026 11:13:43"
"STEVANOVIC, Boris";"boris.stevanovic@infopro-digital.com";"True";"Power BI Pro";"0";;;;;"Non detectee sur la periode analysee";;;;;;;;;"Aucune connexion trouvee";;;"07/07/2026 11:13:43";"06/08/2026 11:13:43"
"Brendan Badenhorst";"brendan.badenhorst@infopro-digital.com";"True";"Power BI Pro";"0";;;;;"Non detectee sur la periode analysee";;;;;;;;;"Aucune connexion trouvee";;;"07/07/2026 11:13:43";"06/08/2026 11:13:43"
"Brendan O’Neill (EXT)";"Brendan.ONeill@infopro-digital.com";"True";"Power BI Pro";"0";;;;;"Non detectee sur la periode analysee";;;;;;;;;"Aucune connexion trouvee";;;"07/07/2026 11:13:43";"06/08/2026 11:13:43"
"Brian Horton";"brian.horton@barbour-abi.com";"True";"Power BI Pro";"0";;;;;"Non detectee sur la periode analysee";;;;;;;;;"Aucune connexion trouvee";;;"07/07/2026 11:13:43";"06/08/2026 11:13:43"
"PERARD, Brice";"brice.perard@infopro-digital.com";"True";"Power BI Pro";"0";;;;;"Non detectee sur la periode analysee";;;;;;;;;"Aucune connexion trouvee";;;"07/07/2026 11:13:43";"06/08/2026 11:13:43"
"DE CANNART Brieuc";"brieuc.decannart@ebp.be";"True";"Power BI Pro";"0";;;;;"Non detectee sur la periode analysee";;;;;;;;;"Aucune connexion trouvee";;;"07/07/2026 11:13:43";"06/08/2026 11:13:43"
"CONNERTH, Bruno | Heinze";"bruno.connerth@infopro-digital.com";"True";"Power BI Pro";"0";;;;;"Non detectee sur la periode analysee";;;;;;;;;"Aucune connexion trouvee";;;"07/07/2026 11:13:43";"06/08/2026 11:13:43"
"HEDAN, Bruno";"bruno.hedan@infopro-digital.com";"True";"Power BI Pro";"0";;;;;"Non detectee sur la periode analysee";;;;;;;;;"Aucune connexion trouvee";;;"07/07/2026 11:13:43";"06/08/2026 11:13:43"
"Bruno Nascimento Lago";"BrunoNascimento.Lago@infopro-digital.com";"True";"Power BI Pro";"0";;;;;"Non detectee sur la periode analysee";;;;;;;;;"Aucune connexion trouvee";;;"07/07/2026 11:13:43";"06/08/2026 11:13:43"
"MERCEY, Camille";"camille.mercey@infopro-digital.com";"True";"Power BI Pro";"0";;;;;"Non detectee sur la periode analysee";;;;;;;;;"Aucune connexion trouvee";;;"07/07/2026 11:13:43";"06/08/2026 11:13:43"
"MARDUEL, Candy";"candy.marduel@infopro-digital.com";"True";"Power BI Pro";"0";;;;;"Non detectee sur la periode analysee";;;;;;;;;"Aucune connexion trouvee";;;"07/07/2026 11:13:43";"06/08/2026 11:13:43"
"GENTHNER-KAPPESZ, Caren";"caren.genthner-kappesz@infopro-digital.com";"True";"Power BI Pro";"0";;;;;"Non detectee sur la periode analysee";;;;;;;;;"Aucune connexion trouvee";;;"07/07/2026 11:13:43";"06/08/2026 11:13:43"
"PUJOL, Carles";"carles.pujol@infopro-digital.com";"True";"Power BI Pro";"0";;;;;"Non detectee sur la periode analysee";;;;;;;;;"Aucune connexion trouvee";;;"07/07/2026 11:13:43";"06/08/2026 11:13:43"
"HAINAUT, Carole";"carole.hainaut@infopro-digital.com";"True";"Power BI Pro";"0";;;;;"Non detectee sur la periode analysee";;;;;;;;;"Aucune connexion trouvee";;;"07/07/2026 11:13:43";"06/08/2026 11:13:43"
"COULHON, Carole-Anne";"carole-anne.coulhon@infopro-digital.com";"True";"Power BI Pro";"0";;;;;"Non detectee sur la periode analysee";;;;;;;;;"Aucune connexion trouvee";;;"07/07/2026 11:13:43";"06/08/2026 11:13:43"
"REBEU, Carolina";"carolina.rebeu@infopro-digital.com";"True";"Power BI Pro";"0";;;;;"Non detectee sur la periode analysee";;;;;;;;;"Aucune connexion trouvee";;;"07/07/2026 11:13:43";"06/08/2026 11:13:43"
"SANCHEZ, Caroline";"caroline.sanchez@inovaxo.fr";"True";"Power BI Pro";"0";;;;;"Non detectee sur la periode analysee";;;;;;;;;"Aucune connexion trouvee";;;"07/07/2026 11:13:43";"06/08/2026 11:13:43"
"VERDIER, Caroline";"caroline.verdier@infopro-digital.com";"True";"Power BI Pro";"0";;;;;"Non detectee sur la periode analysee";;;;;;;;;"Aucune connexion trouvee";;;"07/07/2026 11:13:43";"06/08/2026 11:13:43"
"Catherine Jarvis";"catherine.jarvis@infopro-digital.com";"True";"Power BI Pro";"0";;;;;"Non detectee sur la periode analysee";;;;;;;;;"Aucune connexion trouvee";;;"07/07/2026 11:13:43";"06/08/2026 11:13:43"
"VAREJAO, Cecile";"cecile.varejao@infopro-digital.com";"True";"Power BI Pro";"0";;;;;"Non detectee sur la periode analysee";;;;;;;;;"Aucune connexion trouvee";;;"07/07/2026 11:13:43";"06/08/2026 11:13:43"
"DUQUENNE, Cedric";"cedric.duquenne@infopro-digital.com";"True";"Power BI Pro";"1";;"15/07/2026 11:32:44 +02:00";"15/07/2026 11:32:44 +02:00";"21";"Oui - authentification detectee";"Power BI Desktop";"";"True";"163.116.242.51";"Paris";"FR";"Windows10";"Edge 18.22631";"Reussie";"Other.";"7a4db56d-3b32-43d3-85df-c8d34ffeb301";"07/07/2026 11:13:43";"06/08/2026 11:13:43"
"AUSSANT, Celine";"celine.aussant@infopro-digital.com";"True";"Power BI Pro";"0";;;;;"Non detectee sur la periode analysee";;;;;;;;;"Aucune connexion trouvee";;;"07/07/2026 11:13:43";"06/08/2026 11:13:43"
"GUILLOU Celine";"celine.guillou@vecteurplus.com";"True";"Power BI Pro";"0";;;;;"Non detectee sur la periode analysee";;;;;;;;;"Aucune connexion trouvee";;;"07/07/2026 11:13:43";"06/08/2026 11:13:43"
"KEVERIAN SALOU, Celine";"celine.keverian-salou@infopro-digital.com";"True";"Power BI Pro";"0";;;;;"Non detectee sur la periode analysee";;;;;;;;;"Aucune connexion trouvee";;;"07/07/2026 11:13:43";"06/08/2026 11:13:43"
"RUAT, Celine";"celine.ruat@infopro-digital.com";"True";"Power BI Pro";"0";;;;;"Non detectee sur la periode analysee";;;;;;;;;"Aucune connexion trouvee";;;"07/07/2026 11:13:43";"06/08/2026 11:13:43"
"ELAIMEUR, Chaimaa";"chaimaa.elaimeur@infopro-digital.com";"True";"Power BI Pro";"0";;;;;"Non detectee sur la periode analysee";;;;;;;;;"Aucune connexion trouvee";;;"07/07/2026 11:13:43";"06/08/2026 11:13:43"
"MILLION-ROUSSEAU, Charles";"charles.million-rousseau@infopro-digital.com";"True";"Power BI Pro";"0";;;;;"Non detectee sur la periode analysee";;;;;;;;;"Aucune connexion trouvee";;;"07/07/2026 11:13:43";"06/08/2026 11:13:43"
"Charles Morris";"Charles.Morris@infopro-digital.com";"True";"Power BI Pro";"0";;;;;"Non detectee sur la periode analysee";;;;;;;;;"Aucune connexion trouvee";;;"07/07/2026 11:13:43";"06/08/2026 11:13:43"
"Chris Ai";"Chris.Ai@infopro-digital.com";"True";"Power BI Pro";"0";;;;;"Non detectee sur la periode analysee";;;;;;;;;"Aucune connexion trouvee";;;"07/07/2026 11:13:43";"06/08/2026 11:13:43"
"Chris Davis";"chris.davis@infopro-digital.com";"True";"Power BI Pro";"0";;;;;"Non detectee sur la periode analysee";;;;;;;;;"Aucune connexion trouvee";;;"07/07/2026 11:13:43";"06/08/2026 11:13:43"
"Chris Finnegan";"chris.finnegan@infopro-digital.com";"True";"Power BI Pro";"0";;;;;"Non detectee sur la periode analysee";;;;;;;;;"Aucune connexion trouvee";;;"07/07/2026 11:13:43";"06/08/2026 11:13:43"
"Chris Jeffery";"chris.jeffery@infopro-digital.com";"True";"Power BI Pro";"0";;;;;"Non detectee sur la periode analysee";;;;;;;;;"Aucune connexion trouvee";;;"07/07/2026 11:13:43";"06/08/2026 11:13:43"
"JOURNET, Chris";"chris.journet@infopro-digital.com";"True";"Power BI Pro";"0";;;;;"Non detectee sur la periode analysee";;;;;;;;;"Aucune connexion trouvee";;;"07/07/2026 11:13:43";"06/08/2026 11:13:43"
"Chris Wade";"chris.wade@infopro-digital.com";"True";"Power BI Pro";"0";;;;;"Non detectee sur la periode analysee";;;;;;;;;"Aucune connexion trouvee";;;"07/07/2026 11:13:43";"06/08/2026 11:13:43"
"KRASSO, Christian";"christian.krasso@infopro-digital.com";"True";"Power BI Pro";"0";;;;;"Non detectee sur la periode analysee";;;;;;;;;"Aucune connexion trouvee";;;"07/07/2026 11:13:43";"06/08/2026 11:13:43"
"STALLKNECHT, Christian | Heinze";"christian.stallknecht@infopro-digital.com";"True";"Power BI Pro";"0";;;;;"Non detectee sur la periode analysee";;;;;;;;;"Aucune connexion trouvee";;;"07/07/2026 11:13:43";"06/08/2026 11:13:43"
"TILLER, Christian | Heinze";"christian.tiller@infopro-digital.com";"True";"Power BI Pro";"0";;;;;"Non detectee sur la periode analysee";;;;;;;;;"Aucune connexion trouvee";;;"07/07/2026 11:13:43";"06/08/2026 11:13:43"
"FALLER, Christiane | Heinze";"christiane.faller@infopro-digital.com";"True";"Power BI Pro";"0";;;;;"Non detectee sur la periode analysee";;;;;;;;;"Aucune connexion trouvee";;;"07/07/2026 11:13:43";"06/08/2026 11:13:43"
"BAART, Christina | Heinze";"christina.baart@infopro-digital.com";"True";"Power BI Pro";"0";;;;;"Non detectee sur la periode analysee";;;;;;;;;"Aucune connexion trouvee";;;"07/07/2026 11:13:43";"06/08/2026 11:13:43"
"Chrissy Jamieson";"christine.jamieson@barbour-abi.com";"True";"Power BI Pro";"0";;;;;"Non detectee sur la periode analysee";;;;;;;;;"Aucune connexion trouvee";;;"07/07/2026 11:13:43";"06/08/2026 11:13:43"
"SEGUIN, Christine";"christine.seguin@infopro-digital.com";"True";"Power BI Pro";"0";;;;;"Non detectee sur la periode analysee";;;;;;;;;"Aucune connexion trouvee";;;"07/07/2026 11:13:43";"06/08/2026 11:13:43"
"WILTZ-PAPENDIECK, Christine | Heinze";"christine.wiltz-papendieck@infopro-digital.com";"True";"Power BI Pro";"0";;;;;"Non detectee sur la periode analysee";;;;;;;;;"Aucune connexion trouvee";;;"07/07/2026 11:13:43";"06/08/2026 11:13:43"
"Apel, Christoph";"Christoph.Apel@infopro-digital.com";"True";"Power BI Pro";"0";;;;;"Non detectee sur la periode analysee";;;;;;;;;"Aucune connexion trouvee";;;"07/07/2026 11:13:43";"06/08/2026 11:13:43"
"STEIN, Christoph | Heinze";"christoph.stein@infopro-digital.com";"True";"Power BI Pro";"0";;;;;"Non detectee sur la periode analysee";;;;;;;;;"Aucune connexion trouvee";;;"07/07/2026 11:13:43";"06/08/2026 11:13:43"
"BERNARD, Christophe";"christophe.bernard@infopro-digital.com";"True";"Power BI Pro";"0";;;;;"Non detectee sur la periode analysee";;;;;;;;;"Aucune connexion trouvee";;;"07/07/2026 11:13:43";"06/08/2026 11:13:43"
"CZAJKA, Christophe";"christophe.czajka@infopro-digital.com";"True";"Power BI Pro";"0";;;;;"Non detectee sur la periode analysee";;;;;;;;;"Aucune connexion trouvee";;;"07/07/2026 11:13:43";"06/08/2026 11:13:43"
"SERRIE, Christophe";"christophe.serrie@infopro-digital.com";"True";"Power BI Pro";"0";;;;;"Non detectee sur la periode analysee";;;;;;;;;"Aucune connexion trouvee";;;"07/07/2026 11:13:43";"06/08/2026 11:13:43"
"CARIOU, Cindy";"cindy.cariou@infopro-digital.com";"True";"Power BI Pro";"0";;;;;"Non detectee sur la periode analysee";;;;;;;;;"Aucune connexion trouvee";;;"07/07/2026 11:13:43";"06/08/2026 11:13:43"
"Claire Hammond";"claire.hammond@infopro-digital.com";"True";"Power BI Pro";"0";;;;;"Non detectee sur la periode analysee";;;;;;;;;"Aucune connexion trouvee";;;"07/07/2026 11:13:43";"06/08/2026 11:13:43"
"Claire Jordan";"Claire.Jordan@infopro-digital.com";"True";"Power BI Pro";"0";;;;;"Non detectee sur la periode analysee";;;;;;;;;"Aucune connexion trouvee";;;"07/07/2026 11:13:43";"06/08/2026 11:13:43"
"Claire Mauger";"claire.mauger@infopro-digital.com";"True";"Power BI Pro";"0";;;;;"Non detectee sur la periode analysee";;;;;;;;;"Aucune connexion trouvee";;;"07/07/2026 11:13:43";"06/08/2026 11:13:43"
"SANAHUJA FERRER, Clara";"clara@infopro-digital.com";"True";"Power BI Pro";"0";;;;;"Non detectee sur la periode analysee";;;;;;;;;"Aucune connexion trouvee";;;"07/07/2026 11:13:43";"06/08/2026 11:13:43"
"HETHERINGTON, Clare";"clare.hetherington@infopro-digital.com";"True";"Power BI Pro";"0";;;;;"Non detectee sur la periode analysee";;;;;;;;;"Aucune connexion trouvee";;;"07/07/2026 11:13:43";"06/08/2026 11:13:43"
"JAGUENEAU, Clarisse";"clarisse.jagueneau@infopro-digital.com";"True";"Power BI Pro";"0";;;;;"Non detectee sur la periode analysee";;;;;;;;;"Aucune connexion trouvee";;;"07/07/2026 11:13:43";"06/08/2026 11:13:43"
"VAN RAVESTEIJN, Claudia | Heinze";"claudia.vanravesteijn@infopro-digital.com";"True";"Power BI Pro";"0";;;;;"Non detectee sur la periode analysee";;;;;;;;;"Aucune connexion trouvee";;;"07/07/2026 11:13:43";"06/08/2026 11:13:43"
"CAMPANER Clément";"clement.campaner@vecteurplus.com";"True";"Power BI Pro";"0";;;;;"Non detectee sur la periode analysee";;;;;;;;;"Aucune connexion trouvee";;;"07/07/2026 11:13:43";"06/08/2026 11:13:43"
"SEGRETO, Clementine";"clementine.segreto@infopro-digital.com";"True";"Power BI Pro";"0";;;;;"Non detectee sur la periode analysee";;;;;;;;;"Aucune connexion trouvee";;;"07/07/2026 11:13:43";"06/08/2026 11:13:43"
"Clive Whitford";"clive.whitford@infopro-digital.com";"True";"Power BI Pro";"0";;;;;"Non detectee sur la periode analysee";;;;;;;;;"Aucune connexion trouvee";;;"07/07/2026 11:13:43";"06/08/2026 11:13:43"
"Cole Lipsky";"Cole.Lipsky@infopro-digital.com";"True";"Power BI Pro";"0";;;;;"Non detectee sur la periode analysee";;;;;;;;;"Aucune connexion trouvee";;;"07/07/2026 11:13:43";"06/08/2026 11:13:43"
"Conchita Misquith";"Conchita.Misquith@infopro-digital.com";"True";"Power BI Pro";"0";;;;;"Non detectee sur la periode analysee";;;;;;;;;"Aucune connexion trouvee";;;"07/07/2026 11:13:43";"06/08/2026 11:13:43"
"LEBLANC Coralie";"coralie.leblanc@vecteurplus.com";"True";"Power BI Pro";"0";;;;;"Non detectee sur la periode analysee";;;;;;;;;"Aucune connexion trouvee";;;"07/07/2026 11:13:43";"06/08/2026 11:13:43"
"ALDEA, Corina";"corina.aldea@infopro-digital.com";"True";"Power BI Pro";"0";;;;;"Non detectee sur la periode analysee";;;;;;;;;"Aucune connexion trouvee";;;"07/07/2026 11:13:43";"06/08/2026 11:13:43"
"cube cube";"cube@infopro-digital.fr";"True";"Power BI Pro";"0";;;;;"Non detectee sur la periode analysee";;;;;;;;;"Aucune connexion trouvee";;;"07/07/2026 11:13:43";"06/08/2026 11:13:43"
"FERNANDES, Cyril";"cyril.fernandes@infopro-digital.com";"True";"Power BI Pro";"0";;;;;"Non detectee sur la periode analysee";;;;;;;;;"Aucune connexion trouvee";;;"07/07/2026 11:13:43";"06/08/2026 11:13:43"
"LADET, Cyril";"cyril.ladet@etai.fr";"True";"Power BI Pro";"0";;;;;"Non detectee sur la periode analysee";;;;;;;;;"Aucune connexion trouvee";;;"07/07/2026 11:13:43";"06/08/2026 11:13:43"
"OSSENGUE, Daleche";"daleche.ossengue@infopro-digital.com";"True";"Power BI Pro";"0";;;;;"Non detectee sur la periode analysee";;;;;;;;;"Aucune connexion trouvee";;;"07/07/2026 11:13:43";"06/08/2026 11:13:43"
"SCHMITZ, Damien";"damien.schmitz@infopro-digital.com";"True";"Power BI Pro";"0";;;;;"Non detectee sur la periode analysee";;;;;;;;;"Aucune connexion trouvee";;;"07/07/2026 11:13:43";"06/08/2026 11:13:43"
"Dan Aldridge";"Dan.Aldridge@infopro-digital.com";"True";"Power BI Pro";"0";;;;;"Non detectee sur la periode analysee";;;;;;;;;"Aucune connexion trouvee";;;"07/07/2026 11:13:43";"06/08/2026 11:13:43"
"Dane Barnard";"dane.barnard@infopro-digital.com";"True";"Power BI Pro";"0";;;;;"Non detectee sur la periode analysee";;;;;;;;;"Aucune connexion trouvee";;;"07/07/2026 11:13:43";"06/08/2026 11:13:43"
"Daniel Blackburn";"Daniel.Blackburn@infopro-digital.com";"True";"Power BI Pro";"0";;;;;"Non detectee sur la periode analysee";;;;;;;;;"Aucune connexion trouvee";;;"07/07/2026 11:13:43";"06/08/2026 11:13:43"
"Daniel Ciotkowski";"daniel.ciotkowski@infopro-digital.com";"True";"Power BI Pro";"0";;;;;"Non detectee sur la periode analysee";;;;;;;;;"Aucune connexion trouvee";;;"07/07/2026 11:13:43";"06/08/2026 11:13:43"
"Daniel De-Bruce";"Daniel.DeBruce@infopro-digital.com";"True";"Power BI Pro";"0";;;;;"Non detectee sur la periode analysee";;;;;;;;;"Aucune connexion trouvee";;;"07/07/2026 11:13:43";"06/08/2026 11:13:43"
"HILSDON, Daniel | Heinze";"daniel.hilsdon@infopro-digital.com";"True";"Power BI Pro";"0";;;;;"Non detectee sur la periode analysee";;;;;;;;;"Aucune connexion trouvee";;;"07/07/2026 11:13:43";"06/08/2026 11:13:43"
"Daniel Hinge";"daniel.hinge@infopro-digital.com";"True";"Power BI Pro";"0";;;;;"Non detectee sur la periode analysee";;;;;;;;;"Aucune connexion trouvee";;;"07/07/2026 11:13:43";"06/08/2026 11:13:43"
"MARX, Daniel";"daniel.marx@infopro-digital.com";"True";"Power BI Pro";"0";;;;;"Non detectee sur la periode analysee";;;;;;;;;"Aucune connexion trouvee";;;"07/07/2026 11:13:43";"06/08/2026 11:13:43"
"Merg, Daniel";"Daniel.Merg@infopro-digital.com";"True";"Power BI Pro";"0";;;;;"Non detectee sur la periode analysee";;;;;;;;;"Aucune connexion trouvee";;;"07/07/2026 11:13:43";"06/08/2026 11:13:43"
"RODRIGUEZ BAZIN, Daniel";"daniel.rodriguez-bazin@infopro-digital.com";"True";"Power BI Pro";"0";;;;;"Non detectee sur la periode analysee";;;;;;;;;"Aucune connexion trouvee";;;"07/07/2026 11:13:43";"06/08/2026 11:13:43"
"SIGWARTH, Daniel | Heinze";"daniel.sigwarth@infopro-digital.com";"True";"Power BI Pro";"0";;;;;"Non detectee sur la periode analysee";;;;;;;;;"Aucune connexion trouvee";;;"07/07/2026 11:13:43";"06/08/2026 11:13:43"
"Steiger, Daniel";"Daniel.Steiger@infopro-digital.com";"True";"Power BI Pro";"0";;;;;"Non detectee sur la periode analysee";;;;;;;;;"Aucune connexion trouvee";;;"07/07/2026 11:13:43";"06/08/2026 11:13:43"
"ATTIAS, Danielle";"danielle.attias@infopro-digital.com";"True";"Power BI Pro";"0";;;;;"Non detectee sur la periode analysee";;;;;;;;;"Aucune connexion trouvee";;;"07/07/2026 11:13:43";"06/08/2026 11:13:43"
"HALSEY, Dariga";"Dariga.Halsey@infopro-digital.com";"True";"Power BI Pro";"0";;;;;"Non detectee sur la periode analysee";;;;;;;;;"Aucune connexion trouvee";;;"07/07/2026 11:13:43";"06/08/2026 11:13:43"
"WATTS, Darryl";"darryl.watts@infopro-digital.com";"True";"Power BI Pro";"0";;;;;"Non detectee sur la periode analysee";;;;;;;;;"Aucune connexion trouvee";;;"07/07/2026 11:13:43";"06/08/2026 11:13:43"
"David BONNEAU";"david.bonneau@infopro-digital.com";"True";"Power BI Pro";"0";;;;;"Non detectee sur la periode analysee";;;;;;;;;"Aucune connexion trouvee";;;"07/07/2026 11:13:43";"06/08/2026 11:13:43"
"David Harris";"david.harris@barbour-abi.com";"True";"Power BI Pro";"1";;"24/07/2026 09:34:04 +02:00";"24/07/2026 09:34:04 +02:00";"13";"Oui - authentification detectee";"Power BI Desktop";"";"True";"163.116.165.116";"Manchester";"GB";"Windows10";"Edge 18.22631";"Reussie";"Other.";"ba95c312-3f7b-4c71-8032-e82c1dfe9dca";"07/07/2026 11:13:43";"06/08/2026 11:13:43"
"KAPLANYAN, David";"david.kaplanyan@infopro-digital.com";"True";"Power BI Pro";"0";;;;;"Non detectee sur la periode analysee";;;;;;;;;"Aucune connexion trouvee";;;"07/07/2026 11:13:43";"06/08/2026 11:13:43"
"David Lamb";"david.lamb@infopro-digital.com";"True";"Power BI Pro";"0";;;;;"Non detectee sur la periode analysee";;;;;;;;;"Aucune connexion trouvee";;;"07/07/2026 11:13:43";"06/08/2026 11:13:43"
"MARCHAND, David (EXT)";"david.marchand@infopro-digital.com";"True";"Power BI Pro";"0";;;;;"Non detectee sur la periode analysee";;;;;;;;;"Aucune connexion trouvee";;;"07/07/2026 11:13:43";"06/08/2026 11:13:43"
"BLOT, Denis";"denis.blot@inovaxo.fr";"True";"Power BI Pro";"0";;;;;"Non detectee sur la periode analysee";;;;;;;;;"Aucune connexion trouvee";;;"07/07/2026 11:13:43";"06/08/2026 11:13:43"
"Dhruv Patel";"Dhruv.Patel@infopro-digital.com";"True";"Power BI Pro";"0";;;;;"Non detectee sur la periode analysee";;;;;;;;;"Aucune connexion trouvee";;;"07/07/2026 11:13:43";"06/08/2026 11:13:43"
"FAYOLLE, Diane";"diane.fayolle@infopro-digital.com";"True";"Power BI Pro";"0";;;;;"Non detectee sur la periode analysee";;;;;;;;;"Aucune connexion trouvee";;;"07/07/2026 11:13:43";"06/08/2026 11:13:43"
"HIPPOLYTE, Diane";"diane.hippolyte@infopro-digital.com";"True";"Power BI Pro";"0";;;;;"Non detectee sur la periode analysee";;;;;;;;;"Aucune connexion trouvee";;;"07/07/2026 11:13:43";"06/08/2026 11:13:43"
"KRETSCHMER, Dietmar | BauNetz";"dietmar.kretschmer@infopro-digital.com";"True";"Power BI Pro";"0";;;;;"Non detectee sur la periode analysee";;;;;;;;;"Aucune connexion trouvee";;;"07/07/2026 11:13:43";"06/08/2026 11:13:43"
"DAMOALIGA, Dodava";"dodava.damoaliga@infopro-digital.com";"True";"Power BI Pro";"0";;;;;"Non detectee sur la periode analysee";;;;;;;;;"Aucune connexion trouvee";;;"07/07/2026 11:13:43";"06/08/2026 11:13:43"
"Dominic Keegan";"dominic.keegan@infopro-digital.com";"True";"Power BI Pro";"0";;;;;"Non detectee sur la periode analysee";;;;;;;;;"Aucune connexion trouvee";;;"07/07/2026 11:13:43";"06/08/2026 11:13:43"
"Doug Hausken";"Doug.Hausken@infopro-digital.com";"True";"Power BI Pro";"0";;;;;"Non detectee sur la periode analysee";;;;;;;;;"Aucune connexion trouvee";;;"07/07/2026 11:13:43";"06/08/2026 11:13:43"
"BARAKAOU, Dounia Laura";"dounia.barakaou@infopro-digital.com";"True";"Power BI Pro";"0";;;;;"Non detectee sur la periode analysee";;;;;;;;;"Aucune connexion trouvee";;;"07/07/2026 11:13:43";"06/08/2026 11:13:43"
"Duncan Wood";"duncan.wood@infopro-digital.com";"True";"Power BI Pro";"0";;;;;"Non detectee sur la periode analysee";;;;;;;;;"Aucune connexion trouvee";;;"07/07/2026 11:13:43";"06/08/2026 11:13:43"
"Ed Griffiths";"ed.griffiths@barbour-abi.com";"True";"Power BI Pro";"0";;;;;"Non detectee sur la periode analysee";;;;;;;;;"Aucune connexion trouvee";;;"07/07/2026 11:13:43";"06/08/2026 11:13:43"
"Edie Chang";"Edie.Chang@infopro-digital.com";"True";"Power BI Pro";"0";;;;;"Non detectee sur la periode analysee";;;;;;;;;"Aucune connexion trouvee";;;"07/07/2026 11:13:43";"06/08/2026 11:13:43"
"GALIONE, Edoardo";"edoardo.galione@infopro-digital.com";"True";"Power BI Pro";"0";;;;;"Non detectee sur la periode analysee";;;;;;;;;"Aucune connexion trouvee";;;"07/07/2026 11:13:43";"06/08/2026 11:13:43"
"Tikhomirova, Ekaterina";"Ekaterina.Tikhomirova@infopro-digital.com";"True";"Power BI Pro";"0";;;;;"Non detectee sur la periode analysee";;;;;;;;;"Aucune connexion trouvee";;;"07/07/2026 11:13:43";"06/08/2026 11:13:43"
"Ekrem Nurkerim";"ekrem.nurkerim@infopro-digital.com";"True";"Power BI Pro";"0";;;;;"Non detectee sur la periode analysee";;;;;;;;;"Aucune connexion trouvee";;;"07/07/2026 11:13:43";"06/08/2026 11:13:43"
"Eleanor Piotrowicz";"Eleanor.Piotrowicz@infopro-digital.com";"True";"Power BI Pro";"0";;;;;"Non detectee sur la periode analysee";;;;;;;;;"Aucune connexion trouvee";;;"07/07/2026 11:13:43";"06/08/2026 11:13:43"
"Elina Patler";"elina.patler@infopro-digital.com";"True";"Power BI Pro";"0";;;;;"Non detectee sur la periode analysee";;;;;;;;;"Aucune connexion trouvee";;;"07/07/2026 11:13:43";"06/08/2026 11:13:43"
"Elisabete Ferreira";"Elisabete.Ferreira@infopro-digital.com";"True";"Power BI Pro";"0";;;;;"Non detectee sur la periode analysee";;;;;;;;;"Aucune connexion trouvee";;;"07/07/2026 11:13:43";"06/08/2026 11:13:43"
"URBACH, Elisabeth | Heinze";"elisabeth.urbach@infopro-digital.com";"True";"Power BI Pro";"0";;;;;"Non detectee sur la periode analysee";;;;;;;;;"Aucune connexion trouvee";;;"07/07/2026 11:13:43";"06/08/2026 11:13:43"
"CAMUS, Elise";"elise.camus@infopro-digital.com";"True";"Power BI Pro";"0";;;;;"Non detectee sur la periode analysee";;;;;;;;;"Aucune connexion trouvee";;;"07/07/2026 11:13:43";"06/08/2026 11:13:43"
"DA SILVA, Elise";"elise.da-silva@infopro-digital.com";"True";"Power BI Pro";"0";;;;;"Non detectee sur la periode analysee";;;;;;;;;"Aucune connexion trouvee";;;"07/07/2026 11:13:43";"06/08/2026 11:13:43"
"Elizabeth Locke";"Elizabeth.Locke@infopro-digital.com";"True";"Power BI Pro";"0";;;;;"Non detectee sur la periode analysee";;;;;;;;;"Aucune connexion trouvee";;;"07/07/2026 11:13:43";"06/08/2026 11:13:43"
"HALLUNG, Elke | BauNetz";"elke.hallung@infopro-digital.com";"True";"Power BI Pro";"0";;;;;"Non detectee sur la periode analysee";;;;;;;;;"Aucune connexion trouvee";;;"07/07/2026 11:13:43";"06/08/2026 11:13:43"
"CASTILLO, Elodie";"elodie.castillo@infopro-digital.com";"True";"Power BI Pro";"0";;;;;"Non detectee sur la periode analysee";;;;;;;;;"Aucune connexion trouvee";;;"07/07/2026 11:13:43";"06/08/2026 11:13:43"
"Eloise PIETTE-SEMERIL";"eloise.piette@vecteurplus.com";"True";"Power BI Pro";"0";;;;;"Non detectee sur la periode analysee";;;;;;;;;"Aucune connexion trouvee";;;"07/07/2026 11:13:43";"06/08/2026 11:13:43"
"QUINT, Eloise";"eloise.quint@infopro-digital.com";"True";"Power BI Pro";"0";;;;;"Non detectee sur la periode analysee";;;;;;;;;"Aucune connexion trouvee";;;"07/07/2026 11:13:43";"06/08/2026 11:13:43"
"LENCLUD, Elsa";"elsa.lenclud@infopro-digital.com";"True";"Power BI Pro";"0";;;;;"Non detectee sur la periode analysee";;;;;;;;;"Aucune connexion trouvee";;;"07/07/2026 11:13:43";"06/08/2026 11:13:43"
"CARETTE, Emilie";"emilie.carette@infopro-digital.com";"True";"Power BI Pro";"0";;;;;"Non detectee sur la periode analysee";;;;;;;;;"Aucune connexion trouvee";;;"07/07/2026 11:13:43";"06/08/2026 11:13:43"
"LE BOT, Emilie";"emilie.le-bot@red-on-line.com";"True";"Power BI Pro";"0";;;;;"Non detectee sur la periode analysee";;;;;;;;;"Aucune connexion trouvee";;;"07/07/2026 11:13:43";"06/08/2026 11:13:43"
"PECASSOU, Emilie";"emilie.pecassou@infopro-digital.com";"True";"Power BI Pro";"0";;;;;"Non detectee sur la periode analysee";;;;;;;;;"Aucune connexion trouvee";;;"07/07/2026 11:13:43";"06/08/2026 11:13:43"
"NGUYEN, Emilie-Xuan";"emilie-xuan.nguyen@infopro-digital.com";"True";"Power BI Pro";"0";;;;;"Non detectee sur la periode analysee";;;;;;;;;"Aucune connexion trouvee";;;"07/07/2026 11:13:43";"06/08/2026 11:13:43"
"Emma Hughes";"Emma.Hughes@infopro-digital.com";"True";"Power BI Pro";"0";;;;;"Non detectee sur la periode analysee";;;;;;;;;"Aucune connexion trouvee";;;"07/07/2026 11:13:43";"06/08/2026 11:13:43"
"SOLHEIM POISSON, Emma";"emma.solheim-poisson@infopro-digital.com";"True";"Power BI Pro";"0";;;;;"Non detectee sur la periode analysee";;;;;;;;;"Aucune connexion trouvee";;;"07/07/2026 11:13:43";"06/08/2026 11:13:43"
"CHAMPETIER DE RIBES, Emmanuel";"emmanuel.champetier@infopro-digital.com";"True";"Power BI Pro";"0";;;;;"Non detectee sur la periode analysee";;;;;;;;;"Aucune connexion trouvee";;;"07/07/2026 11:13:43";"06/08/2026 11:13:43"
"Emmanuel Kenning";"emmanuel.kenning@infopro-digital.com";"True";"Power BI Pro";"0";;;;;"Non detectee sur la periode analysee";;;;;;;;;"Aucune connexion trouvee";;;"07/07/2026 11:13:43";"06/08/2026 11:13:43"
"FRANCHINI, Enzo";"enzo.franchini@infopro-digital.com";"True";"Power BI Pro";"0";;;;;"Non detectee sur la periode analysee";;;;;;;;;"Aucune connexion trouvee";;;"07/07/2026 11:13:43";"06/08/2026 11:13:43"
"Eren Muduroglu";"Eren.Muduroglu@infopro-digital.com";"True";"Power BI Pro";"0";;;;;"Non detectee sur la periode analysee";;;;;;;;;"Aucune connexion trouvee";;;"07/07/2026 11:13:43";"06/08/2026 11:13:43"
"THIERRY, Eric";"eric.thierry@infopro-digital.com";"True";"Power BI Pro";"2";;"21/07/2026 15:22:19 +02:00";"21/07/2026 15:22:19 +02:00";"15";"Oui - authentification detectee";"Power BI Desktop";"";"True";"163.116.173.73";"Duesseldorf";"DE";"Windows10";"Edge 18.26100";"Reussie";"Other.";"5a5db7ca-6533-49e5-8780-39e4c99e560d";"07/07/2026 11:13:43";"06/08/2026 11:13:43"
"ARIJS Estelle";"estelle.arijs@ebp.be";"True";"Power BI Pro";"0";;;;;"Non detectee sur la periode analysee";;;;;;;;;"Aucune connexion trouvee";;;"07/07/2026 11:13:43";"06/08/2026 11:13:43"
"Ethel Sarkodie";"Ethel.Sarkodie@infopro-digital.com";"True";"Power BI Pro";"0";;;;;"Non detectee sur la periode analysee";;;;;;;;;"Aucune connexion trouvee";;;"07/07/2026 11:13:43";"06/08/2026 11:13:43"
"DEGRAVE, Eve";"eve.degrave@infopro-digital.com";"True";"Power BI Pro";"0";;;;;"Non detectee sur la periode analysee";;;;;;;;;"Aucune connexion trouvee";;;"07/07/2026 11:13:43";"06/08/2026 11:13:43"
"DURAND Fabien";"fabien.durand@vecteurplus.com";"True";"Power BI Pro";"0";;;;;"Non detectee sur la periode analysee";;;;;;;;;"Aucune connexion trouvee";;;"07/07/2026 11:13:43";"06/08/2026 11:13:43"
"LIM, Fabien";"fabien.lim@infopro-digital.com";"True";"Power BI Pro";"0";;;;;"Non detectee sur la periode analysee";;;;;;;;;"Aucune connexion trouvee";;;"07/07/2026 11:13:43";"06/08/2026 11:13:43"
"ROUVIER, Fabien";"fabien.rouvier@infopro-digital.com";"True";"Power BI Pro";"0";;;;;"Non detectee sur la periode analysee";;;;;;;;;"Aucune connexion trouvee";;;"07/07/2026 11:13:43";"06/08/2026 11:13:43"
"BARBIER, Fabienne";"fabienne.barbier@infopro-digital.com";"True";"Power BI Pro";"0";;;;;"Non detectee sur la periode analysee";;;;;;;;;"Aucune connexion trouvee";;;"07/07/2026 11:13:43";"06/08/2026 11:13:43"
"GERMOND, Fabienne";"fabienne.germond@infopro-digital.com";"True";"Power BI Pro";"0";;;;;"Non detectee sur la periode analysee";;;;;;;;;"Aucune connexion trouvee";;;"07/07/2026 11:13:43";"06/08/2026 11:13:43"
"TAYLOR, Fabienne";"fabienne.taylor@infopro-digital.com";"True";"Power BI Pro";"0";;;;;"Non detectee sur la periode analysee";;;;;;;;;"Aucune connexion trouvee";;;"07/07/2026 11:13:43";"06/08/2026 11:13:43"
"GIARRIZZO, Fabio";"fabio.giarrizzo@infopro-digital.com";"True";"Power BI Pro";"0";;;;;"Non detectee sur la periode analysee";;;;;;;;;"Aucune connexion trouvee";;;"07/07/2026 11:13:43";"06/08/2026 11:13:43"
"Fabio Palacios";"fabio.palacios@infopro-digital.com";"True";"Power BI Pro";"1";;"14/07/2026 12:51:56 +02:00";"14/07/2026 12:51:56 +02:00";"22";"Oui - authentification detectee";"Power BI Desktop";"";"True";"163.116.165.66";"Manchester";"GB";"Windows10";"Edge 18.26200";"Reussie";"Other.";"4fe2da11-445e-4e73-89b1-e9791626f46f";"07/07/2026 11:13:43";"06/08/2026 11:13:43"
"CONTREL, Fabrice";"fabrice.contrel@infopro-digital.com";"True";"Power BI Pro";"0";;;;;"Non detectee sur la periode analysee";;;;;;;;;"Aucune connexion trouvee";;;"07/07/2026 11:13:43";"06/08/2026 11:13:43"
"MADODE Fabrice";"fabrice.madode@vecteurplus.com";"True";"Power BI Pro";"0";;;;;"Non detectee sur la periode analysee";;;;;;;;;"Aucune connexion trouvee";;;"07/07/2026 11:13:43";"06/08/2026 11:13:43"
"ZOUAGHI, Fakhri";"fakhri.zouaghi@infopro-digital.com";"True";"Power BI Pro";"0";;;;;"Non detectee sur la periode analysee";;;;;;;;;"Aucune connexion trouvee";;;"07/07/2026 11:13:43";"06/08/2026 11:13:43"
"DEVOS Fanny";"fanny.devos@vecteurplus.com";"True";"Power BI Pro";"0";;;;;"Non detectee sur la periode analysee";;;;;;;;;"Aucune connexion trouvee";;;"07/07/2026 11:13:43";"06/08/2026 11:13:43"
"HUSSENOT, Fanny";"fanny.hussenot@infopro-digital.com";"True";"Power BI Pro";"0";;;;;"Non detectee sur la periode analysee";;;;;;;;;"Aucune connexion trouvee";;;"07/07/2026 11:13:43";"06/08/2026 11:13:43"
"Farhan Arif";"farhan.arif@infopro-digital.com";"True";"Power BI Pro";"0";;;;;"Non detectee sur la periode analysee";;;;;;;;;"Aucune connexion trouvee";;;"07/07/2026 11:13:43";"06/08/2026 11:13:43"
"COULIBALY, Fatouma";"fatouma.coulibaly@infopro-digital.com";"True";"Power BI Pro";"0";;;;;"Non detectee sur la periode analysee";;;;;;;;;"Aucune connexion trouvee";;;"07/07/2026 11:13:43";"06/08/2026 11:13:43"
"Finance Reports";"financereports@infopro-digital.com";"True";"Power BI Premium par utilisateur";"0";;;;;"Non detectee sur la periode analysee";;;;;;;;;"Aucune connexion trouvee";;;"07/07/2026 11:13:43";"06/08/2026 11:13:43"
"Fiorella Diaz";"Fiorella.Diaz@infopro-digital.com";"True";"Power BI Pro";"0";;;;;"Non detectee sur la periode analysee";;;;;;;;;"Aucune connexion trouvee";;;"07/07/2026 11:13:43";"06/08/2026 11:13:43"
"MASSIERA, Florent";"florent.massiera@infopro-digital.com";"True";"Power BI Pro";"0";;;;;"Non detectee sur la periode analysee";;;;;;;;;"Aucune connexion trouvee";;;"07/07/2026 11:13:43";"06/08/2026 11:13:43"
"COURGENOUIL, Florian";"florian.courgenouil@infopro-digital.com";"True";"Power BI Pro";"0";;;;;"Non detectee sur la periode analysee";;;;;;;;;"Aucune connexion trouvee";;;"07/07/2026 11:13:43";"06/08/2026 11:13:43"
"RASOAMANANA, Florian";"florian.rasoamanana@infopro-digital.com";"True";"Power BI Pro";"0";;;;;"Non detectee sur la periode analysee";;;;;;;;;"Aucune connexion trouvee";;;"07/07/2026 11:13:43";"06/08/2026 11:13:43"
"ROTH, Florian | Heinze";"florian.roth@infopro-digital.com";"True";"Power BI Pro";"0";;;;;"Non detectee sur la periode analysee";;;;;;;;;"Aucune connexion trouvee";;;"07/07/2026 11:13:43";"06/08/2026 11:13:43"
"SPINDER, Florian | Heinze";"florian.spinder@infopro-digital.com";"True";"Power BI Pro";"1";;"17/07/2026 08:57:53 +02:00";"17/07/2026 08:57:53 +02:00";"20";"Oui - authentification detectee";"Power BI Desktop";"";"True";"80.155.36.44";"Ueberseestadt";"DE";"Windows10";"Edge 18.26200";"Reussie";"Other.";"2fbbec45-bdbe-41ce-8099-7b4e9ffafd39";"07/07/2026 11:13:43";"06/08/2026 11:13:43"
"HAMMELL, Francesca";"francesca.hammell@infopro-digital.com";"True";"Power BI Pro";"0";;;;;"Non detectee sur la periode analysee";;;;;;;;;"Aucune connexion trouvee";;;"07/07/2026 11:13:43";"06/08/2026 11:13:43"
"LIOGIER, Franck";"franck.liogier@infopro-digital.com";"True";"Power BI Pro";"0";;;;;"Non detectee sur la periode analysee";;;;;;;;;"Aucune connexion trouvee";;;"07/07/2026 11:13:43";"06/08/2026 11:13:43"
"THERET, Franck";"franck.theret@infopro-digital.com";"True";"Power BI Pro";"0";;;;;"Non detectee sur la periode analysee";;;;;;;;;"Aucune connexion trouvee";;;"07/07/2026 11:13:43";"06/08/2026 11:13:43"
"YEPMO DJOMO, Franck";"franck.yepmo-djomo@infopro-digital.com";"True";"Power BI Pro";"0";;;;;"Non detectee sur la periode analysee";;;;;;;;;"Aucune connexion trouvee";;;"07/07/2026 11:13:43";"06/08/2026 11:13:43"
"BUISSON, Frank";"Frank.Buisson@infopro-digital.com";"True";"Power BI Pro";"0";;;;;"Non detectee sur la periode analysee";;;;;;;;;"Aucune connexion trouvee";;;"07/07/2026 11:13:43";"06/08/2026 11:13:43"
"LUFT, Franz | Heinze";"franz.luft@infopro-digital.com";"True";"Power BI Pro";"0";;;;;"Non detectee sur la periode analysee";;;;;;;;;"Aucune connexion trouvee";;;"07/07/2026 11:13:43";"06/08/2026 11:13:43"
"LECOMTE, Frederick";"frederick.lecomte@etai.fr";"True";"Power BI Pro";"0";;;;;"Non detectee sur la periode analysee";;;;;;;;;"Aucune connexion trouvee";;;"07/07/2026 11:13:43";"06/08/2026 11:13:43"
"MEYER, Friederike | BauNetz";"friederike.meyer@infopro-digital.com";"True";"Power BI Pro";"0";;;;;"Non detectee sur la periode analysee";;;;;;;;;"Aucune connexion trouvee";;;"07/07/2026 11:13:43";"06/08/2026 11:13:43"
"VERONNEAU, Gabrielle";"gabrielle.veronneau@infopro-digital.com";"True";"Power BI Pro";"0";;;;;"Non detectee sur la periode analysee";;;;;;;;;"Aucune connexion trouvee";;;"07/07/2026 11:13:43";"06/08/2026 11:13:43"
"MORSETTI, Gael";"gael.morsetti@infopro-digital.com";"True";"Power BI Pro";"0";;;;;"Non detectee sur la periode analysee";;;;;;;;;"Aucune connexion trouvee";;;"07/07/2026 11:13:43";"06/08/2026 11:13:43"
"PETUAUD, Geoffrey";"geoffrey.petuaud@infopro-digital.com";"True";"Power BI Pro";"0";;;;;"Non detectee sur la periode analysee";;;;;;;;;"Aucune connexion trouvee";;;"07/07/2026 11:13:43";"06/08/2026 11:13:43"
"Georgie Mailer-Wilkin";"Georgie.Mailer-Wilkin@infopro-digital.com";"True";"Power BI Pro";"0";;;;;"Non detectee sur la periode analysee";;;;;;;;;"Aucune connexion trouvee";;;"07/07/2026 11:13:43";"06/08/2026 11:13:43"
"REBHI, Ghofrane";"ghofrane.rebhi@infopro-digital.com";"True";"Power BI Pro";"0";;;;;"Non detectee sur la periode analysee";;;;;;;;;"Aucune connexion trouvee";;;"07/07/2026 11:13:43";"06/08/2026 11:13:43"
"MARCVINCENT, Gilles";"gilles.marcvincent@etai.fr";"True";"Power BI Pro";"0";;;;;"Non detectee sur la periode analysee";;;;;;;;;"Aucune connexion trouvee";;;"07/07/2026 11:13:43";"06/08/2026 11:13:43"
"Grace Lewis";"grace.lewis@barbour-abi.com";"True";"Power BI Pro";"0";;;;;"Non detectee sur la periode analysee";;;;;;;;;"Aucune connexion trouvee";;;"07/07/2026 11:13:43";"06/08/2026 11:13:43"
"HARBUSCH, Gregor | BauNetz";"gregor.harbusch@infopro-digital.com";"True";"Power BI Pro";"0";;;;;"Non detectee sur la periode analysee";;;;;;;;;"Aucune connexion trouvee";;;"07/07/2026 11:13:43";"06/08/2026 11:13:43"
"DEVOYON, Gregory";"gregory.devoyon@etai.fr";"True";"Power BI Pro";"1";;"11/07/2026 11:00:59 +02:00";"11/07/2026 11:00:59 +02:00";"26";"Oui - authentification detectee";"Power BI Desktop";"";"True";"163.116.176.208";"Paris";"FR";"Windows10";"Edge 18.26100";"Reussie";"Other.";"09059a9b-e810-4bad-915a-3ca106e58e0a";"07/07/2026 11:13:43";"06/08/2026 11:13:43"
"CARDANI, Greta";"greta.cardani@infopro-digital.com";"True";"Power BI Pro";"0";;;;;"Non detectee sur la periode analysee";;;;;;;;;"Aucune connexion trouvee";;;"07/07/2026 11:13:43";"06/08/2026 11:13:43"
"KUHNS, Günter | Heinze";"guenter.kuhns@infopro-digital.com";"True";"Power BI Pro";"0";;;;;"Non detectee sur la periode analysee";;;;;;;;;"Aucune connexion trouvee";;;"07/07/2026 11:13:43";"06/08/2026 11:13:43"
"Schmidt, Guido";"Guido.Schmidt@infopro-digital.com";"True";"Power BI Pro";"0";;;;;"Non detectee sur la periode analysee";;;;;;;;;"Aucune connexion trouvee";;;"07/07/2026 11:13:43";"06/08/2026 11:13:43"
"DE CORBIERE, Guillaume";"guillaume.de-corbiere@infopro-digital.com";"True";"Power BI Pro";"0";;;;;"Non detectee sur la periode analysee";;;;;;;;;"Aucune connexion trouvee";;;"07/07/2026 11:13:43";"06/08/2026 11:13:43"
"PONTNAU, Guillaume";"guillaume.pontnau@infopro-digital.com";"True";"Power BI Pro";"0";;;;;"Non detectee sur la periode analysee";;;;;;;;;"Aucune connexion trouvee";;;"07/07/2026 11:13:43";"06/08/2026 11:13:43"
"KINNEL, Guy";"guy.kinnell@infopro-digital.com";"True";"Power BI Pro";"0";;;;;"Non detectee sur la periode analysee";;;;;;;;;"Aucune connexion trouvee";;;"07/07/2026 11:13:43";"06/08/2026 11:13:43"
"FITOURI, Habib";"habib.fitouri@groupemoniteur.fr";"True";"Power BI Pro";"0";;;;;"Non detectee sur la periode analysee";;;;;;;;;"Aucune connexion trouvee";;;"07/07/2026 11:13:43";"06/08/2026 11:13:43"
"AMROUCH, Hafedh";"hafedh.amrouch@infopro-digital.com";"True";"Power BI Pro";"0";;;;;"Non detectee sur la periode analysee";;;;;;;;;"Aucune connexion trouvee";;;"07/07/2026 11:13:43";"06/08/2026 11:13:43"
"ALLOUCHI, Haifa";"haifa.allouchi@infopro-digital.com";"True";"Power BI Pro";"0";;;;;"Non detectee sur la periode analysee";;;;;;;;;"Aucune connexion trouvee";;;"07/07/2026 11:13:43";"06/08/2026 11:13:43"
"KHALFAOUI, Hanen";"hanen.khalfaoui@infopro-digital.com";"True";"Power BI Pro";"0";;;;;"Non detectee sur la periode analysee";;;;;;;;;"Aucune connexion trouvee";;;"07/07/2026 11:13:43";"06/08/2026 11:13:43"
"Hannah Craig";"Hannah.Craig@infopro-digital.com";"True";"Power BI Pro";"0";;;;;"Non detectee sur la periode analysee";;;;;;;;;"Aucune connexion trouvee";;;"07/07/2026 11:13:43";"06/08/2026 11:13:43"
"Hannah Robbins";"hannah.robbins@barbour-abi.com";"True";"Power BI Pro";"0";;;;;"Non detectee sur la periode analysee";;;;;;;;;"Aucune connexion trouvee";;;"07/07/2026 11:13:43";"06/08/2026 11:13:43"
"FAJARDO PADRÓN, Hara";"hara@infopro-digital.com";"True";"Power BI Pro";"0";;;;;"Non detectee sur la periode analysee";;;;;;;;;"Aucune connexion trouvee";;;"07/07/2026 11:13:43";"06/08/2026 11:13:43"
"Harry Griffiths";"harry.griffiths@infopro-digital.com";"True";"Power BI Pro";"0";;;;;"Non detectee sur la periode analysee";;;;;;;;;"Aucune connexion trouvee";;;"07/07/2026 11:13:43";"06/08/2026 11:13:43"
"Hayley Carroll";"hayley.carroll@barbour-abi.com";"True";"Power BI Pro";"0";;;;;"Non detectee sur la periode analysee";;;;;;;;;"Aucune connexion trouvee";;;"07/07/2026 11:13:43";"06/08/2026 11:13:43"
"Helen Bartholomew";"Helen.Bartholomew@infopro-digital.com";"True";"Power BI Pro";"0";;;;;"Non detectee sur la periode analysee";;;;;;;;;"Aucune connexion trouvee";;;"07/07/2026 11:13:43";"06/08/2026 11:13:43"
"CHEVALLIER Hervé";"herve.chevallier@vecteurplus.com";"True";"Power BI Pro";"0";;;;;"Non detectee sur la periode analysee";;;;;;;;;"Aucune connexion trouvee";;;"07/07/2026 11:13:43";"06/08/2026 11:13:43"
"ALBERS, Hildegard";"Hildegard.Albers@infopro-digital.com";"True";"Power BI Pro";"0";;;;;"Non detectee sur la periode analysee";;;;;;;;;"Aucune connexion trouvee";;;"07/07/2026 11:13:43";"06/08/2026 11:13:43"
"Hiten Rabadia";"hiten.rabadia@infopro-digital.com";"True";"Power BI Premium par utilisateur";"0";;;;;"Non detectee sur la periode analysee";;;;;;;;;"Aucune connexion trouvee";;;"07/07/2026 11:13:43";"06/08/2026 11:13:43"
"LACHENMAYER, Holger | Heinze";"holger.lachenmayer@infopro-digital.com";"True";"Power BI Pro";"0";;;;;"Non detectee sur la periode analysee";;;;;;;;;"Aucune connexion trouvee";;;"07/07/2026 11:13:43";"06/08/2026 11:13:43"
"GAMMAZI, Houda (TUN)";"houda.gammazi@infopro-digital.com";"True";"Power BI Pro";"0";;;;;"Non detectee sur la periode analysee";;;;;;;;;"Aucune connexion trouvee";;;"07/07/2026 11:13:43";"06/08/2026 11:13:43"
"TANNE, Hugo";"hugo.tanne@infopro-digital.com";"True";"Power BI Pro";"0";;;;;"Non detectee sur la periode analysee";;;;;;;;;"Aucune connexion trouvee";;;"07/07/2026 11:13:43";"06/08/2026 11:13:43"
"HOLTKUILE, Ido";"ido.holtkuile@infopro-digital.com";"True";"Power BI Pro";"0";;;;;"Non detectee sur la periode analysee";;;;;;;;;"Aucune connexion trouvee";;;"07/07/2026 11:13:43";"06/08/2026 11:13:43"
"Balazs, Ildiko";"Ildiko.Balazs@infopro-digital.com";"True";"Power BI Pro";"0";;;;;"Non detectee sur la periode analysee";;;;;;;;;"Aucune connexion trouvee";;;"07/07/2026 11:13:43";"06/08/2026 11:13:43"
"FILALI, Ilham";"ilham.filali@infopro-digital.com";"True";"Power BI Pro";"0";;;;;"Non detectee sur la periode analysee";;;;;;;;;"Aucune connexion trouvee";;;"07/07/2026 11:13:43";"06/08/2026 11:13:43"
"Imran Mohamed";"Imran.Mohamed@infopro-digital.com";"True";"Power BI Pro";"0";;;;;"Non detectee sur la periode analysee";;;;;;;;;"Aucune connexion trouvee";;;"07/07/2026 11:13:43";"06/08/2026 11:13:43"
"LEMKHANAT, Inaame";"inaame.lemkhanat-barrois@infopro-digital.com";"True";"Power BI Pro";"0";;;;;"Non detectee sur la periode analysee";;;;;;;;;"Aucune connexion trouvee";;;"07/07/2026 11:13:43";"06/08/2026 11:13:43"
"CORBE, Ingbert | Heinze";"ingbert.corbe@infopro-digital.com";"True";"Power BI Pro";"2";;"16/07/2026 16:38:09 +02:00";"16/07/2026 16:38:09 +02:00";"20";"Oui - authentification detectee";"Power BI Desktop";"";"True";"80.155.36.44";"Ueberseestadt";"DE";"Windows10";"Edge 18.26200";"Reussie";"Other.";"f07b691e-6e53-4553-a348-05c17e8997f0";"07/07/2026 11:13:43";"06/08/2026 11:13:43"
"DEMETS, Inge";"inge.demets@ebp.be";"True";"Power BI Pro";"0";;;;;"Non detectee sur la periode analysee";;;;;;;;;"Aucune connexion trouvee";;;"07/07/2026 11:13:43";"06/08/2026 11:13:43"
"VAN DEN HENGEL-ALBERS, Inge";"inge.van-den-hengel-albers@infopro-digital.com";"True";"Power BI Pro";"0";;;;;"Non detectee sur la periode analysee";;;;;;;;;"Aucune connexion trouvee";;;"07/07/2026 11:13:43";"06/08/2026 11:13:43"
"Zoppa, Ingo";"Ingo.Zoppa@infopro-digital.com";"True";"Power BI Pro";"0";;;;;"Non detectee sur la periode analysee";;;;;;;;;"Aucune connexion trouvee";;;"07/07/2026 11:13:43";"06/08/2026 11:13:43"
"LÖBER, Ingolf | Heinze";"ingolf.loeber@infopro-digital.com";"True";"Power BI Pro";"0";;;;;"Non detectee sur la periode analysee";;;;;;;;;"Aucune connexion trouvee";;;"07/07/2026 11:13:43";"06/08/2026 11:13:43"
"Irene Lo";"irene.lo@infopro-digital.com";"True";"Power BI Pro";"0";;;;;"Non detectee sur la periode analysee";;;;;;;;;"Aucune connexion trouvee";;;"07/07/2026 11:13:43";"06/08/2026 11:13:43"
"ANDRE, Isabelle";"isabelle.andre@infopro-digital.com";"True";"Power BI Pro";"0";;;;;"Non detectee sur la periode analysee";;;;;;;;;"Aucune connexion trouvee";;;"07/07/2026 11:13:43";"06/08/2026 11:13:43"
"BLANCHET, Izabelle";"izabelle.blanchet@infopro-digital.com";"True";"Power BI Pro";"0";;;;;"Non detectee sur la periode analysee";;;;;;;;;"Aucune connexion trouvee";;;"07/07/2026 11:13:43";"06/08/2026 11:13:43"
"Jack Grocott";"Jack.Grocott@infopro-digital.com";"True";"Power BI Pro";"0";;;;;"Non detectee sur la periode analysee";;;;;;;;;"Aucune connexion trouvee";;;"07/07/2026 11:13:43";"06/08/2026 11:13:43"
"MORGAN, Jack";"jack.morgan@infopro-digital.com";"True";"Power BI Pro";"0";;;;;"Non detectee sur la periode analysee";;;;;;;;;"Aucune connexion trouvee";;;"07/07/2026 11:13:43";"06/08/2026 11:13:43"
"Jack Ryan";"jack.ryan@infopro-digital.com";"True";"Power BI Pro";"0";;;;;"Non detectee sur la periode analysee";;;;;;;;;"Aucune connexion trouvee";;;"07/07/2026 11:13:43";"06/08/2026 11:13:43"
"Jack West";"jack.west@infopro-digital.com";"True";"Power BI Pro";"0";;;;;"Non detectee sur la periode analysee";;;;;;;;;"Aucune connexion trouvee";;;"07/07/2026 11:13:43";"06/08/2026 11:13:43"
"Jacqueline Calcano";"Jacqueline.Calcano@infopro-digital.com";"True";"Power BI Pro";"0";;;;;"Non detectee sur la periode analysee";;;;;;;;;"Aucune connexion trouvee";;;"07/07/2026 11:13:43";"06/08/2026 11:13:43"
"James Bywood";"James.Bywood@infopro-digital.com";"True";"Power BI Pro";"0";;;;;"Non detectee sur la periode analysee";;;;;;;;;"Aucune connexion trouvee";;;"07/07/2026 11:13:43";"06/08/2026 11:13:43"
"James Key";"James.Key@infopro-digital.com";"True";"Power BI Pro";"0";;;;;"Non detectee sur la periode analysee";;;;;;;;;"Aucune connexion trouvee";;;"07/07/2026 11:13:43";"06/08/2026 11:13:43"
"James Monahan";"james.monahan@infopro-digital.com";"True";"Power BI Pro";"0";;;;;"Non detectee sur la periode analysee";;;;;;;;;"Aucune connexion trouvee";;;"07/07/2026 11:13:43";"06/08/2026 11:13:43"
"James Parker";"james.parker@infopro-digital.com";"True";"Power BI Pro";"0";;;;;"Non detectee sur la periode analysee";;;;;;;;;"Aucune connexion trouvee";;;"07/07/2026 11:13:43";"06/08/2026 11:13:43"
"Janice Tam";"Janice.Tam@infopro-digital.com";"True";"Power BI Pro";"0";;;;;"Non detectee sur la periode analysee";;;;;;;;;"Aucune connexion trouvee";;;"07/07/2026 11:13:43";"06/08/2026 11:13:43"
"Jason Moore";"Jason.Moore@infopro-digital.com";"True";"Power BI Pro";"0";;;;;"Non detectee sur la periode analysee";;;;;;;;;"Aucune connexion trouvee";;;"07/07/2026 11:13:43";"06/08/2026 11:13:43"
"Jawad Khan";"Jawad.Khan@infopro-digital.com";"True";"Power BI Pro";"0";;;;;"Non detectee sur la periode analysee";;;;;;;;;"Aucune connexion trouvee";;;"07/07/2026 11:13:43";"06/08/2026 11:13:43"
"JayQuan Adams";"jayquan.adams@infopro-digital.com";"True";"Power BI Pro";"0";;;;;"Non detectee sur la periode analysee";;;;;;;;;"Aucune connexion trouvee";;;"07/07/2026 11:13:43";"06/08/2026 11:13:43"
"DRAUX, Jean Baptiste";"jean-baptiste.draux@etai.fr";"True";"Power BI Pro";"0";;;;;"Non detectee sur la periode analysee";;;;;;;;;"Aucune connexion trouvee";;;"07/07/2026 11:13:43";"06/08/2026 11:13:43"
"JOUANNAUD, Jean Baptiste";"jean-baptiste.jouannaud@infopro-digital.com";"True";"Power BI Pro";"0";;;;;"Non detectee sur la periode analysee";;;;;;;;;"Aucune connexion trouvee";;;"07/07/2026 11:13:43";"06/08/2026 11:13:43"
"GABRIEL, Jean-Christophe";"jean-christophe.gabriel@infopro-digital.com";"True";"Power BI Pro";"0";;;;;"Non detectee sur la periode analysee";;;;;;;;;"Aucune connexion trouvee";;;"07/07/2026 11:13:43";"06/08/2026 11:13:43"
"GARNIER, Jean Luc";"jean-luc.garnier@infopro-digital.com";"True";"Power BI Pro";"0";;;;;"Non detectee sur la periode analysee";;;;;;;;;"Aucune connexion trouvee";;;"07/07/2026 11:13:43";"06/08/2026 11:13:43"
"Jennifer Archer";"jennifer.archer@barbour-abi.com";"True";"Power BI Pro";"0";;;;;"Non detectee sur la periode analysee";;;;;;;;;"Aucune connexion trouvee";;;"07/07/2026 11:13:43";"06/08/2026 11:13:43"
"HOUSSART, Jennifer";"jennifer.houssart@infopro-digital.com";"True";"Power BI Pro";"0";;;;;"Non detectee sur la periode analysee";;;;;;;;;"Aucune connexion trouvee";;;"07/07/2026 11:13:43";"06/08/2026 11:13:43"
"LICARI, Jennifer";"jennifer.licari@infopro-digital.com";"True";"Power BI Pro";"0";;;;;"Non detectee sur la periode analysee";;;;;;;;;"Aucune connexion trouvee";;;"07/07/2026 11:13:43";"06/08/2026 11:13:43"
"MASSICARD, Jennifer";"jennifer.massicard@infopro-digital.com";"True";"Power BI Pro";"0";;;;;"Non detectee sur la periode analysee";;;;;;;;;"Aucune connexion trouvee";;;"07/07/2026 11:13:43";"06/08/2026 11:13:43"
"Jennifer Reid (EXT)";"Jennifer.Reid@infopro-digital.com";"True";"Power BI Pro";"0";;;;;"Non detectee sur la periode analysee";;;;;;;;;"Aucune connexion trouvee";;;"07/07/2026 11:13:43";"06/08/2026 11:13:43"
"SOARES, Jennifer";"jennifer.soares@infopro-digital.com";"True";"Power BI Pro";"0";;;;;"Non detectee sur la periode analysee";;;;;;;;;"Aucune connexion trouvee";;;"07/07/2026 11:13:43";"06/08/2026 11:13:43"
"TERRIER, Jeremy";"jeremy.terrier@infopro-digital.com";"True";"Power BI Pro";"0";;;;;"Non detectee sur la periode analysee";;;;;;;;;"Aucune connexion trouvee";;;"07/07/2026 11:13:43";"06/08/2026 11:13:43"
"BAULAN, Jerome";"jerome.baulan@inovaxo.fr";"True";"Power BI Pro";"0";;;;;"Non detectee sur la periode analysee";;;;;;;;;"Aucune connexion trouvee";;;"07/07/2026 11:13:43";"06/08/2026 11:13:43"
"Jérôme DA SILVA";"jerome.dasilva@infopro-digital.com";"True";"Power BI Pro";"0";;;;;"Non detectee sur la periode analysee";;;;;;;;;"Aucune connexion trouvee";;;"07/07/2026 11:13:43";"06/08/2026 11:13:43"
"DEL DUCA, Jerome (EXT)";"jerome.del-duca@infopro-digital.com";"True";"Power BI Pro";"0";;;;;"Non detectee sur la periode analysee";;;;;;;;;"Aucune connexion trouvee";;;"07/07/2026 11:13:43";"06/08/2026 11:13:43"
"DROIN, Jerome";"jerome.droin@infopro-digital.com";"True";"Power BI Pro";"0";;;;;"Non detectee sur la periode analysee";;;;;;;;;"Aucune connexion trouvee";;;"07/07/2026 11:13:43";"06/08/2026 11:13:43"
"Jessica Davies";"jessica.davies@barbour-abi.com";"True";"Power BI Pro";"0";;;;;"Non detectee sur la periode analysee";;;;;;;;;"Aucune connexion trouvee";;;"07/07/2026 11:13:43";"06/08/2026 11:13:43"
"Jillian Baugher";"Jillian.Baugher@infopro-digital.com";"True";"Power BI Pro";"0";;;;;"Non detectee sur la periode analysee";;;;;;;;;"Aucune connexion trouvee";;;"07/07/2026 11:13:43";"06/08/2026 11:13:43"
"MEININGHAUS, Jim Hendrik";"jim-hendrik.meininghaus@infopro-digital.com";"True";"Power BI Pro";"0";;;;;"Non detectee sur la periode analysee";;;;;;;;;"Aucune connexion trouvee";;;"07/07/2026 11:13:43";"06/08/2026 11:13:43"
"Joann Rebello";"Joann.Rebello@infopro-digital.com";"True";"Power BI Pro";"0";;;;;"Non detectee sur la periode analysee";;;;;;;;;"Aucune connexion trouvee";;;"07/07/2026 11:13:43";"06/08/2026 11:13:43"
"Joasia E. Popowicz";"Joasia.Popowicz@infopro-digital.com";"True";"Power BI Pro";"0";;;;;"Non detectee sur la periode analysee";;;;;;;;;"Aucune connexion trouvee";;;"07/07/2026 11:13:43";"06/08/2026 11:13:43"
"PERO, Jocelyne";"jocelyne.pero@infopro-digital.com";"True";"Power BI Pro";"0";;;;;"Non detectee sur la periode analysee";;;;;;;;;"Aucune connexion trouvee";;;"07/07/2026 11:13:43";"06/08/2026 11:13:43"
"Joe Parsons";"Joe.Parsons@infopro-digital.com";"True";"Power BI Pro";"0";;;;;"Non detectee sur la periode analysee";;;;;;;;;"Aucune connexion trouvee";;;"07/07/2026 11:13:43";"06/08/2026 11:13:43"
"BENDEL, Jörg | Heinze";"joerg.bendel@infopro-digital.com";"True";"Power BI Pro";"0";;;;;"Non detectee sur la periode analysee";;;;;;;;;"Aucune connexion trouvee";;;"07/07/2026 11:13:43";"06/08/2026 11:13:43"
"FLASDIECK, Jörg | Heinze";"joerg.flasdieck@infopro-digital.com";"True";"Power BI Pro";"0";;;;;"Non detectee sur la periode analysee";;;;;;;;;"Aucune connexion trouvee";;;"07/07/2026 11:13:43";"06/08/2026 11:13:43"
"HAEGEMAN, Johan";"johan.haegeman@infopro-digital.com";"True";"Power BI Pro";"0";;;;;"Non detectee sur la periode analysee";;;;;;;;;"Aucune connexion trouvee";;;"07/07/2026 11:13:43";"06/08/2026 11:13:43"
"Johan Morales";"Johan.Morales@infopro-digital.com";"True";"Power BI Pro";"9";;"22/07/2026 15:07:47 +02:00";"22/07/2026 15:07:47 +02:00";"14";"Oui - authentification detectee";"Power BI Desktop";"";"True";"163.116.177.33";"London";"GB";"Windows10";"Edge 18.26100";"Reussie";"Other.";"8d8b5087-dbbb-4507-a66c-2ce1be6e3732";"07/07/2026 11:13:43";"06/08/2026 11:13:43"
"VU, Johan";"johan.vu@infopro-digital.com";"True";"Power BI Pro";"0";;;;;"Non detectee sur la periode analysee";;;;;;;;;"Aucune connexion trouvee";;;"07/07/2026 11:13:43";"06/08/2026 11:13:43"
"John Mullen";"John.Mullen@infopro-digital.com";"True";"Power BI Pro";"0";;;;;"Non detectee sur la periode analysee";;;;;;;;;"Aucune connexion trouvee";;;"07/07/2026 11:13:43";"06/08/2026 11:13:43"
"VAN DER VALK, John";"john.van-der-valk@infopro-digital.com";"True";"Power BI Pro";"0";;;;;"Non detectee sur la periode analysee";;;;;;;;;"Aucune connexion trouvee";;;"07/07/2026 11:13:43";"06/08/2026 11:13:43"
"Jon Lloyd";"jon.lloyd@infopro-digital.com";"True";"Power BI Pro";"0";;;;;"Non detectee sur la periode analysee";;;;;;;;;"Aucune connexion trouvee";;;"07/07/2026 11:13:43";"06/08/2026 11:13:43"
"Jonathan Fogg";"jonathan.fogg@barbour-abi.com";"True";"Power BI Pro";"0";;;;;"Non detectee sur la periode analysee";;;;;;;;;"Aucune connexion trouvee";;;"07/07/2026 11:13:43";"06/08/2026 11:13:43"
"GRIMAL, Jonathan";"jonathan.grimal@etai.fr";"True";"Power BI Pro";"0";;;;;"Non detectee sur la periode analysee";;;;;;;;;"Aucune connexion trouvee";;;"07/07/2026 11:13:43";"06/08/2026 11:13:43"
"Jonathan Swift";"jonathan.swift@infopro-digital.com";"True";"Power BI Pro";"0";;;;;"Non detectee sur la periode analysee";;;;;;;;;"Aucune connexion trouvee";;;"07/07/2026 11:13:43";"06/08/2026 11:13:43"
"Jonathan White";"Jonathan.White@infopro-digital.com";"True";"Power BI Pro";"0";;;;;"Non detectee sur la periode analysee";;;;;;;;;"Aucune connexion trouvee";;;"07/07/2026 11:13:43";"06/08/2026 11:13:43"
"QUILES, J. Jose";"jose.quiles@isicondal.es";"True";"Power BI Pro";"0";;;;;"Non detectee sur la periode analysee";;;;;;;;;"Aucune connexion trouvee";;;"07/07/2026 11:13:43";"06/08/2026 11:13:43"
"Joshua King";"Joshua.King@infopro-digital.com";"True";"Power BI Pro";"0";;;;;"Non detectee sur la periode analysee";;;;;;;;;"Aucune connexion trouvee";;;"07/07/2026 11:13:43";"06/08/2026 11:13:43"
"LEBRETON, Josiane";"josiane.lebreton@infopro-digital.com";"True";"Power BI Pro";"0";;;;;"Non detectee sur la periode analysee";;;;;;;;;"Aucune connexion trouvee";;;"07/07/2026 11:13:43";"06/08/2026 11:13:43"
"DOLHAIN, Julia";"julia.dolhain@infopro-digital.com";"True";"Power BI Pro";"0";;;;;"Non detectee sur la periode analysee";;;;;;;;;"Aucune connexion trouvee";;;"07/07/2026 11:13:43";"06/08/2026 11:13:43"
"COURSIMAULT, Julie (EXT)";"julie.coursimault@infopro-digital.com";"True";"Power BI Pro";"0";;;;;"Non detectee sur la periode analysee";;;;;;;;;"Aucune connexion trouvee";;;"07/07/2026 11:13:43";"06/08/2026 11:13:43"
"LACAILLE, Julie";"julie.lacaille@red-on-line.com";"True";"Power BI Pro";"0";;;;;"Non detectee sur la periode analysee";;;;;;;;;"Aucune connexion trouvee";;;"07/07/2026 11:13:43";"06/08/2026 11:13:43"
"COLOM, Julien";"julien.colom@infopro-digital.com";"True";"Power BI Pro";"0";;;;;"Non detectee sur la periode analysee";;;;;;;;;"Aucune connexion trouvee";;;"07/07/2026 11:13:43";"06/08/2026 11:13:43"
"ELMALEH, Julien";"julien.elmaleh@infopro-digital.com";"True";"Power BI Pro";"0";;;;;"Non detectee sur la periode analysee";;;;;;;;;"Aucune connexion trouvee";;;"07/07/2026 11:13:43";"06/08/2026 11:13:43"
"Menges, Karin";"Karin.Menges@infopro-digital.com";"True";"Power BI Pro";"0";;;;;"Non detectee sur la periode analysee";;;;;;;;;"Aucune connexion trouvee";;;"07/07/2026 11:13:43";"06/08/2026 11:13:43"
"REQUENA, Karine";"karine.requena@infopro-digital.com";"True";"Power BI Pro";"0";;;;;"Non detectee sur la periode analysee";;;;;;;;;"Aucune connexion trouvee";;;"07/07/2026 11:13:43";"06/08/2026 11:13:43"
"BUDDE, Karsten | Heinze";"karsten.budde@infopro-digital.com";"True";"Power BI Pro";"0";;;;;"Non detectee sur la periode analysee";;;;;;;;;"Aucune connexion trouvee";;;"07/07/2026 11:13:43";"06/08/2026 11:13:43"
"Katelyn Zdunek";"Katelyn.Zdunek@infopro-digital.com";"True";"Power BI Pro";"0";;;;;"Non detectee sur la periode analysee";;;;;;;;;"Aucune connexion trouvee";;;"07/07/2026 11:13:43";"06/08/2026 11:13:43"
"HORSTMANN, Katharina | BauNetz";"katharina.horstmann@infopro-digital.com";"True";"Power BI Pro";"0";;;;;"Non detectee sur la periode analysee";;;;;;;;;"Aucune connexion trouvee";;;"07/07/2026 11:13:43";"06/08/2026 11:13:43"
"LUX, Katharina | BauNetz";"katharina.lux@infopro-digital.com";"True";"Power BI Pro";"0";;;;;"Non detectee sur la periode analysee";;;;;;;;;"Aucune connexion trouvee";;;"07/07/2026 11:13:43";"06/08/2026 11:13:43"
"YOGARAJAH, Kathirsan";"kathirsan.yogarajah@infopro-digital.com";"True";"Power BI Pro";"2";;"28/07/2026 11:47:12 +02:00";"28/07/2026 11:47:12 +02:00";"8";"Oui - authentification detectee";"Power BI Desktop";"";"True";"163.116.163.124";"Paris";"FR";"Windows10";"Edge 18.22631";"Reussie";"Other.";"a735a654-2d32-488a-9379-1c6a9978f8ad";"07/07/2026 11:13:43";"06/08/2026 11:13:43"
"Kathryn Headington";"Kathryn.Headington@infopro-digital.com";"True";"Power BI Pro";"0";;;;;"Non detectee sur la periode analysee";;;;;;;;;"Aucune connexion trouvee";;;"07/07/2026 11:13:43";"06/08/2026 11:13:43"
"Kelvin Andrews";"Kelvin.Andrews@infopro-digital.com";"True";"Power BI Pro";"0";;;;;"Non detectee sur la periode analysee";;;;;;;;;"Aucune connexion trouvee";;;"07/07/2026 11:13:43";"06/08/2026 11:13:43"
"Kento Jorge";"Kento.Jorge@infopro-digital.com";"True";"Power BI Pro";"0";;;;;"Non detectee sur la periode analysee";;;;;;;;;"Aucune connexion trouvee";;;"07/07/2026 11:13:43";"06/08/2026 11:13:43"
"HARING, Kevin";"kevin.haring@infopro-digital.com";"True";"Power BI Pro";"0";;;;;"Non detectee sur la periode analysee";;;;;;;;;"Aucune connexion trouvee";;;"07/07/2026 11:13:43";"06/08/2026 11:13:43"
"MARTEN, Kevin | Heinze";"kevin.marten@infopro-digital.com";"True";"Power BI Pro";"0";;;;;"Non detectee sur la periode analysee";;;;;;;;;"Aucune connexion trouvee";;;"07/07/2026 11:13:43";"06/08/2026 11:13:43"
"ROUALEC, Kevin";"kevin.roualec@infopro-digital.com";"True";"Power BI Pro";"0";;;;;"Non detectee sur la periode analysee";;;;;;;;;"Aucune connexion trouvee";;;"07/07/2026 11:13:43";"06/08/2026 11:13:43"
"Kieren Ghuman";"Kieren.Ghuman@infopro-digital.com";"True";"Power BI Pro";"0";;;;;"Non detectee sur la periode analysee";;;;;;;;;"Aucune connexion trouvee";;;"07/07/2026 11:13:43";"06/08/2026 11:13:43"
"Kim Lau";"kim.lau@infopro-digital.com";"True";"Power BI Pro";"0";;;;;"Non detectee sur la periode analysee";;;;;;;;;"Aucune connexion trouvee";;;"07/07/2026 11:13:43";"06/08/2026 11:13:43"
"FÜNER, Klaus | Heinze";"klaus.fuener@infopro-digital.com";"True";"Power BI Pro";"0";;;;;"Non detectee sur la periode analysee";;;;;;;;;"Aucune connexion trouvee";;;"07/07/2026 11:13:43";"06/08/2026 11:13:43"
"HARSCOUET DE KERAVEL, Korentin";"korentin.harscouet-de-keravel@etai.fr";"True";"Power BI Pro";"0";;;;;"Non detectee sur la periode analysee";;;;;;;;;"Aucune connexion trouvee";;;"07/07/2026 11:13:43";"06/08/2026 11:13:43"
"Kris Devasabai";"Kris.Devasabai@infopro-digital.com";"True";"Power BI Pro";"0";;;;;"Non detectee sur la periode analysee";;;;;;;;;"Aucune connexion trouvee";;;"07/07/2026 11:13:43";"06/08/2026 11:13:43"
"HUSSARD, Kristel";"kristel.hussard@infopro-digital.com";"True";"Power BI Pro";"0";;;;;"Non detectee sur la periode analysee";;;;;;;;;"Aucune connexion trouvee";;;"07/07/2026 11:13:43";"06/08/2026 11:13:43"
"SONCK, Kristel";"kristel.sonck@ebp.be";"True";"Power BI Pro";"0";;;;;"Non detectee sur la periode analysee";;;;;;;;;"Aucune connexion trouvee";;;"07/07/2026 11:13:43";"06/08/2026 11:13:43"
"Kurran Pooni";"Kurran.Pooni@infopro-digital.com";"True";"Power BI Pro";"0";;;;;"Non detectee sur la periode analysee";;;;;;;;;"Aucune connexion trouvee";;;"07/07/2026 11:13:43";"06/08/2026 11:13:43"
"PAILLOUX, Lahouaria";"lahouaria.pailloux@infopro-digital.com";"True";"Power BI Pro";"0";;;;;"Non detectee sur la periode analysee";;;;;;;;;"Aucune connexion trouvee";;;"07/07/2026 11:13:43";"06/08/2026 11:13:43"
"ILIE, Larisa Marina";"larisa.ilie@infopro-digital.com";"True";"Power BI Pro";"0";;;;;"Non detectee sur la periode analysee";;;;;;;;;"Aucune connexion trouvee";;;"07/07/2026 11:13:43";"06/08/2026 11:13:43"
"Laura Chu";"Laura.Chu@infopro-digital.com";"True";"Power BI Pro";"0";;;;;"Non detectee sur la periode analysee";;;;;;;;;"Aucune connexion trouvee";;;"07/07/2026 11:13:43";"06/08/2026 11:13:43"
"Laura Hancocks";"laura.hancocks@barbour-abi.com";"True";"Power BI Pro";"0";;;;;"Non detectee sur la periode analysee";;;;;;;;;"Aucune connexion trouvee";;;"07/07/2026 11:13:43";"06/08/2026 11:13:43"
"Laura Hayden";"laura.hayden@barbour-abi.com";"True";"Power BI Pro";"0";;;;;"Non detectee sur la periode analysee";;;;;;;;;"Aucune connexion trouvee";;;"07/07/2026 11:13:43";"06/08/2026 11:13:43"
"Laura Sherrin";"Laura.Sherrin@infopro-digital.com";"True";"Power BI Pro";"0";;;;;"Non detectee sur la periode analysee";;;;;;;;;"Aucune connexion trouvee";;;"07/07/2026 11:13:43";"06/08/2026 11:13:43"
"LAURET-VASSOR, Laurence";"laurence.vassor@infopro-digital.com";"True";"Power BI Pro";"0";;;;;"Non detectee sur la periode analysee";;;;;;;;;"Aucune connexion trouvee";;;"07/07/2026 11:13:43";"06/08/2026 11:13:43"
"GIGAULT, Laurent";"laurent.gigault@etai.fr";"True";"Power BI Pro";"0";;;;;"Non detectee sur la periode analysee";;;;;;;;;"Aucune connexion trouvee";;;"07/07/2026 11:13:43";"06/08/2026 11:13:43"
"LEENHARDT, Laurent";"laurent.leenhardt@infopro-digital.com";"True";"Power BI Pro";"0";;;;;"Non detectee sur la periode analysee";;;;;;;;;"Aucune connexion trouvee";;;"07/07/2026 11:13:43";"06/08/2026 11:13:43"
"PITOUN, Laurent";"laurent.pitoun@infopro-digital.com";"True";"Power BI Pro";"0";;;;;"Non detectee sur la periode analysee";;;;;;;;;"Aucune connexion trouvee";;;"07/07/2026 11:13:43";"06/08/2026 11:13:43"
"TAMAKLO, Lawrence";"lawrence.tamaklo@infopro-digital.com";"True";"Power BI Pro";"0";;;;;"Non detectee sur la periode analysee";;;;;;;;;"Aucune connexion trouvee";;;"07/07/2026 11:13:43";"06/08/2026 11:13:43"
"Leah Quinlan";"Leah.Quinlan@infopro-digital.com";"True";"Power BI Pro";"0";;;;;"Non detectee sur la periode analysee";;;;;;;;;"Aucune connexion trouvee";;;"07/07/2026 11:13:43";"06/08/2026 11:13:43"
"CARON, Lea-Ines";"lea-ines.caron@infopro-digital.com";"True";"Power BI Pro";"0";;;;;"Non detectee sur la periode analysee";;;;;;;;;"Aucune connexion trouvee";;;"07/07/2026 11:13:43";"06/08/2026 11:13:43"
"Leigh Millar";"leigh.millar@infopro-digital.com";"True";"Power BI Pro";"0";;;;;"Non detectee sur la periode analysee";;;;;;;;;"Aucune connexion trouvee";;;"07/07/2026 11:13:43";"06/08/2026 11:13:43"
"Levente Koroes";"Levente.Koroes@infopro-digital.com";"True";"Power BI Pro";"0";;;;;"Non detectee sur la periode analysee";;;;;;;;;"Aucune connexion trouvee";;;"07/07/2026 11:13:43";"06/08/2026 11:13:43"
"DE MEYER, Lezandri";"lezandri.de-meyer@infopro-digital.com";"True";"Power BI Pro";"0";;;;;"Non detectee sur la periode analysee";;;;;;;;;"Aucune connexion trouvee";;;"07/07/2026 11:13:43";"06/08/2026 11:13:43"
"Lily Bass";"Lily.Bass@infopro-digital.com";"True";"Power BI Pro";"0";;;;;"Non detectee sur la periode analysee";;;;;;;;;"Aucune connexion trouvee";;;"07/07/2026 11:13:43";"06/08/2026 11:13:43"
"GUILLET, Lisa";"lisa.guillet@inovaxo.fr";"True";"Power BI Pro";"0";;;;;"Non detectee sur la periode analysee";;;;;;;;;"Aucune connexion trouvee";;;"07/07/2026 11:13:43";"06/08/2026 11:13:43"
"HOUSSIN, Lisa";"lisa.houssin@infopro-digital.com";"True";"Power BI Pro";"0";;;;;"Non detectee sur la periode analysee";;;;;;;;;"Aucune connexion trouvee";;;"07/07/2026 11:13:43";"06/08/2026 11:13:43"
"NEDELEC Lisa";"lisa.nedelec@vecteurplus.com";"True";"Power BI Pro";"0";;;;;"Non detectee sur la periode analysee";;;;;;;;;"Aucune connexion trouvee";;;"07/07/2026 11:13:43";"06/08/2026 11:13:43"
"REY, Lois";"lois.rey@infopro-digital.com";"True";"Power BI Pro";"1";;"13/07/2026 09:20:48 +02:00";"13/07/2026 09:20:48 +02:00";"24";"Oui - authentification detectee";"Power BI Desktop";"";"True";"163.116.176.159";"Paris";"FR";"Windows10";"Edge 18.26100";"Reussie";"Other.";"3fe57731-c6c1-4d71-a132-ce6938c1757a";"07/07/2026 11:13:43";"06/08/2026 11:13:43"
"CIOFFI, Lorenzo";"Lorenzo.CIOFFI@infopro-digital.com";"True";"Power BI Pro";"0";;;;;"Non detectee sur la periode analysee";;;;;;;;;"Aucune connexion trouvee";;;"07/07/2026 11:13:43";"06/08/2026 11:13:43"
"BENHAMMOU, Lotfi";"lotfi.benhammou@infopro-digital.com";"True";"Power BI Pro";"0";;;;;"Non detectee sur la periode analysee";;;;;;;;;"Aucune connexion trouvee";;;"07/07/2026 11:13:43";"06/08/2026 11:13:43"
"Louise Eyre";"louise.eyre@infopro-digital.com";"True";"Power BI Pro";"0";;;;;"Non detectee sur la periode analysee";;;;;;;;;"Aucune connexion trouvee";;;"07/07/2026 11:13:43";"06/08/2026 11:13:43"
"Louise Lim";"Louise.Lim@infopro-digital.com";"True";"Power BI Pro";"0";;;;;"Non detectee sur la periode analysee";;;;;;;;;"Aucune connexion trouvee";;;"07/07/2026 11:13:43";"06/08/2026 11:13:43"
"Louise Marshall";"Louise.Marshall@infopro-digital.com";"True";"Power BI Pro";"0";;;;;"Non detectee sur la periode analysee";;;;;;;;;"Aucune connexion trouvee";;;"07/07/2026 11:13:43";"06/08/2026 11:13:43"
"Lourenço GASPAR";"lourenco.gaspar@infopro-digital.com";"True";"Power BI Pro";"0";;;;;"Non detectee sur la periode analysee";;;;;;;;;"Aucune connexion trouvee";;;"07/07/2026 11:13:43";"06/08/2026 11:13:43"
"Steinkopf, Lu";"Lu.Steinkopf@infopro-digital.com";"True";"Power BI Pro";"3";;"04/08/2026 12:55:13 +02:00";"04/08/2026 12:55:13 +02:00";"1";"Oui - authentification detectee";"Power BI Desktop";"";"True";"89.27.163.188";"Mittelfeld (Hannover)";"DE";"Windows10";"Edge 18.26200";"Reussie";"Other.";"f9521d04-dbd6-48fa-a5ba-3a6cefb45815";"07/07/2026 11:13:43";"06/08/2026 11:13:43"
"BLATCHE, Lucie";"lucie.blatche@infopro-digital.com";"True";"Power BI Pro";"0";;;;;"Non detectee sur la periode analysee";;;;;;;;;"Aucune connexion trouvee";;;"07/07/2026 11:13:43";"06/08/2026 11:13:43"
"FRICAN, Lucie";"lucie.frican@infopro-digital.com";"True";"Power BI Pro";"0";;;;;"Non detectee sur la periode analysee";;;;;;;;;"Aucune connexion trouvee";;;"07/07/2026 11:13:43";"06/08/2026 11:13:43"
"LECROSNIER, Lucie";"lucie.lecrosnier@infopro-digital.com";"True";"Power BI Pro";"0";;;;;"Non detectee sur la periode analysee";;;;;;;;;"Aucune connexion trouvee";;;"07/07/2026 11:13:43";"06/08/2026 11:13:43"
"DUMONT, Ludivine";"ludivine.dumont@infopro-digital.com";"True";"Power BI Pro";"0";;;;;"Non detectee sur la periode analysee";;;;;;;;;"Aucune connexion trouvee";;;"07/07/2026 11:13:43";"06/08/2026 11:13:43"
"MANIGOT, Ludovic (EXT)";"ludovic.manigot@infopro-digital.com";"True";"Power BI Pro";"0";;;;;"Non detectee sur la periode analysee";;;;;;;;;"Aucune connexion trouvee";;;"07/07/2026 11:13:43";"06/08/2026 11:13:43"
"DURIN, Luka";"luka.durin@infopro-digital.com";"True";"Power BI Pro";"0";;;;;"Non detectee sur la periode analysee";;;;;;;;;"Aucune connexion trouvee";;;"07/07/2026 11:13:43";"06/08/2026 11:13:43"
"Angerer, Lukas";"lukas.angerer@infopro-digital.com";"True";"Power BI Pro";"0";;;;;"Non detectee sur la periode analysee";;;;;;;;;"Aucune connexion trouvee";;;"07/07/2026 11:13:43";"06/08/2026 11:13:43"
"Lukas Becker";"lukas.becker@infopro-digital.com";"True";"Power BI Pro";"0";;;;;"Non detectee sur la periode analysee";;;;;;;;;"Aucune connexion trouvee";;;"07/07/2026 11:13:43";"06/08/2026 11:13:43"
"Luke Clancy";"luke.clancy@infopro-digital.com";"True";"Power BI Pro";"0";;;;;"Non detectee sur la periode analysee";;;;;;;;;"Aucune connexion trouvee";;;"07/07/2026 11:13:43";"06/08/2026 11:13:43"
"Luke Whiteacre";"luke.whiteacre@infopro-digital.com";"True";"Power BI Pro";"0";;;;;"Non detectee sur la periode analysee";;;;;;;;;"Aucune connexion trouvee";;;"07/07/2026 11:13:43";"06/08/2026 11:13:43"
"VACCARIN, Madisone";"madisone.vaccarin@infopro-digital.com";"True";"Power BI Pro";"0";;;;;"Non detectee sur la periode analysee";;;;;;;;;"Aucune connexion trouvee";;;"07/07/2026 11:13:43";"06/08/2026 11:13:43"
"GOMBERT, Mael";"mael.gombert@infopro-digital.com";"True";"Power BI Pro";"0";;;;;"Non detectee sur la periode analysee";;;;;;;;;"Aucune connexion trouvee";;;"07/07/2026 11:13:43";"06/08/2026 11:13:43"
"PENELON, Maelle";"maelle.penelon@infopro-digital.com";"True";"Power BI Pro";"0";;;;;"Non detectee sur la periode analysee";;;;;;;;;"Aucune connexion trouvee";;;"07/07/2026 11:13:43";"06/08/2026 11:13:43"
"BECQUE, Maeva";"maeva.becque@infopro-digital.com";"True";"Power BI Pro";"0";;;;;"Non detectee sur la periode analysee";;;;;;;;;"Aucune connexion trouvee";;;"07/07/2026 11:13:43";"06/08/2026 11:13:43"
"CLAPAUD, Magdalena";"magdalena.clapaud@infopro-digital.com";"True";"Power BI Pro";"0";;;;;"Non detectee sur la periode analysee";;;;;;;;;"Aucune connexion trouvee";;;"07/07/2026 11:13:43";"06/08/2026 11:13:43"
"CAYLA, Maissa";"maissa.cayla@infopro-digital.com";"True";"Power BI Pro";"0";;;;;"Non detectee sur la periode analysee";;;;;;;;;"Aucune connexion trouvee";;;"07/07/2026 11:13:43";"06/08/2026 11:13:43"
"DELPECH, Manon (EXT)";"manon.delpech@infopro-digital.com";"True";"Power BI Pro";"0";;;;;"Non detectee sur la periode analysee";;;;;;;;;"Aucune connexion trouvee";;;"07/07/2026 11:13:43";"06/08/2026 11:13:43"
"ROSSETTI, Manon";"manon.rossetti@infopro-digital.com";"True";"Power BI Pro";"0";;;;;"Non detectee sur la periode analysee";;;;;;;;;"Aucune connexion trouvee";;;"07/07/2026 11:13:43";"06/08/2026 11:13:43"
"STARINIERI, Manuel";"manuel.starinieri@infopro-digital.com";"True";"Power BI Pro";"0";;;;;"Non detectee sur la periode analysee";;;;;;;;;"Aucune connexion trouvee";;;"07/07/2026 11:13:43";"06/08/2026 11:13:43"
"DELAUNAY, Manuela";"manuela.delaunay@infopro-digital.com";"True";"Power BI Pro";"0";;;;;"Non detectee sur la periode analysee";;;;;;;;;"Aucune connexion trouvee";;;"07/07/2026 11:13:43";"06/08/2026 11:13:43"
"DENON, Manuella";"manuella.denon@infopro-digital.com";"True";"Power BI Pro";"0";;;;;"Non detectee sur la periode analysee";;;;;;;;;"Aucune connexion trouvee";;;"07/07/2026 11:13:43";"06/08/2026 11:13:43"
"CRAUFFON, Marc";"marc.crauffon@infopro-digital.com";"True";"Power BI Pro";"0";;;;;"Non detectee sur la periode analysee";;;;;;;;;"Aucune connexion trouvee";;;"07/07/2026 11:13:43";"06/08/2026 11:13:43"
"HAHNEN, Marc | Heinze";"marc.hahnen@infopro-digital.com";"True";"Power BI Pro";"0";;;;;"Non detectee sur la periode analysee";;;;;;;;;"Aucune connexion trouvee";;;"07/07/2026 11:13:43";"06/08/2026 11:13:43"
"SCHUHMACHER, Marc";"Marc.Schuhmacher@infopro-digital.ch";"True";"Power BI Pro";"0";;;;;"Non detectee sur la periode analysee";;;;;;;;;"Aucune connexion trouvee";;;"07/07/2026 11:13:43";"06/08/2026 11:13:43"
"Marcel Chambers";"Marcel.Chambers@infopro-digital.com";"True";"Power BI Pro";"0";;;;;"Non detectee sur la periode analysee";;;;;;;;;"Aucune connexion trouvee";;;"07/07/2026 11:13:43";"06/08/2026 11:13:43"
"Marco Mezzarobba";"Marco.Mezzarobba@infopro-digital.com";"True";"Power BI Pro";"0";;;;;"Non detectee sur la periode analysee";;;;;;;;;"Aucune connexion trouvee";;;"07/07/2026 11:13:43";"06/08/2026 11:13:43"
"Marco SALGUEIRO";"marco.salgueiro@infopro-digital.com";"True";"Power BI Pro";"0";;;;;"Non detectee sur la periode analysee";;;;;;;;;"Aucune connexion trouvee";;;"07/07/2026 11:13:43";"06/08/2026 11:13:43"
"WINTER, Marco";"marco.winter@infopro-digital.com";"True";"Power BI Pro";"0";;;;;"Non detectee sur la periode analysee";;;;;;;;;"Aucune connexion trouvee";;;"07/07/2026 11:13:43";"06/08/2026 11:13:43"
"Margarita Kats";"Margarita.Kats@infopro-digital.com";"True";"Power BI Pro";"0";;;;;"Non detectee sur la periode analysee";;;;;;;;;"Aucune connexion trouvee";;;"07/07/2026 11:13:43";"06/08/2026 11:13:43"
"REBOURS, Margaux";"margaux.rebours@infopro-digital.com";"True";"Power BI Pro";"0";;;;;"Non detectee sur la periode analysee";;;;;;;;;"Aucune connexion trouvee";;;"07/07/2026 11:13:43";"06/08/2026 11:13:43"
"LEFEBVRE, Margot";"margot.lefebvre@infopro-digital.com";"True";"Power BI Pro";"0";;;;;"Non detectee sur la periode analysee";;;;;;;;;"Aucune connexion trouvee";;;"07/07/2026 11:13:43";"06/08/2026 11:13:43"
"DI SARNO, Maria Chiara";"maria.di-sarno@infopro-digital.com";"True";"Power BI Pro";"0";;;;;"Non detectee sur la periode analysee";;;;;;;;;"Aucune connexion trouvee";;;"07/07/2026 11:13:43";"06/08/2026 11:13:43"
"D'AGOSTINI Marie";"marie.dagostini@vecteurplus.com";"True";"Power BI Pro";"0";;;;;"Non detectee sur la periode analysee";;;;;;;;;"Aucune connexion trouvee";;;"07/07/2026 11:13:43";"06/08/2026 11:13:43"
"MONTEL, Marie";"marie.montel@infopro-digital.com";"True";"Power BI Premium par utilisateur";"0";;;;;"Non detectee sur la periode analysee";;;;;;;;;"Aucune connexion trouvee";;;"07/07/2026 11:13:43";"06/08/2026 11:13:43"
"RIOUALLON, Marie";"marie.riouallon@infopro-digital.com";"True";"Power BI Pro";"0";;;;;"Non detectee sur la periode analysee";;;;;;;;;"Aucune connexion trouvee";;;"07/07/2026 11:13:43";"06/08/2026 11:13:43"
"HUGON, Marie-Antoinette";"marie-antoinette.hugon@infopro-digital.com";"True";"Power BI Pro";"0";;;;;"Non detectee sur la periode analysee";;;;;;;;;"Aucune connexion trouvee";;;"07/07/2026 11:13:43";"06/08/2026 11:13:43"
"CHAUVIN, Marine";"marine.chauvin@infopro-digital.com";"True";"Power BI Pro";"0";;;;;"Non detectee sur la periode analysee";;;;;;;;;"Aucune connexion trouvee";;;"07/07/2026 11:13:43";"06/08/2026 11:13:43"
"JAESCHKE, Marion | Heinze";"marion.jaeschke@infopro-digital.com";"True";"Power BI Pro";"0";;;;;"Non detectee sur la periode analysee";;;;;;;;;"Aucune connexion trouvee";;;"07/07/2026 11:13:43";"06/08/2026 11:13:43"
"LE GOFF Marion";"marion.legoff@vecteurplus.com";"True";"Power BI Pro";"0";;;;;"Non detectee sur la periode analysee";;;;;;;;;"Aucune connexion trouvee";;;"07/07/2026 11:13:43";"06/08/2026 11:13:43"
"Mark Goddard";"mark.goddard@infopro-digital.com";"True";"Power BI Pro";"0";;;;;"Non detectee sur la periode analysee";;;;;;;;;"Aucune connexion trouvee";;;"07/07/2026 11:13:43";"06/08/2026 11:13:43"
"Mark Kirwan";"Mark.Kirwan@infopro-digital.com";"True";"Power BI Pro";"0";;;;;"Non detectee sur la periode analysee";;;;;;;;;"Aucune connexion trouvee";;;"07/07/2026 11:13:43";"06/08/2026 11:13:43"
"Kreimer, Markus";"Markus.Kreimer@infopro-digital.com";"True";"Power BI Pro";"0";;;;;"Non detectee sur la periode analysee";;;;;;;;;"Aucune connexion trouvee";;;"07/07/2026 11:13:43";"06/08/2026 11:13:43"
"RETTKOWSKI, Markus | Heinze";"markus.rettkowski@infopro-digital.com";"True";"Power BI Pro";"0";;;;;"Non detectee sur la periode analysee";;;;;;;;;"Aucune connexion trouvee";;;"07/07/2026 11:13:43";"06/08/2026 11:13:43"
"ARNAU, Marta";"marta.arnau@infopro-digital.com";"True";"Power BI Pro";"0";;;;;"Non detectee sur la periode analysee";;;;;;;;;"Aucune connexion trouvee";;;"07/07/2026 11:13:43";"06/08/2026 11:13:43"
"BEN-HAMOU, Martin";"martin.ben-hamou@infopro-digital.com";"True";"Power BI Pro";"0";;;;;"Non detectee sur la periode analysee";;;;;;;;;"Aucune connexion trouvee";;;"07/07/2026 11:13:43";"06/08/2026 11:13:43"
"Mürb, Martin";"Martin.Muerb@infopro-digital.com";"True";"Power BI Pro";"0";;;;;"Non detectee sur la periode analysee";;;;;;;;;"Aucune connexion trouvee";;;"07/07/2026 11:13:43";"06/08/2026 11:13:43"
"CONSTANTINIDIS, Martine";"martine.constantinidis@infopro-digital.com";"True";"Power BI Pro";"0";;;;;"Non detectee sur la periode analysee";;;;;;;;;"Aucune connexion trouvee";;;"07/07/2026 11:13:43";"06/08/2026 11:13:43"
"RANDALL, Martynn";"Martynn.Randall@infopro-digital.com";"True";"Power BI Pro";"0";;;;;"Non detectee sur la periode analysee";;;;;;;;;"Aucune connexion trouvee";;;"07/07/2026 11:13:43";"06/08/2026 11:13:43"
"DESMAZON, Marvin";"marvin.desmazon@infopro-digital.com";"True";"Power BI Pro";"0";;;;;"Non detectee sur la periode analysee";;;;;;;;;"Aucune connexion trouvee";;;"07/07/2026 11:13:43";"06/08/2026 11:13:43"
"Mary-Anne Edmonds";"mary-anne.edmonds@infopro-digital.com";"True";"Power BI Pro";"0";;;;;"Non detectee sur la periode analysee";;;;;;;;;"Aucune connexion trouvee";;;"07/07/2026 11:13:43";"06/08/2026 11:13:43"
"Mason Gillan-Lee";"Mason.Gillan-Lee@infopro-digital.com";"True";"Power BI Pro";"0";;;;;"Non detectee sur la periode analysee";;;;;;;;;"Aucune connexion trouvee";;;"07/07/2026 11:13:43";"06/08/2026 11:13:43"
"KUTT, Mathias | Heinze";"mathias.kutt@infopro-digital.com";"True";"Power BI Pro";"0";;;;;"Non detectee sur la periode analysee";;;;;;;;;"Aucune connexion trouvee";;;"07/07/2026 11:13:43";"06/08/2026 11:13:43"
"LETURCQ, Mathieu";"mathieu.leturcq@infopro-digital.com";"True";"Power BI Pro";"0";;;;;"Non detectee sur la periode analysee";;;;;;;;;"Aucune connexion trouvee";;;"07/07/2026 11:13:43";"06/08/2026 11:13:43"
"OUVRARD, Mathieu";"mathieu.ouvrard@inovaxo.fr";"True";"Power BI Pro";"0";;;;;"Non detectee sur la periode analysee";;;;;;;;;"Aucune connexion trouvee";;;"07/07/2026 11:13:43";"06/08/2026 11:13:43"
"Matt Christie";"matt.christie@infopro-digital.com";"True";"Power BI Pro";"0";;;;;"Non detectee sur la periode analysee";;;;;;;;;"Aucune connexion trouvee";;;"07/07/2026 11:13:43";"06/08/2026 11:13:43"
"PAPET, Matthias";"matthias.papet@infopro-digital.com";"True";"Power BI Pro";"0";;;;;"Non detectee sur la periode analysee";;;;;;;;;"Aucune connexion trouvee";;;"07/07/2026 11:13:43";"06/08/2026 11:13:43"
"GIBERT, Matthieu";"matthieu.gibert@infopro-digital.com";"True";"Power BI Pro";"0";;;;;"Non detectee sur la periode analysee";;;;;;;;;"Aucune connexion trouvee";;;"07/07/2026 11:13:43";"06/08/2026 11:13:43"
"QUINTIN, Maureen";"maureen.quintin@infopro-digital.com";"True";"Power BI Pro";"0";;;;;"Non detectee sur la periode analysee";;;;;;;;;"Aucune connexion trouvee";;;"07/07/2026 11:13:43";"06/08/2026 11:13:43"
"Mauro Cesa";"mauro.cesa@infopro-digital.com";"True";"Power BI Pro";"0";;;;;"Non detectee sur la periode analysee";;;;;;;;;"Aucune connexion trouvee";;;"07/07/2026 11:13:43";"06/08/2026 11:13:43"
"BOUYER, Maxime";"maxime.bouyer@infopro-digital.com";"True";"Power BI Pro";"0";;;;;"Non detectee sur la periode analysee";;;;;;;;;"Aucune connexion trouvee";;;"07/07/2026 11:13:43";"06/08/2026 11:13:43"
"GIRAUDY, Maxime";"maxime.giraudy@infopro-digital.com";"True";"Power BI Pro";"0";;;;;"Non detectee sur la periode analysee";;;;;;;;;"Aucune connexion trouvee";;;"07/07/2026 11:13:43";"06/08/2026 11:13:43"
"FRANK-GROSSE, May-Britt | BauNetz";"may-britt.frank-grosse@infopro-digital.com";"True";"Power BI Pro";"0";;;;;"Non detectee sur la periode analysee";;;;;;;;;"Aucune connexion trouvee";;;"07/07/2026 11:13:43";"06/08/2026 11:13:43"
"ANNABI, Mohamed ali (TUN)";"med_ali.annabi@infopro-digital.com";"True";"Power BI Pro";"0";;;;;"Non detectee sur la periode analysee";;;;;;;;;"Aucune connexion trouvee";;;"07/07/2026 11:13:43";"06/08/2026 11:13:43"
"Menghan Xiao";"Menghan.Xiao@infopro-digital.com";"True";"Power BI Pro";"0";;;;;"Non detectee sur la periode analysee";;;;;;;;;"Aucune connexion trouvee";;;"07/07/2026 11:13:43";"06/08/2026 11:13:43"
"BEN ZAIDA, Meriem (TUN)";"meriem.benzaida@infopro-digital.com";"True";"Power BI Pro";"0";;;;;"Non detectee sur la periode analysee";;;;;;;;;"Aucune connexion trouvee";;;"07/07/2026 11:13:43";"06/08/2026 11:13:43"
"KHAYER, Meryem";"meryem.khayer@infopro-digital.com";"True";"Power BI Pro";"0";;;;;"Non detectee sur la periode analysee";;;;;;;;;"Aucune connexion trouvee";;;"07/07/2026 11:13:43";"06/08/2026 11:13:43"
"Mia Wong";"Mia.Wong@infopro-digital.com";"True";"Power BI Pro";"0";;;;;"Non detectee sur la periode analysee";;;;;;;;;"Aucune connexion trouvee";;;"07/07/2026 11:13:43";"06/08/2026 11:13:43"
"Michael Chambers";"Michael.Chambers@infopro-digital.com";"True";"Power BI Pro";"0";;;;;"Non detectee sur la periode analysee";;;;;;;;;"Aucune connexion trouvee";;;"07/07/2026 11:13:43";"06/08/2026 11:13:43"
"KRAMPE, Michael";"michael.krampe@infopro-digital.com";"True";"Power BI Pro";"0";;;;;"Non detectee sur la periode analysee";;;;;;;;;"Aucune connexion trouvee";;;"07/07/2026 11:13:43";"06/08/2026 11:13:43"
"SCHOEPKE, Michael | Heinze";"michael.schoepke@infopro-digital.com";"True";"Power BI Pro";"0";;;;;"Non detectee sur la periode analysee";;;;;;;;;"Aucune connexion trouvee";;;"07/07/2026 11:13:43";"06/08/2026 11:13:43"
"SÜLZER, Michael | Heinze";"michael.suelzer@infopro-digital.com";"True";"Power BI Pro";"0";;;;;"Non detectee sur la periode analysee";;;;;;;;;"Aucune connexion trouvee";;;"07/07/2026 11:13:43";"06/08/2026 11:13:43"
"Michael Wilson";"Michael.Wilson@infopro-digital.com";"True";"Power BI Pro";"0";;;;;"Non detectee sur la periode analysee";;;;;;;;;"Aucune connexion trouvee";;;"07/07/2026 11:13:43";"06/08/2026 11:13:43"
"Michelle Godwin";"michelle.godwin@infopro-digital.com";"True";"Power BI Pro";"0";;;;;"Non detectee sur la periode analysee";;;;;;;;;"Aucune connexion trouvee";;;"07/07/2026 11:13:43";"06/08/2026 11:13:43"
"Michelle Hinam";"michelle.hinam@barbour-abi.com";"True";"Power BI Pro";"0";;;;;"Non detectee sur la periode analysee";;;;;;;;;"Aucune connexion trouvee";;;"07/07/2026 11:13:43";"06/08/2026 11:13:43"
"ASSASSA, Moaffak";"moaffak.assassa@infopro-digital.com";"True";"Power BI Pro";"0";;;;;"Non detectee sur la periode analysee";;;;;;;;;"Aucune connexion trouvee";;;"07/07/2026 11:13:43";"06/08/2026 11:13:43"
"ALIASGAR, Mohamed";"mohamed.aliasgar@infopro-digital.com";"True";"Power BI Pro";"0";;;;;"Non detectee sur la periode analysee";;;;;;;;;"Aucune connexion trouvee";;;"07/07/2026 11:13:43";"06/08/2026 11:13:43"
"INAAM RACHDI, Mohamed (TUN)";"mohamed.inaamrachdi@infopro-digital.com";"True";"Power BI Pro";"0";;;;;"Non detectee sur la periode analysee";;;;;;;;;"Aucune connexion trouvee";;;"07/07/2026 11:13:43";"06/08/2026 11:13:43"
"HABBOUL, Moncef";"moncef.habboul@infopro-digital.com";"True";"Power BI Pro";"0";;;;;"Non detectee sur la periode analysee";;;;;;;;;"Aucune connexion trouvee";;;"07/07/2026 11:13:43";"06/08/2026 11:13:43"
"Monica Summerville";"Monica.Summerville@infopro-digital.com";"True";"Power BI Pro";"0";;;;;"Non detectee sur la periode analysee";;;;;;;;;"Aucune connexion trouvee";;;"07/07/2026 11:13:43";"06/08/2026 11:13:43"
"Monika Ghose";"monika.ghose@infopro-digital.com";"True";"Power BI Pro";"0";;;;;"Non detectee sur la periode analysee";;;;;;;;;"Aucune connexion trouvee";;;"07/07/2026 11:13:43";"06/08/2026 11:13:43"
"PIEDADE, Monique";"monique.piedade@infopro-digital.com";"True";"Power BI Pro";"0";;;;;"Non detectee sur la periode analysee";;;;;;;;;"Aucune connexion trouvee";;;"07/07/2026 11:13:43";"06/08/2026 11:13:43"
"Mujtaba Pasha";"Mujtaba.Pasha@infopro-digital.com";"True";"Power BI Pro";"0";;;;;"Non detectee sur la periode analysee";;;;;;;;;"Aucune connexion trouvee";;;"07/07/2026 11:13:43";"06/08/2026 11:13:43"
"OLIVEIRA, Murilo";"murilo-godek.oliveira@infopro-digital.com";"True";"Power BI Pro";"0";;;;;"Non detectee sur la periode analysee";;;;;;;;;"Aucune connexion trouvee";;;"07/07/2026 11:13:43";"06/08/2026 11:13:43"
"BURLIN, Myriam";"myriam.burlin@etai.fr";"True";"Power BI Pro";"0";;;;;"Non detectee sur la periode analysee";;;;;;;;;"Aucune connexion trouvee";;;"07/07/2026 11:13:43";"06/08/2026 11:13:43"
"VAN DE BELT, Nick";"n.vandebelt@infopro-digital.com";"True";"Power BI Pro";"0";;;;;"Non detectee sur la periode analysee";;;;;;;;;"Aucune connexion trouvee";;;"07/07/2026 11:13:43";"06/08/2026 11:13:43"
"TALSSI, Nabil";"nabil.talssi@infopro-digital.com";"True";"Power BI Pro";"0";;;;;"Non detectee sur la periode analysee";;;;;;;;;"Aucune connexion trouvee";;;"07/07/2026 11:13:43";"06/08/2026 11:13:43"
"CLEMENT, Nadia";"nadia.clement@infopro-digital.com";"True";"Power BI Pro";"0";;;;;"Non detectee sur la periode analysee";;;;;;;;;"Aucune connexion trouvee";;;"07/07/2026 11:13:43";"06/08/2026 11:13:43"
"Naomi Cardona Castellanos";"Naomi.Castellanos@infopro-digital.com";"True";"Power BI Pro";"0";;;;;"Non detectee sur la periode analysee";;;;;;;;;"Aucune connexion trouvee";;;"07/07/2026 11:13:43";"06/08/2026 11:13:43"
"HAUPT, Natascha | BauNetz";"natascha.haupt@infopro-digital.com";"True";"Power BI Pro";"0";;;;;"Non detectee sur la periode analysee";;;;;;;;;"Aucune connexion trouvee";;;"07/07/2026 11:13:43";"06/08/2026 11:13:43"
"SANTOS, Natasha";"natasha.santos@infopro-digital.com";"True";"Power BI Pro";"0";;;;;"Non detectee sur la periode analysee";;;;;;;;;"Aucune connexion trouvee";;;"07/07/2026 11:13:43";"06/08/2026 11:13:43"
"Nathalie Armitage";"nathalie.armitage@barbour-abi.com";"True";"Power BI Pro";"0";;;;;"Non detectee sur la periode analysee";;;;;;;;;"Aucune connexion trouvee";;;"07/07/2026 11:13:43";"06/08/2026 11:13:43"
"DEPETRO, Nathalie";"nathalie.depetro@infopro-digital.com";"True";"Power BI Pro";"0";;;;;"Non detectee sur la periode analysee";;;;;;;;;"Aucune connexion trouvee";;;"07/07/2026 11:13:43";"06/08/2026 11:13:43"
"Nathan Spencer";"nathan.spencer@infopro-digital.com";"True";"Power BI Pro";"0";;;;;"Non detectee sur la periode analysee";;;;;;;;;"Aucune connexion trouvee";;;"07/07/2026 11:13:43";"06/08/2026 11:13:43"
"Nathanael Coke";"Nathanael.Coke@infopro-digital.com";"True";"Power BI Pro";"0";;;;;"Non detectee sur la periode analysee";;;;;;;;;"Aucune connexion trouvee";;;"07/07/2026 11:13:43";"06/08/2026 11:13:43"
"CURVAT, Nathalie";"ngrosdidier@idice.fr";"True";"Power BI Pro";"0";;;;;"Non detectee sur la periode analysee";;;;;;;;;"Aucune connexion trouvee";;;"07/07/2026 11:13:43";"06/08/2026 11:13:43"
"LEHOVETZKI, Nicolas";"nicolas.lehovetzki@infopro-digital.com";"True";"Power BI Pro";"1";;"05/08/2026 06:37:22 +02:00";"05/08/2026 06:37:22 +02:00";"1";"Oui - authentification detectee";"Power BI Desktop";"";"True";"77.207.123.197";"Paris";"FR";"Windows10";"Edge 18.26200";"Reussie";"Other.";"da867638-610b-49d6-9e25-3520aef2b3f2";"07/07/2026 11:13:43";"06/08/2026 11:13:43"
"PANIER, Nicolas";"nicolas.panier@infopro-digital.com";"True";"Power BI Pro";"0";;;;;"Non detectee sur la periode analysee";;;;;;;;;"Aucune connexion trouvee";;;"07/07/2026 11:13:43";"06/08/2026 11:13:43"
"D ALMEIDA, Nicole";"nicole.dalmeida@infopro-digital.com";"True";"Power BI Pro";"0";;;;;"Non detectee sur la periode analysee";;;;;;;;;"Aucune connexion trouvee";;;"07/07/2026 11:13:43";"06/08/2026 11:13:43"
"DONNELLY, Nigel";"Nigel.Donnelly@infopro-digital.com";"True";"Power BI Pro";"0";;;;;"Non detectee sur la periode analysee";;;;;;;;;"Aucune connexion trouvee";;;"07/07/2026 11:13:43";"06/08/2026 11:13:43"
"Noel d'Ablemont-Smith";"Noel.d'Ablemont-Smith@infopro-digital.com";"True";"Power BI Pro";"0";;;;;"Non detectee sur la periode analysee";;;;;;;;;"Aucune connexion trouvee";;;"07/07/2026 11:13:43";"06/08/2026 11:13:43"
"HUREL, Noemie";"noemie.hurel@infopro-digital.com";"True";"Power BI Pro";"0";;;;;"Non detectee sur la periode analysee";;;;;;;;;"Aucune connexion trouvee";;;"07/07/2026 11:13:43";"06/08/2026 11:13:43"
"KERN, Noemie";"noemie.kern@infopro-digital.com";"True";"Power BI Pro";"0";;;;;"Non detectee sur la periode analysee";;;;;;;;;"Aucune connexion trouvee";;;"07/07/2026 11:13:43";"06/08/2026 11:13:43"
"JAMET, Norbert";"norbert.jamet@infopro-digital.com";"True";"Power BI Pro";"0";;;;;"Non detectee sur la periode analysee";;;;;;;;;"Aucune connexion trouvee";;;"07/07/2026 11:13:43";"06/08/2026 11:13:43"
"MEDJKOUNE, Noura";"noura.medjkoune@infopro-digital.com";"True";"Power BI Pro";"0";;;;;"Non detectee sur la periode analysee";;;;;;;;;"Aucune connexion trouvee";;;"07/07/2026 11:13:43";"06/08/2026 11:13:43"
"SIEKER, Olaf";"olaf.sieker@infopro-digital.com";"True";"Power BI Pro";"0";;;;;"Non detectee sur la periode analysee";;;;;;;;;"Aucune connexion trouvee";;;"07/07/2026 11:13:43";"06/08/2026 11:13:43"
"BRETZNER, Olivier";"olivier.bretzner@infopro-digital.com";"True";"Power BI Pro";"0";;;;;"Non detectee sur la periode analysee";;;;;;;;;"Aucune connexion trouvee";;;"07/07/2026 11:13:43";"06/08/2026 11:13:43"
"DRAGONI, Olivier";"olivier.dragoni@infopro-digital.com";"True";"Power BI Pro";"0";;;;;"Non detectee sur la periode analysee";;;;;;;;;"Aucune connexion trouvee";;;"07/07/2026 11:13:43";"06/08/2026 11:13:43"
"LENDRESSE, Olivier";"olivier.lendresse@infopro-digital.com";"True";"Power BI Pro";"0";;;;;"Non detectee sur la periode analysee";;;;;;;;;"Aucune connexion trouvee";;;"07/07/2026 11:13:43";"06/08/2026 11:13:43"
"SINDEZINGUE, Olivier";"olivier.sindezingue@infopro-digital.com";"True";"Power BI Pro";"0";;;;;"Non detectee sur la periode analysee";;;;;;;;;"Aucune connexion trouvee";;;"07/07/2026 11:13:43";"06/08/2026 11:13:43"
"Paola Vergine";"Paola.Vergine@infopro-digital.com";"True";"Power BI Pro";"0";;;;;"Non detectee sur la periode analysee";;;;;;;;;"Aucune connexion trouvee";;;"07/07/2026 11:13:43";"06/08/2026 11:13:43"
"NDIAYE, Papa Arona";"papa-arona.ndiaye@infopro-digital.com";"True";"Power BI Pro";"0";;;;;"Non detectee sur la periode analysee";;;;;;;;;"Aucune connexion trouvee";;;"07/07/2026 11:13:43";"06/08/2026 11:13:43"
"GOJIN, Pascaline";"pascaline.gojin@achatpublic.com";"True";"Power BI Pro";"0";;;;;"Non detectee sur la periode analysee";;;;;;;;;"Aucune connexion trouvee";;;"07/07/2026 11:13:43";"06/08/2026 11:13:43"
"PERTUS VAILLANT, Patricia (EXT)";"patricia.pertus-vaillant@infopro-digital.com";"True";"Power BI Pro";"0";;;;;"Non detectee sur la periode analysee";;;;;;;;;"Aucune connexion trouvee";;;"07/07/2026 11:13:43";"06/08/2026 11:13:43"
"HUREL, Patrick";"patrick.hurel@infopro-digital.com";"True";"Power BI Pro";"0";;;;;"Non detectee sur la periode analysee";;;;;;;;;"Aucune connexion trouvee";;;"07/07/2026 11:13:43";"06/08/2026 11:13:43"
"SCHULTE-LOH, Patrick";"patrick.schulte-loh@infopro-digital.com";"True";"Power BI Pro";"0";;;;;"Non detectee sur la periode analysee";;;;;;;;;"Aucune connexion trouvee";;;"07/07/2026 11:13:43";"06/08/2026 11:13:43"
"AKEHURST, Paul";"paul.akehurst@infopro-digital.com";"True";"Power BI Pro";"0";;;;;"Non detectee sur la periode analysee";;;;;;;;;"Aucune connexion trouvee";;;"07/07/2026 11:13:43";"06/08/2026 11:13:43"
"HERMELIN, Paul";"paul.hermelin@infopro-digital.com";"True";"Power BI Pro";"0";;;;;"Non detectee sur la periode analysee";;;;;;;;;"Aucune connexion trouvee";;;"07/07/2026 11:13:43";"06/08/2026 11:13:43"
"RAFFOUR, Paul";"paul.raffour@infopro-digital.com";"True";"Power BI Pro";"0";;;;;"Non detectee sur la periode analysee";;;;;;;;;"Aucune connexion trouvee";;;"07/07/2026 11:13:43";"06/08/2026 11:13:43"
"RODRIGUEZ Pauline";"pauline.rodriguez@vecteurplus.com";"True";"Power BI Pro";"0";;;;;"Non detectee sur la periode analysee";;;;;;;;;"Aucune connexion trouvee";;;"07/07/2026 11:13:43";"06/08/2026 11:13:43"
"TOUZE, Pauline";"pauline.touze@infopro-digital.com";"True";"Power BI Pro";"0";;;;;"Non detectee sur la periode analysee";;;;;;;;;"Aucune connexion trouvee";;;"07/07/2026 11:13:43";"06/08/2026 11:13:43"
"Perpetua Ngo";"Perpetua.Ngo@infopro-digital.com";"True";"Power BI Pro";"0";;;;;"Non detectee sur la periode analysee";;;;;;;;;"Aucune connexion trouvee";;;"07/07/2026 11:13:43";"06/08/2026 11:13:43"
"Peter Royle";"peter.royle@infopro-digital.com";"True";"Power BI Pro";"0";;;;;"Non detectee sur la periode analysee";;;;;;;;;"Aucune connexion trouvee";;;"07/07/2026 11:13:43";"06/08/2026 11:13:43"
"Peter Szokolai";"Peter.Szokolai@infopro-digital.com";"True";"Power BI Pro";"0";;;;;"Non detectee sur la periode analysee";;;;;;;;;"Aucune connexion trouvee";;;"07/07/2026 11:13:43";"06/08/2026 11:13:43"
"Philip Alexander";"philip.alexander@infopro-digital.com";"True";"Power BI Pro";"0";;;;;"Non detectee sur la periode analysee";;;;;;;;;"Aucune connexion trouvee";;;"07/07/2026 11:13:43";"06/08/2026 11:13:43"
"Philip Harding";"Philip.Harding@infopro-digital.com";"True";"Power BI Pro";"0";;;;;"Non detectee sur la periode analysee";;;;;;;;;"Aucune connexion trouvee";;;"07/07/2026 11:13:43";"06/08/2026 11:13:43"
"Monaghan, Philip";"Philip.Monaghan@infopro-digital.com";"True";"Power BI Pro";"0";;;;;"Non detectee sur la periode analysee";;;;;;;;;"Aucune connexion trouvee";;;"07/07/2026 11:13:43";"06/08/2026 11:13:43"
"AMELANT-BRUNIE, Philippe";"philippe.amelant-brunie@infopro-digital.com";"True";"Power BI Pro";"0";;;;;"Non detectee sur la periode analysee";;;;;;;;;"Aucune connexion trouvee";;;"07/07/2026 11:13:43";"06/08/2026 11:13:43"
"DUFOURT, Philippine";"philippine.dufourt@infopro-digital.com";"True";"Power BI Pro";"0";;;;;"Non detectee sur la periode analysee";;;;;;;;;"Aucune connexion trouvee";;;"07/07/2026 11:13:43";"06/08/2026 11:13:43"
"Phoebe Haywood";"Phoebe.Haywood@infopro-digital.com";"True";"Power BI Pro";"0";;;;;"Non detectee sur la periode analysee";;;;;;;;;"Aucune connexion trouvee";;;"07/07/2026 11:13:43";"06/08/2026 11:13:43"
"EKOUNGA, Pierre";"pierre.ekounga@infopro-digital.com";"True";"Power BI Pro";"0";;;;;"Non detectee sur la periode analysee";;;;;;;;;"Aucune connexion trouvee";;;"07/07/2026 11:13:43";"06/08/2026 11:13:43"
"KOESSLER, Pierre";"pierre.koessler@infopro-digital.com";"True";"Power BI Pro";"0";;;;;"Non detectee sur la periode analysee";;;;;;;;;"Aucune connexion trouvee";;;"07/07/2026 11:13:43";"06/08/2026 11:13:43"
"MIRLIT, Pierre";"pierre.mirlit@infopro-digital.com";"True";"Power BI Pro";"0";;;;;"Non detectee sur la periode analysee";;;;;;;;;"Aucune connexion trouvee";;;"07/07/2026 11:13:43";"06/08/2026 11:13:43"
"LUCAS, Pierre Dominique";"pierre-dominique.lucas@infopro-digital.com";"True";"Power BI Pro";"0";;;;;"Non detectee sur la periode analysee";;;;;;;;;"Aucune connexion trouvee";;;"07/07/2026 11:13:43";"06/08/2026 11:13:43"
"Pilotage.BI.IPDA (EXT)";"pilotage.BI.IPDA_gmail.com#EXT#@infoprodigital365.onmicrosoft.com";"True";"Power BI Pro";"0";;;;;"Non detectee sur la periode analysee";;;;;;;;;"Aucune connexion trouvee";;;"07/07/2026 11:13:43";"06/08/2026 11:13:43"
"pilote.BI.IPDA (EXT)";"pilote.BI.IPDA_gmail.com#EXT#@infoprodigital365.onmicrosoft.com";"True";"Power BI Pro";"0";;;;;"Non detectee sur la periode analysee";;;;;;;;;"Aucune connexion trouvee";;;"07/07/2026 11:13:43";"06/08/2026 11:13:43"
"powerautomate IPDCH";"powerautomate@infopro-digital.ch";"True";"Power BI Pro";"0";;;;;"Non detectee sur la periode analysee";;;;;;;;;"Aucune connexion trouvee";;;"07/07/2026 11:13:43";"06/08/2026 11:13:43"
"power-data@infopro-digital.com";"power-data@infopro-digital.com";"True";"Power BI Pro";"0";;;;;"Non detectee sur la periode analysee";;;;;;;;;"Aucune connexion trouvee";;;"07/07/2026 11:13:43";"06/08/2026 11:13:43"
"COGAN, Priscilla";"priscilla.cogan@infopro-digital.com";"True";"Power BI Pro";"0";;;;;"Non detectee sur la periode analysee";;;;;;;;;"Aucune connexion trouvee";;;"07/07/2026 11:13:43";"06/08/2026 11:13:43"
"project_status_hosting";"project_status_hosting@infopro-digital.com";"True";"Power BI Pro";"0";;;;;"Non detectee sur la periode analysee";;;;;;;;;"Aucune connexion trouvee";;;"07/07/2026 11:13:43";"06/08/2026 11:13:43"
"LE HETET, Quentin";"quentin.lehetet@infopro-digital.com";"True";"Power BI Pro";"0";;;;;"Non detectee sur la periode analysee";;;;;;;;;"Aucune connexion trouvee";;;"07/07/2026 11:13:43";"06/08/2026 11:13:43"
"WALRAVENS, Quentin (EXT)";"quentin.walravens@infopro-digital.com";"True";"Power BI Pro";"0";;;;;"Non detectee sur la periode analysee";;;;;;;;;"Aucune connexion trouvee";;;"07/07/2026 11:13:43";"06/08/2026 11:13:43"
"LOPEZ OLIVARES, Quim";"quim.lopez@infopro-digital.com";"True";"Power BI Pro";"0";;;;;"Non detectee sur la periode analysee";;;;;;;;;"Aucune connexion trouvee";;;"07/07/2026 11:13:43";"06/08/2026 11:13:43"
"OLIVEIRA, Rafany";"rafany.oliveira@infopro-digital.com";"True";"Power BI Pro";"0";;;;;"Non detectee sur la periode analysee";;;;;;;;;"Aucune connexion trouvee";;;"07/07/2026 11:13:43";"06/08/2026 11:13:43"
"TENBOSCH, Rainer | Heinze";"rainer.tenbosch@infopro-digital.com";"True";"Power BI Pro";"0";;;;;"Non detectee sur la periode analysee";;;;;;;;;"Aucune connexion trouvee";;;"07/07/2026 11:13:43";"06/08/2026 11:13:43"
"BAYEN, Raphael";"raphael.bayen@infopro-digital.com";"True";"Power BI Pro";"0";;;;;"Non detectee sur la periode analysee";;;;;;;;;"Aucune connexion trouvee";;;"07/07/2026 11:13:43";"06/08/2026 11:13:43"
"COUSTILLAS, Raphael";"raphael.coustillas@infopro-digital.com";"True";"Power BI Pro";"0";;;;;"Non detectee sur la periode analysee";;;;;;;;;"Aucune connexion trouvee";;;"07/07/2026 11:13:43";"06/08/2026 11:13:43"
"MESTREZ, Raphaelle";"raphaelle.mestrez@ebp.be";"True";"Power BI Pro";"0";;;;;"Non detectee sur la periode analysee";;;;;;;;;"Aucune connexion trouvee";;;"07/07/2026 11:13:43";"06/08/2026 11:13:43"
"Rebekah Tunstead";"Rebekah.Tunstead@infopro-digital.com";"True";"Power BI Pro";"0";;;;;"Non detectee sur la periode analysee";;;;;;;;;"Aucune connexion trouvee";;;"07/07/2026 11:13:43";"06/08/2026 11:13:43"
"SANDRIN, Regis";"regis.sandrin@infopro-digital.com";"True";"Power BI Pro";"0";;;;;"Non detectee sur la periode analysee";;;;;;;;;"Aucune connexion trouvee";;;"07/07/2026 11:13:43";"06/08/2026 11:13:43"
"BOUBA, Remy";"remy.bouba@infopro-digital.com";"True";"Power BI Pro";"0";;;;;"Non detectee sur la periode analysee";;;;;;;;;"Aucune connexion trouvee";;;"07/07/2026 11:13:43";"06/08/2026 11:13:43"
"Rhys Bush";"Rhys.Bush@red-on-line.com";"True";"Power BI Pro";"0";;;;;"Non detectee sur la periode analysee";;;;;;;;;"Aucune connexion trouvee";;;"07/07/2026 11:13:43";"06/08/2026 11:13:43"
"BARKER, Richard";"richard.barker@infopro-digital.com";"True";"Power BI Pro";"0";;;;;"Non detectee sur la periode analysee";;;;;;;;;"Aucune connexion trouvee";;;"07/07/2026 11:13:43";"06/08/2026 11:13:43"
"Richard Murphy";"Richard.Murphy@red-on-line.com";"True";"Power BI Pro";"0";;;;;"Non detectee sur la periode analysee";;;;;;;;;"Aucune connexion trouvee";;;"07/07/2026 11:13:43";"06/08/2026 11:13:43"
"Richard OToole";"Richard.OToole@infopro-digital.com";"True";"Power BI Pro";"0";;;;;"Non detectee sur la periode analysee";;;;;;;;;"Aucune connexion trouvee";;;"07/07/2026 11:13:43";"06/08/2026 11:13:43"
"Richard Pennington";"richard.pennington@barbour-abi.com";"True";"Power BI Pro";"0";;;;;"Non detectee sur la periode analysee";;;;;;;;;"Aucune connexion trouvee";;;"07/07/2026 11:13:43";"06/08/2026 11:13:43"
"Ritu Shandal";"ritu.shandal@infopro-digital.com";"True";"Power BI Pro";"0";;;;;"Non detectee sur la periode analysee";;;;;;;;;"Aucune connexion trouvee";;;"07/07/2026 11:13:43";"06/08/2026 11:13:43"
"Rob Evers";"rob.evers@infopro-digital.com";"True";"Power BI Pro";"0";;;;;"Non detectee sur la periode analysee";;;;;;;;;"Aucune connexion trouvee";;;"07/07/2026 11:13:43";"06/08/2026 11:13:43"
"Rob Farrington";"rob.farrington@barbour-abi.com";"True";"Power BI Pro";"0";;;;;"Non detectee sur la periode analysee";;;;;;;;;"Aucune connexion trouvee";;;"07/07/2026 11:13:43";"06/08/2026 11:13:43"
"Rob Mannix";"rob.mannix@infopro-digital.com";"True";"Power BI Pro";"0";;;;;"Non detectee sur la periode analysee";;;;;;;;;"Aucune connexion trouvee";;;"07/07/2026 11:13:43";"06/08/2026 11:13:43"
"WILLS, Rob";"Rob.Wills@infopro-digital.com";"True";"Power BI Pro";"0";;;;;"Non detectee sur la periode analysee";;;;;;;;;"Aucune connexion trouvee";;;"07/07/2026 11:13:43";"06/08/2026 11:13:43"
"Robert Alexander";"Robert.Alexander@infopro-digital.com";"True";"Power BI Pro";"0";;;;;"Non detectee sur la periode analysee";;;;;;;;;"Aucune connexion trouvee";;;"07/07/2026 11:13:43";"06/08/2026 11:13:43"
"Robert Baker";"robert.baker@barbour-abi.com";"True";"Power BI Pro";"0";;;;;"Non detectee sur la periode analysee";;;;;;;;;"Aucune connexion trouvee";;;"07/07/2026 11:13:43";"06/08/2026 11:13:43"
"MARTINEAU, Romain";"romain.martineau@etai.fr";"True";"Power BI Pro";"0";;;;;"Non detectee sur la periode analysee";;;;;;;;;"Aucune connexion trouvee";;;"07/07/2026 11:13:43";"06/08/2026 11:13:43"
"MAZON, Romain";"romain.mazon@lagazettedescommunes.com";"True";"Power BI Pro";"0";;;;;"Non detectee sur la periode analysee";;;;;;;;;"Aucune connexion trouvee";;;"07/07/2026 11:13:43";"06/08/2026 11:13:43"
"NICOLLE, Romain (EXT)";"romain.nicolle@infopro-digital.com";"True";"Power BI Pro";"0";;;;;"Non detectee sur la periode analysee";;;;;;;;;"Aucune connexion trouvee";;;"07/07/2026 11:13:43";"06/08/2026 11:13:43"
"VERSTEGEN, Ron";"ron.verstegen@infopro-digital.com";"True";"Power BI Pro";"0";;;;;"Non detectee sur la periode analysee";;;;;;;;;"Aucune connexion trouvee";;;"07/07/2026 11:13:43";"06/08/2026 11:13:43"
"IHM, Ronald";"Ronald.Ihm@infopro-digital.ch";"True";"Power BI Pro";"0";;;;;"Non detectee sur la periode analysee";;;;;;;;;"Aucune connexion trouvee";;;"07/07/2026 11:13:43";"06/08/2026 11:13:43"
"GREWE, Rosa | BauNetz";"rosa.grewe@infopro-digital.com";"True";"Power BI Pro";"0";;;;;"Non detectee sur la periode analysee";;;;;;;;;"Aucune connexion trouvee";;;"07/07/2026 11:13:43";"06/08/2026 11:13:43"
"MARTIN FERNANDEZ, Rosa Maria";"rosa.martin@infopro-digital.com";"True";"Power BI Pro";"0";;;;;"Non detectee sur la periode analysee";;;;;;;;;"Aucune connexion trouvee";;;"07/07/2026 11:13:43";"06/08/2026 11:13:43"
"Rosie Simms";"Rosie.Simms@infopro-digital.com";"True";"Power BI Pro";"0";;;;;"Non detectee sur la periode analysee";;;;;;;;;"Aucune connexion trouvee";;;"07/07/2026 11:13:43";"06/08/2026 11:13:43"
"Ruairi Cotter";"Ruairi.Cotter@infopro-digital.com";"True";"Power BI Pro";"0";;;;;"Non detectee sur la periode analysee";;;;;;;;;"Aucune connexion trouvee";;;"07/07/2026 11:13:43";"06/08/2026 11:13:43"
"BENOIT, Rudy";"rudy.benoit@infopro-digital.com";"True";"Power BI Pro";"0";;;;;"Non detectee sur la periode analysee";;;;;;;;;"Aucune connexion trouvee";;;"07/07/2026 11:13:43";"06/08/2026 11:13:43"
"MENDONCA, Rute";"rute.mendonca@infopro-digital.com";"True";"Power BI Pro";"0";;;;;"Non detectee sur la periode analysee";;;;;;;;;"Aucune connexion trouvee";;;"07/07/2026 11:13:43";"06/08/2026 11:13:43"
"NASRALLAH, Saad (EXT)";"saad.nasrallah@infopro-digital.com";"True";"Power BI Pro";"0";;;;;"Non detectee sur la periode analysee";;;;;;;;;"Aucune connexion trouvee";;;"07/07/2026 11:13:43";"06/08/2026 11:13:43"
"Sabin Stoica";"Sabin.Stoica@infopro-digital.com";"True";"Power BI Pro";"0";;;;;"Non detectee sur la periode analysee";;;;;;;;;"Aucune connexion trouvee";;;"07/07/2026 11:13:43";"06/08/2026 11:13:43"
"Sabina Begum";"Sabina.Begum@infopro-digital.com";"True";"Power BI Pro";"0";;;;;"Non detectee sur la periode analysee";;;;;;;;;"Aucune connexion trouvee";;;"07/07/2026 11:13:43";"06/08/2026 11:13:43"
"SCHNEIDER, Sabine | Heinze";"sabine.schneider@infopro-digital.com";"True";"Power BI Pro";"0";;;;;"Non detectee sur la periode analysee";;;;;;;;;"Aucune connexion trouvee";;;"07/07/2026 11:13:43";"06/08/2026 11:13:43"
"TORNOW, Sabine | Heinze";"sabine.tornow@infopro-digital.com";"True";"Power BI Pro";"0";;;;;"Non detectee sur la periode analysee";;;;;;;;;"Aucune connexion trouvee";;;"07/07/2026 11:13:43";"06/08/2026 11:13:43"
"Sabrina Wright";"Sabrina.Wright@infopro-digital.com";"True";"Power BI Pro";"0";;;;;"Non detectee sur la periode analysee";;;;;;;;;"Aucune connexion trouvee";;;"07/07/2026 11:13:43";"06/08/2026 11:13:43"
"Sadia Aery";"Sadia.Aery@infopro-digital.com";"True";"Power BI Pro";"0";;;;;"Non detectee sur la periode analysee";;;;;;;;;"Aucune connexion trouvee";;;"07/07/2026 11:13:43";"06/08/2026 11:13:43"
"FAYYAZ, Sajid";"sajid.fayyaz@infopro-digital.com";"True";"Power BI Pro";"0";;;;;"Non detectee sur la periode analysee";;;;;;;;;"Aucune connexion trouvee";;;"07/07/2026 11:13:43";"06/08/2026 11:13:43"
"Samuel Wilkes";"samuel.wilkes@infopro-digital.com";"True";"Power BI Pro";"0";;;;;"Non detectee sur la periode analysee";;;;;;;;;"Aucune connexion trouvee";;;"07/07/2026 11:13:43";"06/08/2026 11:13:43"
"HAMMOUDA, Sana";"sana.hammouda@infopro-digital.com";"True";"Power BI Pro";"0";;;;;"Non detectee sur la periode analysee";;;;;;;;;"Aucune connexion trouvee";;;"07/07/2026 11:13:43";"06/08/2026 11:13:43"
"BORDIER, Sandra";"sandra.bordier@infopro-digital.com";"True";"Power BI Pro";"0";;;;;"Non detectee sur la periode analysee";;;;;;;;;"Aucune connexion trouvee";;;"07/07/2026 11:13:43";"06/08/2026 11:13:43"
"LINDNER, Sandra | Heinze";"sandra.lindner@infopro-digital.com";"True";"Power BI Pro";"0";;;;;"Non detectee sur la periode analysee";;;;;;;;;"Aucune connexion trouvee";;;"07/07/2026 11:13:43";"06/08/2026 11:13:43"
"MAGUARIAN, Sandra";"sandra.maguarian@infopro-digital.com";"True";"Power BI Pro";"0";;;;;"Non detectee sur la periode analysee";;;;;;;;;"Aucune connexion trouvee";;;"07/07/2026 11:13:43";"06/08/2026 11:13:43"
"STALLKNECHT, Sandra | Heinze";"sandra.stallknecht@infopro-digital.com";"True";"Power BI Pro";"0";;;;;"Non detectee sur la periode analysee";;;;;;;;;"Aucune connexion trouvee";;;"07/07/2026 11:13:43";"06/08/2026 11:13:43"
"MOUSSAC, Sandrine";"sandrine.moussac@infopro-digital.com";"True";"Power BI Pro";"0";;;;;"Non detectee sur la periode analysee";;;;;;;;;"Aucune connexion trouvee";;;"07/07/2026 11:13:43";"06/08/2026 11:13:43"
"MACHADO, Sandy";"sandy.machado@infopro-digital.com";"True";"Power BI Pro";"0";;;;;"Non detectee sur la periode analysee";;;;;;;;;"Aucune connexion trouvee";;;"07/07/2026 11:13:43";"06/08/2026 11:13:43"
"MAINERI, Sara";"sara.maineri@infopro-digital.com";"True";"Power BI Pro";"0";;;;;"Non detectee sur la periode analysee";;;;;;;;;"Aucune connexion trouvee";;;"07/07/2026 11:13:43";"06/08/2026 11:13:43"
"Sarah Banks";"sarah.banks@infopro-digital.com";"True";"Power BI Pro";"0";;;;;"Non detectee sur la periode analysee";;;;;;;;;"Aucune connexion trouvee";;;"07/07/2026 11:13:43";"06/08/2026 11:13:43"
"BARDAY, Sarah";"sarah.barday@infopro-digital.com";"True";"Power BI Pro";"0";;;;;"Non detectee sur la periode analysee";;;;;;;;;"Aucune connexion trouvee";;;"07/07/2026 11:13:43";"06/08/2026 11:13:43"
"BOUKHARI, Sarah";"sarah.boukhari@infopro-digital.com";"True";"Power BI Pro";"0";;;;;"Non detectee sur la periode analysee";;;;;;;;;"Aucune connexion trouvee";;;"07/07/2026 11:13:43";"06/08/2026 11:13:43"
"Sarah Haque";"Sarah.Haque@infopro-digital.com";"True";"Power BI Pro";"0";;;;;"Non detectee sur la periode analysee";;;;;;;;;"Aucune connexion trouvee";;;"07/07/2026 11:13:43";"06/08/2026 11:13:43"
"LOUPIAS, Sarah";"sarah.loupias@infopro-digital.com";"True";"Power BI Pro";"0";;;;;"Non detectee sur la periode analysee";;;;;;;;;"Aucune connexion trouvee";;;"07/07/2026 11:13:43";"06/08/2026 11:13:43"
"Sarah Olsen";"sarah.olsen@barbour-abi.com";"True";"Power BI Pro";"0";;;;;"Non detectee sur la periode analysee";;;;;;;;;"Aucune connexion trouvee";;;"07/07/2026 11:13:43";"06/08/2026 11:13:43"
"STEGEMANN, Sarah";"sarah.stegemann@infopro-digital.com";"True";"Power BI Pro";"0";;;;;"Non detectee sur la periode analysee";;;;;;;;;"Aucune connexion trouvee";;;"07/07/2026 11:13:43";"06/08/2026 11:13:43"
"WOJEWSKY, Sascha | Heinze";"sascha.wojewsky@infopro-digital.com";"True";"Power BI Pro";"0";;;;;"Non detectee sur la periode analysee";;;;;;;;;"Aucune connexion trouvee";;;"07/07/2026 11:13:43";"06/08/2026 11:13:43"
"SCHABON, Saskia | BauNetz";"saskia.schabon@infopro-digital.com";"True";"Power BI Pro";"0";;;;;"Non detectee sur la periode analysee";;;;;;;;;"Aucune connexion trouvee";;;"07/07/2026 11:13:43";"06/08/2026 11:13:43"
"TÖDTER, Saskia | BauNetz";"saskia.toedter@infopro-digital.com";"True";"Power BI Pro";"0";;;;;"Non detectee sur la periode analysee";;;;;;;;;"Aucune connexion trouvee";;;"07/07/2026 11:13:43";"06/08/2026 11:13:43"
"Scott McGee";"Scott.McGee@infopro-digital.com";"True";"Power BI Pro";"0";;;;;"Non detectee sur la periode analysee";;;;;;;;;"Aucune connexion trouvee";;;"07/07/2026 11:13:43";"06/08/2026 11:13:43"
"Sean Armstrong";"sean.armstrong@infopro-digital.com";"True";"Power BI Pro";"0";;;;;"Non detectee sur la periode analysee";;;;;;;;;"Aucune connexion trouvee";;;"07/07/2026 11:13:43";"06/08/2026 11:13:43"
"Sean Hayes";"sean.hayes@infopro-digital.com";"True";"Power BI Pro";"0";;;;;"Non detectee sur la periode analysee";;;;;;;;;"Aucune connexion trouvee";;;"07/07/2026 11:13:43";"06/08/2026 11:13:43"
"MARTINEZ DIAZ, Sebastian";"sebastian.martinez-diaz@infopro-digital.com";"True";"Power BI Pro";"0";;;;;"Non detectee sur la periode analysee";;;;;;;;;"Aucune connexion trouvee";;;"07/07/2026 11:13:43";"06/08/2026 11:13:43"
"MADEC Sebastien";"sebastien.madec@vecteurplus.com";"True";"Power BI Pro";"0";;;;;"Non detectee sur la periode analysee";;;;;;;;;"Aucune connexion trouvee";;;"07/07/2026 11:13:43";"06/08/2026 11:13:43"
"MERLE, Sebastien";"sebastien.merle@infopro-digital.com";"True";"Power BI Pro";"2";;"21/07/2026 11:39:48 +02:00";"21/07/2026 11:39:48 +02:00";"15";"Oui - authentification detectee";"Power BI Desktop";"";"True";"163.116.176.129";"Paris";"FR";"Windows10";"Edge 18.26100";"Reussie";"Other.";"d6028291-3ba4-4242-b832-3dd196bcc7fe";"07/07/2026 11:13:43";"06/08/2026 11:13:43"
"OLSZANSKI, Sebastien";"sebastien.olszanski@infopro-digital.com";"True";"Power BI Pro";"0";;;;;"Non detectee sur la periode analysee";;;;;;;;;"Aucune connexion trouvee";;;"07/07/2026 11:13:43";"06/08/2026 11:13:43"
"BERSAUTER, Severine";"severine.bersauter@infopro-digital.com";"True";"Power BI Pro";"0";;;;;"Non detectee sur la periode analysee";;;;;;;;;"Aucune connexion trouvee";;;"07/07/2026 11:13:43";"06/08/2026 11:13:43"
"JARRY LEFORT, Severine";"severine.jarrylefort@infopro-digital.com";"True";"Power BI Pro";"0";;;;;"Non detectee sur la periode analysee";;;;;;;;;"Aucune connexion trouvee";;;"07/07/2026 11:13:43";"06/08/2026 11:13:43"
"SARY, Sieng Borith";"sieng-borith.sary@infopro-digital.com";"True";"Power BI Pro";"0";;;;;"Non detectee sur la periode analysee";;;;;;;;;"Aucune connexion trouvee";;;"07/07/2026 11:13:43";"06/08/2026 11:13:43"
"ERNST, Silvia | Heinze";"silvia.ernst@infopro-digital.com";"True";"Power BI Pro";"0";;;;;"Non detectee sur la periode analysee";;;;;;;;;"Aucune connexion trouvee";;;"07/07/2026 11:13:43";"06/08/2026 11:13:43"
"Simon Blazeby";"Simon.Blazeby@infopro-digital.com";"True";"Power BI Pro";"0";;;;;"Non detectee sur la periode analysee";;;;;;;;;"Aucune connexion trouvee";;;"07/07/2026 11:13:43";"06/08/2026 11:13:43"
"Simon Gates";"simon.gates@infopro-digital.com";"True";"Power BI Pro";"0";;;;;"Non detectee sur la periode analysee";;;;;;;;;"Aucune connexion trouvee";;;"07/07/2026 11:13:43";"06/08/2026 11:13:43"
"PETRUSCH, Sina | Heinze";"sina.petrusch@infopro-digital.com";"True";"Power BI Pro";"0";;;;;"Non detectee sur la periode analysee";;;;;;;;;"Aucune connexion trouvee";;;"07/07/2026 11:13:43";"06/08/2026 11:13:43"
"Hedhili, Sinda (TUN)";"sinda.hedhili@infopro-digital.com";"True";"Power BI Pro";"0";;;;;"Non detectee sur la periode analysee";;;;;;;;;"Aucune connexion trouvee";;;"07/07/2026 11:13:43";"06/08/2026 11:13:43"
"MABROUK, Skandar";"skandar.mabrouk@infopro-digital.com";"True";"Power BI Pro";"0";;;;;"Non detectee sur la periode analysee";;;;;;;;;"Aucune connexion trouvee";;;"07/07/2026 11:13:43";"06/08/2026 11:13:43"
"BELARBI, Sofia";"sofia.belarbi@infopro-digital.com";"True";"Power BI Pro";"0";;;;;"Non detectee sur la periode analysee";;;;;;;;;"Aucune connexion trouvee";;;"07/07/2026 11:13:43";"06/08/2026 11:13:43"
"PROCACCIANTE, Sofia";"sofia.procacciante@infopro-digital.com";"True";"Power BI Pro";"0";;;;;"Non detectee sur la periode analysee";;;;;;;;;"Aucune connexion trouvee";;;"07/07/2026 11:13:43";"06/08/2026 11:13:43"
"BOUGUETTAYA, Sofiane";"sofiane.bouguettaya@infopro-digital.com";"True";"Power BI Pro";"0";;;;;"Non detectee sur la periode analysee";;;;;;;;;"Aucune connexion trouvee";;;"07/07/2026 11:13:43";"06/08/2026 11:13:43"
"CARDOT, Sophie";"sophie.cardot@infopro-digital.com";"True";"Power BI Pro";"0";;;;;"Non detectee sur la periode analysee";;;;;;;;;"Aucune connexion trouvee";;;"07/07/2026 11:13:43";"06/08/2026 11:13:43"
"FERREIRA, Sophie";"sophie.ferreira@infopro-digital.com";"True";"Power BI Pro";"0";;;;;"Non detectee sur la periode analysee";;;;;;;;;"Aucune connexion trouvee";;;"07/07/2026 11:13:43";"06/08/2026 11:13:43"
"LE MENAHEZE, Sophie";"sophie.lemenaheze@infopro-digital.com";"True";"Power BI Pro";"0";;;;;"Non detectee sur la periode analysee";;;;;;;;;"Aucune connexion trouvee";;;"07/07/2026 11:13:43";"06/08/2026 11:13:43"
"PERROTIN, Sophie";"sophie.perrotin@infopro-digital.com";"True";"Power BI Pro";"0";;;;;"Non detectee sur la periode analysee";;;;;;;;;"Aucune connexion trouvee";;;"07/07/2026 11:13:43";"06/08/2026 11:13:43"
"RADULESCU, Sorana | BauNetz";"sorana.radulescu@infopro-digital.com";"True";"Power BI Pro";"0";;;;;"Non detectee sur la periode analysee";;;;;;;;;"Aucune connexion trouvee";;;"07/07/2026 11:13:43";"06/08/2026 11:13:43"
"MAKHLOUF, Soraya";"soraya.makhlouf@infopro-digital.com";"True";"Power BI Pro";"0";;;;;"Non detectee sur la periode analysee";;;;;;;;;"Aucune connexion trouvee";;;"07/07/2026 11:13:43";"06/08/2026 11:13:43"
"ALIYAT, Soufiane";"soufiane.aliyat@infopro-digital.com";"False";"Power BI Pro";"0";;;;;"Non detectee sur la periode analysee";;;;;;;;;"Aucune connexion trouvee";;;"07/07/2026 11:13:43";"06/08/2026 11:13:43"
"LEYENDECKERS, Stefan | Heinze";"stefan.leyendeckers@infopro-digital.com";"True";"Power BI Pro";"0";;;;;"Non detectee sur la periode analysee";;;;;;;;;"Aucune connexion trouvee";;;"07/07/2026 11:13:43";"06/08/2026 11:13:43"
"ROZOK, Stefan | Heinze";"stefan.rozok@infopro-digital.com";"True";"Power BI Pro";"1";;"09/07/2026 11:03:29 +02:00";"09/07/2026 11:03:29 +02:00";"28";"Oui - authentification detectee";"Power BI Desktop";"";"True";"80.155.36.44";"Ueberseestadt";"DE";"Windows10";"Edge 18.26200";"Reussie";"Other.";"e3317792-2219-452e-aac5-9ee826534312";"07/07/2026 11:13:43";"06/08/2026 11:13:43"
"RIZZO, Stefano";"stefano.rizzo@infopro-digital.com";"True";"Power BI Pro";"0";;;;;"Non detectee sur la periode analysee";;;;;;;;;"Aucune connexion trouvee";;;"07/07/2026 11:13:43";"06/08/2026 11:13:43"
"DIERKING, Steffi | Heinze";"steffi.dierking@infopro-digital.com";"True";"Power BI Pro";"0";;;;;"Non detectee sur la periode analysee";;;;;;;;;"Aucune connexion trouvee";;;"07/07/2026 11:13:43";"06/08/2026 11:13:43"
"Stella Farrington";"stella.farrington@infopro-digital.com";"True";"Power BI Pro";"0";;;;;"Non detectee sur la periode analysee";;;;;;;;;"Aucune connexion trouvee";;;"07/07/2026 11:13:43";"06/08/2026 11:13:43"
"WESTERMANN, Stephan | BauNetz";"stephan.westermann@infopro-digital.com";"True";"Power BI Pro";"0";;;;;"Non detectee sur la periode analysee";;;;;;;;;"Aucune connexion trouvee";;;"07/07/2026 11:13:43";"06/08/2026 11:13:43"
"ANSIEAU, Stephane";"stephane.ansieau@infopro-digital.com";"True";"Power BI Pro";"2";;"08/07/2026 11:55:31 +02:00";"08/07/2026 11:55:31 +02:00";"28";"Oui - authentification detectee";"Power BI Desktop";"";"True";"163.116.242.39";"Paris";"FR";"Windows10";"Edge 18.26200";"Reussie";"Other.";"cbba4a44-84ae-469e-bafe-b61a1881df0f";"07/07/2026 11:13:43";"06/08/2026 11:13:43"
"MAGNAT, Stephane";"stephane.magnat@infopro-digital.com";"True";"Power BI Pro";"0";;;;;"Non detectee sur la periode analysee";;;;;;;;;"Aucune connexion trouvee";;;"07/07/2026 11:13:43";"06/08/2026 11:13:43"
"PHILIP, Stephane";"stephane.philip@infopro-digital.com";"True";"Power BI Pro";"0";;;;;"Non detectee sur la periode analysee";;;;;;;;;"Aucune connexion trouvee";;;"07/07/2026 11:13:43";"06/08/2026 11:13:43"
"GAY-TORRENTE, Stephanie";"stephanie.gay-torrente@infopro-digital.com";"True";"Power BI Pro";"0";;;;;"Non detectee sur la periode analysee";;;;;;;;;"Aucune connexion trouvee";;;"07/07/2026 11:13:43";"06/08/2026 11:13:43"
"MALARET, Stephanie";"stephanie.malaret@infopro-digital.com";"True";"Power BI Pro";"0";;;;;"Non detectee sur la periode analysee";;;;;;;;;"Aucune connexion trouvee";;;"07/07/2026 11:13:43";"06/08/2026 11:13:43"
"ROGER, Stéphanie (TUN)";"stephanie.roger@infopro-digital.com";"True";"Power BI Pro";"0";;;;;"Non detectee sur la periode analysee";;;;;;;;;"Aucune connexion trouvee";;;"07/07/2026 11:13:43";"06/08/2026 11:13:43"
"ANDRIANIRINAHARISOA, Steve";"steve.andrianirinaharisoa@infopro-digital.com";"True";"Power BI Pro";"1";;"07/07/2026 15:38:38 +02:00";"07/07/2026 15:38:38 +02:00";"29";"Oui - authentification detectee";"Power BI Desktop";"";"True";"163.116.176.217";"Paris";"FR";"Windows10";"Edge 18.26200";"Reussie";"Other.";"dc1c7f5c-b8c1-4ec1-8522-683f74d3f718";"07/07/2026 11:13:43";"06/08/2026 11:13:43"
"GRACA MARQUES, Steven";"steven.graca-marques@infopro-digital.com";"True";"Power BI Pro";"0";;;;;"Non detectee sur la periode analysee";;;;;;;;;"Aucune connexion trouvee";;;"07/07/2026 11:13:43";"06/08/2026 11:13:43"
"Susana Rodriguez";"susana.rodriguez@infopro-digital.com";"True";"Power BI Pro";"0";;;;;"Non detectee sur la periode analysee";;;;;;;;;"Aucune connexion trouvee";;;"07/07/2026 11:13:43";"06/08/2026 11:13:43"
"DURAND, Suzanne";"suzanne.durand@infopro-digital.com";"True";"Power BI Pro";"0";;;;;"Non detectee sur la periode analysee";;;;;;;;;"Aucune connexion trouvee";;;"07/07/2026 11:13:43";"06/08/2026 11:13:43"
"svc_azure_barbour_abi";"svc_azure_barbour_abi@infopro-digital.com";"True";"Power BI Pro";"0";;;;;"Non detectee sur la periode analysee";;;;;;;;;"Aucune connexion trouvee";;;"07/07/2026 11:13:43";"06/08/2026 11:13:43"
"svc_Finance Service Account";"svc_finance-se@infoprodigital365.onmicrosoft.com";"True";"Power BI Pro";"0";;;;;"Non detectee sur la periode analysee";;;;;;;;;"Aucune connexion trouvee";;;"07/07/2026 11:13:43";"06/08/2026 11:13:43"
"ARNULF, Sylvain";"sylvain.arnulf@usine-digitale.fr";"True";"Power BI Pro";"0";;;;;"Non detectee sur la periode analysee";;;;;;;;;"Aucune connexion trouvee";;;"07/07/2026 11:13:43";"06/08/2026 11:13:43"
"FRANCOIS, Sylvain";"sylvain.francois@etai.fr";"True";"Power BI Pro";"0";;;;;"Non detectee sur la periode analysee";;;;;;;;;"Aucune connexion trouvee";;;"07/07/2026 11:13:43";"06/08/2026 11:13:43"
"PAUCOD, Sylvain";"sylvain.paucod@etai.fr";"True";"Power BI Pro";"0";;;;;"Non detectee sur la periode analysee";;;;;;;;;"Aucune connexion trouvee";;;"07/07/2026 11:13:43";"06/08/2026 11:13:43"
"GAUDY, Sylvie";"sylvie.gaudy@infopro-digital.com";"True";"Power BI Pro";"0";;;;;"Non detectee sur la periode analysee";;;;;;;;;"Aucune connexion trouvee";;;"07/07/2026 11:13:43";"06/08/2026 11:13:43"
"MAKUNZA, Sylvie";"sylvie.makunza@infopro-digital.com";"True";"Power BI Pro";"0";;;;;"Non detectee sur la periode analysee";;;;;;;;;"Aucune connexion trouvee";;;"07/07/2026 11:13:43";"06/08/2026 11:13:43"
"SMITH, Tami";"Tami.Smith@infopro-digital.com";"True";"Power BI Pro";"0";;;;;"Non detectee sur la periode analysee";;;;;;;;;"Aucune connexion trouvee";;;"07/07/2026 11:13:43";"06/08/2026 11:13:43"
"ROTH, Tanja | Heinze";"tanja.roth@infopro-digital.com";"True";"Power BI Pro";"0";;;;;"Non detectee sur la periode analysee";;;;;;;;;"Aucune connexion trouvee";;;"07/07/2026 11:13:43";"06/08/2026 11:13:43"
"Teddi Muduroglu (EXT)";"Teddi.Muduroglu@infopro-digital.com";"True";"Power BI Pro";"0";;;;;"Non detectee sur la periode analysee";;;;;;;;;"Aucune connexion trouvee";;;"07/07/2026 11:13:43";"06/08/2026 11:13:43"
"Temour Machmouchi";"Temour.Machmouchi@infopro-digital.com";"True";"Power BI Pro";"0";;;;;"Non detectee sur la periode analysee";;;;;;;;;"Aucune connexion trouvee";;;"07/07/2026 11:13:43";"06/08/2026 11:13:43"
"Temple Ojutalayo Asaju";"TempleOjutalayo.Asaju@infopro-digital.com";"True";"Power BI Pro";"0";;;;;"Non detectee sur la periode analysee";;;;;;;;;"Aucune connexion trouvee";;;"07/07/2026 11:13:43";"06/08/2026 11:13:43"
"DE JAEGHER, Thibaut";"thibaut.de-jaegher@infopro-digital.com";"True";"Power BI Pro";"0";;;;;"Non detectee sur la periode analysee";;;;;;;;;"Aucune connexion trouvee";;;"07/07/2026 11:13:43";"06/08/2026 11:13:43"
"ALVES DE OLIVEIRA, Thierry";"thierry.alves@etai.fr";"True";"Power BI Pro";"0";;;;;"Non detectee sur la periode analysee";;;;;;;;;"Aucune connexion trouvee";;;"07/07/2026 11:13:43";"06/08/2026 11:13:43"
"BERNARD, Thomas";"thomas.bernard@infopro-digital.com";"True";"Power BI Pro";"0";;;;;"Non detectee sur la periode analysee";;;;;;;;;"Aucune connexion trouvee";;;"07/07/2026 11:13:43";"06/08/2026 11:13:43"
"DAUN, Thomas | BauNetz";"thomas.daun@infopro-digital.com";"True";"Power BI Pro";"0";;;;;"Non detectee sur la periode analysee";;;;;;;;;"Aucune connexion trouvee";;;"07/07/2026 11:13:43";"06/08/2026 11:13:43"
"EMMING, Thomas";"thomas.emming@infopro-digital.com";"True";"Power BI Pro";"0";;;;;"Non detectee sur la periode analysee";;;;;;;;;"Aucune connexion trouvee";;;"07/07/2026 11:13:43";"06/08/2026 11:13:43"
"Thomas Henry";"thomas.henry@infopro-digital.com";"True";"Power BI Pro";"0";;;;;"Non detectee sur la periode analysee";;;;;;;;;"Aucune connexion trouvee";;;"07/07/2026 11:13:43";"06/08/2026 11:13:43"
"HÜBERT, Thomas | Heinze";"thomas.huebert@infopro-digital.com";"True";"Power BI Pro";"0";;;;;"Non detectee sur la periode analysee";;;;;;;;;"Aucune connexion trouvee";;;"07/07/2026 11:13:43";"06/08/2026 11:13:43"
"Thomas Lake";"Thomas.Lake@infopro-digital.com";"True";"Power BI Pro";"0";;;;;"Non detectee sur la periode analysee";;;;;;;;;"Aucune connexion trouvee";;;"07/07/2026 11:13:43";"06/08/2026 11:13:43"
"Thomas McPherson";"thomas.mcpherson@barbour-abi.com";"True";"Power BI Pro";"0";;;;;"Non detectee sur la periode analysee";;;;;;;;;"Aucune connexion trouvee";;;"07/07/2026 11:13:43";"06/08/2026 11:13:43"
"MICHALZIK, Thomas";"Thomas.Michalzik@infopro-digital.com";"True";"Power BI Pro";"0";;;;;"Non detectee sur la periode analysee";;;;;;;;;"Aucune connexion trouvee";;;"07/07/2026 11:13:43";"06/08/2026 11:13:43"
"NOLLET, Thomas";"thomas.nollet@infopro-digital.com";"True";"Power BI Pro";"0";;;;;"Non detectee sur la periode analysee";;;;;;;;;"Aucune connexion trouvee";;;"07/07/2026 11:13:43";"06/08/2026 11:13:43"
"ROUSSEL Thomas";"thomas.roussel@vecteurplus.com";"True";"Power BI Pro";"0";;;;;"Non detectee sur la periode analysee";;;;;;;;;"Aucune connexion trouvee";;;"07/07/2026 11:13:43";"06/08/2026 11:13:43"
"WAGNER, Thomas | Heinze";"thomas.wagner@infopro-digital.com";"True";"Power BI Pro";"0";;;;;"Non detectee sur la periode analysee";;;;;;;;;"Aucune connexion trouvee";;;"07/07/2026 11:13:43";"06/08/2026 11:13:43"
"Köster, Thorsten";"Thorsten.Koester@infopro-digital.com";"True";"Power BI Pro";"0";;;;;"Non detectee sur la periode analysee";;;;;;;;;"Aucune connexion trouvee";;;"07/07/2026 11:13:43";"06/08/2026 11:13:43"
"Braszkeit, Tobias";"tobias.braszkeit@infopro-digital.com";"True";"Power BI Pro";"0";;;;;"Non detectee sur la periode analysee";;;;;;;;;"Aucune connexion trouvee";;;"07/07/2026 11:13:43";"06/08/2026 11:13:43"
"ELOUNDOU, Tobie Junior Romeo";"tobie-junior-romeo.eloundou@infopro-digital.com";"True";"Power BI Pro";"0";;;;;"Non detectee sur la periode analysee";;;;;;;;;"Aucune connexion trouvee";;;"07/07/2026 11:13:43";"06/08/2026 11:13:43"
"Todd Heligman";"todd.heligman@infopro-digital.com";"True";"Power BI Pro";"0";;;;;"Non detectee sur la periode analysee";;;;;;;;;"Aucune connexion trouvee";;;"07/07/2026 11:13:43";"06/08/2026 11:13:43"
"Tom Osborn";"tom.osborn@infopro-digital.com";"True";"Power BI Pro";"0";;;;;"Non detectee sur la periode analysee";;;;;;;;;"Aucune connexion trouvee";;;"07/07/2026 11:13:43";"06/08/2026 11:13:43"
"MERCIER, Tommy";"tommy.mercier@infopro-digital.com";"True";"Power BI Pro";"0";;;;;"Non detectee sur la periode analysee";;;;;;;;;"Aucune connexion trouvee";;;"07/07/2026 11:13:43";"06/08/2026 11:13:43"
"Tony Cancelliere";"tony.cancelliere@infopro-digital.com";"True";"Power BI Pro";"2";;"05/08/2026 11:33:20 +02:00";"05/08/2026 11:33:20 +02:00";"0";"Oui - authentification detectee";"Power BI Desktop";"";"True";"163.116.177.152";"London";"GB";"Windows10";"Edge 18.26200";"Reussie";"Other.";"8b073c26-664e-4166-91b9-4f75cced970d";"07/07/2026 11:13:43";"06/08/2026 11:13:43"
"Tracey Cotton";"tracey.cotton@barbour-abi.com";"True";"Power BI Pro";"0";;;;;"Non detectee sur la periode analysee";;;;;;;;;"Aucune connexion trouvee";;;"07/07/2026 11:13:43";"06/08/2026 11:13:43"
"Travis Stock";"Travis.Stock@infopro-digital.com";"True";"Power BI Pro";"0";;;;;"Non detectee sur la periode analysee";;;;;;;;;"Aucune connexion trouvee";;;"07/07/2026 11:13:43";"06/08/2026 11:13:43"
"Tweety Tam";"Tweety.Tam@infopro-digital.com";"True";"Power BI Pro";"0";;;;;"Non detectee sur la periode analysee";;;;;;;;;"Aucune connexion trouvee";;;"07/07/2026 11:13:43";"06/08/2026 11:13:43"
"FAHNING, Ulrich | Heinze";"ulrich.fahning@infopro-digital.com";"True";"Power BI Pro";"0";;;;;"Non detectee sur la periode analysee";;;;;;;;;"Aucune connexion trouvee";;;"07/07/2026 11:13:43";"06/08/2026 11:13:43"
"ASHFAQ, Usama | Heinze";"usama.ashfaq@infopro-digital.com";"True";"Power BI Pro";"0";;;;;"Non detectee sur la periode analysee";;;;;;;;;"Aucune connexion trouvee";;;"07/07/2026 11:13:43";"06/08/2026 11:13:43"
"Valdas Suopys";"Valdas.Suopys@infopro-digital.com";"True";"Power BI Pro";"0";;;;;"Non detectee sur la periode analysee";;;;;;;;;"Aucune connexion trouvee";;;"07/07/2026 11:13:43";"06/08/2026 11:13:43"
"LAMASSE, Valerie";"valerie.lamasse@infopro-digital.com";"True";"Power BI Pro";"0";;;;;"Non detectee sur la periode analysee";;;;;;;;;"Aucune connexion trouvee";;;"07/07/2026 11:13:43";"06/08/2026 11:13:43"
"YOUNG, Victoria";"Victoria.Young@infopro-digital.com";"True";"Power BI Pro";"0";;;;;"Non detectee sur la periode analysee";;;;;;;;;"Aucune connexion trouvee";;;"07/07/2026 11:13:43";"06/08/2026 11:13:43"
"ROUSSEAU, Vincent";"vincent.rousseau@inovaxo.fr";"True";"Power BI Pro";"0";;;;;"Non detectee sur la periode analysee";;;;;;;;;"Aucune connexion trouvee";;;"07/07/2026 11:13:43";"06/08/2026 11:13:43"
"DIAZ GONZALEZ, Virginia";"virginia.diaz@infopro-digital.com";"True";"Power BI Pro";"1";;"29/07/2026 13:26:54 +02:00";"29/07/2026 13:26:54 +02:00";"7";"Oui - authentification detectee";"Power BI Desktop";"";"True";"163.116.245.51";"Lisboa";"PT";"Windows10";"Edge 18.26100";"Reussie";"Other.";"7d5a6328-504b-4122-9a94-eee963639446";"07/07/2026 11:13:43";"06/08/2026 11:13:43"
"DRUMEL, Vivien";"vivien.drumel@infopro-digital.com";"True";"Power BI Pro";"0";;;;;"Non detectee sur la periode analysee";;;;;;;;;"Aucune connexion trouvee";;;"07/07/2026 11:13:43";"06/08/2026 11:13:43"
"SY, Vivien";"vivien.sy@infopro-digital.com";"True";"Power BI Pro";"0";;;;;"Non detectee sur la periode analysee";;;;;;;;;"Aucune connexion trouvee";;;"07/07/2026 11:13:43";"06/08/2026 11:13:43"
"DJEBBI, Wajdi";"wajdi.djebbi@infopro-digital.com";"True";"Power BI Premium par utilisateur";"0";;;;;"Non detectee sur la periode analysee";;;;;;;;;"Aucune connexion trouvee";;;"07/07/2026 11:13:43";"06/08/2026 11:13:43"
"BEN JRAD, Walid (ATY)";"walid.benjrad@infopro-digital.com";"True";"Power BI Pro";"0";;;;;"Non detectee sur la periode analysee";;;;;;;;;"Aucune connexion trouvee";;;"07/07/2026 11:13:43";"06/08/2026 11:13:43"
"Wayne McFarlane";"Wayne.McFarlane@infopro-digital.com";"True";"Power BI Pro";"0";;;;;"Non detectee sur la periode analysee";;;;;;;;;"Aucune connexion trouvee";;;"07/07/2026 11:13:43";"06/08/2026 11:13:43"
"Wei-Shen Wong";"wei-shen.wong@infopro-digital.com";"True";"Power BI Pro";"0";;;;;"Non detectee sur la periode analysee";;;;;;;;;"Aucune connexion trouvee";;;"07/07/2026 11:13:43";"06/08/2026 11:13:43"
"HEUANG THEP, William";"william.heuang@infopro-digital.com";"True";"Power BI Pro";"1";;"06/08/2026 10:54:59 +02:00";"06/08/2026 10:54:59 +02:00";"0";"Oui - authentification detectee";"Power BI Desktop";"";"True";"163.116.242.136";"Paris";"FR";"Windows10";"Edge 18.22631";"Reussie";"Other.";"98a4fbf1-6221-4051-bdde-a527da6e721d";"07/07/2026 11:13:43";"06/08/2026 11:13:43"
"William Liu";"william.liu@infopro-digital.com";"True";"Power BI Pro";"0";;;;;"Non detectee sur la periode analysee";;;;;;;;;"Aucune connexion trouvee";;;"07/07/2026 11:13:43";"06/08/2026 11:13:43"
"William Lloyd";"william.lloyd@barbour-abi.com";"True";"Power BI Pro";"0";;;;;"Non detectee sur la periode analysee";;;;;;;;;"Aucune connexion trouvee";;;"07/07/2026 11:13:43";"06/08/2026 11:13:43"
"SCHROEDER, Wolfgang | Heinze";"wolfgang.schroeder@infopro-digital.com";"True";"Power BI Pro";"1";;"03/08/2026 15:35:53 +02:00";"03/08/2026 15:35:53 +02:00";"2";"Oui - authentification detectee";"Power BI Desktop";"";"True";"80.155.36.44";"Ueberseestadt";"DE";"Windows10";"Edge 18.26200";"Reussie";"Other.";"a08c0e7f-39ca-4cdc-8797-bf586938c434";"07/07/2026 11:13:43";"06/08/2026 11:13:43"
"KLOK, Wouter";"Wouter.Klok@infopro-digital.com";"True";"Power BI Pro";"0";;;;;"Non detectee sur la periode analysee";;;;;;;;;"Aucune connexion trouvee";;;"07/07/2026 11:13:43";"06/08/2026 11:13:43"
"LAM, Xuan";"xuan.lam@infopro-digital.com";"True";"Power BI Pro";"0";;;;;"Non detectee sur la periode analysee";;;;;;;;;"Aucune connexion trouvee";;;"07/07/2026 11:13:43";"06/08/2026 11:13:43"
"PONAIRE, Yann";"yann.ponaire@infopro-digital.com";"True";"Power BI Pro";"0";;;;;"Non detectee sur la periode analysee";;;;;;;;;"Aucune connexion trouvee";;;"07/07/2026 11:13:43";"06/08/2026 11:13:43"
"MIDDAH, Yann Bernard";"yann-bernard.middah@infopro-digital.com";"True";"Power BI Pro";"0";;;;;"Non detectee sur la periode analysee";;;;;;;;;"Aucune connexion trouvee";;;"07/07/2026 11:13:43";"06/08/2026 11:13:43"
"VEDRINES, Yannick";"yannick.vedrines@infopro-digital.com";"True";"Power BI Pro";"0";;;;;"Non detectee sur la periode analysee";;;;;;;;;"Aucune connexion trouvee";;;"07/07/2026 11:13:43";"06/08/2026 11:13:43"
"VILLAIN, Yannick";"yannick.villain@infopro-digital.com";"True";"Power BI Pro";"0";;;;;"Non detectee sur la periode analysee";;;;;;;;;"Aucune connexion trouvee";;;"07/07/2026 11:13:43";"06/08/2026 11:13:43"
"BENATSI, Yasin";"yasin.benatsi@infopro-digital.com";"True";"Power BI Pro";"0";;;;;"Non detectee sur la periode analysee";;;;;;;;;"Aucune connexion trouvee";;;"07/07/2026 11:13:43";"06/08/2026 11:13:43"
"Yenny Lam";"Yenny.Lam@infopro-digital.com";"True";"Power BI Pro";"0";;;;;"Non detectee sur la periode analysee";;;;;;;;;"Aucune connexion trouvee";;;"07/07/2026 11:13:43";"06/08/2026 11:13:43"
"Düppe, Yvonne";"Yvonne.Dueppe@infopro-digital.com";"True";"Power BI Pro";"0";;;;;"Non detectee sur la periode analysee";;;;;;;;;"Aucune connexion trouvee";;;"07/07/2026 11:13:43";"06/08/2026 11:13:43"
"DEMUNCK, Zoe";"zoe.demunck@infopro-digital.com";"True";"Power BI Pro";"0";;;;;"Non detectee sur la periode analysee";;;;;;;;;"Aucune connexion trouvee";;;"07/07/2026 11:13:43";"06/08/2026 11:13:43"
"SCHULTE, Rabea Zoé | Heinze";"zoe.schulte@infopro-digital.com";"True";"Power BI Pro";"0";;;;;"Non detectee sur la periode analysee";;;;;;;;;"Aucune connexion trouvee";;;"07/07/2026 11:13:43";"06/08/2026 11:13:43"
"RABARY, Zoly";"zoly.rabary@infopro-digital.com";"True";"Power BI Pro";"0";;;;;"Non detectee sur la periode analysee";;;;;;;;;"Aucune connexion trouvee";;;"07/07/2026 11:13:43";"06/08/2026 11:13:43"
"Zubair Khushi";"Zubair.Khushi@infopro-digital.com";"True";"Power BI Pro";"0";;;;;"Non detectee sur la periode analysee";;;;;;;;;"Aucune connexion trouvee";;;"07/07/2026 11:13:43";"06/08/2026 11:13:43"
