
[25/08/2026 12:00:45] [INFO] Demarrage de Rapport-PowerBI-90J-AppSecret-ISE.ps1
[25/08/2026 12:00:45] [INFO] Periode Audit Power BI : du 27/05/2026 12:00:45 +02:00 au 25/08/2026 12:00:45 +02:00.
[25/08/2026 12:00:45] [INFO] Periode Connexions Entra : du 26/07/2026 12:00:45 +02:00 au 25/08/2026 12:00:45 +02:00.
[25/08/2026 12:00:45] [INFO] Connexion a Microsoft Graph avec l'application Azure et son secret.
[25/08/2026 12:00:45] [INFO] Obtention ou renouvellement du jeton Microsoft Graph.
[25/08/2026 12:00:45] [INFO] Jeton Graph valide jusqu'au 25/08/2026 12:55:44.
[25/08/2026 12:00:45] [INFO] Connexion applicative reussie.
[25/08/2026 12:00:45] [INFO] Lecture des abonnements et plans de service du tenant.
[25/08/2026 12:00:46] [INFO] Page 1 recue, total : 43 element(s).
[25/08/2026 12:00:46] [INFO] Lecture de tous les utilisateurs et de leurs licences.
[25/08/2026 12:00:49] [INFO] Page 1 recue, total : 999 element(s).
[25/08/2026 12:00:52] [INFO] Page 2 recue, total : 1998 element(s).
[25/08/2026 12:00:54] [INFO] Page 3 recue, total : 2997 element(s).
[25/08/2026 12:00:58] [INFO] Page 4 recue, total : 3996 element(s).
[25/08/2026 12:01:03] [INFO] Page 5 recue, total : 4995 element(s).
[25/08/2026 12:01:05] [INFO] Page 6 recue, total : 5994 element(s).
[25/08/2026 12:01:08] [INFO] Page 7 recue, total : 6993 element(s).
[25/08/2026 12:01:10] [INFO] Page 8 recue, total : 7992 element(s).
[25/08/2026 12:01:13] [INFO] Page 9 recue, total : 8991 element(s).
[25/08/2026 12:01:15] [INFO] Page 10 recue, total : 9990 element(s).
[25/08/2026 12:01:18] [INFO] Page 11 recue, total : 10989 element(s).
[25/08/2026 12:01:21] [INFO] Page 12 recue, total : 11988 element(s).
[25/08/2026 12:01:24] [INFO] Page 13 recue, total : 12987 element(s).
[25/08/2026 12:01:27] [INFO] Page 14 recue, total : 13986 element(s).
[25/08/2026 12:01:30] [INFO] Page 15 recue, total : 14985 element(s).
[25/08/2026 12:01:32] [INFO] Page 16 recue, total : 15984 element(s).
[25/08/2026 12:01:35] [INFO] Page 17 recue, total : 16983 element(s).
[25/08/2026 12:01:38] [INFO] Page 18 recue, total : 17982 element(s).
[25/08/2026 12:01:41] [INFO] Page 19 recue, total : 18981 element(s).
[25/08/2026 12:01:43] [INFO] Page 20 recue, total : 19980 element(s).
[25/08/2026 12:01:46] [INFO] Page 21 recue, total : 20979 element(s).
[25/08/2026 12:01:50] [INFO] Page 22 recue, total : 21978 element(s).
[25/08/2026 12:01:50] [INFO] Page 23 recue, total : 21993 element(s).
[25/08/2026 12:03:12] [INFO] 710 utilisateur(s) avec Power BI payant trouve(s).
[25/08/2026 12:03:19] [INFO] Creation de la recherche Microsoft Purview Audit Power BI sur 90 jours.
[25/08/2026 12:03:20] [INFO] Recherche Purview creee. Identifiant : a81772f4-e7d4-478e-9bd2-f1f9c693f2b3
[25/08/2026 12:03:20] [ATTENTE] Recherche Purview en cours. Statut : notStarted. Attente : 0 minute(s).
[25/08/2026 12:03:51] [ATTENTE] Recherche Purview en cours. Statut : notStarted. Attente : 0.5 minute(s).
[25/08/2026 12:04:22] [ATTENTE] Recherche Purview en cours. Statut : running. Attente : 1 minute(s).
[25/08/2026 12:04:53] [ATTENTE] Recherche Purview en cours. Statut : running. Attente : 1.5 minute(s).
[25/08/2026 12:05:23] [ATTENTE] Recherche Purview en cours. Statut : running. Attente : 2 minute(s).
[25/08/2026 12:05:54] [ATTENTE] Recherche Purview en cours. Statut : running. Attente : 2.6 minute(s).
[25/08/2026 12:06:24] [ATTENTE] Recherche Purview en cours. Statut : running. Attente : 3.1 minute(s).
[25/08/2026 12:06:55] [ATTENTE] Recherche Purview en cours. Statut : running. Attente : 3.6 minute(s).
[25/08/2026 12:07:25] [ATTENTE] Recherche Purview en cours. Statut : running. Attente : 4.1 minute(s).
[25/08/2026 12:07:56] [ATTENTE] Recherche Purview en cours. Statut : running. Attente : 4.6 minute(s).
[25/08/2026 12:08:27] [ATTENTE] Recherche Purview en cours. Statut : running. Attente : 5.1 minute(s).
[25/08/2026 12:08:58] [ATTENTE] Recherche Purview en cours. Statut : running. Attente : 5.6 minute(s).
[25/08/2026 12:09:29] [ATTENTE] Recherche Purview en cours. Statut : running. Attente : 6.1 minute(s).
[25/08/2026 12:10:00] [ATTENTE] Recherche Purview en cours. Statut : running. Attente : 6.7 minute(s).
[25/08/2026 12:10:30] [ATTENTE] Recherche Purview en cours. Statut : running. Attente : 7.2 minute(s).
[25/08/2026 12:11:01] [ATTENTE] Recherche Purview en cours. Statut : running. Attente : 7.7 minute(s).
[25/08/2026 12:11:32] [ATTENTE] Recherche Purview en cours. Statut : running. Attente : 8.2 minute(s).
[25/08/2026 12:12:03] [ATTENTE] Recherche Purview en cours. Statut : running. Attente : 8.7 minute(s).
[25/08/2026 12:12:33] [ATTENTE] Recherche Purview en cours. Statut : running. Attente : 9.2 minute(s).
[25/08/2026 12:13:04] [ATTENTE] Recherche Purview en cours. Statut : running. Attente : 9.7 minute(s).
[25/08/2026 12:13:35] [ATTENTE] Recherche Purview en cours. Statut : running. Attente : 10.2 minute(s).
[25/08/2026 12:14:07] [ATTENTE] Recherche Purview en cours. Statut : running. Attente : 10.8 minute(s).
[25/08/2026 12:14:37] [ATTENTE] Recherche Purview en cours. Statut : running. Attente : 11.3 minute(s).
[25/08/2026 12:15:08] [ATTENTE] Recherche Purview en cours. Statut : running. Attente : 11.8 minute(s).
[25/08/2026 12:15:39] [ATTENTE] Recherche Purview en cours. Statut : running. Attente : 12.3 minute(s).
[25/08/2026 12:16:09] [ATTENTE] Recherche Purview en cours. Statut : running. Attente : 12.8 minute(s).
[25/08/2026 12:16:39] [ATTENTE] Recherche Purview en cours. Statut : running. Attente : 13.3 minute(s).
[25/08/2026 12:17:10] [ATTENTE] Recherche Purview en cours. Statut : running. Attente : 13.8 minute(s).
[25/08/2026 12:17:44] [ATTENTE] Recherche Purview en cours. Statut : running. Attente : 14.4 minute(s).
[25/08/2026 12:18:14] [ATTENTE] Recherche Purview en cours. Statut : running. Attente : 14.9 minute(s).
[25/08/2026 12:18:45] [ATTENTE] Recherche Purview en cours. Statut : running. Attente : 15.4 minute(s).
[25/08/2026 12:19:16] [ATTENTE] Recherche Purview en cours. Statut : running. Attente : 15.9 minute(s).
[25/08/2026 12:19:46] [ATTENTE] Recherche Purview en cours. Statut : running. Attente : 16.4 minute(s).
[25/08/2026 12:20:18] [INFO] Recherche Purview terminee. Traitement des enregistrements page par page.
[25/08/2026 12:20:23] [INFO] Audit Purview - page 1 traitee, total lu : 250, memoire PowerShell : 4817 Mo.
[25/08/2026 12:20:26] [INFO] Audit Purview - page 2 traitee, total lu : 500, memoire PowerShell : 4822 Mo.
[25/08/2026 12:20:28] [INFO] Audit Purview - page 3 traitee, total lu : 750, memoire PowerShell : 4820 Mo.
[25/08/2026 12:20:30] [INFO] Audit Purview - page 4 traitee, total lu : 1000, memoire PowerShell : 4817 Mo.
[25/08/2026 12:20:32] [INFO] Audit Purview - page 5 traitee, total lu : 1250, memoire PowerShell : 4823 Mo.
[25/08/2026 12:20:33] [INFO] Audit Purview - page 6 traitee, total lu : 1500, memoire PowerShell : 4821 Mo.
[25/08/2026 12:20:35] [INFO] Audit Purview - page 7 traitee, total lu : 1750, memoire PowerShell : 4821 Mo.
[25/08/2026 12:20:38] [INFO] Audit Purview - page 8 traitee, total lu : 2000, memoire PowerShell : 4818 Mo.
[25/08/2026 12:20:40] [INFO] Audit Purview - page 9 traitee, total lu : 2250, memoire PowerShell : 4823 Mo.
[25/08/2026 12:20:42] [INFO] Audit Purview - page 10 traitee, total lu : 2500, memoire PowerShell : 4821 Mo.
[25/08/2026 12:20:44] [INFO] Audit Purview - page 11 traitee, total lu : 2750, memoire PowerShell : 4818 Mo.
[25/08/2026 12:20:46] [INFO] Audit Purview - page 12 traitee, total lu : 3000, memoire PowerShell : 4823 Mo.
[25/08/2026 12:20:48] [INFO] Audit Purview - page 13 traitee, total lu : 3250, memoire PowerShell : 4818 Mo.
[25/08/2026 12:20:49] [INFO] Audit Purview - page 14 traitee, total lu : 3500, memoire PowerShell : 4823 Mo.
[25/08/2026 12:20:52] [INFO] Audit Purview - page 15 traitee, total lu : 3750, memoire PowerShell : 4821 Mo.
[25/08/2026 12:20:54] [INFO] Audit Purview - page 16 traitee, total lu : 4000, memoire PowerShell : 4821 Mo.
[25/08/2026 12:20:55] [INFO] Audit Purview - page 17 traitee, total lu : 4250, memoire PowerShell : 4824 Mo.
[25/08/2026 12:20:55] [INFO] Audit Purview - page 18 traitee, total lu : 4500, memoire PowerShell : 4818 Mo.
[25/08/2026 12:20:57] [INFO] Audit Purview - page 19 traitee, total lu : 4750, memoire PowerShell : 4818 Mo.
[25/08/2026 12:20:58] [INFO] Audit Purview - page 20 traitee, total lu : 5000, memoire PowerShell : 4823 Mo.
[25/08/2026 12:21:03] [INFO] Audit Purview - page 21 traitee, total lu : 5250, memoire PowerShell : 4827 Mo.
[25/08/2026 12:21:04] [INFO] Audit Purview - page 22 traitee, total lu : 5500, memoire PowerShell : 4824 Mo.
[25/08/2026 12:21:06] [INFO] Audit Purview - page 23 traitee, total lu : 5750, memoire PowerShell : 4824 Mo.
[25/08/2026 12:21:09] [INFO] Audit Purview - page 24 traitee, total lu : 6000, memoire PowerShell : 4829 Mo.
[25/08/2026 12:21:10] [INFO] Audit Purview - page 25 traitee, total lu : 6250, memoire PowerShell : 4824 Mo.
[25/08/2026 12:21:11] [INFO] Audit Purview - page 26 traitee, total lu : 6500, memoire PowerShell : 4824 Mo.
[25/08/2026 12:21:13] [INFO] Audit Purview - page 27 traitee, total lu : 6750, memoire PowerShell : 4829 Mo.
[25/08/2026 12:21:14] [INFO] Audit Purview - page 28 traitee, total lu : 7000, memoire PowerShell : 4824 Mo.
[25/08/2026 12:21:17] [INFO] Audit Purview - page 29 traitee, total lu : 7250, memoire PowerShell : 4827 Mo.
[25/08/2026 12:21:19] [INFO] Audit Purview - page 30 traitee, total lu : 7500, memoire PowerShell : 4824 Mo.
[25/08/2026 12:21:20] [INFO] Audit Purview - page 31 traitee, total lu : 7750, memoire PowerShell : 4824 Mo.
[25/08/2026 12:21:21] [INFO] Audit Purview - page 32 traitee, total lu : 8000, memoire PowerShell : 4829 Mo.
[25/08/2026 12:21:23] [INFO] Audit Purview - page 33 traitee, total lu : 8250, memoire PowerShell : 4829 Mo.
[25/08/2026 12:21:24] [INFO] Audit Purview - page 34 traitee, total lu : 8500, memoire PowerShell : 4829 Mo.
[25/08/2026 12:21:27] [INFO] Audit Purview - page 35 traitee, total lu : 8750, memoire PowerShell : 4831 Mo.
[25/08/2026 12:21:27] [INFO] Audit Purview - page 36 traitee, total lu : 9000, memoire PowerShell : 4836 Mo.
[25/08/2026 12:21:29] [INFO] Audit Purview - page 37 traitee, total lu : 9250, memoire PowerShell : 4843 Mo.
[25/08/2026 12:21:30] [INFO] Audit Purview - page 38 traitee, total lu : 9500, memoire PowerShell : 4849 Mo.
[25/08/2026 12:21:31] [INFO] Audit Purview - page 39 traitee, total lu : 9750, memoire PowerShell : 4852 Mo.
[25/08/2026 12:21:32] [INFO] Audit Purview - page 40 traitee, total lu : 10000, memoire PowerShell : 4859 Mo.
[25/08/2026 12:21:36] [INFO] Audit Purview - page 41 traitee, total lu : 10250, memoire PowerShell : 4859 Mo.
[25/08/2026 12:21:38] [INFO] Audit Purview - page 42 traitee, total lu : 10500, memoire PowerShell : 4862 Mo.
[25/08/2026 12:21:39] [INFO] Audit Purview - page 43 traitee, total lu : 10750, memoire PowerShell : 4863 Mo.
[25/08/2026 12:21:40] [INFO] Audit Purview - page 44 traitee, total lu : 11000, memoire PowerShell : 4859 Mo.
[25/08/2026 12:21:41] [INFO] Audit Purview - page 45 traitee, total lu : 11250, memoire PowerShell : 4864 Mo.
[25/08/2026 12:21:43] [INFO] Audit Purview - page 46 traitee, total lu : 11500, memoire PowerShell : 4862 Mo.
[25/08/2026 12:21:44] [INFO] Audit Purview - page 47 traitee, total lu : 11750, memoire PowerShell : 4859 Mo.
[25/08/2026 12:21:46] [INFO] Audit Purview - page 48 traitee, total lu : 12000, memoire PowerShell : 4860 Mo.
[25/08/2026 12:21:47] [INFO] Audit Purview - page 49 traitee, total lu : 12250, memoire PowerShell : 4865 Mo.
[25/08/2026 12:21:48] [INFO] Audit Purview - page 50 traitee, total lu : 12500, memoire PowerShell : 4862 Mo.
[25/08/2026 12:21:49] [INFO] Audit Purview - page 51 traitee, total lu : 12750, memoire PowerShell : 4859 Mo.
[25/08/2026 12:21:50] [INFO] Audit Purview - page 52 traitee, total lu : 13000, memoire PowerShell : 4859 Mo.
[25/08/2026 12:21:52] [INFO] Audit Purview - page 53 traitee, total lu : 13250, memoire PowerShell : 4863 Mo.
[25/08/2026 12:21:53] [INFO] Audit Purview - page 54 traitee, total lu : 13500, memoire PowerShell : 4860 Mo.
[25/08/2026 12:21:54] [INFO] Audit Purview - page 55 traitee, total lu : 13750, memoire PowerShell : 4863 Mo.
[25/08/2026 12:21:58] [INFO] Audit Purview - page 56 traitee, total lu : 14000, memoire PowerShell : 4860 Mo.
[25/08/2026 12:22:00] [INFO] Audit Purview - page 57 traitee, total lu : 14250, memoire PowerShell : 4865 Mo.
[25/08/2026 12:22:02] [INFO] Audit Purview - page 58 traitee, total lu : 14500, memoire PowerShell : 4860 Mo.
[25/08/2026 12:22:03] [INFO] Audit Purview - page 59 traitee, total lu : 14750, memoire PowerShell : 4864 Mo.
[25/08/2026 12:22:04] [INFO] Audit Purview - page 60 traitee, total lu : 15000, memoire PowerShell : 4870 Mo.
[25/08/2026 12:22:08] [INFO] Audit Purview - page 61 traitee, total lu : 15250, memoire PowerShell : 4870 Mo.
[25/08/2026 12:22:11] [INFO] Audit Purview - page 62 traitee, total lu : 15500, memoire PowerShell : 4870 Mo.
[25/08/2026 12:22:12] [INFO] Audit Purview - page 63 traitee, total lu : 15750, memoire PowerShell : 4876 Mo.
[25/08/2026 12:22:13] [INFO] Audit Purview - page 64 traitee, total lu : 16000, memoire PowerShell : 4870 Mo.
[25/08/2026 12:22:15] [INFO] Audit Purview - page 65 traitee, total lu : 16250, memoire PowerShell : 4874 Mo.
[25/08/2026 12:22:16] [INFO] Audit Purview - page 66 traitee, total lu : 16500, memoire PowerShell : 4871 Mo.
[25/08/2026 12:22:18] [INFO] Audit Purview - page 67 traitee, total lu : 16750, memoire PowerShell : 4876 Mo.
[25/08/2026 12:22:21] [INFO] Audit Purview - page 68 traitee, total lu : 17000, memoire PowerShell : 4870 Mo.
[25/08/2026 12:22:23] [INFO] Audit Purview - page 69 traitee, total lu : 17250, memoire PowerShell : 4874 Mo.
[25/08/2026 12:22:26] [INFO] Audit Purview - page 70 traitee, total lu : 17500, memoire PowerShell : 4871 Mo.
[25/08/2026 12:22:30] [INFO] Audit Purview - page 71 traitee, total lu : 17750, memoire PowerShell : 4875 Mo.
[25/08/2026 12:22:32] [INFO] Audit Purview - page 72 traitee, total lu : 18000, memoire PowerShell : 4874 Mo.
[25/08/2026 12:22:32] [INFO] Audit Purview - page 73 traitee, total lu : 18250, memoire PowerShell : 4874 Mo.
[25/08/2026 12:22:35] [INFO] Audit Purview - page 74 traitee, total lu : 18500, memoire PowerShell : 4871 Mo.
[25/08/2026 12:22:37] [INFO] Audit Purview - page 75 traitee, total lu : 18750, memoire PowerShell : 4876 Mo.
[25/08/2026 12:22:38] [INFO] Audit Purview - page 76 traitee, total lu : 19000, memoire PowerShell : 4874 Mo.
[25/08/2026 12:22:40] [INFO] Audit Purview - page 77 traitee, total lu : 19250, memoire PowerShell : 4871 Mo.
[25/08/2026 12:22:42] [INFO] Audit Purview - page 78 traitee, total lu : 19500, memoire PowerShell : 4876 Mo.
[25/08/2026 12:22:44] [INFO] Audit Purview - page 79 traitee, total lu : 19750, memoire PowerShell : 4874 Mo.
[25/08/2026 12:22:45] [INFO] Audit Purview - page 80 traitee, total lu : 20000, memoire PowerShell : 4871 Mo.
[25/08/2026 12:22:50] [INFO] Audit Purview - page 81 traitee, total lu : 20250, memoire PowerShell : 4871 Mo.
[25/08/2026 12:22:52] [INFO] Audit Purview - page 82 traitee, total lu : 20500, memoire PowerShell : 4871 Mo.
[25/08/2026 12:22:53] [INFO] Audit Purview - page 83 traitee, total lu : 20750, memoire PowerShell : 4871 Mo.
[25/08/2026 12:22:54] [INFO] Audit Purview - page 84 traitee, total lu : 21000, memoire PowerShell : 4876 Mo.
[25/08/2026 12:22:57] [INFO] Audit Purview - page 85 traitee, total lu : 21250, memoire PowerShell : 4875 Mo.
[25/08/2026 12:22:58] [INFO] Audit Purview - page 86 traitee, total lu : 21500, memoire PowerShell : 4875 Mo.
[25/08/2026 12:23:00] [INFO] Audit Purview - page 87 traitee, total lu : 21750, memoire PowerShell : 4872 Mo.
[25/08/2026 12:23:01] [INFO] Audit Purview - page 88 traitee, total lu : 22000, memoire PowerShell : 4876 Mo.
[25/08/2026 12:23:03] [INFO] Audit Purview - page 89 traitee, total lu : 22250, memoire PowerShell : 4875 Mo.
[25/08/2026 12:23:06] [INFO] Audit Purview - page 90 traitee, total lu : 22500, memoire PowerShell : 4871 Mo.
[25/08/2026 12:23:08] [INFO] Audit Purview - page 91 traitee, total lu : 22750, memoire PowerShell : 4875 Mo.
[25/08/2026 12:23:09] [INFO] Audit Purview - page 92 traitee, total lu : 23000, memoire PowerShell : 4872 Mo.
[25/08/2026 12:23:11] [INFO] Audit Purview - page 93 traitee, total lu : 23250, memoire PowerShell : 4872 Mo.
[25/08/2026 12:23:12] [INFO] Audit Purview - page 94 traitee, total lu : 23500, memoire PowerShell : 4871 Mo.
[25/08/2026 12:23:14] [INFO] Audit Purview - page 95 traitee, total lu : 23750, memoire PowerShell : 4875 Mo.
[25/08/2026 12:23:16] [INFO] Audit Purview - page 96 traitee, total lu : 24000, memoire PowerShell : 4871 Mo.
[25/08/2026 12:23:17] [INFO] Audit Purview - page 97 traitee, total lu : 24250, memoire PowerShell : 4875 Mo.
[25/08/2026 12:23:18] [INFO] Audit Purview - page 98 traitee, total lu : 24500, memoire PowerShell : 4872 Mo.
[25/08/2026 12:23:22] [INFO] Audit Purview - page 99 traitee, total lu : 24750, memoire PowerShell : 4877 Mo.
[25/08/2026 12:23:24] [INFO] Audit Purview - page 100 traitee, total lu : 25000, memoire PowerShell : 4875 Mo.
[25/08/2026 12:23:28] [INFO] Audit Purview - page 101 traitee, total lu : 25250, memoire PowerShell : 4876 Mo.
[25/08/2026 12:23:31] [INFO] Audit Purview - page 102 traitee, total lu : 25500, memoire PowerShell : 4876 Mo.
[25/08/2026 12:23:35] [INFO] Audit Purview - page 103 traitee, total lu : 25750, memoire PowerShell : 4881 Mo.
[25/08/2026 12:23:35] [INFO] Audit Purview - page 104 traitee, total lu : 26000, memoire PowerShell : 4879 Mo.
[25/08/2026 12:23:37] [INFO] Audit Purview - page 105 traitee, total lu : 26250, memoire PowerShell : 4876 Mo.
[25/08/2026 12:23:37] [INFO] Audit Purview - page 106 traitee, total lu : 26500, memoire PowerShell : 4879 Mo.
[25/08/2026 12:23:38] [INFO] Audit Purview - page 107 traitee, total lu : 26750, memoire PowerShell : 4876 Mo.
[25/08/2026 12:23:40] [INFO] Audit Purview - page 108 traitee, total lu : 27000, memoire PowerShell : 4881 Mo.
[25/08/2026 12:23:41] [INFO] Audit Purview - page 109 traitee, total lu : 27250, memoire PowerShell : 4881 Mo.
[25/08/2026 12:23:42] [INFO] Audit Purview - page 110 traitee, total lu : 27500, memoire PowerShell : 4876 Mo.
[25/08/2026 12:23:44] [INFO] Audit Purview - page 111 traitee, total lu : 27750, memoire PowerShell : 4881 Mo.
[25/08/2026 12:23:45] [INFO] Audit Purview - page 112 traitee, total lu : 28000, memoire PowerShell : 4876 Mo.
[25/08/2026 12:23:46] [INFO] Audit Purview - page 113 traitee, total lu : 28250, memoire PowerShell : 4881 Mo.
[25/08/2026 12:23:48] [INFO] Audit Purview - page 114 traitee, total lu : 28500, memoire PowerShell : 4879 Mo.
[25/08/2026 12:23:50] [INFO] Audit Purview - page 115 traitee, total lu : 28750, memoire PowerShell : 4876 Mo.
[25/08/2026 12:23:51] [INFO] Audit Purview - page 116 traitee, total lu : 29000, memoire PowerShell : 4881 Mo.
[25/08/2026 12:23:53] [INFO] Audit Purview - page 117 traitee, total lu : 29250, memoire PowerShell : 4876 Mo.
[25/08/2026 12:23:55] [INFO] Audit Purview - page 118 traitee, total lu : 29500, memoire PowerShell : 4881 Mo.
[25/08/2026 12:23:56] [INFO] Audit Purview - page 119 traitee, total lu : 29750, memoire PowerShell : 4876 Mo.
[25/08/2026 12:23:57] [INFO] Audit Purview - page 120 traitee, total lu : 30000, memoire PowerShell : 4881 Mo.
[25/08/2026 12:24:02] [INFO] Audit Purview - page 121 traitee, total lu : 30250, memoire PowerShell : 4885 Mo.
[25/08/2026 12:24:02] [INFO] Audit Purview - page 122 traitee, total lu : 30500, memoire PowerShell : 4885 Mo.
[25/08/2026 12:24:04] [INFO] Audit Purview - page 123 traitee, total lu : 30750, memoire PowerShell : 4882 Mo.
[25/08/2026 12:24:05] [INFO] Audit Purview - page 124 traitee, total lu : 31000, memoire PowerShell : 4885 Mo.
[25/08/2026 12:24:06] [INFO] Audit Purview - page 125 traitee, total lu : 31250, memoire PowerShell : 4882 Mo.
[25/08/2026 12:24:07] [INFO] Audit Purview - page 126 traitee, total lu : 31500, memoire PowerShell : 4887 Mo.
[25/08/2026 12:24:08] [INFO] Audit Purview - page 127 traitee, total lu : 31750, memoire PowerShell : 4885 Mo.
[25/08/2026 12:24:10] [INFO] Audit Purview - page 128 traitee, total lu : 32000, memoire PowerShell : 4882 Mo.
[25/08/2026 12:24:12] [INFO] Audit Purview - page 129 traitee, total lu : 32250, memoire PowerShell : 4885 Mo.
[25/08/2026 12:24:14] [INFO] Audit Purview - page 130 traitee, total lu : 32500, memoire PowerShell : 4885 Mo.
[25/08/2026 12:24:18] [INFO] Audit Purview - page 131 traitee, total lu : 32750, memoire PowerShell : 4885 Mo.
[25/08/2026 12:24:19] [INFO] Audit Purview - page 132 traitee, total lu : 33000, memoire PowerShell : 4882 Mo.
[25/08/2026 12:24:20] [INFO] Audit Purview - page 133 traitee, total lu : 33250, memoire PowerShell : 4887 Mo.
[25/08/2026 12:24:20] [INFO] Audit Purview - page 134 traitee, total lu : 33500, memoire PowerShell : 4885 Mo.
[25/08/2026 12:24:22] [INFO] Audit Purview - page 135 traitee, total lu : 33750, memoire PowerShell : 4882 Mo.
[25/08/2026 12:24:23] [INFO] Audit Purview - page 136 traitee, total lu : 34000, memoire PowerShell : 4887 Mo.
[25/08/2026 12:24:24] [INFO] Audit Purview - page 137 traitee, total lu : 34250, memoire PowerShell : 4885 Mo.
[25/08/2026 12:24:25] [INFO] Audit Purview - page 138 traitee, total lu : 34500, memoire PowerShell : 4882 Mo.
[25/08/2026 12:24:26] [INFO] Audit Purview - page 139 traitee, total lu : 34750, memoire PowerShell : 4887 Mo.
[25/08/2026 12:24:27] [INFO] Audit Purview - page 140 traitee, total lu : 35000, memoire PowerShell : 4883 Mo.
[25/08/2026 12:24:31] [INFO] Audit Purview - page 141 traitee, total lu : 35250, memoire PowerShell : 4883 Mo.
[25/08/2026 12:24:32] [INFO] Audit Purview - page 142 traitee, total lu : 35500, memoire PowerShell : 4889 Mo.
[25/08/2026 12:24:33] [INFO] Audit Purview - page 143 traitee, total lu : 35750, memoire PowerShell : 4883 Mo.
[25/08/2026 12:24:34] [INFO] Audit Purview - page 144 traitee, total lu : 36000, memoire PowerShell : 4886 Mo.
[25/08/2026 12:24:35] [INFO] Audit Purview - page 145 traitee, total lu : 36250, memoire PowerShell : 4884 Mo.
[25/08/2026 12:24:36] [INFO] Audit Purview - page 146 traitee, total lu : 36500, memoire PowerShell : 4888 Mo.
[25/08/2026 12:24:40] [INFO] Audit Purview - page 147 traitee, total lu : 36750, memoire PowerShell : 4886 Mo.
[25/08/2026 12:24:41] [INFO] Audit Purview - page 148 traitee, total lu : 37000, memoire PowerShell : 4886 Mo.
[25/08/2026 12:24:42] [INFO] Audit Purview - page 149 traitee, total lu : 37250, memoire PowerShell : 4883 Mo.
[25/08/2026 12:24:43] [INFO] Audit Purview - page 150 traitee, total lu : 37500, memoire PowerShell : 4883 Mo.
[25/08/2026 12:24:46] [INFO] Audit Purview - page 151 traitee, total lu : 37750, memoire PowerShell : 4889 Mo.
[25/08/2026 12:24:47] [INFO] Audit Purview - page 152 traitee, total lu : 38000, memoire PowerShell : 4886 Mo.
[25/08/2026 12:24:50] [INFO] Audit Purview - page 153 traitee, total lu : 38250, memoire PowerShell : 4883 Mo.
[25/08/2026 12:24:52] [INFO] Audit Purview - page 154 traitee, total lu : 38500, memoire PowerShell : 4889 Mo.
[25/08/2026 12:24:53] [INFO] Audit Purview - page 155 traitee, total lu : 38750, memoire PowerShell : 4883 Mo.
[25/08/2026 12:24:54] [INFO] Audit Purview - page 156 traitee, total lu : 39000, memoire PowerShell : 4888 Mo.
[25/08/2026 12:24:59] [INFO] Audit Purview - page 157 traitee, total lu : 39250, memoire PowerShell : 4886 Mo.
[25/08/2026 12:25:01] [INFO] Audit Purview - page 158 traitee, total lu : 39500, memoire PowerShell : 4884 Mo.
[25/08/2026 12:25:02] [INFO] Audit Purview - page 159 traitee, total lu : 39750, memoire PowerShell : 4884 Mo.
[25/08/2026 12:25:03] [INFO] Audit Purview - page 160 traitee, total lu : 40000, memoire PowerShell : 4889 Mo.
[25/08/2026 12:25:08] [INFO] Audit Purview - page 161 traitee, total lu : 40250, memoire PowerShell : 4893 Mo.
[25/08/2026 12:25:11] [INFO] Audit Purview - page 162 traitee, total lu : 40500, memoire PowerShell : 4889 Mo.
[25/08/2026 12:25:14] [INFO] Audit Purview - page 163 traitee, total lu : 40750, memoire PowerShell : 4889 Mo.
[25/08/2026 12:25:15] [INFO] Audit Purview - page 164 traitee, total lu : 41000, memoire PowerShell : 4890 Mo.
[25/08/2026 12:25:16] [INFO] Audit Purview - page 165 traitee, total lu : 41250, memoire PowerShell : 4894 Mo.
[25/08/2026 12:25:18] [INFO] Audit Purview - page 166 traitee, total lu : 41500, memoire PowerShell : 4893 Mo.
[25/08/2026 12:25:19] [INFO] Audit Purview - page 167 traitee, total lu : 41750, memoire PowerShell : 4889 Mo.
[25/08/2026 12:25:22] [INFO] Audit Purview - page 168 traitee, total lu : 42000, memoire PowerShell : 4890 Mo.
[25/08/2026 12:25:23] [INFO] Audit Purview - page 169 traitee, total lu : 42250, memoire PowerShell : 4894 Mo.
[25/08/2026 12:25:24] [INFO] Audit Purview - page 170 traitee, total lu : 42500, memoire PowerShell : 4893 Mo.
[25/08/2026 12:25:28] [INFO] Audit Purview - page 171 traitee, total lu : 42750, memoire PowerShell : 4893 Mo.
[25/08/2026 12:25:33] [INFO] Audit Purview - page 172 traitee, total lu : 43000, memoire PowerShell : 4895 Mo.
[25/08/2026 12:25:35] [INFO] Audit Purview - page 173 traitee, total lu : 43250, memoire PowerShell : 4890 Mo.
[25/08/2026 12:25:38] [INFO] Audit Purview - page 174 traitee, total lu : 43500, memoire PowerShell : 4889 Mo.
[25/08/2026 12:25:39] [INFO] Audit Purview - page 175 traitee, total lu : 43750, memoire PowerShell : 4894 Mo.
[25/08/2026 12:25:42] [INFO] Audit Purview - page 176 traitee, total lu : 44000, memoire PowerShell : 4893 Mo.
[25/08/2026 12:25:45] [INFO] Audit Purview - page 177 traitee, total lu : 44250, memoire PowerShell : 4890 Mo.
[25/08/2026 12:25:46] [INFO] Audit Purview - page 178 traitee, total lu : 44500, memoire PowerShell : 4895 Mo.
[25/08/2026 12:25:48] [INFO] Audit Purview - page 179 traitee, total lu : 44750, memoire PowerShell : 4893 Mo.
[25/08/2026 12:25:49] [INFO] Audit Purview - page 180 traitee, total lu : 45000, memoire PowerShell : 4890 Mo.
[25/08/2026 12:25:54] [INFO] Audit Purview - page 181 traitee, total lu : 45250, memoire PowerShell : 4890 Mo.
[25/08/2026 12:25:56] [INFO] Audit Purview - page 182 traitee, total lu : 45500, memoire PowerShell : 4890 Mo.
[25/08/2026 12:25:57] [INFO] Audit Purview - page 183 traitee, total lu : 45750, memoire PowerShell : 4893 Mo.
[25/08/2026 12:25:59] [INFO] Audit Purview - page 184 traitee, total lu : 46000, memoire PowerShell : 4890 Mo.
[25/08/2026 12:26:01] [INFO] Audit Purview - page 185 traitee, total lu : 46250, memoire PowerShell : 4893 Mo.
[25/08/2026 12:26:02] [INFO] Audit Purview - page 186 traitee, total lu : 46500, memoire PowerShell : 4890 Mo.
[25/08/2026 12:26:05] [INFO] Audit Purview - page 187 traitee, total lu : 46750, memoire PowerShell : 4895 Mo.
[25/08/2026 12:26:07] [INFO] Audit Purview - page 188 traitee, total lu : 47000, memoire PowerShell : 4893 Mo.
[25/08/2026 12:26:08] [INFO] Audit Purview - page 189 traitee, total lu : 47250, memoire PowerShell : 4890 Mo.
[25/08/2026 12:26:09] [INFO] Audit Purview - page 190 traitee, total lu : 47500, memoire PowerShell : 4890 Mo.
[25/08/2026 12:26:11] [INFO] Audit Purview - page 191 traitee, total lu : 47750, memoire PowerShell : 4895 Mo.
[25/08/2026 12:26:12] [INFO] Audit Purview - page 192 traitee, total lu : 48000, memoire PowerShell : 4893 Mo.
[25/08/2026 12:26:12] [INFO] Audit Purview - page 193 traitee, total lu : 48250, memoire PowerShell : 4893 Mo.
[25/08/2026 12:26:15] [INFO] Audit Purview - page 194 traitee, total lu : 48500, memoire PowerShell : 4890 Mo.
[25/08/2026 12:26:16] [INFO] Audit Purview - page 195 traitee, total lu : 48750, memoire PowerShell : 4896 Mo.
[25/08/2026 12:26:18] [INFO] Audit Purview - page 196 traitee, total lu : 49000, memoire PowerShell : 4893 Mo.
[25/08/2026 12:26:20] [INFO] Audit Purview - page 197 traitee, total lu : 49250, memoire PowerShell : 4890 Mo.
[25/08/2026 12:26:21] [INFO] Audit Purview - page 198 traitee, total lu : 49500, memoire PowerShell : 4890 Mo.
[25/08/2026 12:26:22] [INFO] Audit Purview - page 199 traitee, total lu : 49750, memoire PowerShell : 4895 Mo.
[25/08/2026 12:26:23] [INFO] Audit Purview - page 200 traitee, total lu : 50000, memoire PowerShell : 4893 Mo.
[25/08/2026 12:26:27] [INFO] Audit Purview - page 201 traitee, total lu : 50250, memoire PowerShell : 4894 Mo.
[25/08/2026 12:26:30] [INFO] Audit Purview - page 202 traitee, total lu : 50500, memoire PowerShell : 4894 Mo.
[25/08/2026 12:26:31] [INFO] Audit Purview - page 203 traitee, total lu : 50750, memoire PowerShell : 4899 Mo.
[25/08/2026 12:26:35] [INFO] Audit Purview - page 204 traitee, total lu : 51000, memoire PowerShell : 4897 Mo.
[25/08/2026 12:26:36] [INFO] Audit Purview - page 205 traitee, total lu : 51250, memoire PowerShell : 4897 Mo.
[25/08/2026 12:26:39] [INFO] Audit Purview - page 206 traitee, total lu : 51500, memoire PowerShell : 4895 Mo.
[25/08/2026 12:26:40] [INFO] Audit Purview - page 207 traitee, total lu : 51750, memoire PowerShell : 4897 Mo.
[25/08/2026 12:26:41] [INFO] Audit Purview - page 208 traitee, total lu : 52000, memoire PowerShell : 4894 Mo.
[25/08/2026 12:26:42] [INFO] Audit Purview - page 209 traitee, total lu : 52250, memoire PowerShell : 4899 Mo.
[25/08/2026 12:26:44] [INFO] Audit Purview - page 210 traitee, total lu : 52500, memoire PowerShell : 4894 Mo.
[25/08/2026 12:26:46] [INFO] Audit Purview - page 211 traitee, total lu : 52750, memoire PowerShell : 4899 Mo.
[25/08/2026 12:26:48] [INFO] Audit Purview - page 212 traitee, total lu : 53000, memoire PowerShell : 4897 Mo.
[25/08/2026 12:26:49] [INFO] Audit Purview - page 213 traitee, total lu : 53250, memoire PowerShell : 4899 Mo.
[25/08/2026 12:26:50] [INFO] Audit Purview - page 214 traitee, total lu : 53500, memoire PowerShell : 4897 Mo.
[25/08/2026 12:26:51] [INFO] Audit Purview - page 215 traitee, total lu : 53750, memoire PowerShell : 4894 Mo.
[25/08/2026 12:26:52] [INFO] Audit Purview - page 216 traitee, total lu : 54000, memoire PowerShell : 4900 Mo.
[25/08/2026 12:26:53] [INFO] Audit Purview - page 217 traitee, total lu : 54250, memoire PowerShell : 4894 Mo.
[25/08/2026 12:26:54] [INFO] Audit Purview - page 218 traitee, total lu : 54500, memoire PowerShell : 4897 Mo.
[25/08/2026 12:26:55] [INFO] Audit Purview - page 219 traitee, total lu : 54750, memoire PowerShell : 4894 Mo.
[25/08/2026 12:26:58] [INFO] Audit Purview - page 220 traitee, total lu : 55000, memoire PowerShell : 4900 Mo.
[25/08/2026 12:27:03] [INFO] Audit Purview - page 221 traitee, total lu : 55250, memoire PowerShell : 4903 Mo.
[25/08/2026 12:27:04] [INFO] Audit Purview - page 222 traitee, total lu : 55500, memoire PowerShell : 4903 Mo.
[25/08/2026 12:27:06] [INFO] Audit Purview - page 223 traitee, total lu : 55750, memoire PowerShell : 4900 Mo.
[25/08/2026 12:27:09] [INFO] Audit Purview - page 224 traitee, total lu : 56000, memoire PowerShell : 4901 Mo.
[25/08/2026 12:27:12] [INFO] Audit Purview - page 225 traitee, total lu : 56250, memoire PowerShell : 4905 Mo.
[25/08/2026 12:27:14] [INFO] Audit Purview - page 226 traitee, total lu : 56500, memoire PowerShell : 4904 Mo.
[25/08/2026 12:27:14] [INFO] Audit Purview - page 227 traitee, total lu : 56750, memoire PowerShell : 4904 Mo.
[25/08/2026 12:27:17] [INFO] Audit Purview - page 228 traitee, total lu : 57000, memoire PowerShell : 4903 Mo.
[25/08/2026 12:27:18] [INFO] Audit Purview - page 229 traitee, total lu : 57250, memoire PowerShell : 4901 Mo.
[25/08/2026 12:27:19] [INFO] Audit Purview - page 230 traitee, total lu : 57500, memoire PowerShell : 4906 Mo.
[25/08/2026 12:27:20] [INFO] Audit Purview - page 231 traitee, total lu : 57750, memoire PowerShell : 4904 Mo.
[25/08/2026 12:27:22] [INFO] Audit Purview - page 232 traitee, total lu : 58000, memoire PowerShell : 4901 Mo.
[25/08/2026 12:27:23] [INFO] Audit Purview - page 233 traitee, total lu : 58250, memoire PowerShell : 4905 Mo.
[25/08/2026 12:27:25] [INFO] Audit Purview - page 234 traitee, total lu : 58500, memoire PowerShell : 4903 Mo.
[25/08/2026 12:27:27] [INFO] Audit Purview - page 235 traitee, total lu : 58750, memoire PowerShell : 4900 Mo.
[25/08/2026 12:27:30] [INFO] Audit Purview - page 236 traitee, total lu : 59000, memoire PowerShell : 4905 Mo.
[25/08/2026 12:27:31] [INFO] Audit Purview - page 237 traitee, total lu : 59250, memoire PowerShell : 4903 Mo.
[25/08/2026 12:27:33] [INFO] Audit Purview - page 238 traitee, total lu : 59500, memoire PowerShell : 4901 Mo.
[25/08/2026 12:27:34] [INFO] Audit Purview - page 239 traitee, total lu : 59750, memoire PowerShell : 4904 Mo.
[25/08/2026 12:27:35] [INFO] Audit Purview - page 240 traitee, total lu : 60000, memoire PowerShell : 4901 Mo.
[25/08/2026 12:27:39] [INFO] Audit Purview - page 241 traitee, total lu : 60250, memoire PowerShell : 4901 Mo.
[25/08/2026 12:27:40] [INFO] Audit Purview - page 242 traitee, total lu : 60500, memoire PowerShell : 4901 Mo.
[25/08/2026 12:27:41] [INFO] Audit Purview - page 243 traitee, total lu : 60750, memoire PowerShell : 4901 Mo.
[25/08/2026 12:27:43] [INFO] Audit Purview - page 244 traitee, total lu : 61000, memoire PowerShell : 4906 Mo.
[25/08/2026 12:27:44] [INFO] Audit Purview - page 245 traitee, total lu : 61250, memoire PowerShell : 4904 Mo.
[25/08/2026 12:27:45] [INFO] Audit Purview - page 246 traitee, total lu : 61500, memoire PowerShell : 4901 Mo.
[25/08/2026 12:27:48] [INFO] Audit Purview - page 247 traitee, total lu : 61750, memoire PowerShell : 4906 Mo.
[25/08/2026 12:27:49] [INFO] Audit Purview - page 248 traitee, total lu : 62000, memoire PowerShell : 4901 Mo.
[25/08/2026 12:27:50] [INFO] Audit Purview - page 249 traitee, total lu : 62250, memoire PowerShell : 4901 Mo.
[25/08/2026 12:27:52] [INFO] Audit Purview - page 250 traitee, total lu : 62500, memoire PowerShell : 4906 Mo.
[25/08/2026 12:27:53] [INFO] Audit Purview - page 251 traitee, total lu : 62750, memoire PowerShell : 4904 Mo.
[25/08/2026 12:27:56] [INFO] Audit Purview - page 252 traitee, total lu : 63000, memoire PowerShell : 4901 Mo.
[25/08/2026 12:27:58] [INFO] Audit Purview - page 253 traitee, total lu : 63250, memoire PowerShell : 4906 Mo.
[25/08/2026 12:28:00] [INFO] Audit Purview - page 254 traitee, total lu : 63500, memoire PowerShell : 4904 Mo.
[25/08/2026 12:28:01] [INFO] Audit Purview - page 255 traitee, total lu : 63750, memoire PowerShell : 4904 Mo.
[25/08/2026 12:28:02] [INFO] Audit Purview - page 256 traitee, total lu : 64000, memoire PowerShell : 4901 Mo.
[25/08/2026 12:28:03] [INFO] Audit Purview - page 257 traitee, total lu : 64250, memoire PowerShell : 4901 Mo.
[25/08/2026 12:28:05] [INFO] Audit Purview - page 258 traitee, total lu : 64500, memoire PowerShell : 4907 Mo.
[25/08/2026 12:28:06] [INFO] Audit Purview - page 259 traitee, total lu : 64750, memoire PowerShell : 4901 Mo.
[25/08/2026 12:28:07] [INFO] Audit Purview - page 260 traitee, total lu : 65000, memoire PowerShell : 4904 Mo.
[25/08/2026 12:28:13] [INFO] Audit Purview - page 261 traitee, total lu : 65250, memoire PowerShell : 4905 Mo.
[25/08/2026 12:28:14] [INFO] Audit Purview - page 262 traitee, total lu : 65500, memoire PowerShell : 4905 Mo.
[25/08/2026 12:28:15] [INFO] Audit Purview - page 263 traitee, total lu : 65750, memoire PowerShell : 4911 Mo.
[25/08/2026 12:28:16] [INFO] Audit Purview - page 264 traitee, total lu : 66000, memoire PowerShell : 4905 Mo.
[25/08/2026 12:28:17] [INFO] Audit Purview - page 265 traitee, total lu : 66250, memoire PowerShell : 4908 Mo.
[25/08/2026 12:28:20] [INFO] Audit Purview - page 266 traitee, total lu : 66500, memoire PowerShell : 4905 Mo.
[25/08/2026 12:28:21] [INFO] Audit Purview - page 267 traitee, total lu : 66750, memoire PowerShell : 4910 Mo.
[25/08/2026 12:28:22] [INFO] Audit Purview - page 268 traitee, total lu : 67000, memoire PowerShell : 4905 Mo.
[25/08/2026 12:28:24] [INFO] Audit Purview - page 269 traitee, total lu : 67250, memoire PowerShell : 4911 Mo.
[25/08/2026 12:28:25] [INFO] Audit Purview - page 270 traitee, total lu : 67500, memoire PowerShell : 4910 Mo.
[25/08/2026 12:28:26] [INFO] Audit Purview - page 271 traitee, total lu : 67750, memoire PowerShell : 4908 Mo.
[25/08/2026 12:28:27] [INFO] Audit Purview - page 272 traitee, total lu : 68000, memoire PowerShell : 4906 Mo.
[25/08/2026 12:28:31] [INFO] Audit Purview - page 273 traitee, total lu : 68250, memoire PowerShell : 4905 Mo.
[25/08/2026 12:28:32] [INFO] Audit Purview - page 274 traitee, total lu : 68500, memoire PowerShell : 4910 Mo.
[25/08/2026 12:28:34] [INFO] Audit Purview - page 275 traitee, total lu : 68750, memoire PowerShell : 4909 Mo.
[25/08/2026 12:28:35] [INFO] Audit Purview - page 276 traitee, total lu : 69000, memoire PowerShell : 4905 Mo.
[25/08/2026 12:28:37] [INFO] Audit Purview - page 277 traitee, total lu : 69250, memoire PowerShell : 4910 Mo.
[25/08/2026 12:28:40] [INFO] Audit Purview - page 278 traitee, total lu : 69500, memoire PowerShell : 4909 Mo.
[25/08/2026 12:28:42] [INFO] Audit Purview - page 279 traitee, total lu : 69750, memoire PowerShell : 4909 Mo.
[25/08/2026 12:28:44] [INFO] Audit Purview - page 280 traitee, total lu : 70000, memoire PowerShell : 4905 Mo.
[25/08/2026 12:28:48] [INFO] Audit Purview - page 281 traitee, total lu : 70250, memoire PowerShell : 4906 Mo.
[25/08/2026 12:28:49] [INFO] Audit Purview - page 282 traitee, total lu : 70500, memoire PowerShell : 4906 Mo.
[25/08/2026 12:28:50] [INFO] Audit Purview - page 283 traitee, total lu : 70750, memoire PowerShell : 4906 Mo.
[25/08/2026 12:28:53] [INFO] Audit Purview - page 284 traitee, total lu : 71000, memoire PowerShell : 4909 Mo.
[25/08/2026 12:28:54] [INFO] Audit Purview - page 285 traitee, total lu : 71250, memoire PowerShell : 4906 Mo.
[25/08/2026 12:28:55] [INFO] Audit Purview - page 286 traitee, total lu : 71500, memoire PowerShell : 4906 Mo.
[25/08/2026 12:28:56] [INFO] Audit Purview - page 287 traitee, total lu : 71750, memoire PowerShell : 4911 Mo.
[25/08/2026 12:28:57] [INFO] Audit Purview - page 288 traitee, total lu : 72000, memoire PowerShell : 4906 Mo.
[25/08/2026 12:28:58] [INFO] Audit Purview - page 289 traitee, total lu : 72250, memoire PowerShell : 4911 Mo.
[25/08/2026 12:28:59] [INFO] Audit Purview - page 290 traitee, total lu : 72500, memoire PowerShell : 4906 Mo.
[25/08/2026 12:29:01] [INFO] Audit Purview - page 291 traitee, total lu : 72750, memoire PowerShell : 4911 Mo.
[25/08/2026 12:29:01] [INFO] Audit Purview - page 292 traitee, total lu : 73000, memoire PowerShell : 4906 Mo.
[25/08/2026 12:29:06] [INFO] Audit Purview - page 293 traitee, total lu : 73250, memoire PowerShell : 4911 Mo.
[25/08/2026 12:29:09] [INFO] Audit Purview - page 294 traitee, total lu : 73500, memoire PowerShell : 4906 Mo.
[25/08/2026 12:29:12] [INFO] Audit Purview - page 295 traitee, total lu : 73750, memoire PowerShell : 4906 Mo.
[25/08/2026 12:29:16] [INFO] Audit Purview - page 296 traitee, total lu : 74000, memoire PowerShell : 4911 Mo.
[25/08/2026 12:29:17] [INFO] Audit Purview - page 297 traitee, total lu : 74250, memoire PowerShell : 4906 Mo.
[25/08/2026 12:29:21] [INFO] Audit Purview - page 298 traitee, total lu : 74500, memoire PowerShell : 4906 Mo.
[25/08/2026 12:29:22] [INFO] Audit Purview - page 299 traitee, total lu : 74750, memoire PowerShell : 4906 Mo.
[25/08/2026 12:29:24] [INFO] Audit Purview - page 300 traitee, total lu : 75000, memoire PowerShell : 4906 Mo.
[25/08/2026 12:29:29] [INFO] Audit Purview - page 301 traitee, total lu : 75250, memoire PowerShell : 4906 Mo.
[25/08/2026 12:29:32] [INFO] Audit Purview - page 302 traitee, total lu : 75500, memoire PowerShell : 4906 Mo.
[25/08/2026 12:29:33] [INFO] Audit Purview - page 303 traitee, total lu : 75750, memoire PowerShell : 4907 Mo.
[25/08/2026 12:29:34] [INFO] Audit Purview - page 304 traitee, total lu : 76000, memoire PowerShell : 4912 Mo.
[25/08/2026 12:29:36] [INFO] Audit Purview - page 305 traitee, total lu : 76250, memoire PowerShell : 4910 Mo.
[25/08/2026 12:29:39] [INFO] Audit Purview - page 306 traitee, total lu : 76500, memoire PowerShell : 4907 Mo.
[25/08/2026 12:29:40] [INFO] Audit Purview - page 307 traitee, total lu : 76750, memoire PowerShell : 4912 Mo.
[25/08/2026 12:29:41] [INFO] Audit Purview - page 308 traitee, total lu : 77000, memoire PowerShell : 4910 Mo.
[25/08/2026 12:29:42] [INFO] Audit Purview - page 309 traitee, total lu : 77250, memoire PowerShell : 4907 Mo.
[25/08/2026 12:29:44] [INFO] Audit Purview - page 310 traitee, total lu : 77500, memoire PowerShell : 4907 Mo.
[25/08/2026 12:29:45] [INFO] Audit Purview - page 311 traitee, total lu : 77750, memoire PowerShell : 4907 Mo.
[25/08/2026 12:29:46] [INFO] Audit Purview - page 312 traitee, total lu : 78000, memoire PowerShell : 4907 Mo.
[25/08/2026 12:29:47] [INFO] Audit Purview - page 313 traitee, total lu : 78250, memoire PowerShell : 4907 Mo.
[25/08/2026 12:29:49] [INFO] Audit Purview - page 314 traitee, total lu : 78500, memoire PowerShell : 4912 Mo.
[25/08/2026 12:29:50] [INFO] Audit Purview - page 315 traitee, total lu : 78750, memoire PowerShell : 4910 Mo.
[25/08/2026 12:29:51] [INFO] Audit Purview - page 316 traitee, total lu : 79000, memoire PowerShell : 4907 Mo.
[25/08/2026 12:29:55] [INFO] Audit Purview - page 317 traitee, total lu : 79250, memoire PowerShell : 4912 Mo.
[25/08/2026 12:29:57] [INFO] Audit Purview - page 318 traitee, total lu : 79500, memoire PowerShell : 4907 Mo.
[25/08/2026 12:29:59] [INFO] Audit Purview - page 319 traitee, total lu : 79750, memoire PowerShell : 4912 Mo.
[25/08/2026 12:30:00] [INFO] Audit Purview - page 320 traitee, total lu : 80000, memoire PowerShell : 4907 Mo.
[25/08/2026 12:30:04] [INFO] Audit Purview - page 321 traitee, total lu : 80250, memoire PowerShell : 4907 Mo.
[25/08/2026 12:30:13] [INFO] Audit Purview - page 322 traitee, total lu : 80500, memoire PowerShell : 4907 Mo.
[25/08/2026 12:30:15] [INFO] Audit Purview - page 323 traitee, total lu : 80750, memoire PowerShell : 4907 Mo.
[25/08/2026 12:30:17] [INFO] Audit Purview - page 324 traitee, total lu : 81000, memoire PowerShell : 4908 Mo.
[25/08/2026 12:30:23] [INFO] Audit Purview - page 325 traitee, total lu : 81250, memoire PowerShell : 4913 Mo.
[25/08/2026 12:30:28] [INFO] Audit Purview - page 326 traitee, total lu : 81500, memoire PowerShell : 4910 Mo.
[25/08/2026 12:30:30] [INFO] Audit Purview - page 327 traitee, total lu : 81750, memoire PowerShell : 4907 Mo.
[25/08/2026 12:30:31] [INFO] Audit Purview - page 328 traitee, total lu : 82000, memoire PowerShell : 4907 Mo.
[25/08/2026 12:30:33] [INFO] Audit Purview - page 329 traitee, total lu : 82250, memoire PowerShell : 4908 Mo.
[25/08/2026 12:30:37] [INFO] Audit Purview - page 330 traitee, total lu : 82500, memoire PowerShell : 4913 Mo.
[25/08/2026 12:30:38] [INFO] Audit Purview - page 331 traitee, total lu : 82750, memoire PowerShell : 4907 Mo.
[25/08/2026 12:30:40] [INFO] Audit Purview - page 332 traitee, total lu : 83000, memoire PowerShell : 4907 Mo.
[25/08/2026 12:30:41] [INFO] Audit Purview - page 333 traitee, total lu : 83250, memoire PowerShell : 4913 Mo.
[25/08/2026 12:30:43] [INFO] Audit Purview - page 334 traitee, total lu : 83500, memoire PowerShell : 4907 Mo.
[25/08/2026 12:30:46] [INFO] Audit Purview - page 335 traitee, total lu : 83750, memoire PowerShell : 4908 Mo.
[25/08/2026 12:30:47] [INFO] Audit Purview - page 336 traitee, total lu : 84000, memoire PowerShell : 4913 Mo.
[25/08/2026 12:30:50] [INFO] Audit Purview - page 337 traitee, total lu : 84250, memoire PowerShell : 4907 Mo.
[25/08/2026 12:30:53] [INFO] Audit Purview - page 338 traitee, total lu : 84500, memoire PowerShell : 4911 Mo.
[25/08/2026 12:30:55] [INFO] Audit Purview - page 339 traitee, total lu : 84750, memoire PowerShell : 4908 Mo.
[25/08/2026 12:30:57] [INFO] Audit Purview - page 340 traitee, total lu : 85000, memoire PowerShell : 4913 Mo.
[25/08/2026 12:31:02] [INFO] Audit Purview - page 341 traitee, total lu : 85250, memoire PowerShell : 4917 Mo.
[25/08/2026 12:31:03] [INFO] Audit Purview - page 342 traitee, total lu : 85500, memoire PowerShell : 4914 Mo.
[25/08/2026 12:31:05] [INFO] Audit Purview - page 343 traitee, total lu : 85750, memoire PowerShell : 4917 Mo.
[25/08/2026 12:31:07] [INFO] Audit Purview - page 344 traitee, total lu : 86000, memoire PowerShell : 4917 Mo.
[25/08/2026 12:31:08] [INFO] Audit Purview - page 345 traitee, total lu : 86250, memoire PowerShell : 4914 Mo.
[25/08/2026 12:31:10] [INFO] Audit Purview - page 346 traitee, total lu : 86500, memoire PowerShell : 4917 Mo.
[25/08/2026 12:31:12] [INFO] Audit Purview - page 347 traitee, total lu : 86750, memoire PowerShell : 4914 Mo.
[25/08/2026 12:31:13] [INFO] Audit Purview - page 348 traitee, total lu : 87000, memoire PowerShell : 4917 Mo.
[25/08/2026 12:31:14] [INFO] Audit Purview - page 349 traitee, total lu : 87250, memoire PowerShell : 4914 Mo.
[25/08/2026 12:31:16] [INFO] Audit Purview - page 350 traitee, total lu : 87500, memoire PowerShell : 4917 Mo.
[25/08/2026 12:31:17] [INFO] Audit Purview - page 351 traitee, total lu : 87750, memoire PowerShell : 4914 Mo.
[25/08/2026 12:31:19] [INFO] Audit Purview - page 352 traitee, total lu : 88000, memoire PowerShell : 4919 Mo.
[25/08/2026 12:31:21] [INFO] Audit Purview - page 353 traitee, total lu : 88250, memoire PowerShell : 4914 Mo.
[25/08/2026 12:31:22] [INFO] Audit Purview - page 354 traitee, total lu : 88500, memoire PowerShell : 4917 Mo.
[25/08/2026 12:31:29] [INFO] Audit Purview - page 355 traitee, total lu : 88750, memoire PowerShell : 4914 Mo.
[25/08/2026 12:31:30] [INFO] Audit Purview - page 356 traitee, total lu : 89000, memoire PowerShell : 4914 Mo.
[25/08/2026 12:31:32] [INFO] Audit Purview - page 357 traitee, total lu : 89250, memoire PowerShell : 4914 Mo.
[25/08/2026 12:31:34] [INFO] Audit Purview - page 358 traitee, total lu : 89500, memoire PowerShell : 4914 Mo.
[25/08/2026 12:31:35] [INFO] Audit Purview - page 359 traitee, total lu : 89750, memoire PowerShell : 4919 Mo.
[25/08/2026 12:31:37] [INFO] Audit Purview - page 360 traitee, total lu : 90000, memoire PowerShell : 4917 Mo.
[25/08/2026 12:31:40] [INFO] Audit Purview - page 361 traitee, total lu : 90250, memoire PowerShell : 4918 Mo.
[25/08/2026 12:31:44] [INFO] Audit Purview - page 362 traitee, total lu : 90500, memoire PowerShell : 4921 Mo.
[25/08/2026 12:31:45] [INFO] Audit Purview - page 363 traitee, total lu : 90750, memoire PowerShell : 4918 Mo.
[25/08/2026 12:31:46] [INFO] Audit Purview - page 364 traitee, total lu : 91000, memoire PowerShell : 4918 Mo.
[25/08/2026 12:31:47] [INFO] Audit Purview - page 365 traitee, total lu : 91250, memoire PowerShell : 4923 Mo.
[25/08/2026 12:31:49] [INFO] Audit Purview - page 366 traitee, total lu : 91500, memoire PowerShell : 4921 Mo.
[25/08/2026 12:31:51] [INFO] Audit Purview - page 367 traitee, total lu : 91750, memoire PowerShell : 4918 Mo.
[25/08/2026 12:31:52] [INFO] Audit Purview - page 368 traitee, total lu : 92000, memoire PowerShell : 4918 Mo.
[25/08/2026 12:31:54] [INFO] Audit Purview - page 369 traitee, total lu : 92250, memoire PowerShell : 4924 Mo.
[25/08/2026 12:31:56] [INFO] Audit Purview - page 370 traitee, total lu : 92500, memoire PowerShell : 4918 Mo.
[25/08/2026 12:31:57] [INFO] Audit Purview - page 371 traitee, total lu : 92750, memoire PowerShell : 4921 Mo.
[25/08/2026 12:31:58] [INFO] Audit Purview - page 372 traitee, total lu : 93000, memoire PowerShell : 4918 Mo.
[25/08/2026 12:31:59] [INFO] Audit Purview - page 373 traitee, total lu : 93250, memoire PowerShell : 4923 Mo.
[25/08/2026 12:32:02] [INFO] Audit Purview - page 374 traitee, total lu : 93500, memoire PowerShell : 4921 Mo.
[25/08/2026 12:32:05] [INFO] Audit Purview - page 375 traitee, total lu : 93750, memoire PowerShell : 4918 Mo.
[25/08/2026 12:32:05] [INFO] Audit Purview - page 376 traitee, total lu : 94000, memoire PowerShell : 4923 Mo.
[25/08/2026 12:32:08] [INFO] Audit Purview - page 377 traitee, total lu : 94250, memoire PowerShell : 4921 Mo.
[25/08/2026 12:32:09] [INFO] Audit Purview - page 378 traitee, total lu : 94500, memoire PowerShell : 4922 Mo.
[25/08/2026 12:32:11] [INFO] Audit Purview - page 379 traitee, total lu : 94750, memoire PowerShell : 4918 Mo.
[25/08/2026 12:32:12] [INFO] Audit Purview - page 380 traitee, total lu : 95000, memoire PowerShell : 4924 Mo.
[25/08/2026 12:32:17] [INFO] Audit Purview - page 381 traitee, total lu : 95250, memoire PowerShell : 4928 Mo.
[25/08/2026 12:32:19] [INFO] Audit Purview - page 382 traitee, total lu : 95500, memoire PowerShell : 4928 Mo.
[25/08/2026 12:32:20] [INFO] Audit Purview - page 383 traitee, total lu : 95750, memoire PowerShell : 4930 Mo.
[25/08/2026 12:32:24] [INFO] Audit Purview - page 384 traitee, total lu : 96000, memoire PowerShell : 4925 Mo.
[25/08/2026 12:32:25] [INFO] Audit Purview - page 385 traitee, total lu : 96250, memoire PowerShell : 4930 Mo.
[25/08/2026 12:32:26] [INFO] Audit Purview - page 386 traitee, total lu : 96500, memoire PowerShell : 4925 Mo.
[25/08/2026 12:32:27] [INFO] Audit Purview - page 387 traitee, total lu : 96750, memoire PowerShell : 4925 Mo.
[25/08/2026 12:32:28] [INFO] Audit Purview - page 388 traitee, total lu : 97000, memoire PowerShell : 4930 Mo.
[25/08/2026 12:32:30] [INFO] Audit Purview - page 389 traitee, total lu : 97250, memoire PowerShell : 4928 Mo.
[25/08/2026 12:32:32] [INFO] Audit Purview - page 390 traitee, total lu : 97500, memoire PowerShell : 4925 Mo.
[25/08/2026 12:32:33] [INFO] Audit Purview - page 391 traitee, total lu : 97750, memoire PowerShell : 4930 Mo.
[25/08/2026 12:32:34] [INFO] Audit Purview - page 392 traitee, total lu : 98000, memoire PowerShell : 4928 Mo.
[25/08/2026 12:32:35] [INFO] Audit Purview - page 393 traitee, total lu : 98250, memoire PowerShell : 4925 Mo.
[25/08/2026 12:32:37] [INFO] Audit Purview - page 394 traitee, total lu : 98500, memoire PowerShell : 4930 Mo.
[25/08/2026 12:32:38] [INFO] Audit Purview - page 395 traitee, total lu : 98750, memoire PowerShell : 4928 Mo.
[25/08/2026 12:32:39] [INFO] Audit Purview - page 396 traitee, total lu : 99000, memoire PowerShell : 4925 Mo.
[25/08/2026 12:32:40] [INFO] Audit Purview - page 397 traitee, total lu : 99250, memoire PowerShell : 4930 Mo.
[25/08/2026 12:32:41] [INFO] Audit Purview - page 398 traitee, total lu : 99500, memoire PowerShell : 4928 Mo.
[25/08/2026 12:32:43] [INFO] Audit Purview - page 399 traitee, total lu : 99750, memoire PowerShell : 4925 Mo.
[25/08/2026 12:32:46] [INFO] Audit Purview - page 400 traitee, total lu : 100000, memoire PowerShell : 4930 Mo.
[25/08/2026 12:32:50] [INFO] Audit Purview - page 401 traitee, total lu : 100250, memoire PowerShell : 4934 Mo.
[25/08/2026 12:32:53] [INFO] Audit Purview - page 402 traitee, total lu : 100500, memoire PowerShell : 4931 Mo.
[25/08/2026 12:32:55] [INFO] Audit Purview - page 403 traitee, total lu : 100750, memoire PowerShell : 4936 Mo.
[25/08/2026 12:32:57] [INFO] Audit Purview - page 404 traitee, total lu : 101000, memoire PowerShell : 4934 Mo.
[25/08/2026 12:33:00] [INFO] Audit Purview - page 405 traitee, total lu : 101250, memoire PowerShell : 4934 Mo.
[25/08/2026 12:33:01] [INFO] Audit Purview - page 406 traitee, total lu : 101500, memoire PowerShell : 4931 Mo.
[25/08/2026 12:33:02] [INFO] Audit Purview - page 407 traitee, total lu : 101750, memoire PowerShell : 4937 Mo.
[25/08/2026 12:33:04] [INFO] Audit Purview - page 408 traitee, total lu : 102000, memoire PowerShell : 4931 Mo.
[25/08/2026 12:33:05] [INFO] Audit Purview - page 409 traitee, total lu : 102250, memoire PowerShell : 4934 Mo.
[25/08/2026 12:33:07] [INFO] Audit Purview - page 410 traitee, total lu : 102500, memoire PowerShell : 4931 Mo.
[25/08/2026 12:33:08] [INFO] Audit Purview - page 411 traitee, total lu : 102750, memoire PowerShell : 4936 Mo.
[25/08/2026 12:33:10] [INFO] Audit Purview - page 412 traitee, total lu : 103000, memoire PowerShell : 4934 Mo.
[25/08/2026 12:33:11] [INFO] Audit Purview - page 413 traitee, total lu : 103250, memoire PowerShell : 4931 Mo.
[25/08/2026 12:33:12] [INFO] Audit Purview - page 414 traitee, total lu : 103500, memoire PowerShell : 4936 Mo.
[25/08/2026 12:33:13] [INFO] Audit Purview - page 415 traitee, total lu : 103750, memoire PowerShell : 4931 Mo.
[25/08/2026 12:33:14] [INFO] Audit Purview - page 416 traitee, total lu : 104000, memoire PowerShell : 4934 Mo.
[25/08/2026 12:33:15] [INFO] Audit Purview - page 417 traitee, total lu : 104250, memoire PowerShell : 4931 Mo.
[25/08/2026 12:33:17] [INFO] Audit Purview - page 418 traitee, total lu : 104500, memoire PowerShell : 4936 Mo.
[25/08/2026 12:33:18] [INFO] Audit Purview - page 419 traitee, total lu : 104750, memoire PowerShell : 4934 Mo.
[25/08/2026 12:33:20] [INFO] Audit Purview - page 420 traitee, total lu : 105000, memoire PowerShell : 4931 Mo.
[25/08/2026 12:33:26] [INFO] Audit Purview - page 421 traitee, total lu : 105250, memoire PowerShell : 4932 Mo.
[25/08/2026 12:33:27] [INFO] Audit Purview - page 422 traitee, total lu : 105500, memoire PowerShell : 4937 Mo.
[25/08/2026 12:33:29] [INFO] Audit Purview - page 423 traitee, total lu : 105750, memoire PowerShell : 4932 Mo.
[25/08/2026 12:33:30] [INFO] Audit Purview - page 424 traitee, total lu : 106000, memoire PowerShell : 4935 Mo.
[25/08/2026 12:33:33] [INFO] Audit Purview - page 425 traitee, total lu : 106250, memoire PowerShell : 4935 Mo.
[25/08/2026 12:33:36] [INFO] Audit Purview - page 426 traitee, total lu : 106500, memoire PowerShell : 4935 Mo.
[25/08/2026 12:33:37] [INFO] Audit Purview - page 427 traitee, total lu : 106750, memoire PowerShell : 4935 Mo.
[25/08/2026 12:33:38] [INFO] Audit Purview - page 428 traitee, total lu : 107000, memoire PowerShell : 4932 Mo.
[25/08/2026 12:33:40] [INFO] Audit Purview - page 429 traitee, total lu : 107250, memoire PowerShell : 4937 Mo.
[25/08/2026 12:33:41] [INFO] Audit Purview - page 430 traitee, total lu : 107500, memoire PowerShell : 4935 Mo.
[25/08/2026 12:33:42] [INFO] Audit Purview - page 431 traitee, total lu : 107750, memoire PowerShell : 4935 Mo.
[25/08/2026 12:33:43] [INFO] Audit Purview - page 432 traitee, total lu : 108000, memoire PowerShell : 4935 Mo.
[25/08/2026 12:33:44] [INFO] Audit Purview - page 433 traitee, total lu : 108250, memoire PowerShell : 4932 Mo.
[25/08/2026 12:33:47] [INFO] Audit Purview - page 434 traitee, total lu : 108500, memoire PowerShell : 4932 Mo.
[25/08/2026 12:33:49] [INFO] Audit Purview - page 435 traitee, total lu : 108750, memoire PowerShell : 4935 Mo.
[25/08/2026 12:33:50] [INFO] Audit Purview - page 436 traitee, total lu : 109000, memoire PowerShell : 4932 Mo.
[25/08/2026 12:33:52] [INFO] Audit Purview - page 437 traitee, total lu : 109250, memoire PowerShell : 4932 Mo.
[25/08/2026 12:33:54] [INFO] Audit Purview - page 438 traitee, total lu : 109500, memoire PowerShell : 4938 Mo.
[25/08/2026 12:33:55] [INFO] Audit Purview - page 439 traitee, total lu : 109750, memoire PowerShell : 4932 Mo.
[25/08/2026 12:33:57] [INFO] Audit Purview - page 440 traitee, total lu : 110000, memoire PowerShell : 4937 Mo.
[25/08/2026 12:34:02] [INFO] Audit Purview - page 441 traitee, total lu : 110250, memoire PowerShell : 4941 Mo.
[25/08/2026 12:34:04] [INFO] Audit Purview - page 442 traitee, total lu : 110500, memoire PowerShell : 4938 Mo.
[25/08/2026 12:34:05] [INFO] Audit Purview - page 443 traitee, total lu : 110750, memoire PowerShell : 4938 Mo.
[25/08/2026 12:34:06] [INFO] Audit Purview - page 444 traitee, total lu : 111000, memoire PowerShell : 4943 Mo.
[25/08/2026 12:34:07] [INFO] Audit Purview - page 445 traitee, total lu : 111250, memoire PowerShell : 4941 Mo.
[25/08/2026 12:34:09] [INFO] Audit Purview - page 446 traitee, total lu : 111500, memoire PowerShell : 4941 Mo.
[25/08/2026 12:34:13] [INFO] Audit Purview - page 447 traitee, total lu : 111750, memoire PowerShell : 4938 Mo.
[25/08/2026 12:34:13] [INFO] Audit Purview - page 448 traitee, total lu : 112000, memoire PowerShell : 4941 Mo.
[25/08/2026 12:34:15] [INFO] Audit Purview - page 449 traitee, total lu : 112250, memoire PowerShell : 4938 Mo.
[25/08/2026 12:34:16] [INFO] Audit Purview - page 450 traitee, total lu : 112500, memoire PowerShell : 4941 Mo.
[25/08/2026 12:34:17] [INFO] Audit Purview - page 451 traitee, total lu : 112750, memoire PowerShell : 4938 Mo.
[25/08/2026 12:34:19] [INFO] Audit Purview - page 452 traitee, total lu : 113000, memoire PowerShell : 4943 Mo.
[25/08/2026 12:34:22] [INFO] Audit Purview - page 453 traitee, total lu : 113250, memoire PowerShell : 4938 Mo.
[25/08/2026 12:34:25] [INFO] Audit Purview - page 454 traitee, total lu : 113500, memoire PowerShell : 4943 Mo.
[25/08/2026 12:34:29] [INFO] Audit Purview - page 455 traitee, total lu : 113750, memoire PowerShell : 4938 Mo.
[25/08/2026 12:34:31] [INFO] Audit Purview - page 456 traitee, total lu : 114000, memoire PowerShell : 4943 Mo.
[25/08/2026 12:34:32] [INFO] Audit Purview - page 457 traitee, total lu : 114250, memoire PowerShell : 4941 Mo.
[25/08/2026 12:34:33] [INFO] Audit Purview - page 458 traitee, total lu : 114500, memoire PowerShell : 4941 Mo.
[25/08/2026 12:34:36] [INFO] Audit Purview - page 459 traitee, total lu : 114750, memoire PowerShell : 4941 Mo.
[25/08/2026 12:34:38] [INFO] Audit Purview - page 460 traitee, total lu : 115000, memoire PowerShell : 4938 Mo.
[25/08/2026 12:34:43] [INFO] Audit Purview - page 461 traitee, total lu : 115250, memoire PowerShell : 4938 Mo.
[25/08/2026 12:34:44] [INFO] Audit Purview - page 462 traitee, total lu : 115500, memoire PowerShell : 4938 Mo.
[25/08/2026 12:34:45] [INFO] Audit Purview - page 463 traitee, total lu : 115750, memoire PowerShell : 4939 Mo.
[25/08/2026 12:34:46] [INFO] Audit Purview - page 464 traitee, total lu : 116000, memoire PowerShell : 4943 Mo.
[25/08/2026 12:34:47] [INFO] Audit Purview - page 465 traitee, total lu : 116250, memoire PowerShell : 4938 Mo.
[25/08/2026 12:34:49] [INFO] Audit Purview - page 466 traitee, total lu : 116500, memoire PowerShell : 4944 Mo.
[25/08/2026 12:34:50] [INFO] Audit Purview - page 467 traitee, total lu : 116750, memoire PowerShell : 4941 Mo.
[25/08/2026 12:34:51] [INFO] Audit Purview - page 468 traitee, total lu : 117000, memoire PowerShell : 4942 Mo.
[25/08/2026 12:34:52] [INFO] Audit Purview - page 469 traitee, total lu : 117250, memoire PowerShell : 4938 Mo.
[25/08/2026 12:34:53] [INFO] Audit Purview - page 470 traitee, total lu : 117500, memoire PowerShell : 4938 Mo.
[25/08/2026 12:34:55] [INFO] Audit Purview - page 471 traitee, total lu : 117750, memoire PowerShell : 4944 Mo.
[25/08/2026 12:34:55] [INFO] Audit Purview - page 472 traitee, total lu : 118000, memoire PowerShell : 4941 Mo.
[25/08/2026 12:34:57] [INFO] Audit Purview - page 473 traitee, total lu : 118250, memoire PowerShell : 4938 Mo.
[25/08/2026 12:34:59] [INFO] Audit Purview - page 474 traitee, total lu : 118500, memoire PowerShell : 4942 Mo.
[25/08/2026 12:35:03] [INFO] Audit Purview - page 475 traitee, total lu : 118750, memoire PowerShell : 4939 Mo.
[25/08/2026 12:35:04] [INFO] Audit Purview - page 476 traitee, total lu : 119000, memoire PowerShell : 4944 Mo.
[25/08/2026 12:35:06] [INFO] Audit Purview - page 477 traitee, total lu : 119250, memoire PowerShell : 4938 Mo.
[25/08/2026 12:35:07] [INFO] Audit Purview - page 478 traitee, total lu : 119500, memoire PowerShell : 4944 Mo.
[25/08/2026 12:35:12] [INFO] Audit Purview - page 479 traitee, total lu : 119750, memoire PowerShell : 4942 Mo.
[25/08/2026 12:35:14] [INFO] Audit Purview - page 480 traitee, total lu : 120000, memoire PowerShell : 4942 Mo.
[25/08/2026 12:35:18] [INFO] Audit Purview - page 481 traitee, total lu : 120250, memoire PowerShell : 4942 Mo.
[25/08/2026 12:35:19] [INFO] Audit Purview - page 482 traitee, total lu : 120500, memoire PowerShell : 4946 Mo.
[25/08/2026 12:35:22] [INFO] Audit Purview - page 483 traitee, total lu : 120750, memoire PowerShell : 4943 Mo.
[25/08/2026 12:35:24] [INFO] Audit Purview - page 484 traitee, total lu : 121000, memoire PowerShell : 4948 Mo.
[25/08/2026 12:35:25] [INFO] Audit Purview - page 485 traitee, total lu : 121250, memoire PowerShell : 4942 Mo.
[25/08/2026 12:35:27] [INFO] Audit Purview - page 486 traitee, total lu : 121500, memoire PowerShell : 4943 Mo.
[25/08/2026 12:35:29] [INFO] Audit Purview - page 487 traitee, total lu : 121750, memoire PowerShell : 4948 Mo.
[25/08/2026 12:35:32] [INFO] Audit Purview - page 488 traitee, total lu : 122000, memoire PowerShell : 4942 Mo.
[25/08/2026 12:35:34] [INFO] Audit Purview - page 489 traitee, total lu : 122250, memoire PowerShell : 4943 Mo.
[25/08/2026 12:35:35] [INFO] Audit Purview - page 490 traitee, total lu : 122500, memoire PowerShell : 4948 Mo.
[25/08/2026 12:35:36] [INFO] Audit Purview - page 491 traitee, total lu : 122750, memoire PowerShell : 4942 Mo.
[25/08/2026 12:35:39] [INFO] Audit Purview - page 492 traitee, total lu : 123000, memoire PowerShell : 4943 Mo.
[25/08/2026 12:35:40] [INFO] Audit Purview - page 493 traitee, total lu : 123250, memoire PowerShell : 4943 Mo.
[25/08/2026 12:35:42] [INFO] Audit Purview - page 494 traitee, total lu : 123500, memoire PowerShell : 4947 Mo.
[25/08/2026 12:35:46] [INFO] Audit Purview - page 495 traitee, total lu : 123750, memoire PowerShell : 4946 Mo.
[25/08/2026 12:35:48] [INFO] Audit Purview - page 496 traitee, total lu : 124000, memoire PowerShell : 4942 Mo.
[25/08/2026 12:35:48] [INFO] Audit Purview - page 497 traitee, total lu : 124250, memoire PowerShell : 4946 Mo.
[25/08/2026 12:35:51] [INFO] Audit Purview - page 498 traitee, total lu : 124500, memoire PowerShell : 4946 Mo.
[25/08/2026 12:35:52] [INFO] Audit Purview - page 499 traitee, total lu : 124750, memoire PowerShell : 4946 Mo.
[25/08/2026 12:35:55] [INFO] Audit Purview - page 500 traitee, total lu : 125000, memoire PowerShell : 4946 Mo.
[25/08/2026 12:36:03] [INFO] Audit Purview - page 501 traitee, total lu : 125250, memoire PowerShell : 4946 Mo.
[25/08/2026 12:36:04] [INFO] Audit Purview - page 502 traitee, total lu : 125500, memoire PowerShell : 4947 Mo.
[25/08/2026 12:36:05] [INFO] Audit Purview - page 503 traitee, total lu : 125750, memoire PowerShell : 4951 Mo.
[25/08/2026 12:36:06] [INFO] Audit Purview - page 504 traitee, total lu : 126000, memoire PowerShell : 4947 Mo.
[25/08/2026 12:36:08] [INFO] Audit Purview - page 505 traitee, total lu : 126250, memoire PowerShell : 4952 Mo.
[25/08/2026 12:36:10] [INFO] Audit Purview - page 506 traitee, total lu : 126500, memoire PowerShell : 4946 Mo.
[25/08/2026 12:36:11] [INFO] Audit Purview - page 507 traitee, total lu : 126750, memoire PowerShell : 4952 Mo.
[25/08/2026 12:36:12] [INFO] Audit Purview - page 508 traitee, total lu : 127000, memoire PowerShell : 4947 Mo.
[25/08/2026 12:36:13] [INFO] Audit Purview - page 509 traitee, total lu : 127250, memoire PowerShell : 4952 Mo.
[25/08/2026 12:36:17] [INFO] Audit Purview - page 510 traitee, total lu : 127500, memoire PowerShell : 4947 Mo.
[25/08/2026 12:36:18] [INFO] Audit Purview - page 511 traitee, total lu : 127750, memoire PowerShell : 4952 Mo.
[25/08/2026 12:36:20] [INFO] Audit Purview - page 512 traitee, total lu : 128000, memoire PowerShell : 4947 Mo.
[25/08/2026 12:36:23] [INFO] Audit Purview - page 513 traitee, total lu : 128250, memoire PowerShell : 4950 Mo.
[25/08/2026 12:36:25] [INFO] Audit Purview - page 514 traitee, total lu : 128500, memoire PowerShell : 4947 Mo.
[25/08/2026 12:36:29] [INFO] Audit Purview - page 515 traitee, total lu : 128750, memoire PowerShell : 4952 Mo.
[25/08/2026 12:36:30] [INFO] Audit Purview - page 516 traitee, total lu : 129000, memoire PowerShell : 4950 Mo.
[25/08/2026 12:36:31] [INFO] Audit Purview - page 517 traitee, total lu : 129250, memoire PowerShell : 4947 Mo.
[25/08/2026 12:36:34] [INFO] Audit Purview - page 518 traitee, total lu : 129500, memoire PowerShell : 4952 Mo.
[25/08/2026 12:36:35] [INFO] Audit Purview - page 519 traitee, total lu : 129750, memoire PowerShell : 4950 Mo.
[25/08/2026 12:36:37] [INFO] Audit Purview - page 520 traitee, total lu : 130000, memoire PowerShell : 4950 Mo.
[25/08/2026 12:36:43] [INFO] Audit Purview - page 521 traitee, total lu : 130250, memoire PowerShell : 4951 Mo.
[25/08/2026 12:36:44] [INFO] Audit Purview - page 522 traitee, total lu : 130500, memoire PowerShell : 4951 Mo.
[25/08/2026 12:36:45] [INFO] Audit Purview - page 523 traitee, total lu : 130750, memoire PowerShell : 4956 Mo.
[25/08/2026 12:36:47] [INFO] Audit Purview - page 524 traitee, total lu : 131000, memoire PowerShell : 4950 Mo.
[25/08/2026 12:36:50] [INFO] Audit Purview - page 525 traitee, total lu : 131250, memoire PowerShell : 4956 Mo.
[25/08/2026 12:36:51] [INFO] Audit Purview - page 526 traitee, total lu : 131500, memoire PowerShell : 4954 Mo.
[25/08/2026 12:36:52] [INFO] Audit Purview - page 527 traitee, total lu : 131750, memoire PowerShell : 4951 Mo.
[25/08/2026 12:36:54] [INFO] Audit Purview - page 528 traitee, total lu : 132000, memoire PowerShell : 4956 Mo.
[25/08/2026 12:36:56] [INFO] Audit Purview - page 529 traitee, total lu : 132250, memoire PowerShell : 4951 Mo.
[25/08/2026 12:36:57] [INFO] Audit Purview - page 530 traitee, total lu : 132500, memoire PowerShell : 4954 Mo.
[25/08/2026 12:36:58] [INFO] Audit Purview - page 531 traitee, total lu : 132750, memoire PowerShell : 4951 Mo.
[25/08/2026 12:37:00] [INFO] Audit Purview - page 532 traitee, total lu : 133000, memoire PowerShell : 4956 Mo.
[25/08/2026 12:37:02] [INFO] Audit Purview - page 533 traitee, total lu : 133250, memoire PowerShell : 4951 Mo.
[25/08/2026 12:37:03] [INFO] Audit Purview - page 534 traitee, total lu : 133500, memoire PowerShell : 4956 Mo.
[25/08/2026 12:37:04] [INFO] Audit Purview - page 535 traitee, total lu : 133750, memoire PowerShell : 4951 Mo.
[25/08/2026 12:37:06] [INFO] Audit Purview - page 536 traitee, total lu : 134000, memoire PowerShell : 4954 Mo.
[25/08/2026 12:37:07] [INFO] Audit Purview - page 537 traitee, total lu : 134250, memoire PowerShell : 4954 Mo.
[25/08/2026 12:37:08] [INFO] Audit Purview - page 538 traitee, total lu : 134500, memoire PowerShell : 4954 Mo.
[25/08/2026 12:37:09] [INFO] Audit Purview - page 539 traitee, total lu : 134750, memoire PowerShell : 4951 Mo.
[25/08/2026 12:37:12] [INFO] Audit Purview - page 540 traitee, total lu : 135000, memoire PowerShell : 4951 Mo.
[25/08/2026 12:37:18] [INFO] Audit Purview - page 541 traitee, total lu : 135250, memoire PowerShell : 4951 Mo.
[25/08/2026 12:37:20] [INFO] Audit Purview - page 542 traitee, total lu : 135500, memoire PowerShell : 4952 Mo.
[25/08/2026 12:37:21] [INFO] Audit Purview - page 543 traitee, total lu : 135750, memoire PowerShell : 4957 Mo.
[25/08/2026 12:37:23] [INFO] Audit Purview - page 544 traitee, total lu : 136000, memoire PowerShell : 4955 Mo.
[25/08/2026 12:37:26] [INFO] Audit Purview - page 545 traitee, total lu : 136250, memoire PowerShell : 4951 Mo.
[25/08/2026 12:37:30] [INFO] Audit Purview - page 546 traitee, total lu : 136500, memoire PowerShell : 4955 Mo.
[25/08/2026 12:37:31] [INFO] Audit Purview - page 547 traitee, total lu : 136750, memoire PowerShell : 4955 Mo.
[25/08/2026 12:37:32] [INFO] Audit Purview - page 548 traitee, total lu : 137000, memoire PowerShell : 4951 Mo.
[25/08/2026 12:37:33] [INFO] Audit Purview - page 549 traitee, total lu : 137250, memoire PowerShell : 4957 Mo.
[25/08/2026 12:37:36] [INFO] Audit Purview - page 550 traitee, total lu : 137500, memoire PowerShell : 4955 Mo.
[25/08/2026 12:37:40] [INFO] Audit Purview - page 551 traitee, total lu : 137750, memoire PowerShell : 4955 Mo.
[25/08/2026 12:37:42] [INFO] Audit Purview - page 552 traitee, total lu : 138000, memoire PowerShell : 4952 Mo.
[25/08/2026 12:37:43] [INFO] Audit Purview - page 553 traitee, total lu : 138250, memoire PowerShell : 4955 Mo.
[25/08/2026 12:37:45] [INFO] Audit Purview - page 554 traitee, total lu : 138500, memoire PowerShell : 4952 Mo.
[25/08/2026 12:37:46] [INFO] Audit Purview - page 555 traitee, total lu : 138750, memoire PowerShell : 4957 Mo.
[25/08/2026 12:37:49] [INFO] Audit Purview - page 556 traitee, total lu : 139000, memoire PowerShell : 4952 Mo.
[25/08/2026 12:37:51] [INFO] Audit Purview - page 557 traitee, total lu : 139250, memoire PowerShell : 4955 Mo.
[25/08/2026 12:37:52] [INFO] Audit Purview - page 558 traitee, total lu : 139500, memoire PowerShell : 4952 Mo.
[25/08/2026 12:37:53] [INFO] Audit Purview - page 559 traitee, total lu : 139750, memoire PowerShell : 4957 Mo.
[25/08/2026 12:37:55] [INFO] Audit Purview - page 560 traitee, total lu : 140000, memoire PowerShell : 4952 Mo.
[25/08/2026 12:37:59] [INFO] Audit Purview - page 561 traitee, total lu : 140250, memoire PowerShell : 4952 Mo.
[25/08/2026 12:38:00] [INFO] Audit Purview - page 562 traitee, total lu : 140500, memoire PowerShell : 4952 Mo.
[25/08/2026 12:38:02] [INFO] Audit Purview - page 563 traitee, total lu : 140750, memoire PowerShell : 4952 Mo.
[25/08/2026 12:38:03] [INFO] Audit Purview - page 564 traitee, total lu : 141000, memoire PowerShell : 4955 Mo.
[25/08/2026 12:38:05] [INFO] Audit Purview - page 565 traitee, total lu : 141250, memoire PowerShell : 4955 Mo.
[25/08/2026 12:38:08] [INFO] Audit Purview - page 566 traitee, total lu : 141500, memoire PowerShell : 4952 Mo.
[25/08/2026 12:38:12] [INFO] Audit Purview - page 567 traitee, total lu : 141750, memoire PowerShell : 4953 Mo.
[25/08/2026 12:38:13] [INFO] Audit Purview - page 568 traitee, total lu : 142000, memoire PowerShell : 4957 Mo.
[25/08/2026 12:38:15] [INFO] Audit Purview - page 569 traitee, total lu : 142250, memoire PowerShell : 4953 Mo.
[25/08/2026 12:38:17] [INFO] Audit Purview - page 570 traitee, total lu : 142500, memoire PowerShell : 4957 Mo.
[25/08/2026 12:38:18] [INFO] Audit Purview - page 571 traitee, total lu : 142750, memoire PowerShell : 4955 Mo.
[25/08/2026 12:38:19] [INFO] Audit Purview - page 572 traitee, total lu : 143000, memoire PowerShell : 4952 Mo.
[25/08/2026 12:38:21] [INFO] Audit Purview - page 573 traitee, total lu : 143250, memoire PowerShell : 4958 Mo.
[25/08/2026 12:38:22] [INFO] Audit Purview - page 574 traitee, total lu : 143500, memoire PowerShell : 4952 Mo.
[25/08/2026 12:38:24] [INFO] Audit Purview - page 575 traitee, total lu : 143750, memoire PowerShell : 4957 Mo.
[25/08/2026 12:38:26] [INFO] Audit Purview - page 576 traitee, total lu : 144000, memoire PowerShell : 4952 Mo.
[25/08/2026 12:38:27] [INFO] Audit Purview - page 577 traitee, total lu : 144250, memoire PowerShell : 4958 Mo.
[25/08/2026 12:38:30] [INFO] Audit Purview - page 578 traitee, total lu : 144500, memoire PowerShell : 4955 Mo.
[25/08/2026 12:38:34] [INFO] Audit Purview - page 579 traitee, total lu : 144750, memoire PowerShell : 4952 Mo.
[25/08/2026 12:38:35] [INFO] Audit Purview - page 580 traitee, total lu : 145000, memoire PowerShell : 4952 Mo.
[25/08/2026 12:38:42] [INFO] Audit Purview - page 581 traitee, total lu : 145250, memoire PowerShell : 4952 Mo.
[25/08/2026 12:38:43] [INFO] Audit Purview - page 582 traitee, total lu : 145500, memoire PowerShell : 4953 Mo.
[25/08/2026 12:38:46] [INFO] Audit Purview - page 583 traitee, total lu : 145750, memoire PowerShell : 4958 Mo.
[25/08/2026 12:38:49] [INFO] Audit Purview - page 584 traitee, total lu : 146000, memoire PowerShell : 4956 Mo.
[25/08/2026 12:38:50] [INFO] Audit Purview - page 585 traitee, total lu : 146250, memoire PowerShell : 4956 Mo.
[25/08/2026 12:38:51] [INFO] Audit Purview - page 586 traitee, total lu : 146500, memoire PowerShell : 4953 Mo.
[25/08/2026 12:38:52] [INFO] Audit Purview - page 587 traitee, total lu : 146750, memoire PowerShell : 4956 Mo.
[25/08/2026 12:38:53] [INFO] Audit Purview - page 588 traitee, total lu : 147000, memoire PowerShell : 4953 Mo.
[25/08/2026 12:38:54] [INFO] Audit Purview - page 589 traitee, total lu : 147250, memoire PowerShell : 4958 Mo.
[25/08/2026 12:38:59] [INFO] Audit Purview - page 590 traitee, total lu : 147500, memoire PowerShell : 4956 Mo.
[25/08/2026 12:39:00] [INFO] Audit Purview - page 591 traitee, total lu : 147750, memoire PowerShell : 4953 Mo.
[25/08/2026 12:39:03] [INFO] Audit Purview - page 592 traitee, total lu : 148000, memoire PowerShell : 4958 Mo.
[25/08/2026 12:39:04] [INFO] Audit Purview - page 593 traitee, total lu : 148250, memoire PowerShell : 4953 Mo.
[25/08/2026 12:39:06] [INFO] Audit Purview - page 594 traitee, total lu : 148500, memoire PowerShell : 4958 Mo.
[25/08/2026 12:39:07] [INFO] Audit Purview - page 595 traitee, total lu : 148750, memoire PowerShell : 4953 Mo.
[25/08/2026 12:39:08] [INFO] Audit Purview - page 596 traitee, total lu : 149000, memoire PowerShell : 4958 Mo.
[25/08/2026 12:39:09] [INFO] Audit Purview - page 597 traitee, total lu : 149250, memoire PowerShell : 4956 Mo.
[25/08/2026 12:39:12] [INFO] Audit Purview - page 598 traitee, total lu : 149500, memoire PowerShell : 4953 Mo.
[25/08/2026 12:39:14] [INFO] Audit Purview - page 599 traitee, total lu : 149750, memoire PowerShell : 4958 Mo.
[25/08/2026 12:39:16] [INFO] Audit Purview - page 600 traitee, total lu : 150000, memoire PowerShell : 4953 Mo.
[25/08/2026 12:39:21] [INFO] Audit Purview - page 601 traitee, total lu : 150250, memoire PowerShell : 4953 Mo.
[25/08/2026 12:39:23] [INFO] Audit Purview - page 602 traitee, total lu : 150500, memoire PowerShell : 4953 Mo.
[25/08/2026 12:39:25] [INFO] Audit Purview - page 603 traitee, total lu : 150750, memoire PowerShell : 4959 Mo.
[25/08/2026 12:39:26] [INFO] Audit Purview - page 604 traitee, total lu : 151000, memoire PowerShell : 4954 Mo.
[25/08/2026 12:39:27] [INFO] Audit Purview - page 605 traitee, total lu : 151250, memoire PowerShell : 4959 Mo.
[25/08/2026 12:39:28] [INFO] Audit Purview - page 606 traitee, total lu : 151500, memoire PowerShell : 4953 Mo.
[25/08/2026 12:39:30] [INFO] Audit Purview - page 607 traitee, total lu : 151750, memoire PowerShell : 4957 Mo.
[25/08/2026 12:39:31] [INFO] Audit Purview - page 608 traitee, total lu : 152000, memoire PowerShell : 4954 Mo.
[25/08/2026 12:39:32] [INFO] Audit Purview - page 609 traitee, total lu : 152250, memoire PowerShell : 4958 Mo.
[25/08/2026 12:39:38] [INFO] Audit Purview - page 610 traitee, total lu : 152500, memoire PowerShell : 4954 Mo.
[25/08/2026 12:39:41] [INFO] Audit Purview - page 611 traitee, total lu : 152750, memoire PowerShell : 4959 Mo.
[25/08/2026 12:39:42] [INFO] Audit Purview - page 612 traitee, total lu : 153000, memoire PowerShell : 4953 Mo.
[25/08/2026 12:39:43] [INFO] Audit Purview - page 613 traitee, total lu : 153250, memoire PowerShell : 4954 Mo.
[25/08/2026 12:39:44] [INFO] Audit Purview - page 614 traitee, total lu : 153500, memoire PowerShell : 4958 Mo.
[25/08/2026 12:39:48] [INFO] Audit Purview - page 615 traitee, total lu : 153750, memoire PowerShell : 4957 Mo.
[25/08/2026 12:39:49] [INFO] Audit Purview - page 616 traitee, total lu : 154000, memoire PowerShell : 4954 Mo.
[25/08/2026 12:39:50] [INFO] Audit Purview - page 617 traitee, total lu : 154250, memoire PowerShell : 4957 Mo.
[25/08/2026 12:39:52] [INFO] Audit Purview - page 618 traitee, total lu : 154500, memoire PowerShell : 4954 Mo.
[25/08/2026 12:39:54] [INFO] Audit Purview - page 619 traitee, total lu : 154750, memoire PowerShell : 4954 Mo.
[25/08/2026 12:39:55] [INFO] Audit Purview - page 620 traitee, total lu : 155000, memoire PowerShell : 4959 Mo.
[25/08/2026 12:40:00] [INFO] Audit Purview - page 621 traitee, total lu : 155250, memoire PowerShell : 4963 Mo.
[25/08/2026 12:40:01] [INFO] Audit Purview - page 622 traitee, total lu : 155500, memoire PowerShell : 4960 Mo.
[25/08/2026 12:40:05] [INFO] Audit Purview - page 623 traitee, total lu : 155750, memoire PowerShell : 4966 Mo.
[25/08/2026 12:40:08] [INFO] Audit Purview - page 624 traitee, total lu : 156000, memoire PowerShell : 4961 Mo.
[25/08/2026 12:40:13] [INFO] Audit Purview - page 625 traitee, total lu : 156250, memoire PowerShell : 4965 Mo.
[25/08/2026 12:40:17] [INFO] Audit Purview - page 626 traitee, total lu : 156500, memoire PowerShell : 4960 Mo.
[25/08/2026 12:40:20] [INFO] Audit Purview - page 627 traitee, total lu : 156750, memoire PowerShell : 4963 Mo.
[25/08/2026 12:40:23] [INFO] Audit Purview - page 628 traitee, total lu : 157000, memoire PowerShell : 4960 Mo.
[25/08/2026 12:40:25] [INFO] Audit Purview - page 629 traitee, total lu : 157250, memoire PowerShell : 4960 Mo.
[25/08/2026 12:40:28] [INFO] Audit Purview - page 630 traitee, total lu : 157500, memoire PowerShell : 4965 Mo.
[25/08/2026 12:40:30] [INFO] Audit Purview - page 631 traitee, total lu : 157750, memoire PowerShell : 4964 Mo.
[25/08/2026 12:40:32] [INFO] Audit Purview - page 632 traitee, total lu : 158000, memoire PowerShell : 4960 Mo.
[25/08/2026 12:40:33] [INFO] Audit Purview - page 633 traitee, total lu : 158250, memoire PowerShell : 4965 Mo.
[25/08/2026 12:40:34] [INFO] Audit Purview - page 634 traitee, total lu : 158500, memoire PowerShell : 4963 Mo.
[25/08/2026 12:40:36] [INFO] Audit Purview - page 635 traitee, total lu : 158750, memoire PowerShell : 4963 Mo.
[25/08/2026 12:40:38] [INFO] Audit Purview - page 636 traitee, total lu : 159000, memoire PowerShell : 4960 Mo.
[25/08/2026 12:40:40] [INFO] Audit Purview - page 637 traitee, total lu : 159250, memoire PowerShell : 4966 Mo.
[25/08/2026 12:40:46] [INFO] Audit Purview - page 638 traitee, total lu : 159500, memoire PowerShell : 4960 Mo.
[25/08/2026 12:40:46] [INFO] Audit Purview - page 639 traitee, total lu : 159750, memoire PowerShell : 4964 Mo.
[25/08/2026 12:40:48] [INFO] Audit Purview - page 640 traitee, total lu : 160000, memoire PowerShell : 4964 Mo.
[25/08/2026 12:40:52] [INFO] Audit Purview - page 641 traitee, total lu : 160250, memoire PowerShell : 4964 Mo.
[25/08/2026 12:40:53] [INFO] Audit Purview - page 642 traitee, total lu : 160500, memoire PowerShell : 4964 Mo.
[25/08/2026 12:40:54] [INFO] Audit Purview - page 643 traitee, total lu : 160750, memoire PowerShell : 4965 Mo.
[25/08/2026 12:40:55] [INFO] Audit Purview - page 644 traitee, total lu : 161000, memoire PowerShell : 4968 Mo.
[25/08/2026 12:40:57] [INFO] Audit Purview - page 645 traitee, total lu : 161250, memoire PowerShell : 4965 Mo.
[25/08/2026 12:40:59] [INFO] Audit Purview - page 646 traitee, total lu : 161500, memoire PowerShell : 4970 Mo.
[25/08/2026 12:41:01] [INFO] Audit Purview - page 647 traitee, total lu : 161750, memoire PowerShell : 4968 Mo.
[25/08/2026 12:41:02] [INFO] Audit Purview - page 648 traitee, total lu : 162000, memoire PowerShell : 4968 Mo.
[25/08/2026 12:41:03] [INFO] Audit Purview - page 649 traitee, total lu : 162250, memoire PowerShell : 4968 Mo.
[25/08/2026 12:41:04] [INFO] Audit Purview - page 650 traitee, total lu : 162500, memoire PowerShell : 4968 Mo.
[25/08/2026 12:41:05] [INFO] Audit Purview - page 651 traitee, total lu : 162750, memoire PowerShell : 4965 Mo.
[25/08/2026 12:41:08] [INFO] Audit Purview - page 652 traitee, total lu : 163000, memoire PowerShell : 4970 Mo.
[25/08/2026 12:41:09] [INFO] Audit Purview - page 653 traitee, total lu : 163250, memoire PowerShell : 4968 Mo.
[25/08/2026 12:41:11] [INFO] Audit Purview - page 654 traitee, total lu : 163500, memoire PowerShell : 4965 Mo.
[25/08/2026 12:41:13] [INFO] Audit Purview - page 655 traitee, total lu : 163750, memoire PowerShell : 4965 Mo.
[25/08/2026 12:41:15] [INFO] Audit Purview - page 656 traitee, total lu : 164000, memoire PowerShell : 4970 Mo.
[25/08/2026 12:41:17] [INFO] Audit Purview - page 657 traitee, total lu : 164250, memoire PowerShell : 4968 Mo.
[25/08/2026 12:41:20] [INFO] Audit Purview - page 658 traitee, total lu : 164500, memoire PowerShell : 4965 Mo.
[25/08/2026 12:41:23] [INFO] Audit Purview - page 659 traitee, total lu : 164750, memoire PowerShell : 4970 Mo.
[25/08/2026 12:41:24] [INFO] Audit Purview - page 660 traitee, total lu : 165000, memoire PowerShell : 4965 Mo.
[25/08/2026 12:41:30] [INFO] Audit Purview - page 661 traitee, total lu : 165250, memoire PowerShell : 4965 Mo.
[25/08/2026 12:41:32] [INFO] Audit Purview - page 662 traitee, total lu : 165500, memoire PowerShell : 4965 Mo.
[25/08/2026 12:41:34] [INFO] Audit Purview - page 663 traitee, total lu : 165750, memoire PowerShell : 4965 Mo.
[25/08/2026 12:41:39] [INFO] Audit Purview - page 664 traitee, total lu : 166000, memoire PowerShell : 4970 Mo.
[25/08/2026 12:41:42] [INFO] Audit Purview - page 665 traitee, total lu : 166250, memoire PowerShell : 4968 Mo.
[25/08/2026 12:41:44] [INFO] Audit Purview - page 666 traitee, total lu : 166500, memoire PowerShell : 4966 Mo.
[25/08/2026 12:41:46] [INFO] Audit Purview - page 667 traitee, total lu : 166750, memoire PowerShell : 4971 Mo.
[25/08/2026 12:41:48] [INFO] Audit Purview - page 668 traitee, total lu : 167000, memoire PowerShell : 4965 Mo.
[25/08/2026 12:41:57] [INFO] Audit Purview - page 669 traitee, total lu : 167250, memoire PowerShell : 4970 Mo.
[25/08/2026 12:41:59] [INFO] Audit Purview - page 670 traitee, total lu : 167500, memoire PowerShell : 4965 Mo.
[25/08/2026 12:42:01] [INFO] Audit Purview - page 671 traitee, total lu : 167750, memoire PowerShell : 4965 Mo.
[25/08/2026 12:42:03] [INFO] Audit Purview - page 672 traitee, total lu : 168000, memoire PowerShell : 4970 Mo.
[25/08/2026 12:42:05] [INFO] Audit Purview - page 673 traitee, total lu : 168250, memoire PowerShell : 4965 Mo.
[25/08/2026 12:42:06] [INFO] Audit Purview - page 674 traitee, total lu : 168500, memoire PowerShell : 4965 Mo.
[25/08/2026 12:42:08] [INFO] Audit Purview - page 675 traitee, total lu : 168750, memoire PowerShell : 4971 Mo.
[25/08/2026 12:42:11] [INFO] Audit Purview - page 676 traitee, total lu : 169000, memoire PowerShell : 4968 Mo.
[25/08/2026 12:42:14] [INFO] Audit Purview - page 677 traitee, total lu : 169250, memoire PowerShell : 4969 Mo.
[25/08/2026 12:42:15] [INFO] Audit Purview - page 678 traitee, total lu : 169500, memoire PowerShell : 4965 Mo.
[25/08/2026 12:42:17] [INFO] Audit Purview - page 679 traitee, total lu : 169750, memoire PowerShell : 4970 Mo.
[25/08/2026 12:42:19] [INFO] Audit Purview - page 680 traitee, total lu : 170000, memoire PowerShell : 4969 Mo.
[25/08/2026 12:42:23] [INFO] Audit Purview - page 681 traitee, total lu : 170250, memoire PowerShell : 4969 Mo.
[25/08/2026 12:42:26] [INFO] Audit Purview - page 682 traitee, total lu : 170500, memoire PowerShell : 4969 Mo.
[25/08/2026 12:42:28] [INFO] Audit Purview - page 683 traitee, total lu : 170750, memoire PowerShell : 4969 Mo.
[25/08/2026 12:42:30] [INFO] Audit Purview - page 684 traitee, total lu : 171000, memoire PowerShell : 4975 Mo.
[25/08/2026 12:42:31] [INFO] Audit Purview - page 685 traitee, total lu : 171250, memoire PowerShell : 4969 Mo.
[25/08/2026 12:42:32] [INFO] Audit Purview - page 686 traitee, total lu : 171500, memoire PowerShell : 4973 Mo.
[25/08/2026 12:42:34] [INFO] Audit Purview - page 687 traitee, total lu : 171750, memoire PowerShell : 4970 Mo.
[25/08/2026 12:42:35] [INFO] Audit Purview - page 688 traitee, total lu : 172000, memoire PowerShell : 4974 Mo.
[25/08/2026 12:42:37] [INFO] Audit Purview - page 689 traitee, total lu : 172250, memoire PowerShell : 4973 Mo.
[25/08/2026 12:42:38] [INFO] Audit Purview - page 690 traitee, total lu : 172500, memoire PowerShell : 4969 Mo.
[25/08/2026 12:42:43] [INFO] Audit Purview - page 691 traitee, total lu : 172750, memoire PowerShell : 4969 Mo.
[25/08/2026 12:42:50] [INFO] Audit Purview - page 692 traitee, total lu : 173000, memoire PowerShell : 4969 Mo.
[25/08/2026 12:42:52] [INFO] Audit Purview - page 693 traitee, total lu : 173250, memoire PowerShell : 4970 Mo.
[25/08/2026 12:42:54] [INFO] Audit Purview - page 694 traitee, total lu : 173500, memoire PowerShell : 4975 Mo.
[25/08/2026 12:42:55] [INFO] Audit Purview - page 695 traitee, total lu : 173750, memoire PowerShell : 4969 Mo.
[25/08/2026 12:42:58] [INFO] Audit Purview - page 696 traitee, total lu : 174000, memoire PowerShell : 4974 Mo.
[25/08/2026 12:42:59] [INFO] Audit Purview - page 697 traitee, total lu : 174250, memoire PowerShell : 4973 Mo.
[25/08/2026 12:43:00] [INFO] Audit Purview - page 698 traitee, total lu : 174500, memoire PowerShell : 4970 Mo.
[25/08/2026 12:43:03] [INFO] Audit Purview - page 699 traitee, total lu : 174750, memoire PowerShell : 4975 Mo.
[25/08/2026 12:43:05] [INFO] Audit Purview - page 700 traitee, total lu : 175000, memoire PowerShell : 4970 Mo.
[25/08/2026 12:43:09] [INFO] Audit Purview - page 701 traitee, total lu : 175250, memoire PowerShell : 4970 Mo.
[25/08/2026 12:43:10] [INFO] Audit Purview - page 702 traitee, total lu : 175500, memoire PowerShell : 4970 Mo.
[25/08/2026 12:43:12] [INFO] Audit Purview - page 703 traitee, total lu : 175750, memoire PowerShell : 4970 Mo.
[25/08/2026 12:43:13] [INFO] Audit Purview - page 704 traitee, total lu : 176000, memoire PowerShell : 4970 Mo.
[25/08/2026 12:43:17] [INFO] Audit Purview - page 705 traitee, total lu : 176250, memoire PowerShell : 4976 Mo.
[25/08/2026 12:43:18] [INFO] Audit Purview - page 706 traitee, total lu : 176500, memoire PowerShell : 4970 Mo.
[25/08/2026 12:43:19] [INFO] Audit Purview - page 707 traitee, total lu : 176750, memoire PowerShell : 4975 Mo.
[25/08/2026 12:43:20] [INFO] Audit Purview - page 708 traitee, total lu : 177000, memoire PowerShell : 4973 Mo.
[25/08/2026 12:43:22] [INFO] Audit Purview - page 709 traitee, total lu : 177250, memoire PowerShell : 4970 Mo.
[25/08/2026 12:43:24] [INFO] Audit Purview - page 710 traitee, total lu : 177500, memoire PowerShell : 4976 Mo.
[25/08/2026 12:43:25] [INFO] Audit Purview - page 711 traitee, total lu : 177750, memoire PowerShell : 4973 Mo.
[25/08/2026 12:43:28] [INFO] Audit Purview - page 712 traitee, total lu : 178000, memoire PowerShell : 4970 Mo.
[25/08/2026 12:43:30] [INFO] Audit Purview - page 713 traitee, total lu : 178250, memoire PowerShell : 4975 Mo.
[25/08/2026 12:43:31] [INFO] Audit Purview - page 714 traitee, total lu : 178500, memoire PowerShell : 4970 Mo.
[25/08/2026 12:43:33] [INFO] Audit Purview - page 715 traitee, total lu : 178750, memoire PowerShell : 4976 Mo.
[25/08/2026 12:43:34] [INFO] Audit Purview - page 716 traitee, total lu : 179000, memoire PowerShell : 4973 Mo.
[25/08/2026 12:43:35] [INFO] Audit Purview - page 717 traitee, total lu : 179250, memoire PowerShell : 4970 Mo.
[25/08/2026 12:43:36] [INFO] Audit Purview - page 718 traitee, total lu : 179500, memoire PowerShell : 4971 Mo.
[25/08/2026 12:43:39] [INFO] Audit Purview - page 719 traitee, total lu : 179750, memoire PowerShell : 4975 Mo.
[25/08/2026 12:43:42] [INFO] Audit Purview - page 720 traitee, total lu : 180000, memoire PowerShell : 4974 Mo.
[25/08/2026 12:43:48] [INFO] Audit Purview - page 721 traitee, total lu : 180250, memoire PowerShell : 4974 Mo.
[25/08/2026 12:43:50] [INFO] Audit Purview - page 722 traitee, total lu : 180500, memoire PowerShell : 4978 Mo.
[25/08/2026 12:43:51] [INFO] Audit Purview - page 723 traitee, total lu : 180750, memoire PowerShell : 4975 Mo.
[25/08/2026 12:43:53] [INFO] Audit Purview - page 724 traitee, total lu : 181000, memoire PowerShell : 4979 Mo.
[25/08/2026 12:43:54] [INFO] Audit Purview - page 725 traitee, total lu : 181250, memoire PowerShell : 4975 Mo.
[25/08/2026 12:43:55] [INFO] Audit Purview - page 726 traitee, total lu : 181500, memoire PowerShell : 4980 Mo.
[25/08/2026 12:43:56] [INFO] Audit Purview - page 727 traitee, total lu : 181750, memoire PowerShell : 4978 Mo.
[25/08/2026 12:43:57] [INFO] Audit Purview - page 728 traitee, total lu : 182000, memoire PowerShell : 4978 Mo.
[25/08/2026 12:43:58] [INFO] Audit Purview - page 729 traitee, total lu : 182250, memoire PowerShell : 4978 Mo.
[25/08/2026 12:43:59] [INFO] Audit Purview - page 730 traitee, total lu : 182500, memoire PowerShell : 4974 Mo.
[25/08/2026 12:44:00] [INFO] Audit Purview - page 731 traitee, total lu : 182750, memoire PowerShell : 4975 Mo.
[25/08/2026 12:44:02] [INFO] Audit Purview - page 732 traitee, total lu : 183000, memoire PowerShell : 4980 Mo.
[25/08/2026 12:44:03] [INFO] Audit Purview - page 733 traitee, total lu : 183250, memoire PowerShell : 4978 Mo.
[25/08/2026 12:44:06] [INFO] Audit Purview - page 734 traitee, total lu : 183500, memoire PowerShell : 4974 Mo.
[25/08/2026 12:44:07] [INFO] Audit Purview - page 735 traitee, total lu : 183750, memoire PowerShell : 4975 Mo.
[25/08/2026 12:44:09] [INFO] Audit Purview - page 736 traitee, total lu : 184000, memoire PowerShell : 4980 Mo.
[25/08/2026 12:44:13] [INFO] Audit Purview - page 737 traitee, total lu : 184250, memoire PowerShell : 4978 Mo.
[25/08/2026 12:44:14] [INFO] Audit Purview - page 738 traitee, total lu : 184500, memoire PowerShell : 4975 Mo.
[25/08/2026 12:44:17] [INFO] Audit Purview - page 739 traitee, total lu : 184750, memoire PowerShell : 4980 Mo.
[25/08/2026 12:44:19] [INFO] Audit Purview - page 740 traitee, total lu : 185000, memoire PowerShell : 4975 Mo.
[25/08/2026 12:44:24] [INFO] Audit Purview - page 741 traitee, total lu : 185250, memoire PowerShell : 4975 Mo.
[25/08/2026 12:44:25] [INFO] Audit Purview - page 742 traitee, total lu : 185500, memoire PowerShell : 4975 Mo.
[25/08/2026 12:44:26] [INFO] Audit Purview - page 743 traitee, total lu : 185750, memoire PowerShell : 4980 Mo.
[25/08/2026 12:44:27] [INFO] Audit Purview - page 744 traitee, total lu : 186000, memoire PowerShell : 4975 Mo.
[25/08/2026 12:44:29] [INFO] Audit Purview - page 745 traitee, total lu : 186250, memoire PowerShell : 4978 Mo.
[25/08/2026 12:44:30] [INFO] Audit Purview - page 746 traitee, total lu : 186500, memoire PowerShell : 4975 Mo.
[25/08/2026 12:44:33] [INFO] Audit Purview - page 747 traitee, total lu : 186750, memoire PowerShell : 4980 Mo.
[25/08/2026 12:44:35] [INFO] Audit Purview - page 748 traitee, total lu : 187000, memoire PowerShell : 4975 Mo.
[25/08/2026 12:44:37] [INFO] Audit Purview - page 749 traitee, total lu : 187250, memoire PowerShell : 4978 Mo.
[25/08/2026 12:44:39] [INFO] Audit Purview - page 750 traitee, total lu : 187500, memoire PowerShell : 4978 Mo.
[25/08/2026 12:44:43] [INFO] Audit Purview - page 751 traitee, total lu : 187750, memoire PowerShell : 4976 Mo.
[25/08/2026 12:44:44] [INFO] Audit Purview - page 752 traitee, total lu : 188000, memoire PowerShell : 4980 Mo.
[25/08/2026 12:44:45] [INFO] Audit Purview - page 753 traitee, total lu : 188250, memoire PowerShell : 4978 Mo.
[25/08/2026 12:44:48] [INFO] Audit Purview - page 754 traitee, total lu : 188500, memoire PowerShell : 4978 Mo.
[25/08/2026 12:45:10] [INFO] Audit Purview - page 755 traitee, total lu : 188750, memoire PowerShell : 4975 Mo.
[25/08/2026 12:45:11] [INFO] Audit Purview - page 756 traitee, total lu : 189000, memoire PowerShell : 4980 Mo.
[25/08/2026 12:45:13] [INFO] Audit Purview - page 757 traitee, total lu : 189250, memoire PowerShell : 4975 Mo.
[25/08/2026 12:45:15] [INFO] Audit Purview - page 758 traitee, total lu : 189500, memoire PowerShell : 4980 Mo.
[25/08/2026 12:45:19] [INFO] Audit Purview - page 759 traitee, total lu : 189750, memoire PowerShell : 4975 Mo.
[25/08/2026 12:45:20] [INFO] Audit Purview - page 760 traitee, total lu : 190000, memoire PowerShell : 4976 Mo.
[25/08/2026 12:45:24] [INFO] Audit Purview - page 761 traitee, total lu : 190250, memoire PowerShell : 4977 Mo.
[25/08/2026 12:45:27] [INFO] Audit Purview - page 762 traitee, total lu : 190500, memoire PowerShell : 4982 Mo.
[25/08/2026 12:45:31] [INFO] Audit Purview - page 763 traitee, total lu : 190750, memoire PowerShell : 4976 Mo.
[25/08/2026 12:45:36] [INFO] Audit Purview - page 764 traitee, total lu : 191000, memoire PowerShell : 4979 Mo.
[25/08/2026 12:45:37] [INFO] Audit Purview - page 765 traitee, total lu : 191250, memoire PowerShell : 4977 Mo.
[25/08/2026 12:45:39] [INFO] Audit Purview - page 766 traitee, total lu : 191500, memoire PowerShell : 4982 Mo.
[25/08/2026 12:45:42] [INFO] Audit Purview - page 767 traitee, total lu : 191750, memoire PowerShell : 4979 Mo.
[25/08/2026 12:45:44] [INFO] Audit Purview - page 768 traitee, total lu : 192000, memoire PowerShell : 4980 Mo.
[25/08/2026 12:45:46] [INFO] Audit Purview - page 769 traitee, total lu : 192148, memoire PowerShell : 4978 Mo.
[25/08/2026 12:45:46] [INFO] 192148 activite(s) Power BI lue(s) dans Purview sans stockage en memoire.
[25/08/2026 12:45:46] [INFO] Lecture des connexions Entra Power BI Online et Desktop (indice complementaire).
[25/08/2026 12:45:46] [INFO] Requete Entra 1/2 : applications commencant par Power BI.
[25/08/2026 12:45:51] [INFO] Connexions Power BI - page 1 traitee, total lu : 250, memoire PowerShell : 4977 Mo.
[25/08/2026 12:45:55] [INFO] Connexions Power BI - page 2 traitee, total lu : 500, memoire PowerShell : 4976 Mo.
[25/08/2026 12:46:00] [INFO] Connexions Power BI - page 3 traitee, total lu : 750, memoire PowerShell : 4977 Mo.
[25/08/2026 12:46:03] [INFO] Connexions Power BI - page 4 traitee, total lu : 1000, memoire PowerShell : 4977 Mo.
[25/08/2026 12:46:13] [INFO] Connexions Power BI - page 5 traitee, total lu : 1250, memoire PowerShell : 4977 Mo.
[25/08/2026 12:46:20] [INFO] Connexions Power BI - page 6 traitee, total lu : 1500, memoire PowerShell : 4977 Mo.
[25/08/2026 12:46:24] [INFO] Connexions Power BI - page 7 traitee, total lu : 1750, memoire PowerShell : 4977 Mo.
[25/08/2026 12:46:29] [INFO] Connexions Power BI - page 8 traitee, total lu : 2000, memoire PowerShell : 4977 Mo.
[25/08/2026 12:46:32] [INFO] Connexions Power BI - page 9 traitee, total lu : 2250, memoire PowerShell : 4977 Mo.
[25/08/2026 12:46:39] [INFO] Connexions Power BI - page 10 traitee, total lu : 2500, memoire PowerShell : 4977 Mo.
[25/08/2026 12:46:52] [INFO] Connexions Power BI - page 11 traitee, total lu : 2750, memoire PowerShell : 4978 Mo.
[25/08/2026 12:46:56] [INFO] Connexions Power BI - page 12 traitee, total lu : 3000, memoire PowerShell : 4978 Mo.
[25/08/2026 12:47:05] [INFO] Connexions Power BI - page 13 traitee, total lu : 3250, memoire PowerShell : 4980 Mo.
[25/08/2026 12:47:10] [INFO] Connexions Power BI - page 14 traitee, total lu : 3500, memoire PowerShell : 4980 Mo.
[25/08/2026 12:47:16] [INFO] Connexions Power BI - page 15 traitee, total lu : 3750, memoire PowerShell : 4980 Mo.
[25/08/2026 12:47:21] [INFO] Connexions Power BI - page 16 traitee, total lu : 4000, memoire PowerShell : 4980 Mo.
[25/08/2026 12:47:32] [INFO] Connexions Power BI - page 17 traitee, total lu : 4250, memoire PowerShell : 4980 Mo.
[25/08/2026 12:47:37] [INFO] Connexions Power BI - page 18 traitee, total lu : 4500, memoire PowerShell : 4980 Mo.
[25/08/2026 12:47:46] [INFO] Connexions Power BI - page 19 traitee, total lu : 4750, memoire PowerShell : 4981 Mo.
[25/08/2026 12:47:51] [INFO] Connexions Power BI - page 20 traitee, total lu : 5000, memoire PowerShell : 4980 Mo.
[25/08/2026 12:48:03] [INFO] Connexions Power BI - page 21 traitee, total lu : 5250, memoire PowerShell : 4981 Mo.
[25/08/2026 12:48:07] [INFO] Connexions Power BI - page 22 traitee, total lu : 5500, memoire PowerShell : 4981 Mo.
[25/08/2026 12:48:11] [INFO] Connexions Power BI - page 23 traitee, total lu : 5750, memoire PowerShell : 4981 Mo.
[25/08/2026 12:48:18] [INFO] Connexions Power BI - page 24 traitee, total lu : 6000, memoire PowerShell : 4981 Mo.
[25/08/2026 12:48:25] [INFO] Connexions Power BI - page 25 traitee, total lu : 6250, memoire PowerShell : 4981 Mo.
[25/08/2026 12:48:30] [INFO] Connexions Power BI - page 26 traitee, total lu : 6500, memoire PowerShell : 4982 Mo.
[25/08/2026 12:48:35] [INFO] Connexions Power BI - page 27 traitee, total lu : 6750, memoire PowerShell : 4982 Mo.
[25/08/2026 12:48:39] [INFO] Connexions Power BI - page 28 traitee, total lu : 7000, memoire PowerShell : 4982 Mo.
[25/08/2026 12:48:46] [INFO] Connexions Power BI - page 29 traitee, total lu : 7250, memoire PowerShell : 4982 Mo.
[25/08/2026 12:48:50] [INFO] Connexions Power BI - page 30 traitee, total lu : 7500, memoire PowerShell : 4982 Mo.
[25/08/2026 12:48:57] [INFO] Connexions Power BI - page 31 traitee, total lu : 7750, memoire PowerShell : 4982 Mo.
[25/08/2026 12:49:01] [INFO] Connexions Power BI - page 32 traitee, total lu : 8000, memoire PowerShell : 4982 Mo.
[25/08/2026 12:49:05] [INFO] Connexions Power BI - page 33 traitee, total lu : 8250, memoire PowerShell : 4983 Mo.
[25/08/2026 12:49:09] [INFO] Connexions Power BI - page 34 traitee, total lu : 8500, memoire PowerShell : 4982 Mo.
[25/08/2026 12:49:14] [INFO] Connexions Power BI - page 35 traitee, total lu : 8750, memoire PowerShell : 4983 Mo.
[25/08/2026 12:49:18] [INFO] Connexions Power BI - page 36 traitee, total lu : 9000, memoire PowerShell : 4983 Mo.
[25/08/2026 12:49:22] [INFO] Connexions Power BI - page 37 traitee, total lu : 9250, memoire PowerShell : 4993 Mo.
[25/08/2026 12:49:26] [INFO] Connexions Power BI - page 38 traitee, total lu : 9500, memoire PowerShell : 5010 Mo.
[25/08/2026 12:49:31] [INFO] Connexions Power BI - page 39 traitee, total lu : 9750, memoire PowerShell : 5034 Mo.
[25/08/2026 12:49:37] [INFO] Connexions Power BI - page 40 traitee, total lu : 10000, memoire PowerShell : 5027 Mo.
[25/08/2026 12:49:43] [INFO] Connexions Power BI - page 41 traitee, total lu : 10250, memoire PowerShell : 5004 Mo.
[25/08/2026 12:49:48] [INFO] Connexions Power BI - page 42 traitee, total lu : 10500, memoire PowerShell : 5004 Mo.
[25/08/2026 12:49:55] [INFO] Connexions Power BI - page 43 traitee, total lu : 10750, memoire PowerShell : 5004 Mo.
[25/08/2026 12:49:59] [INFO] Connexions Power BI - page 44 traitee, total lu : 11000, memoire PowerShell : 5004 Mo.
[25/08/2026 12:50:05] [INFO] Connexions Power BI - page 45 traitee, total lu : 11250, memoire PowerShell : 5005 Mo.
[25/08/2026 12:50:08] [INFO] Connexions Power BI - page 46 traitee, total lu : 11500, memoire PowerShell : 5005 Mo.
[25/08/2026 12:50:12] [INFO] Connexions Power BI - page 47 traitee, total lu : 11750, memoire PowerShell : 5005 Mo.
[25/08/2026 12:50:16] [INFO] Connexions Power BI - page 48 traitee, total lu : 12000, memoire PowerShell : 5005 Mo.
[25/08/2026 12:50:22] [INFO] Connexions Power BI - page 49 traitee, total lu : 12250, memoire PowerShell : 5004 Mo.
[25/08/2026 12:50:25] [INFO] Connexions Power BI - page 50 traitee, total lu : 12500, memoire PowerShell : 5005 Mo.
[25/08/2026 12:50:29] [INFO] Connexions Power BI - page 51 traitee, total lu : 12750, memoire PowerShell : 5005 Mo.
[25/08/2026 12:50:34] [INFO] Connexions Power BI - page 52 traitee, total lu : 13000, memoire PowerShell : 5005 Mo.
[25/08/2026 12:50:37] [INFO] Connexions Power BI - page 53 traitee, total lu : 13250, memoire PowerShell : 5005 Mo.
[25/08/2026 12:50:41] [INFO] Connexions Power BI - page 54 traitee, total lu : 13500, memoire PowerShell : 5005 Mo.
[25/08/2026 12:50:44] [INFO] Connexions Power BI - page 55 traitee, total lu : 13750, memoire PowerShell : 5005 Mo.
[25/08/2026 12:50:48] [INFO] Connexions Power BI - page 56 traitee, total lu : 14000, memoire PowerShell : 5005 Mo.
[25/08/2026 12:50:52] [INFO] Connexions Power BI - page 57 traitee, total lu : 14250, memoire PowerShell : 5005 Mo.
[25/08/2026 12:50:57] [INFO] Connexions Power BI - page 58 traitee, total lu : 14500, memoire PowerShell : 5007 Mo.
[25/08/2026 12:51:02] [INFO] Connexions Power BI - page 59 traitee, total lu : 14750, memoire PowerShell : 5030 Mo.
[25/08/2026 12:51:05] [INFO] Connexions Power BI - page 60 traitee, total lu : 15000, memoire PowerShell : 5053 Mo.
[25/08/2026 12:51:13] [INFO] Connexions Power BI - page 61 traitee, total lu : 15250, memoire PowerShell : 5023 Mo.
[25/08/2026 12:51:17] [INFO] Connexions Power BI - page 62 traitee, total lu : 15500, memoire PowerShell : 5023 Mo.
[25/08/2026 12:51:20] [INFO] Connexions Power BI - page 63 traitee, total lu : 15750, memoire PowerShell : 5023 Mo.
[25/08/2026 12:51:23] [INFO] Connexions Power BI - page 64 traitee, total lu : 16000, memoire PowerShell : 5023 Mo.
[25/08/2026 12:51:26] [INFO] Connexions Power BI - page 65 traitee, total lu : 16250, memoire PowerShell : 5023 Mo.
[25/08/2026 12:51:30] [INFO] Connexions Power BI - page 66 traitee, total lu : 16500, memoire PowerShell : 5023 Mo.
[25/08/2026 12:51:33] [INFO] Connexions Power BI - page 67 traitee, total lu : 16750, memoire PowerShell : 5023 Mo.
[25/08/2026 12:51:38] [INFO] Connexions Power BI - page 68 traitee, total lu : 17000, memoire PowerShell : 5023 Mo.
[25/08/2026 12:51:41] [INFO] Connexions Power BI - page 69 traitee, total lu : 17250, memoire PowerShell : 5023 Mo.
[25/08/2026 12:51:50] [INFO] Connexions Power BI - page 70 traitee, total lu : 17500, memoire PowerShell : 5023 Mo.
[25/08/2026 12:51:53] [INFO] Connexions Power BI - page 71 traitee, total lu : 17750, memoire PowerShell : 5024 Mo.
[25/08/2026 12:51:56] [INFO] Connexions Power BI - page 72 traitee, total lu : 18000, memoire PowerShell : 5024 Mo.
[25/08/2026 12:51:59] [INFO] Connexions Power BI - page 73 traitee, total lu : 18250, memoire PowerShell : 5024 Mo.
[25/08/2026 12:52:02] [INFO] Connexions Power BI - page 74 traitee, total lu : 18500, memoire PowerShell : 5024 Mo.
[25/08/2026 12:52:05] [INFO] Connexions Power BI - page 75 traitee, total lu : 18750, memoire PowerShell : 5024 Mo.
[25/08/2026 12:52:17] [INFO] Connexions Power BI - page 76 traitee, total lu : 19000, memoire PowerShell : 5024 Mo.
[25/08/2026 12:52:25] [INFO] Connexions Power BI - page 77 traitee, total lu : 19250, memoire PowerShell : 5024 Mo.
[25/08/2026 12:52:31] [INFO] Connexions Power BI - page 78 traitee, total lu : 19500, memoire PowerShell : 5028 Mo.
[25/08/2026 12:52:36] [INFO] Connexions Power BI - page 79 traitee, total lu : 19750, memoire PowerShell : 5039 Mo.
[25/08/2026 12:52:39] [INFO] Connexions Power BI - page 80 traitee, total lu : 20000, memoire PowerShell : 5062 Mo.
[25/08/2026 12:52:46] [INFO] Connexions Power BI - page 81 traitee, total lu : 20250, memoire PowerShell : 5036 Mo.
[25/08/2026 12:52:49] [INFO] Connexions Power BI - page 82 traitee, total lu : 20500, memoire PowerShell : 5035 Mo.
[25/08/2026 12:52:52] [INFO] Connexions Power BI - page 83 traitee, total lu : 20750, memoire PowerShell : 5036 Mo.
[25/08/2026 12:52:55] [INFO] Connexions Power BI - page 84 traitee, total lu : 21000, memoire PowerShell : 5036 Mo.
[25/08/2026 12:52:59] [INFO] Connexions Power BI - page 85 traitee, total lu : 21250, memoire PowerShell : 5036 Mo.
[25/08/2026 12:53:03] [INFO] Connexions Power BI - page 86 traitee, total lu : 21500, memoire PowerShell : 5036 Mo.
[25/08/2026 12:53:06] [INFO] Connexions Power BI - page 87 traitee, total lu : 21750, memoire PowerShell : 5036 Mo.
[25/08/2026 12:53:11] [INFO] Connexions Power BI - page 88 traitee, total lu : 22000, memoire PowerShell : 5036 Mo.
[25/08/2026 12:53:16] [INFO] Connexions Power BI - page 89 traitee, total lu : 22250, memoire PowerShell : 5036 Mo.
[25/08/2026 12:53:19] [INFO] Connexions Power BI - page 90 traitee, total lu : 22500, memoire PowerShell : 5036 Mo.
[25/08/2026 12:53:24] [INFO] Connexions Power BI - page 91 traitee, total lu : 22750, memoire PowerShell : 5036 Mo.
[25/08/2026 12:53:32] [INFO] Connexions Power BI - page 92 traitee, total lu : 23000, memoire PowerShell : 5036 Mo.
[25/08/2026 12:53:41] [INFO] Connexions Power BI - page 93 traitee, total lu : 23250, memoire PowerShell : 5036 Mo.
[25/08/2026 12:53:47] [INFO] Connexions Power BI - page 94 traitee, total lu : 23500, memoire PowerShell : 5037 Mo.
[25/08/2026 12:53:55] [INFO] Connexions Power BI - page 95 traitee, total lu : 23750, memoire PowerShell : 5037 Mo.
[25/08/2026 12:54:01] [INFO] Connexions Power BI - page 96 traitee, total lu : 24000, memoire PowerShell : 5036 Mo.
[25/08/2026 12:54:13] [INFO] Connexions Power BI - page 97 traitee, total lu : 24250, memoire PowerShell : 5037 Mo.
[25/08/2026 12:54:16] [INFO] Connexions Power BI - page 98 traitee, total lu : 24500, memoire PowerShell : 5042 Mo.
[25/08/2026 12:54:19] [INFO] Connexions Power BI - page 99 traitee, total lu : 24750, memoire PowerShell : 5052 Mo.
[25/08/2026 12:54:26] [INFO] Connexions Power BI - page 100 traitee, total lu : 25000, memoire PowerShell : 5027 Mo.
[25/08/2026 12:54:32] [INFO] Connexions Power BI - page 101 traitee, total lu : 25250, memoire PowerShell : 5028 Mo.
[25/08/2026 12:54:43] [INFO] Connexions Power BI - page 102 traitee, total lu : 25500, memoire PowerShell : 5029 Mo.
[25/08/2026 12:54:48] [INFO] Connexions Power BI - page 103 traitee, total lu : 25750, memoire PowerShell : 5028 Mo.
[25/08/2026 12:54:51] [INFO] Connexions Power BI - page 104 traitee, total lu : 26000, memoire PowerShell : 5029 Mo.
[25/08/2026 12:54:54] [INFO] Connexions Power BI - page 105 traitee, total lu : 26250, memoire PowerShell : 5029 Mo.
[25/08/2026 12:54:58] [INFO] Connexions Power BI - page 106 traitee, total lu : 26500, memoire PowerShell : 5029 Mo.
[25/08/2026 12:55:02] [INFO] Connexions Power BI - page 107 traitee, total lu : 26750, memoire PowerShell : 5029 Mo.
[25/08/2026 12:55:07] [INFO] Connexions Power BI - page 108 traitee, total lu : 27000, memoire PowerShell : 5029 Mo.
[25/08/2026 12:55:11] [INFO] Connexions Power BI - page 109 traitee, total lu : 27250, memoire PowerShell : 5029 Mo.
[25/08/2026 12:55:14] [INFO] Connexions Power BI - page 110 traitee, total lu : 27500, memoire PowerShell : 5029 Mo.
[25/08/2026 12:55:19] [INFO] Connexions Power BI - page 111 traitee, total lu : 27750, memoire PowerShell : 5029 Mo.
[25/08/2026 12:55:23] [INFO] Connexions Power BI - page 112 traitee, total lu : 28000, memoire PowerShell : 5029 Mo.
[25/08/2026 12:55:29] [INFO] Connexions Power BI - page 113 traitee, total lu : 28250, memoire PowerShell : 5030 Mo.
[25/08/2026 12:55:32] [INFO] Connexions Power BI - page 114 traitee, total lu : 28500, memoire PowerShell : 5030 Mo.
[25/08/2026 12:55:35] [INFO] Connexions Power BI - page 115 traitee, total lu : 28750, memoire PowerShell : 5030 Mo.
[25/08/2026 12:55:38] [INFO] Connexions Power BI - page 116 traitee, total lu : 29000, memoire PowerShell : 5029 Mo.
[25/08/2026 12:55:42] [INFO] Connexions Power BI - page 117 traitee, total lu : 29250, memoire PowerShell : 5030 Mo.
[25/08/2026 12:55:46] [INFO] Connexions Power BI - page 118 traitee, total lu : 29500, memoire PowerShell : 5034 Mo.
[25/08/2026 12:55:46] [INFO] Obtention ou renouvellement du jeton Microsoft Graph.
[25/08/2026 12:55:47] [INFO] Jeton Graph valide jusqu'au 25/08/2026 13:50:46.
[25/08/2026 12:55:51] [INFO] Connexions Power BI - page 119 traitee, total lu : 29750, memoire PowerShell : 5045 Mo.
[25/08/2026 12:55:55] [INFO] Connexions Power BI - page 120 traitee, total lu : 30000, memoire PowerShell : 5065 Mo.
[25/08/2026 12:56:07] [INFO] Connexions Power BI - page 121 traitee, total lu : 30250, memoire PowerShell : 5033 Mo.
[25/08/2026 12:56:14] [INFO] Connexions Power BI - page 122 traitee, total lu : 30500, memoire PowerShell : 5034 Mo.
[25/08/2026 12:56:21] [INFO] Connexions Power BI - page 123 traitee, total lu : 30750, memoire PowerShell : 5033 Mo.
[25/08/2026 12:56:25] [INFO] Connexions Power BI - page 124 traitee, total lu : 31000, memoire PowerShell : 5033 Mo.
[25/08/2026 12:56:34] [INFO] Connexions Power BI - page 125 traitee, total lu : 31250, memoire PowerShell : 5033 Mo.
[25/08/2026 12:56:38] [INFO] Connexions Power BI - page 126 traitee, total lu : 31500, memoire PowerShell : 5034 Mo.
[25/08/2026 12:56:43] [INFO] Connexions Power BI - page 127 traitee, total lu : 31750, memoire PowerShell : 5034 Mo.
[25/08/2026 12:56:46] [INFO] Connexions Power BI - page 128 traitee, total lu : 32000, memoire PowerShell : 5034 Mo.
[25/08/2026 12:56:49] [INFO] Connexions Power BI - page 129 traitee, total lu : 32250, memoire PowerShell : 5034 Mo.
[25/08/2026 12:56:54] [INFO] Connexions Power BI - page 130 traitee, total lu : 32500, memoire PowerShell : 5034 Mo.
[25/08/2026 12:56:58] [INFO] Connexions Power BI - page 131 traitee, total lu : 32750, memoire PowerShell : 5034 Mo.
[25/08/2026 12:57:01] [INFO] Connexions Power BI - page 132 traitee, total lu : 33000, memoire PowerShell : 5034 Mo.
[25/08/2026 12:57:06] [INFO] Connexions Power BI - page 133 traitee, total lu : 33250, memoire PowerShell : 5034 Mo.
[25/08/2026 12:57:11] [INFO] Connexions Power BI - page 134 traitee, total lu : 33500, memoire PowerShell : 5034 Mo.
[25/08/2026 12:57:14] [INFO] Connexions Power BI - page 135 traitee, total lu : 33750, memoire PowerShell : 5034 Mo.
[25/08/2026 12:57:18] [INFO] Connexions Power BI - page 136 traitee, total lu : 34000, memoire PowerShell : 5034 Mo.
[25/08/2026 12:57:24] [INFO] Connexions Power BI - page 137 traitee, total lu : 34250, memoire PowerShell : 5034 Mo.
[25/08/2026 12:57:27] [INFO] Connexions Power BI - page 138 traitee, total lu : 34500, memoire PowerShell : 5038 Mo.
[25/08/2026 12:57:31] [INFO] Connexions Power BI - page 139 traitee, total lu : 34750, memoire PowerShell : 5049 Mo.
[25/08/2026 12:57:35] [INFO] Connexions Power BI - page 140 traitee, total lu : 35000, memoire PowerShell : 5068 Mo.
[25/08/2026 12:57:43] [INFO] Connexions Power BI - page 141 traitee, total lu : 35250, memoire PowerShell : 5038 Mo.
[25/08/2026 12:57:46] [INFO] Connexions Power BI - page 142 traitee, total lu : 35500, memoire PowerShell : 5038 Mo.
[25/08/2026 12:57:50] [INFO] Connexions Power BI - page 143 traitee, total lu : 35750, memoire PowerShell : 5038 Mo.
[25/08/2026 12:57:54] [INFO] Connexions Power BI - page 144 traitee, total lu : 36000, memoire PowerShell : 5038 Mo.
[25/08/2026 12:58:01] [INFO] Connexions Power BI - page 145 traitee, total lu : 36250, memoire PowerShell : 5038 Mo.
[25/08/2026 12:58:06] [INFO] Connexions Power BI - page 146 traitee, total lu : 36500, memoire PowerShell : 5038 Mo.
[25/08/2026 12:58:10] [INFO] Connexions Power BI - page 147 traitee, total lu : 36750, memoire PowerShell : 5039 Mo.
[25/08/2026 12:58:14] [INFO] Connexions Power BI - page 148 traitee, total lu : 37000, memoire PowerShell : 5039 Mo.
[25/08/2026 12:58:18] [INFO] Connexions Power BI - page 149 traitee, total lu : 37250, memoire PowerShell : 5039 Mo.
[25/08/2026 12:58:22] [INFO] Connexions Power BI - page 150 traitee, total lu : 37500, memoire PowerShell : 5038 Mo.
[25/08/2026 12:58:26] [INFO] Connexions Power BI - page 151 traitee, total lu : 37750, memoire PowerShell : 5039 Mo.
[25/08/2026 12:58:29] [INFO] Connexions Power BI - page 152 traitee, total lu : 38000, memoire PowerShell : 5038 Mo.
[25/08/2026 12:58:33] [INFO] Connexions Power BI - page 153 traitee, total lu : 38250, memoire PowerShell : 5039 Mo.
[25/08/2026 12:58:42] [INFO] Connexions Power BI - page 154 traitee, total lu : 38500, memoire PowerShell : 5039 Mo.
[25/08/2026 12:58:48] [INFO] Connexions Power BI - page 155 traitee, total lu : 38750, memoire PowerShell : 5039 Mo.
[25/08/2026 12:58:53] [INFO] Connexions Power BI - page 156 traitee, total lu : 39000, memoire PowerShell : 5039 Mo.
[25/08/2026 12:58:56] [INFO] Connexions Power BI - page 157 traitee, total lu : 39250, memoire PowerShell : 5039 Mo.
[25/08/2026 12:59:02] [INFO] Connexions Power BI - page 158 traitee, total lu : 39500, memoire PowerShell : 5044 Mo.
[25/08/2026 12:59:20] [INFO] Connexions Power BI - page 159 traitee, total lu : 39750, memoire PowerShell : 5055 Mo.
[25/08/2026 12:59:24] [INFO] Connexions Power BI - page 160 traitee, total lu : 40000, memoire PowerShell : 5055 Mo.
[25/08/2026 12:59:30] [INFO] Connexions Power BI - page 161 traitee, total lu : 40250, memoire PowerShell : 5040 Mo.
[25/08/2026 12:59:34] [INFO] Connexions Power BI - page 162 traitee, total lu : 40500, memoire PowerShell : 5040 Mo.
[25/08/2026 12:59:37] [INFO] Connexions Power BI - page 163 traitee, total lu : 40750, memoire PowerShell : 5040 Mo.
[25/08/2026 12:59:40] [INFO] Connexions Power BI - page 164 traitee, total lu : 41000, memoire PowerShell : 5040 Mo.
[25/08/2026 12:59:43] [INFO] Connexions Power BI - page 165 traitee, total lu : 41250, memoire PowerShell : 5040 Mo.
[25/08/2026 12:59:47] [INFO] Connexions Power BI - page 166 traitee, total lu : 41500, memoire PowerShell : 5040 Mo.
[25/08/2026 12:59:50] [INFO] Connexions Power BI - page 167 traitee, total lu : 41750, memoire PowerShell : 5040 Mo.
[25/08/2026 12:59:53] [INFO] Connexions Power BI - page 168 traitee, total lu : 42000, memoire PowerShell : 5040 Mo.
[25/08/2026 12:59:58] [INFO] Connexions Power BI - page 169 traitee, total lu : 42250, memoire PowerShell : 5040 Mo.
[25/08/2026 13:00:04] [INFO] Connexions Power BI - page 170 traitee, total lu : 42500, memoire PowerShell : 5040 Mo.
[25/08/2026 13:00:08] [INFO] Connexions Power BI - page 171 traitee, total lu : 42750, memoire PowerShell : 5040 Mo.
[25/08/2026 13:00:12] [INFO] Connexions Power BI - page 172 traitee, total lu : 43000, memoire PowerShell : 5040 Mo.
[25/08/2026 13:00:16] [INFO] Connexions Power BI - page 173 traitee, total lu : 43250, memoire PowerShell : 5040 Mo.
[25/08/2026 13:00:25] [INFO] Connexions Power BI - page 174 traitee, total lu : 43500, memoire PowerShell : 5041 Mo.
[25/08/2026 13:00:30] [INFO] Connexions Power BI - page 175 traitee, total lu : 43750, memoire PowerShell : 5041 Mo.
[25/08/2026 13:00:37] [INFO] Connexions Power BI - page 176 traitee, total lu : 44000, memoire PowerShell : 5041 Mo.
[25/08/2026 13:00:42] [INFO] Connexions Power BI - page 177 traitee, total lu : 44250, memoire PowerShell : 5041 Mo.
[25/08/2026 13:00:46] [INFO] Connexions Power BI - page 178 traitee, total lu : 44500, memoire PowerShell : 5045 Mo.
[25/08/2026 13:00:49] [INFO] Connexions Power BI - page 179 traitee, total lu : 44750, memoire PowerShell : 5056 Mo.
[25/08/2026 13:00:52] [INFO] Connexions Power BI - page 180 traitee, total lu : 45000, memoire PowerShell : 5068 Mo.
[25/08/2026 13:00:58] [INFO] Connexions Power BI - page 181 traitee, total lu : 45250, memoire PowerShell : 5041 Mo.
[25/08/2026 13:01:03] [INFO] Connexions Power BI - page 182 traitee, total lu : 45500, memoire PowerShell : 5041 Mo.
[25/08/2026 13:01:07] [INFO] Connexions Power BI - page 183 traitee, total lu : 45750, memoire PowerShell : 5042 Mo.
[25/08/2026 13:01:13] [INFO] Connexions Power BI - page 184 traitee, total lu : 46000, memoire PowerShell : 5042 Mo.
[25/08/2026 13:01:17] [INFO] Connexions Power BI - page 185 traitee, total lu : 46250, memoire PowerShell : 5042 Mo.
[25/08/2026 13:01:25] [INFO] Connexions Power BI - page 186 traitee, total lu : 46500, memoire PowerShell : 5042 Mo.
[25/08/2026 13:01:36] [INFO] Connexions Power BI - page 187 traitee, total lu : 46750, memoire PowerShell : 5042 Mo.
[25/08/2026 13:01:40] [INFO] Connexions Power BI - page 188 traitee, total lu : 47000, memoire PowerShell : 5042 Mo.
[25/08/2026 13:01:44] [INFO] Connexions Power BI - page 189 traitee, total lu : 47250, memoire PowerShell : 5042 Mo.
[25/08/2026 13:01:54] [INFO] Connexions Power BI - page 190 traitee, total lu : 47500, memoire PowerShell : 5042 Mo.
[25/08/2026 13:01:57] [INFO] Connexions Power BI - page 191 traitee, total lu : 47750, memoire PowerShell : 5042 Mo.
[25/08/2026 13:02:04] [INFO] Connexions Power BI - page 192 traitee, total lu : 48000, memoire PowerShell : 5042 Mo.
[25/08/2026 13:02:09] [INFO] Connexions Power BI - page 193 traitee, total lu : 48250, memoire PowerShell : 5042 Mo.
[25/08/2026 13:02:13] [INFO] Connexions Power BI - page 194 traitee, total lu : 48500, memoire PowerShell : 5054 Mo.
[25/08/2026 13:02:17] [INFO] Connexions Power BI - page 195 traitee, total lu : 48750, memoire PowerShell : 5065 Mo.
[25/08/2026 13:02:21] [INFO] Connexions Power BI - page 196 traitee, total lu : 49000, memoire PowerShell : 5076 Mo.
[25/08/2026 13:02:24] [INFO] Connexions Power BI - page 197 traitee, total lu : 49250, memoire PowerShell : 5087 Mo.
[25/08/2026 13:02:28] [INFO] Connexions Power BI - page 198 traitee, total lu : 49500, memoire PowerShell : 5097 Mo.
[25/08/2026 13:02:35] [INFO] Connexions Power BI - page 199 traitee, total lu : 49750, memoire PowerShell : 5082 Mo.
[25/08/2026 13:02:39] [INFO] Connexions Power BI - page 200 traitee, total lu : 50000, memoire PowerShell : 5036 Mo.
[25/08/2026 13:02:44] [INFO] Connexions Power BI - page 201 traitee, total lu : 50250, memoire PowerShell : 4931 Mo.
[25/08/2026 13:02:48] [INFO] Connexions Power BI - page 202 traitee, total lu : 50500, memoire PowerShell : 4931 Mo.
[25/08/2026 13:02:52] [INFO] Connexions Power BI - page 203 traitee, total lu : 50750, memoire PowerShell : 4931 Mo.
[25/08/2026 13:02:55] [INFO] Connexions Power BI - page 204 traitee, total lu : 51000, memoire PowerShell : 4931 Mo.
[25/08/2026 13:03:00] [INFO] Connexions Power BI - page 205 traitee, total lu : 51250, memoire PowerShell : 4931 Mo.
[25/08/2026 13:03:03] [INFO] Connexions Power BI - page 206 traitee, total lu : 51500, memoire PowerShell : 4932 Mo.
[25/08/2026 13:03:08] [INFO] Connexions Power BI - page 207 traitee, total lu : 51750, memoire PowerShell : 4931 Mo.
[25/08/2026 13:03:11] [INFO] Connexions Power BI - page 208 traitee, total lu : 52000, memoire PowerShell : 4931 Mo.
[25/08/2026 13:03:15] [INFO] Connexions Power BI - page 209 traitee, total lu : 52250, memoire PowerShell : 4931 Mo.
[25/08/2026 13:03:23] [INFO] Connexions Power BI - page 210 traitee, total lu : 52500, memoire PowerShell : 4931 Mo.
[25/08/2026 13:03:26] [INFO] Connexions Power BI - page 211 traitee, total lu : 52750, memoire PowerShell : 4936 Mo.
[25/08/2026 13:03:29] [INFO] Connexions Power BI - page 212 traitee, total lu : 53000, memoire PowerShell : 4947 Mo.
[25/08/2026 13:03:33] [INFO] Connexions Power BI - page 213 traitee, total lu : 53250, memoire PowerShell : 4958 Mo.
[25/08/2026 13:03:36] [INFO] Connexions Power BI - page 214 traitee, total lu : 53500, memoire PowerShell : 4969 Mo.
[25/08/2026 13:03:39] [INFO] Connexions Power BI - page 215 traitee, total lu : 53750, memoire PowerShell : 4980 Mo.
[25/08/2026 13:03:42] [INFO] Connexions Power BI - page 216 traitee, total lu : 54000, memoire PowerShell : 4991 Mo.
[25/08/2026 13:03:52] [INFO] Connexions Power BI - page 217 traitee, total lu : 54250, memoire PowerShell : 5002 Mo.
[25/08/2026 13:03:59] [INFO] Connexions Power BI - page 218 traitee, total lu : 54500, memoire PowerShell : 5013 Mo.
[25/08/2026 13:04:06] [INFO] Connexions Power BI - page 219 traitee, total lu : 54750, memoire PowerShell : 5025 Mo.
[25/08/2026 13:04:10] [INFO] Connexions Power BI - page 220 traitee, total lu : 55000, memoire PowerShell : 5039 Mo.
[25/08/2026 13:04:16] [INFO] Connexions Power BI - page 221 traitee, total lu : 55250, memoire PowerShell : 4936 Mo.
[25/08/2026 13:04:25] [INFO] Connexions Power BI - page 222 traitee, total lu : 55500, memoire PowerShell : 4936 Mo.
[25/08/2026 13:04:30] [INFO] Connexions Power BI - page 223 traitee, total lu : 55750, memoire PowerShell : 4936 Mo.
[25/08/2026 13:04:33] [INFO] Connexions Power BI - page 224 traitee, total lu : 56000, memoire PowerShell : 4936 Mo.
[25/08/2026 13:04:37] [INFO] Connexions Power BI - page 225 traitee, total lu : 56250, memoire PowerShell : 4936 Mo.
[25/08/2026 13:04:40] [INFO] Connexions Power BI - page 226 traitee, total lu : 56500, memoire PowerShell : 4936 Mo.
[25/08/2026 13:04:43] [INFO] Connexions Power BI - page 227 traitee, total lu : 56750, memoire PowerShell : 4936 Mo.
[25/08/2026 13:04:52] [INFO] Connexions Power BI - page 228 traitee, total lu : 57000, memoire PowerShell : 4936 Mo.
[25/08/2026 13:04:55] [INFO] Connexions Power BI - page 229 traitee, total lu : 57250, memoire PowerShell : 4936 Mo.
[25/08/2026 13:05:00] [INFO] Connexions Power BI - page 230 traitee, total lu : 57500, memoire PowerShell : 4936 Mo.
[25/08/2026 13:05:04] [INFO] Connexions Power BI - page 231 traitee, total lu : 57750, memoire PowerShell : 4940 Mo.
[25/08/2026 13:05:08] [INFO] Connexions Power BI - page 232 traitee, total lu : 58000, memoire PowerShell : 4950 Mo.
[25/08/2026 13:05:13] [INFO] Connexions Power BI - page 233 traitee, total lu : 58250, memoire PowerShell : 4961 Mo.
[25/08/2026 13:05:16] [INFO] Connexions Power BI - page 234 traitee, total lu : 58500, memoire PowerShell : 4971 Mo.
[25/08/2026 13:05:20] [INFO] Connexions Power BI - page 235 traitee, total lu : 58750, memoire PowerShell : 4982 Mo.
[25/08/2026 13:05:23] [INFO] Connexions Power BI - page 236 traitee, total lu : 59000, memoire PowerShell : 4993 Mo.
[25/08/2026 13:05:26] [INFO] Connexions Power BI - page 237 traitee, total lu : 59250, memoire PowerShell : 5004 Mo.
[25/08/2026 13:05:30] [INFO] Connexions Power BI - page 238 traitee, total lu : 59500, memoire PowerShell : 5015 Mo.
[25/08/2026 13:05:34] [INFO] Connexions Power BI - page 239 traitee, total lu : 59750, memoire PowerShell : 5026 Mo.
[25/08/2026 13:05:40] [INFO] Connexions Power BI - page 240 traitee, total lu : 60000, memoire PowerShell : 5038 Mo.
[25/08/2026 13:05:50] [INFO] Connexions Power BI - page 241 traitee, total lu : 60250, memoire PowerShell : 4937 Mo.
[25/08/2026 13:05:53] [INFO] Connexions Power BI - page 242 traitee, total lu : 60500, memoire PowerShell : 4937 Mo.
[25/08/2026 13:05:59] [INFO] Connexions Power BI - page 243 traitee, total lu : 60750, memoire PowerShell : 4937 Mo.
[25/08/2026 13:06:07] [INFO] Connexions Power BI - page 244 traitee, total lu : 61000, memoire PowerShell : 4937 Mo.
[25/08/2026 13:06:09] [INFO] Connexions Power BI - page 245 traitee, total lu : 61250, memoire PowerShell : 4937 Mo.
[25/08/2026 13:06:23] [INFO] Connexions Power BI - page 246 traitee, total lu : 61500, memoire PowerShell : 4937 Mo.
[25/08/2026 13:06:32] [INFO] Connexions Power BI - page 247 traitee, total lu : 61750, memoire PowerShell : 4937 Mo.
[25/08/2026 13:06:36] [INFO] Connexions Power BI - page 248 traitee, total lu : 62000, memoire PowerShell : 4937 Mo.
[25/08/2026 13:06:46] [INFO] Connexions Power BI - page 249 traitee, total lu : 62250, memoire PowerShell : 4937 Mo.
[25/08/2026 13:06:49] [INFO] Connexions Power BI - page 250 traitee, total lu : 62500, memoire PowerShell : 4937 Mo.
[25/08/2026 13:06:54] [INFO] Connexions Power BI - page 251 traitee, total lu : 62750, memoire PowerShell : 4942 Mo.
[25/08/2026 13:06:57] [INFO] Connexions Power BI - page 252 traitee, total lu : 63000, memoire PowerShell : 4953 Mo.
[25/08/2026 13:07:00] [INFO] Connexions Power BI - page 253 traitee, total lu : 63250, memoire PowerShell : 4964 Mo.
[25/08/2026 13:07:18] [INFO] Connexions Power BI - page 254 traitee, total lu : 63500, memoire PowerShell : 4976 Mo.
[25/08/2026 13:07:24] [INFO] Connexions Power BI - page 255 traitee, total lu : 63750, memoire PowerShell : 4975 Mo.
[25/08/2026 13:07:29] [INFO] Connexions Power BI - page 256 traitee, total lu : 64000, memoire PowerShell : 4975 Mo.
[25/08/2026 13:07:33] [INFO] Connexions Power BI - page 257 traitee, total lu : 64250, memoire PowerShell : 4975 Mo.
[25/08/2026 13:07:38] [INFO] Connexions Power BI - page 258 traitee, total lu : 64500, memoire PowerShell : 4975 Mo.
[25/08/2026 13:07:54] [INFO] Connexions Power BI - page 259 traitee, total lu : 64750, memoire PowerShell : 4975 Mo.
[25/08/2026 13:08:02] [INFO] Connexions Power BI - page 260 traitee, total lu : 65000, memoire PowerShell : 4975 Mo.
[25/08/2026 13:08:09] [INFO] Connexions Power BI - page 261 traitee, total lu : 65250, memoire PowerShell : 4935 Mo.
[25/08/2026 13:08:14] [INFO] Connexions Power BI - page 262 traitee, total lu : 65500, memoire PowerShell : 4936 Mo.
[25/08/2026 13:08:27] [INFO] Connexions Power BI - page 263 traitee, total lu : 65750, memoire PowerShell : 4935 Mo.
[25/08/2026 13:08:30] [INFO] Connexions Power BI - page 264 traitee, total lu : 66000, memoire PowerShell : 4936 Mo.
[25/08/2026 13:08:34] [INFO] Connexions Power BI - page 265 traitee, total lu : 66250, memoire PowerShell : 4936 Mo.
[25/08/2026 13:08:37] [INFO] Connexions Power BI - page 266 traitee, total lu : 66500, memoire PowerShell : 4936 Mo.
[25/08/2026 13:08:41] [INFO] Connexions Power BI - page 267 traitee, total lu : 66750, memoire PowerShell : 4936 Mo.
[25/08/2026 13:08:44] [INFO] Connexions Power BI - page 268 traitee, total lu : 67000, memoire PowerShell : 4936 Mo.
[25/08/2026 13:08:47] [INFO] Connexions Power BI - page 269 traitee, total lu : 67250, memoire PowerShell : 4936 Mo.
[25/08/2026 13:09:00] [INFO] Connexions Power BI - page 270 traitee, total lu : 67500, memoire PowerShell : 4935 Mo.
[25/08/2026 13:09:04] [INFO] Connexions Power BI - page 271 traitee, total lu : 67750, memoire PowerShell : 4939 Mo.
[25/08/2026 13:09:07] [INFO] Connexions Power BI - page 272 traitee, total lu : 68000, memoire PowerShell : 4950 Mo.
[25/08/2026 13:09:13] [INFO] Connexions Power BI - page 273 traitee, total lu : 68250, memoire PowerShell : 4961 Mo.
[25/08/2026 13:09:15] [INFO] Connexions Power BI - page 274 traitee, total lu : 68500, memoire PowerShell : 4972 Mo.
[25/08/2026 13:09:20] [INFO] Connexions Power BI - page 275 traitee, total lu : 68750, memoire PowerShell : 4983 Mo.
[25/08/2026 13:09:24] [INFO] Connexions Power BI - page 276 traitee, total lu : 69000, memoire PowerShell : 4995 Mo.
[25/08/2026 13:09:28] [INFO] Connexions Power BI - page 277 traitee, total lu : 69250, memoire PowerShell : 5006 Mo.
[25/08/2026 13:09:31] [INFO] Connexions Power BI - page 278 traitee, total lu : 69500, memoire PowerShell : 5017 Mo.
[25/08/2026 13:09:35] [INFO] Connexions Power BI - page 279 traitee, total lu : 69750, memoire PowerShell : 5028 Mo.
[25/08/2026 13:09:39] [INFO] Connexions Power BI - page 280 traitee, total lu : 70000, memoire PowerShell : 5039 Mo.
[25/08/2026 13:09:45] [INFO] Connexions Power BI - page 281 traitee, total lu : 70250, memoire PowerShell : 4937 Mo.
[25/08/2026 13:09:48] [INFO] Connexions Power BI - page 282 traitee, total lu : 70500, memoire PowerShell : 4937 Mo.
[25/08/2026 13:09:53] [INFO] Connexions Power BI - page 283 traitee, total lu : 70750, memoire PowerShell : 4937 Mo.
[25/08/2026 13:09:56] [INFO] Connexions Power BI - page 284 traitee, total lu : 71000, memoire PowerShell : 4937 Mo.
[25/08/2026 13:10:07] [INFO] Connexions Power BI - page 285 traitee, total lu : 71250, memoire PowerShell : 4937 Mo.
[25/08/2026 13:10:17] [INFO] Connexions Power BI - page 286 traitee, total lu : 71500, memoire PowerShell : 4937 Mo.
[25/08/2026 13:10:29] [INFO] Connexions Power BI - page 287 traitee, total lu : 71750, memoire PowerShell : 4937 Mo.
[25/08/2026 13:10:32] [INFO] Connexions Power BI - page 288 traitee, total lu : 72000, memoire PowerShell : 4937 Mo.
[25/08/2026 13:10:39] [INFO] Connexions Power BI - page 289 traitee, total lu : 72250, memoire PowerShell : 4937 Mo.
[25/08/2026 13:10:43] [INFO] Connexions Power BI - page 290 traitee, total lu : 72500, memoire PowerShell : 4937 Mo.
[25/08/2026 13:10:48] [INFO] Connexions Power BI - page 291 traitee, total lu : 72750, memoire PowerShell : 4940 Mo.
[25/08/2026 13:10:52] [INFO] Connexions Power BI - page 292 traitee, total lu : 73000, memoire PowerShell : 4951 Mo.
[25/08/2026 13:11:01] [INFO] Connexions Power BI - page 293 traitee, total lu : 73250, memoire PowerShell : 4962 Mo.
[25/08/2026 13:11:05] [INFO] Connexions Power BI - page 294 traitee, total lu : 73500, memoire PowerShell : 4973 Mo.
[25/08/2026 13:11:08] [INFO] Connexions Power BI - page 295 traitee, total lu : 73750, memoire PowerShell : 4984 Mo.
[25/08/2026 13:11:11] [INFO] Connexions Power BI - page 296 traitee, total lu : 74000, memoire PowerShell : 4995 Mo.
[25/08/2026 13:11:15] [INFO] Connexions Power BI - page 297 traitee, total lu : 74250, memoire PowerShell : 5005 Mo.
[25/08/2026 13:11:17] [INFO] Connexions Power BI - page 298 traitee, total lu : 74500, memoire PowerShell : 5017 Mo.
[25/08/2026 13:11:22] [INFO] Connexions Power BI - page 299 traitee, total lu : 74750, memoire PowerShell : 5027 Mo.
[25/08/2026 13:11:26] [INFO] Connexions Power BI - page 300 traitee, total lu : 75000, memoire PowerShell : 4963 Mo.
[25/08/2026 13:11:32] [INFO] Connexions Power BI - page 301 traitee, total lu : 75250, memoire PowerShell : 4938 Mo.
[25/08/2026 13:11:35] [INFO] Connexions Power BI - page 302 traitee, total lu : 75500, memoire PowerShell : 4938 Mo.
[25/08/2026 13:11:38] [INFO] Connexions Power BI - page 303 traitee, total lu : 75750, memoire PowerShell : 4938 Mo.
[25/08/2026 13:11:41] [INFO] Connexions Power BI - page 304 traitee, total lu : 76000, memoire PowerShell : 4938 Mo.
[25/08/2026 13:11:44] [INFO] Connexions Power BI - page 305 traitee, total lu : 76250, memoire PowerShell : 4938 Mo.
[25/08/2026 13:11:48] [INFO] Connexions Power BI - page 306 traitee, total lu : 76500, memoire PowerShell : 4944 Mo.
[25/08/2026 13:11:51] [INFO] Connexions Power BI - page 307 traitee, total lu : 76750, memoire PowerShell : 4938 Mo.
[25/08/2026 13:11:57] [INFO] Connexions Power BI - page 308 traitee, total lu : 77000, memoire PowerShell : 4938 Mo.
[25/08/2026 13:12:01] [INFO] Connexions Power BI - page 309 traitee, total lu : 77250, memoire PowerShell : 4938 Mo.
[25/08/2026 13:12:04] [INFO] Connexions Power BI - page 310 traitee, total lu : 77500, memoire PowerShell : 4938 Mo.
[25/08/2026 13:12:08] [INFO] Connexions Power BI - page 311 traitee, total lu : 77750, memoire PowerShell : 4943 Mo.
[25/08/2026 13:12:12] [INFO] Connexions Power BI - page 312 traitee, total lu : 78000, memoire PowerShell : 4954 Mo.
[25/08/2026 13:12:22] [INFO] Connexions Power BI - page 313 traitee, total lu : 78250, memoire PowerShell : 4965 Mo.
[25/08/2026 13:12:43] [INFO] Connexions Power BI - page 314 traitee, total lu : 78500, memoire PowerShell : 4977 Mo.
[25/08/2026 13:12:47] [INFO] Connexions Power BI - page 315 traitee, total lu : 78750, memoire PowerShell : 4988 Mo.
[25/08/2026 13:12:57] [INFO] Connexions Power BI - page 316 traitee, total lu : 79000, memoire PowerShell : 4998 Mo.
[25/08/2026 13:13:02] [INFO] Connexions Power BI - page 317 traitee, total lu : 79250, memoire PowerShell : 5010 Mo.
[25/08/2026 13:13:07] [INFO] Connexions Power BI - page 318 traitee, total lu : 79500, memoire PowerShell : 5021 Mo.
[25/08/2026 13:13:18] [INFO] Connexions Power BI - page 319 traitee, total lu : 79750, memoire PowerShell : 4957 Mo.
[25/08/2026 13:13:21] [INFO] Connexions Power BI - page 320 traitee, total lu : 80000, memoire PowerShell : 4957 Mo.
[25/08/2026 13:13:28] [INFO] Connexions Power BI - page 321 traitee, total lu : 80250, memoire PowerShell : 4939 Mo.
[25/08/2026 13:13:32] [INFO] Connexions Power BI - page 322 traitee, total lu : 80500, memoire PowerShell : 4939 Mo.
[25/08/2026 13:13:35] [INFO] Connexions Power BI - page 323 traitee, total lu : 80750, memoire PowerShell : 4940 Mo.
[25/08/2026 13:13:38] [INFO] Connexions Power BI - page 324 traitee, total lu : 81000, memoire PowerShell : 4940 Mo.
[25/08/2026 13:13:41] [INFO] Connexions Power BI - page 325 traitee, total lu : 81250, memoire PowerShell : 4940 Mo.
[25/08/2026 13:13:47] [INFO] Connexions Power BI - page 326 traitee, total lu : 81500, memoire PowerShell : 4940 Mo.
[25/08/2026 13:13:54] [INFO] Connexions Power BI - page 327 traitee, total lu : 81750, memoire PowerShell : 4939 Mo.
[25/08/2026 13:13:57] [INFO] Connexions Power BI - page 328 traitee, total lu : 82000, memoire PowerShell : 4940 Mo.
[25/08/2026 13:14:01] [INFO] Connexions Power BI - page 329 traitee, total lu : 82250, memoire PowerShell : 4940 Mo.
[25/08/2026 13:14:04] [INFO] Connexions Power BI - page 330 traitee, total lu : 82500, memoire PowerShell : 4940 Mo.
[25/08/2026 13:14:12] [INFO] Connexions Power BI - page 331 traitee, total lu : 82750, memoire PowerShell : 4944 Mo.
[25/08/2026 13:14:16] [INFO] Connexions Power BI - page 332 traitee, total lu : 83000, memoire PowerShell : 4955 Mo.
[25/08/2026 13:14:23] [INFO] Connexions Power BI - page 333 traitee, total lu : 83250, memoire PowerShell : 4967 Mo.
[25/08/2026 13:14:29] [INFO] Connexions Power BI - page 334 traitee, total lu : 83500, memoire PowerShell : 4978 Mo.
[25/08/2026 13:14:32] [INFO] Connexions Power BI - page 335 traitee, total lu : 83750, memoire PowerShell : 4989 Mo.
[25/08/2026 13:14:37] [INFO] Connexions Power BI - page 336 traitee, total lu : 84000, memoire PowerShell : 5000 Mo.
[25/08/2026 13:14:41] [INFO] Connexions Power BI - page 337 traitee, total lu : 84250, memoire PowerShell : 5012 Mo.
[25/08/2026 13:14:44] [INFO] Connexions Power BI - page 338 traitee, total lu : 84500, memoire PowerShell : 5022 Mo.
[25/08/2026 13:14:48] [INFO] Connexions Power BI - page 339 traitee, total lu : 84750, memoire PowerShell : 5034 Mo.
[25/08/2026 13:14:54] [INFO] Connexions Power BI - page 340 traitee, total lu : 85000, memoire PowerShell : 5045 Mo.
[25/08/2026 13:15:04] [INFO] Connexions Power BI - page 341 traitee, total lu : 85250, memoire PowerShell : 4941 Mo.
[25/08/2026 13:15:08] [INFO] Connexions Power BI - page 342 traitee, total lu : 85500, memoire PowerShell : 4941 Mo.
[25/08/2026 13:15:14] [INFO] Connexions Power BI - page 343 traitee, total lu : 85750, memoire PowerShell : 4941 Mo.
[25/08/2026 13:15:29] [INFO] Connexions Power BI - page 344 traitee, total lu : 86000, memoire PowerShell : 4941 Mo.
[25/08/2026 13:15:41] [INFO] Connexions Power BI - page 345 traitee, total lu : 86250, memoire PowerShell : 4941 Mo.
[25/08/2026 13:15:45] [INFO] Connexions Power BI - page 346 traitee, total lu : 86500, memoire PowerShell : 4941 Mo.
[25/08/2026 13:15:50] [INFO] Connexions Power BI - page 347 traitee, total lu : 86750, memoire PowerShell : 4941 Mo.
[25/08/2026 13:16:07] [INFO] Connexions Power BI - page 348 traitee, total lu : 87000, memoire PowerShell : 4941 Mo.
[25/08/2026 13:16:11] [INFO] Connexions Power BI - page 349 traitee, total lu : 87250, memoire PowerShell : 4941 Mo.
[25/08/2026 13:16:22] [INFO] Connexions Power BI - page 350 traitee, total lu : 87500, memoire PowerShell : 4941 Mo.
[25/08/2026 13:16:25] [INFO] Connexions Power BI - page 351 traitee, total lu : 87750, memoire PowerShell : 4946 Mo.
[25/08/2026 13:16:29] [INFO] Connexions Power BI - page 352 traitee, total lu : 88000, memoire PowerShell : 4958 Mo.
[25/08/2026 13:16:31] [INFO] Connexions Power BI - page 353 traitee, total lu : 88250, memoire PowerShell : 4969 Mo.
[25/08/2026 13:16:46] [INFO] Connexions Power BI - page 354 traitee, total lu : 88500, memoire PowerShell : 4970 Mo.
[25/08/2026 13:16:50] [INFO] Connexions Power BI - page 355 traitee, total lu : 88750, memoire PowerShell : 4970 Mo.
[25/08/2026 13:16:53] [INFO] Connexions Power BI - page 356 traitee, total lu : 89000, memoire PowerShell : 4970 Mo.
[25/08/2026 13:16:58] [INFO] Connexions Power BI - page 357 traitee, total lu : 89250, memoire PowerShell : 4970 Mo.
[25/08/2026 13:17:02] [INFO] Connexions Power BI - page 358 traitee, total lu : 89500, memoire PowerShell : 4970 Mo.
[25/08/2026 13:17:06] [INFO] Connexions Power BI - page 359 traitee, total lu : 89750, memoire PowerShell : 4970 Mo.
[25/08/2026 13:17:10] [INFO] Connexions Power BI - page 360 traitee, total lu : 90000, memoire PowerShell : 4970 Mo.
[25/08/2026 13:17:16] [INFO] Connexions Power BI - page 361 traitee, total lu : 90250, memoire PowerShell : 4942 Mo.
[25/08/2026 13:17:19] [INFO] Connexions Power BI - page 362 traitee, total lu : 90500, memoire PowerShell : 4942 Mo.
[25/08/2026 13:17:22] [INFO] Connexions Power BI - page 363 traitee, total lu : 90750, memoire PowerShell : 4943 Mo.
[25/08/2026 13:17:27] [INFO] Connexions Power BI - page 364 traitee, total lu : 91000, memoire PowerShell : 4943 Mo.
[25/08/2026 13:17:35] [INFO] Connexions Power BI - page 365 traitee, total lu : 91250, memoire PowerShell : 4943 Mo.
[25/08/2026 13:17:40] [INFO] Connexions Power BI - page 366 traitee, total lu : 91500, memoire PowerShell : 4943 Mo.
[25/08/2026 13:17:49] [INFO] Connexions Power BI - page 367 traitee, total lu : 91750, memoire PowerShell : 4943 Mo.
[25/08/2026 13:17:54] [INFO] Connexions Power BI - page 368 traitee, total lu : 92000, memoire PowerShell : 4943 Mo.
[25/08/2026 13:18:00] [INFO] Connexions Power BI - page 369 traitee, total lu : 92250, memoire PowerShell : 4943 Mo.
[25/08/2026 13:18:03] [INFO] Connexions Power BI - page 370 traitee, total lu : 92500, memoire PowerShell : 4943 Mo.
[25/08/2026 13:18:06] [INFO] Connexions Power BI - page 371 traitee, total lu : 92750, memoire PowerShell : 4949 Mo.
[25/08/2026 13:18:12] [INFO] Connexions Power BI - page 372 traitee, total lu : 93000, memoire PowerShell : 4960 Mo.
[25/08/2026 13:18:15] [INFO] Connexions Power BI - page 373 traitee, total lu : 93250, memoire PowerShell : 4971 Mo.
[25/08/2026 13:18:18] [INFO] Connexions Power BI - page 374 traitee, total lu : 93500, memoire PowerShell : 4982 Mo.
[25/08/2026 13:18:22] [INFO] Connexions Power BI - page 375 traitee, total lu : 93750, memoire PowerShell : 4993 Mo.
[25/08/2026 13:18:31] [INFO] Connexions Power BI - page 376 traitee, total lu : 94000, memoire PowerShell : 5004 Mo.
[25/08/2026 13:18:38] [INFO] Connexions Power BI - page 377 traitee, total lu : 94250, memoire PowerShell : 5015 Mo.
[25/08/2026 13:18:46] [INFO] Connexions Power BI - page 378 traitee, total lu : 94500, memoire PowerShell : 5026 Mo.
[25/08/2026 13:18:55] [INFO] Connexions Power BI - page 379 traitee, total lu : 94750, memoire PowerShell : 5037 Mo.
[25/08/2026 13:18:59] [INFO] Connexions Power BI - page 380 traitee, total lu : 95000, memoire PowerShell : 4973 Mo.
[25/08/2026 13:19:06] [INFO] Connexions Power BI - page 381 traitee, total lu : 95250, memoire PowerShell : 4944 Mo.
[25/08/2026 13:19:11] [INFO] Connexions Power BI - page 382 traitee, total lu : 95500, memoire PowerShell : 4944 Mo.
[25/08/2026 13:19:15] [INFO] Connexions Power BI - page 383 traitee, total lu : 95750, memoire PowerShell : 4944 Mo.
[25/08/2026 13:19:20] [INFO] Connexions Power BI - page 384 traitee, total lu : 96000, memoire PowerShell : 4944 Mo.
[25/08/2026 13:19:24] [INFO] Connexions Power BI - page 385 traitee, total lu : 96250, memoire PowerShell : 4944 Mo.
[25/08/2026 13:19:27] [INFO] Connexions Power BI - page 386 traitee, total lu : 96500, memoire PowerShell : 4944 Mo.
[25/08/2026 13:19:30] [INFO] Connexions Power BI - page 387 traitee, total lu : 96750, memoire PowerShell : 4944 Mo.
[25/08/2026 13:19:33] [INFO] Connexions Power BI - page 388 traitee, total lu : 97000, memoire PowerShell : 4944 Mo.
[25/08/2026 13:19:35] [INFO] Connexions Power BI - page 389 traitee, total lu : 97250, memoire PowerShell : 4944 Mo.
[25/08/2026 13:19:38] [INFO] Connexions Power BI - page 390 traitee, total lu : 97500, memoire PowerShell : 4944 Mo.
[25/08/2026 13:19:42] [INFO] Connexions Power BI - page 391 traitee, total lu : 97750, memoire PowerShell : 4947 Mo.
[25/08/2026 13:19:46] [INFO] Connexions Power BI - page 392 traitee, total lu : 98000, memoire PowerShell : 4958 Mo.
[25/08/2026 13:19:50] [INFO] Connexions Power BI - page 393 traitee, total lu : 98250, memoire PowerShell : 4969 Mo.
[25/08/2026 13:19:58] [INFO] Connexions Power BI - page 394 traitee, total lu : 98500, memoire PowerShell : 4980 Mo.
[25/08/2026 13:20:02] [INFO] Connexions Power BI - page 395 traitee, total lu : 98750, memoire PowerShell : 4991 Mo.
[25/08/2026 13:20:17] [INFO] Connexions Power BI - page 396 traitee, total lu : 99000, memoire PowerShell : 5003 Mo.
[25/08/2026 13:20:26] [INFO] Connexions Power BI - page 397 traitee, total lu : 99250, memoire PowerShell : 5014 Mo.
[25/08/2026 13:20:38] [INFO] Connexions Power BI - page 398 traitee, total lu : 99500, memoire PowerShell : 5024 Mo.
[25/08/2026 13:20:50] [INFO] Connexions Power BI - page 399 traitee, total lu : 99750, memoire PowerShell : 5035 Mo.
[25/08/2026 13:20:54] [INFO] Connexions Power BI - page 400 traitee, total lu : 100000, memoire PowerShell : 4972 Mo.
[25/08/2026 13:21:02] [INFO] Connexions Power BI - page 401 traitee, total lu : 100250, memoire PowerShell : 4945 Mo.
[25/08/2026 13:21:05] [INFO] Connexions Power BI - page 402 traitee, total lu : 100500, memoire PowerShell : 4945 Mo.
[25/08/2026 13:21:21] [INFO] Connexions Power BI - page 403 traitee, total lu : 100750, memoire PowerShell : 4945 Mo.
[25/08/2026 13:21:30] [INFO] Connexions Power BI - page 404 traitee, total lu : 101000, memoire PowerShell : 4945 Mo.
[25/08/2026 13:21:39] [INFO] Connexions Power BI - page 405 traitee, total lu : 101250, memoire PowerShell : 4946 Mo.
[25/08/2026 13:21:43] [INFO] Connexions Power BI - page 406 traitee, total lu : 101500, memoire PowerShell : 4945 Mo.
[25/08/2026 13:21:53] [INFO] Connexions Power BI - page 407 traitee, total lu : 101750, memoire PowerShell : 4945 Mo.
[25/08/2026 13:22:01] [INFO] Connexions Power BI - page 408 traitee, total lu : 102000, memoire PowerShell : 4945 Mo.
[25/08/2026 13:22:06] [INFO] Connexions Power BI - page 409 traitee, total lu : 102250, memoire PowerShell : 4945 Mo.
[25/08/2026 13:22:10] [INFO] Connexions Power BI - page 410 traitee, total lu : 102500, memoire PowerShell : 4945 Mo.
[25/08/2026 13:22:16] [INFO] Connexions Power BI - page 411 traitee, total lu : 102750, memoire PowerShell : 4950 Mo.
[25/08/2026 13:22:20] [INFO] Connexions Power BI - page 412 traitee, total lu : 103000, memoire PowerShell : 4961 Mo.
[25/08/2026 13:22:28] [INFO] Connexions Power BI - page 413 traitee, total lu : 103250, memoire PowerShell : 4973 Mo.
[25/08/2026 13:22:31] [INFO] Connexions Power BI - page 414 traitee, total lu : 103500, memoire PowerShell : 4984 Mo.
[25/08/2026 13:22:34] [INFO] Connexions Power BI - page 415 traitee, total lu : 103750, memoire PowerShell : 4994 Mo.
[25/08/2026 13:22:40] [INFO] Connexions Power BI - page 416 traitee, total lu : 104000, memoire PowerShell : 5006 Mo.
[25/08/2026 13:22:44] [INFO] Connexions Power BI - page 417 traitee, total lu : 104250, memoire PowerShell : 4961 Mo.
[25/08/2026 13:22:47] [INFO] Connexions Power BI - page 418 traitee, total lu : 104500, memoire PowerShell : 4961 Mo.
[25/08/2026 13:23:02] [INFO] Connexions Power BI - page 419 traitee, total lu : 104750, memoire PowerShell : 4961 Mo.
[25/08/2026 13:23:11] [INFO] Connexions Power BI - page 420 traitee, total lu : 105000, memoire PowerShell : 4961 Mo.
[25/08/2026 13:23:26] [INFO] Connexions Power BI - page 421 traitee, total lu : 105250, memoire PowerShell : 4946 Mo.
[25/08/2026 13:23:45] [INFO] Connexions Power BI - page 422 traitee, total lu : 105500, memoire PowerShell : 4946 Mo.
[25/08/2026 13:23:51] [INFO] Connexions Power BI - page 423 traitee, total lu : 105750, memoire PowerShell : 4946 Mo.
[25/08/2026 13:23:54] [INFO] Connexions Power BI - page 424 traitee, total lu : 106000, memoire PowerShell : 4947 Mo.
[25/08/2026 13:23:58] [INFO] Connexions Power BI - page 425 traitee, total lu : 106250, memoire PowerShell : 4947 Mo.
[25/08/2026 13:24:04] [INFO] Connexions Power BI - page 426 traitee, total lu : 106500, memoire PowerShell : 4946 Mo.
[25/08/2026 13:24:08] [INFO] Connexions Power BI - page 427 traitee, total lu : 106750, memoire PowerShell : 4946 Mo.
[25/08/2026 13:24:13] [INFO] Connexions Power BI - page 428 traitee, total lu : 107000, memoire PowerShell : 4947 Mo.
[25/08/2026 13:24:17] [INFO] Connexions Power BI - page 429 traitee, total lu : 107250, memoire PowerShell : 4947 Mo.
[25/08/2026 13:24:20] [INFO] Connexions Power BI - page 430 traitee, total lu : 107500, memoire PowerShell : 4947 Mo.
[25/08/2026 13:24:25] [INFO] Connexions Power BI - page 431 traitee, total lu : 107750, memoire PowerShell : 4949 Mo.
[25/08/2026 13:24:30] [INFO] Connexions Power BI - page 432 traitee, total lu : 108000, memoire PowerShell : 4960 Mo.
[25/08/2026 13:24:35] [INFO] Connexions Power BI - page 433 traitee, total lu : 108250, memoire PowerShell : 4971 Mo.
[25/08/2026 13:24:40] [INFO] Connexions Power BI - page 434 traitee, total lu : 108500, memoire PowerShell : 4982 Mo.
[25/08/2026 13:24:40] [AVERTISSEMENT] Connexions Entra non disponibles : Le serveur distant a retourné une erreur : (410) Non disponible.
[25/08/2026 13:24:40] [INFO] 75 utilisateur(s) sans activite rapprochee : controle individuel par ID Entra.
[25/08/2026 13:24:40] [INFO] Controle individuel Entra : abi.stanton@infopro-digital.com - ID 947b40be-0aad-4407-8ab4-923c14b952c9
[25/08/2026 13:24:45] [INFO] Controle abi.stanton@infopro-digital.com - page 1 traitee, total lu : 250, memoire PowerShell : 4998 Mo.
[25/08/2026 13:24:50] [INFO] Controle abi.stanton@infopro-digital.com - page 2 traitee, total lu : 500, memoire PowerShell : 5009 Mo.
[25/08/2026 13:24:54] [INFO] Controle abi.stanton@infopro-digital.com - page 3 traitee, total lu : 750, memoire PowerShell : 5016 Mo.
[25/08/2026 13:25:00] [INFO] Controle abi.stanton@infopro-digital.com - page 4 traitee, total lu : 1000, memoire PowerShell : 4974 Mo.
[25/08/2026 13:25:03] [INFO] Controle abi.stanton@infopro-digital.com - page 5 traitee, total lu : 1250, memoire PowerShell : 4972 Mo.
[25/08/2026 13:25:05] [INFO] Controle abi.stanton@infopro-digital.com - page 6 traitee, total lu : 1500, memoire PowerShell : 4972 Mo.
[25/08/2026 13:25:11] [INFO] Controle abi.stanton@infopro-digital.com - page 7 traitee, total lu : 1750, memoire PowerShell : 4973 Mo.
[25/08/2026 13:25:15] [INFO] Controle abi.stanton@infopro-digital.com - page 8 traitee, total lu : 2000, memoire PowerShell : 4973 Mo.
[25/08/2026 13:25:46] [INFO] Controle abi.stanton@infopro-digital.com - page 9 traitee, total lu : 2250, memoire PowerShell : 4974 Mo.
[25/08/2026 13:25:49] [INFO] Controle abi.stanton@infopro-digital.com - page 10 traitee, total lu : 2500, memoire PowerShell : 4972 Mo.
[25/08/2026 13:25:55] [INFO] Controle abi.stanton@infopro-digital.com - page 11 traitee, total lu : 2750, memoire PowerShell : 4972 Mo.
[25/08/2026 13:25:58] [INFO] Controle abi.stanton@infopro-digital.com - page 12 traitee, total lu : 3000, memoire PowerShell : 4973 Mo.
[25/08/2026 13:26:00] [INFO] Controle abi.stanton@infopro-digital.com - page 13 traitee, total lu : 3250, memoire PowerShell : 4975 Mo.
[25/08/2026 13:26:02] [INFO] Controle abi.stanton@infopro-digital.com - page 14 traitee, total lu : 3500, memoire PowerShell : 4972 Mo.
[25/08/2026 13:26:06] [INFO] Controle abi.stanton@infopro-digital.com - page 15 traitee, total lu : 3750, memoire PowerShell : 4975 Mo.
[25/08/2026 13:26:10] [INFO] Controle abi.stanton@infopro-digital.com - page 16 traitee, total lu : 4000, memoire PowerShell : 4978 Mo.
[25/08/2026 13:26:13] [INFO] Controle abi.stanton@infopro-digital.com - page 17 traitee, total lu : 4250, memoire PowerShell : 4988 Mo.
[25/08/2026 13:26:17] [INFO] Controle abi.stanton@infopro-digital.com - page 18 traitee, total lu : 4500, memoire PowerShell : 4999 Mo.
[25/08/2026 13:26:20] [INFO] Controle abi.stanton@infopro-digital.com - page 19 traitee, total lu : 4750, memoire PowerShell : 5007 Mo.
[25/08/2026 13:26:24] [INFO] Controle abi.stanton@infopro-digital.com - page 20 traitee, total lu : 5000, memoire PowerShell : 5019 Mo.
[25/08/2026 13:26:29] [INFO] Controle abi.stanton@infopro-digital.com - page 21 traitee, total lu : 5250, memoire PowerShell : 4960 Mo.
[25/08/2026 13:26:35] [INFO] Controle abi.stanton@infopro-digital.com - page 22 traitee, total lu : 5500, memoire PowerShell : 4959 Mo.
[25/08/2026 13:26:45] [INFO] Controle abi.stanton@infopro-digital.com - page 23 traitee, total lu : 5750, memoire PowerShell : 4960 Mo.
[25/08/2026 13:26:56] [INFO] Controle abi.stanton@infopro-digital.com - page 24 traitee, total lu : 6000, memoire PowerShell : 4958 Mo.
[25/08/2026 13:26:59] [INFO] Controle abi.stanton@infopro-digital.com - page 25 traitee, total lu : 6250, memoire PowerShell : 4958 Mo.
[25/08/2026 13:27:02] [INFO] Controle abi.stanton@infopro-digital.com - page 26 traitee, total lu : 6500, memoire PowerShell : 4958 Mo.
[25/08/2026 13:27:10] [INFO] Controle abi.stanton@infopro-digital.com - page 27 traitee, total lu : 6750, memoire PowerShell : 4960 Mo.
[25/08/2026 13:27:13] [INFO] Controle abi.stanton@infopro-digital.com - page 28 traitee, total lu : 7000, memoire PowerShell : 4961 Mo.
[25/08/2026 13:27:16] [INFO] Controle abi.stanton@infopro-digital.com - page 29 traitee, total lu : 7250, memoire PowerShell : 4958 Mo.
[25/08/2026 13:27:38] [INFO] Controle abi.stanton@infopro-digital.com - page 30 traitee, total lu : 7500, memoire PowerShell : 4960 Mo.
[25/08/2026 13:27:41] [INFO] Controle abi.stanton@infopro-digital.com - page 31 traitee, total lu : 7750, memoire PowerShell : 4961 Mo.
[25/08/2026 13:28:14] [INFO] Controle abi.stanton@infopro-digital.com - page 32 traitee, total lu : 8000, memoire PowerShell : 4966 Mo.
[25/08/2026 13:28:33] [INFO] Controle abi.stanton@infopro-digital.com - page 33 traitee, total lu : 8250, memoire PowerShell : 4967 Mo.
[25/08/2026 13:28:38] [INFO] Controle abi.stanton@infopro-digital.com - page 34 traitee, total lu : 8500, memoire PowerShell : 4965 Mo.
[25/08/2026 13:28:41] [INFO] Controle abi.stanton@infopro-digital.com - page 35 traitee, total lu : 8750, memoire PowerShell : 4966 Mo.
[25/08/2026 13:28:43] [INFO] Controle abi.stanton@infopro-digital.com - page 36 traitee, total lu : 9000, memoire PowerShell : 4966 Mo.
[25/08/2026 13:28:46] [INFO] Controle abi.stanton@infopro-digital.com - page 37 traitee, total lu : 9250, memoire PowerShell : 4967 Mo.
[25/08/2026 13:28:48] [INFO] Controle abi.stanton@infopro-digital.com - page 38 traitee, total lu : 9500, memoire PowerShell : 4967 Mo.
[25/08/2026 13:28:50] [INFO] Controle abi.stanton@infopro-digital.com - page 39 traitee, total lu : 9750, memoire PowerShell : 4965 Mo.
[25/08/2026 13:29:06] [INFO] Controle abi.stanton@infopro-digital.com - page 40 traitee, total lu : 10000, memoire PowerShell : 4965 Mo.
[25/08/2026 13:29:12] [INFO] Controle abi.stanton@infopro-digital.com - page 41 traitee, total lu : 10250, memoire PowerShell : 4971 Mo.
[25/08/2026 13:29:14] [INFO] Controle abi.stanton@infopro-digital.com - page 42 traitee, total lu : 10500, memoire PowerShell : 4969 Mo.
[25/08/2026 13:29:30] [INFO] Controle abi.stanton@infopro-digital.com - page 43 traitee, total lu : 10750, memoire PowerShell : 4971 Mo.
[25/08/2026 13:29:33] [INFO] Controle abi.stanton@infopro-digital.com - page 44 traitee, total lu : 11000, memoire PowerShell : 4972 Mo.
[25/08/2026 13:29:41] [INFO] Controle abi.stanton@infopro-digital.com - page 45 traitee, total lu : 11250, memoire PowerShell : 4969 Mo.
[25/08/2026 13:29:42] [INFO] Controle abi.stanton@infopro-digital.com - page 46 traitee, total lu : 11414, memoire PowerShell : 4968 Mo.
[25/08/2026 13:29:42] [INFO] Aucune connexion Power BI trouvee pour abi.stanton@infopro-digital.com pendant le controle individuel.
[25/08/2026 13:29:42] [INFO] Controle individuel Entra : Abigail.McLemore@infopro-digital.com - ID 4ea421a6-0010-4241-a0a8-fffe9e0766d9
[25/08/2026 13:29:46] [INFO] Controle Abigail.McLemore@infopro-digital.com - page 1 traitee, total lu : 250, memoire PowerShell : 4971 Mo.
[25/08/2026 13:30:02] [INFO] Controle Abigail.McLemore@infopro-digital.com - page 2 traitee, total lu : 500, memoire PowerShell : 4972 Mo.
[25/08/2026 13:30:08] [INFO] Controle Abigail.McLemore@infopro-digital.com - page 3 traitee, total lu : 750, memoire PowerShell : 4970 Mo.
[25/08/2026 13:30:16] [INFO] Controle Abigail.McLemore@infopro-digital.com - page 4 traitee, total lu : 1000, memoire PowerShell : 4971 Mo.
[25/08/2026 13:30:19] [INFO] Controle Abigail.McLemore@infopro-digital.com - page 5 traitee, total lu : 1250, memoire PowerShell : 4970 Mo.
[25/08/2026 13:30:29] [INFO] Controle Abigail.McLemore@infopro-digital.com - page 6 traitee, total lu : 1500, memoire PowerShell : 4974 Mo.
[25/08/2026 13:30:33] [INFO] Controle Abigail.McLemore@infopro-digital.com - page 7 traitee, total lu : 1750, memoire PowerShell : 4984 Mo.
[25/08/2026 13:30:39] [INFO] Controle Abigail.McLemore@infopro-digital.com - page 8 traitee, total lu : 2000, memoire PowerShell : 4992 Mo.
[25/08/2026 13:30:43] [INFO] Controle Abigail.McLemore@infopro-digital.com - page 9 traitee, total lu : 2250, memoire PowerShell : 5002 Mo.
[25/08/2026 13:30:46] [INFO] Controle Abigail.McLemore@infopro-digital.com - page 10 traitee, total lu : 2500, memoire PowerShell : 5013 Mo.
[25/08/2026 13:30:50] [INFO] Controle Abigail.McLemore@infopro-digital.com - page 11 traitee, total lu : 2750, memoire PowerShell : 5012 Mo.
[25/08/2026 13:30:54] [INFO] Controle Abigail.McLemore@infopro-digital.com - page 12 traitee, total lu : 3000, memoire PowerShell : 5014 Mo.
[25/08/2026 13:31:00] [INFO] Controle Abigail.McLemore@infopro-digital.com - page 13 traitee, total lu : 3250, memoire PowerShell : 5014 Mo.
[25/08/2026 13:31:04] [INFO] Controle Abigail.McLemore@infopro-digital.com - page 14 traitee, total lu : 3500, memoire PowerShell : 5015 Mo.
[25/08/2026 13:31:08] [INFO] Controle Abigail.McLemore@infopro-digital.com - page 15 traitee, total lu : 3750, memoire PowerShell : 5013 Mo.
[25/08/2026 13:31:14] [INFO] Controle Abigail.McLemore@infopro-digital.com - page 16 traitee, total lu : 4000, memoire PowerShell : 5014 Mo.
[25/08/2026 13:31:16] [INFO] Controle Abigail.McLemore@infopro-digital.com - page 17 traitee, total lu : 4250, memoire PowerShell : 5014 Mo.
[25/08/2026 13:31:19] [INFO] Controle Abigail.McLemore@infopro-digital.com - page 18 traitee, total lu : 4500, memoire PowerShell : 5015 Mo.
[25/08/2026 13:31:23] [INFO] Controle Abigail.McLemore@infopro-digital.com - page 19 traitee, total lu : 4750, memoire PowerShell : 5017 Mo.
[25/08/2026 13:31:26] [INFO] Controle Abigail.McLemore@infopro-digital.com - page 20 traitee, total lu : 5000, memoire PowerShell : 5016 Mo.
[25/08/2026 13:31:32] [INFO] Controle Abigail.McLemore@infopro-digital.com - page 21 traitee, total lu : 5250, memoire PowerShell : 4977 Mo.
[25/08/2026 13:31:35] [INFO] Controle Abigail.McLemore@infopro-digital.com - page 22 traitee, total lu : 5500, memoire PowerShell : 4975 Mo.
[25/08/2026 13:31:38] [INFO] Controle Abigail.McLemore@infopro-digital.com - page 23 traitee, total lu : 5750, memoire PowerShell : 4976 Mo.
[25/08/2026 13:31:41] [INFO] Controle Abigail.McLemore@infopro-digital.com - page 24 traitee, total lu : 6000, memoire PowerShell : 4976 Mo.
[25/08/2026 13:31:45] [INFO] Controle Abigail.McLemore@infopro-digital.com - page 25 traitee, total lu : 6250, memoire PowerShell : 4976 Mo.
[25/08/2026 13:31:48] [INFO] Controle Abigail.McLemore@infopro-digital.com - page 26 traitee, total lu : 6500, memoire PowerShell : 4977 Mo.
[25/08/2026 13:31:52] [INFO] Controle Abigail.McLemore@infopro-digital.com - page 27 traitee, total lu : 6750, memoire PowerShell : 4975 Mo.
[25/08/2026 13:31:54] [INFO] Controle Abigail.McLemore@infopro-digital.com - page 28 traitee, total lu : 7000, memoire PowerShell : 4976 Mo.
[25/08/2026 13:32:03] [INFO] Controle Abigail.McLemore@infopro-digital.com - page 29 traitee, total lu : 7250, memoire PowerShell : 4977 Mo.
[25/08/2026 13:32:05] [INFO] Controle Abigail.McLemore@infopro-digital.com - page 30 traitee, total lu : 7500, memoire PowerShell : 4977 Mo.
[25/08/2026 13:32:08] [INFO] Controle Abigail.McLemore@infopro-digital.com - page 31 traitee, total lu : 7750, memoire PowerShell : 4978 Mo.
[25/08/2026 13:32:13] [INFO] Controle Abigail.McLemore@infopro-digital.com - page 32 traitee, total lu : 8000, memoire PowerShell : 4981 Mo.
[25/08/2026 13:32:18] [INFO] Controle Abigail.McLemore@infopro-digital.com - page 33 traitee, total lu : 8250, memoire PowerShell : 4993 Mo.
[25/08/2026 13:32:22] [INFO] Controle Abigail.McLemore@infopro-digital.com - page 34 traitee, total lu : 8500, memoire PowerShell : 5002 Mo.
[25/08/2026 13:32:25] [INFO] Controle Abigail.McLemore@infopro-digital.com - page 35 traitee, total lu : 8750, memoire PowerShell : 5013 Mo.
[25/08/2026 13:32:27] [INFO] Controle Abigail.McLemore@infopro-digital.com - page 36 traitee, total lu : 9000, memoire PowerShell : 5024 Mo.
[25/08/2026 13:32:30] [INFO] Controle Abigail.McLemore@infopro-digital.com - page 37 traitee, total lu : 9250, memoire PowerShell : 5033 Mo.
[25/08/2026 13:32:32] [INFO] Controle Abigail.McLemore@infopro-digital.com - page 38 traitee, total lu : 9500, memoire PowerShell : 5044 Mo.
[25/08/2026 13:32:37] [INFO] Controle Abigail.McLemore@infopro-digital.com - page 39 traitee, total lu : 9750, memoire PowerShell : 5053 Mo.
[25/08/2026 13:32:45] [INFO] Controle Abigail.McLemore@infopro-digital.com - page 40 traitee, total lu : 10000, memoire PowerShell : 5066 Mo.
[25/08/2026 13:32:55] [INFO] Controle Abigail.McLemore@infopro-digital.com - page 41 traitee, total lu : 10250, memoire PowerShell : 4985 Mo.
[25/08/2026 13:32:58] [INFO] Controle Abigail.McLemore@infopro-digital.com - page 42 traitee, total lu : 10500, memoire PowerShell : 4983 Mo.
[25/08/2026 13:33:01] [INFO] Controle Abigail.McLemore@infopro-digital.com - page 43 traitee, total lu : 10750, memoire PowerShell : 4984 Mo.
[25/08/2026 13:33:08] [INFO] Controle Abigail.McLemore@infopro-digital.com - page 44 traitee, total lu : 11000, memoire PowerShell : 4984 Mo.
[25/08/2026 13:33:16] [INFO] Controle Abigail.McLemore@infopro-digital.com - page 45 traitee, total lu : 11250, memoire PowerShell : 4984 Mo.
[25/08/2026 13:33:22] [INFO] Controle Abigail.McLemore@infopro-digital.com - page 46 traitee, total lu : 11500, memoire PowerShell : 4985 Mo.
[25/08/2026 13:33:24] [INFO] Controle Abigail.McLemore@infopro-digital.com - page 47 traitee, total lu : 11750, memoire PowerShell : 4983 Mo.
[25/08/2026 13:33:26] [INFO] Controle Abigail.McLemore@infopro-digital.com - page 48 traitee, total lu : 12000, memoire PowerShell : 4983 Mo.
[25/08/2026 13:33:28] [INFO] Controle Abigail.McLemore@infopro-digital.com - page 49 traitee, total lu : 12250, memoire PowerShell : 4985 Mo.
[25/08/2026 13:33:33] [INFO] Controle Abigail.McLemore@infopro-digital.com - page 50 traitee, total lu : 12500, memoire PowerShell : 4985 Mo.
[25/08/2026 13:34:04] [INFO] Controle Abigail.McLemore@infopro-digital.com - page 51 traitee, total lu : 12750, memoire PowerShell : 4986 Mo.
[25/08/2026 13:34:11] [INFO] Controle Abigail.McLemore@infopro-digital.com - page 52 traitee, total lu : 13000, memoire PowerShell : 4991 Mo.
[25/08/2026 13:34:14] [INFO] Controle Abigail.McLemore@infopro-digital.com - page 53 traitee, total lu : 13250, memoire PowerShell : 5001 Mo.
[25/08/2026 13:34:18] [INFO] Controle Abigail.McLemore@infopro-digital.com - page 54 traitee, total lu : 13500, memoire PowerShell : 5012 Mo.
[25/08/2026 13:34:27] [INFO] Controle Abigail.McLemore@infopro-digital.com - page 55 traitee, total lu : 13750, memoire PowerShell : 5022 Mo.
[25/08/2026 13:34:46] [INFO] Controle Abigail.McLemore@infopro-digital.com - page 56 traitee, total lu : 14000, memoire PowerShell : 5022 Mo.
[25/08/2026 13:34:53] [INFO] Controle Abigail.McLemore@infopro-digital.com - page 57 traitee, total lu : 14250, memoire PowerShell : 5020 Mo.
[25/08/2026 13:35:01] [INFO] Controle Abigail.McLemore@infopro-digital.com - page 58 traitee, total lu : 14439, memoire PowerShell : 5020 Mo.
[25/08/2026 13:35:01] [INFO] Aucune connexion Power BI trouvee pour Abigail.McLemore@infopro-digital.com pendant le controle individuel.
[25/08/2026 13:35:01] [INFO] Controle individuel Entra : albane.canto@technicites.fr - ID f88c4914-337f-4b63-8c2d-02d90c4ea9e2
[25/08/2026 13:35:08] [INFO] Controle albane.canto@technicites.fr - page 1 traitee, total lu : 16, memoire PowerShell : 5021 Mo.
[25/08/2026 13:35:08] [INFO] Aucune connexion Power BI trouvee pour albane.canto@technicites.fr pendant le controle individuel.
[25/08/2026 13:35:08] [INFO] Controle individuel Entra : angela.rolland@infopro-digital.com - ID 2d8dc47b-fd92-4423-b6bf-34072da6bbc4
[25/08/2026 13:35:13] [INFO] Controle angela.rolland@infopro-digital.com - page 1 traitee, total lu : 250, memoire PowerShell : 5022 Mo.
[25/08/2026 13:35:18] [INFO] Controle angela.rolland@infopro-digital.com - page 2 traitee, total lu : 500, memoire PowerShell : 5022 Mo.
[25/08/2026 13:35:26] [INFO] Controle angela.rolland@infopro-digital.com - page 3 traitee, total lu : 750, memoire PowerShell : 5021 Mo.
[25/08/2026 13:35:31] [INFO] Controle angela.rolland@infopro-digital.com - page 4 traitee, total lu : 1000, memoire PowerShell : 5021 Mo.
[25/08/2026 13:35:38] [INFO] Controle angela.rolland@infopro-digital.com - page 5 traitee, total lu : 1250, memoire PowerShell : 5019 Mo.
[25/08/2026 13:35:44] [INFO] Controle angela.rolland@infopro-digital.com - page 6 traitee, total lu : 1500, memoire PowerShell : 5022 Mo.
[25/08/2026 13:35:47] [INFO] Controle angela.rolland@infopro-digital.com - page 7 traitee, total lu : 1750, memoire PowerShell : 5023 Mo.
[25/08/2026 13:35:49] [INFO] Controle angela.rolland@infopro-digital.com - page 8 traitee, total lu : 2000, memoire PowerShell : 5022 Mo.
[25/08/2026 13:35:55] [INFO] Controle angela.rolland@infopro-digital.com - page 9 traitee, total lu : 2250, memoire PowerShell : 5024 Mo.
[25/08/2026 13:36:00] [INFO] Controle angela.rolland@infopro-digital.com - page 10 traitee, total lu : 2416, memoire PowerShell : 5021 Mo.
[25/08/2026 13:36:00] [INFO] 3 connexion(s) Power BI trouvee(s) pour angela.rolland@infopro-digital.com.
[25/08/2026 13:36:00] [INFO] Controle individuel Entra : Anish.Shah@infopro-digital.com - ID 64e94e74-ffa8-4ff1-baf2-e18e431f0530
[25/08/2026 13:36:04] [INFO] Controle Anish.Shah@infopro-digital.com - page 1 traitee, total lu : 250, memoire PowerShell : 5024 Mo.
[25/08/2026 13:36:12] [INFO] Controle Anish.Shah@infopro-digital.com - page 2 traitee, total lu : 500, memoire PowerShell : 4992 Mo.
[25/08/2026 13:36:16] [INFO] Controle Anish.Shah@infopro-digital.com - page 3 traitee, total lu : 750, memoire PowerShell : 4992 Mo.
[25/08/2026 13:36:21] [INFO] Controle Anish.Shah@infopro-digital.com - page 4 traitee, total lu : 1000, memoire PowerShell : 4990 Mo.
[25/08/2026 13:36:28] [INFO] Controle Anish.Shah@infopro-digital.com - page 5 traitee, total lu : 1250, memoire PowerShell : 4992 Mo.
[25/08/2026 13:36:32] [INFO] Controle Anish.Shah@infopro-digital.com - page 6 traitee, total lu : 1500, memoire PowerShell : 4990 Mo.
[25/08/2026 13:36:38] [INFO] Controle Anish.Shah@infopro-digital.com - page 7 traitee, total lu : 1750, memoire PowerShell : 4991 Mo.
[25/08/2026 13:36:44] [INFO] Controle Anish.Shah@infopro-digital.com - page 8 traitee, total lu : 2000, memoire PowerShell : 4991 Mo.
[25/08/2026 13:36:49] [INFO] Controle Anish.Shah@infopro-digital.com - page 9 traitee, total lu : 2250, memoire PowerShell : 4992 Mo.
[25/08/2026 13:36:54] [INFO] Controle Anish.Shah@infopro-digital.com - page 10 traitee, total lu : 2500, memoire PowerShell : 4990 Mo.
[25/08/2026 13:36:56] [INFO] Controle Anish.Shah@infopro-digital.com - page 11 traitee, total lu : 2750, memoire PowerShell : 4992 Mo.
[25/08/2026 13:37:02] [INFO] Controle Anish.Shah@infopro-digital.com - page 12 traitee, total lu : 3000, memoire PowerShell : 4992 Mo.
[25/08/2026 13:37:08] [INFO] Controle Anish.Shah@infopro-digital.com - page 13 traitee, total lu : 3250, memoire PowerShell : 4997 Mo.
[25/08/2026 13:37:11] [INFO] Controle Anish.Shah@infopro-digital.com - page 14 traitee, total lu : 3500, memoire PowerShell : 5008 Mo.
[25/08/2026 13:37:15] [INFO] Controle Anish.Shah@infopro-digital.com - page 15 traitee, total lu : 3750, memoire PowerShell : 5019 Mo.
[25/08/2026 13:37:17] [INFO] Controle Anish.Shah@infopro-digital.com - page 16 traitee, total lu : 4000, memoire PowerShell : 5027 Mo.
[25/08/2026 13:37:22] [INFO] Controle Anish.Shah@infopro-digital.com - page 17 traitee, total lu : 4250, memoire PowerShell : 5039 Mo.
[25/08/2026 13:37:24] [INFO] Controle Anish.Shah@infopro-digital.com - page 18 traitee, total lu : 4500, memoire PowerShell : 5050 Mo.
[25/08/2026 13:37:26] [INFO] Controle Anish.Shah@infopro-digital.com - page 19 traitee, total lu : 4750, memoire PowerShell : 5057 Mo.
[25/08/2026 13:37:29] [INFO] Controle Anish.Shah@infopro-digital.com - page 20 traitee, total lu : 5000, memoire PowerShell : 5068 Mo.
[25/08/2026 13:37:37] [INFO] Controle Anish.Shah@infopro-digital.com - page 21 traitee, total lu : 5250, memoire PowerShell : 4997 Mo.
[25/08/2026 13:37:40] [INFO] Controle Anish.Shah@infopro-digital.com - page 22 traitee, total lu : 5500, memoire PowerShell : 4994 Mo.
[25/08/2026 13:37:44] [INFO] Controle Anish.Shah@infopro-digital.com - page 23 traitee, total lu : 5750, memoire PowerShell : 4996 Mo.
[25/08/2026 13:37:46] [INFO] Controle Anish.Shah@infopro-digital.com - page 24 traitee, total lu : 6000, memoire PowerShell : 4997 Mo.
[25/08/2026 13:37:49] [INFO] Controle Anish.Shah@infopro-digital.com - page 25 traitee, total lu : 6250, memoire PowerShell : 4995 Mo.
[25/08/2026 13:37:52] [INFO] Controle Anish.Shah@infopro-digital.com - page 26 traitee, total lu : 6500, memoire PowerShell : 4996 Mo.
[25/08/2026 13:37:56] [INFO] Controle Anish.Shah@infopro-digital.com - page 27 traitee, total lu : 6750, memoire PowerShell : 4995 Mo.
[25/08/2026 13:37:59] [INFO] Controle Anish.Shah@infopro-digital.com - page 28 traitee, total lu : 7000, memoire PowerShell : 4995 Mo.
[25/08/2026 13:38:05] [INFO] Controle Anish.Shah@infopro-digital.com - page 29 traitee, total lu : 7250, memoire PowerShell : 4996 Mo.
[25/08/2026 13:38:11] [INFO] Controle Anish.Shah@infopro-digital.com - page 30 traitee, total lu : 7500, memoire PowerShell : 4995 Mo.
[25/08/2026 13:38:13] [INFO] Controle Anish.Shah@infopro-digital.com - page 31 traitee, total lu : 7750, memoire PowerShell : 4997 Mo.
[25/08/2026 13:38:16] [INFO] Controle Anish.Shah@infopro-digital.com - page 32 traitee, total lu : 8000, memoire PowerShell : 5003 Mo.
[25/08/2026 13:38:20] [INFO] Controle Anish.Shah@infopro-digital.com - page 33 traitee, total lu : 8250, memoire PowerShell : 5011 Mo.
[25/08/2026 13:38:22] [INFO] Controle Anish.Shah@infopro-digital.com - page 34 traitee, total lu : 8500, memoire PowerShell : 5023 Mo.
[25/08/2026 13:38:25] [INFO] Controle Anish.Shah@infopro-digital.com - page 35 traitee, total lu : 8750, memoire PowerShell : 5034 Mo.
[25/08/2026 13:38:29] [INFO] Controle Anish.Shah@infopro-digital.com - page 36 traitee, total lu : 9000, memoire PowerShell : 5042 Mo.
[25/08/2026 13:38:37] [INFO] Controle Anish.Shah@infopro-digital.com - page 37 traitee, total lu : 9250, memoire PowerShell : 5053 Mo.
[25/08/2026 13:38:42] [INFO] Controle Anish.Shah@infopro-digital.com - page 38 traitee, total lu : 9500, memoire PowerShell : 5064 Mo.
[25/08/2026 13:38:44] [INFO] Controle Anish.Shah@infopro-digital.com - page 39 traitee, total lu : 9750, memoire PowerShell : 5072 Mo.
[25/08/2026 13:38:46] [INFO] Controle Anish.Shah@infopro-digital.com - page 40 traitee, total lu : 10000, memoire PowerShell : 5084 Mo.
[25/08/2026 13:38:53] [INFO] Controle Anish.Shah@infopro-digital.com - page 41 traitee, total lu : 10250, memoire PowerShell : 5004 Mo.
[25/08/2026 13:38:56] [INFO] Controle Anish.Shah@infopro-digital.com - page 42 traitee, total lu : 10500, memoire PowerShell : 5001 Mo.
[25/08/2026 13:39:01] [INFO] Controle Anish.Shah@infopro-digital.com - page 43 traitee, total lu : 10750, memoire PowerShell : 5003 Mo.
[25/08/2026 13:39:03] [INFO] Controle Anish.Shah@infopro-digital.com - page 44 traitee, total lu : 11000, memoire PowerShell : 5004 Mo.
[25/08/2026 13:39:06] [INFO] Controle Anish.Shah@infopro-digital.com - page 45 traitee, total lu : 11250, memoire PowerShell : 5002 Mo.
[25/08/2026 13:39:09] [INFO] Controle Anish.Shah@infopro-digital.com - page 46 traitee, total lu : 11500, memoire PowerShell : 5003 Mo.
[25/08/2026 13:39:12] [INFO] Controle Anish.Shah@infopro-digital.com - page 47 traitee, total lu : 11750, memoire PowerShell : 5003 Mo.
[25/08/2026 13:39:14] [INFO] Controle Anish.Shah@infopro-digital.com - page 48 traitee, total lu : 12000, memoire PowerShell : 5004 Mo.
[25/08/2026 13:39:17] [INFO] Controle Anish.Shah@infopro-digital.com - page 49 traitee, total lu : 12250, memoire PowerShell : 5002 Mo.
[25/08/2026 13:39:20] [INFO] Controle Anish.Shah@infopro-digital.com - page 50 traitee, total lu : 12500, memoire PowerShell : 5003 Mo.
[25/08/2026 13:39:25] [INFO] Controle Anish.Shah@infopro-digital.com - page 51 traitee, total lu : 12750, memoire PowerShell : 5004 Mo.
[25/08/2026 13:39:30] [INFO] Controle Anish.Shah@infopro-digital.com - page 52 traitee, total lu : 13000, memoire PowerShell : 5009 Mo.
[25/08/2026 13:39:34] [INFO] Controle Anish.Shah@infopro-digital.com - page 53 traitee, total lu : 13250, memoire PowerShell : 5020 Mo.
[25/08/2026 13:39:36] [INFO] Controle Anish.Shah@infopro-digital.com - page 54 traitee, total lu : 13500, memoire PowerShell : 5030 Mo.
[25/08/2026 13:39:43] [INFO] Controle Anish.Shah@infopro-digital.com - page 55 traitee, total lu : 13750, memoire PowerShell : 5041 Mo.
[25/08/2026 13:39:49] [INFO] Controle Anish.Shah@infopro-digital.com - page 56 traitee, total lu : 14000, memoire PowerShell : 5049 Mo.
[25/08/2026 13:39:53] [INFO] Controle Anish.Shah@infopro-digital.com - page 57 traitee, total lu : 14250, memoire PowerShell : 5060 Mo.
[25/08/2026 13:39:56] [INFO] Controle Anish.Shah@infopro-digital.com - page 58 traitee, total lu : 14500, memoire PowerShell : 5071 Mo.
[25/08/2026 13:40:00] [INFO] Controle Anish.Shah@infopro-digital.com - page 59 traitee, total lu : 14750, memoire PowerShell : 5082 Mo.
[25/08/2026 13:40:03] [INFO] Controle Anish.Shah@infopro-digital.com - page 60 traitee, total lu : 15000, memoire PowerShell : 5090 Mo.
[25/08/2026 13:40:12] [INFO] Controle Anish.Shah@infopro-digital.com - page 61 traitee, total lu : 15250, memoire PowerShell : 5008 Mo.
[25/08/2026 13:40:16] [INFO] Controle Anish.Shah@infopro-digital.com - page 62 traitee, total lu : 15500, memoire PowerShell : 5007 Mo.
[25/08/2026 13:40:21] [INFO] Controle Anish.Shah@infopro-digital.com - page 63 traitee, total lu : 15750, memoire PowerShell : 5008 Mo.
[25/08/2026 13:40:29] [INFO] Controle Anish.Shah@infopro-digital.com - page 64 traitee, total lu : 16000, memoire PowerShell : 5009 Mo.
[25/08/2026 13:40:31] [INFO] Controle Anish.Shah@infopro-digital.com - page 65 traitee, total lu : 16250, memoire PowerShell : 5006 Mo.
[25/08/2026 13:40:33] [INFO] Controle Anish.Shah@infopro-digital.com - page 66 traitee, total lu : 16500, memoire PowerShell : 5008 Mo.
[25/08/2026 13:40:36] [INFO] Controle Anish.Shah@infopro-digital.com - page 67 traitee, total lu : 16750, memoire PowerShell : 5008 Mo.
[25/08/2026 13:40:38] [INFO] Controle Anish.Shah@infopro-digital.com - page 68 traitee, total lu : 17000, memoire PowerShell : 5009 Mo.
[25/08/2026 13:40:41] [INFO] Controle Anish.Shah@infopro-digital.com - page 69 traitee, total lu : 17250, memoire PowerShell : 5007 Mo.
[25/08/2026 13:40:44] [INFO] Controle Anish.Shah@infopro-digital.com - page 70 traitee, total lu : 17500, memoire PowerShell : 5008 Mo.
[25/08/2026 13:40:49] [INFO] Controle Anish.Shah@infopro-digital.com - page 71 traitee, total lu : 17750, memoire PowerShell : 5009 Mo.
[25/08/2026 13:40:53] [INFO] Controle Anish.Shah@infopro-digital.com - page 72 traitee, total lu : 18000, memoire PowerShell : 5014 Mo.
[25/08/2026 13:40:55] [INFO] Controle Anish.Shah@infopro-digital.com - page 73 traitee, total lu : 18250, memoire PowerShell : 5025 Mo.
[25/08/2026 13:41:02] [INFO] Controle Anish.Shah@infopro-digital.com - page 74 traitee, total lu : 18500, memoire PowerShell : 5036 Mo.
[25/08/2026 13:41:04] [INFO] Controle Anish.Shah@infopro-digital.com - page 75 traitee, total lu : 18750, memoire PowerShell : 5044 Mo.
[25/08/2026 13:41:05] [INFO] Controle Anish.Shah@infopro-digital.com - page 76 traitee, total lu : 18781, memoire PowerShell : 5047 Mo.
[25/08/2026 13:41:05] [INFO] 5 connexion(s) Power BI trouvee(s) pour Anish.Shah@infopro-digital.com.
[25/08/2026 13:41:05] [INFO] Controle individuel Entra : anna.duemeland@infopro-digital.com - ID c61e67c7-e537-40ac-8d9a-f2b0ebeb69da
[25/08/2026 13:41:08] [INFO] Controle anna.duemeland@infopro-digital.com - page 1 traitee, total lu : 250, memoire PowerShell : 5056 Mo.
[25/08/2026 13:41:15] [INFO] Controle anna.duemeland@infopro-digital.com - page 2 traitee, total lu : 500, memoire PowerShell : 5067 Mo.
[25/08/2026 13:41:19] [INFO] Controle anna.duemeland@infopro-digital.com - page 3 traitee, total lu : 750, memoire PowerShell : 5078 Mo.
[25/08/2026 13:41:23] [INFO] Controle anna.duemeland@infopro-digital.com - page 4 traitee, total lu : 1000, memoire PowerShell : 5085 Mo.
[25/08/2026 13:41:27] [INFO] Controle anna.duemeland@infopro-digital.com - page 5 traitee, total lu : 1250, memoire PowerShell : 5096 Mo.
[25/08/2026 13:41:30] [INFO] Controle anna.duemeland@infopro-digital.com - page 6 traitee, total lu : 1500, memoire PowerShell : 5107 Mo.
[25/08/2026 13:41:34] [INFO] Controle anna.duemeland@infopro-digital.com - page 7 traitee, total lu : 1750, memoire PowerShell : 5117 Mo.
[25/08/2026 13:41:37] [INFO] Controle anna.duemeland@infopro-digital.com - page 8 traitee, total lu : 2000, memoire PowerShell : 5128 Mo.
[25/08/2026 13:41:40] [INFO] Controle anna.duemeland@infopro-digital.com - page 9 traitee, total lu : 2250, memoire PowerShell : 5139 Mo.
[25/08/2026 13:41:44] [INFO] Controle anna.duemeland@infopro-digital.com - page 10 traitee, total lu : 2500, memoire PowerShell : 5158 Mo.
[25/08/2026 13:41:52] [INFO] Controle anna.duemeland@infopro-digital.com - page 11 traitee, total lu : 2750, memoire PowerShell : 5095 Mo.
[25/08/2026 13:41:54] [INFO] Controle anna.duemeland@infopro-digital.com - page 12 traitee, total lu : 3000, memoire PowerShell : 5095 Mo.
[25/08/2026 13:41:57] [INFO] Controle anna.duemeland@infopro-digital.com - page 13 traitee, total lu : 3250, memoire PowerShell : 5096 Mo.
[25/08/2026 13:42:00] [INFO] Controle anna.duemeland@infopro-digital.com - page 14 traitee, total lu : 3500, memoire PowerShell : 5096 Mo.
[25/08/2026 13:42:04] [INFO] Controle anna.duemeland@infopro-digital.com - page 15 traitee, total lu : 3750, memoire PowerShell : 5097 Mo.
[25/08/2026 13:42:08] [INFO] Controle anna.duemeland@infopro-digital.com - page 16 traitee, total lu : 4000, memoire PowerShell : 5097 Mo.
[25/08/2026 13:42:14] [INFO] Controle anna.duemeland@infopro-digital.com - page 17 traitee, total lu : 4250, memoire PowerShell : 5095 Mo.
[25/08/2026 13:42:16] [INFO] Controle anna.duemeland@infopro-digital.com - page 18 traitee, total lu : 4500, memoire PowerShell : 5095 Mo.
[25/08/2026 13:42:18] [INFO] Controle anna.duemeland@infopro-digital.com - page 19 traitee, total lu : 4750, memoire PowerShell : 5097 Mo.
[25/08/2026 13:42:23] [INFO] Controle anna.duemeland@infopro-digital.com - page 20 traitee, total lu : 5000, memoire PowerShell : 5097 Mo.
[25/08/2026 13:42:29] [INFO] Controle anna.duemeland@infopro-digital.com - page 21 traitee, total lu : 5250, memoire PowerShell : 5022 Mo.
[25/08/2026 13:42:32] [INFO] Controle anna.duemeland@infopro-digital.com - page 22 traitee, total lu : 5500, memoire PowerShell : 5020 Mo.
[25/08/2026 13:42:35] [INFO] Controle anna.duemeland@infopro-digital.com - page 23 traitee, total lu : 5750, memoire PowerShell : 5022 Mo.
[25/08/2026 13:42:40] [INFO] Controle anna.duemeland@infopro-digital.com - page 24 traitee, total lu : 6000, memoire PowerShell : 5022 Mo.
[25/08/2026 13:42:43] [INFO] Controle anna.duemeland@infopro-digital.com - page 25 traitee, total lu : 6250, memoire PowerShell : 5023 Mo.
[25/08/2026 13:42:47] [INFO] Controle anna.duemeland@infopro-digital.com - page 26 traitee, total lu : 6500, memoire PowerShell : 5019 Mo.
[25/08/2026 13:42:57] [INFO] Controle anna.duemeland@infopro-digital.com - page 27 traitee, total lu : 6750, memoire PowerShell : 5022 Mo.
[25/08/2026 13:43:00] [INFO] Controle anna.duemeland@infopro-digital.com - page 28 traitee, total lu : 7000, memoire PowerShell : 5020 Mo.
[25/08/2026 13:43:02] [INFO] Controle anna.duemeland@infopro-digital.com - page 29 traitee, total lu : 7250, memoire PowerShell : 5022 Mo.
[25/08/2026 13:43:06] [INFO] Controle anna.duemeland@infopro-digital.com - page 30 traitee, total lu : 7500, memoire PowerShell : 5022 Mo.
[25/08/2026 13:43:09] [INFO] Controle anna.duemeland@infopro-digital.com - page 31 traitee, total lu : 7690, memoire PowerShell : 5020 Mo.
[25/08/2026 13:43:09] [INFO] Aucune connexion Power BI trouvee pour anna.duemeland@infopro-digital.com pendant le controle individuel.
[25/08/2026 13:43:09] [INFO] Controle individuel Entra : aurelie.menay@infopro-digital.com - ID 336f3dbc-2118-4e2f-970b-53b12eca4b0d
[25/08/2026 13:43:14] [INFO] Controle aurelie.menay@infopro-digital.com - page 1 traitee, total lu : 250, memoire PowerShell : 5022 Mo.
[25/08/2026 13:43:17] [INFO] Controle aurelie.menay@infopro-digital.com - page 2 traitee, total lu : 500, memoire PowerShell : 5021 Mo.
[25/08/2026 13:43:31] [INFO] Controle aurelie.menay@infopro-digital.com - page 3 traitee, total lu : 750, memoire PowerShell : 5029 Mo.
[25/08/2026 13:43:34] [INFO] Controle aurelie.menay@infopro-digital.com - page 4 traitee, total lu : 1000, memoire PowerShell : 5037 Mo.
[25/08/2026 13:43:40] [INFO] Controle aurelie.menay@infopro-digital.com - page 5 traitee, total lu : 1250, memoire PowerShell : 5046 Mo.
[25/08/2026 13:43:42] [INFO] Controle aurelie.menay@infopro-digital.com - page 6 traitee, total lu : 1500, memoire PowerShell : 5055 Mo.
[25/08/2026 13:43:46] [INFO] Controle aurelie.menay@infopro-digital.com - page 7 traitee, total lu : 1750, memoire PowerShell : 5064 Mo.
[25/08/2026 13:43:48] [INFO] Controle aurelie.menay@infopro-digital.com - page 8 traitee, total lu : 2000, memoire PowerShell : 5074 Mo.
[25/08/2026 13:43:51] [INFO] Controle aurelie.menay@infopro-digital.com - page 9 traitee, total lu : 2250, memoire PowerShell : 5083 Mo.
[25/08/2026 13:43:56] [INFO] Controle aurelie.menay@infopro-digital.com - page 10 traitee, total lu : 2500, memoire PowerShell : 5092 Mo.
[25/08/2026 13:44:00] [INFO] Controle aurelie.menay@infopro-digital.com - page 11 traitee, total lu : 2565, memoire PowerShell : 5090 Mo.
[25/08/2026 13:44:00] [INFO] Aucune connexion Power BI trouvee pour aurelie.menay@infopro-digital.com pendant le controle individuel.
[25/08/2026 13:44:00] [INFO] Controle individuel Entra : bekim.vata@infopro-digital.com - ID f85c6077-e0fd-491f-8e2a-56f92c21e9e3
[25/08/2026 13:44:04] [INFO] Controle bekim.vata@infopro-digital.com - page 1 traitee, total lu : 250, memoire PowerShell : 5105 Mo.
[25/08/2026 13:44:09] [INFO] Controle bekim.vata@infopro-digital.com - page 2 traitee, total lu : 500, memoire PowerShell : 5034 Mo.
[25/08/2026 13:44:12] [INFO] Controle bekim.vata@infopro-digital.com - page 3 traitee, total lu : 750, memoire PowerShell : 5034 Mo.
[25/08/2026 13:44:16] [INFO] Controle bekim.vata@infopro-digital.com - page 4 traitee, total lu : 1000, memoire PowerShell : 5035 Mo.
[25/08/2026 13:44:19] [INFO] Controle bekim.vata@infopro-digital.com - page 5 traitee, total lu : 1250, memoire PowerShell : 5033 Mo.
[25/08/2026 13:44:29] [INFO] Controle bekim.vata@infopro-digital.com - page 6 traitee, total lu : 1500, memoire PowerShell : 5033 Mo.
[25/08/2026 13:44:33] [INFO] Controle bekim.vata@infopro-digital.com - page 7 traitee, total lu : 1750, memoire PowerShell : 5033 Mo.
[25/08/2026 13:44:36] [INFO] Controle bekim.vata@infopro-digital.com - page 8 traitee, total lu : 2000, memoire PowerShell : 5033 Mo.
[25/08/2026 13:44:38] [INFO] Controle bekim.vata@infopro-digital.com - page 9 traitee, total lu : 2250, memoire PowerShell : 5033 Mo.
[25/08/2026 13:44:45] [INFO] Controle bekim.vata@infopro-digital.com - page 10 traitee, total lu : 2500, memoire PowerShell : 5033 Mo.
[25/08/2026 13:44:48] [INFO] Controle bekim.vata@infopro-digital.com - page 11 traitee, total lu : 2750, memoire PowerShell : 5034 Mo.
[25/08/2026 13:44:50] [INFO] Controle bekim.vata@infopro-digital.com - page 12 traitee, total lu : 3000, memoire PowerShell : 5033 Mo.
[25/08/2026 13:44:54] [INFO] Controle bekim.vata@infopro-digital.com - page 13 traitee, total lu : 3250, memoire PowerShell : 5037 Mo.
[25/08/2026 13:44:56] [INFO] Controle bekim.vata@infopro-digital.com - page 14 traitee, total lu : 3500, memoire PowerShell : 5046 Mo.
[25/08/2026 13:45:01] [INFO] Controle bekim.vata@infopro-digital.com - page 15 traitee, total lu : 3750, memoire PowerShell : 5056 Mo.
[25/08/2026 13:45:04] [INFO] Controle bekim.vata@infopro-digital.com - page 16 traitee, total lu : 4000, memoire PowerShell : 5067 Mo.
[25/08/2026 13:45:09] [INFO] Controle bekim.vata@infopro-digital.com - page 17 traitee, total lu : 4250, memoire PowerShell : 5075 Mo.
[25/08/2026 13:45:13] [INFO] Controle bekim.vata@infopro-digital.com - page 18 traitee, total lu : 4500, memoire PowerShell : 5087 Mo.
[25/08/2026 13:45:16] [INFO] Controle bekim.vata@infopro-digital.com - page 19 traitee, total lu : 4750, memoire PowerShell : 5097 Mo.
[25/08/2026 13:45:19] [INFO] Controle bekim.vata@infopro-digital.com - page 20 traitee, total lu : 5000, memoire PowerShell : 5108 Mo.
[25/08/2026 13:45:25] [INFO] Controle bekim.vata@infopro-digital.com - page 21 traitee, total lu : 5250, memoire PowerShell : 5029 Mo.
[25/08/2026 13:45:28] [INFO] Controle bekim.vata@infopro-digital.com - page 22 traitee, total lu : 5500, memoire PowerShell : 5027 Mo.
[25/08/2026 13:45:30] [INFO] Controle bekim.vata@infopro-digital.com - page 23 traitee, total lu : 5750, memoire PowerShell : 5028 Mo.
[25/08/2026 13:45:33] [INFO] Controle bekim.vata@infopro-digital.com - page 24 traitee, total lu : 6000, memoire PowerShell : 5029 Mo.
[25/08/2026 13:45:39] [INFO] Controle bekim.vata@infopro-digital.com - page 25 traitee, total lu : 6250, memoire PowerShell : 5027 Mo.
[25/08/2026 13:45:43] [INFO] Controle bekim.vata@infopro-digital.com - page 26 traitee, total lu : 6500, memoire PowerShell : 5028 Mo.
[25/08/2026 13:45:46] [INFO] Controle bekim.vata@infopro-digital.com - page 27 traitee, total lu : 6750, memoire PowerShell : 5028 Mo.
[25/08/2026 13:45:50] [INFO] Controle bekim.vata@infopro-digital.com - page 28 traitee, total lu : 7000, memoire PowerShell : 5028 Mo.
[25/08/2026 13:45:53] [INFO] Controle bekim.vata@infopro-digital.com - page 29 traitee, total lu : 7250, memoire PowerShell : 5029 Mo.
[25/08/2026 13:45:55] [INFO] Controle bekim.vata@infopro-digital.com - page 30 traitee, total lu : 7500, memoire PowerShell : 5027 Mo.
[25/08/2026 13:45:59] [INFO] Controle bekim.vata@infopro-digital.com - page 31 traitee, total lu : 7750, memoire PowerShell : 5027 Mo.
[25/08/2026 13:46:02] [INFO] Controle bekim.vata@infopro-digital.com - page 32 traitee, total lu : 8000, memoire PowerShell : 5036 Mo.
[25/08/2026 13:46:09] [INFO] Controle bekim.vata@infopro-digital.com - page 33 traitee, total lu : 8250, memoire PowerShell : 5100 Mo.
[25/08/2026 13:46:11] [INFO] Controle bekim.vata@infopro-digital.com - page 34 traitee, total lu : 8500, memoire PowerShell : 5111 Mo.
[25/08/2026 13:46:18] [INFO] Controle bekim.vata@infopro-digital.com - page 35 traitee, total lu : 8750, memoire PowerShell : 5121 Mo.
[25/08/2026 13:46:23] [INFO] Controle bekim.vata@infopro-digital.com - page 36 traitee, total lu : 9000, memoire PowerShell : 5129 Mo.
[25/08/2026 13:46:29] [INFO] Controle bekim.vata@infopro-digital.com - page 37 traitee, total lu : 9250, memoire PowerShell : 5141 Mo.
[25/08/2026 13:46:30] [INFO] Controle bekim.vata@infopro-digital.com - page 38 traitee, total lu : 9500, memoire PowerShell : 5151 Mo.
[25/08/2026 13:46:35] [INFO] Controle bekim.vata@infopro-digital.com - page 39 traitee, total lu : 9750, memoire PowerShell : 5160 Mo.
[25/08/2026 13:46:37] [INFO] Controle bekim.vata@infopro-digital.com - page 40 traitee, total lu : 9792, memoire PowerShell : 5163 Mo.
[25/08/2026 13:46:40] [INFO] 1 connexion(s) Power BI trouvee(s) pour bekim.vata@infopro-digital.com.
[25/08/2026 13:46:40] [INFO] Controle individuel Entra : Ben.StClair@infopro-digital.com - ID 0701ff46-2728-4d32-b030-df6caaf463c1
[25/08/2026 13:46:43] [INFO] Controle Ben.StClair@infopro-digital.com - page 1 traitee, total lu : 250, memoire PowerShell : 5033 Mo.
[25/08/2026 13:46:49] [INFO] Controle Ben.StClair@infopro-digital.com - page 2 traitee, total lu : 500, memoire PowerShell : 5033 Mo.
[25/08/2026 13:47:15] [INFO] Controle Ben.StClair@infopro-digital.com - page 3 traitee, total lu : 750, memoire PowerShell : 5033 Mo.
[25/08/2026 13:47:19] [INFO] Controle Ben.StClair@infopro-digital.com - page 4 traitee, total lu : 1000, memoire PowerShell : 5033 Mo.
[25/08/2026 13:47:22] [INFO] Controle Ben.StClair@infopro-digital.com - page 5 traitee, total lu : 1250, memoire PowerShell : 5034 Mo.
[25/08/2026 13:47:24] [INFO] Controle Ben.StClair@infopro-digital.com - page 6 traitee, total lu : 1500, memoire PowerShell : 5033 Mo.
[25/08/2026 13:47:28] [INFO] Controle Ben.StClair@infopro-digital.com - page 7 traitee, total lu : 1750, memoire PowerShell : 5034 Mo.
[25/08/2026 13:47:33] [INFO] Controle Ben.StClair@infopro-digital.com - page 8 traitee, total lu : 2000, memoire PowerShell : 5032 Mo.
[25/08/2026 13:47:38] [INFO] Controle Ben.StClair@infopro-digital.com - page 9 traitee, total lu : 2250, memoire PowerShell : 5034 Mo.
[25/08/2026 13:47:43] [INFO] Controle Ben.StClair@infopro-digital.com - page 10 traitee, total lu : 2500, memoire PowerShell : 5035 Mo.
[25/08/2026 13:47:53] [INFO] Controle Ben.StClair@infopro-digital.com - page 11 traitee, total lu : 2750, memoire PowerShell : 5033 Mo.
[25/08/2026 13:47:56] [INFO] Controle Ben.StClair@infopro-digital.com - page 12 traitee, total lu : 3000, memoire PowerShell : 5034 Mo.
[25/08/2026 13:47:59] [INFO] Controle Ben.StClair@infopro-digital.com - page 13 traitee, total lu : 3250, memoire PowerShell : 5035 Mo.
[25/08/2026 13:48:02] [INFO] Controle Ben.StClair@infopro-digital.com - page 14 traitee, total lu : 3500, memoire PowerShell : 5040 Mo.
[25/08/2026 13:48:04] [INFO] Controle Ben.StClair@infopro-digital.com - page 15 traitee, total lu : 3750, memoire PowerShell : 5050 Mo.
[25/08/2026 13:48:07] [INFO] Controle Ben.StClair@infopro-digital.com - page 16 traitee, total lu : 4000, memoire PowerShell : 5059 Mo.
[25/08/2026 13:48:14] [INFO] Controle Ben.StClair@infopro-digital.com - page 17 traitee, total lu : 4250, memoire PowerShell : 5071 Mo.
[25/08/2026 13:48:16] [INFO] Controle Ben.StClair@infopro-digital.com - page 18 traitee, total lu : 4500, memoire PowerShell : 5079 Mo.
[25/08/2026 13:48:28] [INFO] Controle Ben.StClair@infopro-digital.com - page 19 traitee, total lu : 4750, memoire PowerShell : 5061 Mo.
[25/08/2026 13:48:35] [INFO] Controle Ben.StClair@infopro-digital.com - page 20 traitee, total lu : 5000, memoire PowerShell : 5061 Mo.
[25/08/2026 13:48:42] [INFO] Controle Ben.StClair@infopro-digital.com - page 21 traitee, total lu : 5250, memoire PowerShell : 5044 Mo.
[25/08/2026 13:48:47] [INFO] Controle Ben.StClair@infopro-digital.com - page 22 traitee, total lu : 5500, memoire PowerShell : 5043 Mo.
[25/08/2026 13:48:51] [INFO] Controle Ben.StClair@infopro-digital.com - page 23 traitee, total lu : 5750, memoire PowerShell : 5043 Mo.
[25/08/2026 13:48:59] [INFO] Controle Ben.StClair@infopro-digital.com - page 24 traitee, total lu : 6000, memoire PowerShell : 5044 Mo.
[25/08/2026 13:49:03] [INFO] Controle Ben.StClair@infopro-digital.com - page 25 traitee, total lu : 6250, memoire PowerShell : 5042 Mo.
[25/08/2026 13:49:08] [INFO] Controle Ben.StClair@infopro-digital.com - page 26 traitee, total lu : 6500, memoire PowerShell : 5044 Mo.
[25/08/2026 13:49:10] [INFO] Controle Ben.StClair@infopro-digital.com - page 27 traitee, total lu : 6750, memoire PowerShell : 5042 Mo.
[25/08/2026 13:49:11] [INFO] Controle Ben.StClair@infopro-digital.com - page 28 traitee, total lu : 6764, memoire PowerShell : 5043 Mo.
[25/08/2026 13:49:11] [INFO] Aucune connexion Power BI trouvee pour Ben.StClair@infopro-digital.com pendant le controle individuel.
[25/08/2026 13:49:11] [INFO] Controle individuel Entra : benja-liantsoa.randrianirina@infopro-digital.com - ID a5446845-be91-4b8c-8c33-65d3b46e1550
[25/08/2026 13:49:14] [INFO] Controle benja-liantsoa.randrianirina@infopro-digital.com - page 1 traitee, total lu : 250, memoire PowerShell : 5045 Mo.
[25/08/2026 13:49:17] [INFO] Controle benja-liantsoa.randrianirina@infopro-digital.com - page 2 traitee, total lu : 500, memoire PowerShell : 5044 Mo.
[25/08/2026 13:49:21] [INFO] Controle benja-liantsoa.randrianirina@infopro-digital.com - page 3 traitee, total lu : 750, memoire PowerShell : 5042 Mo.
[25/08/2026 13:49:29] [INFO] Controle benja-liantsoa.randrianirina@infopro-digital.com - page 4 traitee, total lu : 1000, memoire PowerShell : 5044 Mo.
[25/08/2026 13:49:33] [INFO] Controle benja-liantsoa.randrianirina@infopro-digital.com - page 5 traitee, total lu : 1250, memoire PowerShell : 5042 Mo.
[25/08/2026 13:49:41] [INFO] Controle benja-liantsoa.randrianirina@infopro-digital.com - page 6 traitee, total lu : 1415, memoire PowerShell : 5041 Mo.
[25/08/2026 13:49:41] [INFO] 9 connexion(s) Power BI trouvee(s) pour benja-liantsoa.randrianirina@infopro-digital.com.
[25/08/2026 13:49:41] [INFO] Controle individuel Entra : Bethany.Jones@infopro-digital.com - ID f26e2d00-63cc-4767-92b7-23f9110dc7a0
[25/08/2026 13:49:44] [INFO] Controle Bethany.Jones@infopro-digital.com - page 1 traitee, total lu : 250, memoire PowerShell : 5047 Mo.
[25/08/2026 13:49:50] [INFO] Controle Bethany.Jones@infopro-digital.com - page 2 traitee, total lu : 500, memoire PowerShell : 5054 Mo.
[25/08/2026 13:49:52] [INFO] Controle Bethany.Jones@infopro-digital.com - page 3 traitee, total lu : 750, memoire PowerShell : 5064 Mo.
[25/08/2026 13:49:54] [INFO] Controle Bethany.Jones@infopro-digital.com - page 4 traitee, total lu : 1000, memoire PowerShell : 5076 Mo.
[25/08/2026 13:49:55] [INFO] Controle Bethany.Jones@infopro-digital.com - page 5 traitee, total lu : 1250, memoire PowerShell : 5087 Mo.
[25/08/2026 13:49:58] [INFO] Controle Bethany.Jones@infopro-digital.com - page 6 traitee, total lu : 1500, memoire PowerShell : 5094 Mo.
[25/08/2026 13:50:02] [INFO] Controle Bethany.Jones@infopro-digital.com - page 7 traitee, total lu : 1750, memoire PowerShell : 5104 Mo.
[25/08/2026 13:50:05] [INFO] Controle Bethany.Jones@infopro-digital.com - page 8 traitee, total lu : 2000, memoire PowerShell : 5115 Mo.
[25/08/2026 13:50:08] [INFO] Controle Bethany.Jones@infopro-digital.com - page 9 traitee, total lu : 2250, memoire PowerShell : 5126 Mo.
[25/08/2026 13:50:10] [INFO] Controle Bethany.Jones@infopro-digital.com - page 10 traitee, total lu : 2500, memoire PowerShell : 5136 Mo.
[25/08/2026 13:50:14] [INFO] Controle Bethany.Jones@infopro-digital.com - page 11 traitee, total lu : 2750, memoire PowerShell : 5147 Mo.
[25/08/2026 13:50:18] [INFO] Controle Bethany.Jones@infopro-digital.com - page 12 traitee, total lu : 3000, memoire PowerShell : 5158 Mo.
[25/08/2026 13:50:28] [INFO] Controle Bethany.Jones@infopro-digital.com - page 13 traitee, total lu : 3250, memoire PowerShell : 5074 Mo.
[25/08/2026 13:50:33] [INFO] Controle Bethany.Jones@infopro-digital.com - page 14 traitee, total lu : 3500, memoire PowerShell : 5074 Mo.
[25/08/2026 13:50:36] [INFO] Controle Bethany.Jones@infopro-digital.com - page 15 traitee, total lu : 3750, memoire PowerShell : 5075 Mo.
[25/08/2026 13:50:38] [INFO] Controle Bethany.Jones@infopro-digital.com - page 16 traitee, total lu : 4000, memoire PowerShell : 5075 Mo.
[25/08/2026 13:50:41] [INFO] Controle Bethany.Jones@infopro-digital.com - page 17 traitee, total lu : 4250, memoire PowerShell : 5073 Mo.
[25/08/2026 13:50:45] [INFO] Controle Bethany.Jones@infopro-digital.com - page 18 traitee, total lu : 4500, memoire PowerShell : 5074 Mo.
[25/08/2026 13:50:49] [INFO] Controle Bethany.Jones@infopro-digital.com - page 19 traitee, total lu : 4750, memoire PowerShell : 5075 Mo.
[25/08/2026 13:50:49] [INFO] Obtention ou renouvellement du jeton Microsoft Graph.
[25/08/2026 13:50:49] [INFO] Jeton Graph valide jusqu'au 25/08/2026 14:45:48.
[25/08/2026 13:50:57] [INFO] Controle Bethany.Jones@infopro-digital.com - page 20 traitee, total lu : 5000, memoire PowerShell : 5073 Mo.
[25/08/2026 13:51:02] [INFO] Controle Bethany.Jones@infopro-digital.com - page 21 traitee, total lu : 5250, memoire PowerShell : 5049 Mo.
[25/08/2026 13:51:05] [INFO] Controle Bethany.Jones@infopro-digital.com - page 22 traitee, total lu : 5500, memoire PowerShell : 5046 Mo.
[25/08/2026 13:51:07] [INFO] Controle Bethany.Jones@infopro-digital.com - page 23 traitee, total lu : 5750, memoire PowerShell : 5048 Mo.
[25/08/2026 13:51:10] [INFO] Controle Bethany.Jones@infopro-digital.com - page 24 traitee, total lu : 6000, memoire PowerShell : 5048 Mo.
[25/08/2026 13:51:12] [INFO] Controle Bethany.Jones@infopro-digital.com - page 25 traitee, total lu : 6250, memoire PowerShell : 5049 Mo.
[25/08/2026 13:51:16] [INFO] Controle Bethany.Jones@infopro-digital.com - page 26 traitee, total lu : 6500, memoire PowerShell : 5047 Mo.
[25/08/2026 13:51:19] [INFO] Controle Bethany.Jones@infopro-digital.com - page 27 traitee, total lu : 6750, memoire PowerShell : 5048 Mo.
[25/08/2026 13:51:20] [INFO] Controle Bethany.Jones@infopro-digital.com - page 28 traitee, total lu : 7000, memoire PowerShell : 5047 Mo.
[25/08/2026 13:51:23] [INFO] Controle Bethany.Jones@infopro-digital.com - page 29 traitee, total lu : 7250, memoire PowerShell : 5048 Mo.
[25/08/2026 13:51:28] [INFO] Controle Bethany.Jones@infopro-digital.com - page 30 traitee, total lu : 7500, memoire PowerShell : 5048 Mo.
[25/08/2026 13:51:30] [INFO] Controle Bethany.Jones@infopro-digital.com - page 31 traitee, total lu : 7750, memoire PowerShell : 5049 Mo.
[25/08/2026 13:51:34] [INFO] Controle Bethany.Jones@infopro-digital.com - page 32 traitee, total lu : 8000, memoire PowerShell : 5047 Mo.
[25/08/2026 13:51:36] [INFO] Controle Bethany.Jones@infopro-digital.com - page 33 traitee, total lu : 8250, memoire PowerShell : 5048 Mo.
[25/08/2026 13:51:41] [INFO] Controle Bethany.Jones@infopro-digital.com - page 34 traitee, total lu : 8500, memoire PowerShell : 5053 Mo.
[25/08/2026 13:51:44] [INFO] Controle Bethany.Jones@infopro-digital.com - page 35 traitee, total lu : 8750, memoire PowerShell : 5064 Mo.
[25/08/2026 13:51:47] [INFO] Controle Bethany.Jones@infopro-digital.com - page 36 traitee, total lu : 9000, memoire PowerShell : 5072 Mo.
[25/08/2026 13:51:51] [INFO] Controle Bethany.Jones@infopro-digital.com - page 37 traitee, total lu : 9250, memoire PowerShell : 5083 Mo.
[25/08/2026 13:51:55] [INFO] Controle Bethany.Jones@infopro-digital.com - page 38 traitee, total lu : 9500, memoire PowerShell : 5093 Mo.
[25/08/2026 13:51:58] [INFO] Controle Bethany.Jones@infopro-digital.com - page 39 traitee, total lu : 9750, memoire PowerShell : 5103 Mo.
[25/08/2026 13:52:04] [INFO] Controle Bethany.Jones@infopro-digital.com - page 40 traitee, total lu : 10000, memoire PowerShell : 5114 Mo.
[25/08/2026 13:52:10] [INFO] Controle Bethany.Jones@infopro-digital.com - page 41 traitee, total lu : 10250, memoire PowerShell : 5055 Mo.
[25/08/2026 13:52:15] [INFO] Controle Bethany.Jones@infopro-digital.com - page 42 traitee, total lu : 10500, memoire PowerShell : 5055 Mo.
[25/08/2026 13:52:17] [INFO] Controle Bethany.Jones@infopro-digital.com - page 43 traitee, total lu : 10750, memoire PowerShell : 5056 Mo.
[25/08/2026 13:52:19] [INFO] Controle Bethany.Jones@infopro-digital.com - page 44 traitee, total lu : 11000, memoire PowerShell : 5053 Mo.
[25/08/2026 13:52:22] [INFO] Controle Bethany.Jones@infopro-digital.com - page 45 traitee, total lu : 11250, memoire PowerShell : 5055 Mo.
[25/08/2026 13:52:24] [INFO] Controle Bethany.Jones@infopro-digital.com - page 46 traitee, total lu : 11500, memoire PowerShell : 5055 Mo.
[25/08/2026 13:52:26] [INFO] Controle Bethany.Jones@infopro-digital.com - page 47 traitee, total lu : 11750, memoire PowerShell : 5055 Mo.
[25/08/2026 13:52:29] [INFO] Controle Bethany.Jones@infopro-digital.com - page 48 traitee, total lu : 12000, memoire PowerShell : 5055 Mo.
[25/08/2026 13:52:31] [INFO] Controle Bethany.Jones@infopro-digital.com - page 49 traitee, total lu : 12250, memoire PowerShell : 5055 Mo.
[25/08/2026 13:52:36] [INFO] Controle Bethany.Jones@infopro-digital.com - page 50 traitee, total lu : 12500, memoire PowerShell : 5056 Mo.
[25/08/2026 13:52:38] [INFO] Controle Bethany.Jones@infopro-digital.com - page 51 traitee, total lu : 12750, memoire PowerShell : 5054 Mo.
[25/08/2026 13:52:41] [INFO] Controle Bethany.Jones@infopro-digital.com - page 52 traitee, total lu : 13000, memoire PowerShell : 5055 Mo.
[25/08/2026 13:52:46] [INFO] Controle Bethany.Jones@infopro-digital.com - page 53 traitee, total lu : 13250, memoire PowerShell : 5055 Mo.
[25/08/2026 13:52:49] [INFO] Controle Bethany.Jones@infopro-digital.com - page 54 traitee, total lu : 13315, memoire PowerShell : 5051 Mo.
[25/08/2026 13:52:49] [INFO] Aucune connexion Power BI trouvee pour Bethany.Jones@infopro-digital.com pendant le controle individuel.
[25/08/2026 13:52:49] [INFO] Controle individuel Entra : brice.perard@infopro-digital.com - ID d6e6adc2-db77-422e-9aca-fa83344b3a99
[25/08/2026 13:52:54] [INFO] Controle brice.perard@infopro-digital.com - page 1 traitee, total lu : 250, memoire PowerShell : 5062 Mo.
[25/08/2026 13:52:58] [INFO] Controle brice.perard@infopro-digital.com - page 2 traitee, total lu : 500, memoire PowerShell : 5072 Mo.
[25/08/2026 13:53:02] [INFO] Controle brice.perard@infopro-digital.com - page 3 traitee, total lu : 750, memoire PowerShell : 5081 Mo.
[25/08/2026 13:53:06] [INFO] Controle brice.perard@infopro-digital.com - page 4 traitee, total lu : 1000, memoire PowerShell : 5092 Mo.
[25/08/2026 13:53:10] [INFO] Controle brice.perard@infopro-digital.com - page 5 traitee, total lu : 1250, memoire PowerShell : 5101 Mo.
[25/08/2026 13:53:14] [INFO] Controle brice.perard@infopro-digital.com - page 6 traitee, total lu : 1500, memoire PowerShell : 5112 Mo.
[25/08/2026 13:53:18] [INFO] Controle brice.perard@infopro-digital.com - page 7 traitee, total lu : 1750, memoire PowerShell : 5121 Mo.
[25/08/2026 13:53:21] [INFO] Controle brice.perard@infopro-digital.com - page 8 traitee, total lu : 2000, memoire PowerShell : 5132 Mo.
[25/08/2026 13:53:24] [INFO] Controle brice.perard@infopro-digital.com - page 9 traitee, total lu : 2250, memoire PowerShell : 5141 Mo.
[25/08/2026 13:53:28] [INFO] Controle brice.perard@infopro-digital.com - page 10 traitee, total lu : 2500, memoire PowerShell : 5151 Mo.
[25/08/2026 13:53:31] [INFO] Controle brice.perard@infopro-digital.com - page 11 traitee, total lu : 2750, memoire PowerShell : 5161 Mo.
[25/08/2026 13:53:33] [INFO] Controle brice.perard@infopro-digital.com - page 12 traitee, total lu : 3000, memoire PowerShell : 5170 Mo.
[25/08/2026 13:53:36] [INFO] Controle brice.perard@infopro-digital.com - page 13 traitee, total lu : 3250, memoire PowerShell : 5183 Mo.
[25/08/2026 13:53:38] [INFO] Controle brice.perard@infopro-digital.com - page 14 traitee, total lu : 3500, memoire PowerShell : 5192 Mo.
[25/08/2026 13:53:41] [INFO] Controle brice.perard@infopro-digital.com - page 15 traitee, total lu : 3750, memoire PowerShell : 5205 Mo.
[25/08/2026 13:53:45] [INFO] Controle brice.perard@infopro-digital.com - page 16 traitee, total lu : 4000, memoire PowerShell : 5227 Mo.
[25/08/2026 13:53:47] [INFO] Controle brice.perard@infopro-digital.com - page 17 traitee, total lu : 4250, memoire PowerShell : 5144 Mo.
[25/08/2026 13:53:49] [INFO] Controle brice.perard@infopro-digital.com - page 18 traitee, total lu : 4500, memoire PowerShell : 5144 Mo.
[25/08/2026 13:53:54] [INFO] Controle brice.perard@infopro-digital.com - page 19 traitee, total lu : 4750, memoire PowerShell : 5143 Mo.
[25/08/2026 13:53:57] [INFO] Controle brice.perard@infopro-digital.com - page 20 traitee, total lu : 5000, memoire PowerShell : 5142 Mo.
[25/08/2026 13:54:02] [INFO] Controle brice.perard@infopro-digital.com - page 21 traitee, total lu : 5250, memoire PowerShell : 5066 Mo.
[25/08/2026 13:54:06] [INFO] Controle brice.perard@infopro-digital.com - page 22 traitee, total lu : 5500, memoire PowerShell : 5066 Mo.
[25/08/2026 13:54:08] [INFO] Controle brice.perard@infopro-digital.com - page 23 traitee, total lu : 5750, memoire PowerShell : 5066 Mo.
[25/08/2026 13:54:12] [INFO] Controle brice.perard@infopro-digital.com - page 24 traitee, total lu : 6000, memoire PowerShell : 5066 Mo.
[25/08/2026 13:54:14] [INFO] Controle brice.perard@infopro-digital.com - page 25 traitee, total lu : 6250, memoire PowerShell : 5066 Mo.
[25/08/2026 13:54:20] [INFO] Controle brice.perard@infopro-digital.com - page 26 traitee, total lu : 6500, memoire PowerShell : 5067 Mo.
[25/08/2026 13:54:25] [INFO] Controle brice.perard@infopro-digital.com - page 27 traitee, total lu : 6667, memoire PowerShell : 5064 Mo.
[25/08/2026 13:54:25] [INFO] 1 connexion(s) Power BI trouvee(s) pour brice.perard@infopro-digital.com.
[25/08/2026 13:54:25] [INFO] Controle individuel Entra : brieuc.decannart@ebp.be - ID 20d7ac8e-0472-4822-bf9a-2bc912e090d9
[25/08/2026 13:54:29] [INFO] Controle brieuc.decannart@ebp.be - page 1 traitee, total lu : 250, memoire PowerShell : 5066 Mo.
[25/08/2026 13:54:33] [INFO] Controle brieuc.decannart@ebp.be - page 2 traitee, total lu : 500, memoire PowerShell : 5066 Mo.
[25/08/2026 13:54:43] [INFO] Controle brieuc.decannart@ebp.be - page 3 traitee, total lu : 750, memoire PowerShell : 5067 Mo.
[25/08/2026 13:54:46] [INFO] Controle brieuc.decannart@ebp.be - page 4 traitee, total lu : 1000, memoire PowerShell : 5065 Mo.
[25/08/2026 13:54:50] [INFO] Controle brieuc.decannart@ebp.be - page 5 traitee, total lu : 1250, memoire PowerShell : 5066 Mo.
[25/08/2026 13:54:54] [INFO] Controle brieuc.decannart@ebp.be - page 6 traitee, total lu : 1500, memoire PowerShell : 5066 Mo.
[25/08/2026 13:54:59] [INFO] Controle brieuc.decannart@ebp.be - page 7 traitee, total lu : 1750, memoire PowerShell : 5067 Mo.
[25/08/2026 13:55:01] [INFO] Controle brieuc.decannart@ebp.be - page 8 traitee, total lu : 2000, memoire PowerShell : 5073 Mo.
[25/08/2026 13:55:08] [INFO] Controle brieuc.decannart@ebp.be - page 9 traitee, total lu : 2250, memoire PowerShell : 5084 Mo.
[25/08/2026 13:55:10] [INFO] Controle brieuc.decannart@ebp.be - page 10 traitee, total lu : 2500, memoire PowerShell : 5094 Mo.
[25/08/2026 13:55:13] [INFO] Controle brieuc.decannart@ebp.be - page 11 traitee, total lu : 2750, memoire PowerShell : 5105 Mo.
[25/08/2026 13:55:16] [INFO] Controle brieuc.decannart@ebp.be - page 12 traitee, total lu : 3000, memoire PowerShell : 5113 Mo.
[25/08/2026 13:55:19] [INFO] Controle brieuc.decannart@ebp.be - page 13 traitee, total lu : 3250, memoire PowerShell : 5123 Mo.
[25/08/2026 13:55:22] [INFO] Controle brieuc.decannart@ebp.be - page 14 traitee, total lu : 3500, memoire PowerShell : 5135 Mo.
[25/08/2026 13:55:24] [INFO] Controle brieuc.decannart@ebp.be - page 15 traitee, total lu : 3750, memoire PowerShell : 5146 Mo.
[25/08/2026 13:55:26] [INFO] Controle brieuc.decannart@ebp.be - page 16 traitee, total lu : 4000, memoire PowerShell : 5154 Mo.
[25/08/2026 13:55:30] [INFO] Controle brieuc.decannart@ebp.be - page 17 traitee, total lu : 4250, memoire PowerShell : 5165 Mo.
[25/08/2026 13:55:33] [INFO] Controle brieuc.decannart@ebp.be - page 18 traitee, total lu : 4500, memoire PowerShell : 5176 Mo.
[25/08/2026 13:55:39] [INFO] Controle brieuc.decannart@ebp.be - page 19 traitee, total lu : 4750, memoire PowerShell : 5184 Mo.
[25/08/2026 13:55:42] [INFO] Controle brieuc.decannart@ebp.be - page 20 traitee, total lu : 5000, memoire PowerShell : 5104 Mo.
[25/08/2026 13:55:48] [INFO] Controle brieuc.decannart@ebp.be - page 21 traitee, total lu : 5250, memoire PowerShell : 5073 Mo.
[25/08/2026 13:55:51] [INFO] Controle brieuc.decannart@ebp.be - page 22 traitee, total lu : 5500, memoire PowerShell : 5071 Mo.
[25/08/2026 13:55:53] [INFO] Controle brieuc.decannart@ebp.be - page 23 traitee, total lu : 5750, memoire PowerShell : 5072 Mo.
[25/08/2026 13:55:57] [INFO] Controle brieuc.decannart@ebp.be - page 24 traitee, total lu : 6000, memoire PowerShell : 5073 Mo.
[25/08/2026 13:56:00] [INFO] Controle brieuc.decannart@ebp.be - page 25 traitee, total lu : 6163, memoire PowerShell : 5067 Mo.
[25/08/2026 13:56:00] [INFO] 5 connexion(s) Power BI trouvee(s) pour brieuc.decannart@ebp.be.
[25/08/2026 13:56:00] [INFO] Controle individuel Entra : catherine.jarvis@infopro-digital.com - ID f9d68ae3-f911-41dd-8156-3069f095ebdf
[25/08/2026 13:56:06] [INFO] Controle catherine.jarvis@infopro-digital.com - page 1 traitee, total lu : 250, memoire PowerShell : 5073 Mo.
[25/08/2026 13:56:09] [INFO] Controle catherine.jarvis@infopro-digital.com - page 2 traitee, total lu : 500, memoire PowerShell : 5073 Mo.
[25/08/2026 13:56:12] [INFO] Controle catherine.jarvis@infopro-digital.com - page 3 traitee, total lu : 750, memoire PowerShell : 5073 Mo.
[25/08/2026 13:56:17] [INFO] Controle catherine.jarvis@infopro-digital.com - page 4 traitee, total lu : 1000, memoire PowerShell : 5074 Mo.
[25/08/2026 13:56:19] [INFO] Controle catherine.jarvis@infopro-digital.com - page 5 traitee, total lu : 1250, memoire PowerShell : 5073 Mo.
[25/08/2026 13:56:21] [INFO] Controle catherine.jarvis@infopro-digital.com - page 6 traitee, total lu : 1500, memoire PowerShell : 5074 Mo.
[25/08/2026 13:56:24] [INFO] Controle catherine.jarvis@infopro-digital.com - page 7 traitee, total lu : 1750, memoire PowerShell : 5073 Mo.
[25/08/2026 13:56:28] [INFO] Controle catherine.jarvis@infopro-digital.com - page 8 traitee, total lu : 2000, memoire PowerShell : 5074 Mo.
[25/08/2026 13:56:30] [INFO] Controle catherine.jarvis@infopro-digital.com - page 9 traitee, total lu : 2250, memoire PowerShell : 5074 Mo.
[25/08/2026 13:56:32] [INFO] Controle catherine.jarvis@infopro-digital.com - page 10 traitee, total lu : 2500, memoire PowerShell : 5085 Mo.
[25/08/2026 13:56:35] [INFO] Controle catherine.jarvis@infopro-digital.com - page 11 traitee, total lu : 2750, memoire PowerShell : 5093 Mo.
[25/08/2026 13:56:38] [INFO] Controle catherine.jarvis@infopro-digital.com - page 12 traitee, total lu : 3000, memoire PowerShell : 5105 Mo.
[25/08/2026 13:56:42] [INFO] Controle catherine.jarvis@infopro-digital.com - page 13 traitee, total lu : 3250, memoire PowerShell : 5114 Mo.
[25/08/2026 13:56:48] [INFO] Controle catherine.jarvis@infopro-digital.com - page 14 traitee, total lu : 3500, memoire PowerShell : 5126 Mo.
[25/08/2026 13:56:51] [INFO] Controle catherine.jarvis@infopro-digital.com - page 15 traitee, total lu : 3750, memoire PowerShell : 5136 Mo.
[25/08/2026 13:56:54] [INFO] Controle catherine.jarvis@infopro-digital.com - page 16 traitee, total lu : 4000, memoire PowerShell : 5147 Mo.
[25/08/2026 13:56:56] [INFO] Controle catherine.jarvis@infopro-digital.com - page 17 traitee, total lu : 4250, memoire PowerShell : 5155 Mo.
[25/08/2026 13:56:58] [INFO] Controle catherine.jarvis@infopro-digital.com - page 18 traitee, total lu : 4500, memoire PowerShell : 5167 Mo.
[25/08/2026 13:57:01] [INFO] Controle catherine.jarvis@infopro-digital.com - page 19 traitee, total lu : 4750, memoire PowerShell : 5175 Mo.
[25/08/2026 13:57:07] [INFO] Controle catherine.jarvis@infopro-digital.com - page 20 traitee, total lu : 5000, memoire PowerShell : 5188 Mo.
[25/08/2026 13:57:13] [INFO] Controle catherine.jarvis@infopro-digital.com - page 21 traitee, total lu : 5250, memoire PowerShell : 5080 Mo.
[25/08/2026 13:57:17] [INFO] Controle catherine.jarvis@infopro-digital.com - page 22 traitee, total lu : 5500, memoire PowerShell : 5079 Mo.
[25/08/2026 13:57:20] [INFO] Controle catherine.jarvis@infopro-digital.com - page 23 traitee, total lu : 5611, memoire PowerShell : 5074 Mo.
[25/08/2026 13:57:20] [INFO] 10 connexion(s) Power BI trouvee(s) pour catherine.jarvis@infopro-digital.com.
[25/08/2026 13:57:20] [INFO] Controle individuel Entra : celine.ruat@infopro-digital.com - ID 6ad7d28c-b852-4fcf-b7bb-1f45cbe5a2e8
[25/08/2026 13:57:23] [INFO] Controle celine.ruat@infopro-digital.com - page 1 traitee, total lu : 250, memoire PowerShell : 5080 Mo.
[25/08/2026 13:57:32] [INFO] Controle celine.ruat@infopro-digital.com - page 2 traitee, total lu : 500, memoire PowerShell : 5077 Mo.
[25/08/2026 13:57:35] [INFO] Controle celine.ruat@infopro-digital.com - page 3 traitee, total lu : 750, memoire PowerShell : 5079 Mo.
[25/08/2026 13:57:39] [INFO] Controle celine.ruat@infopro-digital.com - page 4 traitee, total lu : 1000, memoire PowerShell : 5080 Mo.
[25/08/2026 13:57:46] [INFO] Controle celine.ruat@infopro-digital.com - page 5 traitee, total lu : 1250, memoire PowerShell : 5079 Mo.
[25/08/2026 13:57:48] [INFO] Controle celine.ruat@infopro-digital.com - page 6 traitee, total lu : 1500, memoire PowerShell : 5080 Mo.
[25/08/2026 13:57:51] [INFO] Controle celine.ruat@infopro-digital.com - page 7 traitee, total lu : 1750, memoire PowerShell : 5078 Mo.
[25/08/2026 13:58:00] [INFO] Controle celine.ruat@infopro-digital.com - page 8 traitee, total lu : 2000, memoire PowerShell : 5079 Mo.
[25/08/2026 13:58:03] [INFO] Controle celine.ruat@infopro-digital.com - page 9 traitee, total lu : 2250, memoire PowerShell : 5080 Mo.
[25/08/2026 13:58:06] [INFO] Controle celine.ruat@infopro-digital.com - page 10 traitee, total lu : 2500, memoire PowerShell : 5078 Mo.
[25/08/2026 13:58:09] [INFO] Controle celine.ruat@infopro-digital.com - page 11 traitee, total lu : 2750, memoire PowerShell : 5080 Mo.
[25/08/2026 13:58:16] [INFO] Controle celine.ruat@infopro-digital.com - page 12 traitee, total lu : 3000, memoire PowerShell : 5086 Mo.
[25/08/2026 13:58:18] [INFO] Controle celine.ruat@infopro-digital.com - page 13 traitee, total lu : 3250, memoire PowerShell : 5097 Mo.
[25/08/2026 13:58:20] [INFO] Controle celine.ruat@infopro-digital.com - page 14 traitee, total lu : 3500, memoire PowerShell : 5108 Mo.
[25/08/2026 13:58:26] [INFO] Controle celine.ruat@infopro-digital.com - page 15 traitee, total lu : 3750, memoire PowerShell : 5120 Mo.
[25/08/2026 13:58:31] [INFO] Controle celine.ruat@infopro-digital.com - page 16 traitee, total lu : 4000, memoire PowerShell : 5128 Mo.
[25/08/2026 13:58:34] [INFO] Controle celine.ruat@infopro-digital.com - page 17 traitee, total lu : 4250, memoire PowerShell : 5140 Mo.
[25/08/2026 13:58:38] [INFO] Controle celine.ruat@infopro-digital.com - page 18 traitee, total lu : 4500, memoire PowerShell : 5148 Mo.
[25/08/2026 13:58:40] [INFO] Controle celine.ruat@infopro-digital.com - page 19 traitee, total lu : 4750, memoire PowerShell : 5160 Mo.
[25/08/2026 13:58:44] [INFO] Controle celine.ruat@infopro-digital.com - page 20 traitee, total lu : 5000, memoire PowerShell : 5171 Mo.
[25/08/2026 13:58:52] [INFO] Controle celine.ruat@infopro-digital.com - page 21 traitee, total lu : 5250, memoire PowerShell : 5086 Mo.
[25/08/2026 13:58:55] [INFO] Controle celine.ruat@infopro-digital.com - page 22 traitee, total lu : 5500, memoire PowerShell : 5085 Mo.
[25/08/2026 13:58:57] [INFO] Controle celine.ruat@infopro-digital.com - page 23 traitee, total lu : 5750, memoire PowerShell : 5085 Mo.
[25/08/2026 13:59:02] [INFO] Controle celine.ruat@infopro-digital.com - page 24 traitee, total lu : 6000, memoire PowerShell : 5083 Mo.
[25/08/2026 13:59:06] [INFO] Controle celine.ruat@infopro-digital.com - page 25 traitee, total lu : 6250, memoire PowerShell : 5085 Mo.
[25/08/2026 13:59:09] [INFO] Controle celine.ruat@infopro-digital.com - page 26 traitee, total lu : 6500, memoire PowerShell : 5086 Mo.
[25/08/2026 13:59:13] [INFO] Controle celine.ruat@infopro-digital.com - page 27 traitee, total lu : 6750, memoire PowerShell : 5083 Mo.
[25/08/2026 13:59:16] [INFO] Controle celine.ruat@infopro-digital.com - page 28 traitee, total lu : 7000, memoire PowerShell : 5085 Mo.
[25/08/2026 13:59:18] [INFO] Controle celine.ruat@infopro-digital.com - page 29 traitee, total lu : 7176, memoire PowerShell : 5083 Mo.
[25/08/2026 13:59:18] [INFO] Aucune connexion Power BI trouvee pour celine.ruat@infopro-digital.com pendant le controle individuel.
[25/08/2026 13:59:18] [INFO] Controle individuel Entra : Chris.Ai@infopro-digital.com - ID fadcf9ea-69e6-41cf-9414-7f03468f1e41
[25/08/2026 13:59:27] [INFO] Controle Chris.Ai@infopro-digital.com - page 1 traitee, total lu : 250, memoire PowerShell : 5085 Mo.
[25/08/2026 13:59:32] [INFO] Controle Chris.Ai@infopro-digital.com - page 2 traitee, total lu : 357, memoire PowerShell : 5080 Mo.
[25/08/2026 13:59:32] [INFO] Aucune connexion Power BI trouvee pour Chris.Ai@infopro-digital.com pendant le controle individuel.
[25/08/2026 13:59:32] [INFO] Controle individuel Entra : chris.davis@infopro-digital.com - ID 90822af5-b859-4942-a6fc-617b08db9611
[25/08/2026 13:59:37] [INFO] Controle chris.davis@infopro-digital.com - page 1 traitee, total lu : 250, memoire PowerShell : 5085 Mo.
[25/08/2026 13:59:40] [INFO] Controle chris.davis@infopro-digital.com - page 2 traitee, total lu : 500, memoire PowerShell : 5085 Mo.
[25/08/2026 13:59:43] [INFO] Controle chris.davis@infopro-digital.com - page 3 traitee, total lu : 750, memoire PowerShell : 5084 Mo.
[25/08/2026 13:59:49] [INFO] Controle chris.davis@infopro-digital.com - page 4 traitee, total lu : 1000, memoire PowerShell : 5087 Mo.
[25/08/2026 13:59:52] [INFO] Controle chris.davis@infopro-digital.com - page 5 traitee, total lu : 1250, memoire PowerShell : 5097 Mo.
[25/08/2026 13:59:56] [INFO] Controle chris.davis@infopro-digital.com - page 6 traitee, total lu : 1500, memoire PowerShell : 5108 Mo.
[25/08/2026 14:00:01] [INFO] Controle chris.davis@infopro-digital.com - page 7 traitee, total lu : 1750, memoire PowerShell : 5118 Mo.
[25/08/2026 14:00:06] [INFO] Controle chris.davis@infopro-digital.com - page 8 traitee, total lu : 2000, memoire PowerShell : 5129 Mo.
[25/08/2026 14:00:14] [INFO] Controle chris.davis@infopro-digital.com - page 9 traitee, total lu : 2250, memoire PowerShell : 5137 Mo.
[25/08/2026 14:00:17] [INFO] Controle chris.davis@infopro-digital.com - page 10 traitee, total lu : 2500, memoire PowerShell : 5148 Mo.
[25/08/2026 14:00:19] [INFO] Controle chris.davis@infopro-digital.com - page 11 traitee, total lu : 2750, memoire PowerShell : 5159 Mo.
[25/08/2026 14:00:22] [INFO] Controle chris.davis@infopro-digital.com - page 12 traitee, total lu : 3000, memoire PowerShell : 5169 Mo.
[25/08/2026 14:00:28] [INFO] Controle chris.davis@infopro-digital.com - page 13 traitee, total lu : 3250, memoire PowerShell : 5093 Mo.
[25/08/2026 14:00:32] [INFO] Controle chris.davis@infopro-digital.com - page 14 traitee, total lu : 3500, memoire PowerShell : 5093 Mo.
[25/08/2026 14:00:36] [INFO] Controle chris.davis@infopro-digital.com - page 15 traitee, total lu : 3750, memoire PowerShell : 5094 Mo.
[25/08/2026 14:00:40] [INFO] Controle chris.davis@infopro-digital.com - page 16 traitee, total lu : 4000, memoire PowerShell : 5091 Mo.
[25/08/2026 14:00:43] [INFO] Controle chris.davis@infopro-digital.com - page 17 traitee, total lu : 4250, memoire PowerShell : 5094 Mo.
[25/08/2026 14:00:46] [INFO] Controle chris.davis@infopro-digital.com - page 18 traitee, total lu : 4500, memoire PowerShell : 5092 Mo.
[25/08/2026 14:00:54] [INFO] Controle chris.davis@infopro-digital.com - page 19 traitee, total lu : 4750, memoire PowerShell : 5094 Mo.
[25/08/2026 14:00:59] [INFO] Controle chris.davis@infopro-digital.com - page 20 traitee, total lu : 5000, memoire PowerShell : 5094 Mo.
[25/08/2026 14:01:05] [INFO] Controle chris.davis@infopro-digital.com - page 21 traitee, total lu : 5250, memoire PowerShell : 5099 Mo.
[25/08/2026 14:01:10] [INFO] Controle chris.davis@infopro-digital.com - page 22 traitee, total lu : 5500, memoire PowerShell : 5098 Mo.
[25/08/2026 14:01:14] [INFO] Controle chris.davis@infopro-digital.com - page 23 traitee, total lu : 5750, memoire PowerShell : 5098 Mo.
[25/08/2026 14:01:18] [INFO] Controle chris.davis@infopro-digital.com - page 24 traitee, total lu : 6000, memoire PowerShell : 5099 Mo.
[25/08/2026 14:01:21] [INFO] Controle chris.davis@infopro-digital.com - page 25 traitee, total lu : 6250, memoire PowerShell : 5097 Mo.
[25/08/2026 14:01:24] [INFO] Controle chris.davis@infopro-digital.com - page 26 traitee, total lu : 6500, memoire PowerShell : 5098 Mo.
[25/08/2026 14:01:28] [INFO] Controle chris.davis@infopro-digital.com - page 27 traitee, total lu : 6750, memoire PowerShell : 5099 Mo.
[25/08/2026 14:01:30] [INFO] Controle chris.davis@infopro-digital.com - page 28 traitee, total lu : 7000, memoire PowerShell : 5099 Mo.
[25/08/2026 14:01:32] [INFO] Controle chris.davis@infopro-digital.com - page 29 traitee, total lu : 7250, memoire PowerShell : 5097 Mo.
[25/08/2026 14:01:39] [INFO] Controle chris.davis@infopro-digital.com - page 30 traitee, total lu : 7500, memoire PowerShell : 5099 Mo.
[25/08/2026 14:01:43] [INFO] Controle chris.davis@infopro-digital.com - page 31 traitee, total lu : 7750, memoire PowerShell : 5100 Mo.
[25/08/2026 14:01:45] [INFO] Controle chris.davis@infopro-digital.com - page 32 traitee, total lu : 8000, memoire PowerShell : 5097 Mo.
[25/08/2026 14:01:49] [INFO] Controle chris.davis@infopro-digital.com - page 33 traitee, total lu : 8250, memoire PowerShell : 5100 Mo.
[25/08/2026 14:01:53] [INFO] Controle chris.davis@infopro-digital.com - page 34 traitee, total lu : 8500, memoire PowerShell : 5102 Mo.
[25/08/2026 14:01:55] [INFO] Controle chris.davis@infopro-digital.com - page 35 traitee, total lu : 8750, memoire PowerShell : 5115 Mo.
[25/08/2026 14:01:59] [INFO] Controle chris.davis@infopro-digital.com - page 36 traitee, total lu : 9000, memoire PowerShell : 5123 Mo.
[25/08/2026 14:02:03] [INFO] Controle chris.davis@infopro-digital.com - page 37 traitee, total lu : 9250, memoire PowerShell : 5134 Mo.
[25/08/2026 14:02:05] [INFO] Controle chris.davis@infopro-digital.com - page 38 traitee, total lu : 9500, memoire PowerShell : 5145 Mo.
[25/08/2026 14:02:15] [INFO] Controle chris.davis@infopro-digital.com - page 39 traitee, total lu : 9750, memoire PowerShell : 5156 Mo.
[25/08/2026 14:02:17] [INFO] Controle chris.davis@infopro-digital.com - page 40 traitee, total lu : 10000, memoire PowerShell : 5164 Mo.
[25/08/2026 14:02:24] [INFO] Controle chris.davis@infopro-digital.com - page 41 traitee, total lu : 10250, memoire PowerShell : 5099 Mo.
[25/08/2026 14:02:25] [INFO] Controle chris.davis@infopro-digital.com - page 42 traitee, total lu : 10267, memoire PowerShell : 5100 Mo.
[25/08/2026 14:02:25] [INFO] 7 connexion(s) Power BI trouvee(s) pour chris.davis@infopro-digital.com.
[25/08/2026 14:02:25] [INFO] Controle individuel Entra : chris.journet@infopro-digital.com - ID a38fe26e-a141-48aa-b214-3efc9f387bd0
[25/08/2026 14:02:29] [INFO] Controle chris.journet@infopro-digital.com - page 1 traitee, total lu : 250, memoire PowerShell : 5099 Mo.
[25/08/2026 14:02:35] [INFO] Controle chris.journet@infopro-digital.com - page 2 traitee, total lu : 500, memoire PowerShell : 5098 Mo.
[25/08/2026 14:02:41] [INFO] Controle chris.journet@infopro-digital.com - page 3 traitee, total lu : 750, memoire PowerShell : 5098 Mo.
[25/08/2026 14:02:53] [INFO] Controle chris.journet@infopro-digital.com - page 4 traitee, total lu : 1000, memoire PowerShell : 5100 Mo.
[25/08/2026 14:02:57] [INFO] Controle chris.journet@infopro-digital.com - page 5 traitee, total lu : 1250, memoire PowerShell : 5101 Mo.
[25/08/2026 14:03:00] [INFO] Controle chris.journet@infopro-digital.com - page 6 traitee, total lu : 1500, memoire PowerShell : 5099 Mo.
[25/08/2026 14:03:03] [INFO] Controle chris.journet@infopro-digital.com - page 7 traitee, total lu : 1750, memoire PowerShell : 5099 Mo.
[25/08/2026 14:03:11] [INFO] Controle chris.journet@infopro-digital.com - page 8 traitee, total lu : 2000, memoire PowerShell : 5101 Mo.
[25/08/2026 14:03:13] [INFO] Controle chris.journet@infopro-digital.com - page 9 traitee, total lu : 2250, memoire PowerShell : 5099 Mo.
[25/08/2026 14:03:15] [INFO] Controle chris.journet@infopro-digital.com - page 10 traitee, total lu : 2500, memoire PowerShell : 5099 Mo.
[25/08/2026 14:03:21] [INFO] Controle chris.journet@infopro-digital.com - page 11 traitee, total lu : 2750, memoire PowerShell : 5101 Mo.
[25/08/2026 14:03:23] [INFO] Controle chris.journet@infopro-digital.com - page 12 traitee, total lu : 3000, memoire PowerShell : 5099 Mo.
[25/08/2026 14:03:27] [INFO] Controle chris.journet@infopro-digital.com - page 13 traitee, total lu : 3250, memoire PowerShell : 5106 Mo.
[25/08/2026 14:03:29] [INFO] Controle chris.journet@infopro-digital.com - page 14 traitee, total lu : 3500, memoire PowerShell : 5118 Mo.
[25/08/2026 14:03:33] [INFO] Controle chris.journet@infopro-digital.com - page 15 traitee, total lu : 3750, memoire PowerShell : 5126 Mo.
[25/08/2026 14:03:36] [INFO] Controle chris.journet@infopro-digital.com - page 16 traitee, total lu : 4000, memoire PowerShell : 5137 Mo.
[25/08/2026 14:03:40] [INFO] Controle chris.journet@infopro-digital.com - page 17 traitee, total lu : 4250, memoire PowerShell : 5149 Mo.
[25/08/2026 14:03:42] [INFO] Controle chris.journet@infopro-digital.com - page 18 traitee, total lu : 4500, memoire PowerShell : 5157 Mo.
[25/08/2026 14:03:44] [INFO] Controle chris.journet@infopro-digital.com - page 19 traitee, total lu : 4750, memoire PowerShell : 5168 Mo.
[25/08/2026 14:03:48] [INFO] Controle chris.journet@infopro-digital.com - page 20 traitee, total lu : 4837, memoire PowerShell : 5172 Mo.
[25/08/2026 14:03:51] [INFO] Aucune connexion Power BI trouvee pour chris.journet@infopro-digital.com pendant le controle individuel.
[25/08/2026 14:03:51] [INFO] Controle individuel Entra : christian.stallknecht@infopro-digital.com - ID 2c3ae08a-a68c-42bb-83bf-111f69d605e3
[25/08/2026 14:03:57] [INFO] Controle christian.stallknecht@infopro-digital.com - page 1 traitee, total lu : 250, memoire PowerShell : 5102 Mo.
[25/08/2026 14:04:01] [INFO] Controle christian.stallknecht@infopro-digital.com - page 2 traitee, total lu : 500, memoire PowerShell : 5101 Mo.
[25/08/2026 14:04:05] [INFO] Controle christian.stallknecht@infopro-digital.com - page 3 traitee, total lu : 750, memoire PowerShell : 5102 Mo.
[25/08/2026 14:04:11] [INFO] Controle christian.stallknecht@infopro-digital.com - page 4 traitee, total lu : 1000, memoire PowerShell : 5103 Mo.
[25/08/2026 14:04:14] [INFO] Controle christian.stallknecht@infopro-digital.com - page 5 traitee, total lu : 1250, memoire PowerShell : 5100 Mo.
[25/08/2026 14:04:18] [INFO] Controle christian.stallknecht@infopro-digital.com - page 6 traitee, total lu : 1500, memoire PowerShell : 5101 Mo.
[25/08/2026 14:04:23] [INFO] Controle christian.stallknecht@infopro-digital.com - page 7 traitee, total lu : 1750, memoire PowerShell : 5101 Mo.
[25/08/2026 14:04:29] [INFO] Controle christian.stallknecht@infopro-digital.com - page 8 traitee, total lu : 2000, memoire PowerShell : 5102 Mo.
[25/08/2026 14:04:32] [INFO] Controle christian.stallknecht@infopro-digital.com - page 9 traitee, total lu : 2250, memoire PowerShell : 5103 Mo.
[25/08/2026 14:04:34] [INFO] Controle christian.stallknecht@infopro-digital.com - page 10 traitee, total lu : 2500, memoire PowerShell : 5103 Mo.
[25/08/2026 14:04:38] [INFO] Controle christian.stallknecht@infopro-digital.com - page 11 traitee, total lu : 2750, memoire PowerShell : 5101 Mo.
[25/08/2026 14:04:41] [INFO] Controle christian.stallknecht@infopro-digital.com - page 12 traitee, total lu : 3000, memoire PowerShell : 5101 Mo.
[25/08/2026 14:04:44] [INFO] Controle christian.stallknecht@infopro-digital.com - page 13 traitee, total lu : 3250, memoire PowerShell : 5102 Mo.
[25/08/2026 14:04:49] [INFO] Controle christian.stallknecht@infopro-digital.com - page 14 traitee, total lu : 3500, memoire PowerShell : 5107 Mo.
[25/08/2026 14:04:52] [INFO] Controle christian.stallknecht@infopro-digital.com - page 15 traitee, total lu : 3750, memoire PowerShell : 5119 Mo.
[25/08/2026 14:04:55] [INFO] Controle christian.stallknecht@infopro-digital.com - page 16 traitee, total lu : 4000, memoire PowerShell : 5129 Mo.
[25/08/2026 14:04:59] [INFO] Controle christian.stallknecht@infopro-digital.com - page 17 traitee, total lu : 4250, memoire PowerShell : 5139 Mo.
[25/08/2026 14:05:02] [INFO] Controle christian.stallknecht@infopro-digital.com - page 18 traitee, total lu : 4500, memoire PowerShell : 5149 Mo.
[25/08/2026 14:05:05] [INFO] Controle christian.stallknecht@infopro-digital.com - page 19 traitee, total lu : 4750, memoire PowerShell : 5159 Mo.
[25/08/2026 14:05:09] [INFO] Controle christian.stallknecht@infopro-digital.com - page 20 traitee, total lu : 5000, memoire PowerShell : 5169 Mo.
[25/08/2026 14:05:14] [INFO] Controle christian.stallknecht@infopro-digital.com - page 21 traitee, total lu : 5250, memoire PowerShell : 5105 Mo.
[25/08/2026 14:05:17] [INFO] Controle christian.stallknecht@infopro-digital.com - page 22 traitee, total lu : 5500, memoire PowerShell : 5104 Mo.
[25/08/2026 14:05:20] [INFO] Controle christian.stallknecht@infopro-digital.com - page 23 traitee, total lu : 5750, memoire PowerShell : 5104 Mo.
[25/08/2026 14:05:23] [INFO] Controle christian.stallknecht@infopro-digital.com - page 24 traitee, total lu : 6000, memoire PowerShell : 5103 Mo.
[25/08/2026 14:05:27] [INFO] Controle christian.stallknecht@infopro-digital.com - page 25 traitee, total lu : 6250, memoire PowerShell : 5105 Mo.
[25/08/2026 14:05:29] [INFO] Controle christian.stallknecht@infopro-digital.com - page 26 traitee, total lu : 6500, memoire PowerShell : 5104 Mo.
[25/08/2026 14:05:32] [INFO] Controle christian.stallknecht@infopro-digital.com - page 27 traitee, total lu : 6750, memoire PowerShell : 5105 Mo.
[25/08/2026 14:05:36] [INFO] Controle christian.stallknecht@infopro-digital.com - page 28 traitee, total lu : 7000, memoire PowerShell : 5104 Mo.
[25/08/2026 14:05:38] [INFO] Controle christian.stallknecht@infopro-digital.com - page 29 traitee, total lu : 7250, memoire PowerShell : 5104 Mo.
[25/08/2026 14:05:41] [INFO] Controle christian.stallknecht@infopro-digital.com - page 30 traitee, total lu : 7500, memoire PowerShell : 5104 Mo.
[25/08/2026 14:05:48] [INFO] Controle christian.stallknecht@infopro-digital.com - page 31 traitee, total lu : 7750, memoire PowerShell : 5105 Mo.
[25/08/2026 14:05:51] [INFO] Controle christian.stallknecht@infopro-digital.com - page 32 traitee, total lu : 8000, memoire PowerShell : 5105 Mo.
[25/08/2026 14:05:59] [INFO] Controle christian.stallknecht@infopro-digital.com - page 33 traitee, total lu : 8250, memoire PowerShell : 5104 Mo.
[25/08/2026 14:06:02] [INFO] Controle christian.stallknecht@infopro-digital.com - page 34 traitee, total lu : 8500, memoire PowerShell : 5111 Mo.
[25/08/2026 14:06:05] [INFO] Controle christian.stallknecht@infopro-digital.com - page 35 traitee, total lu : 8750, memoire PowerShell : 5121 Mo.
[25/08/2026 14:06:08] [INFO] Controle christian.stallknecht@infopro-digital.com - page 36 traitee, total lu : 9000, memoire PowerShell : 5130 Mo.
[25/08/2026 14:06:11] [INFO] Controle christian.stallknecht@infopro-digital.com - page 37 traitee, total lu : 9250, memoire PowerShell : 5142 Mo.
[25/08/2026 14:06:14] [INFO] Controle christian.stallknecht@infopro-digital.com - page 38 traitee, total lu : 9500, memoire PowerShell : 5152 Mo.
[25/08/2026 14:06:16] [INFO] Controle christian.stallknecht@infopro-digital.com - page 39 traitee, total lu : 9750, memoire PowerShell : 5161 Mo.
[25/08/2026 14:06:19] [INFO] Controle christian.stallknecht@infopro-digital.com - page 40 traitee, total lu : 10000, memoire PowerShell : 5172 Mo.
[25/08/2026 14:06:27] [INFO] Controle christian.stallknecht@infopro-digital.com - page 41 traitee, total lu : 10250, memoire PowerShell : 5105 Mo.
[25/08/2026 14:06:32] [INFO] Controle christian.stallknecht@infopro-digital.com - page 42 traitee, total lu : 10500, memoire PowerShell : 5106 Mo.
[25/08/2026 14:06:35] [INFO] Controle christian.stallknecht@infopro-digital.com - page 43 traitee, total lu : 10750, memoire PowerShell : 5106 Mo.
[25/08/2026 14:06:40] [INFO] Controle christian.stallknecht@infopro-digital.com - page 44 traitee, total lu : 10947, memoire PowerShell : 5107 Mo.
[25/08/2026 14:06:40] [INFO] 18 connexion(s) Power BI trouvee(s) pour christian.stallknecht@infopro-digital.com.
[25/08/2026 14:06:40] [INFO] Controle individuel Entra : christophe.czajka@infopro-digital.com - ID 189af1fd-b826-4e4a-bbfa-b05e2513fb92
[25/08/2026 14:06:44] [INFO] Controle christophe.czajka@infopro-digital.com - page 1 traitee, total lu : 250, memoire PowerShell : 5106 Mo.
[25/08/2026 14:06:52] [INFO] Controle christophe.czajka@infopro-digital.com - page 2 traitee, total lu : 500, memoire PowerShell : 5106 Mo.
[25/08/2026 14:06:56] [INFO] Controle christophe.czajka@infopro-digital.com - page 3 traitee, total lu : 750, memoire PowerShell : 5106 Mo.
[25/08/2026 14:07:00] [INFO] Controle christophe.czajka@infopro-digital.com - page 4 traitee, total lu : 1000, memoire PowerShell : 5106 Mo.
[25/08/2026 14:07:05] [INFO] Controle christophe.czajka@infopro-digital.com - page 5 traitee, total lu : 1250, memoire PowerShell : 5106 Mo.
[25/08/2026 14:07:11] [INFO] Controle christophe.czajka@infopro-digital.com - page 6 traitee, total lu : 1500, memoire PowerShell : 5106 Mo.
[25/08/2026 14:07:20] [INFO] Controle christophe.czajka@infopro-digital.com - page 7 traitee, total lu : 1750, memoire PowerShell : 5106 Mo.
[25/08/2026 14:07:26] [INFO] Controle christophe.czajka@infopro-digital.com - page 8 traitee, total lu : 2000, memoire PowerShell : 5107 Mo.
[25/08/2026 14:07:31] [INFO] Controle christophe.czajka@infopro-digital.com - page 9 traitee, total lu : 2250, memoire PowerShell : 5106 Mo.
[25/08/2026 14:07:35] [INFO] Controle christophe.czajka@infopro-digital.com - page 10 traitee, total lu : 2500, memoire PowerShell : 5110 Mo.
[25/08/2026 14:07:38] [INFO] Controle christophe.czajka@infopro-digital.com - page 11 traitee, total lu : 2750, memoire PowerShell : 5120 Mo.
[25/08/2026 14:07:41] [INFO] Controle christophe.czajka@infopro-digital.com - page 12 traitee, total lu : 3000, memoire PowerShell : 5130 Mo.
[25/08/2026 14:07:48] [INFO] Controle christophe.czajka@infopro-digital.com - page 13 traitee, total lu : 3250, memoire PowerShell : 5140 Mo.
[25/08/2026 14:07:51] [INFO] Controle christophe.czajka@infopro-digital.com - page 14 traitee, total lu : 3500, memoire PowerShell : 5151 Mo.
[25/08/2026 14:07:53] [INFO] Controle christophe.czajka@infopro-digital.com - page 15 traitee, total lu : 3750, memoire PowerShell : 5161 Mo.
[25/08/2026 14:07:55] [INFO] Controle christophe.czajka@infopro-digital.com - page 16 traitee, total lu : 4000, memoire PowerShell : 5172 Mo.
[25/08/2026 14:08:06] [INFO] Controle christophe.czajka@infopro-digital.com - page 17 traitee, total lu : 4250, memoire PowerShell : 5182 Mo.
[25/08/2026 14:08:17] [INFO] Controle christophe.czajka@infopro-digital.com - page 18 traitee, total lu : 4500, memoire PowerShell : 5158 Mo.
[25/08/2026 14:08:20] [INFO] Controle christophe.czajka@infopro-digital.com - page 19 traitee, total lu : 4750, memoire PowerShell : 5159 Mo.
[25/08/2026 14:08:23] [INFO] Controle christophe.czajka@infopro-digital.com - page 20 traitee, total lu : 4963, memoire PowerShell : 5159 Mo.
[25/08/2026 14:08:26] [INFO] Aucune connexion Power BI trouvee pour christophe.czajka@infopro-digital.com pendant le controle individuel.
[25/08/2026 14:08:26] [INFO] Controle individuel Entra : claire.hammond@infopro-digital.com - ID cedcc5a7-bc0d-4c94-b540-1647cb087191
[25/08/2026 14:08:44] [INFO] Controle claire.hammond@infopro-digital.com - page 1 traitee, total lu : 7, memoire PowerShell : 5064 Mo.
[25/08/2026 14:08:44] [INFO] Aucune connexion Power BI trouvee pour claire.hammond@infopro-digital.com pendant le controle individuel.
[25/08/2026 14:08:44] [INFO] Controle individuel Entra : clare.hetherington@infopro-digital.com - ID 76b67830-d12a-4eec-bfed-54505bdb9afa
[25/08/2026 14:08:48] [INFO] Controle clare.hetherington@infopro-digital.com - page 1 traitee, total lu : 250, memoire PowerShell : 5069 Mo.
[25/08/2026 14:08:50] [INFO] Controle clare.hetherington@infopro-digital.com - page 2 traitee, total lu : 500, memoire PowerShell : 5068 Mo.
[25/08/2026 14:08:53] [INFO] Controle clare.hetherington@infopro-digital.com - page 3 traitee, total lu : 750, memoire PowerShell : 5067 Mo.
[25/08/2026 14:09:01] [INFO] Controle clare.hetherington@infopro-digital.com - page 4 traitee, total lu : 1000, memoire PowerShell : 5070 Mo.
[25/08/2026 14:09:04] [INFO] Controle clare.hetherington@infopro-digital.com - page 5 traitee, total lu : 1250, memoire PowerShell : 5069 Mo.
[25/08/2026 14:09:08] [INFO] Controle clare.hetherington@infopro-digital.com - page 6 traitee, total lu : 1500, memoire PowerShell : 5069 Mo.
[25/08/2026 14:09:12] [INFO] Controle clare.hetherington@infopro-digital.com - page 7 traitee, total lu : 1750, memoire PowerShell : 5069 Mo.
[25/08/2026 14:09:19] [INFO] Controle clare.hetherington@infopro-digital.com - page 8 traitee, total lu : 2000, memoire PowerShell : 5069 Mo.
[25/08/2026 14:09:24] [INFO] Controle clare.hetherington@infopro-digital.com - page 9 traitee, total lu : 2250, memoire PowerShell : 5068 Mo.
[25/08/2026 14:09:35] [INFO] Controle clare.hetherington@infopro-digital.com - page 10 traitee, total lu : 2500, memoire PowerShell : 5069 Mo.
[25/08/2026 14:09:42] [INFO] Controle clare.hetherington@infopro-digital.com - page 11 traitee, total lu : 2750, memoire PowerShell : 5068 Mo.
[25/08/2026 14:09:50] [INFO] Controle clare.hetherington@infopro-digital.com - page 12 traitee, total lu : 3000, memoire PowerShell : 5070 Mo.
[25/08/2026 14:09:52] [INFO] Controle clare.hetherington@infopro-digital.com - page 13 traitee, total lu : 3250, memoire PowerShell : 5068 Mo.
[25/08/2026 14:09:54] [INFO] Controle clare.hetherington@infopro-digital.com - page 14 traitee, total lu : 3500, memoire PowerShell : 5072 Mo.
[25/08/2026 14:10:00] [INFO] Controle clare.hetherington@infopro-digital.com - page 15 traitee, total lu : 3750, memoire PowerShell : 5082 Mo.
[25/08/2026 14:10:04] [INFO] Controle clare.hetherington@infopro-digital.com - page 16 traitee, total lu : 4000, memoire PowerShell : 5091 Mo.
[25/08/2026 14:10:08] [INFO] Controle clare.hetherington@infopro-digital.com - page 17 traitee, total lu : 4250, memoire PowerShell : 5093 Mo.
[25/08/2026 14:10:12] [INFO] Controle clare.hetherington@infopro-digital.com - page 18 traitee, total lu : 4500, memoire PowerShell : 5093 Mo.
[25/08/2026 14:10:16] [INFO] Controle clare.hetherington@infopro-digital.com - page 19 traitee, total lu : 4750, memoire PowerShell : 5093 Mo.
[25/08/2026 14:10:20] [INFO] Controle clare.hetherington@infopro-digital.com - page 20 traitee, total lu : 5000, memoire PowerShell : 5093 Mo.
[25/08/2026 14:10:30] [INFO] Controle clare.hetherington@infopro-digital.com - page 21 traitee, total lu : 5250, memoire PowerShell : 5075 Mo.
[25/08/2026 14:10:33] [INFO] Controle clare.hetherington@infopro-digital.com - page 22 traitee, total lu : 5500, memoire PowerShell : 5075 Mo.
[25/08/2026 14:10:36] [INFO] Controle clare.hetherington@infopro-digital.com - page 23 traitee, total lu : 5750, memoire PowerShell : 5075 Mo.
[25/08/2026 14:10:38] [INFO] Controle clare.hetherington@infopro-digital.com - page 24 traitee, total lu : 6000, memoire PowerShell : 5074 Mo.
[25/08/2026 14:10:41] [INFO] Controle clare.hetherington@infopro-digital.com - page 25 traitee, total lu : 6250, memoire PowerShell : 5075 Mo.
[25/08/2026 14:10:44] [INFO] Controle clare.hetherington@infopro-digital.com - page 26 traitee, total lu : 6500, memoire PowerShell : 5074 Mo.
[25/08/2026 14:10:51] [INFO] Controle clare.hetherington@infopro-digital.com - page 27 traitee, total lu : 6750, memoire PowerShell : 5075 Mo.
[25/08/2026 14:10:56] [INFO] Controle clare.hetherington@infopro-digital.com - page 28 traitee, total lu : 7000, memoire PowerShell : 5074 Mo.
[25/08/2026 14:10:58] [INFO] Controle clare.hetherington@infopro-digital.com - page 29 traitee, total lu : 7250, memoire PowerShell : 5074 Mo.
[25/08/2026 14:11:01] [INFO] Controle clare.hetherington@infopro-digital.com - page 30 traitee, total lu : 7500, memoire PowerShell : 5076 Mo.
[25/08/2026 14:11:05] [INFO] Controle clare.hetherington@infopro-digital.com - page 31 traitee, total lu : 7750, memoire PowerShell : 5076 Mo.
[25/08/2026 14:11:08] [INFO] Controle clare.hetherington@infopro-digital.com - page 32 traitee, total lu : 8000, memoire PowerShell : 5076 Mo.
[25/08/2026 14:11:11] [INFO] Controle clare.hetherington@infopro-digital.com - page 33 traitee, total lu : 8250, memoire PowerShell : 5076 Mo.
[25/08/2026 14:11:15] [INFO] Controle clare.hetherington@infopro-digital.com - page 34 traitee, total lu : 8500, memoire PowerShell : 5080 Mo.
[25/08/2026 14:11:18] [INFO] Controle clare.hetherington@infopro-digital.com - page 35 traitee, total lu : 8750, memoire PowerShell : 5089 Mo.
[25/08/2026 14:11:26] [INFO] Controle clare.hetherington@infopro-digital.com - page 36 traitee, total lu : 9000, memoire PowerShell : 5099 Mo.
[25/08/2026 14:11:28] [INFO] Controle clare.hetherington@infopro-digital.com - page 37 traitee, total lu : 9250, memoire PowerShell : 5109 Mo.
[25/08/2026 14:11:34] [INFO] Controle clare.hetherington@infopro-digital.com - page 38 traitee, total lu : 9500, memoire PowerShell : 5119 Mo.
[25/08/2026 14:11:41] [INFO] Controle clare.hetherington@infopro-digital.com - page 39 traitee, total lu : 9750, memoire PowerShell : 5129 Mo.
[25/08/2026 14:11:47] [INFO] Controle clare.hetherington@infopro-digital.com - page 40 traitee, total lu : 10000, memoire PowerShell : 5140 Mo.
[25/08/2026 14:11:53] [INFO] Controle clare.hetherington@infopro-digital.com - page 41 traitee, total lu : 10250, memoire PowerShell : 5082 Mo.
[25/08/2026 14:11:55] [INFO] Controle clare.hetherington@infopro-digital.com - page 42 traitee, total lu : 10500, memoire PowerShell : 5082 Mo.
[25/08/2026 14:11:57] [INFO] Controle clare.hetherington@infopro-digital.com - page 43 traitee, total lu : 10598, memoire PowerShell : 5078 Mo.
[25/08/2026 14:11:57] [INFO] Aucune connexion Power BI trouvee pour clare.hetherington@infopro-digital.com pendant le controle individuel.
[25/08/2026 14:11:57] [INFO] Controle individuel Entra : Cole.Lipsky@infopro-digital.com - ID 3880a032-7c53-4a6c-8664-af5fbbb00bc3
[25/08/2026 14:12:00] [INFO] Controle Cole.Lipsky@infopro-digital.com - page 1 traitee, total lu : 250, memoire PowerShell : 5083 Mo.
[25/08/2026 14:12:04] [INFO] Controle Cole.Lipsky@infopro-digital.com - page 2 traitee, total lu : 500, memoire PowerShell : 5081 Mo.
[25/08/2026 14:12:08] [INFO] Controle Cole.Lipsky@infopro-digital.com - page 3 traitee, total lu : 750, memoire PowerShell : 5083 Mo.
[25/08/2026 14:12:16] [INFO] Controle Cole.Lipsky@infopro-digital.com - page 4 traitee, total lu : 1000, memoire PowerShell : 5084 Mo.
[25/08/2026 14:12:23] [INFO] Controle Cole.Lipsky@infopro-digital.com - page 5 traitee, total lu : 1250, memoire PowerShell : 5081 Mo.
[25/08/2026 14:12:29] [INFO] Controle Cole.Lipsky@infopro-digital.com - page 6 traitee, total lu : 1500, memoire PowerShell : 5083 Mo.
[25/08/2026 14:12:32] [INFO] Controle Cole.Lipsky@infopro-digital.com - page 7 traitee, total lu : 1750, memoire PowerShell : 5084 Mo.
[25/08/2026 14:12:35] [INFO] Controle Cole.Lipsky@infopro-digital.com - page 8 traitee, total lu : 2000, memoire PowerShell : 5082 Mo.
[25/08/2026 14:12:38] [INFO] Controle Cole.Lipsky@infopro-digital.com - page 9 traitee, total lu : 2250, memoire PowerShell : 5084 Mo.
[25/08/2026 14:12:42] [INFO] Controle Cole.Lipsky@infopro-digital.com - page 10 traitee, total lu : 2500, memoire PowerShell : 5082 Mo.
[25/08/2026 14:12:47] [INFO] Controle Cole.Lipsky@infopro-digital.com - page 11 traitee, total lu : 2750, memoire PowerShell : 5083 Mo.
[25/08/2026 14:12:50] [INFO] Controle Cole.Lipsky@infopro-digital.com - page 12 traitee, total lu : 3000, memoire PowerShell : 5092 Mo.
[25/08/2026 14:12:57] [INFO] Controle Cole.Lipsky@infopro-digital.com - page 13 traitee, total lu : 3250, memoire PowerShell : 5102 Mo.
[25/08/2026 14:13:00] [INFO] Controle Cole.Lipsky@infopro-digital.com - page 14 traitee, total lu : 3500, memoire PowerShell : 5110 Mo.
[25/08/2026 14:13:02] [INFO] Controle Cole.Lipsky@infopro-digital.com - page 15 traitee, total lu : 3750, memoire PowerShell : 5123 Mo.
[25/08/2026 14:13:08] [INFO] Controle Cole.Lipsky@infopro-digital.com - page 16 traitee, total lu : 4000, memoire PowerShell : 5130 Mo.
[25/08/2026 14:13:10] [INFO] Controle Cole.Lipsky@infopro-digital.com - page 17 traitee, total lu : 4250, memoire PowerShell : 5141 Mo.
[25/08/2026 14:13:14] [INFO] Controle Cole.Lipsky@infopro-digital.com - page 18 traitee, total lu : 4500, memoire PowerShell : 5152 Mo.
[25/08/2026 14:13:17] [INFO] Controle Cole.Lipsky@infopro-digital.com - page 19 traitee, total lu : 4750, memoire PowerShell : 5164 Mo.
[25/08/2026 14:13:21] [INFO] Controle Cole.Lipsky@infopro-digital.com - page 20 traitee, total lu : 5000, memoire PowerShell : 5171 Mo.
[25/08/2026 14:13:26] [INFO] Controle Cole.Lipsky@infopro-digital.com - page 21 traitee, total lu : 5250, memoire PowerShell : 5088 Mo.
[25/08/2026 14:13:30] [INFO] Controle Cole.Lipsky@infopro-digital.com - page 22 traitee, total lu : 5500, memoire PowerShell : 5086 Mo.
[25/08/2026 14:13:33] [INFO] Controle Cole.Lipsky@infopro-digital.com - page 23 traitee, total lu : 5750, memoire PowerShell : 5088 Mo.
[25/08/2026 14:13:37] [INFO] Controle Cole.Lipsky@infopro-digital.com - page 24 traitee, total lu : 6000, memoire PowerShell : 5088 Mo.
[25/08/2026 14:13:40] [INFO] Controle Cole.Lipsky@infopro-digital.com - page 25 traitee, total lu : 6250, memoire PowerShell : 5086 Mo.
[25/08/2026 14:13:43] [INFO] Controle Cole.Lipsky@infopro-digital.com - page 26 traitee, total lu : 6500, memoire PowerShell : 5088 Mo.
[25/08/2026 14:13:52] [INFO] Controle Cole.Lipsky@infopro-digital.com - page 27 traitee, total lu : 6750, memoire PowerShell : 5089 Mo.
[25/08/2026 14:13:59] [INFO] Controle Cole.Lipsky@infopro-digital.com - page 28 traitee, total lu : 7000, memoire PowerShell : 5087 Mo.
[25/08/2026 14:14:01] [INFO] Controle Cole.Lipsky@infopro-digital.com - page 29 traitee, total lu : 7250, memoire PowerShell : 5088 Mo.
[25/08/2026 14:14:06] [INFO] Controle Cole.Lipsky@infopro-digital.com - page 30 traitee, total lu : 7500, memoire PowerShell : 5089 Mo.
[25/08/2026 14:14:10] [INFO] Controle Cole.Lipsky@infopro-digital.com - page 31 traitee, total lu : 7750, memoire PowerShell : 5087 Mo.
[25/08/2026 14:14:13] [INFO] Controle Cole.Lipsky@infopro-digital.com - page 32 traitee, total lu : 8000, memoire PowerShell : 5088 Mo.
[25/08/2026 14:14:16] [INFO] Controle Cole.Lipsky@infopro-digital.com - page 33 traitee, total lu : 8250, memoire PowerShell : 5089 Mo.
[25/08/2026 14:14:18] [INFO] Controle Cole.Lipsky@infopro-digital.com - page 34 traitee, total lu : 8500, memoire PowerShell : 5093 Mo.
[25/08/2026 14:14:21] [INFO] Controle Cole.Lipsky@infopro-digital.com - page 35 traitee, total lu : 8750, memoire PowerShell : 5104 Mo.
[25/08/2026 14:14:23] [INFO] Controle Cole.Lipsky@infopro-digital.com - page 36 traitee, total lu : 9000, memoire PowerShell : 5115 Mo.
[25/08/2026 14:14:28] [INFO] Controle Cole.Lipsky@infopro-digital.com - page 37 traitee, total lu : 9250, memoire PowerShell : 5123 Mo.
[25/08/2026 14:14:31] [INFO] Controle Cole.Lipsky@infopro-digital.com - page 38 traitee, total lu : 9500, memoire PowerShell : 5134 Mo.
[25/08/2026 14:14:36] [INFO] Controle Cole.Lipsky@infopro-digital.com - page 39 traitee, total lu : 9750, memoire PowerShell : 5146 Mo.
[25/08/2026 14:14:39] [INFO] Controle Cole.Lipsky@infopro-digital.com - page 40 traitee, total lu : 10000, memoire PowerShell : 5154 Mo.
[25/08/2026 14:14:45] [INFO] Controle Cole.Lipsky@infopro-digital.com - page 41 traitee, total lu : 10250, memoire PowerShell : 5094 Mo.
[25/08/2026 14:14:47] [INFO] Controle Cole.Lipsky@infopro-digital.com - page 42 traitee, total lu : 10500, memoire PowerShell : 5093 Mo.
[25/08/2026 14:14:53] [INFO] Controle Cole.Lipsky@infopro-digital.com - page 43 traitee, total lu : 10750, memoire PowerShell : 5094 Mo.
[25/08/2026 14:14:55] [INFO] Controle Cole.Lipsky@infopro-digital.com - page 44 traitee, total lu : 11000, memoire PowerShell : 5092 Mo.
[25/08/2026 14:15:05] [INFO] Controle Cole.Lipsky@infopro-digital.com - page 45 traitee, total lu : 11250, memoire PowerShell : 5093 Mo.
[25/08/2026 14:15:09] [INFO] Controle Cole.Lipsky@infopro-digital.com - page 46 traitee, total lu : 11500, memoire PowerShell : 5094 Mo.
[25/08/2026 14:15:15] [INFO] Controle Cole.Lipsky@infopro-digital.com - page 47 traitee, total lu : 11750, memoire PowerShell : 5092 Mo.
[25/08/2026 14:15:18] [INFO] Controle Cole.Lipsky@infopro-digital.com - page 48 traitee, total lu : 12000, memoire PowerShell : 5093 Mo.
[25/08/2026 14:15:28] [INFO] Controle Cole.Lipsky@infopro-digital.com - page 49 traitee, total lu : 12250, memoire PowerShell : 5094 Mo.
[25/08/2026 14:15:32] [INFO] Controle Cole.Lipsky@infopro-digital.com - page 50 traitee, total lu : 12500, memoire PowerShell : 5092 Mo.
[25/08/2026 14:15:37] [INFO] Controle Cole.Lipsky@infopro-digital.com - page 51 traitee, total lu : 12750, memoire PowerShell : 5093 Mo.
[25/08/2026 14:15:38] [INFO] Controle Cole.Lipsky@infopro-digital.com - page 52 traitee, total lu : 13000, memoire PowerShell : 5094 Mo.
[25/08/2026 14:15:40] [INFO] Controle Cole.Lipsky@infopro-digital.com - page 53 traitee, total lu : 13130, memoire PowerShell : 5089 Mo.
[25/08/2026 14:15:40] [INFO] 2 connexion(s) Power BI trouvee(s) pour Cole.Lipsky@infopro-digital.com.
[25/08/2026 14:15:40] [INFO] Controle individuel Entra : darryl.watts@infopro-digital.com - ID a9e06869-5d26-4f35-86d5-b7f1e75c54e9
[25/08/2026 14:15:43] [INFO] Controle darryl.watts@infopro-digital.com - page 1 traitee, total lu : 250, memoire PowerShell : 5094 Mo.
[25/08/2026 14:15:47] [INFO] Controle darryl.watts@infopro-digital.com - page 2 traitee, total lu : 500, memoire PowerShell : 5103 Mo.
[25/08/2026 14:15:53] [INFO] Controle darryl.watts@infopro-digital.com - page 3 traitee, total lu : 750, memoire PowerShell : 5113 Mo.
[25/08/2026 14:15:56] [INFO] Controle darryl.watts@infopro-digital.com - page 4 traitee, total lu : 1000, memoire PowerShell : 5123 Mo.
[25/08/2026 14:16:00] [INFO] Controle darryl.watts@infopro-digital.com - page 5 traitee, total lu : 1250, memoire PowerShell : 5134 Mo.
[25/08/2026 14:16:02] [INFO] Controle darryl.watts@infopro-digital.com - page 6 traitee, total lu : 1500, memoire PowerShell : 5142 Mo.
[25/08/2026 14:16:07] [INFO] Controle darryl.watts@infopro-digital.com - page 7 traitee, total lu : 1750, memoire PowerShell : 5153 Mo.
[25/08/2026 14:16:11] [INFO] Controle darryl.watts@infopro-digital.com - page 8 traitee, total lu : 2000, memoire PowerShell : 5163 Mo.
[25/08/2026 14:16:14] [INFO] Controle darryl.watts@infopro-digital.com - page 9 traitee, total lu : 2250, memoire PowerShell : 5174 Mo.
[25/08/2026 14:16:18] [INFO] Controle darryl.watts@infopro-digital.com - page 10 traitee, total lu : 2500, memoire PowerShell : 5184 Mo.
[25/08/2026 14:16:30] [INFO] Controle darryl.watts@infopro-digital.com - page 11 traitee, total lu : 2750, memoire PowerShell : 5195 Mo.
[25/08/2026 14:16:33] [INFO] Controle darryl.watts@infopro-digital.com - page 12 traitee, total lu : 3000, memoire PowerShell : 5113 Mo.
[25/08/2026 14:16:36] [INFO] Controle darryl.watts@infopro-digital.com - page 13 traitee, total lu : 3250, memoire PowerShell : 5113 Mo.
[25/08/2026 14:16:39] [INFO] Controle darryl.watts@infopro-digital.com - page 14 traitee, total lu : 3500, memoire PowerShell : 5111 Mo.
[25/08/2026 14:16:43] [INFO] Controle darryl.watts@infopro-digital.com - page 15 traitee, total lu : 3750, memoire PowerShell : 5111 Mo.
[25/08/2026 14:16:47] [INFO] Controle darryl.watts@infopro-digital.com - page 16 traitee, total lu : 4000, memoire PowerShell : 5112 Mo.
[25/08/2026 14:16:51] [INFO] Controle darryl.watts@infopro-digital.com - page 17 traitee, total lu : 4250, memoire PowerShell : 5113 Mo.
[25/08/2026 14:16:55] [INFO] Controle darryl.watts@infopro-digital.com - page 18 traitee, total lu : 4500, memoire PowerShell : 5114 Mo.
[25/08/2026 14:16:59] [INFO] Controle darryl.watts@infopro-digital.com - page 19 traitee, total lu : 4750, memoire PowerShell : 5111 Mo.
[25/08/2026 14:17:03] [INFO] Controle darryl.watts@infopro-digital.com - page 20 traitee, total lu : 5000, memoire PowerShell : 5113 Mo.
[25/08/2026 14:17:11] [INFO] Controle darryl.watts@infopro-digital.com - page 21 traitee, total lu : 5250, memoire PowerShell : 5102 Mo.
[25/08/2026 14:17:15] [INFO] Controle darryl.watts@infopro-digital.com - page 22 traitee, total lu : 5500, memoire PowerShell : 5099 Mo.
[25/08/2026 14:17:17] [INFO] Controle darryl.watts@infopro-digital.com - page 23 traitee, total lu : 5750, memoire PowerShell : 5101 Mo.
[25/08/2026 14:17:23] [INFO] Controle darryl.watts@infopro-digital.com - page 24 traitee, total lu : 6000, memoire PowerShell : 5101 Mo.
[25/08/2026 14:17:25] [INFO] Controle darryl.watts@infopro-digital.com - page 25 traitee, total lu : 6250, memoire PowerShell : 5102 Mo.
[25/08/2026 14:17:29] [INFO] Controle darryl.watts@infopro-digital.com - page 26 traitee, total lu : 6500, memoire PowerShell : 5100 Mo.
[25/08/2026 14:17:31] [INFO] Controle darryl.watts@infopro-digital.com - page 27 traitee, total lu : 6750, memoire PowerShell : 5100 Mo.
[25/08/2026 14:17:35] [INFO] Controle darryl.watts@infopro-digital.com - page 28 traitee, total lu : 7000, memoire PowerShell : 5101 Mo.
[25/08/2026 14:17:37] [INFO] Controle darryl.watts@infopro-digital.com - page 29 traitee, total lu : 7250, memoire PowerShell : 5101 Mo.
[25/08/2026 14:17:40] [INFO] Controle darryl.watts@infopro-digital.com - page 30 traitee, total lu : 7500, memoire PowerShell : 5101 Mo.
[25/08/2026 14:17:43] [INFO] Controle darryl.watts@infopro-digital.com - page 31 traitee, total lu : 7750, memoire PowerShell : 5102 Mo.
[25/08/2026 14:17:46] [INFO] Controle darryl.watts@infopro-digital.com - page 32 traitee, total lu : 8000, memoire PowerShell : 5100 Mo.
[25/08/2026 14:17:48] [INFO] Controle darryl.watts@infopro-digital.com - page 33 traitee, total lu : 8250, memoire PowerShell : 5100 Mo.
[25/08/2026 14:17:54] [INFO] Controle darryl.watts@infopro-digital.com - page 34 traitee, total lu : 8500, memoire PowerShell : 5106 Mo.
[25/08/2026 14:17:56] [INFO] Controle darryl.watts@infopro-digital.com - page 35 traitee, total lu : 8750, memoire PowerShell : 5117 Mo.
[25/08/2026 14:17:58] [INFO] Controle darryl.watts@infopro-digital.com - page 36 traitee, total lu : 8858, memoire PowerShell : 5116 Mo.
[25/08/2026 14:17:58] [INFO] Aucune connexion Power BI trouvee pour darryl.watts@infopro-digital.com pendant le controle individuel.
[25/08/2026 14:17:58] [INFO] Controle individuel Entra : enzo.franchini@infopro-digital.com - ID 5a6bd9ed-962e-4c72-b063-3f58872cd576
[25/08/2026 14:18:08] [INFO] Controle enzo.franchini@infopro-digital.com - page 1 traitee, total lu : 188, memoire PowerShell : 5126 Mo.
[25/08/2026 14:18:09] [INFO] Aucune connexion Power BI trouvee pour enzo.franchini@infopro-digital.com pendant le controle individuel.
[25/08/2026 14:18:09] [INFO] Controle individuel Entra : Eren.Muduroglu@infopro-digital.com - ID 1399b625-0cb1-42da-86bd-b42b4d0b5137
[25/08/2026 14:18:16] [INFO] Controle Eren.Muduroglu@infopro-digital.com - page 1 traitee, total lu : 250, memoire PowerShell : 5138 Mo.
[25/08/2026 14:18:23] [INFO] Controle Eren.Muduroglu@infopro-digital.com - page 2 traitee, total lu : 500, memoire PowerShell : 5147 Mo.
[25/08/2026 14:18:29] [INFO] Controle Eren.Muduroglu@infopro-digital.com - page 3 traitee, total lu : 742, memoire PowerShell : 5153 Mo.
[25/08/2026 14:18:29] [INFO] 4 connexion(s) Power BI trouvee(s) pour Eren.Muduroglu@infopro-digital.com.
[25/08/2026 14:18:29] [INFO] Controle individuel Entra : fanny.hussenot@infopro-digital.com - ID 452f329b-8861-4d93-af5c-0490e99b19da
[25/08/2026 14:18:33] [INFO] Controle fanny.hussenot@infopro-digital.com - page 1 traitee, total lu : 250, memoire PowerShell : 5166 Mo.
[25/08/2026 14:18:37] [INFO] Controle fanny.hussenot@infopro-digital.com - page 2 traitee, total lu : 500, memoire PowerShell : 5176 Mo.
[25/08/2026 14:18:41] [INFO] Controle fanny.hussenot@infopro-digital.com - page 3 traitee, total lu : 750, memoire PowerShell : 5186 Mo.
[25/08/2026 14:18:50] [INFO] Controle fanny.hussenot@infopro-digital.com - page 4 traitee, total lu : 1000, memoire PowerShell : 5194 Mo.
[25/08/2026 14:18:52] [INFO] Controle fanny.hussenot@infopro-digital.com - page 5 traitee, total lu : 1250, memoire PowerShell : 5112 Mo.
[25/08/2026 14:18:56] [INFO] Controle fanny.hussenot@infopro-digital.com - page 6 traitee, total lu : 1500, memoire PowerShell : 5112 Mo.
[25/08/2026 14:19:04] [INFO] Controle fanny.hussenot@infopro-digital.com - page 7 traitee, total lu : 1750, memoire PowerShell : 5110 Mo.
[25/08/2026 14:19:08] [INFO] Controle fanny.hussenot@infopro-digital.com - page 8 traitee, total lu : 2000, memoire PowerShell : 5112 Mo.
[25/08/2026 14:19:13] [INFO] Controle fanny.hussenot@infopro-digital.com - page 9 traitee, total lu : 2250, memoire PowerShell : 5112 Mo.
[25/08/2026 14:19:20] [INFO] Controle fanny.hussenot@infopro-digital.com - page 10 traitee, total lu : 2500, memoire PowerShell : 5112 Mo.
[25/08/2026 14:19:24] [INFO] Controle fanny.hussenot@infopro-digital.com - page 11 traitee, total lu : 2750, memoire PowerShell : 5112 Mo.
[25/08/2026 14:19:28] [INFO] Controle fanny.hussenot@infopro-digital.com - page 12 traitee, total lu : 3000, memoire PowerShell : 5112 Mo.
[25/08/2026 14:19:31] [INFO] Controle fanny.hussenot@infopro-digital.com - page 13 traitee, total lu : 3250, memoire PowerShell : 5112 Mo.
[25/08/2026 14:19:34] [INFO] Controle fanny.hussenot@infopro-digital.com - page 14 traitee, total lu : 3500, memoire PowerShell : 5113 Mo.
[25/08/2026 14:19:38] [INFO] Controle fanny.hussenot@infopro-digital.com - page 15 traitee, total lu : 3750, memoire PowerShell : 5111 Mo.
[25/08/2026 14:19:41] [INFO] Controle fanny.hussenot@infopro-digital.com - page 16 traitee, total lu : 4000, memoire PowerShell : 5111 Mo.
[25/08/2026 14:19:43] [INFO] Controle fanny.hussenot@infopro-digital.com - page 17 traitee, total lu : 4250, memoire PowerShell : 5112 Mo.
[25/08/2026 14:19:45] [INFO] Controle fanny.hussenot@infopro-digital.com - page 18 traitee, total lu : 4500, memoire PowerShell : 5116 Mo.
[25/08/2026 14:19:48] [INFO] Controle fanny.hussenot@infopro-digital.com - page 19 traitee, total lu : 4580, memoire PowerShell : 5114 Mo.
[25/08/2026 14:19:48] [INFO] Aucune connexion Power BI trouvee pour fanny.hussenot@infopro-digital.com pendant le controle individuel.
[25/08/2026 14:19:48] [INFO] Controle individuel Entra : financereports@infopro-digital.com - ID 4ef6af76-0dbb-4b1b-b50c-b5bac3a618e3
[25/08/2026 14:19:53] [INFO] Controle financereports@infopro-digital.com - page 1 traitee, total lu : 250, memoire PowerShell : 5127 Mo.
[25/08/2026 14:20:01] [INFO] Controle financereports@infopro-digital.com - page 2 traitee, total lu : 500, memoire PowerShell : 5136 Mo.
[25/08/2026 14:20:08] [INFO] Controle financereports@infopro-digital.com - page 3 traitee, total lu : 750, memoire PowerShell : 5143 Mo.
[25/08/2026 14:20:14] [INFO] Controle financereports@infopro-digital.com - page 4 traitee, total lu : 1000, memoire PowerShell : 5153 Mo.
[25/08/2026 14:20:18] [INFO] Controle financereports@infopro-digital.com - page 5 traitee, total lu : 1250, memoire PowerShell : 5162 Mo.
[25/08/2026 14:20:23] [INFO] Controle financereports@infopro-digital.com - page 6 traitee, total lu : 1500, memoire PowerShell : 5171 Mo.
[25/08/2026 14:20:25] [INFO] Controle financereports@infopro-digital.com - page 7 traitee, total lu : 1750, memoire PowerShell : 5180 Mo.
[25/08/2026 14:20:32] [INFO] Controle financereports@infopro-digital.com - page 8 traitee, total lu : 1892, memoire PowerShell : 5147 Mo.
[25/08/2026 14:20:32] [INFO] 4 connexion(s) Power BI trouvee(s) pour financereports@infopro-digital.com.
[25/08/2026 14:20:32] [INFO] Controle individuel Entra : florent.massiera@infopro-digital.com - ID e1ed580f-a953-46c9-b9a0-efe64b6a868e
[25/08/2026 14:20:37] [INFO] Controle florent.massiera@infopro-digital.com - page 1 traitee, total lu : 250, memoire PowerShell : 5152 Mo.
[25/08/2026 14:20:47] [INFO] Controle florent.massiera@infopro-digital.com - page 2 traitee, total lu : 500, memoire PowerShell : 5151 Mo.
[25/08/2026 14:20:55] [INFO] Controle florent.massiera@infopro-digital.com - page 3 traitee, total lu : 750, memoire PowerShell : 5152 Mo.
[25/08/2026 14:20:58] [INFO] Controle florent.massiera@infopro-digital.com - page 4 traitee, total lu : 1000, memoire PowerShell : 5152 Mo.
[25/08/2026 14:21:01] [INFO] Controle florent.massiera@infopro-digital.com - page 5 traitee, total lu : 1250, memoire PowerShell : 5153 Mo.
[25/08/2026 14:21:04] [INFO] Controle florent.massiera@infopro-digital.com - page 6 traitee, total lu : 1500, memoire PowerShell : 5151 Mo.
[25/08/2026 14:21:07] [INFO] Controle florent.massiera@infopro-digital.com - page 7 traitee, total lu : 1750, memoire PowerShell : 5152 Mo.
[25/08/2026 14:21:11] [INFO] Controle florent.massiera@infopro-digital.com - page 8 traitee, total lu : 2000, memoire PowerShell : 5153 Mo.
[25/08/2026 14:21:15] [INFO] Controle florent.massiera@infopro-digital.com - page 9 traitee, total lu : 2250, memoire PowerShell : 5151 Mo.
[25/08/2026 14:21:20] [INFO] Controle florent.massiera@infopro-digital.com - page 10 traitee, total lu : 2500, memoire PowerShell : 5151 Mo.
[25/08/2026 14:21:24] [INFO] Controle florent.massiera@infopro-digital.com - page 11 traitee, total lu : 2750, memoire PowerShell : 5152 Mo.
[25/08/2026 14:21:29] [INFO] Controle florent.massiera@infopro-digital.com - page 12 traitee, total lu : 3000, memoire PowerShell : 5152 Mo.
[25/08/2026 14:21:35] [INFO] Controle florent.massiera@infopro-digital.com - page 13 traitee, total lu : 3250, memoire PowerShell : 5162 Mo.
[25/08/2026 14:21:40] [INFO] Controle florent.massiera@infopro-digital.com - page 14 traitee, total lu : 3500, memoire PowerShell : 5173 Mo.
[25/08/2026 14:21:45] [INFO] Controle florent.massiera@infopro-digital.com - page 15 traitee, total lu : 3750, memoire PowerShell : 5181 Mo.
[25/08/2026 14:21:53] [INFO] Controle florent.massiera@infopro-digital.com - page 16 traitee, total lu : 4000, memoire PowerShell : 5193 Mo.
[25/08/2026 14:21:55] [INFO] Controle florent.massiera@infopro-digital.com - page 17 traitee, total lu : 4250, memoire PowerShell : 5203 Mo.
[25/08/2026 14:21:59] [INFO] Controle florent.massiera@infopro-digital.com - page 18 traitee, total lu : 4500, memoire PowerShell : 5214 Mo.
[25/08/2026 14:22:03] [INFO] Controle florent.massiera@infopro-digital.com - page 19 traitee, total lu : 4750, memoire PowerShell : 5223 Mo.
[25/08/2026 14:22:06] [INFO] Controle florent.massiera@infopro-digital.com - page 20 traitee, total lu : 5000, memoire PowerShell : 5232 Mo.
[25/08/2026 14:22:12] [INFO] Controle florent.massiera@infopro-digital.com - page 21 traitee, total lu : 5250, memoire PowerShell : 5021 Mo.
[25/08/2026 14:22:13] [INFO] Controle florent.massiera@infopro-digital.com - page 22 traitee, total lu : 5500, memoire PowerShell : 5019 Mo.
[25/08/2026 14:22:15] [INFO] Controle florent.massiera@infopro-digital.com - page 23 traitee, total lu : 5750, memoire PowerShell : 5020 Mo.
[25/08/2026 14:22:19] [INFO] Controle florent.massiera@infopro-digital.com - page 24 traitee, total lu : 6000, memoire PowerShell : 5020 Mo.
[25/08/2026 14:22:21] [INFO] Controle florent.massiera@infopro-digital.com - page 25 traitee, total lu : 6250, memoire PowerShell : 5020 Mo.
[25/08/2026 14:22:25] [INFO] Controle florent.massiera@infopro-digital.com - page 26 traitee, total lu : 6500, memoire PowerShell : 5020 Mo.
[25/08/2026 14:22:28] [INFO] Controle florent.massiera@infopro-digital.com - page 27 traitee, total lu : 6750, memoire PowerShell : 5020 Mo.
[25/08/2026 14:22:32] [INFO] Controle florent.massiera@infopro-digital.com - page 28 traitee, total lu : 7000, memoire PowerShell : 5024 Mo.
[25/08/2026 14:22:33] [INFO] Controle florent.massiera@infopro-digital.com - page 29 traitee, total lu : 7250, memoire PowerShell : 5035 Mo.
[25/08/2026 14:22:36] [INFO] Controle florent.massiera@infopro-digital.com - page 30 traitee, total lu : 7500, memoire PowerShell : 5043 Mo.
[25/08/2026 14:22:38] [INFO] Controle florent.massiera@infopro-digital.com - page 31 traitee, total lu : 7750, memoire PowerShell : 5055 Mo.
[25/08/2026 14:22:42] [INFO] Controle florent.massiera@infopro-digital.com - page 32 traitee, total lu : 8000, memoire PowerShell : 5066 Mo.
[25/08/2026 14:22:45] [INFO] Controle florent.massiera@infopro-digital.com - page 33 traitee, total lu : 8250, memoire PowerShell : 5074 Mo.
[25/08/2026 14:22:47] [INFO] Controle florent.massiera@infopro-digital.com - page 34 traitee, total lu : 8500, memoire PowerShell : 5086 Mo.
[25/08/2026 14:22:51] [INFO] Controle florent.massiera@infopro-digital.com - page 35 traitee, total lu : 8750, memoire PowerShell : 5096 Mo.
[25/08/2026 14:22:53] [INFO] Controle florent.massiera@infopro-digital.com - page 36 traitee, total lu : 9000, memoire PowerShell : 5107 Mo.
[25/08/2026 14:22:57] [INFO] Controle florent.massiera@infopro-digital.com - page 37 traitee, total lu : 9250, memoire PowerShell : 5115 Mo.
[25/08/2026 14:22:59] [INFO] Controle florent.massiera@infopro-digital.com - page 38 traitee, total lu : 9500, memoire PowerShell : 5127 Mo.
[25/08/2026 14:23:06] [INFO] Controle florent.massiera@infopro-digital.com - page 39 traitee, total lu : 9750, memoire PowerShell : 5138 Mo.
[25/08/2026 14:23:11] [INFO] Controle florent.massiera@infopro-digital.com - page 40 traitee, total lu : 10000, memoire PowerShell : 5146 Mo.
[25/08/2026 14:23:28] [INFO] Controle florent.massiera@infopro-digital.com - page 41 traitee, total lu : 10250, memoire PowerShell : 5025 Mo.
[25/08/2026 14:23:31] [INFO] Controle florent.massiera@infopro-digital.com - page 42 traitee, total lu : 10346, memoire PowerShell : 5023 Mo.
[25/08/2026 14:23:31] [INFO] Aucune connexion Power BI trouvee pour florent.massiera@infopro-digital.com pendant le controle individuel.
[25/08/2026 14:23:31] [INFO] Controle individuel Entra : Georgie.Mailer-Wilkin@infopro-digital.com - ID 9ed0927f-13f2-4c56-9917-faeadd2b022e
[25/08/2026 14:23:34] [INFO] Controle Georgie.Mailer-Wilkin@infopro-digital.com - page 1 traitee, total lu : 250, memoire PowerShell : 5024 Mo.
[25/08/2026 14:23:38] [INFO] Controle Georgie.Mailer-Wilkin@infopro-digital.com - page 2 traitee, total lu : 500, memoire PowerShell : 5025 Mo.
[25/08/2026 14:23:44] [INFO] Controle Georgie.Mailer-Wilkin@infopro-digital.com - page 3 traitee, total lu : 750, memoire PowerShell : 5023 Mo.
[25/08/2026 14:23:50] [INFO] Controle Georgie.Mailer-Wilkin@infopro-digital.com - page 4 traitee, total lu : 1000, memoire PowerShell : 5024 Mo.
[25/08/2026 14:23:51] [INFO] Controle Georgie.Mailer-Wilkin@infopro-digital.com - page 5 traitee, total lu : 1250, memoire PowerShell : 5025 Mo.
[25/08/2026 14:23:54] [INFO] Controle Georgie.Mailer-Wilkin@infopro-digital.com - page 6 traitee, total lu : 1500, memoire PowerShell : 5023 Mo.
[25/08/2026 14:23:59] [INFO] Controle Georgie.Mailer-Wilkin@infopro-digital.com - page 7 traitee, total lu : 1750, memoire PowerShell : 5034 Mo.
[25/08/2026 14:24:02] [INFO] Controle Georgie.Mailer-Wilkin@infopro-digital.com - page 8 traitee, total lu : 2000, memoire PowerShell : 5045 Mo.
[25/08/2026 14:24:06] [INFO] Controle Georgie.Mailer-Wilkin@infopro-digital.com - page 9 traitee, total lu : 2250, memoire PowerShell : 5053 Mo.
[25/08/2026 14:24:11] [INFO] Controle Georgie.Mailer-Wilkin@infopro-digital.com - page 10 traitee, total lu : 2500, memoire PowerShell : 5064 Mo.
[25/08/2026 14:24:14] [INFO] Controle Georgie.Mailer-Wilkin@infopro-digital.com - page 11 traitee, total lu : 2750, memoire PowerShell : 5075 Mo.
[25/08/2026 14:24:17] [INFO] Controle Georgie.Mailer-Wilkin@infopro-digital.com - page 12 traitee, total lu : 3000, memoire PowerShell : 5083 Mo.
[25/08/2026 14:24:18] [INFO] Controle Georgie.Mailer-Wilkin@infopro-digital.com - page 13 traitee, total lu : 3250, memoire PowerShell : 5095 Mo.
[25/08/2026 14:24:20] [INFO] Controle Georgie.Mailer-Wilkin@infopro-digital.com - page 14 traitee, total lu : 3500, memoire PowerShell : 5106 Mo.
[25/08/2026 14:24:22] [INFO] Controle Georgie.Mailer-Wilkin@infopro-digital.com - page 15 traitee, total lu : 3750, memoire PowerShell : 5115 Mo.
[25/08/2026 14:24:25] [INFO] Controle Georgie.Mailer-Wilkin@infopro-digital.com - page 16 traitee, total lu : 4000, memoire PowerShell : 5127 Mo.
[25/08/2026 14:24:31] [INFO] Controle Georgie.Mailer-Wilkin@infopro-digital.com - page 17 traitee, total lu : 4250, memoire PowerShell : 5135 Mo.
[25/08/2026 14:24:33] [INFO] Controle Georgie.Mailer-Wilkin@infopro-digital.com - page 18 traitee, total lu : 4500, memoire PowerShell : 5146 Mo.
[25/08/2026 14:24:36] [INFO] Controle Georgie.Mailer-Wilkin@infopro-digital.com - page 19 traitee, total lu : 4750, memoire PowerShell : 5157 Mo.
[25/08/2026 14:24:37] [INFO] Controle Georgie.Mailer-Wilkin@infopro-digital.com - page 20 traitee, total lu : 4922, memoire PowerShell : 5158 Mo.
[25/08/2026 14:24:40] [INFO] 6 connexion(s) Power BI trouvee(s) pour Georgie.Mailer-Wilkin@infopro-digital.com.
[25/08/2026 14:24:40] [INFO] Controle individuel Entra : hannah.robbins@barbour-abi.com - ID 64ea49ad-1ca7-43c9-922b-dc35d1e0afd8
[25/08/2026 14:24:44] [INFO] Controle hannah.robbins@barbour-abi.com - page 1 traitee, total lu : 250, memoire PowerShell : 5025 Mo.
[25/08/2026 14:24:52] [INFO] Controle hannah.robbins@barbour-abi.com - page 2 traitee, total lu : 500, memoire PowerShell : 5026 Mo.
[25/08/2026 14:24:56] [INFO] Controle hannah.robbins@barbour-abi.com - page 3 traitee, total lu : 750, memoire PowerShell : 5024 Mo.
[25/08/2026 14:24:59] [INFO] Controle hannah.robbins@barbour-abi.com - page 4 traitee, total lu : 1000, memoire PowerShell : 5026 Mo.
[25/08/2026 14:25:04] [INFO] Controle hannah.robbins@barbour-abi.com - page 5 traitee, total lu : 1250, memoire PowerShell : 5024 Mo.
[25/08/2026 14:25:07] [INFO] Controle hannah.robbins@barbour-abi.com - page 6 traitee, total lu : 1500, memoire PowerShell : 5026 Mo.
[25/08/2026 14:25:23] [INFO] Controle hannah.robbins@barbour-abi.com - page 7 traitee, total lu : 1750, memoire PowerShell : 5024 Mo.
[25/08/2026 14:25:42] [INFO] Controle hannah.robbins@barbour-abi.com - page 8 traitee, total lu : 2000, memoire PowerShell : 5033 Mo.
[25/08/2026 14:25:48] [INFO] Controle hannah.robbins@barbour-abi.com - page 9 traitee, total lu : 2250, memoire PowerShell : 5040 Mo.
[25/08/2026 14:25:50] [INFO] Controle hannah.robbins@barbour-abi.com - page 10 traitee, total lu : 2500, memoire PowerShell : 5052 Mo.
[25/08/2026 14:25:52] [INFO] Controle hannah.robbins@barbour-abi.com - page 11 traitee, total lu : 2750, memoire PowerShell : 5063 Mo.
[25/08/2026 14:25:55] [INFO] Controle hannah.robbins@barbour-abi.com - page 12 traitee, total lu : 3000, memoire PowerShell : 5073 Mo.
[25/08/2026 14:25:58] [INFO] Controle hannah.robbins@barbour-abi.com - page 13 traitee, total lu : 3250, memoire PowerShell : 5084 Mo.
[25/08/2026 14:26:01] [INFO] Controle hannah.robbins@barbour-abi.com - page 14 traitee, total lu : 3500, memoire PowerShell : 5094 Mo.
[25/08/2026 14:26:03] [INFO] Controle hannah.robbins@barbour-abi.com - page 15 traitee, total lu : 3750, memoire PowerShell : 5102 Mo.
[25/08/2026 14:26:28] [INFO] Controle hannah.robbins@barbour-abi.com - page 16 traitee, total lu : 4000, memoire PowerShell : 5114 Mo.
[25/08/2026 14:26:30] [INFO] Controle hannah.robbins@barbour-abi.com - page 17 traitee, total lu : 4250, memoire PowerShell : 5074 Mo.
[25/08/2026 14:26:32] [INFO] Controle hannah.robbins@barbour-abi.com - page 18 traitee, total lu : 4500, memoire PowerShell : 5074 Mo.
[25/08/2026 14:26:35] [INFO] Controle hannah.robbins@barbour-abi.com - page 19 traitee, total lu : 4750, memoire PowerShell : 5075 Mo.
[25/08/2026 14:26:39] [INFO] Controle hannah.robbins@barbour-abi.com - page 20 traitee, total lu : 5000, memoire PowerShell : 5072 Mo.
[25/08/2026 14:26:45] [INFO] Controle hannah.robbins@barbour-abi.com - page 21 traitee, total lu : 5250, memoire PowerShell : 5026 Mo.
[25/08/2026 14:26:47] [INFO] Controle hannah.robbins@barbour-abi.com - page 22 traitee, total lu : 5500, memoire PowerShell : 5025 Mo.
[25/08/2026 14:26:51] [INFO] Controle hannah.robbins@barbour-abi.com - page 23 traitee, total lu : 5750, memoire PowerShell : 5027 Mo.
[25/08/2026 14:26:54] [INFO] Controle hannah.robbins@barbour-abi.com - page 24 traitee, total lu : 6000, memoire PowerShell : 5026 Mo.
[25/08/2026 14:26:57] [INFO] Controle hannah.robbins@barbour-abi.com - page 25 traitee, total lu : 6250, memoire PowerShell : 5025 Mo.
[25/08/2026 14:27:02] [INFO] Controle hannah.robbins@barbour-abi.com - page 26 traitee, total lu : 6500, memoire PowerShell : 5026 Mo.
[25/08/2026 14:27:05] [INFO] Controle hannah.robbins@barbour-abi.com - page 27 traitee, total lu : 6750, memoire PowerShell : 5025 Mo.
[25/08/2026 14:27:07] [INFO] Controle hannah.robbins@barbour-abi.com - page 28 traitee, total lu : 7000, memoire PowerShell : 5034 Mo.
[25/08/2026 14:27:11] [INFO] Controle hannah.robbins@barbour-abi.com - page 29 traitee, total lu : 7250, memoire PowerShell : 5042 Mo.
[25/08/2026 14:27:13] [INFO] Controle hannah.robbins@barbour-abi.com - page 30 traitee, total lu : 7500, memoire PowerShell : 5053 Mo.
[25/08/2026 14:27:19] [INFO] Controle hannah.robbins@barbour-abi.com - page 31 traitee, total lu : 7750, memoire PowerShell : 5062 Mo.
[25/08/2026 14:27:21] [INFO] Controle hannah.robbins@barbour-abi.com - page 32 traitee, total lu : 8000, memoire PowerShell : 5074 Mo.
[25/08/2026 14:27:23] [INFO] Controle hannah.robbins@barbour-abi.com - page 33 traitee, total lu : 8250, memoire PowerShell : 5083 Mo.
[25/08/2026 14:27:26] [INFO] Controle hannah.robbins@barbour-abi.com - page 34 traitee, total lu : 8500, memoire PowerShell : 5095 Mo.
[25/08/2026 14:27:31] [INFO] Controle hannah.robbins@barbour-abi.com - page 35 traitee, total lu : 8750, memoire PowerShell : 5103 Mo.
[25/08/2026 14:27:34] [INFO] Controle hannah.robbins@barbour-abi.com - page 36 traitee, total lu : 9000, memoire PowerShell : 5115 Mo.
[25/08/2026 14:27:37] [INFO] Controle hannah.robbins@barbour-abi.com - page 37 traitee, total lu : 9250, memoire PowerShell : 5124 Mo.
[25/08/2026 14:27:42] [INFO] Controle hannah.robbins@barbour-abi.com - page 38 traitee, total lu : 9500, memoire PowerShell : 5134 Mo.
[25/08/2026 14:27:43] [INFO] Controle hannah.robbins@barbour-abi.com - page 39 traitee, total lu : 9516, memoire PowerShell : 5136 Mo.
[25/08/2026 14:27:43] [INFO] 25 connexion(s) Power BI trouvee(s) pour hannah.robbins@barbour-abi.com.
[25/08/2026 14:27:43] [INFO] Controle individuel Entra : hayley.carroll@barbour-abi.com - ID b479d5e0-c605-4cd1-a616-f5b0510bdf06
[25/08/2026 14:27:48] [INFO] Controle hayley.carroll@barbour-abi.com - page 1 traitee, total lu : 250, memoire PowerShell : 5146 Mo.
[25/08/2026 14:27:51] [INFO] Controle hayley.carroll@barbour-abi.com - page 2 traitee, total lu : 500, memoire PowerShell : 5155 Mo.
[25/08/2026 14:27:57] [INFO] Controle hayley.carroll@barbour-abi.com - page 3 traitee, total lu : 750, memoire PowerShell : 5167 Mo.
[25/08/2026 14:28:00] [INFO] Controle hayley.carroll@barbour-abi.com - page 4 traitee, total lu : 1000, memoire PowerShell : 5175 Mo.
[25/08/2026 14:28:02] [INFO] Controle hayley.carroll@barbour-abi.com - page 5 traitee, total lu : 1250, memoire PowerShell : 5186 Mo.
[25/08/2026 14:28:14] [INFO] Controle hayley.carroll@barbour-abi.com - page 6 traitee, total lu : 1500, memoire PowerShell : 5197 Mo.
[25/08/2026 14:28:18] [INFO] Controle hayley.carroll@barbour-abi.com - page 7 traitee, total lu : 1750, memoire PowerShell : 5208 Mo.
[25/08/2026 14:28:24] [INFO] Controle hayley.carroll@barbour-abi.com - page 8 traitee, total lu : 2000, memoire PowerShell : 5105 Mo.
[25/08/2026 14:28:27] [INFO] Controle hayley.carroll@barbour-abi.com - page 9 traitee, total lu : 2250, memoire PowerShell : 5106 Mo.
[25/08/2026 14:28:32] [INFO] Controle hayley.carroll@barbour-abi.com - page 10 traitee, total lu : 2500, memoire PowerShell : 5105 Mo.
[25/08/2026 14:28:42] [INFO] Controle hayley.carroll@barbour-abi.com - page 11 traitee, total lu : 2750, memoire PowerShell : 5105 Mo.
[25/08/2026 14:28:45] [INFO] Controle hayley.carroll@barbour-abi.com - page 12 traitee, total lu : 3000, memoire PowerShell : 5106 Mo.
[25/08/2026 14:28:49] [INFO] Controle hayley.carroll@barbour-abi.com - page 13 traitee, total lu : 3250, memoire PowerShell : 5105 Mo.
[25/08/2026 14:28:56] [INFO] Controle hayley.carroll@barbour-abi.com - page 14 traitee, total lu : 3500, memoire PowerShell : 5105 Mo.
[25/08/2026 14:29:01] [INFO] Controle hayley.carroll@barbour-abi.com - page 15 traitee, total lu : 3750, memoire PowerShell : 5105 Mo.
[25/08/2026 14:29:05] [INFO] Controle hayley.carroll@barbour-abi.com - page 16 traitee, total lu : 4000, memoire PowerShell : 5107 Mo.
[25/08/2026 14:29:10] [INFO] Controle hayley.carroll@barbour-abi.com - page 17 traitee, total lu : 4250, memoire PowerShell : 5107 Mo.
[25/08/2026 14:29:14] [INFO] Controle hayley.carroll@barbour-abi.com - page 18 traitee, total lu : 4500, memoire PowerShell : 5108 Mo.
[25/08/2026 14:29:16] [INFO] Controle hayley.carroll@barbour-abi.com - page 19 traitee, total lu : 4750, memoire PowerShell : 5110 Mo.
[25/08/2026 14:29:20] [INFO] Controle hayley.carroll@barbour-abi.com - page 20 traitee, total lu : 5000, memoire PowerShell : 5111 Mo.
[25/08/2026 14:29:26] [INFO] Controle hayley.carroll@barbour-abi.com - page 21 traitee, total lu : 5250, memoire PowerShell : 4709 Mo.
[25/08/2026 14:29:29] [INFO] Controle hayley.carroll@barbour-abi.com - page 22 traitee, total lu : 5500, memoire PowerShell : 4706 Mo.
[25/08/2026 14:29:33] [INFO] Controle hayley.carroll@barbour-abi.com - page 23 traitee, total lu : 5750, memoire PowerShell : 4708 Mo.
[25/08/2026 14:29:46] [INFO] Controle hayley.carroll@barbour-abi.com - page 24 traitee, total lu : 6000, memoire PowerShell : 4708 Mo.
[25/08/2026 14:29:58] [INFO] Controle hayley.carroll@barbour-abi.com - page 25 traitee, total lu : 6250, memoire PowerShell : 4709 Mo.
[25/08/2026 14:30:10] [INFO] Controle hayley.carroll@barbour-abi.com - page 26 traitee, total lu : 6500, memoire PowerShell : 4713 Mo.
[25/08/2026 14:30:17] [INFO] Controle hayley.carroll@barbour-abi.com - page 27 traitee, total lu : 6750, memoire PowerShell : 4726 Mo.
[25/08/2026 14:30:20] [INFO] Controle hayley.carroll@barbour-abi.com - page 28 traitee, total lu : 7000, memoire PowerShell : 4744 Mo.
[25/08/2026 14:30:23] [INFO] Controle hayley.carroll@barbour-abi.com - page 29 traitee, total lu : 7250, memoire PowerShell : 4767 Mo.
[25/08/2026 14:30:30] [INFO] Controle hayley.carroll@barbour-abi.com - page 30 traitee, total lu : 7500, memoire PowerShell : 4790 Mo.
[25/08/2026 14:30:35] [INFO] Controle hayley.carroll@barbour-abi.com - page 31 traitee, total lu : 7750, memoire PowerShell : 4813 Mo.
[25/08/2026 14:30:37] [INFO] Controle hayley.carroll@barbour-abi.com - page 32 traitee, total lu : 8000, memoire PowerShell : 4836 Mo.
[25/08/2026 14:30:40] [INFO] Controle hayley.carroll@barbour-abi.com - page 33 traitee, total lu : 8250, memoire PowerShell : 4858 Mo.
[25/08/2026 14:30:42] [INFO] Controle hayley.carroll@barbour-abi.com - page 34 traitee, total lu : 8500, memoire PowerShell : 4882 Mo.
[25/08/2026 14:30:45] [INFO] Controle hayley.carroll@barbour-abi.com - page 35 traitee, total lu : 8750, memoire PowerShell : 4905 Mo.
[25/08/2026 14:30:48] [INFO] Controle hayley.carroll@barbour-abi.com - page 36 traitee, total lu : 9000, memoire PowerShell : 4928 Mo.
[25/08/2026 14:30:52] [INFO] Controle hayley.carroll@barbour-abi.com - page 37 traitee, total lu : 9250, memoire PowerShell : 4950 Mo.
[25/08/2026 14:30:54] [INFO] Controle hayley.carroll@barbour-abi.com - page 38 traitee, total lu : 9500, memoire PowerShell : 4974 Mo.
[25/08/2026 14:30:58] [INFO] Controle hayley.carroll@barbour-abi.com - page 39 traitee, total lu : 9750, memoire PowerShell : 4997 Mo.
[25/08/2026 14:31:01] [INFO] Controle hayley.carroll@barbour-abi.com - page 40 traitee, total lu : 10000, memoire PowerShell : 5022 Mo.
[25/08/2026 14:31:08] [INFO] Controle hayley.carroll@barbour-abi.com - page 41 traitee, total lu : 10250, memoire PowerShell : 4899 Mo.
[25/08/2026 14:31:13] [INFO] Controle hayley.carroll@barbour-abi.com - page 42 traitee, total lu : 10500, memoire PowerShell : 4900 Mo.
[25/08/2026 14:31:16] [INFO] Controle hayley.carroll@barbour-abi.com - page 43 traitee, total lu : 10750, memoire PowerShell : 4899 Mo.
[25/08/2026 14:31:21] [INFO] Controle hayley.carroll@barbour-abi.com - page 44 traitee, total lu : 11000, memoire PowerShell : 4898 Mo.
[25/08/2026 14:31:24] [INFO] Controle hayley.carroll@barbour-abi.com - page 45 traitee, total lu : 11250, memoire PowerShell : 4900 Mo.
[25/08/2026 14:31:27] [INFO] Controle hayley.carroll@barbour-abi.com - page 46 traitee, total lu : 11500, memoire PowerShell : 4898 Mo.
[25/08/2026 14:31:32] [INFO] Controle hayley.carroll@barbour-abi.com - page 47 traitee, total lu : 11750, memoire PowerShell : 4899 Mo.
[25/08/2026 14:31:46] [INFO] Controle hayley.carroll@barbour-abi.com - page 48 traitee, total lu : 12000, memoire PowerShell : 4906 Mo.
[25/08/2026 14:31:50] [INFO] Controle hayley.carroll@barbour-abi.com - page 49 traitee, total lu : 12250, memoire PowerShell : 4916 Mo.
[25/08/2026 14:31:52] [INFO] Controle hayley.carroll@barbour-abi.com - page 50 traitee, total lu : 12500, memoire PowerShell : 4924 Mo.
[25/08/2026 14:31:55] [INFO] Controle hayley.carroll@barbour-abi.com - page 51 traitee, total lu : 12750, memoire PowerShell : 4935 Mo.
[25/08/2026 14:31:57] [INFO] Controle hayley.carroll@barbour-abi.com - page 52 traitee, total lu : 13000, memoire PowerShell : 4946 Mo.
[25/08/2026 14:32:02] [INFO] Controle hayley.carroll@barbour-abi.com - page 53 traitee, total lu : 13250, memoire PowerShell : 4957 Mo.
[25/08/2026 14:32:05] [INFO] Controle hayley.carroll@barbour-abi.com - page 54 traitee, total lu : 13500, memoire PowerShell : 4966 Mo.
[25/08/2026 14:32:10] [INFO] Controle hayley.carroll@barbour-abi.com - page 55 traitee, total lu : 13750, memoire PowerShell : 4975 Mo.
[25/08/2026 14:32:14] [INFO] Controle hayley.carroll@barbour-abi.com - page 56 traitee, total lu : 14000, memoire PowerShell : 4987 Mo.
[25/08/2026 14:32:17] [INFO] Controle hayley.carroll@barbour-abi.com - page 57 traitee, total lu : 14250, memoire PowerShell : 4998 Mo.
[25/08/2026 14:32:20] [INFO] Controle hayley.carroll@barbour-abi.com - page 58 traitee, total lu : 14500, memoire PowerShell : 5006 Mo.
[25/08/2026 14:32:23] [INFO] Controle hayley.carroll@barbour-abi.com - page 59 traitee, total lu : 14733, memoire PowerShell : 5013 Mo.
[25/08/2026 14:32:23] [INFO] Aucune connexion Power BI trouvee pour hayley.carroll@barbour-abi.com pendant le controle individuel.
[25/08/2026 14:32:23] [INFO] Controle individuel Entra : inge.van-den-hengel-albers@infopro-digital.com - ID a560f9b2-7360-42d5-91de-571575e8bbb3
[25/08/2026 14:32:31] [INFO] Controle inge.van-den-hengel-albers@infopro-digital.com - page 1 traitee, total lu : 250, memoire PowerShell : 5026 Mo.
[25/08/2026 14:32:33] [INFO] Controle inge.van-den-hengel-albers@infopro-digital.com - page 2 traitee, total lu : 500, memoire PowerShell : 5038 Mo.
[25/08/2026 14:32:39] [INFO] Controle inge.van-den-hengel-albers@infopro-digital.com - page 3 traitee, total lu : 750, memoire PowerShell : 5061 Mo.
[25/08/2026 14:32:43] [INFO] Controle inge.van-den-hengel-albers@infopro-digital.com - page 4 traitee, total lu : 1000, memoire PowerShell : 5084 Mo.
[25/08/2026 14:32:51] [INFO] Controle inge.van-den-hengel-albers@infopro-digital.com - page 5 traitee, total lu : 1250, memoire PowerShell : 4982 Mo.
[25/08/2026 14:32:53] [INFO] Controle inge.van-den-hengel-albers@infopro-digital.com - page 6 traitee, total lu : 1500, memoire PowerShell : 4981 Mo.
[25/08/2026 14:32:56] [INFO] Controle inge.van-den-hengel-albers@infopro-digital.com - page 7 traitee, total lu : 1750, memoire PowerShell : 4982 Mo.
[25/08/2026 14:32:58] [INFO] Controle inge.van-den-hengel-albers@infopro-digital.com - page 8 traitee, total lu : 2000, memoire PowerShell : 4982 Mo.
[25/08/2026 14:33:02] [INFO] Controle inge.van-den-hengel-albers@infopro-digital.com - page 9 traitee, total lu : 2250, memoire PowerShell : 4983 Mo.
[25/08/2026 14:33:04] [INFO] Controle inge.van-den-hengel-albers@infopro-digital.com - page 10 traitee, total lu : 2257, memoire PowerShell : 4984 Mo.
[25/08/2026 14:33:04] [INFO] Aucune connexion Power BI trouvee pour inge.van-den-hengel-albers@infopro-digital.com pendant le controle individuel.
[25/08/2026 14:33:04] [INFO] Controle individuel Entra : Ingo.Zoppa@infopro-digital.com - ID cb40a6a5-0301-41c3-9b43-8e8e9ea5f7d3
[25/08/2026 14:33:13] [INFO] Controle Ingo.Zoppa@infopro-digital.com - page 1 traitee, total lu : 250, memoire PowerShell : 4983 Mo.
[25/08/2026 14:33:15] [INFO] Controle Ingo.Zoppa@infopro-digital.com - page 2 traitee, total lu : 500, memoire PowerShell : 4984 Mo.
[25/08/2026 14:33:19] [INFO] Controle Ingo.Zoppa@infopro-digital.com - page 3 traitee, total lu : 750, memoire PowerShell : 4983 Mo.
[25/08/2026 14:33:31] [INFO] Controle Ingo.Zoppa@infopro-digital.com - page 4 traitee, total lu : 1000, memoire PowerShell : 4984 Mo.
[25/08/2026 14:33:33] [INFO] Controle Ingo.Zoppa@infopro-digital.com - page 5 traitee, total lu : 1250, memoire PowerShell : 4983 Mo.
[25/08/2026 14:33:39] [INFO] Controle Ingo.Zoppa@infopro-digital.com - page 6 traitee, total lu : 1500, memoire PowerShell : 4985 Mo.
[25/08/2026 14:33:42] [INFO] Controle Ingo.Zoppa@infopro-digital.com - page 7 traitee, total lu : 1750, memoire PowerShell : 4987 Mo.
[25/08/2026 14:33:45] [INFO] Controle Ingo.Zoppa@infopro-digital.com - page 8 traitee, total lu : 2000, memoire PowerShell : 4990 Mo.
[25/08/2026 14:33:47] [INFO] Controle Ingo.Zoppa@infopro-digital.com - page 9 traitee, total lu : 2250, memoire PowerShell : 5001 Mo.
[25/08/2026 14:33:49] [INFO] Controle Ingo.Zoppa@infopro-digital.com - page 10 traitee, total lu : 2322, memoire PowerShell : 5000 Mo.
[25/08/2026 14:33:49] [INFO] Aucune connexion Power BI trouvee pour Ingo.Zoppa@infopro-digital.com pendant le controle individuel.
[25/08/2026 14:33:49] [INFO] Controle individuel Entra : jack.ryan@infopro-digital.com - ID f89b5667-336b-4335-ae3d-622708ad2fd0
[25/08/2026 14:33:55] [INFO] Controle jack.ryan@infopro-digital.com - page 1 traitee, total lu : 18, memoire PowerShell : 5001 Mo.
[25/08/2026 14:33:55] [INFO] Aucune connexion Power BI trouvee pour jack.ryan@infopro-digital.com pendant le controle individuel.
[25/08/2026 14:33:55] [INFO] Controle individuel Entra : james.monahan@infopro-digital.com - ID f323578f-6b7a-4c7d-99d4-94055e886017
[25/08/2026 14:33:57] [INFO] Controle james.monahan@infopro-digital.com - page 1 traitee, total lu : 250, memoire PowerShell : 5014 Mo.
[25/08/2026 14:34:01] [INFO] Controle james.monahan@infopro-digital.com - page 2 traitee, total lu : 500, memoire PowerShell : 5023 Mo.
[25/08/2026 14:34:05] [INFO] Controle james.monahan@infopro-digital.com - page 3 traitee, total lu : 750, memoire PowerShell : 5034 Mo.
[25/08/2026 14:34:10] [INFO] Controle james.monahan@infopro-digital.com - page 4 traitee, total lu : 1000, memoire PowerShell : 5043 Mo.
[25/08/2026 14:34:13] [INFO] Controle james.monahan@infopro-digital.com - page 5 traitee, total lu : 1250, memoire PowerShell : 5054 Mo.
[25/08/2026 14:34:21] [INFO] Controle james.monahan@infopro-digital.com - page 6 traitee, total lu : 1500, memoire PowerShell : 5066 Mo.
[25/08/2026 14:34:25] [INFO] Controle james.monahan@infopro-digital.com - page 7 traitee, total lu : 1750, memoire PowerShell : 5075 Mo.
[25/08/2026 14:34:28] [INFO] Controle james.monahan@infopro-digital.com - page 8 traitee, total lu : 2000, memoire PowerShell : 5086 Mo.
[25/08/2026 14:34:32] [INFO] Controle james.monahan@infopro-digital.com - page 9 traitee, total lu : 2250, memoire PowerShell : 5110 Mo.
[25/08/2026 14:34:39] [INFO] Controle james.monahan@infopro-digital.com - page 10 traitee, total lu : 2500, memoire PowerShell : 5064 Mo.
[25/08/2026 14:34:42] [INFO] Controle james.monahan@infopro-digital.com - page 11 traitee, total lu : 2750, memoire PowerShell : 5062 Mo.
[25/08/2026 14:34:44] [INFO] Controle james.monahan@infopro-digital.com - page 12 traitee, total lu : 3000, memoire PowerShell : 5064 Mo.
[25/08/2026 14:34:47] [INFO] Controle james.monahan@infopro-digital.com - page 13 traitee, total lu : 3250, memoire PowerShell : 5062 Mo.
[25/08/2026 14:34:50] [INFO] Controle james.monahan@infopro-digital.com - page 14 traitee, total lu : 3500, memoire PowerShell : 5064 Mo.
[25/08/2026 14:34:52] [INFO] Controle james.monahan@infopro-digital.com - page 15 traitee, total lu : 3750, memoire PowerShell : 5062 Mo.
[25/08/2026 14:34:57] [INFO] Controle james.monahan@infopro-digital.com - page 16 traitee, total lu : 4000, memoire PowerShell : 5063 Mo.
[25/08/2026 14:35:00] [INFO] Controle james.monahan@infopro-digital.com - page 17 traitee, total lu : 4250, memoire PowerShell : 5065 Mo.
[25/08/2026 14:35:03] [INFO] Controle james.monahan@infopro-digital.com - page 18 traitee, total lu : 4500, memoire PowerShell : 5065 Mo.
[25/08/2026 14:35:05] [INFO] Controle james.monahan@infopro-digital.com - page 19 traitee, total lu : 4750, memoire PowerShell : 5067 Mo.
[25/08/2026 14:35:08] [INFO] Controle james.monahan@infopro-digital.com - page 20 traitee, total lu : 5000, memoire PowerShell : 5066 Mo.
[25/08/2026 14:35:16] [INFO] Controle james.monahan@infopro-digital.com - page 21 traitee, total lu : 5250, memoire PowerShell : 4942 Mo.
[25/08/2026 14:35:17] [INFO] Controle james.monahan@infopro-digital.com - page 22 traitee, total lu : 5430, memoire PowerShell : 4936 Mo.
[25/08/2026 14:35:17] [INFO] 1 connexion(s) Power BI trouvee(s) pour james.monahan@infopro-digital.com.
[25/08/2026 14:35:17] [INFO] Controle individuel Entra : jennifer.houssart@infopro-digital.com - ID b0f54d9e-e7b7-48ae-9661-f69c435b0c7a
[25/08/2026 14:35:21] [INFO] Controle jennifer.houssart@infopro-digital.com - page 1 traitee, total lu : 250, memoire PowerShell : 4941 Mo.
[25/08/2026 14:35:23] [INFO] Controle jennifer.houssart@infopro-digital.com - page 2 traitee, total lu : 500, memoire PowerShell : 4942 Mo.
[25/08/2026 14:35:27] [INFO] Controle jennifer.houssart@infopro-digital.com - page 3 traitee, total lu : 750, memoire PowerShell : 4939 Mo.
[25/08/2026 14:35:31] [INFO] Controle jennifer.houssart@infopro-digital.com - page 4 traitee, total lu : 1000, memoire PowerShell : 4941 Mo.
[25/08/2026 14:35:38] [INFO] Controle jennifer.houssart@infopro-digital.com - page 5 traitee, total lu : 1250, memoire PowerShell : 4942 Mo.
[25/08/2026 14:35:41] [INFO] Controle jennifer.houssart@infopro-digital.com - page 6 traitee, total lu : 1500, memoire PowerShell : 4942 Mo.
[25/08/2026 14:35:44] [INFO] Controle jennifer.houssart@infopro-digital.com - page 7 traitee, total lu : 1750, memoire PowerShell : 4953 Mo.
[25/08/2026 14:35:47] [INFO] Controle jennifer.houssart@infopro-digital.com - page 8 traitee, total lu : 2000, memoire PowerShell : 4964 Mo.
[25/08/2026 14:35:49] [INFO] Controle jennifer.houssart@infopro-digital.com - page 9 traitee, total lu : 2250, memoire PowerShell : 4972 Mo.
[25/08/2026 14:35:52] [INFO] Controle jennifer.houssart@infopro-digital.com - page 10 traitee, total lu : 2500, memoire PowerShell : 4984 Mo.
[25/08/2026 14:35:56] [INFO] Controle jennifer.houssart@infopro-digital.com - page 11 traitee, total lu : 2532, memoire PowerShell : 4987 Mo.
[25/08/2026 14:35:56] [INFO] Aucune connexion Power BI trouvee pour jennifer.houssart@infopro-digital.com pendant le controle individuel.
[25/08/2026 14:35:56] [INFO] Controle individuel Entra : jose.quiles@isicondal.es - ID dece9aa1-c7f9-40c0-81aa-070e9986c0ce
[25/08/2026 14:36:00] [INFO] Controle jose.quiles@isicondal.es - page 1 traitee, total lu : 250, memoire PowerShell : 4995 Mo.
[25/08/2026 14:36:03] [INFO] Controle jose.quiles@isicondal.es - page 2 traitee, total lu : 500, memoire PowerShell : 5006 Mo.
[25/08/2026 14:36:09] [INFO] Controle jose.quiles@isicondal.es - page 3 traitee, total lu : 750, memoire PowerShell : 5015 Mo.
[25/08/2026 14:36:12] [INFO] Controle jose.quiles@isicondal.es - page 4 traitee, total lu : 1000, memoire PowerShell : 5026 Mo.
[25/08/2026 14:36:16] [INFO] Controle jose.quiles@isicondal.es - page 5 traitee, total lu : 1250, memoire PowerShell : 5036 Mo.
[25/08/2026 14:36:21] [INFO] Controle jose.quiles@isicondal.es - page 6 traitee, total lu : 1500, memoire PowerShell : 5047 Mo.
[25/08/2026 14:36:25] [INFO] Controle jose.quiles@isicondal.es - page 7 traitee, total lu : 1750, memoire PowerShell : 5057 Mo.
[25/08/2026 14:36:28] [INFO] Controle jose.quiles@isicondal.es - page 8 traitee, total lu : 2000, memoire PowerShell : 5065 Mo.
[25/08/2026 14:36:33] [INFO] Controle jose.quiles@isicondal.es - page 9 traitee, total lu : 2250, memoire PowerShell : 5076 Mo.
[25/08/2026 14:36:38] [INFO] Controle jose.quiles@isicondal.es - page 10 traitee, total lu : 2500, memoire PowerShell : 5087 Mo.
[25/08/2026 14:36:44] [INFO] Controle jose.quiles@isicondal.es - page 11 traitee, total lu : 2750, memoire PowerShell : 5097 Mo.
[25/08/2026 14:36:48] [INFO] Controle jose.quiles@isicondal.es - page 12 traitee, total lu : 3000, memoire PowerShell : 5108 Mo.
[25/08/2026 14:36:51] [INFO] Controle jose.quiles@isicondal.es - page 13 traitee, total lu : 3250, memoire PowerShell : 4942 Mo.
[25/08/2026 14:36:57] [INFO] Controle jose.quiles@isicondal.es - page 14 traitee, total lu : 3500, memoire PowerShell : 4940 Mo.
[25/08/2026 14:37:01] [INFO] Controle jose.quiles@isicondal.es - page 15 traitee, total lu : 3750, memoire PowerShell : 4941 Mo.
[25/08/2026 14:37:05] [INFO] Controle jose.quiles@isicondal.es - page 16 traitee, total lu : 4000, memoire PowerShell : 4941 Mo.
[25/08/2026 14:37:07] [INFO] Controle jose.quiles@isicondal.es - page 17 traitee, total lu : 4250, memoire PowerShell : 4942 Mo.
[25/08/2026 14:37:10] [INFO] Controle jose.quiles@isicondal.es - page 18 traitee, total lu : 4500, memoire PowerShell : 4940 Mo.
[25/08/2026 14:37:14] [INFO] Controle jose.quiles@isicondal.es - page 19 traitee, total lu : 4750, memoire PowerShell : 4941 Mo.
[25/08/2026 14:37:18] [INFO] Controle jose.quiles@isicondal.es - page 20 traitee, total lu : 5000, memoire PowerShell : 4949 Mo.
[25/08/2026 14:37:25] [INFO] Controle jose.quiles@isicondal.es - page 21 traitee, total lu : 5250, memoire PowerShell : 4949 Mo.
[25/08/2026 14:37:31] [INFO] Controle jose.quiles@isicondal.es - page 22 traitee, total lu : 5500, memoire PowerShell : 4947 Mo.
[25/08/2026 14:37:35] [INFO] Controle jose.quiles@isicondal.es - page 23 traitee, total lu : 5750, memoire PowerShell : 4948 Mo.
[25/08/2026 14:37:38] [INFO] Controle jose.quiles@isicondal.es - page 24 traitee, total lu : 6000, memoire PowerShell : 4949 Mo.
[25/08/2026 14:37:40] [INFO] Controle jose.quiles@isicondal.es - page 25 traitee, total lu : 6250, memoire PowerShell : 4947 Mo.
[25/08/2026 14:37:43] [INFO] Controle jose.quiles@isicondal.es - page 26 traitee, total lu : 6500, memoire PowerShell : 4948 Mo.
[25/08/2026 14:37:45] [INFO] Controle jose.quiles@isicondal.es - page 27 traitee, total lu : 6750, memoire PowerShell : 4949 Mo.
[25/08/2026 14:37:50] [INFO] Controle jose.quiles@isicondal.es - page 28 traitee, total lu : 7000, memoire PowerShell : 4954 Mo.
[25/08/2026 14:37:55] [INFO] Controle jose.quiles@isicondal.es - page 29 traitee, total lu : 7250, memoire PowerShell : 4965 Mo.
[25/08/2026 14:37:59] [INFO] Controle jose.quiles@isicondal.es - page 30 traitee, total lu : 7500, memoire PowerShell : 4976 Mo.
[25/08/2026 14:38:04] [INFO] Controle jose.quiles@isicondal.es - page 31 traitee, total lu : 7750, memoire PowerShell : 4984 Mo.
[25/08/2026 14:38:06] [INFO] Controle jose.quiles@isicondal.es - page 32 traitee, total lu : 8000, memoire PowerShell : 4996 Mo.
[25/08/2026 14:38:08] [INFO] Controle jose.quiles@isicondal.es - page 33 traitee, total lu : 8250, memoire PowerShell : 5007 Mo.
[25/08/2026 14:38:12] [INFO] Controle jose.quiles@isicondal.es - page 34 traitee, total lu : 8500, memoire PowerShell : 5015 Mo.
[25/08/2026 14:38:14] [INFO] Controle jose.quiles@isicondal.es - page 35 traitee, total lu : 8750, memoire PowerShell : 5027 Mo.
[25/08/2026 14:38:16] [INFO] Controle jose.quiles@isicondal.es - page 36 traitee, total lu : 9000, memoire PowerShell : 5038 Mo.
[25/08/2026 14:38:20] [INFO] Controle jose.quiles@isicondal.es - page 37 traitee, total lu : 9250, memoire PowerShell : 5046 Mo.
[25/08/2026 14:38:22] [INFO] Controle jose.quiles@isicondal.es - page 38 traitee, total lu : 9500, memoire PowerShell : 5058 Mo.
[25/08/2026 14:38:25] [INFO] Controle jose.quiles@isicondal.es - page 39 traitee, total lu : 9750, memoire PowerShell : 5069 Mo.
[25/08/2026 14:38:28] [INFO] Controle jose.quiles@isicondal.es - page 40 traitee, total lu : 10000, memoire PowerShell : 5077 Mo.
[25/08/2026 14:38:44] [INFO] Controle jose.quiles@isicondal.es - page 41 traitee, total lu : 10250, memoire PowerShell : 4954 Mo.
[25/08/2026 14:38:48] [INFO] Controle jose.quiles@isicondal.es - page 42 traitee, total lu : 10500, memoire PowerShell : 4952 Mo.
[25/08/2026 14:38:51] [INFO] Controle jose.quiles@isicondal.es - page 43 traitee, total lu : 10750, memoire PowerShell : 4953 Mo.
[25/08/2026 14:38:54] [INFO] Controle jose.quiles@isicondal.es - page 44 traitee, total lu : 11000, memoire PowerShell : 4954 Mo.
[25/08/2026 14:38:56] [INFO] Controle jose.quiles@isicondal.es - page 45 traitee, total lu : 11250, memoire PowerShell : 4952 Mo.
[25/08/2026 14:38:58] [INFO] Controle jose.quiles@isicondal.es - page 46 traitee, total lu : 11500, memoire PowerShell : 4954 Mo.
[25/08/2026 14:39:01] [INFO] Controle jose.quiles@isicondal.es - page 47 traitee, total lu : 11750, memoire PowerShell : 4954 Mo.
[25/08/2026 14:39:10] [INFO] Controle jose.quiles@isicondal.es - page 48 traitee, total lu : 12000, memoire PowerShell : 4959 Mo.
[25/08/2026 14:39:13] [INFO] Controle jose.quiles@isicondal.es - page 49 traitee, total lu : 12250, memoire PowerShell : 4970 Mo.
[25/08/2026 14:39:19] [INFO] Controle jose.quiles@isicondal.es - page 50 traitee, total lu : 12500, memoire PowerShell : 4981 Mo.
[25/08/2026 14:39:21] [INFO] Controle jose.quiles@isicondal.es - page 51 traitee, total lu : 12750, memoire PowerShell : 4989 Mo.
[25/08/2026 14:39:23] [INFO] Controle jose.quiles@isicondal.es - page 52 traitee, total lu : 13000, memoire PowerShell : 5001 Mo.
[25/08/2026 14:39:27] [INFO] Controle jose.quiles@isicondal.es - page 53 traitee, total lu : 13250, memoire PowerShell : 5012 Mo.
[25/08/2026 14:39:30] [INFO] Controle jose.quiles@isicondal.es - page 54 traitee, total lu : 13500, memoire PowerShell : 5020 Mo.
[25/08/2026 14:39:33] [INFO] Controle jose.quiles@isicondal.es - page 55 traitee, total lu : 13750, memoire PowerShell : 5032 Mo.
[25/08/2026 14:39:36] [INFO] Controle jose.quiles@isicondal.es - page 56 traitee, total lu : 14000, memoire PowerShell : 5043 Mo.
[25/08/2026 14:39:38] [INFO] Controle jose.quiles@isicondal.es - page 57 traitee, total lu : 14250, memoire PowerShell : 5051 Mo.
[25/08/2026 14:39:40] [INFO] Controle jose.quiles@isicondal.es - page 58 traitee, total lu : 14500, memoire PowerShell : 5063 Mo.
[25/08/2026 14:39:42] [INFO] Controle jose.quiles@isicondal.es - page 59 traitee, total lu : 14750, memoire PowerShell : 5074 Mo.
[25/08/2026 14:39:46] [INFO] Controle jose.quiles@isicondal.es - page 60 traitee, total lu : 15000, memoire PowerShell : 5082 Mo.
[25/08/2026 14:39:53] [INFO] Controle jose.quiles@isicondal.es - page 61 traitee, total lu : 15250, memoire PowerShell : 4959 Mo.
[25/08/2026 14:39:55] [INFO] Controle jose.quiles@isicondal.es - page 62 traitee, total lu : 15500, memoire PowerShell : 4957 Mo.
[25/08/2026 14:39:58] [INFO] Controle jose.quiles@isicondal.es - page 63 traitee, total lu : 15750, memoire PowerShell : 4958 Mo.
[25/08/2026 14:40:03] [INFO] Controle jose.quiles@isicondal.es - page 64 traitee, total lu : 16000, memoire PowerShell : 4959 Mo.
[25/08/2026 14:40:06] [INFO] Controle jose.quiles@isicondal.es - page 65 traitee, total lu : 16250, memoire PowerShell : 4957 Mo.
[25/08/2026 14:40:10] [INFO] Controle jose.quiles@isicondal.es - page 66 traitee, total lu : 16500, memoire PowerShell : 4959 Mo.
[25/08/2026 14:40:13] [INFO] Controle jose.quiles@isicondal.es - page 67 traitee, total lu : 16750, memoire PowerShell : 4959 Mo.
[25/08/2026 14:40:16] [INFO] Controle jose.quiles@isicondal.es - page 68 traitee, total lu : 17000, memoire PowerShell : 4966 Mo.
[25/08/2026 14:40:20] [INFO] Controle jose.quiles@isicondal.es - page 69 traitee, total lu : 17250, memoire PowerShell : 4974 Mo.
[25/08/2026 14:40:25] [INFO] Controle jose.quiles@isicondal.es - page 70 traitee, total lu : 17500, memoire PowerShell : 4985 Mo.
[25/08/2026 14:40:28] [INFO] Controle jose.quiles@isicondal.es - page 71 traitee, total lu : 17750, memoire PowerShell : 4996 Mo.
[25/08/2026 14:40:37] [INFO] Controle jose.quiles@isicondal.es - page 72 traitee, total lu : 18000, memoire PowerShell : 5004 Mo.
[25/08/2026 14:40:41] [INFO] Controle jose.quiles@isicondal.es - page 73 traitee, total lu : 18250, memoire PowerShell : 5016 Mo.
[25/08/2026 14:40:43] [INFO] Controle jose.quiles@isicondal.es - page 74 traitee, total lu : 18500, memoire PowerShell : 5027 Mo.
[25/08/2026 14:40:46] [INFO] Controle jose.quiles@isicondal.es - page 75 traitee, total lu : 18750, memoire PowerShell : 5035 Mo.
[25/08/2026 14:40:51] [INFO] Controle jose.quiles@isicondal.es - page 76 traitee, total lu : 19000, memoire PowerShell : 5047 Mo.
[25/08/2026 14:40:54] [INFO] Controle jose.quiles@isicondal.es - page 77 traitee, total lu : 19250, memoire PowerShell : 5058 Mo.
[25/08/2026 14:40:57] [INFO] Controle jose.quiles@isicondal.es - page 78 traitee, total lu : 19500, memoire PowerShell : 5066 Mo.
[25/08/2026 14:41:00] [INFO] Controle jose.quiles@isicondal.es - page 79 traitee, total lu : 19750, memoire PowerShell : 5077 Mo.
[25/08/2026 14:41:03] [INFO] Controle jose.quiles@isicondal.es - page 80 traitee, total lu : 20000, memoire PowerShell : 5089 Mo.
[25/08/2026 14:41:09] [INFO] Controle jose.quiles@isicondal.es - page 81 traitee, total lu : 20250, memoire PowerShell : 4966 Mo.
[25/08/2026 14:41:12] [INFO] Controle jose.quiles@isicondal.es - page 82 traitee, total lu : 20500, memoire PowerShell : 4964 Mo.
[25/08/2026 14:41:14] [INFO] Controle jose.quiles@isicondal.es - page 83 traitee, total lu : 20565, memoire PowerShell : 4961 Mo.
[25/08/2026 14:41:14] [INFO] 7 connexion(s) Power BI trouvee(s) pour jose.quiles@isicondal.es.
[25/08/2026 14:41:14] [INFO] Controle individuel Entra : julien.elmaleh@infopro-digital.com - ID ccd51cc8-00c2-412a-9623-99b2340ca36c
[25/08/2026 14:41:21] [INFO] Controle julien.elmaleh@infopro-digital.com - page 1 traitee, total lu : 219, memoire PowerShell : 4963 Mo.
[25/08/2026 14:41:21] [INFO] Aucune connexion Power BI trouvee pour julien.elmaleh@infopro-digital.com pendant le controle individuel.
[25/08/2026 14:41:21] [INFO] Controle individuel Entra : Karin.Menges@infopro-digital.com - ID 498dd57d-f546-47c7-b390-73bdf38407bb
[25/08/2026 14:41:24] [INFO] Controle Karin.Menges@infopro-digital.com - page 1 traitee, total lu : 250, memoire PowerShell : 4967 Mo.
[25/08/2026 14:41:34] [INFO] Controle Karin.Menges@infopro-digital.com - page 2 traitee, total lu : 500, memoire PowerShell : 4964 Mo.
[25/08/2026 14:41:41] [INFO] Controle Karin.Menges@infopro-digital.com - page 3 traitee, total lu : 750, memoire PowerShell : 4966 Mo.
[25/08/2026 14:41:45] [INFO] Controle Karin.Menges@infopro-digital.com - page 4 traitee, total lu : 1000, memoire PowerShell : 4967 Mo.
[25/08/2026 14:41:49] [INFO] Controle Karin.Menges@infopro-digital.com - page 5 traitee, total lu : 1250, memoire PowerShell : 4970 Mo.
[25/08/2026 14:41:53] [INFO] Controle Karin.Menges@infopro-digital.com - page 6 traitee, total lu : 1500, memoire PowerShell : 4981 Mo.
[25/08/2026 14:41:56] [INFO] Controle Karin.Menges@infopro-digital.com - page 7 traitee, total lu : 1750, memoire PowerShell : 4992 Mo.
[25/08/2026 14:42:03] [INFO] Controle Karin.Menges@infopro-digital.com - page 8 traitee, total lu : 2000, memoire PowerShell : 5003 Mo.
[25/08/2026 14:42:09] [INFO] Controle Karin.Menges@infopro-digital.com - page 9 traitee, total lu : 2250, memoire PowerShell : 5011 Mo.
[25/08/2026 14:42:11] [INFO] Controle Karin.Menges@infopro-digital.com - page 10 traitee, total lu : 2500, memoire PowerShell : 5022 Mo.
[25/08/2026 14:42:13] [INFO] Controle Karin.Menges@infopro-digital.com - page 11 traitee, total lu : 2750, memoire PowerShell : 5034 Mo.
[25/08/2026 14:42:17] [INFO] Controle Karin.Menges@infopro-digital.com - page 12 traitee, total lu : 3000, memoire PowerShell : 5042 Mo.
[25/08/2026 14:42:20] [INFO] Controle Karin.Menges@infopro-digital.com - page 13 traitee, total lu : 3250, memoire PowerShell : 5053 Mo.
[25/08/2026 14:42:22] [INFO] Controle Karin.Menges@infopro-digital.com - page 14 traitee, total lu : 3500, memoire PowerShell : 5064 Mo.
[25/08/2026 14:42:25] [INFO] Controle Karin.Menges@infopro-digital.com - page 15 traitee, total lu : 3750, memoire PowerShell : 5072 Mo.
[25/08/2026 14:42:27] [INFO] Controle Karin.Menges@infopro-digital.com - page 16 traitee, total lu : 4000, memoire PowerShell : 5084 Mo.
[25/08/2026 14:42:32] [INFO] Controle Karin.Menges@infopro-digital.com - page 17 traitee, total lu : 4250, memoire PowerShell : 5095 Mo.
[25/08/2026 14:42:37] [INFO] Controle Karin.Menges@infopro-digital.com - page 18 traitee, total lu : 4500, memoire PowerShell : 5103 Mo.
[25/08/2026 14:42:41] [INFO] Controle Karin.Menges@infopro-digital.com - page 19 traitee, total lu : 4750, memoire PowerShell : 5115 Mo.
[25/08/2026 14:42:47] [INFO] Controle Karin.Menges@infopro-digital.com - page 20 traitee, total lu : 5000, memoire PowerShell : 5016 Mo.
[25/08/2026 14:42:53] [INFO] Controle Karin.Menges@infopro-digital.com - page 21 traitee, total lu : 5250, memoire PowerShell : 4973 Mo.
[25/08/2026 14:42:56] [INFO] Controle Karin.Menges@infopro-digital.com - page 22 traitee, total lu : 5500, memoire PowerShell : 4971 Mo.
[25/08/2026 14:42:59] [INFO] Controle Karin.Menges@infopro-digital.com - page 23 traitee, total lu : 5750, memoire PowerShell : 4973 Mo.
[25/08/2026 14:43:03] [INFO] Controle Karin.Menges@infopro-digital.com - page 24 traitee, total lu : 6000, memoire PowerShell : 4973 Mo.
[25/08/2026 14:43:06] [INFO] Controle Karin.Menges@infopro-digital.com - page 25 traitee, total lu : 6250, memoire PowerShell : 4974 Mo.
[25/08/2026 14:43:10] [INFO] Controle Karin.Menges@infopro-digital.com - page 26 traitee, total lu : 6500, memoire PowerShell : 4971 Mo.
[25/08/2026 14:43:13] [INFO] Controle Karin.Menges@infopro-digital.com - page 27 traitee, total lu : 6750, memoire PowerShell : 4973 Mo.
[25/08/2026 14:43:19] [INFO] Controle Karin.Menges@infopro-digital.com - page 28 traitee, total lu : 7000, memoire PowerShell : 4980 Mo.
[25/08/2026 14:43:22] [INFO] Controle Karin.Menges@infopro-digital.com - page 29 traitee, total lu : 7250, memoire PowerShell : 4988 Mo.
[25/08/2026 14:43:26] [INFO] Controle Karin.Menges@infopro-digital.com - page 30 traitee, total lu : 7500, memoire PowerShell : 5000 Mo.
[25/08/2026 14:43:28] [INFO] Controle Karin.Menges@infopro-digital.com - page 31 traitee, total lu : 7750, memoire PowerShell : 5008 Mo.
[25/08/2026 14:43:30] [INFO] Controle Karin.Menges@infopro-digital.com - page 32 traitee, total lu : 8000, memoire PowerShell : 5020 Mo.
[25/08/2026 14:43:37] [INFO] Controle Karin.Menges@infopro-digital.com - page 33 traitee, total lu : 8122, memoire PowerShell : 5020 Mo.
[25/08/2026 14:43:37] [INFO] Aucune connexion Power BI trouvee pour Karin.Menges@infopro-digital.com pendant le controle individuel.
[25/08/2026 14:43:37] [INFO] Controle individuel Entra : katharina.horstmann@infopro-digital.com - ID 242edb1d-e81d-4331-bcb6-8fa5c51f9a82
[25/08/2026 14:43:41] [INFO] Controle katharina.horstmann@infopro-digital.com - page 1 traitee, total lu : 250, memoire PowerShell : 5036 Mo.
[25/08/2026 14:43:45] [INFO] Controle katharina.horstmann@infopro-digital.com - page 2 traitee, total lu : 500, memoire PowerShell : 5044 Mo.
[25/08/2026 14:43:48] [INFO] Controle katharina.horstmann@infopro-digital.com - page 3 traitee, total lu : 750, memoire PowerShell : 5056 Mo.
[25/08/2026 14:43:51] [INFO] Controle katharina.horstmann@infopro-digital.com - page 4 traitee, total lu : 1000, memoire PowerShell : 5066 Mo.
[25/08/2026 14:43:56] [INFO] Controle katharina.horstmann@infopro-digital.com - page 5 traitee, total lu : 1250, memoire PowerShell : 5076 Mo.
[25/08/2026 14:43:59] [INFO] Controle katharina.horstmann@infopro-digital.com - page 6 traitee, total lu : 1500, memoire PowerShell : 5087 Mo.
[25/08/2026 14:44:05] [INFO] Controle katharina.horstmann@infopro-digital.com - page 7 traitee, total lu : 1750, memoire PowerShell : 5097 Mo.
[25/08/2026 14:44:08] [INFO] Controle katharina.horstmann@infopro-digital.com - page 8 traitee, total lu : 2000, memoire PowerShell : 5108 Mo.
[25/08/2026 14:44:13] [INFO] Controle katharina.horstmann@infopro-digital.com - page 9 traitee, total lu : 2097, memoire PowerShell : 5109 Mo.
[25/08/2026 14:44:13] [INFO] Aucune connexion Power BI trouvee pour katharina.horstmann@infopro-digital.com pendant le controle individuel.
[25/08/2026 14:44:13] [INFO] Controle individuel Entra : klaus.fuener@infopro-digital.com - ID 60bbe1c4-515c-4546-bd20-06f1fe29a7bf
[25/08/2026 14:44:17] [INFO] Controle klaus.fuener@infopro-digital.com - page 1 traitee, total lu : 250, memoire PowerShell : 5121 Mo.
[25/08/2026 14:44:20] [INFO] Controle klaus.fuener@infopro-digital.com - page 2 traitee, total lu : 500, memoire PowerShell : 5131 Mo.
[25/08/2026 14:44:24] [INFO] Controle klaus.fuener@infopro-digital.com - page 3 traitee, total lu : 750, memoire PowerShell : 5141 Mo.
[25/08/2026 14:44:26] [INFO] Controle klaus.fuener@infopro-digital.com - page 4 traitee, total lu : 1000, memoire PowerShell : 5152 Mo.
[25/08/2026 14:44:31] [INFO] Controle klaus.fuener@infopro-digital.com - page 5 traitee, total lu : 1250, memoire PowerShell : 5058 Mo.
[25/08/2026 14:44:34] [INFO] Controle klaus.fuener@infopro-digital.com - page 6 traitee, total lu : 1500, memoire PowerShell : 5056 Mo.
[25/08/2026 14:44:38] [INFO] Controle klaus.fuener@infopro-digital.com - page 7 traitee, total lu : 1750, memoire PowerShell : 5057 Mo.
[25/08/2026 14:44:44] [INFO] Controle klaus.fuener@infopro-digital.com - page 8 traitee, total lu : 2000, memoire PowerShell : 5056 Mo.
[25/08/2026 14:44:47] [INFO] Controle klaus.fuener@infopro-digital.com - page 9 traitee, total lu : 2250, memoire PowerShell : 5058 Mo.
[25/08/2026 14:44:53] [INFO] Controle klaus.fuener@infopro-digital.com - page 10 traitee, total lu : 2500, memoire PowerShell : 5058 Mo.
[25/08/2026 14:44:55] [INFO] Controle klaus.fuener@infopro-digital.com - page 11 traitee, total lu : 2750, memoire PowerShell : 5058 Mo.
[25/08/2026 14:44:58] [INFO] Controle klaus.fuener@infopro-digital.com - page 12 traitee, total lu : 3000, memoire PowerShell : 5058 Mo.
[25/08/2026 14:45:05] [INFO] Controle klaus.fuener@infopro-digital.com - page 13 traitee, total lu : 3250, memoire PowerShell : 5058 Mo.
[25/08/2026 14:45:08] [INFO] Controle klaus.fuener@infopro-digital.com - page 14 traitee, total lu : 3500, memoire PowerShell : 5058 Mo.
[25/08/2026 14:45:14] [INFO] Controle klaus.fuener@infopro-digital.com - page 15 traitee, total lu : 3750, memoire PowerShell : 5060 Mo.
[25/08/2026 14:45:18] [INFO] Controle klaus.fuener@infopro-digital.com - page 16 traitee, total lu : 4000, memoire PowerShell : 5062 Mo.
[25/08/2026 14:45:21] [INFO] Controle klaus.fuener@infopro-digital.com - page 17 traitee, total lu : 4250, memoire PowerShell : 5062 Mo.
[25/08/2026 14:45:26] [INFO] Controle klaus.fuener@infopro-digital.com - page 18 traitee, total lu : 4500, memoire PowerShell : 5064 Mo.
[25/08/2026 14:45:29] [INFO] Controle klaus.fuener@infopro-digital.com - page 19 traitee, total lu : 4750, memoire PowerShell : 5065 Mo.
[25/08/2026 14:45:32] [INFO] Controle klaus.fuener@infopro-digital.com - page 20 traitee, total lu : 5000, memoire PowerShell : 5072 Mo.
[25/08/2026 14:45:40] [INFO] Controle klaus.fuener@infopro-digital.com - page 21 traitee, total lu : 5250, memoire PowerShell : 4987 Mo.
[25/08/2026 14:45:43] [INFO] Controle klaus.fuener@infopro-digital.com - page 22 traitee, total lu : 5500, memoire PowerShell : 4986 Mo.
[25/08/2026 14:45:45] [INFO] Controle klaus.fuener@infopro-digital.com - page 23 traitee, total lu : 5750, memoire PowerShell : 4987 Mo.
[25/08/2026 14:45:49] [INFO] Controle klaus.fuener@infopro-digital.com - page 24 traitee, total lu : 6000, memoire PowerShell : 4985 Mo.
[25/08/2026 14:45:49] [INFO] Obtention ou renouvellement du jeton Microsoft Graph.
[25/08/2026 14:45:49] [INFO] Jeton Graph valide jusqu'au 25/08/2026 15:40:48.
[25/08/2026 14:45:52] [INFO] Controle klaus.fuener@infopro-digital.com - page 25 traitee, total lu : 6250, memoire PowerShell : 4987 Mo.
[25/08/2026 14:45:55] [INFO] Controle klaus.fuener@infopro-digital.com - page 26 traitee, total lu : 6500, memoire PowerShell : 4987 Mo.
[25/08/2026 14:45:57] [INFO] Controle klaus.fuener@infopro-digital.com - page 27 traitee, total lu : 6750, memoire PowerShell : 4987 Mo.
[25/08/2026 14:46:00] [INFO] Controle klaus.fuener@infopro-digital.com - page 28 traitee, total lu : 7000, memoire PowerShell : 4991 Mo.
[25/08/2026 14:46:04] [INFO] Controle klaus.fuener@infopro-digital.com - page 29 traitee, total lu : 7250, memoire PowerShell : 5001 Mo.
[25/08/2026 14:46:08] [INFO] Controle klaus.fuener@infopro-digital.com - page 30 traitee, total lu : 7500, memoire PowerShell : 5013 Mo.
[25/08/2026 14:46:15] [INFO] Controle klaus.fuener@infopro-digital.com - page 31 traitee, total lu : 7750, memoire PowerShell : 5023 Mo.
[25/08/2026 14:46:17] [INFO] Controle klaus.fuener@infopro-digital.com - page 32 traitee, total lu : 8000, memoire PowerShell : 5033 Mo.
[25/08/2026 14:46:21] [INFO] Controle klaus.fuener@infopro-digital.com - page 33 traitee, total lu : 8250, memoire PowerShell : 5043 Mo.
[25/08/2026 14:46:25] [INFO] Controle klaus.fuener@infopro-digital.com - page 34 traitee, total lu : 8500, memoire PowerShell : 5053 Mo.
[25/08/2026 14:46:28] [INFO] Controle klaus.fuener@infopro-digital.com - page 35 traitee, total lu : 8750, memoire PowerShell : 5064 Mo.
[25/08/2026 14:46:30] [INFO] Controle klaus.fuener@infopro-digital.com - page 36 traitee, total lu : 9000, memoire PowerShell : 5074 Mo.
[25/08/2026 14:46:35] [INFO] Controle klaus.fuener@infopro-digital.com - page 37 traitee, total lu : 9250, memoire PowerShell : 5084 Mo.
[25/08/2026 14:46:37] [INFO] Controle klaus.fuener@infopro-digital.com - page 38 traitee, total lu : 9500, memoire PowerShell : 5095 Mo.
[25/08/2026 14:46:41] [INFO] Controle klaus.fuener@infopro-digital.com - page 39 traitee, total lu : 9750, memoire PowerShell : 5103 Mo.
[25/08/2026 14:46:51] [INFO] Controle klaus.fuener@infopro-digital.com - page 40 traitee, total lu : 10000, memoire PowerShell : 5114 Mo.
[25/08/2026 14:46:56] [INFO] Controle klaus.fuener@infopro-digital.com - page 41 traitee, total lu : 10250, memoire PowerShell : 4994 Mo.
[25/08/2026 14:47:07] [INFO] Controle klaus.fuener@infopro-digital.com - page 42 traitee, total lu : 10500, memoire PowerShell : 4992 Mo.
[25/08/2026 14:47:08] [INFO] Controle klaus.fuener@infopro-digital.com - page 43 traitee, total lu : 10530, memoire PowerShell : 4994 Mo.
[25/08/2026 14:47:08] [INFO] 4 connexion(s) Power BI trouvee(s) pour klaus.fuener@infopro-digital.com.
[25/08/2026 14:47:08] [INFO] Controle individuel Entra : Laura.Sherrin@infopro-digital.com - ID cfff4c5f-b486-4011-9ea1-2393ddf13461
[25/08/2026 14:47:14] [INFO] Controle Laura.Sherrin@infopro-digital.com - page 1 traitee, total lu : 250, memoire PowerShell : 4994 Mo.
[25/08/2026 14:47:25] [INFO] Controle Laura.Sherrin@infopro-digital.com - page 2 traitee, total lu : 500, memoire PowerShell : 4992 Mo.
[25/08/2026 14:47:29] [INFO] Controle Laura.Sherrin@infopro-digital.com - page 3 traitee, total lu : 750, memoire PowerShell : 4993 Mo.
[25/08/2026 14:47:32] [INFO] Controle Laura.Sherrin@infopro-digital.com - page 4 traitee, total lu : 1000, memoire PowerShell : 4994 Mo.
[25/08/2026 14:47:36] [INFO] Controle Laura.Sherrin@infopro-digital.com - page 5 traitee, total lu : 1250, memoire PowerShell : 4992 Mo.
[25/08/2026 14:47:39] [INFO] Controle Laura.Sherrin@infopro-digital.com - page 6 traitee, total lu : 1500, memoire PowerShell : 5000 Mo.
[25/08/2026 14:47:41] [INFO] Controle Laura.Sherrin@infopro-digital.com - page 7 traitee, total lu : 1750, memoire PowerShell : 5010 Mo.
[25/08/2026 14:47:47] [INFO] Controle Laura.Sherrin@infopro-digital.com - page 8 traitee, total lu : 2000, memoire PowerShell : 5021 Mo.
[25/08/2026 14:47:50] [INFO] Controle Laura.Sherrin@infopro-digital.com - page 9 traitee, total lu : 2250, memoire PowerShell : 5032 Mo.
[25/08/2026 14:47:54] [INFO] Controle Laura.Sherrin@infopro-digital.com - page 10 traitee, total lu : 2500, memoire PowerShell : 5040 Mo.
[25/08/2026 14:48:00] [INFO] Controle Laura.Sherrin@infopro-digital.com - page 11 traitee, total lu : 2750, memoire PowerShell : 5052 Mo.
[25/08/2026 14:48:03] [INFO] Controle Laura.Sherrin@infopro-digital.com - page 12 traitee, total lu : 3000, memoire PowerShell : 5063 Mo.
[25/08/2026 14:48:07] [INFO] Controle Laura.Sherrin@infopro-digital.com - page 13 traitee, total lu : 3250, memoire PowerShell : 5071 Mo.
[25/08/2026 14:48:09] [INFO] Controle Laura.Sherrin@infopro-digital.com - page 14 traitee, total lu : 3500, memoire PowerShell : 5083 Mo.
[25/08/2026 14:48:13] [INFO] Controle Laura.Sherrin@infopro-digital.com - page 15 traitee, total lu : 3750, memoire PowerShell : 5094 Mo.
[25/08/2026 14:48:16] [INFO] Controle Laura.Sherrin@infopro-digital.com - page 16 traitee, total lu : 4000, memoire PowerShell : 5102 Mo.
[25/08/2026 14:48:19] [INFO] Controle Laura.Sherrin@infopro-digital.com - page 17 traitee, total lu : 4250, memoire PowerShell : 5113 Mo.
[25/08/2026 14:48:21] [INFO] Controle Laura.Sherrin@infopro-digital.com - page 18 traitee, total lu : 4500, memoire PowerShell : 5124 Mo.
[25/08/2026 14:48:26] [INFO] Controle Laura.Sherrin@infopro-digital.com - page 19 traitee, total lu : 4750, memoire PowerShell : 5132 Mo.
[25/08/2026 14:48:28] [INFO] Controle Laura.Sherrin@infopro-digital.com - page 20 traitee, total lu : 5000, memoire PowerShell : 5144 Mo.
[25/08/2026 14:48:34] [INFO] Controle Laura.Sherrin@infopro-digital.com - page 21 traitee, total lu : 5250, memoire PowerShell : 4999 Mo.
[25/08/2026 14:48:38] [INFO] Controle Laura.Sherrin@infopro-digital.com - page 22 traitee, total lu : 5500, memoire PowerShell : 4997 Mo.
[25/08/2026 14:48:40] [INFO] Controle Laura.Sherrin@infopro-digital.com - page 23 traitee, total lu : 5750, memoire PowerShell : 4997 Mo.
[25/08/2026 14:48:44] [INFO] Controle Laura.Sherrin@infopro-digital.com - page 24 traitee, total lu : 6000, memoire PowerShell : 4997 Mo.
[25/08/2026 14:48:49] [INFO] Controle Laura.Sherrin@infopro-digital.com - page 25 traitee, total lu : 6250, memoire PowerShell : 4997 Mo.
[25/08/2026 14:48:54] [INFO] Controle Laura.Sherrin@infopro-digital.com - page 26 traitee, total lu : 6500, memoire PowerShell : 4997 Mo.
[25/08/2026 14:48:56] [INFO] Controle Laura.Sherrin@infopro-digital.com - page 27 traitee, total lu : 6750, memoire PowerShell : 4997 Mo.
[25/08/2026 14:49:00] [INFO] Controle Laura.Sherrin@infopro-digital.com - page 28 traitee, total lu : 7000, memoire PowerShell : 5004 Mo.
[25/08/2026 14:49:03] [INFO] Controle Laura.Sherrin@infopro-digital.com - page 29 traitee, total lu : 7250, memoire PowerShell : 5014 Mo.
[25/08/2026 14:49:08] [INFO] Controle Laura.Sherrin@infopro-digital.com - page 30 traitee, total lu : 7500, memoire PowerShell : 5024 Mo.
[25/08/2026 14:49:11] [INFO] Controle Laura.Sherrin@infopro-digital.com - page 31 traitee, total lu : 7750, memoire PowerShell : 5035 Mo.
[25/08/2026 14:49:19] [INFO] Controle Laura.Sherrin@infopro-digital.com - page 32 traitee, total lu : 8000, memoire PowerShell : 5043 Mo.
[25/08/2026 14:49:21] [INFO] Controle Laura.Sherrin@infopro-digital.com - page 33 traitee, total lu : 8250, memoire PowerShell : 5054 Mo.
[25/08/2026 14:49:26] [INFO] Controle Laura.Sherrin@infopro-digital.com - page 34 traitee, total lu : 8500, memoire PowerShell : 5063 Mo.
[25/08/2026 14:49:30] [INFO] Controle Laura.Sherrin@infopro-digital.com - page 35 traitee, total lu : 8750, memoire PowerShell : 5074 Mo.
[25/08/2026 14:49:35] [INFO] Controle Laura.Sherrin@infopro-digital.com - page 36 traitee, total lu : 9000, memoire PowerShell : 5083 Mo.
[25/08/2026 14:49:39] [INFO] Controle Laura.Sherrin@infopro-digital.com - page 37 traitee, total lu : 9250, memoire PowerShell : 5094 Mo.
[25/08/2026 14:49:42] [INFO] Controle Laura.Sherrin@infopro-digital.com - page 38 traitee, total lu : 9500, memoire PowerShell : 5105 Mo.
[25/08/2026 14:49:45] [INFO] Controle Laura.Sherrin@infopro-digital.com - page 39 traitee, total lu : 9750, memoire PowerShell : 5116 Mo.
[25/08/2026 14:49:49] [INFO] Controle Laura.Sherrin@infopro-digital.com - page 40 traitee, total lu : 10000, memoire PowerShell : 5124 Mo.
[25/08/2026 14:49:55] [INFO] Controle Laura.Sherrin@infopro-digital.com - page 41 traitee, total lu : 10250, memoire PowerShell : 5003 Mo.
[25/08/2026 14:49:58] [INFO] Controle Laura.Sherrin@infopro-digital.com - page 42 traitee, total lu : 10500, memoire PowerShell : 5001 Mo.
[25/08/2026 14:50:01] [INFO] Controle Laura.Sherrin@infopro-digital.com - page 43 traitee, total lu : 10750, memoire PowerShell : 5002 Mo.
[25/08/2026 14:50:03] [INFO] Controle Laura.Sherrin@infopro-digital.com - page 44 traitee, total lu : 11000, memoire PowerShell : 5002 Mo.
[25/08/2026 14:50:06] [INFO] Controle Laura.Sherrin@infopro-digital.com - page 45 traitee, total lu : 11250, memoire PowerShell : 5001 Mo.
[25/08/2026 14:50:08] [INFO] Controle Laura.Sherrin@infopro-digital.com - page 46 traitee, total lu : 11500, memoire PowerShell : 5003 Mo.
[25/08/2026 14:50:12] [INFO] Controle Laura.Sherrin@infopro-digital.com - page 47 traitee, total lu : 11750, memoire PowerShell : 5004 Mo.
[25/08/2026 14:50:16] [INFO] Controle Laura.Sherrin@infopro-digital.com - page 48 traitee, total lu : 12000, memoire PowerShell : 5007 Mo.
[25/08/2026 14:50:19] [INFO] Controle Laura.Sherrin@infopro-digital.com - page 49 traitee, total lu : 12250, memoire PowerShell : 5018 Mo.
[25/08/2026 14:50:24] [INFO] Controle Laura.Sherrin@infopro-digital.com - page 50 traitee, total lu : 12500, memoire PowerShell : 5028 Mo.
[25/08/2026 14:50:26] [INFO] Controle Laura.Sherrin@infopro-digital.com - page 51 traitee, total lu : 12750, memoire PowerShell : 5039 Mo.
[25/08/2026 14:50:30] [INFO] Controle Laura.Sherrin@infopro-digital.com - page 52 traitee, total lu : 13000, memoire PowerShell : 5050 Mo.
[25/08/2026 14:50:33] [INFO] Controle Laura.Sherrin@infopro-digital.com - page 53 traitee, total lu : 13250, memoire PowerShell : 5058 Mo.
[25/08/2026 14:50:37] [INFO] Controle Laura.Sherrin@infopro-digital.com - page 54 traitee, total lu : 13500, memoire PowerShell : 5068 Mo.
[25/08/2026 14:50:39] [INFO] Controle Laura.Sherrin@infopro-digital.com - page 55 traitee, total lu : 13750, memoire PowerShell : 5080 Mo.
[25/08/2026 14:50:41] [INFO] Controle Laura.Sherrin@infopro-digital.com - page 56 traitee, total lu : 14000, memoire PowerShell : 5090 Mo.
[25/08/2026 14:50:44] [INFO] Controle Laura.Sherrin@infopro-digital.com - page 57 traitee, total lu : 14250, memoire PowerShell : 5101 Mo.
[25/08/2026 14:50:48] [INFO] Controle Laura.Sherrin@infopro-digital.com - page 58 traitee, total lu : 14500, memoire PowerShell : 5109 Mo.
[25/08/2026 14:50:51] [INFO] Controle Laura.Sherrin@infopro-digital.com - page 59 traitee, total lu : 14700, memoire PowerShell : 5117 Mo.
[25/08/2026 14:50:51] [INFO] 1 connexion(s) Power BI trouvee(s) pour Laura.Sherrin@infopro-digital.com.
[25/08/2026 14:50:51] [INFO] Controle individuel Entra : leigh.millar@infopro-digital.com - ID 8b2f548e-06db-4fd1-9eeb-49e942cbe6f1
[25/08/2026 14:50:55] [INFO] Controle leigh.millar@infopro-digital.com - page 1 traitee, total lu : 250, memoire PowerShell : 5128 Mo.
[25/08/2026 14:50:59] [INFO] Controle leigh.millar@infopro-digital.com - page 2 traitee, total lu : 500, memoire PowerShell : 5139 Mo.
[25/08/2026 14:51:03] [INFO] Controle leigh.millar@infopro-digital.com - page 3 traitee, total lu : 750, memoire PowerShell : 5147 Mo.
[25/08/2026 14:51:07] [INFO] Controle leigh.millar@infopro-digital.com - page 4 traitee, total lu : 1000, memoire PowerShell : 5159 Mo.
[25/08/2026 14:51:10] [INFO] Controle leigh.millar@infopro-digital.com - page 5 traitee, total lu : 1250, memoire PowerShell : 5170 Mo.
[25/08/2026 14:51:13] [INFO] Controle leigh.millar@infopro-digital.com - page 6 traitee, total lu : 1500, memoire PowerShell : 5178 Mo.
[25/08/2026 14:51:16] [INFO] Controle leigh.millar@infopro-digital.com - page 7 traitee, total lu : 1750, memoire PowerShell : 5190 Mo.
[25/08/2026 14:51:18] [INFO] Controle leigh.millar@infopro-digital.com - page 8 traitee, total lu : 2000, memoire PowerShell : 5201 Mo.
[25/08/2026 14:51:21] [INFO] Controle leigh.millar@infopro-digital.com - page 9 traitee, total lu : 2250, memoire PowerShell : 5221 Mo.
[25/08/2026 14:51:25] [INFO] Controle leigh.millar@infopro-digital.com - page 10 traitee, total lu : 2500, memoire PowerShell : 5243 Mo.
[25/08/2026 14:51:28] [INFO] Controle leigh.millar@infopro-digital.com - page 11 traitee, total lu : 2750, memoire PowerShell : 5267 Mo.
[25/08/2026 14:51:33] [INFO] Controle leigh.millar@infopro-digital.com - page 12 traitee, total lu : 3000, memoire PowerShell : 5051 Mo.
[25/08/2026 14:51:36] [INFO] Controle leigh.millar@infopro-digital.com - page 13 traitee, total lu : 3250, memoire PowerShell : 5050 Mo.
[25/08/2026 14:51:38] [INFO] Controle leigh.millar@infopro-digital.com - page 14 traitee, total lu : 3500, memoire PowerShell : 5052 Mo.
[25/08/2026 14:51:40] [INFO] Controle leigh.millar@infopro-digital.com - page 15 traitee, total lu : 3750, memoire PowerShell : 5052 Mo.
[25/08/2026 14:51:43] [INFO] Controle leigh.millar@infopro-digital.com - page 16 traitee, total lu : 4000, memoire PowerShell : 5050 Mo.
[25/08/2026 14:51:47] [INFO] Controle leigh.millar@infopro-digital.com - page 17 traitee, total lu : 4250, memoire PowerShell : 5050 Mo.
[25/08/2026 14:51:50] [INFO] Controle leigh.millar@infopro-digital.com - page 18 traitee, total lu : 4500, memoire PowerShell : 5052 Mo.
[25/08/2026 14:51:54] [INFO] Controle leigh.millar@infopro-digital.com - page 19 traitee, total lu : 4750, memoire PowerShell : 5053 Mo.
[25/08/2026 14:51:57] [INFO] Controle leigh.millar@infopro-digital.com - page 20 traitee, total lu : 5000, memoire PowerShell : 5055 Mo.
[25/08/2026 14:52:02] [INFO] Controle leigh.millar@infopro-digital.com - page 21 traitee, total lu : 5250, memoire PowerShell : 5046 Mo.
[25/08/2026 14:52:08] [INFO] Controle leigh.millar@infopro-digital.com - page 22 traitee, total lu : 5500, memoire PowerShell : 5044 Mo.
[25/08/2026 14:52:12] [INFO] Controle leigh.millar@infopro-digital.com - page 23 traitee, total lu : 5750, memoire PowerShell : 5046 Mo.
[25/08/2026 14:52:17] [INFO] Controle leigh.millar@infopro-digital.com - page 24 traitee, total lu : 6000, memoire PowerShell : 5044 Mo.
[25/08/2026 14:52:20] [INFO] Controle leigh.millar@infopro-digital.com - page 25 traitee, total lu : 6250, memoire PowerShell : 5046 Mo.
[25/08/2026 14:52:23] [INFO] Controle leigh.millar@infopro-digital.com - page 26 traitee, total lu : 6500, memoire PowerShell : 5047 Mo.
[25/08/2026 14:52:25] [INFO] Controle leigh.millar@infopro-digital.com - page 27 traitee, total lu : 6750, memoire PowerShell : 5045 Mo.
[25/08/2026 14:52:29] [INFO] Controle leigh.millar@infopro-digital.com - page 28 traitee, total lu : 7000, memoire PowerShell : 5053 Mo.
[25/08/2026 14:52:32] [INFO] Controle leigh.millar@infopro-digital.com - page 29 traitee, total lu : 7250, memoire PowerShell : 5063 Mo.
[25/08/2026 14:52:36] [INFO] Controle leigh.millar@infopro-digital.com - page 30 traitee, total lu : 7500, memoire PowerShell : 5071 Mo.
[25/08/2026 14:52:38] [INFO] Controle leigh.millar@infopro-digital.com - page 31 traitee, total lu : 7750, memoire PowerShell : 5083 Mo.
[25/08/2026 14:52:41] [INFO] Controle leigh.millar@infopro-digital.com - page 32 traitee, total lu : 8000, memoire PowerShell : 5094 Mo.
[25/08/2026 14:52:43] [INFO] Controle leigh.millar@infopro-digital.com - page 33 traitee, total lu : 8250, memoire PowerShell : 5103 Mo.
[25/08/2026 14:52:46] [INFO] Controle leigh.millar@infopro-digital.com - page 34 traitee, total lu : 8500, memoire PowerShell : 5113 Mo.
[25/08/2026 14:52:49] [INFO] Controle leigh.millar@infopro-digital.com - page 35 traitee, total lu : 8750, memoire PowerShell : 5124 Mo.
[25/08/2026 14:52:51] [INFO] Controle leigh.millar@infopro-digital.com - page 36 traitee, total lu : 9000, memoire PowerShell : 5135 Mo.
[25/08/2026 14:52:53] [INFO] Controle leigh.millar@infopro-digital.com - page 37 traitee, total lu : 9250, memoire PowerShell : 5143 Mo.
[25/08/2026 14:52:57] [INFO] Controle leigh.millar@infopro-digital.com - page 38 traitee, total lu : 9261, memoire PowerShell : 5144 Mo.
[25/08/2026 14:52:58] [INFO] Aucune connexion Power BI trouvee pour leigh.millar@infopro-digital.com pendant le controle individuel.
[25/08/2026 14:52:58] [INFO] Controle individuel Entra : lourenco.gaspar@infopro-digital.com - ID e4aab8ce-54e2-4f75-9fa3-54aedfc9c22e
[25/08/2026 14:53:01] [INFO] Controle lourenco.gaspar@infopro-digital.com - page 1 traitee, total lu : 250, memoire PowerShell : 5155 Mo.
[25/08/2026 14:53:04] [INFO] Controle lourenco.gaspar@infopro-digital.com - page 2 traitee, total lu : 500, memoire PowerShell : 5165 Mo.
[25/08/2026 14:53:08] [INFO] Controle lourenco.gaspar@infopro-digital.com - page 3 traitee, total lu : 750, memoire PowerShell : 5175 Mo.
[25/08/2026 14:53:12] [INFO] Controle lourenco.gaspar@infopro-digital.com - page 4 traitee, total lu : 1000, memoire PowerShell : 5186 Mo.
[25/08/2026 14:53:17] [INFO] Controle lourenco.gaspar@infopro-digital.com - page 5 traitee, total lu : 1250, memoire PowerShell : 5194 Mo.
[25/08/2026 14:53:23] [INFO] Controle lourenco.gaspar@infopro-digital.com - page 6 traitee, total lu : 1500, memoire PowerShell : 5204 Mo.
[25/08/2026 14:53:26] [INFO] Controle lourenco.gaspar@infopro-digital.com - page 7 traitee, total lu : 1750, memoire PowerShell : 5216 Mo.
[25/08/2026 14:53:29] [INFO] Controle lourenco.gaspar@infopro-digital.com - page 8 traitee, total lu : 2000, memoire PowerShell : 5226 Mo.
[25/08/2026 14:53:37] [INFO] Controle lourenco.gaspar@infopro-digital.com - page 9 traitee, total lu : 2250, memoire PowerShell : 5237 Mo.
[25/08/2026 14:53:42] [INFO] Controle lourenco.gaspar@infopro-digital.com - page 10 traitee, total lu : 2500, memoire PowerShell : 5135 Mo.
[25/08/2026 14:53:47] [INFO] Controle lourenco.gaspar@infopro-digital.com - page 11 traitee, total lu : 2750, memoire PowerShell : 5135 Mo.
[25/08/2026 14:53:49] [INFO] Controle lourenco.gaspar@infopro-digital.com - page 12 traitee, total lu : 3000, memoire PowerShell : 5136 Mo.
[25/08/2026 14:53:53] [INFO] Controle lourenco.gaspar@infopro-digital.com - page 13 traitee, total lu : 3250, memoire PowerShell : 5136 Mo.
[25/08/2026 14:53:56] [INFO] Controle lourenco.gaspar@infopro-digital.com - page 14 traitee, total lu : 3500, memoire PowerShell : 5138 Mo.
[25/08/2026 14:53:59] [INFO] Controle lourenco.gaspar@infopro-digital.com - page 15 traitee, total lu : 3750, memoire PowerShell : 5139 Mo.
[25/08/2026 14:54:02] [INFO] Controle lourenco.gaspar@infopro-digital.com - page 16 traitee, total lu : 4000, memoire PowerShell : 5141 Mo.
[25/08/2026 14:54:05] [INFO] Controle lourenco.gaspar@infopro-digital.com - page 17 traitee, total lu : 4250, memoire PowerShell : 5142 Mo.
[25/08/2026 14:54:07] [INFO] Controle lourenco.gaspar@infopro-digital.com - page 18 traitee, total lu : 4500, memoire PowerShell : 5143 Mo.
[25/08/2026 14:54:11] [INFO] Controle lourenco.gaspar@infopro-digital.com - page 19 traitee, total lu : 4750, memoire PowerShell : 5144 Mo.
[25/08/2026 14:54:15] [INFO] Controle lourenco.gaspar@infopro-digital.com - page 20 traitee, total lu : 5000, memoire PowerShell : 5141 Mo.
[25/08/2026 14:54:21] [INFO] Controle lourenco.gaspar@infopro-digital.com - page 21 traitee, total lu : 5250, memoire PowerShell : 5072 Mo.
[25/08/2026 14:54:28] [INFO] Controle lourenco.gaspar@infopro-digital.com - page 22 traitee, total lu : 5500, memoire PowerShell : 5070 Mo.
[25/08/2026 14:54:31] [INFO] Controle lourenco.gaspar@infopro-digital.com - page 23 traitee, total lu : 5750, memoire PowerShell : 5072 Mo.
[25/08/2026 14:54:33] [INFO] Controle lourenco.gaspar@infopro-digital.com - page 24 traitee, total lu : 6000, memoire PowerShell : 5072 Mo.
[25/08/2026 14:54:35] [INFO] Controle lourenco.gaspar@infopro-digital.com - page 25 traitee, total lu : 6250, memoire PowerShell : 5072 Mo.
[25/08/2026 14:54:43] [INFO] Controle lourenco.gaspar@infopro-digital.com - page 26 traitee, total lu : 6500, memoire PowerShell : 5070 Mo.
[25/08/2026 14:54:46] [INFO] Controle lourenco.gaspar@infopro-digital.com - page 27 traitee, total lu : 6750, memoire PowerShell : 5071 Mo.
[25/08/2026 14:54:48] [INFO] Controle lourenco.gaspar@infopro-digital.com - page 28 traitee, total lu : 7000, memoire PowerShell : 5072 Mo.
[25/08/2026 14:54:50] [INFO] Controle lourenco.gaspar@infopro-digital.com - page 29 traitee, total lu : 7250, memoire PowerShell : 5072 Mo.
[25/08/2026 14:54:54] [INFO] Controle lourenco.gaspar@infopro-digital.com - page 30 traitee, total lu : 7500, memoire PowerShell : 5073 Mo.
[25/08/2026 14:54:58] [INFO] Controle lourenco.gaspar@infopro-digital.com - page 31 traitee, total lu : 7750, memoire PowerShell : 5070 Mo.
[25/08/2026 14:55:00] [INFO] Controle lourenco.gaspar@infopro-digital.com - page 32 traitee, total lu : 8000, memoire PowerShell : 5077 Mo.
[25/08/2026 14:55:06] [INFO] Controle lourenco.gaspar@infopro-digital.com - page 33 traitee, total lu : 8250, memoire PowerShell : 5088 Mo.
[25/08/2026 14:55:09] [INFO] Controle lourenco.gaspar@infopro-digital.com - page 34 traitee, total lu : 8500, memoire PowerShell : 5098 Mo.
[25/08/2026 14:55:11] [INFO] Controle lourenco.gaspar@infopro-digital.com - page 35 traitee, total lu : 8750, memoire PowerShell : 5106 Mo.
[25/08/2026 14:55:12] [INFO] Controle lourenco.gaspar@infopro-digital.com - page 36 traitee, total lu : 8789, memoire PowerShell : 5109 Mo.
[25/08/2026 14:55:12] [INFO] Aucune connexion Power BI trouvee pour lourenco.gaspar@infopro-digital.com pendant le controle individuel.
[25/08/2026 14:55:12] [INFO] Controle individuel Entra : ludovic.manigot@infopro-digital.com - ID d2935e2a-61b8-49c3-a87d-07a8d1ebb075
[25/08/2026 14:55:23] [INFO] Controle ludovic.manigot@infopro-digital.com - page 1 traitee, total lu : 196, memoire PowerShell : 5114 Mo.
[25/08/2026 14:55:23] [INFO] Aucune connexion Power BI trouvee pour ludovic.manigot@infopro-digital.com pendant le controle individuel.
[25/08/2026 14:55:23] [INFO] Controle individuel Entra : marc.crauffon@infopro-digital.com - ID 11d234fe-bcf8-49fb-9009-1c12f9726087
[25/08/2026 14:55:26] [INFO] Controle marc.crauffon@infopro-digital.com - page 1 traitee, total lu : 250, memoire PowerShell : 5127 Mo.
[25/08/2026 14:55:30] [INFO] Controle marc.crauffon@infopro-digital.com - page 2 traitee, total lu : 500, memoire PowerShell : 5135 Mo.
[25/08/2026 14:55:32] [INFO] Controle marc.crauffon@infopro-digital.com - page 3 traitee, total lu : 750, memoire PowerShell : 5145 Mo.
[25/08/2026 14:55:34] [INFO] Controle marc.crauffon@infopro-digital.com - page 4 traitee, total lu : 1000, memoire PowerShell : 5155 Mo.
[25/08/2026 14:55:38] [INFO] Controle marc.crauffon@infopro-digital.com - page 5 traitee, total lu : 1250, memoire PowerShell : 5166 Mo.
[25/08/2026 14:55:42] [INFO] Controle marc.crauffon@infopro-digital.com - page 6 traitee, total lu : 1500, memoire PowerShell : 5177 Mo.
[25/08/2026 14:55:44] [INFO] Controle marc.crauffon@infopro-digital.com - page 7 traitee, total lu : 1750, memoire PowerShell : 5187 Mo.
[25/08/2026 14:55:47] [INFO] Controle marc.crauffon@infopro-digital.com - page 8 traitee, total lu : 2000, memoire PowerShell : 5197 Mo.
[25/08/2026 14:55:50] [INFO] Controle marc.crauffon@infopro-digital.com - page 9 traitee, total lu : 2250, memoire PowerShell : 5208 Mo.
[25/08/2026 14:55:58] [INFO] Controle marc.crauffon@infopro-digital.com - page 10 traitee, total lu : 2500, memoire PowerShell : 5216 Mo.
[25/08/2026 14:56:02] [INFO] Controle marc.crauffon@infopro-digital.com - page 11 traitee, total lu : 2750, memoire PowerShell : 5113 Mo.
[25/08/2026 14:56:09] [INFO] Controle marc.crauffon@infopro-digital.com - page 12 traitee, total lu : 3000, memoire PowerShell : 5113 Mo.
[25/08/2026 14:56:57] [INFO] Controle marc.crauffon@infopro-digital.com - page 13 traitee, total lu : 3250, memoire PowerShell : 5113 Mo.
[25/08/2026 14:57:00] [INFO] Controle marc.crauffon@infopro-digital.com - page 14 traitee, total lu : 3500, memoire PowerShell : 5113 Mo.
[25/08/2026 14:57:03] [INFO] Controle marc.crauffon@infopro-digital.com - page 15 traitee, total lu : 3750, memoire PowerShell : 5113 Mo.
[25/08/2026 14:57:10] [INFO] Controle marc.crauffon@infopro-digital.com - page 16 traitee, total lu : 4000, memoire PowerShell : 5110 Mo.
[25/08/2026 14:57:13] [INFO] Controle marc.crauffon@infopro-digital.com - page 17 traitee, total lu : 4250, memoire PowerShell : 5114 Mo.
[25/08/2026 14:57:15] [INFO] Controle marc.crauffon@infopro-digital.com - page 18 traitee, total lu : 4500, memoire PowerShell : 5111 Mo.
[25/08/2026 14:57:17] [INFO] Controle marc.crauffon@infopro-digital.com - page 19 traitee, total lu : 4750, memoire PowerShell : 5113 Mo.
[25/08/2026 14:57:20] [INFO] Controle marc.crauffon@infopro-digital.com - page 20 traitee, total lu : 5000, memoire PowerShell : 5111 Mo.
[25/08/2026 14:57:29] [INFO] Controle marc.crauffon@infopro-digital.com - page 21 traitee, total lu : 5250, memoire PowerShell : 5077 Mo.
[25/08/2026 14:57:32] [INFO] Controle marc.crauffon@infopro-digital.com - page 22 traitee, total lu : 5500, memoire PowerShell : 5075 Mo.
[25/08/2026 14:57:34] [INFO] Controle marc.crauffon@infopro-digital.com - page 23 traitee, total lu : 5750, memoire PowerShell : 5075 Mo.
[25/08/2026 14:57:36] [INFO] Controle marc.crauffon@infopro-digital.com - page 24 traitee, total lu : 6000, memoire PowerShell : 5075 Mo.
[25/08/2026 14:57:40] [INFO] Controle marc.crauffon@infopro-digital.com - page 25 traitee, total lu : 6250, memoire PowerShell : 5076 Mo.
[25/08/2026 14:57:44] [INFO] Controle marc.crauffon@infopro-digital.com - page 26 traitee, total lu : 6500, memoire PowerShell : 5076 Mo.
[25/08/2026 14:57:46] [INFO] Controle marc.crauffon@infopro-digital.com - page 27 traitee, total lu : 6750, memoire PowerShell : 5076 Mo.
[25/08/2026 14:57:49] [INFO] Controle marc.crauffon@infopro-digital.com - page 28 traitee, total lu : 7000, memoire PowerShell : 5077 Mo.
[25/08/2026 14:57:52] [INFO] Controle marc.crauffon@infopro-digital.com - page 29 traitee, total lu : 7250, memoire PowerShell : 5075 Mo.
[25/08/2026 14:57:55] [INFO] Controle marc.crauffon@infopro-digital.com - page 30 traitee, total lu : 7500, memoire PowerShell : 5075 Mo.
[25/08/2026 14:57:57] [INFO] Controle marc.crauffon@infopro-digital.com - page 31 traitee, total lu : 7750, memoire PowerShell : 5076 Mo.
[25/08/2026 14:58:00] [INFO] Controle marc.crauffon@infopro-digital.com - page 32 traitee, total lu : 8000, memoire PowerShell : 5081 Mo.
[25/08/2026 14:58:03] [INFO] Controle marc.crauffon@infopro-digital.com - page 33 traitee, total lu : 8250, memoire PowerShell : 5092 Mo.
[25/08/2026 14:58:04] [INFO] Controle marc.crauffon@infopro-digital.com - page 34 traitee, total lu : 8500, memoire PowerShell : 5102 Mo.
[25/08/2026 14:58:07] [INFO] Controle marc.crauffon@infopro-digital.com - page 35 traitee, total lu : 8750, memoire PowerShell : 5113 Mo.
[25/08/2026 14:58:10] [INFO] Controle marc.crauffon@infopro-digital.com - page 36 traitee, total lu : 9000, memoire PowerShell : 5120 Mo.
[25/08/2026 14:58:12] [INFO] Controle marc.crauffon@infopro-digital.com - page 37 traitee, total lu : 9250, memoire PowerShell : 5131 Mo.
[25/08/2026 14:58:16] [INFO] Controle marc.crauffon@infopro-digital.com - page 38 traitee, total lu : 9500, memoire PowerShell : 5142 Mo.
[25/08/2026 14:58:20] [INFO] Controle marc.crauffon@infopro-digital.com - page 39 traitee, total lu : 9750, memoire PowerShell : 5152 Mo.
[25/08/2026 14:58:22] [INFO] Controle marc.crauffon@infopro-digital.com - page 40 traitee, total lu : 10000, memoire PowerShell : 5163 Mo.
[25/08/2026 14:58:28] [INFO] Controle marc.crauffon@infopro-digital.com - page 41 traitee, total lu : 10250, memoire PowerShell : 5083 Mo.
[25/08/2026 14:58:30] [INFO] Controle marc.crauffon@infopro-digital.com - page 42 traitee, total lu : 10500, memoire PowerShell : 5080 Mo.
[25/08/2026 14:58:33] [INFO] Controle marc.crauffon@infopro-digital.com - page 43 traitee, total lu : 10750, memoire PowerShell : 5080 Mo.
[25/08/2026 14:58:36] [INFO] Controle marc.crauffon@infopro-digital.com - page 44 traitee, total lu : 11000, memoire PowerShell : 5082 Mo.
[25/08/2026 14:58:41] [INFO] Controle marc.crauffon@infopro-digital.com - page 45 traitee, total lu : 11250, memoire PowerShell : 5080 Mo.
[25/08/2026 14:58:44] [INFO] Controle marc.crauffon@infopro-digital.com - page 46 traitee, total lu : 11500, memoire PowerShell : 5080 Mo.
[25/08/2026 14:58:48] [INFO] Controle marc.crauffon@infopro-digital.com - page 47 traitee, total lu : 11750, memoire PowerShell : 5080 Mo.
[25/08/2026 14:58:51] [INFO] Controle marc.crauffon@infopro-digital.com - page 48 traitee, total lu : 12000, memoire PowerShell : 5082 Mo.
[25/08/2026 14:58:53] [INFO] Controle marc.crauffon@infopro-digital.com - page 49 traitee, total lu : 12250, memoire PowerShell : 5081 Mo.
[25/08/2026 14:58:57] [INFO] Controle marc.crauffon@infopro-digital.com - page 50 traitee, total lu : 12500, memoire PowerShell : 5082 Mo.
[25/08/2026 14:59:03] [INFO] Controle marc.crauffon@infopro-digital.com - page 51 traitee, total lu : 12750, memoire PowerShell : 5082 Mo.
[25/08/2026 14:59:06] [INFO] Controle marc.crauffon@infopro-digital.com - page 52 traitee, total lu : 13000, memoire PowerShell : 5088 Mo.
[25/08/2026 14:59:09] [INFO] Controle marc.crauffon@infopro-digital.com - page 53 traitee, total lu : 13250, memoire PowerShell : 5098 Mo.
[25/08/2026 14:59:13] [INFO] Controle marc.crauffon@infopro-digital.com - page 54 traitee, total lu : 13500, memoire PowerShell : 5106 Mo.
[25/08/2026 14:59:15] [INFO] Controle marc.crauffon@infopro-digital.com - page 55 traitee, total lu : 13750, memoire PowerShell : 5118 Mo.
[25/08/2026 14:59:17] [INFO] Controle marc.crauffon@infopro-digital.com - page 56 traitee, total lu : 14000, memoire PowerShell : 5128 Mo.
[25/08/2026 14:59:22] [INFO] Controle marc.crauffon@infopro-digital.com - page 57 traitee, total lu : 14250, memoire PowerShell : 5138 Mo.
[25/08/2026 14:59:25] [INFO] Controle marc.crauffon@infopro-digital.com - page 58 traitee, total lu : 14500, memoire PowerShell : 5149 Mo.
[25/08/2026 14:59:27] [INFO] Controle marc.crauffon@infopro-digital.com - page 59 traitee, total lu : 14750, memoire PowerShell : 5157 Mo.
[25/08/2026 14:59:30] [INFO] Controle marc.crauffon@infopro-digital.com - page 60 traitee, total lu : 15000, memoire PowerShell : 5168 Mo.
[25/08/2026 14:59:36] [INFO] Controle marc.crauffon@infopro-digital.com - page 61 traitee, total lu : 15250, memoire PowerShell : 5089 Mo.
[25/08/2026 14:59:39] [INFO] Controle marc.crauffon@infopro-digital.com - page 62 traitee, total lu : 15500, memoire PowerShell : 5087 Mo.
[25/08/2026 14:59:43] [INFO] Controle marc.crauffon@infopro-digital.com - page 63 traitee, total lu : 15750, memoire PowerShell : 5088 Mo.
[25/08/2026 14:59:45] [INFO] Controle marc.crauffon@infopro-digital.com - page 64 traitee, total lu : 15808, memoire PowerShell : 5084 Mo.
[25/08/2026 14:59:46] [INFO] 1 connexion(s) Power BI trouvee(s) pour marc.crauffon@infopro-digital.com.
[25/08/2026 14:59:46] [INFO] Controle individuel Entra : Martynn.Randall@infopro-digital.com - ID f8dd752a-e742-4c21-8a0c-8a7d540ccebc
[25/08/2026 14:59:53] [INFO] Controle Martynn.Randall@infopro-digital.com - page 1 traitee, total lu : 0, memoire PowerShell : 5085 Mo.
[25/08/2026 14:59:53] [INFO] Aucune connexion Power BI trouvee pour Martynn.Randall@infopro-digital.com pendant le controle individuel.
[25/08/2026 14:59:53] [INFO] Controle individuel Entra : matt.crabtree_positivemomentum.com#EXT#@infoprodigital365.onmicrosoft.com - ID 5473f6d0-9d5e-4116-b570-e55e3dc1834c
[25/08/2026 15:00:01] [INFO] Controle matt.crabtree_positivemomentum.com#EXT#@infoprodigital365.onmicrosoft.com - page 1 traitee, total lu : 37, memoire PowerShell : 5086 Mo.
[25/08/2026 15:00:01] [INFO] Aucune connexion Power BI trouvee pour matt.crabtree_positivemomentum.com#EXT#@infoprodigital365.onmicrosoft.com pendant le controle individuel.
[25/08/2026 15:00:01] [INFO] Controle individuel Entra : maureen.quintin@infopro-digital.com - ID fe8ac7b0-c657-443c-828b-bf4bf3a0d78e
[25/08/2026 15:00:09] [INFO] Controle maureen.quintin@infopro-digital.com - page 1 traitee, total lu : 250, memoire PowerShell : 5089 Mo.
[25/08/2026 15:00:14] [INFO] Controle maureen.quintin@infopro-digital.com - page 2 traitee, total lu : 297, memoire PowerShell : 5084 Mo.
[25/08/2026 15:00:14] [INFO] Aucune connexion Power BI trouvee pour maureen.quintin@infopro-digital.com pendant le controle individuel.
[25/08/2026 15:00:14] [INFO] Controle individuel Entra : Michael.Setters@infopro-digital.com - ID d87c5503-f17f-47c8-8d71-988058766c9b
[25/08/2026 15:00:26] [INFO] Controle Michael.Setters@infopro-digital.com - page 1 traitee, total lu : 139, memoire PowerShell : 5085 Mo.
[25/08/2026 15:00:26] [INFO] Aucune connexion Power BI trouvee pour Michael.Setters@infopro-digital.com pendant le controle individuel.
[25/08/2026 15:00:26] [INFO] Controle individuel Entra : Naomi.Castellanos@infopro-digital.com - ID d5f05276-1f49-4ed2-b1d6-e30a7e220c76
[25/08/2026 15:00:31] [INFO] Controle Naomi.Castellanos@infopro-digital.com - page 1 traitee, total lu : 250, memoire PowerShell : 5088 Mo.
[25/08/2026 15:00:34] [INFO] Controle Naomi.Castellanos@infopro-digital.com - page 2 traitee, total lu : 500, memoire PowerShell : 5089 Mo.
[25/08/2026 15:00:37] [INFO] Controle Naomi.Castellanos@infopro-digital.com - page 3 traitee, total lu : 750, memoire PowerShell : 5087 Mo.
[25/08/2026 15:00:41] [INFO] Controle Naomi.Castellanos@infopro-digital.com - page 4 traitee, total lu : 1000, memoire PowerShell : 5088 Mo.
[25/08/2026 15:00:45] [INFO] Controle Naomi.Castellanos@infopro-digital.com - page 5 traitee, total lu : 1250, memoire PowerShell : 5089 Mo.
[25/08/2026 15:00:49] [INFO] Controle Naomi.Castellanos@infopro-digital.com - page 6 traitee, total lu : 1500, memoire PowerShell : 5087 Mo.
[25/08/2026 15:00:52] [INFO] Controle Naomi.Castellanos@infopro-digital.com - page 7 traitee, total lu : 1750, memoire PowerShell : 5097 Mo.
[25/08/2026 15:00:55] [INFO] Controle Naomi.Castellanos@infopro-digital.com - page 8 traitee, total lu : 2000, memoire PowerShell : 5104 Mo.
[25/08/2026 15:00:58] [INFO] Controle Naomi.Castellanos@infopro-digital.com - page 9 traitee, total lu : 2250, memoire PowerShell : 5116 Mo.
[25/08/2026 15:01:01] [INFO] Controle Naomi.Castellanos@infopro-digital.com - page 10 traitee, total lu : 2500, memoire PowerShell : 5127 Mo.
[25/08/2026 15:01:05] [INFO] Controle Naomi.Castellanos@infopro-digital.com - page 11 traitee, total lu : 2750, memoire PowerShell : 5136 Mo.
[25/08/2026 15:01:11] [INFO] Controle Naomi.Castellanos@infopro-digital.com - page 12 traitee, total lu : 3000, memoire PowerShell : 5147 Mo.
[25/08/2026 15:01:15] [INFO] Controle Naomi.Castellanos@infopro-digital.com - page 13 traitee, total lu : 3250, memoire PowerShell : 5101 Mo.
[25/08/2026 15:01:17] [INFO] Controle Naomi.Castellanos@infopro-digital.com - page 14 traitee, total lu : 3500, memoire PowerShell : 5100 Mo.
[25/08/2026 15:01:20] [INFO] Controle Naomi.Castellanos@infopro-digital.com - page 15 traitee, total lu : 3750, memoire PowerShell : 5101 Mo.
[25/08/2026 15:01:23] [INFO] Controle Naomi.Castellanos@infopro-digital.com - page 16 traitee, total lu : 4000, memoire PowerShell : 5102 Mo.
[25/08/2026 15:01:25] [INFO] Controle Naomi.Castellanos@infopro-digital.com - page 17 traitee, total lu : 4250, memoire PowerShell : 5100 Mo.
[25/08/2026 15:01:30] [INFO] Controle Naomi.Castellanos@infopro-digital.com - page 18 traitee, total lu : 4500, memoire PowerShell : 5102 Mo.
[25/08/2026 15:01:32] [INFO] Controle Naomi.Castellanos@infopro-digital.com - page 19 traitee, total lu : 4750, memoire PowerShell : 5103 Mo.
[25/08/2026 15:01:35] [INFO] Controle Naomi.Castellanos@infopro-digital.com - page 20 traitee, total lu : 5000, memoire PowerShell : 5102 Mo.
[25/08/2026 15:01:41] [INFO] Controle Naomi.Castellanos@infopro-digital.com - page 21 traitee, total lu : 5250, memoire PowerShell : 5095 Mo.
[25/08/2026 15:01:42] [INFO] Controle Naomi.Castellanos@infopro-digital.com - page 22 traitee, total lu : 5500, memoire PowerShell : 5093 Mo.
[25/08/2026 15:01:48] [INFO] Controle Naomi.Castellanos@infopro-digital.com - page 23 traitee, total lu : 5750, memoire PowerShell : 5095 Mo.
[25/08/2026 15:01:51] [INFO] Controle Naomi.Castellanos@infopro-digital.com - page 24 traitee, total lu : 6000, memoire PowerShell : 5094 Mo.
[25/08/2026 15:01:53] [INFO] Controle Naomi.Castellanos@infopro-digital.com - page 25 traitee, total lu : 6250, memoire PowerShell : 5094 Mo.
[25/08/2026 15:01:57] [INFO] Controle Naomi.Castellanos@infopro-digital.com - page 26 traitee, total lu : 6500, memoire PowerShell : 5095 Mo.
[25/08/2026 15:02:02] [INFO] Controle Naomi.Castellanos@infopro-digital.com - page 27 traitee, total lu : 6750, memoire PowerShell : 5093 Mo.
[25/08/2026 15:02:05] [INFO] Controle Naomi.Castellanos@infopro-digital.com - page 28 traitee, total lu : 7000, memoire PowerShell : 5095 Mo.
[25/08/2026 15:02:09] [INFO] Controle Naomi.Castellanos@infopro-digital.com - page 29 traitee, total lu : 7250, memoire PowerShell : 5093 Mo.
[25/08/2026 15:02:12] [INFO] Controle Naomi.Castellanos@infopro-digital.com - page 30 traitee, total lu : 7500, memoire PowerShell : 5094 Mo.
[25/08/2026 15:02:15] [INFO] Controle Naomi.Castellanos@infopro-digital.com - page 31 traitee, total lu : 7750, memoire PowerShell : 5095 Mo.
[25/08/2026 15:02:19] [INFO] Controle Naomi.Castellanos@infopro-digital.com - page 32 traitee, total lu : 8000, memoire PowerShell : 5100 Mo.
[25/08/2026 15:02:22] [INFO] Controle Naomi.Castellanos@infopro-digital.com - page 33 traitee, total lu : 8250, memoire PowerShell : 5112 Mo.
[25/08/2026 15:02:24] [INFO] Controle Naomi.Castellanos@infopro-digital.com - page 34 traitee, total lu : 8500, memoire PowerShell : 5120 Mo.
[25/08/2026 15:02:31] [INFO] Controle Naomi.Castellanos@infopro-digital.com - page 35 traitee, total lu : 8750, memoire PowerShell : 5132 Mo.
[25/08/2026 15:02:34] [INFO] Controle Naomi.Castellanos@infopro-digital.com - page 36 traitee, total lu : 9000, memoire PowerShell : 5141 Mo.
[25/08/2026 15:02:36] [INFO] Controle Naomi.Castellanos@infopro-digital.com - page 37 traitee, total lu : 9001, memoire PowerShell : 5141 Mo.
[25/08/2026 15:02:36] [INFO] 2 connexion(s) Power BI trouvee(s) pour Naomi.Castellanos@infopro-digital.com.
[25/08/2026 15:02:36] [INFO] Controle individuel Entra : Nathanael.Coke@infopro-digital.com - ID 1ed7ec5f-d194-4390-818a-2d76b74dd85c
[25/08/2026 15:02:43] [INFO] Controle Nathanael.Coke@infopro-digital.com - page 1 traitee, total lu : 250, memoire PowerShell : 5153 Mo.
[25/08/2026 15:02:46] [INFO] Controle Nathanael.Coke@infopro-digital.com - page 2 traitee, total lu : 500, memoire PowerShell : 5161 Mo.
[25/08/2026 15:02:52] [INFO] Controle Nathanael.Coke@infopro-digital.com - page 3 traitee, total lu : 750, memoire PowerShell : 5172 Mo.
[25/08/2026 15:02:55] [INFO] Controle Nathanael.Coke@infopro-digital.com - page 4 traitee, total lu : 1000, memoire PowerShell : 5183 Mo.
[25/08/2026 15:03:00] [INFO] Controle Nathanael.Coke@infopro-digital.com - page 5 traitee, total lu : 1250, memoire PowerShell : 5193 Mo.
[25/08/2026 15:03:06] [INFO] Controle Nathanael.Coke@infopro-digital.com - page 6 traitee, total lu : 1500, memoire PowerShell : 5203 Mo.
[25/08/2026 15:03:22] [INFO] Controle Nathanael.Coke@infopro-digital.com - page 7 traitee, total lu : 1750, memoire PowerShell : 5211 Mo.
[25/08/2026 15:03:38] [INFO] Controle Nathanael.Coke@infopro-digital.com - page 8 traitee, total lu : 2000, memoire PowerShell : 5109 Mo.
[25/08/2026 15:03:42] [INFO] Controle Nathanael.Coke@infopro-digital.com - page 9 traitee, total lu : 2250, memoire PowerShell : 5108 Mo.
[25/08/2026 15:03:52] [INFO] Controle Nathanael.Coke@infopro-digital.com - page 10 traitee, total lu : 2500, memoire PowerShell : 5109 Mo.
[25/08/2026 15:03:59] [INFO] Controle Nathanael.Coke@infopro-digital.com - page 11 traitee, total lu : 2750, memoire PowerShell : 5108 Mo.
[25/08/2026 15:04:04] [INFO] Controle Nathanael.Coke@infopro-digital.com - page 12 traitee, total lu : 3000, memoire PowerShell : 5109 Mo.
[25/08/2026 15:04:10] [INFO] Controle Nathanael.Coke@infopro-digital.com - page 13 traitee, total lu : 3250, memoire PowerShell : 5109 Mo.
[25/08/2026 15:04:14] [INFO] Controle Nathanael.Coke@infopro-digital.com - page 14 traitee, total lu : 3500, memoire PowerShell : 5109 Mo.
[25/08/2026 15:04:18] [INFO] Controle Nathanael.Coke@infopro-digital.com - page 15 traitee, total lu : 3750, memoire PowerShell : 5110 Mo.
[25/08/2026 15:04:22] [INFO] Controle Nathanael.Coke@infopro-digital.com - page 16 traitee, total lu : 4000, memoire PowerShell : 5108 Mo.
[25/08/2026 15:04:29] [INFO] Controle Nathanael.Coke@infopro-digital.com - page 17 traitee, total lu : 4250, memoire PowerShell : 5108 Mo.
[25/08/2026 15:04:34] [INFO] Controle Nathanael.Coke@infopro-digital.com - page 18 traitee, total lu : 4500, memoire PowerShell : 5109 Mo.
[25/08/2026 15:04:38] [INFO] Controle Nathanael.Coke@infopro-digital.com - page 19 traitee, total lu : 4750, memoire PowerShell : 5109 Mo.
[25/08/2026 15:04:45] [INFO] Controle Nathanael.Coke@infopro-digital.com - page 20 traitee, total lu : 5000, memoire PowerShell : 5119 Mo.
[25/08/2026 15:04:51] [INFO] Controle Nathanael.Coke@infopro-digital.com - page 21 traitee, total lu : 5250, memoire PowerShell : 5101 Mo.
[25/08/2026 15:04:56] [INFO] Controle Nathanael.Coke@infopro-digital.com - page 22 traitee, total lu : 5500, memoire PowerShell : 5099 Mo.
[25/08/2026 15:05:01] [INFO] Controle Nathanael.Coke@infopro-digital.com - page 23 traitee, total lu : 5750, memoire PowerShell : 5100 Mo.
[25/08/2026 15:05:04] [INFO] Controle Nathanael.Coke@infopro-digital.com - page 24 traitee, total lu : 6000, memoire PowerShell : 5100 Mo.
[25/08/2026 15:05:09] [INFO] Controle Nathanael.Coke@infopro-digital.com - page 25 traitee, total lu : 6250, memoire PowerShell : 5100 Mo.
[25/08/2026 15:05:11] [INFO] Controle Nathanael.Coke@infopro-digital.com - page 26 traitee, total lu : 6500, memoire PowerShell : 5101 Mo.
[25/08/2026 15:05:13] [INFO] Controle Nathanael.Coke@infopro-digital.com - page 27 traitee, total lu : 6750, memoire PowerShell : 5101 Mo.
[25/08/2026 15:05:16] [INFO] Controle Nathanael.Coke@infopro-digital.com - page 28 traitee, total lu : 7000, memoire PowerShell : 5099 Mo.
[25/08/2026 15:05:19] [INFO] Controle Nathanael.Coke@infopro-digital.com - page 29 traitee, total lu : 7250, memoire PowerShell : 5100 Mo.
[25/08/2026 15:05:22] [INFO] Controle Nathanael.Coke@infopro-digital.com - page 30 traitee, total lu : 7500, memoire PowerShell : 5100 Mo.
[25/08/2026 15:05:27] [INFO] Controle Nathanael.Coke@infopro-digital.com - page 31 traitee, total lu : 7750, memoire PowerShell : 5101 Mo.
[25/08/2026 15:05:30] [INFO] Controle Nathanael.Coke@infopro-digital.com - page 32 traitee, total lu : 8000, memoire PowerShell : 5107 Mo.
[25/08/2026 15:05:33] [INFO] Controle Nathanael.Coke@infopro-digital.com - page 33 traitee, total lu : 8250, memoire PowerShell : 5115 Mo.
[25/08/2026 15:05:36] [INFO] Controle Nathanael.Coke@infopro-digital.com - page 34 traitee, total lu : 8500, memoire PowerShell : 5125 Mo.
[25/08/2026 15:05:39] [INFO] Controle Nathanael.Coke@infopro-digital.com - page 35 traitee, total lu : 8750, memoire PowerShell : 5137 Mo.
[25/08/2026 15:05:43] [INFO] Controle Nathanael.Coke@infopro-digital.com - page 36 traitee, total lu : 9000, memoire PowerShell : 5147 Mo.
[25/08/2026 15:05:48] [INFO] Controle Nathanael.Coke@infopro-digital.com - page 37 traitee, total lu : 9250, memoire PowerShell : 5157 Mo.
[25/08/2026 15:05:53] [INFO] Controle Nathanael.Coke@infopro-digital.com - page 38 traitee, total lu : 9500, memoire PowerShell : 5165 Mo.
[25/08/2026 15:05:56] [INFO] Controle Nathanael.Coke@infopro-digital.com - page 39 traitee, total lu : 9750, memoire PowerShell : 5176 Mo.
[25/08/2026 15:05:59] [INFO] Controle Nathanael.Coke@infopro-digital.com - page 40 traitee, total lu : 10000, memoire PowerShell : 5187 Mo.
[25/08/2026 15:06:05] [INFO] Controle Nathanael.Coke@infopro-digital.com - page 41 traitee, total lu : 10250, memoire PowerShell : 5106 Mo.
[25/08/2026 15:06:08] [INFO] Controle Nathanael.Coke@infopro-digital.com - page 42 traitee, total lu : 10500, memoire PowerShell : 5104 Mo.
[25/08/2026 15:06:10] [INFO] Controle Nathanael.Coke@infopro-digital.com - page 43 traitee, total lu : 10750, memoire PowerShell : 5104 Mo.
[25/08/2026 15:06:13] [INFO] Controle Nathanael.Coke@infopro-digital.com - page 44 traitee, total lu : 11000, memoire PowerShell : 5104 Mo.
[25/08/2026 15:06:16] [INFO] Controle Nathanael.Coke@infopro-digital.com - page 45 traitee, total lu : 11250, memoire PowerShell : 5104 Mo.
[25/08/2026 15:06:21] [INFO] Controle Nathanael.Coke@infopro-digital.com - page 46 traitee, total lu : 11500, memoire PowerShell : 5104 Mo.
[25/08/2026 15:06:26] [INFO] Controle Nathanael.Coke@infopro-digital.com - page 47 traitee, total lu : 11750, memoire PowerShell : 5104 Mo.
[25/08/2026 15:06:27] [INFO] Controle Nathanael.Coke@infopro-digital.com - page 48 traitee, total lu : 12000, memoire PowerShell : 5105 Mo.
[25/08/2026 15:06:29] [INFO] Controle Nathanael.Coke@infopro-digital.com - page 49 traitee, total lu : 12250, memoire PowerShell : 5105 Mo.
[25/08/2026 15:06:31] [INFO] Controle Nathanael.Coke@infopro-digital.com - page 50 traitee, total lu : 12500, memoire PowerShell : 5106 Mo.
[25/08/2026 15:06:35] [INFO] Controle Nathanael.Coke@infopro-digital.com - page 51 traitee, total lu : 12750, memoire PowerShell : 5106 Mo.
[25/08/2026 15:06:39] [INFO] Controle Nathanael.Coke@infopro-digital.com - page 52 traitee, total lu : 13000, memoire PowerShell : 5110 Mo.
[25/08/2026 15:06:43] [INFO] Controle Nathanael.Coke@infopro-digital.com - page 53 traitee, total lu : 13250, memoire PowerShell : 5120 Mo.
[25/08/2026 15:06:46] [INFO] Controle Nathanael.Coke@infopro-digital.com - page 54 traitee, total lu : 13500, memoire PowerShell : 5131 Mo.
[25/08/2026 15:06:49] [INFO] Controle Nathanael.Coke@infopro-digital.com - page 55 traitee, total lu : 13750, memoire PowerShell : 5141 Mo.
[25/08/2026 15:06:51] [INFO] Controle Nathanael.Coke@infopro-digital.com - page 56 traitee, total lu : 14000, memoire PowerShell : 5152 Mo.
[25/08/2026 15:06:57] [INFO] Controle Nathanael.Coke@infopro-digital.com - page 57 traitee, total lu : 14250, memoire PowerShell : 5160 Mo.
[25/08/2026 15:06:59] [INFO] Controle Nathanael.Coke@infopro-digital.com - page 58 traitee, total lu : 14500, memoire PowerShell : 5172 Mo.
[25/08/2026 15:07:01] [INFO] Controle Nathanael.Coke@infopro-digital.com - page 59 traitee, total lu : 14750, memoire PowerShell : 5182 Mo.
[25/08/2026 15:07:04] [INFO] Controle Nathanael.Coke@infopro-digital.com - page 60 traitee, total lu : 15000, memoire PowerShell : 5192 Mo.
[25/08/2026 15:07:11] [INFO] Controle Nathanael.Coke@infopro-digital.com - page 61 traitee, total lu : 15250, memoire PowerShell : 5112 Mo.
[25/08/2026 15:07:20] [INFO] Controle Nathanael.Coke@infopro-digital.com - page 62 traitee, total lu : 15500, memoire PowerShell : 5110 Mo.
[25/08/2026 15:07:22] [INFO] Controle Nathanael.Coke@infopro-digital.com - page 63 traitee, total lu : 15750, memoire PowerShell : 5111 Mo.
[25/08/2026 15:07:25] [INFO] Controle Nathanael.Coke@infopro-digital.com - page 64 traitee, total lu : 16000, memoire PowerShell : 5111 Mo.
[25/08/2026 15:07:28] [INFO] Controle Nathanael.Coke@infopro-digital.com - page 65 traitee, total lu : 16250, memoire PowerShell : 5111 Mo.
[25/08/2026 15:07:32] [INFO] Controle Nathanael.Coke@infopro-digital.com - page 66 traitee, total lu : 16500, memoire PowerShell : 5111 Mo.
[25/08/2026 15:07:35] [INFO] Controle Nathanael.Coke@infopro-digital.com - page 67 traitee, total lu : 16750, memoire PowerShell : 5111 Mo.
[25/08/2026 15:07:38] [INFO] Controle Nathanael.Coke@infopro-digital.com - page 68 traitee, total lu : 17000, memoire PowerShell : 5112 Mo.
[25/08/2026 15:07:46] [INFO] Controle Nathanael.Coke@infopro-digital.com - page 69 traitee, total lu : 17250, memoire PowerShell : 5110 Mo.
[25/08/2026 15:07:53] [INFO] Controle Nathanael.Coke@infopro-digital.com - page 70 traitee, total lu : 17500, memoire PowerShell : 5111 Mo.
[25/08/2026 15:07:55] [INFO] Controle Nathanael.Coke@infopro-digital.com - page 71 traitee, total lu : 17750, memoire PowerShell : 5110 Mo.
[25/08/2026 15:07:58] [INFO] Controle Nathanael.Coke@infopro-digital.com - page 72 traitee, total lu : 18000, memoire PowerShell : 5117 Mo.
[25/08/2026 15:08:01] [INFO] Controle Nathanael.Coke@infopro-digital.com - page 73 traitee, total lu : 18250, memoire PowerShell : 5127 Mo.
[25/08/2026 15:08:03] [INFO] Controle Nathanael.Coke@infopro-digital.com - page 74 traitee, total lu : 18500, memoire PowerShell : 5137 Mo.
[25/08/2026 15:08:10] [INFO] Controle Nathanael.Coke@infopro-digital.com - page 75 traitee, total lu : 18750, memoire PowerShell : 5147 Mo.
[25/08/2026 15:08:12] [INFO] Controle Nathanael.Coke@infopro-digital.com - page 76 traitee, total lu : 19000, memoire PowerShell : 5158 Mo.
[25/08/2026 15:08:16] [INFO] Controle Nathanael.Coke@infopro-digital.com - page 77 traitee, total lu : 19250, memoire PowerShell : 5166 Mo.
[25/08/2026 15:08:19] [INFO] Controle Nathanael.Coke@infopro-digital.com - page 78 traitee, total lu : 19500, memoire PowerShell : 5176 Mo.
[25/08/2026 15:08:22] [INFO] Controle Nathanael.Coke@infopro-digital.com - page 79 traitee, total lu : 19750, memoire PowerShell : 5187 Mo.
[25/08/2026 15:08:26] [INFO] Controle Nathanael.Coke@infopro-digital.com - page 80 traitee, total lu : 20000, memoire PowerShell : 5197 Mo.
[25/08/2026 15:08:32] [INFO] Controle Nathanael.Coke@infopro-digital.com - page 81 traitee, total lu : 20250, memoire PowerShell : 5117 Mo.
[25/08/2026 15:08:34] [INFO] Controle Nathanael.Coke@infopro-digital.com - page 82 traitee, total lu : 20500, memoire PowerShell : 5115 Mo.
[25/08/2026 15:08:38] [INFO] Controle Nathanael.Coke@infopro-digital.com - page 83 traitee, total lu : 20750, memoire PowerShell : 5115 Mo.
[25/08/2026 15:08:41] [INFO] Controle Nathanael.Coke@infopro-digital.com - page 84 traitee, total lu : 21000, memoire PowerShell : 5117 Mo.
[25/08/2026 15:08:42] [INFO] Controle Nathanael.Coke@infopro-digital.com - page 85 traitee, total lu : 21022, memoire PowerShell : 5118 Mo.
[25/08/2026 15:08:42] [INFO] Aucune connexion Power BI trouvee pour Nathanael.Coke@infopro-digital.com pendant le controle individuel.
[25/08/2026 15:08:42] [INFO] Controle individuel Entra : ngrosdidier@idice.fr - ID 2729930b-0aac-4b0a-bae7-1d8f45a3e949
[25/08/2026 15:08:46] [INFO] Controle ngrosdidier@idice.fr - page 1 traitee, total lu : 250, memoire PowerShell : 5117 Mo.
[25/08/2026 15:08:51] [INFO] Controle ngrosdidier@idice.fr - page 2 traitee, total lu : 500, memoire PowerShell : 5118 Mo.
[25/08/2026 15:08:55] [INFO] Controle ngrosdidier@idice.fr - page 3 traitee, total lu : 750, memoire PowerShell : 5115 Mo.
[25/08/2026 15:09:05] [INFO] Controle ngrosdidier@idice.fr - page 4 traitee, total lu : 1000, memoire PowerShell : 5117 Mo.
[25/08/2026 15:09:11] [INFO] Controle ngrosdidier@idice.fr - page 5 traitee, total lu : 1250, memoire PowerShell : 5118 Mo.
[25/08/2026 15:09:14] [INFO] Controle ngrosdidier@idice.fr - page 6 traitee, total lu : 1500, memoire PowerShell : 5115 Mo.
[25/08/2026 15:09:16] [INFO] Controle ngrosdidier@idice.fr - page 7 traitee, total lu : 1750, memoire PowerShell : 5117 Mo.
[25/08/2026 15:09:19] [INFO] Controle ngrosdidier@idice.fr - page 8 traitee, total lu : 2000, memoire PowerShell : 5125 Mo.
[25/08/2026 15:09:21] [INFO] Controle ngrosdidier@idice.fr - page 9 traitee, total lu : 2250, memoire PowerShell : 5133 Mo.
[25/08/2026 15:09:25] [INFO] Controle ngrosdidier@idice.fr - page 10 traitee, total lu : 2500, memoire PowerShell : 5144 Mo.
[25/08/2026 15:09:27] [INFO] Controle ngrosdidier@idice.fr - page 11 traitee, total lu : 2750, memoire PowerShell : 5155 Mo.
[25/08/2026 15:09:30] [INFO] Controle ngrosdidier@idice.fr - page 12 traitee, total lu : 3000, memoire PowerShell : 5164 Mo.
[25/08/2026 15:09:32] [INFO] Controle ngrosdidier@idice.fr - page 13 traitee, total lu : 3250, memoire PowerShell : 5173 Mo.
[25/08/2026 15:09:35] [INFO] Controle ngrosdidier@idice.fr - page 14 traitee, total lu : 3500, memoire PowerShell : 5185 Mo.
[25/08/2026 15:09:39] [INFO] Controle ngrosdidier@idice.fr - page 15 traitee, total lu : 3750, memoire PowerShell : 5193 Mo.
[25/08/2026 15:09:42] [INFO] Controle ngrosdidier@idice.fr - page 16 traitee, total lu : 4000, memoire PowerShell : 5204 Mo.
[25/08/2026 15:09:45] [INFO] Controle ngrosdidier@idice.fr - page 17 traitee, total lu : 4250, memoire PowerShell : 5214 Mo.
[25/08/2026 15:09:47] [INFO] Controle ngrosdidier@idice.fr - page 18 traitee, total lu : 4500, memoire PowerShell : 5226 Mo.
[25/08/2026 15:09:50] [INFO] Controle ngrosdidier@idice.fr - page 19 traitee, total lu : 4750, memoire PowerShell : 5234 Mo.
[25/08/2026 15:09:53] [INFO] Controle ngrosdidier@idice.fr - page 20 traitee, total lu : 5000, memoire PowerShell : 5245 Mo.
[25/08/2026 15:10:01] [INFO] Controle ngrosdidier@idice.fr - page 21 traitee, total lu : 5250, memoire PowerShell : 5123 Mo.
[25/08/2026 15:10:04] [INFO] Controle ngrosdidier@idice.fr - page 22 traitee, total lu : 5500, memoire PowerShell : 5121 Mo.
[25/08/2026 15:10:07] [INFO] Controle ngrosdidier@idice.fr - page 23 traitee, total lu : 5732, memoire PowerShell : 5122 Mo.
[25/08/2026 15:10:07] [INFO] Aucune connexion Power BI trouvee pour ngrosdidier@idice.fr pendant le controle individuel.
[25/08/2026 15:10:07] [INFO] Controle individuel Entra : normann.bretz@infopro-digital.com - ID 165fce15-0cc2-4a11-8e97-b4d944300ccf
[25/08/2026 15:10:10] [INFO] Controle normann.bretz@infopro-digital.com - page 1 traitee, total lu : 250, memoire PowerShell : 5120 Mo.
[25/08/2026 15:10:17] [INFO] Controle normann.bretz@infopro-digital.com - page 2 traitee, total lu : 500, memoire PowerShell : 5122 Mo.
[25/08/2026 15:10:23] [INFO] Controle normann.bretz@infopro-digital.com - page 3 traitee, total lu : 518, memoire PowerShell : 5123 Mo.
[25/08/2026 15:10:23] [INFO] Aucune connexion Power BI trouvee pour normann.bretz@infopro-digital.com pendant le controle individuel.
[25/08/2026 15:10:23] [INFO] Controle individuel Entra : paul.goundry_positivemomentum.com#EXT#@infoprodigital365.onmicrosoft.com - ID 1f54ac20-57cb-452f-ace7-050aa5fbf12d
[25/08/2026 15:10:31] [INFO] Controle paul.goundry_positivemomentum.com#EXT#@infoprodigital365.onmicrosoft.com - page 1 traitee, total lu : 0, memoire PowerShell : 5124 Mo.
[25/08/2026 15:10:31] [INFO] Aucune connexion Power BI trouvee pour paul.goundry_positivemomentum.com#EXT#@infoprodigital365.onmicrosoft.com pendant le controle individuel.
[25/08/2026 15:10:31] [INFO] Controle individuel Entra : philippine.dufourt@infopro-digital.com - ID e09e732e-5bb1-4e4f-816e-130209d49a9f
[25/08/2026 15:10:39] [INFO] Controle philippine.dufourt@infopro-digital.com - page 1 traitee, total lu : 0, memoire PowerShell : 5118 Mo.
[25/08/2026 15:10:39] [INFO] Aucune connexion Power BI trouvee pour philippine.dufourt@infopro-digital.com pendant le controle individuel.
[25/08/2026 15:10:39] [INFO] Controle individuel Entra : pilotage.BI.IPDA_gmail.com#EXT#@infoprodigital365.onmicrosoft.com - ID 317c2772-6ca9-4654-8d71-fd8c6e5585ac
[25/08/2026 15:10:46] [INFO] Controle pilotage.BI.IPDA_gmail.com#EXT#@infoprodigital365.onmicrosoft.com - page 1 traitee, total lu : 0, memoire PowerShell : 5118 Mo.
[25/08/2026 15:10:46] [INFO] Aucune connexion Power BI trouvee pour pilotage.BI.IPDA_gmail.com#EXT#@infoprodigital365.onmicrosoft.com pendant le controle individuel.
[25/08/2026 15:10:46] [INFO] Controle individuel Entra : pilote.BI.IPDA_gmail.com#EXT#@infoprodigital365.onmicrosoft.com - ID 26b63aa7-7619-4163-9fa1-10e88e3b50ff
[25/08/2026 15:10:53] [INFO] Controle pilote.BI.IPDA_gmail.com#EXT#@infoprodigital365.onmicrosoft.com - page 1 traitee, total lu : 0, memoire PowerShell : 5119 Mo.
[25/08/2026 15:10:53] [INFO] Aucune connexion Power BI trouvee pour pilote.BI.IPDA_gmail.com#EXT#@infoprodigital365.onmicrosoft.com pendant le controle individuel.
[25/08/2026 15:10:53] [INFO] Controle individuel Entra : powerautomate@infopro-digital.ch - ID 31ce82d7-dce3-4e1a-a3a6-149bef7c8de6
[25/08/2026 15:11:43] [INFO] Controle powerautomate@infopro-digital.ch - page 1 traitee, total lu : 250, memoire PowerShell : 5122 Mo.
[25/08/2026 15:11:46] [INFO] Controle powerautomate@infopro-digital.ch - page 2 traitee, total lu : 500, memoire PowerShell : 5122 Mo.
[25/08/2026 15:11:49] [INFO] Controle powerautomate@infopro-digital.ch - page 3 traitee, total lu : 689, memoire PowerShell : 5121 Mo.
[25/08/2026 15:11:49] [INFO] 7 connexion(s) Power BI trouvee(s) pour powerautomate@infopro-digital.ch.
[25/08/2026 15:11:49] [INFO] Controle individuel Entra : quentin.lehetet@infopro-digital.com - ID 03f73612-82e7-4a42-9a79-7e5b974610e2
[25/08/2026 15:12:37] [INFO] Controle quentin.lehetet@infopro-digital.com - page 1 traitee, total lu : 250, memoire PowerShell : 5124 Mo.
[25/08/2026 15:12:42] [INFO] Controle quentin.lehetet@infopro-digital.com - page 2 traitee, total lu : 500, memoire PowerShell : 5122 Mo.
[25/08/2026 15:12:45] [INFO] Controle quentin.lehetet@infopro-digital.com - page 3 traitee, total lu : 750, memoire PowerShell : 5122 Mo.
[25/08/2026 15:12:49] [INFO] Controle quentin.lehetet@infopro-digital.com - page 4 traitee, total lu : 1000, memoire PowerShell : 5123 Mo.
[25/08/2026 15:12:54] [INFO] Controle quentin.lehetet@infopro-digital.com - page 5 traitee, total lu : 1250, memoire PowerShell : 5123 Mo.
[25/08/2026 15:12:59] [INFO] Controle quentin.lehetet@infopro-digital.com - page 6 traitee, total lu : 1500, memoire PowerShell : 5124 Mo.
[25/08/2026 15:13:01] [INFO] Controle quentin.lehetet@infopro-digital.com - page 7 traitee, total lu : 1750, memoire PowerShell : 5121 Mo.
[25/08/2026 15:13:05] [INFO] Controle quentin.lehetet@infopro-digital.com - page 8 traitee, total lu : 2000, memoire PowerShell : 5121 Mo.
[25/08/2026 15:13:08] [INFO] Controle quentin.lehetet@infopro-digital.com - page 9 traitee, total lu : 2250, memoire PowerShell : 5122 Mo.
[25/08/2026 15:13:11] [INFO] Controle quentin.lehetet@infopro-digital.com - page 10 traitee, total lu : 2500, memoire PowerShell : 5123 Mo.
[25/08/2026 15:13:13] [INFO] Controle quentin.lehetet@infopro-digital.com - page 11 traitee, total lu : 2750, memoire PowerShell : 5123 Mo.
[25/08/2026 15:13:16] [INFO] Controle quentin.lehetet@infopro-digital.com - page 12 traitee, total lu : 3000, memoire PowerShell : 5129 Mo.
[25/08/2026 15:13:19] [INFO] Controle quentin.lehetet@infopro-digital.com - page 13 traitee, total lu : 3250, memoire PowerShell : 5139 Mo.
[25/08/2026 15:13:22] [INFO] Controle quentin.lehetet@infopro-digital.com - page 14 traitee, total lu : 3500, memoire PowerShell : 5147 Mo.
[25/08/2026 15:13:24] [INFO] Controle quentin.lehetet@infopro-digital.com - page 15 traitee, total lu : 3750, memoire PowerShell : 5157 Mo.
[25/08/2026 15:13:26] [INFO] Controle quentin.lehetet@infopro-digital.com - page 16 traitee, total lu : 4000, memoire PowerShell : 5168 Mo.
[25/08/2026 15:13:29] [INFO] Controle quentin.lehetet@infopro-digital.com - page 17 traitee, total lu : 4250, memoire PowerShell : 5179 Mo.
[25/08/2026 15:13:31] [INFO] Controle quentin.lehetet@infopro-digital.com - page 18 traitee, total lu : 4500, memoire PowerShell : 5189 Mo.
[25/08/2026 15:13:33] [INFO] Controle quentin.lehetet@infopro-digital.com - page 19 traitee, total lu : 4750, memoire PowerShell : 5200 Mo.
[25/08/2026 15:13:38] [INFO] Controle quentin.lehetet@infopro-digital.com - page 20 traitee, total lu : 5000, memoire PowerShell : 5208 Mo.
[25/08/2026 15:13:51] [INFO] Controle quentin.lehetet@infopro-digital.com - page 21 traitee, total lu : 5250, memoire PowerShell : 5129 Mo.
[25/08/2026 15:13:54] [INFO] Controle quentin.lehetet@infopro-digital.com - page 22 traitee, total lu : 5500, memoire PowerShell : 5126 Mo.
[25/08/2026 15:13:56] [INFO] Controle quentin.lehetet@infopro-digital.com - page 23 traitee, total lu : 5750, memoire PowerShell : 5128 Mo.
[25/08/2026 15:14:01] [INFO] Controle quentin.lehetet@infopro-digital.com - page 24 traitee, total lu : 6000, memoire PowerShell : 5128 Mo.
[25/08/2026 15:14:04] [INFO] Controle quentin.lehetet@infopro-digital.com - page 25 traitee, total lu : 6250, memoire PowerShell : 5128 Mo.
[25/08/2026 15:14:07] [INFO] Controle quentin.lehetet@infopro-digital.com - page 26 traitee, total lu : 6500, memoire PowerShell : 5128 Mo.
[25/08/2026 15:14:09] [INFO] Controle quentin.lehetet@infopro-digital.com - page 27 traitee, total lu : 6750, memoire PowerShell : 5129 Mo.
[25/08/2026 15:14:13] [INFO] Controle quentin.lehetet@infopro-digital.com - page 28 traitee, total lu : 7000, memoire PowerShell : 5127 Mo.
[25/08/2026 15:14:16] [INFO] Controle quentin.lehetet@infopro-digital.com - page 29 traitee, total lu : 7250, memoire PowerShell : 5127 Mo.
[25/08/2026 15:14:19] [INFO] Controle quentin.lehetet@infopro-digital.com - page 30 traitee, total lu : 7500, memoire PowerShell : 5128 Mo.
[25/08/2026 15:14:22] [INFO] Controle quentin.lehetet@infopro-digital.com - page 31 traitee, total lu : 7750, memoire PowerShell : 5128 Mo.
[25/08/2026 15:14:24] [INFO] Controle quentin.lehetet@infopro-digital.com - page 32 traitee, total lu : 8000, memoire PowerShell : 5134 Mo.
[25/08/2026 15:14:26] [INFO] Controle quentin.lehetet@infopro-digital.com - page 33 traitee, total lu : 8250, memoire PowerShell : 5144 Mo.
[25/08/2026 15:14:28] [INFO] Controle quentin.lehetet@infopro-digital.com - page 34 traitee, total lu : 8500, memoire PowerShell : 5155 Mo.
[25/08/2026 15:14:30] [INFO] Controle quentin.lehetet@infopro-digital.com - page 35 traitee, total lu : 8750, memoire PowerShell : 5166 Mo.
[25/08/2026 15:14:33] [INFO] Controle quentin.lehetet@infopro-digital.com - page 36 traitee, total lu : 9000, memoire PowerShell : 5174 Mo.
[25/08/2026 15:14:37] [INFO] Controle quentin.lehetet@infopro-digital.com - page 37 traitee, total lu : 9250, memoire PowerShell : 5185 Mo.
[25/08/2026 15:14:51] [INFO] Controle quentin.lehetet@infopro-digital.com - page 38 traitee, total lu : 9500, memoire PowerShell : 5195 Mo.
[25/08/2026 15:14:54] [INFO] Controle quentin.lehetet@infopro-digital.com - page 39 traitee, total lu : 9750, memoire PowerShell : 5205 Mo.
[25/08/2026 15:15:06] [INFO] Controle quentin.lehetet@infopro-digital.com - page 40 traitee, total lu : 10000, memoire PowerShell : 5217 Mo.
[25/08/2026 15:15:12] [INFO] Controle quentin.lehetet@infopro-digital.com - page 41 traitee, total lu : 10250, memoire PowerShell : 5137 Mo.
[25/08/2026 15:15:15] [INFO] Controle quentin.lehetet@infopro-digital.com - page 42 traitee, total lu : 10500, memoire PowerShell : 5135 Mo.
[25/08/2026 15:15:20] [INFO] Controle quentin.lehetet@infopro-digital.com - page 43 traitee, total lu : 10750, memoire PowerShell : 5136 Mo.
[25/08/2026 15:15:23] [INFO] Controle quentin.lehetet@infopro-digital.com - page 44 traitee, total lu : 10954, memoire PowerShell : 5135 Mo.
[25/08/2026 15:15:23] [INFO] Aucune connexion Power BI trouvee pour quentin.lehetet@infopro-digital.com pendant le controle individuel.
[25/08/2026 15:15:23] [INFO] Controle individuel Entra : raphael.coustillas@infopro-digital.com - ID a9ae9d5a-7495-4d23-82eb-176775349446
[25/08/2026 15:15:29] [INFO] Controle raphael.coustillas@infopro-digital.com - page 1 traitee, total lu : 250, memoire PowerShell : 5136 Mo.
[25/08/2026 15:15:50] [INFO] Controle raphael.coustillas@infopro-digital.com - page 2 traitee, total lu : 500, memoire PowerShell : 5135 Mo.
[25/08/2026 15:16:00] [INFO] Controle raphael.coustillas@infopro-digital.com - page 3 traitee, total lu : 750, memoire PowerShell : 5135 Mo.
[25/08/2026 15:16:08] [INFO] Controle raphael.coustillas@infopro-digital.com - page 4 traitee, total lu : 1000, memoire PowerShell : 5136 Mo.
[25/08/2026 15:16:14] [INFO] Controle raphael.coustillas@infopro-digital.com - page 5 traitee, total lu : 1250, memoire PowerShell : 5137 Mo.
[25/08/2026 15:16:24] [INFO] Controle raphael.coustillas@infopro-digital.com - page 6 traitee, total lu : 1500, memoire PowerShell : 5137 Mo.
[25/08/2026 15:16:29] [INFO] Controle raphael.coustillas@infopro-digital.com - page 7 traitee, total lu : 1750, memoire PowerShell : 5135 Mo.
[25/08/2026 15:16:34] [INFO] Controle raphael.coustillas@infopro-digital.com - page 8 traitee, total lu : 2000, memoire PowerShell : 5138 Mo.
[25/08/2026 15:16:39] [INFO] Controle raphael.coustillas@infopro-digital.com - page 9 traitee, total lu : 2250, memoire PowerShell : 5148 Mo.
[25/08/2026 15:16:45] [INFO] Controle raphael.coustillas@infopro-digital.com - page 10 traitee, total lu : 2500, memoire PowerShell : 5160 Mo.
[25/08/2026 15:16:58] [INFO] Controle raphael.coustillas@infopro-digital.com - page 11 traitee, total lu : 2750, memoire PowerShell : 5170 Mo.
[25/08/2026 15:17:01] [INFO] Controle raphael.coustillas@infopro-digital.com - page 12 traitee, total lu : 3000, memoire PowerShell : 5171 Mo.
[25/08/2026 15:17:04] [INFO] Controle raphael.coustillas@infopro-digital.com - page 13 traitee, total lu : 3250, memoire PowerShell : 5169 Mo.
[25/08/2026 15:17:07] [INFO] Controle raphael.coustillas@infopro-digital.com - page 14 traitee, total lu : 3500, memoire PowerShell : 5170 Mo.
[25/08/2026 15:17:10] [INFO] Controle raphael.coustillas@infopro-digital.com - page 15 traitee, total lu : 3750, memoire PowerShell : 5170 Mo.
[25/08/2026 15:17:13] [INFO] Controle raphael.coustillas@infopro-digital.com - page 16 traitee, total lu : 4000, memoire PowerShell : 5170 Mo.
[25/08/2026 15:17:16] [INFO] Controle raphael.coustillas@infopro-digital.com - page 17 traitee, total lu : 4250, memoire PowerShell : 5171 Mo.
[25/08/2026 15:17:19] [INFO] Controle raphael.coustillas@infopro-digital.com - page 18 traitee, total lu : 4500, memoire PowerShell : 5171 Mo.
[25/08/2026 15:17:22] [INFO] Controle raphael.coustillas@infopro-digital.com - page 19 traitee, total lu : 4750, memoire PowerShell : 5170 Mo.
[25/08/2026 15:17:27] [INFO] Controle raphael.coustillas@infopro-digital.com - page 20 traitee, total lu : 5000, memoire PowerShell : 5172 Mo.
[25/08/2026 15:17:35] [INFO] Controle raphael.coustillas@infopro-digital.com - page 21 traitee, total lu : 5250, memoire PowerShell : 5144 Mo.
[25/08/2026 15:17:57] [INFO] Controle raphael.coustillas@infopro-digital.com - page 22 traitee, total lu : 5500, memoire PowerShell : 5142 Mo.
[25/08/2026 15:18:01] [INFO] Controle raphael.coustillas@infopro-digital.com - page 23 traitee, total lu : 5750, memoire PowerShell : 5143 Mo.
[25/08/2026 15:18:04] [INFO] Controle raphael.coustillas@infopro-digital.com - page 24 traitee, total lu : 6000, memoire PowerShell : 5143 Mo.
[25/08/2026 15:18:08] [INFO] Controle raphael.coustillas@infopro-digital.com - page 25 traitee, total lu : 6250, memoire PowerShell : 5144 Mo.
[25/08/2026 15:18:12] [INFO] Controle raphael.coustillas@infopro-digital.com - page 26 traitee, total lu : 6500, memoire PowerShell : 5142 Mo.
[25/08/2026 15:18:17] [INFO] Controle raphael.coustillas@infopro-digital.com - page 27 traitee, total lu : 6750, memoire PowerShell : 5142 Mo.
[25/08/2026 15:18:26] [INFO] Controle raphael.coustillas@infopro-digital.com - page 28 traitee, total lu : 7000, memoire PowerShell : 5144 Mo.
[25/08/2026 15:18:30] [INFO] Controle raphael.coustillas@infopro-digital.com - page 29 traitee, total lu : 7250, memoire PowerShell : 5144 Mo.
[25/08/2026 15:18:33] [INFO] Controle raphael.coustillas@infopro-digital.com - page 30 traitee, total lu : 7500, memoire PowerShell : 5144 Mo.
[25/08/2026 15:18:37] [INFO] Controle raphael.coustillas@infopro-digital.com - page 31 traitee, total lu : 7750, memoire PowerShell : 5145 Mo.
[25/08/2026 15:18:41] [INFO] Controle raphael.coustillas@infopro-digital.com - page 32 traitee, total lu : 8000, memoire PowerShell : 5148 Mo.
[25/08/2026 15:18:45] [INFO] Controle raphael.coustillas@infopro-digital.com - page 33 traitee, total lu : 8250, memoire PowerShell : 5159 Mo.
[25/08/2026 15:18:53] [INFO] Controle raphael.coustillas@infopro-digital.com - page 34 traitee, total lu : 8500, memoire PowerShell : 5170 Mo.
[25/08/2026 15:18:56] [INFO] Controle raphael.coustillas@infopro-digital.com - page 35 traitee, total lu : 8750, memoire PowerShell : 5180 Mo.
[25/08/2026 15:19:00] [INFO] Controle raphael.coustillas@infopro-digital.com - page 36 traitee, total lu : 9000, memoire PowerShell : 5191 Mo.
[25/08/2026 15:19:03] [INFO] Controle raphael.coustillas@infopro-digital.com - page 37 traitee, total lu : 9250, memoire PowerShell : 5199 Mo.
[25/08/2026 15:19:11] [INFO] Controle raphael.coustillas@infopro-digital.com - page 38 traitee, total lu : 9500, memoire PowerShell : 5161 Mo.
[25/08/2026 15:19:14] [INFO] Controle raphael.coustillas@infopro-digital.com - page 39 traitee, total lu : 9750, memoire PowerShell : 5160 Mo.
[25/08/2026 15:19:17] [INFO] Controle raphael.coustillas@infopro-digital.com - page 40 traitee, total lu : 10000, memoire PowerShell : 5161 Mo.
[25/08/2026 15:19:23] [INFO] Controle raphael.coustillas@infopro-digital.com - page 41 traitee, total lu : 10250, memoire PowerShell : 5154 Mo.
[25/08/2026 15:19:29] [INFO] Controle raphael.coustillas@infopro-digital.com - page 42 traitee, total lu : 10500, memoire PowerShell : 5152 Mo.
[25/08/2026 15:19:32] [INFO] Controle raphael.coustillas@infopro-digital.com - page 43 traitee, total lu : 10750, memoire PowerShell : 5154 Mo.
[25/08/2026 15:19:36] [INFO] Controle raphael.coustillas@infopro-digital.com - page 44 traitee, total lu : 11000, memoire PowerShell : 5154 Mo.
[25/08/2026 15:19:43] [INFO] Controle raphael.coustillas@infopro-digital.com - page 45 traitee, total lu : 11250, memoire PowerShell : 5152 Mo.
[25/08/2026 15:19:48] [INFO] Controle raphael.coustillas@infopro-digital.com - page 46 traitee, total lu : 11500, memoire PowerShell : 5154 Mo.
[25/08/2026 15:19:50] [INFO] Controle raphael.coustillas@infopro-digital.com - page 47 traitee, total lu : 11750, memoire PowerShell : 5154 Mo.
[25/08/2026 15:19:54] [INFO] Controle raphael.coustillas@infopro-digital.com - page 48 traitee, total lu : 12000, memoire PowerShell : 5154 Mo.
[25/08/2026 15:19:58] [INFO] Controle raphael.coustillas@infopro-digital.com - page 49 traitee, total lu : 12250, memoire PowerShell : 5155 Mo.
[25/08/2026 15:20:03] [INFO] Controle raphael.coustillas@infopro-digital.com - page 50 traitee, total lu : 12464, memoire PowerShell : 5153 Mo.
[25/08/2026 15:20:03] [INFO] Aucune connexion Power BI trouvee pour raphael.coustillas@infopro-digital.com pendant le controle individuel.
[25/08/2026 15:20:03] [INFO] Controle individuel Entra : raphaelle.mestrez@ebp.be - ID d5917e9f-6a76-4285-9f39-a0e6de721718
[25/08/2026 15:20:07] [INFO] Controle raphaelle.mestrez@ebp.be - page 1 traitee, total lu : 250, memoire PowerShell : 5153 Mo.
[25/08/2026 15:20:13] [INFO] Controle raphaelle.mestrez@ebp.be - page 2 traitee, total lu : 500, memoire PowerShell : 5158 Mo.
[25/08/2026 15:20:18] [INFO] Controle raphaelle.mestrez@ebp.be - page 3 traitee, total lu : 750, memoire PowerShell : 5169 Mo.
[25/08/2026 15:20:57] [INFO] Controle raphaelle.mestrez@ebp.be - page 4 traitee, total lu : 1000, memoire PowerShell : 5179 Mo.
[25/08/2026 15:21:02] [INFO] Controle raphaelle.mestrez@ebp.be - page 5 traitee, total lu : 1250, memoire PowerShell : 5187 Mo.
[25/08/2026 15:21:08] [INFO] Controle raphaelle.mestrez@ebp.be - page 6 traitee, total lu : 1500, memoire PowerShell : 5189 Mo.
[25/08/2026 15:21:12] [INFO] Controle raphaelle.mestrez@ebp.be - page 7 traitee, total lu : 1750, memoire PowerShell : 5187 Mo.
[25/08/2026 15:21:16] [INFO] Controle raphaelle.mestrez@ebp.be - page 8 traitee, total lu : 2000, memoire PowerShell : 5189 Mo.
[25/08/2026 15:21:21] [INFO] Controle raphaelle.mestrez@ebp.be - page 9 traitee, total lu : 2250, memoire PowerShell : 5187 Mo.
[25/08/2026 15:21:25] [INFO] Controle raphaelle.mestrez@ebp.be - page 10 traitee, total lu : 2500, memoire PowerShell : 5189 Mo.
[25/08/2026 15:21:28] [INFO] Controle raphaelle.mestrez@ebp.be - page 11 traitee, total lu : 2750, memoire PowerShell : 5187 Mo.
[25/08/2026 15:21:32] [INFO] Controle raphaelle.mestrez@ebp.be - page 12 traitee, total lu : 3000, memoire PowerShell : 5189 Mo.
[25/08/2026 15:21:37] [INFO] Controle raphaelle.mestrez@ebp.be - page 13 traitee, total lu : 3250, memoire PowerShell : 5190 Mo.
[25/08/2026 15:21:42] [INFO] Controle raphaelle.mestrez@ebp.be - page 14 traitee, total lu : 3500, memoire PowerShell : 5189 Mo.
[25/08/2026 15:21:49] [INFO] Controle raphaelle.mestrez@ebp.be - page 15 traitee, total lu : 3750, memoire PowerShell : 5189 Mo.
[25/08/2026 15:21:51] [INFO] Controle raphaelle.mestrez@ebp.be - page 16 traitee, total lu : 4000, memoire PowerShell : 5191 Mo.
[25/08/2026 15:22:05] [INFO] Controle raphaelle.mestrez@ebp.be - page 17 traitee, total lu : 4250, memoire PowerShell : 5192 Mo.
[25/08/2026 15:22:08] [INFO] Controle raphaelle.mestrez@ebp.be - page 18 traitee, total lu : 4500, memoire PowerShell : 5190 Mo.
[25/08/2026 15:22:10] [INFO] Controle raphaelle.mestrez@ebp.be - page 19 traitee, total lu : 4750, memoire PowerShell : 5194 Mo.
[25/08/2026 15:22:19] [INFO] Controle raphaelle.mestrez@ebp.be - page 20 traitee, total lu : 5000, memoire PowerShell : 5204 Mo.
[25/08/2026 15:22:24] [INFO] Controle raphaelle.mestrez@ebp.be - page 21 traitee, total lu : 5250, memoire PowerShell : 5163 Mo.
[25/08/2026 15:22:30] [INFO] Controle raphaelle.mestrez@ebp.be - page 22 traitee, total lu : 5500, memoire PowerShell : 5161 Mo.
[25/08/2026 15:22:33] [INFO] Controle raphaelle.mestrez@ebp.be - page 23 traitee, total lu : 5750, memoire PowerShell : 5163 Mo.
[25/08/2026 15:22:36] [INFO] Controle raphaelle.mestrez@ebp.be - page 24 traitee, total lu : 6000, memoire PowerShell : 5164 Mo.
[25/08/2026 15:22:38] [INFO] Controle raphaelle.mestrez@ebp.be - page 25 traitee, total lu : 6250, memoire PowerShell : 5161 Mo.
[25/08/2026 15:22:40] [INFO] Controle raphaelle.mestrez@ebp.be - page 26 traitee, total lu : 6500, memoire PowerShell : 5163 Mo.
[25/08/2026 15:23:03] [INFO] Controle raphaelle.mestrez@ebp.be - page 27 traitee, total lu : 6750, memoire PowerShell : 5161 Mo.
[25/08/2026 15:23:06] [INFO] Controle raphaelle.mestrez@ebp.be - page 28 traitee, total lu : 7000, memoire PowerShell : 5163 Mo.
[25/08/2026 15:23:43] [INFO] Controle raphaelle.mestrez@ebp.be - page 29 traitee, total lu : 7250, memoire PowerShell : 5163 Mo.
[25/08/2026 15:23:46] [INFO] Controle raphaelle.mestrez@ebp.be - page 30 traitee, total lu : 7500, memoire PowerShell : 5164 Mo.
[25/08/2026 15:23:48] [INFO] Controle raphaelle.mestrez@ebp.be - page 31 traitee, total lu : 7750, memoire PowerShell : 5162 Mo.
[25/08/2026 15:23:52] [INFO] Controle raphaelle.mestrez@ebp.be - page 32 traitee, total lu : 8000, memoire PowerShell : 5169 Mo.
[25/08/2026 15:23:54] [INFO] Controle raphaelle.mestrez@ebp.be - page 33 traitee, total lu : 8250, memoire PowerShell : 5179 Mo.
[25/08/2026 15:23:57] [INFO] Controle raphaelle.mestrez@ebp.be - page 34 traitee, total lu : 8500, memoire PowerShell : 5188 Mo.
[25/08/2026 15:24:03] [INFO] Controle raphaelle.mestrez@ebp.be - page 35 traitee, total lu : 8750, memoire PowerShell : 5199 Mo.
[25/08/2026 15:24:05] [INFO] Controle raphaelle.mestrez@ebp.be - page 36 traitee, total lu : 9000, memoire PowerShell : 5198 Mo.
[25/08/2026 15:24:50] [INFO] Controle raphaelle.mestrez@ebp.be - page 37 traitee, total lu : 9250, memoire PowerShell : 5199 Mo.
[25/08/2026 15:24:54] [INFO] Controle raphaelle.mestrez@ebp.be - page 38 traitee, total lu : 9500, memoire PowerShell : 5197 Mo.
[25/08/2026 15:25:00] [INFO] Controle raphaelle.mestrez@ebp.be - page 39 traitee, total lu : 9750, memoire PowerShell : 5198 Mo.
[25/08/2026 15:25:03] [INFO] Controle raphaelle.mestrez@ebp.be - page 40 traitee, total lu : 10000, memoire PowerShell : 5198 Mo.
[25/08/2026 15:25:09] [INFO] Controle raphaelle.mestrez@ebp.be - page 41 traitee, total lu : 10250, memoire PowerShell : 5171 Mo.
[25/08/2026 15:25:12] [INFO] Controle raphaelle.mestrez@ebp.be - page 42 traitee, total lu : 10500, memoire PowerShell : 5169 Mo.
[25/08/2026 15:25:14] [INFO] Controle raphaelle.mestrez@ebp.be - page 43 traitee, total lu : 10750, memoire PowerShell : 5171 Mo.
[25/08/2026 15:25:21] [INFO] Controle raphaelle.mestrez@ebp.be - page 44 traitee, total lu : 11000, memoire PowerShell : 5169 Mo.
[25/08/2026 15:25:49] [INFO] Controle raphaelle.mestrez@ebp.be - page 45 traitee, total lu : 11250, memoire PowerShell : 5170 Mo.
[25/08/2026 15:25:52] [INFO] Controle raphaelle.mestrez@ebp.be - page 46 traitee, total lu : 11500, memoire PowerShell : 5171 Mo.
[25/08/2026 15:25:55] [INFO] Controle raphaelle.mestrez@ebp.be - page 47 traitee, total lu : 11750, memoire PowerShell : 5169 Mo.
[25/08/2026 15:25:56] [INFO] Controle raphaelle.mestrez@ebp.be - page 48 traitee, total lu : 11863, memoire PowerShell : 5166 Mo.
[25/08/2026 15:25:56] [INFO] 1 connexion(s) Power BI trouvee(s) pour raphaelle.mestrez@ebp.be.
[25/08/2026 15:25:56] [INFO] Controle individuel Entra : Richard.Murphy@red-on-line.com - ID 11cea5ed-56db-4f04-b2eb-d0076ea7384d
[25/08/2026 15:26:00] [INFO] Controle Richard.Murphy@red-on-line.com - page 1 traitee, total lu : 250, memoire PowerShell : 5170 Mo.
[25/08/2026 15:26:04] [INFO] Controle Richard.Murphy@red-on-line.com - page 2 traitee, total lu : 500, memoire PowerShell : 5170 Mo.
[25/08/2026 15:26:08] [INFO] Controle Richard.Murphy@red-on-line.com - page 3 traitee, total lu : 750, memoire PowerShell : 5171 Mo.
[25/08/2026 15:26:13] [INFO] Controle Richard.Murphy@red-on-line.com - page 4 traitee, total lu : 1000, memoire PowerShell : 5169 Mo.
[25/08/2026 15:26:17] [INFO] Controle Richard.Murphy@red-on-line.com - page 5 traitee, total lu : 1250, memoire PowerShell : 5180 Mo.
[25/08/2026 15:26:28] [INFO] Controle Richard.Murphy@red-on-line.com - page 6 traitee, total lu : 1500, memoire PowerShell : 5191 Mo.
[25/08/2026 15:26:33] [INFO] Controle Richard.Murphy@red-on-line.com - page 7 traitee, total lu : 1750, memoire PowerShell : 5199 Mo.
[25/08/2026 15:26:38] [INFO] Controle Richard.Murphy@red-on-line.com - page 8 traitee, total lu : 2000, memoire PowerShell : 5212 Mo.
[25/08/2026 15:26:43] [INFO] Controle Richard.Murphy@red-on-line.com - page 9 traitee, total lu : 2250, memoire PowerShell : 5221 Mo.
[25/08/2026 15:26:48] [INFO] Controle Richard.Murphy@red-on-line.com - page 10 traitee, total lu : 2500, memoire PowerShell : 5232 Mo.
[25/08/2026 15:26:53] [INFO] Controle Richard.Murphy@red-on-line.com - page 11 traitee, total lu : 2750, memoire PowerShell : 5188 Mo.
[25/08/2026 15:26:56] [INFO] Controle Richard.Murphy@red-on-line.com - page 12 traitee, total lu : 3000, memoire PowerShell : 5189 Mo.
[25/08/2026 15:27:11] [INFO] Controle Richard.Murphy@red-on-line.com - page 13 traitee, total lu : 3250, memoire PowerShell : 5187 Mo.
[25/08/2026 15:27:13] [INFO] Controle Richard.Murphy@red-on-line.com - page 14 traitee, total lu : 3500, memoire PowerShell : 5188 Mo.
[25/08/2026 15:27:21] [INFO] Controle Richard.Murphy@red-on-line.com - page 15 traitee, total lu : 3750, memoire PowerShell : 5189 Mo.
[25/08/2026 15:27:26] [INFO] Controle Richard.Murphy@red-on-line.com - page 16 traitee, total lu : 4000, memoire PowerShell : 5187 Mo.
[25/08/2026 15:27:29] [INFO] Controle Richard.Murphy@red-on-line.com - page 17 traitee, total lu : 4250, memoire PowerShell : 5188 Mo.
[25/08/2026 15:27:47] [INFO] Controle Richard.Murphy@red-on-line.com - page 18 traitee, total lu : 4500, memoire PowerShell : 5189 Mo.
[25/08/2026 15:27:50] [INFO] Controle Richard.Murphy@red-on-line.com - page 19 traitee, total lu : 4750, memoire PowerShell : 5187 Mo.
[25/08/2026 15:27:53] [INFO] Controle Richard.Murphy@red-on-line.com - page 20 traitee, total lu : 5000, memoire PowerShell : 5188 Mo.
[25/08/2026 15:27:58] [INFO] Controle Richard.Murphy@red-on-line.com - page 21 traitee, total lu : 5250, memoire PowerShell : 5178 Mo.
[25/08/2026 15:28:02] [INFO] Controle Richard.Murphy@red-on-line.com - page 22 traitee, total lu : 5500, memoire PowerShell : 5178 Mo.
[25/08/2026 15:28:05] [INFO] Controle Richard.Murphy@red-on-line.com - page 23 traitee, total lu : 5750, memoire PowerShell : 5178 Mo.
[25/08/2026 15:28:15] [INFO] Controle Richard.Murphy@red-on-line.com - page 24 traitee, total lu : 6000, memoire PowerShell : 5176 Mo.
[25/08/2026 15:28:18] [INFO] Controle Richard.Murphy@red-on-line.com - page 25 traitee, total lu : 6250, memoire PowerShell : 5178 Mo.
[25/08/2026 15:28:23] [INFO] Controle Richard.Murphy@red-on-line.com - page 26 traitee, total lu : 6500, memoire PowerShell : 5178 Mo.
[25/08/2026 15:28:26] [INFO] Controle Richard.Murphy@red-on-line.com - page 27 traitee, total lu : 6750, memoire PowerShell : 5179 Mo.
[25/08/2026 15:28:29] [INFO] Controle Richard.Murphy@red-on-line.com - page 28 traitee, total lu : 7000, memoire PowerShell : 5178 Mo.
[25/08/2026 15:28:39] [INFO] Controle Richard.Murphy@red-on-line.com - page 29 traitee, total lu : 7250, memoire PowerShell : 5179 Mo.
[25/08/2026 15:28:59] [INFO] Controle Richard.Murphy@red-on-line.com - page 30 traitee, total lu : 7500, memoire PowerShell : 5177 Mo.
[25/08/2026 15:29:03] [INFO] Controle Richard.Murphy@red-on-line.com - page 31 traitee, total lu : 7750, memoire PowerShell : 5178 Mo.
[25/08/2026 15:29:07] [INFO] Controle Richard.Murphy@red-on-line.com - page 32 traitee, total lu : 8000, memoire PowerShell : 5185 Mo.
[25/08/2026 15:29:09] [INFO] Controle Richard.Murphy@red-on-line.com - page 33 traitee, total lu : 8250, memoire PowerShell : 5195 Mo.
[25/08/2026 15:29:12] [INFO] Controle Richard.Murphy@red-on-line.com - page 34 traitee, total lu : 8500, memoire PowerShell : 5206 Mo.
[25/08/2026 15:29:14] [INFO] Controle Richard.Murphy@red-on-line.com - page 35 traitee, total lu : 8750, memoire PowerShell : 5214 Mo.
[25/08/2026 15:29:16] [INFO] Controle Richard.Murphy@red-on-line.com - page 36 traitee, total lu : 9000, memoire PowerShell : 5226 Mo.
[25/08/2026 15:29:22] [INFO] Controle Richard.Murphy@red-on-line.com - page 37 traitee, total lu : 9250, memoire PowerShell : 5237 Mo.
[25/08/2026 15:29:24] [INFO] Controle Richard.Murphy@red-on-line.com - page 38 traitee, total lu : 9500, memoire PowerShell : 5245 Mo.
[25/08/2026 15:29:27] [INFO] Controle Richard.Murphy@red-on-line.com - page 39 traitee, total lu : 9750, memoire PowerShell : 5257 Mo.
[25/08/2026 15:29:30] [INFO] Controle Richard.Murphy@red-on-line.com - page 40 traitee, total lu : 10000, memoire PowerShell : 5265 Mo.
[25/08/2026 15:29:54] [INFO] Controle Richard.Murphy@red-on-line.com - page 41 traitee, total lu : 10250, memoire PowerShell : 5183 Mo.
[25/08/2026 15:29:57] [INFO] Controle Richard.Murphy@red-on-line.com - page 42 traitee, total lu : 10500, memoire PowerShell : 5183 Mo.
[25/08/2026 15:29:59] [INFO] Controle Richard.Murphy@red-on-line.com - page 43 traitee, total lu : 10750, memoire PowerShell : 5184 Mo.
[25/08/2026 15:30:01] [INFO] Controle Richard.Murphy@red-on-line.com - page 44 traitee, total lu : 11000, memoire PowerShell : 5182 Mo.
[25/08/2026 15:30:09] [INFO] Controle Richard.Murphy@red-on-line.com - page 45 traitee, total lu : 11042, memoire PowerShell : 5179 Mo.
[25/08/2026 15:30:09] [INFO] 5 connexion(s) Power BI trouvee(s) pour Richard.Murphy@red-on-line.com.
[25/08/2026 15:30:09] [INFO] Controle individuel Entra : rob.evers@infopro-digital.com - ID cc6537f6-a767-44c5-aa03-bea77a26c272
[25/08/2026 15:30:27] [INFO] Controle rob.evers@infopro-digital.com - page 1 traitee, total lu : 250, memoire PowerShell : 5183 Mo.
[25/08/2026 15:30:33] [INFO] Controle rob.evers@infopro-digital.com - page 2 traitee, total lu : 500, memoire PowerShell : 5182 Mo.
[25/08/2026 15:30:40] [INFO] Controle rob.evers@infopro-digital.com - page 3 traitee, total lu : 750, memoire PowerShell : 5183 Mo.
[25/08/2026 15:30:53] [INFO] Controle rob.evers@infopro-digital.com - page 4 traitee, total lu : 1000, memoire PowerShell : 5182 Mo.
[25/08/2026 15:30:56] [INFO] Controle rob.evers@infopro-digital.com - page 5 traitee, total lu : 1250, memoire PowerShell : 5184 Mo.
[25/08/2026 15:30:59] [INFO] Controle rob.evers@infopro-digital.com - page 6 traitee, total lu : 1500, memoire PowerShell : 5182 Mo.
[25/08/2026 15:31:05] [INFO] Controle rob.evers@infopro-digital.com - page 7 traitee, total lu : 1750, memoire PowerShell : 5182 Mo.
[25/08/2026 15:31:08] [INFO] Controle rob.evers@infopro-digital.com - page 8 traitee, total lu : 2000, memoire PowerShell : 5189 Mo.
[25/08/2026 15:31:10] [INFO] Controle rob.evers@infopro-digital.com - page 9 traitee, total lu : 2250, memoire PowerShell : 5199 Mo.
[25/08/2026 15:31:17] [INFO] Controle rob.evers@infopro-digital.com - page 10 traitee, total lu : 2500, memoire PowerShell : 5199 Mo.
[25/08/2026 15:31:28] [INFO] Controle rob.evers@infopro-digital.com - page 11 traitee, total lu : 2750, memoire PowerShell : 5199 Mo.
[25/08/2026 15:31:33] [INFO] Controle rob.evers@infopro-digital.com - page 12 traitee, total lu : 3000, memoire PowerShell : 5199 Mo.
[25/08/2026 15:31:34] [INFO] Controle rob.evers@infopro-digital.com - page 13 traitee, total lu : 3250, memoire PowerShell : 5201 Mo.
[25/08/2026 15:31:42] [INFO] Controle rob.evers@infopro-digital.com - page 14 traitee, total lu : 3500, memoire PowerShell : 5202 Mo.
[25/08/2026 15:31:44] [INFO] Controle rob.evers@infopro-digital.com - page 15 traitee, total lu : 3640, memoire PowerShell : 5197 Mo.
[25/08/2026 15:31:44] [INFO] Aucune connexion Power BI trouvee pour rob.evers@infopro-digital.com pendant le controle individuel.
[25/08/2026 15:31:44] [INFO] Controle individuel Entra : Rob.Wills@infopro-digital.com - ID e917c637-fa94-4b8f-b1e5-b0134cebeedc
[25/08/2026 15:31:49] [INFO] Controle Rob.Wills@infopro-digital.com - page 1 traitee, total lu : 250, memoire PowerShell : 5201 Mo.
[25/08/2026 15:31:55] [INFO] Controle Rob.Wills@infopro-digital.com - page 2 traitee, total lu : 500, memoire PowerShell : 5201 Mo.
[25/08/2026 15:32:03] [INFO] Controle Rob.Wills@infopro-digital.com - page 3 traitee, total lu : 750, memoire PowerShell : 5200 Mo.
[25/08/2026 15:32:07] [INFO] Controle Rob.Wills@infopro-digital.com - page 4 traitee, total lu : 1000, memoire PowerShell : 5202 Mo.
[25/08/2026 15:32:12] [INFO] Controle Rob.Wills@infopro-digital.com - page 5 traitee, total lu : 1250, memoire PowerShell : 5201 Mo.
[25/08/2026 15:32:16] [INFO] Controle Rob.Wills@infopro-digital.com - page 6 traitee, total lu : 1500, memoire PowerShell : 5203 Mo.
[25/08/2026 15:32:22] [INFO] Controle Rob.Wills@infopro-digital.com - page 7 traitee, total lu : 1750, memoire PowerShell : 5203 Mo.
[25/08/2026 15:32:24] [INFO] Controle Rob.Wills@infopro-digital.com - page 8 traitee, total lu : 2000, memoire PowerShell : 5203 Mo.
[25/08/2026 15:32:27] [INFO] Controle Rob.Wills@infopro-digital.com - page 9 traitee, total lu : 2250, memoire PowerShell : 5209 Mo.
[25/08/2026 15:32:30] [INFO] Controle Rob.Wills@infopro-digital.com - page 10 traitee, total lu : 2500, memoire PowerShell : 5218 Mo.
[25/08/2026 15:32:33] [INFO] Controle Rob.Wills@infopro-digital.com - page 11 traitee, total lu : 2750, memoire PowerShell : 5229 Mo.
[25/08/2026 15:32:37] [INFO] Controle Rob.Wills@infopro-digital.com - page 12 traitee, total lu : 3000, memoire PowerShell : 5239 Mo.
[25/08/2026 15:32:39] [INFO] Controle Rob.Wills@infopro-digital.com - page 13 traitee, total lu : 3250, memoire PowerShell : 5249 Mo.
[25/08/2026 15:32:41] [INFO] Controle Rob.Wills@infopro-digital.com - page 14 traitee, total lu : 3500, memoire PowerShell : 5257 Mo.
[25/08/2026 15:32:46] [INFO] Controle Rob.Wills@infopro-digital.com - page 15 traitee, total lu : 3750, memoire PowerShell : 5269 Mo.
[25/08/2026 15:32:50] [INFO] Controle Rob.Wills@infopro-digital.com - page 16 traitee, total lu : 4000, memoire PowerShell : 5279 Mo.
[25/08/2026 15:32:58] [INFO] Controle Rob.Wills@infopro-digital.com - page 17 traitee, total lu : 4250, memoire PowerShell : 5191 Mo.
[25/08/2026 15:33:01] [INFO] Controle Rob.Wills@infopro-digital.com - page 18 traitee, total lu : 4500, memoire PowerShell : 5189 Mo.
[25/08/2026 15:33:07] [INFO] Controle Rob.Wills@infopro-digital.com - page 19 traitee, total lu : 4750, memoire PowerShell : 5188 Mo.
[25/08/2026 15:33:54] [INFO] Controle Rob.Wills@infopro-digital.com - page 20 traitee, total lu : 5000, memoire PowerShell : 5190 Mo.
[25/08/2026 15:33:59] [INFO] Controle Rob.Wills@infopro-digital.com - page 21 traitee, total lu : 5250, memoire PowerShell : 5196 Mo.
[25/08/2026 15:34:02] [INFO] Controle Rob.Wills@infopro-digital.com - page 22 traitee, total lu : 5500, memoire PowerShell : 5196 Mo.
[25/08/2026 15:34:06] [INFO] Controle Rob.Wills@infopro-digital.com - page 23 traitee, total lu : 5750, memoire PowerShell : 5196 Mo.
[25/08/2026 15:34:12] [INFO] Controle Rob.Wills@infopro-digital.com - page 24 traitee, total lu : 6000, memoire PowerShell : 5195 Mo.
[25/08/2026 15:34:19] [INFO] Controle Rob.Wills@infopro-digital.com - page 25 traitee, total lu : 6250, memoire PowerShell : 5194 Mo.
[25/08/2026 15:34:21] [INFO] Controle Rob.Wills@infopro-digital.com - page 26 traitee, total lu : 6373, memoire PowerShell : 5193 Mo.
[25/08/2026 15:34:21] [INFO] Aucune connexion Power BI trouvee pour Rob.Wills@infopro-digital.com pendant le controle individuel.
[25/08/2026 15:34:21] [INFO] Controle individuel Entra : romain.nicolle@infopro-digital.com - ID 2b76467a-3cfd-4380-b12c-78d97a500d7b
[25/08/2026 15:36:21] [ATTENTE] Graph retourne HTTP 504. Nouvelle tentative dans 2 seconde(s).
[25/08/2026 15:36:34] [INFO] Controle romain.nicolle@infopro-digital.com - page 1 traitee, total lu : 0, memoire PowerShell : 5194 Mo.
[25/08/2026 15:36:34] [INFO] Aucune connexion Power BI trouvee pour romain.nicolle@infopro-digital.com pendant le controle individuel.
[25/08/2026 15:36:34] [INFO] Controle individuel Entra : sandrine.moussac@infopro-digital.com - ID 2621d281-66d4-4103-9c58-3548f97594cb
[25/08/2026 15:37:05] [INFO] Controle sandrine.moussac@infopro-digital.com - page 1 traitee, total lu : 250, memoire PowerShell : 5197 Mo.
[25/08/2026 15:37:09] [INFO] Controle sandrine.moussac@infopro-digital.com - page 2 traitee, total lu : 500, memoire PowerShell : 5196 Mo.
[25/08/2026 15:37:12] [INFO] Controle sandrine.moussac@infopro-digital.com - page 3 traitee, total lu : 750, memoire PowerShell : 5197 Mo.
[25/08/2026 15:38:01] [INFO] Controle sandrine.moussac@infopro-digital.com - page 4 traitee, total lu : 1000, memoire PowerShell : 5197 Mo.
[25/08/2026 15:38:03] [INFO] Controle sandrine.moussac@infopro-digital.com - page 5 traitee, total lu : 1250, memoire PowerShell : 5197 Mo.
[25/08/2026 15:38:04] [INFO] Controle sandrine.moussac@infopro-digital.com - page 6 traitee, total lu : 1500, memoire PowerShell : 5197 Mo.
[25/08/2026 15:38:06] [INFO] Controle sandrine.moussac@infopro-digital.com - page 7 traitee, total lu : 1750, memoire PowerShell : 5197 Mo.
[25/08/2026 15:38:09] [INFO] Controle sandrine.moussac@infopro-digital.com - page 8 traitee, total lu : 2000, memoire PowerShell : 5197 Mo.
[25/08/2026 15:38:12] [INFO] Controle sandrine.moussac@infopro-digital.com - page 9 traitee, total lu : 2250, memoire PowerShell : 5197 Mo.
[25/08/2026 15:38:14] [INFO] Controle sandrine.moussac@infopro-digital.com - page 10 traitee, total lu : 2500, memoire PowerShell : 5197 Mo.
[25/08/2026 15:38:16] [INFO] Controle sandrine.moussac@infopro-digital.com - page 11 traitee, total lu : 2750, memoire PowerShell : 5197 Mo.
[25/08/2026 15:38:18] [INFO] Controle sandrine.moussac@infopro-digital.com - page 12 traitee, total lu : 3000, memoire PowerShell : 5197 Mo.
[25/08/2026 15:38:20] [INFO] Controle sandrine.moussac@infopro-digital.com - page 13 traitee, total lu : 3250, memoire PowerShell : 5197 Mo.
[25/08/2026 15:38:23] [INFO] Controle sandrine.moussac@infopro-digital.com - page 14 traitee, total lu : 3500, memoire PowerShell : 5197 Mo.
[25/08/2026 15:38:25] [INFO] Controle sandrine.moussac@infopro-digital.com - page 15 traitee, total lu : 3627, memoire PowerShell : 5197 Mo.
[25/08/2026 15:38:25] [INFO] Aucune connexion Power BI trouvee pour sandrine.moussac@infopro-digital.com pendant le controle individuel.
[25/08/2026 15:38:25] [INFO] Controle individuel Entra : sarah.loupias@infopro-digital.com - ID 509e795b-3a5b-4c39-80e5-65a718cd40ab
[25/08/2026 15:38:48] [INFO] Controle sarah.loupias@infopro-digital.com - page 1 traitee, total lu : 250, memoire PowerShell : 5211 Mo.
[25/08/2026 15:38:55] [INFO] Controle sarah.loupias@infopro-digital.com - page 2 traitee, total lu : 500, memoire PowerShell : 5223 Mo.
[25/08/2026 15:39:07] [INFO] Controle sarah.loupias@infopro-digital.com - page 3 traitee, total lu : 750, memoire PowerShell : 5223 Mo.
[25/08/2026 15:39:10] [INFO] Controle sarah.loupias@infopro-digital.com - page 4 traitee, total lu : 1000, memoire PowerShell : 5223 Mo.
[25/08/2026 15:39:15] [INFO] Controle sarah.loupias@infopro-digital.com - page 5 traitee, total lu : 1250, memoire PowerShell : 5221 Mo.
[25/08/2026 15:39:22] [INFO] Controle sarah.loupias@infopro-digital.com - page 6 traitee, total lu : 1500, memoire PowerShell : 5222 Mo.
[25/08/2026 15:39:25] [INFO] Controle sarah.loupias@infopro-digital.com - page 7 traitee, total lu : 1750, memoire PowerShell : 5223 Mo.
[25/08/2026 15:39:28] [INFO] Controle sarah.loupias@infopro-digital.com - page 8 traitee, total lu : 2000, memoire PowerShell : 5223 Mo.
[25/08/2026 15:39:31] [INFO] Controle sarah.loupias@infopro-digital.com - page 9 traitee, total lu : 2250, memoire PowerShell : 5224 Mo.
[25/08/2026 15:39:34] [INFO] Controle sarah.loupias@infopro-digital.com - page 10 traitee, total lu : 2500, memoire PowerShell : 5224 Mo.
[25/08/2026 15:39:36] [INFO] Controle sarah.loupias@infopro-digital.com - page 11 traitee, total lu : 2750, memoire PowerShell : 5223 Mo.
[25/08/2026 15:39:40] [INFO] Controle sarah.loupias@infopro-digital.com - page 12 traitee, total lu : 3000, memoire PowerShell : 5225 Mo.
[25/08/2026 15:39:55] [INFO] Controle sarah.loupias@infopro-digital.com - page 13 traitee, total lu : 3250, memoire PowerShell : 5225 Mo.
[25/08/2026 15:39:58] [INFO] Controle sarah.loupias@infopro-digital.com - page 14 traitee, total lu : 3500, memoire PowerShell : 5225 Mo.
[25/08/2026 15:40:00] [INFO] Controle sarah.loupias@infopro-digital.com - page 15 traitee, total lu : 3750, memoire PowerShell : 5226 Mo.
[25/08/2026 15:40:03] [INFO] Controle sarah.loupias@infopro-digital.com - page 16 traitee, total lu : 4000, memoire PowerShell : 5235 Mo.
[25/08/2026 15:40:07] [INFO] Controle sarah.loupias@infopro-digital.com - page 17 traitee, total lu : 4250, memoire PowerShell : 5300 Mo.
[25/08/2026 15:40:08] [INFO] Controle sarah.loupias@infopro-digital.com - page 18 traitee, total lu : 4500, memoire PowerShell : 5311 Mo.
[25/08/2026 15:40:11] [INFO] Controle sarah.loupias@infopro-digital.com - page 19 traitee, total lu : 4750, memoire PowerShell : 5323 Mo.
[25/08/2026 15:40:52] [INFO] Controle sarah.loupias@infopro-digital.com - page 20 traitee, total lu : 5000, memoire PowerShell : 5308 Mo.
[25/08/2026 15:40:56] [INFO] Obtention ou renouvellement du jeton Microsoft Graph.
[25/08/2026 15:40:56] [INFO] Jeton Graph valide jusqu'au 25/08/2026 16:35:55.
[25/08/2026 15:41:11] [INFO] Controle sarah.loupias@infopro-digital.com - page 21 traitee, total lu : 5250, memoire PowerShell : 5193 Mo.
[25/08/2026 15:41:19] [INFO] Controle sarah.loupias@infopro-digital.com - page 22 traitee, total lu : 5439, memoire PowerShell : 5191 Mo.
[25/08/2026 15:41:19] [INFO] Aucune connexion Power BI trouvee pour sarah.loupias@infopro-digital.com pendant le controle individuel.
[25/08/2026 15:41:19] [INFO] Controle individuel Entra : sophie.lemenaheze@infopro-digital.com - ID e119c236-1e6e-4e27-95e7-fd00ac77de87
[25/08/2026 15:41:22] [INFO] Controle sophie.lemenaheze@infopro-digital.com - page 1 traitee, total lu : 250, memoire PowerShell : 5193 Mo.
[25/08/2026 15:41:28] [INFO] Controle sophie.lemenaheze@infopro-digital.com - page 2 traitee, total lu : 500, memoire PowerShell : 5191 Mo.
[25/08/2026 15:41:31] [INFO] Controle sophie.lemenaheze@infopro-digital.com - page 3 traitee, total lu : 750, memoire PowerShell : 5192 Mo.
[25/08/2026 15:41:35] [INFO] Controle sophie.lemenaheze@infopro-digital.com - page 4 traitee, total lu : 1000, memoire PowerShell : 5192 Mo.
[25/08/2026 15:41:39] [INFO] Controle sophie.lemenaheze@infopro-digital.com - page 5 traitee, total lu : 1250, memoire PowerShell : 5192 Mo.
[25/08/2026 15:41:47] [INFO] Controle sophie.lemenaheze@infopro-digital.com - page 6 traitee, total lu : 1500, memoire PowerShell : 5193 Mo.
[25/08/2026 15:41:51] [INFO] Controle sophie.lemenaheze@infopro-digital.com - page 7 traitee, total lu : 1750, memoire PowerShell : 5191 Mo.
[25/08/2026 15:41:53] [INFO] Controle sophie.lemenaheze@infopro-digital.com - page 8 traitee, total lu : 2000, memoire PowerShell : 5192 Mo.
[25/08/2026 15:41:58] [INFO] Controle sophie.lemenaheze@infopro-digital.com - page 9 traitee, total lu : 2250, memoire PowerShell : 5191 Mo.
[25/08/2026 15:42:08] [INFO] Controle sophie.lemenaheze@infopro-digital.com - page 10 traitee, total lu : 2500, memoire PowerShell : 5192 Mo.
[25/08/2026 15:42:11] [INFO] Controle sophie.lemenaheze@infopro-digital.com - page 11 traitee, total lu : 2750, memoire PowerShell : 5196 Mo.
[25/08/2026 15:42:15] [INFO] Controle sophie.lemenaheze@infopro-digital.com - page 12 traitee, total lu : 3000, memoire PowerShell : 5206 Mo.
[25/08/2026 15:42:18] [INFO] Controle sophie.lemenaheze@infopro-digital.com - page 13 traitee, total lu : 3250, memoire PowerShell : 5214 Mo.
[25/08/2026 15:42:22] [INFO] Controle sophie.lemenaheze@infopro-digital.com - page 14 traitee, total lu : 3500, memoire PowerShell : 5225 Mo.
[25/08/2026 15:42:24] [INFO] Controle sophie.lemenaheze@infopro-digital.com - page 15 traitee, total lu : 3750, memoire PowerShell : 5235 Mo.
[25/08/2026 15:42:26] [INFO] Controle sophie.lemenaheze@infopro-digital.com - page 16 traitee, total lu : 4000, memoire PowerShell : 5245 Mo.
[25/08/2026 15:42:30] [INFO] Controle sophie.lemenaheze@infopro-digital.com - page 17 traitee, total lu : 4250, memoire PowerShell : 5255 Mo.
[25/08/2026 15:42:32] [INFO] Controle sophie.lemenaheze@infopro-digital.com - page 18 traitee, total lu : 4500, memoire PowerShell : 5266 Mo.
[25/08/2026 15:42:36] [INFO] Controle sophie.lemenaheze@infopro-digital.com - page 19 traitee, total lu : 4750, memoire PowerShell : 5276 Mo.
[25/08/2026 15:42:38] [INFO] Controle sophie.lemenaheze@infopro-digital.com - page 20 traitee, total lu : 5000, memoire PowerShell : 5222 Mo.
[25/08/2026 15:42:43] [INFO] Controle sophie.lemenaheze@infopro-digital.com - page 21 traitee, total lu : 5250, memoire PowerShell : 5199 Mo.
[25/08/2026 15:42:47] [INFO] Controle sophie.lemenaheze@infopro-digital.com - page 22 traitee, total lu : 5500, memoire PowerShell : 5197 Mo.
[25/08/2026 15:42:49] [INFO] Controle sophie.lemenaheze@infopro-digital.com - page 23 traitee, total lu : 5750, memoire PowerShell : 5198 Mo.
[25/08/2026 15:42:51] [INFO] Controle sophie.lemenaheze@infopro-digital.com - page 24 traitee, total lu : 6000, memoire PowerShell : 5198 Mo.
[25/08/2026 15:42:53] [INFO] Controle sophie.lemenaheze@infopro-digital.com - page 25 traitee, total lu : 6250, memoire PowerShell : 5198 Mo.
[25/08/2026 15:42:58] [INFO] Controle sophie.lemenaheze@infopro-digital.com - page 26 traitee, total lu : 6500, memoire PowerShell : 5199 Mo.
[25/08/2026 15:43:05] [INFO] Controle sophie.lemenaheze@infopro-digital.com - page 27 traitee, total lu : 6750, memoire PowerShell : 5197 Mo.
[25/08/2026 15:43:07] [INFO] Controle sophie.lemenaheze@infopro-digital.com - page 28 traitee, total lu : 7000, memoire PowerShell : 5198 Mo.
[25/08/2026 15:43:11] [INFO] Controle sophie.lemenaheze@infopro-digital.com - page 29 traitee, total lu : 7250, memoire PowerShell : 5186 Mo.
[25/08/2026 15:43:13] [INFO] Controle sophie.lemenaheze@infopro-digital.com - page 30 traitee, total lu : 7500, memoire PowerShell : 5184 Mo.
[25/08/2026 15:43:14] [INFO] Controle sophie.lemenaheze@infopro-digital.com - page 31 traitee, total lu : 7750, memoire PowerShell : 5184 Mo.
[25/08/2026 15:43:18] [INFO] Controle sophie.lemenaheze@infopro-digital.com - page 32 traitee, total lu : 8000, memoire PowerShell : 5184 Mo.
[25/08/2026 15:43:19] [INFO] Controle sophie.lemenaheze@infopro-digital.com - page 33 traitee, total lu : 8124, memoire PowerShell : 5182 Mo.
[25/08/2026 15:43:19] [INFO] Aucune connexion Power BI trouvee pour sophie.lemenaheze@infopro-digital.com pendant le controle individuel.
[25/08/2026 15:43:19] [INFO] Controle individuel Entra : stephane.magnat@infopro-digital.com - ID f216bad5-d852-426f-b320-b73e48aab66a
[25/08/2026 15:43:30] [INFO] Controle stephane.magnat@infopro-digital.com - page 1 traitee, total lu : 250, memoire PowerShell : 5197 Mo.
[25/08/2026 15:43:37] [INFO] Controle stephane.magnat@infopro-digital.com - page 2 traitee, total lu : 500, memoire PowerShell : 5214 Mo.
[25/08/2026 15:43:42] [INFO] Controle stephane.magnat@infopro-digital.com - page 3 traitee, total lu : 750, memoire PowerShell : 5224 Mo.
[25/08/2026 15:44:33] [INFO] Controle stephane.magnat@infopro-digital.com - page 4 traitee, total lu : 1000, memoire PowerShell : 5198 Mo.
[25/08/2026 15:44:42] [INFO] Controle stephane.magnat@infopro-digital.com - page 5 traitee, total lu : 1250, memoire PowerShell : 5198 Mo.
[25/08/2026 15:44:45] [INFO] Controle stephane.magnat@infopro-digital.com - page 6 traitee, total lu : 1500, memoire PowerShell : 5199 Mo.
[25/08/2026 15:44:47] [INFO] Controle stephane.magnat@infopro-digital.com - page 7 traitee, total lu : 1750, memoire PowerShell : 5199 Mo.
[25/08/2026 15:44:49] [INFO] Controle stephane.magnat@infopro-digital.com - page 8 traitee, total lu : 2000, memoire PowerShell : 5200 Mo.
[25/08/2026 15:44:52] [INFO] Controle stephane.magnat@infopro-digital.com - page 9 traitee, total lu : 2250, memoire PowerShell : 5197 Mo.
[25/08/2026 15:44:54] [INFO] Controle stephane.magnat@infopro-digital.com - page 10 traitee, total lu : 2500, memoire PowerShell : 5199 Mo.
[25/08/2026 15:44:56] [INFO] Controle stephane.magnat@infopro-digital.com - page 11 traitee, total lu : 2750, memoire PowerShell : 5198 Mo.
[25/08/2026 15:44:57] [INFO] Controle stephane.magnat@infopro-digital.com - page 12 traitee, total lu : 3000, memoire PowerShell : 5199 Mo.
[25/08/2026 15:45:00] [INFO] Controle stephane.magnat@infopro-digital.com - page 13 traitee, total lu : 3236, memoire PowerShell : 5199 Mo.
[25/08/2026 15:45:00] [INFO] 14 connexion(s) Power BI trouvee(s) pour stephane.magnat@infopro-digital.com.
[25/08/2026 15:45:00] [INFO] Controle individuel Entra : svc_finance-se@infoprodigital365.onmicrosoft.com - ID 73dd15bd-b496-4bc4-b6ea-16fcadbc781c
[25/08/2026 15:45:36] [INFO] Controle svc_finance-se@infoprodigital365.onmicrosoft.com - page 1 traitee, total lu : 0, memoire PowerShell : 5200 Mo.
[25/08/2026 15:45:36] [INFO] Aucune connexion Power BI trouvee pour svc_finance-se@infoprodigital365.onmicrosoft.com pendant le controle individuel.
[25/08/2026 15:45:36] [INFO] Controle individuel Entra : valerie.lamasse@infopro-digital.com - ID 4e8ed284-6313-4fcc-8683-88809f9cd82b
[25/08/2026 15:45:43] [INFO] Controle valerie.lamasse@infopro-digital.com - page 1 traitee, total lu : 250, memoire PowerShell : 5199 Mo.
[25/08/2026 15:45:57] [INFO] Controle valerie.lamasse@infopro-digital.com - page 2 traitee, total lu : 500, memoire PowerShell : 5201 Mo.
[25/08/2026 15:46:04] [INFO] Controle valerie.lamasse@infopro-digital.com - page 3 traitee, total lu : 750, memoire PowerShell : 5209 Mo.
[25/08/2026 15:46:07] [INFO] Controle valerie.lamasse@infopro-digital.com - page 4 traitee, total lu : 1000, memoire PowerShell : 5216 Mo.
[25/08/2026 15:46:11] [INFO] Controle valerie.lamasse@infopro-digital.com - page 5 traitee, total lu : 1250, memoire PowerShell : 5226 Mo.
[25/08/2026 15:46:13] [INFO] Controle valerie.lamasse@infopro-digital.com - page 6 traitee, total lu : 1500, memoire PowerShell : 5228 Mo.
[25/08/2026 15:46:16] [INFO] Controle valerie.lamasse@infopro-digital.com - page 7 traitee, total lu : 1750, memoire PowerShell : 5228 Mo.
[25/08/2026 15:46:18] [INFO] Controle valerie.lamasse@infopro-digital.com - page 8 traitee, total lu : 2000, memoire PowerShell : 5228 Mo.
[25/08/2026 15:46:21] [INFO] Controle valerie.lamasse@infopro-digital.com - page 9 traitee, total lu : 2250, memoire PowerShell : 5229 Mo.
[25/08/2026 15:46:25] [INFO] Controle valerie.lamasse@infopro-digital.com - page 10 traitee, total lu : 2500, memoire PowerShell : 5227 Mo.
[25/08/2026 15:46:27] [INFO] Controle valerie.lamasse@infopro-digital.com - page 11 traitee, total lu : 2750, memoire PowerShell : 5228 Mo.
[25/08/2026 15:46:33] [INFO] Controle valerie.lamasse@infopro-digital.com - page 12 traitee, total lu : 3000, memoire PowerShell : 5228 Mo.
[25/08/2026 15:46:36] [INFO] Controle valerie.lamasse@infopro-digital.com - page 13 traitee, total lu : 3250, memoire PowerShell : 5230 Mo.
[25/08/2026 15:46:38] [INFO] Controle valerie.lamasse@infopro-digital.com - page 14 traitee, total lu : 3500, memoire PowerShell : 5228 Mo.
[25/08/2026 15:46:53] [INFO] Controle valerie.lamasse@infopro-digital.com - page 15 traitee, total lu : 3750, memoire PowerShell : 5228 Mo.
[25/08/2026 15:46:57] [INFO] Controle valerie.lamasse@infopro-digital.com - page 16 traitee, total lu : 4000, memoire PowerShell : 5229 Mo.
[25/08/2026 15:47:00] [INFO] Controle valerie.lamasse@infopro-digital.com - page 17 traitee, total lu : 4250, memoire PowerShell : 5230 Mo.
[25/08/2026 15:47:07] [INFO] Controle valerie.lamasse@infopro-digital.com - page 18 traitee, total lu : 4500, memoire PowerShell : 5230 Mo.
[25/08/2026 15:47:10] [INFO] Controle valerie.lamasse@infopro-digital.com - page 19 traitee, total lu : 4750, memoire PowerShell : 5228 Mo.
[25/08/2026 15:47:12] [INFO] Controle valerie.lamasse@infopro-digital.com - page 20 traitee, total lu : 5000, memoire PowerShell : 5237 Mo.
[25/08/2026 15:47:17] [INFO] Controle valerie.lamasse@infopro-digital.com - page 21 traitee, total lu : 5250, memoire PowerShell : 5209 Mo.
[25/08/2026 15:47:19] [INFO] Controle valerie.lamasse@infopro-digital.com - page 22 traitee, total lu : 5500, memoire PowerShell : 5207 Mo.
[25/08/2026 15:47:21] [INFO] Controle valerie.lamasse@infopro-digital.com - page 23 traitee, total lu : 5750, memoire PowerShell : 5207 Mo.
[25/08/2026 15:47:32] [INFO] Controle valerie.lamasse@infopro-digital.com - page 24 traitee, total lu : 6000, memoire PowerShell : 5208 Mo.
[25/08/2026 15:47:34] [INFO] Controle valerie.lamasse@infopro-digital.com - page 25 traitee, total lu : 6250, memoire PowerShell : 5208 Mo.
[25/08/2026 15:47:43] [INFO] Controle valerie.lamasse@infopro-digital.com - page 26 traitee, total lu : 6500, memoire PowerShell : 5208 Mo.
[25/08/2026 15:47:47] [INFO] Controle valerie.lamasse@infopro-digital.com - page 27 traitee, total lu : 6750, memoire PowerShell : 5209 Mo.
[25/08/2026 15:47:49] [INFO] Controle valerie.lamasse@infopro-digital.com - page 28 traitee, total lu : 7000, memoire PowerShell : 5207 Mo.
[25/08/2026 15:47:54] [INFO] Controle valerie.lamasse@infopro-digital.com - page 29 traitee, total lu : 7250, memoire PowerShell : 5208 Mo.
[25/08/2026 15:47:56] [INFO] Controle valerie.lamasse@infopro-digital.com - page 30 traitee, total lu : 7387, memoire PowerShell : 5204 Mo.
[25/08/2026 15:47:56] [INFO] 4 connexion(s) Power BI trouvee(s) pour valerie.lamasse@infopro-digital.com.
[25/08/2026 15:47:56] [INFO] Controle individuel Entra : Yvonne.Dueppe@infopro-digital.com - ID e4000a92-00ae-4caf-9d81-3b307839addc
[25/08/2026 15:48:00] [INFO] Controle Yvonne.Dueppe@infopro-digital.com - page 1 traitee, total lu : 250, memoire PowerShell : 5209 Mo.
[25/08/2026 15:48:04] [INFO] Controle Yvonne.Dueppe@infopro-digital.com - page 2 traitee, total lu : 500, memoire PowerShell : 5207 Mo.
[25/08/2026 15:48:07] [INFO] Controle Yvonne.Dueppe@infopro-digital.com - page 3 traitee, total lu : 750, memoire PowerShell : 5209 Mo.
[25/08/2026 15:48:10] [INFO] Controle Yvonne.Dueppe@infopro-digital.com - page 4 traitee, total lu : 1000, memoire PowerShell : 5220 Mo.
[25/08/2026 15:48:16] [INFO] Controle Yvonne.Dueppe@infopro-digital.com - page 5 traitee, total lu : 1250, memoire PowerShell : 5230 Mo.
[25/08/2026 15:48:26] [INFO] Controle Yvonne.Dueppe@infopro-digital.com - page 6 traitee, total lu : 1500, memoire PowerShell : 5239 Mo.
[25/08/2026 15:48:31] [INFO] Controle Yvonne.Dueppe@infopro-digital.com - page 7 traitee, total lu : 1750, memoire PowerShell : 5250 Mo.
[25/08/2026 15:48:38] [INFO] Controle Yvonne.Dueppe@infopro-digital.com - page 8 traitee, total lu : 2000, memoire PowerShell : 5261 Mo.
[25/08/2026 15:48:42] [INFO] Controle Yvonne.Dueppe@infopro-digital.com - page 9 traitee, total lu : 2250, memoire PowerShell : 5269 Mo.
[25/08/2026 15:48:45] [INFO] Controle Yvonne.Dueppe@infopro-digital.com - page 10 traitee, total lu : 2500, memoire PowerShell : 5281 Mo.
[25/08/2026 15:48:50] [INFO] Controle Yvonne.Dueppe@infopro-digital.com - page 11 traitee, total lu : 2750, memoire PowerShell : 5292 Mo.
[25/08/2026 15:48:58] [INFO] Controle Yvonne.Dueppe@infopro-digital.com - page 12 traitee, total lu : 3000, memoire PowerShell : 5300 Mo.
[25/08/2026 15:49:00] [INFO] Controle Yvonne.Dueppe@infopro-digital.com - page 13 traitee, total lu : 3250, memoire PowerShell : 5253 Mo.
[25/08/2026 15:49:03] [INFO] Controle Yvonne.Dueppe@infopro-digital.com - page 14 traitee, total lu : 3500, memoire PowerShell : 5253 Mo.
[25/08/2026 15:49:04] [INFO] Controle Yvonne.Dueppe@infopro-digital.com - page 15 traitee, total lu : 3750, memoire PowerShell : 5251 Mo.
[25/08/2026 15:49:08] [INFO] Controle Yvonne.Dueppe@infopro-digital.com - page 16 traitee, total lu : 4000, memoire PowerShell : 5253 Mo.
[25/08/2026 15:49:12] [INFO] Controle Yvonne.Dueppe@infopro-digital.com - page 17 traitee, total lu : 4250, memoire PowerShell : 5251 Mo.
[25/08/2026 15:49:14] [INFO] Controle Yvonne.Dueppe@infopro-digital.com - page 18 traitee, total lu : 4500, memoire PowerShell : 5253 Mo.
[25/08/2026 15:49:26] [INFO] Controle Yvonne.Dueppe@infopro-digital.com - page 19 traitee, total lu : 4750, memoire PowerShell : 5254 Mo.
[25/08/2026 15:49:28] [INFO] Controle Yvonne.Dueppe@infopro-digital.com - page 20 traitee, total lu : 5000, memoire PowerShell : 5251 Mo.
[25/08/2026 15:49:34] [INFO] Controle Yvonne.Dueppe@infopro-digital.com - page 21 traitee, total lu : 5250, memoire PowerShell : 5214 Mo.
[25/08/2026 15:49:39] [INFO] Controle Yvonne.Dueppe@infopro-digital.com - page 22 traitee, total lu : 5500, memoire PowerShell : 5212 Mo.
[25/08/2026 15:49:42] [INFO] Controle Yvonne.Dueppe@infopro-digital.com - page 23 traitee, total lu : 5710, memoire PowerShell : 5211 Mo.
[25/08/2026 15:49:42] [INFO] Aucune connexion Power BI trouvee pour Yvonne.Dueppe@infopro-digital.com pendant le controle individuel.
[25/08/2026 15:49:42] [INFO] Controle individuel Entra : zoe.schulte@infopro-digital.com - ID fe3e10ab-f212-4e6e-85d5-19038ed4fa28
[25/08/2026 15:49:45] [INFO] Controle zoe.schulte@infopro-digital.com - page 1 traitee, total lu : 250, memoire PowerShell : 5213 Mo.
[25/08/2026 15:49:50] [INFO] Controle zoe.schulte@infopro-digital.com - page 2 traitee, total lu : 500, memoire PowerShell : 5213 Mo.
[25/08/2026 15:49:53] [INFO] Controle zoe.schulte@infopro-digital.com - page 3 traitee, total lu : 750, memoire PowerShell : 5213 Mo.
[25/08/2026 15:49:56] [INFO] Controle zoe.schulte@infopro-digital.com - page 4 traitee, total lu : 1000, memoire PowerShell : 5214 Mo.
[25/08/2026 15:50:00] [INFO] Controle zoe.schulte@infopro-digital.com - page 5 traitee, total lu : 1250, memoire PowerShell : 5211 Mo.
[25/08/2026 15:50:04] [INFO] Controle zoe.schulte@infopro-digital.com - page 6 traitee, total lu : 1500, memoire PowerShell : 5211 Mo.
[25/08/2026 15:50:07] [INFO] Controle zoe.schulte@infopro-digital.com - page 7 traitee, total lu : 1750, memoire PowerShell : 5212 Mo.
[25/08/2026 15:50:11] [INFO] Controle zoe.schulte@infopro-digital.com - page 8 traitee, total lu : 2000, memoire PowerShell : 5213 Mo.
[25/08/2026 15:50:14] [INFO] Controle zoe.schulte@infopro-digital.com - page 9 traitee, total lu : 2250, memoire PowerShell : 5213 Mo.
[25/08/2026 15:50:31] [INFO] Controle zoe.schulte@infopro-digital.com - page 10 traitee, total lu : 2500, memoire PowerShell : 5217 Mo.
[25/08/2026 15:50:32] [INFO] Controle zoe.schulte@infopro-digital.com - page 11 traitee, total lu : 2750, memoire PowerShell : 5226 Mo.
[25/08/2026 15:50:34] [INFO] Controle zoe.schulte@infopro-digital.com - page 12 traitee, total lu : 3000, memoire PowerShell : 5236 Mo.
[25/08/2026 15:50:39] [INFO] Controle zoe.schulte@infopro-digital.com - page 13 traitee, total lu : 3250, memoire PowerShell : 5246 Mo.
[25/08/2026 15:50:50] [INFO] Controle zoe.schulte@infopro-digital.com - page 14 traitee, total lu : 3500, memoire PowerShell : 5257 Mo.
[25/08/2026 15:50:54] [INFO] Controle zoe.schulte@infopro-digital.com - page 15 traitee, total lu : 3750, memoire PowerShell : 5265 Mo.
[25/08/2026 15:50:58] [INFO] Controle zoe.schulte@infopro-digital.com - page 16 traitee, total lu : 4000, memoire PowerShell : 5275 Mo.
[25/08/2026 15:51:00] [INFO] Controle zoe.schulte@infopro-digital.com - page 17 traitee, total lu : 4250, memoire PowerShell : 5287 Mo.
[25/08/2026 15:51:05] [INFO] Controle zoe.schulte@infopro-digital.com - page 18 traitee, total lu : 4500, memoire PowerShell : 5297 Mo.
[25/08/2026 15:51:07] [INFO] Controle zoe.schulte@infopro-digital.com - page 19 traitee, total lu : 4750, memoire PowerShell : 5307 Mo.
[25/08/2026 15:51:14] [INFO] Controle zoe.schulte@infopro-digital.com - page 20 traitee, total lu : 5000, memoire PowerShell : 5266 Mo.
[25/08/2026 15:51:18] [INFO] Controle zoe.schulte@infopro-digital.com - page 21 traitee, total lu : 5250, memoire PowerShell : 5222 Mo.
[25/08/2026 15:51:24] [INFO] Controle zoe.schulte@infopro-digital.com - page 22 traitee, total lu : 5500, memoire PowerShell : 5225 Mo.
[25/08/2026 15:51:26] [INFO] Controle zoe.schulte@infopro-digital.com - page 23 traitee, total lu : 5750, memoire PowerShell : 5223 Mo.
[25/08/2026 15:51:35] [INFO] Controle zoe.schulte@infopro-digital.com - page 24 traitee, total lu : 6000, memoire PowerShell : 5222 Mo.
[25/08/2026 15:51:42] [INFO] Controle zoe.schulte@infopro-digital.com - page 25 traitee, total lu : 6250, memoire PowerShell : 5224 Mo.
[25/08/2026 15:51:44] [INFO] Controle zoe.schulte@infopro-digital.com - page 26 traitee, total lu : 6500, memoire PowerShell : 5222 Mo.
[25/08/2026 15:51:49] [INFO] Controle zoe.schulte@infopro-digital.com - page 27 traitee, total lu : 6750, memoire PowerShell : 5224 Mo.
[25/08/2026 15:51:50] [INFO] Controle zoe.schulte@infopro-digital.com - page 28 traitee, total lu : 7000, memoire PowerShell : 5224 Mo.
[25/08/2026 15:51:54] [INFO] Controle zoe.schulte@infopro-digital.com - page 29 traitee, total lu : 7250, memoire PowerShell : 5224 Mo.
[25/08/2026 15:52:11] [INFO] Controle zoe.schulte@infopro-digital.com - page 30 traitee, total lu : 7500, memoire PowerShell : 5224 Mo.
[25/08/2026 15:52:16] [INFO] Controle zoe.schulte@infopro-digital.com - page 31 traitee, total lu : 7750, memoire PowerShell : 5225 Mo.
[25/08/2026 15:52:20] [INFO] Controle zoe.schulte@infopro-digital.com - page 32 traitee, total lu : 8000, memoire PowerShell : 5223 Mo.
[25/08/2026 15:52:25] [INFO] Controle zoe.schulte@infopro-digital.com - page 33 traitee, total lu : 8250, memoire PowerShell : 5230 Mo.
[25/08/2026 15:52:27] [INFO] Controle zoe.schulte@infopro-digital.com - page 34 traitee, total lu : 8500, memoire PowerShell : 5239 Mo.
[25/08/2026 15:52:30] [INFO] Controle zoe.schulte@infopro-digital.com - page 35 traitee, total lu : 8750, memoire PowerShell : 5250 Mo.
[25/08/2026 15:52:31] [INFO] Controle zoe.schulte@infopro-digital.com - page 36 traitee, total lu : 9000, memoire PowerShell : 5261 Mo.
[25/08/2026 15:52:34] [INFO] Controle zoe.schulte@infopro-digital.com - page 37 traitee, total lu : 9250, memoire PowerShell : 5269 Mo.
[25/08/2026 15:52:38] [INFO] Controle zoe.schulte@infopro-digital.com - page 38 traitee, total lu : 9500, memoire PowerShell : 5281 Mo.
[25/08/2026 15:52:41] [INFO] Controle zoe.schulte@infopro-digital.com - page 39 traitee, total lu : 9750, memoire PowerShell : 5291 Mo.
[25/08/2026 15:52:43] [INFO] Controle zoe.schulte@infopro-digital.com - page 40 traitee, total lu : 10000, memoire PowerShell : 5301 Mo.
[25/08/2026 15:52:48] [INFO] Controle zoe.schulte@infopro-digital.com - page 41 traitee, total lu : 10010, memoire PowerShell : 5227 Mo.
[25/08/2026 15:52:48] [INFO] Aucune connexion Power BI trouvee pour zoe.schulte@infopro-digital.com pendant le controle individuel.
[25/08/2026 15:52:50] [INFO] Ecriture du rapport consolide : C:\Users\ffaradji-op\Desktop\Mercury script powershell\Rapport-PowerBI-Consolide-90J2.csv
[25/08/2026 15:52:50] [INFO] Rapport termine : 710 licence(s), 38 candidat(s) au retrait.
[25/08/2026 15:52:50] [SECURITE] Les candidats exigent encore une validation humaine avant retrait de licence.
[25/08/2026 15:52:50] [INFO] Duree totale : 03:52:05.5420090.
