"Decision";"Motif";"Nom";"Utilisateur";"Mail";"CompteActif";"TypeUtilisateur";"LicencePowerBI";"SkusAttribues";"DateAttributionLicence";"AuditPurviewComplet";"DebutControleAudit";"FinControleAudit";"NombreActivitesAudit";"DerniereActivitePowerBI";"JoursDepuisDerniereActivite";"DerniereOperation";"ConnexionsEntraCompletes";"SourceControleConnexions";"RechercheGlobaleEntraComplete";"DebutControleConnexions";"NombreConnexionsEntra";"NombreConnexionsInteractives";"NombreConnexionsNonInteractives";"DerniereConnexionEntra";"DerniereConnexionOnline";"DerniereConnexionDesktop";"ErreurAudit";"ErreurControleIndividuelEntra";"ErreurRechercheGlobaleEntra";"ErreurConnexionsEntra"
"CANDIDAT AU RETRAIT - VALIDATION HUMAINE";"Aucune activite Power BI trouvee sur toute la periode de 90 jours. Valider avec le manager avant retrait.";"Abi Stanton";"abi.stanton@infopro-digital.com";"abi.stanton@1lod.com";"True";"Member";"Power BI Pro";"DYN365_BUSCENTRAL_TEAM_MEMBER | ENTERPRISEPACK | FLOW_FREE | POWER_BI_PRO";"11/03/2026 16:31:10 +01:00";"True";"28/05/2026 10:55:18 +02:00";"26/08/2026 10:55:18 +02:00";"0";;;;"True";"Controle individuel par ID Entra";"False";"27/07/2026 10:55:18 +02:00";"0";"0";"0";;;;;;"HTTP 410 - ressource ou lien de pagination Graph expire/non disponible. Appel : GET /beta/auditLogs/signIns. Le controle correspondant est incomplet et interdit tout retrait de licence fonde sur cet appel.";
"CANDIDAT AU RETRAIT - VALIDATION HUMAINE";"Aucune activite Power BI trouvee sur toute la periode de 90 jours. Valider avec le manager avant retrait.";"Abigail McLemore";"Abigail.McLemore@infopro-digital.com";"abigail.mclemore@infopro-digital.com";"True";"Member";"Power BI Pro";"DYN365_BUSCENTRAL_TEAM_MEMBER | ENTERPRISEPACK | FLOW_FREE | MCOEV | POWER_BI_PRO";"11/03/2026 16:31:08 +01:00";"True";"28/05/2026 10:55:18 +02:00";"26/08/2026 10:55:18 +02:00";"0";;;;"True";"Controle individuel par ID Entra";"False";"27/07/2026 10:55:18 +02:00";"0";"0";"0";;;;;;"HTTP 410 - ressource ou lien de pagination Graph expire/non disponible. Appel : GET /beta/auditLogs/signIns. Le controle correspondant est incomplet et interdit tout retrait de licence fonde sur cet appel.";
"CANDIDAT AU RETRAIT - VALIDATION HUMAINE";"Aucune activite Power BI trouvee sur toute la periode de 90 jours. Valider avec le manager avant retrait.";"CANTO, Albane";"albane.canto@technicites.fr";"albane.canto@technicites.fr";"True";"Member";"Power BI Pro";"FLOW_FREE | POWER_BI_PRO | POWER_BI_STANDARD | STANDARDPACK";"26/04/2023 10:50:05 +02:00";"True";"28/05/2026 10:55:18 +02:00";"26/08/2026 10:55:18 +02:00";"0";;;;"True";"Controle individuel par ID Entra";"False";"27/07/2026 10:55:18 +02:00";"0";"0";"0";;;;;;"HTTP 410 - ressource ou lien de pagination Graph expire/non disponible. Appel : GET /beta/auditLogs/signIns. Le controle correspondant est incomplet et interdit tout retrait de licence fonde sur cet appel.";
"CANDIDAT AU RETRAIT - VALIDATION HUMAINE";"Aucune activite Power BI trouvee sur toute la periode de 90 jours. Valider avec le manager avant retrait.";"MENAY, Aurelie (EXT)";"aurelie.menay@infopro-digital.com";"aurelie.menay@infopro-digital.com";"True";"Member";"Power BI Pro";"FLOW_FREE | POWER_BI_PRO | POWER_BI_STANDARD | STANDARDPACK";"25/08/2025 11:54:57 +02:00";"True";"28/05/2026 10:55:18 +02:00";"26/08/2026 10:55:18 +02:00";"0";;;;"True";"Controle individuel par ID Entra";"False";"27/07/2026 10:55:18 +02:00";"0";"0";"0";;;;;;"HTTP 410 - ressource ou lien de pagination Graph expire/non disponible. Appel : GET /beta/auditLogs/signIns. Le controle correspondant est incomplet et interdit tout retrait de licence fonde sur cet appel.";
"CANDIDAT AU RETRAIT - VALIDATION HUMAINE";"Aucune activite Power BI trouvee sur toute la periode de 90 jours. Valider avec le manager avant retrait.";"Ben St Clair";"Ben.StClair@infopro-digital.com";"ben.stclair@infopro-digital.com";"True";"Member";"Power BI Pro";"FLOW_FREE | MCOEV | POWER_BI_STANDARD | POWERAPPS_VIRAL | SPE_E5";"31/07/2025 15:47:03 +02:00";"True";"28/05/2026 10:55:18 +02:00";"26/08/2026 10:55:18 +02:00";"0";;;;"True";"Controle individuel par ID Entra";"False";"27/07/2026 10:55:18 +02:00";"0";"0";"0";;;;;;"HTTP 410 - ressource ou lien de pagination Graph expire/non disponible. Appel : GET /beta/auditLogs/signIns. Le controle correspondant est incomplet et interdit tout retrait de licence fonde sur cet appel.";
"CANDIDAT AU RETRAIT - VALIDATION HUMAINE";"Aucune activite Power BI trouvee sur toute la periode de 90 jours. Valider avec le manager avant retrait.";"Bethany Jones";"Bethany.Jones@infopro-digital.com";"bethany.jones@infopro-digital.com";"True";"Member";"Power BI Pro";"DYN365_BUSCENTRAL_TEAM_MEMBER | ENTERPRISEPACK | FLOW_FREE | MCOEV | Microsoft_365_Copilot | POWER_BI_PRO | POWER_BI_STANDARD";"11/03/2026 16:31:18 +01:00";"True";"28/05/2026 10:55:18 +02:00";"26/08/2026 10:55:18 +02:00";"0";;;;"True";"Controle individuel par ID Entra";"False";"27/07/2026 10:55:18 +02:00";"0";"0";"0";;;;;;"HTTP 410 - ressource ou lien de pagination Graph expire/non disponible. Appel : GET /beta/auditLogs/signIns. Le controle correspondant est incomplet et interdit tout retrait de licence fonde sur cet appel.";
"CANDIDAT AU RETRAIT - VALIDATION HUMAINE";"Aucune activite Power BI trouvee sur toute la periode de 90 jours. Valider avec le manager avant retrait.";"RUAT, Celine";"celine.ruat@infopro-digital.com";"celine.ruat@infopro-digital.com";"True";"Member";"Power BI Pro";"FLOW_FREE | POWER_BI_STANDARD | SPE_E5";"17/07/2025 10:55:28 +02:00";"True";"28/05/2026 10:55:18 +02:00";"26/08/2026 10:55:18 +02:00";"0";;;;"True";"Controle individuel par ID Entra";"False";"27/07/2026 10:55:18 +02:00";"0";"0";"0";;;;;;"HTTP 410 - ressource ou lien de pagination Graph expire/non disponible. Appel : GET /beta/auditLogs/signIns. Le controle correspondant est incomplet et interdit tout retrait de licence fonde sur cet appel.";
"CANDIDAT AU RETRAIT - VALIDATION HUMAINE";"Aucune activite Power BI trouvee sur toute la periode de 90 jours. Valider avec le manager avant retrait.";"JOURNET, Chris";"chris.journet@infopro-digital.com";"chris.journet@infopro-digital.com";"True";"Member";"Power BI Pro";"DYN365_BUSCENTRAL_ESSENTIAL | FLOW_FREE | SPE_E5";"28/07/2025 15:00:39 +02:00";"True";"28/05/2026 10:55:18 +02:00";"26/08/2026 10:55:18 +02:00";"0";;;;"True";"Controle individuel par ID Entra";"False";"27/07/2026 10:55:18 +02:00";"0";"0";"0";;;;;;"HTTP 410 - ressource ou lien de pagination Graph expire/non disponible. Appel : GET /beta/auditLogs/signIns. Le controle correspondant est incomplet et interdit tout retrait de licence fonde sur cet appel.";
"CANDIDAT AU RETRAIT - VALIDATION HUMAINE";"Aucune activite Power BI trouvee sur toute la periode de 90 jours. Valider avec le manager avant retrait.";"CZAJKA, Christophe";"christophe.czajka@infopro-digital.com";"cczajka@infopro-digital.com";"True";"Member";"Power BI Pro";"DYN365_BUSCENTRAL_TEAM_MEMBER | FLOW_FREE | Microsoft_365_Copilot | Microsoft_Teams_Audio_Conferencing_select_dial_out | POWER_BI_STANDARD | SPE_E5";"17/07/2025 10:55:31 +02:00";"True";"28/05/2026 10:55:18 +02:00";"26/08/2026 10:55:18 +02:00";"0";;;;"True";"Controle individuel par ID Entra";"False";"27/07/2026 10:55:18 +02:00";"0";"0";"0";;;;;;"HTTP 410 - ressource ou lien de pagination Graph expire/non disponible. Appel : GET /beta/auditLogs/signIns. Le controle correspondant est incomplet et interdit tout retrait de licence fonde sur cet appel.";
"CANDIDAT AU RETRAIT - VALIDATION HUMAINE";"Aucune activite Power BI trouvee sur toute la periode de 90 jours. Valider avec le manager avant retrait.";"Claire Hammond";"claire.hammond@infopro-digital.com";"claire.hammond@infopro-digital.com";"True";"Member";"Power BI Pro";"DYN365_BUSCENTRAL_ESSENTIAL | ENTERPRISEPACK | FLOW_FREE | MCOEV | POWER_BI_PRO | POWER_BI_STANDARD";"21/04/2023 16:25:20 +02:00";"True";"28/05/2026 10:55:18 +02:00";"26/08/2026 10:55:18 +02:00";"0";;;;"True";"Controle individuel par ID Entra";"False";"27/07/2026 10:55:18 +02:00";"0";"0";"0";;;;;;"HTTP 410 - ressource ou lien de pagination Graph expire/non disponible. Appel : GET /beta/auditLogs/signIns. Le controle correspondant est incomplet et interdit tout retrait de licence fonde sur cet appel.";
"CANDIDAT AU RETRAIT - VALIDATION HUMAINE";"Aucune activite Power BI trouvee sur toute la periode de 90 jours. Valider avec le manager avant retrait.";"HETHERINGTON, Clare";"clare.hetherington@infopro-digital.com";"clare.hetherington@infopro-digital.com";"True";"Member";"Power BI Pro";"DYN365_BUSCENTRAL_TEAM_MEMBER | FLOW_FREE | POWER_BI_STANDARD | SPE_E5";"28/07/2025 15:00:40 +02:00";"True";"28/05/2026 10:55:18 +02:00";"26/08/2026 10:55:18 +02:00";"0";;;;"True";"Controle individuel par ID Entra";"False";"27/07/2026 10:55:18 +02:00";"0";"0";"0";;;;;;"HTTP 410 - ressource ou lien de pagination Graph expire/non disponible. Appel : GET /beta/auditLogs/signIns. Le controle correspondant est incomplet et interdit tout retrait de licence fonde sur cet appel.";
"CANDIDAT AU RETRAIT - VALIDATION HUMAINE";"Aucune activite Power BI trouvee sur toute la periode de 90 jours. Valider avec le manager avant retrait.";"WATTS, Darryl";"darryl.watts@infopro-digital.com";"darryl.watts@infopro-digital.com";"True";"Member";"Power BI Pro";"DYN365_BUSCENTRAL_ESSENTIAL | ENTERPRISEPACK | POWER_BI_PRO | POWER_BI_STANDARD";"12/02/2025 15:24:06 +01:00";"True";"28/05/2026 10:55:18 +02:00";"26/08/2026 10:55:18 +02:00";"0";;;;"True";"Controle individuel par ID Entra";"False";"27/07/2026 10:55:18 +02:00";"0";"0";"0";;;;;;"HTTP 410 - ressource ou lien de pagination Graph expire/non disponible. Appel : GET /beta/auditLogs/signIns. Le controle correspondant est incomplet et interdit tout retrait de licence fonde sur cet appel.";
"CANDIDAT AU RETRAIT - VALIDATION HUMAINE";"Aucune activite Power BI trouvee sur toute la periode de 90 jours. Valider avec le manager avant retrait.";"HUSSENOT, Fanny";"fanny.hussenot@infopro-digital.com";"fanny.hussenot@companeo.com";"True";"Member";"Power BI Pro";"FLOW_FREE | POWER_BI_PRO | POWER_BI_STANDARD | STANDARDPACK";"06/09/2022 15:46:50 +02:00";"True";"28/05/2026 10:55:18 +02:00";"26/08/2026 10:55:18 +02:00";"0";;;;"True";"Controle individuel par ID Entra";"False";"27/07/2026 10:55:18 +02:00";"0";"0";"0";;;;;;"HTTP 410 - ressource ou lien de pagination Graph expire/non disponible. Appel : GET /beta/auditLogs/signIns. Le controle correspondant est incomplet et interdit tout retrait de licence fonde sur cet appel.";
"CANDIDAT AU RETRAIT - VALIDATION HUMAINE";"Aucune activite Power BI trouvee sur toute la periode de 90 jours. Valider avec le manager avant retrait.";"MASSIERA, Florent";"florent.massiera@infopro-digital.com";"fmassiera@infopro-digital.com";"True";"Member";"Power BI Pro";"ENTERPRISEPACK | FLOW_FREE | Microsoft_365_Copilot | POWER_BI_PRO | POWER_BI_STANDARD";"19/09/2022 14:05:24 +02:00";"True";"28/05/2026 10:55:18 +02:00";"26/08/2026 10:55:18 +02:00";"0";;;;"True";"Controle individuel par ID Entra";"False";"27/07/2026 10:55:18 +02:00";"0";"0";"0";;;;;;"HTTP 410 - ressource ou lien de pagination Graph expire/non disponible. Appel : GET /beta/auditLogs/signIns. Le controle correspondant est incomplet et interdit tout retrait de licence fonde sur cet appel.";
"CANDIDAT AU RETRAIT - VALIDATION HUMAINE";"Aucune activite Power BI trouvee sur toute la periode de 90 jours. Valider avec le manager avant retrait.";"Hayley Carroll";"hayley.carroll@barbour-abi.com";"hayley.carroll@barbour-abi.com";"True";"Member";"Power BI Pro";"ENTERPRISEPACK | FLOW_FREE | POWER_BI_PRO | POWER_BI_STANDARD";"21/05/2026 14:53:43 +02:00";"True";"28/05/2026 10:55:18 +02:00";"26/08/2026 10:55:18 +02:00";"0";;;;"True";"Controle individuel par ID Entra";"False";"27/07/2026 10:55:18 +02:00";"0";"0";"0";;;;;;"HTTP 410 - ressource ou lien de pagination Graph expire/non disponible. Appel : GET /beta/auditLogs/signIns. Le controle correspondant est incomplet et interdit tout retrait de licence fonde sur cet appel.";
"CANDIDAT AU RETRAIT - VALIDATION HUMAINE";"Aucune activite Power BI trouvee sur toute la periode de 90 jours. Valider avec le manager avant retrait.";"VAN DEN HENGEL-ALBERS, Inge";"inge.van-den-hengel-albers@infopro-digital.com";"inge.van-den-hengel-albers@infopro-digital.com";"True";"Member";"Power BI Pro";"POWER_BI_PRO | POWER_BI_STANDARD | SPE_E3";"06/11/2025 11:31:39 +01:00";"True";"28/05/2026 10:55:18 +02:00";"26/08/2026 10:55:18 +02:00";"0";;;;"True";"Controle individuel par ID Entra";"False";"27/07/2026 10:55:18 +02:00";"0";"0";"0";;;;;;"HTTP 410 - ressource ou lien de pagination Graph expire/non disponible. Appel : GET /beta/auditLogs/signIns. Le controle correspondant est incomplet et interdit tout retrait de licence fonde sur cet appel.";
"CANDIDAT AU RETRAIT - VALIDATION HUMAINE";"Aucune activite Power BI trouvee sur toute la periode de 90 jours. Valider avec le manager avant retrait.";"Zoppa, Ingo";"Ingo.Zoppa@infopro-digital.com";"I.Zoppa@ibau.de";"True";"Member";"Power BI Pro";"ENTERPRISEPACK | FLOW_FREE | POWER_BI_PRO | POWER_BI_STANDARD";"02/02/2026 10:42:46 +01:00";"True";"28/05/2026 10:55:18 +02:00";"26/08/2026 10:55:18 +02:00";"0";;;;"True";"Controle individuel par ID Entra";"False";"27/07/2026 10:55:18 +02:00";"0";"0";"0";;;;;;"HTTP 410 - ressource ou lien de pagination Graph expire/non disponible. Appel : GET /beta/auditLogs/signIns. Le controle correspondant est incomplet et interdit tout retrait de licence fonde sur cet appel.";
"CANDIDAT AU RETRAIT - VALIDATION HUMAINE";"Aucune activite Power BI trouvee sur toute la periode de 90 jours. Valider avec le manager avant retrait.";"PERO, Jocelyne";"jocelyne.pero@infopro-digital.com";"jocelyne.pero@infopro-digital.com";"True";"Member";"Power BI Pro";"FLOW_FREE | POWER_BI_PRO | POWER_BI_STANDARD | STANDARDPACK";"29/07/2024 12:11:06 +02:00";"True";"28/05/2026 10:55:18 +02:00";"26/08/2026 10:55:18 +02:00";"0";;;;"True";"Controle individuel par ID Entra";"False";"27/07/2026 10:55:18 +02:00";"0";"0";"0";;;;;;"HTTP 410 - ressource ou lien de pagination Graph expire/non disponible. Appel : GET /beta/auditLogs/signIns. Le controle correspondant est incomplet et interdit tout retrait de licence fonde sur cet appel.";
"CANDIDAT AU RETRAIT - VALIDATION HUMAINE";"Aucune activite Power BI trouvee sur toute la periode de 90 jours. Valider avec le manager avant retrait.";"ELMALEH, Julien";"julien.elmaleh@infopro-digital.com";"julien.elmaleh@infopro-digital.com";"True";"Member";"Power BI Pro";"FLOW_FREE | Microsoft_Teams_Audio_Conferencing_select_dial_out | POWER_BI_STANDARD | SPE_E5";"17/07/2025 10:55:29 +02:00";"True";"28/05/2026 10:55:18 +02:00";"26/08/2026 10:55:18 +02:00";"0";;;;"True";"Controle individuel par ID Entra";"False";"27/07/2026 10:55:18 +02:00";"0";"0";"0";;;;;;"HTTP 410 - ressource ou lien de pagination Graph expire/non disponible. Appel : GET /beta/auditLogs/signIns. Le controle correspondant est incomplet et interdit tout retrait de licence fonde sur cet appel.";
"CANDIDAT AU RETRAIT - VALIDATION HUMAINE";"Aucune activite Power BI trouvee sur toute la periode de 90 jours. Valider avec le manager avant retrait.";"Menges, Karin";"Karin.Menges@infopro-digital.com";"K.Menges@ibau.de";"True";"Member";"Power BI Pro";"FLOW_FREE | POWER_BI_PRO | POWER_BI_STANDARD | STANDARDPACK";"05/02/2026 09:22:12 +01:00";"True";"28/05/2026 10:55:18 +02:00";"26/08/2026 10:55:18 +02:00";"0";;;;"True";"Controle individuel par ID Entra";"False";"27/07/2026 10:55:18 +02:00";"0";"0";"0";;;;;;"HTTP 410 - ressource ou lien de pagination Graph expire/non disponible. Appel : GET /beta/auditLogs/signIns. Le controle correspondant est incomplet et interdit tout retrait de licence fonde sur cet appel.";
"CANDIDAT AU RETRAIT - VALIDATION HUMAINE";"Aucune activite Power BI trouvee sur toute la periode de 90 jours. Valider avec le manager avant retrait.";"HORSTMANN, Katharina | BauNetz";"katharina.horstmann@infopro-digital.com";"horstmann@baunetz.com";"True";"Member";"Power BI Pro";"FLOW_FREE | POWER_BI_PRO | POWER_BI_STANDARD | STANDARDPACK";"15/04/2025 11:01:33 +02:00";"True";"28/05/2026 10:55:18 +02:00";"26/08/2026 10:55:18 +02:00";"0";;;;"True";"Controle individuel par ID Entra";"False";"27/07/2026 10:55:18 +02:00";"0";"0";"0";;;;;;"HTTP 410 - ressource ou lien de pagination Graph expire/non disponible. Appel : GET /beta/auditLogs/signIns. Le controle correspondant est incomplet et interdit tout retrait de licence fonde sur cet appel.";
"CANDIDAT AU RETRAIT - VALIDATION HUMAINE";"Aucune activite Power BI trouvee sur toute la periode de 90 jours. Valider avec le manager avant retrait.";"Leigh Millar";"leigh.millar@infopro-digital.com";"leigh.millar@infopro-digital.com";"True";"Member";"Power BI Pro";"DYN365_BUSCENTRAL_TEAM_MEMBER | ENTERPRISEPACK | FLOW_FREE | MCOEV | POWER_BI_PRO | POWER_BI_STANDARD";"11/03/2026 16:31:09 +01:00";"True";"28/05/2026 10:55:18 +02:00";"26/08/2026 10:55:18 +02:00";"0";;;;"True";"Controle individuel par ID Entra";"False";"27/07/2026 10:55:18 +02:00";"0";"0";"0";;;;;;"HTTP 410 - ressource ou lien de pagination Graph expire/non disponible. Appel : GET /beta/auditLogs/signIns. Le controle correspondant est incomplet et interdit tout retrait de licence fonde sur cet appel.";
"CANDIDAT AU RETRAIT - VALIDATION HUMAINE";"Aucune activite Power BI trouvee sur toute la periode de 90 jours. Valider avec le manager avant retrait.";"Lourenço GASPAR";"lourenco.gaspar@infopro-digital.com";"lgaspar@companeo.com";"True";"Member";"Power BI Pro";"ENTERPRISEPACK | FLOW_FREE | POWER_BI_PRO | POWER_BI_STANDARD";"28/04/2025 09:36:11 +02:00";"True";"28/05/2026 10:55:18 +02:00";"26/08/2026 10:55:18 +02:00";"0";;;;"True";"Controle individuel par ID Entra";"False";"27/07/2026 10:55:18 +02:00";"0";"0";"0";;;;;;"HTTP 410 - ressource ou lien de pagination Graph expire/non disponible. Appel : GET /beta/auditLogs/signIns. Le controle correspondant est incomplet et interdit tout retrait de licence fonde sur cet appel.";
"CANDIDAT AU RETRAIT - VALIDATION HUMAINE";"Aucune activite Power BI trouvee sur toute la periode de 90 jours. Valider avec le manager avant retrait.";"MANIGOT, Ludovic (EXT)";"ludovic.manigot@infopro-digital.com";"ludovic.manigot@infopro-digital.com";"True";"Member";"Power BI Pro";"POWER_BI_PRO | POWER_BI_STANDARD | STANDARDPACK";"02/09/2025 14:55:06 +02:00";"True";"28/05/2026 10:55:18 +02:00";"26/08/2026 10:55:18 +02:00";"0";;;;"True";"Controle individuel par ID Entra";"False";"27/07/2026 10:55:18 +02:00";"0";"0";"0";;;;;;"HTTP 410 - ressource ou lien de pagination Graph expire/non disponible. Appel : GET /beta/auditLogs/signIns. Le controle correspondant est incomplet et interdit tout retrait de licence fonde sur cet appel.";
"CANDIDAT AU RETRAIT - VALIDATION HUMAINE";"Aucune activite Power BI trouvee sur toute la periode de 90 jours. Valider avec le manager avant retrait.";"RANDALL, Martynn";"Martynn.Randall@infopro-digital.com";"martynn.randall@infopro-digital.com";"True";"Member";"Power BI Pro";"FLOW_FREE | SPE_E5";"28/07/2025 15:00:38 +02:00";"True";"28/05/2026 10:55:18 +02:00";"26/08/2026 10:55:18 +02:00";"0";;;;"True";"Controle individuel par ID Entra";"False";"27/07/2026 10:55:18 +02:00";"0";"0";"0";;;;;;"HTTP 410 - ressource ou lien de pagination Graph expire/non disponible. Appel : GET /beta/auditLogs/signIns. Le controle correspondant est incomplet et interdit tout retrait de licence fonde sur cet appel.";
"CANDIDAT AU RETRAIT - VALIDATION HUMAINE";"Aucune activite Power BI trouvee sur toute la periode de 90 jours. Valider avec le manager avant retrait.";"QUINTIN, Maureen";"maureen.quintin@infopro-digital.com";"maureen.quintin@infopro-digital.com";"True";"Member";"Power BI Pro";"POWER_BI_PRO | POWER_BI_STANDARD | STANDARDPACK";"20/02/2024 09:49:08 +01:00";"True";"28/05/2026 10:55:18 +02:00";"26/08/2026 10:55:18 +02:00";"0";;;;"True";"Controle individuel par ID Entra";"False";"27/07/2026 10:55:18 +02:00";"0";"0";"0";;;;;;"HTTP 410 - ressource ou lien de pagination Graph expire/non disponible. Appel : GET /beta/auditLogs/signIns. Le controle correspondant est incomplet et interdit tout retrait de licence fonde sur cet appel.";
"CANDIDAT AU RETRAIT - VALIDATION HUMAINE";"Aucune activite Power BI trouvee sur toute la periode de 90 jours. Valider avec le manager avant retrait.";"CURVAT, Nathalie";"ngrosdidier@idice.fr";"nathalie.curvat@infopro-digital.com";"True";"Member";"Power BI Pro";"FLOW_FREE | POWER_BI_STANDARD | SPE_E5";"17/07/2025 10:55:26 +02:00";"True";"28/05/2026 10:55:18 +02:00";"26/08/2026 10:55:18 +02:00";"0";;;;"True";"Controle individuel par ID Entra";"False";"27/07/2026 10:55:18 +02:00";"0";"0";"0";;;;;;"HTTP 410 - ressource ou lien de pagination Graph expire/non disponible. Appel : GET /beta/auditLogs/signIns. Le controle correspondant est incomplet et interdit tout retrait de licence fonde sur cet appel.";
"CANDIDAT AU RETRAIT - VALIDATION HUMAINE";"Aucune activite Power BI trouvee sur toute la periode de 90 jours. Valider avec le manager avant retrait.";"DUFOURT, Philippine";"philippine.dufourt@infopro-digital.com";"p.dufourt@toute-la-franchise.com";"True";"Member";"Power BI Pro";"FLOW_FREE | POWER_BI_PRO | POWER_BI_STANDARD | STANDARDPACK";"31/12/2025 10:54:50 +01:00";"True";"28/05/2026 10:55:18 +02:00";"26/08/2026 10:55:18 +02:00";"0";;;;"True";"Controle individuel par ID Entra";"False";"27/07/2026 10:55:18 +02:00";"0";"0";"0";;;;;;"HTTP 410 - ressource ou lien de pagination Graph expire/non disponible. Appel : GET /beta/auditLogs/signIns. Le controle correspondant est incomplet et interdit tout retrait de licence fonde sur cet appel.";
"CANDIDAT AU RETRAIT - VALIDATION HUMAINE";"Aucune activite Power BI trouvee sur toute la periode de 90 jours. Valider avec le manager avant retrait.";"COUSTILLAS, Raphael";"raphael.coustillas@infopro-digital.com";"raphael.coustillas@infopro-digital.com";"True";"Member";"Power BI Pro";"FLOW_FREE | POWER_BI_PRO | POWER_BI_STANDARD | STANDARDPACK";"06/04/2021 14:52:53 +02:00";"True";"28/05/2026 10:55:18 +02:00";"26/08/2026 10:55:18 +02:00";"0";;;;"True";"Controle individuel par ID Entra";"False";"27/07/2026 10:55:18 +02:00";"0";"0";"0";;;;;;"HTTP 410 - ressource ou lien de pagination Graph expire/non disponible. Appel : GET /beta/auditLogs/signIns. Le controle correspondant est incomplet et interdit tout retrait de licence fonde sur cet appel.";
"CANDIDAT AU RETRAIT - VALIDATION HUMAINE";"Aucune activite Power BI trouvee sur toute la periode de 90 jours. Valider avec le manager avant retrait.";"Rob Evers";"rob.evers@infopro-digital.com";"rob.evers@infopro-digital.com";"True";"Member";"Power BI Pro";"ENTERPRISEPACK | FLOW_FREE | MCOEV | POWER_BI_PRO | POWER_BI_STANDARD";"04/07/2025 10:55:39 +02:00";"True";"28/05/2026 10:55:18 +02:00";"26/08/2026 10:55:18 +02:00";"0";;;;"True";"Controle individuel par ID Entra";"False";"27/07/2026 10:55:18 +02:00";"0";"0";"0";;;;;;"HTTP 410 - ressource ou lien de pagination Graph expire/non disponible. Appel : GET /beta/auditLogs/signIns. Le controle correspondant est incomplet et interdit tout retrait de licence fonde sur cet appel.";
"CANDIDAT AU RETRAIT - VALIDATION HUMAINE";"Aucune activite Power BI trouvee sur toute la periode de 90 jours. Valider avec le manager avant retrait.";"WILLS, Rob";"Rob.Wills@infopro-digital.com";"rob.wills@infopro-digital.com";"True";"Member";"Power BI Pro";"FLOW_FREE | SPE_E5";"28/07/2025 15:00:38 +02:00";"True";"28/05/2026 10:55:18 +02:00";"26/08/2026 10:55:18 +02:00";"0";;;;"True";"Controle individuel par ID Entra";"False";"27/07/2026 10:55:18 +02:00";"0";"0";"0";;;;;;"HTTP 410 - ressource ou lien de pagination Graph expire/non disponible. Appel : GET /beta/auditLogs/signIns. Le controle correspondant est incomplet et interdit tout retrait de licence fonde sur cet appel.";
"CANDIDAT AU RETRAIT - VALIDATION HUMAINE";"Aucune activite Power BI trouvee sur toute la periode de 90 jours. Valider avec le manager avant retrait.";"MOUSSAC, Sandrine";"sandrine.moussac@infopro-digital.com";"sandrine.moussac@infopro-digital.com";"True";"Member";"Power BI Pro";"FLOW_FREE | POWER_BI_STANDARD | SPE_E5";"28/07/2025 15:00:39 +02:00";"True";"28/05/2026 10:55:18 +02:00";"26/08/2026 10:55:18 +02:00";"0";;;;"True";"Controle individuel par ID Entra";"False";"27/07/2026 10:55:18 +02:00";"0";"0";"0";;;;;;"HTTP 410 - ressource ou lien de pagination Graph expire/non disponible. Appel : GET /beta/auditLogs/signIns. Le controle correspondant est incomplet et interdit tout retrait de licence fonde sur cet appel.";
"CANDIDAT AU RETRAIT - VALIDATION HUMAINE";"Aucune activite Power BI trouvee sur toute la periode de 90 jours. Valider avec le manager avant retrait.";"LOUPIAS, Sarah";"sarah.loupias@infopro-digital.com";"sarah.loupias@infopro-digital.com";"True";"Member";"Power BI Pro";"FLOW_FREE | POWER_BI_STANDARD | SPE_E5 | STREAM";"25/07/2025 15:58:07 +02:00";"True";"28/05/2026 10:55:18 +02:00";"26/08/2026 10:55:18 +02:00";"0";;;;"True";"Controle individuel par ID Entra";"False";"27/07/2026 10:55:18 +02:00";"0";"0";"0";;;;;;"HTTP 410 - ressource ou lien de pagination Graph expire/non disponible. Appel : GET /beta/auditLogs/signIns. Le controle correspondant est incomplet et interdit tout retrait de licence fonde sur cet appel.";
"CANDIDAT AU RETRAIT - VALIDATION HUMAINE";"Aucune activite Power BI trouvee sur toute la periode de 90 jours. Valider avec le manager avant retrait.";"LE MENAHEZE, Sophie";"sophie.lemenaheze@infopro-digital.com";"sophie.lemenaheze@infopro-digital.com";"True";"Member";"Power BI Pro";"FLOW_FREE | SPE_E5";"28/07/2025 15:00:38 +02:00";"True";"28/05/2026 10:55:18 +02:00";"26/08/2026 10:55:18 +02:00";"0";;;;"True";"Controle individuel par ID Entra";"False";"27/07/2026 10:55:18 +02:00";"0";"0";"0";;;;;;"HTTP 410 - ressource ou lien de pagination Graph expire/non disponible. Appel : GET /beta/auditLogs/signIns. Le controle correspondant est incomplet et interdit tout retrait de licence fonde sur cet appel.";
"CANDIDAT AU RETRAIT - VALIDATION HUMAINE";"Aucune activite Power BI trouvee sur toute la periode de 90 jours. Valider avec le manager avant retrait.";"svc_Finance Service Account";"svc_finance-se@infoprodigital365.onmicrosoft.com";"svc_finance-se@infoprodigital365.onmicrosoft.com";"True";"Member";"Power BI Pro";"POWER_BI_PRO | POWER_BI_STANDARD | STANDARDPACK";"10/02/2026 15:53:17 +01:00";"True";"28/05/2026 10:55:18 +02:00";"26/08/2026 10:55:18 +02:00";"0";;;;"True";"Controle individuel par ID Entra";"False";"27/07/2026 10:55:18 +02:00";"0";"0";"0";;;;;;"HTTP 410 - ressource ou lien de pagination Graph expire/non disponible. Appel : GET /beta/auditLogs/signIns. Le controle correspondant est incomplet et interdit tout retrait de licence fonde sur cet appel.";
"CANDIDAT AU RETRAIT - VALIDATION HUMAINE";"Aucune activite Power BI trouvee sur toute la periode de 90 jours. Valider avec le manager avant retrait.";"Düppe, Yvonne";"Yvonne.Dueppe@infopro-digital.com";"Y.Dueppe@ibau.de";"True";"Member";"Power BI Pro";"ENTERPRISEPACK | FLOW_FREE | POWER_BI_PRO | POWER_BI_STANDARD";"05/02/2026 09:22:12 +01:00";"True";"28/05/2026 10:55:18 +02:00";"26/08/2026 10:55:18 +02:00";"0";;;;"True";"Controle individuel par ID Entra";"False";"27/07/2026 10:55:18 +02:00";"0";"0";"0";;;;;;"HTTP 410 - ressource ou lien de pagination Graph expire/non disponible. Appel : GET /beta/auditLogs/signIns. Le controle correspondant est incomplet et interdit tout retrait de licence fonde sur cet appel.";
"CANDIDAT AU RETRAIT - VALIDATION HUMAINE";"Aucune activite Power BI trouvee sur toute la periode de 90 jours. Valider avec le manager avant retrait.";"SCHULTE, Rabea Zoé | Heinze";"zoe.schulte@infopro-digital.com";"zoe.schulte@heinze.de";"True";"Member";"Power BI Pro";"POWER_BI_PRO | POWER_BI_STANDARD | STANDARDPACK";"02/01/2026 12:57:41 +01:00";"True";"28/05/2026 10:55:18 +02:00";"26/08/2026 10:55:18 +02:00";"0";;;;"True";"Controle individuel par ID Entra";"False";"27/07/2026 10:55:18 +02:00";"0";"0";"0";;;;;;"HTTP 410 - ressource ou lien de pagination Graph expire/non disponible. Appel : GET /beta/auditLogs/signIns. Le controle correspondant est incomplet et interdit tout retrait de licence fonde sur cet appel.";
"CONSERVER - CONNEXION RECENTE";"Connexion Power BI Online ou Desktop detectee dans Entra. Par prudence, la licence est conservee.";"GOLBY, Andrew";"Andrew.Golby@infopro-digital.com";"andrew.golby@infopro-digital.com";"True";"Member";"Power BI Pro";"DYN365_BUSCENTRAL_ESSENTIAL | FLOW_FREE | POWER_BI_STANDARD | SPE_E5";"28/07/2025 15:00:39 +02:00";"True";"28/05/2026 10:55:18 +02:00";"26/08/2026 10:55:18 +02:00";"0";;;;"True";"Recherche globale Entra";"False";"27/07/2026 10:55:18 +02:00";"156";"0";"156";"26/08/2026 08:17:23 +02:00";"26/08/2026 08:17:23 +02:00";;;;"HTTP 410 - ressource ou lien de pagination Graph expire/non disponible. Appel : GET /beta/auditLogs/signIns. Le controle correspondant est incomplet et interdit tout retrait de licence fonde sur cet appel.";
"CONSERVER - CONNEXION RECENTE";"Connexion Power BI Online ou Desktop detectee dans Entra. Par prudence, la licence est conservee.";"ROLLAND, Angela";"angela.rolland@infopro-digital.com";"angela.rolland@infopro-digital.com";"True";"Member";"Power BI Pro";"FLOW_FREE | POWER_BI_PRO | POWER_BI_STANDARD | STANDARDPACK";"29/07/2024 12:11:06 +02:00";"True";"28/05/2026 10:55:18 +02:00";"26/08/2026 10:55:18 +02:00";"0";;;;"True";"Recherche globale Entra";"False";"27/07/2026 10:55:18 +02:00";"3";"0";"3";"27/07/2026 18:24:53 +02:00";"27/07/2026 18:24:53 +02:00";;;;"HTTP 410 - ressource ou lien de pagination Graph expire/non disponible. Appel : GET /beta/auditLogs/signIns. Le controle correspondant est incomplet et interdit tout retrait de licence fonde sur cet appel.";
"CONSERVER - CONNEXION RECENTE";"Connexion Power BI Online ou Desktop detectee dans Entra. Par prudence, la licence est conservee.";"Anish Shah";"Anish.Shah@infopro-digital.com";"anish.shah@chartis-research.com";"True";"Member";"Power BI Pro";"ENTERPRISEPACK | FLOW_FREE | MCOEV | POWER_BI_PRO | POWER_BI_STANDARD";"23/02/2026 12:14:05 +01:00";"True";"28/05/2026 10:55:18 +02:00";"26/08/2026 10:55:18 +02:00";"0";;;;"True";"Controle individuel par ID Entra";"False";"27/07/2026 10:55:18 +02:00";"5";"0";"5";"24/08/2026 17:17:41 +02:00";"24/08/2026 17:17:41 +02:00";;;;"HTTP 410 - ressource ou lien de pagination Graph expire/non disponible. Appel : GET /beta/auditLogs/signIns. Le controle correspondant est incomplet et interdit tout retrait de licence fonde sur cet appel.";
"CONSERVER - CONNEXION RECENTE";"Connexion Power BI Online ou Desktop detectee dans Entra. Par prudence, la licence est conservee.";"RONNER, Assunta";"Assunta.Ronner@infopro-digital.ch";"Assunta.Ronner@infopro-digital.ch";"True";"Member";"Power BI Pro";"ENTERPRISEPACK | POWER_BI_PRO | POWER_BI_STANDARD";"04/03/2025 16:29:39 +01:00";"True";"28/05/2026 10:55:18 +02:00";"26/08/2026 10:55:18 +02:00";"0";;;;"True";"Recherche globale Entra";"False";"27/07/2026 10:55:18 +02:00";"17";"0";"17";"24/08/2026 18:01:44 +02:00";"24/08/2026 18:01:44 +02:00";;;;"HTTP 410 - ressource ou lien de pagination Graph expire/non disponible. Appel : GET /beta/auditLogs/signIns. Le controle correspondant est incomplet et interdit tout retrait de licence fonde sur cet appel.";
"CONSERVER - CONNEXION RECENTE";"Connexion Power BI Online ou Desktop detectee dans Entra. Par prudence, la licence est conservee.";"VATA, Bekim";"bekim.vata@infopro-digital.com";"bvata@gipa.eu";"True";"Member";"Power BI Pro";"ENTERPRISEPACK | FLOW_FREE | POWER_BI_PRO | POWER_BI_STANDARD";"13/06/2026 11:49:16 +02:00";"True";"28/05/2026 10:55:18 +02:00";"26/08/2026 10:55:18 +02:00";"0";;;;"True";"Controle individuel par ID Entra";"False";"27/07/2026 10:55:18 +02:00";"1";"0";"1";"05/08/2026 14:02:13 +02:00";"05/08/2026 14:02:13 +02:00";;;;"HTTP 410 - ressource ou lien de pagination Graph expire/non disponible. Appel : GET /beta/auditLogs/signIns. Le controle correspondant est incomplet et interdit tout retrait de licence fonde sur cet appel.";
"CONSERVER - CONNEXION RECENTE";"Connexion Power BI Online ou Desktop detectee dans Entra. Par prudence, la licence est conservee.";"RANDRIANIRINA, Benja Liantsoa";"benja-liantsoa.randrianirina@infopro-digital.com";"benja-liantsoa.randrianirina@infopro-digital.com";"True";"Member";"Power BI Pro";"ENTERPRISEPACK | FLOW_FREE | POWER_BI_PRO | POWER_BI_STANDARD";"06/10/2023 11:39:25 +02:00";"True";"28/05/2026 10:55:18 +02:00";"26/08/2026 10:55:18 +02:00";"0";;;;"True";"Controle individuel par ID Entra";"False";"27/07/2026 10:55:18 +02:00";"13";"0";"13";"26/08/2026 11:24:05 +02:00";"26/08/2026 11:24:05 +02:00";"24/08/2026 08:54:08 +02:00";;;"HTTP 410 - ressource ou lien de pagination Graph expire/non disponible. Appel : GET /beta/auditLogs/signIns. Le controle correspondant est incomplet et interdit tout retrait de licence fonde sur cet appel.";
"CONSERVER - CONNEXION RECENTE";"Connexion Power BI Online ou Desktop detectee dans Entra. Par prudence, la licence est conservee.";"PERARD, Brice";"brice.perard@infopro-digital.com";"brice.perard@infopro-digital.com";"True";"Member";"Power BI Pro";"FLOW_FREE | POWER_BI_STANDARD | SMB_APPS | SPE_E5";"24/07/2025 14:24:05 +02:00";"True";"28/05/2026 10:55:18 +02:00";"26/08/2026 10:55:18 +02:00";"0";;;;"True";"Controle individuel par ID Entra";"False";"27/07/2026 10:55:18 +02:00";"2";"0";"2";"26/08/2026 12:25:20 +02:00";"26/08/2026 12:25:20 +02:00";;;;"HTTP 410 - ressource ou lien de pagination Graph expire/non disponible. Appel : GET /beta/auditLogs/signIns. Le controle correspondant est incomplet et interdit tout retrait de licence fonde sur cet appel.";
"CONSERVER - CONNEXION RECENTE";"Connexion Power BI Online ou Desktop detectee dans Entra. Par prudence, la licence est conservee.";"DE CANNART Brieuc";"brieuc.decannart@ebp.be";"brieuc.decannart@ebp.be";"True";"Member";"Power BI Pro";"FLOW_FREE | SPE_E5";"26/08/2025 14:13:16 +02:00";"True";"28/05/2026 10:55:18 +02:00";"26/08/2026 10:55:18 +02:00";"0";;;;"True";"Recherche globale Entra";"False";"27/07/2026 10:55:18 +02:00";"3";"0";"3";"29/07/2026 13:51:35 +02:00";"29/07/2026 13:51:35 +02:00";;;;"HTTP 410 - ressource ou lien de pagination Graph expire/non disponible. Appel : GET /beta/auditLogs/signIns. Le controle correspondant est incomplet et interdit tout retrait de licence fonde sur cet appel.";
"CONSERVER - CONNEXION RECENTE";"Connexion Power BI Online ou Desktop detectee dans Entra. Par prudence, la licence est conservee.";"VERDIER, Caroline";"caroline.verdier@infopro-digital.com";"caroline.verdier@infopro-digital.com";"True";"Member";"Power BI Pro";"ENTERPRISEPACK | FLOW_FREE | POWER_BI_PRO | POWER_BI_STANDARD | STREAM";"25/04/2025 18:04:21 +02:00";"True";"28/05/2026 10:55:18 +02:00";"26/08/2026 10:55:18 +02:00";"0";;;;"True";"Recherche globale Entra";"False";"27/07/2026 10:55:18 +02:00";"17";"0";"17";"19/08/2026 17:58:16 +02:00";"19/08/2026 17:58:16 +02:00";;;;"HTTP 410 - ressource ou lien de pagination Graph expire/non disponible. Appel : GET /beta/auditLogs/signIns. Le controle correspondant est incomplet et interdit tout retrait de licence fonde sur cet appel.";
"CONSERVER - CONNEXION RECENTE";"Connexion Power BI Online ou Desktop detectee dans Entra. Par prudence, la licence est conservee.";"Catherine Jarvis";"catherine.jarvis@infopro-digital.com";"catherine.jarvis@infopro-digital.com";"True";"Member";"Power BI Pro";"DYN365_BUSCENTRAL_ESSENTIAL | ENTERPRISEPACK | FLOW_FREE | POWER_BI_PRO | POWER_BI_STANDARD";"25/09/2023 16:38:39 +02:00";"True";"28/05/2026 10:55:18 +02:00";"26/08/2026 10:55:18 +02:00";"0";;;;"True";"Controle individuel par ID Entra";"False";"27/07/2026 10:55:18 +02:00";"10";"0";"10";"12/08/2026 12:47:43 +02:00";"12/08/2026 12:47:43 +02:00";"31/07/2026 12:03:33 +02:00";;;"HTTP 410 - ressource ou lien de pagination Graph expire/non disponible. Appel : GET /beta/auditLogs/signIns. Le controle correspondant est incomplet et interdit tout retrait de licence fonde sur cet appel.";
"CONSERVER - CONNEXION RECENTE";"Connexion Power BI Online ou Desktop detectee dans Entra. Par prudence, la licence est conservee.";"Chris Davis";"chris.davis@infopro-digital.com";"chris.davis@infopro-digital.com";"True";"Member";"Power BI Pro";"DYN365_BUSCENTRAL_TEAM_MEMBER | ENTERPRISEPACK | FLOW_FREE | POWER_BI_PRO | POWER_BI_STANDARD";"04/07/2025 10:55:39 +02:00";"True";"28/05/2026 10:55:18 +02:00";"26/08/2026 10:55:18 +02:00";"0";;;;"True";"Recherche globale Entra";"False";"27/07/2026 10:55:18 +02:00";"4";"0";"4";"03/08/2026 11:52:00 +02:00";"03/08/2026 11:52:00 +02:00";;;;"HTTP 410 - ressource ou lien de pagination Graph expire/non disponible. Appel : GET /beta/auditLogs/signIns. Le controle correspondant est incomplet et interdit tout retrait de licence fonde sur cet appel.";
"CONSERVER - CONNEXION RECENTE";"Connexion Power BI Online ou Desktop detectee dans Entra. Par prudence, la licence est conservee.";"Clive Whitford";"clive.whitford@infopro-digital.com";"clive.whitford@infopro-digital.com";"True";"Member";"Power BI Pro";"CCIBOTS_PRIVPREV_VIRAL | DYN365_BUSCENTRAL_TEAM_MEMBER | ENTERPRISEPACK | FLOW_FREE | MCOEV | Microsoft_Teams_Audio_Conferencing_select_dial_out | POWER_BI_PRO | POWER_BI_STANDARD | STREAM | VISIOCLIENT";"11/03/2026 16:31:18 +01:00";"True";"28/05/2026 10:55:18 +02:00";"26/08/2026 10:55:18 +02:00";"0";;;;"True";"Recherche globale Entra";"False";"27/07/2026 10:55:18 +02:00";"21";"0";"21";"25/08/2026 15:51:52 +02:00";"25/08/2026 15:51:52 +02:00";;;;"HTTP 410 - ressource ou lien de pagination Graph expire/non disponible. Appel : GET /beta/auditLogs/signIns. Le controle correspondant est incomplet et interdit tout retrait de licence fonde sur cet appel.";
"CONSERVER - CONNEXION RECENTE";"Connexion Power BI Online ou Desktop detectee dans Entra. Par prudence, la licence est conservee.";"Cole Lipsky";"Cole.Lipsky@infopro-digital.com";"Cole.Lipsky@infopro-digital.com";"True";"Member";"Power BI Pro";"ENTERPRISEPACK | MCOEV | POWER_BI_PRO";"04/07/2025 10:55:36 +02:00";"True";"28/05/2026 10:55:18 +02:00";"26/08/2026 10:55:18 +02:00";"0";;;;"True";"Controle individuel par ID Entra";"False";"27/07/2026 10:55:18 +02:00";"2";"0";"2";"10/08/2026 15:35:59 +02:00";"10/08/2026 15:35:59 +02:00";"10/08/2026 15:35:52 +02:00";;;"HTTP 410 - ressource ou lien de pagination Graph expire/non disponible. Appel : GET /beta/auditLogs/signIns. Le controle correspondant est incomplet et interdit tout retrait de licence fonde sur cet appel.";
"CONSERVER - CONNEXION RECENTE";"Connexion Power BI Online ou Desktop detectee dans Entra. Par prudence, la licence est conservee.";"GALIONE, Edoardo";"edoardo.galione@infopro-digital.com";"egalione@companeo.com";"True";"Member";"Power BI Pro";"FLOW_FREE | POWER_BI_PRO | POWER_BI_STANDARD | STANDARDPACK";"31/07/2025 17:42:04 +02:00";"True";"28/05/2026 10:55:18 +02:00";"26/08/2026 10:55:18 +02:00";"0";;;;"True";"Recherche globale Entra";"False";"27/07/2026 10:55:18 +02:00";"14";"0";"14";"19/08/2026 10:45:45 +02:00";"19/08/2026 10:45:45 +02:00";;;;"HTTP 410 - ressource ou lien de pagination Graph expire/non disponible. Appel : GET /beta/auditLogs/signIns. Le controle correspondant est incomplet et interdit tout retrait de licence fonde sur cet appel.";
"CONSERVER - CONNEXION RECENTE";"Connexion Power BI Online ou Desktop detectee dans Entra. Par prudence, la licence est conservee.";"Eren Muduroglu";"Eren.Muduroglu@infopro-digital.com";"Eren.Muduroglu@infopro-digital.com";"True";"Member";"Power BI Pro";"POWER_BI_PRO | POWER_BI_STANDARD | STANDARDPACK";"07/10/2025 15:07:22 +02:00";"True";"28/05/2026 10:55:18 +02:00";"26/08/2026 10:55:18 +02:00";"0";;;;"True";"Recherche globale Entra";"False";"27/07/2026 10:55:18 +02:00";"4";"0";"4";"29/07/2026 16:17:27 +02:00";"29/07/2026 16:17:27 +02:00";;;;"HTTP 410 - ressource ou lien de pagination Graph expire/non disponible. Appel : GET /beta/auditLogs/signIns. Le controle correspondant est incomplet et interdit tout retrait de licence fonde sur cet appel.";
"CONSERVER - CONNEXION RECENTE";"Connexion Power BI Online ou Desktop detectee dans Entra. Par prudence, la licence est conservee.";"ZOUAGHI, Fakhri";"fakhri.zouaghi@infopro-digital.com";"fakhri.zouaghi@infopro-digital.com";"True";"Member";"Power BI Pro";"FLOW_FREE | POWER_BI_PRO | POWER_BI_STANDARD | STANDARDPACK";"11/03/2026 16:31:09 +01:00";"True";"28/05/2026 10:55:18 +02:00";"26/08/2026 10:55:18 +02:00";"0";;;;"True";"Recherche globale Entra";"False";"27/07/2026 10:55:18 +02:00";"25";"0";"25";"12/08/2026 15:48:20 +02:00";"12/08/2026 15:48:20 +02:00";;;;"HTTP 410 - ressource ou lien de pagination Graph expire/non disponible. Appel : GET /beta/auditLogs/signIns. Le controle correspondant est incomplet et interdit tout retrait de licence fonde sur cet appel.";
"CONSERVER - CONNEXION RECENTE";"Connexion Power BI Online ou Desktop detectee dans Entra. Par prudence, la licence est conservee.";"DEVOS Fanny";"fanny.devos@vecteurplus.com";"fanny.devos@vecteurplus.com";"True";"Member";"Power BI Pro";"ENTERPRISEPACK | FLOW_FREE | POWER_BI_PRO | POWER_BI_STANDARD";"10/09/2025 11:25:09 +02:00";"True";"28/05/2026 10:55:18 +02:00";"26/08/2026 10:55:18 +02:00";"0";;;;"True";"Recherche globale Entra";"False";"27/07/2026 10:55:18 +02:00";"17";"0";"17";"24/08/2026 14:20:43 +02:00";"24/08/2026 14:20:43 +02:00";"24/08/2026 14:19:38 +02:00";;;"HTTP 410 - ressource ou lien de pagination Graph expire/non disponible. Appel : GET /beta/auditLogs/signIns. Le controle correspondant est incomplet et interdit tout retrait de licence fonde sur cet appel.";
"CONSERVER - CONNEXION RECENTE";"Connexion Power BI Online ou Desktop detectee dans Entra. Par prudence, la licence est conservee.";"Finance Reports";"financereports@infopro-digital.com";"financereports@infopro-digital.com";"True";"Member";"Power BI Premium par utilisateur + Power BI Pro";"DYN365_BUSCENTRAL_ESSENTIAL | ENTERPRISEPACK | FLOW_FREE | PBI_PREMIUM_PER_USER | POWER_BI_STANDARD | POWERAUTOMATE_ATTENDED_RPA";"05/06/2026 10:32:43 +02:00";"True";"28/05/2026 10:55:18 +02:00";"26/08/2026 10:55:18 +02:00";"0";;;;"True";"Recherche globale Entra";"False";"27/07/2026 10:55:18 +02:00";"49";"0";"49";"26/08/2026 11:02:28 +02:00";"26/08/2026 11:02:28 +02:00";;;;"HTTP 410 - ressource ou lien de pagination Graph expire/non disponible. Appel : GET /beta/auditLogs/signIns. Le controle correspondant est incomplet et interdit tout retrait de licence fonde sur cet appel.";
"CONSERVER - CONNEXION RECENTE";"Connexion Power BI Online ou Desktop detectee dans Entra. Par prudence, la licence est conservee.";"HAMMELL, Francesca";"francesca.hammell@infopro-digital.com";"francesca.hammell@infopro-digital.com";"True";"Member";"Power BI Pro";"DYN365_BUSCENTRAL_ESSENTIAL | ENTERPRISEPACK | FLOW_FREE | POWER_BI_PRO | POWER_BI_STANDARD";"04/05/2026 15:54:10 +02:00";"True";"28/05/2026 10:55:18 +02:00";"26/08/2026 10:55:18 +02:00";"0";;;;"True";"Recherche globale Entra";"False";"27/07/2026 10:55:18 +02:00";"56";"0";"56";"21/08/2026 18:32:42 +02:00";"21/08/2026 18:32:42 +02:00";;;;"HTTP 410 - ressource ou lien de pagination Graph expire/non disponible. Appel : GET /beta/auditLogs/signIns. Le controle correspondant est incomplet et interdit tout retrait de licence fonde sur cet appel.";
"CONSERVER - CONNEXION RECENTE";"Connexion Power BI Online ou Desktop detectee dans Entra. Par prudence, la licence est conservee.";"Georgie Mailer-Wilkin";"Georgie.Mailer-Wilkin@infopro-digital.com";"georgie.mailer-wilkin@infopro-digital.com";"True";"Member";"Power BI Pro";"DYN365_BUSCENTRAL_TEAM_MEMBER | ENTERPRISEPACK | FLOW_FREE | MCOEV | POWER_BI_PRO | POWER_BI_STANDARD";"11/03/2026 16:31:10 +01:00";"True";"28/05/2026 10:55:18 +02:00";"26/08/2026 10:55:18 +02:00";"0";;;;"True";"Controle individuel par ID Entra";"False";"27/07/2026 10:55:18 +02:00";"6";"0";"6";"30/07/2026 16:34:51 +02:00";"30/07/2026 16:34:51 +02:00";;;;"HTTP 410 - ressource ou lien de pagination Graph expire/non disponible. Appel : GET /beta/auditLogs/signIns. Le controle correspondant est incomplet et interdit tout retrait de licence fonde sur cet appel.";
"CONSERVER - CONNEXION RECENTE";"Connexion Power BI Online ou Desktop detectee dans Entra. Par prudence, la licence est conservee.";"CARDANI, Greta";"greta.cardani@infopro-digital.com";"gcardani@gipa.eu";"True";"Member";"Power BI Pro";"ENTERPRISEPACK | POWER_BI_PRO | POWER_BI_STANDARD";"12/06/2026 15:10:08 +02:00";"True";"28/05/2026 10:55:18 +02:00";"26/08/2026 10:55:18 +02:00";"0";;;;"True";"Recherche globale Entra";"False";"27/07/2026 10:55:18 +02:00";"27";"0";"27";"25/08/2026 21:29:11 +02:00";"25/08/2026 21:29:11 +02:00";;;;"HTTP 410 - ressource ou lien de pagination Graph expire/non disponible. Appel : GET /beta/auditLogs/signIns. Le controle correspondant est incomplet et interdit tout retrait de licence fonde sur cet appel.";
"CONSERVER - CONNEXION RECENTE";"Connexion Power BI Online ou Desktop detectee dans Entra. Par prudence, la licence est conservee.";"PONTNAU, Guillaume";"guillaume.pontnau@infopro-digital.com";"guillaume.pontnau@infopro-digital.com";"True";"Member";"Power BI Pro";"ENTERPRISEPACK | FLOW_FREE | POWER_BI_PRO | POWER_BI_STANDARD";"11/09/2024 08:48:17 +02:00";"True";"28/05/2026 10:55:18 +02:00";"26/08/2026 10:55:18 +02:00";"0";;;;"True";"Recherche globale Entra";"False";"27/07/2026 10:55:18 +02:00";"18";"0";"18";"20/08/2026 00:38:41 +02:00";"20/08/2026 00:38:41 +02:00";;;;"HTTP 410 - ressource ou lien de pagination Graph expire/non disponible. Appel : GET /beta/auditLogs/signIns. Le controle correspondant est incomplet et interdit tout retrait de licence fonde sur cet appel.";
"CONSERVER - CONNEXION RECENTE";"Connexion Power BI Online ou Desktop detectee dans Entra. Par prudence, la licence est conservee.";"Hannah Robbins";"hannah.robbins@barbour-abi.com";"hannah.robbins@barbour-abi.com";"True";"Member";"Power BI Pro";"ENTERPRISEPACK | FLOW_FREE | POWER_BI_PRO";"21/05/2026 14:54:01 +02:00";"True";"28/05/2026 10:55:18 +02:00";"26/08/2026 10:55:18 +02:00";"0";;;;"True";"Controle individuel par ID Entra";"False";"27/07/2026 10:55:18 +02:00";"25";"0";"25";"24/08/2026 14:23:08 +02:00";"24/08/2026 14:23:08 +02:00";;;;"HTTP 410 - ressource ou lien de pagination Graph expire/non disponible. Appel : GET /beta/auditLogs/signIns. Le controle correspondant est incomplet et interdit tout retrait de licence fonde sur cet appel.";
"CONSERVER - CONNEXION RECENTE";"Connexion Power BI Online ou Desktop detectee dans Entra. Par prudence, la licence est conservee.";"James Monahan";"james.monahan@infopro-digital.com";"james.monahan@infopro-digital.com";"True";"Member";"Power BI Pro";"ENTERPRISEPACK | MCOEV | POWER_BI_PRO | POWER_BI_STANDARD";"20/02/2026 17:31:52 +01:00";"True";"28/05/2026 10:55:18 +02:00";"26/08/2026 10:55:18 +02:00";"0";;;;"True";"Controle individuel par ID Entra";"False";"27/07/2026 10:55:18 +02:00";"1";"0";"1";"03/08/2026 18:27:18 +02:00";"03/08/2026 18:27:18 +02:00";;;;"HTTP 410 - ressource ou lien de pagination Graph expire/non disponible. Appel : GET /beta/auditLogs/signIns. Le controle correspondant est incomplet et interdit tout retrait de licence fonde sur cet appel.";
"CONSERVER - CONNEXION RECENTE";"Connexion Power BI Online ou Desktop detectee dans Entra. Par prudence, la licence est conservee.";"JayQuan Adams";"jayquan.adams@infopro-digital.com";"jayquan.adams@infopro-digital.com";"True";"Member";"Power BI Pro";"DYN365_BUSCENTRAL_TEAM_MEMBER | ENTERPRISEPACK | FLOW_FREE | MCOEV | Microsoft_Teams_Audio_Conferencing_select_dial_out | POWER_BI_PRO";"07/05/2026 17:37:48 +02:00";"True";"28/05/2026 10:55:18 +02:00";"26/08/2026 10:55:18 +02:00";"0";;;;"True";"Recherche globale Entra";"False";"27/07/2026 10:55:18 +02:00";"22";"0";"22";"24/08/2026 21:52:23 +02:00";"24/08/2026 21:52:23 +02:00";;;;"HTTP 410 - ressource ou lien de pagination Graph expire/non disponible. Appel : GET /beta/auditLogs/signIns. Le controle correspondant est incomplet et interdit tout retrait de licence fonde sur cet appel.";
"CONSERVER - CONNEXION RECENTE";"Connexion Power BI Online ou Desktop detectee dans Entra. Par prudence, la licence est conservee.";"Jennifer Archer";"jennifer.archer@barbour-abi.com";"jennifer.archer@barbour-abi.com";"True";"Member";"Power BI Pro";"ENTERPRISEPACK | FLOW_FREE | POWER_BI_PRO | POWER_BI_STANDARD";"14/05/2026 16:13:51 +02:00";"True";"28/05/2026 10:55:18 +02:00";"26/08/2026 10:55:18 +02:00";"0";;;;"True";"Recherche globale Entra";"False";"27/07/2026 10:55:18 +02:00";"6";"0";"6";"11/08/2026 12:07:57 +02:00";"11/08/2026 12:07:57 +02:00";"11/08/2026 12:06:50 +02:00";;;"HTTP 410 - ressource ou lien de pagination Graph expire/non disponible. Appel : GET /beta/auditLogs/signIns. Le controle correspondant est incomplet et interdit tout retrait de licence fonde sur cet appel.";
"CONSERVER - CONNEXION RECENTE";"Connexion Power BI Online ou Desktop detectee dans Entra. Par prudence, la licence est conservee.";"DEL DUCA, Jerome (EXT)";"jerome.del-duca@infopro-digital.com";"jerome.del-duca@infopro-digital.com";"True";"Member";"Power BI Pro";"ENTERPRISEPACK | FLOW_FREE | POWER_BI_PRO | POWER_BI_STANDARD";"22/04/2024 16:31:40 +02:00";"True";"28/05/2026 10:55:18 +02:00";"26/08/2026 10:55:18 +02:00";"0";;;;"True";"Recherche globale Entra";"False";"27/07/2026 10:55:18 +02:00";"11";"0";"11";"12/08/2026 19:03:12 +02:00";"12/08/2026 19:03:12 +02:00";;;;"HTTP 410 - ressource ou lien de pagination Graph expire/non disponible. Appel : GET /beta/auditLogs/signIns. Le controle correspondant est incomplet et interdit tout retrait de licence fonde sur cet appel.";
"CONSERVER - CONNEXION RECENTE";"Connexion Power BI Online ou Desktop detectee dans Entra. Par prudence, la licence est conservee.";"QUILES, J. Jose";"jose.quiles@isicondal.es";"jose.quiles@infopro-digital.com";"True";"Member";"Power BI Pro";"ENTERPRISEPACK | FLOW_FREE | POWER_BI_PRO | POWER_BI_STANDARD";"15/04/2026 09:05:07 +02:00";"True";"28/05/2026 10:55:18 +02:00";"26/08/2026 10:55:18 +02:00";"0";;;;"True";"Recherche globale Entra";"False";"27/07/2026 10:55:18 +02:00";"4";"0";"4";"31/07/2026 21:38:27 +02:00";"31/07/2026 21:38:27 +02:00";;;;"HTTP 410 - ressource ou lien de pagination Graph expire/non disponible. Appel : GET /beta/auditLogs/signIns. Le controle correspondant est incomplet et interdit tout retrait de licence fonde sur cet appel.";
"CONSERVER - CONNEXION RECENTE";"Connexion Power BI Online ou Desktop detectee dans Entra. Par prudence, la licence est conservee.";"COLOM, Julien";"julien.colom@infopro-digital.com";"julien.colom@infopro-digital.com";"True";"Member";"Power BI Pro";"FLOW_FREE | POWER_BI_STANDARD | SPE_E5 | VISIOCLIENT";"29/06/2026 10:56:47 +02:00";"True";"28/05/2026 10:55:18 +02:00";"26/08/2026 10:55:18 +02:00";"0";;;;"True";"Recherche globale Entra";"False";"27/07/2026 10:55:18 +02:00";"17";"0";"17";"24/08/2026 18:34:07 +02:00";"24/08/2026 18:34:07 +02:00";;;;"HTTP 410 - ressource ou lien de pagination Graph expire/non disponible. Appel : GET /beta/auditLogs/signIns. Le controle correspondant est incomplet et interdit tout retrait de licence fonde sur cet appel.";
"CONSERVER - CONNEXION RECENTE";"Connexion Power BI Online ou Desktop detectee dans Entra. Par prudence, la licence est conservee.";"Kim Lau";"kim.lau@infopro-digital.com";"kim.lau@infopro-digital.com";"True";"Member";"Power BI Pro";"DYN365_BUSCENTRAL_TEAM_MEMBER | ENTERPRISEPACK | FLOW_FREE | MCOEV | POWER_BI_PRO | POWER_BI_STANDARD | POWERAPPS_DEV";"07/03/2025 10:53:15 +01:00";"True";"28/05/2026 10:55:18 +02:00";"26/08/2026 10:55:18 +02:00";"0";;;;"True";"Recherche globale Entra";"False";"27/07/2026 10:55:18 +02:00";"20";"0";"20";"21/08/2026 16:25:50 +02:00";"21/08/2026 16:25:50 +02:00";;;;"HTTP 410 - ressource ou lien de pagination Graph expire/non disponible. Appel : GET /beta/auditLogs/signIns. Le controle correspondant est incomplet et interdit tout retrait de licence fonde sur cet appel.";
"CONSERVER - CONNEXION RECENTE";"Connexion Power BI Online ou Desktop detectee dans Entra. Par prudence, la licence est conservee.";"FÜNER, Klaus | Heinze";"klaus.fuener@infopro-digital.com";"Klaus.Fuener@heinze.de";"True";"Member";"Power BI Pro";"FLOW_FREE | POWER_BI_PRO | POWER_BI_STANDARD | STANDARDPACK";"15/04/2025 11:01:30 +02:00";"True";"28/05/2026 10:55:18 +02:00";"26/08/2026 10:55:18 +02:00";"0";;;;"True";"Recherche globale Entra";"False";"27/07/2026 10:55:18 +02:00";"4";"0";"4";"28/07/2026 18:50:06 +02:00";"28/07/2026 18:50:06 +02:00";;;;"HTTP 410 - ressource ou lien de pagination Graph expire/non disponible. Appel : GET /beta/auditLogs/signIns. Le controle correspondant est incomplet et interdit tout retrait de licence fonde sur cet appel.";
"CONSERVER - CONNEXION RECENTE";"Connexion Power BI Online ou Desktop detectee dans Entra. Par prudence, la licence est conservee.";"SONCK, Kristel";"kristel.sonck@ebp.be";"kristel.sonck@ebp.be";"True";"Member";"Power BI Pro";"ENTERPRISEPACK | FLOW_FREE | POWER_BI_PRO | POWER_BI_STANDARD";"19/12/2024 15:31:04 +01:00";"True";"28/05/2026 10:55:18 +02:00";"26/08/2026 10:55:18 +02:00";"0";;;;"True";"Recherche globale Entra";"False";"27/07/2026 10:55:18 +02:00";"18";"0";"18";"24/08/2026 03:00:01 +02:00";"24/08/2026 03:00:01 +02:00";;;;"HTTP 410 - ressource ou lien de pagination Graph expire/non disponible. Appel : GET /beta/auditLogs/signIns. Le controle correspondant est incomplet et interdit tout retrait de licence fonde sur cet appel.";
"CONSERVER - CONNEXION RECENTE";"Connexion Power BI Online ou Desktop detectee dans Entra. Par prudence, la licence est conservee.";"Laura Sherrin";"Laura.Sherrin@infopro-digital.com";"Laura.Sherrin@infopro-digital.com";"True";"Member";"Power BI Pro";"DYN365_BUSCENTRAL_TEAM_MEMBER | ENTERPRISEPACK | FLOW_FREE | MCOEV | POWER_BI_PRO | POWER_BI_STANDARD";"11/03/2026 16:31:18 +01:00";"True";"28/05/2026 10:55:18 +02:00";"26/08/2026 10:55:18 +02:00";"0";;;;"True";"Controle individuel par ID Entra";"False";"27/07/2026 10:55:18 +02:00";"1";"0";"1";"15/08/2026 16:35:30 +02:00";"15/08/2026 16:35:30 +02:00";;;;"HTTP 410 - ressource ou lien de pagination Graph expire/non disponible. Appel : GET /beta/auditLogs/signIns. Le controle correspondant est incomplet et interdit tout retrait de licence fonde sur cet appel.";
"CONSERVER - CONNEXION RECENTE";"Connexion Power BI Online ou Desktop detectee dans Entra. Par prudence, la licence est conservee.";"LEENHARDT, Laurent";"laurent.leenhardt@infopro-digital.com";"laurent.leenhardt@infopro-digital.com";"True";"Member";"Power BI Pro";"FLOW_FREE | POWER_BI_STANDARD | SPE_E5";"17/07/2025 10:55:30 +02:00";"True";"28/05/2026 10:55:18 +02:00";"26/08/2026 10:55:18 +02:00";"0";;;;"True";"Recherche globale Entra";"False";"27/07/2026 10:55:18 +02:00";"11";"0";"11";"11/08/2026 22:34:40 +02:00";"11/08/2026 22:34:40 +02:00";;;;"HTTP 410 - ressource ou lien de pagination Graph expire/non disponible. Appel : GET /beta/auditLogs/signIns. Le controle correspondant est incomplet et interdit tout retrait de licence fonde sur cet appel.";
"CONSERVER - CONNEXION RECENTE";"Connexion Power BI Online ou Desktop detectee dans Entra. Par prudence, la licence est conservee.";"DELAUNAY, Manuela";"manuela.delaunay@infopro-digital.com";"m.delaunay@toute-la-franchise.com";"True";"Member";"Power BI Pro";"FLOW_FREE | POWER_BI_PRO | POWER_BI_STANDARD | STANDARDPACK | STREAM";"31/12/2025 10:54:50 +01:00";"True";"28/05/2026 10:55:18 +02:00";"26/08/2026 10:55:18 +02:00";"0";;;;"True";"Recherche globale Entra";"False";"27/07/2026 10:55:18 +02:00";"15";"0";"15";"18/08/2026 18:36:43 +02:00";"18/08/2026 18:36:43 +02:00";;;;"HTTP 410 - ressource ou lien de pagination Graph expire/non disponible. Appel : GET /beta/auditLogs/signIns. Le controle correspondant est incomplet et interdit tout retrait de licence fonde sur cet appel.";
"CONSERVER - CONNEXION RECENTE";"Connexion Power BI Online ou Desktop detectee dans Entra. Par prudence, la licence est conservee.";"CRAUFFON, Marc";"marc.crauffon@infopro-digital.com";"marc.crauffon@infopro-digital.com";"True";"Member";"Power BI Pro";"FLOW_FREE | SPE_E5";"31/07/2025 14:17:26 +02:00";"True";"28/05/2026 10:55:18 +02:00";"26/08/2026 10:55:18 +02:00";"0";;;;"True";"Controle individuel par ID Entra";"False";"27/07/2026 10:55:18 +02:00";"1";"0";"1";"21/08/2026 13:29:53 +02:00";"21/08/2026 13:29:53 +02:00";;;;"HTTP 410 - ressource ou lien de pagination Graph expire/non disponible. Appel : GET /beta/auditLogs/signIns. Le controle correspondant est incomplet et interdit tout retrait de licence fonde sur cet appel.";
"CONSERVER - CONNEXION RECENTE";"Connexion Power BI Online ou Desktop detectee dans Entra. Par prudence, la licence est conservee.";"Naomi Cardona Castellanos";"Naomi.Castellanos@infopro-digital.com";"Naomi.Castellanos@Risk.Net";"True";"Member";"Power BI Pro";"ENTERPRISEPACK | FLOW_FREE | MCOEV | POWER_BI_PRO";"04/07/2025 10:55:38 +02:00";"True";"28/05/2026 10:55:18 +02:00";"26/08/2026 10:55:18 +02:00";"0";;;;"True";"Controle individuel par ID Entra";"False";"27/07/2026 10:55:18 +02:00";"2";"0";"2";"31/07/2026 14:12:48 +02:00";"31/07/2026 14:12:46 +02:00";"31/07/2026 14:12:48 +02:00";;;"HTTP 410 - ressource ou lien de pagination Graph expire/non disponible. Appel : GET /beta/auditLogs/signIns. Le controle correspondant est incomplet et interdit tout retrait de licence fonde sur cet appel.";
"CONSERVER - CONNEXION RECENTE";"Connexion Power BI Online ou Desktop detectee dans Entra. Par prudence, la licence est conservee.";"DONNELLY, Nigel";"Nigel.Donnelly@infopro-digital.com";"nigel.donnelly@infopro-digital.com";"True";"Member";"Power BI Pro";"DYN365_BUSCENTRAL_ESSENTIAL | FLOW_FREE | POWER_BI_STANDARD | SPE_E5";"28/07/2025 15:00:37 +02:00";"True";"28/05/2026 10:55:18 +02:00";"26/08/2026 10:55:18 +02:00";"0";;;;"True";"Recherche globale Entra";"False";"27/07/2026 10:55:18 +02:00";"231";"0";"231";"26/08/2026 10:37:44 +02:00";"26/08/2026 10:37:44 +02:00";;;;"HTTP 410 - ressource ou lien de pagination Graph expire/non disponible. Appel : GET /beta/auditLogs/signIns. Le controle correspondant est incomplet et interdit tout retrait de licence fonde sur cet appel.";
"CONSERVER - CONNEXION RECENTE";"Connexion Power BI Online ou Desktop detectee dans Entra. Par prudence, la licence est conservee.";"HUREL, Noemie";"noemie.hurel@infopro-digital.com";"noemie.hurel@infopro-digital.com";"True";"Member";"Power BI Pro";"FLOW_FREE | POWER_BI_PRO | POWER_BI_STANDARD | STANDARDPACK";"07/08/2025 10:47:56 +02:00";"True";"28/05/2026 10:55:18 +02:00";"26/08/2026 10:55:18 +02:00";"0";;;;"True";"Recherche globale Entra";"False";"27/07/2026 10:55:18 +02:00";"22";"0";"22";"25/08/2026 15:54:12 +02:00";"25/08/2026 15:54:12 +02:00";;;;"HTTP 410 - ressource ou lien de pagination Graph expire/non disponible. Appel : GET /beta/auditLogs/signIns. Le controle correspondant est incomplet et interdit tout retrait de licence fonde sur cet appel.";
"CONSERVER - CONNEXION RECENTE";"Connexion Power BI Online ou Desktop detectee dans Entra. Par prudence, la licence est conservee.";"powerautomate IPDCH";"powerautomate@infopro-digital.ch";"powerautomate@infopro-digital.ch";"True";"Member";"Power BI Pro";"ENTERPRISEPACK | FLOW_FREE | POWER_BI_PRO | POWER_BI_STANDARD";"05/08/2025 14:50:13 +02:00";"True";"28/05/2026 10:55:18 +02:00";"26/08/2026 10:55:18 +02:00";"0";;;;"True";"Recherche globale Entra";"False";"27/07/2026 10:55:18 +02:00";"7";"0";"7";"03/08/2026 19:52:43 +02:00";"03/08/2026 19:52:43 +02:00";;;;"HTTP 410 - ressource ou lien de pagination Graph expire/non disponible. Appel : GET /beta/auditLogs/signIns. Le controle correspondant est incomplet et interdit tout retrait de licence fonde sur cet appel.";
"CONSERVER - CONNEXION RECENTE";"Connexion Power BI Online ou Desktop detectee dans Entra. Par prudence, la licence est conservee.";"project_status_hosting";"project_status_hosting@infopro-digital.com";;"True";"Member";"Power BI Pro";"POWER_BI_PRO";"17/04/2026 11:36:41 +02:00";"True";"28/05/2026 10:55:18 +02:00";"26/08/2026 10:55:18 +02:00";"0";;;;"True";"Recherche globale Entra";"False";"27/07/2026 10:55:18 +02:00";"664";"0";"664";"26/08/2026 11:10:32 +02:00";"26/08/2026 11:10:32 +02:00";;;;"HTTP 410 - ressource ou lien de pagination Graph expire/non disponible. Appel : GET /beta/auditLogs/signIns. Le controle correspondant est incomplet et interdit tout retrait de licence fonde sur cet appel.";
"CONSERVER - CONNEXION RECENTE";"Connexion Power BI Online ou Desktop detectee dans Entra. Par prudence, la licence est conservee.";"MESTREZ, Raphaelle";"raphaelle.mestrez@ebp.be";"raphaelle.mestrez@ebp.be";"True";"Member";"Power BI Pro";"ENTERPRISEPACK | FLOW_FREE | POWER_BI_PRO | POWER_BI_STANDARD";"19/12/2024 15:32:33 +01:00";"True";"28/05/2026 10:55:18 +02:00";"26/08/2026 10:55:18 +02:00";"0";;;;"True";"Controle individuel par ID Entra";"False";"27/07/2026 10:55:18 +02:00";"1";"0";"1";"27/07/2026 16:09:01 +02:00";"27/07/2026 16:09:01 +02:00";;;;"HTTP 410 - ressource ou lien de pagination Graph expire/non disponible. Appel : GET /beta/auditLogs/signIns. Le controle correspondant est incomplet et interdit tout retrait de licence fonde sur cet appel.";
"CONSERVER - CONNEXION RECENTE";"Connexion Power BI Online ou Desktop detectee dans Entra. Par prudence, la licence est conservee.";"Richard Murphy";"Richard.Murphy@red-on-line.com";"Richard.Murphy@red-on-line.com";"True";"Member";"Power BI Pro";"DYN365_BUSCENTRAL_TEAM_MEMBER | FLOW_FREE | SPE_E5";"28/07/2025 09:30:35 +02:00";"True";"28/05/2026 10:55:18 +02:00";"26/08/2026 10:55:18 +02:00";"0";;;;"True";"Controle individuel par ID Entra";"False";"27/07/2026 10:55:18 +02:00";"5";"0";"5";"25/08/2026 11:13:15 +02:00";"25/08/2026 11:13:15 +02:00";;;;"HTTP 410 - ressource ou lien de pagination Graph expire/non disponible. Appel : GET /beta/auditLogs/signIns. Le controle correspondant est incomplet et interdit tout retrait de licence fonde sur cet appel.";
"CONSERVER - CONNEXION RECENTE";"Connexion Power BI Online ou Desktop detectee dans Entra. Par prudence, la licence est conservee.";"IHM, Ronald";"Ronald.Ihm@infopro-digital.ch";"ronald.ihm@infopro-digital.com";"True";"Member";"Power BI Pro";"ENTERPRISEPACK | FLOW_FREE | POWER_BI_PRO | POWER_BI_STANDARD";"11/03/2026 16:31:18 +01:00";"True";"28/05/2026 10:55:18 +02:00";"26/08/2026 10:55:18 +02:00";"0";;;;"True";"Recherche globale Entra";"False";"27/07/2026 10:55:18 +02:00";"8";"0";"8";"24/08/2026 16:03:15 +02:00";"24/08/2026 16:03:15 +02:00";;;;"HTTP 410 - ressource ou lien de pagination Graph expire/non disponible. Appel : GET /beta/auditLogs/signIns. Le controle correspondant est incomplet et interdit tout retrait de licence fonde sur cet appel.";
"CONSERVER - CONNEXION RECENTE";"Connexion Power BI Online ou Desktop detectee dans Entra. Par prudence, la licence est conservee.";"FAYYAZ, Sajid";"sajid.fayyaz@infopro-digital.com";"sfayyaz@infopro-digital.com";"True";"Member";"Power BI Pro";"FLOW_FREE | Microsoft_365_Copilot | POWER_BI_STANDARD | SPE_E5";"17/07/2025 10:55:31 +02:00";"True";"28/05/2026 10:55:18 +02:00";"26/08/2026 10:55:18 +02:00";"0";;;;"True";"Recherche globale Entra";"False";"27/07/2026 10:55:18 +02:00";"11";"0";"11";"15/08/2026 04:28:48 +02:00";"15/08/2026 04:28:48 +02:00";;;;"HTTP 410 - ressource ou lien de pagination Graph expire/non disponible. Appel : GET /beta/auditLogs/signIns. Le controle correspondant est incomplet et interdit tout retrait de licence fonde sur cet appel.";
"CONSERVER - CONNEXION RECENTE";"Connexion Power BI Online ou Desktop detectee dans Entra. Par prudence, la licence est conservee.";"MAINERI, Sara";"sara.maineri@infopro-digital.com";"smaineri@gipa.eu";"True";"Member";"Power BI Pro";"ENTERPRISEPACK | INTUNE_A_VL | POWER_BI_PRO | POWER_BI_STANDARD";"01/07/2026 11:24:46 +02:00";"True";"28/05/2026 10:55:18 +02:00";"26/08/2026 10:55:18 +02:00";"0";;;;"True";"Recherche globale Entra";"False";"27/07/2026 10:55:18 +02:00";"25";"0";"25";"20/08/2026 21:19:04 +02:00";"20/08/2026 21:19:04 +02:00";;;;"HTTP 410 - ressource ou lien de pagination Graph expire/non disponible. Appel : GET /beta/auditLogs/signIns. Le controle correspondant est incomplet et interdit tout retrait de licence fonde sur cet appel.";
"CONSERVER - CONNEXION RECENTE";"Connexion Power BI Online ou Desktop detectee dans Entra. Par prudence, la licence est conservee.";"JARRY LEFORT, Severine";"severine.jarrylefort@infopro-digital.com";"severine.jarrylefort@infopro-digital.com";"True";"Member";"Power BI Pro";"ENTERPRISEPACK | FLOW_FREE | POWER_BI_PRO | POWER_BI_STANDARD | STREAM";"25/07/2025 11:57:50 +02:00";"True";"28/05/2026 10:55:18 +02:00";"26/08/2026 10:55:18 +02:00";"0";;;;"True";"Recherche globale Entra";"False";"27/07/2026 10:55:18 +02:00";"11";"0";"11";"11/08/2026 17:01:26 +02:00";"11/08/2026 17:01:26 +02:00";;;;"HTTP 410 - ressource ou lien de pagination Graph expire/non disponible. Appel : GET /beta/auditLogs/signIns. Le controle correspondant est incomplet et interdit tout retrait de licence fonde sur cet appel.";
"CONSERVER - CONNEXION RECENTE";"Connexion Power BI Online ou Desktop detectee dans Entra. Par prudence, la licence est conservee.";"PROCACCIANTE, Sofia";"sofia.procacciante@infopro-digital.com";"sofia.procacciante@infopro-digital.com";"True";"Member";"Power BI Pro";"ENTERPRISEPACK | FLOW_FREE | POWER_BI_PRO | POWER_BI_STANDARD";"31/10/2025 13:22:09 +01:00";"True";"28/05/2026 10:55:18 +02:00";"26/08/2026 10:55:18 +02:00";"0";;;;"True";"Recherche globale Entra";"False";"27/07/2026 10:55:18 +02:00";"17";"0";"17";"19/08/2026 20:13:31 +02:00";"19/08/2026 20:13:31 +02:00";;;;"HTTP 410 - ressource ou lien de pagination Graph expire/non disponible. Appel : GET /beta/auditLogs/signIns. Le controle correspondant est incomplet et interdit tout retrait de licence fonde sur cet appel.";
"CONSERVER - CONNEXION RECENTE";"Connexion Power BI Online ou Desktop detectee dans Entra. Par prudence, la licence est conservee.";"RIZZO, Stefano";"stefano.rizzo@infopro-digital.com";"srizzo@companeo.com";"True";"Member";"Power BI Pro";"POWER_BI_PRO | POWER_BI_STANDARD | STANDARDPACK";"20/05/2025 12:16:25 +02:00";"True";"28/05/2026 10:55:18 +02:00";"26/08/2026 10:55:18 +02:00";"0";;;;"True";"Recherche globale Entra";"False";"27/07/2026 10:55:18 +02:00";"18";"0";"18";"19/08/2026 12:45:07 +02:00";"19/08/2026 12:45:07 +02:00";;;;"HTTP 410 - ressource ou lien de pagination Graph expire/non disponible. Appel : GET /beta/auditLogs/signIns. Le controle correspondant est incomplet et interdit tout retrait de licence fonde sur cet appel.";
"CONSERVER - CONNEXION RECENTE";"Connexion Power BI Online ou Desktop detectee dans Entra. Par prudence, la licence est conservee.";"MAGNAT, Stephane";"stephane.magnat@infopro-digital.com";"smagnat@gipa.eu";"True";"Member";"Power BI Pro";"ENTERPRISEPACK | POWER_BI_PRO | POWER_BI_STANDARD";"12/06/2026 15:57:37 +02:00";"True";"28/05/2026 10:55:18 +02:00";"26/08/2026 10:55:18 +02:00";"0";;;;"True";"Controle individuel par ID Entra";"False";"27/07/2026 10:55:18 +02:00";"16";"0";"16";"26/08/2026 14:20:32 +02:00";"26/08/2026 14:20:32 +02:00";;;;"HTTP 410 - ressource ou lien de pagination Graph expire/non disponible. Appel : GET /beta/auditLogs/signIns. Le controle correspondant est incomplet et interdit tout retrait de licence fonde sur cet appel.";
"CONSERVER - CONNEXION RECENTE";"Connexion Power BI Online ou Desktop detectee dans Entra. Par prudence, la licence est conservee.";"SMITH, Tami";"Tami.Smith@infopro-digital.com";"tami.smith@infopro-digital.com";"True";"Member";"Power BI Pro";"DYN365_BUSCENTRAL_ESSENTIAL | SPE_E5";"28/07/2025 15:00:40 +02:00";"True";"28/05/2026 10:55:18 +02:00";"26/08/2026 10:55:18 +02:00";"0";;;;"True";"Recherche globale Entra";"False";"27/07/2026 10:55:18 +02:00";"517";"0";"517";"25/08/2026 17:04:38 +02:00";"25/08/2026 17:04:38 +02:00";;;;"HTTP 410 - ressource ou lien de pagination Graph expire/non disponible. Appel : GET /beta/auditLogs/signIns. Le controle correspondant est incomplet et interdit tout retrait de licence fonde sur cet appel.";
"CONSERVER - CONNEXION RECENTE";"Connexion Power BI Online ou Desktop detectee dans Entra. Par prudence, la licence est conservee.";"Köster, Thorsten";"Thorsten.Koester@infopro-digital.com";"T.Koester@ibau.de";"True";"Member";"Power BI Pro";"FLOW_FREE | POWER_BI_PRO | POWER_BI_STANDARD | STANDARDPACK";"01/07/2026 13:58:29 +02:00";"True";"28/05/2026 10:55:18 +02:00";"26/08/2026 10:55:18 +02:00";"0";;;;"True";"Recherche globale Entra";"False";"27/07/2026 10:55:18 +02:00";"21";"0";"21";"24/08/2026 15:44:15 +02:00";"24/08/2026 15:44:15 +02:00";;;;"HTTP 410 - ressource ou lien de pagination Graph expire/non disponible. Appel : GET /beta/auditLogs/signIns. Le controle correspondant est incomplet et interdit tout retrait de licence fonde sur cet appel.";
"CONSERVER - CONNEXION RECENTE";"Connexion Power BI Online ou Desktop detectee dans Entra. Par prudence, la licence est conservee.";"LAMASSE, Valerie";"valerie.lamasse@infopro-digital.com";"valerie.lamasse@infopro-digital.com";"True";"Member";"Power BI Pro";"POWER_BI_PRO | POWER_BI_STANDARD | STANDARDPACK";"06/05/2025 18:15:34 +02:00";"True";"28/05/2026 10:55:18 +02:00";"26/08/2026 10:55:18 +02:00";"0";;;;"True";"Recherche globale Entra";"False";"27/07/2026 10:55:18 +02:00";"4";"0";"4";"27/07/2026 12:39:07 +02:00";"27/07/2026 12:39:07 +02:00";;;;"HTTP 410 - ressource ou lien de pagination Graph expire/non disponible. Appel : GET /beta/auditLogs/signIns. Le controle correspondant est incomplet et interdit tout retrait de licence fonde sur cet appel.";
"CONSERVER - CONNEXION RECENTE";"Connexion Power BI Online ou Desktop detectee dans Entra. Par prudence, la licence est conservee.";"YOUNG, Victoria";"Victoria.Young@infopro-digital.com";"victoria.young@infopro-digital.com";"True";"Member";"Power BI Pro";"DYN365_BUSCENTRAL_ESSENTIAL | FLOW_FREE | SPE_E5";"28/07/2025 15:00:38 +02:00";"True";"28/05/2026 10:55:18 +02:00";"26/08/2026 10:55:18 +02:00";"0";;;;"True";"Recherche globale Entra";"False";"27/07/2026 10:55:18 +02:00";"116";"0";"116";"24/08/2026 08:33:51 +02:00";"24/08/2026 08:33:51 +02:00";;;;"HTTP 410 - ressource ou lien de pagination Graph expire/non disponible. Appel : GET /beta/auditLogs/signIns. Le controle correspondant est incomplet et interdit tout retrait de licence fonde sur cet appel.";
"CONSERVER - LICENCE TROP RECENTE";"Licence ou plan payant attribue depuis moins de 90 jours.";"Dümeland, Anna-Maria";"anna.duemeland@infopro-digital.com";"anna.duemeland@heinze.de";"True";"Member";"Power BI Pro";"FLOW_FREE | POWER_BI_PRO | POWER_BI_STANDARD | STANDARDPACK";"30/07/2026 13:45:12 +02:00";"True";"28/05/2026 10:55:18 +02:00";"26/08/2026 10:55:18 +02:00";"0";;;;"True";"Controle individuel par ID Entra";"False";"27/07/2026 10:55:18 +02:00";"0";"0";"0";;;;;;"HTTP 410 - ressource ou lien de pagination Graph expire/non disponible. Appel : GET /beta/auditLogs/signIns. Le controle correspondant est incomplet et interdit tout retrait de licence fonde sur cet appel.";
"CONSERVER - LICENCE TROP RECENTE";"Licence ou plan payant attribue depuis moins de 90 jours.";"Chris Ai";"Chris.Ai@infopro-digital.com";"Chris.Ai@infopro-digital.com";"True";"Member";"Power BI Pro";"SPE_E5";"25/06/2026 14:23:20 +02:00";"True";"28/05/2026 10:55:18 +02:00";"26/08/2026 10:55:18 +02:00";"0";;;;"True";"Controle individuel par ID Entra";"False";"27/07/2026 10:55:18 +02:00";"0";"0";"0";;;;;;"HTTP 410 - ressource ou lien de pagination Graph expire/non disponible. Appel : GET /beta/auditLogs/signIns. Le controle correspondant est incomplet et interdit tout retrait de licence fonde sur cet appel.";
"CONSERVER - LICENCE TROP RECENTE";"Licence ou plan payant attribue depuis moins de 90 jours.";"FRANCHINI, Enzo";"enzo.franchini@infopro-digital.com";"enzo.franchini@infopro-digital.com";"True";"Member";"Power BI Pro";"ENTERPRISEPACK | POWER_BI_PRO | POWER_BI_STANDARD";"10/07/2026 10:53:17 +02:00";"True";"28/05/2026 10:55:18 +02:00";"26/08/2026 10:55:18 +02:00";"0";;;;"True";"Controle individuel par ID Entra";"False";"27/07/2026 10:55:18 +02:00";"0";"0";"0";;;;;;"HTTP 410 - ressource ou lien de pagination Graph expire/non disponible. Appel : GET /beta/auditLogs/signIns. Le controle correspondant est incomplet et interdit tout retrait de licence fonde sur cet appel.";
"CONSERVER - LICENCE TROP RECENTE";"Licence ou plan payant attribue depuis moins de 90 jours.";"Jack Ryan";"jack.ryan@infopro-digital.com";"Jack.Ryan@infopro-digital.com";"True";"Member";"Power BI Pro";"SPE_E5";"23/06/2026 13:30:41 +02:00";"True";"28/05/2026 10:55:18 +02:00";"26/08/2026 10:55:18 +02:00";"0";;;;"True";"Controle individuel par ID Entra";"False";"27/07/2026 10:55:18 +02:00";"0";"0";"0";;;;;;"HTTP 410 - ressource ou lien de pagination Graph expire/non disponible. Appel : GET /beta/auditLogs/signIns. Le controle correspondant est incomplet et interdit tout retrait de licence fonde sur cet appel.";
"CONSERVER - LICENCE TROP RECENTE";"Licence ou plan payant attribue depuis moins de 90 jours.";"HOUSSART, Jennifer";"jennifer.houssart@infopro-digital.com";"jennifer.houssart@infopro-digital.com";"True";"Member";"Power BI Pro";"FLOW_FREE | POWER_BI_PRO | POWER_BI_STANDARD | STANDARDPACK";"06/07/2026 16:36:58 +02:00";"True";"28/05/2026 10:55:18 +02:00";"26/08/2026 10:55:18 +02:00";"0";;;;"True";"Controle individuel par ID Entra";"False";"27/07/2026 10:55:18 +02:00";"0";"0";"0";;;;;;"HTTP 410 - ressource ou lien de pagination Graph expire/non disponible. Appel : GET /beta/auditLogs/signIns. Le controle correspondant est incomplet et interdit tout retrait de licence fonde sur cet appel.";
"CONSERVER - LICENCE TROP RECENTE";"Licence ou plan payant attribue depuis moins de 90 jours.";"Matt Crabtree";"matt.crabtree_positivemomentum.com#EXT#@infoprodigital365.onmicrosoft.com";"matt.crabtree@positivemomentum.com";"True";"Guest";"Power BI Pro";"POWER_BI_PRO";"20/08/2026 11:16:38 +02:00";"True";"28/05/2026 10:55:18 +02:00";"26/08/2026 10:55:18 +02:00";"0";;;;"True";"Controle individuel par ID Entra";"False";"27/07/2026 10:55:18 +02:00";"0";"0";"0";;;;;;"HTTP 410 - ressource ou lien de pagination Graph expire/non disponible. Appel : GET /beta/auditLogs/signIns. Le controle correspondant est incomplet et interdit tout retrait de licence fonde sur cet appel.";
"CONSERVER - LICENCE TROP RECENTE";"Licence ou plan payant attribue depuis moins de 90 jours.";"Michael Setters";"Michael.Setters@infopro-digital.com";"Michael.Setters@1lod.com";"True";"Member";"Power BI Pro";"DYN365_BUSCENTRAL_ESSENTIAL | ENTERPRISEPACK | POWER_BI_PRO";"11/08/2026 17:56:55 +02:00";"True";"28/05/2026 10:55:18 +02:00";"26/08/2026 10:55:18 +02:00";"0";;;;"True";"Controle individuel par ID Entra";"False";"27/07/2026 10:55:18 +02:00";"0";"0";"0";;;;;;"HTTP 410 - ressource ou lien de pagination Graph expire/non disponible. Appel : GET /beta/auditLogs/signIns. Le controle correspondant est incomplet et interdit tout retrait de licence fonde sur cet appel.";
"CONSERVER - LICENCE TROP RECENTE";"Licence ou plan payant attribue depuis moins de 90 jours.";"Nathanael Coke";"Nathanael.Coke@infopro-digital.com";"Nathanael.Coke@chartis-research.com";"True";"Member";"Power BI Pro";"ENTERPRISEPACK | FLOW_FREE | MCOEV | POWER_BI_PRO";"22/06/2026 15:09:30 +02:00";"True";"28/05/2026 10:55:18 +02:00";"26/08/2026 10:55:18 +02:00";"0";;;;"True";"Controle individuel par ID Entra";"False";"27/07/2026 10:55:18 +02:00";"0";"0";"0";;;;;;"HTTP 410 - ressource ou lien de pagination Graph expire/non disponible. Appel : GET /beta/auditLogs/signIns. Le controle correspondant est incomplet et interdit tout retrait de licence fonde sur cet appel.";
"CONSERVER - LICENCE TROP RECENTE";"Licence ou plan payant attribue depuis moins de 90 jours.";"BRETZ, Normann | Heinze";"normann.bretz@infopro-digital.com";"normann.bretz@heinze.de";"True";"Member";"Power BI Pro";"POWER_BI_PRO | POWER_BI_STANDARD | STANDARDPACK";"20/08/2026 11:56:06 +02:00";"True";"28/05/2026 10:55:18 +02:00";"26/08/2026 10:55:18 +02:00";"0";;;;"True";"Controle individuel par ID Entra";"False";"27/07/2026 10:55:18 +02:00";"0";"0";"0";;;;;;"HTTP 410 - ressource ou lien de pagination Graph expire/non disponible. Appel : GET /beta/auditLogs/signIns. Le controle correspondant est incomplet et interdit tout retrait de licence fonde sur cet appel.";
"CONSERVER - LICENCE TROP RECENTE";"Licence ou plan payant attribue depuis moins de 90 jours.";"paul goundry";"paul.goundry_positivemomentum.com#EXT#@infoprodigital365.onmicrosoft.com";"paul.goundry@positivemomentum.com";"True";"Guest";"Power BI Pro";"POWER_BI_PRO";"20/08/2026 11:16:39 +02:00";"True";"28/05/2026 10:55:18 +02:00";"26/08/2026 10:55:18 +02:00";"0";;;;"True";"Controle individuel par ID Entra";"False";"27/07/2026 10:55:18 +02:00";"0";"0";"0";;;;;;"HTTP 410 - ressource ou lien de pagination Graph expire/non disponible. Appel : GET /beta/auditLogs/signIns. Le controle correspondant est incomplet et interdit tout retrait de licence fonde sur cet appel.";
"CONSERVER - LICENCE TROP RECENTE";"Licence ou plan payant attribue depuis moins de 90 jours.";"LE HETET, Quentin";"quentin.lehetet@infopro-digital.com";"qlehetet@gipa.eu";"True";"Member";"Power BI Pro";"ENTERPRISEPACK | POWER_BI_PRO | POWER_BI_STANDARD";"12/06/2026 15:31:38 +02:00";"True";"28/05/2026 10:55:18 +02:00";"26/08/2026 10:55:18 +02:00";"0";;;;"True";"Controle individuel par ID Entra";"False";"27/07/2026 10:55:18 +02:00";"0";"0";"0";;;;;;"HTTP 410 - ressource ou lien de pagination Graph expire/non disponible. Appel : GET /beta/auditLogs/signIns. Le controle correspondant est incomplet et interdit tout retrait de licence fonde sur cet appel.";
"CONSERVER - LICENCE TROP RECENTE";"Licence ou plan payant attribue depuis moins de 90 jours.";"NICOLLE, Romain (EXT)";"romain.nicolle@infopro-digital.com";"romain.nicolle@infopro-digital.com";"True";"Member";"Power BI Pro";"POWER_BI_PRO | POWER_BI_STANDARD | STANDARDPACK";"02/07/2026 10:00:27 +02:00";"True";"28/05/2026 10:55:18 +02:00";"26/08/2026 10:55:18 +02:00";"0";;;;"True";"Controle individuel par ID Entra";"False";"27/07/2026 10:55:18 +02:00";"0";"0";"0";;;;;;"HTTP 410 - ressource ou lien de pagination Graph expire/non disponible. Appel : GET /beta/auditLogs/signIns. Le controle correspondant est incomplet et interdit tout retrait de licence fonde sur cet appel.";
"CONSERVER - UTILISEE";"Activite Power BI reelle detectee dans Microsoft Purview Audit.";"Aaraa Javed";"aaraa.javed@infopro-digital.com";"aaraa.javed@infopro-digital.com";"True";"Member";"Power BI Pro";"ENTERPRISEPACK | FLOW_FREE | MCOEV | POWER_BI_PRO | POWER_BI_STANDARD";"15/09/2025 17:57:09 +02:00";"True";"28/05/2026 10:55:18 +02:00";"26/08/2026 10:55:18 +02:00";"70";"21/08/2026 12:59:24 +02:00";"4";"ViewReport";"True";"Non requise - activite Purview trouvee";"False";"27/07/2026 10:55:18 +02:00";"371";"0";"371";"21/08/2026 17:01:01 +02:00";"21/08/2026 17:01:01 +02:00";;;;"HTTP 410 - ressource ou lien de pagination Graph expire/non disponible. Appel : GET /beta/auditLogs/signIns. Le controle correspondant est incomplet et interdit tout retrait de licence fonde sur cet appel.";
"CONSERVER - UTILISEE";"Activite Power BI reelle detectee dans Microsoft Purview Audit.";"CHAUDHARI, Abhijit";"abhijit.chaudhari@infopro-digital.com";"abhijit.chaudhari@infopro-digital.com";"True";"Member";"Power BI Pro";"FLOW_FREE | POWER_BI_PRO | POWER_BI_STANDARD | STANDARDPACK";"22/12/2025 12:00:35 +01:00";"True";"28/05/2026 10:55:18 +02:00";"26/08/2026 10:55:18 +02:00";"188";"26/08/2026 08:33:49 +02:00";"0";"ViewReport";"True";"Non requise - activite Purview trouvee";"False";"27/07/2026 10:55:18 +02:00";"479";"0";"479";"26/08/2026 08:33:56 +02:00";"26/08/2026 08:33:56 +02:00";"20/08/2026 11:51:17 +02:00";;;"HTTP 410 - ressource ou lien de pagination Graph expire/non disponible. Appel : GET /beta/auditLogs/signIns. Le controle correspondant est incomplet et interdit tout retrait de licence fonde sur cet appel.";
"CONSERVER - UTILISEE";"Activite Power BI reelle detectee dans Microsoft Purview Audit.";"LA PORTA, Adriano | Heinze";"adriano.laporta@infopro-digital.com";"Adriano.LaPorta@heinze.de";"True";"Member";"Power BI Pro";"FLOW_FREE | POWER_BI_PRO | POWER_BI_STANDARD | STANDARDPACK";"25/08/2026 16:51:09 +02:00";"True";"28/05/2026 10:55:18 +02:00";"26/08/2026 10:55:18 +02:00";"25";"26/08/2026 01:44:46 +02:00";"0";"ViewReport";"True";"Non requise - activite Purview trouvee";"False";"27/07/2026 10:55:18 +02:00";"91";"0";"91";"26/08/2026 01:44:46 +02:00";"26/08/2026 01:44:46 +02:00";;;;"HTTP 410 - ressource ou lien de pagination Graph expire/non disponible. Appel : GET /beta/auditLogs/signIns. Le controle correspondant est incomplet et interdit tout retrait de licence fonde sur cet appel.";
"CONSERVER - UTILISEE";"Activite Power BI reelle detectee dans Microsoft Purview Audit.";"BOULARD, Adrien";"adrien.boulard@infopro-digital.com";"adrien.boulard@infopro-digital.com";"True";"Member";"Power BI Premium par utilisateur + Power BI Pro";"ENTERPRISEPACK | FLOW_FREE | FORMS_PRO | Microsoft_Teams_Audio_Conferencing_select_dial_out | PBI_PREMIUM_PER_USER | POWER_BI_STANDARD | POWERAPPS_VIRAL | SMB_APPS";"30/08/2024 12:18:24 +02:00";"True";"28/05/2026 10:55:18 +02:00";"26/08/2026 10:55:18 +02:00";"369";"24/08/2026 15:32:42 +02:00";"1";"GenerateCustomVisualAADAccessToken";"True";"Non requise - activite Purview trouvee";"False";"27/07/2026 10:55:18 +02:00";"607";"0";"607";"26/08/2026 10:31:36 +02:00";"26/08/2026 10:31:36 +02:00";"26/08/2026 10:24:22 +02:00";;;"HTTP 410 - ressource ou lien de pagination Graph expire/non disponible. Appel : GET /beta/auditLogs/signIns. Le controle correspondant est incomplet et interdit tout retrait de licence fonde sur cet appel.";
"CONSERVER - UTILISEE";"Activite Power BI reelle detectee dans Microsoft Purview Audit.";"COUTY Adrien";"adrien.couty@vecteurplus.com";"adrien.couty@infopro-digital.com";"True";"Member";"Power BI Pro";"FLOW_FREE | MICROSOFT_BUSINESS_CENTER | POWER_BI_STANDARD | SPE_E5";"12/11/2025 15:54:00 +01:00";"True";"28/05/2026 10:55:18 +02:00";"26/08/2026 10:55:18 +02:00";"35";"26/08/2026 08:55:58 +02:00";"0";"GetSnapshots";"True";"Non requise - activite Purview trouvee";"False";"27/07/2026 10:55:18 +02:00";"114";"0";"114";"26/08/2026 08:56:01 +02:00";"26/08/2026 08:56:01 +02:00";;;;"HTTP 410 - ressource ou lien de pagination Graph expire/non disponible. Appel : GET /beta/auditLogs/signIns. Le controle correspondant est incomplet et interdit tout retrait de licence fonde sur cet appel.";
"CONSERVER - UTILISEE";"Activite Power BI reelle detectee dans Microsoft Purview Audit.";"POUTHIER, Adrien";"adrien.pouthier@lemoniteur.fr";"adrien.pouthier@lemoniteur.fr";"True";"Member";"Power BI Pro";"FLOW_FREE | POWER_BI_PRO | POWER_BI_STANDARD | STANDARDPACK";"26/04/2023 10:50:05 +02:00";"True";"28/05/2026 10:55:18 +02:00";"26/08/2026 10:55:18 +02:00";"2";"17/07/2026 11:12:46 +02:00";"39";"GetSnapshots";"True";"Non requise - activite Purview trouvee";"False";"27/07/2026 10:55:18 +02:00";"15";"0";"15";"21/08/2026 20:56:13 +02:00";"21/08/2026 20:56:13 +02:00";;;;"HTTP 410 - ressource ou lien de pagination Graph expire/non disponible. Appel : GET /beta/auditLogs/signIns. Le controle correspondant est incomplet et interdit tout retrait de licence fonde sur cet appel.";
"CONSERVER - UTILISEE";"Activite Power BI reelle detectee dans Microsoft Purview Audit.";"DALLE, Aina";"aina.dalle@infopro-digital.com";"aina.dalle@infopro-digital.com";"True";"Member";"Power BI Pro";"ENTERPRISEPACK | POWER_BI_PRO | POWER_BI_STANDARD";"22/12/2025 12:00:33 +01:00";"True";"28/05/2026 10:55:18 +02:00";"26/08/2026 10:55:18 +02:00";"32";"27/07/2026 16:10:19 +02:00";"29";"ViewReport";"True";"Non requise - activite Purview trouvee";"False";"27/07/2026 10:55:18 +02:00";"49";"0";"49";"24/08/2026 16:51:10 +02:00";"24/08/2026 16:51:10 +02:00";;;;"HTTP 410 - ressource ou lien de pagination Graph expire/non disponible. Appel : GET /beta/auditLogs/signIns. Le controle correspondant est incomplet et interdit tout retrait de licence fonde sur cet appel.";
"CONSERVER - UTILISEE";"Activite Power BI reelle detectee dans Microsoft Purview Audit.";"GROSSAT, Alain";"alain.grossat@inovaxo.fr";"alain.grossat@infopro-digital.com";"True";"Member";"Power BI Pro";"FLOW_FREE | Microsoft_Teams_Audio_Conferencing_select_dial_out | POWER_BI_PRO | POWER_BI_STANDARD | STANDARDPACK | STREAM";"11/05/2021 17:03:06 +02:00";"True";"28/05/2026 10:55:18 +02:00";"26/08/2026 10:55:18 +02:00";"5";"23/07/2026 14:10:49 +02:00";"33";"ViewReport";"True";"Non requise - activite Purview trouvee";"False";"27/07/2026 10:55:18 +02:00";"11";"0";"11";"22/08/2026 22:07:35 +02:00";"22/08/2026 22:07:35 +02:00";;;;"HTTP 410 - ressource ou lien de pagination Graph expire/non disponible. Appel : GET /beta/auditLogs/signIns. Le controle correspondant est incomplet et interdit tout retrait de licence fonde sur cet appel.";
"CONSERVER - UTILISEE";"Activite Power BI reelle detectee dans Microsoft Purview Audit.";"JOLY, Alban";"alban.joly@infopro-digital.com";"alban.joly@infopro-digital.com";"True";"Member";"Power BI Pro";"ENTERPRISEPACK | FLOW_FREE | POWER_BI_PRO | POWER_BI_STANDARD | STREAM";"12/11/2024 13:53:51 +01:00";"True";"28/05/2026 10:55:18 +02:00";"26/08/2026 10:55:18 +02:00";"11";"25/08/2026 10:41:15 +02:00";"1";"ViewReport";"True";"Non requise - activite Purview trouvee";"False";"27/07/2026 10:55:18 +02:00";"32";"0";"32";"25/08/2026 10:42:23 +02:00";"25/08/2026 10:42:23 +02:00";;;;"HTTP 410 - ressource ou lien de pagination Graph expire/non disponible. Appel : GET /beta/auditLogs/signIns. Le controle correspondant est incomplet et interdit tout retrait de licence fonde sur cet appel.";
"CONSERVER - UTILISEE";"Activite Power BI reelle detectee dans Microsoft Purview Audit.";"AVERTY Albane";"albane.averty@vecteurplus.com";"albane.averty@vecteurplus.com";"True";"Member";"Power BI Pro";"ENTERPRISEPACK | Microsoft_Teams_Audio_Conferencing_select_dial_out | POWER_BI_PRO | POWER_BI_STANDARD | STREAM";"15/04/2026 09:05:21 +02:00";"True";"28/05/2026 10:55:18 +02:00";"26/08/2026 10:55:18 +02:00";"2";"28/07/2026 12:03:15 +02:00";"28";"ViewReport";"True";"Non requise - activite Purview trouvee";"False";"27/07/2026 10:55:18 +02:00";"23";"0";"23";"25/08/2026 22:53:39 +02:00";"25/08/2026 22:53:39 +02:00";;;;"HTTP 410 - ressource ou lien de pagination Graph expire/non disponible. Appel : GET /beta/auditLogs/signIns. Le controle correspondant est incomplet et interdit tout retrait de licence fonde sur cet appel.";
"CONSERVER - UTILISEE";"Activite Power BI reelle detectee dans Microsoft Purview Audit.";"DIEZ, Alejandro";"alejandro.diez@infopro-digital.com";"adiez@gipa.eu";"True";"Member";"Power BI Pro";"ENTERPRISEPACK | POWER_BI_PRO | POWER_BI_STANDARD";"12/06/2026 15:00:08 +02:00";"True";"28/05/2026 10:55:18 +02:00";"26/08/2026 10:55:18 +02:00";"80";"21/08/2026 07:31:44 +02:00";"5";"GetSnapshots";"True";"Non requise - activite Purview trouvee";"False";"27/07/2026 10:55:18 +02:00";"93";"0";"93";"25/08/2026 14:57:47 +02:00";"25/08/2026 14:57:47 +02:00";"25/08/2026 14:56:29 +02:00";;;"HTTP 410 - ressource ou lien de pagination Graph expire/non disponible. Appel : GET /beta/auditLogs/signIns. Le controle correspondant est incomplet et interdit tout retrait de licence fonde sur cet appel.";
"CONSERVER - UTILISEE";"Activite Power BI reelle detectee dans Microsoft Purview Audit.";"Alessandro Aimone";"alessandro.aimone@infopro-digital.com";"alessandro.aimone@infopro-digital.com";"True";"Member";"Power BI Pro";"ENTERPRISEPACK | FLOW_FREE | POWER_BI_PRO | POWER_BI_STANDARD";"05/01/2026 17:55:11 +01:00";"True";"28/05/2026 10:55:18 +02:00";"26/08/2026 10:55:18 +02:00";"323";"25/08/2026 18:18:43 +02:00";"0";"ViewReport";"True";"Non requise - activite Purview trouvee";"False";"27/07/2026 10:55:18 +02:00";"1260";"0";"1260";"25/08/2026 18:24:00 +02:00";"25/08/2026 18:24:00 +02:00";;;;"HTTP 410 - ressource ou lien de pagination Graph expire/non disponible. Appel : GET /beta/auditLogs/signIns. Le controle correspondant est incomplet et interdit tout retrait de licence fonde sur cet appel.";
"CONSERVER - UTILISEE";"Activite Power BI reelle detectee dans Microsoft Purview Audit.";"CAROLO, Alessia";"alessia.carolo@656editions.net";"alessia.carolo@infopro-digital.com";"True";"Member";"Power BI Pro";"DYN365_BUSCENTRAL_TEAM_MEMBER | POWER_BI_PRO | POWER_BI_STANDARD | STANDARDPACK";"02/06/2026 15:43:10 +02:00";"True";"28/05/2026 10:55:18 +02:00";"26/08/2026 10:55:18 +02:00";"21";"16/07/2026 13:32:10 +02:00";"40";"ViewReport";"True";"Non requise - activite Purview trouvee";"False";"27/07/2026 10:55:18 +02:00";"15";"0";"15";"20/08/2026 23:32:57 +02:00";"20/08/2026 23:32:57 +02:00";;;;"HTTP 410 - ressource ou lien de pagination Graph expire/non disponible. Appel : GET /beta/auditLogs/signIns. Le controle correspondant est incomplet et interdit tout retrait de licence fonde sur cet appel.";
"CONSERVER - UTILISEE";"Activite Power BI reelle detectee dans Microsoft Purview Audit.";"Alex Constandinou";"Alex.Constandinou@infopro-digital.com";"Alex.Constandinou@infopro-digital.com";"True";"Member";"Power BI Pro";"ENTERPRISEPACK | FLOW_FREE | MCOEV | POWER_BI_PRO | POWER_BI_STANDARD";"10/02/2026 17:23:18 +01:00";"True";"28/05/2026 10:55:18 +02:00";"26/08/2026 10:55:18 +02:00";"50";"26/08/2026 10:01:40 +02:00";"0";"ViewReport";"True";"Non requise - activite Purview trouvee";"False";"27/07/2026 10:55:18 +02:00";"352";"0";"352";"26/08/2026 11:05:26 +02:00";"26/08/2026 11:05:26 +02:00";;;;"HTTP 410 - ressource ou lien de pagination Graph expire/non disponible. Appel : GET /beta/auditLogs/signIns. Le controle correspondant est incomplet et interdit tout retrait de licence fonde sur cet appel.";
"CONSERVER - UTILISEE";"Activite Power BI reelle detectee dans Microsoft Purview Audit.";"Alex Fernandes";"Alex.Fernandes@infopro-digital.com";"Alex.Fernandes@risk.net";"True";"Member";"Power BI Pro";"MCOEV | POWER_BI_STANDARD | SPE_E5";"24/07/2025 13:52:12 +02:00";"True";"28/05/2026 10:55:18 +02:00";"26/08/2026 10:55:18 +02:00";"59";"25/08/2026 17:25:33 +02:00";"0";"ExportReport";"True";"Non requise - activite Purview trouvee";"False";"27/07/2026 10:55:18 +02:00";"99";"0";"99";"25/08/2026 17:24:25 +02:00";"25/08/2026 17:24:25 +02:00";;;;"HTTP 410 - ressource ou lien de pagination Graph expire/non disponible. Appel : GET /beta/auditLogs/signIns. Le controle correspondant est incomplet et interdit tout retrait de licence fonde sur cet appel.";
"CONSERVER - UTILISEE";"Activite Power BI reelle detectee dans Microsoft Purview Audit.";"Alex Fulton";"Alex.Fulton@infopro-digital.com";"alex.fulton@infopro-digital.com";"True";"Member";"Power BI Pro";"ENTERPRISEPACK | MCOEV | Microsoft_Teams_Audio_Conferencing_select_dial_out | POWER_BI_PRO | POWER_BI_STANDARD";"07/01/2026 10:24:50 +01:00";"True";"28/05/2026 10:55:18 +02:00";"26/08/2026 10:55:18 +02:00";"77";"21/08/2026 16:01:17 +02:00";"4";"ExportReport";"True";"Non requise - activite Purview trouvee";"False";"27/07/2026 10:55:18 +02:00";"272";"0";"272";"21/08/2026 16:00:27 +02:00";"21/08/2026 16:00:27 +02:00";;;;"HTTP 410 - ressource ou lien de pagination Graph expire/non disponible. Appel : GET /beta/auditLogs/signIns. Le controle correspondant est incomplet et interdit tout retrait de licence fonde sur cet appel.";
"CONSERVER - UTILISEE";"Activite Power BI reelle detectee dans Microsoft Purview Audit.";"Alex Krohn";"alex.krohn@infopro-digital.com";"alex.krohn@infopro-digital.com";"True";"Member";"Power BI Pro";"DYN365_BUSCENTRAL_TEAM_MEMBER | FLOW_FREE | MCOEV | POWER_BI_STANDARD | SPE_E5";"31/07/2025 15:17:06 +02:00";"True";"28/05/2026 10:55:18 +02:00";"26/08/2026 10:55:18 +02:00";"33";"24/08/2026 18:06:05 +02:00";"1";"ViewReport";"True";"Non requise - activite Purview trouvee";"False";"27/07/2026 10:55:18 +02:00";"159";"0";"159";"24/08/2026 18:06:11 +02:00";"24/08/2026 18:06:11 +02:00";;;;"HTTP 410 - ressource ou lien de pagination Graph expire/non disponible. Appel : GET /beta/auditLogs/signIns. Le controle correspondant est incomplet et interdit tout retrait de licence fonde sur cet appel.";
"CONSERVER - UTILISEE";"Activite Power BI reelle detectee dans Microsoft Purview Audit.";"BRINK-DLUGI, Alexander | Heinze";"alexander.brink-dlugi@infopro-digital.com";"Alexander.Brink-Dlugi@heinze.de";"True";"Member";"Power BI Pro";"POWER_BI_PRO | POWER_BI_STANDARD | STANDARDPACK";"15/04/2025 11:01:32 +02:00";"True";"28/05/2026 10:55:18 +02:00";"26/08/2026 10:55:18 +02:00";"34";"24/08/2026 09:21:23 +02:00";"2";"ViewReport";"True";"Non requise - activite Purview trouvee";"False";"27/07/2026 10:55:18 +02:00";"41";"0";"41";"24/08/2026 09:21:24 +02:00";"24/08/2026 09:21:24 +02:00";;;;"HTTP 410 - ressource ou lien de pagination Graph expire/non disponible. Appel : GET /beta/auditLogs/signIns. Le controle correspondant est incomplet et interdit tout retrait de licence fonde sur cet appel.";
"CONSERVER - UTILISEE";"Activite Power BI reelle detectee dans Microsoft Purview Audit.";"BRANDES-FRICKE, Alexandra | Heinze";"alexandra.brandes-fricke@infopro-digital.com";"Alexandra.Brandes-Fricke@heinze.de";"True";"Member";"Power BI Pro";"FLOW_FREE | POWER_BI_PRO | POWER_BI_STANDARD | POWERAPPS_DEV | STANDARDPACK";"15/04/2025 11:01:35 +02:00";"True";"28/05/2026 10:55:18 +02:00";"26/08/2026 10:55:18 +02:00";"116";"25/08/2026 11:34:37 +02:00";"0";"ViewReport";"True";"Non requise - activite Purview trouvee";"False";"27/07/2026 10:55:18 +02:00";"196";"0";"196";"25/08/2026 12:35:49 +02:00";"25/08/2026 12:35:49 +02:00";;;;"HTTP 410 - ressource ou lien de pagination Graph expire/non disponible. Appel : GET /beta/auditLogs/signIns. Le controle correspondant est incomplet et interdit tout retrait de licence fonde sur cet appel.";
"CONSERVER - UTILISEE";"Activite Power BI reelle detectee dans Microsoft Purview Audit.";"THIELLET, Alexandra";"alexandra.thiellet@infopro-digital.com";"alexandra.thiellet@infopro-digital.com";"True";"Member";"Power BI Pro";"ENTERPRISEPACK | FLOW_FREE | POWER_BI_PRO | POWER_BI_STANDARD";"05/10/2020 14:17:13 +02:00";"True";"28/05/2026 10:55:18 +02:00";"26/08/2026 10:55:18 +02:00";"31";"07/08/2026 14:08:20 +02:00";"18";"ViewReport";"True";"Non requise - activite Purview trouvee";"False";"27/07/2026 10:55:18 +02:00";"90";"0";"90";"07/08/2026 15:10:27 +02:00";"07/08/2026 15:10:27 +02:00";;;;"HTTP 410 - ressource ou lien de pagination Graph expire/non disponible. Appel : GET /beta/auditLogs/signIns. Le controle correspondant est incomplet et interdit tout retrait de licence fonde sur cet appel.";
"CONSERVER - UTILISEE";"Activite Power BI reelle detectee dans Microsoft Purview Audit.";"AUSSEUR, Alexandre";"alexandre.ausseur@infopro-digital.com";"alexandre.ausseur@infopro-digital.com";"True";"Member";"Power BI Pro";"ENTERPRISEPACK | FLOW_FREE | POWER_BI_PRO | POWER_BI_STANDARD";"06/02/2023 11:08:18 +01:00";"True";"28/05/2026 10:55:18 +02:00";"26/08/2026 10:55:18 +02:00";"118";"10/08/2026 14:25:20 +02:00";"15";"ConnectFromExternalApplication";"True";"Non requise - activite Purview trouvee";"False";"27/07/2026 10:55:18 +02:00";"58";"0";"58";"10/08/2026 14:23:41 +02:00";"10/08/2026 14:23:41 +02:00";"10/08/2026 14:20:04 +02:00";;;"HTTP 410 - ressource ou lien de pagination Graph expire/non disponible. Appel : GET /beta/auditLogs/signIns. Le controle correspondant est incomplet et interdit tout retrait de licence fonde sur cet appel.";
"CONSERVER - UTILISEE";"Activite Power BI reelle detectee dans Microsoft Purview Audit.";"LEMARCHAND, Alexandre";"alexandre.lemarchand@infopro-digital.com";"alexandre.lemarchand@infopro-digital.com";"True";"Member";"Power BI Pro";"POWER_BI_PRO | POWER_BI_STANDARD | POWERAPPS_VIRAL | STANDARDPACK";"09/04/2021 11:46:19 +02:00";"True";"28/05/2026 10:55:18 +02:00";"26/08/2026 10:55:18 +02:00";"171";"21/08/2026 10:54:46 +02:00";"5";"ViewReport";"True";"Non requise - activite Purview trouvee";"False";"27/07/2026 10:55:18 +02:00";"168";"0";"168";"21/08/2026 10:54:51 +02:00";"21/08/2026 10:54:51 +02:00";;;;"HTTP 410 - ressource ou lien de pagination Graph expire/non disponible. Appel : GET /beta/auditLogs/signIns. Le controle correspondant est incomplet et interdit tout retrait de licence fonde sur cet appel.";
"CONSERVER - UTILISEE";"Activite Power BI reelle detectee dans Microsoft Purview Audit.";"MOULIN, Alexandre";"alexandre.moulin@infopro-digital.com";"a.moulin@toute-la-franchise.com";"True";"Member";"Power BI Pro";"FLOW_FREE | POWER_BI_PRO | POWER_BI_STANDARD | STANDARDPACK";"31/12/2025 10:54:51 +01:00";"True";"28/05/2026 10:55:18 +02:00";"26/08/2026 10:55:18 +02:00";"29";"24/07/2026 14:54:55 +02:00";"32";"ViewReport";"True";"Non requise - activite Purview trouvee";"False";"27/07/2026 10:55:18 +02:00";"11";"0";"11";"23/08/2026 22:44:46 +02:00";"23/08/2026 22:44:46 +02:00";;;;"HTTP 410 - ressource ou lien de pagination Graph expire/non disponible. Appel : GET /beta/auditLogs/signIns. Le controle correspondant est incomplet et interdit tout retrait de licence fonde sur cet appel.";
"CONSERVER - UTILISEE";"Activite Power BI reelle detectee dans Microsoft Purview Audit.";"OLIVIER, Alexandre";"alexandre.olivier@infopro-digital.com";"alexandre.olivier@infopro-digital.com";"True";"Member";"Power BI Pro";"ENTERPRISEPACK | FLOW_FREE | POWER_BI_PRO | POWER_BI_STANDARD | STREAM";"05/10/2020 14:14:45 +02:00";"True";"28/05/2026 10:55:18 +02:00";"26/08/2026 10:55:18 +02:00";"271";"07/08/2026 13:09:34 +02:00";"18";"ViewReport";"True";"Non requise - activite Purview trouvee";"False";"27/07/2026 10:55:18 +02:00";"68";"0";"68";"07/08/2026 12:58:54 +02:00";"07/08/2026 12:58:54 +02:00";;;;"HTTP 410 - ressource ou lien de pagination Graph expire/non disponible. Appel : GET /beta/auditLogs/signIns. Le controle correspondant est incomplet et interdit tout retrait de licence fonde sur cet appel.";
"CONSERVER - UTILISEE";"Activite Power BI reelle detectee dans Microsoft Purview Audit.";"VOUEZ, Alexandre";"alexandre.vouez@ebp.be";"alexandre.vouez@infopro-digital.com";"True";"Member";"Power BI Pro";"ENTERPRISEPACK | FLOW_FREE | POWER_BI_PRO | POWER_BI_STANDARD";"19/12/2024 15:32:58 +01:00";"True";"28/05/2026 10:55:18 +02:00";"26/08/2026 10:55:18 +02:00";"15";"14/08/2026 11:27:38 +02:00";"11";"ViewReport";"True";"Non requise - activite Purview trouvee";"False";"27/07/2026 10:55:18 +02:00";"46";"0";"46";"14/08/2026 15:11:55 +02:00";"14/08/2026 15:11:55 +02:00";;;;"HTTP 410 - ressource ou lien de pagination Graph expire/non disponible. Appel : GET /beta/auditLogs/signIns. Le controle correspondant est incomplet et interdit tout retrait de licence fonde sur cet appel.";
"CONSERVER - UTILISEE";"Activite Power BI reelle detectee dans Microsoft Purview Audit.";"GUERIN DU GRANDLAUNAY, Alexia";"alexia.dugrandlaunay@infopro-digital.com";"alexia.dugrandlaunay@infopro-digital.com";"True";"Member";"Power BI Pro";"ENTERPRISEPACK | FLOW_FREE | POWER_BI_PRO | POWER_BI_STANDARD";"12/06/2025 10:27:47 +02:00";"True";"28/05/2026 10:55:18 +02:00";"26/08/2026 10:55:18 +02:00";"3";"28/07/2026 11:12:33 +02:00";"28";"ViewReport";"True";"Non requise - activite Purview trouvee";"False";"27/07/2026 10:55:18 +02:00";"32";"0";"32";"25/08/2026 19:44:11 +02:00";"25/08/2026 19:44:11 +02:00";;;;"HTTP 410 - ressource ou lien de pagination Graph expire/non disponible. Appel : GET /beta/auditLogs/signIns. Le controle correspondant est incomplet et interdit tout retrait de licence fonde sur cet appel.";
"CONSERVER - UTILISEE";"Activite Power BI reelle detectee dans Microsoft Purview Audit.";"QUAGLIATO, Alexia";"alexia.quagliato@infopro-digital.com";"alexia.quagliato@infopro-digital.com";"True";"Member";"Power BI Pro";"FLOW_FREE | POWER_BI_PRO | POWER_BI_STANDARD | STANDARDPACK";"23/05/2024 10:10:19 +02:00";"True";"28/05/2026 10:55:18 +02:00";"26/08/2026 10:55:18 +02:00";"28";"07/07/2026 14:34:14 +02:00";"49";"ViewReport";"True";"Non requise - activite Purview trouvee";"False";"27/07/2026 10:55:18 +02:00";"36";"0";"36";"26/08/2026 10:52:19 +02:00";"26/08/2026 10:52:19 +02:00";;;;"HTTP 410 - ressource ou lien de pagination Graph expire/non disponible. Appel : GET /beta/auditLogs/signIns. Le controle correspondant est incomplet et interdit tout retrait de licence fonde sur cet appel.";
"CONSERVER - UTILISEE";"Activite Power BI reelle detectee dans Microsoft Purview Audit.";"UZAN, Alexis";"alexis.uzan@infopro-digital.com";"alexis.uzan@infopro-digital.com";"True";"Member";"Power BI Pro";"DYN365_BUSCENTRAL_TEAM_MEMBER | ENTERPRISEPACK | FLOW_FREE | POWER_BI_PRO | POWER_BI_STANDARD";"09/02/2023 17:38:09 +01:00";"True";"28/05/2026 10:55:18 +02:00";"26/08/2026 10:55:18 +02:00";"49";"19/08/2026 18:16:24 +02:00";"6";"ViewReport";"True";"Non requise - activite Purview trouvee";"False";"27/07/2026 10:55:18 +02:00";"37";"0";"37";"26/08/2026 10:40:43 +02:00";"26/08/2026 10:40:43 +02:00";;;;"HTTP 410 - ressource ou lien de pagination Graph expire/non disponible. Appel : GET /beta/auditLogs/signIns. Le controle correspondant est incomplet et interdit tout retrait de licence fonde sur cet appel.";
"CONSERVER - UTILISEE";"Activite Power BI reelle detectee dans Microsoft Purview Audit.";"Alison Yung";"Alison.Yung@infopro-digital.com";"Alison.Yung@infopro-digital.com";"True";"Member";"Power BI Pro";"DYN365_BUSCENTRAL_TEAM_MEMBER | ENTERPRISEPACK | FLOW_FREE | POWER_BI_PRO";"11/03/2026 16:31:18 +01:00";"True";"28/05/2026 10:55:18 +02:00";"26/08/2026 10:55:18 +02:00";"8";"19/08/2026 11:30:46 +02:00";"6";"GetSnapshots";"True";"Non requise - activite Purview trouvee";"False";"27/07/2026 10:55:18 +02:00";"29";"0";"29";"21/08/2026 09:08:23 +02:00";"21/08/2026 09:08:23 +02:00";;;;"HTTP 410 - ressource ou lien de pagination Graph expire/non disponible. Appel : GET /beta/auditLogs/signIns. Le controle correspondant est incomplet et interdit tout retrait de licence fonde sur cet appel.";
"CONSERVER - UTILISEE";"Activite Power BI reelle detectee dans Microsoft Purview Audit.";"DJERBOUA, Amal";"amal.djerboua@infopro-digital.com";"amal.djerboua@infopro-digital.com";"True";"Member";"Power BI Pro";"ENTERPRISEPACK | FLOW_FREE | POWER_BI_PRO | POWER_BI_STANDARD";"12/06/2024 15:21:19 +02:00";"True";"28/05/2026 10:55:18 +02:00";"26/08/2026 10:55:18 +02:00";"79";"06/08/2026 11:57:47 +02:00";"19";"ExportReport";"True";"Non requise - activite Purview trouvee";"False";"27/07/2026 10:55:18 +02:00";"39";"0";"39";"06/08/2026 13:18:38 +02:00";"06/08/2026 13:18:38 +02:00";;;;"HTTP 410 - ressource ou lien de pagination Graph expire/non disponible. Appel : GET /beta/auditLogs/signIns. Le controle correspondant est incomplet et interdit tout retrait de licence fonde sur cet appel.";
"CONSERVER - UTILISEE";"Activite Power BI reelle detectee dans Microsoft Purview Audit.";"MEHIO, Amal";"amal.mehio@red-on-line.com";"amal.mehio@red-on-line.com";"True";"Member";"Power BI Pro";"CCIBOTS_PRIVPREV_VIRAL | ENTERPRISEPACK | FLOW_FREE | MCOEV | Microsoft_Cloud_for_Sustainability_vTrial | POWER_BI_PRO | POWER_BI_STANDARD | POWERAPPS_PER_USER | PROJECTPROFESSIONAL";"10/05/2023 01:58:22 +02:00";"True";"28/05/2026 10:55:18 +02:00";"26/08/2026 10:55:18 +02:00";"63";"12/08/2026 15:19:28 +02:00";"13";"ShareReport";"True";"Non requise - activite Purview trouvee";"False";"27/07/2026 10:55:18 +02:00";"282";"0";"282";"26/08/2026 10:13:43 +02:00";"26/08/2026 10:13:43 +02:00";;;;"HTTP 410 - ressource ou lien de pagination Graph expire/non disponible. Appel : GET /beta/auditLogs/signIns. Le controle correspondant est incomplet et interdit tout retrait de licence fonde sur cet appel.";
"CONSERVER - UTILISEE";"Activite Power BI reelle detectee dans Microsoft Purview Audit.";"Amanda Chinyanganya";"Amanda.Chinyanganya@infopro-digital.com";"Amanda.Chinyanganya@infopro-digital.com";"True";"Member";"Power BI Pro";"SPE_E5";"29/04/2026 10:38:27 +02:00";"True";"28/05/2026 10:55:18 +02:00";"26/08/2026 10:55:18 +02:00";"150";"25/08/2026 15:10:18 +02:00";"0";"ViewReport";"True";"Non requise - activite Purview trouvee";"False";"27/07/2026 10:55:18 +02:00";"704";"0";"704";"25/08/2026 16:11:44 +02:00";"25/08/2026 16:11:44 +02:00";;;;"HTTP 410 - ressource ou lien de pagination Graph expire/non disponible. Appel : GET /beta/auditLogs/signIns. Le controle correspondant est incomplet et interdit tout retrait de licence fonde sur cet appel.";
"CONSERVER - UTILISEE";"Activite Power BI reelle detectee dans Microsoft Purview Audit.";"MANESHI, Amin | Heinze";"amin.maneshi@infopro-digital.com";"amin.maneshi@heinze.de";"True";"Member";"Power BI Pro";"ENTERPRISEPACK | FLOW_FREE | POWER_BI_PRO | POWER_BI_STANDARD";"28/01/2026 10:25:19 +01:00";"True";"28/05/2026 10:55:18 +02:00";"26/08/2026 10:55:18 +02:00";"70";"18/08/2026 15:33:12 +02:00";"7";"ExportReport";"True";"Non requise - activite Purview trouvee";"False";"27/07/2026 10:55:18 +02:00";"48";"0";"48";"18/08/2026 16:30:09 +02:00";"18/08/2026 16:30:09 +02:00";;;;"HTTP 410 - ressource ou lien de pagination Graph expire/non disponible. Appel : GET /beta/auditLogs/signIns. Le controle correspondant est incomplet et interdit tout retrait de licence fonde sur cet appel.";
"CONSERVER - UTILISEE";"Activite Power BI reelle detectee dans Microsoft Purview Audit.";"Amina Guo";"amina.guo@infopro-digital.com";"amina.guo@infopro-digital.com";"True";"Member";"Power BI Pro";"ENTERPRISEPACK | POWER_BI_PRO | POWER_BI_STANDARD";"08/06/2026 11:18:02 +02:00";"True";"28/05/2026 10:55:18 +02:00";"26/08/2026 10:55:18 +02:00";"38";"24/08/2026 11:03:45 +02:00";"1";"ViewReport";"True";"Non requise - activite Purview trouvee";"False";"27/07/2026 10:55:18 +02:00";"209";"0";"209";"24/08/2026 21:04:55 +02:00";"24/08/2026 21:04:55 +02:00";;;;"HTTP 410 - ressource ou lien de pagination Graph expire/non disponible. Appel : GET /beta/auditLogs/signIns. Le controle correspondant est incomplet et interdit tout retrait de licence fonde sur cet appel.";
"CONSERVER - UTILISEE";"Activite Power BI reelle detectee dans Microsoft Purview Audit.";"NEUMANN, Ana";"ana.neumann@infopro-digital.com";"ana.neumann@infopro-digital.com";"True";"Member";"Power BI Pro";"ENTERPRISEPACK | POWER_BI_PRO | POWER_BI_STANDARD";"11/10/2024 14:55:59 +02:00";"True";"28/05/2026 10:55:18 +02:00";"26/08/2026 10:55:18 +02:00";"3";"11/08/2026 15:22:54 +02:00";"14";"ViewReport";"True";"Non requise - activite Purview trouvee";"False";"27/07/2026 10:55:18 +02:00";"28";"0";"28";"11/08/2026 15:22:58 +02:00";"11/08/2026 15:22:58 +02:00";;;;"HTTP 410 - ressource ou lien de pagination Graph expire/non disponible. Appel : GET /beta/auditLogs/signIns. Le controle correspondant est incomplet et interdit tout retrait de licence fonde sur cet appel.";
"CONSERVER - UTILISEE";"Activite Power BI reelle detectee dans Microsoft Purview Audit.";"TORRES, Anas";"anas.torres@infopro-digital.com";"anas.torres@infopro-digital.com";"True";"Member";"Power BI Pro";"ENTERPRISEPACK | FLOW_FREE | POWER_BI_PRO | POWER_BI_STANDARD";"20/07/2023 15:22:37 +02:00";"True";"28/05/2026 10:55:18 +02:00";"26/08/2026 10:55:18 +02:00";"43";"06/08/2026 11:03:35 +02:00";"19";"ExportReport";"True";"Non requise - activite Purview trouvee";"False";"27/07/2026 10:55:18 +02:00";"36";"0";"36";"14/08/2026 17:35:01 +02:00";"14/08/2026 17:35:01 +02:00";;;;"HTTP 410 - ressource ou lien de pagination Graph expire/non disponible. Appel : GET /beta/auditLogs/signIns. Le controle correspondant est incomplet et interdit tout retrait de licence fonde sur cet appel.";
"CONSERVER - UTILISEE";"Activite Power BI reelle detectee dans Microsoft Purview Audit.";"ROIG, Andrea";"andrea.roig@infopro-digital.com";"andrea.roig@infopro-digital.com";"True";"Member";"Power BI Pro";"ENTERPRISEPACK | FLOW_FREE | Microsoft_Teams_Audio_Conferencing_select_dial_out | POWER_BI_PRO | POWER_BI_STANDARD";"03/06/2026 11:49:14 +02:00";"True";"28/05/2026 10:55:18 +02:00";"26/08/2026 10:55:18 +02:00";"53";"24/08/2026 11:44:49 +02:00";"1";"ViewReport";"True";"Non requise - activite Purview trouvee";"False";"27/07/2026 10:55:18 +02:00";"109";"0";"109";"25/08/2026 18:29:02 +02:00";"25/08/2026 18:29:02 +02:00";;;;"HTTP 410 - ressource ou lien de pagination Graph expire/non disponible. Appel : GET /beta/auditLogs/signIns. Le controle correspondant est incomplet et interdit tout retrait de licence fonde sur cet appel.";
"CONSERVER - UTILISEE";"Activite Power BI reelle detectee dans Microsoft Purview Audit.";"GÖPPEL, Andreas | Heinze";"andreas.goeppel@infopro-digital.com";"Andreas.Goeppel@heinze.de";"True";"Member";"Power BI Pro";"ENTERPRISEPACK | FLOW_FREE | POWER_BI_PRO | POWER_BI_STANDARD";"30/04/2025 14:37:28 +02:00";"True";"28/05/2026 10:55:18 +02:00";"26/08/2026 10:55:18 +02:00";"144";"26/08/2026 09:09:16 +02:00";"0";"ViewReport";"True";"Non requise - activite Purview trouvee";"False";"27/07/2026 10:55:18 +02:00";"541";"0";"541";"26/08/2026 09:40:38 +02:00";"26/08/2026 09:40:38 +02:00";;;;"HTTP 410 - ressource ou lien de pagination Graph expire/non disponible. Appel : GET /beta/auditLogs/signIns. Le controle correspondant est incomplet et interdit tout retrait de licence fonde sur cet appel.";
"CONSERVER - UTILISEE";"Activite Power BI reelle detectee dans Microsoft Purview Audit.";"NEUMANN, Andreas";"andreas.neumann@infopro-digital.com";"andreas.neumann@infopro-digital.com";"True";"Member";"Power BI Pro";"POWER_BI_PRO | POWER_BI_STANDARD | STANDARDPACK";"17/04/2026 19:40:42 +02:00";"True";"28/05/2026 10:55:18 +02:00";"26/08/2026 10:55:18 +02:00";"38";"25/08/2026 09:41:10 +02:00";"1";"ViewReport";"True";"Non requise - activite Purview trouvee";"False";"27/07/2026 10:55:18 +02:00";"164";"0";"164";"25/08/2026 14:42:28 +02:00";"25/08/2026 14:42:28 +02:00";"13/08/2026 13:54:58 +02:00";;;"HTTP 410 - ressource ou lien de pagination Graph expire/non disponible. Appel : GET /beta/auditLogs/signIns. Le controle correspondant est incomplet et interdit tout retrait de licence fonde sur cet appel.";
"CONSERVER - UTILISEE";"Activite Power BI reelle detectee dans Microsoft Purview Audit.";"Andreea Baroti";"Andreea.Baroti@infopro-digital.com";"Andreea.Baroti@infopro-digital.com";"True";"Member";"Power BI Pro";"ENTERPRISEPACK | FLOW_FREE | POWER_BI_PRO";"01/07/2025 18:06:06 +02:00";"True";"28/05/2026 10:55:18 +02:00";"26/08/2026 10:55:18 +02:00";"119";"25/08/2026 10:01:37 +02:00";"1";"ViewReport";"True";"Non requise - activite Purview trouvee";"False";"27/07/2026 10:55:18 +02:00";"307";"0";"307";"25/08/2026 11:47:14 +02:00";"25/08/2026 11:47:14 +02:00";;;;"HTTP 410 - ressource ou lien de pagination Graph expire/non disponible. Appel : GET /beta/auditLogs/signIns. Le controle correspondant est incomplet et interdit tout retrait de licence fonde sur cet appel.";
"CONSERVER - UTILISEE";"Activite Power BI reelle detectee dans Microsoft Purview Audit.";"Andrew Lennon";"andrew.lennon@infopro-digital.com";"andrew.lennon@1lod.com";"True";"Member";"Power BI Pro";"DYN365_BUSCENTRAL_TEAM_MEMBER | ENTERPRISEPACK | FLOW_FREE | POWER_BI_PRO";"13/09/2024 11:55:14 +02:00";"True";"28/05/2026 10:55:18 +02:00";"26/08/2026 10:55:18 +02:00";"101";"24/08/2026 09:57:16 +02:00";"2";"ViewReport";"True";"Non requise - activite Purview trouvee";"False";"27/07/2026 10:55:18 +02:00";"308";"0";"308";"24/08/2026 10:59:21 +02:00";"24/08/2026 10:59:21 +02:00";;;;"HTTP 410 - ressource ou lien de pagination Graph expire/non disponible. Appel : GET /beta/auditLogs/signIns. Le controle correspondant est incomplet et interdit tout retrait de licence fonde sur cet appel.";
"CONSERVER - UTILISEE";"Activite Power BI reelle detectee dans Microsoft Purview Audit.";"MURRAY, Andrew";"andrew.murray@infopro-digital.com";"andrew.murray@infopro-digital.com";"True";"Member";"Power BI Pro";"DYN365_BUSCENTRAL_ESSENTIAL | ENTERPRISEPACK | FLOW_FREE | POWER_BI_PRO | POWER_BI_STANDARD";"07/11/2025 15:07:44 +01:00";"True";"28/05/2026 10:55:18 +02:00";"26/08/2026 10:55:18 +02:00";"208";"25/08/2026 11:37:37 +02:00";"0";"ViewReport";"True";"Non requise - activite Purview trouvee";"False";"27/07/2026 10:55:18 +02:00";"354";"0";"354";"25/08/2026 11:37:43 +02:00";"25/08/2026 11:37:43 +02:00";;;;"HTTP 410 - ressource ou lien de pagination Graph expire/non disponible. Appel : GET /beta/auditLogs/signIns. Le controle correspondant est incomplet et interdit tout retrait de licence fonde sur cet appel.";
"CONSERVER - UTILISEE";"Activite Power BI reelle detectee dans Microsoft Purview Audit.";"Angelique LOPES";"angelique.lopes@infopro-digital.com";"alopes@companeo.com";"True";"Member";"Power BI Pro";"ENTERPRISEPACK | FLOW_FREE | POWER_BI_PRO | POWER_BI_STANDARD";"20/02/2024 09:49:06 +01:00";"True";"28/05/2026 10:55:18 +02:00";"26/08/2026 10:55:18 +02:00";"67";"07/08/2026 12:15:35 +02:00";"18";"ViewReport";"True";"Non requise - activite Purview trouvee";"False";"27/07/2026 10:55:18 +02:00";"140";"0";"140";"10/08/2026 15:17:33 +02:00";"10/08/2026 15:17:33 +02:00";;;;"HTTP 410 - ressource ou lien de pagination Graph expire/non disponible. Appel : GET /beta/auditLogs/signIns. Le controle correspondant est incomplet et interdit tout retrait de licence fonde sur cet appel.";
"CONSERVER - UTILISEE";"Activite Power BI reelle detectee dans Microsoft Purview Audit.";"Gössel, Anja";"Anja.Goessel@infopro-digital.com";"A.Goessel@ibau.de";"True";"Member";"Power BI Pro";"FLOW_FREE | POWER_BI_PRO | POWER_BI_STANDARD | STANDARDPACK";"31/07/2025 07:27:51 +02:00";"True";"28/05/2026 10:55:18 +02:00";"26/08/2026 10:55:18 +02:00";"8";"14/08/2026 11:13:24 +02:00";"11";"ViewReport";"True";"Non requise - activite Purview trouvee";"False";"27/07/2026 10:55:18 +02:00";"52";"0";"52";"14/08/2026 11:16:21 +02:00";"14/08/2026 11:16:21 +02:00";;;;"HTTP 410 - ressource ou lien de pagination Graph expire/non disponible. Appel : GET /beta/auditLogs/signIns. Le controle correspondant est incomplet et interdit tout retrait de licence fonde sur cet appel.";
"CONSERVER - UTILISEE";"Activite Power BI reelle detectee dans Microsoft Purview Audit.";"ZIMMERMEISTER, Anke | Heinze";"anke.zimmermeister@infopro-digital.com";"Anke.Zimmermeister@heinze.de";"True";"Member";"Power BI Pro";"POWER_BI_PRO | POWER_BI_STANDARD | STANDARDPACK";"15/04/2025 11:01:32 +02:00";"True";"28/05/2026 10:55:18 +02:00";"26/08/2026 10:55:18 +02:00";"190";"26/08/2026 08:33:54 +02:00";"0";"GetSnapshots";"True";"Non requise - activite Purview trouvee";"False";"27/07/2026 10:55:18 +02:00";"692";"0";"692";"26/08/2026 08:33:55 +02:00";"26/08/2026 08:33:55 +02:00";;;;"HTTP 410 - ressource ou lien de pagination Graph expire/non disponible. Appel : GET /beta/auditLogs/signIns. Le controle correspondant est incomplet et interdit tout retrait de licence fonde sur cet appel.";
"CONSERVER - UTILISEE";"Activite Power BI reelle detectee dans Microsoft Purview Audit.";"ARYKOVA, Anna";"anna.arykova@infopro-digital.com";"anna.arykova@infopro-digital.com";"True";"Member";"Power BI Pro";"ENTERPRISEPACK | FLOW_FREE | POWER_BI_PRO | POWER_BI_STANDARD";"08/06/2026 09:35:11 +02:00";"True";"28/05/2026 10:55:18 +02:00";"26/08/2026 10:55:18 +02:00";"155";"24/08/2026 17:17:55 +02:00";"1";"ViewReport";"True";"Non requise - activite Purview trouvee";"False";"27/07/2026 10:55:18 +02:00";"213";"0";"213";"25/08/2026 09:26:09 +02:00";"25/08/2026 09:26:09 +02:00";;;;"HTTP 410 - ressource ou lien de pagination Graph expire/non disponible. Appel : GET /beta/auditLogs/signIns. Le controle correspondant est incomplet et interdit tout retrait de licence fonde sur cet appel.";
"CONSERVER - UTILISEE";"Activite Power BI reelle detectee dans Microsoft Purview Audit.";"SCHÜCHNER, Anne | BauNetz";"anne.schuechner@infopro-digital.com";"schuechner@baunetz.com";"True";"Member";"Power BI Pro";"POWER_BI_PRO | POWER_BI_STANDARD | STANDARDPACK";"28/01/2026 10:55:19 +01:00";"True";"28/05/2026 10:55:18 +02:00";"26/08/2026 10:55:18 +02:00";"7";"03/08/2026 09:42:22 +02:00";"23";"ViewReport";"True";"Non requise - activite Purview trouvee";"False";"27/07/2026 10:55:18 +02:00";"33";"0";"33";"24/08/2026 18:02:49 +02:00";"24/08/2026 18:02:49 +02:00";;;;"HTTP 410 - ressource ou lien de pagination Graph expire/non disponible. Appel : GET /beta/auditLogs/signIns. Le controle correspondant est incomplet et interdit tout retrait de licence fonde sur cet appel.";
"CONSERVER - UTILISEE";"Activite Power BI reelle detectee dans Microsoft Purview Audit.";"HELMER, Annelies";"annelies.helmer@infopro-digital.com";"annelies.helmer@infopro-digital.com";"True";"Member";"Power BI Pro";"FLOW_FREE | POWER_BI_PRO | POWER_BI_STANDARD | STANDARDPACK";"26/04/2023 10:41:14 +02:00";"True";"28/05/2026 10:55:18 +02:00";"26/08/2026 10:55:18 +02:00";"108";"25/08/2026 18:01:27 +02:00";"0";"GenerateCustomVisualAADAccessToken";"True";"Non requise - activite Purview trouvee";"False";"27/07/2026 10:55:18 +02:00";"35";"0";"35";"25/08/2026 19:02:43 +02:00";"25/08/2026 19:02:43 +02:00";;;;"HTTP 410 - ressource ou lien de pagination Graph expire/non disponible. Appel : GET /beta/auditLogs/signIns. Le controle correspondant est incomplet et interdit tout retrait de licence fonde sur cet appel.";
"CONSERVER - UTILISEE";"Activite Power BI reelle detectee dans Microsoft Purview Audit.";"ERRAFI, Anouar";"anouar.errafi@infopro-digital.com";"anouar.errafi@infopro-digital.com";"True";"Member";"Power BI Pro";"ENTERPRISEPACK | FLOW_FREE | POWER_BI_PRO | POWER_BI_STANDARD";"20/02/2024 09:49:06 +01:00";"True";"28/05/2026 10:55:18 +02:00";"26/08/2026 10:55:18 +02:00";"40";"24/08/2026 16:14:49 +02:00";"1";"ViewReport";"True";"Non requise - activite Purview trouvee";"False";"27/07/2026 10:55:18 +02:00";"98";"0";"98";"26/08/2026 10:54:22 +02:00";"26/08/2026 10:54:22 +02:00";;;;"HTTP 410 - ressource ou lien de pagination Graph expire/non disponible. Appel : GET /beta/auditLogs/signIns. Le controle correspondant est incomplet et interdit tout retrait de licence fonde sur cet appel.";
"CONSERVER - UTILISEE";"Activite Power BI reelle detectee dans Microsoft Purview Audit.";"DRENEAU, Anthony";"anthony.dreneau@infopro-digital.com";"anthony.dreneau@infopro-digital.com";"True";"Member";"Power BI Pro";"FLOW_FREE | Microsoft_Teams_Audio_Conferencing_select_dial_out | POWER_BI_PRO | POWER_BI_STANDARD | STANDARDPACK | STREAM";"05/10/2020 14:33:34 +02:00";"True";"28/05/2026 10:55:18 +02:00";"26/08/2026 10:55:18 +02:00";"17";"03/07/2026 14:29:58 +02:00";"53";"ViewReport";"True";"Non requise - activite Purview trouvee";"False";"27/07/2026 10:55:18 +02:00";"18";"0";"18";"21/08/2026 22:43:11 +02:00";"21/08/2026 22:43:11 +02:00";;;;"HTTP 410 - ressource ou lien de pagination Graph expire/non disponible. Appel : GET /beta/auditLogs/signIns. Le controle correspondant est incomplet et interdit tout retrait de licence fonde sur cet appel.";
"CONSERVER - UTILISEE";"Activite Power BI reelle detectee dans Microsoft Purview Audit.";"MACIAS Anthony";"anthony.macias@vecteurplus.com";"anthony.macias@vecteurplus.com";"True";"Member";"Power BI Pro";"ENTERPRISEPACK | FLOW_FREE | POWER_BI_PRO";"04/11/2025 12:13:47 +01:00";"True";"28/05/2026 10:55:18 +02:00";"26/08/2026 10:55:18 +02:00";"335";"21/08/2026 18:28:37 +02:00";"4";"CreateReport";"True";"Non requise - activite Purview trouvee";"False";"27/07/2026 10:55:18 +02:00";"99";"1";"98";"21/08/2026 20:01:15 +02:00";"21/08/2026 20:01:15 +02:00";"21/08/2026 18:35:54 +02:00";;;"HTTP 410 - ressource ou lien de pagination Graph expire/non disponible. Appel : GET /beta/auditLogs/signIns. Le controle correspondant est incomplet et interdit tout retrait de licence fonde sur cet appel.";
"CONSERVER - UTILISEE";"Activite Power BI reelle detectee dans Microsoft Purview Audit.";"Anthony Malakian";"anthony.malakian@infopro-digital.com";"anthony.malakian@infopro-digital.com";"True";"Member";"Power BI Pro";"DYN365_BUSCENTRAL_TEAM_MEMBER | ENTERPRISEPACK | FLOW_FREE | MCOEV | POWER_BI_PRO | POWER_BI_STANDARD";"04/07/2025 10:55:41 +02:00";"True";"28/05/2026 10:55:18 +02:00";"26/08/2026 10:55:18 +02:00";"4";"22/07/2026 19:43:52 +02:00";"34";"ViewReport";"True";"Non requise - activite Purview trouvee";"False";"27/07/2026 10:55:18 +02:00";"11";"0";"11";"22/08/2026 05:17:17 +02:00";"22/08/2026 05:17:17 +02:00";;;;"HTTP 410 - ressource ou lien de pagination Graph expire/non disponible. Appel : GET /beta/auditLogs/signIns. Le controle correspondant est incomplet et interdit tout retrait de licence fonde sur cet appel.";
"CONSERVER - UTILISEE";"Activite Power BI reelle detectee dans Microsoft Purview Audit.";"BOISLARD, Antoine";"antoine.boislard@infopro-digital.com";"antoine.boislard@infopro-digital.com";"True";"Member";"Power BI Pro";"FLOW_FREE | SPE_E5";"31/07/2025 15:47:03 +02:00";"True";"28/05/2026 10:55:18 +02:00";"26/08/2026 10:55:18 +02:00";"18";"25/08/2026 08:39:34 +02:00";"1";"ViewReport";"True";"Non requise - activite Purview trouvee";"False";"27/07/2026 10:55:18 +02:00";"61";"0";"61";"25/08/2026 17:11:41 +02:00";"25/08/2026 17:11:41 +02:00";;;;"HTTP 410 - ressource ou lien de pagination Graph expire/non disponible. Appel : GET /beta/auditLogs/signIns. Le controle correspondant est incomplet et interdit tout retrait de licence fonde sur cet appel.";
"CONSERVER - UTILISEE";"Activite Power BI reelle detectee dans Microsoft Purview Audit.";"MALDONADO SANCHEZ, Antonio";"antonio.maldonado@infopro-digital.com";"antonio.maldonado@infopro-digital.com";"True";"Member";"Power BI Pro";"ENTERPRISEPACK | FLOW_FREE | POWER_BI_PRO | POWER_BI_STANDARD";"01/04/2026 10:22:39 +02:00";"True";"28/05/2026 10:55:18 +02:00";"26/08/2026 10:55:18 +02:00";"95";"04/08/2026 12:04:22 +02:00";"21";"ViewReport";"True";"Non requise - activite Purview trouvee";"False";"27/07/2026 10:55:18 +02:00";"105";"0";"105";"25/08/2026 23:39:00 +02:00";"25/08/2026 23:39:00 +02:00";;;;"HTTP 410 - ressource ou lien de pagination Graph expire/non disponible. Appel : GET /beta/auditLogs/signIns. Le controle correspondant est incomplet et interdit tout retrait de licence fonde sur cet appel.";
"CONSERVER - UTILISEE";"Activite Power BI reelle detectee dans Microsoft Purview Audit.";"Antony Chambers";"antony.chambers@infopro-digital.com";"antony.chambers@infopro-digital.com";"True";"Member";"Power BI Pro";"DYN365_BUSCENTRAL_TEAM_MEMBER | ENTERPRISEPACK | FLOW_FREE | MCOEV | POWER_BI_PRO | POWER_BI_STANDARD";"05/05/2023 15:19:20 +02:00";"True";"28/05/2026 10:55:18 +02:00";"26/08/2026 10:55:18 +02:00";"193";"25/08/2026 15:22:02 +02:00";"0";"ViewReport";"True";"Non requise - activite Purview trouvee";"False";"27/07/2026 10:55:18 +02:00";"392";"0";"392";"25/08/2026 15:22:06 +02:00";"25/08/2026 15:22:06 +02:00";;;;"HTTP 410 - ressource ou lien de pagination Graph expire/non disponible. Appel : GET /beta/auditLogs/signIns. Le controle correspondant est incomplet et interdit tout retrait de licence fonde sur cet appel.";
"CONSERVER - UTILISEE";"Activite Power BI reelle detectee dans Microsoft Purview Audit.";"Ariel Pu";"Ariel.Pu@infopro-digital.com";"Ariel.Pu@infopro-digital.com";"True";"Member";"Power BI Pro";"ENTERPRISEPACK | MCOEV | POWER_BI_PRO | POWER_BI_STANDARD";"30/01/2026 10:34:09 +01:00";"True";"28/05/2026 10:55:18 +02:00";"26/08/2026 10:55:18 +02:00";"71";"24/08/2026 15:57:07 +02:00";"1";"ViewReport";"True";"Non requise - activite Purview trouvee";"False";"27/07/2026 10:55:18 +02:00";"193";"0";"193";"24/08/2026 15:57:14 +02:00";"24/08/2026 15:57:14 +02:00";;;;"HTTP 410 - ressource ou lien de pagination Graph expire/non disponible. Appel : GET /beta/auditLogs/signIns. Le controle correspondant est incomplet et interdit tout retrait de licence fonde sur cet appel.";
"CONSERVER - UTILISEE";"Activite Power BI reelle detectee dans Microsoft Purview Audit.";"PEVRIER, Arnaud";"arnaud.pevrier@etai.fr";"arnaud.pevrier@infopro-digital.com";"True";"Member";"Power BI Pro";"FLOW_FREE | POWER_BI_STANDARD | SPE_E5";"24/07/2025 14:25:07 +02:00";"True";"28/05/2026 10:55:18 +02:00";"26/08/2026 10:55:18 +02:00";"4";"30/06/2026 09:28:39 +02:00";"57";"GetSnapshots";"True";"Non requise - activite Purview trouvee";"False";"27/07/2026 10:55:18 +02:00";"21";"0";"21";"25/08/2026 10:09:04 +02:00";"25/08/2026 10:09:04 +02:00";;;;"HTTP 410 - ressource ou lien de pagination Graph expire/non disponible. Appel : GET /beta/auditLogs/signIns. Le controle correspondant est incomplet et interdit tout retrait de licence fonde sur cet appel.";
"CONSERVER - UTILISEE";"Activite Power BI reelle detectee dans Microsoft Purview Audit.";"PATEL, Arti";"arti.patel@infopro-digital.com";"arti.patel@infopro-digital.com";"True";"Member";"Power BI Pro";"ENTERPRISEPACK | FLOW_FREE | POWER_BI_PRO | POWER_BI_STANDARD";"06/01/2025 11:34:22 +01:00";"True";"28/05/2026 10:55:18 +02:00";"26/08/2026 10:55:18 +02:00";"33";"31/07/2026 18:08:28 +02:00";"25";"ViewReport";"True";"Non requise - activite Purview trouvee";"False";"27/07/2026 10:55:18 +02:00";"50";"0";"50";"31/07/2026 19:10:09 +02:00";"31/07/2026 19:10:09 +02:00";;;;"HTTP 410 - ressource ou lien de pagination Graph expire/non disponible. Appel : GET /beta/auditLogs/signIns. Le controle correspondant est incomplet et interdit tout retrait de licence fonde sur cet appel.";
"CONSERVER - UTILISEE";"Activite Power BI reelle detectee dans Microsoft Purview Audit.";"IMBABAZI, Ashura";"ashura.imbabazi@infopro-digital.com";"ashura.imbabazi@infopro-digital.com";"True";"Member";"Power BI Pro";"FLOW_FREE | POWER_BI_PRO | POWER_BI_STANDARD | STANDARDPACK";"10/10/2023 15:12:46 +02:00";"True";"28/05/2026 10:55:18 +02:00";"26/08/2026 10:55:18 +02:00";"412";"10/08/2026 08:42:28 +02:00";"16";"ExportReport";"True";"Non requise - activite Purview trouvee";"False";"27/07/2026 10:55:18 +02:00";"449";"0";"449";"26/08/2026 07:10:47 +02:00";"26/08/2026 07:10:47 +02:00";"10/08/2026 11:38:30 +02:00";;;"HTTP 410 - ressource ou lien de pagination Graph expire/non disponible. Appel : GET /beta/auditLogs/signIns. Le controle correspondant est incomplet et interdit tout retrait de licence fonde sur cet appel.";
"CONSERVER - UTILISEE";"Activite Power BI reelle detectee dans Microsoft Purview Audit.";"CHERRAF-BONNEVILLE, Asmaa";"asmaa.cherraf-bonneville@infopro-digital.com";"asmaa.cherraf-bonneville@infopro-digital.com";"True";"Member";"Power BI Pro";"DYN365_BUSCENTRAL_TEAM_MEMBER | FLOW_FREE | POWER_BI_PRO | POWER_BI_STANDARD | STANDARDPACK";"26/06/2025 12:13:07 +02:00";"True";"28/05/2026 10:55:18 +02:00";"26/08/2026 10:55:18 +02:00";"84";"25/08/2026 14:42:42 +02:00";"0";"GenerateCustomVisualAADAccessToken";"True";"Non requise - activite Purview trouvee";"False";"27/07/2026 10:55:18 +02:00";"130";"0";"130";"25/08/2026 14:42:42 +02:00";"25/08/2026 14:42:42 +02:00";;;;"HTTP 410 - ressource ou lien de pagination Graph expire/non disponible. Appel : GET /beta/auditLogs/signIns. Le controle correspondant est incomplet et interdit tout retrait de licence fonde sur cet appel.";
"CONSERVER - UTILISEE";"Activite Power BI reelle detectee dans Microsoft Purview Audit.";"GÜNTHER, Astrid | Heinze";"astrid.guenther@infopro-digital.com";"astrid.guenther@heinze.de";"True";"Member";"Power BI Pro";"FLOW_FREE | POWER_BI_PRO | POWER_BI_STANDARD | STANDARDPACK";"16/12/2025 15:03:10 +01:00";"True";"28/05/2026 10:55:18 +02:00";"26/08/2026 10:55:18 +02:00";"165";"26/08/2026 08:42:34 +02:00";"0";"ViewReport";"True";"Non requise - activite Purview trouvee";"False";"27/07/2026 10:55:18 +02:00";"191";"0";"191";"26/08/2026 08:42:40 +02:00";"26/08/2026 08:42:40 +02:00";;;;"HTTP 410 - ressource ou lien de pagination Graph expire/non disponible. Appel : GET /beta/auditLogs/signIns. Le controle correspondant est incomplet et interdit tout retrait de licence fonde sur cet appel.";
"CONSERVER - UTILISEE";"Activite Power BI reelle detectee dans Microsoft Purview Audit.";"DILIGENT, Audrey";"audrey.diligent@red-on-line.com";"audrey.diligent@infopro-digital.com";"True";"Member";"Power BI Pro";"FLOW_FREE | POWER_BI_PRO | POWER_BI_STANDARD | STANDARDPACK | STREAM";"22/12/2025 12:30:32 +01:00";"True";"28/05/2026 10:55:18 +02:00";"26/08/2026 10:55:18 +02:00";"3";"24/06/2026 16:18:49 +02:00";"62";"ViewReport";"True";"Non requise - activite Purview trouvee";"False";"27/07/2026 10:55:18 +02:00";"18";"0";"18";"23/08/2026 17:24:29 +02:00";"23/08/2026 17:24:29 +02:00";;;;"HTTP 410 - ressource ou lien de pagination Graph expire/non disponible. Appel : GET /beta/auditLogs/signIns. Le controle correspondant est incomplet et interdit tout retrait de licence fonde sur cet appel.";
"CONSERVER - UTILISEE";"Activite Power BI reelle detectee dans Microsoft Purview Audit.";"ROBIN, Audrey";"audrey.robin@infopro-digital.com";"a.robin@toute-la-franchise.com";"True";"Member";"Power BI Pro";"POWER_BI_PRO | POWER_BI_STANDARD | STANDARDPACK";"31/12/2025 10:54:50 +01:00";"True";"28/05/2026 10:55:18 +02:00";"26/08/2026 10:55:18 +02:00";"4";"28/07/2026 11:44:37 +02:00";"28";"ViewReport";"True";"Non requise - activite Purview trouvee";"False";"27/07/2026 10:55:18 +02:00";"24";"0";"24";"25/08/2026 16:34:12 +02:00";"25/08/2026 16:34:12 +02:00";;;;"HTTP 410 - ressource ou lien de pagination Graph expire/non disponible. Appel : GET /beta/auditLogs/signIns. Le controle correspondant est incomplet et interdit tout retrait de licence fonde sur cet appel.";
"CONSERVER - UTILISEE";"Activite Power BI reelle detectee dans Microsoft Purview Audit.";"LEBRUN, Aurelien";"aurelien.lebrun@infopro-digital.com";"aurelien.lebrun@infopro-digital.com";"True";"Member";"Power BI Pro";"ENTERPRISEPACK | FLOW_FREE | POWER_BI_PRO | POWER_BI_STANDARD";"15/03/2024 10:09:25 +01:00";"True";"28/05/2026 10:55:18 +02:00";"26/08/2026 10:55:18 +02:00";"129";"24/08/2026 16:48:54 +02:00";"1";"ViewReport";"True";"Non requise - activite Purview trouvee";"False";"27/07/2026 10:55:18 +02:00";"259";"0";"259";"24/08/2026 16:49:01 +02:00";"24/08/2026 16:49:01 +02:00";;;;"HTTP 410 - ressource ou lien de pagination Graph expire/non disponible. Appel : GET /beta/auditLogs/signIns. Le controle correspondant est incomplet et interdit tout retrait de licence fonde sur cet appel.";
"CONSERVER - UTILISEE";"Activite Power BI reelle detectee dans Microsoft Purview Audit.";"NEAU, Axelle";"axelle.neau@infopro-digital.com";"axelle.neau@infopro-digital.com";"True";"Member";"Power BI Pro";"FLOW_FREE | POWER_BI_PRO | POWER_BI_STANDARD | STANDARDPACK";"16/01/2024 17:00:25 +01:00";"True";"28/05/2026 10:55:18 +02:00";"26/08/2026 10:55:18 +02:00";"417";"31/07/2026 15:36:55 +02:00";"25";"GetSnapshots";"True";"Non requise - activite Purview trouvee";"False";"27/07/2026 10:55:18 +02:00";"376";"0";"376";"26/08/2026 10:20:40 +02:00";"26/08/2026 10:20:40 +02:00";;;;"HTTP 410 - ressource ou lien de pagination Graph expire/non disponible. Appel : GET /beta/auditLogs/signIns. Le controle correspondant est incomplet et interdit tout retrait de licence fonde sur cet appel.";
"CONSERVER - UTILISEE";"Activite Power BI reelle detectee dans Microsoft Purview Audit.";"BABAY, Badie";"badie.babay@infopro-digital.com";"badie.babay@infopro-digital.com";"True";"Member";"Power BI Pro";"FLOW_FREE | POWER_BI_PRO | POWER_BI_STANDARD | STANDARDPACK";"29/07/2024 12:11:06 +02:00";"True";"28/05/2026 10:55:18 +02:00";"26/08/2026 10:55:18 +02:00";"8";"25/08/2026 15:03:51 +02:00";"0";"ViewReport";"True";"Non requise - activite Purview trouvee";"False";"27/07/2026 10:55:18 +02:00";"56";"0";"56";"25/08/2026 15:03:58 +02:00";"25/08/2026 15:03:58 +02:00";;;;"HTTP 410 - ressource ou lien de pagination Graph expire/non disponible. Appel : GET /beta/auditLogs/signIns. Le controle correspondant est incomplet et interdit tout retrait de licence fonde sur cet appel.";
"CONSERVER - UTILISEE";"Activite Power BI reelle detectee dans Microsoft Purview Audit.";"Baker Jaggwe";"baker.jaggwe@infopro-digital.com";"baker.jaggwe@infopro-digital.com";"True";"Member";"Power BI Pro";"ENTERPRISEPACK | FLOW_FREE | MCOEV | POWER_BI_PRO";"10/12/2025 17:04:08 +01:00";"True";"28/05/2026 10:55:18 +02:00";"26/08/2026 10:55:18 +02:00";"21";"25/08/2026 11:39:27 +02:00";"0";"ViewReport";"True";"Non requise - activite Purview trouvee";"False";"27/07/2026 10:55:18 +02:00";"180";"0";"180";"25/08/2026 15:03:44 +02:00";"25/08/2026 15:03:44 +02:00";;;;"HTTP 410 - ressource ou lien de pagination Graph expire/non disponible. Appel : GET /beta/auditLogs/signIns. Le controle correspondant est incomplet et interdit tout retrait de licence fonde sur cet appel.";
"CONSERVER - UTILISEE";"Activite Power BI reelle detectee dans Microsoft Purview Audit.";"Barbara Faiman";"barbara.faiman@infopro-digital.com";"barbara.faiman@infopro-digital.com";"True";"Member";"Power BI Pro";"ENTERPRISEPACK | MCOEV | POWER_BI_PRO | POWER_BI_STANDARD";"15/09/2025 16:57:08 +02:00";"True";"28/05/2026 10:55:18 +02:00";"26/08/2026 10:55:18 +02:00";"96";"25/08/2026 21:10:07 +02:00";"0";"ExportReport";"True";"Non requise - activite Purview trouvee";"False";"27/07/2026 10:55:18 +02:00";"377";"0";"377";"25/08/2026 21:10:55 +02:00";"25/08/2026 21:10:55 +02:00";;;;"HTTP 410 - ressource ou lien de pagination Graph expire/non disponible. Appel : GET /beta/auditLogs/signIns. Le controle correspondant est incomplet et interdit tout retrait de licence fonde sur cet appel.";
"CONSERVER - UTILISEE";"Activite Power BI reelle detectee dans Microsoft Purview Audit.";"Bastien Thorelle";"Bastien.Thorelle@infopro-digital.com";"bastien.thorelle@chartis-research.com";"True";"Member";"Power BI Pro";"ENTERPRISEPACK | FLOW_FREE | POWER_BI_PRO | POWER_BI_STANDARD";"10/02/2026 17:23:17 +01:00";"True";"28/05/2026 10:55:18 +02:00";"26/08/2026 10:55:18 +02:00";"1";"13/07/2026 12:54:05 +02:00";"43";"ViewReport";"True";"Non requise - activite Purview trouvee";"False";"27/07/2026 10:55:18 +02:00";"18";"0";"18";"24/08/2026 23:55:22 +02:00";"24/08/2026 23:55:22 +02:00";;;;"HTTP 410 - ressource ou lien de pagination Graph expire/non disponible. Appel : GET /beta/auditLogs/signIns. Le controle correspondant est incomplet et interdit tout retrait de licence fonde sur cet appel.";
"CONSERVER - UTILISEE";"Activite Power BI reelle detectee dans Microsoft Purview Audit.";"Beatrice Sung";"Beatrice.Sung@infopro-digital.com";"Beatrice.Sung@infopro-digital.com";"True";"Member";"Power BI Pro";"DYN365_BUSCENTRAL_TEAM_MEMBER | ENTERPRISEPACK | FLOW_FREE | MCOEV | POWER_BI_PRO | POWER_BI_STANDARD";"10/02/2026 17:23:19 +01:00";"True";"28/05/2026 10:55:18 +02:00";"26/08/2026 10:55:18 +02:00";"4";"19/08/2026 17:01:24 +02:00";"6";"ViewReport";"True";"Non requise - activite Purview trouvee";"False";"27/07/2026 10:55:18 +02:00";"17";"0";"17";"19/08/2026 17:01:40 +02:00";"19/08/2026 17:01:40 +02:00";;;;"HTTP 410 - ressource ou lien de pagination Graph expire/non disponible. Appel : GET /beta/auditLogs/signIns. Le controle correspondant est incomplet et interdit tout retrait de licence fonde sur cet appel.";
"CONSERVER - UTILISEE";"Activite Power BI reelle detectee dans Microsoft Purview Audit.";"Ben Lee";"ben.lee@infopro-digital.com";"ben.lee@infopro-digital.com";"True";"Member";"Power BI Pro";"DYN365_BUSCENTRAL_TEAM_MEMBER | FLOW_FREE | MCOEV | POWER_BI_STANDARD | SPE_E5 | STREAM";"31/07/2025 15:47:01 +02:00";"True";"28/05/2026 10:55:18 +02:00";"26/08/2026 10:55:18 +02:00";"24";"03/08/2026 17:46:38 +02:00";"22";"ViewReport";"True";"Non requise - activite Purview trouvee";"False";"27/07/2026 10:55:18 +02:00";"70";"0";"70";"25/08/2026 05:40:38 +02:00";"25/08/2026 05:40:38 +02:00";;;;"HTTP 410 - ressource ou lien de pagination Graph expire/non disponible. Appel : GET /beta/auditLogs/signIns. Le controle correspondant est incomplet et interdit tout retrait de licence fonde sur cet appel.";
"CONSERVER - UTILISEE";"Activite Power BI reelle detectee dans Microsoft Purview Audit.";"Ben Puyenbroek";"Ben.Puyenbroek@infopro-digital.com";"Ben.Puyenbroek@ukreiif.COM";"True";"Member";"Power BI Pro";"DYN365_BUSCENTRAL_ESSENTIAL | FLOW_FREE | POWER_BI_PRO | POWER_BI_STANDARD | SPE_E5";"12/05/2026 18:14:17 +02:00";"True";"28/05/2026 10:55:18 +02:00";"26/08/2026 10:55:18 +02:00";"674";"25/08/2026 15:38:34 +02:00";"0";"ViewReport";"True";"Non requise - activite Purview trouvee";"False";"27/07/2026 10:55:18 +02:00";"1460";"1";"1459";"26/08/2026 10:46:53 +02:00";"26/08/2026 10:46:53 +02:00";"25/08/2026 11:47:48 +02:00";;;"HTTP 410 - ressource ou lien de pagination Graph expire/non disponible. Appel : GET /beta/auditLogs/signIns. Le controle correspondant est incomplet et interdit tout retrait de licence fonde sur cet appel.";
"CONSERVER - UTILISEE";"Activite Power BI reelle detectee dans Microsoft Purview Audit.";"Ben Wood";"ben.wood@infopro-digital.com";"ben.wood@infopro-digital.com";"True";"Member";"Power BI Pro";"DYN365_BUSCENTRAL_TEAM_MEMBER | FLOW_FREE | MCOEV | Microsoft_Teams_Audio_Conferencing_select_dial_out | POWER_BI_STANDARD | SPE_E5";"23/09/2025 12:59:45 +02:00";"True";"28/05/2026 10:55:18 +02:00";"26/08/2026 10:55:18 +02:00";"423";"26/08/2026 09:23:35 +02:00";"0";"ViewReport";"True";"Non requise - activite Purview trouvee";"False";"27/07/2026 10:55:18 +02:00";"1102";"0";"1102";"26/08/2026 10:57:56 +02:00";"26/08/2026 10:57:56 +02:00";;;;"HTTP 410 - ressource ou lien de pagination Graph expire/non disponible. Appel : GET /beta/auditLogs/signIns. Le controle correspondant est incomplet et interdit tout retrait de licence fonde sur cet appel.";
"CONSERVER - UTILISEE";"Activite Power BI reelle detectee dans Microsoft Purview Audit.";"Benita Igbinedion";"Benita.Igbinedion@infopro-digital.com";"benita.igbinedion@risk.net";"True";"Member";"Power BI Pro";"DYN365_BUSCENTRAL_TEAM_MEMBER | FLOW_FREE | MCOEV | SPE_E5";"31/07/2025 15:47:02 +02:00";"True";"28/05/2026 10:55:18 +02:00";"26/08/2026 10:55:18 +02:00";"7";"24/08/2026 09:58:16 +02:00";"2";"ViewReport";"True";"Non requise - activite Purview trouvee";"False";"27/07/2026 10:55:18 +02:00";"52";"0";"52";"24/08/2026 09:58:20 +02:00";"24/08/2026 09:58:20 +02:00";;;;"HTTP 410 - ressource ou lien de pagination Graph expire/non disponible. Appel : GET /beta/auditLogs/signIns. Le controle correspondant est incomplet et interdit tout retrait de licence fonde sur cet appel.";
"CONSERVER - UTILISEE";"Activite Power BI reelle detectee dans Microsoft Purview Audit.";"DIXNEUF, Benjamin";"benjamin.dixneuf@infopro-digital.com";"benjamin.dixneuf@infopro-digital.com";"True";"Member";"Power BI Pro";"FLOW_FREE | POWER_BI_STANDARD | SPE_E5";"04/11/2025 09:57:36 +01:00";"True";"28/05/2026 10:55:18 +02:00";"26/08/2026 10:55:18 +02:00";"35";"27/07/2026 17:05:11 +02:00";"29";"GenerateCustomVisualAADAccessToken";"True";"Non requise - activite Purview trouvee";"False";"27/07/2026 10:55:18 +02:00";"27";"0";"27";"26/08/2026 11:22:00 +02:00";"25/08/2026 01:35:07 +02:00";"26/08/2026 11:22:00 +02:00";;;"HTTP 410 - ressource ou lien de pagination Graph expire/non disponible. Appel : GET /beta/auditLogs/signIns. Le controle correspondant est incomplet et interdit tout retrait de licence fonde sur cet appel.";
"CONSERVER - UTILISEE";"Activite Power BI reelle detectee dans Microsoft Purview Audit.";"MALET, Benoit";"benoit.malet@etai.fr";"benoit.malet@etai.fr";"True";"Member";"Power BI Pro";"ENTERPRISEPACK | FLOW_FREE | POWER_BI_PRO | POWER_BI_STANDARD";"06/01/2025 11:34:21 +01:00";"True";"28/05/2026 10:55:18 +02:00";"26/08/2026 10:55:18 +02:00";"12";"27/07/2026 08:55:39 +02:00";"30";"ViewReport";"True";"Non requise - activite Purview trouvee";"False";"27/07/2026 10:55:18 +02:00";"20";"0";"20";"24/08/2026 08:32:19 +02:00";"24/08/2026 08:32:19 +02:00";;;;"HTTP 410 - ressource ou lien de pagination Graph expire/non disponible. Appel : GET /beta/auditLogs/signIns. Le controle correspondant est incomplet et interdit tout retrait de licence fonde sur cet appel.";
"CONSERVER - UTILISEE";"Activite Power BI reelle detectee dans Microsoft Purview Audit.";"Goroncy, Bernd";"Bernd.Goroncy@infopro-digital.com";"Bernd.Goroncy@infopro-digital.com";"True";"Member";"Power BI Pro";"FLOW_FREE | POWER_BI_PRO | POWER_BI_STANDARD | STANDARDPACK";"01/07/2026 13:58:43 +02:00";"True";"28/05/2026 10:55:18 +02:00";"26/08/2026 10:55:18 +02:00";"13";"21/08/2026 07:14:20 +02:00";"5";"ViewReport";"True";"Non requise - activite Purview trouvee";"False";"27/07/2026 10:55:18 +02:00";"36";"0";"36";"21/08/2026 14:16:01 +02:00";"21/08/2026 14:16:01 +02:00";;;;"HTTP 410 - ressource ou lien de pagination Graph expire/non disponible. Appel : GET /beta/auditLogs/signIns. Le controle correspondant est incomplet et interdit tout retrait de licence fonde sur cet appel.";
"CONSERVER - UTILISEE";"Activite Power BI reelle detectee dans Microsoft Purview Audit.";"BOURGEOIS, Bertrand";"bertrand.bourgeois@infopro-digital.com";"bbourgeois@companeo.com";"True";"Member";"Power BI Pro";"ENTERPRISEPACK | FLOW_FREE | POWER_BI_PRO | POWER_BI_STANDARD";"22/12/2025 12:30:32 +01:00";"True";"28/05/2026 10:55:18 +02:00";"26/08/2026 10:55:18 +02:00";"6";"28/07/2026 08:18:13 +02:00";"29";"ViewReport";"True";"Non requise - activite Purview trouvee";"False";"27/07/2026 10:55:18 +02:00";"23";"0";"23";"25/08/2026 17:53:10 +02:00";"25/08/2026 17:53:10 +02:00";;;;"HTTP 410 - ressource ou lien de pagination Graph expire/non disponible. Appel : GET /beta/auditLogs/signIns. Le controle correspondant est incomplet et interdit tout retrait de licence fonde sur cet appel.";
"CONSERVER - UTILISEE";"Activite Power BI reelle detectee dans Microsoft Purview Audit.";"Bhavanesh Laher";"Bhavanesh.Laher@infopro-digital.com";"bhavanesh.laher@infopro-digital.com";"True";"Member";"Power BI Pro";"DYN365_BUSCENTRAL_ESSENTIAL | FLOW_FREE | MCOEV | SPE_E5";"31/07/2025 15:47:02 +02:00";"True";"28/05/2026 10:55:18 +02:00";"26/08/2026 10:55:18 +02:00";"27";"25/08/2026 17:01:25 +02:00";"0";"ViewReport";"True";"Non requise - activite Purview trouvee";"False";"27/07/2026 10:55:18 +02:00";"67";"0";"67";"25/08/2026 18:02:20 +02:00";"25/08/2026 18:02:20 +02:00";;;;"HTTP 410 - ressource ou lien de pagination Graph expire/non disponible. Appel : GET /beta/auditLogs/signIns. Le controle correspondant est incomplet et interdit tout retrait de licence fonde sur cet appel.";
"CONSERVER - UTILISEE";"Activite Power BI reelle detectee dans Microsoft Purview Audit.";"Bill Holbrook";"Bill.Holbrook@infopro-digital.com";"bill.holbrook@infopro-digital.com";"True";"Member";"Power BI Pro";"FLOW_FREE | MCOEV | Microsoft_Teams_Audio_Conferencing_select_dial_out | POWER_BI_STANDARD | SPE_E5";"31/07/2025 15:47:02 +02:00";"True";"28/05/2026 10:55:18 +02:00";"26/08/2026 10:55:18 +02:00";"109";"25/08/2026 20:50:09 +02:00";"0";"ViewReport";"True";"Non requise - activite Purview trouvee";"False";"27/07/2026 10:55:18 +02:00";"522";"0";"522";"25/08/2026 21:51:28 +02:00";"25/08/2026 21:51:28 +02:00";;;;"HTTP 410 - ressource ou lien de pagination Graph expire/non disponible. Appel : GET /beta/auditLogs/signIns. Le controle correspondant est incomplet et interdit tout retrait de licence fonde sur cet appel.";
"CONSERVER - UTILISEE";"Activite Power BI reelle detectee dans Microsoft Purview Audit.";"Bisi Sijuade";"bisi.sijuade@infopro-digital.com";"bisi.sijuade@infopro-digital.com";"True";"Member";"Power BI Pro";"FLOW_FREE | MCOEV | POWER_BI_STANDARD | SPE_E5";"31/07/2025 15:47:02 +02:00";"True";"28/05/2026 10:55:18 +02:00";"26/08/2026 10:55:18 +02:00";"227";"26/08/2026 10:12:26 +02:00";"0";"ViewReport";"True";"Non requise - activite Purview trouvee";"False";"27/07/2026 10:55:18 +02:00";"764";"0";"764";"26/08/2026 10:54:51 +02:00";"26/08/2026 10:54:51 +02:00";;;;"HTTP 410 - ressource ou lien de pagination Graph expire/non disponible. Appel : GET /beta/auditLogs/signIns. Le controle correspondant est incomplet et interdit tout retrait de licence fonde sur cet appel.";
"CONSERVER - UTILISEE";"Activite Power BI reelle detectee dans Microsoft Purview Audit.";"FISCHER, Blandine";"blandine.fischer@infopro-digital.com";"blandine.fischer@infopro-digital.com";"True";"Member";"Power BI Pro";"FLOW_FREE | POWER_BI_PRO | POWER_BI_STANDARD | STANDARDPACK";"26/01/2026 09:43:59 +01:00";"True";"28/05/2026 10:55:18 +02:00";"26/08/2026 10:55:18 +02:00";"6";"09/07/2026 12:52:39 +02:00";"47";"ViewReport";"True";"Non requise - activite Purview trouvee";"False";"27/07/2026 10:55:18 +02:00";"18";"0";"18";"20/08/2026 14:22:36 +02:00";"20/08/2026 14:22:36 +02:00";;;;"HTTP 410 - ressource ou lien de pagination Graph expire/non disponible. Appel : GET /beta/auditLogs/signIns. Le controle correspondant est incomplet et interdit tout retrait de licence fonde sur cet appel.";
"CONSERVER - UTILISEE";"Activite Power BI reelle detectee dans Microsoft Purview Audit.";"STEVANOVIC, Boris";"boris.stevanovic@infopro-digital.com";"boris.stevanovic@infopro-digital.com";"True";"Member";"Power BI Pro";"ENTERPRISEPACK | FLOW_FREE | POWER_BI_PRO | POWER_BI_STANDARD";"18/06/2024 17:32:41 +02:00";"True";"28/05/2026 10:55:18 +02:00";"26/08/2026 10:55:18 +02:00";"47";"24/08/2026 14:15:53 +02:00";"1";"ViewReport";"True";"Non requise - activite Purview trouvee";"False";"27/07/2026 10:55:18 +02:00";"169";"0";"169";"25/08/2026 15:33:38 +02:00";"25/08/2026 15:33:38 +02:00";;;;"HTTP 410 - ressource ou lien de pagination Graph expire/non disponible. Appel : GET /beta/auditLogs/signIns. Le controle correspondant est incomplet et interdit tout retrait de licence fonde sur cet appel.";
"CONSERVER - UTILISEE";"Activite Power BI reelle detectee dans Microsoft Purview Audit.";"Brendan Badenhorst";"brendan.badenhorst@infopro-digital.com";"brendan.badenhorst@infopro-digital.com";"True";"Member";"Power BI Pro";"ENTERPRISEPACK | MCOEV | POWER_BI_PRO | POWER_BI_STANDARD";"10/02/2026 16:53:17 +01:00";"True";"28/05/2026 10:55:18 +02:00";"26/08/2026 10:55:18 +02:00";"43";"11/08/2026 08:33:04 +02:00";"15";"ViewReport";"True";"Non requise - activite Purview trouvee";"False";"27/07/2026 10:55:18 +02:00";"100";"0";"100";"11/08/2026 16:10:26 +02:00";"11/08/2026 16:10:26 +02:00";;;;"HTTP 410 - ressource ou lien de pagination Graph expire/non disponible. Appel : GET /beta/auditLogs/signIns. Le controle correspondant est incomplet et interdit tout retrait de licence fonde sur cet appel.";
"CONSERVER - UTILISEE";"Activite Power BI reelle detectee dans Microsoft Purview Audit.";"Brendan O’Neill (EXT)";"Brendan.ONeill@infopro-digital.com";"Brendan.ONeill@infopro-digital.com";"True";"Member";"Power BI Pro";"DYN365_BUSCENTRAL_ESSENTIAL | ENTERPRISEPACK | POWER_BI_PRO | POWER_BI_STANDARD";"11/03/2026 16:31:10 +01:00";"True";"28/05/2026 10:55:18 +02:00";"26/08/2026 10:55:18 +02:00";"3746";"26/08/2026 09:56:26 +02:00";"0";"ViewReport";"True";"Non requise - activite Purview trouvee";"False";"27/07/2026 10:55:18 +02:00";"661";"0";"661";"26/08/2026 10:53:23 +02:00";"26/08/2026 10:53:23 +02:00";;;;"HTTP 410 - ressource ou lien de pagination Graph expire/non disponible. Appel : GET /beta/auditLogs/signIns. Le controle correspondant est incomplet et interdit tout retrait de licence fonde sur cet appel.";
"CONSERVER - UTILISEE";"Activite Power BI reelle detectee dans Microsoft Purview Audit.";"Brian Horton";"brian.horton@barbour-abi.com";"brian.horton@barbour-abi.com";"True";"Member";"Power BI Pro";"ENTERPRISEPACK | FLOW_FREE | POWER_BI_PRO | POWER_BI_STANDARD";"15/04/2026 15:35:56 +02:00";"True";"28/05/2026 10:55:18 +02:00";"26/08/2026 10:55:18 +02:00";"68";"14/08/2026 17:04:12 +02:00";"11";"ViewReport";"True";"Non requise - activite Purview trouvee";"False";"27/07/2026 10:55:18 +02:00";"44";"0";"44";"15/08/2026 16:15:04 +02:00";"15/08/2026 16:15:04 +02:00";;;;"HTTP 410 - ressource ou lien de pagination Graph expire/non disponible. Appel : GET /beta/auditLogs/signIns. Le controle correspondant est incomplet et interdit tout retrait de licence fonde sur cet appel.";
"CONSERVER - UTILISEE";"Activite Power BI reelle detectee dans Microsoft Purview Audit.";"CONNERTH, Bruno | Heinze";"bruno.connerth@infopro-digital.com";"Bruno.Connerth@heinze.de";"True";"Member";"Power BI Pro";"FLOW_FREE | POWER_BI_PRO | POWER_BI_STANDARD | STANDARDPACK";"15/04/2025 11:01:34 +02:00";"True";"28/05/2026 10:55:18 +02:00";"26/08/2026 10:55:18 +02:00";"48";"25/08/2026 13:26:35 +02:00";"0";"ViewReport";"True";"Non requise - activite Purview trouvee";"False";"27/07/2026 10:55:18 +02:00";"208";"0";"208";"25/08/2026 13:26:41 +02:00";"25/08/2026 13:26:41 +02:00";;;;"HTTP 410 - ressource ou lien de pagination Graph expire/non disponible. Appel : GET /beta/auditLogs/signIns. Le controle correspondant est incomplet et interdit tout retrait de licence fonde sur cet appel.";
"CONSERVER - UTILISEE";"Activite Power BI reelle detectee dans Microsoft Purview Audit.";"HEDAN, Bruno";"bruno.hedan@infopro-digital.com";"bruno.hedan@infopro-digital.com";"True";"Member";"Power BI Pro";"ENTERPRISEPACK | FLOW_FREE | POWER_BI_PRO | POWER_BI_STANDARD";"20/02/2024 09:49:07 +01:00";"True";"28/05/2026 10:55:18 +02:00";"26/08/2026 10:55:18 +02:00";"4";"13/08/2026 15:29:11 +02:00";"12";"ViewReport";"True";"Non requise - activite Purview trouvee";"False";"27/07/2026 10:55:18 +02:00";"51";"0";"51";"14/08/2026 15:34:47 +02:00";"14/08/2026 15:34:47 +02:00";;;;"HTTP 410 - ressource ou lien de pagination Graph expire/non disponible. Appel : GET /beta/auditLogs/signIns. Le controle correspondant est incomplet et interdit tout retrait de licence fonde sur cet appel.";
"CONSERVER - UTILISEE";"Activite Power BI reelle detectee dans Microsoft Purview Audit.";"Bruno Nascimento Lago";"BrunoNascimento.Lago@infopro-digital.com";"bruno.lago@chartis-research.com";"True";"Member";"Power BI Pro";"ENTERPRISEPACK | FLOW_FREE | MCOEV | POWER_BI_PRO | PROJECT_P1";"11/02/2025 10:38:03 +01:00";"True";"28/05/2026 10:55:18 +02:00";"26/08/2026 10:55:18 +02:00";"22";"12/08/2026 13:34:51 +02:00";"13";"ViewReport";"True";"Non requise - activite Purview trouvee";"False";"27/07/2026 10:55:18 +02:00";"134";"0";"134";"17/08/2026 17:41:00 +02:00";"17/08/2026 17:41:00 +02:00";"14/08/2026 17:51:24 +02:00";;;"HTTP 410 - ressource ou lien de pagination Graph expire/non disponible. Appel : GET /beta/auditLogs/signIns. Le controle correspondant est incomplet et interdit tout retrait de licence fonde sur cet appel.";
"CONSERVER - UTILISEE";"Activite Power BI reelle detectee dans Microsoft Purview Audit.";"MERCEY, Camille";"camille.mercey@infopro-digital.com";"camille.mercey@infopro-digital.com";"True";"Member";"Power BI Pro";"FLOW_FREE | SPE_E5";"17/10/2025 16:29:29 +02:00";"True";"28/05/2026 10:55:18 +02:00";"26/08/2026 10:55:18 +02:00";"239";"25/08/2026 11:26:32 +02:00";"0";"GenerateCustomVisualAADAccessToken";"True";"Non requise - activite Purview trouvee";"False";"27/07/2026 10:55:18 +02:00";"111";"0";"111";"25/08/2026 11:26:35 +02:00";"25/08/2026 11:26:35 +02:00";;;;"HTTP 410 - ressource ou lien de pagination Graph expire/non disponible. Appel : GET /beta/auditLogs/signIns. Le controle correspondant est incomplet et interdit tout retrait de licence fonde sur cet appel.";
"CONSERVER - UTILISEE";"Activite Power BI reelle detectee dans Microsoft Purview Audit.";"MARDUEL, Candy";"candy.marduel@infopro-digital.com";"candy.marduel@infopro-digital.com";"True";"Member";"Power BI Pro";"FLOW_FREE | POWER_BI_PRO | POWER_BI_STANDARD | STANDARDPACK";"26/04/2023 10:50:05 +02:00";"True";"28/05/2026 10:55:18 +02:00";"26/08/2026 10:55:18 +02:00";"1";"30/06/2026 11:06:58 +02:00";"56";"ViewReport";"True";"Non requise - activite Purview trouvee";"False";"27/07/2026 10:55:18 +02:00";"21";"0";"21";"25/08/2026 21:18:38 +02:00";"25/08/2026 21:18:38 +02:00";;;;"HTTP 410 - ressource ou lien de pagination Graph expire/non disponible. Appel : GET /beta/auditLogs/signIns. Le controle correspondant est incomplet et interdit tout retrait de licence fonde sur cet appel.";
"CONSERVER - UTILISEE";"Activite Power BI reelle detectee dans Microsoft Purview Audit.";"GENTHNER-KAPPESZ, Caren";"caren.genthner-kappesz@infopro-digital.com";"caren.genthner-kappesz@infopro-digital.com";"True";"Member";"Power BI Pro";"DYN365_BUSCENTRAL_TEAM_MEMBER | ENTERPRISEPACK | FLOW_FREE | POWER_BI_PRO | POWER_BI_STANDARD";"11/08/2025 15:21:13 +02:00";"True";"28/05/2026 10:55:18 +02:00";"26/08/2026 10:55:18 +02:00";"208";"24/08/2026 16:32:32 +02:00";"1";"ViewReport";"True";"Non requise - activite Purview trouvee";"False";"27/07/2026 10:55:18 +02:00";"630";"0";"630";"25/08/2026 04:39:20 +02:00";"25/08/2026 04:39:20 +02:00";;;;"HTTP 410 - ressource ou lien de pagination Graph expire/non disponible. Appel : GET /beta/auditLogs/signIns. Le controle correspondant est incomplet et interdit tout retrait de licence fonde sur cet appel.";
"CONSERVER - UTILISEE";"Activite Power BI reelle detectee dans Microsoft Purview Audit.";"PUJOL, Carles";"carles.pujol@infopro-digital.com";"carles.pujol@infopro-digital.com";"True";"Member";"Power BI Pro";"ENTERPRISEPACK | FLOW_FREE | POWER_BI_PRO | POWER_BI_STANDARD";"10/10/2024 14:30:03 +02:00";"True";"28/05/2026 10:55:18 +02:00";"26/08/2026 10:55:18 +02:00";"82";"06/08/2026 13:17:57 +02:00";"19";"GetSnapshots";"True";"Non requise - activite Purview trouvee";"False";"27/07/2026 10:55:18 +02:00";"80";"0";"80";"06/08/2026 14:28:25 +02:00";"06/08/2026 14:28:25 +02:00";;;;"HTTP 410 - ressource ou lien de pagination Graph expire/non disponible. Appel : GET /beta/auditLogs/signIns. Le controle correspondant est incomplet et interdit tout retrait de licence fonde sur cet appel.";
"CONSERVER - UTILISEE";"Activite Power BI reelle detectee dans Microsoft Purview Audit.";"HAINAUT, Carole";"carole.hainaut@infopro-digital.com";"carole.hainaut@infopro-digital.com";"True";"Member";"Power BI Pro";"FLOW_FREE | POWER_BI_PRO | POWER_BI_STANDARD | STANDARDPACK";"09/04/2021 11:45:17 +02:00";"True";"28/05/2026 10:55:18 +02:00";"26/08/2026 10:55:18 +02:00";"3";"18/06/2026 08:57:24 +02:00";"69";"ViewReport";"True";"Non requise - activite Purview trouvee";"False";"27/07/2026 10:55:18 +02:00";"20";"0";"20";"24/08/2026 09:13:01 +02:00";"24/08/2026 09:13:01 +02:00";;;;"HTTP 410 - ressource ou lien de pagination Graph expire/non disponible. Appel : GET /beta/auditLogs/signIns. Le controle correspondant est incomplet et interdit tout retrait de licence fonde sur cet appel.";
"CONSERVER - UTILISEE";"Activite Power BI reelle detectee dans Microsoft Purview Audit.";"COULHON, Carole-Anne";"carole-anne.coulhon@infopro-digital.com";"carole-anne.coulhon@infopro-digital.com";"True";"Member";"Power BI Pro";"FLOW_FREE | POWER_BI_PRO | POWER_BI_STANDARD | STANDARDPACK | STREAM";"05/12/2023 09:48:37 +01:00";"True";"28/05/2026 10:55:18 +02:00";"26/08/2026 10:55:18 +02:00";"35";"25/08/2026 09:44:50 +02:00";"1";"ViewReport";"True";"Non requise - activite Purview trouvee";"False";"27/07/2026 10:55:18 +02:00";"185";"0";"185";"25/08/2026 15:16:25 +02:00";"25/08/2026 15:16:25 +02:00";;;;"HTTP 410 - ressource ou lien de pagination Graph expire/non disponible. Appel : GET /beta/auditLogs/signIns. Le controle correspondant est incomplet et interdit tout retrait de licence fonde sur cet appel.";
"CONSERVER - UTILISEE";"Activite Power BI reelle detectee dans Microsoft Purview Audit.";"REBEU, Carolina";"carolina.rebeu@infopro-digital.com";"carolina.rebeu@infopro-digital.com";"True";"Member";"Power BI Pro";"FLOW_FREE | POWER_BI_STANDARD | POWERAPPS_DEV | SPE_E5";"30/10/2025 09:33:39 +01:00";"True";"28/05/2026 10:55:18 +02:00";"26/08/2026 10:55:18 +02:00";"119";"26/08/2026 09:58:17 +02:00";"0";"ViewReport";"True";"Non requise - activite Purview trouvee";"False";"27/07/2026 10:55:18 +02:00";"446";"0";"446";"26/08/2026 11:00:17 +02:00";"26/08/2026 11:00:17 +02:00";;;;"HTTP 410 - ressource ou lien de pagination Graph expire/non disponible. Appel : GET /beta/auditLogs/signIns. Le controle correspondant est incomplet et interdit tout retrait de licence fonde sur cet appel.";
"CONSERVER - UTILISEE";"Activite Power BI reelle detectee dans Microsoft Purview Audit.";"SANCHEZ, Caroline";"caroline.sanchez@inovaxo.fr";"caroline.sanchez@inovaxo.fr";"True";"Member";"Power BI Pro";"FLOW_FREE | POWER_BI_PRO | POWER_BI_STANDARD | STANDARDPACK";"05/12/2023 10:18:31 +01:00";"True";"28/05/2026 10:55:18 +02:00";"26/08/2026 10:55:18 +02:00";"13";"25/08/2026 09:15:31 +02:00";"1";"ViewReport";"True";"Non requise - activite Purview trouvee";"False";"27/07/2026 10:55:18 +02:00";"76";"0";"76";"25/08/2026 12:17:03 +02:00";"25/08/2026 12:17:03 +02:00";;;;"HTTP 410 - ressource ou lien de pagination Graph expire/non disponible. Appel : GET /beta/auditLogs/signIns. Le controle correspondant est incomplet et interdit tout retrait de licence fonde sur cet appel.";
"CONSERVER - UTILISEE";"Activite Power BI reelle detectee dans Microsoft Purview Audit.";"VAREJAO, Cecile";"cecile.varejao@infopro-digital.com";"cecile.varejao@infopro-digital.com";"True";"Member";"Power BI Pro";"ENTERPRISEPACK | POWER_BI_PRO | POWER_BI_STANDARD";"06/09/2023 15:07:25 +02:00";"True";"28/05/2026 10:55:18 +02:00";"26/08/2026 10:55:18 +02:00";"18";"08/07/2026 15:23:10 +02:00";"48";"ExportReport";"True";"Non requise - activite Purview trouvee";"False";"27/07/2026 10:55:18 +02:00";"18";"0";"18";"19/08/2026 18:50:30 +02:00";"19/08/2026 18:50:30 +02:00";;;;"HTTP 410 - ressource ou lien de pagination Graph expire/non disponible. Appel : GET /beta/auditLogs/signIns. Le controle correspondant est incomplet et interdit tout retrait de licence fonde sur cet appel.";
"CONSERVER - UTILISEE";"Activite Power BI reelle detectee dans Microsoft Purview Audit.";"DUQUENNE, Cedric";"cedric.duquenne@infopro-digital.com";"cedric.duquenne@infopro-digital.com";"True";"Member";"Power BI Pro";"FLOW_FREE | Microsoft_365_Copilot | POWER_BI_PRO | POWER_BI_STANDARD | STANDARDPACK";"14/11/2022 16:44:15 +01:00";"True";"28/05/2026 10:55:18 +02:00";"26/08/2026 10:55:18 +02:00";"332";"12/08/2026 03:14:23 +02:00";"14";"ViewReport";"True";"Non requise - activite Purview trouvee";"False";"27/07/2026 10:55:18 +02:00";"552";"0";"552";"22/08/2026 02:41:01 +02:00";"22/08/2026 02:41:01 +02:00";;;;"HTTP 410 - ressource ou lien de pagination Graph expire/non disponible. Appel : GET /beta/auditLogs/signIns. Le controle correspondant est incomplet et interdit tout retrait de licence fonde sur cet appel.";
"CONSERVER - UTILISEE";"Activite Power BI reelle detectee dans Microsoft Purview Audit.";"AUSSANT, Celine";"celine.aussant@infopro-digital.com";"celine.aussant@infopro-digital.com";"True";"Member";"Power BI Pro";"POWER_BI_PRO | POWER_BI_STANDARD | STANDARDPACK";"29/07/2024 12:11:06 +02:00";"True";"28/05/2026 10:55:18 +02:00";"26/08/2026 10:55:18 +02:00";"82";"09/08/2026 19:18:02 +02:00";"16";"ViewReport";"True";"Non requise - activite Purview trouvee";"False";"27/07/2026 10:55:18 +02:00";"153";"0";"153";"09/08/2026 19:18:07 +02:00";"09/08/2026 19:18:07 +02:00";;;;"HTTP 410 - ressource ou lien de pagination Graph expire/non disponible. Appel : GET /beta/auditLogs/signIns. Le controle correspondant est incomplet et interdit tout retrait de licence fonde sur cet appel.";
"CONSERVER - UTILISEE";"Activite Power BI reelle detectee dans Microsoft Purview Audit.";"GUILLOU Celine";"celine.guillou@vecteurplus.com";"celine.guillou@vecteurplus.com";"True";"Member";"Power BI Pro";"FLOW_FREE | Microsoft_Teams_Audio_Conferencing_select_dial_out | POWER_BI_STANDARD | SPE_E5";"30/03/2026 09:38:41 +02:00";"True";"28/05/2026 10:55:18 +02:00";"26/08/2026 10:55:18 +02:00";"3";"19/06/2026 14:09:22 +02:00";"67";"ViewReport";"True";"Non requise - activite Purview trouvee";"False";"27/07/2026 10:55:18 +02:00";"18";"0";"18";"21/08/2026 22:36:02 +02:00";"21/08/2026 22:36:02 +02:00";;;;"HTTP 410 - ressource ou lien de pagination Graph expire/non disponible. Appel : GET /beta/auditLogs/signIns. Le controle correspondant est incomplet et interdit tout retrait de licence fonde sur cet appel.";
"CONSERVER - UTILISEE";"Activite Power BI reelle detectee dans Microsoft Purview Audit.";"KEVERIAN SALOU, Celine";"celine.keverian-salou@infopro-digital.com";"celine.keverian-salou@infopro-digital.com";"True";"Member";"Power BI Pro";"ENTERPRISEPACK | FLOW_FREE | POWER_BI_PRO | POWER_BI_STANDARD";"25/01/2024 10:08:33 +01:00";"True";"28/05/2026 10:55:18 +02:00";"26/08/2026 10:55:18 +02:00";"19";"20/08/2026 18:00:17 +02:00";"5";"ViewReport";"True";"Non requise - activite Purview trouvee";"False";"27/07/2026 10:55:18 +02:00";"17";"0";"17";"20/08/2026 18:01:08 +02:00";"20/08/2026 18:01:08 +02:00";;;;"HTTP 410 - ressource ou lien de pagination Graph expire/non disponible. Appel : GET /beta/auditLogs/signIns. Le controle correspondant est incomplet et interdit tout retrait de licence fonde sur cet appel.";
"CONSERVER - UTILISEE";"Activite Power BI reelle detectee dans Microsoft Purview Audit.";"ELAIMEUR, Chaimaa";"chaimaa.elaimeur@infopro-digital.com";"chaimaa.elaimeur@infopro-digital.com";"True";"Member";"Power BI Pro";"ENTERPRISEPACK | FLOW_FREE | POWER_BI_PRO | POWER_BI_STANDARD";"06/02/2023 11:07:35 +01:00";"True";"28/05/2026 10:55:18 +02:00";"26/08/2026 10:55:18 +02:00";"45";"01/07/2026 11:12:04 +02:00";"55";"EditDataset";"True";"Non requise - activite Purview trouvee";"False";"27/07/2026 10:55:18 +02:00";"42";"0";"42";"24/08/2026 21:18:07 +02:00";"24/08/2026 21:18:07 +02:00";"19/08/2026 16:41:43 +02:00";;;"HTTP 410 - ressource ou lien de pagination Graph expire/non disponible. Appel : GET /beta/auditLogs/signIns. Le controle correspondant est incomplet et interdit tout retrait de licence fonde sur cet appel.";
"CONSERVER - UTILISEE";"Activite Power BI reelle detectee dans Microsoft Purview Audit.";"MILLION-ROUSSEAU, Charles";"charles.million-rousseau@infopro-digital.com";"charles.million-rousseau@infopro-digital.com";"True";"Member";"Power BI Pro";"ENTERPRISEPACK | FLOW_FREE | Microsoft_Teams_Audio_Conferencing_select_dial_out | POWER_BI_PRO | POWER_BI_STANDARD";"26/03/2021 09:42:09 +01:00";"True";"28/05/2026 10:55:18 +02:00";"26/08/2026 10:55:18 +02:00";"59";"24/07/2026 02:44:20 +02:00";"33";"ViewReport";"True";"Non requise - activite Purview trouvee";"False";"27/07/2026 10:55:18 +02:00";"25";"0";"25";"26/08/2026 01:40:49 +02:00";"26/08/2026 01:40:49 +02:00";;;;"HTTP 410 - ressource ou lien de pagination Graph expire/non disponible. Appel : GET /beta/auditLogs/signIns. Le controle correspondant est incomplet et interdit tout retrait de licence fonde sur cet appel.";
"CONSERVER - UTILISEE";"Activite Power BI reelle detectee dans Microsoft Purview Audit.";"Charles Morris";"Charles.Morris@infopro-digital.com";"charles.morris@infopro-digital.com";"True";"Member";"Power BI Pro";"ENTERPRISEPACK | FLOW_FREE | MCOEV | POWER_BI_PRO";"26/08/2025 18:06:44 +02:00";"True";"28/05/2026 10:55:18 +02:00";"26/08/2026 10:55:18 +02:00";"119";"24/08/2026 18:06:02 +02:00";"1";"ExportReport";"True";"Non requise - activite Purview trouvee";"False";"27/07/2026 10:55:18 +02:00";"365";"0";"365";"24/08/2026 18:04:06 +02:00";"24/08/2026 18:04:06 +02:00";;;;"HTTP 410 - ressource ou lien de pagination Graph expire/non disponible. Appel : GET /beta/auditLogs/signIns. Le controle correspondant est incomplet et interdit tout retrait de licence fonde sur cet appel.";
"CONSERVER - UTILISEE";"Activite Power BI reelle detectee dans Microsoft Purview Audit.";"Chris Finnegan";"chris.finnegan@infopro-digital.com";"chris.finnegan@infopro-digital.com";"True";"Member";"Power BI Pro";"DYN365_BUSCENTRAL_TEAM_MEMBER | ENTERPRISEPACK | FLOW_FREE | MCOEV | Microsoft_365_Copilot | POWER_BI_PRO | POWER_BI_STANDARD | STREAM";"05/05/2023 15:20:10 +02:00";"True";"28/05/2026 10:55:18 +02:00";"26/08/2026 10:55:18 +02:00";"443";"19/08/2026 04:12:06 +02:00";"7";"ViewReport";"True";"Non requise - activite Purview trouvee";"False";"27/07/2026 10:55:18 +02:00";"677";"0";"677";"22/08/2026 06:09:40 +02:00";"22/08/2026 06:09:40 +02:00";;;;"HTTP 410 - ressource ou lien de pagination Graph expire/non disponible. Appel : GET /beta/auditLogs/signIns. Le controle correspondant est incomplet et interdit tout retrait de licence fonde sur cet appel.";
"CONSERVER - UTILISEE";"Activite Power BI reelle detectee dans Microsoft Purview Audit.";"Chris Jeffery";"chris.jeffery@infopro-digital.com";"chris.jeffery@centralbanking.com";"True";"Member";"Power BI Pro";"DYN365_BUSCENTRAL_TEAM_MEMBER | ENTERPRISEPACK | FLOW_FREE | MCOEV | Microsoft_Teams_Audio_Conferencing_select_dial_out | POWER_BI_PRO | POWER_BI_STANDARD";"14/05/2025 09:46:38 +02:00";"True";"28/05/2026 10:55:18 +02:00";"26/08/2026 10:55:18 +02:00";"53";"21/08/2026 12:47:29 +02:00";"4";"ViewReport";"True";"Non requise - activite Purview trouvee";"False";"27/07/2026 10:55:18 +02:00";"186";"0";"186";"21/08/2026 12:47:36 +02:00";"21/08/2026 12:47:36 +02:00";;;;"HTTP 410 - ressource ou lien de pagination Graph expire/non disponible. Appel : GET /beta/auditLogs/signIns. Le controle correspondant est incomplet et interdit tout retrait de licence fonde sur cet appel.";
"CONSERVER - UTILISEE";"Activite Power BI reelle detectee dans Microsoft Purview Audit.";"Chris Wade";"chris.wade@infopro-digital.com";"chris.wade@infopro-digital.com";"True";"Member";"Power BI Pro";"DYN365_BUSCENTRAL_TEAM_MEMBER | ENTERPRISEPACK | FLOW_FREE | POWER_BI_PRO | POWER_BI_STANDARD";"04/03/2025 18:10:12 +01:00";"True";"28/05/2026 10:55:18 +02:00";"26/08/2026 10:55:18 +02:00";"172";"25/08/2026 10:40:03 +02:00";"1";"ViewReport";"True";"Non requise - activite Purview trouvee";"False";"27/07/2026 10:55:18 +02:00";"177";"0";"177";"25/08/2026 11:41:23 +02:00";"25/08/2026 11:41:23 +02:00";;;;"HTTP 410 - ressource ou lien de pagination Graph expire/non disponible. Appel : GET /beta/auditLogs/signIns. Le controle correspondant est incomplet et interdit tout retrait de licence fonde sur cet appel.";
"CONSERVER - UTILISEE";"Activite Power BI reelle detectee dans Microsoft Purview Audit.";"KRASSO, Christian";"christian.krasso@infopro-digital.com";"christian.krasso@infopro-digital.com";"True";"Member";"Power BI Pro";"FLOW_FREE | Microsoft_Teams_Audio_Conferencing_select_dial_out | POWERAPPS_VIRAL | SMB_APPS | SPE_E5 | VISIOCLIENT";"24/07/2025 14:22:22 +02:00";"True";"28/05/2026 10:55:18 +02:00";"26/08/2026 10:55:18 +02:00";"32";"31/07/2026 09:18:54 +02:00";"26";"ViewReport";"True";"Non requise - activite Purview trouvee";"False";"27/07/2026 10:55:18 +02:00";"15";"0";"15";"21/08/2026 16:13:02 +02:00";"21/08/2026 16:13:02 +02:00";;;;"HTTP 410 - ressource ou lien de pagination Graph expire/non disponible. Appel : GET /beta/auditLogs/signIns. Le controle correspondant est incomplet et interdit tout retrait de licence fonde sur cet appel.";
"CONSERVER - UTILISEE";"Activite Power BI reelle detectee dans Microsoft Purview Audit.";"STALLKNECHT, Christian | Heinze";"christian.stallknecht@infopro-digital.com";"Christian.Stallknecht@heinze.de";"True";"Member";"Power BI Pro";"ENTERPRISEPACK | FLOW_FREE | POWER_BI_PRO | POWER_BI_STANDARD";"15/04/2025 11:01:35 +02:00";"True";"28/05/2026 10:55:18 +02:00";"26/08/2026 10:55:18 +02:00";"2";"25/08/2026 14:27:39 +02:00";"0";"ViewReport";"True";"Non requise - activite Purview trouvee";"False";"27/07/2026 10:55:18 +02:00";"18";"0";"18";"25/08/2026 15:50:57 +02:00";"25/08/2026 15:50:57 +02:00";;;;"HTTP 410 - ressource ou lien de pagination Graph expire/non disponible. Appel : GET /beta/auditLogs/signIns. Le controle correspondant est incomplet et interdit tout retrait de licence fonde sur cet appel.";
"CONSERVER - UTILISEE";"Activite Power BI reelle detectee dans Microsoft Purview Audit.";"TILLER, Christian | Heinze";"christian.tiller@infopro-digital.com";"Christian.Tiller@heinze.de";"True";"Member";"Power BI Pro";"FLOW_FREE | POWER_BI_PRO | POWER_BI_STANDARD | STANDARDPACK";"15/04/2025 11:01:28 +02:00";"True";"28/05/2026 10:55:18 +02:00";"26/08/2026 10:55:18 +02:00";"8";"30/07/2026 10:43:26 +02:00";"27";"ViewReport";"True";"Non requise - activite Purview trouvee";"False";"27/07/2026 10:55:18 +02:00";"27";"0";"27";"20/08/2026 16:22:37 +02:00";"20/08/2026 16:22:37 +02:00";;;;"HTTP 410 - ressource ou lien de pagination Graph expire/non disponible. Appel : GET /beta/auditLogs/signIns. Le controle correspondant est incomplet et interdit tout retrait de licence fonde sur cet appel.";
"CONSERVER - UTILISEE";"Activite Power BI reelle detectee dans Microsoft Purview Audit.";"FALLER, Christiane | Heinze";"christiane.faller@infopro-digital.com";"Christiane.Faller@heinze.de";"True";"Member";"Power BI Pro";"ENTERPRISEPACK | FLOW_FREE | POWER_BI_PRO | POWER_BI_STANDARD";"30/06/2025 14:00:00 +02:00";"True";"28/05/2026 10:55:18 +02:00";"26/08/2026 10:55:18 +02:00";"8";"13/08/2026 08:36:28 +02:00";"13";"ViewReport";"True";"Non requise - activite Purview trouvee";"False";"27/07/2026 10:55:18 +02:00";"24";"0";"24";"13/08/2026 09:38:08 +02:00";"13/08/2026 09:38:08 +02:00";;;;"HTTP 410 - ressource ou lien de pagination Graph expire/non disponible. Appel : GET /beta/auditLogs/signIns. Le controle correspondant est incomplet et interdit tout retrait de licence fonde sur cet appel.";
"CONSERVER - UTILISEE";"Activite Power BI reelle detectee dans Microsoft Purview Audit.";"BAART, Christina | Heinze";"christina.baart@infopro-digital.com";"christina.baart@heinze.de";"True";"Member";"Power BI Pro";"FLOW_FREE | POWER_BI_PRO | POWER_BI_STANDARD | STANDARDPACK";"15/04/2025 11:01:37 +02:00";"True";"28/05/2026 10:55:18 +02:00";"26/08/2026 10:55:18 +02:00";"186";"21/08/2026 13:41:45 +02:00";"4";"ViewReport";"True";"Non requise - activite Purview trouvee";"False";"27/07/2026 10:55:18 +02:00";"112";"0";"112";"24/08/2026 09:06:58 +02:00";"24/08/2026 09:06:58 +02:00";;;;"HTTP 410 - ressource ou lien de pagination Graph expire/non disponible. Appel : GET /beta/auditLogs/signIns. Le controle correspondant est incomplet et interdit tout retrait de licence fonde sur cet appel.";
"CONSERVER - UTILISEE";"Activite Power BI reelle detectee dans Microsoft Purview Audit.";"Chrissy Jamieson";"christine.jamieson@barbour-abi.com";"christine.jamieson@barbour-abi.com";"True";"Member";"Power BI Pro";"DYN365_BUSCENTRAL_TEAM_MEMBER | ENTERPRISEPACK | FLOW_FREE | POWER_BI_PRO | POWER_BI_STANDARD";"09/10/2025 14:09:12 +02:00";"True";"28/05/2026 10:55:18 +02:00";"26/08/2026 10:55:18 +02:00";"44";"25/08/2026 11:31:48 +02:00";"0";"ViewReport";"True";"Non requise - activite Purview trouvee";"False";"27/07/2026 10:55:18 +02:00";"185";"0";"185";"25/08/2026 15:34:55 +02:00";"25/08/2026 15:34:55 +02:00";;;;"HTTP 410 - ressource ou lien de pagination Graph expire/non disponible. Appel : GET /beta/auditLogs/signIns. Le controle correspondant est incomplet et interdit tout retrait de licence fonde sur cet appel.";
"CONSERVER - UTILISEE";"Activite Power BI reelle detectee dans Microsoft Purview Audit.";"SEGUIN, Christine";"christine.seguin@infopro-digital.com";"christine.seguin@infopro-digital.com";"True";"Member";"Power BI Pro";"ENTERPRISEPACK | FLOW_FREE | POWER_BI_PRO | POWER_BI_STANDARD";"06/07/2026 14:40:28 +02:00";"True";"28/05/2026 10:55:18 +02:00";"26/08/2026 10:55:18 +02:00";"62";"10/07/2026 15:17:20 +02:00";"46";"ViewReport";"True";"Non requise - activite Purview trouvee";"False";"27/07/2026 10:55:18 +02:00";"18";"0";"18";"21/08/2026 14:33:36 +02:00";"21/08/2026 14:33:36 +02:00";;;;"HTTP 410 - ressource ou lien de pagination Graph expire/non disponible. Appel : GET /beta/auditLogs/signIns. Le controle correspondant est incomplet et interdit tout retrait de licence fonde sur cet appel.";
"CONSERVER - UTILISEE";"Activite Power BI reelle detectee dans Microsoft Purview Audit.";"WILTZ-PAPENDIECK, Christine | Heinze";"christine.wiltz-papendieck@infopro-digital.com";"Christine.Wiltz-Papendieck@heinze.de";"True";"Member";"Power BI Pro";"POWER_BI_PRO | POWER_BI_STANDARD | STANDARDPACK";"23/10/2025 11:11:04 +02:00";"True";"28/05/2026 10:55:18 +02:00";"26/08/2026 10:55:18 +02:00";"24";"21/08/2026 11:58:04 +02:00";"4";"ViewReport";"True";"Non requise - activite Purview trouvee";"False";"27/07/2026 10:55:18 +02:00";"68";"0";"68";"21/08/2026 11:58:10 +02:00";"21/08/2026 11:58:10 +02:00";;;;"HTTP 410 - ressource ou lien de pagination Graph expire/non disponible. Appel : GET /beta/auditLogs/signIns. Le controle correspondant est incomplet et interdit tout retrait de licence fonde sur cet appel.";
"CONSERVER - UTILISEE";"Activite Power BI reelle detectee dans Microsoft Purview Audit.";"Apel, Christoph";"Christoph.Apel@infopro-digital.com";"C.Apel@ibau.de";"True";"Member";"Power BI Pro";"POWER_BI_PRO | POWER_BI_STANDARD | STANDARDPACK";"22/05/2025 08:32:46 +02:00";"True";"28/05/2026 10:55:18 +02:00";"26/08/2026 10:55:18 +02:00";"129";"26/08/2026 08:42:25 +02:00";"0";"ViewReport";"True";"Non requise - activite Purview trouvee";"False";"27/07/2026 10:55:18 +02:00";"224";"0";"224";"26/08/2026 10:44:03 +02:00";"26/08/2026 10:44:03 +02:00";;;;"HTTP 410 - ressource ou lien de pagination Graph expire/non disponible. Appel : GET /beta/auditLogs/signIns. Le controle correspondant est incomplet et interdit tout retrait de licence fonde sur cet appel.";
"CONSERVER - UTILISEE";"Activite Power BI reelle detectee dans Microsoft Purview Audit.";"STEIN, Christoph | Heinze";"christoph.stein@infopro-digital.com";"Christoph.Stein@heinze.de";"True";"Member";"Power BI Pro";"FLOW_FREE | POWER_BI_PRO | POWER_BI_STANDARD | STANDARDPACK";"15/04/2025 11:01:35 +02:00";"True";"28/05/2026 10:55:18 +02:00";"26/08/2026 10:55:18 +02:00";"47";"25/08/2026 14:14:23 +02:00";"0";"ViewReport";"True";"Non requise - activite Purview trouvee";"False";"27/07/2026 10:55:18 +02:00";"227";"0";"227";"25/08/2026 15:09:12 +02:00";"25/08/2026 15:09:12 +02:00";;;;"HTTP 410 - ressource ou lien de pagination Graph expire/non disponible. Appel : GET /beta/auditLogs/signIns. Le controle correspondant est incomplet et interdit tout retrait de licence fonde sur cet appel.";
"CONSERVER - UTILISEE";"Activite Power BI reelle detectee dans Microsoft Purview Audit.";"BERNARD, Christophe";"christophe.bernard@infopro-digital.com";"christophe.bernard@infopro-digital.com";"True";"Member";"Power BI Pro";"FLOW_FREE | POWER_BI_PRO | POWER_BI_STANDARD | STANDARDPACK";"06/12/2021 14:26:24 +01:00";"True";"28/05/2026 10:55:18 +02:00";"26/08/2026 10:55:18 +02:00";"45";"25/08/2026 14:32:22 +02:00";"0";"ViewReport";"True";"Non requise - activite Purview trouvee";"False";"27/07/2026 10:55:18 +02:00";"204";"0";"204";"25/08/2026 16:33:32 +02:00";"25/08/2026 16:33:32 +02:00";;;;"HTTP 410 - ressource ou lien de pagination Graph expire/non disponible. Appel : GET /beta/auditLogs/signIns. Le controle correspondant est incomplet et interdit tout retrait de licence fonde sur cet appel.";
"CONSERVER - UTILISEE";"Activite Power BI reelle detectee dans Microsoft Purview Audit.";"SERRIE, Christophe";"christophe.serrie@infopro-digital.com";"christophe.serrie@infopro-digital.com";"True";"Member";"Power BI Pro";"FLOW_FREE | POWER_BI_STANDARD | SPE_E5";"14/08/2025 18:43:13 +02:00";"True";"28/05/2026 10:55:18 +02:00";"26/08/2026 10:55:18 +02:00";"5";"04/06/2026 10:12:32 +02:00";"83";"ViewReport";"True";"Non requise - activite Purview trouvee";"False";"27/07/2026 10:55:18 +02:00";"38";"0";"38";"20/08/2026 15:33:47 +02:00";"20/08/2026 15:33:47 +02:00";"20/08/2026 14:53:13 +02:00";;;"HTTP 410 - ressource ou lien de pagination Graph expire/non disponible. Appel : GET /beta/auditLogs/signIns. Le controle correspondant est incomplet et interdit tout retrait de licence fonde sur cet appel.";
"CONSERVER - UTILISEE";"Activite Power BI reelle detectee dans Microsoft Purview Audit.";"CARIOU, Cindy";"cindy.cariou@infopro-digital.com";"cindy.cariou@infopro-digital.com";"True";"Member";"Power BI Pro";"FLOW_FREE | POWER_BI_PRO | POWER_BI_STANDARD | STANDARDPACK";"17/01/2024 10:44:37 +01:00";"True";"28/05/2026 10:55:18 +02:00";"26/08/2026 10:55:18 +02:00";"2";"16/07/2026 14:26:29 +02:00";"40";"ViewReport";"True";"Non requise - activite Purview trouvee";"False";"27/07/2026 10:55:18 +02:00";"14";"0";"14";"20/08/2026 14:53:08 +02:00";"20/08/2026 14:53:08 +02:00";;;;"HTTP 410 - ressource ou lien de pagination Graph expire/non disponible. Appel : GET /beta/auditLogs/signIns. Le controle correspondant est incomplet et interdit tout retrait de licence fonde sur cet appel.";
"CONSERVER - UTILISEE";"Activite Power BI reelle detectee dans Microsoft Purview Audit.";"Claire Jordan";"Claire.Jordan@infopro-digital.com";"Claire.Jordan@infopro-digital.com";"True";"Member";"Power BI Pro";"DYN365_BUSCENTRAL_TEAM_MEMBER | FLOW_FREE | SPE_E5";"26/01/2026 17:41:15 +01:00";"True";"28/05/2026 10:55:18 +02:00";"26/08/2026 10:55:18 +02:00";"55";"25/08/2026 10:07:18 +02:00";"1";"ViewReport";"True";"Non requise - activite Purview trouvee";"False";"27/07/2026 10:55:18 +02:00";"118";"0";"118";"25/08/2026 16:10:21 +02:00";"25/08/2026 16:10:21 +02:00";;;;"HTTP 410 - ressource ou lien de pagination Graph expire/non disponible. Appel : GET /beta/auditLogs/signIns. Le controle correspondant est incomplet et interdit tout retrait de licence fonde sur cet appel.";
"CONSERVER - UTILISEE";"Activite Power BI reelle detectee dans Microsoft Purview Audit.";"Claire Mauger";"claire.mauger@infopro-digital.com";"claire.mauger@infopro-digital.com";"True";"Member";"Power BI Pro";"ENTERPRISEPACK | FLOW_FREE | MCOEV | POWER_BI_PRO | POWER_BI_STANDARD";"22/12/2025 12:00:34 +01:00";"True";"28/05/2026 10:55:18 +02:00";"26/08/2026 10:55:18 +02:00";"8";"13/08/2026 15:04:43 +02:00";"12";"GetSnapshots";"True";"Non requise - activite Purview trouvee";"False";"27/07/2026 10:55:18 +02:00";"26";"0";"26";"13/08/2026 15:59:48 +02:00";"13/08/2026 15:59:48 +02:00";;;;"HTTP 410 - ressource ou lien de pagination Graph expire/non disponible. Appel : GET /beta/auditLogs/signIns. Le controle correspondant est incomplet et interdit tout retrait de licence fonde sur cet appel.";
"CONSERVER - UTILISEE";"Activite Power BI reelle detectee dans Microsoft Purview Audit.";"SANAHUJA FERRER, Clara";"clara@infopro-digital.com";"clara.sanahuja@infopro-digital.com";"True";"Member";"Power BI Pro";"ENTERPRISEPACK | FLOW_FREE | POWER_BI_PRO | POWER_BI_STANDARD";"13/03/2023 13:58:48 +01:00";"True";"28/05/2026 10:55:18 +02:00";"26/08/2026 10:55:18 +02:00";"115";"17/08/2026 14:50:54 +02:00";"8";"PrintReport";"True";"Non requise - activite Purview trouvee";"False";"27/07/2026 10:55:18 +02:00";"36";"0";"36";"17/08/2026 15:31:59 +02:00";"17/08/2026 15:31:59 +02:00";;;;"HTTP 410 - ressource ou lien de pagination Graph expire/non disponible. Appel : GET /beta/auditLogs/signIns. Le controle correspondant est incomplet et interdit tout retrait de licence fonde sur cet appel.";
"CONSERVER - UTILISEE";"Activite Power BI reelle detectee dans Microsoft Purview Audit.";"JAGUENEAU, Clarisse";"clarisse.jagueneau@infopro-digital.com";"clarisse.jagueneau@infopro-digital.com";"True";"Member";"Power BI Pro";"ENTERPRISEPACK | FLOW_FREE | POWER_BI_PRO | POWER_BI_STANDARD";"03/06/2025 11:05:50 +02:00";"True";"28/05/2026 10:55:18 +02:00";"26/08/2026 10:55:18 +02:00";"22";"25/08/2026 14:11:52 +02:00";"0";"ViewReport";"True";"Non requise - activite Purview trouvee";"False";"27/07/2026 10:55:18 +02:00";"89";"0";"89";"25/08/2026 19:46:24 +02:00";"25/08/2026 19:46:24 +02:00";;;;"HTTP 410 - ressource ou lien de pagination Graph expire/non disponible. Appel : GET /beta/auditLogs/signIns. Le controle correspondant est incomplet et interdit tout retrait de licence fonde sur cet appel.";
"CONSERVER - UTILISEE";"Activite Power BI reelle detectee dans Microsoft Purview Audit.";"VAN RAVESTEIJN, Claudia | Heinze";"claudia.vanravesteijn@infopro-digital.com";"Claudia.vanRavesteijn@heinze.de";"True";"Member";"Power BI Pro";"FLOW_FREE | POWER_BI_PRO | POWER_BI_STANDARD | STANDARDPACK";"11/03/2026 16:31:19 +01:00";"True";"28/05/2026 10:55:18 +02:00";"26/08/2026 10:55:18 +02:00";"11";"03/08/2026 15:33:06 +02:00";"22";"ViewReport";"True";"Non requise - activite Purview trouvee";"False";"27/07/2026 10:55:18 +02:00";"18";"0";"18";"24/08/2026 22:24:46 +02:00";"24/08/2026 22:24:46 +02:00";;;;"HTTP 410 - ressource ou lien de pagination Graph expire/non disponible. Appel : GET /beta/auditLogs/signIns. Le controle correspondant est incomplet et interdit tout retrait de licence fonde sur cet appel.";
"CONSERVER - UTILISEE";"Activite Power BI reelle detectee dans Microsoft Purview Audit.";"CAMPANER Clément";"clement.campaner@vecteurplus.com";"clement.campaner@vecteurplus.com";"True";"Member";"Power BI Pro";"ENTERPRISEPACK | FLOW_FREE | POWER_BI_PRO | POWER_BI_STANDARD";"10/09/2025 16:24:54 +02:00";"True";"28/05/2026 10:55:18 +02:00";"26/08/2026 10:55:18 +02:00";"8";"10/07/2026 15:10:15 +02:00";"46";"EditDataset";"True";"Non requise - activite Purview trouvee";"False";"27/07/2026 10:55:18 +02:00";"27";"1";"26";"24/08/2026 14:54:07 +02:00";"24/08/2026 14:54:07 +02:00";"24/08/2026 14:42:08 +02:00";;;"HTTP 410 - ressource ou lien de pagination Graph expire/non disponible. Appel : GET /beta/auditLogs/signIns. Le controle correspondant est incomplet et interdit tout retrait de licence fonde sur cet appel.";
"CONSERVER - UTILISEE";"Activite Power BI reelle detectee dans Microsoft Purview Audit.";"SEGRETO, Clementine";"clementine.segreto@infopro-digital.com";"clementine.segreto@infopro-digital.com";"True";"Member";"Power BI Pro";"FLOW_FREE | POWER_BI_PRO | POWER_BI_STANDARD | STANDARDPACK";"27/09/2023 14:48:55 +02:00";"True";"28/05/2026 10:55:18 +02:00";"26/08/2026 10:55:18 +02:00";"58";"03/08/2026 15:22:26 +02:00";"22";"ViewReport";"True";"Non requise - activite Purview trouvee";"False";"27/07/2026 10:55:18 +02:00";"64";"0";"64";"25/08/2026 03:09:56 +02:00";"25/08/2026 03:09:56 +02:00";;;;"HTTP 410 - ressource ou lien de pagination Graph expire/non disponible. Appel : GET /beta/auditLogs/signIns. Le controle correspondant est incomplet et interdit tout retrait de licence fonde sur cet appel.";
"CONSERVER - UTILISEE";"Activite Power BI reelle detectee dans Microsoft Purview Audit.";"Conchita Misquith";"Conchita.Misquith@infopro-digital.com";"conchita.misquith@centralbanking.com";"True";"Member";"Power BI Pro";"DYN365_BUSCENTRAL_TEAM_MEMBER | ENTERPRISEPACK | FLOW_FREE | MCOEV | POWER_BI_PRO | POWER_BI_STANDARD";"17/12/2025 14:02:45 +01:00";"True";"28/05/2026 10:55:18 +02:00";"26/08/2026 10:55:18 +02:00";"25";"24/08/2026 13:30:44 +02:00";"1";"ViewReport";"True";"Non requise - activite Purview trouvee";"False";"27/07/2026 10:55:18 +02:00";"90";"0";"90";"24/08/2026 16:57:02 +02:00";"24/08/2026 16:57:02 +02:00";;;;"HTTP 410 - ressource ou lien de pagination Graph expire/non disponible. Appel : GET /beta/auditLogs/signIns. Le controle correspondant est incomplet et interdit tout retrait de licence fonde sur cet appel.";
"CONSERVER - UTILISEE";"Activite Power BI reelle detectee dans Microsoft Purview Audit.";"LEBLANC Coralie";"coralie.leblanc@vecteurplus.com";"coralie.leblanc@vecteurplus.com";"True";"Member";"Power BI Pro";"ENTERPRISEPACK | FLOW_FREE | POWER_BI_PRO | VISIOCLIENT";"04/11/2025 12:13:48 +01:00";"True";"28/05/2026 10:55:18 +02:00";"26/08/2026 10:55:18 +02:00";"37";"20/07/2026 11:24:34 +02:00";"36";"EditDataset";"True";"Non requise - activite Purview trouvee";"False";"27/07/2026 10:55:18 +02:00";"76";"0";"76";"21/08/2026 11:42:51 +02:00";"21/08/2026 11:42:51 +02:00";;;;"HTTP 410 - ressource ou lien de pagination Graph expire/non disponible. Appel : GET /beta/auditLogs/signIns. Le controle correspondant est incomplet et interdit tout retrait de licence fonde sur cet appel.";
"CONSERVER - UTILISEE";"Activite Power BI reelle detectee dans Microsoft Purview Audit.";"ALDEA, Corina";"corina.aldea@infopro-digital.com";"corina.aldea@infopro-digital.com";"True";"Member";"Power BI Pro";"DYN365_BUSCENTRAL_ESSENTIAL | ENTERPRISEPACK | FLOW_FREE | POWER_BI_PRO | POWER_BI_STANDARD";"28/05/2026 14:12:38 +02:00";"True";"28/05/2026 10:55:18 +02:00";"26/08/2026 10:55:18 +02:00";"7";"17/08/2026 16:04:06 +02:00";"8";"ViewReport";"True";"Non requise - activite Purview trouvee";"False";"27/07/2026 10:55:18 +02:00";"94";"0";"94";"17/08/2026 16:04:11 +02:00";"17/08/2026 16:04:11 +02:00";;;;"HTTP 410 - ressource ou lien de pagination Graph expire/non disponible. Appel : GET /beta/auditLogs/signIns. Le controle correspondant est incomplet et interdit tout retrait de licence fonde sur cet appel.";
"CONSERVER - UTILISEE";"Activite Power BI reelle detectee dans Microsoft Purview Audit.";"cube cube";"cube@infopro-digital.fr";"cube@inovaxo.fr";"True";"Member";"Power BI Pro";"FLOW_FREE | POWER_BI_PRO | POWER_BI_STANDARD | STANDARDPACK";"19/08/2020 18:21:01 +02:00";"True";"28/05/2026 10:55:18 +02:00";"26/08/2026 10:55:18 +02:00";"2026";"25/08/2026 20:25:01 +02:00";"0";"RunEmailSubscription";"True";"Non requise - activite Purview trouvee";"False";"27/07/2026 10:55:18 +02:00";"278";"0";"278";"25/08/2026 20:24:42 +02:00";"25/08/2026 20:24:42 +02:00";;;;"HTTP 410 - ressource ou lien de pagination Graph expire/non disponible. Appel : GET /beta/auditLogs/signIns. Le controle correspondant est incomplet et interdit tout retrait de licence fonde sur cet appel.";
"CONSERVER - UTILISEE";"Activite Power BI reelle detectee dans Microsoft Purview Audit.";"FERNANDES, Cyril";"cyril.fernandes@infopro-digital.com";"cyril.fernandes@infopro-digital.com";"True";"Member";"Power BI Pro";"CCIBOTS_PRIVPREV_VIRAL | ENTERPRISEPACK | FLOW_FREE | POWER_BI_PRO | POWER_BI_STANDARD";"06/01/2026 18:14:57 +01:00";"True";"28/05/2026 10:55:18 +02:00";"26/08/2026 10:55:18 +02:00";"23";"25/08/2026 17:57:30 +02:00";"0";"ViewReport";"True";"Non requise - activite Purview trouvee";"False";"27/07/2026 10:55:18 +02:00";"53";"0";"53";"26/08/2026 10:51:26 +02:00";"26/08/2026 10:51:26 +02:00";;;;"HTTP 410 - ressource ou lien de pagination Graph expire/non disponible. Appel : GET /beta/auditLogs/signIns. Le controle correspondant est incomplet et interdit tout retrait de licence fonde sur cet appel.";
"CONSERVER - UTILISEE";"Activite Power BI reelle detectee dans Microsoft Purview Audit.";"LADET, Cyril";"cyril.ladet@etai.fr";"cyril.ladet@etai.fr";"True";"Member";"Power BI Pro";"ENTERPRISEPACK | FLOW_FREE | POWER_BI_PRO | POWER_BI_STANDARD | SMB_APPS";"17/09/2025 09:36:41 +02:00";"True";"28/05/2026 10:55:18 +02:00";"26/08/2026 10:55:18 +02:00";"259";"25/08/2026 19:22:31 +02:00";"0";"ExportArtifactDownload";"True";"Non requise - activite Purview trouvee";"False";"27/07/2026 10:55:18 +02:00";"79";"0";"79";"25/08/2026 19:21:55 +02:00";"25/08/2026 19:21:55 +02:00";;;;"HTTP 410 - ressource ou lien de pagination Graph expire/non disponible. Appel : GET /beta/auditLogs/signIns. Le controle correspondant est incomplet et interdit tout retrait de licence fonde sur cet appel.";
"CONSERVER - UTILISEE";"Activite Power BI reelle detectee dans Microsoft Purview Audit.";"OSSENGUE, Daleche";"daleche.ossengue@infopro-digital.com";"daleche.ossengue@infopro-digital.com";"True";"Member";"Power BI Pro";"FLOW_FREE | PROJECTPROFESSIONAL | SPE_E5";"04/11/2025 09:43:44 +01:00";"True";"28/05/2026 10:55:18 +02:00";"26/08/2026 10:55:18 +02:00";"24";"12/08/2026 17:05:27 +02:00";"13";"ViewReport";"True";"Non requise - activite Purview trouvee";"False";"27/07/2026 10:55:18 +02:00";"129";"0";"129";"13/08/2026 09:49:53 +02:00";"13/08/2026 09:49:53 +02:00";;;;"HTTP 410 - ressource ou lien de pagination Graph expire/non disponible. Appel : GET /beta/auditLogs/signIns. Le controle correspondant est incomplet et interdit tout retrait de licence fonde sur cet appel.";
"CONSERVER - UTILISEE";"Activite Power BI reelle detectee dans Microsoft Purview Audit.";"SCHMITZ, Damien";"damien.schmitz@infopro-digital.com";"damien.schmitz@eventmaker.com";"True";"Member";"Power BI Pro";"ENTERPRISEPACK | FLOW_FREE | INTUNE_A_VL | POWER_BI_PRO | POWER_BI_STANDARD";"04/02/2025 15:33:03 +01:00";"True";"28/05/2026 10:55:18 +02:00";"26/08/2026 10:55:18 +02:00";"8";"03/08/2026 14:58:15 +02:00";"22";"GetSnapshots";"True";"Non requise - activite Purview trouvee";"False";"27/07/2026 10:55:18 +02:00";"16";"0";"16";"25/08/2026 00:13:31 +02:00";"25/08/2026 00:13:31 +02:00";;;;"HTTP 410 - ressource ou lien de pagination Graph expire/non disponible. Appel : GET /beta/auditLogs/signIns. Le controle correspondant est incomplet et interdit tout retrait de licence fonde sur cet appel.";
"CONSERVER - UTILISEE";"Activite Power BI reelle detectee dans Microsoft Purview Audit.";"Dan Aldridge";"Dan.Aldridge@infopro-digital.com";"dan.aldridge@infopro-digital.com";"True";"Member";"Power BI Pro";"DYN365_BUSCENTRAL_TEAM_MEMBER | ENTERPRISEPACK | FLOW_FREE | MCOEV | POWER_BI_PRO | POWER_BI_STANDARD";"16/05/2025 22:31:25 +02:00";"True";"28/05/2026 10:55:18 +02:00";"26/08/2026 10:55:18 +02:00";"9";"29/07/2026 10:29:56 +02:00";"28";"ViewReport";"True";"Non requise - activite Purview trouvee";"False";"27/07/2026 10:55:18 +02:00";"21";"0";"21";"19/08/2026 14:17:00 +02:00";"19/08/2026 14:17:00 +02:00";;;;"HTTP 410 - ressource ou lien de pagination Graph expire/non disponible. Appel : GET /beta/auditLogs/signIns. Le controle correspondant est incomplet et interdit tout retrait de licence fonde sur cet appel.";
"CONSERVER - UTILISEE";"Activite Power BI reelle detectee dans Microsoft Purview Audit.";"Dane Barnard";"dane.barnard@infopro-digital.com";"dane.barnard@1lod.com";"True";"Member";"Power BI Pro";"DYN365_BUSCENTRAL_TEAM_MEMBER | ENTERPRISEPACK | FLOW_FREE | POWER_BI_PRO | POWER_BI_STANDARD";"11/03/2026 16:31:10 +01:00";"True";"28/05/2026 10:55:18 +02:00";"26/08/2026 10:55:18 +02:00";"99";"25/08/2026 14:13:51 +02:00";"0";"ViewReport";"True";"Non requise - activite Purview trouvee";"False";"27/07/2026 10:55:18 +02:00";"507";"0";"507";"25/08/2026 14:13:58 +02:00";"25/08/2026 14:13:58 +02:00";;;;"HTTP 410 - ressource ou lien de pagination Graph expire/non disponible. Appel : GET /beta/auditLogs/signIns. Le controle correspondant est incomplet et interdit tout retrait de licence fonde sur cet appel.";
"CONSERVER - UTILISEE";"Activite Power BI reelle detectee dans Microsoft Purview Audit.";"Daniel Blackburn";"Daniel.Blackburn@infopro-digital.com";"daniel.blackburn@infopro-digital.com";"True";"Member";"Power BI Pro";"ENTERPRISEPACK | FLOW_FREE | MCOEV | POWER_BI_PRO | POWER_BI_STANDARD";"11/03/2026 16:31:12 +01:00";"True";"28/05/2026 10:55:18 +02:00";"26/08/2026 10:55:18 +02:00";"22";"21/08/2026 11:05:03 +02:00";"4";"ExportReport";"True";"Non requise - activite Purview trouvee";"False";"27/07/2026 10:55:18 +02:00";"34";"0";"34";"21/08/2026 19:52:24 +02:00";"21/08/2026 19:52:24 +02:00";;;;"HTTP 410 - ressource ou lien de pagination Graph expire/non disponible. Appel : GET /beta/auditLogs/signIns. Le controle correspondant est incomplet et interdit tout retrait de licence fonde sur cet appel.";
"CONSERVER - UTILISEE";"Activite Power BI reelle detectee dans Microsoft Purview Audit.";"Daniel Ciotkowski";"daniel.ciotkowski@infopro-digital.com";"Daniel.Ciotkowski@1lod.com";"True";"Member";"Power BI Pro";"ENTERPRISEPACK | POWER_BI_PRO | POWER_BI_STANDARD";"21/05/2026 12:09:05 +02:00";"True";"28/05/2026 10:55:18 +02:00";"26/08/2026 10:55:18 +02:00";"177";"25/08/2026 12:19:06 +02:00";"0";"ViewReport";"True";"Non requise - activite Purview trouvee";"False";"27/07/2026 10:55:18 +02:00";"246";"0";"246";"25/08/2026 12:19:10 +02:00";"25/08/2026 12:19:10 +02:00";;;;"HTTP 410 - ressource ou lien de pagination Graph expire/non disponible. Appel : GET /beta/auditLogs/signIns. Le controle correspondant est incomplet et interdit tout retrait de licence fonde sur cet appel.";
"CONSERVER - UTILISEE";"Activite Power BI reelle detectee dans Microsoft Purview Audit.";"Daniel De-Bruce";"Daniel.DeBruce@infopro-digital.com";"daniel.debruce@infopro-digital.com";"True";"Member";"Power BI Pro";"ENTERPRISEPACK | FLOW_FREE | MCOEV | POWER_BI_PRO | POWER_BI_STANDARD | STREAM";"10/02/2026 17:23:18 +01:00";"True";"28/05/2026 10:55:18 +02:00";"26/08/2026 10:55:18 +02:00";"10";"11/08/2026 13:06:12 +02:00";"14";"ViewReport";"True";"Non requise - activite Purview trouvee";"False";"27/07/2026 10:55:18 +02:00";"30";"0";"30";"11/08/2026 13:06:03 +02:00";"11/08/2026 13:06:03 +02:00";;;;"HTTP 410 - ressource ou lien de pagination Graph expire/non disponible. Appel : GET /beta/auditLogs/signIns. Le controle correspondant est incomplet et interdit tout retrait de licence fonde sur cet appel.";
"CONSERVER - UTILISEE";"Activite Power BI reelle detectee dans Microsoft Purview Audit.";"HILSDON, Daniel | Heinze";"daniel.hilsdon@infopro-digital.com";"Daniel.Hilsdon@heinze.de";"True";"Member";"Power BI Pro";"FLOW_FREE | POWER_BI_PRO | POWER_BI_STANDARD | STANDARDPACK";"15/04/2025 11:01:30 +02:00";"True";"28/05/2026 10:55:18 +02:00";"26/08/2026 10:55:18 +02:00";"29";"19/08/2026 08:24:36 +02:00";"7";"ViewReport";"True";"Non requise - activite Purview trouvee";"False";"27/07/2026 10:55:18 +02:00";"96";"0";"96";"19/08/2026 08:24:38 +02:00";"19/08/2026 08:24:38 +02:00";;;;"HTTP 410 - ressource ou lien de pagination Graph expire/non disponible. Appel : GET /beta/auditLogs/signIns. Le controle correspondant est incomplet et interdit tout retrait de licence fonde sur cet appel.";
"CONSERVER - UTILISEE";"Activite Power BI reelle detectee dans Microsoft Purview Audit.";"Daniel Hinge";"daniel.hinge@infopro-digital.com";"daniel.hinge@centralbanking.com";"True";"Member";"Power BI Pro";"DYN365_BUSCENTRAL_TEAM_MEMBER | ENTERPRISEPACK | FLOW_FREE | MCOEV | POWER_BI_PRO | POWER_BI_STANDARD";"04/07/2025 10:55:41 +02:00";"True";"28/05/2026 10:55:18 +02:00";"26/08/2026 10:55:18 +02:00";"67";"20/08/2026 16:05:42 +02:00";"5";"ViewReport";"True";"Non requise - activite Purview trouvee";"False";"27/07/2026 10:55:18 +02:00";"297";"0";"297";"20/08/2026 16:05:48 +02:00";"20/08/2026 16:05:48 +02:00";;;;"HTTP 410 - ressource ou lien de pagination Graph expire/non disponible. Appel : GET /beta/auditLogs/signIns. Le controle correspondant est incomplet et interdit tout retrait de licence fonde sur cet appel.";
"CONSERVER - UTILISEE";"Activite Power BI reelle detectee dans Microsoft Purview Audit.";"MARX, Daniel";"daniel.marx@infopro-digital.com";"daniel.marx@greenprofi.de";"True";"Member";"Power BI Pro";"ENTERPRISEPACK | FLOW_FREE | POWER_BI_PRO | POWER_BI_STANDARD";"29/04/2026 09:08:39 +02:00";"True";"28/05/2026 10:55:18 +02:00";"26/08/2026 10:55:18 +02:00";"16";"25/08/2026 08:34:29 +02:00";"1";"ViewReport";"True";"Non requise - activite Purview trouvee";"False";"27/07/2026 10:55:18 +02:00";"89";"0";"89";"25/08/2026 10:00:24 +02:00";"25/08/2026 10:00:24 +02:00";;;;"HTTP 410 - ressource ou lien de pagination Graph expire/non disponible. Appel : GET /beta/auditLogs/signIns. Le controle correspondant est incomplet et interdit tout retrait de licence fonde sur cet appel.";
"CONSERVER - UTILISEE";"Activite Power BI reelle detectee dans Microsoft Purview Audit.";"Merg, Daniel";"Daniel.Merg@infopro-digital.com";"D.Merg@ibau.de";"True";"Member";"Power BI Pro";"ENTERPRISEPACK | FLOW_FREE | POWER_BI_PRO | POWER_BI_STANDARD";"22/05/2025 09:13:15 +02:00";"True";"28/05/2026 10:55:18 +02:00";"26/08/2026 10:55:18 +02:00";"152";"26/08/2026 09:23:45 +02:00";"0";"ViewReport";"True";"Non requise - activite Purview trouvee";"False";"27/07/2026 10:55:18 +02:00";"534";"0";"534";"26/08/2026 09:23:33 +02:00";"26/08/2026 09:23:33 +02:00";"26/08/2026 08:41:48 +02:00";;;"HTTP 410 - ressource ou lien de pagination Graph expire/non disponible. Appel : GET /beta/auditLogs/signIns. Le controle correspondant est incomplet et interdit tout retrait de licence fonde sur cet appel.";
"CONSERVER - UTILISEE";"Activite Power BI reelle detectee dans Microsoft Purview Audit.";"RODRIGUEZ BAZIN, Daniel";"daniel.rodriguez-bazin@infopro-digital.com";"daniel.rodriguez@infopro-digital.com";"True";"Member";"Power BI Pro";"ENTERPRISEPACK | FLOW_FREE | POWER_BI_PRO | POWER_BI_STANDARD";"16/04/2026 10:57:49 +02:00";"True";"28/05/2026 10:55:18 +02:00";"26/08/2026 10:55:18 +02:00";"3";"21/08/2026 09:05:07 +02:00";"5";"GetSnapshots";"True";"Non requise - activite Purview trouvee";"False";"27/07/2026 10:55:18 +02:00";"26";"0";"26";"21/08/2026 10:06:08 +02:00";"21/08/2026 10:06:08 +02:00";;;;"HTTP 410 - ressource ou lien de pagination Graph expire/non disponible. Appel : GET /beta/auditLogs/signIns. Le controle correspondant est incomplet et interdit tout retrait de licence fonde sur cet appel.";
"CONSERVER - UTILISEE";"Activite Power BI reelle detectee dans Microsoft Purview Audit.";"SIGWARTH, Daniel | Heinze";"daniel.sigwarth@infopro-digital.com";"Daniel.Sigwarth@heinze.de";"True";"Member";"Power BI Pro";"FLOW_FREE | POWER_BI_PRO | POWER_BI_STANDARD | STANDARDPACK";"15/04/2025 11:01:31 +02:00";"True";"28/05/2026 10:55:18 +02:00";"26/08/2026 10:55:18 +02:00";"101";"26/08/2026 10:10:04 +02:00";"0";"ViewReport";"True";"Non requise - activite Purview trouvee";"False";"27/07/2026 10:55:18 +02:00";"319";"0";"319";"26/08/2026 10:10:06 +02:00";"26/08/2026 10:10:06 +02:00";;;;"HTTP 410 - ressource ou lien de pagination Graph expire/non disponible. Appel : GET /beta/auditLogs/signIns. Le controle correspondant est incomplet et interdit tout retrait de licence fonde sur cet appel.";
"CONSERVER - UTILISEE";"Activite Power BI reelle detectee dans Microsoft Purview Audit.";"Steiger, Daniel";"Daniel.Steiger@infopro-digital.com";"Daniel.Steiger@infopro-digital.com";"True";"Member";"Power BI Pro";"ENTERPRISEPACK | FLOW_FREE | POWER_BI_PRO | POWER_BI_STANDARD";"29/06/2025 17:34:01 +02:00";"True";"28/05/2026 10:55:18 +02:00";"26/08/2026 10:55:18 +02:00";"5";"04/08/2026 08:12:51 +02:00";"22";"ExportReport";"True";"Non requise - activite Purview trouvee";"False";"27/07/2026 10:55:18 +02:00";"30";"0";"30";"25/08/2026 10:14:09 +02:00";"25/08/2026 10:14:09 +02:00";;;;"HTTP 410 - ressource ou lien de pagination Graph expire/non disponible. Appel : GET /beta/auditLogs/signIns. Le controle correspondant est incomplet et interdit tout retrait de licence fonde sur cet appel.";
"CONSERVER - UTILISEE";"Activite Power BI reelle detectee dans Microsoft Purview Audit.";"ATTIAS, Danielle";"danielle.attias@infopro-digital.com";"danielle.attias@infopro-digital.com";"True";"Member";"Power BI Pro";"FLOW_FREE | SPE_E5";"02/04/2026 16:52:17 +02:00";"True";"28/05/2026 10:55:18 +02:00";"26/08/2026 10:55:18 +02:00";"57";"29/07/2026 14:41:25 +02:00";"27";"ViewReport";"True";"Non requise - activite Purview trouvee";"False";"27/07/2026 10:55:18 +02:00";"36";"0";"36";"20/08/2026 00:08:55 +02:00";"20/08/2026 00:08:55 +02:00";;;;"HTTP 410 - ressource ou lien de pagination Graph expire/non disponible. Appel : GET /beta/auditLogs/signIns. Le controle correspondant est incomplet et interdit tout retrait de licence fonde sur cet appel.";
"CONSERVER - UTILISEE";"Activite Power BI reelle detectee dans Microsoft Purview Audit.";"HALSEY, Dariga";"Dariga.Halsey@infopro-digital.com";"dariga.halsey@infopro-digital.com";"True";"Member";"Power BI Pro";"ENTERPRISEPACK | FLOW_FREE | POWER_BI_PRO | POWER_BI_STANDARD | PROJECTPROFESSIONAL";"31/01/2025 11:21:37 +01:00";"True";"28/05/2026 10:55:18 +02:00";"26/08/2026 10:55:18 +02:00";"83";"02/06/2026 20:31:45 +02:00";"84";"ViewReport";"True";"Non requise - activite Purview trouvee";"False";"27/07/2026 10:55:18 +02:00";"21";"0";"21";"25/08/2026 23:32:24 +02:00";"25/08/2026 23:32:24 +02:00";;;;"HTTP 410 - ressource ou lien de pagination Graph expire/non disponible. Appel : GET /beta/auditLogs/signIns. Le controle correspondant est incomplet et interdit tout retrait de licence fonde sur cet appel.";
"CONSERVER - UTILISEE";"Activite Power BI reelle detectee dans Microsoft Purview Audit.";"David BONNEAU";"david.bonneau@infopro-digital.com";"dbonneau@companeo.com";"True";"Member";"Power BI Pro";"ENTERPRISEPACK | FLOW_FREE | POWER_BI_PRO | POWER_BI_STANDARD";"06/06/2023 11:46:55 +02:00";"True";"28/05/2026 10:55:18 +02:00";"26/08/2026 10:55:18 +02:00";"175";"24/08/2026 16:56:27 +02:00";"1";"RefreshDataset";"True";"Non requise - activite Purview trouvee";"False";"27/07/2026 10:55:18 +02:00";"390";"0";"390";"24/08/2026 16:48:51 +02:00";"24/08/2026 16:48:51 +02:00";;;;"HTTP 410 - ressource ou lien de pagination Graph expire/non disponible. Appel : GET /beta/auditLogs/signIns. Le controle correspondant est incomplet et interdit tout retrait de licence fonde sur cet appel.";
"CONSERVER - UTILISEE";"Activite Power BI reelle detectee dans Microsoft Purview Audit.";"David Harris";"david.harris@barbour-abi.com";"david.harris@barbour-abi.com";"True";"Member";"Power BI Pro";"ENTERPRISEPACK | FLOW_FREE | POWER_BI_PRO | POWER_BI_STANDARD";"22/08/2023 15:48:55 +02:00";"True";"28/05/2026 10:55:18 +02:00";"26/08/2026 10:55:18 +02:00";"384";"24/08/2026 11:24:27 +02:00";"1";"EditDataset";"True";"Non requise - activite Purview trouvee";"False";"27/07/2026 10:55:18 +02:00";"984";"0";"984";"26/08/2026 10:15:30 +02:00";"26/08/2026 10:15:30 +02:00";"24/08/2026 11:17:45 +02:00";;;"HTTP 410 - ressource ou lien de pagination Graph expire/non disponible. Appel : GET /beta/auditLogs/signIns. Le controle correspondant est incomplet et interdit tout retrait de licence fonde sur cet appel.";
"CONSERVER - UTILISEE";"Activite Power BI reelle detectee dans Microsoft Purview Audit.";"KAPLANYAN, David";"david.kaplanyan@infopro-digital.com";"david.kaplanyan@infopro-digital.com";"True";"Member";"Power BI Pro";"POWER_BI_PRO | POWER_BI_STANDARD | STANDARDPACK";"02/07/2026 10:00:27 +02:00";"True";"28/05/2026 10:55:18 +02:00";"26/08/2026 10:55:18 +02:00";"35";"30/07/2026 15:49:23 +02:00";"26";"ViewReport";"True";"Non requise - activite Purview trouvee";"False";"27/07/2026 10:55:18 +02:00";"20";"0";"20";"20/08/2026 15:49:30 +02:00";"20/08/2026 15:49:30 +02:00";;;;"HTTP 410 - ressource ou lien de pagination Graph expire/non disponible. Appel : GET /beta/auditLogs/signIns. Le controle correspondant est incomplet et interdit tout retrait de licence fonde sur cet appel.";
"CONSERVER - UTILISEE";"Activite Power BI reelle detectee dans Microsoft Purview Audit.";"David Lamb";"david.lamb@infopro-digital.com";"David.Lamb@1lod.com";"True";"Member";"Power BI Pro";"DYN365_BUSCENTRAL_TEAM_MEMBER | ENTERPRISEPACK | FLOW_FREE | POWER_BI_PRO | POWER_BI_STANDARD";"11/03/2026 16:31:15 +01:00";"True";"28/05/2026 10:55:18 +02:00";"26/08/2026 10:55:18 +02:00";"5";"04/06/2026 23:58:16 +02:00";"82";"ViewReport";"True";"Non requise - activite Purview trouvee";"False";"27/07/2026 10:55:18 +02:00";"17";"0";"17";"21/08/2026 00:53:06 +02:00";"21/08/2026 00:53:06 +02:00";;;;"HTTP 410 - ressource ou lien de pagination Graph expire/non disponible. Appel : GET /beta/auditLogs/signIns. Le controle correspondant est incomplet et interdit tout retrait de licence fonde sur cet appel.";
"CONSERVER - UTILISEE";"Activite Power BI reelle detectee dans Microsoft Purview Audit.";"MARCHAND, David (EXT)";"david.marchand@infopro-digital.com";"david.marchand@infopro-digital.com";"True";"Member";"Power BI Pro";"ENTERPRISEPACK | FLOW_FREE | POWER_BI_PRO | POWER_BI_STANDARD";"29/07/2026 15:44:30 +02:00";"True";"28/05/2026 10:55:18 +02:00";"26/08/2026 10:55:18 +02:00";"69";"29/07/2026 17:30:10 +02:00";"27";"ViewReport";"True";"Non requise - activite Purview trouvee";"False";"27/07/2026 10:55:18 +02:00";"26";"0";"26";"20/08/2026 05:10:48 +02:00";"20/08/2026 05:10:48 +02:00";;;;"HTTP 410 - ressource ou lien de pagination Graph expire/non disponible. Appel : GET /beta/auditLogs/signIns. Le controle correspondant est incomplet et interdit tout retrait de licence fonde sur cet appel.";
"CONSERVER - UTILISEE";"Activite Power BI reelle detectee dans Microsoft Purview Audit.";"BLOT, Denis";"denis.blot@inovaxo.fr";"denis.blot@inovaxo.fr";"True";"Member";"Power BI Pro";"FLOW_FREE | POWER_BI_PRO | POWER_BI_STANDARD | STANDARDPACK";"23/05/2024 10:10:19 +02:00";"True";"28/05/2026 10:55:18 +02:00";"26/08/2026 10:55:18 +02:00";"14";"25/08/2026 11:51:17 +02:00";"0";"ViewReport";"True";"Non requise - activite Purview trouvee";"False";"27/07/2026 10:55:18 +02:00";"49";"0";"49";"25/08/2026 14:19:48 +02:00";"25/08/2026 14:19:48 +02:00";;;;"HTTP 410 - ressource ou lien de pagination Graph expire/non disponible. Appel : GET /beta/auditLogs/signIns. Le controle correspondant est incomplet et interdit tout retrait de licence fonde sur cet appel.";
"CONSERVER - UTILISEE";"Activite Power BI reelle detectee dans Microsoft Purview Audit.";"Dhruv Patel";"Dhruv.Patel@infopro-digital.com";"dhruv.patel@infopro-digital.com";"True";"Member";"Power BI Pro";"DYN365_BUSCENTRAL_ESSENTIAL | ENTERPRISEPACK | FLOW_FREE | MCOEV | POWER_BI_PRO | POWER_BI_STANDARD";"01/12/2023 10:29:01 +01:00";"True";"28/05/2026 10:55:18 +02:00";"26/08/2026 10:55:18 +02:00";"14";"23/07/2026 18:09:04 +02:00";"33";"ViewReport";"True";"Non requise - activite Purview trouvee";"False";"27/07/2026 10:55:18 +02:00";"7";"0";"7";"21/08/2026 01:10:00 +02:00";"21/08/2026 01:10:00 +02:00";;;;"HTTP 410 - ressource ou lien de pagination Graph expire/non disponible. Appel : GET /beta/auditLogs/signIns. Le controle correspondant est incomplet et interdit tout retrait de licence fonde sur cet appel.";
"CONSERVER - UTILISEE";"Activite Power BI reelle detectee dans Microsoft Purview Audit.";"FAYOLLE, Diane";"diane.fayolle@infopro-digital.com";"diane.fayolle@infopro-digital.com";"True";"Member";"Power BI Pro";"ENTERPRISEPACK | FLOW_FREE | POWER_BI_PRO | POWER_BI_STANDARD | PROJECTPROFESSIONAL | SMB_APPS";"14/11/2022 16:03:00 +01:00";"True";"28/05/2026 10:55:18 +02:00";"26/08/2026 10:55:18 +02:00";"35";"04/08/2026 11:18:30 +02:00";"21";"ViewReport";"True";"Non requise - activite Purview trouvee";"False";"27/07/2026 10:55:18 +02:00";"76";"0";"76";"25/08/2026 21:26:13 +02:00";"25/08/2026 21:26:13 +02:00";;;;"HTTP 410 - ressource ou lien de pagination Graph expire/non disponible. Appel : GET /beta/auditLogs/signIns. Le controle correspondant est incomplet et interdit tout retrait de licence fonde sur cet appel.";
"CONSERVER - UTILISEE";"Activite Power BI reelle detectee dans Microsoft Purview Audit.";"HIPPOLYTE, Diane";"diane.hippolyte@infopro-digital.com";"diane.hippolyte@infopro-digital.com";"True";"Member";"Power BI Pro";"POWER_BI_PRO | POWER_BI_STANDARD | STANDARDPACK";"16/05/2025 22:31:26 +02:00";"True";"28/05/2026 10:55:18 +02:00";"26/08/2026 10:55:18 +02:00";"5";"20/07/2026 15:44:04 +02:00";"36";"ViewReport";"True";"Non requise - activite Purview trouvee";"False";"27/07/2026 10:55:18 +02:00";"14";"0";"14";"25/08/2026 00:05:34 +02:00";"25/08/2026 00:05:34 +02:00";;;;"HTTP 410 - ressource ou lien de pagination Graph expire/non disponible. Appel : GET /beta/auditLogs/signIns. Le controle correspondant est incomplet et interdit tout retrait de licence fonde sur cet appel.";
"CONSERVER - UTILISEE";"Activite Power BI reelle detectee dans Microsoft Purview Audit.";"KRETSCHMER, Dietmar | BauNetz";"dietmar.kretschmer@infopro-digital.com";"kretschmer@baunetz.com";"True";"Member";"Power BI Pro";"FLOW_FREE | POWER_BI_PRO | POWER_BI_STANDARD | STANDARDPACK";"15/04/2025 11:01:33 +02:00";"True";"28/05/2026 10:55:18 +02:00";"26/08/2026 10:55:18 +02:00";"16";"19/08/2026 12:33:13 +02:00";"6";"ViewReport";"True";"Non requise - activite Purview trouvee";"False";"27/07/2026 10:55:18 +02:00";"22";"0";"22";"19/08/2026 15:28:42 +02:00";"19/08/2026 15:28:42 +02:00";;;;"HTTP 410 - ressource ou lien de pagination Graph expire/non disponible. Appel : GET /beta/auditLogs/signIns. Le controle correspondant est incomplet et interdit tout retrait de licence fonde sur cet appel.";
"CONSERVER - UTILISEE";"Activite Power BI reelle detectee dans Microsoft Purview Audit.";"DAMOALIGA, Dodava";"dodava.damoaliga@infopro-digital.com";"dodava.damoaliga@infopro-digital.com";"True";"Member";"Power BI Pro";"FLOW_FREE | POWER_BI_STANDARD | SPE_E5";"17/07/2025 10:55:27 +02:00";"True";"28/05/2026 10:55:18 +02:00";"26/08/2026 10:55:18 +02:00";"7";"24/08/2026 17:58:41 +02:00";"1";"GetSnapshots";"True";"Non requise - activite Purview trouvee";"False";"27/07/2026 10:55:18 +02:00";"41";"0";"41";"24/08/2026 18:28:47 +02:00";"24/08/2026 18:28:47 +02:00";;;;"HTTP 410 - ressource ou lien de pagination Graph expire/non disponible. Appel : GET /beta/auditLogs/signIns. Le controle correspondant est incomplet et interdit tout retrait de licence fonde sur cet appel.";
"CONSERVER - UTILISEE";"Activite Power BI reelle detectee dans Microsoft Purview Audit.";"Dominic Keegan";"dominic.keegan@infopro-digital.com";"dominic.keegan@infopro-digital.com";"True";"Member";"Power BI Pro";"ENTERPRISEPACK | MCOEV | Microsoft_Teams_Audio_Conferencing_select_dial_out | POWER_BI_PRO | POWER_BI_STANDARD";"09/07/2025 19:03:00 +02:00";"True";"28/05/2026 10:55:18 +02:00";"26/08/2026 10:55:18 +02:00";"119";"25/08/2026 21:00:12 +02:00";"0";"ViewReport";"True";"Non requise - activite Purview trouvee";"False";"27/07/2026 10:55:18 +02:00";"533";"0";"533";"25/08/2026 21:00:16 +02:00";"25/08/2026 21:00:16 +02:00";;;;"HTTP 410 - ressource ou lien de pagination Graph expire/non disponible. Appel : GET /beta/auditLogs/signIns. Le controle correspondant est incomplet et interdit tout retrait de licence fonde sur cet appel.";
"CONSERVER - UTILISEE";"Activite Power BI reelle detectee dans Microsoft Purview Audit.";"Doug Hausken";"Doug.Hausken@infopro-digital.com";"doug.hausken@infopro-digital.com";"True";"Member";"Power BI Pro";"ENTERPRISEPACK | FLOW_FREE | MCOEV | POWER_BI_PRO | POWER_BI_STANDARD";"11/03/2026 16:31:14 +01:00";"True";"28/05/2026 10:55:18 +02:00";"26/08/2026 10:55:18 +02:00";"11";"19/08/2026 16:28:45 +02:00";"6";"ViewReport";"True";"Non requise - activite Purview trouvee";"False";"27/07/2026 10:55:18 +02:00";"39";"0";"39";"19/08/2026 19:30:07 +02:00";"19/08/2026 19:30:07 +02:00";;;;"HTTP 410 - ressource ou lien de pagination Graph expire/non disponible. Appel : GET /beta/auditLogs/signIns. Le controle correspondant est incomplet et interdit tout retrait de licence fonde sur cet appel.";
"CONSERVER - UTILISEE";"Activite Power BI reelle detectee dans Microsoft Purview Audit.";"BARAKAOU, Dounia Laura";"dounia.barakaou@infopro-digital.com";"laura.barakaou@infopro-digital.com";"True";"Member";"Power BI Pro";"FLOW_FREE | POWER_BI_PRO | POWER_BI_STANDARD | STANDARDPACK";"05/06/2024 17:09:27 +02:00";"True";"28/05/2026 10:55:18 +02:00";"26/08/2026 10:55:18 +02:00";"212";"04/08/2026 01:15:39 +02:00";"22";"ExportArtifactDownload";"True";"Non requise - activite Purview trouvee";"False";"27/07/2026 10:55:18 +02:00";"26";"0";"26";"25/08/2026 09:26:19 +02:00";"25/08/2026 09:26:19 +02:00";;;;"HTTP 410 - ressource ou lien de pagination Graph expire/non disponible. Appel : GET /beta/auditLogs/signIns. Le controle correspondant est incomplet et interdit tout retrait de licence fonde sur cet appel.";
"CONSERVER - UTILISEE";"Activite Power BI reelle detectee dans Microsoft Purview Audit.";"Duncan Wood";"duncan.wood@infopro-digital.com";"duncan.wood@infopro-digital.com";"True";"Member";"Power BI Pro";"DYN365_BUSCENTRAL_TEAM_MEMBER | ENTERPRISEPACK | FLOW_FREE | MCOEV | Microsoft_Teams_Audio_Conferencing_select_dial_out | POWER_BI_PRO | POWER_BI_STANDARD";"16/05/2025 22:31:27 +02:00";"True";"28/05/2026 10:55:18 +02:00";"26/08/2026 10:55:18 +02:00";"186";"25/08/2026 11:43:50 +02:00";"0";"ViewReport";"True";"Non requise - activite Purview trouvee";"False";"27/07/2026 10:55:18 +02:00";"522";"0";"522";"25/08/2026 19:21:58 +02:00";"25/08/2026 19:21:58 +02:00";;;;"HTTP 410 - ressource ou lien de pagination Graph expire/non disponible. Appel : GET /beta/auditLogs/signIns. Le controle correspondant est incomplet et interdit tout retrait de licence fonde sur cet appel.";
"CONSERVER - UTILISEE";"Activite Power BI reelle detectee dans Microsoft Purview Audit.";"Ed Griffiths";"ed.griffiths@barbour-abi.com";"ed.griffiths@barbour-abi.com";"True";"Member";"Power BI Pro";"DYN365_BUSCENTRAL_ESSENTIAL | ENTERPRISEPACK | FLOW_FREE | POWER_BI_PRO | POWER_BI_STANDARD | POWERAPPS_DEV | POWERAPPS_VIRAL";"17/01/2024 10:44:38 +01:00";"True";"28/05/2026 10:55:18 +02:00";"26/08/2026 10:55:18 +02:00";"98";"26/08/2026 09:18:12 +02:00";"0";"ViewReport";"True";"Non requise - activite Purview trouvee";"False";"27/07/2026 10:55:18 +02:00";"403";"0";"403";"26/08/2026 09:18:18 +02:00";"26/08/2026 09:18:18 +02:00";"26/08/2026 09:12:14 +02:00";;;"HTTP 410 - ressource ou lien de pagination Graph expire/non disponible. Appel : GET /beta/auditLogs/signIns. Le controle correspondant est incomplet et interdit tout retrait de licence fonde sur cet appel.";
"CONSERVER - UTILISEE";"Activite Power BI reelle detectee dans Microsoft Purview Audit.";"Edie Chang";"Edie.Chang@infopro-digital.com";"Edie.Chang@infopro-digital.com";"True";"Member";"Power BI Pro";"ENTERPRISEPACK | MCOEV | POWER_BI_PRO | POWER_BI_STANDARD";"28/01/2026 09:55:06 +01:00";"True";"28/05/2026 10:55:18 +02:00";"26/08/2026 10:55:18 +02:00";"3";"02/06/2026 08:28:31 +02:00";"85";"ViewReport";"True";"Non requise - activite Purview trouvee";"False";"27/07/2026 10:55:18 +02:00";"21";"0";"21";"25/08/2026 13:39:13 +02:00";"25/08/2026 13:39:13 +02:00";;;;"HTTP 410 - ressource ou lien de pagination Graph expire/non disponible. Appel : GET /beta/auditLogs/signIns. Le controle correspondant est incomplet et interdit tout retrait de licence fonde sur cet appel.";
"CONSERVER - UTILISEE";"Activite Power BI reelle detectee dans Microsoft Purview Audit.";"Tikhomirova, Ekaterina";"Ekaterina.Tikhomirova@infopro-digital.com";"E.Tikhomirova@ibau.de";"True";"Member";"Power BI Pro";"ENTERPRISEPACK | FLOW_FREE | POWER_BI_PRO | POWER_BI_STANDARD";"22/05/2025 08:32:47 +02:00";"True";"28/05/2026 10:55:18 +02:00";"26/08/2026 10:55:18 +02:00";"84";"14/08/2026 10:39:29 +02:00";"12";"ViewReport";"True";"Non requise - activite Purview trouvee";"False";"27/07/2026 10:55:18 +02:00";"119";"0";"119";"26/08/2026 07:13:32 +02:00";"26/08/2026 07:13:32 +02:00";;;;"HTTP 410 - ressource ou lien de pagination Graph expire/non disponible. Appel : GET /beta/auditLogs/signIns. Le controle correspondant est incomplet et interdit tout retrait de licence fonde sur cet appel.";
"CONSERVER - UTILISEE";"Activite Power BI reelle detectee dans Microsoft Purview Audit.";"Eleanor Piotrowicz";"Eleanor.Piotrowicz@infopro-digital.com";"eleanor.piotrowicz@infopro-digital.com";"True";"Member";"Power BI Pro";"DYN365_BUSCENTRAL_TEAM_MEMBER | ENTERPRISEPACK | FLOW_FREE | MCOEV | POWER_BI_PRO | POWER_BI_STANDARD";"16/05/2025 22:31:22 +02:00";"True";"28/05/2026 10:55:18 +02:00";"26/08/2026 10:55:18 +02:00";"95";"26/08/2026 09:25:03 +02:00";"0";"ViewReport";"True";"Non requise - activite Purview trouvee";"False";"27/07/2026 10:55:18 +02:00";"196";"0";"196";"26/08/2026 09:25:08 +02:00";"26/08/2026 09:25:08 +02:00";;;;"HTTP 410 - ressource ou lien de pagination Graph expire/non disponible. Appel : GET /beta/auditLogs/signIns. Le controle correspondant est incomplet et interdit tout retrait de licence fonde sur cet appel.";
"CONSERVER - UTILISEE";"Activite Power BI reelle detectee dans Microsoft Purview Audit.";"Elina Patler";"elina.patler@infopro-digital.com";"elina.patler@infopro-digital.com";"True";"Member";"Power BI Pro";"ENTERPRISEPACK | FLOW_FREE | POWER_BI_PRO | POWER_BI_STANDARD";"11/03/2026 16:31:09 +01:00";"True";"28/05/2026 10:55:18 +02:00";"26/08/2026 10:55:18 +02:00";"8";"24/08/2026 16:54:14 +02:00";"1";"ViewReport";"True";"Non requise - activite Purview trouvee";"False";"27/07/2026 10:55:18 +02:00";"292";"0";"292";"25/08/2026 19:29:13 +02:00";"25/08/2026 19:29:13 +02:00";;;;"HTTP 410 - ressource ou lien de pagination Graph expire/non disponible. Appel : GET /beta/auditLogs/signIns. Le controle correspondant est incomplet et interdit tout retrait de licence fonde sur cet appel.";
"CONSERVER - UTILISEE";"Activite Power BI reelle detectee dans Microsoft Purview Audit.";"Elisabete Ferreira";"Elisabete.Ferreira@infopro-digital.com";"elisabete.ferreira@infopro-digital.com";"True";"Member";"Power BI Pro";"DYN365_BUSCENTRAL_ESSENTIAL | ENTERPRISEPACK | FLOW_FREE | MCOEV | POWER_BI_PRO | POWER_BI_STANDARD";"11/03/2026 16:31:14 +01:00";"True";"28/05/2026 10:55:18 +02:00";"26/08/2026 10:55:18 +02:00";"1";"16/07/2026 12:39:49 +02:00";"40";"ViewReport";"True";"Non requise - activite Purview trouvee";"False";"27/07/2026 10:55:18 +02:00";"14";"0";"14";"20/08/2026 23:01:20 +02:00";"20/08/2026 23:01:20 +02:00";;;;"HTTP 410 - ressource ou lien de pagination Graph expire/non disponible. Appel : GET /beta/auditLogs/signIns. Le controle correspondant est incomplet et interdit tout retrait de licence fonde sur cet appel.";
"CONSERVER - UTILISEE";"Activite Power BI reelle detectee dans Microsoft Purview Audit.";"URBACH, Elisabeth | Heinze";"elisabeth.urbach@infopro-digital.com";"Elisabeth.Urbach@heinze.de";"True";"Member";"Power BI Pro";"FLOW_FREE | POWER_BI_PRO | POWER_BI_STANDARD | STANDARDPACK";"15/04/2025 11:01:36 +02:00";"True";"28/05/2026 10:55:18 +02:00";"26/08/2026 10:55:18 +02:00";"49";"06/08/2026 08:29:26 +02:00";"20";"ViewReport";"True";"Non requise - activite Purview trouvee";"False";"27/07/2026 10:55:18 +02:00";"16";"0";"16";"10/08/2026 11:51:40 +02:00";"10/08/2026 11:51:40 +02:00";;;;"HTTP 410 - ressource ou lien de pagination Graph expire/non disponible. Appel : GET /beta/auditLogs/signIns. Le controle correspondant est incomplet et interdit tout retrait de licence fonde sur cet appel.";
"CONSERVER - UTILISEE";"Activite Power BI reelle detectee dans Microsoft Purview Audit.";"CAMUS, Elise";"elise.camus@infopro-digital.com";"elise.camus@infopro-digital.com";"True";"Member";"Power BI Pro";"ENTERPRISEPACK | FLOW_FREE | POWER_BI_PRO | POWER_BI_STANDARD";"08/07/2025 14:27:42 +02:00";"True";"28/05/2026 10:55:18 +02:00";"26/08/2026 10:55:18 +02:00";"46";"26/08/2026 09:36:25 +02:00";"0";"ViewReport";"True";"Non requise - activite Purview trouvee";"False";"27/07/2026 10:55:18 +02:00";"52";"0";"52";"26/08/2026 10:38:41 +02:00";"26/08/2026 10:38:41 +02:00";;;;"HTTP 410 - ressource ou lien de pagination Graph expire/non disponible. Appel : GET /beta/auditLogs/signIns. Le controle correspondant est incomplet et interdit tout retrait de licence fonde sur cet appel.";
"CONSERVER - UTILISEE";"Activite Power BI reelle detectee dans Microsoft Purview Audit.";"DA SILVA, Elise";"elise.da-silva@infopro-digital.com";"elise.da-silva@lsa.fr";"True";"Member";"Power BI Pro";"FLOW_FREE | POWER_BI_PRO | POWER_BI_STANDARD | STANDARDPACK";"11/10/2024 14:55:58 +02:00";"True";"28/05/2026 10:55:18 +02:00";"26/08/2026 10:55:18 +02:00";"18";"15/07/2026 14:07:26 +02:00";"41";"ViewReport";"True";"Non requise - activite Purview trouvee";"False";"27/07/2026 10:55:18 +02:00";"11";"0";"11";"19/08/2026 16:24:38 +02:00";"19/08/2026 16:24:38 +02:00";;;;"HTTP 410 - ressource ou lien de pagination Graph expire/non disponible. Appel : GET /beta/auditLogs/signIns. Le controle correspondant est incomplet et interdit tout retrait de licence fonde sur cet appel.";
"CONSERVER - UTILISEE";"Activite Power BI reelle detectee dans Microsoft Purview Audit.";"Elizabeth Locke";"Elizabeth.Locke@infopro-digital.com";"elizabeth.locke@centralbanking.com";"True";"Member";"Power BI Pro";"DYN365_BUSCENTRAL_TEAM_MEMBER | ENTERPRISEPACK | MCOEV | POWER_BI_PRO | POWER_BI_STANDARD";"24/02/2026 19:50:40 +01:00";"True";"28/05/2026 10:55:18 +02:00";"26/08/2026 10:55:18 +02:00";"15";"14/08/2026 15:55:12 +02:00";"11";"ViewReport";"True";"Non requise - activite Purview trouvee";"False";"27/07/2026 10:55:18 +02:00";"115";"0";"115";"14/08/2026 15:55:19 +02:00";"14/08/2026 15:55:19 +02:00";;;;"HTTP 410 - ressource ou lien de pagination Graph expire/non disponible. Appel : GET /beta/auditLogs/signIns. Le controle correspondant est incomplet et interdit tout retrait de licence fonde sur cet appel.";
"CONSERVER - UTILISEE";"Activite Power BI reelle detectee dans Microsoft Purview Audit.";"HALLUNG, Elke | BauNetz";"elke.hallung@infopro-digital.com";"hallung@baunetz.com";"True";"Member";"Power BI Pro";"FLOW_FREE | POWER_BI_PRO | POWER_BI_STANDARD | STANDARDPACK";"15/04/2025 11:01:37 +02:00";"True";"28/05/2026 10:55:18 +02:00";"26/08/2026 10:55:18 +02:00";"116";"19/08/2026 13:43:34 +02:00";"6";"ExportReport";"True";"Non requise - activite Purview trouvee";"False";"27/07/2026 10:55:18 +02:00";"134";"0";"134";"19/08/2026 14:11:11 +02:00";"19/08/2026 14:11:11 +02:00";;;;"HTTP 410 - ressource ou lien de pagination Graph expire/non disponible. Appel : GET /beta/auditLogs/signIns. Le controle correspondant est incomplet et interdit tout retrait de licence fonde sur cet appel.";
"CONSERVER - UTILISEE";"Activite Power BI reelle detectee dans Microsoft Purview Audit.";"CASTILLO, Elodie";"elodie.castillo@infopro-digital.com";"e.castillo@toute-la-franchise.com";"True";"Member";"Power BI Pro";"FLOW_FREE | POWER_BI_PRO | POWER_BI_STANDARD | STANDARDPACK";"31/07/2025 16:47:04 +02:00";"True";"28/05/2026 10:55:18 +02:00";"26/08/2026 10:55:18 +02:00";"18";"18/08/2026 09:47:07 +02:00";"8";"ExportReport";"True";"Non requise - activite Purview trouvee";"False";"27/07/2026 10:55:18 +02:00";"21";"0";"21";"18/08/2026 09:17:17 +02:00";"18/08/2026 09:17:17 +02:00";;;;"HTTP 410 - ressource ou lien de pagination Graph expire/non disponible. Appel : GET /beta/auditLogs/signIns. Le controle correspondant est incomplet et interdit tout retrait de licence fonde sur cet appel.";
"CONSERVER - UTILISEE";"Activite Power BI reelle detectee dans Microsoft Purview Audit.";"Eloise PIETTE-SEMERIL";"eloise.piette@vecteurplus.com";"eloise.piette@vecteurplus.com";"True";"Member";"Power BI Pro";"ENTERPRISEPACK | FLOW_FREE | POWER_BI_PRO";"04/11/2025 12:45:15 +01:00";"True";"28/05/2026 10:55:18 +02:00";"26/08/2026 10:55:18 +02:00";"67";"25/08/2026 16:35:43 +02:00";"0";"EditDataset";"True";"Non requise - activite Purview trouvee";"False";"27/07/2026 10:55:18 +02:00";"139";"0";"139";"26/08/2026 09:03:30 +02:00";"26/08/2026 09:03:30 +02:00";"26/08/2026 09:01:58 +02:00";;;"HTTP 410 - ressource ou lien de pagination Graph expire/non disponible. Appel : GET /beta/auditLogs/signIns. Le controle correspondant est incomplet et interdit tout retrait de licence fonde sur cet appel.";
"CONSERVER - UTILISEE";"Activite Power BI reelle detectee dans Microsoft Purview Audit.";"QUINT, Eloise";"eloise.quint@infopro-digital.com";"e.quint@toute-la-franchise.com";"True";"Member";"Power BI Pro";"FLOW_FREE | POWER_BI_PRO | POWER_BI_STANDARD | STANDARDPACK";"31/12/2025 10:54:51 +01:00";"True";"28/05/2026 10:55:18 +02:00";"26/08/2026 10:55:18 +02:00";"19";"31/07/2026 10:07:56 +02:00";"26";"ViewReport";"True";"Non requise - activite Purview trouvee";"False";"27/07/2026 10:55:18 +02:00";"17";"0";"17";"21/08/2026 18:30:09 +02:00";"21/08/2026 18:30:09 +02:00";;;;"HTTP 410 - ressource ou lien de pagination Graph expire/non disponible. Appel : GET /beta/auditLogs/signIns. Le controle correspondant est incomplet et interdit tout retrait de licence fonde sur cet appel.";
"CONSERVER - UTILISEE";"Activite Power BI reelle detectee dans Microsoft Purview Audit.";"LENCLUD, Elsa";"elsa.lenclud@infopro-digital.com";"elsa.lenclud@infopro-digital.com";"True";"Member";"Power BI Pro";"FLOW_FREE | POWER_BI_PRO | POWER_BI_STANDARD | STANDARDPACK";"22/12/2025 12:00:35 +01:00";"True";"28/05/2026 10:55:18 +02:00";"26/08/2026 10:55:18 +02:00";"72";"29/07/2026 09:56:50 +02:00";"28";"ExportReport";"True";"Non requise - activite Purview trouvee";"False";"27/07/2026 10:55:18 +02:00";"20";"0";"20";"26/08/2026 10:09:56 +02:00";"26/08/2026 10:09:56 +02:00";;;;"HTTP 410 - ressource ou lien de pagination Graph expire/non disponible. Appel : GET /beta/auditLogs/signIns. Le controle correspondant est incomplet et interdit tout retrait de licence fonde sur cet appel.";
"CONSERVER - UTILISEE";"Activite Power BI reelle detectee dans Microsoft Purview Audit.";"CARETTE, Emilie";"emilie.carette@infopro-digital.com";"emilie.carette@infopro-digital.com";"True";"Member";"Power BI Pro";"CCIBOTS_PRIVPREV_VIRAL | FLOW_FREE | Microsoft_Copilot_for_Finance_trial | POWER_BI_STANDARD | POWERAPPS_DEV | POWERAPPS_VIRAL | SPE_E5 | STREAM";"31/10/2025 14:55:36 +01:00";"True";"28/05/2026 10:55:18 +02:00";"26/08/2026 10:55:18 +02:00";"6";"24/08/2026 15:32:35 +02:00";"1";"AnalyzedByExternalApplication";"True";"Non requise - activite Purview trouvee";"False";"27/07/2026 10:55:18 +02:00";"710";"0";"710";"25/08/2026 12:13:47 +02:00";"25/08/2026 12:13:47 +02:00";;;;"HTTP 410 - ressource ou lien de pagination Graph expire/non disponible. Appel : GET /beta/auditLogs/signIns. Le controle correspondant est incomplet et interdit tout retrait de licence fonde sur cet appel.";
"CONSERVER - UTILISEE";"Activite Power BI reelle detectee dans Microsoft Purview Audit.";"LE BOT, Emilie";"emilie.le-bot@red-on-line.com";"emilie.le-bot@red-on-line.com";"True";"Member";"Power BI Pro";"ENTERPRISEPACK | FLOW_FREE | POWER_BI_PRO | POWER_BI_STANDARD | STREAM";"14/04/2025 09:50:30 +02:00";"True";"28/05/2026 10:55:18 +02:00";"26/08/2026 10:55:18 +02:00";"1";"03/07/2026 09:38:47 +02:00";"54";"ViewReport";"True";"Non requise - activite Purview trouvee";"False";"27/07/2026 10:55:18 +02:00";"19";"0";"19";"26/08/2026 05:03:26 +02:00";"26/08/2026 05:03:26 +02:00";;;;"HTTP 410 - ressource ou lien de pagination Graph expire/non disponible. Appel : GET /beta/auditLogs/signIns. Le controle correspondant est incomplet et interdit tout retrait de licence fonde sur cet appel.";
"CONSERVER - UTILISEE";"Activite Power BI reelle detectee dans Microsoft Purview Audit.";"PECASSOU, Emilie";"emilie.pecassou@infopro-digital.com";"emilie.pecassou@infopro-digital.com";"True";"Member";"Power BI Pro";"ENTERPRISEPACK | FLOW_FREE | POWER_BI_PRO | POWER_BI_STANDARD | VISIOCLIENT";"09/10/2025 12:15:04 +02:00";"True";"28/05/2026 10:55:18 +02:00";"26/08/2026 10:55:18 +02:00";"17";"24/07/2026 10:36:37 +02:00";"33";"ViewReport";"True";"Non requise - activite Purview trouvee";"False";"27/07/2026 10:55:18 +02:00";"11";"0";"11";"23/08/2026 22:09:11 +02:00";"23/08/2026 22:09:11 +02:00";;;;"HTTP 410 - ressource ou lien de pagination Graph expire/non disponible. Appel : GET /beta/auditLogs/signIns. Le controle correspondant est incomplet et interdit tout retrait de licence fonde sur cet appel.";
"CONSERVER - UTILISEE";"Activite Power BI reelle detectee dans Microsoft Purview Audit.";"NGUYEN, Emilie-Xuan";"emilie-xuan.nguyen@infopro-digital.com";"emilie-xuan.nguyen@infopro-digital.com";"True";"Member";"Power BI Pro";"FLOW_FREE | POWER_BI_PRO | POWER_BI_STANDARD | STANDARDPACK";"21/03/2023 15:39:40 +01:00";"True";"28/05/2026 10:55:18 +02:00";"26/08/2026 10:55:18 +02:00";"44";"18/08/2026 12:49:08 +02:00";"7";"ViewReport";"True";"Non requise - activite Purview trouvee";"False";"27/07/2026 10:55:18 +02:00";"19";"0";"19";"18/08/2026 13:20:36 +02:00";"18/08/2026 13:20:36 +02:00";;;;"HTTP 410 - ressource ou lien de pagination Graph expire/non disponible. Appel : GET /beta/auditLogs/signIns. Le controle correspondant est incomplet et interdit tout retrait de licence fonde sur cet appel.";
"CONSERVER - UTILISEE";"Activite Power BI reelle detectee dans Microsoft Purview Audit.";"Emma Hughes";"Emma.Hughes@infopro-digital.com";"emma.hughes@infopro-digital.com";"True";"Member";"Power BI Pro";"DYN365_BUSCENTRAL_TEAM_MEMBER | ENTERPRISEPACK | FLOW_FREE | MCOEV | POWER_BI_PRO | POWER_BI_STANDARD";"19/07/2025 11:32:40 +02:00";"True";"28/05/2026 10:55:18 +02:00";"26/08/2026 10:55:18 +02:00";"41";"24/08/2026 09:44:40 +02:00";"2";"ViewReport";"True";"Non requise - activite Purview trouvee";"False";"27/07/2026 10:55:18 +02:00";"76";"0";"76";"24/08/2026 12:11:54 +02:00";"24/08/2026 12:11:54 +02:00";;;;"HTTP 410 - ressource ou lien de pagination Graph expire/non disponible. Appel : GET /beta/auditLogs/signIns. Le controle correspondant est incomplet et interdit tout retrait de licence fonde sur cet appel.";
"CONSERVER - UTILISEE";"Activite Power BI reelle detectee dans Microsoft Purview Audit.";"SOLHEIM POISSON, Emma";"emma.solheim-poisson@infopro-digital.com";"emma.solheim-poisson@companeo.com";"True";"Member";"Power BI Pro";"ENTERPRISEPACK | POWER_BI_PRO | POWER_BI_STANDARD";"01/04/2025 14:03:59 +02:00";"True";"28/05/2026 10:55:18 +02:00";"26/08/2026 10:55:18 +02:00";"3";"10/08/2026 18:18:24 +02:00";"15";"ViewReport";"True";"Non requise - activite Purview trouvee";"False";"27/07/2026 10:55:18 +02:00";"25";"0";"25";"10/08/2026 18:18:30 +02:00";"10/08/2026 18:18:30 +02:00";;;;"HTTP 410 - ressource ou lien de pagination Graph expire/non disponible. Appel : GET /beta/auditLogs/signIns. Le controle correspondant est incomplet et interdit tout retrait de licence fonde sur cet appel.";
"CONSERVER - UTILISEE";"Activite Power BI reelle detectee dans Microsoft Purview Audit.";"CHAMPETIER DE RIBES, Emmanuel";"emmanuel.champetier@infopro-digital.com";"emmanuel.champetier@infopro-digital.com";"True";"Member";"Power BI Pro";"ENTERPRISEPACK | FLOW_FREE | POWER_BI_PRO | POWER_BI_STANDARD";"03/11/2025 11:43:05 +01:00";"True";"28/05/2026 10:55:18 +02:00";"26/08/2026 10:55:18 +02:00";"95";"19/08/2026 10:04:12 +02:00";"7";"ViewReport";"True";"Non requise - activite Purview trouvee";"False";"27/07/2026 10:55:18 +02:00";"53";"0";"53";"20/08/2026 09:01:07 +02:00";"20/08/2026 09:01:07 +02:00";;;;"HTTP 410 - ressource ou lien de pagination Graph expire/non disponible. Appel : GET /beta/auditLogs/signIns. Le controle correspondant est incomplet et interdit tout retrait de licence fonde sur cet appel.";
"CONSERVER - UTILISEE";"Activite Power BI reelle detectee dans Microsoft Purview Audit.";"Emmanuel Kenning";"emmanuel.kenning@infopro-digital.com";"emmanuel.kenning@infopro-digital.com";"True";"Member";"Power BI Pro";"ENTERPRISEPACK | FLOW_FREE | MCOEV | POWER_BI_PRO | POWER_BI_STANDARD";"15/07/2025 14:24:05 +02:00";"True";"28/05/2026 10:55:18 +02:00";"26/08/2026 10:55:18 +02:00";"21";"11/08/2026 12:08:57 +02:00";"14";"ViewReport";"True";"Non requise - activite Purview trouvee";"False";"27/07/2026 10:55:18 +02:00";"36";"0";"36";"11/08/2026 12:09:03 +02:00";"11/08/2026 12:09:03 +02:00";;;;"HTTP 410 - ressource ou lien de pagination Graph expire/non disponible. Appel : GET /beta/auditLogs/signIns. Le controle correspondant est incomplet et interdit tout retrait de licence fonde sur cet appel.";
"CONSERVER - UTILISEE";"Activite Power BI reelle detectee dans Microsoft Purview Audit.";"THIERRY, Eric";"eric.thierry@infopro-digital.com";"eric.thierry@infopro-digital.com";"True";"Member";"Power BI Pro";"FLOW_FREE | Microsoft_365_Copilot | POWER_BI_STANDARD | SPE_E5";"17/07/2025 10:55:31 +02:00";"True";"28/05/2026 10:55:18 +02:00";"26/08/2026 10:55:18 +02:00";"14";"19/08/2026 11:10:43 +02:00";"6";"EditDataset";"True";"Non requise - activite Purview trouvee";"False";"27/07/2026 10:55:18 +02:00";"111";"2";"109";"26/08/2026 10:31:36 +02:00";"26/08/2026 10:31:36 +02:00";"26/08/2026 10:31:09 +02:00";;;"HTTP 410 - ressource ou lien de pagination Graph expire/non disponible. Appel : GET /beta/auditLogs/signIns. Le controle correspondant est incomplet et interdit tout retrait de licence fonde sur cet appel.";
"CONSERVER - UTILISEE";"Activite Power BI reelle detectee dans Microsoft Purview Audit.";"ARIJS Estelle";"estelle.arijs@ebp.be";"estelle.arijs@ebp.be";"True";"Member";"Power BI Pro";"ENTERPRISEPACK | FLOW_FREE | POWER_BI_PRO | POWER_BI_STANDARD | STREAM";"19/12/2024 15:32:14 +01:00";"True";"28/05/2026 10:55:18 +02:00";"26/08/2026 10:55:18 +02:00";"2";"10/06/2026 11:09:02 +02:00";"76";"ViewReport";"True";"Non requise - activite Purview trouvee";"False";"27/07/2026 10:55:18 +02:00";"18";"0";"18";"19/08/2026 11:53:34 +02:00";"19/08/2026 11:53:34 +02:00";;;;"HTTP 410 - ressource ou lien de pagination Graph expire/non disponible. Appel : GET /beta/auditLogs/signIns. Le controle correspondant est incomplet et interdit tout retrait de licence fonde sur cet appel.";
"CONSERVER - UTILISEE";"Activite Power BI reelle detectee dans Microsoft Purview Audit.";"Ethel Sarkodie";"Ethel.Sarkodie@infopro-digital.com";"Ethel.Sarkodie@infopro-digital.com";"True";"Member";"Power BI Pro";"MCOEV | POWER_BI_PRO | POWER_BI_STANDARD | SPE_E3";"16/12/2025 10:47:37 +01:00";"True";"28/05/2026 10:55:18 +02:00";"26/08/2026 10:55:18 +02:00";"216";"25/08/2026 16:41:11 +02:00";"0";"ViewReport";"True";"Non requise - activite Purview trouvee";"False";"27/07/2026 10:55:18 +02:00";"1005";"0";"1005";"26/08/2026 10:44:22 +02:00";"26/08/2026 10:44:22 +02:00";;;;"HTTP 410 - ressource ou lien de pagination Graph expire/non disponible. Appel : GET /beta/auditLogs/signIns. Le controle correspondant est incomplet et interdit tout retrait de licence fonde sur cet appel.";
"CONSERVER - UTILISEE";"Activite Power BI reelle detectee dans Microsoft Purview Audit.";"DEGRAVE, Eve";"eve.degrave@infopro-digital.com";"eve.degrave@infopro-digital.com";"True";"Member";"Power BI Pro";"FLOW_FREE | POWER_BI_STANDARD | POWERAPPS_DEV | SPE_E5 | VISIOCLIENT";"30/10/2025 16:03:41 +01:00";"True";"28/05/2026 10:55:18 +02:00";"26/08/2026 10:55:18 +02:00";"39";"02/07/2026 09:54:07 +02:00";"55";"ViewReport";"True";"Non requise - activite Purview trouvee";"False";"27/07/2026 10:55:18 +02:00";"18";"0";"18";"20/08/2026 21:14:32 +02:00";"20/08/2026 21:14:32 +02:00";;;;"HTTP 410 - ressource ou lien de pagination Graph expire/non disponible. Appel : GET /beta/auditLogs/signIns. Le controle correspondant est incomplet et interdit tout retrait de licence fonde sur cet appel.";
"CONSERVER - UTILISEE";"Activite Power BI reelle detectee dans Microsoft Purview Audit.";"DURAND Fabien";"fabien.durand@vecteurplus.com";"fabien.durand@vecteurplus.com";"True";"Member";"Power BI Pro";"FLOW_FREE | POWER_BI_STANDARD | SPE_E5 | VISIOCLIENT";"16/01/2026 09:25:02 +01:00";"True";"28/05/2026 10:55:18 +02:00";"26/08/2026 10:55:18 +02:00";"40";"05/08/2026 16:28:01 +02:00";"20";"GetSnapshots";"True";"Non requise - activite Purview trouvee";"False";"27/07/2026 10:55:18 +02:00";"76";"0";"76";"05/08/2026 16:28:00 +02:00";"05/08/2026 16:28:00 +02:00";;;;"HTTP 410 - ressource ou lien de pagination Graph expire/non disponible. Appel : GET /beta/auditLogs/signIns. Le controle correspondant est incomplet et interdit tout retrait de licence fonde sur cet appel.";
"CONSERVER - UTILISEE";"Activite Power BI reelle detectee dans Microsoft Purview Audit.";"LIM, Fabien";"fabien.lim@infopro-digital.com";"fabien.lim@infopro-digital.com";"True";"Member";"Power BI Pro";"FLOW_FREE | POWER_BI_PRO | POWER_BI_STANDARD | STANDARDPACK";"30/07/2026 09:45:14 +02:00";"True";"28/05/2026 10:55:18 +02:00";"26/08/2026 10:55:18 +02:00";"30";"25/08/2026 15:10:18 +02:00";"0";"ViewReport";"True";"Non requise - activite Purview trouvee";"False";"27/07/2026 10:55:18 +02:00";"90";"0";"90";"25/08/2026 15:10:24 +02:00";"25/08/2026 15:10:24 +02:00";;;;"HTTP 410 - ressource ou lien de pagination Graph expire/non disponible. Appel : GET /beta/auditLogs/signIns. Le controle correspondant est incomplet et interdit tout retrait de licence fonde sur cet appel.";
"CONSERVER - UTILISEE";"Activite Power BI reelle detectee dans Microsoft Purview Audit.";"ROUVIER, Fabien";"fabien.rouvier@infopro-digital.com";"fabien.rouvier@infopro-digital.com";"True";"Member";"Power BI Pro";"ENTERPRISEPACK | FLOW_FREE | Microsoft_Teams_Audio_Conferencing_select_dial_out | POWER_BI_PRO | POWER_BI_STANDARD";"27/05/2021 16:43:06 +02:00";"True";"28/05/2026 10:55:18 +02:00";"26/08/2026 10:55:18 +02:00";"111";"18/08/2026 15:53:55 +02:00";"7";"ExportReport";"True";"Non requise - activite Purview trouvee";"False";"27/07/2026 10:55:18 +02:00";"142";"0";"142";"19/08/2026 11:21:40 +02:00";"19/08/2026 11:21:40 +02:00";;;;"HTTP 410 - ressource ou lien de pagination Graph expire/non disponible. Appel : GET /beta/auditLogs/signIns. Le controle correspondant est incomplet et interdit tout retrait de licence fonde sur cet appel.";
"CONSERVER - UTILISEE";"Activite Power BI reelle detectee dans Microsoft Purview Audit.";"BARBIER, Fabienne";"fabienne.barbier@infopro-digital.com";"fabienne.barbier@infopro-digital.com";"True";"Member";"Power BI Pro";"FLOW_FREE | POWER_BI_PRO | POWER_BI_STANDARD | STANDARDPACK";"16/01/2024 17:19:12 +01:00";"True";"28/05/2026 10:55:18 +02:00";"26/08/2026 10:55:18 +02:00";"16";"24/08/2026 11:13:13 +02:00";"1";"ViewReport";"True";"Non requise - activite Purview trouvee";"False";"27/07/2026 10:55:18 +02:00";"39";"0";"39";"24/08/2026 11:44:32 +02:00";"24/08/2026 11:44:32 +02:00";;;;"HTTP 410 - ressource ou lien de pagination Graph expire/non disponible. Appel : GET /beta/auditLogs/signIns. Le controle correspondant est incomplet et interdit tout retrait de licence fonde sur cet appel.";
"CONSERVER - UTILISEE";"Activite Power BI reelle detectee dans Microsoft Purview Audit.";"GERMOND, Fabienne";"fabienne.germond@infopro-digital.com";"fabienne.germond@infopro-digital.com";"True";"Member";"Power BI Pro";"DYN365_BUSCENTRAL_TEAM_MEMBER | ENTERPRISEPACK | FLOW_FREE | POWER_BI_PRO | POWER_BI_STANDARD | STREAM";"09/02/2024 10:54:17 +01:00";"True";"28/05/2026 10:55:18 +02:00";"26/08/2026 10:55:18 +02:00";"83";"25/08/2026 15:47:05 +02:00";"0";"ExportReport";"True";"Non requise - activite Purview trouvee";"False";"27/07/2026 10:55:18 +02:00";"59";"0";"59";"25/08/2026 18:39:54 +02:00";"25/08/2026 18:39:54 +02:00";;;;"HTTP 410 - ressource ou lien de pagination Graph expire/non disponible. Appel : GET /beta/auditLogs/signIns. Le controle correspondant est incomplet et interdit tout retrait de licence fonde sur cet appel.";
"CONSERVER - UTILISEE";"Activite Power BI reelle detectee dans Microsoft Purview Audit.";"TAYLOR, Fabienne";"fabienne.taylor@infopro-digital.com";"fabienne.taylor@infopro-digital.com";"True";"Member";"Power BI Pro";"ENTERPRISEPACK | POWER_BI_PRO | POWER_BI_STANDARD | SMB_APPS";"07/02/2024 09:58:47 +01:00";"True";"28/05/2026 10:55:18 +02:00";"26/08/2026 10:55:18 +02:00";"151";"26/08/2026 09:06:36 +02:00";"0";"ViewReport";"True";"Non requise - activite Purview trouvee";"False";"27/07/2026 10:55:18 +02:00";"38";"0";"38";"26/08/2026 09:06:40 +02:00";"26/08/2026 09:06:40 +02:00";;;;"HTTP 410 - ressource ou lien de pagination Graph expire/non disponible. Appel : GET /beta/auditLogs/signIns. Le controle correspondant est incomplet et interdit tout retrait de licence fonde sur cet appel.";
"CONSERVER - UTILISEE";"Activite Power BI reelle detectee dans Microsoft Purview Audit.";"GIARRIZZO, Fabio";"fabio.giarrizzo@infopro-digital.com";"fabio.giarrizzo@infopro-digital.com";"True";"Member";"Power BI Pro";"ENTERPRISEPACK | FLOW_FREE | POWER_BI_PRO | POWER_BI_STANDARD";"15/04/2026 09:05:11 +02:00";"True";"28/05/2026 10:55:18 +02:00";"26/08/2026 10:55:18 +02:00";"29";"11/08/2026 10:03:47 +02:00";"15";"ViewReport";"True";"Non requise - activite Purview trouvee";"False";"27/07/2026 10:55:18 +02:00";"84";"0";"84";"12/08/2026 13:35:32 +02:00";"12/08/2026 13:35:32 +02:00";;;;"HTTP 410 - ressource ou lien de pagination Graph expire/non disponible. Appel : GET /beta/auditLogs/signIns. Le controle correspondant est incomplet et interdit tout retrait de licence fonde sur cet appel.";
"CONSERVER - UTILISEE";"Activite Power BI reelle detectee dans Microsoft Purview Audit.";"Fabio Palacios";"fabio.palacios@infopro-digital.com";"fabio.palacios@infopro-digital.com";"True";"Member";"Power BI Pro";"ENTERPRISEPACK | FLOW_FREE | POWER_BI_PRO | POWER_BI_STANDARD";"10/02/2026 17:23:18 +01:00";"True";"28/05/2026 10:55:18 +02:00";"26/08/2026 10:55:18 +02:00";"116";"26/08/2026 08:10:31 +02:00";"0";"ViewReport";"True";"Non requise - activite Purview trouvee";"False";"27/07/2026 10:55:18 +02:00";"366";"0";"366";"26/08/2026 10:49:30 +02:00";"26/08/2026 10:49:30 +02:00";"26/08/2026 10:36:13 +02:00";;;"HTTP 410 - ressource ou lien de pagination Graph expire/non disponible. Appel : GET /beta/auditLogs/signIns. Le controle correspondant est incomplet et interdit tout retrait de licence fonde sur cet appel.";
"CONSERVER - UTILISEE";"Activite Power BI reelle detectee dans Microsoft Purview Audit.";"CONTREL, Fabrice";"fabrice.contrel@infopro-digital.com";"fabrice.contrel@infopro-digital.com";"True";"Member";"Power BI Pro";"DYN365_BUSCENTRAL_TEAM_MEMBER | ENTERPRISEPACK | FLOW_FREE | POWER_BI_PRO | POWER_BI_STANDARD";"24/11/2023 12:37:55 +01:00";"True";"28/05/2026 10:55:18 +02:00";"26/08/2026 10:55:18 +02:00";"18";"31/07/2026 14:09:38 +02:00";"25";"ViewReport";"True";"Non requise - activite Purview trouvee";"False";"27/07/2026 10:55:18 +02:00";"19";"0";"19";"22/08/2026 01:05:57 +02:00";"22/08/2026 01:05:57 +02:00";;;;"HTTP 410 - ressource ou lien de pagination Graph expire/non disponible. Appel : GET /beta/auditLogs/signIns. Le controle correspondant est incomplet et interdit tout retrait de licence fonde sur cet appel.";
"CONSERVER - UTILISEE";"Activite Power BI reelle detectee dans Microsoft Purview Audit.";"MADODE Fabrice";"fabrice.madode@vecteurplus.com";"fabrice.madode@vecteurplus.com";"True";"Member";"Power BI Pro";"ENTERPRISEPACK | FLOW_FREE | POWER_BI_PRO";"04/11/2025 12:45:15 +01:00";"True";"28/05/2026 10:55:18 +02:00";"26/08/2026 10:55:18 +02:00";"29";"07/08/2026 14:23:38 +02:00";"18";"EditDataset";"True";"Non requise - activite Purview trouvee";"False";"27/07/2026 10:55:18 +02:00";"45";"0";"45";"14/08/2026 08:30:53 +02:00";"14/08/2026 08:30:53 +02:00";"14/08/2026 08:29:44 +02:00";;;"HTTP 410 - ressource ou lien de pagination Graph expire/non disponible. Appel : GET /beta/auditLogs/signIns. Le controle correspondant est incomplet et interdit tout retrait de licence fonde sur cet appel.";
"CONSERVER - UTILISEE";"Activite Power BI reelle detectee dans Microsoft Purview Audit.";"Farhan Arif";"farhan.arif@infopro-digital.com";"farhan.arif@infopro-digital.com";"True";"Member";"Power BI Pro";"CCIBOTS_PRIVPREV_VIRAL | DYN365_BUSCENTRAL_ESSENTIAL | ENTERPRISEPACK | FLOW_FREE | MCOEV | POWER_BI_PRO | POWER_BI_STANDARD";"29/05/2025 12:04:01 +02:00";"True";"28/05/2026 10:55:18 +02:00";"26/08/2026 10:55:18 +02:00";"2";"06/08/2026 10:43:19 +02:00";"20";"ViewReport";"True";"Non requise - activite Purview trouvee";"False";"27/07/2026 10:55:18 +02:00";"25";"0";"25";"21/08/2026 15:44:13 +02:00";"21/08/2026 15:44:13 +02:00";;;;"HTTP 410 - ressource ou lien de pagination Graph expire/non disponible. Appel : GET /beta/auditLogs/signIns. Le controle correspondant est incomplet et interdit tout retrait de licence fonde sur cet appel.";
"CONSERVER - UTILISEE";"Activite Power BI reelle detectee dans Microsoft Purview Audit.";"COULIBALY, Fatouma";"fatouma.coulibaly@infopro-digital.com";"fatouma.coulibaly@infopro-digital.com";"True";"Member";"Power BI Pro";"FLOW_FREE | POWER_BI_PRO | POWER_BI_STANDARD | STANDARDPACK";"08/07/2026 14:44:36 +02:00";"True";"28/05/2026 10:55:18 +02:00";"26/08/2026 10:55:18 +02:00";"22";"05/08/2026 18:41:25 +02:00";"20";"ViewReport";"True";"Non requise - activite Purview trouvee";"False";"27/07/2026 10:55:18 +02:00";"149";"0";"149";"19/08/2026 13:27:01 +02:00";"19/08/2026 13:27:01 +02:00";"12/08/2026 14:50:25 +02:00";;;"HTTP 410 - ressource ou lien de pagination Graph expire/non disponible. Appel : GET /beta/auditLogs/signIns. Le controle correspondant est incomplet et interdit tout retrait de licence fonde sur cet appel.";
"CONSERVER - UTILISEE";"Activite Power BI reelle detectee dans Microsoft Purview Audit.";"Fiorella Diaz";"Fiorella.Diaz@infopro-digital.com";"Fiorella.Diaz@infopro-digital.com";"True";"Member";"Power BI Pro";"DYN365_BUSCENTRAL_TEAM_MEMBER | ENTERPRISEPACK | FLOW_FREE | POWER_BI_PRO | POWER_BI_STANDARD";"27/05/2026 13:57:00 +02:00";"True";"28/05/2026 10:55:18 +02:00";"26/08/2026 10:55:18 +02:00";"62";"25/08/2026 18:16:17 +02:00";"0";"ViewReport";"True";"Non requise - activite Purview trouvee";"False";"27/07/2026 10:55:18 +02:00";"280";"0";"280";"26/08/2026 11:01:40 +02:00";"26/08/2026 11:01:40 +02:00";;;;"HTTP 410 - ressource ou lien de pagination Graph expire/non disponible. Appel : GET /beta/auditLogs/signIns. Le controle correspondant est incomplet et interdit tout retrait de licence fonde sur cet appel.";
"CONSERVER - UTILISEE";"Activite Power BI reelle detectee dans Microsoft Purview Audit.";"COURGENOUIL, Florian";"florian.courgenouil@infopro-digital.com";"florian.courgenouil@eventmaker.com";"True";"Member";"Power BI Pro";"ENTERPRISEPACK | FLOW_FREE | INTUNE_A_VL | POWER_BI_PRO | POWER_BI_STANDARD";"23/01/2025 10:34:55 +01:00";"True";"28/05/2026 10:55:18 +02:00";"26/08/2026 10:55:18 +02:00";"2";"24/08/2026 17:21:32 +02:00";"1";"ViewReport";"True";"Non requise - activite Purview trouvee";"False";"27/07/2026 10:55:18 +02:00";"33";"0";"33";"24/08/2026 17:21:38 +02:00";"24/08/2026 17:21:38 +02:00";;;;"HTTP 410 - ressource ou lien de pagination Graph expire/non disponible. Appel : GET /beta/auditLogs/signIns. Le controle correspondant est incomplet et interdit tout retrait de licence fonde sur cet appel.";
"CONSERVER - UTILISEE";"Activite Power BI reelle detectee dans Microsoft Purview Audit.";"RASOAMANANA, Florian";"florian.rasoamanana@infopro-digital.com";"florian.rasoamanana@infopro-digital.com";"True";"Member";"Power BI Pro";"ENTERPRISEPACK | POWER_BI_PRO | POWER_BI_STANDARD";"23/01/2024 17:41:18 +01:00";"True";"28/05/2026 10:55:18 +02:00";"26/08/2026 10:55:18 +02:00";"38";"14/08/2026 16:03:10 +02:00";"11";"GenerateCustomVisualAADAccessToken";"True";"Non requise - activite Purview trouvee";"False";"27/07/2026 10:55:18 +02:00";"45";"0";"45";"14/08/2026 18:04:09 +02:00";"14/08/2026 18:04:09 +02:00";;;;"HTTP 410 - ressource ou lien de pagination Graph expire/non disponible. Appel : GET /beta/auditLogs/signIns. Le controle correspondant est incomplet et interdit tout retrait de licence fonde sur cet appel.";
"CONSERVER - UTILISEE";"Activite Power BI reelle detectee dans Microsoft Purview Audit.";"ROTH, Florian | Heinze";"florian.roth@infopro-digital.com";"Florian.Roth@heinze.de";"True";"Member";"Power BI Pro";"FLOW_FREE | POWER_BI_PRO | POWER_BI_STANDARD | STANDARDPACK";"15/04/2025 11:01:34 +02:00";"True";"28/05/2026 10:55:18 +02:00";"26/08/2026 10:55:18 +02:00";"68";"24/08/2026 13:55:17 +02:00";"1";"ViewReport";"True";"Non requise - activite Purview trouvee";"False";"27/07/2026 10:55:18 +02:00";"140";"0";"140";"24/08/2026 15:26:39 +02:00";"24/08/2026 15:26:39 +02:00";;;;"HTTP 410 - ressource ou lien de pagination Graph expire/non disponible. Appel : GET /beta/auditLogs/signIns. Le controle correspondant est incomplet et interdit tout retrait de licence fonde sur cet appel.";
"CONSERVER - UTILISEE";"Activite Power BI reelle detectee dans Microsoft Purview Audit.";"SPINDER, Florian | Heinze";"florian.spinder@infopro-digital.com";"florian.spinder@heinze.de";"True";"Member";"Power BI Pro";"ENTERPRISEPACK | FLOW_FREE | POWER_BI_PRO | POWER_BI_STANDARD";"18/12/2025 17:13:48 +01:00";"True";"28/05/2026 10:55:18 +02:00";"26/08/2026 10:55:18 +02:00";"607";"25/08/2026 16:39:20 +02:00";"0";"GetWorkspaces";"True";"Non requise - activite Purview trouvee";"False";"27/07/2026 10:55:18 +02:00";"598";"1";"597";"26/08/2026 04:17:19 +02:00";"26/08/2026 04:17:19 +02:00";"25/08/2026 16:12:48 +02:00";;;"HTTP 410 - ressource ou lien de pagination Graph expire/non disponible. Appel : GET /beta/auditLogs/signIns. Le controle correspondant est incomplet et interdit tout retrait de licence fonde sur cet appel.";
"CONSERVER - UTILISEE";"Activite Power BI reelle detectee dans Microsoft Purview Audit.";"LIOGIER, Franck";"franck.liogier@infopro-digital.com";"franck.liogier@infopro-digital.com";"True";"Member";"Power BI Pro";"ENTERPRISEPACK | FLOW_FREE | POWER_BI_PRO | POWER_BI_STANDARD";"05/05/2026 10:54:29 +02:00";"True";"28/05/2026 10:55:18 +02:00";"26/08/2026 10:55:18 +02:00";"254";"25/08/2026 11:55:55 +02:00";"0";"ViewReport";"True";"Non requise - activite Purview trouvee";"False";"27/07/2026 10:55:18 +02:00";"337";"0";"337";"26/08/2026 09:13:22 +02:00";"26/08/2026 09:13:22 +02:00";"25/08/2026 11:06:38 +02:00";;;"HTTP 410 - ressource ou lien de pagination Graph expire/non disponible. Appel : GET /beta/auditLogs/signIns. Le controle correspondant est incomplet et interdit tout retrait de licence fonde sur cet appel.";
"CONSERVER - UTILISEE";"Activite Power BI reelle detectee dans Microsoft Purview Audit.";"THERET, Franck";"franck.theret@infopro-digital.com";"franck.theret@infopro-digital.com";"True";"Member";"Power BI Pro";"FLOW_FREE | POWER_BI_PRO | POWER_BI_STANDARD | STANDARDPACK";"16/01/2024 17:49:11 +01:00";"True";"28/05/2026 10:55:18 +02:00";"26/08/2026 10:55:18 +02:00";"4";"06/07/2026 11:23:17 +02:00";"50";"ExportReport";"True";"Non requise - activite Purview trouvee";"False";"27/07/2026 10:55:18 +02:00";"22";"0";"22";"24/08/2026 21:02:48 +02:00";"24/08/2026 21:02:48 +02:00";;;;"HTTP 410 - ressource ou lien de pagination Graph expire/non disponible. Appel : GET /beta/auditLogs/signIns. Le controle correspondant est incomplet et interdit tout retrait de licence fonde sur cet appel.";
"CONSERVER - UTILISEE";"Activite Power BI reelle detectee dans Microsoft Purview Audit.";"YEPMO DJOMO, Franck";"franck.yepmo-djomo@infopro-digital.com";"franck.yepmo-djomo@infopro-digital.com";"True";"Member";"Power BI Pro";"FLOW_FREE | POWER_BI_PRO | POWER_BI_STANDARD | STANDARDPACK";"23/04/2025 10:39:48 +02:00";"True";"28/05/2026 10:55:18 +02:00";"26/08/2026 10:55:18 +02:00";"84";"21/08/2026 09:48:11 +02:00";"5";"ViewReport";"True";"Non requise - activite Purview trouvee";"False";"27/07/2026 10:55:18 +02:00";"559";"0";"559";"26/08/2026 10:12:36 +02:00";"26/08/2026 10:12:36 +02:00";;;;"HTTP 410 - ressource ou lien de pagination Graph expire/non disponible. Appel : GET /beta/auditLogs/signIns. Le controle correspondant est incomplet et interdit tout retrait de licence fonde sur cet appel.";
"CONSERVER - UTILISEE";"Activite Power BI reelle detectee dans Microsoft Purview Audit.";"BUISSON, Frank";"Frank.Buisson@infopro-digital.com";"frank.buisson@infopro-digital.com";"True";"Member";"Power BI Pro";"ENTERPRISEPACK | FLOW_FREE | POWER_BI_PRO | POWER_BI_STANDARD";"02/06/2025 15:07:41 +02:00";"True";"28/05/2026 10:55:18 +02:00";"26/08/2026 10:55:18 +02:00";"16";"10/08/2026 09:32:27 +02:00";"16";"ViewReport";"True";"Non requise - activite Purview trouvee";"False";"27/07/2026 10:55:18 +02:00";"32";"0";"32";"10/08/2026 15:06:32 +02:00";"10/08/2026 15:06:32 +02:00";;;;"HTTP 410 - ressource ou lien de pagination Graph expire/non disponible. Appel : GET /beta/auditLogs/signIns. Le controle correspondant est incomplet et interdit tout retrait de licence fonde sur cet appel.";
"CONSERVER - UTILISEE";"Activite Power BI reelle detectee dans Microsoft Purview Audit.";"LUFT, Franz | Heinze";"franz.luft@infopro-digital.com";"Franz.Luft@heinze.de";"True";"Member";"Power BI Pro";"FLOW_FREE | POWER_BI_PRO | POWER_BI_STANDARD | STANDARDPACK";"15/04/2025 11:01:33 +02:00";"True";"28/05/2026 10:55:18 +02:00";"26/08/2026 10:55:18 +02:00";"88";"07/08/2026 15:44:21 +02:00";"18";"ViewReport";"True";"Non requise - activite Purview trouvee";"False";"27/07/2026 10:55:18 +02:00";"156";"0";"156";"07/08/2026 15:44:18 +02:00";"07/08/2026 15:44:18 +02:00";;;;"HTTP 410 - ressource ou lien de pagination Graph expire/non disponible. Appel : GET /beta/auditLogs/signIns. Le controle correspondant est incomplet et interdit tout retrait de licence fonde sur cet appel.";
"CONSERVER - UTILISEE";"Activite Power BI reelle detectee dans Microsoft Purview Audit.";"LECOMTE, Frederick";"frederick.lecomte@etai.fr";"frederick.lecomte@infopro-digital.com";"True";"Member";"Power BI Pro";"ENTERPRISEPACK | FLOW_FREE | Microsoft_Teams_Audio_Conferencing_select_dial_out | POWER_BI_PRO | POWER_BI_STANDARD | STREAM";"25/03/2021 17:18:49 +01:00";"True";"28/05/2026 10:55:18 +02:00";"26/08/2026 10:55:18 +02:00";"7";"28/07/2026 15:08:22 +02:00";"28";"ViewReport";"True";"Non requise - activite Purview trouvee";"False";"27/07/2026 10:55:18 +02:00";"32";"0";"32";"25/08/2026 15:56:48 +02:00";"25/08/2026 15:56:48 +02:00";;;;"HTTP 410 - ressource ou lien de pagination Graph expire/non disponible. Appel : GET /beta/auditLogs/signIns. Le controle correspondant est incomplet et interdit tout retrait de licence fonde sur cet appel.";
"CONSERVER - UTILISEE";"Activite Power BI reelle detectee dans Microsoft Purview Audit.";"MEYER, Friederike | BauNetz";"friederike.meyer@infopro-digital.com";"meyer@baunetz.com";"True";"Member";"Power BI Pro";"FLOW_FREE | POWER_BI_PRO | POWER_BI_STANDARD | STANDARDPACK";"15/04/2025 11:01:36 +02:00";"True";"28/05/2026 10:55:18 +02:00";"26/08/2026 10:55:18 +02:00";"6";"07/07/2026 10:54:24 +02:00";"50";"ViewReport";"True";"Non requise - activite Purview trouvee";"False";"27/07/2026 10:55:18 +02:00";"21";"0";"21";"25/08/2026 12:52:25 +02:00";"25/08/2026 12:52:25 +02:00";;;;"HTTP 410 - ressource ou lien de pagination Graph expire/non disponible. Appel : GET /beta/auditLogs/signIns. Le controle correspondant est incomplet et interdit tout retrait de licence fonde sur cet appel.";
"CONSERVER - UTILISEE";"Activite Power BI reelle detectee dans Microsoft Purview Audit.";"VERONNEAU, Gabrielle";"gabrielle.veronneau@infopro-digital.com";"gabrielle.veronneau@infopro-digital.com";"True";"Member";"Power BI Pro";"ENTERPRISEPACK | POWER_BI_PRO | POWER_BI_STANDARD";"15/04/2026 08:35:02 +02:00";"True";"28/05/2026 10:55:18 +02:00";"26/08/2026 10:55:18 +02:00";"6";"19/08/2026 12:19:44 +02:00";"6";"ViewReport";"True";"Non requise - activite Purview trouvee";"False";"27/07/2026 10:55:18 +02:00";"38";"0";"38";"19/08/2026 12:19:51 +02:00";"19/08/2026 12:19:51 +02:00";;;;"HTTP 410 - ressource ou lien de pagination Graph expire/non disponible. Appel : GET /beta/auditLogs/signIns. Le controle correspondant est incomplet et interdit tout retrait de licence fonde sur cet appel.";
"CONSERVER - UTILISEE";"Activite Power BI reelle detectee dans Microsoft Purview Audit.";"MORSETTI, Gael";"gael.morsetti@infopro-digital.com";"gael.morsetti@infopro-digital.com";"True";"Member";"Power BI Pro";"CCIBOTS_PRIVPREV_VIRAL | ENTERPRISEPACK | FLOW_FREE | POWER_BI_PRO | POWER_BI_STANDARD | PROJECTPROFESSIONAL | STREAM";"22/07/2020 17:31:08 +02:00";"True";"28/05/2026 10:55:18 +02:00";"26/08/2026 10:55:18 +02:00";"1088";"25/08/2026 17:09:45 +02:00";"0";"ConnectFromExternalApplication";"True";"Non requise - activite Purview trouvee";"False";"27/07/2026 10:55:18 +02:00";"711";"0";"711";"26/08/2026 07:47:17 +02:00";"26/08/2026 07:47:17 +02:00";"25/08/2026 16:43:00 +02:00";;;"HTTP 410 - ressource ou lien de pagination Graph expire/non disponible. Appel : GET /beta/auditLogs/signIns. Le controle correspondant est incomplet et interdit tout retrait de licence fonde sur cet appel.";
"CONSERVER - UTILISEE";"Activite Power BI reelle detectee dans Microsoft Purview Audit.";"PETUAUD, Geoffrey";"geoffrey.petuaud@infopro-digital.com";"geoffrey.petuaud@infopro-digital.com";"True";"Member";"Power BI Pro";"FLOW_FREE | POWER_BI_STANDARD | SMB_APPS | SPE_E5";"14/01/2026 11:31:53 +01:00";"True";"28/05/2026 10:55:18 +02:00";"26/08/2026 10:55:18 +02:00";"15";"27/07/2026 11:51:18 +02:00";"29";"ViewReport";"True";"Non requise - activite Purview trouvee";"False";"27/07/2026 10:55:18 +02:00";"8";"0";"8";"24/08/2026 15:24:29 +02:00";"24/08/2026 15:24:29 +02:00";;;;"HTTP 410 - ressource ou lien de pagination Graph expire/non disponible. Appel : GET /beta/auditLogs/signIns. Le controle correspondant est incomplet et interdit tout retrait de licence fonde sur cet appel.";
"CONSERVER - UTILISEE";"Activite Power BI reelle detectee dans Microsoft Purview Audit.";"REBHI, Ghofrane";"ghofrane.rebhi@infopro-digital.com";"ghofrane.rebhi@infopro-digital.com";"True";"Member";"Power BI Pro";"FLOW_FREE | POWER_BI_PRO | POWER_BI_STANDARD | STANDARDPACK";"11/03/2026 16:31:16 +01:00";"True";"28/05/2026 10:55:18 +02:00";"26/08/2026 10:55:18 +02:00";"3";"12/06/2026 11:55:00 +02:00";"74";"CreateReport";"True";"Non requise - activite Purview trouvee";"False";"27/07/2026 10:55:18 +02:00";"19";"0";"19";"24/08/2026 18:59:45 +02:00";"24/08/2026 18:59:45 +02:00";;;;"HTTP 410 - ressource ou lien de pagination Graph expire/non disponible. Appel : GET /beta/auditLogs/signIns. Le controle correspondant est incomplet et interdit tout retrait de licence fonde sur cet appel.";
"CONSERVER - UTILISEE";"Activite Power BI reelle detectee dans Microsoft Purview Audit.";"MARCVINCENT, Gilles";"gilles.marcvincent@etai.fr";"gilles.marcvincent@infopro-digital.com";"True";"Member";"Power BI Pro";"ENTERPRISEPACK | FLOW_FREE | POWER_BI_PRO | POWER_BI_STANDARD | PROJECTPROFESSIONAL";"19/06/2018 10:41:25 +02:00";"True";"28/05/2026 10:55:18 +02:00";"26/08/2026 10:55:18 +02:00";"3374";"26/08/2026 09:10:16 +02:00";"0";"RefreshDataset";"True";"Non requise - activite Purview trouvee";"False";"27/07/2026 10:55:18 +02:00";"2017";"0";"2017";"26/08/2026 09:34:33 +02:00";"26/08/2026 09:34:33 +02:00";"25/08/2026 10:07:27 +02:00";;;"HTTP 410 - ressource ou lien de pagination Graph expire/non disponible. Appel : GET /beta/auditLogs/signIns. Le controle correspondant est incomplet et interdit tout retrait de licence fonde sur cet appel.";
"CONSERVER - UTILISEE";"Activite Power BI reelle detectee dans Microsoft Purview Audit.";"Grace Lewis";"grace.lewis@barbour-abi.com";"grace.lewis@barbour-abi.com";"True";"Member";"Power BI Pro";"DYN365_BUSCENTRAL_TEAM_MEMBER | ENTERPRISEPACK | FLOW_FREE | POWER_BI_PRO | POWER_BI_STANDARD | VISIOCLIENT";"22/07/2025 09:19:13 +02:00";"True";"28/05/2026 10:55:18 +02:00";"26/08/2026 10:55:18 +02:00";"15";"03/08/2026 11:42:42 +02:00";"22";"ViewReport";"True";"Non requise - activite Purview trouvee";"False";"27/07/2026 10:55:18 +02:00";"55";"0";"55";"24/08/2026 22:45:35 +02:00";"24/08/2026 22:45:35 +02:00";;;;"HTTP 410 - ressource ou lien de pagination Graph expire/non disponible. Appel : GET /beta/auditLogs/signIns. Le controle correspondant est incomplet et interdit tout retrait de licence fonde sur cet appel.";
"CONSERVER - UTILISEE";"Activite Power BI reelle detectee dans Microsoft Purview Audit.";"HARBUSCH, Gregor | BauNetz";"gregor.harbusch@infopro-digital.com";"harbusch@baunetz.com";"True";"Member";"Power BI Pro";"FLOW_FREE | POWER_BI_PRO | POWER_BI_STANDARD | STANDARDPACK";"15/04/2025 11:01:37 +02:00";"True";"28/05/2026 10:55:18 +02:00";"26/08/2026 10:55:18 +02:00";"135";"24/08/2026 14:05:16 +02:00";"1";"GetSnapshots";"True";"Non requise - activite Purview trouvee";"False";"27/07/2026 10:55:18 +02:00";"303";"0";"303";"24/08/2026 14:05:17 +02:00";"24/08/2026 14:05:17 +02:00";;;;"HTTP 410 - ressource ou lien de pagination Graph expire/non disponible. Appel : GET /beta/auditLogs/signIns. Le controle correspondant est incomplet et interdit tout retrait de licence fonde sur cet appel.";
"CONSERVER - UTILISEE";"Activite Power BI reelle detectee dans Microsoft Purview Audit.";"DEVOYON, Gregory";"gregory.devoyon@etai.fr";"gregory.devoyon@infopro-digital.com";"True";"Member";"Power BI Pro";"FLOW_FREE | POWER_BI_PRO | POWER_BI_STANDARD | STANDARDPACK | VISIOCLIENT";"15/06/2020 10:56:14 +02:00";"True";"28/05/2026 10:55:18 +02:00";"26/08/2026 10:55:18 +02:00";"52";"10/07/2026 11:38:58 +02:00";"46";"GetSnapshots";"True";"Non requise - activite Purview trouvee";"False";"27/07/2026 10:55:18 +02:00";"161";"0";"161";"26/08/2026 05:13:27 +02:00";"26/08/2026 05:13:27 +02:00";;;;"HTTP 410 - ressource ou lien de pagination Graph expire/non disponible. Appel : GET /beta/auditLogs/signIns. Le controle correspondant est incomplet et interdit tout retrait de licence fonde sur cet appel.";
"CONSERVER - UTILISEE";"Activite Power BI reelle detectee dans Microsoft Purview Audit.";"KUHNS, Günter | Heinze";"guenter.kuhns@infopro-digital.com";"Guenter.Kuhns@heinze.de";"True";"Member";"Power BI Pro";"FLOW_FREE | POWER_BI_PRO | POWER_BI_STANDARD | STANDARDPACK";"15/04/2025 11:01:36 +02:00";"True";"28/05/2026 10:55:18 +02:00";"26/08/2026 10:55:18 +02:00";"4";"03/08/2026 11:02:02 +02:00";"22";"GetSnapshots";"True";"Non requise - activite Purview trouvee";"False";"27/07/2026 10:55:18 +02:00";"33";"0";"33";"24/08/2026 12:46:40 +02:00";"24/08/2026 12:46:40 +02:00";;;;"HTTP 410 - ressource ou lien de pagination Graph expire/non disponible. Appel : GET /beta/auditLogs/signIns. Le controle correspondant est incomplet et interdit tout retrait de licence fonde sur cet appel.";
"CONSERVER - UTILISEE";"Activite Power BI reelle detectee dans Microsoft Purview Audit.";"Schmidt, Guido";"Guido.Schmidt@infopro-digital.com";"G.Schmidt@ibau.de";"True";"Member";"Power BI Pro";"ENTERPRISEPACK | FLOW_FREE | POWER_BI_PRO | POWER_BI_STANDARD";"22/05/2025 11:23:47 +02:00";"True";"28/05/2026 10:55:18 +02:00";"26/08/2026 10:55:18 +02:00";"38";"21/08/2026 15:41:52 +02:00";"4";"ViewReport";"True";"Non requise - activite Purview trouvee";"False";"27/07/2026 10:55:18 +02:00";"186";"0";"186";"21/08/2026 16:43:11 +02:00";"21/08/2026 16:43:11 +02:00";;;;"HTTP 410 - ressource ou lien de pagination Graph expire/non disponible. Appel : GET /beta/auditLogs/signIns. Le controle correspondant est incomplet et interdit tout retrait de licence fonde sur cet appel.";
"CONSERVER - UTILISEE";"Activite Power BI reelle detectee dans Microsoft Purview Audit.";"DE CORBIERE, Guillaume";"guillaume.de-corbiere@infopro-digital.com";"guillaume.de-corbiere@infopro-digital.com";"True";"Member";"Power BI Pro";"FLOW_FREE | POWER_BI_PRO | POWER_BI_STANDARD | STANDARDPACK";"16/01/2024 17:49:13 +01:00";"True";"28/05/2026 10:55:18 +02:00";"26/08/2026 10:55:18 +02:00";"141";"24/08/2026 11:19:56 +02:00";"1";"ViewReport";"True";"Non requise - activite Purview trouvee";"False";"27/07/2026 10:55:18 +02:00";"168";"0";"168";"24/08/2026 16:07:09 +02:00";"24/08/2026 16:07:09 +02:00";;;;"HTTP 410 - ressource ou lien de pagination Graph expire/non disponible. Appel : GET /beta/auditLogs/signIns. Le controle correspondant est incomplet et interdit tout retrait de licence fonde sur cet appel.";
"CONSERVER - UTILISEE";"Activite Power BI reelle detectee dans Microsoft Purview Audit.";"FITOURI, Habib";"habib.fitouri@groupemoniteur.fr";"habib.fitouri@groupemoniteur.fr";"True";"Member";"Power BI Pro";"POWER_BI_PRO | POWER_BI_STANDARD | STANDARDPACK";"22/04/2026 11:33:05 +02:00";"True";"28/05/2026 10:55:18 +02:00";"26/08/2026 10:55:18 +02:00";"44";"05/08/2026 09:47:11 +02:00";"21";"ViewReport";"True";"Non requise - activite Purview trouvee";"False";"27/07/2026 10:55:18 +02:00";"95";"0";"95";"05/08/2026 16:48:38 +02:00";"05/08/2026 16:48:38 +02:00";;;;"HTTP 410 - ressource ou lien de pagination Graph expire/non disponible. Appel : GET /beta/auditLogs/signIns. Le controle correspondant est incomplet et interdit tout retrait de licence fonde sur cet appel.";
"CONSERVER - UTILISEE";"Activite Power BI reelle detectee dans Microsoft Purview Audit.";"AMROUCH, Hafedh";"hafedh.amrouch@infopro-digital.com";"hafedh.amrouch@infopro-digital.com";"True";"Member";"Power BI Pro";"ENTERPRISEPACK | FLOW_FREE | POWER_BI_PRO | POWER_BI_STANDARD | POWERAPPS_DEV";"19/04/2024 13:02:05 +02:00";"True";"28/05/2026 10:55:18 +02:00";"26/08/2026 10:55:18 +02:00";"344";"11/08/2026 14:06:58 +02:00";"14";"GetSnapshots";"True";"Non requise - activite Purview trouvee";"False";"27/07/2026 10:55:18 +02:00";"1350";"0";"1350";"26/08/2026 10:37:37 +02:00";"26/08/2026 10:37:37 +02:00";;;;"HTTP 410 - ressource ou lien de pagination Graph expire/non disponible. Appel : GET /beta/auditLogs/signIns. Le controle correspondant est incomplet et interdit tout retrait de licence fonde sur cet appel.";
"CONSERVER - UTILISEE";"Activite Power BI reelle detectee dans Microsoft Purview Audit.";"ALLOUCHI, Haifa";"haifa.allouchi@infopro-digital.com";"haifa.allouchi@infopro-digital.com";"True";"Member";"Power BI Pro";"FLOW_FREE | POWER_BI_PRO | POWER_BI_STANDARD | STANDARDPACK";"18/06/2024 11:23:06 +02:00";"True";"28/05/2026 10:55:18 +02:00";"26/08/2026 10:55:18 +02:00";"32";"24/08/2026 10:04:19 +02:00";"2";"ViewReport";"True";"Non requise - activite Purview trouvee";"False";"27/07/2026 10:55:18 +02:00";"122";"0";"122";"24/08/2026 18:06:27 +02:00";"24/08/2026 18:06:27 +02:00";;;;"HTTP 410 - ressource ou lien de pagination Graph expire/non disponible. Appel : GET /beta/auditLogs/signIns. Le controle correspondant est incomplet et interdit tout retrait de licence fonde sur cet appel.";
"CONSERVER - UTILISEE";"Activite Power BI reelle detectee dans Microsoft Purview Audit.";"KHALFAOUI, Hanen";"hanen.khalfaoui@infopro-digital.com";"hanen.khalfaoui@infopro-digital.com";"True";"Member";"Power BI Pro";"FLOW_FREE | POWER_BI_PRO | POWER_BI_STANDARD | POWERAPPS_DEV | STANDARDPACK | STREAM";"21/01/2022 14:29:34 +01:00";"True";"28/05/2026 10:55:18 +02:00";"26/08/2026 10:55:18 +02:00";"1";"21/07/2026 08:51:33 +02:00";"36";"GetSnapshots";"True";"Non requise - activite Purview trouvee";"False";"27/07/2026 10:55:18 +02:00";"1669";"0";"1669";"25/08/2026 11:28:45 +02:00";"25/08/2026 11:28:45 +02:00";;;;"HTTP 410 - ressource ou lien de pagination Graph expire/non disponible. Appel : GET /beta/auditLogs/signIns. Le controle correspondant est incomplet et interdit tout retrait de licence fonde sur cet appel.";
"CONSERVER - UTILISEE";"Activite Power BI reelle detectee dans Microsoft Purview Audit.";"Hannah Craig";"Hannah.Craig@infopro-digital.com";"hannah.craig@infopro-digital.com";"True";"Member";"Power BI Pro";"ENTERPRISEPACK | FLOW_FREE | MCOEV | POWER_BI_PRO | POWER_BI_STANDARD";"29/09/2025 10:32:26 +02:00";"True";"28/05/2026 10:55:18 +02:00";"26/08/2026 10:55:18 +02:00";"15";"20/08/2026 10:30:12 +02:00";"6";"ViewReport";"True";"Non requise - activite Purview trouvee";"False";"27/07/2026 10:55:18 +02:00";"146";"0";"146";"21/08/2026 12:02:18 +02:00";"21/08/2026 12:02:18 +02:00";;;;"HTTP 410 - ressource ou lien de pagination Graph expire/non disponible. Appel : GET /beta/auditLogs/signIns. Le controle correspondant est incomplet et interdit tout retrait de licence fonde sur cet appel.";
"CONSERVER - UTILISEE";"Activite Power BI reelle detectee dans Microsoft Purview Audit.";"FAJARDO PADRÓN, Hara";"hara@infopro-digital.com";"hara.fajardo@infopro-digital.com";"True";"Member";"Power BI Pro";"ENTERPRISEPACK | FLOW_FREE | POWER_BI_PRO | POWER_BI_STANDARD";"15/04/2026 09:05:09 +02:00";"True";"28/05/2026 10:55:18 +02:00";"26/08/2026 10:55:18 +02:00";"9";"17/08/2026 09:30:28 +02:00";"9";"ViewReport";"True";"Non requise - activite Purview trouvee";"False";"27/07/2026 10:55:18 +02:00";"29";"0";"29";"17/08/2026 09:30:31 +02:00";"17/08/2026 09:30:31 +02:00";;;;"HTTP 410 - ressource ou lien de pagination Graph expire/non disponible. Appel : GET /beta/auditLogs/signIns. Le controle correspondant est incomplet et interdit tout retrait de licence fonde sur cet appel.";
"CONSERVER - UTILISEE";"Activite Power BI reelle detectee dans Microsoft Purview Audit.";"Harry Griffiths";"harry.griffiths@infopro-digital.com";"Harry.Griffiths@1lod.com";"True";"Member";"Power BI Pro";"ENTERPRISEPACK | POWER_BI_PRO | POWER_BI_STANDARD";"21/08/2025 12:05:29 +02:00";"True";"28/05/2026 10:55:18 +02:00";"26/08/2026 10:55:18 +02:00";"191";"25/08/2026 17:22:10 +02:00";"0";"ViewReport";"True";"Non requise - activite Purview trouvee";"False";"27/07/2026 10:55:18 +02:00";"542";"0";"542";"26/08/2026 10:28:25 +02:00";"26/08/2026 10:28:25 +02:00";;;;"HTTP 410 - ressource ou lien de pagination Graph expire/non disponible. Appel : GET /beta/auditLogs/signIns. Le controle correspondant est incomplet et interdit tout retrait de licence fonde sur cet appel.";
"CONSERVER - UTILISEE";"Activite Power BI reelle detectee dans Microsoft Purview Audit.";"Helen Bartholomew";"Helen.Bartholomew@infopro-digital.com";"helen.bartholomew@infopro-digital.com";"True";"Member";"Power BI Pro";"ENTERPRISEPACK | FLOW_FREE | MCOEV | POWER_BI_PRO | POWER_BI_STANDARD";"04/07/2025 10:55:41 +02:00";"True";"28/05/2026 10:55:18 +02:00";"26/08/2026 10:55:18 +02:00";"6";"12/08/2026 18:14:27 +02:00";"13";"ViewReport";"True";"Non requise - activite Purview trouvee";"False";"27/07/2026 10:55:18 +02:00";"41";"0";"41";"12/08/2026 18:14:33 +02:00";"12/08/2026 18:14:33 +02:00";;;;"HTTP 410 - ressource ou lien de pagination Graph expire/non disponible. Appel : GET /beta/auditLogs/signIns. Le controle correspondant est incomplet et interdit tout retrait de licence fonde sur cet appel.";
"CONSERVER - UTILISEE";"Activite Power BI reelle detectee dans Microsoft Purview Audit.";"CHEVALLIER Hervé";"herve.chevallier@vecteurplus.com";"herve.chevallier@vecteurplus.com";"True";"Member";"Power BI Pro";"FLOW_FREE | Microsoft_Teams_Audio_Conferencing_select_dial_out | SPE_E5 | VISIOCLIENT";"04/11/2025 12:13:46 +01:00";"True";"28/05/2026 10:55:18 +02:00";"26/08/2026 10:55:18 +02:00";"1";"17/08/2026 10:31:02 +02:00";"9";"GetSnapshots";"True";"Non requise - activite Purview trouvee";"False";"27/07/2026 10:55:18 +02:00";"29";"0";"29";"17/08/2026 18:18:29 +02:00";"17/08/2026 18:18:29 +02:00";;;;"HTTP 410 - ressource ou lien de pagination Graph expire/non disponible. Appel : GET /beta/auditLogs/signIns. Le controle correspondant est incomplet et interdit tout retrait de licence fonde sur cet appel.";
"CONSERVER - UTILISEE";"Activite Power BI reelle detectee dans Microsoft Purview Audit.";"ALBERS, Hildegard";"Hildegard.Albers@infopro-digital.com";"hildegard.albers@infopro-digital.com";"True";"Member";"Power BI Pro";"ENTERPRISEPACK | FLOW_FREE | POWER_BI_PRO | POWER_BI_STANDARD";"06/11/2025 12:03:39 +01:00";"True";"28/05/2026 10:55:18 +02:00";"26/08/2026 10:55:18 +02:00";"3";"04/08/2026 15:43:15 +02:00";"21";"GetSnapshots";"True";"Non requise - activite Purview trouvee";"False";"27/07/2026 10:55:18 +02:00";"67";"0";"67";"25/08/2026 15:51:04 +02:00";"25/08/2026 15:51:04 +02:00";;;;"HTTP 410 - ressource ou lien de pagination Graph expire/non disponible. Appel : GET /beta/auditLogs/signIns. Le controle correspondant est incomplet et interdit tout retrait de licence fonde sur cet appel.";
"CONSERVER - UTILISEE";"Activite Power BI reelle detectee dans Microsoft Purview Audit.";"Hiten Rabadia";"hiten.rabadia@infopro-digital.com";"hiten.rabadia@infopro-digital.com";"True";"Member";"Power BI Premium par utilisateur + Power BI Pro";"CCIBOTS_PRIVPREV_VIRAL | DYN365_BUSCENTRAL_ESSENTIAL | ENTERPRISEPACK | FLOW_FREE | MCOEV | PBI_PREMIUM_PER_USER | POWER_BI_PRO | POWER_BI_STANDARD | POWERAPPS_DEV | POWERAUTOMATE_ATTENDED_RPA";"20/03/2024 11:03:08 +01:00";"True";"28/05/2026 10:55:18 +02:00";"26/08/2026 10:55:18 +02:00";"8891";"26/08/2026 10:20:04 +02:00";"0";"AnalyzedByExternalApplication";"True";"Non requise - activite Purview trouvee";"False";"27/07/2026 10:55:18 +02:00";"11211";"38";"11173";"26/08/2026 11:46:05 +02:00";"26/08/2026 11:46:05 +02:00";"26/08/2026 11:45:07 +02:00";;;"HTTP 410 - ressource ou lien de pagination Graph expire/non disponible. Appel : GET /beta/auditLogs/signIns. Le controle correspondant est incomplet et interdit tout retrait de licence fonde sur cet appel.";
"CONSERVER - UTILISEE";"Activite Power BI reelle detectee dans Microsoft Purview Audit.";"LACHENMAYER, Holger | Heinze";"holger.lachenmayer@infopro-digital.com";"Holger.Lachenmayer@heinze.de";"True";"Member";"Power BI Pro";"FLOW_FREE | POWER_BI_PRO | POWER_BI_STANDARD | STANDARDPACK";"15/04/2025 11:01:35 +02:00";"True";"28/05/2026 10:55:18 +02:00";"26/08/2026 10:55:18 +02:00";"66";"19/08/2026 10:36:08 +02:00";"7";"ViewReport";"True";"Non requise - activite Purview trouvee";"False";"27/07/2026 10:55:18 +02:00";"39";"0";"39";"19/08/2026 10:36:02 +02:00";"19/08/2026 10:36:02 +02:00";;;;"HTTP 410 - ressource ou lien de pagination Graph expire/non disponible. Appel : GET /beta/auditLogs/signIns. Le controle correspondant est incomplet et interdit tout retrait de licence fonde sur cet appel.";
"CONSERVER - UTILISEE";"Activite Power BI reelle detectee dans Microsoft Purview Audit.";"GAMMAZI, Houda (TUN)";"houda.gammazi@infopro-digital.com";"houda.gammazi@infopro-digital.com";"True";"Member";"Power BI Pro";"FLOW_FREE | POWER_BI_PRO | POWER_BI_STANDARD | STANDARDPACK";"11/03/2026 16:31:13 +01:00";"True";"28/05/2026 10:55:18 +02:00";"26/08/2026 10:55:18 +02:00";"1";"15/06/2026 15:21:14 +02:00";"71";"GetAllGatewayClusterDatasources";"True";"Non requise - activite Purview trouvee";"False";"27/07/2026 10:55:18 +02:00";"27";"0";"27";"24/08/2026 11:10:10 +02:00";"24/08/2026 11:10:10 +02:00";;;;"HTTP 410 - ressource ou lien de pagination Graph expire/non disponible. Appel : GET /beta/auditLogs/signIns. Le controle correspondant est incomplet et interdit tout retrait de licence fonde sur cet appel.";
"CONSERVER - UTILISEE";"Activite Power BI reelle detectee dans Microsoft Purview Audit.";"TANNE, Hugo";"hugo.tanne@infopro-digital.com";"hugo.tanne@infopro-digital.com";"True";"Member";"Power BI Pro";"ENTERPRISEPACK | POWER_BI_PRO | POWER_BI_STANDARD";"23/06/2026 14:31:11 +02:00";"True";"28/05/2026 10:55:18 +02:00";"26/08/2026 10:55:18 +02:00";"91";"20/08/2026 08:52:58 +02:00";"6";"ViewReport";"True";"Non requise - activite Purview trouvee";"False";"27/07/2026 10:55:18 +02:00";"244";"0";"244";"20/08/2026 17:01:16 +02:00";"20/08/2026 17:01:16 +02:00";;;;"HTTP 410 - ressource ou lien de pagination Graph expire/non disponible. Appel : GET /beta/auditLogs/signIns. Le controle correspondant est incomplet et interdit tout retrait de licence fonde sur cet appel.";
"CONSERVER - UTILISEE";"Activite Power BI reelle detectee dans Microsoft Purview Audit.";"HOLTKUILE, Ido";"ido.holtkuile@infopro-digital.com";"ido.holtkuile@infopro-digital.com";"True";"Member";"Power BI Pro";"ENTERPRISEPACK | FLOW_FREE | POWER_BI_PRO | POWER_BI_STANDARD";"02/04/2026 12:41:41 +02:00";"True";"28/05/2026 10:55:18 +02:00";"26/08/2026 10:55:18 +02:00";"83";"25/08/2026 10:20:19 +02:00";"1";"ViewReport";"True";"Non requise - activite Purview trouvee";"False";"27/07/2026 10:55:18 +02:00";"81";"0";"81";"25/08/2026 11:21:50 +02:00";"25/08/2026 11:21:50 +02:00";;;;"HTTP 410 - ressource ou lien de pagination Graph expire/non disponible. Appel : GET /beta/auditLogs/signIns. Le controle correspondant est incomplet et interdit tout retrait de licence fonde sur cet appel.";
"CONSERVER - UTILISEE";"Activite Power BI reelle detectee dans Microsoft Purview Audit.";"Balazs, Ildiko";"Ildiko.Balazs@infopro-digital.com";"I.Balazs@ibau.de";"True";"Member";"Power BI Pro";"ENTERPRISEPACK | FLOW_FREE | POWER_BI_PRO | POWER_BI_STANDARD";"11/12/2025 09:34:19 +01:00";"True";"28/05/2026 10:55:18 +02:00";"26/08/2026 10:55:18 +02:00";"527";"26/08/2026 08:32:09 +02:00";"0";"EditDataset";"True";"Non requise - activite Purview trouvee";"False";"27/07/2026 10:55:18 +02:00";"533";"0";"533";"26/08/2026 10:51:10 +02:00";"26/08/2026 10:45:49 +02:00";"26/08/2026 10:51:10 +02:00";;;"HTTP 410 - ressource ou lien de pagination Graph expire/non disponible. Appel : GET /beta/auditLogs/signIns. Le controle correspondant est incomplet et interdit tout retrait de licence fonde sur cet appel.";
"CONSERVER - UTILISEE";"Activite Power BI reelle detectee dans Microsoft Purview Audit.";"FILALI, Ilham";"ilham.filali@infopro-digital.com";"ilham.filali@infopro-digital.com";"True";"Member";"Power BI Pro";"FLOW_FREE | POWER_BI_PRO | POWER_BI_STANDARD | STANDARDPACK";"29/07/2024 12:11:05 +02:00";"True";"28/05/2026 10:55:18 +02:00";"26/08/2026 10:55:18 +02:00";"3";"25/08/2026 15:30:52 +02:00";"0";"ViewReport";"True";"Non requise - activite Purview trouvee";"False";"27/07/2026 10:55:18 +02:00";"44";"0";"44";"25/08/2026 19:09:59 +02:00";"25/08/2026 19:09:59 +02:00";;;;"HTTP 410 - ressource ou lien de pagination Graph expire/non disponible. Appel : GET /beta/auditLogs/signIns. Le controle correspondant est incomplet et interdit tout retrait de licence fonde sur cet appel.";
"CONSERVER - UTILISEE";"Activite Power BI reelle detectee dans Microsoft Purview Audit.";"Imran Mohamed";"Imran.Mohamed@infopro-digital.com";"imran.mohamed@chartis-research.com";"True";"Member";"Power BI Pro";"ENTERPRISEPACK | FLOW_FREE | MCOEV | POWER_BI_PRO | POWER_BI_STANDARD";"16/11/2023 12:57:13 +01:00";"True";"28/05/2026 10:55:18 +02:00";"26/08/2026 10:55:18 +02:00";"164";"25/08/2026 11:25:37 +02:00";"0";"ViewReport";"True";"Non requise - activite Purview trouvee";"False";"27/07/2026 10:55:18 +02:00";"530";"0";"530";"26/08/2026 10:57:16 +02:00";"26/08/2026 10:57:16 +02:00";;;;"HTTP 410 - ressource ou lien de pagination Graph expire/non disponible. Appel : GET /beta/auditLogs/signIns. Le controle correspondant est incomplet et interdit tout retrait de licence fonde sur cet appel.";
"CONSERVER - UTILISEE";"Activite Power BI reelle detectee dans Microsoft Purview Audit.";"LEMKHANAT, Inaame";"inaame.lemkhanat-barrois@infopro-digital.com";"inaame.lemkhanat-barrois@infopro-digital.com";"True";"Member";"Power BI Pro";"ENTERPRISEPACK | POWER_BI_PRO | POWER_BI_STANDARD | PROJECTPROFESSIONAL";"08/01/2026 09:41:43 +01:00";"True";"28/05/2026 10:55:18 +02:00";"26/08/2026 10:55:18 +02:00";"38";"29/07/2026 09:46:05 +02:00";"28";"ViewReport";"True";"Non requise - activite Purview trouvee";"False";"27/07/2026 10:55:18 +02:00";"83";"0";"83";"19/08/2026 11:48:23 +02:00";"19/08/2026 11:48:23 +02:00";;;;"HTTP 410 - ressource ou lien de pagination Graph expire/non disponible. Appel : GET /beta/auditLogs/signIns. Le controle correspondant est incomplet et interdit tout retrait de licence fonde sur cet appel.";
"CONSERVER - UTILISEE";"Activite Power BI reelle detectee dans Microsoft Purview Audit.";"CORBE, Ingbert | Heinze";"ingbert.corbe@infopro-digital.com";"Ingbert.Corbe@heinze.de";"True";"Member";"Power BI Pro";"ENTERPRISEPACK | FLOW_FREE | POWER_BI_PRO | POWER_BI_STANDARD";"16/04/2025 12:01:04 +02:00";"True";"28/05/2026 10:55:18 +02:00";"26/08/2026 10:55:18 +02:00";"445";"21/08/2026 19:55:34 +02:00";"4";"RefreshDataset";"True";"Non requise - activite Purview trouvee";"False";"27/07/2026 10:55:18 +02:00";"1738";"1";"1737";"26/08/2026 10:11:37 +02:00";"26/08/2026 10:11:37 +02:00";"21/08/2026 18:49:32 +02:00";;;"HTTP 410 - ressource ou lien de pagination Graph expire/non disponible. Appel : GET /beta/auditLogs/signIns. Le controle correspondant est incomplet et interdit tout retrait de licence fonde sur cet appel.";
"CONSERVER - UTILISEE";"Activite Power BI reelle detectee dans Microsoft Purview Audit.";"DEMETS, Inge";"inge.demets@ebp.be";"inge.demets@ebp.be";"True";"Member";"Power BI Pro";"FLOW_FREE | POWER_BI_STANDARD | SPE_E5 | STREAM";"01/04/2026 12:14:16 +02:00";"True";"28/05/2026 10:55:18 +02:00";"26/08/2026 10:55:18 +02:00";"30";"20/08/2026 15:24:45 +02:00";"5";"GetSnapshots";"True";"Non requise - activite Purview trouvee";"False";"27/07/2026 10:55:18 +02:00";"86";"0";"86";"20/08/2026 15:24:46 +02:00";"20/08/2026 15:24:46 +02:00";;;;"HTTP 410 - ressource ou lien de pagination Graph expire/non disponible. Appel : GET /beta/auditLogs/signIns. Le controle correspondant est incomplet et interdit tout retrait de licence fonde sur cet appel.";
"CONSERVER - UTILISEE";"Activite Power BI reelle detectee dans Microsoft Purview Audit.";"LÖBER, Ingolf | Heinze";"ingolf.loeber@infopro-digital.com";"Ingolf.Loeber@heinze.de";"True";"Member";"Power BI Pro";"FLOW_FREE | POWER_BI_PRO | POWER_BI_STANDARD | STANDARDPACK";"15/04/2025 11:01:34 +02:00";"True";"28/05/2026 10:55:18 +02:00";"26/08/2026 10:55:18 +02:00";"67";"14/08/2026 12:29:28 +02:00";"11";"ViewReport";"True";"Non requise - activite Purview trouvee";"False";"27/07/2026 10:55:18 +02:00";"104";"0";"104";"14/08/2026 12:26:31 +02:00";"14/08/2026 12:26:31 +02:00";;;;"HTTP 410 - ressource ou lien de pagination Graph expire/non disponible. Appel : GET /beta/auditLogs/signIns. Le controle correspondant est incomplet et interdit tout retrait de licence fonde sur cet appel.";
"CONSERVER - UTILISEE";"Activite Power BI reelle detectee dans Microsoft Purview Audit.";"Irene Lo";"irene.lo@infopro-digital.com";"irene.lo@infopro-digital.com";"True";"Member";"Power BI Pro";"DYN365_BUSCENTRAL_TEAM_MEMBER | ENTERPRISEPACK | FLOW_FREE | POWER_BI_PRO | POWER_BI_STANDARD";"16/05/2025 22:31:24 +02:00";"True";"28/05/2026 10:55:18 +02:00";"26/08/2026 10:55:18 +02:00";"56";"18/08/2026 10:12:57 +02:00";"8";"ViewReport";"True";"Non requise - activite Purview trouvee";"False";"27/07/2026 10:55:18 +02:00";"41";"0";"41";"18/08/2026 12:14:19 +02:00";"18/08/2026 12:14:19 +02:00";;;;"HTTP 410 - ressource ou lien de pagination Graph expire/non disponible. Appel : GET /beta/auditLogs/signIns. Le controle correspondant est incomplet et interdit tout retrait de licence fonde sur cet appel.";
"CONSERVER - UTILISEE";"Activite Power BI reelle detectee dans Microsoft Purview Audit.";"ANDRE, Isabelle";"isabelle.andre@infopro-digital.com";"isabelle.andre@infopro-digital.com";"True";"Member";"Power BI Pro";"FLOW_FREE | SPE_E5";"17/07/2025 10:55:30 +02:00";"True";"28/05/2026 10:55:18 +02:00";"26/08/2026 10:55:18 +02:00";"25";"28/07/2026 15:05:41 +02:00";"28";"GenerateCustomVisualAADAccessToken";"True";"Non requise - activite Purview trouvee";"False";"27/07/2026 10:55:18 +02:00";"23";"0";"23";"25/08/2026 17:17:18 +02:00";"25/08/2026 17:17:18 +02:00";;;;"HTTP 410 - ressource ou lien de pagination Graph expire/non disponible. Appel : GET /beta/auditLogs/signIns. Le controle correspondant est incomplet et interdit tout retrait de licence fonde sur cet appel.";
"CONSERVER - UTILISEE";"Activite Power BI reelle detectee dans Microsoft Purview Audit.";"BLANCHET, Izabelle";"izabelle.blanchet@infopro-digital.com";"izabelle.blanchet@infopro-digital.com";"True";"Member";"Power BI Pro";"FLOW_FREE | POWER_BI_STANDARD | SMB_APPS | SPE_E5";"31/07/2025 15:47:02 +02:00";"True";"28/05/2026 10:55:18 +02:00";"26/08/2026 10:55:18 +02:00";"46";"26/08/2026 09:02:12 +02:00";"0";"ExportReport";"True";"Non requise - activite Purview trouvee";"False";"27/07/2026 10:55:18 +02:00";"51";"0";"51";"26/08/2026 10:03:37 +02:00";"26/08/2026 10:03:37 +02:00";;;;"HTTP 410 - ressource ou lien de pagination Graph expire/non disponible. Appel : GET /beta/auditLogs/signIns. Le controle correspondant est incomplet et interdit tout retrait de licence fonde sur cet appel.";
"CONSERVER - UTILISEE";"Activite Power BI reelle detectee dans Microsoft Purview Audit.";"Jack Grocott";"Jack.Grocott@infopro-digital.com";"jack.grocott@infopro-digital.com";"True";"Member";"Power BI Pro";"DYN365_BUSCENTRAL_TEAM_MEMBER | ENTERPRISEPACK | FLOW_FREE | MCOEV | POWER_BI_PRO | POWER_BI_STANDARD | STREAM";"03/05/2023 14:57:31 +02:00";"True";"28/05/2026 10:55:18 +02:00";"26/08/2026 10:55:18 +02:00";"186";"26/08/2026 08:47:53 +02:00";"0";"ViewReport";"True";"Non requise - activite Purview trouvee";"False";"27/07/2026 10:55:18 +02:00";"763";"0";"763";"26/08/2026 10:50:02 +02:00";"26/08/2026 10:50:02 +02:00";;;;"HTTP 410 - ressource ou lien de pagination Graph expire/non disponible. Appel : GET /beta/auditLogs/signIns. Le controle correspondant est incomplet et interdit tout retrait de licence fonde sur cet appel.";
"CONSERVER - UTILISEE";"Activite Power BI reelle detectee dans Microsoft Purview Audit.";"MORGAN, Jack";"jack.morgan@infopro-digital.com";"jack.morgan@infopro-digital.com";"True";"Member";"Power BI Pro";"DYN365_BUSCENTRAL_ESSENTIAL | ENTERPRISEPACK | FLOW_FREE | POWER_BI_PRO | POWER_BI_STANDARD";"16/04/2025 11:01:04 +02:00";"True";"28/05/2026 10:55:18 +02:00";"26/08/2026 10:55:18 +02:00";"276";"25/08/2026 16:00:45 +02:00";"0";"GetSnapshots";"True";"Non requise - activite Purview trouvee";"False";"27/07/2026 10:55:18 +02:00";"360";"0";"360";"25/08/2026 16:00:47 +02:00";"25/08/2026 16:00:47 +02:00";;;;"HTTP 410 - ressource ou lien de pagination Graph expire/non disponible. Appel : GET /beta/auditLogs/signIns. Le controle correspondant est incomplet et interdit tout retrait de licence fonde sur cet appel.";
"CONSERVER - UTILISEE";"Activite Power BI reelle detectee dans Microsoft Purview Audit.";"Jack West";"jack.west@infopro-digital.com";"jack.west@1lod.com";"True";"Member";"Power BI Pro";"ENTERPRISEPACK | FLOW_FREE | POWER_BI_PRO | POWER_BI_STANDARD";"11/03/2026 16:31:16 +01:00";"True";"28/05/2026 10:55:18 +02:00";"26/08/2026 10:55:18 +02:00";"65";"25/08/2026 12:26:23 +02:00";"0";"ViewReport";"True";"Non requise - activite Purview trouvee";"False";"27/07/2026 10:55:18 +02:00";"262";"0";"262";"25/08/2026 12:26:28 +02:00";"25/08/2026 12:26:28 +02:00";;;;"HTTP 410 - ressource ou lien de pagination Graph expire/non disponible. Appel : GET /beta/auditLogs/signIns. Le controle correspondant est incomplet et interdit tout retrait de licence fonde sur cet appel.";
"CONSERVER - UTILISEE";"Activite Power BI reelle detectee dans Microsoft Purview Audit.";"Jacqueline Calcano";"Jacqueline.Calcano@infopro-digital.com";"jacqueline.calcano@infopro-digital.com";"True";"Member";"Power BI Pro";"ENTERPRISEPACK | MCOEV | POWER_BI_PRO";"07/01/2025 15:39:32 +01:00";"True";"28/05/2026 10:55:18 +02:00";"26/08/2026 10:55:18 +02:00";"15";"25/08/2026 19:01:55 +02:00";"0";"ViewReport";"True";"Non requise - activite Purview trouvee";"False";"27/07/2026 10:55:18 +02:00";"76";"0";"76";"25/08/2026 22:04:40 +02:00";"25/08/2026 22:04:40 +02:00";;;;"HTTP 410 - ressource ou lien de pagination Graph expire/non disponible. Appel : GET /beta/auditLogs/signIns. Le controle correspondant est incomplet et interdit tout retrait de licence fonde sur cet appel.";
"CONSERVER - UTILISEE";"Activite Power BI reelle detectee dans Microsoft Purview Audit.";"James Bywood";"James.Bywood@infopro-digital.com";"James.Bywood@ukreiif.com";"True";"Member";"Power BI Pro";"DYN365_BUSCENTRAL_TEAM_MEMBER | ENTERPRISEPACK | FLOW_FREE | POWER_BI_PRO | POWER_BI_STANDARD";"22/12/2025 12:30:32 +01:00";"True";"28/05/2026 10:55:18 +02:00";"26/08/2026 10:55:18 +02:00";"120";"24/08/2026 12:59:51 +02:00";"1";"ViewReport";"True";"Non requise - activite Purview trouvee";"False";"27/07/2026 10:55:18 +02:00";"67";"0";"67";"24/08/2026 13:00:00 +02:00";"24/08/2026 13:00:00 +02:00";;;;"HTTP 410 - ressource ou lien de pagination Graph expire/non disponible. Appel : GET /beta/auditLogs/signIns. Le controle correspondant est incomplet et interdit tout retrait de licence fonde sur cet appel.";
"CONSERVER - UTILISEE";"Activite Power BI reelle detectee dans Microsoft Purview Audit.";"James Key";"James.Key@infopro-digital.com";"james.key@infopro-digital.com";"True";"Member";"Power BI Pro";"ENTERPRISEPACK | FLOW_FREE | MCOEV | POWER_BI_PRO | POWER_BI_STANDARD";"10/02/2026 17:23:18 +01:00";"True";"28/05/2026 10:55:18 +02:00";"26/08/2026 10:55:18 +02:00";"174";"25/08/2026 15:12:51 +02:00";"0";"ExportReport";"True";"Non requise - activite Purview trouvee";"False";"27/07/2026 10:55:18 +02:00";"487";"0";"487";"25/08/2026 16:42:37 +02:00";"25/08/2026 16:42:37 +02:00";;;;"HTTP 410 - ressource ou lien de pagination Graph expire/non disponible. Appel : GET /beta/auditLogs/signIns. Le controle correspondant est incomplet et interdit tout retrait de licence fonde sur cet appel.";
"CONSERVER - UTILISEE";"Activite Power BI reelle detectee dans Microsoft Purview Audit.";"James Parker";"james.parker@infopro-digital.com";"James.Parker@ukreiif.com";"True";"Member";"Power BI Pro";"ENTERPRISEPACK | POWER_BI_PRO | POWER_BI_STANDARD";"16/05/2025 22:31:22 +02:00";"True";"28/05/2026 10:55:18 +02:00";"26/08/2026 10:55:18 +02:00";"212";"24/08/2026 17:21:49 +02:00";"1";"ViewReport";"True";"Non requise - activite Purview trouvee";"False";"27/07/2026 10:55:18 +02:00";"276";"0";"276";"24/08/2026 17:21:55 +02:00";"24/08/2026 17:21:55 +02:00";;;;"HTTP 410 - ressource ou lien de pagination Graph expire/non disponible. Appel : GET /beta/auditLogs/signIns. Le controle correspondant est incomplet et interdit tout retrait de licence fonde sur cet appel.";
"CONSERVER - UTILISEE";"Activite Power BI reelle detectee dans Microsoft Purview Audit.";"Janice Tam";"Janice.Tam@infopro-digital.com";"Janice.Tam@infopro-digital.com";"True";"Member";"Power BI Pro";"ENTERPRISEPACK | FLOW_FREE | POWER_BI_PRO | POWER_BI_STANDARD";"30/03/2026 09:25:51 +02:00";"True";"28/05/2026 10:55:18 +02:00";"26/08/2026 10:55:18 +02:00";"433";"26/08/2026 05:16:32 +02:00";"0";"ViewReport";"True";"Non requise - activite Purview trouvee";"False";"27/07/2026 10:55:18 +02:00";"1126";"0";"1126";"26/08/2026 05:16:37 +02:00";"26/08/2026 05:16:37 +02:00";;;;"HTTP 410 - ressource ou lien de pagination Graph expire/non disponible. Appel : GET /beta/auditLogs/signIns. Le controle correspondant est incomplet et interdit tout retrait de licence fonde sur cet appel.";
"CONSERVER - UTILISEE";"Activite Power BI reelle detectee dans Microsoft Purview Audit.";"Jason Moore";"Jason.Moore@infopro-digital.com";"Jason.Moore@ukreiif.com";"True";"Member";"Power BI Pro";"DYN365_BUSCENTRAL_TEAM_MEMBER | ENTERPRISEPACK | POWER_BI_PRO | POWER_BI_STANDARD";"30/10/2025 15:33:40 +01:00";"True";"28/05/2026 10:55:18 +02:00";"26/08/2026 10:55:18 +02:00";"51";"24/08/2026 13:46:47 +02:00";"1";"ViewReport";"True";"Non requise - activite Purview trouvee";"False";"27/07/2026 10:55:18 +02:00";"188";"0";"188";"25/08/2026 10:34:17 +02:00";"25/08/2026 10:34:17 +02:00";;;;"HTTP 410 - ressource ou lien de pagination Graph expire/non disponible. Appel : GET /beta/auditLogs/signIns. Le controle correspondant est incomplet et interdit tout retrait de licence fonde sur cet appel.";
"CONSERVER - UTILISEE";"Activite Power BI reelle detectee dans Microsoft Purview Audit.";"Jawad Khan";"Jawad.Khan@infopro-digital.com";"jawad.khan@infopro-digital.com";"True";"Member";"Power BI Pro";"DYN365_BUSCENTRAL_ESSENTIAL | ENTERPRISEPACK | FLOW_FREE | MCOEV | POWER_BI_PRO | POWER_BI_STANDARD";"01/12/2023 10:29:29 +01:00";"True";"28/05/2026 10:55:18 +02:00";"26/08/2026 10:55:18 +02:00";"425";"21/08/2026 16:23:12 +02:00";"4";"ViewReport";"True";"Non requise - activite Purview trouvee";"False";"27/07/2026 10:55:18 +02:00";"841";"0";"841";"21/08/2026 16:23:17 +02:00";"21/08/2026 16:23:17 +02:00";;;;"HTTP 410 - ressource ou lien de pagination Graph expire/non disponible. Appel : GET /beta/auditLogs/signIns. Le controle correspondant est incomplet et interdit tout retrait de licence fonde sur cet appel.";
"CONSERVER - UTILISEE";"Activite Power BI reelle detectee dans Microsoft Purview Audit.";"DRAUX, Jean Baptiste";"jean-baptiste.draux@etai.fr";"jean-baptiste.draux@infopro-digital.com";"True";"Member";"Power BI Pro";"FLOW_FREE | POWER_BI_PRO | POWER_BI_STANDARD | STANDARDPACK | STREAM";"05/09/2024 15:14:41 +02:00";"True";"28/05/2026 10:55:18 +02:00";"26/08/2026 10:55:18 +02:00";"1";"16/06/2026 16:43:09 +02:00";"70";"ViewReport";"True";"Non requise - activite Purview trouvee";"False";"27/07/2026 10:55:18 +02:00";"23";"0";"23";"26/08/2026 01:09:21 +02:00";"26/08/2026 01:09:21 +02:00";;;;"HTTP 410 - ressource ou lien de pagination Graph expire/non disponible. Appel : GET /beta/auditLogs/signIns. Le controle correspondant est incomplet et interdit tout retrait de licence fonde sur cet appel.";
"CONSERVER - UTILISEE";"Activite Power BI reelle detectee dans Microsoft Purview Audit.";"JOUANNAUD, Jean Baptiste";"jean-baptiste.jouannaud@infopro-digital.com";"jean-baptiste.jouannaud@infopro-digital.com";"True";"Member";"Power BI Pro";"CCIBOTS_PRIVPREV_VIRAL | FLOW_FREE | MCOEV | Microsoft_365_Copilot | MICROSOFT_BUSINESS_CENTER | POWER_BI_STANDARD | POWERAPPS_VIRAL | SMB_APPS | SPE_E5 | STREAM";"17/07/2025 10:55:29 +02:00";"True";"28/05/2026 10:55:18 +02:00";"26/08/2026 10:55:18 +02:00";"3";"07/08/2026 02:54:09 +02:00";"19";"GetSnapshots";"True";"Non requise - activite Purview trouvee";"False";"27/07/2026 10:55:18 +02:00";"25";"0";"25";"17/08/2026 02:41:01 +02:00";"17/08/2026 02:41:01 +02:00";;;;"HTTP 410 - ressource ou lien de pagination Graph expire/non disponible. Appel : GET /beta/auditLogs/signIns. Le controle correspondant est incomplet et interdit tout retrait de licence fonde sur cet appel.";
"CONSERVER - UTILISEE";"Activite Power BI reelle detectee dans Microsoft Purview Audit.";"GABRIEL, Jean-Christophe";"jean-christophe.gabriel@infopro-digital.com";"jean-christophe.gabriel@infopro-digital.com";"True";"Member";"Power BI Pro";"ENTERPRISEPACK | FLOW_FREE | POWER_BI_PRO | POWER_BI_STANDARD";"23/07/2026 15:27:30 +02:00";"True";"28/05/2026 10:55:18 +02:00";"26/08/2026 10:55:18 +02:00";"13";"20/08/2026 16:14:33 +02:00";"5";"ViewReport";"True";"Non requise - activite Purview trouvee";"False";"27/07/2026 10:55:18 +02:00";"22";"0";"22";"20/08/2026 16:14:34 +02:00";"20/08/2026 16:14:34 +02:00";;;;"HTTP 410 - ressource ou lien de pagination Graph expire/non disponible. Appel : GET /beta/auditLogs/signIns. Le controle correspondant est incomplet et interdit tout retrait de licence fonde sur cet appel.";
"CONSERVER - UTILISEE";"Activite Power BI reelle detectee dans Microsoft Purview Audit.";"GARNIER, Jean Luc";"jean-luc.garnier@infopro-digital.com";"jean-luc.garnier@infopro-digital.com";"True";"Member";"Power BI Pro";"ENTERPRISEPACK | POWER_BI_PRO | POWER_BI_STANDARD";"26/01/2024 21:23:32 +01:00";"True";"28/05/2026 10:55:18 +02:00";"26/08/2026 10:55:18 +02:00";"97";"24/08/2026 09:58:54 +02:00";"2";"ExportArtifactDownload";"True";"Non requise - activite Purview trouvee";"False";"27/07/2026 10:55:18 +02:00";"50";"0";"50";"24/08/2026 09:58:18 +02:00";"24/08/2026 09:58:18 +02:00";;;;"HTTP 410 - ressource ou lien de pagination Graph expire/non disponible. Appel : GET /beta/auditLogs/signIns. Le controle correspondant est incomplet et interdit tout retrait de licence fonde sur cet appel.";
"CONSERVER - UTILISEE";"Activite Power BI reelle detectee dans Microsoft Purview Audit.";"LICARI, Jennifer";"jennifer.licari@infopro-digital.com";"jlicari@neoperf.com";"True";"Member";"Power BI Pro";"ENTERPRISEPACK | FLOW_FREE | POWER_BI_PRO | POWER_BI_STANDARD";"06/09/2022 15:49:20 +02:00";"True";"28/05/2026 10:55:18 +02:00";"26/08/2026 10:55:18 +02:00";"1";"16/06/2026 09:22:21 +02:00";"71";"GetSnapshots";"True";"Non requise - activite Purview trouvee";"False";"27/07/2026 10:55:18 +02:00";"22";"0";"22";"25/08/2026 14:05:09 +02:00";"25/08/2026 14:05:09 +02:00";;;;"HTTP 410 - ressource ou lien de pagination Graph expire/non disponible. Appel : GET /beta/auditLogs/signIns. Le controle correspondant est incomplet et interdit tout retrait de licence fonde sur cet appel.";
"CONSERVER - UTILISEE";"Activite Power BI reelle detectee dans Microsoft Purview Audit.";"MASSICARD, Jennifer";"jennifer.massicard@infopro-digital.com";"jennifer.massicard@infopro-digital.com";"True";"Member";"Power BI Pro";"FLOW_FREE | POWER_BI_PRO | POWER_BI_STANDARD | STANDARDPACK";"29/07/2024 12:11:06 +02:00";"True";"28/05/2026 10:55:18 +02:00";"26/08/2026 10:55:18 +02:00";"51";"25/08/2026 17:26:54 +02:00";"0";"ViewReport";"True";"Non requise - activite Purview trouvee";"False";"27/07/2026 10:55:18 +02:00";"104";"0";"104";"26/08/2026 09:58:47 +02:00";"26/08/2026 09:58:47 +02:00";;;;"HTTP 410 - ressource ou lien de pagination Graph expire/non disponible. Appel : GET /beta/auditLogs/signIns. Le controle correspondant est incomplet et interdit tout retrait de licence fonde sur cet appel.";
"CONSERVER - UTILISEE";"Activite Power BI reelle detectee dans Microsoft Purview Audit.";"Jennifer Reid (EXT)";"Jennifer.Reid@infopro-digital.com";"Jennifer.Reid@infopro-digital.com";"True";"Member";"Power BI Pro";"DYN365_BUSCENTRAL_ESSENTIAL | ENTERPRISEPACK | POWER_BI_PRO | POWER_BI_STANDARD";"11/03/2026 16:31:08 +01:00";"True";"28/05/2026 10:55:18 +02:00";"26/08/2026 10:55:18 +02:00";"1432";"19/08/2026 18:48:29 +02:00";"6";"ViewReport";"True";"Non requise - activite Purview trouvee";"False";"27/07/2026 10:55:18 +02:00";"345";"0";"345";"19/08/2026 18:49:06 +02:00";"19/08/2026 18:49:06 +02:00";;;;"HTTP 410 - ressource ou lien de pagination Graph expire/non disponible. Appel : GET /beta/auditLogs/signIns. Le controle correspondant est incomplet et interdit tout retrait de licence fonde sur cet appel.";
"CONSERVER - UTILISEE";"Activite Power BI reelle detectee dans Microsoft Purview Audit.";"SOARES, Jennifer";"jennifer.soares@infopro-digital.com";"jennifer.soares@infopro-digital.com";"True";"Member";"Power BI Pro";"FLOW_FREE | POWER_BI_PRO | POWER_BI_STANDARD | STANDARDPACK";"20/08/2020 18:00:42 +02:00";"True";"28/05/2026 10:55:18 +02:00";"26/08/2026 10:55:18 +02:00";"18";"12/08/2026 23:31:19 +02:00";"13";"ViewReport";"True";"Non requise - activite Purview trouvee";"False";"27/07/2026 10:55:18 +02:00";"46";"0";"46";"12/08/2026 23:32:25 +02:00";"12/08/2026 23:32:25 +02:00";;;;"HTTP 410 - ressource ou lien de pagination Graph expire/non disponible. Appel : GET /beta/auditLogs/signIns. Le controle correspondant est incomplet et interdit tout retrait de licence fonde sur cet appel.";
"CONSERVER - UTILISEE";"Activite Power BI reelle detectee dans Microsoft Purview Audit.";"TERRIER, Jeremy";"jeremy.terrier@infopro-digital.com";"jeremy.terrier@infopro-digital.com";"True";"Member";"Power BI Pro";"ENTERPRISEPACK | FLOW_FREE | POWER_BI_PRO | POWER_BI_STANDARD";"02/07/2026 16:30:46 +02:00";"True";"28/05/2026 10:55:18 +02:00";"26/08/2026 10:55:18 +02:00";"26";"31/07/2026 11:31:57 +02:00";"25";"ViewReport";"True";"Non requise - activite Purview trouvee";"False";"27/07/2026 10:55:18 +02:00";"109";"0";"109";"21/08/2026 12:34:35 +02:00";"21/08/2026 12:34:35 +02:00";;;;"HTTP 410 - ressource ou lien de pagination Graph expire/non disponible. Appel : GET /beta/auditLogs/signIns. Le controle correspondant est incomplet et interdit tout retrait de licence fonde sur cet appel.";
"CONSERVER - UTILISEE";"Activite Power BI reelle detectee dans Microsoft Purview Audit.";"BAULAN, Jerome";"jerome.baulan@inovaxo.fr";"jerome.baulan@infopro-digital.com";"True";"Member";"Power BI Pro";"FLOW_FREE | POWER_BI_PRO | POWER_BI_STANDARD | STANDARDPACK | STREAM";"11/10/2024 14:55:58 +02:00";"True";"28/05/2026 10:55:18 +02:00";"26/08/2026 10:55:18 +02:00";"6";"04/08/2026 15:57:05 +02:00";"21";"ViewReport";"True";"Non requise - activite Purview trouvee";"False";"27/07/2026 10:55:18 +02:00";"13";"0";"13";"04/08/2026 15:57:10 +02:00";"04/08/2026 15:57:10 +02:00";;;;"HTTP 410 - ressource ou lien de pagination Graph expire/non disponible. Appel : GET /beta/auditLogs/signIns. Le controle correspondant est incomplet et interdit tout retrait de licence fonde sur cet appel.";
"CONSERVER - UTILISEE";"Activite Power BI reelle detectee dans Microsoft Purview Audit.";"Jérôme DA SILVA";"jerome.dasilva@infopro-digital.com";"jerome.dasilva@groupemoniteur.fr";"True";"Member";"Power BI Pro";"ENTERPRISEPACK | FLOW_FREE | POWER_BI_PRO | POWER_BI_STANDARD";"28/04/2025 10:36:42 +02:00";"True";"28/05/2026 10:55:18 +02:00";"26/08/2026 10:55:18 +02:00";"17";"24/08/2026 09:21:04 +02:00";"2";"ExportReport";"True";"Non requise - activite Purview trouvee";"False";"27/07/2026 10:55:18 +02:00";"24";"0";"24";"24/08/2026 18:54:14 +02:00";"24/08/2026 18:54:14 +02:00";;;;"HTTP 410 - ressource ou lien de pagination Graph expire/non disponible. Appel : GET /beta/auditLogs/signIns. Le controle correspondant est incomplet et interdit tout retrait de licence fonde sur cet appel.";
"CONSERVER - UTILISEE";"Activite Power BI reelle detectee dans Microsoft Purview Audit.";"DROIN, Jerome";"jerome.droin@infopro-digital.com";"jerome.droin@infopro-digital.com";"True";"Member";"Power BI Pro";"FLOW_FREE | POWER_BI_PRO | POWER_BI_STANDARD | STANDARDPACK";"06/02/2023 09:23:47 +01:00";"True";"28/05/2026 10:55:18 +02:00";"26/08/2026 10:55:18 +02:00";"41";"24/08/2026 17:23:46 +02:00";"1";"ViewReport";"True";"Non requise - activite Purview trouvee";"False";"27/07/2026 10:55:18 +02:00";"27";"0";"27";"24/08/2026 17:23:45 +02:00";"24/08/2026 17:23:45 +02:00";;;;"HTTP 410 - ressource ou lien de pagination Graph expire/non disponible. Appel : GET /beta/auditLogs/signIns. Le controle correspondant est incomplet et interdit tout retrait de licence fonde sur cet appel.";
"CONSERVER - UTILISEE";"Activite Power BI reelle detectee dans Microsoft Purview Audit.";"Jessica Davies";"jessica.davies@barbour-abi.com";"jessica.davies@barbour-abi.com";"True";"Member";"Power BI Pro";"DYN365_BUSCENTRAL_ESSENTIAL | ENTERPRISEPACK | FLOW_FREE | POWER_BI_PRO | POWER_BI_STANDARD";"07/01/2026 11:44:23 +01:00";"True";"28/05/2026 10:55:18 +02:00";"26/08/2026 10:55:18 +02:00";"175";"26/08/2026 09:19:08 +02:00";"0";"ViewReport";"True";"Non requise - activite Purview trouvee";"False";"27/07/2026 10:55:18 +02:00";"778";"0";"778";"26/08/2026 10:51:02 +02:00";"26/08/2026 10:51:02 +02:00";;;;"HTTP 410 - ressource ou lien de pagination Graph expire/non disponible. Appel : GET /beta/auditLogs/signIns. Le controle correspondant est incomplet et interdit tout retrait de licence fonde sur cet appel.";
"CONSERVER - UTILISEE";"Activite Power BI reelle detectee dans Microsoft Purview Audit.";"Jillian Baugher";"Jillian.Baugher@infopro-digital.com";"Jill.Baugher@infopro-digital.com";"True";"Member";"Power BI Pro";"ENTERPRISEPACK | FLOW_FREE | MCOEV | POWER_BI_PRO";"29/07/2025 17:09:47 +02:00";"True";"28/05/2026 10:55:18 +02:00";"26/08/2026 10:55:18 +02:00";"261";"25/08/2026 21:09:32 +02:00";"0";"ViewReport";"True";"Non requise - activite Purview trouvee";"False";"27/07/2026 10:55:18 +02:00";"915";"0";"915";"25/08/2026 21:51:37 +02:00";"25/08/2026 21:51:37 +02:00";;;;"HTTP 410 - ressource ou lien de pagination Graph expire/non disponible. Appel : GET /beta/auditLogs/signIns. Le controle correspondant est incomplet et interdit tout retrait de licence fonde sur cet appel.";
"CONSERVER - UTILISEE";"Activite Power BI reelle detectee dans Microsoft Purview Audit.";"MEININGHAUS, Jim Hendrik";"jim-hendrik.meininghaus@infopro-digital.com";"jim-hendrik.meininghaus@infopro-digital.com";"True";"Member";"Power BI Pro";"ENTERPRISEPACK | POWER_BI_PRO | POWER_BI_STANDARD";"30/06/2026 16:27:33 +02:00";"True";"28/05/2026 10:55:18 +02:00";"26/08/2026 10:55:18 +02:00";"26";"20/08/2026 10:25:49 +02:00";"6";"ViewReport";"True";"Non requise - activite Purview trouvee";"False";"27/07/2026 10:55:18 +02:00";"301";"0";"301";"21/08/2026 18:15:50 +02:00";"21/08/2026 18:15:50 +02:00";;;;"HTTP 410 - ressource ou lien de pagination Graph expire/non disponible. Appel : GET /beta/auditLogs/signIns. Le controle correspondant est incomplet et interdit tout retrait de licence fonde sur cet appel.";
"CONSERVER - UTILISEE";"Activite Power BI reelle detectee dans Microsoft Purview Audit.";"Joann Rebello";"Joann.Rebello@infopro-digital.com";"joann.rebello@infopro-digital.com";"True";"Member";"Power BI Pro";"ENTERPRISEPACK | FLOW_FREE | MCOEV | POWER_BI_PRO | POWER_BI_STANDARD";"11/03/2026 16:31:12 +01:00";"True";"28/05/2026 10:55:18 +02:00";"26/08/2026 10:55:18 +02:00";"19";"25/08/2026 13:28:16 +02:00";"0";"ViewReport";"True";"Non requise - activite Purview trouvee";"False";"27/07/2026 10:55:18 +02:00";"143";"0";"143";"26/08/2026 10:59:43 +02:00";"26/08/2026 10:59:43 +02:00";;;;"HTTP 410 - ressource ou lien de pagination Graph expire/non disponible. Appel : GET /beta/auditLogs/signIns. Le controle correspondant est incomplet et interdit tout retrait de licence fonde sur cet appel.";
"CONSERVER - UTILISEE";"Activite Power BI reelle detectee dans Microsoft Purview Audit.";"Joasia E. Popowicz";"Joasia.Popowicz@infopro-digital.com";"joasia.popowicz@infopro-digital.com";"True";"Member";"Power BI Pro";"ENTERPRISEPACK | FLOW_FREE | MCOEV | POWER_BI_PRO | POWER_BI_STANDARD";"04/07/2025 10:55:37 +02:00";"True";"28/05/2026 10:55:18 +02:00";"26/08/2026 10:55:18 +02:00";"12";"25/08/2026 08:43:47 +02:00";"1";"ViewReport";"True";"Non requise - activite Purview trouvee";"False";"27/07/2026 10:55:18 +02:00";"114";"0";"114";"25/08/2026 10:10:32 +02:00";"25/08/2026 10:10:32 +02:00";;;;"HTTP 410 - ressource ou lien de pagination Graph expire/non disponible. Appel : GET /beta/auditLogs/signIns. Le controle correspondant est incomplet et interdit tout retrait de licence fonde sur cet appel.";
"CONSERVER - UTILISEE";"Activite Power BI reelle detectee dans Microsoft Purview Audit.";"Joe Parsons";"Joe.Parsons@infopro-digital.com";"joe.parsons@infopro-digital.com";"True";"Member";"Power BI Pro";"ENTERPRISEPACK | FLOW_FREE | MCOEV | POWER_BI_PRO | POWER_BI_STANDARD";"04/07/2025 10:55:39 +02:00";"True";"28/05/2026 10:55:18 +02:00";"26/08/2026 10:55:18 +02:00";"51";"24/08/2026 16:56:08 +02:00";"1";"ViewReport";"True";"Non requise - activite Purview trouvee";"False";"27/07/2026 10:55:18 +02:00";"193";"0";"193";"24/08/2026 16:56:14 +02:00";"24/08/2026 16:56:14 +02:00";;;;"HTTP 410 - ressource ou lien de pagination Graph expire/non disponible. Appel : GET /beta/auditLogs/signIns. Le controle correspondant est incomplet et interdit tout retrait de licence fonde sur cet appel.";
"CONSERVER - UTILISEE";"Activite Power BI reelle detectee dans Microsoft Purview Audit.";"BENDEL, Jörg | Heinze";"joerg.bendel@infopro-digital.com";"Joerg.Bendel@heinze.de";"True";"Member";"Power BI Pro";"FLOW_FREE | POWER_BI_PRO | POWER_BI_STANDARD | STANDARDPACK";"15/04/2025 11:01:35 +02:00";"True";"28/05/2026 10:55:18 +02:00";"26/08/2026 10:55:18 +02:00";"23";"19/08/2026 10:52:38 +02:00";"7";"ViewReport";"True";"Non requise - activite Purview trouvee";"False";"27/07/2026 10:55:18 +02:00";"88";"0";"88";"20/08/2026 13:29:29 +02:00";"20/08/2026 13:29:29 +02:00";;;;"HTTP 410 - ressource ou lien de pagination Graph expire/non disponible. Appel : GET /beta/auditLogs/signIns. Le controle correspondant est incomplet et interdit tout retrait de licence fonde sur cet appel.";
"CONSERVER - UTILISEE";"Activite Power BI reelle detectee dans Microsoft Purview Audit.";"FLASDIECK, Jörg | Heinze";"joerg.flasdieck@infopro-digital.com";"Joerg.Flasdieck@heinze.de";"True";"Member";"Power BI Pro";"FLOW_FREE | POWER_BI_PRO | POWER_BI_STANDARD | STANDARDPACK";"15/04/2025 11:01:31 +02:00";"True";"28/05/2026 10:55:18 +02:00";"26/08/2026 10:55:18 +02:00";"8";"03/08/2026 09:40:38 +02:00";"23";"ViewReport";"True";"Non requise - activite Purview trouvee";"False";"27/07/2026 10:55:18 +02:00";"35";"0";"35";"24/08/2026 19:02:30 +02:00";"24/08/2026 19:02:30 +02:00";;;;"HTTP 410 - ressource ou lien de pagination Graph expire/non disponible. Appel : GET /beta/auditLogs/signIns. Le controle correspondant est incomplet et interdit tout retrait de licence fonde sur cet appel.";
"CONSERVER - UTILISEE";"Activite Power BI reelle detectee dans Microsoft Purview Audit.";"HAEGEMAN, Johan";"johan.haegeman@infopro-digital.com";"johan.haegeman@ebp.be";"True";"Member";"Power BI Pro";"ENTERPRISEPACK | POWER_BI_PRO | POWER_BI_STANDARD";"26/06/2026 12:12:36 +02:00";"True";"28/05/2026 10:55:18 +02:00";"26/08/2026 10:55:18 +02:00";"25";"23/08/2026 18:54:16 +02:00";"2";"ExportReport";"True";"Non requise - activite Purview trouvee";"False";"27/07/2026 10:55:18 +02:00";"142";"0";"142";"23/08/2026 18:51:58 +02:00";"23/08/2026 18:51:58 +02:00";;;;"HTTP 410 - ressource ou lien de pagination Graph expire/non disponible. Appel : GET /beta/auditLogs/signIns. Le controle correspondant est incomplet et interdit tout retrait de licence fonde sur cet appel.";
"CONSERVER - UTILISEE";"Activite Power BI reelle detectee dans Microsoft Purview Audit.";"Johan Morales";"Johan.Morales@infopro-digital.com";"Johan.Morales@infopro-digital.com";"True";"Member";"Power BI Pro";"DYN365_BUSCENTRAL_ESSENTIAL | ENTERPRISEPACK | FLOW_FREE | MCOEV | POWER_BI_PRO | POWER_BI_STANDARD";"17/10/2025 16:31:52 +02:00";"True";"28/05/2026 10:55:18 +02:00";"26/08/2026 10:55:18 +02:00";"1433";"26/08/2026 10:03:10 +02:00";"0";"ViewReport";"True";"Non requise - activite Purview trouvee";"False";"27/07/2026 10:55:18 +02:00";"3844";"0";"3844";"26/08/2026 11:44:06 +02:00";"26/08/2026 11:11:10 +02:00";"26/08/2026 11:44:06 +02:00";;;"HTTP 410 - ressource ou lien de pagination Graph expire/non disponible. Appel : GET /beta/auditLogs/signIns. Le controle correspondant est incomplet et interdit tout retrait de licence fonde sur cet appel.";
"CONSERVER - UTILISEE";"Activite Power BI reelle detectee dans Microsoft Purview Audit.";"VU, Johan";"johan.vu@infopro-digital.com";"johan.vu@infopro-digital.com";"True";"Member";"Power BI Pro";"ENTERPRISEPACK | FLOW_FREE | POWER_BI_PRO | POWER_BI_STANDARD | STREAM";"23/05/2024 10:10:18 +02:00";"True";"28/05/2026 10:55:18 +02:00";"26/08/2026 10:55:18 +02:00";"18";"07/08/2026 11:18:45 +02:00";"18";"AnalyzeInExcel";"True";"Non requise - activite Purview trouvee";"False";"27/07/2026 10:55:18 +02:00";"54";"0";"54";"07/08/2026 15:23:01 +02:00";"07/08/2026 15:23:01 +02:00";;;;"HTTP 410 - ressource ou lien de pagination Graph expire/non disponible. Appel : GET /beta/auditLogs/signIns. Le controle correspondant est incomplet et interdit tout retrait de licence fonde sur cet appel.";
"CONSERVER - UTILISEE";"Activite Power BI reelle detectee dans Microsoft Purview Audit.";"John Mullen";"John.Mullen@infopro-digital.com";"John.Mullen@Chartis-Research.com";"True";"Member";"Power BI Pro";"ENTERPRISEPACK | MCOEV | POWER_BI_PRO | POWER_BI_STANDARD";"20/02/2026 11:11:26 +01:00";"True";"28/05/2026 10:55:18 +02:00";"26/08/2026 10:55:18 +02:00";"14";"12/08/2026 02:59:43 +02:00";"14";"ViewReport";"True";"Non requise - activite Purview trouvee";"False";"27/07/2026 10:55:18 +02:00";"32";"0";"32";"12/08/2026 02:59:51 +02:00";"12/08/2026 02:59:51 +02:00";;;;"HTTP 410 - ressource ou lien de pagination Graph expire/non disponible. Appel : GET /beta/auditLogs/signIns. Le controle correspondant est incomplet et interdit tout retrait de licence fonde sur cet appel.";
"CONSERVER - UTILISEE";"Activite Power BI reelle detectee dans Microsoft Purview Audit.";"VAN DER VALK, John";"john.van-der-valk@infopro-digital.com";"john.van-der-valk@infopro-digital.com";"True";"Member";"Power BI Pro";"FLOW_FREE | Microsoft_365_Copilot | SPE_E5";"08/09/2025 17:16:56 +02:00";"True";"28/05/2026 10:55:18 +02:00";"26/08/2026 10:55:18 +02:00";"213";"25/08/2026 16:18:05 +02:00";"0";"ViewReport";"True";"Non requise - activite Purview trouvee";"False";"27/07/2026 10:55:18 +02:00";"173";"0";"173";"25/08/2026 16:18:10 +02:00";"25/08/2026 16:18:10 +02:00";;;;"HTTP 410 - ressource ou lien de pagination Graph expire/non disponible. Appel : GET /beta/auditLogs/signIns. Le controle correspondant est incomplet et interdit tout retrait de licence fonde sur cet appel.";
"CONSERVER - UTILISEE";"Activite Power BI reelle detectee dans Microsoft Purview Audit.";"Jon Lloyd";"jon.lloyd@infopro-digital.com";"jon.lloyd@infopro-digital.com";"True";"Member";"Power BI Pro";"DYN365_BUSCENTRAL_TEAM_MEMBER | ENTERPRISEPACK | FLOW_FREE | MCOEV | POWER_BI_PRO | POWER_BI_STANDARD | STREAM";"04/07/2025 10:55:37 +02:00";"True";"28/05/2026 10:55:18 +02:00";"26/08/2026 10:55:18 +02:00";"122";"25/08/2026 12:39:57 +02:00";"0";"ExportReport";"True";"Non requise - activite Purview trouvee";"False";"27/07/2026 10:55:18 +02:00";"177";"0";"177";"25/08/2026 13:47:29 +02:00";"25/08/2026 13:47:29 +02:00";;;;"HTTP 410 - ressource ou lien de pagination Graph expire/non disponible. Appel : GET /beta/auditLogs/signIns. Le controle correspondant est incomplet et interdit tout retrait de licence fonde sur cet appel.";
"CONSERVER - UTILISEE";"Activite Power BI reelle detectee dans Microsoft Purview Audit.";"Jonathan Fogg";"jonathan.fogg@barbour-abi.com";"jonathan.fogg@barbour-abi.com";"True";"Member";"Power BI Pro";"DYN365_BUSCENTRAL_TEAM_MEMBER | ENTERPRISEPACK | FLOW_FREE | POWER_BI_PRO | POWER_BI_STANDARD";"11/09/2025 17:00:48 +02:00";"True";"28/05/2026 10:55:18 +02:00";"26/08/2026 10:55:18 +02:00";"190";"18/08/2026 11:05:53 +02:00";"7";"GetSnapshots";"True";"Non requise - activite Purview trouvee";"False";"27/07/2026 10:55:18 +02:00";"440";"0";"440";"24/08/2026 18:41:00 +02:00";"24/08/2026 18:41:00 +02:00";;;;"HTTP 410 - ressource ou lien de pagination Graph expire/non disponible. Appel : GET /beta/auditLogs/signIns. Le controle correspondant est incomplet et interdit tout retrait de licence fonde sur cet appel.";
"CONSERVER - UTILISEE";"Activite Power BI reelle detectee dans Microsoft Purview Audit.";"GRIMAL, Jonathan";"jonathan.grimal@etai.fr";"jonathan.grimal@infopro-digital.com";"True";"Member";"Power BI Pro";"FLOW_FREE | POWER_BI_PRO | POWER_BI_STANDARD | PROJECTPROFESSIONAL | STANDARDPACK | STREAM";"30/09/2021 16:04:51 +02:00";"True";"28/05/2026 10:55:18 +02:00";"26/08/2026 10:55:18 +02:00";"4226";"26/08/2026 08:22:50 +02:00";"0";"ConnectFromExternalApplication";"True";"Non requise - activite Purview trouvee";"False";"27/07/2026 10:55:18 +02:00";"550";"0";"550";"26/08/2026 10:56:05 +02:00";"26/08/2026 10:47:52 +02:00";"26/08/2026 10:56:05 +02:00";;;"HTTP 410 - ressource ou lien de pagination Graph expire/non disponible. Appel : GET /beta/auditLogs/signIns. Le controle correspondant est incomplet et interdit tout retrait de licence fonde sur cet appel.";
"CONSERVER - UTILISEE";"Activite Power BI reelle detectee dans Microsoft Purview Audit.";"Jonathan Swift";"jonathan.swift@infopro-digital.com";"jonathan.swift@infopro-digital.com";"True";"Member";"Power BI Pro";"DYN365_BUSCENTRAL_TEAM_MEMBER | ENTERPRISEPACK | FLOW_FREE | MCOEV | POWER_BI_PRO | POWER_BI_STANDARD";"16/07/2025 11:31:11 +02:00";"True";"28/05/2026 10:55:18 +02:00";"26/08/2026 10:55:18 +02:00";"7";"23/07/2026 15:03:41 +02:00";"33";"ViewReport";"True";"Non requise - activite Purview trouvee";"False";"27/07/2026 10:55:18 +02:00";"11";"0";"11";"22/08/2026 22:38:52 +02:00";"22/08/2026 22:38:52 +02:00";;;;"HTTP 410 - ressource ou lien de pagination Graph expire/non disponible. Appel : GET /beta/auditLogs/signIns. Le controle correspondant est incomplet et interdit tout retrait de licence fonde sur cet appel.";
"CONSERVER - UTILISEE";"Activite Power BI reelle detectee dans Microsoft Purview Audit.";"Jonathan White";"Jonathan.White@infopro-digital.com";"Jonathan.White@risk.net";"True";"Member";"Power BI Pro";"ENTERPRISEPACK | FLOW_FREE | MCOEV | POWER_BI_PRO";"04/07/2025 10:55:37 +02:00";"True";"28/05/2026 10:55:18 +02:00";"26/08/2026 10:55:18 +02:00";"4";"03/08/2026 12:20:01 +02:00";"22";"ViewReport";"True";"Non requise - activite Purview trouvee";"False";"27/07/2026 10:55:18 +02:00";"83";"0";"83";"26/08/2026 10:45:21 +02:00";"26/08/2026 10:45:21 +02:00";;;;"HTTP 410 - ressource ou lien de pagination Graph expire/non disponible. Appel : GET /beta/auditLogs/signIns. Le controle correspondant est incomplet et interdit tout retrait de licence fonde sur cet appel.";
"CONSERVER - UTILISEE";"Activite Power BI reelle detectee dans Microsoft Purview Audit.";"Joshua King";"Joshua.King@infopro-digital.com";"Joshua.King@infopro-digital.com";"True";"Member";"Power BI Pro";"ENTERPRISEPACK | POWER_BI_PRO | POWER_BI_STANDARD";"11/03/2026 16:31:15 +01:00";"True";"28/05/2026 10:55:18 +02:00";"26/08/2026 10:55:18 +02:00";"1";"26/06/2026 14:57:16 +02:00";"60";"ViewReport";"True";"Non requise - activite Purview trouvee";"False";"27/07/2026 10:55:18 +02:00";"18";"0";"18";"25/08/2026 19:04:34 +02:00";"25/08/2026 19:04:34 +02:00";;;;"HTTP 410 - ressource ou lien de pagination Graph expire/non disponible. Appel : GET /beta/auditLogs/signIns. Le controle correspondant est incomplet et interdit tout retrait de licence fonde sur cet appel.";
"CONSERVER - UTILISEE";"Activite Power BI reelle detectee dans Microsoft Purview Audit.";"LEBRETON, Josiane";"josiane.lebreton@infopro-digital.com";"josiane.lebreton@infopro-digital.com";"True";"Member";"Power BI Pro";"FLOW_FREE | POWER_BI_PRO | POWER_BI_STANDARD | STANDARDPACK";"16/01/2024 17:49:13 +01:00";"True";"28/05/2026 10:55:18 +02:00";"26/08/2026 10:55:18 +02:00";"698";"17/08/2026 13:15:09 +02:00";"8";"CreateDataset";"True";"Non requise - activite Purview trouvee";"False";"27/07/2026 10:55:18 +02:00";"648";"0";"648";"26/08/2026 07:43:11 +02:00";"26/08/2026 07:43:11 +02:00";"07/08/2026 15:45:06 +02:00";;;"HTTP 410 - ressource ou lien de pagination Graph expire/non disponible. Appel : GET /beta/auditLogs/signIns. Le controle correspondant est incomplet et interdit tout retrait de licence fonde sur cet appel.";
"CONSERVER - UTILISEE";"Activite Power BI reelle detectee dans Microsoft Purview Audit.";"DOLHAIN, Julia";"julia.dolhain@infopro-digital.com";"julia.dolhain@infopro-digital.com";"True";"Member";"Power BI Pro";"ENTERPRISEPACK | FLOW_FREE | POWER_BI_PRO | POWER_BI_STANDARD";"02/12/2024 09:51:40 +01:00";"True";"28/05/2026 10:55:18 +02:00";"26/08/2026 10:55:18 +02:00";"60";"20/07/2026 11:34:50 +02:00";"36";"ExportArtifactDownload";"True";"Non requise - activite Purview trouvee";"False";"27/07/2026 10:55:18 +02:00";"15";"0";"15";"24/08/2026 18:15:55 +02:00";"24/08/2026 18:15:55 +02:00";;;;"HTTP 410 - ressource ou lien de pagination Graph expire/non disponible. Appel : GET /beta/auditLogs/signIns. Le controle correspondant est incomplet et interdit tout retrait de licence fonde sur cet appel.";
"CONSERVER - UTILISEE";"Activite Power BI reelle detectee dans Microsoft Purview Audit.";"COURSIMAULT, Julie (EXT)";"julie.coursimault@infopro-digital.com";"julie.coursimault@infopro-digital.com";"True";"Member";"Power BI Pro";"POWER_BI_PRO | POWER_BI_STANDARD | STANDARDPACK";"02/07/2026 10:00:27 +02:00";"True";"28/05/2026 10:55:18 +02:00";"26/08/2026 10:55:18 +02:00";"10";"18/06/2026 14:26:39 +02:00";"68";"ViewReport";"True";"Non requise - activite Purview trouvee";"False";"27/07/2026 10:55:18 +02:00";"18";"0";"18";"20/08/2026 16:29:17 +02:00";"20/08/2026 16:29:17 +02:00";;;;"HTTP 410 - ressource ou lien de pagination Graph expire/non disponible. Appel : GET /beta/auditLogs/signIns. Le controle correspondant est incomplet et interdit tout retrait de licence fonde sur cet appel.";
"CONSERVER - UTILISEE";"Activite Power BI reelle detectee dans Microsoft Purview Audit.";"LACAILLE, Julie";"julie.lacaille@red-on-line.com";"julie.lacaille@red-on-line.com";"True";"Member";"Power BI Pro";"ENTERPRISEPACK | FLOW_FREE | POWER_BI_PRO | POWER_BI_STANDARD";"11/04/2025 12:40:53 +02:00";"True";"28/05/2026 10:55:18 +02:00";"26/08/2026 10:55:18 +02:00";"4";"03/07/2026 09:23:31 +02:00";"54";"ViewReport";"True";"Non requise - activite Purview trouvee";"False";"27/07/2026 10:55:18 +02:00";"17";"0";"17";"23/08/2026 16:40:35 +02:00";"23/08/2026 16:40:35 +02:00";;;;"HTTP 410 - ressource ou lien de pagination Graph expire/non disponible. Appel : GET /beta/auditLogs/signIns. Le controle correspondant est incomplet et interdit tout retrait de licence fonde sur cet appel.";
"CONSERVER - UTILISEE";"Activite Power BI reelle detectee dans Microsoft Purview Audit.";"REQUENA, Karine";"karine.requena@infopro-digital.com";"karine.requena@infopro-digital.com";"True";"Member";"Power BI Pro";"FLOW_FREE | POWER_BI_PRO | POWER_BI_STANDARD | STANDARDPACK";"27/07/2026 11:04:10 +02:00";"True";"28/05/2026 10:55:18 +02:00";"26/08/2026 10:55:18 +02:00";"216";"25/08/2026 12:44:17 +02:00";"0";"ViewReport";"True";"Non requise - activite Purview trouvee";"False";"27/07/2026 10:55:18 +02:00";"229";"0";"229";"25/08/2026 12:12:21 +02:00";"25/08/2026 12:12:21 +02:00";;;;"HTTP 410 - ressource ou lien de pagination Graph expire/non disponible. Appel : GET /beta/auditLogs/signIns. Le controle correspondant est incomplet et interdit tout retrait de licence fonde sur cet appel.";
"CONSERVER - UTILISEE";"Activite Power BI reelle detectee dans Microsoft Purview Audit.";"BUDDE, Karsten | Heinze";"karsten.budde@infopro-digital.com";"Karsten.Budde@heinze.de";"True";"Member";"Power BI Pro";"FLOW_FREE | POWER_BI_PRO | POWER_BI_STANDARD | STANDARDPACK";"01/08/2025 12:12:59 +02:00";"True";"28/05/2026 10:55:18 +02:00";"26/08/2026 10:55:18 +02:00";"4";"04/08/2026 14:00:30 +02:00";"21";"ViewReport";"True";"Non requise - activite Purview trouvee";"False";"27/07/2026 10:55:18 +02:00";"16";"0";"16";"25/08/2026 17:38:26 +02:00";"25/08/2026 17:38:26 +02:00";;;;"HTTP 410 - ressource ou lien de pagination Graph expire/non disponible. Appel : GET /beta/auditLogs/signIns. Le controle correspondant est incomplet et interdit tout retrait de licence fonde sur cet appel.";
"CONSERVER - UTILISEE";"Activite Power BI reelle detectee dans Microsoft Purview Audit.";"Katelyn Zdunek";"Katelyn.Zdunek@infopro-digital.com";"katelyn.zdunek@infopro-digital.com";"True";"Member";"Power BI Pro";"DYN365_BUSCENTRAL_TEAM_MEMBER | ENTERPRISEPACK | FLOW_FREE | MCOEV | POWER_BI_PRO";"06/01/2026 18:25:19 +01:00";"True";"28/05/2026 10:55:18 +02:00";"26/08/2026 10:55:18 +02:00";"25";"25/08/2026 17:59:30 +02:00";"0";"ViewReport";"True";"Non requise - activite Purview trouvee";"False";"27/07/2026 10:55:18 +02:00";"70";"0";"70";"25/08/2026 17:59:37 +02:00";"25/08/2026 17:59:37 +02:00";;;;"HTTP 410 - ressource ou lien de pagination Graph expire/non disponible. Appel : GET /beta/auditLogs/signIns. Le controle correspondant est incomplet et interdit tout retrait de licence fonde sur cet appel.";
"CONSERVER - UTILISEE";"Activite Power BI reelle detectee dans Microsoft Purview Audit.";"LUX, Katharina | BauNetz";"katharina.lux@infopro-digital.com";"lux@baunetz.com";"True";"Member";"Power BI Pro";"FLOW_FREE | POWER_BI_PRO | POWER_BI_STANDARD | STANDARDPACK";"13/04/2026 00:54:26 +02:00";"True";"28/05/2026 10:55:18 +02:00";"26/08/2026 10:55:18 +02:00";"16";"19/08/2026 15:12:58 +02:00";"6";"ViewReport";"True";"Non requise - activite Purview trouvee";"False";"27/07/2026 10:55:18 +02:00";"31";"0";"31";"19/08/2026 22:34:53 +02:00";"19/08/2026 22:34:53 +02:00";;;;"HTTP 410 - ressource ou lien de pagination Graph expire/non disponible. Appel : GET /beta/auditLogs/signIns. Le controle correspondant est incomplet et interdit tout retrait de licence fonde sur cet appel.";
"CONSERVER - UTILISEE";"Activite Power BI reelle detectee dans Microsoft Purview Audit.";"YOGARAJAH, Kathirsan";"kathirsan.yogarajah@infopro-digital.com";"kathirsan.yogarajah@infopro-digital.com";"True";"Member";"Power BI Pro";"FLOW_FREE | POWER_BI_PRO | POWER_BI_STANDARD | STANDARDPACK";"26/03/2024 15:51:16 +01:00";"True";"28/05/2026 10:55:18 +02:00";"26/08/2026 10:55:18 +02:00";"358";"25/08/2026 14:35:23 +02:00";"0";"ViewReport";"True";"Non requise - activite Purview trouvee";"False";"27/07/2026 10:55:18 +02:00";"1028";"0";"1028";"26/08/2026 11:04:45 +02:00";"26/08/2026 11:04:45 +02:00";"26/08/2026 10:54:49 +02:00";;;"HTTP 410 - ressource ou lien de pagination Graph expire/non disponible. Appel : GET /beta/auditLogs/signIns. Le controle correspondant est incomplet et interdit tout retrait de licence fonde sur cet appel.";
"CONSERVER - UTILISEE";"Activite Power BI reelle detectee dans Microsoft Purview Audit.";"Kathryn Headington";"Kathryn.Headington@infopro-digital.com";"Kathryn.Headington@infopro-digital.com";"True";"Member";"Power BI Pro";"DYN365_BUSCENTRAL_TEAM_MEMBER | ENTERPRISEPACK | FLOW_FREE | MCOEV | POWER_BI_PRO | POWER_BI_STANDARD";"28/04/2026 18:07:58 +02:00";"True";"28/05/2026 10:55:18 +02:00";"26/08/2026 10:55:18 +02:00";"2";"28/06/2026 10:58:20 +02:00";"58";"GetSnapshots";"True";"Non requise - activite Purview trouvee";"False";"27/07/2026 10:55:18 +02:00";"18";"0";"18";"23/08/2026 21:04:01 +02:00";"23/08/2026 21:04:01 +02:00";;;;"HTTP 410 - ressource ou lien de pagination Graph expire/non disponible. Appel : GET /beta/auditLogs/signIns. Le controle correspondant est incomplet et interdit tout retrait de licence fonde sur cet appel.";
"CONSERVER - UTILISEE";"Activite Power BI reelle detectee dans Microsoft Purview Audit.";"Kelvin Andrews";"Kelvin.Andrews@infopro-digital.com";"kelvin.andrews@infopro-digital.com";"True";"Member";"Power BI Pro";"ENTERPRISEPACK | FLOW_FREE | POWER_BI_PRO | POWER_BI_STANDARD | STREAM";"02/09/2025 12:29:05 +02:00";"True";"28/05/2026 10:55:18 +02:00";"26/08/2026 10:55:18 +02:00";"46";"25/08/2026 05:51:24 +02:00";"1";"ViewReport";"True";"Non requise - activite Purview trouvee";"False";"27/07/2026 10:55:18 +02:00";"100";"0";"100";"25/08/2026 07:12:44 +02:00";"25/08/2026 07:12:44 +02:00";;;;"HTTP 410 - ressource ou lien de pagination Graph expire/non disponible. Appel : GET /beta/auditLogs/signIns. Le controle correspondant est incomplet et interdit tout retrait de licence fonde sur cet appel.";
"CONSERVER - UTILISEE";"Activite Power BI reelle detectee dans Microsoft Purview Audit.";"Kento Jorge";"Kento.Jorge@infopro-digital.com";"Kento.Jorge@infopro-digital.com";"True";"Member";"Power BI Pro";"ENTERPRISEPACK | POWER_BI_PRO";"10/09/2025 05:19:33 +02:00";"True";"28/05/2026 10:55:18 +02:00";"26/08/2026 10:55:18 +02:00";"32";"24/08/2026 05:53:49 +02:00";"2";"ViewReport";"True";"Non requise - activite Purview trouvee";"False";"27/07/2026 10:55:18 +02:00";"133";"0";"133";"24/08/2026 10:55:40 +02:00";"24/08/2026 10:55:40 +02:00";;;;"HTTP 410 - ressource ou lien de pagination Graph expire/non disponible. Appel : GET /beta/auditLogs/signIns. Le controle correspondant est incomplet et interdit tout retrait de licence fonde sur cet appel.";
"CONSERVER - UTILISEE";"Activite Power BI reelle detectee dans Microsoft Purview Audit.";"HARING, Kevin";"kevin.haring@infopro-digital.com";"kevin.haring@infopro-digital.com";"True";"Member";"Power BI Pro";"ENTERPRISEPACK | FLOW_FREE | POWER_BI_PRO | POWER_BI_STANDARD";"22/12/2025 12:00:33 +01:00";"True";"28/05/2026 10:55:18 +02:00";"26/08/2026 10:55:18 +02:00";"8";"20/07/2026 10:06:19 +02:00";"37";"ViewReport";"True";"Non requise - activite Purview trouvee";"False";"27/07/2026 10:55:18 +02:00";"15";"0";"15";"24/08/2026 19:20:23 +02:00";"24/08/2026 19:20:23 +02:00";;;;"HTTP 410 - ressource ou lien de pagination Graph expire/non disponible. Appel : GET /beta/auditLogs/signIns. Le controle correspondant est incomplet et interdit tout retrait de licence fonde sur cet appel.";
"CONSERVER - UTILISEE";"Activite Power BI reelle detectee dans Microsoft Purview Audit.";"MARTEN, Kevin | Heinze";"kevin.marten@infopro-digital.com";"Kevin.Marten@heinze.de";"True";"Member";"Power BI Pro";"CCIBOTS_PRIVPREV_VIRAL | FLOW_FREE | POWER_BI_PRO | POWER_BI_STANDARD | POWERAPPS_DEV | STANDARDPACK";"15/04/2025 11:01:29 +02:00";"True";"28/05/2026 10:55:18 +02:00";"26/08/2026 10:55:18 +02:00";"138";"25/08/2026 10:46:30 +02:00";"1";"ViewReport";"True";"Non requise - activite Purview trouvee";"False";"27/07/2026 10:55:18 +02:00";"679";"0";"679";"25/08/2026 13:48:46 +02:00";"25/08/2026 13:48:46 +02:00";;;;"HTTP 410 - ressource ou lien de pagination Graph expire/non disponible. Appel : GET /beta/auditLogs/signIns. Le controle correspondant est incomplet et interdit tout retrait de licence fonde sur cet appel.";
"CONSERVER - UTILISEE";"Activite Power BI reelle detectee dans Microsoft Purview Audit.";"ROUALEC, Kevin";"kevin.roualec@infopro-digital.com";"kevin.roualec@infopro-digital.com";"True";"Member";"Power BI Pro";"ENTERPRISEPACK | FLOW_FREE | FORMS_PRO | Microsoft_365_Copilot | POWER_BI_PRO | POWER_BI_STANDARD";"15/04/2026 09:05:04 +02:00";"True";"28/05/2026 10:55:18 +02:00";"26/08/2026 10:55:18 +02:00";"6";"01/07/2026 16:26:59 +02:00";"55";"GetSnapshots";"True";"Non requise - activite Purview trouvee";"False";"27/07/2026 10:55:18 +02:00";"18";"0";"18";"19/08/2026 23:52:58 +02:00";"19/08/2026 23:52:58 +02:00";;;;"HTTP 410 - ressource ou lien de pagination Graph expire/non disponible. Appel : GET /beta/auditLogs/signIns. Le controle correspondant est incomplet et interdit tout retrait de licence fonde sur cet appel.";
"CONSERVER - UTILISEE";"Activite Power BI reelle detectee dans Microsoft Purview Audit.";"Kieren Ghuman";"Kieren.Ghuman@infopro-digital.com";"kieren.ghuman@centralbanking.com";"True";"Member";"Power BI Pro";"ENTERPRISEPACK | FLOW_FREE | MCOEV | POWER_BI_PRO | POWER_BI_STANDARD";"19/12/2025 17:38:43 +01:00";"True";"28/05/2026 10:55:18 +02:00";"26/08/2026 10:55:18 +02:00";"38";"14/08/2026 14:08:35 +02:00";"11";"ViewReport";"True";"Non requise - activite Purview trouvee";"False";"27/07/2026 10:55:18 +02:00";"130";"0";"130";"14/08/2026 15:36:58 +02:00";"14/08/2026 15:36:58 +02:00";;;;"HTTP 410 - ressource ou lien de pagination Graph expire/non disponible. Appel : GET /beta/auditLogs/signIns. Le controle correspondant est incomplet et interdit tout retrait de licence fonde sur cet appel.";
"CONSERVER - UTILISEE";"Activite Power BI reelle detectee dans Microsoft Purview Audit.";"HARSCOUET DE KERAVEL, Korentin";"korentin.harscouet-de-keravel@etai.fr";"korentin.harscouet-de-keravel@infopro-digital.com";"True";"Member";"Power BI Pro";"ENTERPRISEPACK | FLOW_FREE | POWER_BI_PRO | POWER_BI_STANDARD | STREAM";"15/02/2019 16:51:40 +01:00";"True";"28/05/2026 10:55:18 +02:00";"26/08/2026 10:55:18 +02:00";"18";"10/08/2026 14:53:09 +02:00";"15";"ExportReport";"True";"Non requise - activite Purview trouvee";"False";"27/07/2026 10:55:18 +02:00";"43";"0";"43";"10/08/2026 14:52:38 +02:00";"10/08/2026 14:52:38 +02:00";;;;"HTTP 410 - ressource ou lien de pagination Graph expire/non disponible. Appel : GET /beta/auditLogs/signIns. Le controle correspondant est incomplet et interdit tout retrait de licence fonde sur cet appel.";
"CONSERVER - UTILISEE";"Activite Power BI reelle detectee dans Microsoft Purview Audit.";"Kris Devasabai";"Kris.Devasabai@infopro-digital.com";"kris.devasabai@infopro-digital.com";"True";"Member";"Power BI Pro";"DYN365_BUSCENTRAL_TEAM_MEMBER | ENTERPRISEPACK | MCOEV | POWER_BI_PRO | POWER_BI_STANDARD";"29/05/2025 12:04:01 +02:00";"True";"28/05/2026 10:55:18 +02:00";"26/08/2026 10:55:18 +02:00";"173";"26/08/2026 02:58:46 +02:00";"0";"ViewReport";"True";"Non requise - activite Purview trouvee";"False";"27/07/2026 10:55:18 +02:00";"886";"0";"886";"26/08/2026 02:58:51 +02:00";"26/08/2026 02:58:51 +02:00";;;;"HTTP 410 - ressource ou lien de pagination Graph expire/non disponible. Appel : GET /beta/auditLogs/signIns. Le controle correspondant est incomplet et interdit tout retrait de licence fonde sur cet appel.";
"CONSERVER - UTILISEE";"Activite Power BI reelle detectee dans Microsoft Purview Audit.";"HUSSARD, Kristel";"kristel.hussard@infopro-digital.com";"kristel.hussard@infopro-digital.com";"True";"Member";"Power BI Pro";"FLOW_FREE | POWER_BI_PRO | POWER_BI_STANDARD | STANDARDPACK";"16/01/2024 17:49:12 +01:00";"True";"28/05/2026 10:55:18 +02:00";"26/08/2026 10:55:18 +02:00";"18";"25/08/2026 07:03:10 +02:00";"1";"ExportReport";"True";"Non requise - activite Purview trouvee";"False";"27/07/2026 10:55:18 +02:00";"47";"0";"47";"25/08/2026 07:02:22 +02:00";"25/08/2026 07:02:22 +02:00";;;;"HTTP 410 - ressource ou lien de pagination Graph expire/non disponible. Appel : GET /beta/auditLogs/signIns. Le controle correspondant est incomplet et interdit tout retrait de licence fonde sur cet appel.";
"CONSERVER - UTILISEE";"Activite Power BI reelle detectee dans Microsoft Purview Audit.";"Kurran Pooni";"Kurran.Pooni@infopro-digital.com";"Kurran.Pooni@infopro-digital.com";"True";"Member";"Power BI Pro";"ENTERPRISEPACK | FLOW_FREE | MCOEV | POWER_BI_PRO";"11/03/2026 16:31:11 +01:00";"True";"28/05/2026 10:55:18 +02:00";"26/08/2026 10:55:18 +02:00";"4";"12/08/2026 17:29:22 +02:00";"13";"ViewReport";"True";"Non requise - activite Purview trouvee";"False";"27/07/2026 10:55:18 +02:00";"28";"0";"28";"12/08/2026 17:29:26 +02:00";"12/08/2026 17:29:26 +02:00";;;;"HTTP 410 - ressource ou lien de pagination Graph expire/non disponible. Appel : GET /beta/auditLogs/signIns. Le controle correspondant est incomplet et interdit tout retrait de licence fonde sur cet appel.";
"CONSERVER - UTILISEE";"Activite Power BI reelle detectee dans Microsoft Purview Audit.";"PAILLOUX, Lahouaria";"lahouaria.pailloux@infopro-digital.com";"lahouaria.pailloux@infopro-digital.com";"True";"Member";"Power BI Pro";"ENTERPRISEPACK | FLOW_FREE | POWER_BI_PRO | POWER_BI_STANDARD | POWERAPPS_DEV | POWERAPPS_VIRAL";"06/05/2026 15:20:26 +02:00";"True";"28/05/2026 10:55:18 +02:00";"26/08/2026 10:55:18 +02:00";"132";"21/08/2026 23:15:03 +02:00";"4";"ViewReport";"True";"Non requise - activite Purview trouvee";"False";"27/07/2026 10:55:18 +02:00";"307";"0";"307";"21/08/2026 23:21:03 +02:00";"21/08/2026 23:21:03 +02:00";"19/08/2026 16:45:31 +02:00";;;"HTTP 410 - ressource ou lien de pagination Graph expire/non disponible. Appel : GET /beta/auditLogs/signIns. Le controle correspondant est incomplet et interdit tout retrait de licence fonde sur cet appel.";
"CONSERVER - UTILISEE";"Activite Power BI reelle detectee dans Microsoft Purview Audit.";"ILIE, Larisa Marina";"larisa.ilie@infopro-digital.com";"larisa.ilie@infopro-digital.com";"True";"Member";"Power BI Pro";"ENTERPRISEPACK | FLOW_FREE | POWER_BI_PRO | POWER_BI_STANDARD";"13/08/2025 13:52:10 +02:00";"True";"28/05/2026 10:55:18 +02:00";"26/08/2026 10:55:18 +02:00";"21";"16/08/2026 21:26:09 +02:00";"9";"ViewReport";"True";"Non requise - activite Purview trouvee";"False";"27/07/2026 10:55:18 +02:00";"15";"0";"15";"16/08/2026 21:25:32 +02:00";"16/08/2026 21:25:32 +02:00";;;;"HTTP 410 - ressource ou lien de pagination Graph expire/non disponible. Appel : GET /beta/auditLogs/signIns. Le controle correspondant est incomplet et interdit tout retrait de licence fonde sur cet appel.";
"CONSERVER - UTILISEE";"Activite Power BI reelle detectee dans Microsoft Purview Audit.";"Laura Chu";"Laura.Chu@infopro-digital.com";"Laura.Chu@infopro-digital.com";"True";"Member";"Power BI Pro";"ENTERPRISEPACK | POWER_BI_PRO | POWER_BI_STANDARD";"11/03/2026 16:31:12 +01:00";"True";"28/05/2026 10:55:18 +02:00";"26/08/2026 10:55:18 +02:00";"1";"17/07/2026 05:15:07 +02:00";"40";"ViewReport";"True";"Non requise - activite Purview trouvee";"False";"27/07/2026 10:55:18 +02:00";"14";"0";"14";"21/08/2026 13:52:08 +02:00";"21/08/2026 13:52:08 +02:00";;;;"HTTP 410 - ressource ou lien de pagination Graph expire/non disponible. Appel : GET /beta/auditLogs/signIns. Le controle correspondant est incomplet et interdit tout retrait de licence fonde sur cet appel.";
"CONSERVER - UTILISEE";"Activite Power BI reelle detectee dans Microsoft Purview Audit.";"Laura Hancocks";"laura.hancocks@barbour-abi.com";"laura.hancocks@barbour-abi.com";"True";"Member";"Power BI Pro";"ENTERPRISEPACK | FLOW_FREE | POWER_BI_PRO | POWER_BI_STANDARD";"09/10/2025 14:08:58 +02:00";"True";"28/05/2026 10:55:18 +02:00";"26/08/2026 10:55:18 +02:00";"9";"19/08/2026 13:06:30 +02:00";"6";"ViewReport";"True";"Non requise - activite Purview trouvee";"False";"27/07/2026 10:55:18 +02:00";"78";"0";"78";"19/08/2026 13:38:10 +02:00";"19/08/2026 13:38:10 +02:00";;;;"HTTP 410 - ressource ou lien de pagination Graph expire/non disponible. Appel : GET /beta/auditLogs/signIns. Le controle correspondant est incomplet et interdit tout retrait de licence fonde sur cet appel.";
"CONSERVER - UTILISEE";"Activite Power BI reelle detectee dans Microsoft Purview Audit.";"Laura Hayden";"laura.hayden@barbour-abi.com";"laura.hayden@barbour-abi.com";"True";"Member";"Power BI Pro";"ENTERPRISEPACK | FLOW_FREE | POWER_BI_PRO | POWER_BI_STANDARD";"16/10/2024 15:38:31 +02:00";"True";"28/05/2026 10:55:18 +02:00";"26/08/2026 10:55:18 +02:00";"108";"25/08/2026 13:12:17 +02:00";"0";"ViewReport";"True";"Non requise - activite Purview trouvee";"False";"27/07/2026 10:55:18 +02:00";"346";"0";"346";"26/08/2026 10:29:57 +02:00";"26/08/2026 10:29:57 +02:00";;;;"HTTP 410 - ressource ou lien de pagination Graph expire/non disponible. Appel : GET /beta/auditLogs/signIns. Le controle correspondant est incomplet et interdit tout retrait de licence fonde sur cet appel.";
"CONSERVER - UTILISEE";"Activite Power BI reelle detectee dans Microsoft Purview Audit.";"LAURET-VASSOR, Laurence";"laurence.vassor@infopro-digital.com";"laurence.vassor@infopro-digital.com";"True";"Member";"Power BI Pro";"FLOW_FREE | POWER_BI_PRO | POWER_BI_STANDARD | STANDARDPACK";"17/09/2018 15:44:46 +02:00";"True";"28/05/2026 10:55:18 +02:00";"26/08/2026 10:55:18 +02:00";"77";"22/07/2026 15:32:29 +02:00";"34";"ExportReport";"True";"Non requise - activite Purview trouvee";"False";"27/07/2026 10:55:18 +02:00";"9";"0";"9";"22/08/2026 00:25:29 +02:00";"22/08/2026 00:25:29 +02:00";;;;"HTTP 410 - ressource ou lien de pagination Graph expire/non disponible. Appel : GET /beta/auditLogs/signIns. Le controle correspondant est incomplet et interdit tout retrait de licence fonde sur cet appel.";
"CONSERVER - UTILISEE";"Activite Power BI reelle detectee dans Microsoft Purview Audit.";"GIGAULT, Laurent";"laurent.gigault@etai.fr";"laurent.gigault@infopro-digital.com";"True";"Member";"Power BI Pro";"FLOW_FREE | POWER_BI_PRO | POWER_BI_STANDARD | STANDARDPACK";"15/06/2020 10:56:15 +02:00";"True";"28/05/2026 10:55:18 +02:00";"26/08/2026 10:55:18 +02:00";"118";"03/08/2026 15:51:44 +02:00";"22";"ViewReport";"True";"Non requise - activite Purview trouvee";"False";"27/07/2026 10:55:18 +02:00";"76";"0";"76";"24/08/2026 13:32:51 +02:00";"24/08/2026 13:32:51 +02:00";;;;"HTTP 410 - ressource ou lien de pagination Graph expire/non disponible. Appel : GET /beta/auditLogs/signIns. Le controle correspondant est incomplet et interdit tout retrait de licence fonde sur cet appel.";
"CONSERVER - UTILISEE";"Activite Power BI reelle detectee dans Microsoft Purview Audit.";"PITOUN, Laurent";"laurent.pitoun@infopro-digital.com";"laurent.pitoun@infopro-digital.com";"True";"Member";"Power BI Pro";"DYN365_BUSCENTRAL_TEAM_MEMBER | FLOW_FREE | Microsoft_Teams_Audio_Conferencing_select_dial_out | POWER_BI_STANDARD | SPE_E5 | STREAM";"24/07/2025 14:52:25 +02:00";"True";"28/05/2026 10:55:18 +02:00";"26/08/2026 10:55:18 +02:00";"46";"26/08/2026 07:52:00 +02:00";"0";"ViewReport";"True";"Non requise - activite Purview trouvee";"False";"27/07/2026 10:55:18 +02:00";"162";"0";"162";"26/08/2026 10:53:45 +02:00";"26/08/2026 10:53:45 +02:00";;;;"HTTP 410 - ressource ou lien de pagination Graph expire/non disponible. Appel : GET /beta/auditLogs/signIns. Le controle correspondant est incomplet et interdit tout retrait de licence fonde sur cet appel.";
"CONSERVER - UTILISEE";"Activite Power BI reelle detectee dans Microsoft Purview Audit.";"TAMAKLO, Lawrence";"lawrence.tamaklo@infopro-digital.com";"ltamaklo@companeo.com";"True";"Member";"Power BI Pro";"ENTERPRISEPACK | FLOW_FREE | POWER_BI_PRO | POWER_BI_STANDARD";"04/04/2023 10:17:09 +02:00";"True";"28/05/2026 10:55:18 +02:00";"26/08/2026 10:55:18 +02:00";"324";"26/08/2026 09:55:37 +02:00";"0";"ViewReport";"True";"Non requise - activite Purview trouvee";"False";"27/07/2026 10:55:18 +02:00";"475";"0";"475";"26/08/2026 10:26:44 +02:00";"26/08/2026 10:26:44 +02:00";;;;"HTTP 410 - ressource ou lien de pagination Graph expire/non disponible. Appel : GET /beta/auditLogs/signIns. Le controle correspondant est incomplet et interdit tout retrait de licence fonde sur cet appel.";
"CONSERVER - UTILISEE";"Activite Power BI reelle detectee dans Microsoft Purview Audit.";"Leah Quinlan";"Leah.Quinlan@infopro-digital.com";"Leah.Quinlan@infopro-digital.com";"True";"Member";"Power BI Pro";"DYN365_BUSCENTRAL_TEAM_MEMBER | ENTERPRISEPACK | FLOW_FREE | MCOEV | POWER_BI_PRO | POWER_BI_STANDARD";"11/03/2026 16:31:10 +01:00";"True";"28/05/2026 10:55:18 +02:00";"26/08/2026 10:55:18 +02:00";"7";"21/08/2026 12:58:48 +02:00";"4";"ViewReport";"True";"Non requise - activite Purview trouvee";"False";"27/07/2026 10:55:18 +02:00";"62";"0";"62";"21/08/2026 12:58:55 +02:00";"21/08/2026 12:58:55 +02:00";;;;"HTTP 410 - ressource ou lien de pagination Graph expire/non disponible. Appel : GET /beta/auditLogs/signIns. Le controle correspondant est incomplet et interdit tout retrait de licence fonde sur cet appel.";
"CONSERVER - UTILISEE";"Activite Power BI reelle detectee dans Microsoft Purview Audit.";"CARON, Lea-Ines";"lea-ines.caron@infopro-digital.com";"lea-ines.caron@infopro-digital.com";"True";"Member";"Power BI Pro";"ENTERPRISEPACK | FLOW_FREE | POWER_BI_PRO | POWER_BI_STANDARD";"22/12/2025 12:00:35 +01:00";"True";"28/05/2026 10:55:18 +02:00";"26/08/2026 10:55:18 +02:00";"77";"20/08/2026 09:38:24 +02:00";"6";"ViewReport";"True";"Non requise - activite Purview trouvee";"False";"27/07/2026 10:55:18 +02:00";"271";"0";"271";"20/08/2026 09:38:30 +02:00";"20/08/2026 09:38:30 +02:00";;;;"HTTP 410 - ressource ou lien de pagination Graph expire/non disponible. Appel : GET /beta/auditLogs/signIns. Le controle correspondant est incomplet et interdit tout retrait de licence fonde sur cet appel.";
"CONSERVER - UTILISEE";"Activite Power BI reelle detectee dans Microsoft Purview Audit.";"Levente Koroes";"Levente.Koroes@infopro-digital.com";"Levente.Koroes@centralbanking.com";"True";"Member";"Power BI Pro";"ENTERPRISEPACK | MCOEV | POWER_BI_PRO | POWER_BI_STANDARD";"04/07/2025 10:55:38 +02:00";"True";"28/05/2026 10:55:18 +02:00";"26/08/2026 10:55:18 +02:00";"2";"04/08/2026 10:44:02 +02:00";"22";"ViewReport";"True";"Non requise - activite Purview trouvee";"False";"27/07/2026 10:55:18 +02:00";"24";"0";"24";"25/08/2026 13:14:58 +02:00";"25/08/2026 13:14:58 +02:00";;;;"HTTP 410 - ressource ou lien de pagination Graph expire/non disponible. Appel : GET /beta/auditLogs/signIns. Le controle correspondant est incomplet et interdit tout retrait de licence fonde sur cet appel.";
"CONSERVER - UTILISEE";"Activite Power BI reelle detectee dans Microsoft Purview Audit.";"DE MEYER, Lezandri";"lezandri.de-meyer@infopro-digital.com";"lezandri.de-meyer@infopro-digital.com";"True";"Member";"Power BI Pro";"ENTERPRISEPACK | FLOW_FREE | MCOEV | POWER_BI_PRO | POWER_BI_STANDARD";"23/09/2025 10:54:45 +02:00";"True";"28/05/2026 10:55:18 +02:00";"26/08/2026 10:55:18 +02:00";"394";"21/08/2026 10:48:32 +02:00";"5";"ExportReport";"True";"Non requise - activite Purview trouvee";"False";"27/07/2026 10:55:18 +02:00";"642";"0";"642";"21/08/2026 14:42:42 +02:00";"21/08/2026 14:42:42 +02:00";;;;"HTTP 410 - ressource ou lien de pagination Graph expire/non disponible. Appel : GET /beta/auditLogs/signIns. Le controle correspondant est incomplet et interdit tout retrait de licence fonde sur cet appel.";
"CONSERVER - UTILISEE";"Activite Power BI reelle detectee dans Microsoft Purview Audit.";"Lily Bass";"Lily.Bass@infopro-digital.com";"Lily.Bass@infopro-digital.com";"True";"Member";"Power BI Pro";"ENTERPRISEPACK | FLOW_FREE | POWER_BI_PRO | POWER_BI_STANDARD";"19/01/2026 15:47:10 +01:00";"True";"28/05/2026 10:55:18 +02:00";"26/08/2026 10:55:18 +02:00";"2";"24/07/2026 16:28:32 +02:00";"32";"ViewReport";"True";"Non requise - activite Purview trouvee";"False";"27/07/2026 10:55:18 +02:00";"11";"0";"11";"23/08/2026 22:33:34 +02:00";"23/08/2026 22:33:34 +02:00";;;;"HTTP 410 - ressource ou lien de pagination Graph expire/non disponible. Appel : GET /beta/auditLogs/signIns. Le controle correspondant est incomplet et interdit tout retrait de licence fonde sur cet appel.";
"CONSERVER - UTILISEE";"Activite Power BI reelle detectee dans Microsoft Purview Audit.";"GUILLET, Lisa";"lisa.guillet@inovaxo.fr";"lisa.guillet@inovaxo.fr";"True";"Member";"Power BI Pro";"FLOW_FREE | POWER_BI_PRO | POWER_BI_STANDARD | STANDARDPACK";"07/07/2025 17:56:50 +02:00";"True";"28/05/2026 10:55:18 +02:00";"26/08/2026 10:55:18 +02:00";"65";"16/07/2026 18:44:18 +02:00";"40";"ViewReport";"True";"Non requise - activite Purview trouvee";"False";"27/07/2026 10:55:18 +02:00";"15";"0";"15";"21/08/2026 06:12:17 +02:00";"21/08/2026 06:12:17 +02:00";;;;"HTTP 410 - ressource ou lien de pagination Graph expire/non disponible. Appel : GET /beta/auditLogs/signIns. Le controle correspondant est incomplet et interdit tout retrait de licence fonde sur cet appel.";
"CONSERVER - UTILISEE";"Activite Power BI reelle detectee dans Microsoft Purview Audit.";"HOUSSIN, Lisa";"lisa.houssin@infopro-digital.com";"lisa.houssin@infopro-digital.com";"True";"Member";"Power BI Pro";"FLOW_FREE | POWERAPPS_DEV | SPE_E5";"24/07/2025 14:22:22 +02:00";"True";"28/05/2026 10:55:18 +02:00";"26/08/2026 10:55:18 +02:00";"3";"31/07/2026 11:58:27 +02:00";"25";"ViewReport";"True";"Non requise - activite Purview trouvee";"False";"27/07/2026 10:55:18 +02:00";"52";"0";"52";"21/08/2026 22:13:57 +02:00";"21/08/2026 22:13:57 +02:00";;;;"HTTP 410 - ressource ou lien de pagination Graph expire/non disponible. Appel : GET /beta/auditLogs/signIns. Le controle correspondant est incomplet et interdit tout retrait de licence fonde sur cet appel.";
"CONSERVER - UTILISEE";"Activite Power BI reelle detectee dans Microsoft Purview Audit.";"NEDELEC Lisa";"lisa.nedelec@vecteurplus.com";"lisa.nedelec@vecteurplus.com";"True";"Member";"Power BI Pro";"ENTERPRISEPACK | FLOW_FREE | POWER_BI_PRO";"12/10/2022 11:16:31 +02:00";"True";"28/05/2026 10:55:18 +02:00";"26/08/2026 10:55:18 +02:00";"100";"20/08/2026 16:34:42 +02:00";"5";"EditDataset";"True";"Non requise - activite Purview trouvee";"False";"27/07/2026 10:55:18 +02:00";"146";"0";"146";"26/08/2026 06:13:22 +02:00";"26/08/2026 06:13:22 +02:00";"20/08/2026 16:07:52 +02:00";;;"HTTP 410 - ressource ou lien de pagination Graph expire/non disponible. Appel : GET /beta/auditLogs/signIns. Le controle correspondant est incomplet et interdit tout retrait de licence fonde sur cet appel.";
"CONSERVER - UTILISEE";"Activite Power BI reelle detectee dans Microsoft Purview Audit.";"REY, Lois";"lois.rey@infopro-digital.com";"lois.rey@infopro-digital.com";"True";"Member";"Power BI Pro";"FLOW_FREE | POWER_BI_PRO | POWER_BI_STANDARD | STANDARDPACK";"19/05/2025 12:50:38 +02:00";"True";"28/05/2026 10:55:18 +02:00";"26/08/2026 10:55:18 +02:00";"400";"25/08/2026 15:44:52 +02:00";"0";"ViewReport";"True";"Non requise - activite Purview trouvee";"False";"27/07/2026 10:55:18 +02:00";"575";"1";"574";"25/08/2026 15:44:59 +02:00";"25/08/2026 15:44:59 +02:00";"25/08/2026 09:15:08 +02:00";;;"HTTP 410 - ressource ou lien de pagination Graph expire/non disponible. Appel : GET /beta/auditLogs/signIns. Le controle correspondant est incomplet et interdit tout retrait de licence fonde sur cet appel.";
"CONSERVER - UTILISEE";"Activite Power BI reelle detectee dans Microsoft Purview Audit.";"CIOFFI, Lorenzo";"Lorenzo.CIOFFI@infopro-digital.com";"lorenzo.cioffi@infopro-digital.com";"True";"Member";"Power BI Pro";"ENTERPRISEPACK | POWER_BI_PRO | POWER_BI_STANDARD";"25/08/2025 09:54:57 +02:00";"True";"28/05/2026 10:55:18 +02:00";"26/08/2026 10:55:18 +02:00";"17";"24/08/2026 10:40:47 +02:00";"2";"ViewReport";"True";"Non requise - activite Purview trouvee";"False";"27/07/2026 10:55:18 +02:00";"61";"0";"61";"24/08/2026 10:40:54 +02:00";"24/08/2026 10:40:54 +02:00";;;;"HTTP 410 - ressource ou lien de pagination Graph expire/non disponible. Appel : GET /beta/auditLogs/signIns. Le controle correspondant est incomplet et interdit tout retrait de licence fonde sur cet appel.";
"CONSERVER - UTILISEE";"Activite Power BI reelle detectee dans Microsoft Purview Audit.";"BENHAMMOU, Lotfi";"lotfi.benhammou@infopro-digital.com";"lotfi.benhammou@infopro-digital.com";"True";"Member";"Power BI Pro";"FLOW_FREE | SPE_E5";"31/07/2025 15:47:03 +02:00";"True";"28/05/2026 10:55:18 +02:00";"26/08/2026 10:55:18 +02:00";"107";"27/07/2026 11:30:06 +02:00";"29";"ViewReport";"True";"Non requise - activite Purview trouvee";"False";"27/07/2026 10:55:18 +02:00";"7";"0";"7";"24/08/2026 17:54:23 +02:00";"24/08/2026 17:54:23 +02:00";;;;"HTTP 410 - ressource ou lien de pagination Graph expire/non disponible. Appel : GET /beta/auditLogs/signIns. Le controle correspondant est incomplet et interdit tout retrait de licence fonde sur cet appel.";
"CONSERVER - UTILISEE";"Activite Power BI reelle detectee dans Microsoft Purview Audit.";"Louise Eyre";"louise.eyre@infopro-digital.com";"Louise.Eyre@ukreiif.com";"True";"Member";"Power BI Pro";"DYN365_BUSCENTRAL_TEAM_MEMBER | ENTERPRISEPACK | FLOW_FREE | POWER_BI_PRO | POWER_BI_STANDARD";"16/05/2025 22:31:28 +02:00";"True";"28/05/2026 10:55:18 +02:00";"26/08/2026 10:55:18 +02:00";"2";"17/07/2026 08:37:23 +02:00";"40";"GetSnapshots";"True";"Non requise - activite Purview trouvee";"False";"27/07/2026 10:55:18 +02:00";"11";"0";"11";"21/08/2026 19:20:51 +02:00";"21/08/2026 19:20:51 +02:00";;;;"HTTP 410 - ressource ou lien de pagination Graph expire/non disponible. Appel : GET /beta/auditLogs/signIns. Le controle correspondant est incomplet et interdit tout retrait de licence fonde sur cet appel.";
"CONSERVER - UTILISEE";"Activite Power BI reelle detectee dans Microsoft Purview Audit.";"Louise Lim";"Louise.Lim@infopro-digital.com";"louise.lim@infopro-digital.com";"True";"Member";"Power BI Pro";"DYN365_BUSCENTRAL_TEAM_MEMBER | ENTERPRISEPACK | POWER_BI_PRO | POWER_BI_STANDARD";"07/10/2025 15:07:22 +02:00";"True";"28/05/2026 10:55:18 +02:00";"26/08/2026 10:55:18 +02:00";"10";"07/08/2026 04:42:09 +02:00";"19";"ViewReport";"True";"Non requise - activite Purview trouvee";"False";"27/07/2026 10:55:18 +02:00";"16";"0";"16";"17/08/2026 04:41:01 +02:00";"17/08/2026 04:41:01 +02:00";;;;"HTTP 410 - ressource ou lien de pagination Graph expire/non disponible. Appel : GET /beta/auditLogs/signIns. Le controle correspondant est incomplet et interdit tout retrait de licence fonde sur cet appel.";
"CONSERVER - UTILISEE";"Activite Power BI reelle detectee dans Microsoft Purview Audit.";"Louise Marshall";"Louise.Marshall@infopro-digital.com";"louise.marshall@infopro-digital.com";"True";"Member";"Power BI Pro";"ENTERPRISEPACK | FLOW_FREE | MCOEV | POWER_BI_PRO | POWER_BI_STANDARD";"04/07/2025 10:55:40 +02:00";"True";"28/05/2026 10:55:18 +02:00";"26/08/2026 10:55:18 +02:00";"4";"20/08/2026 16:01:11 +02:00";"5";"ViewReport";"True";"Non requise - activite Purview trouvee";"False";"27/07/2026 10:55:18 +02:00";"26";"0";"26";"20/08/2026 19:10:24 +02:00";"20/08/2026 19:10:24 +02:00";;;;"HTTP 410 - ressource ou lien de pagination Graph expire/non disponible. Appel : GET /beta/auditLogs/signIns. Le controle correspondant est incomplet et interdit tout retrait de licence fonde sur cet appel.";
"CONSERVER - UTILISEE";"Activite Power BI reelle detectee dans Microsoft Purview Audit.";"Steinkopf, Lu";"Lu.Steinkopf@infopro-digital.com";"L.Steinkopf@ibau.de";"True";"Member";"Power BI Pro";"ENTERPRISEPACK | FLOW_FREE | POWER_BI_PRO | POWER_BI_STANDARD";"22/05/2025 08:32:46 +02:00";"True";"28/05/2026 10:55:18 +02:00";"26/08/2026 10:55:18 +02:00";"642";"21/08/2026 16:12:31 +02:00";"4";"ViewReport";"True";"Non requise - activite Purview trouvee";"False";"27/07/2026 10:55:18 +02:00";"1007";"2";"1005";"26/08/2026 11:43:19 +02:00";"26/08/2026 10:45:12 +02:00";"26/08/2026 11:43:19 +02:00";;;"HTTP 410 - ressource ou lien de pagination Graph expire/non disponible. Appel : GET /beta/auditLogs/signIns. Le controle correspondant est incomplet et interdit tout retrait de licence fonde sur cet appel.";
"CONSERVER - UTILISEE";"Activite Power BI reelle detectee dans Microsoft Purview Audit.";"BLATCHE, Lucie";"lucie.blatche@infopro-digital.com";"lucie.blatche@infopro-digital.com";"True";"Member";"Power BI Pro";"FLOW_FREE | POWER_BI_STANDARD | SPE_E5";"28/11/2025 11:48:43 +01:00";"True";"28/05/2026 10:55:18 +02:00";"26/08/2026 10:55:18 +02:00";"98";"06/07/2026 19:15:10 +02:00";"50";"ViewReport";"True";"Non requise - activite Purview trouvee";"False";"27/07/2026 10:55:18 +02:00";"14";"0";"14";"24/08/2026 14:31:21 +02:00";"24/08/2026 14:31:21 +02:00";;;;"HTTP 410 - ressource ou lien de pagination Graph expire/non disponible. Appel : GET /beta/auditLogs/signIns. Le controle correspondant est incomplet et interdit tout retrait de licence fonde sur cet appel.";
"CONSERVER - UTILISEE";"Activite Power BI reelle detectee dans Microsoft Purview Audit.";"FRICAN, Lucie";"lucie.frican@infopro-digital.com";"lucie.frican@infopro-digital.com";"True";"Member";"Power BI Pro";"ENTERPRISEPACK | FLOW_FREE | POWER_BI_PRO | POWER_BI_STANDARD";"12/06/2024 15:21:19 +02:00";"True";"28/05/2026 10:55:18 +02:00";"26/08/2026 10:55:18 +02:00";"24";"03/07/2026 08:38:30 +02:00";"54";"ExportReport";"True";"Non requise - activite Purview trouvee";"False";"27/07/2026 10:55:18 +02:00";"18";"0";"18";"21/08/2026 17:43:21 +02:00";"21/08/2026 17:43:21 +02:00";;;;"HTTP 410 - ressource ou lien de pagination Graph expire/non disponible. Appel : GET /beta/auditLogs/signIns. Le controle correspondant est incomplet et interdit tout retrait de licence fonde sur cet appel.";
"CONSERVER - UTILISEE";"Activite Power BI reelle detectee dans Microsoft Purview Audit.";"LECROSNIER, Lucie";"lucie.lecrosnier@infopro-digital.com";"lucie.lecrosnier@eventmaker.com";"True";"Member";"Power BI Pro";"ENTERPRISEPACK | FLOW_FREE | INTUNE_A_VL | POWER_BI_PRO | POWER_BI_STANDARD";"25/04/2025 18:04:22 +02:00";"True";"28/05/2026 10:55:18 +02:00";"26/08/2026 10:55:18 +02:00";"3";"06/07/2026 14:58:13 +02:00";"50";"ViewReport";"True";"Non requise - activite Purview trouvee";"False";"27/07/2026 10:55:18 +02:00";"21";"0";"21";"24/08/2026 22:16:54 +02:00";"24/08/2026 22:16:54 +02:00";;;;"HTTP 410 - ressource ou lien de pagination Graph expire/non disponible. Appel : GET /beta/auditLogs/signIns. Le controle correspondant est incomplet et interdit tout retrait de licence fonde sur cet appel.";
"CONSERVER - UTILISEE";"Activite Power BI reelle detectee dans Microsoft Purview Audit.";"DUMONT, Ludivine";"ludivine.dumont@infopro-digital.com";"ludivine.dumont@infopro-digital.com";"True";"Member";"Power BI Pro";"ENTERPRISEPACK | FLOW_FREE | POWER_BI_PRO | POWER_BI_STANDARD";"27/05/2026 10:02:59 +02:00";"True";"28/05/2026 10:55:18 +02:00";"26/08/2026 10:55:18 +02:00";"8";"08/07/2026 14:09:24 +02:00";"48";"ViewReport";"True";"Non requise - activite Purview trouvee";"False";"27/07/2026 10:55:18 +02:00";"21";"0";"21";"24/08/2026 16:08:16 +02:00";"24/08/2026 16:08:16 +02:00";;;;"HTTP 410 - ressource ou lien de pagination Graph expire/non disponible. Appel : GET /beta/auditLogs/signIns. Le controle correspondant est incomplet et interdit tout retrait de licence fonde sur cet appel.";
"CONSERVER - UTILISEE";"Activite Power BI reelle detectee dans Microsoft Purview Audit.";"DURIN, Luka";"luka.durin@infopro-digital.com";"luka.durin@infopro-digital.com";"True";"Member";"Power BI Pro";"ENTERPRISEPACK | FLOW_FREE | POWER_BI_PRO | POWER_BI_STANDARD";"13/07/2026 09:58:52 +02:00";"True";"28/05/2026 10:55:18 +02:00";"26/08/2026 10:55:18 +02:00";"8";"12/08/2026 14:57:16 +02:00";"13";"GetSnapshots";"True";"Non requise - activite Purview trouvee";"False";"27/07/2026 10:55:18 +02:00";"26";"0";"26";"12/08/2026 15:58:25 +02:00";"12/08/2026 15:58:25 +02:00";;;;"HTTP 410 - ressource ou lien de pagination Graph expire/non disponible. Appel : GET /beta/auditLogs/signIns. Le controle correspondant est incomplet et interdit tout retrait de licence fonde sur cet appel.";
"CONSERVER - UTILISEE";"Activite Power BI reelle detectee dans Microsoft Purview Audit.";"Angerer, Lukas";"lukas.angerer@infopro-digital.com";"Lukas.Angerer@docu.at";"True";"Member";"Power BI Pro";"ENTERPRISEPACK | POWER_BI_PRO | POWER_BI_STANDARD";"14/04/2025 12:09:07 +02:00";"True";"28/05/2026 10:55:18 +02:00";"26/08/2026 10:55:18 +02:00";"26";"24/08/2026 14:51:25 +02:00";"1";"ViewReport";"True";"Non requise - activite Purview trouvee";"False";"27/07/2026 10:55:18 +02:00";"101";"0";"101";"24/08/2026 14:51:29 +02:00";"24/08/2026 14:51:29 +02:00";;;;"HTTP 410 - ressource ou lien de pagination Graph expire/non disponible. Appel : GET /beta/auditLogs/signIns. Le controle correspondant est incomplet et interdit tout retrait de licence fonde sur cet appel.";
"CONSERVER - UTILISEE";"Activite Power BI reelle detectee dans Microsoft Purview Audit.";"Lukas Becker";"lukas.becker@infopro-digital.com";"lukas.becker@infopro-digital.com";"True";"Member";"Power BI Pro";"ENTERPRISEPACK | FLOW_FREE | MCOEV | POWER_BI_PRO | POWER_BI_STANDARD";"04/07/2025 10:55:39 +02:00";"True";"28/05/2026 10:55:18 +02:00";"26/08/2026 10:55:18 +02:00";"45";"10/08/2026 13:55:11 +02:00";"15";"ViewReport";"True";"Non requise - activite Purview trouvee";"False";"27/07/2026 10:55:18 +02:00";"74";"0";"74";"10/08/2026 19:26:53 +02:00";"10/08/2026 19:26:53 +02:00";;;;"HTTP 410 - ressource ou lien de pagination Graph expire/non disponible. Appel : GET /beta/auditLogs/signIns. Le controle correspondant est incomplet et interdit tout retrait de licence fonde sur cet appel.";
"CONSERVER - UTILISEE";"Activite Power BI reelle detectee dans Microsoft Purview Audit.";"Luke Clancy";"luke.clancy@infopro-digital.com";"luke.clancy@infopro-digital.com";"True";"Member";"Power BI Pro";"ENTERPRISEPACK | MCOEV | POWER_BI_PRO | POWER_BI_STANDARD";"04/07/2025 10:55:39 +02:00";"True";"28/05/2026 10:55:18 +02:00";"26/08/2026 10:55:18 +02:00";"9";"20/08/2026 18:15:59 +02:00";"5";"ViewReport";"True";"Non requise - activite Purview trouvee";"False";"27/07/2026 10:55:18 +02:00";"19";"0";"19";"20/08/2026 18:16:06 +02:00";"20/08/2026 18:16:06 +02:00";;;;"HTTP 410 - ressource ou lien de pagination Graph expire/non disponible. Appel : GET /beta/auditLogs/signIns. Le controle correspondant est incomplet et interdit tout retrait de licence fonde sur cet appel.";
"CONSERVER - UTILISEE";"Activite Power BI reelle detectee dans Microsoft Purview Audit.";"Luke Daly";"Luke.Daly@infopro-digital.com";"Luke.Daly@infopro-digital.com";"True";"Member";"Power BI Pro";"ENTERPRISEPACK | MCOEV | POWER_BI_PRO | POWER_BI_STANDARD";"24/08/2026 15:13:17 +02:00";"True";"28/05/2026 10:55:18 +02:00";"26/08/2026 10:55:18 +02:00";"12";"25/08/2026 17:53:33 +02:00";"0";"ViewReport";"True";"Non requise - activite Purview trouvee";"False";"27/07/2026 10:55:18 +02:00";"130";"0";"130";"25/08/2026 22:25:57 +02:00";"25/08/2026 22:25:57 +02:00";;;;"HTTP 410 - ressource ou lien de pagination Graph expire/non disponible. Appel : GET /beta/auditLogs/signIns. Le controle correspondant est incomplet et interdit tout retrait de licence fonde sur cet appel.";
"CONSERVER - UTILISEE";"Activite Power BI reelle detectee dans Microsoft Purview Audit.";"Luke Whiteacre";"luke.whiteacre@infopro-digital.com";"luke.whiteacre@infopro-digital.com";"True";"Member";"Power BI Pro";"ENTERPRISEPACK | FLOW_FREE | MCOEV | POWER_BI_PRO | POWER_BI_STANDARD";"16/05/2025 22:31:27 +02:00";"True";"28/05/2026 10:55:18 +02:00";"26/08/2026 10:55:18 +02:00";"154";"11/08/2026 11:45:13 +02:00";"14";"ViewReport";"True";"Non requise - activite Purview trouvee";"False";"27/07/2026 10:55:18 +02:00";"179";"0";"179";"11/08/2026 11:45:20 +02:00";"11/08/2026 11:45:20 +02:00";;;;"HTTP 410 - ressource ou lien de pagination Graph expire/non disponible. Appel : GET /beta/auditLogs/signIns. Le controle correspondant est incomplet et interdit tout retrait de licence fonde sur cet appel.";
"CONSERVER - UTILISEE";"Activite Power BI reelle detectee dans Microsoft Purview Audit.";"VACCARIN, Madisone";"madisone.vaccarin@infopro-digital.com";"madisone.vaccarin@infopro-digital.com";"True";"Member";"Power BI Pro";"FLOW_FREE | POWER_BI_PRO | POWER_BI_STANDARD | STANDARDPACK";"22/09/2022 16:54:21 +02:00";"True";"28/05/2026 10:55:18 +02:00";"26/08/2026 10:55:18 +02:00";"341";"25/08/2026 10:30:55 +02:00";"1";"ViewReport";"True";"Non requise - activite Purview trouvee";"False";"27/07/2026 10:55:18 +02:00";"528";"0";"528";"26/08/2026 10:33:32 +02:00";"26/08/2026 10:33:32 +02:00";;;;"HTTP 410 - ressource ou lien de pagination Graph expire/non disponible. Appel : GET /beta/auditLogs/signIns. Le controle correspondant est incomplet et interdit tout retrait de licence fonde sur cet appel.";
"CONSERVER - UTILISEE";"Activite Power BI reelle detectee dans Microsoft Purview Audit.";"GOMBERT, Mael";"mael.gombert@infopro-digital.com";"mael.gombert@infopro-digital.com";"True";"Member";"Power BI Pro";"ENTERPRISEPACK | FLOW_FREE | POWER_BI_PRO | POWER_BI_STANDARD";"22/05/2024 18:18:18 +02:00";"True";"28/05/2026 10:55:18 +02:00";"26/08/2026 10:55:18 +02:00";"13";"06/08/2026 18:01:19 +02:00";"19";"GetSnapshots";"True";"Non requise - activite Purview trouvee";"False";"27/07/2026 10:55:18 +02:00";"28";"0";"28";"06/08/2026 19:06:47 +02:00";"06/08/2026 19:06:47 +02:00";;;;"HTTP 410 - ressource ou lien de pagination Graph expire/non disponible. Appel : GET /beta/auditLogs/signIns. Le controle correspondant est incomplet et interdit tout retrait de licence fonde sur cet appel.";
"CONSERVER - UTILISEE";"Activite Power BI reelle detectee dans Microsoft Purview Audit.";"PENELON, Maelle";"maelle.penelon@infopro-digital.com";"maelle.penelon@infopro-digital.com";"True";"Member";"Power BI Pro";"ENTERPRISEPACK | FLOW_FREE | POWER_BI_PRO | POWER_BI_STANDARD";"15/04/2026 09:35:15 +02:00";"True";"28/05/2026 10:55:18 +02:00";"26/08/2026 10:55:18 +02:00";"151";"24/08/2026 15:31:30 +02:00";"1";"ExportReport";"True";"Non requise - activite Purview trouvee";"False";"27/07/2026 10:55:18 +02:00";"69";"0";"69";"24/08/2026 20:54:02 +02:00";"24/08/2026 20:54:02 +02:00";;;;"HTTP 410 - ressource ou lien de pagination Graph expire/non disponible. Appel : GET /beta/auditLogs/signIns. Le controle correspondant est incomplet et interdit tout retrait de licence fonde sur cet appel.";
"CONSERVER - UTILISEE";"Activite Power BI reelle detectee dans Microsoft Purview Audit.";"BECQUE, Maeva";"maeva.becque@infopro-digital.com";"maeva.becque@infopro-digital.com";"True";"Member";"Power BI Pro";"FLOW_FREE | POWER_BI_PRO | POWER_BI_STANDARD | STANDARDPACK";"29/07/2024 13:11:33 +02:00";"True";"28/05/2026 10:55:18 +02:00";"26/08/2026 10:55:18 +02:00";"29";"06/08/2026 09:40:02 +02:00";"20";"ViewReport";"True";"Non requise - activite Purview trouvee";"False";"27/07/2026 10:55:18 +02:00";"50";"0";"50";"06/08/2026 09:41:07 +02:00";"06/08/2026 09:41:07 +02:00";;;;"HTTP 410 - ressource ou lien de pagination Graph expire/non disponible. Appel : GET /beta/auditLogs/signIns. Le controle correspondant est incomplet et interdit tout retrait de licence fonde sur cet appel.";
"CONSERVER - UTILISEE";"Activite Power BI reelle detectee dans Microsoft Purview Audit.";"CLAPAUD, Magdalena";"magdalena.clapaud@infopro-digital.com";"magdalena.clapaud@infopro-digital.com";"True";"Member";"Power BI Pro";"ENTERPRISEPACK | FLOW_FREE | POWER_BI_PRO | POWER_BI_STANDARD | SMB_APPS";"06/09/2022 15:50:21 +02:00";"True";"28/05/2026 10:55:18 +02:00";"26/08/2026 10:55:18 +02:00";"253";"26/08/2026 09:43:49 +02:00";"0";"ViewReport";"True";"Non requise - activite Purview trouvee";"False";"27/07/2026 10:55:18 +02:00";"610";"0";"610";"26/08/2026 11:04:50 +02:00";"26/08/2026 11:04:50 +02:00";;;;"HTTP 410 - ressource ou lien de pagination Graph expire/non disponible. Appel : GET /beta/auditLogs/signIns. Le controle correspondant est incomplet et interdit tout retrait de licence fonde sur cet appel.";
"CONSERVER - UTILISEE";"Activite Power BI reelle detectee dans Microsoft Purview Audit.";"CAYLA, Maissa";"maissa.cayla@infopro-digital.com";"maissa.cayla@infopro-digital.com";"True";"Member";"Power BI Pro";"FLOW_FREE | POWER_BI_PRO | POWER_BI_STANDARD | STANDARDPACK";"26/05/2025 18:02:22 +02:00";"True";"28/05/2026 10:55:18 +02:00";"26/08/2026 10:55:18 +02:00";"30";"25/08/2026 14:00:06 +02:00";"0";"ViewReport";"True";"Non requise - activite Purview trouvee";"False";"27/07/2026 10:55:18 +02:00";"54";"0";"54";"25/08/2026 16:42:43 +02:00";"25/08/2026 16:42:43 +02:00";;;;"HTTP 410 - ressource ou lien de pagination Graph expire/non disponible. Appel : GET /beta/auditLogs/signIns. Le controle correspondant est incomplet et interdit tout retrait de licence fonde sur cet appel.";
"CONSERVER - UTILISEE";"Activite Power BI reelle detectee dans Microsoft Purview Audit.";"DELPECH, Manon (EXT)";"manon.delpech@infopro-digital.com";"manon.delpech@infopro-digital.com";"True";"Member";"Power BI Pro";"POWER_BI_PRO | POWER_BI_STANDARD | STANDARDPACK";"02/07/2026 10:00:27 +02:00";"True";"28/05/2026 10:55:18 +02:00";"26/08/2026 10:55:18 +02:00";"258";"17/06/2026 11:34:10 +02:00";"69";"GetSnapshots";"True";"Non requise - activite Purview trouvee";"False";"27/07/2026 10:55:18 +02:00";"18";"0";"18";"19/08/2026 21:11:21 +02:00";"19/08/2026 21:11:21 +02:00";;;;"HTTP 410 - ressource ou lien de pagination Graph expire/non disponible. Appel : GET /beta/auditLogs/signIns. Le controle correspondant est incomplet et interdit tout retrait de licence fonde sur cet appel.";
"CONSERVER - UTILISEE";"Activite Power BI reelle detectee dans Microsoft Purview Audit.";"ROSSETTI, Manon";"manon.rossetti@infopro-digital.com";"manon.rossetti@infopro-digital.com";"True";"Member";"Power BI Pro";"FLOW_FREE | POWER_BI_STANDARD | SPE_E5";"17/07/2025 10:55:30 +02:00";"True";"28/05/2026 10:55:18 +02:00";"26/08/2026 10:55:18 +02:00";"8";"21/07/2026 10:48:44 +02:00";"36";"ViewReport";"True";"Non requise - activite Purview trouvee";"False";"27/07/2026 10:55:18 +02:00";"14";"0";"14";"25/08/2026 12:08:46 +02:00";"25/08/2026 12:08:46 +02:00";;;;"HTTP 410 - ressource ou lien de pagination Graph expire/non disponible. Appel : GET /beta/auditLogs/signIns. Le controle correspondant est incomplet et interdit tout retrait de licence fonde sur cet appel.";
"CONSERVER - UTILISEE";"Activite Power BI reelle detectee dans Microsoft Purview Audit.";"STARINIERI, Manuel";"manuel.starinieri@infopro-digital.com";"manuel.starinieri@infopro-digital.com";"True";"Member";"Power BI Pro";"ENTERPRISEPACK | FLOW_FREE | POWER_BI_PRO | POWER_BI_STANDARD";"05/05/2026 17:19:38 +02:00";"True";"28/05/2026 10:55:18 +02:00";"26/08/2026 10:55:18 +02:00";"30";"24/08/2026 10:37:08 +02:00";"2";"ViewReport";"True";"Non requise - activite Purview trouvee";"False";"27/07/2026 10:55:18 +02:00";"48";"0";"48";"24/08/2026 10:37:27 +02:00";"24/08/2026 10:37:27 +02:00";;;;"HTTP 410 - ressource ou lien de pagination Graph expire/non disponible. Appel : GET /beta/auditLogs/signIns. Le controle correspondant est incomplet et interdit tout retrait de licence fonde sur cet appel.";
"CONSERVER - UTILISEE";"Activite Power BI reelle detectee dans Microsoft Purview Audit.";"DENON, Manuella";"manuella.denon@infopro-digital.com";"manuella.denon@infopro-digital.com";"True";"Member";"Power BI Pro";"FLOW_FREE | POWER_BI_STANDARD | POWERAPPS_DEV | PROJECTPROFESSIONAL | SPE_E5 | VISIOCLIENT";"16/06/2026 09:25:37 +02:00";"True";"28/05/2026 10:55:18 +02:00";"26/08/2026 10:55:18 +02:00";"8";"28/07/2026 10:25:10 +02:00";"29";"ViewReport";"True";"Non requise - activite Purview trouvee";"False";"27/07/2026 10:55:18 +02:00";"20";"0";"20";"25/08/2026 11:22:54 +02:00";"25/08/2026 11:22:54 +02:00";;;;"HTTP 410 - ressource ou lien de pagination Graph expire/non disponible. Appel : GET /beta/auditLogs/signIns. Le controle correspondant est incomplet et interdit tout retrait de licence fonde sur cet appel.";
"CONSERVER - UTILISEE";"Activite Power BI reelle detectee dans Microsoft Purview Audit.";"HAHNEN, Marc | Heinze";"marc.hahnen@infopro-digital.com";"Marc.Hahnen@heinze.de";"True";"Member";"Power BI Pro";"FLOW_FREE | POWER_BI_PRO | POWER_BI_STANDARD | STANDARDPACK";"15/04/2025 11:01:32 +02:00";"True";"28/05/2026 10:55:18 +02:00";"26/08/2026 10:55:18 +02:00";"47";"25/08/2026 14:36:30 +02:00";"0";"ViewReport";"True";"Non requise - activite Purview trouvee";"False";"27/07/2026 10:55:18 +02:00";"85";"0";"85";"25/08/2026 15:37:46 +02:00";"25/08/2026 15:37:46 +02:00";;;;"HTTP 410 - ressource ou lien de pagination Graph expire/non disponible. Appel : GET /beta/auditLogs/signIns. Le controle correspondant est incomplet et interdit tout retrait de licence fonde sur cet appel.";
"CONSERVER - UTILISEE";"Activite Power BI reelle detectee dans Microsoft Purview Audit.";"SCHUHMACHER, Marc";"Marc.Schuhmacher@infopro-digital.ch";"Marc.Schuhmacher@infopro-digital.ch";"True";"Member";"Power BI Pro";"ENTERPRISEPACK | FLOW_FREE | POWER_BI_PRO | POWER_BI_STANDARD";"28/11/2024 08:11:41 +01:00";"True";"28/05/2026 10:55:18 +02:00";"26/08/2026 10:55:18 +02:00";"306";"26/08/2026 10:20:40 +02:00";"0";"ViewReport";"True";"Non requise - activite Purview trouvee";"False";"27/07/2026 10:55:18 +02:00";"645";"1";"644";"26/08/2026 10:15:52 +02:00";"26/08/2026 10:15:52 +02:00";"26/08/2026 09:59:23 +02:00";;;"HTTP 410 - ressource ou lien de pagination Graph expire/non disponible. Appel : GET /beta/auditLogs/signIns. Le controle correspondant est incomplet et interdit tout retrait de licence fonde sur cet appel.";
"CONSERVER - UTILISEE";"Activite Power BI reelle detectee dans Microsoft Purview Audit.";"Marcel Chambers";"Marcel.Chambers@infopro-digital.com";"marcel.chambers@infopro-digital.com";"True";"Member";"Power BI Pro";"DYN365_BUSCENTRAL_TEAM_MEMBER | ENTERPRISEPACK | FLOW_FREE | MCOEV | Microsoft_365_Copilot | Microsoft_Teams_Audio_Conferencing_select_dial_out | POWER_BI_PRO | POWER_BI_STANDARD | STREAM";"22/08/2023 16:15:16 +02:00";"True";"28/05/2026 10:55:18 +02:00";"26/08/2026 10:55:18 +02:00";"83";"25/08/2026 22:30:34 +02:00";"0";"ViewReport";"True";"Non requise - activite Purview trouvee";"False";"27/07/2026 10:55:18 +02:00";"157";"0";"157";"25/08/2026 23:31:34 +02:00";"25/08/2026 23:31:34 +02:00";;;;"HTTP 410 - ressource ou lien de pagination Graph expire/non disponible. Appel : GET /beta/auditLogs/signIns. Le controle correspondant est incomplet et interdit tout retrait de licence fonde sur cet appel.";
"CONSERVER - UTILISEE";"Activite Power BI reelle detectee dans Microsoft Purview Audit.";"Marco Mezzarobba";"Marco.Mezzarobba@infopro-digital.com";"marco.mezzarobba@infopro-digital.com";"True";"Member";"Power BI Pro";"ENTERPRISEPACK | FLOW_FREE | POWER_BI_PRO | POWER_BI_STANDARD";"05/05/2026 16:19:38 +02:00";"True";"28/05/2026 10:55:18 +02:00";"26/08/2026 10:55:18 +02:00";"17";"03/08/2026 09:55:29 +02:00";"23";"GetSnapshots";"True";"Non requise - activite Purview trouvee";"False";"27/07/2026 10:55:18 +02:00";"38";"0";"38";"24/08/2026 10:53:19 +02:00";"24/08/2026 10:53:19 +02:00";;;;"HTTP 410 - ressource ou lien de pagination Graph expire/non disponible. Appel : GET /beta/auditLogs/signIns. Le controle correspondant est incomplet et interdit tout retrait de licence fonde sur cet appel.";
"CONSERVER - UTILISEE";"Activite Power BI reelle detectee dans Microsoft Purview Audit.";"Marco SALGUEIRO";"marco.salgueiro@infopro-digital.com";"msalgueiro@companeo.com";"True";"Member";"Power BI Pro";"ENTERPRISEPACK | FLOW_FREE | POWER_BI_PRO | POWER_BI_STANDARD";"20/02/2024 09:49:07 +01:00";"True";"28/05/2026 10:55:18 +02:00";"26/08/2026 10:55:18 +02:00";"2";"13/07/2026 14:00:15 +02:00";"43";"ViewReport";"True";"Non requise - activite Purview trouvee";"False";"27/07/2026 10:55:18 +02:00";"22";"0";"22";"25/08/2026 05:05:58 +02:00";"25/08/2026 05:05:58 +02:00";;;;"HTTP 410 - ressource ou lien de pagination Graph expire/non disponible. Appel : GET /beta/auditLogs/signIns. Le controle correspondant est incomplet et interdit tout retrait de licence fonde sur cet appel.";
"CONSERVER - UTILISEE";"Activite Power BI reelle detectee dans Microsoft Purview Audit.";"WINTER, Marco";"marco.winter@infopro-digital.com";"marco.winter@infopro-digital.com";"True";"Member";"Power BI Pro";"ENTERPRISEPACK | POWER_BI_PRO | POWER_BI_STANDARD";"15/04/2026 09:05:13 +02:00";"True";"28/05/2026 10:55:18 +02:00";"26/08/2026 10:55:18 +02:00";"3";"08/07/2026 11:24:49 +02:00";"48";"ViewReport";"True";"Non requise - activite Purview trouvee";"False";"27/07/2026 10:55:18 +02:00";"18";"0";"18";"19/08/2026 17:17:33 +02:00";"19/08/2026 17:17:33 +02:00";;;;"HTTP 410 - ressource ou lien de pagination Graph expire/non disponible. Appel : GET /beta/auditLogs/signIns. Le controle correspondant est incomplet et interdit tout retrait de licence fonde sur cet appel.";
"CONSERVER - UTILISEE";"Activite Power BI reelle detectee dans Microsoft Purview Audit.";"Margarita Kats";"Margarita.Kats@infopro-digital.com";"margarita.kats@infopro-digital.com";"True";"Member";"Power BI Pro";"DYN365_BUSCENTRAL_ESSENTIAL | ENTERPRISEPACK | FLOW_FREE | MCOEV | POWER_BI_PRO | POWER_BI_STANDARD";"05/02/2024 16:01:13 +01:00";"True";"28/05/2026 10:55:18 +02:00";"26/08/2026 10:55:18 +02:00";"72";"25/08/2026 20:40:58 +02:00";"0";"ViewReport";"True";"Non requise - activite Purview trouvee";"False";"27/07/2026 10:55:18 +02:00";"565";"0";"565";"26/08/2026 10:13:10 +02:00";"26/08/2026 10:13:10 +02:00";;;;"HTTP 410 - ressource ou lien de pagination Graph expire/non disponible. Appel : GET /beta/auditLogs/signIns. Le controle correspondant est incomplet et interdit tout retrait de licence fonde sur cet appel.";
"CONSERVER - UTILISEE";"Activite Power BI reelle detectee dans Microsoft Purview Audit.";"REBOURS, Margaux";"margaux.rebours@infopro-digital.com";"margaux.rebours@infopro-digital.com";"True";"Member";"Power BI Pro";"ENTERPRISEPACK | FLOW_FREE | FORMS_PRO | POWER_BI_PRO | POWER_BI_STANDARD";"11/03/2026 16:31:17 +01:00";"True";"28/05/2026 10:55:18 +02:00";"26/08/2026 10:55:18 +02:00";"12";"31/07/2026 09:46:12 +02:00";"26";"ViewReport";"True";"Non requise - activite Purview trouvee";"False";"27/07/2026 10:55:18 +02:00";"20";"0";"20";"21/08/2026 16:43:08 +02:00";"21/08/2026 16:43:08 +02:00";;;;"HTTP 410 - ressource ou lien de pagination Graph expire/non disponible. Appel : GET /beta/auditLogs/signIns. Le controle correspondant est incomplet et interdit tout retrait de licence fonde sur cet appel.";
"CONSERVER - UTILISEE";"Activite Power BI reelle detectee dans Microsoft Purview Audit.";"LEFEBVRE, Margot";"margot.lefebvre@infopro-digital.com";"margot.lefebvre@infopro-digital.com";"True";"Member";"Power BI Pro";"FLOW_FREE | POWER_BI_PRO | POWER_BI_STANDARD | STANDARDPACK";"22/12/2025 12:00:35 +01:00";"True";"28/05/2026 10:55:18 +02:00";"26/08/2026 10:55:18 +02:00";"12";"06/08/2026 11:40:11 +02:00";"19";"ExportReport";"True";"Non requise - activite Purview trouvee";"False";"27/07/2026 10:55:18 +02:00";"30";"0";"30";"16/08/2026 11:35:02 +02:00";"16/08/2026 11:35:02 +02:00";;;;"HTTP 410 - ressource ou lien de pagination Graph expire/non disponible. Appel : GET /beta/auditLogs/signIns. Le controle correspondant est incomplet et interdit tout retrait de licence fonde sur cet appel.";
"CONSERVER - UTILISEE";"Activite Power BI reelle detectee dans Microsoft Purview Audit.";"DI SARNO, Maria Chiara";"maria.di-sarno@infopro-digital.com";"mariachiara.di-sarno@infopro-digital.com";"True";"Member";"Power BI Pro";"FLOW_FREE | POWER_BI_PRO | POWER_BI_STANDARD | STANDARDPACK";"17/03/2025 11:51:36 +01:00";"True";"28/05/2026 10:55:18 +02:00";"26/08/2026 10:55:18 +02:00";"63";"27/07/2026 17:41:33 +02:00";"29";"ViewReport";"True";"Non requise - activite Purview trouvee";"False";"27/07/2026 10:55:18 +02:00";"21";"0";"21";"25/08/2026 05:02:14 +02:00";"25/08/2026 05:02:14 +02:00";;;;"HTTP 410 - ressource ou lien de pagination Graph expire/non disponible. Appel : GET /beta/auditLogs/signIns. Le controle correspondant est incomplet et interdit tout retrait de licence fonde sur cet appel.";
"CONSERVER - UTILISEE";"Activite Power BI reelle detectee dans Microsoft Purview Audit.";"D'AGOSTINI Marie";"marie.dagostini@vecteurplus.com";"marie.dagostini@vecteurplus.com";"True";"Member";"Power BI Pro";"ENTERPRISEPACK | POWER_BI_PRO";"04/11/2025 12:13:47 +01:00";"True";"28/05/2026 10:55:18 +02:00";"26/08/2026 10:55:18 +02:00";"1";"23/06/2026 13:26:09 +02:00";"63";"ViewReport";"True";"Non requise - activite Purview trouvee";"False";"27/07/2026 10:55:18 +02:00";"21";"0";"21";"25/08/2026 20:52:33 +02:00";"25/08/2026 20:52:33 +02:00";;;;"HTTP 410 - ressource ou lien de pagination Graph expire/non disponible. Appel : GET /beta/auditLogs/signIns. Le controle correspondant est incomplet et interdit tout retrait de licence fonde sur cet appel.";
"CONSERVER - UTILISEE";"Activite Power BI reelle detectee dans Microsoft Purview Audit.";"MONTEL, Marie";"marie.montel@infopro-digital.com";"marie.montel@infopro-digital.com";"True";"Member";"Power BI Premium par utilisateur + Power BI Pro";"ENTERPRISEPACK | FLOW_FREE | Microsoft_365_Copilot | PBI_PREMIUM_PER_USER | POWER_BI_STANDARD | PROJECTPROFESSIONAL";"19/03/2024 14:33:53 +01:00";"True";"28/05/2026 10:55:18 +02:00";"26/08/2026 10:55:18 +02:00";"2019";"26/08/2026 09:55:01 +02:00";"0";"ViewReport";"True";"Non requise - activite Purview trouvee";"False";"27/07/2026 10:55:18 +02:00";"1391";"0";"1391";"26/08/2026 10:52:01 +02:00";"26/08/2026 10:52:01 +02:00";"21/08/2026 16:08:08 +02:00";;;"HTTP 410 - ressource ou lien de pagination Graph expire/non disponible. Appel : GET /beta/auditLogs/signIns. Le controle correspondant est incomplet et interdit tout retrait de licence fonde sur cet appel.";
"CONSERVER - UTILISEE";"Activite Power BI reelle detectee dans Microsoft Purview Audit.";"RIOUALLON, Marie";"marie.riouallon@infopro-digital.com";"marie.riouallon@infopro-digital.com";"True";"Member";"Power BI Pro";"FLOW_FREE | POWER_BI_PRO | POWER_BI_STANDARD | STANDARDPACK";"04/11/2024 13:36:22 +01:00";"True";"28/05/2026 10:55:18 +02:00";"26/08/2026 10:55:18 +02:00";"121";"25/08/2026 15:45:15 +02:00";"0";"ViewReport";"True";"Non requise - activite Purview trouvee";"False";"27/07/2026 10:55:18 +02:00";"144";"0";"144";"26/08/2026 10:46:48 +02:00";"26/08/2026 10:46:48 +02:00";;;;"HTTP 410 - ressource ou lien de pagination Graph expire/non disponible. Appel : GET /beta/auditLogs/signIns. Le controle correspondant est incomplet et interdit tout retrait de licence fonde sur cet appel.";
"CONSERVER - UTILISEE";"Activite Power BI reelle detectee dans Microsoft Purview Audit.";"HUGON, Marie-Antoinette";"marie-antoinette.hugon@infopro-digital.com";"marie-antoinette.hugon@infopro-digital.com";"True";"Member";"Power BI Pro";"FLOW_FREE | POWER_BI_PRO | POWER_BI_STANDARD | STANDARDPACK";"18/12/2023 10:10:47 +01:00";"True";"28/05/2026 10:55:18 +02:00";"26/08/2026 10:55:18 +02:00";"34";"03/08/2026 15:55:35 +02:00";"22";"ViewReport";"True";"Non requise - activite Purview trouvee";"False";"27/07/2026 10:55:18 +02:00";"45";"0";"45";"24/08/2026 19:04:47 +02:00";"24/08/2026 19:04:47 +02:00";;;;"HTTP 410 - ressource ou lien de pagination Graph expire/non disponible. Appel : GET /beta/auditLogs/signIns. Le controle correspondant est incomplet et interdit tout retrait de licence fonde sur cet appel.";
"CONSERVER - UTILISEE";"Activite Power BI reelle detectee dans Microsoft Purview Audit.";"CHAUVIN, Marine";"marine.chauvin@infopro-digital.com";"marine.chauvin@infopro-digital.com";"True";"Member";"Power BI Pro";"ENTERPRISEPACK | FLOW_FREE | POWER_BI_PRO | POWER_BI_STANDARD";"09/06/2022 09:07:12 +02:00";"True";"28/05/2026 10:55:18 +02:00";"26/08/2026 10:55:18 +02:00";"19";"13/08/2026 10:08:35 +02:00";"13";"GetSnapshots";"True";"Non requise - activite Purview trouvee";"False";"27/07/2026 10:55:18 +02:00";"28";"0";"28";"13/08/2026 10:08:33 +02:00";"13/08/2026 10:08:33 +02:00";;;;"HTTP 410 - ressource ou lien de pagination Graph expire/non disponible. Appel : GET /beta/auditLogs/signIns. Le controle correspondant est incomplet et interdit tout retrait de licence fonde sur cet appel.";
"CONSERVER - UTILISEE";"Activite Power BI reelle detectee dans Microsoft Purview Audit.";"JAESCHKE, Marion | Heinze";"marion.jaeschke@infopro-digital.com";"Marion.Jaeschke@heinze.de";"True";"Member";"Power BI Pro";"POWER_BI_PRO | POWER_BI_STANDARD | STANDARDPACK";"25/08/2026 16:51:47 +02:00";"True";"28/05/2026 10:55:18 +02:00";"26/08/2026 10:55:18 +02:00";"10";"12/08/2026 10:15:47 +02:00";"14";"ViewReport";"True";"Non requise - activite Purview trouvee";"False";"27/07/2026 10:55:18 +02:00";"39";"0";"39";"12/08/2026 10:15:54 +02:00";"12/08/2026 10:15:54 +02:00";;;;"HTTP 410 - ressource ou lien de pagination Graph expire/non disponible. Appel : GET /beta/auditLogs/signIns. Le controle correspondant est incomplet et interdit tout retrait de licence fonde sur cet appel.";
"CONSERVER - UTILISEE";"Activite Power BI reelle detectee dans Microsoft Purview Audit.";"LE GOFF Marion";"marion.legoff@vecteurplus.com";"marion.legoff@vecteurplus.com";"True";"Member";"Power BI Pro";"FLOW_FREE | Microsoft_Teams_Audio_Conferencing_select_dial_out | SPE_E5 | VISIOCLIENT";"04/11/2025 12:13:46 +01:00";"True";"28/05/2026 10:55:18 +02:00";"26/08/2026 10:55:18 +02:00";"23";"25/08/2026 11:11:55 +02:00";"0";"EditDataset";"True";"Non requise - activite Purview trouvee";"False";"27/07/2026 10:55:18 +02:00";"32";"0";"32";"26/08/2026 10:50:18 +02:00";"26/08/2026 10:50:18 +02:00";"26/08/2026 10:50:16 +02:00";;;"HTTP 410 - ressource ou lien de pagination Graph expire/non disponible. Appel : GET /beta/auditLogs/signIns. Le controle correspondant est incomplet et interdit tout retrait de licence fonde sur cet appel.";
"CONSERVER - UTILISEE";"Activite Power BI reelle detectee dans Microsoft Purview Audit.";"Mark Goddard";"mark.goddard@infopro-digital.com";"mark.goddard@infopro-digital.com";"True";"Member";"Power BI Pro";"ENTERPRISEPACK | FLOW_FREE | POWER_BI_PRO | POWER_BI_STANDARD | STREAM";"10/02/2026 17:23:18 +01:00";"True";"28/05/2026 10:55:18 +02:00";"26/08/2026 10:55:18 +02:00";"3";"15/06/2026 13:04:23 +02:00";"71";"ViewReport";"True";"Non requise - activite Purview trouvee";"False";"27/07/2026 10:55:18 +02:00";"29";"0";"29";"17/08/2026 11:32:07 +02:00";"17/08/2026 11:32:07 +02:00";;;;"HTTP 410 - ressource ou lien de pagination Graph expire/non disponible. Appel : GET /beta/auditLogs/signIns. Le controle correspondant est incomplet et interdit tout retrait de licence fonde sur cet appel.";
"CONSERVER - UTILISEE";"Activite Power BI reelle detectee dans Microsoft Purview Audit.";"Mark Kirwan";"Mark.Kirwan@infopro-digital.com";"Mark.Kirwan@1lod.com";"True";"Member";"Power BI Pro";"ENTERPRISEPACK | POWER_BI_PRO | POWER_BI_STANDARD";"08/06/2026 15:05:13 +02:00";"True";"28/05/2026 10:55:18 +02:00";"26/08/2026 10:55:18 +02:00";"77";"17/08/2026 15:28:03 +02:00";"8";"ViewReport";"True";"Non requise - activite Purview trouvee";"False";"27/07/2026 10:55:18 +02:00";"82";"0";"82";"17/08/2026 15:28:07 +02:00";"17/08/2026 15:28:07 +02:00";;;;"HTTP 410 - ressource ou lien de pagination Graph expire/non disponible. Appel : GET /beta/auditLogs/signIns. Le controle correspondant est incomplet et interdit tout retrait de licence fonde sur cet appel.";
"CONSERVER - UTILISEE";"Activite Power BI reelle detectee dans Microsoft Purview Audit.";"Kreimer, Markus";"Markus.Kreimer@infopro-digital.com";"Markus.Kreimer@infopro-digital.com";"True";"Member";"Power BI Pro";"ENTERPRISEPACK | FLOW_FREE | POWER_BI_PRO | POWER_BI_STANDARD | POWERAPPS_DEV";"08/10/2025 10:44:30 +02:00";"True";"28/05/2026 10:55:18 +02:00";"26/08/2026 10:55:18 +02:00";"9";"03/08/2026 13:59:06 +02:00";"22";"GetSnapshots";"True";"Non requise - activite Purview trouvee";"False";"27/07/2026 10:55:18 +02:00";"47";"0";"47";"24/08/2026 21:33:38 +02:00";"24/08/2026 21:33:38 +02:00";;;;"HTTP 410 - ressource ou lien de pagination Graph expire/non disponible. Appel : GET /beta/auditLogs/signIns. Le controle correspondant est incomplet et interdit tout retrait de licence fonde sur cet appel.";
"CONSERVER - UTILISEE";"Activite Power BI reelle detectee dans Microsoft Purview Audit.";"RETTKOWSKI, Markus | Heinze";"markus.rettkowski@infopro-digital.com";"Markus.Rettkowski@heinze.de";"True";"Member";"Power BI Pro";"FLOW_FREE | POWER_BI_PRO | POWER_BI_STANDARD | STANDARDPACK";"15/04/2025 11:01:34 +02:00";"True";"28/05/2026 10:55:18 +02:00";"26/08/2026 10:55:18 +02:00";"216";"24/08/2026 19:57:37 +02:00";"1";"ViewReport";"True";"Non requise - activite Purview trouvee";"False";"27/07/2026 10:55:18 +02:00";"641";"0";"641";"24/08/2026 22:56:58 +02:00";"24/08/2026 22:56:58 +02:00";;;;"HTTP 410 - ressource ou lien de pagination Graph expire/non disponible. Appel : GET /beta/auditLogs/signIns. Le controle correspondant est incomplet et interdit tout retrait de licence fonde sur cet appel.";
"CONSERVER - UTILISEE";"Activite Power BI reelle detectee dans Microsoft Purview Audit.";"ARNAU, Marta";"marta.arnau@infopro-digital.com";"marta.arnau@infopro-digital.com";"True";"Member";"Power BI Pro";"ENTERPRISEPACK | FLOW_FREE | POWER_BI_PRO | POWER_BI_STANDARD";"20/08/2020 17:55:11 +02:00";"True";"28/05/2026 10:55:18 +02:00";"26/08/2026 10:55:18 +02:00";"99";"25/08/2026 15:28:44 +02:00";"0";"ViewReport";"True";"Non requise - activite Purview trouvee";"False";"27/07/2026 10:55:18 +02:00";"35";"0";"35";"26/08/2026 11:04:35 +02:00";"26/08/2026 11:04:35 +02:00";;;;"HTTP 410 - ressource ou lien de pagination Graph expire/non disponible. Appel : GET /beta/auditLogs/signIns. Le controle correspondant est incomplet et interdit tout retrait de licence fonde sur cet appel.";
"CONSERVER - UTILISEE";"Activite Power BI reelle detectee dans Microsoft Purview Audit.";"BEN-HAMOU, Martin";"martin.ben-hamou@infopro-digital.com";"martin.ben-hamou@infopro-digital.com";"True";"Member";"Power BI Pro";"POWER_BI_PRO | POWER_BI_STANDARD | STANDARDPACK";"11/06/2025 17:27:16 +02:00";"True";"28/05/2026 10:55:18 +02:00";"26/08/2026 10:55:18 +02:00";"22";"06/08/2026 10:59:22 +02:00";"19";"ViewReport";"True";"Non requise - activite Purview trouvee";"False";"27/07/2026 10:55:18 +02:00";"29";"0";"29";"06/08/2026 17:32:16 +02:00";"06/08/2026 17:32:16 +02:00";;;;"HTTP 410 - ressource ou lien de pagination Graph expire/non disponible. Appel : GET /beta/auditLogs/signIns. Le controle correspondant est incomplet et interdit tout retrait de licence fonde sur cet appel.";
"CONSERVER - UTILISEE";"Activite Power BI reelle detectee dans Microsoft Purview Audit.";"Mürb, Martin";"Martin.Muerb@infopro-digital.com";"M.Muerb@ibau.de";"True";"Member";"Power BI Pro";"FLOW_FREE | POWER_BI_PRO | POWER_BI_STANDARD | STANDARDPACK";"01/07/2026 13:58:14 +02:00";"True";"28/05/2026 10:55:18 +02:00";"26/08/2026 10:55:18 +02:00";"17";"04/08/2026 14:49:07 +02:00";"21";"ViewReport";"True";"Non requise - activite Purview trouvee";"False";"27/07/2026 10:55:18 +02:00";"20";"0";"20";"26/08/2026 00:24:58 +02:00";"26/08/2026 00:24:58 +02:00";;;;"HTTP 410 - ressource ou lien de pagination Graph expire/non disponible. Appel : GET /beta/auditLogs/signIns. Le controle correspondant est incomplet et interdit tout retrait de licence fonde sur cet appel.";
"CONSERVER - UTILISEE";"Activite Power BI reelle detectee dans Microsoft Purview Audit.";"CONSTANTINIDIS, Martine";"martine.constantinidis@infopro-digital.com";"martine.constantinidis@infopro-digital.com";"True";"Member";"Power BI Pro";"ENTERPRISEPACK | FLOW_FREE | POWER_BI_PRO | POWER_BI_STANDARD";"27/09/2023 14:48:56 +02:00";"True";"28/05/2026 10:55:18 +02:00";"26/08/2026 10:55:18 +02:00";"26";"29/07/2026 14:32:35 +02:00";"27";"ViewReport";"True";"Non requise - activite Purview trouvee";"False";"27/07/2026 10:55:18 +02:00";"30";"0";"30";"26/08/2026 03:18:50 +02:00";"26/08/2026 03:18:50 +02:00";;;;"HTTP 410 - ressource ou lien de pagination Graph expire/non disponible. Appel : GET /beta/auditLogs/signIns. Le controle correspondant est incomplet et interdit tout retrait de licence fonde sur cet appel.";
"CONSERVER - UTILISEE";"Activite Power BI reelle detectee dans Microsoft Purview Audit.";"DESMAZON, Marvin";"marvin.desmazon@infopro-digital.com";"marvin.desmazon@infopro-digital.com";"True";"Member";"Power BI Pro";"ENTERPRISEPACK | FLOW_FREE | POWER_BI_PRO | POWER_BI_STANDARD";"17/01/2024 10:44:37 +01:00";"True";"28/05/2026 10:55:18 +02:00";"26/08/2026 10:55:18 +02:00";"38";"25/08/2026 09:38:27 +02:00";"1";"ViewReport";"True";"Non requise - activite Purview trouvee";"False";"27/07/2026 10:55:18 +02:00";"54";"0";"54";"25/08/2026 09:38:42 +02:00";"25/08/2026 09:38:42 +02:00";;;;"HTTP 410 - ressource ou lien de pagination Graph expire/non disponible. Appel : GET /beta/auditLogs/signIns. Le controle correspondant est incomplet et interdit tout retrait de licence fonde sur cet appel.";
"CONSERVER - UTILISEE";"Activite Power BI reelle detectee dans Microsoft Purview Audit.";"Mary-Anne Edmonds";"mary-anne.edmonds@infopro-digital.com";"mary-anne.edmonds@infopro-digital.com";"True";"Member";"Power BI Pro";"ENTERPRISEPACK | FLOW_FREE | MCOEV | POWER_BI_PRO | POWER_BI_STANDARD";"07/03/2025 10:52:12 +01:00";"True";"28/05/2026 10:55:18 +02:00";"26/08/2026 10:55:18 +02:00";"151";"25/08/2026 11:29:30 +02:00";"0";"ViewReport";"True";"Non requise - activite Purview trouvee";"False";"27/07/2026 10:55:18 +02:00";"367";"0";"367";"25/08/2026 18:01:07 +02:00";"25/08/2026 18:01:07 +02:00";;;;"HTTP 410 - ressource ou lien de pagination Graph expire/non disponible. Appel : GET /beta/auditLogs/signIns. Le controle correspondant est incomplet et interdit tout retrait de licence fonde sur cet appel.";
"CONSERVER - UTILISEE";"Activite Power BI reelle detectee dans Microsoft Purview Audit.";"Mason Gillan-Lee";"Mason.Gillan-Lee@infopro-digital.com";"Mason.Gillan-Lee@infopro-digital.com";"True";"Member";"Power BI Pro";"ENTERPRISEPACK | POWER_BI_PRO | POWER_BI_STANDARD";"14/07/2026 14:29:50 +02:00";"True";"28/05/2026 10:55:18 +02:00";"26/08/2026 10:55:18 +02:00";"251";"25/08/2026 13:22:46 +02:00";"0";"ViewReport";"True";"Non requise - activite Purview trouvee";"False";"27/07/2026 10:55:18 +02:00";"1000";"0";"1000";"25/08/2026 16:54:00 +02:00";"25/08/2026 16:54:00 +02:00";;;;"HTTP 410 - ressource ou lien de pagination Graph expire/non disponible. Appel : GET /beta/auditLogs/signIns. Le controle correspondant est incomplet et interdit tout retrait de licence fonde sur cet appel.";
"CONSERVER - UTILISEE";"Activite Power BI reelle detectee dans Microsoft Purview Audit.";"KUTT, Mathias | Heinze";"mathias.kutt@infopro-digital.com";"Mathias.Kutt@heinze.de";"True";"Member";"Power BI Pro";"FLOW_FREE | POWER_BI_PRO | POWER_BI_STANDARD | STANDARDPACK";"30/06/2025 14:00:00 +02:00";"True";"28/05/2026 10:55:18 +02:00";"26/08/2026 10:55:18 +02:00";"183";"24/08/2026 17:56:51 +02:00";"1";"ViewReport";"True";"Non requise - activite Purview trouvee";"False";"27/07/2026 10:55:18 +02:00";"236";"0";"236";"24/08/2026 18:19:01 +02:00";"24/08/2026 18:19:01 +02:00";;;;"HTTP 410 - ressource ou lien de pagination Graph expire/non disponible. Appel : GET /beta/auditLogs/signIns. Le controle correspondant est incomplet et interdit tout retrait de licence fonde sur cet appel.";
"CONSERVER - UTILISEE";"Activite Power BI reelle detectee dans Microsoft Purview Audit.";"LETURCQ, Mathieu";"mathieu.leturcq@infopro-digital.com";"mathieu.leturcq@infopro-digital.com";"True";"Member";"Power BI Pro";"ENTERPRISEPACK | FLOW_FREE | POWER_BI_PRO | POWER_BI_STANDARD";"25/07/2022 17:10:15 +02:00";"True";"28/05/2026 10:55:18 +02:00";"26/08/2026 10:55:18 +02:00";"28";"10/08/2026 09:51:33 +02:00";"16";"ViewReport";"True";"Non requise - activite Purview trouvee";"False";"27/07/2026 10:55:18 +02:00";"29";"0";"29";"10/08/2026 09:51:35 +02:00";"10/08/2026 09:51:35 +02:00";;;;"HTTP 410 - ressource ou lien de pagination Graph expire/non disponible. Appel : GET /beta/auditLogs/signIns. Le controle correspondant est incomplet et interdit tout retrait de licence fonde sur cet appel.";
"CONSERVER - UTILISEE";"Activite Power BI reelle detectee dans Microsoft Purview Audit.";"OUVRARD, Mathieu";"mathieu.ouvrard@inovaxo.fr";"mathieu.ouvrard@inovaxo.fr";"True";"Member";"Power BI Pro";"FLOW_FREE | POWER_BI_PRO | POWER_BI_STANDARD | STANDARDPACK | STREAM";"28/04/2021 11:12:45 +02:00";"True";"28/05/2026 10:55:18 +02:00";"26/08/2026 10:55:18 +02:00";"23";"05/08/2026 08:47:31 +02:00";"21";"ViewReport";"True";"Non requise - activite Purview trouvee";"False";"27/07/2026 10:55:18 +02:00";"39";"0";"39";"05/08/2026 09:49:00 +02:00";"05/08/2026 09:49:00 +02:00";;;;"HTTP 410 - ressource ou lien de pagination Graph expire/non disponible. Appel : GET /beta/auditLogs/signIns. Le controle correspondant est incomplet et interdit tout retrait de licence fonde sur cet appel.";
"CONSERVER - UTILISEE";"Activite Power BI reelle detectee dans Microsoft Purview Audit.";"Matt Christie";"matt.christie@infopro-digital.com";"matt.christie@ukreiif.com";"True";"Member";"Power BI Pro";"ENTERPRISEPACK | POWER_BI_PRO";"16/05/2025 22:31:26 +02:00";"True";"28/05/2026 10:55:18 +02:00";"26/08/2026 10:55:18 +02:00";"13";"18/08/2026 10:48:30 +02:00";"8";"ViewReport";"True";"Non requise - activite Purview trouvee";"False";"27/07/2026 10:55:18 +02:00";"48";"0";"48";"18/08/2026 10:48:37 +02:00";"18/08/2026 10:48:37 +02:00";;;;"HTTP 410 - ressource ou lien de pagination Graph expire/non disponible. Appel : GET /beta/auditLogs/signIns. Le controle correspondant est incomplet et interdit tout retrait de licence fonde sur cet appel.";
"CONSERVER - UTILISEE";"Activite Power BI reelle detectee dans Microsoft Purview Audit.";"PAPET, Matthias";"matthias.papet@infopro-digital.com";"matthias.papet@infopro-digital.com";"True";"Member";"Power BI Pro";"FLOW_FREE | POWER_BI_STANDARD | SPE_E5";"17/07/2025 10:55:28 +02:00";"True";"28/05/2026 10:55:18 +02:00";"26/08/2026 10:55:18 +02:00";"120";"31/07/2026 16:14:31 +02:00";"25";"ViewReport";"True";"Non requise - activite Purview trouvee";"False";"27/07/2026 10:55:18 +02:00";"120";"0";"120";"21/08/2026 20:20:13 +02:00";"21/08/2026 20:20:13 +02:00";;;;"HTTP 410 - ressource ou lien de pagination Graph expire/non disponible. Appel : GET /beta/auditLogs/signIns. Le controle correspondant est incomplet et interdit tout retrait de licence fonde sur cet appel.";
"CONSERVER - UTILISEE";"Activite Power BI reelle detectee dans Microsoft Purview Audit.";"GIBERT, Matthieu";"matthieu.gibert@infopro-digital.com";"matthieu.gibert@infopro-digital.com";"True";"Member";"Power BI Pro";"ENTERPRISEPACK | POWER_BI_PRO | POWER_BI_STANDARD";"05/06/2026 09:32:13 +02:00";"True";"28/05/2026 10:55:18 +02:00";"26/08/2026 10:55:18 +02:00";"75";"25/07/2026 18:30:11 +02:00";"31";"ExportArtifactDownload";"True";"Non requise - activite Purview trouvee";"False";"27/07/2026 10:55:18 +02:00";"12";"0";"12";"24/08/2026 19:36:07 +02:00";"24/08/2026 19:36:07 +02:00";;;;"HTTP 410 - ressource ou lien de pagination Graph expire/non disponible. Appel : GET /beta/auditLogs/signIns. Le controle correspondant est incomplet et interdit tout retrait de licence fonde sur cet appel.";
"CONSERVER - UTILISEE";"Activite Power BI reelle detectee dans Microsoft Purview Audit.";"Mauro Cesa";"mauro.cesa@infopro-digital.com";"mauro.cesa@risk.net";"True";"Member";"Power BI Pro";"ENTERPRISEPACK | FLOW_FREE | MCOEV | Microsoft_Teams_Audio_Conferencing_select_dial_out | POWER_BI_PRO | POWER_BI_STANDARD";"04/07/2025 10:55:42 +02:00";"True";"28/05/2026 10:55:18 +02:00";"26/08/2026 10:55:18 +02:00";"4";"20/08/2026 10:52:23 +02:00";"6";"ViewReport";"True";"Non requise - activite Purview trouvee";"False";"27/07/2026 10:55:18 +02:00";"28";"0";"28";"20/08/2026 12:53:39 +02:00";"20/08/2026 12:53:39 +02:00";;;;"HTTP 410 - ressource ou lien de pagination Graph expire/non disponible. Appel : GET /beta/auditLogs/signIns. Le controle correspondant est incomplet et interdit tout retrait de licence fonde sur cet appel.";
"CONSERVER - UTILISEE";"Activite Power BI reelle detectee dans Microsoft Purview Audit.";"BOUYER, Maxime";"maxime.bouyer@infopro-digital.com";"mbouyer@gipa.eu";"True";"Member";"Power BI Pro";"ENTERPRISEPACK | POWER_BI_PRO | POWER_BI_STANDARD";"22/07/2026 14:57:09 +02:00";"True";"28/05/2026 10:55:18 +02:00";"26/08/2026 10:55:18 +02:00";"1";"24/07/2026 16:24:44 +02:00";"32";"GetWorkspaces";"True";"Non requise - activite Purview trouvee";"False";"27/07/2026 10:55:18 +02:00";"7";"0";"7";"21/08/2026 18:38:15 +02:00";"21/08/2026 18:38:15 +02:00";;;;"HTTP 410 - ressource ou lien de pagination Graph expire/non disponible. Appel : GET /beta/auditLogs/signIns. Le controle correspondant est incomplet et interdit tout retrait de licence fonde sur cet appel.";
"CONSERVER - UTILISEE";"Activite Power BI reelle detectee dans Microsoft Purview Audit.";"GIRAUDY, Maxime";"maxime.giraudy@infopro-digital.com";"maxime.giraudy@infopro-digital.com";"True";"Member";"Power BI Pro";"FLOW_FREE | POWER_BI_PRO | POWER_BI_STANDARD | STANDARDPACK";"09/06/2022 11:45:17 +02:00";"True";"28/05/2026 10:55:18 +02:00";"26/08/2026 10:55:18 +02:00";"15";"16/07/2026 15:00:49 +02:00";"40";"ViewReport";"True";"Non requise - activite Purview trouvee";"False";"27/07/2026 10:55:18 +02:00";"22";"0";"22";"25/08/2026 16:54:43 +02:00";"25/08/2026 16:54:43 +02:00";;;;"HTTP 410 - ressource ou lien de pagination Graph expire/non disponible. Appel : GET /beta/auditLogs/signIns. Le controle correspondant est incomplet et interdit tout retrait de licence fonde sur cet appel.";
"CONSERVER - UTILISEE";"Activite Power BI reelle detectee dans Microsoft Purview Audit.";"FRANK-GROSSE, May-Britt | BauNetz";"may-britt.frank-grosse@infopro-digital.com";"frank@baunetz.com";"True";"Member";"Power BI Pro";"FLOW_FREE | POWER_BI_PRO | POWER_BI_STANDARD | STANDARDPACK";"15/04/2025 11:01:31 +02:00";"True";"28/05/2026 10:55:18 +02:00";"26/08/2026 10:55:18 +02:00";"72";"03/08/2026 17:03:47 +02:00";"22";"GetSnapshots";"True";"Non requise - activite Purview trouvee";"False";"27/07/2026 10:55:18 +02:00";"118";"0";"118";"24/08/2026 12:30:59 +02:00";"24/08/2026 12:30:59 +02:00";;;;"HTTP 410 - ressource ou lien de pagination Graph expire/non disponible. Appel : GET /beta/auditLogs/signIns. Le controle correspondant est incomplet et interdit tout retrait de licence fonde sur cet appel.";
"CONSERVER - UTILISEE";"Activite Power BI reelle detectee dans Microsoft Purview Audit.";"ANNABI, Mohamed ali (TUN)";"med_ali.annabi@infopro-digital.com";"med_ali.annabi@infopro-digital.com";"True";"Member";"Power BI Pro";"FLOW_FREE | POWER_BI_PRO | POWER_BI_STANDARD | STANDARDPACK";"18/06/2024 11:22:46 +02:00";"True";"28/05/2026 10:55:18 +02:00";"26/08/2026 10:55:18 +02:00";"108";"26/08/2026 09:29:47 +02:00";"0";"ViewReport";"True";"Non requise - activite Purview trouvee";"False";"27/07/2026 10:55:18 +02:00";"136";"0";"136";"26/08/2026 10:45:04 +02:00";"26/08/2026 10:45:04 +02:00";;;;"HTTP 410 - ressource ou lien de pagination Graph expire/non disponible. Appel : GET /beta/auditLogs/signIns. Le controle correspondant est incomplet et interdit tout retrait de licence fonde sur cet appel.";
"CONSERVER - UTILISEE";"Activite Power BI reelle detectee dans Microsoft Purview Audit.";"BEN ZAIDA, Meriem (TUN)";"meriem.benzaida@infopro-digital.com";"meriem.benzaida@infopro-digital.com";"True";"Member";"Power BI Pro";"FLOW_FREE | POWER_BI_PRO | POWER_BI_STANDARD | STANDARDPACK";"23/03/2026 14:55:31 +01:00";"True";"28/05/2026 10:55:18 +02:00";"26/08/2026 10:55:18 +02:00";"189";"26/08/2026 09:05:04 +02:00";"0";"ViewReport";"True";"Non requise - activite Purview trouvee";"False";"27/07/2026 10:55:18 +02:00";"371";"0";"371";"26/08/2026 10:05:45 +02:00";"26/08/2026 10:05:45 +02:00";;;;"HTTP 410 - ressource ou lien de pagination Graph expire/non disponible. Appel : GET /beta/auditLogs/signIns. Le controle correspondant est incomplet et interdit tout retrait de licence fonde sur cet appel.";
"CONSERVER - UTILISEE";"Activite Power BI reelle detectee dans Microsoft Purview Audit.";"KHAYER, Meryem";"meryem.khayer@infopro-digital.com";"meryem.khayer@infopro-digital.com";"True";"Member";"Power BI Pro";"ENTERPRISEPACK | FLOW_FREE | POWER_BI_PRO | POWER_BI_STANDARD";"08/07/2026 10:04:01 +02:00";"True";"28/05/2026 10:55:18 +02:00";"26/08/2026 10:55:18 +02:00";"34";"25/08/2026 11:29:05 +02:00";"0";"ViewReport";"True";"Non requise - activite Purview trouvee";"False";"27/07/2026 10:55:18 +02:00";"104";"0";"104";"25/08/2026 16:00:32 +02:00";"25/08/2026 16:00:32 +02:00";;;;"HTTP 410 - ressource ou lien de pagination Graph expire/non disponible. Appel : GET /beta/auditLogs/signIns. Le controle correspondant est incomplet et interdit tout retrait de licence fonde sur cet appel.";
"CONSERVER - UTILISEE";"Activite Power BI reelle detectee dans Microsoft Purview Audit.";"Mia Wong";"Mia.Wong@infopro-digital.com";"Mia.Wong@infopro-digital.com";"True";"Member";"Power BI Pro";"ENTERPRISEPACK | FLOW_FREE | POWER_BI_PRO | POWER_BI_STANDARD";"11/03/2026 16:31:09 +01:00";"True";"28/05/2026 10:55:18 +02:00";"26/08/2026 10:55:18 +02:00";"1";"01/06/2026 12:27:14 +02:00";"85";"ViewReport";"True";"Non requise - activite Purview trouvee";"False";"27/07/2026 10:55:18 +02:00";"22";"0";"22";"25/08/2026 00:27:07 +02:00";"25/08/2026 00:27:07 +02:00";;;;"HTTP 410 - ressource ou lien de pagination Graph expire/non disponible. Appel : GET /beta/auditLogs/signIns. Le controle correspondant est incomplet et interdit tout retrait de licence fonde sur cet appel.";
"CONSERVER - UTILISEE";"Activite Power BI reelle detectee dans Microsoft Purview Audit.";"Michael Chambers";"Michael.Chambers@infopro-digital.com";"michael.chambers@infopro-digital.com";"True";"Member";"Power BI Pro";"ENTERPRISEPACK | FLOW_FREE | MCOEV | POWER_BI_PRO | POWER_BI_STANDARD";"16/05/2025 22:31:28 +02:00";"True";"28/05/2026 10:55:18 +02:00";"26/08/2026 10:55:18 +02:00";"353";"25/08/2026 16:48:41 +02:00";"0";"ViewReport";"True";"Non requise - activite Purview trouvee";"False";"27/07/2026 10:55:18 +02:00";"499";"0";"499";"25/08/2026 17:12:42 +02:00";"25/08/2026 17:12:42 +02:00";;;;"HTTP 410 - ressource ou lien de pagination Graph expire/non disponible. Appel : GET /beta/auditLogs/signIns. Le controle correspondant est incomplet et interdit tout retrait de licence fonde sur cet appel.";
"CONSERVER - UTILISEE";"Activite Power BI reelle detectee dans Microsoft Purview Audit.";"KRAMPE, Michael";"michael.krampe@infopro-digital.com";"michael.krampe@infopro-digital.com";"True";"Member";"Power BI Pro";"ENTERPRISEPACK | POWER_BI_PRO | POWER_BI_STANDARD";"06/11/2023 17:15:05 +01:00";"True";"28/05/2026 10:55:18 +02:00";"26/08/2026 10:55:18 +02:00";"57";"26/08/2026 07:13:19 +02:00";"0";"ViewReport";"True";"Non requise - activite Purview trouvee";"False";"27/07/2026 10:55:18 +02:00";"390";"0";"390";"26/08/2026 10:29:56 +02:00";"26/08/2026 10:29:56 +02:00";;;;"HTTP 410 - ressource ou lien de pagination Graph expire/non disponible. Appel : GET /beta/auditLogs/signIns. Le controle correspondant est incomplet et interdit tout retrait de licence fonde sur cet appel.";
"CONSERVER - UTILISEE";"Activite Power BI reelle detectee dans Microsoft Purview Audit.";"SCHOEPKE, Michael | Heinze";"michael.schoepke@infopro-digital.com";"Michael.Schoepke@heinze.de";"True";"Member";"Power BI Pro";"FLOW_FREE | POWER_BI_PRO | POWER_BI_STANDARD | STANDARDPACK";"15/04/2025 11:01:31 +02:00";"True";"28/05/2026 10:55:18 +02:00";"26/08/2026 10:55:18 +02:00";"10";"15/07/2026 10:49:35 +02:00";"42";"ViewReport";"True";"Non requise - activite Purview trouvee";"False";"27/07/2026 10:55:18 +02:00";"12";"0";"12";"19/08/2026 21:33:52 +02:00";"19/08/2026 21:33:52 +02:00";;;;"HTTP 410 - ressource ou lien de pagination Graph expire/non disponible. Appel : GET /beta/auditLogs/signIns. Le controle correspondant est incomplet et interdit tout retrait de licence fonde sur cet appel.";
"CONSERVER - UTILISEE";"Activite Power BI reelle detectee dans Microsoft Purview Audit.";"SÜLZER, Michael | Heinze";"michael.suelzer@infopro-digital.com";"Michael.Suelzer@heinze.de";"True";"Member";"Power BI Pro";"ENTERPRISEPACK | FLOW_FREE | Microsoft_365_Copilot | POWER_BI_PRO | POWER_BI_STANDARD";"26/05/2025 00:22:30 +02:00";"True";"28/05/2026 10:55:18 +02:00";"26/08/2026 10:55:18 +02:00";"64";"12/08/2026 09:07:28 +02:00";"14";"ViewReport";"True";"Non requise - activite Purview trouvee";"False";"27/07/2026 10:55:18 +02:00";"176";"0";"176";"15/08/2026 23:37:31 +02:00";"15/08/2026 23:37:31 +02:00";;;;"HTTP 410 - ressource ou lien de pagination Graph expire/non disponible. Appel : GET /beta/auditLogs/signIns. Le controle correspondant est incomplet et interdit tout retrait de licence fonde sur cet appel.";
"CONSERVER - UTILISEE";"Activite Power BI reelle detectee dans Microsoft Purview Audit.";"Michael Wilson";"Michael.Wilson@infopro-digital.com";"Michael.Wilson@infopro-digital.com";"True";"Member";"Power BI Pro";"ENTERPRISEPACK | FLOW_FREE | POWER_BI_PRO | POWER_BI_STANDARD";"23/02/2026 13:13:03 +01:00";"True";"28/05/2026 10:55:18 +02:00";"26/08/2026 10:55:18 +02:00";"6";"09/07/2026 17:22:34 +02:00";"47";"ViewReport";"True";"Non requise - activite Purview trouvee";"False";"27/07/2026 10:55:18 +02:00";"21";"0";"21";"20/08/2026 18:37:48 +02:00";"20/08/2026 18:37:48 +02:00";;;;"HTTP 410 - ressource ou lien de pagination Graph expire/non disponible. Appel : GET /beta/auditLogs/signIns. Le controle correspondant est incomplet et interdit tout retrait de licence fonde sur cet appel.";
"CONSERVER - UTILISEE";"Activite Power BI reelle detectee dans Microsoft Purview Audit.";"Michelle Godwin";"michelle.godwin@infopro-digital.com";"michelle.godwin@infopro-digital.com";"True";"Member";"Power BI Pro";"DYN365_BUSCENTRAL_TEAM_MEMBER | ENTERPRISEPACK | FLOW_FREE | MCOEV | Microsoft_365_Copilot | POWER_BI_PRO | POWER_BI_STANDARD";"03/05/2023 14:58:10 +02:00";"True";"28/05/2026 10:55:18 +02:00";"26/08/2026 10:55:18 +02:00";"90";"26/08/2026 09:30:05 +02:00";"0";"ViewReport";"True";"Non requise - activite Purview trouvee";"False";"27/07/2026 10:55:18 +02:00";"198";"0";"198";"26/08/2026 10:28:19 +02:00";"26/08/2026 10:28:19 +02:00";;;;"HTTP 410 - ressource ou lien de pagination Graph expire/non disponible. Appel : GET /beta/auditLogs/signIns. Le controle correspondant est incomplet et interdit tout retrait de licence fonde sur cet appel.";
"CONSERVER - UTILISEE";"Activite Power BI reelle detectee dans Microsoft Purview Audit.";"Michelle Hinam";"michelle.hinam@barbour-abi.com";"michelle.hinam@barbour-abi.com";"True";"Member";"Power BI Pro";"ENTERPRISEPACK | FLOW_FREE | POWER_BI_PRO | POWER_BI_STANDARD";"03/08/2026 10:03:02 +02:00";"True";"28/05/2026 10:55:18 +02:00";"26/08/2026 10:55:18 +02:00";"49";"21/08/2026 13:39:20 +02:00";"4";"ViewReport";"True";"Non requise - activite Purview trouvee";"False";"27/07/2026 10:55:18 +02:00";"162";"0";"162";"21/08/2026 13:39:27 +02:00";"21/08/2026 13:39:27 +02:00";;;;"HTTP 410 - ressource ou lien de pagination Graph expire/non disponible. Appel : GET /beta/auditLogs/signIns. Le controle correspondant est incomplet et interdit tout retrait de licence fonde sur cet appel.";
"CONSERVER - UTILISEE";"Activite Power BI reelle detectee dans Microsoft Purview Audit.";"ASSASSA, Moaffak";"moaffak.assassa@infopro-digital.com";"moaffak.assassa@infopro-digital.com";"True";"Member";"Power BI Pro";"POWER_BI_PRO | POWER_BI_STANDARD | STANDARDPACK";"23/07/2026 15:27:30 +02:00";"True";"28/05/2026 10:55:18 +02:00";"26/08/2026 10:55:18 +02:00";"42";"17/08/2026 11:44:57 +02:00";"8";"ViewReport";"True";"Non requise - activite Purview trouvee";"False";"27/07/2026 10:55:18 +02:00";"201";"0";"201";"20/08/2026 14:16:04 +02:00";"20/08/2026 14:16:04 +02:00";;;;"HTTP 410 - ressource ou lien de pagination Graph expire/non disponible. Appel : GET /beta/auditLogs/signIns. Le controle correspondant est incomplet et interdit tout retrait de licence fonde sur cet appel.";
"CONSERVER - UTILISEE";"Activite Power BI reelle detectee dans Microsoft Purview Audit.";"ALIASGAR, Mohamed";"mohamed.aliasgar@infopro-digital.com";"mohamed.aliasgar@infopro-digital.com";"True";"Member";"Power BI Pro";"FLOW_FREE | POWER_BI_PRO | POWER_BI_STANDARD | STANDARDPACK";"26/03/2024 15:51:42 +01:00";"True";"28/05/2026 10:55:18 +02:00";"26/08/2026 10:55:18 +02:00";"33";"12/08/2026 10:44:02 +02:00";"14";"ViewReport";"True";"Non requise - activite Purview trouvee";"False";"27/07/2026 10:55:18 +02:00";"183";"0";"183";"13/08/2026 01:01:03 +02:00";"13/08/2026 01:01:03 +02:00";;;;"HTTP 410 - ressource ou lien de pagination Graph expire/non disponible. Appel : GET /beta/auditLogs/signIns. Le controle correspondant est incomplet et interdit tout retrait de licence fonde sur cet appel.";
"CONSERVER - UTILISEE";"Activite Power BI reelle detectee dans Microsoft Purview Audit.";"INAAM RACHDI, Mohamed (TUN)";"mohamed.inaamrachdi@infopro-digital.com";"mohamed.inaamrachdi@infopro-digital.com";"True";"Member";"Power BI Pro";"FLOW_FREE | POWER_BI_PRO | POWER_BI_STANDARD | STANDARDPACK";"12/06/2020 11:11:54 +02:00";"True";"28/05/2026 10:55:18 +02:00";"26/08/2026 10:55:18 +02:00";"17";"21/07/2026 11:28:37 +02:00";"35";"ViewReport";"True";"Non requise - activite Purview trouvee";"False";"27/07/2026 10:55:18 +02:00";"14";"0";"14";"25/08/2026 12:41:31 +02:00";"25/08/2026 12:41:31 +02:00";;;;"HTTP 410 - ressource ou lien de pagination Graph expire/non disponible. Appel : GET /beta/auditLogs/signIns. Le controle correspondant est incomplet et interdit tout retrait de licence fonde sur cet appel.";
"CONSERVER - UTILISEE";"Activite Power BI reelle detectee dans Microsoft Purview Audit.";"HABBOUL, Moncef";"moncef.habboul@infopro-digital.com";"moncef.habboul@infopro-digital.com";"True";"Member";"Power BI Pro";"FLOW_FREE | Microsoft_Copilot_for_Finance_trial | POWER_BI_STANDARD | SPE_E5 | STREAM";"24/07/2025 13:52:13 +02:00";"True";"28/05/2026 10:55:18 +02:00";"26/08/2026 10:55:18 +02:00";"108";"29/07/2026 19:07:39 +02:00";"27";"ExportReport";"True";"Non requise - activite Purview trouvee";"False";"27/07/2026 10:55:18 +02:00";"94";"0";"94";"20/08/2026 05:23:45 +02:00";"20/08/2026 05:23:45 +02:00";;;;"HTTP 410 - ressource ou lien de pagination Graph expire/non disponible. Appel : GET /beta/auditLogs/signIns. Le controle correspondant est incomplet et interdit tout retrait de licence fonde sur cet appel.";
"CONSERVER - UTILISEE";"Activite Power BI reelle detectee dans Microsoft Purview Audit.";"Monica Summerville";"Monica.Summerville@infopro-digital.com";"Monica.Summerville@infopro-digital.com";"True";"Member";"Power BI Pro";"DYN365_BUSCENTRAL_TEAM_MEMBER | FLOW_FREE | SPE_E5";"03/03/2026 15:53:21 +01:00";"True";"28/05/2026 10:55:18 +02:00";"26/08/2026 10:55:18 +02:00";"42";"25/08/2026 11:11:03 +02:00";"0";"ViewReport";"True";"Non requise - activite Purview trouvee";"False";"27/07/2026 10:55:18 +02:00";"256";"0";"256";"25/08/2026 13:51:04 +02:00";"25/08/2026 13:51:04 +02:00";;;;"HTTP 410 - ressource ou lien de pagination Graph expire/non disponible. Appel : GET /beta/auditLogs/signIns. Le controle correspondant est incomplet et interdit tout retrait de licence fonde sur cet appel.";
"CONSERVER - UTILISEE";"Activite Power BI reelle detectee dans Microsoft Purview Audit.";"Monika Ghose";"monika.ghose@infopro-digital.com";"monika.ghose@infopro-digital.com";"True";"Member";"Power BI Pro";"ENTERPRISEPACK | FLOW_FREE | POWER_BI_PRO | POWER_BI_STANDARD";"04/07/2025 10:55:37 +02:00";"True";"28/05/2026 10:55:18 +02:00";"26/08/2026 10:55:18 +02:00";"2";"31/07/2026 10:41:14 +02:00";"26";"ViewReport";"True";"Non requise - activite Purview trouvee";"False";"27/07/2026 10:55:18 +02:00";"27";"0";"27";"21/08/2026 11:20:57 +02:00";"21/08/2026 11:20:57 +02:00";;;;"HTTP 410 - ressource ou lien de pagination Graph expire/non disponible. Appel : GET /beta/auditLogs/signIns. Le controle correspondant est incomplet et interdit tout retrait de licence fonde sur cet appel.";
"CONSERVER - UTILISEE";"Activite Power BI reelle detectee dans Microsoft Purview Audit.";"PIEDADE, Monique";"monique.piedade@infopro-digital.com";"mpiedade@companeo.com";"True";"Member";"Power BI Pro";"ENTERPRISEPACK | FLOW_FREE | POWER_BI_PRO | POWER_BI_STANDARD";"30/11/2022 15:13:27 +01:00";"True";"28/05/2026 10:55:18 +02:00";"26/08/2026 10:55:18 +02:00";"8";"03/08/2026 11:05:51 +02:00";"22";"ViewReport";"True";"Non requise - activite Purview trouvee";"False";"27/07/2026 10:55:18 +02:00";"17";"0";"17";"24/08/2026 21:28:42 +02:00";"24/08/2026 21:28:42 +02:00";;;;"HTTP 410 - ressource ou lien de pagination Graph expire/non disponible. Appel : GET /beta/auditLogs/signIns. Le controle correspondant est incomplet et interdit tout retrait de licence fonde sur cet appel.";
"CONSERVER - UTILISEE";"Activite Power BI reelle detectee dans Microsoft Purview Audit.";"Mujtaba Pasha";"Mujtaba.Pasha@infopro-digital.com";"mujtaba.pasha@infopro-digital.com";"True";"Member";"Power BI Pro";"ENTERPRISEPACK | MCOEV | POWER_BI_PRO | POWER_BI_STANDARD";"19/05/2025 11:20:37 +02:00";"True";"28/05/2026 10:55:18 +02:00";"26/08/2026 10:55:18 +02:00";"121";"24/08/2026 12:58:57 +02:00";"1";"ViewReport";"True";"Non requise - activite Purview trouvee";"False";"27/07/2026 10:55:18 +02:00";"502";"0";"502";"26/08/2026 10:52:19 +02:00";"26/08/2026 10:52:19 +02:00";;;;"HTTP 410 - ressource ou lien de pagination Graph expire/non disponible. Appel : GET /beta/auditLogs/signIns. Le controle correspondant est incomplet et interdit tout retrait de licence fonde sur cet appel.";
"CONSERVER - UTILISEE";"Activite Power BI reelle detectee dans Microsoft Purview Audit.";"OLIVEIRA, Murilo";"murilo-godek.oliveira@infopro-digital.com";"murilo.oliveira@infopro-digital.com";"True";"Member";"Power BI Pro";"ENTERPRISEPACK | FLOW_FREE | POWER_BI_PRO | POWER_BI_STANDARD";"16/05/2025 22:31:29 +02:00";"True";"28/05/2026 10:55:18 +02:00";"26/08/2026 10:55:18 +02:00";"75";"24/08/2026 10:17:53 +02:00";"2";"ViewReport";"True";"Non requise - activite Purview trouvee";"False";"27/07/2026 10:55:18 +02:00";"304";"0";"304";"24/08/2026 15:13:06 +02:00";"24/08/2026 15:13:06 +02:00";;;;"HTTP 410 - ressource ou lien de pagination Graph expire/non disponible. Appel : GET /beta/auditLogs/signIns. Le controle correspondant est incomplet et interdit tout retrait de licence fonde sur cet appel.";
"CONSERVER - UTILISEE";"Activite Power BI reelle detectee dans Microsoft Purview Audit.";"BURLIN, Myriam";"myriam.burlin@etai.fr";"myriam.burlin@etai.fr";"True";"Member";"Power BI Pro";"FLOW_FREE | POWER_BI_STANDARD | SPE_E5 | STREAM";"04/11/2025 09:57:36 +01:00";"True";"28/05/2026 10:55:18 +02:00";"26/08/2026 10:55:18 +02:00";"17";"29/06/2026 11:49:43 +02:00";"57";"GetSnapshots";"True";"Non requise - activite Purview trouvee";"False";"27/07/2026 10:55:18 +02:00";"21";"0";"21";"24/08/2026 23:46:20 +02:00";"24/08/2026 23:46:20 +02:00";;;;"HTTP 410 - ressource ou lien de pagination Graph expire/non disponible. Appel : GET /beta/auditLogs/signIns. Le controle correspondant est incomplet et interdit tout retrait de licence fonde sur cet appel.";
"CONSERVER - UTILISEE";"Activite Power BI reelle detectee dans Microsoft Purview Audit.";"VAN DE BELT, Nick";"n.vandebelt@infopro-digital.com";"n.vandebelt@infopro-digital.com";"True";"Member";"Power BI Pro";"DYN365_BUSCENTRAL_TEAM_MEMBER | ENTERPRISEPACK | FLOW_FREE | POWER_BI_PRO | POWER_BI_STANDARD";"23/12/2025 11:01:10 +01:00";"True";"28/05/2026 10:55:18 +02:00";"26/08/2026 10:55:18 +02:00";"29";"26/08/2026 09:10:28 +02:00";"0";"ViewReport";"True";"Non requise - activite Purview trouvee";"False";"27/07/2026 10:55:18 +02:00";"162";"0";"162";"26/08/2026 10:45:26 +02:00";"26/08/2026 10:45:26 +02:00";;;;"HTTP 410 - ressource ou lien de pagination Graph expire/non disponible. Appel : GET /beta/auditLogs/signIns. Le controle correspondant est incomplet et interdit tout retrait de licence fonde sur cet appel.";
"CONSERVER - UTILISEE";"Activite Power BI reelle detectee dans Microsoft Purview Audit.";"TALSSI, Nabil";"nabil.talssi@infopro-digital.com";"nabil.talssi@infopro-digital.com";"True";"Member";"Power BI Pro";"ENTERPRISEPACK | FLOW_FREE | POWER_BI_PRO | POWER_BI_STANDARD";"13/11/2020 16:23:20 +01:00";"True";"28/05/2026 10:55:18 +02:00";"26/08/2026 10:55:18 +02:00";"36";"21/07/2026 10:58:27 +02:00";"35";"ViewReport";"True";"Non requise - activite Purview trouvee";"False";"27/07/2026 10:55:18 +02:00";"14";"0";"14";"25/08/2026 21:45:56 +02:00";"25/08/2026 21:45:56 +02:00";;;;"HTTP 410 - ressource ou lien de pagination Graph expire/non disponible. Appel : GET /beta/auditLogs/signIns. Le controle correspondant est incomplet et interdit tout retrait de licence fonde sur cet appel.";
"CONSERVER - UTILISEE";"Activite Power BI reelle detectee dans Microsoft Purview Audit.";"CLEMENT, Nadia";"nadia.clement@infopro-digital.com";"nadia.clement@infopro-digital.com";"True";"Member";"Power BI Pro";"ENTERPRISEPACK | FLOW_FREE | POWER_BI_PRO | POWER_BI_STANDARD";"16/01/2024 17:49:12 +01:00";"True";"28/05/2026 10:55:18 +02:00";"26/08/2026 10:55:18 +02:00";"11";"03/07/2026 13:59:57 +02:00";"53";"ExportReport";"True";"Non requise - activite Purview trouvee";"False";"27/07/2026 10:55:18 +02:00";"32";"0";"32";"25/08/2026 18:08:02 +02:00";"25/08/2026 18:08:02 +02:00";;;;"HTTP 410 - ressource ou lien de pagination Graph expire/non disponible. Appel : GET /beta/auditLogs/signIns. Le controle correspondant est incomplet et interdit tout retrait de licence fonde sur cet appel.";
"CONSERVER - UTILISEE";"Activite Power BI reelle detectee dans Microsoft Purview Audit.";"HAUPT, Natascha | BauNetz";"natascha.haupt@infopro-digital.com";"haupt@baunetz.com";"True";"Member";"Power BI Pro";"FLOW_FREE | POWER_BI_PRO | POWER_BI_STANDARD | STANDARDPACK";"15/04/2025 11:01:37 +02:00";"True";"28/05/2026 10:55:18 +02:00";"26/08/2026 10:55:18 +02:00";"34";"18/08/2026 12:59:28 +02:00";"7";"ViewReport";"True";"Non requise - activite Purview trouvee";"False";"27/07/2026 10:55:18 +02:00";"40";"0";"40";"18/08/2026 12:57:35 +02:00";"18/08/2026 12:57:35 +02:00";;;;"HTTP 410 - ressource ou lien de pagination Graph expire/non disponible. Appel : GET /beta/auditLogs/signIns. Le controle correspondant est incomplet et interdit tout retrait de licence fonde sur cet appel.";
"CONSERVER - UTILISEE";"Activite Power BI reelle detectee dans Microsoft Purview Audit.";"SANTOS, Natasha";"natasha.santos@infopro-digital.com";"natasha.santos@infopro-digital.com";"True";"Member";"Power BI Pro";"ENTERPRISEPACK | FLOW_FREE | POWER_BI_PRO | POWER_BI_STANDARD";"01/07/2024 11:55:07 +02:00";"True";"28/05/2026 10:55:18 +02:00";"26/08/2026 10:55:18 +02:00";"23";"07/08/2026 14:59:52 +02:00";"18";"ViewReport";"True";"Non requise - activite Purview trouvee";"False";"27/07/2026 10:55:18 +02:00";"41";"0";"41";"07/08/2026 16:02:10 +02:00";"07/08/2026 16:02:10 +02:00";;;;"HTTP 410 - ressource ou lien de pagination Graph expire/non disponible. Appel : GET /beta/auditLogs/signIns. Le controle correspondant est incomplet et interdit tout retrait de licence fonde sur cet appel.";
"CONSERVER - UTILISEE";"Activite Power BI reelle detectee dans Microsoft Purview Audit.";"Nathalie Armitage";"nathalie.armitage@barbour-abi.com";"nathalie.armitage@barbour-abi.com";"True";"Member";"Power BI Pro";"ENTERPRISEPACK | FLOW_FREE | POWER_BI_PRO | POWER_BI_STANDARD";"15/04/2026 09:35:13 +02:00";"True";"28/05/2026 10:55:18 +02:00";"26/08/2026 10:55:18 +02:00";"20";"24/08/2026 13:13:42 +02:00";"1";"ViewReport";"True";"Non requise - activite Purview trouvee";"False";"27/07/2026 10:55:18 +02:00";"75";"0";"75";"24/08/2026 13:13:49 +02:00";"24/08/2026 13:13:49 +02:00";;;;"HTTP 410 - ressource ou lien de pagination Graph expire/non disponible. Appel : GET /beta/auditLogs/signIns. Le controle correspondant est incomplet et interdit tout retrait de licence fonde sur cet appel.";
"CONSERVER - UTILISEE";"Activite Power BI reelle detectee dans Microsoft Purview Audit.";"DEPETRO, Nathalie";"nathalie.depetro@infopro-digital.com";"nathalie.depetro@infopro-digital.com";"True";"Member";"Power BI Pro";"FLOW_FREE | SPE_E5";"16/06/2026 14:55:10 +02:00";"True";"28/05/2026 10:55:18 +02:00";"26/08/2026 10:55:18 +02:00";"103";"25/08/2026 14:41:00 +02:00";"0";"ViewReport";"True";"Non requise - activite Purview trouvee";"False";"27/07/2026 10:55:18 +02:00";"112";"0";"112";"25/08/2026 14:41:06 +02:00";"25/08/2026 14:41:06 +02:00";;;;"HTTP 410 - ressource ou lien de pagination Graph expire/non disponible. Appel : GET /beta/auditLogs/signIns. Le controle correspondant est incomplet et interdit tout retrait de licence fonde sur cet appel.";
"CONSERVER - UTILISEE";"Activite Power BI reelle detectee dans Microsoft Purview Audit.";"Nathan Spencer";"nathan.spencer@infopro-digital.com";"nathan.spencer@ukreiif.com";"True";"Member";"Power BI Pro";"DYN365_BUSCENTRAL_TEAM_MEMBER | FLOW_FREE | POWER_BI_STANDARD | SPE_E5";"09/09/2025 09:24:05 +02:00";"True";"28/05/2026 10:55:18 +02:00";"26/08/2026 10:55:18 +02:00";"151";"26/08/2026 05:18:48 +02:00";"0";"ViewReport";"True";"Non requise - activite Purview trouvee";"False";"27/07/2026 10:55:18 +02:00";"430";"0";"430";"26/08/2026 11:01:37 +02:00";"26/08/2026 11:01:37 +02:00";;;;"HTTP 410 - ressource ou lien de pagination Graph expire/non disponible. Appel : GET /beta/auditLogs/signIns. Le controle correspondant est incomplet et interdit tout retrait de licence fonde sur cet appel.";
"CONSERVER - UTILISEE";"Activite Power BI reelle detectee dans Microsoft Purview Audit.";"LEHOVETZKI, Nicolas";"nicolas.lehovetzki@infopro-digital.com";"nicolas.lehovetzki@infopro-digital.com";"True";"Member";"Power BI Pro";"ENTERPRISEPACK | FLOW_FREE | POWER_BI_PRO | POWER_BI_STANDARD";"15/04/2026 08:35:01 +02:00";"True";"28/05/2026 10:55:18 +02:00";"26/08/2026 10:55:18 +02:00";"9";"06/07/2026 09:50:21 +02:00";"51";"GetSnapshots";"True";"Non requise - activite Purview trouvee";"False";"27/07/2026 10:55:18 +02:00";"42";"0";"42";"24/08/2026 12:51:40 +02:00";"24/08/2026 12:51:40 +02:00";;;;"HTTP 410 - ressource ou lien de pagination Graph expire/non disponible. Appel : GET /beta/auditLogs/signIns. Le controle correspondant est incomplet et interdit tout retrait de licence fonde sur cet appel.";
"CONSERVER - UTILISEE";"Activite Power BI reelle detectee dans Microsoft Purview Audit.";"PANIER, Nicolas";"nicolas.panier@infopro-digital.com";"nicolas.panier@infopro-digital.com";"True";"Member";"Power BI Pro";"FLOW_FREE | SPE_E5 | VISIOCLIENT";"24/07/2025 15:04:33 +02:00";"True";"28/05/2026 10:55:18 +02:00";"26/08/2026 10:55:18 +02:00";"6";"09/06/2026 16:10:47 +02:00";"77";"GetDatasourceDetailsWithCredentialsAsync";"True";"Non requise - activite Purview trouvee";"False";"27/07/2026 10:55:18 +02:00";"21";"0";"21";"26/08/2026 02:22:28 +02:00";"26/08/2026 02:22:28 +02:00";;;;"HTTP 410 - ressource ou lien de pagination Graph expire/non disponible. Appel : GET /beta/auditLogs/signIns. Le controle correspondant est incomplet et interdit tout retrait de licence fonde sur cet appel.";
"CONSERVER - UTILISEE";"Activite Power BI reelle detectee dans Microsoft Purview Audit.";"D ALMEIDA, Nicole";"nicole.dalmeida@infopro-digital.com";"nicole.dalmeida@infopro-digital.com";"True";"Member";"Power BI Pro";"FLOW_FREE | POWER_BI_PRO | POWER_BI_STANDARD | STANDARDPACK";"29/07/2024 12:11:05 +02:00";"True";"28/05/2026 10:55:18 +02:00";"26/08/2026 10:55:18 +02:00";"1";"02/06/2026 15:36:44 +02:00";"84";"GetSnapshots";"True";"Non requise - activite Purview trouvee";"False";"27/07/2026 10:55:18 +02:00";"24";"0";"24";"25/08/2026 18:37:51 +02:00";"25/08/2026 18:37:51 +02:00";;;;"HTTP 410 - ressource ou lien de pagination Graph expire/non disponible. Appel : GET /beta/auditLogs/signIns. Le controle correspondant est incomplet et interdit tout retrait de licence fonde sur cet appel.";
"CONSERVER - UTILISEE";"Activite Power BI reelle detectee dans Microsoft Purview Audit.";"Noel d'Ablemont-Smith";"Noel.d'Ablemont-Smith@infopro-digital.com";"Noel.dAblemont-Smith@chartis-research.com";"True";"Member";"Power BI Pro";"ENTERPRISEPACK | MCOEV | POWER_BI_PRO";"28/03/2025 15:11:28 +01:00";"True";"28/05/2026 10:55:18 +02:00";"26/08/2026 10:55:18 +02:00";"13";"16/07/2026 15:08:47 +02:00";"40";"ViewReport";"True";"Non requise - activite Purview trouvee";"False";"27/07/2026 10:55:18 +02:00";"14";"0";"14";"20/08/2026 17:11:13 +02:00";"20/08/2026 17:11:13 +02:00";;;;"HTTP 410 - ressource ou lien de pagination Graph expire/non disponible. Appel : GET /beta/auditLogs/signIns. Le controle correspondant est incomplet et interdit tout retrait de licence fonde sur cet appel.";
"CONSERVER - UTILISEE";"Activite Power BI reelle detectee dans Microsoft Purview Audit.";"KERN, Noemie";"noemie.kern@infopro-digital.com";"noemie.kern@infopro-digital.com";"True";"Member";"Power BI Pro";"FLOW_FREE | POWER_BI_PRO | POWER_BI_STANDARD | STANDARDPACK";"15/04/2026 09:35:14 +02:00";"True";"28/05/2026 10:55:18 +02:00";"26/08/2026 10:55:18 +02:00";"26";"25/08/2026 11:02:45 +02:00";"0";"ViewReport";"True";"Non requise - activite Purview trouvee";"False";"27/07/2026 10:55:18 +02:00";"41";"0";"41";"25/08/2026 16:04:46 +02:00";"25/08/2026 16:04:46 +02:00";;;;"HTTP 410 - ressource ou lien de pagination Graph expire/non disponible. Appel : GET /beta/auditLogs/signIns. Le controle correspondant est incomplet et interdit tout retrait de licence fonde sur cet appel.";
"CONSERVER - UTILISEE";"Activite Power BI reelle detectee dans Microsoft Purview Audit.";"JAMET, Norbert";"norbert.jamet@infopro-digital.com";"norbert.jamet@infopro-digital.com";"True";"Member";"Power BI Pro";"FLOW_FREE | POWER_BI_PRO | POWER_BI_STANDARD | STANDARDPACK";"24/10/2024 15:26:13 +02:00";"True";"28/05/2026 10:55:18 +02:00";"26/08/2026 10:55:18 +02:00";"5";"26/08/2026 09:01:22 +02:00";"0";"ViewReport";"True";"Non requise - activite Purview trouvee";"False";"27/07/2026 10:55:18 +02:00";"67";"0";"67";"26/08/2026 09:01:28 +02:00";"26/08/2026 09:01:28 +02:00";;;;"HTTP 410 - ressource ou lien de pagination Graph expire/non disponible. Appel : GET /beta/auditLogs/signIns. Le controle correspondant est incomplet et interdit tout retrait de licence fonde sur cet appel.";
"CONSERVER - UTILISEE";"Activite Power BI reelle detectee dans Microsoft Purview Audit.";"MEDJKOUNE, Noura";"noura.medjkoune@infopro-digital.com";"noura.bendjima@infopro-digital.com";"True";"Member";"Power BI Pro";"POWER_BI_PRO | POWER_BI_STANDARD | STANDARDPACK";"20/08/2020 17:59:43 +02:00";"True";"28/05/2026 10:55:18 +02:00";"26/08/2026 10:55:18 +02:00";"98";"25/08/2026 11:15:27 +02:00";"0";"ViewReport";"True";"Non requise - activite Purview trouvee";"False";"27/07/2026 10:55:18 +02:00";"107";"0";"107";"25/08/2026 18:10:27 +02:00";"25/08/2026 18:10:27 +02:00";;;;"HTTP 410 - ressource ou lien de pagination Graph expire/non disponible. Appel : GET /beta/auditLogs/signIns. Le controle correspondant est incomplet et interdit tout retrait de licence fonde sur cet appel.";
"CONSERVER - UTILISEE";"Activite Power BI reelle detectee dans Microsoft Purview Audit.";"SIEKER, Olaf";"olaf.sieker@infopro-digital.com";"olaf.sieker@infopro-digital.com";"True";"Member";"Power BI Pro";"ENTERPRISEPACK | FLOW_FREE | POWER_BI_PRO | POWER_BI_STANDARD";"05/02/2026 15:14:23 +01:00";"True";"28/05/2026 10:55:18 +02:00";"26/08/2026 10:55:18 +02:00";"1";"09/06/2026 10:51:24 +02:00";"78";"GetSnapshots";"True";"Non requise - activite Purview trouvee";"False";"27/07/2026 10:55:18 +02:00";"21";"0";"21";"25/08/2026 19:59:48 +02:00";"25/08/2026 19:59:48 +02:00";;;;"HTTP 410 - ressource ou lien de pagination Graph expire/non disponible. Appel : GET /beta/auditLogs/signIns. Le controle correspondant est incomplet et interdit tout retrait de licence fonde sur cet appel.";
"CONSERVER - UTILISEE";"Activite Power BI reelle detectee dans Microsoft Purview Audit.";"BRETZNER, Olivier";"olivier.bretzner@infopro-digital.com";"olivier.bretzner@infopro-digital.com";"True";"Member";"Power BI Pro";"POWER_BI_PRO | POWER_BI_STANDARD | STANDARDPACK";"22/12/2025 12:00:34 +01:00";"True";"28/05/2026 10:55:18 +02:00";"26/08/2026 10:55:18 +02:00";"139";"25/08/2026 17:58:12 +02:00";"0";"ViewReport";"True";"Non requise - activite Purview trouvee";"False";"27/07/2026 10:55:18 +02:00";"42";"0";"42";"25/08/2026 17:58:18 +02:00";"25/08/2026 17:58:18 +02:00";;;;"HTTP 410 - ressource ou lien de pagination Graph expire/non disponible. Appel : GET /beta/auditLogs/signIns. Le controle correspondant est incomplet et interdit tout retrait de licence fonde sur cet appel.";
"CONSERVER - UTILISEE";"Activite Power BI reelle detectee dans Microsoft Purview Audit.";"DRAGONI, Olivier";"olivier.dragoni@infopro-digital.com";"olivier.dragoni@infopro-digital.com";"True";"Member";"Power BI Pro";"FLOW_FREE | POWER_BI_PRO | POWER_BI_STANDARD | STANDARDPACK";"22/12/2025 12:00:34 +01:00";"True";"28/05/2026 10:55:18 +02:00";"26/08/2026 10:55:18 +02:00";"1";"28/05/2026 11:14:15 +02:00";"89";"ViewReport";"True";"Non requise - activite Purview trouvee";"False";"27/07/2026 10:55:18 +02:00";"18";"0";"18";"20/08/2026 18:49:20 +02:00";"20/08/2026 18:49:20 +02:00";;;;"HTTP 410 - ressource ou lien de pagination Graph expire/non disponible. Appel : GET /beta/auditLogs/signIns. Le controle correspondant est incomplet et interdit tout retrait de licence fonde sur cet appel.";
"CONSERVER - UTILISEE";"Activite Power BI reelle detectee dans Microsoft Purview Audit.";"LENDRESSE, Olivier";"olivier.lendresse@infopro-digital.com";"olivier.lendresse@infopro-digital.com";"True";"Member";"Power BI Pro";"ENTERPRISEPACK | FLOW_FREE | POWER_BI_PRO | POWER_BI_STANDARD";"16/02/2026 10:07:41 +01:00";"True";"28/05/2026 10:55:18 +02:00";"26/08/2026 10:55:18 +02:00";"19";"16/07/2026 14:04:15 +02:00";"40";"ViewReport";"True";"Non requise - activite Purview trouvee";"False";"27/07/2026 10:55:18 +02:00";"15";"0";"15";"20/08/2026 23:21:10 +02:00";"20/08/2026 23:21:10 +02:00";;;;"HTTP 410 - ressource ou lien de pagination Graph expire/non disponible. Appel : GET /beta/auditLogs/signIns. Le controle correspondant est incomplet et interdit tout retrait de licence fonde sur cet appel.";
"CONSERVER - UTILISEE";"Activite Power BI reelle detectee dans Microsoft Purview Audit.";"SINDEZINGUE, Olivier";"olivier.sindezingue@infopro-digital.com";"olivier.sindezingue@infopro-digital.com";"True";"Member";"Power BI Pro";"FLOW_FREE | POWER_BI_PRO | POWER_BI_STANDARD | STANDARDPACK";"05/09/2023 12:03:16 +02:00";"True";"28/05/2026 10:55:18 +02:00";"26/08/2026 10:55:18 +02:00";"95";"25/08/2026 16:22:54 +02:00";"0";"ViewReport";"True";"Non requise - activite Purview trouvee";"False";"27/07/2026 10:55:18 +02:00";"101";"0";"101";"25/08/2026 17:38:24 +02:00";"25/08/2026 17:38:24 +02:00";;;;"HTTP 410 - ressource ou lien de pagination Graph expire/non disponible. Appel : GET /beta/auditLogs/signIns. Le controle correspondant est incomplet et interdit tout retrait de licence fonde sur cet appel.";
"CONSERVER - UTILISEE";"Activite Power BI reelle detectee dans Microsoft Purview Audit.";"Paola Vergine";"Paola.Vergine@infopro-digital.com";"paola.vergine@infopro-digital.com";"True";"Member";"Power BI Pro";"ENTERPRISEPACK | FLOW_FREE | POWER_BI_PRO | POWER_BI_STANDARD";"13/03/2023 13:58:09 +01:00";"True";"28/05/2026 10:55:18 +02:00";"26/08/2026 10:55:18 +02:00";"19";"13/08/2026 17:08:59 +02:00";"12";"ViewReport";"True";"Non requise - activite Purview trouvee";"False";"27/07/2026 10:55:18 +02:00";"56";"0";"56";"13/08/2026 16:47:13 +02:00";"13/08/2026 16:47:13 +02:00";;;;"HTTP 410 - ressource ou lien de pagination Graph expire/non disponible. Appel : GET /beta/auditLogs/signIns. Le controle correspondant est incomplet et interdit tout retrait de licence fonde sur cet appel.";
"CONSERVER - UTILISEE";"Activite Power BI reelle detectee dans Microsoft Purview Audit.";"NDIAYE, Papa Arona";"papa-arona.ndiaye@infopro-digital.com";"papa-arona.ndiaye@infopro-digital.com";"True";"Member";"Power BI Pro";"FLOW_FREE | POWER_BI_PRO | POWER_BI_STANDARD | STANDARDPACK";"10/10/2024 16:07:47 +02:00";"True";"28/05/2026 10:55:18 +02:00";"26/08/2026 10:55:18 +02:00";"67";"25/08/2026 16:41:17 +02:00";"0";"ViewReport";"True";"Non requise - activite Purview trouvee";"False";"27/07/2026 10:55:18 +02:00";"189";"0";"189";"25/08/2026 16:41:25 +02:00";"25/08/2026 16:41:25 +02:00";;;;"HTTP 410 - ressource ou lien de pagination Graph expire/non disponible. Appel : GET /beta/auditLogs/signIns. Le controle correspondant est incomplet et interdit tout retrait de licence fonde sur cet appel.";
"CONSERVER - UTILISEE";"Activite Power BI reelle detectee dans Microsoft Purview Audit.";"LUSSON, Pascal";"pascal.lusson@infopro-digital.com";"pascal.lusson@infopro-digital.com";"True";"Member";"Power BI Pro";"ENTERPRISEPACK | FLOW_FREE | POWER_BI_PRO | POWER_BI_STANDARD";"14/08/2026 14:51:07 +02:00";"True";"28/05/2026 10:55:18 +02:00";"26/08/2026 10:55:18 +02:00";"67";"19/08/2026 14:12:04 +02:00";"6";"ViewReport";"True";"Non requise - activite Purview trouvee";"False";"27/07/2026 10:55:18 +02:00";"258";"0";"258";"19/08/2026 14:12:11 +02:00";"19/08/2026 14:12:11 +02:00";;;;"HTTP 410 - ressource ou lien de pagination Graph expire/non disponible. Appel : GET /beta/auditLogs/signIns. Le controle correspondant est incomplet et interdit tout retrait de licence fonde sur cet appel.";
"CONSERVER - UTILISEE";"Activite Power BI reelle detectee dans Microsoft Purview Audit.";"GOJIN, Pascaline";"pascaline.gojin@achatpublic.com";"pascaline.gojin@achatpublic.com";"True";"Member";"Power BI Pro";"FLOW_FREE | POWER_BI_PRO | POWER_BI_STANDARD | STANDARDPACK";"11/02/2025 15:14:36 +01:00";"True";"28/05/2026 10:55:18 +02:00";"26/08/2026 10:55:18 +02:00";"4";"04/08/2026 14:52:16 +02:00";"21";"ViewReport";"True";"Non requise - activite Purview trouvee";"False";"27/07/2026 10:55:18 +02:00";"23";"0";"23";"21/08/2026 20:20:29 +02:00";"21/08/2026 20:20:29 +02:00";;;;"HTTP 410 - ressource ou lien de pagination Graph expire/non disponible. Appel : GET /beta/auditLogs/signIns. Le controle correspondant est incomplet et interdit tout retrait de licence fonde sur cet appel.";
"CONSERVER - UTILISEE";"Activite Power BI reelle detectee dans Microsoft Purview Audit.";"PERTUS VAILLANT, Patricia (EXT)";"patricia.pertus-vaillant@infopro-digital.com";"patricia.pertus-vaillant@infopro-digital.com";"True";"Member";"Power BI Pro";"FLOW_FREE | POWER_BI_PRO | POWER_BI_STANDARD | STANDARDPACK";"02/09/2024 10:51:10 +02:00";"True";"28/05/2026 10:55:18 +02:00";"26/08/2026 10:55:18 +02:00";"8";"26/08/2026 09:27:21 +02:00";"0";"ViewReport";"True";"Non requise - activite Purview trouvee";"False";"27/07/2026 10:55:18 +02:00";"119";"0";"119";"26/08/2026 10:27:34 +02:00";"26/08/2026 10:27:34 +02:00";;;;"HTTP 410 - ressource ou lien de pagination Graph expire/non disponible. Appel : GET /beta/auditLogs/signIns. Le controle correspondant est incomplet et interdit tout retrait de licence fonde sur cet appel.";
"CONSERVER - UTILISEE";"Activite Power BI reelle detectee dans Microsoft Purview Audit.";"HUREL, Patrick";"patrick.hurel@infopro-digital.com";"patrick.hurel@infopro-digital.com";"True";"Member";"Power BI Pro";"FLOW_FREE | POWER_BI_PRO | POWER_BI_STANDARD | STANDARDPACK";"02/07/2026 10:00:27 +02:00";"True";"28/05/2026 10:55:18 +02:00";"26/08/2026 10:55:18 +02:00";"24";"29/06/2026 14:36:29 +02:00";"57";"ViewReport";"True";"Non requise - activite Purview trouvee";"False";"27/07/2026 10:55:18 +02:00";"23";"0";"23";"24/08/2026 14:44:30 +02:00";"24/08/2026 14:44:30 +02:00";;;;"HTTP 410 - ressource ou lien de pagination Graph expire/non disponible. Appel : GET /beta/auditLogs/signIns. Le controle correspondant est incomplet et interdit tout retrait de licence fonde sur cet appel.";
"CONSERVER - UTILISEE";"Activite Power BI reelle detectee dans Microsoft Purview Audit.";"SCHULTE-LOH, Patrick";"patrick.schulte-loh@infopro-digital.com";"patrick.schulte-loh@infopro-digital.com";"True";"Member";"Power BI Pro";"POWER_BI_PRO | POWER_BI_STANDARD | STANDARDPACK";"11/03/2026 16:46:31 +01:00";"True";"28/05/2026 10:55:18 +02:00";"26/08/2026 10:55:18 +02:00";"80";"25/08/2026 11:15:21 +02:00";"0";"ViewReport";"True";"Non requise - activite Purview trouvee";"False";"27/07/2026 10:55:18 +02:00";"69";"0";"69";"25/08/2026 11:46:43 +02:00";"25/08/2026 11:46:43 +02:00";;;;"HTTP 410 - ressource ou lien de pagination Graph expire/non disponible. Appel : GET /beta/auditLogs/signIns. Le controle correspondant est incomplet et interdit tout retrait de licence fonde sur cet appel.";
"CONSERVER - UTILISEE";"Activite Power BI reelle detectee dans Microsoft Purview Audit.";"AKEHURST, Paul";"paul.akehurst@infopro-digital.com";"paul.akehurst@infopro-digital.com";"True";"Member";"Power BI Pro";"FLOW_FREE | PROJECTPROFESSIONAL | SPE_E5 | VISIOCLIENT";"31/07/2025 15:17:07 +02:00";"True";"28/05/2026 10:55:18 +02:00";"26/08/2026 10:55:18 +02:00";"10";"30/07/2026 13:00:43 +02:00";"26";"ViewReport";"True";"Non requise - activite Purview trouvee";"False";"27/07/2026 10:55:18 +02:00";"37";"0";"37";"20/08/2026 22:01:44 +02:00";"20/08/2026 22:01:44 +02:00";;;;"HTTP 410 - ressource ou lien de pagination Graph expire/non disponible. Appel : GET /beta/auditLogs/signIns. Le controle correspondant est incomplet et interdit tout retrait de licence fonde sur cet appel.";
"CONSERVER - UTILISEE";"Activite Power BI reelle detectee dans Microsoft Purview Audit.";"HERMELIN, Paul";"paul.hermelin@infopro-digital.com";"paul.hermelin@infopro-digital.com";"True";"Member";"Power BI Pro";"FLOW_FREE | POWER_BI_STANDARD | SPE_E5";"16/10/2025 17:16:10 +02:00";"True";"28/05/2026 10:55:18 +02:00";"26/08/2026 10:55:18 +02:00";"17";"30/06/2026 14:34:09 +02:00";"56";"ViewReport";"True";"Non requise - activite Purview trouvee";"False";"27/07/2026 10:55:18 +02:00";"21";"0";"21";"25/08/2026 15:53:18 +02:00";"25/08/2026 15:53:18 +02:00";;;;"HTTP 410 - ressource ou lien de pagination Graph expire/non disponible. Appel : GET /beta/auditLogs/signIns. Le controle correspondant est incomplet et interdit tout retrait de licence fonde sur cet appel.";
"CONSERVER - UTILISEE";"Activite Power BI reelle detectee dans Microsoft Purview Audit.";"RAFFOUR, Paul";"paul.raffour@infopro-digital.com";"paul.raffour@infopro-digital.com";"True";"Member";"Power BI Pro";"ENTERPRISEPACK | FLOW_FREE | POWER_BI_PRO | POWER_BI_STANDARD";"27/09/2023 14:48:55 +02:00";"True";"28/05/2026 10:55:18 +02:00";"26/08/2026 10:55:18 +02:00";"1";"18/06/2026 13:44:03 +02:00";"68";"ViewReport";"True";"Non requise - activite Purview trouvee";"False";"27/07/2026 10:55:18 +02:00";"20";"0";"20";"24/08/2026 09:34:33 +02:00";"24/08/2026 09:34:33 +02:00";;;;"HTTP 410 - ressource ou lien de pagination Graph expire/non disponible. Appel : GET /beta/auditLogs/signIns. Le controle correspondant est incomplet et interdit tout retrait de licence fonde sur cet appel.";
"CONSERVER - UTILISEE";"Activite Power BI reelle detectee dans Microsoft Purview Audit.";"RODRIGUEZ Pauline";"pauline.rodriguez@vecteurplus.com";"pauline.rodriguez@vecteurplus.com";"True";"Member";"Power BI Pro";"FLOW_FREE | SPE_E5";"31/07/2025 14:17:27 +02:00";"True";"28/05/2026 10:55:18 +02:00";"26/08/2026 10:55:18 +02:00";"67";"18/08/2026 09:28:42 +02:00";"8";"EditDataset";"True";"Non requise - activite Purview trouvee";"False";"27/07/2026 10:55:18 +02:00";"89";"0";"89";"26/08/2026 11:12:29 +02:00";"26/08/2026 09:02:31 +02:00";"26/08/2026 11:12:29 +02:00";;;"HTTP 410 - ressource ou lien de pagination Graph expire/non disponible. Appel : GET /beta/auditLogs/signIns. Le controle correspondant est incomplet et interdit tout retrait de licence fonde sur cet appel.";
"CONSERVER - UTILISEE";"Activite Power BI reelle detectee dans Microsoft Purview Audit.";"TOUZE, Pauline";"pauline.touze@infopro-digital.com";"pauline.touze@infopro-digital.com";"True";"Member";"Power BI Pro";"POWER_BI_PRO | POWER_BI_STANDARD | STANDARDPACK";"03/06/2026 15:19:44 +02:00";"True";"28/05/2026 10:55:18 +02:00";"26/08/2026 10:55:18 +02:00";"196";"20/08/2026 14:36:46 +02:00";"5";"ExportReport";"True";"Non requise - activite Purview trouvee";"False";"27/07/2026 10:55:18 +02:00";"450";"0";"450";"20/08/2026 14:38:12 +02:00";"20/08/2026 14:38:12 +02:00";;;;"HTTP 410 - ressource ou lien de pagination Graph expire/non disponible. Appel : GET /beta/auditLogs/signIns. Le controle correspondant est incomplet et interdit tout retrait de licence fonde sur cet appel.";
"CONSERVER - UTILISEE";"Activite Power BI reelle detectee dans Microsoft Purview Audit.";"Perpetua Ngo";"Perpetua.Ngo@infopro-digital.com";"perpetua.ngo@infopro-digital.com";"True";"Member";"Power BI Pro";"DYN365_BUSCENTRAL_TEAM_MEMBER | ENTERPRISEPACK | FLOW_FREE | POWER_BI_PRO | POWER_BI_STANDARD";"05/05/2023 15:19:39 +02:00";"True";"28/05/2026 10:55:18 +02:00";"26/08/2026 10:55:18 +02:00";"163";"25/08/2026 11:20:30 +02:00";"0";"ViewReport";"True";"Non requise - activite Purview trouvee";"False";"27/07/2026 10:55:18 +02:00";"881";"0";"881";"26/08/2026 10:33:12 +02:00";"26/08/2026 10:33:12 +02:00";;;;"HTTP 410 - ressource ou lien de pagination Graph expire/non disponible. Appel : GET /beta/auditLogs/signIns. Le controle correspondant est incomplet et interdit tout retrait de licence fonde sur cet appel.";
"CONSERVER - UTILISEE";"Activite Power BI reelle detectee dans Microsoft Purview Audit.";"Peter Royle";"peter.royle@infopro-digital.com";"peter.royle@infopro-digital.com";"True";"Member";"Power BI Pro";"ENTERPRISEPACK | FLOW_FREE | MCOEV | POWER_BI_PRO | POWER_BI_STANDARD";"10/02/2026 17:23:19 +01:00";"True";"28/05/2026 10:55:18 +02:00";"26/08/2026 10:55:18 +02:00";"109";"26/08/2026 10:03:45 +02:00";"0";"ViewReport";"True";"Non requise - activite Purview trouvee";"False";"27/07/2026 10:55:18 +02:00";"444";"0";"444";"26/08/2026 10:03:51 +02:00";"26/08/2026 10:03:51 +02:00";;;;"HTTP 410 - ressource ou lien de pagination Graph expire/non disponible. Appel : GET /beta/auditLogs/signIns. Le controle correspondant est incomplet et interdit tout retrait de licence fonde sur cet appel.";
"CONSERVER - UTILISEE";"Activite Power BI reelle detectee dans Microsoft Purview Audit.";"Peter Szokolai";"Peter.Szokolai@infopro-digital.com";"Peter.Szokolai@centralbanking.com";"True";"Member";"Power BI Pro";"DYN365_BUSCENTRAL_TEAM_MEMBER | ENTERPRISEPACK | FLOW_FREE | MCOEV | POWER_BI_PRO | POWER_BI_STANDARD";"16/02/2026 19:23:17 +01:00";"True";"28/05/2026 10:55:18 +02:00";"26/08/2026 10:55:18 +02:00";"4";"22/08/2026 16:24:44 +02:00";"3";"ViewReport";"True";"Non requise - activite Purview trouvee";"False";"27/07/2026 10:55:18 +02:00";"29";"0";"29";"24/08/2026 09:59:05 +02:00";"24/08/2026 09:59:05 +02:00";;;;"HTTP 410 - ressource ou lien de pagination Graph expire/non disponible. Appel : GET /beta/auditLogs/signIns. Le controle correspondant est incomplet et interdit tout retrait de licence fonde sur cet appel.";
"CONSERVER - UTILISEE";"Activite Power BI reelle detectee dans Microsoft Purview Audit.";"Philip Alexander";"philip.alexander@infopro-digital.com";"philip.alexander@infopro-digital.com";"True";"Member";"Power BI Pro";"ENTERPRISEPACK | FLOW_FREE | MCOEV | POWER_BI_PRO | POWER_BI_STANDARD";"04/07/2025 10:55:41 +02:00";"True";"28/05/2026 10:55:18 +02:00";"26/08/2026 10:55:18 +02:00";"69";"07/08/2026 16:43:48 +02:00";"18";"ViewReport";"True";"Non requise - activite Purview trouvee";"False";"27/07/2026 10:55:18 +02:00";"111";"0";"111";"07/08/2026 16:43:55 +02:00";"07/08/2026 16:43:55 +02:00";;;;"HTTP 410 - ressource ou lien de pagination Graph expire/non disponible. Appel : GET /beta/auditLogs/signIns. Le controle correspondant est incomplet et interdit tout retrait de licence fonde sur cet appel.";
"CONSERVER - UTILISEE";"Activite Power BI reelle detectee dans Microsoft Purview Audit.";"Philip Harding";"Philip.Harding@infopro-digital.com";"philip.harding@infopro-digital.com";"True";"Member";"Power BI Pro";"DYN365_BUSCENTRAL_TEAM_MEMBER | ENTERPRISEPACK | FLOW_FREE | MCOEV | POWER_BI_PRO | POWER_BI_STANDARD | STREAM";"11/03/2026 16:31:10 +01:00";"True";"28/05/2026 10:55:18 +02:00";"26/08/2026 10:55:18 +02:00";"49";"31/07/2026 19:26:15 +02:00";"25";"ViewReport";"True";"Non requise - activite Purview trouvee";"False";"27/07/2026 10:55:18 +02:00";"59";"0";"59";"22/08/2026 02:20:42 +02:00";"22/08/2026 02:20:42 +02:00";;;;"HTTP 410 - ressource ou lien de pagination Graph expire/non disponible. Appel : GET /beta/auditLogs/signIns. Le controle correspondant est incomplet et interdit tout retrait de licence fonde sur cet appel.";
"CONSERVER - UTILISEE";"Activite Power BI reelle detectee dans Microsoft Purview Audit.";"Monaghan, Philip";"Philip.Monaghan@infopro-digital.com";"Philip.Monaghan@infopro-digital.com";"True";"Member";"Power BI Pro";"ENTERPRISEPACK | FLOW_FREE | POWER_BI_PRO | POWER_BI_STANDARD";"30/06/2025 10:57:59 +02:00";"True";"28/05/2026 10:55:18 +02:00";"26/08/2026 10:55:18 +02:00";"181";"26/08/2026 09:42:41 +02:00";"0";"ViewReport";"True";"Non requise - activite Purview trouvee";"False";"27/07/2026 10:55:18 +02:00";"326";"0";"326";"26/08/2026 10:50:35 +02:00";"26/08/2026 10:50:35 +02:00";;;;"HTTP 410 - ressource ou lien de pagination Graph expire/non disponible. Appel : GET /beta/auditLogs/signIns. Le controle correspondant est incomplet et interdit tout retrait de licence fonde sur cet appel.";
"CONSERVER - UTILISEE";"Activite Power BI reelle detectee dans Microsoft Purview Audit.";"AMELANT-BRUNIE, Philippe";"philippe.amelant-brunie@infopro-digital.com";"philippe.amelant-brunie@infopro-digital.com";"True";"Member";"Power BI Pro";"FLOW_FREE | MCOEV | MICROSOFT_BUSINESS_CENTER | SMB_APPS | SPE_E5 | STREAM | VISIOCLIENT";"17/07/2025 10:55:27 +02:00";"True";"28/05/2026 10:55:18 +02:00";"26/08/2026 10:55:18 +02:00";"19";"22/07/2026 11:24:12 +02:00";"34";"ViewReport";"True";"Non requise - activite Purview trouvee";"False";"27/07/2026 10:55:18 +02:00";"59";"0";"59";"26/08/2026 00:09:34 +02:00";"26/08/2026 00:09:34 +02:00";;;;"HTTP 410 - ressource ou lien de pagination Graph expire/non disponible. Appel : GET /beta/auditLogs/signIns. Le controle correspondant est incomplet et interdit tout retrait de licence fonde sur cet appel.";
"CONSERVER - UTILISEE";"Activite Power BI reelle detectee dans Microsoft Purview Audit.";"Phoebe Haywood";"Phoebe.Haywood@infopro-digital.com";"phoebe.haywood@infopro-digital.com";"True";"Member";"Power BI Pro";"ENTERPRISEPACK | MCOEV | POWER_BI_PRO | POWER_BI_STANDARD";"11/03/2026 16:31:08 +01:00";"True";"28/05/2026 10:55:18 +02:00";"26/08/2026 10:55:18 +02:00";"1";"05/06/2026 11:49:19 +02:00";"81";"ViewReport";"True";"Non requise - activite Purview trouvee";"False";"27/07/2026 10:55:18 +02:00";"23";"0";"23";"15/08/2026 11:35:01 +02:00";"15/08/2026 11:35:01 +02:00";;;;"HTTP 410 - ressource ou lien de pagination Graph expire/non disponible. Appel : GET /beta/auditLogs/signIns. Le controle correspondant est incomplet et interdit tout retrait de licence fonde sur cet appel.";
"CONSERVER - UTILISEE";"Activite Power BI reelle detectee dans Microsoft Purview Audit.";"EKOUNGA, Pierre";"pierre.ekounga@infopro-digital.com";"pierre.ekounga@infopro-digital.com";"True";"Member";"Power BI Pro";"FLOW_FREE | POWER_BI_PRO | POWER_BI_STANDARD | STANDARDPACK";"10/10/2023 15:12:46 +02:00";"True";"28/05/2026 10:55:18 +02:00";"26/08/2026 10:55:18 +02:00";"217";"26/08/2026 10:10:01 +02:00";"0";"ViewReport";"True";"Non requise - activite Purview trouvee";"False";"27/07/2026 10:55:18 +02:00";"422";"0";"422";"26/08/2026 10:24:34 +02:00";"26/08/2026 10:24:34 +02:00";"17/08/2026 08:43:29 +02:00";;;"HTTP 410 - ressource ou lien de pagination Graph expire/non disponible. Appel : GET /beta/auditLogs/signIns. Le controle correspondant est incomplet et interdit tout retrait de licence fonde sur cet appel.";
"CONSERVER - UTILISEE";"Activite Power BI reelle detectee dans Microsoft Purview Audit.";"KOESSLER, Pierre";"pierre.koessler@infopro-digital.com";"pierre.koessler@vecteurplus.com";"True";"Member";"Power BI Pro";"ENTERPRISEPACK | FLOW_FREE | POWER_BI_PRO | POWER_BI_STANDARD";"20/05/2026 17:53:58 +02:00";"True";"28/05/2026 10:55:18 +02:00";"26/08/2026 10:55:18 +02:00";"49";"19/08/2026 01:50:38 +02:00";"7";"ViewReport";"True";"Non requise - activite Purview trouvee";"False";"27/07/2026 10:55:18 +02:00";"67";"0";"67";"19/08/2026 05:01:52 +02:00";"19/08/2026 05:01:52 +02:00";;;;"HTTP 410 - ressource ou lien de pagination Graph expire/non disponible. Appel : GET /beta/auditLogs/signIns. Le controle correspondant est incomplet et interdit tout retrait de licence fonde sur cet appel.";
"CONSERVER - UTILISEE";"Activite Power BI reelle detectee dans Microsoft Purview Audit.";"MIRLIT, Pierre";"pierre.mirlit@infopro-digital.com";"pierre.mirlit@infopro-digital.com";"True";"Member";"Power BI Pro";"ENTERPRISEPACK | FLOW_FREE | POWER_BI_PRO | POWER_BI_STANDARD";"17/06/2024 14:13:17 +02:00";"True";"28/05/2026 10:55:18 +02:00";"26/08/2026 10:55:18 +02:00";"45";"24/08/2026 14:41:28 +02:00";"1";"ViewReport";"True";"Non requise - activite Purview trouvee";"False";"27/07/2026 10:55:18 +02:00";"90";"0";"90";"24/08/2026 16:28:15 +02:00";"24/08/2026 16:28:15 +02:00";;;;"HTTP 410 - ressource ou lien de pagination Graph expire/non disponible. Appel : GET /beta/auditLogs/signIns. Le controle correspondant est incomplet et interdit tout retrait de licence fonde sur cet appel.";
"CONSERVER - UTILISEE";"Activite Power BI reelle detectee dans Microsoft Purview Audit.";"RABAUD Pierre";"pierre.rabaud@vecteurplus.com";"pierre.rabaud@vecteurplus.com";"True";"Member";"Power BI Pro";"ENTERPRISEPACK | FLOW_FREE | POWER_BI_PRO | POWER_BI_STANDARD";"07/08/2026 10:06:11 +02:00";"True";"28/05/2026 10:55:18 +02:00";"26/08/2026 10:55:18 +02:00";"85";"25/08/2026 12:18:53 +02:00";"0";"ViewReport";"True";"Non requise - activite Purview trouvee";"False";"27/07/2026 10:55:18 +02:00";"474";"0";"474";"25/08/2026 12:18:55 +02:00";"25/08/2026 12:18:55 +02:00";;;;"HTTP 410 - ressource ou lien de pagination Graph expire/non disponible. Appel : GET /beta/auditLogs/signIns. Le controle correspondant est incomplet et interdit tout retrait de licence fonde sur cet appel.";
"CONSERVER - UTILISEE";"Activite Power BI reelle detectee dans Microsoft Purview Audit.";"LUCAS, Pierre Dominique";"pierre-dominique.lucas@infopro-digital.com";"pierre-dominique.lucas@infopro-digital.com";"True";"Member";"Power BI Pro";"FLOW_FREE | POWER_BI_STANDARD | SPE_E5";"17/10/2025 17:00:33 +02:00";"True";"28/05/2026 10:55:18 +02:00";"26/08/2026 10:55:18 +02:00";"19";"24/08/2026 14:02:56 +02:00";"1";"GetSnapshots";"True";"Non requise - activite Purview trouvee";"False";"27/07/2026 10:55:18 +02:00";"33";"0";"33";"24/08/2026 14:53:17 +02:00";"24/08/2026 14:53:17 +02:00";;;;"HTTP 410 - ressource ou lien de pagination Graph expire/non disponible. Appel : GET /beta/auditLogs/signIns. Le controle correspondant est incomplet et interdit tout retrait de licence fonde sur cet appel.";
"CONSERVER - UTILISEE";"Activite Power BI reelle detectee dans Microsoft Purview Audit.";"power-data@infopro-digital.com";"power-data@infopro-digital.com";"power-data@infoprodigital365.onmicrosoft.com";"True";"Member";"Power BI Pro";"FLOW_FREE | POWER_BI_PRO | POWER_BI_STANDARD | STANDARDPACK";"29/11/2022 11:12:11 +01:00";"True";"28/05/2026 10:55:18 +02:00";"26/08/2026 10:55:18 +02:00";"1472";"25/08/2026 09:59:56 +02:00";"1";"RefreshDataset";"True";"Non requise - activite Purview trouvee";"False";"27/07/2026 10:55:18 +02:00";"118";"0";"118";"25/08/2026 10:02:58 +02:00";"25/08/2026 10:02:58 +02:00";;;;"HTTP 410 - ressource ou lien de pagination Graph expire/non disponible. Appel : GET /beta/auditLogs/signIns. Le controle correspondant est incomplet et interdit tout retrait de licence fonde sur cet appel.";
"CONSERVER - UTILISEE";"Activite Power BI reelle detectee dans Microsoft Purview Audit.";"COGAN, Priscilla";"priscilla.cogan@infopro-digital.com";"priscilla.cogan@infopro-digital.com";"True";"Member";"Power BI Pro";"FLOW_FREE | POWER_BI_PRO | POWER_BI_STANDARD | SMB_APPS | STANDARDPACK";"14/11/2022 16:43:48 +01:00";"True";"28/05/2026 10:55:18 +02:00";"26/08/2026 10:55:18 +02:00";"25";"06/08/2026 11:57:11 +02:00";"19";"ViewReport";"True";"Non requise - activite Purview trouvee";"False";"27/07/2026 10:55:18 +02:00";"45";"0";"45";"06/08/2026 13:24:05 +02:00";"06/08/2026 13:24:05 +02:00";;;;"HTTP 410 - ressource ou lien de pagination Graph expire/non disponible. Appel : GET /beta/auditLogs/signIns. Le controle correspondant est incomplet et interdit tout retrait de licence fonde sur cet appel.";
"CONSERVER - UTILISEE";"Activite Power BI reelle detectee dans Microsoft Purview Audit.";"WALRAVENS, Quentin (EXT)";"quentin.walravens@infopro-digital.com";"quentin.walravens@ebp.be";"True";"Member";"Power BI Pro";"FLOW_FREE | SPE_E5";"17/03/2026 09:42:55 +01:00";"True";"28/05/2026 10:55:18 +02:00";"26/08/2026 10:55:18 +02:00";"4";"24/08/2026 15:08:36 +02:00";"1";"ViewReport";"True";"Non requise - activite Purview trouvee";"False";"27/07/2026 10:55:18 +02:00";"79";"0";"79";"26/08/2026 10:46:03 +02:00";"26/08/2026 10:46:03 +02:00";;;;"HTTP 410 - ressource ou lien de pagination Graph expire/non disponible. Appel : GET /beta/auditLogs/signIns. Le controle correspondant est incomplet et interdit tout retrait de licence fonde sur cet appel.";
"CONSERVER - UTILISEE";"Activite Power BI reelle detectee dans Microsoft Purview Audit.";"LOPEZ OLIVARES, Quim";"quim.lopez@infopro-digital.com";"quim.lopez@infopro-digital.com";"True";"Member";"Power BI Pro";"ENTERPRISEPACK | FLOW_FREE | POWER_BI_PRO | POWER_BI_STANDARD";"14/10/2025 08:47:44 +02:00";"True";"28/05/2026 10:55:18 +02:00";"26/08/2026 10:55:18 +02:00";"50";"14/08/2026 13:08:18 +02:00";"11";"ViewReport";"True";"Non requise - activite Purview trouvee";"False";"27/07/2026 10:55:18 +02:00";"53";"0";"53";"14/08/2026 12:57:22 +02:00";"14/08/2026 12:57:22 +02:00";;;;"HTTP 410 - ressource ou lien de pagination Graph expire/non disponible. Appel : GET /beta/auditLogs/signIns. Le controle correspondant est incomplet et interdit tout retrait de licence fonde sur cet appel.";
"CONSERVER - UTILISEE";"Activite Power BI reelle detectee dans Microsoft Purview Audit.";"OLIVEIRA, Rafany";"rafany.oliveira@infopro-digital.com";"rafany.oliveira@infopro-digital.com";"True";"Member";"Power BI Pro";"ENTERPRISEPACK | FLOW_FREE | POWER_BI_PRO | POWER_BI_STANDARD";"22/01/2026 17:44:01 +01:00";"True";"28/05/2026 10:55:18 +02:00";"26/08/2026 10:55:18 +02:00";"55";"25/08/2026 16:31:58 +02:00";"0";"ViewReport";"True";"Non requise - activite Purview trouvee";"False";"27/07/2026 10:55:18 +02:00";"175";"0";"175";"25/08/2026 16:32:03 +02:00";"25/08/2026 16:32:03 +02:00";;;;"HTTP 410 - ressource ou lien de pagination Graph expire/non disponible. Appel : GET /beta/auditLogs/signIns. Le controle correspondant est incomplet et interdit tout retrait de licence fonde sur cet appel.";
"CONSERVER - UTILISEE";"Activite Power BI reelle detectee dans Microsoft Purview Audit.";"TENBOSCH, Rainer | Heinze";"rainer.tenbosch@infopro-digital.com";"Rainer.Tenbosch@heinze.de";"True";"Member";"Power BI Pro";"ENTERPRISEPACK | FLOW_FREE | POWER_BI_PRO | POWER_BI_STANDARD";"15/04/2025 11:01:36 +02:00";"True";"28/05/2026 10:55:18 +02:00";"26/08/2026 10:55:18 +02:00";"22";"11/08/2026 10:42:32 +02:00";"15";"ViewReport";"True";"Non requise - activite Purview trouvee";"False";"27/07/2026 10:55:18 +02:00";"56";"0";"56";"11/08/2026 11:43:55 +02:00";"11/08/2026 11:43:55 +02:00";;;;"HTTP 410 - ressource ou lien de pagination Graph expire/non disponible. Appel : GET /beta/auditLogs/signIns. Le controle correspondant est incomplet et interdit tout retrait de licence fonde sur cet appel.";
"CONSERVER - UTILISEE";"Activite Power BI reelle detectee dans Microsoft Purview Audit.";"BAYEN, Raphael";"raphael.bayen@infopro-digital.com";"raphael.bayen@infopro-digital.com";"True";"Member";"Power BI Pro";"FLOW_FREE | POWER_BI_PRO | POWER_BI_STANDARD | STANDARDPACK";"15/04/2026 09:05:05 +02:00";"True";"28/05/2026 10:55:18 +02:00";"26/08/2026 10:55:18 +02:00";"34";"22/07/2026 11:47:07 +02:00";"34";"ViewReport";"True";"Non requise - activite Purview trouvee";"False";"27/07/2026 10:55:18 +02:00";"11";"0";"11";"21/08/2026 22:08:48 +02:00";"21/08/2026 22:08:48 +02:00";;;;"HTTP 410 - ressource ou lien de pagination Graph expire/non disponible. Appel : GET /beta/auditLogs/signIns. Le controle correspondant est incomplet et interdit tout retrait de licence fonde sur cet appel.";
"CONSERVER - UTILISEE";"Activite Power BI reelle detectee dans Microsoft Purview Audit.";"Rebekah Tunstead";"Rebekah.Tunstead@infopro-digital.com";"rebekah.tunstead@infopro-digital.com";"True";"Member";"Power BI Pro";"ENTERPRISEPACK | FLOW_FREE | MCOEV | POWER_BI_PRO | POWER_BI_STANDARD";"04/07/2025 10:55:38 +02:00";"True";"28/05/2026 10:55:18 +02:00";"26/08/2026 10:55:18 +02:00";"15";"21/08/2026 12:24:43 +02:00";"4";"ViewReport";"True";"Non requise - activite Purview trouvee";"False";"27/07/2026 10:55:18 +02:00";"93";"0";"93";"21/08/2026 16:36:48 +02:00";"21/08/2026 16:36:48 +02:00";;;;"HTTP 410 - ressource ou lien de pagination Graph expire/non disponible. Appel : GET /beta/auditLogs/signIns. Le controle correspondant est incomplet et interdit tout retrait de licence fonde sur cet appel.";
"CONSERVER - UTILISEE";"Activite Power BI reelle detectee dans Microsoft Purview Audit.";"SANDRIN, Regis";"regis.sandrin@infopro-digital.com";"regis.sandrin@infopro-digital.com";"True";"Member";"Power BI Pro";"FLOW_FREE | Microsoft_Teams_Audio_Conferencing_select_dial_out | SPE_E5";"17/07/2025 10:55:31 +02:00";"True";"28/05/2026 10:55:18 +02:00";"26/08/2026 10:55:18 +02:00";"16";"17/08/2026 13:56:19 +02:00";"8";"ViewReport";"True";"Non requise - activite Purview trouvee";"False";"27/07/2026 10:55:18 +02:00";"97";"0";"97";"17/08/2026 13:56:31 +02:00";"17/08/2026 13:56:31 +02:00";;;;"HTTP 410 - ressource ou lien de pagination Graph expire/non disponible. Appel : GET /beta/auditLogs/signIns. Le controle correspondant est incomplet et interdit tout retrait de licence fonde sur cet appel.";
"CONSERVER - UTILISEE";"Activite Power BI reelle detectee dans Microsoft Purview Audit.";"BOUBA, Remy";"remy.bouba@infopro-digital.com";"remy.bouba@infopro-digital.com";"True";"Member";"Power BI Pro";"FLOW_FREE | MICROSOFT_BUSINESS_CENTER | POWER_BI_STANDARD | SPE_E5";"24/07/2025 13:40:19 +02:00";"True";"28/05/2026 10:55:18 +02:00";"26/08/2026 10:55:18 +02:00";"1";"09/06/2026 13:29:27 +02:00";"77";"GetSnapshots";"True";"Non requise - activite Purview trouvee";"False";"27/07/2026 10:55:18 +02:00";"14";"0";"14";"21/08/2026 12:58:59 +02:00";"21/08/2026 12:58:59 +02:00";;;;"HTTP 410 - ressource ou lien de pagination Graph expire/non disponible. Appel : GET /beta/auditLogs/signIns. Le controle correspondant est incomplet et interdit tout retrait de licence fonde sur cet appel.";
"CONSERVER - UTILISEE";"Activite Power BI reelle detectee dans Microsoft Purview Audit.";"Rhys Bush";"Rhys.Bush@red-on-line.com";"Rhys.Bush@red-on-line.com";"True";"Member";"Power BI Pro";"DYN365_BUSCENTRAL_TEAM_MEMBER | ENTERPRISEPACK | FLOW_FREE | POWER_BI_PRO";"16/09/2024 12:17:56 +02:00";"True";"28/05/2026 10:55:18 +02:00";"26/08/2026 10:55:18 +02:00";"4";"16/06/2026 16:52:46 +02:00";"70";"ViewReport";"True";"Non requise - activite Purview trouvee";"False";"27/07/2026 10:55:18 +02:00";"21";"0";"21";"25/08/2026 20:10:19 +02:00";"25/08/2026 20:10:19 +02:00";;;;"HTTP 410 - ressource ou lien de pagination Graph expire/non disponible. Appel : GET /beta/auditLogs/signIns. Le controle correspondant est incomplet et interdit tout retrait de licence fonde sur cet appel.";
"CONSERVER - UTILISEE";"Activite Power BI reelle detectee dans Microsoft Purview Audit.";"BARKER, Richard";"richard.barker@infopro-digital.com";"richard.barker@infopro-digital.com";"True";"Member";"Power BI Pro";"DYN365_BUSCENTRAL_ESSENTIAL | ENTERPRISEPACK | FLOW_FREE | POWER_BI_PRO | POWER_BI_STANDARD";"22/09/2022 17:04:26 +02:00";"True";"28/05/2026 10:55:18 +02:00";"26/08/2026 10:55:18 +02:00";"79";"25/08/2026 16:46:22 +02:00";"0";"ViewReport";"True";"Non requise - activite Purview trouvee";"False";"27/07/2026 10:55:18 +02:00";"338";"0";"338";"25/08/2026 16:46:30 +02:00";"25/08/2026 16:46:30 +02:00";;;;"HTTP 410 - ressource ou lien de pagination Graph expire/non disponible. Appel : GET /beta/auditLogs/signIns. Le controle correspondant est incomplet et interdit tout retrait de licence fonde sur cet appel.";
"CONSERVER - UTILISEE";"Activite Power BI reelle detectee dans Microsoft Purview Audit.";"Richard OToole";"Richard.OToole@infopro-digital.com";"richard.otoole@infopro-digital.com";"True";"Member";"Power BI Pro";"ENTERPRISEPACK | FLOW_FREE | MCOEV | POWER_BI_PRO | POWER_BI_STANDARD | STREAM";"13/09/2024 18:14:46 +02:00";"True";"28/05/2026 10:55:18 +02:00";"26/08/2026 10:55:18 +02:00";"5";"20/07/2026 10:28:26 +02:00";"37";"ViewReport";"True";"Non requise - activite Purview trouvee";"False";"27/07/2026 10:55:18 +02:00";"14";"0";"14";"24/08/2026 13:25:51 +02:00";"24/08/2026 13:25:51 +02:00";;;;"HTTP 410 - ressource ou lien de pagination Graph expire/non disponible. Appel : GET /beta/auditLogs/signIns. Le controle correspondant est incomplet et interdit tout retrait de licence fonde sur cet appel.";
"CONSERVER - UTILISEE";"Activite Power BI reelle detectee dans Microsoft Purview Audit.";"Richard Pennington";"richard.pennington@barbour-abi.com";"richard.pennington@barbour-abi.com";"True";"Member";"Power BI Pro";"ENTERPRISEPACK | FLOW_FREE | MCOEV | POWER_BI_PRO | POWER_BI_STANDARD";"01/10/2024 10:58:37 +02:00";"True";"28/05/2026 10:55:18 +02:00";"26/08/2026 10:55:18 +02:00";"39";"13/08/2026 16:24:49 +02:00";"12";"ViewReport";"True";"Non requise - activite Purview trouvee";"False";"27/07/2026 10:55:18 +02:00";"203";"0";"203";"13/08/2026 16:39:19 +02:00";"13/08/2026 16:39:19 +02:00";;;;"HTTP 410 - ressource ou lien de pagination Graph expire/non disponible. Appel : GET /beta/auditLogs/signIns. Le controle correspondant est incomplet et interdit tout retrait de licence fonde sur cet appel.";
"CONSERVER - UTILISEE";"Activite Power BI reelle detectee dans Microsoft Purview Audit.";"Ritu Shandal";"ritu.shandal@infopro-digital.com";"ritu.shandal@infopro-digital.com";"True";"Member";"Power BI Pro";"DYN365_BUSCENTRAL_ESSENTIAL | ENTERPRISEPACK | FLOW_FREE | POWER_BI_PRO | POWER_BI_STANDARD";"03/05/2023 14:58:37 +02:00";"True";"28/05/2026 10:55:18 +02:00";"26/08/2026 10:55:18 +02:00";"336";"25/08/2026 17:36:29 +02:00";"0";"ViewReport";"True";"Non requise - activite Purview trouvee";"False";"27/07/2026 10:55:18 +02:00";"491";"0";"491";"25/08/2026 17:36:25 +02:00";"25/08/2026 17:36:25 +02:00";;;;"HTTP 410 - ressource ou lien de pagination Graph expire/non disponible. Appel : GET /beta/auditLogs/signIns. Le controle correspondant est incomplet et interdit tout retrait de licence fonde sur cet appel.";
"CONSERVER - UTILISEE";"Activite Power BI reelle detectee dans Microsoft Purview Audit.";"Rob Farrington";"rob.farrington@barbour-abi.com";"rob.farrington@barbour-abi.com";"True";"Member";"Power BI Pro";"ENTERPRISEPACK | FLOW_FREE | POWER_BI_PRO | POWER_BI_STANDARD";"16/03/2026 10:37:06 +01:00";"True";"28/05/2026 10:55:18 +02:00";"26/08/2026 10:55:18 +02:00";"56";"24/08/2026 17:14:25 +02:00";"1";"ViewReport";"True";"Non requise - activite Purview trouvee";"False";"27/07/2026 10:55:18 +02:00";"181";"0";"181";"24/08/2026 17:14:31 +02:00";"24/08/2026 17:14:31 +02:00";;;;"HTTP 410 - ressource ou lien de pagination Graph expire/non disponible. Appel : GET /beta/auditLogs/signIns. Le controle correspondant est incomplet et interdit tout retrait de licence fonde sur cet appel.";
"CONSERVER - UTILISEE";"Activite Power BI reelle detectee dans Microsoft Purview Audit.";"Rob Mannix";"rob.mannix@infopro-digital.com";"rob.mannix@risk.net";"True";"Member";"Power BI Pro";"ENTERPRISEPACK | FLOW_FREE | MCOEV | POWER_BI_PRO | POWER_BI_STANDARD";"04/07/2025 10:55:39 +02:00";"True";"28/05/2026 10:55:18 +02:00";"26/08/2026 10:55:18 +02:00";"101";"20/08/2026 18:55:04 +02:00";"5";"ViewReport";"True";"Non requise - activite Purview trouvee";"False";"27/07/2026 10:55:18 +02:00";"184";"0";"184";"21/08/2026 12:43:38 +02:00";"21/08/2026 12:43:38 +02:00";;;;"HTTP 410 - ressource ou lien de pagination Graph expire/non disponible. Appel : GET /beta/auditLogs/signIns. Le controle correspondant est incomplet et interdit tout retrait de licence fonde sur cet appel.";
"CONSERVER - UTILISEE";"Activite Power BI reelle detectee dans Microsoft Purview Audit.";"Robert Alexander";"Robert.Alexander@infopro-digital.com";"robert.alexander@infopro-digital.com";"True";"Member";"Power BI Pro";"ENTERPRISEPACK | FLOW_FREE | MCOEV | POWER_BI_PRO | POWER_BI_STANDARD";"29/09/2025 12:02:28 +02:00";"True";"28/05/2026 10:55:18 +02:00";"26/08/2026 10:55:18 +02:00";"50";"25/08/2026 11:44:45 +02:00";"0";"ViewReport";"True";"Non requise - activite Purview trouvee";"False";"27/07/2026 10:55:18 +02:00";"125";"0";"125";"25/08/2026 18:46:03 +02:00";"25/08/2026 18:46:03 +02:00";;;;"HTTP 410 - ressource ou lien de pagination Graph expire/non disponible. Appel : GET /beta/auditLogs/signIns. Le controle correspondant est incomplet et interdit tout retrait de licence fonde sur cet appel.";
"CONSERVER - UTILISEE";"Activite Power BI reelle detectee dans Microsoft Purview Audit.";"Robert Baker";"robert.baker@barbour-abi.com";"robert.baker@barbour-abi.com";"True";"Member";"Power BI Pro";"ENTERPRISEPACK | POWER_BI_PRO";"09/07/2022 20:00:30 +02:00";"True";"28/05/2026 10:55:18 +02:00";"26/08/2026 10:55:18 +02:00";"164";"20/08/2026 10:18:32 +02:00";"6";"CreateDataset";"True";"Non requise - activite Purview trouvee";"False";"27/07/2026 10:55:18 +02:00";"138";"1";"137";"20/08/2026 10:18:31 +02:00";"20/08/2026 10:18:31 +02:00";"20/08/2026 10:10:40 +02:00";;;"HTTP 410 - ressource ou lien de pagination Graph expire/non disponible. Appel : GET /beta/auditLogs/signIns. Le controle correspondant est incomplet et interdit tout retrait de licence fonde sur cet appel.";
"CONSERVER - UTILISEE";"Activite Power BI reelle detectee dans Microsoft Purview Audit.";"MARTINEAU, Romain";"romain.martineau@etai.fr";"romain.martineau@infopro-digital.com";"True";"Member";"Power BI Pro";"FLOW_FREE | POWER_BI_PRO | POWER_BI_STANDARD | STANDARDPACK";"15/06/2020 10:56:14 +02:00";"True";"28/05/2026 10:55:18 +02:00";"26/08/2026 10:55:18 +02:00";"89";"24/08/2026 16:26:59 +02:00";"1";"GetSnapshots";"True";"Non requise - activite Purview trouvee";"False";"27/07/2026 10:55:18 +02:00";"58";"0";"58";"24/08/2026 16:27:02 +02:00";"24/08/2026 16:27:02 +02:00";;;;"HTTP 410 - ressource ou lien de pagination Graph expire/non disponible. Appel : GET /beta/auditLogs/signIns. Le controle correspondant est incomplet et interdit tout retrait de licence fonde sur cet appel.";
"CONSERVER - UTILISEE";"Activite Power BI reelle detectee dans Microsoft Purview Audit.";"MAZON, Romain";"romain.mazon@lagazettedescommunes.com";"romain.mazon@lagazettedescommunes.com";"True";"Member";"Power BI Pro";"FLOW_FREE | POWER_BI_PRO | POWER_BI_STANDARD | STANDARDPACK";"31/01/2022 12:04:56 +01:00";"True";"28/05/2026 10:55:18 +02:00";"26/08/2026 10:55:18 +02:00";"3";"26/08/2026 09:46:40 +02:00";"0";"ViewReport";"True";"Non requise - activite Purview trouvee";"False";"27/07/2026 10:55:18 +02:00";"39";"0";"39";"26/08/2026 10:16:47 +02:00";"26/08/2026 10:16:47 +02:00";;;;"HTTP 410 - ressource ou lien de pagination Graph expire/non disponible. Appel : GET /beta/auditLogs/signIns. Le controle correspondant est incomplet et interdit tout retrait de licence fonde sur cet appel.";
"CONSERVER - UTILISEE";"Activite Power BI reelle detectee dans Microsoft Purview Audit.";"VERSTEGEN, Ron";"ron.verstegen@infopro-digital.com";"ron.verstegen@infopro-digital.com";"True";"Member";"Power BI Pro";"ENTERPRISEPACK | FLOW_FREE | POWER_BI_PRO | POWER_BI_STANDARD";"27/06/2025 09:27:02 +02:00";"True";"28/05/2026 10:55:18 +02:00";"26/08/2026 10:55:18 +02:00";"45";"25/08/2026 10:08:15 +02:00";"1";"ViewReport";"True";"Non requise - activite Purview trouvee";"False";"27/07/2026 10:55:18 +02:00";"128";"0";"128";"25/08/2026 10:08:21 +02:00";"25/08/2026 10:08:21 +02:00";;;;"HTTP 410 - ressource ou lien de pagination Graph expire/non disponible. Appel : GET /beta/auditLogs/signIns. Le controle correspondant est incomplet et interdit tout retrait de licence fonde sur cet appel.";
"CONSERVER - UTILISEE";"Activite Power BI reelle detectee dans Microsoft Purview Audit.";"GREWE, Rosa | BauNetz";"rosa.grewe@infopro-digital.com";"grewe@baunetz.com";"True";"Member";"Power BI Pro";"POWER_BI_PRO | POWER_BI_STANDARD | STANDARDPACK";"31/07/2026 15:08:27 +02:00";"True";"28/05/2026 10:55:18 +02:00";"26/08/2026 10:55:18 +02:00";"69";"19/08/2026 13:45:43 +02:00";"6";"ViewReport";"True";"Non requise - activite Purview trouvee";"False";"27/07/2026 10:55:18 +02:00";"121";"0";"121";"19/08/2026 14:16:38 +02:00";"19/08/2026 14:16:38 +02:00";;;;"HTTP 410 - ressource ou lien de pagination Graph expire/non disponible. Appel : GET /beta/auditLogs/signIns. Le controle correspondant est incomplet et interdit tout retrait de licence fonde sur cet appel.";
"CONSERVER - UTILISEE";"Activite Power BI reelle detectee dans Microsoft Purview Audit.";"MARTIN FERNANDEZ, Rosa Maria";"rosa.martin@infopro-digital.com";"rosa.martin@infopro-digital.com";"True";"Member";"Power BI Pro";"ENTERPRISEPACK | FLOW_FREE | POWER_BI_PRO | POWER_BI_STANDARD";"05/08/2025 09:11:35 +02:00";"True";"28/05/2026 10:55:18 +02:00";"26/08/2026 10:55:18 +02:00";"15";"19/08/2026 09:11:11 +02:00";"7";"ViewReport";"True";"Non requise - activite Purview trouvee";"False";"27/07/2026 10:55:18 +02:00";"41";"0";"41";"19/08/2026 09:11:17 +02:00";"19/08/2026 09:11:17 +02:00";;;;"HTTP 410 - ressource ou lien de pagination Graph expire/non disponible. Appel : GET /beta/auditLogs/signIns. Le controle correspondant est incomplet et interdit tout retrait de licence fonde sur cet appel.";
"CONSERVER - UTILISEE";"Activite Power BI reelle detectee dans Microsoft Purview Audit.";"Rosie Simms";"Rosie.Simms@infopro-digital.com";"Rosie.Simms@infopro-digital.com";"True";"Member";"Power BI Pro";"ENTERPRISEPACK | POWER_BI_PRO | POWER_BI_STANDARD";"17/07/2025 12:00:55 +02:00";"True";"28/05/2026 10:55:18 +02:00";"26/08/2026 10:55:18 +02:00";"18";"13/08/2026 12:10:32 +02:00";"12";"ViewReport";"True";"Non requise - activite Purview trouvee";"False";"27/07/2026 10:55:18 +02:00";"103";"0";"103";"18/08/2026 12:43:27 +02:00";"18/08/2026 12:43:27 +02:00";;;;"HTTP 410 - ressource ou lien de pagination Graph expire/non disponible. Appel : GET /beta/auditLogs/signIns. Le controle correspondant est incomplet et interdit tout retrait de licence fonde sur cet appel.";
"CONSERVER - UTILISEE";"Activite Power BI reelle detectee dans Microsoft Purview Audit.";"Ruairi Cotter";"Ruairi.Cotter@infopro-digital.com";"Ruairi.Cotter@infopro-digital.com";"True";"Member";"Power BI Pro";"ENTERPRISEPACK | FLOW_FREE | MCOEV | POWER_BI_PRO";"18/12/2024 18:04:38 +01:00";"True";"28/05/2026 10:55:18 +02:00";"26/08/2026 10:55:18 +02:00";"31";"05/08/2026 15:19:30 +02:00";"20";"ViewReport";"True";"Non requise - activite Purview trouvee";"False";"27/07/2026 10:55:18 +02:00";"18";"0";"18";"05/08/2026 16:26:08 +02:00";"05/08/2026 16:26:08 +02:00";;;;"HTTP 410 - ressource ou lien de pagination Graph expire/non disponible. Appel : GET /beta/auditLogs/signIns. Le controle correspondant est incomplet et interdit tout retrait de licence fonde sur cet appel.";
"CONSERVER - UTILISEE";"Activite Power BI reelle detectee dans Microsoft Purview Audit.";"BENOIT, Rudy";"rudy.benoit@infopro-digital.com";"rudy.benoit@infopro-digital.com";"True";"Member";"Power BI Pro";"FLOW_FREE | POWER_BI_STANDARD | POWERAPPS_DEV | SMB_APPS | SPE_E5";"31/07/2025 17:00:14 +02:00";"True";"28/05/2026 10:55:18 +02:00";"26/08/2026 10:55:18 +02:00";"120";"26/08/2026 08:26:45 +02:00";"0";"ViewReport";"True";"Non requise - activite Purview trouvee";"False";"27/07/2026 10:55:18 +02:00";"43";"0";"43";"26/08/2026 09:39:19 +02:00";"26/08/2026 09:39:19 +02:00";;;;"HTTP 410 - ressource ou lien de pagination Graph expire/non disponible. Appel : GET /beta/auditLogs/signIns. Le controle correspondant est incomplet et interdit tout retrait de licence fonde sur cet appel.";
"CONSERVER - UTILISEE";"Activite Power BI reelle detectee dans Microsoft Purview Audit.";"MENDONCA, Rute";"rute.mendonca@infopro-digital.com";"rute.mendonca@infopro-digital.com";"True";"Member";"Power BI Pro";"ENTERPRISEPACK | FLOW_FREE | POWER_BI_PRO | POWER_BI_STANDARD";"07/10/2025 15:07:22 +02:00";"True";"28/05/2026 10:55:18 +02:00";"26/08/2026 10:55:18 +02:00";"753";"26/08/2026 09:14:09 +02:00";"0";"ViewReport";"True";"Non requise - activite Purview trouvee";"False";"27/07/2026 10:55:18 +02:00";"913";"0";"913";"26/08/2026 10:53:47 +02:00";"26/08/2026 10:53:47 +02:00";;;;"HTTP 410 - ressource ou lien de pagination Graph expire/non disponible. Appel : GET /beta/auditLogs/signIns. Le controle correspondant est incomplet et interdit tout retrait de licence fonde sur cet appel.";
"CONSERVER - UTILISEE";"Activite Power BI reelle detectee dans Microsoft Purview Audit.";"NASRALLAH, Saad (EXT)";"saad.nasrallah@infopro-digital.com";"saad.nasrallah@infopro-digital.com";"True";"Member";"Power BI Pro";"FLOW_FREE | POWER_BI_PRO | POWER_BI_STANDARD | STANDARDPACK";"15/04/2026 09:05:08 +02:00";"True";"28/05/2026 10:55:18 +02:00";"26/08/2026 10:55:18 +02:00";"42";"02/08/2026 20:09:21 +02:00";"23";"ViewReport";"True";"Non requise - activite Purview trouvee";"False";"27/07/2026 10:55:18 +02:00";"84";"0";"84";"24/08/2026 07:12:06 +02:00";"24/08/2026 07:12:06 +02:00";;;;"HTTP 410 - ressource ou lien de pagination Graph expire/non disponible. Appel : GET /beta/auditLogs/signIns. Le controle correspondant est incomplet et interdit tout retrait de licence fonde sur cet appel.";
"CONSERVER - UTILISEE";"Activite Power BI reelle detectee dans Microsoft Purview Audit.";"Sabin Stoica";"Sabin.Stoica@infopro-digital.com";"sabin.stoica@infopro-digital.com";"True";"Member";"Power BI Pro";"ENTERPRISEPACK | FLOW_FREE | POWER_BI_PRO | POWER_BI_STANDARD";"10/03/2025 16:42:41 +01:00";"True";"28/05/2026 10:55:18 +02:00";"26/08/2026 10:55:18 +02:00";"1";"15/07/2026 12:00:29 +02:00";"41";"ViewReport";"True";"Non requise - activite Purview trouvee";"False";"27/07/2026 10:55:18 +02:00";"17";"0";"17";"21/08/2026 19:47:04 +02:00";"21/08/2026 19:47:04 +02:00";;;;"HTTP 410 - ressource ou lien de pagination Graph expire/non disponible. Appel : GET /beta/auditLogs/signIns. Le controle correspondant est incomplet et interdit tout retrait de licence fonde sur cet appel.";
"CONSERVER - UTILISEE";"Activite Power BI reelle detectee dans Microsoft Purview Audit.";"Sabina Begum";"Sabina.Begum@infopro-digital.com";"sabina.begum@infopro-digital.com";"True";"Member";"Power BI Pro";"DYN365_BUSCENTRAL_TEAM_MEMBER | ENTERPRISEPACK | FLOW_FREE | MCOEV | POWER_BI_PRO | POWER_BI_STANDARD";"05/06/2023 15:13:33 +02:00";"True";"28/05/2026 10:55:18 +02:00";"26/08/2026 10:55:18 +02:00";"45";"21/08/2026 14:29:59 +02:00";"4";"ViewReport";"True";"Non requise - activite Purview trouvee";"False";"27/07/2026 10:55:18 +02:00";"148";"0";"148";"21/08/2026 14:30:07 +02:00";"21/08/2026 14:30:07 +02:00";;;;"HTTP 410 - ressource ou lien de pagination Graph expire/non disponible. Appel : GET /beta/auditLogs/signIns. Le controle correspondant est incomplet et interdit tout retrait de licence fonde sur cet appel.";
"CONSERVER - UTILISEE";"Activite Power BI reelle detectee dans Microsoft Purview Audit.";"SCHNEIDER, Sabine | Heinze";"sabine.schneider@infopro-digital.com";"Sabine.Schneider@heinze.de";"True";"Member";"Power BI Pro";"FLOW_FREE | POWER_BI_PRO | POWER_BI_STANDARD | STANDARDPACK";"15/04/2025 11:01:34 +02:00";"True";"28/05/2026 10:55:18 +02:00";"26/08/2026 10:55:18 +02:00";"63";"20/08/2026 21:01:17 +02:00";"5";"ViewReport";"True";"Non requise - activite Purview trouvee";"False";"27/07/2026 10:55:18 +02:00";"24";"0";"24";"20/08/2026 21:01:23 +02:00";"20/08/2026 21:01:23 +02:00";;;;"HTTP 410 - ressource ou lien de pagination Graph expire/non disponible. Appel : GET /beta/auditLogs/signIns. Le controle correspondant est incomplet et interdit tout retrait de licence fonde sur cet appel.";
"CONSERVER - UTILISEE";"Activite Power BI reelle detectee dans Microsoft Purview Audit.";"TORNOW, Sabine | Heinze";"sabine.tornow@infopro-digital.com";"Sabine.Tornow@heinze.de";"True";"Member";"Power BI Pro";"FLOW_FREE | POWER_BI_PRO | POWER_BI_STANDARD | STANDARDPACK";"15/04/2025 11:01:30 +02:00";"True";"28/05/2026 10:55:18 +02:00";"26/08/2026 10:55:18 +02:00";"19";"11/08/2026 10:03:56 +02:00";"15";"GetSnapshots";"True";"Non requise - activite Purview trouvee";"False";"27/07/2026 10:55:18 +02:00";"29";"0";"29";"11/08/2026 11:05:35 +02:00";"11/08/2026 11:05:35 +02:00";;;;"HTTP 410 - ressource ou lien de pagination Graph expire/non disponible. Appel : GET /beta/auditLogs/signIns. Le controle correspondant est incomplet et interdit tout retrait de licence fonde sur cet appel.";
"CONSERVER - UTILISEE";"Activite Power BI reelle detectee dans Microsoft Purview Audit.";"Sabrina Wright";"Sabrina.Wright@infopro-digital.com";"sabrina.wright@infopro-digital.com";"True";"Member";"Power BI Pro";"ENTERPRISEPACK | MCOEV | POWER_BI_PRO | POWER_BI_STANDARD";"21/08/2025 19:05:41 +02:00";"True";"28/05/2026 10:55:18 +02:00";"26/08/2026 10:55:18 +02:00";"48";"25/08/2026 13:27:11 +02:00";"0";"ViewReport";"True";"Non requise - activite Purview trouvee";"False";"27/07/2026 10:55:18 +02:00";"155";"0";"155";"25/08/2026 17:19:37 +02:00";"25/08/2026 17:19:37 +02:00";;;;"HTTP 410 - ressource ou lien de pagination Graph expire/non disponible. Appel : GET /beta/auditLogs/signIns. Le controle correspondant est incomplet et interdit tout retrait de licence fonde sur cet appel.";
"CONSERVER - UTILISEE";"Activite Power BI reelle detectee dans Microsoft Purview Audit.";"Sadia Aery";"Sadia.Aery@infopro-digital.com";"sadia.aery@infopro-digital.com";"True";"Member";"Power BI Pro";"FLOW_FREE | SPE_E5";"03/02/2026 18:11:27 +01:00";"True";"28/05/2026 10:55:18 +02:00";"26/08/2026 10:55:18 +02:00";"22";"12/08/2026 10:18:21 +02:00";"14";"ViewReport";"True";"Non requise - activite Purview trouvee";"False";"27/07/2026 10:55:18 +02:00";"82";"0";"82";"12/08/2026 10:18:24 +02:00";"12/08/2026 10:18:24 +02:00";;;;"HTTP 410 - ressource ou lien de pagination Graph expire/non disponible. Appel : GET /beta/auditLogs/signIns. Le controle correspondant est incomplet et interdit tout retrait de licence fonde sur cet appel.";
"CONSERVER - UTILISEE";"Activite Power BI reelle detectee dans Microsoft Purview Audit.";"Samuel Wilkes";"samuel.wilkes@infopro-digital.com";"samuel.wilkes@infopro-digital.com";"True";"Member";"Power BI Pro";"ENTERPRISEPACK | FLOW_FREE | MCOEV | POWER_BI_PRO | POWER_BI_STANDARD";"04/07/2025 10:55:39 +02:00";"True";"28/05/2026 10:55:18 +02:00";"26/08/2026 10:55:18 +02:00";"171";"26/08/2026 09:34:11 +02:00";"0";"ViewReport";"True";"Non requise - activite Purview trouvee";"False";"27/07/2026 10:55:18 +02:00";"768";"0";"768";"26/08/2026 11:04:37 +02:00";"26/08/2026 11:04:37 +02:00";;;;"HTTP 410 - ressource ou lien de pagination Graph expire/non disponible. Appel : GET /beta/auditLogs/signIns. Le controle correspondant est incomplet et interdit tout retrait de licence fonde sur cet appel.";
"CONSERVER - UTILISEE";"Activite Power BI reelle detectee dans Microsoft Purview Audit.";"HAMMOUDA, Sana";"sana.hammouda@infopro-digital.com";"sana.hammouda@infopro-digital.com";"True";"Member";"Power BI Pro";"ENTERPRISEPACK | FLOW_FREE | POWER_BI_PRO | POWER_BI_STANDARD";"13/04/2026 10:11:57 +02:00";"True";"28/05/2026 10:55:18 +02:00";"26/08/2026 10:55:18 +02:00";"425";"26/08/2026 09:28:40 +02:00";"0";"RefreshDataset";"True";"Non requise - activite Purview trouvee";"False";"27/07/2026 10:55:18 +02:00";"272";"0";"272";"26/08/2026 10:35:34 +02:00";"26/08/2026 10:35:25 +02:00";"26/08/2026 10:35:34 +02:00";;;"HTTP 410 - ressource ou lien de pagination Graph expire/non disponible. Appel : GET /beta/auditLogs/signIns. Le controle correspondant est incomplet et interdit tout retrait de licence fonde sur cet appel.";
"CONSERVER - UTILISEE";"Activite Power BI reelle detectee dans Microsoft Purview Audit.";"BORDIER, Sandra";"sandra.bordier@infopro-digital.com";"sbordier@infopro-digital.com";"True";"Member";"Power BI Pro";"FLOW_FREE | POWER_BI_PRO | POWER_BI_STANDARD | PROJECTPROFESSIONAL | STANDARDPACK";"15/12/2025 14:37:46 +01:00";"True";"28/05/2026 10:55:18 +02:00";"26/08/2026 10:55:18 +02:00";"8";"17/06/2026 11:56:10 +02:00";"69";"ViewReport";"True";"Non requise - activite Purview trouvee";"False";"27/07/2026 10:55:18 +02:00";"18";"0";"18";"19/08/2026 21:56:56 +02:00";"19/08/2026 21:56:56 +02:00";;;;"HTTP 410 - ressource ou lien de pagination Graph expire/non disponible. Appel : GET /beta/auditLogs/signIns. Le controle correspondant est incomplet et interdit tout retrait de licence fonde sur cet appel.";
"CONSERVER - UTILISEE";"Activite Power BI reelle detectee dans Microsoft Purview Audit.";"LINDNER, Sandra | Heinze";"sandra.lindner@infopro-digital.com";"Sandra.Lindner@heinze.de";"True";"Member";"Power BI Pro";"FLOW_FREE | POWER_BI_PRO | POWER_BI_STANDARD | STANDARDPACK";"09/07/2025 10:58:11 +02:00";"True";"28/05/2026 10:55:18 +02:00";"26/08/2026 10:55:18 +02:00";"138";"24/08/2026 09:15:07 +02:00";"2";"ViewReport";"True";"Non requise - activite Purview trouvee";"False";"27/07/2026 10:55:18 +02:00";"134";"0";"134";"24/08/2026 09:46:21 +02:00";"24/08/2026 09:46:21 +02:00";;;;"HTTP 410 - ressource ou lien de pagination Graph expire/non disponible. Appel : GET /beta/auditLogs/signIns. Le controle correspondant est incomplet et interdit tout retrait de licence fonde sur cet appel.";
"CONSERVER - UTILISEE";"Activite Power BI reelle detectee dans Microsoft Purview Audit.";"MAGUARIAN, Sandra";"sandra.maguarian@infopro-digital.com";"sandra.maguarian@infopro-digital.com";"True";"Member";"Power BI Pro";"ENTERPRISEPACK | FLOW_FREE | POWER_BI_PRO | POWER_BI_STANDARD";"07/02/2024 09:36:49 +01:00";"True";"28/05/2026 10:55:18 +02:00";"26/08/2026 10:55:18 +02:00";"24";"24/08/2026 17:16:40 +02:00";"1";"ExportReport";"True";"Non requise - activite Purview trouvee";"False";"27/07/2026 10:55:18 +02:00";"63";"0";"63";"24/08/2026 17:12:31 +02:00";"24/08/2026 17:12:31 +02:00";;;;"HTTP 410 - ressource ou lien de pagination Graph expire/non disponible. Appel : GET /beta/auditLogs/signIns. Le controle correspondant est incomplet et interdit tout retrait de licence fonde sur cet appel.";
"CONSERVER - UTILISEE";"Activite Power BI reelle detectee dans Microsoft Purview Audit.";"STALLKNECHT, Sandra | Heinze";"sandra.stallknecht@infopro-digital.com";"Sandra.Stallknecht@heinze.de";"True";"Member";"Power BI Pro";"FLOW_FREE | POWER_BI_PRO | POWER_BI_STANDARD | STANDARDPACK";"09/07/2025 10:58:11 +02:00";"True";"28/05/2026 10:55:18 +02:00";"26/08/2026 10:55:18 +02:00";"64";"19/08/2026 09:50:13 +02:00";"7";"ViewReport";"True";"Non requise - activite Purview trouvee";"False";"27/07/2026 10:55:18 +02:00";"262";"0";"262";"19/08/2026 09:50:11 +02:00";"19/08/2026 09:50:11 +02:00";;;;"HTTP 410 - ressource ou lien de pagination Graph expire/non disponible. Appel : GET /beta/auditLogs/signIns. Le controle correspondant est incomplet et interdit tout retrait de licence fonde sur cet appel.";
"CONSERVER - UTILISEE";"Activite Power BI reelle detectee dans Microsoft Purview Audit.";"MACHADO, Sandy";"sandy.machado@infopro-digital.com";"s.machado@toute-la-franchise.com";"True";"Member";"Power BI Pro";"FLOW_FREE | POWER_BI_PRO | POWER_BI_STANDARD | STANDARDPACK";"31/12/2025 10:54:52 +01:00";"True";"28/05/2026 10:55:18 +02:00";"26/08/2026 10:55:18 +02:00";"1";"30/07/2026 10:15:49 +02:00";"27";"GetSnapshots";"True";"Non requise - activite Purview trouvee";"False";"27/07/2026 10:55:18 +02:00";"21";"0";"21";"20/08/2026 20:24:47 +02:00";"20/08/2026 20:24:47 +02:00";;;;"HTTP 410 - ressource ou lien de pagination Graph expire/non disponible. Appel : GET /beta/auditLogs/signIns. Le controle correspondant est incomplet et interdit tout retrait de licence fonde sur cet appel.";
"CONSERVER - UTILISEE";"Activite Power BI reelle detectee dans Microsoft Purview Audit.";"Sarah Banks";"sarah.banks@infopro-digital.com";"sarah.banks@infopro-digital.com";"True";"Member";"Power BI Pro";"ENTERPRISEPACK | FLOW_FREE | MCOEV | POWER_BI_PRO | POWER_BI_STANDARD";"18/12/2024 16:35:38 +01:00";"True";"28/05/2026 10:55:18 +02:00";"26/08/2026 10:55:18 +02:00";"111";"25/08/2026 11:20:24 +02:00";"0";"ViewReport";"True";"Non requise - activite Purview trouvee";"False";"27/07/2026 10:55:18 +02:00";"263";"0";"263";"25/08/2026 12:12:57 +02:00";"25/08/2026 12:12:57 +02:00";;;;"HTTP 410 - ressource ou lien de pagination Graph expire/non disponible. Appel : GET /beta/auditLogs/signIns. Le controle correspondant est incomplet et interdit tout retrait de licence fonde sur cet appel.";
"CONSERVER - UTILISEE";"Activite Power BI reelle detectee dans Microsoft Purview Audit.";"BARDAY, Sarah";"sarah.barday@infopro-digital.com";"s.barday@toute-la-franchise.com";"True";"Member";"Power BI Pro";"FLOW_FREE | POWER_BI_PRO | POWER_BI_STANDARD | STANDARDPACK";"31/12/2025 10:54:51 +01:00";"True";"28/05/2026 10:55:18 +02:00";"26/08/2026 10:55:18 +02:00";"45";"31/07/2026 15:37:08 +02:00";"25";"ExportReport";"True";"Non requise - activite Purview trouvee";"False";"27/07/2026 10:55:18 +02:00";"88";"0";"88";"21/08/2026 17:57:48 +02:00";"21/08/2026 17:57:48 +02:00";;;;"HTTP 410 - ressource ou lien de pagination Graph expire/non disponible. Appel : GET /beta/auditLogs/signIns. Le controle correspondant est incomplet et interdit tout retrait de licence fonde sur cet appel.";
"CONSERVER - UTILISEE";"Activite Power BI reelle detectee dans Microsoft Purview Audit.";"BOUKHARI, Sarah";"sarah.boukhari@infopro-digital.com";"sarah.boukhari@infopro-digital.com";"True";"Member";"Power BI Pro";"ENTERPRISEPACK | FLOW_FREE | POWER_BI_PRO | POWER_BI_STANDARD";"19/11/2024 09:32:09 +01:00";"True";"28/05/2026 10:55:18 +02:00";"26/08/2026 10:55:18 +02:00";"37";"08/07/2026 14:31:15 +02:00";"48";"GenerateCustomVisualAADAccessToken";"True";"Non requise - activite Purview trouvee";"False";"27/07/2026 10:55:18 +02:00";"18";"0";"18";"19/08/2026 16:32:28 +02:00";"19/08/2026 16:32:28 +02:00";;;;"HTTP 410 - ressource ou lien de pagination Graph expire/non disponible. Appel : GET /beta/auditLogs/signIns. Le controle correspondant est incomplet et interdit tout retrait de licence fonde sur cet appel.";
"CONSERVER - UTILISEE";"Activite Power BI reelle detectee dans Microsoft Purview Audit.";"Sarah Haque";"Sarah.Haque@infopro-digital.com";"Sarah.Haque@infopro-digital.com";"True";"Member";"Power BI Pro";"ENTERPRISEPACK | FLOW_FREE | MCOEV | POWER_BI_PRO";"11/05/2026 14:11:02 +02:00";"True";"28/05/2026 10:55:18 +02:00";"26/08/2026 10:55:18 +02:00";"75";"11/08/2026 10:16:58 +02:00";"15";"ViewReport";"True";"Non requise - activite Purview trouvee";"False";"27/07/2026 10:55:18 +02:00";"75";"0";"75";"12/08/2026 23:01:43 +02:00";"12/08/2026 23:01:43 +02:00";;;;"HTTP 410 - ressource ou lien de pagination Graph expire/non disponible. Appel : GET /beta/auditLogs/signIns. Le controle correspondant est incomplet et interdit tout retrait de licence fonde sur cet appel.";
"CONSERVER - UTILISEE";"Activite Power BI reelle detectee dans Microsoft Purview Audit.";"Sarah Olsen";"sarah.olsen@barbour-abi.com";"sarah.olsen@barbour-abi.com";"True";"Member";"Power BI Pro";"ENTERPRISEPACK | FLOW_FREE | POWER_BI_PRO | POWER_BI_STANDARD";"15/04/2026 09:35:19 +02:00";"True";"28/05/2026 10:55:18 +02:00";"26/08/2026 10:55:18 +02:00";"169";"20/08/2026 11:30:04 +02:00";"5";"ViewReport";"True";"Non requise - activite Purview trouvee";"False";"27/07/2026 10:55:18 +02:00";"336";"0";"336";"20/08/2026 12:01:25 +02:00";"20/08/2026 12:01:25 +02:00";;;;"HTTP 410 - ressource ou lien de pagination Graph expire/non disponible. Appel : GET /beta/auditLogs/signIns. Le controle correspondant est incomplet et interdit tout retrait de licence fonde sur cet appel.";
"CONSERVER - UTILISEE";"Activite Power BI reelle detectee dans Microsoft Purview Audit.";"STEGEMANN, Sarah";"sarah.stegemann@infopro-digital.com";"sarah.stegemann@infopro-digital.com";"True";"Member";"Power BI Pro";"FLOW_FREE | SPE_E5";"20/10/2025 10:20:22 +02:00";"True";"28/05/2026 10:55:18 +02:00";"26/08/2026 10:55:18 +02:00";"4";"06/07/2026 16:38:43 +02:00";"50";"ViewReport";"True";"Non requise - activite Purview trouvee";"False";"27/07/2026 10:55:18 +02:00";"22";"0";"22";"25/08/2026 00:26:54 +02:00";"25/08/2026 00:26:54 +02:00";;;;"HTTP 410 - ressource ou lien de pagination Graph expire/non disponible. Appel : GET /beta/auditLogs/signIns. Le controle correspondant est incomplet et interdit tout retrait de licence fonde sur cet appel.";
"CONSERVER - UTILISEE";"Activite Power BI reelle detectee dans Microsoft Purview Audit.";"WOJEWSKY, Sascha | Heinze";"sascha.wojewsky@infopro-digital.com";"Sascha.Wojewsky@heinze.de";"True";"Member";"Power BI Pro";"ENTERPRISEPACK | POWER_BI_PRO | POWER_BI_STANDARD";"10/11/2025 15:44:19 +01:00";"True";"28/05/2026 10:55:18 +02:00";"26/08/2026 10:55:18 +02:00";"9";"01/06/2026 17:46:05 +02:00";"85";"GetAllGatewayClusterDatasources";"True";"Non requise - activite Purview trouvee";"False";"27/07/2026 10:55:18 +02:00";"3";"0";"3";"10/08/2026 08:29:52 +02:00";"10/08/2026 08:29:52 +02:00";;;;"HTTP 410 - ressource ou lien de pagination Graph expire/non disponible. Appel : GET /beta/auditLogs/signIns. Le controle correspondant est incomplet et interdit tout retrait de licence fonde sur cet appel.";
"CONSERVER - UTILISEE";"Activite Power BI reelle detectee dans Microsoft Purview Audit.";"SCHABON, Saskia | BauNetz";"saskia.schabon@infopro-digital.com";"schabon@baunetz.com";"True";"Member";"Power BI Pro";"FLOW_FREE | POWER_BI_PRO | POWER_BI_STANDARD | STANDARDPACK";"10/04/2026 19:23:24 +02:00";"True";"28/05/2026 10:55:18 +02:00";"26/08/2026 10:55:18 +02:00";"78";"05/08/2026 11:29:28 +02:00";"20";"ExportReport";"True";"Non requise - activite Purview trouvee";"False";"27/07/2026 10:55:18 +02:00";"108";"0";"108";"05/08/2026 12:20:17 +02:00";"05/08/2026 12:20:17 +02:00";;;;"HTTP 410 - ressource ou lien de pagination Graph expire/non disponible. Appel : GET /beta/auditLogs/signIns. Le controle correspondant est incomplet et interdit tout retrait de licence fonde sur cet appel.";
"CONSERVER - UTILISEE";"Activite Power BI reelle detectee dans Microsoft Purview Audit.";"TÖDTER, Saskia | BauNetz";"saskia.toedter@infopro-digital.com";"toedter@baunetz.com";"True";"Member";"Power BI Pro";"POWER_BI_PRO | POWER_BI_STANDARD | STANDARDPACK";"17/04/2025 16:01:59 +02:00";"True";"28/05/2026 10:55:18 +02:00";"26/08/2026 10:55:18 +02:00";"158";"19/08/2026 12:32:57 +02:00";"6";"ViewReport";"True";"Non requise - activite Purview trouvee";"False";"27/07/2026 10:55:18 +02:00";"115";"0";"115";"19/08/2026 14:28:13 +02:00";"19/08/2026 14:28:13 +02:00";;;;"HTTP 410 - ressource ou lien de pagination Graph expire/non disponible. Appel : GET /beta/auditLogs/signIns. Le controle correspondant est incomplet et interdit tout retrait de licence fonde sur cet appel.";
"CONSERVER - UTILISEE";"Activite Power BI reelle detectee dans Microsoft Purview Audit.";"Scott McGee";"Scott.McGee@infopro-digital.com";"scott.mcgee@infopro-digital.com";"True";"Member";"Power BI Pro";"ENTERPRISEPACK | FLOW_FREE | MCOEV | POWER_BI_PRO | POWER_BI_STANDARD";"19/07/2025 11:32:40 +02:00";"True";"28/05/2026 10:55:18 +02:00";"26/08/2026 10:55:18 +02:00";"79";"25/08/2026 13:40:16 +02:00";"0";"ViewReport";"True";"Non requise - activite Purview trouvee";"False";"27/07/2026 10:55:18 +02:00";"302";"0";"302";"26/08/2026 11:03:35 +02:00";"26/08/2026 11:03:35 +02:00";;;;"HTTP 410 - ressource ou lien de pagination Graph expire/non disponible. Appel : GET /beta/auditLogs/signIns. Le controle correspondant est incomplet et interdit tout retrait de licence fonde sur cet appel.";
"CONSERVER - UTILISEE";"Activite Power BI reelle detectee dans Microsoft Purview Audit.";"Sean Armstrong";"sean.armstrong@infopro-digital.com";"sean.armstrong@infopro-digital.com";"True";"Member";"Power BI Pro";"DYN365_BUSCENTRAL_TEAM_MEMBER | ENTERPRISEPACK | FLOW_FREE | MCOEV | POWER_BI_PRO | POWER_BI_STANDARD";"16/05/2025 22:31:26 +02:00";"True";"28/05/2026 10:55:18 +02:00";"26/08/2026 10:55:18 +02:00";"36";"04/08/2026 15:42:16 +02:00";"21";"ViewReport";"True";"Non requise - activite Purview trouvee";"False";"27/07/2026 10:55:18 +02:00";"150";"0";"150";"26/08/2026 00:47:32 +02:00";"26/08/2026 00:47:32 +02:00";;;;"HTTP 410 - ressource ou lien de pagination Graph expire/non disponible. Appel : GET /beta/auditLogs/signIns. Le controle correspondant est incomplet et interdit tout retrait de licence fonde sur cet appel.";
"CONSERVER - UTILISEE";"Activite Power BI reelle detectee dans Microsoft Purview Audit.";"Sean Hayes";"sean.hayes@infopro-digital.com";"sean.hayes@infopro-digital.com";"True";"Member";"Power BI Pro";"DYN365_BUSCENTRAL_TEAM_MEMBER | ENTERPRISEPACK | FLOW_FREE | MCOEV | POWER_BI_PRO | POWER_BI_STANDARD";"19/01/2024 17:45:58 +01:00";"True";"28/05/2026 10:55:18 +02:00";"26/08/2026 10:55:18 +02:00";"230";"25/08/2026 11:04:44 +02:00";"0";"ViewReport";"True";"Non requise - activite Purview trouvee";"False";"27/07/2026 10:55:18 +02:00";"539";"0";"539";"26/08/2026 10:38:11 +02:00";"26/08/2026 10:38:11 +02:00";"19/08/2026 17:36:16 +02:00";;;"HTTP 410 - ressource ou lien de pagination Graph expire/non disponible. Appel : GET /beta/auditLogs/signIns. Le controle correspondant est incomplet et interdit tout retrait de licence fonde sur cet appel.";
"CONSERVER - UTILISEE";"Activite Power BI reelle detectee dans Microsoft Purview Audit.";"MARTINEZ DIAZ, Sebastian";"sebastian.martinez-diaz@infopro-digital.com";"sebastian.martinez-diaz@infopro-digital.com";"True";"Member";"Power BI Pro";"FLOW_FREE | POWER_BI_PRO | POWER_BI_STANDARD | STANDARDPACK";"11/03/2025 16:12:32 +01:00";"True";"28/05/2026 10:55:18 +02:00";"26/08/2026 10:55:18 +02:00";"96";"26/08/2026 09:37:40 +02:00";"0";"ViewReport";"True";"Non requise - activite Purview trouvee";"False";"27/07/2026 10:55:18 +02:00";"301";"0";"301";"26/08/2026 10:09:34 +02:00";"26/08/2026 10:09:34 +02:00";;;;"HTTP 410 - ressource ou lien de pagination Graph expire/non disponible. Appel : GET /beta/auditLogs/signIns. Le controle correspondant est incomplet et interdit tout retrait de licence fonde sur cet appel.";
"CONSERVER - UTILISEE";"Activite Power BI reelle detectee dans Microsoft Purview Audit.";"MADEC Sebastien";"sebastien.madec@vecteurplus.com";"sebastien.madec@vecteurplus.com";"True";"Member";"Power BI Pro";"FLOW_FREE | SPE_E5";"23/10/2025 10:18:37 +02:00";"True";"28/05/2026 10:55:18 +02:00";"26/08/2026 10:55:18 +02:00";"16";"18/08/2026 10:05:40 +02:00";"8";"EditDataset";"True";"Non requise - activite Purview trouvee";"False";"27/07/2026 10:55:18 +02:00";"59";"1";"58";"24/08/2026 09:08:41 +02:00";"24/08/2026 09:08:41 +02:00";"24/08/2026 09:07:22 +02:00";;;"HTTP 410 - ressource ou lien de pagination Graph expire/non disponible. Appel : GET /beta/auditLogs/signIns. Le controle correspondant est incomplet et interdit tout retrait de licence fonde sur cet appel.";
"CONSERVER - UTILISEE";"Activite Power BI reelle detectee dans Microsoft Purview Audit.";"MERLE, Sebastien";"sebastien.merle@infopro-digital.com";"sebastien.merle@infopro-digital.com";"True";"Member";"Power BI Pro";"FLOW_FREE | POWER_BI_PRO | POWER_BI_STANDARD | POWERAPPS_DEV | STANDARDPACK";"20/02/2024 09:49:07 +01:00";"True";"28/05/2026 10:55:18 +02:00";"26/08/2026 10:55:18 +02:00";"2371";"26/08/2026 07:45:05 +02:00";"0";"AnalyzedByExternalApplication";"True";"Non requise - activite Purview trouvee";"False";"27/07/2026 10:55:18 +02:00";"3331";"0";"3331";"26/08/2026 08:34:24 +02:00";"26/08/2026 08:34:24 +02:00";;;;"HTTP 410 - ressource ou lien de pagination Graph expire/non disponible. Appel : GET /beta/auditLogs/signIns. Le controle correspondant est incomplet et interdit tout retrait de licence fonde sur cet appel.";
"CONSERVER - UTILISEE";"Activite Power BI reelle detectee dans Microsoft Purview Audit.";"OLSZANSKI, Sebastien";"sebastien.olszanski@infopro-digital.com";"sebastien.olszanski@infopro-digital.com";"True";"Member";"Power BI Pro";"ENTERPRISEPACK | FLOW_FREE | POWER_BI_PRO | POWER_BI_STANDARD | SMB_APPS";"25/07/2025 11:57:49 +02:00";"True";"28/05/2026 10:55:18 +02:00";"26/08/2026 10:55:18 +02:00";"16";"10/07/2026 13:07:06 +02:00";"46";"ViewReport";"True";"Non requise - activite Purview trouvee";"False";"27/07/2026 10:55:18 +02:00";"11";"0";"11";"21/08/2026 23:25:43 +02:00";"21/08/2026 23:25:43 +02:00";;;;"HTTP 410 - ressource ou lien de pagination Graph expire/non disponible. Appel : GET /beta/auditLogs/signIns. Le controle correspondant est incomplet et interdit tout retrait de licence fonde sur cet appel.";
"CONSERVER - UTILISEE";"Activite Power BI reelle detectee dans Microsoft Purview Audit.";"BERSAUTER, Severine";"severine.bersauter@infopro-digital.com";"severine.bersauter@infopro-digital.com";"True";"Member";"Power BI Pro";"DYN365_BUSCENTRAL_TEAM_MEMBER | FLOW_FREE | Microsoft_365_Copilot | SPE_E5";"17/07/2025 10:55:28 +02:00";"True";"28/05/2026 10:55:18 +02:00";"26/08/2026 10:55:18 +02:00";"19";"02/07/2026 19:17:59 +02:00";"54";"ViewReport";"True";"Non requise - activite Purview trouvee";"False";"27/07/2026 10:55:18 +02:00";"17";"0";"17";"20/08/2026 23:03:41 +02:00";"20/08/2026 23:03:41 +02:00";;;;"HTTP 410 - ressource ou lien de pagination Graph expire/non disponible. Appel : GET /beta/auditLogs/signIns. Le controle correspondant est incomplet et interdit tout retrait de licence fonde sur cet appel.";
"CONSERVER - UTILISEE";"Activite Power BI reelle detectee dans Microsoft Purview Audit.";"SARY, Sieng Borith";"sieng-borith.sary@infopro-digital.com";"sieng-borith.sary@infopro-digital.com";"True";"Member";"Power BI Pro";"ENTERPRISEPACK | FLOW_FREE | POWER_BI_PRO | POWER_BI_STANDARD";"15/04/2026 09:05:10 +02:00";"True";"28/05/2026 10:55:18 +02:00";"26/08/2026 10:55:18 +02:00";"12";"06/08/2026 12:26:42 +02:00";"19";"ViewReport";"True";"Non requise - activite Purview trouvee";"False";"27/07/2026 10:55:18 +02:00";"34";"0";"34";"06/08/2026 12:26:48 +02:00";"06/08/2026 12:26:48 +02:00";;;;"HTTP 410 - ressource ou lien de pagination Graph expire/non disponible. Appel : GET /beta/auditLogs/signIns. Le controle correspondant est incomplet et interdit tout retrait de licence fonde sur cet appel.";
"CONSERVER - UTILISEE";"Activite Power BI reelle detectee dans Microsoft Purview Audit.";"ERNST, Silvia | Heinze";"silvia.ernst@infopro-digital.com";"Silvia.Ernst@heinze.de";"True";"Member";"Power BI Pro";"POWER_BI_PRO | POWER_BI_STANDARD | STANDARDPACK";"15/04/2025 11:01:32 +02:00";"True";"28/05/2026 10:55:18 +02:00";"26/08/2026 10:55:18 +02:00";"17";"05/08/2026 16:58:23 +02:00";"20";"ViewReport";"True";"Non requise - activite Purview trouvee";"False";"27/07/2026 10:55:18 +02:00";"23";"0";"23";"05/08/2026 16:58:29 +02:00";"05/08/2026 16:58:29 +02:00";;;;"HTTP 410 - ressource ou lien de pagination Graph expire/non disponible. Appel : GET /beta/auditLogs/signIns. Le controle correspondant est incomplet et interdit tout retrait de licence fonde sur cet appel.";
"CONSERVER - UTILISEE";"Activite Power BI reelle detectee dans Microsoft Purview Audit.";"Simon Blazeby";"Simon.Blazeby@infopro-digital.com";"Simon.Blazeby@infopro-digital.com";"True";"Member";"Power BI Pro";"DYN365_BUSCENTRAL_TEAM_MEMBER | FLOW_FREE | POWER_BI_STANDARD | SPE_E5";"24/07/2025 14:52:25 +02:00";"True";"28/05/2026 10:55:18 +02:00";"26/08/2026 10:55:18 +02:00";"187";"25/08/2026 12:24:15 +02:00";"0";"ViewReport";"True";"Non requise - activite Purview trouvee";"False";"27/07/2026 10:55:18 +02:00";"395";"0";"395";"26/08/2026 10:56:21 +02:00";"26/08/2026 10:56:21 +02:00";;;;"HTTP 410 - ressource ou lien de pagination Graph expire/non disponible. Appel : GET /beta/auditLogs/signIns. Le controle correspondant est incomplet et interdit tout retrait de licence fonde sur cet appel.";
"CONSERVER - UTILISEE";"Activite Power BI reelle detectee dans Microsoft Purview Audit.";"Simon Gates";"simon.gates@infopro-digital.com";"simon.gates@infopro-digital.com";"True";"Member";"Power BI Pro";"DYN365_BUSCENTRAL_TEAM_MEMBER | ENTERPRISEPACK | FLOW_FREE | MCOEV | Microsoft_Teams_Audio_Conferencing_select_dial_out | POWER_BI_PRO | POWER_BI_STANDARD";"05/05/2023 15:21:08 +02:00";"True";"28/05/2026 10:55:18 +02:00";"26/08/2026 10:55:18 +02:00";"174";"19/08/2026 17:12:06 +02:00";"6";"ViewReport";"True";"Non requise - activite Purview trouvee";"False";"27/07/2026 10:55:18 +02:00";"428";"0";"428";"19/08/2026 18:13:21 +02:00";"19/08/2026 18:13:21 +02:00";;;;"HTTP 410 - ressource ou lien de pagination Graph expire/non disponible. Appel : GET /beta/auditLogs/signIns. Le controle correspondant est incomplet et interdit tout retrait de licence fonde sur cet appel.";
"CONSERVER - UTILISEE";"Activite Power BI reelle detectee dans Microsoft Purview Audit.";"PETRUSCH, Sina | Heinze";"sina.petrusch@infopro-digital.com";"Sina.Petrusch@heinze.de";"True";"Member";"Power BI Pro";"FLOW_FREE | POWER_BI_PRO | POWER_BI_STANDARD | STANDARDPACK";"09/07/2025 10:58:11 +02:00";"True";"28/05/2026 10:55:18 +02:00";"26/08/2026 10:55:18 +02:00";"170";"05/08/2026 11:36:52 +02:00";"20";"ViewReport";"True";"Non requise - activite Purview trouvee";"False";"27/07/2026 10:55:18 +02:00";"119";"0";"119";"05/08/2026 11:16:57 +02:00";"05/08/2026 11:16:57 +02:00";;;;"HTTP 410 - ressource ou lien de pagination Graph expire/non disponible. Appel : GET /beta/auditLogs/signIns. Le controle correspondant est incomplet et interdit tout retrait de licence fonde sur cet appel.";
"CONSERVER - UTILISEE";"Activite Power BI reelle detectee dans Microsoft Purview Audit.";"Hedhili, Sinda (TUN)";"sinda.hedhili@infopro-digital.com";"sinda.hedhili@infopro-digital.com";"True";"Member";"Power BI Pro";"FLOW_FREE | POWER_BI_PRO | POWER_BI_STANDARD | STANDARDPACK";"31/07/2026 12:45:45 +02:00";"True";"28/05/2026 10:55:18 +02:00";"26/08/2026 10:55:18 +02:00";"98";"26/08/2026 08:34:38 +02:00";"0";"ViewReport";"True";"Non requise - activite Purview trouvee";"False";"27/07/2026 10:55:18 +02:00";"252";"0";"252";"26/08/2026 08:34:45 +02:00";"26/08/2026 08:34:45 +02:00";;;;"HTTP 410 - ressource ou lien de pagination Graph expire/non disponible. Appel : GET /beta/auditLogs/signIns. Le controle correspondant est incomplet et interdit tout retrait de licence fonde sur cet appel.";
"CONSERVER - UTILISEE";"Activite Power BI reelle detectee dans Microsoft Purview Audit.";"MABROUK, Skandar";"skandar.mabrouk@infopro-digital.com";"skandar.mabrouk@infopro-digital.com";"True";"Member";"Power BI Pro";"ENTERPRISEPACK | FLOW_FREE | POWER_BI_PRO | POWER_BI_STANDARD";"15/07/2024 17:28:36 +02:00";"True";"28/05/2026 10:55:18 +02:00";"26/08/2026 10:55:18 +02:00";"156";"26/08/2026 10:24:53 +02:00";"0";"EditDataset";"True";"Non requise - activite Purview trouvee";"False";"27/07/2026 10:55:18 +02:00";"428";"1";"427";"26/08/2026 10:24:53 +02:00";"26/08/2026 10:24:53 +02:00";"26/08/2026 10:22:18 +02:00";;;"HTTP 410 - ressource ou lien de pagination Graph expire/non disponible. Appel : GET /beta/auditLogs/signIns. Le controle correspondant est incomplet et interdit tout retrait de licence fonde sur cet appel.";
"CONSERVER - UTILISEE";"Activite Power BI reelle detectee dans Microsoft Purview Audit.";"BELARBI, Sofia";"sofia.belarbi@infopro-digital.com";"sofia.belarbi@infopro-digital.com";"True";"Member";"Power BI Pro";"FLOW_FREE | POWER_BI_PRO | POWER_BI_STANDARD | STANDARDPACK";"12/06/2024 16:21:19 +02:00";"True";"28/05/2026 10:55:18 +02:00";"26/08/2026 10:55:18 +02:00";"4";"24/07/2026 10:54:26 +02:00";"33";"ViewReport";"True";"Non requise - activite Purview trouvee";"False";"27/07/2026 10:55:18 +02:00";"11";"0";"11";"23/08/2026 13:31:53 +02:00";"23/08/2026 13:31:53 +02:00";;;;"HTTP 410 - ressource ou lien de pagination Graph expire/non disponible. Appel : GET /beta/auditLogs/signIns. Le controle correspondant est incomplet et interdit tout retrait de licence fonde sur cet appel.";
"CONSERVER - UTILISEE";"Activite Power BI reelle detectee dans Microsoft Purview Audit.";"BOUGUETTAYA, Sofiane";"sofiane.bouguettaya@infopro-digital.com";"sofiane.bouguettaya@infopro-digital.com";"True";"Member";"Power BI Pro";"FLOW_FREE | POWER_BI_PRO | POWER_BI_STANDARD | STANDARDPACK";"02/01/2025 13:01:35 +01:00";"True";"28/05/2026 10:55:18 +02:00";"26/08/2026 10:55:18 +02:00";"40";"30/07/2026 10:27:16 +02:00";"27";"ViewReport";"True";"Non requise - activite Purview trouvee";"False";"27/07/2026 10:55:18 +02:00";"20";"0";"20";"20/08/2026 15:59:42 +02:00";"20/08/2026 15:59:42 +02:00";;;;"HTTP 410 - ressource ou lien de pagination Graph expire/non disponible. Appel : GET /beta/auditLogs/signIns. Le controle correspondant est incomplet et interdit tout retrait de licence fonde sur cet appel.";
"CONSERVER - UTILISEE";"Activite Power BI reelle detectee dans Microsoft Purview Audit.";"CARDOT, Sophie";"sophie.cardot@infopro-digital.com";"sophie.cardot@infopro-digital.com";"True";"Member";"Power BI Pro";"ENTERPRISEPACK | FLOW_FREE | POWER_BI_PRO | POWER_BI_STANDARD";"22/06/2020 14:56:29 +02:00";"True";"28/05/2026 10:55:18 +02:00";"26/08/2026 10:55:18 +02:00";"91";"30/07/2026 10:10:13 +02:00";"27";"ExportReport";"True";"Non requise - activite Purview trouvee";"False";"27/07/2026 10:55:18 +02:00";"117";"0";"117";"20/08/2026 11:32:06 +02:00";"20/08/2026 11:32:06 +02:00";;;;"HTTP 410 - ressource ou lien de pagination Graph expire/non disponible. Appel : GET /beta/auditLogs/signIns. Le controle correspondant est incomplet et interdit tout retrait de licence fonde sur cet appel.";
"CONSERVER - UTILISEE";"Activite Power BI reelle detectee dans Microsoft Purview Audit.";"FERREIRA, Sophie";"sophie.ferreira@infopro-digital.com";"sophie.ferreira@infopro-digital.com";"True";"Member";"Power BI Pro";"FLOW_FREE | POWER_BI_PRO | POWER_BI_STANDARD | STANDARDPACK";"30/01/2026 09:04:08 +01:00";"True";"28/05/2026 10:55:18 +02:00";"26/08/2026 10:55:18 +02:00";"1";"03/07/2026 10:14:16 +02:00";"54";"ViewReport";"True";"Non requise - activite Purview trouvee";"False";"27/07/2026 10:55:18 +02:00";"18";"0";"18";"21/08/2026 15:36:25 +02:00";"21/08/2026 15:36:25 +02:00";;;;"HTTP 410 - ressource ou lien de pagination Graph expire/non disponible. Appel : GET /beta/auditLogs/signIns. Le controle correspondant est incomplet et interdit tout retrait de licence fonde sur cet appel.";
"CONSERVER - UTILISEE";"Activite Power BI reelle detectee dans Microsoft Purview Audit.";"PERROTIN, Sophie";"sophie.perrotin@infopro-digital.com";"sophie.perrotin@infopro-digital.com";"True";"Member";"Power BI Pro";"ENTERPRISEPACK | FLOW_FREE | POWER_BI_PRO | POWER_BI_STANDARD";"12/05/2026 12:16:45 +02:00";"True";"28/05/2026 10:55:18 +02:00";"26/08/2026 10:55:18 +02:00";"8";"05/08/2026 10:55:20 +02:00";"20";"ViewReport";"True";"Non requise - activite Purview trouvee";"False";"27/07/2026 10:55:18 +02:00";"55";"0";"55";"05/08/2026 10:55:26 +02:00";"05/08/2026 10:55:26 +02:00";;;;"HTTP 410 - ressource ou lien de pagination Graph expire/non disponible. Appel : GET /beta/auditLogs/signIns. Le controle correspondant est incomplet et interdit tout retrait de licence fonde sur cet appel.";
"CONSERVER - UTILISEE";"Activite Power BI reelle detectee dans Microsoft Purview Audit.";"RADULESCU, Sorana | BauNetz";"sorana.radulescu@infopro-digital.com";"radulescu@baunetz.com";"True";"Member";"Power BI Pro";"ENTERPRISEPACK | FLOW_FREE | POWER_BI_PRO | POWER_BI_STANDARD";"15/04/2025 11:01:37 +02:00";"True";"28/05/2026 10:55:18 +02:00";"26/08/2026 10:55:18 +02:00";"142";"25/08/2026 09:00:17 +02:00";"1";"ViewReport";"True";"Non requise - activite Purview trouvee";"False";"27/07/2026 10:55:18 +02:00";"661";"0";"661";"25/08/2026 16:00:31 +02:00";"25/08/2026 16:00:31 +02:00";;;;"HTTP 410 - ressource ou lien de pagination Graph expire/non disponible. Appel : GET /beta/auditLogs/signIns. Le controle correspondant est incomplet et interdit tout retrait de licence fonde sur cet appel.";
"CONSERVER - UTILISEE";"Activite Power BI reelle detectee dans Microsoft Purview Audit.";"MAKHLOUF, Soraya";"soraya.makhlouf@infopro-digital.com";"soraya.makhlouf@infopro-digital.com";"True";"Member";"Power BI Pro";"ENTERPRISEPACK | FLOW_FREE | POWER_BI_PRO | POWER_BI_STANDARD";"06/01/2025 11:34:22 +01:00";"True";"28/05/2026 10:55:18 +02:00";"26/08/2026 10:55:18 +02:00";"4";"30/07/2026 17:37:04 +02:00";"26";"ViewReport";"True";"Non requise - activite Purview trouvee";"False";"27/07/2026 10:55:18 +02:00";"36";"0";"36";"21/08/2026 05:03:39 +02:00";"21/08/2026 05:03:39 +02:00";;;;"HTTP 410 - ressource ou lien de pagination Graph expire/non disponible. Appel : GET /beta/auditLogs/signIns. Le controle correspondant est incomplet et interdit tout retrait de licence fonde sur cet appel.";
"CONSERVER - UTILISEE";"Activite Power BI reelle detectee dans Microsoft Purview Audit.";"LEYENDECKERS, Stefan | Heinze";"stefan.leyendeckers@infopro-digital.com";"Stefan.Leyendeckers@heinze.de";"True";"Member";"Power BI Pro";"POWER_BI_PRO | POWER_BI_STANDARD | STANDARDPACK";"02/12/2025 14:59:26 +01:00";"True";"28/05/2026 10:55:18 +02:00";"26/08/2026 10:55:18 +02:00";"7";"10/08/2026 08:33:36 +02:00";"16";"ViewReport";"True";"Non requise - activite Purview trouvee";"False";"27/07/2026 10:55:18 +02:00";"30";"0";"30";"10/08/2026 14:36:54 +02:00";"10/08/2026 14:36:54 +02:00";;;;"HTTP 410 - ressource ou lien de pagination Graph expire/non disponible. Appel : GET /beta/auditLogs/signIns. Le controle correspondant est incomplet et interdit tout retrait de licence fonde sur cet appel.";
"CONSERVER - UTILISEE";"Activite Power BI reelle detectee dans Microsoft Purview Audit.";"ROZOK, Stefan | Heinze";"stefan.rozok@infopro-digital.com";"Stefan.Rozok@heinze.de";"True";"Member";"Power BI Pro";"ENTERPRISEPACK | FLOW_FREE | POWER_BI_PRO | POWER_BI_STANDARD";"27/06/2025 12:25:35 +02:00";"True";"28/05/2026 10:55:18 +02:00";"26/08/2026 10:55:18 +02:00";"81";"04/08/2026 08:26:51 +02:00";"22";"GetSnapshots";"True";"Non requise - activite Purview trouvee";"False";"27/07/2026 10:55:18 +02:00";"128";"0";"128";"26/08/2026 10:32:41 +02:00";"26/08/2026 10:32:41 +02:00";;;;"HTTP 410 - ressource ou lien de pagination Graph expire/non disponible. Appel : GET /beta/auditLogs/signIns. Le controle correspondant est incomplet et interdit tout retrait de licence fonde sur cet appel.";
"CONSERVER - UTILISEE";"Activite Power BI reelle detectee dans Microsoft Purview Audit.";"DIERKING, Steffi | Heinze";"steffi.dierking@infopro-digital.com";"Steffi.Dierking@heinze.de";"True";"Member";"Power BI Pro";"FLOW_FREE | POWER_BI_PRO | POWER_BI_STANDARD | STANDARDPACK";"30/06/2025 13:59:59 +02:00";"True";"28/05/2026 10:55:18 +02:00";"26/08/2026 10:55:18 +02:00";"30";"17/08/2026 06:13:15 +02:00";"9";"ViewReport";"True";"Non requise - activite Purview trouvee";"False";"27/07/2026 10:55:18 +02:00";"24";"0";"24";"17/08/2026 07:14:56 +02:00";"17/08/2026 07:14:56 +02:00";;;;"HTTP 410 - ressource ou lien de pagination Graph expire/non disponible. Appel : GET /beta/auditLogs/signIns. Le controle correspondant est incomplet et interdit tout retrait de licence fonde sur cet appel.";
"CONSERVER - UTILISEE";"Activite Power BI reelle detectee dans Microsoft Purview Audit.";"Stella Farrington";"stella.farrington@infopro-digital.com";"stella.farrington@infopro-digital.com";"True";"Member";"Power BI Pro";"DYN365_BUSCENTRAL_TEAM_MEMBER | ENTERPRISEPACK | FLOW_FREE | MCOEV | POWER_BI_PRO | POWER_BI_STANDARD";"07/10/2025 15:07:22 +02:00";"True";"28/05/2026 10:55:18 +02:00";"26/08/2026 10:55:18 +02:00";"2";"14/08/2026 21:14:35 +02:00";"11";"GetSnapshots";"True";"Non requise - activite Purview trouvee";"False";"27/07/2026 10:55:18 +02:00";"28";"0";"28";"14/08/2026 21:14:37 +02:00";"14/08/2026 21:14:37 +02:00";;;;"HTTP 410 - ressource ou lien de pagination Graph expire/non disponible. Appel : GET /beta/auditLogs/signIns. Le controle correspondant est incomplet et interdit tout retrait de licence fonde sur cet appel.";
"CONSERVER - UTILISEE";"Activite Power BI reelle detectee dans Microsoft Purview Audit.";"WESTERMANN, Stephan | BauNetz";"stephan.westermann@infopro-digital.com";"westermann@baunetz.com";"True";"Member";"Power BI Pro";"POWER_BI_PRO | POWER_BI_STANDARD | STANDARDPACK";"28/04/2025 10:10:13 +02:00";"True";"28/05/2026 10:55:18 +02:00";"26/08/2026 10:55:18 +02:00";"123";"24/08/2026 11:48:23 +02:00";"1";"GetSnapshots";"True";"Non requise - activite Purview trouvee";"False";"27/07/2026 10:55:18 +02:00";"242";"0";"242";"24/08/2026 11:48:20 +02:00";"24/08/2026 11:48:20 +02:00";;;;"HTTP 410 - ressource ou lien de pagination Graph expire/non disponible. Appel : GET /beta/auditLogs/signIns. Le controle correspondant est incomplet et interdit tout retrait de licence fonde sur cet appel.";
"CONSERVER - UTILISEE";"Activite Power BI reelle detectee dans Microsoft Purview Audit.";"ANSIEAU, Stephane";"stephane.ansieau@infopro-digital.com";"stephane.ansieau@infopro-digital.com";"True";"Member";"Power BI Pro";"FLOW_FREE | SPE_E5";"17/10/2025 16:28:49 +02:00";"True";"28/05/2026 10:55:18 +02:00";"26/08/2026 10:55:18 +02:00";"151";"22/07/2026 18:02:25 +02:00";"34";"GenerateCustomVisualAADAccessToken";"True";"Non requise - activite Purview trouvee";"False";"27/07/2026 10:55:18 +02:00";"28";"2";"26";"26/08/2026 11:38:41 +02:00";"25/08/2026 12:16:59 +02:00";"26/08/2026 11:38:41 +02:00";;;"HTTP 410 - ressource ou lien de pagination Graph expire/non disponible. Appel : GET /beta/auditLogs/signIns. Le controle correspondant est incomplet et interdit tout retrait de licence fonde sur cet appel.";
"CONSERVER - UTILISEE";"Activite Power BI reelle detectee dans Microsoft Purview Audit.";"PHILIP, Stephane";"stephane.philip@infopro-digital.com";"stephane.philip@infopro-digital.com";"True";"Member";"Power BI Pro";"ENTERPRISEPACK | FLOW_FREE | POWER_BI_PRO | POWER_BI_STANDARD";"29/07/2024 12:11:05 +02:00";"True";"28/05/2026 10:55:18 +02:00";"26/08/2026 10:55:18 +02:00";"12";"06/08/2026 11:54:27 +02:00";"19";"ViewReport";"True";"Non requise - activite Purview trouvee";"False";"27/07/2026 10:55:18 +02:00";"46";"0";"46";"06/08/2026 12:24:17 +02:00";"06/08/2026 12:24:17 +02:00";;;;"HTTP 410 - ressource ou lien de pagination Graph expire/non disponible. Appel : GET /beta/auditLogs/signIns. Le controle correspondant est incomplet et interdit tout retrait de licence fonde sur cet appel.";
"CONSERVER - UTILISEE";"Activite Power BI reelle detectee dans Microsoft Purview Audit.";"GAY-TORRENTE, Stephanie";"stephanie.gay-torrente@infopro-digital.com";"stephanie.gay-torrente@infopro-digital.com";"True";"Member";"Power BI Pro";"FLOW_FREE | POWER_BI_STANDARD | SPE_E5";"28/10/2025 10:47:19 +01:00";"True";"28/05/2026 10:55:18 +02:00";"26/08/2026 10:55:18 +02:00";"5";"29/06/2026 17:37:04 +02:00";"57";"GenerateCustomVisualAADAccessToken";"True";"Non requise - activite Purview trouvee";"False";"27/07/2026 10:55:18 +02:00";"21";"0";"21";"24/08/2026 18:10:00 +02:00";"24/08/2026 18:10:00 +02:00";;;;"HTTP 410 - ressource ou lien de pagination Graph expire/non disponible. Appel : GET /beta/auditLogs/signIns. Le controle correspondant est incomplet et interdit tout retrait de licence fonde sur cet appel.";
"CONSERVER - UTILISEE";"Activite Power BI reelle detectee dans Microsoft Purview Audit.";"MALARET, Stephanie";"stephanie.malaret@infopro-digital.com";"stephanie.malaret@infopro-digital.com";"True";"Member";"Power BI Pro";"ENTERPRISEPACK | FLOW_FREE | POWER_BI_PRO | POWER_BI_STANDARD | POWERAPPS_VIRAL";"21/04/2020 11:30:20 +02:00";"True";"28/05/2026 10:55:18 +02:00";"26/08/2026 10:55:18 +02:00";"221";"20/08/2026 15:13:49 +02:00";"5";"ViewReport";"True";"Non requise - activite Purview trouvee";"False";"27/07/2026 10:55:18 +02:00";"270";"0";"270";"21/08/2026 12:44:41 +02:00";"21/08/2026 12:44:41 +02:00";;;;"HTTP 410 - ressource ou lien de pagination Graph expire/non disponible. Appel : GET /beta/auditLogs/signIns. Le controle correspondant est incomplet et interdit tout retrait de licence fonde sur cet appel.";
"CONSERVER - UTILISEE";"Activite Power BI reelle detectee dans Microsoft Purview Audit.";"ROGER, Stéphanie (TUN)";"stephanie.roger@infopro-digital.com";"stephanie.roger@infopro-digital.com";"True";"Member";"Power BI Pro";"ENTERPRISEPACK | FLOW_FREE | POWER_BI_PRO | POWER_BI_STANDARD";"07/04/2026 16:44:43 +02:00";"True";"28/05/2026 10:55:18 +02:00";"26/08/2026 10:55:18 +02:00";"2";"23/07/2026 10:29:44 +02:00";"34";"ViewReport";"True";"Non requise - activite Purview trouvee";"False";"27/07/2026 10:55:18 +02:00";"11";"0";"11";"22/08/2026 16:09:28 +02:00";"22/08/2026 16:09:28 +02:00";;;;"HTTP 410 - ressource ou lien de pagination Graph expire/non disponible. Appel : GET /beta/auditLogs/signIns. Le controle correspondant est incomplet et interdit tout retrait de licence fonde sur cet appel.";
"CONSERVER - UTILISEE";"Activite Power BI reelle detectee dans Microsoft Purview Audit.";"ANDRIANIRINAHARISOA, Steve";"steve.andrianirinaharisoa@infopro-digital.com";"steve.andriani@infopro-digital.com";"True";"Member";"Power BI Pro";"POWER_BI_PRO | POWER_BI_STANDARD | STANDARDPACK";"29/06/2026 10:56:47 +02:00";"True";"28/05/2026 10:55:18 +02:00";"26/08/2026 10:55:18 +02:00";"121";"25/08/2026 14:05:55 +02:00";"0";"ViewReport";"True";"Non requise - activite Purview trouvee";"False";"27/07/2026 10:55:18 +02:00";"576";"0";"576";"26/08/2026 10:37:39 +02:00";"26/08/2026 10:37:39 +02:00";;;;"HTTP 410 - ressource ou lien de pagination Graph expire/non disponible. Appel : GET /beta/auditLogs/signIns. Le controle correspondant est incomplet et interdit tout retrait de licence fonde sur cet appel.";
"CONSERVER - UTILISEE";"Activite Power BI reelle detectee dans Microsoft Purview Audit.";"GRACA MARQUES, Steven";"steven.graca-marques@infopro-digital.com";"steven.graca-marques@infopro-digital.com";"True";"Member";"Power BI Pro";"FLOW_FREE | POWER_BI_PRO | POWER_BI_STANDARD | STANDARDPACK";"08/04/2024 14:16:51 +02:00";"True";"28/05/2026 10:55:18 +02:00";"26/08/2026 10:55:18 +02:00";"8";"27/07/2026 15:13:23 +02:00";"29";"ViewReport";"True";"Non requise - activite Purview trouvee";"False";"27/07/2026 10:55:18 +02:00";"36";"0";"36";"24/08/2026 10:28:32 +02:00";"24/08/2026 10:28:32 +02:00";;;;"HTTP 410 - ressource ou lien de pagination Graph expire/non disponible. Appel : GET /beta/auditLogs/signIns. Le controle correspondant est incomplet et interdit tout retrait de licence fonde sur cet appel.";
"CONSERVER - UTILISEE";"Activite Power BI reelle detectee dans Microsoft Purview Audit.";"Susana Rodriguez";"susana.rodriguez@infopro-digital.com";"susana.rodriguez@infopro-digital.com";"True";"Member";"Power BI Pro";"ENTERPRISEPACK | FLOW_FREE | MCOEV | Microsoft_Teams_Audio_Conferencing_select_dial_out | POWER_BI_PRO | POWER_BI_STANDARD";"19/05/2025 11:50:38 +02:00";"True";"28/05/2026 10:55:18 +02:00";"26/08/2026 10:55:18 +02:00";"204";"25/08/2026 21:26:38 +02:00";"0";"ViewReport";"True";"Non requise - activite Purview trouvee";"False";"27/07/2026 10:55:18 +02:00";"514";"0";"514";"25/08/2026 22:29:32 +02:00";"25/08/2026 22:29:32 +02:00";;;;"HTTP 410 - ressource ou lien de pagination Graph expire/non disponible. Appel : GET /beta/auditLogs/signIns. Le controle correspondant est incomplet et interdit tout retrait de licence fonde sur cet appel.";
"CONSERVER - UTILISEE";"Activite Power BI reelle detectee dans Microsoft Purview Audit.";"DURAND, Suzanne";"suzanne.durand@infopro-digital.com";"suzanne.durand@infopro-digital.com";"True";"Member";"Power BI Pro";"FLOW_FREE | MCOEV | POWER_BI_PRO | POWER_BI_STANDARD | SMB_APPS | SPE_E3";"13/01/2023 15:27:36 +01:00";"True";"28/05/2026 10:55:18 +02:00";"26/08/2026 10:55:18 +02:00";"6";"03/08/2026 14:40:53 +02:00";"22";"ViewReport";"True";"Non requise - activite Purview trouvee";"False";"27/07/2026 10:55:18 +02:00";"28";"0";"28";"25/08/2026 02:03:38 +02:00";"25/08/2026 02:03:38 +02:00";;;;"HTTP 410 - ressource ou lien de pagination Graph expire/non disponible. Appel : GET /beta/auditLogs/signIns. Le controle correspondant est incomplet et interdit tout retrait de licence fonde sur cet appel.";
"CONSERVER - UTILISEE";"Activite Power BI reelle detectee dans Microsoft Purview Audit.";"svc_azure_barbour_abi";"svc_azure_barbour_abi@infopro-digital.com";"svc_azure_barbour_abi@infopro-digital.com";"True";"Member";"Power BI Pro";"POWER_BI_PRO";"18/11/2025 16:23:01 +01:00";"True";"28/05/2026 10:55:18 +02:00";"26/08/2026 10:55:18 +02:00";"26";"12/06/2026 22:07:21 +02:00";"74";"UpgradeReportToPBIR";"True";"Non requise - activite Purview trouvee";"False";"27/07/2026 10:55:18 +02:00";"417";"0";"417";"26/08/2026 11:10:12 +02:00";"26/08/2026 11:10:12 +02:00";;;;"HTTP 410 - ressource ou lien de pagination Graph expire/non disponible. Appel : GET /beta/auditLogs/signIns. Le controle correspondant est incomplet et interdit tout retrait de licence fonde sur cet appel.";
"CONSERVER - UTILISEE";"Activite Power BI reelle detectee dans Microsoft Purview Audit.";"ARNULF, Sylvain";"sylvain.arnulf@usine-digitale.fr";"sylvain.arnulf@usinenouvelle.com";"True";"Member";"Power BI Pro";"FLOW_FREE | POWER_BI_PRO | POWER_BI_STANDARD | STANDARDPACK";"23/06/2023 10:33:31 +02:00";"True";"28/05/2026 10:55:18 +02:00";"26/08/2026 10:55:18 +02:00";"5";"09/08/2026 20:38:02 +02:00";"16";"GetSnapshots";"True";"Non requise - activite Purview trouvee";"False";"27/07/2026 10:55:18 +02:00";"29";"0";"29";"10/08/2026 11:30:57 +02:00";"10/08/2026 11:30:57 +02:00";;;;"HTTP 410 - ressource ou lien de pagination Graph expire/non disponible. Appel : GET /beta/auditLogs/signIns. Le controle correspondant est incomplet et interdit tout retrait de licence fonde sur cet appel.";
"CONSERVER - UTILISEE";"Activite Power BI reelle detectee dans Microsoft Purview Audit.";"FRANCOIS, Sylvain";"sylvain.francois@etai.fr";"sylvain.francois@infopro-digital.com";"True";"Member";"Power BI Pro";"FLOW_FREE | POWER_BI_PRO | POWER_BI_STANDARD | STANDARDPACK";"22/12/2025 12:30:32 +01:00";"True";"28/05/2026 10:55:18 +02:00";"26/08/2026 10:55:18 +02:00";"22";"10/08/2026 15:23:30 +02:00";"15";"ViewReport";"True";"Non requise - activite Purview trouvee";"False";"27/07/2026 10:55:18 +02:00";"31";"0";"31";"10/08/2026 16:19:36 +02:00";"10/08/2026 16:19:36 +02:00";;;;"HTTP 410 - ressource ou lien de pagination Graph expire/non disponible. Appel : GET /beta/auditLogs/signIns. Le controle correspondant est incomplet et interdit tout retrait de licence fonde sur cet appel.";
"CONSERVER - UTILISEE";"Activite Power BI reelle detectee dans Microsoft Purview Audit.";"PAUCOD, Sylvain";"sylvain.paucod@etai.fr";"sylvain.paucod@etai.fr";"True";"Member";"Power BI Pro";"FLOW_FREE | POWER_BI_PRO | POWER_BI_STANDARD | STANDARDPACK | STREAM";"25/06/2018 14:52:46 +02:00";"True";"28/05/2026 10:55:18 +02:00";"26/08/2026 10:55:18 +02:00";"30";"24/08/2026 09:35:47 +02:00";"2";"ViewReport";"True";"Non requise - activite Purview trouvee";"False";"27/07/2026 10:55:18 +02:00";"140";"3";"137";"25/08/2026 13:10:25 +02:00";"25/08/2026 13:10:25 +02:00";"25/08/2026 13:09:22 +02:00";;;"HTTP 410 - ressource ou lien de pagination Graph expire/non disponible. Appel : GET /beta/auditLogs/signIns. Le controle correspondant est incomplet et interdit tout retrait de licence fonde sur cet appel.";
"CONSERVER - UTILISEE";"Activite Power BI reelle detectee dans Microsoft Purview Audit.";"GAUDY, Sylvie";"sylvie.gaudy@infopro-digital.com";"sylvie.gaudy@infopro-digital.com";"True";"Member";"Power BI Pro";"ENTERPRISEPACK | FLOW_FREE | POWER_BI_PRO | POWER_BI_STANDARD";"27/06/2024 11:24:15 +02:00";"True";"28/05/2026 10:55:18 +02:00";"26/08/2026 10:55:18 +02:00";"50";"20/07/2026 11:00:02 +02:00";"36";"ExportArtifactDownload";"True";"Non requise - activite Purview trouvee";"False";"27/07/2026 10:55:18 +02:00";"14";"0";"14";"24/08/2026 20:39:35 +02:00";"24/08/2026 20:39:35 +02:00";;;;"HTTP 410 - ressource ou lien de pagination Graph expire/non disponible. Appel : GET /beta/auditLogs/signIns. Le controle correspondant est incomplet et interdit tout retrait de licence fonde sur cet appel.";
"CONSERVER - UTILISEE";"Activite Power BI reelle detectee dans Microsoft Purview Audit.";"MAKUNZA, Sylvie";"sylvie.makunza@infopro-digital.com";"sylvie.makunza@infopro-digital.com";"True";"Member";"Power BI Pro";"FLOW_FREE | POWER_BI_PRO | POWER_BI_STANDARD | STANDARDPACK";"27/09/2021 16:53:03 +02:00";"True";"28/05/2026 10:55:18 +02:00";"26/08/2026 10:55:18 +02:00";"121";"04/08/2026 17:10:39 +02:00";"21";"ViewReport";"True";"Non requise - activite Purview trouvee";"False";"27/07/2026 10:55:18 +02:00";"104";"0";"104";"24/08/2026 12:14:58 +02:00";"24/08/2026 12:14:58 +02:00";;;;"HTTP 410 - ressource ou lien de pagination Graph expire/non disponible. Appel : GET /beta/auditLogs/signIns. Le controle correspondant est incomplet et interdit tout retrait de licence fonde sur cet appel.";
"CONSERVER - UTILISEE";"Activite Power BI reelle detectee dans Microsoft Purview Audit.";"ROTH, Tanja | Heinze";"tanja.roth@infopro-digital.com";"Tanja.Roth@heinze.de";"True";"Member";"Power BI Pro";"FLOW_FREE | POWER_BI_PRO | POWER_BI_STANDARD | STANDARDPACK";"15/04/2025 11:01:28 +02:00";"True";"28/05/2026 10:55:18 +02:00";"26/08/2026 10:55:18 +02:00";"48";"29/07/2026 11:59:51 +02:00";"27";"GetSnapshots";"True";"Non requise - activite Purview trouvee";"False";"27/07/2026 10:55:18 +02:00";"30";"0";"30";"19/08/2026 20:55:14 +02:00";"19/08/2026 20:55:14 +02:00";;;;"HTTP 410 - ressource ou lien de pagination Graph expire/non disponible. Appel : GET /beta/auditLogs/signIns. Le controle correspondant est incomplet et interdit tout retrait de licence fonde sur cet appel.";
"CONSERVER - UTILISEE";"Activite Power BI reelle detectee dans Microsoft Purview Audit.";"Teddi Muduroglu (EXT)";"Teddi.Muduroglu@infopro-digital.com";"Teddi.Muduroglu@infopro-digital.com";"True";"Member";"Power BI Pro";"POWER_BI_PRO | STANDARDPACK";"22/05/2026 10:41:07 +02:00";"True";"28/05/2026 10:55:18 +02:00";"26/08/2026 10:55:18 +02:00";"42";"20/08/2026 10:04:30 +02:00";"6";"ViewReport";"True";"Non requise - activite Purview trouvee";"False";"27/07/2026 10:55:18 +02:00";"278";"0";"278";"24/08/2026 12:00:18 +02:00";"24/08/2026 12:00:18 +02:00";;;;"HTTP 410 - ressource ou lien de pagination Graph expire/non disponible. Appel : GET /beta/auditLogs/signIns. Le controle correspondant est incomplet et interdit tout retrait de licence fonde sur cet appel.";
"CONSERVER - UTILISEE";"Activite Power BI reelle detectee dans Microsoft Purview Audit.";"Temour Machmouchi";"Temour.Machmouchi@infopro-digital.com";"temour@infopro-digital.com";"True";"Member";"Power BI Pro";"ENTERPRISEPACK | FLOW_FREE | MCOEV | POWER_BI_PRO | POWER_BI_STANDARD";"10/02/2026 17:23:17 +01:00";"True";"28/05/2026 10:55:18 +02:00";"26/08/2026 10:55:18 +02:00";"33";"25/08/2026 11:42:33 +02:00";"0";"ViewReport";"True";"Non requise - activite Purview trouvee";"False";"27/07/2026 10:55:18 +02:00";"61";"0";"61";"25/08/2026 11:42:36 +02:00";"25/08/2026 11:42:36 +02:00";;;;"HTTP 410 - ressource ou lien de pagination Graph expire/non disponible. Appel : GET /beta/auditLogs/signIns. Le controle correspondant est incomplet et interdit tout retrait de licence fonde sur cet appel.";
"CONSERVER - UTILISEE";"Activite Power BI reelle detectee dans Microsoft Purview Audit.";"Temple Ojutalayo Asaju";"TempleOjutalayo.Asaju@infopro-digital.com";"temple.asaju@centralbanking.com";"True";"Member";"Power BI Pro";"ENTERPRISEPACK | FLOW_FREE | MCOEV | POWER_BI_PRO";"11/03/2026 16:31:09 +01:00";"True";"28/05/2026 10:55:18 +02:00";"26/08/2026 10:55:18 +02:00";"4";"19/08/2026 17:12:59 +02:00";"6";"ViewReport";"True";"Non requise - activite Purview trouvee";"False";"27/07/2026 10:55:18 +02:00";"17";"0";"17";"24/08/2026 11:13:23 +02:00";"24/08/2026 11:13:23 +02:00";;;;"HTTP 410 - ressource ou lien de pagination Graph expire/non disponible. Appel : GET /beta/auditLogs/signIns. Le controle correspondant est incomplet et interdit tout retrait de licence fonde sur cet appel.";
"CONSERVER - UTILISEE";"Activite Power BI reelle detectee dans Microsoft Purview Audit.";"KIRION, Theo";"theo.kirion@inovaxo.fr";"theo.kirion@inovaxo.fr";"True";"Member";"Power BI Pro";"ENTERPRISEPACK | FLOW_FREE | POWER_BI_PRO | POWER_BI_STANDARD";"11/08/2026 14:57:24 +02:00";"True";"28/05/2026 10:55:18 +02:00";"26/08/2026 10:55:18 +02:00";"437";"25/08/2026 16:53:23 +02:00";"0";"ViewReport";"True";"Non requise - activite Purview trouvee";"False";"27/07/2026 10:55:18 +02:00";"515";"0";"515";"25/08/2026 16:53:24 +02:00";"25/08/2026 16:53:24 +02:00";;;;"HTTP 410 - ressource ou lien de pagination Graph expire/non disponible. Appel : GET /beta/auditLogs/signIns. Le controle correspondant est incomplet et interdit tout retrait de licence fonde sur cet appel.";
"CONSERVER - UTILISEE";"Activite Power BI reelle detectee dans Microsoft Purview Audit.";"DE JAEGHER, Thibaut";"thibaut.de-jaegher@infopro-digital.com";"thibaut.de-jaegher@infopro-digital.com";"True";"Member";"Power BI Pro";"ENTERPRISEPACK | FLOW_FREE | POWER_BI_PRO | POWER_BI_STANDARD";"25/07/2025 11:28:13 +02:00";"True";"28/05/2026 10:55:18 +02:00";"26/08/2026 10:55:18 +02:00";"12";"30/07/2026 15:09:25 +02:00";"26";"ViewReport";"True";"Non requise - activite Purview trouvee";"False";"27/07/2026 10:55:18 +02:00";"29";"0";"29";"20/08/2026 17:00:23 +02:00";"20/08/2026 17:00:23 +02:00";;;;"HTTP 410 - ressource ou lien de pagination Graph expire/non disponible. Appel : GET /beta/auditLogs/signIns. Le controle correspondant est incomplet et interdit tout retrait de licence fonde sur cet appel.";
"CONSERVER - UTILISEE";"Activite Power BI reelle detectee dans Microsoft Purview Audit.";"ALVES DE OLIVEIRA, Thierry";"thierry.alves@etai.fr";"thierry.alves@infopro-digital.com";"True";"Member";"Power BI Pro";"FLOW_FREE | Microsoft_Teams_Audio_Conferencing_select_dial_out | SPE_E5 | STREAM";"31/07/2025 15:17:07 +02:00";"True";"28/05/2026 10:55:18 +02:00";"26/08/2026 10:55:18 +02:00";"220";"14/08/2026 10:34:14 +02:00";"12";"ViewReport";"True";"Non requise - activite Purview trouvee";"False";"27/07/2026 10:55:18 +02:00";"200";"0";"200";"14/08/2026 10:34:20 +02:00";"14/08/2026 10:34:20 +02:00";;;;"HTTP 410 - ressource ou lien de pagination Graph expire/non disponible. Appel : GET /beta/auditLogs/signIns. Le controle correspondant est incomplet et interdit tout retrait de licence fonde sur cet appel.";
"CONSERVER - UTILISEE";"Activite Power BI reelle detectee dans Microsoft Purview Audit.";"BERNARD, Thomas";"thomas.bernard@infopro-digital.com";"tbernard@companeo.com";"True";"Member";"Power BI Pro";"FLOW_FREE | SPE_E5";"31/07/2025 15:47:01 +02:00";"True";"28/05/2026 10:55:18 +02:00";"26/08/2026 10:55:18 +02:00";"5";"03/08/2026 08:51:22 +02:00";"23";"GetSnapshots";"True";"Non requise - activite Purview trouvee";"False";"27/07/2026 10:55:18 +02:00";"25";"0";"25";"24/08/2026 18:22:25 +02:00";"24/08/2026 18:22:25 +02:00";;;;"HTTP 410 - ressource ou lien de pagination Graph expire/non disponible. Appel : GET /beta/auditLogs/signIns. Le controle correspondant est incomplet et interdit tout retrait de licence fonde sur cet appel.";
"CONSERVER - UTILISEE";"Activite Power BI reelle detectee dans Microsoft Purview Audit.";"DAUN, Thomas | BauNetz";"thomas.daun@infopro-digital.com";"daun@baunetz.com";"True";"Member";"Power BI Pro";"ENTERPRISEPACK | FLOW_FREE | POWER_BI_PRO | POWER_BI_STANDARD";"30/06/2025 13:59:59 +02:00";"True";"28/05/2026 10:55:18 +02:00";"26/08/2026 10:55:18 +02:00";"7";"10/08/2026 16:26:19 +02:00";"15";"ViewReport";"True";"Non requise - activite Purview trouvee";"False";"27/07/2026 10:55:18 +02:00";"89";"0";"89";"10/08/2026 15:30:34 +02:00";"10/08/2026 15:30:34 +02:00";;;;"HTTP 410 - ressource ou lien de pagination Graph expire/non disponible. Appel : GET /beta/auditLogs/signIns. Le controle correspondant est incomplet et interdit tout retrait de licence fonde sur cet appel.";
"CONSERVER - UTILISEE";"Activite Power BI reelle detectee dans Microsoft Purview Audit.";"EMMING, Thomas";"thomas.emming@infopro-digital.com";"thomas.emming@infopro-digital.com";"True";"Member";"Power BI Pro";"ENTERPRISEPACK | POWER_BI_PRO | POWER_BI_STANDARD";"15/04/2026 09:35:11 +02:00";"True";"28/05/2026 10:55:18 +02:00";"26/08/2026 10:55:18 +02:00";"120";"24/08/2026 10:58:36 +02:00";"1";"ViewReport";"True";"Non requise - activite Purview trouvee";"False";"27/07/2026 10:55:18 +02:00";"180";"0";"180";"24/08/2026 11:58:40 +02:00";"24/08/2026 11:58:40 +02:00";;;;"HTTP 410 - ressource ou lien de pagination Graph expire/non disponible. Appel : GET /beta/auditLogs/signIns. Le controle correspondant est incomplet et interdit tout retrait de licence fonde sur cet appel.";
"CONSERVER - UTILISEE";"Activite Power BI reelle detectee dans Microsoft Purview Audit.";"Thomas Henry";"thomas.henry@infopro-digital.com";"thomas.henry@infopro-digital.com";"True";"Member";"Power BI Pro";"DYN365_BUSCENTRAL_ESSENTIAL | ENTERPRISEPACK | FLOW_FREE | MCOEV | POWER_BI_PRO | POWER_BI_STANDARD";"05/05/2023 15:18:43 +02:00";"True";"28/05/2026 10:55:18 +02:00";"26/08/2026 10:55:18 +02:00";"145";"25/08/2026 12:11:17 +02:00";"0";"ViewReport";"True";"Non requise - activite Purview trouvee";"False";"27/07/2026 10:55:18 +02:00";"203";"0";"203";"25/08/2026 12:11:18 +02:00";"25/08/2026 12:11:18 +02:00";;;;"HTTP 410 - ressource ou lien de pagination Graph expire/non disponible. Appel : GET /beta/auditLogs/signIns. Le controle correspondant est incomplet et interdit tout retrait de licence fonde sur cet appel.";
"CONSERVER - UTILISEE";"Activite Power BI reelle detectee dans Microsoft Purview Audit.";"HÜBERT, Thomas | Heinze";"thomas.huebert@infopro-digital.com";"Thomas.Huebert@heinze.de";"True";"Member";"Power BI Pro";"FLOW_FREE | POWER_BI_PRO | POWER_BI_STANDARD | STANDARDPACK";"15/04/2025 11:01:34 +02:00";"True";"28/05/2026 10:55:18 +02:00";"26/08/2026 10:55:18 +02:00";"1";"01/06/2026 07:08:23 +02:00";"86";"ViewReport";"True";"Non requise - activite Purview trouvee";"False";"27/07/2026 10:55:18 +02:00";"7";"0";"7";"30/07/2026 13:24:49 +02:00";"30/07/2026 13:24:49 +02:00";;;;"HTTP 410 - ressource ou lien de pagination Graph expire/non disponible. Appel : GET /beta/auditLogs/signIns. Le controle correspondant est incomplet et interdit tout retrait de licence fonde sur cet appel.";
"CONSERVER - UTILISEE";"Activite Power BI reelle detectee dans Microsoft Purview Audit.";"Thomas Lake";"Thomas.Lake@infopro-digital.com";"thomas.lake@infopro-digital.com";"True";"Member";"Power BI Pro";"CCIBOTS_PRIVPREV_VIRAL | DYN365_BUSCENTRAL_TEAM_MEMBER | ENTERPRISEPACK | FLOW_FREE | MCOEV | POWER_BI_PRO | POWER_BI_STANDARD | STREAM";"29/11/2023 12:12:29 +01:00";"True";"28/05/2026 10:55:18 +02:00";"26/08/2026 10:55:18 +02:00";"20";"06/08/2026 20:50:11 +02:00";"19";"ViewReport";"True";"Non requise - activite Purview trouvee";"False";"27/07/2026 10:55:18 +02:00";"24";"0";"24";"06/08/2026 20:50:19 +02:00";"06/08/2026 20:50:19 +02:00";;;;"HTTP 410 - ressource ou lien de pagination Graph expire/non disponible. Appel : GET /beta/auditLogs/signIns. Le controle correspondant est incomplet et interdit tout retrait de licence fonde sur cet appel.";
"CONSERVER - UTILISEE";"Activite Power BI reelle detectee dans Microsoft Purview Audit.";"Thomas McPherson";"thomas.mcpherson@barbour-abi.com";"thomas.mcpherson@barbour-abi.com";"True";"Member";"Power BI Pro";"ENTERPRISEPACK | FLOW_FREE | POWER_BI_PRO | POWER_BI_STANDARD";"16/03/2026 10:40:00 +01:00";"True";"28/05/2026 10:55:18 +02:00";"26/08/2026 10:55:18 +02:00";"170";"26/08/2026 10:21:07 +02:00";"0";"ViewReport";"True";"Non requise - activite Purview trouvee";"False";"27/07/2026 10:55:18 +02:00";"436";"0";"436";"26/08/2026 10:40:14 +02:00";"26/08/2026 10:40:14 +02:00";;;;"HTTP 410 - ressource ou lien de pagination Graph expire/non disponible. Appel : GET /beta/auditLogs/signIns. Le controle correspondant est incomplet et interdit tout retrait de licence fonde sur cet appel.";
"CONSERVER - UTILISEE";"Activite Power BI reelle detectee dans Microsoft Purview Audit.";"MICHALZIK, Thomas";"Thomas.Michalzik@infopro-digital.com";"thomas.michalzik@infopro-digital.com";"True";"Member";"Power BI Pro";"ENTERPRISEPACK | FLOW_FREE | POWER_BI_PRO | POWER_BI_STANDARD";"02/06/2025 16:35:11 +02:00";"True";"28/05/2026 10:55:18 +02:00";"26/08/2026 10:55:18 +02:00";"22";"17/08/2026 16:15:58 +02:00";"8";"ViewReport";"True";"Non requise - activite Purview trouvee";"False";"27/07/2026 10:55:18 +02:00";"63";"0";"63";"17/08/2026 16:16:05 +02:00";"17/08/2026 16:16:05 +02:00";;;;"HTTP 410 - ressource ou lien de pagination Graph expire/non disponible. Appel : GET /beta/auditLogs/signIns. Le controle correspondant est incomplet et interdit tout retrait de licence fonde sur cet appel.";
"CONSERVER - UTILISEE";"Activite Power BI reelle detectee dans Microsoft Purview Audit.";"NOLLET, Thomas";"thomas.nollet@infopro-digital.com";"thomas.nollet@infopro-digital.com";"True";"Member";"Power BI Pro";"ENTERPRISEPACK | FLOW_FREE | POWER_BI_PRO | POWER_BI_STANDARD";"16/10/2025 17:16:45 +02:00";"True";"28/05/2026 10:55:18 +02:00";"26/08/2026 10:55:18 +02:00";"16";"27/07/2026 18:46:19 +02:00";"29";"ViewReport";"True";"Non requise - activite Purview trouvee";"False";"27/07/2026 10:55:18 +02:00";"21";"0";"21";"25/08/2026 03:08:30 +02:00";"25/08/2026 03:08:30 +02:00";;;;"HTTP 410 - ressource ou lien de pagination Graph expire/non disponible. Appel : GET /beta/auditLogs/signIns. Le controle correspondant est incomplet et interdit tout retrait de licence fonde sur cet appel.";
"CONSERVER - UTILISEE";"Activite Power BI reelle detectee dans Microsoft Purview Audit.";"ROUSSEL Thomas";"thomas.roussel@vecteurplus.com";"thomas.roussel@vecteurplus.com";"True";"Member";"Power BI Pro";"ENTERPRISEPACK | FLOW_FREE | POWER_BI_PRO | POWER_BI_STANDARD";"15/04/2026 04:54:04 +02:00";"True";"28/05/2026 10:55:18 +02:00";"26/08/2026 10:55:18 +02:00";"3";"24/08/2026 14:19:14 +02:00";"1";"ViewReport";"True";"Non requise - activite Purview trouvee";"False";"27/07/2026 10:55:18 +02:00";"39";"0";"39";"24/08/2026 14:19:19 +02:00";"24/08/2026 14:19:19 +02:00";;;;"HTTP 410 - ressource ou lien de pagination Graph expire/non disponible. Appel : GET /beta/auditLogs/signIns. Le controle correspondant est incomplet et interdit tout retrait de licence fonde sur cet appel.";
"CONSERVER - UTILISEE";"Activite Power BI reelle detectee dans Microsoft Purview Audit.";"WAGNER, Thomas | Heinze";"thomas.wagner@infopro-digital.com";"Thomas.Wagner@heinze.de";"True";"Member";"Power BI Pro";"ENTERPRISEPACK | FLOW_FREE | POWER_BI_PRO | POWER_BI_STANDARD";"30/06/2025 12:29:58 +02:00";"True";"28/05/2026 10:55:18 +02:00";"26/08/2026 10:55:18 +02:00";"91";"25/08/2026 12:56:57 +02:00";"0";"ViewReport";"True";"Non requise - activite Purview trouvee";"False";"27/07/2026 10:55:18 +02:00";"125";"0";"125";"25/08/2026 13:24:20 +02:00";"25/08/2026 13:24:20 +02:00";;;;"HTTP 410 - ressource ou lien de pagination Graph expire/non disponible. Appel : GET /beta/auditLogs/signIns. Le controle correspondant est incomplet et interdit tout retrait de licence fonde sur cet appel.";
"CONSERVER - UTILISEE";"Activite Power BI reelle detectee dans Microsoft Purview Audit.";"Braszkeit, Tobias";"tobias.braszkeit@infopro-digital.com";"tobias.braszkeit@infopro-digital.com";"True";"Member";"Power BI Pro";"FLOW_FREE | SPE_E5";"01/10/2025 08:49:17 +02:00";"True";"28/05/2026 10:55:18 +02:00";"26/08/2026 10:55:18 +02:00";"62";"07/08/2026 10:13:31 +02:00";"19";"ViewReport";"True";"Non requise - activite Purview trouvee";"False";"27/07/2026 10:55:18 +02:00";"60";"0";"60";"24/08/2026 18:05:05 +02:00";"24/08/2026 18:05:05 +02:00";;;;"HTTP 410 - ressource ou lien de pagination Graph expire/non disponible. Appel : GET /beta/auditLogs/signIns. Le controle correspondant est incomplet et interdit tout retrait de licence fonde sur cet appel.";
"CONSERVER - UTILISEE";"Activite Power BI reelle detectee dans Microsoft Purview Audit.";"ELOUNDOU, Tobie Junior Romeo";"tobie-junior-romeo.eloundou@infopro-digital.com";"tobie-junior-romeo.eloundou@infopro-digital.com";"True";"Member";"Power BI Pro";"FLOW_FREE | POWER_BI_PRO | POWER_BI_STANDARD | STANDARDPACK";"21/01/2025 15:05:40 +01:00";"True";"28/05/2026 10:55:18 +02:00";"26/08/2026 10:55:18 +02:00";"100";"10/08/2026 19:16:39 +02:00";"15";"ViewReport";"True";"Non requise - activite Purview trouvee";"False";"27/07/2026 10:55:18 +02:00";"137";"0";"137";"18/08/2026 14:48:46 +02:00";"18/08/2026 14:48:46 +02:00";"10/08/2026 18:33:22 +02:00";;;"HTTP 410 - ressource ou lien de pagination Graph expire/non disponible. Appel : GET /beta/auditLogs/signIns. Le controle correspondant est incomplet et interdit tout retrait de licence fonde sur cet appel.";
"CONSERVER - UTILISEE";"Activite Power BI reelle detectee dans Microsoft Purview Audit.";"Todd Heligman";"todd.heligman@infopro-digital.com";"todd.heligman@infopro-digital.com";"True";"Member";"Power BI Pro";"ENTERPRISEPACK | FLOW_FREE | MCOEV | POWER_BI_PRO";"31/08/2023 16:25:06 +02:00";"True";"28/05/2026 10:55:18 +02:00";"26/08/2026 10:55:18 +02:00";"193";"25/08/2026 19:58:54 +02:00";"0";"ViewReport";"True";"Non requise - activite Purview trouvee";"False";"27/07/2026 10:55:18 +02:00";"641";"0";"641";"25/08/2026 21:41:22 +02:00";"25/08/2026 21:41:22 +02:00";;;;"HTTP 410 - ressource ou lien de pagination Graph expire/non disponible. Appel : GET /beta/auditLogs/signIns. Le controle correspondant est incomplet et interdit tout retrait de licence fonde sur cet appel.";
"CONSERVER - UTILISEE";"Activite Power BI reelle detectee dans Microsoft Purview Audit.";"Tom Osborn";"tom.osborn@infopro-digital.com";"tom.osborn@infopro-digital.com";"True";"Member";"Power BI Pro";"ENTERPRISEPACK | FLOW_FREE | MCOEV | POWER_BI_PRO | POWER_BI_STANDARD";"16/05/2025 22:31:25 +02:00";"True";"28/05/2026 10:55:18 +02:00";"26/08/2026 10:55:18 +02:00";"29";"04/08/2026 13:24:56 +02:00";"21";"ViewReport";"True";"Non requise - activite Purview trouvee";"False";"27/07/2026 10:55:18 +02:00";"94";"0";"94";"26/08/2026 01:12:14 +02:00";"26/08/2026 01:12:14 +02:00";;;;"HTTP 410 - ressource ou lien de pagination Graph expire/non disponible. Appel : GET /beta/auditLogs/signIns. Le controle correspondant est incomplet et interdit tout retrait de licence fonde sur cet appel.";
"CONSERVER - UTILISEE";"Activite Power BI reelle detectee dans Microsoft Purview Audit.";"MERCIER, Tommy";"tommy.mercier@infopro-digital.com";"tommy.mercier@infopro-digital.com";"True";"Member";"Power BI Pro";"DYN365_BUSCENTRAL_ESSENTIAL | ENTERPRISEPACK | FLOW_FREE | POWER_BI_PRO | POWER_BI_STANDARD";"15/04/2026 09:35:10 +02:00";"True";"28/05/2026 10:55:18 +02:00";"26/08/2026 10:55:18 +02:00";"6";"12/08/2026 15:03:45 +02:00";"13";"GetSnapshots";"True";"Non requise - activite Purview trouvee";"False";"27/07/2026 10:55:18 +02:00";"43";"0";"43";"26/08/2026 02:36:49 +02:00";"26/08/2026 02:36:49 +02:00";;;;"HTTP 410 - ressource ou lien de pagination Graph expire/non disponible. Appel : GET /beta/auditLogs/signIns. Le controle correspondant est incomplet et interdit tout retrait de licence fonde sur cet appel.";
"CONSERVER - UTILISEE";"Activite Power BI reelle detectee dans Microsoft Purview Audit.";"Tony Cancelliere";"tony.cancelliere@infopro-digital.com";"tony.cancelliere@infopro-digital.com";"True";"Member";"Power BI Pro";"DYN365_BUSCENTRAL_ESSENTIAL | ENTERPRISEPACK | FLOW_FREE | POWER_BI_PRO | POWER_BI_STANDARD";"19/01/2024 19:01:11 +01:00";"True";"28/05/2026 10:55:18 +02:00";"26/08/2026 10:55:18 +02:00";"863";"25/08/2026 15:24:13 +02:00";"0";"ViewReport";"True";"Non requise - activite Purview trouvee";"False";"27/07/2026 10:55:18 +02:00";"4693";"1";"4692";"26/08/2026 11:10:05 +02:00";"26/08/2026 11:10:05 +02:00";"25/08/2026 11:00:52 +02:00";;;"HTTP 410 - ressource ou lien de pagination Graph expire/non disponible. Appel : GET /beta/auditLogs/signIns. Le controle correspondant est incomplet et interdit tout retrait de licence fonde sur cet appel.";
"CONSERVER - UTILISEE";"Activite Power BI reelle detectee dans Microsoft Purview Audit.";"Tracey Cotton";"tracey.cotton@barbour-abi.com";"tracey.cotton@barbour-abi.com";"True";"Member";"Power BI Pro";"DYN365_BUSCENTRAL_ESSENTIAL | ENTERPRISEPACK | FLOW_FREE | POWER_BI_PRO | POWER_BI_STANDARD";"01/08/2024 16:02:02 +02:00";"True";"28/05/2026 10:55:18 +02:00";"26/08/2026 10:55:18 +02:00";"234";"26/08/2026 09:30:15 +02:00";"0";"ViewReport";"True";"Non requise - activite Purview trouvee";"False";"27/07/2026 10:55:18 +02:00";"737";"0";"737";"26/08/2026 10:34:32 +02:00";"26/08/2026 10:34:32 +02:00";;;;"HTTP 410 - ressource ou lien de pagination Graph expire/non disponible. Appel : GET /beta/auditLogs/signIns. Le controle correspondant est incomplet et interdit tout retrait de licence fonde sur cet appel.";
"CONSERVER - UTILISEE";"Activite Power BI reelle detectee dans Microsoft Purview Audit.";"Travis Stock";"Travis.Stock@infopro-digital.com";"Travis.Stock@infopro-digital.com";"True";"Member";"Power BI Pro";"ENTERPRISEPACK | MCOEV | POWER_BI_PRO";"15/07/2025 18:06:11 +02:00";"True";"28/05/2026 10:55:18 +02:00";"26/08/2026 10:55:18 +02:00";"115";"25/08/2026 20:20:39 +02:00";"0";"ViewReport";"True";"Non requise - activite Purview trouvee";"False";"27/07/2026 10:55:18 +02:00";"507";"0";"507";"25/08/2026 22:21:07 +02:00";"25/08/2026 22:21:07 +02:00";;;;"HTTP 410 - ressource ou lien de pagination Graph expire/non disponible. Appel : GET /beta/auditLogs/signIns. Le controle correspondant est incomplet et interdit tout retrait de licence fonde sur cet appel.";
"CONSERVER - UTILISEE";"Activite Power BI reelle detectee dans Microsoft Purview Audit.";"Tweety Tam";"Tweety.Tam@infopro-digital.com";"Tweety.Tam@infopro-digital.com";"True";"Member";"Power BI Pro";"ENTERPRISEPACK | POWER_BI_PRO | POWER_BI_STANDARD";"30/06/2025 13:59:59 +02:00";"True";"28/05/2026 10:55:18 +02:00";"26/08/2026 10:55:18 +02:00";"204";"26/08/2026 09:00:22 +02:00";"0";"ViewReport";"True";"Non requise - activite Purview trouvee";"False";"27/07/2026 10:55:18 +02:00";"522";"0";"522";"26/08/2026 11:02:04 +02:00";"26/08/2026 11:02:04 +02:00";;;;"HTTP 410 - ressource ou lien de pagination Graph expire/non disponible. Appel : GET /beta/auditLogs/signIns. Le controle correspondant est incomplet et interdit tout retrait de licence fonde sur cet appel.";
"CONSERVER - UTILISEE";"Activite Power BI reelle detectee dans Microsoft Purview Audit.";"FAHNING, Ulrich | Heinze";"ulrich.fahning@infopro-digital.com";"ulrich.fahning@heinze.de";"True";"Member";"Power BI Pro";"POWER_BI_PRO | POWER_BI_STANDARD | STANDARDPACK";"15/04/2025 11:01:30 +02:00";"True";"28/05/2026 10:55:18 +02:00";"26/08/2026 10:55:18 +02:00";"166";"26/08/2026 07:08:53 +02:00";"0";"ViewReport";"True";"Non requise - activite Purview trouvee";"False";"27/07/2026 10:55:18 +02:00";"433";"0";"433";"26/08/2026 07:08:59 +02:00";"26/08/2026 07:08:59 +02:00";;;;"HTTP 410 - ressource ou lien de pagination Graph expire/non disponible. Appel : GET /beta/auditLogs/signIns. Le controle correspondant est incomplet et interdit tout retrait de licence fonde sur cet appel.";
"CONSERVER - UTILISEE";"Activite Power BI reelle detectee dans Microsoft Purview Audit.";"ASHFAQ, Usama | Heinze";"usama.ashfaq@infopro-digital.com";"Usama.Ashfaq@heinze.de";"True";"Member";"Power BI Pro";"FLOW_FREE | POWER_BI_PRO | POWER_BI_STANDARD | STANDARDPACK";"16/05/2025 23:01:25 +02:00";"True";"28/05/2026 10:55:18 +02:00";"26/08/2026 10:55:18 +02:00";"2";"05/08/2026 08:55:26 +02:00";"21";"GetSnapshots";"True";"Non requise - activite Purview trouvee";"False";"27/07/2026 10:55:18 +02:00";"26";"0";"26";"05/08/2026 09:16:09 +02:00";"05/08/2026 09:16:09 +02:00";;;;"HTTP 410 - ressource ou lien de pagination Graph expire/non disponible. Appel : GET /beta/auditLogs/signIns. Le controle correspondant est incomplet et interdit tout retrait de licence fonde sur cet appel.";
"CONSERVER - UTILISEE";"Activite Power BI reelle detectee dans Microsoft Purview Audit.";"Valdas Suopys";"Valdas.Suopys@infopro-digital.com";"Valdas.Suopys@infopro-digital.com";"True";"Member";"Power BI Pro";"ENTERPRISEPACK | MCOEV | POWER_BI_PRO | POWER_BI_STANDARD";"01/12/2025 13:42:59 +01:00";"True";"28/05/2026 10:55:18 +02:00";"26/08/2026 10:55:18 +02:00";"268";"26/08/2026 09:48:00 +02:00";"0";"ViewReport";"True";"Non requise - activite Purview trouvee";"False";"27/07/2026 10:55:18 +02:00";"759";"0";"759";"26/08/2026 10:43:38 +02:00";"26/08/2026 10:43:38 +02:00";;;;"HTTP 410 - ressource ou lien de pagination Graph expire/non disponible. Appel : GET /beta/auditLogs/signIns. Le controle correspondant est incomplet et interdit tout retrait de licence fonde sur cet appel.";
"CONSERVER - UTILISEE";"Activite Power BI reelle detectee dans Microsoft Purview Audit.";"ROUSSEAU, Vincent";"vincent.rousseau@inovaxo.fr";"vincent.rousseau@inovaxo.fr";"True";"Member";"Power BI Pro";"FLOW_FREE | FORMS_PRO | POWER_BI_PRO | POWER_BI_STANDARD | STANDARDPACK | STREAM";"28/04/2021 11:08:50 +02:00";"True";"28/05/2026 10:55:18 +02:00";"26/08/2026 10:55:18 +02:00";"107";"11/08/2026 09:15:38 +02:00";"15";"ViewReport";"True";"Non requise - activite Purview trouvee";"False";"27/07/2026 10:55:18 +02:00";"61";"0";"61";"11/08/2026 15:49:10 +02:00";"11/08/2026 15:49:10 +02:00";;;;"HTTP 410 - ressource ou lien de pagination Graph expire/non disponible. Appel : GET /beta/auditLogs/signIns. Le controle correspondant est incomplet et interdit tout retrait de licence fonde sur cet appel.";
"CONSERVER - UTILISEE";"Activite Power BI reelle detectee dans Microsoft Purview Audit.";"DIAZ GONZALEZ, Virginia";"virginia.diaz@infopro-digital.com";"vdiaz@companeo.com";"True";"Member";"Power BI Pro";"ENTERPRISEPACK | FLOW_FREE | POWER_BI_PRO | POWER_BI_STANDARD | POWERAPPS_DEV";"17/03/2022 15:47:05 +01:00";"True";"28/05/2026 10:55:18 +02:00";"26/08/2026 10:55:18 +02:00";"7";"25/08/2026 10:13:38 +02:00";"1";"GetCloudSupportedDatasources";"True";"Non requise - activite Purview trouvee";"False";"27/07/2026 10:55:18 +02:00";"82";"0";"82";"26/08/2026 08:14:52 +02:00";"26/08/2026 08:14:52 +02:00";;;;"HTTP 410 - ressource ou lien de pagination Graph expire/non disponible. Appel : GET /beta/auditLogs/signIns. Le controle correspondant est incomplet et interdit tout retrait de licence fonde sur cet appel.";
"CONSERVER - UTILISEE";"Activite Power BI reelle detectee dans Microsoft Purview Audit.";"DRUMEL, Vivien";"vivien.drumel@infopro-digital.com";"vivien.drumel@infopro-digital.com";"True";"Member";"Power BI Pro";"FLOW_FREE | POWER_BI_PRO | POWER_BI_STANDARD | STANDARDPACK";"21/08/2024 09:43:31 +02:00";"True";"28/05/2026 10:55:18 +02:00";"26/08/2026 10:55:18 +02:00";"52";"29/07/2026 11:59:14 +02:00";"27";"ViewReport";"True";"Non requise - activite Purview trouvee";"False";"27/07/2026 10:55:18 +02:00";"33";"0";"33";"19/08/2026 11:15:41 +02:00";"19/08/2026 11:15:41 +02:00";;;;"HTTP 410 - ressource ou lien de pagination Graph expire/non disponible. Appel : GET /beta/auditLogs/signIns. Le controle correspondant est incomplet et interdit tout retrait de licence fonde sur cet appel.";
"CONSERVER - UTILISEE";"Activite Power BI reelle detectee dans Microsoft Purview Audit.";"SY, Vivien";"vivien.sy@infopro-digital.com";"vivien.sy@infopro-digital.com";"True";"Member";"Power BI Pro";"ENTERPRISEPACK | FLOW_FREE | POWER_BI_PRO | POWER_BI_STANDARD | STREAM";"21/03/2024 15:17:48 +01:00";"True";"28/05/2026 10:55:18 +02:00";"26/08/2026 10:55:18 +02:00";"15";"13/08/2026 10:47:57 +02:00";"13";"ViewReport";"True";"Non requise - activite Purview trouvee";"False";"27/07/2026 10:55:18 +02:00";"91";"0";"91";"17/08/2026 16:41:01 +02:00";"17/08/2026 16:41:01 +02:00";;;;"HTTP 410 - ressource ou lien de pagination Graph expire/non disponible. Appel : GET /beta/auditLogs/signIns. Le controle correspondant est incomplet et interdit tout retrait de licence fonde sur cet appel.";
"CONSERVER - UTILISEE";"Activite Power BI reelle detectee dans Microsoft Purview Audit.";"DJEBBI, Wajdi";"wajdi.djebbi@infopro-digital.com";"wajdi.djebbi@infopro-digital.com";"True";"Member";"Power BI Premium par utilisateur + Power BI Pro";"FLOW_FREE | PBI_PREMIUM_PER_USER | POWER_BI_STANDARD | SPE_E5";"12/02/2026 13:17:38 +01:00";"True";"28/05/2026 10:55:18 +02:00";"26/08/2026 10:55:18 +02:00";"203";"26/08/2026 00:30:24 +02:00";"0";"ViewReport";"True";"Non requise - activite Purview trouvee";"False";"27/07/2026 10:55:18 +02:00";"1529";"0";"1529";"26/08/2026 11:51:09 +02:00";"26/08/2026 10:49:04 +02:00";"26/08/2026 11:51:09 +02:00";;;"HTTP 410 - ressource ou lien de pagination Graph expire/non disponible. Appel : GET /beta/auditLogs/signIns. Le controle correspondant est incomplet et interdit tout retrait de licence fonde sur cet appel.";
"CONSERVER - UTILISEE";"Activite Power BI reelle detectee dans Microsoft Purview Audit.";"BEN JRAD, Walid (ATY)";"walid.benjrad@infopro-digital.com";"walid.benjrad@infopro-digital.com";"True";"Member";"Power BI Pro";"FLOW_FREE | POWER_BI_PRO | POWER_BI_STANDARD | STANDARDPACK";"27/04/2026 14:56:25 +02:00";"True";"28/05/2026 10:55:18 +02:00";"26/08/2026 10:55:18 +02:00";"54";"26/08/2026 10:02:56 +02:00";"0";"ViewReport";"True";"Non requise - activite Purview trouvee";"False";"27/07/2026 10:55:18 +02:00";"191";"0";"191";"26/08/2026 10:52:28 +02:00";"26/08/2026 10:52:28 +02:00";;;;"HTTP 410 - ressource ou lien de pagination Graph expire/non disponible. Appel : GET /beta/auditLogs/signIns. Le controle correspondant est incomplet et interdit tout retrait de licence fonde sur cet appel.";
"CONSERVER - UTILISEE";"Activite Power BI reelle detectee dans Microsoft Purview Audit.";"Wayne McFarlane";"Wayne.McFarlane@infopro-digital.com";"Wayne.McFarlane@infopro-digital.com";"True";"Member";"Power BI Pro";"DYN365_BUSCENTRAL_ESSENTIAL | ENTERPRISEPACK | FLOW_FREE | MCOEV | POWER_BI_PRO | POWER_BI_STANDARD";"16/05/2025 22:31:27 +02:00";"True";"28/05/2026 10:55:18 +02:00";"26/08/2026 10:55:18 +02:00";"6";"25/08/2026 11:07:54 +02:00";"0";"ViewReport";"True";"Non requise - activite Purview trouvee";"False";"27/07/2026 10:55:18 +02:00";"37";"0";"37";"26/08/2026 02:13:30 +02:00";"26/08/2026 02:13:30 +02:00";;;;"HTTP 410 - ressource ou lien de pagination Graph expire/non disponible. Appel : GET /beta/auditLogs/signIns. Le controle correspondant est incomplet et interdit tout retrait de licence fonde sur cet appel.";
"CONSERVER - UTILISEE";"Activite Power BI reelle detectee dans Microsoft Purview Audit.";"Wei-Shen Wong";"wei-shen.wong@infopro-digital.com";"wei-shen.wong@infopro-digital.com";"True";"Member";"Power BI Pro";"ENTERPRISEPACK | FLOW_FREE | POWER_BI_PRO | POWER_BI_STANDARD | STREAM";"11/03/2026 16:31:09 +01:00";"True";"28/05/2026 10:55:18 +02:00";"26/08/2026 10:55:18 +02:00";"3";"10/08/2026 03:58:30 +02:00";"16";"ViewReport";"True";"Non requise - activite Purview trouvee";"False";"27/07/2026 10:55:18 +02:00";"23";"0";"23";"20/08/2026 03:41:03 +02:00";"20/08/2026 03:41:03 +02:00";;;;"HTTP 410 - ressource ou lien de pagination Graph expire/non disponible. Appel : GET /beta/auditLogs/signIns. Le controle correspondant est incomplet et interdit tout retrait de licence fonde sur cet appel.";
"CONSERVER - UTILISEE";"Activite Power BI reelle detectee dans Microsoft Purview Audit.";"HEUANG THEP, William";"william.heuang@infopro-digital.com";"william.heuang@infopro-digital.com";"True";"Member";"Power BI Pro";"FLOW_FREE | FORMS_PRO | POWER_BI_STANDARD | POWERAPPS_VIRAL | SMB_APPS | SPE_E5";"08/08/2025 14:40:23 +02:00";"True";"28/05/2026 10:55:18 +02:00";"26/08/2026 10:55:18 +02:00";"3";"22/07/2026 14:43:34 +02:00";"34";"GetSnapshots";"True";"Non requise - activite Purview trouvee";"False";"27/07/2026 10:55:18 +02:00";"18";"0";"18";"21/08/2026 23:52:07 +02:00";"21/08/2026 23:52:07 +02:00";;;;"HTTP 410 - ressource ou lien de pagination Graph expire/non disponible. Appel : GET /beta/auditLogs/signIns. Le controle correspondant est incomplet et interdit tout retrait de licence fonde sur cet appel.";
"CONSERVER - UTILISEE";"Activite Power BI reelle detectee dans Microsoft Purview Audit.";"William Liu";"william.liu@infopro-digital.com";"william.liu@infopro-digital.com";"True";"Member";"Power BI Pro";"DYN365_BUSCENTRAL_ESSENTIAL | ENTERPRISEPACK | FLOW_FREE | MCOEV | POWER_BI_PRO | POWER_BI_STANDARD";"03/05/2023 14:59:07 +02:00";"True";"28/05/2026 10:55:18 +02:00";"26/08/2026 10:55:18 +02:00";"523";"25/08/2026 14:17:21 +02:00";"0";"ViewReport";"True";"Non requise - activite Purview trouvee";"False";"27/07/2026 10:55:18 +02:00";"1392";"0";"1392";"26/08/2026 10:50:44 +02:00";"26/08/2026 10:50:44 +02:00";;;;"HTTP 410 - ressource ou lien de pagination Graph expire/non disponible. Appel : GET /beta/auditLogs/signIns. Le controle correspondant est incomplet et interdit tout retrait de licence fonde sur cet appel.";
"CONSERVER - UTILISEE";"Activite Power BI reelle detectee dans Microsoft Purview Audit.";"William Lloyd";"william.lloyd@barbour-abi.com";"william.lloyd@barbour-abi.com";"True";"Member";"Power BI Pro";"ENTERPRISEPACK | FLOW_FREE | POWER_BI_PRO | POWER_BI_STANDARD";"15/04/2026 09:35:09 +02:00";"True";"28/05/2026 10:55:18 +02:00";"26/08/2026 10:55:18 +02:00";"81";"26/08/2026 10:08:44 +02:00";"0";"ViewReport";"True";"Non requise - activite Purview trouvee";"False";"27/07/2026 10:55:18 +02:00";"444";"0";"444";"26/08/2026 10:41:05 +02:00";"26/08/2026 10:41:05 +02:00";;;;"HTTP 410 - ressource ou lien de pagination Graph expire/non disponible. Appel : GET /beta/auditLogs/signIns. Le controle correspondant est incomplet et interdit tout retrait de licence fonde sur cet appel.";
"CONSERVER - UTILISEE";"Activite Power BI reelle detectee dans Microsoft Purview Audit.";"SCHROEDER, Wolfgang | Heinze";"wolfgang.schroeder@infopro-digital.com";"Wolfgang.Schroeder@heinze.de";"True";"Member";"Power BI Pro";"ENTERPRISEPACK | FLOW_FREE | POWER_BI_PRO | POWER_BI_STANDARD";"16/04/2025 12:01:04 +02:00";"True";"28/05/2026 10:55:18 +02:00";"26/08/2026 10:55:18 +02:00";"3906";"26/08/2026 10:22:43 +02:00";"0";"AnalyzedByExternalApplication";"True";"Non requise - activite Purview trouvee";"False";"27/07/2026 10:55:18 +02:00";"5031";"4";"5027";"26/08/2026 10:56:53 +02:00";"26/08/2026 10:56:53 +02:00";"26/08/2026 10:51:45 +02:00";;;"HTTP 410 - ressource ou lien de pagination Graph expire/non disponible. Appel : GET /beta/auditLogs/signIns. Le controle correspondant est incomplet et interdit tout retrait de licence fonde sur cet appel.";
"CONSERVER - UTILISEE";"Activite Power BI reelle detectee dans Microsoft Purview Audit.";"KLOK, Wouter";"Wouter.Klok@infopro-digital.com";"wouter.klok@infopro-digital.com";"True";"Member";"Power BI Pro";"ENTERPRISEPACK | FLOW_FREE | POWER_BI_PRO | POWER_BI_STANDARD";"19/01/2024 16:12:08 +01:00";"True";"28/05/2026 10:55:18 +02:00";"26/08/2026 10:55:18 +02:00";"296";"24/08/2026 13:26:56 +02:00";"1";"ShareReport";"True";"Non requise - activite Purview trouvee";"False";"27/07/2026 10:55:18 +02:00";"345";"0";"345";"26/08/2026 11:40:28 +02:00";"26/08/2026 09:15:10 +02:00";"26/08/2026 11:40:28 +02:00";;;"HTTP 410 - ressource ou lien de pagination Graph expire/non disponible. Appel : GET /beta/auditLogs/signIns. Le controle correspondant est incomplet et interdit tout retrait de licence fonde sur cet appel.";
"CONSERVER - UTILISEE";"Activite Power BI reelle detectee dans Microsoft Purview Audit.";"LAM, Xuan";"xuan.lam@infopro-digital.com";"xuan.lam@infopro-digital.com";"True";"Member";"Power BI Pro";"ENTERPRISEPACK | FLOW_FREE | POWER_BI_PRO | POWER_BI_STANDARD";"15/12/2025 14:37:46 +01:00";"True";"28/05/2026 10:55:18 +02:00";"26/08/2026 10:55:18 +02:00";"89";"03/08/2026 09:32:42 +02:00";"23";"ViewReport";"True";"Non requise - activite Purview trouvee";"False";"27/07/2026 10:55:18 +02:00";"88";"0";"88";"24/08/2026 15:22:40 +02:00";"24/08/2026 15:22:40 +02:00";;;;"HTTP 410 - ressource ou lien de pagination Graph expire/non disponible. Appel : GET /beta/auditLogs/signIns. Le controle correspondant est incomplet et interdit tout retrait de licence fonde sur cet appel.";
"CONSERVER - UTILISEE";"Activite Power BI reelle detectee dans Microsoft Purview Audit.";"PONAIRE, Yann";"yann.ponaire@infopro-digital.com";"yann.ponaire@infopro-digital.com";"True";"Member";"Power BI Pro";"FLOW_FREE | POWER_BI_PRO | POWER_BI_STANDARD | STANDARDPACK";"02/01/2024 12:38:48 +01:00";"True";"28/05/2026 10:55:18 +02:00";"26/08/2026 10:55:18 +02:00";"109";"26/08/2026 09:24:03 +02:00";"0";"ViewReport";"True";"Non requise - activite Purview trouvee";"False";"27/07/2026 10:55:18 +02:00";"485";"0";"485";"26/08/2026 10:27:46 +02:00";"26/08/2026 10:27:46 +02:00";;;;"HTTP 410 - ressource ou lien de pagination Graph expire/non disponible. Appel : GET /beta/auditLogs/signIns. Le controle correspondant est incomplet et interdit tout retrait de licence fonde sur cet appel.";
"CONSERVER - UTILISEE";"Activite Power BI reelle detectee dans Microsoft Purview Audit.";"MIDDAH, Yann Bernard";"yann-bernard.middah@infopro-digital.com";"yann-bernard.middah@infopro-digital.com";"True";"Member";"Power BI Pro";"ENTERPRISEPACK | FLOW_FREE | POWER_BI_PRO | POWER_BI_STANDARD";"15/02/2023 14:26:31 +01:00";"True";"28/05/2026 10:55:18 +02:00";"26/08/2026 10:55:18 +02:00";"1";"30/06/2026 16:52:32 +02:00";"56";"GetSnapshots";"True";"Non requise - activite Purview trouvee";"False";"27/07/2026 10:55:18 +02:00";"24";"0";"24";"25/08/2026 20:18:23 +02:00";"25/08/2026 20:18:23 +02:00";;;;"HTTP 410 - ressource ou lien de pagination Graph expire/non disponible. Appel : GET /beta/auditLogs/signIns. Le controle correspondant est incomplet et interdit tout retrait de licence fonde sur cet appel.";
"CONSERVER - UTILISEE";"Activite Power BI reelle detectee dans Microsoft Purview Audit.";"VEDRINES, Yannick";"yannick.vedrines@infopro-digital.com";"yannick.vedrines@infopro-digital.com";"True";"Member";"Power BI Pro";"ENTERPRISEPACK | FLOW_FREE | POWER_BI_PRO | POWER_BI_STANDARD";"16/01/2024 17:49:11 +01:00";"True";"28/05/2026 10:55:18 +02:00";"26/08/2026 10:55:18 +02:00";"24";"24/08/2026 10:50:49 +02:00";"2";"ViewReport";"True";"Non requise - activite Purview trouvee";"False";"27/07/2026 10:55:18 +02:00";"44";"0";"44";"24/08/2026 17:52:06 +02:00";"24/08/2026 17:52:06 +02:00";;;;"HTTP 410 - ressource ou lien de pagination Graph expire/non disponible. Appel : GET /beta/auditLogs/signIns. Le controle correspondant est incomplet et interdit tout retrait de licence fonde sur cet appel.";
"CONSERVER - UTILISEE";"Activite Power BI reelle detectee dans Microsoft Purview Audit.";"VILLAIN, Yannick";"yannick.villain@infopro-digital.com";"yannick.villain@infopro-digital.com";"True";"Member";"Power BI Pro";"ENTERPRISEPACK | FLOW_FREE | POWER_BI_PRO | POWER_BI_STANDARD";"02/04/2024 14:53:07 +02:00";"True";"28/05/2026 10:55:18 +02:00";"26/08/2026 10:55:18 +02:00";"76";"24/08/2026 15:12:33 +02:00";"1";"GenerateCustomVisualAADAccessToken";"True";"Non requise - activite Purview trouvee";"False";"27/07/2026 10:55:18 +02:00";"155";"0";"155";"25/08/2026 00:39:15 +02:00";"25/08/2026 00:39:15 +02:00";;;;"HTTP 410 - ressource ou lien de pagination Graph expire/non disponible. Appel : GET /beta/auditLogs/signIns. Le controle correspondant est incomplet et interdit tout retrait de licence fonde sur cet appel.";
"CONSERVER - UTILISEE";"Activite Power BI reelle detectee dans Microsoft Purview Audit.";"BENATSI, Yasin";"yasin.benatsi@infopro-digital.com";"yasin.benatsi@infopro-digital.com";"True";"Member";"Power BI Pro";"FLOW_FREE | POWER_BI_PRO | POWER_BI_STANDARD | STANDARDPACK";"02/07/2026 10:00:27 +02:00";"True";"28/05/2026 10:55:18 +02:00";"26/08/2026 10:55:18 +02:00";"19";"06/07/2026 10:14:33 +02:00";"51";"ViewReport";"True";"Non requise - activite Purview trouvee";"False";"27/07/2026 10:55:18 +02:00";"22";"0";"22";"24/08/2026 21:45:37 +02:00";"24/08/2026 21:45:37 +02:00";;;;"HTTP 410 - ressource ou lien de pagination Graph expire/non disponible. Appel : GET /beta/auditLogs/signIns. Le controle correspondant est incomplet et interdit tout retrait de licence fonde sur cet appel.";
"CONSERVER - UTILISEE";"Activite Power BI reelle detectee dans Microsoft Purview Audit.";"Yenny Lam";"Yenny.Lam@infopro-digital.com";"Yenny.Lam@infopro-digital.com";"True";"Member";"Power BI Pro";"ENTERPRISEPACK | POWER_BI_PRO | POWER_BI_STANDARD";"25/08/2025 04:14:38 +02:00";"True";"28/05/2026 10:55:18 +02:00";"26/08/2026 10:55:18 +02:00";"112";"24/08/2026 08:01:07 +02:00";"2";"ViewReport";"True";"Non requise - activite Purview trouvee";"False";"27/07/2026 10:55:18 +02:00";"625";"0";"625";"26/08/2026 10:30:11 +02:00";"26/08/2026 10:30:11 +02:00";;;;"HTTP 410 - ressource ou lien de pagination Graph expire/non disponible. Appel : GET /beta/auditLogs/signIns. Le controle correspondant est incomplet et interdit tout retrait de licence fonde sur cet appel.";
"CONSERVER - UTILISEE";"Activite Power BI reelle detectee dans Microsoft Purview Audit.";"DEMUNCK, Zoe";"zoe.demunck@infopro-digital.com";"zoe.demunck@infopro-digital.com";"True";"Member";"Power BI Pro";"ENTERPRISEPACK | FLOW_FREE | POWER_BI_PRO | POWER_BI_STANDARD";"29/07/2024 12:11:05 +02:00";"True";"28/05/2026 10:55:18 +02:00";"26/08/2026 10:55:18 +02:00";"10";"04/08/2026 09:36:30 +02:00";"22";"ViewReport";"True";"Non requise - activite Purview trouvee";"False";"27/07/2026 10:55:18 +02:00";"27";"0";"27";"25/08/2026 09:51:46 +02:00";"25/08/2026 09:51:46 +02:00";;;;"HTTP 410 - ressource ou lien de pagination Graph expire/non disponible. Appel : GET /beta/auditLogs/signIns. Le controle correspondant est incomplet et interdit tout retrait de licence fonde sur cet appel.";
"CONSERVER - UTILISEE";"Activite Power BI reelle detectee dans Microsoft Purview Audit.";"RABARY, Zoly";"zoly.rabary@infopro-digital.com";"zoly.rabary@infopro-digital.com";"True";"Member";"Power BI Pro";"FLOW_FREE | POWER_BI_PRO | POWER_BI_STANDARD | STANDARDPACK";"28/06/2023 15:01:17 +02:00";"True";"28/05/2026 10:55:18 +02:00";"26/08/2026 10:55:18 +02:00";"97";"24/08/2026 16:34:25 +02:00";"1";"ViewReport";"True";"Non requise - activite Purview trouvee";"False";"27/07/2026 10:55:18 +02:00";"138";"0";"138";"25/08/2026 17:03:16 +02:00";"25/08/2026 17:03:16 +02:00";;;;"HTTP 410 - ressource ou lien de pagination Graph expire/non disponible. Appel : GET /beta/auditLogs/signIns. Le controle correspondant est incomplet et interdit tout retrait de licence fonde sur cet appel.";
"CONSERVER - UTILISEE";"Activite Power BI reelle detectee dans Microsoft Purview Audit.";"Zubair Khushi";"Zubair.Khushi@infopro-digital.com";"zubair.khushi@chartis-research.com";"True";"Member";"Power BI Pro";"ENTERPRISEPACK | FLOW_FREE | MCOEV | POWER_BI_PRO | POWER_BI_STANDARD";"21/11/2024 14:10:09 +01:00";"True";"28/05/2026 10:55:18 +02:00";"26/08/2026 10:55:18 +02:00";"9";"04/08/2026 19:41:37 +02:00";"21";"ViewReport";"True";"Non requise - activite Purview trouvee";"False";"27/07/2026 10:55:18 +02:00";"18";"0";"18";"26/08/2026 07:03:54 +02:00";"26/08/2026 07:03:54 +02:00";;;;"HTTP 410 - ressource ou lien de pagination Graph expire/non disponible. Appel : GET /beta/auditLogs/signIns. Le controle correspondant est incomplet et interdit tout retrait de licence fonde sur cet appel.";
