[2026-06-08 15:24:09] [INFO] =========================================
[2026-06-08 15:24:09] [SUCCESS] === COPIE SHAREPOINT - GESTION DES TOKENS ===
[2026-06-08 15:24:09] [INFO] Version: 5.7
[2026-06-08 15:24:09] [INFO] =========================================
[2026-06-08 15:24:09] [INFO] Chargement traductions: E:\UKREiiF_FinalCopy_path.csv
[2026-06-08 15:24:09] [SUCCESS] source:Source destination: Destination
[2026-06-08 15:24:09] [SUCCESS] source:/ destination: /
[2026-06-08 15:24:09] [SUCCESS] Traductions chargées: 2
[2026-06-08 15:24:09] [INFO] Mappings: 2
[2026-06-08 15:24:09] [SUCCESS] Mappages utilisateurs chargés: 3
[2026-06-08 15:24:09] [INFO] === AUTHENTIFICATION ===
[2026-06-08 15:24:10] [SUCCESS] Nouveau token pour 85a5a352-25d6-4894-a97d-221cd1712dd2|684f670e-6931-4120-b053-f8c9538744f6. Expire à 06/08/2026 16:24:09
[2026-06-08 15:24:10] [SUCCESS] Nouveau token pour 2eea08b8-1972-447b-ad43-d044d042500a|821109a4-6e0e-48e8-b477-8f9b70aa32a4. Expire à 06/08/2026 16:24:09
[2026-06-08 15:24:10] [INFO] === RESOLUTION DES SITES ===
[2026-06-08 15:24:10] [SUCCESS] Source: https://ipdlab.sharepoint.com/sites/SERVICES_GENERAUX
[2026-06-08 15:24:10] [SUCCESS] Drive source: Documents (ID: b!XnWYyX1Yt0OS_raijD1IJ3BoByys1aRJgLg7kzMz9vWsIxCHkG4qSbx5BSt1yNsv)
[2026-06-08 15:24:10] [SUCCESS] Destination: https://infoprodigital365.sharepoint.com/sites/fethygate
[2026-06-08 15:24:10] [SUCCESS] Drive destination: Documents (ID: b!k8jQXFKwk0KwtGsFvJmNhsH5xvG66_JEj-cEjgaHomnZSz8m37iZRJ3SeesLotEx)
[2026-06-08 15:24:10] [INFO] Librairies source: Documents
[2026-06-08 15:24:10] [INFO] Librairies dest:   Documents
[2026-06-08 15:24:10] [INFO] === LECTURE DU FICHIER CSV ===
[2026-06-08 15:24:11] [SUCCESS] Lignes de permissions chargées: 1938
[2026-06-08 15:24:11] [SUCCESS] Chemins uniques à traiter: 333
[2026-06-08 15:24:11] [INFO] Traitement: /Audit_user_gmail.xlsx (5 permission(s))
[2026-06-08 15:24:11] [INFO] === COPIE REELLE: Audit_user_gmail.xlsx ===
[2026-06-08 15:24:12] [SUCCESS] === FICHIER COPIE AVEC SUCCES: Audit_user_gmail.xlsx ===
[2026-06-08 15:24:12] [WARN] Pas de mappage pour: Propriétaires de SERVICES_GENERAUX () - permission ignorée sur Audit_user_gmail.xlsx
[2026-06-08 15:24:12] [WARN] Pas de mappage pour: SERVICES_GENERAUX - Membres () - permission ignorée sur Audit_user_gmail.xlsx
[2026-06-08 15:24:13] [SUCCESS] Résolution: 'User test 02' (User) -> 9545ef82-e8d3-44ae-9c1f-aebebbb474c9
[2026-06-08 15:24:13] [SUCCESS] Permission appliquée: Equipe INFRA [write] -> Audit_user_gmail.xlsx
[2026-06-08 15:24:14] [WARN] [403] Permissions insuffisantes pour résoudre 'test'. Vérifiez que l'app destination a User.Read.All ou GroupMember.Read.All.
[2026-06-08 15:24:14] [WARN] Impossible de résoudre 'test' dans le tenant destination - permission ignorée
[2026-06-08 15:24:14] [WARN] Pas de mappage pour: SERVICES_GENERAUX - Visiteurs () - permission ignorée sur Audit_user_gmail.xlsx
[2026-06-08 15:24:14] [INFO] Traitement: /Capture d’écran 2026-01-27 172058.jpg (5 permission(s))
[2026-06-08 15:24:14] [INFO] === COPIE REELLE: Capture d’écran 2026-01-27 172058.jpg ===
[2026-06-08 15:24:15] [SUCCESS] === FICHIER COPIE AVEC SUCCES: Capture d’écran 2026-01-27 172058.jpg ===
[2026-06-08 15:24:16] [WARN] Pas de mappage pour: Propriétaires de SERVICES_GENERAUX () - permission ignorée sur Capture d’écran 2026-01-27 172058.jpg
[2026-06-08 15:24:16] [WARN] Pas de mappage pour: SERVICES_GENERAUX - Visiteurs () - permission ignorée sur Capture d’écran 2026-01-27 172058.jpg
[2026-06-08 15:24:16] [WARN] Pas de mappage pour: SERVICES_GENERAUX - Membres () - permission ignorée sur Capture d’écran 2026-01-27 172058.jpg
[2026-06-08 15:24:16] [SUCCESS] Permission appliquée: Equipe INFRA [write] -> Capture d’écran 2026-01-27 172058.jpg
[2026-06-08 15:24:16] [WARN] Impossible de résoudre 'test' dans le tenant destination - permission ignorée
[2026-06-08 15:24:16] [INFO] Traitement: /Drive ECHOLINE/ (6 permission(s))
[2026-06-08 15:24:16] [INFO] === COPIE REELLE: Drive ECHOLINE ===
[2026-06-08 15:24:18] [SUCCESS] Dossier cree: Drive ECHOLINE
[2026-06-08 15:24:18] [WARN] Pas de mappage pour: Propriétaires de SERVICES_GENERAUX () - permission ignorée sur Drive ECHOLINE
[2026-06-08 15:24:18] [WARN] Impossible de résoudre 'test' dans le tenant destination - permission ignorée
[2026-06-08 15:24:18] [SUCCESS] Permission appliquée: Equipe INFRA [write] -> Drive ECHOLINE
[2026-06-08 15:24:18] [SUCCESS] Résolution: 'FARADJI, Fethi' (User) -> 517e236b-5425-4efb-b7fe-cea82021362a
[2026-06-08 15:24:18] [SUCCESS] Permission appliquée: User 01 [write] -> Drive ECHOLINE
[2026-06-08 15:24:18] [WARN] Pas de mappage pour: SERVICES_GENERAUX - Membres () - permission ignorée sur Drive ECHOLINE
[2026-06-08 15:24:18] [WARN] Pas de mappage pour: SERVICES_GENERAUX - Visiteurs () - permission ignorée sur Drive ECHOLINE
[2026-06-08 15:24:18] [INFO] Traitement: /Drive ECHOLINE/01-Internal Ops/ (6 permission(s))
[2026-06-08 15:24:18] [INFO] === COPIE REELLE: Drive ECHOLINE/01-Internal Ops ===
[2026-06-08 15:24:19] [SUCCESS] Dossier cree: Drive ECHOLINE/01-Internal Ops
[2026-06-08 15:24:19] [WARN] Impossible de résoudre 'test' dans le tenant destination - permission ignorée
[2026-06-08 15:24:19] [SUCCESS] Permission appliquée: Equipe INFRA [write] -> Drive ECHOLINE/01-Internal Ops
[2026-06-08 15:24:19] [WARN] Pas de mappage pour: Propriétaires de SERVICES_GENERAUX () - permission ignorée sur Drive ECHOLINE/01-Internal Ops
[2026-06-08 15:24:20] [SUCCESS] Permission appliquée: User 01 [write] -> Drive ECHOLINE/01-Internal Ops
[2026-06-08 15:24:20] [WARN] Pas de mappage pour: SERVICES_GENERAUX - Visiteurs () - permission ignorée sur Drive ECHOLINE/01-Internal Ops
[2026-06-08 15:24:20] [WARN] Pas de mappage pour: SERVICES_GENERAUX - Membres () - permission ignorée sur Drive ECHOLINE/01-Internal Ops
[2026-06-08 15:24:20] [INFO] Traitement: /Drive ECHOLINE/01-Internal Ops/A-Veilles et traitement/ (6 permission(s))
[2026-06-08 15:24:20] [INFO] === COPIE REELLE: Drive ECHOLINE/01-Internal Ops/A-Veilles et traitement ===
[2026-06-08 15:24:21] [SUCCESS] Dossier cree: Drive ECHOLINE/01-Internal Ops/A-Veilles et traitement
[2026-06-08 15:24:21] [WARN] Impossible de résoudre 'test' dans le tenant destination - permission ignorée
[2026-06-08 15:24:21] [SUCCESS] Permission appliquée: Equipe INFRA [write] -> Drive ECHOLINE/01-Internal Ops/A-Veilles et traitement
[2026-06-08 15:24:21] [SUCCESS] Permission appliquée: User 01 [write] -> Drive ECHOLINE/01-Internal Ops/A-Veilles et traitement
[2026-06-08 15:24:21] [WARN] Pas de mappage pour: SERVICES_GENERAUX - Membres () - permission ignorée sur Drive ECHOLINE/01-Internal Ops/A-Veilles et traitement
[2026-06-08 15:24:21] [WARN] Pas de mappage pour: SERVICES_GENERAUX - Visiteurs () - permission ignorée sur Drive ECHOLINE/01-Internal Ops/A-Veilles et traitement
[2026-06-08 15:24:21] [WARN] Pas de mappage pour: Propriétaires de SERVICES_GENERAUX () - permission ignorée sur Drive ECHOLINE/01-Internal Ops/A-Veilles et traitement
[2026-06-08 15:24:21] [INFO] Traitement: /Drive ECHOLINE/01-Internal Ops/A-Veilles et traitement/00 - A - Documents accessibles par l'API/ (6 permission(s))
[2026-06-08 15:24:21] [INFO] === COPIE REELLE: Drive ECHOLINE/01-Internal Ops/A-Veilles et traitement/00 - A - Documents accessibles par l'API ===
[2026-06-08 15:24:22] [SUCCESS] Dossier cree: Drive ECHOLINE/01-Internal Ops/A-Veilles et traitement/00 - A - Documents accessibles par l'API
[2026-06-08 15:24:23] [SUCCESS] Permission appliquée: Equipe INFRA [write] -> Drive ECHOLINE/01-Internal Ops/A-Veilles et traitement/00 - A - Documents accessibles par l'API
[2026-06-08 15:24:23] [SUCCESS] Permission appliquée: User 01 [write] -> Drive ECHOLINE/01-Internal Ops/A-Veilles et traitement/00 - A - Documents accessibles par l'API
[2026-06-08 15:24:23] [WARN] Pas de mappage pour: SERVICES_GENERAUX - Membres () - permission ignorée sur Drive ECHOLINE/01-Internal Ops/A-Veilles et traitement/00 - A - Documents accessibles par l'API
[2026-06-08 15:24:23] [WARN] Pas de mappage pour: Propriétaires de SERVICES_GENERAUX () - permission ignorée sur Drive ECHOLINE/01-Internal Ops/A-Veilles et traitement/00 - A - Documents accessibles par l'API
[2026-06-08 15:24:23] [WARN] Pas de mappage pour: SERVICES_GENERAUX - Visiteurs () - permission ignorée sur Drive ECHOLINE/01-Internal Ops/A-Veilles et traitement/00 - A - Documents accessibles par l'API
[2026-06-08 15:24:23] [WARN] Impossible de résoudre 'test' dans le tenant destination - permission ignorée
[2026-06-08 15:24:23] [INFO] Traitement: /Drive ECHOLINE/01-Internal Ops/A-Veilles et traitement/Veille reg. Allemagne/ (6 permission(s))
[2026-06-08 15:24:23] [INFO] === COPIE REELLE: Drive ECHOLINE/01-Internal Ops/A-Veilles et traitement/Veille reg. Allemagne ===
[2026-06-08 15:24:24] [SUCCESS] Dossier cree: Drive ECHOLINE/01-Internal Ops/A-Veilles et traitement/Veille reg. Allemagne
[2026-06-08 15:24:24] [WARN] Impossible de résoudre 'test' dans le tenant destination - permission ignorée
[2026-06-08 15:24:24] [SUCCESS] Permission appliquée: Equipe INFRA [write] -> Drive ECHOLINE/01-Internal Ops/A-Veilles et traitement/Veille reg. Allemagne
[2026-06-08 15:24:25] [SUCCESS] Permission appliquée: User 01 [write] -> Drive ECHOLINE/01-Internal Ops/A-Veilles et traitement/Veille reg. Allemagne
[2026-06-08 15:24:25] [WARN] Pas de mappage pour: SERVICES_GENERAUX - Membres () - permission ignorée sur Drive ECHOLINE/01-Internal Ops/A-Veilles et traitement/Veille reg. Allemagne
[2026-06-08 15:24:25] [WARN] Pas de mappage pour: SERVICES_GENERAUX - Visiteurs () - permission ignorée sur Drive ECHOLINE/01-Internal Ops/A-Veilles et traitement/Veille reg. Allemagne
[2026-06-08 15:24:25] [WARN] Pas de mappage pour: Propriétaires de SERVICES_GENERAUX () - permission ignorée sur Drive ECHOLINE/01-Internal Ops/A-Veilles et traitement/Veille reg. Allemagne
[2026-06-08 15:24:25] [INFO] Traitement: /Drive ECHOLINE/01-Internal Ops/A-Veilles et traitement/Veille reg. Australie/ (6 permission(s))
[2026-06-08 15:24:25] [INFO] === COPIE REELLE: Drive ECHOLINE/01-Internal Ops/A-Veilles et traitement/Veille reg. Australie ===
[2026-06-08 15:24:25] [SUCCESS] Dossier cree: Drive ECHOLINE/01-Internal Ops/A-Veilles et traitement/Veille reg. Australie
[2026-06-08 15:24:26] [SUCCESS] Permission appliquée: User 01 [write] -> Drive ECHOLINE/01-Internal Ops/A-Veilles et traitement/Veille reg. Australie
[2026-06-08 15:24:26] [WARN] Pas de mappage pour: SERVICES_GENERAUX - Visiteurs () - permission ignorée sur Drive ECHOLINE/01-Internal Ops/A-Veilles et traitement/Veille reg. Australie
[2026-06-08 15:24:26] [WARN] Pas de mappage pour: Propriétaires de SERVICES_GENERAUX () - permission ignorée sur Drive ECHOLINE/01-Internal Ops/A-Veilles et traitement/Veille reg. Australie
[2026-06-08 15:24:26] [WARN] Pas de mappage pour: SERVICES_GENERAUX - Membres () - permission ignorée sur Drive ECHOLINE/01-Internal Ops/A-Veilles et traitement/Veille reg. Australie
[2026-06-08 15:24:26] [WARN] Impossible de résoudre 'test' dans le tenant destination - permission ignorée
[2026-06-08 15:24:26] [SUCCESS] Permission appliquée: Equipe INFRA [write] -> Drive ECHOLINE/01-Internal Ops/A-Veilles et traitement/Veille reg. Australie
[2026-06-08 15:24:26] [INFO] Traitement: /Drive ECHOLINE/01-Internal Ops/A-Veilles et traitement/Veille reg. Belgique/ (6 permission(s))
[2026-06-08 15:24:26] [INFO] === COPIE REELLE: Drive ECHOLINE/01-Internal Ops/A-Veilles et traitement/Veille reg. Belgique ===
[2026-06-08 15:24:28] [SUCCESS] Dossier cree: Drive ECHOLINE/01-Internal Ops/A-Veilles et traitement/Veille reg. Belgique
[2026-06-08 15:24:28] [WARN] Impossible de résoudre 'test' dans le tenant destination - permission ignorée
[2026-06-08 15:24:28] [SUCCESS] Permission appliquée: User 01 [write] -> Drive ECHOLINE/01-Internal Ops/A-Veilles et traitement/Veille reg. Belgique
[2026-06-08 15:24:28] [WARN] Pas de mappage pour: SERVICES_GENERAUX - Membres () - permission ignorée sur Drive ECHOLINE/01-Internal Ops/A-Veilles et traitement/Veille reg. Belgique
[2026-06-08 15:24:28] [WARN] Pas de mappage pour: SERVICES_GENERAUX - Visiteurs () - permission ignorée sur Drive ECHOLINE/01-Internal Ops/A-Veilles et traitement/Veille reg. Belgique
[2026-06-08 15:24:28] [WARN] Pas de mappage pour: Propriétaires de SERVICES_GENERAUX () - permission ignorée sur Drive ECHOLINE/01-Internal Ops/A-Veilles et traitement/Veille reg. Belgique
[2026-06-08 15:24:31] [SUCCESS] Permission appliquée: Equipe INFRA [write] -> Drive ECHOLINE/01-Internal Ops/A-Veilles et traitement/Veille reg. Belgique
[2026-06-08 15:24:31] [INFO] Traitement: /Drive ECHOLINE/01-Internal Ops/A-Veilles et traitement/Veille reg. Brésil/ (6 permission(s))
[2026-06-08 15:24:31] [INFO] === COPIE REELLE: Drive ECHOLINE/01-Internal Ops/A-Veilles et traitement/Veille reg. Brésil ===
[2026-06-08 15:24:32] [SUCCESS] Dossier cree: Drive ECHOLINE/01-Internal Ops/A-Veilles et traitement/Veille reg. Brésil
[2026-06-08 15:24:32] [DEBUG] [404] Item pas encore disponible, retry 1/3 dans 2s: Drive ECHOLINE/01-Internal Ops/A-Veilles et traitement/Veille reg. Brésil
[2026-06-08 15:24:35] [DEBUG] [404] Item pas encore disponible, retry 2/3 dans 2s: Drive ECHOLINE/01-Internal Ops/A-Veilles et traitement/Veille reg. Brésil
[2026-06-08 15:24:37] [DEBUG] [404] Item pas encore disponible, retry 3/3 dans 2s: Drive ECHOLINE/01-Internal Ops/A-Veilles et traitement/Veille reg. Brésil
[2026-06-08 15:24:39] [WARN] Impossible de récupérer l'item destination pour les droits: Drive ECHOLINE/01-Internal Ops/A-Veilles et traitement/Veille reg. Brésil - Le serveur distant a retourné une erreur : (404) Introuvable.
[2026-06-08 15:24:39] [INFO] Traitement: /Drive ECHOLINE/01-Internal Ops/A-Veilles et traitement/Veille reg. Canada/ (6 permission(s))
[2026-06-08 15:24:39] [INFO] === COPIE REELLE: Drive ECHOLINE/01-Internal Ops/A-Veilles et traitement/Veille reg. Canada ===
[2026-06-08 15:24:40] [SUCCESS] Dossier cree: Drive ECHOLINE/01-Internal Ops/A-Veilles et traitement/Veille reg. Canada
[2026-06-08 15:24:41] [SUCCESS] Permission appliquée: User 01 [write] -> Drive ECHOLINE/01-Internal Ops/A-Veilles et traitement/Veille reg. Canada
[2026-06-08 15:24:41] [WARN] Pas de mappage pour: SERVICES_GENERAUX - Membres () - permission ignorée sur Drive ECHOLINE/01-Internal Ops/A-Veilles et traitement/Veille reg. Canada
[2026-06-08 15:24:41] [WARN] Impossible de résoudre 'test' dans le tenant destination - permission ignorée
[2026-06-08 15:24:41] [WARN] Pas de mappage pour: SERVICES_GENERAUX - Visiteurs () - permission ignorée sur Drive ECHOLINE/01-Internal Ops/A-Veilles et traitement/Veille reg. Canada
[2026-06-08 15:24:41] [WARN] Pas de mappage pour: Propriétaires de SERVICES_GENERAUX () - permission ignorée sur Drive ECHOLINE/01-Internal Ops/A-Veilles et traitement/Veille reg. Canada
[2026-06-08 15:24:41] [SUCCESS] Permission appliquée: Equipe INFRA [write] -> Drive ECHOLINE/01-Internal Ops/A-Veilles et traitement/Veille reg. Canada
[2026-06-08 15:24:41] [INFO] Traitement: /Drive ECHOLINE/01-Internal Ops/A-Veilles et traitement/Veille reg. Corée du Sud/ (6 permission(s))
[2026-06-08 15:24:41] [INFO] === COPIE REELLE: Drive ECHOLINE/01-Internal Ops/A-Veilles et traitement/Veille reg. Corée du Sud ===
[2026-06-08 15:24:43] [SUCCESS] Dossier cree: Drive ECHOLINE/01-Internal Ops/A-Veilles et traitement/Veille reg. Corée du Sud
[2026-06-08 15:24:43] [DEBUG] [404] Item pas encore disponible, retry 1/3 dans 2s: Drive ECHOLINE/01-Internal Ops/A-Veilles et traitement/Veille reg. Corée du Sud
[2026-06-08 15:24:45] [DEBUG] [404] Item pas encore disponible, retry 2/3 dans 2s: Drive ECHOLINE/01-Internal Ops/A-Veilles et traitement/Veille reg. Corée du Sud
[2026-06-08 15:24:47] [DEBUG] [404] Item pas encore disponible, retry 3/3 dans 2s: Drive ECHOLINE/01-Internal Ops/A-Veilles et traitement/Veille reg. Corée du Sud
[2026-06-08 15:24:49] [WARN] Impossible de récupérer l'item destination pour les droits: Drive ECHOLINE/01-Internal Ops/A-Veilles et traitement/Veille reg. Corée du Sud - Le serveur distant a retourné une erreur : (404) Introuvable.
[2026-06-08 15:24:49] [INFO] Traitement: /Drive ECHOLINE/01-Internal Ops/A-Veilles et traitement/Veille reg. Espagne/ (6 permission(s))
[2026-06-08 15:24:49] [INFO] === COPIE REELLE: Drive ECHOLINE/01-Internal Ops/A-Veilles et traitement/Veille reg. Espagne ===
[2026-06-08 15:24:50] [SUCCESS] Dossier cree: Drive ECHOLINE/01-Internal Ops/A-Veilles et traitement/Veille reg. Espagne
[2026-06-08 15:24:51] [SUCCESS] Permission appliquée: User 01 [write] -> Drive ECHOLINE/01-Internal Ops/A-Veilles et traitement/Veille reg. Espagne
[2026-06-08 15:24:51] [WARN] Pas de mappage pour: SERVICES_GENERAUX - Membres () - permission ignorée sur Drive ECHOLINE/01-Internal Ops/A-Veilles et traitement/Veille reg. Espagne
[2026-06-08 15:24:51] [WARN] Pas de mappage pour: SERVICES_GENERAUX - Visiteurs () - permission ignorée sur Drive ECHOLINE/01-Internal Ops/A-Veilles et traitement/Veille reg. Espagne
[2026-06-08 15:24:51] [WARN] Pas de mappage pour: Propriétaires de SERVICES_GENERAUX () - permission ignorée sur Drive ECHOLINE/01-Internal Ops/A-Veilles et traitement/Veille reg. Espagne
[2026-06-08 15:24:51] [SUCCESS] Permission appliquée: Equipe INFRA [write] -> Drive ECHOLINE/01-Internal Ops/A-Veilles et traitement/Veille reg. Espagne
[2026-06-08 15:24:51] [WARN] Impossible de résoudre 'test' dans le tenant destination - permission ignorée
[2026-06-08 15:24:51] [INFO] Traitement: /Drive ECHOLINE/01-Internal Ops/A-Veilles et traitement/Veille reg. Estonie/ (6 permission(s))
[2026-06-08 15:24:51] [INFO] === COPIE REELLE: Drive ECHOLINE/01-Internal Ops/A-Veilles et traitement/Veille reg. Estonie ===
[2026-06-08 15:24:52] [SUCCESS] Dossier cree: Drive ECHOLINE/01-Internal Ops/A-Veilles et traitement/Veille reg. Estonie
[2026-06-08 15:24:52] [WARN] Impossible de résoudre 'test' dans le tenant destination - permission ignorée
[2026-06-08 15:24:52] [WARN] Pas de mappage pour: Propriétaires de SERVICES_GENERAUX () - permission ignorée sur Drive ECHOLINE/01-Internal Ops/A-Veilles et traitement/Veille reg. Estonie
[2026-06-08 15:24:52] [WARN] Pas de mappage pour: SERVICES_GENERAUX - Visiteurs () - permission ignorée sur Drive ECHOLINE/01-Internal Ops/A-Veilles et traitement/Veille reg. Estonie
[2026-06-08 15:24:52] [WARN] Pas de mappage pour: SERVICES_GENERAUX - Membres () - permission ignorée sur Drive ECHOLINE/01-Internal Ops/A-Veilles et traitement/Veille reg. Estonie
[2026-06-08 15:24:52] [SUCCESS] Permission appliquée: User 01 [write] -> Drive ECHOLINE/01-Internal Ops/A-Veilles et traitement/Veille reg. Estonie
[2026-06-08 15:24:53] [SUCCESS] Permission appliquée: Equipe INFRA [write] -> Drive ECHOLINE/01-Internal Ops/A-Veilles et traitement/Veille reg. Estonie
[2026-06-08 15:24:53] [INFO] Traitement: /Drive ECHOLINE/01-Internal Ops/A-Veilles et traitement/Veille reg. Europe/ (6 permission(s))
[2026-06-08 15:24:53] [INFO] === COPIE REELLE: Drive ECHOLINE/01-Internal Ops/A-Veilles et traitement/Veille reg. Europe ===
[2026-06-08 15:24:54] [SUCCESS] Dossier cree: Drive ECHOLINE/01-Internal Ops/A-Veilles et traitement/Veille reg. Europe
[2026-06-08 15:24:54] [SUCCESS] Permission appliquée: User 01 [write] -> Drive ECHOLINE/01-Internal Ops/A-Veilles et traitement/Veille reg. Europe
[2026-06-08 15:24:54] [WARN] Pas de mappage pour: Propriétaires de SERVICES_GENERAUX () - permission ignorée sur Drive ECHOLINE/01-Internal Ops/A-Veilles et traitement/Veille reg. Europe
[2026-06-08 15:24:54] [WARN] Pas de mappage pour: SERVICES_GENERAUX - Visiteurs () - permission ignorée sur Drive ECHOLINE/01-Internal Ops/A-Veilles et traitement/Veille reg. Europe
[2026-06-08 15:24:54] [WARN] Pas de mappage pour: SERVICES_GENERAUX - Membres () - permission ignorée sur Drive ECHOLINE/01-Internal Ops/A-Veilles et traitement/Veille reg. Europe
[2026-06-08 15:24:54] [SUCCESS] Permission appliquée: Equipe INFRA [write] -> Drive ECHOLINE/01-Internal Ops/A-Veilles et traitement/Veille reg. Europe
[2026-06-08 15:24:54] [WARN] Impossible de résoudre 'test' dans le tenant destination - permission ignorée
[2026-06-08 15:24:54] [INFO] Traitement: /Drive ECHOLINE/01-Internal Ops/A-Veilles et traitement/Veille reg. Finlande/ (6 permission(s))
[2026-06-08 15:24:54] [INFO] === COPIE REELLE: Drive ECHOLINE/01-Internal Ops/A-Veilles et traitement/Veille reg. Finlande ===
[2026-06-08 15:24:55] [SUCCESS] Dossier cree: Drive ECHOLINE/01-Internal Ops/A-Veilles et traitement/Veille reg. Finlande
[2026-06-08 15:24:55] [WARN] Impossible de résoudre 'test' dans le tenant destination - permission ignorée
[2026-06-08 15:24:56] [SUCCESS] Permission appliquée: Equipe INFRA [write] -> Drive ECHOLINE/01-Internal Ops/A-Veilles et traitement/Veille reg. Finlande
[2026-06-08 15:24:56] [SUCCESS] Permission appliquée: User 01 [write] -> Drive ECHOLINE/01-Internal Ops/A-Veilles et traitement/Veille reg. Finlande
[2026-06-08 15:24:56] [WARN] Pas de mappage pour: SERVICES_GENERAUX - Membres () - permission ignorée sur Drive ECHOLINE/01-Internal Ops/A-Veilles et traitement/Veille reg. Finlande
[2026-06-08 15:24:56] [WARN] Pas de mappage pour: SERVICES_GENERAUX - Visiteurs () - permission ignorée sur Drive ECHOLINE/01-Internal Ops/A-Veilles et traitement/Veille reg. Finlande
[2026-06-08 15:24:56] [WARN] Pas de mappage pour: Propriétaires de SERVICES_GENERAUX () - permission ignorée sur Drive ECHOLINE/01-Internal Ops/A-Veilles et traitement/Veille reg. Finlande
[2026-06-08 15:24:56] [INFO] Traitement: /Drive ECHOLINE/01-Internal Ops/A-Veilles et traitement/Veille reg. France/ (6 permission(s))
[2026-06-08 15:24:56] [INFO] === COPIE REELLE: Drive ECHOLINE/01-Internal Ops/A-Veilles et traitement/Veille reg. France ===
[2026-06-08 15:24:57] [SUCCESS] Dossier cree: Drive ECHOLINE/01-Internal Ops/A-Veilles et traitement/Veille reg. France
[2026-06-08 15:24:57] [WARN] Pas de mappage pour: SERVICES_GENERAUX - Membres () - permission ignorée sur Drive ECHOLINE/01-Internal Ops/A-Veilles et traitement/Veille reg. France
[2026-06-08 15:24:57] [WARN] Impossible de résoudre 'test' dans le tenant destination - permission ignorée
[2026-06-08 15:24:57] [WARN] Pas de mappage pour: SERVICES_GENERAUX - Visiteurs () - permission ignorée sur Drive ECHOLINE/01-Internal Ops/A-Veilles et traitement/Veille reg. France
[2026-06-08 15:24:57] [WARN] Pas de mappage pour: Propriétaires de SERVICES_GENERAUX () - permission ignorée sur Drive ECHOLINE/01-Internal Ops/A-Veilles et traitement/Veille reg. France
[2026-06-08 15:24:57] [SUCCESS] Permission appliquée: User 01 [write] -> Drive ECHOLINE/01-Internal Ops/A-Veilles et traitement/Veille reg. France
[2026-06-08 15:24:57] [SUCCESS] Permission appliquée: Equipe INFRA [write] -> Drive ECHOLINE/01-Internal Ops/A-Veilles et traitement/Veille reg. France
[2026-06-08 15:24:57] [INFO] Traitement: /Drive ECHOLINE/01-Internal Ops/A-Veilles et traitement/Veille reg. Inde/ (6 permission(s))
[2026-06-08 15:24:57] [INFO] === COPIE REELLE: Drive ECHOLINE/01-Internal Ops/A-Veilles et traitement/Veille reg. Inde ===
[2026-06-08 15:24:59] [SUCCESS] Dossier cree: Drive ECHOLINE/01-Internal Ops/A-Veilles et traitement/Veille reg. Inde
[2026-06-08 15:24:59] [WARN] Impossible de résoudre 'test' dans le tenant destination - permission ignorée
[2026-06-08 15:24:59] [WARN] Pas de mappage pour: Propriétaires de SERVICES_GENERAUX () - permission ignorée sur Drive ECHOLINE/01-Internal Ops/A-Veilles et traitement/Veille reg. Inde
[2026-06-08 15:24:59] [WARN] Pas de mappage pour: SERVICES_GENERAUX - Visiteurs () - permission ignorée sur Drive ECHOLINE/01-Internal Ops/A-Veilles et traitement/Veille reg. Inde
[2026-06-08 15:24:59] [WARN] Pas de mappage pour: SERVICES_GENERAUX - Membres () - permission ignorée sur Drive ECHOLINE/01-Internal Ops/A-Veilles et traitement/Veille reg. Inde
[2026-06-08 15:25:00] [SUCCESS] Permission appliquée: User 01 [write] -> Drive ECHOLINE/01-Internal Ops/A-Veilles et traitement/Veille reg. Inde
[2026-06-08 15:25:00] [SUCCESS] Permission appliquée: Equipe INFRA [write] -> Drive ECHOLINE/01-Internal Ops/A-Veilles et traitement/Veille reg. Inde
[2026-06-08 15:25:00] [INFO] Traitement: /Drive ECHOLINE/01-Internal Ops/A-Veilles et traitement/Veille reg. Irlande/ (6 permission(s))
[2026-06-08 15:25:00] [INFO] === COPIE REELLE: Drive ECHOLINE/01-Internal Ops/A-Veilles et traitement/Veille reg. Irlande ===
[2026-06-08 15:25:01] [SUCCESS] Dossier cree: Drive ECHOLINE/01-Internal Ops/A-Veilles et traitement/Veille reg. Irlande
[2026-06-08 15:25:01] [WARN] Pas de mappage pour: Propriétaires de SERVICES_GENERAUX () - permission ignorée sur Drive ECHOLINE/01-Internal Ops/A-Veilles et traitement/Veille reg. Irlande
[2026-06-08 15:25:01] [WARN] Pas de mappage pour: SERVICES_GENERAUX - Visiteurs () - permission ignorée sur Drive ECHOLINE/01-Internal Ops/A-Veilles et traitement/Veille reg. Irlande
[2026-06-08 15:25:01] [WARN] Pas de mappage pour: SERVICES_GENERAUX - Membres () - permission ignorée sur Drive ECHOLINE/01-Internal Ops/A-Veilles et traitement/Veille reg. Irlande
[2026-06-08 15:25:01] [SUCCESS] Permission appliquée: User 01 [write] -> Drive ECHOLINE/01-Internal Ops/A-Veilles et traitement/Veille reg. Irlande
[2026-06-08 15:25:01] [SUCCESS] Permission appliquée: Equipe INFRA [write] -> Drive ECHOLINE/01-Internal Ops/A-Veilles et traitement/Veille reg. Irlande
[2026-06-08 15:25:01] [WARN] Impossible de résoudre 'test' dans le tenant destination - permission ignorée
[2026-06-08 15:25:01] [INFO] Traitement: /Drive ECHOLINE/01-Internal Ops/A-Veilles et traitement/Veille reg. Italie/ (6 permission(s))
[2026-06-08 15:25:01] [INFO] === COPIE REELLE: Drive ECHOLINE/01-Internal Ops/A-Veilles et traitement/Veille reg. Italie ===
[2026-06-08 15:25:03] [SUCCESS] Dossier cree: Drive ECHOLINE/01-Internal Ops/A-Veilles et traitement/Veille reg. Italie
[2026-06-08 15:25:03] [WARN] Pas de mappage pour: Propriétaires de SERVICES_GENERAUX () - permission ignorée sur Drive ECHOLINE/01-Internal Ops/A-Veilles et traitement/Veille reg. Italie
[2026-06-08 15:25:03] [WARN] Impossible de résoudre 'test' dans le tenant destination - permission ignorée
[2026-06-08 15:25:03] [SUCCESS] Permission appliquée: Equipe INFRA [write] -> Drive ECHOLINE/01-Internal Ops/A-Veilles et traitement/Veille reg. Italie
[2026-06-08 15:25:03] [SUCCESS] Permission appliquée: User 01 [write] -> Drive ECHOLINE/01-Internal Ops/A-Veilles et traitement/Veille reg. Italie
[2026-06-08 15:25:03] [WARN] Pas de mappage pour: SERVICES_GENERAUX - Membres () - permission ignorée sur Drive ECHOLINE/01-Internal Ops/A-Veilles et traitement/Veille reg. Italie
[2026-06-08 15:25:03] [WARN] Pas de mappage pour: SERVICES_GENERAUX - Visiteurs () - permission ignorée sur Drive ECHOLINE/01-Internal Ops/A-Veilles et traitement/Veille reg. Italie
[2026-06-08 15:25:03] [INFO] Traitement: /Drive ECHOLINE/01-Internal Ops/A-Veilles et traitement/Veille reg. Luxembourg/ (6 permission(s))
[2026-06-08 15:25:03] [INFO] === COPIE REELLE: Drive ECHOLINE/01-Internal Ops/A-Veilles et traitement/Veille reg. Luxembourg ===
[2026-06-08 15:25:04] [SUCCESS] Dossier cree: Drive ECHOLINE/01-Internal Ops/A-Veilles et traitement/Veille reg. Luxembourg
[2026-06-08 15:25:05] [WARN] Pas de mappage pour: Propriétaires de SERVICES_GENERAUX () - permission ignorée sur Drive ECHOLINE/01-Internal Ops/A-Veilles et traitement/Veille reg. Luxembourg
[2026-06-08 15:25:05] [WARN] Pas de mappage pour: SERVICES_GENERAUX - Membres () - permission ignorée sur Drive ECHOLINE/01-Internal Ops/A-Veilles et traitement/Veille reg. Luxembourg
[2026-06-08 15:25:05] [SUCCESS] Permission appliquée: Equipe INFRA [write] -> Drive ECHOLINE/01-Internal Ops/A-Veilles et traitement/Veille reg. Luxembourg
[2026-06-08 15:25:05] [WARN] Impossible de résoudre 'test' dans le tenant destination - permission ignorée
[2026-06-08 15:25:05] [WARN] Pas de mappage pour: SERVICES_GENERAUX - Visiteurs () - permission ignorée sur Drive ECHOLINE/01-Internal Ops/A-Veilles et traitement/Veille reg. Luxembourg
[2026-06-08 15:25:05] [SUCCESS] Permission appliquée: User 01 [write] -> Drive ECHOLINE/01-Internal Ops/A-Veilles et traitement/Veille reg. Luxembourg
[2026-06-08 15:25:05] [INFO] Traitement: /Drive ECHOLINE/01-Internal Ops/A-Veilles et traitement/Veille reg. Malaysie/ (6 permission(s))
[2026-06-08 15:25:05] [INFO] === COPIE REELLE: Drive ECHOLINE/01-Internal Ops/A-Veilles et traitement/Veille reg. Malaysie ===
[2026-06-08 15:25:06] [SUCCESS] Dossier cree: Drive ECHOLINE/01-Internal Ops/A-Veilles et traitement/Veille reg. Malaysie
[2026-06-08 15:25:07] [WARN] Impossible de résoudre 'test' dans le tenant destination - permission ignorée
[2026-06-08 15:25:07] [SUCCESS] Permission appliquée: Equipe INFRA [write] -> Drive ECHOLINE/01-Internal Ops/A-Veilles et traitement/Veille reg. Malaysie
[2026-06-08 15:25:07] [SUCCESS] Permission appliquée: User 01 [write] -> Drive ECHOLINE/01-Internal Ops/A-Veilles et traitement/Veille reg. Malaysie
[2026-06-08 15:25:07] [WARN] Pas de mappage pour: SERVICES_GENERAUX - Membres () - permission ignorée sur Drive ECHOLINE/01-Internal Ops/A-Veilles et traitement/Veille reg. Malaysie
[2026-06-08 15:25:07] [WARN] Pas de mappage pour: SERVICES_GENERAUX - Visiteurs () - permission ignorée sur Drive ECHOLINE/01-Internal Ops/A-Veilles et traitement/Veille reg. Malaysie
[2026-06-08 15:25:07] [WARN] Pas de mappage pour: Propriétaires de SERVICES_GENERAUX () - permission ignorée sur Drive ECHOLINE/01-Internal Ops/A-Veilles et traitement/Veille reg. Malaysie
[2026-06-08 15:25:07] [INFO] Traitement: /Drive ECHOLINE/01-Internal Ops/A-Veilles et traitement/Veille reg. Maroc/ (6 permission(s))
[2026-06-08 15:25:07] [INFO] === COPIE REELLE: Drive ECHOLINE/01-Internal Ops/A-Veilles et traitement/Veille reg. Maroc ===
[2026-06-08 15:25:08] [SUCCESS] Dossier cree: Drive ECHOLINE/01-Internal Ops/A-Veilles et traitement/Veille reg. Maroc
[2026-06-08 15:25:08] [SUCCESS] Permission appliquée: Equipe INFRA [write] -> Drive ECHOLINE/01-Internal Ops/A-Veilles et traitement/Veille reg. Maroc
[2026-06-08 15:25:08] [WARN] Pas de mappage pour: Propriétaires de SERVICES_GENERAUX () - permission ignorée sur Drive ECHOLINE/01-Internal Ops/A-Veilles et traitement/Veille reg. Maroc
[2026-06-08 15:25:08] [WARN] Pas de mappage pour: SERVICES_GENERAUX - Visiteurs () - permission ignorée sur Drive ECHOLINE/01-Internal Ops/A-Veilles et traitement/Veille reg. Maroc
[2026-06-08 15:25:08] [WARN] Pas de mappage pour: SERVICES_GENERAUX - Membres () - permission ignorée sur Drive ECHOLINE/01-Internal Ops/A-Veilles et traitement/Veille reg. Maroc
[2026-06-08 15:25:09] [SUCCESS] Permission appliquée: User 01 [write] -> Drive ECHOLINE/01-Internal Ops/A-Veilles et traitement/Veille reg. Maroc
[2026-06-08 15:25:09] [WARN] Impossible de résoudre 'test' dans le tenant destination - permission ignorée
[2026-06-08 15:25:09] [INFO] Traitement: /Drive ECHOLINE/01-Internal Ops/A-Veilles et traitement/Veille reg. Pologne/ (6 permission(s))
[2026-06-08 15:25:09] [INFO] === COPIE REELLE: Drive ECHOLINE/01-Internal Ops/A-Veilles et traitement/Veille reg. Pologne ===
[2026-06-08 15:25:10] [SUCCESS] Dossier cree: Drive ECHOLINE/01-Internal Ops/A-Veilles et traitement/Veille reg. Pologne
[2026-06-08 15:25:10] [WARN] Impossible de résoudre 'test' dans le tenant destination - permission ignorée
[2026-06-08 15:25:10] [WARN] Pas de mappage pour: Propriétaires de SERVICES_GENERAUX () - permission ignorée sur Drive ECHOLINE/01-Internal Ops/A-Veilles et traitement/Veille reg. Pologne
[2026-06-08 15:25:10] [SUCCESS] Permission appliquée: Equipe INFRA [write] -> Drive ECHOLINE/01-Internal Ops/A-Veilles et traitement/Veille reg. Pologne
[2026-06-08 15:25:10] [WARN] Pas de mappage pour: SERVICES_GENERAUX - Visiteurs () - permission ignorée sur Drive ECHOLINE/01-Internal Ops/A-Veilles et traitement/Veille reg. Pologne
[2026-06-08 15:25:10] [WARN] Pas de mappage pour: SERVICES_GENERAUX - Membres () - permission ignorée sur Drive ECHOLINE/01-Internal Ops/A-Veilles et traitement/Veille reg. Pologne
[2026-06-08 15:25:10] [SUCCESS] Permission appliquée: User 01 [write] -> Drive ECHOLINE/01-Internal Ops/A-Veilles et traitement/Veille reg. Pologne
[2026-06-08 15:25:10] [INFO] Traitement: /Drive ECHOLINE/01-Internal Ops/A-Veilles et traitement/Veille reg. Portugal/ (6 permission(s))
[2026-06-08 15:25:10] [INFO] === COPIE REELLE: Drive ECHOLINE/01-Internal Ops/A-Veilles et traitement/Veille reg. Portugal ===
[2026-06-08 15:25:12] [SUCCESS] Dossier cree: Drive ECHOLINE/01-Internal Ops/A-Veilles et traitement/Veille reg. Portugal
[2026-06-08 15:25:12] [WARN] Impossible de résoudre 'test' dans le tenant destination - permission ignorée
[2026-06-08 15:25:13] [SUCCESS] Permission appliquée: Equipe INFRA [write] -> Drive ECHOLINE/01-Internal Ops/A-Veilles et traitement/Veille reg. Portugal
[2026-06-08 15:25:13] [SUCCESS] Permission appliquée: User 01 [write] -> Drive ECHOLINE/01-Internal Ops/A-Veilles et traitement/Veille reg. Portugal
[2026-06-08 15:25:13] [WARN] Pas de mappage pour: SERVICES_GENERAUX - Membres () - permission ignorée sur Drive ECHOLINE/01-Internal Ops/A-Veilles et traitement/Veille reg. Portugal
[2026-06-08 15:25:13] [WARN] Pas de mappage pour: SERVICES_GENERAUX - Visiteurs () - permission ignorée sur Drive ECHOLINE/01-Internal Ops/A-Veilles et traitement/Veille reg. Portugal
[2026-06-08 15:25:13] [WARN] Pas de mappage pour: Propriétaires de SERVICES_GENERAUX () - permission ignorée sur Drive ECHOLINE/01-Internal Ops/A-Veilles et traitement/Veille reg. Portugal
[2026-06-08 15:25:13] [INFO] Traitement: /Drive ECHOLINE/01-Internal Ops/A-Veilles et traitement/Veille reg. Royaume-Uni/ (6 permission(s))
[2026-06-08 15:25:13] [INFO] === COPIE REELLE: Drive ECHOLINE/01-Internal Ops/A-Veilles et traitement/Veille reg. Royaume-Uni ===
[2026-06-08 15:25:14] [SUCCESS] Dossier cree: Drive ECHOLINE/01-Internal Ops/A-Veilles et traitement/Veille reg. Royaume-Uni
[2026-06-08 15:25:14] [SUCCESS] Permission appliquée: User 01 [write] -> Drive ECHOLINE/01-Internal Ops/A-Veilles et traitement/Veille reg. Royaume-Uni
[2026-06-08 15:25:14] [WARN] Pas de mappage pour: Propriétaires de SERVICES_GENERAUX () - permission ignorée sur Drive ECHOLINE/01-Internal Ops/A-Veilles et traitement/Veille reg. Royaume-Uni
[2026-06-08 15:25:14] [WARN] Pas de mappage pour: SERVICES_GENERAUX - Visiteurs () - permission ignorée sur Drive ECHOLINE/01-Internal Ops/A-Veilles et traitement/Veille reg. Royaume-Uni
[2026-06-08 15:25:14] [WARN] Pas de mappage pour: SERVICES_GENERAUX - Membres () - permission ignorée sur Drive ECHOLINE/01-Internal Ops/A-Veilles et traitement/Veille reg. Royaume-Uni
[2026-06-08 15:25:15] [SUCCESS] Permission appliquée: Equipe INFRA [write] -> Drive ECHOLINE/01-Internal Ops/A-Veilles et traitement/Veille reg. Royaume-Uni
[2026-06-08 15:25:15] [WARN] Impossible de résoudre 'test' dans le tenant destination - permission ignorée
[2026-06-08 15:25:15] [INFO] Traitement: /Drive ECHOLINE/01-Internal Ops/A-Veilles et traitement/Veille reg. Singapour/ (6 permission(s))
[2026-06-08 15:25:15] [INFO] === COPIE REELLE: Drive ECHOLINE/01-Internal Ops/A-Veilles et traitement/Veille reg. Singapour ===
[2026-06-08 15:25:16] [SUCCESS] Dossier cree: Drive ECHOLINE/01-Internal Ops/A-Veilles et traitement/Veille reg. Singapour
[2026-06-08 15:25:16] [WARN] Impossible de résoudre 'test' dans le tenant destination - permission ignorée
[2026-06-08 15:25:16] [WARN] Pas de mappage pour: Propriétaires de SERVICES_GENERAUX () - permission ignorée sur Drive ECHOLINE/01-Internal Ops/A-Veilles et traitement/Veille reg. Singapour
[2026-06-08 15:25:16] [WARN] Pas de mappage pour: SERVICES_GENERAUX - Visiteurs () - permission ignorée sur Drive ECHOLINE/01-Internal Ops/A-Veilles et traitement/Veille reg. Singapour
[2026-06-08 15:25:16] [WARN] Pas de mappage pour: SERVICES_GENERAUX - Membres () - permission ignorée sur Drive ECHOLINE/01-Internal Ops/A-Veilles et traitement/Veille reg. Singapour
[2026-06-08 15:25:16] [SUCCESS] Permission appliquée: Equipe INFRA [write] -> Drive ECHOLINE/01-Internal Ops/A-Veilles et traitement/Veille reg. Singapour
[2026-06-08 15:25:16] [SUCCESS] Permission appliquée: User 01 [write] -> Drive ECHOLINE/01-Internal Ops/A-Veilles et traitement/Veille reg. Singapour
[2026-06-08 15:25:16] [INFO] Traitement: /Drive ECHOLINE/01-Internal Ops/A-Veilles et traitement/Veille reg. Suède/ (6 permission(s))
[2026-06-08 15:25:16] [INFO] === COPIE REELLE: Drive ECHOLINE/01-Internal Ops/A-Veilles et traitement/Veille reg. Suède ===
[2026-06-08 15:25:18] [SUCCESS] Dossier cree: Drive ECHOLINE/01-Internal Ops/A-Veilles et traitement/Veille reg. Suède
[2026-06-08 15:25:18] [DEBUG] [404] Item pas encore disponible, retry 1/3 dans 2s: Drive ECHOLINE/01-Internal Ops/A-Veilles et traitement/Veille reg. Suède
[2026-06-08 15:25:20] [DEBUG] [404] Item pas encore disponible, retry 2/3 dans 2s: Drive ECHOLINE/01-Internal Ops/A-Veilles et traitement/Veille reg. Suède
[2026-06-08 15:25:22] [DEBUG] [404] Item pas encore disponible, retry 3/3 dans 2s: Drive ECHOLINE/01-Internal Ops/A-Veilles et traitement/Veille reg. Suède
[2026-06-08 15:25:24] [WARN] Impossible de récupérer l'item destination pour les droits: Drive ECHOLINE/01-Internal Ops/A-Veilles et traitement/Veille reg. Suède - Le serveur distant a retourné une erreur : (404) Introuvable.
[2026-06-08 15:25:24] [INFO] Traitement: /Drive ECHOLINE/01-Internal Ops/A-Veilles et traitement/Veille reg. Suisse/ (6 permission(s))
[2026-06-08 15:25:24] [INFO] === COPIE REELLE: Drive ECHOLINE/01-Internal Ops/A-Veilles et traitement/Veille reg. Suisse ===
[2026-06-08 15:25:26] [SUCCESS] Dossier cree: Drive ECHOLINE/01-Internal Ops/A-Veilles et traitement/Veille reg. Suisse
[2026-06-08 15:25:26] [SUCCESS] Permission appliquée: Equipe INFRA [write] -> Drive ECHOLINE/01-Internal Ops/A-Veilles et traitement/Veille reg. Suisse
[2026-06-08 15:25:27] [SUCCESS] Permission appliquée: User 01 [write] -> Drive ECHOLINE/01-Internal Ops/A-Veilles et traitement/Veille reg. Suisse
[2026-06-08 15:25:27] [WARN] Pas de mappage pour: SERVICES_GENERAUX - Membres () - permission ignorée sur Drive ECHOLINE/01-Internal Ops/A-Veilles et traitement/Veille reg. Suisse
[2026-06-08 15:25:27] [WARN] Pas de mappage pour: Propriétaires de SERVICES_GENERAUX () - permission ignorée sur Drive ECHOLINE/01-Internal Ops/A-Veilles et traitement/Veille reg. Suisse
[2026-06-08 15:25:27] [WARN] Pas de mappage pour: SERVICES_GENERAUX - Visiteurs () - permission ignorée sur Drive ECHOLINE/01-Internal Ops/A-Veilles et traitement/Veille reg. Suisse
[2026-06-08 15:25:27] [WARN] Impossible de résoudre 'test' dans le tenant destination - permission ignorée
[2026-06-08 15:25:27] [INFO] Traitement: /Drive ECHOLINE/01-Internal Ops/A-Veilles et traitement/Veille reg. Tunisie/ (6 permission(s))
[2026-06-08 15:25:27] [INFO] === COPIE REELLE: Drive ECHOLINE/01-Internal Ops/A-Veilles et traitement/Veille reg. Tunisie ===
[2026-06-08 15:25:28] [SUCCESS] Dossier cree: Drive ECHOLINE/01-Internal Ops/A-Veilles et traitement/Veille reg. Tunisie
[2026-06-08 15:25:28] [SUCCESS] Permission appliquée: Equipe INFRA [write] -> Drive ECHOLINE/01-Internal Ops/A-Veilles et traitement/Veille reg. Tunisie
[2026-06-08 15:25:28] [SUCCESS] Permission appliquée: User 01 [write] -> Drive ECHOLINE/01-Internal Ops/A-Veilles et traitement/Veille reg. Tunisie
[2026-06-08 15:25:28] [WARN] Pas de mappage pour: SERVICES_GENERAUX - Membres () - permission ignorée sur Drive ECHOLINE/01-Internal Ops/A-Veilles et traitement/Veille reg. Tunisie
[2026-06-08 15:25:28] [WARN] Pas de mappage pour: SERVICES_GENERAUX - Visiteurs () - permission ignorée sur Drive ECHOLINE/01-Internal Ops/A-Veilles et traitement/Veille reg. Tunisie
[2026-06-08 15:25:28] [WARN] Pas de mappage pour: Propriétaires de SERVICES_GENERAUX () - permission ignorée sur Drive ECHOLINE/01-Internal Ops/A-Veilles et traitement/Veille reg. Tunisie
[2026-06-08 15:25:28] [WARN] Impossible de résoudre 'test' dans le tenant destination - permission ignorée
[2026-06-08 15:25:28] [INFO] Traitement: /Drive ECHOLINE/01-Internal Ops/A-Veilles et traitement/Veille reg. USA/ (6 permission(s))
[2026-06-08 15:25:28] [INFO] === COPIE REELLE: Drive ECHOLINE/01-Internal Ops/A-Veilles et traitement/Veille reg. USA ===
[2026-06-08 15:25:29] [SUCCESS] Dossier cree: Drive ECHOLINE/01-Internal Ops/A-Veilles et traitement/Veille reg. USA
[2026-06-08 15:25:30] [SUCCESS] Permission appliquée: User 01 [write] -> Drive ECHOLINE/01-Internal Ops/A-Veilles et traitement/Veille reg. USA
[2026-06-08 15:25:30] [WARN] Pas de mappage pour: SERVICES_GENERAUX - Membres () - permission ignorée sur Drive ECHOLINE/01-Internal Ops/A-Veilles et traitement/Veille reg. USA
[2026-06-08 15:25:30] [WARN] Pas de mappage pour: SERVICES_GENERAUX - Visiteurs () - permission ignorée sur Drive ECHOLINE/01-Internal Ops/A-Veilles et traitement/Veille reg. USA
[2026-06-08 15:25:30] [WARN] Pas de mappage pour: Propriétaires de SERVICES_GENERAUX () - permission ignorée sur Drive ECHOLINE/01-Internal Ops/A-Veilles et traitement/Veille reg. USA
[2026-06-08 15:25:30] [WARN] Impossible de résoudre 'test' dans le tenant destination - permission ignorée
[2026-06-08 15:25:30] [SUCCESS] Permission appliquée: Equipe INFRA [write] -> Drive ECHOLINE/01-Internal Ops/A-Veilles et traitement/Veille reg. USA
[2026-06-08 15:25:30] [INFO] Traitement: /Drive ECHOLINE/01-Internal Ops/B-Partenaires veille int._/ (6 permission(s))
[2026-06-08 15:25:30] [INFO] === COPIE REELLE: Drive ECHOLINE/01-Internal Ops/B-Partenaires veille int._ ===
[2026-06-08 15:25:31] [SUCCESS] Dossier cree: Drive ECHOLINE/01-Internal Ops/B-Partenaires veille int._
[2026-06-08 15:25:32] [WARN] Impossible de résoudre 'test' dans le tenant destination - permission ignorée
[2026-06-08 15:25:32] [SUCCESS] Permission appliquée: Equipe INFRA [write] -> Drive ECHOLINE/01-Internal Ops/B-Partenaires veille int._
[2026-06-08 15:25:32] [SUCCESS] Permission appliquée: User 01 [write] -> Drive ECHOLINE/01-Internal Ops/B-Partenaires veille int._
[2026-06-08 15:25:32] [WARN] Pas de mappage pour: SERVICES_GENERAUX - Membres () - permission ignorée sur Drive ECHOLINE/01-Internal Ops/B-Partenaires veille int._
[2026-06-08 15:25:33] [WARN] Pas de mappage pour: SERVICES_GENERAUX - Visiteurs () - permission ignorée sur Drive ECHOLINE/01-Internal Ops/B-Partenaires veille int._
[2026-06-08 15:25:33] [WARN] Pas de mappage pour: Propriétaires de SERVICES_GENERAUX () - permission ignorée sur Drive ECHOLINE/01-Internal Ops/B-Partenaires veille int._
[2026-06-08 15:25:33] [INFO] Traitement: /Drive ECHOLINE/01-Internal Ops/B-Partenaires veille int._/Nimonik/ (6 permission(s))
[2026-06-08 15:25:33] [INFO] === COPIE REELLE: Drive ECHOLINE/01-Internal Ops/B-Partenaires veille int._/Nimonik ===
[2026-06-08 15:25:33] [SUCCESS] Dossier cree: Drive ECHOLINE/01-Internal Ops/B-Partenaires veille int._/Nimonik
[2026-06-08 15:25:34] [WARN] Pas de mappage pour: SERVICES_GENERAUX - Membres () - permission ignorée sur Drive ECHOLINE/01-Internal Ops/B-Partenaires veille int._/Nimonik
[2026-06-08 15:25:34] [WARN] Pas de mappage pour: Propriétaires de SERVICES_GENERAUX () - permission ignorée sur Drive ECHOLINE/01-Internal Ops/B-Partenaires veille int._/Nimonik
[2026-06-08 15:25:34] [SUCCESS] Permission appliquée: Equipe INFRA [write] -> Drive ECHOLINE/01-Internal Ops/B-Partenaires veille int._/Nimonik
[2026-06-08 15:25:34] [WARN] Impossible de résoudre 'test' dans le tenant destination - permission ignorée
[2026-06-08 15:25:34] [WARN] Pas de mappage pour: SERVICES_GENERAUX - Visiteurs () - permission ignorée sur Drive ECHOLINE/01-Internal Ops/B-Partenaires veille int._/Nimonik
[2026-06-08 15:25:34] [SUCCESS] Permission appliquée: User 01 [write] -> Drive ECHOLINE/01-Internal Ops/B-Partenaires veille int._/Nimonik
[2026-06-08 15:25:34] [INFO] Traitement: /Drive ECHOLINE/01-Internal Ops/B-Partenaires veille int._/Notisum/ (6 permission(s))
[2026-06-08 15:25:34] [INFO] === COPIE REELLE: Drive ECHOLINE/01-Internal Ops/B-Partenaires veille int._/Notisum ===
[2026-06-08 15:25:35] [SUCCESS] Dossier cree: Drive ECHOLINE/01-Internal Ops/B-Partenaires veille int._/Notisum
[2026-06-08 15:25:35] [WARN] Pas de mappage pour: Propriétaires de SERVICES_GENERAUX () - permission ignorée sur Drive ECHOLINE/01-Internal Ops/B-Partenaires veille int._/Notisum
[2026-06-08 15:25:35] [WARN] Pas de mappage pour: SERVICES_GENERAUX - Visiteurs () - permission ignorée sur Drive ECHOLINE/01-Internal Ops/B-Partenaires veille int._/Notisum
[2026-06-08 15:25:35] [WARN] Pas de mappage pour: SERVICES_GENERAUX - Membres () - permission ignorée sur Drive ECHOLINE/01-Internal Ops/B-Partenaires veille int._/Notisum
[2026-06-08 15:25:35] [SUCCESS] Permission appliquée: User 01 [write] -> Drive ECHOLINE/01-Internal Ops/B-Partenaires veille int._/Notisum
[2026-06-08 15:25:37] [SUCCESS] Permission appliquée: Equipe INFRA [write] -> Drive ECHOLINE/01-Internal Ops/B-Partenaires veille int._/Notisum
[2026-06-08 15:25:37] [WARN] Impossible de résoudre 'test' dans le tenant destination - permission ignorée
[2026-06-08 15:25:37] [INFO] Traitement: /Drive ECHOLINE/01-Internal Ops/B-Partenaires veille int._/ZZ-Archives/ (6 permission(s))
[2026-06-08 15:25:37] [INFO] === COPIE REELLE: Drive ECHOLINE/01-Internal Ops/B-Partenaires veille int._/ZZ-Archives ===
[2026-06-08 15:25:38] [SUCCESS] Dossier cree: Drive ECHOLINE/01-Internal Ops/B-Partenaires veille int._/ZZ-Archives
[2026-06-08 15:25:38] [WARN] Impossible de résoudre 'test' dans le tenant destination - permission ignorée
[2026-06-08 15:25:38] [WARN] Pas de mappage pour: SERVICES_GENERAUX - Visiteurs () - permission ignorée sur Drive ECHOLINE/01-Internal Ops/B-Partenaires veille int._/ZZ-Archives
[2026-06-08 15:25:38] [SUCCESS] Permission appliquée: Equipe INFRA [write] -> Drive ECHOLINE/01-Internal Ops/B-Partenaires veille int._/ZZ-Archives
[2026-06-08 15:25:38] [WARN] Pas de mappage pour: SERVICES_GENERAUX - Membres () - permission ignorée sur Drive ECHOLINE/01-Internal Ops/B-Partenaires veille int._/ZZ-Archives
[2026-06-08 15:25:39] [SUCCESS] Permission appliquée: User 01 [write] -> Drive ECHOLINE/01-Internal Ops/B-Partenaires veille int._/ZZ-Archives
[2026-06-08 15:25:39] [WARN] Pas de mappage pour: Propriétaires de SERVICES_GENERAUX () - permission ignorée sur Drive ECHOLINE/01-Internal Ops/B-Partenaires veille int._/ZZ-Archives
[2026-06-08 15:25:39] [INFO] Traitement: /Drive ECHOLINE/01-Internal Ops/C-Projets/ (6 permission(s))
[2026-06-08 15:25:39] [INFO] === COPIE REELLE: Drive ECHOLINE/01-Internal Ops/C-Projets ===
[2026-06-08 15:25:40] [SUCCESS] Dossier cree: Drive ECHOLINE/01-Internal Ops/C-Projets
[2026-06-08 15:25:40] [WARN] Impossible de résoudre 'test' dans le tenant destination - permission ignorée
[2026-06-08 15:25:40] [SUCCESS] Permission appliquée: Equipe INFRA [write] -> Drive ECHOLINE/01-Internal Ops/C-Projets
[2026-06-08 15:25:40] [SUCCESS] Permission appliquée: User 01 [write] -> Drive ECHOLINE/01-Internal Ops/C-Projets
[2026-06-08 15:25:40] [WARN] Pas de mappage pour: SERVICES_GENERAUX - Membres () - permission ignorée sur Drive ECHOLINE/01-Internal Ops/C-Projets
[2026-06-08 15:25:40] [WARN] Pas de mappage pour: SERVICES_GENERAUX - Visiteurs () - permission ignorée sur Drive ECHOLINE/01-Internal Ops/C-Projets
[2026-06-08 15:25:40] [WARN] Pas de mappage pour: Propriétaires de SERVICES_GENERAUX () - permission ignorée sur Drive ECHOLINE/01-Internal Ops/C-Projets
[2026-06-08 15:25:40] [INFO] Traitement: /Drive ECHOLINE/01-Internal Ops/C-Projets/Fiches thématiques/ (6 permission(s))
[2026-06-08 15:25:40] [INFO] === COPIE REELLE: Drive ECHOLINE/01-Internal Ops/C-Projets/Fiches thématiques ===
[2026-06-08 15:25:41] [ERROR] Erreur copie: Le serveur distant a retourné une erreur : (400) Demande incorrecte.
[2026-06-08 15:25:42] [DEBUG] [404] Item pas encore disponible, retry 1/3 dans 2s: Drive ECHOLINE/01-Internal Ops/C-Projets/Fiches thématiques
[2026-06-08 15:25:44] [DEBUG] [404] Item pas encore disponible, retry 2/3 dans 2s: Drive ECHOLINE/01-Internal Ops/C-Projets/Fiches thématiques
[2026-06-08 15:25:46] [DEBUG] [404] Item pas encore disponible, retry 3/3 dans 2s: Drive ECHOLINE/01-Internal Ops/C-Projets/Fiches thématiques
[2026-06-08 15:25:48] [WARN] Impossible de récupérer l'item destination pour les droits: Drive ECHOLINE/01-Internal Ops/C-Projets/Fiches thématiques - Le serveur distant a retourné une erreur : (404) Introuvable.
[2026-06-08 15:25:48] [INFO] Traitement: /Drive ECHOLINE/01-Internal Ops/C-Projets/Normes/ (6 permission(s))
[2026-06-08 15:25:48] [INFO] === COPIE REELLE: Drive ECHOLINE/01-Internal Ops/C-Projets/Normes ===
[2026-06-08 15:25:49] [SUCCESS] Dossier cree: Drive ECHOLINE/01-Internal Ops/C-Projets/Normes
[2026-06-08 15:25:49] [WARN] Impossible de résoudre 'test' dans le tenant destination - permission ignorée
[2026-06-08 15:25:49] [WARN] Pas de mappage pour: SERVICES_GENERAUX - Visiteurs () - permission ignorée sur Drive ECHOLINE/01-Internal Ops/C-Projets/Normes
[2026-06-08 15:25:49] [WARN] Pas de mappage pour: SERVICES_GENERAUX - Membres () - permission ignorée sur Drive ECHOLINE/01-Internal Ops/C-Projets/Normes
[2026-06-08 15:25:50] [SUCCESS] Permission appliquée: User 01 [write] -> Drive ECHOLINE/01-Internal Ops/C-Projets/Normes
[2026-06-08 15:25:50] [SUCCESS] Permission appliquée: Equipe INFRA [write] -> Drive ECHOLINE/01-Internal Ops/C-Projets/Normes
[2026-06-08 15:25:50] [WARN] Pas de mappage pour: Propriétaires de SERVICES_GENERAUX () - permission ignorée sur Drive ECHOLINE/01-Internal Ops/C-Projets/Normes
[2026-06-08 15:25:50] [INFO] Traitement: /Drive ECHOLINE/01-Internal Ops/C-Projets/Projet QSE Veille/ (6 permission(s))
[2026-06-08 15:25:50] [INFO] === COPIE REELLE: Drive ECHOLINE/01-Internal Ops/C-Projets/Projet QSE Veille ===
[2026-06-08 15:25:51] [SUCCESS] Dossier cree: Drive ECHOLINE/01-Internal Ops/C-Projets/Projet QSE Veille
[2026-06-08 15:25:51] [WARN] Pas de mappage pour: Propriétaires de SERVICES_GENERAUX () - permission ignorée sur Drive ECHOLINE/01-Internal Ops/C-Projets/Projet QSE Veille
[2026-06-08 15:25:51] [WARN] Impossible de résoudre 'test' dans le tenant destination - permission ignorée
[2026-06-08 15:25:51] [SUCCESS] Permission appliquée: Equipe INFRA [write] -> Drive ECHOLINE/01-Internal Ops/C-Projets/Projet QSE Veille
[2026-06-08 15:25:51] [SUCCESS] Permission appliquée: User 01 [write] -> Drive ECHOLINE/01-Internal Ops/C-Projets/Projet QSE Veille
[2026-06-08 15:25:51] [WARN] Pas de mappage pour: SERVICES_GENERAUX - Membres () - permission ignorée sur Drive ECHOLINE/01-Internal Ops/C-Projets/Projet QSE Veille
[2026-06-08 15:25:51] [WARN] Pas de mappage pour: SERVICES_GENERAUX - Visiteurs () - permission ignorée sur Drive ECHOLINE/01-Internal Ops/C-Projets/Projet QSE Veille
[2026-06-08 15:25:51] [INFO] Traitement: /Drive ECHOLINE/01-Internal Ops/D-OKRs-KPIs/ (6 permission(s))
[2026-06-08 15:25:51] [INFO] === COPIE REELLE: Drive ECHOLINE/01-Internal Ops/D-OKRs-KPIs ===
[2026-06-08 15:25:52] [SUCCESS] Dossier cree: Drive ECHOLINE/01-Internal Ops/D-OKRs-KPIs
[2026-06-08 15:25:52] [WARN] Pas de mappage pour: Propriétaires de SERVICES_GENERAUX () - permission ignorée sur Drive ECHOLINE/01-Internal Ops/D-OKRs-KPIs
[2026-06-08 15:25:52] [WARN] Pas de mappage pour: SERVICES_GENERAUX - Membres () - permission ignorée sur Drive ECHOLINE/01-Internal Ops/D-OKRs-KPIs
[2026-06-08 15:25:52] [SUCCESS] Permission appliquée: Equipe INFRA [write] -> Drive ECHOLINE/01-Internal Ops/D-OKRs-KPIs
[2026-06-08 15:25:52] [WARN] Impossible de résoudre 'test' dans le tenant destination - permission ignorée
[2026-06-08 15:25:52] [WARN] Pas de mappage pour: SERVICES_GENERAUX - Visiteurs () - permission ignorée sur Drive ECHOLINE/01-Internal Ops/D-OKRs-KPIs
[2026-06-08 15:25:53] [SUCCESS] Permission appliquée: User 01 [write] -> Drive ECHOLINE/01-Internal Ops/D-OKRs-KPIs
[2026-06-08 15:25:53] [INFO] Traitement: /Drive ECHOLINE/01-Internal Ops/E-Ressources juridiques/ (6 permission(s))
[2026-06-08 15:25:53] [INFO] === COPIE REELLE: Drive ECHOLINE/01-Internal Ops/E-Ressources juridiques ===
[2026-06-08 15:25:54] [SUCCESS] Dossier cree: Drive ECHOLINE/01-Internal Ops/E-Ressources juridiques
[2026-06-08 15:25:54] [WARN] Impossible de résoudre 'test' dans le tenant destination - permission ignorée
[2026-06-08 15:25:54] [SUCCESS] Permission appliquée: Equipe INFRA [write] -> Drive ECHOLINE/01-Internal Ops/E-Ressources juridiques
[2026-06-08 15:25:54] [SUCCESS] Permission appliquée: User 01 [write] -> Drive ECHOLINE/01-Internal Ops/E-Ressources juridiques
[2026-06-08 15:25:54] [WARN] Pas de mappage pour: SERVICES_GENERAUX - Membres () - permission ignorée sur Drive ECHOLINE/01-Internal Ops/E-Ressources juridiques
[2026-06-08 15:25:54] [WARN] Pas de mappage pour: SERVICES_GENERAUX - Visiteurs () - permission ignorée sur Drive ECHOLINE/01-Internal Ops/E-Ressources juridiques
[2026-06-08 15:25:54] [WARN] Pas de mappage pour: Propriétaires de SERVICES_GENERAUX () - permission ignorée sur Drive ECHOLINE/01-Internal Ops/E-Ressources juridiques
[2026-06-08 15:25:54] [INFO] Traitement: /Drive ECHOLINE/01-Internal Ops/E-Ressources juridiques/Environnement/ (6 permission(s))
[2026-06-08 15:25:54] [INFO] === COPIE REELLE: Drive ECHOLINE/01-Internal Ops/E-Ressources juridiques/Environnement ===
[2026-06-08 15:25:55] [SUCCESS] Dossier cree: Drive ECHOLINE/01-Internal Ops/E-Ressources juridiques/Environnement
[2026-06-08 15:25:56] [SUCCESS] Permission appliquée: Equipe INFRA [write] -> Drive ECHOLINE/01-Internal Ops/E-Ressources juridiques/Environnement
[2026-06-08 15:25:56] [WARN] Pas de mappage pour: Propriétaires de SERVICES_GENERAUX () - permission ignorée sur Drive ECHOLINE/01-Internal Ops/E-Ressources juridiques/Environnement
[2026-06-08 15:25:56] [WARN] Pas de mappage pour: SERVICES_GENERAUX - Visiteurs () - permission ignorée sur Drive ECHOLINE/01-Internal Ops/E-Ressources juridiques/Environnement
[2026-06-08 15:25:56] [WARN] Pas de mappage pour: SERVICES_GENERAUX - Membres () - permission ignorée sur Drive ECHOLINE/01-Internal Ops/E-Ressources juridiques/Environnement
[2026-06-08 15:25:56] [SUCCESS] Permission appliquée: User 01 [write] -> Drive ECHOLINE/01-Internal Ops/E-Ressources juridiques/Environnement
[2026-06-08 15:25:56] [WARN] Impossible de résoudre 'test' dans le tenant destination - permission ignorée
[2026-06-08 15:25:56] [INFO] Traitement: /Drive ECHOLINE/01-Internal Ops/E-Ressources juridiques/Sécurité au travail/ (6 permission(s))
[2026-06-08 15:25:56] [INFO] === COPIE REELLE: Drive ECHOLINE/01-Internal Ops/E-Ressources juridiques/Sécurité au travail ===
[2026-06-08 15:25:57] [ERROR] Erreur copie: Le serveur distant a retourné une erreur : (400) Demande incorrecte.
[2026-06-08 15:25:57] [DEBUG] [404] Item pas encore disponible, retry 1/3 dans 2s: Drive ECHOLINE/01-Internal Ops/E-Ressources juridiques/Sécurité au travail
[2026-06-08 15:25:59] [DEBUG] [404] Item pas encore disponible, retry 2/3 dans 2s: Drive ECHOLINE/01-Internal Ops/E-Ressources juridiques/Sécurité au travail
[2026-06-08 15:26:01] [DEBUG] [404] Item pas encore disponible, retry 3/3 dans 2s: Drive ECHOLINE/01-Internal Ops/E-Ressources juridiques/Sécurité au travail
[2026-06-08 15:26:04] [WARN] Impossible de récupérer l'item destination pour les droits: Drive ECHOLINE/01-Internal Ops/E-Ressources juridiques/Sécurité au travail - Le serveur distant a retourné une erreur : (404) Introuvable.
[2026-06-08 15:26:04] [INFO] Traitement: /Drive ECHOLINE/01-Internal Ops/ZZ-Archives/ (6 permission(s))
[2026-06-08 15:26:04] [INFO] === COPIE REELLE: Drive ECHOLINE/01-Internal Ops/ZZ-Archives ===
[2026-06-08 15:26:05] [SUCCESS] Dossier cree: Drive ECHOLINE/01-Internal Ops/ZZ-Archives
[2026-06-08 15:26:05] [WARN] Impossible de résoudre 'test' dans le tenant destination - permission ignorée
[2026-06-08 15:26:05] [SUCCESS] Permission appliquée: Equipe INFRA [write] -> Drive ECHOLINE/01-Internal Ops/ZZ-Archives
[2026-06-08 15:26:05] [SUCCESS] Permission appliquée: User 01 [write] -> Drive ECHOLINE/01-Internal Ops/ZZ-Archives
[2026-06-08 15:26:05] [WARN] Pas de mappage pour: SERVICES_GENERAUX - Membres () - permission ignorée sur Drive ECHOLINE/01-Internal Ops/ZZ-Archives
[2026-06-08 15:26:05] [WARN] Pas de mappage pour: SERVICES_GENERAUX - Visiteurs () - permission ignorée sur Drive ECHOLINE/01-Internal Ops/ZZ-Archives
[2026-06-08 15:26:05] [WARN] Pas de mappage pour: Propriétaires de SERVICES_GENERAUX () - permission ignorée sur Drive ECHOLINE/01-Internal Ops/ZZ-Archives
[2026-06-08 15:26:05] [INFO] Traitement: /Drive ECHOLINE/01-Internal Ops/ZZ-Archives/Check List - Traitement/ (6 permission(s))
[2026-06-08 15:26:05] [INFO] === COPIE REELLE: Drive ECHOLINE/01-Internal Ops/ZZ-Archives/Check List - Traitement ===
[2026-06-08 15:26:06] [SUCCESS] Dossier cree: Drive ECHOLINE/01-Internal Ops/ZZ-Archives/Check List - Traitement
[2026-06-08 15:26:06] [WARN] Pas de mappage pour: SERVICES_GENERAUX - Visiteurs () - permission ignorée sur Drive ECHOLINE/01-Internal Ops/ZZ-Archives/Check List - Traitement
[2026-06-08 15:26:06] [WARN] Pas de mappage pour: Propriétaires de SERVICES_GENERAUX () - permission ignorée sur Drive ECHOLINE/01-Internal Ops/ZZ-Archives/Check List - Traitement
[2026-06-08 15:26:06] [WARN] Pas de mappage pour: SERVICES_GENERAUX - Membres () - permission ignorée sur Drive ECHOLINE/01-Internal Ops/ZZ-Archives/Check List - Traitement
[2026-06-08 15:26:07] [SUCCESS] Permission appliquée: User 01 [write] -> Drive ECHOLINE/01-Internal Ops/ZZ-Archives/Check List - Traitement
[2026-06-08 15:26:07] [SUCCESS] Permission appliquée: Equipe INFRA [write] -> Drive ECHOLINE/01-Internal Ops/ZZ-Archives/Check List - Traitement
[2026-06-08 15:26:07] [WARN] Impossible de résoudre 'test' dans le tenant destination - permission ignorée
[2026-06-08 15:26:07] [INFO] Traitement: /Drive ECHOLINE/01-Internal Ops/ZZ-Archives/Process et procédures/ (6 permission(s))
[2026-06-08 15:26:07] [INFO] === COPIE REELLE: Drive ECHOLINE/01-Internal Ops/ZZ-Archives/Process et procédures ===
[2026-06-08 15:26:08] [ERROR] Erreur copie: Le serveur distant a retourné une erreur : (400) Demande incorrecte.
[2026-06-08 15:26:08] [DEBUG] [404] Item pas encore disponible, retry 1/3 dans 2s: Drive ECHOLINE/01-Internal Ops/ZZ-Archives/Process et procédures
[2026-06-08 15:26:10] [DEBUG] [404] Item pas encore disponible, retry 2/3 dans 2s: Drive ECHOLINE/01-Internal Ops/ZZ-Archives/Process et procédures
[2026-06-08 15:26:13] [DEBUG] [404] Item pas encore disponible, retry 3/3 dans 2s: Drive ECHOLINE/01-Internal Ops/ZZ-Archives/Process et procédures
[2026-06-08 15:26:15] [WARN] Impossible de récupérer l'item destination pour les droits: Drive ECHOLINE/01-Internal Ops/ZZ-Archives/Process et procédures - Le serveur distant a retourné une erreur : (404) Introuvable.
[2026-06-08 15:26:15] [INFO] Traitement: /Drive ECHOLINE/01-Internal Ops/ZZ-Archives/Questionnaires/ (6 permission(s))
[2026-06-08 15:26:15] [INFO] === COPIE REELLE: Drive ECHOLINE/01-Internal Ops/ZZ-Archives/Questionnaires ===
[2026-06-08 15:26:16] [SUCCESS] Dossier cree: Drive ECHOLINE/01-Internal Ops/ZZ-Archives/Questionnaires
[2026-06-08 15:26:16] [WARN] Impossible de résoudre 'test' dans le tenant destination - permission ignorée
[2026-06-08 15:26:16] [SUCCESS] Permission appliquée: Equipe INFRA [write] -> Drive ECHOLINE/01-Internal Ops/ZZ-Archives/Questionnaires
[2026-06-08 15:26:16] [SUCCESS] Permission appliquée: User 01 [write] -> Drive ECHOLINE/01-Internal Ops/ZZ-Archives/Questionnaires
[2026-06-08 15:26:16] [WARN] Pas de mappage pour: SERVICES_GENERAUX - Membres () - permission ignorée sur Drive ECHOLINE/01-Internal Ops/ZZ-Archives/Questionnaires
[2026-06-08 15:26:16] [WARN] Pas de mappage pour: SERVICES_GENERAUX - Visiteurs () - permission ignorée sur Drive ECHOLINE/01-Internal Ops/ZZ-Archives/Questionnaires
[2026-06-08 15:26:16] [WARN] Pas de mappage pour: Propriétaires de SERVICES_GENERAUX () - permission ignorée sur Drive ECHOLINE/01-Internal Ops/ZZ-Archives/Questionnaires
[2026-06-08 15:26:16] [INFO] Traitement: /Drive ECHOLINE/01-Internal Ops/ZZ-Archives/Thématiques/ (6 permission(s))
[2026-06-08 15:26:16] [INFO] === COPIE REELLE: Drive ECHOLINE/01-Internal Ops/ZZ-Archives/Thématiques ===
[2026-06-08 15:26:17] [ERROR] Erreur copie: Le serveur distant a retourné une erreur : (400) Demande incorrecte.
[2026-06-08 15:26:17] [DEBUG] [404] Item pas encore disponible, retry 1/3 dans 2s: Drive ECHOLINE/01-Internal Ops/ZZ-Archives/Thématiques
[2026-06-08 15:26:20] [DEBUG] [404] Item pas encore disponible, retry 2/3 dans 2s: Drive ECHOLINE/01-Internal Ops/ZZ-Archives/Thématiques
[2026-06-08 15:26:22] [DEBUG] [404] Item pas encore disponible, retry 3/3 dans 2s: Drive ECHOLINE/01-Internal Ops/ZZ-Archives/Thématiques
[2026-06-08 15:26:24] [WARN] Impossible de récupérer l'item destination pour les droits: Drive ECHOLINE/01-Internal Ops/ZZ-Archives/Thématiques - Le serveur distant a retourné une erreur : (404) Introuvable.
[2026-06-08 15:26:24] [INFO] Traitement: /Drive ECHOLINE/02-External Ops/ (6 permission(s))
[2026-06-08 15:26:24] [INFO] === COPIE REELLE: Drive ECHOLINE/02-External Ops ===
[2026-06-08 15:26:25] [SUCCESS] Dossier cree: Drive ECHOLINE/02-External Ops
[2026-06-08 15:26:25] [SUCCESS] Permission appliquée: Equipe INFRA [write] -> Drive ECHOLINE/02-External Ops
[2026-06-08 15:26:25] [SUCCESS] Permission appliquée: User 01 [write] -> Drive ECHOLINE/02-External Ops
[2026-06-08 15:26:25] [WARN] Pas de mappage pour: SERVICES_GENERAUX - Membres () - permission ignorée sur Drive ECHOLINE/02-External Ops
[2026-06-08 15:26:25] [WARN] Pas de mappage pour: SERVICES_GENERAUX - Visiteurs () - permission ignorée sur Drive ECHOLINE/02-External Ops
[2026-06-08 15:26:25] [WARN] Pas de mappage pour: Propriétaires de SERVICES_GENERAUX () - permission ignorée sur Drive ECHOLINE/02-External Ops
[2026-06-08 15:26:25] [WARN] Impossible de résoudre 'test' dans le tenant destination - permission ignorée
[2026-06-08 15:26:25] [INFO] Traitement: /Drive ECHOLINE/02-External Ops/A-Suivi prod/ (6 permission(s))
[2026-06-08 15:26:25] [INFO] === COPIE REELLE: Drive ECHOLINE/02-External Ops/A-Suivi prod ===
[2026-06-08 15:26:26] [SUCCESS] Dossier cree: Drive ECHOLINE/02-External Ops/A-Suivi prod
[2026-06-08 15:26:27] [SUCCESS] Permission appliquée: User 01 [write] -> Drive ECHOLINE/02-External Ops/A-Suivi prod
[2026-06-08 15:26:27] [WARN] Pas de mappage pour: SERVICES_GENERAUX - Membres () - permission ignorée sur Drive ECHOLINE/02-External Ops/A-Suivi prod
[2026-06-08 15:26:27] [WARN] Pas de mappage pour: SERVICES_GENERAUX - Visiteurs () - permission ignorée sur Drive ECHOLINE/02-External Ops/A-Suivi prod
[2026-06-08 15:26:27] [WARN] Pas de mappage pour: Propriétaires de SERVICES_GENERAUX () - permission ignorée sur Drive ECHOLINE/02-External Ops/A-Suivi prod
[2026-06-08 15:26:27] [WARN] Impossible de résoudre 'test' dans le tenant destination - permission ignorée
[2026-06-08 15:26:27] [SUCCESS] Permission appliquée: Equipe INFRA [write] -> Drive ECHOLINE/02-External Ops/A-Suivi prod
[2026-06-08 15:26:27] [INFO] Traitement: /Drive ECHOLINE/02-External Ops/B-Clients/ (6 permission(s))
[2026-06-08 15:26:27] [INFO] === COPIE REELLE: Drive ECHOLINE/02-External Ops/B-Clients ===
[2026-06-08 15:26:28] [SUCCESS] Dossier cree: Drive ECHOLINE/02-External Ops/B-Clients
[2026-06-08 15:26:28] [WARN] Impossible de résoudre 'test' dans le tenant destination - permission ignorée
[2026-06-08 15:26:28] [SUCCESS] Permission appliquée: User 01 [write] -> Drive ECHOLINE/02-External Ops/B-Clients
[2026-06-08 15:26:28] [WARN] Pas de mappage pour: SERVICES_GENERAUX - Membres () - permission ignorée sur Drive ECHOLINE/02-External Ops/B-Clients
[2026-06-08 15:26:28] [WARN] Pas de mappage pour: SERVICES_GENERAUX - Visiteurs () - permission ignorée sur Drive ECHOLINE/02-External Ops/B-Clients
[2026-06-08 15:26:28] [WARN] Pas de mappage pour: Propriétaires de SERVICES_GENERAUX () - permission ignorée sur Drive ECHOLINE/02-External Ops/B-Clients
[2026-06-08 15:26:28] [SUCCESS] Permission appliquée: Equipe INFRA [write] -> Drive ECHOLINE/02-External Ops/B-Clients
[2026-06-08 15:26:28] [INFO] Traitement: /Drive ECHOLINE/02-External Ops/C-Services/ (6 permission(s))
[2026-06-08 15:26:28] [INFO] === COPIE REELLE: Drive ECHOLINE/02-External Ops/C-Services ===
[2026-06-08 15:26:29] [SUCCESS] Dossier cree: Drive ECHOLINE/02-External Ops/C-Services
[2026-06-08 15:26:29] [WARN] Pas de mappage pour: SERVICES_GENERAUX - Visiteurs () - permission ignorée sur Drive ECHOLINE/02-External Ops/C-Services
[2026-06-08 15:26:29] [WARN] Pas de mappage pour: Propriétaires de SERVICES_GENERAUX () - permission ignorée sur Drive ECHOLINE/02-External Ops/C-Services
[2026-06-08 15:26:30] [WARN] Pas de mappage pour: SERVICES_GENERAUX - Membres () - permission ignorée sur Drive ECHOLINE/02-External Ops/C-Services
[2026-06-08 15:26:30] [WARN] Impossible de résoudre 'test' dans le tenant destination - permission ignorée
[2026-06-08 15:26:30] [SUCCESS] Permission appliquée: Equipe INFRA [write] -> Drive ECHOLINE/02-External Ops/C-Services
[2026-06-08 15:26:30] [SUCCESS] Permission appliquée: User 01 [write] -> Drive ECHOLINE/02-External Ops/C-Services
[2026-06-08 15:26:30] [INFO] Traitement: /Drive ECHOLINE/02-External Ops/D-Projets/ (6 permission(s))
[2026-06-08 15:26:30] [INFO] === COPIE REELLE: Drive ECHOLINE/02-External Ops/D-Projets ===
[2026-06-08 15:26:31] [SUCCESS] Dossier cree: Drive ECHOLINE/02-External Ops/D-Projets
[2026-06-08 15:26:31] [WARN] Impossible de résoudre 'test' dans le tenant destination - permission ignorée
[2026-06-08 15:26:31] [SUCCESS] Permission appliquée: Equipe INFRA [write] -> Drive ECHOLINE/02-External Ops/D-Projets
[2026-06-08 15:26:32] [SUCCESS] Permission appliquée: User 01 [write] -> Drive ECHOLINE/02-External Ops/D-Projets
[2026-06-08 15:26:32] [WARN] Pas de mappage pour: SERVICES_GENERAUX - Membres () - permission ignorée sur Drive ECHOLINE/02-External Ops/D-Projets
[2026-06-08 15:26:32] [WARN] Pas de mappage pour: SERVICES_GENERAUX - Visiteurs () - permission ignorée sur Drive ECHOLINE/02-External Ops/D-Projets
[2026-06-08 15:26:32] [WARN] Pas de mappage pour: Propriétaires de SERVICES_GENERAUX () - permission ignorée sur Drive ECHOLINE/02-External Ops/D-Projets
[2026-06-08 15:26:32] [INFO] Traitement: /Drive ECHOLINE/02-External Ops/ZZ-Archives/ (6 permission(s))
[2026-06-08 15:26:32] [INFO] === COPIE REELLE: Drive ECHOLINE/02-External Ops/ZZ-Archives ===
[2026-06-08 15:26:33] [SUCCESS] Dossier cree: Drive ECHOLINE/02-External Ops/ZZ-Archives
[2026-06-08 15:26:33] [WARN] Pas de mappage pour: SERVICES_GENERAUX - Visiteurs () - permission ignorée sur Drive ECHOLINE/02-External Ops/ZZ-Archives
[2026-06-08 15:26:33] [SUCCESS] Permission appliquée: User 01 [write] -> Drive ECHOLINE/02-External Ops/ZZ-Archives
[2026-06-08 15:26:33] [SUCCESS] Permission appliquée: Equipe INFRA [write] -> Drive ECHOLINE/02-External Ops/ZZ-Archives
[2026-06-08 15:26:33] [WARN] Impossible de résoudre 'test' dans le tenant destination - permission ignorée
[2026-06-08 15:26:33] [WARN] Pas de mappage pour: Propriétaires de SERVICES_GENERAUX () - permission ignorée sur Drive ECHOLINE/02-External Ops/ZZ-Archives
[2026-06-08 15:26:33] [WARN] Pas de mappage pour: SERVICES_GENERAUX - Membres () - permission ignorée sur Drive ECHOLINE/02-External Ops/ZZ-Archives
[2026-06-08 15:26:33] [INFO] Traitement: /Drive ECHOLINE/03-Customer Care/ (6 permission(s))
[2026-06-08 15:26:33] [INFO] === COPIE REELLE: Drive ECHOLINE/03-Customer Care ===
[2026-06-08 15:26:34] [SUCCESS] Dossier cree: Drive ECHOLINE/03-Customer Care
[2026-06-08 15:26:34] [WARN] Impossible de résoudre 'test' dans le tenant destination - permission ignorée
[2026-06-08 15:26:34] [WARN] Pas de mappage pour: Propriétaires de SERVICES_GENERAUX () - permission ignorée sur Drive ECHOLINE/03-Customer Care
[2026-06-08 15:26:34] [WARN] Pas de mappage pour: SERVICES_GENERAUX - Visiteurs () - permission ignorée sur Drive ECHOLINE/03-Customer Care
[2026-06-08 15:26:34] [WARN] Pas de mappage pour: SERVICES_GENERAUX - Membres () - permission ignorée sur Drive ECHOLINE/03-Customer Care
[2026-06-08 15:26:34] [SUCCESS] Permission appliquée: User 01 [write] -> Drive ECHOLINE/03-Customer Care
[2026-06-08 15:26:35] [SUCCESS] Permission appliquée: Equipe INFRA [write] -> Drive ECHOLINE/03-Customer Care
[2026-06-08 15:26:35] [INFO] Traitement: /Drive ECHOLINE/03-Customer Care/A-Hotline/ (6 permission(s))
[2026-06-08 15:26:35] [INFO] === COPIE REELLE: Drive ECHOLINE/03-Customer Care/A-Hotline ===
[2026-06-08 15:26:36] [SUCCESS] Dossier cree: Drive ECHOLINE/03-Customer Care/A-Hotline
[2026-06-08 15:26:36] [WARN] Pas de mappage pour: Propriétaires de SERVICES_GENERAUX () - permission ignorée sur Drive ECHOLINE/03-Customer Care/A-Hotline
[2026-06-08 15:26:36] [WARN] Pas de mappage pour: SERVICES_GENERAUX - Visiteurs () - permission ignorée sur Drive ECHOLINE/03-Customer Care/A-Hotline
[2026-06-08 15:26:36] [SUCCESS] Permission appliquée: Equipe INFRA [write] -> Drive ECHOLINE/03-Customer Care/A-Hotline
[2026-06-08 15:26:36] [WARN] Pas de mappage pour: SERVICES_GENERAUX - Membres () - permission ignorée sur Drive ECHOLINE/03-Customer Care/A-Hotline
[2026-06-08 15:26:36] [SUCCESS] Permission appliquée: User 01 [write] -> Drive ECHOLINE/03-Customer Care/A-Hotline
[2026-06-08 15:26:36] [WARN] Impossible de résoudre 'test' dans le tenant destination - permission ignorée
[2026-06-08 15:26:36] [INFO] Traitement: /Drive ECHOLINE/03-Customer Care/A-Hotline/Téléphone/ (6 permission(s))
[2026-06-08 15:26:36] [INFO] === COPIE REELLE: Drive ECHOLINE/03-Customer Care/A-Hotline/Téléphone ===
[2026-06-08 15:26:37] [ERROR] Erreur copie: Le serveur distant a retourné une erreur : (400) Demande incorrecte.
[2026-06-08 15:26:38] [DEBUG] [404] Item pas encore disponible, retry 1/3 dans 2s: Drive ECHOLINE/03-Customer Care/A-Hotline/Téléphone
[2026-06-08 15:26:40] [DEBUG] [404] Item pas encore disponible, retry 2/3 dans 2s: Drive ECHOLINE/03-Customer Care/A-Hotline/Téléphone
[2026-06-08 15:26:42] [DEBUG] [404] Item pas encore disponible, retry 3/3 dans 2s: Drive ECHOLINE/03-Customer Care/A-Hotline/Téléphone
[2026-06-08 15:26:44] [WARN] Impossible de récupérer l'item destination pour les droits: Drive ECHOLINE/03-Customer Care/A-Hotline/Téléphone - Le serveur distant a retourné une erreur : (404) Introuvable.
[2026-06-08 15:26:44] [INFO] Traitement: /Drive ECHOLINE/03-Customer Care/A-Hotline/ZZ-Archives/ (6 permission(s))
[2026-06-08 15:26:44] [INFO] === COPIE REELLE: Drive ECHOLINE/03-Customer Care/A-Hotline/ZZ-Archives ===
[2026-06-08 15:26:46] [SUCCESS] Dossier cree: Drive ECHOLINE/03-Customer Care/A-Hotline/ZZ-Archives
[2026-06-08 15:26:46] [WARN] Pas de mappage pour: Propriétaires de SERVICES_GENERAUX () - permission ignorée sur Drive ECHOLINE/03-Customer Care/A-Hotline/ZZ-Archives
[2026-06-08 15:26:46] [WARN] Pas de mappage pour: SERVICES_GENERAUX - Visiteurs () - permission ignorée sur Drive ECHOLINE/03-Customer Care/A-Hotline/ZZ-Archives
[2026-06-08 15:26:46] [WARN] Pas de mappage pour: SERVICES_GENERAUX - Membres () - permission ignorée sur Drive ECHOLINE/03-Customer Care/A-Hotline/ZZ-Archives
[2026-06-08 15:26:46] [SUCCESS] Permission appliquée: User 01 [write] -> Drive ECHOLINE/03-Customer Care/A-Hotline/ZZ-Archives
[2026-06-08 15:26:46] [SUCCESS] Permission appliquée: Equipe INFRA [write] -> Drive ECHOLINE/03-Customer Care/A-Hotline/ZZ-Archives
[2026-06-08 15:26:46] [WARN] Impossible de résoudre 'test' dans le tenant destination - permission ignorée
[2026-06-08 15:26:46] [INFO] Traitement: /Drive ECHOLINE/03-Customer Care/B-NPS/ (6 permission(s))
[2026-06-08 15:26:46] [INFO] === COPIE REELLE: Drive ECHOLINE/03-Customer Care/B-NPS ===
[2026-06-08 15:26:47] [SUCCESS] Dossier cree: Drive ECHOLINE/03-Customer Care/B-NPS
[2026-06-08 15:26:47] [WARN] Impossible de résoudre 'test' dans le tenant destination - permission ignorée
[2026-06-08 15:26:47] [WARN] Pas de mappage pour: SERVICES_GENERAUX - Visiteurs () - permission ignorée sur Drive ECHOLINE/03-Customer Care/B-NPS
[2026-06-08 15:26:47] [WARN] Pas de mappage pour: SERVICES_GENERAUX - Membres () - permission ignorée sur Drive ECHOLINE/03-Customer Care/B-NPS
[2026-06-08 15:26:47] [SUCCESS] Permission appliquée: User 01 [write] -> Drive ECHOLINE/03-Customer Care/B-NPS
[2026-06-08 15:26:48] [SUCCESS] Permission appliquée: Equipe INFRA [write] -> Drive ECHOLINE/03-Customer Care/B-NPS
[2026-06-08 15:26:48] [WARN] Pas de mappage pour: Propriétaires de SERVICES_GENERAUX () - permission ignorée sur Drive ECHOLINE/03-Customer Care/B-NPS
[2026-06-08 15:26:48] [INFO] Traitement: /Drive ECHOLINE/03-Customer Care/B-NPS/ZZ-Archives/ (6 permission(s))
[2026-06-08 15:26:48] [INFO] === COPIE REELLE: Drive ECHOLINE/03-Customer Care/B-NPS/ZZ-Archives ===
[2026-06-08 15:26:49] [SUCCESS] Dossier cree: Drive ECHOLINE/03-Customer Care/B-NPS/ZZ-Archives
[2026-06-08 15:26:49] [WARN] Pas de mappage pour: Propriétaires de SERVICES_GENERAUX () - permission ignorée sur Drive ECHOLINE/03-Customer Care/B-NPS/ZZ-Archives
[2026-06-08 15:26:49] [WARN] Impossible de résoudre 'test' dans le tenant destination - permission ignorée
[2026-06-08 15:26:49] [SUCCESS] Permission appliquée: Equipe INFRA [write] -> Drive ECHOLINE/03-Customer Care/B-NPS/ZZ-Archives
[2026-06-08 15:26:49] [SUCCESS] Permission appliquée: User 01 [write] -> Drive ECHOLINE/03-Customer Care/B-NPS/ZZ-Archives
[2026-06-08 15:26:49] [WARN] Pas de mappage pour: SERVICES_GENERAUX - Membres () - permission ignorée sur Drive ECHOLINE/03-Customer Care/B-NPS/ZZ-Archives
[2026-06-08 15:26:49] [WARN] Pas de mappage pour: SERVICES_GENERAUX - Visiteurs () - permission ignorée sur Drive ECHOLINE/03-Customer Care/B-NPS/ZZ-Archives
[2026-06-08 15:26:49] [INFO] Traitement: /Drive ECHOLINE/03-Customer Care/C-Satisfaction score/ (6 permission(s))
[2026-06-08 15:26:49] [INFO] === COPIE REELLE: Drive ECHOLINE/03-Customer Care/C-Satisfaction score ===
[2026-06-08 15:26:50] [SUCCESS] Dossier cree: Drive ECHOLINE/03-Customer Care/C-Satisfaction score
[2026-06-08 15:26:50] [WARN] Pas de mappage pour: Propriétaires de SERVICES_GENERAUX () - permission ignorée sur Drive ECHOLINE/03-Customer Care/C-Satisfaction score
[2026-06-08 15:26:50] [WARN] Pas de mappage pour: SERVICES_GENERAUX - Membres () - permission ignorée sur Drive ECHOLINE/03-Customer Care/C-Satisfaction score
[2026-06-08 15:26:51] [SUCCESS] Permission appliquée: Equipe INFRA [write] -> Drive ECHOLINE/03-Customer Care/C-Satisfaction score
[2026-06-08 15:26:51] [WARN] Impossible de résoudre 'test' dans le tenant destination - permission ignorée
[2026-06-08 15:26:51] [WARN] Pas de mappage pour: SERVICES_GENERAUX - Visiteurs () - permission ignorée sur Drive ECHOLINE/03-Customer Care/C-Satisfaction score
[2026-06-08 15:26:51] [SUCCESS] Permission appliquée: User 01 [write] -> Drive ECHOLINE/03-Customer Care/C-Satisfaction score
[2026-06-08 15:26:51] [INFO] Traitement: /Drive ECHOLINE/03-Customer Care/C-Satisfaction score/ZZ-Archives/ (6 permission(s))
[2026-06-08 15:26:51] [INFO] === COPIE REELLE: Drive ECHOLINE/03-Customer Care/C-Satisfaction score/ZZ-Archives ===
[2026-06-08 15:26:52] [SUCCESS] Dossier cree: Drive ECHOLINE/03-Customer Care/C-Satisfaction score/ZZ-Archives
[2026-06-08 15:26:53] [WARN] Impossible de résoudre 'test' dans le tenant destination - permission ignorée
[2026-06-08 15:26:53] [SUCCESS] Permission appliquée: Equipe INFRA [write] -> Drive ECHOLINE/03-Customer Care/C-Satisfaction score/ZZ-Archives
[2026-06-08 15:26:53] [SUCCESS] Permission appliquée: User 01 [write] -> Drive ECHOLINE/03-Customer Care/C-Satisfaction score/ZZ-Archives
[2026-06-08 15:26:53] [WARN] Pas de mappage pour: SERVICES_GENERAUX - Membres () - permission ignorée sur Drive ECHOLINE/03-Customer Care/C-Satisfaction score/ZZ-Archives
[2026-06-08 15:26:53] [WARN] Pas de mappage pour: SERVICES_GENERAUX - Visiteurs () - permission ignorée sur Drive ECHOLINE/03-Customer Care/C-Satisfaction score/ZZ-Archives
[2026-06-08 15:26:53] [WARN] Pas de mappage pour: Propriétaires de SERVICES_GENERAUX () - permission ignorée sur Drive ECHOLINE/03-Customer Care/C-Satisfaction score/ZZ-Archives
[2026-06-08 15:26:53] [INFO] Traitement: /Drive ECHOLINE/03-Customer Care/D-Reporting/ (6 permission(s))
[2026-06-08 15:26:53] [INFO] === COPIE REELLE: Drive ECHOLINE/03-Customer Care/D-Reporting ===
[2026-06-08 15:26:54] [SUCCESS] Dossier cree: Drive ECHOLINE/03-Customer Care/D-Reporting
[2026-06-08 15:26:54] [SUCCESS] Permission appliquée: Equipe INFRA [write] -> Drive ECHOLINE/03-Customer Care/D-Reporting
[2026-06-08 15:26:54] [WARN] Pas de mappage pour: Propriétaires de SERVICES_GENERAUX () - permission ignorée sur Drive ECHOLINE/03-Customer Care/D-Reporting
[2026-06-08 15:26:54] [WARN] Pas de mappage pour: SERVICES_GENERAUX - Visiteurs () - permission ignorée sur Drive ECHOLINE/03-Customer Care/D-Reporting
[2026-06-08 15:26:54] [WARN] Pas de mappage pour: SERVICES_GENERAUX - Membres () - permission ignorée sur Drive ECHOLINE/03-Customer Care/D-Reporting
[2026-06-08 15:26:55] [SUCCESS] Permission appliquée: User 01 [write] -> Drive ECHOLINE/03-Customer Care/D-Reporting
[2026-06-08 15:26:55] [WARN] Impossible de résoudre 'test' dans le tenant destination - permission ignorée
[2026-06-08 15:26:55] [INFO] Traitement: /Drive ECHOLINE/03-Customer Care/D-Reporting/ZZ-Archives/ (6 permission(s))
[2026-06-08 15:26:55] [INFO] === COPIE REELLE: Drive ECHOLINE/03-Customer Care/D-Reporting/ZZ-Archives ===
[2026-06-08 15:26:57] [SUCCESS] Dossier cree: Drive ECHOLINE/03-Customer Care/D-Reporting/ZZ-Archives
[2026-06-08 15:26:57] [WARN] Impossible de résoudre 'test' dans le tenant destination - permission ignorée
[2026-06-08 15:26:57] [WARN] Pas de mappage pour: Propriétaires de SERVICES_GENERAUX () - permission ignorée sur Drive ECHOLINE/03-Customer Care/D-Reporting/ZZ-Archives
[2026-06-08 15:26:57] [SUCCESS] Permission appliquée: Equipe INFRA [write] -> Drive ECHOLINE/03-Customer Care/D-Reporting/ZZ-Archives
[2026-06-08 15:26:57] [WARN] Pas de mappage pour: SERVICES_GENERAUX - Visiteurs () - permission ignorée sur Drive ECHOLINE/03-Customer Care/D-Reporting/ZZ-Archives
[2026-06-08 15:26:57] [WARN] Pas de mappage pour: SERVICES_GENERAUX - Membres () - permission ignorée sur Drive ECHOLINE/03-Customer Care/D-Reporting/ZZ-Archives
[2026-06-08 15:26:57] [SUCCESS] Permission appliquée: User 01 [write] -> Drive ECHOLINE/03-Customer Care/D-Reporting/ZZ-Archives
[2026-06-08 15:26:57] [INFO] Traitement: /Drive ECHOLINE/04-Community management/ (6 permission(s))
[2026-06-08 15:26:57] [INFO] === COPIE REELLE: Drive ECHOLINE/04-Community management ===
[2026-06-08 15:26:58] [SUCCESS] Dossier cree: Drive ECHOLINE/04-Community management
[2026-06-08 15:26:58] [WARN] Impossible de résoudre 'test' dans le tenant destination - permission ignorée
[2026-06-08 15:26:58] [SUCCESS] Permission appliquée: Equipe INFRA [write] -> Drive ECHOLINE/04-Community management
[2026-06-08 15:26:59] [SUCCESS] Permission appliquée: User 01 [write] -> Drive ECHOLINE/04-Community management
[2026-06-08 15:26:59] [WARN] Pas de mappage pour: SERVICES_GENERAUX - Membres () - permission ignorée sur Drive ECHOLINE/04-Community management
[2026-06-08 15:26:59] [WARN] Pas de mappage pour: SERVICES_GENERAUX - Visiteurs () - permission ignorée sur Drive ECHOLINE/04-Community management
[2026-06-08 15:26:59] [WARN] Pas de mappage pour: Propriétaires de SERVICES_GENERAUX () - permission ignorée sur Drive ECHOLINE/04-Community management
[2026-06-08 15:26:59] [INFO] Traitement: /Drive ECHOLINE/04-Community management/A-Newsletter/ (6 permission(s))
[2026-06-08 15:26:59] [INFO] === COPIE REELLE: Drive ECHOLINE/04-Community management/A-Newsletter ===
[2026-06-08 15:27:00] [SUCCESS] Dossier cree: Drive ECHOLINE/04-Community management/A-Newsletter
[2026-06-08 15:27:00] [WARN] Pas de mappage pour: SERVICES_GENERAUX - Visiteurs () - permission ignorée sur Drive ECHOLINE/04-Community management/A-Newsletter
[2026-06-08 15:27:00] [WARN] Pas de mappage pour: Propriétaires de SERVICES_GENERAUX () - permission ignorée sur Drive ECHOLINE/04-Community management/A-Newsletter
[2026-06-08 15:27:00] [WARN] Pas de mappage pour: SERVICES_GENERAUX - Membres () - permission ignorée sur Drive ECHOLINE/04-Community management/A-Newsletter
[2026-06-08 15:27:00] [SUCCESS] Permission appliquée: User 01 [write] -> Drive ECHOLINE/04-Community management/A-Newsletter
[2026-06-08 15:27:00] [SUCCESS] Permission appliquée: Equipe INFRA [write] -> Drive ECHOLINE/04-Community management/A-Newsletter
[2026-06-08 15:27:00] [WARN] Impossible de résoudre 'test' dans le tenant destination - permission ignorée
[2026-06-08 15:27:00] [INFO] Traitement: /Drive ECHOLINE/04-Community management/A-Newsletter/ZZ-Archives/ (6 permission(s))
[2026-06-08 15:27:00] [INFO] === COPIE REELLE: Drive ECHOLINE/04-Community management/A-Newsletter/ZZ-Archives ===
[2026-06-08 15:27:02] [SUCCESS] Dossier cree: Drive ECHOLINE/04-Community management/A-Newsletter/ZZ-Archives
[2026-06-08 15:27:02] [WARN] Impossible de résoudre 'test' dans le tenant destination - permission ignorée
[2026-06-08 15:27:02] [WARN] Pas de mappage pour: SERVICES_GENERAUX - Visiteurs () - permission ignorée sur Drive ECHOLINE/04-Community management/A-Newsletter/ZZ-Archives
[2026-06-08 15:27:02] [WARN] Pas de mappage pour: SERVICES_GENERAUX - Membres () - permission ignorée sur Drive ECHOLINE/04-Community management/A-Newsletter/ZZ-Archives
[2026-06-08 15:27:02] [SUCCESS] Permission appliquée: User 01 [write] -> Drive ECHOLINE/04-Community management/A-Newsletter/ZZ-Archives
[2026-06-08 15:27:02] [SUCCESS] Permission appliquée: Equipe INFRA [write] -> Drive ECHOLINE/04-Community management/A-Newsletter/ZZ-Archives
[2026-06-08 15:27:02] [WARN] Pas de mappage pour: Propriétaires de SERVICES_GENERAUX () - permission ignorée sur Drive ECHOLINE/04-Community management/A-Newsletter/ZZ-Archives
[2026-06-08 15:27:02] [INFO] Traitement: /Drive ECHOLINE/04-Community management/B-Webinar/ (6 permission(s))
[2026-06-08 15:27:02] [INFO] === COPIE REELLE: Drive ECHOLINE/04-Community management/B-Webinar ===
[2026-06-08 15:27:03] [SUCCESS] Dossier cree: Drive ECHOLINE/04-Community management/B-Webinar
[2026-06-08 15:27:03] [WARN] Impossible de résoudre 'test' dans le tenant destination - permission ignorée
[2026-06-08 15:27:03] [SUCCESS] Permission appliquée: Equipe INFRA [write] -> Drive ECHOLINE/04-Community management/B-Webinar
[2026-06-08 15:27:04] [SUCCESS] Permission appliquée: User 01 [write] -> Drive ECHOLINE/04-Community management/B-Webinar
[2026-06-08 15:27:04] [WARN] Pas de mappage pour: SERVICES_GENERAUX - Membres () - permission ignorée sur Drive ECHOLINE/04-Community management/B-Webinar
[2026-06-08 15:27:04] [WARN] Pas de mappage pour: SERVICES_GENERAUX - Visiteurs () - permission ignorée sur Drive ECHOLINE/04-Community management/B-Webinar
[2026-06-08 15:27:04] [WARN] Pas de mappage pour: Propriétaires de SERVICES_GENERAUX () - permission ignorée sur Drive ECHOLINE/04-Community management/B-Webinar
[2026-06-08 15:27:04] [INFO] Traitement: /Drive ECHOLINE/04-Community management/B-Webinar/Webinar ECHOLINExBLUMEI/ (6 permission(s))
[2026-06-08 15:27:04] [INFO] === COPIE REELLE: Drive ECHOLINE/04-Community management/B-Webinar/Webinar ECHOLINExBLUMEI ===
[2026-06-08 15:27:05] [SUCCESS] Dossier cree: Drive ECHOLINE/04-Community management/B-Webinar/Webinar ECHOLINExBLUMEI
[2026-06-08 15:27:05] [SUCCESS] Permission appliquée: Equipe INFRA [write] -> Drive ECHOLINE/04-Community management/B-Webinar/Webinar ECHOLINExBLUMEI
[2026-06-08 15:27:05] [WARN] Pas de mappage pour: Propriétaires de SERVICES_GENERAUX () - permission ignorée sur Drive ECHOLINE/04-Community management/B-Webinar/Webinar ECHOLINExBLUMEI
[2026-06-08 15:27:05] [WARN] Pas de mappage pour: SERVICES_GENERAUX - Membres () - permission ignorée sur Drive ECHOLINE/04-Community management/B-Webinar/Webinar ECHOLINExBLUMEI
[2026-06-08 15:27:05] [WARN] Pas de mappage pour: SERVICES_GENERAUX - Visiteurs () - permission ignorée sur Drive ECHOLINE/04-Community management/B-Webinar/Webinar ECHOLINExBLUMEI
[2026-06-08 15:27:05] [SUCCESS] Permission appliquée: User 01 [write] -> Drive ECHOLINE/04-Community management/B-Webinar/Webinar ECHOLINExBLUMEI
[2026-06-08 15:27:05] [WARN] Impossible de résoudre 'test' dans le tenant destination - permission ignorée
[2026-06-08 15:27:05] [INFO] Traitement: /Drive ECHOLINE/04-Community management/B-Webinar/ZZ-Archives/ (6 permission(s))
[2026-06-08 15:27:05] [INFO] === COPIE REELLE: Drive ECHOLINE/04-Community management/B-Webinar/ZZ-Archives ===
[2026-06-08 15:27:06] [SUCCESS] Dossier cree: Drive ECHOLINE/04-Community management/B-Webinar/ZZ-Archives
[2026-06-08 15:27:07] [WARN] Impossible de résoudre 'test' dans le tenant destination - permission ignorée
[2026-06-08 15:27:07] [SUCCESS] Permission appliquée: Equipe INFRA [write] -> Drive ECHOLINE/04-Community management/B-Webinar/ZZ-Archives
[2026-06-08 15:27:07] [SUCCESS] Permission appliquée: User 01 [write] -> Drive ECHOLINE/04-Community management/B-Webinar/ZZ-Archives
[2026-06-08 15:27:07] [WARN] Pas de mappage pour: SERVICES_GENERAUX - Membres () - permission ignorée sur Drive ECHOLINE/04-Community management/B-Webinar/ZZ-Archives
[2026-06-08 15:27:07] [WARN] Pas de mappage pour: SERVICES_GENERAUX - Visiteurs () - permission ignorée sur Drive ECHOLINE/04-Community management/B-Webinar/ZZ-Archives
[2026-06-08 15:27:07] [WARN] Pas de mappage pour: Propriétaires de SERVICES_GENERAUX () - permission ignorée sur Drive ECHOLINE/04-Community management/B-Webinar/ZZ-Archives
[2026-06-08 15:27:07] [INFO] Traitement: /Drive ECHOLINE/04-Community management/C-Siteweb/ (6 permission(s))
[2026-06-08 15:27:07] [INFO] === COPIE REELLE: Drive ECHOLINE/04-Community management/C-Siteweb ===
[2026-06-08 15:27:08] [SUCCESS] Dossier cree: Drive ECHOLINE/04-Community management/C-Siteweb
[2026-06-08 15:27:08] [WARN] Pas de mappage pour: SERVICES_GENERAUX - Visiteurs () - permission ignorée sur Drive ECHOLINE/04-Community management/C-Siteweb
[2026-06-08 15:27:08] [WARN] Pas de mappage pour: Propriétaires de SERVICES_GENERAUX () - permission ignorée sur Drive ECHOLINE/04-Community management/C-Siteweb
[2026-06-08 15:27:08] [SUCCESS] Permission appliquée: User 01 [write] -> Drive ECHOLINE/04-Community management/C-Siteweb
[2026-06-08 15:27:08] [WARN] Impossible de résoudre 'test' dans le tenant destination - permission ignorée
[2026-06-08 15:27:09] [SUCCESS] Permission appliquée: Equipe INFRA [write] -> Drive ECHOLINE/04-Community management/C-Siteweb
[2026-06-08 15:27:09] [WARN] Pas de mappage pour: SERVICES_GENERAUX - Membres () - permission ignorée sur Drive ECHOLINE/04-Community management/C-Siteweb
[2026-06-08 15:27:09] [INFO] Traitement: /Drive ECHOLINE/04-Community management/C-Siteweb/Maquettes/ (6 permission(s))
[2026-06-08 15:27:09] [INFO] === COPIE REELLE: Drive ECHOLINE/04-Community management/C-Siteweb/Maquettes ===
[2026-06-08 15:27:10] [SUCCESS] Dossier cree: Drive ECHOLINE/04-Community management/C-Siteweb/Maquettes
[2026-06-08 15:27:10] [SUCCESS] Permission appliquée: Equipe INFRA [write] -> Drive ECHOLINE/04-Community management/C-Siteweb/Maquettes
[2026-06-08 15:27:11] [SUCCESS] Permission appliquée: User 01 [write] -> Drive ECHOLINE/04-Community management/C-Siteweb/Maquettes
[2026-06-08 15:27:11] [WARN] Pas de mappage pour: SERVICES_GENERAUX - Membres () - permission ignorée sur Drive ECHOLINE/04-Community management/C-Siteweb/Maquettes
[2026-06-08 15:27:11] [WARN] Pas de mappage pour: SERVICES_GENERAUX - Visiteurs () - permission ignorée sur Drive ECHOLINE/04-Community management/C-Siteweb/Maquettes
[2026-06-08 15:27:11] [WARN] Pas de mappage pour: Propriétaires de SERVICES_GENERAUX () - permission ignorée sur Drive ECHOLINE/04-Community management/C-Siteweb/Maquettes
[2026-06-08 15:27:11] [WARN] Impossible de résoudre 'test' dans le tenant destination - permission ignorée
[2026-06-08 15:27:11] [INFO] Traitement: /Drive ECHOLINE/04-Community management/C-Siteweb/ZZ-Archives/ (6 permission(s))
[2026-06-08 15:27:11] [INFO] === COPIE REELLE: Drive ECHOLINE/04-Community management/C-Siteweb/ZZ-Archives ===
[2026-06-08 15:27:12] [SUCCESS] Dossier cree: Drive ECHOLINE/04-Community management/C-Siteweb/ZZ-Archives
[2026-06-08 15:27:12] [SUCCESS] Permission appliquée: User 01 [write] -> Drive ECHOLINE/04-Community management/C-Siteweb/ZZ-Archives
[2026-06-08 15:27:12] [WARN] Pas de mappage pour: Propriétaires de SERVICES_GENERAUX () - permission ignorée sur Drive ECHOLINE/04-Community management/C-Siteweb/ZZ-Archives
[2026-06-08 15:27:12] [WARN] Pas de mappage pour: SERVICES_GENERAUX - Visiteurs () - permission ignorée sur Drive ECHOLINE/04-Community management/C-Siteweb/ZZ-Archives
[2026-06-08 15:27:12] [WARN] Pas de mappage pour: SERVICES_GENERAUX - Membres () - permission ignorée sur Drive ECHOLINE/04-Community management/C-Siteweb/ZZ-Archives
[2026-06-08 15:27:12] [SUCCESS] Permission appliquée: Equipe INFRA [write] -> Drive ECHOLINE/04-Community management/C-Siteweb/ZZ-Archives
[2026-06-08 15:27:12] [WARN] Impossible de résoudre 'test' dans le tenant destination - permission ignorée
[2026-06-08 15:27:13] [INFO] Traitement: /Drive ECHOLINE/04-Community management/D-Kit communication/ (6 permission(s))
[2026-06-08 15:27:13] [INFO] === COPIE REELLE: Drive ECHOLINE/04-Community management/D-Kit communication ===
[2026-06-08 15:27:13] [SUCCESS] Dossier cree: Drive ECHOLINE/04-Community management/D-Kit communication
[2026-06-08 15:27:14] [WARN] Impossible de résoudre 'test' dans le tenant destination - permission ignorée
[2026-06-08 15:27:14] [WARN] Pas de mappage pour: Propriétaires de SERVICES_GENERAUX () - permission ignorée sur Drive ECHOLINE/04-Community management/D-Kit communication
[2026-06-08 15:27:14] [SUCCESS] Permission appliquée: Equipe INFRA [write] -> Drive ECHOLINE/04-Community management/D-Kit communication
[2026-06-08 15:27:14] [WARN] Pas de mappage pour: SERVICES_GENERAUX - Visiteurs () - permission ignorée sur Drive ECHOLINE/04-Community management/D-Kit communication
[2026-06-08 15:27:14] [WARN] Pas de mappage pour: SERVICES_GENERAUX - Membres () - permission ignorée sur Drive ECHOLINE/04-Community management/D-Kit communication
[2026-06-08 15:27:14] [SUCCESS] Permission appliquée: User 01 [write] -> Drive ECHOLINE/04-Community management/D-Kit communication
[2026-06-08 15:27:14] [INFO] Traitement: /Drive ECHOLINE/04-Community management/D-Kit communication/Flyers/ (6 permission(s))
[2026-06-08 15:27:14] [INFO] === COPIE REELLE: Drive ECHOLINE/04-Community management/D-Kit communication/Flyers ===
[2026-06-08 15:27:15] [SUCCESS] Dossier cree: Drive ECHOLINE/04-Community management/D-Kit communication/Flyers
[2026-06-08 15:27:15] [WARN] Impossible de résoudre 'test' dans le tenant destination - permission ignorée
[2026-06-08 15:27:15] [SUCCESS] Permission appliquée: Equipe INFRA [write] -> Drive ECHOLINE/04-Community management/D-Kit communication/Flyers
[2026-06-08 15:27:16] [SUCCESS] Permission appliquée: User 01 [write] -> Drive ECHOLINE/04-Community management/D-Kit communication/Flyers
[2026-06-08 15:27:16] [WARN] Pas de mappage pour: SERVICES_GENERAUX - Membres () - permission ignorée sur Drive ECHOLINE/04-Community management/D-Kit communication/Flyers
[2026-06-08 15:27:16] [WARN] Pas de mappage pour: SERVICES_GENERAUX - Visiteurs () - permission ignorée sur Drive ECHOLINE/04-Community management/D-Kit communication/Flyers
[2026-06-08 15:27:16] [WARN] Pas de mappage pour: Propriétaires de SERVICES_GENERAUX () - permission ignorée sur Drive ECHOLINE/04-Community management/D-Kit communication/Flyers
[2026-06-08 15:27:16] [INFO] Traitement: /Drive ECHOLINE/04-Community management/D-Kit communication/Illustrations/ (6 permission(s))
[2026-06-08 15:27:16] [INFO] === COPIE REELLE: Drive ECHOLINE/04-Community management/D-Kit communication/Illustrations ===
[2026-06-08 15:27:17] [SUCCESS] Dossier cree: Drive ECHOLINE/04-Community management/D-Kit communication/Illustrations
[2026-06-08 15:27:17] [SUCCESS] Permission appliquée: Equipe INFRA [write] -> Drive ECHOLINE/04-Community management/D-Kit communication/Illustrations
[2026-06-08 15:27:17] [WARN] Pas de mappage pour: Propriétaires de SERVICES_GENERAUX () - permission ignorée sur Drive ECHOLINE/04-Community management/D-Kit communication/Illustrations
[2026-06-08 15:27:17] [WARN] Pas de mappage pour: SERVICES_GENERAUX - Visiteurs () - permission ignorée sur Drive ECHOLINE/04-Community management/D-Kit communication/Illustrations
[2026-06-08 15:27:17] [WARN] Pas de mappage pour: SERVICES_GENERAUX - Membres () - permission ignorée sur Drive ECHOLINE/04-Community management/D-Kit communication/Illustrations
[2026-06-08 15:27:17] [SUCCESS] Permission appliquée: User 01 [write] -> Drive ECHOLINE/04-Community management/D-Kit communication/Illustrations
[2026-06-08 15:27:17] [WARN] Impossible de résoudre 'test' dans le tenant destination - permission ignorée
[2026-06-08 15:27:17] [INFO] Traitement: /Drive ECHOLINE/04-Community management/D-Kit communication/Images générées par Chat GPT/ (6 permission(s))
[2026-06-08 15:27:17] [INFO] === COPIE REELLE: Drive ECHOLINE/04-Community management/D-Kit communication/Images générées par Chat GPT ===
[2026-06-08 15:27:19] [SUCCESS] Dossier cree: Drive ECHOLINE/04-Community management/D-Kit communication/Images générées par Chat GPT
[2026-06-08 15:27:19] [DEBUG] [404] Item pas encore disponible, retry 1/3 dans 2s: Drive ECHOLINE/04-Community management/D-Kit communication/Images générées par Chat GPT
[2026-06-08 15:27:22] [DEBUG] [404] Item pas encore disponible, retry 2/3 dans 2s: Drive ECHOLINE/04-Community management/D-Kit communication/Images générées par Chat GPT
[2026-06-08 15:27:24] [DEBUG] [404] Item pas encore disponible, retry 3/3 dans 2s: Drive ECHOLINE/04-Community management/D-Kit communication/Images générées par Chat GPT
[2026-06-08 15:27:26] [WARN] Impossible de récupérer l'item destination pour les droits: Drive ECHOLINE/04-Community management/D-Kit communication/Images générées par Chat GPT - Le serveur distant a retourné une erreur : (404) Introuvable.
[2026-06-08 15:27:26] [INFO] Traitement: /Drive ECHOLINE/04-Community management/D-Kit communication/Logos clients/ (6 permission(s))
[2026-06-08 15:27:26] [INFO] === COPIE REELLE: Drive ECHOLINE/04-Community management/D-Kit communication/Logos clients ===
[2026-06-08 15:27:27] [SUCCESS] Dossier cree: Drive ECHOLINE/04-Community management/D-Kit communication/Logos clients
[2026-06-08 15:27:27] [WARN] Pas de mappage pour: Propriétaires de SERVICES_GENERAUX () - permission ignorée sur Drive ECHOLINE/04-Community management/D-Kit communication/Logos clients
[2026-06-08 15:27:27] [WARN] Impossible de résoudre 'test' dans le tenant destination - permission ignorée
[2026-06-08 15:27:28] [SUCCESS] Permission appliquée: Equipe INFRA [write] -> Drive ECHOLINE/04-Community management/D-Kit communication/Logos clients
[2026-06-08 15:27:28] [SUCCESS] Permission appliquée: User 01 [write] -> Drive ECHOLINE/04-Community management/D-Kit communication/Logos clients
[2026-06-08 15:27:28] [WARN] Pas de mappage pour: SERVICES_GENERAUX - Membres () - permission ignorée sur Drive ECHOLINE/04-Community management/D-Kit communication/Logos clients
[2026-06-08 15:27:28] [WARN] Pas de mappage pour: SERVICES_GENERAUX - Visiteurs () - permission ignorée sur Drive ECHOLINE/04-Community management/D-Kit communication/Logos clients
[2026-06-08 15:27:28] [INFO] Traitement: /Drive ECHOLINE/04-Community management/D-Kit communication/Logos ECHOLINE/ (6 permission(s))
[2026-06-08 15:27:28] [INFO] === COPIE REELLE: Drive ECHOLINE/04-Community management/D-Kit communication/Logos ECHOLINE ===
[2026-06-08 15:27:29] [SUCCESS] Dossier cree: Drive ECHOLINE/04-Community management/D-Kit communication/Logos ECHOLINE
[2026-06-08 15:27:29] [WARN] Pas de mappage pour: Propriétaires de SERVICES_GENERAUX () - permission ignorée sur Drive ECHOLINE/04-Community management/D-Kit communication/Logos ECHOLINE
[2026-06-08 15:27:29] [WARN] Pas de mappage pour: SERVICES_GENERAUX - Membres () - permission ignorée sur Drive ECHOLINE/04-Community management/D-Kit communication/Logos ECHOLINE
[2026-06-08 15:27:29] [SUCCESS] Permission appliquée: Equipe INFRA [write] -> Drive ECHOLINE/04-Community management/D-Kit communication/Logos ECHOLINE
[2026-06-08 15:27:29] [WARN] Impossible de résoudre 'test' dans le tenant destination - permission ignorée
[2026-06-08 15:27:29] [WARN] Pas de mappage pour: SERVICES_GENERAUX - Visiteurs () - permission ignorée sur Drive ECHOLINE/04-Community management/D-Kit communication/Logos ECHOLINE
[2026-06-08 15:27:30] [SUCCESS] Permission appliquée: User 01 [write] -> Drive ECHOLINE/04-Community management/D-Kit communication/Logos ECHOLINE
[2026-06-08 15:27:30] [INFO] Traitement: /Drive ECHOLINE/04-Community management/D-Kit communication/Photos/ (6 permission(s))
[2026-06-08 15:27:30] [INFO] === COPIE REELLE: Drive ECHOLINE/04-Community management/D-Kit communication/Photos ===
[2026-06-08 15:27:33] [SUCCESS] Dossier cree: Drive ECHOLINE/04-Community management/D-Kit communication/Photos
[2026-06-08 15:27:33] [WARN] Impossible de résoudre 'test' dans le tenant destination - permission ignorée
[2026-06-08 15:27:33] [SUCCESS] Permission appliquée: Equipe INFRA [write] -> Drive ECHOLINE/04-Community management/D-Kit communication/Photos
[2026-06-08 15:27:33] [SUCCESS] Permission appliquée: User 01 [write] -> Drive ECHOLINE/04-Community management/D-Kit communication/Photos
[2026-06-08 15:27:33] [WARN] Pas de mappage pour: SERVICES_GENERAUX - Membres () - permission ignorée sur Drive ECHOLINE/04-Community management/D-Kit communication/Photos
[2026-06-08 15:27:33] [WARN] Pas de mappage pour: SERVICES_GENERAUX - Visiteurs () - permission ignorée sur Drive ECHOLINE/04-Community management/D-Kit communication/Photos
[2026-06-08 15:27:33] [WARN] Pas de mappage pour: Propriétaires de SERVICES_GENERAUX () - permission ignorée sur Drive ECHOLINE/04-Community management/D-Kit communication/Photos
[2026-06-08 15:27:33] [INFO] Traitement: /Drive ECHOLINE/04-Community management/D-Kit communication/ZZ-Archives/ (6 permission(s))
[2026-06-08 15:27:33] [INFO] === COPIE REELLE: Drive ECHOLINE/04-Community management/D-Kit communication/ZZ-Archives ===
[2026-06-08 15:27:34] [SUCCESS] Dossier cree: Drive ECHOLINE/04-Community management/D-Kit communication/ZZ-Archives
[2026-06-08 15:27:35] [SUCCESS] Permission appliquée: Equipe INFRA [write] -> Drive ECHOLINE/04-Community management/D-Kit communication/ZZ-Archives
[2026-06-08 15:27:35] [WARN] Pas de mappage pour: Propriétaires de SERVICES_GENERAUX () - permission ignorée sur Drive ECHOLINE/04-Community management/D-Kit communication/ZZ-Archives
[2026-06-08 15:27:35] [WARN] Pas de mappage pour: SERVICES_GENERAUX - Visiteurs () - permission ignorée sur Drive ECHOLINE/04-Community management/D-Kit communication/ZZ-Archives
[2026-06-08 15:27:35] [WARN] Pas de mappage pour: SERVICES_GENERAUX - Membres () - permission ignorée sur Drive ECHOLINE/04-Community management/D-Kit communication/ZZ-Archives
[2026-06-08 15:27:35] [SUCCESS] Permission appliquée: User 01 [write] -> Drive ECHOLINE/04-Community management/D-Kit communication/ZZ-Archives
[2026-06-08 15:27:35] [WARN] Impossible de résoudre 'test' dans le tenant destination - permission ignorée
[2026-06-08 15:27:35] [INFO] Traitement: /Drive ECHOLINE/04-Community management/E- Linkedin/ (6 permission(s))
[2026-06-08 15:27:35] [INFO] === COPIE REELLE: Drive ECHOLINE/04-Community management/E- Linkedin ===
[2026-06-08 15:27:36] [SUCCESS] Dossier cree: Drive ECHOLINE/04-Community management/E- Linkedin
[2026-06-08 15:27:36] [WARN] Impossible de résoudre 'test' dans le tenant destination - permission ignorée
[2026-06-08 15:27:36] [WARN] Pas de mappage pour: Propriétaires de SERVICES_GENERAUX () - permission ignorée sur Drive ECHOLINE/04-Community management/E- Linkedin
[2026-06-08 15:27:36] [SUCCESS] Permission appliquée: Equipe INFRA [write] -> Drive ECHOLINE/04-Community management/E- Linkedin
[2026-06-08 15:27:36] [WARN] Pas de mappage pour: SERVICES_GENERAUX - Visiteurs () - permission ignorée sur Drive ECHOLINE/04-Community management/E- Linkedin
[2026-06-08 15:27:36] [WARN] Pas de mappage pour: SERVICES_GENERAUX - Membres () - permission ignorée sur Drive ECHOLINE/04-Community management/E- Linkedin
[2026-06-08 15:27:36] [SUCCESS] Permission appliquée: User 01 [write] -> Drive ECHOLINE/04-Community management/E- Linkedin
[2026-06-08 15:27:36] [INFO] Traitement: /Drive ECHOLINE/04-Community management/E- Linkedin/Carrousel réglementaires/ (6 permission(s))
[2026-06-08 15:27:36] [INFO] === COPIE REELLE: Drive ECHOLINE/04-Community management/E- Linkedin/Carrousel réglementaires ===
[2026-06-08 15:27:37] [SUCCESS] Dossier cree: Drive ECHOLINE/04-Community management/E- Linkedin/Carrousel réglementaires
[2026-06-08 15:27:38] [DEBUG] [404] Item pas encore disponible, retry 1/3 dans 2s: Drive ECHOLINE/04-Community management/E- Linkedin/Carrousel réglementaires
[2026-06-08 15:27:40] [DEBUG] [404] Item pas encore disponible, retry 2/3 dans 2s: Drive ECHOLINE/04-Community management/E- Linkedin/Carrousel réglementaires
[2026-06-08 15:27:42] [DEBUG] [404] Item pas encore disponible, retry 3/3 dans 2s: Drive ECHOLINE/04-Community management/E- Linkedin/Carrousel réglementaires
[2026-06-08 15:27:44] [WARN] Impossible de récupérer l'item destination pour les droits: Drive ECHOLINE/04-Community management/E- Linkedin/Carrousel réglementaires - Le serveur distant a retourné une erreur : (404) Introuvable.
[2026-06-08 15:27:44] [INFO] Traitement: /Drive ECHOLINE/04-Community management/ZZ-Archives/ (6 permission(s))
[2026-06-08 15:27:44] [INFO] === COPIE REELLE: Drive ECHOLINE/04-Community management/ZZ-Archives ===
[2026-06-08 15:27:45] [SUCCESS] Dossier cree: Drive ECHOLINE/04-Community management/ZZ-Archives
[2026-06-08 15:27:45] [WARN] Pas de mappage pour: SERVICES_GENERAUX - Visiteurs () - permission ignorée sur Drive ECHOLINE/04-Community management/ZZ-Archives
[2026-06-08 15:27:45] [WARN] Pas de mappage pour: Propriétaires de SERVICES_GENERAUX () - permission ignorée sur Drive ECHOLINE/04-Community management/ZZ-Archives
[2026-06-08 15:27:45] [WARN] Pas de mappage pour: SERVICES_GENERAUX - Membres () - permission ignorée sur Drive ECHOLINE/04-Community management/ZZ-Archives
[2026-06-08 15:27:45] [SUCCESS] Permission appliquée: User 01 [write] -> Drive ECHOLINE/04-Community management/ZZ-Archives
[2026-06-08 15:27:46] [SUCCESS] Permission appliquée: Equipe INFRA [write] -> Drive ECHOLINE/04-Community management/ZZ-Archives
[2026-06-08 15:27:46] [WARN] Impossible de résoudre 'test' dans le tenant destination - permission ignorée
[2026-06-08 15:27:46] [INFO] Traitement: /Drive ECHOLINE/04-Community management/ZZ-Archives/Matinales/ (6 permission(s))
[2026-06-08 15:27:46] [INFO] === COPIE REELLE: Drive ECHOLINE/04-Community management/ZZ-Archives/Matinales ===
[2026-06-08 15:27:46] [SUCCESS] Dossier cree: Drive ECHOLINE/04-Community management/ZZ-Archives/Matinales
[2026-06-08 15:27:47] [WARN] Impossible de résoudre 'test' dans le tenant destination - permission ignorée
[2026-06-08 15:27:47] [WARN] Pas de mappage pour: Propriétaires de SERVICES_GENERAUX () - permission ignorée sur Drive ECHOLINE/04-Community management/ZZ-Archives/Matinales
[2026-06-08 15:27:47] [WARN] Pas de mappage pour: SERVICES_GENERAUX - Membres () - permission ignorée sur Drive ECHOLINE/04-Community management/ZZ-Archives/Matinales
[2026-06-08 15:27:47] [SUCCESS] Permission appliquée: User 01 [write] -> Drive ECHOLINE/04-Community management/ZZ-Archives/Matinales
[2026-06-08 15:27:47] [SUCCESS] Permission appliquée: Equipe INFRA [write] -> Drive ECHOLINE/04-Community management/ZZ-Archives/Matinales
[2026-06-08 15:27:47] [WARN] Pas de mappage pour: SERVICES_GENERAUX - Visiteurs () - permission ignorée sur Drive ECHOLINE/04-Community management/ZZ-Archives/Matinales
[2026-06-08 15:27:47] [INFO] Traitement: /Drive ECHOLINE/05-Sales/ (6 permission(s))
[2026-06-08 15:27:47] [INFO] === COPIE REELLE: Drive ECHOLINE/05-Sales ===
[2026-06-08 15:27:48] [SUCCESS] Dossier cree: Drive ECHOLINE/05-Sales
[2026-06-08 15:27:48] [WARN] Impossible de résoudre 'test' dans le tenant destination - permission ignorée
[2026-06-08 15:27:49] [SUCCESS] Permission appliquée: Equipe INFRA [write] -> Drive ECHOLINE/05-Sales
[2026-06-08 15:27:49] [SUCCESS] Permission appliquée: User 01 [write] -> Drive ECHOLINE/05-Sales
[2026-06-08 15:27:49] [WARN] Pas de mappage pour: SERVICES_GENERAUX - Membres () - permission ignorée sur Drive ECHOLINE/05-Sales
[2026-06-08 15:27:49] [WARN] Pas de mappage pour: SERVICES_GENERAUX - Visiteurs () - permission ignorée sur Drive ECHOLINE/05-Sales
[2026-06-08 15:27:49] [WARN] Pas de mappage pour: Propriétaires de SERVICES_GENERAUX () - permission ignorée sur Drive ECHOLINE/05-Sales
[2026-06-08 15:27:49] [INFO] Traitement: /Drive ECHOLINE/05-Sales/A-Prospects/ (6 permission(s))
[2026-06-08 15:27:49] [INFO] === COPIE REELLE: Drive ECHOLINE/05-Sales/A-Prospects ===
[2026-06-08 15:27:50] [SUCCESS] Dossier cree: Drive ECHOLINE/05-Sales/A-Prospects
[2026-06-08 15:27:50] [SUCCESS] Permission appliquée: Equipe INFRA [write] -> Drive ECHOLINE/05-Sales/A-Prospects
[2026-06-08 15:27:50] [WARN] Pas de mappage pour: Propriétaires de SERVICES_GENERAUX () - permission ignorée sur Drive ECHOLINE/05-Sales/A-Prospects
[2026-06-08 15:27:50] [WARN] Pas de mappage pour: SERVICES_GENERAUX - Membres () - permission ignorée sur Drive ECHOLINE/05-Sales/A-Prospects
[2026-06-08 15:27:50] [WARN] Pas de mappage pour: SERVICES_GENERAUX - Visiteurs () - permission ignorée sur Drive ECHOLINE/05-Sales/A-Prospects
[2026-06-08 15:27:51] [SUCCESS] Permission appliquée: User 01 [write] -> Drive ECHOLINE/05-Sales/A-Prospects
[2026-06-08 15:27:51] [WARN] Impossible de résoudre 'test' dans le tenant destination - permission ignorée
[2026-06-08 15:27:51] [INFO] Traitement: /Drive ECHOLINE/05-Sales/A-Prospects/AES SARL/ (6 permission(s))
[2026-06-08 15:27:51] [INFO] === COPIE REELLE: Drive ECHOLINE/05-Sales/A-Prospects/AES SARL ===
[2026-06-08 15:27:52] [SUCCESS] Dossier cree: Drive ECHOLINE/05-Sales/A-Prospects/AES SARL
[2026-06-08 15:27:52] [SUCCESS] Permission appliquée: Equipe INFRA [write] -> Drive ECHOLINE/05-Sales/A-Prospects/AES SARL
[2026-06-08 15:27:52] [SUCCESS] Permission appliquée: User 01 [write] -> Drive ECHOLINE/05-Sales/A-Prospects/AES SARL
[2026-06-08 15:27:52] [WARN] Pas de mappage pour: SERVICES_GENERAUX - Membres () - permission ignorée sur Drive ECHOLINE/05-Sales/A-Prospects/AES SARL
[2026-06-08 15:27:52] [WARN] Pas de mappage pour: SERVICES_GENERAUX - Visiteurs () - permission ignorée sur Drive ECHOLINE/05-Sales/A-Prospects/AES SARL
[2026-06-08 15:27:52] [WARN] Pas de mappage pour: Propriétaires de SERVICES_GENERAUX () - permission ignorée sur Drive ECHOLINE/05-Sales/A-Prospects/AES SARL
[2026-06-08 15:27:52] [WARN] Impossible de résoudre 'test' dans le tenant destination - permission ignorée
[2026-06-08 15:27:52] [INFO] Traitement: /Drive ECHOLINE/05-Sales/A-Prospects/ALCHIMIES/ (6 permission(s))
[2026-06-08 15:27:52] [INFO] === COPIE REELLE: Drive ECHOLINE/05-Sales/A-Prospects/ALCHIMIES ===
[2026-06-08 15:27:53] [SUCCESS] Dossier cree: Drive ECHOLINE/05-Sales/A-Prospects/ALCHIMIES
[2026-06-08 15:27:54] [SUCCESS] Permission appliquée: User 01 [write] -> Drive ECHOLINE/05-Sales/A-Prospects/ALCHIMIES
[2026-06-08 15:27:54] [WARN] Pas de mappage pour: SERVICES_GENERAUX - Membres () - permission ignorée sur Drive ECHOLINE/05-Sales/A-Prospects/ALCHIMIES
[2026-06-08 15:27:54] [WARN] Pas de mappage pour: SERVICES_GENERAUX - Visiteurs () - permission ignorée sur Drive ECHOLINE/05-Sales/A-Prospects/ALCHIMIES
[2026-06-08 15:27:54] [WARN] Pas de mappage pour: Propriétaires de SERVICES_GENERAUX () - permission ignorée sur Drive ECHOLINE/05-Sales/A-Prospects/ALCHIMIES
[2026-06-08 15:27:54] [WARN] Impossible de résoudre 'test' dans le tenant destination - permission ignorée
[2026-06-08 15:27:54] [SUCCESS] Permission appliquée: Equipe INFRA [write] -> Drive ECHOLINE/05-Sales/A-Prospects/ALCHIMIES
[2026-06-08 15:27:54] [INFO] Traitement: /Drive ECHOLINE/05-Sales/A-Prospects/APAG/ (6 permission(s))
[2026-06-08 15:27:54] [INFO] === COPIE REELLE: Drive ECHOLINE/05-Sales/A-Prospects/APAG ===
[2026-06-08 15:27:55] [SUCCESS] Dossier cree: Drive ECHOLINE/05-Sales/A-Prospects/APAG
[2026-06-08 15:27:55] [WARN] Impossible de résoudre 'test' dans le tenant destination - permission ignorée
[2026-06-08 15:27:55] [SUCCESS] Permission appliquée: User 01 [write] -> Drive ECHOLINE/05-Sales/A-Prospects/APAG
[2026-06-08 15:27:55] [WARN] Pas de mappage pour: SERVICES_GENERAUX - Membres () - permission ignorée sur Drive ECHOLINE/05-Sales/A-Prospects/APAG
[2026-06-08 15:27:55] [WARN] Pas de mappage pour: SERVICES_GENERAUX - Visiteurs () - permission ignorée sur Drive ECHOLINE/05-Sales/A-Prospects/APAG
[2026-06-08 15:27:55] [WARN] Pas de mappage pour: Propriétaires de SERVICES_GENERAUX () - permission ignorée sur Drive ECHOLINE/05-Sales/A-Prospects/APAG
[2026-06-08 15:27:56] [SUCCESS] Permission appliquée: Equipe INFRA [write] -> Drive ECHOLINE/05-Sales/A-Prospects/APAG
[2026-06-08 15:27:56] [INFO] Traitement: /Drive ECHOLINE/05-Sales/A-Prospects/BIOTOPE/ (6 permission(s))
[2026-06-08 15:27:56] [INFO] === COPIE REELLE: Drive ECHOLINE/05-Sales/A-Prospects/BIOTOPE ===
[2026-06-08 15:27:57] [SUCCESS] Dossier cree: Drive ECHOLINE/05-Sales/A-Prospects/BIOTOPE
[2026-06-08 15:27:57] [WARN] Pas de mappage pour: SERVICES_GENERAUX - Visiteurs () - permission ignorée sur Drive ECHOLINE/05-Sales/A-Prospects/BIOTOPE
[2026-06-08 15:27:57] [WARN] Pas de mappage pour: Propriétaires de SERVICES_GENERAUX () - permission ignorée sur Drive ECHOLINE/05-Sales/A-Prospects/BIOTOPE
[2026-06-08 15:27:57] [WARN] Pas de mappage pour: SERVICES_GENERAUX - Membres () - permission ignorée sur Drive ECHOLINE/05-Sales/A-Prospects/BIOTOPE
[2026-06-08 15:27:57] [WARN] Impossible de résoudre 'test' dans le tenant destination - permission ignorée
[2026-06-08 15:27:57] [SUCCESS] Permission appliquée: Equipe INFRA [write] -> Drive ECHOLINE/05-Sales/A-Prospects/BIOTOPE
[2026-06-08 15:27:58] [SUCCESS] Permission appliquée: User 01 [write] -> Drive ECHOLINE/05-Sales/A-Prospects/BIOTOPE
[2026-06-08 15:27:58] [INFO] Traitement: /Drive ECHOLINE/05-Sales/A-Prospects/BOBITECH/ (6 permission(s))
[2026-06-08 15:27:58] [INFO] === COPIE REELLE: Drive ECHOLINE/05-Sales/A-Prospects/BOBITECH ===
[2026-06-08 15:27:59] [SUCCESS] Dossier cree: Drive ECHOLINE/05-Sales/A-Prospects/BOBITECH
[2026-06-08 15:27:59] [SUCCESS] Permission appliquée: User 01 [write] -> Drive ECHOLINE/05-Sales/A-Prospects/BOBITECH
[2026-06-08 15:27:59] [WARN] Pas de mappage pour: SERVICES_GENERAUX - Membres () - permission ignorée sur Drive ECHOLINE/05-Sales/A-Prospects/BOBITECH
[2026-06-08 15:27:59] [WARN] Impossible de résoudre 'test' dans le tenant destination - permission ignorée
[2026-06-08 15:27:59] [WARN] Pas de mappage pour: SERVICES_GENERAUX - Visiteurs () - permission ignorée sur Drive ECHOLINE/05-Sales/A-Prospects/BOBITECH
[2026-06-08 15:27:59] [WARN] Pas de mappage pour: Propriétaires de SERVICES_GENERAUX () - permission ignorée sur Drive ECHOLINE/05-Sales/A-Prospects/BOBITECH
[2026-06-08 15:27:59] [SUCCESS] Permission appliquée: Equipe INFRA [write] -> Drive ECHOLINE/05-Sales/A-Prospects/BOBITECH
[2026-06-08 15:27:59] [INFO] Traitement: /Drive ECHOLINE/05-Sales/A-Prospects/CAMO GROUPE/ (6 permission(s))
[2026-06-08 15:27:59] [INFO] === COPIE REELLE: Drive ECHOLINE/05-Sales/A-Prospects/CAMO GROUPE ===
[2026-06-08 15:28:00] [SUCCESS] Dossier cree: Drive ECHOLINE/05-Sales/A-Prospects/CAMO GROUPE
[2026-06-08 15:28:00] [WARN] Pas de mappage pour: SERVICES_GENERAUX - Visiteurs () - permission ignorée sur Drive ECHOLINE/05-Sales/A-Prospects/CAMO GROUPE
[2026-06-08 15:28:00] [WARN] Pas de mappage pour: Propriétaires de SERVICES_GENERAUX () - permission ignorée sur Drive ECHOLINE/05-Sales/A-Prospects/CAMO GROUPE
[2026-06-08 15:28:00] [WARN] Impossible de résoudre 'test' dans le tenant destination - permission ignorée
[2026-06-08 15:28:01] [SUCCESS] Permission appliquée: Equipe INFRA [write] -> Drive ECHOLINE/05-Sales/A-Prospects/CAMO GROUPE
[2026-06-08 15:28:01] [SUCCESS] Permission appliquée: User 01 [write] -> Drive ECHOLINE/05-Sales/A-Prospects/CAMO GROUPE
[2026-06-08 15:28:01] [WARN] Pas de mappage pour: SERVICES_GENERAUX - Membres () - permission ignorée sur Drive ECHOLINE/05-Sales/A-Prospects/CAMO GROUPE
[2026-06-08 15:28:01] [INFO] Traitement: /Drive ECHOLINE/05-Sales/A-Prospects/CAPSUM/ (6 permission(s))
[2026-06-08 15:28:01] [INFO] === COPIE REELLE: Drive ECHOLINE/05-Sales/A-Prospects/CAPSUM ===
[2026-06-08 15:28:02] [SUCCESS] Dossier cree: Drive ECHOLINE/05-Sales/A-Prospects/CAPSUM
[2026-06-08 15:28:02] [SUCCESS] Permission appliquée: User 01 [write] -> Drive ECHOLINE/05-Sales/A-Prospects/CAPSUM
[2026-06-08 15:28:02] [WARN] Pas de mappage pour: SERVICES_GENERAUX - Membres () - permission ignorée sur Drive ECHOLINE/05-Sales/A-Prospects/CAPSUM
[2026-06-08 15:28:02] [WARN] Pas de mappage pour: SERVICES_GENERAUX - Visiteurs () - permission ignorée sur Drive ECHOLINE/05-Sales/A-Prospects/CAPSUM
[2026-06-08 15:28:02] [WARN] Pas de mappage pour: Propriétaires de SERVICES_GENERAUX () - permission ignorée sur Drive ECHOLINE/05-Sales/A-Prospects/CAPSUM
[2026-06-08 15:28:03] [SUCCESS] Permission appliquée: Equipe INFRA [write] -> Drive ECHOLINE/05-Sales/A-Prospects/CAPSUM
[2026-06-08 15:28:03] [WARN] Impossible de résoudre 'test' dans le tenant destination - permission ignorée
[2026-06-08 15:28:03] [INFO] Traitement: /Drive ECHOLINE/05-Sales/A-Prospects/CATTIER PARIS/ (6 permission(s))
[2026-06-08 15:28:03] [INFO] === COPIE REELLE: Drive ECHOLINE/05-Sales/A-Prospects/CATTIER PARIS ===
[2026-06-08 15:28:04] [SUCCESS] Dossier cree: Drive ECHOLINE/05-Sales/A-Prospects/CATTIER PARIS
[2026-06-08 15:28:04] [WARN] Impossible de résoudre 'test' dans le tenant destination - permission ignorée
[2026-06-08 15:28:04] [WARN] Pas de mappage pour: Propriétaires de SERVICES_GENERAUX () - permission ignorée sur Drive ECHOLINE/05-Sales/A-Prospects/CATTIER PARIS
[2026-06-08 15:28:04] [WARN] Pas de mappage pour: SERVICES_GENERAUX - Visiteurs () - permission ignorée sur Drive ECHOLINE/05-Sales/A-Prospects/CATTIER PARIS
[2026-06-08 15:28:04] [WARN] Pas de mappage pour: SERVICES_GENERAUX - Membres () - permission ignorée sur Drive ECHOLINE/05-Sales/A-Prospects/CATTIER PARIS
[2026-06-08 15:28:04] [SUCCESS] Permission appliquée: User 01 [write] -> Drive ECHOLINE/05-Sales/A-Prospects/CATTIER PARIS
[2026-06-08 15:28:04] [SUCCESS] Permission appliquée: Equipe INFRA [write] -> Drive ECHOLINE/05-Sales/A-Prospects/CATTIER PARIS
[2026-06-08 15:28:04] [INFO] Traitement: /Drive ECHOLINE/05-Sales/A-Prospects/CERTINERGY/ (6 permission(s))
[2026-06-08 15:28:04] [INFO] === COPIE REELLE: Drive ECHOLINE/05-Sales/A-Prospects/CERTINERGY ===
[2026-06-08 15:28:05] [SUCCESS] Dossier cree: Drive ECHOLINE/05-Sales/A-Prospects/CERTINERGY
[2026-06-08 15:28:06] [SUCCESS] Permission appliquée: User 01 [write] -> Drive ECHOLINE/05-Sales/A-Prospects/CERTINERGY
[2026-06-08 15:28:06] [WARN] Pas de mappage pour: Propriétaires de SERVICES_GENERAUX () - permission ignorée sur Drive ECHOLINE/05-Sales/A-Prospects/CERTINERGY
[2026-06-08 15:28:06] [WARN] Pas de mappage pour: SERVICES_GENERAUX - Visiteurs () - permission ignorée sur Drive ECHOLINE/05-Sales/A-Prospects/CERTINERGY
[2026-06-08 15:28:06] [WARN] Pas de mappage pour: SERVICES_GENERAUX - Membres () - permission ignorée sur Drive ECHOLINE/05-Sales/A-Prospects/CERTINERGY
[2026-06-08 15:28:06] [SUCCESS] Permission appliquée: Equipe INFRA [write] -> Drive ECHOLINE/05-Sales/A-Prospects/CERTINERGY
[2026-06-08 15:28:06] [WARN] Impossible de résoudre 'test' dans le tenant destination - permission ignorée
[2026-06-08 15:28:06] [INFO] Traitement: /Drive ECHOLINE/05-Sales/A-Prospects/CHARGEURS PCC/ (6 permission(s))
[2026-06-08 15:28:06] [INFO] === COPIE REELLE: Drive ECHOLINE/05-Sales/A-Prospects/CHARGEURS PCC ===
[2026-06-08 15:28:07] [SUCCESS] Dossier cree: Drive ECHOLINE/05-Sales/A-Prospects/CHARGEURS PCC
[2026-06-08 15:28:07] [WARN] Impossible de résoudre 'test' dans le tenant destination - permission ignorée
[2026-06-08 15:28:07] [SUCCESS] Permission appliquée: Equipe INFRA [write] -> Drive ECHOLINE/05-Sales/A-Prospects/CHARGEURS PCC
[2026-06-08 15:28:07] [SUCCESS] Permission appliquée: User 01 [write] -> Drive ECHOLINE/05-Sales/A-Prospects/CHARGEURS PCC
[2026-06-08 15:28:07] [WARN] Pas de mappage pour: SERVICES_GENERAUX - Membres () - permission ignorée sur Drive ECHOLINE/05-Sales/A-Prospects/CHARGEURS PCC
[2026-06-08 15:28:07] [WARN] Pas de mappage pour: SERVICES_GENERAUX - Visiteurs () - permission ignorée sur Drive ECHOLINE/05-Sales/A-Prospects/CHARGEURS PCC
[2026-06-08 15:28:07] [WARN] Pas de mappage pour: Propriétaires de SERVICES_GENERAUX () - permission ignorée sur Drive ECHOLINE/05-Sales/A-Prospects/CHARGEURS PCC
[2026-06-08 15:28:07] [INFO] Traitement: /Drive ECHOLINE/05-Sales/A-Prospects/COLOREY/ (6 permission(s))
[2026-06-08 15:28:07] [INFO] === COPIE REELLE: Drive ECHOLINE/05-Sales/A-Prospects/COLOREY ===
[2026-06-08 15:28:08] [SUCCESS] Dossier cree: Drive ECHOLINE/05-Sales/A-Prospects/COLOREY
[2026-06-08 15:28:09] [WARN] Pas de mappage pour: SERVICES_GENERAUX - Membres () - permission ignorée sur Drive ECHOLINE/05-Sales/A-Prospects/COLOREY
[2026-06-08 15:28:09] [WARN] Impossible de résoudre 'test' dans le tenant destination - permission ignorée
[2026-06-08 15:28:09] [WARN] Pas de mappage pour: SERVICES_GENERAUX - Visiteurs () - permission ignorée sur Drive ECHOLINE/05-Sales/A-Prospects/COLOREY
[2026-06-08 15:28:09] [WARN] Pas de mappage pour: Propriétaires de SERVICES_GENERAUX () - permission ignorée sur Drive ECHOLINE/05-Sales/A-Prospects/COLOREY
[2026-06-08 15:28:09] [SUCCESS] Permission appliquée: User 01 [write] -> Drive ECHOLINE/05-Sales/A-Prospects/COLOREY
[2026-06-08 15:28:09] [SUCCESS] Permission appliquée: Equipe INFRA [write] -> Drive ECHOLINE/05-Sales/A-Prospects/COLOREY
[2026-06-08 15:28:09] [INFO] Traitement: /Drive ECHOLINE/05-Sales/A-Prospects/CPCU/ (6 permission(s))
[2026-06-08 15:28:09] [INFO] === COPIE REELLE: Drive ECHOLINE/05-Sales/A-Prospects/CPCU ===
[2026-06-08 15:28:11] [SUCCESS] Dossier cree: Drive ECHOLINE/05-Sales/A-Prospects/CPCU
[2026-06-08 15:28:11] [WARN] Impossible de résoudre 'test' dans le tenant destination - permission ignorée
[2026-06-08 15:28:11] [WARN] Pas de mappage pour: Propriétaires de SERVICES_GENERAUX () - permission ignorée sur Drive ECHOLINE/05-Sales/A-Prospects/CPCU
[2026-06-08 15:28:11] [WARN] Pas de mappage pour: SERVICES_GENERAUX - Visiteurs () - permission ignorée sur Drive ECHOLINE/05-Sales/A-Prospects/CPCU
[2026-06-08 15:28:11] [WARN] Pas de mappage pour: SERVICES_GENERAUX - Membres () - permission ignorée sur Drive ECHOLINE/05-Sales/A-Prospects/CPCU
[2026-06-08 15:28:11] [SUCCESS] Permission appliquée: User 01 [write] -> Drive ECHOLINE/05-Sales/A-Prospects/CPCU
[2026-06-08 15:28:12] [SUCCESS] Permission appliquée: Equipe INFRA [write] -> Drive ECHOLINE/05-Sales/A-Prospects/CPCU
[2026-06-08 15:28:12] [INFO] Traitement: /Drive ECHOLINE/05-Sales/A-Prospects/CTIBIOTECH/ (6 permission(s))
[2026-06-08 15:28:12] [INFO] === COPIE REELLE: Drive ECHOLINE/05-Sales/A-Prospects/CTIBIOTECH ===
[2026-06-08 15:28:13] [SUCCESS] Dossier cree: Drive ECHOLINE/05-Sales/A-Prospects/CTIBIOTECH
[2026-06-08 15:28:13] [WARN] Pas de mappage pour: Propriétaires de SERVICES_GENERAUX () - permission ignorée sur Drive ECHOLINE/05-Sales/A-Prospects/CTIBIOTECH
[2026-06-08 15:28:13] [WARN] Pas de mappage pour: SERVICES_GENERAUX - Visiteurs () - permission ignorée sur Drive ECHOLINE/05-Sales/A-Prospects/CTIBIOTECH
[2026-06-08 15:28:13] [WARN] Pas de mappage pour: SERVICES_GENERAUX - Membres () - permission ignorée sur Drive ECHOLINE/05-Sales/A-Prospects/CTIBIOTECH
[2026-06-08 15:28:13] [SUCCESS] Permission appliquée: User 01 [write] -> Drive ECHOLINE/05-Sales/A-Prospects/CTIBIOTECH
[2026-06-08 15:28:14] [SUCCESS] Permission appliquée: Equipe INFRA [write] -> Drive ECHOLINE/05-Sales/A-Prospects/CTIBIOTECH
[2026-06-08 15:28:14] [WARN] Impossible de résoudre 'test' dans le tenant destination - permission ignorée
[2026-06-08 15:28:14] [INFO] Traitement: /Drive ECHOLINE/05-Sales/A-Prospects/ELIOR SERVICES/ (6 permission(s))
[2026-06-08 15:28:14] [INFO] === COPIE REELLE: Drive ECHOLINE/05-Sales/A-Prospects/ELIOR SERVICES ===
[2026-06-08 15:28:15] [SUCCESS] Dossier cree: Drive ECHOLINE/05-Sales/A-Prospects/ELIOR SERVICES
[2026-06-08 15:28:15] [WARN] Pas de mappage pour: Propriétaires de SERVICES_GENERAUX () - permission ignorée sur Drive ECHOLINE/05-Sales/A-Prospects/ELIOR SERVICES
[2026-06-08 15:28:15] [WARN] Impossible de résoudre 'test' dans le tenant destination - permission ignorée
[2026-06-08 15:28:15] [SUCCESS] Permission appliquée: Equipe INFRA [write] -> Drive ECHOLINE/05-Sales/A-Prospects/ELIOR SERVICES
[2026-06-08 15:28:16] [SUCCESS] Permission appliquée: User 01 [write] -> Drive ECHOLINE/05-Sales/A-Prospects/ELIOR SERVICES
[2026-06-08 15:28:16] [WARN] Pas de mappage pour: SERVICES_GENERAUX - Membres () - permission ignorée sur Drive ECHOLINE/05-Sales/A-Prospects/ELIOR SERVICES
[2026-06-08 15:28:16] [WARN] Pas de mappage pour: SERVICES_GENERAUX - Visiteurs () - permission ignorée sur Drive ECHOLINE/05-Sales/A-Prospects/ELIOR SERVICES
[2026-06-08 15:28:16] [INFO] Traitement: /Drive ECHOLINE/05-Sales/A-Prospects/ELIS/ (6 permission(s))
[2026-06-08 15:28:16] [INFO] === COPIE REELLE: Drive ECHOLINE/05-Sales/A-Prospects/ELIS ===
[2026-06-08 15:28:17] [SUCCESS] Dossier cree: Drive ECHOLINE/05-Sales/A-Prospects/ELIS
[2026-06-08 15:28:17] [WARN] Pas de mappage pour: Propriétaires de SERVICES_GENERAUX () - permission ignorée sur Drive ECHOLINE/05-Sales/A-Prospects/ELIS
[2026-06-08 15:28:17] [WARN] Pas de mappage pour: SERVICES_GENERAUX - Membres () - permission ignorée sur Drive ECHOLINE/05-Sales/A-Prospects/ELIS
[2026-06-08 15:28:17] [SUCCESS] Permission appliquée: Equipe INFRA [write] -> Drive ECHOLINE/05-Sales/A-Prospects/ELIS
[2026-06-08 15:28:17] [WARN] Impossible de résoudre 'test' dans le tenant destination - permission ignorée
[2026-06-08 15:28:17] [WARN] Pas de mappage pour: SERVICES_GENERAUX - Visiteurs () - permission ignorée sur Drive ECHOLINE/05-Sales/A-Prospects/ELIS
[2026-06-08 15:28:17] [SUCCESS] Permission appliquée: User 01 [write] -> Drive ECHOLINE/05-Sales/A-Prospects/ELIS
[2026-06-08 15:28:17] [INFO] Traitement: /Drive ECHOLINE/05-Sales/A-Prospects/ENTSIA/ (6 permission(s))
[2026-06-08 15:28:17] [INFO] === COPIE REELLE: Drive ECHOLINE/05-Sales/A-Prospects/ENTSIA ===
[2026-06-08 15:28:18] [SUCCESS] Dossier cree: Drive ECHOLINE/05-Sales/A-Prospects/ENTSIA
[2026-06-08 15:28:18] [WARN] Impossible de résoudre 'test' dans le tenant destination - permission ignorée
[2026-06-08 15:28:19] [SUCCESS] Permission appliquée: Equipe INFRA [write] -> Drive ECHOLINE/05-Sales/A-Prospects/ENTSIA
[2026-06-08 15:28:19] [SUCCESS] Permission appliquée: User 01 [write] -> Drive ECHOLINE/05-Sales/A-Prospects/ENTSIA
[2026-06-08 15:28:19] [WARN] Pas de mappage pour: SERVICES_GENERAUX - Membres () - permission ignorée sur Drive ECHOLINE/05-Sales/A-Prospects/ENTSIA
[2026-06-08 15:28:19] [WARN] Pas de mappage pour: SERVICES_GENERAUX - Visiteurs () - permission ignorée sur Drive ECHOLINE/05-Sales/A-Prospects/ENTSIA
[2026-06-08 15:28:19] [WARN] Pas de mappage pour: Propriétaires de SERVICES_GENERAUX () - permission ignorée sur Drive ECHOLINE/05-Sales/A-Prospects/ENTSIA
[2026-06-08 15:28:19] [INFO] Traitement: /Drive ECHOLINE/05-Sales/A-Prospects/ENVIRIS/ (6 permission(s))
[2026-06-08 15:28:19] [INFO] === COPIE REELLE: Drive ECHOLINE/05-Sales/A-Prospects/ENVIRIS ===
[2026-06-08 15:28:20] [SUCCESS] Dossier cree: Drive ECHOLINE/05-Sales/A-Prospects/ENVIRIS
[2026-06-08 15:28:21] [SUCCESS] Permission appliquée: Equipe INFRA [write] -> Drive ECHOLINE/05-Sales/A-Prospects/ENVIRIS
[2026-06-08 15:28:21] [WARN] Pas de mappage pour: Propriétaires de SERVICES_GENERAUX () - permission ignorée sur Drive ECHOLINE/05-Sales/A-Prospects/ENVIRIS
[2026-06-08 15:28:21] [WARN] Pas de mappage pour: SERVICES_GENERAUX - Visiteurs () - permission ignorée sur Drive ECHOLINE/05-Sales/A-Prospects/ENVIRIS
[2026-06-08 15:28:21] [WARN] Pas de mappage pour: SERVICES_GENERAUX - Membres () - permission ignorée sur Drive ECHOLINE/05-Sales/A-Prospects/ENVIRIS
[2026-06-08 15:28:21] [SUCCESS] Permission appliquée: User 01 [write] -> Drive ECHOLINE/05-Sales/A-Prospects/ENVIRIS
[2026-06-08 15:28:21] [WARN] Impossible de résoudre 'test' dans le tenant destination - permission ignorée
[2026-06-08 15:28:21] [INFO] Traitement: /Drive ECHOLINE/05-Sales/A-Prospects/EUROSOURCING/ (6 permission(s))
[2026-06-08 15:28:21] [INFO] === COPIE REELLE: Drive ECHOLINE/05-Sales/A-Prospects/EUROSOURCING ===
[2026-06-08 15:28:22] [SUCCESS] Dossier cree: Drive ECHOLINE/05-Sales/A-Prospects/EUROSOURCING
[2026-06-08 15:28:22] [WARN] Impossible de résoudre 'test' dans le tenant destination - permission ignorée
[2026-06-08 15:28:22] [WARN] Pas de mappage pour: Propriétaires de SERVICES_GENERAUX () - permission ignorée sur Drive ECHOLINE/05-Sales/A-Prospects/EUROSOURCING
[2026-06-08 15:28:22] [SUCCESS] Permission appliquée: Equipe INFRA [write] -> Drive ECHOLINE/05-Sales/A-Prospects/EUROSOURCING
[2026-06-08 15:28:22] [WARN] Pas de mappage pour: SERVICES_GENERAUX - Visiteurs () - permission ignorée sur Drive ECHOLINE/05-Sales/A-Prospects/EUROSOURCING
[2026-06-08 15:28:22] [WARN] Pas de mappage pour: SERVICES_GENERAUX - Membres () - permission ignorée sur Drive ECHOLINE/05-Sales/A-Prospects/EUROSOURCING
[2026-06-08 15:28:23] [SUCCESS] Permission appliquée: User 01 [write] -> Drive ECHOLINE/05-Sales/A-Prospects/EUROSOURCING
[2026-06-08 15:28:23] [INFO] Traitement: /Drive ECHOLINE/05-Sales/A-Prospects/FOURÉ LAGADEC/ (6 permission(s))
[2026-06-08 15:28:23] [INFO] === COPIE REELLE: Drive ECHOLINE/05-Sales/A-Prospects/FOURÉ LAGADEC ===
[2026-06-08 15:28:24] [ERROR] Erreur copie: Le serveur distant a retourné une erreur : (400) Demande incorrecte.
[2026-06-08 15:28:24] [DEBUG] [404] Item pas encore disponible, retry 1/3 dans 2s: Drive ECHOLINE/05-Sales/A-Prospects/FOURÉ LAGADEC
[2026-06-08 15:28:26] [DEBUG] [404] Item pas encore disponible, retry 2/3 dans 2s: Drive ECHOLINE/05-Sales/A-Prospects/FOURÉ LAGADEC
[2026-06-08 15:28:28] [DEBUG] [404] Item pas encore disponible, retry 3/3 dans 2s: Drive ECHOLINE/05-Sales/A-Prospects/FOURÉ LAGADEC
[2026-06-08 15:28:30] [WARN] Impossible de récupérer l'item destination pour les droits: Drive ECHOLINE/05-Sales/A-Prospects/FOURÉ LAGADEC - Le serveur distant a retourné une erreur : (404) Introuvable.
[2026-06-08 15:28:30] [INFO] Traitement: /Drive ECHOLINE/05-Sales/A-Prospects/GETRAC/ (6 permission(s))
[2026-06-08 15:28:30] [INFO] === COPIE REELLE: Drive ECHOLINE/05-Sales/A-Prospects/GETRAC ===
[2026-06-08 15:28:31] [SUCCESS] Dossier cree: Drive ECHOLINE/05-Sales/A-Prospects/GETRAC
[2026-06-08 15:28:31] [WARN] Pas de mappage pour: Propriétaires de SERVICES_GENERAUX () - permission ignorée sur Drive ECHOLINE/05-Sales/A-Prospects/GETRAC
[2026-06-08 15:28:31] [WARN] Pas de mappage pour: SERVICES_GENERAUX - Visiteurs () - permission ignorée sur Drive ECHOLINE/05-Sales/A-Prospects/GETRAC
[2026-06-08 15:28:31] [WARN] Pas de mappage pour: SERVICES_GENERAUX - Membres () - permission ignorée sur Drive ECHOLINE/05-Sales/A-Prospects/GETRAC
[2026-06-08 15:28:31] [SUCCESS] Permission appliquée: User 01 [write] -> Drive ECHOLINE/05-Sales/A-Prospects/GETRAC
[2026-06-08 15:28:32] [SUCCESS] Permission appliquée: Equipe INFRA [write] -> Drive ECHOLINE/05-Sales/A-Prospects/GETRAC
[2026-06-08 15:28:32] [WARN] Impossible de résoudre 'test' dans le tenant destination - permission ignorée
[2026-06-08 15:28:32] [INFO] Traitement: /Drive ECHOLINE/05-Sales/A-Prospects/GMP GROUP/ (6 permission(s))
[2026-06-08 15:28:32] [INFO] === COPIE REELLE: Drive ECHOLINE/05-Sales/A-Prospects/GMP GROUP ===
[2026-06-08 15:28:32] [SUCCESS] Dossier cree: Drive ECHOLINE/05-Sales/A-Prospects/GMP GROUP
[2026-06-08 15:28:33] [WARN] Impossible de résoudre 'test' dans le tenant destination - permission ignorée
[2026-06-08 15:28:33] [WARN] Pas de mappage pour: SERVICES_GENERAUX - Visiteurs () - permission ignorée sur Drive ECHOLINE/05-Sales/A-Prospects/GMP GROUP
[2026-06-08 15:28:33] [WARN] Pas de mappage pour: SERVICES_GENERAUX - Membres () - permission ignorée sur Drive ECHOLINE/05-Sales/A-Prospects/GMP GROUP
[2026-06-08 15:28:33] [SUCCESS] Permission appliquée: User 01 [write] -> Drive ECHOLINE/05-Sales/A-Prospects/GMP GROUP
[2026-06-08 15:28:33] [SUCCESS] Permission appliquée: Equipe INFRA [write] -> Drive ECHOLINE/05-Sales/A-Prospects/GMP GROUP
[2026-06-08 15:28:33] [WARN] Pas de mappage pour: Propriétaires de SERVICES_GENERAUX () - permission ignorée sur Drive ECHOLINE/05-Sales/A-Prospects/GMP GROUP
[2026-06-08 15:28:33] [INFO] Traitement: /Drive ECHOLINE/05-Sales/A-Prospects/GROUPE BOISSEAU/ (6 permission(s))
[2026-06-08 15:28:33] [INFO] === COPIE REELLE: Drive ECHOLINE/05-Sales/A-Prospects/GROUPE BOISSEAU ===
[2026-06-08 15:28:34] [SUCCESS] Dossier cree: Drive ECHOLINE/05-Sales/A-Prospects/GROUPE BOISSEAU
[2026-06-08 15:28:34] [WARN] Impossible de résoudre 'test' dans le tenant destination - permission ignorée
[2026-06-08 15:28:34] [SUCCESS] Permission appliquée: Equipe INFRA [write] -> Drive ECHOLINE/05-Sales/A-Prospects/GROUPE BOISSEAU
[2026-06-08 15:28:35] [SUCCESS] Permission appliquée: User 01 [write] -> Drive ECHOLINE/05-Sales/A-Prospects/GROUPE BOISSEAU
[2026-06-08 15:28:35] [WARN] Pas de mappage pour: SERVICES_GENERAUX - Membres () - permission ignorée sur Drive ECHOLINE/05-Sales/A-Prospects/GROUPE BOISSEAU
[2026-06-08 15:28:35] [WARN] Pas de mappage pour: SERVICES_GENERAUX - Visiteurs () - permission ignorée sur Drive ECHOLINE/05-Sales/A-Prospects/GROUPE BOISSEAU
[2026-06-08 15:28:35] [WARN] Pas de mappage pour: Propriétaires de SERVICES_GENERAUX () - permission ignorée sur Drive ECHOLINE/05-Sales/A-Prospects/GROUPE BOISSEAU
[2026-06-08 15:28:35] [INFO] Traitement: /Drive ECHOLINE/05-Sales/A-Prospects/IDI COMPOSITES/ (6 permission(s))
[2026-06-08 15:28:35] [INFO] === COPIE REELLE: Drive ECHOLINE/05-Sales/A-Prospects/IDI COMPOSITES ===
[2026-06-08 15:28:36] [SUCCESS] Dossier cree: Drive ECHOLINE/05-Sales/A-Prospects/IDI COMPOSITES
[2026-06-08 15:28:36] [SUCCESS] Permission appliquée: Equipe INFRA [write] -> Drive ECHOLINE/05-Sales/A-Prospects/IDI COMPOSITES
[2026-06-08 15:28:36] [WARN] Pas de mappage pour: Propriétaires de SERVICES_GENERAUX () - permission ignorée sur Drive ECHOLINE/05-Sales/A-Prospects/IDI COMPOSITES
[2026-06-08 15:28:36] [WARN] Pas de mappage pour: SERVICES_GENERAUX - Membres () - permission ignorée sur Drive ECHOLINE/05-Sales/A-Prospects/IDI COMPOSITES
[2026-06-08 15:28:36] [WARN] Pas de mappage pour: SERVICES_GENERAUX - Visiteurs () - permission ignorée sur Drive ECHOLINE/05-Sales/A-Prospects/IDI COMPOSITES
[2026-06-08 15:28:36] [SUCCESS] Permission appliquée: User 01 [write] -> Drive ECHOLINE/05-Sales/A-Prospects/IDI COMPOSITES
[2026-06-08 15:28:36] [WARN] Impossible de résoudre 'test' dans le tenant destination - permission ignorée
[2026-06-08 15:28:36] [INFO] Traitement: /Drive ECHOLINE/05-Sales/A-Prospects/IPAC FRANCE/ (6 permission(s))
[2026-06-08 15:28:36] [INFO] === COPIE REELLE: Drive ECHOLINE/05-Sales/A-Prospects/IPAC FRANCE ===
[2026-06-08 15:28:37] [SUCCESS] Dossier cree: Drive ECHOLINE/05-Sales/A-Prospects/IPAC FRANCE
[2026-06-08 15:28:38] [WARN] Impossible de résoudre 'test' dans le tenant destination - permission ignorée
[2026-06-08 15:28:38] [SUCCESS] Permission appliquée: Equipe INFRA [write] -> Drive ECHOLINE/05-Sales/A-Prospects/IPAC FRANCE
[2026-06-08 15:28:38] [SUCCESS] Permission appliquée: User 01 [write] -> Drive ECHOLINE/05-Sales/A-Prospects/IPAC FRANCE
[2026-06-08 15:28:38] [WARN] Pas de mappage pour: SERVICES_GENERAUX - Membres () - permission ignorée sur Drive ECHOLINE/05-Sales/A-Prospects/IPAC FRANCE
[2026-06-08 15:28:38] [WARN] Pas de mappage pour: SERVICES_GENERAUX - Visiteurs () - permission ignorée sur Drive ECHOLINE/05-Sales/A-Prospects/IPAC FRANCE
[2026-06-08 15:28:38] [WARN] Pas de mappage pour: Propriétaires de SERVICES_GENERAUX () - permission ignorée sur Drive ECHOLINE/05-Sales/A-Prospects/IPAC FRANCE
[2026-06-08 15:28:38] [INFO] Traitement: /Drive ECHOLINE/05-Sales/A-Prospects/ISOVER/ (6 permission(s))
[2026-06-08 15:28:38] [INFO] === COPIE REELLE: Drive ECHOLINE/05-Sales/A-Prospects/ISOVER ===
[2026-06-08 15:28:39] [SUCCESS] Dossier cree: Drive ECHOLINE/05-Sales/A-Prospects/ISOVER
[2026-06-08 15:28:39] [WARN] Pas de mappage pour: SERVICES_GENERAUX - Visiteurs () - permission ignorée sur Drive ECHOLINE/05-Sales/A-Prospects/ISOVER
[2026-06-08 15:28:39] [WARN] Pas de mappage pour: Propriétaires de SERVICES_GENERAUX () - permission ignorée sur Drive ECHOLINE/05-Sales/A-Prospects/ISOVER
[2026-06-08 15:28:40] [SUCCESS] Permission appliquée: User 01 [write] -> Drive ECHOLINE/05-Sales/A-Prospects/ISOVER
[2026-06-08 15:28:40] [WARN] Impossible de résoudre 'test' dans le tenant destination - permission ignorée
[2026-06-08 15:28:40] [SUCCESS] Permission appliquée: Equipe INFRA [write] -> Drive ECHOLINE/05-Sales/A-Prospects/ISOVER
[2026-06-08 15:28:40] [WARN] Pas de mappage pour: SERVICES_GENERAUX - Membres () - permission ignorée sur Drive ECHOLINE/05-Sales/A-Prospects/ISOVER
[2026-06-08 15:28:40] [INFO] Traitement: /Drive ECHOLINE/05-Sales/A-Prospects/KARINE JEFF/ (6 permission(s))
[2026-06-08 15:28:40] [INFO] === COPIE REELLE: Drive ECHOLINE/05-Sales/A-Prospects/KARINE JEFF ===
[2026-06-08 15:28:41] [SUCCESS] Dossier cree: Drive ECHOLINE/05-Sales/A-Prospects/KARINE JEFF
[2026-06-08 15:28:41] [SUCCESS] Permission appliquée: Equipe INFRA [write] -> Drive ECHOLINE/05-Sales/A-Prospects/KARINE JEFF
[2026-06-08 15:28:41] [SUCCESS] Permission appliquée: User 01 [write] -> Drive ECHOLINE/05-Sales/A-Prospects/KARINE JEFF
[2026-06-08 15:28:41] [WARN] Pas de mappage pour: SERVICES_GENERAUX - Membres () - permission ignorée sur Drive ECHOLINE/05-Sales/A-Prospects/KARINE JEFF
[2026-06-08 15:28:42] [WARN] Pas de mappage pour: SERVICES_GENERAUX - Visiteurs () - permission ignorée sur Drive ECHOLINE/05-Sales/A-Prospects/KARINE JEFF
[2026-06-08 15:28:42] [WARN] Pas de mappage pour: Propriétaires de SERVICES_GENERAUX () - permission ignorée sur Drive ECHOLINE/05-Sales/A-Prospects/KARINE JEFF
[2026-06-08 15:28:42] [WARN] Impossible de résoudre 'test' dans le tenant destination - permission ignorée
[2026-06-08 15:28:42] [INFO] Traitement: /Drive ECHOLINE/05-Sales/A-Prospects/KEM ONE/ (6 permission(s))
[2026-06-08 15:28:42] [INFO] === COPIE REELLE: Drive ECHOLINE/05-Sales/A-Prospects/KEM ONE ===
[2026-06-08 15:28:42] [SUCCESS] Dossier cree: Drive ECHOLINE/05-Sales/A-Prospects/KEM ONE
[2026-06-08 15:28:43] [SUCCESS] Permission appliquée: User 01 [write] -> Drive ECHOLINE/05-Sales/A-Prospects/KEM ONE
[2026-06-08 15:28:43] [WARN] Pas de mappage pour: Propriétaires de SERVICES_GENERAUX () - permission ignorée sur Drive ECHOLINE/05-Sales/A-Prospects/KEM ONE
[2026-06-08 15:28:43] [WARN] Pas de mappage pour: SERVICES_GENERAUX - Visiteurs () - permission ignorée sur Drive ECHOLINE/05-Sales/A-Prospects/KEM ONE
[2026-06-08 15:28:43] [WARN] Pas de mappage pour: SERVICES_GENERAUX - Membres () - permission ignorée sur Drive ECHOLINE/05-Sales/A-Prospects/KEM ONE
[2026-06-08 15:28:43] [SUCCESS] Permission appliquée: Equipe INFRA [write] -> Drive ECHOLINE/05-Sales/A-Prospects/KEM ONE
[2026-06-08 15:28:43] [WARN] Impossible de résoudre 'test' dans le tenant destination - permission ignorée
[2026-06-08 15:28:43] [INFO] Traitement: /Drive ECHOLINE/05-Sales/A-Prospects/LDMI/ (6 permission(s))
[2026-06-08 15:28:43] [INFO] === COPIE REELLE: Drive ECHOLINE/05-Sales/A-Prospects/LDMI ===
[2026-06-08 15:28:44] [SUCCESS] Dossier cree: Drive ECHOLINE/05-Sales/A-Prospects/LDMI
[2026-06-08 15:28:44] [WARN] Impossible de résoudre 'test' dans le tenant destination - permission ignorée
[2026-06-08 15:28:44] [WARN] Pas de mappage pour: Propriétaires de SERVICES_GENERAUX () - permission ignorée sur Drive ECHOLINE/05-Sales/A-Prospects/LDMI
[2026-06-08 15:28:45] [SUCCESS] Permission appliquée: Equipe INFRA [write] -> Drive ECHOLINE/05-Sales/A-Prospects/LDMI
[2026-06-08 15:28:45] [WARN] Pas de mappage pour: SERVICES_GENERAUX - Visiteurs () - permission ignorée sur Drive ECHOLINE/05-Sales/A-Prospects/LDMI
[2026-06-08 15:28:45] [WARN] Pas de mappage pour: SERVICES_GENERAUX - Membres () - permission ignorée sur Drive ECHOLINE/05-Sales/A-Prospects/LDMI
[2026-06-08 15:28:45] [SUCCESS] Permission appliquée: User 01 [write] -> Drive ECHOLINE/05-Sales/A-Prospects/LDMI
[2026-06-08 15:28:45] [INFO] Traitement: /Drive ECHOLINE/05-Sales/A-Prospects/LEZSAISONS/ (6 permission(s))
[2026-06-08 15:28:45] [INFO] === COPIE REELLE: Drive ECHOLINE/05-Sales/A-Prospects/LEZSAISONS ===
[2026-06-08 15:28:46] [SUCCESS] Dossier cree: Drive ECHOLINE/05-Sales/A-Prospects/LEZSAISONS
[2026-06-08 15:28:46] [WARN] Impossible de résoudre 'test' dans le tenant destination - permission ignorée
[2026-06-08 15:28:46] [SUCCESS] Permission appliquée: Equipe INFRA [write] -> Drive ECHOLINE/05-Sales/A-Prospects/LEZSAISONS
[2026-06-08 15:28:47] [SUCCESS] Permission appliquée: User 01 [write] -> Drive ECHOLINE/05-Sales/A-Prospects/LEZSAISONS
[2026-06-08 15:28:47] [WARN] Pas de mappage pour: SERVICES_GENERAUX - Membres () - permission ignorée sur Drive ECHOLINE/05-Sales/A-Prospects/LEZSAISONS
[2026-06-08 15:28:47] [WARN] Pas de mappage pour: SERVICES_GENERAUX - Visiteurs () - permission ignorée sur Drive ECHOLINE/05-Sales/A-Prospects/LEZSAISONS
[2026-06-08 15:28:47] [WARN] Pas de mappage pour: Propriétaires de SERVICES_GENERAUX () - permission ignorée sur Drive ECHOLINE/05-Sales/A-Prospects/LEZSAISONS
[2026-06-08 15:28:47] [INFO] Traitement: /Drive ECHOLINE/05-Sales/A-Prospects/MADIC GROUP/ (6 permission(s))
[2026-06-08 15:28:47] [INFO] === COPIE REELLE: Drive ECHOLINE/05-Sales/A-Prospects/MADIC GROUP ===
[2026-06-08 15:28:48] [SUCCESS] Dossier cree: Drive ECHOLINE/05-Sales/A-Prospects/MADIC GROUP
[2026-06-08 15:28:48] [SUCCESS] Permission appliquée: Equipe INFRA [write] -> Drive ECHOLINE/05-Sales/A-Prospects/MADIC GROUP
[2026-06-08 15:28:48] [WARN] Pas de mappage pour: Propriétaires de SERVICES_GENERAUX () - permission ignorée sur Drive ECHOLINE/05-Sales/A-Prospects/MADIC GROUP
[2026-06-08 15:28:48] [WARN] Pas de mappage pour: SERVICES_GENERAUX - Visiteurs () - permission ignorée sur Drive ECHOLINE/05-Sales/A-Prospects/MADIC GROUP
[2026-06-08 15:28:48] [WARN] Pas de mappage pour: SERVICES_GENERAUX - Membres () - permission ignorée sur Drive ECHOLINE/05-Sales/A-Prospects/MADIC GROUP
[2026-06-08 15:28:48] [SUCCESS] Permission appliquée: User 01 [write] -> Drive ECHOLINE/05-Sales/A-Prospects/MADIC GROUP
[2026-06-08 15:28:48] [WARN] Impossible de résoudre 'test' dans le tenant destination - permission ignorée
[2026-06-08 15:28:48] [INFO] Traitement: /Drive ECHOLINE/05-Sales/A-Prospects/MARSEILLE TOURISME/ (6 permission(s))
[2026-06-08 15:28:48] [INFO] === COPIE REELLE: Drive ECHOLINE/05-Sales/A-Prospects/MARSEILLE TOURISME ===
[2026-06-08 15:28:50] [SUCCESS] Dossier cree: Drive ECHOLINE/05-Sales/A-Prospects/MARSEILLE TOURISME
[2026-06-08 15:28:50] [WARN] Impossible de résoudre 'test' dans le tenant destination - permission ignorée
[2026-06-08 15:28:50] [WARN] Pas de mappage pour: Propriétaires de SERVICES_GENERAUX () - permission ignorée sur Drive ECHOLINE/05-Sales/A-Prospects/MARSEILLE TOURISME
[2026-06-08 15:28:50] [WARN] Pas de mappage pour: SERVICES_GENERAUX - Visiteurs () - permission ignorée sur Drive ECHOLINE/05-Sales/A-Prospects/MARSEILLE TOURISME
[2026-06-08 15:28:50] [WARN] Pas de mappage pour: SERVICES_GENERAUX - Membres () - permission ignorée sur Drive ECHOLINE/05-Sales/A-Prospects/MARSEILLE TOURISME
[2026-06-08 15:28:50] [SUCCESS] Permission appliquée: Equipe INFRA [write] -> Drive ECHOLINE/05-Sales/A-Prospects/MARSEILLE TOURISME
[2026-06-08 15:28:51] [SUCCESS] Permission appliquée: User 01 [write] -> Drive ECHOLINE/05-Sales/A-Prospects/MARSEILLE TOURISME
[2026-06-08 15:28:51] [INFO] Traitement: /Drive ECHOLINE/05-Sales/A-Prospects/MATMOND/ (6 permission(s))
[2026-06-08 15:28:51] [INFO] === COPIE REELLE: Drive ECHOLINE/05-Sales/A-Prospects/MATMOND ===
[2026-06-08 15:28:52] [SUCCESS] Dossier cree: Drive ECHOLINE/05-Sales/A-Prospects/MATMOND
[2026-06-08 15:28:52] [WARN] Pas de mappage pour: Propriétaires de SERVICES_GENERAUX () - permission ignorée sur Drive ECHOLINE/05-Sales/A-Prospects/MATMOND
[2026-06-08 15:28:52] [WARN] Impossible de résoudre 'test' dans le tenant destination - permission ignorée
[2026-06-08 15:28:52] [SUCCESS] Permission appliquée: Equipe INFRA [write] -> Drive ECHOLINE/05-Sales/A-Prospects/MATMOND
[2026-06-08 15:28:52] [SUCCESS] Permission appliquée: User 01 [write] -> Drive ECHOLINE/05-Sales/A-Prospects/MATMOND
[2026-06-08 15:28:52] [WARN] Pas de mappage pour: SERVICES_GENERAUX - Membres () - permission ignorée sur Drive ECHOLINE/05-Sales/A-Prospects/MATMOND
[2026-06-08 15:28:52] [WARN] Pas de mappage pour: SERVICES_GENERAUX - Visiteurs () - permission ignorée sur Drive ECHOLINE/05-Sales/A-Prospects/MATMOND
[2026-06-08 15:28:52] [INFO] Traitement: /Drive ECHOLINE/05-Sales/A-Prospects/MEDINCELL/ (6 permission(s))
[2026-06-08 15:28:52] [INFO] === COPIE REELLE: Drive ECHOLINE/05-Sales/A-Prospects/MEDINCELL ===
[2026-06-08 15:28:53] [SUCCESS] Dossier cree: Drive ECHOLINE/05-Sales/A-Prospects/MEDINCELL
[2026-06-08 15:28:53] [WARN] Pas de mappage pour: Propriétaires de SERVICES_GENERAUX () - permission ignorée sur Drive ECHOLINE/05-Sales/A-Prospects/MEDINCELL
[2026-06-08 15:28:53] [WARN] Pas de mappage pour: SERVICES_GENERAUX - Membres () - permission ignorée sur Drive ECHOLINE/05-Sales/A-Prospects/MEDINCELL
[2026-06-08 15:28:54] [SUCCESS] Permission appliquée: Equipe INFRA [write] -> Drive ECHOLINE/05-Sales/A-Prospects/MEDINCELL
[2026-06-08 15:28:54] [WARN] Impossible de résoudre 'test' dans le tenant destination - permission ignorée
[2026-06-08 15:28:54] [WARN] Pas de mappage pour: SERVICES_GENERAUX - Visiteurs () - permission ignorée sur Drive ECHOLINE/05-Sales/A-Prospects/MEDINCELL
[2026-06-08 15:28:54] [SUCCESS] Permission appliquée: User 01 [write] -> Drive ECHOLINE/05-Sales/A-Prospects/MEDINCELL
[2026-06-08 15:28:54] [INFO] Traitement: /Drive ECHOLINE/05-Sales/A-Prospects/MOY PARK BEEF/ (6 permission(s))
[2026-06-08 15:28:54] [INFO] === COPIE REELLE: Drive ECHOLINE/05-Sales/A-Prospects/MOY PARK BEEF ===
[2026-06-08 15:28:55] [SUCCESS] Dossier cree: Drive ECHOLINE/05-Sales/A-Prospects/MOY PARK BEEF
[2026-06-08 15:28:55] [WARN] Impossible de résoudre 'test' dans le tenant destination - permission ignorée
[2026-06-08 15:28:55] [SUCCESS] Permission appliquée: Equipe INFRA [write] -> Drive ECHOLINE/05-Sales/A-Prospects/MOY PARK BEEF
[2026-06-08 15:28:56] [SUCCESS] Permission appliquée: User 01 [write] -> Drive ECHOLINE/05-Sales/A-Prospects/MOY PARK BEEF
[2026-06-08 15:28:56] [WARN] Pas de mappage pour: SERVICES_GENERAUX - Membres () - permission ignorée sur Drive ECHOLINE/05-Sales/A-Prospects/MOY PARK BEEF
[2026-06-08 15:28:56] [WARN] Pas de mappage pour: SERVICES_GENERAUX - Visiteurs () - permission ignorée sur Drive ECHOLINE/05-Sales/A-Prospects/MOY PARK BEEF
[2026-06-08 15:28:56] [WARN] Pas de mappage pour: Propriétaires de SERVICES_GENERAUX () - permission ignorée sur Drive ECHOLINE/05-Sales/A-Prospects/MOY PARK BEEF
[2026-06-08 15:28:56] [INFO] Traitement: /Drive ECHOLINE/05-Sales/A-Prospects/NOCIBÉ/ (6 permission(s))
[2026-06-08 15:28:56] [INFO] === COPIE REELLE: Drive ECHOLINE/05-Sales/A-Prospects/NOCIBÉ ===
[2026-06-08 15:28:57] [ERROR] Erreur copie: Le serveur distant a retourné une erreur : (400) Demande incorrecte.
[2026-06-08 15:28:57] [DEBUG] [404] Item pas encore disponible, retry 1/3 dans 2s: Drive ECHOLINE/05-Sales/A-Prospects/NOCIBÉ
[2026-06-08 15:28:59] [DEBUG] [404] Item pas encore disponible, retry 2/3 dans 2s: Drive ECHOLINE/05-Sales/A-Prospects/NOCIBÉ
[2026-06-08 15:29:01] [DEBUG] [404] Item pas encore disponible, retry 3/3 dans 2s: Drive ECHOLINE/05-Sales/A-Prospects/NOCIBÉ
[2026-06-08 15:29:03] [WARN] Impossible de récupérer l'item destination pour les droits: Drive ECHOLINE/05-Sales/A-Prospects/NOCIBÉ - Le serveur distant a retourné une erreur : (404) Introuvable.
[2026-06-08 15:29:03] [INFO] Traitement: /Drive ECHOLINE/05-Sales/A-Prospects/NORSKE SKOG/ (6 permission(s))
[2026-06-08 15:29:03] [INFO] === COPIE REELLE: Drive ECHOLINE/05-Sales/A-Prospects/NORSKE SKOG ===
[2026-06-08 15:29:04] [SUCCESS] Dossier cree: Drive ECHOLINE/05-Sales/A-Prospects/NORSKE SKOG
[2026-06-08 15:29:04] [WARN] Impossible de résoudre 'test' dans le tenant destination - permission ignorée
[2026-06-08 15:29:04] [WARN] Pas de mappage pour: Propriétaires de SERVICES_GENERAUX () - permission ignorée sur Drive ECHOLINE/05-Sales/A-Prospects/NORSKE SKOG
[2026-06-08 15:29:04] [SUCCESS] Permission appliquée: Equipe INFRA [write] -> Drive ECHOLINE/05-Sales/A-Prospects/NORSKE SKOG
[2026-06-08 15:29:04] [WARN] Pas de mappage pour: SERVICES_GENERAUX - Visiteurs () - permission ignorée sur Drive ECHOLINE/05-Sales/A-Prospects/NORSKE SKOG
[2026-06-08 15:29:04] [WARN] Pas de mappage pour: SERVICES_GENERAUX - Membres () - permission ignorée sur Drive ECHOLINE/05-Sales/A-Prospects/NORSKE SKOG
[2026-06-08 15:29:05] [SUCCESS] Permission appliquée: User 01 [write] -> Drive ECHOLINE/05-Sales/A-Prospects/NORSKE SKOG
[2026-06-08 15:29:05] [INFO] Traitement: /Drive ECHOLINE/05-Sales/A-Prospects/NUMTECH/ (6 permission(s))
[2026-06-08 15:29:05] [INFO] === COPIE REELLE: Drive ECHOLINE/05-Sales/A-Prospects/NUMTECH ===
[2026-06-08 15:29:05] [SUCCESS] Dossier cree: Drive ECHOLINE/05-Sales/A-Prospects/NUMTECH
[2026-06-08 15:29:06] [WARN] Impossible de résoudre 'test' dans le tenant destination - permission ignorée
[2026-06-08 15:29:06] [SUCCESS] Permission appliquée: Equipe INFRA [write] -> Drive ECHOLINE/05-Sales/A-Prospects/NUMTECH
[2026-06-08 15:29:06] [SUCCESS] Permission appliquée: User 01 [write] -> Drive ECHOLINE/05-Sales/A-Prospects/NUMTECH
[2026-06-08 15:29:06] [WARN] Pas de mappage pour: SERVICES_GENERAUX - Membres () - permission ignorée sur Drive ECHOLINE/05-Sales/A-Prospects/NUMTECH
[2026-06-08 15:29:06] [WARN] Pas de mappage pour: SERVICES_GENERAUX - Visiteurs () - permission ignorée sur Drive ECHOLINE/05-Sales/A-Prospects/NUMTECH
[2026-06-08 15:29:06] [WARN] Pas de mappage pour: Propriétaires de SERVICES_GENERAUX () - permission ignorée sur Drive ECHOLINE/05-Sales/A-Prospects/NUMTECH
[2026-06-08 15:29:06] [INFO] Traitement: /Drive ECHOLINE/05-Sales/A-Prospects/OMNOVA SOLUTIONS/ (6 permission(s))
[2026-06-08 15:29:06] [INFO] === COPIE REELLE: Drive ECHOLINE/05-Sales/A-Prospects/OMNOVA SOLUTIONS ===
[2026-06-08 15:29:07] [SUCCESS] Dossier cree: Drive ECHOLINE/05-Sales/A-Prospects/OMNOVA SOLUTIONS
[2026-06-08 15:29:07] [SUCCESS] Permission appliquée: Equipe INFRA [write] -> Drive ECHOLINE/05-Sales/A-Prospects/OMNOVA SOLUTIONS
[2026-06-08 15:29:07] [WARN] Pas de mappage pour: Propriétaires de SERVICES_GENERAUX () - permission ignorée sur Drive ECHOLINE/05-Sales/A-Prospects/OMNOVA SOLUTIONS
[2026-06-08 15:29:07] [WARN] Pas de mappage pour: SERVICES_GENERAUX - Visiteurs () - permission ignorée sur Drive ECHOLINE/05-Sales/A-Prospects/OMNOVA SOLUTIONS
[2026-06-08 15:29:08] [WARN] Pas de mappage pour: SERVICES_GENERAUX - Membres () - permission ignorée sur Drive ECHOLINE/05-Sales/A-Prospects/OMNOVA SOLUTIONS
[2026-06-08 15:29:09] [SUCCESS] Permission appliquée: User 01 [write] -> Drive ECHOLINE/05-Sales/A-Prospects/OMNOVA SOLUTIONS
[2026-06-08 15:29:09] [WARN] Impossible de résoudre 'test' dans le tenant destination - permission ignorée
[2026-06-08 15:29:09] [INFO] Traitement: /Drive ECHOLINE/05-Sales/A-Prospects/OPTIQUE RICHARD/ (6 permission(s))
[2026-06-08 15:29:09] [INFO] === COPIE REELLE: Drive ECHOLINE/05-Sales/A-Prospects/OPTIQUE RICHARD ===
[2026-06-08 15:29:09] [SUCCESS] Dossier cree: Drive ECHOLINE/05-Sales/A-Prospects/OPTIQUE RICHARD
[2026-06-08 15:29:10] [WARN] Impossible de résoudre 'test' dans le tenant destination - permission ignorée
[2026-06-08 15:29:10] [WARN] Pas de mappage pour: Propriétaires de SERVICES_GENERAUX () - permission ignorée sur Drive ECHOLINE/05-Sales/A-Prospects/OPTIQUE RICHARD
[2026-06-08 15:29:10] [WARN] Pas de mappage pour: SERVICES_GENERAUX - Visiteurs () - permission ignorée sur Drive ECHOLINE/05-Sales/A-Prospects/OPTIQUE RICHARD
[2026-06-08 15:29:10] [WARN] Pas de mappage pour: SERVICES_GENERAUX - Membres () - permission ignorée sur Drive ECHOLINE/05-Sales/A-Prospects/OPTIQUE RICHARD
[2026-06-08 15:29:10] [SUCCESS] Permission appliquée: Equipe INFRA [write] -> Drive ECHOLINE/05-Sales/A-Prospects/OPTIQUE RICHARD
[2026-06-08 15:29:11] [SUCCESS] Permission appliquée: User 01 [write] -> Drive ECHOLINE/05-Sales/A-Prospects/OPTIQUE RICHARD
[2026-06-08 15:29:11] [INFO] Traitement: /Drive ECHOLINE/05-Sales/A-Prospects/PETROINEOS/ (6 permission(s))
[2026-06-08 15:29:11] [INFO] === COPIE REELLE: Drive ECHOLINE/05-Sales/A-Prospects/PETROINEOS ===
[2026-06-08 15:29:13] [SUCCESS] Dossier cree: Drive ECHOLINE/05-Sales/A-Prospects/PETROINEOS
[2026-06-08 15:29:13] [WARN] Impossible de résoudre 'test' dans le tenant destination - permission ignorée
[2026-06-08 15:29:13] [SUCCESS] Permission appliquée: Equipe INFRA [write] -> Drive ECHOLINE/05-Sales/A-Prospects/PETROINEOS
[2026-06-08 15:29:13] [SUCCESS] Permission appliquée: User 01 [write] -> Drive ECHOLINE/05-Sales/A-Prospects/PETROINEOS
[2026-06-08 15:29:14] [WARN] Pas de mappage pour: SERVICES_GENERAUX - Membres () - permission ignorée sur Drive ECHOLINE/05-Sales/A-Prospects/PETROINEOS
[2026-06-08 15:29:14] [WARN] Pas de mappage pour: SERVICES_GENERAUX - Visiteurs () - permission ignorée sur Drive ECHOLINE/05-Sales/A-Prospects/PETROINEOS
[2026-06-08 15:29:14] [WARN] Pas de mappage pour: Propriétaires de SERVICES_GENERAUX () - permission ignorée sur Drive ECHOLINE/05-Sales/A-Prospects/PETROINEOS
[2026-06-08 15:29:14] [INFO] Traitement: /Drive ECHOLINE/05-Sales/A-Prospects/PROVEPHARM/ (6 permission(s))
[2026-06-08 15:29:14] [INFO] === COPIE REELLE: Drive ECHOLINE/05-Sales/A-Prospects/PROVEPHARM ===
[2026-06-08 15:29:14] [SUCCESS] Dossier cree: Drive ECHOLINE/05-Sales/A-Prospects/PROVEPHARM
[2026-06-08 15:29:15] [SUCCESS] Permission appliquée: Equipe INFRA [write] -> Drive ECHOLINE/05-Sales/A-Prospects/PROVEPHARM
[2026-06-08 15:29:15] [SUCCESS] Permission appliquée: User 01 [write] -> Drive ECHOLINE/05-Sales/A-Prospects/PROVEPHARM
[2026-06-08 15:29:15] [WARN] Pas de mappage pour: SERVICES_GENERAUX - Membres () - permission ignorée sur Drive ECHOLINE/05-Sales/A-Prospects/PROVEPHARM
[2026-06-08 15:29:15] [WARN] Pas de mappage pour: Propriétaires de SERVICES_GENERAUX () - permission ignorée sur Drive ECHOLINE/05-Sales/A-Prospects/PROVEPHARM
[2026-06-08 15:29:15] [WARN] Pas de mappage pour: SERVICES_GENERAUX - Visiteurs () - permission ignorée sur Drive ECHOLINE/05-Sales/A-Prospects/PROVEPHARM
[2026-06-08 15:29:15] [WARN] Impossible de résoudre 'test' dans le tenant destination - permission ignorée
[2026-06-08 15:29:15] [INFO] Traitement: /Drive ECHOLINE/05-Sales/A-Prospects/RÉGIE DES EAUX 3M/ (6 permission(s))
[2026-06-08 15:29:15] [INFO] === COPIE REELLE: Drive ECHOLINE/05-Sales/A-Prospects/RÉGIE DES EAUX 3M ===
[2026-06-08 15:29:16] [ERROR] Erreur copie: Le serveur distant a retourné une erreur : (400) Demande incorrecte.
[2026-06-08 15:29:16] [DEBUG] [404] Item pas encore disponible, retry 1/3 dans 2s: Drive ECHOLINE/05-Sales/A-Prospects/RÉGIE DES EAUX 3M
[2026-06-08 15:29:18] [DEBUG] [404] Item pas encore disponible, retry 2/3 dans 2s: Drive ECHOLINE/05-Sales/A-Prospects/RÉGIE DES EAUX 3M
[2026-06-08 15:29:21] [DEBUG] [404] Item pas encore disponible, retry 3/3 dans 2s: Drive ECHOLINE/05-Sales/A-Prospects/RÉGIE DES EAUX 3M
[2026-06-08 15:29:23] [WARN] Impossible de récupérer l'item destination pour les droits: Drive ECHOLINE/05-Sales/A-Prospects/RÉGIE DES EAUX 3M - Le serveur distant a retourné une erreur : (404) Introuvable.
[2026-06-08 15:29:23] [INFO] Traitement: /Drive ECHOLINE/05-Sales/A-Prospects/SITPA NESTLÉ/ (6 permission(s))
[2026-06-08 15:29:23] [INFO] === COPIE REELLE: Drive ECHOLINE/05-Sales/A-Prospects/SITPA NESTLÉ ===
[2026-06-08 15:29:24] [ERROR] Erreur copie: Le serveur distant a retourné une erreur : (400) Demande incorrecte.
[2026-06-08 15:29:24] [DEBUG] [404] Item pas encore disponible, retry 1/3 dans 2s: Drive ECHOLINE/05-Sales/A-Prospects/SITPA NESTLÉ
[2026-06-08 15:29:26] [DEBUG] [404] Item pas encore disponible, retry 2/3 dans 2s: Drive ECHOLINE/05-Sales/A-Prospects/SITPA NESTLÉ
[2026-06-08 15:29:28] [DEBUG] [404] Item pas encore disponible, retry 3/3 dans 2s: Drive ECHOLINE/05-Sales/A-Prospects/SITPA NESTLÉ
[2026-06-08 15:29:30] [WARN] Impossible de récupérer l'item destination pour les droits: Drive ECHOLINE/05-Sales/A-Prospects/SITPA NESTLÉ - Le serveur distant a retourné une erreur : (404) Introuvable.
[2026-06-08 15:29:30] [INFO] Traitement: /Drive ECHOLINE/05-Sales/A-Prospects/SKF/ (6 permission(s))
[2026-06-08 15:29:30] [INFO] === COPIE REELLE: Drive ECHOLINE/05-Sales/A-Prospects/SKF ===
[2026-06-08 15:29:31] [SUCCESS] Dossier cree: Drive ECHOLINE/05-Sales/A-Prospects/SKF
[2026-06-08 15:29:31] [WARN] Impossible de résoudre 'test' dans le tenant destination - permission ignorée
[2026-06-08 15:29:32] [SUCCESS] Permission appliquée: User 01 [write] -> Drive ECHOLINE/05-Sales/A-Prospects/SKF
[2026-06-08 15:29:32] [WARN] Pas de mappage pour: SERVICES_GENERAUX - Membres () - permission ignorée sur Drive ECHOLINE/05-Sales/A-Prospects/SKF
[2026-06-08 15:29:32] [WARN] Pas de mappage pour: SERVICES_GENERAUX - Visiteurs () - permission ignorée sur Drive ECHOLINE/05-Sales/A-Prospects/SKF
[2026-06-08 15:29:32] [WARN] Pas de mappage pour: Propriétaires de SERVICES_GENERAUX () - permission ignorée sur Drive ECHOLINE/05-Sales/A-Prospects/SKF
[2026-06-08 15:29:32] [SUCCESS] Permission appliquée: Equipe INFRA [write] -> Drive ECHOLINE/05-Sales/A-Prospects/SKF
[2026-06-08 15:29:32] [INFO] Traitement: /Drive ECHOLINE/05-Sales/A-Prospects/SOLARHONA/ (6 permission(s))
[2026-06-08 15:29:32] [INFO] === COPIE REELLE: Drive ECHOLINE/05-Sales/A-Prospects/SOLARHONA ===
[2026-06-08 15:29:33] [SUCCESS] Dossier cree: Drive ECHOLINE/05-Sales/A-Prospects/SOLARHONA
[2026-06-08 15:29:33] [WARN] Pas de mappage pour: SERVICES_GENERAUX - Visiteurs () - permission ignorée sur Drive ECHOLINE/05-Sales/A-Prospects/SOLARHONA
[2026-06-08 15:29:33] [WARN] Pas de mappage pour: Propriétaires de SERVICES_GENERAUX () - permission ignorée sur Drive ECHOLINE/05-Sales/A-Prospects/SOLARHONA
[2026-06-08 15:29:34] [WARN] Pas de mappage pour: SERVICES_GENERAUX - Membres () - permission ignorée sur Drive ECHOLINE/05-Sales/A-Prospects/SOLARHONA
[2026-06-08 15:29:34] [WARN] Impossible de résoudre 'test' dans le tenant destination - permission ignorée
[2026-06-08 15:29:34] [SUCCESS] Permission appliquée: Equipe INFRA [write] -> Drive ECHOLINE/05-Sales/A-Prospects/SOLARHONA
[2026-06-08 15:29:34] [SUCCESS] Permission appliquée: User 01 [write] -> Drive ECHOLINE/05-Sales/A-Prospects/SOLARHONA
[2026-06-08 15:29:34] [INFO] Traitement: /Drive ECHOLINE/05-Sales/A-Prospects/SPIRIT AEROSYSTEMS/ (6 permission(s))
[2026-06-08 15:29:34] [INFO] === COPIE REELLE: Drive ECHOLINE/05-Sales/A-Prospects/SPIRIT AEROSYSTEMS ===
[2026-06-08 15:29:35] [SUCCESS] Dossier cree: Drive ECHOLINE/05-Sales/A-Prospects/SPIRIT AEROSYSTEMS
[2026-06-08 15:29:36] [WARN] Impossible de résoudre 'test' dans le tenant destination - permission ignorée
[2026-06-08 15:29:36] [SUCCESS] Permission appliquée: Equipe INFRA [write] -> Drive ECHOLINE/05-Sales/A-Prospects/SPIRIT AEROSYSTEMS
[2026-06-08 15:29:36] [SUCCESS] Permission appliquée: User 01 [write] -> Drive ECHOLINE/05-Sales/A-Prospects/SPIRIT AEROSYSTEMS
[2026-06-08 15:29:36] [WARN] Pas de mappage pour: SERVICES_GENERAUX - Membres () - permission ignorée sur Drive ECHOLINE/05-Sales/A-Prospects/SPIRIT AEROSYSTEMS
[2026-06-08 15:29:36] [WARN] Pas de mappage pour: SERVICES_GENERAUX - Visiteurs () - permission ignorée sur Drive ECHOLINE/05-Sales/A-Prospects/SPIRIT AEROSYSTEMS
[2026-06-08 15:29:36] [WARN] Pas de mappage pour: Propriétaires de SERVICES_GENERAUX () - permission ignorée sur Drive ECHOLINE/05-Sales/A-Prospects/SPIRIT AEROSYSTEMS
[2026-06-08 15:29:36] [INFO] Traitement: /Drive ECHOLINE/05-Sales/A-Prospects/SUEZ/ (6 permission(s))
[2026-06-08 15:29:36] [INFO] === COPIE REELLE: Drive ECHOLINE/05-Sales/A-Prospects/SUEZ ===
[2026-06-08 15:29:37] [SUCCESS] Dossier cree: Drive ECHOLINE/05-Sales/A-Prospects/SUEZ
[2026-06-08 15:29:37] [WARN] Pas de mappage pour: SERVICES_GENERAUX - Visiteurs () - permission ignorée sur Drive ECHOLINE/05-Sales/A-Prospects/SUEZ
[2026-06-08 15:29:37] [SUCCESS] Permission appliquée: User 01 [write] -> Drive ECHOLINE/05-Sales/A-Prospects/SUEZ
[2026-06-08 15:29:38] [SUCCESS] Permission appliquée: Equipe INFRA [write] -> Drive ECHOLINE/05-Sales/A-Prospects/SUEZ
[2026-06-08 15:29:38] [WARN] Impossible de résoudre 'test' dans le tenant destination - permission ignorée
[2026-06-08 15:29:38] [WARN] Pas de mappage pour: Propriétaires de SERVICES_GENERAUX () - permission ignorée sur Drive ECHOLINE/05-Sales/A-Prospects/SUEZ
[2026-06-08 15:29:38] [WARN] Pas de mappage pour: SERVICES_GENERAUX - Membres () - permission ignorée sur Drive ECHOLINE/05-Sales/A-Prospects/SUEZ
[2026-06-08 15:29:38] [INFO] Traitement: /Drive ECHOLINE/05-Sales/A-Prospects/SUPERGROUP/ (6 permission(s))
[2026-06-08 15:29:38] [INFO] === COPIE REELLE: Drive ECHOLINE/05-Sales/A-Prospects/SUPERGROUP ===
[2026-06-08 15:29:39] [SUCCESS] Dossier cree: Drive ECHOLINE/05-Sales/A-Prospects/SUPERGROUP
[2026-06-08 15:29:39] [WARN] Impossible de résoudre 'test' dans le tenant destination - permission ignorée
[2026-06-08 15:29:39] [WARN] Pas de mappage pour: Propriétaires de SERVICES_GENERAUX () - permission ignorée sur Drive ECHOLINE/05-Sales/A-Prospects/SUPERGROUP
[2026-06-08 15:29:39] [WARN] Pas de mappage pour: SERVICES_GENERAUX - Visiteurs () - permission ignorée sur Drive ECHOLINE/05-Sales/A-Prospects/SUPERGROUP
[2026-06-08 15:29:39] [WARN] Pas de mappage pour: SERVICES_GENERAUX - Membres () - permission ignorée sur Drive ECHOLINE/05-Sales/A-Prospects/SUPERGROUP
[2026-06-08 15:29:39] [SUCCESS] Permission appliquée: User 01 [write] -> Drive ECHOLINE/05-Sales/A-Prospects/SUPERGROUP
[2026-06-08 15:29:39] [SUCCESS] Permission appliquée: Equipe INFRA [write] -> Drive ECHOLINE/05-Sales/A-Prospects/SUPERGROUP
[2026-06-08 15:29:39] [INFO] Traitement: /Drive ECHOLINE/05-Sales/A-Prospects/THIEVIN/ (6 permission(s))
[2026-06-08 15:29:39] [INFO] === COPIE REELLE: Drive ECHOLINE/05-Sales/A-Prospects/THIEVIN ===
[2026-06-08 15:29:40] [SUCCESS] Dossier cree: Drive ECHOLINE/05-Sales/A-Prospects/THIEVIN
[2026-06-08 15:29:40] [WARN] Pas de mappage pour: Propriétaires de SERVICES_GENERAUX () - permission ignorée sur Drive ECHOLINE/05-Sales/A-Prospects/THIEVIN
[2026-06-08 15:29:40] [WARN] Pas de mappage pour: SERVICES_GENERAUX - Visiteurs () - permission ignorée sur Drive ECHOLINE/05-Sales/A-Prospects/THIEVIN
[2026-06-08 15:29:43] [SUCCESS] Permission appliquée: Equipe INFRA [write] -> Drive ECHOLINE/05-Sales/A-Prospects/THIEVIN
[2026-06-08 15:29:43] [WARN] Pas de mappage pour: SERVICES_GENERAUX - Membres () - permission ignorée sur Drive ECHOLINE/05-Sales/A-Prospects/THIEVIN
[2026-06-08 15:29:43] [SUCCESS] Permission appliquée: User 01 [write] -> Drive ECHOLINE/05-Sales/A-Prospects/THIEVIN
[2026-06-08 15:29:43] [WARN] Impossible de résoudre 'test' dans le tenant destination - permission ignorée
[2026-06-08 15:29:43] [INFO] Traitement: /Drive ECHOLINE/05-Sales/A-Prospects/TMP CONVERT/ (6 permission(s))
[2026-06-08 15:29:43] [INFO] === COPIE REELLE: Drive ECHOLINE/05-Sales/A-Prospects/TMP CONVERT ===
[2026-06-08 15:29:44] [SUCCESS] Dossier cree: Drive ECHOLINE/05-Sales/A-Prospects/TMP CONVERT
[2026-06-08 15:29:44] [WARN] Impossible de résoudre 'test' dans le tenant destination - permission ignorée
[2026-06-08 15:29:44] [SUCCESS] Permission appliquée: Equipe INFRA [write] -> Drive ECHOLINE/05-Sales/A-Prospects/TMP CONVERT
[2026-06-08 15:29:45] [SUCCESS] Permission appliquée: User 01 [write] -> Drive ECHOLINE/05-Sales/A-Prospects/TMP CONVERT
[2026-06-08 15:29:45] [WARN] Pas de mappage pour: SERVICES_GENERAUX - Membres () - permission ignorée sur Drive ECHOLINE/05-Sales/A-Prospects/TMP CONVERT
[2026-06-08 15:29:45] [WARN] Pas de mappage pour: SERVICES_GENERAUX - Visiteurs () - permission ignorée sur Drive ECHOLINE/05-Sales/A-Prospects/TMP CONVERT
[2026-06-08 15:29:45] [WARN] Pas de mappage pour: Propriétaires de SERVICES_GENERAUX () - permission ignorée sur Drive ECHOLINE/05-Sales/A-Prospects/TMP CONVERT
[2026-06-08 15:29:45] [INFO] Traitement: /Drive ECHOLINE/05-Sales/A-Prospects/TOPIVO/ (6 permission(s))
[2026-06-08 15:29:45] [INFO] === COPIE REELLE: Drive ECHOLINE/05-Sales/A-Prospects/TOPIVO ===
[2026-06-08 15:29:45] [SUCCESS] Dossier cree: Drive ECHOLINE/05-Sales/A-Prospects/TOPIVO
[2026-06-08 15:29:46] [WARN] Pas de mappage pour: Propriétaires de SERVICES_GENERAUX () - permission ignorée sur Drive ECHOLINE/05-Sales/A-Prospects/TOPIVO
[2026-06-08 15:29:46] [WARN] Pas de mappage pour: SERVICES_GENERAUX - Visiteurs () - permission ignorée sur Drive ECHOLINE/05-Sales/A-Prospects/TOPIVO
[2026-06-08 15:29:46] [WARN] Pas de mappage pour: SERVICES_GENERAUX - Membres () - permission ignorée sur Drive ECHOLINE/05-Sales/A-Prospects/TOPIVO
[2026-06-08 15:29:46] [SUCCESS] Permission appliquée: User 01 [write] -> Drive ECHOLINE/05-Sales/A-Prospects/TOPIVO
[2026-06-08 15:29:46] [SUCCESS] Permission appliquée: Equipe INFRA [write] -> Drive ECHOLINE/05-Sales/A-Prospects/TOPIVO
[2026-06-08 15:29:46] [WARN] Impossible de résoudre 'test' dans le tenant destination - permission ignorée
[2026-06-08 15:29:46] [INFO] Traitement: /Drive ECHOLINE/05-Sales/A-Prospects/URBYN/ (6 permission(s))
[2026-06-08 15:29:46] [INFO] === COPIE REELLE: Drive ECHOLINE/05-Sales/A-Prospects/URBYN ===
[2026-06-08 15:29:47] [SUCCESS] Dossier cree: Drive ECHOLINE/05-Sales/A-Prospects/URBYN
[2026-06-08 15:29:48] [WARN] Impossible de résoudre 'test' dans le tenant destination - permission ignorée
[2026-06-08 15:29:48] [WARN] Pas de mappage pour: SERVICES_GENERAUX - Visiteurs () - permission ignorée sur Drive ECHOLINE/05-Sales/A-Prospects/URBYN
[2026-06-08 15:29:48] [WARN] Pas de mappage pour: SERVICES_GENERAUX - Membres () - permission ignorée sur Drive ECHOLINE/05-Sales/A-Prospects/URBYN
[2026-06-08 15:29:48] [SUCCESS] Permission appliquée: User 01 [write] -> Drive ECHOLINE/05-Sales/A-Prospects/URBYN
[2026-06-08 15:29:48] [SUCCESS] Permission appliquée: Equipe INFRA [write] -> Drive ECHOLINE/05-Sales/A-Prospects/URBYN
[2026-06-08 15:29:48] [WARN] Pas de mappage pour: Propriétaires de SERVICES_GENERAUX () - permission ignorée sur Drive ECHOLINE/05-Sales/A-Prospects/URBYN
[2026-06-08 15:29:48] [INFO] Traitement: /Drive ECHOLINE/05-Sales/A-Prospects/VETERNITY/ (6 permission(s))
[2026-06-08 15:29:48] [INFO] === COPIE REELLE: Drive ECHOLINE/05-Sales/A-Prospects/VETERNITY ===
[2026-06-08 15:29:49] [SUCCESS] Dossier cree: Drive ECHOLINE/05-Sales/A-Prospects/VETERNITY
[2026-06-08 15:29:49] [WARN] Pas de mappage pour: Propriétaires de SERVICES_GENERAUX () - permission ignorée sur Drive ECHOLINE/05-Sales/A-Prospects/VETERNITY
[2026-06-08 15:29:49] [WARN] Impossible de résoudre 'test' dans le tenant destination - permission ignorée
[2026-06-08 15:29:49] [SUCCESS] Permission appliquée: Equipe INFRA [write] -> Drive ECHOLINE/05-Sales/A-Prospects/VETERNITY
[2026-06-08 15:29:50] [SUCCESS] Permission appliquée: User 01 [write] -> Drive ECHOLINE/05-Sales/A-Prospects/VETERNITY
[2026-06-08 15:29:50] [WARN] Pas de mappage pour: SERVICES_GENERAUX - Membres () - permission ignorée sur Drive ECHOLINE/05-Sales/A-Prospects/VETERNITY
[2026-06-08 15:29:50] [WARN] Pas de mappage pour: SERVICES_GENERAUX - Visiteurs () - permission ignorée sur Drive ECHOLINE/05-Sales/A-Prospects/VETERNITY
[2026-06-08 15:29:50] [INFO] Traitement: /Drive ECHOLINE/05-Sales/A-Prospects/VIATRIS MEDA MANUFACTURING/ (6 permission(s))
[2026-06-08 15:29:50] [INFO] === COPIE REELLE: Drive ECHOLINE/05-Sales/A-Prospects/VIATRIS MEDA MANUFACTURING ===
[2026-06-08 15:29:51] [SUCCESS] Dossier cree: Drive ECHOLINE/05-Sales/A-Prospects/VIATRIS MEDA MANUFACTURING
[2026-06-08 15:29:51] [WARN] Pas de mappage pour: Propriétaires de SERVICES_GENERAUX () - permission ignorée sur Drive ECHOLINE/05-Sales/A-Prospects/VIATRIS MEDA MANUFACTURING
[2026-06-08 15:29:51] [WARN] Pas de mappage pour: SERVICES_GENERAUX - Membres () - permission ignorée sur Drive ECHOLINE/05-Sales/A-Prospects/VIATRIS MEDA MANUFACTURING
[2026-06-08 15:29:51] [SUCCESS] Permission appliquée: Equipe INFRA [write] -> Drive ECHOLINE/05-Sales/A-Prospects/VIATRIS MEDA MANUFACTURING
[2026-06-08 15:29:51] [WARN] Impossible de résoudre 'test' dans le tenant destination - permission ignorée
[2026-06-08 15:29:51] [WARN] Pas de mappage pour: SERVICES_GENERAUX - Visiteurs () - permission ignorée sur Drive ECHOLINE/05-Sales/A-Prospects/VIATRIS MEDA MANUFACTURING
[2026-06-08 15:29:51] [SUCCESS] Permission appliquée: User 01 [write] -> Drive ECHOLINE/05-Sales/A-Prospects/VIATRIS MEDA MANUFACTURING
[2026-06-08 15:29:51] [INFO] Traitement: /Drive ECHOLINE/05-Sales/A-Prospects/VINCI FACILITIES/ (6 permission(s))
[2026-06-08 15:29:51] [INFO] === COPIE REELLE: Drive ECHOLINE/05-Sales/A-Prospects/VINCI FACILITIES ===
[2026-06-08 15:29:52] [SUCCESS] Dossier cree: Drive ECHOLINE/05-Sales/A-Prospects/VINCI FACILITIES
[2026-06-08 15:29:52] [WARN] Impossible de résoudre 'test' dans le tenant destination - permission ignorée
[2026-06-08 15:29:53] [SUCCESS] Permission appliquée: Equipe INFRA [write] -> Drive ECHOLINE/05-Sales/A-Prospects/VINCI FACILITIES
[2026-06-08 15:29:53] [SUCCESS] Permission appliquée: User 01 [write] -> Drive ECHOLINE/05-Sales/A-Prospects/VINCI FACILITIES
[2026-06-08 15:29:53] [WARN] Pas de mappage pour: SERVICES_GENERAUX - Membres () - permission ignorée sur Drive ECHOLINE/05-Sales/A-Prospects/VINCI FACILITIES
[2026-06-08 15:29:53] [WARN] Pas de mappage pour: SERVICES_GENERAUX - Visiteurs () - permission ignorée sur Drive ECHOLINE/05-Sales/A-Prospects/VINCI FACILITIES
[2026-06-08 15:29:53] [WARN] Pas de mappage pour: Propriétaires de SERVICES_GENERAUX () - permission ignorée sur Drive ECHOLINE/05-Sales/A-Prospects/VINCI FACILITIES
[2026-06-08 15:29:53] [INFO] Traitement: /Drive ECHOLINE/05-Sales/A-Prospects/YZEE/ (6 permission(s))
[2026-06-08 15:29:53] [INFO] === COPIE REELLE: Drive ECHOLINE/05-Sales/A-Prospects/YZEE ===
[2026-06-08 15:29:55] [SUCCESS] Dossier cree: Drive ECHOLINE/05-Sales/A-Prospects/YZEE
[2026-06-08 15:29:55] [SUCCESS] Permission appliquée: Equipe INFRA [write] -> Drive ECHOLINE/05-Sales/A-Prospects/YZEE
[2026-06-08 15:29:55] [WARN] Pas de mappage pour: Propriétaires de SERVICES_GENERAUX () - permission ignorée sur Drive ECHOLINE/05-Sales/A-Prospects/YZEE
[2026-06-08 15:29:55] [WARN] Pas de mappage pour: SERVICES_GENERAUX - Visiteurs () - permission ignorée sur Drive ECHOLINE/05-Sales/A-Prospects/YZEE
[2026-06-08 15:29:55] [WARN] Pas de mappage pour: SERVICES_GENERAUX - Membres () - permission ignorée sur Drive ECHOLINE/05-Sales/A-Prospects/YZEE
[2026-06-08 15:29:56] [SUCCESS] Permission appliquée: User 01 [write] -> Drive ECHOLINE/05-Sales/A-Prospects/YZEE
[2026-06-08 15:29:56] [WARN] Impossible de résoudre 'test' dans le tenant destination - permission ignorée
[2026-06-08 15:29:56] [INFO] Traitement: /Drive ECHOLINE/05-Sales/B-Templates/ (6 permission(s))
[2026-06-08 15:29:56] [INFO] === COPIE REELLE: Drive ECHOLINE/05-Sales/B-Templates ===
[2026-06-08 15:29:57] [SUCCESS] Dossier cree: Drive ECHOLINE/05-Sales/B-Templates
[2026-06-08 15:29:57] [WARN] Impossible de résoudre 'test' dans le tenant destination - permission ignorée
[2026-06-08 15:29:57] [WARN] Pas de mappage pour: Propriétaires de SERVICES_GENERAUX () - permission ignorée sur Drive ECHOLINE/05-Sales/B-Templates
[2026-06-08 15:29:57] [SUCCESS] Permission appliquée: Equipe INFRA [write] -> Drive ECHOLINE/05-Sales/B-Templates
[2026-06-08 15:29:57] [WARN] Pas de mappage pour: SERVICES_GENERAUX - Visiteurs () - permission ignorée sur Drive ECHOLINE/05-Sales/B-Templates
[2026-06-08 15:29:57] [WARN] Pas de mappage pour: SERVICES_GENERAUX - Membres () - permission ignorée sur Drive ECHOLINE/05-Sales/B-Templates
[2026-06-08 15:29:57] [SUCCESS] Permission appliquée: User 01 [write] -> Drive ECHOLINE/05-Sales/B-Templates
[2026-06-08 15:29:57] [INFO] Traitement: /Drive ECHOLINE/05-Sales/C-Automated_Quotes_Generation/ (6 permission(s))
[2026-06-08 15:29:57] [INFO] === COPIE REELLE: Drive ECHOLINE/05-Sales/C-Automated_Quotes_Generation ===
[2026-06-08 15:29:58] [SUCCESS] Dossier cree: Drive ECHOLINE/05-Sales/C-Automated_Quotes_Generation
[2026-06-08 15:29:58] [WARN] Impossible de résoudre 'test' dans le tenant destination - permission ignorée
[2026-06-08 15:29:58] [SUCCESS] Permission appliquée: Equipe INFRA [write] -> Drive ECHOLINE/05-Sales/C-Automated_Quotes_Generation
[2026-06-08 15:29:58] [SUCCESS] Permission appliquée: User 01 [write] -> Drive ECHOLINE/05-Sales/C-Automated_Quotes_Generation
[2026-06-08 15:29:58] [WARN] Pas de mappage pour: SERVICES_GENERAUX - Membres () - permission ignorée sur Drive ECHOLINE/05-Sales/C-Automated_Quotes_Generation
[2026-06-08 15:29:58] [WARN] Pas de mappage pour: SERVICES_GENERAUX - Visiteurs () - permission ignorée sur Drive ECHOLINE/05-Sales/C-Automated_Quotes_Generation
[2026-06-08 15:29:58] [WARN] Pas de mappage pour: Propriétaires de SERVICES_GENERAUX () - permission ignorée sur Drive ECHOLINE/05-Sales/C-Automated_Quotes_Generation
[2026-06-08 15:29:58] [INFO] Traitement: /Drive ECHOLINE/05-Sales/Communication Package/ (6 permission(s))
[2026-06-08 15:29:58] [INFO] === COPIE REELLE: Drive ECHOLINE/05-Sales/Communication Package ===
[2026-06-08 15:29:59] [SUCCESS] Dossier cree: Drive ECHOLINE/05-Sales/Communication Package
[2026-06-08 15:29:59] [WARN] Pas de mappage pour: SERVICES_GENERAUX - Visiteurs () - permission ignorée sur Drive ECHOLINE/05-Sales/Communication Package
[2026-06-08 15:29:59] [WARN] Pas de mappage pour: Propriétaires de SERVICES_GENERAUX () - permission ignorée sur Drive ECHOLINE/05-Sales/Communication Package
[2026-06-08 15:29:59] [WARN] Pas de mappage pour: SERVICES_GENERAUX - Membres () - permission ignorée sur Drive ECHOLINE/05-Sales/Communication Package
[2026-06-08 15:30:00] [SUCCESS] Permission appliquée: User 01 [write] -> Drive ECHOLINE/05-Sales/Communication Package
[2026-06-08 15:30:00] [SUCCESS] Permission appliquée: Equipe INFRA [write] -> Drive ECHOLINE/05-Sales/Communication Package
[2026-06-08 15:30:00] [WARN] Impossible de résoudre 'test' dans le tenant destination - permission ignorée
[2026-06-08 15:30:00] [INFO] Traitement: /Drive ECHOLINE/05-Sales/Communication Package/ARTHUR/ (6 permission(s))
[2026-06-08 15:30:00] [INFO] === COPIE REELLE: Drive ECHOLINE/05-Sales/Communication Package/ARTHUR ===
[2026-06-08 15:30:01] [SUCCESS] Dossier cree: Drive ECHOLINE/05-Sales/Communication Package/ARTHUR
[2026-06-08 15:30:01] [WARN] Impossible de résoudre 'test' dans le tenant destination - permission ignorée
[2026-06-08 15:30:01] [WARN] Pas de mappage pour: SERVICES_GENERAUX - Visiteurs () - permission ignorée sur Drive ECHOLINE/05-Sales/Communication Package/ARTHUR
[2026-06-08 15:30:01] [WARN] Pas de mappage pour: SERVICES_GENERAUX - Membres () - permission ignorée sur Drive ECHOLINE/05-Sales/Communication Package/ARTHUR
[2026-06-08 15:30:01] [SUCCESS] Permission appliquée: User 01 [write] -> Drive ECHOLINE/05-Sales/Communication Package/ARTHUR
[2026-06-08 15:30:01] [SUCCESS] Permission appliquée: Equipe INFRA [write] -> Drive ECHOLINE/05-Sales/Communication Package/ARTHUR
[2026-06-08 15:30:01] [WARN] Pas de mappage pour: Propriétaires de SERVICES_GENERAUX () - permission ignorée sur Drive ECHOLINE/05-Sales/Communication Package/ARTHUR
[2026-06-08 15:30:01] [INFO] Traitement: /Drive ECHOLINE/05-Sales/Communication Package/AURELIEN/ (6 permission(s))
[2026-06-08 15:30:01] [INFO] === COPIE REELLE: Drive ECHOLINE/05-Sales/Communication Package/AURELIEN ===
[2026-06-08 15:30:02] [SUCCESS] Dossier cree: Drive ECHOLINE/05-Sales/Communication Package/AURELIEN
[2026-06-08 15:30:02] [WARN] Impossible de résoudre 'test' dans le tenant destination - permission ignorée
[2026-06-08 15:30:03] [SUCCESS] Permission appliquée: Equipe INFRA [write] -> Drive ECHOLINE/05-Sales/Communication Package/AURELIEN
[2026-06-08 15:30:03] [SUCCESS] Permission appliquée: User 01 [write] -> Drive ECHOLINE/05-Sales/Communication Package/AURELIEN
[2026-06-08 15:30:03] [WARN] Pas de mappage pour: SERVICES_GENERAUX - Membres () - permission ignorée sur Drive ECHOLINE/05-Sales/Communication Package/AURELIEN
[2026-06-08 15:30:03] [WARN] Pas de mappage pour: SERVICES_GENERAUX - Visiteurs () - permission ignorée sur Drive ECHOLINE/05-Sales/Communication Package/AURELIEN
[2026-06-08 15:30:03] [WARN] Pas de mappage pour: Propriétaires de SERVICES_GENERAUX () - permission ignorée sur Drive ECHOLINE/05-Sales/Communication Package/AURELIEN
[2026-06-08 15:30:03] [INFO] Traitement: /Drive ECHOLINE/05-Sales/Communication Package/CELIA/ (6 permission(s))
[2026-06-08 15:30:03] [INFO] === COPIE REELLE: Drive ECHOLINE/05-Sales/Communication Package/CELIA ===
[2026-06-08 15:30:04] [SUCCESS] Dossier cree: Drive ECHOLINE/05-Sales/Communication Package/CELIA
[2026-06-08 15:30:04] [SUCCESS] Permission appliquée: Equipe INFRA [write] -> Drive ECHOLINE/05-Sales/Communication Package/CELIA
[2026-06-08 15:30:04] [WARN] Pas de mappage pour: Propriétaires de SERVICES_GENERAUX () - permission ignorée sur Drive ECHOLINE/05-Sales/Communication Package/CELIA
[2026-06-08 15:30:04] [WARN] Pas de mappage pour: SERVICES_GENERAUX - Membres () - permission ignorée sur Drive ECHOLINE/05-Sales/Communication Package/CELIA
[2026-06-08 15:30:04] [WARN] Pas de mappage pour: SERVICES_GENERAUX - Visiteurs () - permission ignorée sur Drive ECHOLINE/05-Sales/Communication Package/CELIA
[2026-06-08 15:30:04] [SUCCESS] Permission appliquée: User 01 [write] -> Drive ECHOLINE/05-Sales/Communication Package/CELIA
[2026-06-08 15:30:04] [WARN] Impossible de résoudre 'test' dans le tenant destination - permission ignorée
[2026-06-08 15:30:04] [INFO] Traitement: /Drive ECHOLINE/05-Sales/Communication Package/CLOTHILDE/ (6 permission(s))
[2026-06-08 15:30:04] [INFO] === COPIE REELLE: Drive ECHOLINE/05-Sales/Communication Package/CLOTHILDE ===
[2026-06-08 15:30:06] [SUCCESS] Dossier cree: Drive ECHOLINE/05-Sales/Communication Package/CLOTHILDE
[2026-06-08 15:30:06] [WARN] Impossible de résoudre 'test' dans le tenant destination - permission ignorée
[2026-06-08 15:30:06] [SUCCESS] Permission appliquée: Equipe INFRA [write] -> Drive ECHOLINE/05-Sales/Communication Package/CLOTHILDE
[2026-06-08 15:30:06] [SUCCESS] Permission appliquée: User 01 [write] -> Drive ECHOLINE/05-Sales/Communication Package/CLOTHILDE
[2026-06-08 15:30:06] [WARN] Pas de mappage pour: SERVICES_GENERAUX - Membres () - permission ignorée sur Drive ECHOLINE/05-Sales/Communication Package/CLOTHILDE
[2026-06-08 15:30:06] [WARN] Pas de mappage pour: SERVICES_GENERAUX - Visiteurs () - permission ignorée sur Drive ECHOLINE/05-Sales/Communication Package/CLOTHILDE
[2026-06-08 15:30:06] [WARN] Pas de mappage pour: Propriétaires de SERVICES_GENERAUX () - permission ignorée sur Drive ECHOLINE/05-Sales/Communication Package/CLOTHILDE
[2026-06-08 15:30:06] [INFO] Traitement: /Drive ECHOLINE/05-Sales/Communication Package/GAYLORD/ (6 permission(s))
[2026-06-08 15:30:06] [INFO] === COPIE REELLE: Drive ECHOLINE/05-Sales/Communication Package/GAYLORD ===
[2026-06-08 15:30:07] [SUCCESS] Dossier cree: Drive ECHOLINE/05-Sales/Communication Package/GAYLORD
[2026-06-08 15:30:07] [WARN] Pas de mappage pour: SERVICES_GENERAUX - Visiteurs () - permission ignorée sur Drive ECHOLINE/05-Sales/Communication Package/GAYLORD
[2026-06-08 15:30:07] [WARN] Pas de mappage pour: Propriétaires de SERVICES_GENERAUX () - permission ignorée sur Drive ECHOLINE/05-Sales/Communication Package/GAYLORD
[2026-06-08 15:30:08] [SUCCESS] Permission appliquée: User 01 [write] -> Drive ECHOLINE/05-Sales/Communication Package/GAYLORD
[2026-06-08 15:30:08] [WARN] Impossible de résoudre 'test' dans le tenant destination - permission ignorée
[2026-06-08 15:30:08] [SUCCESS] Permission appliquée: Equipe INFRA [write] -> Drive ECHOLINE/05-Sales/Communication Package/GAYLORD
[2026-06-08 15:30:08] [WARN] Pas de mappage pour: SERVICES_GENERAUX - Membres () - permission ignorée sur Drive ECHOLINE/05-Sales/Communication Package/GAYLORD
[2026-06-08 15:30:08] [INFO] Traitement: /Drive ECHOLINE/05-Sales/Communication Package/JEREMY/ (6 permission(s))
[2026-06-08 15:30:08] [INFO] === COPIE REELLE: Drive ECHOLINE/05-Sales/Communication Package/JEREMY ===
[2026-06-08 15:30:09] [SUCCESS] Dossier cree: Drive ECHOLINE/05-Sales/Communication Package/JEREMY
[2026-06-08 15:30:09] [SUCCESS] Permission appliquée: Equipe INFRA [write] -> Drive ECHOLINE/05-Sales/Communication Package/JEREMY
[2026-06-08 15:30:10] [SUCCESS] Permission appliquée: User 01 [write] -> Drive ECHOLINE/05-Sales/Communication Package/JEREMY
[2026-06-08 15:30:10] [WARN] Pas de mappage pour: SERVICES_GENERAUX - Membres () - permission ignorée sur Drive ECHOLINE/05-Sales/Communication Package/JEREMY
[2026-06-08 15:30:10] [WARN] Pas de mappage pour: SERVICES_GENERAUX - Visiteurs () - permission ignorée sur Drive ECHOLINE/05-Sales/Communication Package/JEREMY
[2026-06-08 15:30:10] [WARN] Pas de mappage pour: Propriétaires de SERVICES_GENERAUX () - permission ignorée sur Drive ECHOLINE/05-Sales/Communication Package/JEREMY
[2026-06-08 15:30:10] [WARN] Impossible de résoudre 'test' dans le tenant destination - permission ignorée
[2026-06-08 15:30:10] [INFO] Traitement: /Drive ECHOLINE/05-Sales/Communication Package/LAURA/ (6 permission(s))
[2026-06-08 15:30:10] [INFO] === COPIE REELLE: Drive ECHOLINE/05-Sales/Communication Package/LAURA ===
[2026-06-08 15:30:11] [SUCCESS] Dossier cree: Drive ECHOLINE/05-Sales/Communication Package/LAURA
[2026-06-08 15:30:11] [SUCCESS] Permission appliquée: User 01 [write] -> Drive ECHOLINE/05-Sales/Communication Package/LAURA
[2026-06-08 15:30:11] [WARN] Pas de mappage pour: Propriétaires de SERVICES_GENERAUX () - permission ignorée sur Drive ECHOLINE/05-Sales/Communication Package/LAURA
[2026-06-08 15:30:11] [WARN] Pas de mappage pour: SERVICES_GENERAUX - Visiteurs () - permission ignorée sur Drive ECHOLINE/05-Sales/Communication Package/LAURA
[2026-06-08 15:30:11] [WARN] Pas de mappage pour: SERVICES_GENERAUX - Membres () - permission ignorée sur Drive ECHOLINE/05-Sales/Communication Package/LAURA
[2026-06-08 15:30:11] [SUCCESS] Permission appliquée: Equipe INFRA [write] -> Drive ECHOLINE/05-Sales/Communication Package/LAURA
[2026-06-08 15:30:11] [WARN] Impossible de résoudre 'test' dans le tenant destination - permission ignorée
[2026-06-08 15:30:11] [INFO] Traitement: /Drive ECHOLINE/05-Sales/Communication Package/SOPHIE/ (6 permission(s))
[2026-06-08 15:30:11] [INFO] === COPIE REELLE: Drive ECHOLINE/05-Sales/Communication Package/SOPHIE ===
[2026-06-08 15:30:12] [SUCCESS] Dossier cree: Drive ECHOLINE/05-Sales/Communication Package/SOPHIE
[2026-06-08 15:30:13] [WARN] Impossible de résoudre 'test' dans le tenant destination - permission ignorée
[2026-06-08 15:30:13] [WARN] Pas de mappage pour: Propriétaires de SERVICES_GENERAUX () - permission ignorée sur Drive ECHOLINE/05-Sales/Communication Package/SOPHIE
[2026-06-08 15:30:13] [SUCCESS] Permission appliquée: Equipe INFRA [write] -> Drive ECHOLINE/05-Sales/Communication Package/SOPHIE
[2026-06-08 15:30:13] [WARN] Pas de mappage pour: SERVICES_GENERAUX - Visiteurs () - permission ignorée sur Drive ECHOLINE/05-Sales/Communication Package/SOPHIE
[2026-06-08 15:30:13] [WARN] Pas de mappage pour: SERVICES_GENERAUX - Membres () - permission ignorée sur Drive ECHOLINE/05-Sales/Communication Package/SOPHIE
[2026-06-08 15:30:14] [SUCCESS] Permission appliquée: User 01 [write] -> Drive ECHOLINE/05-Sales/Communication Package/SOPHIE
[2026-06-08 15:30:14] [INFO] Traitement: /Drive ECHOLINE/05-Sales/Communication Package/YANN/ (6 permission(s))
[2026-06-08 15:30:14] [INFO] === COPIE REELLE: Drive ECHOLINE/05-Sales/Communication Package/YANN ===
[2026-06-08 15:30:14] [SUCCESS] Dossier cree: Drive ECHOLINE/05-Sales/Communication Package/YANN
[2026-06-08 15:30:15] [WARN] Impossible de résoudre 'test' dans le tenant destination - permission ignorée
[2026-06-08 15:30:15] [SUCCESS] Permission appliquée: Equipe INFRA [write] -> Drive ECHOLINE/05-Sales/Communication Package/YANN
[2026-06-08 15:30:15] [SUCCESS] Permission appliquée: User 01 [write] -> Drive ECHOLINE/05-Sales/Communication Package/YANN
[2026-06-08 15:30:15] [WARN] Pas de mappage pour: SERVICES_GENERAUX - Membres () - permission ignorée sur Drive ECHOLINE/05-Sales/Communication Package/YANN
[2026-06-08 15:30:15] [WARN] Pas de mappage pour: SERVICES_GENERAUX - Visiteurs () - permission ignorée sur Drive ECHOLINE/05-Sales/Communication Package/YANN
[2026-06-08 15:30:15] [WARN] Pas de mappage pour: Propriétaires de SERVICES_GENERAUX () - permission ignorée sur Drive ECHOLINE/05-Sales/Communication Package/YANN
[2026-06-08 15:30:15] [INFO] Traitement: /Drive ECHOLINE/05-Sales/ZZ-Archives/ (6 permission(s))
[2026-06-08 15:30:15] [INFO] === COPIE REELLE: Drive ECHOLINE/05-Sales/ZZ-Archives ===
[2026-06-08 15:30:16] [SUCCESS] Dossier cree: Drive ECHOLINE/05-Sales/ZZ-Archives
[2026-06-08 15:30:16] [SUCCESS] Permission appliquée: Equipe INFRA [write] -> Drive ECHOLINE/05-Sales/ZZ-Archives
[2026-06-08 15:30:16] [WARN] Pas de mappage pour: Propriétaires de SERVICES_GENERAUX () - permission ignorée sur Drive ECHOLINE/05-Sales/ZZ-Archives
[2026-06-08 15:30:16] [WARN] Pas de mappage pour: SERVICES_GENERAUX - Visiteurs () - permission ignorée sur Drive ECHOLINE/05-Sales/ZZ-Archives
[2026-06-08 15:30:16] [WARN] Pas de mappage pour: SERVICES_GENERAUX - Membres () - permission ignorée sur Drive ECHOLINE/05-Sales/ZZ-Archives
[2026-06-08 15:30:17] [SUCCESS] Permission appliquée: User 01 [write] -> Drive ECHOLINE/05-Sales/ZZ-Archives
[2026-06-08 15:30:17] [WARN] Impossible de résoudre 'test' dans le tenant destination - permission ignorée
[2026-06-08 15:30:17] [INFO] Traitement: /Drive ECHOLINE/06-Community/ (6 permission(s))
[2026-06-08 15:30:17] [INFO] === COPIE REELLE: Drive ECHOLINE/06-Community ===
[2026-06-08 15:30:17] [SUCCESS] Dossier cree: Drive ECHOLINE/06-Community
[2026-06-08 15:30:17] [WARN] Impossible de résoudre 'test' dans le tenant destination - permission ignorée
[2026-06-08 15:30:17] [WARN] Pas de mappage pour: Propriétaires de SERVICES_GENERAUX () - permission ignorée sur Drive ECHOLINE/06-Community
[2026-06-08 15:30:17] [WARN] Pas de mappage pour: SERVICES_GENERAUX - Visiteurs () - permission ignorée sur Drive ECHOLINE/06-Community
[2026-06-08 15:30:17] [WARN] Pas de mappage pour: SERVICES_GENERAUX - Membres () - permission ignorée sur Drive ECHOLINE/06-Community
[2026-06-08 15:30:18] [SUCCESS] Permission appliquée: Equipe INFRA [write] -> Drive ECHOLINE/06-Community
[2026-06-08 15:30:18] [SUCCESS] Permission appliquée: User 01 [write] -> Drive ECHOLINE/06-Community
[2026-06-08 15:30:18] [INFO] Traitement: /Drive ECHOLINE/06-Community/ADRAR FORMATION/ (6 permission(s))
[2026-06-08 15:30:18] [INFO] === COPIE REELLE: Drive ECHOLINE/06-Community/ADRAR FORMATION ===
[2026-06-08 15:30:19] [SUCCESS] Dossier cree: Drive ECHOLINE/06-Community/ADRAR FORMATION
[2026-06-08 15:30:19] [WARN] Pas de mappage pour: Propriétaires de SERVICES_GENERAUX () - permission ignorée sur Drive ECHOLINE/06-Community/ADRAR FORMATION
[2026-06-08 15:30:19] [WARN] Impossible de résoudre 'test' dans le tenant destination - permission ignorée
[2026-06-08 15:30:19] [SUCCESS] Permission appliquée: Equipe INFRA [write] -> Drive ECHOLINE/06-Community/ADRAR FORMATION
[2026-06-08 15:30:19] [SUCCESS] Permission appliquée: User 01 [write] -> Drive ECHOLINE/06-Community/ADRAR FORMATION
[2026-06-08 15:30:19] [WARN] Pas de mappage pour: SERVICES_GENERAUX - Membres () - permission ignorée sur Drive ECHOLINE/06-Community/ADRAR FORMATION
[2026-06-08 15:30:20] [WARN] Pas de mappage pour: SERVICES_GENERAUX - Visiteurs () - permission ignorée sur Drive ECHOLINE/06-Community/ADRAR FORMATION
[2026-06-08 15:30:20] [INFO] Traitement: /Drive ECHOLINE/06-Community/CAE CONSEILS/ (6 permission(s))
[2026-06-08 15:30:20] [INFO] === COPIE REELLE: Drive ECHOLINE/06-Community/CAE CONSEILS ===
[2026-06-08 15:30:21] [SUCCESS] Dossier cree: Drive ECHOLINE/06-Community/CAE CONSEILS
[2026-06-08 15:30:21] [WARN] Pas de mappage pour: Propriétaires de SERVICES_GENERAUX () - permission ignorée sur Drive ECHOLINE/06-Community/CAE CONSEILS
[2026-06-08 15:30:21] [WARN] Pas de mappage pour: SERVICES_GENERAUX - Membres () - permission ignorée sur Drive ECHOLINE/06-Community/CAE CONSEILS
[2026-06-08 15:30:22] [SUCCESS] Permission appliquée: Equipe INFRA [write] -> Drive ECHOLINE/06-Community/CAE CONSEILS
[2026-06-08 15:30:22] [WARN] Impossible de résoudre 'test' dans le tenant destination - permission ignorée
[2026-06-08 15:30:22] [WARN] Pas de mappage pour: SERVICES_GENERAUX - Visiteurs () - permission ignorée sur Drive ECHOLINE/06-Community/CAE CONSEILS
[2026-06-08 15:30:22] [SUCCESS] Permission appliquée: User 01 [write] -> Drive ECHOLINE/06-Community/CAE CONSEILS
[2026-06-08 15:30:22] [INFO] Traitement: /Drive ECHOLINE/06-Community/CAE CONSEILS/Devis/ (6 permission(s))
[2026-06-08 15:30:22] [INFO] === COPIE REELLE: Drive ECHOLINE/06-Community/CAE CONSEILS/Devis ===
[2026-06-08 15:30:23] [SUCCESS] Dossier cree: Drive ECHOLINE/06-Community/CAE CONSEILS/Devis
[2026-06-08 15:30:23] [WARN] Impossible de résoudre 'test' dans le tenant destination - permission ignorée
[2026-06-08 15:30:23] [SUCCESS] Permission appliquée: Equipe INFRA [write] -> Drive ECHOLINE/06-Community/CAE CONSEILS/Devis
[2026-06-08 15:30:24] [SUCCESS] Permission appliquée: User 01 [write] -> Drive ECHOLINE/06-Community/CAE CONSEILS/Devis
[2026-06-08 15:30:24] [WARN] Pas de mappage pour: SERVICES_GENERAUX - Membres () - permission ignorée sur Drive ECHOLINE/06-Community/CAE CONSEILS/Devis
[2026-06-08 15:30:24] [WARN] Pas de mappage pour: SERVICES_GENERAUX - Visiteurs () - permission ignorée sur Drive ECHOLINE/06-Community/CAE CONSEILS/Devis
[2026-06-08 15:30:24] [WARN] Pas de mappage pour: Propriétaires de SERVICES_GENERAUX () - permission ignorée sur Drive ECHOLINE/06-Community/CAE CONSEILS/Devis
[2026-06-08 15:30:24] [INFO] Traitement: /Drive ECHOLINE/06-Community/CAE CONSEILS/Partenariat/ (6 permission(s))
[2026-06-08 15:30:24] [INFO] === COPIE REELLE: Drive ECHOLINE/06-Community/CAE CONSEILS/Partenariat ===
[2026-06-08 15:30:25] [SUCCESS] Dossier cree: Drive ECHOLINE/06-Community/CAE CONSEILS/Partenariat
[2026-06-08 15:30:25] [SUCCESS] Permission appliquée: Equipe INFRA [write] -> Drive ECHOLINE/06-Community/CAE CONSEILS/Partenariat
[2026-06-08 15:30:25] [WARN] Pas de mappage pour: Propriétaires de SERVICES_GENERAUX () - permission ignorée sur Drive ECHOLINE/06-Community/CAE CONSEILS/Partenariat
[2026-06-08 15:30:25] [WARN] Pas de mappage pour: SERVICES_GENERAUX - Visiteurs () - permission ignorée sur Drive ECHOLINE/06-Community/CAE CONSEILS/Partenariat
[2026-06-08 15:30:25] [WARN] Pas de mappage pour: SERVICES_GENERAUX - Membres () - permission ignorée sur Drive ECHOLINE/06-Community/CAE CONSEILS/Partenariat
[2026-06-08 15:30:25] [SUCCESS] Permission appliquée: User 01 [write] -> Drive ECHOLINE/06-Community/CAE CONSEILS/Partenariat
[2026-06-08 15:30:25] [WARN] Impossible de résoudre 'test' dans le tenant destination - permission ignorée
[2026-06-08 15:30:25] [INFO] Traitement: /Drive ECHOLINE/06-Community/FRANCE SI/ (6 permission(s))
[2026-06-08 15:30:25] [INFO] === COPIE REELLE: Drive ECHOLINE/06-Community/FRANCE SI ===
[2026-06-08 15:30:26] [SUCCESS] Dossier cree: Drive ECHOLINE/06-Community/FRANCE SI
[2026-06-08 15:30:26] [WARN] Impossible de résoudre 'test' dans le tenant destination - permission ignorée
[2026-06-08 15:30:26] [WARN] Pas de mappage pour: Propriétaires de SERVICES_GENERAUX () - permission ignorée sur Drive ECHOLINE/06-Community/FRANCE SI
[2026-06-08 15:30:27] [SUCCESS] Permission appliquée: Equipe INFRA [write] -> Drive ECHOLINE/06-Community/FRANCE SI
[2026-06-08 15:30:27] [WARN] Pas de mappage pour: SERVICES_GENERAUX - Visiteurs () - permission ignorée sur Drive ECHOLINE/06-Community/FRANCE SI
[2026-06-08 15:30:27] [WARN] Pas de mappage pour: SERVICES_GENERAUX - Membres () - permission ignorée sur Drive ECHOLINE/06-Community/FRANCE SI
[2026-06-08 15:30:27] [SUCCESS] Permission appliquée: User 01 [write] -> Drive ECHOLINE/06-Community/FRANCE SI
[2026-06-08 15:30:27] [INFO] Traitement: /Drive ECHOLINE/06-Community/GAMMA SOFTWARE/ (6 permission(s))
[2026-06-08 15:30:27] [INFO] === COPIE REELLE: Drive ECHOLINE/06-Community/GAMMA SOFTWARE ===
[2026-06-08 15:30:28] [SUCCESS] Dossier cree: Drive ECHOLINE/06-Community/GAMMA SOFTWARE
[2026-06-08 15:30:28] [WARN] Impossible de résoudre 'test' dans le tenant destination - permission ignorée
[2026-06-08 15:30:29] [SUCCESS] Permission appliquée: Equipe INFRA [write] -> Drive ECHOLINE/06-Community/GAMMA SOFTWARE
[2026-06-08 15:30:29] [SUCCESS] Permission appliquée: User 01 [write] -> Drive ECHOLINE/06-Community/GAMMA SOFTWARE
[2026-06-08 15:30:29] [WARN] Pas de mappage pour: SERVICES_GENERAUX - Membres () - permission ignorée sur Drive ECHOLINE/06-Community/GAMMA SOFTWARE
[2026-06-08 15:30:29] [WARN] Pas de mappage pour: SERVICES_GENERAUX - Visiteurs () - permission ignorée sur Drive ECHOLINE/06-Community/GAMMA SOFTWARE
[2026-06-08 15:30:29] [WARN] Pas de mappage pour: Propriétaires de SERVICES_GENERAUX () - permission ignorée sur Drive ECHOLINE/06-Community/GAMMA SOFTWARE
[2026-06-08 15:30:29] [INFO] Traitement: /Drive ECHOLINE/06-Community/KNOWLLENCE/ (6 permission(s))
[2026-06-08 15:30:29] [INFO] === COPIE REELLE: Drive ECHOLINE/06-Community/KNOWLLENCE ===
[2026-06-08 15:30:30] [SUCCESS] Dossier cree: Drive ECHOLINE/06-Community/KNOWLLENCE
[2026-06-08 15:30:30] [WARN] Pas de mappage pour: SERVICES_GENERAUX - Membres () - permission ignorée sur Drive ECHOLINE/06-Community/KNOWLLENCE
[2026-06-08 15:30:30] [WARN] Impossible de résoudre 'test' dans le tenant destination - permission ignorée
[2026-06-08 15:30:30] [SUCCESS] Permission appliquée: Equipe INFRA [write] -> Drive ECHOLINE/06-Community/KNOWLLENCE
[2026-06-08 15:30:30] [SUCCESS] Permission appliquée: User 01 [write] -> Drive ECHOLINE/06-Community/KNOWLLENCE
[2026-06-08 15:30:30] [WARN] Pas de mappage pour: SERVICES_GENERAUX - Visiteurs () - permission ignorée sur Drive ECHOLINE/06-Community/KNOWLLENCE
[2026-06-08 15:30:30] [WARN] Pas de mappage pour: Propriétaires de SERVICES_GENERAUX () - permission ignorée sur Drive ECHOLINE/06-Community/KNOWLLENCE
[2026-06-08 15:30:30] [INFO] Traitement: /Drive ECHOLINE/06-Community/KNOWLLENCE/Contrat/ (6 permission(s))
[2026-06-08 15:30:30] [INFO] === COPIE REELLE: Drive ECHOLINE/06-Community/KNOWLLENCE/Contrat ===
[2026-06-08 15:30:31] [SUCCESS] Dossier cree: Drive ECHOLINE/06-Community/KNOWLLENCE/Contrat
[2026-06-08 15:30:31] [WARN] Impossible de résoudre 'test' dans le tenant destination - permission ignorée
[2026-06-08 15:30:31] [WARN] Pas de mappage pour: SERVICES_GENERAUX - Visiteurs () - permission ignorée sur Drive ECHOLINE/06-Community/KNOWLLENCE/Contrat
[2026-06-08 15:30:31] [WARN] Pas de mappage pour: Propriétaires de SERVICES_GENERAUX () - permission ignorée sur Drive ECHOLINE/06-Community/KNOWLLENCE/Contrat
[2026-06-08 15:30:32] [SUCCESS] Permission appliquée: Equipe INFRA [write] -> Drive ECHOLINE/06-Community/KNOWLLENCE/Contrat
[2026-06-08 15:30:32] [WARN] Pas de mappage pour: SERVICES_GENERAUX - Membres () - permission ignorée sur Drive ECHOLINE/06-Community/KNOWLLENCE/Contrat
[2026-06-08 15:30:32] [SUCCESS] Permission appliquée: User 01 [write] -> Drive ECHOLINE/06-Community/KNOWLLENCE/Contrat
[2026-06-08 15:30:32] [INFO] Traitement: /Drive ECHOLINE/06-Community/LOOTIBOX/ (6 permission(s))
[2026-06-08 15:30:32] [INFO] === COPIE REELLE: Drive ECHOLINE/06-Community/LOOTIBOX ===
[2026-06-08 15:30:34] [SUCCESS] Dossier cree: Drive ECHOLINE/06-Community/LOOTIBOX
[2026-06-08 15:30:34] [WARN] Impossible de résoudre 'test' dans le tenant destination - permission ignorée
[2026-06-08 15:30:34] [SUCCESS] Permission appliquée: Equipe INFRA [write] -> Drive ECHOLINE/06-Community/LOOTIBOX
[2026-06-08 15:30:34] [SUCCESS] Permission appliquée: User 01 [write] -> Drive ECHOLINE/06-Community/LOOTIBOX
[2026-06-08 15:30:34] [WARN] Pas de mappage pour: SERVICES_GENERAUX - Membres () - permission ignorée sur Drive ECHOLINE/06-Community/LOOTIBOX
[2026-06-08 15:30:34] [WARN] Pas de mappage pour: SERVICES_GENERAUX - Visiteurs () - permission ignorée sur Drive ECHOLINE/06-Community/LOOTIBOX
[2026-06-08 15:30:34] [WARN] Pas de mappage pour: Propriétaires de SERVICES_GENERAUX () - permission ignorée sur Drive ECHOLINE/06-Community/LOOTIBOX
[2026-06-08 15:30:34] [INFO] Traitement: /Drive ECHOLINE/06-Community/QUALIPRO/ (6 permission(s))
[2026-06-08 15:30:34] [INFO] === COPIE REELLE: Drive ECHOLINE/06-Community/QUALIPRO ===
[2026-06-08 15:30:35] [SUCCESS] Dossier cree: Drive ECHOLINE/06-Community/QUALIPRO
[2026-06-08 15:30:35] [SUCCESS] Permission appliquée: Equipe INFRA [write] -> Drive ECHOLINE/06-Community/QUALIPRO
[2026-06-08 15:30:36] [SUCCESS] Permission appliquée: User 01 [write] -> Drive ECHOLINE/06-Community/QUALIPRO
[2026-06-08 15:30:36] [WARN] Pas de mappage pour: SERVICES_GENERAUX - Membres () - permission ignorée sur Drive ECHOLINE/06-Community/QUALIPRO
[2026-06-08 15:30:36] [WARN] Pas de mappage pour: Propriétaires de SERVICES_GENERAUX () - permission ignorée sur Drive ECHOLINE/06-Community/QUALIPRO
[2026-06-08 15:30:36] [WARN] Pas de mappage pour: SERVICES_GENERAUX - Visiteurs () - permission ignorée sur Drive ECHOLINE/06-Community/QUALIPRO
[2026-06-08 15:30:36] [WARN] Impossible de résoudre 'test' dans le tenant destination - permission ignorée
[2026-06-08 15:30:36] [INFO] Traitement: /Drive ECHOLINE/06-Community/QUALIPRO/Contrat/ (6 permission(s))
[2026-06-08 15:30:36] [INFO] === COPIE REELLE: Drive ECHOLINE/06-Community/QUALIPRO/Contrat ===
[2026-06-08 15:30:37] [SUCCESS] Dossier cree: Drive ECHOLINE/06-Community/QUALIPRO/Contrat
[2026-06-08 15:30:37] [WARN] Impossible de résoudre 'test' dans le tenant destination - permission ignorée
[2026-06-08 15:30:37] [SUCCESS] Permission appliquée: Equipe INFRA [write] -> Drive ECHOLINE/06-Community/QUALIPRO/Contrat
[2026-06-08 15:30:37] [SUCCESS] Permission appliquée: User 01 [write] -> Drive ECHOLINE/06-Community/QUALIPRO/Contrat
[2026-06-08 15:30:37] [WARN] Pas de mappage pour: SERVICES_GENERAUX - Membres () - permission ignorée sur Drive ECHOLINE/06-Community/QUALIPRO/Contrat
[2026-06-08 15:30:37] [WARN] Pas de mappage pour: SERVICES_GENERAUX - Visiteurs () - permission ignorée sur Drive ECHOLINE/06-Community/QUALIPRO/Contrat
[2026-06-08 15:30:37] [WARN] Pas de mappage pour: Propriétaires de SERVICES_GENERAUX () - permission ignorée sur Drive ECHOLINE/06-Community/QUALIPRO/Contrat
[2026-06-08 15:30:37] [INFO] Traitement: /Drive ECHOLINE/06-Community/TEEO/ (6 permission(s))
[2026-06-08 15:30:37] [INFO] === COPIE REELLE: Drive ECHOLINE/06-Community/TEEO ===
[2026-06-08 15:30:38] [SUCCESS] Dossier cree: Drive ECHOLINE/06-Community/TEEO
[2026-06-08 15:30:38] [SUCCESS] Permission appliquée: User 01 [write] -> Drive ECHOLINE/06-Community/TEEO
[2026-06-08 15:30:38] [WARN] Pas de mappage pour: SERVICES_GENERAUX - Visiteurs () - permission ignorée sur Drive ECHOLINE/06-Community/TEEO
[2026-06-08 15:30:38] [WARN] Pas de mappage pour: Propriétaires de SERVICES_GENERAUX () - permission ignorée sur Drive ECHOLINE/06-Community/TEEO
[2026-06-08 15:30:38] [WARN] Pas de mappage pour: SERVICES_GENERAUX - Membres () - permission ignorée sur Drive ECHOLINE/06-Community/TEEO
[2026-06-08 15:30:38] [WARN] Impossible de résoudre 'test' dans le tenant destination - permission ignorée
[2026-06-08 15:30:39] [SUCCESS] Permission appliquée: Equipe INFRA [write] -> Drive ECHOLINE/06-Community/TEEO
[2026-06-08 15:30:39] [INFO] Traitement: /Drive ECHOLINE/06-Community/TEEO/Archive/ (6 permission(s))
[2026-06-08 15:30:39] [INFO] === COPIE REELLE: Drive ECHOLINE/06-Community/TEEO/Archive ===
[2026-06-08 15:30:40] [SUCCESS] Dossier cree: Drive ECHOLINE/06-Community/TEEO/Archive
[2026-06-08 15:30:40] [WARN] Impossible de résoudre 'test' dans le tenant destination - permission ignorée
[2026-06-08 15:30:40] [SUCCESS] Permission appliquée: User 01 [write] -> Drive ECHOLINE/06-Community/TEEO/Archive
[2026-06-08 15:30:40] [WARN] Pas de mappage pour: SERVICES_GENERAUX - Membres () - permission ignorée sur Drive ECHOLINE/06-Community/TEEO/Archive
[2026-06-08 15:30:40] [WARN] Pas de mappage pour: SERVICES_GENERAUX - Visiteurs () - permission ignorée sur Drive ECHOLINE/06-Community/TEEO/Archive
[2026-06-08 15:30:40] [WARN] Pas de mappage pour: Propriétaires de SERVICES_GENERAUX () - permission ignorée sur Drive ECHOLINE/06-Community/TEEO/Archive
[2026-06-08 15:30:40] [SUCCESS] Permission appliquée: Equipe INFRA [write] -> Drive ECHOLINE/06-Community/TEEO/Archive
[2026-06-08 15:30:40] [INFO] Traitement: /Drive ECHOLINE/06-Community/TEEO/Partenariat/ (6 permission(s))
[2026-06-08 15:30:40] [INFO] === COPIE REELLE: Drive ECHOLINE/06-Community/TEEO/Partenariat ===
[2026-06-08 15:30:41] [SUCCESS] Dossier cree: Drive ECHOLINE/06-Community/TEEO/Partenariat
[2026-06-08 15:30:41] [WARN] Pas de mappage pour: SERVICES_GENERAUX - Visiteurs () - permission ignorée sur Drive ECHOLINE/06-Community/TEEO/Partenariat
[2026-06-08 15:30:42] [WARN] Pas de mappage pour: Propriétaires de SERVICES_GENERAUX () - permission ignorée sur Drive ECHOLINE/06-Community/TEEO/Partenariat
[2026-06-08 15:30:42] [WARN] Pas de mappage pour: SERVICES_GENERAUX - Membres () - permission ignorée sur Drive ECHOLINE/06-Community/TEEO/Partenariat
[2026-06-08 15:30:42] [WARN] Impossible de résoudre 'test' dans le tenant destination - permission ignorée
[2026-06-08 15:30:42] [SUCCESS] Permission appliquée: Equipe INFRA [write] -> Drive ECHOLINE/06-Community/TEEO/Partenariat
[2026-06-08 15:30:42] [SUCCESS] Permission appliquée: User 01 [write] -> Drive ECHOLINE/06-Community/TEEO/Partenariat
[2026-06-08 15:30:42] [INFO] Traitement: /Drive ECHOLINE/07-Tech/ (6 permission(s))
[2026-06-08 15:30:42] [INFO] === COPIE REELLE: Drive ECHOLINE/07-Tech ===
[2026-06-08 15:30:42] [SUCCESS] Dossier cree: Drive ECHOLINE/07-Tech
[2026-06-08 15:30:43] [SUCCESS] Permission appliquée: User 01 [write] -> Drive ECHOLINE/07-Tech
[2026-06-08 15:30:43] [WARN] Pas de mappage pour: SERVICES_GENERAUX - Membres () - permission ignorée sur Drive ECHOLINE/07-Tech
[2026-06-08 15:30:43] [WARN] Impossible de résoudre 'test' dans le tenant destination - permission ignorée
[2026-06-08 15:30:43] [WARN] Pas de mappage pour: SERVICES_GENERAUX - Visiteurs () - permission ignorée sur Drive ECHOLINE/07-Tech
[2026-06-08 15:30:43] [WARN] Pas de mappage pour: Propriétaires de SERVICES_GENERAUX () - permission ignorée sur Drive ECHOLINE/07-Tech
[2026-06-08 15:30:43] [SUCCESS] Permission appliquée: Equipe INFRA [write] -> Drive ECHOLINE/07-Tech
[2026-06-08 15:30:43] [INFO] Traitement: /Drive ECHOLINE/07-Tech/A-Product management/ (6 permission(s))
[2026-06-08 15:30:43] [INFO] === COPIE REELLE: Drive ECHOLINE/07-Tech/A-Product management ===
[2026-06-08 15:30:44] [SUCCESS] Dossier cree: Drive ECHOLINE/07-Tech/A-Product management
[2026-06-08 15:30:44] [WARN] Pas de mappage pour: SERVICES_GENERAUX - Visiteurs () - permission ignorée sur Drive ECHOLINE/07-Tech/A-Product management
[2026-06-08 15:30:44] [WARN] Pas de mappage pour: Propriétaires de SERVICES_GENERAUX () - permission ignorée sur Drive ECHOLINE/07-Tech/A-Product management
[2026-06-08 15:30:44] [WARN] Impossible de résoudre 'test' dans le tenant destination - permission ignorée
[2026-06-08 15:30:44] [SUCCESS] Permission appliquée: Equipe INFRA [write] -> Drive ECHOLINE/07-Tech/A-Product management
[2026-06-08 15:30:45] [SUCCESS] Permission appliquée: User 01 [write] -> Drive ECHOLINE/07-Tech/A-Product management
[2026-06-08 15:30:45] [WARN] Pas de mappage pour: SERVICES_GENERAUX - Membres () - permission ignorée sur Drive ECHOLINE/07-Tech/A-Product management
[2026-06-08 15:30:45] [INFO] Traitement: /Drive ECHOLINE/07-Tech/A-Product management/ZZ-Archives/ (6 permission(s))
[2026-06-08 15:30:45] [INFO] === COPIE REELLE: Drive ECHOLINE/07-Tech/A-Product management/ZZ-Archives ===
[2026-06-08 15:30:46] [SUCCESS] Dossier cree: Drive ECHOLINE/07-Tech/A-Product management/ZZ-Archives
[2026-06-08 15:30:46] [SUCCESS] Permission appliquée: User 01 [write] -> Drive ECHOLINE/07-Tech/A-Product management/ZZ-Archives
[2026-06-08 15:30:46] [WARN] Pas de mappage pour: SERVICES_GENERAUX - Membres () - permission ignorée sur Drive ECHOLINE/07-Tech/A-Product management/ZZ-Archives
[2026-06-08 15:30:46] [WARN] Pas de mappage pour: SERVICES_GENERAUX - Visiteurs () - permission ignorée sur Drive ECHOLINE/07-Tech/A-Product management/ZZ-Archives
[2026-06-08 15:30:46] [WARN] Pas de mappage pour: Propriétaires de SERVICES_GENERAUX () - permission ignorée sur Drive ECHOLINE/07-Tech/A-Product management/ZZ-Archives
[2026-06-08 15:30:46] [SUCCESS] Permission appliquée: Equipe INFRA [write] -> Drive ECHOLINE/07-Tech/A-Product management/ZZ-Archives
[2026-06-08 15:30:46] [WARN] Impossible de résoudre 'test' dans le tenant destination - permission ignorée
[2026-06-08 15:30:46] [INFO] Traitement: /Drive ECHOLINE/07-Tech/B-Backup/ (6 permission(s))
[2026-06-08 15:30:46] [INFO] === COPIE REELLE: Drive ECHOLINE/07-Tech/B-Backup ===
[2026-06-08 15:30:47] [SUCCESS] Dossier cree: Drive ECHOLINE/07-Tech/B-Backup
[2026-06-08 15:30:47] [WARN] Impossible de résoudre 'test' dans le tenant destination - permission ignorée
[2026-06-08 15:30:47] [WARN] Pas de mappage pour: Propriétaires de SERVICES_GENERAUX () - permission ignorée sur Drive ECHOLINE/07-Tech/B-Backup
[2026-06-08 15:30:48] [WARN] Pas de mappage pour: SERVICES_GENERAUX - Visiteurs () - permission ignorée sur Drive ECHOLINE/07-Tech/B-Backup
[2026-06-08 15:30:48] [WARN] Pas de mappage pour: SERVICES_GENERAUX - Membres () - permission ignorée sur Drive ECHOLINE/07-Tech/B-Backup
[2026-06-08 15:30:48] [SUCCESS] Permission appliquée: User 01 [write] -> Drive ECHOLINE/07-Tech/B-Backup
[2026-06-08 15:30:48] [SUCCESS] Permission appliquée: Equipe INFRA [write] -> Drive ECHOLINE/07-Tech/B-Backup
[2026-06-08 15:30:48] [INFO] Traitement: /Drive ECHOLINE/07-Tech/B-Backup/Alexandria/ (6 permission(s))
[2026-06-08 15:30:48] [INFO] === COPIE REELLE: Drive ECHOLINE/07-Tech/B-Backup/Alexandria ===
[2026-06-08 15:30:49] [SUCCESS] Dossier cree: Drive ECHOLINE/07-Tech/B-Backup/Alexandria
[2026-06-08 15:30:50] [SUCCESS] Permission appliquée: User 01 [write] -> Drive ECHOLINE/07-Tech/B-Backup/Alexandria
[2026-06-08 15:30:50] [WARN] Pas de mappage pour: Propriétaires de SERVICES_GENERAUX () - permission ignorée sur Drive ECHOLINE/07-Tech/B-Backup/Alexandria
[2026-06-08 15:30:50] [WARN] Pas de mappage pour: SERVICES_GENERAUX - Visiteurs () - permission ignorée sur Drive ECHOLINE/07-Tech/B-Backup/Alexandria
[2026-06-08 15:30:50] [WARN] Pas de mappage pour: SERVICES_GENERAUX - Membres () - permission ignorée sur Drive ECHOLINE/07-Tech/B-Backup/Alexandria
[2026-06-08 15:30:50] [SUCCESS] Permission appliquée: Equipe INFRA [write] -> Drive ECHOLINE/07-Tech/B-Backup/Alexandria
[2026-06-08 15:30:50] [WARN] Impossible de résoudre 'test' dans le tenant destination - permission ignorée
[2026-06-08 15:30:50] [INFO] Traitement: /Drive ECHOLINE/07-Tech/B-Backup/Archives Gitlab/ (6 permission(s))
[2026-06-08 15:30:50] [INFO] === COPIE REELLE: Drive ECHOLINE/07-Tech/B-Backup/Archives Gitlab ===
[2026-06-08 15:30:51] [SUCCESS] Dossier cree: Drive ECHOLINE/07-Tech/B-Backup/Archives Gitlab
[2026-06-08 15:30:51] [WARN] Impossible de résoudre 'test' dans le tenant destination - permission ignorée
[2026-06-08 15:30:51] [SUCCESS] Permission appliquée: Equipe INFRA [write] -> Drive ECHOLINE/07-Tech/B-Backup/Archives Gitlab
[2026-06-08 15:30:52] [SUCCESS] Permission appliquée: User 01 [write] -> Drive ECHOLINE/07-Tech/B-Backup/Archives Gitlab
[2026-06-08 15:30:52] [WARN] Pas de mappage pour: SERVICES_GENERAUX - Membres () - permission ignorée sur Drive ECHOLINE/07-Tech/B-Backup/Archives Gitlab
[2026-06-08 15:30:52] [WARN] Pas de mappage pour: SERVICES_GENERAUX - Visiteurs () - permission ignorée sur Drive ECHOLINE/07-Tech/B-Backup/Archives Gitlab
[2026-06-08 15:30:52] [WARN] Pas de mappage pour: Propriétaires de SERVICES_GENERAUX () - permission ignorée sur Drive ECHOLINE/07-Tech/B-Backup/Archives Gitlab
[2026-06-08 15:30:52] [INFO] Traitement: /Drive ECHOLINE/07-Tech/B-Backup/BDD/ (6 permission(s))
[2026-06-08 15:30:52] [INFO] === COPIE REELLE: Drive ECHOLINE/07-Tech/B-Backup/BDD ===
[2026-06-08 15:30:53] [SUCCESS] Dossier cree: Drive ECHOLINE/07-Tech/B-Backup/BDD
[2026-06-08 15:30:53] [WARN] Pas de mappage pour: SERVICES_GENERAUX - Membres () - permission ignorée sur Drive ECHOLINE/07-Tech/B-Backup/BDD
[2026-06-08 15:30:53] [WARN] Impossible de résoudre 'test' dans le tenant destination - permission ignorée
[2026-06-08 15:30:53] [WARN] Pas de mappage pour: SERVICES_GENERAUX - Visiteurs () - permission ignorée sur Drive ECHOLINE/07-Tech/B-Backup/BDD
[2026-06-08 15:30:53] [WARN] Pas de mappage pour: Propriétaires de SERVICES_GENERAUX () - permission ignorée sur Drive ECHOLINE/07-Tech/B-Backup/BDD
[2026-06-08 15:30:53] [SUCCESS] Permission appliquée: User 01 [write] -> Drive ECHOLINE/07-Tech/B-Backup/BDD
[2026-06-08 15:30:53] [SUCCESS] Permission appliquée: Equipe INFRA [write] -> Drive ECHOLINE/07-Tech/B-Backup/BDD
[2026-06-08 15:30:53] [INFO] Traitement: /Drive ECHOLINE/07-Tech/B-Backup/Infra/ (6 permission(s))
[2026-06-08 15:30:53] [INFO] === COPIE REELLE: Drive ECHOLINE/07-Tech/B-Backup/Infra ===
[2026-06-08 15:30:54] [SUCCESS] Dossier cree: Drive ECHOLINE/07-Tech/B-Backup/Infra
[2026-06-08 15:30:54] [WARN] Impossible de résoudre 'test' dans le tenant destination - permission ignorée
[2026-06-08 15:30:54] [WARN] Pas de mappage pour: Propriétaires de SERVICES_GENERAUX () - permission ignorée sur Drive ECHOLINE/07-Tech/B-Backup/Infra
[2026-06-08 15:30:55] [WARN] Pas de mappage pour: SERVICES_GENERAUX - Visiteurs () - permission ignorée sur Drive ECHOLINE/07-Tech/B-Backup/Infra
[2026-06-08 15:30:55] [WARN] Pas de mappage pour: SERVICES_GENERAUX - Membres () - permission ignorée sur Drive ECHOLINE/07-Tech/B-Backup/Infra
[2026-06-08 15:30:55] [SUCCESS] Permission appliquée: User 01 [write] -> Drive ECHOLINE/07-Tech/B-Backup/Infra
[2026-06-08 15:30:55] [SUCCESS] Permission appliquée: Equipe INFRA [write] -> Drive ECHOLINE/07-Tech/B-Backup/Infra
[2026-06-08 15:30:55] [INFO] Traitement: /Drive ECHOLINE/07-Tech/B-Backup/Maquettes/ (6 permission(s))
[2026-06-08 15:30:55] [INFO] === COPIE REELLE: Drive ECHOLINE/07-Tech/B-Backup/Maquettes ===
[2026-06-08 15:30:56] [SUCCESS] Dossier cree: Drive ECHOLINE/07-Tech/B-Backup/Maquettes
[2026-06-08 15:30:56] [WARN] Pas de mappage pour: Propriétaires de SERVICES_GENERAUX () - permission ignorée sur Drive ECHOLINE/07-Tech/B-Backup/Maquettes
[2026-06-08 15:30:56] [WARN] Pas de mappage pour: SERVICES_GENERAUX - Visiteurs () - permission ignorée sur Drive ECHOLINE/07-Tech/B-Backup/Maquettes
[2026-06-08 15:30:56] [WARN] Pas de mappage pour: SERVICES_GENERAUX - Membres () - permission ignorée sur Drive ECHOLINE/07-Tech/B-Backup/Maquettes
[2026-06-08 15:30:57] [SUCCESS] Permission appliquée: User 01 [write] -> Drive ECHOLINE/07-Tech/B-Backup/Maquettes
[2026-06-08 15:30:57] [SUCCESS] Permission appliquée: Equipe INFRA [write] -> Drive ECHOLINE/07-Tech/B-Backup/Maquettes
[2026-06-08 15:30:57] [WARN] Impossible de résoudre 'test' dans le tenant destination - permission ignorée
[2026-06-08 15:30:57] [INFO] Traitement: /Drive ECHOLINE/07-Tech/B-Backup/Pentest Q4 2022/ (6 permission(s))
[2026-06-08 15:30:57] [INFO] === COPIE REELLE: Drive ECHOLINE/07-Tech/B-Backup/Pentest Q4 2022 ===
[2026-06-08 15:30:58] [SUCCESS] Dossier cree: Drive ECHOLINE/07-Tech/B-Backup/Pentest Q4 2022
[2026-06-08 15:30:58] [WARN] Pas de mappage pour: Propriétaires de SERVICES_GENERAUX () - permission ignorée sur Drive ECHOLINE/07-Tech/B-Backup/Pentest Q4 2022
[2026-06-08 15:30:58] [WARN] Impossible de résoudre 'test' dans le tenant destination - permission ignorée
[2026-06-08 15:30:59] [SUCCESS] Permission appliquée: Equipe INFRA [write] -> Drive ECHOLINE/07-Tech/B-Backup/Pentest Q4 2022
[2026-06-08 15:30:59] [SUCCESS] Permission appliquée: User 01 [write] -> Drive ECHOLINE/07-Tech/B-Backup/Pentest Q4 2022
[2026-06-08 15:30:59] [WARN] Pas de mappage pour: SERVICES_GENERAUX - Membres () - permission ignorée sur Drive ECHOLINE/07-Tech/B-Backup/Pentest Q4 2022
[2026-06-08 15:30:59] [WARN] Pas de mappage pour: SERVICES_GENERAUX - Visiteurs () - permission ignorée sur Drive ECHOLINE/07-Tech/B-Backup/Pentest Q4 2022
[2026-06-08 15:30:59] [INFO] Traitement: /Drive ECHOLINE/07-Tech/B-Backup/QSE/ (6 permission(s))
[2026-06-08 15:30:59] [INFO] === COPIE REELLE: Drive ECHOLINE/07-Tech/B-Backup/QSE ===
[2026-06-08 15:31:00] [SUCCESS] Dossier cree: Drive ECHOLINE/07-Tech/B-Backup/QSE
[2026-06-08 15:31:00] [WARN] Pas de mappage pour: Propriétaires de SERVICES_GENERAUX () - permission ignorée sur Drive ECHOLINE/07-Tech/B-Backup/QSE
[2026-06-08 15:31:00] [WARN] Pas de mappage pour: SERVICES_GENERAUX - Membres () - permission ignorée sur Drive ECHOLINE/07-Tech/B-Backup/QSE
[2026-06-08 15:31:00] [SUCCESS] Permission appliquée: Equipe INFRA [write] -> Drive ECHOLINE/07-Tech/B-Backup/QSE
[2026-06-08 15:31:00] [WARN] Impossible de résoudre 'test' dans le tenant destination - permission ignorée
[2026-06-08 15:31:00] [WARN] Pas de mappage pour: SERVICES_GENERAUX - Visiteurs () - permission ignorée sur Drive ECHOLINE/07-Tech/B-Backup/QSE
[2026-06-08 15:31:00] [SUCCESS] Permission appliquée: User 01 [write] -> Drive ECHOLINE/07-Tech/B-Backup/QSE
[2026-06-08 15:31:00] [INFO] Traitement: /Drive ECHOLINE/07-Tech/B-Backup/RFP/ (6 permission(s))
[2026-06-08 15:31:00] [INFO] === COPIE REELLE: Drive ECHOLINE/07-Tech/B-Backup/RFP ===
[2026-06-08 15:31:01] [SUCCESS] Dossier cree: Drive ECHOLINE/07-Tech/B-Backup/RFP
[2026-06-08 15:31:02] [WARN] Impossible de résoudre 'test' dans le tenant destination - permission ignorée
[2026-06-08 15:31:02] [SUCCESS] Permission appliquée: Equipe INFRA [write] -> Drive ECHOLINE/07-Tech/B-Backup/RFP
[2026-06-08 15:31:02] [SUCCESS] Permission appliquée: User 01 [write] -> Drive ECHOLINE/07-Tech/B-Backup/RFP
[2026-06-08 15:31:02] [WARN] Pas de mappage pour: SERVICES_GENERAUX - Membres () - permission ignorée sur Drive ECHOLINE/07-Tech/B-Backup/RFP
[2026-06-08 15:31:02] [WARN] Pas de mappage pour: SERVICES_GENERAUX - Visiteurs () - permission ignorée sur Drive ECHOLINE/07-Tech/B-Backup/RFP
[2026-06-08 15:31:02] [WARN] Pas de mappage pour: Propriétaires de SERVICES_GENERAUX () - permission ignorée sur Drive ECHOLINE/07-Tech/B-Backup/RFP
[2026-06-08 15:31:02] [INFO] Traitement: /Drive ECHOLINE/07-Tech/C-Cybersécurité/ (6 permission(s))
[2026-06-08 15:31:02] [INFO] === COPIE REELLE: Drive ECHOLINE/07-Tech/C-Cybersécurité ===
[2026-06-08 15:31:03] [ERROR] Erreur copie: Le serveur distant a retourné une erreur : (400) Demande incorrecte.
[2026-06-08 15:31:03] [DEBUG] [404] Item pas encore disponible, retry 1/3 dans 2s: Drive ECHOLINE/07-Tech/C-Cybersécurité
[2026-06-08 15:31:05] [DEBUG] [404] Item pas encore disponible, retry 2/3 dans 2s: Drive ECHOLINE/07-Tech/C-Cybersécurité
[2026-06-08 15:31:07] [DEBUG] [404] Item pas encore disponible, retry 3/3 dans 2s: Drive ECHOLINE/07-Tech/C-Cybersécurité
[2026-06-08 15:31:10] [WARN] Impossible de récupérer l'item destination pour les droits: Drive ECHOLINE/07-Tech/C-Cybersécurité - Le serveur distant a retourné une erreur : (404) Introuvable.
[2026-06-08 15:31:10] [INFO] Traitement: /Drive ECHOLINE/07-Tech/C-Cybersécurité/2022/ (6 permission(s))
[2026-06-08 15:31:10] [INFO] === COPIE REELLE: Drive ECHOLINE/07-Tech/C-Cybersécurité/2022 ===
[2026-06-08 15:31:11] [ERROR] Erreur copie: Le serveur distant a retourné une erreur : (400) Demande incorrecte.
[2026-06-08 15:31:11] [DEBUG] [404] Item pas encore disponible, retry 1/3 dans 2s: Drive ECHOLINE/07-Tech/C-Cybersécurité/2022
[2026-06-08 15:31:13] [DEBUG] [404] Item pas encore disponible, retry 2/3 dans 2s: Drive ECHOLINE/07-Tech/C-Cybersécurité/2022
[2026-06-08 15:31:15] [DEBUG] [404] Item pas encore disponible, retry 3/3 dans 2s: Drive ECHOLINE/07-Tech/C-Cybersécurité/2022
[2026-06-08 15:31:17] [WARN] Impossible de récupérer l'item destination pour les droits: Drive ECHOLINE/07-Tech/C-Cybersécurité/2022 - Le serveur distant a retourné une erreur : (404) Introuvable.
[2026-06-08 15:31:17] [INFO] Traitement: /Drive ECHOLINE/07-Tech/OpenAI/ (6 permission(s))
[2026-06-08 15:31:17] [INFO] === COPIE REELLE: Drive ECHOLINE/07-Tech/OpenAI ===
[2026-06-08 15:31:18] [SUCCESS] Dossier cree: Drive ECHOLINE/07-Tech/OpenAI
[2026-06-08 15:31:19] [WARN] Impossible de résoudre 'test' dans le tenant destination - permission ignorée
[2026-06-08 15:31:19] [SUCCESS] Permission appliquée: Equipe INFRA [write] -> Drive ECHOLINE/07-Tech/OpenAI
[2026-06-08 15:31:19] [SUCCESS] Permission appliquée: User 01 [write] -> Drive ECHOLINE/07-Tech/OpenAI
[2026-06-08 15:31:19] [WARN] Pas de mappage pour: SERVICES_GENERAUX - Membres () - permission ignorée sur Drive ECHOLINE/07-Tech/OpenAI
[2026-06-08 15:31:19] [WARN] Pas de mappage pour: SERVICES_GENERAUX - Visiteurs () - permission ignorée sur Drive ECHOLINE/07-Tech/OpenAI
[2026-06-08 15:31:19] [WARN] Pas de mappage pour: Propriétaires de SERVICES_GENERAUX () - permission ignorée sur Drive ECHOLINE/07-Tech/OpenAI
[2026-06-08 15:31:19] [INFO] Traitement: /Drive ECHOLINE/07-Tech/ZZ-Archives/ (6 permission(s))
[2026-06-08 15:31:19] [INFO] === COPIE REELLE: Drive ECHOLINE/07-Tech/ZZ-Archives ===
[2026-06-08 15:31:20] [SUCCESS] Dossier cree: Drive ECHOLINE/07-Tech/ZZ-Archives
[2026-06-08 15:31:21] [SUCCESS] Permission appliquée: User 01 [write] -> Drive ECHOLINE/07-Tech/ZZ-Archives
[2026-06-08 15:31:21] [WARN] Pas de mappage pour: Propriétaires de SERVICES_GENERAUX () - permission ignorée sur Drive ECHOLINE/07-Tech/ZZ-Archives
[2026-06-08 15:31:21] [WARN] Pas de mappage pour: SERVICES_GENERAUX - Visiteurs () - permission ignorée sur Drive ECHOLINE/07-Tech/ZZ-Archives
[2026-06-08 15:31:21] [WARN] Pas de mappage pour: SERVICES_GENERAUX - Membres () - permission ignorée sur Drive ECHOLINE/07-Tech/ZZ-Archives
[2026-06-08 15:31:21] [SUCCESS] Permission appliquée: Equipe INFRA [write] -> Drive ECHOLINE/07-Tech/ZZ-Archives
[2026-06-08 15:31:21] [WARN] Impossible de résoudre 'test' dans le tenant destination - permission ignorée
[2026-06-08 15:31:21] [INFO] Traitement: /Drive ECHOLINE/07-Tech/ZZ-Archives/Archives fonds LEGI - DILA/ (6 permission(s))
[2026-06-08 15:31:21] [INFO] === COPIE REELLE: Drive ECHOLINE/07-Tech/ZZ-Archives/Archives fonds LEGI - DILA ===
[2026-06-08 15:31:22] [SUCCESS] Dossier cree: Drive ECHOLINE/07-Tech/ZZ-Archives/Archives fonds LEGI - DILA
[2026-06-08 15:31:23] [WARN] Impossible de résoudre 'test' dans le tenant destination - permission ignorée
[2026-06-08 15:31:23] [WARN] Pas de mappage pour: Propriétaires de SERVICES_GENERAUX () - permission ignorée sur Drive ECHOLINE/07-Tech/ZZ-Archives/Archives fonds LEGI - DILA
[2026-06-08 15:31:23] [WARN] Pas de mappage pour: SERVICES_GENERAUX - Visiteurs () - permission ignorée sur Drive ECHOLINE/07-Tech/ZZ-Archives/Archives fonds LEGI - DILA
[2026-06-08 15:31:23] [WARN] Pas de mappage pour: SERVICES_GENERAUX - Membres () - permission ignorée sur Drive ECHOLINE/07-Tech/ZZ-Archives/Archives fonds LEGI - DILA
[2026-06-08 15:31:23] [SUCCESS] Permission appliquée: Equipe INFRA [write] -> Drive ECHOLINE/07-Tech/ZZ-Archives/Archives fonds LEGI - DILA
[2026-06-08 15:31:23] [SUCCESS] Permission appliquée: User 01 [write] -> Drive ECHOLINE/07-Tech/ZZ-Archives/Archives fonds LEGI - DILA
[2026-06-08 15:31:23] [INFO] Traitement: /Drive ECHOLINE/08-Design/ (6 permission(s))
[2026-06-08 15:31:23] [INFO] === COPIE REELLE: Drive ECHOLINE/08-Design ===
[2026-06-08 15:31:24] [SUCCESS] Dossier cree: Drive ECHOLINE/08-Design
[2026-06-08 15:31:24] [WARN] Impossible de résoudre 'test' dans le tenant destination - permission ignorée
[2026-06-08 15:31:25] [SUCCESS] Permission appliquée: Equipe INFRA [write] -> Drive ECHOLINE/08-Design
[2026-06-08 15:31:25] [SUCCESS] Permission appliquée: User 01 [write] -> Drive ECHOLINE/08-Design
[2026-06-08 15:31:25] [WARN] Pas de mappage pour: SERVICES_GENERAUX - Membres () - permission ignorée sur Drive ECHOLINE/08-Design
[2026-06-08 15:31:25] [WARN] Pas de mappage pour: SERVICES_GENERAUX - Visiteurs () - permission ignorée sur Drive ECHOLINE/08-Design
[2026-06-08 15:31:25] [WARN] Pas de mappage pour: Propriétaires de SERVICES_GENERAUX () - permission ignorée sur Drive ECHOLINE/08-Design
[2026-06-08 15:31:25] [INFO] Traitement: /Drive ECHOLINE/08-Design/App ECHOLINE/ (6 permission(s))
[2026-06-08 15:31:25] [INFO] === COPIE REELLE: Drive ECHOLINE/08-Design/App ECHOLINE ===
[2026-06-08 15:31:26] [SUCCESS] Dossier cree: Drive ECHOLINE/08-Design/App ECHOLINE
[2026-06-08 15:31:26] [SUCCESS] Permission appliquée: Equipe INFRA [write] -> Drive ECHOLINE/08-Design/App ECHOLINE
[2026-06-08 15:31:29] [SUCCESS] Permission appliquée: User 01 [write] -> Drive ECHOLINE/08-Design/App ECHOLINE
[2026-06-08 15:31:29] [WARN] Pas de mappage pour: SERVICES_GENERAUX - Membres () - permission ignorée sur Drive ECHOLINE/08-Design/App ECHOLINE
[2026-06-08 15:31:29] [WARN] Pas de mappage pour: Propriétaires de SERVICES_GENERAUX () - permission ignorée sur Drive ECHOLINE/08-Design/App ECHOLINE
[2026-06-08 15:31:29] [WARN] Pas de mappage pour: SERVICES_GENERAUX - Visiteurs () - permission ignorée sur Drive ECHOLINE/08-Design/App ECHOLINE
[2026-06-08 15:31:29] [WARN] Impossible de résoudre 'test' dans le tenant destination - permission ignorée
[2026-06-08 15:31:29] [INFO] Traitement: /Drive ECHOLINE/08-Design/ZZ-Archives/ (6 permission(s))
[2026-06-08 15:31:29] [INFO] === COPIE REELLE: Drive ECHOLINE/08-Design/ZZ-Archives ===
[2026-06-08 15:31:30] [SUCCESS] Dossier cree: Drive ECHOLINE/08-Design/ZZ-Archives
[2026-06-08 15:31:30] [SUCCESS] Permission appliquée: Equipe INFRA [write] -> Drive ECHOLINE/08-Design/ZZ-Archives
[2026-06-08 15:31:30] [SUCCESS] Permission appliquée: User 01 [write] -> Drive ECHOLINE/08-Design/ZZ-Archives
[2026-06-08 15:31:30] [WARN] Pas de mappage pour: SERVICES_GENERAUX - Membres () - permission ignorée sur Drive ECHOLINE/08-Design/ZZ-Archives
[2026-06-08 15:31:30] [WARN] Pas de mappage pour: SERVICES_GENERAUX - Visiteurs () - permission ignorée sur Drive ECHOLINE/08-Design/ZZ-Archives
[2026-06-08 15:31:30] [WARN] Pas de mappage pour: Propriétaires de SERVICES_GENERAUX () - permission ignorée sur Drive ECHOLINE/08-Design/ZZ-Archives
[2026-06-08 15:31:30] [WARN] Impossible de résoudre 'test' dans le tenant destination - permission ignorée
[2026-06-08 15:31:30] [INFO] Traitement: /Drive ECHOLINE/09-QSE/ (6 permission(s))
[2026-06-08 15:31:30] [INFO] === COPIE REELLE: Drive ECHOLINE/09-QSE ===
[2026-06-08 15:31:31] [SUCCESS] Dossier cree: Drive ECHOLINE/09-QSE
[2026-06-08 15:31:32] [SUCCESS] Permission appliquée: User 01 [write] -> Drive ECHOLINE/09-QSE
[2026-06-08 15:31:32] [WARN] Pas de mappage pour: SERVICES_GENERAUX - Membres () - permission ignorée sur Drive ECHOLINE/09-QSE
[2026-06-08 15:31:32] [WARN] Pas de mappage pour: SERVICES_GENERAUX - Visiteurs () - permission ignorée sur Drive ECHOLINE/09-QSE
[2026-06-08 15:31:32] [WARN] Pas de mappage pour: Propriétaires de SERVICES_GENERAUX () - permission ignorée sur Drive ECHOLINE/09-QSE
[2026-06-08 15:31:32] [WARN] Impossible de résoudre 'test' dans le tenant destination - permission ignorée
[2026-06-08 15:31:32] [SUCCESS] Permission appliquée: Equipe INFRA [write] -> Drive ECHOLINE/09-QSE
[2026-06-08 15:31:32] [INFO] Traitement: /Drive ECHOLINE/09-QSE/A-Analyse environnementale/ (6 permission(s))
[2026-06-08 15:31:32] [INFO] === COPIE REELLE: Drive ECHOLINE/09-QSE/A-Analyse environnementale ===
[2026-06-08 15:31:33] [SUCCESS] Dossier cree: Drive ECHOLINE/09-QSE/A-Analyse environnementale
[2026-06-08 15:31:33] [WARN] Impossible de résoudre 'test' dans le tenant destination - permission ignorée
[2026-06-08 15:31:33] [SUCCESS] Permission appliquée: Equipe INFRA [write] -> Drive ECHOLINE/09-QSE/A-Analyse environnementale
[2026-06-08 15:31:34] [SUCCESS] Permission appliquée: User 01 [write] -> Drive ECHOLINE/09-QSE/A-Analyse environnementale
[2026-06-08 15:31:34] [WARN] Pas de mappage pour: SERVICES_GENERAUX - Membres () - permission ignorée sur Drive ECHOLINE/09-QSE/A-Analyse environnementale
[2026-06-08 15:31:34] [WARN] Pas de mappage pour: SERVICES_GENERAUX - Visiteurs () - permission ignorée sur Drive ECHOLINE/09-QSE/A-Analyse environnementale
[2026-06-08 15:31:34] [WARN] Pas de mappage pour: Propriétaires de SERVICES_GENERAUX () - permission ignorée sur Drive ECHOLINE/09-QSE/A-Analyse environnementale
[2026-06-08 15:31:34] [INFO] Traitement: /Drive ECHOLINE/09-QSE/B-Bilan carbone/ (6 permission(s))
[2026-06-08 15:31:34] [INFO] === COPIE REELLE: Drive ECHOLINE/09-QSE/B-Bilan carbone ===
[2026-06-08 15:31:35] [SUCCESS] Dossier cree: Drive ECHOLINE/09-QSE/B-Bilan carbone
[2026-06-08 15:31:35] [WARN] Pas de mappage pour: SERVICES_GENERAUX - Membres () - permission ignorée sur Drive ECHOLINE/09-QSE/B-Bilan carbone
[2026-06-08 15:31:35] [WARN] Pas de mappage pour: Propriétaires de SERVICES_GENERAUX () - permission ignorée sur Drive ECHOLINE/09-QSE/B-Bilan carbone
[2026-06-08 15:31:35] [SUCCESS] Permission appliquée: Equipe INFRA [write] -> Drive ECHOLINE/09-QSE/B-Bilan carbone
[2026-06-08 15:31:35] [WARN] Impossible de résoudre 'test' dans le tenant destination - permission ignorée
[2026-06-08 15:31:35] [WARN] Pas de mappage pour: SERVICES_GENERAUX - Visiteurs () - permission ignorée sur Drive ECHOLINE/09-QSE/B-Bilan carbone
[2026-06-08 15:31:36] [SUCCESS] Permission appliquée: User 01 [write] -> Drive ECHOLINE/09-QSE/B-Bilan carbone
[2026-06-08 15:31:36] [INFO] Traitement: /Drive ECHOLINE/09-QSE/C-Document unique/ (6 permission(s))
[2026-06-08 15:31:36] [INFO] === COPIE REELLE: Drive ECHOLINE/09-QSE/C-Document unique ===
[2026-06-08 15:31:36] [SUCCESS] Dossier cree: Drive ECHOLINE/09-QSE/C-Document unique
[2026-06-08 15:31:36] [WARN] Pas de mappage pour: Propriétaires de SERVICES_GENERAUX () - permission ignorée sur Drive ECHOLINE/09-QSE/C-Document unique
[2026-06-08 15:31:36] [WARN] Pas de mappage pour: SERVICES_GENERAUX - Visiteurs () - permission ignorée sur Drive ECHOLINE/09-QSE/C-Document unique
[2026-06-08 15:31:37] [WARN] Pas de mappage pour: SERVICES_GENERAUX - Membres () - permission ignorée sur Drive ECHOLINE/09-QSE/C-Document unique
[2026-06-08 15:31:37] [SUCCESS] Permission appliquée: User 01 [write] -> Drive ECHOLINE/09-QSE/C-Document unique
[2026-06-08 15:31:37] [SUCCESS] Permission appliquée: Equipe INFRA [write] -> Drive ECHOLINE/09-QSE/C-Document unique
[2026-06-08 15:31:37] [WARN] Impossible de résoudre 'test' dans le tenant destination - permission ignorée
[2026-06-08 15:31:37] [INFO] Traitement: /Drive ECHOLINE/09-QSE/ZZ-Archives/ (6 permission(s))
[2026-06-08 15:31:37] [INFO] === COPIE REELLE: Drive ECHOLINE/09-QSE/ZZ-Archives ===
[2026-06-08 15:31:38] [SUCCESS] Dossier cree: Drive ECHOLINE/09-QSE/ZZ-Archives
[2026-06-08 15:31:38] [WARN] Impossible de résoudre 'test' dans le tenant destination - permission ignorée
[2026-06-08 15:31:38] [WARN] Pas de mappage pour: SERVICES_GENERAUX - Visiteurs () - permission ignorée sur Drive ECHOLINE/09-QSE/ZZ-Archives
[2026-06-08 15:31:38] [SUCCESS] Permission appliquée: Equipe INFRA [write] -> Drive ECHOLINE/09-QSE/ZZ-Archives
[2026-06-08 15:31:38] [WARN] Pas de mappage pour: SERVICES_GENERAUX - Membres () - permission ignorée sur Drive ECHOLINE/09-QSE/ZZ-Archives
[2026-06-08 15:31:39] [SUCCESS] Permission appliquée: User 01 [write] -> Drive ECHOLINE/09-QSE/ZZ-Archives
[2026-06-08 15:31:39] [WARN] Pas de mappage pour: Propriétaires de SERVICES_GENERAUX () - permission ignorée sur Drive ECHOLINE/09-QSE/ZZ-Archives
[2026-06-08 15:31:39] [INFO] Traitement: /Drive ECHOLINE/10-Pilotage/ (6 permission(s))
[2026-06-08 15:31:39] [INFO] === COPIE REELLE: Drive ECHOLINE/10-Pilotage ===
[2026-06-08 15:31:39] [SUCCESS] Dossier cree: Drive ECHOLINE/10-Pilotage
[2026-06-08 15:31:40] [WARN] Impossible de résoudre 'test' dans le tenant destination - permission ignorée
[2026-06-08 15:31:40] [SUCCESS] Permission appliquée: Equipe INFRA [write] -> Drive ECHOLINE/10-Pilotage
[2026-06-08 15:31:40] [SUCCESS] Permission appliquée: User 01 [write] -> Drive ECHOLINE/10-Pilotage
[2026-06-08 15:31:40] [WARN] Pas de mappage pour: SERVICES_GENERAUX - Membres () - permission ignorée sur Drive ECHOLINE/10-Pilotage
[2026-06-08 15:31:40] [WARN] Pas de mappage pour: SERVICES_GENERAUX - Visiteurs () - permission ignorée sur Drive ECHOLINE/10-Pilotage
[2026-06-08 15:31:40] [WARN] Pas de mappage pour: Propriétaires de SERVICES_GENERAUX () - permission ignorée sur Drive ECHOLINE/10-Pilotage
[2026-06-08 15:31:40] [INFO] Traitement: /Drive ECHOLINE/10-Pilotage/ZZ-Archives/ (6 permission(s))
[2026-06-08 15:31:40] [INFO] === COPIE REELLE: Drive ECHOLINE/10-Pilotage/ZZ-Archives ===
[2026-06-08 15:31:41] [SUCCESS] Dossier cree: Drive ECHOLINE/10-Pilotage/ZZ-Archives
[2026-06-08 15:31:41] [WARN] Pas de mappage pour: SERVICES_GENERAUX - Visiteurs () - permission ignorée sur Drive ECHOLINE/10-Pilotage/ZZ-Archives
[2026-06-08 15:31:42] [WARN] Pas de mappage pour: Propriétaires de SERVICES_GENERAUX () - permission ignorée sur Drive ECHOLINE/10-Pilotage/ZZ-Archives
[2026-06-08 15:31:42] [WARN] Pas de mappage pour: SERVICES_GENERAUX - Membres () - permission ignorée sur Drive ECHOLINE/10-Pilotage/ZZ-Archives
[2026-06-08 15:31:42] [SUCCESS] Permission appliquée: User 01 [write] -> Drive ECHOLINE/10-Pilotage/ZZ-Archives
[2026-06-08 15:31:42] [SUCCESS] Permission appliquée: Equipe INFRA [write] -> Drive ECHOLINE/10-Pilotage/ZZ-Archives
[2026-06-08 15:31:42] [WARN] Impossible de résoudre 'test' dans le tenant destination - permission ignorée
[2026-06-08 15:31:42] [INFO] Traitement: /Drive ECHOLINE/11-Admin/ (6 permission(s))
[2026-06-08 15:31:42] [INFO] === COPIE REELLE: Drive ECHOLINE/11-Admin ===
[2026-06-08 15:31:43] [SUCCESS] Dossier cree: Drive ECHOLINE/11-Admin
[2026-06-08 15:31:43] [WARN] Impossible de résoudre 'test' dans le tenant destination - permission ignorée
[2026-06-08 15:31:43] [WARN] Pas de mappage pour: SERVICES_GENERAUX - Visiteurs () - permission ignorée sur Drive ECHOLINE/11-Admin
[2026-06-08 15:31:43] [WARN] Pas de mappage pour: SERVICES_GENERAUX - Membres () - permission ignorée sur Drive ECHOLINE/11-Admin
[2026-06-08 15:31:44] [SUCCESS] Permission appliquée: User 01 [write] -> Drive ECHOLINE/11-Admin
[2026-06-08 15:31:44] [SUCCESS] Permission appliquée: Equipe INFRA [write] -> Drive ECHOLINE/11-Admin
[2026-06-08 15:31:44] [WARN] Pas de mappage pour: Propriétaires de SERVICES_GENERAUX () - permission ignorée sur Drive ECHOLINE/11-Admin
[2026-06-08 15:31:44] [INFO] Traitement: /Drive ECHOLINE/11-Admin/Assurance/ (6 permission(s))
[2026-06-08 15:31:44] [INFO] === COPIE REELLE: Drive ECHOLINE/11-Admin/Assurance ===
[2026-06-08 15:31:45] [SUCCESS] Dossier cree: Drive ECHOLINE/11-Admin/Assurance
[2026-06-08 15:31:45] [WARN] Pas de mappage pour: Propriétaires de SERVICES_GENERAUX () - permission ignorée sur Drive ECHOLINE/11-Admin/Assurance
[2026-06-08 15:31:45] [WARN] Impossible de résoudre 'test' dans le tenant destination - permission ignorée
[2026-06-08 15:31:46] [SUCCESS] Permission appliquée: Equipe INFRA [write] -> Drive ECHOLINE/11-Admin/Assurance
[2026-06-08 15:31:47] [SUCCESS] Permission appliquée: User 01 [write] -> Drive ECHOLINE/11-Admin/Assurance
[2026-06-08 15:31:47] [WARN] Pas de mappage pour: SERVICES_GENERAUX - Membres () - permission ignorée sur Drive ECHOLINE/11-Admin/Assurance
[2026-06-08 15:31:47] [WARN] Pas de mappage pour: SERVICES_GENERAUX - Visiteurs () - permission ignorée sur Drive ECHOLINE/11-Admin/Assurance
[2026-06-08 15:31:47] [INFO] Traitement: /Drive ECHOLINE/11-Admin/Banque/ (6 permission(s))
[2026-06-08 15:31:47] [INFO] === COPIE REELLE: Drive ECHOLINE/11-Admin/Banque ===
[2026-06-08 15:31:47] [SUCCESS] Dossier cree: Drive ECHOLINE/11-Admin/Banque
[2026-06-08 15:31:48] [WARN] Pas de mappage pour: Propriétaires de SERVICES_GENERAUX () - permission ignorée sur Drive ECHOLINE/11-Admin/Banque
[2026-06-08 15:31:48] [WARN] Pas de mappage pour: SERVICES_GENERAUX - Membres () - permission ignorée sur Drive ECHOLINE/11-Admin/Banque
[2026-06-08 15:31:48] [SUCCESS] Permission appliquée: Equipe INFRA [write] -> Drive ECHOLINE/11-Admin/Banque
[2026-06-08 15:31:48] [WARN] Impossible de résoudre 'test' dans le tenant destination - permission ignorée
[2026-06-08 15:31:48] [WARN] Pas de mappage pour: SERVICES_GENERAUX - Visiteurs () - permission ignorée sur Drive ECHOLINE/11-Admin/Banque
[2026-06-08 15:31:48] [SUCCESS] Permission appliquée: User 01 [write] -> Drive ECHOLINE/11-Admin/Banque
[2026-06-08 15:31:48] [INFO] Traitement: /Drive ECHOLINE/11-Admin/Comptabilité/ (6 permission(s))
[2026-06-08 15:31:48] [INFO] === COPIE REELLE: Drive ECHOLINE/11-Admin/Comptabilité ===
[2026-06-08 15:31:49] [ERROR] Erreur copie: Le serveur distant a retourné une erreur : (400) Demande incorrecte.
[2026-06-08 15:31:49] [DEBUG] [404] Item pas encore disponible, retry 1/3 dans 2s: Drive ECHOLINE/11-Admin/Comptabilité
[2026-06-08 15:31:51] [DEBUG] [404] Item pas encore disponible, retry 2/3 dans 2s: Drive ECHOLINE/11-Admin/Comptabilité
[2026-06-08 15:31:54] [DEBUG] [404] Item pas encore disponible, retry 3/3 dans 2s: Drive ECHOLINE/11-Admin/Comptabilité
[2026-06-08 15:31:56] [WARN] Impossible de récupérer l'item destination pour les droits: Drive ECHOLINE/11-Admin/Comptabilité - Le serveur distant a retourné une erreur : (404) Introuvable.
[2026-06-08 15:31:56] [INFO] Traitement: /Drive ECHOLINE/11-Admin/Domiciliation/ (6 permission(s))
[2026-06-08 15:31:56] [INFO] === COPIE REELLE: Drive ECHOLINE/11-Admin/Domiciliation ===
[2026-06-08 15:31:57] [SUCCESS] Dossier cree: Drive ECHOLINE/11-Admin/Domiciliation
[2026-06-08 15:31:57] [SUCCESS] Permission appliquée: Equipe INFRA [write] -> Drive ECHOLINE/11-Admin/Domiciliation
[2026-06-08 15:31:57] [WARN] Pas de mappage pour: Propriétaires de SERVICES_GENERAUX () - permission ignorée sur Drive ECHOLINE/11-Admin/Domiciliation
[2026-06-08 15:31:57] [WARN] Pas de mappage pour: SERVICES_GENERAUX - Visiteurs () - permission ignorée sur Drive ECHOLINE/11-Admin/Domiciliation
[2026-06-08 15:31:57] [WARN] Pas de mappage pour: SERVICES_GENERAUX - Membres () - permission ignorée sur Drive ECHOLINE/11-Admin/Domiciliation
[2026-06-08 15:31:57] [SUCCESS] Permission appliquée: User 01 [write] -> Drive ECHOLINE/11-Admin/Domiciliation
[2026-06-08 15:31:57] [WARN] Impossible de résoudre 'test' dans le tenant destination - permission ignorée
[2026-06-08 15:31:57] [INFO] Traitement: /Drive ECHOLINE/11-Admin/Kbis et statuts/ (6 permission(s))
[2026-06-08 15:31:57] [INFO] === COPIE REELLE: Drive ECHOLINE/11-Admin/Kbis et statuts ===
[2026-06-08 15:31:58] [SUCCESS] Dossier cree: Drive ECHOLINE/11-Admin/Kbis et statuts
[2026-06-08 15:31:59] [WARN] Impossible de résoudre 'test' dans le tenant destination - permission ignorée
[2026-06-08 15:31:59] [WARN] Pas de mappage pour: Propriétaires de SERVICES_GENERAUX () - permission ignorée sur Drive ECHOLINE/11-Admin/Kbis et statuts
[2026-06-08 15:31:59] [SUCCESS] Permission appliquée: Equipe INFRA [write] -> Drive ECHOLINE/11-Admin/Kbis et statuts
[2026-06-08 15:31:59] [WARN] Pas de mappage pour: SERVICES_GENERAUX - Visiteurs () - permission ignorée sur Drive ECHOLINE/11-Admin/Kbis et statuts
[2026-06-08 15:31:59] [WARN] Pas de mappage pour: SERVICES_GENERAUX - Membres () - permission ignorée sur Drive ECHOLINE/11-Admin/Kbis et statuts
[2026-06-08 15:31:59] [SUCCESS] Permission appliquée: User 01 [write] -> Drive ECHOLINE/11-Admin/Kbis et statuts
[2026-06-08 15:31:59] [INFO] Traitement: /Drive ECHOLINE/11-Admin/Marque/ (6 permission(s))
[2026-06-08 15:31:59] [INFO] === COPIE REELLE: Drive ECHOLINE/11-Admin/Marque ===
[2026-06-08 15:32:00] [SUCCESS] Dossier cree: Drive ECHOLINE/11-Admin/Marque
[2026-06-08 15:32:00] [WARN] Impossible de résoudre 'test' dans le tenant destination - permission ignorée
[2026-06-08 15:32:00] [SUCCESS] Permission appliquée: Equipe INFRA [write] -> Drive ECHOLINE/11-Admin/Marque
[2026-06-08 15:32:01] [SUCCESS] Permission appliquée: User 01 [write] -> Drive ECHOLINE/11-Admin/Marque
[2026-06-08 15:32:01] [WARN] Pas de mappage pour: SERVICES_GENERAUX - Membres () - permission ignorée sur Drive ECHOLINE/11-Admin/Marque
[2026-06-08 15:32:01] [WARN] Pas de mappage pour: SERVICES_GENERAUX - Visiteurs () - permission ignorée sur Drive ECHOLINE/11-Admin/Marque
[2026-06-08 15:32:01] [WARN] Pas de mappage pour: Propriétaires de SERVICES_GENERAUX () - permission ignorée sur Drive ECHOLINE/11-Admin/Marque
[2026-06-08 15:32:01] [INFO] Traitement: /Drive ECHOLINE/11-Admin/RGPD/ (6 permission(s))
[2026-06-08 15:32:01] [INFO] === COPIE REELLE: Drive ECHOLINE/11-Admin/RGPD ===
[2026-06-08 15:32:01] [SUCCESS] Dossier cree: Drive ECHOLINE/11-Admin/RGPD
[2026-06-08 15:32:01] [WARN] Pas de mappage pour: SERVICES_GENERAUX - Visiteurs () - permission ignorée sur Drive ECHOLINE/11-Admin/RGPD
[2026-06-08 15:32:01] [WARN] Pas de mappage pour: Propriétaires de SERVICES_GENERAUX () - permission ignorée sur Drive ECHOLINE/11-Admin/RGPD
[2026-06-08 15:32:01] [WARN] Pas de mappage pour: SERVICES_GENERAUX - Membres () - permission ignorée sur Drive ECHOLINE/11-Admin/RGPD
[2026-06-08 15:32:02] [SUCCESS] Permission appliquée: User 01 [write] -> Drive ECHOLINE/11-Admin/RGPD
[2026-06-08 15:32:02] [SUCCESS] Permission appliquée: Equipe INFRA [write] -> Drive ECHOLINE/11-Admin/RGPD
[2026-06-08 15:32:02] [WARN] Impossible de résoudre 'test' dans le tenant destination - permission ignorée
[2026-06-08 15:32:02] [INFO] Traitement: /Drive ECHOLINE/11-Admin/Taxe d_apprentissage/ (6 permission(s))
[2026-06-08 15:32:02] [INFO] === COPIE REELLE: Drive ECHOLINE/11-Admin/Taxe d_apprentissage ===
[2026-06-08 15:32:03] [SUCCESS] Dossier cree: Drive ECHOLINE/11-Admin/Taxe d_apprentissage
[2026-06-08 15:32:03] [WARN] Impossible de résoudre 'test' dans le tenant destination - permission ignorée
[2026-06-08 15:32:03] [WARN] Pas de mappage pour: SERVICES_GENERAUX - Visiteurs () - permission ignorée sur Drive ECHOLINE/11-Admin/Taxe d_apprentissage
[2026-06-08 15:32:03] [WARN] Pas de mappage pour: SERVICES_GENERAUX - Membres () - permission ignorée sur Drive ECHOLINE/11-Admin/Taxe d_apprentissage
[2026-06-08 15:32:03] [SUCCESS] Permission appliquée: User 01 [write] -> Drive ECHOLINE/11-Admin/Taxe d_apprentissage
[2026-06-08 15:32:04] [SUCCESS] Permission appliquée: Equipe INFRA [write] -> Drive ECHOLINE/11-Admin/Taxe d_apprentissage
[2026-06-08 15:32:04] [WARN] Pas de mappage pour: Propriétaires de SERVICES_GENERAUX () - permission ignorée sur Drive ECHOLINE/11-Admin/Taxe d_apprentissage
[2026-06-08 15:32:04] [INFO] Traitement: /Drive ECHOLINE/12-HR/ (6 permission(s))
[2026-06-08 15:32:04] [INFO] === COPIE REELLE: Drive ECHOLINE/12-HR ===
[2026-06-08 15:32:04] [SUCCESS] Dossier cree: Drive ECHOLINE/12-HR
[2026-06-08 15:32:04] [WARN] Impossible de résoudre 'test' dans le tenant destination - permission ignorée
[2026-06-08 15:32:05] [SUCCESS] Permission appliquée: Equipe INFRA [write] -> Drive ECHOLINE/12-HR
[2026-06-08 15:32:05] [SUCCESS] Permission appliquée: User 01 [write] -> Drive ECHOLINE/12-HR
[2026-06-08 15:32:05] [WARN] Pas de mappage pour: SERVICES_GENERAUX - Membres () - permission ignorée sur Drive ECHOLINE/12-HR
[2026-06-08 15:32:05] [WARN] Pas de mappage pour: SERVICES_GENERAUX - Visiteurs () - permission ignorée sur Drive ECHOLINE/12-HR
[2026-06-08 15:32:05] [WARN] Pas de mappage pour: Propriétaires de SERVICES_GENERAUX () - permission ignorée sur Drive ECHOLINE/12-HR
[2026-06-08 15:32:05] [INFO] Traitement: /Drive ECHOLINE/12-HR/Cabinet de paie/ (6 permission(s))
[2026-06-08 15:32:05] [INFO] === COPIE REELLE: Drive ECHOLINE/12-HR/Cabinet de paie ===
[2026-06-08 15:32:06] [SUCCESS] Dossier cree: Drive ECHOLINE/12-HR/Cabinet de paie
[2026-06-08 15:32:06] [SUCCESS] Permission appliquée: Equipe INFRA [write] -> Drive ECHOLINE/12-HR/Cabinet de paie
[2026-06-08 15:32:07] [SUCCESS] Permission appliquée: User 01 [write] -> Drive ECHOLINE/12-HR/Cabinet de paie
[2026-06-08 15:32:07] [WARN] Pas de mappage pour: SERVICES_GENERAUX - Membres () - permission ignorée sur Drive ECHOLINE/12-HR/Cabinet de paie
[2026-06-08 15:32:07] [WARN] Pas de mappage pour: Propriétaires de SERVICES_GENERAUX () - permission ignorée sur Drive ECHOLINE/12-HR/Cabinet de paie
[2026-06-08 15:32:07] [WARN] Pas de mappage pour: SERVICES_GENERAUX - Visiteurs () - permission ignorée sur Drive ECHOLINE/12-HR/Cabinet de paie
[2026-06-08 15:32:07] [WARN] Impossible de résoudre 'test' dans le tenant destination - permission ignorée
[2026-06-08 15:32:07] [INFO] Traitement: /Drive ECHOLINE/12-HR/Cabinets de recrutement/ (6 permission(s))
[2026-06-08 15:32:07] [INFO] === COPIE REELLE: Drive ECHOLINE/12-HR/Cabinets de recrutement ===
[2026-06-08 15:32:08] [SUCCESS] Dossier cree: Drive ECHOLINE/12-HR/Cabinets de recrutement
[2026-06-08 15:32:08] [SUCCESS] Permission appliquée: Equipe INFRA [write] -> Drive ECHOLINE/12-HR/Cabinets de recrutement
[2026-06-08 15:32:09] [SUCCESS] Permission appliquée: User 01 [write] -> Drive ECHOLINE/12-HR/Cabinets de recrutement
[2026-06-08 15:32:09] [WARN] Pas de mappage pour: SERVICES_GENERAUX - Membres () - permission ignorée sur Drive ECHOLINE/12-HR/Cabinets de recrutement
[2026-06-08 15:32:09] [WARN] Pas de mappage pour: SERVICES_GENERAUX - Visiteurs () - permission ignorée sur Drive ECHOLINE/12-HR/Cabinets de recrutement
[2026-06-08 15:32:09] [WARN] Pas de mappage pour: Propriétaires de SERVICES_GENERAUX () - permission ignorée sur Drive ECHOLINE/12-HR/Cabinets de recrutement
[2026-06-08 15:32:09] [WARN] Impossible de résoudre 'test' dans le tenant destination - permission ignorée
[2026-06-08 15:32:09] [INFO] Traitement: /Drive ECHOLINE/12-HR/États mensuels/ (6 permission(s))
[2026-06-08 15:32:09] [INFO] === COPIE REELLE: Drive ECHOLINE/12-HR/États mensuels ===
[2026-06-08 15:32:10] [SUCCESS] Dossier cree: Drive ECHOLINE/12-HR/États mensuels
[2026-06-08 15:32:10] [DEBUG] [404] Item pas encore disponible, retry 1/3 dans 2s: Drive ECHOLINE/12-HR/États mensuels
[2026-06-08 15:32:12] [DEBUG] [404] Item pas encore disponible, retry 2/3 dans 2s: Drive ECHOLINE/12-HR/États mensuels
[2026-06-08 15:32:14] [DEBUG] [404] Item pas encore disponible, retry 3/3 dans 2s: Drive ECHOLINE/12-HR/États mensuels
[2026-06-08 15:32:16] [WARN] Impossible de récupérer l'item destination pour les droits: Drive ECHOLINE/12-HR/États mensuels - Le serveur distant a retourné une erreur : (404) Introuvable.
[2026-06-08 15:32:17] [INFO] Traitement: /Drive ECHOLINE/12-HR/Gestion des congés/ (6 permission(s))
[2026-06-08 15:32:17] [INFO] === COPIE REELLE: Drive ECHOLINE/12-HR/Gestion des congés ===
[2026-06-08 15:32:18] [ERROR] Erreur copie: Le serveur distant a retourné une erreur : (400) Demande incorrecte.
[2026-06-08 15:32:18] [DEBUG] [404] Item pas encore disponible, retry 1/3 dans 2s: Drive ECHOLINE/12-HR/Gestion des congés
[2026-06-08 15:32:21] [DEBUG] [404] Item pas encore disponible, retry 2/3 dans 2s: Drive ECHOLINE/12-HR/Gestion des congés
[2026-06-08 15:32:23] [DEBUG] [404] Item pas encore disponible, retry 3/3 dans 2s: Drive ECHOLINE/12-HR/Gestion des congés
[2026-06-08 15:32:25] [WARN] Impossible de récupérer l'item destination pour les droits: Drive ECHOLINE/12-HR/Gestion des congés - Le serveur distant a retourné une erreur : (404) Introuvable.
[2026-06-08 15:32:25] [INFO] Traitement: /Drive ECHOLINE/12-HR/Modèles/ (6 permission(s))
[2026-06-08 15:32:25] [INFO] === COPIE REELLE: Drive ECHOLINE/12-HR/Modèles ===
[2026-06-08 15:32:26] [SUCCESS] Dossier cree: Drive ECHOLINE/12-HR/Modèles
[2026-06-08 15:32:26] [DEBUG] [404] Item pas encore disponible, retry 1/3 dans 2s: Drive ECHOLINE/12-HR/Modèles
[2026-06-08 15:32:28] [DEBUG] [404] Item pas encore disponible, retry 2/3 dans 2s: Drive ECHOLINE/12-HR/Modèles
[2026-06-08 15:32:30] [DEBUG] [404] Item pas encore disponible, retry 3/3 dans 2s: Drive ECHOLINE/12-HR/Modèles
[2026-06-08 15:32:33] [WARN] Impossible de récupérer l'item destination pour les droits: Drive ECHOLINE/12-HR/Modèles - Le serveur distant a retourné une erreur : (404) Introuvable.
[2026-06-08 15:32:33] [INFO] Traitement: /Drive ECHOLINE/12-HR/Mutuelle/ (6 permission(s))
[2026-06-08 15:32:33] [INFO] === COPIE REELLE: Drive ECHOLINE/12-HR/Mutuelle ===
[2026-06-08 15:32:33] [SUCCESS] Dossier cree: Drive ECHOLINE/12-HR/Mutuelle
[2026-06-08 15:32:33] [WARN] Impossible de résoudre 'test' dans le tenant destination - permission ignorée
[2026-06-08 15:32:34] [SUCCESS] Permission appliquée: Equipe INFRA [write] -> Drive ECHOLINE/12-HR/Mutuelle
[2026-06-08 15:32:34] [SUCCESS] Permission appliquée: User 01 [write] -> Drive ECHOLINE/12-HR/Mutuelle
[2026-06-08 15:32:34] [WARN] Pas de mappage pour: SERVICES_GENERAUX - Membres () - permission ignorée sur Drive ECHOLINE/12-HR/Mutuelle
[2026-06-08 15:32:34] [WARN] Pas de mappage pour: SERVICES_GENERAUX - Visiteurs () - permission ignorée sur Drive ECHOLINE/12-HR/Mutuelle
[2026-06-08 15:32:34] [WARN] Pas de mappage pour: Propriétaires de SERVICES_GENERAUX () - permission ignorée sur Drive ECHOLINE/12-HR/Mutuelle
[2026-06-08 15:32:34] [INFO] Traitement: /Drive ECHOLINE/12-HR/OPCO/ (6 permission(s))
[2026-06-08 15:32:34] [INFO] === COPIE REELLE: Drive ECHOLINE/12-HR/OPCO ===
[2026-06-08 15:32:35] [SUCCESS] Dossier cree: Drive ECHOLINE/12-HR/OPCO
[2026-06-08 15:32:35] [WARN] Pas de mappage pour: SERVICES_GENERAUX - Visiteurs () - permission ignorée sur Drive ECHOLINE/12-HR/OPCO
[2026-06-08 15:32:35] [SUCCESS] Permission appliquée: User 01 [write] -> Drive ECHOLINE/12-HR/OPCO
[2026-06-08 15:32:36] [SUCCESS] Permission appliquée: Equipe INFRA [write] -> Drive ECHOLINE/12-HR/OPCO
[2026-06-08 15:32:36] [WARN] Impossible de résoudre 'test' dans le tenant destination - permission ignorée
[2026-06-08 15:32:36] [WARN] Pas de mappage pour: Propriétaires de SERVICES_GENERAUX () - permission ignorée sur Drive ECHOLINE/12-HR/OPCO
[2026-06-08 15:32:36] [WARN] Pas de mappage pour: SERVICES_GENERAUX - Membres () - permission ignorée sur Drive ECHOLINE/12-HR/OPCO
[2026-06-08 15:32:36] [INFO] Traitement: /Drive ECHOLINE/12-HR/Salariés/ (6 permission(s))
[2026-06-08 15:32:36] [INFO] === COPIE REELLE: Drive ECHOLINE/12-HR/Salariés ===
[2026-06-08 15:32:37] [SUCCESS] Dossier cree: Drive ECHOLINE/12-HR/Salariés
[2026-06-08 15:32:37] [DEBUG] [404] Item pas encore disponible, retry 1/3 dans 2s: Drive ECHOLINE/12-HR/Salariés
[2026-06-08 15:32:39] [DEBUG] [404] Item pas encore disponible, retry 2/3 dans 2s: Drive ECHOLINE/12-HR/Salariés
[2026-06-08 15:32:41] [DEBUG] [404] Item pas encore disponible, retry 3/3 dans 2s: Drive ECHOLINE/12-HR/Salariés
[2026-06-08 15:32:43] [WARN] Impossible de récupérer l'item destination pour les droits: Drive ECHOLINE/12-HR/Salariés - Le serveur distant a retourné une erreur : (404) Introuvable.
[2026-06-08 15:32:43] [INFO] Traitement: /Drive ECHOLINE/12-HR/Test technique/ (6 permission(s))
[2026-06-08 15:32:43] [INFO] === COPIE REELLE: Drive ECHOLINE/12-HR/Test technique ===
[2026-06-08 15:32:44] [SUCCESS] Dossier cree: Drive ECHOLINE/12-HR/Test technique
[2026-06-08 15:32:44] [WARN] Pas de mappage pour: Propriétaires de SERVICES_GENERAUX () - permission ignorée sur Drive ECHOLINE/12-HR/Test technique
[2026-06-08 15:32:44] [WARN] Pas de mappage pour: SERVICES_GENERAUX - Visiteurs () - permission ignorée sur Drive ECHOLINE/12-HR/Test technique
[2026-06-08 15:32:45] [SUCCESS] Permission appliquée: Equipe INFRA [write] -> Drive ECHOLINE/12-HR/Test technique
[2026-06-08 15:32:45] [WARN] Pas de mappage pour: SERVICES_GENERAUX - Membres () - permission ignorée sur Drive ECHOLINE/12-HR/Test technique
[2026-06-08 15:32:45] [SUCCESS] Permission appliquée: User 01 [write] -> Drive ECHOLINE/12-HR/Test technique
[2026-06-08 15:32:45] [WARN] Impossible de résoudre 'test' dans le tenant destination - permission ignorée
[2026-06-08 15:32:45] [INFO] Traitement: /Drive ECHOLINE/12-HR/URSSAF/ (6 permission(s))
[2026-06-08 15:32:45] [INFO] === COPIE REELLE: Drive ECHOLINE/12-HR/URSSAF ===
[2026-06-08 15:32:46] [SUCCESS] Dossier cree: Drive ECHOLINE/12-HR/URSSAF
[2026-06-08 15:32:46] [WARN] Impossible de résoudre 'test' dans le tenant destination - permission ignorée
[2026-06-08 15:32:46] [SUCCESS] Permission appliquée: Equipe INFRA [write] -> Drive ECHOLINE/12-HR/URSSAF
[2026-06-08 15:32:46] [SUCCESS] Permission appliquée: User 01 [write] -> Drive ECHOLINE/12-HR/URSSAF
[2026-06-08 15:32:47] [WARN] Pas de mappage pour: SERVICES_GENERAUX - Membres () - permission ignorée sur Drive ECHOLINE/12-HR/URSSAF
[2026-06-08 15:32:47] [WARN] Pas de mappage pour: SERVICES_GENERAUX - Visiteurs () - permission ignorée sur Drive ECHOLINE/12-HR/URSSAF
[2026-06-08 15:32:47] [WARN] Pas de mappage pour: Propriétaires de SERVICES_GENERAUX () - permission ignorée sur Drive ECHOLINE/12-HR/URSSAF
[2026-06-08 15:32:47] [INFO] Traitement: /Drive ECHOLINE/13-Karnov Group/ (6 permission(s))
[2026-06-08 15:32:47] [INFO] === COPIE REELLE: Drive ECHOLINE/13-Karnov Group ===
[2026-06-08 15:32:47] [SUCCESS] Dossier cree: Drive ECHOLINE/13-Karnov Group
[2026-06-08 15:32:47] [WARN] Pas de mappage pour: Propriétaires de SERVICES_GENERAUX () - permission ignorée sur Drive ECHOLINE/13-Karnov Group
[2026-06-08 15:32:47] [WARN] Pas de mappage pour: SERVICES_GENERAUX - Visiteurs () - permission ignorée sur Drive ECHOLINE/13-Karnov Group
[2026-06-08 15:32:47] [WARN] Pas de mappage pour: SERVICES_GENERAUX - Membres () - permission ignorée sur Drive ECHOLINE/13-Karnov Group
[2026-06-08 15:32:48] [SUCCESS] Permission appliquée: User 01 [write] -> Drive ECHOLINE/13-Karnov Group
[2026-06-08 15:32:48] [SUCCESS] Permission appliquée: Equipe INFRA [write] -> Drive ECHOLINE/13-Karnov Group
[2026-06-08 15:32:48] [WARN] Impossible de résoudre 'test' dans le tenant destination - permission ignorée
[2026-06-08 15:32:48] [INFO] Traitement: /Drive ECHOLINE/13-Karnov Group/ComplyLaw-Evidencia/ (6 permission(s))
[2026-06-08 15:32:48] [INFO] === COPIE REELLE: Drive ECHOLINE/13-Karnov Group/ComplyLaw-Evidencia ===
[2026-06-08 15:32:49] [SUCCESS] Dossier cree: Drive ECHOLINE/13-Karnov Group/ComplyLaw-Evidencia
[2026-06-08 15:32:49] [WARN] Impossible de résoudre 'test' dans le tenant destination - permission ignorée
[2026-06-08 15:32:49] [WARN] Pas de mappage pour: SERVICES_GENERAUX - Visiteurs () - permission ignorée sur Drive ECHOLINE/13-Karnov Group/ComplyLaw-Evidencia
[2026-06-08 15:32:49] [WARN] Pas de mappage pour: SERVICES_GENERAUX - Membres () - permission ignorée sur Drive ECHOLINE/13-Karnov Group/ComplyLaw-Evidencia
[2026-06-08 15:32:49] [SUCCESS] Permission appliquée: User 01 [write] -> Drive ECHOLINE/13-Karnov Group/ComplyLaw-Evidencia
[2026-06-08 15:32:50] [SUCCESS] Permission appliquée: Equipe INFRA [write] -> Drive ECHOLINE/13-Karnov Group/ComplyLaw-Evidencia
[2026-06-08 15:32:50] [WARN] Pas de mappage pour: Propriétaires de SERVICES_GENERAUX () - permission ignorée sur Drive ECHOLINE/13-Karnov Group/ComplyLaw-Evidencia
[2026-06-08 15:32:50] [INFO] Traitement: /Drive ECHOLINE/14-Strategic Partners/ (6 permission(s))
[2026-06-08 15:32:50] [INFO] === COPIE REELLE: Drive ECHOLINE/14-Strategic Partners ===
[2026-06-08 15:32:50] [SUCCESS] Dossier cree: Drive ECHOLINE/14-Strategic Partners
[2026-06-08 15:32:50] [WARN] Pas de mappage pour: Propriétaires de SERVICES_GENERAUX () - permission ignorée sur Drive ECHOLINE/14-Strategic Partners
[2026-06-08 15:32:50] [WARN] Impossible de résoudre 'test' dans le tenant destination - permission ignorée
[2026-06-08 15:32:51] [SUCCESS] Permission appliquée: Equipe INFRA [write] -> Drive ECHOLINE/14-Strategic Partners
[2026-06-08 15:32:51] [SUCCESS] Permission appliquée: User 01 [write] -> Drive ECHOLINE/14-Strategic Partners
[2026-06-08 15:32:51] [WARN] Pas de mappage pour: SERVICES_GENERAUX - Membres () - permission ignorée sur Drive ECHOLINE/14-Strategic Partners
[2026-06-08 15:32:51] [WARN] Pas de mappage pour: SERVICES_GENERAUX - Visiteurs () - permission ignorée sur Drive ECHOLINE/14-Strategic Partners
[2026-06-08 15:32:51] [INFO] Traitement: /Drive ECHOLINE/14-Strategic Partners/HSE Works (Polish partners)/ (6 permission(s))
[2026-06-08 15:32:51] [INFO] === COPIE REELLE: Drive ECHOLINE/14-Strategic Partners/HSE Works (Polish partners) ===
[2026-06-08 15:32:52] [SUCCESS] Dossier cree: Drive ECHOLINE/14-Strategic Partners/HSE Works (Polish partners)
[2026-06-08 15:32:52] [WARN] Pas de mappage pour: Propriétaires de SERVICES_GENERAUX () - permission ignorée sur Drive ECHOLINE/14-Strategic Partners/HSE Works (Polish partners)
[2026-06-08 15:32:52] [WARN] Pas de mappage pour: SERVICES_GENERAUX - Membres () - permission ignorée sur Drive ECHOLINE/14-Strategic Partners/HSE Works (Polish partners)
[2026-06-08 15:32:52] [SUCCESS] Permission appliquée: Equipe INFRA [write] -> Drive ECHOLINE/14-Strategic Partners/HSE Works (Polish partners)
[2026-06-08 15:32:52] [WARN] Impossible de résoudre 'test' dans le tenant destination - permission ignorée
[2026-06-08 15:32:52] [WARN] Pas de mappage pour: SERVICES_GENERAUX - Visiteurs () - permission ignorée sur Drive ECHOLINE/14-Strategic Partners/HSE Works (Polish partners)
[2026-06-08 15:32:52] [SUCCESS] Permission appliquée: User 01 [write] -> Drive ECHOLINE/14-Strategic Partners/HSE Works (Polish partners)
[2026-06-08 15:32:52] [INFO] Traitement: /Drive ECHOLINE/PB drive/ (6 permission(s))
[2026-06-08 15:32:52] [INFO] === COPIE REELLE: Drive ECHOLINE/PB drive ===
[2026-06-08 15:32:53] [SUCCESS] Dossier cree: Drive ECHOLINE/PB drive
[2026-06-08 15:32:53] [WARN] Impossible de résoudre 'test' dans le tenant destination - permission ignorée
[2026-06-08 15:32:53] [SUCCESS] Permission appliquée: Equipe INFRA [write] -> Drive ECHOLINE/PB drive
[2026-06-08 15:32:54] [SUCCESS] Permission appliquée: User 01 [write] -> Drive ECHOLINE/PB drive
[2026-06-08 15:32:54] [WARN] Pas de mappage pour: SERVICES_GENERAUX - Membres () - permission ignorée sur Drive ECHOLINE/PB drive
[2026-06-08 15:32:54] [WARN] Pas de mappage pour: SERVICES_GENERAUX - Visiteurs () - permission ignorée sur Drive ECHOLINE/PB drive
[2026-06-08 15:32:54] [WARN] Pas de mappage pour: Propriétaires de SERVICES_GENERAUX () - permission ignorée sur Drive ECHOLINE/PB drive
[2026-06-08 15:32:54] [INFO] Traitement: /Drive ECHOLINE/PB drive/00 - Archives/ (6 permission(s))
[2026-06-08 15:32:54] [INFO] === COPIE REELLE: Drive ECHOLINE/PB drive/00 - Archives ===
[2026-06-08 15:32:55] [SUCCESS] Dossier cree: Drive ECHOLINE/PB drive/00 - Archives
[2026-06-08 15:32:55] [SUCCESS] Permission appliquée: Equipe INFRA [write] -> Drive ECHOLINE/PB drive/00 - Archives
[2026-06-08 15:32:55] [WARN] Pas de mappage pour: Propriétaires de SERVICES_GENERAUX () - permission ignorée sur Drive ECHOLINE/PB drive/00 - Archives
[2026-06-08 15:32:55] [WARN] Pas de mappage pour: SERVICES_GENERAUX - Visiteurs () - permission ignorée sur Drive ECHOLINE/PB drive/00 - Archives
[2026-06-08 15:32:55] [WARN] Pas de mappage pour: SERVICES_GENERAUX - Membres () - permission ignorée sur Drive ECHOLINE/PB drive/00 - Archives
[2026-06-08 15:32:55] [SUCCESS] Permission appliquée: User 01 [write] -> Drive ECHOLINE/PB drive/00 - Archives
[2026-06-08 15:32:55] [WARN] Impossible de résoudre 'test' dans le tenant destination - permission ignorée
[2026-06-08 15:32:55] [INFO] Traitement: /Drive ECHOLINE/PB drive/01 - Contrats/ (6 permission(s))
[2026-06-08 15:32:56] [INFO] === COPIE REELLE: Drive ECHOLINE/PB drive/01 - Contrats ===
[2026-06-08 15:32:56] [SUCCESS] Dossier cree: Drive ECHOLINE/PB drive/01 - Contrats
[2026-06-08 15:32:56] [WARN] Impossible de résoudre 'test' dans le tenant destination - permission ignorée
[2026-06-08 15:32:56] [WARN] Pas de mappage pour: Propriétaires de SERVICES_GENERAUX () - permission ignorée sur Drive ECHOLINE/PB drive/01 - Contrats
[2026-06-08 15:32:57] [SUCCESS] Permission appliquée: Equipe INFRA [write] -> Drive ECHOLINE/PB drive/01 - Contrats
[2026-06-08 15:32:57] [WARN] Pas de mappage pour: SERVICES_GENERAUX - Visiteurs () - permission ignorée sur Drive ECHOLINE/PB drive/01 - Contrats
[2026-06-08 15:32:57] [WARN] Pas de mappage pour: SERVICES_GENERAUX - Membres () - permission ignorée sur Drive ECHOLINE/PB drive/01 - Contrats
[2026-06-08 15:32:57] [SUCCESS] Permission appliquée: User 01 [write] -> Drive ECHOLINE/PB drive/01 - Contrats
[2026-06-08 15:32:57] [INFO] Traitement: /Drive ECHOLINE/PB drive/01-Contrats & devis/ (6 permission(s))
[2026-06-08 15:32:57] [INFO] === COPIE REELLE: Drive ECHOLINE/PB drive/01-Contrats & devis ===
[2026-06-08 15:32:57] [SUCCESS] Dossier cree: Drive ECHOLINE/PB drive/01-Contrats & devis
[2026-06-08 15:32:58] [WARN] Impossible de résoudre 'test' dans le tenant destination - permission ignorée
[2026-06-08 15:32:58] [SUCCESS] Permission appliquée: Equipe INFRA [write] -> Drive ECHOLINE/PB drive/01-Contrats & devis
[2026-06-08 15:32:58] [SUCCESS] Permission appliquée: User 01 [write] -> Drive ECHOLINE/PB drive/01-Contrats & devis
[2026-06-08 15:32:58] [WARN] Pas de mappage pour: SERVICES_GENERAUX - Membres () - permission ignorée sur Drive ECHOLINE/PB drive/01-Contrats & devis
[2026-06-08 15:32:58] [WARN] Pas de mappage pour: SERVICES_GENERAUX - Visiteurs () - permission ignorée sur Drive ECHOLINE/PB drive/01-Contrats & devis
[2026-06-08 15:32:58] [WARN] Pas de mappage pour: Propriétaires de SERVICES_GENERAUX () - permission ignorée sur Drive ECHOLINE/PB drive/01-Contrats & devis
[2026-06-08 15:32:58] [INFO] Traitement: /Drive ECHOLINE/PB drive/02 - Procédures et modèles/ (6 permission(s))
[2026-06-08 15:32:58] [INFO] === COPIE REELLE: Drive ECHOLINE/PB drive/02 - Procédures et modèles ===
[2026-06-08 15:32:59] [ERROR] Erreur copie: Le serveur distant a retourné une erreur : (400) Demande incorrecte.
[2026-06-08 15:32:59] [DEBUG] [404] Item pas encore disponible, retry 1/3 dans 2s: Drive ECHOLINE/PB drive/02 - Procédures et modèles
[2026-06-08 15:33:01] [DEBUG] [404] Item pas encore disponible, retry 2/3 dans 2s: Drive ECHOLINE/PB drive/02 - Procédures et modèles
[2026-06-08 15:33:03] [DEBUG] [404] Item pas encore disponible, retry 3/3 dans 2s: Drive ECHOLINE/PB drive/02 - Procédures et modèles
[2026-06-08 15:33:05] [WARN] Impossible de récupérer l'item destination pour les droits: Drive ECHOLINE/PB drive/02 - Procédures et modèles - Le serveur distant a retourné une erreur : (404) Introuvable.
[2026-06-08 15:33:05] [INFO] Traitement: /Drive ECHOLINE/PB drive/03 - Doc. opérationnelle - Veille/ (6 permission(s))
[2026-06-08 15:33:05] [INFO] === COPIE REELLE: Drive ECHOLINE/PB drive/03 - Doc. opérationnelle - Veille ===
[2026-06-08 15:33:06] [SUCCESS] Dossier cree: Drive ECHOLINE/PB drive/03 - Doc. opérationnelle - Veille
[2026-06-08 15:33:07] [DEBUG] [404] Item pas encore disponible, retry 1/3 dans 2s: Drive ECHOLINE/PB drive/03 - Doc. opérationnelle - Veille
[2026-06-08 15:33:09] [DEBUG] [404] Item pas encore disponible, retry 2/3 dans 2s: Drive ECHOLINE/PB drive/03 - Doc. opérationnelle - Veille
[2026-06-08 15:33:11] [DEBUG] [404] Item pas encore disponible, retry 3/3 dans 2s: Drive ECHOLINE/PB drive/03 - Doc. opérationnelle - Veille
[2026-06-08 15:33:13] [WARN] Impossible de récupérer l'item destination pour les droits: Drive ECHOLINE/PB drive/03 - Doc. opérationnelle - Veille - Le serveur distant a retourné une erreur : (404) Introuvable.
[2026-06-08 15:33:13] [INFO] Traitement: /Drive ECHOLINE/PB drive/04 - Administratif/ (6 permission(s))
[2026-06-08 15:33:13] [INFO] === COPIE REELLE: Drive ECHOLINE/PB drive/04 - Administratif ===
[2026-06-08 15:33:14] [SUCCESS] Dossier cree: Drive ECHOLINE/PB drive/04 - Administratif
[2026-06-08 15:33:14] [WARN] Impossible de résoudre 'test' dans le tenant destination - permission ignorée
[2026-06-08 15:33:14] [SUCCESS] Permission appliquée: Equipe INFRA [write] -> Drive ECHOLINE/PB drive/04 - Administratif
[2026-06-08 15:33:15] [SUCCESS] Permission appliquée: User 01 [write] -> Drive ECHOLINE/PB drive/04 - Administratif
[2026-06-08 15:33:15] [WARN] Pas de mappage pour: SERVICES_GENERAUX - Membres () - permission ignorée sur Drive ECHOLINE/PB drive/04 - Administratif
[2026-06-08 15:33:15] [WARN] Pas de mappage pour: SERVICES_GENERAUX - Visiteurs () - permission ignorée sur Drive ECHOLINE/PB drive/04 - Administratif
[2026-06-08 15:33:15] [WARN] Pas de mappage pour: Propriétaires de SERVICES_GENERAUX () - permission ignorée sur Drive ECHOLINE/PB drive/04 - Administratif
[2026-06-08 15:33:15] [INFO] Traitement: /Drive ECHOLINE/PB drive/06-Check-List contrôle/ (6 permission(s))
[2026-06-08 15:33:15] [INFO] === COPIE REELLE: Drive ECHOLINE/PB drive/06-Check-List contrôle ===
[2026-06-08 15:33:16] [SUCCESS] Dossier cree: Drive ECHOLINE/PB drive/06-Check-List contrôle
[2026-06-08 15:33:16] [DEBUG] [404] Item pas encore disponible, retry 1/3 dans 2s: Drive ECHOLINE/PB drive/06-Check-List contrôle
[2026-06-08 15:33:18] [DEBUG] [404] Item pas encore disponible, retry 2/3 dans 2s: Drive ECHOLINE/PB drive/06-Check-List contrôle
[2026-06-08 15:33:20] [DEBUG] [404] Item pas encore disponible, retry 3/3 dans 2s: Drive ECHOLINE/PB drive/06-Check-List contrôle
[2026-06-08 15:33:23] [WARN] Impossible de récupérer l'item destination pour les droits: Drive ECHOLINE/PB drive/06-Check-List contrôle - Le serveur distant a retourné une erreur : (404) Introuvable.
[2026-06-08 15:33:23] [INFO] Traitement: /Drive ECHOLINE/PB drive/1- Tableaux de veille/ (6 permission(s))
[2026-06-08 15:33:23] [INFO] === COPIE REELLE: Drive ECHOLINE/PB drive/1- Tableaux de veille ===
[2026-06-08 15:33:23] [SUCCESS] Dossier cree: Drive ECHOLINE/PB drive/1- Tableaux de veille
[2026-06-08 15:33:23] [WARN] Impossible de résoudre 'test' dans le tenant destination - permission ignorée
[2026-06-08 15:33:24] [SUCCESS] Permission appliquée: Equipe INFRA [write] -> Drive ECHOLINE/PB drive/1- Tableaux de veille
[2026-06-08 15:33:24] [SUCCESS] Permission appliquée: User 01 [write] -> Drive ECHOLINE/PB drive/1- Tableaux de veille
[2026-06-08 15:33:24] [WARN] Pas de mappage pour: SERVICES_GENERAUX - Membres () - permission ignorée sur Drive ECHOLINE/PB drive/1- Tableaux de veille
[2026-06-08 15:33:24] [WARN] Pas de mappage pour: SERVICES_GENERAUX - Visiteurs () - permission ignorée sur Drive ECHOLINE/PB drive/1- Tableaux de veille
[2026-06-08 15:33:24] [WARN] Pas de mappage pour: Propriétaires de SERVICES_GENERAUX () - permission ignorée sur Drive ECHOLINE/PB drive/1- Tableaux de veille
[2026-06-08 15:33:24] [INFO] Traitement: /Drive ECHOLINE/PB drive/3 - Archives Lettre d'information/ (6 permission(s))
[2026-06-08 15:33:24] [INFO] === COPIE REELLE: Drive ECHOLINE/PB drive/3 - Archives Lettre d'information ===
[2026-06-08 15:33:25] [SUCCESS] Dossier cree: Drive ECHOLINE/PB drive/3 - Archives Lettre d'information
[2026-06-08 15:33:25] [WARN] Pas de mappage pour: SERVICES_GENERAUX - Visiteurs () - permission ignorée sur Drive ECHOLINE/PB drive/3 - Archives Lettre d'information
[2026-06-08 15:33:25] [WARN] Pas de mappage pour: Propriétaires de SERVICES_GENERAUX () - permission ignorée sur Drive ECHOLINE/PB drive/3 - Archives Lettre d'information
[2026-06-08 15:33:25] [SUCCESS] Permission appliquée: User 01 [write] -> Drive ECHOLINE/PB drive/3 - Archives Lettre d'information
[2026-06-08 15:33:25] [WARN] Impossible de résoudre 'test' dans le tenant destination - permission ignorée
[2026-06-08 15:33:25] [SUCCESS] Permission appliquée: Equipe INFRA [write] -> Drive ECHOLINE/PB drive/3 - Archives Lettre d'information
[2026-06-08 15:33:26] [WARN] Pas de mappage pour: SERVICES_GENERAUX - Membres () - permission ignorée sur Drive ECHOLINE/PB drive/3 - Archives Lettre d'information
[2026-06-08 15:33:26] [INFO] Traitement: /Drive ECHOLINE/PB drive/4- Documentation juridique/ (6 permission(s))
[2026-06-08 15:33:26] [INFO] === COPIE REELLE: Drive ECHOLINE/PB drive/4- Documentation juridique ===
[2026-06-08 15:33:26] [SUCCESS] Dossier cree: Drive ECHOLINE/PB drive/4- Documentation juridique
[2026-06-08 15:33:27] [SUCCESS] Permission appliquée: Equipe INFRA [write] -> Drive ECHOLINE/PB drive/4- Documentation juridique
[2026-06-08 15:33:27] [SUCCESS] Permission appliquée: User 01 [write] -> Drive ECHOLINE/PB drive/4- Documentation juridique
[2026-06-08 15:33:27] [WARN] Pas de mappage pour: SERVICES_GENERAUX - Membres () - permission ignorée sur Drive ECHOLINE/PB drive/4- Documentation juridique
[2026-06-08 15:33:27] [WARN] Pas de mappage pour: SERVICES_GENERAUX - Visiteurs () - permission ignorée sur Drive ECHOLINE/PB drive/4- Documentation juridique
[2026-06-08 15:33:27] [WARN] Pas de mappage pour: Propriétaires de SERVICES_GENERAUX () - permission ignorée sur Drive ECHOLINE/PB drive/4- Documentation juridique
[2026-06-08 15:33:27] [WARN] Impossible de résoudre 'test' dans le tenant destination - permission ignorée
[2026-06-08 15:33:27] [INFO] Traitement: /Drive ECHOLINE/PB drive/5- Manuel utilisateurs/ (6 permission(s))
[2026-06-08 15:33:27] [INFO] === COPIE REELLE: Drive ECHOLINE/PB drive/5- Manuel utilisateurs ===
[2026-06-08 15:33:28] [SUCCESS] Dossier cree: Drive ECHOLINE/PB drive/5- Manuel utilisateurs
[2026-06-08 15:33:28] [SUCCESS] Permission appliquée: User 01 [write] -> Drive ECHOLINE/PB drive/5- Manuel utilisateurs
[2026-06-08 15:33:28] [WARN] Pas de mappage pour: Propriétaires de SERVICES_GENERAUX () - permission ignorée sur Drive ECHOLINE/PB drive/5- Manuel utilisateurs
[2026-06-08 15:33:28] [WARN] Pas de mappage pour: SERVICES_GENERAUX - Visiteurs () - permission ignorée sur Drive ECHOLINE/PB drive/5- Manuel utilisateurs
[2026-06-08 15:33:28] [WARN] Pas de mappage pour: SERVICES_GENERAUX - Membres () - permission ignorée sur Drive ECHOLINE/PB drive/5- Manuel utilisateurs
[2026-06-08 15:33:29] [SUCCESS] Permission appliquée: Equipe INFRA [write] -> Drive ECHOLINE/PB drive/5- Manuel utilisateurs
[2026-06-08 15:33:29] [WARN] Impossible de résoudre 'test' dans le tenant destination - permission ignorée
[2026-06-08 15:33:29] [INFO] Traitement: /Drive ECHOLINE/PB drive/6- Fiches thématiques/ (6 permission(s))
[2026-06-08 15:33:29] [INFO] === COPIE REELLE: Drive ECHOLINE/PB drive/6- Fiches thématiques ===
[2026-06-08 15:33:30] [SUCCESS] Dossier cree: Drive ECHOLINE/PB drive/6- Fiches thématiques
[2026-06-08 15:33:30] [DEBUG] [404] Item pas encore disponible, retry 1/3 dans 2s: Drive ECHOLINE/PB drive/6- Fiches thématiques
[2026-06-08 15:33:32] [DEBUG] [404] Item pas encore disponible, retry 2/3 dans 2s: Drive ECHOLINE/PB drive/6- Fiches thématiques
[2026-06-08 15:33:34] [DEBUG] [404] Item pas encore disponible, retry 3/3 dans 2s: Drive ECHOLINE/PB drive/6- Fiches thématiques
[2026-06-08 15:33:36] [WARN] Impossible de récupérer l'item destination pour les droits: Drive ECHOLINE/PB drive/6- Fiches thématiques - Le serveur distant a retourné une erreur : (404) Introuvable.
[2026-06-08 15:33:36] [INFO] Traitement: /Drive ECHOLINE/PB drive/ARCHIVES/ (6 permission(s))
[2026-06-08 15:33:36] [INFO] === COPIE REELLE: Drive ECHOLINE/PB drive/ARCHIVES ===
[2026-06-08 15:33:37] [SUCCESS] Dossier cree: Drive ECHOLINE/PB drive/ARCHIVES
[2026-06-08 15:33:37] [WARN] Impossible de résoudre 'test' dans le tenant destination - permission ignorée
[2026-06-08 15:33:38] [SUCCESS] Permission appliquée: Equipe INFRA [write] -> Drive ECHOLINE/PB drive/ARCHIVES
[2026-06-08 15:33:38] [SUCCESS] Permission appliquée: User 01 [write] -> Drive ECHOLINE/PB drive/ARCHIVES
[2026-06-08 15:33:38] [WARN] Pas de mappage pour: SERVICES_GENERAUX - Membres () - permission ignorée sur Drive ECHOLINE/PB drive/ARCHIVES
[2026-06-08 15:33:38] [WARN] Pas de mappage pour: SERVICES_GENERAUX - Visiteurs () - permission ignorée sur Drive ECHOLINE/PB drive/ARCHIVES
[2026-06-08 15:33:38] [WARN] Pas de mappage pour: Propriétaires de SERVICES_GENERAUX () - permission ignorée sur Drive ECHOLINE/PB drive/ARCHIVES
[2026-06-08 15:33:38] [INFO] Traitement: /Drive ECHOLINE/PB drive/ARTE/ (6 permission(s))
[2026-06-08 15:33:38] [INFO] === COPIE REELLE: Drive ECHOLINE/PB drive/ARTE ===
[2026-06-08 15:33:39] [SUCCESS] Dossier cree: Drive ECHOLINE/PB drive/ARTE
[2026-06-08 15:33:41] [SUCCESS] Permission appliquée: Equipe INFRA [write] -> Drive ECHOLINE/PB drive/ARTE
[2026-06-08 15:33:41] [WARN] Pas de mappage pour: Propriétaires de SERVICES_GENERAUX () - permission ignorée sur Drive ECHOLINE/PB drive/ARTE
[2026-06-08 15:33:41] [WARN] Pas de mappage pour: SERVICES_GENERAUX - Visiteurs () - permission ignorée sur Drive ECHOLINE/PB drive/ARTE
[2026-06-08 15:33:41] [WARN] Pas de mappage pour: SERVICES_GENERAUX - Membres () - permission ignorée sur Drive ECHOLINE/PB drive/ARTE
[2026-06-08 15:33:41] [SUCCESS] Permission appliquée: User 01 [write] -> Drive ECHOLINE/PB drive/ARTE
[2026-06-08 15:33:41] [WARN] Impossible de résoudre 'test' dans le tenant destination - permission ignorée
[2026-06-08 15:33:41] [INFO] Traitement: /Drive ECHOLINE/PB drive/BATISANTE SUD (AZURTECH)/ (6 permission(s))
[2026-06-08 15:33:41] [INFO] === COPIE REELLE: Drive ECHOLINE/PB drive/BATISANTE SUD (AZURTECH) ===
[2026-06-08 15:33:42] [SUCCESS] Dossier cree: Drive ECHOLINE/PB drive/BATISANTE SUD (AZURTECH)
[2026-06-08 15:33:42] [WARN] Impossible de résoudre 'test' dans le tenant destination - permission ignorée
[2026-06-08 15:33:42] [WARN] Pas de mappage pour: Propriétaires de SERVICES_GENERAUX () - permission ignorée sur Drive ECHOLINE/PB drive/BATISANTE SUD (AZURTECH)
[2026-06-08 15:33:42] [WARN] Pas de mappage pour: SERVICES_GENERAUX - Visiteurs () - permission ignorée sur Drive ECHOLINE/PB drive/BATISANTE SUD (AZURTECH)
[2026-06-08 15:33:42] [WARN] Pas de mappage pour: SERVICES_GENERAUX - Membres () - permission ignorée sur Drive ECHOLINE/PB drive/BATISANTE SUD (AZURTECH)
[2026-06-08 15:33:42] [SUCCESS] Permission appliquée: Equipe INFRA [write] -> Drive ECHOLINE/PB drive/BATISANTE SUD (AZURTECH)
[2026-06-08 15:33:43] [SUCCESS] Permission appliquée: User 01 [write] -> Drive ECHOLINE/PB drive/BATISANTE SUD (AZURTECH)
[2026-06-08 15:33:43] [INFO] Traitement: /Drive ECHOLINE/PB drive/BIOCOOP/ (6 permission(s))
[2026-06-08 15:33:43] [INFO] === COPIE REELLE: Drive ECHOLINE/PB drive/BIOCOOP ===
[2026-06-08 15:33:43] [SUCCESS] Dossier cree: Drive ECHOLINE/PB drive/BIOCOOP
[2026-06-08 15:33:44] [WARN] Pas de mappage pour: Propriétaires de SERVICES_GENERAUX () - permission ignorée sur Drive ECHOLINE/PB drive/BIOCOOP
[2026-06-08 15:33:44] [WARN] Impossible de résoudre 'test' dans le tenant destination - permission ignorée
[2026-06-08 15:33:44] [SUCCESS] Permission appliquée: Equipe INFRA [write] -> Drive ECHOLINE/PB drive/BIOCOOP
[2026-06-08 15:33:44] [SUCCESS] Permission appliquée: User 01 [write] -> Drive ECHOLINE/PB drive/BIOCOOP
[2026-06-08 15:33:44] [WARN] Pas de mappage pour: SERVICES_GENERAUX - Membres () - permission ignorée sur Drive ECHOLINE/PB drive/BIOCOOP
[2026-06-08 15:33:44] [WARN] Pas de mappage pour: SERVICES_GENERAUX - Visiteurs () - permission ignorée sur Drive ECHOLINE/PB drive/BIOCOOP
[2026-06-08 15:33:44] [INFO] Traitement: /Drive ECHOLINE/PB drive/Bioline - Livron sur Drôme/ (6 permission(s))
[2026-06-08 15:33:44] [INFO] === COPIE REELLE: Drive ECHOLINE/PB drive/Bioline - Livron sur Drôme ===
[2026-06-08 15:33:45] [SUCCESS] Dossier cree: Drive ECHOLINE/PB drive/Bioline - Livron sur Drôme
[2026-06-08 15:33:45] [DEBUG] [404] Item pas encore disponible, retry 1/3 dans 2s: Drive ECHOLINE/PB drive/Bioline - Livron sur Drôme
[2026-06-08 15:33:47] [DEBUG] [404] Item pas encore disponible, retry 2/3 dans 2s: Drive ECHOLINE/PB drive/Bioline - Livron sur Drôme
[2026-06-08 15:33:50] [DEBUG] [404] Item pas encore disponible, retry 3/3 dans 2s: Drive ECHOLINE/PB drive/Bioline - Livron sur Drôme
[2026-06-08 15:33:52] [WARN] Impossible de récupérer l'item destination pour les droits: Drive ECHOLINE/PB drive/Bioline - Livron sur Drôme - Le serveur distant a retourné une erreur : (404) Introuvable.
[2026-06-08 15:33:52] [INFO] Traitement: /Drive ECHOLINE/PB drive/CAE CONSEILS - SOFIDEL/ (6 permission(s))
[2026-06-08 15:33:52] [INFO] === COPIE REELLE: Drive ECHOLINE/PB drive/CAE CONSEILS - SOFIDEL ===
[2026-06-08 15:33:53] [SUCCESS] Dossier cree: Drive ECHOLINE/PB drive/CAE CONSEILS - SOFIDEL
[2026-06-08 15:33:53] [WARN] Impossible de résoudre 'test' dans le tenant destination - permission ignorée
[2026-06-08 15:33:53] [SUCCESS] Permission appliquée: Equipe INFRA [write] -> Drive ECHOLINE/PB drive/CAE CONSEILS - SOFIDEL
[2026-06-08 15:33:53] [SUCCESS] Permission appliquée: User 01 [write] -> Drive ECHOLINE/PB drive/CAE CONSEILS - SOFIDEL
[2026-06-08 15:33:54] [WARN] Pas de mappage pour: SERVICES_GENERAUX - Membres () - permission ignorée sur Drive ECHOLINE/PB drive/CAE CONSEILS - SOFIDEL
[2026-06-08 15:33:54] [WARN] Pas de mappage pour: SERVICES_GENERAUX - Visiteurs () - permission ignorée sur Drive ECHOLINE/PB drive/CAE CONSEILS - SOFIDEL
[2026-06-08 15:33:54] [WARN] Pas de mappage pour: Propriétaires de SERVICES_GENERAUX () - permission ignorée sur Drive ECHOLINE/PB drive/CAE CONSEILS - SOFIDEL
[2026-06-08 15:33:54] [INFO] Traitement: /Drive ECHOLINE/PB drive/CARTIER/ (6 permission(s))
[2026-06-08 15:33:54] [INFO] === COPIE REELLE: Drive ECHOLINE/PB drive/CARTIER ===
[2026-06-08 15:33:54] [SUCCESS] Dossier cree: Drive ECHOLINE/PB drive/CARTIER
[2026-06-08 15:33:55] [SUCCESS] Permission appliquée: Equipe INFRA [write] -> Drive ECHOLINE/PB drive/CARTIER
[2026-06-08 15:33:55] [WARN] Pas de mappage pour: Propriétaires de SERVICES_GENERAUX () - permission ignorée sur Drive ECHOLINE/PB drive/CARTIER
[2026-06-08 15:33:55] [WARN] Pas de mappage pour: SERVICES_GENERAUX - Visiteurs () - permission ignorée sur Drive ECHOLINE/PB drive/CARTIER
[2026-06-08 15:33:55] [WARN] Pas de mappage pour: SERVICES_GENERAUX - Membres () - permission ignorée sur Drive ECHOLINE/PB drive/CARTIER
[2026-06-08 15:33:55] [SUCCESS] Permission appliquée: User 01 [write] -> Drive ECHOLINE/PB drive/CARTIER
[2026-06-08 15:33:55] [WARN] Impossible de résoudre 'test' dans le tenant destination - permission ignorée
[2026-06-08 15:33:55] [INFO] Traitement: /Drive ECHOLINE/PB drive/CL/ (6 permission(s))
[2026-06-08 15:33:55] [INFO] === COPIE REELLE: Drive ECHOLINE/PB drive/CL ===
[2026-06-08 15:33:56] [SUCCESS] Dossier cree: Drive ECHOLINE/PB drive/CL
[2026-06-08 15:33:56] [WARN] Impossible de résoudre 'test' dans le tenant destination - permission ignorée
[2026-06-08 15:33:56] [WARN] Pas de mappage pour: Propriétaires de SERVICES_GENERAUX () - permission ignorée sur Drive ECHOLINE/PB drive/CL
[2026-06-08 15:33:56] [SUCCESS] Permission appliquée: Equipe INFRA [write] -> Drive ECHOLINE/PB drive/CL
[2026-06-08 15:33:56] [WARN] Pas de mappage pour: SERVICES_GENERAUX - Visiteurs () - permission ignorée sur Drive ECHOLINE/PB drive/CL
[2026-06-08 15:33:56] [WARN] Pas de mappage pour: SERVICES_GENERAUX - Membres () - permission ignorée sur Drive ECHOLINE/PB drive/CL
[2026-06-08 15:33:57] [SUCCESS] Permission appliquée: User 01 [write] -> Drive ECHOLINE/PB drive/CL
[2026-06-08 15:33:57] [INFO] Traitement: /Drive ECHOLINE/PB drive/CLAIREFONTAINE/ (6 permission(s))
[2026-06-08 15:33:57] [INFO] === COPIE REELLE: Drive ECHOLINE/PB drive/CLAIREFONTAINE ===
[2026-06-08 15:33:58] [SUCCESS] Dossier cree: Drive ECHOLINE/PB drive/CLAIREFONTAINE
[2026-06-08 15:33:58] [WARN] Impossible de résoudre 'test' dans le tenant destination - permission ignorée
[2026-06-08 15:33:58] [SUCCESS] Permission appliquée: Equipe INFRA [write] -> Drive ECHOLINE/PB drive/CLAIREFONTAINE
[2026-06-08 15:33:59] [SUCCESS] Permission appliquée: User 01 [write] -> Drive ECHOLINE/PB drive/CLAIREFONTAINE
[2026-06-08 15:33:59] [WARN] Pas de mappage pour: SERVICES_GENERAUX - Membres () - permission ignorée sur Drive ECHOLINE/PB drive/CLAIREFONTAINE
[2026-06-08 15:33:59] [WARN] Pas de mappage pour: SERVICES_GENERAUX - Visiteurs () - permission ignorée sur Drive ECHOLINE/PB drive/CLAIREFONTAINE
[2026-06-08 15:33:59] [WARN] Pas de mappage pour: Propriétaires de SERVICES_GENERAUX () - permission ignorée sur Drive ECHOLINE/PB drive/CLAIREFONTAINE
[2026-06-08 15:33:59] [INFO] Traitement: /Drive ECHOLINE/PB drive/Contrats purement RH/ (6 permission(s))
[2026-06-08 15:33:59] [INFO] === COPIE REELLE: Drive ECHOLINE/PB drive/Contrats purement RH ===
[2026-06-08 15:34:00] [SUCCESS] Dossier cree: Drive ECHOLINE/PB drive/Contrats purement RH
[2026-06-08 15:34:00] [WARN] Impossible de résoudre 'test' dans le tenant destination - permission ignorée
[2026-06-08 15:34:00] [SUCCESS] Permission appliquée: Equipe INFRA [write] -> Drive ECHOLINE/PB drive/Contrats purement RH
[2026-06-08 15:34:00] [SUCCESS] Permission appliquée: User 01 [write] -> Drive ECHOLINE/PB drive/Contrats purement RH
[2026-06-08 15:34:00] [WARN] Pas de mappage pour: SERVICES_GENERAUX - Membres () - permission ignorée sur Drive ECHOLINE/PB drive/Contrats purement RH
[2026-06-08 15:34:00] [WARN] Pas de mappage pour: SERVICES_GENERAUX - Visiteurs () - permission ignorée sur Drive ECHOLINE/PB drive/Contrats purement RH
[2026-06-08 15:34:00] [WARN] Pas de mappage pour: Propriétaires de SERVICES_GENERAUX () - permission ignorée sur Drive ECHOLINE/PB drive/Contrats purement RH
[2026-06-08 15:34:00] [INFO] Traitement: /Drive ECHOLINE/PB drive/CR point initial (1)/ (6 permission(s))
[2026-06-08 15:34:00] [INFO] === COPIE REELLE: Drive ECHOLINE/PB drive/CR point initial (1) ===
[2026-06-08 15:34:01] [SUCCESS] Dossier cree: Drive ECHOLINE/PB drive/CR point initial (1)
[2026-06-08 15:34:01] [WARN] Pas de mappage pour: Propriétaires de SERVICES_GENERAUX () - permission ignorée sur Drive ECHOLINE/PB drive/CR point initial (1)
[2026-06-08 15:34:01] [WARN] Pas de mappage pour: SERVICES_GENERAUX - Visiteurs () - permission ignorée sur Drive ECHOLINE/PB drive/CR point initial (1)
[2026-06-08 15:34:01] [WARN] Pas de mappage pour: SERVICES_GENERAUX - Membres () - permission ignorée sur Drive ECHOLINE/PB drive/CR point initial (1)
[2026-06-08 15:34:01] [SUCCESS] Permission appliquée: User 01 [write] -> Drive ECHOLINE/PB drive/CR point initial (1)
[2026-06-08 15:34:02] [SUCCESS] Permission appliquée: Equipe INFRA [write] -> Drive ECHOLINE/PB drive/CR point initial (1)
[2026-06-08 15:34:02] [WARN] Impossible de résoudre 'test' dans le tenant destination - permission ignorée
[2026-06-08 15:34:02] [INFO] Traitement: /Drive ECHOLINE/PB drive/CR point initial/ (6 permission(s))
[2026-06-08 15:34:02] [INFO] === COPIE REELLE: Drive ECHOLINE/PB drive/CR point initial ===
[2026-06-08 15:34:02] [SUCCESS] Dossier cree: Drive ECHOLINE/PB drive/CR point initial
[2026-06-08 15:34:03] [WARN] Impossible de résoudre 'test' dans le tenant destination - permission ignorée
[2026-06-08 15:34:03] [WARN] Pas de mappage pour: SERVICES_GENERAUX - Membres () - permission ignorée sur Drive ECHOLINE/PB drive/CR point initial
[2026-06-08 15:34:03] [WARN] Pas de mappage pour: SERVICES_GENERAUX - Visiteurs () - permission ignorée sur Drive ECHOLINE/PB drive/CR point initial
[2026-06-08 15:34:03] [WARN] Pas de mappage pour: Propriétaires de SERVICES_GENERAUX () - permission ignorée sur Drive ECHOLINE/PB drive/CR point initial
[2026-06-08 15:34:03] [SUCCESS] Permission appliquée: User 01 [write] -> Drive ECHOLINE/PB drive/CR point initial
[2026-06-08 15:34:03] [SUCCESS] Permission appliquée: Equipe INFRA [write] -> Drive ECHOLINE/PB drive/CR point initial
[2026-06-08 15:34:03] [INFO] Traitement: /Drive ECHOLINE/PB drive/DERICHEBOURG ATIS/ (6 permission(s))
[2026-06-08 15:34:03] [INFO] === COPIE REELLE: Drive ECHOLINE/PB drive/DERICHEBOURG ATIS ===
[2026-06-08 15:34:04] [SUCCESS] Dossier cree: Drive ECHOLINE/PB drive/DERICHEBOURG ATIS
[2026-06-08 15:34:04] [WARN] Impossible de résoudre 'test' dans le tenant destination - permission ignorée
[2026-06-08 15:34:04] [SUCCESS] Permission appliquée: Equipe INFRA [write] -> Drive ECHOLINE/PB drive/DERICHEBOURG ATIS
[2026-06-08 15:34:04] [SUCCESS] Permission appliquée: User 01 [write] -> Drive ECHOLINE/PB drive/DERICHEBOURG ATIS
[2026-06-08 15:34:04] [WARN] Pas de mappage pour: SERVICES_GENERAUX - Membres () - permission ignorée sur Drive ECHOLINE/PB drive/DERICHEBOURG ATIS
[2026-06-08 15:34:04] [WARN] Pas de mappage pour: SERVICES_GENERAUX - Visiteurs () - permission ignorée sur Drive ECHOLINE/PB drive/DERICHEBOURG ATIS
[2026-06-08 15:34:04] [WARN] Pas de mappage pour: Propriétaires de SERVICES_GENERAUX () - permission ignorée sur Drive ECHOLINE/PB drive/DERICHEBOURG ATIS
[2026-06-08 15:34:04] [INFO] Traitement: /Drive ECHOLINE/PB drive/DIOR/ (6 permission(s))
[2026-06-08 15:34:04] [INFO] === COPIE REELLE: Drive ECHOLINE/PB drive/DIOR ===
[2026-06-08 15:34:05] [SUCCESS] Dossier cree: Drive ECHOLINE/PB drive/DIOR
[2026-06-08 15:34:05] [SUCCESS] Permission appliquée: Equipe INFRA [write] -> Drive ECHOLINE/PB drive/DIOR
[2026-06-08 15:34:06] [WARN] Pas de mappage pour: Propriétaires de SERVICES_GENERAUX () - permission ignorée sur Drive ECHOLINE/PB drive/DIOR
[2026-06-08 15:34:06] [WARN] Pas de mappage pour: SERVICES_GENERAUX - Membres () - permission ignorée sur Drive ECHOLINE/PB drive/DIOR
[2026-06-08 15:34:06] [WARN] Pas de mappage pour: SERVICES_GENERAUX - Visiteurs () - permission ignorée sur Drive ECHOLINE/PB drive/DIOR
[2026-06-08 15:34:06] [SUCCESS] Permission appliquée: User 01 [write] -> Drive ECHOLINE/PB drive/DIOR
[2026-06-08 15:34:06] [WARN] Impossible de résoudre 'test' dans le tenant destination - permission ignorée
[2026-06-08 15:34:06] [INFO] Traitement: /Drive ECHOLINE/PB drive/Doc veille internationale/ (6 permission(s))
[2026-06-08 15:34:06] [INFO] === COPIE REELLE: Drive ECHOLINE/PB drive/Doc veille internationale ===
[2026-06-08 15:34:06] [SUCCESS] Dossier cree: Drive ECHOLINE/PB drive/Doc veille internationale
[2026-06-08 15:34:07] [SUCCESS] Permission appliquée: Equipe INFRA [write] -> Drive ECHOLINE/PB drive/Doc veille internationale
[2026-06-08 15:34:07] [SUCCESS] Permission appliquée: User 01 [write] -> Drive ECHOLINE/PB drive/Doc veille internationale
[2026-06-08 15:34:07] [WARN] Pas de mappage pour: SERVICES_GENERAUX - Membres () - permission ignorée sur Drive ECHOLINE/PB drive/Doc veille internationale
[2026-06-08 15:34:07] [WARN] Pas de mappage pour: SERVICES_GENERAUX - Visiteurs () - permission ignorée sur Drive ECHOLINE/PB drive/Doc veille internationale
[2026-06-08 15:34:07] [WARN] Pas de mappage pour: Propriétaires de SERVICES_GENERAUX () - permission ignorée sur Drive ECHOLINE/PB drive/Doc veille internationale
[2026-06-08 15:34:07] [WARN] Impossible de résoudre 'test' dans le tenant destination - permission ignorée
[2026-06-08 15:34:07] [INFO] Traitement: /Drive ECHOLINE/PB drive/ENI FRANCE/ (6 permission(s))
[2026-06-08 15:34:07] [INFO] === COPIE REELLE: Drive ECHOLINE/PB drive/ENI FRANCE ===
[2026-06-08 15:34:08] [SUCCESS] Dossier cree: Drive ECHOLINE/PB drive/ENI FRANCE
[2026-06-08 15:34:08] [SUCCESS] Permission appliquée: User 01 [write] -> Drive ECHOLINE/PB drive/ENI FRANCE
[2026-06-08 15:34:08] [WARN] Pas de mappage pour: SERVICES_GENERAUX - Membres () - permission ignorée sur Drive ECHOLINE/PB drive/ENI FRANCE
[2026-06-08 15:34:08] [WARN] Pas de mappage pour: SERVICES_GENERAUX - Visiteurs () - permission ignorée sur Drive ECHOLINE/PB drive/ENI FRANCE
[2026-06-08 15:34:08] [WARN] Pas de mappage pour: Propriétaires de SERVICES_GENERAUX () - permission ignorée sur Drive ECHOLINE/PB drive/ENI FRANCE
[2026-06-08 15:34:08] [WARN] Impossible de résoudre 'test' dans le tenant destination - permission ignorée
[2026-06-08 15:34:08] [SUCCESS] Permission appliquée: Equipe INFRA [write] -> Drive ECHOLINE/PB drive/ENI FRANCE
[2026-06-08 15:34:08] [INFO] Traitement: /Drive ECHOLINE/PB drive/Exemples news extérieures/ (6 permission(s))
[2026-06-08 15:34:08] [INFO] === COPIE REELLE: Drive ECHOLINE/PB drive/Exemples news extérieures ===
[2026-06-08 15:34:10] [ERROR] Erreur copie: Le serveur distant a retourné une erreur : (400) Demande incorrecte.
[2026-06-08 15:34:10] [DEBUG] [404] Item pas encore disponible, retry 1/3 dans 2s: Drive ECHOLINE/PB drive/Exemples news extérieures
[2026-06-08 15:34:12] [DEBUG] [404] Item pas encore disponible, retry 2/3 dans 2s: Drive ECHOLINE/PB drive/Exemples news extérieures
[2026-06-08 15:34:14] [DEBUG] [404] Item pas encore disponible, retry 3/3 dans 2s: Drive ECHOLINE/PB drive/Exemples news extérieures
[2026-06-08 15:34:16] [WARN] Impossible de récupérer l'item destination pour les droits: Drive ECHOLINE/PB drive/Exemples news extérieures - Le serveur distant a retourné une erreur : (404) Introuvable.
[2026-06-08 15:34:16] [INFO] Traitement: /Drive ECHOLINE/PB drive/Export txts avant report SONATA/ (6 permission(s))
[2026-06-08 15:34:16] [INFO] === COPIE REELLE: Drive ECHOLINE/PB drive/Export txts avant report SONATA ===
[2026-06-08 15:34:17] [SUCCESS] Dossier cree: Drive ECHOLINE/PB drive/Export txts avant report SONATA
[2026-06-08 15:34:17] [WARN] Pas de mappage pour: SERVICES_GENERAUX - Membres () - permission ignorée sur Drive ECHOLINE/PB drive/Export txts avant report SONATA
[2026-06-08 15:34:17] [SUCCESS] Permission appliquée: User 01 [write] -> Drive ECHOLINE/PB drive/Export txts avant report SONATA
[2026-06-08 15:34:17] [WARN] Pas de mappage pour: Propriétaires de SERVICES_GENERAUX () - permission ignorée sur Drive ECHOLINE/PB drive/Export txts avant report SONATA
[2026-06-08 15:34:18] [SUCCESS] Permission appliquée: Equipe INFRA [write] -> Drive ECHOLINE/PB drive/Export txts avant report SONATA
[2026-06-08 15:34:18] [WARN] Pas de mappage pour: SERVICES_GENERAUX - Visiteurs () - permission ignorée sur Drive ECHOLINE/PB drive/Export txts avant report SONATA
[2026-06-08 15:34:18] [WARN] Impossible de résoudre 'test' dans le tenant destination - permission ignorée
[2026-06-08 15:34:18] [INFO] Traitement: /Drive ECHOLINE/PB drive/Fertiline - Loudéac/ (6 permission(s))
[2026-06-08 15:34:18] [INFO] === COPIE REELLE: Drive ECHOLINE/PB drive/Fertiline - Loudéac ===
[2026-06-08 15:34:19] [SUCCESS] Dossier cree: Drive ECHOLINE/PB drive/Fertiline - Loudéac
[2026-06-08 15:34:19] [DEBUG] [404] Item pas encore disponible, retry 1/3 dans 2s: Drive ECHOLINE/PB drive/Fertiline - Loudéac
[2026-06-08 15:34:21] [DEBUG] [404] Item pas encore disponible, retry 2/3 dans 2s: Drive ECHOLINE/PB drive/Fertiline - Loudéac
[2026-06-08 15:34:23] [DEBUG] [404] Item pas encore disponible, retry 3/3 dans 2s: Drive ECHOLINE/PB drive/Fertiline - Loudéac
[2026-06-08 15:34:25] [WARN] Impossible de récupérer l'item destination pour les droits: Drive ECHOLINE/PB drive/Fertiline - Loudéac - Le serveur distant a retourné une erreur : (404) Introuvable.
[2026-06-08 15:34:26] [INFO] Traitement: /Drive ECHOLINE/PB drive/Fiche ID (1)/ (6 permission(s))
[2026-06-08 15:34:26] [INFO] === COPIE REELLE: Drive ECHOLINE/PB drive/Fiche ID (1) ===
[2026-06-08 15:34:26] [SUCCESS] Dossier cree: Drive ECHOLINE/PB drive/Fiche ID (1)
[2026-06-08 15:34:27] [WARN] Pas de mappage pour: SERVICES_GENERAUX - Visiteurs () - permission ignorée sur Drive ECHOLINE/PB drive/Fiche ID (1)
[2026-06-08 15:34:27] [WARN] Pas de mappage pour: SERVICES_GENERAUX - Membres () - permission ignorée sur Drive ECHOLINE/PB drive/Fiche ID (1)
[2026-06-08 15:34:27] [SUCCESS] Permission appliquée: User 01 [write] -> Drive ECHOLINE/PB drive/Fiche ID (1)
[2026-06-08 15:34:27] [SUCCESS] Permission appliquée: Equipe INFRA [write] -> Drive ECHOLINE/PB drive/Fiche ID (1)
[2026-06-08 15:34:27] [WARN] Impossible de résoudre 'test' dans le tenant destination - permission ignorée
[2026-06-08 15:34:27] [WARN] Pas de mappage pour: Propriétaires de SERVICES_GENERAUX () - permission ignorée sur Drive ECHOLINE/PB drive/Fiche ID (1)
[2026-06-08 15:34:27] [INFO] Traitement: /Drive ECHOLINE/PB drive/Fiche ID/ (6 permission(s))
[2026-06-08 15:34:27] [INFO] === COPIE REELLE: Drive ECHOLINE/PB drive/Fiche ID ===
[2026-06-08 15:34:28] [SUCCESS] Dossier cree: Drive ECHOLINE/PB drive/Fiche ID
[2026-06-08 15:34:29] [WARN] Impossible de résoudre 'test' dans le tenant destination - permission ignorée
[2026-06-08 15:34:29] [SUCCESS] Permission appliquée: User 01 [write] -> Drive ECHOLINE/PB drive/Fiche ID
[2026-06-08 15:34:29] [WARN] Pas de mappage pour: SERVICES_GENERAUX - Membres () - permission ignorée sur Drive ECHOLINE/PB drive/Fiche ID
[2026-06-08 15:34:29] [WARN] Pas de mappage pour: SERVICES_GENERAUX - Visiteurs () - permission ignorée sur Drive ECHOLINE/PB drive/Fiche ID
[2026-06-08 15:34:29] [SUCCESS] Permission appliquée: Equipe INFRA [write] -> Drive ECHOLINE/PB drive/Fiche ID
[2026-06-08 15:34:29] [WARN] Pas de mappage pour: Propriétaires de SERVICES_GENERAUX () - permission ignorée sur Drive ECHOLINE/PB drive/Fiche ID
[2026-06-08 15:34:29] [INFO] Traitement: /Drive ECHOLINE/PB drive/Formulaire utilisateurs/ (6 permission(s))
[2026-06-08 15:34:29] [INFO] === COPIE REELLE: Drive ECHOLINE/PB drive/Formulaire utilisateurs ===
[2026-06-08 15:34:30] [SUCCESS] Dossier cree: Drive ECHOLINE/PB drive/Formulaire utilisateurs
[2026-06-08 15:34:30] [WARN] Pas de mappage pour: Propriétaires de SERVICES_GENERAUX () - permission ignorée sur Drive ECHOLINE/PB drive/Formulaire utilisateurs
[2026-06-08 15:34:30] [WARN] Pas de mappage pour: SERVICES_GENERAUX - Visiteurs () - permission ignorée sur Drive ECHOLINE/PB drive/Formulaire utilisateurs
[2026-06-08 15:34:30] [WARN] Pas de mappage pour: SERVICES_GENERAUX - Membres () - permission ignorée sur Drive ECHOLINE/PB drive/Formulaire utilisateurs
[2026-06-08 15:34:30] [SUCCESS] Permission appliquée: User 01 [write] -> Drive ECHOLINE/PB drive/Formulaire utilisateurs
[2026-06-08 15:34:30] [SUCCESS] Permission appliquée: Equipe INFRA [write] -> Drive ECHOLINE/PB drive/Formulaire utilisateurs
[2026-06-08 15:34:30] [WARN] Impossible de résoudre 'test' dans le tenant destination - permission ignorée
[2026-06-08 15:34:30] [INFO] Traitement: /Drive ECHOLINE/PB drive/LOUIS VUITTON/ (6 permission(s))
[2026-06-08 15:34:30] [INFO] === COPIE REELLE: Drive ECHOLINE/PB drive/LOUIS VUITTON ===
[2026-06-08 15:34:31] [SUCCESS] Dossier cree: Drive ECHOLINE/PB drive/LOUIS VUITTON
[2026-06-08 15:34:31] [WARN] Impossible de résoudre 'test' dans le tenant destination - permission ignorée
[2026-06-08 15:34:31] [WARN] Pas de mappage pour: SERVICES_GENERAUX - Visiteurs () - permission ignorée sur Drive ECHOLINE/PB drive/LOUIS VUITTON
[2026-06-08 15:34:31] [WARN] Pas de mappage pour: SERVICES_GENERAUX - Membres () - permission ignorée sur Drive ECHOLINE/PB drive/LOUIS VUITTON
[2026-06-08 15:34:32] [SUCCESS] Permission appliquée: User 01 [write] -> Drive ECHOLINE/PB drive/LOUIS VUITTON
[2026-06-08 15:34:32] [SUCCESS] Permission appliquée: Equipe INFRA [write] -> Drive ECHOLINE/PB drive/LOUIS VUITTON
[2026-06-08 15:34:32] [WARN] Pas de mappage pour: Propriétaires de SERVICES_GENERAUX () - permission ignorée sur Drive ECHOLINE/PB drive/LOUIS VUITTON
[2026-06-08 15:34:32] [INFO] Traitement: /Drive ECHOLINE/PB drive/mails - hotline directe/ (6 permission(s))
[2026-06-08 15:34:32] [INFO] === COPIE REELLE: Drive ECHOLINE/PB drive/mails - hotline directe ===
[2026-06-08 15:34:33] [SUCCESS] Dossier cree: Drive ECHOLINE/PB drive/mails - hotline directe
[2026-06-08 15:34:33] [WARN] Pas de mappage pour: Propriétaires de SERVICES_GENERAUX () - permission ignorée sur Drive ECHOLINE/PB drive/mails - hotline directe
[2026-06-08 15:34:33] [WARN] Pas de mappage pour: SERVICES_GENERAUX - Visiteurs () - permission ignorée sur Drive ECHOLINE/PB drive/mails - hotline directe
[2026-06-08 15:34:33] [WARN] Pas de mappage pour: SERVICES_GENERAUX - Membres () - permission ignorée sur Drive ECHOLINE/PB drive/mails - hotline directe
[2026-06-08 15:34:33] [SUCCESS] Permission appliquée: User 01 [write] -> Drive ECHOLINE/PB drive/mails - hotline directe
[2026-06-08 15:34:33] [SUCCESS] Permission appliquée: Equipe INFRA [write] -> Drive ECHOLINE/PB drive/mails - hotline directe
[2026-06-08 15:34:33] [WARN] Impossible de résoudre 'test' dans le tenant destination - permission ignorée
[2026-06-08 15:34:33] [INFO] Traitement: /Drive ECHOLINE/PB drive/MODELES lettre info/ (6 permission(s))
[2026-06-08 15:34:33] [INFO] === COPIE REELLE: Drive ECHOLINE/PB drive/MODELES lettre info ===
[2026-06-08 15:34:34] [SUCCESS] Dossier cree: Drive ECHOLINE/PB drive/MODELES lettre info
[2026-06-08 15:34:34] [SUCCESS] Permission appliquée: Equipe INFRA [write] -> Drive ECHOLINE/PB drive/MODELES lettre info
[2026-06-08 15:34:34] [WARN] Impossible de résoudre 'test' dans le tenant destination - permission ignorée
[2026-06-08 15:34:34] [WARN] Pas de mappage pour: SERVICES_GENERAUX - Membres () - permission ignorée sur Drive ECHOLINE/PB drive/MODELES lettre info
[2026-06-08 15:34:34] [WARN] Pas de mappage pour: Propriétaires de SERVICES_GENERAUX () - permission ignorée sur Drive ECHOLINE/PB drive/MODELES lettre info
[2026-06-08 15:34:34] [WARN] Pas de mappage pour: SERVICES_GENERAUX - Visiteurs () - permission ignorée sur Drive ECHOLINE/PB drive/MODELES lettre info
[2026-06-08 15:34:35] [SUCCESS] Permission appliquée: User 01 [write] -> Drive ECHOLINE/PB drive/MODELES lettre info
[2026-06-08 15:34:35] [INFO] Traitement: /Drive ECHOLINE/PB drive/NUTRITION ET SANTE/ (6 permission(s))
[2026-06-08 15:34:35] [INFO] === COPIE REELLE: Drive ECHOLINE/PB drive/NUTRITION ET SANTE ===
[2026-06-08 15:34:35] [SUCCESS] Dossier cree: Drive ECHOLINE/PB drive/NUTRITION ET SANTE
[2026-06-08 15:34:36] [SUCCESS] Permission appliquée: Equipe INFRA [write] -> Drive ECHOLINE/PB drive/NUTRITION ET SANTE
[2026-06-08 15:34:36] [WARN] Impossible de résoudre 'test' dans le tenant destination - permission ignorée
[2026-06-08 15:34:36] [SUCCESS] Permission appliquée: User 01 [write] -> Drive ECHOLINE/PB drive/NUTRITION ET SANTE
[2026-06-08 15:34:36] [WARN] Pas de mappage pour: SERVICES_GENERAUX - Membres () - permission ignorée sur Drive ECHOLINE/PB drive/NUTRITION ET SANTE
[2026-06-08 15:34:36] [WARN] Pas de mappage pour: SERVICES_GENERAUX - Visiteurs () - permission ignorée sur Drive ECHOLINE/PB drive/NUTRITION ET SANTE
[2026-06-08 15:34:36] [WARN] Pas de mappage pour: Propriétaires de SERVICES_GENERAUX () - permission ignorée sur Drive ECHOLINE/PB drive/NUTRITION ET SANTE
[2026-06-08 15:34:36] [INFO] Traitement: /Drive ECHOLINE/PB drive/PIVAUDRAN/ (6 permission(s))
[2026-06-08 15:34:36] [INFO] === COPIE REELLE: Drive ECHOLINE/PB drive/PIVAUDRAN ===
[2026-06-08 15:34:37] [SUCCESS] Dossier cree: Drive ECHOLINE/PB drive/PIVAUDRAN
[2026-06-08 15:34:37] [WARN] Impossible de résoudre 'test' dans le tenant destination - permission ignorée
[2026-06-08 15:34:37] [WARN] Pas de mappage pour: SERVICES_GENERAUX - Membres () - permission ignorée sur Drive ECHOLINE/PB drive/PIVAUDRAN
[2026-06-08 15:34:37] [WARN] Pas de mappage pour: SERVICES_GENERAUX - Visiteurs () - permission ignorée sur Drive ECHOLINE/PB drive/PIVAUDRAN
[2026-06-08 15:34:37] [WARN] Pas de mappage pour: Propriétaires de SERVICES_GENERAUX () - permission ignorée sur Drive ECHOLINE/PB drive/PIVAUDRAN
[2026-06-08 15:34:37] [SUCCESS] Permission appliquée: Equipe INFRA [write] -> Drive ECHOLINE/PB drive/PIVAUDRAN
[2026-06-08 15:34:37] [SUCCESS] Permission appliquée: User 01 [write] -> Drive ECHOLINE/PB drive/PIVAUDRAN
[2026-06-08 15:34:37] [INFO] Traitement: /Drive ECHOLINE/PB drive/Projets/ (6 permission(s))
[2026-06-08 15:34:37] [INFO] === COPIE REELLE: Drive ECHOLINE/PB drive/Projets ===
[2026-06-08 15:34:38] [SUCCESS] Dossier cree: Drive ECHOLINE/PB drive/Projets
[2026-06-08 15:34:38] [WARN] Pas de mappage pour: SERVICES_GENERAUX - Membres () - permission ignorée sur Drive ECHOLINE/PB drive/Projets
[2026-06-08 15:34:38] [WARN] Pas de mappage pour: Propriétaires de SERVICES_GENERAUX () - permission ignorée sur Drive ECHOLINE/PB drive/Projets
[2026-06-08 15:34:38] [WARN] Pas de mappage pour: SERVICES_GENERAUX - Visiteurs () - permission ignorée sur Drive ECHOLINE/PB drive/Projets
[2026-06-08 15:34:38] [SUCCESS] Permission appliquée: User 01 [write] -> Drive ECHOLINE/PB drive/Projets
[2026-06-08 15:34:39] [SUCCESS] Permission appliquée: Equipe INFRA [write] -> Drive ECHOLINE/PB drive/Projets
[2026-06-08 15:34:39] [WARN] Impossible de résoudre 'test' dans le tenant destination - permission ignorée
[2026-06-08 15:34:39] [INFO] Traitement: /Drive ECHOLINE/PB drive/RIEN AJOUTER Dossiers clients/ (6 permission(s))
[2026-06-08 15:34:39] [INFO] === COPIE REELLE: Drive ECHOLINE/PB drive/RIEN AJOUTER Dossiers clients ===
[2026-06-08 15:34:39] [SUCCESS] Dossier cree: Drive ECHOLINE/PB drive/RIEN AJOUTER Dossiers clients
[2026-06-08 15:34:40] [WARN] Impossible de résoudre 'test' dans le tenant destination - permission ignorée
[2026-06-08 15:34:40] [WARN] Pas de mappage pour: Propriétaires de SERVICES_GENERAUX () - permission ignorée sur Drive ECHOLINE/PB drive/RIEN AJOUTER Dossiers clients
[2026-06-08 15:34:40] [WARN] Pas de mappage pour: SERVICES_GENERAUX - Visiteurs () - permission ignorée sur Drive ECHOLINE/PB drive/RIEN AJOUTER Dossiers clients
[2026-06-08 15:34:40] [WARN] Pas de mappage pour: SERVICES_GENERAUX - Membres () - permission ignorée sur Drive ECHOLINE/PB drive/RIEN AJOUTER Dossiers clients
[2026-06-08 15:34:40] [SUCCESS] Permission appliquée: User 01 [write] -> Drive ECHOLINE/PB drive/RIEN AJOUTER Dossiers clients
[2026-06-08 15:34:40] [SUCCESS] Permission appliquée: Equipe INFRA [write] -> Drive ECHOLINE/PB drive/RIEN AJOUTER Dossiers clients
[2026-06-08 15:34:40] [INFO] Traitement: /Drive ECHOLINE/PB drive/SIGNAUX GIROD/ (6 permission(s))
[2026-06-08 15:34:40] [INFO] === COPIE REELLE: Drive ECHOLINE/PB drive/SIGNAUX GIROD ===
[2026-06-08 15:34:41] [SUCCESS] Dossier cree: Drive ECHOLINE/PB drive/SIGNAUX GIROD
[2026-06-08 15:34:41] [WARN] Impossible de résoudre 'test' dans le tenant destination - permission ignorée
[2026-06-08 15:34:41] [SUCCESS] Permission appliquée: Equipe INFRA [write] -> Drive ECHOLINE/PB drive/SIGNAUX GIROD
[2026-06-08 15:34:41] [SUCCESS] Permission appliquée: User 01 [write] -> Drive ECHOLINE/PB drive/SIGNAUX GIROD
[2026-06-08 15:34:41] [WARN] Pas de mappage pour: SERVICES_GENERAUX - Membres () - permission ignorée sur Drive ECHOLINE/PB drive/SIGNAUX GIROD
[2026-06-08 15:34:41] [WARN] Pas de mappage pour: SERVICES_GENERAUX - Visiteurs () - permission ignorée sur Drive ECHOLINE/PB drive/SIGNAUX GIROD
[2026-06-08 15:34:41] [WARN] Pas de mappage pour: Propriétaires de SERVICES_GENERAUX () - permission ignorée sur Drive ECHOLINE/PB drive/SIGNAUX GIROD
[2026-06-08 15:34:41] [INFO] Traitement: /Drive ECHOLINE/PB drive/STERIS/ (6 permission(s))
[2026-06-08 15:34:41] [INFO] === COPIE REELLE: Drive ECHOLINE/PB drive/STERIS ===
[2026-06-08 15:34:42] [SUCCESS] Dossier cree: Drive ECHOLINE/PB drive/STERIS
[2026-06-08 15:34:43] [SUCCESS] Permission appliquée: Equipe INFRA [write] -> Drive ECHOLINE/PB drive/STERIS
[2026-06-08 15:34:43] [SUCCESS] Permission appliquée: User 01 [write] -> Drive ECHOLINE/PB drive/STERIS
[2026-06-08 15:34:43] [WARN] Pas de mappage pour: SERVICES_GENERAUX - Membres () - permission ignorée sur Drive ECHOLINE/PB drive/STERIS
[2026-06-08 15:34:43] [WARN] Pas de mappage pour: Propriétaires de SERVICES_GENERAUX () - permission ignorée sur Drive ECHOLINE/PB drive/STERIS
[2026-06-08 15:34:43] [WARN] Pas de mappage pour: SERVICES_GENERAUX - Visiteurs () - permission ignorée sur Drive ECHOLINE/PB drive/STERIS
[2026-06-08 15:34:43] [WARN] Impossible de résoudre 'test' dans le tenant destination - permission ignorée
[2026-06-08 15:34:43] [INFO] Traitement: /Drive ECHOLINE/PB drive/THYSSENKRUPP/ (6 permission(s))
[2026-06-08 15:34:43] [INFO] === COPIE REELLE: Drive ECHOLINE/PB drive/THYSSENKRUPP ===
[2026-06-08 15:34:43] [SUCCESS] Dossier cree: Drive ECHOLINE/PB drive/THYSSENKRUPP
[2026-06-08 15:34:44] [SUCCESS] Permission appliquée: Equipe INFRA [write] -> Drive ECHOLINE/PB drive/THYSSENKRUPP
[2026-06-08 15:34:44] [SUCCESS] Permission appliquée: User 01 [write] -> Drive ECHOLINE/PB drive/THYSSENKRUPP
[2026-06-08 15:34:44] [WARN] Pas de mappage pour: SERVICES_GENERAUX - Membres () - permission ignorée sur Drive ECHOLINE/PB drive/THYSSENKRUPP
[2026-06-08 15:34:44] [WARN] Pas de mappage pour: SERVICES_GENERAUX - Visiteurs () - permission ignorée sur Drive ECHOLINE/PB drive/THYSSENKRUPP
[2026-06-08 15:34:44] [WARN] Pas de mappage pour: Propriétaires de SERVICES_GENERAUX () - permission ignorée sur Drive ECHOLINE/PB drive/THYSSENKRUPP
[2026-06-08 15:34:44] [WARN] Impossible de résoudre 'test' dans le tenant destination - permission ignorée
[2026-06-08 15:34:44] [INFO] Traitement: /Drive ECHOLINE/PB drive/Union Invivo - Montoir de Bretagne/ (6 permission(s))
[2026-06-08 15:34:44] [INFO] === COPIE REELLE: Drive ECHOLINE/PB drive/Union Invivo - Montoir de Bretagne ===
[2026-06-08 15:34:45] [SUCCESS] Dossier cree: Drive ECHOLINE/PB drive/Union Invivo - Montoir de Bretagne
[2026-06-08 15:34:45] [SUCCESS] Permission appliquée: User 01 [write] -> Drive ECHOLINE/PB drive/Union Invivo - Montoir de Bretagne
[2026-06-08 15:34:45] [WARN] Pas de mappage pour: SERVICES_GENERAUX - Membres () - permission ignorée sur Drive ECHOLINE/PB drive/Union Invivo - Montoir de Bretagne
[2026-06-08 15:34:45] [WARN] Pas de mappage pour: SERVICES_GENERAUX - Visiteurs () - permission ignorée sur Drive ECHOLINE/PB drive/Union Invivo - Montoir de Bretagne
[2026-06-08 15:34:45] [WARN] Impossible de résoudre 'test' dans le tenant destination - permission ignorée
[2026-06-08 15:34:45] [SUCCESS] Permission appliquée: Equipe INFRA [write] -> Drive ECHOLINE/PB drive/Union Invivo - Montoir de Bretagne
[2026-06-08 15:34:45] [WARN] Pas de mappage pour: Propriétaires de SERVICES_GENERAUX () - permission ignorée sur Drive ECHOLINE/PB drive/Union Invivo - Montoir de Bretagne
[2026-06-08 15:34:45] [INFO] Traitement: /Drive ECHOLINE/PB drive/Union Invivo - Nantes/ (6 permission(s))
[2026-06-08 15:34:45] [INFO] === COPIE REELLE: Drive ECHOLINE/PB drive/Union Invivo - Nantes ===
[2026-06-08 15:34:46] [SUCCESS] Dossier cree: Drive ECHOLINE/PB drive/Union Invivo - Nantes
[2026-06-08 15:34:47] [SUCCESS] Permission appliquée: Equipe INFRA [write] -> Drive ECHOLINE/PB drive/Union Invivo - Nantes
[2026-06-08 15:34:47] [SUCCESS] Permission appliquée: User 01 [write] -> Drive ECHOLINE/PB drive/Union Invivo - Nantes
[2026-06-08 15:34:47] [WARN] Pas de mappage pour: SERVICES_GENERAUX - Membres () - permission ignorée sur Drive ECHOLINE/PB drive/Union Invivo - Nantes
[2026-06-08 15:34:47] [WARN] Pas de mappage pour: SERVICES_GENERAUX - Visiteurs () - permission ignorée sur Drive ECHOLINE/PB drive/Union Invivo - Nantes
[2026-06-08 15:34:47] [WARN] Pas de mappage pour: Propriétaires de SERVICES_GENERAUX () - permission ignorée sur Drive ECHOLINE/PB drive/Union Invivo - Nantes
[2026-06-08 15:34:47] [WARN] Impossible de résoudre 'test' dans le tenant destination - permission ignorée
[2026-06-08 15:34:47] [INFO] Traitement: /Drive ECHOLINE/PB drive/Union Invivo - Saint-usage/ (6 permission(s))
[2026-06-08 15:34:47] [INFO] === COPIE REELLE: Drive ECHOLINE/PB drive/Union Invivo - Saint-usage ===
[2026-06-08 15:34:48] [SUCCESS] Dossier cree: Drive ECHOLINE/PB drive/Union Invivo - Saint-usage
[2026-06-08 15:34:48] [WARN] Pas de mappage pour: Propriétaires de SERVICES_GENERAUX () - permission ignorée sur Drive ECHOLINE/PB drive/Union Invivo - Saint-usage
[2026-06-08 15:34:48] [WARN] Impossible de résoudre 'test' dans le tenant destination - permission ignorée
[2026-06-08 15:34:48] [SUCCESS] Permission appliquée: Equipe INFRA [write] -> Drive ECHOLINE/PB drive/Union Invivo - Saint-usage
[2026-06-08 15:34:48] [SUCCESS] Permission appliquée: User 01 [write] -> Drive ECHOLINE/PB drive/Union Invivo - Saint-usage
[2026-06-08 15:34:48] [WARN] Pas de mappage pour: SERVICES_GENERAUX - Membres () - permission ignorée sur Drive ECHOLINE/PB drive/Union Invivo - Saint-usage
[2026-06-08 15:34:48] [WARN] Pas de mappage pour: SERVICES_GENERAUX - Visiteurs () - permission ignorée sur Drive ECHOLINE/PB drive/Union Invivo - Saint-usage
[2026-06-08 15:34:48] [INFO] Traitement: /Drive ECHOLINE/PB drive/Union Invivo Chalon en Champagne/ (6 permission(s))
[2026-06-08 15:34:48] [INFO] === COPIE REELLE: Drive ECHOLINE/PB drive/Union Invivo Chalon en Champagne ===
[2026-06-08 15:34:49] [SUCCESS] Dossier cree: Drive ECHOLINE/PB drive/Union Invivo Chalon en Champagne
[2026-06-08 15:34:49] [WARN] Impossible de résoudre 'test' dans le tenant destination - permission ignorée
[2026-06-08 15:34:49] [SUCCESS] Permission appliquée: User 01 [write] -> Drive ECHOLINE/PB drive/Union Invivo Chalon en Champagne
[2026-06-08 15:34:49] [WARN] Pas de mappage pour: SERVICES_GENERAUX - Membres () - permission ignorée sur Drive ECHOLINE/PB drive/Union Invivo Chalon en Champagne
[2026-06-08 15:34:49] [WARN] Pas de mappage pour: SERVICES_GENERAUX - Visiteurs () - permission ignorée sur Drive ECHOLINE/PB drive/Union Invivo Chalon en Champagne
[2026-06-08 15:34:50] [SUCCESS] Permission appliquée: Equipe INFRA [write] -> Drive ECHOLINE/PB drive/Union Invivo Chalon en Champagne
[2026-06-08 15:34:50] [WARN] Pas de mappage pour: Propriétaires de SERVICES_GENERAUX () - permission ignorée sur Drive ECHOLINE/PB drive/Union Invivo Chalon en Champagne
[2026-06-08 15:34:50] [INFO] Traitement: /Drive ECHOLINE/PB drive/Union Invivo Metz/ (6 permission(s))
[2026-06-08 15:34:50] [INFO] === COPIE REELLE: Drive ECHOLINE/PB drive/Union Invivo Metz ===
[2026-06-08 15:34:51] [SUCCESS] Dossier cree: Drive ECHOLINE/PB drive/Union Invivo Metz
[2026-06-08 15:34:51] [WARN] Pas de mappage pour: SERVICES_GENERAUX - Membres () - permission ignorée sur Drive ECHOLINE/PB drive/Union Invivo Metz
[2026-06-08 15:34:51] [WARN] Pas de mappage pour: Propriétaires de SERVICES_GENERAUX () - permission ignorée sur Drive ECHOLINE/PB drive/Union Invivo Metz
[2026-06-08 15:34:51] [WARN] Pas de mappage pour: SERVICES_GENERAUX - Visiteurs () - permission ignorée sur Drive ECHOLINE/PB drive/Union Invivo Metz
[2026-06-08 15:34:51] [SUCCESS] Permission appliquée: User 01 [write] -> Drive ECHOLINE/PB drive/Union Invivo Metz
[2026-06-08 15:34:52] [SUCCESS] Permission appliquée: Equipe INFRA [write] -> Drive ECHOLINE/PB drive/Union Invivo Metz
[2026-06-08 15:34:52] [WARN] Impossible de résoudre 'test' dans le tenant destination - permission ignorée
[2026-06-08 15:34:52] [INFO] Traitement: /Drive ECHOLINE/PB drive/VALOREM/ (6 permission(s))
[2026-06-08 15:34:52] [INFO] === COPIE REELLE: Drive ECHOLINE/PB drive/VALOREM ===
[2026-06-08 15:34:52] [SUCCESS] Dossier cree: Drive ECHOLINE/PB drive/VALOREM
[2026-06-08 15:34:52] [WARN] Impossible de résoudre 'test' dans le tenant destination - permission ignorée
[2026-06-08 15:34:52] [WARN] Pas de mappage pour: Propriétaires de SERVICES_GENERAUX () - permission ignorée sur Drive ECHOLINE/PB drive/VALOREM
[2026-06-08 15:34:52] [WARN] Pas de mappage pour: SERVICES_GENERAUX - Membres () - permission ignorée sur Drive ECHOLINE/PB drive/VALOREM
[2026-06-08 15:34:53] [SUCCESS] Permission appliquée: User 01 [write] -> Drive ECHOLINE/PB drive/VALOREM
[2026-06-08 15:34:53] [SUCCESS] Permission appliquée: Equipe INFRA [write] -> Drive ECHOLINE/PB drive/VALOREM
[2026-06-08 15:34:53] [WARN] Pas de mappage pour: SERVICES_GENERAUX - Visiteurs () - permission ignorée sur Drive ECHOLINE/PB drive/VALOREM
[2026-06-08 15:34:53] [INFO] Traitement: /Drive ECHOLINE/PB drive/VILLEROY ET BOCH/ (6 permission(s))
[2026-06-08 15:34:53] [INFO] === COPIE REELLE: Drive ECHOLINE/PB drive/VILLEROY ET BOCH ===
[2026-06-08 15:34:54] [SUCCESS] Dossier cree: Drive ECHOLINE/PB drive/VILLEROY ET BOCH
[2026-06-08 15:34:54] [WARN] Pas de mappage pour: Propriétaires de SERVICES_GENERAUX () - permission ignorée sur Drive ECHOLINE/PB drive/VILLEROY ET BOCH
[2026-06-08 15:34:54] [WARN] Pas de mappage pour: SERVICES_GENERAUX - Visiteurs () - permission ignorée sur Drive ECHOLINE/PB drive/VILLEROY ET BOCH
[2026-06-08 15:34:54] [WARN] Pas de mappage pour: SERVICES_GENERAUX - Membres () - permission ignorée sur Drive ECHOLINE/PB drive/VILLEROY ET BOCH
[2026-06-08 15:34:54] [SUCCESS] Permission appliquée: User 01 [write] -> Drive ECHOLINE/PB drive/VILLEROY ET BOCH
[2026-06-08 15:34:54] [SUCCESS] Permission appliquée: Equipe INFRA [write] -> Drive ECHOLINE/PB drive/VILLEROY ET BOCH
[2026-06-08 15:34:54] [WARN] Impossible de résoudre 'test' dans le tenant destination - permission ignorée
[2026-06-08 15:34:54] [INFO] Traitement: /Drive ECHOLINE/PB drive/Visites/ (6 permission(s))
[2026-06-08 15:34:54] [INFO] === COPIE REELLE: Drive ECHOLINE/PB drive/Visites ===
[2026-06-08 15:34:56] [SUCCESS] Dossier cree: Drive ECHOLINE/PB drive/Visites
[2026-06-08 15:34:56] [SUCCESS] Permission appliquée: Equipe INFRA [write] -> Drive ECHOLINE/PB drive/Visites
[2026-06-08 15:34:56] [WARN] Impossible de résoudre 'test' dans le tenant destination - permission ignorée
[2026-06-08 15:34:56] [WARN] Pas de mappage pour: SERVICES_GENERAUX - Membres () - permission ignorée sur Drive ECHOLINE/PB drive/Visites
[2026-06-08 15:34:56] [WARN] Pas de mappage pour: Propriétaires de SERVICES_GENERAUX () - permission ignorée sur Drive ECHOLINE/PB drive/Visites
[2026-06-08 15:34:56] [WARN] Pas de mappage pour: SERVICES_GENERAUX - Visiteurs () - permission ignorée sur Drive ECHOLINE/PB drive/Visites
[2026-06-08 15:34:57] [SUCCESS] Permission appliquée: User 01 [write] -> Drive ECHOLINE/PB drive/Visites
[2026-06-08 15:34:57] [INFO] Traitement: /emailaddress.csv (5 permission(s))
[2026-06-08 15:34:57] [INFO] === COPIE REELLE: emailaddress.csv ===
[2026-06-08 15:34:58] [SUCCESS] === FICHIER COPIE AVEC SUCCES: emailaddress.csv ===
[2026-06-08 15:34:58] [WARN] Pas de mappage pour: Propriétaires de SERVICES_GENERAUX () - permission ignorée sur emailaddress.csv
[2026-06-08 15:34:58] [WARN] Pas de mappage pour: SERVICES_GENERAUX - Membres () - permission ignorée sur emailaddress.csv
[2026-06-08 15:34:58] [SUCCESS] Permission appliquée: Equipe INFRA [write] -> emailaddress.csv
[2026-06-08 15:34:58] [WARN] Impossible de résoudre 'test' dans le tenant destination - permission ignorée
[2026-06-08 15:34:58] [WARN] Pas de mappage pour: SERVICES_GENERAUX - Visiteurs () - permission ignorée sur emailaddress.csv
[2026-06-08 15:34:58] [INFO] Traitement: /Members_.csv (5 permission(s))
[2026-06-08 15:34:58] [INFO] === COPIE REELLE: Members_.csv ===
[2026-06-08 15:35:00] [SUCCESS] === FICHIER COPIE AVEC SUCCES: Members_.csv ===
[2026-06-08 15:35:00] [WARN] Pas de mappage pour: Propriétaires de SERVICES_GENERAUX () - permission ignorée sur Members_.csv
[2026-06-08 15:35:00] [WARN] Pas de mappage pour: SERVICES_GENERAUX - Visiteurs () - permission ignorée sur Members_.csv
[2026-06-08 15:35:00] [SUCCESS] Permission appliquée: Equipe INFRA [write] -> Members_.csv
[2026-06-08 15:35:00] [WARN] Impossible de résoudre 'test' dans le tenant destination - permission ignorée
[2026-06-08 15:35:00] [WARN] Pas de mappage pour: SERVICES_GENERAUX - Membres () - permission ignorée sur Members_.csv
[2026-06-08 15:35:00] [INFO] Traitement: /Members_support.csv (5 permission(s))
[2026-06-08 15:35:00] [INFO] === COPIE REELLE: Members_support.csv ===
[2026-06-08 15:35:01] [SUCCESS] === FICHIER COPIE AVEC SUCCES: Members_support.csv ===
[2026-06-08 15:35:02] [SUCCESS] Permission appliquée: Equipe INFRA [write] -> Members_support.csv
[2026-06-08 15:35:02] [WARN] Pas de mappage pour: Propriétaires de SERVICES_GENERAUX () - permission ignorée sur Members_support.csv
[2026-06-08 15:35:02] [WARN] Pas de mappage pour: SERVICES_GENERAUX - Visiteurs () - permission ignorée sur Members_support.csv
[2026-06-08 15:35:02] [WARN] Pas de mappage pour: SERVICES_GENERAUX - Membres () - permission ignorée sur Members_support.csv
[2026-06-08 15:35:02] [WARN] Impossible de résoudre 'test' dans le tenant destination - permission ignorée
[2026-06-08 15:35:02] [INFO] Traitement: /SCRIPT/ (5 permission(s))
[2026-06-08 15:35:02] [INFO] === COPIE REELLE: SCRIPT ===
[2026-06-08 15:35:02] [SUCCESS] Dossier cree: SCRIPT
[2026-06-08 15:35:02] [WARN] Pas de mappage pour: SERVICES_GENERAUX - Membres () - permission ignorée sur SCRIPT
[2026-06-08 15:35:02] [WARN] Pas de mappage pour: SERVICES_GENERAUX - Visiteurs () - permission ignorée sur SCRIPT
[2026-06-08 15:35:02] [WARN] Impossible de résoudre 'test' dans le tenant destination - permission ignorée
[2026-06-08 15:35:02] [WARN] Pas de mappage pour: Propriétaires de SERVICES_GENERAUX () - permission ignorée sur SCRIPT
[2026-06-08 15:35:03] [SUCCESS] Permission appliquée: Equipe INFRA [write] -> SCRIPT
[2026-06-08 15:35:03] [INFO] Traitement: /SCRIPT/ajout_DKIM_PS.txt (5 permission(s))
[2026-06-08 15:35:03] [INFO] === COPIE REELLE: SCRIPT/ajout_DKIM_PS.txt ===
[2026-06-08 15:35:04] [SUCCESS] === FICHIER COPIE AVEC SUCCES: SCRIPT/ajout_DKIM_PS.txt ===
[2026-06-08 15:35:04] [WARN] Pas de mappage pour: Propriétaires de SERVICES_GENERAUX () - permission ignorée sur SCRIPT/ajout_DKIM_PS.txt
[2026-06-08 15:35:04] [WARN] Pas de mappage pour: SERVICES_GENERAUX - Visiteurs () - permission ignorée sur SCRIPT/ajout_DKIM_PS.txt
[2026-06-08 15:35:04] [WARN] Pas de mappage pour: SERVICES_GENERAUX - Membres () - permission ignorée sur SCRIPT/ajout_DKIM_PS.txt
[2026-06-08 15:35:05] [SUCCESS] Permission appliquée: Equipe INFRA [write] -> SCRIPT/ajout_DKIM_PS.txt
[2026-06-08 15:35:05] [WARN] Impossible de résoudre 'test' dans le tenant destination - permission ignorée
[2026-06-08 15:35:05] [INFO] Traitement: /SCRIPT/conf_POSTFIX_Domaine.txt (5 permission(s))
[2026-06-08 15:35:05] [INFO] === COPIE REELLE: SCRIPT/conf_POSTFIX_Domaine.txt ===
[2026-06-08 15:35:06] [SUCCESS] === FICHIER COPIE AVEC SUCCES: SCRIPT/conf_POSTFIX_Domaine.txt ===
[2026-06-08 15:35:06] [WARN] Pas de mappage pour: SERVICES_GENERAUX - Visiteurs () - permission ignorée sur SCRIPT/conf_POSTFIX_Domaine.txt
[2026-06-08 15:35:06] [WARN] Pas de mappage pour: SERVICES_GENERAUX - Membres () - permission ignorée sur SCRIPT/conf_POSTFIX_Domaine.txt
[2026-06-08 15:35:06] [WARN] Impossible de résoudre 'test' dans le tenant destination - permission ignorée
[2026-06-08 15:35:06] [SUCCESS] Permission appliquée: Equipe INFRA [write] -> SCRIPT/conf_POSTFIX_Domaine.txt
[2026-06-08 15:35:06] [WARN] Pas de mappage pour: Propriétaires de SERVICES_GENERAUX () - permission ignorée sur SCRIPT/conf_POSTFIX_Domaine.txt
[2026-06-08 15:35:06] [INFO] Traitement: /SCRIPT/EOm8Q~EPBhXvVx5eeRrXdYK5wljgxyS6bGm.txt (5 permission(s))
[2026-06-08 15:35:06] [INFO] === COPIE REELLE: SCRIPT/EOm8Q~EPBhXvVx5eeRrXdYK5wljgxyS6bGm.txt ===
[2026-06-08 15:35:07] [SUCCESS] === FICHIER COPIE AVEC SUCCES: SCRIPT/EOm8Q~EPBhXvVx5eeRrXdYK5wljgxyS6bGm.txt ===
[2026-06-08 15:35:08] [WARN] Pas de mappage pour: Propriétaires de SERVICES_GENERAUX () - permission ignorée sur SCRIPT/EOm8Q~EPBhXvVx5eeRrXdYK5wljgxyS6bGm.txt
[2026-06-08 15:35:08] [WARN] Pas de mappage pour: SERVICES_GENERAUX - Visiteurs () - permission ignorée sur SCRIPT/EOm8Q~EPBhXvVx5eeRrXdYK5wljgxyS6bGm.txt
[2026-06-08 15:35:08] [WARN] Pas de mappage pour: SERVICES_GENERAUX - Membres () - permission ignorée sur SCRIPT/EOm8Q~EPBhXvVx5eeRrXdYK5wljgxyS6bGm.txt
[2026-06-08 15:35:08] [SUCCESS] Permission appliquée: Equipe INFRA [write] -> SCRIPT/EOm8Q~EPBhXvVx5eeRrXdYK5wljgxyS6bGm.txt
[2026-06-08 15:35:08] [WARN] Impossible de résoudre 'test' dans le tenant destination - permission ignorée
[2026-06-08 15:35:08] [INFO] Traitement: /SCRIPT/Extraction_AD_BAUNETZ.ps1 (5 permission(s))
[2026-06-08 15:35:08] [INFO] === COPIE REELLE: SCRIPT/Extraction_AD_BAUNETZ.ps1 ===
[2026-06-08 15:35:09] [SUCCESS] === FICHIER COPIE AVEC SUCCES: SCRIPT/Extraction_AD_BAUNETZ.ps1 ===
[2026-06-08 15:35:10] [SUCCESS] Permission appliquée: Equipe INFRA [write] -> SCRIPT/Extraction_AD_BAUNETZ.ps1
[2026-06-08 15:35:10] [WARN] Impossible de résoudre 'test' dans le tenant destination - permission ignorée
[2026-06-08 15:35:10] [WARN] Pas de mappage pour: SERVICES_GENERAUX - Visiteurs () - permission ignorée sur SCRIPT/Extraction_AD_BAUNETZ.ps1
[2026-06-08 15:35:10] [WARN] Pas de mappage pour: Propriétaires de SERVICES_GENERAUX () - permission ignorée sur SCRIPT/Extraction_AD_BAUNETZ.ps1
[2026-06-08 15:35:10] [WARN] Pas de mappage pour: SERVICES_GENERAUX - Membres () - permission ignorée sur SCRIPT/Extraction_AD_BAUNETZ.ps1
[2026-06-08 15:35:10] [INFO] Traitement: /SCRIPT/import_onedrive.csv (5 permission(s))
[2026-06-08 15:35:10] [INFO] === COPIE REELLE: SCRIPT/import_onedrive.csv ===
[2026-06-08 15:35:12] [SUCCESS] === FICHIER COPIE AVEC SUCCES: SCRIPT/import_onedrive.csv ===
[2026-06-08 15:35:12] [WARN] Pas de mappage pour: Propriétaires de SERVICES_GENERAUX () - permission ignorée sur SCRIPT/import_onedrive.csv
[2026-06-08 15:35:12] [WARN] Pas de mappage pour: SERVICES_GENERAUX - Visiteurs () - permission ignorée sur SCRIPT/import_onedrive.csv
[2026-06-08 15:35:12] [WARN] Pas de mappage pour: SERVICES_GENERAUX - Membres () - permission ignorée sur SCRIPT/import_onedrive.csv
[2026-06-08 15:35:12] [SUCCESS] Permission appliquée: Equipe INFRA [write] -> SCRIPT/import_onedrive.csv
[2026-06-08 15:35:12] [WARN] Impossible de résoudre 'test' dans le tenant destination - permission ignorée
[2026-06-08 15:35:12] [INFO] Traitement: /SCRIPT/mail_secondaire.csv (5 permission(s))
[2026-06-08 15:35:12] [INFO] === COPIE REELLE: SCRIPT/mail_secondaire.csv ===
[2026-06-08 15:35:13] [SUCCESS] === FICHIER COPIE AVEC SUCCES: SCRIPT/mail_secondaire.csv ===
[2026-06-08 15:35:14] [WARN] Impossible de résoudre 'test' dans le tenant destination - permission ignorée
[2026-06-08 15:35:14] [WARN] Pas de mappage pour: Propriétaires de SERVICES_GENERAUX () - permission ignorée sur SCRIPT/mail_secondaire.csv
[2026-06-08 15:35:14] [WARN] Pas de mappage pour: SERVICES_GENERAUX - Visiteurs () - permission ignorée sur SCRIPT/mail_secondaire.csv
[2026-06-08 15:35:14] [WARN] Pas de mappage pour: SERVICES_GENERAUX - Membres () - permission ignorée sur SCRIPT/mail_secondaire.csv
[2026-06-08 15:35:14] [SUCCESS] Permission appliquée: Equipe INFRA [write] -> SCRIPT/mail_secondaire.csv
[2026-06-08 15:35:14] [INFO] Traitement: /SCRIPT/migrationwiz_import_email_email (1).csv (5 permission(s))
[2026-06-08 15:35:14] [INFO] === COPIE REELLE: SCRIPT/migrationwiz_import_email_email (1).csv ===
[2026-06-08 15:35:15] [SUCCESS] === FICHIER COPIE AVEC SUCCES: SCRIPT/migrationwiz_import_email_email (1).csv ===
[2026-06-08 15:35:16] [WARN] Pas de mappage pour: SERVICES_GENERAUX - Visiteurs () - permission ignorée sur SCRIPT/migrationwiz_import_email_email (1).csv
[2026-06-08 15:35:16] [WARN] Pas de mappage pour: SERVICES_GENERAUX - Membres () - permission ignorée sur SCRIPT/migrationwiz_import_email_email (1).csv
[2026-06-08 15:35:16] [SUCCESS] Permission appliquée: Equipe INFRA [write] -> SCRIPT/migrationwiz_import_email_email (1).csv
[2026-06-08 15:35:16] [WARN] Pas de mappage pour: Propriétaires de SERVICES_GENERAUX () - permission ignorée sur SCRIPT/migrationwiz_import_email_email (1).csv
[2026-06-08 15:35:16] [WARN] Impossible de résoudre 'test' dans le tenant destination - permission ignorée
[2026-06-08 15:35:16] [INFO] Traitement: /SCRIPT/Murge_BAL_Important!!.txt (5 permission(s))
[2026-06-08 15:35:16] [INFO] === COPIE REELLE: SCRIPT/Murge_BAL_Important!!.txt ===
[2026-06-08 15:35:17] [SUCCESS] === FICHIER COPIE AVEC SUCCES: SCRIPT/Murge_BAL_Important!!.txt ===
[2026-06-08 15:35:18] [WARN] Pas de mappage pour: Propriétaires de SERVICES_GENERAUX () - permission ignorée sur SCRIPT/Murge_BAL_Important!!.txt
[2026-06-08 15:35:18] [WARN] Pas de mappage pour: SERVICES_GENERAUX - Visiteurs () - permission ignorée sur SCRIPT/Murge_BAL_Important!!.txt
[2026-06-08 15:35:18] [SUCCESS] Permission appliquée: Equipe INFRA [write] -> SCRIPT/Murge_BAL_Important!!.txt
[2026-06-08 15:35:18] [WARN] Impossible de résoudre 'test' dans le tenant destination - permission ignorée
[2026-06-08 15:35:18] [WARN] Pas de mappage pour: SERVICES_GENERAUX - Membres () - permission ignorée sur SCRIPT/Murge_BAL_Important!!.txt
[2026-06-08 15:35:18] [INFO] Traitement: /SCRIPT/nouveau 10.txt (5 permission(s))
[2026-06-08 15:35:18] [INFO] === COPIE REELLE: SCRIPT/nouveau 10.txt ===
[2026-06-08 15:35:19] [SUCCESS] === FICHIER COPIE AVEC SUCCES: SCRIPT/nouveau 10.txt ===
[2026-06-08 15:35:19] [WARN] Pas de mappage pour: Propriétaires de SERVICES_GENERAUX () - permission ignorée sur SCRIPT/nouveau 10.txt
[2026-06-08 15:35:19] [WARN] Pas de mappage pour: SERVICES_GENERAUX - Membres () - permission ignorée sur SCRIPT/nouveau 10.txt
[2026-06-08 15:35:20] [SUCCESS] Permission appliquée: Equipe INFRA [write] -> SCRIPT/nouveau 10.txt
[2026-06-08 15:35:20] [WARN] Impossible de résoudre 'test' dans le tenant destination - permission ignorée
[2026-06-08 15:35:20] [WARN] Pas de mappage pour: SERVICES_GENERAUX - Visiteurs () - permission ignorée sur SCRIPT/nouveau 10.txt
[2026-06-08 15:35:20] [INFO] Traitement: /SCRIPT/nouveau 12.txt (5 permission(s))
[2026-06-08 15:35:20] [INFO] === COPIE REELLE: SCRIPT/nouveau 12.txt ===
[2026-06-08 15:35:21] [SUCCESS] === FICHIER COPIE AVEC SUCCES: SCRIPT/nouveau 12.txt ===
[2026-06-08 15:35:21] [WARN] Pas de mappage pour: SERVICES_GENERAUX - Visiteurs () - permission ignorée sur SCRIPT/nouveau 12.txt
[2026-06-08 15:35:21] [SUCCESS] Permission appliquée: Equipe INFRA [write] -> SCRIPT/nouveau 12.txt
[2026-06-08 15:35:21] [WARN] Pas de mappage pour: SERVICES_GENERAUX - Membres () - permission ignorée sur SCRIPT/nouveau 12.txt
[2026-06-08 15:35:21] [WARN] Pas de mappage pour: Propriétaires de SERVICES_GENERAUX () - permission ignorée sur SCRIPT/nouveau 12.txt
[2026-06-08 15:35:21] [WARN] Impossible de résoudre 'test' dans le tenant destination - permission ignorée
[2026-06-08 15:35:21] [INFO] Traitement: /SCRIPT/Nouveau Document texte.csv (5 permission(s))
[2026-06-08 15:35:21] [INFO] === COPIE REELLE: SCRIPT/Nouveau Document texte.csv ===
[2026-06-08 15:35:23] [SUCCESS] === FICHIER COPIE AVEC SUCCES: SCRIPT/Nouveau Document texte.csv ===
[2026-06-08 15:35:23] [WARN] Impossible de résoudre 'test' dans le tenant destination - permission ignorée
[2026-06-08 15:35:23] [SUCCESS] Permission appliquée: Equipe INFRA [write] -> SCRIPT/Nouveau Document texte.csv
[2026-06-08 15:35:23] [WARN] Pas de mappage pour: SERVICES_GENERAUX - Membres () - permission ignorée sur SCRIPT/Nouveau Document texte.csv
[2026-06-08 15:35:23] [WARN] Pas de mappage pour: SERVICES_GENERAUX - Visiteurs () - permission ignorée sur SCRIPT/Nouveau Document texte.csv
[2026-06-08 15:35:23] [WARN] Pas de mappage pour: Propriétaires de SERVICES_GENERAUX () - permission ignorée sur SCRIPT/Nouveau Document texte.csv
[2026-06-08 15:35:23] [INFO] Traitement: /SCRIPT/Post_Fixe.txt (5 permission(s))
[2026-06-08 15:35:23] [INFO] === COPIE REELLE: SCRIPT/Post_Fixe.txt ===
[2026-06-08 15:35:24] [SUCCESS] === FICHIER COPIE AVEC SUCCES: SCRIPT/Post_Fixe.txt ===
[2026-06-08 15:35:25] [WARN] Pas de mappage pour: SERVICES_GENERAUX - Membres () - permission ignorée sur SCRIPT/Post_Fixe.txt
[2026-06-08 15:35:25] [WARN] Impossible de résoudre 'test' dans le tenant destination - permission ignorée
[2026-06-08 15:35:25] [WARN] Pas de mappage pour: SERVICES_GENERAUX - Visiteurs () - permission ignorée sur SCRIPT/Post_Fixe.txt
[2026-06-08 15:35:25] [SUCCESS] Permission appliquée: Equipe INFRA [write] -> SCRIPT/Post_Fixe.txt
[2026-06-08 15:35:25] [WARN] Pas de mappage pour: Propriétaires de SERVICES_GENERAUX () - permission ignorée sur SCRIPT/Post_Fixe.txt
[2026-06-08 15:35:25] [INFO] Traitement: /SCRIPT/Postfix.txt (5 permission(s))
[2026-06-08 15:35:25] [INFO] === COPIE REELLE: SCRIPT/Postfix.txt ===
[2026-06-08 15:35:26] [SUCCESS] === FICHIER COPIE AVEC SUCCES: SCRIPT/Postfix.txt ===
[2026-06-08 15:35:26] [WARN] Pas de mappage pour: SERVICES_GENERAUX - Visiteurs () - permission ignorée sur SCRIPT/Postfix.txt
[2026-06-08 15:35:26] [WARN] Pas de mappage pour: SERVICES_GENERAUX - Membres () - permission ignorée sur SCRIPT/Postfix.txt
[2026-06-08 15:35:27] [SUCCESS] Permission appliquée: Equipe INFRA [write] -> SCRIPT/Postfix.txt
[2026-06-08 15:35:27] [WARN] Impossible de résoudre 'test' dans le tenant destination - permission ignorée
[2026-06-08 15:35:27] [WARN] Pas de mappage pour: Propriétaires de SERVICES_GENERAUX () - permission ignorée sur SCRIPT/Postfix.txt
[2026-06-08 15:35:27] [INFO] Traitement: /SCRIPT/script_activation_user_AD.txt (5 permission(s))
[2026-06-08 15:35:27] [INFO] === COPIE REELLE: SCRIPT/script_activation_user_AD.txt ===
[2026-06-08 15:35:28] [SUCCESS] === FICHIER COPIE AVEC SUCCES: SCRIPT/script_activation_user_AD.txt ===
[2026-06-08 15:35:28] [WARN] Pas de mappage pour: Propriétaires de SERVICES_GENERAUX () - permission ignorée sur SCRIPT/script_activation_user_AD.txt
[2026-06-08 15:35:28] [WARN] Pas de mappage pour: SERVICES_GENERAUX - Membres () - permission ignorée sur SCRIPT/script_activation_user_AD.txt
[2026-06-08 15:35:28] [WARN] Impossible de résoudre 'test' dans le tenant destination - permission ignorée
[2026-06-08 15:35:28] [SUCCESS] Permission appliquée: Equipe INFRA [write] -> SCRIPT/script_activation_user_AD.txt
[2026-06-08 15:35:28] [WARN] Pas de mappage pour: SERVICES_GENERAUX - Visiteurs () - permission ignorée sur SCRIPT/script_activation_user_AD.txt
[2026-06-08 15:35:28] [INFO] Traitement: /SCRIPT/script_ajout_adressemail_secondaire_proxyadress.txt (5 permission(s))
[2026-06-08 15:35:28] [INFO] === COPIE REELLE: SCRIPT/script_ajout_adressemail_secondaire_proxyadress.txt ===
[2026-06-08 15:35:30] [SUCCESS] === FICHIER COPIE AVEC SUCCES: SCRIPT/script_ajout_adressemail_secondaire_proxyadress.txt ===
[2026-06-08 15:35:30] [WARN] Pas de mappage pour: Propriétaires de SERVICES_GENERAUX () - permission ignorée sur SCRIPT/script_ajout_adressemail_secondaire_proxyadress.txt
[2026-06-08 15:35:30] [WARN] Pas de mappage pour: SERVICES_GENERAUX - Visiteurs () - permission ignorée sur SCRIPT/script_ajout_adressemail_secondaire_proxyadress.txt
[2026-06-08 15:35:30] [WARN] Pas de mappage pour: SERVICES_GENERAUX - Membres () - permission ignorée sur SCRIPT/script_ajout_adressemail_secondaire_proxyadress.txt
[2026-06-08 15:35:30] [SUCCESS] Permission appliquée: Equipe INFRA [write] -> SCRIPT/script_ajout_adressemail_secondaire_proxyadress.txt
[2026-06-08 15:35:30] [WARN] Impossible de résoudre 'test' dans le tenant destination - permission ignorée
[2026-06-08 15:35:30] [INFO] Traitement: /SCRIPT/script_ajout_champs_mail_en_masse.txt (5 permission(s))
[2026-06-08 15:35:30] [INFO] === COPIE REELLE: SCRIPT/script_ajout_champs_mail_en_masse.txt ===
[2026-06-08 15:35:31] [SUCCESS] === FICHIER COPIE AVEC SUCCES: SCRIPT/script_ajout_champs_mail_en_masse.txt ===
[2026-06-08 15:35:31] [WARN] Impossible de résoudre 'test' dans le tenant destination - permission ignorée
[2026-06-08 15:35:32] [SUCCESS] Permission appliquée: Equipe INFRA [write] -> SCRIPT/script_ajout_champs_mail_en_masse.txt
[2026-06-08 15:35:32] [WARN] Pas de mappage pour: SERVICES_GENERAUX - Visiteurs () - permission ignorée sur SCRIPT/script_ajout_champs_mail_en_masse.txt
[2026-06-08 15:35:32] [WARN] Pas de mappage pour: SERVICES_GENERAUX - Membres () - permission ignorée sur SCRIPT/script_ajout_champs_mail_en_masse.txt
[2026-06-08 15:35:32] [WARN] Pas de mappage pour: Propriétaires de SERVICES_GENERAUX () - permission ignorée sur SCRIPT/script_ajout_champs_mail_en_masse.txt
[2026-06-08 15:35:32] [INFO] Traitement: /SCRIPT/Script_ajout_compte_admin_dans_les_sites_sharepoint.txt (5 permission(s))
[2026-06-08 15:35:32] [INFO] === COPIE REELLE: SCRIPT/Script_ajout_compte_admin_dans_les_sites_sharepoint.txt ===
[2026-06-08 15:35:33] [SUCCESS] === FICHIER COPIE AVEC SUCCES: SCRIPT/Script_ajout_compte_admin_dans_les_sites_sharepoint.txt ===
[2026-06-08 15:35:33] [WARN] Pas de mappage pour: SERVICES_GENERAUX - Visiteurs () - permission ignorée sur SCRIPT/Script_ajout_compte_admin_dans_les_sites_sharepoint.txt
[2026-06-08 15:35:33] [WARN] Pas de mappage pour: Propriétaires de SERVICES_GENERAUX () - permission ignorée sur SCRIPT/Script_ajout_compte_admin_dans_les_sites_sharepoint.txt
[2026-06-08 15:35:33] [SUCCESS] Permission appliquée: Equipe INFRA [write] -> SCRIPT/Script_ajout_compte_admin_dans_les_sites_sharepoint.txt
[2026-06-08 15:35:33] [WARN] Impossible de résoudre 'test' dans le tenant destination - permission ignorée
[2026-06-08 15:35:33] [WARN] Pas de mappage pour: SERVICES_GENERAUX - Membres () - permission ignorée sur SCRIPT/Script_ajout_compte_admin_dans_les_sites_sharepoint.txt
[2026-06-08 15:35:33] [INFO] Traitement: /SCRIPT/Script_ajout_délegation_FullAcces_BP.txt (5 permission(s))
[2026-06-08 15:35:33] [INFO] === COPIE REELLE: SCRIPT/Script_ajout_délegation_FullAcces_BP.txt ===
[2026-06-08 15:35:35] [SUCCESS] === FICHIER COPIE AVEC SUCCES: SCRIPT/Script_ajout_délegation_FullAcces_BP.txt ===
[2026-06-08 15:35:35] [WARN] Pas de mappage pour: SERVICES_GENERAUX - Membres () - permission ignorée sur SCRIPT/Script_ajout_délegation_FullAcces_BP.txt
[2026-06-08 15:35:35] [WARN] Pas de mappage pour: Propriétaires de SERVICES_GENERAUX () - permission ignorée sur SCRIPT/Script_ajout_délegation_FullAcces_BP.txt
[2026-06-08 15:35:35] [WARN] Impossible de résoudre 'test' dans le tenant destination - permission ignorée
[2026-06-08 15:35:35] [SUCCESS] Permission appliquée: Equipe INFRA [write] -> SCRIPT/Script_ajout_délegation_FullAcces_BP.txt
[2026-06-08 15:35:35] [WARN] Pas de mappage pour: SERVICES_GENERAUX - Visiteurs () - permission ignorée sur SCRIPT/Script_ajout_délegation_FullAcces_BP.txt
[2026-06-08 15:35:35] [INFO] Traitement: /SCRIPT/script_ajout_mailsecondaire_proxyadress_plusieursdomaine.txt (5 permission(s))
[2026-06-08 15:35:35] [INFO] === COPIE REELLE: SCRIPT/script_ajout_mailsecondaire_proxyadress_plusieursdomaine.txt ===
[2026-06-08 15:35:36] [SUCCESS] === FICHIER COPIE AVEC SUCCES: SCRIPT/script_ajout_mailsecondaire_proxyadress_plusieursdomaine.txt ===
[2026-06-08 15:35:36] [WARN] Pas de mappage pour: Propriétaires de SERVICES_GENERAUX () - permission ignorée sur SCRIPT/script_ajout_mailsecondaire_proxyadress_plusieursdomaine.txt
[2026-06-08 15:35:36] [WARN] Pas de mappage pour: SERVICES_GENERAUX - Visiteurs () - permission ignorée sur SCRIPT/script_ajout_mailsecondaire_proxyadress_plusieursdomaine.txt
[2026-06-08 15:35:36] [WARN] Pas de mappage pour: SERVICES_GENERAUX - Membres () - permission ignorée sur SCRIPT/script_ajout_mailsecondaire_proxyadress_plusieursdomaine.txt
[2026-06-08 15:35:37] [SUCCESS] Permission appliquée: Equipe INFRA [write] -> SCRIPT/script_ajout_mailsecondaire_proxyadress_plusieursdomaine.txt
[2026-06-08 15:35:37] [WARN] Impossible de résoudre 'test' dans le tenant destination - permission ignorée
[2026-06-08 15:35:37] [INFO] Traitement: /SCRIPT/script_ajout_SMTP_proxyadress_en_masse.txt (5 permission(s))
[2026-06-08 15:35:37] [INFO] === COPIE REELLE: SCRIPT/script_ajout_SMTP_proxyadress_en_masse.txt ===
[2026-06-08 15:35:38] [SUCCESS] === FICHIER COPIE AVEC SUCCES: SCRIPT/script_ajout_SMTP_proxyadress_en_masse.txt ===
[2026-06-08 15:35:38] [WARN] Pas de mappage pour: SERVICES_GENERAUX - Visiteurs () - permission ignorée sur SCRIPT/script_ajout_SMTP_proxyadress_en_masse.txt
[2026-06-08 15:35:38] [WARN] Pas de mappage pour: SERVICES_GENERAUX - Membres () - permission ignorée sur SCRIPT/script_ajout_SMTP_proxyadress_en_masse.txt
[2026-06-08 15:35:38] [SUCCESS] Permission appliquée: Equipe INFRA [write] -> SCRIPT/script_ajout_SMTP_proxyadress_en_masse.txt
[2026-06-08 15:35:38] [WARN] Impossible de résoudre 'test' dans le tenant destination - permission ignorée
[2026-06-08 15:35:38] [WARN] Pas de mappage pour: Propriétaires de SERVICES_GENERAUX () - permission ignorée sur SCRIPT/script_ajout_SMTP_proxyadress_en_masse.txt
[2026-06-08 15:35:38] [INFO] Traitement: /SCRIPT/script_délégation_BP.txt (5 permission(s))
[2026-06-08 15:35:38] [INFO] === COPIE REELLE: SCRIPT/script_délégation_BP.txt ===
[2026-06-08 15:35:39] [SUCCESS] === FICHIER COPIE AVEC SUCCES: SCRIPT/script_délégation_BP.txt ===
[2026-06-08 15:35:40] [WARN] Impossible de résoudre 'test' dans le tenant destination - permission ignorée
[2026-06-08 15:35:40] [WARN] Pas de mappage pour: Propriétaires de SERVICES_GENERAUX () - permission ignorée sur SCRIPT/script_délégation_BP.txt
[2026-06-08 15:35:40] [WARN] Pas de mappage pour: SERVICES_GENERAUX - Visiteurs () - permission ignorée sur SCRIPT/script_délégation_BP.txt
[2026-06-08 15:35:40] [WARN] Pas de mappage pour: SERVICES_GENERAUX - Membres () - permission ignorée sur SCRIPT/script_délégation_BP.txt
[2026-06-08 15:35:40] [SUCCESS] Permission appliquée: Equipe INFRA [write] -> SCRIPT/script_délégation_BP.txt
[2026-06-08 15:35:40] [INFO] Traitement: /SCRIPT/script_délégation_bp_mail.txt (5 permission(s))
[2026-06-08 15:35:40] [INFO] === COPIE REELLE: SCRIPT/script_délégation_bp_mail.txt ===
[2026-06-08 15:35:41] [SUCCESS] === FICHIER COPIE AVEC SUCCES: SCRIPT/script_délégation_bp_mail.txt ===
[2026-06-08 15:35:41] [WARN] Pas de mappage pour: SERVICES_GENERAUX - Visiteurs () - permission ignorée sur SCRIPT/script_délégation_bp_mail.txt
[2026-06-08 15:35:41] [WARN] Pas de mappage pour: Propriétaires de SERVICES_GENERAUX () - permission ignorée sur SCRIPT/script_délégation_bp_mail.txt
[2026-06-08 15:35:41] [WARN] Pas de mappage pour: SERVICES_GENERAUX - Membres () - permission ignorée sur SCRIPT/script_délégation_bp_mail.txt
[2026-06-08 15:35:41] [SUCCESS] Permission appliquée: Equipe INFRA [write] -> SCRIPT/script_délégation_bp_mail.txt
[2026-06-08 15:35:41] [WARN] Impossible de résoudre 'test' dans le tenant destination - permission ignorée
[2026-06-08 15:35:41] [INFO] Traitement: /SCRIPT/script_délégation_Fullaccess_BP.txt (5 permission(s))
[2026-06-08 15:35:41] [INFO] === COPIE REELLE: SCRIPT/script_délégation_Fullaccess_BP.txt ===
[2026-06-08 15:35:43] [SUCCESS] === FICHIER COPIE AVEC SUCCES: SCRIPT/script_délégation_Fullaccess_BP.txt ===
[2026-06-08 15:35:43] [WARN] Pas de mappage pour: Propriétaires de SERVICES_GENERAUX () - permission ignorée sur SCRIPT/script_délégation_Fullaccess_BP.txt
[2026-06-08 15:35:43] [WARN] Pas de mappage pour: SERVICES_GENERAUX - Visiteurs () - permission ignorée sur SCRIPT/script_délégation_Fullaccess_BP.txt
[2026-06-08 15:35:43] [WARN] Pas de mappage pour: SERVICES_GENERAUX - Membres () - permission ignorée sur SCRIPT/script_délégation_Fullaccess_BP.txt
[2026-06-08 15:35:43] [SUCCESS] Permission appliquée: Equipe INFRA [write] -> SCRIPT/script_délégation_Fullaccess_BP.txt
[2026-06-08 15:35:43] [WARN] Impossible de résoudre 'test' dans le tenant destination - permission ignorée
[2026-06-08 15:35:43] [INFO] Traitement: /SCRIPT/Script_delegation_SendAs_BP.txt (5 permission(s))
[2026-06-08 15:35:43] [INFO] === COPIE REELLE: SCRIPT/Script_delegation_SendAs_BP.txt ===
[2026-06-08 15:35:44] [SUCCESS] === FICHIER COPIE AVEC SUCCES: SCRIPT/Script_delegation_SendAs_BP.txt ===
[2026-06-08 15:35:44] [WARN] Pas de mappage pour: Propriétaires de SERVICES_GENERAUX () - permission ignorée sur SCRIPT/Script_delegation_SendAs_BP.txt
[2026-06-08 15:35:45] [WARN] Pas de mappage pour: SERVICES_GENERAUX - Visiteurs () - permission ignorée sur SCRIPT/Script_delegation_SendAs_BP.txt
[2026-06-08 15:35:45] [WARN] Pas de mappage pour: SERVICES_GENERAUX - Membres () - permission ignorée sur SCRIPT/Script_delegation_SendAs_BP.txt
[2026-06-08 15:35:45] [WARN] Impossible de résoudre 'test' dans le tenant destination - permission ignorée
[2026-06-08 15:35:45] [SUCCESS] Permission appliquée: Equipe INFRA [write] -> SCRIPT/Script_delegation_SendAs_BP.txt
[2026-06-08 15:35:45] [INFO] Traitement: /SCRIPT/script_délégation_SendAs_BP.txt (5 permission(s))
[2026-06-08 15:35:45] [INFO] === COPIE REELLE: SCRIPT/script_délégation_SendAs_BP.txt ===
[2026-06-08 15:35:46] [SUCCESS] === FICHIER COPIE AVEC SUCCES: SCRIPT/script_délégation_SendAs_BP.txt ===
[2026-06-08 15:35:46] [WARN] Pas de mappage pour: Propriétaires de SERVICES_GENERAUX () - permission ignorée sur SCRIPT/script_délégation_SendAs_BP.txt
[2026-06-08 15:35:46] [WARN] Pas de mappage pour: SERVICES_GENERAUX - Visiteurs () - permission ignorée sur SCRIPT/script_délégation_SendAs_BP.txt
[2026-06-08 15:35:46] [WARN] Pas de mappage pour: SERVICES_GENERAUX - Membres () - permission ignorée sur SCRIPT/script_délégation_SendAs_BP.txt
[2026-06-08 15:35:46] [SUCCESS] Permission appliquée: Equipe INFRA [write] -> SCRIPT/script_délégation_SendAs_BP.txt
[2026-06-08 15:35:46] [WARN] Impossible de résoudre 'test' dans le tenant destination - permission ignorée
[2026-06-08 15:35:46] [INFO] Traitement: /SCRIPT/script_désactivation_user.txt (5 permission(s))
[2026-06-08 15:35:46] [INFO] === COPIE REELLE: SCRIPT/script_désactivation_user.txt ===
[2026-06-08 15:35:48] [SUCCESS] === FICHIER COPIE AVEC SUCCES: SCRIPT/script_désactivation_user.txt ===
[2026-06-08 15:35:48] [WARN] Impossible de résoudre 'test' dans le tenant destination - permission ignorée
[2026-06-08 15:35:48] [WARN] Pas de mappage pour: Propriétaires de SERVICES_GENERAUX () - permission ignorée sur SCRIPT/script_désactivation_user.txt
[2026-06-08 15:35:48] [WARN] Pas de mappage pour: SERVICES_GENERAUX - Visiteurs () - permission ignorée sur SCRIPT/script_désactivation_user.txt
[2026-06-08 15:35:48] [WARN] Pas de mappage pour: SERVICES_GENERAUX - Membres () - permission ignorée sur SCRIPT/script_désactivation_user.txt
[2026-06-08 15:35:48] [SUCCESS] Permission appliquée: Equipe INFRA [write] -> SCRIPT/script_désactivation_user.txt
[2026-06-08 15:35:48] [INFO] Traitement: /SCRIPT/Script_droit_BP.txt (5 permission(s))
[2026-06-08 15:35:48] [INFO] === COPIE REELLE: SCRIPT/Script_droit_BP.txt ===
[2026-06-08 15:35:49] [SUCCESS] === FICHIER COPIE AVEC SUCCES: SCRIPT/Script_droit_BP.txt ===
[2026-06-08 15:35:49] [WARN] Pas de mappage pour: Propriétaires de SERVICES_GENERAUX () - permission ignorée sur SCRIPT/Script_droit_BP.txt
[2026-06-08 15:35:49] [WARN] Pas de mappage pour: SERVICES_GENERAUX - Visiteurs () - permission ignorée sur SCRIPT/Script_droit_BP.txt
[2026-06-08 15:35:49] [WARN] Pas de mappage pour: SERVICES_GENERAUX - Membres () - permission ignorée sur SCRIPT/Script_droit_BP.txt
[2026-06-08 15:35:50] [SUCCESS] Permission appliquée: Equipe INFRA [write] -> SCRIPT/Script_droit_BP.txt
[2026-06-08 15:35:50] [WARN] Impossible de résoudre 'test' dans le tenant destination - permission ignorée
[2026-06-08 15:35:50] [INFO] Traitement: /SCRIPT/Script_extrac_SMTP_Principale.txt (5 permission(s))
[2026-06-08 15:35:50] [INFO] === COPIE REELLE: SCRIPT/Script_extrac_SMTP_Principale.txt ===
[2026-06-08 15:35:51] [SUCCESS] === FICHIER COPIE AVEC SUCCES: SCRIPT/Script_extrac_SMTP_Principale.txt ===
[2026-06-08 15:35:51] [WARN] Pas de mappage pour: Propriétaires de SERVICES_GENERAUX () - permission ignorée sur SCRIPT/Script_extrac_SMTP_Principale.txt
[2026-06-08 15:35:51] [WARN] Pas de mappage pour: SERVICES_GENERAUX - Visiteurs () - permission ignorée sur SCRIPT/Script_extrac_SMTP_Principale.txt
[2026-06-08 15:35:51] [WARN] Pas de mappage pour: SERVICES_GENERAUX - Membres () - permission ignorée sur SCRIPT/Script_extrac_SMTP_Principale.txt
[2026-06-08 15:35:51] [SUCCESS] Permission appliquée: Equipe INFRA [write] -> SCRIPT/Script_extrac_SMTP_Principale.txt
[2026-06-08 15:35:51] [WARN] Impossible de résoudre 'test' dans le tenant destination - permission ignorée
[2026-06-08 15:35:51] [INFO] Traitement: /SCRIPT/Script_Extract_adressemail_Exchange_Online.txt (5 permission(s))
[2026-06-08 15:35:51] [INFO] === COPIE REELLE: SCRIPT/Script_Extract_adressemail_Exchange_Online.txt ===
[2026-06-08 15:35:53] [SUCCESS] === FICHIER COPIE AVEC SUCCES: SCRIPT/Script_Extract_adressemail_Exchange_Online.txt ===
[2026-06-08 15:35:53] [WARN] Pas de mappage pour: SERVICES_GENERAUX - Visiteurs () - permission ignorée sur SCRIPT/Script_Extract_adressemail_Exchange_Online.txt
[2026-06-08 15:35:53] [WARN] Pas de mappage pour: Propriétaires de SERVICES_GENERAUX () - permission ignorée sur SCRIPT/Script_Extract_adressemail_Exchange_Online.txt
[2026-06-08 15:35:53] [SUCCESS] Permission appliquée: Equipe INFRA [write] -> SCRIPT/Script_Extract_adressemail_Exchange_Online.txt
[2026-06-08 15:35:53] [WARN] Pas de mappage pour: SERVICES_GENERAUX - Membres () - permission ignorée sur SCRIPT/Script_Extract_adressemail_Exchange_Online.txt
[2026-06-08 15:35:53] [WARN] Impossible de résoudre 'test' dans le tenant destination - permission ignorée
[2026-06-08 15:35:53] [INFO] Traitement: /SCRIPT/Script_Extract_délégation_BP.txt (5 permission(s))
[2026-06-08 15:35:53] [INFO] === COPIE REELLE: SCRIPT/Script_Extract_délégation_BP.txt ===
[2026-06-08 15:35:54] [SUCCESS] === FICHIER COPIE AVEC SUCCES: SCRIPT/Script_Extract_délégation_BP.txt ===
[2026-06-08 15:35:54] [WARN] Pas de mappage pour: Propriétaires de SERVICES_GENERAUX () - permission ignorée sur SCRIPT/Script_Extract_délégation_BP.txt
[2026-06-08 15:35:54] [WARN] Pas de mappage pour: SERVICES_GENERAUX - Visiteurs () - permission ignorée sur SCRIPT/Script_Extract_délégation_BP.txt
[2026-06-08 15:35:54] [WARN] Pas de mappage pour: SERVICES_GENERAUX - Membres () - permission ignorée sur SCRIPT/Script_Extract_délégation_BP.txt
[2026-06-08 15:35:55] [SUCCESS] Permission appliquée: Equipe INFRA [write] -> SCRIPT/Script_Extract_délégation_BP.txt
[2026-06-08 15:35:55] [WARN] Impossible de résoudre 'test' dans le tenant destination - permission ignorée
[2026-06-08 15:35:55] [INFO] Traitement: /SCRIPT/script_extract_membre_groupe_AD.txt (5 permission(s))
[2026-06-08 15:35:55] [INFO] === COPIE REELLE: SCRIPT/script_extract_membre_groupe_AD.txt ===
[2026-06-08 15:35:56] [SUCCESS] === FICHIER COPIE AVEC SUCCES: SCRIPT/script_extract_membre_groupe_AD.txt ===
[2026-06-08 15:35:57] [WARN] Pas de mappage pour: Propriétaires de SERVICES_GENERAUX () - permission ignorée sur SCRIPT/script_extract_membre_groupe_AD.txt
[2026-06-08 15:35:57] [WARN] Pas de mappage pour: SERVICES_GENERAUX - Visiteurs () - permission ignorée sur SCRIPT/script_extract_membre_groupe_AD.txt
[2026-06-08 15:35:57] [WARN] Pas de mappage pour: SERVICES_GENERAUX - Membres () - permission ignorée sur SCRIPT/script_extract_membre_groupe_AD.txt
[2026-06-08 15:35:57] [WARN] Impossible de résoudre 'test' dans le tenant destination - permission ignorée
[2026-06-08 15:35:57] [SUCCESS] Permission appliquée: Equipe INFRA [write] -> SCRIPT/script_extract_membre_groupe_AD.txt
[2026-06-08 15:35:57] [INFO] Traitement: /SCRIPT/script_extract_onedrive.txt (5 permission(s))
[2026-06-08 15:35:57] [INFO] === COPIE REELLE: SCRIPT/script_extract_onedrive.txt ===
[2026-06-08 15:35:59] [SUCCESS] === FICHIER COPIE AVEC SUCCES: SCRIPT/script_extract_onedrive.txt ===
[2026-06-08 15:35:59] [WARN] Pas de mappage pour: SERVICES_GENERAUX - Membres () - permission ignorée sur SCRIPT/script_extract_onedrive.txt
[2026-06-08 15:35:59] [WARN] Pas de mappage pour: Propriétaires de SERVICES_GENERAUX () - permission ignorée sur SCRIPT/script_extract_onedrive.txt
[2026-06-08 15:35:59] [WARN] Pas de mappage pour: SERVICES_GENERAUX - Visiteurs () - permission ignorée sur SCRIPT/script_extract_onedrive.txt
[2026-06-08 15:35:59] [SUCCESS] Permission appliquée: Equipe INFRA [write] -> SCRIPT/script_extract_onedrive.txt
[2026-06-08 15:35:59] [WARN] Impossible de résoudre 'test' dans le tenant destination - permission ignorée
[2026-06-08 15:35:59] [INFO] Traitement: /SCRIPT/script_extract_proxyaddress.txt (5 permission(s))
[2026-06-08 15:35:59] [INFO] === COPIE REELLE: SCRIPT/script_extract_proxyaddress.txt ===
[2026-06-08 15:36:00] [SUCCESS] === FICHIER COPIE AVEC SUCCES: SCRIPT/script_extract_proxyaddress.txt ===
[2026-06-08 15:36:00] [WARN] Pas de mappage pour: SERVICES_GENERAUX - Membres () - permission ignorée sur SCRIPT/script_extract_proxyaddress.txt
[2026-06-08 15:36:00] [WARN] Pas de mappage pour: Propriétaires de SERVICES_GENERAUX () - permission ignorée sur SCRIPT/script_extract_proxyaddress.txt
[2026-06-08 15:36:00] [WARN] Pas de mappage pour: SERVICES_GENERAUX - Visiteurs () - permission ignorée sur SCRIPT/script_extract_proxyaddress.txt
[2026-06-08 15:36:00] [WARN] Impossible de résoudre 'test' dans le tenant destination - permission ignorée
[2026-06-08 15:36:01] [SUCCESS] Permission appliquée: Equipe INFRA [write] -> SCRIPT/script_extract_proxyaddress.txt
[2026-06-08 15:36:01] [INFO] Traitement: /SCRIPT/script_extract_Proxyadress_format.txt (5 permission(s))
[2026-06-08 15:36:01] [INFO] === COPIE REELLE: SCRIPT/script_extract_Proxyadress_format.txt ===
[2026-06-08 15:36:02] [SUCCESS] === FICHIER COPIE AVEC SUCCES: SCRIPT/script_extract_Proxyadress_format.txt ===
[2026-06-08 15:36:02] [WARN] Impossible de résoudre 'test' dans le tenant destination - permission ignorée
[2026-06-08 15:36:02] [SUCCESS] Permission appliquée: Equipe INFRA [write] -> SCRIPT/script_extract_Proxyadress_format.txt
[2026-06-08 15:36:02] [WARN] Pas de mappage pour: SERVICES_GENERAUX - Membres () - permission ignorée sur SCRIPT/script_extract_Proxyadress_format.txt
[2026-06-08 15:36:02] [WARN] Pas de mappage pour: SERVICES_GENERAUX - Visiteurs () - permission ignorée sur SCRIPT/script_extract_Proxyadress_format.txt
[2026-06-08 15:36:02] [WARN] Pas de mappage pour: Propriétaires de SERVICES_GENERAUX () - permission ignorée sur SCRIPT/script_extract_Proxyadress_format.txt
[2026-06-08 15:36:02] [INFO] Traitement: /SCRIPT/script_extract_UPN_AD.txt (5 permission(s))
[2026-06-08 15:36:02] [INFO] === COPIE REELLE: SCRIPT/script_extract_UPN_AD.txt ===
[2026-06-08 15:36:04] [SUCCESS] === FICHIER COPIE AVEC SUCCES: SCRIPT/script_extract_UPN_AD.txt ===
[2026-06-08 15:36:04] [WARN] Pas de mappage pour: Propriétaires de SERVICES_GENERAUX () - permission ignorée sur SCRIPT/script_extract_UPN_AD.txt
[2026-06-08 15:36:04] [WARN] Pas de mappage pour: SERVICES_GENERAUX - Visiteurs () - permission ignorée sur SCRIPT/script_extract_UPN_AD.txt
[2026-06-08 15:36:04] [WARN] Pas de mappage pour: SERVICES_GENERAUX - Membres () - permission ignorée sur SCRIPT/script_extract_UPN_AD.txt
[2026-06-08 15:36:04] [SUCCESS] Permission appliquée: Equipe INFRA [write] -> SCRIPT/script_extract_UPN_AD.txt
[2026-06-08 15:36:04] [WARN] Impossible de résoudre 'test' dans le tenant destination - permission ignorée
[2026-06-08 15:36:04] [INFO] Traitement: /SCRIPT/script_extraction_de_la_liste_des_sites_sharepoint.txt (5 permission(s))
[2026-06-08 15:36:04] [INFO] === COPIE REELLE: SCRIPT/script_extraction_de_la_liste_des_sites_sharepoint.txt ===
[2026-06-08 15:36:05] [SUCCESS] === FICHIER COPIE AVEC SUCCES: SCRIPT/script_extraction_de_la_liste_des_sites_sharepoint.txt ===
[2026-06-08 15:36:06] [SUCCESS] Permission appliquée: Equipe INFRA [write] -> SCRIPT/script_extraction_de_la_liste_des_sites_sharepoint.txt
[2026-06-08 15:36:06] [WARN] Impossible de résoudre 'test' dans le tenant destination - permission ignorée
[2026-06-08 15:36:06] [WARN] Pas de mappage pour: Propriétaires de SERVICES_GENERAUX () - permission ignorée sur SCRIPT/script_extraction_de_la_liste_des_sites_sharepoint.txt
[2026-06-08 15:36:06] [WARN] Pas de mappage pour: SERVICES_GENERAUX - Visiteurs () - permission ignorée sur SCRIPT/script_extraction_de_la_liste_des_sites_sharepoint.txt
[2026-06-08 15:36:06] [WARN] Pas de mappage pour: SERVICES_GENERAUX - Membres () - permission ignorée sur SCRIPT/script_extraction_de_la_liste_des_sites_sharepoint.txt
[2026-06-08 15:36:06] [INFO] Traitement: /SCRIPT/script_Inscription_SSO_Appli_Azure.txt (5 permission(s))
[2026-06-08 15:36:06] [INFO] === COPIE REELLE: SCRIPT/script_Inscription_SSO_Appli_Azure.txt ===
[2026-06-08 15:36:07] [SUCCESS] === FICHIER COPIE AVEC SUCCES: SCRIPT/script_Inscription_SSO_Appli_Azure.txt ===
[2026-06-08 15:36:07] [WARN] Pas de mappage pour: SERVICES_GENERAUX - Visiteurs () - permission ignorée sur SCRIPT/script_Inscription_SSO_Appli_Azure.txt
[2026-06-08 15:36:07] [SUCCESS] Permission appliquée: Equipe INFRA [write] -> SCRIPT/script_Inscription_SSO_Appli_Azure.txt
[2026-06-08 15:36:07] [WARN] Pas de mappage pour: SERVICES_GENERAUX - Membres () - permission ignorée sur SCRIPT/script_Inscription_SSO_Appli_Azure.txt
[2026-06-08 15:36:08] [WARN] Impossible de résoudre 'test' dans le tenant destination - permission ignorée
[2026-06-08 15:36:08] [WARN] Pas de mappage pour: Propriétaires de SERVICES_GENERAUX () - permission ignorée sur SCRIPT/script_Inscription_SSO_Appli_Azure.txt
[2026-06-08 15:36:08] [INFO] Traitement: /SCRIPT/script_modif_champ_email_docu.ch (5 permission(s))
[2026-06-08 15:36:08] [INFO] === COPIE REELLE: SCRIPT/script_modif_champ_email_docu.ch ===
[2026-06-08 15:36:09] [SUCCESS] === FICHIER COPIE AVEC SUCCES: SCRIPT/script_modif_champ_email_docu.ch ===
[2026-06-08 15:36:09] [WARN] Pas de mappage pour: SERVICES_GENERAUX - Membres () - permission ignorée sur SCRIPT/script_modif_champ_email_docu.ch
[2026-06-08 15:36:09] [WARN] Pas de mappage pour: Propriétaires de SERVICES_GENERAUX () - permission ignorée sur SCRIPT/script_modif_champ_email_docu.ch
[2026-06-08 15:36:09] [SUCCESS] Permission appliquée: Equipe INFRA [write] -> SCRIPT/script_modif_champ_email_docu.ch
[2026-06-08 15:36:09] [WARN] Impossible de résoudre 'test' dans le tenant destination - permission ignorée
[2026-06-08 15:36:09] [WARN] Pas de mappage pour: SERVICES_GENERAUX - Visiteurs () - permission ignorée sur SCRIPT/script_modif_champ_email_docu.ch
[2026-06-08 15:36:09] [INFO] Traitement: /SCRIPT/Script_modif_proxyaddress_Group.txt (5 permission(s))
[2026-06-08 15:36:09] [INFO] === COPIE REELLE: SCRIPT/Script_modif_proxyaddress_Group.txt ===
[2026-06-08 15:36:10] [SUCCESS] === FICHIER COPIE AVEC SUCCES: SCRIPT/Script_modif_proxyaddress_Group.txt ===
[2026-06-08 15:36:10] [WARN] Pas de mappage pour: Propriétaires de SERVICES_GENERAUX () - permission ignorée sur SCRIPT/Script_modif_proxyaddress_Group.txt
[2026-06-08 15:36:10] [WARN] Pas de mappage pour: SERVICES_GENERAUX - Visiteurs () - permission ignorée sur SCRIPT/Script_modif_proxyaddress_Group.txt
[2026-06-08 15:36:10] [WARN] Pas de mappage pour: SERVICES_GENERAUX - Membres () - permission ignorée sur SCRIPT/Script_modif_proxyaddress_Group.txt
[2026-06-08 15:36:11] [SUCCESS] Permission appliquée: Equipe INFRA [write] -> SCRIPT/Script_modif_proxyaddress_Group.txt
[2026-06-08 15:36:11] [WARN] Impossible de résoudre 'test' dans le tenant destination - permission ignorée
[2026-06-08 15:36:11] [INFO] Traitement: /SCRIPT/Script_modif_proxyadress_docu.ch.txt (5 permission(s))
[2026-06-08 15:36:11] [INFO] === COPIE REELLE: SCRIPT/Script_modif_proxyadress_docu.ch.txt ===
[2026-06-08 15:36:12] [SUCCESS] === FICHIER COPIE AVEC SUCCES: SCRIPT/Script_modif_proxyadress_docu.ch.txt ===
[2026-06-08 15:36:12] [WARN] Pas de mappage pour: Propriétaires de SERVICES_GENERAUX () - permission ignorée sur SCRIPT/Script_modif_proxyadress_docu.ch.txt
[2026-06-08 15:36:12] [WARN] Pas de mappage pour: SERVICES_GENERAUX - Visiteurs () - permission ignorée sur SCRIPT/Script_modif_proxyadress_docu.ch.txt
[2026-06-08 15:36:13] [SUCCESS] Permission appliquée: Equipe INFRA [write] -> SCRIPT/Script_modif_proxyadress_docu.ch.txt
[2026-06-08 15:36:13] [WARN] Impossible de résoudre 'test' dans le tenant destination - permission ignorée
[2026-06-08 15:36:13] [WARN] Pas de mappage pour: SERVICES_GENERAUX - Membres () - permission ignorée sur SCRIPT/Script_modif_proxyadress_docu.ch.txt
[2026-06-08 15:36:13] [INFO] Traitement: /SCRIPT/script_modification_UPN_AD_User.txt (5 permission(s))
[2026-06-08 15:36:13] [INFO] === COPIE REELLE: SCRIPT/script_modification_UPN_AD_User.txt ===
[2026-06-08 15:36:14] [SUCCESS] === FICHIER COPIE AVEC SUCCES: SCRIPT/script_modification_UPN_AD_User.txt ===
[2026-06-08 15:36:14] [WARN] Pas de mappage pour: Propriétaires de SERVICES_GENERAUX () - permission ignorée sur SCRIPT/script_modification_UPN_AD_User.txt
[2026-06-08 15:36:14] [WARN] Pas de mappage pour: SERVICES_GENERAUX - Visiteurs () - permission ignorée sur SCRIPT/script_modification_UPN_AD_User.txt
[2026-06-08 15:36:14] [WARN] Pas de mappage pour: SERVICES_GENERAUX - Membres () - permission ignorée sur SCRIPT/script_modification_UPN_AD_User.txt
[2026-06-08 15:36:14] [SUCCESS] Permission appliquée: Equipe INFRA [write] -> SCRIPT/script_modification_UPN_AD_User.txt
[2026-06-08 15:36:14] [WARN] Impossible de résoudre 'test' dans le tenant destination - permission ignorée
[2026-06-08 15:36:14] [INFO] Traitement: /SCRIPT/script_modifier_le_champ_mail.txt (5 permission(s))
[2026-06-08 15:36:14] [INFO] === COPIE REELLE: SCRIPT/script_modifier_le_champ_mail.txt ===
[2026-06-08 15:36:16] [SUCCESS] === FICHIER COPIE AVEC SUCCES: SCRIPT/script_modifier_le_champ_mail.txt ===
[2026-06-08 15:36:16] [WARN] Pas de mappage pour: Propriétaires de SERVICES_GENERAUX () - permission ignorée sur SCRIPT/script_modifier_le_champ_mail.txt
[2026-06-08 15:36:16] [WARN] Pas de mappage pour: SERVICES_GENERAUX - Visiteurs () - permission ignorée sur SCRIPT/script_modifier_le_champ_mail.txt
[2026-06-08 15:36:16] [WARN] Impossible de résoudre 'test' dans le tenant destination - permission ignorée
[2026-06-08 15:36:16] [WARN] Pas de mappage pour: SERVICES_GENERAUX - Membres () - permission ignorée sur SCRIPT/script_modifier_le_champ_mail.txt
[2026-06-08 15:36:16] [SUCCESS] Permission appliquée: Equipe INFRA [write] -> SCRIPT/script_modifier_le_champ_mail.txt
[2026-06-08 15:36:16] [INFO] Traitement: /SCRIPT/script_modifier_lechampmail_proxyadresseSMTP.txt (5 permission(s))
[2026-06-08 15:36:16] [INFO] === COPIE REELLE: SCRIPT/script_modifier_lechampmail_proxyadresseSMTP.txt ===
[2026-06-08 15:36:18] [SUCCESS] === FICHIER COPIE AVEC SUCCES: SCRIPT/script_modifier_lechampmail_proxyadresseSMTP.txt ===
[2026-06-08 15:36:18] [WARN] Pas de mappage pour: SERVICES_GENERAUX - Visiteurs () - permission ignorée sur SCRIPT/script_modifier_lechampmail_proxyadresseSMTP.txt
[2026-06-08 15:36:18] [WARN] Pas de mappage pour: SERVICES_GENERAUX - Membres () - permission ignorée sur SCRIPT/script_modifier_lechampmail_proxyadresseSMTP.txt
[2026-06-08 15:36:18] [SUCCESS] Permission appliquée: Equipe INFRA [write] -> SCRIPT/script_modifier_lechampmail_proxyadresseSMTP.txt
[2026-06-08 15:36:18] [WARN] Impossible de résoudre 'test' dans le tenant destination - permission ignorée
[2026-06-08 15:36:18] [WARN] Pas de mappage pour: Propriétaires de SERVICES_GENERAUX () - permission ignorée sur SCRIPT/script_modifier_lechampmail_proxyadresseSMTP.txt
[2026-06-08 15:36:18] [INFO] Traitement: /SCRIPT/Script_modifier_proxyadress.txt (5 permission(s))
[2026-06-08 15:36:18] [INFO] === COPIE REELLE: SCRIPT/Script_modifier_proxyadress.txt ===
[2026-06-08 15:36:19] [SUCCESS] === FICHIER COPIE AVEC SUCCES: SCRIPT/Script_modifier_proxyadress.txt ===
[2026-06-08 15:36:20] [WARN] Pas de mappage pour: Propriétaires de SERVICES_GENERAUX () - permission ignorée sur SCRIPT/Script_modifier_proxyadress.txt
[2026-06-08 15:36:20] [WARN] Pas de mappage pour: SERVICES_GENERAUX - Visiteurs () - permission ignorée sur SCRIPT/Script_modifier_proxyadress.txt
[2026-06-08 15:36:20] [WARN] Pas de mappage pour: SERVICES_GENERAUX - Membres () - permission ignorée sur SCRIPT/Script_modifier_proxyadress.txt
[2026-06-08 15:36:20] [SUCCESS] Permission appliquée: Equipe INFRA [write] -> SCRIPT/Script_modifier_proxyadress.txt
[2026-06-08 15:36:20] [WARN] Impossible de résoudre 'test' dans le tenant destination - permission ignorée
[2026-06-08 15:36:20] [INFO] Traitement: /SCRIPT/script_provisionning_OneDrive.txt (5 permission(s))
[2026-06-08 15:36:20] [INFO] === COPIE REELLE: SCRIPT/script_provisionning_OneDrive.txt ===
[2026-06-08 15:36:21] [SUCCESS] === FICHIER COPIE AVEC SUCCES: SCRIPT/script_provisionning_OneDrive.txt ===
[2026-06-08 15:36:21] [WARN] Pas de mappage pour: Propriétaires de SERVICES_GENERAUX () - permission ignorée sur SCRIPT/script_provisionning_OneDrive.txt
[2026-06-08 15:36:21] [WARN] Pas de mappage pour: SERVICES_GENERAUX - Visiteurs () - permission ignorée sur SCRIPT/script_provisionning_OneDrive.txt
[2026-06-08 15:36:21] [SUCCESS] Permission appliquée: Equipe INFRA [write] -> SCRIPT/script_provisionning_OneDrive.txt
[2026-06-08 15:36:21] [WARN] Impossible de résoudre 'test' dans le tenant destination - permission ignorée
[2026-06-08 15:36:21] [WARN] Pas de mappage pour: SERVICES_GENERAUX - Membres () - permission ignorée sur SCRIPT/script_provisionning_OneDrive.txt
[2026-06-08 15:36:21] [INFO] Traitement: /SCRIPT/script_remplacer_UPN_AD.txt (5 permission(s))
[2026-06-08 15:36:21] [INFO] === COPIE REELLE: SCRIPT/script_remplacer_UPN_AD.txt ===
[2026-06-08 15:36:22] [SUCCESS] === FICHIER COPIE AVEC SUCCES: SCRIPT/script_remplacer_UPN_AD.txt ===
[2026-06-08 15:36:23] [WARN] Pas de mappage pour: Propriétaires de SERVICES_GENERAUX () - permission ignorée sur SCRIPT/script_remplacer_UPN_AD.txt
[2026-06-08 15:36:23] [WARN] Pas de mappage pour: SERVICES_GENERAUX - Visiteurs () - permission ignorée sur SCRIPT/script_remplacer_UPN_AD.txt
[2026-06-08 15:36:23] [WARN] Pas de mappage pour: SERVICES_GENERAUX - Membres () - permission ignorée sur SCRIPT/script_remplacer_UPN_AD.txt
[2026-06-08 15:36:23] [SUCCESS] Permission appliquée: Equipe INFRA [write] -> SCRIPT/script_remplacer_UPN_AD.txt
[2026-06-08 15:36:23] [WARN] Impossible de résoudre 'test' dans le tenant destination - permission ignorée
[2026-06-08 15:36:23] [INFO] Traitement: /SCRIPT/Script_Restauration_SMTP_format.txt (5 permission(s))
[2026-06-08 15:36:23] [INFO] === COPIE REELLE: SCRIPT/Script_Restauration_SMTP_format.txt ===
[2026-06-08 15:36:24] [SUCCESS] === FICHIER COPIE AVEC SUCCES: SCRIPT/Script_Restauration_SMTP_format.txt ===
[2026-06-08 15:36:24] [WARN] Impossible de résoudre 'test' dans le tenant destination - permission ignorée
[2026-06-08 15:36:24] [WARN] Pas de mappage pour: Propriétaires de SERVICES_GENERAUX () - permission ignorée sur SCRIPT/Script_Restauration_SMTP_format.txt
[2026-06-08 15:36:24] [WARN] Pas de mappage pour: SERVICES_GENERAUX - Visiteurs () - permission ignorée sur SCRIPT/Script_Restauration_SMTP_format.txt
[2026-06-08 15:36:24] [WARN] Pas de mappage pour: SERVICES_GENERAUX - Membres () - permission ignorée sur SCRIPT/Script_Restauration_SMTP_format.txt
[2026-06-08 15:36:25] [SUCCESS] Permission appliquée: Equipe INFRA [write] -> SCRIPT/Script_Restauration_SMTP_format.txt
[2026-06-08 15:36:25] [INFO] Traitement: /SCRIPT/Script_Room_Mailbox.txt (5 permission(s))
[2026-06-08 15:36:25] [INFO] === COPIE REELLE: SCRIPT/Script_Room_Mailbox.txt ===
[2026-06-08 15:36:26] [SUCCESS] === FICHIER COPIE AVEC SUCCES: SCRIPT/Script_Room_Mailbox.txt ===
[2026-06-08 15:36:26] [WARN] Pas de mappage pour: SERVICES_GENERAUX - Membres () - permission ignorée sur SCRIPT/Script_Room_Mailbox.txt
[2026-06-08 15:36:26] [WARN] Pas de mappage pour: Propriétaires de SERVICES_GENERAUX () - permission ignorée sur SCRIPT/Script_Room_Mailbox.txt
[2026-06-08 15:36:26] [WARN] Pas de mappage pour: SERVICES_GENERAUX - Visiteurs () - permission ignorée sur SCRIPT/Script_Room_Mailbox.txt
[2026-06-08 15:36:26] [SUCCESS] Permission appliquée: Equipe INFRA [write] -> SCRIPT/Script_Room_Mailbox.txt
[2026-06-08 15:36:26] [WARN] Impossible de résoudre 'test' dans le tenant destination - permission ignorée
[2026-06-08 15:36:26] [INFO] Traitement: /SCRIPT/Script_SGUM_ShareGate.txt (5 permission(s))
[2026-06-08 15:36:26] [INFO] === COPIE REELLE: SCRIPT/Script_SGUM_ShareGate.txt ===
[2026-06-08 15:36:28] [SUCCESS] === FICHIER COPIE AVEC SUCCES: SCRIPT/Script_SGUM_ShareGate.txt ===
[2026-06-08 15:36:28] [WARN] Pas de mappage pour: Propriétaires de SERVICES_GENERAUX () - permission ignorée sur SCRIPT/Script_SGUM_ShareGate.txt
[2026-06-08 15:36:28] [WARN] Pas de mappage pour: SERVICES_GENERAUX - Visiteurs () - permission ignorée sur SCRIPT/Script_SGUM_ShareGate.txt
[2026-06-08 15:36:28] [WARN] Pas de mappage pour: SERVICES_GENERAUX - Membres () - permission ignorée sur SCRIPT/Script_SGUM_ShareGate.txt
[2026-06-08 15:36:28] [SUCCESS] Permission appliquée: Equipe INFRA [write] -> SCRIPT/Script_SGUM_ShareGate.txt
[2026-06-08 15:36:28] [WARN] Impossible de résoudre 'test' dans le tenant destination - permission ignorée
[2026-06-08 15:36:28] [INFO] Traitement: /SCRIPT/SCRIPT8EXTR.txt (5 permission(s))
[2026-06-08 15:36:28] [INFO] === COPIE REELLE: SCRIPT/SCRIPT8EXTR.txt ===
[2026-06-08 15:36:30] [SUCCESS] === FICHIER COPIE AVEC SUCCES: SCRIPT/SCRIPT8EXTR.txt ===
[2026-06-08 15:36:30] [WARN] Pas de mappage pour: Propriétaires de SERVICES_GENERAUX () - permission ignorée sur SCRIPT/SCRIPT8EXTR.txt
[2026-06-08 15:36:30] [WARN] Pas de mappage pour: SERVICES_GENERAUX - Visiteurs () - permission ignorée sur SCRIPT/SCRIPT8EXTR.txt
[2026-06-08 15:36:30] [WARN] Pas de mappage pour: SERVICES_GENERAUX - Membres () - permission ignorée sur SCRIPT/SCRIPT8EXTR.txt
[2026-06-08 15:36:30] [SUCCESS] Permission appliquée: Equipe INFRA [write] -> SCRIPT/SCRIPT8EXTR.txt
[2026-06-08 15:36:30] [WARN] Impossible de résoudre 'test' dans le tenant destination - permission ignorée
[2026-06-08 15:36:30] [INFO] Traitement: /SCRIPT/SharedMailBox_FEBIS.csv (5 permission(s))
[2026-06-08 15:36:30] [INFO] === COPIE REELLE: SCRIPT/SharedMailBox_FEBIS.csv ===
[2026-06-08 15:36:32] [SUCCESS] === FICHIER COPIE AVEC SUCCES: SCRIPT/SharedMailBox_FEBIS.csv ===
[2026-06-08 15:36:32] [WARN] Pas de mappage pour: SERVICES_GENERAUX - Visiteurs () - permission ignorée sur SCRIPT/SharedMailBox_FEBIS.csv
[2026-06-08 15:36:32] [WARN] Pas de mappage pour: Propriétaires de SERVICES_GENERAUX () - permission ignorée sur SCRIPT/SharedMailBox_FEBIS.csv
[2026-06-08 15:36:32] [WARN] Pas de mappage pour: SERVICES_GENERAUX - Membres () - permission ignorée sur SCRIPT/SharedMailBox_FEBIS.csv
[2026-06-08 15:36:32] [SUCCESS] Permission appliquée: Equipe INFRA [write] -> SCRIPT/SharedMailBox_FEBIS.csv
[2026-06-08 15:36:32] [WARN] Impossible de résoudre 'test' dans le tenant destination - permission ignorée
[2026-06-08 15:36:32] [INFO] Traitement: /SCRIPT/suppression_champ_mail_UO.txt (5 permission(s))
[2026-06-08 15:36:32] [INFO] === COPIE REELLE: SCRIPT/suppression_champ_mail_UO.txt ===
[2026-06-08 15:36:33] [SUCCESS] === FICHIER COPIE AVEC SUCCES: SCRIPT/suppression_champ_mail_UO.txt ===
[2026-06-08 15:36:34] [WARN] Pas de mappage pour: Propriétaires de SERVICES_GENERAUX () - permission ignorée sur SCRIPT/suppression_champ_mail_UO.txt
[2026-06-08 15:36:34] [WARN] Pas de mappage pour: SERVICES_GENERAUX - Visiteurs () - permission ignorée sur SCRIPT/suppression_champ_mail_UO.txt
[2026-06-08 15:36:34] [WARN] Pas de mappage pour: SERVICES_GENERAUX - Membres () - permission ignorée sur SCRIPT/suppression_champ_mail_UO.txt
[2026-06-08 15:36:34] [SUCCESS] Permission appliquée: Equipe INFRA [write] -> SCRIPT/suppression_champ_mail_UO.txt
[2026-06-08 15:36:34] [WARN] Impossible de résoudre 'test' dans le tenant destination - permission ignorée
[2026-06-08 15:36:34] [INFO] Traitement: /SCRIPT/suppression_SMTP_UO.txt (5 permission(s))
[2026-06-08 15:36:34] [INFO] === COPIE REELLE: SCRIPT/suppression_SMTP_UO.txt ===
[2026-06-08 15:36:35] [SUCCESS] === FICHIER COPIE AVEC SUCCES: SCRIPT/suppression_SMTP_UO.txt ===
[2026-06-08 15:36:35] [WARN] Pas de mappage pour: SERVICES_GENERAUX - Membres () - permission ignorée sur SCRIPT/suppression_SMTP_UO.txt
[2026-06-08 15:36:36] [SUCCESS] Permission appliquée: Equipe INFRA [write] -> SCRIPT/suppression_SMTP_UO.txt
[2026-06-08 15:36:36] [WARN] Impossible de résoudre 'test' dans le tenant destination - permission ignorée
[2026-06-08 15:36:36] [WARN] Pas de mappage pour: SERVICES_GENERAUX - Visiteurs () - permission ignorée sur SCRIPT/suppression_SMTP_UO.txt
[2026-06-08 15:36:36] [WARN] Pas de mappage pour: Propriétaires de SERVICES_GENERAUX () - permission ignorée sur SCRIPT/suppression_SMTP_UO.txt
[2026-06-08 15:36:36] [INFO] Traitement: /SCRIPT/User_MailBox_docuat.txt (5 permission(s))
[2026-06-08 15:36:36] [INFO] === COPIE REELLE: SCRIPT/User_MailBox_docuat.txt ===
[2026-06-08 15:36:37] [SUCCESS] === FICHIER COPIE AVEC SUCCES: SCRIPT/User_MailBox_docuat.txt ===
[2026-06-08 15:36:37] [WARN] Pas de mappage pour: Propriétaires de SERVICES_GENERAUX () - permission ignorée sur SCRIPT/User_MailBox_docuat.txt
[2026-06-08 15:36:37] [WARN] Pas de mappage pour: SERVICES_GENERAUX - Membres () - permission ignorée sur SCRIPT/User_MailBox_docuat.txt
[2026-06-08 15:36:37] [WARN] Impossible de résoudre 'test' dans le tenant destination - permission ignorée
[2026-06-08 15:36:37] [WARN] Pas de mappage pour: SERVICES_GENERAUX - Visiteurs () - permission ignorée sur SCRIPT/User_MailBox_docuat.txt
[2026-06-08 15:36:37] [SUCCESS] Permission appliquée: Equipe INFRA [write] -> SCRIPT/User_MailBox_docuat.txt
[2026-06-08 15:36:37] [SUCCESS] === COPIE TERMINEE ===
[2026-06-08 15:36:37] [WARN] Erreurs consignées: 15 -> C:\Users\ffaradji-op\Desktop\Mercury script powershell\SharePoint_Errors_2026-06-08_152409.csv
