[2026-06-08 16:45:19] [INFO] =========================================
[2026-06-08 16:45:19] [SUCCESS] === COPIE SHAREPOINT - GESTION DES TOKENS ===
[2026-06-08 16:45:19] [INFO] Version: 5.7
[2026-06-08 16:45:19] [INFO] =========================================
[2026-06-08 16:45:19] [INFO] Chargement traductions: E:\UKREiiF_FinalCopy_path.csv
[2026-06-08 16:45:19] [SUCCESS] source:Source destination: Destination
[2026-06-08 16:45:19] [SUCCESS] source:/ destination: /
[2026-06-08 16:45:19] [SUCCESS] Traductions chargées: 2
[2026-06-08 16:45:19] [INFO] Mappings: 2
[2026-06-08 16:45:19] [SUCCESS] Mappages utilisateurs chargés: 3
[2026-06-08 16:45:19] [INFO] === AUTHENTIFICATION ===
[2026-06-08 16:45:19] [SUCCESS] Nouveau token pour 85a5a352-25d6-4894-a97d-221cd1712dd2|684f670e-6931-4120-b053-f8c9538744f6. Expire à 06/08/2026 17:45:18
[2026-06-08 16:45:19] [SUCCESS] Nouveau token pour 2eea08b8-1972-447b-ad43-d044d042500a|821109a4-6e0e-48e8-b477-8f9b70aa32a4. Expire à 06/08/2026 17:45:18
[2026-06-08 16:45:19] [INFO] === RESOLUTION DES SITES ===
[2026-06-08 16:45:20] [SUCCESS] Source: https://ipdlab.sharepoint.com/sites/SERVICES_GENERAUX
[2026-06-08 16:45:20] [SUCCESS] Drive source: Documents (ID: b!XnWYyX1Yt0OS_raijD1IJ3BoByys1aRJgLg7kzMz9vWsIxCHkG4qSbx5BSt1yNsv)
[2026-06-08 16:45:20] [SUCCESS] Destination: https://infoprodigital365.sharepoint.com/sites/fethygate
[2026-06-08 16:45:20] [SUCCESS] Drive destination: Documents (ID: b!k8jQXFKwk0KwtGsFvJmNhsH5xvG66_JEj-cEjgaHomnZSz8m37iZRJ3SeesLotEx)
[2026-06-08 16:45:20] [INFO] Librairies source: Documents
[2026-06-08 16:45:20] [INFO] Librairies dest:   Documents
[2026-06-08 16:45:20] [INFO] === LECTURE DU FICHIER CSV ===
[2026-06-08 16:45:20] [SUCCESS] Lignes de permissions chargées: 1938
[2026-06-08 16:45:20] [SUCCESS] Chemins uniques à traiter: 333
[2026-06-08 16:45:20] [INFO] Traitement: /Audit_user_gmail.xlsx (5 permission(s))
[2026-06-08 16:45:20] [INFO] === COPIE REELLE: Audit_user_gmail.xlsx ===
[2026-06-08 16:45:21] [SUCCESS] === FICHIER COPIE AVEC SUCCES: Audit_user_gmail.xlsx ===
[2026-06-08 16:45:22] [WARN] Pas de mappage pour: Propriétaires de SERVICES_GENERAUX () - permission ignorée sur Audit_user_gmail.xlsx
[2026-06-08 16:45:22] [WARN] Pas de mappage pour: SERVICES_GENERAUX - Membres () - permission ignorée sur Audit_user_gmail.xlsx
[2026-06-08 16:45:22] [SUCCESS] Résolution: 'User test 02' (User) -> 9545ef82-e8d3-44ae-9c1f-aebebbb474c9
[2026-06-08 16:45:22] [SUCCESS] Permission appliquée: Equipe INFRA [write] -> Audit_user_gmail.xlsx
[2026-06-08 16:45:22] [WARN] [403] Permissions insuffisantes pour résoudre 'grp_test'. Vérifiez que l'app destination a User.Read.All ou GroupMember.Read.All.
[2026-06-08 16:45:22] [WARN] Impossible de résoudre 'grp_test' dans le tenant destination - permission ignorée
[2026-06-08 16:45:22] [WARN] Pas de mappage pour: SERVICES_GENERAUX - Visiteurs () - permission ignorée sur Audit_user_gmail.xlsx
[2026-06-08 16:45:22] [INFO] Traitement: /Capture d’écran 2026-01-27 172058.jpg (5 permission(s))
[2026-06-08 16:45:22] [INFO] === COPIE REELLE: Capture d’écran 2026-01-27 172058.jpg ===
[2026-06-08 16:45:24] [SUCCESS] === FICHIER COPIE AVEC SUCCES: Capture d’écran 2026-01-27 172058.jpg ===
[2026-06-08 16:45:24] [WARN] Pas de mappage pour: Propriétaires de SERVICES_GENERAUX () - permission ignorée sur Capture d’écran 2026-01-27 172058.jpg
[2026-06-08 16:45:24] [WARN] Pas de mappage pour: SERVICES_GENERAUX - Visiteurs () - permission ignorée sur Capture d’écran 2026-01-27 172058.jpg
[2026-06-08 16:45:24] [WARN] Pas de mappage pour: SERVICES_GENERAUX - Membres () - permission ignorée sur Capture d’écran 2026-01-27 172058.jpg
[2026-06-08 16:45:24] [SUCCESS] Permission appliquée: Equipe INFRA [write] -> Capture d’écran 2026-01-27 172058.jpg
[2026-06-08 16:45:24] [WARN] Impossible de résoudre 'grp_test' dans le tenant destination - permission ignorée
[2026-06-08 16:45:24] [INFO] Traitement: /Drive ECHOLINE/ (6 permission(s))
[2026-06-08 16:45:24] [INFO] === COPIE REELLE: Drive ECHOLINE ===
[2026-06-08 16:45:25] [SUCCESS] Dossier cree: Drive ECHOLINE
[2026-06-08 16:45:25] [WARN] Pas de mappage pour: Propriétaires de SERVICES_GENERAUX () - permission ignorée sur Drive ECHOLINE
[2026-06-08 16:45:25] [WARN] Impossible de résoudre 'grp_test' dans le tenant destination - permission ignorée
[2026-06-08 16:45:25] [SUCCESS] Permission appliquée: Equipe INFRA [write] -> Drive ECHOLINE
[2026-06-08 16:45:25] [SUCCESS] Résolution: 'FARADJI, Fethi' (User) -> 517e236b-5425-4efb-b7fe-cea82021362a
[2026-06-08 16:45:25] [SUCCESS] Permission appliquée: User 01 [write] -> Drive ECHOLINE
[2026-06-08 16:45:25] [WARN] Pas de mappage pour: SERVICES_GENERAUX - Membres () - permission ignorée sur Drive ECHOLINE
[2026-06-08 16:45:25] [WARN] Pas de mappage pour: SERVICES_GENERAUX - Visiteurs () - permission ignorée sur Drive ECHOLINE
[2026-06-08 16:45:25] [INFO] Traitement: /Drive ECHOLINE/01-Internal Ops/ (6 permission(s))
[2026-06-08 16:45:25] [INFO] === COPIE REELLE: Drive ECHOLINE/01-Internal Ops ===
[2026-06-08 16:45:26] [SUCCESS] Dossier cree: Drive ECHOLINE/01-Internal Ops
[2026-06-08 16:45:26] [WARN] Impossible de résoudre 'grp_test' dans le tenant destination - permission ignorée
[2026-06-08 16:45:26] [SUCCESS] Permission appliquée: Equipe INFRA [write] -> Drive ECHOLINE/01-Internal Ops
[2026-06-08 16:45:26] [WARN] Pas de mappage pour: Propriétaires de SERVICES_GENERAUX () - permission ignorée sur Drive ECHOLINE/01-Internal Ops
[2026-06-08 16:45:27] [SUCCESS] Permission appliquée: User 01 [write] -> Drive ECHOLINE/01-Internal Ops
[2026-06-08 16:45:27] [WARN] Pas de mappage pour: SERVICES_GENERAUX - Visiteurs () - permission ignorée sur Drive ECHOLINE/01-Internal Ops
[2026-06-08 16:45:27] [WARN] Pas de mappage pour: SERVICES_GENERAUX - Membres () - permission ignorée sur Drive ECHOLINE/01-Internal Ops
[2026-06-08 16:45:27] [INFO] Traitement: /Drive ECHOLINE/01-Internal Ops/A-Veilles et traitement/ (6 permission(s))
[2026-06-08 16:45:27] [INFO] === COPIE REELLE: Drive ECHOLINE/01-Internal Ops/A-Veilles et traitement ===
[2026-06-08 16:45:27] [SUCCESS] Dossier cree: Drive ECHOLINE/01-Internal Ops/A-Veilles et traitement
[2026-06-08 16:45:28] [WARN] Impossible de résoudre 'grp_test' dans le tenant destination - permission ignorée
[2026-06-08 16:45:28] [SUCCESS] Permission appliquée: Equipe INFRA [write] -> Drive ECHOLINE/01-Internal Ops/A-Veilles et traitement
[2026-06-08 16:45:28] [SUCCESS] Permission appliquée: User 01 [write] -> Drive ECHOLINE/01-Internal Ops/A-Veilles et traitement
[2026-06-08 16:45:28] [WARN] Pas de mappage pour: SERVICES_GENERAUX - Membres () - permission ignorée sur Drive ECHOLINE/01-Internal Ops/A-Veilles et traitement
[2026-06-08 16:45:28] [WARN] Pas de mappage pour: SERVICES_GENERAUX - Visiteurs () - permission ignorée sur Drive ECHOLINE/01-Internal Ops/A-Veilles et traitement
[2026-06-08 16:45:28] [WARN] Pas de mappage pour: Propriétaires de SERVICES_GENERAUX () - permission ignorée sur Drive ECHOLINE/01-Internal Ops/A-Veilles et traitement
[2026-06-08 16:45:28] [INFO] Traitement: /Drive ECHOLINE/01-Internal Ops/A-Veilles et traitement/00 - A - Documents accessibles par l'API/ (6 permission(s))
[2026-06-08 16:45:28] [INFO] === COPIE REELLE: Drive ECHOLINE/01-Internal Ops/A-Veilles et traitement/00 - A - Documents accessibles par l'API ===
[2026-06-08 16:45:29] [SUCCESS] Dossier cree: Drive ECHOLINE/01-Internal Ops/A-Veilles et traitement/00 - A - Documents accessibles par l'API
[2026-06-08 16:45:29] [SUCCESS] Permission appliquée: Equipe INFRA [write] -> Drive ECHOLINE/01-Internal Ops/A-Veilles et traitement/00 - A - Documents accessibles par l'API
[2026-06-08 16:45:30] [SUCCESS] Permission appliquée: User 01 [write] -> Drive ECHOLINE/01-Internal Ops/A-Veilles et traitement/00 - A - Documents accessibles par l'API
[2026-06-08 16:45:30] [WARN] Pas de mappage pour: SERVICES_GENERAUX - Membres () - permission ignorée sur Drive ECHOLINE/01-Internal Ops/A-Veilles et traitement/00 - A - Documents accessibles par l'API
[2026-06-08 16:45:30] [WARN] Pas de mappage pour: Propriétaires de SERVICES_GENERAUX () - permission ignorée sur Drive ECHOLINE/01-Internal Ops/A-Veilles et traitement/00 - A - Documents accessibles par l'API
[2026-06-08 16:45:30] [WARN] Pas de mappage pour: SERVICES_GENERAUX - Visiteurs () - permission ignorée sur Drive ECHOLINE/01-Internal Ops/A-Veilles et traitement/00 - A - Documents accessibles par l'API
[2026-06-08 16:45:30] [WARN] Impossible de résoudre 'grp_test' dans le tenant destination - permission ignorée
[2026-06-08 16:45:30] [INFO] Traitement: /Drive ECHOLINE/01-Internal Ops/A-Veilles et traitement/Veille reg. Allemagne/ (6 permission(s))
[2026-06-08 16:45:30] [INFO] === COPIE REELLE: Drive ECHOLINE/01-Internal Ops/A-Veilles et traitement/Veille reg. Allemagne ===
[2026-06-08 16:45:31] [SUCCESS] Dossier cree: Drive ECHOLINE/01-Internal Ops/A-Veilles et traitement/Veille reg. Allemagne
[2026-06-08 16:45:31] [WARN] Impossible de résoudre 'grp_test' dans le tenant destination - permission ignorée
[2026-06-08 16:45:31] [SUCCESS] Permission appliquée: Equipe INFRA [write] -> Drive ECHOLINE/01-Internal Ops/A-Veilles et traitement/Veille reg. Allemagne
[2026-06-08 16:45:31] [SUCCESS] Permission appliquée: User 01 [write] -> Drive ECHOLINE/01-Internal Ops/A-Veilles et traitement/Veille reg. Allemagne
[2026-06-08 16:45:31] [WARN] Pas de mappage pour: SERVICES_GENERAUX - Membres () - permission ignorée sur Drive ECHOLINE/01-Internal Ops/A-Veilles et traitement/Veille reg. Allemagne
[2026-06-08 16:45:31] [WARN] Pas de mappage pour: SERVICES_GENERAUX - Visiteurs () - permission ignorée sur Drive ECHOLINE/01-Internal Ops/A-Veilles et traitement/Veille reg. Allemagne
[2026-06-08 16:45:31] [WARN] Pas de mappage pour: Propriétaires de SERVICES_GENERAUX () - permission ignorée sur Drive ECHOLINE/01-Internal Ops/A-Veilles et traitement/Veille reg. Allemagne
[2026-06-08 16:45:31] [INFO] Traitement: /Drive ECHOLINE/01-Internal Ops/A-Veilles et traitement/Veille reg. Australie/ (6 permission(s))
[2026-06-08 16:45:31] [INFO] === COPIE REELLE: Drive ECHOLINE/01-Internal Ops/A-Veilles et traitement/Veille reg. Australie ===
[2026-06-08 16:45:33] [SUCCESS] Dossier cree: Drive ECHOLINE/01-Internal Ops/A-Veilles et traitement/Veille reg. Australie
[2026-06-08 16:45:33] [SUCCESS] Permission appliquée: User 01 [write] -> Drive ECHOLINE/01-Internal Ops/A-Veilles et traitement/Veille reg. Australie
[2026-06-08 16:45:33] [WARN] Pas de mappage pour: SERVICES_GENERAUX - Visiteurs () - permission ignorée sur Drive ECHOLINE/01-Internal Ops/A-Veilles et traitement/Veille reg. Australie
[2026-06-08 16:45:33] [WARN] Pas de mappage pour: Propriétaires de SERVICES_GENERAUX () - permission ignorée sur Drive ECHOLINE/01-Internal Ops/A-Veilles et traitement/Veille reg. Australie
[2026-06-08 16:45:33] [WARN] Pas de mappage pour: SERVICES_GENERAUX - Membres () - permission ignorée sur Drive ECHOLINE/01-Internal Ops/A-Veilles et traitement/Veille reg. Australie
[2026-06-08 16:45:33] [WARN] Impossible de résoudre 'grp_test' dans le tenant destination - permission ignorée
[2026-06-08 16:45:34] [SUCCESS] Permission appliquée: Equipe INFRA [write] -> Drive ECHOLINE/01-Internal Ops/A-Veilles et traitement/Veille reg. Australie
[2026-06-08 16:45:34] [INFO] Traitement: /Drive ECHOLINE/01-Internal Ops/A-Veilles et traitement/Veille reg. Belgique/ (6 permission(s))
[2026-06-08 16:45:34] [INFO] === COPIE REELLE: Drive ECHOLINE/01-Internal Ops/A-Veilles et traitement/Veille reg. Belgique ===
[2026-06-08 16:45:34] [SUCCESS] Dossier cree: Drive ECHOLINE/01-Internal Ops/A-Veilles et traitement/Veille reg. Belgique
[2026-06-08 16:45:35] [WARN] Impossible de résoudre 'grp_test' dans le tenant destination - permission ignorée
[2026-06-08 16:45:35] [SUCCESS] Permission appliquée: User 01 [write] -> Drive ECHOLINE/01-Internal Ops/A-Veilles et traitement/Veille reg. Belgique
[2026-06-08 16:45:35] [WARN] Pas de mappage pour: SERVICES_GENERAUX - Membres () - permission ignorée sur Drive ECHOLINE/01-Internal Ops/A-Veilles et traitement/Veille reg. Belgique
[2026-06-08 16:45:35] [WARN] Pas de mappage pour: SERVICES_GENERAUX - Visiteurs () - permission ignorée sur Drive ECHOLINE/01-Internal Ops/A-Veilles et traitement/Veille reg. Belgique
[2026-06-08 16:45:35] [WARN] Pas de mappage pour: Propriétaires de SERVICES_GENERAUX () - permission ignorée sur Drive ECHOLINE/01-Internal Ops/A-Veilles et traitement/Veille reg. Belgique
[2026-06-08 16:45:35] [SUCCESS] Permission appliquée: Equipe INFRA [write] -> Drive ECHOLINE/01-Internal Ops/A-Veilles et traitement/Veille reg. Belgique
[2026-06-08 16:45:35] [INFO] Traitement: /Drive ECHOLINE/01-Internal Ops/A-Veilles et traitement/Veille reg. Brésil/ (6 permission(s))
[2026-06-08 16:45:35] [INFO] === COPIE REELLE: Drive ECHOLINE/01-Internal Ops/A-Veilles et traitement/Veille reg. Brésil ===
[2026-06-08 16:45:36] [SUCCESS] Dossier cree: Drive ECHOLINE/01-Internal Ops/A-Veilles et traitement/Veille reg. Brésil
[2026-06-08 16:45:36] [DEBUG] [404] Item pas encore disponible, retry 1/3 dans 2s: Drive ECHOLINE/01-Internal Ops/A-Veilles et traitement/Veille reg. Brésil
[2026-06-08 16:45:39] [DEBUG] [404] Item pas encore disponible, retry 2/3 dans 2s: Drive ECHOLINE/01-Internal Ops/A-Veilles et traitement/Veille reg. Brésil
[2026-06-08 16:45:41] [DEBUG] [404] Item pas encore disponible, retry 3/3 dans 2s: Drive ECHOLINE/01-Internal Ops/A-Veilles et traitement/Veille reg. Brésil
[2026-06-08 16:45:43] [WARN] Impossible de récupérer l'item destination pour les droits: Drive ECHOLINE/01-Internal Ops/A-Veilles et traitement/Veille reg. Brésil - Le serveur distant a retourné une erreur : (404) Introuvable.
[2026-06-08 16:45:43] [INFO] Traitement: /Drive ECHOLINE/01-Internal Ops/A-Veilles et traitement/Veille reg. Canada/ (6 permission(s))
[2026-06-08 16:45:43] [INFO] === COPIE REELLE: Drive ECHOLINE/01-Internal Ops/A-Veilles et traitement/Veille reg. Canada ===
[2026-06-08 16:45:44] [SUCCESS] Dossier cree: Drive ECHOLINE/01-Internal Ops/A-Veilles et traitement/Veille reg. Canada
[2026-06-08 16:45:44] [SUCCESS] Permission appliquée: User 01 [write] -> Drive ECHOLINE/01-Internal Ops/A-Veilles et traitement/Veille reg. Canada
[2026-06-08 16:45:44] [WARN] Pas de mappage pour: SERVICES_GENERAUX - Membres () - permission ignorée sur Drive ECHOLINE/01-Internal Ops/A-Veilles et traitement/Veille reg. Canada
[2026-06-08 16:45:44] [WARN] Impossible de résoudre 'grp_test' dans le tenant destination - permission ignorée
[2026-06-08 16:45:44] [WARN] Pas de mappage pour: SERVICES_GENERAUX - Visiteurs () - permission ignorée sur Drive ECHOLINE/01-Internal Ops/A-Veilles et traitement/Veille reg. Canada
[2026-06-08 16:45:44] [WARN] Pas de mappage pour: Propriétaires de SERVICES_GENERAUX () - permission ignorée sur Drive ECHOLINE/01-Internal Ops/A-Veilles et traitement/Veille reg. Canada
[2026-06-08 16:45:44] [SUCCESS] Permission appliquée: Equipe INFRA [write] -> Drive ECHOLINE/01-Internal Ops/A-Veilles et traitement/Veille reg. Canada
[2026-06-08 16:45:44] [INFO] Traitement: /Drive ECHOLINE/01-Internal Ops/A-Veilles et traitement/Veille reg. Corée du Sud/ (6 permission(s))
[2026-06-08 16:45:44] [INFO] === COPIE REELLE: Drive ECHOLINE/01-Internal Ops/A-Veilles et traitement/Veille reg. Corée du Sud ===
[2026-06-08 16:45:45] [SUCCESS] Dossier cree: Drive ECHOLINE/01-Internal Ops/A-Veilles et traitement/Veille reg. Corée du Sud
[2026-06-08 16:45:46] [DEBUG] [404] Item pas encore disponible, retry 1/3 dans 2s: Drive ECHOLINE/01-Internal Ops/A-Veilles et traitement/Veille reg. Corée du Sud
[2026-06-08 16:45:48] [DEBUG] [404] Item pas encore disponible, retry 2/3 dans 2s: Drive ECHOLINE/01-Internal Ops/A-Veilles et traitement/Veille reg. Corée du Sud
[2026-06-08 16:45:50] [DEBUG] [404] Item pas encore disponible, retry 3/3 dans 2s: Drive ECHOLINE/01-Internal Ops/A-Veilles et traitement/Veille reg. Corée du Sud
[2026-06-08 16:45:52] [WARN] Impossible de récupérer l'item destination pour les droits: Drive ECHOLINE/01-Internal Ops/A-Veilles et traitement/Veille reg. Corée du Sud - Le serveur distant a retourné une erreur : (404) Introuvable.
[2026-06-08 16:45:52] [INFO] Traitement: /Drive ECHOLINE/01-Internal Ops/A-Veilles et traitement/Veille reg. Espagne/ (6 permission(s))
[2026-06-08 16:45:52] [INFO] === COPIE REELLE: Drive ECHOLINE/01-Internal Ops/A-Veilles et traitement/Veille reg. Espagne ===
[2026-06-08 16:45:53] [SUCCESS] Dossier cree: Drive ECHOLINE/01-Internal Ops/A-Veilles et traitement/Veille reg. Espagne
[2026-06-08 16:45:53] [SUCCESS] Permission appliquée: User 01 [write] -> Drive ECHOLINE/01-Internal Ops/A-Veilles et traitement/Veille reg. Espagne
[2026-06-08 16:45:53] [WARN] Pas de mappage pour: SERVICES_GENERAUX - Membres () - permission ignorée sur Drive ECHOLINE/01-Internal Ops/A-Veilles et traitement/Veille reg. Espagne
[2026-06-08 16:45:53] [WARN] Pas de mappage pour: SERVICES_GENERAUX - Visiteurs () - permission ignorée sur Drive ECHOLINE/01-Internal Ops/A-Veilles et traitement/Veille reg. Espagne
[2026-06-08 16:45:53] [WARN] Pas de mappage pour: Propriétaires de SERVICES_GENERAUX () - permission ignorée sur Drive ECHOLINE/01-Internal Ops/A-Veilles et traitement/Veille reg. Espagne
[2026-06-08 16:45:53] [SUCCESS] Permission appliquée: Equipe INFRA [write] -> Drive ECHOLINE/01-Internal Ops/A-Veilles et traitement/Veille reg. Espagne
[2026-06-08 16:45:53] [WARN] Impossible de résoudre 'grp_test' dans le tenant destination - permission ignorée
[2026-06-08 16:45:53] [INFO] Traitement: /Drive ECHOLINE/01-Internal Ops/A-Veilles et traitement/Veille reg. Estonie/ (6 permission(s))
[2026-06-08 16:45:53] [INFO] === COPIE REELLE: Drive ECHOLINE/01-Internal Ops/A-Veilles et traitement/Veille reg. Estonie ===
[2026-06-08 16:45:55] [SUCCESS] Dossier cree: Drive ECHOLINE/01-Internal Ops/A-Veilles et traitement/Veille reg. Estonie
[2026-06-08 16:45:55] [WARN] Impossible de résoudre 'grp_test' dans le tenant destination - permission ignorée
[2026-06-08 16:45:55] [WARN] Pas de mappage pour: Propriétaires de SERVICES_GENERAUX () - permission ignorée sur Drive ECHOLINE/01-Internal Ops/A-Veilles et traitement/Veille reg. Estonie
[2026-06-08 16:45:55] [WARN] Pas de mappage pour: SERVICES_GENERAUX - Visiteurs () - permission ignorée sur Drive ECHOLINE/01-Internal Ops/A-Veilles et traitement/Veille reg. Estonie
[2026-06-08 16:45:55] [WARN] Pas de mappage pour: SERVICES_GENERAUX - Membres () - permission ignorée sur Drive ECHOLINE/01-Internal Ops/A-Veilles et traitement/Veille reg. Estonie
[2026-06-08 16:45:55] [SUCCESS] Permission appliquée: User 01 [write] -> Drive ECHOLINE/01-Internal Ops/A-Veilles et traitement/Veille reg. Estonie
[2026-06-08 16:45:55] [SUCCESS] Permission appliquée: Equipe INFRA [write] -> Drive ECHOLINE/01-Internal Ops/A-Veilles et traitement/Veille reg. Estonie
[2026-06-08 16:45:55] [INFO] Traitement: /Drive ECHOLINE/01-Internal Ops/A-Veilles et traitement/Veille reg. Europe/ (6 permission(s))
[2026-06-08 16:45:55] [INFO] === COPIE REELLE: Drive ECHOLINE/01-Internal Ops/A-Veilles et traitement/Veille reg. Europe ===
[2026-06-08 16:45:56] [SUCCESS] Dossier cree: Drive ECHOLINE/01-Internal Ops/A-Veilles et traitement/Veille reg. Europe
[2026-06-08 16:45:56] [SUCCESS] Permission appliquée: User 01 [write] -> Drive ECHOLINE/01-Internal Ops/A-Veilles et traitement/Veille reg. Europe
[2026-06-08 16:45:56] [WARN] Pas de mappage pour: Propriétaires de SERVICES_GENERAUX () - permission ignorée sur Drive ECHOLINE/01-Internal Ops/A-Veilles et traitement/Veille reg. Europe
[2026-06-08 16:45:56] [WARN] Pas de mappage pour: SERVICES_GENERAUX - Visiteurs () - permission ignorée sur Drive ECHOLINE/01-Internal Ops/A-Veilles et traitement/Veille reg. Europe
[2026-06-08 16:45:56] [WARN] Pas de mappage pour: SERVICES_GENERAUX - Membres () - permission ignorée sur Drive ECHOLINE/01-Internal Ops/A-Veilles et traitement/Veille reg. Europe
[2026-06-08 16:45:57] [SUCCESS] Permission appliquée: Equipe INFRA [write] -> Drive ECHOLINE/01-Internal Ops/A-Veilles et traitement/Veille reg. Europe
[2026-06-08 16:45:57] [WARN] Impossible de résoudre 'grp_test' dans le tenant destination - permission ignorée
[2026-06-08 16:45:57] [INFO] Traitement: /Drive ECHOLINE/01-Internal Ops/A-Veilles et traitement/Veille reg. Finlande/ (6 permission(s))
[2026-06-08 16:45:57] [INFO] === COPIE REELLE: Drive ECHOLINE/01-Internal Ops/A-Veilles et traitement/Veille reg. Finlande ===
[2026-06-08 16:45:57] [SUCCESS] Dossier cree: Drive ECHOLINE/01-Internal Ops/A-Veilles et traitement/Veille reg. Finlande
[2026-06-08 16:45:58] [WARN] Impossible de résoudre 'grp_test' dans le tenant destination - permission ignorée
[2026-06-08 16:45:58] [SUCCESS] Permission appliquée: Equipe INFRA [write] -> Drive ECHOLINE/01-Internal Ops/A-Veilles et traitement/Veille reg. Finlande
[2026-06-08 16:45:58] [SUCCESS] Permission appliquée: User 01 [write] -> Drive ECHOLINE/01-Internal Ops/A-Veilles et traitement/Veille reg. Finlande
[2026-06-08 16:45:58] [WARN] Pas de mappage pour: SERVICES_GENERAUX - Membres () - permission ignorée sur Drive ECHOLINE/01-Internal Ops/A-Veilles et traitement/Veille reg. Finlande
[2026-06-08 16:45:58] [WARN] Pas de mappage pour: SERVICES_GENERAUX - Visiteurs () - permission ignorée sur Drive ECHOLINE/01-Internal Ops/A-Veilles et traitement/Veille reg. Finlande
[2026-06-08 16:45:58] [WARN] Pas de mappage pour: Propriétaires de SERVICES_GENERAUX () - permission ignorée sur Drive ECHOLINE/01-Internal Ops/A-Veilles et traitement/Veille reg. Finlande
[2026-06-08 16:45:58] [INFO] Traitement: /Drive ECHOLINE/01-Internal Ops/A-Veilles et traitement/Veille reg. France/ (6 permission(s))
[2026-06-08 16:45:58] [INFO] === COPIE REELLE: Drive ECHOLINE/01-Internal Ops/A-Veilles et traitement/Veille reg. France ===
[2026-06-08 16:45:59] [SUCCESS] Dossier cree: Drive ECHOLINE/01-Internal Ops/A-Veilles et traitement/Veille reg. France
[2026-06-08 16:45:59] [WARN] Pas de mappage pour: SERVICES_GENERAUX - Membres () - permission ignorée sur Drive ECHOLINE/01-Internal Ops/A-Veilles et traitement/Veille reg. France
[2026-06-08 16:45:59] [WARN] Impossible de résoudre 'grp_test' dans le tenant destination - permission ignorée
[2026-06-08 16:45:59] [WARN] Pas de mappage pour: SERVICES_GENERAUX - Visiteurs () - permission ignorée sur Drive ECHOLINE/01-Internal Ops/A-Veilles et traitement/Veille reg. France
[2026-06-08 16:45:59] [WARN] Pas de mappage pour: Propriétaires de SERVICES_GENERAUX () - permission ignorée sur Drive ECHOLINE/01-Internal Ops/A-Veilles et traitement/Veille reg. France
[2026-06-08 16:45:59] [SUCCESS] Permission appliquée: User 01 [write] -> Drive ECHOLINE/01-Internal Ops/A-Veilles et traitement/Veille reg. France
[2026-06-08 16:46:00] [SUCCESS] Permission appliquée: Equipe INFRA [write] -> Drive ECHOLINE/01-Internal Ops/A-Veilles et traitement/Veille reg. France
[2026-06-08 16:46:00] [INFO] Traitement: /Drive ECHOLINE/01-Internal Ops/A-Veilles et traitement/Veille reg. Inde/ (6 permission(s))
[2026-06-08 16:46:00] [INFO] === COPIE REELLE: Drive ECHOLINE/01-Internal Ops/A-Veilles et traitement/Veille reg. Inde ===
[2026-06-08 16:46:00] [SUCCESS] Dossier cree: Drive ECHOLINE/01-Internal Ops/A-Veilles et traitement/Veille reg. Inde
[2026-06-08 16:46:01] [WARN] Impossible de résoudre 'grp_test' dans le tenant destination - permission ignorée
[2026-06-08 16:46:01] [WARN] Pas de mappage pour: Propriétaires de SERVICES_GENERAUX () - permission ignorée sur Drive ECHOLINE/01-Internal Ops/A-Veilles et traitement/Veille reg. Inde
[2026-06-08 16:46:01] [WARN] Pas de mappage pour: SERVICES_GENERAUX - Visiteurs () - permission ignorée sur Drive ECHOLINE/01-Internal Ops/A-Veilles et traitement/Veille reg. Inde
[2026-06-08 16:46:01] [WARN] Pas de mappage pour: SERVICES_GENERAUX - Membres () - permission ignorée sur Drive ECHOLINE/01-Internal Ops/A-Veilles et traitement/Veille reg. Inde
[2026-06-08 16:46:01] [SUCCESS] Permission appliquée: User 01 [write] -> Drive ECHOLINE/01-Internal Ops/A-Veilles et traitement/Veille reg. Inde
[2026-06-08 16:46:01] [SUCCESS] Permission appliquée: Equipe INFRA [write] -> Drive ECHOLINE/01-Internal Ops/A-Veilles et traitement/Veille reg. Inde
[2026-06-08 16:46:01] [INFO] Traitement: /Drive ECHOLINE/01-Internal Ops/A-Veilles et traitement/Veille reg. Irlande/ (6 permission(s))
[2026-06-08 16:46:01] [INFO] === COPIE REELLE: Drive ECHOLINE/01-Internal Ops/A-Veilles et traitement/Veille reg. Irlande ===
[2026-06-08 16:46:02] [SUCCESS] Dossier cree: Drive ECHOLINE/01-Internal Ops/A-Veilles et traitement/Veille reg. Irlande
[2026-06-08 16:46:02] [WARN] Pas de mappage pour: Propriétaires de SERVICES_GENERAUX () - permission ignorée sur Drive ECHOLINE/01-Internal Ops/A-Veilles et traitement/Veille reg. Irlande
[2026-06-08 16:46:02] [WARN] Pas de mappage pour: SERVICES_GENERAUX - Visiteurs () - permission ignorée sur Drive ECHOLINE/01-Internal Ops/A-Veilles et traitement/Veille reg. Irlande
[2026-06-08 16:46:02] [WARN] Pas de mappage pour: SERVICES_GENERAUX - Membres () - permission ignorée sur Drive ECHOLINE/01-Internal Ops/A-Veilles et traitement/Veille reg. Irlande
[2026-06-08 16:46:03] [SUCCESS] Permission appliquée: User 01 [write] -> Drive ECHOLINE/01-Internal Ops/A-Veilles et traitement/Veille reg. Irlande
[2026-06-08 16:46:03] [SUCCESS] Permission appliquée: Equipe INFRA [write] -> Drive ECHOLINE/01-Internal Ops/A-Veilles et traitement/Veille reg. Irlande
[2026-06-08 16:46:03] [WARN] Impossible de résoudre 'grp_test' dans le tenant destination - permission ignorée
[2026-06-08 16:46:03] [INFO] Traitement: /Drive ECHOLINE/01-Internal Ops/A-Veilles et traitement/Veille reg. Italie/ (6 permission(s))
[2026-06-08 16:46:03] [INFO] === COPIE REELLE: Drive ECHOLINE/01-Internal Ops/A-Veilles et traitement/Veille reg. Italie ===
[2026-06-08 16:46:04] [SUCCESS] Dossier cree: Drive ECHOLINE/01-Internal Ops/A-Veilles et traitement/Veille reg. Italie
[2026-06-08 16:46:04] [WARN] Pas de mappage pour: Propriétaires de SERVICES_GENERAUX () - permission ignorée sur Drive ECHOLINE/01-Internal Ops/A-Veilles et traitement/Veille reg. Italie
[2026-06-08 16:46:04] [WARN] Impossible de résoudre 'grp_test' dans le tenant destination - permission ignorée
[2026-06-08 16:46:04] [SUCCESS] Permission appliquée: Equipe INFRA [write] -> Drive ECHOLINE/01-Internal Ops/A-Veilles et traitement/Veille reg. Italie
[2026-06-08 16:46:04] [SUCCESS] Permission appliquée: User 01 [write] -> Drive ECHOLINE/01-Internal Ops/A-Veilles et traitement/Veille reg. Italie
[2026-06-08 16:46:04] [WARN] Pas de mappage pour: SERVICES_GENERAUX - Membres () - permission ignorée sur Drive ECHOLINE/01-Internal Ops/A-Veilles et traitement/Veille reg. Italie
[2026-06-08 16:46:04] [WARN] Pas de mappage pour: SERVICES_GENERAUX - Visiteurs () - permission ignorée sur Drive ECHOLINE/01-Internal Ops/A-Veilles et traitement/Veille reg. Italie
[2026-06-08 16:46:04] [INFO] Traitement: /Drive ECHOLINE/01-Internal Ops/A-Veilles et traitement/Veille reg. Luxembourg/ (6 permission(s))
[2026-06-08 16:46:04] [INFO] === COPIE REELLE: Drive ECHOLINE/01-Internal Ops/A-Veilles et traitement/Veille reg. Luxembourg ===
[2026-06-08 16:46:05] [SUCCESS] Dossier cree: Drive ECHOLINE/01-Internal Ops/A-Veilles et traitement/Veille reg. Luxembourg
[2026-06-08 16:46:05] [WARN] Pas de mappage pour: Propriétaires de SERVICES_GENERAUX () - permission ignorée sur Drive ECHOLINE/01-Internal Ops/A-Veilles et traitement/Veille reg. Luxembourg
[2026-06-08 16:46:05] [WARN] Pas de mappage pour: SERVICES_GENERAUX - Membres () - permission ignorée sur Drive ECHOLINE/01-Internal Ops/A-Veilles et traitement/Veille reg. Luxembourg
[2026-06-08 16:46:06] [SUCCESS] Permission appliquée: Equipe INFRA [write] -> Drive ECHOLINE/01-Internal Ops/A-Veilles et traitement/Veille reg. Luxembourg
[2026-06-08 16:46:06] [WARN] Impossible de résoudre 'grp_test' dans le tenant destination - permission ignorée
[2026-06-08 16:46:06] [WARN] Pas de mappage pour: SERVICES_GENERAUX - Visiteurs () - permission ignorée sur Drive ECHOLINE/01-Internal Ops/A-Veilles et traitement/Veille reg. Luxembourg
[2026-06-08 16:46:06] [SUCCESS] Permission appliquée: User 01 [write] -> Drive ECHOLINE/01-Internal Ops/A-Veilles et traitement/Veille reg. Luxembourg
[2026-06-08 16:46:06] [INFO] Traitement: /Drive ECHOLINE/01-Internal Ops/A-Veilles et traitement/Veille reg. Malaysie/ (6 permission(s))
[2026-06-08 16:46:06] [INFO] === COPIE REELLE: Drive ECHOLINE/01-Internal Ops/A-Veilles et traitement/Veille reg. Malaysie ===
[2026-06-08 16:46:07] [SUCCESS] Dossier cree: Drive ECHOLINE/01-Internal Ops/A-Veilles et traitement/Veille reg. Malaysie
[2026-06-08 16:46:07] [WARN] Impossible de résoudre 'grp_test' dans le tenant destination - permission ignorée
[2026-06-08 16:46:07] [SUCCESS] Permission appliquée: Equipe INFRA [write] -> Drive ECHOLINE/01-Internal Ops/A-Veilles et traitement/Veille reg. Malaysie
[2026-06-08 16:46:08] [SUCCESS] Permission appliquée: User 01 [write] -> Drive ECHOLINE/01-Internal Ops/A-Veilles et traitement/Veille reg. Malaysie
[2026-06-08 16:46:08] [WARN] Pas de mappage pour: SERVICES_GENERAUX - Membres () - permission ignorée sur Drive ECHOLINE/01-Internal Ops/A-Veilles et traitement/Veille reg. Malaysie
[2026-06-08 16:46:08] [WARN] Pas de mappage pour: SERVICES_GENERAUX - Visiteurs () - permission ignorée sur Drive ECHOLINE/01-Internal Ops/A-Veilles et traitement/Veille reg. Malaysie
[2026-06-08 16:46:08] [WARN] Pas de mappage pour: Propriétaires de SERVICES_GENERAUX () - permission ignorée sur Drive ECHOLINE/01-Internal Ops/A-Veilles et traitement/Veille reg. Malaysie
[2026-06-08 16:46:08] [INFO] Traitement: /Drive ECHOLINE/01-Internal Ops/A-Veilles et traitement/Veille reg. Maroc/ (6 permission(s))
[2026-06-08 16:46:08] [INFO] === COPIE REELLE: Drive ECHOLINE/01-Internal Ops/A-Veilles et traitement/Veille reg. Maroc ===
[2026-06-08 16:46:08] [SUCCESS] Dossier cree: Drive ECHOLINE/01-Internal Ops/A-Veilles et traitement/Veille reg. Maroc
[2026-06-08 16:46:09] [SUCCESS] Permission appliquée: Equipe INFRA [write] -> Drive ECHOLINE/01-Internal Ops/A-Veilles et traitement/Veille reg. Maroc
[2026-06-08 16:46:09] [WARN] Pas de mappage pour: Propriétaires de SERVICES_GENERAUX () - permission ignorée sur Drive ECHOLINE/01-Internal Ops/A-Veilles et traitement/Veille reg. Maroc
[2026-06-08 16:46:09] [WARN] Pas de mappage pour: SERVICES_GENERAUX - Visiteurs () - permission ignorée sur Drive ECHOLINE/01-Internal Ops/A-Veilles et traitement/Veille reg. Maroc
[2026-06-08 16:46:09] [WARN] Pas de mappage pour: SERVICES_GENERAUX - Membres () - permission ignorée sur Drive ECHOLINE/01-Internal Ops/A-Veilles et traitement/Veille reg. Maroc
[2026-06-08 16:46:09] [SUCCESS] Permission appliquée: User 01 [write] -> Drive ECHOLINE/01-Internal Ops/A-Veilles et traitement/Veille reg. Maroc
[2026-06-08 16:46:09] [WARN] Impossible de résoudre 'grp_test' dans le tenant destination - permission ignorée
[2026-06-08 16:46:09] [INFO] Traitement: /Drive ECHOLINE/01-Internal Ops/A-Veilles et traitement/Veille reg. Pologne/ (6 permission(s))
[2026-06-08 16:46:09] [INFO] === COPIE REELLE: Drive ECHOLINE/01-Internal Ops/A-Veilles et traitement/Veille reg. Pologne ===
[2026-06-08 16:46:10] [SUCCESS] Dossier cree: Drive ECHOLINE/01-Internal Ops/A-Veilles et traitement/Veille reg. Pologne
[2026-06-08 16:46:10] [WARN] Impossible de résoudre 'grp_test' dans le tenant destination - permission ignorée
[2026-06-08 16:46:10] [WARN] Pas de mappage pour: Propriétaires de SERVICES_GENERAUX () - permission ignorée sur Drive ECHOLINE/01-Internal Ops/A-Veilles et traitement/Veille reg. Pologne
[2026-06-08 16:46:11] [SUCCESS] Permission appliquée: Equipe INFRA [write] -> Drive ECHOLINE/01-Internal Ops/A-Veilles et traitement/Veille reg. Pologne
[2026-06-08 16:46:11] [WARN] Pas de mappage pour: SERVICES_GENERAUX - Visiteurs () - permission ignorée sur Drive ECHOLINE/01-Internal Ops/A-Veilles et traitement/Veille reg. Pologne
[2026-06-08 16:46:11] [WARN] Pas de mappage pour: SERVICES_GENERAUX - Membres () - permission ignorée sur Drive ECHOLINE/01-Internal Ops/A-Veilles et traitement/Veille reg. Pologne
[2026-06-08 16:46:11] [SUCCESS] Permission appliquée: User 01 [write] -> Drive ECHOLINE/01-Internal Ops/A-Veilles et traitement/Veille reg. Pologne
[2026-06-08 16:46:11] [INFO] Traitement: /Drive ECHOLINE/01-Internal Ops/A-Veilles et traitement/Veille reg. Portugal/ (6 permission(s))
[2026-06-08 16:46:11] [INFO] === COPIE REELLE: Drive ECHOLINE/01-Internal Ops/A-Veilles et traitement/Veille reg. Portugal ===
[2026-06-08 16:46:12] [SUCCESS] Dossier cree: Drive ECHOLINE/01-Internal Ops/A-Veilles et traitement/Veille reg. Portugal
[2026-06-08 16:46:12] [WARN] Impossible de résoudre 'grp_test' dans le tenant destination - permission ignorée
[2026-06-08 16:46:13] [SUCCESS] Permission appliquée: Equipe INFRA [write] -> Drive ECHOLINE/01-Internal Ops/A-Veilles et traitement/Veille reg. Portugal
[2026-06-08 16:46:13] [SUCCESS] Permission appliquée: User 01 [write] -> Drive ECHOLINE/01-Internal Ops/A-Veilles et traitement/Veille reg. Portugal
[2026-06-08 16:46:13] [WARN] Pas de mappage pour: SERVICES_GENERAUX - Membres () - permission ignorée sur Drive ECHOLINE/01-Internal Ops/A-Veilles et traitement/Veille reg. Portugal
[2026-06-08 16:46:13] [WARN] Pas de mappage pour: SERVICES_GENERAUX - Visiteurs () - permission ignorée sur Drive ECHOLINE/01-Internal Ops/A-Veilles et traitement/Veille reg. Portugal
[2026-06-08 16:46:13] [WARN] Pas de mappage pour: Propriétaires de SERVICES_GENERAUX () - permission ignorée sur Drive ECHOLINE/01-Internal Ops/A-Veilles et traitement/Veille reg. Portugal
[2026-06-08 16:46:13] [INFO] Traitement: /Drive ECHOLINE/01-Internal Ops/A-Veilles et traitement/Veille reg. Royaume-Uni/ (6 permission(s))
[2026-06-08 16:46:13] [INFO] === COPIE REELLE: Drive ECHOLINE/01-Internal Ops/A-Veilles et traitement/Veille reg. Royaume-Uni ===
[2026-06-08 16:46:14] [SUCCESS] Dossier cree: Drive ECHOLINE/01-Internal Ops/A-Veilles et traitement/Veille reg. Royaume-Uni
[2026-06-08 16:46:14] [SUCCESS] Permission appliquée: User 01 [write] -> Drive ECHOLINE/01-Internal Ops/A-Veilles et traitement/Veille reg. Royaume-Uni
[2026-06-08 16:46:14] [WARN] Pas de mappage pour: Propriétaires de SERVICES_GENERAUX () - permission ignorée sur Drive ECHOLINE/01-Internal Ops/A-Veilles et traitement/Veille reg. Royaume-Uni
[2026-06-08 16:46:14] [WARN] Pas de mappage pour: SERVICES_GENERAUX - Visiteurs () - permission ignorée sur Drive ECHOLINE/01-Internal Ops/A-Veilles et traitement/Veille reg. Royaume-Uni
[2026-06-08 16:46:14] [WARN] Pas de mappage pour: SERVICES_GENERAUX - Membres () - permission ignorée sur Drive ECHOLINE/01-Internal Ops/A-Veilles et traitement/Veille reg. Royaume-Uni
[2026-06-08 16:46:14] [SUCCESS] Permission appliquée: Equipe INFRA [write] -> Drive ECHOLINE/01-Internal Ops/A-Veilles et traitement/Veille reg. Royaume-Uni
[2026-06-08 16:46:14] [WARN] Impossible de résoudre 'grp_test' dans le tenant destination - permission ignorée
[2026-06-08 16:46:14] [INFO] Traitement: /Drive ECHOLINE/01-Internal Ops/A-Veilles et traitement/Veille reg. Singapour/ (6 permission(s))
[2026-06-08 16:46:14] [INFO] === COPIE REELLE: Drive ECHOLINE/01-Internal Ops/A-Veilles et traitement/Veille reg. Singapour ===
[2026-06-08 16:46:15] [SUCCESS] Dossier cree: Drive ECHOLINE/01-Internal Ops/A-Veilles et traitement/Veille reg. Singapour
[2026-06-08 16:46:15] [WARN] Impossible de résoudre 'grp_test' dans le tenant destination - permission ignorée
[2026-06-08 16:46:15] [WARN] Pas de mappage pour: Propriétaires de SERVICES_GENERAUX () - permission ignorée sur Drive ECHOLINE/01-Internal Ops/A-Veilles et traitement/Veille reg. Singapour
[2026-06-08 16:46:15] [WARN] Pas de mappage pour: SERVICES_GENERAUX - Visiteurs () - permission ignorée sur Drive ECHOLINE/01-Internal Ops/A-Veilles et traitement/Veille reg. Singapour
[2026-06-08 16:46:15] [WARN] Pas de mappage pour: SERVICES_GENERAUX - Membres () - permission ignorée sur Drive ECHOLINE/01-Internal Ops/A-Veilles et traitement/Veille reg. Singapour
[2026-06-08 16:46:16] [SUCCESS] Permission appliquée: Equipe INFRA [write] -> Drive ECHOLINE/01-Internal Ops/A-Veilles et traitement/Veille reg. Singapour
[2026-06-08 16:46:16] [SUCCESS] Permission appliquée: User 01 [write] -> Drive ECHOLINE/01-Internal Ops/A-Veilles et traitement/Veille reg. Singapour
[2026-06-08 16:46:16] [INFO] Traitement: /Drive ECHOLINE/01-Internal Ops/A-Veilles et traitement/Veille reg. Suède/ (6 permission(s))
[2026-06-08 16:46:16] [INFO] === COPIE REELLE: Drive ECHOLINE/01-Internal Ops/A-Veilles et traitement/Veille reg. Suède ===
[2026-06-08 16:46:17] [SUCCESS] Dossier cree: Drive ECHOLINE/01-Internal Ops/A-Veilles et traitement/Veille reg. Suède
[2026-06-08 16:46:17] [DEBUG] [404] Item pas encore disponible, retry 1/3 dans 2s: Drive ECHOLINE/01-Internal Ops/A-Veilles et traitement/Veille reg. Suède
[2026-06-08 16:46:19] [DEBUG] [404] Item pas encore disponible, retry 2/3 dans 2s: Drive ECHOLINE/01-Internal Ops/A-Veilles et traitement/Veille reg. Suède
[2026-06-08 16:46:21] [DEBUG] [404] Item pas encore disponible, retry 3/3 dans 2s: Drive ECHOLINE/01-Internal Ops/A-Veilles et traitement/Veille reg. Suède
[2026-06-08 16:46:23] [WARN] Impossible de récupérer l'item destination pour les droits: Drive ECHOLINE/01-Internal Ops/A-Veilles et traitement/Veille reg. Suède - Le serveur distant a retourné une erreur : (404) Introuvable.
[2026-06-08 16:46:23] [INFO] Traitement: /Drive ECHOLINE/01-Internal Ops/A-Veilles et traitement/Veille reg. Suisse/ (6 permission(s))
[2026-06-08 16:46:23] [INFO] === COPIE REELLE: Drive ECHOLINE/01-Internal Ops/A-Veilles et traitement/Veille reg. Suisse ===
[2026-06-08 16:46:24] [SUCCESS] Dossier cree: Drive ECHOLINE/01-Internal Ops/A-Veilles et traitement/Veille reg. Suisse
[2026-06-08 16:46:25] [SUCCESS] Permission appliquée: Equipe INFRA [write] -> Drive ECHOLINE/01-Internal Ops/A-Veilles et traitement/Veille reg. Suisse
[2026-06-08 16:46:28] [SUCCESS] Permission appliquée: User 01 [write] -> Drive ECHOLINE/01-Internal Ops/A-Veilles et traitement/Veille reg. Suisse
[2026-06-08 16:46:28] [WARN] Pas de mappage pour: SERVICES_GENERAUX - Membres () - permission ignorée sur Drive ECHOLINE/01-Internal Ops/A-Veilles et traitement/Veille reg. Suisse
[2026-06-08 16:46:28] [WARN] Pas de mappage pour: Propriétaires de SERVICES_GENERAUX () - permission ignorée sur Drive ECHOLINE/01-Internal Ops/A-Veilles et traitement/Veille reg. Suisse
[2026-06-08 16:46:28] [WARN] Pas de mappage pour: SERVICES_GENERAUX - Visiteurs () - permission ignorée sur Drive ECHOLINE/01-Internal Ops/A-Veilles et traitement/Veille reg. Suisse
[2026-06-08 16:46:28] [WARN] Impossible de résoudre 'grp_test' dans le tenant destination - permission ignorée
[2026-06-08 16:46:28] [INFO] Traitement: /Drive ECHOLINE/01-Internal Ops/A-Veilles et traitement/Veille reg. Tunisie/ (6 permission(s))
[2026-06-08 16:46:28] [INFO] === COPIE REELLE: Drive ECHOLINE/01-Internal Ops/A-Veilles et traitement/Veille reg. Tunisie ===
[2026-06-08 16:46:29] [SUCCESS] Dossier cree: Drive ECHOLINE/01-Internal Ops/A-Veilles et traitement/Veille reg. Tunisie
[2026-06-08 16:46:29] [SUCCESS] Permission appliquée: Equipe INFRA [write] -> Drive ECHOLINE/01-Internal Ops/A-Veilles et traitement/Veille reg. Tunisie
[2026-06-08 16:46:30] [SUCCESS] Permission appliquée: User 01 [write] -> Drive ECHOLINE/01-Internal Ops/A-Veilles et traitement/Veille reg. Tunisie
[2026-06-08 16:46:30] [WARN] Pas de mappage pour: SERVICES_GENERAUX - Membres () - permission ignorée sur Drive ECHOLINE/01-Internal Ops/A-Veilles et traitement/Veille reg. Tunisie
[2026-06-08 16:46:30] [WARN] Pas de mappage pour: SERVICES_GENERAUX - Visiteurs () - permission ignorée sur Drive ECHOLINE/01-Internal Ops/A-Veilles et traitement/Veille reg. Tunisie
[2026-06-08 16:46:30] [WARN] Pas de mappage pour: Propriétaires de SERVICES_GENERAUX () - permission ignorée sur Drive ECHOLINE/01-Internal Ops/A-Veilles et traitement/Veille reg. Tunisie
[2026-06-08 16:46:30] [WARN] Impossible de résoudre 'grp_test' dans le tenant destination - permission ignorée
[2026-06-08 16:46:30] [INFO] Traitement: /Drive ECHOLINE/01-Internal Ops/A-Veilles et traitement/Veille reg. USA/ (6 permission(s))
[2026-06-08 16:46:30] [INFO] === COPIE REELLE: Drive ECHOLINE/01-Internal Ops/A-Veilles et traitement/Veille reg. USA ===
[2026-06-08 16:46:31] [SUCCESS] Dossier cree: Drive ECHOLINE/01-Internal Ops/A-Veilles et traitement/Veille reg. USA
[2026-06-08 16:46:31] [SUCCESS] Permission appliquée: User 01 [write] -> Drive ECHOLINE/01-Internal Ops/A-Veilles et traitement/Veille reg. USA
[2026-06-08 16:46:31] [WARN] Pas de mappage pour: SERVICES_GENERAUX - Membres () - permission ignorée sur Drive ECHOLINE/01-Internal Ops/A-Veilles et traitement/Veille reg. USA
[2026-06-08 16:46:31] [WARN] Pas de mappage pour: SERVICES_GENERAUX - Visiteurs () - permission ignorée sur Drive ECHOLINE/01-Internal Ops/A-Veilles et traitement/Veille reg. USA
[2026-06-08 16:46:31] [WARN] Pas de mappage pour: Propriétaires de SERVICES_GENERAUX () - permission ignorée sur Drive ECHOLINE/01-Internal Ops/A-Veilles et traitement/Veille reg. USA
[2026-06-08 16:46:31] [WARN] Impossible de résoudre 'grp_test' dans le tenant destination - permission ignorée
[2026-06-08 16:46:31] [SUCCESS] Permission appliquée: Equipe INFRA [write] -> Drive ECHOLINE/01-Internal Ops/A-Veilles et traitement/Veille reg. USA
[2026-06-08 16:46:31] [INFO] Traitement: /Drive ECHOLINE/01-Internal Ops/B-Partenaires veille int._/ (6 permission(s))
[2026-06-08 16:46:31] [INFO] === COPIE REELLE: Drive ECHOLINE/01-Internal Ops/B-Partenaires veille int._ ===
[2026-06-08 16:46:32] [SUCCESS] Dossier cree: Drive ECHOLINE/01-Internal Ops/B-Partenaires veille int._
[2026-06-08 16:46:32] [WARN] Impossible de résoudre 'grp_test' dans le tenant destination - permission ignorée
[2026-06-08 16:46:32] [SUCCESS] Permission appliquée: Equipe INFRA [write] -> Drive ECHOLINE/01-Internal Ops/B-Partenaires veille int._
[2026-06-08 16:46:33] [SUCCESS] Permission appliquée: User 01 [write] -> Drive ECHOLINE/01-Internal Ops/B-Partenaires veille int._
[2026-06-08 16:46:33] [WARN] Pas de mappage pour: SERVICES_GENERAUX - Membres () - permission ignorée sur Drive ECHOLINE/01-Internal Ops/B-Partenaires veille int._
[2026-06-08 16:46:33] [WARN] Pas de mappage pour: SERVICES_GENERAUX - Visiteurs () - permission ignorée sur Drive ECHOLINE/01-Internal Ops/B-Partenaires veille int._
[2026-06-08 16:46:33] [WARN] Pas de mappage pour: Propriétaires de SERVICES_GENERAUX () - permission ignorée sur Drive ECHOLINE/01-Internal Ops/B-Partenaires veille int._
[2026-06-08 16:46:33] [INFO] Traitement: /Drive ECHOLINE/01-Internal Ops/B-Partenaires veille int._/Nimonik/ (6 permission(s))
[2026-06-08 16:46:33] [INFO] === COPIE REELLE: Drive ECHOLINE/01-Internal Ops/B-Partenaires veille int._/Nimonik ===
[2026-06-08 16:46:34] [SUCCESS] Dossier cree: Drive ECHOLINE/01-Internal Ops/B-Partenaires veille int._/Nimonik
[2026-06-08 16:46:34] [WARN] Pas de mappage pour: SERVICES_GENERAUX - Membres () - permission ignorée sur Drive ECHOLINE/01-Internal Ops/B-Partenaires veille int._/Nimonik
[2026-06-08 16:46:34] [WARN] Pas de mappage pour: Propriétaires de SERVICES_GENERAUX () - permission ignorée sur Drive ECHOLINE/01-Internal Ops/B-Partenaires veille int._/Nimonik
[2026-06-08 16:46:34] [SUCCESS] Permission appliquée: Equipe INFRA [write] -> Drive ECHOLINE/01-Internal Ops/B-Partenaires veille int._/Nimonik
[2026-06-08 16:46:34] [WARN] Impossible de résoudre 'grp_test' dans le tenant destination - permission ignorée
[2026-06-08 16:46:34] [WARN] Pas de mappage pour: SERVICES_GENERAUX - Visiteurs () - permission ignorée sur Drive ECHOLINE/01-Internal Ops/B-Partenaires veille int._/Nimonik
[2026-06-08 16:46:34] [SUCCESS] Permission appliquée: User 01 [write] -> Drive ECHOLINE/01-Internal Ops/B-Partenaires veille int._/Nimonik
[2026-06-08 16:46:34] [INFO] Traitement: /Drive ECHOLINE/01-Internal Ops/B-Partenaires veille int._/Notisum/ (6 permission(s))
[2026-06-08 16:46:34] [INFO] === COPIE REELLE: Drive ECHOLINE/01-Internal Ops/B-Partenaires veille int._/Notisum ===
[2026-06-08 16:46:35] [SUCCESS] Dossier cree: Drive ECHOLINE/01-Internal Ops/B-Partenaires veille int._/Notisum
[2026-06-08 16:46:35] [WARN] Pas de mappage pour: Propriétaires de SERVICES_GENERAUX () - permission ignorée sur Drive ECHOLINE/01-Internal Ops/B-Partenaires veille int._/Notisum
[2026-06-08 16:46:35] [WARN] Pas de mappage pour: SERVICES_GENERAUX - Visiteurs () - permission ignorée sur Drive ECHOLINE/01-Internal Ops/B-Partenaires veille int._/Notisum
[2026-06-08 16:46:35] [WARN] Pas de mappage pour: SERVICES_GENERAUX - Membres () - permission ignorée sur Drive ECHOLINE/01-Internal Ops/B-Partenaires veille int._/Notisum
[2026-06-08 16:46:36] [SUCCESS] Permission appliquée: User 01 [write] -> Drive ECHOLINE/01-Internal Ops/B-Partenaires veille int._/Notisum
[2026-06-08 16:46:36] [SUCCESS] Permission appliquée: Equipe INFRA [write] -> Drive ECHOLINE/01-Internal Ops/B-Partenaires veille int._/Notisum
[2026-06-08 16:46:36] [WARN] Impossible de résoudre 'grp_test' dans le tenant destination - permission ignorée
[2026-06-08 16:46:36] [INFO] Traitement: /Drive ECHOLINE/01-Internal Ops/B-Partenaires veille int._/ZZ-Archives/ (6 permission(s))
[2026-06-08 16:46:36] [INFO] === COPIE REELLE: Drive ECHOLINE/01-Internal Ops/B-Partenaires veille int._/ZZ-Archives ===
[2026-06-08 16:46:37] [SUCCESS] Dossier cree: Drive ECHOLINE/01-Internal Ops/B-Partenaires veille int._/ZZ-Archives
[2026-06-08 16:46:37] [WARN] Impossible de résoudre 'grp_test' dans le tenant destination - permission ignorée
[2026-06-08 16:46:37] [WARN] Pas de mappage pour: SERVICES_GENERAUX - Visiteurs () - permission ignorée sur Drive ECHOLINE/01-Internal Ops/B-Partenaires veille int._/ZZ-Archives
[2026-06-08 16:46:37] [SUCCESS] Permission appliquée: Equipe INFRA [write] -> Drive ECHOLINE/01-Internal Ops/B-Partenaires veille int._/ZZ-Archives
[2026-06-08 16:46:37] [WARN] Pas de mappage pour: SERVICES_GENERAUX - Membres () - permission ignorée sur Drive ECHOLINE/01-Internal Ops/B-Partenaires veille int._/ZZ-Archives
[2026-06-08 16:46:37] [SUCCESS] Permission appliquée: User 01 [write] -> Drive ECHOLINE/01-Internal Ops/B-Partenaires veille int._/ZZ-Archives
[2026-06-08 16:46:37] [WARN] Pas de mappage pour: Propriétaires de SERVICES_GENERAUX () - permission ignorée sur Drive ECHOLINE/01-Internal Ops/B-Partenaires veille int._/ZZ-Archives
[2026-06-08 16:46:37] [INFO] Traitement: /Drive ECHOLINE/01-Internal Ops/C-Projets/ (6 permission(s))
[2026-06-08 16:46:37] [INFO] === COPIE REELLE: Drive ECHOLINE/01-Internal Ops/C-Projets ===
[2026-06-08 16:46:38] [SUCCESS] Dossier cree: Drive ECHOLINE/01-Internal Ops/C-Projets
[2026-06-08 16:46:38] [WARN] Impossible de résoudre 'grp_test' dans le tenant destination - permission ignorée
[2026-06-08 16:46:38] [SUCCESS] Permission appliquée: Equipe INFRA [write] -> Drive ECHOLINE/01-Internal Ops/C-Projets
[2026-06-08 16:46:39] [SUCCESS] Permission appliquée: User 01 [write] -> Drive ECHOLINE/01-Internal Ops/C-Projets
[2026-06-08 16:46:39] [WARN] Pas de mappage pour: SERVICES_GENERAUX - Membres () - permission ignorée sur Drive ECHOLINE/01-Internal Ops/C-Projets
[2026-06-08 16:46:39] [WARN] Pas de mappage pour: SERVICES_GENERAUX - Visiteurs () - permission ignorée sur Drive ECHOLINE/01-Internal Ops/C-Projets
[2026-06-08 16:46:39] [WARN] Pas de mappage pour: Propriétaires de SERVICES_GENERAUX () - permission ignorée sur Drive ECHOLINE/01-Internal Ops/C-Projets
[2026-06-08 16:46:39] [INFO] Traitement: /Drive ECHOLINE/01-Internal Ops/C-Projets/Fiches thématiques/ (6 permission(s))
[2026-06-08 16:46:39] [INFO] === COPIE REELLE: Drive ECHOLINE/01-Internal Ops/C-Projets/Fiches thématiques ===
[2026-06-08 16:46:39] [ERROR] Erreur copie: Le serveur distant a retourné une erreur : (400) Demande incorrecte.
[2026-06-08 16:46:39] [WARN] Droits ignorés car copie échouée: /Drive ECHOLINE/01-Internal Ops/C-Projets/Fiches thématiques/
[2026-06-08 16:46:40] [INFO] Traitement: /Drive ECHOLINE/01-Internal Ops/C-Projets/Normes/ (6 permission(s))
[2026-06-08 16:46:40] [INFO] === COPIE REELLE: Drive ECHOLINE/01-Internal Ops/C-Projets/Normes ===
[2026-06-08 16:46:40] [SUCCESS] Dossier cree: Drive ECHOLINE/01-Internal Ops/C-Projets/Normes
[2026-06-08 16:46:41] [WARN] Impossible de résoudre 'grp_test' dans le tenant destination - permission ignorée
[2026-06-08 16:46:41] [WARN] Pas de mappage pour: SERVICES_GENERAUX - Visiteurs () - permission ignorée sur Drive ECHOLINE/01-Internal Ops/C-Projets/Normes
[2026-06-08 16:46:41] [WARN] Pas de mappage pour: SERVICES_GENERAUX - Membres () - permission ignorée sur Drive ECHOLINE/01-Internal Ops/C-Projets/Normes
[2026-06-08 16:46:41] [SUCCESS] Permission appliquée: User 01 [write] -> Drive ECHOLINE/01-Internal Ops/C-Projets/Normes
[2026-06-08 16:46:41] [SUCCESS] Permission appliquée: Equipe INFRA [write] -> Drive ECHOLINE/01-Internal Ops/C-Projets/Normes
[2026-06-08 16:46:41] [WARN] Pas de mappage pour: Propriétaires de SERVICES_GENERAUX () - permission ignorée sur Drive ECHOLINE/01-Internal Ops/C-Projets/Normes
[2026-06-08 16:46:41] [INFO] Traitement: /Drive ECHOLINE/01-Internal Ops/C-Projets/Projet QSE Veille/ (6 permission(s))
[2026-06-08 16:46:41] [INFO] === COPIE REELLE: Drive ECHOLINE/01-Internal Ops/C-Projets/Projet QSE Veille ===
[2026-06-08 16:46:42] [SUCCESS] Dossier cree: Drive ECHOLINE/01-Internal Ops/C-Projets/Projet QSE Veille
[2026-06-08 16:46:42] [WARN] Pas de mappage pour: Propriétaires de SERVICES_GENERAUX () - permission ignorée sur Drive ECHOLINE/01-Internal Ops/C-Projets/Projet QSE Veille
[2026-06-08 16:46:42] [WARN] Impossible de résoudre 'grp_test' dans le tenant destination - permission ignorée
[2026-06-08 16:46:42] [SUCCESS] Permission appliquée: Equipe INFRA [write] -> Drive ECHOLINE/01-Internal Ops/C-Projets/Projet QSE Veille
[2026-06-08 16:46:43] [SUCCESS] Permission appliquée: User 01 [write] -> Drive ECHOLINE/01-Internal Ops/C-Projets/Projet QSE Veille
[2026-06-08 16:46:43] [WARN] Pas de mappage pour: SERVICES_GENERAUX - Membres () - permission ignorée sur Drive ECHOLINE/01-Internal Ops/C-Projets/Projet QSE Veille
[2026-06-08 16:46:43] [WARN] Pas de mappage pour: SERVICES_GENERAUX - Visiteurs () - permission ignorée sur Drive ECHOLINE/01-Internal Ops/C-Projets/Projet QSE Veille
[2026-06-08 16:46:43] [INFO] Traitement: /Drive ECHOLINE/01-Internal Ops/D-OKRs-KPIs/ (6 permission(s))
[2026-06-08 16:46:43] [INFO] === COPIE REELLE: Drive ECHOLINE/01-Internal Ops/D-OKRs-KPIs ===
[2026-06-08 16:46:43] [SUCCESS] Dossier cree: Drive ECHOLINE/01-Internal Ops/D-OKRs-KPIs
[2026-06-08 16:46:44] [WARN] Pas de mappage pour: Propriétaires de SERVICES_GENERAUX () - permission ignorée sur Drive ECHOLINE/01-Internal Ops/D-OKRs-KPIs
[2026-06-08 16:46:44] [WARN] Pas de mappage pour: SERVICES_GENERAUX - Membres () - permission ignorée sur Drive ECHOLINE/01-Internal Ops/D-OKRs-KPIs
[2026-06-08 16:46:44] [SUCCESS] Permission appliquée: Equipe INFRA [write] -> Drive ECHOLINE/01-Internal Ops/D-OKRs-KPIs
[2026-06-08 16:46:44] [WARN] Impossible de résoudre 'grp_test' dans le tenant destination - permission ignorée
[2026-06-08 16:46:44] [WARN] Pas de mappage pour: SERVICES_GENERAUX - Visiteurs () - permission ignorée sur Drive ECHOLINE/01-Internal Ops/D-OKRs-KPIs
[2026-06-08 16:46:44] [SUCCESS] Permission appliquée: User 01 [write] -> Drive ECHOLINE/01-Internal Ops/D-OKRs-KPIs
[2026-06-08 16:46:44] [INFO] Traitement: /Drive ECHOLINE/01-Internal Ops/E-Ressources juridiques/ (6 permission(s))
[2026-06-08 16:46:44] [INFO] === COPIE REELLE: Drive ECHOLINE/01-Internal Ops/E-Ressources juridiques ===
[2026-06-08 16:46:45] [SUCCESS] Dossier cree: Drive ECHOLINE/01-Internal Ops/E-Ressources juridiques
[2026-06-08 16:46:45] [WARN] Impossible de résoudre 'grp_test' dans le tenant destination - permission ignorée
[2026-06-08 16:46:45] [SUCCESS] Permission appliquée: Equipe INFRA [write] -> Drive ECHOLINE/01-Internal Ops/E-Ressources juridiques
[2026-06-08 16:46:45] [SUCCESS] Permission appliquée: User 01 [write] -> Drive ECHOLINE/01-Internal Ops/E-Ressources juridiques
[2026-06-08 16:46:45] [WARN] Pas de mappage pour: SERVICES_GENERAUX - Membres () - permission ignorée sur Drive ECHOLINE/01-Internal Ops/E-Ressources juridiques
[2026-06-08 16:46:45] [WARN] Pas de mappage pour: SERVICES_GENERAUX - Visiteurs () - permission ignorée sur Drive ECHOLINE/01-Internal Ops/E-Ressources juridiques
[2026-06-08 16:46:45] [WARN] Pas de mappage pour: Propriétaires de SERVICES_GENERAUX () - permission ignorée sur Drive ECHOLINE/01-Internal Ops/E-Ressources juridiques
[2026-06-08 16:46:45] [INFO] Traitement: /Drive ECHOLINE/01-Internal Ops/E-Ressources juridiques/Environnement/ (6 permission(s))
[2026-06-08 16:46:45] [INFO] === COPIE REELLE: Drive ECHOLINE/01-Internal Ops/E-Ressources juridiques/Environnement ===
[2026-06-08 16:46:46] [SUCCESS] Dossier cree: Drive ECHOLINE/01-Internal Ops/E-Ressources juridiques/Environnement
[2026-06-08 16:46:47] [SUCCESS] Permission appliquée: Equipe INFRA [write] -> Drive ECHOLINE/01-Internal Ops/E-Ressources juridiques/Environnement
[2026-06-08 16:46:47] [WARN] Pas de mappage pour: Propriétaires de SERVICES_GENERAUX () - permission ignorée sur Drive ECHOLINE/01-Internal Ops/E-Ressources juridiques/Environnement
[2026-06-08 16:46:47] [WARN] Pas de mappage pour: SERVICES_GENERAUX - Visiteurs () - permission ignorée sur Drive ECHOLINE/01-Internal Ops/E-Ressources juridiques/Environnement
[2026-06-08 16:46:47] [WARN] Pas de mappage pour: SERVICES_GENERAUX - Membres () - permission ignorée sur Drive ECHOLINE/01-Internal Ops/E-Ressources juridiques/Environnement
[2026-06-08 16:46:47] [SUCCESS] Permission appliquée: User 01 [write] -> Drive ECHOLINE/01-Internal Ops/E-Ressources juridiques/Environnement
[2026-06-08 16:46:47] [WARN] Impossible de résoudre 'grp_test' dans le tenant destination - permission ignorée
[2026-06-08 16:46:47] [INFO] Traitement: /Drive ECHOLINE/01-Internal Ops/E-Ressources juridiques/Sécurité au travail/ (6 permission(s))
[2026-06-08 16:46:47] [INFO] === COPIE REELLE: Drive ECHOLINE/01-Internal Ops/E-Ressources juridiques/Sécurité au travail ===
[2026-06-08 16:46:48] [ERROR] Erreur copie: Le serveur distant a retourné une erreur : (400) Demande incorrecte.
[2026-06-08 16:46:48] [WARN] Droits ignorés car copie échouée: /Drive ECHOLINE/01-Internal Ops/E-Ressources juridiques/Sécurité au travail/
[2026-06-08 16:46:48] [INFO] Traitement: /Drive ECHOLINE/01-Internal Ops/ZZ-Archives/ (6 permission(s))
[2026-06-08 16:46:48] [INFO] === COPIE REELLE: Drive ECHOLINE/01-Internal Ops/ZZ-Archives ===
[2026-06-08 16:46:49] [SUCCESS] Dossier cree: Drive ECHOLINE/01-Internal Ops/ZZ-Archives
[2026-06-08 16:46:49] [WARN] Impossible de résoudre 'grp_test' dans le tenant destination - permission ignorée
[2026-06-08 16:46:49] [SUCCESS] Permission appliquée: Equipe INFRA [write] -> Drive ECHOLINE/01-Internal Ops/ZZ-Archives
[2026-06-08 16:46:49] [SUCCESS] Permission appliquée: User 01 [write] -> Drive ECHOLINE/01-Internal Ops/ZZ-Archives
[2026-06-08 16:46:49] [WARN] Pas de mappage pour: SERVICES_GENERAUX - Membres () - permission ignorée sur Drive ECHOLINE/01-Internal Ops/ZZ-Archives
[2026-06-08 16:46:49] [WARN] Pas de mappage pour: SERVICES_GENERAUX - Visiteurs () - permission ignorée sur Drive ECHOLINE/01-Internal Ops/ZZ-Archives
[2026-06-08 16:46:49] [WARN] Pas de mappage pour: Propriétaires de SERVICES_GENERAUX () - permission ignorée sur Drive ECHOLINE/01-Internal Ops/ZZ-Archives
[2026-06-08 16:46:49] [INFO] Traitement: /Drive ECHOLINE/01-Internal Ops/ZZ-Archives/Check List - Traitement/ (6 permission(s))
[2026-06-08 16:46:49] [INFO] === COPIE REELLE: Drive ECHOLINE/01-Internal Ops/ZZ-Archives/Check List - Traitement ===
[2026-06-08 16:46:50] [SUCCESS] Dossier cree: Drive ECHOLINE/01-Internal Ops/ZZ-Archives/Check List - Traitement
[2026-06-08 16:46:50] [WARN] Pas de mappage pour: SERVICES_GENERAUX - Visiteurs () - permission ignorée sur Drive ECHOLINE/01-Internal Ops/ZZ-Archives/Check List - Traitement
[2026-06-08 16:46:50] [WARN] Pas de mappage pour: Propriétaires de SERVICES_GENERAUX () - permission ignorée sur Drive ECHOLINE/01-Internal Ops/ZZ-Archives/Check List - Traitement
[2026-06-08 16:46:50] [WARN] Pas de mappage pour: SERVICES_GENERAUX - Membres () - permission ignorée sur Drive ECHOLINE/01-Internal Ops/ZZ-Archives/Check List - Traitement
[2026-06-08 16:46:51] [SUCCESS] Permission appliquée: User 01 [write] -> Drive ECHOLINE/01-Internal Ops/ZZ-Archives/Check List - Traitement
[2026-06-08 16:46:51] [SUCCESS] Permission appliquée: Equipe INFRA [write] -> Drive ECHOLINE/01-Internal Ops/ZZ-Archives/Check List - Traitement
[2026-06-08 16:46:51] [WARN] Impossible de résoudre 'grp_test' dans le tenant destination - permission ignorée
[2026-06-08 16:46:51] [INFO] Traitement: /Drive ECHOLINE/01-Internal Ops/ZZ-Archives/Process et procédures/ (6 permission(s))
[2026-06-08 16:46:51] [INFO] === COPIE REELLE: Drive ECHOLINE/01-Internal Ops/ZZ-Archives/Process et procédures ===
[2026-06-08 16:46:52] [ERROR] Erreur copie: Le serveur distant a retourné une erreur : (400) Demande incorrecte.
[2026-06-08 16:46:52] [WARN] Droits ignorés car copie échouée: /Drive ECHOLINE/01-Internal Ops/ZZ-Archives/Process et procédures/
[2026-06-08 16:46:52] [INFO] Traitement: /Drive ECHOLINE/01-Internal Ops/ZZ-Archives/Questionnaires/ (6 permission(s))
[2026-06-08 16:46:52] [INFO] === COPIE REELLE: Drive ECHOLINE/01-Internal Ops/ZZ-Archives/Questionnaires ===
[2026-06-08 16:46:52] [SUCCESS] Dossier cree: Drive ECHOLINE/01-Internal Ops/ZZ-Archives/Questionnaires
[2026-06-08 16:46:53] [WARN] Impossible de résoudre 'grp_test' dans le tenant destination - permission ignorée
[2026-06-08 16:46:53] [SUCCESS] Permission appliquée: Equipe INFRA [write] -> Drive ECHOLINE/01-Internal Ops/ZZ-Archives/Questionnaires
[2026-06-08 16:46:53] [SUCCESS] Permission appliquée: User 01 [write] -> Drive ECHOLINE/01-Internal Ops/ZZ-Archives/Questionnaires
[2026-06-08 16:46:53] [WARN] Pas de mappage pour: SERVICES_GENERAUX - Membres () - permission ignorée sur Drive ECHOLINE/01-Internal Ops/ZZ-Archives/Questionnaires
[2026-06-08 16:46:53] [WARN] Pas de mappage pour: SERVICES_GENERAUX - Visiteurs () - permission ignorée sur Drive ECHOLINE/01-Internal Ops/ZZ-Archives/Questionnaires
[2026-06-08 16:46:53] [WARN] Pas de mappage pour: Propriétaires de SERVICES_GENERAUX () - permission ignorée sur Drive ECHOLINE/01-Internal Ops/ZZ-Archives/Questionnaires
[2026-06-08 16:46:53] [INFO] Traitement: /Drive ECHOLINE/01-Internal Ops/ZZ-Archives/Thématiques/ (6 permission(s))
[2026-06-08 16:46:53] [INFO] === COPIE REELLE: Drive ECHOLINE/01-Internal Ops/ZZ-Archives/Thématiques ===
[2026-06-08 16:46:54] [ERROR] Erreur copie: Le serveur distant a retourné une erreur : (400) Demande incorrecte.
[2026-06-08 16:46:54] [WARN] Droits ignorés car copie échouée: /Drive ECHOLINE/01-Internal Ops/ZZ-Archives/Thématiques/
[2026-06-08 16:46:54] [INFO] Traitement: /Drive ECHOLINE/02-External Ops/ (6 permission(s))
[2026-06-08 16:46:54] [INFO] === COPIE REELLE: Drive ECHOLINE/02-External Ops ===
[2026-06-08 16:46:54] [SUCCESS] Dossier cree: Drive ECHOLINE/02-External Ops
[2026-06-08 16:46:55] [SUCCESS] Permission appliquée: Equipe INFRA [write] -> Drive ECHOLINE/02-External Ops
[2026-06-08 16:46:55] [SUCCESS] Permission appliquée: User 01 [write] -> Drive ECHOLINE/02-External Ops
[2026-06-08 16:46:55] [WARN] Pas de mappage pour: SERVICES_GENERAUX - Membres () - permission ignorée sur Drive ECHOLINE/02-External Ops
[2026-06-08 16:46:55] [WARN] Pas de mappage pour: SERVICES_GENERAUX - Visiteurs () - permission ignorée sur Drive ECHOLINE/02-External Ops
[2026-06-08 16:46:55] [WARN] Pas de mappage pour: Propriétaires de SERVICES_GENERAUX () - permission ignorée sur Drive ECHOLINE/02-External Ops
[2026-06-08 16:46:55] [WARN] Impossible de résoudre 'grp_test' dans le tenant destination - permission ignorée
[2026-06-08 16:46:55] [INFO] Traitement: /Drive ECHOLINE/02-External Ops/A-Suivi prod/ (6 permission(s))
[2026-06-08 16:46:55] [INFO] === COPIE REELLE: Drive ECHOLINE/02-External Ops/A-Suivi prod ===
[2026-06-08 16:46:56] [SUCCESS] Dossier cree: Drive ECHOLINE/02-External Ops/A-Suivi prod
[2026-06-08 16:46:56] [SUCCESS] Permission appliquée: User 01 [write] -> Drive ECHOLINE/02-External Ops/A-Suivi prod
[2026-06-08 16:46:56] [WARN] Pas de mappage pour: SERVICES_GENERAUX - Membres () - permission ignorée sur Drive ECHOLINE/02-External Ops/A-Suivi prod
[2026-06-08 16:46:56] [WARN] Pas de mappage pour: SERVICES_GENERAUX - Visiteurs () - permission ignorée sur Drive ECHOLINE/02-External Ops/A-Suivi prod
[2026-06-08 16:46:56] [WARN] Pas de mappage pour: Propriétaires de SERVICES_GENERAUX () - permission ignorée sur Drive ECHOLINE/02-External Ops/A-Suivi prod
[2026-06-08 16:46:56] [WARN] Impossible de résoudre 'grp_test' dans le tenant destination - permission ignorée
[2026-06-08 16:46:56] [SUCCESS] Permission appliquée: Equipe INFRA [write] -> Drive ECHOLINE/02-External Ops/A-Suivi prod
[2026-06-08 16:46:56] [INFO] Traitement: /Drive ECHOLINE/02-External Ops/B-Clients/ (6 permission(s))
[2026-06-08 16:46:56] [INFO] === COPIE REELLE: Drive ECHOLINE/02-External Ops/B-Clients ===
[2026-06-08 16:46:57] [SUCCESS] Dossier cree: Drive ECHOLINE/02-External Ops/B-Clients
[2026-06-08 16:46:57] [WARN] Impossible de résoudre 'grp_test' dans le tenant destination - permission ignorée
[2026-06-08 16:46:58] [SUCCESS] Permission appliquée: User 01 [write] -> Drive ECHOLINE/02-External Ops/B-Clients
[2026-06-08 16:46:58] [WARN] Pas de mappage pour: SERVICES_GENERAUX - Membres () - permission ignorée sur Drive ECHOLINE/02-External Ops/B-Clients
[2026-06-08 16:46:58] [WARN] Pas de mappage pour: SERVICES_GENERAUX - Visiteurs () - permission ignorée sur Drive ECHOLINE/02-External Ops/B-Clients
[2026-06-08 16:46:58] [WARN] Pas de mappage pour: Propriétaires de SERVICES_GENERAUX () - permission ignorée sur Drive ECHOLINE/02-External Ops/B-Clients
[2026-06-08 16:46:58] [SUCCESS] Permission appliquée: Equipe INFRA [write] -> Drive ECHOLINE/02-External Ops/B-Clients
[2026-06-08 16:46:58] [INFO] Traitement: /Drive ECHOLINE/02-External Ops/C-Services/ (6 permission(s))
[2026-06-08 16:46:58] [INFO] === COPIE REELLE: Drive ECHOLINE/02-External Ops/C-Services ===
[2026-06-08 16:46:59] [SUCCESS] Dossier cree: Drive ECHOLINE/02-External Ops/C-Services
[2026-06-08 16:46:59] [WARN] Pas de mappage pour: SERVICES_GENERAUX - Visiteurs () - permission ignorée sur Drive ECHOLINE/02-External Ops/C-Services
[2026-06-08 16:46:59] [WARN] Pas de mappage pour: Propriétaires de SERVICES_GENERAUX () - permission ignorée sur Drive ECHOLINE/02-External Ops/C-Services
[2026-06-08 16:46:59] [WARN] Pas de mappage pour: SERVICES_GENERAUX - Membres () - permission ignorée sur Drive ECHOLINE/02-External Ops/C-Services
[2026-06-08 16:46:59] [WARN] Impossible de résoudre 'grp_test' dans le tenant destination - permission ignorée
[2026-06-08 16:46:59] [SUCCESS] Permission appliquée: Equipe INFRA [write] -> Drive ECHOLINE/02-External Ops/C-Services
[2026-06-08 16:46:59] [SUCCESS] Permission appliquée: User 01 [write] -> Drive ECHOLINE/02-External Ops/C-Services
[2026-06-08 16:46:59] [INFO] Traitement: /Drive ECHOLINE/02-External Ops/D-Projets/ (6 permission(s))
[2026-06-08 16:46:59] [INFO] === COPIE REELLE: Drive ECHOLINE/02-External Ops/D-Projets ===
[2026-06-08 16:47:00] [SUCCESS] Dossier cree: Drive ECHOLINE/02-External Ops/D-Projets
[2026-06-08 16:47:00] [WARN] Impossible de résoudre 'grp_test' dans le tenant destination - permission ignorée
[2026-06-08 16:47:00] [SUCCESS] Permission appliquée: Equipe INFRA [write] -> Drive ECHOLINE/02-External Ops/D-Projets
[2026-06-08 16:47:01] [SUCCESS] Permission appliquée: User 01 [write] -> Drive ECHOLINE/02-External Ops/D-Projets
[2026-06-08 16:47:01] [WARN] Pas de mappage pour: SERVICES_GENERAUX - Membres () - permission ignorée sur Drive ECHOLINE/02-External Ops/D-Projets
[2026-06-08 16:47:01] [WARN] Pas de mappage pour: SERVICES_GENERAUX - Visiteurs () - permission ignorée sur Drive ECHOLINE/02-External Ops/D-Projets
[2026-06-08 16:47:01] [WARN] Pas de mappage pour: Propriétaires de SERVICES_GENERAUX () - permission ignorée sur Drive ECHOLINE/02-External Ops/D-Projets
[2026-06-08 16:47:01] [INFO] Traitement: /Drive ECHOLINE/02-External Ops/ZZ-Archives/ (6 permission(s))
[2026-06-08 16:47:01] [INFO] === COPIE REELLE: Drive ECHOLINE/02-External Ops/ZZ-Archives ===
[2026-06-08 16:47:02] [SUCCESS] Dossier cree: Drive ECHOLINE/02-External Ops/ZZ-Archives
[2026-06-08 16:47:02] [WARN] Pas de mappage pour: SERVICES_GENERAUX - Visiteurs () - permission ignorée sur Drive ECHOLINE/02-External Ops/ZZ-Archives
[2026-06-08 16:47:02] [SUCCESS] Permission appliquée: User 01 [write] -> Drive ECHOLINE/02-External Ops/ZZ-Archives
[2026-06-08 16:47:02] [SUCCESS] Permission appliquée: Equipe INFRA [write] -> Drive ECHOLINE/02-External Ops/ZZ-Archives
[2026-06-08 16:47:02] [WARN] Impossible de résoudre 'grp_test' dans le tenant destination - permission ignorée
[2026-06-08 16:47:02] [WARN] Pas de mappage pour: Propriétaires de SERVICES_GENERAUX () - permission ignorée sur Drive ECHOLINE/02-External Ops/ZZ-Archives
[2026-06-08 16:47:02] [WARN] Pas de mappage pour: SERVICES_GENERAUX - Membres () - permission ignorée sur Drive ECHOLINE/02-External Ops/ZZ-Archives
[2026-06-08 16:47:02] [INFO] Traitement: /Drive ECHOLINE/03-Customer Care/ (6 permission(s))
[2026-06-08 16:47:02] [INFO] === COPIE REELLE: Drive ECHOLINE/03-Customer Care ===
[2026-06-08 16:47:03] [SUCCESS] Dossier cree: Drive ECHOLINE/03-Customer Care
[2026-06-08 16:47:03] [WARN] Impossible de résoudre 'grp_test' dans le tenant destination - permission ignorée
[2026-06-08 16:47:03] [WARN] Pas de mappage pour: Propriétaires de SERVICES_GENERAUX () - permission ignorée sur Drive ECHOLINE/03-Customer Care
[2026-06-08 16:47:03] [WARN] Pas de mappage pour: SERVICES_GENERAUX - Visiteurs () - permission ignorée sur Drive ECHOLINE/03-Customer Care
[2026-06-08 16:47:03] [WARN] Pas de mappage pour: SERVICES_GENERAUX - Membres () - permission ignorée sur Drive ECHOLINE/03-Customer Care
[2026-06-08 16:47:03] [SUCCESS] Permission appliquée: User 01 [write] -> Drive ECHOLINE/03-Customer Care
[2026-06-08 16:47:03] [SUCCESS] Permission appliquée: Equipe INFRA [write] -> Drive ECHOLINE/03-Customer Care
[2026-06-08 16:47:03] [INFO] Traitement: /Drive ECHOLINE/03-Customer Care/A-Hotline/ (6 permission(s))
[2026-06-08 16:47:03] [INFO] === COPIE REELLE: Drive ECHOLINE/03-Customer Care/A-Hotline ===
[2026-06-08 16:47:04] [SUCCESS] Dossier cree: Drive ECHOLINE/03-Customer Care/A-Hotline
[2026-06-08 16:47:04] [WARN] Pas de mappage pour: Propriétaires de SERVICES_GENERAUX () - permission ignorée sur Drive ECHOLINE/03-Customer Care/A-Hotline
[2026-06-08 16:47:04] [WARN] Pas de mappage pour: SERVICES_GENERAUX - Visiteurs () - permission ignorée sur Drive ECHOLINE/03-Customer Care/A-Hotline
[2026-06-08 16:47:05] [SUCCESS] Permission appliquée: Equipe INFRA [write] -> Drive ECHOLINE/03-Customer Care/A-Hotline
[2026-06-08 16:47:05] [WARN] Pas de mappage pour: SERVICES_GENERAUX - Membres () - permission ignorée sur Drive ECHOLINE/03-Customer Care/A-Hotline
[2026-06-08 16:47:05] [SUCCESS] Permission appliquée: User 01 [write] -> Drive ECHOLINE/03-Customer Care/A-Hotline
[2026-06-08 16:47:05] [WARN] Impossible de résoudre 'grp_test' dans le tenant destination - permission ignorée
[2026-06-08 16:47:05] [INFO] Traitement: /Drive ECHOLINE/03-Customer Care/A-Hotline/Téléphone/ (6 permission(s))
[2026-06-08 16:47:05] [INFO] === COPIE REELLE: Drive ECHOLINE/03-Customer Care/A-Hotline/Téléphone ===
[2026-06-08 16:47:06] [ERROR] Erreur copie: Le serveur distant a retourné une erreur : (400) Demande incorrecte.
[2026-06-08 16:47:06] [WARN] Droits ignorés car copie échouée: /Drive ECHOLINE/03-Customer Care/A-Hotline/Téléphone/
[2026-06-08 16:47:06] [INFO] Traitement: /Drive ECHOLINE/03-Customer Care/A-Hotline/ZZ-Archives/ (6 permission(s))
[2026-06-08 16:47:06] [INFO] === COPIE REELLE: Drive ECHOLINE/03-Customer Care/A-Hotline/ZZ-Archives ===
[2026-06-08 16:47:07] [SUCCESS] Dossier cree: Drive ECHOLINE/03-Customer Care/A-Hotline/ZZ-Archives
[2026-06-08 16:47:07] [WARN] Pas de mappage pour: Propriétaires de SERVICES_GENERAUX () - permission ignorée sur Drive ECHOLINE/03-Customer Care/A-Hotline/ZZ-Archives
[2026-06-08 16:47:07] [WARN] Pas de mappage pour: SERVICES_GENERAUX - Visiteurs () - permission ignorée sur Drive ECHOLINE/03-Customer Care/A-Hotline/ZZ-Archives
[2026-06-08 16:47:07] [WARN] Pas de mappage pour: SERVICES_GENERAUX - Membres () - permission ignorée sur Drive ECHOLINE/03-Customer Care/A-Hotline/ZZ-Archives
[2026-06-08 16:47:07] [SUCCESS] Permission appliquée: User 01 [write] -> Drive ECHOLINE/03-Customer Care/A-Hotline/ZZ-Archives
[2026-06-08 16:47:07] [SUCCESS] Permission appliquée: Equipe INFRA [write] -> Drive ECHOLINE/03-Customer Care/A-Hotline/ZZ-Archives
[2026-06-08 16:47:07] [WARN] Impossible de résoudre 'grp_test' dans le tenant destination - permission ignorée
[2026-06-08 16:47:07] [INFO] Traitement: /Drive ECHOLINE/03-Customer Care/B-NPS/ (6 permission(s))
[2026-06-08 16:47:07] [INFO] === COPIE REELLE: Drive ECHOLINE/03-Customer Care/B-NPS ===
[2026-06-08 16:47:08] [SUCCESS] Dossier cree: Drive ECHOLINE/03-Customer Care/B-NPS
[2026-06-08 16:47:08] [WARN] Impossible de résoudre 'grp_test' dans le tenant destination - permission ignorée
[2026-06-08 16:47:08] [WARN] Pas de mappage pour: SERVICES_GENERAUX - Visiteurs () - permission ignorée sur Drive ECHOLINE/03-Customer Care/B-NPS
[2026-06-08 16:47:08] [WARN] Pas de mappage pour: SERVICES_GENERAUX - Membres () - permission ignorée sur Drive ECHOLINE/03-Customer Care/B-NPS
[2026-06-08 16:47:08] [SUCCESS] Permission appliquée: User 01 [write] -> Drive ECHOLINE/03-Customer Care/B-NPS
[2026-06-08 16:47:08] [SUCCESS] Permission appliquée: Equipe INFRA [write] -> Drive ECHOLINE/03-Customer Care/B-NPS
[2026-06-08 16:47:08] [WARN] Pas de mappage pour: Propriétaires de SERVICES_GENERAUX () - permission ignorée sur Drive ECHOLINE/03-Customer Care/B-NPS
[2026-06-08 16:47:08] [INFO] Traitement: /Drive ECHOLINE/03-Customer Care/B-NPS/ZZ-Archives/ (6 permission(s))
[2026-06-08 16:47:08] [INFO] === COPIE REELLE: Drive ECHOLINE/03-Customer Care/B-NPS/ZZ-Archives ===
[2026-06-08 16:47:09] [SUCCESS] Dossier cree: Drive ECHOLINE/03-Customer Care/B-NPS/ZZ-Archives
[2026-06-08 16:47:09] [WARN] Pas de mappage pour: Propriétaires de SERVICES_GENERAUX () - permission ignorée sur Drive ECHOLINE/03-Customer Care/B-NPS/ZZ-Archives
[2026-06-08 16:47:09] [WARN] Impossible de résoudre 'grp_test' dans le tenant destination - permission ignorée
[2026-06-08 16:47:10] [SUCCESS] Permission appliquée: Equipe INFRA [write] -> Drive ECHOLINE/03-Customer Care/B-NPS/ZZ-Archives
[2026-06-08 16:47:10] [SUCCESS] Permission appliquée: User 01 [write] -> Drive ECHOLINE/03-Customer Care/B-NPS/ZZ-Archives
[2026-06-08 16:47:10] [WARN] Pas de mappage pour: SERVICES_GENERAUX - Membres () - permission ignorée sur Drive ECHOLINE/03-Customer Care/B-NPS/ZZ-Archives
[2026-06-08 16:47:10] [WARN] Pas de mappage pour: SERVICES_GENERAUX - Visiteurs () - permission ignorée sur Drive ECHOLINE/03-Customer Care/B-NPS/ZZ-Archives
[2026-06-08 16:47:10] [INFO] Traitement: /Drive ECHOLINE/03-Customer Care/C-Satisfaction score/ (6 permission(s))
[2026-06-08 16:47:10] [INFO] === COPIE REELLE: Drive ECHOLINE/03-Customer Care/C-Satisfaction score ===
[2026-06-08 16:47:11] [SUCCESS] Dossier cree: Drive ECHOLINE/03-Customer Care/C-Satisfaction score
[2026-06-08 16:47:11] [WARN] Pas de mappage pour: Propriétaires de SERVICES_GENERAUX () - permission ignorée sur Drive ECHOLINE/03-Customer Care/C-Satisfaction score
[2026-06-08 16:47:11] [WARN] Pas de mappage pour: SERVICES_GENERAUX - Membres () - permission ignorée sur Drive ECHOLINE/03-Customer Care/C-Satisfaction score
[2026-06-08 16:47:11] [SUCCESS] Permission appliquée: Equipe INFRA [write] -> Drive ECHOLINE/03-Customer Care/C-Satisfaction score
[2026-06-08 16:47:11] [WARN] Impossible de résoudre 'grp_test' dans le tenant destination - permission ignorée
[2026-06-08 16:47:11] [WARN] Pas de mappage pour: SERVICES_GENERAUX - Visiteurs () - permission ignorée sur Drive ECHOLINE/03-Customer Care/C-Satisfaction score
[2026-06-08 16:47:11] [SUCCESS] Permission appliquée: User 01 [write] -> Drive ECHOLINE/03-Customer Care/C-Satisfaction score
[2026-06-08 16:47:11] [INFO] Traitement: /Drive ECHOLINE/03-Customer Care/C-Satisfaction score/ZZ-Archives/ (6 permission(s))
[2026-06-08 16:47:11] [INFO] === COPIE REELLE: Drive ECHOLINE/03-Customer Care/C-Satisfaction score/ZZ-Archives ===
[2026-06-08 16:47:12] [SUCCESS] Dossier cree: Drive ECHOLINE/03-Customer Care/C-Satisfaction score/ZZ-Archives
[2026-06-08 16:47:12] [WARN] Impossible de résoudre 'grp_test' dans le tenant destination - permission ignorée
[2026-06-08 16:47:12] [SUCCESS] Permission appliquée: Equipe INFRA [write] -> Drive ECHOLINE/03-Customer Care/C-Satisfaction score/ZZ-Archives
[2026-06-08 16:47:13] [SUCCESS] Permission appliquée: User 01 [write] -> Drive ECHOLINE/03-Customer Care/C-Satisfaction score/ZZ-Archives
[2026-06-08 16:47:13] [WARN] Pas de mappage pour: SERVICES_GENERAUX - Membres () - permission ignorée sur Drive ECHOLINE/03-Customer Care/C-Satisfaction score/ZZ-Archives
[2026-06-08 16:47:13] [WARN] Pas de mappage pour: SERVICES_GENERAUX - Visiteurs () - permission ignorée sur Drive ECHOLINE/03-Customer Care/C-Satisfaction score/ZZ-Archives
[2026-06-08 16:47:13] [WARN] Pas de mappage pour: Propriétaires de SERVICES_GENERAUX () - permission ignorée sur Drive ECHOLINE/03-Customer Care/C-Satisfaction score/ZZ-Archives
[2026-06-08 16:47:13] [INFO] Traitement: /Drive ECHOLINE/03-Customer Care/D-Reporting/ (6 permission(s))
[2026-06-08 16:47:13] [INFO] === COPIE REELLE: Drive ECHOLINE/03-Customer Care/D-Reporting ===
[2026-06-08 16:47:13] [SUCCESS] Dossier cree: Drive ECHOLINE/03-Customer Care/D-Reporting
[2026-06-08 16:47:14] [SUCCESS] Permission appliquée: Equipe INFRA [write] -> Drive ECHOLINE/03-Customer Care/D-Reporting
[2026-06-08 16:47:14] [WARN] Pas de mappage pour: Propriétaires de SERVICES_GENERAUX () - permission ignorée sur Drive ECHOLINE/03-Customer Care/D-Reporting
[2026-06-08 16:47:14] [WARN] Pas de mappage pour: SERVICES_GENERAUX - Visiteurs () - permission ignorée sur Drive ECHOLINE/03-Customer Care/D-Reporting
[2026-06-08 16:47:14] [WARN] Pas de mappage pour: SERVICES_GENERAUX - Membres () - permission ignorée sur Drive ECHOLINE/03-Customer Care/D-Reporting
[2026-06-08 16:47:14] [SUCCESS] Permission appliquée: User 01 [write] -> Drive ECHOLINE/03-Customer Care/D-Reporting
[2026-06-08 16:47:14] [WARN] Impossible de résoudre 'grp_test' dans le tenant destination - permission ignorée
[2026-06-08 16:47:14] [INFO] Traitement: /Drive ECHOLINE/03-Customer Care/D-Reporting/ZZ-Archives/ (6 permission(s))
[2026-06-08 16:47:14] [INFO] === COPIE REELLE: Drive ECHOLINE/03-Customer Care/D-Reporting/ZZ-Archives ===
[2026-06-08 16:47:15] [SUCCESS] Dossier cree: Drive ECHOLINE/03-Customer Care/D-Reporting/ZZ-Archives
[2026-06-08 16:47:15] [WARN] Impossible de résoudre 'grp_test' dans le tenant destination - permission ignorée
[2026-06-08 16:47:15] [WARN] Pas de mappage pour: Propriétaires de SERVICES_GENERAUX () - permission ignorée sur Drive ECHOLINE/03-Customer Care/D-Reporting/ZZ-Archives
[2026-06-08 16:47:15] [SUCCESS] Permission appliquée: Equipe INFRA [write] -> Drive ECHOLINE/03-Customer Care/D-Reporting/ZZ-Archives
[2026-06-08 16:47:15] [WARN] Pas de mappage pour: SERVICES_GENERAUX - Visiteurs () - permission ignorée sur Drive ECHOLINE/03-Customer Care/D-Reporting/ZZ-Archives
[2026-06-08 16:47:15] [WARN] Pas de mappage pour: SERVICES_GENERAUX - Membres () - permission ignorée sur Drive ECHOLINE/03-Customer Care/D-Reporting/ZZ-Archives
[2026-06-08 16:47:15] [SUCCESS] Permission appliquée: User 01 [write] -> Drive ECHOLINE/03-Customer Care/D-Reporting/ZZ-Archives
[2026-06-08 16:47:16] [INFO] Traitement: /Drive ECHOLINE/04-Community management/ (6 permission(s))
[2026-06-08 16:47:16] [INFO] === COPIE REELLE: Drive ECHOLINE/04-Community management ===
[2026-06-08 16:47:16] [SUCCESS] Dossier cree: Drive ECHOLINE/04-Community management
[2026-06-08 16:47:16] [WARN] Impossible de résoudre 'grp_test' dans le tenant destination - permission ignorée
[2026-06-08 16:47:17] [SUCCESS] Permission appliquée: Equipe INFRA [write] -> Drive ECHOLINE/04-Community management
[2026-06-08 16:47:17] [SUCCESS] Permission appliquée: User 01 [write] -> Drive ECHOLINE/04-Community management
[2026-06-08 16:47:17] [WARN] Pas de mappage pour: SERVICES_GENERAUX - Membres () - permission ignorée sur Drive ECHOLINE/04-Community management
[2026-06-08 16:47:17] [WARN] Pas de mappage pour: SERVICES_GENERAUX - Visiteurs () - permission ignorée sur Drive ECHOLINE/04-Community management
[2026-06-08 16:47:17] [WARN] Pas de mappage pour: Propriétaires de SERVICES_GENERAUX () - permission ignorée sur Drive ECHOLINE/04-Community management
[2026-06-08 16:47:17] [INFO] Traitement: /Drive ECHOLINE/04-Community management/A-Newsletter/ (6 permission(s))
[2026-06-08 16:47:17] [INFO] === COPIE REELLE: Drive ECHOLINE/04-Community management/A-Newsletter ===
[2026-06-08 16:47:18] [SUCCESS] Dossier cree: Drive ECHOLINE/04-Community management/A-Newsletter
[2026-06-08 16:47:18] [WARN] Pas de mappage pour: SERVICES_GENERAUX - Visiteurs () - permission ignorée sur Drive ECHOLINE/04-Community management/A-Newsletter
[2026-06-08 16:47:18] [WARN] Pas de mappage pour: Propriétaires de SERVICES_GENERAUX () - permission ignorée sur Drive ECHOLINE/04-Community management/A-Newsletter
[2026-06-08 16:47:18] [WARN] Pas de mappage pour: SERVICES_GENERAUX - Membres () - permission ignorée sur Drive ECHOLINE/04-Community management/A-Newsletter
[2026-06-08 16:47:18] [SUCCESS] Permission appliquée: User 01 [write] -> Drive ECHOLINE/04-Community management/A-Newsletter
[2026-06-08 16:47:18] [SUCCESS] Permission appliquée: Equipe INFRA [write] -> Drive ECHOLINE/04-Community management/A-Newsletter
[2026-06-08 16:47:18] [WARN] Impossible de résoudre 'grp_test' dans le tenant destination - permission ignorée
[2026-06-08 16:47:18] [INFO] Traitement: /Drive ECHOLINE/04-Community management/A-Newsletter/ZZ-Archives/ (6 permission(s))
[2026-06-08 16:47:18] [INFO] === COPIE REELLE: Drive ECHOLINE/04-Community management/A-Newsletter/ZZ-Archives ===
[2026-06-08 16:47:19] [SUCCESS] Dossier cree: Drive ECHOLINE/04-Community management/A-Newsletter/ZZ-Archives
[2026-06-08 16:47:19] [WARN] Impossible de résoudre 'grp_test' dans le tenant destination - permission ignorée
[2026-06-08 16:47:19] [WARN] Pas de mappage pour: SERVICES_GENERAUX - Visiteurs () - permission ignorée sur Drive ECHOLINE/04-Community management/A-Newsletter/ZZ-Archives
[2026-06-08 16:47:19] [WARN] Pas de mappage pour: SERVICES_GENERAUX - Membres () - permission ignorée sur Drive ECHOLINE/04-Community management/A-Newsletter/ZZ-Archives
[2026-06-08 16:47:19] [SUCCESS] Permission appliquée: User 01 [write] -> Drive ECHOLINE/04-Community management/A-Newsletter/ZZ-Archives
[2026-06-08 16:47:20] [SUCCESS] Permission appliquée: Equipe INFRA [write] -> Drive ECHOLINE/04-Community management/A-Newsletter/ZZ-Archives
[2026-06-08 16:47:20] [WARN] Pas de mappage pour: Propriétaires de SERVICES_GENERAUX () - permission ignorée sur Drive ECHOLINE/04-Community management/A-Newsletter/ZZ-Archives
[2026-06-08 16:47:20] [INFO] Traitement: /Drive ECHOLINE/04-Community management/B-Webinar/ (6 permission(s))
[2026-06-08 16:47:20] [INFO] === COPIE REELLE: Drive ECHOLINE/04-Community management/B-Webinar ===
[2026-06-08 16:47:20] [SUCCESS] Dossier cree: Drive ECHOLINE/04-Community management/B-Webinar
[2026-06-08 16:47:20] [WARN] Impossible de résoudre 'grp_test' dans le tenant destination - permission ignorée
[2026-06-08 16:47:21] [SUCCESS] Permission appliquée: Equipe INFRA [write] -> Drive ECHOLINE/04-Community management/B-Webinar
[2026-06-08 16:47:21] [SUCCESS] Permission appliquée: User 01 [write] -> Drive ECHOLINE/04-Community management/B-Webinar
[2026-06-08 16:47:21] [WARN] Pas de mappage pour: SERVICES_GENERAUX - Membres () - permission ignorée sur Drive ECHOLINE/04-Community management/B-Webinar
[2026-06-08 16:47:21] [WARN] Pas de mappage pour: SERVICES_GENERAUX - Visiteurs () - permission ignorée sur Drive ECHOLINE/04-Community management/B-Webinar
[2026-06-08 16:47:21] [WARN] Pas de mappage pour: Propriétaires de SERVICES_GENERAUX () - permission ignorée sur Drive ECHOLINE/04-Community management/B-Webinar
[2026-06-08 16:47:21] [INFO] Traitement: /Drive ECHOLINE/04-Community management/B-Webinar/Webinar ECHOLINExBLUMEI/ (6 permission(s))
[2026-06-08 16:47:21] [INFO] === COPIE REELLE: Drive ECHOLINE/04-Community management/B-Webinar/Webinar ECHOLINExBLUMEI ===
[2026-06-08 16:47:22] [SUCCESS] Dossier cree: Drive ECHOLINE/04-Community management/B-Webinar/Webinar ECHOLINExBLUMEI
[2026-06-08 16:47:22] [SUCCESS] Permission appliquée: Equipe INFRA [write] -> Drive ECHOLINE/04-Community management/B-Webinar/Webinar ECHOLINExBLUMEI
[2026-06-08 16:47:22] [WARN] Pas de mappage pour: Propriétaires de SERVICES_GENERAUX () - permission ignorée sur Drive ECHOLINE/04-Community management/B-Webinar/Webinar ECHOLINExBLUMEI
[2026-06-08 16:47:22] [WARN] Pas de mappage pour: SERVICES_GENERAUX - Membres () - permission ignorée sur Drive ECHOLINE/04-Community management/B-Webinar/Webinar ECHOLINExBLUMEI
[2026-06-08 16:47:22] [WARN] Pas de mappage pour: SERVICES_GENERAUX - Visiteurs () - permission ignorée sur Drive ECHOLINE/04-Community management/B-Webinar/Webinar ECHOLINExBLUMEI
[2026-06-08 16:47:22] [SUCCESS] Permission appliquée: User 01 [write] -> Drive ECHOLINE/04-Community management/B-Webinar/Webinar ECHOLINExBLUMEI
[2026-06-08 16:47:22] [WARN] Impossible de résoudre 'grp_test' dans le tenant destination - permission ignorée
[2026-06-08 16:47:22] [INFO] Traitement: /Drive ECHOLINE/04-Community management/B-Webinar/ZZ-Archives/ (6 permission(s))
[2026-06-08 16:47:22] [INFO] === COPIE REELLE: Drive ECHOLINE/04-Community management/B-Webinar/ZZ-Archives ===
[2026-06-08 16:47:23] [SUCCESS] Dossier cree: Drive ECHOLINE/04-Community management/B-Webinar/ZZ-Archives
[2026-06-08 16:47:23] [WARN] Impossible de résoudre 'grp_test' dans le tenant destination - permission ignorée
[2026-06-08 16:47:24] [SUCCESS] Permission appliquée: Equipe INFRA [write] -> Drive ECHOLINE/04-Community management/B-Webinar/ZZ-Archives
[2026-06-08 16:47:24] [SUCCESS] Permission appliquée: User 01 [write] -> Drive ECHOLINE/04-Community management/B-Webinar/ZZ-Archives
[2026-06-08 16:47:24] [WARN] Pas de mappage pour: SERVICES_GENERAUX - Membres () - permission ignorée sur Drive ECHOLINE/04-Community management/B-Webinar/ZZ-Archives
[2026-06-08 16:47:24] [WARN] Pas de mappage pour: SERVICES_GENERAUX - Visiteurs () - permission ignorée sur Drive ECHOLINE/04-Community management/B-Webinar/ZZ-Archives
[2026-06-08 16:47:24] [WARN] Pas de mappage pour: Propriétaires de SERVICES_GENERAUX () - permission ignorée sur Drive ECHOLINE/04-Community management/B-Webinar/ZZ-Archives
[2026-06-08 16:47:24] [INFO] Traitement: /Drive ECHOLINE/04-Community management/C-Siteweb/ (6 permission(s))
[2026-06-08 16:47:24] [INFO] === COPIE REELLE: Drive ECHOLINE/04-Community management/C-Siteweb ===
[2026-06-08 16:47:25] [SUCCESS] Dossier cree: Drive ECHOLINE/04-Community management/C-Siteweb
[2026-06-08 16:47:25] [WARN] Pas de mappage pour: SERVICES_GENERAUX - Visiteurs () - permission ignorée sur Drive ECHOLINE/04-Community management/C-Siteweb
[2026-06-08 16:47:25] [WARN] Pas de mappage pour: Propriétaires de SERVICES_GENERAUX () - permission ignorée sur Drive ECHOLINE/04-Community management/C-Siteweb
[2026-06-08 16:47:25] [SUCCESS] Permission appliquée: User 01 [write] -> Drive ECHOLINE/04-Community management/C-Siteweb
[2026-06-08 16:47:25] [WARN] Impossible de résoudre 'grp_test' dans le tenant destination - permission ignorée
[2026-06-08 16:47:25] [SUCCESS] Permission appliquée: Equipe INFRA [write] -> Drive ECHOLINE/04-Community management/C-Siteweb
[2026-06-08 16:47:25] [WARN] Pas de mappage pour: SERVICES_GENERAUX - Membres () - permission ignorée sur Drive ECHOLINE/04-Community management/C-Siteweb
[2026-06-08 16:47:25] [INFO] Traitement: /Drive ECHOLINE/04-Community management/C-Siteweb/Maquettes/ (6 permission(s))
[2026-06-08 16:47:25] [INFO] === COPIE REELLE: Drive ECHOLINE/04-Community management/C-Siteweb/Maquettes ===
[2026-06-08 16:47:26] [SUCCESS] Dossier cree: Drive ECHOLINE/04-Community management/C-Siteweb/Maquettes
[2026-06-08 16:47:27] [SUCCESS] Permission appliquée: Equipe INFRA [write] -> Drive ECHOLINE/04-Community management/C-Siteweb/Maquettes
[2026-06-08 16:47:27] [SUCCESS] Permission appliquée: User 01 [write] -> Drive ECHOLINE/04-Community management/C-Siteweb/Maquettes
[2026-06-08 16:47:27] [WARN] Pas de mappage pour: SERVICES_GENERAUX - Membres () - permission ignorée sur Drive ECHOLINE/04-Community management/C-Siteweb/Maquettes
[2026-06-08 16:47:27] [WARN] Pas de mappage pour: SERVICES_GENERAUX - Visiteurs () - permission ignorée sur Drive ECHOLINE/04-Community management/C-Siteweb/Maquettes
[2026-06-08 16:47:27] [WARN] Pas de mappage pour: Propriétaires de SERVICES_GENERAUX () - permission ignorée sur Drive ECHOLINE/04-Community management/C-Siteweb/Maquettes
[2026-06-08 16:47:27] [WARN] Impossible de résoudre 'grp_test' dans le tenant destination - permission ignorée
[2026-06-08 16:47:27] [INFO] Traitement: /Drive ECHOLINE/04-Community management/C-Siteweb/ZZ-Archives/ (6 permission(s))
[2026-06-08 16:47:27] [INFO] === COPIE REELLE: Drive ECHOLINE/04-Community management/C-Siteweb/ZZ-Archives ===
[2026-06-08 16:47:28] [SUCCESS] Dossier cree: Drive ECHOLINE/04-Community management/C-Siteweb/ZZ-Archives
[2026-06-08 16:47:28] [SUCCESS] Permission appliquée: User 01 [write] -> Drive ECHOLINE/04-Community management/C-Siteweb/ZZ-Archives
[2026-06-08 16:47:28] [WARN] Pas de mappage pour: Propriétaires de SERVICES_GENERAUX () - permission ignorée sur Drive ECHOLINE/04-Community management/C-Siteweb/ZZ-Archives
[2026-06-08 16:47:28] [WARN] Pas de mappage pour: SERVICES_GENERAUX - Visiteurs () - permission ignorée sur Drive ECHOLINE/04-Community management/C-Siteweb/ZZ-Archives
[2026-06-08 16:47:28] [WARN] Pas de mappage pour: SERVICES_GENERAUX - Membres () - permission ignorée sur Drive ECHOLINE/04-Community management/C-Siteweb/ZZ-Archives
[2026-06-08 16:47:29] [SUCCESS] Permission appliquée: Equipe INFRA [write] -> Drive ECHOLINE/04-Community management/C-Siteweb/ZZ-Archives
[2026-06-08 16:47:29] [WARN] Impossible de résoudre 'grp_test' dans le tenant destination - permission ignorée
[2026-06-08 16:47:29] [INFO] Traitement: /Drive ECHOLINE/04-Community management/D-Kit communication/ (6 permission(s))
[2026-06-08 16:47:29] [INFO] === COPIE REELLE: Drive ECHOLINE/04-Community management/D-Kit communication ===
[2026-06-08 16:47:29] [SUCCESS] Dossier cree: Drive ECHOLINE/04-Community management/D-Kit communication
[2026-06-08 16:47:30] [WARN] Impossible de résoudre 'grp_test' dans le tenant destination - permission ignorée
[2026-06-08 16:47:30] [WARN] Pas de mappage pour: Propriétaires de SERVICES_GENERAUX () - permission ignorée sur Drive ECHOLINE/04-Community management/D-Kit communication
[2026-06-08 16:47:30] [SUCCESS] Permission appliquée: Equipe INFRA [write] -> Drive ECHOLINE/04-Community management/D-Kit communication
[2026-06-08 16:47:30] [WARN] Pas de mappage pour: SERVICES_GENERAUX - Visiteurs () - permission ignorée sur Drive ECHOLINE/04-Community management/D-Kit communication
[2026-06-08 16:47:30] [WARN] Pas de mappage pour: SERVICES_GENERAUX - Membres () - permission ignorée sur Drive ECHOLINE/04-Community management/D-Kit communication
[2026-06-08 16:47:30] [SUCCESS] Permission appliquée: User 01 [write] -> Drive ECHOLINE/04-Community management/D-Kit communication
[2026-06-08 16:47:30] [INFO] Traitement: /Drive ECHOLINE/04-Community management/D-Kit communication/Flyers/ (6 permission(s))
[2026-06-08 16:47:30] [INFO] === COPIE REELLE: Drive ECHOLINE/04-Community management/D-Kit communication/Flyers ===
[2026-06-08 16:47:31] [SUCCESS] Dossier cree: Drive ECHOLINE/04-Community management/D-Kit communication/Flyers
[2026-06-08 16:47:31] [WARN] Impossible de résoudre 'grp_test' dans le tenant destination - permission ignorée
[2026-06-08 16:47:33] [SUCCESS] Permission appliquée: Equipe INFRA [write] -> Drive ECHOLINE/04-Community management/D-Kit communication/Flyers
[2026-06-08 16:47:34] [SUCCESS] Permission appliquée: User 01 [write] -> Drive ECHOLINE/04-Community management/D-Kit communication/Flyers
[2026-06-08 16:47:34] [WARN] Pas de mappage pour: SERVICES_GENERAUX - Membres () - permission ignorée sur Drive ECHOLINE/04-Community management/D-Kit communication/Flyers
[2026-06-08 16:47:34] [WARN] Pas de mappage pour: SERVICES_GENERAUX - Visiteurs () - permission ignorée sur Drive ECHOLINE/04-Community management/D-Kit communication/Flyers
[2026-06-08 16:47:34] [WARN] Pas de mappage pour: Propriétaires de SERVICES_GENERAUX () - permission ignorée sur Drive ECHOLINE/04-Community management/D-Kit communication/Flyers
[2026-06-08 16:47:34] [INFO] Traitement: /Drive ECHOLINE/04-Community management/D-Kit communication/Illustrations/ (6 permission(s))
[2026-06-08 16:47:34] [INFO] === COPIE REELLE: Drive ECHOLINE/04-Community management/D-Kit communication/Illustrations ===
[2026-06-08 16:47:35] [SUCCESS] Dossier cree: Drive ECHOLINE/04-Community management/D-Kit communication/Illustrations
[2026-06-08 16:47:35] [SUCCESS] Permission appliquée: Equipe INFRA [write] -> Drive ECHOLINE/04-Community management/D-Kit communication/Illustrations
[2026-06-08 16:47:35] [WARN] Pas de mappage pour: Propriétaires de SERVICES_GENERAUX () - permission ignorée sur Drive ECHOLINE/04-Community management/D-Kit communication/Illustrations
[2026-06-08 16:47:35] [WARN] Pas de mappage pour: SERVICES_GENERAUX - Visiteurs () - permission ignorée sur Drive ECHOLINE/04-Community management/D-Kit communication/Illustrations
[2026-06-08 16:47:35] [WARN] Pas de mappage pour: SERVICES_GENERAUX - Membres () - permission ignorée sur Drive ECHOLINE/04-Community management/D-Kit communication/Illustrations
[2026-06-08 16:47:35] [SUCCESS] Permission appliquée: User 01 [write] -> Drive ECHOLINE/04-Community management/D-Kit communication/Illustrations
[2026-06-08 16:47:35] [WARN] Impossible de résoudre 'grp_test' dans le tenant destination - permission ignorée
[2026-06-08 16:47:35] [INFO] Traitement: /Drive ECHOLINE/04-Community management/D-Kit communication/Images générées par Chat GPT/ (6 permission(s))
[2026-06-08 16:47:35] [INFO] === COPIE REELLE: Drive ECHOLINE/04-Community management/D-Kit communication/Images générées par Chat GPT ===
[2026-06-08 16:47:36] [SUCCESS] Dossier cree: Drive ECHOLINE/04-Community management/D-Kit communication/Images générées par Chat GPT
[2026-06-08 16:47:37] [DEBUG] [404] Item pas encore disponible, retry 1/3 dans 2s: Drive ECHOLINE/04-Community management/D-Kit communication/Images générées par Chat GPT
[2026-06-08 16:47:39] [DEBUG] [404] Item pas encore disponible, retry 2/3 dans 2s: Drive ECHOLINE/04-Community management/D-Kit communication/Images générées par Chat GPT
[2026-06-08 16:47:41] [DEBUG] [404] Item pas encore disponible, retry 3/3 dans 2s: Drive ECHOLINE/04-Community management/D-Kit communication/Images générées par Chat GPT
[2026-06-08 16:47:43] [WARN] Impossible de récupérer l'item destination pour les droits: Drive ECHOLINE/04-Community management/D-Kit communication/Images générées par Chat GPT - Le serveur distant a retourné une erreur : (404) Introuvable.
[2026-06-08 16:47:43] [INFO] Traitement: /Drive ECHOLINE/04-Community management/D-Kit communication/Logos clients/ (6 permission(s))
[2026-06-08 16:47:43] [INFO] === COPIE REELLE: Drive ECHOLINE/04-Community management/D-Kit communication/Logos clients ===
[2026-06-08 16:47:44] [SUCCESS] Dossier cree: Drive ECHOLINE/04-Community management/D-Kit communication/Logos clients
[2026-06-08 16:47:44] [WARN] Pas de mappage pour: Propriétaires de SERVICES_GENERAUX () - permission ignorée sur Drive ECHOLINE/04-Community management/D-Kit communication/Logos clients
[2026-06-08 16:47:44] [WARN] Impossible de résoudre 'grp_test' dans le tenant destination - permission ignorée
[2026-06-08 16:47:44] [SUCCESS] Permission appliquée: Equipe INFRA [write] -> Drive ECHOLINE/04-Community management/D-Kit communication/Logos clients
[2026-06-08 16:47:45] [SUCCESS] Permission appliquée: User 01 [write] -> Drive ECHOLINE/04-Community management/D-Kit communication/Logos clients
[2026-06-08 16:47:45] [WARN] Pas de mappage pour: SERVICES_GENERAUX - Membres () - permission ignorée sur Drive ECHOLINE/04-Community management/D-Kit communication/Logos clients
[2026-06-08 16:47:45] [WARN] Pas de mappage pour: SERVICES_GENERAUX - Visiteurs () - permission ignorée sur Drive ECHOLINE/04-Community management/D-Kit communication/Logos clients
[2026-06-08 16:47:45] [INFO] Traitement: /Drive ECHOLINE/04-Community management/D-Kit communication/Logos ECHOLINE/ (6 permission(s))
[2026-06-08 16:47:45] [INFO] === COPIE REELLE: Drive ECHOLINE/04-Community management/D-Kit communication/Logos ECHOLINE ===
[2026-06-08 16:47:45] [SUCCESS] Dossier cree: Drive ECHOLINE/04-Community management/D-Kit communication/Logos ECHOLINE
[2026-06-08 16:47:46] [WARN] Pas de mappage pour: Propriétaires de SERVICES_GENERAUX () - permission ignorée sur Drive ECHOLINE/04-Community management/D-Kit communication/Logos ECHOLINE
[2026-06-08 16:47:46] [WARN] Pas de mappage pour: SERVICES_GENERAUX - Membres () - permission ignorée sur Drive ECHOLINE/04-Community management/D-Kit communication/Logos ECHOLINE
[2026-06-08 16:47:46] [SUCCESS] Permission appliquée: Equipe INFRA [write] -> Drive ECHOLINE/04-Community management/D-Kit communication/Logos ECHOLINE
[2026-06-08 16:47:46] [WARN] Impossible de résoudre 'grp_test' dans le tenant destination - permission ignorée
[2026-06-08 16:47:46] [WARN] Pas de mappage pour: SERVICES_GENERAUX - Visiteurs () - permission ignorée sur Drive ECHOLINE/04-Community management/D-Kit communication/Logos ECHOLINE
[2026-06-08 16:47:46] [SUCCESS] Permission appliquée: User 01 [write] -> Drive ECHOLINE/04-Community management/D-Kit communication/Logos ECHOLINE
[2026-06-08 16:47:46] [INFO] Traitement: /Drive ECHOLINE/04-Community management/D-Kit communication/Photos/ (6 permission(s))
[2026-06-08 16:47:46] [INFO] === COPIE REELLE: Drive ECHOLINE/04-Community management/D-Kit communication/Photos ===
[2026-06-08 16:47:47] [SUCCESS] Dossier cree: Drive ECHOLINE/04-Community management/D-Kit communication/Photos
[2026-06-08 16:47:47] [WARN] Impossible de résoudre 'grp_test' dans le tenant destination - permission ignorée
[2026-06-08 16:47:47] [SUCCESS] Permission appliquée: Equipe INFRA [write] -> Drive ECHOLINE/04-Community management/D-Kit communication/Photos
[2026-06-08 16:47:48] [SUCCESS] Permission appliquée: User 01 [write] -> Drive ECHOLINE/04-Community management/D-Kit communication/Photos
[2026-06-08 16:47:48] [WARN] Pas de mappage pour: SERVICES_GENERAUX - Membres () - permission ignorée sur Drive ECHOLINE/04-Community management/D-Kit communication/Photos
[2026-06-08 16:47:48] [WARN] Pas de mappage pour: SERVICES_GENERAUX - Visiteurs () - permission ignorée sur Drive ECHOLINE/04-Community management/D-Kit communication/Photos
[2026-06-08 16:47:48] [WARN] Pas de mappage pour: Propriétaires de SERVICES_GENERAUX () - permission ignorée sur Drive ECHOLINE/04-Community management/D-Kit communication/Photos
[2026-06-08 16:47:48] [INFO] Traitement: /Drive ECHOLINE/04-Community management/D-Kit communication/ZZ-Archives/ (6 permission(s))
[2026-06-08 16:47:48] [INFO] === COPIE REELLE: Drive ECHOLINE/04-Community management/D-Kit communication/ZZ-Archives ===
[2026-06-08 16:47:49] [SUCCESS] Dossier cree: Drive ECHOLINE/04-Community management/D-Kit communication/ZZ-Archives
[2026-06-08 16:47:49] [SUCCESS] Permission appliquée: Equipe INFRA [write] -> Drive ECHOLINE/04-Community management/D-Kit communication/ZZ-Archives
[2026-06-08 16:47:49] [WARN] Pas de mappage pour: Propriétaires de SERVICES_GENERAUX () - permission ignorée sur Drive ECHOLINE/04-Community management/D-Kit communication/ZZ-Archives
[2026-06-08 16:47:49] [WARN] Pas de mappage pour: SERVICES_GENERAUX - Visiteurs () - permission ignorée sur Drive ECHOLINE/04-Community management/D-Kit communication/ZZ-Archives
[2026-06-08 16:47:49] [WARN] Pas de mappage pour: SERVICES_GENERAUX - Membres () - permission ignorée sur Drive ECHOLINE/04-Community management/D-Kit communication/ZZ-Archives
[2026-06-08 16:47:50] [SUCCESS] Permission appliquée: User 01 [write] -> Drive ECHOLINE/04-Community management/D-Kit communication/ZZ-Archives
[2026-06-08 16:47:50] [WARN] Impossible de résoudre 'grp_test' dans le tenant destination - permission ignorée
[2026-06-08 16:47:50] [INFO] Traitement: /Drive ECHOLINE/04-Community management/E- Linkedin/ (6 permission(s))
[2026-06-08 16:47:50] [INFO] === COPIE REELLE: Drive ECHOLINE/04-Community management/E- Linkedin ===
[2026-06-08 16:47:50] [SUCCESS] Dossier cree: Drive ECHOLINE/04-Community management/E- Linkedin
[2026-06-08 16:47:50] [WARN] Impossible de résoudre 'grp_test' dans le tenant destination - permission ignorée
[2026-06-08 16:47:50] [WARN] Pas de mappage pour: Propriétaires de SERVICES_GENERAUX () - permission ignorée sur Drive ECHOLINE/04-Community management/E- Linkedin
[2026-06-08 16:47:51] [SUCCESS] Permission appliquée: Equipe INFRA [write] -> Drive ECHOLINE/04-Community management/E- Linkedin
[2026-06-08 16:47:51] [WARN] Pas de mappage pour: SERVICES_GENERAUX - Visiteurs () - permission ignorée sur Drive ECHOLINE/04-Community management/E- Linkedin
[2026-06-08 16:47:51] [WARN] Pas de mappage pour: SERVICES_GENERAUX - Membres () - permission ignorée sur Drive ECHOLINE/04-Community management/E- Linkedin
[2026-06-08 16:47:51] [SUCCESS] Permission appliquée: User 01 [write] -> Drive ECHOLINE/04-Community management/E- Linkedin
[2026-06-08 16:47:51] [INFO] Traitement: /Drive ECHOLINE/04-Community management/E- Linkedin/Carrousel réglementaires/ (6 permission(s))
[2026-06-08 16:47:51] [INFO] === COPIE REELLE: Drive ECHOLINE/04-Community management/E- Linkedin/Carrousel réglementaires ===
[2026-06-08 16:47:52] [SUCCESS] Dossier cree: Drive ECHOLINE/04-Community management/E- Linkedin/Carrousel réglementaires
[2026-06-08 16:47:52] [DEBUG] [404] Item pas encore disponible, retry 1/3 dans 2s: Drive ECHOLINE/04-Community management/E- Linkedin/Carrousel réglementaires
[2026-06-08 16:47:54] [DEBUG] [404] Item pas encore disponible, retry 2/3 dans 2s: Drive ECHOLINE/04-Community management/E- Linkedin/Carrousel réglementaires
[2026-06-08 16:47:56] [DEBUG] [404] Item pas encore disponible, retry 3/3 dans 2s: Drive ECHOLINE/04-Community management/E- Linkedin/Carrousel réglementaires
[2026-06-08 16:47:58] [WARN] Impossible de récupérer l'item destination pour les droits: Drive ECHOLINE/04-Community management/E- Linkedin/Carrousel réglementaires - Le serveur distant a retourné une erreur : (404) Introuvable.
[2026-06-08 16:47:58] [INFO] Traitement: /Drive ECHOLINE/04-Community management/ZZ-Archives/ (6 permission(s))
[2026-06-08 16:47:58] [INFO] === COPIE REELLE: Drive ECHOLINE/04-Community management/ZZ-Archives ===
[2026-06-08 16:47:59] [SUCCESS] Dossier cree: Drive ECHOLINE/04-Community management/ZZ-Archives
[2026-06-08 16:47:59] [WARN] Pas de mappage pour: SERVICES_GENERAUX - Visiteurs () - permission ignorée sur Drive ECHOLINE/04-Community management/ZZ-Archives
[2026-06-08 16:47:59] [WARN] Pas de mappage pour: Propriétaires de SERVICES_GENERAUX () - permission ignorée sur Drive ECHOLINE/04-Community management/ZZ-Archives
[2026-06-08 16:47:59] [WARN] Pas de mappage pour: SERVICES_GENERAUX - Membres () - permission ignorée sur Drive ECHOLINE/04-Community management/ZZ-Archives
[2026-06-08 16:48:00] [SUCCESS] Permission appliquée: User 01 [write] -> Drive ECHOLINE/04-Community management/ZZ-Archives
[2026-06-08 16:48:00] [SUCCESS] Permission appliquée: Equipe INFRA [write] -> Drive ECHOLINE/04-Community management/ZZ-Archives
[2026-06-08 16:48:00] [WARN] Impossible de résoudre 'grp_test' dans le tenant destination - permission ignorée
[2026-06-08 16:48:00] [INFO] Traitement: /Drive ECHOLINE/04-Community management/ZZ-Archives/Matinales/ (6 permission(s))
[2026-06-08 16:48:00] [INFO] === COPIE REELLE: Drive ECHOLINE/04-Community management/ZZ-Archives/Matinales ===
[2026-06-08 16:48:01] [SUCCESS] Dossier cree: Drive ECHOLINE/04-Community management/ZZ-Archives/Matinales
[2026-06-08 16:48:01] [WARN] Impossible de résoudre 'grp_test' dans le tenant destination - permission ignorée
[2026-06-08 16:48:01] [WARN] Pas de mappage pour: Propriétaires de SERVICES_GENERAUX () - permission ignorée sur Drive ECHOLINE/04-Community management/ZZ-Archives/Matinales
[2026-06-08 16:48:01] [WARN] Pas de mappage pour: SERVICES_GENERAUX - Membres () - permission ignorée sur Drive ECHOLINE/04-Community management/ZZ-Archives/Matinales
[2026-06-08 16:48:01] [SUCCESS] Permission appliquée: User 01 [write] -> Drive ECHOLINE/04-Community management/ZZ-Archives/Matinales
[2026-06-08 16:48:02] [SUCCESS] Permission appliquée: Equipe INFRA [write] -> Drive ECHOLINE/04-Community management/ZZ-Archives/Matinales
[2026-06-08 16:48:02] [WARN] Pas de mappage pour: SERVICES_GENERAUX - Visiteurs () - permission ignorée sur Drive ECHOLINE/04-Community management/ZZ-Archives/Matinales
[2026-06-08 16:48:02] [INFO] Traitement: /Drive ECHOLINE/05-Sales/ (6 permission(s))
[2026-06-08 16:48:02] [INFO] === COPIE REELLE: Drive ECHOLINE/05-Sales ===
[2026-06-08 16:48:02] [SUCCESS] Dossier cree: Drive ECHOLINE/05-Sales
[2026-06-08 16:48:02] [WARN] Impossible de résoudre 'grp_test' dans le tenant destination - permission ignorée
[2026-06-08 16:48:03] [SUCCESS] Permission appliquée: Equipe INFRA [write] -> Drive ECHOLINE/05-Sales
[2026-06-08 16:48:03] [SUCCESS] Permission appliquée: User 01 [write] -> Drive ECHOLINE/05-Sales
[2026-06-08 16:48:03] [WARN] Pas de mappage pour: SERVICES_GENERAUX - Membres () - permission ignorée sur Drive ECHOLINE/05-Sales
[2026-06-08 16:48:03] [WARN] Pas de mappage pour: SERVICES_GENERAUX - Visiteurs () - permission ignorée sur Drive ECHOLINE/05-Sales
[2026-06-08 16:48:03] [WARN] Pas de mappage pour: Propriétaires de SERVICES_GENERAUX () - permission ignorée sur Drive ECHOLINE/05-Sales
[2026-06-08 16:48:03] [INFO] Traitement: /Drive ECHOLINE/05-Sales/A-Prospects/ (6 permission(s))
[2026-06-08 16:48:03] [INFO] === COPIE REELLE: Drive ECHOLINE/05-Sales/A-Prospects ===
[2026-06-08 16:48:04] [SUCCESS] Dossier cree: Drive ECHOLINE/05-Sales/A-Prospects
[2026-06-08 16:48:04] [SUCCESS] Permission appliquée: Equipe INFRA [write] -> Drive ECHOLINE/05-Sales/A-Prospects
[2026-06-08 16:48:04] [WARN] Pas de mappage pour: Propriétaires de SERVICES_GENERAUX () - permission ignorée sur Drive ECHOLINE/05-Sales/A-Prospects
[2026-06-08 16:48:04] [WARN] Pas de mappage pour: SERVICES_GENERAUX - Membres () - permission ignorée sur Drive ECHOLINE/05-Sales/A-Prospects
[2026-06-08 16:48:04] [WARN] Pas de mappage pour: SERVICES_GENERAUX - Visiteurs () - permission ignorée sur Drive ECHOLINE/05-Sales/A-Prospects
[2026-06-08 16:48:05] [SUCCESS] Permission appliquée: User 01 [write] -> Drive ECHOLINE/05-Sales/A-Prospects
[2026-06-08 16:48:05] [WARN] Impossible de résoudre 'grp_test' dans le tenant destination - permission ignorée
[2026-06-08 16:48:05] [INFO] Traitement: /Drive ECHOLINE/05-Sales/A-Prospects/AES SARL/ (6 permission(s))
[2026-06-08 16:48:05] [INFO] === COPIE REELLE: Drive ECHOLINE/05-Sales/A-Prospects/AES SARL ===
[2026-06-08 16:48:06] [SUCCESS] Dossier cree: Drive ECHOLINE/05-Sales/A-Prospects/AES SARL
[2026-06-08 16:48:06] [SUCCESS] Permission appliquée: Equipe INFRA [write] -> Drive ECHOLINE/05-Sales/A-Prospects/AES SARL
[2026-06-08 16:48:06] [SUCCESS] Permission appliquée: User 01 [write] -> Drive ECHOLINE/05-Sales/A-Prospects/AES SARL
[2026-06-08 16:48:06] [WARN] Pas de mappage pour: SERVICES_GENERAUX - Membres () - permission ignorée sur Drive ECHOLINE/05-Sales/A-Prospects/AES SARL
[2026-06-08 16:48:06] [WARN] Pas de mappage pour: SERVICES_GENERAUX - Visiteurs () - permission ignorée sur Drive ECHOLINE/05-Sales/A-Prospects/AES SARL
[2026-06-08 16:48:06] [WARN] Pas de mappage pour: Propriétaires de SERVICES_GENERAUX () - permission ignorée sur Drive ECHOLINE/05-Sales/A-Prospects/AES SARL
[2026-06-08 16:48:06] [WARN] Impossible de résoudre 'grp_test' dans le tenant destination - permission ignorée
[2026-06-08 16:48:06] [INFO] Traitement: /Drive ECHOLINE/05-Sales/A-Prospects/ALCHIMIES/ (6 permission(s))
[2026-06-08 16:48:06] [INFO] === COPIE REELLE: Drive ECHOLINE/05-Sales/A-Prospects/ALCHIMIES ===
[2026-06-08 16:48:07] [SUCCESS] Dossier cree: Drive ECHOLINE/05-Sales/A-Prospects/ALCHIMIES
[2026-06-08 16:48:07] [SUCCESS] Permission appliquée: User 01 [write] -> Drive ECHOLINE/05-Sales/A-Prospects/ALCHIMIES
[2026-06-08 16:48:07] [WARN] Pas de mappage pour: SERVICES_GENERAUX - Membres () - permission ignorée sur Drive ECHOLINE/05-Sales/A-Prospects/ALCHIMIES
[2026-06-08 16:48:07] [WARN] Pas de mappage pour: SERVICES_GENERAUX - Visiteurs () - permission ignorée sur Drive ECHOLINE/05-Sales/A-Prospects/ALCHIMIES
[2026-06-08 16:48:07] [WARN] Pas de mappage pour: Propriétaires de SERVICES_GENERAUX () - permission ignorée sur Drive ECHOLINE/05-Sales/A-Prospects/ALCHIMIES
[2026-06-08 16:48:07] [WARN] Impossible de résoudre 'grp_test' dans le tenant destination - permission ignorée
[2026-06-08 16:48:07] [SUCCESS] Permission appliquée: Equipe INFRA [write] -> Drive ECHOLINE/05-Sales/A-Prospects/ALCHIMIES
[2026-06-08 16:48:07] [INFO] Traitement: /Drive ECHOLINE/05-Sales/A-Prospects/APAG/ (6 permission(s))
[2026-06-08 16:48:07] [INFO] === COPIE REELLE: Drive ECHOLINE/05-Sales/A-Prospects/APAG ===
[2026-06-08 16:48:08] [SUCCESS] Dossier cree: Drive ECHOLINE/05-Sales/A-Prospects/APAG
[2026-06-08 16:48:08] [WARN] Impossible de résoudre 'grp_test' dans le tenant destination - permission ignorée
[2026-06-08 16:48:09] [SUCCESS] Permission appliquée: User 01 [write] -> Drive ECHOLINE/05-Sales/A-Prospects/APAG
[2026-06-08 16:48:09] [WARN] Pas de mappage pour: SERVICES_GENERAUX - Membres () - permission ignorée sur Drive ECHOLINE/05-Sales/A-Prospects/APAG
[2026-06-08 16:48:09] [WARN] Pas de mappage pour: SERVICES_GENERAUX - Visiteurs () - permission ignorée sur Drive ECHOLINE/05-Sales/A-Prospects/APAG
[2026-06-08 16:48:09] [WARN] Pas de mappage pour: Propriétaires de SERVICES_GENERAUX () - permission ignorée sur Drive ECHOLINE/05-Sales/A-Prospects/APAG
[2026-06-08 16:48:09] [SUCCESS] Permission appliquée: Equipe INFRA [write] -> Drive ECHOLINE/05-Sales/A-Prospects/APAG
[2026-06-08 16:48:09] [INFO] Traitement: /Drive ECHOLINE/05-Sales/A-Prospects/BIOTOPE/ (6 permission(s))
[2026-06-08 16:48:09] [INFO] === COPIE REELLE: Drive ECHOLINE/05-Sales/A-Prospects/BIOTOPE ===
[2026-06-08 16:48:10] [SUCCESS] Dossier cree: Drive ECHOLINE/05-Sales/A-Prospects/BIOTOPE
[2026-06-08 16:48:10] [WARN] Pas de mappage pour: SERVICES_GENERAUX - Visiteurs () - permission ignorée sur Drive ECHOLINE/05-Sales/A-Prospects/BIOTOPE
[2026-06-08 16:48:10] [WARN] Pas de mappage pour: Propriétaires de SERVICES_GENERAUX () - permission ignorée sur Drive ECHOLINE/05-Sales/A-Prospects/BIOTOPE
[2026-06-08 16:48:10] [WARN] Pas de mappage pour: SERVICES_GENERAUX - Membres () - permission ignorée sur Drive ECHOLINE/05-Sales/A-Prospects/BIOTOPE
[2026-06-08 16:48:10] [WARN] Impossible de résoudre 'grp_test' dans le tenant destination - permission ignorée
[2026-06-08 16:48:10] [SUCCESS] Permission appliquée: Equipe INFRA [write] -> Drive ECHOLINE/05-Sales/A-Prospects/BIOTOPE
[2026-06-08 16:48:10] [SUCCESS] Permission appliquée: User 01 [write] -> Drive ECHOLINE/05-Sales/A-Prospects/BIOTOPE
[2026-06-08 16:48:10] [INFO] Traitement: /Drive ECHOLINE/05-Sales/A-Prospects/BOBITECH/ (6 permission(s))
[2026-06-08 16:48:10] [INFO] === COPIE REELLE: Drive ECHOLINE/05-Sales/A-Prospects/BOBITECH ===
[2026-06-08 16:48:11] [SUCCESS] Dossier cree: Drive ECHOLINE/05-Sales/A-Prospects/BOBITECH
[2026-06-08 16:48:12] [SUCCESS] Permission appliquée: User 01 [write] -> Drive ECHOLINE/05-Sales/A-Prospects/BOBITECH
[2026-06-08 16:48:12] [WARN] Pas de mappage pour: SERVICES_GENERAUX - Membres () - permission ignorée sur Drive ECHOLINE/05-Sales/A-Prospects/BOBITECH
[2026-06-08 16:48:12] [WARN] Impossible de résoudre 'grp_test' dans le tenant destination - permission ignorée
[2026-06-08 16:48:12] [WARN] Pas de mappage pour: SERVICES_GENERAUX - Visiteurs () - permission ignorée sur Drive ECHOLINE/05-Sales/A-Prospects/BOBITECH
[2026-06-08 16:48:12] [WARN] Pas de mappage pour: Propriétaires de SERVICES_GENERAUX () - permission ignorée sur Drive ECHOLINE/05-Sales/A-Prospects/BOBITECH
[2026-06-08 16:48:12] [SUCCESS] Permission appliquée: Equipe INFRA [write] -> Drive ECHOLINE/05-Sales/A-Prospects/BOBITECH
[2026-06-08 16:48:12] [INFO] Traitement: /Drive ECHOLINE/05-Sales/A-Prospects/CAMO GROUPE/ (6 permission(s))
[2026-06-08 16:48:12] [INFO] === COPIE REELLE: Drive ECHOLINE/05-Sales/A-Prospects/CAMO GROUPE ===
[2026-06-08 16:48:13] [SUCCESS] Dossier cree: Drive ECHOLINE/05-Sales/A-Prospects/CAMO GROUPE
[2026-06-08 16:48:13] [WARN] Pas de mappage pour: SERVICES_GENERAUX - Visiteurs () - permission ignorée sur Drive ECHOLINE/05-Sales/A-Prospects/CAMO GROUPE
[2026-06-08 16:48:13] [WARN] Pas de mappage pour: Propriétaires de SERVICES_GENERAUX () - permission ignorée sur Drive ECHOLINE/05-Sales/A-Prospects/CAMO GROUPE
[2026-06-08 16:48:13] [WARN] Impossible de résoudre 'grp_test' dans le tenant destination - permission ignorée
[2026-06-08 16:48:13] [SUCCESS] Permission appliquée: Equipe INFRA [write] -> Drive ECHOLINE/05-Sales/A-Prospects/CAMO GROUPE
[2026-06-08 16:48:13] [SUCCESS] Permission appliquée: User 01 [write] -> Drive ECHOLINE/05-Sales/A-Prospects/CAMO GROUPE
[2026-06-08 16:48:13] [WARN] Pas de mappage pour: SERVICES_GENERAUX - Membres () - permission ignorée sur Drive ECHOLINE/05-Sales/A-Prospects/CAMO GROUPE
[2026-06-08 16:48:13] [INFO] Traitement: /Drive ECHOLINE/05-Sales/A-Prospects/CAPSUM/ (6 permission(s))
[2026-06-08 16:48:13] [INFO] === COPIE REELLE: Drive ECHOLINE/05-Sales/A-Prospects/CAPSUM ===
[2026-06-08 16:48:15] [SUCCESS] Dossier cree: Drive ECHOLINE/05-Sales/A-Prospects/CAPSUM
[2026-06-08 16:48:15] [SUCCESS] Permission appliquée: User 01 [write] -> Drive ECHOLINE/05-Sales/A-Prospects/CAPSUM
[2026-06-08 16:48:15] [WARN] Pas de mappage pour: SERVICES_GENERAUX - Membres () - permission ignorée sur Drive ECHOLINE/05-Sales/A-Prospects/CAPSUM
[2026-06-08 16:48:15] [WARN] Pas de mappage pour: SERVICES_GENERAUX - Visiteurs () - permission ignorée sur Drive ECHOLINE/05-Sales/A-Prospects/CAPSUM
[2026-06-08 16:48:15] [WARN] Pas de mappage pour: Propriétaires de SERVICES_GENERAUX () - permission ignorée sur Drive ECHOLINE/05-Sales/A-Prospects/CAPSUM
[2026-06-08 16:48:15] [SUCCESS] Permission appliquée: Equipe INFRA [write] -> Drive ECHOLINE/05-Sales/A-Prospects/CAPSUM
[2026-06-08 16:48:15] [WARN] Impossible de résoudre 'grp_test' dans le tenant destination - permission ignorée
[2026-06-08 16:48:15] [INFO] Traitement: /Drive ECHOLINE/05-Sales/A-Prospects/CATTIER PARIS/ (6 permission(s))
[2026-06-08 16:48:15] [INFO] === COPIE REELLE: Drive ECHOLINE/05-Sales/A-Prospects/CATTIER PARIS ===
[2026-06-08 16:48:16] [SUCCESS] Dossier cree: Drive ECHOLINE/05-Sales/A-Prospects/CATTIER PARIS
[2026-06-08 16:48:16] [WARN] Impossible de résoudre 'grp_test' dans le tenant destination - permission ignorée
[2026-06-08 16:48:16] [WARN] Pas de mappage pour: Propriétaires de SERVICES_GENERAUX () - permission ignorée sur Drive ECHOLINE/05-Sales/A-Prospects/CATTIER PARIS
[2026-06-08 16:48:16] [WARN] Pas de mappage pour: SERVICES_GENERAUX - Visiteurs () - permission ignorée sur Drive ECHOLINE/05-Sales/A-Prospects/CATTIER PARIS
[2026-06-08 16:48:16] [WARN] Pas de mappage pour: SERVICES_GENERAUX - Membres () - permission ignorée sur Drive ECHOLINE/05-Sales/A-Prospects/CATTIER PARIS
[2026-06-08 16:48:17] [SUCCESS] Permission appliquée: User 01 [write] -> Drive ECHOLINE/05-Sales/A-Prospects/CATTIER PARIS
[2026-06-08 16:48:17] [SUCCESS] Permission appliquée: Equipe INFRA [write] -> Drive ECHOLINE/05-Sales/A-Prospects/CATTIER PARIS
[2026-06-08 16:48:17] [INFO] Traitement: /Drive ECHOLINE/05-Sales/A-Prospects/CERTINERGY/ (6 permission(s))
[2026-06-08 16:48:17] [INFO] === COPIE REELLE: Drive ECHOLINE/05-Sales/A-Prospects/CERTINERGY ===
[2026-06-08 16:48:18] [SUCCESS] Dossier cree: Drive ECHOLINE/05-Sales/A-Prospects/CERTINERGY
[2026-06-08 16:48:18] [SUCCESS] Permission appliquée: User 01 [write] -> Drive ECHOLINE/05-Sales/A-Prospects/CERTINERGY
[2026-06-08 16:48:18] [WARN] Pas de mappage pour: Propriétaires de SERVICES_GENERAUX () - permission ignorée sur Drive ECHOLINE/05-Sales/A-Prospects/CERTINERGY
[2026-06-08 16:48:18] [WARN] Pas de mappage pour: SERVICES_GENERAUX - Visiteurs () - permission ignorée sur Drive ECHOLINE/05-Sales/A-Prospects/CERTINERGY
[2026-06-08 16:48:18] [WARN] Pas de mappage pour: SERVICES_GENERAUX - Membres () - permission ignorée sur Drive ECHOLINE/05-Sales/A-Prospects/CERTINERGY
[2026-06-08 16:48:18] [SUCCESS] Permission appliquée: Equipe INFRA [write] -> Drive ECHOLINE/05-Sales/A-Prospects/CERTINERGY
[2026-06-08 16:48:18] [WARN] Impossible de résoudre 'grp_test' dans le tenant destination - permission ignorée
[2026-06-08 16:48:18] [INFO] Traitement: /Drive ECHOLINE/05-Sales/A-Prospects/CHARGEURS PCC/ (6 permission(s))
[2026-06-08 16:48:18] [INFO] === COPIE REELLE: Drive ECHOLINE/05-Sales/A-Prospects/CHARGEURS PCC ===
[2026-06-08 16:48:19] [SUCCESS] Dossier cree: Drive ECHOLINE/05-Sales/A-Prospects/CHARGEURS PCC
[2026-06-08 16:48:19] [WARN] Impossible de résoudre 'grp_test' dans le tenant destination - permission ignorée
[2026-06-08 16:48:19] [SUCCESS] Permission appliquée: Equipe INFRA [write] -> Drive ECHOLINE/05-Sales/A-Prospects/CHARGEURS PCC
[2026-06-08 16:48:20] [SUCCESS] Permission appliquée: User 01 [write] -> Drive ECHOLINE/05-Sales/A-Prospects/CHARGEURS PCC
[2026-06-08 16:48:20] [WARN] Pas de mappage pour: SERVICES_GENERAUX - Membres () - permission ignorée sur Drive ECHOLINE/05-Sales/A-Prospects/CHARGEURS PCC
[2026-06-08 16:48:20] [WARN] Pas de mappage pour: SERVICES_GENERAUX - Visiteurs () - permission ignorée sur Drive ECHOLINE/05-Sales/A-Prospects/CHARGEURS PCC
[2026-06-08 16:48:20] [WARN] Pas de mappage pour: Propriétaires de SERVICES_GENERAUX () - permission ignorée sur Drive ECHOLINE/05-Sales/A-Prospects/CHARGEURS PCC
[2026-06-08 16:48:20] [INFO] Traitement: /Drive ECHOLINE/05-Sales/A-Prospects/COLOREY/ (6 permission(s))
[2026-06-08 16:48:20] [INFO] === COPIE REELLE: Drive ECHOLINE/05-Sales/A-Prospects/COLOREY ===
[2026-06-08 16:48:20] [SUCCESS] Dossier cree: Drive ECHOLINE/05-Sales/A-Prospects/COLOREY
[2026-06-08 16:48:21] [WARN] Pas de mappage pour: SERVICES_GENERAUX - Membres () - permission ignorée sur Drive ECHOLINE/05-Sales/A-Prospects/COLOREY
[2026-06-08 16:48:21] [WARN] Impossible de résoudre 'grp_test' dans le tenant destination - permission ignorée
[2026-06-08 16:48:21] [WARN] Pas de mappage pour: SERVICES_GENERAUX - Visiteurs () - permission ignorée sur Drive ECHOLINE/05-Sales/A-Prospects/COLOREY
[2026-06-08 16:48:21] [WARN] Pas de mappage pour: Propriétaires de SERVICES_GENERAUX () - permission ignorée sur Drive ECHOLINE/05-Sales/A-Prospects/COLOREY
[2026-06-08 16:48:21] [SUCCESS] Permission appliquée: User 01 [write] -> Drive ECHOLINE/05-Sales/A-Prospects/COLOREY
[2026-06-08 16:48:21] [SUCCESS] Permission appliquée: Equipe INFRA [write] -> Drive ECHOLINE/05-Sales/A-Prospects/COLOREY
[2026-06-08 16:48:21] [INFO] Traitement: /Drive ECHOLINE/05-Sales/A-Prospects/CPCU/ (6 permission(s))
[2026-06-08 16:48:21] [INFO] === COPIE REELLE: Drive ECHOLINE/05-Sales/A-Prospects/CPCU ===
[2026-06-08 16:48:22] [SUCCESS] Dossier cree: Drive ECHOLINE/05-Sales/A-Prospects/CPCU
[2026-06-08 16:48:22] [WARN] Impossible de résoudre 'grp_test' dans le tenant destination - permission ignorée
[2026-06-08 16:48:22] [WARN] Pas de mappage pour: Propriétaires de SERVICES_GENERAUX () - permission ignorée sur Drive ECHOLINE/05-Sales/A-Prospects/CPCU
[2026-06-08 16:48:22] [WARN] Pas de mappage pour: SERVICES_GENERAUX - Visiteurs () - permission ignorée sur Drive ECHOLINE/05-Sales/A-Prospects/CPCU
[2026-06-08 16:48:22] [WARN] Pas de mappage pour: SERVICES_GENERAUX - Membres () - permission ignorée sur Drive ECHOLINE/05-Sales/A-Prospects/CPCU
[2026-06-08 16:48:22] [SUCCESS] Permission appliquée: User 01 [write] -> Drive ECHOLINE/05-Sales/A-Prospects/CPCU
[2026-06-08 16:48:22] [SUCCESS] Permission appliquée: Equipe INFRA [write] -> Drive ECHOLINE/05-Sales/A-Prospects/CPCU
[2026-06-08 16:48:22] [INFO] Traitement: /Drive ECHOLINE/05-Sales/A-Prospects/CTIBIOTECH/ (6 permission(s))
[2026-06-08 16:48:22] [INFO] === COPIE REELLE: Drive ECHOLINE/05-Sales/A-Prospects/CTIBIOTECH ===
[2026-06-08 16:48:23] [SUCCESS] Dossier cree: Drive ECHOLINE/05-Sales/A-Prospects/CTIBIOTECH
[2026-06-08 16:48:23] [WARN] Pas de mappage pour: Propriétaires de SERVICES_GENERAUX () - permission ignorée sur Drive ECHOLINE/05-Sales/A-Prospects/CTIBIOTECH
[2026-06-08 16:48:23] [WARN] Pas de mappage pour: SERVICES_GENERAUX - Visiteurs () - permission ignorée sur Drive ECHOLINE/05-Sales/A-Prospects/CTIBIOTECH
[2026-06-08 16:48:23] [WARN] Pas de mappage pour: SERVICES_GENERAUX - Membres () - permission ignorée sur Drive ECHOLINE/05-Sales/A-Prospects/CTIBIOTECH
[2026-06-08 16:48:24] [SUCCESS] Permission appliquée: User 01 [write] -> Drive ECHOLINE/05-Sales/A-Prospects/CTIBIOTECH
[2026-06-08 16:48:24] [SUCCESS] Permission appliquée: Equipe INFRA [write] -> Drive ECHOLINE/05-Sales/A-Prospects/CTIBIOTECH
[2026-06-08 16:48:24] [WARN] Impossible de résoudre 'grp_test' dans le tenant destination - permission ignorée
[2026-06-08 16:48:24] [INFO] Traitement: /Drive ECHOLINE/05-Sales/A-Prospects/ELIOR SERVICES/ (6 permission(s))
[2026-06-08 16:48:24] [INFO] === COPIE REELLE: Drive ECHOLINE/05-Sales/A-Prospects/ELIOR SERVICES ===
[2026-06-08 16:48:25] [SUCCESS] Dossier cree: Drive ECHOLINE/05-Sales/A-Prospects/ELIOR SERVICES
[2026-06-08 16:48:25] [WARN] Pas de mappage pour: Propriétaires de SERVICES_GENERAUX () - permission ignorée sur Drive ECHOLINE/05-Sales/A-Prospects/ELIOR SERVICES
[2026-06-08 16:48:25] [WARN] Impossible de résoudre 'grp_test' dans le tenant destination - permission ignorée
[2026-06-08 16:48:25] [SUCCESS] Permission appliquée: Equipe INFRA [write] -> Drive ECHOLINE/05-Sales/A-Prospects/ELIOR SERVICES
[2026-06-08 16:48:25] [SUCCESS] Permission appliquée: User 01 [write] -> Drive ECHOLINE/05-Sales/A-Prospects/ELIOR SERVICES
[2026-06-08 16:48:25] [WARN] Pas de mappage pour: SERVICES_GENERAUX - Membres () - permission ignorée sur Drive ECHOLINE/05-Sales/A-Prospects/ELIOR SERVICES
[2026-06-08 16:48:25] [WARN] Pas de mappage pour: SERVICES_GENERAUX - Visiteurs () - permission ignorée sur Drive ECHOLINE/05-Sales/A-Prospects/ELIOR SERVICES
[2026-06-08 16:48:25] [INFO] Traitement: /Drive ECHOLINE/05-Sales/A-Prospects/ELIS/ (6 permission(s))
[2026-06-08 16:48:25] [INFO] === COPIE REELLE: Drive ECHOLINE/05-Sales/A-Prospects/ELIS ===
[2026-06-08 16:48:26] [SUCCESS] Dossier cree: Drive ECHOLINE/05-Sales/A-Prospects/ELIS
[2026-06-08 16:48:27] [WARN] Pas de mappage pour: Propriétaires de SERVICES_GENERAUX () - permission ignorée sur Drive ECHOLINE/05-Sales/A-Prospects/ELIS
[2026-06-08 16:48:27] [WARN] Pas de mappage pour: SERVICES_GENERAUX - Membres () - permission ignorée sur Drive ECHOLINE/05-Sales/A-Prospects/ELIS
[2026-06-08 16:48:27] [SUCCESS] Permission appliquée: Equipe INFRA [write] -> Drive ECHOLINE/05-Sales/A-Prospects/ELIS
[2026-06-08 16:48:27] [WARN] Impossible de résoudre 'grp_test' dans le tenant destination - permission ignorée
[2026-06-08 16:48:27] [WARN] Pas de mappage pour: SERVICES_GENERAUX - Visiteurs () - permission ignorée sur Drive ECHOLINE/05-Sales/A-Prospects/ELIS
[2026-06-08 16:48:27] [SUCCESS] Permission appliquée: User 01 [write] -> Drive ECHOLINE/05-Sales/A-Prospects/ELIS
[2026-06-08 16:48:27] [INFO] Traitement: /Drive ECHOLINE/05-Sales/A-Prospects/ENTSIA/ (6 permission(s))
[2026-06-08 16:48:27] [INFO] === COPIE REELLE: Drive ECHOLINE/05-Sales/A-Prospects/ENTSIA ===
[2026-06-08 16:48:28] [SUCCESS] Dossier cree: Drive ECHOLINE/05-Sales/A-Prospects/ENTSIA
[2026-06-08 16:48:28] [WARN] Impossible de résoudre 'grp_test' dans le tenant destination - permission ignorée
[2026-06-08 16:48:28] [SUCCESS] Permission appliquée: Equipe INFRA [write] -> Drive ECHOLINE/05-Sales/A-Prospects/ENTSIA
[2026-06-08 16:48:29] [SUCCESS] Permission appliquée: User 01 [write] -> Drive ECHOLINE/05-Sales/A-Prospects/ENTSIA
[2026-06-08 16:48:29] [WARN] Pas de mappage pour: SERVICES_GENERAUX - Membres () - permission ignorée sur Drive ECHOLINE/05-Sales/A-Prospects/ENTSIA
[2026-06-08 16:48:29] [WARN] Pas de mappage pour: SERVICES_GENERAUX - Visiteurs () - permission ignorée sur Drive ECHOLINE/05-Sales/A-Prospects/ENTSIA
[2026-06-08 16:48:29] [WARN] Pas de mappage pour: Propriétaires de SERVICES_GENERAUX () - permission ignorée sur Drive ECHOLINE/05-Sales/A-Prospects/ENTSIA
[2026-06-08 16:48:29] [INFO] Traitement: /Drive ECHOLINE/05-Sales/A-Prospects/ENVIRIS/ (6 permission(s))
[2026-06-08 16:48:29] [INFO] === COPIE REELLE: Drive ECHOLINE/05-Sales/A-Prospects/ENVIRIS ===
[2026-06-08 16:48:29] [SUCCESS] Dossier cree: Drive ECHOLINE/05-Sales/A-Prospects/ENVIRIS
[2026-06-08 16:48:30] [SUCCESS] Permission appliquée: Equipe INFRA [write] -> Drive ECHOLINE/05-Sales/A-Prospects/ENVIRIS
[2026-06-08 16:48:30] [WARN] Pas de mappage pour: Propriétaires de SERVICES_GENERAUX () - permission ignorée sur Drive ECHOLINE/05-Sales/A-Prospects/ENVIRIS
[2026-06-08 16:48:30] [WARN] Pas de mappage pour: SERVICES_GENERAUX - Visiteurs () - permission ignorée sur Drive ECHOLINE/05-Sales/A-Prospects/ENVIRIS
[2026-06-08 16:48:30] [WARN] Pas de mappage pour: SERVICES_GENERAUX - Membres () - permission ignorée sur Drive ECHOLINE/05-Sales/A-Prospects/ENVIRIS
[2026-06-08 16:48:30] [SUCCESS] Permission appliquée: User 01 [write] -> Drive ECHOLINE/05-Sales/A-Prospects/ENVIRIS
[2026-06-08 16:48:30] [WARN] Impossible de résoudre 'grp_test' dans le tenant destination - permission ignorée
[2026-06-08 16:48:30] [INFO] Traitement: /Drive ECHOLINE/05-Sales/A-Prospects/EUROSOURCING/ (6 permission(s))
[2026-06-08 16:48:30] [INFO] === COPIE REELLE: Drive ECHOLINE/05-Sales/A-Prospects/EUROSOURCING ===
[2026-06-08 16:48:31] [SUCCESS] Dossier cree: Drive ECHOLINE/05-Sales/A-Prospects/EUROSOURCING
[2026-06-08 16:48:31] [WARN] Impossible de résoudre 'grp_test' dans le tenant destination - permission ignorée
[2026-06-08 16:48:31] [WARN] Pas de mappage pour: Propriétaires de SERVICES_GENERAUX () - permission ignorée sur Drive ECHOLINE/05-Sales/A-Prospects/EUROSOURCING
[2026-06-08 16:48:31] [SUCCESS] Permission appliquée: Equipe INFRA [write] -> Drive ECHOLINE/05-Sales/A-Prospects/EUROSOURCING
[2026-06-08 16:48:31] [WARN] Pas de mappage pour: SERVICES_GENERAUX - Visiteurs () - permission ignorée sur Drive ECHOLINE/05-Sales/A-Prospects/EUROSOURCING
[2026-06-08 16:48:31] [WARN] Pas de mappage pour: SERVICES_GENERAUX - Membres () - permission ignorée sur Drive ECHOLINE/05-Sales/A-Prospects/EUROSOURCING
[2026-06-08 16:48:31] [SUCCESS] Permission appliquée: User 01 [write] -> Drive ECHOLINE/05-Sales/A-Prospects/EUROSOURCING
[2026-06-08 16:48:32] [INFO] Traitement: /Drive ECHOLINE/05-Sales/A-Prospects/FOURÉ LAGADEC/ (6 permission(s))
[2026-06-08 16:48:32] [INFO] === COPIE REELLE: Drive ECHOLINE/05-Sales/A-Prospects/FOURÉ LAGADEC ===
[2026-06-08 16:48:32] [ERROR] Erreur copie: Le serveur distant a retourné une erreur : (400) Demande incorrecte.
[2026-06-08 16:48:32] [WARN] Droits ignorés car copie échouée: /Drive ECHOLINE/05-Sales/A-Prospects/FOURÉ LAGADEC/
[2026-06-08 16:48:32] [INFO] Traitement: /Drive ECHOLINE/05-Sales/A-Prospects/GETRAC/ (6 permission(s))
[2026-06-08 16:48:32] [INFO] === COPIE REELLE: Drive ECHOLINE/05-Sales/A-Prospects/GETRAC ===
[2026-06-08 16:48:33] [SUCCESS] Dossier cree: Drive ECHOLINE/05-Sales/A-Prospects/GETRAC
[2026-06-08 16:48:34] [WARN] Pas de mappage pour: Propriétaires de SERVICES_GENERAUX () - permission ignorée sur Drive ECHOLINE/05-Sales/A-Prospects/GETRAC
[2026-06-08 16:48:34] [WARN] Pas de mappage pour: SERVICES_GENERAUX - Visiteurs () - permission ignorée sur Drive ECHOLINE/05-Sales/A-Prospects/GETRAC
[2026-06-08 16:48:34] [WARN] Pas de mappage pour: SERVICES_GENERAUX - Membres () - permission ignorée sur Drive ECHOLINE/05-Sales/A-Prospects/GETRAC
[2026-06-08 16:48:34] [SUCCESS] Permission appliquée: User 01 [write] -> Drive ECHOLINE/05-Sales/A-Prospects/GETRAC
[2026-06-08 16:48:34] [SUCCESS] Permission appliquée: Equipe INFRA [write] -> Drive ECHOLINE/05-Sales/A-Prospects/GETRAC
[2026-06-08 16:48:34] [WARN] Impossible de résoudre 'grp_test' dans le tenant destination - permission ignorée
[2026-06-08 16:48:34] [INFO] Traitement: /Drive ECHOLINE/05-Sales/A-Prospects/GMP GROUP/ (6 permission(s))
[2026-06-08 16:48:34] [INFO] === COPIE REELLE: Drive ECHOLINE/05-Sales/A-Prospects/GMP GROUP ===
[2026-06-08 16:48:35] [SUCCESS] Dossier cree: Drive ECHOLINE/05-Sales/A-Prospects/GMP GROUP
[2026-06-08 16:48:35] [WARN] Impossible de résoudre 'grp_test' dans le tenant destination - permission ignorée
[2026-06-08 16:48:35] [WARN] Pas de mappage pour: SERVICES_GENERAUX - Visiteurs () - permission ignorée sur Drive ECHOLINE/05-Sales/A-Prospects/GMP GROUP
[2026-06-08 16:48:35] [WARN] Pas de mappage pour: SERVICES_GENERAUX - Membres () - permission ignorée sur Drive ECHOLINE/05-Sales/A-Prospects/GMP GROUP
[2026-06-08 16:48:36] [SUCCESS] Permission appliquée: User 01 [write] -> Drive ECHOLINE/05-Sales/A-Prospects/GMP GROUP
[2026-06-08 16:48:36] [SUCCESS] Permission appliquée: Equipe INFRA [write] -> Drive ECHOLINE/05-Sales/A-Prospects/GMP GROUP
[2026-06-08 16:48:36] [WARN] Pas de mappage pour: Propriétaires de SERVICES_GENERAUX () - permission ignorée sur Drive ECHOLINE/05-Sales/A-Prospects/GMP GROUP
[2026-06-08 16:48:36] [INFO] Traitement: /Drive ECHOLINE/05-Sales/A-Prospects/GROUPE BOISSEAU/ (6 permission(s))
[2026-06-08 16:48:36] [INFO] === COPIE REELLE: Drive ECHOLINE/05-Sales/A-Prospects/GROUPE BOISSEAU ===
[2026-06-08 16:48:37] [SUCCESS] Dossier cree: Drive ECHOLINE/05-Sales/A-Prospects/GROUPE BOISSEAU
[2026-06-08 16:48:37] [WARN] Impossible de résoudre 'grp_test' dans le tenant destination - permission ignorée
[2026-06-08 16:48:37] [SUCCESS] Permission appliquée: Equipe INFRA [write] -> Drive ECHOLINE/05-Sales/A-Prospects/GROUPE BOISSEAU
[2026-06-08 16:48:37] [SUCCESS] Permission appliquée: User 01 [write] -> Drive ECHOLINE/05-Sales/A-Prospects/GROUPE BOISSEAU
[2026-06-08 16:48:37] [WARN] Pas de mappage pour: SERVICES_GENERAUX - Membres () - permission ignorée sur Drive ECHOLINE/05-Sales/A-Prospects/GROUPE BOISSEAU
[2026-06-08 16:48:37] [WARN] Pas de mappage pour: SERVICES_GENERAUX - Visiteurs () - permission ignorée sur Drive ECHOLINE/05-Sales/A-Prospects/GROUPE BOISSEAU
[2026-06-08 16:48:37] [WARN] Pas de mappage pour: Propriétaires de SERVICES_GENERAUX () - permission ignorée sur Drive ECHOLINE/05-Sales/A-Prospects/GROUPE BOISSEAU
[2026-06-08 16:48:37] [INFO] Traitement: /Drive ECHOLINE/05-Sales/A-Prospects/IDI COMPOSITES/ (6 permission(s))
[2026-06-08 16:48:37] [INFO] === COPIE REELLE: Drive ECHOLINE/05-Sales/A-Prospects/IDI COMPOSITES ===
[2026-06-08 16:48:38] [SUCCESS] Dossier cree: Drive ECHOLINE/05-Sales/A-Prospects/IDI COMPOSITES
[2026-06-08 16:48:39] [SUCCESS] Permission appliquée: Equipe INFRA [write] -> Drive ECHOLINE/05-Sales/A-Prospects/IDI COMPOSITES
[2026-06-08 16:48:39] [WARN] Pas de mappage pour: Propriétaires de SERVICES_GENERAUX () - permission ignorée sur Drive ECHOLINE/05-Sales/A-Prospects/IDI COMPOSITES
[2026-06-08 16:48:39] [WARN] Pas de mappage pour: SERVICES_GENERAUX - Membres () - permission ignorée sur Drive ECHOLINE/05-Sales/A-Prospects/IDI COMPOSITES
[2026-06-08 16:48:39] [WARN] Pas de mappage pour: SERVICES_GENERAUX - Visiteurs () - permission ignorée sur Drive ECHOLINE/05-Sales/A-Prospects/IDI COMPOSITES
[2026-06-08 16:48:39] [SUCCESS] Permission appliquée: User 01 [write] -> Drive ECHOLINE/05-Sales/A-Prospects/IDI COMPOSITES
[2026-06-08 16:48:39] [WARN] Impossible de résoudre 'grp_test' dans le tenant destination - permission ignorée
[2026-06-08 16:48:39] [INFO] Traitement: /Drive ECHOLINE/05-Sales/A-Prospects/IPAC FRANCE/ (6 permission(s))
[2026-06-08 16:48:39] [INFO] === COPIE REELLE: Drive ECHOLINE/05-Sales/A-Prospects/IPAC FRANCE ===
[2026-06-08 16:48:40] [SUCCESS] Dossier cree: Drive ECHOLINE/05-Sales/A-Prospects/IPAC FRANCE
[2026-06-08 16:48:40] [WARN] Impossible de résoudre 'grp_test' dans le tenant destination - permission ignorée
[2026-06-08 16:48:40] [SUCCESS] Permission appliquée: Equipe INFRA [write] -> Drive ECHOLINE/05-Sales/A-Prospects/IPAC FRANCE
[2026-06-08 16:48:41] [SUCCESS] Permission appliquée: User 01 [write] -> Drive ECHOLINE/05-Sales/A-Prospects/IPAC FRANCE
[2026-06-08 16:48:41] [WARN] Pas de mappage pour: SERVICES_GENERAUX - Membres () - permission ignorée sur Drive ECHOLINE/05-Sales/A-Prospects/IPAC FRANCE
[2026-06-08 16:48:41] [WARN] Pas de mappage pour: SERVICES_GENERAUX - Visiteurs () - permission ignorée sur Drive ECHOLINE/05-Sales/A-Prospects/IPAC FRANCE
[2026-06-08 16:48:41] [WARN] Pas de mappage pour: Propriétaires de SERVICES_GENERAUX () - permission ignorée sur Drive ECHOLINE/05-Sales/A-Prospects/IPAC FRANCE
[2026-06-08 16:48:41] [INFO] Traitement: /Drive ECHOLINE/05-Sales/A-Prospects/ISOVER/ (6 permission(s))
[2026-06-08 16:48:41] [INFO] === COPIE REELLE: Drive ECHOLINE/05-Sales/A-Prospects/ISOVER ===
[2026-06-08 16:48:42] [SUCCESS] Dossier cree: Drive ECHOLINE/05-Sales/A-Prospects/ISOVER
[2026-06-08 16:48:42] [WARN] Pas de mappage pour: SERVICES_GENERAUX - Visiteurs () - permission ignorée sur Drive ECHOLINE/05-Sales/A-Prospects/ISOVER
[2026-06-08 16:48:42] [WARN] Pas de mappage pour: Propriétaires de SERVICES_GENERAUX () - permission ignorée sur Drive ECHOLINE/05-Sales/A-Prospects/ISOVER
[2026-06-08 16:48:42] [SUCCESS] Permission appliquée: User 01 [write] -> Drive ECHOLINE/05-Sales/A-Prospects/ISOVER
[2026-06-08 16:48:42] [WARN] Impossible de résoudre 'grp_test' dans le tenant destination - permission ignorée
[2026-06-08 16:48:42] [SUCCESS] Permission appliquée: Equipe INFRA [write] -> Drive ECHOLINE/05-Sales/A-Prospects/ISOVER
[2026-06-08 16:48:42] [WARN] Pas de mappage pour: SERVICES_GENERAUX - Membres () - permission ignorée sur Drive ECHOLINE/05-Sales/A-Prospects/ISOVER
[2026-06-08 16:48:42] [INFO] Traitement: /Drive ECHOLINE/05-Sales/A-Prospects/KARINE JEFF/ (6 permission(s))
[2026-06-08 16:48:42] [INFO] === COPIE REELLE: Drive ECHOLINE/05-Sales/A-Prospects/KARINE JEFF ===
[2026-06-08 16:48:43] [SUCCESS] Dossier cree: Drive ECHOLINE/05-Sales/A-Prospects/KARINE JEFF
[2026-06-08 16:48:43] [SUCCESS] Permission appliquée: Equipe INFRA [write] -> Drive ECHOLINE/05-Sales/A-Prospects/KARINE JEFF
[2026-06-08 16:48:44] [SUCCESS] Permission appliquée: User 01 [write] -> Drive ECHOLINE/05-Sales/A-Prospects/KARINE JEFF
[2026-06-08 16:48:44] [WARN] Pas de mappage pour: SERVICES_GENERAUX - Membres () - permission ignorée sur Drive ECHOLINE/05-Sales/A-Prospects/KARINE JEFF
[2026-06-08 16:48:44] [WARN] Pas de mappage pour: SERVICES_GENERAUX - Visiteurs () - permission ignorée sur Drive ECHOLINE/05-Sales/A-Prospects/KARINE JEFF
[2026-06-08 16:48:44] [WARN] Pas de mappage pour: Propriétaires de SERVICES_GENERAUX () - permission ignorée sur Drive ECHOLINE/05-Sales/A-Prospects/KARINE JEFF
[2026-06-08 16:48:44] [WARN] Impossible de résoudre 'grp_test' dans le tenant destination - permission ignorée
[2026-06-08 16:48:44] [INFO] Traitement: /Drive ECHOLINE/05-Sales/A-Prospects/KEM ONE/ (6 permission(s))
[2026-06-08 16:48:44] [INFO] === COPIE REELLE: Drive ECHOLINE/05-Sales/A-Prospects/KEM ONE ===
[2026-06-08 16:48:44] [SUCCESS] Dossier cree: Drive ECHOLINE/05-Sales/A-Prospects/KEM ONE
[2026-06-08 16:48:45] [SUCCESS] Permission appliquée: User 01 [write] -> Drive ECHOLINE/05-Sales/A-Prospects/KEM ONE
[2026-06-08 16:48:45] [WARN] Pas de mappage pour: Propriétaires de SERVICES_GENERAUX () - permission ignorée sur Drive ECHOLINE/05-Sales/A-Prospects/KEM ONE
[2026-06-08 16:48:45] [WARN] Pas de mappage pour: SERVICES_GENERAUX - Visiteurs () - permission ignorée sur Drive ECHOLINE/05-Sales/A-Prospects/KEM ONE
[2026-06-08 16:48:45] [WARN] Pas de mappage pour: SERVICES_GENERAUX - Membres () - permission ignorée sur Drive ECHOLINE/05-Sales/A-Prospects/KEM ONE
[2026-06-08 16:48:45] [SUCCESS] Permission appliquée: Equipe INFRA [write] -> Drive ECHOLINE/05-Sales/A-Prospects/KEM ONE
[2026-06-08 16:48:45] [WARN] Impossible de résoudre 'grp_test' dans le tenant destination - permission ignorée
[2026-06-08 16:48:45] [INFO] Traitement: /Drive ECHOLINE/05-Sales/A-Prospects/LDMI/ (6 permission(s))
[2026-06-08 16:48:45] [INFO] === COPIE REELLE: Drive ECHOLINE/05-Sales/A-Prospects/LDMI ===
[2026-06-08 16:48:46] [SUCCESS] Dossier cree: Drive ECHOLINE/05-Sales/A-Prospects/LDMI
[2026-06-08 16:48:46] [WARN] Impossible de résoudre 'grp_test' dans le tenant destination - permission ignorée
[2026-06-08 16:48:46] [WARN] Pas de mappage pour: Propriétaires de SERVICES_GENERAUX () - permission ignorée sur Drive ECHOLINE/05-Sales/A-Prospects/LDMI
[2026-06-08 16:48:46] [SUCCESS] Permission appliquée: Equipe INFRA [write] -> Drive ECHOLINE/05-Sales/A-Prospects/LDMI
[2026-06-08 16:48:46] [WARN] Pas de mappage pour: SERVICES_GENERAUX - Visiteurs () - permission ignorée sur Drive ECHOLINE/05-Sales/A-Prospects/LDMI
[2026-06-08 16:48:46] [WARN] Pas de mappage pour: SERVICES_GENERAUX - Membres () - permission ignorée sur Drive ECHOLINE/05-Sales/A-Prospects/LDMI
[2026-06-08 16:48:46] [SUCCESS] Permission appliquée: User 01 [write] -> Drive ECHOLINE/05-Sales/A-Prospects/LDMI
[2026-06-08 16:48:46] [INFO] Traitement: /Drive ECHOLINE/05-Sales/A-Prospects/LEZSAISONS/ (6 permission(s))
[2026-06-08 16:48:46] [INFO] === COPIE REELLE: Drive ECHOLINE/05-Sales/A-Prospects/LEZSAISONS ===
[2026-06-08 16:48:47] [SUCCESS] Dossier cree: Drive ECHOLINE/05-Sales/A-Prospects/LEZSAISONS
[2026-06-08 16:48:47] [WARN] Impossible de résoudre 'grp_test' dans le tenant destination - permission ignorée
[2026-06-08 16:48:47] [SUCCESS] Permission appliquée: Equipe INFRA [write] -> Drive ECHOLINE/05-Sales/A-Prospects/LEZSAISONS
[2026-06-08 16:48:48] [SUCCESS] Permission appliquée: User 01 [write] -> Drive ECHOLINE/05-Sales/A-Prospects/LEZSAISONS
[2026-06-08 16:48:48] [WARN] Pas de mappage pour: SERVICES_GENERAUX - Membres () - permission ignorée sur Drive ECHOLINE/05-Sales/A-Prospects/LEZSAISONS
[2026-06-08 16:48:48] [WARN] Pas de mappage pour: SERVICES_GENERAUX - Visiteurs () - permission ignorée sur Drive ECHOLINE/05-Sales/A-Prospects/LEZSAISONS
[2026-06-08 16:48:48] [WARN] Pas de mappage pour: Propriétaires de SERVICES_GENERAUX () - permission ignorée sur Drive ECHOLINE/05-Sales/A-Prospects/LEZSAISONS
[2026-06-08 16:48:48] [INFO] Traitement: /Drive ECHOLINE/05-Sales/A-Prospects/MADIC GROUP/ (6 permission(s))
[2026-06-08 16:48:48] [INFO] === COPIE REELLE: Drive ECHOLINE/05-Sales/A-Prospects/MADIC GROUP ===
[2026-06-08 16:48:49] [SUCCESS] Dossier cree: Drive ECHOLINE/05-Sales/A-Prospects/MADIC GROUP
[2026-06-08 16:48:49] [SUCCESS] Permission appliquée: Equipe INFRA [write] -> Drive ECHOLINE/05-Sales/A-Prospects/MADIC GROUP
[2026-06-08 16:48:49] [WARN] Pas de mappage pour: Propriétaires de SERVICES_GENERAUX () - permission ignorée sur Drive ECHOLINE/05-Sales/A-Prospects/MADIC GROUP
[2026-06-08 16:48:49] [WARN] Pas de mappage pour: SERVICES_GENERAUX - Visiteurs () - permission ignorée sur Drive ECHOLINE/05-Sales/A-Prospects/MADIC GROUP
[2026-06-08 16:48:49] [WARN] Pas de mappage pour: SERVICES_GENERAUX - Membres () - permission ignorée sur Drive ECHOLINE/05-Sales/A-Prospects/MADIC GROUP
[2026-06-08 16:48:49] [SUCCESS] Permission appliquée: User 01 [write] -> Drive ECHOLINE/05-Sales/A-Prospects/MADIC GROUP
[2026-06-08 16:48:49] [WARN] Impossible de résoudre 'grp_test' dans le tenant destination - permission ignorée
[2026-06-08 16:48:49] [INFO] Traitement: /Drive ECHOLINE/05-Sales/A-Prospects/MARSEILLE TOURISME/ (6 permission(s))
[2026-06-08 16:48:49] [INFO] === COPIE REELLE: Drive ECHOLINE/05-Sales/A-Prospects/MARSEILLE TOURISME ===
[2026-06-08 16:48:50] [SUCCESS] Dossier cree: Drive ECHOLINE/05-Sales/A-Prospects/MARSEILLE TOURISME
[2026-06-08 16:48:50] [WARN] Impossible de résoudre 'grp_test' dans le tenant destination - permission ignorée
[2026-06-08 16:48:50] [WARN] Pas de mappage pour: Propriétaires de SERVICES_GENERAUX () - permission ignorée sur Drive ECHOLINE/05-Sales/A-Prospects/MARSEILLE TOURISME
[2026-06-08 16:48:50] [WARN] Pas de mappage pour: SERVICES_GENERAUX - Visiteurs () - permission ignorée sur Drive ECHOLINE/05-Sales/A-Prospects/MARSEILLE TOURISME
[2026-06-08 16:48:50] [WARN] Pas de mappage pour: SERVICES_GENERAUX - Membres () - permission ignorée sur Drive ECHOLINE/05-Sales/A-Prospects/MARSEILLE TOURISME
[2026-06-08 16:48:50] [SUCCESS] Permission appliquée: Equipe INFRA [write] -> Drive ECHOLINE/05-Sales/A-Prospects/MARSEILLE TOURISME
[2026-06-08 16:48:51] [SUCCESS] Permission appliquée: User 01 [write] -> Drive ECHOLINE/05-Sales/A-Prospects/MARSEILLE TOURISME
[2026-06-08 16:48:51] [INFO] Traitement: /Drive ECHOLINE/05-Sales/A-Prospects/MATMOND/ (6 permission(s))
[2026-06-08 16:48:51] [INFO] === COPIE REELLE: Drive ECHOLINE/05-Sales/A-Prospects/MATMOND ===
[2026-06-08 16:48:51] [SUCCESS] Dossier cree: Drive ECHOLINE/05-Sales/A-Prospects/MATMOND
[2026-06-08 16:48:52] [WARN] Pas de mappage pour: Propriétaires de SERVICES_GENERAUX () - permission ignorée sur Drive ECHOLINE/05-Sales/A-Prospects/MATMOND
[2026-06-08 16:48:52] [WARN] Impossible de résoudre 'grp_test' dans le tenant destination - permission ignorée
[2026-06-08 16:48:52] [SUCCESS] Permission appliquée: Equipe INFRA [write] -> Drive ECHOLINE/05-Sales/A-Prospects/MATMOND
[2026-06-08 16:48:52] [SUCCESS] Permission appliquée: User 01 [write] -> Drive ECHOLINE/05-Sales/A-Prospects/MATMOND
[2026-06-08 16:48:52] [WARN] Pas de mappage pour: SERVICES_GENERAUX - Membres () - permission ignorée sur Drive ECHOLINE/05-Sales/A-Prospects/MATMOND
[2026-06-08 16:48:52] [WARN] Pas de mappage pour: SERVICES_GENERAUX - Visiteurs () - permission ignorée sur Drive ECHOLINE/05-Sales/A-Prospects/MATMOND
[2026-06-08 16:48:52] [INFO] Traitement: /Drive ECHOLINE/05-Sales/A-Prospects/MEDINCELL/ (6 permission(s))
[2026-06-08 16:48:52] [INFO] === COPIE REELLE: Drive ECHOLINE/05-Sales/A-Prospects/MEDINCELL ===
[2026-06-08 16:48:53] [SUCCESS] Dossier cree: Drive ECHOLINE/05-Sales/A-Prospects/MEDINCELL
[2026-06-08 16:48:53] [WARN] Pas de mappage pour: Propriétaires de SERVICES_GENERAUX () - permission ignorée sur Drive ECHOLINE/05-Sales/A-Prospects/MEDINCELL
[2026-06-08 16:48:53] [WARN] Pas de mappage pour: SERVICES_GENERAUX - Membres () - permission ignorée sur Drive ECHOLINE/05-Sales/A-Prospects/MEDINCELL
[2026-06-08 16:48:54] [SUCCESS] Permission appliquée: Equipe INFRA [write] -> Drive ECHOLINE/05-Sales/A-Prospects/MEDINCELL
[2026-06-08 16:48:54] [WARN] Impossible de résoudre 'grp_test' dans le tenant destination - permission ignorée
[2026-06-08 16:48:54] [WARN] Pas de mappage pour: SERVICES_GENERAUX - Visiteurs () - permission ignorée sur Drive ECHOLINE/05-Sales/A-Prospects/MEDINCELL
[2026-06-08 16:48:54] [SUCCESS] Permission appliquée: User 01 [write] -> Drive ECHOLINE/05-Sales/A-Prospects/MEDINCELL
[2026-06-08 16:48:54] [INFO] Traitement: /Drive ECHOLINE/05-Sales/A-Prospects/MOY PARK BEEF/ (6 permission(s))
[2026-06-08 16:48:54] [INFO] === COPIE REELLE: Drive ECHOLINE/05-Sales/A-Prospects/MOY PARK BEEF ===
[2026-06-08 16:48:55] [SUCCESS] Dossier cree: Drive ECHOLINE/05-Sales/A-Prospects/MOY PARK BEEF
[2026-06-08 16:48:55] [WARN] Impossible de résoudre 'grp_test' dans le tenant destination - permission ignorée
[2026-06-08 16:48:55] [SUCCESS] Permission appliquée: Equipe INFRA [write] -> Drive ECHOLINE/05-Sales/A-Prospects/MOY PARK BEEF
[2026-06-08 16:48:55] [SUCCESS] Permission appliquée: User 01 [write] -> Drive ECHOLINE/05-Sales/A-Prospects/MOY PARK BEEF
[2026-06-08 16:48:55] [WARN] Pas de mappage pour: SERVICES_GENERAUX - Membres () - permission ignorée sur Drive ECHOLINE/05-Sales/A-Prospects/MOY PARK BEEF
[2026-06-08 16:48:55] [WARN] Pas de mappage pour: SERVICES_GENERAUX - Visiteurs () - permission ignorée sur Drive ECHOLINE/05-Sales/A-Prospects/MOY PARK BEEF
[2026-06-08 16:48:55] [WARN] Pas de mappage pour: Propriétaires de SERVICES_GENERAUX () - permission ignorée sur Drive ECHOLINE/05-Sales/A-Prospects/MOY PARK BEEF
[2026-06-08 16:48:55] [INFO] Traitement: /Drive ECHOLINE/05-Sales/A-Prospects/NOCIBÉ/ (6 permission(s))
[2026-06-08 16:48:55] [INFO] === COPIE REELLE: Drive ECHOLINE/05-Sales/A-Prospects/NOCIBÉ ===
[2026-06-08 16:48:56] [ERROR] Erreur copie: Le serveur distant a retourné une erreur : (400) Demande incorrecte.
[2026-06-08 16:48:56] [WARN] Droits ignorés car copie échouée: /Drive ECHOLINE/05-Sales/A-Prospects/NOCIBÉ/
[2026-06-08 16:48:56] [INFO] Traitement: /Drive ECHOLINE/05-Sales/A-Prospects/NORSKE SKOG/ (6 permission(s))
[2026-06-08 16:48:56] [INFO] === COPIE REELLE: Drive ECHOLINE/05-Sales/A-Prospects/NORSKE SKOG ===
[2026-06-08 16:48:57] [SUCCESS] Dossier cree: Drive ECHOLINE/05-Sales/A-Prospects/NORSKE SKOG
[2026-06-08 16:48:57] [WARN] Impossible de résoudre 'grp_test' dans le tenant destination - permission ignorée
[2026-06-08 16:48:57] [WARN] Pas de mappage pour: Propriétaires de SERVICES_GENERAUX () - permission ignorée sur Drive ECHOLINE/05-Sales/A-Prospects/NORSKE SKOG
[2026-06-08 16:48:57] [SUCCESS] Permission appliquée: Equipe INFRA [write] -> Drive ECHOLINE/05-Sales/A-Prospects/NORSKE SKOG
[2026-06-08 16:48:57] [WARN] Pas de mappage pour: SERVICES_GENERAUX - Visiteurs () - permission ignorée sur Drive ECHOLINE/05-Sales/A-Prospects/NORSKE SKOG
[2026-06-08 16:48:57] [WARN] Pas de mappage pour: SERVICES_GENERAUX - Membres () - permission ignorée sur Drive ECHOLINE/05-Sales/A-Prospects/NORSKE SKOG
[2026-06-08 16:48:58] [SUCCESS] Permission appliquée: User 01 [write] -> Drive ECHOLINE/05-Sales/A-Prospects/NORSKE SKOG
[2026-06-08 16:48:58] [INFO] Traitement: /Drive ECHOLINE/05-Sales/A-Prospects/NUMTECH/ (6 permission(s))
[2026-06-08 16:48:58] [INFO] === COPIE REELLE: Drive ECHOLINE/05-Sales/A-Prospects/NUMTECH ===
[2026-06-08 16:48:59] [SUCCESS] Dossier cree: Drive ECHOLINE/05-Sales/A-Prospects/NUMTECH
[2026-06-08 16:48:59] [WARN] Impossible de résoudre 'grp_test' dans le tenant destination - permission ignorée
[2026-06-08 16:48:59] [SUCCESS] Permission appliquée: Equipe INFRA [write] -> Drive ECHOLINE/05-Sales/A-Prospects/NUMTECH
[2026-06-08 16:48:59] [SUCCESS] Permission appliquée: User 01 [write] -> Drive ECHOLINE/05-Sales/A-Prospects/NUMTECH
[2026-06-08 16:48:59] [WARN] Pas de mappage pour: SERVICES_GENERAUX - Membres () - permission ignorée sur Drive ECHOLINE/05-Sales/A-Prospects/NUMTECH
[2026-06-08 16:48:59] [WARN] Pas de mappage pour: SERVICES_GENERAUX - Visiteurs () - permission ignorée sur Drive ECHOLINE/05-Sales/A-Prospects/NUMTECH
[2026-06-08 16:48:59] [WARN] Pas de mappage pour: Propriétaires de SERVICES_GENERAUX () - permission ignorée sur Drive ECHOLINE/05-Sales/A-Prospects/NUMTECH
[2026-06-08 16:48:59] [INFO] Traitement: /Drive ECHOLINE/05-Sales/A-Prospects/OMNOVA SOLUTIONS/ (6 permission(s))
[2026-06-08 16:48:59] [INFO] === COPIE REELLE: Drive ECHOLINE/05-Sales/A-Prospects/OMNOVA SOLUTIONS ===
[2026-06-08 16:49:00] [SUCCESS] Dossier cree: Drive ECHOLINE/05-Sales/A-Prospects/OMNOVA SOLUTIONS
[2026-06-08 16:49:00] [SUCCESS] Permission appliquée: Equipe INFRA [write] -> Drive ECHOLINE/05-Sales/A-Prospects/OMNOVA SOLUTIONS
[2026-06-08 16:49:00] [WARN] Pas de mappage pour: Propriétaires de SERVICES_GENERAUX () - permission ignorée sur Drive ECHOLINE/05-Sales/A-Prospects/OMNOVA SOLUTIONS
[2026-06-08 16:49:00] [WARN] Pas de mappage pour: SERVICES_GENERAUX - Visiteurs () - permission ignorée sur Drive ECHOLINE/05-Sales/A-Prospects/OMNOVA SOLUTIONS
[2026-06-08 16:49:00] [WARN] Pas de mappage pour: SERVICES_GENERAUX - Membres () - permission ignorée sur Drive ECHOLINE/05-Sales/A-Prospects/OMNOVA SOLUTIONS
[2026-06-08 16:49:01] [SUCCESS] Permission appliquée: User 01 [write] -> Drive ECHOLINE/05-Sales/A-Prospects/OMNOVA SOLUTIONS
[2026-06-08 16:49:01] [WARN] Impossible de résoudre 'grp_test' dans le tenant destination - permission ignorée
[2026-06-08 16:49:01] [INFO] Traitement: /Drive ECHOLINE/05-Sales/A-Prospects/OPTIQUE RICHARD/ (6 permission(s))
[2026-06-08 16:49:01] [INFO] === COPIE REELLE: Drive ECHOLINE/05-Sales/A-Prospects/OPTIQUE RICHARD ===
[2026-06-08 16:49:01] [SUCCESS] Dossier cree: Drive ECHOLINE/05-Sales/A-Prospects/OPTIQUE RICHARD
[2026-06-08 16:49:02] [WARN] Impossible de résoudre 'grp_test' dans le tenant destination - permission ignorée
[2026-06-08 16:49:02] [WARN] Pas de mappage pour: Propriétaires de SERVICES_GENERAUX () - permission ignorée sur Drive ECHOLINE/05-Sales/A-Prospects/OPTIQUE RICHARD
[2026-06-08 16:49:02] [WARN] Pas de mappage pour: SERVICES_GENERAUX - Visiteurs () - permission ignorée sur Drive ECHOLINE/05-Sales/A-Prospects/OPTIQUE RICHARD
[2026-06-08 16:49:02] [WARN] Pas de mappage pour: SERVICES_GENERAUX - Membres () - permission ignorée sur Drive ECHOLINE/05-Sales/A-Prospects/OPTIQUE RICHARD
[2026-06-08 16:49:02] [SUCCESS] Permission appliquée: Equipe INFRA [write] -> Drive ECHOLINE/05-Sales/A-Prospects/OPTIQUE RICHARD
[2026-06-08 16:49:02] [SUCCESS] Permission appliquée: User 01 [write] -> Drive ECHOLINE/05-Sales/A-Prospects/OPTIQUE RICHARD
[2026-06-08 16:49:02] [INFO] Traitement: /Drive ECHOLINE/05-Sales/A-Prospects/PETROINEOS/ (6 permission(s))
[2026-06-08 16:49:02] [INFO] === COPIE REELLE: Drive ECHOLINE/05-Sales/A-Prospects/PETROINEOS ===
[2026-06-08 16:49:03] [SUCCESS] Dossier cree: Drive ECHOLINE/05-Sales/A-Prospects/PETROINEOS
[2026-06-08 16:49:03] [WARN] Impossible de résoudre 'grp_test' dans le tenant destination - permission ignorée
[2026-06-08 16:49:03] [SUCCESS] Permission appliquée: Equipe INFRA [write] -> Drive ECHOLINE/05-Sales/A-Prospects/PETROINEOS
[2026-06-08 16:49:03] [SUCCESS] Permission appliquée: User 01 [write] -> Drive ECHOLINE/05-Sales/A-Prospects/PETROINEOS
[2026-06-08 16:49:03] [WARN] Pas de mappage pour: SERVICES_GENERAUX - Membres () - permission ignorée sur Drive ECHOLINE/05-Sales/A-Prospects/PETROINEOS
[2026-06-08 16:49:03] [WARN] Pas de mappage pour: SERVICES_GENERAUX - Visiteurs () - permission ignorée sur Drive ECHOLINE/05-Sales/A-Prospects/PETROINEOS
[2026-06-08 16:49:03] [WARN] Pas de mappage pour: Propriétaires de SERVICES_GENERAUX () - permission ignorée sur Drive ECHOLINE/05-Sales/A-Prospects/PETROINEOS
[2026-06-08 16:49:03] [INFO] Traitement: /Drive ECHOLINE/05-Sales/A-Prospects/PROVEPHARM/ (6 permission(s))
[2026-06-08 16:49:03] [INFO] === COPIE REELLE: Drive ECHOLINE/05-Sales/A-Prospects/PROVEPHARM ===
[2026-06-08 16:49:04] [SUCCESS] Dossier cree: Drive ECHOLINE/05-Sales/A-Prospects/PROVEPHARM
[2026-06-08 16:49:05] [SUCCESS] Permission appliquée: Equipe INFRA [write] -> Drive ECHOLINE/05-Sales/A-Prospects/PROVEPHARM
[2026-06-08 16:49:05] [SUCCESS] Permission appliquée: User 01 [write] -> Drive ECHOLINE/05-Sales/A-Prospects/PROVEPHARM
[2026-06-08 16:49:05] [WARN] Pas de mappage pour: SERVICES_GENERAUX - Membres () - permission ignorée sur Drive ECHOLINE/05-Sales/A-Prospects/PROVEPHARM
[2026-06-08 16:49:05] [WARN] Pas de mappage pour: Propriétaires de SERVICES_GENERAUX () - permission ignorée sur Drive ECHOLINE/05-Sales/A-Prospects/PROVEPHARM
[2026-06-08 16:49:05] [WARN] Pas de mappage pour: SERVICES_GENERAUX - Visiteurs () - permission ignorée sur Drive ECHOLINE/05-Sales/A-Prospects/PROVEPHARM
[2026-06-08 16:49:05] [WARN] Impossible de résoudre 'grp_test' dans le tenant destination - permission ignorée
[2026-06-08 16:49:05] [INFO] Traitement: /Drive ECHOLINE/05-Sales/A-Prospects/RÉGIE DES EAUX 3M/ (6 permission(s))
[2026-06-08 16:49:05] [INFO] === COPIE REELLE: Drive ECHOLINE/05-Sales/A-Prospects/RÉGIE DES EAUX 3M ===
[2026-06-08 16:49:06] [ERROR] Erreur copie: Le serveur distant a retourné une erreur : (400) Demande incorrecte.
[2026-06-08 16:49:06] [WARN] Droits ignorés car copie échouée: /Drive ECHOLINE/05-Sales/A-Prospects/RÉGIE DES EAUX 3M/
[2026-06-08 16:49:06] [INFO] Traitement: /Drive ECHOLINE/05-Sales/A-Prospects/SITPA NESTLÉ/ (6 permission(s))
[2026-06-08 16:49:06] [INFO] === COPIE REELLE: Drive ECHOLINE/05-Sales/A-Prospects/SITPA NESTLÉ ===
[2026-06-08 16:49:07] [ERROR] Erreur copie: Le serveur distant a retourné une erreur : (400) Demande incorrecte.
[2026-06-08 16:49:07] [WARN] Droits ignorés car copie échouée: /Drive ECHOLINE/05-Sales/A-Prospects/SITPA NESTLÉ/
[2026-06-08 16:49:07] [INFO] Traitement: /Drive ECHOLINE/05-Sales/A-Prospects/SKF/ (6 permission(s))
[2026-06-08 16:49:07] [INFO] === COPIE REELLE: Drive ECHOLINE/05-Sales/A-Prospects/SKF ===
[2026-06-08 16:49:07] [SUCCESS] Dossier cree: Drive ECHOLINE/05-Sales/A-Prospects/SKF
[2026-06-08 16:49:08] [WARN] Impossible de résoudre 'grp_test' dans le tenant destination - permission ignorée
[2026-06-08 16:49:08] [SUCCESS] Permission appliquée: User 01 [write] -> Drive ECHOLINE/05-Sales/A-Prospects/SKF
[2026-06-08 16:49:08] [WARN] Pas de mappage pour: SERVICES_GENERAUX - Membres () - permission ignorée sur Drive ECHOLINE/05-Sales/A-Prospects/SKF
[2026-06-08 16:49:08] [WARN] Pas de mappage pour: SERVICES_GENERAUX - Visiteurs () - permission ignorée sur Drive ECHOLINE/05-Sales/A-Prospects/SKF
[2026-06-08 16:49:08] [WARN] Pas de mappage pour: Propriétaires de SERVICES_GENERAUX () - permission ignorée sur Drive ECHOLINE/05-Sales/A-Prospects/SKF
[2026-06-08 16:49:08] [SUCCESS] Permission appliquée: Equipe INFRA [write] -> Drive ECHOLINE/05-Sales/A-Prospects/SKF
[2026-06-08 16:49:08] [INFO] Traitement: /Drive ECHOLINE/05-Sales/A-Prospects/SOLARHONA/ (6 permission(s))
[2026-06-08 16:49:08] [INFO] === COPIE REELLE: Drive ECHOLINE/05-Sales/A-Prospects/SOLARHONA ===
[2026-06-08 16:49:09] [SUCCESS] Dossier cree: Drive ECHOLINE/05-Sales/A-Prospects/SOLARHONA
[2026-06-08 16:49:09] [WARN] Pas de mappage pour: SERVICES_GENERAUX - Visiteurs () - permission ignorée sur Drive ECHOLINE/05-Sales/A-Prospects/SOLARHONA
[2026-06-08 16:49:09] [WARN] Pas de mappage pour: Propriétaires de SERVICES_GENERAUX () - permission ignorée sur Drive ECHOLINE/05-Sales/A-Prospects/SOLARHONA
[2026-06-08 16:49:09] [WARN] Pas de mappage pour: SERVICES_GENERAUX - Membres () - permission ignorée sur Drive ECHOLINE/05-Sales/A-Prospects/SOLARHONA
[2026-06-08 16:49:09] [WARN] Impossible de résoudre 'grp_test' dans le tenant destination - permission ignorée
[2026-06-08 16:49:09] [SUCCESS] Permission appliquée: Equipe INFRA [write] -> Drive ECHOLINE/05-Sales/A-Prospects/SOLARHONA
[2026-06-08 16:49:09] [SUCCESS] Permission appliquée: User 01 [write] -> Drive ECHOLINE/05-Sales/A-Prospects/SOLARHONA
[2026-06-08 16:49:10] [INFO] Traitement: /Drive ECHOLINE/05-Sales/A-Prospects/SPIRIT AEROSYSTEMS/ (6 permission(s))
[2026-06-08 16:49:10] [INFO] === COPIE REELLE: Drive ECHOLINE/05-Sales/A-Prospects/SPIRIT AEROSYSTEMS ===
[2026-06-08 16:49:10] [SUCCESS] Dossier cree: Drive ECHOLINE/05-Sales/A-Prospects/SPIRIT AEROSYSTEMS
[2026-06-08 16:49:11] [WARN] Impossible de résoudre 'grp_test' dans le tenant destination - permission ignorée
[2026-06-08 16:49:11] [SUCCESS] Permission appliquée: Equipe INFRA [write] -> Drive ECHOLINE/05-Sales/A-Prospects/SPIRIT AEROSYSTEMS
[2026-06-08 16:49:11] [SUCCESS] Permission appliquée: User 01 [write] -> Drive ECHOLINE/05-Sales/A-Prospects/SPIRIT AEROSYSTEMS
[2026-06-08 16:49:11] [WARN] Pas de mappage pour: SERVICES_GENERAUX - Membres () - permission ignorée sur Drive ECHOLINE/05-Sales/A-Prospects/SPIRIT AEROSYSTEMS
[2026-06-08 16:49:11] [WARN] Pas de mappage pour: SERVICES_GENERAUX - Visiteurs () - permission ignorée sur Drive ECHOLINE/05-Sales/A-Prospects/SPIRIT AEROSYSTEMS
[2026-06-08 16:49:11] [WARN] Pas de mappage pour: Propriétaires de SERVICES_GENERAUX () - permission ignorée sur Drive ECHOLINE/05-Sales/A-Prospects/SPIRIT AEROSYSTEMS
[2026-06-08 16:49:11] [INFO] Traitement: /Drive ECHOLINE/05-Sales/A-Prospects/SUEZ/ (6 permission(s))
[2026-06-08 16:49:11] [INFO] === COPIE REELLE: Drive ECHOLINE/05-Sales/A-Prospects/SUEZ ===
[2026-06-08 16:49:12] [SUCCESS] Dossier cree: Drive ECHOLINE/05-Sales/A-Prospects/SUEZ
[2026-06-08 16:49:12] [WARN] Pas de mappage pour: SERVICES_GENERAUX - Visiteurs () - permission ignorée sur Drive ECHOLINE/05-Sales/A-Prospects/SUEZ
[2026-06-08 16:49:12] [SUCCESS] Permission appliquée: User 01 [write] -> Drive ECHOLINE/05-Sales/A-Prospects/SUEZ
[2026-06-08 16:49:12] [SUCCESS] Permission appliquée: Equipe INFRA [write] -> Drive ECHOLINE/05-Sales/A-Prospects/SUEZ
[2026-06-08 16:49:13] [WARN] Impossible de résoudre 'grp_test' dans le tenant destination - permission ignorée
[2026-06-08 16:49:13] [WARN] Pas de mappage pour: Propriétaires de SERVICES_GENERAUX () - permission ignorée sur Drive ECHOLINE/05-Sales/A-Prospects/SUEZ
[2026-06-08 16:49:13] [WARN] Pas de mappage pour: SERVICES_GENERAUX - Membres () - permission ignorée sur Drive ECHOLINE/05-Sales/A-Prospects/SUEZ
[2026-06-08 16:49:13] [INFO] Traitement: /Drive ECHOLINE/05-Sales/A-Prospects/SUPERGROUP/ (6 permission(s))
[2026-06-08 16:49:13] [INFO] === COPIE REELLE: Drive ECHOLINE/05-Sales/A-Prospects/SUPERGROUP ===
[2026-06-08 16:49:13] [SUCCESS] Dossier cree: Drive ECHOLINE/05-Sales/A-Prospects/SUPERGROUP
[2026-06-08 16:49:14] [WARN] Impossible de résoudre 'grp_test' dans le tenant destination - permission ignorée
[2026-06-08 16:49:14] [WARN] Pas de mappage pour: Propriétaires de SERVICES_GENERAUX () - permission ignorée sur Drive ECHOLINE/05-Sales/A-Prospects/SUPERGROUP
[2026-06-08 16:49:14] [WARN] Pas de mappage pour: SERVICES_GENERAUX - Visiteurs () - permission ignorée sur Drive ECHOLINE/05-Sales/A-Prospects/SUPERGROUP
[2026-06-08 16:49:14] [WARN] Pas de mappage pour: SERVICES_GENERAUX - Membres () - permission ignorée sur Drive ECHOLINE/05-Sales/A-Prospects/SUPERGROUP
[2026-06-08 16:49:14] [SUCCESS] Permission appliquée: User 01 [write] -> Drive ECHOLINE/05-Sales/A-Prospects/SUPERGROUP
[2026-06-08 16:49:14] [SUCCESS] Permission appliquée: Equipe INFRA [write] -> Drive ECHOLINE/05-Sales/A-Prospects/SUPERGROUP
[2026-06-08 16:49:14] [INFO] Traitement: /Drive ECHOLINE/05-Sales/A-Prospects/THIEVIN/ (6 permission(s))
[2026-06-08 16:49:14] [INFO] === COPIE REELLE: Drive ECHOLINE/05-Sales/A-Prospects/THIEVIN ===
[2026-06-08 16:49:15] [SUCCESS] Dossier cree: Drive ECHOLINE/05-Sales/A-Prospects/THIEVIN
[2026-06-08 16:49:15] [WARN] Pas de mappage pour: Propriétaires de SERVICES_GENERAUX () - permission ignorée sur Drive ECHOLINE/05-Sales/A-Prospects/THIEVIN
[2026-06-08 16:49:15] [WARN] Pas de mappage pour: SERVICES_GENERAUX - Visiteurs () - permission ignorée sur Drive ECHOLINE/05-Sales/A-Prospects/THIEVIN
[2026-06-08 16:49:15] [SUCCESS] Permission appliquée: Equipe INFRA [write] -> Drive ECHOLINE/05-Sales/A-Prospects/THIEVIN
[2026-06-08 16:49:16] [WARN] Pas de mappage pour: SERVICES_GENERAUX - Membres () - permission ignorée sur Drive ECHOLINE/05-Sales/A-Prospects/THIEVIN
[2026-06-08 16:49:16] [SUCCESS] Permission appliquée: User 01 [write] -> Drive ECHOLINE/05-Sales/A-Prospects/THIEVIN
[2026-06-08 16:49:16] [WARN] Impossible de résoudre 'grp_test' dans le tenant destination - permission ignorée
[2026-06-08 16:49:16] [INFO] Traitement: /Drive ECHOLINE/05-Sales/A-Prospects/TMP CONVERT/ (6 permission(s))
[2026-06-08 16:49:16] [INFO] === COPIE REELLE: Drive ECHOLINE/05-Sales/A-Prospects/TMP CONVERT ===
[2026-06-08 16:49:17] [SUCCESS] Dossier cree: Drive ECHOLINE/05-Sales/A-Prospects/TMP CONVERT
[2026-06-08 16:49:17] [WARN] Impossible de résoudre 'grp_test' dans le tenant destination - permission ignorée
[2026-06-08 16:49:17] [SUCCESS] Permission appliquée: Equipe INFRA [write] -> Drive ECHOLINE/05-Sales/A-Prospects/TMP CONVERT
[2026-06-08 16:49:18] [SUCCESS] Permission appliquée: User 01 [write] -> Drive ECHOLINE/05-Sales/A-Prospects/TMP CONVERT
[2026-06-08 16:49:18] [WARN] Pas de mappage pour: SERVICES_GENERAUX - Membres () - permission ignorée sur Drive ECHOLINE/05-Sales/A-Prospects/TMP CONVERT
[2026-06-08 16:49:18] [WARN] Pas de mappage pour: SERVICES_GENERAUX - Visiteurs () - permission ignorée sur Drive ECHOLINE/05-Sales/A-Prospects/TMP CONVERT
[2026-06-08 16:49:18] [WARN] Pas de mappage pour: Propriétaires de SERVICES_GENERAUX () - permission ignorée sur Drive ECHOLINE/05-Sales/A-Prospects/TMP CONVERT
[2026-06-08 16:49:18] [INFO] Traitement: /Drive ECHOLINE/05-Sales/A-Prospects/TOPIVO/ (6 permission(s))
[2026-06-08 16:49:18] [INFO] === COPIE REELLE: Drive ECHOLINE/05-Sales/A-Prospects/TOPIVO ===
[2026-06-08 16:49:18] [SUCCESS] Dossier cree: Drive ECHOLINE/05-Sales/A-Prospects/TOPIVO
[2026-06-08 16:49:18] [WARN] Pas de mappage pour: Propriétaires de SERVICES_GENERAUX () - permission ignorée sur Drive ECHOLINE/05-Sales/A-Prospects/TOPIVO
[2026-06-08 16:49:18] [WARN] Pas de mappage pour: SERVICES_GENERAUX - Visiteurs () - permission ignorée sur Drive ECHOLINE/05-Sales/A-Prospects/TOPIVO
[2026-06-08 16:49:18] [WARN] Pas de mappage pour: SERVICES_GENERAUX - Membres () - permission ignorée sur Drive ECHOLINE/05-Sales/A-Prospects/TOPIVO
[2026-06-08 16:49:19] [SUCCESS] Permission appliquée: User 01 [write] -> Drive ECHOLINE/05-Sales/A-Prospects/TOPIVO
[2026-06-08 16:49:19] [SUCCESS] Permission appliquée: Equipe INFRA [write] -> Drive ECHOLINE/05-Sales/A-Prospects/TOPIVO
[2026-06-08 16:49:19] [WARN] Impossible de résoudre 'grp_test' dans le tenant destination - permission ignorée
[2026-06-08 16:49:19] [INFO] Traitement: /Drive ECHOLINE/05-Sales/A-Prospects/URBYN/ (6 permission(s))
[2026-06-08 16:49:19] [INFO] === COPIE REELLE: Drive ECHOLINE/05-Sales/A-Prospects/URBYN ===
[2026-06-08 16:49:20] [SUCCESS] Dossier cree: Drive ECHOLINE/05-Sales/A-Prospects/URBYN
[2026-06-08 16:49:20] [WARN] Impossible de résoudre 'grp_test' dans le tenant destination - permission ignorée
[2026-06-08 16:49:20] [WARN] Pas de mappage pour: SERVICES_GENERAUX - Visiteurs () - permission ignorée sur Drive ECHOLINE/05-Sales/A-Prospects/URBYN
[2026-06-08 16:49:20] [WARN] Pas de mappage pour: SERVICES_GENERAUX - Membres () - permission ignorée sur Drive ECHOLINE/05-Sales/A-Prospects/URBYN
[2026-06-08 16:49:20] [SUCCESS] Permission appliquée: User 01 [write] -> Drive ECHOLINE/05-Sales/A-Prospects/URBYN
[2026-06-08 16:49:21] [SUCCESS] Permission appliquée: Equipe INFRA [write] -> Drive ECHOLINE/05-Sales/A-Prospects/URBYN
[2026-06-08 16:49:21] [WARN] Pas de mappage pour: Propriétaires de SERVICES_GENERAUX () - permission ignorée sur Drive ECHOLINE/05-Sales/A-Prospects/URBYN
[2026-06-08 16:49:21] [INFO] Traitement: /Drive ECHOLINE/05-Sales/A-Prospects/VETERNITY/ (6 permission(s))
[2026-06-08 16:49:21] [INFO] === COPIE REELLE: Drive ECHOLINE/05-Sales/A-Prospects/VETERNITY ===
[2026-06-08 16:49:21] [SUCCESS] Dossier cree: Drive ECHOLINE/05-Sales/A-Prospects/VETERNITY
[2026-06-08 16:49:22] [WARN] Pas de mappage pour: Propriétaires de SERVICES_GENERAUX () - permission ignorée sur Drive ECHOLINE/05-Sales/A-Prospects/VETERNITY
[2026-06-08 16:49:22] [WARN] Impossible de résoudre 'grp_test' dans le tenant destination - permission ignorée
[2026-06-08 16:49:22] [SUCCESS] Permission appliquée: Equipe INFRA [write] -> Drive ECHOLINE/05-Sales/A-Prospects/VETERNITY
[2026-06-08 16:49:22] [SUCCESS] Permission appliquée: User 01 [write] -> Drive ECHOLINE/05-Sales/A-Prospects/VETERNITY
[2026-06-08 16:49:22] [WARN] Pas de mappage pour: SERVICES_GENERAUX - Membres () - permission ignorée sur Drive ECHOLINE/05-Sales/A-Prospects/VETERNITY
[2026-06-08 16:49:22] [WARN] Pas de mappage pour: SERVICES_GENERAUX - Visiteurs () - permission ignorée sur Drive ECHOLINE/05-Sales/A-Prospects/VETERNITY
[2026-06-08 16:49:22] [INFO] Traitement: /Drive ECHOLINE/05-Sales/A-Prospects/VIATRIS MEDA MANUFACTURING/ (6 permission(s))
[2026-06-08 16:49:22] [INFO] === COPIE REELLE: Drive ECHOLINE/05-Sales/A-Prospects/VIATRIS MEDA MANUFACTURING ===
[2026-06-08 16:49:23] [SUCCESS] Dossier cree: Drive ECHOLINE/05-Sales/A-Prospects/VIATRIS MEDA MANUFACTURING
[2026-06-08 16:49:23] [WARN] Pas de mappage pour: Propriétaires de SERVICES_GENERAUX () - permission ignorée sur Drive ECHOLINE/05-Sales/A-Prospects/VIATRIS MEDA MANUFACTURING
[2026-06-08 16:49:23] [WARN] Pas de mappage pour: SERVICES_GENERAUX - Membres () - permission ignorée sur Drive ECHOLINE/05-Sales/A-Prospects/VIATRIS MEDA MANUFACTURING
[2026-06-08 16:49:23] [SUCCESS] Permission appliquée: Equipe INFRA [write] -> Drive ECHOLINE/05-Sales/A-Prospects/VIATRIS MEDA MANUFACTURING
[2026-06-08 16:49:23] [WARN] Impossible de résoudre 'grp_test' dans le tenant destination - permission ignorée
[2026-06-08 16:49:23] [WARN] Pas de mappage pour: SERVICES_GENERAUX - Visiteurs () - permission ignorée sur Drive ECHOLINE/05-Sales/A-Prospects/VIATRIS MEDA MANUFACTURING
[2026-06-08 16:49:24] [SUCCESS] Permission appliquée: User 01 [write] -> Drive ECHOLINE/05-Sales/A-Prospects/VIATRIS MEDA MANUFACTURING
[2026-06-08 16:49:24] [INFO] Traitement: /Drive ECHOLINE/05-Sales/A-Prospects/VINCI FACILITIES/ (6 permission(s))
[2026-06-08 16:49:24] [INFO] === COPIE REELLE: Drive ECHOLINE/05-Sales/A-Prospects/VINCI FACILITIES ===
[2026-06-08 16:49:24] [SUCCESS] Dossier cree: Drive ECHOLINE/05-Sales/A-Prospects/VINCI FACILITIES
[2026-06-08 16:49:25] [WARN] Impossible de résoudre 'grp_test' dans le tenant destination - permission ignorée
[2026-06-08 16:49:25] [SUCCESS] Permission appliquée: Equipe INFRA [write] -> Drive ECHOLINE/05-Sales/A-Prospects/VINCI FACILITIES
[2026-06-08 16:49:25] [SUCCESS] Permission appliquée: User 01 [write] -> Drive ECHOLINE/05-Sales/A-Prospects/VINCI FACILITIES
[2026-06-08 16:49:25] [WARN] Pas de mappage pour: SERVICES_GENERAUX - Membres () - permission ignorée sur Drive ECHOLINE/05-Sales/A-Prospects/VINCI FACILITIES
[2026-06-08 16:49:25] [WARN] Pas de mappage pour: SERVICES_GENERAUX - Visiteurs () - permission ignorée sur Drive ECHOLINE/05-Sales/A-Prospects/VINCI FACILITIES
[2026-06-08 16:49:25] [WARN] Pas de mappage pour: Propriétaires de SERVICES_GENERAUX () - permission ignorée sur Drive ECHOLINE/05-Sales/A-Prospects/VINCI FACILITIES
[2026-06-08 16:49:25] [INFO] Traitement: /Drive ECHOLINE/05-Sales/A-Prospects/YZEE/ (6 permission(s))
[2026-06-08 16:49:25] [INFO] === COPIE REELLE: Drive ECHOLINE/05-Sales/A-Prospects/YZEE ===
[2026-06-08 16:49:26] [SUCCESS] Dossier cree: Drive ECHOLINE/05-Sales/A-Prospects/YZEE
[2026-06-08 16:49:27] [SUCCESS] Permission appliquée: Equipe INFRA [write] -> Drive ECHOLINE/05-Sales/A-Prospects/YZEE
[2026-06-08 16:49:27] [WARN] Pas de mappage pour: Propriétaires de SERVICES_GENERAUX () - permission ignorée sur Drive ECHOLINE/05-Sales/A-Prospects/YZEE
[2026-06-08 16:49:27] [WARN] Pas de mappage pour: SERVICES_GENERAUX - Visiteurs () - permission ignorée sur Drive ECHOLINE/05-Sales/A-Prospects/YZEE
[2026-06-08 16:49:27] [WARN] Pas de mappage pour: SERVICES_GENERAUX - Membres () - permission ignorée sur Drive ECHOLINE/05-Sales/A-Prospects/YZEE
[2026-06-08 16:49:27] [SUCCESS] Permission appliquée: User 01 [write] -> Drive ECHOLINE/05-Sales/A-Prospects/YZEE
[2026-06-08 16:49:27] [WARN] Impossible de résoudre 'grp_test' dans le tenant destination - permission ignorée
[2026-06-08 16:49:27] [INFO] Traitement: /Drive ECHOLINE/05-Sales/B-Templates/ (6 permission(s))
[2026-06-08 16:49:27] [INFO] === COPIE REELLE: Drive ECHOLINE/05-Sales/B-Templates ===
[2026-06-08 16:49:28] [SUCCESS] Dossier cree: Drive ECHOLINE/05-Sales/B-Templates
[2026-06-08 16:49:28] [WARN] Impossible de résoudre 'grp_test' dans le tenant destination - permission ignorée
[2026-06-08 16:49:28] [WARN] Pas de mappage pour: Propriétaires de SERVICES_GENERAUX () - permission ignorée sur Drive ECHOLINE/05-Sales/B-Templates
[2026-06-08 16:49:28] [SUCCESS] Permission appliquée: Equipe INFRA [write] -> Drive ECHOLINE/05-Sales/B-Templates
[2026-06-08 16:49:28] [WARN] Pas de mappage pour: SERVICES_GENERAUX - Visiteurs () - permission ignorée sur Drive ECHOLINE/05-Sales/B-Templates
[2026-06-08 16:49:28] [WARN] Pas de mappage pour: SERVICES_GENERAUX - Membres () - permission ignorée sur Drive ECHOLINE/05-Sales/B-Templates
[2026-06-08 16:49:29] [SUCCESS] Permission appliquée: User 01 [write] -> Drive ECHOLINE/05-Sales/B-Templates
[2026-06-08 16:49:29] [INFO] Traitement: /Drive ECHOLINE/05-Sales/C-Automated_Quotes_Generation/ (6 permission(s))
[2026-06-08 16:49:29] [INFO] === COPIE REELLE: Drive ECHOLINE/05-Sales/C-Automated_Quotes_Generation ===
[2026-06-08 16:49:30] [SUCCESS] Dossier cree: Drive ECHOLINE/05-Sales/C-Automated_Quotes_Generation
[2026-06-08 16:49:30] [WARN] Impossible de résoudre 'grp_test' dans le tenant destination - permission ignorée
[2026-06-08 16:49:30] [SUCCESS] Permission appliquée: Equipe INFRA [write] -> Drive ECHOLINE/05-Sales/C-Automated_Quotes_Generation
[2026-06-08 16:49:30] [SUCCESS] Permission appliquée: User 01 [write] -> Drive ECHOLINE/05-Sales/C-Automated_Quotes_Generation
[2026-06-08 16:49:30] [WARN] Pas de mappage pour: SERVICES_GENERAUX - Membres () - permission ignorée sur Drive ECHOLINE/05-Sales/C-Automated_Quotes_Generation
[2026-06-08 16:49:30] [WARN] Pas de mappage pour: SERVICES_GENERAUX - Visiteurs () - permission ignorée sur Drive ECHOLINE/05-Sales/C-Automated_Quotes_Generation
[2026-06-08 16:49:30] [WARN] Pas de mappage pour: Propriétaires de SERVICES_GENERAUX () - permission ignorée sur Drive ECHOLINE/05-Sales/C-Automated_Quotes_Generation
[2026-06-08 16:49:30] [INFO] Traitement: /Drive ECHOLINE/05-Sales/Communication Package/ (6 permission(s))
[2026-06-08 16:49:30] [INFO] === COPIE REELLE: Drive ECHOLINE/05-Sales/Communication Package ===
[2026-06-08 16:49:31] [SUCCESS] Dossier cree: Drive ECHOLINE/05-Sales/Communication Package
[2026-06-08 16:49:31] [WARN] Pas de mappage pour: SERVICES_GENERAUX - Visiteurs () - permission ignorée sur Drive ECHOLINE/05-Sales/Communication Package
[2026-06-08 16:49:31] [WARN] Pas de mappage pour: Propriétaires de SERVICES_GENERAUX () - permission ignorée sur Drive ECHOLINE/05-Sales/Communication Package
[2026-06-08 16:49:31] [WARN] Pas de mappage pour: SERVICES_GENERAUX - Membres () - permission ignorée sur Drive ECHOLINE/05-Sales/Communication Package
[2026-06-08 16:49:31] [SUCCESS] Permission appliquée: User 01 [write] -> Drive ECHOLINE/05-Sales/Communication Package
[2026-06-08 16:49:32] [SUCCESS] Permission appliquée: Equipe INFRA [write] -> Drive ECHOLINE/05-Sales/Communication Package
[2026-06-08 16:49:32] [WARN] Impossible de résoudre 'grp_test' dans le tenant destination - permission ignorée
[2026-06-08 16:49:32] [INFO] Traitement: /Drive ECHOLINE/05-Sales/Communication Package/ARTHUR/ (6 permission(s))
[2026-06-08 16:49:32] [INFO] === COPIE REELLE: Drive ECHOLINE/05-Sales/Communication Package/ARTHUR ===
[2026-06-08 16:49:33] [SUCCESS] Dossier cree: Drive ECHOLINE/05-Sales/Communication Package/ARTHUR
[2026-06-08 16:49:33] [WARN] Impossible de résoudre 'grp_test' dans le tenant destination - permission ignorée
[2026-06-08 16:49:33] [WARN] Pas de mappage pour: SERVICES_GENERAUX - Visiteurs () - permission ignorée sur Drive ECHOLINE/05-Sales/Communication Package/ARTHUR
[2026-06-08 16:49:33] [WARN] Pas de mappage pour: SERVICES_GENERAUX - Membres () - permission ignorée sur Drive ECHOLINE/05-Sales/Communication Package/ARTHUR
[2026-06-08 16:49:33] [SUCCESS] Permission appliquée: User 01 [write] -> Drive ECHOLINE/05-Sales/Communication Package/ARTHUR
[2026-06-08 16:49:33] [SUCCESS] Permission appliquée: Equipe INFRA [write] -> Drive ECHOLINE/05-Sales/Communication Package/ARTHUR
[2026-06-08 16:49:33] [WARN] Pas de mappage pour: Propriétaires de SERVICES_GENERAUX () - permission ignorée sur Drive ECHOLINE/05-Sales/Communication Package/ARTHUR
[2026-06-08 16:49:33] [INFO] Traitement: /Drive ECHOLINE/05-Sales/Communication Package/AURELIEN/ (6 permission(s))
[2026-06-08 16:49:33] [INFO] === COPIE REELLE: Drive ECHOLINE/05-Sales/Communication Package/AURELIEN ===
[2026-06-08 16:49:34] [SUCCESS] Dossier cree: Drive ECHOLINE/05-Sales/Communication Package/AURELIEN
[2026-06-08 16:49:34] [WARN] Impossible de résoudre 'grp_test' dans le tenant destination - permission ignorée
[2026-06-08 16:49:35] [SUCCESS] Permission appliquée: Equipe INFRA [write] -> Drive ECHOLINE/05-Sales/Communication Package/AURELIEN
[2026-06-08 16:49:35] [SUCCESS] Permission appliquée: User 01 [write] -> Drive ECHOLINE/05-Sales/Communication Package/AURELIEN
[2026-06-08 16:49:35] [WARN] Pas de mappage pour: SERVICES_GENERAUX - Membres () - permission ignorée sur Drive ECHOLINE/05-Sales/Communication Package/AURELIEN
[2026-06-08 16:49:35] [WARN] Pas de mappage pour: SERVICES_GENERAUX - Visiteurs () - permission ignorée sur Drive ECHOLINE/05-Sales/Communication Package/AURELIEN
[2026-06-08 16:49:35] [WARN] Pas de mappage pour: Propriétaires de SERVICES_GENERAUX () - permission ignorée sur Drive ECHOLINE/05-Sales/Communication Package/AURELIEN
[2026-06-08 16:49:35] [INFO] Traitement: /Drive ECHOLINE/05-Sales/Communication Package/CELIA/ (6 permission(s))
[2026-06-08 16:49:35] [INFO] === COPIE REELLE: Drive ECHOLINE/05-Sales/Communication Package/CELIA ===
[2026-06-08 16:49:36] [SUCCESS] Dossier cree: Drive ECHOLINE/05-Sales/Communication Package/CELIA
[2026-06-08 16:49:36] [SUCCESS] Permission appliquée: Equipe INFRA [write] -> Drive ECHOLINE/05-Sales/Communication Package/CELIA
[2026-06-08 16:49:36] [WARN] Pas de mappage pour: Propriétaires de SERVICES_GENERAUX () - permission ignorée sur Drive ECHOLINE/05-Sales/Communication Package/CELIA
[2026-06-08 16:49:36] [WARN] Pas de mappage pour: SERVICES_GENERAUX - Membres () - permission ignorée sur Drive ECHOLINE/05-Sales/Communication Package/CELIA
[2026-06-08 16:49:36] [WARN] Pas de mappage pour: SERVICES_GENERAUX - Visiteurs () - permission ignorée sur Drive ECHOLINE/05-Sales/Communication Package/CELIA
[2026-06-08 16:49:36] [SUCCESS] Permission appliquée: User 01 [write] -> Drive ECHOLINE/05-Sales/Communication Package/CELIA
[2026-06-08 16:49:36] [WARN] Impossible de résoudre 'grp_test' dans le tenant destination - permission ignorée
[2026-06-08 16:49:36] [INFO] Traitement: /Drive ECHOLINE/05-Sales/Communication Package/CLOTHILDE/ (6 permission(s))
[2026-06-08 16:49:36] [INFO] === COPIE REELLE: Drive ECHOLINE/05-Sales/Communication Package/CLOTHILDE ===
[2026-06-08 16:49:37] [SUCCESS] Dossier cree: Drive ECHOLINE/05-Sales/Communication Package/CLOTHILDE
[2026-06-08 16:49:37] [WARN] Impossible de résoudre 'grp_test' dans le tenant destination - permission ignorée
[2026-06-08 16:49:38] [SUCCESS] Permission appliquée: Equipe INFRA [write] -> Drive ECHOLINE/05-Sales/Communication Package/CLOTHILDE
[2026-06-08 16:49:38] [SUCCESS] Permission appliquée: User 01 [write] -> Drive ECHOLINE/05-Sales/Communication Package/CLOTHILDE
[2026-06-08 16:49:38] [WARN] Pas de mappage pour: SERVICES_GENERAUX - Membres () - permission ignorée sur Drive ECHOLINE/05-Sales/Communication Package/CLOTHILDE
[2026-06-08 16:49:38] [WARN] Pas de mappage pour: SERVICES_GENERAUX - Visiteurs () - permission ignorée sur Drive ECHOLINE/05-Sales/Communication Package/CLOTHILDE
[2026-06-08 16:49:38] [WARN] Pas de mappage pour: Propriétaires de SERVICES_GENERAUX () - permission ignorée sur Drive ECHOLINE/05-Sales/Communication Package/CLOTHILDE
[2026-06-08 16:49:38] [INFO] Traitement: /Drive ECHOLINE/05-Sales/Communication Package/GAYLORD/ (6 permission(s))
[2026-06-08 16:49:38] [INFO] === COPIE REELLE: Drive ECHOLINE/05-Sales/Communication Package/GAYLORD ===
[2026-06-08 16:49:39] [SUCCESS] Dossier cree: Drive ECHOLINE/05-Sales/Communication Package/GAYLORD
[2026-06-08 16:49:39] [WARN] Pas de mappage pour: SERVICES_GENERAUX - Visiteurs () - permission ignorée sur Drive ECHOLINE/05-Sales/Communication Package/GAYLORD
[2026-06-08 16:49:39] [WARN] Pas de mappage pour: Propriétaires de SERVICES_GENERAUX () - permission ignorée sur Drive ECHOLINE/05-Sales/Communication Package/GAYLORD
[2026-06-08 16:49:39] [SUCCESS] Permission appliquée: User 01 [write] -> Drive ECHOLINE/05-Sales/Communication Package/GAYLORD
[2026-06-08 16:49:39] [WARN] Impossible de résoudre 'grp_test' dans le tenant destination - permission ignorée
[2026-06-08 16:49:39] [SUCCESS] Permission appliquée: Equipe INFRA [write] -> Drive ECHOLINE/05-Sales/Communication Package/GAYLORD
[2026-06-08 16:49:39] [WARN] Pas de mappage pour: SERVICES_GENERAUX - Membres () - permission ignorée sur Drive ECHOLINE/05-Sales/Communication Package/GAYLORD
[2026-06-08 16:49:39] [INFO] Traitement: /Drive ECHOLINE/05-Sales/Communication Package/JEREMY/ (6 permission(s))
[2026-06-08 16:49:39] [INFO] === COPIE REELLE: Drive ECHOLINE/05-Sales/Communication Package/JEREMY ===
[2026-06-08 16:49:40] [SUCCESS] Dossier cree: Drive ECHOLINE/05-Sales/Communication Package/JEREMY
[2026-06-08 16:49:41] [SUCCESS] Permission appliquée: Equipe INFRA [write] -> Drive ECHOLINE/05-Sales/Communication Package/JEREMY
[2026-06-08 16:49:41] [SUCCESS] Permission appliquée: User 01 [write] -> Drive ECHOLINE/05-Sales/Communication Package/JEREMY
[2026-06-08 16:49:41] [WARN] Pas de mappage pour: SERVICES_GENERAUX - Membres () - permission ignorée sur Drive ECHOLINE/05-Sales/Communication Package/JEREMY
[2026-06-08 16:49:41] [WARN] Pas de mappage pour: SERVICES_GENERAUX - Visiteurs () - permission ignorée sur Drive ECHOLINE/05-Sales/Communication Package/JEREMY
[2026-06-08 16:49:41] [WARN] Pas de mappage pour: Propriétaires de SERVICES_GENERAUX () - permission ignorée sur Drive ECHOLINE/05-Sales/Communication Package/JEREMY
[2026-06-08 16:49:41] [WARN] Impossible de résoudre 'grp_test' dans le tenant destination - permission ignorée
[2026-06-08 16:49:41] [INFO] Traitement: /Drive ECHOLINE/05-Sales/Communication Package/LAURA/ (6 permission(s))
[2026-06-08 16:49:41] [INFO] === COPIE REELLE: Drive ECHOLINE/05-Sales/Communication Package/LAURA ===
[2026-06-08 16:49:42] [SUCCESS] Dossier cree: Drive ECHOLINE/05-Sales/Communication Package/LAURA
[2026-06-08 16:49:42] [SUCCESS] Permission appliquée: User 01 [write] -> Drive ECHOLINE/05-Sales/Communication Package/LAURA
[2026-06-08 16:49:42] [WARN] Pas de mappage pour: Propriétaires de SERVICES_GENERAUX () - permission ignorée sur Drive ECHOLINE/05-Sales/Communication Package/LAURA
[2026-06-08 16:49:42] [WARN] Pas de mappage pour: SERVICES_GENERAUX - Visiteurs () - permission ignorée sur Drive ECHOLINE/05-Sales/Communication Package/LAURA
[2026-06-08 16:49:42] [WARN] Pas de mappage pour: SERVICES_GENERAUX - Membres () - permission ignorée sur Drive ECHOLINE/05-Sales/Communication Package/LAURA
[2026-06-08 16:49:43] [SUCCESS] Permission appliquée: Equipe INFRA [write] -> Drive ECHOLINE/05-Sales/Communication Package/LAURA
[2026-06-08 16:49:43] [WARN] Impossible de résoudre 'grp_test' dans le tenant destination - permission ignorée
[2026-06-08 16:49:43] [INFO] Traitement: /Drive ECHOLINE/05-Sales/Communication Package/SOPHIE/ (6 permission(s))
[2026-06-08 16:49:43] [INFO] === COPIE REELLE: Drive ECHOLINE/05-Sales/Communication Package/SOPHIE ===
[2026-06-08 16:49:44] [SUCCESS] Dossier cree: Drive ECHOLINE/05-Sales/Communication Package/SOPHIE
[2026-06-08 16:49:44] [WARN] Impossible de résoudre 'grp_test' dans le tenant destination - permission ignorée
[2026-06-08 16:49:44] [WARN] Pas de mappage pour: Propriétaires de SERVICES_GENERAUX () - permission ignorée sur Drive ECHOLINE/05-Sales/Communication Package/SOPHIE
[2026-06-08 16:49:44] [SUCCESS] Permission appliquée: Equipe INFRA [write] -> Drive ECHOLINE/05-Sales/Communication Package/SOPHIE
[2026-06-08 16:49:44] [WARN] Pas de mappage pour: SERVICES_GENERAUX - Visiteurs () - permission ignorée sur Drive ECHOLINE/05-Sales/Communication Package/SOPHIE
[2026-06-08 16:49:44] [WARN] Pas de mappage pour: SERVICES_GENERAUX - Membres () - permission ignorée sur Drive ECHOLINE/05-Sales/Communication Package/SOPHIE
[2026-06-08 16:49:45] [SUCCESS] Permission appliquée: User 01 [write] -> Drive ECHOLINE/05-Sales/Communication Package/SOPHIE
[2026-06-08 16:49:45] [INFO] Traitement: /Drive ECHOLINE/05-Sales/Communication Package/YANN/ (6 permission(s))
[2026-06-08 16:49:45] [INFO] === COPIE REELLE: Drive ECHOLINE/05-Sales/Communication Package/YANN ===
[2026-06-08 16:49:46] [SUCCESS] Dossier cree: Drive ECHOLINE/05-Sales/Communication Package/YANN
[2026-06-08 16:49:46] [WARN] Impossible de résoudre 'grp_test' dans le tenant destination - permission ignorée
[2026-06-08 16:49:46] [SUCCESS] Permission appliquée: Equipe INFRA [write] -> Drive ECHOLINE/05-Sales/Communication Package/YANN
[2026-06-08 16:49:47] [SUCCESS] Permission appliquée: User 01 [write] -> Drive ECHOLINE/05-Sales/Communication Package/YANN
[2026-06-08 16:49:47] [WARN] Pas de mappage pour: SERVICES_GENERAUX - Membres () - permission ignorée sur Drive ECHOLINE/05-Sales/Communication Package/YANN
[2026-06-08 16:49:47] [WARN] Pas de mappage pour: SERVICES_GENERAUX - Visiteurs () - permission ignorée sur Drive ECHOLINE/05-Sales/Communication Package/YANN
[2026-06-08 16:49:47] [WARN] Pas de mappage pour: Propriétaires de SERVICES_GENERAUX () - permission ignorée sur Drive ECHOLINE/05-Sales/Communication Package/YANN
[2026-06-08 16:49:47] [INFO] Traitement: /Drive ECHOLINE/05-Sales/ZZ-Archives/ (6 permission(s))
[2026-06-08 16:49:47] [INFO] === COPIE REELLE: Drive ECHOLINE/05-Sales/ZZ-Archives ===
[2026-06-08 16:49:48] [SUCCESS] Dossier cree: Drive ECHOLINE/05-Sales/ZZ-Archives
[2026-06-08 16:49:48] [SUCCESS] Permission appliquée: Equipe INFRA [write] -> Drive ECHOLINE/05-Sales/ZZ-Archives
[2026-06-08 16:49:48] [WARN] Pas de mappage pour: Propriétaires de SERVICES_GENERAUX () - permission ignorée sur Drive ECHOLINE/05-Sales/ZZ-Archives
[2026-06-08 16:49:48] [WARN] Pas de mappage pour: SERVICES_GENERAUX - Visiteurs () - permission ignorée sur Drive ECHOLINE/05-Sales/ZZ-Archives
[2026-06-08 16:49:48] [WARN] Pas de mappage pour: SERVICES_GENERAUX - Membres () - permission ignorée sur Drive ECHOLINE/05-Sales/ZZ-Archives
[2026-06-08 16:49:48] [SUCCESS] Permission appliquée: User 01 [write] -> Drive ECHOLINE/05-Sales/ZZ-Archives
[2026-06-08 16:49:48] [WARN] Impossible de résoudre 'grp_test' dans le tenant destination - permission ignorée
[2026-06-08 16:49:48] [INFO] Traitement: /Drive ECHOLINE/06-Community/ (6 permission(s))
[2026-06-08 16:49:48] [INFO] === COPIE REELLE: Drive ECHOLINE/06-Community ===
[2026-06-08 16:49:49] [SUCCESS] Dossier cree: Drive ECHOLINE/06-Community
[2026-06-08 16:49:49] [WARN] Impossible de résoudre 'grp_test' dans le tenant destination - permission ignorée
[2026-06-08 16:49:49] [WARN] Pas de mappage pour: Propriétaires de SERVICES_GENERAUX () - permission ignorée sur Drive ECHOLINE/06-Community
[2026-06-08 16:49:49] [WARN] Pas de mappage pour: SERVICES_GENERAUX - Visiteurs () - permission ignorée sur Drive ECHOLINE/06-Community
[2026-06-08 16:49:49] [WARN] Pas de mappage pour: SERVICES_GENERAUX - Membres () - permission ignorée sur Drive ECHOLINE/06-Community
[2026-06-08 16:49:49] [SUCCESS] Permission appliquée: Equipe INFRA [write] -> Drive ECHOLINE/06-Community
[2026-06-08 16:49:49] [SUCCESS] Permission appliquée: User 01 [write] -> Drive ECHOLINE/06-Community
[2026-06-08 16:49:49] [INFO] Traitement: /Drive ECHOLINE/06-Community/ADRAR FORMATION/ (6 permission(s))
[2026-06-08 16:49:49] [INFO] === COPIE REELLE: Drive ECHOLINE/06-Community/ADRAR FORMATION ===
[2026-06-08 16:49:50] [SUCCESS] Dossier cree: Drive ECHOLINE/06-Community/ADRAR FORMATION
[2026-06-08 16:49:50] [WARN] Pas de mappage pour: Propriétaires de SERVICES_GENERAUX () - permission ignorée sur Drive ECHOLINE/06-Community/ADRAR FORMATION
[2026-06-08 16:49:50] [WARN] Impossible de résoudre 'grp_test' dans le tenant destination - permission ignorée
[2026-06-08 16:49:50] [SUCCESS] Permission appliquée: Equipe INFRA [write] -> Drive ECHOLINE/06-Community/ADRAR FORMATION
[2026-06-08 16:49:51] [SUCCESS] Permission appliquée: User 01 [write] -> Drive ECHOLINE/06-Community/ADRAR FORMATION
[2026-06-08 16:49:51] [WARN] Pas de mappage pour: SERVICES_GENERAUX - Membres () - permission ignorée sur Drive ECHOLINE/06-Community/ADRAR FORMATION
[2026-06-08 16:49:51] [WARN] Pas de mappage pour: SERVICES_GENERAUX - Visiteurs () - permission ignorée sur Drive ECHOLINE/06-Community/ADRAR FORMATION
[2026-06-08 16:49:51] [INFO] Traitement: /Drive ECHOLINE/06-Community/CAE CONSEILS/ (6 permission(s))
[2026-06-08 16:49:51] [INFO] === COPIE REELLE: Drive ECHOLINE/06-Community/CAE CONSEILS ===
[2026-06-08 16:49:51] [SUCCESS] Dossier cree: Drive ECHOLINE/06-Community/CAE CONSEILS
[2026-06-08 16:49:52] [WARN] Pas de mappage pour: Propriétaires de SERVICES_GENERAUX () - permission ignorée sur Drive ECHOLINE/06-Community/CAE CONSEILS
[2026-06-08 16:49:52] [WARN] Pas de mappage pour: SERVICES_GENERAUX - Membres () - permission ignorée sur Drive ECHOLINE/06-Community/CAE CONSEILS
[2026-06-08 16:49:52] [SUCCESS] Permission appliquée: Equipe INFRA [write] -> Drive ECHOLINE/06-Community/CAE CONSEILS
[2026-06-08 16:49:52] [WARN] Impossible de résoudre 'grp_test' dans le tenant destination - permission ignorée
[2026-06-08 16:49:52] [WARN] Pas de mappage pour: SERVICES_GENERAUX - Visiteurs () - permission ignorée sur Drive ECHOLINE/06-Community/CAE CONSEILS
[2026-06-08 16:49:52] [SUCCESS] Permission appliquée: User 01 [write] -> Drive ECHOLINE/06-Community/CAE CONSEILS
[2026-06-08 16:49:52] [INFO] Traitement: /Drive ECHOLINE/06-Community/CAE CONSEILS/Devis/ (6 permission(s))
[2026-06-08 16:49:52] [INFO] === COPIE REELLE: Drive ECHOLINE/06-Community/CAE CONSEILS/Devis ===
[2026-06-08 16:49:53] [SUCCESS] Dossier cree: Drive ECHOLINE/06-Community/CAE CONSEILS/Devis
[2026-06-08 16:49:53] [WARN] Impossible de résoudre 'grp_test' dans le tenant destination - permission ignorée
[2026-06-08 16:49:53] [SUCCESS] Permission appliquée: Equipe INFRA [write] -> Drive ECHOLINE/06-Community/CAE CONSEILS/Devis
[2026-06-08 16:49:54] [SUCCESS] Permission appliquée: User 01 [write] -> Drive ECHOLINE/06-Community/CAE CONSEILS/Devis
[2026-06-08 16:49:54] [WARN] Pas de mappage pour: SERVICES_GENERAUX - Membres () - permission ignorée sur Drive ECHOLINE/06-Community/CAE CONSEILS/Devis
[2026-06-08 16:49:54] [WARN] Pas de mappage pour: SERVICES_GENERAUX - Visiteurs () - permission ignorée sur Drive ECHOLINE/06-Community/CAE CONSEILS/Devis
[2026-06-08 16:49:54] [WARN] Pas de mappage pour: Propriétaires de SERVICES_GENERAUX () - permission ignorée sur Drive ECHOLINE/06-Community/CAE CONSEILS/Devis
[2026-06-08 16:49:54] [INFO] Traitement: /Drive ECHOLINE/06-Community/CAE CONSEILS/Partenariat/ (6 permission(s))
[2026-06-08 16:49:54] [INFO] === COPIE REELLE: Drive ECHOLINE/06-Community/CAE CONSEILS/Partenariat ===
[2026-06-08 16:49:55] [SUCCESS] Dossier cree: Drive ECHOLINE/06-Community/CAE CONSEILS/Partenariat
[2026-06-08 16:49:55] [SUCCESS] Permission appliquée: Equipe INFRA [write] -> Drive ECHOLINE/06-Community/CAE CONSEILS/Partenariat
[2026-06-08 16:49:55] [WARN] Pas de mappage pour: Propriétaires de SERVICES_GENERAUX () - permission ignorée sur Drive ECHOLINE/06-Community/CAE CONSEILS/Partenariat
[2026-06-08 16:49:55] [WARN] Pas de mappage pour: SERVICES_GENERAUX - Visiteurs () - permission ignorée sur Drive ECHOLINE/06-Community/CAE CONSEILS/Partenariat
[2026-06-08 16:49:55] [WARN] Pas de mappage pour: SERVICES_GENERAUX - Membres () - permission ignorée sur Drive ECHOLINE/06-Community/CAE CONSEILS/Partenariat
[2026-06-08 16:49:55] [SUCCESS] Permission appliquée: User 01 [write] -> Drive ECHOLINE/06-Community/CAE CONSEILS/Partenariat
[2026-06-08 16:49:55] [WARN] Impossible de résoudre 'grp_test' dans le tenant destination - permission ignorée
[2026-06-08 16:49:55] [INFO] Traitement: /Drive ECHOLINE/06-Community/FRANCE SI/ (6 permission(s))
[2026-06-08 16:49:55] [INFO] === COPIE REELLE: Drive ECHOLINE/06-Community/FRANCE SI ===
[2026-06-08 16:49:56] [SUCCESS] Dossier cree: Drive ECHOLINE/06-Community/FRANCE SI
[2026-06-08 16:49:56] [WARN] Impossible de résoudre 'grp_test' dans le tenant destination - permission ignorée
[2026-06-08 16:49:56] [WARN] Pas de mappage pour: Propriétaires de SERVICES_GENERAUX () - permission ignorée sur Drive ECHOLINE/06-Community/FRANCE SI
[2026-06-08 16:49:56] [SUCCESS] Permission appliquée: Equipe INFRA [write] -> Drive ECHOLINE/06-Community/FRANCE SI
[2026-06-08 16:49:56] [WARN] Pas de mappage pour: SERVICES_GENERAUX - Visiteurs () - permission ignorée sur Drive ECHOLINE/06-Community/FRANCE SI
[2026-06-08 16:49:56] [WARN] Pas de mappage pour: SERVICES_GENERAUX - Membres () - permission ignorée sur Drive ECHOLINE/06-Community/FRANCE SI
[2026-06-08 16:49:57] [SUCCESS] Permission appliquée: User 01 [write] -> Drive ECHOLINE/06-Community/FRANCE SI
[2026-06-08 16:49:57] [INFO] Traitement: /Drive ECHOLINE/06-Community/GAMMA SOFTWARE/ (6 permission(s))
[2026-06-08 16:49:57] [INFO] === COPIE REELLE: Drive ECHOLINE/06-Community/GAMMA SOFTWARE ===
[2026-06-08 16:49:57] [SUCCESS] Dossier cree: Drive ECHOLINE/06-Community/GAMMA SOFTWARE
[2026-06-08 16:49:58] [WARN] Impossible de résoudre 'grp_test' dans le tenant destination - permission ignorée
[2026-06-08 16:49:58] [SUCCESS] Permission appliquée: Equipe INFRA [write] -> Drive ECHOLINE/06-Community/GAMMA SOFTWARE
[2026-06-08 16:50:00] [SUCCESS] Permission appliquée: User 01 [write] -> Drive ECHOLINE/06-Community/GAMMA SOFTWARE
[2026-06-08 16:50:00] [WARN] Pas de mappage pour: SERVICES_GENERAUX - Membres () - permission ignorée sur Drive ECHOLINE/06-Community/GAMMA SOFTWARE
[2026-06-08 16:50:00] [WARN] Pas de mappage pour: SERVICES_GENERAUX - Visiteurs () - permission ignorée sur Drive ECHOLINE/06-Community/GAMMA SOFTWARE
[2026-06-08 16:50:00] [WARN] Pas de mappage pour: Propriétaires de SERVICES_GENERAUX () - permission ignorée sur Drive ECHOLINE/06-Community/GAMMA SOFTWARE
[2026-06-08 16:50:00] [INFO] Traitement: /Drive ECHOLINE/06-Community/KNOWLLENCE/ (6 permission(s))
[2026-06-08 16:50:00] [INFO] === COPIE REELLE: Drive ECHOLINE/06-Community/KNOWLLENCE ===
[2026-06-08 16:50:00] [SUCCESS] Dossier cree: Drive ECHOLINE/06-Community/KNOWLLENCE
[2026-06-08 16:50:01] [WARN] Pas de mappage pour: SERVICES_GENERAUX - Membres () - permission ignorée sur Drive ECHOLINE/06-Community/KNOWLLENCE
[2026-06-08 16:50:01] [WARN] Impossible de résoudre 'grp_test' dans le tenant destination - permission ignorée
[2026-06-08 16:50:01] [SUCCESS] Permission appliquée: Equipe INFRA [write] -> Drive ECHOLINE/06-Community/KNOWLLENCE
[2026-06-08 16:50:01] [SUCCESS] Permission appliquée: User 01 [write] -> Drive ECHOLINE/06-Community/KNOWLLENCE
[2026-06-08 16:50:01] [WARN] Pas de mappage pour: SERVICES_GENERAUX - Visiteurs () - permission ignorée sur Drive ECHOLINE/06-Community/KNOWLLENCE
[2026-06-08 16:50:01] [WARN] Pas de mappage pour: Propriétaires de SERVICES_GENERAUX () - permission ignorée sur Drive ECHOLINE/06-Community/KNOWLLENCE
[2026-06-08 16:50:01] [INFO] Traitement: /Drive ECHOLINE/06-Community/KNOWLLENCE/Contrat/ (6 permission(s))
[2026-06-08 16:50:01] [INFO] === COPIE REELLE: Drive ECHOLINE/06-Community/KNOWLLENCE/Contrat ===
[2026-06-08 16:50:02] [SUCCESS] Dossier cree: Drive ECHOLINE/06-Community/KNOWLLENCE/Contrat
[2026-06-08 16:50:02] [WARN] Impossible de résoudre 'grp_test' dans le tenant destination - permission ignorée
[2026-06-08 16:50:02] [WARN] Pas de mappage pour: SERVICES_GENERAUX - Visiteurs () - permission ignorée sur Drive ECHOLINE/06-Community/KNOWLLENCE/Contrat
[2026-06-08 16:50:02] [WARN] Pas de mappage pour: Propriétaires de SERVICES_GENERAUX () - permission ignorée sur Drive ECHOLINE/06-Community/KNOWLLENCE/Contrat
[2026-06-08 16:50:03] [SUCCESS] Permission appliquée: Equipe INFRA [write] -> Drive ECHOLINE/06-Community/KNOWLLENCE/Contrat
[2026-06-08 16:50:03] [WARN] Pas de mappage pour: SERVICES_GENERAUX - Membres () - permission ignorée sur Drive ECHOLINE/06-Community/KNOWLLENCE/Contrat
[2026-06-08 16:50:03] [SUCCESS] Permission appliquée: User 01 [write] -> Drive ECHOLINE/06-Community/KNOWLLENCE/Contrat
[2026-06-08 16:50:03] [INFO] Traitement: /Drive ECHOLINE/06-Community/LOOTIBOX/ (6 permission(s))
[2026-06-08 16:50:03] [INFO] === COPIE REELLE: Drive ECHOLINE/06-Community/LOOTIBOX ===
[2026-06-08 16:50:04] [SUCCESS] Dossier cree: Drive ECHOLINE/06-Community/LOOTIBOX
[2026-06-08 16:50:04] [WARN] Impossible de résoudre 'grp_test' dans le tenant destination - permission ignorée
[2026-06-08 16:50:04] [SUCCESS] Permission appliquée: Equipe INFRA [write] -> Drive ECHOLINE/06-Community/LOOTIBOX
[2026-06-08 16:50:05] [SUCCESS] Permission appliquée: User 01 [write] -> Drive ECHOLINE/06-Community/LOOTIBOX
[2026-06-08 16:50:05] [WARN] Pas de mappage pour: SERVICES_GENERAUX - Membres () - permission ignorée sur Drive ECHOLINE/06-Community/LOOTIBOX
[2026-06-08 16:50:05] [WARN] Pas de mappage pour: SERVICES_GENERAUX - Visiteurs () - permission ignorée sur Drive ECHOLINE/06-Community/LOOTIBOX
[2026-06-08 16:50:05] [WARN] Pas de mappage pour: Propriétaires de SERVICES_GENERAUX () - permission ignorée sur Drive ECHOLINE/06-Community/LOOTIBOX
[2026-06-08 16:50:05] [INFO] Traitement: /Drive ECHOLINE/06-Community/QUALIPRO/ (6 permission(s))
[2026-06-08 16:50:05] [INFO] === COPIE REELLE: Drive ECHOLINE/06-Community/QUALIPRO ===
[2026-06-08 16:50:06] [SUCCESS] Dossier cree: Drive ECHOLINE/06-Community/QUALIPRO
[2026-06-08 16:50:06] [SUCCESS] Permission appliquée: Equipe INFRA [write] -> Drive ECHOLINE/06-Community/QUALIPRO
[2026-06-08 16:50:06] [SUCCESS] Permission appliquée: User 01 [write] -> Drive ECHOLINE/06-Community/QUALIPRO
[2026-06-08 16:50:06] [WARN] Pas de mappage pour: SERVICES_GENERAUX - Membres () - permission ignorée sur Drive ECHOLINE/06-Community/QUALIPRO
[2026-06-08 16:50:06] [WARN] Pas de mappage pour: Propriétaires de SERVICES_GENERAUX () - permission ignorée sur Drive ECHOLINE/06-Community/QUALIPRO
[2026-06-08 16:50:06] [WARN] Pas de mappage pour: SERVICES_GENERAUX - Visiteurs () - permission ignorée sur Drive ECHOLINE/06-Community/QUALIPRO
[2026-06-08 16:50:06] [WARN] Impossible de résoudre 'grp_test' dans le tenant destination - permission ignorée
[2026-06-08 16:50:06] [INFO] Traitement: /Drive ECHOLINE/06-Community/QUALIPRO/Contrat/ (6 permission(s))
[2026-06-08 16:50:06] [INFO] === COPIE REELLE: Drive ECHOLINE/06-Community/QUALIPRO/Contrat ===
[2026-06-08 16:50:07] [SUCCESS] Dossier cree: Drive ECHOLINE/06-Community/QUALIPRO/Contrat
[2026-06-08 16:50:07] [WARN] Impossible de résoudre 'grp_test' dans le tenant destination - permission ignorée
[2026-06-08 16:50:07] [SUCCESS] Permission appliquée: Equipe INFRA [write] -> Drive ECHOLINE/06-Community/QUALIPRO/Contrat
[2026-06-08 16:50:08] [SUCCESS] Permission appliquée: User 01 [write] -> Drive ECHOLINE/06-Community/QUALIPRO/Contrat
[2026-06-08 16:50:08] [WARN] Pas de mappage pour: SERVICES_GENERAUX - Membres () - permission ignorée sur Drive ECHOLINE/06-Community/QUALIPRO/Contrat
[2026-06-08 16:50:08] [WARN] Pas de mappage pour: SERVICES_GENERAUX - Visiteurs () - permission ignorée sur Drive ECHOLINE/06-Community/QUALIPRO/Contrat
[2026-06-08 16:50:08] [WARN] Pas de mappage pour: Propriétaires de SERVICES_GENERAUX () - permission ignorée sur Drive ECHOLINE/06-Community/QUALIPRO/Contrat
[2026-06-08 16:50:08] [INFO] Traitement: /Drive ECHOLINE/06-Community/TEEO/ (6 permission(s))
[2026-06-08 16:50:08] [INFO] === COPIE REELLE: Drive ECHOLINE/06-Community/TEEO ===
[2026-06-08 16:50:08] [SUCCESS] Dossier cree: Drive ECHOLINE/06-Community/TEEO
[2026-06-08 16:50:09] [SUCCESS] Permission appliquée: User 01 [write] -> Drive ECHOLINE/06-Community/TEEO
[2026-06-08 16:50:09] [WARN] Pas de mappage pour: SERVICES_GENERAUX - Visiteurs () - permission ignorée sur Drive ECHOLINE/06-Community/TEEO
[2026-06-08 16:50:09] [WARN] Pas de mappage pour: Propriétaires de SERVICES_GENERAUX () - permission ignorée sur Drive ECHOLINE/06-Community/TEEO
[2026-06-08 16:50:09] [WARN] Pas de mappage pour: SERVICES_GENERAUX - Membres () - permission ignorée sur Drive ECHOLINE/06-Community/TEEO
[2026-06-08 16:50:09] [WARN] Impossible de résoudre 'grp_test' dans le tenant destination - permission ignorée
[2026-06-08 16:50:09] [SUCCESS] Permission appliquée: Equipe INFRA [write] -> Drive ECHOLINE/06-Community/TEEO
[2026-06-08 16:50:09] [INFO] Traitement: /Drive ECHOLINE/06-Community/TEEO/Archive/ (6 permission(s))
[2026-06-08 16:50:09] [INFO] === COPIE REELLE: Drive ECHOLINE/06-Community/TEEO/Archive ===
[2026-06-08 16:50:10] [SUCCESS] Dossier cree: Drive ECHOLINE/06-Community/TEEO/Archive
[2026-06-08 16:50:10] [WARN] Impossible de résoudre 'grp_test' dans le tenant destination - permission ignorée
[2026-06-08 16:50:10] [SUCCESS] Permission appliquée: User 01 [write] -> Drive ECHOLINE/06-Community/TEEO/Archive
[2026-06-08 16:50:10] [WARN] Pas de mappage pour: SERVICES_GENERAUX - Membres () - permission ignorée sur Drive ECHOLINE/06-Community/TEEO/Archive
[2026-06-08 16:50:10] [WARN] Pas de mappage pour: SERVICES_GENERAUX - Visiteurs () - permission ignorée sur Drive ECHOLINE/06-Community/TEEO/Archive
[2026-06-08 16:50:10] [WARN] Pas de mappage pour: Propriétaires de SERVICES_GENERAUX () - permission ignorée sur Drive ECHOLINE/06-Community/TEEO/Archive
[2026-06-08 16:50:10] [SUCCESS] Permission appliquée: Equipe INFRA [write] -> Drive ECHOLINE/06-Community/TEEO/Archive
[2026-06-08 16:50:10] [INFO] Traitement: /Drive ECHOLINE/06-Community/TEEO/Partenariat/ (6 permission(s))
[2026-06-08 16:50:10] [INFO] === COPIE REELLE: Drive ECHOLINE/06-Community/TEEO/Partenariat ===
[2026-06-08 16:50:11] [SUCCESS] Dossier cree: Drive ECHOLINE/06-Community/TEEO/Partenariat
[2026-06-08 16:50:12] [WARN] Pas de mappage pour: SERVICES_GENERAUX - Visiteurs () - permission ignorée sur Drive ECHOLINE/06-Community/TEEO/Partenariat
[2026-06-08 16:50:12] [WARN] Pas de mappage pour: Propriétaires de SERVICES_GENERAUX () - permission ignorée sur Drive ECHOLINE/06-Community/TEEO/Partenariat
[2026-06-08 16:50:12] [WARN] Pas de mappage pour: SERVICES_GENERAUX - Membres () - permission ignorée sur Drive ECHOLINE/06-Community/TEEO/Partenariat
[2026-06-08 16:50:12] [WARN] Impossible de résoudre 'grp_test' dans le tenant destination - permission ignorée
[2026-06-08 16:50:12] [SUCCESS] Permission appliquée: Equipe INFRA [write] -> Drive ECHOLINE/06-Community/TEEO/Partenariat
[2026-06-08 16:50:12] [SUCCESS] Permission appliquée: User 01 [write] -> Drive ECHOLINE/06-Community/TEEO/Partenariat
[2026-06-08 16:50:12] [INFO] Traitement: /Drive ECHOLINE/07-Tech/ (6 permission(s))
[2026-06-08 16:50:12] [INFO] === COPIE REELLE: Drive ECHOLINE/07-Tech ===
[2026-06-08 16:50:13] [SUCCESS] Dossier cree: Drive ECHOLINE/07-Tech
[2026-06-08 16:50:13] [SUCCESS] Permission appliquée: User 01 [write] -> Drive ECHOLINE/07-Tech
[2026-06-08 16:50:13] [WARN] Pas de mappage pour: SERVICES_GENERAUX - Membres () - permission ignorée sur Drive ECHOLINE/07-Tech
[2026-06-08 16:50:13] [WARN] Impossible de résoudre 'grp_test' dans le tenant destination - permission ignorée
[2026-06-08 16:50:13] [WARN] Pas de mappage pour: SERVICES_GENERAUX - Visiteurs () - permission ignorée sur Drive ECHOLINE/07-Tech
[2026-06-08 16:50:13] [WARN] Pas de mappage pour: Propriétaires de SERVICES_GENERAUX () - permission ignorée sur Drive ECHOLINE/07-Tech
[2026-06-08 16:50:13] [SUCCESS] Permission appliquée: Equipe INFRA [write] -> Drive ECHOLINE/07-Tech
[2026-06-08 16:50:13] [INFO] Traitement: /Drive ECHOLINE/07-Tech/A-Product management/ (6 permission(s))
[2026-06-08 16:50:13] [INFO] === COPIE REELLE: Drive ECHOLINE/07-Tech/A-Product management ===
[2026-06-08 16:50:14] [SUCCESS] Dossier cree: Drive ECHOLINE/07-Tech/A-Product management
[2026-06-08 16:50:14] [WARN] Pas de mappage pour: SERVICES_GENERAUX - Visiteurs () - permission ignorée sur Drive ECHOLINE/07-Tech/A-Product management
[2026-06-08 16:50:14] [WARN] Pas de mappage pour: Propriétaires de SERVICES_GENERAUX () - permission ignorée sur Drive ECHOLINE/07-Tech/A-Product management
[2026-06-08 16:50:14] [WARN] Impossible de résoudre 'grp_test' dans le tenant destination - permission ignorée
[2026-06-08 16:50:15] [SUCCESS] Permission appliquée: Equipe INFRA [write] -> Drive ECHOLINE/07-Tech/A-Product management
[2026-06-08 16:50:15] [SUCCESS] Permission appliquée: User 01 [write] -> Drive ECHOLINE/07-Tech/A-Product management
[2026-06-08 16:50:15] [WARN] Pas de mappage pour: SERVICES_GENERAUX - Membres () - permission ignorée sur Drive ECHOLINE/07-Tech/A-Product management
[2026-06-08 16:50:15] [INFO] Traitement: /Drive ECHOLINE/07-Tech/A-Product management/ZZ-Archives/ (6 permission(s))
[2026-06-08 16:50:15] [INFO] === COPIE REELLE: Drive ECHOLINE/07-Tech/A-Product management/ZZ-Archives ===
[2026-06-08 16:50:16] [SUCCESS] Dossier cree: Drive ECHOLINE/07-Tech/A-Product management/ZZ-Archives
[2026-06-08 16:50:16] [SUCCESS] Permission appliquée: User 01 [write] -> Drive ECHOLINE/07-Tech/A-Product management/ZZ-Archives
[2026-06-08 16:50:16] [WARN] Pas de mappage pour: SERVICES_GENERAUX - Membres () - permission ignorée sur Drive ECHOLINE/07-Tech/A-Product management/ZZ-Archives
[2026-06-08 16:50:16] [WARN] Pas de mappage pour: SERVICES_GENERAUX - Visiteurs () - permission ignorée sur Drive ECHOLINE/07-Tech/A-Product management/ZZ-Archives
[2026-06-08 16:50:16] [WARN] Pas de mappage pour: Propriétaires de SERVICES_GENERAUX () - permission ignorée sur Drive ECHOLINE/07-Tech/A-Product management/ZZ-Archives
[2026-06-08 16:50:17] [SUCCESS] Permission appliquée: Equipe INFRA [write] -> Drive ECHOLINE/07-Tech/A-Product management/ZZ-Archives
[2026-06-08 16:50:17] [WARN] Impossible de résoudre 'grp_test' dans le tenant destination - permission ignorée
[2026-06-08 16:50:17] [INFO] Traitement: /Drive ECHOLINE/07-Tech/B-Backup/ (6 permission(s))
[2026-06-08 16:50:17] [INFO] === COPIE REELLE: Drive ECHOLINE/07-Tech/B-Backup ===
[2026-06-08 16:50:18] [SUCCESS] Dossier cree: Drive ECHOLINE/07-Tech/B-Backup
[2026-06-08 16:50:18] [WARN] Impossible de résoudre 'grp_test' dans le tenant destination - permission ignorée
[2026-06-08 16:50:18] [WARN] Pas de mappage pour: Propriétaires de SERVICES_GENERAUX () - permission ignorée sur Drive ECHOLINE/07-Tech/B-Backup
[2026-06-08 16:50:18] [WARN] Pas de mappage pour: SERVICES_GENERAUX - Visiteurs () - permission ignorée sur Drive ECHOLINE/07-Tech/B-Backup
[2026-06-08 16:50:18] [WARN] Pas de mappage pour: SERVICES_GENERAUX - Membres () - permission ignorée sur Drive ECHOLINE/07-Tech/B-Backup
[2026-06-08 16:50:18] [SUCCESS] Permission appliquée: User 01 [write] -> Drive ECHOLINE/07-Tech/B-Backup
[2026-06-08 16:50:18] [SUCCESS] Permission appliquée: Equipe INFRA [write] -> Drive ECHOLINE/07-Tech/B-Backup
[2026-06-08 16:50:18] [INFO] Traitement: /Drive ECHOLINE/07-Tech/B-Backup/Alexandria/ (6 permission(s))
[2026-06-08 16:50:18] [INFO] === COPIE REELLE: Drive ECHOLINE/07-Tech/B-Backup/Alexandria ===
[2026-06-08 16:50:19] [SUCCESS] Dossier cree: Drive ECHOLINE/07-Tech/B-Backup/Alexandria
[2026-06-08 16:50:20] [SUCCESS] Permission appliquée: User 01 [write] -> Drive ECHOLINE/07-Tech/B-Backup/Alexandria
[2026-06-08 16:50:20] [WARN] Pas de mappage pour: Propriétaires de SERVICES_GENERAUX () - permission ignorée sur Drive ECHOLINE/07-Tech/B-Backup/Alexandria
[2026-06-08 16:50:20] [WARN] Pas de mappage pour: SERVICES_GENERAUX - Visiteurs () - permission ignorée sur Drive ECHOLINE/07-Tech/B-Backup/Alexandria
[2026-06-08 16:50:20] [WARN] Pas de mappage pour: SERVICES_GENERAUX - Membres () - permission ignorée sur Drive ECHOLINE/07-Tech/B-Backup/Alexandria
[2026-06-08 16:50:20] [SUCCESS] Permission appliquée: Equipe INFRA [write] -> Drive ECHOLINE/07-Tech/B-Backup/Alexandria
[2026-06-08 16:50:20] [WARN] Impossible de résoudre 'grp_test' dans le tenant destination - permission ignorée
[2026-06-08 16:50:20] [INFO] Traitement: /Drive ECHOLINE/07-Tech/B-Backup/Archives Gitlab/ (6 permission(s))
[2026-06-08 16:50:20] [INFO] === COPIE REELLE: Drive ECHOLINE/07-Tech/B-Backup/Archives Gitlab ===
[2026-06-08 16:50:22] [SUCCESS] Dossier cree: Drive ECHOLINE/07-Tech/B-Backup/Archives Gitlab
[2026-06-08 16:50:22] [WARN] Impossible de résoudre 'grp_test' dans le tenant destination - permission ignorée
[2026-06-08 16:50:22] [SUCCESS] Permission appliquée: Equipe INFRA [write] -> Drive ECHOLINE/07-Tech/B-Backup/Archives Gitlab
[2026-06-08 16:50:22] [SUCCESS] Permission appliquée: User 01 [write] -> Drive ECHOLINE/07-Tech/B-Backup/Archives Gitlab
[2026-06-08 16:50:23] [WARN] Pas de mappage pour: SERVICES_GENERAUX - Membres () - permission ignorée sur Drive ECHOLINE/07-Tech/B-Backup/Archives Gitlab
[2026-06-08 16:50:23] [WARN] Pas de mappage pour: SERVICES_GENERAUX - Visiteurs () - permission ignorée sur Drive ECHOLINE/07-Tech/B-Backup/Archives Gitlab
[2026-06-08 16:50:23] [WARN] Pas de mappage pour: Propriétaires de SERVICES_GENERAUX () - permission ignorée sur Drive ECHOLINE/07-Tech/B-Backup/Archives Gitlab
[2026-06-08 16:50:23] [INFO] Traitement: /Drive ECHOLINE/07-Tech/B-Backup/BDD/ (6 permission(s))
[2026-06-08 16:50:23] [INFO] === COPIE REELLE: Drive ECHOLINE/07-Tech/B-Backup/BDD ===
[2026-06-08 16:50:23] [SUCCESS] Dossier cree: Drive ECHOLINE/07-Tech/B-Backup/BDD
[2026-06-08 16:50:23] [WARN] Pas de mappage pour: SERVICES_GENERAUX - Membres () - permission ignorée sur Drive ECHOLINE/07-Tech/B-Backup/BDD
[2026-06-08 16:50:23] [WARN] Impossible de résoudre 'grp_test' dans le tenant destination - permission ignorée
[2026-06-08 16:50:23] [WARN] Pas de mappage pour: SERVICES_GENERAUX - Visiteurs () - permission ignorée sur Drive ECHOLINE/07-Tech/B-Backup/BDD
[2026-06-08 16:50:23] [WARN] Pas de mappage pour: Propriétaires de SERVICES_GENERAUX () - permission ignorée sur Drive ECHOLINE/07-Tech/B-Backup/BDD
[2026-06-08 16:50:24] [SUCCESS] Permission appliquée: User 01 [write] -> Drive ECHOLINE/07-Tech/B-Backup/BDD
[2026-06-08 16:50:24] [SUCCESS] Permission appliquée: Equipe INFRA [write] -> Drive ECHOLINE/07-Tech/B-Backup/BDD
[2026-06-08 16:50:24] [INFO] Traitement: /Drive ECHOLINE/07-Tech/B-Backup/Infra/ (6 permission(s))
[2026-06-08 16:50:24] [INFO] === COPIE REELLE: Drive ECHOLINE/07-Tech/B-Backup/Infra ===
[2026-06-08 16:50:25] [SUCCESS] Dossier cree: Drive ECHOLINE/07-Tech/B-Backup/Infra
[2026-06-08 16:50:25] [WARN] Impossible de résoudre 'grp_test' dans le tenant destination - permission ignorée
[2026-06-08 16:50:25] [WARN] Pas de mappage pour: Propriétaires de SERVICES_GENERAUX () - permission ignorée sur Drive ECHOLINE/07-Tech/B-Backup/Infra
[2026-06-08 16:50:25] [WARN] Pas de mappage pour: SERVICES_GENERAUX - Visiteurs () - permission ignorée sur Drive ECHOLINE/07-Tech/B-Backup/Infra
[2026-06-08 16:50:25] [WARN] Pas de mappage pour: SERVICES_GENERAUX - Membres () - permission ignorée sur Drive ECHOLINE/07-Tech/B-Backup/Infra
[2026-06-08 16:50:25] [SUCCESS] Permission appliquée: User 01 [write] -> Drive ECHOLINE/07-Tech/B-Backup/Infra
[2026-06-08 16:50:26] [SUCCESS] Permission appliquée: Equipe INFRA [write] -> Drive ECHOLINE/07-Tech/B-Backup/Infra
[2026-06-08 16:50:26] [INFO] Traitement: /Drive ECHOLINE/07-Tech/B-Backup/Maquettes/ (6 permission(s))
[2026-06-08 16:50:26] [INFO] === COPIE REELLE: Drive ECHOLINE/07-Tech/B-Backup/Maquettes ===
[2026-06-08 16:50:26] [SUCCESS] Dossier cree: Drive ECHOLINE/07-Tech/B-Backup/Maquettes
[2026-06-08 16:50:27] [WARN] Pas de mappage pour: Propriétaires de SERVICES_GENERAUX () - permission ignorée sur Drive ECHOLINE/07-Tech/B-Backup/Maquettes
[2026-06-08 16:50:27] [WARN] Pas de mappage pour: SERVICES_GENERAUX - Visiteurs () - permission ignorée sur Drive ECHOLINE/07-Tech/B-Backup/Maquettes
[2026-06-08 16:50:27] [WARN] Pas de mappage pour: SERVICES_GENERAUX - Membres () - permission ignorée sur Drive ECHOLINE/07-Tech/B-Backup/Maquettes
[2026-06-08 16:50:27] [SUCCESS] Permission appliquée: User 01 [write] -> Drive ECHOLINE/07-Tech/B-Backup/Maquettes
[2026-06-08 16:50:27] [SUCCESS] Permission appliquée: Equipe INFRA [write] -> Drive ECHOLINE/07-Tech/B-Backup/Maquettes
[2026-06-08 16:50:27] [WARN] Impossible de résoudre 'grp_test' dans le tenant destination - permission ignorée
[2026-06-08 16:50:27] [INFO] Traitement: /Drive ECHOLINE/07-Tech/B-Backup/Pentest Q4 2022/ (6 permission(s))
[2026-06-08 16:50:27] [INFO] === COPIE REELLE: Drive ECHOLINE/07-Tech/B-Backup/Pentest Q4 2022 ===
[2026-06-08 16:50:28] [SUCCESS] Dossier cree: Drive ECHOLINE/07-Tech/B-Backup/Pentest Q4 2022
[2026-06-08 16:50:28] [WARN] Pas de mappage pour: Propriétaires de SERVICES_GENERAUX () - permission ignorée sur Drive ECHOLINE/07-Tech/B-Backup/Pentest Q4 2022
[2026-06-08 16:50:28] [WARN] Impossible de résoudre 'grp_test' dans le tenant destination - permission ignorée
[2026-06-08 16:50:28] [SUCCESS] Permission appliquée: Equipe INFRA [write] -> Drive ECHOLINE/07-Tech/B-Backup/Pentest Q4 2022
[2026-06-08 16:50:29] [SUCCESS] Permission appliquée: User 01 [write] -> Drive ECHOLINE/07-Tech/B-Backup/Pentest Q4 2022
[2026-06-08 16:50:29] [WARN] Pas de mappage pour: SERVICES_GENERAUX - Membres () - permission ignorée sur Drive ECHOLINE/07-Tech/B-Backup/Pentest Q4 2022
[2026-06-08 16:50:29] [WARN] Pas de mappage pour: SERVICES_GENERAUX - Visiteurs () - permission ignorée sur Drive ECHOLINE/07-Tech/B-Backup/Pentest Q4 2022
[2026-06-08 16:50:29] [INFO] Traitement: /Drive ECHOLINE/07-Tech/B-Backup/QSE/ (6 permission(s))
[2026-06-08 16:50:29] [INFO] === COPIE REELLE: Drive ECHOLINE/07-Tech/B-Backup/QSE ===
[2026-06-08 16:50:30] [SUCCESS] Dossier cree: Drive ECHOLINE/07-Tech/B-Backup/QSE
[2026-06-08 16:50:30] [WARN] Pas de mappage pour: Propriétaires de SERVICES_GENERAUX () - permission ignorée sur Drive ECHOLINE/07-Tech/B-Backup/QSE
[2026-06-08 16:50:30] [WARN] Pas de mappage pour: SERVICES_GENERAUX - Membres () - permission ignorée sur Drive ECHOLINE/07-Tech/B-Backup/QSE
[2026-06-08 16:50:30] [SUCCESS] Permission appliquée: Equipe INFRA [write] -> Drive ECHOLINE/07-Tech/B-Backup/QSE
[2026-06-08 16:50:30] [WARN] Impossible de résoudre 'grp_test' dans le tenant destination - permission ignorée
[2026-06-08 16:50:30] [WARN] Pas de mappage pour: SERVICES_GENERAUX - Visiteurs () - permission ignorée sur Drive ECHOLINE/07-Tech/B-Backup/QSE
[2026-06-08 16:50:30] [SUCCESS] Permission appliquée: User 01 [write] -> Drive ECHOLINE/07-Tech/B-Backup/QSE
[2026-06-08 16:50:30] [INFO] Traitement: /Drive ECHOLINE/07-Tech/B-Backup/RFP/ (6 permission(s))
[2026-06-08 16:50:30] [INFO] === COPIE REELLE: Drive ECHOLINE/07-Tech/B-Backup/RFP ===
[2026-06-08 16:50:31] [SUCCESS] Dossier cree: Drive ECHOLINE/07-Tech/B-Backup/RFP
[2026-06-08 16:50:31] [WARN] Impossible de résoudre 'grp_test' dans le tenant destination - permission ignorée
[2026-06-08 16:50:32] [SUCCESS] Permission appliquée: Equipe INFRA [write] -> Drive ECHOLINE/07-Tech/B-Backup/RFP
[2026-06-08 16:50:32] [SUCCESS] Permission appliquée: User 01 [write] -> Drive ECHOLINE/07-Tech/B-Backup/RFP
[2026-06-08 16:50:32] [WARN] Pas de mappage pour: SERVICES_GENERAUX - Membres () - permission ignorée sur Drive ECHOLINE/07-Tech/B-Backup/RFP
[2026-06-08 16:50:32] [WARN] Pas de mappage pour: SERVICES_GENERAUX - Visiteurs () - permission ignorée sur Drive ECHOLINE/07-Tech/B-Backup/RFP
[2026-06-08 16:50:32] [WARN] Pas de mappage pour: Propriétaires de SERVICES_GENERAUX () - permission ignorée sur Drive ECHOLINE/07-Tech/B-Backup/RFP
[2026-06-08 16:50:32] [INFO] Traitement: /Drive ECHOLINE/07-Tech/C-Cybersécurité/ (6 permission(s))
[2026-06-08 16:50:32] [INFO] === COPIE REELLE: Drive ECHOLINE/07-Tech/C-Cybersécurité ===
[2026-06-08 16:50:33] [ERROR] Erreur copie: Le serveur distant a retourné une erreur : (400) Demande incorrecte.
[2026-06-08 16:50:33] [WARN] Droits ignorés car copie échouée: /Drive ECHOLINE/07-Tech/C-Cybersécurité/
[2026-06-08 16:50:33] [INFO] Traitement: /Drive ECHOLINE/07-Tech/C-Cybersécurité/2022/ (6 permission(s))
[2026-06-08 16:50:33] [INFO] === COPIE REELLE: Drive ECHOLINE/07-Tech/C-Cybersécurité/2022 ===
[2026-06-08 16:50:34] [ERROR] Erreur copie: Le serveur distant a retourné une erreur : (400) Demande incorrecte.
[2026-06-08 16:50:34] [WARN] Droits ignorés car copie échouée: /Drive ECHOLINE/07-Tech/C-Cybersécurité/2022/
[2026-06-08 16:50:34] [INFO] Traitement: /Drive ECHOLINE/07-Tech/OpenAI/ (6 permission(s))
[2026-06-08 16:50:34] [INFO] === COPIE REELLE: Drive ECHOLINE/07-Tech/OpenAI ===
[2026-06-08 16:50:35] [SUCCESS] Dossier cree: Drive ECHOLINE/07-Tech/OpenAI
[2026-06-08 16:50:35] [WARN] Impossible de résoudre 'grp_test' dans le tenant destination - permission ignorée
[2026-06-08 16:50:35] [SUCCESS] Permission appliquée: Equipe INFRA [write] -> Drive ECHOLINE/07-Tech/OpenAI
[2026-06-08 16:50:35] [SUCCESS] Permission appliquée: User 01 [write] -> Drive ECHOLINE/07-Tech/OpenAI
[2026-06-08 16:50:35] [WARN] Pas de mappage pour: SERVICES_GENERAUX - Membres () - permission ignorée sur Drive ECHOLINE/07-Tech/OpenAI
[2026-06-08 16:50:35] [WARN] Pas de mappage pour: SERVICES_GENERAUX - Visiteurs () - permission ignorée sur Drive ECHOLINE/07-Tech/OpenAI
[2026-06-08 16:50:35] [WARN] Pas de mappage pour: Propriétaires de SERVICES_GENERAUX () - permission ignorée sur Drive ECHOLINE/07-Tech/OpenAI
[2026-06-08 16:50:35] [INFO] Traitement: /Drive ECHOLINE/07-Tech/ZZ-Archives/ (6 permission(s))
[2026-06-08 16:50:35] [INFO] === COPIE REELLE: Drive ECHOLINE/07-Tech/ZZ-Archives ===
[2026-06-08 16:50:36] [SUCCESS] Dossier cree: Drive ECHOLINE/07-Tech/ZZ-Archives
[2026-06-08 16:50:36] [SUCCESS] Permission appliquée: User 01 [write] -> Drive ECHOLINE/07-Tech/ZZ-Archives
[2026-06-08 16:50:36] [WARN] Pas de mappage pour: Propriétaires de SERVICES_GENERAUX () - permission ignorée sur Drive ECHOLINE/07-Tech/ZZ-Archives
[2026-06-08 16:50:36] [WARN] Pas de mappage pour: SERVICES_GENERAUX - Visiteurs () - permission ignorée sur Drive ECHOLINE/07-Tech/ZZ-Archives
[2026-06-08 16:50:36] [WARN] Pas de mappage pour: SERVICES_GENERAUX - Membres () - permission ignorée sur Drive ECHOLINE/07-Tech/ZZ-Archives
[2026-06-08 16:50:38] [SUCCESS] Permission appliquée: Equipe INFRA [write] -> Drive ECHOLINE/07-Tech/ZZ-Archives
[2026-06-08 16:50:38] [WARN] Impossible de résoudre 'grp_test' dans le tenant destination - permission ignorée
[2026-06-08 16:50:38] [INFO] Traitement: /Drive ECHOLINE/07-Tech/ZZ-Archives/Archives fonds LEGI - DILA/ (6 permission(s))
[2026-06-08 16:50:38] [INFO] === COPIE REELLE: Drive ECHOLINE/07-Tech/ZZ-Archives/Archives fonds LEGI - DILA ===
[2026-06-08 16:50:38] [SUCCESS] Dossier cree: Drive ECHOLINE/07-Tech/ZZ-Archives/Archives fonds LEGI - DILA
[2026-06-08 16:50:39] [WARN] Impossible de résoudre 'grp_test' dans le tenant destination - permission ignorée
[2026-06-08 16:50:39] [WARN] Pas de mappage pour: Propriétaires de SERVICES_GENERAUX () - permission ignorée sur Drive ECHOLINE/07-Tech/ZZ-Archives/Archives fonds LEGI - DILA
[2026-06-08 16:50:39] [WARN] Pas de mappage pour: SERVICES_GENERAUX - Visiteurs () - permission ignorée sur Drive ECHOLINE/07-Tech/ZZ-Archives/Archives fonds LEGI - DILA
[2026-06-08 16:50:39] [WARN] Pas de mappage pour: SERVICES_GENERAUX - Membres () - permission ignorée sur Drive ECHOLINE/07-Tech/ZZ-Archives/Archives fonds LEGI - DILA
[2026-06-08 16:50:39] [SUCCESS] Permission appliquée: Equipe INFRA [write] -> Drive ECHOLINE/07-Tech/ZZ-Archives/Archives fonds LEGI - DILA
[2026-06-08 16:50:39] [SUCCESS] Permission appliquée: User 01 [write] -> Drive ECHOLINE/07-Tech/ZZ-Archives/Archives fonds LEGI - DILA
[2026-06-08 16:50:39] [INFO] Traitement: /Drive ECHOLINE/08-Design/ (6 permission(s))
[2026-06-08 16:50:39] [INFO] === COPIE REELLE: Drive ECHOLINE/08-Design ===
[2026-06-08 16:50:40] [SUCCESS] Dossier cree: Drive ECHOLINE/08-Design
[2026-06-08 16:50:40] [WARN] Impossible de résoudre 'grp_test' dans le tenant destination - permission ignorée
[2026-06-08 16:50:40] [SUCCESS] Permission appliquée: Equipe INFRA [write] -> Drive ECHOLINE/08-Design
[2026-06-08 16:50:40] [SUCCESS] Permission appliquée: User 01 [write] -> Drive ECHOLINE/08-Design
[2026-06-08 16:50:40] [WARN] Pas de mappage pour: SERVICES_GENERAUX - Membres () - permission ignorée sur Drive ECHOLINE/08-Design
[2026-06-08 16:50:40] [WARN] Pas de mappage pour: SERVICES_GENERAUX - Visiteurs () - permission ignorée sur Drive ECHOLINE/08-Design
[2026-06-08 16:50:40] [WARN] Pas de mappage pour: Propriétaires de SERVICES_GENERAUX () - permission ignorée sur Drive ECHOLINE/08-Design
[2026-06-08 16:50:40] [INFO] Traitement: /Drive ECHOLINE/08-Design/App ECHOLINE/ (6 permission(s))
[2026-06-08 16:50:40] [INFO] === COPIE REELLE: Drive ECHOLINE/08-Design/App ECHOLINE ===
[2026-06-08 16:50:41] [SUCCESS] Dossier cree: Drive ECHOLINE/08-Design/App ECHOLINE
[2026-06-08 16:50:42] [SUCCESS] Permission appliquée: Equipe INFRA [write] -> Drive ECHOLINE/08-Design/App ECHOLINE
[2026-06-08 16:50:42] [SUCCESS] Permission appliquée: User 01 [write] -> Drive ECHOLINE/08-Design/App ECHOLINE
[2026-06-08 16:50:42] [WARN] Pas de mappage pour: SERVICES_GENERAUX - Membres () - permission ignorée sur Drive ECHOLINE/08-Design/App ECHOLINE
[2026-06-08 16:50:42] [WARN] Pas de mappage pour: Propriétaires de SERVICES_GENERAUX () - permission ignorée sur Drive ECHOLINE/08-Design/App ECHOLINE
[2026-06-08 16:50:42] [WARN] Pas de mappage pour: SERVICES_GENERAUX - Visiteurs () - permission ignorée sur Drive ECHOLINE/08-Design/App ECHOLINE
[2026-06-08 16:50:42] [WARN] Impossible de résoudre 'grp_test' dans le tenant destination - permission ignorée
[2026-06-08 16:50:42] [INFO] Traitement: /Drive ECHOLINE/08-Design/ZZ-Archives/ (6 permission(s))
[2026-06-08 16:50:42] [INFO] === COPIE REELLE: Drive ECHOLINE/08-Design/ZZ-Archives ===
[2026-06-08 16:50:43] [SUCCESS] Dossier cree: Drive ECHOLINE/08-Design/ZZ-Archives
[2026-06-08 16:50:43] [SUCCESS] Permission appliquée: Equipe INFRA [write] -> Drive ECHOLINE/08-Design/ZZ-Archives
[2026-06-08 16:50:43] [SUCCESS] Permission appliquée: User 01 [write] -> Drive ECHOLINE/08-Design/ZZ-Archives
[2026-06-08 16:50:43] [WARN] Pas de mappage pour: SERVICES_GENERAUX - Membres () - permission ignorée sur Drive ECHOLINE/08-Design/ZZ-Archives
[2026-06-08 16:50:43] [WARN] Pas de mappage pour: SERVICES_GENERAUX - Visiteurs () - permission ignorée sur Drive ECHOLINE/08-Design/ZZ-Archives
[2026-06-08 16:50:43] [WARN] Pas de mappage pour: Propriétaires de SERVICES_GENERAUX () - permission ignorée sur Drive ECHOLINE/08-Design/ZZ-Archives
[2026-06-08 16:50:43] [WARN] Impossible de résoudre 'grp_test' dans le tenant destination - permission ignorée
[2026-06-08 16:50:43] [INFO] Traitement: /Drive ECHOLINE/09-QSE/ (6 permission(s))
[2026-06-08 16:50:43] [INFO] === COPIE REELLE: Drive ECHOLINE/09-QSE ===
[2026-06-08 16:50:44] [SUCCESS] Dossier cree: Drive ECHOLINE/09-QSE
[2026-06-08 16:50:44] [SUCCESS] Permission appliquée: User 01 [write] -> Drive ECHOLINE/09-QSE
[2026-06-08 16:50:44] [WARN] Pas de mappage pour: SERVICES_GENERAUX - Membres () - permission ignorée sur Drive ECHOLINE/09-QSE
[2026-06-08 16:50:44] [WARN] Pas de mappage pour: SERVICES_GENERAUX - Visiteurs () - permission ignorée sur Drive ECHOLINE/09-QSE
[2026-06-08 16:50:44] [WARN] Pas de mappage pour: Propriétaires de SERVICES_GENERAUX () - permission ignorée sur Drive ECHOLINE/09-QSE
[2026-06-08 16:50:44] [WARN] Impossible de résoudre 'grp_test' dans le tenant destination - permission ignorée
[2026-06-08 16:50:44] [SUCCESS] Permission appliquée: Equipe INFRA [write] -> Drive ECHOLINE/09-QSE
[2026-06-08 16:50:45] [INFO] Traitement: /Drive ECHOLINE/09-QSE/A-Analyse environnementale/ (6 permission(s))
[2026-06-08 16:50:45] [INFO] === COPIE REELLE: Drive ECHOLINE/09-QSE/A-Analyse environnementale ===
[2026-06-08 16:50:45] [SUCCESS] Dossier cree: Drive ECHOLINE/09-QSE/A-Analyse environnementale
[2026-06-08 16:50:45] [WARN] Impossible de résoudre 'grp_test' dans le tenant destination - permission ignorée
[2026-06-08 16:50:46] [SUCCESS] Permission appliquée: Equipe INFRA [write] -> Drive ECHOLINE/09-QSE/A-Analyse environnementale
[2026-06-08 16:50:46] [SUCCESS] Permission appliquée: User 01 [write] -> Drive ECHOLINE/09-QSE/A-Analyse environnementale
[2026-06-08 16:50:46] [WARN] Pas de mappage pour: SERVICES_GENERAUX - Membres () - permission ignorée sur Drive ECHOLINE/09-QSE/A-Analyse environnementale
[2026-06-08 16:50:46] [WARN] Pas de mappage pour: SERVICES_GENERAUX - Visiteurs () - permission ignorée sur Drive ECHOLINE/09-QSE/A-Analyse environnementale
[2026-06-08 16:50:46] [WARN] Pas de mappage pour: Propriétaires de SERVICES_GENERAUX () - permission ignorée sur Drive ECHOLINE/09-QSE/A-Analyse environnementale
[2026-06-08 16:50:46] [INFO] Traitement: /Drive ECHOLINE/09-QSE/B-Bilan carbone/ (6 permission(s))
[2026-06-08 16:50:46] [INFO] === COPIE REELLE: Drive ECHOLINE/09-QSE/B-Bilan carbone ===
[2026-06-08 16:50:47] [SUCCESS] Dossier cree: Drive ECHOLINE/09-QSE/B-Bilan carbone
[2026-06-08 16:50:47] [WARN] Pas de mappage pour: SERVICES_GENERAUX - Membres () - permission ignorée sur Drive ECHOLINE/09-QSE/B-Bilan carbone
[2026-06-08 16:50:47] [WARN] Pas de mappage pour: Propriétaires de SERVICES_GENERAUX () - permission ignorée sur Drive ECHOLINE/09-QSE/B-Bilan carbone
[2026-06-08 16:50:47] [SUCCESS] Permission appliquée: Equipe INFRA [write] -> Drive ECHOLINE/09-QSE/B-Bilan carbone
[2026-06-08 16:50:47] [WARN] Impossible de résoudre 'grp_test' dans le tenant destination - permission ignorée
[2026-06-08 16:50:47] [WARN] Pas de mappage pour: SERVICES_GENERAUX - Visiteurs () - permission ignorée sur Drive ECHOLINE/09-QSE/B-Bilan carbone
[2026-06-08 16:50:48] [SUCCESS] Permission appliquée: User 01 [write] -> Drive ECHOLINE/09-QSE/B-Bilan carbone
[2026-06-08 16:50:48] [INFO] Traitement: /Drive ECHOLINE/09-QSE/C-Document unique/ (6 permission(s))
[2026-06-08 16:50:48] [INFO] === COPIE REELLE: Drive ECHOLINE/09-QSE/C-Document unique ===
[2026-06-08 16:50:48] [SUCCESS] Dossier cree: Drive ECHOLINE/09-QSE/C-Document unique
[2026-06-08 16:50:49] [WARN] Pas de mappage pour: Propriétaires de SERVICES_GENERAUX () - permission ignorée sur Drive ECHOLINE/09-QSE/C-Document unique
[2026-06-08 16:50:49] [WARN] Pas de mappage pour: SERVICES_GENERAUX - Visiteurs () - permission ignorée sur Drive ECHOLINE/09-QSE/C-Document unique
[2026-06-08 16:50:49] [WARN] Pas de mappage pour: SERVICES_GENERAUX - Membres () - permission ignorée sur Drive ECHOLINE/09-QSE/C-Document unique
[2026-06-08 16:50:49] [SUCCESS] Permission appliquée: User 01 [write] -> Drive ECHOLINE/09-QSE/C-Document unique
[2026-06-08 16:50:49] [SUCCESS] Permission appliquée: Equipe INFRA [write] -> Drive ECHOLINE/09-QSE/C-Document unique
[2026-06-08 16:50:49] [WARN] Impossible de résoudre 'grp_test' dans le tenant destination - permission ignorée
[2026-06-08 16:50:49] [INFO] Traitement: /Drive ECHOLINE/09-QSE/ZZ-Archives/ (6 permission(s))
[2026-06-08 16:50:49] [INFO] === COPIE REELLE: Drive ECHOLINE/09-QSE/ZZ-Archives ===
[2026-06-08 16:50:50] [SUCCESS] Dossier cree: Drive ECHOLINE/09-QSE/ZZ-Archives
[2026-06-08 16:50:50] [WARN] Impossible de résoudre 'grp_test' dans le tenant destination - permission ignorée
[2026-06-08 16:50:50] [WARN] Pas de mappage pour: SERVICES_GENERAUX - Visiteurs () - permission ignorée sur Drive ECHOLINE/09-QSE/ZZ-Archives
[2026-06-08 16:50:50] [SUCCESS] Permission appliquée: Equipe INFRA [write] -> Drive ECHOLINE/09-QSE/ZZ-Archives
[2026-06-08 16:50:50] [WARN] Pas de mappage pour: SERVICES_GENERAUX - Membres () - permission ignorée sur Drive ECHOLINE/09-QSE/ZZ-Archives
[2026-06-08 16:50:50] [SUCCESS] Permission appliquée: User 01 [write] -> Drive ECHOLINE/09-QSE/ZZ-Archives
[2026-06-08 16:50:50] [WARN] Pas de mappage pour: Propriétaires de SERVICES_GENERAUX () - permission ignorée sur Drive ECHOLINE/09-QSE/ZZ-Archives
[2026-06-08 16:50:50] [INFO] Traitement: /Drive ECHOLINE/10-Pilotage/ (6 permission(s))
[2026-06-08 16:50:50] [INFO] === COPIE REELLE: Drive ECHOLINE/10-Pilotage ===
[2026-06-08 16:50:51] [SUCCESS] Dossier cree: Drive ECHOLINE/10-Pilotage
[2026-06-08 16:50:51] [WARN] Impossible de résoudre 'grp_test' dans le tenant destination - permission ignorée
[2026-06-08 16:50:51] [SUCCESS] Permission appliquée: Equipe INFRA [write] -> Drive ECHOLINE/10-Pilotage
[2026-06-08 16:50:52] [SUCCESS] Permission appliquée: User 01 [write] -> Drive ECHOLINE/10-Pilotage
[2026-06-08 16:50:52] [WARN] Pas de mappage pour: SERVICES_GENERAUX - Membres () - permission ignorée sur Drive ECHOLINE/10-Pilotage
[2026-06-08 16:50:52] [WARN] Pas de mappage pour: SERVICES_GENERAUX - Visiteurs () - permission ignorée sur Drive ECHOLINE/10-Pilotage
[2026-06-08 16:50:52] [WARN] Pas de mappage pour: Propriétaires de SERVICES_GENERAUX () - permission ignorée sur Drive ECHOLINE/10-Pilotage
[2026-06-08 16:50:52] [INFO] Traitement: /Drive ECHOLINE/10-Pilotage/ZZ-Archives/ (6 permission(s))
[2026-06-08 16:50:52] [INFO] === COPIE REELLE: Drive ECHOLINE/10-Pilotage/ZZ-Archives ===
[2026-06-08 16:50:52] [SUCCESS] Dossier cree: Drive ECHOLINE/10-Pilotage/ZZ-Archives
[2026-06-08 16:50:53] [WARN] Pas de mappage pour: SERVICES_GENERAUX - Visiteurs () - permission ignorée sur Drive ECHOLINE/10-Pilotage/ZZ-Archives
[2026-06-08 16:50:53] [WARN] Pas de mappage pour: Propriétaires de SERVICES_GENERAUX () - permission ignorée sur Drive ECHOLINE/10-Pilotage/ZZ-Archives
[2026-06-08 16:50:53] [WARN] Pas de mappage pour: SERVICES_GENERAUX - Membres () - permission ignorée sur Drive ECHOLINE/10-Pilotage/ZZ-Archives
[2026-06-08 16:50:53] [SUCCESS] Permission appliquée: User 01 [write] -> Drive ECHOLINE/10-Pilotage/ZZ-Archives
[2026-06-08 16:50:53] [SUCCESS] Permission appliquée: Equipe INFRA [write] -> Drive ECHOLINE/10-Pilotage/ZZ-Archives
[2026-06-08 16:50:53] [WARN] Impossible de résoudre 'grp_test' dans le tenant destination - permission ignorée
[2026-06-08 16:50:53] [INFO] Traitement: /Drive ECHOLINE/11-Admin/ (6 permission(s))
[2026-06-08 16:50:53] [INFO] === COPIE REELLE: Drive ECHOLINE/11-Admin ===
[2026-06-08 16:50:54] [SUCCESS] Dossier cree: Drive ECHOLINE/11-Admin
[2026-06-08 16:50:54] [WARN] Impossible de résoudre 'grp_test' dans le tenant destination - permission ignorée
[2026-06-08 16:50:54] [WARN] Pas de mappage pour: SERVICES_GENERAUX - Visiteurs () - permission ignorée sur Drive ECHOLINE/11-Admin
[2026-06-08 16:50:54] [WARN] Pas de mappage pour: SERVICES_GENERAUX - Membres () - permission ignorée sur Drive ECHOLINE/11-Admin
[2026-06-08 16:50:54] [SUCCESS] Permission appliquée: User 01 [write] -> Drive ECHOLINE/11-Admin
[2026-06-08 16:50:54] [SUCCESS] Permission appliquée: Equipe INFRA [write] -> Drive ECHOLINE/11-Admin
[2026-06-08 16:50:54] [WARN] Pas de mappage pour: Propriétaires de SERVICES_GENERAUX () - permission ignorée sur Drive ECHOLINE/11-Admin
[2026-06-08 16:50:54] [INFO] Traitement: /Drive ECHOLINE/11-Admin/Assurance/ (6 permission(s))
[2026-06-08 16:50:54] [INFO] === COPIE REELLE: Drive ECHOLINE/11-Admin/Assurance ===
[2026-06-08 16:50:55] [SUCCESS] Dossier cree: Drive ECHOLINE/11-Admin/Assurance
[2026-06-08 16:50:55] [WARN] Pas de mappage pour: Propriétaires de SERVICES_GENERAUX () - permission ignorée sur Drive ECHOLINE/11-Admin/Assurance
[2026-06-08 16:50:55] [WARN] Impossible de résoudre 'grp_test' dans le tenant destination - permission ignorée
[2026-06-08 16:50:56] [SUCCESS] Permission appliquée: Equipe INFRA [write] -> Drive ECHOLINE/11-Admin/Assurance
[2026-06-08 16:50:56] [SUCCESS] Permission appliquée: User 01 [write] -> Drive ECHOLINE/11-Admin/Assurance
[2026-06-08 16:50:56] [WARN] Pas de mappage pour: SERVICES_GENERAUX - Membres () - permission ignorée sur Drive ECHOLINE/11-Admin/Assurance
[2026-06-08 16:50:56] [WARN] Pas de mappage pour: SERVICES_GENERAUX - Visiteurs () - permission ignorée sur Drive ECHOLINE/11-Admin/Assurance
[2026-06-08 16:50:56] [INFO] Traitement: /Drive ECHOLINE/11-Admin/Banque/ (6 permission(s))
[2026-06-08 16:50:56] [INFO] === COPIE REELLE: Drive ECHOLINE/11-Admin/Banque ===
[2026-06-08 16:50:56] [SUCCESS] Dossier cree: Drive ECHOLINE/11-Admin/Banque
[2026-06-08 16:50:57] [WARN] Pas de mappage pour: Propriétaires de SERVICES_GENERAUX () - permission ignorée sur Drive ECHOLINE/11-Admin/Banque
[2026-06-08 16:50:57] [WARN] Pas de mappage pour: SERVICES_GENERAUX - Membres () - permission ignorée sur Drive ECHOLINE/11-Admin/Banque
[2026-06-08 16:50:57] [SUCCESS] Permission appliquée: Equipe INFRA [write] -> Drive ECHOLINE/11-Admin/Banque
[2026-06-08 16:50:57] [WARN] Impossible de résoudre 'grp_test' dans le tenant destination - permission ignorée
[2026-06-08 16:50:57] [WARN] Pas de mappage pour: SERVICES_GENERAUX - Visiteurs () - permission ignorée sur Drive ECHOLINE/11-Admin/Banque
[2026-06-08 16:50:57] [SUCCESS] Permission appliquée: User 01 [write] -> Drive ECHOLINE/11-Admin/Banque
[2026-06-08 16:50:57] [INFO] Traitement: /Drive ECHOLINE/11-Admin/Comptabilité/ (6 permission(s))
[2026-06-08 16:50:57] [INFO] === COPIE REELLE: Drive ECHOLINE/11-Admin/Comptabilité ===
[2026-06-08 16:50:58] [ERROR] Erreur copie: Le serveur distant a retourné une erreur : (400) Demande incorrecte.
[2026-06-08 16:50:58] [WARN] Droits ignorés car copie échouée: /Drive ECHOLINE/11-Admin/Comptabilité/
[2026-06-08 16:50:58] [INFO] Traitement: /Drive ECHOLINE/11-Admin/Domiciliation/ (6 permission(s))
[2026-06-08 16:50:58] [INFO] === COPIE REELLE: Drive ECHOLINE/11-Admin/Domiciliation ===
[2026-06-08 16:50:59] [SUCCESS] Dossier cree: Drive ECHOLINE/11-Admin/Domiciliation
[2026-06-08 16:50:59] [SUCCESS] Permission appliquée: Equipe INFRA [write] -> Drive ECHOLINE/11-Admin/Domiciliation
[2026-06-08 16:50:59] [WARN] Pas de mappage pour: Propriétaires de SERVICES_GENERAUX () - permission ignorée sur Drive ECHOLINE/11-Admin/Domiciliation
[2026-06-08 16:50:59] [WARN] Pas de mappage pour: SERVICES_GENERAUX - Visiteurs () - permission ignorée sur Drive ECHOLINE/11-Admin/Domiciliation
[2026-06-08 16:50:59] [WARN] Pas de mappage pour: SERVICES_GENERAUX - Membres () - permission ignorée sur Drive ECHOLINE/11-Admin/Domiciliation
[2026-06-08 16:50:59] [SUCCESS] Permission appliquée: User 01 [write] -> Drive ECHOLINE/11-Admin/Domiciliation
[2026-06-08 16:50:59] [WARN] Impossible de résoudre 'grp_test' dans le tenant destination - permission ignorée
[2026-06-08 16:50:59] [INFO] Traitement: /Drive ECHOLINE/11-Admin/Kbis et statuts/ (6 permission(s))
[2026-06-08 16:50:59] [INFO] === COPIE REELLE: Drive ECHOLINE/11-Admin/Kbis et statuts ===
[2026-06-08 16:51:00] [SUCCESS] Dossier cree: Drive ECHOLINE/11-Admin/Kbis et statuts
[2026-06-08 16:51:00] [WARN] Impossible de résoudre 'grp_test' dans le tenant destination - permission ignorée
[2026-06-08 16:51:00] [WARN] Pas de mappage pour: Propriétaires de SERVICES_GENERAUX () - permission ignorée sur Drive ECHOLINE/11-Admin/Kbis et statuts
[2026-06-08 16:51:00] [SUCCESS] Permission appliquée: Equipe INFRA [write] -> Drive ECHOLINE/11-Admin/Kbis et statuts
[2026-06-08 16:51:00] [WARN] Pas de mappage pour: SERVICES_GENERAUX - Visiteurs () - permission ignorée sur Drive ECHOLINE/11-Admin/Kbis et statuts
[2026-06-08 16:51:00] [WARN] Pas de mappage pour: SERVICES_GENERAUX - Membres () - permission ignorée sur Drive ECHOLINE/11-Admin/Kbis et statuts
[2026-06-08 16:51:01] [SUCCESS] Permission appliquée: User 01 [write] -> Drive ECHOLINE/11-Admin/Kbis et statuts
[2026-06-08 16:51:01] [INFO] Traitement: /Drive ECHOLINE/11-Admin/Marque/ (6 permission(s))
[2026-06-08 16:51:01] [INFO] === COPIE REELLE: Drive ECHOLINE/11-Admin/Marque ===
[2026-06-08 16:51:02] [SUCCESS] Dossier cree: Drive ECHOLINE/11-Admin/Marque
[2026-06-08 16:51:02] [WARN] Impossible de résoudre 'grp_test' dans le tenant destination - permission ignorée
[2026-06-08 16:51:02] [SUCCESS] Permission appliquée: Equipe INFRA [write] -> Drive ECHOLINE/11-Admin/Marque
[2026-06-08 16:51:02] [SUCCESS] Permission appliquée: User 01 [write] -> Drive ECHOLINE/11-Admin/Marque
[2026-06-08 16:51:02] [WARN] Pas de mappage pour: SERVICES_GENERAUX - Membres () - permission ignorée sur Drive ECHOLINE/11-Admin/Marque
[2026-06-08 16:51:02] [WARN] Pas de mappage pour: SERVICES_GENERAUX - Visiteurs () - permission ignorée sur Drive ECHOLINE/11-Admin/Marque
[2026-06-08 16:51:02] [WARN] Pas de mappage pour: Propriétaires de SERVICES_GENERAUX () - permission ignorée sur Drive ECHOLINE/11-Admin/Marque
[2026-06-08 16:51:02] [INFO] Traitement: /Drive ECHOLINE/11-Admin/RGPD/ (6 permission(s))
[2026-06-08 16:51:02] [INFO] === COPIE REELLE: Drive ECHOLINE/11-Admin/RGPD ===
[2026-06-08 16:51:03] [SUCCESS] Dossier cree: Drive ECHOLINE/11-Admin/RGPD
[2026-06-08 16:51:03] [WARN] Pas de mappage pour: SERVICES_GENERAUX - Visiteurs () - permission ignorée sur Drive ECHOLINE/11-Admin/RGPD
[2026-06-08 16:51:03] [WARN] Pas de mappage pour: Propriétaires de SERVICES_GENERAUX () - permission ignorée sur Drive ECHOLINE/11-Admin/RGPD
[2026-06-08 16:51:03] [WARN] Pas de mappage pour: SERVICES_GENERAUX - Membres () - permission ignorée sur Drive ECHOLINE/11-Admin/RGPD
[2026-06-08 16:51:03] [SUCCESS] Permission appliquée: User 01 [write] -> Drive ECHOLINE/11-Admin/RGPD
[2026-06-08 16:51:04] [SUCCESS] Permission appliquée: Equipe INFRA [write] -> Drive ECHOLINE/11-Admin/RGPD
[2026-06-08 16:51:04] [WARN] Impossible de résoudre 'grp_test' dans le tenant destination - permission ignorée
[2026-06-08 16:51:04] [INFO] Traitement: /Drive ECHOLINE/11-Admin/Taxe d_apprentissage/ (6 permission(s))
[2026-06-08 16:51:04] [INFO] === COPIE REELLE: Drive ECHOLINE/11-Admin/Taxe d_apprentissage ===
[2026-06-08 16:51:04] [SUCCESS] Dossier cree: Drive ECHOLINE/11-Admin/Taxe d_apprentissage
[2026-06-08 16:51:04] [WARN] Impossible de résoudre 'grp_test' dans le tenant destination - permission ignorée
[2026-06-08 16:51:04] [WARN] Pas de mappage pour: SERVICES_GENERAUX - Visiteurs () - permission ignorée sur Drive ECHOLINE/11-Admin/Taxe d_apprentissage
[2026-06-08 16:51:04] [WARN] Pas de mappage pour: SERVICES_GENERAUX - Membres () - permission ignorée sur Drive ECHOLINE/11-Admin/Taxe d_apprentissage
[2026-06-08 16:51:05] [SUCCESS] Permission appliquée: User 01 [write] -> Drive ECHOLINE/11-Admin/Taxe d_apprentissage
[2026-06-08 16:51:05] [SUCCESS] Permission appliquée: Equipe INFRA [write] -> Drive ECHOLINE/11-Admin/Taxe d_apprentissage
[2026-06-08 16:51:05] [WARN] Pas de mappage pour: Propriétaires de SERVICES_GENERAUX () - permission ignorée sur Drive ECHOLINE/11-Admin/Taxe d_apprentissage
[2026-06-08 16:51:05] [INFO] Traitement: /Drive ECHOLINE/12-HR/ (6 permission(s))
[2026-06-08 16:51:05] [INFO] === COPIE REELLE: Drive ECHOLINE/12-HR ===
[2026-06-08 16:51:05] [SUCCESS] Dossier cree: Drive ECHOLINE/12-HR
[2026-06-08 16:51:06] [WARN] Impossible de résoudre 'grp_test' dans le tenant destination - permission ignorée
[2026-06-08 16:51:06] [SUCCESS] Permission appliquée: Equipe INFRA [write] -> Drive ECHOLINE/12-HR
[2026-06-08 16:51:06] [SUCCESS] Permission appliquée: User 01 [write] -> Drive ECHOLINE/12-HR
[2026-06-08 16:51:06] [WARN] Pas de mappage pour: SERVICES_GENERAUX - Membres () - permission ignorée sur Drive ECHOLINE/12-HR
[2026-06-08 16:51:06] [WARN] Pas de mappage pour: SERVICES_GENERAUX - Visiteurs () - permission ignorée sur Drive ECHOLINE/12-HR
[2026-06-08 16:51:06] [WARN] Pas de mappage pour: Propriétaires de SERVICES_GENERAUX () - permission ignorée sur Drive ECHOLINE/12-HR
[2026-06-08 16:51:06] [INFO] Traitement: /Drive ECHOLINE/12-HR/Cabinet de paie/ (6 permission(s))
[2026-06-08 16:51:06] [INFO] === COPIE REELLE: Drive ECHOLINE/12-HR/Cabinet de paie ===
[2026-06-08 16:51:07] [SUCCESS] Dossier cree: Drive ECHOLINE/12-HR/Cabinet de paie
[2026-06-08 16:51:07] [SUCCESS] Permission appliquée: Equipe INFRA [write] -> Drive ECHOLINE/12-HR/Cabinet de paie
[2026-06-08 16:51:07] [SUCCESS] Permission appliquée: User 01 [write] -> Drive ECHOLINE/12-HR/Cabinet de paie
[2026-06-08 16:51:07] [WARN] Pas de mappage pour: SERVICES_GENERAUX - Membres () - permission ignorée sur Drive ECHOLINE/12-HR/Cabinet de paie
[2026-06-08 16:51:07] [WARN] Pas de mappage pour: Propriétaires de SERVICES_GENERAUX () - permission ignorée sur Drive ECHOLINE/12-HR/Cabinet de paie
[2026-06-08 16:51:07] [WARN] Pas de mappage pour: SERVICES_GENERAUX - Visiteurs () - permission ignorée sur Drive ECHOLINE/12-HR/Cabinet de paie
[2026-06-08 16:51:07] [WARN] Impossible de résoudre 'grp_test' dans le tenant destination - permission ignorée
[2026-06-08 16:51:07] [INFO] Traitement: /Drive ECHOLINE/12-HR/Cabinets de recrutement/ (6 permission(s))
[2026-06-08 16:51:07] [INFO] === COPIE REELLE: Drive ECHOLINE/12-HR/Cabinets de recrutement ===
[2026-06-08 16:51:08] [SUCCESS] Dossier cree: Drive ECHOLINE/12-HR/Cabinets de recrutement
[2026-06-08 16:51:08] [SUCCESS] Permission appliquée: Equipe INFRA [write] -> Drive ECHOLINE/12-HR/Cabinets de recrutement
[2026-06-08 16:51:09] [SUCCESS] Permission appliquée: User 01 [write] -> Drive ECHOLINE/12-HR/Cabinets de recrutement
[2026-06-08 16:51:09] [WARN] Pas de mappage pour: SERVICES_GENERAUX - Membres () - permission ignorée sur Drive ECHOLINE/12-HR/Cabinets de recrutement
[2026-06-08 16:51:09] [WARN] Pas de mappage pour: SERVICES_GENERAUX - Visiteurs () - permission ignorée sur Drive ECHOLINE/12-HR/Cabinets de recrutement
[2026-06-08 16:51:09] [WARN] Pas de mappage pour: Propriétaires de SERVICES_GENERAUX () - permission ignorée sur Drive ECHOLINE/12-HR/Cabinets de recrutement
[2026-06-08 16:51:09] [WARN] Impossible de résoudre 'grp_test' dans le tenant destination - permission ignorée
[2026-06-08 16:51:09] [INFO] Traitement: /Drive ECHOLINE/12-HR/États mensuels/ (6 permission(s))
[2026-06-08 16:51:09] [INFO] === COPIE REELLE: Drive ECHOLINE/12-HR/États mensuels ===
[2026-06-08 16:51:10] [SUCCESS] Dossier cree: Drive ECHOLINE/12-HR/États mensuels
[2026-06-08 16:51:10] [DEBUG] [404] Item pas encore disponible, retry 1/3 dans 2s: Drive ECHOLINE/12-HR/États mensuels
[2026-06-08 16:51:12] [DEBUG] [404] Item pas encore disponible, retry 2/3 dans 2s: Drive ECHOLINE/12-HR/États mensuels
[2026-06-08 16:51:14] [DEBUG] [404] Item pas encore disponible, retry 3/3 dans 2s: Drive ECHOLINE/12-HR/États mensuels
[2026-06-08 16:51:16] [WARN] Impossible de récupérer l'item destination pour les droits: Drive ECHOLINE/12-HR/États mensuels - Le serveur distant a retourné une erreur : (404) Introuvable.
[2026-06-08 16:51:16] [INFO] Traitement: /Drive ECHOLINE/12-HR/Gestion des congés/ (6 permission(s))
[2026-06-08 16:51:16] [INFO] === COPIE REELLE: Drive ECHOLINE/12-HR/Gestion des congés ===
[2026-06-08 16:51:17] [ERROR] Erreur copie: Le serveur distant a retourné une erreur : (400) Demande incorrecte.
[2026-06-08 16:51:17] [WARN] Droits ignorés car copie échouée: /Drive ECHOLINE/12-HR/Gestion des congés/
[2026-06-08 16:51:17] [INFO] Traitement: /Drive ECHOLINE/12-HR/Modèles/ (6 permission(s))
[2026-06-08 16:51:17] [INFO] === COPIE REELLE: Drive ECHOLINE/12-HR/Modèles ===
[2026-06-08 16:51:18] [SUCCESS] Dossier cree: Drive ECHOLINE/12-HR/Modèles
[2026-06-08 16:51:18] [DEBUG] [404] Item pas encore disponible, retry 1/3 dans 2s: Drive ECHOLINE/12-HR/Modèles
[2026-06-08 16:51:20] [DEBUG] [404] Item pas encore disponible, retry 2/3 dans 2s: Drive ECHOLINE/12-HR/Modèles
[2026-06-08 16:51:22] [DEBUG] [404] Item pas encore disponible, retry 3/3 dans 2s: Drive ECHOLINE/12-HR/Modèles
[2026-06-08 16:51:24] [WARN] Impossible de récupérer l'item destination pour les droits: Drive ECHOLINE/12-HR/Modèles - Le serveur distant a retourné une erreur : (404) Introuvable.
[2026-06-08 16:51:24] [INFO] Traitement: /Drive ECHOLINE/12-HR/Mutuelle/ (6 permission(s))
[2026-06-08 16:51:24] [INFO] === COPIE REELLE: Drive ECHOLINE/12-HR/Mutuelle ===
[2026-06-08 16:51:25] [SUCCESS] Dossier cree: Drive ECHOLINE/12-HR/Mutuelle
[2026-06-08 16:51:25] [WARN] Impossible de résoudre 'grp_test' dans le tenant destination - permission ignorée
[2026-06-08 16:51:26] [SUCCESS] Permission appliquée: Equipe INFRA [write] -> Drive ECHOLINE/12-HR/Mutuelle
[2026-06-08 16:51:26] [SUCCESS] Permission appliquée: User 01 [write] -> Drive ECHOLINE/12-HR/Mutuelle
[2026-06-08 16:51:26] [WARN] Pas de mappage pour: SERVICES_GENERAUX - Membres () - permission ignorée sur Drive ECHOLINE/12-HR/Mutuelle
[2026-06-08 16:51:26] [WARN] Pas de mappage pour: SERVICES_GENERAUX - Visiteurs () - permission ignorée sur Drive ECHOLINE/12-HR/Mutuelle
[2026-06-08 16:51:26] [WARN] Pas de mappage pour: Propriétaires de SERVICES_GENERAUX () - permission ignorée sur Drive ECHOLINE/12-HR/Mutuelle
[2026-06-08 16:51:26] [INFO] Traitement: /Drive ECHOLINE/12-HR/OPCO/ (6 permission(s))
[2026-06-08 16:51:26] [INFO] === COPIE REELLE: Drive ECHOLINE/12-HR/OPCO ===
[2026-06-08 16:51:27] [SUCCESS] Dossier cree: Drive ECHOLINE/12-HR/OPCO
[2026-06-08 16:51:27] [WARN] Pas de mappage pour: SERVICES_GENERAUX - Visiteurs () - permission ignorée sur Drive ECHOLINE/12-HR/OPCO
[2026-06-08 16:51:27] [SUCCESS] Permission appliquée: User 01 [write] -> Drive ECHOLINE/12-HR/OPCO
[2026-06-08 16:51:27] [SUCCESS] Permission appliquée: Equipe INFRA [write] -> Drive ECHOLINE/12-HR/OPCO
[2026-06-08 16:51:27] [WARN] Impossible de résoudre 'grp_test' dans le tenant destination - permission ignorée
[2026-06-08 16:51:27] [WARN] Pas de mappage pour: Propriétaires de SERVICES_GENERAUX () - permission ignorée sur Drive ECHOLINE/12-HR/OPCO
[2026-06-08 16:51:27] [WARN] Pas de mappage pour: SERVICES_GENERAUX - Membres () - permission ignorée sur Drive ECHOLINE/12-HR/OPCO
[2026-06-08 16:51:27] [INFO] Traitement: /Drive ECHOLINE/12-HR/Salariés/ (6 permission(s))
[2026-06-08 16:51:27] [INFO] === COPIE REELLE: Drive ECHOLINE/12-HR/Salariés ===
[2026-06-08 16:51:28] [SUCCESS] Dossier cree: Drive ECHOLINE/12-HR/Salariés
[2026-06-08 16:51:29] [DEBUG] [404] Item pas encore disponible, retry 1/3 dans 2s: Drive ECHOLINE/12-HR/Salariés
[2026-06-08 16:51:31] [DEBUG] [404] Item pas encore disponible, retry 2/3 dans 2s: Drive ECHOLINE/12-HR/Salariés
[2026-06-08 16:51:33] [DEBUG] [404] Item pas encore disponible, retry 3/3 dans 2s: Drive ECHOLINE/12-HR/Salariés
[2026-06-08 16:51:35] [WARN] Impossible de récupérer l'item destination pour les droits: Drive ECHOLINE/12-HR/Salariés - Le serveur distant a retourné une erreur : (404) Introuvable.
[2026-06-08 16:51:35] [INFO] Traitement: /Drive ECHOLINE/12-HR/Test technique/ (6 permission(s))
[2026-06-08 16:51:35] [INFO] === COPIE REELLE: Drive ECHOLINE/12-HR/Test technique ===
[2026-06-08 16:51:36] [SUCCESS] Dossier cree: Drive ECHOLINE/12-HR/Test technique
[2026-06-08 16:51:36] [WARN] Pas de mappage pour: Propriétaires de SERVICES_GENERAUX () - permission ignorée sur Drive ECHOLINE/12-HR/Test technique
[2026-06-08 16:51:36] [WARN] Pas de mappage pour: SERVICES_GENERAUX - Visiteurs () - permission ignorée sur Drive ECHOLINE/12-HR/Test technique
[2026-06-08 16:51:37] [SUCCESS] Permission appliquée: Equipe INFRA [write] -> Drive ECHOLINE/12-HR/Test technique
[2026-06-08 16:51:37] [WARN] Pas de mappage pour: SERVICES_GENERAUX - Membres () - permission ignorée sur Drive ECHOLINE/12-HR/Test technique
[2026-06-08 16:51:37] [SUCCESS] Permission appliquée: User 01 [write] -> Drive ECHOLINE/12-HR/Test technique
[2026-06-08 16:51:37] [WARN] Impossible de résoudre 'grp_test' dans le tenant destination - permission ignorée
[2026-06-08 16:51:37] [INFO] Traitement: /Drive ECHOLINE/12-HR/URSSAF/ (6 permission(s))
[2026-06-08 16:51:37] [INFO] === COPIE REELLE: Drive ECHOLINE/12-HR/URSSAF ===
[2026-06-08 16:51:38] [SUCCESS] Dossier cree: Drive ECHOLINE/12-HR/URSSAF
[2026-06-08 16:51:38] [WARN] Impossible de résoudre 'grp_test' dans le tenant destination - permission ignorée
[2026-06-08 16:51:38] [SUCCESS] Permission appliquée: Equipe INFRA [write] -> Drive ECHOLINE/12-HR/URSSAF
[2026-06-08 16:51:38] [SUCCESS] Permission appliquée: User 01 [write] -> Drive ECHOLINE/12-HR/URSSAF
[2026-06-08 16:51:38] [WARN] Pas de mappage pour: SERVICES_GENERAUX - Membres () - permission ignorée sur Drive ECHOLINE/12-HR/URSSAF
[2026-06-08 16:51:38] [WARN] Pas de mappage pour: SERVICES_GENERAUX - Visiteurs () - permission ignorée sur Drive ECHOLINE/12-HR/URSSAF
[2026-06-08 16:51:38] [WARN] Pas de mappage pour: Propriétaires de SERVICES_GENERAUX () - permission ignorée sur Drive ECHOLINE/12-HR/URSSAF
[2026-06-08 16:51:38] [INFO] Traitement: /Drive ECHOLINE/13-Karnov Group/ (6 permission(s))
[2026-06-08 16:51:38] [INFO] === COPIE REELLE: Drive ECHOLINE/13-Karnov Group ===
[2026-06-08 16:51:39] [SUCCESS] Dossier cree: Drive ECHOLINE/13-Karnov Group
[2026-06-08 16:51:39] [WARN] Pas de mappage pour: Propriétaires de SERVICES_GENERAUX () - permission ignorée sur Drive ECHOLINE/13-Karnov Group
[2026-06-08 16:51:39] [WARN] Pas de mappage pour: SERVICES_GENERAUX - Visiteurs () - permission ignorée sur Drive ECHOLINE/13-Karnov Group
[2026-06-08 16:51:39] [WARN] Pas de mappage pour: SERVICES_GENERAUX - Membres () - permission ignorée sur Drive ECHOLINE/13-Karnov Group
[2026-06-08 16:51:39] [SUCCESS] Permission appliquée: User 01 [write] -> Drive ECHOLINE/13-Karnov Group
[2026-06-08 16:51:39] [SUCCESS] Permission appliquée: Equipe INFRA [write] -> Drive ECHOLINE/13-Karnov Group
[2026-06-08 16:51:39] [WARN] Impossible de résoudre 'grp_test' dans le tenant destination - permission ignorée
[2026-06-08 16:51:39] [INFO] Traitement: /Drive ECHOLINE/13-Karnov Group/ComplyLaw-Evidencia/ (6 permission(s))
[2026-06-08 16:51:39] [INFO] === COPIE REELLE: Drive ECHOLINE/13-Karnov Group/ComplyLaw-Evidencia ===
[2026-06-08 16:51:40] [SUCCESS] Dossier cree: Drive ECHOLINE/13-Karnov Group/ComplyLaw-Evidencia
[2026-06-08 16:51:40] [WARN] Impossible de résoudre 'grp_test' dans le tenant destination - permission ignorée
[2026-06-08 16:51:40] [WARN] Pas de mappage pour: SERVICES_GENERAUX - Visiteurs () - permission ignorée sur Drive ECHOLINE/13-Karnov Group/ComplyLaw-Evidencia
[2026-06-08 16:51:40] [WARN] Pas de mappage pour: SERVICES_GENERAUX - Membres () - permission ignorée sur Drive ECHOLINE/13-Karnov Group/ComplyLaw-Evidencia
[2026-06-08 16:51:41] [SUCCESS] Permission appliquée: User 01 [write] -> Drive ECHOLINE/13-Karnov Group/ComplyLaw-Evidencia
[2026-06-08 16:51:41] [SUCCESS] Permission appliquée: Equipe INFRA [write] -> Drive ECHOLINE/13-Karnov Group/ComplyLaw-Evidencia
[2026-06-08 16:51:41] [WARN] Pas de mappage pour: Propriétaires de SERVICES_GENERAUX () - permission ignorée sur Drive ECHOLINE/13-Karnov Group/ComplyLaw-Evidencia
[2026-06-08 16:51:41] [INFO] Traitement: /Drive ECHOLINE/14-Strategic Partners/ (6 permission(s))
[2026-06-08 16:51:41] [INFO] === COPIE REELLE: Drive ECHOLINE/14-Strategic Partners ===
[2026-06-08 16:51:41] [SUCCESS] Dossier cree: Drive ECHOLINE/14-Strategic Partners
[2026-06-08 16:51:41] [WARN] Pas de mappage pour: Propriétaires de SERVICES_GENERAUX () - permission ignorée sur Drive ECHOLINE/14-Strategic Partners
[2026-06-08 16:51:41] [WARN] Impossible de résoudre 'grp_test' dans le tenant destination - permission ignorée
[2026-06-08 16:51:42] [SUCCESS] Permission appliquée: Equipe INFRA [write] -> Drive ECHOLINE/14-Strategic Partners
[2026-06-08 16:51:42] [SUCCESS] Permission appliquée: User 01 [write] -> Drive ECHOLINE/14-Strategic Partners
[2026-06-08 16:51:42] [WARN] Pas de mappage pour: SERVICES_GENERAUX - Membres () - permission ignorée sur Drive ECHOLINE/14-Strategic Partners
[2026-06-08 16:51:42] [WARN] Pas de mappage pour: SERVICES_GENERAUX - Visiteurs () - permission ignorée sur Drive ECHOLINE/14-Strategic Partners
[2026-06-08 16:51:42] [INFO] Traitement: /Drive ECHOLINE/14-Strategic Partners/HSE Works (Polish partners)/ (6 permission(s))
[2026-06-08 16:51:42] [INFO] === COPIE REELLE: Drive ECHOLINE/14-Strategic Partners/HSE Works (Polish partners) ===
[2026-06-08 16:51:43] [SUCCESS] Dossier cree: Drive ECHOLINE/14-Strategic Partners/HSE Works (Polish partners)
[2026-06-08 16:51:43] [WARN] Pas de mappage pour: Propriétaires de SERVICES_GENERAUX () - permission ignorée sur Drive ECHOLINE/14-Strategic Partners/HSE Works (Polish partners)
[2026-06-08 16:51:43] [WARN] Pas de mappage pour: SERVICES_GENERAUX - Membres () - permission ignorée sur Drive ECHOLINE/14-Strategic Partners/HSE Works (Polish partners)
[2026-06-08 16:51:43] [SUCCESS] Permission appliquée: Equipe INFRA [write] -> Drive ECHOLINE/14-Strategic Partners/HSE Works (Polish partners)
[2026-06-08 16:51:43] [WARN] Impossible de résoudre 'grp_test' dans le tenant destination - permission ignorée
[2026-06-08 16:51:43] [WARN] Pas de mappage pour: SERVICES_GENERAUX - Visiteurs () - permission ignorée sur Drive ECHOLINE/14-Strategic Partners/HSE Works (Polish partners)
[2026-06-08 16:51:43] [SUCCESS] Permission appliquée: User 01 [write] -> Drive ECHOLINE/14-Strategic Partners/HSE Works (Polish partners)
[2026-06-08 16:51:43] [INFO] Traitement: /Drive ECHOLINE/PB drive/ (6 permission(s))
[2026-06-08 16:51:43] [INFO] === COPIE REELLE: Drive ECHOLINE/PB drive ===
[2026-06-08 16:51:44] [SUCCESS] Dossier cree: Drive ECHOLINE/PB drive
[2026-06-08 16:51:44] [WARN] Impossible de résoudre 'grp_test' dans le tenant destination - permission ignorée
[2026-06-08 16:51:44] [SUCCESS] Permission appliquée: Equipe INFRA [write] -> Drive ECHOLINE/PB drive
[2026-06-08 16:51:45] [SUCCESS] Permission appliquée: User 01 [write] -> Drive ECHOLINE/PB drive
[2026-06-08 16:51:45] [WARN] Pas de mappage pour: SERVICES_GENERAUX - Membres () - permission ignorée sur Drive ECHOLINE/PB drive
[2026-06-08 16:51:45] [WARN] Pas de mappage pour: SERVICES_GENERAUX - Visiteurs () - permission ignorée sur Drive ECHOLINE/PB drive
[2026-06-08 16:51:45] [WARN] Pas de mappage pour: Propriétaires de SERVICES_GENERAUX () - permission ignorée sur Drive ECHOLINE/PB drive
[2026-06-08 16:51:45] [INFO] Traitement: /Drive ECHOLINE/PB drive/00 - Archives/ (6 permission(s))
[2026-06-08 16:51:45] [INFO] === COPIE REELLE: Drive ECHOLINE/PB drive/00 - Archives ===
[2026-06-08 16:51:45] [SUCCESS] Dossier cree: Drive ECHOLINE/PB drive/00 - Archives
[2026-06-08 16:51:46] [SUCCESS] Permission appliquée: Equipe INFRA [write] -> Drive ECHOLINE/PB drive/00 - Archives
[2026-06-08 16:51:46] [WARN] Pas de mappage pour: Propriétaires de SERVICES_GENERAUX () - permission ignorée sur Drive ECHOLINE/PB drive/00 - Archives
[2026-06-08 16:51:46] [WARN] Pas de mappage pour: SERVICES_GENERAUX - Visiteurs () - permission ignorée sur Drive ECHOLINE/PB drive/00 - Archives
[2026-06-08 16:51:46] [WARN] Pas de mappage pour: SERVICES_GENERAUX - Membres () - permission ignorée sur Drive ECHOLINE/PB drive/00 - Archives
[2026-06-08 16:51:46] [SUCCESS] Permission appliquée: User 01 [write] -> Drive ECHOLINE/PB drive/00 - Archives
[2026-06-08 16:51:46] [WARN] Impossible de résoudre 'grp_test' dans le tenant destination - permission ignorée
[2026-06-08 16:51:46] [INFO] Traitement: /Drive ECHOLINE/PB drive/01 - Contrats/ (6 permission(s))
[2026-06-08 16:51:46] [INFO] === COPIE REELLE: Drive ECHOLINE/PB drive/01 - Contrats ===
[2026-06-08 16:51:47] [SUCCESS] Dossier cree: Drive ECHOLINE/PB drive/01 - Contrats
[2026-06-08 16:51:47] [WARN] Impossible de résoudre 'grp_test' dans le tenant destination - permission ignorée
[2026-06-08 16:51:47] [WARN] Pas de mappage pour: Propriétaires de SERVICES_GENERAUX () - permission ignorée sur Drive ECHOLINE/PB drive/01 - Contrats
[2026-06-08 16:51:47] [SUCCESS] Permission appliquée: Equipe INFRA [write] -> Drive ECHOLINE/PB drive/01 - Contrats
[2026-06-08 16:51:47] [WARN] Pas de mappage pour: SERVICES_GENERAUX - Visiteurs () - permission ignorée sur Drive ECHOLINE/PB drive/01 - Contrats
[2026-06-08 16:51:47] [WARN] Pas de mappage pour: SERVICES_GENERAUX - Membres () - permission ignorée sur Drive ECHOLINE/PB drive/01 - Contrats
[2026-06-08 16:51:47] [SUCCESS] Permission appliquée: User 01 [write] -> Drive ECHOLINE/PB drive/01 - Contrats
[2026-06-08 16:51:47] [INFO] Traitement: /Drive ECHOLINE/PB drive/01-Contrats & devis/ (6 permission(s))
[2026-06-08 16:51:47] [INFO] === COPIE REELLE: Drive ECHOLINE/PB drive/01-Contrats & devis ===
[2026-06-08 16:51:48] [SUCCESS] Dossier cree: Drive ECHOLINE/PB drive/01-Contrats & devis
[2026-06-08 16:51:48] [WARN] Impossible de résoudre 'grp_test' dans le tenant destination - permission ignorée
[2026-06-08 16:51:48] [SUCCESS] Permission appliquée: Equipe INFRA [write] -> Drive ECHOLINE/PB drive/01-Contrats & devis
[2026-06-08 16:51:49] [SUCCESS] Permission appliquée: User 01 [write] -> Drive ECHOLINE/PB drive/01-Contrats & devis
[2026-06-08 16:51:49] [WARN] Pas de mappage pour: SERVICES_GENERAUX - Membres () - permission ignorée sur Drive ECHOLINE/PB drive/01-Contrats & devis
[2026-06-08 16:51:49] [WARN] Pas de mappage pour: SERVICES_GENERAUX - Visiteurs () - permission ignorée sur Drive ECHOLINE/PB drive/01-Contrats & devis
[2026-06-08 16:51:49] [WARN] Pas de mappage pour: Propriétaires de SERVICES_GENERAUX () - permission ignorée sur Drive ECHOLINE/PB drive/01-Contrats & devis
[2026-06-08 16:51:49] [INFO] Traitement: /Drive ECHOLINE/PB drive/02 - Procédures et modèles/ (6 permission(s))
[2026-06-08 16:51:49] [INFO] === COPIE REELLE: Drive ECHOLINE/PB drive/02 - Procédures et modèles ===
[2026-06-08 16:51:49] [ERROR] Erreur copie: Le serveur distant a retourné une erreur : (400) Demande incorrecte.
[2026-06-08 16:51:49] [WARN] Droits ignorés car copie échouée: /Drive ECHOLINE/PB drive/02 - Procédures et modèles/
[2026-06-08 16:51:49] [INFO] Traitement: /Drive ECHOLINE/PB drive/03 - Doc. opérationnelle - Veille/ (6 permission(s))
[2026-06-08 16:51:49] [INFO] === COPIE REELLE: Drive ECHOLINE/PB drive/03 - Doc. opérationnelle - Veille ===
[2026-06-08 16:51:50] [SUCCESS] Dossier cree: Drive ECHOLINE/PB drive/03 - Doc. opérationnelle - Veille
[2026-06-08 16:51:50] [DEBUG] [404] Item pas encore disponible, retry 1/3 dans 2s: Drive ECHOLINE/PB drive/03 - Doc. opérationnelle - Veille
[2026-06-08 16:51:53] [DEBUG] [404] Item pas encore disponible, retry 2/3 dans 2s: Drive ECHOLINE/PB drive/03 - Doc. opérationnelle - Veille
[2026-06-08 16:51:55] [DEBUG] [404] Item pas encore disponible, retry 3/3 dans 2s: Drive ECHOLINE/PB drive/03 - Doc. opérationnelle - Veille
[2026-06-08 16:51:57] [WARN] Impossible de récupérer l'item destination pour les droits: Drive ECHOLINE/PB drive/03 - Doc. opérationnelle - Veille - Le serveur distant a retourné une erreur : (404) Introuvable.
[2026-06-08 16:51:57] [INFO] Traitement: /Drive ECHOLINE/PB drive/04 - Administratif/ (6 permission(s))
[2026-06-08 16:51:57] [INFO] === COPIE REELLE: Drive ECHOLINE/PB drive/04 - Administratif ===
[2026-06-08 16:51:58] [SUCCESS] Dossier cree: Drive ECHOLINE/PB drive/04 - Administratif
[2026-06-08 16:51:58] [WARN] Impossible de résoudre 'grp_test' dans le tenant destination - permission ignorée
[2026-06-08 16:51:58] [SUCCESS] Permission appliquée: Equipe INFRA [write] -> Drive ECHOLINE/PB drive/04 - Administratif
[2026-06-08 16:51:58] [SUCCESS] Permission appliquée: User 01 [write] -> Drive ECHOLINE/PB drive/04 - Administratif
[2026-06-08 16:51:58] [WARN] Pas de mappage pour: SERVICES_GENERAUX - Membres () - permission ignorée sur Drive ECHOLINE/PB drive/04 - Administratif
[2026-06-08 16:51:58] [WARN] Pas de mappage pour: SERVICES_GENERAUX - Visiteurs () - permission ignorée sur Drive ECHOLINE/PB drive/04 - Administratif
[2026-06-08 16:51:58] [WARN] Pas de mappage pour: Propriétaires de SERVICES_GENERAUX () - permission ignorée sur Drive ECHOLINE/PB drive/04 - Administratif
[2026-06-08 16:51:58] [INFO] Traitement: /Drive ECHOLINE/PB drive/06-Check-List contrôle/ (6 permission(s))
[2026-06-08 16:51:58] [INFO] === COPIE REELLE: Drive ECHOLINE/PB drive/06-Check-List contrôle ===
[2026-06-08 16:51:59] [SUCCESS] Dossier cree: Drive ECHOLINE/PB drive/06-Check-List contrôle
[2026-06-08 16:51:59] [DEBUG] [404] Item pas encore disponible, retry 1/3 dans 2s: Drive ECHOLINE/PB drive/06-Check-List contrôle
[2026-06-08 16:52:01] [DEBUG] [404] Item pas encore disponible, retry 2/3 dans 2s: Drive ECHOLINE/PB drive/06-Check-List contrôle
[2026-06-08 16:52:04] [DEBUG] [404] Item pas encore disponible, retry 3/3 dans 2s: Drive ECHOLINE/PB drive/06-Check-List contrôle
[2026-06-08 16:52:06] [WARN] Impossible de récupérer l'item destination pour les droits: Drive ECHOLINE/PB drive/06-Check-List contrôle - Le serveur distant a retourné une erreur : (404) Introuvable.
[2026-06-08 16:52:06] [INFO] Traitement: /Drive ECHOLINE/PB drive/1- Tableaux de veille/ (6 permission(s))
[2026-06-08 16:52:06] [INFO] === COPIE REELLE: Drive ECHOLINE/PB drive/1- Tableaux de veille ===
[2026-06-08 16:52:06] [SUCCESS] Dossier cree: Drive ECHOLINE/PB drive/1- Tableaux de veille
[2026-06-08 16:52:07] [WARN] Impossible de résoudre 'grp_test' dans le tenant destination - permission ignorée
[2026-06-08 16:52:07] [SUCCESS] Permission appliquée: Equipe INFRA [write] -> Drive ECHOLINE/PB drive/1- Tableaux de veille
[2026-06-08 16:52:07] [SUCCESS] Permission appliquée: User 01 [write] -> Drive ECHOLINE/PB drive/1- Tableaux de veille
[2026-06-08 16:52:07] [WARN] Pas de mappage pour: SERVICES_GENERAUX - Membres () - permission ignorée sur Drive ECHOLINE/PB drive/1- Tableaux de veille
[2026-06-08 16:52:07] [WARN] Pas de mappage pour: SERVICES_GENERAUX - Visiteurs () - permission ignorée sur Drive ECHOLINE/PB drive/1- Tableaux de veille
[2026-06-08 16:52:07] [WARN] Pas de mappage pour: Propriétaires de SERVICES_GENERAUX () - permission ignorée sur Drive ECHOLINE/PB drive/1- Tableaux de veille
[2026-06-08 16:52:07] [INFO] Traitement: /Drive ECHOLINE/PB drive/3 - Archives Lettre d'information/ (6 permission(s))
[2026-06-08 16:52:07] [INFO] === COPIE REELLE: Drive ECHOLINE/PB drive/3 - Archives Lettre d'information ===
[2026-06-08 16:52:08] [SUCCESS] Dossier cree: Drive ECHOLINE/PB drive/3 - Archives Lettre d'information
[2026-06-08 16:52:08] [WARN] Pas de mappage pour: SERVICES_GENERAUX - Visiteurs () - permission ignorée sur Drive ECHOLINE/PB drive/3 - Archives Lettre d'information
[2026-06-08 16:52:08] [WARN] Pas de mappage pour: Propriétaires de SERVICES_GENERAUX () - permission ignorée sur Drive ECHOLINE/PB drive/3 - Archives Lettre d'information
[2026-06-08 16:52:08] [SUCCESS] Permission appliquée: User 01 [write] -> Drive ECHOLINE/PB drive/3 - Archives Lettre d'information
[2026-06-08 16:52:08] [WARN] Impossible de résoudre 'grp_test' dans le tenant destination - permission ignorée
[2026-06-08 16:52:08] [SUCCESS] Permission appliquée: Equipe INFRA [write] -> Drive ECHOLINE/PB drive/3 - Archives Lettre d'information
[2026-06-08 16:52:08] [WARN] Pas de mappage pour: SERVICES_GENERAUX - Membres () - permission ignorée sur Drive ECHOLINE/PB drive/3 - Archives Lettre d'information
[2026-06-08 16:52:08] [INFO] Traitement: /Drive ECHOLINE/PB drive/4- Documentation juridique/ (6 permission(s))
[2026-06-08 16:52:08] [INFO] === COPIE REELLE: Drive ECHOLINE/PB drive/4- Documentation juridique ===
[2026-06-08 16:52:09] [SUCCESS] Dossier cree: Drive ECHOLINE/PB drive/4- Documentation juridique
[2026-06-08 16:52:09] [SUCCESS] Permission appliquée: Equipe INFRA [write] -> Drive ECHOLINE/PB drive/4- Documentation juridique
[2026-06-08 16:52:09] [SUCCESS] Permission appliquée: User 01 [write] -> Drive ECHOLINE/PB drive/4- Documentation juridique
[2026-06-08 16:52:10] [WARN] Pas de mappage pour: SERVICES_GENERAUX - Membres () - permission ignorée sur Drive ECHOLINE/PB drive/4- Documentation juridique
[2026-06-08 16:52:10] [WARN] Pas de mappage pour: SERVICES_GENERAUX - Visiteurs () - permission ignorée sur Drive ECHOLINE/PB drive/4- Documentation juridique
[2026-06-08 16:52:10] [WARN] Pas de mappage pour: Propriétaires de SERVICES_GENERAUX () - permission ignorée sur Drive ECHOLINE/PB drive/4- Documentation juridique
[2026-06-08 16:52:10] [WARN] Impossible de résoudre 'grp_test' dans le tenant destination - permission ignorée
[2026-06-08 16:52:10] [INFO] Traitement: /Drive ECHOLINE/PB drive/5- Manuel utilisateurs/ (6 permission(s))
[2026-06-08 16:52:10] [INFO] === COPIE REELLE: Drive ECHOLINE/PB drive/5- Manuel utilisateurs ===
[2026-06-08 16:52:10] [SUCCESS] Dossier cree: Drive ECHOLINE/PB drive/5- Manuel utilisateurs
[2026-06-08 16:52:11] [SUCCESS] Permission appliquée: User 01 [write] -> Drive ECHOLINE/PB drive/5- Manuel utilisateurs
[2026-06-08 16:52:11] [WARN] Pas de mappage pour: Propriétaires de SERVICES_GENERAUX () - permission ignorée sur Drive ECHOLINE/PB drive/5- Manuel utilisateurs
[2026-06-08 16:52:11] [WARN] Pas de mappage pour: SERVICES_GENERAUX - Visiteurs () - permission ignorée sur Drive ECHOLINE/PB drive/5- Manuel utilisateurs
[2026-06-08 16:52:11] [WARN] Pas de mappage pour: SERVICES_GENERAUX - Membres () - permission ignorée sur Drive ECHOLINE/PB drive/5- Manuel utilisateurs
[2026-06-08 16:52:11] [SUCCESS] Permission appliquée: Equipe INFRA [write] -> Drive ECHOLINE/PB drive/5- Manuel utilisateurs
[2026-06-08 16:52:11] [WARN] Impossible de résoudre 'grp_test' dans le tenant destination - permission ignorée
[2026-06-08 16:52:11] [INFO] Traitement: /Drive ECHOLINE/PB drive/6- Fiches thématiques/ (6 permission(s))
[2026-06-08 16:52:11] [INFO] === COPIE REELLE: Drive ECHOLINE/PB drive/6- Fiches thématiques ===
[2026-06-08 16:52:12] [SUCCESS] Dossier cree: Drive ECHOLINE/PB drive/6- Fiches thématiques
[2026-06-08 16:52:12] [DEBUG] [404] Item pas encore disponible, retry 1/3 dans 2s: Drive ECHOLINE/PB drive/6- Fiches thématiques
[2026-06-08 16:52:14] [DEBUG] [404] Item pas encore disponible, retry 2/3 dans 2s: Drive ECHOLINE/PB drive/6- Fiches thématiques
[2026-06-08 16:52:16] [DEBUG] [404] Item pas encore disponible, retry 3/3 dans 2s: Drive ECHOLINE/PB drive/6- Fiches thématiques
[2026-06-08 16:52:19] [WARN] Impossible de récupérer l'item destination pour les droits: Drive ECHOLINE/PB drive/6- Fiches thématiques - Le serveur distant a retourné une erreur : (404) Introuvable.
[2026-06-08 16:52:19] [INFO] Traitement: /Drive ECHOLINE/PB drive/ARCHIVES/ (6 permission(s))
[2026-06-08 16:52:19] [INFO] === COPIE REELLE: Drive ECHOLINE/PB drive/ARCHIVES ===
[2026-06-08 16:52:19] [SUCCESS] Dossier cree: Drive ECHOLINE/PB drive/ARCHIVES
[2026-06-08 16:52:19] [WARN] Impossible de résoudre 'grp_test' dans le tenant destination - permission ignorée
[2026-06-08 16:52:20] [SUCCESS] Permission appliquée: Equipe INFRA [write] -> Drive ECHOLINE/PB drive/ARCHIVES
[2026-06-08 16:52:20] [SUCCESS] Permission appliquée: User 01 [write] -> Drive ECHOLINE/PB drive/ARCHIVES
[2026-06-08 16:52:20] [WARN] Pas de mappage pour: SERVICES_GENERAUX - Membres () - permission ignorée sur Drive ECHOLINE/PB drive/ARCHIVES
[2026-06-08 16:52:20] [WARN] Pas de mappage pour: SERVICES_GENERAUX - Visiteurs () - permission ignorée sur Drive ECHOLINE/PB drive/ARCHIVES
[2026-06-08 16:52:20] [WARN] Pas de mappage pour: Propriétaires de SERVICES_GENERAUX () - permission ignorée sur Drive ECHOLINE/PB drive/ARCHIVES
[2026-06-08 16:52:20] [INFO] Traitement: /Drive ECHOLINE/PB drive/ARTE/ (6 permission(s))
[2026-06-08 16:52:20] [INFO] === COPIE REELLE: Drive ECHOLINE/PB drive/ARTE ===
[2026-06-08 16:52:20] [SUCCESS] Dossier cree: Drive ECHOLINE/PB drive/ARTE
[2026-06-08 16:52:21] [SUCCESS] Permission appliquée: Equipe INFRA [write] -> Drive ECHOLINE/PB drive/ARTE
[2026-06-08 16:52:21] [WARN] Pas de mappage pour: Propriétaires de SERVICES_GENERAUX () - permission ignorée sur Drive ECHOLINE/PB drive/ARTE
[2026-06-08 16:52:21] [WARN] Pas de mappage pour: SERVICES_GENERAUX - Visiteurs () - permission ignorée sur Drive ECHOLINE/PB drive/ARTE
[2026-06-08 16:52:21] [WARN] Pas de mappage pour: SERVICES_GENERAUX - Membres () - permission ignorée sur Drive ECHOLINE/PB drive/ARTE
[2026-06-08 16:52:21] [SUCCESS] Permission appliquée: User 01 [write] -> Drive ECHOLINE/PB drive/ARTE
[2026-06-08 16:52:21] [WARN] Impossible de résoudre 'grp_test' dans le tenant destination - permission ignorée
[2026-06-08 16:52:21] [INFO] Traitement: /Drive ECHOLINE/PB drive/BATISANTE SUD (AZURTECH)/ (6 permission(s))
[2026-06-08 16:52:21] [INFO] === COPIE REELLE: Drive ECHOLINE/PB drive/BATISANTE SUD (AZURTECH) ===
[2026-06-08 16:52:22] [SUCCESS] Dossier cree: Drive ECHOLINE/PB drive/BATISANTE SUD (AZURTECH)
[2026-06-08 16:52:22] [WARN] Impossible de résoudre 'grp_test' dans le tenant destination - permission ignorée
[2026-06-08 16:52:22] [WARN] Pas de mappage pour: Propriétaires de SERVICES_GENERAUX () - permission ignorée sur Drive ECHOLINE/PB drive/BATISANTE SUD (AZURTECH)
[2026-06-08 16:52:22] [WARN] Pas de mappage pour: SERVICES_GENERAUX - Visiteurs () - permission ignorée sur Drive ECHOLINE/PB drive/BATISANTE SUD (AZURTECH)
[2026-06-08 16:52:22] [WARN] Pas de mappage pour: SERVICES_GENERAUX - Membres () - permission ignorée sur Drive ECHOLINE/PB drive/BATISANTE SUD (AZURTECH)
[2026-06-08 16:52:22] [SUCCESS] Permission appliquée: Equipe INFRA [write] -> Drive ECHOLINE/PB drive/BATISANTE SUD (AZURTECH)
[2026-06-08 16:52:22] [SUCCESS] Permission appliquée: User 01 [write] -> Drive ECHOLINE/PB drive/BATISANTE SUD (AZURTECH)
[2026-06-08 16:52:22] [INFO] Traitement: /Drive ECHOLINE/PB drive/BIOCOOP/ (6 permission(s))
[2026-06-08 16:52:22] [INFO] === COPIE REELLE: Drive ECHOLINE/PB drive/BIOCOOP ===
[2026-06-08 16:52:23] [SUCCESS] Dossier cree: Drive ECHOLINE/PB drive/BIOCOOP
[2026-06-08 16:52:23] [WARN] Pas de mappage pour: Propriétaires de SERVICES_GENERAUX () - permission ignorée sur Drive ECHOLINE/PB drive/BIOCOOP
[2026-06-08 16:52:23] [WARN] Impossible de résoudre 'grp_test' dans le tenant destination - permission ignorée
[2026-06-08 16:52:24] [SUCCESS] Permission appliquée: Equipe INFRA [write] -> Drive ECHOLINE/PB drive/BIOCOOP
[2026-06-08 16:52:24] [SUCCESS] Permission appliquée: User 01 [write] -> Drive ECHOLINE/PB drive/BIOCOOP
[2026-06-08 16:52:24] [WARN] Pas de mappage pour: SERVICES_GENERAUX - Membres () - permission ignorée sur Drive ECHOLINE/PB drive/BIOCOOP
[2026-06-08 16:52:24] [WARN] Pas de mappage pour: SERVICES_GENERAUX - Visiteurs () - permission ignorée sur Drive ECHOLINE/PB drive/BIOCOOP
[2026-06-08 16:52:24] [INFO] Traitement: /Drive ECHOLINE/PB drive/Bioline - Livron sur Drôme/ (6 permission(s))
[2026-06-08 16:52:24] [INFO] === COPIE REELLE: Drive ECHOLINE/PB drive/Bioline - Livron sur Drôme ===
[2026-06-08 16:52:25] [SUCCESS] Dossier cree: Drive ECHOLINE/PB drive/Bioline - Livron sur Drôme
[2026-06-08 16:52:25] [DEBUG] [404] Item pas encore disponible, retry 1/3 dans 2s: Drive ECHOLINE/PB drive/Bioline - Livron sur Drôme
[2026-06-08 16:52:27] [DEBUG] [404] Item pas encore disponible, retry 2/3 dans 2s: Drive ECHOLINE/PB drive/Bioline - Livron sur Drôme
[2026-06-08 16:52:29] [DEBUG] [404] Item pas encore disponible, retry 3/3 dans 2s: Drive ECHOLINE/PB drive/Bioline - Livron sur Drôme
[2026-06-08 16:52:32] [WARN] Impossible de récupérer l'item destination pour les droits: Drive ECHOLINE/PB drive/Bioline - Livron sur Drôme - Le serveur distant a retourné une erreur : (404) Introuvable.
[2026-06-08 16:52:32] [INFO] Traitement: /Drive ECHOLINE/PB drive/CAE CONSEILS - SOFIDEL/ (6 permission(s))
[2026-06-08 16:52:32] [INFO] === COPIE REELLE: Drive ECHOLINE/PB drive/CAE CONSEILS - SOFIDEL ===
[2026-06-08 16:52:32] [SUCCESS] Dossier cree: Drive ECHOLINE/PB drive/CAE CONSEILS - SOFIDEL
[2026-06-08 16:52:33] [WARN] Impossible de résoudre 'grp_test' dans le tenant destination - permission ignorée
[2026-06-08 16:52:33] [SUCCESS] Permission appliquée: Equipe INFRA [write] -> Drive ECHOLINE/PB drive/CAE CONSEILS - SOFIDEL
[2026-06-08 16:52:33] [SUCCESS] Permission appliquée: User 01 [write] -> Drive ECHOLINE/PB drive/CAE CONSEILS - SOFIDEL
[2026-06-08 16:52:33] [WARN] Pas de mappage pour: SERVICES_GENERAUX - Membres () - permission ignorée sur Drive ECHOLINE/PB drive/CAE CONSEILS - SOFIDEL
[2026-06-08 16:52:33] [WARN] Pas de mappage pour: SERVICES_GENERAUX - Visiteurs () - permission ignorée sur Drive ECHOLINE/PB drive/CAE CONSEILS - SOFIDEL
[2026-06-08 16:52:33] [WARN] Pas de mappage pour: Propriétaires de SERVICES_GENERAUX () - permission ignorée sur Drive ECHOLINE/PB drive/CAE CONSEILS - SOFIDEL
[2026-06-08 16:52:33] [INFO] Traitement: /Drive ECHOLINE/PB drive/CARTIER/ (6 permission(s))
[2026-06-08 16:52:33] [INFO] === COPIE REELLE: Drive ECHOLINE/PB drive/CARTIER ===
[2026-06-08 16:52:34] [SUCCESS] Dossier cree: Drive ECHOLINE/PB drive/CARTIER
[2026-06-08 16:52:34] [SUCCESS] Permission appliquée: Equipe INFRA [write] -> Drive ECHOLINE/PB drive/CARTIER
[2026-06-08 16:52:34] [WARN] Pas de mappage pour: Propriétaires de SERVICES_GENERAUX () - permission ignorée sur Drive ECHOLINE/PB drive/CARTIER
[2026-06-08 16:52:34] [WARN] Pas de mappage pour: SERVICES_GENERAUX - Visiteurs () - permission ignorée sur Drive ECHOLINE/PB drive/CARTIER
[2026-06-08 16:52:34] [WARN] Pas de mappage pour: SERVICES_GENERAUX - Membres () - permission ignorée sur Drive ECHOLINE/PB drive/CARTIER
[2026-06-08 16:52:35] [SUCCESS] Permission appliquée: User 01 [write] -> Drive ECHOLINE/PB drive/CARTIER
[2026-06-08 16:52:35] [WARN] Impossible de résoudre 'grp_test' dans le tenant destination - permission ignorée
[2026-06-08 16:52:35] [INFO] Traitement: /Drive ECHOLINE/PB drive/CL/ (6 permission(s))
[2026-06-08 16:52:35] [INFO] === COPIE REELLE: Drive ECHOLINE/PB drive/CL ===
[2026-06-08 16:52:35] [SUCCESS] Dossier cree: Drive ECHOLINE/PB drive/CL
[2026-06-08 16:52:35] [WARN] Impossible de résoudre 'grp_test' dans le tenant destination - permission ignorée
[2026-06-08 16:52:35] [WARN] Pas de mappage pour: Propriétaires de SERVICES_GENERAUX () - permission ignorée sur Drive ECHOLINE/PB drive/CL
[2026-06-08 16:52:36] [SUCCESS] Permission appliquée: Equipe INFRA [write] -> Drive ECHOLINE/PB drive/CL
[2026-06-08 16:52:36] [WARN] Pas de mappage pour: SERVICES_GENERAUX - Visiteurs () - permission ignorée sur Drive ECHOLINE/PB drive/CL
[2026-06-08 16:52:36] [WARN] Pas de mappage pour: SERVICES_GENERAUX - Membres () - permission ignorée sur Drive ECHOLINE/PB drive/CL
[2026-06-08 16:52:36] [SUCCESS] Permission appliquée: User 01 [write] -> Drive ECHOLINE/PB drive/CL
[2026-06-08 16:52:36] [INFO] Traitement: /Drive ECHOLINE/PB drive/CLAIREFONTAINE/ (6 permission(s))
[2026-06-08 16:52:36] [INFO] === COPIE REELLE: Drive ECHOLINE/PB drive/CLAIREFONTAINE ===
[2026-06-08 16:52:37] [SUCCESS] Dossier cree: Drive ECHOLINE/PB drive/CLAIREFONTAINE
[2026-06-08 16:52:37] [WARN] Impossible de résoudre 'grp_test' dans le tenant destination - permission ignorée
[2026-06-08 16:52:37] [SUCCESS] Permission appliquée: Equipe INFRA [write] -> Drive ECHOLINE/PB drive/CLAIREFONTAINE
[2026-06-08 16:52:37] [SUCCESS] Permission appliquée: User 01 [write] -> Drive ECHOLINE/PB drive/CLAIREFONTAINE
[2026-06-08 16:52:37] [WARN] Pas de mappage pour: SERVICES_GENERAUX - Membres () - permission ignorée sur Drive ECHOLINE/PB drive/CLAIREFONTAINE
[2026-06-08 16:52:37] [WARN] Pas de mappage pour: SERVICES_GENERAUX - Visiteurs () - permission ignorée sur Drive ECHOLINE/PB drive/CLAIREFONTAINE
[2026-06-08 16:52:37] [WARN] Pas de mappage pour: Propriétaires de SERVICES_GENERAUX () - permission ignorée sur Drive ECHOLINE/PB drive/CLAIREFONTAINE
[2026-06-08 16:52:37] [INFO] Traitement: /Drive ECHOLINE/PB drive/Contrats purement RH/ (6 permission(s))
[2026-06-08 16:52:37] [INFO] === COPIE REELLE: Drive ECHOLINE/PB drive/Contrats purement RH ===
[2026-06-08 16:52:38] [SUCCESS] Dossier cree: Drive ECHOLINE/PB drive/Contrats purement RH
[2026-06-08 16:52:38] [WARN] Impossible de résoudre 'grp_test' dans le tenant destination - permission ignorée
[2026-06-08 16:52:39] [SUCCESS] Permission appliquée: Equipe INFRA [write] -> Drive ECHOLINE/PB drive/Contrats purement RH
[2026-06-08 16:52:39] [SUCCESS] Permission appliquée: User 01 [write] -> Drive ECHOLINE/PB drive/Contrats purement RH
[2026-06-08 16:52:39] [WARN] Pas de mappage pour: SERVICES_GENERAUX - Membres () - permission ignorée sur Drive ECHOLINE/PB drive/Contrats purement RH
[2026-06-08 16:52:39] [WARN] Pas de mappage pour: SERVICES_GENERAUX - Visiteurs () - permission ignorée sur Drive ECHOLINE/PB drive/Contrats purement RH
[2026-06-08 16:52:39] [WARN] Pas de mappage pour: Propriétaires de SERVICES_GENERAUX () - permission ignorée sur Drive ECHOLINE/PB drive/Contrats purement RH
[2026-06-08 16:52:39] [INFO] Traitement: /Drive ECHOLINE/PB drive/CR point initial (1)/ (6 permission(s))
[2026-06-08 16:52:39] [INFO] === COPIE REELLE: Drive ECHOLINE/PB drive/CR point initial (1) ===
[2026-06-08 16:52:39] [SUCCESS] Dossier cree: Drive ECHOLINE/PB drive/CR point initial (1)
[2026-06-08 16:52:40] [WARN] Pas de mappage pour: Propriétaires de SERVICES_GENERAUX () - permission ignorée sur Drive ECHOLINE/PB drive/CR point initial (1)
[2026-06-08 16:52:40] [WARN] Pas de mappage pour: SERVICES_GENERAUX - Visiteurs () - permission ignorée sur Drive ECHOLINE/PB drive/CR point initial (1)
[2026-06-08 16:52:40] [WARN] Pas de mappage pour: SERVICES_GENERAUX - Membres () - permission ignorée sur Drive ECHOLINE/PB drive/CR point initial (1)
[2026-06-08 16:52:40] [SUCCESS] Permission appliquée: User 01 [write] -> Drive ECHOLINE/PB drive/CR point initial (1)
[2026-06-08 16:52:40] [SUCCESS] Permission appliquée: Equipe INFRA [write] -> Drive ECHOLINE/PB drive/CR point initial (1)
[2026-06-08 16:52:40] [WARN] Impossible de résoudre 'grp_test' dans le tenant destination - permission ignorée
[2026-06-08 16:52:40] [INFO] Traitement: /Drive ECHOLINE/PB drive/CR point initial/ (6 permission(s))
[2026-06-08 16:52:40] [INFO] === COPIE REELLE: Drive ECHOLINE/PB drive/CR point initial ===
[2026-06-08 16:52:41] [SUCCESS] Dossier cree: Drive ECHOLINE/PB drive/CR point initial
[2026-06-08 16:52:41] [WARN] Impossible de résoudre 'grp_test' dans le tenant destination - permission ignorée
[2026-06-08 16:52:41] [WARN] Pas de mappage pour: SERVICES_GENERAUX - Membres () - permission ignorée sur Drive ECHOLINE/PB drive/CR point initial
[2026-06-08 16:52:41] [WARN] Pas de mappage pour: SERVICES_GENERAUX - Visiteurs () - permission ignorée sur Drive ECHOLINE/PB drive/CR point initial
[2026-06-08 16:52:41] [WARN] Pas de mappage pour: Propriétaires de SERVICES_GENERAUX () - permission ignorée sur Drive ECHOLINE/PB drive/CR point initial
[2026-06-08 16:52:41] [SUCCESS] Permission appliquée: User 01 [write] -> Drive ECHOLINE/PB drive/CR point initial
[2026-06-08 16:52:42] [SUCCESS] Permission appliquée: Equipe INFRA [write] -> Drive ECHOLINE/PB drive/CR point initial
[2026-06-08 16:52:42] [INFO] Traitement: /Drive ECHOLINE/PB drive/DERICHEBOURG ATIS/ (6 permission(s))
[2026-06-08 16:52:42] [INFO] === COPIE REELLE: Drive ECHOLINE/PB drive/DERICHEBOURG ATIS ===
[2026-06-08 16:52:42] [SUCCESS] Dossier cree: Drive ECHOLINE/PB drive/DERICHEBOURG ATIS
[2026-06-08 16:52:43] [WARN] Impossible de résoudre 'grp_test' dans le tenant destination - permission ignorée
[2026-06-08 16:52:43] [SUCCESS] Permission appliquée: Equipe INFRA [write] -> Drive ECHOLINE/PB drive/DERICHEBOURG ATIS
[2026-06-08 16:52:43] [SUCCESS] Permission appliquée: User 01 [write] -> Drive ECHOLINE/PB drive/DERICHEBOURG ATIS
[2026-06-08 16:52:43] [WARN] Pas de mappage pour: SERVICES_GENERAUX - Membres () - permission ignorée sur Drive ECHOLINE/PB drive/DERICHEBOURG ATIS
[2026-06-08 16:52:43] [WARN] Pas de mappage pour: SERVICES_GENERAUX - Visiteurs () - permission ignorée sur Drive ECHOLINE/PB drive/DERICHEBOURG ATIS
[2026-06-08 16:52:43] [WARN] Pas de mappage pour: Propriétaires de SERVICES_GENERAUX () - permission ignorée sur Drive ECHOLINE/PB drive/DERICHEBOURG ATIS
[2026-06-08 16:52:43] [INFO] Traitement: /Drive ECHOLINE/PB drive/DIOR/ (6 permission(s))
[2026-06-08 16:52:43] [INFO] === COPIE REELLE: Drive ECHOLINE/PB drive/DIOR ===
[2026-06-08 16:52:44] [SUCCESS] Dossier cree: Drive ECHOLINE/PB drive/DIOR
[2026-06-08 16:52:44] [SUCCESS] Permission appliquée: Equipe INFRA [write] -> Drive ECHOLINE/PB drive/DIOR
[2026-06-08 16:52:44] [WARN] Pas de mappage pour: Propriétaires de SERVICES_GENERAUX () - permission ignorée sur Drive ECHOLINE/PB drive/DIOR
[2026-06-08 16:52:44] [WARN] Pas de mappage pour: SERVICES_GENERAUX - Membres () - permission ignorée sur Drive ECHOLINE/PB drive/DIOR
[2026-06-08 16:52:44] [WARN] Pas de mappage pour: SERVICES_GENERAUX - Visiteurs () - permission ignorée sur Drive ECHOLINE/PB drive/DIOR
[2026-06-08 16:52:45] [SUCCESS] Permission appliquée: User 01 [write] -> Drive ECHOLINE/PB drive/DIOR
[2026-06-08 16:52:45] [WARN] Impossible de résoudre 'grp_test' dans le tenant destination - permission ignorée
[2026-06-08 16:52:45] [INFO] Traitement: /Drive ECHOLINE/PB drive/Doc veille internationale/ (6 permission(s))
[2026-06-08 16:52:45] [INFO] === COPIE REELLE: Drive ECHOLINE/PB drive/Doc veille internationale ===
[2026-06-08 16:52:45] [SUCCESS] Dossier cree: Drive ECHOLINE/PB drive/Doc veille internationale
[2026-06-08 16:52:46] [SUCCESS] Permission appliquée: Equipe INFRA [write] -> Drive ECHOLINE/PB drive/Doc veille internationale
[2026-06-08 16:52:46] [SUCCESS] Permission appliquée: User 01 [write] -> Drive ECHOLINE/PB drive/Doc veille internationale
[2026-06-08 16:52:46] [WARN] Pas de mappage pour: SERVICES_GENERAUX - Membres () - permission ignorée sur Drive ECHOLINE/PB drive/Doc veille internationale
[2026-06-08 16:52:46] [WARN] Pas de mappage pour: SERVICES_GENERAUX - Visiteurs () - permission ignorée sur Drive ECHOLINE/PB drive/Doc veille internationale
[2026-06-08 16:52:46] [WARN] Pas de mappage pour: Propriétaires de SERVICES_GENERAUX () - permission ignorée sur Drive ECHOLINE/PB drive/Doc veille internationale
[2026-06-08 16:52:46] [WARN] Impossible de résoudre 'grp_test' dans le tenant destination - permission ignorée
[2026-06-08 16:52:46] [INFO] Traitement: /Drive ECHOLINE/PB drive/ENI FRANCE/ (6 permission(s))
[2026-06-08 16:52:46] [INFO] === COPIE REELLE: Drive ECHOLINE/PB drive/ENI FRANCE ===
[2026-06-08 16:52:47] [SUCCESS] Dossier cree: Drive ECHOLINE/PB drive/ENI FRANCE
[2026-06-08 16:52:47] [SUCCESS] Permission appliquée: User 01 [write] -> Drive ECHOLINE/PB drive/ENI FRANCE
[2026-06-08 16:52:47] [WARN] Pas de mappage pour: SERVICES_GENERAUX - Membres () - permission ignorée sur Drive ECHOLINE/PB drive/ENI FRANCE
[2026-06-08 16:52:47] [WARN] Pas de mappage pour: SERVICES_GENERAUX - Visiteurs () - permission ignorée sur Drive ECHOLINE/PB drive/ENI FRANCE
[2026-06-08 16:52:47] [WARN] Pas de mappage pour: Propriétaires de SERVICES_GENERAUX () - permission ignorée sur Drive ECHOLINE/PB drive/ENI FRANCE
[2026-06-08 16:52:47] [WARN] Impossible de résoudre 'grp_test' dans le tenant destination - permission ignorée
[2026-06-08 16:52:47] [SUCCESS] Permission appliquée: Equipe INFRA [write] -> Drive ECHOLINE/PB drive/ENI FRANCE
[2026-06-08 16:52:47] [INFO] Traitement: /Drive ECHOLINE/PB drive/Exemples news extérieures/ (6 permission(s))
[2026-06-08 16:52:47] [INFO] === COPIE REELLE: Drive ECHOLINE/PB drive/Exemples news extérieures ===
[2026-06-08 16:52:48] [ERROR] Erreur copie: Le serveur distant a retourné une erreur : (400) Demande incorrecte.
[2026-06-08 16:52:48] [WARN] Droits ignorés car copie échouée: /Drive ECHOLINE/PB drive/Exemples news extérieures/
[2026-06-08 16:52:48] [INFO] Traitement: /Drive ECHOLINE/PB drive/Export txts avant report SONATA/ (6 permission(s))
[2026-06-08 16:52:48] [INFO] === COPIE REELLE: Drive ECHOLINE/PB drive/Export txts avant report SONATA ===
[2026-06-08 16:52:49] [SUCCESS] Dossier cree: Drive ECHOLINE/PB drive/Export txts avant report SONATA
[2026-06-08 16:52:49] [WARN] Pas de mappage pour: SERVICES_GENERAUX - Membres () - permission ignorée sur Drive ECHOLINE/PB drive/Export txts avant report SONATA
[2026-06-08 16:52:49] [SUCCESS] Permission appliquée: User 01 [write] -> Drive ECHOLINE/PB drive/Export txts avant report SONATA
[2026-06-08 16:52:49] [WARN] Pas de mappage pour: Propriétaires de SERVICES_GENERAUX () - permission ignorée sur Drive ECHOLINE/PB drive/Export txts avant report SONATA
[2026-06-08 16:52:49] [SUCCESS] Permission appliquée: Equipe INFRA [write] -> Drive ECHOLINE/PB drive/Export txts avant report SONATA
[2026-06-08 16:52:49] [WARN] Pas de mappage pour: SERVICES_GENERAUX - Visiteurs () - permission ignorée sur Drive ECHOLINE/PB drive/Export txts avant report SONATA
[2026-06-08 16:52:49] [WARN] Impossible de résoudre 'grp_test' dans le tenant destination - permission ignorée
[2026-06-08 16:52:49] [INFO] Traitement: /Drive ECHOLINE/PB drive/Fertiline - Loudéac/ (6 permission(s))
[2026-06-08 16:52:49] [INFO] === COPIE REELLE: Drive ECHOLINE/PB drive/Fertiline - Loudéac ===
[2026-06-08 16:52:50] [SUCCESS] Dossier cree: Drive ECHOLINE/PB drive/Fertiline - Loudéac
[2026-06-08 16:52:50] [DEBUG] [404] Item pas encore disponible, retry 1/3 dans 2s: Drive ECHOLINE/PB drive/Fertiline - Loudéac
[2026-06-08 16:52:52] [DEBUG] [404] Item pas encore disponible, retry 2/3 dans 2s: Drive ECHOLINE/PB drive/Fertiline - Loudéac
[2026-06-08 16:52:55] [DEBUG] [404] Item pas encore disponible, retry 3/3 dans 2s: Drive ECHOLINE/PB drive/Fertiline - Loudéac
[2026-06-08 16:52:57] [WARN] Impossible de récupérer l'item destination pour les droits: Drive ECHOLINE/PB drive/Fertiline - Loudéac - Le serveur distant a retourné une erreur : (404) Introuvable.
[2026-06-08 16:52:57] [INFO] Traitement: /Drive ECHOLINE/PB drive/Fiche ID (1)/ (6 permission(s))
[2026-06-08 16:52:57] [INFO] === COPIE REELLE: Drive ECHOLINE/PB drive/Fiche ID (1) ===
[2026-06-08 16:52:59] [SUCCESS] Dossier cree: Drive ECHOLINE/PB drive/Fiche ID (1)
[2026-06-08 16:52:59] [WARN] Pas de mappage pour: SERVICES_GENERAUX - Visiteurs () - permission ignorée sur Drive ECHOLINE/PB drive/Fiche ID (1)
[2026-06-08 16:52:59] [WARN] Pas de mappage pour: SERVICES_GENERAUX - Membres () - permission ignorée sur Drive ECHOLINE/PB drive/Fiche ID (1)
[2026-06-08 16:52:59] [SUCCESS] Permission appliquée: User 01 [write] -> Drive ECHOLINE/PB drive/Fiche ID (1)
[2026-06-08 16:52:59] [SUCCESS] Permission appliquée: Equipe INFRA [write] -> Drive ECHOLINE/PB drive/Fiche ID (1)
[2026-06-08 16:52:59] [WARN] Impossible de résoudre 'grp_test' dans le tenant destination - permission ignorée
[2026-06-08 16:52:59] [WARN] Pas de mappage pour: Propriétaires de SERVICES_GENERAUX () - permission ignorée sur Drive ECHOLINE/PB drive/Fiche ID (1)
[2026-06-08 16:52:59] [INFO] Traitement: /Drive ECHOLINE/PB drive/Fiche ID/ (6 permission(s))
[2026-06-08 16:52:59] [INFO] === COPIE REELLE: Drive ECHOLINE/PB drive/Fiche ID ===
[2026-06-08 16:53:00] [SUCCESS] Dossier cree: Drive ECHOLINE/PB drive/Fiche ID
[2026-06-08 16:53:00] [WARN] Impossible de résoudre 'grp_test' dans le tenant destination - permission ignorée
[2026-06-08 16:53:01] [SUCCESS] Permission appliquée: User 01 [write] -> Drive ECHOLINE/PB drive/Fiche ID
[2026-06-08 16:53:01] [WARN] Pas de mappage pour: SERVICES_GENERAUX - Membres () - permission ignorée sur Drive ECHOLINE/PB drive/Fiche ID
[2026-06-08 16:53:01] [WARN] Pas de mappage pour: SERVICES_GENERAUX - Visiteurs () - permission ignorée sur Drive ECHOLINE/PB drive/Fiche ID
[2026-06-08 16:53:01] [SUCCESS] Permission appliquée: Equipe INFRA [write] -> Drive ECHOLINE/PB drive/Fiche ID
[2026-06-08 16:53:01] [WARN] Pas de mappage pour: Propriétaires de SERVICES_GENERAUX () - permission ignorée sur Drive ECHOLINE/PB drive/Fiche ID
[2026-06-08 16:53:01] [INFO] Traitement: /Drive ECHOLINE/PB drive/Formulaire utilisateurs/ (6 permission(s))
[2026-06-08 16:53:01] [INFO] === COPIE REELLE: Drive ECHOLINE/PB drive/Formulaire utilisateurs ===
[2026-06-08 16:53:01] [SUCCESS] Dossier cree: Drive ECHOLINE/PB drive/Formulaire utilisateurs
[2026-06-08 16:53:02] [WARN] Pas de mappage pour: Propriétaires de SERVICES_GENERAUX () - permission ignorée sur Drive ECHOLINE/PB drive/Formulaire utilisateurs
[2026-06-08 16:53:02] [WARN] Pas de mappage pour: SERVICES_GENERAUX - Visiteurs () - permission ignorée sur Drive ECHOLINE/PB drive/Formulaire utilisateurs
[2026-06-08 16:53:02] [WARN] Pas de mappage pour: SERVICES_GENERAUX - Membres () - permission ignorée sur Drive ECHOLINE/PB drive/Formulaire utilisateurs
[2026-06-08 16:53:02] [SUCCESS] Permission appliquée: User 01 [write] -> Drive ECHOLINE/PB drive/Formulaire utilisateurs
[2026-06-08 16:53:02] [SUCCESS] Permission appliquée: Equipe INFRA [write] -> Drive ECHOLINE/PB drive/Formulaire utilisateurs
[2026-06-08 16:53:02] [WARN] Impossible de résoudre 'grp_test' dans le tenant destination - permission ignorée
[2026-06-08 16:53:02] [INFO] Traitement: /Drive ECHOLINE/PB drive/LOUIS VUITTON/ (6 permission(s))
[2026-06-08 16:53:02] [INFO] === COPIE REELLE: Drive ECHOLINE/PB drive/LOUIS VUITTON ===
[2026-06-08 16:53:03] [SUCCESS] Dossier cree: Drive ECHOLINE/PB drive/LOUIS VUITTON
[2026-06-08 16:53:03] [WARN] Impossible de résoudre 'grp_test' dans le tenant destination - permission ignorée
[2026-06-08 16:53:03] [WARN] Pas de mappage pour: SERVICES_GENERAUX - Visiteurs () - permission ignorée sur Drive ECHOLINE/PB drive/LOUIS VUITTON
[2026-06-08 16:53:03] [WARN] Pas de mappage pour: SERVICES_GENERAUX - Membres () - permission ignorée sur Drive ECHOLINE/PB drive/LOUIS VUITTON
[2026-06-08 16:53:03] [SUCCESS] Permission appliquée: User 01 [write] -> Drive ECHOLINE/PB drive/LOUIS VUITTON
[2026-06-08 16:53:03] [SUCCESS] Permission appliquée: Equipe INFRA [write] -> Drive ECHOLINE/PB drive/LOUIS VUITTON
[2026-06-08 16:53:03] [WARN] Pas de mappage pour: Propriétaires de SERVICES_GENERAUX () - permission ignorée sur Drive ECHOLINE/PB drive/LOUIS VUITTON
[2026-06-08 16:53:03] [INFO] Traitement: /Drive ECHOLINE/PB drive/mails - hotline directe/ (6 permission(s))
[2026-06-08 16:53:03] [INFO] === COPIE REELLE: Drive ECHOLINE/PB drive/mails - hotline directe ===
[2026-06-08 16:53:04] [SUCCESS] Dossier cree: Drive ECHOLINE/PB drive/mails - hotline directe
[2026-06-08 16:53:04] [WARN] Pas de mappage pour: Propriétaires de SERVICES_GENERAUX () - permission ignorée sur Drive ECHOLINE/PB drive/mails - hotline directe
[2026-06-08 16:53:04] [WARN] Pas de mappage pour: SERVICES_GENERAUX - Visiteurs () - permission ignorée sur Drive ECHOLINE/PB drive/mails - hotline directe
[2026-06-08 16:53:04] [WARN] Pas de mappage pour: SERVICES_GENERAUX - Membres () - permission ignorée sur Drive ECHOLINE/PB drive/mails - hotline directe
[2026-06-08 16:53:04] [SUCCESS] Permission appliquée: User 01 [write] -> Drive ECHOLINE/PB drive/mails - hotline directe
[2026-06-08 16:53:05] [SUCCESS] Permission appliquée: Equipe INFRA [write] -> Drive ECHOLINE/PB drive/mails - hotline directe
[2026-06-08 16:53:05] [WARN] Impossible de résoudre 'grp_test' dans le tenant destination - permission ignorée
[2026-06-08 16:53:05] [INFO] Traitement: /Drive ECHOLINE/PB drive/MODELES lettre info/ (6 permission(s))
[2026-06-08 16:53:05] [INFO] === COPIE REELLE: Drive ECHOLINE/PB drive/MODELES lettre info ===
[2026-06-08 16:53:05] [SUCCESS] Dossier cree: Drive ECHOLINE/PB drive/MODELES lettre info
[2026-06-08 16:53:06] [SUCCESS] Permission appliquée: Equipe INFRA [write] -> Drive ECHOLINE/PB drive/MODELES lettre info
[2026-06-08 16:53:06] [WARN] Impossible de résoudre 'grp_test' dans le tenant destination - permission ignorée
[2026-06-08 16:53:06] [WARN] Pas de mappage pour: SERVICES_GENERAUX - Membres () - permission ignorée sur Drive ECHOLINE/PB drive/MODELES lettre info
[2026-06-08 16:53:06] [WARN] Pas de mappage pour: Propriétaires de SERVICES_GENERAUX () - permission ignorée sur Drive ECHOLINE/PB drive/MODELES lettre info
[2026-06-08 16:53:06] [WARN] Pas de mappage pour: SERVICES_GENERAUX - Visiteurs () - permission ignorée sur Drive ECHOLINE/PB drive/MODELES lettre info
[2026-06-08 16:53:06] [SUCCESS] Permission appliquée: User 01 [write] -> Drive ECHOLINE/PB drive/MODELES lettre info
[2026-06-08 16:53:06] [INFO] Traitement: /Drive ECHOLINE/PB drive/NUTRITION ET SANTE/ (6 permission(s))
[2026-06-08 16:53:06] [INFO] === COPIE REELLE: Drive ECHOLINE/PB drive/NUTRITION ET SANTE ===
[2026-06-08 16:53:07] [SUCCESS] Dossier cree: Drive ECHOLINE/PB drive/NUTRITION ET SANTE
[2026-06-08 16:53:07] [SUCCESS] Permission appliquée: Equipe INFRA [write] -> Drive ECHOLINE/PB drive/NUTRITION ET SANTE
[2026-06-08 16:53:07] [WARN] Impossible de résoudre 'grp_test' dans le tenant destination - permission ignorée
[2026-06-08 16:53:07] [SUCCESS] Permission appliquée: User 01 [write] -> Drive ECHOLINE/PB drive/NUTRITION ET SANTE
[2026-06-08 16:53:08] [WARN] Pas de mappage pour: SERVICES_GENERAUX - Membres () - permission ignorée sur Drive ECHOLINE/PB drive/NUTRITION ET SANTE
[2026-06-08 16:53:08] [WARN] Pas de mappage pour: SERVICES_GENERAUX - Visiteurs () - permission ignorée sur Drive ECHOLINE/PB drive/NUTRITION ET SANTE
[2026-06-08 16:53:08] [WARN] Pas de mappage pour: Propriétaires de SERVICES_GENERAUX () - permission ignorée sur Drive ECHOLINE/PB drive/NUTRITION ET SANTE
[2026-06-08 16:53:08] [INFO] Traitement: /Drive ECHOLINE/PB drive/PIVAUDRAN/ (6 permission(s))
[2026-06-08 16:53:08] [INFO] === COPIE REELLE: Drive ECHOLINE/PB drive/PIVAUDRAN ===
[2026-06-08 16:53:08] [SUCCESS] Dossier cree: Drive ECHOLINE/PB drive/PIVAUDRAN
[2026-06-08 16:53:08] [WARN] Impossible de résoudre 'grp_test' dans le tenant destination - permission ignorée
[2026-06-08 16:53:08] [WARN] Pas de mappage pour: SERVICES_GENERAUX - Membres () - permission ignorée sur Drive ECHOLINE/PB drive/PIVAUDRAN
[2026-06-08 16:53:08] [WARN] Pas de mappage pour: SERVICES_GENERAUX - Visiteurs () - permission ignorée sur Drive ECHOLINE/PB drive/PIVAUDRAN
[2026-06-08 16:53:08] [WARN] Pas de mappage pour: Propriétaires de SERVICES_GENERAUX () - permission ignorée sur Drive ECHOLINE/PB drive/PIVAUDRAN
[2026-06-08 16:53:09] [SUCCESS] Permission appliquée: Equipe INFRA [write] -> Drive ECHOLINE/PB drive/PIVAUDRAN
[2026-06-08 16:53:09] [SUCCESS] Permission appliquée: User 01 [write] -> Drive ECHOLINE/PB drive/PIVAUDRAN
[2026-06-08 16:53:09] [INFO] Traitement: /Drive ECHOLINE/PB drive/Projets/ (6 permission(s))
[2026-06-08 16:53:09] [INFO] === COPIE REELLE: Drive ECHOLINE/PB drive/Projets ===
[2026-06-08 16:53:10] [SUCCESS] Dossier cree: Drive ECHOLINE/PB drive/Projets
[2026-06-08 16:53:10] [WARN] Pas de mappage pour: SERVICES_GENERAUX - Membres () - permission ignorée sur Drive ECHOLINE/PB drive/Projets
[2026-06-08 16:53:10] [WARN] Pas de mappage pour: Propriétaires de SERVICES_GENERAUX () - permission ignorée sur Drive ECHOLINE/PB drive/Projets
[2026-06-08 16:53:10] [WARN] Pas de mappage pour: SERVICES_GENERAUX - Visiteurs () - permission ignorée sur Drive ECHOLINE/PB drive/Projets
[2026-06-08 16:53:10] [SUCCESS] Permission appliquée: User 01 [write] -> Drive ECHOLINE/PB drive/Projets
[2026-06-08 16:53:10] [SUCCESS] Permission appliquée: Equipe INFRA [write] -> Drive ECHOLINE/PB drive/Projets
[2026-06-08 16:53:10] [WARN] Impossible de résoudre 'grp_test' dans le tenant destination - permission ignorée
[2026-06-08 16:53:10] [INFO] Traitement: /Drive ECHOLINE/PB drive/RIEN AJOUTER Dossiers clients/ (6 permission(s))
[2026-06-08 16:53:10] [INFO] === COPIE REELLE: Drive ECHOLINE/PB drive/RIEN AJOUTER Dossiers clients ===
[2026-06-08 16:53:11] [SUCCESS] Dossier cree: Drive ECHOLINE/PB drive/RIEN AJOUTER Dossiers clients
[2026-06-08 16:53:11] [WARN] Impossible de résoudre 'grp_test' dans le tenant destination - permission ignorée
[2026-06-08 16:53:11] [WARN] Pas de mappage pour: Propriétaires de SERVICES_GENERAUX () - permission ignorée sur Drive ECHOLINE/PB drive/RIEN AJOUTER Dossiers clients
[2026-06-08 16:53:11] [WARN] Pas de mappage pour: SERVICES_GENERAUX - Visiteurs () - permission ignorée sur Drive ECHOLINE/PB drive/RIEN AJOUTER Dossiers clients
[2026-06-08 16:53:11] [WARN] Pas de mappage pour: SERVICES_GENERAUX - Membres () - permission ignorée sur Drive ECHOLINE/PB drive/RIEN AJOUTER Dossiers clients
[2026-06-08 16:53:11] [SUCCESS] Permission appliquée: User 01 [write] -> Drive ECHOLINE/PB drive/RIEN AJOUTER Dossiers clients
[2026-06-08 16:53:11] [SUCCESS] Permission appliquée: Equipe INFRA [write] -> Drive ECHOLINE/PB drive/RIEN AJOUTER Dossiers clients
[2026-06-08 16:53:11] [INFO] Traitement: /Drive ECHOLINE/PB drive/SIGNAUX GIROD/ (6 permission(s))
[2026-06-08 16:53:11] [INFO] === COPIE REELLE: Drive ECHOLINE/PB drive/SIGNAUX GIROD ===
[2026-06-08 16:53:12] [SUCCESS] Dossier cree: Drive ECHOLINE/PB drive/SIGNAUX GIROD
[2026-06-08 16:53:12] [WARN] Impossible de résoudre 'grp_test' dans le tenant destination - permission ignorée
[2026-06-08 16:53:13] [SUCCESS] Permission appliquée: Equipe INFRA [write] -> Drive ECHOLINE/PB drive/SIGNAUX GIROD
[2026-06-08 16:53:13] [SUCCESS] Permission appliquée: User 01 [write] -> Drive ECHOLINE/PB drive/SIGNAUX GIROD
[2026-06-08 16:53:13] [WARN] Pas de mappage pour: SERVICES_GENERAUX - Membres () - permission ignorée sur Drive ECHOLINE/PB drive/SIGNAUX GIROD
[2026-06-08 16:53:13] [WARN] Pas de mappage pour: SERVICES_GENERAUX - Visiteurs () - permission ignorée sur Drive ECHOLINE/PB drive/SIGNAUX GIROD
[2026-06-08 16:53:13] [WARN] Pas de mappage pour: Propriétaires de SERVICES_GENERAUX () - permission ignorée sur Drive ECHOLINE/PB drive/SIGNAUX GIROD
[2026-06-08 16:53:13] [INFO] Traitement: /Drive ECHOLINE/PB drive/STERIS/ (6 permission(s))
[2026-06-08 16:53:13] [INFO] === COPIE REELLE: Drive ECHOLINE/PB drive/STERIS ===
[2026-06-08 16:53:14] [SUCCESS] Dossier cree: Drive ECHOLINE/PB drive/STERIS
[2026-06-08 16:53:14] [SUCCESS] Permission appliquée: Equipe INFRA [write] -> Drive ECHOLINE/PB drive/STERIS
[2026-06-08 16:53:14] [SUCCESS] Permission appliquée: User 01 [write] -> Drive ECHOLINE/PB drive/STERIS
[2026-06-08 16:53:14] [WARN] Pas de mappage pour: SERVICES_GENERAUX - Membres () - permission ignorée sur Drive ECHOLINE/PB drive/STERIS
[2026-06-08 16:53:14] [WARN] Pas de mappage pour: Propriétaires de SERVICES_GENERAUX () - permission ignorée sur Drive ECHOLINE/PB drive/STERIS
[2026-06-08 16:53:14] [WARN] Pas de mappage pour: SERVICES_GENERAUX - Visiteurs () - permission ignorée sur Drive ECHOLINE/PB drive/STERIS
[2026-06-08 16:53:14] [WARN] Impossible de résoudre 'grp_test' dans le tenant destination - permission ignorée
[2026-06-08 16:53:14] [INFO] Traitement: /Drive ECHOLINE/PB drive/THYSSENKRUPP/ (6 permission(s))
[2026-06-08 16:53:14] [INFO] === COPIE REELLE: Drive ECHOLINE/PB drive/THYSSENKRUPP ===
[2026-06-08 16:53:15] [SUCCESS] Dossier cree: Drive ECHOLINE/PB drive/THYSSENKRUPP
[2026-06-08 16:53:15] [SUCCESS] Permission appliquée: Equipe INFRA [write] -> Drive ECHOLINE/PB drive/THYSSENKRUPP
[2026-06-08 16:53:15] [SUCCESS] Permission appliquée: User 01 [write] -> Drive ECHOLINE/PB drive/THYSSENKRUPP
[2026-06-08 16:53:15] [WARN] Pas de mappage pour: SERVICES_GENERAUX - Membres () - permission ignorée sur Drive ECHOLINE/PB drive/THYSSENKRUPP
[2026-06-08 16:53:15] [WARN] Pas de mappage pour: SERVICES_GENERAUX - Visiteurs () - permission ignorée sur Drive ECHOLINE/PB drive/THYSSENKRUPP
[2026-06-08 16:53:15] [WARN] Pas de mappage pour: Propriétaires de SERVICES_GENERAUX () - permission ignorée sur Drive ECHOLINE/PB drive/THYSSENKRUPP
[2026-06-08 16:53:15] [WARN] Impossible de résoudre 'grp_test' dans le tenant destination - permission ignorée
[2026-06-08 16:53:15] [INFO] Traitement: /Drive ECHOLINE/PB drive/Union Invivo - Montoir de Bretagne/ (6 permission(s))
[2026-06-08 16:53:15] [INFO] === COPIE REELLE: Drive ECHOLINE/PB drive/Union Invivo - Montoir de Bretagne ===
[2026-06-08 16:53:16] [SUCCESS] Dossier cree: Drive ECHOLINE/PB drive/Union Invivo - Montoir de Bretagne
[2026-06-08 16:53:16] [SUCCESS] Permission appliquée: User 01 [write] -> Drive ECHOLINE/PB drive/Union Invivo - Montoir de Bretagne
[2026-06-08 16:53:16] [WARN] Pas de mappage pour: SERVICES_GENERAUX - Membres () - permission ignorée sur Drive ECHOLINE/PB drive/Union Invivo - Montoir de Bretagne
[2026-06-08 16:53:16] [WARN] Pas de mappage pour: SERVICES_GENERAUX - Visiteurs () - permission ignorée sur Drive ECHOLINE/PB drive/Union Invivo - Montoir de Bretagne
[2026-06-08 16:53:16] [WARN] Impossible de résoudre 'grp_test' dans le tenant destination - permission ignorée
[2026-06-08 16:53:17] [SUCCESS] Permission appliquée: Equipe INFRA [write] -> Drive ECHOLINE/PB drive/Union Invivo - Montoir de Bretagne
[2026-06-08 16:53:17] [WARN] Pas de mappage pour: Propriétaires de SERVICES_GENERAUX () - permission ignorée sur Drive ECHOLINE/PB drive/Union Invivo - Montoir de Bretagne
[2026-06-08 16:53:17] [INFO] Traitement: /Drive ECHOLINE/PB drive/Union Invivo - Nantes/ (6 permission(s))
[2026-06-08 16:53:17] [INFO] === COPIE REELLE: Drive ECHOLINE/PB drive/Union Invivo - Nantes ===
[2026-06-08 16:53:17] [SUCCESS] Dossier cree: Drive ECHOLINE/PB drive/Union Invivo - Nantes
[2026-06-08 16:53:18] [SUCCESS] Permission appliquée: Equipe INFRA [write] -> Drive ECHOLINE/PB drive/Union Invivo - Nantes
[2026-06-08 16:53:18] [SUCCESS] Permission appliquée: User 01 [write] -> Drive ECHOLINE/PB drive/Union Invivo - Nantes
[2026-06-08 16:53:18] [WARN] Pas de mappage pour: SERVICES_GENERAUX - Membres () - permission ignorée sur Drive ECHOLINE/PB drive/Union Invivo - Nantes
[2026-06-08 16:53:18] [WARN] Pas de mappage pour: SERVICES_GENERAUX - Visiteurs () - permission ignorée sur Drive ECHOLINE/PB drive/Union Invivo - Nantes
[2026-06-08 16:53:18] [WARN] Pas de mappage pour: Propriétaires de SERVICES_GENERAUX () - permission ignorée sur Drive ECHOLINE/PB drive/Union Invivo - Nantes
[2026-06-08 16:53:18] [WARN] Impossible de résoudre 'grp_test' dans le tenant destination - permission ignorée
[2026-06-08 16:53:18] [INFO] Traitement: /Drive ECHOLINE/PB drive/Union Invivo - Saint-usage/ (6 permission(s))
[2026-06-08 16:53:18] [INFO] === COPIE REELLE: Drive ECHOLINE/PB drive/Union Invivo - Saint-usage ===
[2026-06-08 16:53:19] [SUCCESS] Dossier cree: Drive ECHOLINE/PB drive/Union Invivo - Saint-usage
[2026-06-08 16:53:19] [WARN] Pas de mappage pour: Propriétaires de SERVICES_GENERAUX () - permission ignorée sur Drive ECHOLINE/PB drive/Union Invivo - Saint-usage
[2026-06-08 16:53:19] [WARN] Impossible de résoudre 'grp_test' dans le tenant destination - permission ignorée
[2026-06-08 16:53:19] [SUCCESS] Permission appliquée: Equipe INFRA [write] -> Drive ECHOLINE/PB drive/Union Invivo - Saint-usage
[2026-06-08 16:53:19] [SUCCESS] Permission appliquée: User 01 [write] -> Drive ECHOLINE/PB drive/Union Invivo - Saint-usage
[2026-06-08 16:53:19] [WARN] Pas de mappage pour: SERVICES_GENERAUX - Membres () - permission ignorée sur Drive ECHOLINE/PB drive/Union Invivo - Saint-usage
[2026-06-08 16:53:19] [WARN] Pas de mappage pour: SERVICES_GENERAUX - Visiteurs () - permission ignorée sur Drive ECHOLINE/PB drive/Union Invivo - Saint-usage
[2026-06-08 16:53:19] [INFO] Traitement: /Drive ECHOLINE/PB drive/Union Invivo Chalon en Champagne/ (6 permission(s))
[2026-06-08 16:53:19] [INFO] === COPIE REELLE: Drive ECHOLINE/PB drive/Union Invivo Chalon en Champagne ===
[2026-06-08 16:53:20] [SUCCESS] Dossier cree: Drive ECHOLINE/PB drive/Union Invivo Chalon en Champagne
[2026-06-08 16:53:20] [WARN] Impossible de résoudre 'grp_test' dans le tenant destination - permission ignorée
[2026-06-08 16:53:20] [SUCCESS] Permission appliquée: User 01 [write] -> Drive ECHOLINE/PB drive/Union Invivo Chalon en Champagne
[2026-06-08 16:53:21] [WARN] Pas de mappage pour: SERVICES_GENERAUX - Membres () - permission ignorée sur Drive ECHOLINE/PB drive/Union Invivo Chalon en Champagne
[2026-06-08 16:53:21] [WARN] Pas de mappage pour: SERVICES_GENERAUX - Visiteurs () - permission ignorée sur Drive ECHOLINE/PB drive/Union Invivo Chalon en Champagne
[2026-06-08 16:53:21] [SUCCESS] Permission appliquée: Equipe INFRA [write] -> Drive ECHOLINE/PB drive/Union Invivo Chalon en Champagne
[2026-06-08 16:53:21] [WARN] Pas de mappage pour: Propriétaires de SERVICES_GENERAUX () - permission ignorée sur Drive ECHOLINE/PB drive/Union Invivo Chalon en Champagne
[2026-06-08 16:53:21] [INFO] Traitement: /Drive ECHOLINE/PB drive/Union Invivo Metz/ (6 permission(s))
[2026-06-08 16:53:21] [INFO] === COPIE REELLE: Drive ECHOLINE/PB drive/Union Invivo Metz ===
[2026-06-08 16:53:21] [SUCCESS] Dossier cree: Drive ECHOLINE/PB drive/Union Invivo Metz
[2026-06-08 16:53:22] [WARN] Pas de mappage pour: SERVICES_GENERAUX - Membres () - permission ignorée sur Drive ECHOLINE/PB drive/Union Invivo Metz
[2026-06-08 16:53:22] [WARN] Pas de mappage pour: Propriétaires de SERVICES_GENERAUX () - permission ignorée sur Drive ECHOLINE/PB drive/Union Invivo Metz
[2026-06-08 16:53:22] [WARN] Pas de mappage pour: SERVICES_GENERAUX - Visiteurs () - permission ignorée sur Drive ECHOLINE/PB drive/Union Invivo Metz
[2026-06-08 16:53:22] [SUCCESS] Permission appliquée: User 01 [write] -> Drive ECHOLINE/PB drive/Union Invivo Metz
[2026-06-08 16:53:22] [SUCCESS] Permission appliquée: Equipe INFRA [write] -> Drive ECHOLINE/PB drive/Union Invivo Metz
[2026-06-08 16:53:22] [WARN] Impossible de résoudre 'grp_test' dans le tenant destination - permission ignorée
[2026-06-08 16:53:22] [INFO] Traitement: /Drive ECHOLINE/PB drive/VALOREM/ (6 permission(s))
[2026-06-08 16:53:22] [INFO] === COPIE REELLE: Drive ECHOLINE/PB drive/VALOREM ===
[2026-06-08 16:53:23] [SUCCESS] Dossier cree: Drive ECHOLINE/PB drive/VALOREM
[2026-06-08 16:53:23] [WARN] Impossible de résoudre 'grp_test' dans le tenant destination - permission ignorée
[2026-06-08 16:53:23] [WARN] Pas de mappage pour: Propriétaires de SERVICES_GENERAUX () - permission ignorée sur Drive ECHOLINE/PB drive/VALOREM
[2026-06-08 16:53:23] [WARN] Pas de mappage pour: SERVICES_GENERAUX - Membres () - permission ignorée sur Drive ECHOLINE/PB drive/VALOREM
[2026-06-08 16:53:23] [SUCCESS] Permission appliquée: User 01 [write] -> Drive ECHOLINE/PB drive/VALOREM
[2026-06-08 16:53:24] [SUCCESS] Permission appliquée: Equipe INFRA [write] -> Drive ECHOLINE/PB drive/VALOREM
[2026-06-08 16:53:24] [WARN] Pas de mappage pour: SERVICES_GENERAUX - Visiteurs () - permission ignorée sur Drive ECHOLINE/PB drive/VALOREM
[2026-06-08 16:53:24] [INFO] Traitement: /Drive ECHOLINE/PB drive/VILLEROY ET BOCH/ (6 permission(s))
[2026-06-08 16:53:24] [INFO] === COPIE REELLE: Drive ECHOLINE/PB drive/VILLEROY ET BOCH ===
[2026-06-08 16:53:24] [SUCCESS] Dossier cree: Drive ECHOLINE/PB drive/VILLEROY ET BOCH
[2026-06-08 16:53:25] [WARN] Pas de mappage pour: Propriétaires de SERVICES_GENERAUX () - permission ignorée sur Drive ECHOLINE/PB drive/VILLEROY ET BOCH
[2026-06-08 16:53:25] [WARN] Pas de mappage pour: SERVICES_GENERAUX - Visiteurs () - permission ignorée sur Drive ECHOLINE/PB drive/VILLEROY ET BOCH
[2026-06-08 16:53:25] [WARN] Pas de mappage pour: SERVICES_GENERAUX - Membres () - permission ignorée sur Drive ECHOLINE/PB drive/VILLEROY ET BOCH
[2026-06-08 16:53:25] [SUCCESS] Permission appliquée: User 01 [write] -> Drive ECHOLINE/PB drive/VILLEROY ET BOCH
[2026-06-08 16:53:25] [SUCCESS] Permission appliquée: Equipe INFRA [write] -> Drive ECHOLINE/PB drive/VILLEROY ET BOCH
[2026-06-08 16:53:25] [WARN] Impossible de résoudre 'grp_test' dans le tenant destination - permission ignorée
[2026-06-08 16:53:25] [INFO] Traitement: /Drive ECHOLINE/PB drive/Visites/ (6 permission(s))
[2026-06-08 16:53:25] [INFO] === COPIE REELLE: Drive ECHOLINE/PB drive/Visites ===
[2026-06-08 16:53:26] [SUCCESS] Dossier cree: Drive ECHOLINE/PB drive/Visites
[2026-06-08 16:53:26] [SUCCESS] Permission appliquée: Equipe INFRA [write] -> Drive ECHOLINE/PB drive/Visites
[2026-06-08 16:53:26] [WARN] Impossible de résoudre 'grp_test' dans le tenant destination - permission ignorée
[2026-06-08 16:53:26] [WARN] Pas de mappage pour: SERVICES_GENERAUX - Membres () - permission ignorée sur Drive ECHOLINE/PB drive/Visites
[2026-06-08 16:53:26] [WARN] Pas de mappage pour: Propriétaires de SERVICES_GENERAUX () - permission ignorée sur Drive ECHOLINE/PB drive/Visites
[2026-06-08 16:53:26] [WARN] Pas de mappage pour: SERVICES_GENERAUX - Visiteurs () - permission ignorée sur Drive ECHOLINE/PB drive/Visites
[2026-06-08 16:53:26] [SUCCESS] Permission appliquée: User 01 [write] -> Drive ECHOLINE/PB drive/Visites
[2026-06-08 16:53:26] [INFO] Traitement: /emailaddress.csv (5 permission(s))
[2026-06-08 16:53:26] [INFO] === COPIE REELLE: emailaddress.csv ===
[2026-06-08 16:53:27] [SUCCESS] === FICHIER COPIE AVEC SUCCES: emailaddress.csv ===
[2026-06-08 16:53:28] [WARN] Pas de mappage pour: Propriétaires de SERVICES_GENERAUX () - permission ignorée sur emailaddress.csv
[2026-06-08 16:53:28] [WARN] Pas de mappage pour: SERVICES_GENERAUX - Membres () - permission ignorée sur emailaddress.csv
[2026-06-08 16:53:28] [SUCCESS] Permission appliquée: Equipe INFRA [write] -> emailaddress.csv
[2026-06-08 16:53:28] [WARN] Impossible de résoudre 'grp_test' dans le tenant destination - permission ignorée
[2026-06-08 16:53:28] [WARN] Pas de mappage pour: SERVICES_GENERAUX - Visiteurs () - permission ignorée sur emailaddress.csv
[2026-06-08 16:53:28] [INFO] Traitement: /Members_.csv (5 permission(s))
[2026-06-08 16:53:28] [INFO] === COPIE REELLE: Members_.csv ===
[2026-06-08 16:53:29] [SUCCESS] === FICHIER COPIE AVEC SUCCES: Members_.csv ===
[2026-06-08 16:53:29] [WARN] Pas de mappage pour: Propriétaires de SERVICES_GENERAUX () - permission ignorée sur Members_.csv
[2026-06-08 16:53:29] [WARN] Pas de mappage pour: SERVICES_GENERAUX - Visiteurs () - permission ignorée sur Members_.csv
[2026-06-08 16:53:29] [SUCCESS] Permission appliquée: Equipe INFRA [write] -> Members_.csv
[2026-06-08 16:53:29] [WARN] Impossible de résoudre 'grp_test' dans le tenant destination - permission ignorée
[2026-06-08 16:53:29] [WARN] Pas de mappage pour: SERVICES_GENERAUX - Membres () - permission ignorée sur Members_.csv
[2026-06-08 16:53:29] [INFO] Traitement: /Members_support.csv (5 permission(s))
[2026-06-08 16:53:29] [INFO] === COPIE REELLE: Members_support.csv ===
[2026-06-08 16:53:30] [SUCCESS] === FICHIER COPIE AVEC SUCCES: Members_support.csv ===
[2026-06-08 16:53:31] [SUCCESS] Permission appliquée: Equipe INFRA [write] -> Members_support.csv
[2026-06-08 16:53:31] [WARN] Pas de mappage pour: Propriétaires de SERVICES_GENERAUX () - permission ignorée sur Members_support.csv
[2026-06-08 16:53:31] [WARN] Pas de mappage pour: SERVICES_GENERAUX - Visiteurs () - permission ignorée sur Members_support.csv
[2026-06-08 16:53:31] [WARN] Pas de mappage pour: SERVICES_GENERAUX - Membres () - permission ignorée sur Members_support.csv
[2026-06-08 16:53:31] [WARN] Impossible de résoudre 'grp_test' dans le tenant destination - permission ignorée
[2026-06-08 16:53:31] [INFO] Traitement: /SCRIPT/ (5 permission(s))
[2026-06-08 16:53:31] [INFO] === COPIE REELLE: SCRIPT ===
[2026-06-08 16:53:31] [SUCCESS] Dossier cree: SCRIPT
[2026-06-08 16:53:31] [WARN] Pas de mappage pour: SERVICES_GENERAUX - Membres () - permission ignorée sur SCRIPT
[2026-06-08 16:53:31] [WARN] Pas de mappage pour: SERVICES_GENERAUX - Visiteurs () - permission ignorée sur SCRIPT
[2026-06-08 16:53:31] [WARN] Impossible de résoudre 'grp_test' dans le tenant destination - permission ignorée
[2026-06-08 16:53:31] [WARN] Pas de mappage pour: Propriétaires de SERVICES_GENERAUX () - permission ignorée sur SCRIPT
[2026-06-08 16:53:31] [SUCCESS] Permission appliquée: Equipe INFRA [write] -> SCRIPT
[2026-06-08 16:53:32] [INFO] Traitement: /SCRIPT/ajout_DKIM_PS.txt (5 permission(s))
[2026-06-08 16:53:32] [INFO] === COPIE REELLE: SCRIPT/ajout_DKIM_PS.txt ===
[2026-06-08 16:53:33] [SUCCESS] === FICHIER COPIE AVEC SUCCES: SCRIPT/ajout_DKIM_PS.txt ===
[2026-06-08 16:53:33] [WARN] Pas de mappage pour: Propriétaires de SERVICES_GENERAUX () - permission ignorée sur SCRIPT/ajout_DKIM_PS.txt
[2026-06-08 16:53:33] [WARN] Pas de mappage pour: SERVICES_GENERAUX - Visiteurs () - permission ignorée sur SCRIPT/ajout_DKIM_PS.txt
[2026-06-08 16:53:33] [WARN] Pas de mappage pour: SERVICES_GENERAUX - Membres () - permission ignorée sur SCRIPT/ajout_DKIM_PS.txt
[2026-06-08 16:53:33] [SUCCESS] Permission appliquée: Equipe INFRA [write] -> SCRIPT/ajout_DKIM_PS.txt
[2026-06-08 16:53:33] [WARN] Impossible de résoudre 'grp_test' dans le tenant destination - permission ignorée
[2026-06-08 16:53:33] [INFO] Traitement: /SCRIPT/conf_POSTFIX_Domaine.txt (5 permission(s))
[2026-06-08 16:53:33] [INFO] === COPIE REELLE: SCRIPT/conf_POSTFIX_Domaine.txt ===
[2026-06-08 16:53:34] [SUCCESS] === FICHIER COPIE AVEC SUCCES: SCRIPT/conf_POSTFIX_Domaine.txt ===
[2026-06-08 16:53:34] [WARN] Pas de mappage pour: SERVICES_GENERAUX - Visiteurs () - permission ignorée sur SCRIPT/conf_POSTFIX_Domaine.txt
[2026-06-08 16:53:34] [WARN] Pas de mappage pour: SERVICES_GENERAUX - Membres () - permission ignorée sur SCRIPT/conf_POSTFIX_Domaine.txt
[2026-06-08 16:53:34] [WARN] Impossible de résoudre 'grp_test' dans le tenant destination - permission ignorée
[2026-06-08 16:53:35] [SUCCESS] Permission appliquée: Equipe INFRA [write] -> SCRIPT/conf_POSTFIX_Domaine.txt
[2026-06-08 16:53:35] [WARN] Pas de mappage pour: Propriétaires de SERVICES_GENERAUX () - permission ignorée sur SCRIPT/conf_POSTFIX_Domaine.txt
[2026-06-08 16:53:35] [INFO] Traitement: /SCRIPT/EOm8Q~EPBhXvVx5eeRrXdYK5wljgxyS6bGm.txt (5 permission(s))
[2026-06-08 16:53:35] [INFO] === COPIE REELLE: SCRIPT/EOm8Q~EPBhXvVx5eeRrXdYK5wljgxyS6bGm.txt ===
[2026-06-08 16:53:36] [SUCCESS] === FICHIER COPIE AVEC SUCCES: SCRIPT/EOm8Q~EPBhXvVx5eeRrXdYK5wljgxyS6bGm.txt ===
[2026-06-08 16:53:36] [WARN] Pas de mappage pour: Propriétaires de SERVICES_GENERAUX () - permission ignorée sur SCRIPT/EOm8Q~EPBhXvVx5eeRrXdYK5wljgxyS6bGm.txt
[2026-06-08 16:53:36] [WARN] Pas de mappage pour: SERVICES_GENERAUX - Visiteurs () - permission ignorée sur SCRIPT/EOm8Q~EPBhXvVx5eeRrXdYK5wljgxyS6bGm.txt
[2026-06-08 16:53:36] [WARN] Pas de mappage pour: SERVICES_GENERAUX - Membres () - permission ignorée sur SCRIPT/EOm8Q~EPBhXvVx5eeRrXdYK5wljgxyS6bGm.txt
[2026-06-08 16:53:36] [SUCCESS] Permission appliquée: Equipe INFRA [write] -> SCRIPT/EOm8Q~EPBhXvVx5eeRrXdYK5wljgxyS6bGm.txt
[2026-06-08 16:53:36] [WARN] Impossible de résoudre 'grp_test' dans le tenant destination - permission ignorée
[2026-06-08 16:53:36] [INFO] Traitement: /SCRIPT/Extraction_AD_BAUNETZ.ps1 (5 permission(s))
[2026-06-08 16:53:36] [INFO] === COPIE REELLE: SCRIPT/Extraction_AD_BAUNETZ.ps1 ===
[2026-06-08 16:53:38] [SUCCESS] === FICHIER COPIE AVEC SUCCES: SCRIPT/Extraction_AD_BAUNETZ.ps1 ===
[2026-06-08 16:53:38] [SUCCESS] Permission appliquée: Equipe INFRA [write] -> SCRIPT/Extraction_AD_BAUNETZ.ps1
[2026-06-08 16:53:38] [WARN] Impossible de résoudre 'grp_test' dans le tenant destination - permission ignorée
[2026-06-08 16:53:38] [WARN] Pas de mappage pour: SERVICES_GENERAUX - Visiteurs () - permission ignorée sur SCRIPT/Extraction_AD_BAUNETZ.ps1
[2026-06-08 16:53:38] [WARN] Pas de mappage pour: Propriétaires de SERVICES_GENERAUX () - permission ignorée sur SCRIPT/Extraction_AD_BAUNETZ.ps1
[2026-06-08 16:53:38] [WARN] Pas de mappage pour: SERVICES_GENERAUX - Membres () - permission ignorée sur SCRIPT/Extraction_AD_BAUNETZ.ps1
[2026-06-08 16:53:38] [INFO] Traitement: /SCRIPT/import_onedrive.csv (5 permission(s))
[2026-06-08 16:53:38] [INFO] === COPIE REELLE: SCRIPT/import_onedrive.csv ===
[2026-06-08 16:53:39] [SUCCESS] === FICHIER COPIE AVEC SUCCES: SCRIPT/import_onedrive.csv ===
[2026-06-08 16:53:39] [WARN] Pas de mappage pour: Propriétaires de SERVICES_GENERAUX () - permission ignorée sur SCRIPT/import_onedrive.csv
[2026-06-08 16:53:39] [WARN] Pas de mappage pour: SERVICES_GENERAUX - Visiteurs () - permission ignorée sur SCRIPT/import_onedrive.csv
[2026-06-08 16:53:39] [WARN] Pas de mappage pour: SERVICES_GENERAUX - Membres () - permission ignorée sur SCRIPT/import_onedrive.csv
[2026-06-08 16:53:40] [SUCCESS] Permission appliquée: Equipe INFRA [write] -> SCRIPT/import_onedrive.csv
[2026-06-08 16:53:40] [WARN] Impossible de résoudre 'grp_test' dans le tenant destination - permission ignorée
[2026-06-08 16:53:40] [INFO] Traitement: /SCRIPT/mail_secondaire.csv (5 permission(s))
[2026-06-08 16:53:40] [INFO] === COPIE REELLE: SCRIPT/mail_secondaire.csv ===
[2026-06-08 16:53:41] [SUCCESS] === FICHIER COPIE AVEC SUCCES: SCRIPT/mail_secondaire.csv ===
[2026-06-08 16:53:41] [WARN] Impossible de résoudre 'grp_test' dans le tenant destination - permission ignorée
[2026-06-08 16:53:41] [WARN] Pas de mappage pour: Propriétaires de SERVICES_GENERAUX () - permission ignorée sur SCRIPT/mail_secondaire.csv
[2026-06-08 16:53:41] [WARN] Pas de mappage pour: SERVICES_GENERAUX - Visiteurs () - permission ignorée sur SCRIPT/mail_secondaire.csv
[2026-06-08 16:53:41] [WARN] Pas de mappage pour: SERVICES_GENERAUX - Membres () - permission ignorée sur SCRIPT/mail_secondaire.csv
[2026-06-08 16:53:41] [SUCCESS] Permission appliquée: Equipe INFRA [write] -> SCRIPT/mail_secondaire.csv
[2026-06-08 16:53:41] [INFO] Traitement: /SCRIPT/migrationwiz_import_email_email (1).csv (5 permission(s))
[2026-06-08 16:53:41] [INFO] === COPIE REELLE: SCRIPT/migrationwiz_import_email_email (1).csv ===
[2026-06-08 16:53:42] [SUCCESS] === FICHIER COPIE AVEC SUCCES: SCRIPT/migrationwiz_import_email_email (1).csv ===
[2026-06-08 16:53:42] [WARN] Pas de mappage pour: SERVICES_GENERAUX - Visiteurs () - permission ignorée sur SCRIPT/migrationwiz_import_email_email (1).csv
[2026-06-08 16:53:42] [WARN] Pas de mappage pour: SERVICES_GENERAUX - Membres () - permission ignorée sur SCRIPT/migrationwiz_import_email_email (1).csv
[2026-06-08 16:53:43] [SUCCESS] Permission appliquée: Equipe INFRA [write] -> SCRIPT/migrationwiz_import_email_email (1).csv
[2026-06-08 16:53:43] [WARN] Pas de mappage pour: Propriétaires de SERVICES_GENERAUX () - permission ignorée sur SCRIPT/migrationwiz_import_email_email (1).csv
[2026-06-08 16:53:43] [WARN] Impossible de résoudre 'grp_test' dans le tenant destination - permission ignorée
[2026-06-08 16:53:43] [INFO] Traitement: /SCRIPT/Murge_BAL_Important!!.txt (5 permission(s))
[2026-06-08 16:53:43] [INFO] === COPIE REELLE: SCRIPT/Murge_BAL_Important!!.txt ===
[2026-06-08 16:53:44] [SUCCESS] === FICHIER COPIE AVEC SUCCES: SCRIPT/Murge_BAL_Important!!.txt ===
[2026-06-08 16:53:44] [WARN] Pas de mappage pour: Propriétaires de SERVICES_GENERAUX () - permission ignorée sur SCRIPT/Murge_BAL_Important!!.txt
[2026-06-08 16:53:44] [WARN] Pas de mappage pour: SERVICES_GENERAUX - Visiteurs () - permission ignorée sur SCRIPT/Murge_BAL_Important!!.txt
[2026-06-08 16:53:44] [SUCCESS] Permission appliquée: Equipe INFRA [write] -> SCRIPT/Murge_BAL_Important!!.txt
[2026-06-08 16:53:44] [WARN] Impossible de résoudre 'grp_test' dans le tenant destination - permission ignorée
[2026-06-08 16:53:44] [WARN] Pas de mappage pour: SERVICES_GENERAUX - Membres () - permission ignorée sur SCRIPT/Murge_BAL_Important!!.txt
[2026-06-08 16:53:44] [INFO] Traitement: /SCRIPT/nouveau 10.txt (5 permission(s))
[2026-06-08 16:53:44] [INFO] === COPIE REELLE: SCRIPT/nouveau 10.txt ===
[2026-06-08 16:53:45] [SUCCESS] === FICHIER COPIE AVEC SUCCES: SCRIPT/nouveau 10.txt ===
[2026-06-08 16:53:45] [WARN] Pas de mappage pour: Propriétaires de SERVICES_GENERAUX () - permission ignorée sur SCRIPT/nouveau 10.txt
[2026-06-08 16:53:45] [WARN] Pas de mappage pour: SERVICES_GENERAUX - Membres () - permission ignorée sur SCRIPT/nouveau 10.txt
[2026-06-08 16:53:46] [SUCCESS] Permission appliquée: Equipe INFRA [write] -> SCRIPT/nouveau 10.txt
[2026-06-08 16:53:46] [WARN] Impossible de résoudre 'grp_test' dans le tenant destination - permission ignorée
[2026-06-08 16:53:46] [WARN] Pas de mappage pour: SERVICES_GENERAUX - Visiteurs () - permission ignorée sur SCRIPT/nouveau 10.txt
[2026-06-08 16:53:46] [INFO] Traitement: /SCRIPT/nouveau 12.txt (5 permission(s))
[2026-06-08 16:53:46] [INFO] === COPIE REELLE: SCRIPT/nouveau 12.txt ===
[2026-06-08 16:53:47] [SUCCESS] === FICHIER COPIE AVEC SUCCES: SCRIPT/nouveau 12.txt ===
[2026-06-08 16:53:47] [WARN] Pas de mappage pour: SERVICES_GENERAUX - Visiteurs () - permission ignorée sur SCRIPT/nouveau 12.txt
[2026-06-08 16:53:47] [SUCCESS] Permission appliquée: Equipe INFRA [write] -> SCRIPT/nouveau 12.txt
[2026-06-08 16:53:47] [WARN] Pas de mappage pour: SERVICES_GENERAUX - Membres () - permission ignorée sur SCRIPT/nouveau 12.txt
[2026-06-08 16:53:47] [WARN] Pas de mappage pour: Propriétaires de SERVICES_GENERAUX () - permission ignorée sur SCRIPT/nouveau 12.txt
[2026-06-08 16:53:47] [WARN] Impossible de résoudre 'grp_test' dans le tenant destination - permission ignorée
[2026-06-08 16:53:47] [INFO] Traitement: /SCRIPT/Nouveau Document texte.csv (5 permission(s))
[2026-06-08 16:53:47] [INFO] === COPIE REELLE: SCRIPT/Nouveau Document texte.csv ===
[2026-06-08 16:53:48] [SUCCESS] === FICHIER COPIE AVEC SUCCES: SCRIPT/Nouveau Document texte.csv ===
[2026-06-08 16:53:49] [WARN] Impossible de résoudre 'grp_test' dans le tenant destination - permission ignorée
[2026-06-08 16:53:49] [SUCCESS] Permission appliquée: Equipe INFRA [write] -> SCRIPT/Nouveau Document texte.csv
[2026-06-08 16:53:49] [WARN] Pas de mappage pour: SERVICES_GENERAUX - Membres () - permission ignorée sur SCRIPT/Nouveau Document texte.csv
[2026-06-08 16:53:49] [WARN] Pas de mappage pour: SERVICES_GENERAUX - Visiteurs () - permission ignorée sur SCRIPT/Nouveau Document texte.csv
[2026-06-08 16:53:49] [WARN] Pas de mappage pour: Propriétaires de SERVICES_GENERAUX () - permission ignorée sur SCRIPT/Nouveau Document texte.csv
[2026-06-08 16:53:49] [INFO] Traitement: /SCRIPT/Post_Fixe.txt (5 permission(s))
[2026-06-08 16:53:49] [INFO] === COPIE REELLE: SCRIPT/Post_Fixe.txt ===
[2026-06-08 16:53:50] [SUCCESS] === FICHIER COPIE AVEC SUCCES: SCRIPT/Post_Fixe.txt ===
[2026-06-08 16:53:50] [WARN] Pas de mappage pour: SERVICES_GENERAUX - Membres () - permission ignorée sur SCRIPT/Post_Fixe.txt
[2026-06-08 16:53:50] [WARN] Impossible de résoudre 'grp_test' dans le tenant destination - permission ignorée
[2026-06-08 16:53:50] [WARN] Pas de mappage pour: SERVICES_GENERAUX - Visiteurs () - permission ignorée sur SCRIPT/Post_Fixe.txt
[2026-06-08 16:53:51] [SUCCESS] Permission appliquée: Equipe INFRA [write] -> SCRIPT/Post_Fixe.txt
[2026-06-08 16:53:51] [WARN] Pas de mappage pour: Propriétaires de SERVICES_GENERAUX () - permission ignorée sur SCRIPT/Post_Fixe.txt
[2026-06-08 16:53:51] [INFO] Traitement: /SCRIPT/Postfix.txt (5 permission(s))
[2026-06-08 16:53:51] [INFO] === COPIE REELLE: SCRIPT/Postfix.txt ===
[2026-06-08 16:53:52] [SUCCESS] === FICHIER COPIE AVEC SUCCES: SCRIPT/Postfix.txt ===
[2026-06-08 16:53:52] [WARN] Pas de mappage pour: SERVICES_GENERAUX - Visiteurs () - permission ignorée sur SCRIPT/Postfix.txt
[2026-06-08 16:53:52] [WARN] Pas de mappage pour: SERVICES_GENERAUX - Membres () - permission ignorée sur SCRIPT/Postfix.txt
[2026-06-08 16:53:52] [SUCCESS] Permission appliquée: Equipe INFRA [write] -> SCRIPT/Postfix.txt
[2026-06-08 16:53:52] [WARN] Impossible de résoudre 'grp_test' dans le tenant destination - permission ignorée
[2026-06-08 16:53:52] [WARN] Pas de mappage pour: Propriétaires de SERVICES_GENERAUX () - permission ignorée sur SCRIPT/Postfix.txt
[2026-06-08 16:53:52] [INFO] Traitement: /SCRIPT/script_activation_user_AD.txt (5 permission(s))
[2026-06-08 16:53:52] [INFO] === COPIE REELLE: SCRIPT/script_activation_user_AD.txt ===
[2026-06-08 16:53:53] [SUCCESS] === FICHIER COPIE AVEC SUCCES: SCRIPT/script_activation_user_AD.txt ===
[2026-06-08 16:53:53] [WARN] Pas de mappage pour: Propriétaires de SERVICES_GENERAUX () - permission ignorée sur SCRIPT/script_activation_user_AD.txt
[2026-06-08 16:53:53] [WARN] Pas de mappage pour: SERVICES_GENERAUX - Membres () - permission ignorée sur SCRIPT/script_activation_user_AD.txt
[2026-06-08 16:53:53] [WARN] Impossible de résoudre 'grp_test' dans le tenant destination - permission ignorée
[2026-06-08 16:53:54] [SUCCESS] Permission appliquée: Equipe INFRA [write] -> SCRIPT/script_activation_user_AD.txt
[2026-06-08 16:53:54] [WARN] Pas de mappage pour: SERVICES_GENERAUX - Visiteurs () - permission ignorée sur SCRIPT/script_activation_user_AD.txt
[2026-06-08 16:53:54] [INFO] Traitement: /SCRIPT/script_ajout_adressemail_secondaire_proxyadress.txt (5 permission(s))
[2026-06-08 16:53:54] [INFO] === COPIE REELLE: SCRIPT/script_ajout_adressemail_secondaire_proxyadress.txt ===
[2026-06-08 16:53:55] [SUCCESS] === FICHIER COPIE AVEC SUCCES: SCRIPT/script_ajout_adressemail_secondaire_proxyadress.txt ===
[2026-06-08 16:53:55] [WARN] Pas de mappage pour: Propriétaires de SERVICES_GENERAUX () - permission ignorée sur SCRIPT/script_ajout_adressemail_secondaire_proxyadress.txt
[2026-06-08 16:53:55] [WARN] Pas de mappage pour: SERVICES_GENERAUX - Visiteurs () - permission ignorée sur SCRIPT/script_ajout_adressemail_secondaire_proxyadress.txt
[2026-06-08 16:53:55] [WARN] Pas de mappage pour: SERVICES_GENERAUX - Membres () - permission ignorée sur SCRIPT/script_ajout_adressemail_secondaire_proxyadress.txt
[2026-06-08 16:53:55] [SUCCESS] Permission appliquée: Equipe INFRA [write] -> SCRIPT/script_ajout_adressemail_secondaire_proxyadress.txt
[2026-06-08 16:53:55] [WARN] Impossible de résoudre 'grp_test' dans le tenant destination - permission ignorée
[2026-06-08 16:53:55] [INFO] Traitement: /SCRIPT/script_ajout_champs_mail_en_masse.txt (5 permission(s))
[2026-06-08 16:53:55] [INFO] === COPIE REELLE: SCRIPT/script_ajout_champs_mail_en_masse.txt ===
[2026-06-08 16:53:56] [SUCCESS] === FICHIER COPIE AVEC SUCCES: SCRIPT/script_ajout_champs_mail_en_masse.txt ===
[2026-06-08 16:53:56] [WARN] Impossible de résoudre 'grp_test' dans le tenant destination - permission ignorée
[2026-06-08 16:53:57] [SUCCESS] Permission appliquée: Equipe INFRA [write] -> SCRIPT/script_ajout_champs_mail_en_masse.txt
[2026-06-08 16:53:57] [WARN] Pas de mappage pour: SERVICES_GENERAUX - Visiteurs () - permission ignorée sur SCRIPT/script_ajout_champs_mail_en_masse.txt
[2026-06-08 16:53:57] [WARN] Pas de mappage pour: SERVICES_GENERAUX - Membres () - permission ignorée sur SCRIPT/script_ajout_champs_mail_en_masse.txt
[2026-06-08 16:53:57] [WARN] Pas de mappage pour: Propriétaires de SERVICES_GENERAUX () - permission ignorée sur SCRIPT/script_ajout_champs_mail_en_masse.txt
[2026-06-08 16:53:57] [INFO] Traitement: /SCRIPT/Script_ajout_compte_admin_dans_les_sites_sharepoint.txt (5 permission(s))
[2026-06-08 16:53:57] [INFO] === COPIE REELLE: SCRIPT/Script_ajout_compte_admin_dans_les_sites_sharepoint.txt ===
[2026-06-08 16:53:58] [SUCCESS] === FICHIER COPIE AVEC SUCCES: SCRIPT/Script_ajout_compte_admin_dans_les_sites_sharepoint.txt ===
[2026-06-08 16:53:58] [WARN] Pas de mappage pour: SERVICES_GENERAUX - Visiteurs () - permission ignorée sur SCRIPT/Script_ajout_compte_admin_dans_les_sites_sharepoint.txt
[2026-06-08 16:53:58] [WARN] Pas de mappage pour: Propriétaires de SERVICES_GENERAUX () - permission ignorée sur SCRIPT/Script_ajout_compte_admin_dans_les_sites_sharepoint.txt
[2026-06-08 16:53:58] [SUCCESS] Permission appliquée: Equipe INFRA [write] -> SCRIPT/Script_ajout_compte_admin_dans_les_sites_sharepoint.txt
[2026-06-08 16:53:58] [WARN] Impossible de résoudre 'grp_test' dans le tenant destination - permission ignorée
[2026-06-08 16:53:58] [WARN] Pas de mappage pour: SERVICES_GENERAUX - Membres () - permission ignorée sur SCRIPT/Script_ajout_compte_admin_dans_les_sites_sharepoint.txt
[2026-06-08 16:53:58] [INFO] Traitement: /SCRIPT/Script_ajout_délegation_FullAcces_BP.txt (5 permission(s))
[2026-06-08 16:53:58] [INFO] === COPIE REELLE: SCRIPT/Script_ajout_délegation_FullAcces_BP.txt ===
[2026-06-08 16:53:59] [SUCCESS] === FICHIER COPIE AVEC SUCCES: SCRIPT/Script_ajout_délegation_FullAcces_BP.txt ===
[2026-06-08 16:53:59] [WARN] Pas de mappage pour: SERVICES_GENERAUX - Membres () - permission ignorée sur SCRIPT/Script_ajout_délegation_FullAcces_BP.txt
[2026-06-08 16:53:59] [WARN] Pas de mappage pour: Propriétaires de SERVICES_GENERAUX () - permission ignorée sur SCRIPT/Script_ajout_délegation_FullAcces_BP.txt
[2026-06-08 16:53:59] [WARN] Impossible de résoudre 'grp_test' dans le tenant destination - permission ignorée
[2026-06-08 16:54:00] [SUCCESS] Permission appliquée: Equipe INFRA [write] -> SCRIPT/Script_ajout_délegation_FullAcces_BP.txt
[2026-06-08 16:54:00] [WARN] Pas de mappage pour: SERVICES_GENERAUX - Visiteurs () - permission ignorée sur SCRIPT/Script_ajout_délegation_FullAcces_BP.txt
[2026-06-08 16:54:00] [INFO] Traitement: /SCRIPT/script_ajout_mailsecondaire_proxyadress_plusieursdomaine.txt (5 permission(s))
[2026-06-08 16:54:00] [INFO] === COPIE REELLE: SCRIPT/script_ajout_mailsecondaire_proxyadress_plusieursdomaine.txt ===
[2026-06-08 16:54:01] [SUCCESS] === FICHIER COPIE AVEC SUCCES: SCRIPT/script_ajout_mailsecondaire_proxyadress_plusieursdomaine.txt ===
[2026-06-08 16:54:01] [WARN] Pas de mappage pour: Propriétaires de SERVICES_GENERAUX () - permission ignorée sur SCRIPT/script_ajout_mailsecondaire_proxyadress_plusieursdomaine.txt
[2026-06-08 16:54:01] [WARN] Pas de mappage pour: SERVICES_GENERAUX - Visiteurs () - permission ignorée sur SCRIPT/script_ajout_mailsecondaire_proxyadress_plusieursdomaine.txt
[2026-06-08 16:54:01] [WARN] Pas de mappage pour: SERVICES_GENERAUX - Membres () - permission ignorée sur SCRIPT/script_ajout_mailsecondaire_proxyadress_plusieursdomaine.txt
[2026-06-08 16:54:01] [SUCCESS] Permission appliquée: Equipe INFRA [write] -> SCRIPT/script_ajout_mailsecondaire_proxyadress_plusieursdomaine.txt
[2026-06-08 16:54:01] [WARN] Impossible de résoudre 'grp_test' dans le tenant destination - permission ignorée
[2026-06-08 16:54:01] [INFO] Traitement: /SCRIPT/script_ajout_SMTP_proxyadress_en_masse.txt (5 permission(s))
[2026-06-08 16:54:01] [INFO] === COPIE REELLE: SCRIPT/script_ajout_SMTP_proxyadress_en_masse.txt ===
[2026-06-08 16:54:02] [SUCCESS] === FICHIER COPIE AVEC SUCCES: SCRIPT/script_ajout_SMTP_proxyadress_en_masse.txt ===
[2026-06-08 16:54:02] [WARN] Pas de mappage pour: SERVICES_GENERAUX - Visiteurs () - permission ignorée sur SCRIPT/script_ajout_SMTP_proxyadress_en_masse.txt
[2026-06-08 16:54:02] [WARN] Pas de mappage pour: SERVICES_GENERAUX - Membres () - permission ignorée sur SCRIPT/script_ajout_SMTP_proxyadress_en_masse.txt
[2026-06-08 16:54:03] [SUCCESS] Permission appliquée: Equipe INFRA [write] -> SCRIPT/script_ajout_SMTP_proxyadress_en_masse.txt
[2026-06-08 16:54:03] [WARN] Impossible de résoudre 'grp_test' dans le tenant destination - permission ignorée
[2026-06-08 16:54:03] [WARN] Pas de mappage pour: Propriétaires de SERVICES_GENERAUX () - permission ignorée sur SCRIPT/script_ajout_SMTP_proxyadress_en_masse.txt
[2026-06-08 16:54:03] [INFO] Traitement: /SCRIPT/script_délégation_BP.txt (5 permission(s))
[2026-06-08 16:54:03] [INFO] === COPIE REELLE: SCRIPT/script_délégation_BP.txt ===
[2026-06-08 16:54:04] [SUCCESS] === FICHIER COPIE AVEC SUCCES: SCRIPT/script_délégation_BP.txt ===
[2026-06-08 16:54:04] [WARN] Impossible de résoudre 'grp_test' dans le tenant destination - permission ignorée
[2026-06-08 16:54:04] [WARN] Pas de mappage pour: Propriétaires de SERVICES_GENERAUX () - permission ignorée sur SCRIPT/script_délégation_BP.txt
[2026-06-08 16:54:04] [WARN] Pas de mappage pour: SERVICES_GENERAUX - Visiteurs () - permission ignorée sur SCRIPT/script_délégation_BP.txt
[2026-06-08 16:54:04] [WARN] Pas de mappage pour: SERVICES_GENERAUX - Membres () - permission ignorée sur SCRIPT/script_délégation_BP.txt
[2026-06-08 16:54:05] [SUCCESS] Permission appliquée: Equipe INFRA [write] -> SCRIPT/script_délégation_BP.txt
[2026-06-08 16:54:05] [INFO] Traitement: /SCRIPT/script_délégation_bp_mail.txt (5 permission(s))
[2026-06-08 16:54:05] [INFO] === COPIE REELLE: SCRIPT/script_délégation_bp_mail.txt ===
[2026-06-08 16:54:06] [SUCCESS] === FICHIER COPIE AVEC SUCCES: SCRIPT/script_délégation_bp_mail.txt ===
[2026-06-08 16:54:06] [WARN] Pas de mappage pour: SERVICES_GENERAUX - Visiteurs () - permission ignorée sur SCRIPT/script_délégation_bp_mail.txt
[2026-06-08 16:54:06] [WARN] Pas de mappage pour: Propriétaires de SERVICES_GENERAUX () - permission ignorée sur SCRIPT/script_délégation_bp_mail.txt
[2026-06-08 16:54:06] [WARN] Pas de mappage pour: SERVICES_GENERAUX - Membres () - permission ignorée sur SCRIPT/script_délégation_bp_mail.txt
[2026-06-08 16:54:06] [SUCCESS] Permission appliquée: Equipe INFRA [write] -> SCRIPT/script_délégation_bp_mail.txt
[2026-06-08 16:54:06] [WARN] Impossible de résoudre 'grp_test' dans le tenant destination - permission ignorée
[2026-06-08 16:54:06] [INFO] Traitement: /SCRIPT/script_délégation_Fullaccess_BP.txt (5 permission(s))
[2026-06-08 16:54:06] [INFO] === COPIE REELLE: SCRIPT/script_délégation_Fullaccess_BP.txt ===
[2026-06-08 16:54:07] [SUCCESS] === FICHIER COPIE AVEC SUCCES: SCRIPT/script_délégation_Fullaccess_BP.txt ===
[2026-06-08 16:54:08] [WARN] Pas de mappage pour: Propriétaires de SERVICES_GENERAUX () - permission ignorée sur SCRIPT/script_délégation_Fullaccess_BP.txt
[2026-06-08 16:54:08] [WARN] Pas de mappage pour: SERVICES_GENERAUX - Visiteurs () - permission ignorée sur SCRIPT/script_délégation_Fullaccess_BP.txt
[2026-06-08 16:54:08] [WARN] Pas de mappage pour: SERVICES_GENERAUX - Membres () - permission ignorée sur SCRIPT/script_délégation_Fullaccess_BP.txt
[2026-06-08 16:54:08] [SUCCESS] Permission appliquée: Equipe INFRA [write] -> SCRIPT/script_délégation_Fullaccess_BP.txt
[2026-06-08 16:54:08] [WARN] Impossible de résoudre 'grp_test' dans le tenant destination - permission ignorée
[2026-06-08 16:54:08] [INFO] Traitement: /SCRIPT/Script_delegation_SendAs_BP.txt (5 permission(s))
[2026-06-08 16:54:08] [INFO] === COPIE REELLE: SCRIPT/Script_delegation_SendAs_BP.txt ===
[2026-06-08 16:54:09] [SUCCESS] === FICHIER COPIE AVEC SUCCES: SCRIPT/Script_delegation_SendAs_BP.txt ===
[2026-06-08 16:54:09] [WARN] Pas de mappage pour: Propriétaires de SERVICES_GENERAUX () - permission ignorée sur SCRIPT/Script_delegation_SendAs_BP.txt
[2026-06-08 16:54:09] [WARN] Pas de mappage pour: SERVICES_GENERAUX - Visiteurs () - permission ignorée sur SCRIPT/Script_delegation_SendAs_BP.txt
[2026-06-08 16:54:09] [WARN] Pas de mappage pour: SERVICES_GENERAUX - Membres () - permission ignorée sur SCRIPT/Script_delegation_SendAs_BP.txt
[2026-06-08 16:54:09] [WARN] Impossible de résoudre 'grp_test' dans le tenant destination - permission ignorée
[2026-06-08 16:54:09] [SUCCESS] Permission appliquée: Equipe INFRA [write] -> SCRIPT/Script_delegation_SendAs_BP.txt
[2026-06-08 16:54:09] [INFO] Traitement: /SCRIPT/script_délégation_SendAs_BP.txt (5 permission(s))
[2026-06-08 16:54:09] [INFO] === COPIE REELLE: SCRIPT/script_délégation_SendAs_BP.txt ===
[2026-06-08 16:54:10] [SUCCESS] === FICHIER COPIE AVEC SUCCES: SCRIPT/script_délégation_SendAs_BP.txt ===
[2026-06-08 16:54:11] [WARN] Pas de mappage pour: Propriétaires de SERVICES_GENERAUX () - permission ignorée sur SCRIPT/script_délégation_SendAs_BP.txt
[2026-06-08 16:54:11] [WARN] Pas de mappage pour: SERVICES_GENERAUX - Visiteurs () - permission ignorée sur SCRIPT/script_délégation_SendAs_BP.txt
[2026-06-08 16:54:11] [WARN] Pas de mappage pour: SERVICES_GENERAUX - Membres () - permission ignorée sur SCRIPT/script_délégation_SendAs_BP.txt
[2026-06-08 16:54:11] [SUCCESS] Permission appliquée: Equipe INFRA [write] -> SCRIPT/script_délégation_SendAs_BP.txt
[2026-06-08 16:54:11] [WARN] Impossible de résoudre 'grp_test' dans le tenant destination - permission ignorée
[2026-06-08 16:54:11] [INFO] Traitement: /SCRIPT/script_désactivation_user.txt (5 permission(s))
[2026-06-08 16:54:11] [INFO] === COPIE REELLE: SCRIPT/script_désactivation_user.txt ===
[2026-06-08 16:54:12] [SUCCESS] === FICHIER COPIE AVEC SUCCES: SCRIPT/script_désactivation_user.txt ===
[2026-06-08 16:54:12] [WARN] Impossible de résoudre 'grp_test' dans le tenant destination - permission ignorée
[2026-06-08 16:54:12] [WARN] Pas de mappage pour: Propriétaires de SERVICES_GENERAUX () - permission ignorée sur SCRIPT/script_désactivation_user.txt
[2026-06-08 16:54:12] [WARN] Pas de mappage pour: SERVICES_GENERAUX - Visiteurs () - permission ignorée sur SCRIPT/script_désactivation_user.txt
[2026-06-08 16:54:12] [WARN] Pas de mappage pour: SERVICES_GENERAUX - Membres () - permission ignorée sur SCRIPT/script_désactivation_user.txt
[2026-06-08 16:54:12] [SUCCESS] Permission appliquée: Equipe INFRA [write] -> SCRIPT/script_désactivation_user.txt
[2026-06-08 16:54:12] [INFO] Traitement: /SCRIPT/Script_droit_BP.txt (5 permission(s))
[2026-06-08 16:54:12] [INFO] === COPIE REELLE: SCRIPT/Script_droit_BP.txt ===
[2026-06-08 16:54:13] [SUCCESS] === FICHIER COPIE AVEC SUCCES: SCRIPT/Script_droit_BP.txt ===
[2026-06-08 16:54:14] [WARN] Pas de mappage pour: Propriétaires de SERVICES_GENERAUX () - permission ignorée sur SCRIPT/Script_droit_BP.txt
[2026-06-08 16:54:14] [WARN] Pas de mappage pour: SERVICES_GENERAUX - Visiteurs () - permission ignorée sur SCRIPT/Script_droit_BP.txt
[2026-06-08 16:54:14] [WARN] Pas de mappage pour: SERVICES_GENERAUX - Membres () - permission ignorée sur SCRIPT/Script_droit_BP.txt
[2026-06-08 16:54:14] [SUCCESS] Permission appliquée: Equipe INFRA [write] -> SCRIPT/Script_droit_BP.txt
[2026-06-08 16:54:14] [WARN] Impossible de résoudre 'grp_test' dans le tenant destination - permission ignorée
[2026-06-08 16:54:14] [INFO] Traitement: /SCRIPT/Script_extrac_SMTP_Principale.txt (5 permission(s))
[2026-06-08 16:54:14] [INFO] === COPIE REELLE: SCRIPT/Script_extrac_SMTP_Principale.txt ===
[2026-06-08 16:54:15] [SUCCESS] === FICHIER COPIE AVEC SUCCES: SCRIPT/Script_extrac_SMTP_Principale.txt ===
[2026-06-08 16:54:15] [WARN] Pas de mappage pour: Propriétaires de SERVICES_GENERAUX () - permission ignorée sur SCRIPT/Script_extrac_SMTP_Principale.txt
[2026-06-08 16:54:15] [WARN] Pas de mappage pour: SERVICES_GENERAUX - Visiteurs () - permission ignorée sur SCRIPT/Script_extrac_SMTP_Principale.txt
[2026-06-08 16:54:15] [WARN] Pas de mappage pour: SERVICES_GENERAUX - Membres () - permission ignorée sur SCRIPT/Script_extrac_SMTP_Principale.txt
[2026-06-08 16:54:15] [SUCCESS] Permission appliquée: Equipe INFRA [write] -> SCRIPT/Script_extrac_SMTP_Principale.txt
[2026-06-08 16:54:15] [WARN] Impossible de résoudre 'grp_test' dans le tenant destination - permission ignorée
[2026-06-08 16:54:15] [INFO] Traitement: /SCRIPT/Script_Extract_adressemail_Exchange_Online.txt (5 permission(s))
[2026-06-08 16:54:15] [INFO] === COPIE REELLE: SCRIPT/Script_Extract_adressemail_Exchange_Online.txt ===
[2026-06-08 16:54:17] [SUCCESS] === FICHIER COPIE AVEC SUCCES: SCRIPT/Script_Extract_adressemail_Exchange_Online.txt ===
[2026-06-08 16:54:17] [WARN] Pas de mappage pour: SERVICES_GENERAUX - Visiteurs () - permission ignorée sur SCRIPT/Script_Extract_adressemail_Exchange_Online.txt
[2026-06-08 16:54:17] [WARN] Pas de mappage pour: Propriétaires de SERVICES_GENERAUX () - permission ignorée sur SCRIPT/Script_Extract_adressemail_Exchange_Online.txt
[2026-06-08 16:54:17] [SUCCESS] Permission appliquée: Equipe INFRA [write] -> SCRIPT/Script_Extract_adressemail_Exchange_Online.txt
[2026-06-08 16:54:17] [WARN] Pas de mappage pour: SERVICES_GENERAUX - Membres () - permission ignorée sur SCRIPT/Script_Extract_adressemail_Exchange_Online.txt
[2026-06-08 16:54:17] [WARN] Impossible de résoudre 'grp_test' dans le tenant destination - permission ignorée
[2026-06-08 16:54:17] [INFO] Traitement: /SCRIPT/Script_Extract_délégation_BP.txt (5 permission(s))
[2026-06-08 16:54:17] [INFO] === COPIE REELLE: SCRIPT/Script_Extract_délégation_BP.txt ===
[2026-06-08 16:54:18] [SUCCESS] === FICHIER COPIE AVEC SUCCES: SCRIPT/Script_Extract_délégation_BP.txt ===
[2026-06-08 16:54:18] [WARN] Pas de mappage pour: Propriétaires de SERVICES_GENERAUX () - permission ignorée sur SCRIPT/Script_Extract_délégation_BP.txt
[2026-06-08 16:54:18] [WARN] Pas de mappage pour: SERVICES_GENERAUX - Visiteurs () - permission ignorée sur SCRIPT/Script_Extract_délégation_BP.txt
[2026-06-08 16:54:18] [WARN] Pas de mappage pour: SERVICES_GENERAUX - Membres () - permission ignorée sur SCRIPT/Script_Extract_délégation_BP.txt
[2026-06-08 16:54:19] [SUCCESS] Permission appliquée: Equipe INFRA [write] -> SCRIPT/Script_Extract_délégation_BP.txt
[2026-06-08 16:54:19] [WARN] Impossible de résoudre 'grp_test' dans le tenant destination - permission ignorée
[2026-06-08 16:54:19] [INFO] Traitement: /SCRIPT/script_extract_membre_groupe_AD.txt (5 permission(s))
[2026-06-08 16:54:19] [INFO] === COPIE REELLE: SCRIPT/script_extract_membre_groupe_AD.txt ===
[2026-06-08 16:54:20] [SUCCESS] === FICHIER COPIE AVEC SUCCES: SCRIPT/script_extract_membre_groupe_AD.txt ===
[2026-06-08 16:54:20] [WARN] Pas de mappage pour: Propriétaires de SERVICES_GENERAUX () - permission ignorée sur SCRIPT/script_extract_membre_groupe_AD.txt
[2026-06-08 16:54:20] [WARN] Pas de mappage pour: SERVICES_GENERAUX - Visiteurs () - permission ignorée sur SCRIPT/script_extract_membre_groupe_AD.txt
[2026-06-08 16:54:20] [WARN] Pas de mappage pour: SERVICES_GENERAUX - Membres () - permission ignorée sur SCRIPT/script_extract_membre_groupe_AD.txt
[2026-06-08 16:54:20] [WARN] Impossible de résoudre 'grp_test' dans le tenant destination - permission ignorée
[2026-06-08 16:54:20] [SUCCESS] Permission appliquée: Equipe INFRA [write] -> SCRIPT/script_extract_membre_groupe_AD.txt
[2026-06-08 16:54:20] [INFO] Traitement: /SCRIPT/script_extract_onedrive.txt (5 permission(s))
[2026-06-08 16:54:20] [INFO] === COPIE REELLE: SCRIPT/script_extract_onedrive.txt ===
[2026-06-08 16:54:21] [SUCCESS] === FICHIER COPIE AVEC SUCCES: SCRIPT/script_extract_onedrive.txt ===
[2026-06-08 16:54:22] [WARN] Pas de mappage pour: SERVICES_GENERAUX - Membres () - permission ignorée sur SCRIPT/script_extract_onedrive.txt
[2026-06-08 16:54:22] [WARN] Pas de mappage pour: Propriétaires de SERVICES_GENERAUX () - permission ignorée sur SCRIPT/script_extract_onedrive.txt
[2026-06-08 16:54:22] [WARN] Pas de mappage pour: SERVICES_GENERAUX - Visiteurs () - permission ignorée sur SCRIPT/script_extract_onedrive.txt
[2026-06-08 16:54:22] [SUCCESS] Permission appliquée: Equipe INFRA [write] -> SCRIPT/script_extract_onedrive.txt
[2026-06-08 16:54:22] [WARN] Impossible de résoudre 'grp_test' dans le tenant destination - permission ignorée
[2026-06-08 16:54:22] [INFO] Traitement: /SCRIPT/script_extract_proxyaddress.txt (5 permission(s))
[2026-06-08 16:54:22] [INFO] === COPIE REELLE: SCRIPT/script_extract_proxyaddress.txt ===
[2026-06-08 16:54:23] [SUCCESS] === FICHIER COPIE AVEC SUCCES: SCRIPT/script_extract_proxyaddress.txt ===
[2026-06-08 16:54:23] [WARN] Pas de mappage pour: SERVICES_GENERAUX - Membres () - permission ignorée sur SCRIPT/script_extract_proxyaddress.txt
[2026-06-08 16:54:23] [WARN] Pas de mappage pour: Propriétaires de SERVICES_GENERAUX () - permission ignorée sur SCRIPT/script_extract_proxyaddress.txt
[2026-06-08 16:54:23] [WARN] Pas de mappage pour: SERVICES_GENERAUX - Visiteurs () - permission ignorée sur SCRIPT/script_extract_proxyaddress.txt
[2026-06-08 16:54:23] [WARN] Impossible de résoudre 'grp_test' dans le tenant destination - permission ignorée
[2026-06-08 16:54:23] [SUCCESS] Permission appliquée: Equipe INFRA [write] -> SCRIPT/script_extract_proxyaddress.txt
[2026-06-08 16:54:23] [INFO] Traitement: /SCRIPT/script_extract_Proxyadress_format.txt (5 permission(s))
[2026-06-08 16:54:23] [INFO] === COPIE REELLE: SCRIPT/script_extract_Proxyadress_format.txt ===
[2026-06-08 16:54:25] [SUCCESS] === FICHIER COPIE AVEC SUCCES: SCRIPT/script_extract_Proxyadress_format.txt ===
[2026-06-08 16:54:25] [WARN] Impossible de résoudre 'grp_test' dans le tenant destination - permission ignorée
[2026-06-08 16:54:25] [SUCCESS] Permission appliquée: Equipe INFRA [write] -> SCRIPT/script_extract_Proxyadress_format.txt
[2026-06-08 16:54:25] [WARN] Pas de mappage pour: SERVICES_GENERAUX - Membres () - permission ignorée sur SCRIPT/script_extract_Proxyadress_format.txt
[2026-06-08 16:54:25] [WARN] Pas de mappage pour: SERVICES_GENERAUX - Visiteurs () - permission ignorée sur SCRIPT/script_extract_Proxyadress_format.txt
[2026-06-08 16:54:25] [WARN] Pas de mappage pour: Propriétaires de SERVICES_GENERAUX () - permission ignorée sur SCRIPT/script_extract_Proxyadress_format.txt
[2026-06-08 16:54:25] [INFO] Traitement: /SCRIPT/script_extract_UPN_AD.txt (5 permission(s))
[2026-06-08 16:54:25] [INFO] === COPIE REELLE: SCRIPT/script_extract_UPN_AD.txt ===
[2026-06-08 16:54:26] [SUCCESS] === FICHIER COPIE AVEC SUCCES: SCRIPT/script_extract_UPN_AD.txt ===
[2026-06-08 16:54:26] [WARN] Pas de mappage pour: Propriétaires de SERVICES_GENERAUX () - permission ignorée sur SCRIPT/script_extract_UPN_AD.txt
[2026-06-08 16:54:26] [WARN] Pas de mappage pour: SERVICES_GENERAUX - Visiteurs () - permission ignorée sur SCRIPT/script_extract_UPN_AD.txt
[2026-06-08 16:54:26] [WARN] Pas de mappage pour: SERVICES_GENERAUX - Membres () - permission ignorée sur SCRIPT/script_extract_UPN_AD.txt
[2026-06-08 16:54:27] [SUCCESS] Permission appliquée: Equipe INFRA [write] -> SCRIPT/script_extract_UPN_AD.txt
[2026-06-08 16:54:27] [WARN] Impossible de résoudre 'grp_test' dans le tenant destination - permission ignorée
[2026-06-08 16:54:27] [INFO] Traitement: /SCRIPT/script_extraction_de_la_liste_des_sites_sharepoint.txt (5 permission(s))
[2026-06-08 16:54:27] [INFO] === COPIE REELLE: SCRIPT/script_extraction_de_la_liste_des_sites_sharepoint.txt ===
[2026-06-08 16:54:28] [SUCCESS] === FICHIER COPIE AVEC SUCCES: SCRIPT/script_extraction_de_la_liste_des_sites_sharepoint.txt ===
[2026-06-08 16:54:28] [SUCCESS] Permission appliquée: Equipe INFRA [write] -> SCRIPT/script_extraction_de_la_liste_des_sites_sharepoint.txt
[2026-06-08 16:54:28] [WARN] Impossible de résoudre 'grp_test' dans le tenant destination - permission ignorée
[2026-06-08 16:54:28] [WARN] Pas de mappage pour: Propriétaires de SERVICES_GENERAUX () - permission ignorée sur SCRIPT/script_extraction_de_la_liste_des_sites_sharepoint.txt
[2026-06-08 16:54:28] [WARN] Pas de mappage pour: SERVICES_GENERAUX - Visiteurs () - permission ignorée sur SCRIPT/script_extraction_de_la_liste_des_sites_sharepoint.txt
[2026-06-08 16:54:28] [WARN] Pas de mappage pour: SERVICES_GENERAUX - Membres () - permission ignorée sur SCRIPT/script_extraction_de_la_liste_des_sites_sharepoint.txt
[2026-06-08 16:54:28] [INFO] Traitement: /SCRIPT/script_Inscription_SSO_Appli_Azure.txt (5 permission(s))
[2026-06-08 16:54:29] [INFO] === COPIE REELLE: SCRIPT/script_Inscription_SSO_Appli_Azure.txt ===
[2026-06-08 16:54:30] [SUCCESS] === FICHIER COPIE AVEC SUCCES: SCRIPT/script_Inscription_SSO_Appli_Azure.txt ===
[2026-06-08 16:54:30] [WARN] Pas de mappage pour: SERVICES_GENERAUX - Visiteurs () - permission ignorée sur SCRIPT/script_Inscription_SSO_Appli_Azure.txt
[2026-06-08 16:54:30] [SUCCESS] Permission appliquée: Equipe INFRA [write] -> SCRIPT/script_Inscription_SSO_Appli_Azure.txt
[2026-06-08 16:54:30] [WARN] Pas de mappage pour: SERVICES_GENERAUX - Membres () - permission ignorée sur SCRIPT/script_Inscription_SSO_Appli_Azure.txt
[2026-06-08 16:54:30] [WARN] Impossible de résoudre 'grp_test' dans le tenant destination - permission ignorée
[2026-06-08 16:54:30] [WARN] Pas de mappage pour: Propriétaires de SERVICES_GENERAUX () - permission ignorée sur SCRIPT/script_Inscription_SSO_Appli_Azure.txt
[2026-06-08 16:54:30] [INFO] Traitement: /SCRIPT/script_modif_champ_email_docu.ch (5 permission(s))
[2026-06-08 16:54:30] [INFO] === COPIE REELLE: SCRIPT/script_modif_champ_email_docu.ch ===
[2026-06-08 16:54:31] [SUCCESS] === FICHIER COPIE AVEC SUCCES: SCRIPT/script_modif_champ_email_docu.ch ===
[2026-06-08 16:54:31] [WARN] Pas de mappage pour: SERVICES_GENERAUX - Membres () - permission ignorée sur SCRIPT/script_modif_champ_email_docu.ch
[2026-06-08 16:54:31] [WARN] Pas de mappage pour: Propriétaires de SERVICES_GENERAUX () - permission ignorée sur SCRIPT/script_modif_champ_email_docu.ch
[2026-06-08 16:54:31] [SUCCESS] Permission appliquée: Equipe INFRA [write] -> SCRIPT/script_modif_champ_email_docu.ch
[2026-06-08 16:54:31] [WARN] Impossible de résoudre 'grp_test' dans le tenant destination - permission ignorée
[2026-06-08 16:54:31] [WARN] Pas de mappage pour: SERVICES_GENERAUX - Visiteurs () - permission ignorée sur SCRIPT/script_modif_champ_email_docu.ch
[2026-06-08 16:54:31] [INFO] Traitement: /SCRIPT/Script_modif_proxyaddress_Group.txt (5 permission(s))
[2026-06-08 16:54:31] [INFO] === COPIE REELLE: SCRIPT/Script_modif_proxyaddress_Group.txt ===
[2026-06-08 16:54:33] [SUCCESS] === FICHIER COPIE AVEC SUCCES: SCRIPT/Script_modif_proxyaddress_Group.txt ===
[2026-06-08 16:54:33] [WARN] Pas de mappage pour: Propriétaires de SERVICES_GENERAUX () - permission ignorée sur SCRIPT/Script_modif_proxyaddress_Group.txt
[2026-06-08 16:54:33] [WARN] Pas de mappage pour: SERVICES_GENERAUX - Visiteurs () - permission ignorée sur SCRIPT/Script_modif_proxyaddress_Group.txt
[2026-06-08 16:54:33] [WARN] Pas de mappage pour: SERVICES_GENERAUX - Membres () - permission ignorée sur SCRIPT/Script_modif_proxyaddress_Group.txt
[2026-06-08 16:54:33] [SUCCESS] Permission appliquée: Equipe INFRA [write] -> SCRIPT/Script_modif_proxyaddress_Group.txt
[2026-06-08 16:54:33] [WARN] Impossible de résoudre 'grp_test' dans le tenant destination - permission ignorée
[2026-06-08 16:54:33] [INFO] Traitement: /SCRIPT/Script_modif_proxyadress_docu.ch.txt (5 permission(s))
[2026-06-08 16:54:33] [INFO] === COPIE REELLE: SCRIPT/Script_modif_proxyadress_docu.ch.txt ===
[2026-06-08 16:54:34] [SUCCESS] === FICHIER COPIE AVEC SUCCES: SCRIPT/Script_modif_proxyadress_docu.ch.txt ===
[2026-06-08 16:54:35] [WARN] Pas de mappage pour: Propriétaires de SERVICES_GENERAUX () - permission ignorée sur SCRIPT/Script_modif_proxyadress_docu.ch.txt
[2026-06-08 16:54:35] [WARN] Pas de mappage pour: SERVICES_GENERAUX - Visiteurs () - permission ignorée sur SCRIPT/Script_modif_proxyadress_docu.ch.txt
[2026-06-08 16:54:35] [SUCCESS] Permission appliquée: Equipe INFRA [write] -> SCRIPT/Script_modif_proxyadress_docu.ch.txt
[2026-06-08 16:54:35] [WARN] Impossible de résoudre 'grp_test' dans le tenant destination - permission ignorée
[2026-06-08 16:54:35] [WARN] Pas de mappage pour: SERVICES_GENERAUX - Membres () - permission ignorée sur SCRIPT/Script_modif_proxyadress_docu.ch.txt
[2026-06-08 16:54:35] [INFO] Traitement: /SCRIPT/script_modification_UPN_AD_User.txt (5 permission(s))
[2026-06-08 16:54:35] [INFO] === COPIE REELLE: SCRIPT/script_modification_UPN_AD_User.txt ===
[2026-06-08 16:54:36] [SUCCESS] === FICHIER COPIE AVEC SUCCES: SCRIPT/script_modification_UPN_AD_User.txt ===
[2026-06-08 16:54:37] [WARN] Pas de mappage pour: Propriétaires de SERVICES_GENERAUX () - permission ignorée sur SCRIPT/script_modification_UPN_AD_User.txt
[2026-06-08 16:54:37] [WARN] Pas de mappage pour: SERVICES_GENERAUX - Visiteurs () - permission ignorée sur SCRIPT/script_modification_UPN_AD_User.txt
[2026-06-08 16:54:37] [WARN] Pas de mappage pour: SERVICES_GENERAUX - Membres () - permission ignorée sur SCRIPT/script_modification_UPN_AD_User.txt
[2026-06-08 16:54:37] [SUCCESS] Permission appliquée: Equipe INFRA [write] -> SCRIPT/script_modification_UPN_AD_User.txt
[2026-06-08 16:54:37] [WARN] Impossible de résoudre 'grp_test' dans le tenant destination - permission ignorée
[2026-06-08 16:54:37] [INFO] Traitement: /SCRIPT/script_modifier_le_champ_mail.txt (5 permission(s))
[2026-06-08 16:54:37] [INFO] === COPIE REELLE: SCRIPT/script_modifier_le_champ_mail.txt ===
[2026-06-08 16:54:38] [SUCCESS] === FICHIER COPIE AVEC SUCCES: SCRIPT/script_modifier_le_champ_mail.txt ===
[2026-06-08 16:54:38] [WARN] Pas de mappage pour: Propriétaires de SERVICES_GENERAUX () - permission ignorée sur SCRIPT/script_modifier_le_champ_mail.txt
[2026-06-08 16:54:38] [WARN] Pas de mappage pour: SERVICES_GENERAUX - Visiteurs () - permission ignorée sur SCRIPT/script_modifier_le_champ_mail.txt
[2026-06-08 16:54:38] [WARN] Impossible de résoudre 'grp_test' dans le tenant destination - permission ignorée
[2026-06-08 16:54:38] [WARN] Pas de mappage pour: SERVICES_GENERAUX - Membres () - permission ignorée sur SCRIPT/script_modifier_le_champ_mail.txt
[2026-06-08 16:54:38] [SUCCESS] Permission appliquée: Equipe INFRA [write] -> SCRIPT/script_modifier_le_champ_mail.txt
[2026-06-08 16:54:38] [INFO] Traitement: /SCRIPT/script_modifier_lechampmail_proxyadresseSMTP.txt (5 permission(s))
[2026-06-08 16:54:38] [INFO] === COPIE REELLE: SCRIPT/script_modifier_lechampmail_proxyadresseSMTP.txt ===
[2026-06-08 16:54:39] [SUCCESS] === FICHIER COPIE AVEC SUCCES: SCRIPT/script_modifier_lechampmail_proxyadresseSMTP.txt ===
[2026-06-08 16:54:40] [WARN] Pas de mappage pour: SERVICES_GENERAUX - Visiteurs () - permission ignorée sur SCRIPT/script_modifier_lechampmail_proxyadresseSMTP.txt
[2026-06-08 16:54:40] [WARN] Pas de mappage pour: SERVICES_GENERAUX - Membres () - permission ignorée sur SCRIPT/script_modifier_lechampmail_proxyadresseSMTP.txt
[2026-06-08 16:54:40] [SUCCESS] Permission appliquée: Equipe INFRA [write] -> SCRIPT/script_modifier_lechampmail_proxyadresseSMTP.txt
[2026-06-08 16:54:40] [WARN] Impossible de résoudre 'grp_test' dans le tenant destination - permission ignorée
[2026-06-08 16:54:40] [WARN] Pas de mappage pour: Propriétaires de SERVICES_GENERAUX () - permission ignorée sur SCRIPT/script_modifier_lechampmail_proxyadresseSMTP.txt
[2026-06-08 16:54:40] [INFO] Traitement: /SCRIPT/Script_modifier_proxyadress.txt (5 permission(s))
[2026-06-08 16:54:40] [INFO] === COPIE REELLE: SCRIPT/Script_modifier_proxyadress.txt ===
[2026-06-08 16:54:41] [SUCCESS] === FICHIER COPIE AVEC SUCCES: SCRIPT/Script_modifier_proxyadress.txt ===
[2026-06-08 16:54:41] [WARN] Pas de mappage pour: Propriétaires de SERVICES_GENERAUX () - permission ignorée sur SCRIPT/Script_modifier_proxyadress.txt
[2026-06-08 16:54:41] [WARN] Pas de mappage pour: SERVICES_GENERAUX - Visiteurs () - permission ignorée sur SCRIPT/Script_modifier_proxyadress.txt
[2026-06-08 16:54:41] [WARN] Pas de mappage pour: SERVICES_GENERAUX - Membres () - permission ignorée sur SCRIPT/Script_modifier_proxyadress.txt
[2026-06-08 16:54:42] [SUCCESS] Permission appliquée: Equipe INFRA [write] -> SCRIPT/Script_modifier_proxyadress.txt
[2026-06-08 16:54:42] [WARN] Impossible de résoudre 'grp_test' dans le tenant destination - permission ignorée
[2026-06-08 16:54:42] [INFO] Traitement: /SCRIPT/script_provisionning_OneDrive.txt (5 permission(s))
[2026-06-08 16:54:42] [INFO] === COPIE REELLE: SCRIPT/script_provisionning_OneDrive.txt ===
[2026-06-08 16:54:43] [SUCCESS] === FICHIER COPIE AVEC SUCCES: SCRIPT/script_provisionning_OneDrive.txt ===
[2026-06-08 16:54:43] [WARN] Pas de mappage pour: Propriétaires de SERVICES_GENERAUX () - permission ignorée sur SCRIPT/script_provisionning_OneDrive.txt
[2026-06-08 16:54:43] [WARN] Pas de mappage pour: SERVICES_GENERAUX - Visiteurs () - permission ignorée sur SCRIPT/script_provisionning_OneDrive.txt
[2026-06-08 16:54:43] [SUCCESS] Permission appliquée: Equipe INFRA [write] -> SCRIPT/script_provisionning_OneDrive.txt
[2026-06-08 16:54:43] [WARN] Impossible de résoudre 'grp_test' dans le tenant destination - permission ignorée
[2026-06-08 16:54:43] [WARN] Pas de mappage pour: SERVICES_GENERAUX - Membres () - permission ignorée sur SCRIPT/script_provisionning_OneDrive.txt
[2026-06-08 16:54:43] [INFO] Traitement: /SCRIPT/script_remplacer_UPN_AD.txt (5 permission(s))
[2026-06-08 16:54:43] [INFO] === COPIE REELLE: SCRIPT/script_remplacer_UPN_AD.txt ===
[2026-06-08 16:54:44] [SUCCESS] === FICHIER COPIE AVEC SUCCES: SCRIPT/script_remplacer_UPN_AD.txt ===
[2026-06-08 16:54:45] [WARN] Pas de mappage pour: Propriétaires de SERVICES_GENERAUX () - permission ignorée sur SCRIPT/script_remplacer_UPN_AD.txt
[2026-06-08 16:54:45] [WARN] Pas de mappage pour: SERVICES_GENERAUX - Visiteurs () - permission ignorée sur SCRIPT/script_remplacer_UPN_AD.txt
[2026-06-08 16:54:45] [WARN] Pas de mappage pour: SERVICES_GENERAUX - Membres () - permission ignorée sur SCRIPT/script_remplacer_UPN_AD.txt
[2026-06-08 16:54:45] [SUCCESS] Permission appliquée: Equipe INFRA [write] -> SCRIPT/script_remplacer_UPN_AD.txt
[2026-06-08 16:54:45] [WARN] Impossible de résoudre 'grp_test' dans le tenant destination - permission ignorée
[2026-06-08 16:54:45] [INFO] Traitement: /SCRIPT/Script_Restauration_SMTP_format.txt (5 permission(s))
[2026-06-08 16:54:45] [INFO] === COPIE REELLE: SCRIPT/Script_Restauration_SMTP_format.txt ===
[2026-06-08 16:54:46] [SUCCESS] === FICHIER COPIE AVEC SUCCES: SCRIPT/Script_Restauration_SMTP_format.txt ===
[2026-06-08 16:54:46] [WARN] Impossible de résoudre 'grp_test' dans le tenant destination - permission ignorée
[2026-06-08 16:54:46] [WARN] Pas de mappage pour: Propriétaires de SERVICES_GENERAUX () - permission ignorée sur SCRIPT/Script_Restauration_SMTP_format.txt
[2026-06-08 16:54:46] [WARN] Pas de mappage pour: SERVICES_GENERAUX - Visiteurs () - permission ignorée sur SCRIPT/Script_Restauration_SMTP_format.txt
[2026-06-08 16:54:46] [WARN] Pas de mappage pour: SERVICES_GENERAUX - Membres () - permission ignorée sur SCRIPT/Script_Restauration_SMTP_format.txt
[2026-06-08 16:54:46] [SUCCESS] Permission appliquée: Equipe INFRA [write] -> SCRIPT/Script_Restauration_SMTP_format.txt
[2026-06-08 16:54:46] [INFO] Traitement: /SCRIPT/Script_Room_Mailbox.txt (5 permission(s))
[2026-06-08 16:54:46] [INFO] === COPIE REELLE: SCRIPT/Script_Room_Mailbox.txt ===
[2026-06-08 16:54:48] [SUCCESS] === FICHIER COPIE AVEC SUCCES: SCRIPT/Script_Room_Mailbox.txt ===
[2026-06-08 16:54:48] [WARN] Pas de mappage pour: SERVICES_GENERAUX - Membres () - permission ignorée sur SCRIPT/Script_Room_Mailbox.txt
[2026-06-08 16:54:48] [WARN] Pas de mappage pour: Propriétaires de SERVICES_GENERAUX () - permission ignorée sur SCRIPT/Script_Room_Mailbox.txt
[2026-06-08 16:54:48] [WARN] Pas de mappage pour: SERVICES_GENERAUX - Visiteurs () - permission ignorée sur SCRIPT/Script_Room_Mailbox.txt
[2026-06-08 16:54:48] [SUCCESS] Permission appliquée: Equipe INFRA [write] -> SCRIPT/Script_Room_Mailbox.txt
[2026-06-08 16:54:48] [WARN] Impossible de résoudre 'grp_test' dans le tenant destination - permission ignorée
[2026-06-08 16:54:48] [INFO] Traitement: /SCRIPT/Script_SGUM_ShareGate.txt (5 permission(s))
[2026-06-08 16:54:48] [INFO] === COPIE REELLE: SCRIPT/Script_SGUM_ShareGate.txt ===
[2026-06-08 16:54:49] [SUCCESS] === FICHIER COPIE AVEC SUCCES: SCRIPT/Script_SGUM_ShareGate.txt ===
[2026-06-08 16:54:50] [WARN] Pas de mappage pour: Propriétaires de SERVICES_GENERAUX () - permission ignorée sur SCRIPT/Script_SGUM_ShareGate.txt
[2026-06-08 16:54:50] [WARN] Pas de mappage pour: SERVICES_GENERAUX - Visiteurs () - permission ignorée sur SCRIPT/Script_SGUM_ShareGate.txt
[2026-06-08 16:54:50] [WARN] Pas de mappage pour: SERVICES_GENERAUX - Membres () - permission ignorée sur SCRIPT/Script_SGUM_ShareGate.txt
[2026-06-08 16:54:50] [SUCCESS] Permission appliquée: Equipe INFRA [write] -> SCRIPT/Script_SGUM_ShareGate.txt
[2026-06-08 16:54:50] [WARN] Impossible de résoudre 'grp_test' dans le tenant destination - permission ignorée
[2026-06-08 16:54:50] [INFO] Traitement: /SCRIPT/SCRIPT8EXTR.txt (5 permission(s))
[2026-06-08 16:54:50] [INFO] === COPIE REELLE: SCRIPT/SCRIPT8EXTR.txt ===
[2026-06-08 16:54:51] [SUCCESS] === FICHIER COPIE AVEC SUCCES: SCRIPT/SCRIPT8EXTR.txt ===
[2026-06-08 16:54:51] [WARN] Pas de mappage pour: Propriétaires de SERVICES_GENERAUX () - permission ignorée sur SCRIPT/SCRIPT8EXTR.txt
[2026-06-08 16:54:51] [WARN] Pas de mappage pour: SERVICES_GENERAUX - Visiteurs () - permission ignorée sur SCRIPT/SCRIPT8EXTR.txt
[2026-06-08 16:54:51] [WARN] Pas de mappage pour: SERVICES_GENERAUX - Membres () - permission ignorée sur SCRIPT/SCRIPT8EXTR.txt
[2026-06-08 16:54:51] [SUCCESS] Permission appliquée: Equipe INFRA [write] -> SCRIPT/SCRIPT8EXTR.txt
[2026-06-08 16:54:51] [WARN] Impossible de résoudre 'grp_test' dans le tenant destination - permission ignorée
[2026-06-08 16:54:51] [INFO] Traitement: /SCRIPT/SharedMailBox_FEBIS.csv (5 permission(s))
[2026-06-08 16:54:51] [INFO] === COPIE REELLE: SCRIPT/SharedMailBox_FEBIS.csv ===
[2026-06-08 16:54:52] [SUCCESS] === FICHIER COPIE AVEC SUCCES: SCRIPT/SharedMailBox_FEBIS.csv ===
[2026-06-08 16:54:53] [WARN] Pas de mappage pour: SERVICES_GENERAUX - Visiteurs () - permission ignorée sur SCRIPT/SharedMailBox_FEBIS.csv
[2026-06-08 16:54:53] [WARN] Pas de mappage pour: Propriétaires de SERVICES_GENERAUX () - permission ignorée sur SCRIPT/SharedMailBox_FEBIS.csv
[2026-06-08 16:54:53] [WARN] Pas de mappage pour: SERVICES_GENERAUX - Membres () - permission ignorée sur SCRIPT/SharedMailBox_FEBIS.csv
[2026-06-08 16:54:53] [SUCCESS] Permission appliquée: Equipe INFRA [write] -> SCRIPT/SharedMailBox_FEBIS.csv
[2026-06-08 16:54:53] [WARN] Impossible de résoudre 'grp_test' dans le tenant destination - permission ignorée
[2026-06-08 16:54:53] [INFO] Traitement: /SCRIPT/suppression_champ_mail_UO.txt (5 permission(s))
[2026-06-08 16:54:53] [INFO] === COPIE REELLE: SCRIPT/suppression_champ_mail_UO.txt ===
[2026-06-08 16:54:54] [SUCCESS] === FICHIER COPIE AVEC SUCCES: SCRIPT/suppression_champ_mail_UO.txt ===
[2026-06-08 16:54:54] [WARN] Pas de mappage pour: Propriétaires de SERVICES_GENERAUX () - permission ignorée sur SCRIPT/suppression_champ_mail_UO.txt
[2026-06-08 16:54:54] [WARN] Pas de mappage pour: SERVICES_GENERAUX - Visiteurs () - permission ignorée sur SCRIPT/suppression_champ_mail_UO.txt
[2026-06-08 16:54:54] [WARN] Pas de mappage pour: SERVICES_GENERAUX - Membres () - permission ignorée sur SCRIPT/suppression_champ_mail_UO.txt
[2026-06-08 16:54:54] [SUCCESS] Permission appliquée: Equipe INFRA [write] -> SCRIPT/suppression_champ_mail_UO.txt
[2026-06-08 16:54:54] [WARN] Impossible de résoudre 'grp_test' dans le tenant destination - permission ignorée
[2026-06-08 16:54:54] [INFO] Traitement: /SCRIPT/suppression_SMTP_UO.txt (5 permission(s))
[2026-06-08 16:54:54] [INFO] === COPIE REELLE: SCRIPT/suppression_SMTP_UO.txt ===
[2026-06-08 16:54:56] [SUCCESS] === FICHIER COPIE AVEC SUCCES: SCRIPT/suppression_SMTP_UO.txt ===
[2026-06-08 16:54:56] [WARN] Pas de mappage pour: SERVICES_GENERAUX - Membres () - permission ignorée sur SCRIPT/suppression_SMTP_UO.txt
[2026-06-08 16:54:56] [SUCCESS] Permission appliquée: Equipe INFRA [write] -> SCRIPT/suppression_SMTP_UO.txt
[2026-06-08 16:54:56] [WARN] Impossible de résoudre 'grp_test' dans le tenant destination - permission ignorée
[2026-06-08 16:54:56] [WARN] Pas de mappage pour: SERVICES_GENERAUX - Visiteurs () - permission ignorée sur SCRIPT/suppression_SMTP_UO.txt
[2026-06-08 16:54:56] [WARN] Pas de mappage pour: Propriétaires de SERVICES_GENERAUX () - permission ignorée sur SCRIPT/suppression_SMTP_UO.txt
[2026-06-08 16:54:56] [INFO] Traitement: /SCRIPT/User_MailBox_docuat.txt (5 permission(s))
[2026-06-08 16:54:56] [INFO] === COPIE REELLE: SCRIPT/User_MailBox_docuat.txt ===
[2026-06-08 16:54:58] [SUCCESS] === FICHIER COPIE AVEC SUCCES: SCRIPT/User_MailBox_docuat.txt ===
[2026-06-08 16:54:58] [WARN] Pas de mappage pour: Propriétaires de SERVICES_GENERAUX () - permission ignorée sur SCRIPT/User_MailBox_docuat.txt
[2026-06-08 16:54:58] [WARN] Pas de mappage pour: SERVICES_GENERAUX - Membres () - permission ignorée sur SCRIPT/User_MailBox_docuat.txt
[2026-06-08 16:54:58] [WARN] Impossible de résoudre 'grp_test' dans le tenant destination - permission ignorée
[2026-06-08 16:54:58] [WARN] Pas de mappage pour: SERVICES_GENERAUX - Visiteurs () - permission ignorée sur SCRIPT/User_MailBox_docuat.txt
[2026-06-08 16:54:58] [SUCCESS] Permission appliquée: Equipe INFRA [write] -> SCRIPT/User_MailBox_docuat.txt
[2026-06-08 16:54:58] [SUCCESS] === COPIE TERMINEE ===
[2026-06-08 16:54:58] [WARN] Erreurs consignées: 15 -> C:\Users\ffaradji-op\Desktop\Mercury script powershell\SharePoint_Errors_2026-06-08_164519.csv
