[2026-07-06 10:58:47] [INFO] =========================================
[2026-07-06 10:58:47] [SUCCESS] === COPIE SHAREPOINT - GESTION DES TOKENS ===
[2026-07-06 10:58:47] [INFO] Version: 5.7
[2026-07-06 10:58:47] [INFO] =========================================
[2026-07-06 10:58:47] [INFO] Chargement traductions: E:\UKREiiF_FinalCopy_path.csv
[2026-07-06 10:58:47] [SUCCESS] source:Source destination: Destination
[2026-07-06 10:58:47] [SUCCESS] source:/ destination: /
[2026-07-06 10:58:47] [SUCCESS] Traductions chargées: 2
[2026-07-06 10:58:47] [INFO] Mappings: 2
[2026-07-06 10:58:47] [SUCCESS] Mappages utilisateurs chargés: 0
[2026-07-06 10:58:47] [INFO] === AUTHENTIFICATION ===
[2026-07-06 10:58:47] [SUCCESS] Nouveau token pour 85a5a352-25d6-4894-a97d-221cd1712dd2|684f670e-6931-4120-b053-f8c9538744f6. Expire à 07/06/2026 11:58:46
[2026-07-06 10:58:47] [SUCCESS] Nouveau token pour 2eea08b8-1972-447b-ad43-d044d042500a|821109a4-6e0e-48e8-b477-8f9b70aa32a4. Expire à 07/06/2026 11:58:46
[2026-07-06 10:58:47] [INFO] === RESOLUTION DES SITES ===
[2026-07-06 10:58:48] [SUCCESS] Source: https://ipdlab.sharepoint.com/sites/SERVICES_GENERAUX
[2026-07-06 10:58:48] [SUCCESS] Drive source: Documents (ID: b!XnWYyX1Yt0OS_raijD1IJ3BoByys1aRJgLg7kzMz9vWsIxCHkG4qSbx5BSt1yNsv)
[2026-07-06 10:58:48] [SUCCESS] Destination: https://infoprodigital365.sharepoint.com/sites/fethygate
[2026-07-06 10:58:48] [SUCCESS] Drive destination: Documents (ID: b!k8jQXFKwk0KwtGsFvJmNhsH5xvG66_JEj-cEjgaHomnZSz8m37iZRJ3SeesLotEx)
[2026-07-06 10:58:48] [INFO] Librairies source: Documents
[2026-07-06 10:58:48] [INFO] Librairies dest:   Documents
[2026-07-06 10:58:48] [INFO] === LECTURE DU FICHIER CSV ===
[2026-07-06 10:58:48] [SUCCESS] Lignes de permissions chargées: 1938
[2026-07-06 10:58:48] [SUCCESS] Chemins uniques à traiter: 333
[2026-07-06 10:58:48] [INFO] Traitement: /Audit_user_gmail.xlsx (5 permission(s))
[2026-07-06 10:58:48] [INFO] === COPIE REELLE: Audit_user_gmail.xlsx ===
[2026-07-06 10:58:49] [SUCCESS] === FICHIER COPIE AVEC SUCCES: Audit_user_gmail.xlsx ===
[2026-07-06 10:58:50] [WARN] Aucun mappage chargé - droits ignorés pour: Audit_user_gmail.xlsx
[2026-07-06 10:58:50] [INFO] Traitement: /Capture d’écran 2026-01-27 172058.jpg (5 permission(s))
[2026-07-06 10:58:50] [INFO] === COPIE REELLE: Capture d’écran 2026-01-27 172058.jpg ===
[2026-07-06 10:58:51] [SUCCESS] === FICHIER COPIE AVEC SUCCES: Capture d’écran 2026-01-27 172058.jpg ===
[2026-07-06 10:58:51] [WARN] Aucun mappage chargé - droits ignorés pour: Capture d’écran 2026-01-27 172058.jpg
[2026-07-06 10:58:51] [INFO] Traitement: /Drive ECHOLINE/ (6 permission(s))
[2026-07-06 10:58:51] [INFO] === COPIE REELLE: Drive ECHOLINE ===
[2026-07-06 10:58:52] [SUCCESS] Dossier cree: Drive ECHOLINE
[2026-07-06 10:58:52] [WARN] Aucun mappage chargé - droits ignorés pour: Drive ECHOLINE
[2026-07-06 10:58:52] [INFO] Traitement: /Drive ECHOLINE/01-Internal Ops/ (6 permission(s))
[2026-07-06 10:58:52] [INFO] === COPIE REELLE: Drive ECHOLINE/01-Internal Ops ===
[2026-07-06 10:58:52] [SUCCESS] Dossier cree: Drive ECHOLINE/01-Internal Ops
[2026-07-06 10:58:52] [WARN] Aucun mappage chargé - droits ignorés pour: Drive ECHOLINE/01-Internal Ops
[2026-07-06 10:58:52] [INFO] Traitement: /Drive ECHOLINE/01-Internal Ops/A-Veilles et traitement/ (6 permission(s))
[2026-07-06 10:58:52] [INFO] === COPIE REELLE: Drive ECHOLINE/01-Internal Ops/A-Veilles et traitement ===
[2026-07-06 10:58:53] [SUCCESS] Dossier cree: Drive ECHOLINE/01-Internal Ops/A-Veilles et traitement
[2026-07-06 10:58:53] [WARN] Aucun mappage chargé - droits ignorés pour: Drive ECHOLINE/01-Internal Ops/A-Veilles et traitement
[2026-07-06 10:58:53] [INFO] Traitement: /Drive ECHOLINE/01-Internal Ops/A-Veilles et traitement/00 - A - Documents accessibles par l'API/ (6 permission(s))
[2026-07-06 10:58:53] [INFO] === COPIE REELLE: Drive ECHOLINE/01-Internal Ops/A-Veilles et traitement/00 - A - Documents accessibles par l'API ===
[2026-07-06 10:58:54] [SUCCESS] Dossier cree: Drive ECHOLINE/01-Internal Ops/A-Veilles et traitement/00 - A - Documents accessibles par l'API
[2026-07-06 10:58:54] [WARN] Aucun mappage chargé - droits ignorés pour: Drive ECHOLINE/01-Internal Ops/A-Veilles et traitement/00 - A - Documents accessibles par l'API
[2026-07-06 10:58:54] [INFO] Traitement: /Drive ECHOLINE/01-Internal Ops/A-Veilles et traitement/Veille reg. Allemagne/ (6 permission(s))
[2026-07-06 10:58:54] [INFO] === COPIE REELLE: Drive ECHOLINE/01-Internal Ops/A-Veilles et traitement/Veille reg. Allemagne ===
[2026-07-06 10:58:55] [SUCCESS] Dossier cree: Drive ECHOLINE/01-Internal Ops/A-Veilles et traitement/Veille reg. Allemagne
[2026-07-06 10:58:55] [WARN] Aucun mappage chargé - droits ignorés pour: Drive ECHOLINE/01-Internal Ops/A-Veilles et traitement/Veille reg. Allemagne
[2026-07-06 10:58:55] [INFO] Traitement: /Drive ECHOLINE/01-Internal Ops/A-Veilles et traitement/Veille reg. Australie/ (6 permission(s))
[2026-07-06 10:58:55] [INFO] === COPIE REELLE: Drive ECHOLINE/01-Internal Ops/A-Veilles et traitement/Veille reg. Australie ===
[2026-07-06 10:58:55] [SUCCESS] Dossier cree: Drive ECHOLINE/01-Internal Ops/A-Veilles et traitement/Veille reg. Australie
[2026-07-06 10:58:56] [WARN] Aucun mappage chargé - droits ignorés pour: Drive ECHOLINE/01-Internal Ops/A-Veilles et traitement/Veille reg. Australie
[2026-07-06 10:58:56] [INFO] Traitement: /Drive ECHOLINE/01-Internal Ops/A-Veilles et traitement/Veille reg. Belgique/ (6 permission(s))
[2026-07-06 10:58:56] [INFO] === COPIE REELLE: Drive ECHOLINE/01-Internal Ops/A-Veilles et traitement/Veille reg. Belgique ===
[2026-07-06 10:58:56] [SUCCESS] Dossier cree: Drive ECHOLINE/01-Internal Ops/A-Veilles et traitement/Veille reg. Belgique
[2026-07-06 10:58:56] [WARN] Aucun mappage chargé - droits ignorés pour: Drive ECHOLINE/01-Internal Ops/A-Veilles et traitement/Veille reg. Belgique
[2026-07-06 10:58:56] [INFO] Traitement: /Drive ECHOLINE/01-Internal Ops/A-Veilles et traitement/Veille reg. Brésil/ (6 permission(s))
[2026-07-06 10:58:56] [INFO] === COPIE REELLE: Drive ECHOLINE/01-Internal Ops/A-Veilles et traitement/Veille reg. Brésil ===
[2026-07-06 10:58:58] [SUCCESS] Dossier cree: Drive ECHOLINE/01-Internal Ops/A-Veilles et traitement/Veille reg. Brésil
[2026-07-06 10:58:58] [WARN] Aucun mappage chargé - droits ignorés pour: Drive ECHOLINE/01-Internal Ops/A-Veilles et traitement/Veille reg. Brésil
[2026-07-06 10:58:58] [INFO] Traitement: /Drive ECHOLINE/01-Internal Ops/A-Veilles et traitement/Veille reg. Canada/ (6 permission(s))
[2026-07-06 10:58:58] [INFO] === COPIE REELLE: Drive ECHOLINE/01-Internal Ops/A-Veilles et traitement/Veille reg. Canada ===
[2026-07-06 10:58:58] [SUCCESS] Dossier cree: Drive ECHOLINE/01-Internal Ops/A-Veilles et traitement/Veille reg. Canada
[2026-07-06 10:58:58] [WARN] Aucun mappage chargé - droits ignorés pour: Drive ECHOLINE/01-Internal Ops/A-Veilles et traitement/Veille reg. Canada
[2026-07-06 10:58:58] [INFO] Traitement: /Drive ECHOLINE/01-Internal Ops/A-Veilles et traitement/Veille reg. Corée du Sud/ (6 permission(s))
[2026-07-06 10:58:58] [INFO] === COPIE REELLE: Drive ECHOLINE/01-Internal Ops/A-Veilles et traitement/Veille reg. Corée du Sud ===
[2026-07-06 10:59:00] [SUCCESS] Dossier cree: Drive ECHOLINE/01-Internal Ops/A-Veilles et traitement/Veille reg. Corée du Sud
[2026-07-06 10:59:00] [WARN] Aucun mappage chargé - droits ignorés pour: Drive ECHOLINE/01-Internal Ops/A-Veilles et traitement/Veille reg. Corée du Sud
[2026-07-06 10:59:00] [INFO] Traitement: /Drive ECHOLINE/01-Internal Ops/A-Veilles et traitement/Veille reg. Espagne/ (6 permission(s))
[2026-07-06 10:59:00] [INFO] === COPIE REELLE: Drive ECHOLINE/01-Internal Ops/A-Veilles et traitement/Veille reg. Espagne ===
[2026-07-06 10:59:00] [SUCCESS] Dossier cree: Drive ECHOLINE/01-Internal Ops/A-Veilles et traitement/Veille reg. Espagne
[2026-07-06 10:59:00] [WARN] Aucun mappage chargé - droits ignorés pour: Drive ECHOLINE/01-Internal Ops/A-Veilles et traitement/Veille reg. Espagne
[2026-07-06 10:59:00] [INFO] Traitement: /Drive ECHOLINE/01-Internal Ops/A-Veilles et traitement/Veille reg. Estonie/ (6 permission(s))
[2026-07-06 10:59:00] [INFO] === COPIE REELLE: Drive ECHOLINE/01-Internal Ops/A-Veilles et traitement/Veille reg. Estonie ===
[2026-07-06 10:59:01] [SUCCESS] Dossier cree: Drive ECHOLINE/01-Internal Ops/A-Veilles et traitement/Veille reg. Estonie
[2026-07-06 10:59:01] [WARN] Aucun mappage chargé - droits ignorés pour: Drive ECHOLINE/01-Internal Ops/A-Veilles et traitement/Veille reg. Estonie
[2026-07-06 10:59:01] [INFO] Traitement: /Drive ECHOLINE/01-Internal Ops/A-Veilles et traitement/Veille reg. Europe/ (6 permission(s))
[2026-07-06 10:59:01] [INFO] === COPIE REELLE: Drive ECHOLINE/01-Internal Ops/A-Veilles et traitement/Veille reg. Europe ===
[2026-07-06 10:59:02] [SUCCESS] Dossier cree: Drive ECHOLINE/01-Internal Ops/A-Veilles et traitement/Veille reg. Europe
[2026-07-06 10:59:02] [WARN] Aucun mappage chargé - droits ignorés pour: Drive ECHOLINE/01-Internal Ops/A-Veilles et traitement/Veille reg. Europe
[2026-07-06 10:59:02] [INFO] Traitement: /Drive ECHOLINE/01-Internal Ops/A-Veilles et traitement/Veille reg. Finlande/ (6 permission(s))
[2026-07-06 10:59:02] [INFO] === COPIE REELLE: Drive ECHOLINE/01-Internal Ops/A-Veilles et traitement/Veille reg. Finlande ===
[2026-07-06 10:59:03] [SUCCESS] Dossier cree: Drive ECHOLINE/01-Internal Ops/A-Veilles et traitement/Veille reg. Finlande
[2026-07-06 10:59:03] [WARN] Aucun mappage chargé - droits ignorés pour: Drive ECHOLINE/01-Internal Ops/A-Veilles et traitement/Veille reg. Finlande
[2026-07-06 10:59:03] [INFO] Traitement: /Drive ECHOLINE/01-Internal Ops/A-Veilles et traitement/Veille reg. France/ (6 permission(s))
[2026-07-06 10:59:03] [INFO] === COPIE REELLE: Drive ECHOLINE/01-Internal Ops/A-Veilles et traitement/Veille reg. France ===
[2026-07-06 10:59:04] [SUCCESS] Dossier cree: Drive ECHOLINE/01-Internal Ops/A-Veilles et traitement/Veille reg. France
[2026-07-06 10:59:04] [WARN] Aucun mappage chargé - droits ignorés pour: Drive ECHOLINE/01-Internal Ops/A-Veilles et traitement/Veille reg. France
[2026-07-06 10:59:04] [INFO] Traitement: /Drive ECHOLINE/01-Internal Ops/A-Veilles et traitement/Veille reg. Inde/ (6 permission(s))
[2026-07-06 10:59:04] [INFO] === COPIE REELLE: Drive ECHOLINE/01-Internal Ops/A-Veilles et traitement/Veille reg. Inde ===
[2026-07-06 10:59:05] [SUCCESS] Dossier cree: Drive ECHOLINE/01-Internal Ops/A-Veilles et traitement/Veille reg. Inde
[2026-07-06 10:59:05] [WARN] Aucun mappage chargé - droits ignorés pour: Drive ECHOLINE/01-Internal Ops/A-Veilles et traitement/Veille reg. Inde
[2026-07-06 10:59:05] [INFO] Traitement: /Drive ECHOLINE/01-Internal Ops/A-Veilles et traitement/Veille reg. Irlande/ (6 permission(s))
[2026-07-06 10:59:05] [INFO] === COPIE REELLE: Drive ECHOLINE/01-Internal Ops/A-Veilles et traitement/Veille reg. Irlande ===
[2026-07-06 10:59:05] [SUCCESS] Dossier cree: Drive ECHOLINE/01-Internal Ops/A-Veilles et traitement/Veille reg. Irlande
[2026-07-06 10:59:05] [WARN] Aucun mappage chargé - droits ignorés pour: Drive ECHOLINE/01-Internal Ops/A-Veilles et traitement/Veille reg. Irlande
[2026-07-06 10:59:05] [INFO] Traitement: /Drive ECHOLINE/01-Internal Ops/A-Veilles et traitement/Veille reg. Italie/ (6 permission(s))
[2026-07-06 10:59:05] [INFO] === COPIE REELLE: Drive ECHOLINE/01-Internal Ops/A-Veilles et traitement/Veille reg. Italie ===
[2026-07-06 10:59:06] [SUCCESS] Dossier cree: Drive ECHOLINE/01-Internal Ops/A-Veilles et traitement/Veille reg. Italie
[2026-07-06 10:59:06] [WARN] Aucun mappage chargé - droits ignorés pour: Drive ECHOLINE/01-Internal Ops/A-Veilles et traitement/Veille reg. Italie
[2026-07-06 10:59:06] [INFO] Traitement: /Drive ECHOLINE/01-Internal Ops/A-Veilles et traitement/Veille reg. Luxembourg/ (6 permission(s))
[2026-07-06 10:59:06] [INFO] === COPIE REELLE: Drive ECHOLINE/01-Internal Ops/A-Veilles et traitement/Veille reg. Luxembourg ===
[2026-07-06 10:59:07] [SUCCESS] Dossier cree: Drive ECHOLINE/01-Internal Ops/A-Veilles et traitement/Veille reg. Luxembourg
[2026-07-06 10:59:07] [WARN] Aucun mappage chargé - droits ignorés pour: Drive ECHOLINE/01-Internal Ops/A-Veilles et traitement/Veille reg. Luxembourg
[2026-07-06 10:59:07] [INFO] Traitement: /Drive ECHOLINE/01-Internal Ops/A-Veilles et traitement/Veille reg. Malaysie/ (6 permission(s))
[2026-07-06 10:59:07] [INFO] === COPIE REELLE: Drive ECHOLINE/01-Internal Ops/A-Veilles et traitement/Veille reg. Malaysie ===
[2026-07-06 10:59:08] [SUCCESS] Dossier cree: Drive ECHOLINE/01-Internal Ops/A-Veilles et traitement/Veille reg. Malaysie
[2026-07-06 10:59:08] [WARN] Aucun mappage chargé - droits ignorés pour: Drive ECHOLINE/01-Internal Ops/A-Veilles et traitement/Veille reg. Malaysie
[2026-07-06 10:59:08] [INFO] Traitement: /Drive ECHOLINE/01-Internal Ops/A-Veilles et traitement/Veille reg. Maroc/ (6 permission(s))
[2026-07-06 10:59:08] [INFO] === COPIE REELLE: Drive ECHOLINE/01-Internal Ops/A-Veilles et traitement/Veille reg. Maroc ===
[2026-07-06 10:59:08] [SUCCESS] Dossier cree: Drive ECHOLINE/01-Internal Ops/A-Veilles et traitement/Veille reg. Maroc
[2026-07-06 10:59:08] [WARN] Aucun mappage chargé - droits ignorés pour: Drive ECHOLINE/01-Internal Ops/A-Veilles et traitement/Veille reg. Maroc
[2026-07-06 10:59:08] [INFO] Traitement: /Drive ECHOLINE/01-Internal Ops/A-Veilles et traitement/Veille reg. Pologne/ (6 permission(s))
[2026-07-06 10:59:08] [INFO] === COPIE REELLE: Drive ECHOLINE/01-Internal Ops/A-Veilles et traitement/Veille reg. Pologne ===
[2026-07-06 10:59:09] [SUCCESS] Dossier cree: Drive ECHOLINE/01-Internal Ops/A-Veilles et traitement/Veille reg. Pologne
[2026-07-06 10:59:09] [WARN] Aucun mappage chargé - droits ignorés pour: Drive ECHOLINE/01-Internal Ops/A-Veilles et traitement/Veille reg. Pologne
[2026-07-06 10:59:09] [INFO] Traitement: /Drive ECHOLINE/01-Internal Ops/A-Veilles et traitement/Veille reg. Portugal/ (6 permission(s))
[2026-07-06 10:59:09] [INFO] === COPIE REELLE: Drive ECHOLINE/01-Internal Ops/A-Veilles et traitement/Veille reg. Portugal ===
[2026-07-06 10:59:10] [SUCCESS] Dossier cree: Drive ECHOLINE/01-Internal Ops/A-Veilles et traitement/Veille reg. Portugal
[2026-07-06 10:59:10] [WARN] Aucun mappage chargé - droits ignorés pour: Drive ECHOLINE/01-Internal Ops/A-Veilles et traitement/Veille reg. Portugal
[2026-07-06 10:59:10] [INFO] Traitement: /Drive ECHOLINE/01-Internal Ops/A-Veilles et traitement/Veille reg. Royaume-Uni/ (6 permission(s))
[2026-07-06 10:59:10] [INFO] === COPIE REELLE: Drive ECHOLINE/01-Internal Ops/A-Veilles et traitement/Veille reg. Royaume-Uni ===
[2026-07-06 10:59:11] [SUCCESS] Dossier cree: Drive ECHOLINE/01-Internal Ops/A-Veilles et traitement/Veille reg. Royaume-Uni
[2026-07-06 10:59:11] [WARN] Aucun mappage chargé - droits ignorés pour: Drive ECHOLINE/01-Internal Ops/A-Veilles et traitement/Veille reg. Royaume-Uni
[2026-07-06 10:59:11] [INFO] Traitement: /Drive ECHOLINE/01-Internal Ops/A-Veilles et traitement/Veille reg. Singapour/ (6 permission(s))
[2026-07-06 10:59:11] [INFO] === COPIE REELLE: Drive ECHOLINE/01-Internal Ops/A-Veilles et traitement/Veille reg. Singapour ===
[2026-07-06 10:59:12] [SUCCESS] Dossier cree: Drive ECHOLINE/01-Internal Ops/A-Veilles et traitement/Veille reg. Singapour
[2026-07-06 10:59:12] [WARN] Aucun mappage chargé - droits ignorés pour: Drive ECHOLINE/01-Internal Ops/A-Veilles et traitement/Veille reg. Singapour
[2026-07-06 10:59:12] [INFO] Traitement: /Drive ECHOLINE/01-Internal Ops/A-Veilles et traitement/Veille reg. Suède/ (6 permission(s))
[2026-07-06 10:59:12] [INFO] === COPIE REELLE: Drive ECHOLINE/01-Internal Ops/A-Veilles et traitement/Veille reg. Suède ===
[2026-07-06 10:59:13] [SUCCESS] Dossier cree: Drive ECHOLINE/01-Internal Ops/A-Veilles et traitement/Veille reg. Suède
[2026-07-06 10:59:13] [WARN] Aucun mappage chargé - droits ignorés pour: Drive ECHOLINE/01-Internal Ops/A-Veilles et traitement/Veille reg. Suède
[2026-07-06 10:59:13] [INFO] Traitement: /Drive ECHOLINE/01-Internal Ops/A-Veilles et traitement/Veille reg. Suisse/ (6 permission(s))
[2026-07-06 10:59:13] [INFO] === COPIE REELLE: Drive ECHOLINE/01-Internal Ops/A-Veilles et traitement/Veille reg. Suisse ===
[2026-07-06 10:59:14] [SUCCESS] Dossier cree: Drive ECHOLINE/01-Internal Ops/A-Veilles et traitement/Veille reg. Suisse
[2026-07-06 10:59:14] [WARN] Aucun mappage chargé - droits ignorés pour: Drive ECHOLINE/01-Internal Ops/A-Veilles et traitement/Veille reg. Suisse
[2026-07-06 10:59:14] [INFO] Traitement: /Drive ECHOLINE/01-Internal Ops/A-Veilles et traitement/Veille reg. Tunisie/ (6 permission(s))
[2026-07-06 10:59:14] [INFO] === COPIE REELLE: Drive ECHOLINE/01-Internal Ops/A-Veilles et traitement/Veille reg. Tunisie ===
[2026-07-06 10:59:15] [SUCCESS] Dossier cree: Drive ECHOLINE/01-Internal Ops/A-Veilles et traitement/Veille reg. Tunisie
[2026-07-06 10:59:15] [WARN] Aucun mappage chargé - droits ignorés pour: Drive ECHOLINE/01-Internal Ops/A-Veilles et traitement/Veille reg. Tunisie
[2026-07-06 10:59:15] [INFO] Traitement: /Drive ECHOLINE/01-Internal Ops/A-Veilles et traitement/Veille reg. USA/ (6 permission(s))
[2026-07-06 10:59:15] [INFO] === COPIE REELLE: Drive ECHOLINE/01-Internal Ops/A-Veilles et traitement/Veille reg. USA ===
[2026-07-06 10:59:16] [SUCCESS] Dossier cree: Drive ECHOLINE/01-Internal Ops/A-Veilles et traitement/Veille reg. USA
[2026-07-06 10:59:16] [WARN] Aucun mappage chargé - droits ignorés pour: Drive ECHOLINE/01-Internal Ops/A-Veilles et traitement/Veille reg. USA
[2026-07-06 10:59:16] [INFO] Traitement: /Drive ECHOLINE/01-Internal Ops/B-Partenaires veille int._/ (6 permission(s))
[2026-07-06 10:59:16] [INFO] === COPIE REELLE: Drive ECHOLINE/01-Internal Ops/B-Partenaires veille int._ ===
[2026-07-06 10:59:16] [SUCCESS] Dossier cree: Drive ECHOLINE/01-Internal Ops/B-Partenaires veille int._
[2026-07-06 10:59:16] [WARN] Aucun mappage chargé - droits ignorés pour: Drive ECHOLINE/01-Internal Ops/B-Partenaires veille int._
[2026-07-06 10:59:16] [INFO] Traitement: /Drive ECHOLINE/01-Internal Ops/B-Partenaires veille int._/Nimonik/ (6 permission(s))
[2026-07-06 10:59:16] [INFO] === COPIE REELLE: Drive ECHOLINE/01-Internal Ops/B-Partenaires veille int._/Nimonik ===
[2026-07-06 10:59:17] [SUCCESS] Dossier cree: Drive ECHOLINE/01-Internal Ops/B-Partenaires veille int._/Nimonik
[2026-07-06 10:59:17] [WARN] Aucun mappage chargé - droits ignorés pour: Drive ECHOLINE/01-Internal Ops/B-Partenaires veille int._/Nimonik
[2026-07-06 10:59:17] [INFO] Traitement: /Drive ECHOLINE/01-Internal Ops/B-Partenaires veille int._/Notisum/ (6 permission(s))
[2026-07-06 10:59:17] [INFO] === COPIE REELLE: Drive ECHOLINE/01-Internal Ops/B-Partenaires veille int._/Notisum ===
[2026-07-06 10:59:18] [SUCCESS] Dossier cree: Drive ECHOLINE/01-Internal Ops/B-Partenaires veille int._/Notisum
[2026-07-06 10:59:18] [WARN] Aucun mappage chargé - droits ignorés pour: Drive ECHOLINE/01-Internal Ops/B-Partenaires veille int._/Notisum
[2026-07-06 10:59:18] [INFO] Traitement: /Drive ECHOLINE/01-Internal Ops/B-Partenaires veille int._/ZZ-Archives/ (6 permission(s))
[2026-07-06 10:59:18] [INFO] === COPIE REELLE: Drive ECHOLINE/01-Internal Ops/B-Partenaires veille int._/ZZ-Archives ===
[2026-07-06 10:59:19] [SUCCESS] Dossier cree: Drive ECHOLINE/01-Internal Ops/B-Partenaires veille int._/ZZ-Archives
[2026-07-06 10:59:19] [WARN] Aucun mappage chargé - droits ignorés pour: Drive ECHOLINE/01-Internal Ops/B-Partenaires veille int._/ZZ-Archives
[2026-07-06 10:59:19] [INFO] Traitement: /Drive ECHOLINE/01-Internal Ops/C-Projets/ (6 permission(s))
[2026-07-06 10:59:19] [INFO] === COPIE REELLE: Drive ECHOLINE/01-Internal Ops/C-Projets ===
[2026-07-06 10:59:20] [SUCCESS] Dossier cree: Drive ECHOLINE/01-Internal Ops/C-Projets
[2026-07-06 10:59:20] [WARN] Aucun mappage chargé - droits ignorés pour: Drive ECHOLINE/01-Internal Ops/C-Projets
[2026-07-06 10:59:20] [INFO] Traitement: /Drive ECHOLINE/01-Internal Ops/C-Projets/Fiches thématiques/ (6 permission(s))
[2026-07-06 10:59:20] [INFO] === COPIE REELLE: Drive ECHOLINE/01-Internal Ops/C-Projets/Fiches thématiques ===
[2026-07-06 10:59:21] [SUCCESS] Dossier cree: Drive ECHOLINE/01-Internal Ops/C-Projets/Fiches thématiques
[2026-07-06 10:59:21] [WARN] Aucun mappage chargé - droits ignorés pour: Drive ECHOLINE/01-Internal Ops/C-Projets/Fiches thématiques
[2026-07-06 10:59:21] [INFO] Traitement: /Drive ECHOLINE/01-Internal Ops/C-Projets/Normes/ (6 permission(s))
[2026-07-06 10:59:21] [INFO] === COPIE REELLE: Drive ECHOLINE/01-Internal Ops/C-Projets/Normes ===
[2026-07-06 10:59:21] [SUCCESS] Dossier cree: Drive ECHOLINE/01-Internal Ops/C-Projets/Normes
[2026-07-06 10:59:21] [WARN] Aucun mappage chargé - droits ignorés pour: Drive ECHOLINE/01-Internal Ops/C-Projets/Normes
[2026-07-06 10:59:21] [INFO] Traitement: /Drive ECHOLINE/01-Internal Ops/C-Projets/Projet QSE Veille/ (6 permission(s))
[2026-07-06 10:59:21] [INFO] === COPIE REELLE: Drive ECHOLINE/01-Internal Ops/C-Projets/Projet QSE Veille ===
[2026-07-06 10:59:22] [SUCCESS] Dossier cree: Drive ECHOLINE/01-Internal Ops/C-Projets/Projet QSE Veille
[2026-07-06 10:59:22] [WARN] Aucun mappage chargé - droits ignorés pour: Drive ECHOLINE/01-Internal Ops/C-Projets/Projet QSE Veille
[2026-07-06 10:59:22] [INFO] Traitement: /Drive ECHOLINE/01-Internal Ops/D-OKRs-KPIs/ (6 permission(s))
[2026-07-06 10:59:22] [INFO] === COPIE REELLE: Drive ECHOLINE/01-Internal Ops/D-OKRs-KPIs ===
[2026-07-06 10:59:23] [SUCCESS] Dossier cree: Drive ECHOLINE/01-Internal Ops/D-OKRs-KPIs
[2026-07-06 10:59:23] [WARN] Aucun mappage chargé - droits ignorés pour: Drive ECHOLINE/01-Internal Ops/D-OKRs-KPIs
[2026-07-06 10:59:23] [INFO] Traitement: /Drive ECHOLINE/01-Internal Ops/E-Ressources juridiques/ (6 permission(s))
[2026-07-06 10:59:23] [INFO] === COPIE REELLE: Drive ECHOLINE/01-Internal Ops/E-Ressources juridiques ===
[2026-07-06 10:59:24] [SUCCESS] Dossier cree: Drive ECHOLINE/01-Internal Ops/E-Ressources juridiques
[2026-07-06 10:59:24] [WARN] Aucun mappage chargé - droits ignorés pour: Drive ECHOLINE/01-Internal Ops/E-Ressources juridiques
[2026-07-06 10:59:24] [INFO] Traitement: /Drive ECHOLINE/01-Internal Ops/E-Ressources juridiques/Environnement/ (6 permission(s))
[2026-07-06 10:59:24] [INFO] === COPIE REELLE: Drive ECHOLINE/01-Internal Ops/E-Ressources juridiques/Environnement ===
[2026-07-06 10:59:24] [SUCCESS] Dossier cree: Drive ECHOLINE/01-Internal Ops/E-Ressources juridiques/Environnement
[2026-07-06 10:59:24] [WARN] Aucun mappage chargé - droits ignorés pour: Drive ECHOLINE/01-Internal Ops/E-Ressources juridiques/Environnement
[2026-07-06 10:59:24] [INFO] Traitement: /Drive ECHOLINE/01-Internal Ops/E-Ressources juridiques/Sécurité au travail/ (6 permission(s))
[2026-07-06 10:59:24] [INFO] === COPIE REELLE: Drive ECHOLINE/01-Internal Ops/E-Ressources juridiques/Sécurité au travail ===
[2026-07-06 10:59:26] [SUCCESS] Dossier cree: Drive ECHOLINE/01-Internal Ops/E-Ressources juridiques/Sécurité au travail
[2026-07-06 10:59:26] [WARN] Aucun mappage chargé - droits ignorés pour: Drive ECHOLINE/01-Internal Ops/E-Ressources juridiques/Sécurité au travail
[2026-07-06 10:59:26] [INFO] Traitement: /Drive ECHOLINE/01-Internal Ops/ZZ-Archives/ (6 permission(s))
[2026-07-06 10:59:26] [INFO] === COPIE REELLE: Drive ECHOLINE/01-Internal Ops/ZZ-Archives ===
[2026-07-06 10:59:26] [SUCCESS] Dossier cree: Drive ECHOLINE/01-Internal Ops/ZZ-Archives
[2026-07-06 10:59:26] [WARN] Aucun mappage chargé - droits ignorés pour: Drive ECHOLINE/01-Internal Ops/ZZ-Archives
[2026-07-06 10:59:26] [INFO] Traitement: /Drive ECHOLINE/01-Internal Ops/ZZ-Archives/Check List - Traitement/ (6 permission(s))
[2026-07-06 10:59:26] [INFO] === COPIE REELLE: Drive ECHOLINE/01-Internal Ops/ZZ-Archives/Check List - Traitement ===
[2026-07-06 10:59:27] [SUCCESS] Dossier cree: Drive ECHOLINE/01-Internal Ops/ZZ-Archives/Check List - Traitement
[2026-07-06 10:59:27] [WARN] Aucun mappage chargé - droits ignorés pour: Drive ECHOLINE/01-Internal Ops/ZZ-Archives/Check List - Traitement
[2026-07-06 10:59:27] [INFO] Traitement: /Drive ECHOLINE/01-Internal Ops/ZZ-Archives/Process et procédures/ (6 permission(s))
[2026-07-06 10:59:27] [INFO] === COPIE REELLE: Drive ECHOLINE/01-Internal Ops/ZZ-Archives/Process et procédures ===
[2026-07-06 10:59:28] [SUCCESS] Dossier cree: Drive ECHOLINE/01-Internal Ops/ZZ-Archives/Process et procédures
[2026-07-06 10:59:28] [WARN] Aucun mappage chargé - droits ignorés pour: Drive ECHOLINE/01-Internal Ops/ZZ-Archives/Process et procédures
[2026-07-06 10:59:28] [INFO] Traitement: /Drive ECHOLINE/01-Internal Ops/ZZ-Archives/Questionnaires/ (6 permission(s))
[2026-07-06 10:59:28] [INFO] === COPIE REELLE: Drive ECHOLINE/01-Internal Ops/ZZ-Archives/Questionnaires ===
[2026-07-06 10:59:29] [SUCCESS] Dossier cree: Drive ECHOLINE/01-Internal Ops/ZZ-Archives/Questionnaires
[2026-07-06 10:59:29] [WARN] Aucun mappage chargé - droits ignorés pour: Drive ECHOLINE/01-Internal Ops/ZZ-Archives/Questionnaires
[2026-07-06 10:59:29] [INFO] Traitement: /Drive ECHOLINE/01-Internal Ops/ZZ-Archives/Thématiques/ (6 permission(s))
[2026-07-06 10:59:29] [INFO] === COPIE REELLE: Drive ECHOLINE/01-Internal Ops/ZZ-Archives/Thématiques ===
[2026-07-06 10:59:30] [SUCCESS] Dossier cree: Drive ECHOLINE/01-Internal Ops/ZZ-Archives/Thématiques
[2026-07-06 10:59:30] [WARN] Aucun mappage chargé - droits ignorés pour: Drive ECHOLINE/01-Internal Ops/ZZ-Archives/Thématiques
[2026-07-06 10:59:30] [INFO] Traitement: /Drive ECHOLINE/02-External Ops/ (6 permission(s))
[2026-07-06 10:59:30] [INFO] === COPIE REELLE: Drive ECHOLINE/02-External Ops ===
[2026-07-06 10:59:30] [SUCCESS] Dossier cree: Drive ECHOLINE/02-External Ops
[2026-07-06 10:59:30] [WARN] Aucun mappage chargé - droits ignorés pour: Drive ECHOLINE/02-External Ops
[2026-07-06 10:59:30] [INFO] Traitement: /Drive ECHOLINE/02-External Ops/A-Suivi prod/ (6 permission(s))
[2026-07-06 10:59:30] [INFO] === COPIE REELLE: Drive ECHOLINE/02-External Ops/A-Suivi prod ===
[2026-07-06 10:59:31] [SUCCESS] Dossier cree: Drive ECHOLINE/02-External Ops/A-Suivi prod
[2026-07-06 10:59:31] [WARN] Aucun mappage chargé - droits ignorés pour: Drive ECHOLINE/02-External Ops/A-Suivi prod
[2026-07-06 10:59:31] [INFO] Traitement: /Drive ECHOLINE/02-External Ops/B-Clients/ (6 permission(s))
[2026-07-06 10:59:31] [INFO] === COPIE REELLE: Drive ECHOLINE/02-External Ops/B-Clients ===
[2026-07-06 10:59:32] [SUCCESS] Dossier cree: Drive ECHOLINE/02-External Ops/B-Clients
[2026-07-06 10:59:32] [WARN] Aucun mappage chargé - droits ignorés pour: Drive ECHOLINE/02-External Ops/B-Clients
[2026-07-06 10:59:32] [INFO] Traitement: /Drive ECHOLINE/02-External Ops/C-Services/ (6 permission(s))
[2026-07-06 10:59:32] [INFO] === COPIE REELLE: Drive ECHOLINE/02-External Ops/C-Services ===
[2026-07-06 10:59:33] [SUCCESS] Dossier cree: Drive ECHOLINE/02-External Ops/C-Services
[2026-07-06 10:59:33] [WARN] Aucun mappage chargé - droits ignorés pour: Drive ECHOLINE/02-External Ops/C-Services
[2026-07-06 10:59:33] [INFO] Traitement: /Drive ECHOLINE/02-External Ops/D-Projets/ (6 permission(s))
[2026-07-06 10:59:33] [INFO] === COPIE REELLE: Drive ECHOLINE/02-External Ops/D-Projets ===
[2026-07-06 10:59:33] [SUCCESS] Dossier cree: Drive ECHOLINE/02-External Ops/D-Projets
[2026-07-06 10:59:33] [WARN] Aucun mappage chargé - droits ignorés pour: Drive ECHOLINE/02-External Ops/D-Projets
[2026-07-06 10:59:33] [INFO] Traitement: /Drive ECHOLINE/02-External Ops/ZZ-Archives/ (6 permission(s))
[2026-07-06 10:59:33] [INFO] === COPIE REELLE: Drive ECHOLINE/02-External Ops/ZZ-Archives ===
[2026-07-06 10:59:34] [SUCCESS] Dossier cree: Drive ECHOLINE/02-External Ops/ZZ-Archives
[2026-07-06 10:59:34] [WARN] Aucun mappage chargé - droits ignorés pour: Drive ECHOLINE/02-External Ops/ZZ-Archives
[2026-07-06 10:59:34] [INFO] Traitement: /Drive ECHOLINE/03-Customer Care/ (6 permission(s))
[2026-07-06 10:59:34] [INFO] === COPIE REELLE: Drive ECHOLINE/03-Customer Care ===
[2026-07-06 10:59:35] [SUCCESS] Dossier cree: Drive ECHOLINE/03-Customer Care
[2026-07-06 10:59:35] [WARN] Aucun mappage chargé - droits ignorés pour: Drive ECHOLINE/03-Customer Care
[2026-07-06 10:59:35] [INFO] Traitement: /Drive ECHOLINE/03-Customer Care/A-Hotline/ (6 permission(s))
[2026-07-06 10:59:35] [INFO] === COPIE REELLE: Drive ECHOLINE/03-Customer Care/A-Hotline ===
[2026-07-06 10:59:35] [SUCCESS] Dossier cree: Drive ECHOLINE/03-Customer Care/A-Hotline
[2026-07-06 10:59:35] [WARN] Aucun mappage chargé - droits ignorés pour: Drive ECHOLINE/03-Customer Care/A-Hotline
[2026-07-06 10:59:35] [INFO] Traitement: /Drive ECHOLINE/03-Customer Care/A-Hotline/Téléphone/ (6 permission(s))
[2026-07-06 10:59:35] [INFO] === COPIE REELLE: Drive ECHOLINE/03-Customer Care/A-Hotline/Téléphone ===
[2026-07-06 10:59:36] [SUCCESS] Dossier cree: Drive ECHOLINE/03-Customer Care/A-Hotline/Téléphone
[2026-07-06 10:59:36] [WARN] Aucun mappage chargé - droits ignorés pour: Drive ECHOLINE/03-Customer Care/A-Hotline/Téléphone
[2026-07-06 10:59:36] [INFO] Traitement: /Drive ECHOLINE/03-Customer Care/A-Hotline/ZZ-Archives/ (6 permission(s))
[2026-07-06 10:59:36] [INFO] === COPIE REELLE: Drive ECHOLINE/03-Customer Care/A-Hotline/ZZ-Archives ===
[2026-07-06 10:59:37] [SUCCESS] Dossier cree: Drive ECHOLINE/03-Customer Care/A-Hotline/ZZ-Archives
[2026-07-06 10:59:38] [WARN] Aucun mappage chargé - droits ignorés pour: Drive ECHOLINE/03-Customer Care/A-Hotline/ZZ-Archives
[2026-07-06 10:59:38] [INFO] Traitement: /Drive ECHOLINE/03-Customer Care/B-NPS/ (6 permission(s))
[2026-07-06 10:59:38] [INFO] === COPIE REELLE: Drive ECHOLINE/03-Customer Care/B-NPS ===
[2026-07-06 10:59:38] [SUCCESS] Dossier cree: Drive ECHOLINE/03-Customer Care/B-NPS
[2026-07-06 10:59:38] [WARN] Aucun mappage chargé - droits ignorés pour: Drive ECHOLINE/03-Customer Care/B-NPS
[2026-07-06 10:59:38] [INFO] Traitement: /Drive ECHOLINE/03-Customer Care/B-NPS/ZZ-Archives/ (6 permission(s))
[2026-07-06 10:59:38] [INFO] === COPIE REELLE: Drive ECHOLINE/03-Customer Care/B-NPS/ZZ-Archives ===
[2026-07-06 10:59:39] [SUCCESS] Dossier cree: Drive ECHOLINE/03-Customer Care/B-NPS/ZZ-Archives
[2026-07-06 10:59:39] [WARN] Aucun mappage chargé - droits ignorés pour: Drive ECHOLINE/03-Customer Care/B-NPS/ZZ-Archives
[2026-07-06 10:59:39] [INFO] Traitement: /Drive ECHOLINE/03-Customer Care/C-Satisfaction score/ (6 permission(s))
[2026-07-06 10:59:39] [INFO] === COPIE REELLE: Drive ECHOLINE/03-Customer Care/C-Satisfaction score ===
[2026-07-06 10:59:40] [SUCCESS] Dossier cree: Drive ECHOLINE/03-Customer Care/C-Satisfaction score
[2026-07-06 10:59:40] [WARN] Aucun mappage chargé - droits ignorés pour: Drive ECHOLINE/03-Customer Care/C-Satisfaction score
[2026-07-06 10:59:40] [INFO] Traitement: /Drive ECHOLINE/03-Customer Care/C-Satisfaction score/ZZ-Archives/ (6 permission(s))
[2026-07-06 10:59:40] [INFO] === COPIE REELLE: Drive ECHOLINE/03-Customer Care/C-Satisfaction score/ZZ-Archives ===
[2026-07-06 10:59:40] [SUCCESS] Dossier cree: Drive ECHOLINE/03-Customer Care/C-Satisfaction score/ZZ-Archives
[2026-07-06 10:59:40] [WARN] Aucun mappage chargé - droits ignorés pour: Drive ECHOLINE/03-Customer Care/C-Satisfaction score/ZZ-Archives
[2026-07-06 10:59:41] [INFO] Traitement: /Drive ECHOLINE/03-Customer Care/D-Reporting/ (6 permission(s))
[2026-07-06 10:59:41] [INFO] === COPIE REELLE: Drive ECHOLINE/03-Customer Care/D-Reporting ===
[2026-07-06 10:59:41] [SUCCESS] Dossier cree: Drive ECHOLINE/03-Customer Care/D-Reporting
[2026-07-06 10:59:41] [WARN] Aucun mappage chargé - droits ignorés pour: Drive ECHOLINE/03-Customer Care/D-Reporting
[2026-07-06 10:59:41] [INFO] Traitement: /Drive ECHOLINE/03-Customer Care/D-Reporting/ZZ-Archives/ (6 permission(s))
[2026-07-06 10:59:41] [INFO] === COPIE REELLE: Drive ECHOLINE/03-Customer Care/D-Reporting/ZZ-Archives ===
[2026-07-06 10:59:42] [SUCCESS] Dossier cree: Drive ECHOLINE/03-Customer Care/D-Reporting/ZZ-Archives
[2026-07-06 10:59:42] [WARN] Aucun mappage chargé - droits ignorés pour: Drive ECHOLINE/03-Customer Care/D-Reporting/ZZ-Archives
[2026-07-06 10:59:42] [INFO] Traitement: /Drive ECHOLINE/04-Community management/ (6 permission(s))
[2026-07-06 10:59:42] [INFO] === COPIE REELLE: Drive ECHOLINE/04-Community management ===
[2026-07-06 10:59:42] [SUCCESS] Dossier cree: Drive ECHOLINE/04-Community management
[2026-07-06 10:59:42] [WARN] Aucun mappage chargé - droits ignorés pour: Drive ECHOLINE/04-Community management
[2026-07-06 10:59:42] [INFO] Traitement: /Drive ECHOLINE/04-Community management/A-Newsletter/ (6 permission(s))
[2026-07-06 10:59:42] [INFO] === COPIE REELLE: Drive ECHOLINE/04-Community management/A-Newsletter ===
[2026-07-06 10:59:43] [SUCCESS] Dossier cree: Drive ECHOLINE/04-Community management/A-Newsletter
[2026-07-06 10:59:43] [WARN] Aucun mappage chargé - droits ignorés pour: Drive ECHOLINE/04-Community management/A-Newsletter
[2026-07-06 10:59:43] [INFO] Traitement: /Drive ECHOLINE/04-Community management/A-Newsletter/ZZ-Archives/ (6 permission(s))
[2026-07-06 10:59:43] [INFO] === COPIE REELLE: Drive ECHOLINE/04-Community management/A-Newsletter/ZZ-Archives ===
[2026-07-06 10:59:44] [SUCCESS] Dossier cree: Drive ECHOLINE/04-Community management/A-Newsletter/ZZ-Archives
[2026-07-06 10:59:44] [WARN] Aucun mappage chargé - droits ignorés pour: Drive ECHOLINE/04-Community management/A-Newsletter/ZZ-Archives
[2026-07-06 10:59:44] [INFO] Traitement: /Drive ECHOLINE/04-Community management/B-Webinar/ (6 permission(s))
[2026-07-06 10:59:44] [INFO] === COPIE REELLE: Drive ECHOLINE/04-Community management/B-Webinar ===
[2026-07-06 10:59:45] [SUCCESS] Dossier cree: Drive ECHOLINE/04-Community management/B-Webinar
[2026-07-06 10:59:45] [WARN] Aucun mappage chargé - droits ignorés pour: Drive ECHOLINE/04-Community management/B-Webinar
[2026-07-06 10:59:45] [INFO] Traitement: /Drive ECHOLINE/04-Community management/B-Webinar/Webinar ECHOLINExBLUMEI/ (6 permission(s))
[2026-07-06 10:59:45] [INFO] === COPIE REELLE: Drive ECHOLINE/04-Community management/B-Webinar/Webinar ECHOLINExBLUMEI ===
[2026-07-06 10:59:46] [SUCCESS] Dossier cree: Drive ECHOLINE/04-Community management/B-Webinar/Webinar ECHOLINExBLUMEI
[2026-07-06 10:59:46] [WARN] Aucun mappage chargé - droits ignorés pour: Drive ECHOLINE/04-Community management/B-Webinar/Webinar ECHOLINExBLUMEI
[2026-07-06 10:59:46] [INFO] Traitement: /Drive ECHOLINE/04-Community management/B-Webinar/ZZ-Archives/ (6 permission(s))
[2026-07-06 10:59:46] [INFO] === COPIE REELLE: Drive ECHOLINE/04-Community management/B-Webinar/ZZ-Archives ===
[2026-07-06 10:59:47] [SUCCESS] Dossier cree: Drive ECHOLINE/04-Community management/B-Webinar/ZZ-Archives
[2026-07-06 10:59:47] [WARN] Aucun mappage chargé - droits ignorés pour: Drive ECHOLINE/04-Community management/B-Webinar/ZZ-Archives
[2026-07-06 10:59:47] [INFO] Traitement: /Drive ECHOLINE/04-Community management/C-Siteweb/ (6 permission(s))
[2026-07-06 10:59:47] [INFO] === COPIE REELLE: Drive ECHOLINE/04-Community management/C-Siteweb ===
[2026-07-06 10:59:47] [SUCCESS] Dossier cree: Drive ECHOLINE/04-Community management/C-Siteweb
[2026-07-06 10:59:47] [WARN] Aucun mappage chargé - droits ignorés pour: Drive ECHOLINE/04-Community management/C-Siteweb
[2026-07-06 10:59:47] [INFO] Traitement: /Drive ECHOLINE/04-Community management/C-Siteweb/Maquettes/ (6 permission(s))
[2026-07-06 10:59:47] [INFO] === COPIE REELLE: Drive ECHOLINE/04-Community management/C-Siteweb/Maquettes ===
[2026-07-06 10:59:48] [SUCCESS] Dossier cree: Drive ECHOLINE/04-Community management/C-Siteweb/Maquettes
[2026-07-06 10:59:48] [WARN] Aucun mappage chargé - droits ignorés pour: Drive ECHOLINE/04-Community management/C-Siteweb/Maquettes
[2026-07-06 10:59:48] [INFO] Traitement: /Drive ECHOLINE/04-Community management/C-Siteweb/ZZ-Archives/ (6 permission(s))
[2026-07-06 10:59:48] [INFO] === COPIE REELLE: Drive ECHOLINE/04-Community management/C-Siteweb/ZZ-Archives ===
[2026-07-06 10:59:49] [SUCCESS] Dossier cree: Drive ECHOLINE/04-Community management/C-Siteweb/ZZ-Archives
[2026-07-06 10:59:49] [WARN] Aucun mappage chargé - droits ignorés pour: Drive ECHOLINE/04-Community management/C-Siteweb/ZZ-Archives
[2026-07-06 10:59:49] [INFO] Traitement: /Drive ECHOLINE/04-Community management/D-Kit communication/ (6 permission(s))
[2026-07-06 10:59:49] [INFO] === COPIE REELLE: Drive ECHOLINE/04-Community management/D-Kit communication ===
[2026-07-06 10:59:50] [SUCCESS] Dossier cree: Drive ECHOLINE/04-Community management/D-Kit communication
[2026-07-06 10:59:50] [WARN] Aucun mappage chargé - droits ignorés pour: Drive ECHOLINE/04-Community management/D-Kit communication
[2026-07-06 10:59:50] [INFO] Traitement: /Drive ECHOLINE/04-Community management/D-Kit communication/Flyers/ (6 permission(s))
[2026-07-06 10:59:50] [INFO] === COPIE REELLE: Drive ECHOLINE/04-Community management/D-Kit communication/Flyers ===
[2026-07-06 10:59:50] [SUCCESS] Dossier cree: Drive ECHOLINE/04-Community management/D-Kit communication/Flyers
[2026-07-06 10:59:50] [WARN] Aucun mappage chargé - droits ignorés pour: Drive ECHOLINE/04-Community management/D-Kit communication/Flyers
[2026-07-06 10:59:50] [INFO] Traitement: /Drive ECHOLINE/04-Community management/D-Kit communication/Illustrations/ (6 permission(s))
[2026-07-06 10:59:50] [INFO] === COPIE REELLE: Drive ECHOLINE/04-Community management/D-Kit communication/Illustrations ===
[2026-07-06 10:59:51] [SUCCESS] Dossier cree: Drive ECHOLINE/04-Community management/D-Kit communication/Illustrations
[2026-07-06 10:59:51] [WARN] Aucun mappage chargé - droits ignorés pour: Drive ECHOLINE/04-Community management/D-Kit communication/Illustrations
[2026-07-06 10:59:51] [INFO] Traitement: /Drive ECHOLINE/04-Community management/D-Kit communication/Images générées par Chat GPT/ (6 permission(s))
[2026-07-06 10:59:51] [INFO] === COPIE REELLE: Drive ECHOLINE/04-Community management/D-Kit communication/Images générées par Chat GPT ===
[2026-07-06 10:59:52] [SUCCESS] Dossier cree: Drive ECHOLINE/04-Community management/D-Kit communication/Images générées par Chat GPT
[2026-07-06 10:59:52] [WARN] Aucun mappage chargé - droits ignorés pour: Drive ECHOLINE/04-Community management/D-Kit communication/Images générées par Chat GPT
[2026-07-06 10:59:52] [INFO] Traitement: /Drive ECHOLINE/04-Community management/D-Kit communication/Logos clients/ (6 permission(s))
[2026-07-06 10:59:52] [INFO] === COPIE REELLE: Drive ECHOLINE/04-Community management/D-Kit communication/Logos clients ===
[2026-07-06 10:59:53] [SUCCESS] Dossier cree: Drive ECHOLINE/04-Community management/D-Kit communication/Logos clients
[2026-07-06 10:59:53] [WARN] Aucun mappage chargé - droits ignorés pour: Drive ECHOLINE/04-Community management/D-Kit communication/Logos clients
[2026-07-06 10:59:53] [INFO] Traitement: /Drive ECHOLINE/04-Community management/D-Kit communication/Logos ECHOLINE/ (6 permission(s))
[2026-07-06 10:59:53] [INFO] === COPIE REELLE: Drive ECHOLINE/04-Community management/D-Kit communication/Logos ECHOLINE ===
[2026-07-06 10:59:54] [SUCCESS] Dossier cree: Drive ECHOLINE/04-Community management/D-Kit communication/Logos ECHOLINE
[2026-07-06 10:59:54] [WARN] Aucun mappage chargé - droits ignorés pour: Drive ECHOLINE/04-Community management/D-Kit communication/Logos ECHOLINE
[2026-07-06 10:59:54] [INFO] Traitement: /Drive ECHOLINE/04-Community management/D-Kit communication/Photos/ (6 permission(s))
[2026-07-06 10:59:54] [INFO] === COPIE REELLE: Drive ECHOLINE/04-Community management/D-Kit communication/Photos ===
[2026-07-06 10:59:55] [SUCCESS] Dossier cree: Drive ECHOLINE/04-Community management/D-Kit communication/Photos
[2026-07-06 10:59:55] [WARN] Aucun mappage chargé - droits ignorés pour: Drive ECHOLINE/04-Community management/D-Kit communication/Photos
[2026-07-06 10:59:55] [INFO] Traitement: /Drive ECHOLINE/04-Community management/D-Kit communication/ZZ-Archives/ (6 permission(s))
[2026-07-06 10:59:55] [INFO] === COPIE REELLE: Drive ECHOLINE/04-Community management/D-Kit communication/ZZ-Archives ===
[2026-07-06 10:59:56] [SUCCESS] Dossier cree: Drive ECHOLINE/04-Community management/D-Kit communication/ZZ-Archives
[2026-07-06 10:59:56] [WARN] Aucun mappage chargé - droits ignorés pour: Drive ECHOLINE/04-Community management/D-Kit communication/ZZ-Archives
[2026-07-06 10:59:56] [INFO] Traitement: /Drive ECHOLINE/04-Community management/E- Linkedin/ (6 permission(s))
[2026-07-06 10:59:56] [INFO] === COPIE REELLE: Drive ECHOLINE/04-Community management/E- Linkedin ===
[2026-07-06 10:59:56] [SUCCESS] Dossier cree: Drive ECHOLINE/04-Community management/E- Linkedin
[2026-07-06 10:59:56] [WARN] Aucun mappage chargé - droits ignorés pour: Drive ECHOLINE/04-Community management/E- Linkedin
[2026-07-06 10:59:56] [INFO] Traitement: /Drive ECHOLINE/04-Community management/E- Linkedin/Carrousel réglementaires/ (6 permission(s))
[2026-07-06 10:59:56] [INFO] === COPIE REELLE: Drive ECHOLINE/04-Community management/E- Linkedin/Carrousel réglementaires ===
[2026-07-06 10:59:57] [SUCCESS] Dossier cree: Drive ECHOLINE/04-Community management/E- Linkedin/Carrousel réglementaires
[2026-07-06 10:59:57] [WARN] Aucun mappage chargé - droits ignorés pour: Drive ECHOLINE/04-Community management/E- Linkedin/Carrousel réglementaires
[2026-07-06 10:59:57] [INFO] Traitement: /Drive ECHOLINE/04-Community management/ZZ-Archives/ (6 permission(s))
[2026-07-06 10:59:57] [INFO] === COPIE REELLE: Drive ECHOLINE/04-Community management/ZZ-Archives ===
[2026-07-06 10:59:58] [SUCCESS] Dossier cree: Drive ECHOLINE/04-Community management/ZZ-Archives
[2026-07-06 10:59:58] [WARN] Aucun mappage chargé - droits ignorés pour: Drive ECHOLINE/04-Community management/ZZ-Archives
[2026-07-06 10:59:58] [INFO] Traitement: /Drive ECHOLINE/04-Community management/ZZ-Archives/Matinales/ (6 permission(s))
[2026-07-06 10:59:58] [INFO] === COPIE REELLE: Drive ECHOLINE/04-Community management/ZZ-Archives/Matinales ===
[2026-07-06 10:59:58] [SUCCESS] Dossier cree: Drive ECHOLINE/04-Community management/ZZ-Archives/Matinales
[2026-07-06 10:59:58] [WARN] Aucun mappage chargé - droits ignorés pour: Drive ECHOLINE/04-Community management/ZZ-Archives/Matinales
[2026-07-06 10:59:59] [INFO] Traitement: /Drive ECHOLINE/05-Sales/ (6 permission(s))
[2026-07-06 10:59:59] [INFO] === COPIE REELLE: Drive ECHOLINE/05-Sales ===
[2026-07-06 10:59:59] [SUCCESS] Dossier cree: Drive ECHOLINE/05-Sales
[2026-07-06 10:59:59] [WARN] Aucun mappage chargé - droits ignorés pour: Drive ECHOLINE/05-Sales
[2026-07-06 10:59:59] [INFO] Traitement: /Drive ECHOLINE/05-Sales/A-Prospects/ (6 permission(s))
[2026-07-06 10:59:59] [INFO] === COPIE REELLE: Drive ECHOLINE/05-Sales/A-Prospects ===
[2026-07-06 11:00:00] [SUCCESS] Dossier cree: Drive ECHOLINE/05-Sales/A-Prospects
[2026-07-06 11:00:00] [WARN] Aucun mappage chargé - droits ignorés pour: Drive ECHOLINE/05-Sales/A-Prospects
[2026-07-06 11:00:00] [INFO] Traitement: /Drive ECHOLINE/05-Sales/A-Prospects/AES SARL/ (6 permission(s))
[2026-07-06 11:00:00] [INFO] === COPIE REELLE: Drive ECHOLINE/05-Sales/A-Prospects/AES SARL ===
[2026-07-06 11:00:00] [SUCCESS] Dossier cree: Drive ECHOLINE/05-Sales/A-Prospects/AES SARL
[2026-07-06 11:00:00] [WARN] Aucun mappage chargé - droits ignorés pour: Drive ECHOLINE/05-Sales/A-Prospects/AES SARL
[2026-07-06 11:00:00] [INFO] Traitement: /Drive ECHOLINE/05-Sales/A-Prospects/ALCHIMIES/ (6 permission(s))
[2026-07-06 11:00:01] [INFO] === COPIE REELLE: Drive ECHOLINE/05-Sales/A-Prospects/ALCHIMIES ===
[2026-07-06 11:00:01] [SUCCESS] Dossier cree: Drive ECHOLINE/05-Sales/A-Prospects/ALCHIMIES
[2026-07-06 11:00:01] [WARN] Aucun mappage chargé - droits ignorés pour: Drive ECHOLINE/05-Sales/A-Prospects/ALCHIMIES
[2026-07-06 11:00:01] [INFO] Traitement: /Drive ECHOLINE/05-Sales/A-Prospects/APAG/ (6 permission(s))
[2026-07-06 11:00:01] [INFO] === COPIE REELLE: Drive ECHOLINE/05-Sales/A-Prospects/APAG ===
[2026-07-06 11:00:02] [SUCCESS] Dossier cree: Drive ECHOLINE/05-Sales/A-Prospects/APAG
[2026-07-06 11:00:02] [WARN] Aucun mappage chargé - droits ignorés pour: Drive ECHOLINE/05-Sales/A-Prospects/APAG
[2026-07-06 11:00:02] [INFO] Traitement: /Drive ECHOLINE/05-Sales/A-Prospects/BIOTOPE/ (6 permission(s))
[2026-07-06 11:00:02] [INFO] === COPIE REELLE: Drive ECHOLINE/05-Sales/A-Prospects/BIOTOPE ===
[2026-07-06 11:00:03] [SUCCESS] Dossier cree: Drive ECHOLINE/05-Sales/A-Prospects/BIOTOPE
[2026-07-06 11:00:03] [WARN] Aucun mappage chargé - droits ignorés pour: Drive ECHOLINE/05-Sales/A-Prospects/BIOTOPE
[2026-07-06 11:00:03] [INFO] Traitement: /Drive ECHOLINE/05-Sales/A-Prospects/BOBITECH/ (6 permission(s))
[2026-07-06 11:00:03] [INFO] === COPIE REELLE: Drive ECHOLINE/05-Sales/A-Prospects/BOBITECH ===
[2026-07-06 11:00:04] [SUCCESS] Dossier cree: Drive ECHOLINE/05-Sales/A-Prospects/BOBITECH
[2026-07-06 11:00:04] [WARN] Aucun mappage chargé - droits ignorés pour: Drive ECHOLINE/05-Sales/A-Prospects/BOBITECH
[2026-07-06 11:00:04] [INFO] Traitement: /Drive ECHOLINE/05-Sales/A-Prospects/CAMO GROUPE/ (6 permission(s))
[2026-07-06 11:00:04] [INFO] === COPIE REELLE: Drive ECHOLINE/05-Sales/A-Prospects/CAMO GROUPE ===
[2026-07-06 11:00:05] [SUCCESS] Dossier cree: Drive ECHOLINE/05-Sales/A-Prospects/CAMO GROUPE
[2026-07-06 11:00:05] [WARN] Aucun mappage chargé - droits ignorés pour: Drive ECHOLINE/05-Sales/A-Prospects/CAMO GROUPE
[2026-07-06 11:00:05] [INFO] Traitement: /Drive ECHOLINE/05-Sales/A-Prospects/CAPSUM/ (6 permission(s))
[2026-07-06 11:00:05] [INFO] === COPIE REELLE: Drive ECHOLINE/05-Sales/A-Prospects/CAPSUM ===
[2026-07-06 11:00:06] [SUCCESS] Dossier cree: Drive ECHOLINE/05-Sales/A-Prospects/CAPSUM
[2026-07-06 11:00:06] [WARN] Aucun mappage chargé - droits ignorés pour: Drive ECHOLINE/05-Sales/A-Prospects/CAPSUM
[2026-07-06 11:00:06] [INFO] Traitement: /Drive ECHOLINE/05-Sales/A-Prospects/CATTIER PARIS/ (6 permission(s))
[2026-07-06 11:00:06] [INFO] === COPIE REELLE: Drive ECHOLINE/05-Sales/A-Prospects/CATTIER PARIS ===
[2026-07-06 11:00:07] [SUCCESS] Dossier cree: Drive ECHOLINE/05-Sales/A-Prospects/CATTIER PARIS
[2026-07-06 11:00:07] [WARN] Aucun mappage chargé - droits ignorés pour: Drive ECHOLINE/05-Sales/A-Prospects/CATTIER PARIS
[2026-07-06 11:00:07] [INFO] Traitement: /Drive ECHOLINE/05-Sales/A-Prospects/CERTINERGY/ (6 permission(s))
[2026-07-06 11:00:07] [INFO] === COPIE REELLE: Drive ECHOLINE/05-Sales/A-Prospects/CERTINERGY ===
[2026-07-06 11:00:08] [SUCCESS] Dossier cree: Drive ECHOLINE/05-Sales/A-Prospects/CERTINERGY
[2026-07-06 11:00:08] [WARN] Aucun mappage chargé - droits ignorés pour: Drive ECHOLINE/05-Sales/A-Prospects/CERTINERGY
[2026-07-06 11:00:08] [INFO] Traitement: /Drive ECHOLINE/05-Sales/A-Prospects/CHARGEURS PCC/ (6 permission(s))
[2026-07-06 11:00:08] [INFO] === COPIE REELLE: Drive ECHOLINE/05-Sales/A-Prospects/CHARGEURS PCC ===
[2026-07-06 11:00:09] [SUCCESS] Dossier cree: Drive ECHOLINE/05-Sales/A-Prospects/CHARGEURS PCC
[2026-07-06 11:00:09] [WARN] Aucun mappage chargé - droits ignorés pour: Drive ECHOLINE/05-Sales/A-Prospects/CHARGEURS PCC
[2026-07-06 11:00:09] [INFO] Traitement: /Drive ECHOLINE/05-Sales/A-Prospects/COLOREY/ (6 permission(s))
[2026-07-06 11:00:09] [INFO] === COPIE REELLE: Drive ECHOLINE/05-Sales/A-Prospects/COLOREY ===
[2026-07-06 11:00:10] [SUCCESS] Dossier cree: Drive ECHOLINE/05-Sales/A-Prospects/COLOREY
[2026-07-06 11:00:10] [WARN] Aucun mappage chargé - droits ignorés pour: Drive ECHOLINE/05-Sales/A-Prospects/COLOREY
[2026-07-06 11:00:10] [INFO] Traitement: /Drive ECHOLINE/05-Sales/A-Prospects/CPCU/ (6 permission(s))
[2026-07-06 11:00:10] [INFO] === COPIE REELLE: Drive ECHOLINE/05-Sales/A-Prospects/CPCU ===
[2026-07-06 11:00:10] [SUCCESS] Dossier cree: Drive ECHOLINE/05-Sales/A-Prospects/CPCU
[2026-07-06 11:00:10] [WARN] Aucun mappage chargé - droits ignorés pour: Drive ECHOLINE/05-Sales/A-Prospects/CPCU
[2026-07-06 11:00:10] [INFO] Traitement: /Drive ECHOLINE/05-Sales/A-Prospects/CTIBIOTECH/ (6 permission(s))
[2026-07-06 11:00:10] [INFO] === COPIE REELLE: Drive ECHOLINE/05-Sales/A-Prospects/CTIBIOTECH ===
[2026-07-06 11:00:11] [SUCCESS] Dossier cree: Drive ECHOLINE/05-Sales/A-Prospects/CTIBIOTECH
[2026-07-06 11:00:11] [WARN] Aucun mappage chargé - droits ignorés pour: Drive ECHOLINE/05-Sales/A-Prospects/CTIBIOTECH
[2026-07-06 11:00:11] [INFO] Traitement: /Drive ECHOLINE/05-Sales/A-Prospects/ELIOR SERVICES/ (6 permission(s))
[2026-07-06 11:00:11] [INFO] === COPIE REELLE: Drive ECHOLINE/05-Sales/A-Prospects/ELIOR SERVICES ===
[2026-07-06 11:00:12] [SUCCESS] Dossier cree: Drive ECHOLINE/05-Sales/A-Prospects/ELIOR SERVICES
[2026-07-06 11:00:12] [WARN] Aucun mappage chargé - droits ignorés pour: Drive ECHOLINE/05-Sales/A-Prospects/ELIOR SERVICES
[2026-07-06 11:00:12] [INFO] Traitement: /Drive ECHOLINE/05-Sales/A-Prospects/ELIS/ (6 permission(s))
[2026-07-06 11:00:12] [INFO] === COPIE REELLE: Drive ECHOLINE/05-Sales/A-Prospects/ELIS ===
[2026-07-06 11:00:13] [SUCCESS] Dossier cree: Drive ECHOLINE/05-Sales/A-Prospects/ELIS
[2026-07-06 11:00:13] [WARN] Aucun mappage chargé - droits ignorés pour: Drive ECHOLINE/05-Sales/A-Prospects/ELIS
[2026-07-06 11:00:13] [INFO] Traitement: /Drive ECHOLINE/05-Sales/A-Prospects/ENTSIA/ (6 permission(s))
[2026-07-06 11:00:13] [INFO] === COPIE REELLE: Drive ECHOLINE/05-Sales/A-Prospects/ENTSIA ===
[2026-07-06 11:00:14] [SUCCESS] Dossier cree: Drive ECHOLINE/05-Sales/A-Prospects/ENTSIA
[2026-07-06 11:00:14] [WARN] Aucun mappage chargé - droits ignorés pour: Drive ECHOLINE/05-Sales/A-Prospects/ENTSIA
[2026-07-06 11:00:14] [INFO] Traitement: /Drive ECHOLINE/05-Sales/A-Prospects/ENVIRIS/ (6 permission(s))
[2026-07-06 11:00:14] [INFO] === COPIE REELLE: Drive ECHOLINE/05-Sales/A-Prospects/ENVIRIS ===
[2026-07-06 11:00:15] [SUCCESS] Dossier cree: Drive ECHOLINE/05-Sales/A-Prospects/ENVIRIS
[2026-07-06 11:00:15] [WARN] Aucun mappage chargé - droits ignorés pour: Drive ECHOLINE/05-Sales/A-Prospects/ENVIRIS
[2026-07-06 11:00:15] [INFO] Traitement: /Drive ECHOLINE/05-Sales/A-Prospects/EUROSOURCING/ (6 permission(s))
[2026-07-06 11:00:15] [INFO] === COPIE REELLE: Drive ECHOLINE/05-Sales/A-Prospects/EUROSOURCING ===
[2026-07-06 11:00:15] [SUCCESS] Dossier cree: Drive ECHOLINE/05-Sales/A-Prospects/EUROSOURCING
[2026-07-06 11:00:15] [WARN] Aucun mappage chargé - droits ignorés pour: Drive ECHOLINE/05-Sales/A-Prospects/EUROSOURCING
[2026-07-06 11:00:15] [INFO] Traitement: /Drive ECHOLINE/05-Sales/A-Prospects/FOURÉ LAGADEC/ (6 permission(s))
[2026-07-06 11:00:15] [INFO] === COPIE REELLE: Drive ECHOLINE/05-Sales/A-Prospects/FOURÉ LAGADEC ===
[2026-07-06 11:00:17] [SUCCESS] Dossier cree: Drive ECHOLINE/05-Sales/A-Prospects/FOURÉ LAGADEC
[2026-07-06 11:00:17] [WARN] Aucun mappage chargé - droits ignorés pour: Drive ECHOLINE/05-Sales/A-Prospects/FOURÉ LAGADEC
[2026-07-06 11:00:17] [INFO] Traitement: /Drive ECHOLINE/05-Sales/A-Prospects/GETRAC/ (6 permission(s))
[2026-07-06 11:00:17] [INFO] === COPIE REELLE: Drive ECHOLINE/05-Sales/A-Prospects/GETRAC ===
[2026-07-06 11:00:18] [SUCCESS] Dossier cree: Drive ECHOLINE/05-Sales/A-Prospects/GETRAC
[2026-07-06 11:00:18] [WARN] Aucun mappage chargé - droits ignorés pour: Drive ECHOLINE/05-Sales/A-Prospects/GETRAC
[2026-07-06 11:00:18] [INFO] Traitement: /Drive ECHOLINE/05-Sales/A-Prospects/GMP GROUP/ (6 permission(s))
[2026-07-06 11:00:18] [INFO] === COPIE REELLE: Drive ECHOLINE/05-Sales/A-Prospects/GMP GROUP ===
[2026-07-06 11:00:19] [SUCCESS] Dossier cree: Drive ECHOLINE/05-Sales/A-Prospects/GMP GROUP
[2026-07-06 11:00:19] [WARN] Aucun mappage chargé - droits ignorés pour: Drive ECHOLINE/05-Sales/A-Prospects/GMP GROUP
[2026-07-06 11:00:19] [INFO] Traitement: /Drive ECHOLINE/05-Sales/A-Prospects/GROUPE BOISSEAU/ (6 permission(s))
[2026-07-06 11:00:19] [INFO] === COPIE REELLE: Drive ECHOLINE/05-Sales/A-Prospects/GROUPE BOISSEAU ===
[2026-07-06 11:00:20] [SUCCESS] Dossier cree: Drive ECHOLINE/05-Sales/A-Prospects/GROUPE BOISSEAU
[2026-07-06 11:00:20] [WARN] Aucun mappage chargé - droits ignorés pour: Drive ECHOLINE/05-Sales/A-Prospects/GROUPE BOISSEAU
[2026-07-06 11:00:20] [INFO] Traitement: /Drive ECHOLINE/05-Sales/A-Prospects/IDI COMPOSITES/ (6 permission(s))
[2026-07-06 11:00:20] [INFO] === COPIE REELLE: Drive ECHOLINE/05-Sales/A-Prospects/IDI COMPOSITES ===
[2026-07-06 11:00:21] [SUCCESS] Dossier cree: Drive ECHOLINE/05-Sales/A-Prospects/IDI COMPOSITES
[2026-07-06 11:00:21] [WARN] Aucun mappage chargé - droits ignorés pour: Drive ECHOLINE/05-Sales/A-Prospects/IDI COMPOSITES
[2026-07-06 11:00:21] [INFO] Traitement: /Drive ECHOLINE/05-Sales/A-Prospects/IPAC FRANCE/ (6 permission(s))
[2026-07-06 11:00:21] [INFO] === COPIE REELLE: Drive ECHOLINE/05-Sales/A-Prospects/IPAC FRANCE ===
[2026-07-06 11:00:21] [SUCCESS] Dossier cree: Drive ECHOLINE/05-Sales/A-Prospects/IPAC FRANCE
[2026-07-06 11:00:21] [WARN] Aucun mappage chargé - droits ignorés pour: Drive ECHOLINE/05-Sales/A-Prospects/IPAC FRANCE
[2026-07-06 11:00:21] [INFO] Traitement: /Drive ECHOLINE/05-Sales/A-Prospects/ISOVER/ (6 permission(s))
[2026-07-06 11:00:21] [INFO] === COPIE REELLE: Drive ECHOLINE/05-Sales/A-Prospects/ISOVER ===
[2026-07-06 11:00:22] [SUCCESS] Dossier cree: Drive ECHOLINE/05-Sales/A-Prospects/ISOVER
[2026-07-06 11:00:22] [WARN] Aucun mappage chargé - droits ignorés pour: Drive ECHOLINE/05-Sales/A-Prospects/ISOVER
[2026-07-06 11:00:22] [INFO] Traitement: /Drive ECHOLINE/05-Sales/A-Prospects/KARINE JEFF/ (6 permission(s))
[2026-07-06 11:00:22] [INFO] === COPIE REELLE: Drive ECHOLINE/05-Sales/A-Prospects/KARINE JEFF ===
[2026-07-06 11:00:23] [SUCCESS] Dossier cree: Drive ECHOLINE/05-Sales/A-Prospects/KARINE JEFF
[2026-07-06 11:00:23] [WARN] Aucun mappage chargé - droits ignorés pour: Drive ECHOLINE/05-Sales/A-Prospects/KARINE JEFF
[2026-07-06 11:00:23] [INFO] Traitement: /Drive ECHOLINE/05-Sales/A-Prospects/KEM ONE/ (6 permission(s))
[2026-07-06 11:00:23] [INFO] === COPIE REELLE: Drive ECHOLINE/05-Sales/A-Prospects/KEM ONE ===
[2026-07-06 11:00:24] [SUCCESS] Dossier cree: Drive ECHOLINE/05-Sales/A-Prospects/KEM ONE
[2026-07-06 11:00:24] [WARN] Aucun mappage chargé - droits ignorés pour: Drive ECHOLINE/05-Sales/A-Prospects/KEM ONE
[2026-07-06 11:00:24] [INFO] Traitement: /Drive ECHOLINE/05-Sales/A-Prospects/LDMI/ (6 permission(s))
[2026-07-06 11:00:24] [INFO] === COPIE REELLE: Drive ECHOLINE/05-Sales/A-Prospects/LDMI ===
[2026-07-06 11:00:25] [SUCCESS] Dossier cree: Drive ECHOLINE/05-Sales/A-Prospects/LDMI
[2026-07-06 11:00:25] [WARN] Aucun mappage chargé - droits ignorés pour: Drive ECHOLINE/05-Sales/A-Prospects/LDMI
[2026-07-06 11:00:25] [INFO] Traitement: /Drive ECHOLINE/05-Sales/A-Prospects/LEZSAISONS/ (6 permission(s))
[2026-07-06 11:00:25] [INFO] === COPIE REELLE: Drive ECHOLINE/05-Sales/A-Prospects/LEZSAISONS ===
[2026-07-06 11:00:26] [SUCCESS] Dossier cree: Drive ECHOLINE/05-Sales/A-Prospects/LEZSAISONS
[2026-07-06 11:00:26] [WARN] Aucun mappage chargé - droits ignorés pour: Drive ECHOLINE/05-Sales/A-Prospects/LEZSAISONS
[2026-07-06 11:00:26] [INFO] Traitement: /Drive ECHOLINE/05-Sales/A-Prospects/MADIC GROUP/ (6 permission(s))
[2026-07-06 11:00:26] [INFO] === COPIE REELLE: Drive ECHOLINE/05-Sales/A-Prospects/MADIC GROUP ===
[2026-07-06 11:00:27] [SUCCESS] Dossier cree: Drive ECHOLINE/05-Sales/A-Prospects/MADIC GROUP
[2026-07-06 11:00:27] [WARN] Aucun mappage chargé - droits ignorés pour: Drive ECHOLINE/05-Sales/A-Prospects/MADIC GROUP
[2026-07-06 11:00:27] [INFO] Traitement: /Drive ECHOLINE/05-Sales/A-Prospects/MARSEILLE TOURISME/ (6 permission(s))
[2026-07-06 11:00:27] [INFO] === COPIE REELLE: Drive ECHOLINE/05-Sales/A-Prospects/MARSEILLE TOURISME ===
[2026-07-06 11:00:28] [SUCCESS] Dossier cree: Drive ECHOLINE/05-Sales/A-Prospects/MARSEILLE TOURISME
[2026-07-06 11:00:28] [WARN] Aucun mappage chargé - droits ignorés pour: Drive ECHOLINE/05-Sales/A-Prospects/MARSEILLE TOURISME
[2026-07-06 11:00:28] [INFO] Traitement: /Drive ECHOLINE/05-Sales/A-Prospects/MATMOND/ (6 permission(s))
[2026-07-06 11:00:28] [INFO] === COPIE REELLE: Drive ECHOLINE/05-Sales/A-Prospects/MATMOND ===
[2026-07-06 11:00:28] [SUCCESS] Dossier cree: Drive ECHOLINE/05-Sales/A-Prospects/MATMOND
[2026-07-06 11:00:29] [WARN] Aucun mappage chargé - droits ignorés pour: Drive ECHOLINE/05-Sales/A-Prospects/MATMOND
[2026-07-06 11:00:29] [INFO] Traitement: /Drive ECHOLINE/05-Sales/A-Prospects/MEDINCELL/ (6 permission(s))
[2026-07-06 11:00:29] [INFO] === COPIE REELLE: Drive ECHOLINE/05-Sales/A-Prospects/MEDINCELL ===
[2026-07-06 11:00:29] [SUCCESS] Dossier cree: Drive ECHOLINE/05-Sales/A-Prospects/MEDINCELL
[2026-07-06 11:00:29] [WARN] Aucun mappage chargé - droits ignorés pour: Drive ECHOLINE/05-Sales/A-Prospects/MEDINCELL
[2026-07-06 11:00:29] [INFO] Traitement: /Drive ECHOLINE/05-Sales/A-Prospects/MOY PARK BEEF/ (6 permission(s))
[2026-07-06 11:00:29] [INFO] === COPIE REELLE: Drive ECHOLINE/05-Sales/A-Prospects/MOY PARK BEEF ===
[2026-07-06 11:00:30] [SUCCESS] Dossier cree: Drive ECHOLINE/05-Sales/A-Prospects/MOY PARK BEEF
[2026-07-06 11:00:30] [WARN] Aucun mappage chargé - droits ignorés pour: Drive ECHOLINE/05-Sales/A-Prospects/MOY PARK BEEF
[2026-07-06 11:00:30] [INFO] Traitement: /Drive ECHOLINE/05-Sales/A-Prospects/NOCIBÉ/ (6 permission(s))
[2026-07-06 11:00:30] [INFO] === COPIE REELLE: Drive ECHOLINE/05-Sales/A-Prospects/NOCIBÉ ===
[2026-07-06 11:00:31] [SUCCESS] Dossier cree: Drive ECHOLINE/05-Sales/A-Prospects/NOCIBÉ
[2026-07-06 11:00:31] [WARN] Aucun mappage chargé - droits ignorés pour: Drive ECHOLINE/05-Sales/A-Prospects/NOCIBÉ
[2026-07-06 11:00:31] [INFO] Traitement: /Drive ECHOLINE/05-Sales/A-Prospects/NORSKE SKOG/ (6 permission(s))
[2026-07-06 11:00:31] [INFO] === COPIE REELLE: Drive ECHOLINE/05-Sales/A-Prospects/NORSKE SKOG ===
[2026-07-06 11:00:32] [SUCCESS] Dossier cree: Drive ECHOLINE/05-Sales/A-Prospects/NORSKE SKOG
[2026-07-06 11:00:32] [WARN] Aucun mappage chargé - droits ignorés pour: Drive ECHOLINE/05-Sales/A-Prospects/NORSKE SKOG
[2026-07-06 11:00:32] [INFO] Traitement: /Drive ECHOLINE/05-Sales/A-Prospects/NUMTECH/ (6 permission(s))
[2026-07-06 11:00:32] [INFO] === COPIE REELLE: Drive ECHOLINE/05-Sales/A-Prospects/NUMTECH ===
[2026-07-06 11:00:33] [SUCCESS] Dossier cree: Drive ECHOLINE/05-Sales/A-Prospects/NUMTECH
[2026-07-06 11:00:33] [WARN] Aucun mappage chargé - droits ignorés pour: Drive ECHOLINE/05-Sales/A-Prospects/NUMTECH
[2026-07-06 11:00:33] [INFO] Traitement: /Drive ECHOLINE/05-Sales/A-Prospects/OMNOVA SOLUTIONS/ (6 permission(s))
[2026-07-06 11:00:33] [INFO] === COPIE REELLE: Drive ECHOLINE/05-Sales/A-Prospects/OMNOVA SOLUTIONS ===
[2026-07-06 11:00:34] [SUCCESS] Dossier cree: Drive ECHOLINE/05-Sales/A-Prospects/OMNOVA SOLUTIONS
[2026-07-06 11:00:34] [WARN] Aucun mappage chargé - droits ignorés pour: Drive ECHOLINE/05-Sales/A-Prospects/OMNOVA SOLUTIONS
[2026-07-06 11:00:34] [INFO] Traitement: /Drive ECHOLINE/05-Sales/A-Prospects/OPTIQUE RICHARD/ (6 permission(s))
[2026-07-06 11:00:34] [INFO] === COPIE REELLE: Drive ECHOLINE/05-Sales/A-Prospects/OPTIQUE RICHARD ===
[2026-07-06 11:00:35] [SUCCESS] Dossier cree: Drive ECHOLINE/05-Sales/A-Prospects/OPTIQUE RICHARD
[2026-07-06 11:00:35] [WARN] Aucun mappage chargé - droits ignorés pour: Drive ECHOLINE/05-Sales/A-Prospects/OPTIQUE RICHARD
[2026-07-06 11:00:35] [INFO] Traitement: /Drive ECHOLINE/05-Sales/A-Prospects/PETROINEOS/ (6 permission(s))
[2026-07-06 11:00:35] [INFO] === COPIE REELLE: Drive ECHOLINE/05-Sales/A-Prospects/PETROINEOS ===
[2026-07-06 11:00:35] [SUCCESS] Dossier cree: Drive ECHOLINE/05-Sales/A-Prospects/PETROINEOS
[2026-07-06 11:00:35] [WARN] Aucun mappage chargé - droits ignorés pour: Drive ECHOLINE/05-Sales/A-Prospects/PETROINEOS
[2026-07-06 11:00:35] [INFO] Traitement: /Drive ECHOLINE/05-Sales/A-Prospects/PROVEPHARM/ (6 permission(s))
[2026-07-06 11:00:35] [INFO] === COPIE REELLE: Drive ECHOLINE/05-Sales/A-Prospects/PROVEPHARM ===
[2026-07-06 11:00:36] [SUCCESS] Dossier cree: Drive ECHOLINE/05-Sales/A-Prospects/PROVEPHARM
[2026-07-06 11:00:36] [WARN] Aucun mappage chargé - droits ignorés pour: Drive ECHOLINE/05-Sales/A-Prospects/PROVEPHARM
[2026-07-06 11:00:36] [INFO] Traitement: /Drive ECHOLINE/05-Sales/A-Prospects/RÉGIE DES EAUX 3M/ (6 permission(s))
[2026-07-06 11:00:36] [INFO] === COPIE REELLE: Drive ECHOLINE/05-Sales/A-Prospects/RÉGIE DES EAUX 3M ===
[2026-07-06 11:00:37] [SUCCESS] Dossier cree: Drive ECHOLINE/05-Sales/A-Prospects/RÉGIE DES EAUX 3M
[2026-07-06 11:00:37] [WARN] Aucun mappage chargé - droits ignorés pour: Drive ECHOLINE/05-Sales/A-Prospects/RÉGIE DES EAUX 3M
[2026-07-06 11:00:37] [INFO] Traitement: /Drive ECHOLINE/05-Sales/A-Prospects/SITPA NESTLÉ/ (6 permission(s))
[2026-07-06 11:00:37] [INFO] === COPIE REELLE: Drive ECHOLINE/05-Sales/A-Prospects/SITPA NESTLÉ ===
[2026-07-06 11:00:39] [SUCCESS] Dossier cree: Drive ECHOLINE/05-Sales/A-Prospects/SITPA NESTLÉ
[2026-07-06 11:00:39] [WARN] Aucun mappage chargé - droits ignorés pour: Drive ECHOLINE/05-Sales/A-Prospects/SITPA NESTLÉ
[2026-07-06 11:00:39] [INFO] Traitement: /Drive ECHOLINE/05-Sales/A-Prospects/SKF/ (6 permission(s))
[2026-07-06 11:00:39] [INFO] === COPIE REELLE: Drive ECHOLINE/05-Sales/A-Prospects/SKF ===
[2026-07-06 11:00:39] [SUCCESS] Dossier cree: Drive ECHOLINE/05-Sales/A-Prospects/SKF
[2026-07-06 11:00:39] [WARN] Aucun mappage chargé - droits ignorés pour: Drive ECHOLINE/05-Sales/A-Prospects/SKF
[2026-07-06 11:00:39] [INFO] Traitement: /Drive ECHOLINE/05-Sales/A-Prospects/SOLARHONA/ (6 permission(s))
[2026-07-06 11:00:39] [INFO] === COPIE REELLE: Drive ECHOLINE/05-Sales/A-Prospects/SOLARHONA ===
[2026-07-06 11:00:40] [SUCCESS] Dossier cree: Drive ECHOLINE/05-Sales/A-Prospects/SOLARHONA
[2026-07-06 11:00:40] [WARN] Aucun mappage chargé - droits ignorés pour: Drive ECHOLINE/05-Sales/A-Prospects/SOLARHONA
[2026-07-06 11:00:40] [INFO] Traitement: /Drive ECHOLINE/05-Sales/A-Prospects/SPIRIT AEROSYSTEMS/ (6 permission(s))
[2026-07-06 11:00:40] [INFO] === COPIE REELLE: Drive ECHOLINE/05-Sales/A-Prospects/SPIRIT AEROSYSTEMS ===
[2026-07-06 11:00:41] [SUCCESS] Dossier cree: Drive ECHOLINE/05-Sales/A-Prospects/SPIRIT AEROSYSTEMS
[2026-07-06 11:00:41] [WARN] Aucun mappage chargé - droits ignorés pour: Drive ECHOLINE/05-Sales/A-Prospects/SPIRIT AEROSYSTEMS
[2026-07-06 11:00:41] [INFO] Traitement: /Drive ECHOLINE/05-Sales/A-Prospects/SUEZ/ (6 permission(s))
[2026-07-06 11:00:41] [INFO] === COPIE REELLE: Drive ECHOLINE/05-Sales/A-Prospects/SUEZ ===
[2026-07-06 11:00:42] [SUCCESS] Dossier cree: Drive ECHOLINE/05-Sales/A-Prospects/SUEZ
[2026-07-06 11:00:42] [WARN] Aucun mappage chargé - droits ignorés pour: Drive ECHOLINE/05-Sales/A-Prospects/SUEZ
[2026-07-06 11:00:42] [INFO] Traitement: /Drive ECHOLINE/05-Sales/A-Prospects/SUPERGROUP/ (6 permission(s))
[2026-07-06 11:00:42] [INFO] === COPIE REELLE: Drive ECHOLINE/05-Sales/A-Prospects/SUPERGROUP ===
[2026-07-06 11:00:43] [SUCCESS] Dossier cree: Drive ECHOLINE/05-Sales/A-Prospects/SUPERGROUP
[2026-07-06 11:00:43] [WARN] Aucun mappage chargé - droits ignorés pour: Drive ECHOLINE/05-Sales/A-Prospects/SUPERGROUP
[2026-07-06 11:00:43] [INFO] Traitement: /Drive ECHOLINE/05-Sales/A-Prospects/THIEVIN/ (6 permission(s))
[2026-07-06 11:00:43] [INFO] === COPIE REELLE: Drive ECHOLINE/05-Sales/A-Prospects/THIEVIN ===
[2026-07-06 11:00:43] [SUCCESS] Dossier cree: Drive ECHOLINE/05-Sales/A-Prospects/THIEVIN
[2026-07-06 11:00:43] [WARN] Aucun mappage chargé - droits ignorés pour: Drive ECHOLINE/05-Sales/A-Prospects/THIEVIN
[2026-07-06 11:00:43] [INFO] Traitement: /Drive ECHOLINE/05-Sales/A-Prospects/TMP CONVERT/ (6 permission(s))
[2026-07-06 11:00:44] [INFO] === COPIE REELLE: Drive ECHOLINE/05-Sales/A-Prospects/TMP CONVERT ===
[2026-07-06 11:00:44] [SUCCESS] Dossier cree: Drive ECHOLINE/05-Sales/A-Prospects/TMP CONVERT
[2026-07-06 11:00:44] [WARN] Aucun mappage chargé - droits ignorés pour: Drive ECHOLINE/05-Sales/A-Prospects/TMP CONVERT
[2026-07-06 11:00:44] [INFO] Traitement: /Drive ECHOLINE/05-Sales/A-Prospects/TOPIVO/ (6 permission(s))
[2026-07-06 11:00:44] [INFO] === COPIE REELLE: Drive ECHOLINE/05-Sales/A-Prospects/TOPIVO ===
[2026-07-06 11:00:45] [SUCCESS] Dossier cree: Drive ECHOLINE/05-Sales/A-Prospects/TOPIVO
[2026-07-06 11:00:45] [WARN] Aucun mappage chargé - droits ignorés pour: Drive ECHOLINE/05-Sales/A-Prospects/TOPIVO
[2026-07-06 11:00:45] [INFO] Traitement: /Drive ECHOLINE/05-Sales/A-Prospects/URBYN/ (6 permission(s))
[2026-07-06 11:00:45] [INFO] === COPIE REELLE: Drive ECHOLINE/05-Sales/A-Prospects/URBYN ===
[2026-07-06 11:00:46] [SUCCESS] Dossier cree: Drive ECHOLINE/05-Sales/A-Prospects/URBYN
[2026-07-06 11:00:46] [WARN] Aucun mappage chargé - droits ignorés pour: Drive ECHOLINE/05-Sales/A-Prospects/URBYN
[2026-07-06 11:00:46] [INFO] Traitement: /Drive ECHOLINE/05-Sales/A-Prospects/VETERNITY/ (6 permission(s))
[2026-07-06 11:00:46] [INFO] === COPIE REELLE: Drive ECHOLINE/05-Sales/A-Prospects/VETERNITY ===
[2026-07-06 11:00:47] [SUCCESS] Dossier cree: Drive ECHOLINE/05-Sales/A-Prospects/VETERNITY
[2026-07-06 11:00:47] [WARN] Aucun mappage chargé - droits ignorés pour: Drive ECHOLINE/05-Sales/A-Prospects/VETERNITY
[2026-07-06 11:00:47] [INFO] Traitement: /Drive ECHOLINE/05-Sales/A-Prospects/VIATRIS MEDA MANUFACTURING/ (6 permission(s))
[2026-07-06 11:00:47] [INFO] === COPIE REELLE: Drive ECHOLINE/05-Sales/A-Prospects/VIATRIS MEDA MANUFACTURING ===
[2026-07-06 11:00:48] [SUCCESS] Dossier cree: Drive ECHOLINE/05-Sales/A-Prospects/VIATRIS MEDA MANUFACTURING
[2026-07-06 11:00:48] [WARN] Aucun mappage chargé - droits ignorés pour: Drive ECHOLINE/05-Sales/A-Prospects/VIATRIS MEDA MANUFACTURING
[2026-07-06 11:00:48] [INFO] Traitement: /Drive ECHOLINE/05-Sales/A-Prospects/VINCI FACILITIES/ (6 permission(s))
[2026-07-06 11:00:48] [INFO] === COPIE REELLE: Drive ECHOLINE/05-Sales/A-Prospects/VINCI FACILITIES ===
[2026-07-06 11:00:48] [SUCCESS] Dossier cree: Drive ECHOLINE/05-Sales/A-Prospects/VINCI FACILITIES
[2026-07-06 11:00:48] [WARN] Aucun mappage chargé - droits ignorés pour: Drive ECHOLINE/05-Sales/A-Prospects/VINCI FACILITIES
[2026-07-06 11:00:48] [INFO] Traitement: /Drive ECHOLINE/05-Sales/A-Prospects/YZEE/ (6 permission(s))
[2026-07-06 11:00:48] [INFO] === COPIE REELLE: Drive ECHOLINE/05-Sales/A-Prospects/YZEE ===
[2026-07-06 11:00:50] [SUCCESS] Dossier cree: Drive ECHOLINE/05-Sales/A-Prospects/YZEE
[2026-07-06 11:00:50] [WARN] Aucun mappage chargé - droits ignorés pour: Drive ECHOLINE/05-Sales/A-Prospects/YZEE
[2026-07-06 11:00:50] [INFO] Traitement: /Drive ECHOLINE/05-Sales/B-Templates/ (6 permission(s))
[2026-07-06 11:00:50] [INFO] === COPIE REELLE: Drive ECHOLINE/05-Sales/B-Templates ===
[2026-07-06 11:00:51] [SUCCESS] Dossier cree: Drive ECHOLINE/05-Sales/B-Templates
[2026-07-06 11:00:51] [WARN] Aucun mappage chargé - droits ignorés pour: Drive ECHOLINE/05-Sales/B-Templates
[2026-07-06 11:00:51] [INFO] Traitement: /Drive ECHOLINE/05-Sales/C-Automated_Quotes_Generation/ (6 permission(s))
[2026-07-06 11:00:51] [INFO] === COPIE REELLE: Drive ECHOLINE/05-Sales/C-Automated_Quotes_Generation ===
[2026-07-06 11:00:52] [SUCCESS] Dossier cree: Drive ECHOLINE/05-Sales/C-Automated_Quotes_Generation
[2026-07-06 11:00:52] [WARN] Aucun mappage chargé - droits ignorés pour: Drive ECHOLINE/05-Sales/C-Automated_Quotes_Generation
[2026-07-06 11:00:52] [INFO] Traitement: /Drive ECHOLINE/05-Sales/Communication Package/ (6 permission(s))
[2026-07-06 11:00:52] [INFO] === COPIE REELLE: Drive ECHOLINE/05-Sales/Communication Package ===
[2026-07-06 11:00:52] [SUCCESS] Dossier cree: Drive ECHOLINE/05-Sales/Communication Package
[2026-07-06 11:00:52] [WARN] Aucun mappage chargé - droits ignorés pour: Drive ECHOLINE/05-Sales/Communication Package
[2026-07-06 11:00:52] [INFO] Traitement: /Drive ECHOLINE/05-Sales/Communication Package/ARTHUR/ (6 permission(s))
[2026-07-06 11:00:52] [INFO] === COPIE REELLE: Drive ECHOLINE/05-Sales/Communication Package/ARTHUR ===
[2026-07-06 11:00:53] [SUCCESS] Dossier cree: Drive ECHOLINE/05-Sales/Communication Package/ARTHUR
[2026-07-06 11:00:53] [WARN] Aucun mappage chargé - droits ignorés pour: Drive ECHOLINE/05-Sales/Communication Package/ARTHUR
[2026-07-06 11:00:53] [INFO] Traitement: /Drive ECHOLINE/05-Sales/Communication Package/AURELIEN/ (6 permission(s))
[2026-07-06 11:00:53] [INFO] === COPIE REELLE: Drive ECHOLINE/05-Sales/Communication Package/AURELIEN ===
[2026-07-06 11:00:55] [SUCCESS] Dossier cree: Drive ECHOLINE/05-Sales/Communication Package/AURELIEN
[2026-07-06 11:00:55] [WARN] Aucun mappage chargé - droits ignorés pour: Drive ECHOLINE/05-Sales/Communication Package/AURELIEN
[2026-07-06 11:00:55] [INFO] Traitement: /Drive ECHOLINE/05-Sales/Communication Package/CELIA/ (6 permission(s))
[2026-07-06 11:00:55] [INFO] === COPIE REELLE: Drive ECHOLINE/05-Sales/Communication Package/CELIA ===
[2026-07-06 11:00:55] [SUCCESS] Dossier cree: Drive ECHOLINE/05-Sales/Communication Package/CELIA
[2026-07-06 11:00:55] [WARN] Aucun mappage chargé - droits ignorés pour: Drive ECHOLINE/05-Sales/Communication Package/CELIA
[2026-07-06 11:00:55] [INFO] Traitement: /Drive ECHOLINE/05-Sales/Communication Package/CLOTHILDE/ (6 permission(s))
[2026-07-06 11:00:55] [INFO] === COPIE REELLE: Drive ECHOLINE/05-Sales/Communication Package/CLOTHILDE ===
[2026-07-06 11:00:56] [SUCCESS] Dossier cree: Drive ECHOLINE/05-Sales/Communication Package/CLOTHILDE
[2026-07-06 11:00:56] [WARN] Aucun mappage chargé - droits ignorés pour: Drive ECHOLINE/05-Sales/Communication Package/CLOTHILDE
[2026-07-06 11:00:56] [INFO] Traitement: /Drive ECHOLINE/05-Sales/Communication Package/GAYLORD/ (6 permission(s))
[2026-07-06 11:00:56] [INFO] === COPIE REELLE: Drive ECHOLINE/05-Sales/Communication Package/GAYLORD ===
[2026-07-06 11:00:57] [SUCCESS] Dossier cree: Drive ECHOLINE/05-Sales/Communication Package/GAYLORD
[2026-07-06 11:00:57] [WARN] Aucun mappage chargé - droits ignorés pour: Drive ECHOLINE/05-Sales/Communication Package/GAYLORD
[2026-07-06 11:00:57] [INFO] Traitement: /Drive ECHOLINE/05-Sales/Communication Package/JEREMY/ (6 permission(s))
[2026-07-06 11:00:57] [INFO] === COPIE REELLE: Drive ECHOLINE/05-Sales/Communication Package/JEREMY ===
[2026-07-06 11:00:58] [SUCCESS] Dossier cree: Drive ECHOLINE/05-Sales/Communication Package/JEREMY
[2026-07-06 11:00:58] [WARN] Aucun mappage chargé - droits ignorés pour: Drive ECHOLINE/05-Sales/Communication Package/JEREMY
[2026-07-06 11:00:58] [INFO] Traitement: /Drive ECHOLINE/05-Sales/Communication Package/LAURA/ (6 permission(s))
[2026-07-06 11:00:58] [INFO] === COPIE REELLE: Drive ECHOLINE/05-Sales/Communication Package/LAURA ===
[2026-07-06 11:00:59] [SUCCESS] Dossier cree: Drive ECHOLINE/05-Sales/Communication Package/LAURA
[2026-07-06 11:00:59] [WARN] Aucun mappage chargé - droits ignorés pour: Drive ECHOLINE/05-Sales/Communication Package/LAURA
[2026-07-06 11:00:59] [INFO] Traitement: /Drive ECHOLINE/05-Sales/Communication Package/SOPHIE/ (6 permission(s))
[2026-07-06 11:00:59] [INFO] === COPIE REELLE: Drive ECHOLINE/05-Sales/Communication Package/SOPHIE ===
[2026-07-06 11:01:00] [SUCCESS] Dossier cree: Drive ECHOLINE/05-Sales/Communication Package/SOPHIE
[2026-07-06 11:01:00] [WARN] Aucun mappage chargé - droits ignorés pour: Drive ECHOLINE/05-Sales/Communication Package/SOPHIE
[2026-07-06 11:01:00] [INFO] Traitement: /Drive ECHOLINE/05-Sales/Communication Package/YANN/ (6 permission(s))
[2026-07-06 11:01:00] [INFO] === COPIE REELLE: Drive ECHOLINE/05-Sales/Communication Package/YANN ===
[2026-07-06 11:01:01] [SUCCESS] Dossier cree: Drive ECHOLINE/05-Sales/Communication Package/YANN
[2026-07-06 11:01:01] [WARN] Aucun mappage chargé - droits ignorés pour: Drive ECHOLINE/05-Sales/Communication Package/YANN
[2026-07-06 11:01:01] [INFO] Traitement: /Drive ECHOLINE/05-Sales/ZZ-Archives/ (6 permission(s))
[2026-07-06 11:01:01] [INFO] === COPIE REELLE: Drive ECHOLINE/05-Sales/ZZ-Archives ===
[2026-07-06 11:01:01] [SUCCESS] Dossier cree: Drive ECHOLINE/05-Sales/ZZ-Archives
[2026-07-06 11:01:01] [WARN] Aucun mappage chargé - droits ignorés pour: Drive ECHOLINE/05-Sales/ZZ-Archives
[2026-07-06 11:01:01] [INFO] Traitement: /Drive ECHOLINE/06-Community/ (6 permission(s))
[2026-07-06 11:01:01] [INFO] === COPIE REELLE: Drive ECHOLINE/06-Community ===
[2026-07-06 11:01:02] [SUCCESS] Dossier cree: Drive ECHOLINE/06-Community
[2026-07-06 11:01:02] [WARN] Aucun mappage chargé - droits ignorés pour: Drive ECHOLINE/06-Community
[2026-07-06 11:01:02] [INFO] Traitement: /Drive ECHOLINE/06-Community/ADRAR FORMATION/ (6 permission(s))
[2026-07-06 11:01:02] [INFO] === COPIE REELLE: Drive ECHOLINE/06-Community/ADRAR FORMATION ===
[2026-07-06 11:01:03] [SUCCESS] Dossier cree: Drive ECHOLINE/06-Community/ADRAR FORMATION
[2026-07-06 11:01:03] [WARN] Aucun mappage chargé - droits ignorés pour: Drive ECHOLINE/06-Community/ADRAR FORMATION
[2026-07-06 11:01:03] [INFO] Traitement: /Drive ECHOLINE/06-Community/CAE CONSEILS/ (6 permission(s))
[2026-07-06 11:01:03] [INFO] === COPIE REELLE: Drive ECHOLINE/06-Community/CAE CONSEILS ===
[2026-07-06 11:01:03] [SUCCESS] Dossier cree: Drive ECHOLINE/06-Community/CAE CONSEILS
[2026-07-06 11:01:03] [WARN] Aucun mappage chargé - droits ignorés pour: Drive ECHOLINE/06-Community/CAE CONSEILS
[2026-07-06 11:01:03] [INFO] Traitement: /Drive ECHOLINE/06-Community/CAE CONSEILS/Devis/ (6 permission(s))
[2026-07-06 11:01:03] [INFO] === COPIE REELLE: Drive ECHOLINE/06-Community/CAE CONSEILS/Devis ===
[2026-07-06 11:01:04] [SUCCESS] Dossier cree: Drive ECHOLINE/06-Community/CAE CONSEILS/Devis
[2026-07-06 11:01:04] [WARN] Aucun mappage chargé - droits ignorés pour: Drive ECHOLINE/06-Community/CAE CONSEILS/Devis
[2026-07-06 11:01:04] [INFO] Traitement: /Drive ECHOLINE/06-Community/CAE CONSEILS/Partenariat/ (6 permission(s))
[2026-07-06 11:01:04] [INFO] === COPIE REELLE: Drive ECHOLINE/06-Community/CAE CONSEILS/Partenariat ===
[2026-07-06 11:01:05] [SUCCESS] Dossier cree: Drive ECHOLINE/06-Community/CAE CONSEILS/Partenariat
[2026-07-06 11:01:05] [WARN] Aucun mappage chargé - droits ignorés pour: Drive ECHOLINE/06-Community/CAE CONSEILS/Partenariat
[2026-07-06 11:01:05] [INFO] Traitement: /Drive ECHOLINE/06-Community/FRANCE SI/ (6 permission(s))
[2026-07-06 11:01:05] [INFO] === COPIE REELLE: Drive ECHOLINE/06-Community/FRANCE SI ===
[2026-07-06 11:01:06] [SUCCESS] Dossier cree: Drive ECHOLINE/06-Community/FRANCE SI
[2026-07-06 11:01:06] [WARN] Aucun mappage chargé - droits ignorés pour: Drive ECHOLINE/06-Community/FRANCE SI
[2026-07-06 11:01:06] [INFO] Traitement: /Drive ECHOLINE/06-Community/GAMMA SOFTWARE/ (6 permission(s))
[2026-07-06 11:01:06] [INFO] === COPIE REELLE: Drive ECHOLINE/06-Community/GAMMA SOFTWARE ===
[2026-07-06 11:01:07] [SUCCESS] Dossier cree: Drive ECHOLINE/06-Community/GAMMA SOFTWARE
[2026-07-06 11:01:07] [WARN] Aucun mappage chargé - droits ignorés pour: Drive ECHOLINE/06-Community/GAMMA SOFTWARE
[2026-07-06 11:01:07] [INFO] Traitement: /Drive ECHOLINE/06-Community/KNOWLLENCE/ (6 permission(s))
[2026-07-06 11:01:07] [INFO] === COPIE REELLE: Drive ECHOLINE/06-Community/KNOWLLENCE ===
[2026-07-06 11:01:07] [SUCCESS] Dossier cree: Drive ECHOLINE/06-Community/KNOWLLENCE
[2026-07-06 11:01:07] [WARN] Aucun mappage chargé - droits ignorés pour: Drive ECHOLINE/06-Community/KNOWLLENCE
[2026-07-06 11:01:07] [INFO] Traitement: /Drive ECHOLINE/06-Community/KNOWLLENCE/Contrat/ (6 permission(s))
[2026-07-06 11:01:07] [INFO] === COPIE REELLE: Drive ECHOLINE/06-Community/KNOWLLENCE/Contrat ===
[2026-07-06 11:01:08] [SUCCESS] Dossier cree: Drive ECHOLINE/06-Community/KNOWLLENCE/Contrat
[2026-07-06 11:01:08] [WARN] Aucun mappage chargé - droits ignorés pour: Drive ECHOLINE/06-Community/KNOWLLENCE/Contrat
[2026-07-06 11:01:08] [INFO] Traitement: /Drive ECHOLINE/06-Community/LOOTIBOX/ (6 permission(s))
[2026-07-06 11:01:08] [INFO] === COPIE REELLE: Drive ECHOLINE/06-Community/LOOTIBOX ===
[2026-07-06 11:01:09] [SUCCESS] Dossier cree: Drive ECHOLINE/06-Community/LOOTIBOX
[2026-07-06 11:01:09] [WARN] Aucun mappage chargé - droits ignorés pour: Drive ECHOLINE/06-Community/LOOTIBOX
[2026-07-06 11:01:09] [INFO] Traitement: /Drive ECHOLINE/06-Community/QUALIPRO/ (6 permission(s))
[2026-07-06 11:01:09] [INFO] === COPIE REELLE: Drive ECHOLINE/06-Community/QUALIPRO ===
[2026-07-06 11:01:10] [SUCCESS] Dossier cree: Drive ECHOLINE/06-Community/QUALIPRO
[2026-07-06 11:01:10] [WARN] Aucun mappage chargé - droits ignorés pour: Drive ECHOLINE/06-Community/QUALIPRO
[2026-07-06 11:01:10] [INFO] Traitement: /Drive ECHOLINE/06-Community/QUALIPRO/Contrat/ (6 permission(s))
[2026-07-06 11:01:10] [INFO] === COPIE REELLE: Drive ECHOLINE/06-Community/QUALIPRO/Contrat ===
[2026-07-06 11:01:10] [SUCCESS] Dossier cree: Drive ECHOLINE/06-Community/QUALIPRO/Contrat
[2026-07-06 11:01:10] [WARN] Aucun mappage chargé - droits ignorés pour: Drive ECHOLINE/06-Community/QUALIPRO/Contrat
[2026-07-06 11:01:10] [INFO] Traitement: /Drive ECHOLINE/06-Community/TEEO/ (6 permission(s))
[2026-07-06 11:01:10] [INFO] === COPIE REELLE: Drive ECHOLINE/06-Community/TEEO ===
[2026-07-06 11:01:11] [SUCCESS] Dossier cree: Drive ECHOLINE/06-Community/TEEO
[2026-07-06 11:01:11] [WARN] Aucun mappage chargé - droits ignorés pour: Drive ECHOLINE/06-Community/TEEO
[2026-07-06 11:01:11] [INFO] Traitement: /Drive ECHOLINE/06-Community/TEEO/Archive/ (6 permission(s))
[2026-07-06 11:01:11] [INFO] === COPIE REELLE: Drive ECHOLINE/06-Community/TEEO/Archive ===
[2026-07-06 11:01:12] [SUCCESS] Dossier cree: Drive ECHOLINE/06-Community/TEEO/Archive
[2026-07-06 11:01:12] [WARN] Aucun mappage chargé - droits ignorés pour: Drive ECHOLINE/06-Community/TEEO/Archive
[2026-07-06 11:01:12] [INFO] Traitement: /Drive ECHOLINE/06-Community/TEEO/Partenariat/ (6 permission(s))
[2026-07-06 11:01:12] [INFO] === COPIE REELLE: Drive ECHOLINE/06-Community/TEEO/Partenariat ===
[2026-07-06 11:01:13] [SUCCESS] Dossier cree: Drive ECHOLINE/06-Community/TEEO/Partenariat
[2026-07-06 11:01:13] [WARN] Aucun mappage chargé - droits ignorés pour: Drive ECHOLINE/06-Community/TEEO/Partenariat
[2026-07-06 11:01:13] [INFO] Traitement: /Drive ECHOLINE/07-Tech/ (6 permission(s))
[2026-07-06 11:01:13] [INFO] === COPIE REELLE: Drive ECHOLINE/07-Tech ===
[2026-07-06 11:01:13] [SUCCESS] Dossier cree: Drive ECHOLINE/07-Tech
[2026-07-06 11:01:13] [WARN] Aucun mappage chargé - droits ignorés pour: Drive ECHOLINE/07-Tech
[2026-07-06 11:01:13] [INFO] Traitement: /Drive ECHOLINE/07-Tech/A-Product management/ (6 permission(s))
[2026-07-06 11:01:13] [INFO] === COPIE REELLE: Drive ECHOLINE/07-Tech/A-Product management ===
[2026-07-06 11:01:14] [SUCCESS] Dossier cree: Drive ECHOLINE/07-Tech/A-Product management
[2026-07-06 11:01:14] [WARN] Aucun mappage chargé - droits ignorés pour: Drive ECHOLINE/07-Tech/A-Product management
[2026-07-06 11:01:14] [INFO] Traitement: /Drive ECHOLINE/07-Tech/A-Product management/ZZ-Archives/ (6 permission(s))
[2026-07-06 11:01:14] [INFO] === COPIE REELLE: Drive ECHOLINE/07-Tech/A-Product management/ZZ-Archives ===
[2026-07-06 11:01:15] [SUCCESS] Dossier cree: Drive ECHOLINE/07-Tech/A-Product management/ZZ-Archives
[2026-07-06 11:01:15] [WARN] Aucun mappage chargé - droits ignorés pour: Drive ECHOLINE/07-Tech/A-Product management/ZZ-Archives
[2026-07-06 11:01:15] [INFO] Traitement: /Drive ECHOLINE/07-Tech/B-Backup/ (6 permission(s))
[2026-07-06 11:01:15] [INFO] === COPIE REELLE: Drive ECHOLINE/07-Tech/B-Backup ===
[2026-07-06 11:01:16] [SUCCESS] Dossier cree: Drive ECHOLINE/07-Tech/B-Backup
[2026-07-06 11:01:16] [WARN] Aucun mappage chargé - droits ignorés pour: Drive ECHOLINE/07-Tech/B-Backup
[2026-07-06 11:01:16] [INFO] Traitement: /Drive ECHOLINE/07-Tech/B-Backup/Alexandria/ (6 permission(s))
[2026-07-06 11:01:16] [INFO] === COPIE REELLE: Drive ECHOLINE/07-Tech/B-Backup/Alexandria ===
[2026-07-06 11:01:17] [SUCCESS] Dossier cree: Drive ECHOLINE/07-Tech/B-Backup/Alexandria
[2026-07-06 11:01:17] [WARN] Aucun mappage chargé - droits ignorés pour: Drive ECHOLINE/07-Tech/B-Backup/Alexandria
[2026-07-06 11:01:17] [INFO] Traitement: /Drive ECHOLINE/07-Tech/B-Backup/Archives Gitlab/ (6 permission(s))
[2026-07-06 11:01:17] [INFO] === COPIE REELLE: Drive ECHOLINE/07-Tech/B-Backup/Archives Gitlab ===
[2026-07-06 11:01:18] [SUCCESS] Dossier cree: Drive ECHOLINE/07-Tech/B-Backup/Archives Gitlab
[2026-07-06 11:01:18] [WARN] Aucun mappage chargé - droits ignorés pour: Drive ECHOLINE/07-Tech/B-Backup/Archives Gitlab
[2026-07-06 11:01:18] [INFO] Traitement: /Drive ECHOLINE/07-Tech/B-Backup/BDD/ (6 permission(s))
[2026-07-06 11:01:18] [INFO] === COPIE REELLE: Drive ECHOLINE/07-Tech/B-Backup/BDD ===
[2026-07-06 11:01:19] [SUCCESS] Dossier cree: Drive ECHOLINE/07-Tech/B-Backup/BDD
[2026-07-06 11:01:19] [WARN] Aucun mappage chargé - droits ignorés pour: Drive ECHOLINE/07-Tech/B-Backup/BDD
[2026-07-06 11:01:19] [INFO] Traitement: /Drive ECHOLINE/07-Tech/B-Backup/Infra/ (6 permission(s))
[2026-07-06 11:01:19] [INFO] === COPIE REELLE: Drive ECHOLINE/07-Tech/B-Backup/Infra ===
[2026-07-06 11:01:19] [SUCCESS] Dossier cree: Drive ECHOLINE/07-Tech/B-Backup/Infra
[2026-07-06 11:01:19] [WARN] Aucun mappage chargé - droits ignorés pour: Drive ECHOLINE/07-Tech/B-Backup/Infra
[2026-07-06 11:01:19] [INFO] Traitement: /Drive ECHOLINE/07-Tech/B-Backup/Maquettes/ (6 permission(s))
[2026-07-06 11:01:19] [INFO] === COPIE REELLE: Drive ECHOLINE/07-Tech/B-Backup/Maquettes ===
[2026-07-06 11:01:20] [SUCCESS] Dossier cree: Drive ECHOLINE/07-Tech/B-Backup/Maquettes
[2026-07-06 11:01:20] [WARN] Aucun mappage chargé - droits ignorés pour: Drive ECHOLINE/07-Tech/B-Backup/Maquettes
[2026-07-06 11:01:20] [INFO] Traitement: /Drive ECHOLINE/07-Tech/B-Backup/Pentest Q4 2022/ (6 permission(s))
[2026-07-06 11:01:20] [INFO] === COPIE REELLE: Drive ECHOLINE/07-Tech/B-Backup/Pentest Q4 2022 ===
[2026-07-06 11:01:21] [SUCCESS] Dossier cree: Drive ECHOLINE/07-Tech/B-Backup/Pentest Q4 2022
[2026-07-06 11:01:21] [WARN] Aucun mappage chargé - droits ignorés pour: Drive ECHOLINE/07-Tech/B-Backup/Pentest Q4 2022
[2026-07-06 11:01:21] [INFO] Traitement: /Drive ECHOLINE/07-Tech/B-Backup/QSE/ (6 permission(s))
[2026-07-06 11:01:21] [INFO] === COPIE REELLE: Drive ECHOLINE/07-Tech/B-Backup/QSE ===
[2026-07-06 11:01:22] [SUCCESS] Dossier cree: Drive ECHOLINE/07-Tech/B-Backup/QSE
[2026-07-06 11:01:22] [WARN] Aucun mappage chargé - droits ignorés pour: Drive ECHOLINE/07-Tech/B-Backup/QSE
[2026-07-06 11:01:22] [INFO] Traitement: /Drive ECHOLINE/07-Tech/B-Backup/RFP/ (6 permission(s))
[2026-07-06 11:01:22] [INFO] === COPIE REELLE: Drive ECHOLINE/07-Tech/B-Backup/RFP ===
[2026-07-06 11:01:23] [SUCCESS] Dossier cree: Drive ECHOLINE/07-Tech/B-Backup/RFP
[2026-07-06 11:01:23] [WARN] Aucun mappage chargé - droits ignorés pour: Drive ECHOLINE/07-Tech/B-Backup/RFP
[2026-07-06 11:01:23] [INFO] Traitement: /Drive ECHOLINE/07-Tech/C-Cybersécurité/ (6 permission(s))
[2026-07-06 11:01:23] [INFO] === COPIE REELLE: Drive ECHOLINE/07-Tech/C-Cybersécurité ===
[2026-07-06 11:01:24] [SUCCESS] Dossier cree: Drive ECHOLINE/07-Tech/C-Cybersécurité
[2026-07-06 11:01:24] [WARN] Aucun mappage chargé - droits ignorés pour: Drive ECHOLINE/07-Tech/C-Cybersécurité
[2026-07-06 11:01:24] [INFO] Traitement: /Drive ECHOLINE/07-Tech/C-Cybersécurité/2022/ (6 permission(s))
[2026-07-06 11:01:24] [INFO] === COPIE REELLE: Drive ECHOLINE/07-Tech/C-Cybersécurité/2022 ===
[2026-07-06 11:01:26] [SUCCESS] Dossier cree: Drive ECHOLINE/07-Tech/C-Cybersécurité/2022
[2026-07-06 11:01:26] [WARN] Aucun mappage chargé - droits ignorés pour: Drive ECHOLINE/07-Tech/C-Cybersécurité/2022
[2026-07-06 11:01:26] [INFO] Traitement: /Drive ECHOLINE/07-Tech/OpenAI/ (6 permission(s))
[2026-07-06 11:01:26] [INFO] === COPIE REELLE: Drive ECHOLINE/07-Tech/OpenAI ===
[2026-07-06 11:01:26] [SUCCESS] Dossier cree: Drive ECHOLINE/07-Tech/OpenAI
[2026-07-06 11:01:26] [WARN] Aucun mappage chargé - droits ignorés pour: Drive ECHOLINE/07-Tech/OpenAI
[2026-07-06 11:01:26] [INFO] Traitement: /Drive ECHOLINE/07-Tech/ZZ-Archives/ (6 permission(s))
[2026-07-06 11:01:26] [INFO] === COPIE REELLE: Drive ECHOLINE/07-Tech/ZZ-Archives ===
[2026-07-06 11:01:27] [SUCCESS] Dossier cree: Drive ECHOLINE/07-Tech/ZZ-Archives
[2026-07-06 11:01:27] [WARN] Aucun mappage chargé - droits ignorés pour: Drive ECHOLINE/07-Tech/ZZ-Archives
[2026-07-06 11:01:27] [INFO] Traitement: /Drive ECHOLINE/07-Tech/ZZ-Archives/Archives fonds LEGI - DILA/ (6 permission(s))
[2026-07-06 11:01:27] [INFO] === COPIE REELLE: Drive ECHOLINE/07-Tech/ZZ-Archives/Archives fonds LEGI - DILA ===
[2026-07-06 11:01:28] [SUCCESS] Dossier cree: Drive ECHOLINE/07-Tech/ZZ-Archives/Archives fonds LEGI - DILA
[2026-07-06 11:01:28] [WARN] Aucun mappage chargé - droits ignorés pour: Drive ECHOLINE/07-Tech/ZZ-Archives/Archives fonds LEGI - DILA
[2026-07-06 11:01:28] [INFO] Traitement: /Drive ECHOLINE/08-Design/ (6 permission(s))
[2026-07-06 11:01:28] [INFO] === COPIE REELLE: Drive ECHOLINE/08-Design ===
[2026-07-06 11:01:29] [SUCCESS] Dossier cree: Drive ECHOLINE/08-Design
[2026-07-06 11:01:29] [WARN] Aucun mappage chargé - droits ignorés pour: Drive ECHOLINE/08-Design
[2026-07-06 11:01:29] [INFO] Traitement: /Drive ECHOLINE/08-Design/App ECHOLINE/ (6 permission(s))
[2026-07-06 11:01:29] [INFO] === COPIE REELLE: Drive ECHOLINE/08-Design/App ECHOLINE ===
[2026-07-06 11:01:29] [SUCCESS] Dossier cree: Drive ECHOLINE/08-Design/App ECHOLINE
[2026-07-06 11:01:29] [WARN] Aucun mappage chargé - droits ignorés pour: Drive ECHOLINE/08-Design/App ECHOLINE
[2026-07-06 11:01:29] [INFO] Traitement: /Drive ECHOLINE/08-Design/ZZ-Archives/ (6 permission(s))
[2026-07-06 11:01:29] [INFO] === COPIE REELLE: Drive ECHOLINE/08-Design/ZZ-Archives ===
[2026-07-06 11:01:30] [SUCCESS] Dossier cree: Drive ECHOLINE/08-Design/ZZ-Archives
[2026-07-06 11:01:30] [WARN] Aucun mappage chargé - droits ignorés pour: Drive ECHOLINE/08-Design/ZZ-Archives
[2026-07-06 11:01:30] [INFO] Traitement: /Drive ECHOLINE/09-QSE/ (6 permission(s))
[2026-07-06 11:01:30] [INFO] === COPIE REELLE: Drive ECHOLINE/09-QSE ===
[2026-07-06 11:01:31] [SUCCESS] Dossier cree: Drive ECHOLINE/09-QSE
[2026-07-06 11:01:31] [WARN] Aucun mappage chargé - droits ignorés pour: Drive ECHOLINE/09-QSE
[2026-07-06 11:01:31] [INFO] Traitement: /Drive ECHOLINE/09-QSE/A-Analyse environnementale/ (6 permission(s))
[2026-07-06 11:01:31] [INFO] === COPIE REELLE: Drive ECHOLINE/09-QSE/A-Analyse environnementale ===
[2026-07-06 11:01:32] [SUCCESS] Dossier cree: Drive ECHOLINE/09-QSE/A-Analyse environnementale
[2026-07-06 11:01:32] [WARN] Aucun mappage chargé - droits ignorés pour: Drive ECHOLINE/09-QSE/A-Analyse environnementale
[2026-07-06 11:01:32] [INFO] Traitement: /Drive ECHOLINE/09-QSE/B-Bilan carbone/ (6 permission(s))
[2026-07-06 11:01:32] [INFO] === COPIE REELLE: Drive ECHOLINE/09-QSE/B-Bilan carbone ===
[2026-07-06 11:01:32] [SUCCESS] Dossier cree: Drive ECHOLINE/09-QSE/B-Bilan carbone
[2026-07-06 11:01:32] [WARN] Aucun mappage chargé - droits ignorés pour: Drive ECHOLINE/09-QSE/B-Bilan carbone
[2026-07-06 11:01:32] [INFO] Traitement: /Drive ECHOLINE/09-QSE/C-Document unique/ (6 permission(s))
[2026-07-06 11:01:32] [INFO] === COPIE REELLE: Drive ECHOLINE/09-QSE/C-Document unique ===
[2026-07-06 11:01:33] [SUCCESS] Dossier cree: Drive ECHOLINE/09-QSE/C-Document unique
[2026-07-06 11:01:33] [WARN] Aucun mappage chargé - droits ignorés pour: Drive ECHOLINE/09-QSE/C-Document unique
[2026-07-06 11:01:33] [INFO] Traitement: /Drive ECHOLINE/09-QSE/ZZ-Archives/ (6 permission(s))
[2026-07-06 11:01:33] [INFO] === COPIE REELLE: Drive ECHOLINE/09-QSE/ZZ-Archives ===
[2026-07-06 11:01:34] [SUCCESS] Dossier cree: Drive ECHOLINE/09-QSE/ZZ-Archives
[2026-07-06 11:01:34] [WARN] Aucun mappage chargé - droits ignorés pour: Drive ECHOLINE/09-QSE/ZZ-Archives
[2026-07-06 11:01:34] [INFO] Traitement: /Drive ECHOLINE/10-Pilotage/ (6 permission(s))
[2026-07-06 11:01:34] [INFO] === COPIE REELLE: Drive ECHOLINE/10-Pilotage ===
[2026-07-06 11:01:34] [SUCCESS] Dossier cree: Drive ECHOLINE/10-Pilotage
[2026-07-06 11:01:34] [WARN] Aucun mappage chargé - droits ignorés pour: Drive ECHOLINE/10-Pilotage
[2026-07-06 11:01:34] [INFO] Traitement: /Drive ECHOLINE/10-Pilotage/ZZ-Archives/ (6 permission(s))
[2026-07-06 11:01:34] [INFO] === COPIE REELLE: Drive ECHOLINE/10-Pilotage/ZZ-Archives ===
[2026-07-06 11:01:35] [SUCCESS] Dossier cree: Drive ECHOLINE/10-Pilotage/ZZ-Archives
[2026-07-06 11:01:35] [WARN] Aucun mappage chargé - droits ignorés pour: Drive ECHOLINE/10-Pilotage/ZZ-Archives
[2026-07-06 11:01:35] [INFO] Traitement: /Drive ECHOLINE/11-Admin/ (6 permission(s))
[2026-07-06 11:01:35] [INFO] === COPIE REELLE: Drive ECHOLINE/11-Admin ===
[2026-07-06 11:01:36] [SUCCESS] Dossier cree: Drive ECHOLINE/11-Admin
[2026-07-06 11:01:36] [WARN] Aucun mappage chargé - droits ignorés pour: Drive ECHOLINE/11-Admin
[2026-07-06 11:01:36] [INFO] Traitement: /Drive ECHOLINE/11-Admin/Assurance/ (6 permission(s))
[2026-07-06 11:01:36] [INFO] === COPIE REELLE: Drive ECHOLINE/11-Admin/Assurance ===
[2026-07-06 11:01:37] [SUCCESS] Dossier cree: Drive ECHOLINE/11-Admin/Assurance
[2026-07-06 11:01:37] [WARN] Aucun mappage chargé - droits ignorés pour: Drive ECHOLINE/11-Admin/Assurance
[2026-07-06 11:01:37] [INFO] Traitement: /Drive ECHOLINE/11-Admin/Banque/ (6 permission(s))
[2026-07-06 11:01:37] [INFO] === COPIE REELLE: Drive ECHOLINE/11-Admin/Banque ===
[2026-07-06 11:01:37] [SUCCESS] Dossier cree: Drive ECHOLINE/11-Admin/Banque
[2026-07-06 11:01:37] [WARN] Aucun mappage chargé - droits ignorés pour: Drive ECHOLINE/11-Admin/Banque
[2026-07-06 11:01:37] [INFO] Traitement: /Drive ECHOLINE/11-Admin/Comptabilité/ (6 permission(s))
[2026-07-06 11:01:37] [INFO] === COPIE REELLE: Drive ECHOLINE/11-Admin/Comptabilité ===
[2026-07-06 11:01:38] [SUCCESS] Dossier cree: Drive ECHOLINE/11-Admin/Comptabilité
[2026-07-06 11:01:38] [WARN] Aucun mappage chargé - droits ignorés pour: Drive ECHOLINE/11-Admin/Comptabilité
[2026-07-06 11:01:38] [INFO] Traitement: /Drive ECHOLINE/11-Admin/Domiciliation/ (6 permission(s))
[2026-07-06 11:01:38] [INFO] === COPIE REELLE: Drive ECHOLINE/11-Admin/Domiciliation ===
[2026-07-06 11:01:39] [SUCCESS] Dossier cree: Drive ECHOLINE/11-Admin/Domiciliation
[2026-07-06 11:01:39] [WARN] Aucun mappage chargé - droits ignorés pour: Drive ECHOLINE/11-Admin/Domiciliation
[2026-07-06 11:01:39] [INFO] Traitement: /Drive ECHOLINE/11-Admin/Kbis et statuts/ (6 permission(s))
[2026-07-06 11:01:39] [INFO] === COPIE REELLE: Drive ECHOLINE/11-Admin/Kbis et statuts ===
[2026-07-06 11:01:40] [SUCCESS] Dossier cree: Drive ECHOLINE/11-Admin/Kbis et statuts
[2026-07-06 11:01:40] [WARN] Aucun mappage chargé - droits ignorés pour: Drive ECHOLINE/11-Admin/Kbis et statuts
[2026-07-06 11:01:40] [INFO] Traitement: /Drive ECHOLINE/11-Admin/Marque/ (6 permission(s))
[2026-07-06 11:01:40] [INFO] === COPIE REELLE: Drive ECHOLINE/11-Admin/Marque ===
[2026-07-06 11:01:40] [SUCCESS] Dossier cree: Drive ECHOLINE/11-Admin/Marque
[2026-07-06 11:01:40] [WARN] Aucun mappage chargé - droits ignorés pour: Drive ECHOLINE/11-Admin/Marque
[2026-07-06 11:01:40] [INFO] Traitement: /Drive ECHOLINE/11-Admin/RGPD/ (6 permission(s))
[2026-07-06 11:01:40] [INFO] === COPIE REELLE: Drive ECHOLINE/11-Admin/RGPD ===
[2026-07-06 11:01:41] [SUCCESS] Dossier cree: Drive ECHOLINE/11-Admin/RGPD
[2026-07-06 11:01:41] [WARN] Aucun mappage chargé - droits ignorés pour: Drive ECHOLINE/11-Admin/RGPD
[2026-07-06 11:01:41] [INFO] Traitement: /Drive ECHOLINE/11-Admin/Taxe d_apprentissage/ (6 permission(s))
[2026-07-06 11:01:41] [INFO] === COPIE REELLE: Drive ECHOLINE/11-Admin/Taxe d_apprentissage ===
[2026-07-06 11:01:42] [SUCCESS] Dossier cree: Drive ECHOLINE/11-Admin/Taxe d_apprentissage
[2026-07-06 11:01:42] [WARN] Aucun mappage chargé - droits ignorés pour: Drive ECHOLINE/11-Admin/Taxe d_apprentissage
[2026-07-06 11:01:42] [INFO] Traitement: /Drive ECHOLINE/12-HR/ (6 permission(s))
[2026-07-06 11:01:42] [INFO] === COPIE REELLE: Drive ECHOLINE/12-HR ===
[2026-07-06 11:01:42] [SUCCESS] Dossier cree: Drive ECHOLINE/12-HR
[2026-07-06 11:01:42] [WARN] Aucun mappage chargé - droits ignorés pour: Drive ECHOLINE/12-HR
[2026-07-06 11:01:42] [INFO] Traitement: /Drive ECHOLINE/12-HR/Cabinet de paie/ (6 permission(s))
[2026-07-06 11:01:42] [INFO] === COPIE REELLE: Drive ECHOLINE/12-HR/Cabinet de paie ===
[2026-07-06 11:01:43] [SUCCESS] Dossier cree: Drive ECHOLINE/12-HR/Cabinet de paie
[2026-07-06 11:01:43] [WARN] Aucun mappage chargé - droits ignorés pour: Drive ECHOLINE/12-HR/Cabinet de paie
[2026-07-06 11:01:43] [INFO] Traitement: /Drive ECHOLINE/12-HR/Cabinets de recrutement/ (6 permission(s))
[2026-07-06 11:01:43] [INFO] === COPIE REELLE: Drive ECHOLINE/12-HR/Cabinets de recrutement ===
[2026-07-06 11:01:44] [SUCCESS] Dossier cree: Drive ECHOLINE/12-HR/Cabinets de recrutement
[2026-07-06 11:01:44] [WARN] Aucun mappage chargé - droits ignorés pour: Drive ECHOLINE/12-HR/Cabinets de recrutement
[2026-07-06 11:01:44] [INFO] Traitement: /Drive ECHOLINE/12-HR/États mensuels/ (6 permission(s))
[2026-07-06 11:01:44] [INFO] === COPIE REELLE: Drive ECHOLINE/12-HR/États mensuels ===
[2026-07-06 11:01:45] [SUCCESS] Dossier cree: Drive ECHOLINE/12-HR/États mensuels
[2026-07-06 11:01:45] [WARN] Aucun mappage chargé - droits ignorés pour: Drive ECHOLINE/12-HR/États mensuels
[2026-07-06 11:01:45] [INFO] Traitement: /Drive ECHOLINE/12-HR/Gestion des congés/ (6 permission(s))
[2026-07-06 11:01:45] [INFO] === COPIE REELLE: Drive ECHOLINE/12-HR/Gestion des congés ===
[2026-07-06 11:01:46] [SUCCESS] Dossier cree: Drive ECHOLINE/12-HR/Gestion des congés
[2026-07-06 11:01:46] [WARN] Aucun mappage chargé - droits ignorés pour: Drive ECHOLINE/12-HR/Gestion des congés
[2026-07-06 11:01:46] [INFO] Traitement: /Drive ECHOLINE/12-HR/Modèles/ (6 permission(s))
[2026-07-06 11:01:46] [INFO] === COPIE REELLE: Drive ECHOLINE/12-HR/Modèles ===
[2026-07-06 11:01:47] [SUCCESS] Dossier cree: Drive ECHOLINE/12-HR/Modèles
[2026-07-06 11:01:47] [WARN] Aucun mappage chargé - droits ignorés pour: Drive ECHOLINE/12-HR/Modèles
[2026-07-06 11:01:47] [INFO] Traitement: /Drive ECHOLINE/12-HR/Mutuelle/ (6 permission(s))
[2026-07-06 11:01:47] [INFO] === COPIE REELLE: Drive ECHOLINE/12-HR/Mutuelle ===
[2026-07-06 11:01:48] [SUCCESS] Dossier cree: Drive ECHOLINE/12-HR/Mutuelle
[2026-07-06 11:01:48] [WARN] Aucun mappage chargé - droits ignorés pour: Drive ECHOLINE/12-HR/Mutuelle
[2026-07-06 11:01:48] [INFO] Traitement: /Drive ECHOLINE/12-HR/OPCO/ (6 permission(s))
[2026-07-06 11:01:48] [INFO] === COPIE REELLE: Drive ECHOLINE/12-HR/OPCO ===
[2026-07-06 11:01:49] [SUCCESS] Dossier cree: Drive ECHOLINE/12-HR/OPCO
[2026-07-06 11:01:49] [WARN] Aucun mappage chargé - droits ignorés pour: Drive ECHOLINE/12-HR/OPCO
[2026-07-06 11:01:49] [INFO] Traitement: /Drive ECHOLINE/12-HR/Salariés/ (6 permission(s))
[2026-07-06 11:01:49] [INFO] === COPIE REELLE: Drive ECHOLINE/12-HR/Salariés ===
[2026-07-06 11:01:50] [SUCCESS] Dossier cree: Drive ECHOLINE/12-HR/Salariés
[2026-07-06 11:01:50] [WARN] Aucun mappage chargé - droits ignorés pour: Drive ECHOLINE/12-HR/Salariés
[2026-07-06 11:01:50] [INFO] Traitement: /Drive ECHOLINE/12-HR/Test technique/ (6 permission(s))
[2026-07-06 11:01:50] [INFO] === COPIE REELLE: Drive ECHOLINE/12-HR/Test technique ===
[2026-07-06 11:01:50] [SUCCESS] Dossier cree: Drive ECHOLINE/12-HR/Test technique
[2026-07-06 11:01:50] [WARN] Aucun mappage chargé - droits ignorés pour: Drive ECHOLINE/12-HR/Test technique
[2026-07-06 11:01:50] [INFO] Traitement: /Drive ECHOLINE/12-HR/URSSAF/ (6 permission(s))
[2026-07-06 11:01:50] [INFO] === COPIE REELLE: Drive ECHOLINE/12-HR/URSSAF ===
[2026-07-06 11:01:51] [SUCCESS] Dossier cree: Drive ECHOLINE/12-HR/URSSAF
[2026-07-06 11:01:51] [WARN] Aucun mappage chargé - droits ignorés pour: Drive ECHOLINE/12-HR/URSSAF
[2026-07-06 11:01:51] [INFO] Traitement: /Drive ECHOLINE/13-Karnov Group/ (6 permission(s))
[2026-07-06 11:01:51] [INFO] === COPIE REELLE: Drive ECHOLINE/13-Karnov Group ===
[2026-07-06 11:01:52] [SUCCESS] Dossier cree: Drive ECHOLINE/13-Karnov Group
[2026-07-06 11:01:52] [WARN] Aucun mappage chargé - droits ignorés pour: Drive ECHOLINE/13-Karnov Group
[2026-07-06 11:01:52] [INFO] Traitement: /Drive ECHOLINE/13-Karnov Group/ComplyLaw-Evidencia/ (6 permission(s))
[2026-07-06 11:01:52] [INFO] === COPIE REELLE: Drive ECHOLINE/13-Karnov Group/ComplyLaw-Evidencia ===
[2026-07-06 11:01:52] [SUCCESS] Dossier cree: Drive ECHOLINE/13-Karnov Group/ComplyLaw-Evidencia
[2026-07-06 11:01:52] [WARN] Aucun mappage chargé - droits ignorés pour: Drive ECHOLINE/13-Karnov Group/ComplyLaw-Evidencia
[2026-07-06 11:01:52] [INFO] Traitement: /Drive ECHOLINE/14-Strategic Partners/ (6 permission(s))
[2026-07-06 11:01:52] [INFO] === COPIE REELLE: Drive ECHOLINE/14-Strategic Partners ===
[2026-07-06 11:01:53] [SUCCESS] Dossier cree: Drive ECHOLINE/14-Strategic Partners
[2026-07-06 11:01:53] [WARN] Aucun mappage chargé - droits ignorés pour: Drive ECHOLINE/14-Strategic Partners
[2026-07-06 11:01:53] [INFO] Traitement: /Drive ECHOLINE/14-Strategic Partners/HSE Works (Polish partners)/ (6 permission(s))
[2026-07-06 11:01:53] [INFO] === COPIE REELLE: Drive ECHOLINE/14-Strategic Partners/HSE Works (Polish partners) ===
[2026-07-06 11:01:53] [SUCCESS] Dossier cree: Drive ECHOLINE/14-Strategic Partners/HSE Works (Polish partners)
[2026-07-06 11:01:53] [WARN] Aucun mappage chargé - droits ignorés pour: Drive ECHOLINE/14-Strategic Partners/HSE Works (Polish partners)
[2026-07-06 11:01:53] [INFO] Traitement: /Drive ECHOLINE/PB drive/ (6 permission(s))
[2026-07-06 11:01:53] [INFO] === COPIE REELLE: Drive ECHOLINE/PB drive ===
[2026-07-06 11:01:54] [SUCCESS] Dossier cree: Drive ECHOLINE/PB drive
[2026-07-06 11:01:54] [WARN] Aucun mappage chargé - droits ignorés pour: Drive ECHOLINE/PB drive
[2026-07-06 11:01:54] [INFO] Traitement: /Drive ECHOLINE/PB drive/00 - Archives/ (6 permission(s))
[2026-07-06 11:01:54] [INFO] === COPIE REELLE: Drive ECHOLINE/PB drive/00 - Archives ===
[2026-07-06 11:01:55] [SUCCESS] Dossier cree: Drive ECHOLINE/PB drive/00 - Archives
[2026-07-06 11:01:55] [WARN] Aucun mappage chargé - droits ignorés pour: Drive ECHOLINE/PB drive/00 - Archives
[2026-07-06 11:01:55] [INFO] Traitement: /Drive ECHOLINE/PB drive/01 - Contrats/ (6 permission(s))
[2026-07-06 11:01:55] [INFO] === COPIE REELLE: Drive ECHOLINE/PB drive/01 - Contrats ===
[2026-07-06 11:01:56] [SUCCESS] Dossier cree: Drive ECHOLINE/PB drive/01 - Contrats
[2026-07-06 11:01:56] [WARN] Aucun mappage chargé - droits ignorés pour: Drive ECHOLINE/PB drive/01 - Contrats
[2026-07-06 11:01:56] [INFO] Traitement: /Drive ECHOLINE/PB drive/01-Contrats & devis/ (6 permission(s))
[2026-07-06 11:01:56] [INFO] === COPIE REELLE: Drive ECHOLINE/PB drive/01-Contrats & devis ===
[2026-07-06 11:01:56] [SUCCESS] Dossier cree: Drive ECHOLINE/PB drive/01-Contrats & devis
[2026-07-06 11:01:56] [WARN] Aucun mappage chargé - droits ignorés pour: Drive ECHOLINE/PB drive/01-Contrats & devis
[2026-07-06 11:01:56] [INFO] Traitement: /Drive ECHOLINE/PB drive/02 - Procédures et modèles/ (6 permission(s))
[2026-07-06 11:01:56] [INFO] === COPIE REELLE: Drive ECHOLINE/PB drive/02 - Procédures et modèles ===
[2026-07-06 11:01:57] [SUCCESS] Dossier cree: Drive ECHOLINE/PB drive/02 - Procédures et modèles
[2026-07-06 11:01:57] [WARN] Aucun mappage chargé - droits ignorés pour: Drive ECHOLINE/PB drive/02 - Procédures et modèles
[2026-07-06 11:01:57] [INFO] Traitement: /Drive ECHOLINE/PB drive/03 - Doc. opérationnelle - Veille/ (6 permission(s))
[2026-07-06 11:01:57] [INFO] === COPIE REELLE: Drive ECHOLINE/PB drive/03 - Doc. opérationnelle - Veille ===
[2026-07-06 11:01:58] [SUCCESS] Dossier cree: Drive ECHOLINE/PB drive/03 - Doc. opérationnelle - Veille
[2026-07-06 11:01:58] [WARN] Aucun mappage chargé - droits ignorés pour: Drive ECHOLINE/PB drive/03 - Doc. opérationnelle - Veille
[2026-07-06 11:01:58] [INFO] Traitement: /Drive ECHOLINE/PB drive/04 - Administratif/ (6 permission(s))
[2026-07-06 11:01:58] [INFO] === COPIE REELLE: Drive ECHOLINE/PB drive/04 - Administratif ===
[2026-07-06 11:01:59] [SUCCESS] Dossier cree: Drive ECHOLINE/PB drive/04 - Administratif
[2026-07-06 11:01:59] [WARN] Aucun mappage chargé - droits ignorés pour: Drive ECHOLINE/PB drive/04 - Administratif
[2026-07-06 11:01:59] [INFO] Traitement: /Drive ECHOLINE/PB drive/06-Check-List contrôle/ (6 permission(s))
[2026-07-06 11:01:59] [INFO] === COPIE REELLE: Drive ECHOLINE/PB drive/06-Check-List contrôle ===
[2026-07-06 11:02:00] [SUCCESS] Dossier cree: Drive ECHOLINE/PB drive/06-Check-List contrôle
[2026-07-06 11:02:00] [WARN] Aucun mappage chargé - droits ignorés pour: Drive ECHOLINE/PB drive/06-Check-List contrôle
[2026-07-06 11:02:00] [INFO] Traitement: /Drive ECHOLINE/PB drive/1- Tableaux de veille/ (6 permission(s))
[2026-07-06 11:02:00] [INFO] === COPIE REELLE: Drive ECHOLINE/PB drive/1- Tableaux de veille ===
[2026-07-06 11:02:00] [SUCCESS] Dossier cree: Drive ECHOLINE/PB drive/1- Tableaux de veille
[2026-07-06 11:02:00] [WARN] Aucun mappage chargé - droits ignorés pour: Drive ECHOLINE/PB drive/1- Tableaux de veille
[2026-07-06 11:02:00] [INFO] Traitement: /Drive ECHOLINE/PB drive/3 - Archives Lettre d'information/ (6 permission(s))
[2026-07-06 11:02:00] [INFO] === COPIE REELLE: Drive ECHOLINE/PB drive/3 - Archives Lettre d'information ===
[2026-07-06 11:02:01] [SUCCESS] Dossier cree: Drive ECHOLINE/PB drive/3 - Archives Lettre d'information
[2026-07-06 11:02:01] [WARN] Aucun mappage chargé - droits ignorés pour: Drive ECHOLINE/PB drive/3 - Archives Lettre d'information
[2026-07-06 11:02:01] [INFO] Traitement: /Drive ECHOLINE/PB drive/4- Documentation juridique/ (6 permission(s))
[2026-07-06 11:02:01] [INFO] === COPIE REELLE: Drive ECHOLINE/PB drive/4- Documentation juridique ===
[2026-07-06 11:02:02] [SUCCESS] Dossier cree: Drive ECHOLINE/PB drive/4- Documentation juridique
[2026-07-06 11:02:02] [WARN] Aucun mappage chargé - droits ignorés pour: Drive ECHOLINE/PB drive/4- Documentation juridique
[2026-07-06 11:02:02] [INFO] Traitement: /Drive ECHOLINE/PB drive/5- Manuel utilisateurs/ (6 permission(s))
[2026-07-06 11:02:02] [INFO] === COPIE REELLE: Drive ECHOLINE/PB drive/5- Manuel utilisateurs ===
[2026-07-06 11:02:03] [SUCCESS] Dossier cree: Drive ECHOLINE/PB drive/5- Manuel utilisateurs
[2026-07-06 11:02:03] [WARN] Aucun mappage chargé - droits ignorés pour: Drive ECHOLINE/PB drive/5- Manuel utilisateurs
[2026-07-06 11:02:03] [INFO] Traitement: /Drive ECHOLINE/PB drive/6- Fiches thématiques/ (6 permission(s))
[2026-07-06 11:02:03] [INFO] === COPIE REELLE: Drive ECHOLINE/PB drive/6- Fiches thématiques ===
[2026-07-06 11:02:04] [SUCCESS] Dossier cree: Drive ECHOLINE/PB drive/6- Fiches thématiques
[2026-07-06 11:02:04] [WARN] Aucun mappage chargé - droits ignorés pour: Drive ECHOLINE/PB drive/6- Fiches thématiques
[2026-07-06 11:02:04] [INFO] Traitement: /Drive ECHOLINE/PB drive/ARCHIVES/ (6 permission(s))
[2026-07-06 11:02:04] [INFO] === COPIE REELLE: Drive ECHOLINE/PB drive/ARCHIVES ===
[2026-07-06 11:02:04] [SUCCESS] Dossier cree: Drive ECHOLINE/PB drive/ARCHIVES
[2026-07-06 11:02:04] [WARN] Aucun mappage chargé - droits ignorés pour: Drive ECHOLINE/PB drive/ARCHIVES
[2026-07-06 11:02:05] [INFO] Traitement: /Drive ECHOLINE/PB drive/ARTE/ (6 permission(s))
[2026-07-06 11:02:05] [INFO] === COPIE REELLE: Drive ECHOLINE/PB drive/ARTE ===
[2026-07-06 11:02:05] [SUCCESS] Dossier cree: Drive ECHOLINE/PB drive/ARTE
[2026-07-06 11:02:05] [WARN] Aucun mappage chargé - droits ignorés pour: Drive ECHOLINE/PB drive/ARTE
[2026-07-06 11:02:05] [INFO] Traitement: /Drive ECHOLINE/PB drive/BATISANTE SUD (AZURTECH)/ (6 permission(s))
[2026-07-06 11:02:05] [INFO] === COPIE REELLE: Drive ECHOLINE/PB drive/BATISANTE SUD (AZURTECH) ===
[2026-07-06 11:02:06] [SUCCESS] Dossier cree: Drive ECHOLINE/PB drive/BATISANTE SUD (AZURTECH)
[2026-07-06 11:02:06] [WARN] Aucun mappage chargé - droits ignorés pour: Drive ECHOLINE/PB drive/BATISANTE SUD (AZURTECH)
[2026-07-06 11:02:06] [INFO] Traitement: /Drive ECHOLINE/PB drive/BIOCOOP/ (6 permission(s))
[2026-07-06 11:02:06] [INFO] === COPIE REELLE: Drive ECHOLINE/PB drive/BIOCOOP ===
[2026-07-06 11:02:06] [SUCCESS] Dossier cree: Drive ECHOLINE/PB drive/BIOCOOP
[2026-07-06 11:02:06] [WARN] Aucun mappage chargé - droits ignorés pour: Drive ECHOLINE/PB drive/BIOCOOP
[2026-07-06 11:02:07] [INFO] Traitement: /Drive ECHOLINE/PB drive/Bioline - Livron sur Drôme/ (6 permission(s))
[2026-07-06 11:02:07] [INFO] === COPIE REELLE: Drive ECHOLINE/PB drive/Bioline - Livron sur Drôme ===
[2026-07-06 11:02:07] [SUCCESS] Dossier cree: Drive ECHOLINE/PB drive/Bioline - Livron sur Drôme
[2026-07-06 11:02:07] [WARN] Aucun mappage chargé - droits ignorés pour: Drive ECHOLINE/PB drive/Bioline - Livron sur Drôme
[2026-07-06 11:02:08] [INFO] Traitement: /Drive ECHOLINE/PB drive/CAE CONSEILS - SOFIDEL/ (6 permission(s))
[2026-07-06 11:02:08] [INFO] === COPIE REELLE: Drive ECHOLINE/PB drive/CAE CONSEILS - SOFIDEL ===
[2026-07-06 11:02:08] [SUCCESS] Dossier cree: Drive ECHOLINE/PB drive/CAE CONSEILS - SOFIDEL
[2026-07-06 11:02:08] [WARN] Aucun mappage chargé - droits ignorés pour: Drive ECHOLINE/PB drive/CAE CONSEILS - SOFIDEL
[2026-07-06 11:02:08] [INFO] Traitement: /Drive ECHOLINE/PB drive/CARTIER/ (6 permission(s))
[2026-07-06 11:02:08] [INFO] === COPIE REELLE: Drive ECHOLINE/PB drive/CARTIER ===
[2026-07-06 11:02:09] [SUCCESS] Dossier cree: Drive ECHOLINE/PB drive/CARTIER
[2026-07-06 11:02:09] [WARN] Aucun mappage chargé - droits ignorés pour: Drive ECHOLINE/PB drive/CARTIER
[2026-07-06 11:02:09] [INFO] Traitement: /Drive ECHOLINE/PB drive/CL/ (6 permission(s))
[2026-07-06 11:02:09] [INFO] === COPIE REELLE: Drive ECHOLINE/PB drive/CL ===
[2026-07-06 11:02:10] [SUCCESS] Dossier cree: Drive ECHOLINE/PB drive/CL
[2026-07-06 11:02:10] [WARN] Aucun mappage chargé - droits ignorés pour: Drive ECHOLINE/PB drive/CL
[2026-07-06 11:02:10] [INFO] Traitement: /Drive ECHOLINE/PB drive/CLAIREFONTAINE/ (6 permission(s))
[2026-07-06 11:02:10] [INFO] === COPIE REELLE: Drive ECHOLINE/PB drive/CLAIREFONTAINE ===
[2026-07-06 11:02:11] [SUCCESS] Dossier cree: Drive ECHOLINE/PB drive/CLAIREFONTAINE
[2026-07-06 11:02:11] [WARN] Aucun mappage chargé - droits ignorés pour: Drive ECHOLINE/PB drive/CLAIREFONTAINE
[2026-07-06 11:02:11] [INFO] Traitement: /Drive ECHOLINE/PB drive/Contrats purement RH/ (6 permission(s))
[2026-07-06 11:02:11] [INFO] === COPIE REELLE: Drive ECHOLINE/PB drive/Contrats purement RH ===
[2026-07-06 11:02:11] [SUCCESS] Dossier cree: Drive ECHOLINE/PB drive/Contrats purement RH
[2026-07-06 11:02:11] [WARN] Aucun mappage chargé - droits ignorés pour: Drive ECHOLINE/PB drive/Contrats purement RH
[2026-07-06 11:02:11] [INFO] Traitement: /Drive ECHOLINE/PB drive/CR point initial (1)/ (6 permission(s))
[2026-07-06 11:02:11] [INFO] === COPIE REELLE: Drive ECHOLINE/PB drive/CR point initial (1) ===
[2026-07-06 11:02:12] [SUCCESS] Dossier cree: Drive ECHOLINE/PB drive/CR point initial (1)
[2026-07-06 11:02:12] [WARN] Aucun mappage chargé - droits ignorés pour: Drive ECHOLINE/PB drive/CR point initial (1)
[2026-07-06 11:02:12] [INFO] Traitement: /Drive ECHOLINE/PB drive/CR point initial/ (6 permission(s))
[2026-07-06 11:02:12] [INFO] === COPIE REELLE: Drive ECHOLINE/PB drive/CR point initial ===
[2026-07-06 11:02:13] [SUCCESS] Dossier cree: Drive ECHOLINE/PB drive/CR point initial
[2026-07-06 11:02:13] [WARN] Aucun mappage chargé - droits ignorés pour: Drive ECHOLINE/PB drive/CR point initial
[2026-07-06 11:02:13] [INFO] Traitement: /Drive ECHOLINE/PB drive/DERICHEBOURG ATIS/ (6 permission(s))
[2026-07-06 11:02:13] [INFO] === COPIE REELLE: Drive ECHOLINE/PB drive/DERICHEBOURG ATIS ===
[2026-07-06 11:02:13] [SUCCESS] Dossier cree: Drive ECHOLINE/PB drive/DERICHEBOURG ATIS
[2026-07-06 11:02:13] [WARN] Aucun mappage chargé - droits ignorés pour: Drive ECHOLINE/PB drive/DERICHEBOURG ATIS
[2026-07-06 11:02:13] [INFO] Traitement: /Drive ECHOLINE/PB drive/DIOR/ (6 permission(s))
[2026-07-06 11:02:13] [INFO] === COPIE REELLE: Drive ECHOLINE/PB drive/DIOR ===
[2026-07-06 11:02:14] [SUCCESS] Dossier cree: Drive ECHOLINE/PB drive/DIOR
[2026-07-06 11:02:14] [WARN] Aucun mappage chargé - droits ignorés pour: Drive ECHOLINE/PB drive/DIOR
[2026-07-06 11:02:14] [INFO] Traitement: /Drive ECHOLINE/PB drive/Doc veille internationale/ (6 permission(s))
[2026-07-06 11:02:14] [INFO] === COPIE REELLE: Drive ECHOLINE/PB drive/Doc veille internationale ===
[2026-07-06 11:02:16] [SUCCESS] Dossier cree: Drive ECHOLINE/PB drive/Doc veille internationale
[2026-07-06 11:02:16] [WARN] Aucun mappage chargé - droits ignorés pour: Drive ECHOLINE/PB drive/Doc veille internationale
[2026-07-06 11:02:16] [INFO] Traitement: /Drive ECHOLINE/PB drive/ENI FRANCE/ (6 permission(s))
[2026-07-06 11:02:16] [INFO] === COPIE REELLE: Drive ECHOLINE/PB drive/ENI FRANCE ===
[2026-07-06 11:02:17] [SUCCESS] Dossier cree: Drive ECHOLINE/PB drive/ENI FRANCE
[2026-07-06 11:02:17] [WARN] Aucun mappage chargé - droits ignorés pour: Drive ECHOLINE/PB drive/ENI FRANCE
[2026-07-06 11:02:17] [INFO] Traitement: /Drive ECHOLINE/PB drive/Exemples news extérieures/ (6 permission(s))
[2026-07-06 11:02:17] [INFO] === COPIE REELLE: Drive ECHOLINE/PB drive/Exemples news extérieures ===
[2026-07-06 11:02:18] [SUCCESS] Dossier cree: Drive ECHOLINE/PB drive/Exemples news extérieures
[2026-07-06 11:02:18] [WARN] Aucun mappage chargé - droits ignorés pour: Drive ECHOLINE/PB drive/Exemples news extérieures
[2026-07-06 11:02:18] [INFO] Traitement: /Drive ECHOLINE/PB drive/Export txts avant report SONATA/ (6 permission(s))
[2026-07-06 11:02:18] [INFO] === COPIE REELLE: Drive ECHOLINE/PB drive/Export txts avant report SONATA ===
[2026-07-06 11:02:19] [SUCCESS] Dossier cree: Drive ECHOLINE/PB drive/Export txts avant report SONATA
[2026-07-06 11:02:19] [WARN] Aucun mappage chargé - droits ignorés pour: Drive ECHOLINE/PB drive/Export txts avant report SONATA
[2026-07-06 11:02:19] [INFO] Traitement: /Drive ECHOLINE/PB drive/Fertiline - Loudéac/ (6 permission(s))
[2026-07-06 11:02:19] [INFO] === COPIE REELLE: Drive ECHOLINE/PB drive/Fertiline - Loudéac ===
[2026-07-06 11:02:20] [SUCCESS] Dossier cree: Drive ECHOLINE/PB drive/Fertiline - Loudéac
[2026-07-06 11:02:20] [WARN] Aucun mappage chargé - droits ignorés pour: Drive ECHOLINE/PB drive/Fertiline - Loudéac
[2026-07-06 11:02:20] [INFO] Traitement: /Drive ECHOLINE/PB drive/Fiche ID (1)/ (6 permission(s))
[2026-07-06 11:02:20] [INFO] === COPIE REELLE: Drive ECHOLINE/PB drive/Fiche ID (1) ===
[2026-07-06 11:02:21] [SUCCESS] Dossier cree: Drive ECHOLINE/PB drive/Fiche ID (1)
[2026-07-06 11:02:21] [WARN] Aucun mappage chargé - droits ignorés pour: Drive ECHOLINE/PB drive/Fiche ID (1)
[2026-07-06 11:02:21] [INFO] Traitement: /Drive ECHOLINE/PB drive/Fiche ID/ (6 permission(s))
[2026-07-06 11:02:21] [INFO] === COPIE REELLE: Drive ECHOLINE/PB drive/Fiche ID ===
[2026-07-06 11:02:21] [SUCCESS] Dossier cree: Drive ECHOLINE/PB drive/Fiche ID
[2026-07-06 11:02:21] [WARN] Aucun mappage chargé - droits ignorés pour: Drive ECHOLINE/PB drive/Fiche ID
[2026-07-06 11:02:21] [INFO] Traitement: /Drive ECHOLINE/PB drive/Formulaire utilisateurs/ (6 permission(s))
[2026-07-06 11:02:21] [INFO] === COPIE REELLE: Drive ECHOLINE/PB drive/Formulaire utilisateurs ===
[2026-07-06 11:02:22] [SUCCESS] Dossier cree: Drive ECHOLINE/PB drive/Formulaire utilisateurs
[2026-07-06 11:02:22] [WARN] Aucun mappage chargé - droits ignorés pour: Drive ECHOLINE/PB drive/Formulaire utilisateurs
[2026-07-06 11:02:22] [INFO] Traitement: /Drive ECHOLINE/PB drive/LOUIS VUITTON/ (6 permission(s))
[2026-07-06 11:02:22] [INFO] === COPIE REELLE: Drive ECHOLINE/PB drive/LOUIS VUITTON ===
[2026-07-06 11:02:23] [SUCCESS] Dossier cree: Drive ECHOLINE/PB drive/LOUIS VUITTON
[2026-07-06 11:02:23] [WARN] Aucun mappage chargé - droits ignorés pour: Drive ECHOLINE/PB drive/LOUIS VUITTON
[2026-07-06 11:02:23] [INFO] Traitement: /Drive ECHOLINE/PB drive/mails - hotline directe/ (6 permission(s))
[2026-07-06 11:02:23] [INFO] === COPIE REELLE: Drive ECHOLINE/PB drive/mails - hotline directe ===
[2026-07-06 11:02:23] [SUCCESS] Dossier cree: Drive ECHOLINE/PB drive/mails - hotline directe
[2026-07-06 11:02:23] [WARN] Aucun mappage chargé - droits ignorés pour: Drive ECHOLINE/PB drive/mails - hotline directe
[2026-07-06 11:02:23] [INFO] Traitement: /Drive ECHOLINE/PB drive/MODELES lettre info/ (6 permission(s))
[2026-07-06 11:02:23] [INFO] === COPIE REELLE: Drive ECHOLINE/PB drive/MODELES lettre info ===
[2026-07-06 11:02:25] [SUCCESS] Dossier cree: Drive ECHOLINE/PB drive/MODELES lettre info
[2026-07-06 11:02:25] [WARN] Aucun mappage chargé - droits ignorés pour: Drive ECHOLINE/PB drive/MODELES lettre info
[2026-07-06 11:02:25] [INFO] Traitement: /Drive ECHOLINE/PB drive/NUTRITION ET SANTE/ (6 permission(s))
[2026-07-06 11:02:25] [INFO] === COPIE REELLE: Drive ECHOLINE/PB drive/NUTRITION ET SANTE ===
[2026-07-06 11:02:25] [SUCCESS] Dossier cree: Drive ECHOLINE/PB drive/NUTRITION ET SANTE
[2026-07-06 11:02:25] [WARN] Aucun mappage chargé - droits ignorés pour: Drive ECHOLINE/PB drive/NUTRITION ET SANTE
[2026-07-06 11:02:25] [INFO] Traitement: /Drive ECHOLINE/PB drive/PIVAUDRAN/ (6 permission(s))
[2026-07-06 11:02:25] [INFO] === COPIE REELLE: Drive ECHOLINE/PB drive/PIVAUDRAN ===
[2026-07-06 11:02:26] [SUCCESS] Dossier cree: Drive ECHOLINE/PB drive/PIVAUDRAN
[2026-07-06 11:02:26] [WARN] Aucun mappage chargé - droits ignorés pour: Drive ECHOLINE/PB drive/PIVAUDRAN
[2026-07-06 11:02:26] [INFO] Traitement: /Drive ECHOLINE/PB drive/Projets/ (6 permission(s))
[2026-07-06 11:02:26] [INFO] === COPIE REELLE: Drive ECHOLINE/PB drive/Projets ===
[2026-07-06 11:02:27] [SUCCESS] Dossier cree: Drive ECHOLINE/PB drive/Projets
[2026-07-06 11:02:27] [WARN] Aucun mappage chargé - droits ignorés pour: Drive ECHOLINE/PB drive/Projets
[2026-07-06 11:02:27] [INFO] Traitement: /Drive ECHOLINE/PB drive/RIEN AJOUTER Dossiers clients/ (6 permission(s))
[2026-07-06 11:02:27] [INFO] === COPIE REELLE: Drive ECHOLINE/PB drive/RIEN AJOUTER Dossiers clients ===
[2026-07-06 11:02:27] [SUCCESS] Dossier cree: Drive ECHOLINE/PB drive/RIEN AJOUTER Dossiers clients
[2026-07-06 11:02:27] [WARN] Aucun mappage chargé - droits ignorés pour: Drive ECHOLINE/PB drive/RIEN AJOUTER Dossiers clients
[2026-07-06 11:02:27] [INFO] Traitement: /Drive ECHOLINE/PB drive/SIGNAUX GIROD/ (6 permission(s))
[2026-07-06 11:02:27] [INFO] === COPIE REELLE: Drive ECHOLINE/PB drive/SIGNAUX GIROD ===
[2026-07-06 11:02:28] [SUCCESS] Dossier cree: Drive ECHOLINE/PB drive/SIGNAUX GIROD
[2026-07-06 11:02:28] [WARN] Aucun mappage chargé - droits ignorés pour: Drive ECHOLINE/PB drive/SIGNAUX GIROD
[2026-07-06 11:02:28] [INFO] Traitement: /Drive ECHOLINE/PB drive/STERIS/ (6 permission(s))
[2026-07-06 11:02:28] [INFO] === COPIE REELLE: Drive ECHOLINE/PB drive/STERIS ===
[2026-07-06 11:02:29] [SUCCESS] Dossier cree: Drive ECHOLINE/PB drive/STERIS
[2026-07-06 11:02:29] [WARN] Aucun mappage chargé - droits ignorés pour: Drive ECHOLINE/PB drive/STERIS
[2026-07-06 11:02:29] [INFO] Traitement: /Drive ECHOLINE/PB drive/THYSSENKRUPP/ (6 permission(s))
[2026-07-06 11:02:29] [INFO] === COPIE REELLE: Drive ECHOLINE/PB drive/THYSSENKRUPP ===
[2026-07-06 11:02:30] [SUCCESS] Dossier cree: Drive ECHOLINE/PB drive/THYSSENKRUPP
[2026-07-06 11:02:30] [WARN] Aucun mappage chargé - droits ignorés pour: Drive ECHOLINE/PB drive/THYSSENKRUPP
[2026-07-06 11:02:30] [INFO] Traitement: /Drive ECHOLINE/PB drive/Union Invivo - Montoir de Bretagne/ (6 permission(s))
[2026-07-06 11:02:30] [INFO] === COPIE REELLE: Drive ECHOLINE/PB drive/Union Invivo - Montoir de Bretagne ===
[2026-07-06 11:02:31] [SUCCESS] Dossier cree: Drive ECHOLINE/PB drive/Union Invivo - Montoir de Bretagne
[2026-07-06 11:02:31] [WARN] Aucun mappage chargé - droits ignorés pour: Drive ECHOLINE/PB drive/Union Invivo - Montoir de Bretagne
[2026-07-06 11:02:31] [INFO] Traitement: /Drive ECHOLINE/PB drive/Union Invivo - Nantes/ (6 permission(s))
[2026-07-06 11:02:31] [INFO] === COPIE REELLE: Drive ECHOLINE/PB drive/Union Invivo - Nantes ===
[2026-07-06 11:02:31] [SUCCESS] Dossier cree: Drive ECHOLINE/PB drive/Union Invivo - Nantes
[2026-07-06 11:02:31] [WARN] Aucun mappage chargé - droits ignorés pour: Drive ECHOLINE/PB drive/Union Invivo - Nantes
[2026-07-06 11:02:31] [INFO] Traitement: /Drive ECHOLINE/PB drive/Union Invivo - Saint-usage/ (6 permission(s))
[2026-07-06 11:02:31] [INFO] === COPIE REELLE: Drive ECHOLINE/PB drive/Union Invivo - Saint-usage ===
[2026-07-06 11:02:32] [SUCCESS] Dossier cree: Drive ECHOLINE/PB drive/Union Invivo - Saint-usage
[2026-07-06 11:02:32] [WARN] Aucun mappage chargé - droits ignorés pour: Drive ECHOLINE/PB drive/Union Invivo - Saint-usage
[2026-07-06 11:02:32] [INFO] Traitement: /Drive ECHOLINE/PB drive/Union Invivo Chalon en Champagne/ (6 permission(s))
[2026-07-06 11:02:32] [INFO] === COPIE REELLE: Drive ECHOLINE/PB drive/Union Invivo Chalon en Champagne ===
[2026-07-06 11:02:33] [SUCCESS] Dossier cree: Drive ECHOLINE/PB drive/Union Invivo Chalon en Champagne
[2026-07-06 11:02:33] [WARN] Aucun mappage chargé - droits ignorés pour: Drive ECHOLINE/PB drive/Union Invivo Chalon en Champagne
[2026-07-06 11:02:33] [INFO] Traitement: /Drive ECHOLINE/PB drive/Union Invivo Metz/ (6 permission(s))
[2026-07-06 11:02:33] [INFO] === COPIE REELLE: Drive ECHOLINE/PB drive/Union Invivo Metz ===
[2026-07-06 11:02:34] [SUCCESS] Dossier cree: Drive ECHOLINE/PB drive/Union Invivo Metz
[2026-07-06 11:02:34] [WARN] Aucun mappage chargé - droits ignorés pour: Drive ECHOLINE/PB drive/Union Invivo Metz
[2026-07-06 11:02:34] [INFO] Traitement: /Drive ECHOLINE/PB drive/VALOREM/ (6 permission(s))
[2026-07-06 11:02:34] [INFO] === COPIE REELLE: Drive ECHOLINE/PB drive/VALOREM ===
[2026-07-06 11:02:34] [SUCCESS] Dossier cree: Drive ECHOLINE/PB drive/VALOREM
[2026-07-06 11:02:34] [WARN] Aucun mappage chargé - droits ignorés pour: Drive ECHOLINE/PB drive/VALOREM
[2026-07-06 11:02:34] [INFO] Traitement: /Drive ECHOLINE/PB drive/VILLEROY ET BOCH/ (6 permission(s))
[2026-07-06 11:02:34] [INFO] === COPIE REELLE: Drive ECHOLINE/PB drive/VILLEROY ET BOCH ===
[2026-07-06 11:02:35] [SUCCESS] Dossier cree: Drive ECHOLINE/PB drive/VILLEROY ET BOCH
[2026-07-06 11:02:35] [WARN] Aucun mappage chargé - droits ignorés pour: Drive ECHOLINE/PB drive/VILLEROY ET BOCH
[2026-07-06 11:02:35] [INFO] Traitement: /Drive ECHOLINE/PB drive/Visites/ (6 permission(s))
[2026-07-06 11:02:35] [INFO] === COPIE REELLE: Drive ECHOLINE/PB drive/Visites ===
[2026-07-06 11:02:36] [SUCCESS] Dossier cree: Drive ECHOLINE/PB drive/Visites
[2026-07-06 11:02:36] [WARN] Aucun mappage chargé - droits ignorés pour: Drive ECHOLINE/PB drive/Visites
[2026-07-06 11:02:36] [INFO] Traitement: /emailaddress.csv (5 permission(s))
[2026-07-06 11:02:36] [INFO] === COPIE REELLE: emailaddress.csv ===
[2026-07-06 11:02:38] [SUCCESS] === FICHIER COPIE AVEC SUCCES: emailaddress.csv ===
[2026-07-06 11:02:38] [WARN] Aucun mappage chargé - droits ignorés pour: emailaddress.csv
[2026-07-06 11:02:38] [INFO] Traitement: /Members_.csv (5 permission(s))
[2026-07-06 11:02:38] [INFO] === COPIE REELLE: Members_.csv ===
[2026-07-06 11:02:39] [SUCCESS] === FICHIER COPIE AVEC SUCCES: Members_.csv ===
[2026-07-06 11:02:39] [WARN] Aucun mappage chargé - droits ignorés pour: Members_.csv
[2026-07-06 11:02:39] [INFO] Traitement: /Members_support.csv (5 permission(s))
[2026-07-06 11:02:39] [INFO] === COPIE REELLE: Members_support.csv ===
[2026-07-06 11:02:40] [SUCCESS] === FICHIER COPIE AVEC SUCCES: Members_support.csv ===
[2026-07-06 11:02:40] [WARN] Aucun mappage chargé - droits ignorés pour: Members_support.csv
[2026-07-06 11:02:40] [INFO] Traitement: /SCRIPT/ (5 permission(s))
[2026-07-06 11:02:40] [INFO] === COPIE REELLE: SCRIPT ===
[2026-07-06 11:02:40] [SUCCESS] Dossier cree: SCRIPT
[2026-07-06 11:02:40] [WARN] Aucun mappage chargé - droits ignorés pour: SCRIPT
[2026-07-06 11:02:40] [INFO] Traitement: /SCRIPT/ajout_DKIM_PS.txt (5 permission(s))
[2026-07-06 11:02:40] [INFO] === COPIE REELLE: SCRIPT/ajout_DKIM_PS.txt ===
[2026-07-06 11:02:41] [SUCCESS] === FICHIER COPIE AVEC SUCCES: SCRIPT/ajout_DKIM_PS.txt ===
[2026-07-06 11:02:41] [WARN] Aucun mappage chargé - droits ignorés pour: SCRIPT/ajout_DKIM_PS.txt
[2026-07-06 11:02:41] [INFO] Traitement: /SCRIPT/conf_POSTFIX_Domaine.txt (5 permission(s))
[2026-07-06 11:02:41] [INFO] === COPIE REELLE: SCRIPT/conf_POSTFIX_Domaine.txt ===
[2026-07-06 11:02:43] [SUCCESS] === FICHIER COPIE AVEC SUCCES: SCRIPT/conf_POSTFIX_Domaine.txt ===
[2026-07-06 11:02:43] [WARN] Aucun mappage chargé - droits ignorés pour: SCRIPT/conf_POSTFIX_Domaine.txt
[2026-07-06 11:02:43] [INFO] Traitement: /SCRIPT/EOm8Q~EPBhXvVx5eeRrXdYK5wljgxyS6bGm.txt (5 permission(s))
[2026-07-06 11:02:43] [INFO] === COPIE REELLE: SCRIPT/EOm8Q~EPBhXvVx5eeRrXdYK5wljgxyS6bGm.txt ===
[2026-07-06 11:02:44] [SUCCESS] === FICHIER COPIE AVEC SUCCES: SCRIPT/EOm8Q~EPBhXvVx5eeRrXdYK5wljgxyS6bGm.txt ===
[2026-07-06 11:02:44] [WARN] Aucun mappage chargé - droits ignorés pour: SCRIPT/EOm8Q~EPBhXvVx5eeRrXdYK5wljgxyS6bGm.txt
[2026-07-06 11:02:44] [INFO] Traitement: /SCRIPT/Extraction_AD_BAUNETZ.ps1 (5 permission(s))
[2026-07-06 11:02:44] [INFO] === COPIE REELLE: SCRIPT/Extraction_AD_BAUNETZ.ps1 ===
[2026-07-06 11:02:45] [SUCCESS] === FICHIER COPIE AVEC SUCCES: SCRIPT/Extraction_AD_BAUNETZ.ps1 ===
[2026-07-06 11:02:45] [WARN] Aucun mappage chargé - droits ignorés pour: SCRIPT/Extraction_AD_BAUNETZ.ps1
[2026-07-06 11:02:45] [INFO] Traitement: /SCRIPT/import_onedrive.csv (5 permission(s))
[2026-07-06 11:02:45] [INFO] === COPIE REELLE: SCRIPT/import_onedrive.csv ===
[2026-07-06 11:02:46] [SUCCESS] === FICHIER COPIE AVEC SUCCES: SCRIPT/import_onedrive.csv ===
[2026-07-06 11:02:46] [WARN] Aucun mappage chargé - droits ignorés pour: SCRIPT/import_onedrive.csv
[2026-07-06 11:02:46] [INFO] Traitement: /SCRIPT/mail_secondaire.csv (5 permission(s))
[2026-07-06 11:02:46] [INFO] === COPIE REELLE: SCRIPT/mail_secondaire.csv ===
[2026-07-06 11:02:47] [SUCCESS] === FICHIER COPIE AVEC SUCCES: SCRIPT/mail_secondaire.csv ===
[2026-07-06 11:02:47] [WARN] Aucun mappage chargé - droits ignorés pour: SCRIPT/mail_secondaire.csv
[2026-07-06 11:02:47] [INFO] Traitement: /SCRIPT/migrationwiz_import_email_email (1).csv (5 permission(s))
[2026-07-06 11:02:47] [INFO] === COPIE REELLE: SCRIPT/migrationwiz_import_email_email (1).csv ===
[2026-07-06 11:02:49] [SUCCESS] === FICHIER COPIE AVEC SUCCES: SCRIPT/migrationwiz_import_email_email (1).csv ===
[2026-07-06 11:02:49] [WARN] Aucun mappage chargé - droits ignorés pour: SCRIPT/migrationwiz_import_email_email (1).csv
[2026-07-06 11:02:49] [INFO] Traitement: /SCRIPT/Murge_BAL_Important!!.txt (5 permission(s))
[2026-07-06 11:02:49] [INFO] === COPIE REELLE: SCRIPT/Murge_BAL_Important!!.txt ===
[2026-07-06 11:02:50] [SUCCESS] === FICHIER COPIE AVEC SUCCES: SCRIPT/Murge_BAL_Important!!.txt ===
[2026-07-06 11:02:50] [WARN] Aucun mappage chargé - droits ignorés pour: SCRIPT/Murge_BAL_Important!!.txt
[2026-07-06 11:02:50] [INFO] Traitement: /SCRIPT/nouveau 10.txt (5 permission(s))
[2026-07-06 11:02:50] [INFO] === COPIE REELLE: SCRIPT/nouveau 10.txt ===
[2026-07-06 11:02:51] [SUCCESS] === FICHIER COPIE AVEC SUCCES: SCRIPT/nouveau 10.txt ===
[2026-07-06 11:02:51] [WARN] Aucun mappage chargé - droits ignorés pour: SCRIPT/nouveau 10.txt
[2026-07-06 11:02:51] [INFO] Traitement: /SCRIPT/nouveau 12.txt (5 permission(s))
[2026-07-06 11:02:51] [INFO] === COPIE REELLE: SCRIPT/nouveau 12.txt ===
[2026-07-06 11:02:52] [SUCCESS] === FICHIER COPIE AVEC SUCCES: SCRIPT/nouveau 12.txt ===
[2026-07-06 11:02:52] [WARN] Aucun mappage chargé - droits ignorés pour: SCRIPT/nouveau 12.txt
[2026-07-06 11:02:52] [INFO] Traitement: /SCRIPT/Nouveau Document texte.csv (5 permission(s))
[2026-07-06 11:02:52] [INFO] === COPIE REELLE: SCRIPT/Nouveau Document texte.csv ===
[2026-07-06 11:02:54] [SUCCESS] === FICHIER COPIE AVEC SUCCES: SCRIPT/Nouveau Document texte.csv ===
[2026-07-06 11:02:54] [WARN] Aucun mappage chargé - droits ignorés pour: SCRIPT/Nouveau Document texte.csv
[2026-07-06 11:02:54] [INFO] Traitement: /SCRIPT/Post_Fixe.txt (5 permission(s))
[2026-07-06 11:02:54] [INFO] === COPIE REELLE: SCRIPT/Post_Fixe.txt ===
[2026-07-06 11:02:55] [SUCCESS] === FICHIER COPIE AVEC SUCCES: SCRIPT/Post_Fixe.txt ===
[2026-07-06 11:02:55] [WARN] Aucun mappage chargé - droits ignorés pour: SCRIPT/Post_Fixe.txt
[2026-07-06 11:02:55] [INFO] Traitement: /SCRIPT/Postfix.txt (5 permission(s))
[2026-07-06 11:02:55] [INFO] === COPIE REELLE: SCRIPT/Postfix.txt ===
[2026-07-06 11:02:56] [SUCCESS] === FICHIER COPIE AVEC SUCCES: SCRIPT/Postfix.txt ===
[2026-07-06 11:02:56] [WARN] Aucun mappage chargé - droits ignorés pour: SCRIPT/Postfix.txt
[2026-07-06 11:02:56] [INFO] Traitement: /SCRIPT/script_activation_user_AD.txt (5 permission(s))
[2026-07-06 11:02:56] [INFO] === COPIE REELLE: SCRIPT/script_activation_user_AD.txt ===
[2026-07-06 11:02:57] [SUCCESS] === FICHIER COPIE AVEC SUCCES: SCRIPT/script_activation_user_AD.txt ===
[2026-07-06 11:02:57] [WARN] Aucun mappage chargé - droits ignorés pour: SCRIPT/script_activation_user_AD.txt
[2026-07-06 11:02:57] [INFO] Traitement: /SCRIPT/script_ajout_adressemail_secondaire_proxyadress.txt (5 permission(s))
[2026-07-06 11:02:57] [INFO] === COPIE REELLE: SCRIPT/script_ajout_adressemail_secondaire_proxyadress.txt ===
[2026-07-06 11:02:58] [SUCCESS] === FICHIER COPIE AVEC SUCCES: SCRIPT/script_ajout_adressemail_secondaire_proxyadress.txt ===
[2026-07-06 11:02:58] [WARN] Aucun mappage chargé - droits ignorés pour: SCRIPT/script_ajout_adressemail_secondaire_proxyadress.txt
[2026-07-06 11:02:58] [INFO] Traitement: /SCRIPT/script_ajout_champs_mail_en_masse.txt (5 permission(s))
[2026-07-06 11:02:58] [INFO] === COPIE REELLE: SCRIPT/script_ajout_champs_mail_en_masse.txt ===
[2026-07-06 11:02:59] [SUCCESS] === FICHIER COPIE AVEC SUCCES: SCRIPT/script_ajout_champs_mail_en_masse.txt ===
[2026-07-06 11:02:59] [WARN] Aucun mappage chargé - droits ignorés pour: SCRIPT/script_ajout_champs_mail_en_masse.txt
[2026-07-06 11:02:59] [INFO] Traitement: /SCRIPT/Script_ajout_compte_admin_dans_les_sites_sharepoint.txt (5 permission(s))
[2026-07-06 11:02:59] [INFO] === COPIE REELLE: SCRIPT/Script_ajout_compte_admin_dans_les_sites_sharepoint.txt ===
[2026-07-06 11:03:00] [SUCCESS] === FICHIER COPIE AVEC SUCCES: SCRIPT/Script_ajout_compte_admin_dans_les_sites_sharepoint.txt ===
[2026-07-06 11:03:00] [WARN] Aucun mappage chargé - droits ignorés pour: SCRIPT/Script_ajout_compte_admin_dans_les_sites_sharepoint.txt
[2026-07-06 11:03:00] [INFO] Traitement: /SCRIPT/Script_ajout_délegation_FullAcces_BP.txt (5 permission(s))
[2026-07-06 11:03:00] [INFO] === COPIE REELLE: SCRIPT/Script_ajout_délegation_FullAcces_BP.txt ===
[2026-07-06 11:03:01] [SUCCESS] === FICHIER COPIE AVEC SUCCES: SCRIPT/Script_ajout_délegation_FullAcces_BP.txt ===
[2026-07-06 11:03:01] [WARN] Aucun mappage chargé - droits ignorés pour: SCRIPT/Script_ajout_délegation_FullAcces_BP.txt
[2026-07-06 11:03:01] [INFO] Traitement: /SCRIPT/script_ajout_mailsecondaire_proxyadress_plusieursdomaine.txt (5 permission(s))
[2026-07-06 11:03:01] [INFO] === COPIE REELLE: SCRIPT/script_ajout_mailsecondaire_proxyadress_plusieursdomaine.txt ===
[2026-07-06 11:03:03] [SUCCESS] === FICHIER COPIE AVEC SUCCES: SCRIPT/script_ajout_mailsecondaire_proxyadress_plusieursdomaine.txt ===
[2026-07-06 11:03:03] [WARN] Aucun mappage chargé - droits ignorés pour: SCRIPT/script_ajout_mailsecondaire_proxyadress_plusieursdomaine.txt
[2026-07-06 11:03:03] [INFO] Traitement: /SCRIPT/script_ajout_SMTP_proxyadress_en_masse.txt (5 permission(s))
[2026-07-06 11:03:03] [INFO] === COPIE REELLE: SCRIPT/script_ajout_SMTP_proxyadress_en_masse.txt ===
[2026-07-06 11:03:04] [SUCCESS] === FICHIER COPIE AVEC SUCCES: SCRIPT/script_ajout_SMTP_proxyadress_en_masse.txt ===
[2026-07-06 11:03:04] [WARN] Aucun mappage chargé - droits ignorés pour: SCRIPT/script_ajout_SMTP_proxyadress_en_masse.txt
[2026-07-06 11:03:04] [INFO] Traitement: /SCRIPT/script_délégation_BP.txt (5 permission(s))
[2026-07-06 11:03:04] [INFO] === COPIE REELLE: SCRIPT/script_délégation_BP.txt ===
[2026-07-06 11:03:04] [SUCCESS] === FICHIER COPIE AVEC SUCCES: SCRIPT/script_délégation_BP.txt ===
[2026-07-06 11:03:05] [WARN] Aucun mappage chargé - droits ignorés pour: SCRIPT/script_délégation_BP.txt
[2026-07-06 11:03:05] [INFO] Traitement: /SCRIPT/script_délégation_bp_mail.txt (5 permission(s))
[2026-07-06 11:03:05] [INFO] === COPIE REELLE: SCRIPT/script_délégation_bp_mail.txt ===
[2026-07-06 11:03:05] [SUCCESS] === FICHIER COPIE AVEC SUCCES: SCRIPT/script_délégation_bp_mail.txt ===
[2026-07-06 11:03:05] [WARN] Aucun mappage chargé - droits ignorés pour: SCRIPT/script_délégation_bp_mail.txt
[2026-07-06 11:03:05] [INFO] Traitement: /SCRIPT/script_délégation_Fullaccess_BP.txt (5 permission(s))
[2026-07-06 11:03:05] [INFO] === COPIE REELLE: SCRIPT/script_délégation_Fullaccess_BP.txt ===
[2026-07-06 11:03:07] [SUCCESS] === FICHIER COPIE AVEC SUCCES: SCRIPT/script_délégation_Fullaccess_BP.txt ===
[2026-07-06 11:03:07] [WARN] Aucun mappage chargé - droits ignorés pour: SCRIPT/script_délégation_Fullaccess_BP.txt
[2026-07-06 11:03:07] [INFO] Traitement: /SCRIPT/Script_delegation_SendAs_BP.txt (5 permission(s))
[2026-07-06 11:03:07] [INFO] === COPIE REELLE: SCRIPT/Script_delegation_SendAs_BP.txt ===
[2026-07-06 11:03:08] [SUCCESS] === FICHIER COPIE AVEC SUCCES: SCRIPT/Script_delegation_SendAs_BP.txt ===
[2026-07-06 11:03:08] [WARN] Aucun mappage chargé - droits ignorés pour: SCRIPT/Script_delegation_SendAs_BP.txt
[2026-07-06 11:03:08] [INFO] Traitement: /SCRIPT/script_délégation_SendAs_BP.txt (5 permission(s))
[2026-07-06 11:03:08] [INFO] === COPIE REELLE: SCRIPT/script_délégation_SendAs_BP.txt ===
[2026-07-06 11:03:09] [SUCCESS] === FICHIER COPIE AVEC SUCCES: SCRIPT/script_délégation_SendAs_BP.txt ===
[2026-07-06 11:03:09] [WARN] Aucun mappage chargé - droits ignorés pour: SCRIPT/script_délégation_SendAs_BP.txt
[2026-07-06 11:03:09] [INFO] Traitement: /SCRIPT/script_désactivation_user.txt (5 permission(s))
[2026-07-06 11:03:09] [INFO] === COPIE REELLE: SCRIPT/script_désactivation_user.txt ===
[2026-07-06 11:03:10] [SUCCESS] === FICHIER COPIE AVEC SUCCES: SCRIPT/script_désactivation_user.txt ===
[2026-07-06 11:03:10] [WARN] Aucun mappage chargé - droits ignorés pour: SCRIPT/script_désactivation_user.txt
[2026-07-06 11:03:10] [INFO] Traitement: /SCRIPT/Script_droit_BP.txt (5 permission(s))
[2026-07-06 11:03:10] [INFO] === COPIE REELLE: SCRIPT/Script_droit_BP.txt ===
[2026-07-06 11:03:11] [SUCCESS] === FICHIER COPIE AVEC SUCCES: SCRIPT/Script_droit_BP.txt ===
[2026-07-06 11:03:11] [WARN] Aucun mappage chargé - droits ignorés pour: SCRIPT/Script_droit_BP.txt
[2026-07-06 11:03:11] [INFO] Traitement: /SCRIPT/Script_extrac_SMTP_Principale.txt (5 permission(s))
[2026-07-06 11:03:11] [INFO] === COPIE REELLE: SCRIPT/Script_extrac_SMTP_Principale.txt ===
[2026-07-06 11:03:12] [SUCCESS] === FICHIER COPIE AVEC SUCCES: SCRIPT/Script_extrac_SMTP_Principale.txt ===
[2026-07-06 11:03:12] [WARN] Aucun mappage chargé - droits ignorés pour: SCRIPT/Script_extrac_SMTP_Principale.txt
[2026-07-06 11:03:12] [INFO] Traitement: /SCRIPT/Script_Extract_adressemail_Exchange_Online.txt (5 permission(s))
[2026-07-06 11:03:12] [INFO] === COPIE REELLE: SCRIPT/Script_Extract_adressemail_Exchange_Online.txt ===
[2026-07-06 11:03:14] [SUCCESS] === FICHIER COPIE AVEC SUCCES: SCRIPT/Script_Extract_adressemail_Exchange_Online.txt ===
[2026-07-06 11:03:14] [WARN] Aucun mappage chargé - droits ignorés pour: SCRIPT/Script_Extract_adressemail_Exchange_Online.txt
[2026-07-06 11:03:14] [INFO] Traitement: /SCRIPT/Script_Extract_délégation_BP.txt (5 permission(s))
[2026-07-06 11:03:14] [INFO] === COPIE REELLE: SCRIPT/Script_Extract_délégation_BP.txt ===
[2026-07-06 11:03:15] [SUCCESS] === FICHIER COPIE AVEC SUCCES: SCRIPT/Script_Extract_délégation_BP.txt ===
[2026-07-06 11:03:15] [WARN] Aucun mappage chargé - droits ignorés pour: SCRIPT/Script_Extract_délégation_BP.txt
[2026-07-06 11:03:15] [INFO] Traitement: /SCRIPT/script_extract_membre_groupe_AD.txt (5 permission(s))
[2026-07-06 11:03:15] [INFO] === COPIE REELLE: SCRIPT/script_extract_membre_groupe_AD.txt ===
[2026-07-06 11:03:16] [SUCCESS] === FICHIER COPIE AVEC SUCCES: SCRIPT/script_extract_membre_groupe_AD.txt ===
[2026-07-06 11:03:16] [WARN] Aucun mappage chargé - droits ignorés pour: SCRIPT/script_extract_membre_groupe_AD.txt
[2026-07-06 11:03:16] [INFO] Traitement: /SCRIPT/script_extract_onedrive.txt (5 permission(s))
[2026-07-06 11:03:16] [INFO] === COPIE REELLE: SCRIPT/script_extract_onedrive.txt ===
[2026-07-06 11:03:17] [SUCCESS] === FICHIER COPIE AVEC SUCCES: SCRIPT/script_extract_onedrive.txt ===
[2026-07-06 11:03:17] [WARN] Aucun mappage chargé - droits ignorés pour: SCRIPT/script_extract_onedrive.txt
[2026-07-06 11:03:17] [INFO] Traitement: /SCRIPT/script_extract_proxyaddress.txt (5 permission(s))
[2026-07-06 11:03:17] [INFO] === COPIE REELLE: SCRIPT/script_extract_proxyaddress.txt ===
[2026-07-06 11:03:18] [SUCCESS] === FICHIER COPIE AVEC SUCCES: SCRIPT/script_extract_proxyaddress.txt ===
[2026-07-06 11:03:18] [WARN] Aucun mappage chargé - droits ignorés pour: SCRIPT/script_extract_proxyaddress.txt
[2026-07-06 11:03:18] [INFO] Traitement: /SCRIPT/script_extract_Proxyadress_format.txt (5 permission(s))
[2026-07-06 11:03:18] [INFO] === COPIE REELLE: SCRIPT/script_extract_Proxyadress_format.txt ===
[2026-07-06 11:03:19] [SUCCESS] === FICHIER COPIE AVEC SUCCES: SCRIPT/script_extract_Proxyadress_format.txt ===
[2026-07-06 11:03:19] [WARN] Aucun mappage chargé - droits ignorés pour: SCRIPT/script_extract_Proxyadress_format.txt
[2026-07-06 11:03:19] [INFO] Traitement: /SCRIPT/script_extract_UPN_AD.txt (5 permission(s))
[2026-07-06 11:03:19] [INFO] === COPIE REELLE: SCRIPT/script_extract_UPN_AD.txt ===
[2026-07-06 11:03:20] [SUCCESS] === FICHIER COPIE AVEC SUCCES: SCRIPT/script_extract_UPN_AD.txt ===
[2026-07-06 11:03:20] [WARN] Aucun mappage chargé - droits ignorés pour: SCRIPT/script_extract_UPN_AD.txt
[2026-07-06 11:03:20] [INFO] Traitement: /SCRIPT/script_extraction_de_la_liste_des_sites_sharepoint.txt (5 permission(s))
[2026-07-06 11:03:20] [INFO] === COPIE REELLE: SCRIPT/script_extraction_de_la_liste_des_sites_sharepoint.txt ===
[2026-07-06 11:03:21] [SUCCESS] === FICHIER COPIE AVEC SUCCES: SCRIPT/script_extraction_de_la_liste_des_sites_sharepoint.txt ===
[2026-07-06 11:03:21] [WARN] Aucun mappage chargé - droits ignorés pour: SCRIPT/script_extraction_de_la_liste_des_sites_sharepoint.txt
[2026-07-06 11:03:21] [INFO] Traitement: /SCRIPT/script_Inscription_SSO_Appli_Azure.txt (5 permission(s))
[2026-07-06 11:03:21] [INFO] === COPIE REELLE: SCRIPT/script_Inscription_SSO_Appli_Azure.txt ===
[2026-07-06 11:03:22] [SUCCESS] === FICHIER COPIE AVEC SUCCES: SCRIPT/script_Inscription_SSO_Appli_Azure.txt ===
[2026-07-06 11:03:22] [WARN] Aucun mappage chargé - droits ignorés pour: SCRIPT/script_Inscription_SSO_Appli_Azure.txt
[2026-07-06 11:03:22] [INFO] Traitement: /SCRIPT/script_modif_champ_email_docu.ch (5 permission(s))
[2026-07-06 11:03:22] [INFO] === COPIE REELLE: SCRIPT/script_modif_champ_email_docu.ch ===
[2026-07-06 11:03:24] [SUCCESS] === FICHIER COPIE AVEC SUCCES: SCRIPT/script_modif_champ_email_docu.ch ===
[2026-07-06 11:03:25] [WARN] Aucun mappage chargé - droits ignorés pour: SCRIPT/script_modif_champ_email_docu.ch
[2026-07-06 11:03:25] [INFO] Traitement: /SCRIPT/Script_modif_proxyaddress_Group.txt (5 permission(s))
[2026-07-06 11:03:25] [INFO] === COPIE REELLE: SCRIPT/Script_modif_proxyaddress_Group.txt ===
[2026-07-06 11:03:26] [SUCCESS] === FICHIER COPIE AVEC SUCCES: SCRIPT/Script_modif_proxyaddress_Group.txt ===
[2026-07-06 11:03:26] [WARN] Aucun mappage chargé - droits ignorés pour: SCRIPT/Script_modif_proxyaddress_Group.txt
[2026-07-06 11:03:26] [INFO] Traitement: /SCRIPT/Script_modif_proxyadress_docu.ch.txt (5 permission(s))
[2026-07-06 11:03:26] [INFO] === COPIE REELLE: SCRIPT/Script_modif_proxyadress_docu.ch.txt ===
[2026-07-06 11:03:27] [SUCCESS] === FICHIER COPIE AVEC SUCCES: SCRIPT/Script_modif_proxyadress_docu.ch.txt ===
[2026-07-06 11:03:27] [WARN] Aucun mappage chargé - droits ignorés pour: SCRIPT/Script_modif_proxyadress_docu.ch.txt
[2026-07-06 11:03:27] [INFO] Traitement: /SCRIPT/script_modification_UPN_AD_User.txt (5 permission(s))
[2026-07-06 11:03:27] [INFO] === COPIE REELLE: SCRIPT/script_modification_UPN_AD_User.txt ===
[2026-07-06 11:03:28] [SUCCESS] === FICHIER COPIE AVEC SUCCES: SCRIPT/script_modification_UPN_AD_User.txt ===
[2026-07-06 11:03:28] [WARN] Aucun mappage chargé - droits ignorés pour: SCRIPT/script_modification_UPN_AD_User.txt
[2026-07-06 11:03:28] [INFO] Traitement: /SCRIPT/script_modifier_le_champ_mail.txt (5 permission(s))
[2026-07-06 11:03:28] [INFO] === COPIE REELLE: SCRIPT/script_modifier_le_champ_mail.txt ===
[2026-07-06 11:03:29] [SUCCESS] === FICHIER COPIE AVEC SUCCES: SCRIPT/script_modifier_le_champ_mail.txt ===
[2026-07-06 11:03:29] [WARN] Aucun mappage chargé - droits ignorés pour: SCRIPT/script_modifier_le_champ_mail.txt
[2026-07-06 11:03:29] [INFO] Traitement: /SCRIPT/script_modifier_lechampmail_proxyadresseSMTP.txt (5 permission(s))
[2026-07-06 11:03:29] [INFO] === COPIE REELLE: SCRIPT/script_modifier_lechampmail_proxyadresseSMTP.txt ===
[2026-07-06 11:03:30] [SUCCESS] === FICHIER COPIE AVEC SUCCES: SCRIPT/script_modifier_lechampmail_proxyadresseSMTP.txt ===
[2026-07-06 11:03:30] [WARN] Aucun mappage chargé - droits ignorés pour: SCRIPT/script_modifier_lechampmail_proxyadresseSMTP.txt
[2026-07-06 11:03:30] [INFO] Traitement: /SCRIPT/Script_modifier_proxyadress.txt (5 permission(s))
[2026-07-06 11:03:30] [INFO] === COPIE REELLE: SCRIPT/Script_modifier_proxyadress.txt ===
[2026-07-06 11:03:32] [SUCCESS] === FICHIER COPIE AVEC SUCCES: SCRIPT/Script_modifier_proxyadress.txt ===
[2026-07-06 11:03:32] [WARN] Aucun mappage chargé - droits ignorés pour: SCRIPT/Script_modifier_proxyadress.txt
[2026-07-06 11:03:32] [INFO] Traitement: /SCRIPT/script_provisionning_OneDrive.txt (5 permission(s))
[2026-07-06 11:03:32] [INFO] === COPIE REELLE: SCRIPT/script_provisionning_OneDrive.txt ===
[2026-07-06 11:03:33] [SUCCESS] === FICHIER COPIE AVEC SUCCES: SCRIPT/script_provisionning_OneDrive.txt ===
[2026-07-06 11:03:33] [WARN] Aucun mappage chargé - droits ignorés pour: SCRIPT/script_provisionning_OneDrive.txt
[2026-07-06 11:03:33] [INFO] Traitement: /SCRIPT/script_remplacer_UPN_AD.txt (5 permission(s))
[2026-07-06 11:03:33] [INFO] === COPIE REELLE: SCRIPT/script_remplacer_UPN_AD.txt ===
[2026-07-06 11:03:34] [SUCCESS] === FICHIER COPIE AVEC SUCCES: SCRIPT/script_remplacer_UPN_AD.txt ===
[2026-07-06 11:03:34] [WARN] Aucun mappage chargé - droits ignorés pour: SCRIPT/script_remplacer_UPN_AD.txt
[2026-07-06 11:03:34] [INFO] Traitement: /SCRIPT/Script_Restauration_SMTP_format.txt (5 permission(s))
[2026-07-06 11:03:34] [INFO] === COPIE REELLE: SCRIPT/Script_Restauration_SMTP_format.txt ===
[2026-07-06 11:03:35] [SUCCESS] === FICHIER COPIE AVEC SUCCES: SCRIPT/Script_Restauration_SMTP_format.txt ===
[2026-07-06 11:03:35] [WARN] Aucun mappage chargé - droits ignorés pour: SCRIPT/Script_Restauration_SMTP_format.txt
[2026-07-06 11:03:35] [INFO] Traitement: /SCRIPT/Script_Room_Mailbox.txt (5 permission(s))
[2026-07-06 11:03:35] [INFO] === COPIE REELLE: SCRIPT/Script_Room_Mailbox.txt ===
[2026-07-06 11:03:36] [SUCCESS] === FICHIER COPIE AVEC SUCCES: SCRIPT/Script_Room_Mailbox.txt ===
[2026-07-06 11:03:36] [WARN] Aucun mappage chargé - droits ignorés pour: SCRIPT/Script_Room_Mailbox.txt
[2026-07-06 11:03:36] [INFO] Traitement: /SCRIPT/Script_SGUM_ShareGate.txt (5 permission(s))
[2026-07-06 11:03:36] [INFO] === COPIE REELLE: SCRIPT/Script_SGUM_ShareGate.txt ===
[2026-07-06 11:03:38] [SUCCESS] === FICHIER COPIE AVEC SUCCES: SCRIPT/Script_SGUM_ShareGate.txt ===
[2026-07-06 11:03:38] [WARN] Aucun mappage chargé - droits ignorés pour: SCRIPT/Script_SGUM_ShareGate.txt
[2026-07-06 11:03:38] [INFO] Traitement: /SCRIPT/SCRIPT8EXTR.txt (5 permission(s))
[2026-07-06 11:03:38] [INFO] === COPIE REELLE: SCRIPT/SCRIPT8EXTR.txt ===
[2026-07-06 11:03:39] [SUCCESS] === FICHIER COPIE AVEC SUCCES: SCRIPT/SCRIPT8EXTR.txt ===
[2026-07-06 11:03:39] [WARN] Aucun mappage chargé - droits ignorés pour: SCRIPT/SCRIPT8EXTR.txt
[2026-07-06 11:03:39] [INFO] Traitement: /SCRIPT/SharedMailBox_FEBIS.csv (5 permission(s))
[2026-07-06 11:03:39] [INFO] === COPIE REELLE: SCRIPT/SharedMailBox_FEBIS.csv ===
[2026-07-06 11:03:41] [SUCCESS] === FICHIER COPIE AVEC SUCCES: SCRIPT/SharedMailBox_FEBIS.csv ===
[2026-07-06 11:03:41] [WARN] Aucun mappage chargé - droits ignorés pour: SCRIPT/SharedMailBox_FEBIS.csv
[2026-07-06 11:03:41] [INFO] Traitement: /SCRIPT/suppression_champ_mail_UO.txt (5 permission(s))
[2026-07-06 11:03:41] [INFO] === COPIE REELLE: SCRIPT/suppression_champ_mail_UO.txt ===
[2026-07-06 11:03:42] [SUCCESS] === FICHIER COPIE AVEC SUCCES: SCRIPT/suppression_champ_mail_UO.txt ===
[2026-07-06 11:03:42] [WARN] Aucun mappage chargé - droits ignorés pour: SCRIPT/suppression_champ_mail_UO.txt
[2026-07-06 11:03:42] [INFO] Traitement: /SCRIPT/suppression_SMTP_UO.txt (5 permission(s))
[2026-07-06 11:03:42] [INFO] === COPIE REELLE: SCRIPT/suppression_SMTP_UO.txt ===
[2026-07-06 11:03:43] [SUCCESS] === FICHIER COPIE AVEC SUCCES: SCRIPT/suppression_SMTP_UO.txt ===
[2026-07-06 11:03:43] [WARN] Aucun mappage chargé - droits ignorés pour: SCRIPT/suppression_SMTP_UO.txt
[2026-07-06 11:03:43] [INFO] Traitement: /SCRIPT/User_MailBox_docuat.txt (5 permission(s))
[2026-07-06 11:03:43] [INFO] === COPIE REELLE: SCRIPT/User_MailBox_docuat.txt ===
[2026-07-06 11:03:44] [SUCCESS] === FICHIER COPIE AVEC SUCCES: SCRIPT/User_MailBox_docuat.txt ===
[2026-07-06 11:03:44] [WARN] Aucun mappage chargé - droits ignorés pour: SCRIPT/User_MailBox_docuat.txt
[2026-07-06 11:03:44] [SUCCESS] === COPIE TERMINEE ===
