[2026-06-08 14:45:43] [INFO] =========================================
[2026-06-08 14:45:43] [SUCCESS] === COPIE SHAREPOINT - GESTION DES TOKENS ===
[2026-06-08 14:45:43] [INFO] Version: 5.7
[2026-06-08 14:45:43] [INFO] =========================================
[2026-06-08 14:45:43] [INFO] Chargement traductions: E:\UKREiiF_FinalCopy_path.csv
[2026-06-08 14:45:43] [SUCCESS] source:Source destination: Destination
[2026-06-08 14:45:43] [SUCCESS] source:/ destination: /
[2026-06-08 14:45:43] [SUCCESS] Traductions chargées: 2
[2026-06-08 14:45:43] [INFO] Mappings: 2
[2026-06-08 14:45:43] [SUCCESS] Mappages utilisateurs chargés: 3
[2026-06-08 14:45:43] [INFO] === AUTHENTIFICATION ===
[2026-06-08 14:45:44] [SUCCESS] Nouveau token pour 85a5a352-25d6-4894-a97d-221cd1712dd2|684f670e-6931-4120-b053-f8c9538744f6. Expire à 06/08/2026 15:45:43
[2026-06-08 14:45:44] [SUCCESS] Nouveau token pour 2eea08b8-1972-447b-ad43-d044d042500a|821109a4-6e0e-48e8-b477-8f9b70aa32a4. Expire à 06/08/2026 15:45:43
[2026-06-08 14:45:44] [INFO] === RESOLUTION DES SITES ===
[2026-06-08 14:45:44] [SUCCESS] Source: https://ipdlab.sharepoint.com/sites/SERVICES_GENERAUX
[2026-06-08 14:45:44] [SUCCESS] Drive source: Documents (ID: b!XnWYyX1Yt0OS_raijD1IJ3BoByys1aRJgLg7kzMz9vWsIxCHkG4qSbx5BSt1yNsv)
[2026-06-08 14:45:44] [SUCCESS] Destination: https://infoprodigital365.sharepoint.com/sites/fethygate
[2026-06-08 14:45:44] [SUCCESS] Drive destination: Documents (ID: b!k8jQXFKwk0KwtGsFvJmNhsH5xvG66_JEj-cEjgaHomnZSz8m37iZRJ3SeesLotEx)
[2026-06-08 14:45:44] [INFO] Librairies source: Documents
[2026-06-08 14:45:44] [INFO] Librairies dest:   Documents
[2026-06-08 14:45:44] [INFO] === LECTURE DU FICHIER CSV ===
[2026-06-08 14:45:45] [SUCCESS] Lignes de permissions chargées: 1938
[2026-06-08 14:45:45] [SUCCESS] Chemins uniques à traiter: 333
[2026-06-08 14:45:45] [INFO] Traitement: /Audit_user_gmail.xlsx (5 permission(s))
[2026-06-08 14:45:45] [INFO] === COPIE REELLE: Audit_user_gmail.xlsx ===
[2026-06-08 14:45:46] [SUCCESS] === FICHIER COPIE AVEC SUCCES: Audit_user_gmail.xlsx ===
[2026-06-08 14:45:46] [WARN] Pas de mappage pour: Propriétaires de SERVICES_GENERAUX () - permission ignorée sur Audit_user_gmail.xlsx
[2026-06-08 14:45:46] [WARN] Pas de mappage pour: SERVICES_GENERAUX - Membres () - permission ignorée sur Audit_user_gmail.xlsx
[2026-06-08 14:45:46] [SUCCESS] Résolution: 'User test 02' (User) -> 9545ef82-e8d3-44ae-9c1f-aebebbb474c9
[2026-06-08 14:45:46] [WARN] Erreur permission Equipe INFRA [owner] sur Audit_user_gmail.xlsx: Le serveur distant a retourné une erreur : (400) Demande incorrecte.
[2026-06-08 14:45:46] [WARN] Erreur résolution 'test': Le serveur distant a retourné une erreur : (403) Interdit.
[2026-06-08 14:45:46] [WARN] Impossible de résoudre 'test' dans le tenant destination - permission ignorée
[2026-06-08 14:45:46] [WARN] Pas de mappage pour: SERVICES_GENERAUX - Visiteurs () - permission ignorée sur Audit_user_gmail.xlsx
[2026-06-08 14:45:46] [INFO] Traitement: /Capture d’écran 2026-01-27 172058.jpg (5 permission(s))
[2026-06-08 14:45:46] [INFO] === COPIE REELLE: Capture d’écran 2026-01-27 172058.jpg ===
[2026-06-08 14:45:48] [SUCCESS] === FICHIER COPIE AVEC SUCCES: Capture d’écran 2026-01-27 172058.jpg ===
[2026-06-08 14:45:48] [WARN] Pas de mappage pour: Propriétaires de SERVICES_GENERAUX () - permission ignorée sur Capture d’écran 2026-01-27 172058.jpg
[2026-06-08 14:45:48] [WARN] Pas de mappage pour: SERVICES_GENERAUX - Visiteurs () - permission ignorée sur Capture d’écran 2026-01-27 172058.jpg
[2026-06-08 14:45:48] [WARN] Pas de mappage pour: SERVICES_GENERAUX - Membres () - permission ignorée sur Capture d’écran 2026-01-27 172058.jpg
[2026-06-08 14:45:48] [WARN] Erreur permission Equipe INFRA [owner] sur Capture d’écran 2026-01-27 172058.jpg: Le serveur distant a retourné une erreur : (400) Demande incorrecte.
[2026-06-08 14:45:49] [WARN] Erreur résolution 'test': Le serveur distant a retourné une erreur : (403) Interdit.
[2026-06-08 14:45:49] [WARN] Impossible de résoudre 'test' dans le tenant destination - permission ignorée
[2026-06-08 14:45:49] [INFO] Traitement: /Drive ECHOLINE/ (6 permission(s))
[2026-06-08 14:45:49] [INFO] === COPIE REELLE: Drive ECHOLINE ===
[2026-06-08 14:45:49] [SUCCESS] Dossier cree: Drive ECHOLINE
[2026-06-08 14:45:49] [WARN] Pas de mappage pour: Propriétaires de SERVICES_GENERAUX () - permission ignorée sur Drive ECHOLINE
[2026-06-08 14:45:49] [WARN] Erreur résolution 'test': Le serveur distant a retourné une erreur : (403) Interdit.
[2026-06-08 14:45:49] [WARN] Impossible de résoudre 'test' dans le tenant destination - permission ignorée
[2026-06-08 14:45:49] [WARN] Erreur permission Equipe INFRA [owner] sur Drive ECHOLINE: Le serveur distant a retourné une erreur : (400) Demande incorrecte.
[2026-06-08 14:45:50] [SUCCESS] Résolution: 'FARADJI, Fethi' (User) -> 517e236b-5425-4efb-b7fe-cea82021362a
[2026-06-08 14:45:50] [SUCCESS] Permission appliquée: User 01 [write] -> Drive ECHOLINE
[2026-06-08 14:45:50] [WARN] Pas de mappage pour: SERVICES_GENERAUX - Membres () - permission ignorée sur Drive ECHOLINE
[2026-06-08 14:45:50] [WARN] Pas de mappage pour: SERVICES_GENERAUX - Visiteurs () - permission ignorée sur Drive ECHOLINE
[2026-06-08 14:45:50] [INFO] Traitement: /Drive ECHOLINE/01-Internal Ops/ (6 permission(s))
[2026-06-08 14:45:50] [INFO] === COPIE REELLE: Drive ECHOLINE/01-Internal Ops ===
[2026-06-08 14:45:50] [SUCCESS] Dossier cree: Drive ECHOLINE/01-Internal Ops
[2026-06-08 14:45:50] [WARN] Erreur résolution 'test': Le serveur distant a retourné une erreur : (403) Interdit.
[2026-06-08 14:45:51] [WARN] Impossible de résoudre 'test' dans le tenant destination - permission ignorée
[2026-06-08 14:45:51] [WARN] Erreur permission Equipe INFRA [owner] sur Drive ECHOLINE/01-Internal Ops: Le serveur distant a retourné une erreur : (400) Demande incorrecte.
[2026-06-08 14:45:51] [WARN] Pas de mappage pour: Propriétaires de SERVICES_GENERAUX () - permission ignorée sur Drive ECHOLINE/01-Internal Ops
[2026-06-08 14:45:51] [SUCCESS] Permission appliquée: User 01 [write] -> Drive ECHOLINE/01-Internal Ops
[2026-06-08 14:45:51] [WARN] Pas de mappage pour: SERVICES_GENERAUX - Visiteurs () - permission ignorée sur Drive ECHOLINE/01-Internal Ops
[2026-06-08 14:45:51] [WARN] Pas de mappage pour: SERVICES_GENERAUX - Membres () - permission ignorée sur Drive ECHOLINE/01-Internal Ops
[2026-06-08 14:45:51] [INFO] Traitement: /Drive ECHOLINE/01-Internal Ops/A-Veilles et traitement/ (6 permission(s))
[2026-06-08 14:45:51] [INFO] === COPIE REELLE: Drive ECHOLINE/01-Internal Ops/A-Veilles et traitement ===
[2026-06-08 14:45:52] [SUCCESS] Dossier cree: Drive ECHOLINE/01-Internal Ops/A-Veilles et traitement
[2026-06-08 14:45:52] [WARN] Erreur résolution 'test': Le serveur distant a retourné une erreur : (403) Interdit.
[2026-06-08 14:45:52] [WARN] Impossible de résoudre 'test' dans le tenant destination - permission ignorée
[2026-06-08 14:45:52] [WARN] Erreur permission Equipe INFRA [owner] sur Drive ECHOLINE/01-Internal Ops/A-Veilles et traitement: Le serveur distant a retourné une erreur : (400) Demande incorrecte.
[2026-06-08 14:45:52] [SUCCESS] Permission appliquée: User 01 [write] -> Drive ECHOLINE/01-Internal Ops/A-Veilles et traitement
[2026-06-08 14:45:52] [WARN] Pas de mappage pour: SERVICES_GENERAUX - Membres () - permission ignorée sur Drive ECHOLINE/01-Internal Ops/A-Veilles et traitement
[2026-06-08 14:45:52] [WARN] Pas de mappage pour: SERVICES_GENERAUX - Visiteurs () - permission ignorée sur Drive ECHOLINE/01-Internal Ops/A-Veilles et traitement
[2026-06-08 14:45:52] [WARN] Pas de mappage pour: Propriétaires de SERVICES_GENERAUX () - permission ignorée sur Drive ECHOLINE/01-Internal Ops/A-Veilles et traitement
[2026-06-08 14:45:52] [INFO] Traitement: /Drive ECHOLINE/01-Internal Ops/A-Veilles et traitement/00 - A - Documents accessibles par l'API/ (6 permission(s))
[2026-06-08 14:45:52] [INFO] === COPIE REELLE: Drive ECHOLINE/01-Internal Ops/A-Veilles et traitement/00 - A - Documents accessibles par l'API ===
[2026-06-08 14:45:53] [SUCCESS] Dossier cree: Drive ECHOLINE/01-Internal Ops/A-Veilles et traitement/00 - A - Documents accessibles par l'API
[2026-06-08 14:45:54] [WARN] Erreur permission Equipe INFRA [owner] sur Drive ECHOLINE/01-Internal Ops/A-Veilles et traitement/00 - A - Documents accessibles par l'API: Le serveur distant a retourné une erreur : (400) Demande incorrecte.
[2026-06-08 14:45:54] [SUCCESS] Permission appliquée: User 01 [write] -> Drive ECHOLINE/01-Internal Ops/A-Veilles et traitement/00 - A - Documents accessibles par l'API
[2026-06-08 14:45:54] [WARN] Pas de mappage pour: SERVICES_GENERAUX - Membres () - permission ignorée sur Drive ECHOLINE/01-Internal Ops/A-Veilles et traitement/00 - A - Documents accessibles par l'API
[2026-06-08 14:45:54] [WARN] Pas de mappage pour: Propriétaires de SERVICES_GENERAUX () - permission ignorée sur Drive ECHOLINE/01-Internal Ops/A-Veilles et traitement/00 - A - Documents accessibles par l'API
[2026-06-08 14:45:54] [WARN] Pas de mappage pour: SERVICES_GENERAUX - Visiteurs () - permission ignorée sur Drive ECHOLINE/01-Internal Ops/A-Veilles et traitement/00 - A - Documents accessibles par l'API
[2026-06-08 14:45:54] [WARN] Erreur résolution 'test': Le serveur distant a retourné une erreur : (403) Interdit.
[2026-06-08 14:45:54] [WARN] Impossible de résoudre 'test' dans le tenant destination - permission ignorée
[2026-06-08 14:45:54] [INFO] Traitement: /Drive ECHOLINE/01-Internal Ops/A-Veilles et traitement/Veille reg. Allemagne/ (6 permission(s))
[2026-06-08 14:45:54] [INFO] === COPIE REELLE: Drive ECHOLINE/01-Internal Ops/A-Veilles et traitement/Veille reg. Allemagne ===
[2026-06-08 14:45:55] [SUCCESS] Dossier cree: Drive ECHOLINE/01-Internal Ops/A-Veilles et traitement/Veille reg. Allemagne
[2026-06-08 14:45:55] [WARN] Erreur résolution 'test': Le serveur distant a retourné une erreur : (403) Interdit.
[2026-06-08 14:45:55] [WARN] Impossible de résoudre 'test' dans le tenant destination - permission ignorée
[2026-06-08 14:45:55] [WARN] Erreur permission Equipe INFRA [owner] sur Drive ECHOLINE/01-Internal Ops/A-Veilles et traitement/Veille reg. Allemagne: Le serveur distant a retourné une erreur : (400) Demande incorrecte.
[2026-06-08 14:45:55] [SUCCESS] Permission appliquée: User 01 [write] -> Drive ECHOLINE/01-Internal Ops/A-Veilles et traitement/Veille reg. Allemagne
[2026-06-08 14:45:55] [WARN] Pas de mappage pour: SERVICES_GENERAUX - Membres () - permission ignorée sur Drive ECHOLINE/01-Internal Ops/A-Veilles et traitement/Veille reg. Allemagne
[2026-06-08 14:45:55] [WARN] Pas de mappage pour: SERVICES_GENERAUX - Visiteurs () - permission ignorée sur Drive ECHOLINE/01-Internal Ops/A-Veilles et traitement/Veille reg. Allemagne
[2026-06-08 14:45:55] [WARN] Pas de mappage pour: Propriétaires de SERVICES_GENERAUX () - permission ignorée sur Drive ECHOLINE/01-Internal Ops/A-Veilles et traitement/Veille reg. Allemagne
[2026-06-08 14:45:55] [INFO] Traitement: /Drive ECHOLINE/01-Internal Ops/A-Veilles et traitement/Veille reg. Australie/ (6 permission(s))
[2026-06-08 14:45:55] [INFO] === COPIE REELLE: Drive ECHOLINE/01-Internal Ops/A-Veilles et traitement/Veille reg. Australie ===
[2026-06-08 14:45:56] [SUCCESS] Dossier cree: Drive ECHOLINE/01-Internal Ops/A-Veilles et traitement/Veille reg. Australie
[2026-06-08 14:45:57] [SUCCESS] Permission appliquée: User 01 [write] -> Drive ECHOLINE/01-Internal Ops/A-Veilles et traitement/Veille reg. Australie
[2026-06-08 14:45:57] [WARN] Pas de mappage pour: SERVICES_GENERAUX - Visiteurs () - permission ignorée sur Drive ECHOLINE/01-Internal Ops/A-Veilles et traitement/Veille reg. Australie
[2026-06-08 14:45:57] [WARN] Pas de mappage pour: Propriétaires de SERVICES_GENERAUX () - permission ignorée sur Drive ECHOLINE/01-Internal Ops/A-Veilles et traitement/Veille reg. Australie
[2026-06-08 14:45:57] [WARN] Pas de mappage pour: SERVICES_GENERAUX - Membres () - permission ignorée sur Drive ECHOLINE/01-Internal Ops/A-Veilles et traitement/Veille reg. Australie
[2026-06-08 14:45:57] [WARN] Erreur résolution 'test': Le serveur distant a retourné une erreur : (403) Interdit.
[2026-06-08 14:45:57] [WARN] Impossible de résoudre 'test' dans le tenant destination - permission ignorée
[2026-06-08 14:45:57] [WARN] Erreur permission Equipe INFRA [owner] sur Drive ECHOLINE/01-Internal Ops/A-Veilles et traitement/Veille reg. Australie: Le serveur distant a retourné une erreur : (400) Demande incorrecte.
[2026-06-08 14:45:57] [INFO] Traitement: /Drive ECHOLINE/01-Internal Ops/A-Veilles et traitement/Veille reg. Belgique/ (6 permission(s))
[2026-06-08 14:45:57] [INFO] === COPIE REELLE: Drive ECHOLINE/01-Internal Ops/A-Veilles et traitement/Veille reg. Belgique ===
[2026-06-08 14:45:58] [SUCCESS] Dossier cree: Drive ECHOLINE/01-Internal Ops/A-Veilles et traitement/Veille reg. Belgique
[2026-06-08 14:45:58] [WARN] Erreur résolution 'test': Le serveur distant a retourné une erreur : (403) Interdit.
[2026-06-08 14:45:58] [WARN] Impossible de résoudre 'test' dans le tenant destination - permission ignorée
[2026-06-08 14:45:58] [SUCCESS] Permission appliquée: User 01 [write] -> Drive ECHOLINE/01-Internal Ops/A-Veilles et traitement/Veille reg. Belgique
[2026-06-08 14:45:58] [WARN] Pas de mappage pour: SERVICES_GENERAUX - Membres () - permission ignorée sur Drive ECHOLINE/01-Internal Ops/A-Veilles et traitement/Veille reg. Belgique
[2026-06-08 14:45:58] [WARN] Pas de mappage pour: SERVICES_GENERAUX - Visiteurs () - permission ignorée sur Drive ECHOLINE/01-Internal Ops/A-Veilles et traitement/Veille reg. Belgique
[2026-06-08 14:45:58] [WARN] Pas de mappage pour: Propriétaires de SERVICES_GENERAUX () - permission ignorée sur Drive ECHOLINE/01-Internal Ops/A-Veilles et traitement/Veille reg. Belgique
[2026-06-08 14:45:58] [WARN] Erreur permission Equipe INFRA [owner] sur Drive ECHOLINE/01-Internal Ops/A-Veilles et traitement/Veille reg. Belgique: Le serveur distant a retourné une erreur : (400) Demande incorrecte.
[2026-06-08 14:45:58] [INFO] Traitement: /Drive ECHOLINE/01-Internal Ops/A-Veilles et traitement/Veille reg. Brésil/ (6 permission(s))
[2026-06-08 14:45:58] [INFO] === COPIE REELLE: Drive ECHOLINE/01-Internal Ops/A-Veilles et traitement/Veille reg. Brésil ===
[2026-06-08 14:46:00] [SUCCESS] Dossier cree: Drive ECHOLINE/01-Internal Ops/A-Veilles et traitement/Veille reg. Brésil
[2026-06-08 14:46:01] [WARN] Impossible de récupérer l'item destination pour les droits: Drive ECHOLINE/01-Internal Ops/A-Veilles et traitement/Veille reg. Brésil - Le serveur distant a retourné une erreur : (404) Introuvable.
[2026-06-08 14:46:01] [INFO] Traitement: /Drive ECHOLINE/01-Internal Ops/A-Veilles et traitement/Veille reg. Canada/ (6 permission(s))
[2026-06-08 14:46:01] [INFO] === COPIE REELLE: Drive ECHOLINE/01-Internal Ops/A-Veilles et traitement/Veille reg. Canada ===
[2026-06-08 14:46:01] [SUCCESS] Dossier cree: Drive ECHOLINE/01-Internal Ops/A-Veilles et traitement/Veille reg. Canada
[2026-06-08 14:46:02] [SUCCESS] Permission appliquée: User 01 [write] -> Drive ECHOLINE/01-Internal Ops/A-Veilles et traitement/Veille reg. Canada
[2026-06-08 14:46:02] [WARN] Pas de mappage pour: SERVICES_GENERAUX - Membres () - permission ignorée sur Drive ECHOLINE/01-Internal Ops/A-Veilles et traitement/Veille reg. Canada
[2026-06-08 14:46:02] [WARN] Erreur résolution 'test': Le serveur distant a retourné une erreur : (403) Interdit.
[2026-06-08 14:46:02] [WARN] Impossible de résoudre 'test' dans le tenant destination - permission ignorée
[2026-06-08 14:46:02] [WARN] Pas de mappage pour: SERVICES_GENERAUX - Visiteurs () - permission ignorée sur Drive ECHOLINE/01-Internal Ops/A-Veilles et traitement/Veille reg. Canada
[2026-06-08 14:46:02] [WARN] Pas de mappage pour: Propriétaires de SERVICES_GENERAUX () - permission ignorée sur Drive ECHOLINE/01-Internal Ops/A-Veilles et traitement/Veille reg. Canada
[2026-06-08 14:46:02] [WARN] Erreur permission Equipe INFRA [owner] sur Drive ECHOLINE/01-Internal Ops/A-Veilles et traitement/Veille reg. Canada: Le serveur distant a retourné une erreur : (400) Demande incorrecte.
[2026-06-08 14:46:02] [INFO] Traitement: /Drive ECHOLINE/01-Internal Ops/A-Veilles et traitement/Veille reg. Corée du Sud/ (6 permission(s))
[2026-06-08 14:46:02] [INFO] === COPIE REELLE: Drive ECHOLINE/01-Internal Ops/A-Veilles et traitement/Veille reg. Corée du Sud ===
[2026-06-08 14:46:03] [SUCCESS] Dossier cree: Drive ECHOLINE/01-Internal Ops/A-Veilles et traitement/Veille reg. Corée du Sud
[2026-06-08 14:46:03] [WARN] Impossible de récupérer l'item destination pour les droits: Drive ECHOLINE/01-Internal Ops/A-Veilles et traitement/Veille reg. Corée du Sud - Le serveur distant a retourné une erreur : (404) Introuvable.
[2026-06-08 14:46:03] [INFO] Traitement: /Drive ECHOLINE/01-Internal Ops/A-Veilles et traitement/Veille reg. Espagne/ (6 permission(s))
[2026-06-08 14:46:03] [INFO] === COPIE REELLE: Drive ECHOLINE/01-Internal Ops/A-Veilles et traitement/Veille reg. Espagne ===
[2026-06-08 14:46:04] [SUCCESS] Dossier cree: Drive ECHOLINE/01-Internal Ops/A-Veilles et traitement/Veille reg. Espagne
[2026-06-08 14:46:05] [SUCCESS] Permission appliquée: User 01 [write] -> Drive ECHOLINE/01-Internal Ops/A-Veilles et traitement/Veille reg. Espagne
[2026-06-08 14:46:05] [WARN] Pas de mappage pour: SERVICES_GENERAUX - Membres () - permission ignorée sur Drive ECHOLINE/01-Internal Ops/A-Veilles et traitement/Veille reg. Espagne
[2026-06-08 14:46:05] [WARN] Pas de mappage pour: SERVICES_GENERAUX - Visiteurs () - permission ignorée sur Drive ECHOLINE/01-Internal Ops/A-Veilles et traitement/Veille reg. Espagne
[2026-06-08 14:46:05] [WARN] Pas de mappage pour: Propriétaires de SERVICES_GENERAUX () - permission ignorée sur Drive ECHOLINE/01-Internal Ops/A-Veilles et traitement/Veille reg. Espagne
[2026-06-08 14:46:05] [WARN] Erreur permission Equipe INFRA [owner] sur Drive ECHOLINE/01-Internal Ops/A-Veilles et traitement/Veille reg. Espagne: Le serveur distant a retourné une erreur : (400) Demande incorrecte.
[2026-06-08 14:46:05] [WARN] Erreur résolution 'test': Le serveur distant a retourné une erreur : (403) Interdit.
[2026-06-08 14:46:05] [WARN] Impossible de résoudre 'test' dans le tenant destination - permission ignorée
[2026-06-08 14:46:05] [INFO] Traitement: /Drive ECHOLINE/01-Internal Ops/A-Veilles et traitement/Veille reg. Estonie/ (6 permission(s))
[2026-06-08 14:46:05] [INFO] === COPIE REELLE: Drive ECHOLINE/01-Internal Ops/A-Veilles et traitement/Veille reg. Estonie ===
[2026-06-08 14:46:06] [SUCCESS] Dossier cree: Drive ECHOLINE/01-Internal Ops/A-Veilles et traitement/Veille reg. Estonie
[2026-06-08 14:46:06] [WARN] Erreur résolution 'test': Le serveur distant a retourné une erreur : (403) Interdit.
[2026-06-08 14:46:06] [WARN] Impossible de résoudre 'test' dans le tenant destination - permission ignorée
[2026-06-08 14:46:06] [WARN] Pas de mappage pour: Propriétaires de SERVICES_GENERAUX () - permission ignorée sur Drive ECHOLINE/01-Internal Ops/A-Veilles et traitement/Veille reg. Estonie
[2026-06-08 14:46:06] [WARN] Pas de mappage pour: SERVICES_GENERAUX - Visiteurs () - permission ignorée sur Drive ECHOLINE/01-Internal Ops/A-Veilles et traitement/Veille reg. Estonie
[2026-06-08 14:46:06] [WARN] Pas de mappage pour: SERVICES_GENERAUX - Membres () - permission ignorée sur Drive ECHOLINE/01-Internal Ops/A-Veilles et traitement/Veille reg. Estonie
[2026-06-08 14:46:06] [SUCCESS] Permission appliquée: User 01 [write] -> Drive ECHOLINE/01-Internal Ops/A-Veilles et traitement/Veille reg. Estonie
[2026-06-08 14:46:06] [WARN] Erreur permission Equipe INFRA [owner] sur Drive ECHOLINE/01-Internal Ops/A-Veilles et traitement/Veille reg. Estonie: Le serveur distant a retourné une erreur : (400) Demande incorrecte.
[2026-06-08 14:46:06] [INFO] Traitement: /Drive ECHOLINE/01-Internal Ops/A-Veilles et traitement/Veille reg. Europe/ (6 permission(s))
[2026-06-08 14:46:06] [INFO] === COPIE REELLE: Drive ECHOLINE/01-Internal Ops/A-Veilles et traitement/Veille reg. Europe ===
[2026-06-08 14:46:07] [SUCCESS] Dossier cree: Drive ECHOLINE/01-Internal Ops/A-Veilles et traitement/Veille reg. Europe
[2026-06-08 14:46:08] [SUCCESS] Permission appliquée: User 01 [write] -> Drive ECHOLINE/01-Internal Ops/A-Veilles et traitement/Veille reg. Europe
[2026-06-08 14:46:08] [WARN] Pas de mappage pour: Propriétaires de SERVICES_GENERAUX () - permission ignorée sur Drive ECHOLINE/01-Internal Ops/A-Veilles et traitement/Veille reg. Europe
[2026-06-08 14:46:08] [WARN] Pas de mappage pour: SERVICES_GENERAUX - Visiteurs () - permission ignorée sur Drive ECHOLINE/01-Internal Ops/A-Veilles et traitement/Veille reg. Europe
[2026-06-08 14:46:08] [WARN] Pas de mappage pour: SERVICES_GENERAUX - Membres () - permission ignorée sur Drive ECHOLINE/01-Internal Ops/A-Veilles et traitement/Veille reg. Europe
[2026-06-08 14:46:08] [WARN] Erreur permission Equipe INFRA [owner] sur Drive ECHOLINE/01-Internal Ops/A-Veilles et traitement/Veille reg. Europe: Le serveur distant a retourné une erreur : (400) Demande incorrecte.
[2026-06-08 14:46:08] [WARN] Erreur résolution 'test': Le serveur distant a retourné une erreur : (403) Interdit.
[2026-06-08 14:46:08] [WARN] Impossible de résoudre 'test' dans le tenant destination - permission ignorée
[2026-06-08 14:46:08] [INFO] Traitement: /Drive ECHOLINE/01-Internal Ops/A-Veilles et traitement/Veille reg. Finlande/ (6 permission(s))
[2026-06-08 14:46:08] [INFO] === COPIE REELLE: Drive ECHOLINE/01-Internal Ops/A-Veilles et traitement/Veille reg. Finlande ===
[2026-06-08 14:46:09] [SUCCESS] Dossier cree: Drive ECHOLINE/01-Internal Ops/A-Veilles et traitement/Veille reg. Finlande
[2026-06-08 14:46:09] [WARN] Erreur résolution 'test': Le serveur distant a retourné une erreur : (403) Interdit.
[2026-06-08 14:46:09] [WARN] Impossible de résoudre 'test' dans le tenant destination - permission ignorée
[2026-06-08 14:46:10] [WARN] Erreur permission Equipe INFRA [owner] sur Drive ECHOLINE/01-Internal Ops/A-Veilles et traitement/Veille reg. Finlande: Le serveur distant a retourné une erreur : (400) Demande incorrecte.
[2026-06-08 14:46:10] [SUCCESS] Permission appliquée: User 01 [write] -> Drive ECHOLINE/01-Internal Ops/A-Veilles et traitement/Veille reg. Finlande
[2026-06-08 14:46:10] [WARN] Pas de mappage pour: SERVICES_GENERAUX - Membres () - permission ignorée sur Drive ECHOLINE/01-Internal Ops/A-Veilles et traitement/Veille reg. Finlande
[2026-06-08 14:46:10] [WARN] Pas de mappage pour: SERVICES_GENERAUX - Visiteurs () - permission ignorée sur Drive ECHOLINE/01-Internal Ops/A-Veilles et traitement/Veille reg. Finlande
[2026-06-08 14:46:10] [WARN] Pas de mappage pour: Propriétaires de SERVICES_GENERAUX () - permission ignorée sur Drive ECHOLINE/01-Internal Ops/A-Veilles et traitement/Veille reg. Finlande
[2026-06-08 14:46:10] [INFO] Traitement: /Drive ECHOLINE/01-Internal Ops/A-Veilles et traitement/Veille reg. France/ (6 permission(s))
[2026-06-08 14:46:10] [INFO] === COPIE REELLE: Drive ECHOLINE/01-Internal Ops/A-Veilles et traitement/Veille reg. France ===
[2026-06-08 14:46:11] [SUCCESS] Dossier cree: Drive ECHOLINE/01-Internal Ops/A-Veilles et traitement/Veille reg. France
[2026-06-08 14:46:11] [WARN] Pas de mappage pour: SERVICES_GENERAUX - Membres () - permission ignorée sur Drive ECHOLINE/01-Internal Ops/A-Veilles et traitement/Veille reg. France
[2026-06-08 14:46:11] [WARN] Erreur résolution 'test': Le serveur distant a retourné une erreur : (403) Interdit.
[2026-06-08 14:46:11] [WARN] Impossible de résoudre 'test' dans le tenant destination - permission ignorée
[2026-06-08 14:46:11] [WARN] Pas de mappage pour: SERVICES_GENERAUX - Visiteurs () - permission ignorée sur Drive ECHOLINE/01-Internal Ops/A-Veilles et traitement/Veille reg. France
[2026-06-08 14:46:11] [WARN] Pas de mappage pour: Propriétaires de SERVICES_GENERAUX () - permission ignorée sur Drive ECHOLINE/01-Internal Ops/A-Veilles et traitement/Veille reg. France
[2026-06-08 14:46:11] [SUCCESS] Permission appliquée: User 01 [write] -> Drive ECHOLINE/01-Internal Ops/A-Veilles et traitement/Veille reg. France
[2026-06-08 14:46:11] [WARN] Erreur permission Equipe INFRA [owner] sur Drive ECHOLINE/01-Internal Ops/A-Veilles et traitement/Veille reg. France: Le serveur distant a retourné une erreur : (400) Demande incorrecte.
[2026-06-08 14:46:11] [INFO] Traitement: /Drive ECHOLINE/01-Internal Ops/A-Veilles et traitement/Veille reg. Inde/ (6 permission(s))
[2026-06-08 14:46:11] [INFO] === COPIE REELLE: Drive ECHOLINE/01-Internal Ops/A-Veilles et traitement/Veille reg. Inde ===
[2026-06-08 14:46:12] [SUCCESS] Dossier cree: Drive ECHOLINE/01-Internal Ops/A-Veilles et traitement/Veille reg. Inde
[2026-06-08 14:46:13] [WARN] Erreur résolution 'test': Le serveur distant a retourné une erreur : (403) Interdit.
[2026-06-08 14:46:13] [WARN] Impossible de résoudre 'test' dans le tenant destination - permission ignorée
[2026-06-08 14:46:13] [WARN] Pas de mappage pour: Propriétaires de SERVICES_GENERAUX () - permission ignorée sur Drive ECHOLINE/01-Internal Ops/A-Veilles et traitement/Veille reg. Inde
[2026-06-08 14:46:13] [WARN] Pas de mappage pour: SERVICES_GENERAUX - Visiteurs () - permission ignorée sur Drive ECHOLINE/01-Internal Ops/A-Veilles et traitement/Veille reg. Inde
[2026-06-08 14:46:13] [WARN] Pas de mappage pour: SERVICES_GENERAUX - Membres () - permission ignorée sur Drive ECHOLINE/01-Internal Ops/A-Veilles et traitement/Veille reg. Inde
[2026-06-08 14:46:13] [SUCCESS] Permission appliquée: User 01 [write] -> Drive ECHOLINE/01-Internal Ops/A-Veilles et traitement/Veille reg. Inde
[2026-06-08 14:46:13] [WARN] Erreur permission Equipe INFRA [owner] sur Drive ECHOLINE/01-Internal Ops/A-Veilles et traitement/Veille reg. Inde: Le serveur distant a retourné une erreur : (400) Demande incorrecte.
[2026-06-08 14:46:13] [INFO] Traitement: /Drive ECHOLINE/01-Internal Ops/A-Veilles et traitement/Veille reg. Irlande/ (6 permission(s))
[2026-06-08 14:46:13] [INFO] === COPIE REELLE: Drive ECHOLINE/01-Internal Ops/A-Veilles et traitement/Veille reg. Irlande ===
[2026-06-08 14:46:14] [SUCCESS] Dossier cree: Drive ECHOLINE/01-Internal Ops/A-Veilles et traitement/Veille reg. Irlande
[2026-06-08 14:46:14] [WARN] Pas de mappage pour: Propriétaires de SERVICES_GENERAUX () - permission ignorée sur Drive ECHOLINE/01-Internal Ops/A-Veilles et traitement/Veille reg. Irlande
[2026-06-08 14:46:14] [WARN] Pas de mappage pour: SERVICES_GENERAUX - Visiteurs () - permission ignorée sur Drive ECHOLINE/01-Internal Ops/A-Veilles et traitement/Veille reg. Irlande
[2026-06-08 14:46:14] [WARN] Pas de mappage pour: SERVICES_GENERAUX - Membres () - permission ignorée sur Drive ECHOLINE/01-Internal Ops/A-Veilles et traitement/Veille reg. Irlande
[2026-06-08 14:46:14] [SUCCESS] Permission appliquée: User 01 [write] -> Drive ECHOLINE/01-Internal Ops/A-Veilles et traitement/Veille reg. Irlande
[2026-06-08 14:46:14] [WARN] Erreur permission Equipe INFRA [owner] sur Drive ECHOLINE/01-Internal Ops/A-Veilles et traitement/Veille reg. Irlande: Le serveur distant a retourné une erreur : (400) Demande incorrecte.
[2026-06-08 14:46:14] [WARN] Erreur résolution 'test': Le serveur distant a retourné une erreur : (403) Interdit.
[2026-06-08 14:46:14] [WARN] Impossible de résoudre 'test' dans le tenant destination - permission ignorée
[2026-06-08 14:46:14] [INFO] Traitement: /Drive ECHOLINE/01-Internal Ops/A-Veilles et traitement/Veille reg. Italie/ (6 permission(s))
[2026-06-08 14:46:14] [INFO] === COPIE REELLE: Drive ECHOLINE/01-Internal Ops/A-Veilles et traitement/Veille reg. Italie ===
[2026-06-08 14:46:15] [SUCCESS] Dossier cree: Drive ECHOLINE/01-Internal Ops/A-Veilles et traitement/Veille reg. Italie
[2026-06-08 14:46:15] [WARN] Pas de mappage pour: Propriétaires de SERVICES_GENERAUX () - permission ignorée sur Drive ECHOLINE/01-Internal Ops/A-Veilles et traitement/Veille reg. Italie
[2026-06-08 14:46:15] [WARN] Erreur résolution 'test': Le serveur distant a retourné une erreur : (403) Interdit.
[2026-06-08 14:46:15] [WARN] Impossible de résoudre 'test' dans le tenant destination - permission ignorée
[2026-06-08 14:46:15] [WARN] Erreur permission Equipe INFRA [owner] sur Drive ECHOLINE/01-Internal Ops/A-Veilles et traitement/Veille reg. Italie: Le serveur distant a retourné une erreur : (400) Demande incorrecte.
[2026-06-08 14:46:16] [SUCCESS] Permission appliquée: User 01 [write] -> Drive ECHOLINE/01-Internal Ops/A-Veilles et traitement/Veille reg. Italie
[2026-06-08 14:46:16] [WARN] Pas de mappage pour: SERVICES_GENERAUX - Membres () - permission ignorée sur Drive ECHOLINE/01-Internal Ops/A-Veilles et traitement/Veille reg. Italie
[2026-06-08 14:46:16] [WARN] Pas de mappage pour: SERVICES_GENERAUX - Visiteurs () - permission ignorée sur Drive ECHOLINE/01-Internal Ops/A-Veilles et traitement/Veille reg. Italie
[2026-06-08 14:46:16] [INFO] Traitement: /Drive ECHOLINE/01-Internal Ops/A-Veilles et traitement/Veille reg. Luxembourg/ (6 permission(s))
[2026-06-08 14:46:16] [INFO] === COPIE REELLE: Drive ECHOLINE/01-Internal Ops/A-Veilles et traitement/Veille reg. Luxembourg ===
[2026-06-08 14:46:17] [SUCCESS] Dossier cree: Drive ECHOLINE/01-Internal Ops/A-Veilles et traitement/Veille reg. Luxembourg
[2026-06-08 14:46:17] [WARN] Pas de mappage pour: Propriétaires de SERVICES_GENERAUX () - permission ignorée sur Drive ECHOLINE/01-Internal Ops/A-Veilles et traitement/Veille reg. Luxembourg
[2026-06-08 14:46:17] [WARN] Pas de mappage pour: SERVICES_GENERAUX - Membres () - permission ignorée sur Drive ECHOLINE/01-Internal Ops/A-Veilles et traitement/Veille reg. Luxembourg
[2026-06-08 14:46:17] [WARN] Erreur permission Equipe INFRA [owner] sur Drive ECHOLINE/01-Internal Ops/A-Veilles et traitement/Veille reg. Luxembourg: Le serveur distant a retourné une erreur : (400) Demande incorrecte.
[2026-06-08 14:46:17] [WARN] Erreur résolution 'test': Le serveur distant a retourné une erreur : (403) Interdit.
[2026-06-08 14:46:17] [WARN] Impossible de résoudre 'test' dans le tenant destination - permission ignorée
[2026-06-08 14:46:17] [WARN] Pas de mappage pour: SERVICES_GENERAUX - Visiteurs () - permission ignorée sur Drive ECHOLINE/01-Internal Ops/A-Veilles et traitement/Veille reg. Luxembourg
[2026-06-08 14:46:17] [SUCCESS] Permission appliquée: User 01 [write] -> Drive ECHOLINE/01-Internal Ops/A-Veilles et traitement/Veille reg. Luxembourg
[2026-06-08 14:46:17] [INFO] Traitement: /Drive ECHOLINE/01-Internal Ops/A-Veilles et traitement/Veille reg. Malaysie/ (6 permission(s))
[2026-06-08 14:46:17] [INFO] === COPIE REELLE: Drive ECHOLINE/01-Internal Ops/A-Veilles et traitement/Veille reg. Malaysie ===
[2026-06-08 14:46:18] [SUCCESS] Dossier cree: Drive ECHOLINE/01-Internal Ops/A-Veilles et traitement/Veille reg. Malaysie
[2026-06-08 14:46:18] [WARN] Erreur résolution 'test': Le serveur distant a retourné une erreur : (403) Interdit.
[2026-06-08 14:46:18] [WARN] Impossible de résoudre 'test' dans le tenant destination - permission ignorée
[2026-06-08 14:46:18] [WARN] Erreur permission Equipe INFRA [owner] sur Drive ECHOLINE/01-Internal Ops/A-Veilles et traitement/Veille reg. Malaysie: Le serveur distant a retourné une erreur : (400) Demande incorrecte.
[2026-06-08 14:46:19] [SUCCESS] Permission appliquée: User 01 [write] -> Drive ECHOLINE/01-Internal Ops/A-Veilles et traitement/Veille reg. Malaysie
[2026-06-08 14:46:19] [WARN] Pas de mappage pour: SERVICES_GENERAUX - Membres () - permission ignorée sur Drive ECHOLINE/01-Internal Ops/A-Veilles et traitement/Veille reg. Malaysie
[2026-06-08 14:46:19] [WARN] Pas de mappage pour: SERVICES_GENERAUX - Visiteurs () - permission ignorée sur Drive ECHOLINE/01-Internal Ops/A-Veilles et traitement/Veille reg. Malaysie
[2026-06-08 14:46:19] [WARN] Pas de mappage pour: Propriétaires de SERVICES_GENERAUX () - permission ignorée sur Drive ECHOLINE/01-Internal Ops/A-Veilles et traitement/Veille reg. Malaysie
[2026-06-08 14:46:19] [INFO] Traitement: /Drive ECHOLINE/01-Internal Ops/A-Veilles et traitement/Veille reg. Maroc/ (6 permission(s))
[2026-06-08 14:46:19] [INFO] === COPIE REELLE: Drive ECHOLINE/01-Internal Ops/A-Veilles et traitement/Veille reg. Maroc ===
[2026-06-08 14:46:20] [SUCCESS] Dossier cree: Drive ECHOLINE/01-Internal Ops/A-Veilles et traitement/Veille reg. Maroc
[2026-06-08 14:46:20] [WARN] Erreur permission Equipe INFRA [owner] sur Drive ECHOLINE/01-Internal Ops/A-Veilles et traitement/Veille reg. Maroc: Le serveur distant a retourné une erreur : (400) Demande incorrecte.
[2026-06-08 14:46:20] [WARN] Pas de mappage pour: Propriétaires de SERVICES_GENERAUX () - permission ignorée sur Drive ECHOLINE/01-Internal Ops/A-Veilles et traitement/Veille reg. Maroc
[2026-06-08 14:46:20] [WARN] Pas de mappage pour: SERVICES_GENERAUX - Visiteurs () - permission ignorée sur Drive ECHOLINE/01-Internal Ops/A-Veilles et traitement/Veille reg. Maroc
[2026-06-08 14:46:20] [WARN] Pas de mappage pour: SERVICES_GENERAUX - Membres () - permission ignorée sur Drive ECHOLINE/01-Internal Ops/A-Veilles et traitement/Veille reg. Maroc
[2026-06-08 14:46:21] [SUCCESS] Permission appliquée: User 01 [write] -> Drive ECHOLINE/01-Internal Ops/A-Veilles et traitement/Veille reg. Maroc
[2026-06-08 14:46:21] [WARN] Erreur résolution 'test': Le serveur distant a retourné une erreur : (403) Interdit.
[2026-06-08 14:46:21] [WARN] Impossible de résoudre 'test' dans le tenant destination - permission ignorée
[2026-06-08 14:46:21] [INFO] Traitement: /Drive ECHOLINE/01-Internal Ops/A-Veilles et traitement/Veille reg. Pologne/ (6 permission(s))
[2026-06-08 14:46:21] [INFO] === COPIE REELLE: Drive ECHOLINE/01-Internal Ops/A-Veilles et traitement/Veille reg. Pologne ===
[2026-06-08 14:46:22] [SUCCESS] Dossier cree: Drive ECHOLINE/01-Internal Ops/A-Veilles et traitement/Veille reg. Pologne
[2026-06-08 14:46:22] [WARN] Erreur résolution 'test': Le serveur distant a retourné une erreur : (403) Interdit.
[2026-06-08 14:46:22] [WARN] Impossible de résoudre 'test' dans le tenant destination - permission ignorée
[2026-06-08 14:46:22] [WARN] Pas de mappage pour: Propriétaires de SERVICES_GENERAUX () - permission ignorée sur Drive ECHOLINE/01-Internal Ops/A-Veilles et traitement/Veille reg. Pologne
[2026-06-08 14:46:22] [WARN] Erreur permission Equipe INFRA [owner] sur Drive ECHOLINE/01-Internal Ops/A-Veilles et traitement/Veille reg. Pologne: Le serveur distant a retourné une erreur : (400) Demande incorrecte.
[2026-06-08 14:46:22] [WARN] Pas de mappage pour: SERVICES_GENERAUX - Visiteurs () - permission ignorée sur Drive ECHOLINE/01-Internal Ops/A-Veilles et traitement/Veille reg. Pologne
[2026-06-08 14:46:22] [WARN] Pas de mappage pour: SERVICES_GENERAUX - Membres () - permission ignorée sur Drive ECHOLINE/01-Internal Ops/A-Veilles et traitement/Veille reg. Pologne
[2026-06-08 14:46:22] [SUCCESS] Permission appliquée: User 01 [write] -> Drive ECHOLINE/01-Internal Ops/A-Veilles et traitement/Veille reg. Pologne
[2026-06-08 14:46:23] [INFO] Traitement: /Drive ECHOLINE/01-Internal Ops/A-Veilles et traitement/Veille reg. Portugal/ (6 permission(s))
[2026-06-08 14:46:23] [INFO] === COPIE REELLE: Drive ECHOLINE/01-Internal Ops/A-Veilles et traitement/Veille reg. Portugal ===
[2026-06-08 14:46:24] [SUCCESS] Dossier cree: Drive ECHOLINE/01-Internal Ops/A-Veilles et traitement/Veille reg. Portugal
[2026-06-08 14:46:24] [WARN] Erreur résolution 'test': Le serveur distant a retourné une erreur : (403) Interdit.
[2026-06-08 14:46:24] [WARN] Impossible de résoudre 'test' dans le tenant destination - permission ignorée
[2026-06-08 14:46:24] [WARN] Erreur permission Equipe INFRA [owner] sur Drive ECHOLINE/01-Internal Ops/A-Veilles et traitement/Veille reg. Portugal: Le serveur distant a retourné une erreur : (400) Demande incorrecte.
[2026-06-08 14:46:25] [SUCCESS] Permission appliquée: User 01 [write] -> Drive ECHOLINE/01-Internal Ops/A-Veilles et traitement/Veille reg. Portugal
[2026-06-08 14:46:25] [WARN] Pas de mappage pour: SERVICES_GENERAUX - Membres () - permission ignorée sur Drive ECHOLINE/01-Internal Ops/A-Veilles et traitement/Veille reg. Portugal
[2026-06-08 14:46:25] [WARN] Pas de mappage pour: SERVICES_GENERAUX - Visiteurs () - permission ignorée sur Drive ECHOLINE/01-Internal Ops/A-Veilles et traitement/Veille reg. Portugal
[2026-06-08 14:46:25] [WARN] Pas de mappage pour: Propriétaires de SERVICES_GENERAUX () - permission ignorée sur Drive ECHOLINE/01-Internal Ops/A-Veilles et traitement/Veille reg. Portugal
[2026-06-08 14:46:25] [INFO] Traitement: /Drive ECHOLINE/01-Internal Ops/A-Veilles et traitement/Veille reg. Royaume-Uni/ (6 permission(s))
[2026-06-08 14:46:25] [INFO] === COPIE REELLE: Drive ECHOLINE/01-Internal Ops/A-Veilles et traitement/Veille reg. Royaume-Uni ===
[2026-06-08 14:46:25] [SUCCESS] Dossier cree: Drive ECHOLINE/01-Internal Ops/A-Veilles et traitement/Veille reg. Royaume-Uni
[2026-06-08 14:46:26] [SUCCESS] Permission appliquée: User 01 [write] -> Drive ECHOLINE/01-Internal Ops/A-Veilles et traitement/Veille reg. Royaume-Uni
[2026-06-08 14:46:26] [WARN] Pas de mappage pour: Propriétaires de SERVICES_GENERAUX () - permission ignorée sur Drive ECHOLINE/01-Internal Ops/A-Veilles et traitement/Veille reg. Royaume-Uni
[2026-06-08 14:46:26] [WARN] Pas de mappage pour: SERVICES_GENERAUX - Visiteurs () - permission ignorée sur Drive ECHOLINE/01-Internal Ops/A-Veilles et traitement/Veille reg. Royaume-Uni
[2026-06-08 14:46:26] [WARN] Pas de mappage pour: SERVICES_GENERAUX - Membres () - permission ignorée sur Drive ECHOLINE/01-Internal Ops/A-Veilles et traitement/Veille reg. Royaume-Uni
[2026-06-08 14:46:26] [WARN] Erreur permission Equipe INFRA [owner] sur Drive ECHOLINE/01-Internal Ops/A-Veilles et traitement/Veille reg. Royaume-Uni: Le serveur distant a retourné une erreur : (400) Demande incorrecte.
[2026-06-08 14:46:26] [WARN] Erreur résolution 'test': Le serveur distant a retourné une erreur : (403) Interdit.
[2026-06-08 14:46:26] [WARN] Impossible de résoudre 'test' dans le tenant destination - permission ignorée
[2026-06-08 14:46:26] [INFO] Traitement: /Drive ECHOLINE/01-Internal Ops/A-Veilles et traitement/Veille reg. Singapour/ (6 permission(s))
[2026-06-08 14:46:26] [INFO] === COPIE REELLE: Drive ECHOLINE/01-Internal Ops/A-Veilles et traitement/Veille reg. Singapour ===
[2026-06-08 14:46:27] [SUCCESS] Dossier cree: Drive ECHOLINE/01-Internal Ops/A-Veilles et traitement/Veille reg. Singapour
[2026-06-08 14:46:27] [WARN] Erreur résolution 'test': Le serveur distant a retourné une erreur : (403) Interdit.
[2026-06-08 14:46:27] [WARN] Impossible de résoudre 'test' dans le tenant destination - permission ignorée
[2026-06-08 14:46:27] [WARN] Pas de mappage pour: Propriétaires de SERVICES_GENERAUX () - permission ignorée sur Drive ECHOLINE/01-Internal Ops/A-Veilles et traitement/Veille reg. Singapour
[2026-06-08 14:46:27] [WARN] Pas de mappage pour: SERVICES_GENERAUX - Visiteurs () - permission ignorée sur Drive ECHOLINE/01-Internal Ops/A-Veilles et traitement/Veille reg. Singapour
[2026-06-08 14:46:27] [WARN] Pas de mappage pour: SERVICES_GENERAUX - Membres () - permission ignorée sur Drive ECHOLINE/01-Internal Ops/A-Veilles et traitement/Veille reg. Singapour
[2026-06-08 14:46:28] [WARN] Erreur permission Equipe INFRA [owner] sur Drive ECHOLINE/01-Internal Ops/A-Veilles et traitement/Veille reg. Singapour: Le serveur distant a retourné une erreur : (400) Demande incorrecte.
[2026-06-08 14:46:28] [SUCCESS] Permission appliquée: User 01 [write] -> Drive ECHOLINE/01-Internal Ops/A-Veilles et traitement/Veille reg. Singapour
[2026-06-08 14:46:28] [INFO] Traitement: /Drive ECHOLINE/01-Internal Ops/A-Veilles et traitement/Veille reg. Suède/ (6 permission(s))
[2026-06-08 14:46:28] [INFO] === COPIE REELLE: Drive ECHOLINE/01-Internal Ops/A-Veilles et traitement/Veille reg. Suède ===
[2026-06-08 14:46:29] [SUCCESS] Dossier cree: Drive ECHOLINE/01-Internal Ops/A-Veilles et traitement/Veille reg. Suède
[2026-06-08 14:46:30] [WARN] Impossible de récupérer l'item destination pour les droits: Drive ECHOLINE/01-Internal Ops/A-Veilles et traitement/Veille reg. Suède - Le serveur distant a retourné une erreur : (404) Introuvable.
[2026-06-08 14:46:30] [INFO] Traitement: /Drive ECHOLINE/01-Internal Ops/A-Veilles et traitement/Veille reg. Suisse/ (6 permission(s))
[2026-06-08 14:46:30] [INFO] === COPIE REELLE: Drive ECHOLINE/01-Internal Ops/A-Veilles et traitement/Veille reg. Suisse ===
[2026-06-08 14:46:31] [SUCCESS] Dossier cree: Drive ECHOLINE/01-Internal Ops/A-Veilles et traitement/Veille reg. Suisse
[2026-06-08 14:46:31] [WARN] Erreur permission Equipe INFRA [owner] sur Drive ECHOLINE/01-Internal Ops/A-Veilles et traitement/Veille reg. Suisse: Le serveur distant a retourné une erreur : (400) Demande incorrecte.
[2026-06-08 14:46:31] [SUCCESS] Permission appliquée: User 01 [write] -> Drive ECHOLINE/01-Internal Ops/A-Veilles et traitement/Veille reg. Suisse
[2026-06-08 14:46:31] [WARN] Pas de mappage pour: SERVICES_GENERAUX - Membres () - permission ignorée sur Drive ECHOLINE/01-Internal Ops/A-Veilles et traitement/Veille reg. Suisse
[2026-06-08 14:46:31] [WARN] Pas de mappage pour: Propriétaires de SERVICES_GENERAUX () - permission ignorée sur Drive ECHOLINE/01-Internal Ops/A-Veilles et traitement/Veille reg. Suisse
[2026-06-08 14:46:31] [WARN] Pas de mappage pour: SERVICES_GENERAUX - Visiteurs () - permission ignorée sur Drive ECHOLINE/01-Internal Ops/A-Veilles et traitement/Veille reg. Suisse
[2026-06-08 14:46:31] [WARN] Erreur résolution 'test': Le serveur distant a retourné une erreur : (403) Interdit.
[2026-06-08 14:46:31] [WARN] Impossible de résoudre 'test' dans le tenant destination - permission ignorée
[2026-06-08 14:46:31] [INFO] Traitement: /Drive ECHOLINE/01-Internal Ops/A-Veilles et traitement/Veille reg. Tunisie/ (6 permission(s))
[2026-06-08 14:46:31] [INFO] === COPIE REELLE: Drive ECHOLINE/01-Internal Ops/A-Veilles et traitement/Veille reg. Tunisie ===
[2026-06-08 14:46:32] [SUCCESS] Dossier cree: Drive ECHOLINE/01-Internal Ops/A-Veilles et traitement/Veille reg. Tunisie
[2026-06-08 14:46:33] [WARN] Erreur permission Equipe INFRA [owner] sur Drive ECHOLINE/01-Internal Ops/A-Veilles et traitement/Veille reg. Tunisie: Le serveur distant a retourné une erreur : (400) Demande incorrecte.
[2026-06-08 14:46:33] [SUCCESS] Permission appliquée: User 01 [write] -> Drive ECHOLINE/01-Internal Ops/A-Veilles et traitement/Veille reg. Tunisie
[2026-06-08 14:46:33] [WARN] Pas de mappage pour: SERVICES_GENERAUX - Membres () - permission ignorée sur Drive ECHOLINE/01-Internal Ops/A-Veilles et traitement/Veille reg. Tunisie
[2026-06-08 14:46:33] [WARN] Pas de mappage pour: SERVICES_GENERAUX - Visiteurs () - permission ignorée sur Drive ECHOLINE/01-Internal Ops/A-Veilles et traitement/Veille reg. Tunisie
[2026-06-08 14:46:33] [WARN] Pas de mappage pour: Propriétaires de SERVICES_GENERAUX () - permission ignorée sur Drive ECHOLINE/01-Internal Ops/A-Veilles et traitement/Veille reg. Tunisie
[2026-06-08 14:46:33] [WARN] Erreur résolution 'test': Le serveur distant a retourné une erreur : (403) Interdit.
[2026-06-08 14:46:33] [WARN] Impossible de résoudre 'test' dans le tenant destination - permission ignorée
[2026-06-08 14:46:33] [INFO] Traitement: /Drive ECHOLINE/01-Internal Ops/A-Veilles et traitement/Veille reg. USA/ (6 permission(s))
[2026-06-08 14:46:33] [INFO] === COPIE REELLE: Drive ECHOLINE/01-Internal Ops/A-Veilles et traitement/Veille reg. USA ===
[2026-06-08 14:46:34] [SUCCESS] Dossier cree: Drive ECHOLINE/01-Internal Ops/A-Veilles et traitement/Veille reg. USA
[2026-06-08 14:46:35] [SUCCESS] Permission appliquée: User 01 [write] -> Drive ECHOLINE/01-Internal Ops/A-Veilles et traitement/Veille reg. USA
[2026-06-08 14:46:35] [WARN] Pas de mappage pour: SERVICES_GENERAUX - Membres () - permission ignorée sur Drive ECHOLINE/01-Internal Ops/A-Veilles et traitement/Veille reg. USA
[2026-06-08 14:46:35] [WARN] Pas de mappage pour: SERVICES_GENERAUX - Visiteurs () - permission ignorée sur Drive ECHOLINE/01-Internal Ops/A-Veilles et traitement/Veille reg. USA
[2026-06-08 14:46:35] [WARN] Pas de mappage pour: Propriétaires de SERVICES_GENERAUX () - permission ignorée sur Drive ECHOLINE/01-Internal Ops/A-Veilles et traitement/Veille reg. USA
[2026-06-08 14:46:35] [WARN] Erreur résolution 'test': Le serveur distant a retourné une erreur : (403) Interdit.
[2026-06-08 14:46:35] [WARN] Impossible de résoudre 'test' dans le tenant destination - permission ignorée
[2026-06-08 14:46:35] [WARN] Erreur permission Equipe INFRA [owner] sur Drive ECHOLINE/01-Internal Ops/A-Veilles et traitement/Veille reg. USA: Le serveur distant a retourné une erreur : (400) Demande incorrecte.
[2026-06-08 14:46:35] [INFO] Traitement: /Drive ECHOLINE/01-Internal Ops/B-Partenaires veille int._/ (6 permission(s))
[2026-06-08 14:46:35] [INFO] === COPIE REELLE: Drive ECHOLINE/01-Internal Ops/B-Partenaires veille int._ ===
[2026-06-08 14:46:36] [SUCCESS] Dossier cree: Drive ECHOLINE/01-Internal Ops/B-Partenaires veille int._
[2026-06-08 14:46:36] [WARN] Erreur résolution 'test': Le serveur distant a retourné une erreur : (403) Interdit.
[2026-06-08 14:46:36] [WARN] Impossible de résoudre 'test' dans le tenant destination - permission ignorée
[2026-06-08 14:46:36] [WARN] Erreur permission Equipe INFRA [owner] sur Drive ECHOLINE/01-Internal Ops/B-Partenaires veille int._: Le serveur distant a retourné une erreur : (400) Demande incorrecte.
[2026-06-08 14:46:37] [SUCCESS] Permission appliquée: User 01 [write] -> Drive ECHOLINE/01-Internal Ops/B-Partenaires veille int._
[2026-06-08 14:46:37] [WARN] Pas de mappage pour: SERVICES_GENERAUX - Membres () - permission ignorée sur Drive ECHOLINE/01-Internal Ops/B-Partenaires veille int._
[2026-06-08 14:46:37] [WARN] Pas de mappage pour: SERVICES_GENERAUX - Visiteurs () - permission ignorée sur Drive ECHOLINE/01-Internal Ops/B-Partenaires veille int._
[2026-06-08 14:46:37] [WARN] Pas de mappage pour: Propriétaires de SERVICES_GENERAUX () - permission ignorée sur Drive ECHOLINE/01-Internal Ops/B-Partenaires veille int._
[2026-06-08 14:46:37] [INFO] Traitement: /Drive ECHOLINE/01-Internal Ops/B-Partenaires veille int._/Nimonik/ (6 permission(s))
[2026-06-08 14:46:37] [INFO] === COPIE REELLE: Drive ECHOLINE/01-Internal Ops/B-Partenaires veille int._/Nimonik ===
[2026-06-08 14:46:38] [SUCCESS] Dossier cree: Drive ECHOLINE/01-Internal Ops/B-Partenaires veille int._/Nimonik
[2026-06-08 14:46:38] [WARN] Pas de mappage pour: SERVICES_GENERAUX - Membres () - permission ignorée sur Drive ECHOLINE/01-Internal Ops/B-Partenaires veille int._/Nimonik
[2026-06-08 14:46:38] [WARN] Pas de mappage pour: Propriétaires de SERVICES_GENERAUX () - permission ignorée sur Drive ECHOLINE/01-Internal Ops/B-Partenaires veille int._/Nimonik
[2026-06-08 14:46:38] [WARN] Erreur permission Equipe INFRA [owner] sur Drive ECHOLINE/01-Internal Ops/B-Partenaires veille int._/Nimonik: Le serveur distant a retourné une erreur : (400) Demande incorrecte.
[2026-06-08 14:46:38] [WARN] Erreur résolution 'test': Le serveur distant a retourné une erreur : (403) Interdit.
[2026-06-08 14:46:38] [WARN] Impossible de résoudre 'test' dans le tenant destination - permission ignorée
[2026-06-08 14:46:38] [WARN] Pas de mappage pour: SERVICES_GENERAUX - Visiteurs () - permission ignorée sur Drive ECHOLINE/01-Internal Ops/B-Partenaires veille int._/Nimonik
[2026-06-08 14:46:38] [SUCCESS] Permission appliquée: User 01 [write] -> Drive ECHOLINE/01-Internal Ops/B-Partenaires veille int._/Nimonik
[2026-06-08 14:46:38] [INFO] Traitement: /Drive ECHOLINE/01-Internal Ops/B-Partenaires veille int._/Notisum/ (6 permission(s))
[2026-06-08 14:46:38] [INFO] === COPIE REELLE: Drive ECHOLINE/01-Internal Ops/B-Partenaires veille int._/Notisum ===
[2026-06-08 14:46:39] [SUCCESS] Dossier cree: Drive ECHOLINE/01-Internal Ops/B-Partenaires veille int._/Notisum
[2026-06-08 14:46:39] [WARN] Pas de mappage pour: Propriétaires de SERVICES_GENERAUX () - permission ignorée sur Drive ECHOLINE/01-Internal Ops/B-Partenaires veille int._/Notisum
[2026-06-08 14:46:39] [WARN] Pas de mappage pour: SERVICES_GENERAUX - Visiteurs () - permission ignorée sur Drive ECHOLINE/01-Internal Ops/B-Partenaires veille int._/Notisum
[2026-06-08 14:46:39] [WARN] Pas de mappage pour: SERVICES_GENERAUX - Membres () - permission ignorée sur Drive ECHOLINE/01-Internal Ops/B-Partenaires veille int._/Notisum
[2026-06-08 14:46:39] [SUCCESS] Permission appliquée: User 01 [write] -> Drive ECHOLINE/01-Internal Ops/B-Partenaires veille int._/Notisum
[2026-06-08 14:46:40] [WARN] Erreur permission Equipe INFRA [owner] sur Drive ECHOLINE/01-Internal Ops/B-Partenaires veille int._/Notisum: Le serveur distant a retourné une erreur : (400) Demande incorrecte.
[2026-06-08 14:46:40] [WARN] Erreur résolution 'test': Le serveur distant a retourné une erreur : (403) Interdit.
[2026-06-08 14:46:40] [WARN] Impossible de résoudre 'test' dans le tenant destination - permission ignorée
[2026-06-08 14:46:40] [INFO] Traitement: /Drive ECHOLINE/01-Internal Ops/B-Partenaires veille int._/ZZ-Archives/ (6 permission(s))
[2026-06-08 14:46:40] [INFO] === COPIE REELLE: Drive ECHOLINE/01-Internal Ops/B-Partenaires veille int._/ZZ-Archives ===
[2026-06-08 14:46:41] [SUCCESS] Dossier cree: Drive ECHOLINE/01-Internal Ops/B-Partenaires veille int._/ZZ-Archives
[2026-06-08 14:46:41] [WARN] Erreur résolution 'test': Le serveur distant a retourné une erreur : (403) Interdit.
[2026-06-08 14:46:41] [WARN] Impossible de résoudre 'test' dans le tenant destination - permission ignorée
[2026-06-08 14:46:41] [WARN] Pas de mappage pour: SERVICES_GENERAUX - Visiteurs () - permission ignorée sur Drive ECHOLINE/01-Internal Ops/B-Partenaires veille int._/ZZ-Archives
[2026-06-08 14:46:41] [WARN] Erreur permission Equipe INFRA [owner] sur Drive ECHOLINE/01-Internal Ops/B-Partenaires veille int._/ZZ-Archives: Le serveur distant a retourné une erreur : (400) Demande incorrecte.
[2026-06-08 14:46:41] [WARN] Pas de mappage pour: SERVICES_GENERAUX - Membres () - permission ignorée sur Drive ECHOLINE/01-Internal Ops/B-Partenaires veille int._/ZZ-Archives
[2026-06-08 14:46:41] [SUCCESS] Permission appliquée: User 01 [write] -> Drive ECHOLINE/01-Internal Ops/B-Partenaires veille int._/ZZ-Archives
[2026-06-08 14:46:41] [WARN] Pas de mappage pour: Propriétaires de SERVICES_GENERAUX () - permission ignorée sur Drive ECHOLINE/01-Internal Ops/B-Partenaires veille int._/ZZ-Archives
[2026-06-08 14:46:41] [INFO] Traitement: /Drive ECHOLINE/01-Internal Ops/C-Projets/ (6 permission(s))
[2026-06-08 14:46:41] [INFO] === COPIE REELLE: Drive ECHOLINE/01-Internal Ops/C-Projets ===
[2026-06-08 14:46:42] [SUCCESS] Dossier cree: Drive ECHOLINE/01-Internal Ops/C-Projets
[2026-06-08 14:46:42] [WARN] Erreur résolution 'test': Le serveur distant a retourné une erreur : (403) Interdit.
[2026-06-08 14:46:42] [WARN] Impossible de résoudre 'test' dans le tenant destination - permission ignorée
[2026-06-08 14:46:42] [WARN] Erreur permission Equipe INFRA [owner] sur Drive ECHOLINE/01-Internal Ops/C-Projets: Le serveur distant a retourné une erreur : (400) Demande incorrecte.
[2026-06-08 14:46:42] [SUCCESS] Permission appliquée: User 01 [write] -> Drive ECHOLINE/01-Internal Ops/C-Projets
[2026-06-08 14:46:42] [WARN] Pas de mappage pour: SERVICES_GENERAUX - Membres () - permission ignorée sur Drive ECHOLINE/01-Internal Ops/C-Projets
[2026-06-08 14:46:42] [WARN] Pas de mappage pour: SERVICES_GENERAUX - Visiteurs () - permission ignorée sur Drive ECHOLINE/01-Internal Ops/C-Projets
[2026-06-08 14:46:42] [WARN] Pas de mappage pour: Propriétaires de SERVICES_GENERAUX () - permission ignorée sur Drive ECHOLINE/01-Internal Ops/C-Projets
[2026-06-08 14:46:42] [INFO] Traitement: /Drive ECHOLINE/01-Internal Ops/C-Projets/Fiches thématiques/ (6 permission(s))
[2026-06-08 14:46:42] [INFO] === COPIE REELLE: Drive ECHOLINE/01-Internal Ops/C-Projets/Fiches thématiques ===
[2026-06-08 14:46:43] [ERROR] Erreur copie: Le serveur distant a retourné une erreur : (400) Demande incorrecte.
[2026-06-08 14:46:43] [WARN] Impossible de récupérer l'item destination pour les droits: Drive ECHOLINE/01-Internal Ops/C-Projets/Fiches thématiques - Le serveur distant a retourné une erreur : (404) Introuvable.
[2026-06-08 14:46:43] [INFO] Traitement: /Drive ECHOLINE/01-Internal Ops/C-Projets/Normes/ (6 permission(s))
[2026-06-08 14:46:43] [INFO] === COPIE REELLE: Drive ECHOLINE/01-Internal Ops/C-Projets/Normes ===
[2026-06-08 14:46:44] [SUCCESS] Dossier cree: Drive ECHOLINE/01-Internal Ops/C-Projets/Normes
[2026-06-08 14:46:44] [WARN] Erreur résolution 'test': Le serveur distant a retourné une erreur : (403) Interdit.
[2026-06-08 14:46:44] [WARN] Impossible de résoudre 'test' dans le tenant destination - permission ignorée
[2026-06-08 14:46:44] [WARN] Pas de mappage pour: SERVICES_GENERAUX - Visiteurs () - permission ignorée sur Drive ECHOLINE/01-Internal Ops/C-Projets/Normes
[2026-06-08 14:46:44] [WARN] Pas de mappage pour: SERVICES_GENERAUX - Membres () - permission ignorée sur Drive ECHOLINE/01-Internal Ops/C-Projets/Normes
[2026-06-08 14:46:45] [SUCCESS] Permission appliquée: User 01 [write] -> Drive ECHOLINE/01-Internal Ops/C-Projets/Normes
[2026-06-08 14:46:45] [WARN] Erreur permission Equipe INFRA [owner] sur Drive ECHOLINE/01-Internal Ops/C-Projets/Normes: Le serveur distant a retourné une erreur : (400) Demande incorrecte.
[2026-06-08 14:46:45] [WARN] Pas de mappage pour: Propriétaires de SERVICES_GENERAUX () - permission ignorée sur Drive ECHOLINE/01-Internal Ops/C-Projets/Normes
[2026-06-08 14:46:45] [INFO] Traitement: /Drive ECHOLINE/01-Internal Ops/C-Projets/Projet QSE Veille/ (6 permission(s))
[2026-06-08 14:46:45] [INFO] === COPIE REELLE: Drive ECHOLINE/01-Internal Ops/C-Projets/Projet QSE Veille ===
[2026-06-08 14:46:46] [SUCCESS] Dossier cree: Drive ECHOLINE/01-Internal Ops/C-Projets/Projet QSE Veille
[2026-06-08 14:46:46] [WARN] Pas de mappage pour: Propriétaires de SERVICES_GENERAUX () - permission ignorée sur Drive ECHOLINE/01-Internal Ops/C-Projets/Projet QSE Veille
[2026-06-08 14:46:46] [WARN] Erreur résolution 'test': Le serveur distant a retourné une erreur : (403) Interdit.
[2026-06-08 14:46:46] [WARN] Impossible de résoudre 'test' dans le tenant destination - permission ignorée
[2026-06-08 14:46:46] [WARN] Erreur permission Equipe INFRA [owner] sur Drive ECHOLINE/01-Internal Ops/C-Projets/Projet QSE Veille: Le serveur distant a retourné une erreur : (400) Demande incorrecte.
[2026-06-08 14:46:46] [SUCCESS] Permission appliquée: User 01 [write] -> Drive ECHOLINE/01-Internal Ops/C-Projets/Projet QSE Veille
[2026-06-08 14:46:46] [WARN] Pas de mappage pour: SERVICES_GENERAUX - Membres () - permission ignorée sur Drive ECHOLINE/01-Internal Ops/C-Projets/Projet QSE Veille
[2026-06-08 14:46:46] [WARN] Pas de mappage pour: SERVICES_GENERAUX - Visiteurs () - permission ignorée sur Drive ECHOLINE/01-Internal Ops/C-Projets/Projet QSE Veille
[2026-06-08 14:46:46] [INFO] Traitement: /Drive ECHOLINE/01-Internal Ops/D-OKRs-KPIs/ (6 permission(s))
[2026-06-08 14:46:46] [INFO] === COPIE REELLE: Drive ECHOLINE/01-Internal Ops/D-OKRs-KPIs ===
[2026-06-08 14:46:47] [SUCCESS] Dossier cree: Drive ECHOLINE/01-Internal Ops/D-OKRs-KPIs
[2026-06-08 14:46:47] [WARN] Pas de mappage pour: Propriétaires de SERVICES_GENERAUX () - permission ignorée sur Drive ECHOLINE/01-Internal Ops/D-OKRs-KPIs
[2026-06-08 14:46:47] [WARN] Pas de mappage pour: SERVICES_GENERAUX - Membres () - permission ignorée sur Drive ECHOLINE/01-Internal Ops/D-OKRs-KPIs
[2026-06-08 14:46:48] [WARN] Erreur permission Equipe INFRA [owner] sur Drive ECHOLINE/01-Internal Ops/D-OKRs-KPIs: Le serveur distant a retourné une erreur : (400) Demande incorrecte.
[2026-06-08 14:46:48] [WARN] Erreur résolution 'test': Le serveur distant a retourné une erreur : (403) Interdit.
[2026-06-08 14:46:48] [WARN] Impossible de résoudre 'test' dans le tenant destination - permission ignorée
[2026-06-08 14:46:48] [WARN] Pas de mappage pour: SERVICES_GENERAUX - Visiteurs () - permission ignorée sur Drive ECHOLINE/01-Internal Ops/D-OKRs-KPIs
[2026-06-08 14:46:48] [SUCCESS] Permission appliquée: User 01 [write] -> Drive ECHOLINE/01-Internal Ops/D-OKRs-KPIs
[2026-06-08 14:46:48] [INFO] Traitement: /Drive ECHOLINE/01-Internal Ops/E-Ressources juridiques/ (6 permission(s))
[2026-06-08 14:46:48] [INFO] === COPIE REELLE: Drive ECHOLINE/01-Internal Ops/E-Ressources juridiques ===
[2026-06-08 14:46:49] [SUCCESS] Dossier cree: Drive ECHOLINE/01-Internal Ops/E-Ressources juridiques
[2026-06-08 14:46:49] [WARN] Erreur résolution 'test': Le serveur distant a retourné une erreur : (403) Interdit.
[2026-06-08 14:46:49] [WARN] Impossible de résoudre 'test' dans le tenant destination - permission ignorée
[2026-06-08 14:46:49] [WARN] Erreur permission Equipe INFRA [owner] sur Drive ECHOLINE/01-Internal Ops/E-Ressources juridiques: Le serveur distant a retourné une erreur : (400) Demande incorrecte.
[2026-06-08 14:46:49] [SUCCESS] Permission appliquée: User 01 [write] -> Drive ECHOLINE/01-Internal Ops/E-Ressources juridiques
[2026-06-08 14:46:49] [WARN] Pas de mappage pour: SERVICES_GENERAUX - Membres () - permission ignorée sur Drive ECHOLINE/01-Internal Ops/E-Ressources juridiques
[2026-06-08 14:46:49] [WARN] Pas de mappage pour: SERVICES_GENERAUX - Visiteurs () - permission ignorée sur Drive ECHOLINE/01-Internal Ops/E-Ressources juridiques
[2026-06-08 14:46:49] [WARN] Pas de mappage pour: Propriétaires de SERVICES_GENERAUX () - permission ignorée sur Drive ECHOLINE/01-Internal Ops/E-Ressources juridiques
[2026-06-08 14:46:49] [INFO] Traitement: /Drive ECHOLINE/01-Internal Ops/E-Ressources juridiques/Environnement/ (6 permission(s))
[2026-06-08 14:46:49] [INFO] === COPIE REELLE: Drive ECHOLINE/01-Internal Ops/E-Ressources juridiques/Environnement ===
[2026-06-08 14:46:50] [SUCCESS] Dossier cree: Drive ECHOLINE/01-Internal Ops/E-Ressources juridiques/Environnement
[2026-06-08 14:46:50] [WARN] Erreur permission Equipe INFRA [owner] sur Drive ECHOLINE/01-Internal Ops/E-Ressources juridiques/Environnement: Le serveur distant a retourné une erreur : (400) Demande incorrecte.
[2026-06-08 14:46:51] [WARN] Pas de mappage pour: Propriétaires de SERVICES_GENERAUX () - permission ignorée sur Drive ECHOLINE/01-Internal Ops/E-Ressources juridiques/Environnement
[2026-06-08 14:46:51] [WARN] Pas de mappage pour: SERVICES_GENERAUX - Visiteurs () - permission ignorée sur Drive ECHOLINE/01-Internal Ops/E-Ressources juridiques/Environnement
[2026-06-08 14:46:51] [WARN] Pas de mappage pour: SERVICES_GENERAUX - Membres () - permission ignorée sur Drive ECHOLINE/01-Internal Ops/E-Ressources juridiques/Environnement
[2026-06-08 14:46:51] [SUCCESS] Permission appliquée: User 01 [write] -> Drive ECHOLINE/01-Internal Ops/E-Ressources juridiques/Environnement
[2026-06-08 14:46:51] [WARN] Erreur résolution 'test': Le serveur distant a retourné une erreur : (403) Interdit.
[2026-06-08 14:46:51] [WARN] Impossible de résoudre 'test' dans le tenant destination - permission ignorée
[2026-06-08 14:46:51] [INFO] Traitement: /Drive ECHOLINE/01-Internal Ops/E-Ressources juridiques/Sécurité au travail/ (6 permission(s))
[2026-06-08 14:46:51] [INFO] === COPIE REELLE: Drive ECHOLINE/01-Internal Ops/E-Ressources juridiques/Sécurité au travail ===
[2026-06-08 14:46:52] [ERROR] Erreur copie: Le serveur distant a retourné une erreur : (400) Demande incorrecte.
[2026-06-08 14:46:52] [WARN] Impossible de récupérer l'item destination pour les droits: Drive ECHOLINE/01-Internal Ops/E-Ressources juridiques/Sécurité au travail - Le serveur distant a retourné une erreur : (404) Introuvable.
[2026-06-08 14:46:52] [INFO] Traitement: /Drive ECHOLINE/01-Internal Ops/ZZ-Archives/ (6 permission(s))
[2026-06-08 14:46:52] [INFO] === COPIE REELLE: Drive ECHOLINE/01-Internal Ops/ZZ-Archives ===
[2026-06-08 14:46:53] [SUCCESS] Dossier cree: Drive ECHOLINE/01-Internal Ops/ZZ-Archives
[2026-06-08 14:46:53] [WARN] Erreur résolution 'test': Le serveur distant a retourné une erreur : (403) Interdit.
[2026-06-08 14:46:53] [WARN] Impossible de résoudre 'test' dans le tenant destination - permission ignorée
[2026-06-08 14:46:53] [WARN] Erreur permission Equipe INFRA [owner] sur Drive ECHOLINE/01-Internal Ops/ZZ-Archives: Le serveur distant a retourné une erreur : (400) Demande incorrecte.
[2026-06-08 14:46:53] [SUCCESS] Permission appliquée: User 01 [write] -> Drive ECHOLINE/01-Internal Ops/ZZ-Archives
[2026-06-08 14:46:53] [WARN] Pas de mappage pour: SERVICES_GENERAUX - Membres () - permission ignorée sur Drive ECHOLINE/01-Internal Ops/ZZ-Archives
[2026-06-08 14:46:53] [WARN] Pas de mappage pour: SERVICES_GENERAUX - Visiteurs () - permission ignorée sur Drive ECHOLINE/01-Internal Ops/ZZ-Archives
[2026-06-08 14:46:53] [WARN] Pas de mappage pour: Propriétaires de SERVICES_GENERAUX () - permission ignorée sur Drive ECHOLINE/01-Internal Ops/ZZ-Archives
[2026-06-08 14:46:53] [INFO] Traitement: /Drive ECHOLINE/01-Internal Ops/ZZ-Archives/Check List - Traitement/ (6 permission(s))
[2026-06-08 14:46:53] [INFO] === COPIE REELLE: Drive ECHOLINE/01-Internal Ops/ZZ-Archives/Check List - Traitement ===
[2026-06-08 14:46:54] [SUCCESS] Dossier cree: Drive ECHOLINE/01-Internal Ops/ZZ-Archives/Check List - Traitement
[2026-06-08 14:46:54] [WARN] Pas de mappage pour: SERVICES_GENERAUX - Visiteurs () - permission ignorée sur Drive ECHOLINE/01-Internal Ops/ZZ-Archives/Check List - Traitement
[2026-06-08 14:46:54] [WARN] Pas de mappage pour: Propriétaires de SERVICES_GENERAUX () - permission ignorée sur Drive ECHOLINE/01-Internal Ops/ZZ-Archives/Check List - Traitement
[2026-06-08 14:46:54] [WARN] Pas de mappage pour: SERVICES_GENERAUX - Membres () - permission ignorée sur Drive ECHOLINE/01-Internal Ops/ZZ-Archives/Check List - Traitement
[2026-06-08 14:46:55] [SUCCESS] Permission appliquée: User 01 [write] -> Drive ECHOLINE/01-Internal Ops/ZZ-Archives/Check List - Traitement
[2026-06-08 14:46:55] [WARN] Erreur permission Equipe INFRA [owner] sur Drive ECHOLINE/01-Internal Ops/ZZ-Archives/Check List - Traitement: Le serveur distant a retourné une erreur : (400) Demande incorrecte.
[2026-06-08 14:46:55] [WARN] Erreur résolution 'test': Le serveur distant a retourné une erreur : (403) Interdit.
[2026-06-08 14:46:55] [WARN] Impossible de résoudre 'test' dans le tenant destination - permission ignorée
[2026-06-08 14:46:55] [INFO] Traitement: /Drive ECHOLINE/01-Internal Ops/ZZ-Archives/Process et procédures/ (6 permission(s))
[2026-06-08 14:46:55] [INFO] === COPIE REELLE: Drive ECHOLINE/01-Internal Ops/ZZ-Archives/Process et procédures ===
[2026-06-08 14:46:56] [ERROR] Erreur copie: Le serveur distant a retourné une erreur : (400) Demande incorrecte.
[2026-06-08 14:46:56] [WARN] Impossible de récupérer l'item destination pour les droits: Drive ECHOLINE/01-Internal Ops/ZZ-Archives/Process et procédures - Le serveur distant a retourné une erreur : (404) Introuvable.
[2026-06-08 14:46:56] [INFO] Traitement: /Drive ECHOLINE/01-Internal Ops/ZZ-Archives/Questionnaires/ (6 permission(s))
[2026-06-08 14:46:56] [INFO] === COPIE REELLE: Drive ECHOLINE/01-Internal Ops/ZZ-Archives/Questionnaires ===
[2026-06-08 14:46:57] [SUCCESS] Dossier cree: Drive ECHOLINE/01-Internal Ops/ZZ-Archives/Questionnaires
[2026-06-08 14:46:57] [WARN] Erreur résolution 'test': Le serveur distant a retourné une erreur : (403) Interdit.
[2026-06-08 14:46:57] [WARN] Impossible de résoudre 'test' dans le tenant destination - permission ignorée
[2026-06-08 14:46:57] [WARN] Erreur permission Equipe INFRA [owner] sur Drive ECHOLINE/01-Internal Ops/ZZ-Archives/Questionnaires: Le serveur distant a retourné une erreur : (400) Demande incorrecte.
[2026-06-08 14:46:58] [SUCCESS] Permission appliquée: User 01 [write] -> Drive ECHOLINE/01-Internal Ops/ZZ-Archives/Questionnaires
[2026-06-08 14:46:58] [WARN] Pas de mappage pour: SERVICES_GENERAUX - Membres () - permission ignorée sur Drive ECHOLINE/01-Internal Ops/ZZ-Archives/Questionnaires
[2026-06-08 14:46:58] [WARN] Pas de mappage pour: SERVICES_GENERAUX - Visiteurs () - permission ignorée sur Drive ECHOLINE/01-Internal Ops/ZZ-Archives/Questionnaires
[2026-06-08 14:46:58] [WARN] Pas de mappage pour: Propriétaires de SERVICES_GENERAUX () - permission ignorée sur Drive ECHOLINE/01-Internal Ops/ZZ-Archives/Questionnaires
[2026-06-08 14:46:58] [INFO] Traitement: /Drive ECHOLINE/01-Internal Ops/ZZ-Archives/Thématiques/ (6 permission(s))
[2026-06-08 14:46:58] [INFO] === COPIE REELLE: Drive ECHOLINE/01-Internal Ops/ZZ-Archives/Thématiques ===
[2026-06-08 14:46:59] [ERROR] Erreur copie: Le serveur distant a retourné une erreur : (400) Demande incorrecte.
[2026-06-08 14:46:59] [WARN] Impossible de récupérer l'item destination pour les droits: Drive ECHOLINE/01-Internal Ops/ZZ-Archives/Thématiques - Le serveur distant a retourné une erreur : (404) Introuvable.
[2026-06-08 14:46:59] [INFO] Traitement: /Drive ECHOLINE/02-External Ops/ (6 permission(s))
[2026-06-08 14:46:59] [INFO] === COPIE REELLE: Drive ECHOLINE/02-External Ops ===
[2026-06-08 14:47:00] [SUCCESS] Dossier cree: Drive ECHOLINE/02-External Ops
[2026-06-08 14:47:00] [WARN] Erreur permission Equipe INFRA [owner] sur Drive ECHOLINE/02-External Ops: Le serveur distant a retourné une erreur : (400) Demande incorrecte.
[2026-06-08 14:47:00] [SUCCESS] Permission appliquée: User 01 [write] -> Drive ECHOLINE/02-External Ops
[2026-06-08 14:47:00] [WARN] Pas de mappage pour: SERVICES_GENERAUX - Membres () - permission ignorée sur Drive ECHOLINE/02-External Ops
[2026-06-08 14:47:01] [WARN] Pas de mappage pour: SERVICES_GENERAUX - Visiteurs () - permission ignorée sur Drive ECHOLINE/02-External Ops
[2026-06-08 14:47:01] [WARN] Pas de mappage pour: Propriétaires de SERVICES_GENERAUX () - permission ignorée sur Drive ECHOLINE/02-External Ops
[2026-06-08 14:47:01] [WARN] Erreur résolution 'test': Le serveur distant a retourné une erreur : (403) Interdit.
[2026-06-08 14:47:01] [WARN] Impossible de résoudre 'test' dans le tenant destination - permission ignorée
[2026-06-08 14:47:01] [INFO] Traitement: /Drive ECHOLINE/02-External Ops/A-Suivi prod/ (6 permission(s))
[2026-06-08 14:47:01] [INFO] === COPIE REELLE: Drive ECHOLINE/02-External Ops/A-Suivi prod ===
[2026-06-08 14:47:01] [SUCCESS] Dossier cree: Drive ECHOLINE/02-External Ops/A-Suivi prod
[2026-06-08 14:47:02] [SUCCESS] Permission appliquée: User 01 [write] -> Drive ECHOLINE/02-External Ops/A-Suivi prod
[2026-06-08 14:47:02] [WARN] Pas de mappage pour: SERVICES_GENERAUX - Membres () - permission ignorée sur Drive ECHOLINE/02-External Ops/A-Suivi prod
[2026-06-08 14:47:02] [WARN] Pas de mappage pour: SERVICES_GENERAUX - Visiteurs () - permission ignorée sur Drive ECHOLINE/02-External Ops/A-Suivi prod
[2026-06-08 14:47:02] [WARN] Pas de mappage pour: Propriétaires de SERVICES_GENERAUX () - permission ignorée sur Drive ECHOLINE/02-External Ops/A-Suivi prod
[2026-06-08 14:47:02] [WARN] Erreur résolution 'test': Le serveur distant a retourné une erreur : (403) Interdit.
[2026-06-08 14:47:02] [WARN] Impossible de résoudre 'test' dans le tenant destination - permission ignorée
[2026-06-08 14:47:02] [WARN] Erreur permission Equipe INFRA [owner] sur Drive ECHOLINE/02-External Ops/A-Suivi prod: Le serveur distant a retourné une erreur : (400) Demande incorrecte.
[2026-06-08 14:47:02] [INFO] Traitement: /Drive ECHOLINE/02-External Ops/B-Clients/ (6 permission(s))
[2026-06-08 14:47:02] [INFO] === COPIE REELLE: Drive ECHOLINE/02-External Ops/B-Clients ===
[2026-06-08 14:47:03] [SUCCESS] Dossier cree: Drive ECHOLINE/02-External Ops/B-Clients
[2026-06-08 14:47:03] [WARN] Erreur résolution 'test': Le serveur distant a retourné une erreur : (403) Interdit.
[2026-06-08 14:47:03] [WARN] Impossible de résoudre 'test' dans le tenant destination - permission ignorée
[2026-06-08 14:47:03] [SUCCESS] Permission appliquée: User 01 [write] -> Drive ECHOLINE/02-External Ops/B-Clients
[2026-06-08 14:47:03] [WARN] Pas de mappage pour: SERVICES_GENERAUX - Membres () - permission ignorée sur Drive ECHOLINE/02-External Ops/B-Clients
[2026-06-08 14:47:03] [WARN] Pas de mappage pour: SERVICES_GENERAUX - Visiteurs () - permission ignorée sur Drive ECHOLINE/02-External Ops/B-Clients
[2026-06-08 14:47:03] [WARN] Pas de mappage pour: Propriétaires de SERVICES_GENERAUX () - permission ignorée sur Drive ECHOLINE/02-External Ops/B-Clients
[2026-06-08 14:47:04] [WARN] Erreur permission Equipe INFRA [owner] sur Drive ECHOLINE/02-External Ops/B-Clients: Le serveur distant a retourné une erreur : (400) Demande incorrecte.
[2026-06-08 14:47:04] [INFO] Traitement: /Drive ECHOLINE/02-External Ops/C-Services/ (6 permission(s))
[2026-06-08 14:47:04] [INFO] === COPIE REELLE: Drive ECHOLINE/02-External Ops/C-Services ===
[2026-06-08 14:47:05] [SUCCESS] Dossier cree: Drive ECHOLINE/02-External Ops/C-Services
[2026-06-08 14:47:05] [WARN] Pas de mappage pour: SERVICES_GENERAUX - Visiteurs () - permission ignorée sur Drive ECHOLINE/02-External Ops/C-Services
[2026-06-08 14:47:05] [WARN] Pas de mappage pour: Propriétaires de SERVICES_GENERAUX () - permission ignorée sur Drive ECHOLINE/02-External Ops/C-Services
[2026-06-08 14:47:05] [WARN] Pas de mappage pour: SERVICES_GENERAUX - Membres () - permission ignorée sur Drive ECHOLINE/02-External Ops/C-Services
[2026-06-08 14:47:05] [WARN] Erreur résolution 'test': Le serveur distant a retourné une erreur : (403) Interdit.
[2026-06-08 14:47:05] [WARN] Impossible de résoudre 'test' dans le tenant destination - permission ignorée
[2026-06-08 14:47:05] [WARN] Erreur permission Equipe INFRA [owner] sur Drive ECHOLINE/02-External Ops/C-Services: Le serveur distant a retourné une erreur : (400) Demande incorrecte.
[2026-06-08 14:47:06] [SUCCESS] Permission appliquée: User 01 [write] -> Drive ECHOLINE/02-External Ops/C-Services
[2026-06-08 14:47:06] [INFO] Traitement: /Drive ECHOLINE/02-External Ops/D-Projets/ (6 permission(s))
[2026-06-08 14:47:06] [INFO] === COPIE REELLE: Drive ECHOLINE/02-External Ops/D-Projets ===
[2026-06-08 14:47:06] [SUCCESS] Dossier cree: Drive ECHOLINE/02-External Ops/D-Projets
[2026-06-08 14:47:07] [WARN] Erreur résolution 'test': Le serveur distant a retourné une erreur : (403) Interdit.
[2026-06-08 14:47:07] [WARN] Impossible de résoudre 'test' dans le tenant destination - permission ignorée
[2026-06-08 14:47:07] [WARN] Erreur permission Equipe INFRA [owner] sur Drive ECHOLINE/02-External Ops/D-Projets: Le serveur distant a retourné une erreur : (400) Demande incorrecte.
[2026-06-08 14:47:07] [SUCCESS] Permission appliquée: User 01 [write] -> Drive ECHOLINE/02-External Ops/D-Projets
[2026-06-08 14:47:07] [WARN] Pas de mappage pour: SERVICES_GENERAUX - Membres () - permission ignorée sur Drive ECHOLINE/02-External Ops/D-Projets
[2026-06-08 14:47:07] [WARN] Pas de mappage pour: SERVICES_GENERAUX - Visiteurs () - permission ignorée sur Drive ECHOLINE/02-External Ops/D-Projets
[2026-06-08 14:47:07] [WARN] Pas de mappage pour: Propriétaires de SERVICES_GENERAUX () - permission ignorée sur Drive ECHOLINE/02-External Ops/D-Projets
[2026-06-08 14:47:07] [INFO] Traitement: /Drive ECHOLINE/02-External Ops/ZZ-Archives/ (6 permission(s))
[2026-06-08 14:47:07] [INFO] === COPIE REELLE: Drive ECHOLINE/02-External Ops/ZZ-Archives ===
[2026-06-08 14:47:08] [SUCCESS] Dossier cree: Drive ECHOLINE/02-External Ops/ZZ-Archives
[2026-06-08 14:47:08] [WARN] Pas de mappage pour: SERVICES_GENERAUX - Visiteurs () - permission ignorée sur Drive ECHOLINE/02-External Ops/ZZ-Archives
[2026-06-08 14:47:08] [SUCCESS] Permission appliquée: User 01 [write] -> Drive ECHOLINE/02-External Ops/ZZ-Archives
[2026-06-08 14:47:08] [WARN] Erreur permission Equipe INFRA [owner] sur Drive ECHOLINE/02-External Ops/ZZ-Archives: Le serveur distant a retourné une erreur : (400) Demande incorrecte.
[2026-06-08 14:47:08] [WARN] Erreur résolution 'test': Le serveur distant a retourné une erreur : (403) Interdit.
[2026-06-08 14:47:08] [WARN] Impossible de résoudre 'test' dans le tenant destination - permission ignorée
[2026-06-08 14:47:08] [WARN] Pas de mappage pour: Propriétaires de SERVICES_GENERAUX () - permission ignorée sur Drive ECHOLINE/02-External Ops/ZZ-Archives
[2026-06-08 14:47:08] [WARN] Pas de mappage pour: SERVICES_GENERAUX - Membres () - permission ignorée sur Drive ECHOLINE/02-External Ops/ZZ-Archives
[2026-06-08 14:47:08] [INFO] Traitement: /Drive ECHOLINE/03-Customer Care/ (6 permission(s))
[2026-06-08 14:47:08] [INFO] === COPIE REELLE: Drive ECHOLINE/03-Customer Care ===
[2026-06-08 14:47:09] [SUCCESS] Dossier cree: Drive ECHOLINE/03-Customer Care
[2026-06-08 14:47:09] [WARN] Erreur résolution 'test': Le serveur distant a retourné une erreur : (403) Interdit.
[2026-06-08 14:47:09] [WARN] Impossible de résoudre 'test' dans le tenant destination - permission ignorée
[2026-06-08 14:47:09] [WARN] Pas de mappage pour: Propriétaires de SERVICES_GENERAUX () - permission ignorée sur Drive ECHOLINE/03-Customer Care
[2026-06-08 14:47:09] [WARN] Pas de mappage pour: SERVICES_GENERAUX - Visiteurs () - permission ignorée sur Drive ECHOLINE/03-Customer Care
[2026-06-08 14:47:09] [WARN] Pas de mappage pour: SERVICES_GENERAUX - Membres () - permission ignorée sur Drive ECHOLINE/03-Customer Care
[2026-06-08 14:47:10] [SUCCESS] Permission appliquée: User 01 [write] -> Drive ECHOLINE/03-Customer Care
[2026-06-08 14:47:10] [WARN] Erreur permission Equipe INFRA [owner] sur Drive ECHOLINE/03-Customer Care: Le serveur distant a retourné une erreur : (400) Demande incorrecte.
[2026-06-08 14:47:10] [INFO] Traitement: /Drive ECHOLINE/03-Customer Care/A-Hotline/ (6 permission(s))
[2026-06-08 14:47:10] [INFO] === COPIE REELLE: Drive ECHOLINE/03-Customer Care/A-Hotline ===
[2026-06-08 14:47:10] [SUCCESS] Dossier cree: Drive ECHOLINE/03-Customer Care/A-Hotline
[2026-06-08 14:47:10] [WARN] Pas de mappage pour: Propriétaires de SERVICES_GENERAUX () - permission ignorée sur Drive ECHOLINE/03-Customer Care/A-Hotline
[2026-06-08 14:47:10] [WARN] Pas de mappage pour: SERVICES_GENERAUX - Visiteurs () - permission ignorée sur Drive ECHOLINE/03-Customer Care/A-Hotline
[2026-06-08 14:47:11] [WARN] Erreur permission Equipe INFRA [owner] sur Drive ECHOLINE/03-Customer Care/A-Hotline: Le serveur distant a retourné une erreur : (400) Demande incorrecte.
[2026-06-08 14:47:11] [WARN] Pas de mappage pour: SERVICES_GENERAUX - Membres () - permission ignorée sur Drive ECHOLINE/03-Customer Care/A-Hotline
[2026-06-08 14:47:11] [SUCCESS] Permission appliquée: User 01 [write] -> Drive ECHOLINE/03-Customer Care/A-Hotline
[2026-06-08 14:47:11] [WARN] Erreur résolution 'test': Le serveur distant a retourné une erreur : (403) Interdit.
[2026-06-08 14:47:11] [WARN] Impossible de résoudre 'test' dans le tenant destination - permission ignorée
[2026-06-08 14:47:11] [INFO] Traitement: /Drive ECHOLINE/03-Customer Care/A-Hotline/Téléphone/ (6 permission(s))
[2026-06-08 14:47:11] [INFO] === COPIE REELLE: Drive ECHOLINE/03-Customer Care/A-Hotline/Téléphone ===
[2026-06-08 14:47:12] [ERROR] Erreur copie: Le serveur distant a retourné une erreur : (400) Demande incorrecte.
[2026-06-08 14:47:12] [WARN] Impossible de récupérer l'item destination pour les droits: Drive ECHOLINE/03-Customer Care/A-Hotline/Téléphone - Le serveur distant a retourné une erreur : (404) Introuvable.
[2026-06-08 14:47:12] [INFO] Traitement: /Drive ECHOLINE/03-Customer Care/A-Hotline/ZZ-Archives/ (6 permission(s))
[2026-06-08 14:47:12] [INFO] === COPIE REELLE: Drive ECHOLINE/03-Customer Care/A-Hotline/ZZ-Archives ===
[2026-06-08 14:47:13] [SUCCESS] Dossier cree: Drive ECHOLINE/03-Customer Care/A-Hotline/ZZ-Archives
[2026-06-08 14:47:13] [WARN] Pas de mappage pour: Propriétaires de SERVICES_GENERAUX () - permission ignorée sur Drive ECHOLINE/03-Customer Care/A-Hotline/ZZ-Archives
[2026-06-08 14:47:13] [WARN] Pas de mappage pour: SERVICES_GENERAUX - Visiteurs () - permission ignorée sur Drive ECHOLINE/03-Customer Care/A-Hotline/ZZ-Archives
[2026-06-08 14:47:13] [WARN] Pas de mappage pour: SERVICES_GENERAUX - Membres () - permission ignorée sur Drive ECHOLINE/03-Customer Care/A-Hotline/ZZ-Archives
[2026-06-08 14:47:14] [SUCCESS] Permission appliquée: User 01 [write] -> Drive ECHOLINE/03-Customer Care/A-Hotline/ZZ-Archives
[2026-06-08 14:47:14] [WARN] Erreur permission Equipe INFRA [owner] sur Drive ECHOLINE/03-Customer Care/A-Hotline/ZZ-Archives: Le serveur distant a retourné une erreur : (400) Demande incorrecte.
[2026-06-08 14:47:14] [WARN] Erreur résolution 'test': Le serveur distant a retourné une erreur : (403) Interdit.
[2026-06-08 14:47:14] [WARN] Impossible de résoudre 'test' dans le tenant destination - permission ignorée
[2026-06-08 14:47:14] [INFO] Traitement: /Drive ECHOLINE/03-Customer Care/B-NPS/ (6 permission(s))
[2026-06-08 14:47:14] [INFO] === COPIE REELLE: Drive ECHOLINE/03-Customer Care/B-NPS ===
[2026-06-08 14:47:15] [SUCCESS] Dossier cree: Drive ECHOLINE/03-Customer Care/B-NPS
[2026-06-08 14:47:15] [WARN] Erreur résolution 'test': Le serveur distant a retourné une erreur : (403) Interdit.
[2026-06-08 14:47:15] [WARN] Impossible de résoudre 'test' dans le tenant destination - permission ignorée
[2026-06-08 14:47:15] [WARN] Pas de mappage pour: SERVICES_GENERAUX - Visiteurs () - permission ignorée sur Drive ECHOLINE/03-Customer Care/B-NPS
[2026-06-08 14:47:15] [WARN] Pas de mappage pour: SERVICES_GENERAUX - Membres () - permission ignorée sur Drive ECHOLINE/03-Customer Care/B-NPS
[2026-06-08 14:47:15] [SUCCESS] Permission appliquée: User 01 [write] -> Drive ECHOLINE/03-Customer Care/B-NPS
[2026-06-08 14:47:15] [WARN] Erreur permission Equipe INFRA [owner] sur Drive ECHOLINE/03-Customer Care/B-NPS: Le serveur distant a retourné une erreur : (400) Demande incorrecte.
[2026-06-08 14:47:15] [WARN] Pas de mappage pour: Propriétaires de SERVICES_GENERAUX () - permission ignorée sur Drive ECHOLINE/03-Customer Care/B-NPS
[2026-06-08 14:47:15] [INFO] Traitement: /Drive ECHOLINE/03-Customer Care/B-NPS/ZZ-Archives/ (6 permission(s))
[2026-06-08 14:47:15] [INFO] === COPIE REELLE: Drive ECHOLINE/03-Customer Care/B-NPS/ZZ-Archives ===
[2026-06-08 14:47:16] [SUCCESS] Dossier cree: Drive ECHOLINE/03-Customer Care/B-NPS/ZZ-Archives
[2026-06-08 14:47:16] [WARN] Pas de mappage pour: Propriétaires de SERVICES_GENERAUX () - permission ignorée sur Drive ECHOLINE/03-Customer Care/B-NPS/ZZ-Archives
[2026-06-08 14:47:16] [WARN] Erreur résolution 'test': Le serveur distant a retourné une erreur : (403) Interdit.
[2026-06-08 14:47:16] [WARN] Impossible de résoudre 'test' dans le tenant destination - permission ignorée
[2026-06-08 14:47:17] [WARN] Erreur permission Equipe INFRA [owner] sur Drive ECHOLINE/03-Customer Care/B-NPS/ZZ-Archives: Le serveur distant a retourné une erreur : (400) Demande incorrecte.
[2026-06-08 14:47:17] [SUCCESS] Permission appliquée: User 01 [write] -> Drive ECHOLINE/03-Customer Care/B-NPS/ZZ-Archives
[2026-06-08 14:47:17] [WARN] Pas de mappage pour: SERVICES_GENERAUX - Membres () - permission ignorée sur Drive ECHOLINE/03-Customer Care/B-NPS/ZZ-Archives
[2026-06-08 14:47:17] [WARN] Pas de mappage pour: SERVICES_GENERAUX - Visiteurs () - permission ignorée sur Drive ECHOLINE/03-Customer Care/B-NPS/ZZ-Archives
[2026-06-08 14:47:17] [INFO] Traitement: /Drive ECHOLINE/03-Customer Care/C-Satisfaction score/ (6 permission(s))
[2026-06-08 14:47:17] [INFO] === COPIE REELLE: Drive ECHOLINE/03-Customer Care/C-Satisfaction score ===
[2026-06-08 14:47:18] [SUCCESS] Dossier cree: Drive ECHOLINE/03-Customer Care/C-Satisfaction score
[2026-06-08 14:47:18] [WARN] Pas de mappage pour: Propriétaires de SERVICES_GENERAUX () - permission ignorée sur Drive ECHOLINE/03-Customer Care/C-Satisfaction score
[2026-06-08 14:47:18] [WARN] Pas de mappage pour: SERVICES_GENERAUX - Membres () - permission ignorée sur Drive ECHOLINE/03-Customer Care/C-Satisfaction score
[2026-06-08 14:47:18] [WARN] Erreur permission Equipe INFRA [owner] sur Drive ECHOLINE/03-Customer Care/C-Satisfaction score: Le serveur distant a retourné une erreur : (400) Demande incorrecte.
[2026-06-08 14:47:18] [WARN] Erreur résolution 'test': Le serveur distant a retourné une erreur : (403) Interdit.
[2026-06-08 14:47:18] [WARN] Impossible de résoudre 'test' dans le tenant destination - permission ignorée
[2026-06-08 14:47:18] [WARN] Pas de mappage pour: SERVICES_GENERAUX - Visiteurs () - permission ignorée sur Drive ECHOLINE/03-Customer Care/C-Satisfaction score
[2026-06-08 14:47:18] [SUCCESS] Permission appliquée: User 01 [write] -> Drive ECHOLINE/03-Customer Care/C-Satisfaction score
[2026-06-08 14:47:18] [INFO] Traitement: /Drive ECHOLINE/03-Customer Care/C-Satisfaction score/ZZ-Archives/ (6 permission(s))
[2026-06-08 14:47:18] [INFO] === COPIE REELLE: Drive ECHOLINE/03-Customer Care/C-Satisfaction score/ZZ-Archives ===
[2026-06-08 14:47:19] [SUCCESS] Dossier cree: Drive ECHOLINE/03-Customer Care/C-Satisfaction score/ZZ-Archives
[2026-06-08 14:47:20] [WARN] Erreur résolution 'test': Le serveur distant a retourné une erreur : (403) Interdit.
[2026-06-08 14:47:20] [WARN] Impossible de résoudre 'test' dans le tenant destination - permission ignorée
[2026-06-08 14:47:20] [WARN] Erreur permission Equipe INFRA [owner] sur Drive ECHOLINE/03-Customer Care/C-Satisfaction score/ZZ-Archives: Le serveur distant a retourné une erreur : (400) Demande incorrecte.
[2026-06-08 14:47:20] [SUCCESS] Permission appliquée: User 01 [write] -> Drive ECHOLINE/03-Customer Care/C-Satisfaction score/ZZ-Archives
[2026-06-08 14:47:20] [WARN] Pas de mappage pour: SERVICES_GENERAUX - Membres () - permission ignorée sur Drive ECHOLINE/03-Customer Care/C-Satisfaction score/ZZ-Archives
[2026-06-08 14:47:20] [WARN] Pas de mappage pour: SERVICES_GENERAUX - Visiteurs () - permission ignorée sur Drive ECHOLINE/03-Customer Care/C-Satisfaction score/ZZ-Archives
[2026-06-08 14:47:20] [WARN] Pas de mappage pour: Propriétaires de SERVICES_GENERAUX () - permission ignorée sur Drive ECHOLINE/03-Customer Care/C-Satisfaction score/ZZ-Archives
[2026-06-08 14:47:20] [INFO] Traitement: /Drive ECHOLINE/03-Customer Care/D-Reporting/ (6 permission(s))
[2026-06-08 14:47:20] [INFO] === COPIE REELLE: Drive ECHOLINE/03-Customer Care/D-Reporting ===
[2026-06-08 14:47:21] [SUCCESS] Dossier cree: Drive ECHOLINE/03-Customer Care/D-Reporting
[2026-06-08 14:47:21] [WARN] Erreur permission Equipe INFRA [owner] sur Drive ECHOLINE/03-Customer Care/D-Reporting: Le serveur distant a retourné une erreur : (400) Demande incorrecte.
[2026-06-08 14:47:21] [WARN] Pas de mappage pour: Propriétaires de SERVICES_GENERAUX () - permission ignorée sur Drive ECHOLINE/03-Customer Care/D-Reporting
[2026-06-08 14:47:21] [WARN] Pas de mappage pour: SERVICES_GENERAUX - Visiteurs () - permission ignorée sur Drive ECHOLINE/03-Customer Care/D-Reporting
[2026-06-08 14:47:21] [WARN] Pas de mappage pour: SERVICES_GENERAUX - Membres () - permission ignorée sur Drive ECHOLINE/03-Customer Care/D-Reporting
[2026-06-08 14:47:21] [SUCCESS] Permission appliquée: User 01 [write] -> Drive ECHOLINE/03-Customer Care/D-Reporting
[2026-06-08 14:47:21] [WARN] Erreur résolution 'test': Le serveur distant a retourné une erreur : (403) Interdit.
[2026-06-08 14:47:21] [WARN] Impossible de résoudre 'test' dans le tenant destination - permission ignorée
[2026-06-08 14:47:21] [INFO] Traitement: /Drive ECHOLINE/03-Customer Care/D-Reporting/ZZ-Archives/ (6 permission(s))
[2026-06-08 14:47:21] [INFO] === COPIE REELLE: Drive ECHOLINE/03-Customer Care/D-Reporting/ZZ-Archives ===
[2026-06-08 14:47:22] [SUCCESS] Dossier cree: Drive ECHOLINE/03-Customer Care/D-Reporting/ZZ-Archives
[2026-06-08 14:47:23] [WARN] Erreur résolution 'test': Le serveur distant a retourné une erreur : (403) Interdit.
[2026-06-08 14:47:23] [WARN] Impossible de résoudre 'test' dans le tenant destination - permission ignorée
[2026-06-08 14:47:23] [WARN] Pas de mappage pour: Propriétaires de SERVICES_GENERAUX () - permission ignorée sur Drive ECHOLINE/03-Customer Care/D-Reporting/ZZ-Archives
[2026-06-08 14:47:23] [WARN] Erreur permission Equipe INFRA [owner] sur Drive ECHOLINE/03-Customer Care/D-Reporting/ZZ-Archives: Le serveur distant a retourné une erreur : (400) Demande incorrecte.
[2026-06-08 14:47:23] [WARN] Pas de mappage pour: SERVICES_GENERAUX - Visiteurs () - permission ignorée sur Drive ECHOLINE/03-Customer Care/D-Reporting/ZZ-Archives
[2026-06-08 14:47:23] [WARN] Pas de mappage pour: SERVICES_GENERAUX - Membres () - permission ignorée sur Drive ECHOLINE/03-Customer Care/D-Reporting/ZZ-Archives
[2026-06-08 14:47:23] [SUCCESS] Permission appliquée: User 01 [write] -> Drive ECHOLINE/03-Customer Care/D-Reporting/ZZ-Archives
[2026-06-08 14:47:23] [INFO] Traitement: /Drive ECHOLINE/04-Community management/ (6 permission(s))
[2026-06-08 14:47:23] [INFO] === COPIE REELLE: Drive ECHOLINE/04-Community management ===
[2026-06-08 14:47:24] [SUCCESS] Dossier cree: Drive ECHOLINE/04-Community management
[2026-06-08 14:47:24] [WARN] Erreur résolution 'test': Le serveur distant a retourné une erreur : (403) Interdit.
[2026-06-08 14:47:24] [WARN] Impossible de résoudre 'test' dans le tenant destination - permission ignorée
[2026-06-08 14:47:24] [WARN] Erreur permission Equipe INFRA [owner] sur Drive ECHOLINE/04-Community management: Le serveur distant a retourné une erreur : (400) Demande incorrecte.
[2026-06-08 14:47:25] [SUCCESS] Permission appliquée: User 01 [write] -> Drive ECHOLINE/04-Community management
[2026-06-08 14:47:25] [WARN] Pas de mappage pour: SERVICES_GENERAUX - Membres () - permission ignorée sur Drive ECHOLINE/04-Community management
[2026-06-08 14:47:25] [WARN] Pas de mappage pour: SERVICES_GENERAUX - Visiteurs () - permission ignorée sur Drive ECHOLINE/04-Community management
[2026-06-08 14:47:25] [WARN] Pas de mappage pour: Propriétaires de SERVICES_GENERAUX () - permission ignorée sur Drive ECHOLINE/04-Community management
[2026-06-08 14:47:25] [INFO] Traitement: /Drive ECHOLINE/04-Community management/A-Newsletter/ (6 permission(s))
[2026-06-08 14:47:25] [INFO] === COPIE REELLE: Drive ECHOLINE/04-Community management/A-Newsletter ===
[2026-06-08 14:47:25] [SUCCESS] Dossier cree: Drive ECHOLINE/04-Community management/A-Newsletter
[2026-06-08 14:47:25] [WARN] Pas de mappage pour: SERVICES_GENERAUX - Visiteurs () - permission ignorée sur Drive ECHOLINE/04-Community management/A-Newsletter
[2026-06-08 14:47:26] [WARN] Pas de mappage pour: Propriétaires de SERVICES_GENERAUX () - permission ignorée sur Drive ECHOLINE/04-Community management/A-Newsletter
[2026-06-08 14:47:26] [WARN] Pas de mappage pour: SERVICES_GENERAUX - Membres () - permission ignorée sur Drive ECHOLINE/04-Community management/A-Newsletter
[2026-06-08 14:47:26] [SUCCESS] Permission appliquée: User 01 [write] -> Drive ECHOLINE/04-Community management/A-Newsletter
[2026-06-08 14:47:26] [WARN] Erreur permission Equipe INFRA [owner] sur Drive ECHOLINE/04-Community management/A-Newsletter: Le serveur distant a retourné une erreur : (400) Demande incorrecte.
[2026-06-08 14:47:26] [WARN] Erreur résolution 'test': Le serveur distant a retourné une erreur : (403) Interdit.
[2026-06-08 14:47:26] [WARN] Impossible de résoudre 'test' dans le tenant destination - permission ignorée
[2026-06-08 14:47:26] [INFO] Traitement: /Drive ECHOLINE/04-Community management/A-Newsletter/ZZ-Archives/ (6 permission(s))
[2026-06-08 14:47:26] [INFO] === COPIE REELLE: Drive ECHOLINE/04-Community management/A-Newsletter/ZZ-Archives ===
[2026-06-08 14:47:27] [SUCCESS] Dossier cree: Drive ECHOLINE/04-Community management/A-Newsletter/ZZ-Archives
[2026-06-08 14:47:27] [WARN] Erreur résolution 'test': Le serveur distant a retourné une erreur : (403) Interdit.
[2026-06-08 14:47:27] [WARN] Impossible de résoudre 'test' dans le tenant destination - permission ignorée
[2026-06-08 14:47:27] [WARN] Pas de mappage pour: SERVICES_GENERAUX - Visiteurs () - permission ignorée sur Drive ECHOLINE/04-Community management/A-Newsletter/ZZ-Archives
[2026-06-08 14:47:27] [WARN] Pas de mappage pour: SERVICES_GENERAUX - Membres () - permission ignorée sur Drive ECHOLINE/04-Community management/A-Newsletter/ZZ-Archives
[2026-06-08 14:47:28] [SUCCESS] Permission appliquée: User 01 [write] -> Drive ECHOLINE/04-Community management/A-Newsletter/ZZ-Archives
[2026-06-08 14:47:28] [WARN] Erreur permission Equipe INFRA [owner] sur Drive ECHOLINE/04-Community management/A-Newsletter/ZZ-Archives: Le serveur distant a retourné une erreur : (400) Demande incorrecte.
[2026-06-08 14:47:28] [WARN] Pas de mappage pour: Propriétaires de SERVICES_GENERAUX () - permission ignorée sur Drive ECHOLINE/04-Community management/A-Newsletter/ZZ-Archives
[2026-06-08 14:47:28] [INFO] Traitement: /Drive ECHOLINE/04-Community management/B-Webinar/ (6 permission(s))
[2026-06-08 14:47:28] [INFO] === COPIE REELLE: Drive ECHOLINE/04-Community management/B-Webinar ===
[2026-06-08 14:47:29] [SUCCESS] Dossier cree: Drive ECHOLINE/04-Community management/B-Webinar
[2026-06-08 14:47:29] [WARN] Erreur résolution 'test': Le serveur distant a retourné une erreur : (403) Interdit.
[2026-06-08 14:47:29] [WARN] Impossible de résoudre 'test' dans le tenant destination - permission ignorée
[2026-06-08 14:47:29] [WARN] Erreur permission Equipe INFRA [owner] sur Drive ECHOLINE/04-Community management/B-Webinar: Le serveur distant a retourné une erreur : (400) Demande incorrecte.
[2026-06-08 14:47:30] [SUCCESS] Permission appliquée: User 01 [write] -> Drive ECHOLINE/04-Community management/B-Webinar
[2026-06-08 14:47:30] [WARN] Pas de mappage pour: SERVICES_GENERAUX - Membres () - permission ignorée sur Drive ECHOLINE/04-Community management/B-Webinar
[2026-06-08 14:47:30] [WARN] Pas de mappage pour: SERVICES_GENERAUX - Visiteurs () - permission ignorée sur Drive ECHOLINE/04-Community management/B-Webinar
[2026-06-08 14:47:30] [WARN] Pas de mappage pour: Propriétaires de SERVICES_GENERAUX () - permission ignorée sur Drive ECHOLINE/04-Community management/B-Webinar
[2026-06-08 14:47:30] [INFO] Traitement: /Drive ECHOLINE/04-Community management/B-Webinar/Webinar ECHOLINExBLUMEI/ (6 permission(s))
[2026-06-08 14:47:30] [INFO] === COPIE REELLE: Drive ECHOLINE/04-Community management/B-Webinar/Webinar ECHOLINExBLUMEI ===
[2026-06-08 14:47:31] [SUCCESS] Dossier cree: Drive ECHOLINE/04-Community management/B-Webinar/Webinar ECHOLINExBLUMEI
[2026-06-08 14:47:31] [WARN] Erreur permission Equipe INFRA [owner] sur Drive ECHOLINE/04-Community management/B-Webinar/Webinar ECHOLINExBLUMEI: Le serveur distant a retourné une erreur : (400) Demande incorrecte.
[2026-06-08 14:47:31] [WARN] Pas de mappage pour: Propriétaires de SERVICES_GENERAUX () - permission ignorée sur Drive ECHOLINE/04-Community management/B-Webinar/Webinar ECHOLINExBLUMEI
[2026-06-08 14:47:31] [WARN] Pas de mappage pour: SERVICES_GENERAUX - Membres () - permission ignorée sur Drive ECHOLINE/04-Community management/B-Webinar/Webinar ECHOLINExBLUMEI
[2026-06-08 14:47:31] [WARN] Pas de mappage pour: SERVICES_GENERAUX - Visiteurs () - permission ignorée sur Drive ECHOLINE/04-Community management/B-Webinar/Webinar ECHOLINExBLUMEI
[2026-06-08 14:47:31] [SUCCESS] Permission appliquée: User 01 [write] -> Drive ECHOLINE/04-Community management/B-Webinar/Webinar ECHOLINExBLUMEI
[2026-06-08 14:47:32] [WARN] Erreur résolution 'test': Le serveur distant a retourné une erreur : (403) Interdit.
[2026-06-08 14:47:32] [WARN] Impossible de résoudre 'test' dans le tenant destination - permission ignorée
[2026-06-08 14:47:32] [INFO] Traitement: /Drive ECHOLINE/04-Community management/B-Webinar/ZZ-Archives/ (6 permission(s))
[2026-06-08 14:47:32] [INFO] === COPIE REELLE: Drive ECHOLINE/04-Community management/B-Webinar/ZZ-Archives ===
[2026-06-08 14:47:32] [SUCCESS] Dossier cree: Drive ECHOLINE/04-Community management/B-Webinar/ZZ-Archives
[2026-06-08 14:47:33] [WARN] Erreur résolution 'test': Le serveur distant a retourné une erreur : (403) Interdit.
[2026-06-08 14:47:33] [WARN] Impossible de résoudre 'test' dans le tenant destination - permission ignorée
[2026-06-08 14:47:33] [WARN] Erreur permission Equipe INFRA [owner] sur Drive ECHOLINE/04-Community management/B-Webinar/ZZ-Archives: Le serveur distant a retourné une erreur : (400) Demande incorrecte.
[2026-06-08 14:47:33] [SUCCESS] Permission appliquée: User 01 [write] -> Drive ECHOLINE/04-Community management/B-Webinar/ZZ-Archives
[2026-06-08 14:47:33] [WARN] Pas de mappage pour: SERVICES_GENERAUX - Membres () - permission ignorée sur Drive ECHOLINE/04-Community management/B-Webinar/ZZ-Archives
[2026-06-08 14:47:33] [WARN] Pas de mappage pour: SERVICES_GENERAUX - Visiteurs () - permission ignorée sur Drive ECHOLINE/04-Community management/B-Webinar/ZZ-Archives
[2026-06-08 14:47:33] [WARN] Pas de mappage pour: Propriétaires de SERVICES_GENERAUX () - permission ignorée sur Drive ECHOLINE/04-Community management/B-Webinar/ZZ-Archives
[2026-06-08 14:47:33] [INFO] Traitement: /Drive ECHOLINE/04-Community management/C-Siteweb/ (6 permission(s))
[2026-06-08 14:47:33] [INFO] === COPIE REELLE: Drive ECHOLINE/04-Community management/C-Siteweb ===
[2026-06-08 14:47:34] [SUCCESS] Dossier cree: Drive ECHOLINE/04-Community management/C-Siteweb
[2026-06-08 14:47:34] [WARN] Pas de mappage pour: SERVICES_GENERAUX - Visiteurs () - permission ignorée sur Drive ECHOLINE/04-Community management/C-Siteweb
[2026-06-08 14:47:34] [WARN] Pas de mappage pour: Propriétaires de SERVICES_GENERAUX () - permission ignorée sur Drive ECHOLINE/04-Community management/C-Siteweb
[2026-06-08 14:47:34] [SUCCESS] Permission appliquée: User 01 [write] -> Drive ECHOLINE/04-Community management/C-Siteweb
[2026-06-08 14:47:35] [WARN] Erreur résolution 'test': Le serveur distant a retourné une erreur : (403) Interdit.
[2026-06-08 14:47:35] [WARN] Impossible de résoudre 'test' dans le tenant destination - permission ignorée
[2026-06-08 14:47:35] [WARN] Erreur permission Equipe INFRA [owner] sur Drive ECHOLINE/04-Community management/C-Siteweb: Le serveur distant a retourné une erreur : (400) Demande incorrecte.
[2026-06-08 14:47:35] [WARN] Pas de mappage pour: SERVICES_GENERAUX - Membres () - permission ignorée sur Drive ECHOLINE/04-Community management/C-Siteweb
[2026-06-08 14:47:35] [INFO] Traitement: /Drive ECHOLINE/04-Community management/C-Siteweb/Maquettes/ (6 permission(s))
[2026-06-08 14:47:35] [INFO] === COPIE REELLE: Drive ECHOLINE/04-Community management/C-Siteweb/Maquettes ===
[2026-06-08 14:47:36] [SUCCESS] Dossier cree: Drive ECHOLINE/04-Community management/C-Siteweb/Maquettes
[2026-06-08 14:47:36] [WARN] Erreur permission Equipe INFRA [owner] sur Drive ECHOLINE/04-Community management/C-Siteweb/Maquettes: Le serveur distant a retourné une erreur : (400) Demande incorrecte.
[2026-06-08 14:47:36] [SUCCESS] Permission appliquée: User 01 [write] -> Drive ECHOLINE/04-Community management/C-Siteweb/Maquettes
[2026-06-08 14:47:36] [WARN] Pas de mappage pour: SERVICES_GENERAUX - Membres () - permission ignorée sur Drive ECHOLINE/04-Community management/C-Siteweb/Maquettes
[2026-06-08 14:47:36] [WARN] Pas de mappage pour: SERVICES_GENERAUX - Visiteurs () - permission ignorée sur Drive ECHOLINE/04-Community management/C-Siteweb/Maquettes
[2026-06-08 14:47:36] [WARN] Pas de mappage pour: Propriétaires de SERVICES_GENERAUX () - permission ignorée sur Drive ECHOLINE/04-Community management/C-Siteweb/Maquettes
[2026-06-08 14:47:37] [WARN] Erreur résolution 'test': Le serveur distant a retourné une erreur : (403) Interdit.
[2026-06-08 14:47:37] [WARN] Impossible de résoudre 'test' dans le tenant destination - permission ignorée
[2026-06-08 14:47:37] [INFO] Traitement: /Drive ECHOLINE/04-Community management/C-Siteweb/ZZ-Archives/ (6 permission(s))
[2026-06-08 14:47:37] [INFO] === COPIE REELLE: Drive ECHOLINE/04-Community management/C-Siteweb/ZZ-Archives ===
[2026-06-08 14:47:38] [SUCCESS] Dossier cree: Drive ECHOLINE/04-Community management/C-Siteweb/ZZ-Archives
[2026-06-08 14:47:38] [SUCCESS] Permission appliquée: User 01 [write] -> Drive ECHOLINE/04-Community management/C-Siteweb/ZZ-Archives
[2026-06-08 14:47:38] [WARN] Pas de mappage pour: Propriétaires de SERVICES_GENERAUX () - permission ignorée sur Drive ECHOLINE/04-Community management/C-Siteweb/ZZ-Archives
[2026-06-08 14:47:38] [WARN] Pas de mappage pour: SERVICES_GENERAUX - Visiteurs () - permission ignorée sur Drive ECHOLINE/04-Community management/C-Siteweb/ZZ-Archives
[2026-06-08 14:47:38] [WARN] Pas de mappage pour: SERVICES_GENERAUX - Membres () - permission ignorée sur Drive ECHOLINE/04-Community management/C-Siteweb/ZZ-Archives
[2026-06-08 14:47:38] [WARN] Erreur permission Equipe INFRA [owner] sur Drive ECHOLINE/04-Community management/C-Siteweb/ZZ-Archives: Le serveur distant a retourné une erreur : (400) Demande incorrecte.
[2026-06-08 14:47:38] [WARN] Erreur résolution 'test': Le serveur distant a retourné une erreur : (403) Interdit.
[2026-06-08 14:47:38] [WARN] Impossible de résoudre 'test' dans le tenant destination - permission ignorée
[2026-06-08 14:47:38] [INFO] Traitement: /Drive ECHOLINE/04-Community management/D-Kit communication/ (6 permission(s))
[2026-06-08 14:47:38] [INFO] === COPIE REELLE: Drive ECHOLINE/04-Community management/D-Kit communication ===
[2026-06-08 14:47:39] [SUCCESS] Dossier cree: Drive ECHOLINE/04-Community management/D-Kit communication
[2026-06-08 14:47:39] [WARN] Erreur résolution 'test': Le serveur distant a retourné une erreur : (403) Interdit.
[2026-06-08 14:47:39] [WARN] Impossible de résoudre 'test' dans le tenant destination - permission ignorée
[2026-06-08 14:47:39] [WARN] Pas de mappage pour: Propriétaires de SERVICES_GENERAUX () - permission ignorée sur Drive ECHOLINE/04-Community management/D-Kit communication
[2026-06-08 14:47:39] [WARN] Erreur permission Equipe INFRA [owner] sur Drive ECHOLINE/04-Community management/D-Kit communication: Le serveur distant a retourné une erreur : (400) Demande incorrecte.
[2026-06-08 14:47:39] [WARN] Pas de mappage pour: SERVICES_GENERAUX - Visiteurs () - permission ignorée sur Drive ECHOLINE/04-Community management/D-Kit communication
[2026-06-08 14:47:39] [WARN] Pas de mappage pour: SERVICES_GENERAUX - Membres () - permission ignorée sur Drive ECHOLINE/04-Community management/D-Kit communication
[2026-06-08 14:47:40] [SUCCESS] Permission appliquée: User 01 [write] -> Drive ECHOLINE/04-Community management/D-Kit communication
[2026-06-08 14:47:40] [INFO] Traitement: /Drive ECHOLINE/04-Community management/D-Kit communication/Flyers/ (6 permission(s))
[2026-06-08 14:47:40] [INFO] === COPIE REELLE: Drive ECHOLINE/04-Community management/D-Kit communication/Flyers ===
[2026-06-08 14:47:41] [SUCCESS] Dossier cree: Drive ECHOLINE/04-Community management/D-Kit communication/Flyers
[2026-06-08 14:47:41] [WARN] Erreur résolution 'test': Le serveur distant a retourné une erreur : (403) Interdit.
[2026-06-08 14:47:41] [WARN] Impossible de résoudre 'test' dans le tenant destination - permission ignorée
[2026-06-08 14:47:41] [WARN] Erreur permission Equipe INFRA [owner] sur Drive ECHOLINE/04-Community management/D-Kit communication/Flyers: Le serveur distant a retourné une erreur : (400) Demande incorrecte.
[2026-06-08 14:47:41] [SUCCESS] Permission appliquée: User 01 [write] -> Drive ECHOLINE/04-Community management/D-Kit communication/Flyers
[2026-06-08 14:47:41] [WARN] Pas de mappage pour: SERVICES_GENERAUX - Membres () - permission ignorée sur Drive ECHOLINE/04-Community management/D-Kit communication/Flyers
[2026-06-08 14:47:41] [WARN] Pas de mappage pour: SERVICES_GENERAUX - Visiteurs () - permission ignorée sur Drive ECHOLINE/04-Community management/D-Kit communication/Flyers
[2026-06-08 14:47:41] [WARN] Pas de mappage pour: Propriétaires de SERVICES_GENERAUX () - permission ignorée sur Drive ECHOLINE/04-Community management/D-Kit communication/Flyers
[2026-06-08 14:47:42] [INFO] Traitement: /Drive ECHOLINE/04-Community management/D-Kit communication/Illustrations/ (6 permission(s))
[2026-06-08 14:47:42] [INFO] === COPIE REELLE: Drive ECHOLINE/04-Community management/D-Kit communication/Illustrations ===
[2026-06-08 14:47:43] [SUCCESS] Dossier cree: Drive ECHOLINE/04-Community management/D-Kit communication/Illustrations
[2026-06-08 14:47:43] [WARN] Erreur permission Equipe INFRA [owner] sur Drive ECHOLINE/04-Community management/D-Kit communication/Illustrations: Le serveur distant a retourné une erreur : (400) Demande incorrecte.
[2026-06-08 14:47:43] [WARN] Pas de mappage pour: Propriétaires de SERVICES_GENERAUX () - permission ignorée sur Drive ECHOLINE/04-Community management/D-Kit communication/Illustrations
[2026-06-08 14:47:43] [WARN] Pas de mappage pour: SERVICES_GENERAUX - Visiteurs () - permission ignorée sur Drive ECHOLINE/04-Community management/D-Kit communication/Illustrations
[2026-06-08 14:47:43] [WARN] Pas de mappage pour: SERVICES_GENERAUX - Membres () - permission ignorée sur Drive ECHOLINE/04-Community management/D-Kit communication/Illustrations
[2026-06-08 14:47:43] [SUCCESS] Permission appliquée: User 01 [write] -> Drive ECHOLINE/04-Community management/D-Kit communication/Illustrations
[2026-06-08 14:47:43] [WARN] Erreur résolution 'test': Le serveur distant a retourné une erreur : (403) Interdit.
[2026-06-08 14:47:43] [WARN] Impossible de résoudre 'test' dans le tenant destination - permission ignorée
[2026-06-08 14:47:43] [INFO] Traitement: /Drive ECHOLINE/04-Community management/D-Kit communication/Images générées par Chat GPT/ (6 permission(s))
[2026-06-08 14:47:43] [INFO] === COPIE REELLE: Drive ECHOLINE/04-Community management/D-Kit communication/Images générées par Chat GPT ===
[2026-06-08 14:47:44] [SUCCESS] Dossier cree: Drive ECHOLINE/04-Community management/D-Kit communication/Images générées par Chat GPT
[2026-06-08 14:47:45] [WARN] Impossible de récupérer l'item destination pour les droits: Drive ECHOLINE/04-Community management/D-Kit communication/Images générées par Chat GPT - Le serveur distant a retourné une erreur : (404) Introuvable.
[2026-06-08 14:47:45] [INFO] Traitement: /Drive ECHOLINE/04-Community management/D-Kit communication/Logos clients/ (6 permission(s))
[2026-06-08 14:47:45] [INFO] === COPIE REELLE: Drive ECHOLINE/04-Community management/D-Kit communication/Logos clients ===
[2026-06-08 14:47:46] [SUCCESS] Dossier cree: Drive ECHOLINE/04-Community management/D-Kit communication/Logos clients
[2026-06-08 14:47:46] [WARN] Pas de mappage pour: Propriétaires de SERVICES_GENERAUX () - permission ignorée sur Drive ECHOLINE/04-Community management/D-Kit communication/Logos clients
[2026-06-08 14:47:46] [WARN] Erreur résolution 'test': Le serveur distant a retourné une erreur : (403) Interdit.
[2026-06-08 14:47:46] [WARN] Impossible de résoudre 'test' dans le tenant destination - permission ignorée
[2026-06-08 14:47:46] [WARN] Erreur permission Equipe INFRA [owner] sur Drive ECHOLINE/04-Community management/D-Kit communication/Logos clients: Le serveur distant a retourné une erreur : (400) Demande incorrecte.
[2026-06-08 14:47:46] [SUCCESS] Permission appliquée: User 01 [write] -> Drive ECHOLINE/04-Community management/D-Kit communication/Logos clients
[2026-06-08 14:47:46] [WARN] Pas de mappage pour: SERVICES_GENERAUX - Membres () - permission ignorée sur Drive ECHOLINE/04-Community management/D-Kit communication/Logos clients
[2026-06-08 14:47:46] [WARN] Pas de mappage pour: SERVICES_GENERAUX - Visiteurs () - permission ignorée sur Drive ECHOLINE/04-Community management/D-Kit communication/Logos clients
[2026-06-08 14:47:46] [INFO] Traitement: /Drive ECHOLINE/04-Community management/D-Kit communication/Logos ECHOLINE/ (6 permission(s))
[2026-06-08 14:47:46] [INFO] === COPIE REELLE: Drive ECHOLINE/04-Community management/D-Kit communication/Logos ECHOLINE ===
[2026-06-08 14:47:47] [SUCCESS] Dossier cree: Drive ECHOLINE/04-Community management/D-Kit communication/Logos ECHOLINE
[2026-06-08 14:47:47] [WARN] Pas de mappage pour: Propriétaires de SERVICES_GENERAUX () - permission ignorée sur Drive ECHOLINE/04-Community management/D-Kit communication/Logos ECHOLINE
[2026-06-08 14:47:47] [WARN] Pas de mappage pour: SERVICES_GENERAUX - Membres () - permission ignorée sur Drive ECHOLINE/04-Community management/D-Kit communication/Logos ECHOLINE
[2026-06-08 14:47:48] [WARN] Erreur permission Equipe INFRA [owner] sur Drive ECHOLINE/04-Community management/D-Kit communication/Logos ECHOLINE: Le serveur distant a retourné une erreur : (400) Demande incorrecte.
[2026-06-08 14:47:48] [WARN] Erreur résolution 'test': Le serveur distant a retourné une erreur : (403) Interdit.
[2026-06-08 14:47:48] [WARN] Impossible de résoudre 'test' dans le tenant destination - permission ignorée
[2026-06-08 14:47:48] [WARN] Pas de mappage pour: SERVICES_GENERAUX - Visiteurs () - permission ignorée sur Drive ECHOLINE/04-Community management/D-Kit communication/Logos ECHOLINE
[2026-06-08 14:47:48] [SUCCESS] Permission appliquée: User 01 [write] -> Drive ECHOLINE/04-Community management/D-Kit communication/Logos ECHOLINE
[2026-06-08 14:47:48] [INFO] Traitement: /Drive ECHOLINE/04-Community management/D-Kit communication/Photos/ (6 permission(s))
[2026-06-08 14:47:48] [INFO] === COPIE REELLE: Drive ECHOLINE/04-Community management/D-Kit communication/Photos ===
[2026-06-08 14:47:49] [SUCCESS] Dossier cree: Drive ECHOLINE/04-Community management/D-Kit communication/Photos
[2026-06-08 14:47:49] [WARN] Erreur résolution 'test': Le serveur distant a retourné une erreur : (403) Interdit.
[2026-06-08 14:47:49] [WARN] Impossible de résoudre 'test' dans le tenant destination - permission ignorée
[2026-06-08 14:47:50] [WARN] Erreur permission Equipe INFRA [owner] sur Drive ECHOLINE/04-Community management/D-Kit communication/Photos: Le serveur distant a retourné une erreur : (400) Demande incorrecte.
[2026-06-08 14:47:50] [SUCCESS] Permission appliquée: User 01 [write] -> Drive ECHOLINE/04-Community management/D-Kit communication/Photos
[2026-06-08 14:47:50] [WARN] Pas de mappage pour: SERVICES_GENERAUX - Membres () - permission ignorée sur Drive ECHOLINE/04-Community management/D-Kit communication/Photos
[2026-06-08 14:47:50] [WARN] Pas de mappage pour: SERVICES_GENERAUX - Visiteurs () - permission ignorée sur Drive ECHOLINE/04-Community management/D-Kit communication/Photos
[2026-06-08 14:47:50] [WARN] Pas de mappage pour: Propriétaires de SERVICES_GENERAUX () - permission ignorée sur Drive ECHOLINE/04-Community management/D-Kit communication/Photos
[2026-06-08 14:47:50] [INFO] Traitement: /Drive ECHOLINE/04-Community management/D-Kit communication/ZZ-Archives/ (6 permission(s))
[2026-06-08 14:47:50] [INFO] === COPIE REELLE: Drive ECHOLINE/04-Community management/D-Kit communication/ZZ-Archives ===
[2026-06-08 14:47:51] [SUCCESS] Dossier cree: Drive ECHOLINE/04-Community management/D-Kit communication/ZZ-Archives
[2026-06-08 14:47:51] [WARN] Erreur permission Equipe INFRA [owner] sur Drive ECHOLINE/04-Community management/D-Kit communication/ZZ-Archives: Le serveur distant a retourné une erreur : (400) Demande incorrecte.
[2026-06-08 14:47:51] [WARN] Pas de mappage pour: Propriétaires de SERVICES_GENERAUX () - permission ignorée sur Drive ECHOLINE/04-Community management/D-Kit communication/ZZ-Archives
[2026-06-08 14:47:51] [WARN] Pas de mappage pour: SERVICES_GENERAUX - Visiteurs () - permission ignorée sur Drive ECHOLINE/04-Community management/D-Kit communication/ZZ-Archives
[2026-06-08 14:47:51] [WARN] Pas de mappage pour: SERVICES_GENERAUX - Membres () - permission ignorée sur Drive ECHOLINE/04-Community management/D-Kit communication/ZZ-Archives
[2026-06-08 14:47:52] [SUCCESS] Permission appliquée: User 01 [write] -> Drive ECHOLINE/04-Community management/D-Kit communication/ZZ-Archives
[2026-06-08 14:47:52] [WARN] Erreur résolution 'test': Le serveur distant a retourné une erreur : (403) Interdit.
[2026-06-08 14:47:52] [WARN] Impossible de résoudre 'test' dans le tenant destination - permission ignorée
[2026-06-08 14:47:52] [INFO] Traitement: /Drive ECHOLINE/04-Community management/E- Linkedin/ (6 permission(s))
[2026-06-08 14:47:52] [INFO] === COPIE REELLE: Drive ECHOLINE/04-Community management/E- Linkedin ===
[2026-06-08 14:47:53] [SUCCESS] Dossier cree: Drive ECHOLINE/04-Community management/E- Linkedin
[2026-06-08 14:47:53] [WARN] Erreur résolution 'test': Le serveur distant a retourné une erreur : (403) Interdit.
[2026-06-08 14:47:53] [WARN] Impossible de résoudre 'test' dans le tenant destination - permission ignorée
[2026-06-08 14:47:53] [WARN] Pas de mappage pour: Propriétaires de SERVICES_GENERAUX () - permission ignorée sur Drive ECHOLINE/04-Community management/E- Linkedin
[2026-06-08 14:47:53] [WARN] Erreur permission Equipe INFRA [owner] sur Drive ECHOLINE/04-Community management/E- Linkedin: Le serveur distant a retourné une erreur : (400) Demande incorrecte.
[2026-06-08 14:47:53] [WARN] Pas de mappage pour: SERVICES_GENERAUX - Visiteurs () - permission ignorée sur Drive ECHOLINE/04-Community management/E- Linkedin
[2026-06-08 14:47:53] [WARN] Pas de mappage pour: SERVICES_GENERAUX - Membres () - permission ignorée sur Drive ECHOLINE/04-Community management/E- Linkedin
[2026-06-08 14:47:53] [SUCCESS] Permission appliquée: User 01 [write] -> Drive ECHOLINE/04-Community management/E- Linkedin
[2026-06-08 14:47:53] [INFO] Traitement: /Drive ECHOLINE/04-Community management/E- Linkedin/Carrousel réglementaires/ (6 permission(s))
[2026-06-08 14:47:53] [INFO] === COPIE REELLE: Drive ECHOLINE/04-Community management/E- Linkedin/Carrousel réglementaires ===
[2026-06-08 14:47:54] [SUCCESS] Dossier cree: Drive ECHOLINE/04-Community management/E- Linkedin/Carrousel réglementaires
[2026-06-08 14:47:55] [WARN] Impossible de récupérer l'item destination pour les droits: Drive ECHOLINE/04-Community management/E- Linkedin/Carrousel réglementaires - Le serveur distant a retourné une erreur : (404) Introuvable.
[2026-06-08 14:47:55] [INFO] Traitement: /Drive ECHOLINE/04-Community management/ZZ-Archives/ (6 permission(s))
[2026-06-08 14:47:55] [INFO] === COPIE REELLE: Drive ECHOLINE/04-Community management/ZZ-Archives ===
[2026-06-08 14:47:55] [SUCCESS] Dossier cree: Drive ECHOLINE/04-Community management/ZZ-Archives
[2026-06-08 14:47:56] [WARN] Pas de mappage pour: SERVICES_GENERAUX - Visiteurs () - permission ignorée sur Drive ECHOLINE/04-Community management/ZZ-Archives
[2026-06-08 14:47:56] [WARN] Pas de mappage pour: Propriétaires de SERVICES_GENERAUX () - permission ignorée sur Drive ECHOLINE/04-Community management/ZZ-Archives
[2026-06-08 14:47:56] [WARN] Pas de mappage pour: SERVICES_GENERAUX - Membres () - permission ignorée sur Drive ECHOLINE/04-Community management/ZZ-Archives
[2026-06-08 14:47:56] [SUCCESS] Permission appliquée: User 01 [write] -> Drive ECHOLINE/04-Community management/ZZ-Archives
[2026-06-08 14:47:56] [WARN] Erreur permission Equipe INFRA [owner] sur Drive ECHOLINE/04-Community management/ZZ-Archives: Le serveur distant a retourné une erreur : (400) Demande incorrecte.
[2026-06-08 14:47:56] [WARN] Erreur résolution 'test': Le serveur distant a retourné une erreur : (403) Interdit.
[2026-06-08 14:47:56] [WARN] Impossible de résoudre 'test' dans le tenant destination - permission ignorée
[2026-06-08 14:47:56] [INFO] Traitement: /Drive ECHOLINE/04-Community management/ZZ-Archives/Matinales/ (6 permission(s))
[2026-06-08 14:47:56] [INFO] === COPIE REELLE: Drive ECHOLINE/04-Community management/ZZ-Archives/Matinales ===
[2026-06-08 14:47:57] [SUCCESS] Dossier cree: Drive ECHOLINE/04-Community management/ZZ-Archives/Matinales
[2026-06-08 14:47:57] [WARN] Erreur résolution 'test': Le serveur distant a retourné une erreur : (403) Interdit.
[2026-06-08 14:47:57] [WARN] Impossible de résoudre 'test' dans le tenant destination - permission ignorée
[2026-06-08 14:47:57] [WARN] Pas de mappage pour: Propriétaires de SERVICES_GENERAUX () - permission ignorée sur Drive ECHOLINE/04-Community management/ZZ-Archives/Matinales
[2026-06-08 14:47:57] [WARN] Pas de mappage pour: SERVICES_GENERAUX - Membres () - permission ignorée sur Drive ECHOLINE/04-Community management/ZZ-Archives/Matinales
[2026-06-08 14:47:58] [SUCCESS] Permission appliquée: User 01 [write] -> Drive ECHOLINE/04-Community management/ZZ-Archives/Matinales
[2026-06-08 14:47:58] [WARN] Erreur permission Equipe INFRA [owner] sur Drive ECHOLINE/04-Community management/ZZ-Archives/Matinales: Le serveur distant a retourné une erreur : (400) Demande incorrecte.
[2026-06-08 14:47:58] [WARN] Pas de mappage pour: SERVICES_GENERAUX - Visiteurs () - permission ignorée sur Drive ECHOLINE/04-Community management/ZZ-Archives/Matinales
[2026-06-08 14:47:58] [INFO] Traitement: /Drive ECHOLINE/05-Sales/ (6 permission(s))
[2026-06-08 14:47:58] [INFO] === COPIE REELLE: Drive ECHOLINE/05-Sales ===
[2026-06-08 14:47:58] [SUCCESS] Dossier cree: Drive ECHOLINE/05-Sales
[2026-06-08 14:47:59] [WARN] Erreur résolution 'test': Le serveur distant a retourné une erreur : (403) Interdit.
[2026-06-08 14:47:59] [WARN] Impossible de résoudre 'test' dans le tenant destination - permission ignorée
[2026-06-08 14:47:59] [WARN] Erreur permission Equipe INFRA [owner] sur Drive ECHOLINE/05-Sales: Le serveur distant a retourné une erreur : (400) Demande incorrecte.
[2026-06-08 14:47:59] [SUCCESS] Permission appliquée: User 01 [write] -> Drive ECHOLINE/05-Sales
[2026-06-08 14:47:59] [WARN] Pas de mappage pour: SERVICES_GENERAUX - Membres () - permission ignorée sur Drive ECHOLINE/05-Sales
[2026-06-08 14:47:59] [WARN] Pas de mappage pour: SERVICES_GENERAUX - Visiteurs () - permission ignorée sur Drive ECHOLINE/05-Sales
[2026-06-08 14:47:59] [WARN] Pas de mappage pour: Propriétaires de SERVICES_GENERAUX () - permission ignorée sur Drive ECHOLINE/05-Sales
[2026-06-08 14:47:59] [INFO] Traitement: /Drive ECHOLINE/05-Sales/A-Prospects/ (6 permission(s))
[2026-06-08 14:47:59] [INFO] === COPIE REELLE: Drive ECHOLINE/05-Sales/A-Prospects ===
[2026-06-08 14:48:00] [SUCCESS] Dossier cree: Drive ECHOLINE/05-Sales/A-Prospects
[2026-06-08 14:48:00] [WARN] Erreur permission Equipe INFRA [owner] sur Drive ECHOLINE/05-Sales/A-Prospects: Le serveur distant a retourné une erreur : (400) Demande incorrecte.
[2026-06-08 14:48:00] [WARN] Pas de mappage pour: Propriétaires de SERVICES_GENERAUX () - permission ignorée sur Drive ECHOLINE/05-Sales/A-Prospects
[2026-06-08 14:48:00] [WARN] Pas de mappage pour: SERVICES_GENERAUX - Membres () - permission ignorée sur Drive ECHOLINE/05-Sales/A-Prospects
[2026-06-08 14:48:00] [WARN] Pas de mappage pour: SERVICES_GENERAUX - Visiteurs () - permission ignorée sur Drive ECHOLINE/05-Sales/A-Prospects
[2026-06-08 14:48:01] [SUCCESS] Permission appliquée: User 01 [write] -> Drive ECHOLINE/05-Sales/A-Prospects
[2026-06-08 14:48:01] [WARN] Erreur résolution 'test': Le serveur distant a retourné une erreur : (403) Interdit.
[2026-06-08 14:48:01] [WARN] Impossible de résoudre 'test' dans le tenant destination - permission ignorée
[2026-06-08 14:48:01] [INFO] Traitement: /Drive ECHOLINE/05-Sales/A-Prospects/AES SARL/ (6 permission(s))
[2026-06-08 14:48:01] [INFO] === COPIE REELLE: Drive ECHOLINE/05-Sales/A-Prospects/AES SARL ===
[2026-06-08 14:48:02] [SUCCESS] Dossier cree: Drive ECHOLINE/05-Sales/A-Prospects/AES SARL
[2026-06-08 14:48:02] [WARN] Erreur permission Equipe INFRA [owner] sur Drive ECHOLINE/05-Sales/A-Prospects/AES SARL: Le serveur distant a retourné une erreur : (400) Demande incorrecte.
[2026-06-08 14:48:02] [SUCCESS] Permission appliquée: User 01 [write] -> Drive ECHOLINE/05-Sales/A-Prospects/AES SARL
[2026-06-08 14:48:02] [WARN] Pas de mappage pour: SERVICES_GENERAUX - Membres () - permission ignorée sur Drive ECHOLINE/05-Sales/A-Prospects/AES SARL
[2026-06-08 14:48:02] [WARN] Pas de mappage pour: SERVICES_GENERAUX - Visiteurs () - permission ignorée sur Drive ECHOLINE/05-Sales/A-Prospects/AES SARL
[2026-06-08 14:48:02] [WARN] Pas de mappage pour: Propriétaires de SERVICES_GENERAUX () - permission ignorée sur Drive ECHOLINE/05-Sales/A-Prospects/AES SARL
[2026-06-08 14:48:02] [WARN] Erreur résolution 'test': Le serveur distant a retourné une erreur : (403) Interdit.
[2026-06-08 14:48:02] [WARN] Impossible de résoudre 'test' dans le tenant destination - permission ignorée
[2026-06-08 14:48:02] [INFO] Traitement: /Drive ECHOLINE/05-Sales/A-Prospects/ALCHIMIES/ (6 permission(s))
[2026-06-08 14:48:02] [INFO] === COPIE REELLE: Drive ECHOLINE/05-Sales/A-Prospects/ALCHIMIES ===
[2026-06-08 14:48:03] [SUCCESS] Dossier cree: Drive ECHOLINE/05-Sales/A-Prospects/ALCHIMIES
[2026-06-08 14:48:04] [SUCCESS] Permission appliquée: User 01 [write] -> Drive ECHOLINE/05-Sales/A-Prospects/ALCHIMIES
[2026-06-08 14:48:04] [WARN] Pas de mappage pour: SERVICES_GENERAUX - Membres () - permission ignorée sur Drive ECHOLINE/05-Sales/A-Prospects/ALCHIMIES
[2026-06-08 14:48:04] [WARN] Pas de mappage pour: SERVICES_GENERAUX - Visiteurs () - permission ignorée sur Drive ECHOLINE/05-Sales/A-Prospects/ALCHIMIES
[2026-06-08 14:48:04] [WARN] Pas de mappage pour: Propriétaires de SERVICES_GENERAUX () - permission ignorée sur Drive ECHOLINE/05-Sales/A-Prospects/ALCHIMIES
[2026-06-08 14:48:04] [WARN] Erreur résolution 'test': Le serveur distant a retourné une erreur : (403) Interdit.
[2026-06-08 14:48:04] [WARN] Impossible de résoudre 'test' dans le tenant destination - permission ignorée
[2026-06-08 14:48:04] [WARN] Erreur permission Equipe INFRA [owner] sur Drive ECHOLINE/05-Sales/A-Prospects/ALCHIMIES: Le serveur distant a retourné une erreur : (400) Demande incorrecte.
[2026-06-08 14:48:04] [INFO] Traitement: /Drive ECHOLINE/05-Sales/A-Prospects/APAG/ (6 permission(s))
[2026-06-08 14:48:04] [INFO] === COPIE REELLE: Drive ECHOLINE/05-Sales/A-Prospects/APAG ===
[2026-06-08 14:48:05] [SUCCESS] Dossier cree: Drive ECHOLINE/05-Sales/A-Prospects/APAG
[2026-06-08 14:48:05] [WARN] Erreur résolution 'test': Le serveur distant a retourné une erreur : (403) Interdit.
[2026-06-08 14:48:05] [WARN] Impossible de résoudre 'test' dans le tenant destination - permission ignorée
[2026-06-08 14:48:05] [SUCCESS] Permission appliquée: User 01 [write] -> Drive ECHOLINE/05-Sales/A-Prospects/APAG
[2026-06-08 14:48:05] [WARN] Pas de mappage pour: SERVICES_GENERAUX - Membres () - permission ignorée sur Drive ECHOLINE/05-Sales/A-Prospects/APAG
[2026-06-08 14:48:05] [WARN] Pas de mappage pour: SERVICES_GENERAUX - Visiteurs () - permission ignorée sur Drive ECHOLINE/05-Sales/A-Prospects/APAG
[2026-06-08 14:48:05] [WARN] Pas de mappage pour: Propriétaires de SERVICES_GENERAUX () - permission ignorée sur Drive ECHOLINE/05-Sales/A-Prospects/APAG
[2026-06-08 14:48:06] [WARN] Erreur permission Equipe INFRA [owner] sur Drive ECHOLINE/05-Sales/A-Prospects/APAG: Le serveur distant a retourné une erreur : (400) Demande incorrecte.
[2026-06-08 14:48:06] [INFO] Traitement: /Drive ECHOLINE/05-Sales/A-Prospects/BIOTOPE/ (6 permission(s))
[2026-06-08 14:48:06] [INFO] === COPIE REELLE: Drive ECHOLINE/05-Sales/A-Prospects/BIOTOPE ===
[2026-06-08 14:48:07] [SUCCESS] Dossier cree: Drive ECHOLINE/05-Sales/A-Prospects/BIOTOPE
[2026-06-08 14:48:07] [WARN] Pas de mappage pour: SERVICES_GENERAUX - Visiteurs () - permission ignorée sur Drive ECHOLINE/05-Sales/A-Prospects/BIOTOPE
[2026-06-08 14:48:07] [WARN] Pas de mappage pour: Propriétaires de SERVICES_GENERAUX () - permission ignorée sur Drive ECHOLINE/05-Sales/A-Prospects/BIOTOPE
[2026-06-08 14:48:07] [WARN] Pas de mappage pour: SERVICES_GENERAUX - Membres () - permission ignorée sur Drive ECHOLINE/05-Sales/A-Prospects/BIOTOPE
[2026-06-08 14:48:07] [WARN] Erreur résolution 'test': Le serveur distant a retourné une erreur : (403) Interdit.
[2026-06-08 14:48:07] [WARN] Impossible de résoudre 'test' dans le tenant destination - permission ignorée
[2026-06-08 14:48:07] [WARN] Erreur permission Equipe INFRA [owner] sur Drive ECHOLINE/05-Sales/A-Prospects/BIOTOPE: Le serveur distant a retourné une erreur : (400) Demande incorrecte.
[2026-06-08 14:48:07] [SUCCESS] Permission appliquée: User 01 [write] -> Drive ECHOLINE/05-Sales/A-Prospects/BIOTOPE
[2026-06-08 14:48:07] [INFO] Traitement: /Drive ECHOLINE/05-Sales/A-Prospects/BOBITECH/ (6 permission(s))
[2026-06-08 14:48:08] [INFO] === COPIE REELLE: Drive ECHOLINE/05-Sales/A-Prospects/BOBITECH ===
[2026-06-08 14:48:08] [SUCCESS] Dossier cree: Drive ECHOLINE/05-Sales/A-Prospects/BOBITECH
[2026-06-08 14:48:09] [SUCCESS] Permission appliquée: User 01 [write] -> Drive ECHOLINE/05-Sales/A-Prospects/BOBITECH
[2026-06-08 14:48:09] [WARN] Pas de mappage pour: SERVICES_GENERAUX - Membres () - permission ignorée sur Drive ECHOLINE/05-Sales/A-Prospects/BOBITECH
[2026-06-08 14:48:09] [WARN] Erreur résolution 'test': Le serveur distant a retourné une erreur : (403) Interdit.
[2026-06-08 14:48:09] [WARN] Impossible de résoudre 'test' dans le tenant destination - permission ignorée
[2026-06-08 14:48:09] [WARN] Pas de mappage pour: SERVICES_GENERAUX - Visiteurs () - permission ignorée sur Drive ECHOLINE/05-Sales/A-Prospects/BOBITECH
[2026-06-08 14:48:09] [WARN] Pas de mappage pour: Propriétaires de SERVICES_GENERAUX () - permission ignorée sur Drive ECHOLINE/05-Sales/A-Prospects/BOBITECH
[2026-06-08 14:48:09] [WARN] Erreur permission Equipe INFRA [owner] sur Drive ECHOLINE/05-Sales/A-Prospects/BOBITECH: Le serveur distant a retourné une erreur : (400) Demande incorrecte.
[2026-06-08 14:48:09] [INFO] Traitement: /Drive ECHOLINE/05-Sales/A-Prospects/CAMO GROUPE/ (6 permission(s))
[2026-06-08 14:48:09] [INFO] === COPIE REELLE: Drive ECHOLINE/05-Sales/A-Prospects/CAMO GROUPE ===
[2026-06-08 14:48:10] [SUCCESS] Dossier cree: Drive ECHOLINE/05-Sales/A-Prospects/CAMO GROUPE
[2026-06-08 14:48:10] [WARN] Pas de mappage pour: SERVICES_GENERAUX - Visiteurs () - permission ignorée sur Drive ECHOLINE/05-Sales/A-Prospects/CAMO GROUPE
[2026-06-08 14:48:10] [WARN] Pas de mappage pour: Propriétaires de SERVICES_GENERAUX () - permission ignorée sur Drive ECHOLINE/05-Sales/A-Prospects/CAMO GROUPE
[2026-06-08 14:48:10] [WARN] Erreur résolution 'test': Le serveur distant a retourné une erreur : (403) Interdit.
[2026-06-08 14:48:10] [WARN] Impossible de résoudre 'test' dans le tenant destination - permission ignorée
[2026-06-08 14:48:11] [WARN] Erreur permission Equipe INFRA [owner] sur Drive ECHOLINE/05-Sales/A-Prospects/CAMO GROUPE: Le serveur distant a retourné une erreur : (400) Demande incorrecte.
[2026-06-08 14:48:11] [SUCCESS] Permission appliquée: User 01 [write] -> Drive ECHOLINE/05-Sales/A-Prospects/CAMO GROUPE
[2026-06-08 14:48:11] [WARN] Pas de mappage pour: SERVICES_GENERAUX - Membres () - permission ignorée sur Drive ECHOLINE/05-Sales/A-Prospects/CAMO GROUPE
[2026-06-08 14:48:11] [INFO] Traitement: /Drive ECHOLINE/05-Sales/A-Prospects/CAPSUM/ (6 permission(s))
[2026-06-08 14:48:11] [INFO] === COPIE REELLE: Drive ECHOLINE/05-Sales/A-Prospects/CAPSUM ===
[2026-06-08 14:48:12] [SUCCESS] Dossier cree: Drive ECHOLINE/05-Sales/A-Prospects/CAPSUM
[2026-06-08 14:48:12] [SUCCESS] Permission appliquée: User 01 [write] -> Drive ECHOLINE/05-Sales/A-Prospects/CAPSUM
[2026-06-08 14:48:12] [WARN] Pas de mappage pour: SERVICES_GENERAUX - Membres () - permission ignorée sur Drive ECHOLINE/05-Sales/A-Prospects/CAPSUM
[2026-06-08 14:48:12] [WARN] Pas de mappage pour: SERVICES_GENERAUX - Visiteurs () - permission ignorée sur Drive ECHOLINE/05-Sales/A-Prospects/CAPSUM
[2026-06-08 14:48:12] [WARN] Pas de mappage pour: Propriétaires de SERVICES_GENERAUX () - permission ignorée sur Drive ECHOLINE/05-Sales/A-Prospects/CAPSUM
[2026-06-08 14:48:12] [WARN] Erreur permission Equipe INFRA [owner] sur Drive ECHOLINE/05-Sales/A-Prospects/CAPSUM: Le serveur distant a retourné une erreur : (400) Demande incorrecte.
[2026-06-08 14:48:12] [WARN] Erreur résolution 'test': Le serveur distant a retourné une erreur : (403) Interdit.
[2026-06-08 14:48:12] [WARN] Impossible de résoudre 'test' dans le tenant destination - permission ignorée
[2026-06-08 14:48:12] [INFO] Traitement: /Drive ECHOLINE/05-Sales/A-Prospects/CATTIER PARIS/ (6 permission(s))
[2026-06-08 14:48:12] [INFO] === COPIE REELLE: Drive ECHOLINE/05-Sales/A-Prospects/CATTIER PARIS ===
[2026-06-08 14:48:13] [SUCCESS] Dossier cree: Drive ECHOLINE/05-Sales/A-Prospects/CATTIER PARIS
[2026-06-08 14:48:14] [WARN] Erreur résolution 'test': Le serveur distant a retourné une erreur : (403) Interdit.
[2026-06-08 14:48:14] [WARN] Impossible de résoudre 'test' dans le tenant destination - permission ignorée
[2026-06-08 14:48:14] [WARN] Pas de mappage pour: Propriétaires de SERVICES_GENERAUX () - permission ignorée sur Drive ECHOLINE/05-Sales/A-Prospects/CATTIER PARIS
[2026-06-08 14:48:14] [WARN] Pas de mappage pour: SERVICES_GENERAUX - Visiteurs () - permission ignorée sur Drive ECHOLINE/05-Sales/A-Prospects/CATTIER PARIS
[2026-06-08 14:48:14] [WARN] Pas de mappage pour: SERVICES_GENERAUX - Membres () - permission ignorée sur Drive ECHOLINE/05-Sales/A-Prospects/CATTIER PARIS
[2026-06-08 14:48:14] [SUCCESS] Permission appliquée: User 01 [write] -> Drive ECHOLINE/05-Sales/A-Prospects/CATTIER PARIS
[2026-06-08 14:48:14] [WARN] Erreur permission Equipe INFRA [owner] sur Drive ECHOLINE/05-Sales/A-Prospects/CATTIER PARIS: Le serveur distant a retourné une erreur : (400) Demande incorrecte.
[2026-06-08 14:48:14] [INFO] Traitement: /Drive ECHOLINE/05-Sales/A-Prospects/CERTINERGY/ (6 permission(s))
[2026-06-08 14:48:14] [INFO] === COPIE REELLE: Drive ECHOLINE/05-Sales/A-Prospects/CERTINERGY ===
[2026-06-08 14:48:15] [SUCCESS] Dossier cree: Drive ECHOLINE/05-Sales/A-Prospects/CERTINERGY
[2026-06-08 14:48:15] [SUCCESS] Permission appliquée: User 01 [write] -> Drive ECHOLINE/05-Sales/A-Prospects/CERTINERGY
[2026-06-08 14:48:16] [WARN] Pas de mappage pour: Propriétaires de SERVICES_GENERAUX () - permission ignorée sur Drive ECHOLINE/05-Sales/A-Prospects/CERTINERGY
[2026-06-08 14:48:16] [WARN] Pas de mappage pour: SERVICES_GENERAUX - Visiteurs () - permission ignorée sur Drive ECHOLINE/05-Sales/A-Prospects/CERTINERGY
[2026-06-08 14:48:16] [WARN] Pas de mappage pour: SERVICES_GENERAUX - Membres () - permission ignorée sur Drive ECHOLINE/05-Sales/A-Prospects/CERTINERGY
[2026-06-08 14:48:16] [WARN] Erreur permission Equipe INFRA [owner] sur Drive ECHOLINE/05-Sales/A-Prospects/CERTINERGY: Le serveur distant a retourné une erreur : (400) Demande incorrecte.
[2026-06-08 14:48:16] [WARN] Erreur résolution 'test': Le serveur distant a retourné une erreur : (403) Interdit.
[2026-06-08 14:48:16] [WARN] Impossible de résoudre 'test' dans le tenant destination - permission ignorée
[2026-06-08 14:48:16] [INFO] Traitement: /Drive ECHOLINE/05-Sales/A-Prospects/CHARGEURS PCC/ (6 permission(s))
[2026-06-08 14:48:16] [INFO] === COPIE REELLE: Drive ECHOLINE/05-Sales/A-Prospects/CHARGEURS PCC ===
[2026-06-08 14:48:17] [SUCCESS] Dossier cree: Drive ECHOLINE/05-Sales/A-Prospects/CHARGEURS PCC
[2026-06-08 14:48:17] [WARN] Erreur résolution 'test': Le serveur distant a retourné une erreur : (403) Interdit.
[2026-06-08 14:48:17] [WARN] Impossible de résoudre 'test' dans le tenant destination - permission ignorée
[2026-06-08 14:48:17] [WARN] Erreur permission Equipe INFRA [owner] sur Drive ECHOLINE/05-Sales/A-Prospects/CHARGEURS PCC: Le serveur distant a retourné une erreur : (400) Demande incorrecte.
[2026-06-08 14:48:18] [SUCCESS] Permission appliquée: User 01 [write] -> Drive ECHOLINE/05-Sales/A-Prospects/CHARGEURS PCC
[2026-06-08 14:48:18] [WARN] Pas de mappage pour: SERVICES_GENERAUX - Membres () - permission ignorée sur Drive ECHOLINE/05-Sales/A-Prospects/CHARGEURS PCC
[2026-06-08 14:48:18] [WARN] Pas de mappage pour: SERVICES_GENERAUX - Visiteurs () - permission ignorée sur Drive ECHOLINE/05-Sales/A-Prospects/CHARGEURS PCC
[2026-06-08 14:48:18] [WARN] Pas de mappage pour: Propriétaires de SERVICES_GENERAUX () - permission ignorée sur Drive ECHOLINE/05-Sales/A-Prospects/CHARGEURS PCC
[2026-06-08 14:48:18] [INFO] Traitement: /Drive ECHOLINE/05-Sales/A-Prospects/COLOREY/ (6 permission(s))
[2026-06-08 14:48:18] [INFO] === COPIE REELLE: Drive ECHOLINE/05-Sales/A-Prospects/COLOREY ===
[2026-06-08 14:48:18] [SUCCESS] Dossier cree: Drive ECHOLINE/05-Sales/A-Prospects/COLOREY
[2026-06-08 14:48:19] [WARN] Pas de mappage pour: SERVICES_GENERAUX - Membres () - permission ignorée sur Drive ECHOLINE/05-Sales/A-Prospects/COLOREY
[2026-06-08 14:48:19] [WARN] Erreur résolution 'test': Le serveur distant a retourné une erreur : (403) Interdit.
[2026-06-08 14:48:19] [WARN] Impossible de résoudre 'test' dans le tenant destination - permission ignorée
[2026-06-08 14:48:19] [WARN] Pas de mappage pour: SERVICES_GENERAUX - Visiteurs () - permission ignorée sur Drive ECHOLINE/05-Sales/A-Prospects/COLOREY
[2026-06-08 14:48:19] [WARN] Pas de mappage pour: Propriétaires de SERVICES_GENERAUX () - permission ignorée sur Drive ECHOLINE/05-Sales/A-Prospects/COLOREY
[2026-06-08 14:48:19] [SUCCESS] Permission appliquée: User 01 [write] -> Drive ECHOLINE/05-Sales/A-Prospects/COLOREY
[2026-06-08 14:48:19] [WARN] Erreur permission Equipe INFRA [owner] sur Drive ECHOLINE/05-Sales/A-Prospects/COLOREY: Le serveur distant a retourné une erreur : (400) Demande incorrecte.
[2026-06-08 14:48:19] [INFO] Traitement: /Drive ECHOLINE/05-Sales/A-Prospects/CPCU/ (6 permission(s))
[2026-06-08 14:48:19] [INFO] === COPIE REELLE: Drive ECHOLINE/05-Sales/A-Prospects/CPCU ===
[2026-06-08 14:48:20] [SUCCESS] Dossier cree: Drive ECHOLINE/05-Sales/A-Prospects/CPCU
[2026-06-08 14:48:20] [WARN] Erreur résolution 'test': Le serveur distant a retourné une erreur : (403) Interdit.
[2026-06-08 14:48:20] [WARN] Impossible de résoudre 'test' dans le tenant destination - permission ignorée
[2026-06-08 14:48:20] [WARN] Pas de mappage pour: Propriétaires de SERVICES_GENERAUX () - permission ignorée sur Drive ECHOLINE/05-Sales/A-Prospects/CPCU
[2026-06-08 14:48:20] [WARN] Pas de mappage pour: SERVICES_GENERAUX - Visiteurs () - permission ignorée sur Drive ECHOLINE/05-Sales/A-Prospects/CPCU
[2026-06-08 14:48:20] [WARN] Pas de mappage pour: SERVICES_GENERAUX - Membres () - permission ignorée sur Drive ECHOLINE/05-Sales/A-Prospects/CPCU
[2026-06-08 14:48:21] [SUCCESS] Permission appliquée: User 01 [write] -> Drive ECHOLINE/05-Sales/A-Prospects/CPCU
[2026-06-08 14:48:21] [WARN] Erreur permission Equipe INFRA [owner] sur Drive ECHOLINE/05-Sales/A-Prospects/CPCU: Le serveur distant a retourné une erreur : (400) Demande incorrecte.
[2026-06-08 14:48:21] [INFO] Traitement: /Drive ECHOLINE/05-Sales/A-Prospects/CTIBIOTECH/ (6 permission(s))
[2026-06-08 14:48:21] [INFO] === COPIE REELLE: Drive ECHOLINE/05-Sales/A-Prospects/CTIBIOTECH ===
[2026-06-08 14:48:22] [SUCCESS] Dossier cree: Drive ECHOLINE/05-Sales/A-Prospects/CTIBIOTECH
[2026-06-08 14:48:22] [WARN] Pas de mappage pour: Propriétaires de SERVICES_GENERAUX () - permission ignorée sur Drive ECHOLINE/05-Sales/A-Prospects/CTIBIOTECH
[2026-06-08 14:48:22] [WARN] Pas de mappage pour: SERVICES_GENERAUX - Visiteurs () - permission ignorée sur Drive ECHOLINE/05-Sales/A-Prospects/CTIBIOTECH
[2026-06-08 14:48:22] [WARN] Pas de mappage pour: SERVICES_GENERAUX - Membres () - permission ignorée sur Drive ECHOLINE/05-Sales/A-Prospects/CTIBIOTECH
[2026-06-08 14:48:22] [SUCCESS] Permission appliquée: User 01 [write] -> Drive ECHOLINE/05-Sales/A-Prospects/CTIBIOTECH
[2026-06-08 14:48:23] [WARN] Erreur permission Equipe INFRA [owner] sur Drive ECHOLINE/05-Sales/A-Prospects/CTIBIOTECH: Le serveur distant a retourné une erreur : (400) Demande incorrecte.
[2026-06-08 14:48:23] [WARN] Erreur résolution 'test': Le serveur distant a retourné une erreur : (403) Interdit.
[2026-06-08 14:48:23] [WARN] Impossible de résoudre 'test' dans le tenant destination - permission ignorée
[2026-06-08 14:48:23] [INFO] Traitement: /Drive ECHOLINE/05-Sales/A-Prospects/ELIOR SERVICES/ (6 permission(s))
[2026-06-08 14:48:23] [INFO] === COPIE REELLE: Drive ECHOLINE/05-Sales/A-Prospects/ELIOR SERVICES ===
[2026-06-08 14:48:24] [SUCCESS] Dossier cree: Drive ECHOLINE/05-Sales/A-Prospects/ELIOR SERVICES
[2026-06-08 14:48:24] [WARN] Pas de mappage pour: Propriétaires de SERVICES_GENERAUX () - permission ignorée sur Drive ECHOLINE/05-Sales/A-Prospects/ELIOR SERVICES
[2026-06-08 14:48:24] [WARN] Erreur résolution 'test': Le serveur distant a retourné une erreur : (403) Interdit.
[2026-06-08 14:48:24] [WARN] Impossible de résoudre 'test' dans le tenant destination - permission ignorée
[2026-06-08 14:48:24] [WARN] Erreur permission Equipe INFRA [owner] sur Drive ECHOLINE/05-Sales/A-Prospects/ELIOR SERVICES: Le serveur distant a retourné une erreur : (400) Demande incorrecte.
[2026-06-08 14:48:24] [SUCCESS] Permission appliquée: User 01 [write] -> Drive ECHOLINE/05-Sales/A-Prospects/ELIOR SERVICES
[2026-06-08 14:48:24] [WARN] Pas de mappage pour: SERVICES_GENERAUX - Membres () - permission ignorée sur Drive ECHOLINE/05-Sales/A-Prospects/ELIOR SERVICES
[2026-06-08 14:48:24] [WARN] Pas de mappage pour: SERVICES_GENERAUX - Visiteurs () - permission ignorée sur Drive ECHOLINE/05-Sales/A-Prospects/ELIOR SERVICES
[2026-06-08 14:48:24] [INFO] Traitement: /Drive ECHOLINE/05-Sales/A-Prospects/ELIS/ (6 permission(s))
[2026-06-08 14:48:24] [INFO] === COPIE REELLE: Drive ECHOLINE/05-Sales/A-Prospects/ELIS ===
[2026-06-08 14:48:25] [SUCCESS] Dossier cree: Drive ECHOLINE/05-Sales/A-Prospects/ELIS
[2026-06-08 14:48:25] [WARN] Pas de mappage pour: Propriétaires de SERVICES_GENERAUX () - permission ignorée sur Drive ECHOLINE/05-Sales/A-Prospects/ELIS
[2026-06-08 14:48:26] [WARN] Pas de mappage pour: SERVICES_GENERAUX - Membres () - permission ignorée sur Drive ECHOLINE/05-Sales/A-Prospects/ELIS
[2026-06-08 14:48:26] [WARN] Erreur permission Equipe INFRA [owner] sur Drive ECHOLINE/05-Sales/A-Prospects/ELIS: Le serveur distant a retourné une erreur : (400) Demande incorrecte.
[2026-06-08 14:48:26] [WARN] Erreur résolution 'test': Le serveur distant a retourné une erreur : (403) Interdit.
[2026-06-08 14:48:26] [WARN] Impossible de résoudre 'test' dans le tenant destination - permission ignorée
[2026-06-08 14:48:26] [WARN] Pas de mappage pour: SERVICES_GENERAUX - Visiteurs () - permission ignorée sur Drive ECHOLINE/05-Sales/A-Prospects/ELIS
[2026-06-08 14:48:26] [SUCCESS] Permission appliquée: User 01 [write] -> Drive ECHOLINE/05-Sales/A-Prospects/ELIS
[2026-06-08 14:48:26] [INFO] Traitement: /Drive ECHOLINE/05-Sales/A-Prospects/ENTSIA/ (6 permission(s))
[2026-06-08 14:48:26] [INFO] === COPIE REELLE: Drive ECHOLINE/05-Sales/A-Prospects/ENTSIA ===
[2026-06-08 14:48:27] [SUCCESS] Dossier cree: Drive ECHOLINE/05-Sales/A-Prospects/ENTSIA
[2026-06-08 14:48:27] [WARN] Erreur résolution 'test': Le serveur distant a retourné une erreur : (403) Interdit.
[2026-06-08 14:48:27] [WARN] Impossible de résoudre 'test' dans le tenant destination - permission ignorée
[2026-06-08 14:48:28] [WARN] Erreur permission Equipe INFRA [owner] sur Drive ECHOLINE/05-Sales/A-Prospects/ENTSIA: Le serveur distant a retourné une erreur : (400) Demande incorrecte.
[2026-06-08 14:48:28] [SUCCESS] Permission appliquée: User 01 [write] -> Drive ECHOLINE/05-Sales/A-Prospects/ENTSIA
[2026-06-08 14:48:28] [WARN] Pas de mappage pour: SERVICES_GENERAUX - Membres () - permission ignorée sur Drive ECHOLINE/05-Sales/A-Prospects/ENTSIA
[2026-06-08 14:48:28] [WARN] Pas de mappage pour: SERVICES_GENERAUX - Visiteurs () - permission ignorée sur Drive ECHOLINE/05-Sales/A-Prospects/ENTSIA
[2026-06-08 14:48:28] [WARN] Pas de mappage pour: Propriétaires de SERVICES_GENERAUX () - permission ignorée sur Drive ECHOLINE/05-Sales/A-Prospects/ENTSIA
[2026-06-08 14:48:28] [INFO] Traitement: /Drive ECHOLINE/05-Sales/A-Prospects/ENVIRIS/ (6 permission(s))
[2026-06-08 14:48:28] [INFO] === COPIE REELLE: Drive ECHOLINE/05-Sales/A-Prospects/ENVIRIS ===
[2026-06-08 14:48:29] [SUCCESS] Dossier cree: Drive ECHOLINE/05-Sales/A-Prospects/ENVIRIS
[2026-06-08 14:48:29] [WARN] Erreur permission Equipe INFRA [owner] sur Drive ECHOLINE/05-Sales/A-Prospects/ENVIRIS: Le serveur distant a retourné une erreur : (400) Demande incorrecte.
[2026-06-08 14:48:29] [WARN] Pas de mappage pour: Propriétaires de SERVICES_GENERAUX () - permission ignorée sur Drive ECHOLINE/05-Sales/A-Prospects/ENVIRIS
[2026-06-08 14:48:29] [WARN] Pas de mappage pour: SERVICES_GENERAUX - Visiteurs () - permission ignorée sur Drive ECHOLINE/05-Sales/A-Prospects/ENVIRIS
[2026-06-08 14:48:29] [WARN] Pas de mappage pour: SERVICES_GENERAUX - Membres () - permission ignorée sur Drive ECHOLINE/05-Sales/A-Prospects/ENVIRIS
[2026-06-08 14:48:30] [SUCCESS] Permission appliquée: User 01 [write] -> Drive ECHOLINE/05-Sales/A-Prospects/ENVIRIS
[2026-06-08 14:48:30] [WARN] Erreur résolution 'test': Le serveur distant a retourné une erreur : (403) Interdit.
[2026-06-08 14:48:30] [WARN] Impossible de résoudre 'test' dans le tenant destination - permission ignorée
[2026-06-08 14:48:30] [INFO] Traitement: /Drive ECHOLINE/05-Sales/A-Prospects/EUROSOURCING/ (6 permission(s))
[2026-06-08 14:48:30] [INFO] === COPIE REELLE: Drive ECHOLINE/05-Sales/A-Prospects/EUROSOURCING ===
[2026-06-08 14:48:31] [SUCCESS] Dossier cree: Drive ECHOLINE/05-Sales/A-Prospects/EUROSOURCING
[2026-06-08 14:48:31] [WARN] Erreur résolution 'test': Le serveur distant a retourné une erreur : (403) Interdit.
[2026-06-08 14:48:31] [WARN] Impossible de résoudre 'test' dans le tenant destination - permission ignorée
[2026-06-08 14:48:31] [WARN] Pas de mappage pour: Propriétaires de SERVICES_GENERAUX () - permission ignorée sur Drive ECHOLINE/05-Sales/A-Prospects/EUROSOURCING
[2026-06-08 14:48:31] [WARN] Erreur permission Equipe INFRA [owner] sur Drive ECHOLINE/05-Sales/A-Prospects/EUROSOURCING: Le serveur distant a retourné une erreur : (400) Demande incorrecte.
[2026-06-08 14:48:31] [WARN] Pas de mappage pour: SERVICES_GENERAUX - Visiteurs () - permission ignorée sur Drive ECHOLINE/05-Sales/A-Prospects/EUROSOURCING
[2026-06-08 14:48:31] [WARN] Pas de mappage pour: SERVICES_GENERAUX - Membres () - permission ignorée sur Drive ECHOLINE/05-Sales/A-Prospects/EUROSOURCING
[2026-06-08 14:48:31] [SUCCESS] Permission appliquée: User 01 [write] -> Drive ECHOLINE/05-Sales/A-Prospects/EUROSOURCING
[2026-06-08 14:48:31] [INFO] Traitement: /Drive ECHOLINE/05-Sales/A-Prospects/FOURÉ LAGADEC/ (6 permission(s))
[2026-06-08 14:48:31] [INFO] === COPIE REELLE: Drive ECHOLINE/05-Sales/A-Prospects/FOURÉ LAGADEC ===
[2026-06-08 14:48:32] [ERROR] Erreur copie: Le serveur distant a retourné une erreur : (400) Demande incorrecte.
[2026-06-08 14:48:33] [WARN] Impossible de récupérer l'item destination pour les droits: Drive ECHOLINE/05-Sales/A-Prospects/FOURÉ LAGADEC - Le serveur distant a retourné une erreur : (404) Introuvable.
[2026-06-08 14:48:33] [INFO] Traitement: /Drive ECHOLINE/05-Sales/A-Prospects/GETRAC/ (6 permission(s))
[2026-06-08 14:48:33] [INFO] === COPIE REELLE: Drive ECHOLINE/05-Sales/A-Prospects/GETRAC ===
[2026-06-08 14:48:34] [SUCCESS] Dossier cree: Drive ECHOLINE/05-Sales/A-Prospects/GETRAC
[2026-06-08 14:48:34] [WARN] Pas de mappage pour: Propriétaires de SERVICES_GENERAUX () - permission ignorée sur Drive ECHOLINE/05-Sales/A-Prospects/GETRAC
[2026-06-08 14:48:34] [WARN] Pas de mappage pour: SERVICES_GENERAUX - Visiteurs () - permission ignorée sur Drive ECHOLINE/05-Sales/A-Prospects/GETRAC
[2026-06-08 14:48:34] [WARN] Pas de mappage pour: SERVICES_GENERAUX - Membres () - permission ignorée sur Drive ECHOLINE/05-Sales/A-Prospects/GETRAC
[2026-06-08 14:48:34] [SUCCESS] Permission appliquée: User 01 [write] -> Drive ECHOLINE/05-Sales/A-Prospects/GETRAC
[2026-06-08 14:48:34] [WARN] Erreur permission Equipe INFRA [owner] sur Drive ECHOLINE/05-Sales/A-Prospects/GETRAC: Le serveur distant a retourné une erreur : (400) Demande incorrecte.
[2026-06-08 14:48:34] [WARN] Erreur résolution 'test': Le serveur distant a retourné une erreur : (403) Interdit.
[2026-06-08 14:48:34] [WARN] Impossible de résoudre 'test' dans le tenant destination - permission ignorée
[2026-06-08 14:48:34] [INFO] Traitement: /Drive ECHOLINE/05-Sales/A-Prospects/GMP GROUP/ (6 permission(s))
[2026-06-08 14:48:34] [INFO] === COPIE REELLE: Drive ECHOLINE/05-Sales/A-Prospects/GMP GROUP ===
[2026-06-08 14:48:35] [SUCCESS] Dossier cree: Drive ECHOLINE/05-Sales/A-Prospects/GMP GROUP
[2026-06-08 14:48:36] [WARN] Erreur résolution 'test': Le serveur distant a retourné une erreur : (403) Interdit.
[2026-06-08 14:48:36] [WARN] Impossible de résoudre 'test' dans le tenant destination - permission ignorée
[2026-06-08 14:48:36] [WARN] Pas de mappage pour: SERVICES_GENERAUX - Visiteurs () - permission ignorée sur Drive ECHOLINE/05-Sales/A-Prospects/GMP GROUP
[2026-06-08 14:48:36] [WARN] Pas de mappage pour: SERVICES_GENERAUX - Membres () - permission ignorée sur Drive ECHOLINE/05-Sales/A-Prospects/GMP GROUP
[2026-06-08 14:48:36] [SUCCESS] Permission appliquée: User 01 [write] -> Drive ECHOLINE/05-Sales/A-Prospects/GMP GROUP
[2026-06-08 14:48:36] [WARN] Erreur permission Equipe INFRA [owner] sur Drive ECHOLINE/05-Sales/A-Prospects/GMP GROUP: Le serveur distant a retourné une erreur : (400) Demande incorrecte.
[2026-06-08 14:48:36] [WARN] Pas de mappage pour: Propriétaires de SERVICES_GENERAUX () - permission ignorée sur Drive ECHOLINE/05-Sales/A-Prospects/GMP GROUP
[2026-06-08 14:48:36] [INFO] Traitement: /Drive ECHOLINE/05-Sales/A-Prospects/GROUPE BOISSEAU/ (6 permission(s))
[2026-06-08 14:48:36] [INFO] === COPIE REELLE: Drive ECHOLINE/05-Sales/A-Prospects/GROUPE BOISSEAU ===
[2026-06-08 14:48:37] [SUCCESS] Dossier cree: Drive ECHOLINE/05-Sales/A-Prospects/GROUPE BOISSEAU
[2026-06-08 14:48:37] [WARN] Erreur résolution 'test': Le serveur distant a retourné une erreur : (403) Interdit.
[2026-06-08 14:48:37] [WARN] Impossible de résoudre 'test' dans le tenant destination - permission ignorée
[2026-06-08 14:48:38] [WARN] Erreur permission Equipe INFRA [owner] sur Drive ECHOLINE/05-Sales/A-Prospects/GROUPE BOISSEAU: Le serveur distant a retourné une erreur : (400) Demande incorrecte.
[2026-06-08 14:48:38] [SUCCESS] Permission appliquée: User 01 [write] -> Drive ECHOLINE/05-Sales/A-Prospects/GROUPE BOISSEAU
[2026-06-08 14:48:38] [WARN] Pas de mappage pour: SERVICES_GENERAUX - Membres () - permission ignorée sur Drive ECHOLINE/05-Sales/A-Prospects/GROUPE BOISSEAU
[2026-06-08 14:48:38] [WARN] Pas de mappage pour: SERVICES_GENERAUX - Visiteurs () - permission ignorée sur Drive ECHOLINE/05-Sales/A-Prospects/GROUPE BOISSEAU
[2026-06-08 14:48:38] [WARN] Pas de mappage pour: Propriétaires de SERVICES_GENERAUX () - permission ignorée sur Drive ECHOLINE/05-Sales/A-Prospects/GROUPE BOISSEAU
[2026-06-08 14:48:38] [INFO] Traitement: /Drive ECHOLINE/05-Sales/A-Prospects/IDI COMPOSITES/ (6 permission(s))
[2026-06-08 14:48:38] [INFO] === COPIE REELLE: Drive ECHOLINE/05-Sales/A-Prospects/IDI COMPOSITES ===
[2026-06-08 14:48:39] [SUCCESS] Dossier cree: Drive ECHOLINE/05-Sales/A-Prospects/IDI COMPOSITES
[2026-06-08 14:48:39] [WARN] Erreur permission Equipe INFRA [owner] sur Drive ECHOLINE/05-Sales/A-Prospects/IDI COMPOSITES: Le serveur distant a retourné une erreur : (400) Demande incorrecte.
[2026-06-08 14:48:39] [WARN] Pas de mappage pour: Propriétaires de SERVICES_GENERAUX () - permission ignorée sur Drive ECHOLINE/05-Sales/A-Prospects/IDI COMPOSITES
[2026-06-08 14:48:39] [WARN] Pas de mappage pour: SERVICES_GENERAUX - Membres () - permission ignorée sur Drive ECHOLINE/05-Sales/A-Prospects/IDI COMPOSITES
[2026-06-08 14:48:39] [WARN] Pas de mappage pour: SERVICES_GENERAUX - Visiteurs () - permission ignorée sur Drive ECHOLINE/05-Sales/A-Prospects/IDI COMPOSITES
[2026-06-08 14:48:39] [SUCCESS] Permission appliquée: User 01 [write] -> Drive ECHOLINE/05-Sales/A-Prospects/IDI COMPOSITES
[2026-06-08 14:48:39] [WARN] Erreur résolution 'test': Le serveur distant a retourné une erreur : (403) Interdit.
[2026-06-08 14:48:39] [WARN] Impossible de résoudre 'test' dans le tenant destination - permission ignorée
[2026-06-08 14:48:39] [INFO] Traitement: /Drive ECHOLINE/05-Sales/A-Prospects/IPAC FRANCE/ (6 permission(s))
[2026-06-08 14:48:39] [INFO] === COPIE REELLE: Drive ECHOLINE/05-Sales/A-Prospects/IPAC FRANCE ===
[2026-06-08 14:48:40] [SUCCESS] Dossier cree: Drive ECHOLINE/05-Sales/A-Prospects/IPAC FRANCE
[2026-06-08 14:48:41] [WARN] Erreur résolution 'test': Le serveur distant a retourné une erreur : (403) Interdit.
[2026-06-08 14:48:41] [WARN] Impossible de résoudre 'test' dans le tenant destination - permission ignorée
[2026-06-08 14:48:41] [WARN] Erreur permission Equipe INFRA [owner] sur Drive ECHOLINE/05-Sales/A-Prospects/IPAC FRANCE: Le serveur distant a retourné une erreur : (400) Demande incorrecte.
[2026-06-08 14:48:41] [SUCCESS] Permission appliquée: User 01 [write] -> Drive ECHOLINE/05-Sales/A-Prospects/IPAC FRANCE
[2026-06-08 14:48:41] [WARN] Pas de mappage pour: SERVICES_GENERAUX - Membres () - permission ignorée sur Drive ECHOLINE/05-Sales/A-Prospects/IPAC FRANCE
[2026-06-08 14:48:41] [WARN] Pas de mappage pour: SERVICES_GENERAUX - Visiteurs () - permission ignorée sur Drive ECHOLINE/05-Sales/A-Prospects/IPAC FRANCE
[2026-06-08 14:48:41] [WARN] Pas de mappage pour: Propriétaires de SERVICES_GENERAUX () - permission ignorée sur Drive ECHOLINE/05-Sales/A-Prospects/IPAC FRANCE
[2026-06-08 14:48:41] [INFO] Traitement: /Drive ECHOLINE/05-Sales/A-Prospects/ISOVER/ (6 permission(s))
[2026-06-08 14:48:41] [INFO] === COPIE REELLE: Drive ECHOLINE/05-Sales/A-Prospects/ISOVER ===
[2026-06-08 14:48:42] [SUCCESS] Dossier cree: Drive ECHOLINE/05-Sales/A-Prospects/ISOVER
[2026-06-08 14:48:42] [WARN] Pas de mappage pour: SERVICES_GENERAUX - Visiteurs () - permission ignorée sur Drive ECHOLINE/05-Sales/A-Prospects/ISOVER
[2026-06-08 14:48:42] [WARN] Pas de mappage pour: Propriétaires de SERVICES_GENERAUX () - permission ignorée sur Drive ECHOLINE/05-Sales/A-Prospects/ISOVER
[2026-06-08 14:48:43] [SUCCESS] Permission appliquée: User 01 [write] -> Drive ECHOLINE/05-Sales/A-Prospects/ISOVER
[2026-06-08 14:48:43] [WARN] Erreur résolution 'test': Le serveur distant a retourné une erreur : (403) Interdit.
[2026-06-08 14:48:43] [WARN] Impossible de résoudre 'test' dans le tenant destination - permission ignorée
[2026-06-08 14:48:43] [WARN] Erreur permission Equipe INFRA [owner] sur Drive ECHOLINE/05-Sales/A-Prospects/ISOVER: Le serveur distant a retourné une erreur : (400) Demande incorrecte.
[2026-06-08 14:48:43] [WARN] Pas de mappage pour: SERVICES_GENERAUX - Membres () - permission ignorée sur Drive ECHOLINE/05-Sales/A-Prospects/ISOVER
[2026-06-08 14:48:43] [INFO] Traitement: /Drive ECHOLINE/05-Sales/A-Prospects/KARINE JEFF/ (6 permission(s))
[2026-06-08 14:48:43] [INFO] === COPIE REELLE: Drive ECHOLINE/05-Sales/A-Prospects/KARINE JEFF ===
[2026-06-08 14:48:44] [SUCCESS] Dossier cree: Drive ECHOLINE/05-Sales/A-Prospects/KARINE JEFF
[2026-06-08 14:48:44] [WARN] Erreur permission Equipe INFRA [owner] sur Drive ECHOLINE/05-Sales/A-Prospects/KARINE JEFF: Le serveur distant a retourné une erreur : (400) Demande incorrecte.
[2026-06-08 14:48:44] [SUCCESS] Permission appliquée: User 01 [write] -> Drive ECHOLINE/05-Sales/A-Prospects/KARINE JEFF
[2026-06-08 14:48:44] [WARN] Pas de mappage pour: SERVICES_GENERAUX - Membres () - permission ignorée sur Drive ECHOLINE/05-Sales/A-Prospects/KARINE JEFF
[2026-06-08 14:48:44] [WARN] Pas de mappage pour: SERVICES_GENERAUX - Visiteurs () - permission ignorée sur Drive ECHOLINE/05-Sales/A-Prospects/KARINE JEFF
[2026-06-08 14:48:44] [WARN] Pas de mappage pour: Propriétaires de SERVICES_GENERAUX () - permission ignorée sur Drive ECHOLINE/05-Sales/A-Prospects/KARINE JEFF
[2026-06-08 14:48:44] [WARN] Erreur résolution 'test': Le serveur distant a retourné une erreur : (403) Interdit.
[2026-06-08 14:48:44] [WARN] Impossible de résoudre 'test' dans le tenant destination - permission ignorée
[2026-06-08 14:48:44] [INFO] Traitement: /Drive ECHOLINE/05-Sales/A-Prospects/KEM ONE/ (6 permission(s))
[2026-06-08 14:48:44] [INFO] === COPIE REELLE: Drive ECHOLINE/05-Sales/A-Prospects/KEM ONE ===
[2026-06-08 14:48:45] [SUCCESS] Dossier cree: Drive ECHOLINE/05-Sales/A-Prospects/KEM ONE
[2026-06-08 14:48:46] [SUCCESS] Permission appliquée: User 01 [write] -> Drive ECHOLINE/05-Sales/A-Prospects/KEM ONE
[2026-06-08 14:48:46] [WARN] Pas de mappage pour: Propriétaires de SERVICES_GENERAUX () - permission ignorée sur Drive ECHOLINE/05-Sales/A-Prospects/KEM ONE
[2026-06-08 14:48:46] [WARN] Pas de mappage pour: SERVICES_GENERAUX - Visiteurs () - permission ignorée sur Drive ECHOLINE/05-Sales/A-Prospects/KEM ONE
[2026-06-08 14:48:46] [WARN] Pas de mappage pour: SERVICES_GENERAUX - Membres () - permission ignorée sur Drive ECHOLINE/05-Sales/A-Prospects/KEM ONE
[2026-06-08 14:48:46] [WARN] Erreur permission Equipe INFRA [owner] sur Drive ECHOLINE/05-Sales/A-Prospects/KEM ONE: Le serveur distant a retourné une erreur : (400) Demande incorrecte.
[2026-06-08 14:48:46] [WARN] Erreur résolution 'test': Le serveur distant a retourné une erreur : (403) Interdit.
[2026-06-08 14:48:46] [WARN] Impossible de résoudre 'test' dans le tenant destination - permission ignorée
[2026-06-08 14:48:46] [INFO] Traitement: /Drive ECHOLINE/05-Sales/A-Prospects/LDMI/ (6 permission(s))
[2026-06-08 14:48:46] [INFO] === COPIE REELLE: Drive ECHOLINE/05-Sales/A-Prospects/LDMI ===
[2026-06-08 14:48:47] [SUCCESS] Dossier cree: Drive ECHOLINE/05-Sales/A-Prospects/LDMI
[2026-06-08 14:48:47] [WARN] Erreur résolution 'test': Le serveur distant a retourné une erreur : (403) Interdit.
[2026-06-08 14:48:47] [WARN] Impossible de résoudre 'test' dans le tenant destination - permission ignorée
[2026-06-08 14:48:47] [WARN] Pas de mappage pour: Propriétaires de SERVICES_GENERAUX () - permission ignorée sur Drive ECHOLINE/05-Sales/A-Prospects/LDMI
[2026-06-08 14:48:48] [WARN] Erreur permission Equipe INFRA [owner] sur Drive ECHOLINE/05-Sales/A-Prospects/LDMI: Le serveur distant a retourné une erreur : (400) Demande incorrecte.
[2026-06-08 14:48:48] [WARN] Pas de mappage pour: SERVICES_GENERAUX - Visiteurs () - permission ignorée sur Drive ECHOLINE/05-Sales/A-Prospects/LDMI
[2026-06-08 14:48:48] [WARN] Pas de mappage pour: SERVICES_GENERAUX - Membres () - permission ignorée sur Drive ECHOLINE/05-Sales/A-Prospects/LDMI
[2026-06-08 14:48:48] [SUCCESS] Permission appliquée: User 01 [write] -> Drive ECHOLINE/05-Sales/A-Prospects/LDMI
[2026-06-08 14:48:48] [INFO] Traitement: /Drive ECHOLINE/05-Sales/A-Prospects/LEZSAISONS/ (6 permission(s))
[2026-06-08 14:48:48] [INFO] === COPIE REELLE: Drive ECHOLINE/05-Sales/A-Prospects/LEZSAISONS ===
[2026-06-08 14:48:49] [SUCCESS] Dossier cree: Drive ECHOLINE/05-Sales/A-Prospects/LEZSAISONS
[2026-06-08 14:48:49] [WARN] Erreur résolution 'test': Le serveur distant a retourné une erreur : (403) Interdit.
[2026-06-08 14:48:49] [WARN] Impossible de résoudre 'test' dans le tenant destination - permission ignorée
[2026-06-08 14:48:49] [WARN] Erreur permission Equipe INFRA [owner] sur Drive ECHOLINE/05-Sales/A-Prospects/LEZSAISONS: Le serveur distant a retourné une erreur : (400) Demande incorrecte.
[2026-06-08 14:48:50] [SUCCESS] Permission appliquée: User 01 [write] -> Drive ECHOLINE/05-Sales/A-Prospects/LEZSAISONS
[2026-06-08 14:48:50] [WARN] Pas de mappage pour: SERVICES_GENERAUX - Membres () - permission ignorée sur Drive ECHOLINE/05-Sales/A-Prospects/LEZSAISONS
[2026-06-08 14:48:50] [WARN] Pas de mappage pour: SERVICES_GENERAUX - Visiteurs () - permission ignorée sur Drive ECHOLINE/05-Sales/A-Prospects/LEZSAISONS
[2026-06-08 14:48:50] [WARN] Pas de mappage pour: Propriétaires de SERVICES_GENERAUX () - permission ignorée sur Drive ECHOLINE/05-Sales/A-Prospects/LEZSAISONS
[2026-06-08 14:48:50] [INFO] Traitement: /Drive ECHOLINE/05-Sales/A-Prospects/MADIC GROUP/ (6 permission(s))
[2026-06-08 14:48:50] [INFO] === COPIE REELLE: Drive ECHOLINE/05-Sales/A-Prospects/MADIC GROUP ===
[2026-06-08 14:48:51] [SUCCESS] Dossier cree: Drive ECHOLINE/05-Sales/A-Prospects/MADIC GROUP
[2026-06-08 14:48:51] [WARN] Erreur permission Equipe INFRA [owner] sur Drive ECHOLINE/05-Sales/A-Prospects/MADIC GROUP: Le serveur distant a retourné une erreur : (400) Demande incorrecte.
[2026-06-08 14:48:51] [WARN] Pas de mappage pour: Propriétaires de SERVICES_GENERAUX () - permission ignorée sur Drive ECHOLINE/05-Sales/A-Prospects/MADIC GROUP
[2026-06-08 14:48:51] [WARN] Pas de mappage pour: SERVICES_GENERAUX - Visiteurs () - permission ignorée sur Drive ECHOLINE/05-Sales/A-Prospects/MADIC GROUP
[2026-06-08 14:48:51] [WARN] Pas de mappage pour: SERVICES_GENERAUX - Membres () - permission ignorée sur Drive ECHOLINE/05-Sales/A-Prospects/MADIC GROUP
[2026-06-08 14:48:51] [SUCCESS] Permission appliquée: User 01 [write] -> Drive ECHOLINE/05-Sales/A-Prospects/MADIC GROUP
[2026-06-08 14:48:51] [WARN] Erreur résolution 'test': Le serveur distant a retourné une erreur : (403) Interdit.
[2026-06-08 14:48:51] [WARN] Impossible de résoudre 'test' dans le tenant destination - permission ignorée
[2026-06-08 14:48:51] [INFO] Traitement: /Drive ECHOLINE/05-Sales/A-Prospects/MARSEILLE TOURISME/ (6 permission(s))
[2026-06-08 14:48:51] [INFO] === COPIE REELLE: Drive ECHOLINE/05-Sales/A-Prospects/MARSEILLE TOURISME ===
[2026-06-08 14:48:52] [SUCCESS] Dossier cree: Drive ECHOLINE/05-Sales/A-Prospects/MARSEILLE TOURISME
[2026-06-08 14:48:53] [WARN] Erreur résolution 'test': Le serveur distant a retourné une erreur : (403) Interdit.
[2026-06-08 14:48:53] [WARN] Impossible de résoudre 'test' dans le tenant destination - permission ignorée
[2026-06-08 14:48:53] [WARN] Pas de mappage pour: Propriétaires de SERVICES_GENERAUX () - permission ignorée sur Drive ECHOLINE/05-Sales/A-Prospects/MARSEILLE TOURISME
[2026-06-08 14:48:53] [WARN] Pas de mappage pour: SERVICES_GENERAUX - Visiteurs () - permission ignorée sur Drive ECHOLINE/05-Sales/A-Prospects/MARSEILLE TOURISME
[2026-06-08 14:48:53] [WARN] Pas de mappage pour: SERVICES_GENERAUX - Membres () - permission ignorée sur Drive ECHOLINE/05-Sales/A-Prospects/MARSEILLE TOURISME
[2026-06-08 14:48:53] [WARN] Erreur permission Equipe INFRA [owner] sur Drive ECHOLINE/05-Sales/A-Prospects/MARSEILLE TOURISME: Le serveur distant a retourné une erreur : (400) Demande incorrecte.
[2026-06-08 14:48:53] [SUCCESS] Permission appliquée: User 01 [write] -> Drive ECHOLINE/05-Sales/A-Prospects/MARSEILLE TOURISME
[2026-06-08 14:48:53] [INFO] Traitement: /Drive ECHOLINE/05-Sales/A-Prospects/MATMOND/ (6 permission(s))
[2026-06-08 14:48:53] [INFO] === COPIE REELLE: Drive ECHOLINE/05-Sales/A-Prospects/MATMOND ===
[2026-06-08 14:48:54] [SUCCESS] Dossier cree: Drive ECHOLINE/05-Sales/A-Prospects/MATMOND
[2026-06-08 14:48:54] [WARN] Pas de mappage pour: Propriétaires de SERVICES_GENERAUX () - permission ignorée sur Drive ECHOLINE/05-Sales/A-Prospects/MATMOND
[2026-06-08 14:48:54] [WARN] Erreur résolution 'test': Le serveur distant a retourné une erreur : (403) Interdit.
[2026-06-08 14:48:54] [WARN] Impossible de résoudre 'test' dans le tenant destination - permission ignorée
[2026-06-08 14:48:54] [WARN] Erreur permission Equipe INFRA [owner] sur Drive ECHOLINE/05-Sales/A-Prospects/MATMOND: Le serveur distant a retourné une erreur : (400) Demande incorrecte.
[2026-06-08 14:48:55] [SUCCESS] Permission appliquée: User 01 [write] -> Drive ECHOLINE/05-Sales/A-Prospects/MATMOND
[2026-06-08 14:48:55] [WARN] Pas de mappage pour: SERVICES_GENERAUX - Membres () - permission ignorée sur Drive ECHOLINE/05-Sales/A-Prospects/MATMOND
[2026-06-08 14:48:55] [WARN] Pas de mappage pour: SERVICES_GENERAUX - Visiteurs () - permission ignorée sur Drive ECHOLINE/05-Sales/A-Prospects/MATMOND
[2026-06-08 14:48:55] [INFO] Traitement: /Drive ECHOLINE/05-Sales/A-Prospects/MEDINCELL/ (6 permission(s))
[2026-06-08 14:48:55] [INFO] === COPIE REELLE: Drive ECHOLINE/05-Sales/A-Prospects/MEDINCELL ===
[2026-06-08 14:48:56] [SUCCESS] Dossier cree: Drive ECHOLINE/05-Sales/A-Prospects/MEDINCELL
[2026-06-08 14:48:56] [WARN] Pas de mappage pour: Propriétaires de SERVICES_GENERAUX () - permission ignorée sur Drive ECHOLINE/05-Sales/A-Prospects/MEDINCELL
[2026-06-08 14:48:56] [WARN] Pas de mappage pour: SERVICES_GENERAUX - Membres () - permission ignorée sur Drive ECHOLINE/05-Sales/A-Prospects/MEDINCELL
[2026-06-08 14:48:56] [WARN] Erreur permission Equipe INFRA [owner] sur Drive ECHOLINE/05-Sales/A-Prospects/MEDINCELL: Le serveur distant a retourné une erreur : (400) Demande incorrecte.
[2026-06-08 14:48:56] [WARN] Erreur résolution 'test': Le serveur distant a retourné une erreur : (403) Interdit.
[2026-06-08 14:48:56] [WARN] Impossible de résoudre 'test' dans le tenant destination - permission ignorée
[2026-06-08 14:48:56] [WARN] Pas de mappage pour: SERVICES_GENERAUX - Visiteurs () - permission ignorée sur Drive ECHOLINE/05-Sales/A-Prospects/MEDINCELL
[2026-06-08 14:48:56] [SUCCESS] Permission appliquée: User 01 [write] -> Drive ECHOLINE/05-Sales/A-Prospects/MEDINCELL
[2026-06-08 14:48:56] [INFO] Traitement: /Drive ECHOLINE/05-Sales/A-Prospects/MOY PARK BEEF/ (6 permission(s))
[2026-06-08 14:48:56] [INFO] === COPIE REELLE: Drive ECHOLINE/05-Sales/A-Prospects/MOY PARK BEEF ===
[2026-06-08 14:48:57] [SUCCESS] Dossier cree: Drive ECHOLINE/05-Sales/A-Prospects/MOY PARK BEEF
[2026-06-08 14:48:58] [WARN] Erreur résolution 'test': Le serveur distant a retourné une erreur : (403) Interdit.
[2026-06-08 14:48:58] [WARN] Impossible de résoudre 'test' dans le tenant destination - permission ignorée
[2026-06-08 14:48:58] [WARN] Erreur permission Equipe INFRA [owner] sur Drive ECHOLINE/05-Sales/A-Prospects/MOY PARK BEEF: Le serveur distant a retourné une erreur : (400) Demande incorrecte.
[2026-06-08 14:48:58] [SUCCESS] Permission appliquée: User 01 [write] -> Drive ECHOLINE/05-Sales/A-Prospects/MOY PARK BEEF
[2026-06-08 14:48:58] [WARN] Pas de mappage pour: SERVICES_GENERAUX - Membres () - permission ignorée sur Drive ECHOLINE/05-Sales/A-Prospects/MOY PARK BEEF
[2026-06-08 14:48:58] [WARN] Pas de mappage pour: SERVICES_GENERAUX - Visiteurs () - permission ignorée sur Drive ECHOLINE/05-Sales/A-Prospects/MOY PARK BEEF
[2026-06-08 14:48:58] [WARN] Pas de mappage pour: Propriétaires de SERVICES_GENERAUX () - permission ignorée sur Drive ECHOLINE/05-Sales/A-Prospects/MOY PARK BEEF
[2026-06-08 14:48:58] [INFO] Traitement: /Drive ECHOLINE/05-Sales/A-Prospects/NOCIBÉ/ (6 permission(s))
[2026-06-08 14:48:58] [INFO] === COPIE REELLE: Drive ECHOLINE/05-Sales/A-Prospects/NOCIBÉ ===
[2026-06-08 14:48:59] [ERROR] Erreur copie: Le serveur distant a retourné une erreur : (400) Demande incorrecte.
[2026-06-08 14:49:00] [WARN] Impossible de récupérer l'item destination pour les droits: Drive ECHOLINE/05-Sales/A-Prospects/NOCIBÉ - Le serveur distant a retourné une erreur : (404) Introuvable.
[2026-06-08 14:49:00] [INFO] Traitement: /Drive ECHOLINE/05-Sales/A-Prospects/NORSKE SKOG/ (6 permission(s))
[2026-06-08 14:49:00] [INFO] === COPIE REELLE: Drive ECHOLINE/05-Sales/A-Prospects/NORSKE SKOG ===
[2026-06-08 14:49:01] [SUCCESS] Dossier cree: Drive ECHOLINE/05-Sales/A-Prospects/NORSKE SKOG
[2026-06-08 14:49:01] [WARN] Erreur résolution 'test': Le serveur distant a retourné une erreur : (403) Interdit.
[2026-06-08 14:49:01] [WARN] Impossible de résoudre 'test' dans le tenant destination - permission ignorée
[2026-06-08 14:49:01] [WARN] Pas de mappage pour: Propriétaires de SERVICES_GENERAUX () - permission ignorée sur Drive ECHOLINE/05-Sales/A-Prospects/NORSKE SKOG
[2026-06-08 14:49:01] [WARN] Erreur permission Equipe INFRA [owner] sur Drive ECHOLINE/05-Sales/A-Prospects/NORSKE SKOG: Le serveur distant a retourné une erreur : (400) Demande incorrecte.
[2026-06-08 14:49:01] [WARN] Pas de mappage pour: SERVICES_GENERAUX - Visiteurs () - permission ignorée sur Drive ECHOLINE/05-Sales/A-Prospects/NORSKE SKOG
[2026-06-08 14:49:01] [WARN] Pas de mappage pour: SERVICES_GENERAUX - Membres () - permission ignorée sur Drive ECHOLINE/05-Sales/A-Prospects/NORSKE SKOG
[2026-06-08 14:49:01] [SUCCESS] Permission appliquée: User 01 [write] -> Drive ECHOLINE/05-Sales/A-Prospects/NORSKE SKOG
[2026-06-08 14:49:01] [INFO] Traitement: /Drive ECHOLINE/05-Sales/A-Prospects/NUMTECH/ (6 permission(s))
[2026-06-08 14:49:01] [INFO] === COPIE REELLE: Drive ECHOLINE/05-Sales/A-Prospects/NUMTECH ===
[2026-06-08 14:49:02] [SUCCESS] Dossier cree: Drive ECHOLINE/05-Sales/A-Prospects/NUMTECH
[2026-06-08 14:49:03] [WARN] Erreur résolution 'test': Le serveur distant a retourné une erreur : (403) Interdit.
[2026-06-08 14:49:03] [WARN] Impossible de résoudre 'test' dans le tenant destination - permission ignorée
[2026-06-08 14:49:03] [WARN] Erreur permission Equipe INFRA [owner] sur Drive ECHOLINE/05-Sales/A-Prospects/NUMTECH: Le serveur distant a retourné une erreur : (400) Demande incorrecte.
[2026-06-08 14:49:03] [SUCCESS] Permission appliquée: User 01 [write] -> Drive ECHOLINE/05-Sales/A-Prospects/NUMTECH
[2026-06-08 14:49:03] [WARN] Pas de mappage pour: SERVICES_GENERAUX - Membres () - permission ignorée sur Drive ECHOLINE/05-Sales/A-Prospects/NUMTECH
[2026-06-08 14:49:03] [WARN] Pas de mappage pour: SERVICES_GENERAUX - Visiteurs () - permission ignorée sur Drive ECHOLINE/05-Sales/A-Prospects/NUMTECH
[2026-06-08 14:49:03] [WARN] Pas de mappage pour: Propriétaires de SERVICES_GENERAUX () - permission ignorée sur Drive ECHOLINE/05-Sales/A-Prospects/NUMTECH
[2026-06-08 14:49:03] [INFO] Traitement: /Drive ECHOLINE/05-Sales/A-Prospects/OMNOVA SOLUTIONS/ (6 permission(s))
[2026-06-08 14:49:03] [INFO] === COPIE REELLE: Drive ECHOLINE/05-Sales/A-Prospects/OMNOVA SOLUTIONS ===
[2026-06-08 14:49:04] [SUCCESS] Dossier cree: Drive ECHOLINE/05-Sales/A-Prospects/OMNOVA SOLUTIONS
[2026-06-08 14:49:05] [WARN] Erreur permission Equipe INFRA [owner] sur Drive ECHOLINE/05-Sales/A-Prospects/OMNOVA SOLUTIONS: Le serveur distant a retourné une erreur : (400) Demande incorrecte.
[2026-06-08 14:49:05] [WARN] Pas de mappage pour: Propriétaires de SERVICES_GENERAUX () - permission ignorée sur Drive ECHOLINE/05-Sales/A-Prospects/OMNOVA SOLUTIONS
[2026-06-08 14:49:05] [WARN] Pas de mappage pour: SERVICES_GENERAUX - Visiteurs () - permission ignorée sur Drive ECHOLINE/05-Sales/A-Prospects/OMNOVA SOLUTIONS
[2026-06-08 14:49:05] [WARN] Pas de mappage pour: SERVICES_GENERAUX - Membres () - permission ignorée sur Drive ECHOLINE/05-Sales/A-Prospects/OMNOVA SOLUTIONS
[2026-06-08 14:49:05] [SUCCESS] Permission appliquée: User 01 [write] -> Drive ECHOLINE/05-Sales/A-Prospects/OMNOVA SOLUTIONS
[2026-06-08 14:49:05] [WARN] Erreur résolution 'test': Le serveur distant a retourné une erreur : (403) Interdit.
[2026-06-08 14:49:05] [WARN] Impossible de résoudre 'test' dans le tenant destination - permission ignorée
[2026-06-08 14:49:05] [INFO] Traitement: /Drive ECHOLINE/05-Sales/A-Prospects/OPTIQUE RICHARD/ (6 permission(s))
[2026-06-08 14:49:05] [INFO] === COPIE REELLE: Drive ECHOLINE/05-Sales/A-Prospects/OPTIQUE RICHARD ===
[2026-06-08 14:49:06] [SUCCESS] Dossier cree: Drive ECHOLINE/05-Sales/A-Prospects/OPTIQUE RICHARD
[2026-06-08 14:49:06] [WARN] Erreur résolution 'test': Le serveur distant a retourné une erreur : (403) Interdit.
[2026-06-08 14:49:06] [WARN] Impossible de résoudre 'test' dans le tenant destination - permission ignorée
[2026-06-08 14:49:06] [WARN] Pas de mappage pour: Propriétaires de SERVICES_GENERAUX () - permission ignorée sur Drive ECHOLINE/05-Sales/A-Prospects/OPTIQUE RICHARD
[2026-06-08 14:49:06] [WARN] Pas de mappage pour: SERVICES_GENERAUX - Visiteurs () - permission ignorée sur Drive ECHOLINE/05-Sales/A-Prospects/OPTIQUE RICHARD
[2026-06-08 14:49:07] [WARN] Pas de mappage pour: SERVICES_GENERAUX - Membres () - permission ignorée sur Drive ECHOLINE/05-Sales/A-Prospects/OPTIQUE RICHARD
[2026-06-08 14:49:07] [WARN] Erreur permission Equipe INFRA [owner] sur Drive ECHOLINE/05-Sales/A-Prospects/OPTIQUE RICHARD: Le serveur distant a retourné une erreur : (400) Demande incorrecte.
[2026-06-08 14:49:07] [SUCCESS] Permission appliquée: User 01 [write] -> Drive ECHOLINE/05-Sales/A-Prospects/OPTIQUE RICHARD
[2026-06-08 14:49:07] [INFO] Traitement: /Drive ECHOLINE/05-Sales/A-Prospects/PETROINEOS/ (6 permission(s))
[2026-06-08 14:49:07] [INFO] === COPIE REELLE: Drive ECHOLINE/05-Sales/A-Prospects/PETROINEOS ===
[2026-06-08 14:49:08] [SUCCESS] Dossier cree: Drive ECHOLINE/05-Sales/A-Prospects/PETROINEOS
[2026-06-08 14:49:09] [WARN] Erreur résolution 'test': Le serveur distant a retourné une erreur : (403) Interdit.
[2026-06-08 14:49:09] [WARN] Impossible de résoudre 'test' dans le tenant destination - permission ignorée
[2026-06-08 14:49:09] [WARN] Erreur permission Equipe INFRA [owner] sur Drive ECHOLINE/05-Sales/A-Prospects/PETROINEOS: Le serveur distant a retourné une erreur : (400) Demande incorrecte.
[2026-06-08 14:49:09] [SUCCESS] Permission appliquée: User 01 [write] -> Drive ECHOLINE/05-Sales/A-Prospects/PETROINEOS
[2026-06-08 14:49:09] [WARN] Pas de mappage pour: SERVICES_GENERAUX - Membres () - permission ignorée sur Drive ECHOLINE/05-Sales/A-Prospects/PETROINEOS
[2026-06-08 14:49:09] [WARN] Pas de mappage pour: SERVICES_GENERAUX - Visiteurs () - permission ignorée sur Drive ECHOLINE/05-Sales/A-Prospects/PETROINEOS
[2026-06-08 14:49:09] [WARN] Pas de mappage pour: Propriétaires de SERVICES_GENERAUX () - permission ignorée sur Drive ECHOLINE/05-Sales/A-Prospects/PETROINEOS
[2026-06-08 14:49:09] [INFO] Traitement: /Drive ECHOLINE/05-Sales/A-Prospects/PROVEPHARM/ (6 permission(s))
[2026-06-08 14:49:09] [INFO] === COPIE REELLE: Drive ECHOLINE/05-Sales/A-Prospects/PROVEPHARM ===
[2026-06-08 14:49:10] [SUCCESS] Dossier cree: Drive ECHOLINE/05-Sales/A-Prospects/PROVEPHARM
[2026-06-08 14:49:10] [WARN] Erreur permission Equipe INFRA [owner] sur Drive ECHOLINE/05-Sales/A-Prospects/PROVEPHARM: Le serveur distant a retourné une erreur : (400) Demande incorrecte.
[2026-06-08 14:49:11] [SUCCESS] Permission appliquée: User 01 [write] -> Drive ECHOLINE/05-Sales/A-Prospects/PROVEPHARM
[2026-06-08 14:49:11] [WARN] Pas de mappage pour: SERVICES_GENERAUX - Membres () - permission ignorée sur Drive ECHOLINE/05-Sales/A-Prospects/PROVEPHARM
[2026-06-08 14:49:11] [WARN] Pas de mappage pour: Propriétaires de SERVICES_GENERAUX () - permission ignorée sur Drive ECHOLINE/05-Sales/A-Prospects/PROVEPHARM
[2026-06-08 14:49:11] [WARN] Pas de mappage pour: SERVICES_GENERAUX - Visiteurs () - permission ignorée sur Drive ECHOLINE/05-Sales/A-Prospects/PROVEPHARM
[2026-06-08 14:49:11] [WARN] Erreur résolution 'test': Le serveur distant a retourné une erreur : (403) Interdit.
[2026-06-08 14:49:11] [WARN] Impossible de résoudre 'test' dans le tenant destination - permission ignorée
[2026-06-08 14:49:11] [INFO] Traitement: /Drive ECHOLINE/05-Sales/A-Prospects/RÉGIE DES EAUX 3M/ (6 permission(s))
[2026-06-08 14:49:11] [INFO] === COPIE REELLE: Drive ECHOLINE/05-Sales/A-Prospects/RÉGIE DES EAUX 3M ===
[2026-06-08 14:49:12] [ERROR] Erreur copie: Le serveur distant a retourné une erreur : (400) Demande incorrecte.
[2026-06-08 14:49:12] [WARN] Impossible de récupérer l'item destination pour les droits: Drive ECHOLINE/05-Sales/A-Prospects/RÉGIE DES EAUX 3M - Le serveur distant a retourné une erreur : (404) Introuvable.
[2026-06-08 14:49:12] [INFO] Traitement: /Drive ECHOLINE/05-Sales/A-Prospects/SITPA NESTLÉ/ (6 permission(s))
[2026-06-08 14:49:12] [INFO] === COPIE REELLE: Drive ECHOLINE/05-Sales/A-Prospects/SITPA NESTLÉ ===
[2026-06-08 14:49:13] [ERROR] Erreur copie: Le serveur distant a retourné une erreur : (400) Demande incorrecte.
[2026-06-08 14:49:13] [WARN] Impossible de récupérer l'item destination pour les droits: Drive ECHOLINE/05-Sales/A-Prospects/SITPA NESTLÉ - Le serveur distant a retourné une erreur : (404) Introuvable.
[2026-06-08 14:49:13] [INFO] Traitement: /Drive ECHOLINE/05-Sales/A-Prospects/SKF/ (6 permission(s))
[2026-06-08 14:49:13] [INFO] === COPIE REELLE: Drive ECHOLINE/05-Sales/A-Prospects/SKF ===
[2026-06-08 14:49:14] [SUCCESS] Dossier cree: Drive ECHOLINE/05-Sales/A-Prospects/SKF
[2026-06-08 14:49:14] [WARN] Erreur résolution 'test': Le serveur distant a retourné une erreur : (403) Interdit.
[2026-06-08 14:49:14] [WARN] Impossible de résoudre 'test' dans le tenant destination - permission ignorée
[2026-06-08 14:49:15] [SUCCESS] Permission appliquée: User 01 [write] -> Drive ECHOLINE/05-Sales/A-Prospects/SKF
[2026-06-08 14:49:15] [WARN] Pas de mappage pour: SERVICES_GENERAUX - Membres () - permission ignorée sur Drive ECHOLINE/05-Sales/A-Prospects/SKF
[2026-06-08 14:49:15] [WARN] Pas de mappage pour: SERVICES_GENERAUX - Visiteurs () - permission ignorée sur Drive ECHOLINE/05-Sales/A-Prospects/SKF
[2026-06-08 14:49:15] [WARN] Pas de mappage pour: Propriétaires de SERVICES_GENERAUX () - permission ignorée sur Drive ECHOLINE/05-Sales/A-Prospects/SKF
[2026-06-08 14:49:15] [WARN] Erreur permission Equipe INFRA [owner] sur Drive ECHOLINE/05-Sales/A-Prospects/SKF: Le serveur distant a retourné une erreur : (400) Demande incorrecte.
[2026-06-08 14:49:15] [INFO] Traitement: /Drive ECHOLINE/05-Sales/A-Prospects/SOLARHONA/ (6 permission(s))
[2026-06-08 14:49:15] [INFO] === COPIE REELLE: Drive ECHOLINE/05-Sales/A-Prospects/SOLARHONA ===
[2026-06-08 14:49:16] [SUCCESS] Dossier cree: Drive ECHOLINE/05-Sales/A-Prospects/SOLARHONA
[2026-06-08 14:49:16] [WARN] Pas de mappage pour: SERVICES_GENERAUX - Visiteurs () - permission ignorée sur Drive ECHOLINE/05-Sales/A-Prospects/SOLARHONA
[2026-06-08 14:49:16] [WARN] Pas de mappage pour: Propriétaires de SERVICES_GENERAUX () - permission ignorée sur Drive ECHOLINE/05-Sales/A-Prospects/SOLARHONA
[2026-06-08 14:49:16] [WARN] Pas de mappage pour: SERVICES_GENERAUX - Membres () - permission ignorée sur Drive ECHOLINE/05-Sales/A-Prospects/SOLARHONA
[2026-06-08 14:49:16] [WARN] Erreur résolution 'test': Le serveur distant a retourné une erreur : (403) Interdit.
[2026-06-08 14:49:16] [WARN] Impossible de résoudre 'test' dans le tenant destination - permission ignorée
[2026-06-08 14:49:16] [WARN] Erreur permission Equipe INFRA [owner] sur Drive ECHOLINE/05-Sales/A-Prospects/SOLARHONA: Le serveur distant a retourné une erreur : (400) Demande incorrecte.
[2026-06-08 14:49:16] [SUCCESS] Permission appliquée: User 01 [write] -> Drive ECHOLINE/05-Sales/A-Prospects/SOLARHONA
[2026-06-08 14:49:16] [INFO] Traitement: /Drive ECHOLINE/05-Sales/A-Prospects/SPIRIT AEROSYSTEMS/ (6 permission(s))
[2026-06-08 14:49:16] [INFO] === COPIE REELLE: Drive ECHOLINE/05-Sales/A-Prospects/SPIRIT AEROSYSTEMS ===
[2026-06-08 14:49:17] [SUCCESS] Dossier cree: Drive ECHOLINE/05-Sales/A-Prospects/SPIRIT AEROSYSTEMS
[2026-06-08 14:49:18] [WARN] Erreur résolution 'test': Le serveur distant a retourné une erreur : (403) Interdit.
[2026-06-08 14:49:18] [WARN] Impossible de résoudre 'test' dans le tenant destination - permission ignorée
[2026-06-08 14:49:18] [WARN] Erreur permission Equipe INFRA [owner] sur Drive ECHOLINE/05-Sales/A-Prospects/SPIRIT AEROSYSTEMS: Le serveur distant a retourné une erreur : (400) Demande incorrecte.
[2026-06-08 14:49:18] [SUCCESS] Permission appliquée: User 01 [write] -> Drive ECHOLINE/05-Sales/A-Prospects/SPIRIT AEROSYSTEMS
[2026-06-08 14:49:18] [WARN] Pas de mappage pour: SERVICES_GENERAUX - Membres () - permission ignorée sur Drive ECHOLINE/05-Sales/A-Prospects/SPIRIT AEROSYSTEMS
[2026-06-08 14:49:18] [WARN] Pas de mappage pour: SERVICES_GENERAUX - Visiteurs () - permission ignorée sur Drive ECHOLINE/05-Sales/A-Prospects/SPIRIT AEROSYSTEMS
[2026-06-08 14:49:18] [WARN] Pas de mappage pour: Propriétaires de SERVICES_GENERAUX () - permission ignorée sur Drive ECHOLINE/05-Sales/A-Prospects/SPIRIT AEROSYSTEMS
[2026-06-08 14:49:18] [INFO] Traitement: /Drive ECHOLINE/05-Sales/A-Prospects/SUEZ/ (6 permission(s))
[2026-06-08 14:49:18] [INFO] === COPIE REELLE: Drive ECHOLINE/05-Sales/A-Prospects/SUEZ ===
[2026-06-08 14:49:19] [SUCCESS] Dossier cree: Drive ECHOLINE/05-Sales/A-Prospects/SUEZ
[2026-06-08 14:49:19] [WARN] Pas de mappage pour: SERVICES_GENERAUX - Visiteurs () - permission ignorée sur Drive ECHOLINE/05-Sales/A-Prospects/SUEZ
[2026-06-08 14:49:19] [SUCCESS] Permission appliquée: User 01 [write] -> Drive ECHOLINE/05-Sales/A-Prospects/SUEZ
[2026-06-08 14:49:20] [WARN] Erreur permission Equipe INFRA [owner] sur Drive ECHOLINE/05-Sales/A-Prospects/SUEZ: Le serveur distant a retourné une erreur : (400) Demande incorrecte.
[2026-06-08 14:49:20] [WARN] Erreur résolution 'test': Le serveur distant a retourné une erreur : (403) Interdit.
[2026-06-08 14:49:20] [WARN] Impossible de résoudre 'test' dans le tenant destination - permission ignorée
[2026-06-08 14:49:20] [WARN] Pas de mappage pour: Propriétaires de SERVICES_GENERAUX () - permission ignorée sur Drive ECHOLINE/05-Sales/A-Prospects/SUEZ
[2026-06-08 14:49:20] [WARN] Pas de mappage pour: SERVICES_GENERAUX - Membres () - permission ignorée sur Drive ECHOLINE/05-Sales/A-Prospects/SUEZ
[2026-06-08 14:49:20] [INFO] Traitement: /Drive ECHOLINE/05-Sales/A-Prospects/SUPERGROUP/ (6 permission(s))
[2026-06-08 14:49:20] [INFO] === COPIE REELLE: Drive ECHOLINE/05-Sales/A-Prospects/SUPERGROUP ===
[2026-06-08 14:49:21] [SUCCESS] Dossier cree: Drive ECHOLINE/05-Sales/A-Prospects/SUPERGROUP
[2026-06-08 14:49:21] [WARN] Erreur résolution 'test': Le serveur distant a retourné une erreur : (403) Interdit.
[2026-06-08 14:49:21] [WARN] Impossible de résoudre 'test' dans le tenant destination - permission ignorée
[2026-06-08 14:49:21] [WARN] Pas de mappage pour: Propriétaires de SERVICES_GENERAUX () - permission ignorée sur Drive ECHOLINE/05-Sales/A-Prospects/SUPERGROUP
[2026-06-08 14:49:21] [WARN] Pas de mappage pour: SERVICES_GENERAUX - Visiteurs () - permission ignorée sur Drive ECHOLINE/05-Sales/A-Prospects/SUPERGROUP
[2026-06-08 14:49:21] [WARN] Pas de mappage pour: SERVICES_GENERAUX - Membres () - permission ignorée sur Drive ECHOLINE/05-Sales/A-Prospects/SUPERGROUP
[2026-06-08 14:49:21] [SUCCESS] Permission appliquée: User 01 [write] -> Drive ECHOLINE/05-Sales/A-Prospects/SUPERGROUP
[2026-06-08 14:49:21] [WARN] Erreur permission Equipe INFRA [owner] sur Drive ECHOLINE/05-Sales/A-Prospects/SUPERGROUP: Le serveur distant a retourné une erreur : (400) Demande incorrecte.
[2026-06-08 14:49:21] [INFO] Traitement: /Drive ECHOLINE/05-Sales/A-Prospects/THIEVIN/ (6 permission(s))
[2026-06-08 14:49:21] [INFO] === COPIE REELLE: Drive ECHOLINE/05-Sales/A-Prospects/THIEVIN ===
[2026-06-08 14:49:22] [SUCCESS] Dossier cree: Drive ECHOLINE/05-Sales/A-Prospects/THIEVIN
[2026-06-08 14:49:23] [WARN] Pas de mappage pour: Propriétaires de SERVICES_GENERAUX () - permission ignorée sur Drive ECHOLINE/05-Sales/A-Prospects/THIEVIN
[2026-06-08 14:49:23] [WARN] Pas de mappage pour: SERVICES_GENERAUX - Visiteurs () - permission ignorée sur Drive ECHOLINE/05-Sales/A-Prospects/THIEVIN
[2026-06-08 14:49:23] [WARN] Erreur permission Equipe INFRA [owner] sur Drive ECHOLINE/05-Sales/A-Prospects/THIEVIN: Le serveur distant a retourné une erreur : (400) Demande incorrecte.
[2026-06-08 14:49:23] [WARN] Pas de mappage pour: SERVICES_GENERAUX - Membres () - permission ignorée sur Drive ECHOLINE/05-Sales/A-Prospects/THIEVIN
[2026-06-08 14:49:23] [SUCCESS] Permission appliquée: User 01 [write] -> Drive ECHOLINE/05-Sales/A-Prospects/THIEVIN
[2026-06-08 14:49:23] [WARN] Erreur résolution 'test': Le serveur distant a retourné une erreur : (403) Interdit.
[2026-06-08 14:49:23] [WARN] Impossible de résoudre 'test' dans le tenant destination - permission ignorée
[2026-06-08 14:49:23] [INFO] Traitement: /Drive ECHOLINE/05-Sales/A-Prospects/TMP CONVERT/ (6 permission(s))
[2026-06-08 14:49:23] [INFO] === COPIE REELLE: Drive ECHOLINE/05-Sales/A-Prospects/TMP CONVERT ===
[2026-06-08 14:49:24] [SUCCESS] Dossier cree: Drive ECHOLINE/05-Sales/A-Prospects/TMP CONVERT
[2026-06-08 14:49:24] [WARN] Erreur résolution 'test': Le serveur distant a retourné une erreur : (403) Interdit.
[2026-06-08 14:49:24] [WARN] Impossible de résoudre 'test' dans le tenant destination - permission ignorée
[2026-06-08 14:49:24] [WARN] Erreur permission Equipe INFRA [owner] sur Drive ECHOLINE/05-Sales/A-Prospects/TMP CONVERT: Le serveur distant a retourné une erreur : (400) Demande incorrecte.
[2026-06-08 14:49:25] [SUCCESS] Permission appliquée: User 01 [write] -> Drive ECHOLINE/05-Sales/A-Prospects/TMP CONVERT
[2026-06-08 14:49:25] [WARN] Pas de mappage pour: SERVICES_GENERAUX - Membres () - permission ignorée sur Drive ECHOLINE/05-Sales/A-Prospects/TMP CONVERT
[2026-06-08 14:49:25] [WARN] Pas de mappage pour: SERVICES_GENERAUX - Visiteurs () - permission ignorée sur Drive ECHOLINE/05-Sales/A-Prospects/TMP CONVERT
[2026-06-08 14:49:25] [WARN] Pas de mappage pour: Propriétaires de SERVICES_GENERAUX () - permission ignorée sur Drive ECHOLINE/05-Sales/A-Prospects/TMP CONVERT
[2026-06-08 14:49:25] [INFO] Traitement: /Drive ECHOLINE/05-Sales/A-Prospects/TOPIVO/ (6 permission(s))
[2026-06-08 14:49:25] [INFO] === COPIE REELLE: Drive ECHOLINE/05-Sales/A-Prospects/TOPIVO ===
[2026-06-08 14:49:26] [SUCCESS] Dossier cree: Drive ECHOLINE/05-Sales/A-Prospects/TOPIVO
[2026-06-08 14:49:26] [WARN] Pas de mappage pour: Propriétaires de SERVICES_GENERAUX () - permission ignorée sur Drive ECHOLINE/05-Sales/A-Prospects/TOPIVO
[2026-06-08 14:49:26] [WARN] Pas de mappage pour: SERVICES_GENERAUX - Visiteurs () - permission ignorée sur Drive ECHOLINE/05-Sales/A-Prospects/TOPIVO
[2026-06-08 14:49:26] [WARN] Pas de mappage pour: SERVICES_GENERAUX - Membres () - permission ignorée sur Drive ECHOLINE/05-Sales/A-Prospects/TOPIVO
[2026-06-08 14:49:26] [SUCCESS] Permission appliquée: User 01 [write] -> Drive ECHOLINE/05-Sales/A-Prospects/TOPIVO
[2026-06-08 14:49:26] [WARN] Erreur permission Equipe INFRA [owner] sur Drive ECHOLINE/05-Sales/A-Prospects/TOPIVO: Le serveur distant a retourné une erreur : (400) Demande incorrecte.
[2026-06-08 14:49:26] [WARN] Erreur résolution 'test': Le serveur distant a retourné une erreur : (403) Interdit.
[2026-06-08 14:49:26] [WARN] Impossible de résoudre 'test' dans le tenant destination - permission ignorée
[2026-06-08 14:49:26] [INFO] Traitement: /Drive ECHOLINE/05-Sales/A-Prospects/URBYN/ (6 permission(s))
[2026-06-08 14:49:26] [INFO] === COPIE REELLE: Drive ECHOLINE/05-Sales/A-Prospects/URBYN ===
[2026-06-08 14:49:27] [SUCCESS] Dossier cree: Drive ECHOLINE/05-Sales/A-Prospects/URBYN
[2026-06-08 14:49:28] [WARN] Erreur résolution 'test': Le serveur distant a retourné une erreur : (403) Interdit.
[2026-06-08 14:49:28] [WARN] Impossible de résoudre 'test' dans le tenant destination - permission ignorée
[2026-06-08 14:49:28] [WARN] Pas de mappage pour: SERVICES_GENERAUX - Visiteurs () - permission ignorée sur Drive ECHOLINE/05-Sales/A-Prospects/URBYN
[2026-06-08 14:49:28] [WARN] Pas de mappage pour: SERVICES_GENERAUX - Membres () - permission ignorée sur Drive ECHOLINE/05-Sales/A-Prospects/URBYN
[2026-06-08 14:49:28] [SUCCESS] Permission appliquée: User 01 [write] -> Drive ECHOLINE/05-Sales/A-Prospects/URBYN
[2026-06-08 14:49:28] [WARN] Erreur permission Equipe INFRA [owner] sur Drive ECHOLINE/05-Sales/A-Prospects/URBYN: Le serveur distant a retourné une erreur : (400) Demande incorrecte.
[2026-06-08 14:49:28] [WARN] Pas de mappage pour: Propriétaires de SERVICES_GENERAUX () - permission ignorée sur Drive ECHOLINE/05-Sales/A-Prospects/URBYN
[2026-06-08 14:49:28] [INFO] Traitement: /Drive ECHOLINE/05-Sales/A-Prospects/VETERNITY/ (6 permission(s))
[2026-06-08 14:49:28] [INFO] === COPIE REELLE: Drive ECHOLINE/05-Sales/A-Prospects/VETERNITY ===
[2026-06-08 14:49:29] [SUCCESS] Dossier cree: Drive ECHOLINE/05-Sales/A-Prospects/VETERNITY
[2026-06-08 14:49:29] [WARN] Pas de mappage pour: Propriétaires de SERVICES_GENERAUX () - permission ignorée sur Drive ECHOLINE/05-Sales/A-Prospects/VETERNITY
[2026-06-08 14:49:29] [WARN] Erreur résolution 'test': Le serveur distant a retourné une erreur : (403) Interdit.
[2026-06-08 14:49:29] [WARN] Impossible de résoudre 'test' dans le tenant destination - permission ignorée
[2026-06-08 14:49:30] [WARN] Erreur permission Equipe INFRA [owner] sur Drive ECHOLINE/05-Sales/A-Prospects/VETERNITY: Le serveur distant a retourné une erreur : (400) Demande incorrecte.
[2026-06-08 14:49:30] [SUCCESS] Permission appliquée: User 01 [write] -> Drive ECHOLINE/05-Sales/A-Prospects/VETERNITY
[2026-06-08 14:49:30] [WARN] Pas de mappage pour: SERVICES_GENERAUX - Membres () - permission ignorée sur Drive ECHOLINE/05-Sales/A-Prospects/VETERNITY
[2026-06-08 14:49:30] [WARN] Pas de mappage pour: SERVICES_GENERAUX - Visiteurs () - permission ignorée sur Drive ECHOLINE/05-Sales/A-Prospects/VETERNITY
[2026-06-08 14:49:30] [INFO] Traitement: /Drive ECHOLINE/05-Sales/A-Prospects/VIATRIS MEDA MANUFACTURING/ (6 permission(s))
[2026-06-08 14:49:30] [INFO] === COPIE REELLE: Drive ECHOLINE/05-Sales/A-Prospects/VIATRIS MEDA MANUFACTURING ===
[2026-06-08 14:49:31] [SUCCESS] Dossier cree: Drive ECHOLINE/05-Sales/A-Prospects/VIATRIS MEDA MANUFACTURING
[2026-06-08 14:49:31] [WARN] Pas de mappage pour: Propriétaires de SERVICES_GENERAUX () - permission ignorée sur Drive ECHOLINE/05-Sales/A-Prospects/VIATRIS MEDA MANUFACTURING
[2026-06-08 14:49:31] [WARN] Pas de mappage pour: SERVICES_GENERAUX - Membres () - permission ignorée sur Drive ECHOLINE/05-Sales/A-Prospects/VIATRIS MEDA MANUFACTURING
[2026-06-08 14:49:31] [WARN] Erreur permission Equipe INFRA [owner] sur Drive ECHOLINE/05-Sales/A-Prospects/VIATRIS MEDA MANUFACTURING: Le serveur distant a retourné une erreur : (400) Demande incorrecte.
[2026-06-08 14:49:31] [WARN] Erreur résolution 'test': Le serveur distant a retourné une erreur : (403) Interdit.
[2026-06-08 14:49:31] [WARN] Impossible de résoudre 'test' dans le tenant destination - permission ignorée
[2026-06-08 14:49:31] [WARN] Pas de mappage pour: SERVICES_GENERAUX - Visiteurs () - permission ignorée sur Drive ECHOLINE/05-Sales/A-Prospects/VIATRIS MEDA MANUFACTURING
[2026-06-08 14:49:32] [SUCCESS] Permission appliquée: User 01 [write] -> Drive ECHOLINE/05-Sales/A-Prospects/VIATRIS MEDA MANUFACTURING
[2026-06-08 14:49:32] [INFO] Traitement: /Drive ECHOLINE/05-Sales/A-Prospects/VINCI FACILITIES/ (6 permission(s))
[2026-06-08 14:49:32] [INFO] === COPIE REELLE: Drive ECHOLINE/05-Sales/A-Prospects/VINCI FACILITIES ===
[2026-06-08 14:49:33] [SUCCESS] Dossier cree: Drive ECHOLINE/05-Sales/A-Prospects/VINCI FACILITIES
[2026-06-08 14:49:33] [WARN] Erreur résolution 'test': Le serveur distant a retourné une erreur : (403) Interdit.
[2026-06-08 14:49:33] [WARN] Impossible de résoudre 'test' dans le tenant destination - permission ignorée
[2026-06-08 14:49:33] [WARN] Erreur permission Equipe INFRA [owner] sur Drive ECHOLINE/05-Sales/A-Prospects/VINCI FACILITIES: Le serveur distant a retourné une erreur : (400) Demande incorrecte.
[2026-06-08 14:49:33] [SUCCESS] Permission appliquée: User 01 [write] -> Drive ECHOLINE/05-Sales/A-Prospects/VINCI FACILITIES
[2026-06-08 14:49:33] [WARN] Pas de mappage pour: SERVICES_GENERAUX - Membres () - permission ignorée sur Drive ECHOLINE/05-Sales/A-Prospects/VINCI FACILITIES
[2026-06-08 14:49:33] [WARN] Pas de mappage pour: SERVICES_GENERAUX - Visiteurs () - permission ignorée sur Drive ECHOLINE/05-Sales/A-Prospects/VINCI FACILITIES
[2026-06-08 14:49:33] [WARN] Pas de mappage pour: Propriétaires de SERVICES_GENERAUX () - permission ignorée sur Drive ECHOLINE/05-Sales/A-Prospects/VINCI FACILITIES
[2026-06-08 14:49:33] [INFO] Traitement: /Drive ECHOLINE/05-Sales/A-Prospects/YZEE/ (6 permission(s))
[2026-06-08 14:49:33] [INFO] === COPIE REELLE: Drive ECHOLINE/05-Sales/A-Prospects/YZEE ===
[2026-06-08 14:49:34] [SUCCESS] Dossier cree: Drive ECHOLINE/05-Sales/A-Prospects/YZEE
[2026-06-08 14:49:34] [WARN] Erreur permission Equipe INFRA [owner] sur Drive ECHOLINE/05-Sales/A-Prospects/YZEE: Le serveur distant a retourné une erreur : (400) Demande incorrecte.
[2026-06-08 14:49:34] [WARN] Pas de mappage pour: Propriétaires de SERVICES_GENERAUX () - permission ignorée sur Drive ECHOLINE/05-Sales/A-Prospects/YZEE
[2026-06-08 14:49:34] [WARN] Pas de mappage pour: SERVICES_GENERAUX - Visiteurs () - permission ignorée sur Drive ECHOLINE/05-Sales/A-Prospects/YZEE
[2026-06-08 14:49:34] [WARN] Pas de mappage pour: SERVICES_GENERAUX - Membres () - permission ignorée sur Drive ECHOLINE/05-Sales/A-Prospects/YZEE
[2026-06-08 14:49:35] [SUCCESS] Permission appliquée: User 01 [write] -> Drive ECHOLINE/05-Sales/A-Prospects/YZEE
[2026-06-08 14:49:35] [WARN] Erreur résolution 'test': Le serveur distant a retourné une erreur : (403) Interdit.
[2026-06-08 14:49:35] [WARN] Impossible de résoudre 'test' dans le tenant destination - permission ignorée
[2026-06-08 14:49:35] [INFO] Traitement: /Drive ECHOLINE/05-Sales/B-Templates/ (6 permission(s))
[2026-06-08 14:49:35] [INFO] === COPIE REELLE: Drive ECHOLINE/05-Sales/B-Templates ===
[2026-06-08 14:49:36] [SUCCESS] Dossier cree: Drive ECHOLINE/05-Sales/B-Templates
[2026-06-08 14:49:36] [WARN] Erreur résolution 'test': Le serveur distant a retourné une erreur : (403) Interdit.
[2026-06-08 14:49:36] [WARN] Impossible de résoudre 'test' dans le tenant destination - permission ignorée
[2026-06-08 14:49:36] [WARN] Pas de mappage pour: Propriétaires de SERVICES_GENERAUX () - permission ignorée sur Drive ECHOLINE/05-Sales/B-Templates
[2026-06-08 14:49:36] [WARN] Erreur permission Equipe INFRA [owner] sur Drive ECHOLINE/05-Sales/B-Templates: Le serveur distant a retourné une erreur : (400) Demande incorrecte.
[2026-06-08 14:49:36] [WARN] Pas de mappage pour: SERVICES_GENERAUX - Visiteurs () - permission ignorée sur Drive ECHOLINE/05-Sales/B-Templates
[2026-06-08 14:49:36] [WARN] Pas de mappage pour: SERVICES_GENERAUX - Membres () - permission ignorée sur Drive ECHOLINE/05-Sales/B-Templates
[2026-06-08 14:49:37] [SUCCESS] Permission appliquée: User 01 [write] -> Drive ECHOLINE/05-Sales/B-Templates
[2026-06-08 14:49:37] [INFO] Traitement: /Drive ECHOLINE/05-Sales/C-Automated_Quotes_Generation/ (6 permission(s))
[2026-06-08 14:49:37] [INFO] === COPIE REELLE: Drive ECHOLINE/05-Sales/C-Automated_Quotes_Generation ===
[2026-06-08 14:49:38] [SUCCESS] Dossier cree: Drive ECHOLINE/05-Sales/C-Automated_Quotes_Generation
[2026-06-08 14:49:38] [WARN] Erreur résolution 'test': Le serveur distant a retourné une erreur : (403) Interdit.
[2026-06-08 14:49:38] [WARN] Impossible de résoudre 'test' dans le tenant destination - permission ignorée
[2026-06-08 14:49:38] [WARN] Erreur permission Equipe INFRA [owner] sur Drive ECHOLINE/05-Sales/C-Automated_Quotes_Generation: Le serveur distant a retourné une erreur : (400) Demande incorrecte.
[2026-06-08 14:49:38] [SUCCESS] Permission appliquée: User 01 [write] -> Drive ECHOLINE/05-Sales/C-Automated_Quotes_Generation
[2026-06-08 14:49:38] [WARN] Pas de mappage pour: SERVICES_GENERAUX - Membres () - permission ignorée sur Drive ECHOLINE/05-Sales/C-Automated_Quotes_Generation
[2026-06-08 14:49:38] [WARN] Pas de mappage pour: SERVICES_GENERAUX - Visiteurs () - permission ignorée sur Drive ECHOLINE/05-Sales/C-Automated_Quotes_Generation
[2026-06-08 14:49:38] [WARN] Pas de mappage pour: Propriétaires de SERVICES_GENERAUX () - permission ignorée sur Drive ECHOLINE/05-Sales/C-Automated_Quotes_Generation
[2026-06-08 14:49:38] [INFO] Traitement: /Drive ECHOLINE/05-Sales/Communication Package/ (6 permission(s))
[2026-06-08 14:49:38] [INFO] === COPIE REELLE: Drive ECHOLINE/05-Sales/Communication Package ===
[2026-06-08 14:49:39] [SUCCESS] Dossier cree: Drive ECHOLINE/05-Sales/Communication Package
[2026-06-08 14:49:39] [WARN] Pas de mappage pour: SERVICES_GENERAUX - Visiteurs () - permission ignorée sur Drive ECHOLINE/05-Sales/Communication Package
[2026-06-08 14:49:39] [WARN] Pas de mappage pour: Propriétaires de SERVICES_GENERAUX () - permission ignorée sur Drive ECHOLINE/05-Sales/Communication Package
[2026-06-08 14:49:39] [WARN] Pas de mappage pour: SERVICES_GENERAUX - Membres () - permission ignorée sur Drive ECHOLINE/05-Sales/Communication Package
[2026-06-08 14:49:39] [SUCCESS] Permission appliquée: User 01 [write] -> Drive ECHOLINE/05-Sales/Communication Package
[2026-06-08 14:49:40] [WARN] Erreur permission Equipe INFRA [owner] sur Drive ECHOLINE/05-Sales/Communication Package: Le serveur distant a retourné une erreur : (400) Demande incorrecte.
[2026-06-08 14:49:40] [WARN] Erreur résolution 'test': Le serveur distant a retourné une erreur : (403) Interdit.
[2026-06-08 14:49:40] [WARN] Impossible de résoudre 'test' dans le tenant destination - permission ignorée
[2026-06-08 14:49:40] [INFO] Traitement: /Drive ECHOLINE/05-Sales/Communication Package/ARTHUR/ (6 permission(s))
[2026-06-08 14:49:40] [INFO] === COPIE REELLE: Drive ECHOLINE/05-Sales/Communication Package/ARTHUR ===
[2026-06-08 14:49:41] [SUCCESS] Dossier cree: Drive ECHOLINE/05-Sales/Communication Package/ARTHUR
[2026-06-08 14:49:41] [WARN] Erreur résolution 'test': Le serveur distant a retourné une erreur : (403) Interdit.
[2026-06-08 14:49:41] [WARN] Impossible de résoudre 'test' dans le tenant destination - permission ignorée
[2026-06-08 14:49:41] [WARN] Pas de mappage pour: SERVICES_GENERAUX - Visiteurs () - permission ignorée sur Drive ECHOLINE/05-Sales/Communication Package/ARTHUR
[2026-06-08 14:49:41] [WARN] Pas de mappage pour: SERVICES_GENERAUX - Membres () - permission ignorée sur Drive ECHOLINE/05-Sales/Communication Package/ARTHUR
[2026-06-08 14:49:41] [SUCCESS] Permission appliquée: User 01 [write] -> Drive ECHOLINE/05-Sales/Communication Package/ARTHUR
[2026-06-08 14:49:41] [WARN] Erreur permission Equipe INFRA [owner] sur Drive ECHOLINE/05-Sales/Communication Package/ARTHUR: Le serveur distant a retourné une erreur : (400) Demande incorrecte.
[2026-06-08 14:49:41] [WARN] Pas de mappage pour: Propriétaires de SERVICES_GENERAUX () - permission ignorée sur Drive ECHOLINE/05-Sales/Communication Package/ARTHUR
[2026-06-08 14:49:41] [INFO] Traitement: /Drive ECHOLINE/05-Sales/Communication Package/AURELIEN/ (6 permission(s))
[2026-06-08 14:49:41] [INFO] === COPIE REELLE: Drive ECHOLINE/05-Sales/Communication Package/AURELIEN ===
[2026-06-08 14:49:42] [SUCCESS] Dossier cree: Drive ECHOLINE/05-Sales/Communication Package/AURELIEN
[2026-06-08 14:49:43] [WARN] Erreur résolution 'test': Le serveur distant a retourné une erreur : (403) Interdit.
[2026-06-08 14:49:43] [WARN] Impossible de résoudre 'test' dans le tenant destination - permission ignorée
[2026-06-08 14:49:43] [WARN] Erreur permission Equipe INFRA [owner] sur Drive ECHOLINE/05-Sales/Communication Package/AURELIEN: Le serveur distant a retourné une erreur : (400) Demande incorrecte.
[2026-06-08 14:49:43] [SUCCESS] Permission appliquée: User 01 [write] -> Drive ECHOLINE/05-Sales/Communication Package/AURELIEN
[2026-06-08 14:49:43] [WARN] Pas de mappage pour: SERVICES_GENERAUX - Membres () - permission ignorée sur Drive ECHOLINE/05-Sales/Communication Package/AURELIEN
[2026-06-08 14:49:43] [WARN] Pas de mappage pour: SERVICES_GENERAUX - Visiteurs () - permission ignorée sur Drive ECHOLINE/05-Sales/Communication Package/AURELIEN
[2026-06-08 14:49:43] [WARN] Pas de mappage pour: Propriétaires de SERVICES_GENERAUX () - permission ignorée sur Drive ECHOLINE/05-Sales/Communication Package/AURELIEN
[2026-06-08 14:49:43] [INFO] Traitement: /Drive ECHOLINE/05-Sales/Communication Package/CELIA/ (6 permission(s))
[2026-06-08 14:49:43] [INFO] === COPIE REELLE: Drive ECHOLINE/05-Sales/Communication Package/CELIA ===
[2026-06-08 14:49:44] [SUCCESS] Dossier cree: Drive ECHOLINE/05-Sales/Communication Package/CELIA
[2026-06-08 14:49:45] [WARN] Erreur permission Equipe INFRA [owner] sur Drive ECHOLINE/05-Sales/Communication Package/CELIA: Le serveur distant a retourné une erreur : (400) Demande incorrecte.
[2026-06-08 14:49:45] [WARN] Pas de mappage pour: Propriétaires de SERVICES_GENERAUX () - permission ignorée sur Drive ECHOLINE/05-Sales/Communication Package/CELIA
[2026-06-08 14:49:45] [WARN] Pas de mappage pour: SERVICES_GENERAUX - Membres () - permission ignorée sur Drive ECHOLINE/05-Sales/Communication Package/CELIA
[2026-06-08 14:49:45] [WARN] Pas de mappage pour: SERVICES_GENERAUX - Visiteurs () - permission ignorée sur Drive ECHOLINE/05-Sales/Communication Package/CELIA
[2026-06-08 14:49:45] [SUCCESS] Permission appliquée: User 01 [write] -> Drive ECHOLINE/05-Sales/Communication Package/CELIA
[2026-06-08 14:49:45] [WARN] Erreur résolution 'test': Le serveur distant a retourné une erreur : (403) Interdit.
[2026-06-08 14:49:45] [WARN] Impossible de résoudre 'test' dans le tenant destination - permission ignorée
[2026-06-08 14:49:45] [INFO] Traitement: /Drive ECHOLINE/05-Sales/Communication Package/CLOTHILDE/ (6 permission(s))
[2026-06-08 14:49:45] [INFO] === COPIE REELLE: Drive ECHOLINE/05-Sales/Communication Package/CLOTHILDE ===
[2026-06-08 14:49:46] [SUCCESS] Dossier cree: Drive ECHOLINE/05-Sales/Communication Package/CLOTHILDE
[2026-06-08 14:49:46] [WARN] Erreur résolution 'test': Le serveur distant a retourné une erreur : (403) Interdit.
[2026-06-08 14:49:46] [WARN] Impossible de résoudre 'test' dans le tenant destination - permission ignorée
[2026-06-08 14:49:47] [WARN] Erreur permission Equipe INFRA [owner] sur Drive ECHOLINE/05-Sales/Communication Package/CLOTHILDE: Le serveur distant a retourné une erreur : (400) Demande incorrecte.
[2026-06-08 14:49:47] [SUCCESS] Permission appliquée: User 01 [write] -> Drive ECHOLINE/05-Sales/Communication Package/CLOTHILDE
[2026-06-08 14:49:47] [WARN] Pas de mappage pour: SERVICES_GENERAUX - Membres () - permission ignorée sur Drive ECHOLINE/05-Sales/Communication Package/CLOTHILDE
[2026-06-08 14:49:47] [WARN] Pas de mappage pour: SERVICES_GENERAUX - Visiteurs () - permission ignorée sur Drive ECHOLINE/05-Sales/Communication Package/CLOTHILDE
[2026-06-08 14:49:47] [WARN] Pas de mappage pour: Propriétaires de SERVICES_GENERAUX () - permission ignorée sur Drive ECHOLINE/05-Sales/Communication Package/CLOTHILDE
[2026-06-08 14:49:47] [INFO] Traitement: /Drive ECHOLINE/05-Sales/Communication Package/GAYLORD/ (6 permission(s))
[2026-06-08 14:49:47] [INFO] === COPIE REELLE: Drive ECHOLINE/05-Sales/Communication Package/GAYLORD ===
[2026-06-08 14:49:48] [SUCCESS] Dossier cree: Drive ECHOLINE/05-Sales/Communication Package/GAYLORD
[2026-06-08 14:49:48] [WARN] Pas de mappage pour: SERVICES_GENERAUX - Visiteurs () - permission ignorée sur Drive ECHOLINE/05-Sales/Communication Package/GAYLORD
[2026-06-08 14:49:48] [WARN] Pas de mappage pour: Propriétaires de SERVICES_GENERAUX () - permission ignorée sur Drive ECHOLINE/05-Sales/Communication Package/GAYLORD
[2026-06-08 14:49:48] [SUCCESS] Permission appliquée: User 01 [write] -> Drive ECHOLINE/05-Sales/Communication Package/GAYLORD
[2026-06-08 14:49:48] [WARN] Erreur résolution 'test': Le serveur distant a retourné une erreur : (403) Interdit.
[2026-06-08 14:49:48] [WARN] Impossible de résoudre 'test' dans le tenant destination - permission ignorée
[2026-06-08 14:49:48] [WARN] Erreur permission Equipe INFRA [owner] sur Drive ECHOLINE/05-Sales/Communication Package/GAYLORD: Le serveur distant a retourné une erreur : (400) Demande incorrecte.
[2026-06-08 14:49:48] [WARN] Pas de mappage pour: SERVICES_GENERAUX - Membres () - permission ignorée sur Drive ECHOLINE/05-Sales/Communication Package/GAYLORD
[2026-06-08 14:49:48] [INFO] Traitement: /Drive ECHOLINE/05-Sales/Communication Package/JEREMY/ (6 permission(s))
[2026-06-08 14:49:48] [INFO] === COPIE REELLE: Drive ECHOLINE/05-Sales/Communication Package/JEREMY ===
[2026-06-08 14:49:49] [SUCCESS] Dossier cree: Drive ECHOLINE/05-Sales/Communication Package/JEREMY
[2026-06-08 14:49:50] [WARN] Erreur permission Equipe INFRA [owner] sur Drive ECHOLINE/05-Sales/Communication Package/JEREMY: Le serveur distant a retourné une erreur : (400) Demande incorrecte.
[2026-06-08 14:49:50] [SUCCESS] Permission appliquée: User 01 [write] -> Drive ECHOLINE/05-Sales/Communication Package/JEREMY
[2026-06-08 14:49:50] [WARN] Pas de mappage pour: SERVICES_GENERAUX - Membres () - permission ignorée sur Drive ECHOLINE/05-Sales/Communication Package/JEREMY
[2026-06-08 14:49:50] [WARN] Pas de mappage pour: SERVICES_GENERAUX - Visiteurs () - permission ignorée sur Drive ECHOLINE/05-Sales/Communication Package/JEREMY
[2026-06-08 14:49:50] [WARN] Pas de mappage pour: Propriétaires de SERVICES_GENERAUX () - permission ignorée sur Drive ECHOLINE/05-Sales/Communication Package/JEREMY
[2026-06-08 14:49:50] [WARN] Erreur résolution 'test': Le serveur distant a retourné une erreur : (403) Interdit.
[2026-06-08 14:49:50] [WARN] Impossible de résoudre 'test' dans le tenant destination - permission ignorée
[2026-06-08 14:49:50] [INFO] Traitement: /Drive ECHOLINE/05-Sales/Communication Package/LAURA/ (6 permission(s))
[2026-06-08 14:49:50] [INFO] === COPIE REELLE: Drive ECHOLINE/05-Sales/Communication Package/LAURA ===
[2026-06-08 14:49:51] [SUCCESS] Dossier cree: Drive ECHOLINE/05-Sales/Communication Package/LAURA
[2026-06-08 14:49:52] [SUCCESS] Permission appliquée: User 01 [write] -> Drive ECHOLINE/05-Sales/Communication Package/LAURA
[2026-06-08 14:49:52] [WARN] Pas de mappage pour: Propriétaires de SERVICES_GENERAUX () - permission ignorée sur Drive ECHOLINE/05-Sales/Communication Package/LAURA
[2026-06-08 14:49:52] [WARN] Pas de mappage pour: SERVICES_GENERAUX - Visiteurs () - permission ignorée sur Drive ECHOLINE/05-Sales/Communication Package/LAURA
[2026-06-08 14:49:52] [WARN] Pas de mappage pour: SERVICES_GENERAUX - Membres () - permission ignorée sur Drive ECHOLINE/05-Sales/Communication Package/LAURA
[2026-06-08 14:49:52] [WARN] Erreur permission Equipe INFRA [owner] sur Drive ECHOLINE/05-Sales/Communication Package/LAURA: Le serveur distant a retourné une erreur : (400) Demande incorrecte.
[2026-06-08 14:49:52] [WARN] Erreur résolution 'test': Le serveur distant a retourné une erreur : (403) Interdit.
[2026-06-08 14:49:52] [WARN] Impossible de résoudre 'test' dans le tenant destination - permission ignorée
[2026-06-08 14:49:52] [INFO] Traitement: /Drive ECHOLINE/05-Sales/Communication Package/SOPHIE/ (6 permission(s))
[2026-06-08 14:49:52] [INFO] === COPIE REELLE: Drive ECHOLINE/05-Sales/Communication Package/SOPHIE ===
[2026-06-08 14:49:53] [SUCCESS] Dossier cree: Drive ECHOLINE/05-Sales/Communication Package/SOPHIE
[2026-06-08 14:49:53] [WARN] Erreur résolution 'test': Le serveur distant a retourné une erreur : (403) Interdit.
[2026-06-08 14:49:53] [WARN] Impossible de résoudre 'test' dans le tenant destination - permission ignorée
[2026-06-08 14:49:53] [WARN] Pas de mappage pour: Propriétaires de SERVICES_GENERAUX () - permission ignorée sur Drive ECHOLINE/05-Sales/Communication Package/SOPHIE
[2026-06-08 14:49:54] [WARN] Erreur permission Equipe INFRA [owner] sur Drive ECHOLINE/05-Sales/Communication Package/SOPHIE: Le serveur distant a retourné une erreur : (400) Demande incorrecte.
[2026-06-08 14:49:54] [WARN] Pas de mappage pour: SERVICES_GENERAUX - Visiteurs () - permission ignorée sur Drive ECHOLINE/05-Sales/Communication Package/SOPHIE
[2026-06-08 14:49:54] [WARN] Pas de mappage pour: SERVICES_GENERAUX - Membres () - permission ignorée sur Drive ECHOLINE/05-Sales/Communication Package/SOPHIE
[2026-06-08 14:49:54] [SUCCESS] Permission appliquée: User 01 [write] -> Drive ECHOLINE/05-Sales/Communication Package/SOPHIE
[2026-06-08 14:49:54] [INFO] Traitement: /Drive ECHOLINE/05-Sales/Communication Package/YANN/ (6 permission(s))
[2026-06-08 14:49:54] [INFO] === COPIE REELLE: Drive ECHOLINE/05-Sales/Communication Package/YANN ===
[2026-06-08 14:49:55] [SUCCESS] Dossier cree: Drive ECHOLINE/05-Sales/Communication Package/YANN
[2026-06-08 14:49:55] [WARN] Erreur résolution 'test': Le serveur distant a retourné une erreur : (403) Interdit.
[2026-06-08 14:49:55] [WARN] Impossible de résoudre 'test' dans le tenant destination - permission ignorée
[2026-06-08 14:49:55] [WARN] Erreur permission Equipe INFRA [owner] sur Drive ECHOLINE/05-Sales/Communication Package/YANN: Le serveur distant a retourné une erreur : (400) Demande incorrecte.
[2026-06-08 14:49:56] [SUCCESS] Permission appliquée: User 01 [write] -> Drive ECHOLINE/05-Sales/Communication Package/YANN
[2026-06-08 14:49:56] [WARN] Pas de mappage pour: SERVICES_GENERAUX - Membres () - permission ignorée sur Drive ECHOLINE/05-Sales/Communication Package/YANN
[2026-06-08 14:49:56] [WARN] Pas de mappage pour: SERVICES_GENERAUX - Visiteurs () - permission ignorée sur Drive ECHOLINE/05-Sales/Communication Package/YANN
[2026-06-08 14:49:56] [WARN] Pas de mappage pour: Propriétaires de SERVICES_GENERAUX () - permission ignorée sur Drive ECHOLINE/05-Sales/Communication Package/YANN
[2026-06-08 14:49:56] [INFO] Traitement: /Drive ECHOLINE/05-Sales/ZZ-Archives/ (6 permission(s))
[2026-06-08 14:49:56] [INFO] === COPIE REELLE: Drive ECHOLINE/05-Sales/ZZ-Archives ===
[2026-06-08 14:49:56] [SUCCESS] Dossier cree: Drive ECHOLINE/05-Sales/ZZ-Archives
[2026-06-08 14:49:57] [WARN] Erreur permission Equipe INFRA [owner] sur Drive ECHOLINE/05-Sales/ZZ-Archives: Le serveur distant a retourné une erreur : (400) Demande incorrecte.
[2026-06-08 14:49:57] [WARN] Pas de mappage pour: Propriétaires de SERVICES_GENERAUX () - permission ignorée sur Drive ECHOLINE/05-Sales/ZZ-Archives
[2026-06-08 14:49:57] [WARN] Pas de mappage pour: SERVICES_GENERAUX - Visiteurs () - permission ignorée sur Drive ECHOLINE/05-Sales/ZZ-Archives
[2026-06-08 14:49:57] [WARN] Pas de mappage pour: SERVICES_GENERAUX - Membres () - permission ignorée sur Drive ECHOLINE/05-Sales/ZZ-Archives
[2026-06-08 14:49:57] [SUCCESS] Permission appliquée: User 01 [write] -> Drive ECHOLINE/05-Sales/ZZ-Archives
[2026-06-08 14:49:57] [WARN] Erreur résolution 'test': Le serveur distant a retourné une erreur : (403) Interdit.
[2026-06-08 14:49:57] [WARN] Impossible de résoudre 'test' dans le tenant destination - permission ignorée
[2026-06-08 14:49:57] [INFO] Traitement: /Drive ECHOLINE/06-Community/ (6 permission(s))
[2026-06-08 14:49:57] [INFO] === COPIE REELLE: Drive ECHOLINE/06-Community ===
[2026-06-08 14:49:58] [SUCCESS] Dossier cree: Drive ECHOLINE/06-Community
[2026-06-08 14:49:58] [WARN] Erreur résolution 'test': Le serveur distant a retourné une erreur : (403) Interdit.
[2026-06-08 14:49:58] [WARN] Impossible de résoudre 'test' dans le tenant destination - permission ignorée
[2026-06-08 14:49:58] [WARN] Pas de mappage pour: Propriétaires de SERVICES_GENERAUX () - permission ignorée sur Drive ECHOLINE/06-Community
[2026-06-08 14:49:58] [WARN] Pas de mappage pour: SERVICES_GENERAUX - Visiteurs () - permission ignorée sur Drive ECHOLINE/06-Community
[2026-06-08 14:49:58] [WARN] Pas de mappage pour: SERVICES_GENERAUX - Membres () - permission ignorée sur Drive ECHOLINE/06-Community
[2026-06-08 14:49:58] [WARN] Erreur permission Equipe INFRA [owner] sur Drive ECHOLINE/06-Community: Le serveur distant a retourné une erreur : (400) Demande incorrecte.
[2026-06-08 14:49:59] [SUCCESS] Permission appliquée: User 01 [write] -> Drive ECHOLINE/06-Community
[2026-06-08 14:49:59] [INFO] Traitement: /Drive ECHOLINE/06-Community/ADRAR FORMATION/ (6 permission(s))
[2026-06-08 14:49:59] [INFO] === COPIE REELLE: Drive ECHOLINE/06-Community/ADRAR FORMATION ===
[2026-06-08 14:50:00] [SUCCESS] Dossier cree: Drive ECHOLINE/06-Community/ADRAR FORMATION
[2026-06-08 14:50:00] [WARN] Pas de mappage pour: Propriétaires de SERVICES_GENERAUX () - permission ignorée sur Drive ECHOLINE/06-Community/ADRAR FORMATION
[2026-06-08 14:50:00] [WARN] Erreur résolution 'test': Le serveur distant a retourné une erreur : (403) Interdit.
[2026-06-08 14:50:00] [WARN] Impossible de résoudre 'test' dans le tenant destination - permission ignorée
[2026-06-08 14:50:00] [WARN] Erreur permission Equipe INFRA [owner] sur Drive ECHOLINE/06-Community/ADRAR FORMATION: Le serveur distant a retourné une erreur : (400) Demande incorrecte.
[2026-06-08 14:50:00] [SUCCESS] Permission appliquée: User 01 [write] -> Drive ECHOLINE/06-Community/ADRAR FORMATION
[2026-06-08 14:50:01] [WARN] Pas de mappage pour: SERVICES_GENERAUX - Membres () - permission ignorée sur Drive ECHOLINE/06-Community/ADRAR FORMATION
[2026-06-08 14:50:01] [WARN] Pas de mappage pour: SERVICES_GENERAUX - Visiteurs () - permission ignorée sur Drive ECHOLINE/06-Community/ADRAR FORMATION
[2026-06-08 14:50:01] [INFO] Traitement: /Drive ECHOLINE/06-Community/CAE CONSEILS/ (6 permission(s))
[2026-06-08 14:50:01] [INFO] === COPIE REELLE: Drive ECHOLINE/06-Community/CAE CONSEILS ===
[2026-06-08 14:50:01] [SUCCESS] Dossier cree: Drive ECHOLINE/06-Community/CAE CONSEILS
[2026-06-08 14:50:02] [WARN] Pas de mappage pour: Propriétaires de SERVICES_GENERAUX () - permission ignorée sur Drive ECHOLINE/06-Community/CAE CONSEILS
[2026-06-08 14:50:02] [WARN] Pas de mappage pour: SERVICES_GENERAUX - Membres () - permission ignorée sur Drive ECHOLINE/06-Community/CAE CONSEILS
[2026-06-08 14:50:02] [WARN] Erreur permission Equipe INFRA [owner] sur Drive ECHOLINE/06-Community/CAE CONSEILS: Le serveur distant a retourné une erreur : (400) Demande incorrecte.
[2026-06-08 14:50:02] [WARN] Erreur résolution 'test': Le serveur distant a retourné une erreur : (403) Interdit.
[2026-06-08 14:50:02] [WARN] Impossible de résoudre 'test' dans le tenant destination - permission ignorée
[2026-06-08 14:50:02] [WARN] Pas de mappage pour: SERVICES_GENERAUX - Visiteurs () - permission ignorée sur Drive ECHOLINE/06-Community/CAE CONSEILS
[2026-06-08 14:50:02] [SUCCESS] Permission appliquée: User 01 [write] -> Drive ECHOLINE/06-Community/CAE CONSEILS
[2026-06-08 14:50:02] [INFO] Traitement: /Drive ECHOLINE/06-Community/CAE CONSEILS/Devis/ (6 permission(s))
[2026-06-08 14:50:02] [INFO] === COPIE REELLE: Drive ECHOLINE/06-Community/CAE CONSEILS/Devis ===
[2026-06-08 14:50:03] [SUCCESS] Dossier cree: Drive ECHOLINE/06-Community/CAE CONSEILS/Devis
[2026-06-08 14:50:03] [WARN] Erreur résolution 'test': Le serveur distant a retourné une erreur : (403) Interdit.
[2026-06-08 14:50:03] [WARN] Impossible de résoudre 'test' dans le tenant destination - permission ignorée
[2026-06-08 14:50:04] [WARN] Erreur permission Equipe INFRA [owner] sur Drive ECHOLINE/06-Community/CAE CONSEILS/Devis: Le serveur distant a retourné une erreur : (400) Demande incorrecte.
[2026-06-08 14:50:04] [SUCCESS] Permission appliquée: User 01 [write] -> Drive ECHOLINE/06-Community/CAE CONSEILS/Devis
[2026-06-08 14:50:04] [WARN] Pas de mappage pour: SERVICES_GENERAUX - Membres () - permission ignorée sur Drive ECHOLINE/06-Community/CAE CONSEILS/Devis
[2026-06-08 14:50:04] [WARN] Pas de mappage pour: SERVICES_GENERAUX - Visiteurs () - permission ignorée sur Drive ECHOLINE/06-Community/CAE CONSEILS/Devis
[2026-06-08 14:50:04] [WARN] Pas de mappage pour: Propriétaires de SERVICES_GENERAUX () - permission ignorée sur Drive ECHOLINE/06-Community/CAE CONSEILS/Devis
[2026-06-08 14:50:04] [INFO] Traitement: /Drive ECHOLINE/06-Community/CAE CONSEILS/Partenariat/ (6 permission(s))
[2026-06-08 14:50:04] [INFO] === COPIE REELLE: Drive ECHOLINE/06-Community/CAE CONSEILS/Partenariat ===
[2026-06-08 14:50:05] [SUCCESS] Dossier cree: Drive ECHOLINE/06-Community/CAE CONSEILS/Partenariat
[2026-06-08 14:50:05] [WARN] Erreur permission Equipe INFRA [owner] sur Drive ECHOLINE/06-Community/CAE CONSEILS/Partenariat: Le serveur distant a retourné une erreur : (400) Demande incorrecte.
[2026-06-08 14:50:05] [WARN] Pas de mappage pour: Propriétaires de SERVICES_GENERAUX () - permission ignorée sur Drive ECHOLINE/06-Community/CAE CONSEILS/Partenariat
[2026-06-08 14:50:05] [WARN] Pas de mappage pour: SERVICES_GENERAUX - Visiteurs () - permission ignorée sur Drive ECHOLINE/06-Community/CAE CONSEILS/Partenariat
[2026-06-08 14:50:05] [WARN] Pas de mappage pour: SERVICES_GENERAUX - Membres () - permission ignorée sur Drive ECHOLINE/06-Community/CAE CONSEILS/Partenariat
[2026-06-08 14:50:05] [SUCCESS] Permission appliquée: User 01 [write] -> Drive ECHOLINE/06-Community/CAE CONSEILS/Partenariat
[2026-06-08 14:50:05] [WARN] Erreur résolution 'test': Le serveur distant a retourné une erreur : (403) Interdit.
[2026-06-08 14:50:05] [WARN] Impossible de résoudre 'test' dans le tenant destination - permission ignorée
[2026-06-08 14:50:05] [INFO] Traitement: /Drive ECHOLINE/06-Community/FRANCE SI/ (6 permission(s))
[2026-06-08 14:50:05] [INFO] === COPIE REELLE: Drive ECHOLINE/06-Community/FRANCE SI ===
[2026-06-08 14:50:06] [SUCCESS] Dossier cree: Drive ECHOLINE/06-Community/FRANCE SI
[2026-06-08 14:50:07] [WARN] Erreur résolution 'test': Le serveur distant a retourné une erreur : (403) Interdit.
[2026-06-08 14:50:07] [WARN] Impossible de résoudre 'test' dans le tenant destination - permission ignorée
[2026-06-08 14:50:07] [WARN] Pas de mappage pour: Propriétaires de SERVICES_GENERAUX () - permission ignorée sur Drive ECHOLINE/06-Community/FRANCE SI
[2026-06-08 14:50:07] [WARN] Erreur permission Equipe INFRA [owner] sur Drive ECHOLINE/06-Community/FRANCE SI: Le serveur distant a retourné une erreur : (400) Demande incorrecte.
[2026-06-08 14:50:07] [WARN] Pas de mappage pour: SERVICES_GENERAUX - Visiteurs () - permission ignorée sur Drive ECHOLINE/06-Community/FRANCE SI
[2026-06-08 14:50:07] [WARN] Pas de mappage pour: SERVICES_GENERAUX - Membres () - permission ignorée sur Drive ECHOLINE/06-Community/FRANCE SI
[2026-06-08 14:50:07] [SUCCESS] Permission appliquée: User 01 [write] -> Drive ECHOLINE/06-Community/FRANCE SI
[2026-06-08 14:50:07] [INFO] Traitement: /Drive ECHOLINE/06-Community/GAMMA SOFTWARE/ (6 permission(s))
[2026-06-08 14:50:07] [INFO] === COPIE REELLE: Drive ECHOLINE/06-Community/GAMMA SOFTWARE ===
[2026-06-08 14:50:08] [SUCCESS] Dossier cree: Drive ECHOLINE/06-Community/GAMMA SOFTWARE
[2026-06-08 14:50:08] [WARN] Erreur résolution 'test': Le serveur distant a retourné une erreur : (403) Interdit.
[2026-06-08 14:50:08] [WARN] Impossible de résoudre 'test' dans le tenant destination - permission ignorée
[2026-06-08 14:50:08] [WARN] Erreur permission Equipe INFRA [owner] sur Drive ECHOLINE/06-Community/GAMMA SOFTWARE: Le serveur distant a retourné une erreur : (400) Demande incorrecte.
[2026-06-08 14:50:09] [SUCCESS] Permission appliquée: User 01 [write] -> Drive ECHOLINE/06-Community/GAMMA SOFTWARE
[2026-06-08 14:50:09] [WARN] Pas de mappage pour: SERVICES_GENERAUX - Membres () - permission ignorée sur Drive ECHOLINE/06-Community/GAMMA SOFTWARE
[2026-06-08 14:50:09] [WARN] Pas de mappage pour: SERVICES_GENERAUX - Visiteurs () - permission ignorée sur Drive ECHOLINE/06-Community/GAMMA SOFTWARE
[2026-06-08 14:50:09] [WARN] Pas de mappage pour: Propriétaires de SERVICES_GENERAUX () - permission ignorée sur Drive ECHOLINE/06-Community/GAMMA SOFTWARE
[2026-06-08 14:50:09] [INFO] Traitement: /Drive ECHOLINE/06-Community/KNOWLLENCE/ (6 permission(s))
[2026-06-08 14:50:09] [INFO] === COPIE REELLE: Drive ECHOLINE/06-Community/KNOWLLENCE ===
[2026-06-08 14:50:09] [SUCCESS] Dossier cree: Drive ECHOLINE/06-Community/KNOWLLENCE
[2026-06-08 14:50:10] [WARN] Pas de mappage pour: SERVICES_GENERAUX - Membres () - permission ignorée sur Drive ECHOLINE/06-Community/KNOWLLENCE
[2026-06-08 14:50:10] [WARN] Erreur résolution 'test': Le serveur distant a retourné une erreur : (403) Interdit.
[2026-06-08 14:50:10] [WARN] Impossible de résoudre 'test' dans le tenant destination - permission ignorée
[2026-06-08 14:50:10] [WARN] Erreur permission Equipe INFRA [owner] sur Drive ECHOLINE/06-Community/KNOWLLENCE: Le serveur distant a retourné une erreur : (400) Demande incorrecte.
[2026-06-08 14:50:10] [SUCCESS] Permission appliquée: User 01 [write] -> Drive ECHOLINE/06-Community/KNOWLLENCE
[2026-06-08 14:50:10] [WARN] Pas de mappage pour: SERVICES_GENERAUX - Visiteurs () - permission ignorée sur Drive ECHOLINE/06-Community/KNOWLLENCE
[2026-06-08 14:50:10] [WARN] Pas de mappage pour: Propriétaires de SERVICES_GENERAUX () - permission ignorée sur Drive ECHOLINE/06-Community/KNOWLLENCE
[2026-06-08 14:50:10] [INFO] Traitement: /Drive ECHOLINE/06-Community/KNOWLLENCE/Contrat/ (6 permission(s))
[2026-06-08 14:50:10] [INFO] === COPIE REELLE: Drive ECHOLINE/06-Community/KNOWLLENCE/Contrat ===
[2026-06-08 14:50:11] [SUCCESS] Dossier cree: Drive ECHOLINE/06-Community/KNOWLLENCE/Contrat
[2026-06-08 14:50:12] [WARN] Erreur résolution 'test': Le serveur distant a retourné une erreur : (403) Interdit.
[2026-06-08 14:50:12] [WARN] Impossible de résoudre 'test' dans le tenant destination - permission ignorée
[2026-06-08 14:50:12] [WARN] Pas de mappage pour: SERVICES_GENERAUX - Visiteurs () - permission ignorée sur Drive ECHOLINE/06-Community/KNOWLLENCE/Contrat
[2026-06-08 14:50:12] [WARN] Pas de mappage pour: Propriétaires de SERVICES_GENERAUX () - permission ignorée sur Drive ECHOLINE/06-Community/KNOWLLENCE/Contrat
[2026-06-08 14:50:12] [WARN] Erreur permission Equipe INFRA [owner] sur Drive ECHOLINE/06-Community/KNOWLLENCE/Contrat: Le serveur distant a retourné une erreur : (400) Demande incorrecte.
[2026-06-08 14:50:12] [WARN] Pas de mappage pour: SERVICES_GENERAUX - Membres () - permission ignorée sur Drive ECHOLINE/06-Community/KNOWLLENCE/Contrat
[2026-06-08 14:50:12] [SUCCESS] Permission appliquée: User 01 [write] -> Drive ECHOLINE/06-Community/KNOWLLENCE/Contrat
[2026-06-08 14:50:12] [INFO] Traitement: /Drive ECHOLINE/06-Community/LOOTIBOX/ (6 permission(s))
[2026-06-08 14:50:12] [INFO] === COPIE REELLE: Drive ECHOLINE/06-Community/LOOTIBOX ===
[2026-06-08 14:50:13] [SUCCESS] Dossier cree: Drive ECHOLINE/06-Community/LOOTIBOX
[2026-06-08 14:50:13] [WARN] Erreur résolution 'test': Le serveur distant a retourné une erreur : (403) Interdit.
[2026-06-08 14:50:13] [WARN] Impossible de résoudre 'test' dans le tenant destination - permission ignorée
[2026-06-08 14:50:13] [WARN] Erreur permission Equipe INFRA [owner] sur Drive ECHOLINE/06-Community/LOOTIBOX: Le serveur distant a retourné une erreur : (400) Demande incorrecte.
[2026-06-08 14:50:14] [SUCCESS] Permission appliquée: User 01 [write] -> Drive ECHOLINE/06-Community/LOOTIBOX
[2026-06-08 14:50:14] [WARN] Pas de mappage pour: SERVICES_GENERAUX - Membres () - permission ignorée sur Drive ECHOLINE/06-Community/LOOTIBOX
[2026-06-08 14:50:14] [WARN] Pas de mappage pour: SERVICES_GENERAUX - Visiteurs () - permission ignorée sur Drive ECHOLINE/06-Community/LOOTIBOX
[2026-06-08 14:50:14] [WARN] Pas de mappage pour: Propriétaires de SERVICES_GENERAUX () - permission ignorée sur Drive ECHOLINE/06-Community/LOOTIBOX
[2026-06-08 14:50:14] [INFO] Traitement: /Drive ECHOLINE/06-Community/QUALIPRO/ (6 permission(s))
[2026-06-08 14:50:14] [INFO] === COPIE REELLE: Drive ECHOLINE/06-Community/QUALIPRO ===
[2026-06-08 14:50:15] [SUCCESS] Dossier cree: Drive ECHOLINE/06-Community/QUALIPRO
[2026-06-08 14:50:15] [WARN] Erreur permission Equipe INFRA [owner] sur Drive ECHOLINE/06-Community/QUALIPRO: Le serveur distant a retourné une erreur : (400) Demande incorrecte.
[2026-06-08 14:50:15] [SUCCESS] Permission appliquée: User 01 [write] -> Drive ECHOLINE/06-Community/QUALIPRO
[2026-06-08 14:50:15] [WARN] Pas de mappage pour: SERVICES_GENERAUX - Membres () - permission ignorée sur Drive ECHOLINE/06-Community/QUALIPRO
[2026-06-08 14:50:15] [WARN] Pas de mappage pour: Propriétaires de SERVICES_GENERAUX () - permission ignorée sur Drive ECHOLINE/06-Community/QUALIPRO
[2026-06-08 14:50:15] [WARN] Pas de mappage pour: SERVICES_GENERAUX - Visiteurs () - permission ignorée sur Drive ECHOLINE/06-Community/QUALIPRO
[2026-06-08 14:50:16] [WARN] Erreur résolution 'test': Le serveur distant a retourné une erreur : (403) Interdit.
[2026-06-08 14:50:16] [WARN] Impossible de résoudre 'test' dans le tenant destination - permission ignorée
[2026-06-08 14:50:16] [INFO] Traitement: /Drive ECHOLINE/06-Community/QUALIPRO/Contrat/ (6 permission(s))
[2026-06-08 14:50:16] [INFO] === COPIE REELLE: Drive ECHOLINE/06-Community/QUALIPRO/Contrat ===
[2026-06-08 14:50:17] [SUCCESS] Dossier cree: Drive ECHOLINE/06-Community/QUALIPRO/Contrat
[2026-06-08 14:50:17] [WARN] Erreur résolution 'test': Le serveur distant a retourné une erreur : (403) Interdit.
[2026-06-08 14:50:17] [WARN] Impossible de résoudre 'test' dans le tenant destination - permission ignorée
[2026-06-08 14:50:17] [WARN] Erreur permission Equipe INFRA [owner] sur Drive ECHOLINE/06-Community/QUALIPRO/Contrat: Le serveur distant a retourné une erreur : (400) Demande incorrecte.
[2026-06-08 14:50:17] [SUCCESS] Permission appliquée: User 01 [write] -> Drive ECHOLINE/06-Community/QUALIPRO/Contrat
[2026-06-08 14:50:17] [WARN] Pas de mappage pour: SERVICES_GENERAUX - Membres () - permission ignorée sur Drive ECHOLINE/06-Community/QUALIPRO/Contrat
[2026-06-08 14:50:17] [WARN] Pas de mappage pour: SERVICES_GENERAUX - Visiteurs () - permission ignorée sur Drive ECHOLINE/06-Community/QUALIPRO/Contrat
[2026-06-08 14:50:17] [WARN] Pas de mappage pour: Propriétaires de SERVICES_GENERAUX () - permission ignorée sur Drive ECHOLINE/06-Community/QUALIPRO/Contrat
[2026-06-08 14:50:17] [INFO] Traitement: /Drive ECHOLINE/06-Community/TEEO/ (6 permission(s))
[2026-06-08 14:50:17] [INFO] === COPIE REELLE: Drive ECHOLINE/06-Community/TEEO ===
[2026-06-08 14:50:18] [SUCCESS] Dossier cree: Drive ECHOLINE/06-Community/TEEO
[2026-06-08 14:50:19] [SUCCESS] Permission appliquée: User 01 [write] -> Drive ECHOLINE/06-Community/TEEO
[2026-06-08 14:50:19] [WARN] Pas de mappage pour: SERVICES_GENERAUX - Visiteurs () - permission ignorée sur Drive ECHOLINE/06-Community/TEEO
[2026-06-08 14:50:19] [WARN] Pas de mappage pour: Propriétaires de SERVICES_GENERAUX () - permission ignorée sur Drive ECHOLINE/06-Community/TEEO
[2026-06-08 14:50:19] [WARN] Pas de mappage pour: SERVICES_GENERAUX - Membres () - permission ignorée sur Drive ECHOLINE/06-Community/TEEO
[2026-06-08 14:50:19] [WARN] Erreur résolution 'test': Le serveur distant a retourné une erreur : (403) Interdit.
[2026-06-08 14:50:19] [WARN] Impossible de résoudre 'test' dans le tenant destination - permission ignorée
[2026-06-08 14:50:19] [WARN] Erreur permission Equipe INFRA [owner] sur Drive ECHOLINE/06-Community/TEEO: Le serveur distant a retourné une erreur : (400) Demande incorrecte.
[2026-06-08 14:50:19] [INFO] Traitement: /Drive ECHOLINE/06-Community/TEEO/Archive/ (6 permission(s))
[2026-06-08 14:50:19] [INFO] === COPIE REELLE: Drive ECHOLINE/06-Community/TEEO/Archive ===
[2026-06-08 14:50:20] [SUCCESS] Dossier cree: Drive ECHOLINE/06-Community/TEEO/Archive
[2026-06-08 14:50:20] [WARN] Erreur résolution 'test': Le serveur distant a retourné une erreur : (403) Interdit.
[2026-06-08 14:50:20] [WARN] Impossible de résoudre 'test' dans le tenant destination - permission ignorée
[2026-06-08 14:50:20] [SUCCESS] Permission appliquée: User 01 [write] -> Drive ECHOLINE/06-Community/TEEO/Archive
[2026-06-08 14:50:20] [WARN] Pas de mappage pour: SERVICES_GENERAUX - Membres () - permission ignorée sur Drive ECHOLINE/06-Community/TEEO/Archive
[2026-06-08 14:50:20] [WARN] Pas de mappage pour: SERVICES_GENERAUX - Visiteurs () - permission ignorée sur Drive ECHOLINE/06-Community/TEEO/Archive
[2026-06-08 14:50:20] [WARN] Pas de mappage pour: Propriétaires de SERVICES_GENERAUX () - permission ignorée sur Drive ECHOLINE/06-Community/TEEO/Archive
[2026-06-08 14:50:21] [WARN] Erreur permission Equipe INFRA [owner] sur Drive ECHOLINE/06-Community/TEEO/Archive: Le serveur distant a retourné une erreur : (400) Demande incorrecte.
[2026-06-08 14:50:21] [INFO] Traitement: /Drive ECHOLINE/06-Community/TEEO/Partenariat/ (6 permission(s))
[2026-06-08 14:50:21] [INFO] === COPIE REELLE: Drive ECHOLINE/06-Community/TEEO/Partenariat ===
[2026-06-08 14:50:22] [SUCCESS] Dossier cree: Drive ECHOLINE/06-Community/TEEO/Partenariat
[2026-06-08 14:50:22] [WARN] Pas de mappage pour: SERVICES_GENERAUX - Visiteurs () - permission ignorée sur Drive ECHOLINE/06-Community/TEEO/Partenariat
[2026-06-08 14:50:22] [WARN] Pas de mappage pour: Propriétaires de SERVICES_GENERAUX () - permission ignorée sur Drive ECHOLINE/06-Community/TEEO/Partenariat
[2026-06-08 14:50:22] [WARN] Pas de mappage pour: SERVICES_GENERAUX - Membres () - permission ignorée sur Drive ECHOLINE/06-Community/TEEO/Partenariat
[2026-06-08 14:50:22] [WARN] Erreur résolution 'test': Le serveur distant a retourné une erreur : (403) Interdit.
[2026-06-08 14:50:22] [WARN] Impossible de résoudre 'test' dans le tenant destination - permission ignorée
[2026-06-08 14:50:22] [WARN] Erreur permission Equipe INFRA [owner] sur Drive ECHOLINE/06-Community/TEEO/Partenariat: Le serveur distant a retourné une erreur : (400) Demande incorrecte.
[2026-06-08 14:50:22] [SUCCESS] Permission appliquée: User 01 [write] -> Drive ECHOLINE/06-Community/TEEO/Partenariat
[2026-06-08 14:50:22] [INFO] Traitement: /Drive ECHOLINE/07-Tech/ (6 permission(s))
[2026-06-08 14:50:22] [INFO] === COPIE REELLE: Drive ECHOLINE/07-Tech ===
[2026-06-08 14:50:23] [SUCCESS] Dossier cree: Drive ECHOLINE/07-Tech
[2026-06-08 14:50:23] [SUCCESS] Permission appliquée: User 01 [write] -> Drive ECHOLINE/07-Tech
[2026-06-08 14:50:23] [WARN] Pas de mappage pour: SERVICES_GENERAUX - Membres () - permission ignorée sur Drive ECHOLINE/07-Tech
[2026-06-08 14:50:24] [WARN] Erreur résolution 'test': Le serveur distant a retourné une erreur : (403) Interdit.
[2026-06-08 14:50:24] [WARN] Impossible de résoudre 'test' dans le tenant destination - permission ignorée
[2026-06-08 14:50:24] [WARN] Pas de mappage pour: SERVICES_GENERAUX - Visiteurs () - permission ignorée sur Drive ECHOLINE/07-Tech
[2026-06-08 14:50:24] [WARN] Pas de mappage pour: Propriétaires de SERVICES_GENERAUX () - permission ignorée sur Drive ECHOLINE/07-Tech
[2026-06-08 14:50:24] [WARN] Erreur permission Equipe INFRA [owner] sur Drive ECHOLINE/07-Tech: Le serveur distant a retourné une erreur : (400) Demande incorrecte.
[2026-06-08 14:50:24] [INFO] Traitement: /Drive ECHOLINE/07-Tech/A-Product management/ (6 permission(s))
[2026-06-08 14:50:24] [INFO] === COPIE REELLE: Drive ECHOLINE/07-Tech/A-Product management ===
[2026-06-08 14:50:25] [SUCCESS] Dossier cree: Drive ECHOLINE/07-Tech/A-Product management
[2026-06-08 14:50:25] [WARN] Pas de mappage pour: SERVICES_GENERAUX - Visiteurs () - permission ignorée sur Drive ECHOLINE/07-Tech/A-Product management
[2026-06-08 14:50:25] [WARN] Pas de mappage pour: Propriétaires de SERVICES_GENERAUX () - permission ignorée sur Drive ECHOLINE/07-Tech/A-Product management
[2026-06-08 14:50:25] [WARN] Erreur résolution 'test': Le serveur distant a retourné une erreur : (403) Interdit.
[2026-06-08 14:50:25] [WARN] Impossible de résoudre 'test' dans le tenant destination - permission ignorée
[2026-06-08 14:50:25] [WARN] Erreur permission Equipe INFRA [owner] sur Drive ECHOLINE/07-Tech/A-Product management: Le serveur distant a retourné une erreur : (400) Demande incorrecte.
[2026-06-08 14:50:25] [SUCCESS] Permission appliquée: User 01 [write] -> Drive ECHOLINE/07-Tech/A-Product management
[2026-06-08 14:50:25] [WARN] Pas de mappage pour: SERVICES_GENERAUX - Membres () - permission ignorée sur Drive ECHOLINE/07-Tech/A-Product management
[2026-06-08 14:50:25] [INFO] Traitement: /Drive ECHOLINE/07-Tech/A-Product management/ZZ-Archives/ (6 permission(s))
[2026-06-08 14:50:25] [INFO] === COPIE REELLE: Drive ECHOLINE/07-Tech/A-Product management/ZZ-Archives ===
[2026-06-08 14:50:26] [SUCCESS] Dossier cree: Drive ECHOLINE/07-Tech/A-Product management/ZZ-Archives
[2026-06-08 14:50:27] [SUCCESS] Permission appliquée: User 01 [write] -> Drive ECHOLINE/07-Tech/A-Product management/ZZ-Archives
[2026-06-08 14:50:27] [WARN] Pas de mappage pour: SERVICES_GENERAUX - Membres () - permission ignorée sur Drive ECHOLINE/07-Tech/A-Product management/ZZ-Archives
[2026-06-08 14:50:27] [WARN] Pas de mappage pour: SERVICES_GENERAUX - Visiteurs () - permission ignorée sur Drive ECHOLINE/07-Tech/A-Product management/ZZ-Archives
[2026-06-08 14:50:27] [WARN] Pas de mappage pour: Propriétaires de SERVICES_GENERAUX () - permission ignorée sur Drive ECHOLINE/07-Tech/A-Product management/ZZ-Archives
[2026-06-08 14:50:27] [WARN] Erreur permission Equipe INFRA [owner] sur Drive ECHOLINE/07-Tech/A-Product management/ZZ-Archives: Le serveur distant a retourné une erreur : (400) Demande incorrecte.
[2026-06-08 14:50:27] [WARN] Erreur résolution 'test': Le serveur distant a retourné une erreur : (403) Interdit.
[2026-06-08 14:50:27] [WARN] Impossible de résoudre 'test' dans le tenant destination - permission ignorée
[2026-06-08 14:50:27] [INFO] Traitement: /Drive ECHOLINE/07-Tech/B-Backup/ (6 permission(s))
[2026-06-08 14:50:27] [INFO] === COPIE REELLE: Drive ECHOLINE/07-Tech/B-Backup ===
[2026-06-08 14:50:28] [SUCCESS] Dossier cree: Drive ECHOLINE/07-Tech/B-Backup
[2026-06-08 14:50:29] [WARN] Erreur résolution 'test': Le serveur distant a retourné une erreur : (403) Interdit.
[2026-06-08 14:50:29] [WARN] Impossible de résoudre 'test' dans le tenant destination - permission ignorée
[2026-06-08 14:50:29] [WARN] Pas de mappage pour: Propriétaires de SERVICES_GENERAUX () - permission ignorée sur Drive ECHOLINE/07-Tech/B-Backup
[2026-06-08 14:50:29] [WARN] Pas de mappage pour: SERVICES_GENERAUX - Visiteurs () - permission ignorée sur Drive ECHOLINE/07-Tech/B-Backup
[2026-06-08 14:50:29] [WARN] Pas de mappage pour: SERVICES_GENERAUX - Membres () - permission ignorée sur Drive ECHOLINE/07-Tech/B-Backup
[2026-06-08 14:50:29] [SUCCESS] Permission appliquée: User 01 [write] -> Drive ECHOLINE/07-Tech/B-Backup
[2026-06-08 14:50:29] [WARN] Erreur permission Equipe INFRA [owner] sur Drive ECHOLINE/07-Tech/B-Backup: Le serveur distant a retourné une erreur : (400) Demande incorrecte.
[2026-06-08 14:50:29] [INFO] Traitement: /Drive ECHOLINE/07-Tech/B-Backup/Alexandria/ (6 permission(s))
[2026-06-08 14:50:29] [INFO] === COPIE REELLE: Drive ECHOLINE/07-Tech/B-Backup/Alexandria ===
[2026-06-08 14:50:30] [SUCCESS] Dossier cree: Drive ECHOLINE/07-Tech/B-Backup/Alexandria
[2026-06-08 14:50:31] [SUCCESS] Permission appliquée: User 01 [write] -> Drive ECHOLINE/07-Tech/B-Backup/Alexandria
[2026-06-08 14:50:31] [WARN] Pas de mappage pour: Propriétaires de SERVICES_GENERAUX () - permission ignorée sur Drive ECHOLINE/07-Tech/B-Backup/Alexandria
[2026-06-08 14:50:31] [WARN] Pas de mappage pour: SERVICES_GENERAUX - Visiteurs () - permission ignorée sur Drive ECHOLINE/07-Tech/B-Backup/Alexandria
[2026-06-08 14:50:31] [WARN] Pas de mappage pour: SERVICES_GENERAUX - Membres () - permission ignorée sur Drive ECHOLINE/07-Tech/B-Backup/Alexandria
[2026-06-08 14:50:31] [WARN] Erreur permission Equipe INFRA [owner] sur Drive ECHOLINE/07-Tech/B-Backup/Alexandria: Le serveur distant a retourné une erreur : (400) Demande incorrecte.
[2026-06-08 14:50:31] [WARN] Erreur résolution 'test': Le serveur distant a retourné une erreur : (403) Interdit.
[2026-06-08 14:50:31] [WARN] Impossible de résoudre 'test' dans le tenant destination - permission ignorée
[2026-06-08 14:50:31] [INFO] Traitement: /Drive ECHOLINE/07-Tech/B-Backup/Archives Gitlab/ (6 permission(s))
[2026-06-08 14:50:31] [INFO] === COPIE REELLE: Drive ECHOLINE/07-Tech/B-Backup/Archives Gitlab ===
[2026-06-08 14:50:32] [SUCCESS] Dossier cree: Drive ECHOLINE/07-Tech/B-Backup/Archives Gitlab
[2026-06-08 14:50:32] [WARN] Erreur résolution 'test': Le serveur distant a retourné une erreur : (403) Interdit.
[2026-06-08 14:50:32] [WARN] Impossible de résoudre 'test' dans le tenant destination - permission ignorée
[2026-06-08 14:50:32] [WARN] Erreur permission Equipe INFRA [owner] sur Drive ECHOLINE/07-Tech/B-Backup/Archives Gitlab: Le serveur distant a retourné une erreur : (400) Demande incorrecte.
[2026-06-08 14:50:33] [SUCCESS] Permission appliquée: User 01 [write] -> Drive ECHOLINE/07-Tech/B-Backup/Archives Gitlab
[2026-06-08 14:50:33] [WARN] Pas de mappage pour: SERVICES_GENERAUX - Membres () - permission ignorée sur Drive ECHOLINE/07-Tech/B-Backup/Archives Gitlab
[2026-06-08 14:50:33] [WARN] Pas de mappage pour: SERVICES_GENERAUX - Visiteurs () - permission ignorée sur Drive ECHOLINE/07-Tech/B-Backup/Archives Gitlab
[2026-06-08 14:50:33] [WARN] Pas de mappage pour: Propriétaires de SERVICES_GENERAUX () - permission ignorée sur Drive ECHOLINE/07-Tech/B-Backup/Archives Gitlab
[2026-06-08 14:50:33] [INFO] Traitement: /Drive ECHOLINE/07-Tech/B-Backup/BDD/ (6 permission(s))
[2026-06-08 14:50:33] [INFO] === COPIE REELLE: Drive ECHOLINE/07-Tech/B-Backup/BDD ===
[2026-06-08 14:50:34] [SUCCESS] Dossier cree: Drive ECHOLINE/07-Tech/B-Backup/BDD
[2026-06-08 14:50:34] [WARN] Pas de mappage pour: SERVICES_GENERAUX - Membres () - permission ignorée sur Drive ECHOLINE/07-Tech/B-Backup/BDD
[2026-06-08 14:50:34] [WARN] Erreur résolution 'test': Le serveur distant a retourné une erreur : (403) Interdit.
[2026-06-08 14:50:34] [WARN] Impossible de résoudre 'test' dans le tenant destination - permission ignorée
[2026-06-08 14:50:34] [WARN] Pas de mappage pour: SERVICES_GENERAUX - Visiteurs () - permission ignorée sur Drive ECHOLINE/07-Tech/B-Backup/BDD
[2026-06-08 14:50:34] [WARN] Pas de mappage pour: Propriétaires de SERVICES_GENERAUX () - permission ignorée sur Drive ECHOLINE/07-Tech/B-Backup/BDD
[2026-06-08 14:50:35] [SUCCESS] Permission appliquée: User 01 [write] -> Drive ECHOLINE/07-Tech/B-Backup/BDD
[2026-06-08 14:50:35] [WARN] Erreur permission Equipe INFRA [owner] sur Drive ECHOLINE/07-Tech/B-Backup/BDD: Le serveur distant a retourné une erreur : (400) Demande incorrecte.
[2026-06-08 14:50:35] [INFO] Traitement: /Drive ECHOLINE/07-Tech/B-Backup/Infra/ (6 permission(s))
[2026-06-08 14:50:35] [INFO] === COPIE REELLE: Drive ECHOLINE/07-Tech/B-Backup/Infra ===
[2026-06-08 14:50:36] [SUCCESS] Dossier cree: Drive ECHOLINE/07-Tech/B-Backup/Infra
[2026-06-08 14:50:36] [WARN] Erreur résolution 'test': Le serveur distant a retourné une erreur : (403) Interdit.
[2026-06-08 14:50:36] [WARN] Impossible de résoudre 'test' dans le tenant destination - permission ignorée
[2026-06-08 14:50:36] [WARN] Pas de mappage pour: Propriétaires de SERVICES_GENERAUX () - permission ignorée sur Drive ECHOLINE/07-Tech/B-Backup/Infra
[2026-06-08 14:50:36] [WARN] Pas de mappage pour: SERVICES_GENERAUX - Visiteurs () - permission ignorée sur Drive ECHOLINE/07-Tech/B-Backup/Infra
[2026-06-08 14:50:36] [WARN] Pas de mappage pour: SERVICES_GENERAUX - Membres () - permission ignorée sur Drive ECHOLINE/07-Tech/B-Backup/Infra
[2026-06-08 14:50:36] [SUCCESS] Permission appliquée: User 01 [write] -> Drive ECHOLINE/07-Tech/B-Backup/Infra
[2026-06-08 14:50:37] [WARN] Erreur permission Equipe INFRA [owner] sur Drive ECHOLINE/07-Tech/B-Backup/Infra: Le serveur distant a retourné une erreur : (400) Demande incorrecte.
[2026-06-08 14:50:37] [INFO] Traitement: /Drive ECHOLINE/07-Tech/B-Backup/Maquettes/ (6 permission(s))
[2026-06-08 14:50:37] [INFO] === COPIE REELLE: Drive ECHOLINE/07-Tech/B-Backup/Maquettes ===
[2026-06-08 14:50:38] [SUCCESS] Dossier cree: Drive ECHOLINE/07-Tech/B-Backup/Maquettes
[2026-06-08 14:50:38] [WARN] Pas de mappage pour: Propriétaires de SERVICES_GENERAUX () - permission ignorée sur Drive ECHOLINE/07-Tech/B-Backup/Maquettes
[2026-06-08 14:50:38] [WARN] Pas de mappage pour: SERVICES_GENERAUX - Visiteurs () - permission ignorée sur Drive ECHOLINE/07-Tech/B-Backup/Maquettes
[2026-06-08 14:50:38] [WARN] Pas de mappage pour: SERVICES_GENERAUX - Membres () - permission ignorée sur Drive ECHOLINE/07-Tech/B-Backup/Maquettes
[2026-06-08 14:50:38] [SUCCESS] Permission appliquée: User 01 [write] -> Drive ECHOLINE/07-Tech/B-Backup/Maquettes
[2026-06-08 14:50:39] [WARN] Erreur permission Equipe INFRA [owner] sur Drive ECHOLINE/07-Tech/B-Backup/Maquettes: Le serveur distant a retourné une erreur : (400) Demande incorrecte.
[2026-06-08 14:50:39] [WARN] Erreur résolution 'test': Le serveur distant a retourné une erreur : (403) Interdit.
[2026-06-08 14:50:39] [WARN] Impossible de résoudre 'test' dans le tenant destination - permission ignorée
[2026-06-08 14:50:39] [INFO] Traitement: /Drive ECHOLINE/07-Tech/B-Backup/Pentest Q4 2022/ (6 permission(s))
[2026-06-08 14:50:39] [INFO] === COPIE REELLE: Drive ECHOLINE/07-Tech/B-Backup/Pentest Q4 2022 ===
[2026-06-08 14:50:40] [SUCCESS] Dossier cree: Drive ECHOLINE/07-Tech/B-Backup/Pentest Q4 2022
[2026-06-08 14:50:40] [WARN] Pas de mappage pour: Propriétaires de SERVICES_GENERAUX () - permission ignorée sur Drive ECHOLINE/07-Tech/B-Backup/Pentest Q4 2022
[2026-06-08 14:50:40] [WARN] Erreur résolution 'test': Le serveur distant a retourné une erreur : (403) Interdit.
[2026-06-08 14:50:40] [WARN] Impossible de résoudre 'test' dans le tenant destination - permission ignorée
[2026-06-08 14:50:40] [WARN] Erreur permission Equipe INFRA [owner] sur Drive ECHOLINE/07-Tech/B-Backup/Pentest Q4 2022: Le serveur distant a retourné une erreur : (400) Demande incorrecte.
[2026-06-08 14:50:41] [SUCCESS] Permission appliquée: User 01 [write] -> Drive ECHOLINE/07-Tech/B-Backup/Pentest Q4 2022
[2026-06-08 14:50:41] [WARN] Pas de mappage pour: SERVICES_GENERAUX - Membres () - permission ignorée sur Drive ECHOLINE/07-Tech/B-Backup/Pentest Q4 2022
[2026-06-08 14:50:41] [WARN] Pas de mappage pour: SERVICES_GENERAUX - Visiteurs () - permission ignorée sur Drive ECHOLINE/07-Tech/B-Backup/Pentest Q4 2022
[2026-06-08 14:50:41] [INFO] Traitement: /Drive ECHOLINE/07-Tech/B-Backup/QSE/ (6 permission(s))
[2026-06-08 14:50:41] [INFO] === COPIE REELLE: Drive ECHOLINE/07-Tech/B-Backup/QSE ===
[2026-06-08 14:50:41] [SUCCESS] Dossier cree: Drive ECHOLINE/07-Tech/B-Backup/QSE
[2026-06-08 14:50:42] [WARN] Pas de mappage pour: Propriétaires de SERVICES_GENERAUX () - permission ignorée sur Drive ECHOLINE/07-Tech/B-Backup/QSE
[2026-06-08 14:50:42] [WARN] Pas de mappage pour: SERVICES_GENERAUX - Membres () - permission ignorée sur Drive ECHOLINE/07-Tech/B-Backup/QSE
[2026-06-08 14:50:42] [WARN] Erreur permission Equipe INFRA [owner] sur Drive ECHOLINE/07-Tech/B-Backup/QSE: Le serveur distant a retourné une erreur : (400) Demande incorrecte.
[2026-06-08 14:50:42] [WARN] Erreur résolution 'test': Le serveur distant a retourné une erreur : (403) Interdit.
[2026-06-08 14:50:42] [WARN] Impossible de résoudre 'test' dans le tenant destination - permission ignorée
[2026-06-08 14:50:42] [WARN] Pas de mappage pour: SERVICES_GENERAUX - Visiteurs () - permission ignorée sur Drive ECHOLINE/07-Tech/B-Backup/QSE
[2026-06-08 14:50:42] [SUCCESS] Permission appliquée: User 01 [write] -> Drive ECHOLINE/07-Tech/B-Backup/QSE
[2026-06-08 14:50:42] [INFO] Traitement: /Drive ECHOLINE/07-Tech/B-Backup/RFP/ (6 permission(s))
[2026-06-08 14:50:42] [INFO] === COPIE REELLE: Drive ECHOLINE/07-Tech/B-Backup/RFP ===
[2026-06-08 14:50:43] [SUCCESS] Dossier cree: Drive ECHOLINE/07-Tech/B-Backup/RFP
[2026-06-08 14:50:43] [WARN] Erreur résolution 'test': Le serveur distant a retourné une erreur : (403) Interdit.
[2026-06-08 14:50:43] [WARN] Impossible de résoudre 'test' dans le tenant destination - permission ignorée
[2026-06-08 14:50:44] [WARN] Erreur permission Equipe INFRA [owner] sur Drive ECHOLINE/07-Tech/B-Backup/RFP: Le serveur distant a retourné une erreur : (400) Demande incorrecte.
[2026-06-08 14:50:44] [SUCCESS] Permission appliquée: User 01 [write] -> Drive ECHOLINE/07-Tech/B-Backup/RFP
[2026-06-08 14:50:44] [WARN] Pas de mappage pour: SERVICES_GENERAUX - Membres () - permission ignorée sur Drive ECHOLINE/07-Tech/B-Backup/RFP
[2026-06-08 14:50:44] [WARN] Pas de mappage pour: SERVICES_GENERAUX - Visiteurs () - permission ignorée sur Drive ECHOLINE/07-Tech/B-Backup/RFP
[2026-06-08 14:50:44] [WARN] Pas de mappage pour: Propriétaires de SERVICES_GENERAUX () - permission ignorée sur Drive ECHOLINE/07-Tech/B-Backup/RFP
[2026-06-08 14:50:44] [INFO] Traitement: /Drive ECHOLINE/07-Tech/C-Cybersécurité/ (6 permission(s))
[2026-06-08 14:50:44] [INFO] === COPIE REELLE: Drive ECHOLINE/07-Tech/C-Cybersécurité ===
[2026-06-08 14:50:45] [ERROR] Erreur copie: Le serveur distant a retourné une erreur : (400) Demande incorrecte.
[2026-06-08 14:50:45] [WARN] Impossible de récupérer l'item destination pour les droits: Drive ECHOLINE/07-Tech/C-Cybersécurité - Le serveur distant a retourné une erreur : (404) Introuvable.
[2026-06-08 14:50:45] [INFO] Traitement: /Drive ECHOLINE/07-Tech/C-Cybersécurité/2022/ (6 permission(s))
[2026-06-08 14:50:45] [INFO] === COPIE REELLE: Drive ECHOLINE/07-Tech/C-Cybersécurité/2022 ===
[2026-06-08 14:50:46] [ERROR] Erreur copie: Le serveur distant a retourné une erreur : (400) Demande incorrecte.
[2026-06-08 14:50:46] [WARN] Impossible de récupérer l'item destination pour les droits: Drive ECHOLINE/07-Tech/C-Cybersécurité/2022 - Le serveur distant a retourné une erreur : (404) Introuvable.
[2026-06-08 14:50:46] [INFO] Traitement: /Drive ECHOLINE/07-Tech/OpenAI/ (6 permission(s))
[2026-06-08 14:50:46] [INFO] === COPIE REELLE: Drive ECHOLINE/07-Tech/OpenAI ===
[2026-06-08 14:50:47] [SUCCESS] Dossier cree: Drive ECHOLINE/07-Tech/OpenAI
[2026-06-08 14:50:47] [WARN] Erreur résolution 'test': Le serveur distant a retourné une erreur : (403) Interdit.
[2026-06-08 14:50:47] [WARN] Impossible de résoudre 'test' dans le tenant destination - permission ignorée
[2026-06-08 14:50:48] [WARN] Erreur permission Equipe INFRA [owner] sur Drive ECHOLINE/07-Tech/OpenAI: Le serveur distant a retourné une erreur : (400) Demande incorrecte.
[2026-06-08 14:50:48] [SUCCESS] Permission appliquée: User 01 [write] -> Drive ECHOLINE/07-Tech/OpenAI
[2026-06-08 14:50:48] [WARN] Pas de mappage pour: SERVICES_GENERAUX - Membres () - permission ignorée sur Drive ECHOLINE/07-Tech/OpenAI
[2026-06-08 14:50:48] [WARN] Pas de mappage pour: SERVICES_GENERAUX - Visiteurs () - permission ignorée sur Drive ECHOLINE/07-Tech/OpenAI
[2026-06-08 14:50:48] [WARN] Pas de mappage pour: Propriétaires de SERVICES_GENERAUX () - permission ignorée sur Drive ECHOLINE/07-Tech/OpenAI
[2026-06-08 14:50:48] [INFO] Traitement: /Drive ECHOLINE/07-Tech/ZZ-Archives/ (6 permission(s))
[2026-06-08 14:50:48] [INFO] === COPIE REELLE: Drive ECHOLINE/07-Tech/ZZ-Archives ===
[2026-06-08 14:50:49] [SUCCESS] Dossier cree: Drive ECHOLINE/07-Tech/ZZ-Archives
[2026-06-08 14:50:49] [SUCCESS] Permission appliquée: User 01 [write] -> Drive ECHOLINE/07-Tech/ZZ-Archives
[2026-06-08 14:50:49] [WARN] Pas de mappage pour: Propriétaires de SERVICES_GENERAUX () - permission ignorée sur Drive ECHOLINE/07-Tech/ZZ-Archives
[2026-06-08 14:50:49] [WARN] Pas de mappage pour: SERVICES_GENERAUX - Visiteurs () - permission ignorée sur Drive ECHOLINE/07-Tech/ZZ-Archives
[2026-06-08 14:50:49] [WARN] Pas de mappage pour: SERVICES_GENERAUX - Membres () - permission ignorée sur Drive ECHOLINE/07-Tech/ZZ-Archives
[2026-06-08 14:50:49] [WARN] Erreur permission Equipe INFRA [owner] sur Drive ECHOLINE/07-Tech/ZZ-Archives: Le serveur distant a retourné une erreur : (400) Demande incorrecte.
[2026-06-08 14:50:49] [WARN] Erreur résolution 'test': Le serveur distant a retourné une erreur : (403) Interdit.
[2026-06-08 14:50:49] [WARN] Impossible de résoudre 'test' dans le tenant destination - permission ignorée
[2026-06-08 14:50:49] [INFO] Traitement: /Drive ECHOLINE/07-Tech/ZZ-Archives/Archives fonds LEGI - DILA/ (6 permission(s))
[2026-06-08 14:50:49] [INFO] === COPIE REELLE: Drive ECHOLINE/07-Tech/ZZ-Archives/Archives fonds LEGI - DILA ===
[2026-06-08 14:50:50] [SUCCESS] Dossier cree: Drive ECHOLINE/07-Tech/ZZ-Archives/Archives fonds LEGI - DILA
[2026-06-08 14:50:51] [WARN] Erreur résolution 'test': Le serveur distant a retourné une erreur : (403) Interdit.
[2026-06-08 14:50:51] [WARN] Impossible de résoudre 'test' dans le tenant destination - permission ignorée
[2026-06-08 14:50:51] [WARN] Pas de mappage pour: Propriétaires de SERVICES_GENERAUX () - permission ignorée sur Drive ECHOLINE/07-Tech/ZZ-Archives/Archives fonds LEGI - DILA
[2026-06-08 14:50:51] [WARN] Pas de mappage pour: SERVICES_GENERAUX - Visiteurs () - permission ignorée sur Drive ECHOLINE/07-Tech/ZZ-Archives/Archives fonds LEGI - DILA
[2026-06-08 14:50:51] [WARN] Pas de mappage pour: SERVICES_GENERAUX - Membres () - permission ignorée sur Drive ECHOLINE/07-Tech/ZZ-Archives/Archives fonds LEGI - DILA
[2026-06-08 14:50:51] [WARN] Erreur permission Equipe INFRA [owner] sur Drive ECHOLINE/07-Tech/ZZ-Archives/Archives fonds LEGI - DILA: Le serveur distant a retourné une erreur : (400) Demande incorrecte.
[2026-06-08 14:50:51] [SUCCESS] Permission appliquée: User 01 [write] -> Drive ECHOLINE/07-Tech/ZZ-Archives/Archives fonds LEGI - DILA
[2026-06-08 14:50:51] [INFO] Traitement: /Drive ECHOLINE/08-Design/ (6 permission(s))
[2026-06-08 14:50:51] [INFO] === COPIE REELLE: Drive ECHOLINE/08-Design ===
[2026-06-08 14:50:52] [SUCCESS] Dossier cree: Drive ECHOLINE/08-Design
[2026-06-08 14:50:52] [WARN] Erreur résolution 'test': Le serveur distant a retourné une erreur : (403) Interdit.
[2026-06-08 14:50:52] [WARN] Impossible de résoudre 'test' dans le tenant destination - permission ignorée
[2026-06-08 14:50:52] [WARN] Erreur permission Equipe INFRA [owner] sur Drive ECHOLINE/08-Design: Le serveur distant a retourné une erreur : (400) Demande incorrecte.
[2026-06-08 14:50:53] [SUCCESS] Permission appliquée: User 01 [write] -> Drive ECHOLINE/08-Design
[2026-06-08 14:50:53] [WARN] Pas de mappage pour: SERVICES_GENERAUX - Membres () - permission ignorée sur Drive ECHOLINE/08-Design
[2026-06-08 14:50:53] [WARN] Pas de mappage pour: SERVICES_GENERAUX - Visiteurs () - permission ignorée sur Drive ECHOLINE/08-Design
[2026-06-08 14:50:53] [WARN] Pas de mappage pour: Propriétaires de SERVICES_GENERAUX () - permission ignorée sur Drive ECHOLINE/08-Design
[2026-06-08 14:50:53] [INFO] Traitement: /Drive ECHOLINE/08-Design/App ECHOLINE/ (6 permission(s))
[2026-06-08 14:50:53] [INFO] === COPIE REELLE: Drive ECHOLINE/08-Design/App ECHOLINE ===
[2026-06-08 14:50:54] [SUCCESS] Dossier cree: Drive ECHOLINE/08-Design/App ECHOLINE
[2026-06-08 14:50:54] [WARN] Erreur permission Equipe INFRA [owner] sur Drive ECHOLINE/08-Design/App ECHOLINE: Le serveur distant a retourné une erreur : (400) Demande incorrecte.
[2026-06-08 14:50:54] [SUCCESS] Permission appliquée: User 01 [write] -> Drive ECHOLINE/08-Design/App ECHOLINE
[2026-06-08 14:50:54] [WARN] Pas de mappage pour: SERVICES_GENERAUX - Membres () - permission ignorée sur Drive ECHOLINE/08-Design/App ECHOLINE
[2026-06-08 14:50:54] [WARN] Pas de mappage pour: Propriétaires de SERVICES_GENERAUX () - permission ignorée sur Drive ECHOLINE/08-Design/App ECHOLINE
[2026-06-08 14:50:54] [WARN] Pas de mappage pour: SERVICES_GENERAUX - Visiteurs () - permission ignorée sur Drive ECHOLINE/08-Design/App ECHOLINE
[2026-06-08 14:50:54] [WARN] Erreur résolution 'test': Le serveur distant a retourné une erreur : (403) Interdit.
[2026-06-08 14:50:54] [WARN] Impossible de résoudre 'test' dans le tenant destination - permission ignorée
[2026-06-08 14:50:54] [INFO] Traitement: /Drive ECHOLINE/08-Design/ZZ-Archives/ (6 permission(s))
[2026-06-08 14:50:54] [INFO] === COPIE REELLE: Drive ECHOLINE/08-Design/ZZ-Archives ===
[2026-06-08 14:50:55] [SUCCESS] Dossier cree: Drive ECHOLINE/08-Design/ZZ-Archives
[2026-06-08 14:50:56] [WARN] Erreur permission Equipe INFRA [owner] sur Drive ECHOLINE/08-Design/ZZ-Archives: Le serveur distant a retourné une erreur : (400) Demande incorrecte.
[2026-06-08 14:50:56] [SUCCESS] Permission appliquée: User 01 [write] -> Drive ECHOLINE/08-Design/ZZ-Archives
[2026-06-08 14:50:56] [WARN] Pas de mappage pour: SERVICES_GENERAUX - Membres () - permission ignorée sur Drive ECHOLINE/08-Design/ZZ-Archives
[2026-06-08 14:50:56] [WARN] Pas de mappage pour: SERVICES_GENERAUX - Visiteurs () - permission ignorée sur Drive ECHOLINE/08-Design/ZZ-Archives
[2026-06-08 14:50:56] [WARN] Pas de mappage pour: Propriétaires de SERVICES_GENERAUX () - permission ignorée sur Drive ECHOLINE/08-Design/ZZ-Archives
[2026-06-08 14:50:56] [WARN] Erreur résolution 'test': Le serveur distant a retourné une erreur : (403) Interdit.
[2026-06-08 14:50:56] [WARN] Impossible de résoudre 'test' dans le tenant destination - permission ignorée
[2026-06-08 14:50:56] [INFO] Traitement: /Drive ECHOLINE/09-QSE/ (6 permission(s))
[2026-06-08 14:50:56] [INFO] === COPIE REELLE: Drive ECHOLINE/09-QSE ===
[2026-06-08 14:50:57] [SUCCESS] Dossier cree: Drive ECHOLINE/09-QSE
[2026-06-08 14:50:57] [SUCCESS] Permission appliquée: User 01 [write] -> Drive ECHOLINE/09-QSE
[2026-06-08 14:50:57] [WARN] Pas de mappage pour: SERVICES_GENERAUX - Membres () - permission ignorée sur Drive ECHOLINE/09-QSE
[2026-06-08 14:50:57] [WARN] Pas de mappage pour: SERVICES_GENERAUX - Visiteurs () - permission ignorée sur Drive ECHOLINE/09-QSE
[2026-06-08 14:50:57] [WARN] Pas de mappage pour: Propriétaires de SERVICES_GENERAUX () - permission ignorée sur Drive ECHOLINE/09-QSE
[2026-06-08 14:50:57] [WARN] Erreur résolution 'test': Le serveur distant a retourné une erreur : (403) Interdit.
[2026-06-08 14:50:57] [WARN] Impossible de résoudre 'test' dans le tenant destination - permission ignorée
[2026-06-08 14:50:58] [WARN] Erreur permission Equipe INFRA [owner] sur Drive ECHOLINE/09-QSE: Le serveur distant a retourné une erreur : (400) Demande incorrecte.
[2026-06-08 14:50:58] [INFO] Traitement: /Drive ECHOLINE/09-QSE/A-Analyse environnementale/ (6 permission(s))
[2026-06-08 14:50:58] [INFO] === COPIE REELLE: Drive ECHOLINE/09-QSE/A-Analyse environnementale ===
[2026-06-08 14:50:59] [SUCCESS] Dossier cree: Drive ECHOLINE/09-QSE/A-Analyse environnementale
[2026-06-08 14:50:59] [WARN] Erreur résolution 'test': Le serveur distant a retourné une erreur : (403) Interdit.
[2026-06-08 14:50:59] [WARN] Impossible de résoudre 'test' dans le tenant destination - permission ignorée
[2026-06-08 14:50:59] [WARN] Erreur permission Equipe INFRA [owner] sur Drive ECHOLINE/09-QSE/A-Analyse environnementale: Le serveur distant a retourné une erreur : (400) Demande incorrecte.
[2026-06-08 14:50:59] [SUCCESS] Permission appliquée: User 01 [write] -> Drive ECHOLINE/09-QSE/A-Analyse environnementale
[2026-06-08 14:50:59] [WARN] Pas de mappage pour: SERVICES_GENERAUX - Membres () - permission ignorée sur Drive ECHOLINE/09-QSE/A-Analyse environnementale
[2026-06-08 14:50:59] [WARN] Pas de mappage pour: SERVICES_GENERAUX - Visiteurs () - permission ignorée sur Drive ECHOLINE/09-QSE/A-Analyse environnementale
[2026-06-08 14:50:59] [WARN] Pas de mappage pour: Propriétaires de SERVICES_GENERAUX () - permission ignorée sur Drive ECHOLINE/09-QSE/A-Analyse environnementale
[2026-06-08 14:50:59] [INFO] Traitement: /Drive ECHOLINE/09-QSE/B-Bilan carbone/ (6 permission(s))
[2026-06-08 14:50:59] [INFO] === COPIE REELLE: Drive ECHOLINE/09-QSE/B-Bilan carbone ===
[2026-06-08 14:51:00] [SUCCESS] Dossier cree: Drive ECHOLINE/09-QSE/B-Bilan carbone
[2026-06-08 14:51:00] [WARN] Pas de mappage pour: SERVICES_GENERAUX - Membres () - permission ignorée sur Drive ECHOLINE/09-QSE/B-Bilan carbone
[2026-06-08 14:51:00] [WARN] Pas de mappage pour: Propriétaires de SERVICES_GENERAUX () - permission ignorée sur Drive ECHOLINE/09-QSE/B-Bilan carbone
[2026-06-08 14:51:00] [WARN] Erreur permission Equipe INFRA [owner] sur Drive ECHOLINE/09-QSE/B-Bilan carbone: Le serveur distant a retourné une erreur : (400) Demande incorrecte.
[2026-06-08 14:51:01] [WARN] Erreur résolution 'test': Le serveur distant a retourné une erreur : (403) Interdit.
[2026-06-08 14:51:01] [WARN] Impossible de résoudre 'test' dans le tenant destination - permission ignorée
[2026-06-08 14:51:01] [WARN] Pas de mappage pour: SERVICES_GENERAUX - Visiteurs () - permission ignorée sur Drive ECHOLINE/09-QSE/B-Bilan carbone
[2026-06-08 14:51:01] [SUCCESS] Permission appliquée: User 01 [write] -> Drive ECHOLINE/09-QSE/B-Bilan carbone
[2026-06-08 14:51:01] [INFO] Traitement: /Drive ECHOLINE/09-QSE/C-Document unique/ (6 permission(s))
[2026-06-08 14:51:01] [INFO] === COPIE REELLE: Drive ECHOLINE/09-QSE/C-Document unique ===
[2026-06-08 14:51:02] [SUCCESS] Dossier cree: Drive ECHOLINE/09-QSE/C-Document unique
[2026-06-08 14:51:02] [WARN] Pas de mappage pour: Propriétaires de SERVICES_GENERAUX () - permission ignorée sur Drive ECHOLINE/09-QSE/C-Document unique
[2026-06-08 14:51:02] [WARN] Pas de mappage pour: SERVICES_GENERAUX - Visiteurs () - permission ignorée sur Drive ECHOLINE/09-QSE/C-Document unique
[2026-06-08 14:51:02] [WARN] Pas de mappage pour: SERVICES_GENERAUX - Membres () - permission ignorée sur Drive ECHOLINE/09-QSE/C-Document unique
[2026-06-08 14:51:02] [SUCCESS] Permission appliquée: User 01 [write] -> Drive ECHOLINE/09-QSE/C-Document unique
[2026-06-08 14:51:02] [WARN] Erreur permission Equipe INFRA [owner] sur Drive ECHOLINE/09-QSE/C-Document unique: Le serveur distant a retourné une erreur : (400) Demande incorrecte.
[2026-06-08 14:51:02] [WARN] Erreur résolution 'test': Le serveur distant a retourné une erreur : (403) Interdit.
[2026-06-08 14:51:02] [WARN] Impossible de résoudre 'test' dans le tenant destination - permission ignorée
[2026-06-08 14:51:02] [INFO] Traitement: /Drive ECHOLINE/09-QSE/ZZ-Archives/ (6 permission(s))
[2026-06-08 14:51:02] [INFO] === COPIE REELLE: Drive ECHOLINE/09-QSE/ZZ-Archives ===
[2026-06-08 14:51:03] [SUCCESS] Dossier cree: Drive ECHOLINE/09-QSE/ZZ-Archives
[2026-06-08 14:51:04] [WARN] Erreur résolution 'test': Le serveur distant a retourné une erreur : (403) Interdit.
[2026-06-08 14:51:04] [WARN] Impossible de résoudre 'test' dans le tenant destination - permission ignorée
[2026-06-08 14:51:04] [WARN] Pas de mappage pour: SERVICES_GENERAUX - Visiteurs () - permission ignorée sur Drive ECHOLINE/09-QSE/ZZ-Archives
[2026-06-08 14:51:04] [WARN] Erreur permission Equipe INFRA [owner] sur Drive ECHOLINE/09-QSE/ZZ-Archives: Le serveur distant a retourné une erreur : (400) Demande incorrecte.
[2026-06-08 14:51:04] [WARN] Pas de mappage pour: SERVICES_GENERAUX - Membres () - permission ignorée sur Drive ECHOLINE/09-QSE/ZZ-Archives
[2026-06-08 14:51:04] [SUCCESS] Permission appliquée: User 01 [write] -> Drive ECHOLINE/09-QSE/ZZ-Archives
[2026-06-08 14:51:04] [WARN] Pas de mappage pour: Propriétaires de SERVICES_GENERAUX () - permission ignorée sur Drive ECHOLINE/09-QSE/ZZ-Archives
[2026-06-08 14:51:04] [INFO] Traitement: /Drive ECHOLINE/10-Pilotage/ (6 permission(s))
[2026-06-08 14:51:04] [INFO] === COPIE REELLE: Drive ECHOLINE/10-Pilotage ===
[2026-06-08 14:51:05] [SUCCESS] Dossier cree: Drive ECHOLINE/10-Pilotage
[2026-06-08 14:51:05] [WARN] Erreur résolution 'test': Le serveur distant a retourné une erreur : (403) Interdit.
[2026-06-08 14:51:05] [WARN] Impossible de résoudre 'test' dans le tenant destination - permission ignorée
[2026-06-08 14:51:05] [WARN] Erreur permission Equipe INFRA [owner] sur Drive ECHOLINE/10-Pilotage: Le serveur distant a retourné une erreur : (400) Demande incorrecte.
[2026-06-08 14:51:05] [SUCCESS] Permission appliquée: User 01 [write] -> Drive ECHOLINE/10-Pilotage
[2026-06-08 14:51:05] [WARN] Pas de mappage pour: SERVICES_GENERAUX - Membres () - permission ignorée sur Drive ECHOLINE/10-Pilotage
[2026-06-08 14:51:05] [WARN] Pas de mappage pour: SERVICES_GENERAUX - Visiteurs () - permission ignorée sur Drive ECHOLINE/10-Pilotage
[2026-06-08 14:51:05] [WARN] Pas de mappage pour: Propriétaires de SERVICES_GENERAUX () - permission ignorée sur Drive ECHOLINE/10-Pilotage
[2026-06-08 14:51:05] [INFO] Traitement: /Drive ECHOLINE/10-Pilotage/ZZ-Archives/ (6 permission(s))
[2026-06-08 14:51:05] [INFO] === COPIE REELLE: Drive ECHOLINE/10-Pilotage/ZZ-Archives ===
[2026-06-08 14:51:06] [SUCCESS] Dossier cree: Drive ECHOLINE/10-Pilotage/ZZ-Archives
[2026-06-08 14:51:06] [WARN] Pas de mappage pour: SERVICES_GENERAUX - Visiteurs () - permission ignorée sur Drive ECHOLINE/10-Pilotage/ZZ-Archives
[2026-06-08 14:51:06] [WARN] Pas de mappage pour: Propriétaires de SERVICES_GENERAUX () - permission ignorée sur Drive ECHOLINE/10-Pilotage/ZZ-Archives
[2026-06-08 14:51:06] [WARN] Pas de mappage pour: SERVICES_GENERAUX - Membres () - permission ignorée sur Drive ECHOLINE/10-Pilotage/ZZ-Archives
[2026-06-08 14:51:07] [SUCCESS] Permission appliquée: User 01 [write] -> Drive ECHOLINE/10-Pilotage/ZZ-Archives
[2026-06-08 14:51:07] [WARN] Erreur permission Equipe INFRA [owner] sur Drive ECHOLINE/10-Pilotage/ZZ-Archives: Le serveur distant a retourné une erreur : (400) Demande incorrecte.
[2026-06-08 14:51:07] [WARN] Erreur résolution 'test': Le serveur distant a retourné une erreur : (403) Interdit.
[2026-06-08 14:51:07] [WARN] Impossible de résoudre 'test' dans le tenant destination - permission ignorée
[2026-06-08 14:51:07] [INFO] Traitement: /Drive ECHOLINE/11-Admin/ (6 permission(s))
[2026-06-08 14:51:07] [INFO] === COPIE REELLE: Drive ECHOLINE/11-Admin ===
[2026-06-08 14:51:08] [SUCCESS] Dossier cree: Drive ECHOLINE/11-Admin
[2026-06-08 14:51:08] [WARN] Erreur résolution 'test': Le serveur distant a retourné une erreur : (403) Interdit.
[2026-06-08 14:51:08] [WARN] Impossible de résoudre 'test' dans le tenant destination - permission ignorée
[2026-06-08 14:51:08] [WARN] Pas de mappage pour: SERVICES_GENERAUX - Visiteurs () - permission ignorée sur Drive ECHOLINE/11-Admin
[2026-06-08 14:51:08] [WARN] Pas de mappage pour: SERVICES_GENERAUX - Membres () - permission ignorée sur Drive ECHOLINE/11-Admin
[2026-06-08 14:51:08] [SUCCESS] Permission appliquée: User 01 [write] -> Drive ECHOLINE/11-Admin
[2026-06-08 14:51:08] [WARN] Erreur permission Equipe INFRA [owner] sur Drive ECHOLINE/11-Admin: Le serveur distant a retourné une erreur : (400) Demande incorrecte.
[2026-06-08 14:51:08] [WARN] Pas de mappage pour: Propriétaires de SERVICES_GENERAUX () - permission ignorée sur Drive ECHOLINE/11-Admin
[2026-06-08 14:51:08] [INFO] Traitement: /Drive ECHOLINE/11-Admin/Assurance/ (6 permission(s))
[2026-06-08 14:51:08] [INFO] === COPIE REELLE: Drive ECHOLINE/11-Admin/Assurance ===
[2026-06-08 14:51:09] [SUCCESS] Dossier cree: Drive ECHOLINE/11-Admin/Assurance
[2026-06-08 14:51:10] [WARN] Pas de mappage pour: Propriétaires de SERVICES_GENERAUX () - permission ignorée sur Drive ECHOLINE/11-Admin/Assurance
[2026-06-08 14:51:10] [WARN] Erreur résolution 'test': Le serveur distant a retourné une erreur : (403) Interdit.
[2026-06-08 14:51:10] [WARN] Impossible de résoudre 'test' dans le tenant destination - permission ignorée
[2026-06-08 14:51:10] [WARN] Erreur permission Equipe INFRA [owner] sur Drive ECHOLINE/11-Admin/Assurance: Le serveur distant a retourné une erreur : (400) Demande incorrecte.
[2026-06-08 14:51:10] [SUCCESS] Permission appliquée: User 01 [write] -> Drive ECHOLINE/11-Admin/Assurance
[2026-06-08 14:51:10] [WARN] Pas de mappage pour: SERVICES_GENERAUX - Membres () - permission ignorée sur Drive ECHOLINE/11-Admin/Assurance
[2026-06-08 14:51:10] [WARN] Pas de mappage pour: SERVICES_GENERAUX - Visiteurs () - permission ignorée sur Drive ECHOLINE/11-Admin/Assurance
[2026-06-08 14:51:10] [INFO] Traitement: /Drive ECHOLINE/11-Admin/Banque/ (6 permission(s))
[2026-06-08 14:51:10] [INFO] === COPIE REELLE: Drive ECHOLINE/11-Admin/Banque ===
[2026-06-08 14:51:11] [SUCCESS] Dossier cree: Drive ECHOLINE/11-Admin/Banque
[2026-06-08 14:51:11] [WARN] Pas de mappage pour: Propriétaires de SERVICES_GENERAUX () - permission ignorée sur Drive ECHOLINE/11-Admin/Banque
[2026-06-08 14:51:11] [WARN] Pas de mappage pour: SERVICES_GENERAUX - Membres () - permission ignorée sur Drive ECHOLINE/11-Admin/Banque
[2026-06-08 14:51:11] [WARN] Erreur permission Equipe INFRA [owner] sur Drive ECHOLINE/11-Admin/Banque: Le serveur distant a retourné une erreur : (400) Demande incorrecte.
[2026-06-08 14:51:11] [WARN] Erreur résolution 'test': Le serveur distant a retourné une erreur : (403) Interdit.
[2026-06-08 14:51:11] [WARN] Impossible de résoudre 'test' dans le tenant destination - permission ignorée
[2026-06-08 14:51:11] [WARN] Pas de mappage pour: SERVICES_GENERAUX - Visiteurs () - permission ignorée sur Drive ECHOLINE/11-Admin/Banque
[2026-06-08 14:51:12] [SUCCESS] Permission appliquée: User 01 [write] -> Drive ECHOLINE/11-Admin/Banque
[2026-06-08 14:51:12] [INFO] Traitement: /Drive ECHOLINE/11-Admin/Comptabilité/ (6 permission(s))
[2026-06-08 14:51:12] [INFO] === COPIE REELLE: Drive ECHOLINE/11-Admin/Comptabilité ===
[2026-06-08 14:51:13] [ERROR] Erreur copie: Le serveur distant a retourné une erreur : (400) Demande incorrecte.
[2026-06-08 14:51:13] [WARN] Impossible de récupérer l'item destination pour les droits: Drive ECHOLINE/11-Admin/Comptabilité - Le serveur distant a retourné une erreur : (404) Introuvable.
[2026-06-08 14:51:13] [INFO] Traitement: /Drive ECHOLINE/11-Admin/Domiciliation/ (6 permission(s))
[2026-06-08 14:51:13] [INFO] === COPIE REELLE: Drive ECHOLINE/11-Admin/Domiciliation ===
[2026-06-08 14:51:14] [SUCCESS] Dossier cree: Drive ECHOLINE/11-Admin/Domiciliation
[2026-06-08 14:51:14] [WARN] Erreur permission Equipe INFRA [owner] sur Drive ECHOLINE/11-Admin/Domiciliation: Le serveur distant a retourné une erreur : (400) Demande incorrecte.
[2026-06-08 14:51:14] [WARN] Pas de mappage pour: Propriétaires de SERVICES_GENERAUX () - permission ignorée sur Drive ECHOLINE/11-Admin/Domiciliation
[2026-06-08 14:51:14] [WARN] Pas de mappage pour: SERVICES_GENERAUX - Visiteurs () - permission ignorée sur Drive ECHOLINE/11-Admin/Domiciliation
[2026-06-08 14:51:14] [WARN] Pas de mappage pour: SERVICES_GENERAUX - Membres () - permission ignorée sur Drive ECHOLINE/11-Admin/Domiciliation
[2026-06-08 14:51:14] [SUCCESS] Permission appliquée: User 01 [write] -> Drive ECHOLINE/11-Admin/Domiciliation
[2026-06-08 14:51:14] [WARN] Erreur résolution 'test': Le serveur distant a retourné une erreur : (403) Interdit.
[2026-06-08 14:51:14] [WARN] Impossible de résoudre 'test' dans le tenant destination - permission ignorée
[2026-06-08 14:51:14] [INFO] Traitement: /Drive ECHOLINE/11-Admin/Kbis et statuts/ (6 permission(s))
[2026-06-08 14:51:14] [INFO] === COPIE REELLE: Drive ECHOLINE/11-Admin/Kbis et statuts ===
[2026-06-08 14:51:15] [SUCCESS] Dossier cree: Drive ECHOLINE/11-Admin/Kbis et statuts
[2026-06-08 14:51:15] [WARN] Erreur résolution 'test': Le serveur distant a retourné une erreur : (403) Interdit.
[2026-06-08 14:51:15] [WARN] Impossible de résoudre 'test' dans le tenant destination - permission ignorée
[2026-06-08 14:51:15] [WARN] Pas de mappage pour: Propriétaires de SERVICES_GENERAUX () - permission ignorée sur Drive ECHOLINE/11-Admin/Kbis et statuts
[2026-06-08 14:51:16] [WARN] Erreur permission Equipe INFRA [owner] sur Drive ECHOLINE/11-Admin/Kbis et statuts: Le serveur distant a retourné une erreur : (400) Demande incorrecte.
[2026-06-08 14:51:16] [WARN] Pas de mappage pour: SERVICES_GENERAUX - Visiteurs () - permission ignorée sur Drive ECHOLINE/11-Admin/Kbis et statuts
[2026-06-08 14:51:16] [WARN] Pas de mappage pour: SERVICES_GENERAUX - Membres () - permission ignorée sur Drive ECHOLINE/11-Admin/Kbis et statuts
[2026-06-08 14:51:16] [SUCCESS] Permission appliquée: User 01 [write] -> Drive ECHOLINE/11-Admin/Kbis et statuts
[2026-06-08 14:51:16] [INFO] Traitement: /Drive ECHOLINE/11-Admin/Marque/ (6 permission(s))
[2026-06-08 14:51:16] [INFO] === COPIE REELLE: Drive ECHOLINE/11-Admin/Marque ===
[2026-06-08 14:51:17] [SUCCESS] Dossier cree: Drive ECHOLINE/11-Admin/Marque
[2026-06-08 14:51:17] [WARN] Erreur résolution 'test': Le serveur distant a retourné une erreur : (403) Interdit.
[2026-06-08 14:51:17] [WARN] Impossible de résoudre 'test' dans le tenant destination - permission ignorée
[2026-06-08 14:51:17] [WARN] Erreur permission Equipe INFRA [owner] sur Drive ECHOLINE/11-Admin/Marque: Le serveur distant a retourné une erreur : (400) Demande incorrecte.
[2026-06-08 14:51:18] [SUCCESS] Permission appliquée: User 01 [write] -> Drive ECHOLINE/11-Admin/Marque
[2026-06-08 14:51:18] [WARN] Pas de mappage pour: SERVICES_GENERAUX - Membres () - permission ignorée sur Drive ECHOLINE/11-Admin/Marque
[2026-06-08 14:51:18] [WARN] Pas de mappage pour: SERVICES_GENERAUX - Visiteurs () - permission ignorée sur Drive ECHOLINE/11-Admin/Marque
[2026-06-08 14:51:18] [WARN] Pas de mappage pour: Propriétaires de SERVICES_GENERAUX () - permission ignorée sur Drive ECHOLINE/11-Admin/Marque
[2026-06-08 14:51:18] [INFO] Traitement: /Drive ECHOLINE/11-Admin/RGPD/ (6 permission(s))
[2026-06-08 14:51:18] [INFO] === COPIE REELLE: Drive ECHOLINE/11-Admin/RGPD ===
[2026-06-08 14:51:19] [SUCCESS] Dossier cree: Drive ECHOLINE/11-Admin/RGPD
[2026-06-08 14:51:19] [WARN] Pas de mappage pour: SERVICES_GENERAUX - Visiteurs () - permission ignorée sur Drive ECHOLINE/11-Admin/RGPD
[2026-06-08 14:51:19] [WARN] Pas de mappage pour: Propriétaires de SERVICES_GENERAUX () - permission ignorée sur Drive ECHOLINE/11-Admin/RGPD
[2026-06-08 14:51:19] [WARN] Pas de mappage pour: SERVICES_GENERAUX - Membres () - permission ignorée sur Drive ECHOLINE/11-Admin/RGPD
[2026-06-08 14:51:19] [SUCCESS] Permission appliquée: User 01 [write] -> Drive ECHOLINE/11-Admin/RGPD
[2026-06-08 14:51:19] [WARN] Erreur permission Equipe INFRA [owner] sur Drive ECHOLINE/11-Admin/RGPD: Le serveur distant a retourné une erreur : (400) Demande incorrecte.
[2026-06-08 14:51:20] [WARN] Erreur résolution 'test': Le serveur distant a retourné une erreur : (403) Interdit.
[2026-06-08 14:51:20] [WARN] Impossible de résoudre 'test' dans le tenant destination - permission ignorée
[2026-06-08 14:51:20] [INFO] Traitement: /Drive ECHOLINE/11-Admin/Taxe d_apprentissage/ (6 permission(s))
[2026-06-08 14:51:20] [INFO] === COPIE REELLE: Drive ECHOLINE/11-Admin/Taxe d_apprentissage ===
[2026-06-08 14:51:20] [SUCCESS] Dossier cree: Drive ECHOLINE/11-Admin/Taxe d_apprentissage
[2026-06-08 14:51:21] [WARN] Erreur résolution 'test': Le serveur distant a retourné une erreur : (403) Interdit.
[2026-06-08 14:51:21] [WARN] Impossible de résoudre 'test' dans le tenant destination - permission ignorée
[2026-06-08 14:51:21] [WARN] Pas de mappage pour: SERVICES_GENERAUX - Visiteurs () - permission ignorée sur Drive ECHOLINE/11-Admin/Taxe d_apprentissage
[2026-06-08 14:51:21] [WARN] Pas de mappage pour: SERVICES_GENERAUX - Membres () - permission ignorée sur Drive ECHOLINE/11-Admin/Taxe d_apprentissage
[2026-06-08 14:51:21] [SUCCESS] Permission appliquée: User 01 [write] -> Drive ECHOLINE/11-Admin/Taxe d_apprentissage
[2026-06-08 14:51:21] [WARN] Erreur permission Equipe INFRA [owner] sur Drive ECHOLINE/11-Admin/Taxe d_apprentissage: Le serveur distant a retourné une erreur : (400) Demande incorrecte.
[2026-06-08 14:51:21] [WARN] Pas de mappage pour: Propriétaires de SERVICES_GENERAUX () - permission ignorée sur Drive ECHOLINE/11-Admin/Taxe d_apprentissage
[2026-06-08 14:51:21] [INFO] Traitement: /Drive ECHOLINE/12-HR/ (6 permission(s))
[2026-06-08 14:51:21] [INFO] === COPIE REELLE: Drive ECHOLINE/12-HR ===
[2026-06-08 14:51:22] [SUCCESS] Dossier cree: Drive ECHOLINE/12-HR
[2026-06-08 14:51:22] [WARN] Erreur résolution 'test': Le serveur distant a retourné une erreur : (403) Interdit.
[2026-06-08 14:51:22] [WARN] Impossible de résoudre 'test' dans le tenant destination - permission ignorée
[2026-06-08 14:51:22] [WARN] Erreur permission Equipe INFRA [owner] sur Drive ECHOLINE/12-HR: Le serveur distant a retourné une erreur : (400) Demande incorrecte.
[2026-06-08 14:51:23] [SUCCESS] Permission appliquée: User 01 [write] -> Drive ECHOLINE/12-HR
[2026-06-08 14:51:23] [WARN] Pas de mappage pour: SERVICES_GENERAUX - Membres () - permission ignorée sur Drive ECHOLINE/12-HR
[2026-06-08 14:51:23] [WARN] Pas de mappage pour: SERVICES_GENERAUX - Visiteurs () - permission ignorée sur Drive ECHOLINE/12-HR
[2026-06-08 14:51:23] [WARN] Pas de mappage pour: Propriétaires de SERVICES_GENERAUX () - permission ignorée sur Drive ECHOLINE/12-HR
[2026-06-08 14:51:23] [INFO] Traitement: /Drive ECHOLINE/12-HR/Cabinet de paie/ (6 permission(s))
[2026-06-08 14:51:23] [INFO] === COPIE REELLE: Drive ECHOLINE/12-HR/Cabinet de paie ===
[2026-06-08 14:51:23] [SUCCESS] Dossier cree: Drive ECHOLINE/12-HR/Cabinet de paie
[2026-06-08 14:51:24] [WARN] Erreur permission Equipe INFRA [owner] sur Drive ECHOLINE/12-HR/Cabinet de paie: Le serveur distant a retourné une erreur : (400) Demande incorrecte.
[2026-06-08 14:51:24] [SUCCESS] Permission appliquée: User 01 [write] -> Drive ECHOLINE/12-HR/Cabinet de paie
[2026-06-08 14:51:24] [WARN] Pas de mappage pour: SERVICES_GENERAUX - Membres () - permission ignorée sur Drive ECHOLINE/12-HR/Cabinet de paie
[2026-06-08 14:51:24] [WARN] Pas de mappage pour: Propriétaires de SERVICES_GENERAUX () - permission ignorée sur Drive ECHOLINE/12-HR/Cabinet de paie
[2026-06-08 14:51:24] [WARN] Pas de mappage pour: SERVICES_GENERAUX - Visiteurs () - permission ignorée sur Drive ECHOLINE/12-HR/Cabinet de paie
[2026-06-08 14:51:24] [WARN] Erreur résolution 'test': Le serveur distant a retourné une erreur : (403) Interdit.
[2026-06-08 14:51:24] [WARN] Impossible de résoudre 'test' dans le tenant destination - permission ignorée
[2026-06-08 14:51:24] [INFO] Traitement: /Drive ECHOLINE/12-HR/Cabinets de recrutement/ (6 permission(s))
[2026-06-08 14:51:24] [INFO] === COPIE REELLE: Drive ECHOLINE/12-HR/Cabinets de recrutement ===
[2026-06-08 14:51:25] [SUCCESS] Dossier cree: Drive ECHOLINE/12-HR/Cabinets de recrutement
[2026-06-08 14:51:25] [WARN] Erreur permission Equipe INFRA [owner] sur Drive ECHOLINE/12-HR/Cabinets de recrutement: Le serveur distant a retourné une erreur : (400) Demande incorrecte.
[2026-06-08 14:51:26] [SUCCESS] Permission appliquée: User 01 [write] -> Drive ECHOLINE/12-HR/Cabinets de recrutement
[2026-06-08 14:51:26] [WARN] Pas de mappage pour: SERVICES_GENERAUX - Membres () - permission ignorée sur Drive ECHOLINE/12-HR/Cabinets de recrutement
[2026-06-08 14:51:26] [WARN] Pas de mappage pour: SERVICES_GENERAUX - Visiteurs () - permission ignorée sur Drive ECHOLINE/12-HR/Cabinets de recrutement
[2026-06-08 14:51:26] [WARN] Pas de mappage pour: Propriétaires de SERVICES_GENERAUX () - permission ignorée sur Drive ECHOLINE/12-HR/Cabinets de recrutement
[2026-06-08 14:51:26] [WARN] Erreur résolution 'test': Le serveur distant a retourné une erreur : (403) Interdit.
[2026-06-08 14:51:26] [WARN] Impossible de résoudre 'test' dans le tenant destination - permission ignorée
[2026-06-08 14:51:26] [INFO] Traitement: /Drive ECHOLINE/12-HR/États mensuels/ (6 permission(s))
[2026-06-08 14:51:26] [INFO] === COPIE REELLE: Drive ECHOLINE/12-HR/États mensuels ===
[2026-06-08 14:51:27] [SUCCESS] Dossier cree: Drive ECHOLINE/12-HR/États mensuels
[2026-06-08 14:51:27] [WARN] Impossible de récupérer l'item destination pour les droits: Drive ECHOLINE/12-HR/États mensuels - Le serveur distant a retourné une erreur : (404) Introuvable.
[2026-06-08 14:51:27] [INFO] Traitement: /Drive ECHOLINE/12-HR/Gestion des congés/ (6 permission(s))
[2026-06-08 14:51:27] [INFO] === COPIE REELLE: Drive ECHOLINE/12-HR/Gestion des congés ===
[2026-06-08 14:51:28] [ERROR] Erreur copie: Le serveur distant a retourné une erreur : (400) Demande incorrecte.
[2026-06-08 14:51:29] [WARN] Impossible de récupérer l'item destination pour les droits: Drive ECHOLINE/12-HR/Gestion des congés - Le serveur distant a retourné une erreur : (404) Introuvable.
[2026-06-08 14:51:29] [INFO] Traitement: /Drive ECHOLINE/12-HR/Modèles/ (6 permission(s))
[2026-06-08 14:51:29] [INFO] === COPIE REELLE: Drive ECHOLINE/12-HR/Modèles ===
[2026-06-08 14:51:30] [SUCCESS] Dossier cree: Drive ECHOLINE/12-HR/Modèles
[2026-06-08 14:51:30] [WARN] Impossible de récupérer l'item destination pour les droits: Drive ECHOLINE/12-HR/Modèles - Le serveur distant a retourné une erreur : (404) Introuvable.
[2026-06-08 14:51:30] [INFO] Traitement: /Drive ECHOLINE/12-HR/Mutuelle/ (6 permission(s))
[2026-06-08 14:51:30] [INFO] === COPIE REELLE: Drive ECHOLINE/12-HR/Mutuelle ===
[2026-06-08 14:51:32] [SUCCESS] Dossier cree: Drive ECHOLINE/12-HR/Mutuelle
[2026-06-08 14:51:32] [WARN] Erreur résolution 'test': Le serveur distant a retourné une erreur : (403) Interdit.
[2026-06-08 14:51:32] [WARN] Impossible de résoudre 'test' dans le tenant destination - permission ignorée
[2026-06-08 14:51:32] [WARN] Erreur permission Equipe INFRA [owner] sur Drive ECHOLINE/12-HR/Mutuelle: Le serveur distant a retourné une erreur : (400) Demande incorrecte.
[2026-06-08 14:51:32] [SUCCESS] Permission appliquée: User 01 [write] -> Drive ECHOLINE/12-HR/Mutuelle
[2026-06-08 14:51:32] [WARN] Pas de mappage pour: SERVICES_GENERAUX - Membres () - permission ignorée sur Drive ECHOLINE/12-HR/Mutuelle
[2026-06-08 14:51:32] [WARN] Pas de mappage pour: SERVICES_GENERAUX - Visiteurs () - permission ignorée sur Drive ECHOLINE/12-HR/Mutuelle
[2026-06-08 14:51:32] [WARN] Pas de mappage pour: Propriétaires de SERVICES_GENERAUX () - permission ignorée sur Drive ECHOLINE/12-HR/Mutuelle
[2026-06-08 14:51:32] [INFO] Traitement: /Drive ECHOLINE/12-HR/OPCO/ (6 permission(s))
[2026-06-08 14:51:32] [INFO] === COPIE REELLE: Drive ECHOLINE/12-HR/OPCO ===
[2026-06-08 14:51:33] [SUCCESS] Dossier cree: Drive ECHOLINE/12-HR/OPCO
[2026-06-08 14:51:33] [WARN] Pas de mappage pour: SERVICES_GENERAUX - Visiteurs () - permission ignorée sur Drive ECHOLINE/12-HR/OPCO
[2026-06-08 14:51:34] [SUCCESS] Permission appliquée: User 01 [write] -> Drive ECHOLINE/12-HR/OPCO
[2026-06-08 14:51:34] [WARN] Erreur permission Equipe INFRA [owner] sur Drive ECHOLINE/12-HR/OPCO: Le serveur distant a retourné une erreur : (400) Demande incorrecte.
[2026-06-08 14:51:34] [WARN] Erreur résolution 'test': Le serveur distant a retourné une erreur : (403) Interdit.
[2026-06-08 14:51:34] [WARN] Impossible de résoudre 'test' dans le tenant destination - permission ignorée
[2026-06-08 14:51:34] [WARN] Pas de mappage pour: Propriétaires de SERVICES_GENERAUX () - permission ignorée sur Drive ECHOLINE/12-HR/OPCO
[2026-06-08 14:51:34] [WARN] Pas de mappage pour: SERVICES_GENERAUX - Membres () - permission ignorée sur Drive ECHOLINE/12-HR/OPCO
[2026-06-08 14:51:34] [INFO] Traitement: /Drive ECHOLINE/12-HR/Salariés/ (6 permission(s))
[2026-06-08 14:51:34] [INFO] === COPIE REELLE: Drive ECHOLINE/12-HR/Salariés ===
[2026-06-08 14:51:35] [SUCCESS] Dossier cree: Drive ECHOLINE/12-HR/Salariés
[2026-06-08 14:51:35] [WARN] Impossible de récupérer l'item destination pour les droits: Drive ECHOLINE/12-HR/Salariés - Le serveur distant a retourné une erreur : (404) Introuvable.
[2026-06-08 14:51:35] [INFO] Traitement: /Drive ECHOLINE/12-HR/Test technique/ (6 permission(s))
[2026-06-08 14:51:35] [INFO] === COPIE REELLE: Drive ECHOLINE/12-HR/Test technique ===
[2026-06-08 14:51:36] [SUCCESS] Dossier cree: Drive ECHOLINE/12-HR/Test technique
[2026-06-08 14:51:36] [WARN] Pas de mappage pour: Propriétaires de SERVICES_GENERAUX () - permission ignorée sur Drive ECHOLINE/12-HR/Test technique
[2026-06-08 14:51:36] [WARN] Pas de mappage pour: SERVICES_GENERAUX - Visiteurs () - permission ignorée sur Drive ECHOLINE/12-HR/Test technique
[2026-06-08 14:51:37] [WARN] Erreur permission Equipe INFRA [owner] sur Drive ECHOLINE/12-HR/Test technique: Le serveur distant a retourné une erreur : (400) Demande incorrecte.
[2026-06-08 14:51:37] [WARN] Pas de mappage pour: SERVICES_GENERAUX - Membres () - permission ignorée sur Drive ECHOLINE/12-HR/Test technique
[2026-06-08 14:51:37] [SUCCESS] Permission appliquée: User 01 [write] -> Drive ECHOLINE/12-HR/Test technique
[2026-06-08 14:51:37] [WARN] Erreur résolution 'test': Le serveur distant a retourné une erreur : (403) Interdit.
[2026-06-08 14:51:37] [WARN] Impossible de résoudre 'test' dans le tenant destination - permission ignorée
[2026-06-08 14:51:37] [INFO] Traitement: /Drive ECHOLINE/12-HR/URSSAF/ (6 permission(s))
[2026-06-08 14:51:37] [INFO] === COPIE REELLE: Drive ECHOLINE/12-HR/URSSAF ===
[2026-06-08 14:51:38] [SUCCESS] Dossier cree: Drive ECHOLINE/12-HR/URSSAF
[2026-06-08 14:51:38] [WARN] Erreur résolution 'test': Le serveur distant a retourné une erreur : (403) Interdit.
[2026-06-08 14:51:38] [WARN] Impossible de résoudre 'test' dans le tenant destination - permission ignorée
[2026-06-08 14:51:38] [WARN] Erreur permission Equipe INFRA [owner] sur Drive ECHOLINE/12-HR/URSSAF: Le serveur distant a retourné une erreur : (400) Demande incorrecte.
[2026-06-08 14:51:39] [SUCCESS] Permission appliquée: User 01 [write] -> Drive ECHOLINE/12-HR/URSSAF
[2026-06-08 14:51:39] [WARN] Pas de mappage pour: SERVICES_GENERAUX - Membres () - permission ignorée sur Drive ECHOLINE/12-HR/URSSAF
[2026-06-08 14:51:39] [WARN] Pas de mappage pour: SERVICES_GENERAUX - Visiteurs () - permission ignorée sur Drive ECHOLINE/12-HR/URSSAF
[2026-06-08 14:51:39] [WARN] Pas de mappage pour: Propriétaires de SERVICES_GENERAUX () - permission ignorée sur Drive ECHOLINE/12-HR/URSSAF
[2026-06-08 14:51:39] [INFO] Traitement: /Drive ECHOLINE/13-Karnov Group/ (6 permission(s))
[2026-06-08 14:51:39] [INFO] === COPIE REELLE: Drive ECHOLINE/13-Karnov Group ===
[2026-06-08 14:51:39] [SUCCESS] Dossier cree: Drive ECHOLINE/13-Karnov Group
[2026-06-08 14:51:39] [WARN] Pas de mappage pour: Propriétaires de SERVICES_GENERAUX () - permission ignorée sur Drive ECHOLINE/13-Karnov Group
[2026-06-08 14:51:39] [WARN] Pas de mappage pour: SERVICES_GENERAUX - Visiteurs () - permission ignorée sur Drive ECHOLINE/13-Karnov Group
[2026-06-08 14:51:39] [WARN] Pas de mappage pour: SERVICES_GENERAUX - Membres () - permission ignorée sur Drive ECHOLINE/13-Karnov Group
[2026-06-08 14:51:40] [SUCCESS] Permission appliquée: User 01 [write] -> Drive ECHOLINE/13-Karnov Group
[2026-06-08 14:51:40] [WARN] Erreur permission Equipe INFRA [owner] sur Drive ECHOLINE/13-Karnov Group: Le serveur distant a retourné une erreur : (400) Demande incorrecte.
[2026-06-08 14:51:40] [WARN] Erreur résolution 'test': Le serveur distant a retourné une erreur : (403) Interdit.
[2026-06-08 14:51:40] [WARN] Impossible de résoudre 'test' dans le tenant destination - permission ignorée
[2026-06-08 14:51:40] [INFO] Traitement: /Drive ECHOLINE/13-Karnov Group/ComplyLaw-Evidencia/ (6 permission(s))
[2026-06-08 14:51:40] [INFO] === COPIE REELLE: Drive ECHOLINE/13-Karnov Group/ComplyLaw-Evidencia ===
[2026-06-08 14:51:41] [SUCCESS] Dossier cree: Drive ECHOLINE/13-Karnov Group/ComplyLaw-Evidencia
[2026-06-08 14:51:41] [WARN] Erreur résolution 'test': Le serveur distant a retourné une erreur : (403) Interdit.
[2026-06-08 14:51:41] [WARN] Impossible de résoudre 'test' dans le tenant destination - permission ignorée
[2026-06-08 14:51:41] [WARN] Pas de mappage pour: SERVICES_GENERAUX - Visiteurs () - permission ignorée sur Drive ECHOLINE/13-Karnov Group/ComplyLaw-Evidencia
[2026-06-08 14:51:41] [WARN] Pas de mappage pour: SERVICES_GENERAUX - Membres () - permission ignorée sur Drive ECHOLINE/13-Karnov Group/ComplyLaw-Evidencia
[2026-06-08 14:51:41] [SUCCESS] Permission appliquée: User 01 [write] -> Drive ECHOLINE/13-Karnov Group/ComplyLaw-Evidencia
[2026-06-08 14:51:41] [WARN] Erreur permission Equipe INFRA [owner] sur Drive ECHOLINE/13-Karnov Group/ComplyLaw-Evidencia: Le serveur distant a retourné une erreur : (400) Demande incorrecte.
[2026-06-08 14:51:41] [WARN] Pas de mappage pour: Propriétaires de SERVICES_GENERAUX () - permission ignorée sur Drive ECHOLINE/13-Karnov Group/ComplyLaw-Evidencia
[2026-06-08 14:51:41] [INFO] Traitement: /Drive ECHOLINE/14-Strategic Partners/ (6 permission(s))
[2026-06-08 14:51:41] [INFO] === COPIE REELLE: Drive ECHOLINE/14-Strategic Partners ===
[2026-06-08 14:51:42] [SUCCESS] Dossier cree: Drive ECHOLINE/14-Strategic Partners
[2026-06-08 14:51:42] [WARN] Pas de mappage pour: Propriétaires de SERVICES_GENERAUX () - permission ignorée sur Drive ECHOLINE/14-Strategic Partners
[2026-06-08 14:51:42] [WARN] Erreur résolution 'test': Le serveur distant a retourné une erreur : (403) Interdit.
[2026-06-08 14:51:42] [WARN] Impossible de résoudre 'test' dans le tenant destination - permission ignorée
[2026-06-08 14:51:42] [WARN] Erreur permission Equipe INFRA [owner] sur Drive ECHOLINE/14-Strategic Partners: Le serveur distant a retourné une erreur : (400) Demande incorrecte.
[2026-06-08 14:51:43] [SUCCESS] Permission appliquée: User 01 [write] -> Drive ECHOLINE/14-Strategic Partners
[2026-06-08 14:51:43] [WARN] Pas de mappage pour: SERVICES_GENERAUX - Membres () - permission ignorée sur Drive ECHOLINE/14-Strategic Partners
[2026-06-08 14:51:43] [WARN] Pas de mappage pour: SERVICES_GENERAUX - Visiteurs () - permission ignorée sur Drive ECHOLINE/14-Strategic Partners
[2026-06-08 14:51:43] [INFO] Traitement: /Drive ECHOLINE/14-Strategic Partners/HSE Works (Polish partners)/ (6 permission(s))
[2026-06-08 14:51:43] [INFO] === COPIE REELLE: Drive ECHOLINE/14-Strategic Partners/HSE Works (Polish partners) ===
[2026-06-08 14:51:43] [SUCCESS] Dossier cree: Drive ECHOLINE/14-Strategic Partners/HSE Works (Polish partners)
[2026-06-08 14:51:43] [WARN] Pas de mappage pour: Propriétaires de SERVICES_GENERAUX () - permission ignorée sur Drive ECHOLINE/14-Strategic Partners/HSE Works (Polish partners)
[2026-06-08 14:51:43] [WARN] Pas de mappage pour: SERVICES_GENERAUX - Membres () - permission ignorée sur Drive ECHOLINE/14-Strategic Partners/HSE Works (Polish partners)
[2026-06-08 14:51:44] [WARN] Erreur permission Equipe INFRA [owner] sur Drive ECHOLINE/14-Strategic Partners/HSE Works (Polish partners): Le serveur distant a retourné une erreur : (400) Demande incorrecte.
[2026-06-08 14:51:44] [WARN] Erreur résolution 'test': Le serveur distant a retourné une erreur : (403) Interdit.
[2026-06-08 14:51:44] [WARN] Impossible de résoudre 'test' dans le tenant destination - permission ignorée
[2026-06-08 14:51:44] [WARN] Pas de mappage pour: SERVICES_GENERAUX - Visiteurs () - permission ignorée sur Drive ECHOLINE/14-Strategic Partners/HSE Works (Polish partners)
[2026-06-08 14:51:44] [SUCCESS] Permission appliquée: User 01 [write] -> Drive ECHOLINE/14-Strategic Partners/HSE Works (Polish partners)
[2026-06-08 14:51:44] [INFO] Traitement: /Drive ECHOLINE/PB drive/ (6 permission(s))
[2026-06-08 14:51:44] [INFO] === COPIE REELLE: Drive ECHOLINE/PB drive ===
[2026-06-08 14:51:45] [SUCCESS] Dossier cree: Drive ECHOLINE/PB drive
[2026-06-08 14:51:45] [WARN] Erreur résolution 'test': Le serveur distant a retourné une erreur : (403) Interdit.
[2026-06-08 14:51:45] [WARN] Impossible de résoudre 'test' dans le tenant destination - permission ignorée
[2026-06-08 14:51:45] [WARN] Erreur permission Equipe INFRA [owner] sur Drive ECHOLINE/PB drive: Le serveur distant a retourné une erreur : (400) Demande incorrecte.
[2026-06-08 14:51:45] [SUCCESS] Permission appliquée: User 01 [write] -> Drive ECHOLINE/PB drive
[2026-06-08 14:51:45] [WARN] Pas de mappage pour: SERVICES_GENERAUX - Membres () - permission ignorée sur Drive ECHOLINE/PB drive
[2026-06-08 14:51:45] [WARN] Pas de mappage pour: SERVICES_GENERAUX - Visiteurs () - permission ignorée sur Drive ECHOLINE/PB drive
[2026-06-08 14:51:45] [WARN] Pas de mappage pour: Propriétaires de SERVICES_GENERAUX () - permission ignorée sur Drive ECHOLINE/PB drive
[2026-06-08 14:51:45] [INFO] Traitement: /Drive ECHOLINE/PB drive/00 - Archives/ (6 permission(s))
[2026-06-08 14:51:45] [INFO] === COPIE REELLE: Drive ECHOLINE/PB drive/00 - Archives ===
[2026-06-08 14:51:46] [SUCCESS] Dossier cree: Drive ECHOLINE/PB drive/00 - Archives
[2026-06-08 14:51:46] [WARN] Erreur permission Equipe INFRA [owner] sur Drive ECHOLINE/PB drive/00 - Archives: Le serveur distant a retourné une erreur : (400) Demande incorrecte.
[2026-06-08 14:51:46] [WARN] Pas de mappage pour: Propriétaires de SERVICES_GENERAUX () - permission ignorée sur Drive ECHOLINE/PB drive/00 - Archives
[2026-06-08 14:51:46] [WARN] Pas de mappage pour: SERVICES_GENERAUX - Visiteurs () - permission ignorée sur Drive ECHOLINE/PB drive/00 - Archives
[2026-06-08 14:51:46] [WARN] Pas de mappage pour: SERVICES_GENERAUX - Membres () - permission ignorée sur Drive ECHOLINE/PB drive/00 - Archives
[2026-06-08 14:51:47] [SUCCESS] Permission appliquée: User 01 [write] -> Drive ECHOLINE/PB drive/00 - Archives
[2026-06-08 14:51:47] [WARN] Erreur résolution 'test': Le serveur distant a retourné une erreur : (403) Interdit.
[2026-06-08 14:51:47] [WARN] Impossible de résoudre 'test' dans le tenant destination - permission ignorée
[2026-06-08 14:51:47] [INFO] Traitement: /Drive ECHOLINE/PB drive/01 - Contrats/ (6 permission(s))
[2026-06-08 14:51:47] [INFO] === COPIE REELLE: Drive ECHOLINE/PB drive/01 - Contrats ===
[2026-06-08 14:51:47] [SUCCESS] Dossier cree: Drive ECHOLINE/PB drive/01 - Contrats
[2026-06-08 14:51:48] [WARN] Erreur résolution 'test': Le serveur distant a retourné une erreur : (403) Interdit.
[2026-06-08 14:51:48] [WARN] Impossible de résoudre 'test' dans le tenant destination - permission ignorée
[2026-06-08 14:51:48] [WARN] Pas de mappage pour: Propriétaires de SERVICES_GENERAUX () - permission ignorée sur Drive ECHOLINE/PB drive/01 - Contrats
[2026-06-08 14:51:48] [WARN] Erreur permission Equipe INFRA [owner] sur Drive ECHOLINE/PB drive/01 - Contrats: Le serveur distant a retourné une erreur : (400) Demande incorrecte.
[2026-06-08 14:51:48] [WARN] Pas de mappage pour: SERVICES_GENERAUX - Visiteurs () - permission ignorée sur Drive ECHOLINE/PB drive/01 - Contrats
[2026-06-08 14:51:48] [WARN] Pas de mappage pour: SERVICES_GENERAUX - Membres () - permission ignorée sur Drive ECHOLINE/PB drive/01 - Contrats
[2026-06-08 14:51:48] [SUCCESS] Permission appliquée: User 01 [write] -> Drive ECHOLINE/PB drive/01 - Contrats
[2026-06-08 14:51:48] [INFO] Traitement: /Drive ECHOLINE/PB drive/01-Contrats & devis/ (6 permission(s))
[2026-06-08 14:51:48] [INFO] === COPIE REELLE: Drive ECHOLINE/PB drive/01-Contrats & devis ===
[2026-06-08 14:51:49] [SUCCESS] Dossier cree: Drive ECHOLINE/PB drive/01-Contrats & devis
[2026-06-08 14:51:49] [WARN] Erreur résolution 'test': Le serveur distant a retourné une erreur : (403) Interdit.
[2026-06-08 14:51:49] [WARN] Impossible de résoudre 'test' dans le tenant destination - permission ignorée
[2026-06-08 14:51:50] [WARN] Erreur permission Equipe INFRA [owner] sur Drive ECHOLINE/PB drive/01-Contrats & devis: Le serveur distant a retourné une erreur : (400) Demande incorrecte.
[2026-06-08 14:51:50] [SUCCESS] Permission appliquée: User 01 [write] -> Drive ECHOLINE/PB drive/01-Contrats & devis
[2026-06-08 14:51:50] [WARN] Pas de mappage pour: SERVICES_GENERAUX - Membres () - permission ignorée sur Drive ECHOLINE/PB drive/01-Contrats & devis
[2026-06-08 14:51:50] [WARN] Pas de mappage pour: SERVICES_GENERAUX - Visiteurs () - permission ignorée sur Drive ECHOLINE/PB drive/01-Contrats & devis
[2026-06-08 14:51:50] [WARN] Pas de mappage pour: Propriétaires de SERVICES_GENERAUX () - permission ignorée sur Drive ECHOLINE/PB drive/01-Contrats & devis
[2026-06-08 14:51:50] [INFO] Traitement: /Drive ECHOLINE/PB drive/02 - Procédures et modèles/ (6 permission(s))
[2026-06-08 14:51:50] [INFO] === COPIE REELLE: Drive ECHOLINE/PB drive/02 - Procédures et modèles ===
[2026-06-08 14:51:51] [ERROR] Erreur copie: Le serveur distant a retourné une erreur : (400) Demande incorrecte.
[2026-06-08 14:51:51] [WARN] Impossible de récupérer l'item destination pour les droits: Drive ECHOLINE/PB drive/02 - Procédures et modèles - Le serveur distant a retourné une erreur : (404) Introuvable.
[2026-06-08 14:51:51] [INFO] Traitement: /Drive ECHOLINE/PB drive/03 - Doc. opérationnelle - Veille/ (6 permission(s))
[2026-06-08 14:51:51] [INFO] === COPIE REELLE: Drive ECHOLINE/PB drive/03 - Doc. opérationnelle - Veille ===
[2026-06-08 14:51:52] [SUCCESS] Dossier cree: Drive ECHOLINE/PB drive/03 - Doc. opérationnelle - Veille
[2026-06-08 14:51:52] [WARN] Impossible de récupérer l'item destination pour les droits: Drive ECHOLINE/PB drive/03 - Doc. opérationnelle - Veille - Le serveur distant a retourné une erreur : (404) Introuvable.
[2026-06-08 14:51:52] [INFO] Traitement: /Drive ECHOLINE/PB drive/04 - Administratif/ (6 permission(s))
[2026-06-08 14:51:52] [INFO] === COPIE REELLE: Drive ECHOLINE/PB drive/04 - Administratif ===
[2026-06-08 14:51:53] [SUCCESS] Dossier cree: Drive ECHOLINE/PB drive/04 - Administratif
[2026-06-08 14:51:53] [WARN] Erreur résolution 'test': Le serveur distant a retourné une erreur : (403) Interdit.
[2026-06-08 14:51:53] [WARN] Impossible de résoudre 'test' dans le tenant destination - permission ignorée
[2026-06-08 14:51:53] [WARN] Erreur permission Equipe INFRA [owner] sur Drive ECHOLINE/PB drive/04 - Administratif: Le serveur distant a retourné une erreur : (400) Demande incorrecte.
[2026-06-08 14:51:54] [SUCCESS] Permission appliquée: User 01 [write] -> Drive ECHOLINE/PB drive/04 - Administratif
[2026-06-08 14:51:54] [WARN] Pas de mappage pour: SERVICES_GENERAUX - Membres () - permission ignorée sur Drive ECHOLINE/PB drive/04 - Administratif
[2026-06-08 14:51:54] [WARN] Pas de mappage pour: SERVICES_GENERAUX - Visiteurs () - permission ignorée sur Drive ECHOLINE/PB drive/04 - Administratif
[2026-06-08 14:51:54] [WARN] Pas de mappage pour: Propriétaires de SERVICES_GENERAUX () - permission ignorée sur Drive ECHOLINE/PB drive/04 - Administratif
[2026-06-08 14:51:54] [INFO] Traitement: /Drive ECHOLINE/PB drive/06-Check-List contrôle/ (6 permission(s))
[2026-06-08 14:51:54] [INFO] === COPIE REELLE: Drive ECHOLINE/PB drive/06-Check-List contrôle ===
[2026-06-08 14:51:55] [SUCCESS] Dossier cree: Drive ECHOLINE/PB drive/06-Check-List contrôle
[2026-06-08 14:51:55] [WARN] Impossible de récupérer l'item destination pour les droits: Drive ECHOLINE/PB drive/06-Check-List contrôle - Le serveur distant a retourné une erreur : (404) Introuvable.
[2026-06-08 14:51:55] [INFO] Traitement: /Drive ECHOLINE/PB drive/1- Tableaux de veille/ (6 permission(s))
[2026-06-08 14:51:55] [INFO] === COPIE REELLE: Drive ECHOLINE/PB drive/1- Tableaux de veille ===
[2026-06-08 14:51:56] [SUCCESS] Dossier cree: Drive ECHOLINE/PB drive/1- Tableaux de veille
[2026-06-08 14:51:56] [WARN] Erreur résolution 'test': Le serveur distant a retourné une erreur : (403) Interdit.
[2026-06-08 14:51:56] [WARN] Impossible de résoudre 'test' dans le tenant destination - permission ignorée
[2026-06-08 14:51:56] [WARN] Erreur permission Equipe INFRA [owner] sur Drive ECHOLINE/PB drive/1- Tableaux de veille: Le serveur distant a retourné une erreur : (400) Demande incorrecte.
[2026-06-08 14:51:56] [SUCCESS] Permission appliquée: User 01 [write] -> Drive ECHOLINE/PB drive/1- Tableaux de veille
[2026-06-08 14:51:56] [WARN] Pas de mappage pour: SERVICES_GENERAUX - Membres () - permission ignorée sur Drive ECHOLINE/PB drive/1- Tableaux de veille
[2026-06-08 14:51:56] [WARN] Pas de mappage pour: SERVICES_GENERAUX - Visiteurs () - permission ignorée sur Drive ECHOLINE/PB drive/1- Tableaux de veille
[2026-06-08 14:51:56] [WARN] Pas de mappage pour: Propriétaires de SERVICES_GENERAUX () - permission ignorée sur Drive ECHOLINE/PB drive/1- Tableaux de veille
[2026-06-08 14:51:57] [INFO] Traitement: /Drive ECHOLINE/PB drive/3 - Archives Lettre d'information/ (6 permission(s))
[2026-06-08 14:51:57] [INFO] === COPIE REELLE: Drive ECHOLINE/PB drive/3 - Archives Lettre d'information ===
[2026-06-08 14:51:57] [SUCCESS] Dossier cree: Drive ECHOLINE/PB drive/3 - Archives Lettre d'information
[2026-06-08 14:51:58] [WARN] Pas de mappage pour: SERVICES_GENERAUX - Visiteurs () - permission ignorée sur Drive ECHOLINE/PB drive/3 - Archives Lettre d'information
[2026-06-08 14:51:58] [WARN] Pas de mappage pour: Propriétaires de SERVICES_GENERAUX () - permission ignorée sur Drive ECHOLINE/PB drive/3 - Archives Lettre d'information
[2026-06-08 14:51:58] [SUCCESS] Permission appliquée: User 01 [write] -> Drive ECHOLINE/PB drive/3 - Archives Lettre d'information
[2026-06-08 14:51:58] [WARN] Erreur résolution 'test': Le serveur distant a retourné une erreur : (403) Interdit.
[2026-06-08 14:51:58] [WARN] Impossible de résoudre 'test' dans le tenant destination - permission ignorée
[2026-06-08 14:51:58] [WARN] Erreur permission Equipe INFRA [owner] sur Drive ECHOLINE/PB drive/3 - Archives Lettre d'information: Le serveur distant a retourné une erreur : (400) Demande incorrecte.
[2026-06-08 14:51:58] [WARN] Pas de mappage pour: SERVICES_GENERAUX - Membres () - permission ignorée sur Drive ECHOLINE/PB drive/3 - Archives Lettre d'information
[2026-06-08 14:51:58] [INFO] Traitement: /Drive ECHOLINE/PB drive/4- Documentation juridique/ (6 permission(s))
[2026-06-08 14:51:58] [INFO] === COPIE REELLE: Drive ECHOLINE/PB drive/4- Documentation juridique ===
[2026-06-08 14:51:59] [SUCCESS] Dossier cree: Drive ECHOLINE/PB drive/4- Documentation juridique
[2026-06-08 14:51:59] [WARN] Erreur permission Equipe INFRA [owner] sur Drive ECHOLINE/PB drive/4- Documentation juridique: Le serveur distant a retourné une erreur : (400) Demande incorrecte.
[2026-06-08 14:51:59] [SUCCESS] Permission appliquée: User 01 [write] -> Drive ECHOLINE/PB drive/4- Documentation juridique
[2026-06-08 14:51:59] [WARN] Pas de mappage pour: SERVICES_GENERAUX - Membres () - permission ignorée sur Drive ECHOLINE/PB drive/4- Documentation juridique
[2026-06-08 14:51:59] [WARN] Pas de mappage pour: SERVICES_GENERAUX - Visiteurs () - permission ignorée sur Drive ECHOLINE/PB drive/4- Documentation juridique
[2026-06-08 14:51:59] [WARN] Pas de mappage pour: Propriétaires de SERVICES_GENERAUX () - permission ignorée sur Drive ECHOLINE/PB drive/4- Documentation juridique
[2026-06-08 14:51:59] [WARN] Erreur résolution 'test': Le serveur distant a retourné une erreur : (403) Interdit.
[2026-06-08 14:51:59] [WARN] Impossible de résoudre 'test' dans le tenant destination - permission ignorée
[2026-06-08 14:51:59] [INFO] Traitement: /Drive ECHOLINE/PB drive/5- Manuel utilisateurs/ (6 permission(s))
[2026-06-08 14:51:59] [INFO] === COPIE REELLE: Drive ECHOLINE/PB drive/5- Manuel utilisateurs ===
[2026-06-08 14:52:00] [SUCCESS] Dossier cree: Drive ECHOLINE/PB drive/5- Manuel utilisateurs
[2026-06-08 14:52:01] [SUCCESS] Permission appliquée: User 01 [write] -> Drive ECHOLINE/PB drive/5- Manuel utilisateurs
[2026-06-08 14:52:01] [WARN] Pas de mappage pour: Propriétaires de SERVICES_GENERAUX () - permission ignorée sur Drive ECHOLINE/PB drive/5- Manuel utilisateurs
[2026-06-08 14:52:01] [WARN] Pas de mappage pour: SERVICES_GENERAUX - Visiteurs () - permission ignorée sur Drive ECHOLINE/PB drive/5- Manuel utilisateurs
[2026-06-08 14:52:01] [WARN] Pas de mappage pour: SERVICES_GENERAUX - Membres () - permission ignorée sur Drive ECHOLINE/PB drive/5- Manuel utilisateurs
[2026-06-08 14:52:01] [WARN] Erreur permission Equipe INFRA [owner] sur Drive ECHOLINE/PB drive/5- Manuel utilisateurs: Le serveur distant a retourné une erreur : (400) Demande incorrecte.
[2026-06-08 14:52:01] [WARN] Erreur résolution 'test': Le serveur distant a retourné une erreur : (403) Interdit.
[2026-06-08 14:52:01] [WARN] Impossible de résoudre 'test' dans le tenant destination - permission ignorée
[2026-06-08 14:52:01] [INFO] Traitement: /Drive ECHOLINE/PB drive/6- Fiches thématiques/ (6 permission(s))
[2026-06-08 14:52:01] [INFO] === COPIE REELLE: Drive ECHOLINE/PB drive/6- Fiches thématiques ===
[2026-06-08 14:52:03] [SUCCESS] Dossier cree: Drive ECHOLINE/PB drive/6- Fiches thématiques
[2026-06-08 14:52:03] [WARN] Impossible de récupérer l'item destination pour les droits: Drive ECHOLINE/PB drive/6- Fiches thématiques - Le serveur distant a retourné une erreur : (404) Introuvable.
[2026-06-08 14:52:03] [INFO] Traitement: /Drive ECHOLINE/PB drive/ARCHIVES/ (6 permission(s))
[2026-06-08 14:52:03] [INFO] === COPIE REELLE: Drive ECHOLINE/PB drive/ARCHIVES ===
[2026-06-08 14:52:04] [SUCCESS] Dossier cree: Drive ECHOLINE/PB drive/ARCHIVES
[2026-06-08 14:52:04] [WARN] Erreur résolution 'test': Le serveur distant a retourné une erreur : (403) Interdit.
[2026-06-08 14:52:04] [WARN] Impossible de résoudre 'test' dans le tenant destination - permission ignorée
[2026-06-08 14:52:04] [WARN] Erreur permission Equipe INFRA [owner] sur Drive ECHOLINE/PB drive/ARCHIVES: Le serveur distant a retourné une erreur : (400) Demande incorrecte.
[2026-06-08 14:52:04] [SUCCESS] Permission appliquée: User 01 [write] -> Drive ECHOLINE/PB drive/ARCHIVES
[2026-06-08 14:52:04] [WARN] Pas de mappage pour: SERVICES_GENERAUX - Membres () - permission ignorée sur Drive ECHOLINE/PB drive/ARCHIVES
[2026-06-08 14:52:04] [WARN] Pas de mappage pour: SERVICES_GENERAUX - Visiteurs () - permission ignorée sur Drive ECHOLINE/PB drive/ARCHIVES
[2026-06-08 14:52:04] [WARN] Pas de mappage pour: Propriétaires de SERVICES_GENERAUX () - permission ignorée sur Drive ECHOLINE/PB drive/ARCHIVES
[2026-06-08 14:52:04] [INFO] Traitement: /Drive ECHOLINE/PB drive/ARTE/ (6 permission(s))
[2026-06-08 14:52:04] [INFO] === COPIE REELLE: Drive ECHOLINE/PB drive/ARTE ===
[2026-06-08 14:52:05] [SUCCESS] Dossier cree: Drive ECHOLINE/PB drive/ARTE
[2026-06-08 14:52:05] [WARN] Erreur permission Equipe INFRA [owner] sur Drive ECHOLINE/PB drive/ARTE: Le serveur distant a retourné une erreur : (400) Demande incorrecte.
[2026-06-08 14:52:05] [WARN] Pas de mappage pour: Propriétaires de SERVICES_GENERAUX () - permission ignorée sur Drive ECHOLINE/PB drive/ARTE
[2026-06-08 14:52:05] [WARN] Pas de mappage pour: SERVICES_GENERAUX - Visiteurs () - permission ignorée sur Drive ECHOLINE/PB drive/ARTE
[2026-06-08 14:52:05] [WARN] Pas de mappage pour: SERVICES_GENERAUX - Membres () - permission ignorée sur Drive ECHOLINE/PB drive/ARTE
[2026-06-08 14:52:06] [SUCCESS] Permission appliquée: User 01 [write] -> Drive ECHOLINE/PB drive/ARTE
[2026-06-08 14:52:06] [WARN] Erreur résolution 'test': Le serveur distant a retourné une erreur : (403) Interdit.
[2026-06-08 14:52:06] [WARN] Impossible de résoudre 'test' dans le tenant destination - permission ignorée
[2026-06-08 14:52:06] [INFO] Traitement: /Drive ECHOLINE/PB drive/BATISANTE SUD (AZURTECH)/ (6 permission(s))
[2026-06-08 14:52:06] [INFO] === COPIE REELLE: Drive ECHOLINE/PB drive/BATISANTE SUD (AZURTECH) ===
[2026-06-08 14:52:07] [SUCCESS] Dossier cree: Drive ECHOLINE/PB drive/BATISANTE SUD (AZURTECH)
[2026-06-08 14:52:07] [WARN] Erreur résolution 'test': Le serveur distant a retourné une erreur : (403) Interdit.
[2026-06-08 14:52:07] [WARN] Impossible de résoudre 'test' dans le tenant destination - permission ignorée
[2026-06-08 14:52:07] [WARN] Pas de mappage pour: Propriétaires de SERVICES_GENERAUX () - permission ignorée sur Drive ECHOLINE/PB drive/BATISANTE SUD (AZURTECH)
[2026-06-08 14:52:07] [WARN] Pas de mappage pour: SERVICES_GENERAUX - Visiteurs () - permission ignorée sur Drive ECHOLINE/PB drive/BATISANTE SUD (AZURTECH)
[2026-06-08 14:52:07] [WARN] Pas de mappage pour: SERVICES_GENERAUX - Membres () - permission ignorée sur Drive ECHOLINE/PB drive/BATISANTE SUD (AZURTECH)
[2026-06-08 14:52:07] [WARN] Erreur permission Equipe INFRA [owner] sur Drive ECHOLINE/PB drive/BATISANTE SUD (AZURTECH): Le serveur distant a retourné une erreur : (400) Demande incorrecte.
[2026-06-08 14:52:07] [SUCCESS] Permission appliquée: User 01 [write] -> Drive ECHOLINE/PB drive/BATISANTE SUD (AZURTECH)
[2026-06-08 14:52:07] [INFO] Traitement: /Drive ECHOLINE/PB drive/BIOCOOP/ (6 permission(s))
[2026-06-08 14:52:07] [INFO] === COPIE REELLE: Drive ECHOLINE/PB drive/BIOCOOP ===
[2026-06-08 14:52:08] [SUCCESS] Dossier cree: Drive ECHOLINE/PB drive/BIOCOOP
[2026-06-08 14:52:08] [WARN] Pas de mappage pour: Propriétaires de SERVICES_GENERAUX () - permission ignorée sur Drive ECHOLINE/PB drive/BIOCOOP
[2026-06-08 14:52:08] [WARN] Erreur résolution 'test': Le serveur distant a retourné une erreur : (403) Interdit.
[2026-06-08 14:52:08] [WARN] Impossible de résoudre 'test' dans le tenant destination - permission ignorée
[2026-06-08 14:52:08] [WARN] Erreur permission Equipe INFRA [owner] sur Drive ECHOLINE/PB drive/BIOCOOP: Le serveur distant a retourné une erreur : (400) Demande incorrecte.
[2026-06-08 14:52:09] [SUCCESS] Permission appliquée: User 01 [write] -> Drive ECHOLINE/PB drive/BIOCOOP
[2026-06-08 14:52:09] [WARN] Pas de mappage pour: SERVICES_GENERAUX - Membres () - permission ignorée sur Drive ECHOLINE/PB drive/BIOCOOP
[2026-06-08 14:52:09] [WARN] Pas de mappage pour: SERVICES_GENERAUX - Visiteurs () - permission ignorée sur Drive ECHOLINE/PB drive/BIOCOOP
[2026-06-08 14:52:09] [INFO] Traitement: /Drive ECHOLINE/PB drive/Bioline - Livron sur Drôme/ (6 permission(s))
[2026-06-08 14:52:09] [INFO] === COPIE REELLE: Drive ECHOLINE/PB drive/Bioline - Livron sur Drôme ===
[2026-06-08 14:52:10] [SUCCESS] Dossier cree: Drive ECHOLINE/PB drive/Bioline - Livron sur Drôme
[2026-06-08 14:52:10] [WARN] Impossible de récupérer l'item destination pour les droits: Drive ECHOLINE/PB drive/Bioline - Livron sur Drôme - Le serveur distant a retourné une erreur : (404) Introuvable.
[2026-06-08 14:52:10] [INFO] Traitement: /Drive ECHOLINE/PB drive/CAE CONSEILS - SOFIDEL/ (6 permission(s))
[2026-06-08 14:52:10] [INFO] === COPIE REELLE: Drive ECHOLINE/PB drive/CAE CONSEILS - SOFIDEL ===
[2026-06-08 14:52:11] [SUCCESS] Dossier cree: Drive ECHOLINE/PB drive/CAE CONSEILS - SOFIDEL
[2026-06-08 14:52:11] [WARN] Erreur résolution 'test': Le serveur distant a retourné une erreur : (403) Interdit.
[2026-06-08 14:52:11] [WARN] Impossible de résoudre 'test' dans le tenant destination - permission ignorée
[2026-06-08 14:52:12] [WARN] Erreur permission Equipe INFRA [owner] sur Drive ECHOLINE/PB drive/CAE CONSEILS - SOFIDEL: Le serveur distant a retourné une erreur : (400) Demande incorrecte.
[2026-06-08 14:52:12] [SUCCESS] Permission appliquée: User 01 [write] -> Drive ECHOLINE/PB drive/CAE CONSEILS - SOFIDEL
[2026-06-08 14:52:12] [WARN] Pas de mappage pour: SERVICES_GENERAUX - Membres () - permission ignorée sur Drive ECHOLINE/PB drive/CAE CONSEILS - SOFIDEL
[2026-06-08 14:52:12] [WARN] Pas de mappage pour: SERVICES_GENERAUX - Visiteurs () - permission ignorée sur Drive ECHOLINE/PB drive/CAE CONSEILS - SOFIDEL
[2026-06-08 14:52:12] [WARN] Pas de mappage pour: Propriétaires de SERVICES_GENERAUX () - permission ignorée sur Drive ECHOLINE/PB drive/CAE CONSEILS - SOFIDEL
[2026-06-08 14:52:12] [INFO] Traitement: /Drive ECHOLINE/PB drive/CARTIER/ (6 permission(s))
[2026-06-08 14:52:12] [INFO] === COPIE REELLE: Drive ECHOLINE/PB drive/CARTIER ===
[2026-06-08 14:52:13] [SUCCESS] Dossier cree: Drive ECHOLINE/PB drive/CARTIER
[2026-06-08 14:52:13] [WARN] Erreur permission Equipe INFRA [owner] sur Drive ECHOLINE/PB drive/CARTIER: Le serveur distant a retourné une erreur : (400) Demande incorrecte.
[2026-06-08 14:52:13] [WARN] Pas de mappage pour: Propriétaires de SERVICES_GENERAUX () - permission ignorée sur Drive ECHOLINE/PB drive/CARTIER
[2026-06-08 14:52:13] [WARN] Pas de mappage pour: SERVICES_GENERAUX - Visiteurs () - permission ignorée sur Drive ECHOLINE/PB drive/CARTIER
[2026-06-08 14:52:13] [WARN] Pas de mappage pour: SERVICES_GENERAUX - Membres () - permission ignorée sur Drive ECHOLINE/PB drive/CARTIER
[2026-06-08 14:52:13] [SUCCESS] Permission appliquée: User 01 [write] -> Drive ECHOLINE/PB drive/CARTIER
[2026-06-08 14:52:13] [WARN] Erreur résolution 'test': Le serveur distant a retourné une erreur : (403) Interdit.
[2026-06-08 14:52:13] [WARN] Impossible de résoudre 'test' dans le tenant destination - permission ignorée
[2026-06-08 14:52:13] [INFO] Traitement: /Drive ECHOLINE/PB drive/CL/ (6 permission(s))
[2026-06-08 14:52:13] [INFO] === COPIE REELLE: Drive ECHOLINE/PB drive/CL ===
[2026-06-08 14:52:14] [SUCCESS] Dossier cree: Drive ECHOLINE/PB drive/CL
[2026-06-08 14:52:15] [WARN] Erreur résolution 'test': Le serveur distant a retourné une erreur : (403) Interdit.
[2026-06-08 14:52:15] [WARN] Impossible de résoudre 'test' dans le tenant destination - permission ignorée
[2026-06-08 14:52:15] [WARN] Pas de mappage pour: Propriétaires de SERVICES_GENERAUX () - permission ignorée sur Drive ECHOLINE/PB drive/CL
[2026-06-08 14:52:15] [WARN] Erreur permission Equipe INFRA [owner] sur Drive ECHOLINE/PB drive/CL: Le serveur distant a retourné une erreur : (400) Demande incorrecte.
[2026-06-08 14:52:15] [WARN] Pas de mappage pour: SERVICES_GENERAUX - Visiteurs () - permission ignorée sur Drive ECHOLINE/PB drive/CL
[2026-06-08 14:52:15] [WARN] Pas de mappage pour: SERVICES_GENERAUX - Membres () - permission ignorée sur Drive ECHOLINE/PB drive/CL
[2026-06-08 14:52:15] [SUCCESS] Permission appliquée: User 01 [write] -> Drive ECHOLINE/PB drive/CL
[2026-06-08 14:52:15] [INFO] Traitement: /Drive ECHOLINE/PB drive/CLAIREFONTAINE/ (6 permission(s))
[2026-06-08 14:52:15] [INFO] === COPIE REELLE: Drive ECHOLINE/PB drive/CLAIREFONTAINE ===
[2026-06-08 14:52:16] [SUCCESS] Dossier cree: Drive ECHOLINE/PB drive/CLAIREFONTAINE
[2026-06-08 14:52:17] [WARN] Erreur résolution 'test': Le serveur distant a retourné une erreur : (403) Interdit.
[2026-06-08 14:52:17] [WARN] Impossible de résoudre 'test' dans le tenant destination - permission ignorée
[2026-06-08 14:52:17] [WARN] Erreur permission Equipe INFRA [owner] sur Drive ECHOLINE/PB drive/CLAIREFONTAINE: Le serveur distant a retourné une erreur : (400) Demande incorrecte.
[2026-06-08 14:52:17] [SUCCESS] Permission appliquée: User 01 [write] -> Drive ECHOLINE/PB drive/CLAIREFONTAINE
[2026-06-08 14:52:17] [WARN] Pas de mappage pour: SERVICES_GENERAUX - Membres () - permission ignorée sur Drive ECHOLINE/PB drive/CLAIREFONTAINE
[2026-06-08 14:52:17] [WARN] Pas de mappage pour: SERVICES_GENERAUX - Visiteurs () - permission ignorée sur Drive ECHOLINE/PB drive/CLAIREFONTAINE
[2026-06-08 14:52:17] [WARN] Pas de mappage pour: Propriétaires de SERVICES_GENERAUX () - permission ignorée sur Drive ECHOLINE/PB drive/CLAIREFONTAINE
[2026-06-08 14:52:17] [INFO] Traitement: /Drive ECHOLINE/PB drive/Contrats purement RH/ (6 permission(s))
[2026-06-08 14:52:17] [INFO] === COPIE REELLE: Drive ECHOLINE/PB drive/Contrats purement RH ===
[2026-06-08 14:52:18] [SUCCESS] Dossier cree: Drive ECHOLINE/PB drive/Contrats purement RH
[2026-06-08 14:52:18] [WARN] Erreur résolution 'test': Le serveur distant a retourné une erreur : (403) Interdit.
[2026-06-08 14:52:18] [WARN] Impossible de résoudre 'test' dans le tenant destination - permission ignorée
[2026-06-08 14:52:18] [WARN] Erreur permission Equipe INFRA [owner] sur Drive ECHOLINE/PB drive/Contrats purement RH: Le serveur distant a retourné une erreur : (400) Demande incorrecte.
[2026-06-08 14:52:19] [SUCCESS] Permission appliquée: User 01 [write] -> Drive ECHOLINE/PB drive/Contrats purement RH
[2026-06-08 14:52:19] [WARN] Pas de mappage pour: SERVICES_GENERAUX - Membres () - permission ignorée sur Drive ECHOLINE/PB drive/Contrats purement RH
[2026-06-08 14:52:19] [WARN] Pas de mappage pour: SERVICES_GENERAUX - Visiteurs () - permission ignorée sur Drive ECHOLINE/PB drive/Contrats purement RH
[2026-06-08 14:52:19] [WARN] Pas de mappage pour: Propriétaires de SERVICES_GENERAUX () - permission ignorée sur Drive ECHOLINE/PB drive/Contrats purement RH
[2026-06-08 14:52:19] [INFO] Traitement: /Drive ECHOLINE/PB drive/CR point initial (1)/ (6 permission(s))
[2026-06-08 14:52:19] [INFO] === COPIE REELLE: Drive ECHOLINE/PB drive/CR point initial (1) ===
[2026-06-08 14:52:19] [SUCCESS] Dossier cree: Drive ECHOLINE/PB drive/CR point initial (1)
[2026-06-08 14:52:20] [WARN] Pas de mappage pour: Propriétaires de SERVICES_GENERAUX () - permission ignorée sur Drive ECHOLINE/PB drive/CR point initial (1)
[2026-06-08 14:52:20] [WARN] Pas de mappage pour: SERVICES_GENERAUX - Visiteurs () - permission ignorée sur Drive ECHOLINE/PB drive/CR point initial (1)
[2026-06-08 14:52:20] [WARN] Pas de mappage pour: SERVICES_GENERAUX - Membres () - permission ignorée sur Drive ECHOLINE/PB drive/CR point initial (1)
[2026-06-08 14:52:20] [SUCCESS] Permission appliquée: User 01 [write] -> Drive ECHOLINE/PB drive/CR point initial (1)
[2026-06-08 14:52:20] [WARN] Erreur permission Equipe INFRA [owner] sur Drive ECHOLINE/PB drive/CR point initial (1): Le serveur distant a retourné une erreur : (400) Demande incorrecte.
[2026-06-08 14:52:20] [WARN] Erreur résolution 'test': Le serveur distant a retourné une erreur : (403) Interdit.
[2026-06-08 14:52:20] [WARN] Impossible de résoudre 'test' dans le tenant destination - permission ignorée
[2026-06-08 14:52:20] [INFO] Traitement: /Drive ECHOLINE/PB drive/CR point initial/ (6 permission(s))
[2026-06-08 14:52:20] [INFO] === COPIE REELLE: Drive ECHOLINE/PB drive/CR point initial ===
[2026-06-08 14:52:21] [SUCCESS] Dossier cree: Drive ECHOLINE/PB drive/CR point initial
[2026-06-08 14:52:21] [WARN] Erreur résolution 'test': Le serveur distant a retourné une erreur : (403) Interdit.
[2026-06-08 14:52:21] [WARN] Impossible de résoudre 'test' dans le tenant destination - permission ignorée
[2026-06-08 14:52:21] [WARN] Pas de mappage pour: SERVICES_GENERAUX - Membres () - permission ignorée sur Drive ECHOLINE/PB drive/CR point initial
[2026-06-08 14:52:21] [WARN] Pas de mappage pour: SERVICES_GENERAUX - Visiteurs () - permission ignorée sur Drive ECHOLINE/PB drive/CR point initial
[2026-06-08 14:52:21] [WARN] Pas de mappage pour: Propriétaires de SERVICES_GENERAUX () - permission ignorée sur Drive ECHOLINE/PB drive/CR point initial
[2026-06-08 14:52:22] [SUCCESS] Permission appliquée: User 01 [write] -> Drive ECHOLINE/PB drive/CR point initial
[2026-06-08 14:52:22] [WARN] Erreur permission Equipe INFRA [owner] sur Drive ECHOLINE/PB drive/CR point initial: Le serveur distant a retourné une erreur : (400) Demande incorrecte.
[2026-06-08 14:52:22] [INFO] Traitement: /Drive ECHOLINE/PB drive/DERICHEBOURG ATIS/ (6 permission(s))
[2026-06-08 14:52:22] [INFO] === COPIE REELLE: Drive ECHOLINE/PB drive/DERICHEBOURG ATIS ===
[2026-06-08 14:52:23] [SUCCESS] Dossier cree: Drive ECHOLINE/PB drive/DERICHEBOURG ATIS
[2026-06-08 14:52:23] [WARN] Erreur résolution 'test': Le serveur distant a retourné une erreur : (403) Interdit.
[2026-06-08 14:52:23] [WARN] Impossible de résoudre 'test' dans le tenant destination - permission ignorée
[2026-06-08 14:52:23] [WARN] Erreur permission Equipe INFRA [owner] sur Drive ECHOLINE/PB drive/DERICHEBOURG ATIS: Le serveur distant a retourné une erreur : (400) Demande incorrecte.
[2026-06-08 14:52:23] [SUCCESS] Permission appliquée: User 01 [write] -> Drive ECHOLINE/PB drive/DERICHEBOURG ATIS
[2026-06-08 14:52:23] [WARN] Pas de mappage pour: SERVICES_GENERAUX - Membres () - permission ignorée sur Drive ECHOLINE/PB drive/DERICHEBOURG ATIS
[2026-06-08 14:52:23] [WARN] Pas de mappage pour: SERVICES_GENERAUX - Visiteurs () - permission ignorée sur Drive ECHOLINE/PB drive/DERICHEBOURG ATIS
[2026-06-08 14:52:23] [WARN] Pas de mappage pour: Propriétaires de SERVICES_GENERAUX () - permission ignorée sur Drive ECHOLINE/PB drive/DERICHEBOURG ATIS
[2026-06-08 14:52:23] [INFO] Traitement: /Drive ECHOLINE/PB drive/DIOR/ (6 permission(s))
[2026-06-08 14:52:23] [INFO] === COPIE REELLE: Drive ECHOLINE/PB drive/DIOR ===
[2026-06-08 14:52:24] [SUCCESS] Dossier cree: Drive ECHOLINE/PB drive/DIOR
[2026-06-08 14:52:24] [WARN] Erreur permission Equipe INFRA [owner] sur Drive ECHOLINE/PB drive/DIOR: Le serveur distant a retourné une erreur : (400) Demande incorrecte.
[2026-06-08 14:52:24] [WARN] Pas de mappage pour: Propriétaires de SERVICES_GENERAUX () - permission ignorée sur Drive ECHOLINE/PB drive/DIOR
[2026-06-08 14:52:24] [WARN] Pas de mappage pour: SERVICES_GENERAUX - Membres () - permission ignorée sur Drive ECHOLINE/PB drive/DIOR
[2026-06-08 14:52:24] [WARN] Pas de mappage pour: SERVICES_GENERAUX - Visiteurs () - permission ignorée sur Drive ECHOLINE/PB drive/DIOR
[2026-06-08 14:52:25] [SUCCESS] Permission appliquée: User 01 [write] -> Drive ECHOLINE/PB drive/DIOR
[2026-06-08 14:52:25] [WARN] Erreur résolution 'test': Le serveur distant a retourné une erreur : (403) Interdit.
[2026-06-08 14:52:25] [WARN] Impossible de résoudre 'test' dans le tenant destination - permission ignorée
[2026-06-08 14:52:25] [INFO] Traitement: /Drive ECHOLINE/PB drive/Doc veille internationale/ (6 permission(s))
[2026-06-08 14:52:25] [INFO] === COPIE REELLE: Drive ECHOLINE/PB drive/Doc veille internationale ===
[2026-06-08 14:52:26] [SUCCESS] Dossier cree: Drive ECHOLINE/PB drive/Doc veille internationale
[2026-06-08 14:52:26] [WARN] Erreur permission Equipe INFRA [owner] sur Drive ECHOLINE/PB drive/Doc veille internationale: Le serveur distant a retourné une erreur : (400) Demande incorrecte.
[2026-06-08 14:52:26] [SUCCESS] Permission appliquée: User 01 [write] -> Drive ECHOLINE/PB drive/Doc veille internationale
[2026-06-08 14:52:26] [WARN] Pas de mappage pour: SERVICES_GENERAUX - Membres () - permission ignorée sur Drive ECHOLINE/PB drive/Doc veille internationale
[2026-06-08 14:52:26] [WARN] Pas de mappage pour: SERVICES_GENERAUX - Visiteurs () - permission ignorée sur Drive ECHOLINE/PB drive/Doc veille internationale
[2026-06-08 14:52:26] [WARN] Pas de mappage pour: Propriétaires de SERVICES_GENERAUX () - permission ignorée sur Drive ECHOLINE/PB drive/Doc veille internationale
[2026-06-08 14:52:27] [WARN] Erreur résolution 'test': Le serveur distant a retourné une erreur : (403) Interdit.
[2026-06-08 14:52:27] [WARN] Impossible de résoudre 'test' dans le tenant destination - permission ignorée
[2026-06-08 14:52:27] [INFO] Traitement: /Drive ECHOLINE/PB drive/ENI FRANCE/ (6 permission(s))
[2026-06-08 14:52:27] [INFO] === COPIE REELLE: Drive ECHOLINE/PB drive/ENI FRANCE ===
[2026-06-08 14:52:27] [SUCCESS] Dossier cree: Drive ECHOLINE/PB drive/ENI FRANCE
[2026-06-08 14:52:28] [SUCCESS] Permission appliquée: User 01 [write] -> Drive ECHOLINE/PB drive/ENI FRANCE
[2026-06-08 14:52:28] [WARN] Pas de mappage pour: SERVICES_GENERAUX - Membres () - permission ignorée sur Drive ECHOLINE/PB drive/ENI FRANCE
[2026-06-08 14:52:28] [WARN] Pas de mappage pour: SERVICES_GENERAUX - Visiteurs () - permission ignorée sur Drive ECHOLINE/PB drive/ENI FRANCE
[2026-06-08 14:52:28] [WARN] Pas de mappage pour: Propriétaires de SERVICES_GENERAUX () - permission ignorée sur Drive ECHOLINE/PB drive/ENI FRANCE
[2026-06-08 14:52:28] [WARN] Erreur résolution 'test': Le serveur distant a retourné une erreur : (403) Interdit.
[2026-06-08 14:52:28] [WARN] Impossible de résoudre 'test' dans le tenant destination - permission ignorée
[2026-06-08 14:52:28] [WARN] Erreur permission Equipe INFRA [owner] sur Drive ECHOLINE/PB drive/ENI FRANCE: Le serveur distant a retourné une erreur : (400) Demande incorrecte.
[2026-06-08 14:52:28] [INFO] Traitement: /Drive ECHOLINE/PB drive/Exemples news extérieures/ (6 permission(s))
[2026-06-08 14:52:28] [INFO] === COPIE REELLE: Drive ECHOLINE/PB drive/Exemples news extérieures ===
[2026-06-08 14:52:29] [ERROR] Erreur copie: Le serveur distant a retourné une erreur : (400) Demande incorrecte.
[2026-06-08 14:52:29] [WARN] Impossible de récupérer l'item destination pour les droits: Drive ECHOLINE/PB drive/Exemples news extérieures - Le serveur distant a retourné une erreur : (404) Introuvable.
[2026-06-08 14:52:29] [INFO] Traitement: /Drive ECHOLINE/PB drive/Export txts avant report SONATA/ (6 permission(s))
[2026-06-08 14:52:29] [INFO] === COPIE REELLE: Drive ECHOLINE/PB drive/Export txts avant report SONATA ===
[2026-06-08 14:52:30] [SUCCESS] Dossier cree: Drive ECHOLINE/PB drive/Export txts avant report SONATA
[2026-06-08 14:52:30] [WARN] Pas de mappage pour: SERVICES_GENERAUX - Membres () - permission ignorée sur Drive ECHOLINE/PB drive/Export txts avant report SONATA
[2026-06-08 14:52:32] [SUCCESS] Permission appliquée: User 01 [write] -> Drive ECHOLINE/PB drive/Export txts avant report SONATA
[2026-06-08 14:52:32] [WARN] Pas de mappage pour: Propriétaires de SERVICES_GENERAUX () - permission ignorée sur Drive ECHOLINE/PB drive/Export txts avant report SONATA
[2026-06-08 14:52:32] [WARN] Erreur permission Equipe INFRA [owner] sur Drive ECHOLINE/PB drive/Export txts avant report SONATA: Le serveur distant a retourné une erreur : (400) Demande incorrecte.
[2026-06-08 14:52:32] [WARN] Pas de mappage pour: SERVICES_GENERAUX - Visiteurs () - permission ignorée sur Drive ECHOLINE/PB drive/Export txts avant report SONATA
[2026-06-08 14:52:32] [WARN] Erreur résolution 'test': Le serveur distant a retourné une erreur : (403) Interdit.
[2026-06-08 14:52:32] [WARN] Impossible de résoudre 'test' dans le tenant destination - permission ignorée
[2026-06-08 14:52:32] [INFO] Traitement: /Drive ECHOLINE/PB drive/Fertiline - Loudéac/ (6 permission(s))
[2026-06-08 14:52:32] [INFO] === COPIE REELLE: Drive ECHOLINE/PB drive/Fertiline - Loudéac ===
[2026-06-08 14:52:34] [SUCCESS] Dossier cree: Drive ECHOLINE/PB drive/Fertiline - Loudéac
[2026-06-08 14:52:34] [WARN] Impossible de récupérer l'item destination pour les droits: Drive ECHOLINE/PB drive/Fertiline - Loudéac - Le serveur distant a retourné une erreur : (404) Introuvable.
[2026-06-08 14:52:34] [INFO] Traitement: /Drive ECHOLINE/PB drive/Fiche ID (1)/ (6 permission(s))
[2026-06-08 14:52:34] [INFO] === COPIE REELLE: Drive ECHOLINE/PB drive/Fiche ID (1) ===
[2026-06-08 14:52:35] [SUCCESS] Dossier cree: Drive ECHOLINE/PB drive/Fiche ID (1)
[2026-06-08 14:52:35] [WARN] Pas de mappage pour: SERVICES_GENERAUX - Visiteurs () - permission ignorée sur Drive ECHOLINE/PB drive/Fiche ID (1)
[2026-06-08 14:52:35] [WARN] Pas de mappage pour: SERVICES_GENERAUX - Membres () - permission ignorée sur Drive ECHOLINE/PB drive/Fiche ID (1)
[2026-06-08 14:52:35] [SUCCESS] Permission appliquée: User 01 [write] -> Drive ECHOLINE/PB drive/Fiche ID (1)
[2026-06-08 14:52:35] [WARN] Erreur permission Equipe INFRA [owner] sur Drive ECHOLINE/PB drive/Fiche ID (1): Le serveur distant a retourné une erreur : (400) Demande incorrecte.
[2026-06-08 14:52:36] [WARN] Erreur résolution 'test': Le serveur distant a retourné une erreur : (403) Interdit.
[2026-06-08 14:52:36] [WARN] Impossible de résoudre 'test' dans le tenant destination - permission ignorée
[2026-06-08 14:52:36] [WARN] Pas de mappage pour: Propriétaires de SERVICES_GENERAUX () - permission ignorée sur Drive ECHOLINE/PB drive/Fiche ID (1)
[2026-06-08 14:52:36] [INFO] Traitement: /Drive ECHOLINE/PB drive/Fiche ID/ (6 permission(s))
[2026-06-08 14:52:36] [INFO] === COPIE REELLE: Drive ECHOLINE/PB drive/Fiche ID ===
[2026-06-08 14:52:36] [SUCCESS] Dossier cree: Drive ECHOLINE/PB drive/Fiche ID
[2026-06-08 14:52:37] [WARN] Erreur résolution 'test': Le serveur distant a retourné une erreur : (403) Interdit.
[2026-06-08 14:52:37] [WARN] Impossible de résoudre 'test' dans le tenant destination - permission ignorée
[2026-06-08 14:52:37] [SUCCESS] Permission appliquée: User 01 [write] -> Drive ECHOLINE/PB drive/Fiche ID
[2026-06-08 14:52:37] [WARN] Pas de mappage pour: SERVICES_GENERAUX - Membres () - permission ignorée sur Drive ECHOLINE/PB drive/Fiche ID
[2026-06-08 14:52:37] [WARN] Pas de mappage pour: SERVICES_GENERAUX - Visiteurs () - permission ignorée sur Drive ECHOLINE/PB drive/Fiche ID
[2026-06-08 14:52:37] [WARN] Erreur permission Equipe INFRA [owner] sur Drive ECHOLINE/PB drive/Fiche ID: Le serveur distant a retourné une erreur : (400) Demande incorrecte.
[2026-06-08 14:52:37] [WARN] Pas de mappage pour: Propriétaires de SERVICES_GENERAUX () - permission ignorée sur Drive ECHOLINE/PB drive/Fiche ID
[2026-06-08 14:52:37] [INFO] Traitement: /Drive ECHOLINE/PB drive/Formulaire utilisateurs/ (6 permission(s))
[2026-06-08 14:52:37] [INFO] === COPIE REELLE: Drive ECHOLINE/PB drive/Formulaire utilisateurs ===
[2026-06-08 14:52:38] [SUCCESS] Dossier cree: Drive ECHOLINE/PB drive/Formulaire utilisateurs
[2026-06-08 14:52:38] [WARN] Pas de mappage pour: Propriétaires de SERVICES_GENERAUX () - permission ignorée sur Drive ECHOLINE/PB drive/Formulaire utilisateurs
[2026-06-08 14:52:38] [WARN] Pas de mappage pour: SERVICES_GENERAUX - Visiteurs () - permission ignorée sur Drive ECHOLINE/PB drive/Formulaire utilisateurs
[2026-06-08 14:52:38] [WARN] Pas de mappage pour: SERVICES_GENERAUX - Membres () - permission ignorée sur Drive ECHOLINE/PB drive/Formulaire utilisateurs
[2026-06-08 14:52:39] [SUCCESS] Permission appliquée: User 01 [write] -> Drive ECHOLINE/PB drive/Formulaire utilisateurs
[2026-06-08 14:52:39] [WARN] Erreur permission Equipe INFRA [owner] sur Drive ECHOLINE/PB drive/Formulaire utilisateurs: Le serveur distant a retourné une erreur : (400) Demande incorrecte.
[2026-06-08 14:52:39] [WARN] Erreur résolution 'test': Le serveur distant a retourné une erreur : (403) Interdit.
[2026-06-08 14:52:39] [WARN] Impossible de résoudre 'test' dans le tenant destination - permission ignorée
[2026-06-08 14:52:39] [INFO] Traitement: /Drive ECHOLINE/PB drive/LOUIS VUITTON/ (6 permission(s))
[2026-06-08 14:52:39] [INFO] === COPIE REELLE: Drive ECHOLINE/PB drive/LOUIS VUITTON ===
[2026-06-08 14:52:40] [SUCCESS] Dossier cree: Drive ECHOLINE/PB drive/LOUIS VUITTON
[2026-06-08 14:52:40] [WARN] Erreur résolution 'test': Le serveur distant a retourné une erreur : (403) Interdit.
[2026-06-08 14:52:40] [WARN] Impossible de résoudre 'test' dans le tenant destination - permission ignorée
[2026-06-08 14:52:40] [WARN] Pas de mappage pour: SERVICES_GENERAUX - Visiteurs () - permission ignorée sur Drive ECHOLINE/PB drive/LOUIS VUITTON
[2026-06-08 14:52:40] [WARN] Pas de mappage pour: SERVICES_GENERAUX - Membres () - permission ignorée sur Drive ECHOLINE/PB drive/LOUIS VUITTON
[2026-06-08 14:52:40] [SUCCESS] Permission appliquée: User 01 [write] -> Drive ECHOLINE/PB drive/LOUIS VUITTON
[2026-06-08 14:52:40] [WARN] Erreur permission Equipe INFRA [owner] sur Drive ECHOLINE/PB drive/LOUIS VUITTON: Le serveur distant a retourné une erreur : (400) Demande incorrecte.
[2026-06-08 14:52:40] [WARN] Pas de mappage pour: Propriétaires de SERVICES_GENERAUX () - permission ignorée sur Drive ECHOLINE/PB drive/LOUIS VUITTON
[2026-06-08 14:52:40] [INFO] Traitement: /Drive ECHOLINE/PB drive/mails - hotline directe/ (6 permission(s))
[2026-06-08 14:52:40] [INFO] === COPIE REELLE: Drive ECHOLINE/PB drive/mails - hotline directe ===
[2026-06-08 14:52:41] [SUCCESS] Dossier cree: Drive ECHOLINE/PB drive/mails - hotline directe
[2026-06-08 14:52:42] [WARN] Pas de mappage pour: Propriétaires de SERVICES_GENERAUX () - permission ignorée sur Drive ECHOLINE/PB drive/mails - hotline directe
[2026-06-08 14:52:42] [WARN] Pas de mappage pour: SERVICES_GENERAUX - Visiteurs () - permission ignorée sur Drive ECHOLINE/PB drive/mails - hotline directe
[2026-06-08 14:52:42] [WARN] Pas de mappage pour: SERVICES_GENERAUX - Membres () - permission ignorée sur Drive ECHOLINE/PB drive/mails - hotline directe
[2026-06-08 14:52:42] [SUCCESS] Permission appliquée: User 01 [write] -> Drive ECHOLINE/PB drive/mails - hotline directe
[2026-06-08 14:52:42] [WARN] Erreur permission Equipe INFRA [owner] sur Drive ECHOLINE/PB drive/mails - hotline directe: Le serveur distant a retourné une erreur : (400) Demande incorrecte.
[2026-06-08 14:52:42] [WARN] Erreur résolution 'test': Le serveur distant a retourné une erreur : (403) Interdit.
[2026-06-08 14:52:42] [WARN] Impossible de résoudre 'test' dans le tenant destination - permission ignorée
[2026-06-08 14:52:42] [INFO] Traitement: /Drive ECHOLINE/PB drive/MODELES lettre info/ (6 permission(s))
[2026-06-08 14:52:42] [INFO] === COPIE REELLE: Drive ECHOLINE/PB drive/MODELES lettre info ===
[2026-06-08 14:52:43] [SUCCESS] Dossier cree: Drive ECHOLINE/PB drive/MODELES lettre info
[2026-06-08 14:52:43] [WARN] Erreur permission Equipe INFRA [owner] sur Drive ECHOLINE/PB drive/MODELES lettre info: Le serveur distant a retourné une erreur : (400) Demande incorrecte.
[2026-06-08 14:52:43] [WARN] Erreur résolution 'test': Le serveur distant a retourné une erreur : (403) Interdit.
[2026-06-08 14:52:43] [WARN] Impossible de résoudre 'test' dans le tenant destination - permission ignorée
[2026-06-08 14:52:43] [WARN] Pas de mappage pour: SERVICES_GENERAUX - Membres () - permission ignorée sur Drive ECHOLINE/PB drive/MODELES lettre info
[2026-06-08 14:52:43] [WARN] Pas de mappage pour: Propriétaires de SERVICES_GENERAUX () - permission ignorée sur Drive ECHOLINE/PB drive/MODELES lettre info
[2026-06-08 14:52:43] [WARN] Pas de mappage pour: SERVICES_GENERAUX - Visiteurs () - permission ignorée sur Drive ECHOLINE/PB drive/MODELES lettre info
[2026-06-08 14:52:44] [SUCCESS] Permission appliquée: User 01 [write] -> Drive ECHOLINE/PB drive/MODELES lettre info
[2026-06-08 14:52:44] [INFO] Traitement: /Drive ECHOLINE/PB drive/NUTRITION ET SANTE/ (6 permission(s))
[2026-06-08 14:52:44] [INFO] === COPIE REELLE: Drive ECHOLINE/PB drive/NUTRITION ET SANTE ===
[2026-06-08 14:52:45] [SUCCESS] Dossier cree: Drive ECHOLINE/PB drive/NUTRITION ET SANTE
[2026-06-08 14:52:45] [WARN] Erreur permission Equipe INFRA [owner] sur Drive ECHOLINE/PB drive/NUTRITION ET SANTE: Le serveur distant a retourné une erreur : (400) Demande incorrecte.
[2026-06-08 14:52:45] [WARN] Erreur résolution 'test': Le serveur distant a retourné une erreur : (403) Interdit.
[2026-06-08 14:52:45] [WARN] Impossible de résoudre 'test' dans le tenant destination - permission ignorée
[2026-06-08 14:52:46] [SUCCESS] Permission appliquée: User 01 [write] -> Drive ECHOLINE/PB drive/NUTRITION ET SANTE
[2026-06-08 14:52:46] [WARN] Pas de mappage pour: SERVICES_GENERAUX - Membres () - permission ignorée sur Drive ECHOLINE/PB drive/NUTRITION ET SANTE
[2026-06-08 14:52:46] [WARN] Pas de mappage pour: SERVICES_GENERAUX - Visiteurs () - permission ignorée sur Drive ECHOLINE/PB drive/NUTRITION ET SANTE
[2026-06-08 14:52:46] [WARN] Pas de mappage pour: Propriétaires de SERVICES_GENERAUX () - permission ignorée sur Drive ECHOLINE/PB drive/NUTRITION ET SANTE
[2026-06-08 14:52:46] [INFO] Traitement: /Drive ECHOLINE/PB drive/PIVAUDRAN/ (6 permission(s))
[2026-06-08 14:52:46] [INFO] === COPIE REELLE: Drive ECHOLINE/PB drive/PIVAUDRAN ===
[2026-06-08 14:52:47] [SUCCESS] Dossier cree: Drive ECHOLINE/PB drive/PIVAUDRAN
[2026-06-08 14:52:47] [WARN] Erreur résolution 'test': Le serveur distant a retourné une erreur : (403) Interdit.
[2026-06-08 14:52:47] [WARN] Impossible de résoudre 'test' dans le tenant destination - permission ignorée
[2026-06-08 14:52:47] [WARN] Pas de mappage pour: SERVICES_GENERAUX - Membres () - permission ignorée sur Drive ECHOLINE/PB drive/PIVAUDRAN
[2026-06-08 14:52:47] [WARN] Pas de mappage pour: SERVICES_GENERAUX - Visiteurs () - permission ignorée sur Drive ECHOLINE/PB drive/PIVAUDRAN
[2026-06-08 14:52:47] [WARN] Pas de mappage pour: Propriétaires de SERVICES_GENERAUX () - permission ignorée sur Drive ECHOLINE/PB drive/PIVAUDRAN
[2026-06-08 14:52:47] [WARN] Erreur permission Equipe INFRA [owner] sur Drive ECHOLINE/PB drive/PIVAUDRAN: Le serveur distant a retourné une erreur : (400) Demande incorrecte.
[2026-06-08 14:52:47] [SUCCESS] Permission appliquée: User 01 [write] -> Drive ECHOLINE/PB drive/PIVAUDRAN
[2026-06-08 14:52:47] [INFO] Traitement: /Drive ECHOLINE/PB drive/Projets/ (6 permission(s))
[2026-06-08 14:52:47] [INFO] === COPIE REELLE: Drive ECHOLINE/PB drive/Projets ===
[2026-06-08 14:52:48] [SUCCESS] Dossier cree: Drive ECHOLINE/PB drive/Projets
[2026-06-08 14:52:48] [WARN] Pas de mappage pour: SERVICES_GENERAUX - Membres () - permission ignorée sur Drive ECHOLINE/PB drive/Projets
[2026-06-08 14:52:48] [WARN] Pas de mappage pour: Propriétaires de SERVICES_GENERAUX () - permission ignorée sur Drive ECHOLINE/PB drive/Projets
[2026-06-08 14:52:48] [WARN] Pas de mappage pour: SERVICES_GENERAUX - Visiteurs () - permission ignorée sur Drive ECHOLINE/PB drive/Projets
[2026-06-08 14:52:49] [SUCCESS] Permission appliquée: User 01 [write] -> Drive ECHOLINE/PB drive/Projets
[2026-06-08 14:52:49] [WARN] Erreur permission Equipe INFRA [owner] sur Drive ECHOLINE/PB drive/Projets: Le serveur distant a retourné une erreur : (400) Demande incorrecte.
[2026-06-08 14:52:49] [WARN] Erreur résolution 'test': Le serveur distant a retourné une erreur : (403) Interdit.
[2026-06-08 14:52:49] [WARN] Impossible de résoudre 'test' dans le tenant destination - permission ignorée
[2026-06-08 14:52:49] [INFO] Traitement: /Drive ECHOLINE/PB drive/RIEN AJOUTER Dossiers clients/ (6 permission(s))
[2026-06-08 14:52:49] [INFO] === COPIE REELLE: Drive ECHOLINE/PB drive/RIEN AJOUTER Dossiers clients ===
[2026-06-08 14:52:50] [SUCCESS] Dossier cree: Drive ECHOLINE/PB drive/RIEN AJOUTER Dossiers clients
[2026-06-08 14:52:50] [WARN] Erreur résolution 'test': Le serveur distant a retourné une erreur : (403) Interdit.
[2026-06-08 14:52:50] [WARN] Impossible de résoudre 'test' dans le tenant destination - permission ignorée
[2026-06-08 14:52:50] [WARN] Pas de mappage pour: Propriétaires de SERVICES_GENERAUX () - permission ignorée sur Drive ECHOLINE/PB drive/RIEN AJOUTER Dossiers clients
[2026-06-08 14:52:50] [WARN] Pas de mappage pour: SERVICES_GENERAUX - Visiteurs () - permission ignorée sur Drive ECHOLINE/PB drive/RIEN AJOUTER Dossiers clients
[2026-06-08 14:52:50] [WARN] Pas de mappage pour: SERVICES_GENERAUX - Membres () - permission ignorée sur Drive ECHOLINE/PB drive/RIEN AJOUTER Dossiers clients
[2026-06-08 14:52:50] [SUCCESS] Permission appliquée: User 01 [write] -> Drive ECHOLINE/PB drive/RIEN AJOUTER Dossiers clients
[2026-06-08 14:52:51] [WARN] Erreur permission Equipe INFRA [owner] sur Drive ECHOLINE/PB drive/RIEN AJOUTER Dossiers clients: Le serveur distant a retourné une erreur : (400) Demande incorrecte.
[2026-06-08 14:52:51] [INFO] Traitement: /Drive ECHOLINE/PB drive/SIGNAUX GIROD/ (6 permission(s))
[2026-06-08 14:52:51] [INFO] === COPIE REELLE: Drive ECHOLINE/PB drive/SIGNAUX GIROD ===
[2026-06-08 14:52:51] [SUCCESS] Dossier cree: Drive ECHOLINE/PB drive/SIGNAUX GIROD
[2026-06-08 14:52:52] [WARN] Erreur résolution 'test': Le serveur distant a retourné une erreur : (403) Interdit.
[2026-06-08 14:52:52] [WARN] Impossible de résoudre 'test' dans le tenant destination - permission ignorée
[2026-06-08 14:52:52] [WARN] Erreur permission Equipe INFRA [owner] sur Drive ECHOLINE/PB drive/SIGNAUX GIROD: Le serveur distant a retourné une erreur : (400) Demande incorrecte.
[2026-06-08 14:52:52] [SUCCESS] Permission appliquée: User 01 [write] -> Drive ECHOLINE/PB drive/SIGNAUX GIROD
[2026-06-08 14:52:52] [WARN] Pas de mappage pour: SERVICES_GENERAUX - Membres () - permission ignorée sur Drive ECHOLINE/PB drive/SIGNAUX GIROD
[2026-06-08 14:52:52] [WARN] Pas de mappage pour: SERVICES_GENERAUX - Visiteurs () - permission ignorée sur Drive ECHOLINE/PB drive/SIGNAUX GIROD
[2026-06-08 14:52:52] [WARN] Pas de mappage pour: Propriétaires de SERVICES_GENERAUX () - permission ignorée sur Drive ECHOLINE/PB drive/SIGNAUX GIROD
[2026-06-08 14:52:52] [INFO] Traitement: /Drive ECHOLINE/PB drive/STERIS/ (6 permission(s))
[2026-06-08 14:52:52] [INFO] === COPIE REELLE: Drive ECHOLINE/PB drive/STERIS ===
[2026-06-08 14:52:53] [SUCCESS] Dossier cree: Drive ECHOLINE/PB drive/STERIS
[2026-06-08 14:52:54] [WARN] Erreur permission Equipe INFRA [owner] sur Drive ECHOLINE/PB drive/STERIS: Le serveur distant a retourné une erreur : (400) Demande incorrecte.
[2026-06-08 14:52:54] [SUCCESS] Permission appliquée: User 01 [write] -> Drive ECHOLINE/PB drive/STERIS
[2026-06-08 14:52:54] [WARN] Pas de mappage pour: SERVICES_GENERAUX - Membres () - permission ignorée sur Drive ECHOLINE/PB drive/STERIS
[2026-06-08 14:52:54] [WARN] Pas de mappage pour: Propriétaires de SERVICES_GENERAUX () - permission ignorée sur Drive ECHOLINE/PB drive/STERIS
[2026-06-08 14:52:54] [WARN] Pas de mappage pour: SERVICES_GENERAUX - Visiteurs () - permission ignorée sur Drive ECHOLINE/PB drive/STERIS
[2026-06-08 14:52:54] [WARN] Erreur résolution 'test': Le serveur distant a retourné une erreur : (403) Interdit.
[2026-06-08 14:52:54] [WARN] Impossible de résoudre 'test' dans le tenant destination - permission ignorée
[2026-06-08 14:52:54] [INFO] Traitement: /Drive ECHOLINE/PB drive/THYSSENKRUPP/ (6 permission(s))
[2026-06-08 14:52:54] [INFO] === COPIE REELLE: Drive ECHOLINE/PB drive/THYSSENKRUPP ===
[2026-06-08 14:52:55] [SUCCESS] Dossier cree: Drive ECHOLINE/PB drive/THYSSENKRUPP
[2026-06-08 14:52:55] [WARN] Erreur permission Equipe INFRA [owner] sur Drive ECHOLINE/PB drive/THYSSENKRUPP: Le serveur distant a retourné une erreur : (400) Demande incorrecte.
[2026-06-08 14:52:56] [SUCCESS] Permission appliquée: User 01 [write] -> Drive ECHOLINE/PB drive/THYSSENKRUPP
[2026-06-08 14:52:56] [WARN] Pas de mappage pour: SERVICES_GENERAUX - Membres () - permission ignorée sur Drive ECHOLINE/PB drive/THYSSENKRUPP
[2026-06-08 14:52:56] [WARN] Pas de mappage pour: SERVICES_GENERAUX - Visiteurs () - permission ignorée sur Drive ECHOLINE/PB drive/THYSSENKRUPP
[2026-06-08 14:52:56] [WARN] Pas de mappage pour: Propriétaires de SERVICES_GENERAUX () - permission ignorée sur Drive ECHOLINE/PB drive/THYSSENKRUPP
[2026-06-08 14:52:56] [WARN] Erreur résolution 'test': Le serveur distant a retourné une erreur : (403) Interdit.
[2026-06-08 14:52:56] [WARN] Impossible de résoudre 'test' dans le tenant destination - permission ignorée
[2026-06-08 14:52:56] [INFO] Traitement: /Drive ECHOLINE/PB drive/Union Invivo - Montoir de Bretagne/ (6 permission(s))
[2026-06-08 14:52:56] [INFO] === COPIE REELLE: Drive ECHOLINE/PB drive/Union Invivo - Montoir de Bretagne ===
[2026-06-08 14:52:57] [SUCCESS] Dossier cree: Drive ECHOLINE/PB drive/Union Invivo - Montoir de Bretagne
[2026-06-08 14:52:57] [SUCCESS] Permission appliquée: User 01 [write] -> Drive ECHOLINE/PB drive/Union Invivo - Montoir de Bretagne
[2026-06-08 14:52:57] [WARN] Pas de mappage pour: SERVICES_GENERAUX - Membres () - permission ignorée sur Drive ECHOLINE/PB drive/Union Invivo - Montoir de Bretagne
[2026-06-08 14:52:57] [WARN] Pas de mappage pour: SERVICES_GENERAUX - Visiteurs () - permission ignorée sur Drive ECHOLINE/PB drive/Union Invivo - Montoir de Bretagne
[2026-06-08 14:52:57] [WARN] Erreur résolution 'test': Le serveur distant a retourné une erreur : (403) Interdit.
[2026-06-08 14:52:57] [WARN] Impossible de résoudre 'test' dans le tenant destination - permission ignorée
[2026-06-08 14:52:57] [WARN] Erreur permission Equipe INFRA [owner] sur Drive ECHOLINE/PB drive/Union Invivo - Montoir de Bretagne: Le serveur distant a retourné une erreur : (400) Demande incorrecte.
[2026-06-08 14:52:57] [WARN] Pas de mappage pour: Propriétaires de SERVICES_GENERAUX () - permission ignorée sur Drive ECHOLINE/PB drive/Union Invivo - Montoir de Bretagne
[2026-06-08 14:52:57] [INFO] Traitement: /Drive ECHOLINE/PB drive/Union Invivo - Nantes/ (6 permission(s))
[2026-06-08 14:52:57] [INFO] === COPIE REELLE: Drive ECHOLINE/PB drive/Union Invivo - Nantes ===
[2026-06-08 14:52:58] [SUCCESS] Dossier cree: Drive ECHOLINE/PB drive/Union Invivo - Nantes
[2026-06-08 14:52:59] [WARN] Erreur permission Equipe INFRA [owner] sur Drive ECHOLINE/PB drive/Union Invivo - Nantes: Le serveur distant a retourné une erreur : (400) Demande incorrecte.
[2026-06-08 14:52:59] [SUCCESS] Permission appliquée: User 01 [write] -> Drive ECHOLINE/PB drive/Union Invivo - Nantes
[2026-06-08 14:52:59] [WARN] Pas de mappage pour: SERVICES_GENERAUX - Membres () - permission ignorée sur Drive ECHOLINE/PB drive/Union Invivo - Nantes
[2026-06-08 14:52:59] [WARN] Pas de mappage pour: SERVICES_GENERAUX - Visiteurs () - permission ignorée sur Drive ECHOLINE/PB drive/Union Invivo - Nantes
[2026-06-08 14:52:59] [WARN] Pas de mappage pour: Propriétaires de SERVICES_GENERAUX () - permission ignorée sur Drive ECHOLINE/PB drive/Union Invivo - Nantes
[2026-06-08 14:52:59] [WARN] Erreur résolution 'test': Le serveur distant a retourné une erreur : (403) Interdit.
[2026-06-08 14:52:59] [WARN] Impossible de résoudre 'test' dans le tenant destination - permission ignorée
[2026-06-08 14:52:59] [INFO] Traitement: /Drive ECHOLINE/PB drive/Union Invivo - Saint-usage/ (6 permission(s))
[2026-06-08 14:52:59] [INFO] === COPIE REELLE: Drive ECHOLINE/PB drive/Union Invivo - Saint-usage ===
[2026-06-08 14:53:00] [SUCCESS] Dossier cree: Drive ECHOLINE/PB drive/Union Invivo - Saint-usage
[2026-06-08 14:53:00] [WARN] Pas de mappage pour: Propriétaires de SERVICES_GENERAUX () - permission ignorée sur Drive ECHOLINE/PB drive/Union Invivo - Saint-usage
[2026-06-08 14:53:00] [WARN] Erreur résolution 'test': Le serveur distant a retourné une erreur : (403) Interdit.
[2026-06-08 14:53:00] [WARN] Impossible de résoudre 'test' dans le tenant destination - permission ignorée
[2026-06-08 14:53:00] [WARN] Erreur permission Equipe INFRA [owner] sur Drive ECHOLINE/PB drive/Union Invivo - Saint-usage: Le serveur distant a retourné une erreur : (400) Demande incorrecte.
[2026-06-08 14:53:00] [SUCCESS] Permission appliquée: User 01 [write] -> Drive ECHOLINE/PB drive/Union Invivo - Saint-usage
[2026-06-08 14:53:00] [WARN] Pas de mappage pour: SERVICES_GENERAUX - Membres () - permission ignorée sur Drive ECHOLINE/PB drive/Union Invivo - Saint-usage
[2026-06-08 14:53:00] [WARN] Pas de mappage pour: SERVICES_GENERAUX - Visiteurs () - permission ignorée sur Drive ECHOLINE/PB drive/Union Invivo - Saint-usage
[2026-06-08 14:53:00] [INFO] Traitement: /Drive ECHOLINE/PB drive/Union Invivo Chalon en Champagne/ (6 permission(s))
[2026-06-08 14:53:00] [INFO] === COPIE REELLE: Drive ECHOLINE/PB drive/Union Invivo Chalon en Champagne ===
[2026-06-08 14:53:01] [SUCCESS] Dossier cree: Drive ECHOLINE/PB drive/Union Invivo Chalon en Champagne
[2026-06-08 14:53:01] [WARN] Erreur résolution 'test': Le serveur distant a retourné une erreur : (403) Interdit.
[2026-06-08 14:53:01] [WARN] Impossible de résoudre 'test' dans le tenant destination - permission ignorée
[2026-06-08 14:53:02] [SUCCESS] Permission appliquée: User 01 [write] -> Drive ECHOLINE/PB drive/Union Invivo Chalon en Champagne
[2026-06-08 14:53:02] [WARN] Pas de mappage pour: SERVICES_GENERAUX - Membres () - permission ignorée sur Drive ECHOLINE/PB drive/Union Invivo Chalon en Champagne
[2026-06-08 14:53:02] [WARN] Pas de mappage pour: SERVICES_GENERAUX - Visiteurs () - permission ignorée sur Drive ECHOLINE/PB drive/Union Invivo Chalon en Champagne
[2026-06-08 14:53:02] [WARN] Erreur permission Equipe INFRA [owner] sur Drive ECHOLINE/PB drive/Union Invivo Chalon en Champagne: Le serveur distant a retourné une erreur : (400) Demande incorrecte.
[2026-06-08 14:53:02] [WARN] Pas de mappage pour: Propriétaires de SERVICES_GENERAUX () - permission ignorée sur Drive ECHOLINE/PB drive/Union Invivo Chalon en Champagne
[2026-06-08 14:53:02] [INFO] Traitement: /Drive ECHOLINE/PB drive/Union Invivo Metz/ (6 permission(s))
[2026-06-08 14:53:02] [INFO] === COPIE REELLE: Drive ECHOLINE/PB drive/Union Invivo Metz ===
[2026-06-08 14:53:03] [SUCCESS] Dossier cree: Drive ECHOLINE/PB drive/Union Invivo Metz
[2026-06-08 14:53:03] [WARN] Pas de mappage pour: SERVICES_GENERAUX - Membres () - permission ignorée sur Drive ECHOLINE/PB drive/Union Invivo Metz
[2026-06-08 14:53:03] [WARN] Pas de mappage pour: Propriétaires de SERVICES_GENERAUX () - permission ignorée sur Drive ECHOLINE/PB drive/Union Invivo Metz
[2026-06-08 14:53:03] [WARN] Pas de mappage pour: SERVICES_GENERAUX - Visiteurs () - permission ignorée sur Drive ECHOLINE/PB drive/Union Invivo Metz
[2026-06-08 14:53:03] [SUCCESS] Permission appliquée: User 01 [write] -> Drive ECHOLINE/PB drive/Union Invivo Metz
[2026-06-08 14:53:03] [WARN] Erreur permission Equipe INFRA [owner] sur Drive ECHOLINE/PB drive/Union Invivo Metz: Le serveur distant a retourné une erreur : (400) Demande incorrecte.
[2026-06-08 14:53:03] [WARN] Erreur résolution 'test': Le serveur distant a retourné une erreur : (403) Interdit.
[2026-06-08 14:53:03] [WARN] Impossible de résoudre 'test' dans le tenant destination - permission ignorée
[2026-06-08 14:53:03] [INFO] Traitement: /Drive ECHOLINE/PB drive/VALOREM/ (6 permission(s))
[2026-06-08 14:53:03] [INFO] === COPIE REELLE: Drive ECHOLINE/PB drive/VALOREM ===
[2026-06-08 14:53:05] [SUCCESS] Dossier cree: Drive ECHOLINE/PB drive/VALOREM
[2026-06-08 14:53:05] [WARN] Erreur résolution 'test': Le serveur distant a retourné une erreur : (403) Interdit.
[2026-06-08 14:53:05] [WARN] Impossible de résoudre 'test' dans le tenant destination - permission ignorée
[2026-06-08 14:53:05] [WARN] Pas de mappage pour: Propriétaires de SERVICES_GENERAUX () - permission ignorée sur Drive ECHOLINE/PB drive/VALOREM
[2026-06-08 14:53:05] [WARN] Pas de mappage pour: SERVICES_GENERAUX - Membres () - permission ignorée sur Drive ECHOLINE/PB drive/VALOREM
[2026-06-08 14:53:05] [SUCCESS] Permission appliquée: User 01 [write] -> Drive ECHOLINE/PB drive/VALOREM
[2026-06-08 14:53:05] [WARN] Erreur permission Equipe INFRA [owner] sur Drive ECHOLINE/PB drive/VALOREM: Le serveur distant a retourné une erreur : (400) Demande incorrecte.
[2026-06-08 14:53:05] [WARN] Pas de mappage pour: SERVICES_GENERAUX - Visiteurs () - permission ignorée sur Drive ECHOLINE/PB drive/VALOREM
[2026-06-08 14:53:05] [INFO] Traitement: /Drive ECHOLINE/PB drive/VILLEROY ET BOCH/ (6 permission(s))
[2026-06-08 14:53:05] [INFO] === COPIE REELLE: Drive ECHOLINE/PB drive/VILLEROY ET BOCH ===
[2026-06-08 14:53:06] [SUCCESS] Dossier cree: Drive ECHOLINE/PB drive/VILLEROY ET BOCH
[2026-06-08 14:53:06] [WARN] Pas de mappage pour: Propriétaires de SERVICES_GENERAUX () - permission ignorée sur Drive ECHOLINE/PB drive/VILLEROY ET BOCH
[2026-06-08 14:53:06] [WARN] Pas de mappage pour: SERVICES_GENERAUX - Visiteurs () - permission ignorée sur Drive ECHOLINE/PB drive/VILLEROY ET BOCH
[2026-06-08 14:53:06] [WARN] Pas de mappage pour: SERVICES_GENERAUX - Membres () - permission ignorée sur Drive ECHOLINE/PB drive/VILLEROY ET BOCH
[2026-06-08 14:53:07] [SUCCESS] Permission appliquée: User 01 [write] -> Drive ECHOLINE/PB drive/VILLEROY ET BOCH
[2026-06-08 14:53:07] [WARN] Erreur permission Equipe INFRA [owner] sur Drive ECHOLINE/PB drive/VILLEROY ET BOCH: Le serveur distant a retourné une erreur : (400) Demande incorrecte.
[2026-06-08 14:53:07] [WARN] Erreur résolution 'test': Le serveur distant a retourné une erreur : (403) Interdit.
[2026-06-08 14:53:07] [WARN] Impossible de résoudre 'test' dans le tenant destination - permission ignorée
[2026-06-08 14:53:07] [INFO] Traitement: /Drive ECHOLINE/PB drive/Visites/ (6 permission(s))
[2026-06-08 14:53:07] [INFO] === COPIE REELLE: Drive ECHOLINE/PB drive/Visites ===
[2026-06-08 14:53:08] [SUCCESS] Dossier cree: Drive ECHOLINE/PB drive/Visites
[2026-06-08 14:53:08] [WARN] Erreur permission Equipe INFRA [owner] sur Drive ECHOLINE/PB drive/Visites: Le serveur distant a retourné une erreur : (400) Demande incorrecte.
[2026-06-08 14:53:08] [WARN] Erreur résolution 'test': Le serveur distant a retourné une erreur : (403) Interdit.
[2026-06-08 14:53:08] [WARN] Impossible de résoudre 'test' dans le tenant destination - permission ignorée
[2026-06-08 14:53:08] [WARN] Pas de mappage pour: SERVICES_GENERAUX - Membres () - permission ignorée sur Drive ECHOLINE/PB drive/Visites
[2026-06-08 14:53:08] [WARN] Pas de mappage pour: Propriétaires de SERVICES_GENERAUX () - permission ignorée sur Drive ECHOLINE/PB drive/Visites
[2026-06-08 14:53:08] [WARN] Pas de mappage pour: SERVICES_GENERAUX - Visiteurs () - permission ignorée sur Drive ECHOLINE/PB drive/Visites
[2026-06-08 14:53:09] [SUCCESS] Permission appliquée: User 01 [write] -> Drive ECHOLINE/PB drive/Visites
[2026-06-08 14:53:09] [INFO] Traitement: /emailaddress.csv (5 permission(s))
[2026-06-08 14:53:09] [INFO] === COPIE REELLE: emailaddress.csv ===
[2026-06-08 14:53:10] [SUCCESS] === FICHIER COPIE AVEC SUCCES: emailaddress.csv ===
[2026-06-08 14:53:10] [WARN] Pas de mappage pour: Propriétaires de SERVICES_GENERAUX () - permission ignorée sur emailaddress.csv
[2026-06-08 14:53:10] [WARN] Pas de mappage pour: SERVICES_GENERAUX - Membres () - permission ignorée sur emailaddress.csv
[2026-06-08 14:53:10] [WARN] Erreur permission Equipe INFRA [owner] sur emailaddress.csv: Le serveur distant a retourné une erreur : (400) Demande incorrecte.
[2026-06-08 14:53:11] [WARN] Erreur résolution 'test': Le serveur distant a retourné une erreur : (403) Interdit.
[2026-06-08 14:53:11] [WARN] Impossible de résoudre 'test' dans le tenant destination - permission ignorée
[2026-06-08 14:53:11] [WARN] Pas de mappage pour: SERVICES_GENERAUX - Visiteurs () - permission ignorée sur emailaddress.csv
[2026-06-08 14:53:11] [INFO] Traitement: /Members_.csv (5 permission(s))
[2026-06-08 14:53:11] [INFO] === COPIE REELLE: Members_.csv ===
[2026-06-08 14:53:12] [SUCCESS] === FICHIER COPIE AVEC SUCCES: Members_.csv ===
[2026-06-08 14:53:13] [WARN] Pas de mappage pour: Propriétaires de SERVICES_GENERAUX () - permission ignorée sur Members_.csv
[2026-06-08 14:53:13] [WARN] Pas de mappage pour: SERVICES_GENERAUX - Visiteurs () - permission ignorée sur Members_.csv
[2026-06-08 14:53:13] [WARN] Erreur permission Equipe INFRA [owner] sur Members_.csv: Le serveur distant a retourné une erreur : (400) Demande incorrecte.
[2026-06-08 14:53:13] [WARN] Erreur résolution 'test': Le serveur distant a retourné une erreur : (403) Interdit.
[2026-06-08 14:53:13] [WARN] Impossible de résoudre 'test' dans le tenant destination - permission ignorée
[2026-06-08 14:53:13] [WARN] Pas de mappage pour: SERVICES_GENERAUX - Membres () - permission ignorée sur Members_.csv
[2026-06-08 14:53:13] [INFO] Traitement: /Members_support.csv (5 permission(s))
[2026-06-08 14:53:13] [INFO] === COPIE REELLE: Members_support.csv ===
[2026-06-08 14:53:14] [SUCCESS] === FICHIER COPIE AVEC SUCCES: Members_support.csv ===
[2026-06-08 14:53:14] [WARN] Erreur permission Equipe INFRA [owner] sur Members_support.csv: Le serveur distant a retourné une erreur : (400) Demande incorrecte.
[2026-06-08 14:53:14] [WARN] Pas de mappage pour: Propriétaires de SERVICES_GENERAUX () - permission ignorée sur Members_support.csv
[2026-06-08 14:53:14] [WARN] Pas de mappage pour: SERVICES_GENERAUX - Visiteurs () - permission ignorée sur Members_support.csv
[2026-06-08 14:53:14] [WARN] Pas de mappage pour: SERVICES_GENERAUX - Membres () - permission ignorée sur Members_support.csv
[2026-06-08 14:53:14] [WARN] Erreur résolution 'test': Le serveur distant a retourné une erreur : (403) Interdit.
[2026-06-08 14:53:14] [WARN] Impossible de résoudre 'test' dans le tenant destination - permission ignorée
[2026-06-08 14:53:14] [INFO] Traitement: /SCRIPT/ (5 permission(s))
[2026-06-08 14:53:14] [INFO] === COPIE REELLE: SCRIPT ===
[2026-06-08 14:53:15] [SUCCESS] Dossier cree: SCRIPT
[2026-06-08 14:53:15] [WARN] Pas de mappage pour: SERVICES_GENERAUX - Membres () - permission ignorée sur SCRIPT
[2026-06-08 14:53:15] [WARN] Pas de mappage pour: SERVICES_GENERAUX - Visiteurs () - permission ignorée sur SCRIPT
[2026-06-08 14:53:15] [WARN] Erreur résolution 'test': Le serveur distant a retourné une erreur : (403) Interdit.
[2026-06-08 14:53:15] [WARN] Impossible de résoudre 'test' dans le tenant destination - permission ignorée
[2026-06-08 14:53:15] [WARN] Pas de mappage pour: Propriétaires de SERVICES_GENERAUX () - permission ignorée sur SCRIPT
[2026-06-08 14:53:15] [WARN] Erreur permission Equipe INFRA [owner] sur SCRIPT: Le serveur distant a retourné une erreur : (400) Demande incorrecte.
[2026-06-08 14:53:15] [INFO] Traitement: /SCRIPT/ajout_DKIM_PS.txt (5 permission(s))
[2026-06-08 14:53:15] [INFO] === COPIE REELLE: SCRIPT/ajout_DKIM_PS.txt ===
[2026-06-08 14:53:16] [SUCCESS] === FICHIER COPIE AVEC SUCCES: SCRIPT/ajout_DKIM_PS.txt ===
[2026-06-08 14:53:17] [WARN] Pas de mappage pour: Propriétaires de SERVICES_GENERAUX () - permission ignorée sur SCRIPT/ajout_DKIM_PS.txt
[2026-06-08 14:53:17] [WARN] Pas de mappage pour: SERVICES_GENERAUX - Visiteurs () - permission ignorée sur SCRIPT/ajout_DKIM_PS.txt
[2026-06-08 14:53:17] [WARN] Pas de mappage pour: SERVICES_GENERAUX - Membres () - permission ignorée sur SCRIPT/ajout_DKIM_PS.txt
[2026-06-08 14:53:17] [WARN] Erreur permission Equipe INFRA [owner] sur SCRIPT/ajout_DKIM_PS.txt: Le serveur distant a retourné une erreur : (400) Demande incorrecte.
[2026-06-08 14:53:17] [WARN] Erreur résolution 'test': Le serveur distant a retourné une erreur : (403) Interdit.
[2026-06-08 14:53:17] [WARN] Impossible de résoudre 'test' dans le tenant destination - permission ignorée
[2026-06-08 14:53:17] [INFO] Traitement: /SCRIPT/conf_POSTFIX_Domaine.txt (5 permission(s))
[2026-06-08 14:53:17] [INFO] === COPIE REELLE: SCRIPT/conf_POSTFIX_Domaine.txt ===
[2026-06-08 14:53:18] [SUCCESS] === FICHIER COPIE AVEC SUCCES: SCRIPT/conf_POSTFIX_Domaine.txt ===
[2026-06-08 14:53:18] [WARN] Pas de mappage pour: SERVICES_GENERAUX - Visiteurs () - permission ignorée sur SCRIPT/conf_POSTFIX_Domaine.txt
[2026-06-08 14:53:18] [WARN] Pas de mappage pour: SERVICES_GENERAUX - Membres () - permission ignorée sur SCRIPT/conf_POSTFIX_Domaine.txt
[2026-06-08 14:53:18] [WARN] Erreur résolution 'test': Le serveur distant a retourné une erreur : (403) Interdit.
[2026-06-08 14:53:18] [WARN] Impossible de résoudre 'test' dans le tenant destination - permission ignorée
[2026-06-08 14:53:19] [WARN] Erreur permission Equipe INFRA [owner] sur SCRIPT/conf_POSTFIX_Domaine.txt: Le serveur distant a retourné une erreur : (400) Demande incorrecte.
[2026-06-08 14:53:19] [WARN] Pas de mappage pour: Propriétaires de SERVICES_GENERAUX () - permission ignorée sur SCRIPT/conf_POSTFIX_Domaine.txt
[2026-06-08 14:53:19] [INFO] Traitement: /SCRIPT/EOm8Q~EPBhXvVx5eeRrXdYK5wljgxyS6bGm.txt (5 permission(s))
[2026-06-08 14:53:19] [INFO] === COPIE REELLE: SCRIPT/EOm8Q~EPBhXvVx5eeRrXdYK5wljgxyS6bGm.txt ===
[2026-06-08 14:53:20] [SUCCESS] === FICHIER COPIE AVEC SUCCES: SCRIPT/EOm8Q~EPBhXvVx5eeRrXdYK5wljgxyS6bGm.txt ===
[2026-06-08 14:53:20] [WARN] Pas de mappage pour: Propriétaires de SERVICES_GENERAUX () - permission ignorée sur SCRIPT/EOm8Q~EPBhXvVx5eeRrXdYK5wljgxyS6bGm.txt
[2026-06-08 14:53:20] [WARN] Pas de mappage pour: SERVICES_GENERAUX - Visiteurs () - permission ignorée sur SCRIPT/EOm8Q~EPBhXvVx5eeRrXdYK5wljgxyS6bGm.txt
[2026-06-08 14:53:20] [WARN] Pas de mappage pour: SERVICES_GENERAUX - Membres () - permission ignorée sur SCRIPT/EOm8Q~EPBhXvVx5eeRrXdYK5wljgxyS6bGm.txt
[2026-06-08 14:53:20] [WARN] Erreur permission Equipe INFRA [owner] sur SCRIPT/EOm8Q~EPBhXvVx5eeRrXdYK5wljgxyS6bGm.txt: Le serveur distant a retourné une erreur : (400) Demande incorrecte.
[2026-06-08 14:53:20] [WARN] Erreur résolution 'test': Le serveur distant a retourné une erreur : (403) Interdit.
[2026-06-08 14:53:20] [WARN] Impossible de résoudre 'test' dans le tenant destination - permission ignorée
[2026-06-08 14:53:20] [INFO] Traitement: /SCRIPT/Extraction_AD_BAUNETZ.ps1 (5 permission(s))
[2026-06-08 14:53:20] [INFO] === COPIE REELLE: SCRIPT/Extraction_AD_BAUNETZ.ps1 ===
[2026-06-08 14:53:22] [SUCCESS] === FICHIER COPIE AVEC SUCCES: SCRIPT/Extraction_AD_BAUNETZ.ps1 ===
[2026-06-08 14:53:22] [WARN] Erreur permission Equipe INFRA [owner] sur SCRIPT/Extraction_AD_BAUNETZ.ps1: Le serveur distant a retourné une erreur : (400) Demande incorrecte.
[2026-06-08 14:53:22] [WARN] Erreur résolution 'test': Le serveur distant a retourné une erreur : (403) Interdit.
[2026-06-08 14:53:22] [WARN] Impossible de résoudre 'test' dans le tenant destination - permission ignorée
[2026-06-08 14:53:22] [WARN] Pas de mappage pour: SERVICES_GENERAUX - Visiteurs () - permission ignorée sur SCRIPT/Extraction_AD_BAUNETZ.ps1
[2026-06-08 14:53:22] [WARN] Pas de mappage pour: Propriétaires de SERVICES_GENERAUX () - permission ignorée sur SCRIPT/Extraction_AD_BAUNETZ.ps1
[2026-06-08 14:53:22] [WARN] Pas de mappage pour: SERVICES_GENERAUX - Membres () - permission ignorée sur SCRIPT/Extraction_AD_BAUNETZ.ps1
[2026-06-08 14:53:22] [INFO] Traitement: /SCRIPT/import_onedrive.csv (5 permission(s))
[2026-06-08 14:53:22] [INFO] === COPIE REELLE: SCRIPT/import_onedrive.csv ===
[2026-06-08 14:53:23] [SUCCESS] === FICHIER COPIE AVEC SUCCES: SCRIPT/import_onedrive.csv ===
[2026-06-08 14:53:24] [WARN] Pas de mappage pour: Propriétaires de SERVICES_GENERAUX () - permission ignorée sur SCRIPT/import_onedrive.csv
[2026-06-08 14:53:24] [WARN] Pas de mappage pour: SERVICES_GENERAUX - Visiteurs () - permission ignorée sur SCRIPT/import_onedrive.csv
[2026-06-08 14:53:24] [WARN] Pas de mappage pour: SERVICES_GENERAUX - Membres () - permission ignorée sur SCRIPT/import_onedrive.csv
[2026-06-08 14:53:24] [WARN] Erreur permission Equipe INFRA [owner] sur SCRIPT/import_onedrive.csv: Le serveur distant a retourné une erreur : (400) Demande incorrecte.
[2026-06-08 14:53:24] [WARN] Erreur résolution 'test': Le serveur distant a retourné une erreur : (403) Interdit.
[2026-06-08 14:53:24] [WARN] Impossible de résoudre 'test' dans le tenant destination - permission ignorée
[2026-06-08 14:53:24] [INFO] Traitement: /SCRIPT/mail_secondaire.csv (5 permission(s))
[2026-06-08 14:53:24] [INFO] === COPIE REELLE: SCRIPT/mail_secondaire.csv ===
[2026-06-08 14:53:25] [SUCCESS] === FICHIER COPIE AVEC SUCCES: SCRIPT/mail_secondaire.csv ===
[2026-06-08 14:53:25] [WARN] Erreur résolution 'test': Le serveur distant a retourné une erreur : (403) Interdit.
[2026-06-08 14:53:25] [WARN] Impossible de résoudre 'test' dans le tenant destination - permission ignorée
[2026-06-08 14:53:25] [WARN] Pas de mappage pour: Propriétaires de SERVICES_GENERAUX () - permission ignorée sur SCRIPT/mail_secondaire.csv
[2026-06-08 14:53:25] [WARN] Pas de mappage pour: SERVICES_GENERAUX - Visiteurs () - permission ignorée sur SCRIPT/mail_secondaire.csv
[2026-06-08 14:53:25] [WARN] Pas de mappage pour: SERVICES_GENERAUX - Membres () - permission ignorée sur SCRIPT/mail_secondaire.csv
[2026-06-08 14:53:25] [WARN] Erreur permission Equipe INFRA [owner] sur SCRIPT/mail_secondaire.csv: Le serveur distant a retourné une erreur : (400) Demande incorrecte.
[2026-06-08 14:53:25] [INFO] Traitement: /SCRIPT/migrationwiz_import_email_email (1).csv (5 permission(s))
[2026-06-08 14:53:25] [INFO] === COPIE REELLE: SCRIPT/migrationwiz_import_email_email (1).csv ===
[2026-06-08 14:53:26] [SUCCESS] === FICHIER COPIE AVEC SUCCES: SCRIPT/migrationwiz_import_email_email (1).csv ===
[2026-06-08 14:53:26] [WARN] Pas de mappage pour: SERVICES_GENERAUX - Visiteurs () - permission ignorée sur SCRIPT/migrationwiz_import_email_email (1).csv
[2026-06-08 14:53:26] [WARN] Pas de mappage pour: SERVICES_GENERAUX - Membres () - permission ignorée sur SCRIPT/migrationwiz_import_email_email (1).csv
[2026-06-08 14:53:27] [WARN] Erreur permission Equipe INFRA [owner] sur SCRIPT/migrationwiz_import_email_email (1).csv: Le serveur distant a retourné une erreur : (400) Demande incorrecte.
[2026-06-08 14:53:27] [WARN] Pas de mappage pour: Propriétaires de SERVICES_GENERAUX () - permission ignorée sur SCRIPT/migrationwiz_import_email_email (1).csv
[2026-06-08 14:53:27] [WARN] Erreur résolution 'test': Le serveur distant a retourné une erreur : (403) Interdit.
[2026-06-08 14:53:27] [WARN] Impossible de résoudre 'test' dans le tenant destination - permission ignorée
[2026-06-08 14:53:27] [INFO] Traitement: /SCRIPT/Murge_BAL_Important!!.txt (5 permission(s))
[2026-06-08 14:53:27] [INFO] === COPIE REELLE: SCRIPT/Murge_BAL_Important!!.txt ===
[2026-06-08 14:53:28] [SUCCESS] === FICHIER COPIE AVEC SUCCES: SCRIPT/Murge_BAL_Important!!.txt ===
[2026-06-08 14:53:28] [WARN] Pas de mappage pour: Propriétaires de SERVICES_GENERAUX () - permission ignorée sur SCRIPT/Murge_BAL_Important!!.txt
[2026-06-08 14:53:28] [WARN] Pas de mappage pour: SERVICES_GENERAUX - Visiteurs () - permission ignorée sur SCRIPT/Murge_BAL_Important!!.txt
[2026-06-08 14:53:28] [WARN] Erreur permission Equipe INFRA [owner] sur SCRIPT/Murge_BAL_Important!!.txt: Le serveur distant a retourné une erreur : (400) Demande incorrecte.
[2026-06-08 14:53:28] [WARN] Erreur résolution 'test': Le serveur distant a retourné une erreur : (403) Interdit.
[2026-06-08 14:53:28] [WARN] Impossible de résoudre 'test' dans le tenant destination - permission ignorée
[2026-06-08 14:53:28] [WARN] Pas de mappage pour: SERVICES_GENERAUX - Membres () - permission ignorée sur SCRIPT/Murge_BAL_Important!!.txt
[2026-06-08 14:53:28] [INFO] Traitement: /SCRIPT/nouveau 10.txt (5 permission(s))
[2026-06-08 14:53:28] [INFO] === COPIE REELLE: SCRIPT/nouveau 10.txt ===
[2026-06-08 14:53:29] [SUCCESS] === FICHIER COPIE AVEC SUCCES: SCRIPT/nouveau 10.txt ===
[2026-06-08 14:53:30] [WARN] Pas de mappage pour: Propriétaires de SERVICES_GENERAUX () - permission ignorée sur SCRIPT/nouveau 10.txt
[2026-06-08 14:53:30] [WARN] Pas de mappage pour: SERVICES_GENERAUX - Membres () - permission ignorée sur SCRIPT/nouveau 10.txt
[2026-06-08 14:53:30] [WARN] Erreur permission Equipe INFRA [owner] sur SCRIPT/nouveau 10.txt: Le serveur distant a retourné une erreur : (400) Demande incorrecte.
[2026-06-08 14:53:30] [WARN] Erreur résolution 'test': Le serveur distant a retourné une erreur : (403) Interdit.
[2026-06-08 14:53:30] [WARN] Impossible de résoudre 'test' dans le tenant destination - permission ignorée
[2026-06-08 14:53:30] [WARN] Pas de mappage pour: SERVICES_GENERAUX - Visiteurs () - permission ignorée sur SCRIPT/nouveau 10.txt
[2026-06-08 14:53:30] [INFO] Traitement: /SCRIPT/nouveau 12.txt (5 permission(s))
[2026-06-08 14:53:30] [INFO] === COPIE REELLE: SCRIPT/nouveau 12.txt ===
[2026-06-08 14:53:31] [SUCCESS] === FICHIER COPIE AVEC SUCCES: SCRIPT/nouveau 12.txt ===
[2026-06-08 14:53:31] [WARN] Pas de mappage pour: SERVICES_GENERAUX - Visiteurs () - permission ignorée sur SCRIPT/nouveau 12.txt
[2026-06-08 14:53:31] [WARN] Erreur permission Equipe INFRA [owner] sur SCRIPT/nouveau 12.txt: Le serveur distant a retourné une erreur : (400) Demande incorrecte.
[2026-06-08 14:53:31] [WARN] Pas de mappage pour: SERVICES_GENERAUX - Membres () - permission ignorée sur SCRIPT/nouveau 12.txt
[2026-06-08 14:53:31] [WARN] Pas de mappage pour: Propriétaires de SERVICES_GENERAUX () - permission ignorée sur SCRIPT/nouveau 12.txt
[2026-06-08 14:53:31] [WARN] Erreur résolution 'test': Le serveur distant a retourné une erreur : (403) Interdit.
[2026-06-08 14:53:31] [WARN] Impossible de résoudre 'test' dans le tenant destination - permission ignorée
[2026-06-08 14:53:31] [INFO] Traitement: /SCRIPT/Nouveau Document texte.csv (5 permission(s))
[2026-06-08 14:53:31] [INFO] === COPIE REELLE: SCRIPT/Nouveau Document texte.csv ===
[2026-06-08 14:53:33] [SUCCESS] === FICHIER COPIE AVEC SUCCES: SCRIPT/Nouveau Document texte.csv ===
[2026-06-08 14:53:33] [WARN] Erreur résolution 'test': Le serveur distant a retourné une erreur : (403) Interdit.
[2026-06-08 14:53:33] [WARN] Impossible de résoudre 'test' dans le tenant destination - permission ignorée
[2026-06-08 14:53:33] [WARN] Erreur permission Equipe INFRA [owner] sur SCRIPT/Nouveau Document texte.csv: Le serveur distant a retourné une erreur : (400) Demande incorrecte.
[2026-06-08 14:53:33] [WARN] Pas de mappage pour: SERVICES_GENERAUX - Membres () - permission ignorée sur SCRIPT/Nouveau Document texte.csv
[2026-06-08 14:53:33] [WARN] Pas de mappage pour: SERVICES_GENERAUX - Visiteurs () - permission ignorée sur SCRIPT/Nouveau Document texte.csv
[2026-06-08 14:53:33] [WARN] Pas de mappage pour: Propriétaires de SERVICES_GENERAUX () - permission ignorée sur SCRIPT/Nouveau Document texte.csv
[2026-06-08 14:53:33] [INFO] Traitement: /SCRIPT/Post_Fixe.txt (5 permission(s))
[2026-06-08 14:53:33] [INFO] === COPIE REELLE: SCRIPT/Post_Fixe.txt ===
[2026-06-08 14:53:34] [SUCCESS] === FICHIER COPIE AVEC SUCCES: SCRIPT/Post_Fixe.txt ===
[2026-06-08 14:53:35] [WARN] Pas de mappage pour: SERVICES_GENERAUX - Membres () - permission ignorée sur SCRIPT/Post_Fixe.txt
[2026-06-08 14:53:35] [WARN] Erreur résolution 'test': Le serveur distant a retourné une erreur : (403) Interdit.
[2026-06-08 14:53:35] [WARN] Impossible de résoudre 'test' dans le tenant destination - permission ignorée
[2026-06-08 14:53:35] [WARN] Pas de mappage pour: SERVICES_GENERAUX - Visiteurs () - permission ignorée sur SCRIPT/Post_Fixe.txt
[2026-06-08 14:53:35] [WARN] Erreur permission Equipe INFRA [owner] sur SCRIPT/Post_Fixe.txt: Le serveur distant a retourné une erreur : (400) Demande incorrecte.
[2026-06-08 14:53:35] [WARN] Pas de mappage pour: Propriétaires de SERVICES_GENERAUX () - permission ignorée sur SCRIPT/Post_Fixe.txt
[2026-06-08 14:53:35] [INFO] Traitement: /SCRIPT/Postfix.txt (5 permission(s))
[2026-06-08 14:53:35] [INFO] === COPIE REELLE: SCRIPT/Postfix.txt ===
[2026-06-08 14:53:36] [SUCCESS] === FICHIER COPIE AVEC SUCCES: SCRIPT/Postfix.txt ===
[2026-06-08 14:53:36] [WARN] Pas de mappage pour: SERVICES_GENERAUX - Visiteurs () - permission ignorée sur SCRIPT/Postfix.txt
[2026-06-08 14:53:36] [WARN] Pas de mappage pour: SERVICES_GENERAUX - Membres () - permission ignorée sur SCRIPT/Postfix.txt
[2026-06-08 14:53:36] [WARN] Erreur permission Equipe INFRA [owner] sur SCRIPT/Postfix.txt: Le serveur distant a retourné une erreur : (400) Demande incorrecte.
[2026-06-08 14:53:36] [WARN] Erreur résolution 'test': Le serveur distant a retourné une erreur : (403) Interdit.
[2026-06-08 14:53:36] [WARN] Impossible de résoudre 'test' dans le tenant destination - permission ignorée
[2026-06-08 14:53:36] [WARN] Pas de mappage pour: Propriétaires de SERVICES_GENERAUX () - permission ignorée sur SCRIPT/Postfix.txt
[2026-06-08 14:53:36] [INFO] Traitement: /SCRIPT/script_activation_user_AD.txt (5 permission(s))
[2026-06-08 14:53:36] [INFO] === COPIE REELLE: SCRIPT/script_activation_user_AD.txt ===
[2026-06-08 14:53:37] [SUCCESS] === FICHIER COPIE AVEC SUCCES: SCRIPT/script_activation_user_AD.txt ===
[2026-06-08 14:53:38] [WARN] Pas de mappage pour: Propriétaires de SERVICES_GENERAUX () - permission ignorée sur SCRIPT/script_activation_user_AD.txt
[2026-06-08 14:53:38] [WARN] Pas de mappage pour: SERVICES_GENERAUX - Membres () - permission ignorée sur SCRIPT/script_activation_user_AD.txt
[2026-06-08 14:53:38] [WARN] Erreur résolution 'test': Le serveur distant a retourné une erreur : (403) Interdit.
[2026-06-08 14:53:38] [WARN] Impossible de résoudre 'test' dans le tenant destination - permission ignorée
[2026-06-08 14:53:38] [WARN] Erreur permission Equipe INFRA [owner] sur SCRIPT/script_activation_user_AD.txt: Le serveur distant a retourné une erreur : (400) Demande incorrecte.
[2026-06-08 14:53:38] [WARN] Pas de mappage pour: SERVICES_GENERAUX - Visiteurs () - permission ignorée sur SCRIPT/script_activation_user_AD.txt
[2026-06-08 14:53:38] [INFO] Traitement: /SCRIPT/script_ajout_adressemail_secondaire_proxyadress.txt (5 permission(s))
[2026-06-08 14:53:38] [INFO] === COPIE REELLE: SCRIPT/script_ajout_adressemail_secondaire_proxyadress.txt ===
[2026-06-08 14:53:39] [SUCCESS] === FICHIER COPIE AVEC SUCCES: SCRIPT/script_ajout_adressemail_secondaire_proxyadress.txt ===
[2026-06-08 14:53:39] [WARN] Pas de mappage pour: Propriétaires de SERVICES_GENERAUX () - permission ignorée sur SCRIPT/script_ajout_adressemail_secondaire_proxyadress.txt
[2026-06-08 14:53:39] [WARN] Pas de mappage pour: SERVICES_GENERAUX - Visiteurs () - permission ignorée sur SCRIPT/script_ajout_adressemail_secondaire_proxyadress.txt
[2026-06-08 14:53:39] [WARN] Pas de mappage pour: SERVICES_GENERAUX - Membres () - permission ignorée sur SCRIPT/script_ajout_adressemail_secondaire_proxyadress.txt
[2026-06-08 14:53:39] [WARN] Erreur permission Equipe INFRA [owner] sur SCRIPT/script_ajout_adressemail_secondaire_proxyadress.txt: Le serveur distant a retourné une erreur : (400) Demande incorrecte.
[2026-06-08 14:53:39] [WARN] Erreur résolution 'test': Le serveur distant a retourné une erreur : (403) Interdit.
[2026-06-08 14:53:39] [WARN] Impossible de résoudre 'test' dans le tenant destination - permission ignorée
[2026-06-08 14:53:39] [INFO] Traitement: /SCRIPT/script_ajout_champs_mail_en_masse.txt (5 permission(s))
[2026-06-08 14:53:39] [INFO] === COPIE REELLE: SCRIPT/script_ajout_champs_mail_en_masse.txt ===
[2026-06-08 14:53:41] [SUCCESS] === FICHIER COPIE AVEC SUCCES: SCRIPT/script_ajout_champs_mail_en_masse.txt ===
[2026-06-08 14:53:41] [WARN] Erreur résolution 'test': Le serveur distant a retourné une erreur : (403) Interdit.
[2026-06-08 14:53:41] [WARN] Impossible de résoudre 'test' dans le tenant destination - permission ignorée
[2026-06-08 14:53:41] [WARN] Erreur permission Equipe INFRA [owner] sur SCRIPT/script_ajout_champs_mail_en_masse.txt: Le serveur distant a retourné une erreur : (400) Demande incorrecte.
[2026-06-08 14:53:41] [WARN] Pas de mappage pour: SERVICES_GENERAUX - Visiteurs () - permission ignorée sur SCRIPT/script_ajout_champs_mail_en_masse.txt
[2026-06-08 14:53:41] [WARN] Pas de mappage pour: SERVICES_GENERAUX - Membres () - permission ignorée sur SCRIPT/script_ajout_champs_mail_en_masse.txt
[2026-06-08 14:53:41] [WARN] Pas de mappage pour: Propriétaires de SERVICES_GENERAUX () - permission ignorée sur SCRIPT/script_ajout_champs_mail_en_masse.txt
[2026-06-08 14:53:41] [INFO] Traitement: /SCRIPT/Script_ajout_compte_admin_dans_les_sites_sharepoint.txt (5 permission(s))
[2026-06-08 14:53:41] [INFO] === COPIE REELLE: SCRIPT/Script_ajout_compte_admin_dans_les_sites_sharepoint.txt ===
[2026-06-08 14:53:42] [SUCCESS] === FICHIER COPIE AVEC SUCCES: SCRIPT/Script_ajout_compte_admin_dans_les_sites_sharepoint.txt ===
[2026-06-08 14:53:42] [WARN] Pas de mappage pour: SERVICES_GENERAUX - Visiteurs () - permission ignorée sur SCRIPT/Script_ajout_compte_admin_dans_les_sites_sharepoint.txt
[2026-06-08 14:53:42] [WARN] Pas de mappage pour: Propriétaires de SERVICES_GENERAUX () - permission ignorée sur SCRIPT/Script_ajout_compte_admin_dans_les_sites_sharepoint.txt
[2026-06-08 14:53:42] [WARN] Erreur permission Equipe INFRA [owner] sur SCRIPT/Script_ajout_compte_admin_dans_les_sites_sharepoint.txt: Le serveur distant a retourné une erreur : (400) Demande incorrecte.
[2026-06-08 14:53:43] [WARN] Erreur résolution 'test': Le serveur distant a retourné une erreur : (403) Interdit.
[2026-06-08 14:53:43] [WARN] Impossible de résoudre 'test' dans le tenant destination - permission ignorée
[2026-06-08 14:53:43] [WARN] Pas de mappage pour: SERVICES_GENERAUX - Membres () - permission ignorée sur SCRIPT/Script_ajout_compte_admin_dans_les_sites_sharepoint.txt
[2026-06-08 14:53:43] [INFO] Traitement: /SCRIPT/Script_ajout_délegation_FullAcces_BP.txt (5 permission(s))
[2026-06-08 14:53:43] [INFO] === COPIE REELLE: SCRIPT/Script_ajout_délegation_FullAcces_BP.txt ===
[2026-06-08 14:53:44] [SUCCESS] === FICHIER COPIE AVEC SUCCES: SCRIPT/Script_ajout_délegation_FullAcces_BP.txt ===
[2026-06-08 14:53:44] [WARN] Pas de mappage pour: SERVICES_GENERAUX - Membres () - permission ignorée sur SCRIPT/Script_ajout_délegation_FullAcces_BP.txt
[2026-06-08 14:53:44] [WARN] Pas de mappage pour: Propriétaires de SERVICES_GENERAUX () - permission ignorée sur SCRIPT/Script_ajout_délegation_FullAcces_BP.txt
[2026-06-08 14:53:44] [WARN] Erreur résolution 'test': Le serveur distant a retourné une erreur : (403) Interdit.
[2026-06-08 14:53:44] [WARN] Impossible de résoudre 'test' dans le tenant destination - permission ignorée
[2026-06-08 14:53:44] [WARN] Erreur permission Equipe INFRA [owner] sur SCRIPT/Script_ajout_délegation_FullAcces_BP.txt: Le serveur distant a retourné une erreur : (400) Demande incorrecte.
[2026-06-08 14:53:44] [WARN] Pas de mappage pour: SERVICES_GENERAUX - Visiteurs () - permission ignorée sur SCRIPT/Script_ajout_délegation_FullAcces_BP.txt
[2026-06-08 14:53:44] [INFO] Traitement: /SCRIPT/script_ajout_mailsecondaire_proxyadress_plusieursdomaine.txt (5 permission(s))
[2026-06-08 14:53:44] [INFO] === COPIE REELLE: SCRIPT/script_ajout_mailsecondaire_proxyadress_plusieursdomaine.txt ===
[2026-06-08 14:53:46] [SUCCESS] === FICHIER COPIE AVEC SUCCES: SCRIPT/script_ajout_mailsecondaire_proxyadress_plusieursdomaine.txt ===
[2026-06-08 14:53:46] [WARN] Pas de mappage pour: Propriétaires de SERVICES_GENERAUX () - permission ignorée sur SCRIPT/script_ajout_mailsecondaire_proxyadress_plusieursdomaine.txt
[2026-06-08 14:53:46] [WARN] Pas de mappage pour: SERVICES_GENERAUX - Visiteurs () - permission ignorée sur SCRIPT/script_ajout_mailsecondaire_proxyadress_plusieursdomaine.txt
[2026-06-08 14:53:46] [WARN] Pas de mappage pour: SERVICES_GENERAUX - Membres () - permission ignorée sur SCRIPT/script_ajout_mailsecondaire_proxyadress_plusieursdomaine.txt
[2026-06-08 14:53:46] [WARN] Erreur permission Equipe INFRA [owner] sur SCRIPT/script_ajout_mailsecondaire_proxyadress_plusieursdomaine.txt: Le serveur distant a retourné une erreur : (400) Demande incorrecte.
[2026-06-08 14:53:46] [WARN] Erreur résolution 'test': Le serveur distant a retourné une erreur : (403) Interdit.
[2026-06-08 14:53:46] [WARN] Impossible de résoudre 'test' dans le tenant destination - permission ignorée
[2026-06-08 14:53:46] [INFO] Traitement: /SCRIPT/script_ajout_SMTP_proxyadress_en_masse.txt (5 permission(s))
[2026-06-08 14:53:46] [INFO] === COPIE REELLE: SCRIPT/script_ajout_SMTP_proxyadress_en_masse.txt ===
[2026-06-08 14:53:47] [SUCCESS] === FICHIER COPIE AVEC SUCCES: SCRIPT/script_ajout_SMTP_proxyadress_en_masse.txt ===
[2026-06-08 14:53:47] [WARN] Pas de mappage pour: SERVICES_GENERAUX - Visiteurs () - permission ignorée sur SCRIPT/script_ajout_SMTP_proxyadress_en_masse.txt
[2026-06-08 14:53:47] [WARN] Pas de mappage pour: SERVICES_GENERAUX - Membres () - permission ignorée sur SCRIPT/script_ajout_SMTP_proxyadress_en_masse.txt
[2026-06-08 14:53:48] [WARN] Erreur permission Equipe INFRA [owner] sur SCRIPT/script_ajout_SMTP_proxyadress_en_masse.txt: Le serveur distant a retourné une erreur : (400) Demande incorrecte.
[2026-06-08 14:53:48] [WARN] Erreur résolution 'test': Le serveur distant a retourné une erreur : (403) Interdit.
[2026-06-08 14:53:48] [WARN] Impossible de résoudre 'test' dans le tenant destination - permission ignorée
[2026-06-08 14:53:48] [WARN] Pas de mappage pour: Propriétaires de SERVICES_GENERAUX () - permission ignorée sur SCRIPT/script_ajout_SMTP_proxyadress_en_masse.txt
[2026-06-08 14:53:48] [INFO] Traitement: /SCRIPT/script_délégation_BP.txt (5 permission(s))
[2026-06-08 14:53:48] [INFO] === COPIE REELLE: SCRIPT/script_délégation_BP.txt ===
[2026-06-08 14:53:49] [SUCCESS] === FICHIER COPIE AVEC SUCCES: SCRIPT/script_délégation_BP.txt ===
[2026-06-08 14:53:49] [WARN] Erreur résolution 'test': Le serveur distant a retourné une erreur : (403) Interdit.
[2026-06-08 14:53:49] [WARN] Impossible de résoudre 'test' dans le tenant destination - permission ignorée
[2026-06-08 14:53:49] [WARN] Pas de mappage pour: Propriétaires de SERVICES_GENERAUX () - permission ignorée sur SCRIPT/script_délégation_BP.txt
[2026-06-08 14:53:49] [WARN] Pas de mappage pour: SERVICES_GENERAUX - Visiteurs () - permission ignorée sur SCRIPT/script_délégation_BP.txt
[2026-06-08 14:53:49] [WARN] Pas de mappage pour: SERVICES_GENERAUX - Membres () - permission ignorée sur SCRIPT/script_délégation_BP.txt
[2026-06-08 14:53:49] [WARN] Erreur permission Equipe INFRA [owner] sur SCRIPT/script_délégation_BP.txt: Le serveur distant a retourné une erreur : (400) Demande incorrecte.
[2026-06-08 14:53:49] [INFO] Traitement: /SCRIPT/script_délégation_bp_mail.txt (5 permission(s))
[2026-06-08 14:53:49] [INFO] === COPIE REELLE: SCRIPT/script_délégation_bp_mail.txt ===
[2026-06-08 14:53:50] [SUCCESS] === FICHIER COPIE AVEC SUCCES: SCRIPT/script_délégation_bp_mail.txt ===
[2026-06-08 14:53:50] [WARN] Pas de mappage pour: SERVICES_GENERAUX - Visiteurs () - permission ignorée sur SCRIPT/script_délégation_bp_mail.txt
[2026-06-08 14:53:50] [WARN] Pas de mappage pour: Propriétaires de SERVICES_GENERAUX () - permission ignorée sur SCRIPT/script_délégation_bp_mail.txt
[2026-06-08 14:53:50] [WARN] Pas de mappage pour: SERVICES_GENERAUX - Membres () - permission ignorée sur SCRIPT/script_délégation_bp_mail.txt
[2026-06-08 14:53:51] [WARN] Erreur permission Equipe INFRA [owner] sur SCRIPT/script_délégation_bp_mail.txt: Le serveur distant a retourné une erreur : (400) Demande incorrecte.
[2026-06-08 14:53:51] [WARN] Erreur résolution 'test': Le serveur distant a retourné une erreur : (403) Interdit.
[2026-06-08 14:53:51] [WARN] Impossible de résoudre 'test' dans le tenant destination - permission ignorée
[2026-06-08 14:53:51] [INFO] Traitement: /SCRIPT/script_délégation_Fullaccess_BP.txt (5 permission(s))
[2026-06-08 14:53:51] [INFO] === COPIE REELLE: SCRIPT/script_délégation_Fullaccess_BP.txt ===
[2026-06-08 14:53:52] [SUCCESS] === FICHIER COPIE AVEC SUCCES: SCRIPT/script_délégation_Fullaccess_BP.txt ===
[2026-06-08 14:53:52] [WARN] Pas de mappage pour: Propriétaires de SERVICES_GENERAUX () - permission ignorée sur SCRIPT/script_délégation_Fullaccess_BP.txt
[2026-06-08 14:53:52] [WARN] Pas de mappage pour: SERVICES_GENERAUX - Visiteurs () - permission ignorée sur SCRIPT/script_délégation_Fullaccess_BP.txt
[2026-06-08 14:53:52] [WARN] Pas de mappage pour: SERVICES_GENERAUX - Membres () - permission ignorée sur SCRIPT/script_délégation_Fullaccess_BP.txt
[2026-06-08 14:53:52] [WARN] Erreur permission Equipe INFRA [owner] sur SCRIPT/script_délégation_Fullaccess_BP.txt: Le serveur distant a retourné une erreur : (400) Demande incorrecte.
[2026-06-08 14:53:52] [WARN] Erreur résolution 'test': Le serveur distant a retourné une erreur : (403) Interdit.
[2026-06-08 14:53:52] [WARN] Impossible de résoudre 'test' dans le tenant destination - permission ignorée
[2026-06-08 14:53:52] [INFO] Traitement: /SCRIPT/Script_delegation_SendAs_BP.txt (5 permission(s))
[2026-06-08 14:53:52] [INFO] === COPIE REELLE: SCRIPT/Script_delegation_SendAs_BP.txt ===
[2026-06-08 14:53:54] [SUCCESS] === FICHIER COPIE AVEC SUCCES: SCRIPT/Script_delegation_SendAs_BP.txt ===
[2026-06-08 14:53:54] [WARN] Pas de mappage pour: Propriétaires de SERVICES_GENERAUX () - permission ignorée sur SCRIPT/Script_delegation_SendAs_BP.txt
[2026-06-08 14:53:54] [WARN] Pas de mappage pour: SERVICES_GENERAUX - Visiteurs () - permission ignorée sur SCRIPT/Script_delegation_SendAs_BP.txt
[2026-06-08 14:53:54] [WARN] Pas de mappage pour: SERVICES_GENERAUX - Membres () - permission ignorée sur SCRIPT/Script_delegation_SendAs_BP.txt
[2026-06-08 14:53:54] [WARN] Erreur résolution 'test': Le serveur distant a retourné une erreur : (403) Interdit.
[2026-06-08 14:53:54] [WARN] Impossible de résoudre 'test' dans le tenant destination - permission ignorée
[2026-06-08 14:53:54] [WARN] Erreur permission Equipe INFRA [owner] sur SCRIPT/Script_delegation_SendAs_BP.txt: Le serveur distant a retourné une erreur : (400) Demande incorrecte.
[2026-06-08 14:53:54] [INFO] Traitement: /SCRIPT/script_délégation_SendAs_BP.txt (5 permission(s))
[2026-06-08 14:53:54] [INFO] === COPIE REELLE: SCRIPT/script_délégation_SendAs_BP.txt ===
[2026-06-08 14:53:55] [SUCCESS] === FICHIER COPIE AVEC SUCCES: SCRIPT/script_délégation_SendAs_BP.txt ===
[2026-06-08 14:53:55] [WARN] Pas de mappage pour: Propriétaires de SERVICES_GENERAUX () - permission ignorée sur SCRIPT/script_délégation_SendAs_BP.txt
[2026-06-08 14:53:55] [WARN] Pas de mappage pour: SERVICES_GENERAUX - Visiteurs () - permission ignorée sur SCRIPT/script_délégation_SendAs_BP.txt
[2026-06-08 14:53:55] [WARN] Pas de mappage pour: SERVICES_GENERAUX - Membres () - permission ignorée sur SCRIPT/script_délégation_SendAs_BP.txt
[2026-06-08 14:53:55] [WARN] Erreur permission Equipe INFRA [owner] sur SCRIPT/script_délégation_SendAs_BP.txt: Le serveur distant a retourné une erreur : (400) Demande incorrecte.
[2026-06-08 14:53:55] [WARN] Erreur résolution 'test': Le serveur distant a retourné une erreur : (403) Interdit.
[2026-06-08 14:53:55] [WARN] Impossible de résoudre 'test' dans le tenant destination - permission ignorée
[2026-06-08 14:53:55] [INFO] Traitement: /SCRIPT/script_désactivation_user.txt (5 permission(s))
[2026-06-08 14:53:55] [INFO] === COPIE REELLE: SCRIPT/script_désactivation_user.txt ===
[2026-06-08 14:53:57] [SUCCESS] === FICHIER COPIE AVEC SUCCES: SCRIPT/script_désactivation_user.txt ===
[2026-06-08 14:53:57] [WARN] Erreur résolution 'test': Le serveur distant a retourné une erreur : (403) Interdit.
[2026-06-08 14:53:57] [WARN] Impossible de résoudre 'test' dans le tenant destination - permission ignorée
[2026-06-08 14:53:57] [WARN] Pas de mappage pour: Propriétaires de SERVICES_GENERAUX () - permission ignorée sur SCRIPT/script_désactivation_user.txt
[2026-06-08 14:53:57] [WARN] Pas de mappage pour: SERVICES_GENERAUX - Visiteurs () - permission ignorée sur SCRIPT/script_désactivation_user.txt
[2026-06-08 14:53:57] [WARN] Pas de mappage pour: SERVICES_GENERAUX - Membres () - permission ignorée sur SCRIPT/script_désactivation_user.txt
[2026-06-08 14:53:57] [WARN] Erreur permission Equipe INFRA [owner] sur SCRIPT/script_désactivation_user.txt: Le serveur distant a retourné une erreur : (400) Demande incorrecte.
[2026-06-08 14:53:57] [INFO] Traitement: /SCRIPT/Script_droit_BP.txt (5 permission(s))
[2026-06-08 14:53:57] [INFO] === COPIE REELLE: SCRIPT/Script_droit_BP.txt ===
[2026-06-08 14:53:58] [SUCCESS] === FICHIER COPIE AVEC SUCCES: SCRIPT/Script_droit_BP.txt ===
[2026-06-08 14:53:58] [WARN] Pas de mappage pour: Propriétaires de SERVICES_GENERAUX () - permission ignorée sur SCRIPT/Script_droit_BP.txt
[2026-06-08 14:53:58] [WARN] Pas de mappage pour: SERVICES_GENERAUX - Visiteurs () - permission ignorée sur SCRIPT/Script_droit_BP.txt
[2026-06-08 14:53:58] [WARN] Pas de mappage pour: SERVICES_GENERAUX - Membres () - permission ignorée sur SCRIPT/Script_droit_BP.txt
[2026-06-08 14:53:58] [WARN] Erreur permission Equipe INFRA [owner] sur SCRIPT/Script_droit_BP.txt: Le serveur distant a retourné une erreur : (400) Demande incorrecte.
[2026-06-08 14:53:58] [WARN] Erreur résolution 'test': Le serveur distant a retourné une erreur : (403) Interdit.
[2026-06-08 14:53:58] [WARN] Impossible de résoudre 'test' dans le tenant destination - permission ignorée
[2026-06-08 14:53:58] [INFO] Traitement: /SCRIPT/Script_extrac_SMTP_Principale.txt (5 permission(s))
[2026-06-08 14:53:58] [INFO] === COPIE REELLE: SCRIPT/Script_extrac_SMTP_Principale.txt ===
[2026-06-08 14:53:59] [SUCCESS] === FICHIER COPIE AVEC SUCCES: SCRIPT/Script_extrac_SMTP_Principale.txt ===
[2026-06-08 14:54:00] [WARN] Pas de mappage pour: Propriétaires de SERVICES_GENERAUX () - permission ignorée sur SCRIPT/Script_extrac_SMTP_Principale.txt
[2026-06-08 14:54:00] [WARN] Pas de mappage pour: SERVICES_GENERAUX - Visiteurs () - permission ignorée sur SCRIPT/Script_extrac_SMTP_Principale.txt
[2026-06-08 14:54:00] [WARN] Pas de mappage pour: SERVICES_GENERAUX - Membres () - permission ignorée sur SCRIPT/Script_extrac_SMTP_Principale.txt
[2026-06-08 14:54:00] [WARN] Erreur permission Equipe INFRA [owner] sur SCRIPT/Script_extrac_SMTP_Principale.txt: Le serveur distant a retourné une erreur : (400) Demande incorrecte.
[2026-06-08 14:54:00] [WARN] Erreur résolution 'test': Le serveur distant a retourné une erreur : (403) Interdit.
[2026-06-08 14:54:00] [WARN] Impossible de résoudre 'test' dans le tenant destination - permission ignorée
[2026-06-08 14:54:00] [INFO] Traitement: /SCRIPT/Script_Extract_adressemail_Exchange_Online.txt (5 permission(s))
[2026-06-08 14:54:00] [INFO] === COPIE REELLE: SCRIPT/Script_Extract_adressemail_Exchange_Online.txt ===
[2026-06-08 14:54:01] [SUCCESS] === FICHIER COPIE AVEC SUCCES: SCRIPT/Script_Extract_adressemail_Exchange_Online.txt ===
[2026-06-08 14:54:01] [WARN] Pas de mappage pour: SERVICES_GENERAUX - Visiteurs () - permission ignorée sur SCRIPT/Script_Extract_adressemail_Exchange_Online.txt
[2026-06-08 14:54:01] [WARN] Pas de mappage pour: Propriétaires de SERVICES_GENERAUX () - permission ignorée sur SCRIPT/Script_Extract_adressemail_Exchange_Online.txt
[2026-06-08 14:54:01] [WARN] Erreur permission Equipe INFRA [owner] sur SCRIPT/Script_Extract_adressemail_Exchange_Online.txt: Le serveur distant a retourné une erreur : (400) Demande incorrecte.
[2026-06-08 14:54:01] [WARN] Pas de mappage pour: SERVICES_GENERAUX - Membres () - permission ignorée sur SCRIPT/Script_Extract_adressemail_Exchange_Online.txt
[2026-06-08 14:54:01] [WARN] Erreur résolution 'test': Le serveur distant a retourné une erreur : (403) Interdit.
[2026-06-08 14:54:01] [WARN] Impossible de résoudre 'test' dans le tenant destination - permission ignorée
[2026-06-08 14:54:01] [INFO] Traitement: /SCRIPT/Script_Extract_délégation_BP.txt (5 permission(s))
[2026-06-08 14:54:01] [INFO] === COPIE REELLE: SCRIPT/Script_Extract_délégation_BP.txt ===
[2026-06-08 14:54:02] [SUCCESS] === FICHIER COPIE AVEC SUCCES: SCRIPT/Script_Extract_délégation_BP.txt ===
[2026-06-08 14:54:03] [WARN] Pas de mappage pour: Propriétaires de SERVICES_GENERAUX () - permission ignorée sur SCRIPT/Script_Extract_délégation_BP.txt
[2026-06-08 14:54:03] [WARN] Pas de mappage pour: SERVICES_GENERAUX - Visiteurs () - permission ignorée sur SCRIPT/Script_Extract_délégation_BP.txt
[2026-06-08 14:54:03] [WARN] Pas de mappage pour: SERVICES_GENERAUX - Membres () - permission ignorée sur SCRIPT/Script_Extract_délégation_BP.txt
[2026-06-08 14:54:03] [WARN] Erreur permission Equipe INFRA [owner] sur SCRIPT/Script_Extract_délégation_BP.txt: Le serveur distant a retourné une erreur : (400) Demande incorrecte.
[2026-06-08 14:54:03] [WARN] Erreur résolution 'test': Le serveur distant a retourné une erreur : (403) Interdit.
[2026-06-08 14:54:03] [WARN] Impossible de résoudre 'test' dans le tenant destination - permission ignorée
[2026-06-08 14:54:03] [INFO] Traitement: /SCRIPT/script_extract_membre_groupe_AD.txt (5 permission(s))
[2026-06-08 14:54:03] [INFO] === COPIE REELLE: SCRIPT/script_extract_membre_groupe_AD.txt ===
[2026-06-08 14:54:05] [SUCCESS] === FICHIER COPIE AVEC SUCCES: SCRIPT/script_extract_membre_groupe_AD.txt ===
[2026-06-08 14:54:05] [WARN] Pas de mappage pour: Propriétaires de SERVICES_GENERAUX () - permission ignorée sur SCRIPT/script_extract_membre_groupe_AD.txt
[2026-06-08 14:54:05] [WARN] Pas de mappage pour: SERVICES_GENERAUX - Visiteurs () - permission ignorée sur SCRIPT/script_extract_membre_groupe_AD.txt
[2026-06-08 14:54:05] [WARN] Pas de mappage pour: SERVICES_GENERAUX - Membres () - permission ignorée sur SCRIPT/script_extract_membre_groupe_AD.txt
[2026-06-08 14:54:05] [WARN] Erreur résolution 'test': Le serveur distant a retourné une erreur : (403) Interdit.
[2026-06-08 14:54:05] [WARN] Impossible de résoudre 'test' dans le tenant destination - permission ignorée
[2026-06-08 14:54:05] [WARN] Erreur permission Equipe INFRA [owner] sur SCRIPT/script_extract_membre_groupe_AD.txt: Le serveur distant a retourné une erreur : (400) Demande incorrecte.
[2026-06-08 14:54:05] [INFO] Traitement: /SCRIPT/script_extract_onedrive.txt (5 permission(s))
[2026-06-08 14:54:05] [INFO] === COPIE REELLE: SCRIPT/script_extract_onedrive.txt ===
[2026-06-08 14:54:06] [SUCCESS] === FICHIER COPIE AVEC SUCCES: SCRIPT/script_extract_onedrive.txt ===
[2026-06-08 14:54:07] [WARN] Pas de mappage pour: SERVICES_GENERAUX - Membres () - permission ignorée sur SCRIPT/script_extract_onedrive.txt
[2026-06-08 14:54:07] [WARN] Pas de mappage pour: Propriétaires de SERVICES_GENERAUX () - permission ignorée sur SCRIPT/script_extract_onedrive.txt
[2026-06-08 14:54:07] [WARN] Pas de mappage pour: SERVICES_GENERAUX - Visiteurs () - permission ignorée sur SCRIPT/script_extract_onedrive.txt
[2026-06-08 14:54:07] [WARN] Erreur permission Equipe INFRA [owner] sur SCRIPT/script_extract_onedrive.txt: Le serveur distant a retourné une erreur : (400) Demande incorrecte.
[2026-06-08 14:54:07] [WARN] Erreur résolution 'test': Le serveur distant a retourné une erreur : (403) Interdit.
[2026-06-08 14:54:07] [WARN] Impossible de résoudre 'test' dans le tenant destination - permission ignorée
[2026-06-08 14:54:07] [INFO] Traitement: /SCRIPT/script_extract_proxyaddress.txt (5 permission(s))
[2026-06-08 14:54:07] [INFO] === COPIE REELLE: SCRIPT/script_extract_proxyaddress.txt ===
[2026-06-08 14:54:08] [SUCCESS] === FICHIER COPIE AVEC SUCCES: SCRIPT/script_extract_proxyaddress.txt ===
[2026-06-08 14:54:08] [WARN] Pas de mappage pour: SERVICES_GENERAUX - Membres () - permission ignorée sur SCRIPT/script_extract_proxyaddress.txt
[2026-06-08 14:54:08] [WARN] Pas de mappage pour: Propriétaires de SERVICES_GENERAUX () - permission ignorée sur SCRIPT/script_extract_proxyaddress.txt
[2026-06-08 14:54:09] [WARN] Pas de mappage pour: SERVICES_GENERAUX - Visiteurs () - permission ignorée sur SCRIPT/script_extract_proxyaddress.txt
[2026-06-08 14:54:09] [WARN] Erreur résolution 'test': Le serveur distant a retourné une erreur : (403) Interdit.
[2026-06-08 14:54:09] [WARN] Impossible de résoudre 'test' dans le tenant destination - permission ignorée
[2026-06-08 14:54:09] [WARN] Erreur permission Equipe INFRA [owner] sur SCRIPT/script_extract_proxyaddress.txt: Le serveur distant a retourné une erreur : (400) Demande incorrecte.
[2026-06-08 14:54:09] [INFO] Traitement: /SCRIPT/script_extract_Proxyadress_format.txt (5 permission(s))
[2026-06-08 14:54:09] [INFO] === COPIE REELLE: SCRIPT/script_extract_Proxyadress_format.txt ===
[2026-06-08 14:54:10] [SUCCESS] === FICHIER COPIE AVEC SUCCES: SCRIPT/script_extract_Proxyadress_format.txt ===
[2026-06-08 14:54:10] [WARN] Erreur résolution 'test': Le serveur distant a retourné une erreur : (403) Interdit.
[2026-06-08 14:54:10] [WARN] Impossible de résoudre 'test' dans le tenant destination - permission ignorée
[2026-06-08 14:54:10] [WARN] Erreur permission Equipe INFRA [owner] sur SCRIPT/script_extract_Proxyadress_format.txt: Le serveur distant a retourné une erreur : (400) Demande incorrecte.
[2026-06-08 14:54:10] [WARN] Pas de mappage pour: SERVICES_GENERAUX - Membres () - permission ignorée sur SCRIPT/script_extract_Proxyadress_format.txt
[2026-06-08 14:54:10] [WARN] Pas de mappage pour: SERVICES_GENERAUX - Visiteurs () - permission ignorée sur SCRIPT/script_extract_Proxyadress_format.txt
[2026-06-08 14:54:10] [WARN] Pas de mappage pour: Propriétaires de SERVICES_GENERAUX () - permission ignorée sur SCRIPT/script_extract_Proxyadress_format.txt
[2026-06-08 14:54:10] [INFO] Traitement: /SCRIPT/script_extract_UPN_AD.txt (5 permission(s))
[2026-06-08 14:54:10] [INFO] === COPIE REELLE: SCRIPT/script_extract_UPN_AD.txt ===
[2026-06-08 14:54:11] [SUCCESS] === FICHIER COPIE AVEC SUCCES: SCRIPT/script_extract_UPN_AD.txt ===
[2026-06-08 14:54:12] [WARN] Pas de mappage pour: Propriétaires de SERVICES_GENERAUX () - permission ignorée sur SCRIPT/script_extract_UPN_AD.txt
[2026-06-08 14:54:12] [WARN] Pas de mappage pour: SERVICES_GENERAUX - Visiteurs () - permission ignorée sur SCRIPT/script_extract_UPN_AD.txt
[2026-06-08 14:54:12] [WARN] Pas de mappage pour: SERVICES_GENERAUX - Membres () - permission ignorée sur SCRIPT/script_extract_UPN_AD.txt
[2026-06-08 14:54:12] [WARN] Erreur permission Equipe INFRA [owner] sur SCRIPT/script_extract_UPN_AD.txt: Le serveur distant a retourné une erreur : (400) Demande incorrecte.
[2026-06-08 14:54:12] [WARN] Erreur résolution 'test': Le serveur distant a retourné une erreur : (403) Interdit.
[2026-06-08 14:54:12] [WARN] Impossible de résoudre 'test' dans le tenant destination - permission ignorée
[2026-06-08 14:54:12] [INFO] Traitement: /SCRIPT/script_extraction_de_la_liste_des_sites_sharepoint.txt (5 permission(s))
[2026-06-08 14:54:12] [INFO] === COPIE REELLE: SCRIPT/script_extraction_de_la_liste_des_sites_sharepoint.txt ===
[2026-06-08 14:54:13] [SUCCESS] === FICHIER COPIE AVEC SUCCES: SCRIPT/script_extraction_de_la_liste_des_sites_sharepoint.txt ===
[2026-06-08 14:54:13] [WARN] Erreur permission Equipe INFRA [owner] sur SCRIPT/script_extraction_de_la_liste_des_sites_sharepoint.txt: Le serveur distant a retourné une erreur : (400) Demande incorrecte.
[2026-06-08 14:54:13] [WARN] Erreur résolution 'test': Le serveur distant a retourné une erreur : (403) Interdit.
[2026-06-08 14:54:13] [WARN] Impossible de résoudre 'test' dans le tenant destination - permission ignorée
[2026-06-08 14:54:13] [WARN] Pas de mappage pour: Propriétaires de SERVICES_GENERAUX () - permission ignorée sur SCRIPT/script_extraction_de_la_liste_des_sites_sharepoint.txt
[2026-06-08 14:54:13] [WARN] Pas de mappage pour: SERVICES_GENERAUX - Visiteurs () - permission ignorée sur SCRIPT/script_extraction_de_la_liste_des_sites_sharepoint.txt
[2026-06-08 14:54:13] [WARN] Pas de mappage pour: SERVICES_GENERAUX - Membres () - permission ignorée sur SCRIPT/script_extraction_de_la_liste_des_sites_sharepoint.txt
[2026-06-08 14:54:13] [INFO] Traitement: /SCRIPT/script_Inscription_SSO_Appli_Azure.txt (5 permission(s))
[2026-06-08 14:54:13] [INFO] === COPIE REELLE: SCRIPT/script_Inscription_SSO_Appli_Azure.txt ===
[2026-06-08 14:54:15] [SUCCESS] === FICHIER COPIE AVEC SUCCES: SCRIPT/script_Inscription_SSO_Appli_Azure.txt ===
[2026-06-08 14:54:15] [WARN] Pas de mappage pour: SERVICES_GENERAUX - Visiteurs () - permission ignorée sur SCRIPT/script_Inscription_SSO_Appli_Azure.txt
[2026-06-08 14:54:15] [WARN] Erreur permission Equipe INFRA [owner] sur SCRIPT/script_Inscription_SSO_Appli_Azure.txt: Le serveur distant a retourné une erreur : (400) Demande incorrecte.
[2026-06-08 14:54:15] [WARN] Pas de mappage pour: SERVICES_GENERAUX - Membres () - permission ignorée sur SCRIPT/script_Inscription_SSO_Appli_Azure.txt
[2026-06-08 14:54:15] [WARN] Erreur résolution 'test': Le serveur distant a retourné une erreur : (403) Interdit.
[2026-06-08 14:54:15] [WARN] Impossible de résoudre 'test' dans le tenant destination - permission ignorée
[2026-06-08 14:54:15] [WARN] Pas de mappage pour: Propriétaires de SERVICES_GENERAUX () - permission ignorée sur SCRIPT/script_Inscription_SSO_Appli_Azure.txt
[2026-06-08 14:54:15] [INFO] Traitement: /SCRIPT/script_modif_champ_email_docu.ch (5 permission(s))
[2026-06-08 14:54:15] [INFO] === COPIE REELLE: SCRIPT/script_modif_champ_email_docu.ch ===
[2026-06-08 14:54:17] [SUCCESS] === FICHIER COPIE AVEC SUCCES: SCRIPT/script_modif_champ_email_docu.ch ===
[2026-06-08 14:54:17] [WARN] Pas de mappage pour: SERVICES_GENERAUX - Membres () - permission ignorée sur SCRIPT/script_modif_champ_email_docu.ch
[2026-06-08 14:54:17] [WARN] Pas de mappage pour: Propriétaires de SERVICES_GENERAUX () - permission ignorée sur SCRIPT/script_modif_champ_email_docu.ch
[2026-06-08 14:54:17] [WARN] Erreur permission Equipe INFRA [owner] sur SCRIPT/script_modif_champ_email_docu.ch: Le serveur distant a retourné une erreur : (400) Demande incorrecte.
[2026-06-08 14:54:17] [WARN] Erreur résolution 'test': Le serveur distant a retourné une erreur : (403) Interdit.
[2026-06-08 14:54:17] [WARN] Impossible de résoudre 'test' dans le tenant destination - permission ignorée
[2026-06-08 14:54:17] [WARN] Pas de mappage pour: SERVICES_GENERAUX - Visiteurs () - permission ignorée sur SCRIPT/script_modif_champ_email_docu.ch
[2026-06-08 14:54:17] [INFO] Traitement: /SCRIPT/Script_modif_proxyaddress_Group.txt (5 permission(s))
[2026-06-08 14:54:17] [INFO] === COPIE REELLE: SCRIPT/Script_modif_proxyaddress_Group.txt ===
[2026-06-08 14:54:19] [SUCCESS] === FICHIER COPIE AVEC SUCCES: SCRIPT/Script_modif_proxyaddress_Group.txt ===
[2026-06-08 14:54:19] [WARN] Pas de mappage pour: Propriétaires de SERVICES_GENERAUX () - permission ignorée sur SCRIPT/Script_modif_proxyaddress_Group.txt
[2026-06-08 14:54:19] [WARN] Pas de mappage pour: SERVICES_GENERAUX - Visiteurs () - permission ignorée sur SCRIPT/Script_modif_proxyaddress_Group.txt
[2026-06-08 14:54:19] [WARN] Pas de mappage pour: SERVICES_GENERAUX - Membres () - permission ignorée sur SCRIPT/Script_modif_proxyaddress_Group.txt
[2026-06-08 14:54:19] [WARN] Erreur permission Equipe INFRA [owner] sur SCRIPT/Script_modif_proxyaddress_Group.txt: Le serveur distant a retourné une erreur : (400) Demande incorrecte.
[2026-06-08 14:54:19] [WARN] Erreur résolution 'test': Le serveur distant a retourné une erreur : (403) Interdit.
[2026-06-08 14:54:19] [WARN] Impossible de résoudre 'test' dans le tenant destination - permission ignorée
[2026-06-08 14:54:19] [INFO] Traitement: /SCRIPT/Script_modif_proxyadress_docu.ch.txt (5 permission(s))
[2026-06-08 14:54:19] [INFO] === COPIE REELLE: SCRIPT/Script_modif_proxyadress_docu.ch.txt ===
[2026-06-08 14:54:20] [SUCCESS] === FICHIER COPIE AVEC SUCCES: SCRIPT/Script_modif_proxyadress_docu.ch.txt ===
[2026-06-08 14:54:21] [WARN] Pas de mappage pour: Propriétaires de SERVICES_GENERAUX () - permission ignorée sur SCRIPT/Script_modif_proxyadress_docu.ch.txt
[2026-06-08 14:54:21] [WARN] Pas de mappage pour: SERVICES_GENERAUX - Visiteurs () - permission ignorée sur SCRIPT/Script_modif_proxyadress_docu.ch.txt
[2026-06-08 14:54:21] [WARN] Erreur permission Equipe INFRA [owner] sur SCRIPT/Script_modif_proxyadress_docu.ch.txt: Le serveur distant a retourné une erreur : (400) Demande incorrecte.
[2026-06-08 14:54:21] [WARN] Erreur résolution 'test': Le serveur distant a retourné une erreur : (403) Interdit.
[2026-06-08 14:54:21] [WARN] Impossible de résoudre 'test' dans le tenant destination - permission ignorée
[2026-06-08 14:54:21] [WARN] Pas de mappage pour: SERVICES_GENERAUX - Membres () - permission ignorée sur SCRIPT/Script_modif_proxyadress_docu.ch.txt
[2026-06-08 14:54:21] [INFO] Traitement: /SCRIPT/script_modification_UPN_AD_User.txt (5 permission(s))
[2026-06-08 14:54:21] [INFO] === COPIE REELLE: SCRIPT/script_modification_UPN_AD_User.txt ===
[2026-06-08 14:54:22] [SUCCESS] === FICHIER COPIE AVEC SUCCES: SCRIPT/script_modification_UPN_AD_User.txt ===
[2026-06-08 14:54:22] [WARN] Pas de mappage pour: Propriétaires de SERVICES_GENERAUX () - permission ignorée sur SCRIPT/script_modification_UPN_AD_User.txt
[2026-06-08 14:54:22] [WARN] Pas de mappage pour: SERVICES_GENERAUX - Visiteurs () - permission ignorée sur SCRIPT/script_modification_UPN_AD_User.txt
[2026-06-08 14:54:22] [WARN] Pas de mappage pour: SERVICES_GENERAUX - Membres () - permission ignorée sur SCRIPT/script_modification_UPN_AD_User.txt
[2026-06-08 14:54:22] [WARN] Erreur permission Equipe INFRA [owner] sur SCRIPT/script_modification_UPN_AD_User.txt: Le serveur distant a retourné une erreur : (400) Demande incorrecte.
[2026-06-08 14:54:22] [WARN] Erreur résolution 'test': Le serveur distant a retourné une erreur : (403) Interdit.
[2026-06-08 14:54:22] [WARN] Impossible de résoudre 'test' dans le tenant destination - permission ignorée
[2026-06-08 14:54:22] [INFO] Traitement: /SCRIPT/script_modifier_le_champ_mail.txt (5 permission(s))
[2026-06-08 14:54:22] [INFO] === COPIE REELLE: SCRIPT/script_modifier_le_champ_mail.txt ===
[2026-06-08 14:54:24] [SUCCESS] === FICHIER COPIE AVEC SUCCES: SCRIPT/script_modifier_le_champ_mail.txt ===
[2026-06-08 14:54:24] [WARN] Pas de mappage pour: Propriétaires de SERVICES_GENERAUX () - permission ignorée sur SCRIPT/script_modifier_le_champ_mail.txt
[2026-06-08 14:54:24] [WARN] Pas de mappage pour: SERVICES_GENERAUX - Visiteurs () - permission ignorée sur SCRIPT/script_modifier_le_champ_mail.txt
[2026-06-08 14:54:24] [WARN] Erreur résolution 'test': Le serveur distant a retourné une erreur : (403) Interdit.
[2026-06-08 14:54:24] [WARN] Impossible de résoudre 'test' dans le tenant destination - permission ignorée
[2026-06-08 14:54:24] [WARN] Pas de mappage pour: SERVICES_GENERAUX - Membres () - permission ignorée sur SCRIPT/script_modifier_le_champ_mail.txt
[2026-06-08 14:54:24] [WARN] Erreur permission Equipe INFRA [owner] sur SCRIPT/script_modifier_le_champ_mail.txt: Le serveur distant a retourné une erreur : (400) Demande incorrecte.
[2026-06-08 14:54:24] [INFO] Traitement: /SCRIPT/script_modifier_lechampmail_proxyadresseSMTP.txt (5 permission(s))
[2026-06-08 14:54:24] [INFO] === COPIE REELLE: SCRIPT/script_modifier_lechampmail_proxyadresseSMTP.txt ===
[2026-06-08 14:54:25] [SUCCESS] === FICHIER COPIE AVEC SUCCES: SCRIPT/script_modifier_lechampmail_proxyadresseSMTP.txt ===
[2026-06-08 14:54:25] [WARN] Pas de mappage pour: SERVICES_GENERAUX - Visiteurs () - permission ignorée sur SCRIPT/script_modifier_lechampmail_proxyadresseSMTP.txt
[2026-06-08 14:54:25] [WARN] Pas de mappage pour: SERVICES_GENERAUX - Membres () - permission ignorée sur SCRIPT/script_modifier_lechampmail_proxyadresseSMTP.txt
[2026-06-08 14:54:25] [WARN] Erreur permission Equipe INFRA [owner] sur SCRIPT/script_modifier_lechampmail_proxyadresseSMTP.txt: Le serveur distant a retourné une erreur : (400) Demande incorrecte.
[2026-06-08 14:54:25] [WARN] Erreur résolution 'test': Le serveur distant a retourné une erreur : (403) Interdit.
[2026-06-08 14:54:25] [WARN] Impossible de résoudre 'test' dans le tenant destination - permission ignorée
[2026-06-08 14:54:25] [WARN] Pas de mappage pour: Propriétaires de SERVICES_GENERAUX () - permission ignorée sur SCRIPT/script_modifier_lechampmail_proxyadresseSMTP.txt
[2026-06-08 14:54:25] [INFO] Traitement: /SCRIPT/Script_modifier_proxyadress.txt (5 permission(s))
[2026-06-08 14:54:25] [INFO] === COPIE REELLE: SCRIPT/Script_modifier_proxyadress.txt ===
[2026-06-08 14:54:27] [SUCCESS] === FICHIER COPIE AVEC SUCCES: SCRIPT/Script_modifier_proxyadress.txt ===
[2026-06-08 14:54:27] [WARN] Pas de mappage pour: Propriétaires de SERVICES_GENERAUX () - permission ignorée sur SCRIPT/Script_modifier_proxyadress.txt
[2026-06-08 14:54:27] [WARN] Pas de mappage pour: SERVICES_GENERAUX - Visiteurs () - permission ignorée sur SCRIPT/Script_modifier_proxyadress.txt
[2026-06-08 14:54:27] [WARN] Pas de mappage pour: SERVICES_GENERAUX - Membres () - permission ignorée sur SCRIPT/Script_modifier_proxyadress.txt
[2026-06-08 14:54:27] [WARN] Erreur permission Equipe INFRA [owner] sur SCRIPT/Script_modifier_proxyadress.txt: Le serveur distant a retourné une erreur : (400) Demande incorrecte.
[2026-06-08 14:54:27] [WARN] Erreur résolution 'test': Le serveur distant a retourné une erreur : (403) Interdit.
[2026-06-08 14:54:27] [WARN] Impossible de résoudre 'test' dans le tenant destination - permission ignorée
[2026-06-08 14:54:27] [INFO] Traitement: /SCRIPT/script_provisionning_OneDrive.txt (5 permission(s))
[2026-06-08 14:54:27] [INFO] === COPIE REELLE: SCRIPT/script_provisionning_OneDrive.txt ===
[2026-06-08 14:54:28] [SUCCESS] === FICHIER COPIE AVEC SUCCES: SCRIPT/script_provisionning_OneDrive.txt ===
[2026-06-08 14:54:29] [WARN] Pas de mappage pour: Propriétaires de SERVICES_GENERAUX () - permission ignorée sur SCRIPT/script_provisionning_OneDrive.txt
[2026-06-08 14:54:29] [WARN] Pas de mappage pour: SERVICES_GENERAUX - Visiteurs () - permission ignorée sur SCRIPT/script_provisionning_OneDrive.txt
[2026-06-08 14:54:29] [WARN] Erreur permission Equipe INFRA [owner] sur SCRIPT/script_provisionning_OneDrive.txt: Le serveur distant a retourné une erreur : (400) Demande incorrecte.
[2026-06-08 14:54:29] [WARN] Erreur résolution 'test': Le serveur distant a retourné une erreur : (403) Interdit.
[2026-06-08 14:54:29] [WARN] Impossible de résoudre 'test' dans le tenant destination - permission ignorée
[2026-06-08 14:54:29] [WARN] Pas de mappage pour: SERVICES_GENERAUX - Membres () - permission ignorée sur SCRIPT/script_provisionning_OneDrive.txt
[2026-06-08 14:54:29] [INFO] Traitement: /SCRIPT/script_remplacer_UPN_AD.txt (5 permission(s))
[2026-06-08 14:54:29] [INFO] === COPIE REELLE: SCRIPT/script_remplacer_UPN_AD.txt ===
[2026-06-08 14:54:30] [SUCCESS] === FICHIER COPIE AVEC SUCCES: SCRIPT/script_remplacer_UPN_AD.txt ===
[2026-06-08 14:54:30] [WARN] Pas de mappage pour: Propriétaires de SERVICES_GENERAUX () - permission ignorée sur SCRIPT/script_remplacer_UPN_AD.txt
[2026-06-08 14:54:30] [WARN] Pas de mappage pour: SERVICES_GENERAUX - Visiteurs () - permission ignorée sur SCRIPT/script_remplacer_UPN_AD.txt
[2026-06-08 14:54:30] [WARN] Pas de mappage pour: SERVICES_GENERAUX - Membres () - permission ignorée sur SCRIPT/script_remplacer_UPN_AD.txt
[2026-06-08 14:54:30] [WARN] Erreur permission Equipe INFRA [owner] sur SCRIPT/script_remplacer_UPN_AD.txt: Le serveur distant a retourné une erreur : (400) Demande incorrecte.
[2026-06-08 14:54:30] [WARN] Erreur résolution 'test': Le serveur distant a retourné une erreur : (403) Interdit.
[2026-06-08 14:54:30] [WARN] Impossible de résoudre 'test' dans le tenant destination - permission ignorée
[2026-06-08 14:54:30] [INFO] Traitement: /SCRIPT/Script_Restauration_SMTP_format.txt (5 permission(s))
[2026-06-08 14:54:30] [INFO] === COPIE REELLE: SCRIPT/Script_Restauration_SMTP_format.txt ===
[2026-06-08 14:54:31] [SUCCESS] === FICHIER COPIE AVEC SUCCES: SCRIPT/Script_Restauration_SMTP_format.txt ===
[2026-06-08 14:54:32] [WARN] Erreur résolution 'test': Le serveur distant a retourné une erreur : (403) Interdit.
[2026-06-08 14:54:32] [WARN] Impossible de résoudre 'test' dans le tenant destination - permission ignorée
[2026-06-08 14:54:32] [WARN] Pas de mappage pour: Propriétaires de SERVICES_GENERAUX () - permission ignorée sur SCRIPT/Script_Restauration_SMTP_format.txt
[2026-06-08 14:54:32] [WARN] Pas de mappage pour: SERVICES_GENERAUX - Visiteurs () - permission ignorée sur SCRIPT/Script_Restauration_SMTP_format.txt
[2026-06-08 14:54:32] [WARN] Pas de mappage pour: SERVICES_GENERAUX - Membres () - permission ignorée sur SCRIPT/Script_Restauration_SMTP_format.txt
[2026-06-08 14:54:32] [WARN] Erreur permission Equipe INFRA [owner] sur SCRIPT/Script_Restauration_SMTP_format.txt: Le serveur distant a retourné une erreur : (400) Demande incorrecte.
[2026-06-08 14:54:32] [INFO] Traitement: /SCRIPT/Script_Room_Mailbox.txt (5 permission(s))
[2026-06-08 14:54:32] [INFO] === COPIE REELLE: SCRIPT/Script_Room_Mailbox.txt ===
[2026-06-08 14:54:33] [SUCCESS] === FICHIER COPIE AVEC SUCCES: SCRIPT/Script_Room_Mailbox.txt ===
[2026-06-08 14:54:33] [WARN] Pas de mappage pour: SERVICES_GENERAUX - Membres () - permission ignorée sur SCRIPT/Script_Room_Mailbox.txt
[2026-06-08 14:54:33] [WARN] Pas de mappage pour: Propriétaires de SERVICES_GENERAUX () - permission ignorée sur SCRIPT/Script_Room_Mailbox.txt
[2026-06-08 14:54:33] [WARN] Pas de mappage pour: SERVICES_GENERAUX - Visiteurs () - permission ignorée sur SCRIPT/Script_Room_Mailbox.txt
[2026-06-08 14:54:33] [WARN] Erreur permission Equipe INFRA [owner] sur SCRIPT/Script_Room_Mailbox.txt: Le serveur distant a retourné une erreur : (400) Demande incorrecte.
[2026-06-08 14:54:33] [WARN] Erreur résolution 'test': Le serveur distant a retourné une erreur : (403) Interdit.
[2026-06-08 14:54:33] [WARN] Impossible de résoudre 'test' dans le tenant destination - permission ignorée
[2026-06-08 14:54:33] [INFO] Traitement: /SCRIPT/Script_SGUM_ShareGate.txt (5 permission(s))
[2026-06-08 14:54:33] [INFO] === COPIE REELLE: SCRIPT/Script_SGUM_ShareGate.txt ===
[2026-06-08 14:54:34] [SUCCESS] === FICHIER COPIE AVEC SUCCES: SCRIPT/Script_SGUM_ShareGate.txt ===
[2026-06-08 14:54:34] [WARN] Pas de mappage pour: Propriétaires de SERVICES_GENERAUX () - permission ignorée sur SCRIPT/Script_SGUM_ShareGate.txt
[2026-06-08 14:54:34] [WARN] Pas de mappage pour: SERVICES_GENERAUX - Visiteurs () - permission ignorée sur SCRIPT/Script_SGUM_ShareGate.txt
[2026-06-08 14:54:34] [WARN] Pas de mappage pour: SERVICES_GENERAUX - Membres () - permission ignorée sur SCRIPT/Script_SGUM_ShareGate.txt
[2026-06-08 14:54:34] [WARN] Erreur permission Equipe INFRA [owner] sur SCRIPT/Script_SGUM_ShareGate.txt: Le serveur distant a retourné une erreur : (400) Demande incorrecte.
[2026-06-08 14:54:35] [WARN] Erreur résolution 'test': Le serveur distant a retourné une erreur : (403) Interdit.
[2026-06-08 14:54:35] [WARN] Impossible de résoudre 'test' dans le tenant destination - permission ignorée
[2026-06-08 14:54:35] [INFO] Traitement: /SCRIPT/SCRIPT8EXTR.txt (5 permission(s))
[2026-06-08 14:54:35] [INFO] === COPIE REELLE: SCRIPT/SCRIPT8EXTR.txt ===
[2026-06-08 14:54:36] [SUCCESS] === FICHIER COPIE AVEC SUCCES: SCRIPT/SCRIPT8EXTR.txt ===
[2026-06-08 14:54:36] [WARN] Pas de mappage pour: Propriétaires de SERVICES_GENERAUX () - permission ignorée sur SCRIPT/SCRIPT8EXTR.txt
[2026-06-08 14:54:36] [WARN] Pas de mappage pour: SERVICES_GENERAUX - Visiteurs () - permission ignorée sur SCRIPT/SCRIPT8EXTR.txt
[2026-06-08 14:54:36] [WARN] Pas de mappage pour: SERVICES_GENERAUX - Membres () - permission ignorée sur SCRIPT/SCRIPT8EXTR.txt
[2026-06-08 14:54:36] [WARN] Erreur permission Equipe INFRA [owner] sur SCRIPT/SCRIPT8EXTR.txt: Le serveur distant a retourné une erreur : (400) Demande incorrecte.
[2026-06-08 14:54:36] [WARN] Erreur résolution 'test': Le serveur distant a retourné une erreur : (403) Interdit.
[2026-06-08 14:54:36] [WARN] Impossible de résoudre 'test' dans le tenant destination - permission ignorée
[2026-06-08 14:54:36] [INFO] Traitement: /SCRIPT/SharedMailBox_FEBIS.csv (5 permission(s))
[2026-06-08 14:54:36] [INFO] === COPIE REELLE: SCRIPT/SharedMailBox_FEBIS.csv ===
[2026-06-08 14:54:37] [SUCCESS] === FICHIER COPIE AVEC SUCCES: SCRIPT/SharedMailBox_FEBIS.csv ===
[2026-06-08 14:54:38] [WARN] Pas de mappage pour: SERVICES_GENERAUX - Visiteurs () - permission ignorée sur SCRIPT/SharedMailBox_FEBIS.csv
[2026-06-08 14:54:38] [WARN] Pas de mappage pour: Propriétaires de SERVICES_GENERAUX () - permission ignorée sur SCRIPT/SharedMailBox_FEBIS.csv
[2026-06-08 14:54:38] [WARN] Pas de mappage pour: SERVICES_GENERAUX - Membres () - permission ignorée sur SCRIPT/SharedMailBox_FEBIS.csv
[2026-06-08 14:54:38] [WARN] Erreur permission Equipe INFRA [owner] sur SCRIPT/SharedMailBox_FEBIS.csv: Le serveur distant a retourné une erreur : (400) Demande incorrecte.
[2026-06-08 14:54:38] [WARN] Erreur résolution 'test': Le serveur distant a retourné une erreur : (403) Interdit.
[2026-06-08 14:54:38] [WARN] Impossible de résoudre 'test' dans le tenant destination - permission ignorée
[2026-06-08 14:54:38] [INFO] Traitement: /SCRIPT/suppression_champ_mail_UO.txt (5 permission(s))
[2026-06-08 14:54:38] [INFO] === COPIE REELLE: SCRIPT/suppression_champ_mail_UO.txt ===
[2026-06-08 14:54:39] [SUCCESS] === FICHIER COPIE AVEC SUCCES: SCRIPT/suppression_champ_mail_UO.txt ===
[2026-06-08 14:54:39] [WARN] Pas de mappage pour: Propriétaires de SERVICES_GENERAUX () - permission ignorée sur SCRIPT/suppression_champ_mail_UO.txt
[2026-06-08 14:54:39] [WARN] Pas de mappage pour: SERVICES_GENERAUX - Visiteurs () - permission ignorée sur SCRIPT/suppression_champ_mail_UO.txt
[2026-06-08 14:54:39] [WARN] Pas de mappage pour: SERVICES_GENERAUX - Membres () - permission ignorée sur SCRIPT/suppression_champ_mail_UO.txt
[2026-06-08 14:54:39] [WARN] Erreur permission Equipe INFRA [owner] sur SCRIPT/suppression_champ_mail_UO.txt: Le serveur distant a retourné une erreur : (400) Demande incorrecte.
[2026-06-08 14:54:39] [WARN] Erreur résolution 'test': Le serveur distant a retourné une erreur : (403) Interdit.
[2026-06-08 14:54:39] [WARN] Impossible de résoudre 'test' dans le tenant destination - permission ignorée
[2026-06-08 14:54:39] [INFO] Traitement: /SCRIPT/suppression_SMTP_UO.txt (5 permission(s))
[2026-06-08 14:54:39] [INFO] === COPIE REELLE: SCRIPT/suppression_SMTP_UO.txt ===
[2026-06-08 14:54:41] [SUCCESS] === FICHIER COPIE AVEC SUCCES: SCRIPT/suppression_SMTP_UO.txt ===
[2026-06-08 14:54:41] [WARN] Pas de mappage pour: SERVICES_GENERAUX - Membres () - permission ignorée sur SCRIPT/suppression_SMTP_UO.txt
[2026-06-08 14:54:41] [WARN] Erreur permission Equipe INFRA [owner] sur SCRIPT/suppression_SMTP_UO.txt: Le serveur distant a retourné une erreur : (400) Demande incorrecte.
[2026-06-08 14:54:41] [WARN] Erreur résolution 'test': Le serveur distant a retourné une erreur : (403) Interdit.
[2026-06-08 14:54:41] [WARN] Impossible de résoudre 'test' dans le tenant destination - permission ignorée
[2026-06-08 14:54:41] [WARN] Pas de mappage pour: SERVICES_GENERAUX - Visiteurs () - permission ignorée sur SCRIPT/suppression_SMTP_UO.txt
[2026-06-08 14:54:41] [WARN] Pas de mappage pour: Propriétaires de SERVICES_GENERAUX () - permission ignorée sur SCRIPT/suppression_SMTP_UO.txt
[2026-06-08 14:54:41] [INFO] Traitement: /SCRIPT/User_MailBox_docuat.txt (5 permission(s))
[2026-06-08 14:54:41] [INFO] === COPIE REELLE: SCRIPT/User_MailBox_docuat.txt ===
[2026-06-08 14:54:42] [SUCCESS] === FICHIER COPIE AVEC SUCCES: SCRIPT/User_MailBox_docuat.txt ===
[2026-06-08 14:54:43] [WARN] Pas de mappage pour: Propriétaires de SERVICES_GENERAUX () - permission ignorée sur SCRIPT/User_MailBox_docuat.txt
[2026-06-08 14:54:43] [WARN] Pas de mappage pour: SERVICES_GENERAUX - Membres () - permission ignorée sur SCRIPT/User_MailBox_docuat.txt
[2026-06-08 14:54:43] [WARN] Erreur résolution 'test': Le serveur distant a retourné une erreur : (403) Interdit.
[2026-06-08 14:54:43] [WARN] Impossible de résoudre 'test' dans le tenant destination - permission ignorée
[2026-06-08 14:54:43] [WARN] Pas de mappage pour: SERVICES_GENERAUX - Visiteurs () - permission ignorée sur SCRIPT/User_MailBox_docuat.txt
[2026-06-08 14:54:44] [WARN] Erreur permission Equipe INFRA [owner] sur SCRIPT/User_MailBox_docuat.txt: Le serveur distant a retourné une erreur : (400) Demande incorrecte.
[2026-06-08 14:54:44] [SUCCESS] === COPIE TERMINEE ===
[2026-06-08 14:54:44] [WARN] Erreurs consignées: 320 -> C:\Users\ffaradji-op\Desktop\Mercury script powershell\SharePoint_Errors_2026-06-08_144543.csv
