"utc";"migration";"chemin";"phase";"erreur"
"2026-09-17T13:58:33.2049501Z";"fethy.faradji@infopro-digital.com -> UserMercury@infopro-digital.com";"VMV2";"item";"Mapping manquant pour nicolas.panier@infopro-digital.com dans user_mapping.csv."
"2026-09-17T13:58:34.2698967Z";"fethy.faradji@infopro-digital.com -> UserMercury@infopro-digital.com";"1.docx";"item";"Cible modifiee depuis le checkpoint : conflit a examiner, aucun ecrasement automatique."
"2026-09-17T13:58:34.4417733Z";"fethy.faradji@infopro-digital.com -> UserMercury@infopro-digital.com";"am_ko_12072023.xlsx";"item";"Cible modifiee depuis le checkpoint : conflit a examiner, aucun ecrasement automatique."
"2026-09-17T13:58:34.5950048Z";"fethy.faradji@infopro-digital.com -> UserMercury@infopro-digital.com";"Analyse SIM vs SF - 20241107 2.xlsx";"item";"Cible modifiee depuis le checkpoint : conflit a examiner, aucun ecrasement automatique."
"2026-09-17T13:58:35.0934795Z";"fethy.faradji@infopro-digital.com -> UserMercury@infopro-digital.com";"Analyses Factures Packs 2024-11-26 _retour.xlsx";"item";"Cible modifiee depuis le checkpoint : conflit a examiner, aucun ecrasement automatique."
"2026-09-17T13:58:35.2028533Z";"fethy.faradji@infopro-digital.com -> UserMercury@infopro-digital.com";"Analyses Factures Packs 2024-11-26 1.xlsx";"item";"Cible modifiee depuis le checkpoint : conflit a examiner, aucun ecrasement automatique."
"2026-09-17T13:58:35.3591048Z";"fethy.faradji@infopro-digital.com -> UserMercury@infopro-digital.com";"Architecture_globale.pptx";"item";"Cible modifiee depuis le checkpoint : conflit a examiner, aucun ecrasement automatique."
"2026-09-17T13:58:35.4997291Z";"fethy.faradji@infopro-digital.com -> UserMercury@infopro-digital.com";"ATTESTATION SUR L HONNEUR TELETRAVAIL.docx";"item";"Cible modifiee depuis le checkpoint : conflit a examiner, aucun ecrasement automatique."
"2026-09-17T13:58:35.6624559Z";"fethy.faradji@infopro-digital.com -> UserMercury@infopro-digital.com";"avis_from_bim.csv";"item";"Cible modifiee depuis le checkpoint : conflit a examiner, aucun ecrasement automatique."
"2026-09-17T13:58:35.8142752Z";"fethy.faradji@infopro-digital.com -> UserMercury@infopro-digital.com";"bu_price.xlsx";"item";"Cible modifiee depuis le checkpoint : conflit a examiner, aucun ecrasement automatique."
"2026-09-17T13:58:35.9236506Z";"fethy.faradji@infopro-digital.com -> UserMercury@infopro-digital.com";"champs_sf.xlsx";"item";"Cible modifiee depuis le checkpoint : conflit a examiner, aucun ecrasement automatique."
"2026-09-17T13:58:36.0330261Z";"fethy.faradji@infopro-digital.com -> UserMercury@infopro-digital.com";"ChangementsSIRETs-v2 (1).xlsx";"item";"Cible modifiee depuis le checkpoint : conflit a examiner, aucun ecrasement automatique."
"2026-09-17T13:58:36.1892797Z";"fethy.faradji@infopro-digital.com -> UserMercury@infopro-digital.com";"Classeur2.xlsx";"item";"Cible modifiee depuis le checkpoint : conflit a examiner, aucun ecrasement automatique."
"2026-09-17T13:58:36.3142775Z";"fethy.faradji@infopro-digital.com -> UserMercury@infopro-digital.com";"Classeur3.xlsx";"item";"Cible modifiee depuis le checkpoint : conflit a examiner, aucun ecrasement automatique."
"2026-09-17T13:58:36.4236536Z";"fethy.faradji@infopro-digital.com -> UserMercury@infopro-digital.com";"comparaison poc_prod.xlsx";"item";"Cible modifiee depuis le checkpoint : conflit a examiner, aucun ecrasement automatique."
"2026-09-17T13:58:36.5882614Z";"fethy.faradji@infopro-digital.com -> UserMercury@infopro-digital.com";"Copie de Copie de Transcodif balises_textes.xlsx";"item";"Cible modifiee depuis le checkpoint : conflit a examiner, aucun ecrasement automatique."
"2026-09-17T13:58:36.8532392Z";"fethy.faradji@infopro-digital.com -> UserMercury@infopro-digital.com";"D100124.doc";"item";"Cible modifiee depuis le checkpoint : conflit a examiner, aucun ecrasement automatique."
"2026-09-17T13:58:37.0094900Z";"fethy.faradji@infopro-digital.com -> UserMercury@infopro-digital.com";"doc synchro chatpgpt.docx";"item";"Cible modifiee depuis le checkpoint : conflit a examiner, aucun ecrasement automatique."
"2026-09-17T13:58:37.1657441Z";"fethy.faradji@infopro-digital.com -> UserMercury@infopro-digital.com";"EDB_monimail.docx";"item";"Cible modifiee depuis le checkpoint : conflit a examiner, aucun ecrasement automatique."
"2026-09-17T13:58:37.3219910Z";"fethy.faradji@infopro-digital.com -> UserMercury@infopro-digital.com";"errPub.csv";"item";"Cible modifiee depuis le checkpoint : conflit a examiner, aucun ecrasement automatique."
"2026-09-17T13:58:37.5407401Z";"fethy.faradji@infopro-digital.com -> UserMercury@infopro-digital.com";"export_licences.xlsx";"item";"Cible modifiee depuis le checkpoint : conflit a examiner, aucun ecrasement automatique."
"2026-09-17T13:58:37.5687940Z";"fethy.faradji@infopro-digital.com -> UserMercury@infopro-digital.com";"FETHI @ Infopro Digital";"item";"Raccourci, package/OneNote ou type special : transfert classique non pris en charge."
"2026-09-17T13:58:37.6938657Z";"fethy.faradji@infopro-digital.com -> UserMercury@infopro-digital.com";"fethiGates -partie Sharepoint.docx";"item";"Cible modifiee depuis le checkpoint : conflit a examiner, aucun ecrasement automatique."
"2026-09-17T13:58:37.6938657Z";"fethy.faradji@infopro-digital.com -> UserMercury@infopro-digital.com";"Fethy @ Infopro Digital";"item";"Raccourci, package/OneNote ou type special : transfert classique non pris en charge."
"2026-09-17T13:58:37.8176346Z";"fethy.faradji@infopro-digital.com -> UserMercury@infopro-digital.com";"flux nouveau serveur monimail.xlsx";"item";"Cible modifiee depuis le checkpoint : conflit a examiner, aucun ecrasement automatique."
"2026-09-17T13:58:37.9426346Z";"fethy.faradji@infopro-digital.com -> UserMercury@infopro-digital.com";"id_facture.csv";"item";"Cible modifiee depuis le checkpoint : conflit a examiner, aucun ecrasement automatique."
"2026-09-17T13:58:38.0520085Z";"fethy.faradji@infopro-digital.com -> UserMercury@infopro-digital.com";"identité_a_rattrapé.csv";"item";"Cible modifiee depuis le checkpoint : conflit a examiner, aucun ecrasement automatique."
"2026-09-17T13:58:38.1613906Z";"fethy.faradji@infopro-digital.com -> UserMercury@infopro-digital.com";"insert into sqlserver semaine.xlsx";"item";"Cible modifiee depuis le checkpoint : conflit a examiner, aucun ecrasement automatique."
"2026-09-17T13:58:38.3332636Z";"fethy.faradji@infopro-digital.com -> UserMercury@infopro-digital.com";"liste_ID_Stephane.csv";"item";"Cible modifiee depuis le checkpoint : conflit a examiner, aucun ecrasement automatique."
"2026-09-17T13:58:38.4738915Z";"fethy.faradji@infopro-digital.com -> UserMercury@infopro-digital.com";"LISTE_OBJETS_TMP.csv";"item";"Cible modifiee depuis le checkpoint : conflit a examiner, aucun ecrasement automatique."
"2026-09-17T13:58:38.6015765Z";"fethy.faradji@infopro-digital.com -> UserMercury@infopro-digital.com";"LISTE_OBJETS_TMP.xlsx";"item";"Cible modifiee depuis le checkpoint : conflit a examiner, aucun ecrasement automatique."
"2026-09-17T13:58:38.7265781Z";"fethy.faradji@infopro-digital.com -> UserMercury@infopro-digital.com";"matrice de flux.xlsx";"item";"Cible modifiee depuis le checkpoint : conflit a examiner, aucun ecrasement automatique."
"2026-09-17T13:58:38.8682246Z";"fethy.faradji@infopro-digital.com -> UserMercury@infopro-digital.com";"mep pouky.xlsx";"item";"Cible modifiee depuis le checkpoint : conflit a examiner, aucun ecrasement automatique."
"2026-09-17T13:58:38.9932226Z";"fethy.faradji@infopro-digital.com -> UserMercury@infopro-digital.com";"mise à jour du code rum.xlsx";"item";"Cible modifiee depuis le checkpoint : conflit a examiner, aucun ecrasement automatique."
"2026-09-17T13:58:39.3057211Z";"fethy.faradji@infopro-digital.com -> UserMercury@infopro-digital.com";"Modele_CRA_juillet_2021.xlsx";"item";"Cible modifiee depuis le checkpoint : conflit a examiner, aucun ecrasement automatique."
"2026-09-17T13:58:39.4463486Z";"fethy.faradji@infopro-digital.com -> UserMercury@infopro-digital.com";"Monimail new.docx";"item";"Cible modifiee depuis le checkpoint : conflit a examiner, aucun ecrasement automatique."
"2026-09-17T13:58:39.5679075Z";"fethy.faradji@infopro-digital.com -> UserMercury@infopro-digital.com";"netoyage order.xlsx";"item";"Cible modifiee depuis le checkpoint : conflit a examiner, aucun ecrasement automatique."
"2026-09-17T13:58:39.7130823Z";"fethy.faradji@infopro-digital.com -> UserMercury@infopro-digital.com";"OneDrive - Infopro Digital - Raccourci.lnk";"item";"Cible modifiee depuis le checkpoint : conflit a examiner, aucun ecrasement automatique."
"2026-09-17T13:58:39.8770667Z";"fethy.faradji@infopro-digital.com -> UserMercury@infopro-digital.com";"Order MAJ 30-07.csv";"item";"Cible modifiee depuis le checkpoint : conflit a examiner, aucun ecrasement automatique."
"2026-09-17T13:58:40.0801853Z";"fethy.faradji@infopro-digital.com -> UserMercury@infopro-digital.com";"Pop up bloqué dans SIMNET.docx";"item";"Cible modifiee depuis le checkpoint : conflit a examiner, aucun ecrasement automatique."
"2026-09-17T13:58:40.3926855Z";"fethy.faradji@infopro-digital.com -> UserMercury@infopro-digital.com";"Recette problème de support AO.docx";"item";"Cible modifiee depuis le checkpoint : conflit a examiner, aucun ecrasement automatique."
"2026-09-17T13:58:40.5489408Z";"fethy.faradji@infopro-digital.com -> UserMercury@infopro-digital.com";"régle de simx_AO_pub.docx";"item";"Cible modifiee depuis le checkpoint : conflit a examiner, aucun ecrasement automatique."
"2026-09-17T13:58:40.6778129Z";"fethy.faradji@infopro-digital.com -> UserMercury@infopro-digital.com";"rejet avis 02-08-2024.xlsx";"item";"Cible modifiee depuis le checkpoint : conflit a examiner, aucun ecrasement automatique."
"2026-09-17T13:58:40.7987823Z";"fethy.faradji@infopro-digital.com -> UserMercury@infopro-digital.com";"résultat facture.xlsx";"item";"Cible modifiee depuis le checkpoint : conflit a examiner, aucun ecrasement automatique."
"2026-09-17T13:58:40.9081574Z";"fethy.faradji@infopro-digital.com -> UserMercury@infopro-digital.com";"Retour_analyse_Facture.xlsx";"item";"Cible modifiee depuis le checkpoint : conflit a examiner, aucun ecrasement automatique."
"2026-09-17T13:58:41.0487824Z";"fethy.faradji@infopro-digital.com -> UserMercury@infopro-digital.com";"suivi_market_2023.xlsx";"item";"Cible modifiee depuis le checkpoint : conflit a examiner, aucun ecrasement automatique."
"2026-09-17T13:58:41.1737858Z";"fethy.faradji@infopro-digital.com -> UserMercury@infopro-digital.com";"suport_monimail.xlsx";"item";"Cible modifiee depuis le checkpoint : conflit a examiner, aucun ecrasement automatique."
"2026-09-17T13:58:41.3456564Z";"fethy.faradji@infopro-digital.com -> UserMercury@infopro-digital.com";"Téléchargements - Raccourci.lnk";"item";"Cible modifiee depuis le checkpoint : conflit a examiner, aucun ecrasement automatique."
"2026-09-17T13:58:41.4862906Z";"fethy.faradji@infopro-digital.com -> UserMercury@infopro-digital.com";"test.xlsx";"item";"Cible modifiee depuis le checkpoint : conflit a examiner, aucun ecrasement automatique."
"2026-09-17T13:58:41.6151192Z";"fethy.faradji@infopro-digital.com -> UserMercury@infopro-digital.com";"update_delete_order.xlsx";"item";"Cible modifiee depuis le checkpoint : conflit a examiner, aucun ecrasement automatique."
"2026-09-17T13:58:41.8140376Z";"fethy.faradji@infopro-digital.com -> UserMercury@infopro-digital.com";"vérifications de procédure de reporting.docx";"item";"Cible modifiee depuis le checkpoint : conflit a examiner, aucun ecrasement automatique."
"2026-09-17T13:59:10.9606564Z";"fethy.faradji@infopro-digital.com -> UserMercury@infopro-digital.com";"Bureau/~$sim_ta_utlis_recette.xlsx";"item";"Champ Created refuse : Vous devez spécifier une date valide comprise entre 01/01/1900 et 31/12/8900."
"2026-09-17T13:59:11.1169059Z";"fethy.faradji@infopro-digital.com -> UserMercury@infopro-digital.com";"Bureau/BIM-semaine de publications.docx";"item";"Transfert interrompu a issue inconnue. Verifier la derniere version cible avant de reparer le checkpoint (voir notice)."
"2026-09-17T13:59:11.8821404Z";"fethy.faradji@infopro-digital.com -> UserMercury@infopro-digital.com";"Bureau/champs_sf.xlsx";"item";"Champ Created refuse : Vous devez spécifier une date valide comprise entre 01/01/1900 et 31/12/8900."
"2026-09-17T13:59:12.5384035Z";"fethy.faradji@infopro-digital.com -> UserMercury@infopro-digital.com";"Bureau/debug fac.sql";"item";"Champ Created refuse : Vous devez spécifier une date valide comprise entre 01/01/1900 et 31/12/8900."
"2026-09-17T13:59:13.4464997Z";"fethy.faradji@infopro-digital.com -> UserMercury@infopro-digital.com";"Bureau/export.xlsx";"item";"Champ Created refuse : Vous devez spécifier une date valide comprise entre 01/01/1900 et 31/12/8900."
"2026-09-17T13:59:13.7730682Z";"fethy.faradji@infopro-digital.com -> UserMercury@infopro-digital.com";"Bureau/export_licences.xlsx";"item";"Transfert interrompu a issue inconnue. Verifier la derniere version cible avant de reparer le checkpoint (voir notice)."
"2026-09-17T13:59:13.9293325Z";"fethy.faradji@infopro-digital.com -> UserMercury@infopro-digital.com";"Bureau/Expression de Besoin sécurisation de creamodifad.docx";"item";"Transfert interrompu a issue inconnue. Verifier la derniere version cible avant de reparer le checkpoint (voir notice)."
"2026-09-17T13:59:14.6152012Z";"fethy.faradji@infopro-digital.com -> UserMercury@infopro-digital.com";"Bureau/extract_01_controle_intranet.xlsx";"item";"Champ Created refuse : Vous devez spécifier une date valide comprise entre 01/01/1900 et 31/12/8900."
"2026-09-17T13:59:14.7401984Z";"fethy.faradji@infopro-digital.com -> UserMercury@infopro-digital.com";"Bureau/fethiGates -partie OneDrive.docx";"item";"Transfert interrompu a issue inconnue. Verifier la derniere version cible avant de reparer le checkpoint (voir notice)."
"2026-09-17T13:59:15.4463874Z";"fethy.faradji@infopro-digital.com -> UserMercury@infopro-digital.com";"Bureau/fethiGates -partie Sharepoint.docx";"item";"Champ Created refuse : Vous devez spécifier une date valide comprise entre 01/01/1900 et 31/12/8900."
"2026-09-17T13:59:16.1580023Z";"fethy.faradji@infopro-digital.com -> UserMercury@infopro-digital.com";"Bureau/Fichiers_Absents_20250703120105.csv";"item";"Champ Created refuse : Vous devez spécifier une date valide comprise entre 01/01/1900 et 31/12/8900."
"2026-09-17T13:59:17.2492957Z";"fethy.faradji@infopro-digital.com -> UserMercury@infopro-digital.com";"Bureau/Fichiers_Absents_20250703150300.csv";"item";"Champ Created refuse : Vous devez spécifier une date valide comprise entre 01/01/1900 et 31/12/8900."
"2026-09-17T13:59:17.9295415Z";"fethy.faradji@infopro-digital.com -> UserMercury@infopro-digital.com";"Bureau/id_avis_import.csv";"item";"Champ Created refuse : Vous devez spécifier une date valide comprise entre 01/01/1900 et 31/12/8900."
"2026-09-17T13:59:18.7224601Z";"fethy.faradji@infopro-digital.com -> UserMercury@infopro-digital.com";"Bureau/INFOPRO DIGITAL (Prod).html";"item";"Champ Created refuse : Vous devez spécifier une date valide comprise entre 01/01/1900 et 31/12/8900."
"2026-09-17T13:59:18.8944376Z";"fethy.faradji@infopro-digital.com -> UserMercury@infopro-digital.com";"Bureau/infopro-logo-petit.png";"item";"Cible modifiee depuis le checkpoint : conflit a examiner, aucun ecrasement automatique."
"2026-09-17T13:59:19.5989567Z";"fethy.faradji@infopro-digital.com -> UserMercury@infopro-digital.com";"Bureau/Insert Errors Avis__c 09-01-2025.txt";"item";"Champ Created refuse : Vous devez spécifier une date valide comprise entre 01/01/1900 et 31/12/8900."
"2026-09-17T13:59:20.4095935Z";"fethy.faradji@infopro-digital.com -> UserMercury@infopro-digital.com";"Bureau/Insert Errors Consommation_UP__c 16-12-2024.txt";"item";"Champ Created refuse : Vous devez spécifier une date valide comprise entre 01/01/1900 et 31/12/8900."
"2026-09-17T13:59:21.1110169Z";"fethy.faradji@infopro-digital.com -> UserMercury@infopro-digital.com";"Bureau/lance_SSMS_ffaradji-op.bat";"item";"Champ Created refuse : Vous devez spécifier une date valide comprise entre 01/01/1900 et 31/12/8900."
"2026-09-17T13:59:21.9380368Z";"fethy.faradji@infopro-digital.com -> UserMercury@infopro-digital.com";"Bureau/lance_VS_ffaradji-op.bat";"item";"Champ Created refuse : Vous devez spécifier une date valide comprise entre 01/01/1900 et 31/12/8900."
"2026-09-17T13:59:22.7232070Z";"fethy.faradji@infopro-digital.com -> UserMercury@infopro-digital.com";"Bureau/livraisonKPI 20250428.zip";"item";"Champ Created refuse : Vous devez spécifier une date valide comprise entre 01/01/1900 et 31/12/8900."
"2026-09-17T13:59:23.4092043Z";"fethy.faradji@infopro-digital.com -> UserMercury@infopro-digital.com";"Bureau/Log_erreur20250703120116.csv";"item";"Champ Created refuse : Vous devez spécifier une date valide comprise entre 01/01/1900 et 31/12/8900."
"2026-09-17T13:59:24.1591524Z";"fethy.faradji@infopro-digital.com -> UserMercury@infopro-digital.com";"Bureau/Log_erreur20250703150332.csv";"item";"Champ Created refuse : Vous devez spécifier une date valide comprise entre 01/01/1900 et 31/12/8900."
"2026-09-17T13:59:24.8795515Z";"fethy.faradji@infopro-digital.com -> UserMercury@infopro-digital.com";"Bureau/Log_erreur20250703150709.csv";"item";"Champ Created refuse : Vous devez spécifier une date valide comprise entre 01/01/1900 et 31/12/8900."
"2026-09-17T13:59:25.6782168Z";"fethy.faradji@infopro-digital.com -> UserMercury@infopro-digital.com";"Bureau/Log_Execution20250703170324.txt";"item";"Champ Created refuse : Vous devez spécifier une date valide comprise entre 01/01/1900 et 31/12/8900."
"2026-09-17T13:59:25.8926948Z";"fethy.faradji@infopro-digital.com -> UserMercury@infopro-digital.com";"Bureau/logo_mail.png";"item";"Cible modifiee depuis le checkpoint : conflit a examiner, aucun ecrasement automatique."
"2026-09-17T13:59:26.0489460Z";"fethy.faradji@infopro-digital.com -> UserMercury@infopro-digital.com";"Bureau/logo_mail_petit.png";"item";"Transfert interrompu a issue inconnue. Verifier la derniere version cible avant de reparer le checkpoint (voir notice)."
"2026-09-17T13:59:26.1739482Z";"fethy.faradji@infopro-digital.com -> UserMercury@infopro-digital.com";"Bureau/logo_mail2.png";"item";"Cible modifiee depuis le checkpoint : conflit a examiner, aucun ecrasement automatique."
"2026-09-17T13:59:26.3145716Z";"fethy.faradji@infopro-digital.com -> UserMercury@infopro-digital.com";"Bureau/marches-online-logo-vector.jpg";"item";"Cible modifiee depuis le checkpoint : conflit a examiner, aucun ecrasement automatique."
"2026-09-17T13:59:26.4395731Z";"fethy.faradji@infopro-digital.com -> UserMercury@infopro-digital.com";"Bureau/marches-online-logo-vector.png";"item";"Cible modifiee depuis le checkpoint : conflit a examiner, aucun ecrasement automatique."
"2026-09-17T13:59:27.0882232Z";"fethy.faradji@infopro-digital.com -> UserMercury@infopro-digital.com";"Bureau/mep 20241014.zip";"item";"Champ Created refuse : Vous devez spécifier une date valide comprise entre 01/01/1900 et 31/12/8900."
"2026-09-17T13:59:27.8509579Z";"fethy.faradji@infopro-digital.com -> UserMercury@infopro-digital.com";"Bureau/mep 20250113.zip";"item";"Champ Created refuse : Vous devez spécifier une date valide comprise entre 01/01/1900 et 31/12/8900."
"2026-09-17T13:59:28.5864365Z";"fethy.faradji@infopro-digital.com -> UserMercury@infopro-digital.com";"Bureau/mep 20250129.zip";"item";"Champ Created refuse : Vous devez spécifier une date valide comprise entre 01/01/1900 et 31/12/8900."
"2026-09-17T13:59:29.3571929Z";"fethy.faradji@infopro-digital.com -> UserMercury@infopro-digital.com";"Bureau/mep synchro 20241007.zip";"item";"Champ Created refuse : Vous devez spécifier une date valide comprise entre 01/01/1900 et 31/12/8900."
"2026-09-17T13:59:30.0648640Z";"fethy.faradji@infopro-digital.com -> UserMercury@infopro-digital.com";"Bureau/mep_sim20250612.zip";"item";"Champ Created refuse : Vous devez spécifier une date valide comprise entre 01/01/1900 et 31/12/8900."
"2026-09-17T13:59:30.7705862Z";"fethy.faradji@infopro-digital.com -> UserMercury@infopro-digital.com";"Bureau/mep20250225.zip";"item";"Champ Created refuse : Vous devez spécifier une date valide comprise entre 01/01/1900 et 31/12/8900."
"2026-09-17T13:59:31.6182858Z";"fethy.faradji@infopro-digital.com -> UserMercury@infopro-digital.com";"Bureau/mep20250603.zip";"item";"Champ Created refuse : Vous devez spécifier une date valide comprise entre 01/01/1900 et 31/12/8900."
"2026-09-17T13:59:32.3613812Z";"fethy.faradji@infopro-digital.com -> UserMercury@infopro-digital.com";"Bureau/Microsoft Teams.lnk";"item";"Champ Created refuse : Vous devez spécifier une date valide comprise entre 01/01/1900 et 31/12/8900."
"2026-09-17T13:59:33.1114033Z";"fethy.faradji@infopro-digital.com -> UserMercury@infopro-digital.com";"Bureau/mise_a_jour_des_seuils.xlsx";"item";"Champ Created refuse : Vous devez spécifier une date valide comprise entre 01/01/1900 et 31/12/8900."
"2026-09-17T13:59:33.2520306Z";"fethy.faradji@infopro-digital.com -> UserMercury@infopro-digital.com";"Bureau/mise_a_jour_des_tarifs_de_publications.sql";"item";"Transfert interrompu a issue inconnue. Verifier la derniere version cible avant de reparer le checkpoint (voir notice)."
"2026-09-17T13:59:34.1319412Z";"fethy.faradji@infopro-digital.com -> UserMercury@infopro-digital.com";"Bureau/nouveau 52.txt";"item";"Champ Created refuse : Vous devez spécifier une date valide comprise entre 01/01/1900 et 31/12/8900."
"2026-09-17T13:59:34.2725648Z";"fethy.faradji@infopro-digital.com -> UserMercury@infopro-digital.com";"Bureau/panoramic-view-mesmerizing-sahara-desert-sunset-concept-travel-photography-sunset-views-sahara-desert-panoramic-landscapes_864588-214280.jpg";"item";"Cible modifiee depuis le checkpoint : conflit a examiner, aucun ecrasement automatique."
"2026-09-17T13:59:35.1154185Z";"fethy.faradji@infopro-digital.com -> UserMercury@infopro-digital.com";"Bureau/PC10031.cer";"item";"Champ Created refuse : Vous devez spécifier une date valide comprise entre 01/01/1900 et 31/12/8900."
"2026-09-17T13:59:35.8768429Z";"fethy.faradji@infopro-digital.com -> UserMercury@infopro-digital.com";"Bureau/PC10031.pfx";"item";"Champ Created refuse : Vous devez spécifier une date valide comprise entre 01/01/1900 et 31/12/8900."
"2026-09-17T13:59:36.0174677Z";"fethy.faradji@infopro-digital.com -> UserMercury@infopro-digital.com";"Bureau/presque finit.sql";"item";"Transfert interrompu a issue inconnue. Verifier la derniere version cible avant de reparer le checkpoint (voir notice)."
"2026-09-17T13:59:36.7113644Z";"fethy.faradji@infopro-digital.com -> UserMercury@infopro-digital.com";"Bureau/probleme easyvista date de fin.docx";"item";"Champ Created refuse : Vous devez spécifier une date valide comprise entre 01/01/1900 et 31/12/8900."
"2026-09-17T13:59:37.5066991Z";"fethy.faradji@infopro-digital.com -> UserMercury@infopro-digital.com";"Bureau/PUBLICATIONS_SF2.sql";"item";"Champ Created refuse : Vous devez spécifier une date valide comprise entre 01/01/1900 et 31/12/8900."
"2026-09-17T13:59:38.3100476Z";"fethy.faradji@infopro-digital.com -> UserMercury@infopro-digital.com";"Bureau/rattrapage_synchro_sim_sf_20200101_20241101.sql";"item";"Champ Created refuse : Vous devez spécifier une date valide comprise entre 01/01/1900 et 31/12/8900."
"2026-09-17T13:59:38.4506728Z";"fethy.faradji@infopro-digital.com -> UserMercury@infopro-digital.com";"Bureau/rattrapage_synchro_sim_sf_20200101_20241101_2.sql";"item";"Transfert interrompu a issue inconnue. Verifier la derniere version cible avant de reparer le checkpoint (voir notice)."
"2026-09-17T13:59:39.3092892Z";"fethy.faradji@infopro-digital.com -> UserMercury@infopro-digital.com";"Bureau/Re Ajout de l'AD Gutwinski au Datawarehouse sécu..msg";"item";"Champ Created refuse : Vous devez spécifier une date valide comprise entre 01/01/1900 et 31/12/8900."
"2026-09-17T13:59:40.0492531Z";"fethy.faradji@infopro-digital.com -> UserMercury@infopro-digital.com";"Bureau/Redemarrer le serveur PASEO.docx";"item";"Champ Created refuse : Vous devez spécifier une date valide comprise entre 01/01/1900 et 31/12/8900."
"2026-09-17T13:59:40.1742519Z";"fethy.faradji@infopro-digital.com -> UserMercury@infopro-digital.com";"Bureau/référentiel refacturation.xlsx";"item";"Transfert interrompu a issue inconnue. Verifier la derniere version cible avant de reparer le checkpoint (voir notice)."
"2026-09-17T13:59:40.8619344Z";"fethy.faradji@infopro-digital.com -> UserMercury@infopro-digital.com";"Bureau/référentiel_creamodif-AD.xlsx";"item";"Champ Created refuse : Vous devez spécifier une date valide comprise entre 01/01/1900 et 31/12/8900."
"2026-09-17T13:59:41.5642003Z";"fethy.faradji@infopro-digital.com -> UserMercury@infopro-digital.com";"Bureau/resultat_fichier_abs_dest.csv";"item";"Champ Created refuse : Vous devez spécifier une date valide comprise entre 01/01/1900 et 31/12/8900."
"2026-09-17T13:59:42.2423063Z";"fethy.faradji@infopro-digital.com -> UserMercury@infopro-digital.com";"Bureau/Sans titre2.ps1";"item";"Champ Created refuse : Vous devez spécifier une date valide comprise entre 01/01/1900 et 31/12/8900."
"2026-09-17T13:59:42.9085666Z";"fethy.faradji@infopro-digital.com -> UserMercury@infopro-digital.com";"Bureau/script_de_la_murte.txt";"item";"Champ Created refuse : Vous devez spécifier une date valide comprise entre 01/01/1900 et 31/12/8900."
"2026-09-17T13:59:43.0491952Z";"fethy.faradji@infopro-digital.com -> UserMercury@infopro-digital.com";"Bureau/SharePoint_source_202508081126.csv";"item";"Transfert interrompu a issue inconnue. Verifier la derniere version cible avant de reparer le checkpoint (voir notice)."
"2026-09-17T13:59:43.1898146Z";"fethy.faradji@infopro-digital.com -> UserMercury@infopro-digital.com";"Bureau/Sigle_Slash.png";"item";"Cible modifiee depuis le checkpoint : conflit a examiner, aucun ecrasement automatique."
"2026-09-17T13:59:43.8612345Z";"fethy.faradji@infopro-digital.com -> UserMercury@infopro-digital.com";"Bureau/sim_am_index.csv";"item";"Champ Created refuse : Vous devez spécifier une date valide comprise entre 01/01/1900 et 31/12/8900."
"2026-09-17T13:59:44.5174841Z";"fethy.faradji@infopro-digital.com -> UserMercury@infopro-digital.com";"Bureau/simx_am_in_identite.csv";"item";"Champ Created refuse : Vous devez spécifier une date valide comprise entre 01/01/1900 et 31/12/8900."
"2026-09-17T13:59:44.6458126Z";"fethy.faradji@infopro-digital.com -> UserMercury@infopro-digital.com";"Bureau/smiley1_p.jpg";"item";"Cible modifiee depuis le checkpoint : conflit a examiner, aucun ecrasement automatique."
"2026-09-17T13:59:44.7674171Z";"fethy.faradji@infopro-digital.com -> UserMercury@infopro-digital.com";"Bureau/task.html";"item";"Transfert interrompu a issue inconnue. Verifier la derniere version cible avant de reparer le checkpoint (voir notice)."
"2026-09-17T13:59:44.8924229Z";"fethy.faradji@infopro-digital.com -> UserMercury@infopro-digital.com";"Bureau/téléchargement.jpg";"item";"Cible modifiee depuis le checkpoint : conflit a examiner, aucun ecrasement automatique."
"2026-09-17T13:59:45.0174171Z";"fethy.faradji@infopro-digital.com -> UserMercury@infopro-digital.com";"Bureau/test.csv";"item";"Cible modifiee depuis le checkpoint : conflit a examiner, aucun ecrasement automatique."
"2026-09-17T13:59:45.7115739Z";"fethy.faradji@infopro-digital.com -> UserMercury@infopro-digital.com";"Bureau/test4.ps1";"item";"Champ Created refuse : Vous devez spécifier une date valide comprise entre 01/01/1900 et 31/12/8900."
"2026-09-17T13:59:45.8614379Z";"fethy.faradji@infopro-digital.com -> UserMercury@infopro-digital.com";"Bureau/tmp.csv";"item";"Transfert interrompu a issue inconnue. Verifier la derniere version cible avant de reparer le checkpoint (voir notice)."
"2026-09-17T13:59:46.5838940Z";"fethy.faradji@infopro-digital.com -> UserMercury@infopro-digital.com";"Bureau/user_entra_202603181129.csv";"item";"Champ Created refuse : Vous devez spécifier une date valide comprise entre 01/01/1900 et 31/12/8900."
"2026-09-17T13:59:47.3453851Z";"fethy.faradji@infopro-digital.com -> UserMercury@infopro-digital.com";"Bureau/user_entra_202603181129.zip";"item";"Champ Created refuse : Vous devez spécifier une date valide comprise entre 01/01/1900 et 31/12/8900."
"2026-09-17T13:59:47.4703871Z";"fethy.faradji@infopro-digital.com -> UserMercury@infopro-digital.com";"Bureau/User365.ps1";"item";"Transfert interrompu a issue inconnue. Verifier la derniere version cible avant de reparer le checkpoint (voir notice)."
"2026-09-17T13:59:48.1998554Z";"fethy.faradji@infopro-digital.com -> UserMercury@infopro-digital.com";"Bureau/UserExcel.ps1";"item";"Champ Created refuse : Vous devez spécifier une date valide comprise entre 01/01/1900 et 31/12/8900."
"2026-09-17T13:59:48.8478839Z";"fethy.faradji@infopro-digital.com -> UserMercury@infopro-digital.com";"Bureau/UserPréprod.csv";"item";"Champ Created refuse : Vous devez spécifier une date valide comprise entre 01/01/1900 et 31/12/8900."
"2026-09-17T13:59:48.9728836Z";"fethy.faradji@infopro-digital.com -> UserMercury@infopro-digital.com";"Bureau/v_computers_ad_202503241516.csv";"item";"Transfert interrompu a issue inconnue. Verifier la derniere version cible avant de reparer le checkpoint (voir notice)."
"2026-09-17T13:59:49.6319891Z";"fethy.faradji@infopro-digital.com -> UserMercury@infopro-digital.com";"Bureau/v_computers_ad_202503241534.csv";"item";"Champ Created refuse : Vous devez spécifier une date valide comprise entre 01/01/1900 et 31/12/8900."
"2026-09-17T13:59:49.7676487Z";"fethy.faradji@infopro-digital.com -> UserMercury@infopro-digital.com";"Bureau/v_computers_ad_202503241534.xlsx";"item";"Transfert interrompu a issue inconnue. Verifier la derniere version cible avant de reparer le checkpoint (voir notice)."
"2026-09-17T13:59:49.8926503Z";"fethy.faradji@infopro-digital.com -> UserMercury@infopro-digital.com";"Bureau/wallpaper.jpg";"item";"Cible modifiee depuis le checkpoint : conflit a examiner, aucun ecrasement automatique."
"2026-09-17T13:59:50.0332769Z";"fethy.faradji@infopro-digital.com -> UserMercury@infopro-digital.com";"Bureau/XnView.lnk";"item";"Transfert interrompu a issue inconnue. Verifier la derniere version cible avant de reparer le checkpoint (voir notice)."
"2026-09-17T13:59:51.2678205Z";"fethy.faradji@infopro-digital.com -> UserMercury@infopro-digital.com";"corespondance FNS-FNSIMPLE/1_5_xslTEXTEIM.xlsx";"item";"Champ Created refuse : Vous devez spécifier une date valide comprise entre 01/01/1900 et 31/12/8900."
"2026-09-17T13:59:51.9162000Z";"fethy.faradji@infopro-digital.com -> UserMercury@infopro-digital.com";"corespondance FNS-FNSIMPLE/1_6_xslTEXTEIM.xlsx";"item";"Champ Created refuse : Vous devez spécifier une date valide comprise entre 01/01/1900 et 31/12/8900."
"2026-09-17T13:59:52.5669624Z";"fethy.faradji@infopro-digital.com -> UserMercury@infopro-digital.com";"corespondance FNS-FNSIMPLE/1_7_xslTEXTEIM.xlsx";"item";"Champ Created refuse : Vous devez spécifier une date valide comprise entre 01/01/1900 et 31/12/8900."
"2026-09-17T13:59:53.2532748Z";"fethy.faradji@infopro-digital.com -> UserMercury@infopro-digital.com";"corespondance FNS-FNSIMPLE/1_8_xslTEXTEIM.xlsx";"item";"Champ Created refuse : Vous devez spécifier une date valide comprise entre 01/01/1900 et 31/12/8900."
"2026-09-17T13:59:54.1194744Z";"fethy.faradji@infopro-digital.com -> UserMercury@infopro-digital.com";"corespondance FNS-FNSIMPLE/1_9_xslTEXTEIM.xlsx";"item";"Champ Created refuse : Vous devez spécifier une date valide comprise entre 01/01/1900 et 31/12/8900."
"2026-09-17T13:59:54.9503943Z";"fethy.faradji@infopro-digital.com -> UserMercury@infopro-digital.com";"corespondance FNS-FNSIMPLE/2_0_xslTEXTEIM (1).xlsx";"item";"Champ Created refuse : Vous devez spécifier une date valide comprise entre 01/01/1900 et 31/12/8900."
"2026-09-17T13:59:55.6463531Z";"fethy.faradji@infopro-digital.com -> UserMercury@infopro-digital.com";"corespondance FNS-FNSIMPLE/2_1_xslTEXTEIM (1).xlsx";"item";"Champ Created refuse : Vous devez spécifier une date valide comprise entre 01/01/1900 et 31/12/8900."
"2026-09-17T13:59:56.3460744Z";"fethy.faradji@infopro-digital.com -> UserMercury@infopro-digital.com";"corespondance FNS-FNSIMPLE/3_0_xslTEXTEIM.xlsx";"item";"Champ Created refuse : Vous devez spécifier une date valide comprise entre 01/01/1900 et 31/12/8900."
"2026-09-17T13:59:57.0579920Z";"fethy.faradji@infopro-digital.com -> UserMercury@infopro-digital.com";"corespondance FNS-FNSIMPLE/Copie de Copie de Transcodif balises_textes.xlsx";"item";"Champ Created refuse : Vous devez spécifier une date valide comprise entre 01/01/1900 et 31/12/8900."
"2026-09-17T14:00:21.1228121Z";"fethy.faradji@infopro-digital.com -> UserMercury@infopro-digital.com";"Documents/.Logo_Mysupport_V6.png";"item";"Cible modifiee depuis le checkpoint : conflit a examiner, aucun ecrasement automatique."
"2026-09-17T14:00:21.2478183Z";"fethy.faradji@infopro-digital.com -> UserMercury@infopro-digital.com";"Documents/1.png";"item";"Cible modifiee depuis le checkpoint : conflit a examiner, aucun ecrasement automatique."
"2026-09-17T14:00:21.3884389Z";"fethy.faradji@infopro-digital.com -> UserMercury@infopro-digital.com";"Documents/2.png";"item";"Cible modifiee depuis le checkpoint : conflit a examiner, aucun ecrasement automatique."
"2026-09-17T14:00:22.1851191Z";"fethy.faradji@infopro-digital.com -> UserMercury@infopro-digital.com";"Documents/2023_08_21_084207(1).pdf";"item";"Champ Created refuse : Vous devez spécifier une date valide comprise entre 01/01/1900 et 31/12/8900."
"2026-09-17T14:00:22.3257486Z";"fethy.faradji@infopro-digital.com -> UserMercury@infopro-digital.com";"Documents/3901448_AVIS APPEL OFFRES CULATTES  ATMO.PDF";"item";"Transfert interrompu a issue inconnue. Verifier la derniere version cible avant de reparer le checkpoint (voir notice)."
"2026-09-17T14:00:22.4507434Z";"fethy.faradji@infopro-digital.com -> UserMercury@infopro-digital.com";"Documents/AAAABaP4cxptwgVJ6UNR6DBo3A1EqBZrcGB8-zUiF86yvwXAaVpYeee9_vYvdiE1yV5Bd9KHWWShgL1Gk9-UcSZ58SMvHlDuWhxWrVMd.png";"item";"Cible modifiee depuis le checkpoint : conflit a examiner, aucun ecrasement automatique."
"2026-09-17T14:00:23.1896430Z";"fethy.faradji@infopro-digital.com -> UserMercury@infopro-digital.com";"Documents/all-domains.csv";"item";"Champ Created refuse : Vous devez spécifier une date valide comprise entre 01/01/1900 et 31/12/8900."
"2026-09-17T14:00:23.8596522Z";"fethy.faradji@infopro-digital.com -> UserMercury@infopro-digital.com";"Documents/arrêt maladie 2604 - 2704.pdf";"item";"Champ Created refuse : Vous devez spécifier une date valide comprise entre 01/01/1900 et 31/12/8900."
"2026-09-17T14:00:23.9996550Z";"fethy.faradji@infopro-digital.com -> UserMercury@infopro-digital.com";"Documents/ATTESTATION SUR L HONNEUR TELETRAVAIL.docx";"item";"Transfert interrompu a issue inconnue. Verifier la derniere version cible avant de reparer le checkpoint (voir notice)."
"2026-09-17T14:00:24.2340340Z";"fethy.faradji@infopro-digital.com -> UserMercury@infopro-digital.com";"Documents/COMPTES ENFANTS SANS PARENTS.xlsx";"item";"Transfert interrompu a issue inconnue. Verifier la derniere version cible avant de reparer le checkpoint (voir notice)."
"2026-09-17T14:00:24.3746584Z";"fethy.faradji@infopro-digital.com -> UserMercury@infopro-digital.com";"Documents/Creamodif AD-premier entretient.docx";"item";"Transfert interrompu a issue inconnue. Verifier la derniere version cible avant de reparer le checkpoint (voir notice)."
"2026-09-17T14:00:25.1117923Z";"fethy.faradji@infopro-digital.com -> UserMercury@infopro-digital.com";"Documents/D100340.xml";"item";"Champ Created refuse : Vous devez spécifier une date valide comprise entre 01/01/1900 et 31/12/8900."
"2026-09-17T14:00:26.1582534Z";"fethy.faradji@infopro-digital.com -> UserMercury@infopro-digital.com";"Documents/database.db";"item";"Champ Created refuse : Vous devez spécifier une date valide comprise entre 01/01/1900 et 31/12/8900."
"2026-09-17T14:00:27.0111558Z";"fethy.faradji@infopro-digital.com -> UserMercury@infopro-digital.com";"Documents/DEF_RETOUR_MONIMAIL19092022122353.rar";"item";"Champ Created refuse : Vous devez spécifier une date valide comprise entre 01/01/1900 et 31/12/8900."
"2026-09-17T14:00:29.2433868Z";"fethy.faradji@infopro-digital.com -> UserMercury@infopro-digital.com";"Documents/Default.rdp";"item";"Limite de versions cible insuffisante : augmenter la retention avant le transfert."
"2026-09-17T14:00:29.9000963Z";"fethy.faradji@infopro-digital.com -> UserMercury@infopro-digital.com";"Documents/export_EV.csv";"item";"Champ Created refuse : Vous devez spécifier une date valide comprise entre 01/01/1900 et 31/12/8900."
"2026-09-17T14:00:30.5694321Z";"fethy.faradji@infopro-digital.com -> UserMercury@infopro-digital.com";"Documents/Expression de besoin controle sur la data Entra.docx";"item";"Champ Created refuse : Vous devez spécifier une date valide comprise entre 01/01/1900 et 31/12/8900."
"2026-09-17T14:00:31.3170856Z";"fethy.faradji@infopro-digital.com -> UserMercury@infopro-digital.com";"Documents/Faradji - Carte identite.pdf";"item";"Champ Created refuse : Vous devez spécifier une date valide comprise entre 01/01/1900 et 31/12/8900."
"2026-09-17T14:00:31.4420809Z";"fethy.faradji@infopro-digital.com -> UserMercury@infopro-digital.com";"Documents/flammes-enfer-lechant-au-bord-immense-espace-porte-enfer_124507-96009.avif.jpg";"item";"Cible modifiee depuis le checkpoint : conflit a examiner, aucun ecrasement automatique."
"2026-09-17T14:00:32.1518776Z";"fethy.faradji@infopro-digital.com -> UserMercury@infopro-digital.com";"Documents/Formulaire de demande de télétravail.pdf";"item";"Champ Created refuse : Vous devez spécifier une date valide comprise entre 01/01/1900 et 31/12/8900."
"2026-09-17T14:00:32.7991635Z";"fethy.faradji@infopro-digital.com -> UserMercury@infopro-digital.com";"Documents/interv_manquant.xlsx";"item";"Champ Created refuse : Vous devez spécifier une date valide comprise entre 01/01/1900 et 31/12/8900."
"2026-09-17T14:00:33.6968479Z";"fethy.faradji@infopro-digital.com -> UserMercury@infopro-digital.com";"Documents/LISTE FACTURES AO 2229 avec facture POC_BIM.xlsb.xlsx";"item";"Champ Created refuse : Vous devez spécifier une date valide comprise entre 01/01/1900 et 31/12/8900."
"2026-09-17T14:00:33.8368202Z";"fethy.faradji@infopro-digital.com -> UserMercury@infopro-digital.com";"Documents/logo_infopro.png";"item";"Transfert interrompu a issue inconnue. Verifier la derniere version cible avant de reparer le checkpoint (voir notice)."
"2026-09-17T14:00:33.9640295Z";"fethy.faradji@infopro-digital.com -> UserMercury@infopro-digital.com";"Documents/logo_infopro.xcf";"item";"Transfert interrompu a issue inconnue. Verifier la derniere version cible avant de reparer le checkpoint (voir notice)."
"2026-09-17T14:00:34.1202768Z";"fethy.faradji@infopro-digital.com -> UserMercury@infopro-digital.com";"Documents/logo_infopro_petit.png";"item";"Cible modifiee depuis le checkpoint : conflit a examiner, aucun ecrasement automatique."
"2026-09-17T14:00:34.2609063Z";"fethy.faradji@infopro-digital.com -> UserMercury@infopro-digital.com";"Documents/logo_infopro2.png";"item";"Transfert interrompu a issue inconnue. Verifier la derniere version cible avant de reparer le checkpoint (voir notice)."
"2026-09-17T14:00:34.4015276Z";"fethy.faradji@infopro-digital.com -> UserMercury@infopro-digital.com";"Documents/logo_mail_petit3.png";"item";"Cible modifiee depuis le checkpoint : conflit a examiner, aucun ecrasement automatique."
"2026-09-17T14:00:34.5265300Z";"fethy.faradji@infopro-digital.com -> UserMercury@infopro-digital.com";"Documents/logo_mail2.png";"item";"Cible modifiee depuis le checkpoint : conflit a examiner, aucun ecrasement automatique."
"2026-09-17T14:00:35.1883098Z";"fethy.faradji@infopro-digital.com -> UserMercury@infopro-digital.com";"Documents/logo_mail2.xcf";"item";"Champ Created refuse : Vous devez spécifier une date valide comprise entre 01/01/1900 et 31/12/8900."
"2026-09-17T14:00:35.3133161Z";"fethy.faradji@infopro-digital.com -> UserMercury@infopro-digital.com";"Documents/logo_mail3.png";"item";"Cible modifiee depuis le checkpoint : conflit a examiner, aucun ecrasement automatique."
"2026-09-17T14:00:36.1116204Z";"fethy.faradji@infopro-digital.com -> UserMercury@infopro-digital.com";"Documents/logo_mail3.xcf";"item";"Champ Created refuse : Vous devez spécifier une date valide comprise entre 01/01/1900 et 31/12/8900."
"2026-09-17T14:00:36.7515908Z";"fethy.faradji@infopro-digital.com -> UserMercury@infopro-digital.com";"Documents/Logo_mysupport.xcf";"item";"Champ Created refuse : Vous devez spécifier une date valide comprise entre 01/01/1900 et 31/12/8900."
"2026-09-17T14:00:36.8905057Z";"fethy.faradji@infopro-digital.com -> UserMercury@infopro-digital.com";"Documents/Logo_Mysupport_V1.jpg";"item";"Cible modifiee depuis le checkpoint : conflit a examiner, aucun ecrasement automatique."
"2026-09-17T14:00:37.0643069Z";"fethy.faradji@infopro-digital.com -> UserMercury@infopro-digital.com";"Documents/Logo_Mysupport_V1.png";"item";"Cible modifiee depuis le checkpoint : conflit a examiner, aucun ecrasement automatique."
"2026-09-17T14:00:37.8092202Z";"fethy.faradji@infopro-digital.com -> UserMercury@infopro-digital.com";"Documents/Logo_Mysupport_V1.xcf";"item";"Champ Created refuse : Vous devez spécifier une date valide comprise entre 01/01/1900 et 31/12/8900."
"2026-09-17T14:00:38.4540152Z";"fethy.faradji@infopro-digital.com -> UserMercury@infopro-digital.com";"Documents/Logo_Mysupport_V2.xcf";"item";"Champ Created refuse : Vous devez spécifier une date valide comprise entre 01/01/1900 et 31/12/8900."
"2026-09-17T14:00:38.5703878Z";"fethy.faradji@infopro-digital.com -> UserMercury@infopro-digital.com";"Documents/Logo_Mysupport_V3.png";"item";"Cible modifiee depuis le checkpoint : conflit a examiner, aucun ecrasement automatique."
"2026-09-17T14:00:39.2701505Z";"fethy.faradji@infopro-digital.com -> UserMercury@infopro-digital.com";"Documents/Logo_Mysupport_V3.xcf";"item";"Champ Created refuse : Vous devez spécifier une date valide comprise entre 01/01/1900 et 31/12/8900."
"2026-09-17T14:00:39.3951560Z";"fethy.faradji@infopro-digital.com -> UserMercury@infopro-digital.com";"Documents/Logo_Mysupport_V4.png";"item";"Cible modifiee depuis le checkpoint : conflit a examiner, aucun ecrasement automatique."
"2026-09-17T14:00:40.1896557Z";"fethy.faradji@infopro-digital.com -> UserMercury@infopro-digital.com";"Documents/Logo_Mysupport_V4.xcf";"item";"Champ Created refuse : Vous devez spécifier une date valide comprise entre 01/01/1900 et 31/12/8900."
"2026-09-17T14:00:40.3146554Z";"fethy.faradji@infopro-digital.com -> UserMercury@infopro-digital.com";"Documents/Logo_Mysupport_V5.png";"item";"Transfert interrompu a issue inconnue. Verifier la derniere version cible avant de reparer le checkpoint (voir notice)."
"2026-09-17T14:00:40.9708944Z";"fethy.faradji@infopro-digital.com -> UserMercury@infopro-digital.com";"Documents/Logo_Mysupport_V5.xcf";"item";"Champ Created refuse : Vous devez spécifier une date valide comprise entre 01/01/1900 et 31/12/8900."
"2026-09-17T14:00:41.6786892Z";"fethy.faradji@infopro-digital.com -> UserMercury@infopro-digital.com";"Documents/Logo_Mysupport_V6.xcf";"item";"Champ Created refuse : Vous devez spécifier une date valide comprise entre 01/01/1900 et 31/12/8900."
"2026-09-17T14:00:42.7088102Z";"fethy.faradji@infopro-digital.com -> UserMercury@infopro-digital.com";"Documents/Logo_Mysupport_V7.xcf";"item";"Champ Created refuse : Vous devez spécifier une date valide comprise entre 01/01/1900 et 31/12/8900."
"2026-09-17T14:00:42.8616064Z";"fethy.faradji@infopro-digital.com -> UserMercury@infopro-digital.com";"Documents/Logo_Mysupport_V8.png";"item";"Transfert interrompu a issue inconnue. Verifier la derniere version cible avant de reparer le checkpoint (voir notice)."
"2026-09-17T14:00:42.9866030Z";"fethy.faradji@infopro-digital.com -> UserMercury@infopro-digital.com";"Documents/Logo_Mysupport_V8.xcf";"item";"Transfert interrompu a issue inconnue. Verifier la derniere version cible avant de reparer le checkpoint (voir notice)."
"2026-09-17T14:00:43.2209807Z";"fethy.faradji@infopro-digital.com -> UserMercury@infopro-digital.com";"Documents/Logo_mysupport3.png";"item";"Cible modifiee depuis le checkpoint : conflit a examiner, aucun ecrasement automatique."
"2026-09-17T14:00:43.8955941Z";"fethy.faradji@infopro-digital.com -> UserMercury@infopro-digital.com";"Documents/Modele_CRA_juillet_2021.xlsx";"item";"Champ Created refuse : Vous devez spécifier une date valide comprise entre 01/01/1900 et 31/12/8900."
"2026-09-17T14:00:44.5667512Z";"fethy.faradji@infopro-digital.com -> UserMercury@infopro-digital.com";"Documents/mREMONTENG.xml";"item";"Champ Created refuse : Vous devez spécifier une date valide comprise entre 01/01/1900 et 31/12/8900."
"2026-09-17T14:00:44.6917669Z";"fethy.faradji@infopro-digital.com -> UserMercury@infopro-digital.com";"Documents/my support.png";"item";"Cible modifiee depuis le checkpoint : conflit a examiner, aucun ecrasement automatique."
"2026-09-17T14:00:45.3617936Z";"fethy.faradji@infopro-digital.com -> UserMercury@infopro-digital.com";"Documents/my support.svg";"item";"Champ Created refuse : Vous devez spécifier une date valide comprise entre 01/01/1900 et 31/12/8900."
"2026-09-17T14:00:45.9709255Z";"fethy.faradji@infopro-digital.com -> UserMercury@infopro-digital.com";"Documents/my support.xcf";"item";"Champ Created refuse : Vous devez spécifier une date valide comprise entre 01/01/1900 et 31/12/8900."
"2026-09-17T14:00:46.1115428Z";"fethy.faradji@infopro-digital.com -> UserMercury@infopro-digital.com";"Documents/my support2.png";"item";"Transfert interrompu a issue inconnue. Verifier la derniere version cible avant de reparer le checkpoint (voir notice)."
"2026-09-17T14:00:46.8135231Z";"fethy.faradji@infopro-digital.com -> UserMercury@infopro-digital.com";"Documents/objets_sf_contact.csv";"item";"Champ Created refuse : Vous devez spécifier une date valide comprise entre 01/01/1900 et 31/12/8900."
"2026-09-17T14:00:47.5166518Z";"fethy.faradji@infopro-digital.com -> UserMercury@infopro-digital.com";"Documents/parent_enfant_patenariats.xlsx";"item";"Champ Created refuse : Vous devez spécifier une date valide comprise entre 01/01/1900 et 31/12/8900."
"2026-09-17T14:00:48.2117645Z";"fethy.faradji@infopro-digital.com -> UserMercury@infopro-digital.com";"Documents/Prise_en_main_Monimail2.pdf";"item";"Champ Created refuse : Vous devez spécifier une date valide comprise entre 01/01/1900 et 31/12/8900."
"2026-09-17T14:00:48.8199862Z";"fethy.faradji@infopro-digital.com -> UserMercury@infopro-digital.com";"Documents/Rapport_Autorisations_Applications22.csv";"item";"Champ Created refuse : Vous devez spécifier une date valide comprise entre 01/01/1900 et 31/12/8900."
"2026-09-17T14:00:49.4137362Z";"fethy.faradji@infopro-digital.com -> UserMercury@infopro-digital.com";"Documents/Referentiel-SIM_BIM (1).kdbx";"item";"Champ Created refuse : Vous devez spécifier une date valide comprise entre 01/01/1900 et 31/12/8900."
"2026-09-17T14:00:49.5543624Z";"fethy.faradji@infopro-digital.com -> UserMercury@infopro-digital.com";"Documents/Referentiel-SIM_BIM.kdbx";"item";"Transfert interrompu a issue inconnue. Verifier la derniere version cible avant de reparer le checkpoint (voir notice)."
"2026-09-17T14:00:49.6787879Z";"fethy.faradji@infopro-digital.com -> UserMercury@infopro-digital.com";"Documents/retour intégration.docx";"item";"Transfert interrompu a issue inconnue. Verifier la derniere version cible avant de reparer le checkpoint (voir notice)."
"2026-09-17T14:00:50.3617667Z";"fethy.faradji@infopro-digital.com -> UserMercury@infopro-digital.com";"Documents/SLA - Incidents 24.csv";"item";"Champ Created refuse : Vous devez spécifier une date valide comprise entre 01/01/1900 et 31/12/8900."
"2026-09-17T14:00:51.0554763Z";"fethy.faradji@infopro-digital.com -> UserMercury@infopro-digital.com";"Documents/SLA - Incidents 36.csv";"item";"Champ Created refuse : Vous devez spécifier une date valide comprise entre 01/01/1900 et 31/12/8900."
"2026-09-17T14:00:52.6907590Z";"fethy.faradji@infopro-digital.com -> UserMercury@infopro-digital.com";"Documents/SLA - Incidents 48.csv";"item";"Champ Created refuse : Vous devez spécifier une date valide comprise entre 01/01/1900 et 31/12/8900."
"2026-09-17T14:00:53.3679536Z";"fethy.faradji@infopro-digital.com -> UserMercury@infopro-digital.com";"Documents/SLA - Incidents12.csv";"item";"Champ Created refuse : Vous devez spécifier une date valide comprise entre 01/01/1900 et 31/12/8900."
"2026-09-17T14:00:53.4929609Z";"fethy.faradji@infopro-digital.com -> UserMercury@infopro-digital.com";"Documents/smiley1.png";"item";"Cible modifiee depuis le checkpoint : conflit a examiner, aucun ecrasement automatique."
"2026-09-17T14:00:54.2601006Z";"fethy.faradji@infopro-digital.com -> UserMercury@infopro-digital.com";"Documents/smiley1.xcf";"item";"Champ Created refuse : Vous devez spécifier une date valide comprise entre 01/01/1900 et 31/12/8900."
"2026-09-17T14:00:54.3694750Z";"fethy.faradji@infopro-digital.com -> UserMercury@infopro-digital.com";"Documents/smiley1_p.png";"item";"Cible modifiee depuis le checkpoint : conflit a examiner, aucun ecrasement automatique."
"2026-09-17T14:00:54.4944788Z";"fethy.faradji@infopro-digital.com -> UserMercury@infopro-digital.com";"Documents/smiley2.png";"item";"Cible modifiee depuis le checkpoint : conflit a examiner, aucun ecrasement automatique."
"2026-09-17T14:00:55.3616852Z";"fethy.faradji@infopro-digital.com -> UserMercury@infopro-digital.com";"Documents/smiley2.xcf";"item";"Champ Created refuse : Vous devez spécifier une date valide comprise entre 01/01/1900 et 31/12/8900."
"2026-09-17T14:00:55.4710647Z";"fethy.faradji@infopro-digital.com -> UserMercury@infopro-digital.com";"Documents/smiley2_p.png";"item";"Cible modifiee depuis le checkpoint : conflit a examiner, aucun ecrasement automatique."
"2026-09-17T14:00:55.5993840Z";"fethy.faradji@infopro-digital.com -> UserMercury@infopro-digital.com";"Documents/smiley3.png";"item";"Cible modifiee depuis le checkpoint : conflit a examiner, aucun ecrasement automatique."
"2026-09-17T14:00:56.2677264Z";"fethy.faradji@infopro-digital.com -> UserMercury@infopro-digital.com";"Documents/smiley3.xcf";"item";"Champ Created refuse : Vous devez spécifier une date valide comprise entre 01/01/1900 et 31/12/8900."
"2026-09-17T14:00:56.4396099Z";"fethy.faradji@infopro-digital.com -> UserMercury@infopro-digital.com";"Documents/smiley3_p.png";"item";"Cible modifiee depuis le checkpoint : conflit a examiner, aucun ecrasement automatique."
"2026-09-17T14:00:56.5692654Z";"fethy.faradji@infopro-digital.com -> UserMercury@infopro-digital.com";"Documents/smiley4.png";"item";"Cible modifiee depuis le checkpoint : conflit a examiner, aucun ecrasement automatique."
"2026-09-17T14:00:57.3230528Z";"fethy.faradji@infopro-digital.com -> UserMercury@infopro-digital.com";"Documents/smiley4.xcf";"item";"Champ Created refuse : Vous devez spécifier une date valide comprise entre 01/01/1900 et 31/12/8900."
"2026-09-17T14:00:57.4480597Z";"fethy.faradji@infopro-digital.com -> UserMercury@infopro-digital.com";"Documents/smiley4_p.png";"item";"Cible modifiee depuis le checkpoint : conflit a examiner, aucun ecrasement automatique."
"2026-09-17T14:00:57.5671295Z";"fethy.faradji@infopro-digital.com -> UserMercury@infopro-digital.com";"Documents/smiley5.png";"item";"Cible modifiee depuis le checkpoint : conflit a examiner, aucun ecrasement automatique."
"2026-09-17T14:00:58.2093638Z";"fethy.faradji@infopro-digital.com -> UserMercury@infopro-digital.com";"Documents/smiley5.xcf";"item";"Champ Created refuse : Vous devez spécifier une date valide comprise entre 01/01/1900 et 31/12/8900."
"2026-09-17T14:00:58.3343629Z";"fethy.faradji@infopro-digital.com -> UserMercury@infopro-digital.com";"Documents/smiley5_p.png";"item";"Cible modifiee depuis le checkpoint : conflit a examiner, aucun ecrasement automatique."
"2026-09-17T14:00:59.0041326Z";"fethy.faradji@infopro-digital.com -> UserMercury@infopro-digital.com";"Documents/Spec_monimail_V1.5.docx";"item";"Champ Created refuse : Vous devez spécifier une date valide comprise entre 01/01/1900 et 31/12/8900."
"2026-09-17T14:00:59.6963196Z";"fethy.faradji@infopro-digital.com -> UserMercury@infopro-digital.com";"Documents/Specs KPI Nameshield V1.1.docx";"item";"Champ Created refuse : Vous devez spécifier une date valide comprise entre 01/01/1900 et 31/12/8900."
"2026-09-17T14:01:00.4106161Z";"fethy.faradji@infopro-digital.com -> UserMercury@infopro-digital.com";"Documents/suport_monimail.xlsx";"item";"Champ Created refuse : Vous devez spécifier une date valide comprise entre 01/01/1900 et 31/12/8900."
"2026-09-17T14:01:00.5356167Z";"fethy.faradji@infopro-digital.com -> UserMercury@infopro-digital.com";"Documents/test.html";"item";"Transfert interrompu a issue inconnue. Verifier la derniere version cible avant de reparer le checkpoint (voir notice)."
"2026-09-17T14:01:01.2214535Z";"fethy.faradji@infopro-digital.com -> UserMercury@infopro-digital.com";"Documents/Tickets résolus  -  Tous les groupes - APPS.csv";"item";"Champ Created refuse : Vous devez spécifier une date valide comprise entre 01/01/1900 et 31/12/8900."
"2026-09-17T14:01:01.9715416Z";"fethy.faradji@infopro-digital.com -> UserMercury@infopro-digital.com";"Documents/Tous les incidents résolus du mois en court.csv";"item";"Champ Created refuse : Vous devez spécifier une date valide comprise entre 01/01/1900 et 31/12/8900."
"2026-09-17T14:01:02.0809265Z";"fethy.faradji@infopro-digital.com -> UserMercury@infopro-digital.com";"Documents/transmition_maintenance.docx";"item";"Transfert interrompu a issue inconnue. Verifier la derniere version cible avant de reparer le checkpoint (voir notice)."
"2026-09-17T14:01:02.4402918Z";"fethy.faradji@infopro-digital.com -> UserMercury@infopro-digital.com";"Enregistrements/[présentation] les avoirs dans GAM-20220311_142351-Enregistrement de la réunion.mp4";"item";"Cible modifiee depuis le checkpoint : conflit a examiner, aucun ecrasement automatique."
"2026-09-17T14:01:02.6031299Z";"fethy.faradji@infopro-digital.com -> UserMercury@infopro-digital.com";"Enregistrements/Atelier évolution Monimail-20240503_143412-Enregistrement de la réunion.mp4";"item";"Cible modifiee depuis le checkpoint : conflit a examiner, aucun ecrasement automatique."
"2026-09-17T14:01:03.2832240Z";"fethy.faradji@infopro-digital.com -> UserMercury@infopro-digital.com";"Enregistrements/creaModif Ad part2-20260423_110043-Enregistrement de la réunion.mp4";"item";"Identite source absente : impossible de reconstituer auteur ou droits sans inventer."
"2026-09-17T14:01:03.8798850Z";"fethy.faradji@infopro-digital.com -> UserMercury@infopro-digital.com";"Enregistrements/creamodif AD-20260421_112522-Enregistrement de la réunion.mp4";"item";"Identite source absente : impossible de reconstituer auteur ou droits sans inventer."
"2026-09-17T14:01:04.4423867Z";"fethy.faradji@infopro-digital.com -> UserMercury@infopro-digital.com";"Enregistrements/creamodif AD-20260430_103403-Enregistrement de la réunion.mp4";"item";"Identite source absente : impossible de reconstituer auteur ou droits sans inventer."
"2026-09-17T14:01:04.8619396Z";"fethy.faradji@infopro-digital.com -> UserMercury@infopro-digital.com";"Enregistrements/export-20260420_110958-Enregistrement de la réunion.mp4";"item";"Identite source absente : impossible de reconstituer auteur ou droits sans inventer."
"2026-09-17T14:01:05.4088170Z";"fethy.faradji@infopro-digital.com -> UserMercury@infopro-digital.com";"Enregistrements/Haynes-20260224_093131-Meeting Transcript.mp4";"item";"Identite source absente : impossible de reconstituer auteur ou droits sans inventer."
"2026-09-17T14:01:06.4381815Z";"fethy.faradji@infopro-digital.com -> UserMercury@infopro-digital.com";"Enregistrements/ivanti vs adobe-20260702_143306-Enregistrement de la réunion.mp4";"item";"Identite source absente : impossible de reconstituer auteur ou droits sans inventer."
"2026-09-17T14:01:06.5475557Z";"fethy.faradji@infopro-digital.com -> UserMercury@infopro-digital.com";"Enregistrements/presentation avoirs-20220322_150330-Enregistrement de la réunion.mp4";"item";"Cible modifiee depuis le checkpoint : conflit a examiner, aucun ecrasement automatique."
"2026-09-17T14:01:07.0623080Z";"fethy.faradji@infopro-digital.com -> UserMercury@infopro-digital.com";"Enregistrements/Sharegate-20260520_111248-Enregistrement de la réunion.mp4";"item";"Identite source absente : impossible de reconstituer auteur ou droits sans inventer."
"2026-09-17T14:01:07.5623133Z";"fethy.faradji@infopro-digital.com -> UserMercury@infopro-digital.com";"Enregistrements/w-20260414_162916-Enregistrement de la réunion.mp4";"item";"Identite source absente : impossible de reconstituer auteur ou droits sans inventer."
"2026-09-17T14:01:08.0180873Z";"fethy.faradji@infopro-digital.com -> UserMercury@infopro-digital.com";"Enregistrements/w-20260414_163851-Enregistrement de la réunion.mp4";"item";"Identite source absente : impossible de reconstituer auteur ou droits sans inventer."
"2026-09-17T14:01:08.5024641Z";"fethy.faradji@infopro-digital.com -> UserMercury@infopro-digital.com";"Enregistrements/w-20260414_164911-Enregistrement de la réunion.mp4";"item";"Identite source absente : impossible de reconstituer auteur ou droits sans inventer."
"2026-09-17T14:01:10.3799205Z";"fethy.faradji@infopro-digital.com -> UserMercury@infopro-digital.com";"Favorites/Bing.url";"item";"Champ Created refuse : Vous devez spécifier une date valide comprise entre 01/01/1900 et 31/12/8900."
"2026-09-17T14:01:11.7889716Z";"fethy.faradji@infopro-digital.com -> UserMercury@infopro-digital.com";"Fichiers de conversation Microsoft Teams/(fethi faradji) GRP058 - THP - Charte des administrateurs du SI - Fr_V2.0 (1).pdf";"item";"Champ Created refuse : Vous devez spécifier une date valide comprise entre 01/01/1900 et 31/12/8900."
"2026-09-17T14:01:12.4123632Z";"fethy.faradji@infopro-digital.com -> UserMercury@infopro-digital.com";"Fichiers de conversation Microsoft Teams/(fethi faradji) GRP058 - THP - Charte des administrateurs du SI - Fr_V2.0.pdf";"item";"Champ Created refuse : Vous devez spécifier une date valide comprise entre 01/01/1900 et 31/12/8900."
"2026-09-17T14:01:12.5648224Z";"fethy.faradji@infopro-digital.com -> UserMercury@infopro-digital.com";"Fichiers de conversation Microsoft Teams/.Logo_Mysupport_V6.png";"item";"Cible modifiee depuis le checkpoint : conflit a examiner, aucun ecrasement automatique."
"2026-09-17T14:01:13.2130098Z";"fethy.faradji@infopro-digital.com -> UserMercury@infopro-digital.com";"Fichiers de conversation Microsoft Teams/.ssh.zip";"item";"Champ Created refuse : Vous devez spécifier une date valide comprise entre 01/01/1900 et 31/12/8900."
"2026-09-17T14:01:13.9485705Z";"fethy.faradji@infopro-digital.com -> UserMercury@infopro-digital.com";"Fichiers de conversation Microsoft Teams/00 - drop tables.sql";"item";"Champ Created refuse : Vous devez spécifier une date valide comprise entre 01/01/1900 et 31/12/8900."
"2026-09-17T14:01:14.6161099Z";"fethy.faradji@infopro-digital.com -> UserMercury@infopro-digital.com";"Fichiers de conversation Microsoft Teams/01 - create tables.sql";"item";"Champ Created refuse : Vous devez spécifier une date valide comprise entre 01/01/1900 et 31/12/8900."
"2026-09-17T14:01:15.3637027Z";"fethy.faradji@infopro-digital.com -> UserMercury@infopro-digital.com";"Fichiers de conversation Microsoft Teams/02-create_views.sql";"item";"Champ Created refuse : Vous devez spécifier une date valide comprise entre 01/01/1900 et 31/12/8900."
"2026-09-17T14:01:15.9708889Z";"fethy.faradji@infopro-digital.com -> UserMercury@infopro-digital.com";"Fichiers de conversation Microsoft Teams/03 - create_views.sql";"item";"Champ Created refuse : Vous devez spécifier une date valide comprise entre 01/01/1900 et 31/12/8900."
"2026-09-17T14:01:16.0802715Z";"fethy.faradji@infopro-digital.com -> UserMercury@infopro-digital.com";"Fichiers de conversation Microsoft Teams/1.png";"item";"Cible modifiee depuis le checkpoint : conflit a examiner, aucun ecrasement automatique."
"2026-09-17T14:01:16.9204931Z";"fethy.faradji@infopro-digital.com -> UserMercury@infopro-digital.com";"Fichiers de conversation Microsoft Teams/1_5_xslTEXTEIM.xlsx";"item";"Champ Created refuse : Vous devez spécifier une date valide comprise entre 01/01/1900 et 31/12/8900."
"2026-09-17T14:01:17.6891892Z";"fethy.faradji@infopro-digital.com -> UserMercury@infopro-digital.com";"Fichiers de conversation Microsoft Teams/1_5_xslTEXTEIM.xsl";"item";"Champ Created refuse : Vous devez spécifier une date valide comprise entre 01/01/1900 et 31/12/8900."
"2026-09-17T14:01:17.8580374Z";"fethy.faradji@infopro-digital.com -> UserMercury@infopro-digital.com";"Fichiers de conversation Microsoft Teams/1_6_1_xslTEXTEIM.xlsx";"item";"Transfert interrompu a issue inconnue. Verifier la derniere version cible avant de reparer le checkpoint (voir notice)."
"2026-09-17T14:01:18.5418116Z";"fethy.faradji@infopro-digital.com -> UserMercury@infopro-digital.com";"Fichiers de conversation Microsoft Teams/1_6_1_xslTEXTEIM.xsl";"item";"Champ Created refuse : Vous devez spécifier une date valide comprise entre 01/01/1900 et 31/12/8900."
"2026-09-17T14:01:19.1596874Z";"fethy.faradji@infopro-digital.com -> UserMercury@infopro-digital.com";"Fichiers de conversation Microsoft Teams/1_6_xslTEXTEIM.xlsx";"item";"Champ Created refuse : Vous devez spécifier une date valide comprise entre 01/01/1900 et 31/12/8900."
"2026-09-17T14:01:19.3159365Z";"fethy.faradji@infopro-digital.com -> UserMercury@infopro-digital.com";"Fichiers de conversation Microsoft Teams/1_7_xslTEXTEIM.xlsx";"item";"Transfert interrompu a issue inconnue. Verifier la derniere version cible avant de reparer le checkpoint (voir notice)."
"2026-09-17T14:01:19.4253181Z";"fethy.faradji@infopro-digital.com -> UserMercury@infopro-digital.com";"Fichiers de conversation Microsoft Teams/2.png";"item";"Cible modifiee depuis le checkpoint : conflit a examiner, aucun ecrasement automatique."
"2026-09-17T14:01:19.5702643Z";"fethy.faradji@infopro-digital.com -> UserMercury@infopro-digital.com";"Fichiers de conversation Microsoft Teams/2_1_xslTEXTEIM.xsl";"item";"Transfert interrompu a issue inconnue. Verifier la derniere version cible avant de reparer le checkpoint (voir notice)."
"2026-09-17T14:01:20.4066405Z";"fethy.faradji@infopro-digital.com -> UserMercury@infopro-digital.com";"Fichiers de conversation Microsoft Teams/2_1_xslTEXTEIM_OK1701.xsl";"item";"Champ Created refuse : Vous devez spécifier une date valide comprise entre 01/01/1900 et 31/12/8900."
"2026-09-17T14:01:21.1428540Z";"fethy.faradji@infopro-digital.com -> UserMercury@infopro-digital.com";"Fichiers de conversation Microsoft Teams/2022A2202069.PDF";"item";"Champ Created refuse : Vous devez spécifier une date valide comprise entre 01/01/1900 et 31/12/8900."
"2026-09-17T14:01:21.8117744Z";"fethy.faradji@infopro-digital.com -> UserMercury@infopro-digital.com";"Fichiers de conversation Microsoft Teams/202509 1.zip";"item";"Champ Created refuse : Vous devez spécifier une date valide comprise entre 01/01/1900 et 31/12/8900."
"2026-09-17T14:01:22.5632954Z";"fethy.faradji@infopro-digital.com -> UserMercury@infopro-digital.com";"Fichiers de conversation Microsoft Teams/202509.zip";"item";"Champ Created refuse : Vous devez spécifier une date valide comprise entre 01/01/1900 et 31/12/8900."
"2026-09-17T14:01:23.3155970Z";"fethy.faradji@infopro-digital.com -> UserMercury@infopro-digital.com";"Fichiers de conversation Microsoft Teams/25PubsManquantesCoteIT.xlsx";"item";"Champ Created refuse : Vous devez spécifier une date valide comprise entre 01/01/1900 et 31/12/8900."
"2026-09-17T14:01:24.3123303Z";"fethy.faradji@infopro-digital.com -> UserMercury@infopro-digital.com";"Fichiers de conversation Microsoft Teams/3211632.xca";"item";"Champ Created refuse : Vous devez spécifier une date valide comprise entre 01/01/1900 et 31/12/8900."
"2026-09-17T14:01:24.4373329Z";"fethy.faradji@infopro-digital.com -> UserMercury@infopro-digital.com";"Fichiers de conversation Microsoft Teams/3a5b0102-25ed-4898-a5ff-7e8cd477e4e0.webp";"item";"Cible modifiee depuis le checkpoint : conflit a examiner, aucun ecrasement automatique."
"2026-09-17T14:01:25.1115052Z";"fethy.faradji@infopro-digital.com -> UserMercury@infopro-digital.com";"Fichiers de conversation Microsoft Teams/4082669.xca";"item";"Champ Created refuse : Vous devez spécifier une date valide comprise entre 01/01/1900 et 31/12/8900."
"2026-09-17T14:01:25.8773529Z";"fethy.faradji@infopro-digital.com -> UserMercury@infopro-digital.com";"Fichiers de conversation Microsoft Teams/4218069_20250703_25vs14_pub_boamp.pdf";"item";"Champ Created refuse : Vous devez spécifier une date valide comprise entre 01/01/1900 et 31/12/8900."
"2026-09-17T14:01:26.1117310Z";"fethy.faradji@infopro-digital.com -> UserMercury@infopro-digital.com";"Fichiers de conversation Microsoft Teams/617697e8-6137-4992-9d4b-98f082d92bde.png";"item";"Cible modifiee depuis le checkpoint : conflit a examiner, aucun ecrasement automatique."
"2026-09-17T14:01:26.9218456Z";"fethy.faradji@infopro-digital.com -> UserMercury@infopro-digital.com";"Fichiers de conversation Microsoft Teams/720322959.pdf";"item";"Champ Created refuse : Vous devez spécifier une date valide comprise entre 01/01/1900 et 31/12/8900."
"2026-09-17T14:01:27.0780957Z";"fethy.faradji@infopro-digital.com -> UserMercury@infopro-digital.com";"Fichiers de conversation Microsoft Teams/ABACCA.sql";"item";"Transfert interrompu a issue inconnue. Verifier la derniere version cible avant de reparer le checkpoint (voir notice)."
"2026-09-17T14:01:27.7728247Z";"fethy.faradji@infopro-digital.com -> UserMercury@infopro-digital.com";"Fichiers de conversation Microsoft Teams/AcceptedDomains_2025-03-28.csv";"item";"Champ Created refuse : Vous devez spécifier une date valide comprise entre 01/01/1900 et 31/12/8900."
"2026-09-17T14:01:28.6814736Z";"fethy.faradji@infopro-digital.com -> UserMercury@infopro-digital.com";"Fichiers de conversation Microsoft Teams/account_manquant.csv";"item";"Champ Created refuse : Vous devez spécifier une date valide comprise entre 01/01/1900 et 31/12/8900."
"2026-09-17T14:01:29.4938916Z";"fethy.faradji@infopro-digital.com -> UserMercury@infopro-digital.com";"Fichiers de conversation Microsoft Teams/activité apres le 15.txt";"item";"Champ Created refuse : Vous devez spécifier une date valide comprise entre 01/01/1900 et 31/12/8900."
"2026-09-17T14:01:30.2556795Z";"fethy.faradji@infopro-digital.com -> UserMercury@infopro-digital.com";"Fichiers de conversation Microsoft Teams/activité_20231130.xlsx";"item";"Champ Created refuse : Vous devez spécifier une date valide comprise entre 01/01/1900 et 31/12/8900."
"2026-09-17T14:01:30.9707930Z";"fethy.faradji@infopro-digital.com -> UserMercury@infopro-digital.com";"Fichiers de conversation Microsoft Teams/adresse_a_corriger.xlsx";"item";"Champ Created refuse : Vous devez spécifier une date valide comprise entre 01/01/1900 et 31/12/8900."
"2026-09-17T14:01:31.1582903Z";"fethy.faradji@infopro-digital.com -> UserMercury@infopro-digital.com";"Fichiers de conversation Microsoft Teams/Ajout_SIRET.xlsx";"item";"Transfert interrompu a issue inconnue. Verifier la derniere version cible avant de reparer le checkpoint (voir notice)."
"2026-09-17T14:01:31.9575835Z";"fethy.faradji@infopro-digital.com -> UserMercury@infopro-digital.com";"Fichiers de conversation Microsoft Teams/ALIM_TABLE_SF 1.sql";"item";"Champ Created refuse : Vous devez spécifier une date valide comprise entre 01/01/1900 et 31/12/8900."
"2026-09-17T14:01:32.7990841Z";"fethy.faradji@infopro-digital.com -> UserMercury@infopro-digital.com";"Fichiers de conversation Microsoft Teams/ALIM_TABLE_SF 2.sql";"item";"Champ Created refuse : Vous devez spécifier une date valide comprise entre 01/01/1900 et 31/12/8900."
"2026-09-17T14:01:33.5675635Z";"fethy.faradji@infopro-digital.com -> UserMercury@infopro-digital.com";"Fichiers de conversation Microsoft Teams/ALIM_TABLE_SF.sql";"item";"Champ Created refuse : Vous devez spécifier une date valide comprise entre 01/01/1900 et 31/12/8900."
"2026-09-17T14:01:34.4137318Z";"fethy.faradji@infopro-digital.com -> UserMercury@infopro-digital.com";"Fichiers de conversation Microsoft Teams/ALIM_TABLE_SF_sauv_body_V3.sql";"item";"Champ Created refuse : Vous devez spécifier une date valide comprise entre 01/01/1900 et 31/12/8900."
"2026-09-17T14:01:35.1224548Z";"fethy.faradji@infopro-digital.com -> UserMercury@infopro-digital.com";"Fichiers de conversation Microsoft Teams/ALIM_TABLE_SF_sauv_spec_V3.sql";"item";"Champ Created refuse : Vous devez spécifier une date valide comprise entre 01/01/1900 et 31/12/8900."
"2026-09-17T14:01:35.8148832Z";"fethy.faradji@infopro-digital.com -> UserMercury@infopro-digital.com";"Fichiers de conversation Microsoft Teams/AlIM_TABLE_SF_spec.sql";"item";"Champ Created refuse : Vous devez spécifier une date valide comprise entre 01/01/1900 et 31/12/8900."
"2026-09-17T14:01:36.5677294Z";"fethy.faradji@infopro-digital.com -> UserMercury@infopro-digital.com";"Fichiers de conversation Microsoft Teams/ALTER TABLE [dbo].[PUB_PUBLICATIONS_DEMAT].sql";"item";"Champ Created refuse : Vous devez spécifier une date valide comprise entre 01/01/1900 et 31/12/8900."
"2026-09-17T14:01:38.5613104Z";"fethy.faradji@infopro-digital.com -> UserMercury@infopro-digital.com";"Fichiers de conversation Microsoft Teams/Analyse SIM vs SF - 20241107 2.xlsx";"item";"Champ Created refuse : Vous devez spécifier une date valide comprise entre 01/01/1900 et 31/12/8900."
"2026-09-17T14:01:39.2128990Z";"fethy.faradji@infopro-digital.com -> UserMercury@infopro-digital.com";"Fichiers de conversation Microsoft Teams/analyse siret SIM VS SF 1.xlsx";"item";"Champ Created refuse : Vous devez spécifier une date valide comprise entre 01/01/1900 et 31/12/8900."
"2026-09-17T14:01:40.2833801Z";"fethy.faradji@infopro-digital.com -> UserMercury@infopro-digital.com";"Fichiers de conversation Microsoft Teams/analyse siret SIM VS SF.xlsx";"item";"Mapping manquant pour marc.crauffon@infopro-digital.com dans user_mapping.csv."
"2026-09-17T14:01:40.4240031Z";"fethy.faradji@infopro-digital.com -> UserMercury@infopro-digital.com";"Fichiers de conversation Microsoft Teams/analyse_partenariat.xlsx";"item";"Transfert interrompu a issue inconnue. Verifier la derniere version cible avant de reparer le checkpoint (voir notice)."
"2026-09-17T14:01:41.2709212Z";"fethy.faradji@infopro-digital.com -> UserMercury@infopro-digital.com";"Fichiers de conversation Microsoft Teams/Analyses Factures Packs 2024-11-26 _retour.xlsx";"item";"Champ Created refuse : Vous devez spécifier une date valide comprise entre 01/01/1900 et 31/12/8900."
"2026-09-17T14:01:42.1503179Z";"fethy.faradji@infopro-digital.com -> UserMercury@infopro-digital.com";"Fichiers de conversation Microsoft Teams/AnalyseSF_20240809_v2.xlsx";"item";"Champ Created refuse : Vous devez spécifier une date valide comprise entre 01/01/1900 et 31/12/8900."
"2026-09-17T14:01:42.7993042Z";"fethy.faradji@infopro-digital.com -> UserMercury@infopro-digital.com";"Fichiers de conversation Microsoft Teams/AO_8949863-1.xml";"item";"Champ Created refuse : Vous devez spécifier une date valide comprise entre 01/01/1900 et 31/12/8900."
"2026-09-17T14:01:43.5024283Z";"fethy.faradji@infopro-digital.com -> UserMercury@infopro-digital.com";"Fichiers de conversation Microsoft Teams/AO_AM_20240220 1.xlsx";"item";"Champ Created refuse : Vous devez spécifier une date valide comprise entre 01/01/1900 et 31/12/8900."
"2026-09-17T14:01:44.2608496Z";"fethy.faradji@infopro-digital.com -> UserMercury@infopro-digital.com";"Fichiers de conversation Microsoft Teams/AO_AM_20240220 2.xlsx";"item";"Champ Created refuse : Vous devez spécifier une date valide comprise entre 01/01/1900 et 31/12/8900."
"2026-09-17T14:01:44.3858515Z";"fethy.faradji@infopro-digital.com -> UserMercury@infopro-digital.com";"Fichiers de conversation Microsoft Teams/AO_AM_20240220 3.xlsx";"item";"Transfert interrompu a issue inconnue. Verifier la derniere version cible avant de reparer le checkpoint (voir notice)."
"2026-09-17T14:01:45.2221778Z";"fethy.faradji@infopro-digital.com -> UserMercury@infopro-digital.com";"Fichiers de conversation Microsoft Teams/AO_AM_20240220.xlsx";"item";"Champ Created refuse : Vous devez spécifier une date valide comprise entre 01/01/1900 et 31/12/8900."
"2026-09-17T14:01:45.9713033Z";"fethy.faradji@infopro-digital.com -> UserMercury@infopro-digital.com";"Fichiers de conversation Microsoft Teams/AO_AM_20240220_2.xlsx";"item";"Champ Created refuse : Vous devez spécifier une date valide comprise entre 01/01/1900 et 31/12/8900."
"2026-09-17T14:01:46.6789835Z";"fethy.faradji@infopro-digital.com -> UserMercury@infopro-digital.com";"Fichiers de conversation Microsoft Teams/AO_AM_20240221 1.xlsx";"item";"Champ Created refuse : Vous devez spécifier une date valide comprise entre 01/01/1900 et 31/12/8900."
"2026-09-17T14:01:47.3525750Z";"fethy.faradji@infopro-digital.com -> UserMercury@infopro-digital.com";"Fichiers de conversation Microsoft Teams/AO_AM_20240221.xlsx";"item";"Champ Created refuse : Vous devez spécifier une date valide comprise entre 01/01/1900 et 31/12/8900."
"2026-09-17T14:01:47.4932013Z";"fethy.faradji@infopro-digital.com -> UserMercury@infopro-digital.com";"Fichiers de conversation Microsoft Teams/AO_AM_20240221_2 1.xlsx";"item";"Transfert interrompu a issue inconnue. Verifier la derniere version cible avant de reparer le checkpoint (voir notice)."
"2026-09-17T14:01:47.6154170Z";"fethy.faradji@infopro-digital.com -> UserMercury@infopro-digital.com";"Fichiers de conversation Microsoft Teams/AO_AM_20240221_2.xlsx";"item";"Transfert interrompu a issue inconnue. Verifier la derniere version cible avant de reparer le checkpoint (voir notice)."
"2026-09-17T14:01:48.4908228Z";"fethy.faradji@infopro-digital.com -> UserMercury@infopro-digital.com";"Fichiers de conversation Microsoft Teams/AO_AM_PUB_03-12-2021.xls";"item";"Champ Created refuse : Vous devez spécifier une date valide comprise entre 01/01/1900 et 31/12/8900."
"2026-09-17T14:01:49.1606481Z";"fethy.faradji@infopro-digital.com -> UserMercury@infopro-digital.com";"Fichiers de conversation Microsoft Teams/AO_AM_PUB_gratuit_03-12-2021.xls";"item";"Champ Created refuse : Vous devez spécifier une date valide comprise entre 01/01/1900 et 31/12/8900."
"2026-09-17T14:01:49.9714386Z";"fethy.faradji@infopro-digital.com -> UserMercury@infopro-digital.com";"Fichiers de conversation Microsoft Teams/AO_AM_PUB_payant_03-12-2021.xls";"item";"Champ Created refuse : Vous devez spécifier une date valide comprise entre 01/01/1900 et 31/12/8900."
"2026-09-17T14:01:50.6778726Z";"fethy.faradji@infopro-digital.com -> UserMercury@infopro-digital.com";"Fichiers de conversation Microsoft Teams/AO_AM_PUB_payant_03-12-2021-2.xls";"item";"Champ Created refuse : Vous devez spécifier une date valide comprise entre 01/01/1900 et 31/12/8900."
"2026-09-17T14:01:50.8307357Z";"fethy.faradji@infopro-digital.com -> UserMercury@infopro-digital.com";"Fichiers de conversation Microsoft Teams/Appel avec Dream teams _ Microsoft Teams 2021-04-14 09-45-34.mp4";"item";"Cible modifiee depuis le checkpoint : conflit a examiner, aucun ecrasement automatique."
"2026-09-17T14:01:50.9557365Z";"fethy.faradji@infopro-digital.com -> UserMercury@infopro-digital.com";"Fichiers de conversation Microsoft Teams/Architecture_globale.pptx";"item";"Transfert interrompu a issue inconnue. Verifier la derniere version cible avant de reparer le checkpoint (voir notice)."
"2026-09-17T14:01:51.2682392Z";"fethy.faradji@infopro-digital.com -> UserMercury@infopro-digital.com";"Fichiers de conversation Microsoft Teams/ATTESTATION SUR L HONNEUR TELETRAVAIL.docx";"item";"Transfert interrompu a issue inconnue. Verifier la derniere version cible avant de reparer le checkpoint (voir notice)."
"2026-09-17T14:01:52.2586005Z";"fethy.faradji@infopro-digital.com -> UserMercury@infopro-digital.com";"Fichiers de conversation Microsoft Teams/AttunitySSISTeraAdaptersSetupX64.msi";"item";"Champ Created refuse : Vous devez spécifier une date valide comprise entre 01/01/1900 et 31/12/8900."
"2026-09-17T14:01:52.9247286Z";"fethy.faradji@infopro-digital.com -> UserMercury@infopro-digital.com";"Fichiers de conversation Microsoft Teams/avis.csv";"item";"Champ Created refuse : Vous devez spécifier une date valide comprise entre 01/01/1900 et 31/12/8900."
"2026-09-17T14:01:53.6010041Z";"fethy.faradji@infopro-digital.com -> UserMercury@infopro-digital.com";"Fichiers de conversation Microsoft Teams/avis.xlsx";"item";"Champ Created refuse : Vous devez spécifier une date valide comprise entre 01/01/1900 et 31/12/8900."
"2026-09-17T14:01:54.4120912Z";"fethy.faradji@infopro-digital.com -> UserMercury@infopro-digital.com";"Fichiers de conversation Microsoft Teams/avis__c 1.csv";"item";"Champ Created refuse : Vous devez spécifier une date valide comprise entre 01/01/1900 et 31/12/8900."
"2026-09-17T14:01:55.1116457Z";"fethy.faradji@infopro-digital.com -> UserMercury@infopro-digital.com";"Fichiers de conversation Microsoft Teams/avis__c.csv";"item";"Champ Created refuse : Vous devez spécifier une date valide comprise entre 01/01/1900 et 31/12/8900."
"2026-09-17T14:01:55.2522656Z";"fethy.faradji@infopro-digital.com -> UserMercury@infopro-digital.com";"Fichiers de conversation Microsoft Teams/Avis__c_mep_20230920.xlsx";"item";"Transfert interrompu a issue inconnue. Verifier la derniere version cible avant de reparer le checkpoint (voir notice)."
"2026-09-17T14:01:56.3928007Z";"fethy.faradji@infopro-digital.com -> UserMercury@infopro-digital.com";"Fichiers de conversation Microsoft Teams/Avis__c_prod3.xlsx";"item";"Mapping manquant pour sophie.ferreira@infopro-digital.com dans user_mapping.csv."
"2026-09-17T14:01:57.2538138Z";"fethy.faradji@infopro-digital.com -> UserMercury@infopro-digital.com";"Fichiers de conversation Microsoft Teams/avis__c_R.csv";"item";"Champ Created refuse : Vous devez spécifier une date valide comprise entre 01/01/1900 et 31/12/8900."
"2026-09-17T14:01:57.9438991Z";"fethy.faradji@infopro-digital.com -> UserMercury@infopro-digital.com";"Fichiers de conversation Microsoft Teams/avis_a_supprimé.csv";"item";"Champ Created refuse : Vous devez spécifier une date valide comprise entre 01/01/1900 et 31/12/8900."
"2026-09-17T14:01:58.5838671Z";"fethy.faradji@infopro-digital.com -> UserMercury@infopro-digital.com";"Fichiers de conversation Microsoft Teams/avis_lot_1.csv";"item";"Champ Created refuse : Vous devez spécifier une date valide comprise entre 01/01/1900 et 31/12/8900."
"2026-09-17T14:01:59.2700799Z";"fethy.faradji@infopro-digital.com -> UserMercury@infopro-digital.com";"Fichiers de conversation Microsoft Teams/avis_lot_2.csv";"item";"Champ Created refuse : Vous devez spécifier une date valide comprise entre 01/01/1900 et 31/12/8900."
"2026-09-17T14:02:00.0353722Z";"fethy.faradji@infopro-digital.com -> UserMercury@infopro-digital.com";"Fichiers de conversation Microsoft Teams/avis_manquant.xlsx";"item";"Mapping manquant pour sophie.ferreira@infopro-digital.com dans user_mapping.csv."
"2026-09-17T14:02:00.7096629Z";"fethy.faradji@infopro-digital.com -> UserMercury@infopro-digital.com";"Fichiers de conversation Microsoft Teams/avis_sauv20240628.csv";"item";"Champ Created refuse : Vous devez spécifier une date valide comprise entre 01/01/1900 et 31/12/8900."
"2026-09-17T14:02:00.8301420Z";"fethy.faradji@infopro-digital.com -> UserMercury@infopro-digital.com";"Fichiers de conversation Microsoft Teams/Avis_SF.xlsx";"item";"Transfert interrompu a issue inconnue. Verifier la derniere version cible avant de reparer le checkpoint (voir notice)."
"2026-09-17T14:02:01.6814923Z";"fethy.faradji@infopro-digital.com -> UserMercury@infopro-digital.com";"Fichiers de conversation Microsoft Teams/AVIS_SF_02.xlsx";"item";"Champ Created refuse : Vous devez spécifier une date valide comprise entre 01/01/1900 et 31/12/8900."
"2026-09-17T14:02:02.4559850Z";"fethy.faradji@infopro-digital.com -> UserMercury@infopro-digital.com";"Fichiers de conversation Microsoft Teams/AVIS_SF_03.xlsx";"item";"Champ Created refuse : Vous devez spécifier une date valide comprise entre 01/01/1900 et 31/12/8900."
"2026-09-17T14:02:03.1113363Z";"fethy.faradji@infopro-digital.com -> UserMercury@infopro-digital.com";"Fichiers de conversation Microsoft Teams/AVIS_SF_04.xlsx";"item";"Champ Created refuse : Vous devez spécifier une date valide comprise entre 01/01/1900 et 31/12/8900."
"2026-09-17T14:02:03.9113233Z";"fethy.faradji@infopro-digital.com -> UserMercury@infopro-digital.com";"Fichiers de conversation Microsoft Teams/AVIS_SF_05.xlsx";"item";"Champ Created refuse : Vous devez spécifier une date valide comprise entre 01/01/1900 et 31/12/8900."
"2026-09-17T14:02:04.7103510Z";"fethy.faradji@infopro-digital.com -> UserMercury@infopro-digital.com";"Fichiers de conversation Microsoft Teams/AVIS_SF_06.xlsx";"item";"Champ Created refuse : Vous devez spécifier une date valide comprise entre 01/01/1900 et 31/12/8900."
"2026-09-17T14:02:05.9715861Z";"fethy.faradji@infopro-digital.com -> UserMercury@infopro-digital.com";"Fichiers de conversation Microsoft Teams/AVIS_SF_08.xlsx";"item";"Champ Created refuse : Vous devez spécifier une date valide comprise entre 01/01/1900 et 31/12/8900."
"2026-09-17T14:02:06.6633133Z";"fethy.faradji@infopro-digital.com -> UserMercury@infopro-digital.com";"Fichiers de conversation Microsoft Teams/AVIS_SF_09.xlsx";"item";"Champ Created refuse : Vous devez spécifier une date valide comprise entre 01/01/1900 et 31/12/8900."
"2026-09-17T14:02:07.3314231Z";"fethy.faradji@infopro-digital.com -> UserMercury@infopro-digital.com";"Fichiers de conversation Microsoft Teams/AVIS_SF_10.xlsx";"item";"Champ Created refuse : Vous devez spécifier une date valide comprise entre 01/01/1900 et 31/12/8900."
"2026-09-17T14:02:08.1125158Z";"fethy.faradji@infopro-digital.com -> UserMercury@infopro-digital.com";"Fichiers de conversation Microsoft Teams/avis_sf_prod.xlsx";"item";"Champ Created refuse : Vous devez spécifier une date valide comprise entre 01/01/1900 et 31/12/8900."
"2026-09-17T14:02:08.8202119Z";"fethy.faradji@infopro-digital.com -> UserMercury@infopro-digital.com";"Fichiers de conversation Microsoft Teams/AvisModel.cs";"item";"Champ Created refuse : Vous devez spécifier une date valide comprise entre 01/01/1900 et 31/12/8900."
"2026-09-17T14:02:08.9764592Z";"fethy.faradji@infopro-digital.com -> UserMercury@infopro-digital.com";"Fichiers de conversation Microsoft Teams/AvisParStatut (1) vérifiés.xlsx";"item";"Transfert interrompu a issue inconnue. Verifier la derniere version cible avant de reparer le checkpoint (voir notice)."
"2026-09-17T14:02:09.1170897Z";"fethy.faradji@infopro-digital.com -> UserMercury@infopro-digital.com";"Fichiers de conversation Microsoft Teams/AvisParStatut (11).xlsx";"item";"Transfert interrompu a issue inconnue. Verifier la derniere version cible avant de reparer le checkpoint (voir notice)."
"2026-09-17T14:02:09.3514650Z";"fethy.faradji@infopro-digital.com -> UserMercury@infopro-digital.com";"Fichiers de conversation Microsoft Teams/avis-sans-texte.xlsx";"item";"Transfert interrompu a issue inconnue. Verifier la derniere version cible avant de reparer le checkpoint (voir notice)."
"2026-09-17T14:02:10.0651765Z";"fethy.faradji@infopro-digital.com -> UserMercury@infopro-digital.com";"Fichiers de conversation Microsoft Teams/avisSimplifie_AOPUB.xsl";"item";"Champ Created refuse : Vous devez spécifier une date valide comprise entre 01/01/1900 et 31/12/8900."
"2026-09-17T14:02:10.7843163Z";"fethy.faradji@infopro-digital.com -> UserMercury@infopro-digital.com";"Fichiers de conversation Microsoft Teams/avisSimplifie_xslTEXTEIM.xsl";"item";"Champ Created refuse : Vous devez spécifier une date valide comprise entre 01/01/1900 et 31/12/8900."
"2026-09-17T14:02:10.9093158Z";"fethy.faradji@infopro-digital.com -> UserMercury@infopro-digital.com";"Fichiers de conversation Microsoft Teams/b44e2b7c-45c1-46e6-8be9-f32e2123e102.jpg";"item";"Cible modifiee depuis le checkpoint : conflit a examiner, aucun ecrasement automatique."
"2026-09-17T14:02:11.6028127Z";"fethy.faradji@infopro-digital.com -> UserMercury@infopro-digital.com";"Fichiers de conversation Microsoft Teams/beebol_Fethi.csv";"item";"Champ Created refuse : Vous devez spécifier une date valide comprise entre 01/01/1900 et 31/12/8900."
"2026-09-17T14:02:12.3146051Z";"fethy.faradji@infopro-digital.com -> UserMercury@infopro-digital.com";"Fichiers de conversation Microsoft Teams/BIM_SF.7z";"item";"Champ Created refuse : Vous devez spécifier une date valide comprise entre 01/01/1900 et 31/12/8900."
"2026-09-17T14:02:12.5878465Z";"fethy.faradji@infopro-digital.com -> UserMercury@infopro-digital.com";"Fichiers de conversation Microsoft Teams/BIM_SF.ispac";"item";"Transfert interrompu a issue inconnue. Verifier la derniere version cible avant de reparer le checkpoint (voir notice)."
"2026-09-17T14:02:12.7128569Z";"fethy.faradji@infopro-digital.com -> UserMercury@infopro-digital.com";"Fichiers de conversation Microsoft Teams/BIM_SF.zip";"item";"Transfert interrompu a issue inconnue. Verifier la derniere version cible avant de reparer le checkpoint (voir notice)."
"2026-09-17T14:02:12.9150888Z";"fethy.faradji@infopro-digital.com -> UserMercury@infopro-digital.com";"Fichiers de conversation Microsoft Teams/BIM_SSIS  - 27-07.7z";"item";"Transfert interrompu a issue inconnue. Verifier la derniere version cible avant de reparer le checkpoint (voir notice)."
"2026-09-17T14:02:13.1807158Z";"fethy.faradji@infopro-digital.com -> UserMercury@infopro-digital.com";"Fichiers de conversation Microsoft Teams/BIM_SSIS - Microsoft Visual Studio (Administrateur) 2022-06-28 14-11-52.mp4";"item";"Cible modifiee depuis le checkpoint : conflit a examiner, aucun ecrasement automatique."
"2026-09-17T14:02:13.3057294Z";"fethy.faradji@infopro-digital.com -> UserMercury@infopro-digital.com";"Fichiers de conversation Microsoft Teams/BIM_SSIS - Microsoft Visual Studio (Administrateur) 2022-06-28 14-20-19.mp4";"item";"Cible modifiee depuis le checkpoint : conflit a examiner, aucun ecrasement automatique."
"2026-09-17T14:02:13.4463405Z";"fethy.faradji@infopro-digital.com -> UserMercury@infopro-digital.com";"Fichiers de conversation Microsoft Teams/BIM_SSIS - Microsoft Visual Studio (Administrateur) 2022-06-28 14-20-21.mp4";"item";"Cible modifiee depuis le checkpoint : conflit a examiner, aucun ecrasement automatique."
"2026-09-17T14:02:14.1572152Z";"fethy.faradji@infopro-digital.com -> UserMercury@infopro-digital.com";"Fichiers de conversation Microsoft Teams/BIM_SSIS 1.ispac";"item";"Champ Created refuse : Vous devez spécifier une date valide comprise entre 01/01/1900 et 31/12/8900."
"2026-09-17T14:02:14.8316240Z";"fethy.faradji@infopro-digital.com -> UserMercury@infopro-digital.com";"Fichiers de conversation Microsoft Teams/BIM_SSIS 10.ispac";"item";"Champ Created refuse : Vous devez spécifier une date valide comprise entre 01/01/1900 et 31/12/8900."
"2026-09-17T14:02:15.5855028Z";"fethy.faradji@infopro-digital.com -> UserMercury@infopro-digital.com";"Fichiers de conversation Microsoft Teams/BIM_SSIS 2.ispac";"item";"Champ Created refuse : Vous devez spécifier une date valide comprise entre 01/01/1900 et 31/12/8900."
"2026-09-17T14:02:16.3002102Z";"fethy.faradji@infopro-digital.com -> UserMercury@infopro-digital.com";"Fichiers de conversation Microsoft Teams/BIM_SSIS -20230120.zip";"item";"Champ Created refuse : Vous devez spécifier une date valide comprise entre 01/01/1900 et 31/12/8900."
"2026-09-17T14:02:16.9824108Z";"fethy.faradji@infopro-digital.com -> UserMercury@infopro-digital.com";"Fichiers de conversation Microsoft Teams/BIM_SSIS 3.ispac";"item";"Champ Created refuse : Vous devez spécifier une date valide comprise entre 01/01/1900 et 31/12/8900."
"2026-09-17T14:02:17.6693531Z";"fethy.faradji@infopro-digital.com -> UserMercury@infopro-digital.com";"Fichiers de conversation Microsoft Teams/BIM_SSIS 4.ispac";"item";"Champ Created refuse : Vous devez spécifier une date valide comprise entre 01/01/1900 et 31/12/8900."
"2026-09-17T14:02:18.2937742Z";"fethy.faradji@infopro-digital.com -> UserMercury@infopro-digital.com";"Fichiers de conversation Microsoft Teams/BIM_SSIS 5.ispac";"item";"Champ Created refuse : Vous devez spécifier une date valide comprise entre 01/01/1900 et 31/12/8900."
"2026-09-17T14:02:19.0210600Z";"fethy.faradji@infopro-digital.com -> UserMercury@infopro-digital.com";"Fichiers de conversation Microsoft Teams/BIM_SSIS 6.ispac";"item";"Champ Created refuse : Vous devez spécifier une date valide comprise entre 01/01/1900 et 31/12/8900."
"2026-09-17T14:02:19.8655291Z";"fethy.faradji@infopro-digital.com -> UserMercury@infopro-digital.com";"Fichiers de conversation Microsoft Teams/BIM_SSIS 7.ispac";"item";"Champ Created refuse : Vous devez spécifier une date valide comprise entre 01/01/1900 et 31/12/8900."
"2026-09-17T14:02:20.6348066Z";"fethy.faradji@infopro-digital.com -> UserMercury@infopro-digital.com";"Fichiers de conversation Microsoft Teams/BIM_SSIS 8.ispac";"item";"Champ Created refuse : Vous devez spécifier une date valide comprise entre 01/01/1900 et 31/12/8900."
"2026-09-17T14:02:21.3460660Z";"fethy.faradji@infopro-digital.com -> UserMercury@infopro-digital.com";"Fichiers de conversation Microsoft Teams/BIM_SSIS 9.ispac";"item";"Champ Created refuse : Vous devez spécifier une date valide comprise entre 01/01/1900 et 31/12/8900."
"2026-09-17T14:02:21.9948862Z";"fethy.faradji@infopro-digital.com -> UserMercury@infopro-digital.com";"Fichiers de conversation Microsoft Teams/BIM_SSIS.7z";"item";"Champ Created refuse : Vous devez spécifier une date valide comprise entre 01/01/1900 et 31/12/8900."
"2026-09-17T14:02:22.2136422Z";"fethy.faradji@infopro-digital.com -> UserMercury@infopro-digital.com";"Fichiers de conversation Microsoft Teams/BIM_SSIS.ispac";"item";"Transfert interrompu a issue inconnue. Verifier la derniere version cible avant de reparer le checkpoint (voir notice)."
"2026-09-17T14:02:22.3386427Z";"fethy.faradji@infopro-digital.com -> UserMercury@infopro-digital.com";"Fichiers de conversation Microsoft Teams/BIM_SSIS.zip";"item";"Transfert interrompu a issue inconnue. Verifier la derniere version cible avant de reparer le checkpoint (voir notice)."
"2026-09-17T14:02:23.0180029Z";"fethy.faradji@infopro-digital.com -> UserMercury@infopro-digital.com";"Fichiers de conversation Microsoft Teams/BIM_SSIS_NPUB.ispac";"item";"Champ Created refuse : Vous devez spécifier une date valide comprise entre 01/01/1900 et 31/12/8900."
"2026-09-17T14:02:23.6752320Z";"fethy.faradji@infopro-digital.com -> UserMercury@infopro-digital.com";"Fichiers de conversation Microsoft Teams/BIM_SSIS_sans_CLG_Recettte.zip";"item";"Champ Created refuse : Vous devez spécifier une date valide comprise entre 01/01/1900 et 31/12/8900."
"2026-09-17T14:02:24.4090759Z";"fethy.faradji@infopro-digital.com -> UserMercury@infopro-digital.com";"Fichiers de conversation Microsoft Teams/BIM-semaine de publications.docx";"item";"Champ Created refuse : Vous devez spécifier une date valide comprise entre 01/01/1900 et 31/12/8900."
"2026-09-17T14:02:25.1597260Z";"fethy.faradji@infopro-digital.com -> UserMercury@infopro-digital.com";"Fichiers de conversation Microsoft Teams/BOAMP.zip";"item";"Champ Created refuse : Vous devez spécifier une date valide comprise entre 01/01/1900 et 31/12/8900."
"2026-09-17T14:02:25.2847250Z";"fethy.faradji@infopro-digital.com -> UserMercury@infopro-digital.com";"Fichiers de conversation Microsoft Teams/Budget Azure-M365 2026.xlsx";"item";"Transfert interrompu a issue inconnue. Verifier la derniere version cible avant de reparer le checkpoint (voir notice)."
"2026-09-17T14:02:26.0179187Z";"fethy.faradji@infopro-digital.com -> UserMercury@infopro-digital.com";"Fichiers de conversation Microsoft Teams/C2022A2202075.PDF";"item";"Champ Created refuse : Vous devez spécifier une date valide comprise entre 01/01/1900 et 31/12/8900."
"2026-09-17T14:02:26.1741737Z";"fethy.faradji@infopro-digital.com -> UserMercury@infopro-digital.com";"Fichiers de conversation Microsoft Teams/c764f368-3e74-4510-a9ed-d3125b8166ce 1.jpg";"item";"Cible modifiee depuis le checkpoint : conflit a examiner, aucun ecrasement automatique."
"2026-09-17T14:02:26.3147998Z";"fethy.faradji@infopro-digital.com -> UserMercury@infopro-digital.com";"Fichiers de conversation Microsoft Teams/c764f368-3e74-4510-a9ed-d3125b8166ce.jpg";"item";"Cible modifiee depuis le checkpoint : conflit a examiner, aucun ecrasement automatique."
"2026-09-17T14:02:26.4710463Z";"fethy.faradji@infopro-digital.com -> UserMercury@infopro-digital.com";"Fichiers de conversation Microsoft Teams/ca_print.xlsx";"item";"Transfert interrompu a issue inconnue. Verifier la derniere version cible avant de reparer le checkpoint (voir notice)."
"2026-09-17T14:02:27.3060360Z";"fethy.faradji@infopro-digital.com -> UserMercury@infopro-digital.com";"Fichiers de conversation Microsoft Teams/Candidats-Retrait-Licence-PowerBI10.csv";"item";"Champ Created refuse : Vous devez spécifier une date valide comprise entre 01/01/1900 et 31/12/8900."
"2026-09-17T14:02:28.0059151Z";"fethy.faradji@infopro-digital.com -> UserMercury@infopro-digital.com";"Fichiers de conversation Microsoft Teams/Candidats-Retrait-Licence-PowerBI7.csv";"item";"Champ Created refuse : Vous devez spécifier une date valide comprise entre 01/01/1900 et 31/12/8900."
"2026-09-17T14:02:28.1621660Z";"fethy.faradji@infopro-digital.com -> UserMercury@infopro-digital.com";"Fichiers de conversation Microsoft Teams/champs_sf.xlsx";"item";"Transfert interrompu a issue inconnue. Verifier la derniere version cible avant de reparer le checkpoint (voir notice)."
"2026-09-17T14:02:28.2715417Z";"fethy.faradji@infopro-digital.com -> UserMercury@infopro-digital.com";"Fichiers de conversation Microsoft Teams/ChatGPT Image 8 oct. 2025, 10_04_48.png";"item";"Cible modifiee depuis le checkpoint : conflit a examiner, aucun ecrasement automatique."
"2026-09-17T14:02:29.0983174Z";"fethy.faradji@infopro-digital.com -> UserMercury@infopro-digital.com";"Fichiers de conversation Microsoft Teams/Classeur2.xlsx";"item";"Champ Created refuse : Vous devez spécifier une date valide comprise entre 01/01/1900 et 31/12/8900."
"2026-09-17T14:02:29.2339205Z";"fethy.faradji@infopro-digital.com -> UserMercury@infopro-digital.com";"Fichiers de conversation Microsoft Teams/Classeur5.xlsx";"item";"Transfert interrompu a issue inconnue. Verifier la derniere version cible avant de reparer le checkpoint (voir notice)."
"2026-09-17T14:02:29.8671510Z";"fethy.faradji@infopro-digital.com -> UserMercury@infopro-digital.com";"Fichiers de conversation Microsoft Teams/clpersovba.pdf";"item";"Champ Created refuse : Vous devez spécifier une date valide comprise entre 01/01/1900 et 31/12/8900."
"2026-09-17T14:02:30.5706131Z";"fethy.faradji@infopro-digital.com -> UserMercury@infopro-digital.com";"Fichiers de conversation Microsoft Teams/codekw.xsl";"item";"Champ Created refuse : Vous devez spécifier une date valide comprise entre 01/01/1900 et 31/12/8900."
"2026-09-17T14:02:31.2366353Z";"fethy.faradji@infopro-digital.com -> UserMercury@infopro-digital.com";"Fichiers de conversation Microsoft Teams/comparaison avant apres noannonce.xlsx";"item";"Champ Created refuse : Vous devez spécifier une date valide comprise entre 01/01/1900 et 31/12/8900."
"2026-09-17T14:02:31.4241362Z";"fethy.faradji@infopro-digital.com -> UserMercury@infopro-digital.com";"Fichiers de conversation Microsoft Teams/comparaison poc_prod.xlsx";"item";"Transfert interrompu a issue inconnue. Verifier la derniere version cible avant de reparer le checkpoint (voir notice)."
"2026-09-17T14:02:31.5491395Z";"fethy.faradji@infopro-digital.com -> UserMercury@infopro-digital.com";"Fichiers de conversation Microsoft Teams/comparatif_sim_sf.xlsx";"item";"Transfert interrompu a issue inconnue. Verifier la derniere version cible avant de reparer le checkpoint (voir notice)."
"2026-09-17T14:02:32.3293064Z";"fethy.faradji@infopro-digital.com -> UserMercury@infopro-digital.com";"Fichiers de conversation Microsoft Teams/compte créer dans sim depuis le 09-02-2024.xlsx";"item";"Champ Created refuse : Vous devez spécifier une date valide comprise entre 01/01/1900 et 31/12/8900."
"2026-09-17T14:02:32.4699308Z";"fethy.faradji@infopro-digital.com -> UserMercury@infopro-digital.com";"Fichiers de conversation Microsoft Teams/compte_a_mettre_a_jour.xlsx";"item";"Transfert interrompu a issue inconnue. Verifier la derniere version cible avant de reparer le checkpoint (voir notice)."
"2026-09-17T14:02:33.6008127Z";"fethy.faradji@infopro-digital.com -> UserMercury@infopro-digital.com";"Fichiers de conversation Microsoft Teams/compte_créer_directement_dans_SIMxlsx.xlsx";"item";"Champ Created refuse : Vous devez spécifier une date valide comprise entre 01/01/1900 et 31/12/8900."
"2026-09-17T14:02:34.2711454Z";"fethy.faradji@infopro-digital.com -> UserMercury@infopro-digital.com";"Fichiers de conversation Microsoft Teams/compte_prod_delta_20231016.xlsx";"item";"Champ Created refuse : Vous devez spécifier une date valide comprise entre 01/01/1900 et 31/12/8900."
"2026-09-17T14:02:34.3961465Z";"fethy.faradji@infopro-digital.com -> UserMercury@infopro-digital.com";"Fichiers de conversation Microsoft Teams/compte_sans_siret.xlsx";"item";"Transfert interrompu a issue inconnue. Verifier la derniere version cible avant de reparer le checkpoint (voir notice)."
"2026-09-17T14:02:35.1086946Z";"fethy.faradji@infopro-digital.com -> UserMercury@infopro-digital.com";"Fichiers de conversation Microsoft Teams/Contact_delta.xlsx";"item";"Champ Created refuse : Vous devez spécifier une date valide comprise entre 01/01/1900 et 31/12/8900."
"2026-09-17T14:02:35.2336940Z";"fethy.faradji@infopro-digital.com -> UserMercury@infopro-digital.com";"Fichiers de conversation Microsoft Teams/Contact_PROD_V3.1.xlsx";"item";"Transfert interrompu a issue inconnue. Verifier la derniere version cible avant de reparer le checkpoint (voir notice)."
"2026-09-17T14:02:36.0178210Z";"fethy.faradji@infopro-digital.com -> UserMercury@infopro-digital.com";"Fichiers de conversation Microsoft Teams/Contact_PROD_V3.xlsx";"item";"Champ Created refuse : Vous devez spécifier une date valide comprise entre 01/01/1900 et 31/12/8900."
"2026-09-17T14:02:36.1584500Z";"fethy.faradji@infopro-digital.com -> UserMercury@infopro-digital.com";"Fichiers de conversation Microsoft Teams/Contact_prod_v99xlsx.xlsx";"item";"Transfert interrompu a issue inconnue. Verifier la derniere version cible avant de reparer le checkpoint (voir notice)."
"2026-09-17T14:02:36.3147014Z";"fethy.faradji@infopro-digital.com -> UserMercury@infopro-digital.com";"Fichiers de conversation Microsoft Teams/contacts_delta.xlsx";"item";"Transfert interrompu a issue inconnue. Verifier la derniere version cible avant de reparer le checkpoint (voir notice)."
"2026-09-17T14:02:37.0119567Z";"fethy.faradji@infopro-digital.com -> UserMercury@infopro-digital.com";"Fichiers de conversation Microsoft Teams/contacts_multicomptes.txt";"item";"Champ Created refuse : Vous devez spécifier une date valide comprise entre 01/01/1900 et 31/12/8900."
"2026-09-17T14:02:37.1369573Z";"fethy.faradji@infopro-digital.com -> UserMercury@infopro-digital.com";"Fichiers de conversation Microsoft Teams/Contrat_pack_the_last_one 1.xlsx";"item";"Transfert interrompu a issue inconnue. Verifier la derniere version cible avant de reparer le checkpoint (voir notice)."
"2026-09-17T14:02:38.0442584Z";"fethy.faradji@infopro-digital.com -> UserMercury@infopro-digital.com";"Fichiers de conversation Microsoft Teams/Contrat_pack_the_last_one.xlsx";"item";"Champ Created refuse : Vous devez spécifier une date valide comprise entre 01/01/1900 et 31/12/8900."
"2026-09-17T14:02:38.8663008Z";"fethy.faradji@infopro-digital.com -> UserMercury@infopro-digital.com";"Fichiers de conversation Microsoft Teams/controle_trigger_intervenant.sql";"item";"Champ Created refuse : Vous devez spécifier une date valide comprise entre 01/01/1900 et 31/12/8900."
"2026-09-17T14:02:40.7100782Z";"fethy.faradji@infopro-digital.com -> UserMercury@infopro-digital.com";"Fichiers de conversation Microsoft Teams/Copie de publications_brute.xlsx";"item";"Champ Created refuse : Vous devez spécifier une date valide comprise entre 01/01/1900 et 31/12/8900."
"2026-09-17T14:02:41.5856894Z";"fethy.faradji@infopro-digital.com -> UserMercury@infopro-digital.com";"Fichiers de conversation Microsoft Teams/copie_de_fichier.ps1.txt";"item";"Champ Created refuse : Vous devez spécifier une date valide comprise entre 01/01/1900 et 31/12/8900."
"2026-09-17T14:02:42.2452757Z";"fethy.faradji@infopro-digital.com -> UserMercury@infopro-digital.com";"Fichiers de conversation Microsoft Teams/CopieOneDrive3.ps1";"item";"Champ Created refuse : Vous devez spécifier une date valide comprise entre 01/01/1900 et 31/12/8900."
"2026-09-17T14:02:43.0180884Z";"fethy.faradji@infopro-digital.com -> UserMercury@infopro-digital.com";"Fichiers de conversation Microsoft Teams/corespondance FNS-FNSIMPLE.zip";"item";"Champ Created refuse : Vous devez spécifier une date valide comprise entre 01/01/1900 et 31/12/8900."
"2026-09-17T14:02:43.8175069Z";"fethy.faradji@infopro-digital.com -> UserMercury@infopro-digital.com";"Fichiers de conversation Microsoft Teams/correction_semaine.sql";"item";"Champ Created refuse : Vous devez spécifier une date valide comprise entre 01/01/1900 et 31/12/8900."
"2026-09-17T14:02:43.9581291Z";"fethy.faradji@infopro-digital.com -> UserMercury@infopro-digital.com";"Fichiers de conversation Microsoft Teams/CP_00.xlsx";"item";"Transfert interrompu a issue inconnue. Verifier la derniere version cible avant de reparer le checkpoint (voir notice)."
"2026-09-17T14:02:44.6635128Z";"fethy.faradji@infopro-digital.com -> UserMercury@infopro-digital.com";"Fichiers de conversation Microsoft Teams/CPV.xsd";"item";"Champ Created refuse : Vous devez spécifier une date valide comprise entre 01/01/1900 et 31/12/8900."
"2026-09-17T14:02:45.4105520Z";"fethy.faradji@infopro-digital.com -> UserMercury@infopro-digital.com";"Fichiers de conversation Microsoft Teams/CreaModifAD.zip";"item";"Champ Created refuse : Vous devez spécifier une date valide comprise entre 01/01/1900 et 31/12/8900."
"2026-09-17T14:02:46.5642604Z";"fethy.faradji@infopro-digital.com -> UserMercury@infopro-digital.com";"Fichiers de conversation Microsoft Teams/create clean_table.sql";"item";"Champ Created refuse : Vous devez spécifier une date valide comprise entre 01/01/1900 et 31/12/8900."
"2026-09-17T14:02:47.2426325Z";"fethy.faradji@infopro-digital.com -> UserMercury@infopro-digital.com";"Fichiers de conversation Microsoft Teams/create_view 1.sql";"item";"Champ Created refuse : Vous devez spécifier une date valide comprise entre 01/01/1900 et 31/12/8900."
"2026-09-17T14:02:48.0424619Z";"fethy.faradji@infopro-digital.com -> UserMercury@infopro-digital.com";"Fichiers de conversation Microsoft Teams/create_view.sql";"item";"Champ Created refuse : Vous devez spécifier une date valide comprise entre 01/01/1900 et 31/12/8900."
"2026-09-17T14:02:48.7594596Z";"fethy.faradji@infopro-digital.com -> UserMercury@infopro-digital.com";"Fichiers de conversation Microsoft Teams/creation_table_temporaire.sql";"item";"Champ Created refuse : Vous devez spécifier une date valide comprise entre 01/01/1900 et 31/12/8900."
"2026-09-17T14:02:49.5698233Z";"fethy.faradji@infopro-digital.com -> UserMercury@infopro-digital.com";"Fichiers de conversation Microsoft Teams/CV Fethi FARADJI.docx";"item";"Champ Created refuse : Vous devez spécifier une date valide comprise entre 01/01/1900 et 31/12/8900."
"2026-09-17T14:02:50.3305964Z";"fethy.faradji@infopro-digital.com -> UserMercury@infopro-digital.com";"Fichiers de conversation Microsoft Teams/D100114.doc";"item";"Champ Created refuse : Vous devez spécifier une date valide comprise entre 01/01/1900 et 31/12/8900."
"2026-09-17T14:02:51.1740446Z";"fethy.faradji@infopro-digital.com -> UserMercury@infopro-digital.com";"Fichiers de conversation Microsoft Teams/D100117.doc";"item";"Champ Created refuse : Vous devez spécifier une date valide comprise entre 01/01/1900 et 31/12/8900."
"2026-09-17T14:02:52.0800743Z";"fethy.faradji@infopro-digital.com -> UserMercury@infopro-digital.com";"Fichiers de conversation Microsoft Teams/D100123.doc";"item";"Champ Created refuse : Vous devez spécifier une date valide comprise entre 01/01/1900 et 31/12/8900."
"2026-09-17T14:02:52.8636336Z";"fethy.faradji@infopro-digital.com -> UserMercury@infopro-digital.com";"Fichiers de conversation Microsoft Teams/D100124.doc";"item";"Champ Created refuse : Vous devez spécifier une date valide comprise entre 01/01/1900 et 31/12/8900."
"2026-09-17T14:02:53.6013198Z";"fethy.faradji@infopro-digital.com -> UserMercury@infopro-digital.com";"Fichiers de conversation Microsoft Teams/D43028.docx";"item";"Champ Created refuse : Vous devez spécifier une date valide comprise entre 01/01/1900 et 31/12/8900."
"2026-09-17T14:02:54.8152894Z";"fethy.faradji@infopro-digital.com -> UserMercury@infopro-digital.com";"Fichiers de conversation Microsoft Teams/D43028.xml";"item";"Champ Created refuse : Vous devez spécifier une date valide comprise entre 01/01/1900 et 31/12/8900."
"2026-09-17T14:02:55.7677432Z";"fethy.faradji@infopro-digital.com -> UserMercury@infopro-digital.com";"Fichiers de conversation Microsoft Teams/D43031.doc";"item";"Champ Created refuse : Vous devez spécifier une date valide comprise entre 01/01/1900 et 31/12/8900."
"2026-09-17T14:02:56.7666743Z";"fethy.faradji@infopro-digital.com -> UserMercury@infopro-digital.com";"Fichiers de conversation Microsoft Teams/D43031.xml";"item";"Champ Created refuse : Vous devez spécifier une date valide comprise entre 01/01/1900 et 31/12/8900."
"2026-09-17T14:02:57.7093159Z";"fethy.faradji@infopro-digital.com -> UserMercury@infopro-digital.com";"Fichiers de conversation Microsoft Teams/D43035.doc";"item";"Champ Created refuse : Vous devez spécifier une date valide comprise entre 01/01/1900 et 31/12/8900."
"2026-09-17T14:02:58.5863629Z";"fethy.faradji@infopro-digital.com -> UserMercury@infopro-digital.com";"Fichiers de conversation Microsoft Teams/D43035.xml";"item";"Champ Created refuse : Vous devez spécifier une date valide comprise entre 01/01/1900 et 31/12/8900."
"2026-09-17T14:02:59.4894176Z";"fethy.faradji@infopro-digital.com -> UserMercury@infopro-digital.com";"Fichiers de conversation Microsoft Teams/dans sim mais pas dans BIM update since 2020-01-01.csv";"item";"Champ Created refuse : Vous devez spécifier une date valide comprise entre 01/01/1900 et 31/12/8900."
"2026-09-17T14:03:00.2217525Z";"fethy.faradji@infopro-digital.com -> UserMercury@infopro-digital.com";"Fichiers de conversation Microsoft Teams/Date.xlsx";"item";"Champ Created refuse : Vous devez spécifier une date valide comprise entre 01/01/1900 et 31/12/8900."
"2026-09-17T14:03:00.3936319Z";"fethy.faradji@infopro-digital.com -> UserMercury@infopro-digital.com";"Fichiers de conversation Microsoft Teams/date_creation_contrat_pack.xlsx";"item";"Transfert interrompu a issue inconnue. Verifier la derniere version cible avant de reparer le checkpoint (voir notice)."
"2026-09-17T14:03:01.2055748Z";"fethy.faradji@infopro-digital.com -> UserMercury@infopro-digital.com";"Fichiers de conversation Microsoft Teams/ddl_module_de_pub.sql";"item";"Champ Created refuse : Vous devez spécifier une date valide comprise entre 01/01/1900 et 31/12/8900."
"2026-09-17T14:03:02.1370376Z";"fethy.faradji@infopro-digital.com -> UserMercury@infopro-digital.com";"Fichiers de conversation Microsoft Teams/debug fac.sql";"item";"Champ Created refuse : Vous devez spécifier une date valide comprise entre 01/01/1900 et 31/12/8900."
"2026-09-17T14:03:02.9147356Z";"fethy.faradji@infopro-digital.com -> UserMercury@infopro-digital.com";"Fichiers de conversation Microsoft Teams/DecouverteDesFichers.ps1";"item";"Champ Created refuse : Vous devez spécifier une date valide comprise entre 01/01/1900 et 31/12/8900."
"2026-09-17T14:03:03.7406870Z";"fethy.faradji@infopro-digital.com -> UserMercury@infopro-digital.com";"Fichiers de conversation Microsoft Teams/DEF_AO_SIMX07092023071553.rar";"item";"Champ Created refuse : Vous devez spécifier une date valide comprise entre 01/01/1900 et 31/12/8900."
"2026-09-17T14:03:04.8619965Z";"fethy.faradji@infopro-digital.com -> UserMercury@infopro-digital.com";"Fichiers de conversation Microsoft Teams/DEF_AO_SIMX07092023072027.rar";"item";"Champ Created refuse : Vous devez spécifier une date valide comprise entre 01/01/1900 et 31/12/8900."
"2026-09-17T14:03:05.8150853Z";"fethy.faradji@infopro-digital.com -> UserMercury@infopro-digital.com";"Fichiers de conversation Microsoft Teams/DEF_RETOUR_MONIMAIL16022024160340.rar";"item";"Champ Created refuse : Vous devez spécifier une date valide comprise entre 01/01/1900 et 31/12/8900."
"2026-09-17T14:03:07.1578536Z";"fethy.faradji@infopro-digital.com -> UserMercury@infopro-digital.com";"Fichiers de conversation Microsoft Teams/delete_avis__c.csv";"item";"Champ Created refuse : Vous devez spécifier une date valide comprise entre 01/01/1900 et 31/12/8900."
"2026-09-17T14:03:07.3297326Z";"fethy.faradji@infopro-digital.com -> UserMercury@infopro-digital.com";"Fichiers de conversation Microsoft Teams/Delta_ownerid.xlsx";"item";"Transfert interrompu a issue inconnue. Verifier la derniere version cible avant de reparer le checkpoint (voir notice)."
"2026-09-17T14:03:08.0345318Z";"fethy.faradji@infopro-digital.com -> UserMercury@infopro-digital.com";"Fichiers de conversation Microsoft Teams/Demandes (1).csv";"item";"Champ Created refuse : Vous devez spécifier une date valide comprise entre 01/01/1900 et 31/12/8900."
"2026-09-17T14:03:08.7246510Z";"fethy.faradji@infopro-digital.com -> UserMercury@infopro-digital.com";"Fichiers de conversation Microsoft Teams/Demandes (2).csv.gz";"item";"Champ Created refuse : Vous devez spécifier une date valide comprise entre 01/01/1900 et 31/12/8900."
"2026-09-17T14:03:09.4894046Z";"fethy.faradji@infopro-digital.com -> UserMercury@infopro-digital.com";"Fichiers de conversation Microsoft Teams/departement jal.xls";"item";"Champ Created refuse : Vous devez spécifier une date valide comprise entre 01/01/1900 et 31/12/8900."
"2026-09-17T14:03:10.5182953Z";"fethy.faradji@infopro-digital.com -> UserMercury@infopro-digital.com";"Fichiers de conversation Microsoft Teams/departement JAL.xlsx";"item";"Champ Created refuse : Vous devez spécifier une date valide comprise entre 01/01/1900 et 31/12/8900."
"2026-09-17T14:03:11.2525414Z";"fethy.faradji@infopro-digital.com -> UserMercury@infopro-digital.com";"Fichiers de conversation Microsoft Teams/DEX SIM_SIMNET_GAM.docx";"item";"Champ Created refuse : Vous devez spécifier une date valide comprise entre 01/01/1900 et 31/12/8900."
"2026-09-17T14:03:11.4400386Z";"fethy.faradji@infopro-digital.com -> UserMercury@infopro-digital.com";"Fichiers de conversation Microsoft Teams/diagramme jacky mais en plus beau.png";"item";"Cible modifiee depuis le checkpoint : conflit a examiner, aucun ecrasement automatique."
"2026-09-17T14:03:12.2239164Z";"fethy.faradji@infopro-digital.com -> UserMercury@infopro-digital.com";"Fichiers de conversation Microsoft Teams/dim_abonnement_SF.sql";"item";"Champ Created refuse : Vous devez spécifier une date valide comprise entre 01/01/1900 et 31/12/8900."
"2026-09-17T14:03:12.3801674Z";"fethy.faradji@infopro-digital.com -> UserMercury@infopro-digital.com";"Fichiers de conversation Microsoft Teams/DIM_support.xlsx";"item";"Transfert interrompu a issue inconnue. Verifier la derniere version cible avant de reparer le checkpoint (voir notice)."
"2026-09-17T14:03:13.1181003Z";"fethy.faradji@infopro-digital.com -> UserMercury@infopro-digital.com";"Fichiers de conversation Microsoft Teams/directories_BEN_UK.txt";"item";"Champ Created refuse : Vous devez spécifier une date valide comprise entre 01/01/1900 et 31/12/8900."
"2026-09-17T14:03:14.1217899Z";"fethy.faradji@infopro-digital.com -> UserMercury@infopro-digital.com";"Fichiers de conversation Microsoft Teams/doc paseo.zip";"item";"Champ Created refuse : Vous devez spécifier une date valide comprise entre 01/01/1900 et 31/12/8900."
"2026-09-17T14:03:14.8136389Z";"fethy.faradji@infopro-digital.com -> UserMercury@infopro-digital.com";"Fichiers de conversation Microsoft Teams/documentation technique monimail (1).docx";"item";"Champ Created refuse : Vous devez spécifier une date valide comprise entre 01/01/1900 et 31/12/8900."
"2026-09-17T14:03:16.6931695Z";"fethy.faradji@infopro-digital.com -> UserMercury@infopro-digital.com";"Fichiers de conversation Microsoft Teams/domains_company_map_202606241034.csv";"item";"Champ Created refuse : Vous devez spécifier une date valide comprise entre 01/01/1900 et 31/12/8900."
"2026-09-17T14:03:17.4215297Z";"fethy.faradji@infopro-digital.com -> UserMercury@infopro-digital.com";"Fichiers de conversation Microsoft Teams/doublon siret.xls";"item";"Champ Created refuse : Vous devez spécifier une date valide comprise entre 01/01/1900 et 31/12/8900."
"2026-09-17T14:03:17.7734036Z";"fethy.faradji@infopro-digital.com -> UserMercury@infopro-digital.com";"Fichiers de conversation Microsoft Teams/doublon_contacts.xlsx";"item";"Transfert interrompu a issue inconnue. Verifier la derniere version cible avant de reparer le checkpoint (voir notice)."
"2026-09-17T14:03:18.5729408Z";"fethy.faradji@infopro-digital.com -> UserMercury@infopro-digital.com";"Fichiers de conversation Microsoft Teams/droit_schema_svc_sim_sf.sql";"item";"Champ Created refuse : Vous devez spécifier une date valide comprise entre 01/01/1900 et 31/12/8900."
"2026-09-17T14:03:19.3178885Z";"fethy.faradji@infopro-digital.com -> UserMercury@infopro-digital.com";"Fichiers de conversation Microsoft Teams/EFORMS2JOUE.zip";"item";"Champ Created refuse : Vous devez spécifier une date valide comprise entre 01/01/1900 et 31/12/8900."
"2026-09-17T14:03:20.0026081Z";"fethy.faradji@infopro-digital.com -> UserMercury@infopro-digital.com";"Fichiers de conversation Microsoft Teams/Employés.csv.gz";"item";"Champ Created refuse : Vous devez spécifier une date valide comprise entre 01/01/1900 et 31/12/8900."
"2026-09-17T14:03:20.2213617Z";"fethy.faradji@infopro-digital.com -> UserMercury@infopro-digital.com";"Fichiers de conversation Microsoft Teams/Enfant_Account_PROD_V3.xlsx";"item";"Transfert interrompu a issue inconnue. Verifier la derniere version cible avant de reparer le checkpoint (voir notice)."
"2026-09-17T14:03:21.2369515Z";"fethy.faradji@infopro-digital.com -> UserMercury@infopro-digital.com";"Fichiers de conversation Microsoft Teams/Enfants_Account_PROD_ss_siret_V2.xlsx";"item";"Mapping manquant pour safa.sakly@infopro-digital.com dans user_mapping.csv."
"2026-09-17T14:03:21.9581719Z";"fethy.faradji@infopro-digital.com -> UserMercury@infopro-digital.com";"Fichiers de conversation Microsoft Teams/enTete_GISI.eps";"item";"Champ Created refuse : Vous devez spécifier une date valide comprise entre 01/01/1900 et 31/12/8900."
"2026-09-17T14:03:22.6627981Z";"fethy.faradji@infopro-digital.com -> UserMercury@infopro-digital.com";"Fichiers de conversation Microsoft Teams/enTete_GroupeMoniteur.eps";"item";"Champ Created refuse : Vous devez spécifier une date valide comprise entre 01/01/1900 et 31/12/8900."
"2026-09-17T14:03:23.4398525Z";"fethy.faradji@infopro-digital.com -> UserMercury@infopro-digital.com";"Fichiers de conversation Microsoft Teams/enTete_GroupeMoniteur_old.eps";"item";"Champ Created refuse : Vous devez spécifier une date valide comprise entre 01/01/1900 et 31/12/8900."
"2026-09-17T14:03:24.2556138Z";"fethy.faradji@infopro-digital.com -> UserMercury@infopro-digital.com";"Fichiers de conversation Microsoft Teams/erreur_facture.xls";"item";"Champ Created refuse : Vous devez spécifier une date valide comprise entre 01/01/1900 et 31/12/8900."
"2026-09-17T14:03:25.0180969Z";"fethy.faradji@infopro-digital.com -> UserMercury@infopro-digital.com";"Fichiers de conversation Microsoft Teams/etat des lieux AD 1.xlsx";"item";"Champ Created refuse : Vous devez spécifier une date valide comprise entre 01/01/1900 et 31/12/8900."
"2026-09-17T14:03:25.8155093Z";"fethy.faradji@infopro-digital.com -> UserMercury@infopro-digital.com";"Fichiers de conversation Microsoft Teams/etat des lieux AD.xlsx";"item";"Champ Created refuse : Vous devez spécifier une date valide comprise entre 01/01/1900 et 31/12/8900."
"2026-09-17T14:03:26.5990676Z";"fethy.faradji@infopro-digital.com -> UserMercury@infopro-digital.com";"Fichiers de conversation Microsoft Teams/état_des_lieu_perimètre_mol 1.xlsx";"item";"Champ Created refuse : Vous devez spécifier une date valide comprise entre 01/01/1900 et 31/12/8900."
"2026-09-17T14:03:26.7738119Z";"fethy.faradji@infopro-digital.com -> UserMercury@infopro-digital.com";"Fichiers de conversation Microsoft Teams/état_des_lieu_perimètre_mol 2.xlsx";"item";"Transfert interrompu a issue inconnue. Verifier la derniere version cible avant de reparer le checkpoint (voir notice)."
"2026-09-17T14:03:26.9421925Z";"fethy.faradji@infopro-digital.com -> UserMercury@infopro-digital.com";"Fichiers de conversation Microsoft Teams/état_des_lieu_perimètre_mol.xlsx";"item";"Transfert interrompu a issue inconnue. Verifier la derniere version cible avant de reparer le checkpoint (voir notice)."
"2026-09-17T14:03:27.6626120Z";"fethy.faradji@infopro-digital.com -> UserMercury@infopro-digital.com";"Fichiers de conversation Microsoft Teams/Evenement_V3.1.xlsx";"item";"Champ Created refuse : Vous devez spécifier une date valide comprise entre 01/01/1900 et 31/12/8900."
"2026-09-17T14:03:28.3662875Z";"fethy.faradji@infopro-digital.com -> UserMercury@infopro-digital.com";"Fichiers de conversation Microsoft Teams/Evenement_V3.2.xlsx";"item";"Champ Created refuse : Vous devez spécifier une date valide comprise entre 01/01/1900 et 31/12/8900."
"2026-09-17T14:03:29.0259638Z";"fethy.faradji@infopro-digital.com -> UserMercury@infopro-digital.com";"Fichiers de conversation Microsoft Teams/Evenement_V3.xlsx";"item";"Champ Created refuse : Vous devez spécifier une date valide comprise entre 01/01/1900 et 31/12/8900."
"2026-09-17T14:03:29.1629784Z";"fethy.faradji@infopro-digital.com -> UserMercury@infopro-digital.com";"Fichiers de conversation Microsoft Teams/events.xlsx";"item";"Transfert interrompu a issue inconnue. Verifier la derniere version cible avant de reparer le checkpoint (voir notice)."
"2026-09-17T14:03:29.8623384Z";"fethy.faradji@infopro-digital.com -> UserMercury@infopro-digital.com";"Fichiers de conversation Microsoft Teams/exemple_avis_pub_SF.xlsx";"item";"Champ Created refuse : Vous devez spécifier une date valide comprise entre 01/01/1900 et 31/12/8900."
"2026-09-17T14:03:30.6308914Z";"fethy.faradji@infopro-digital.com -> UserMercury@infopro-digital.com";"Fichiers de conversation Microsoft Teams/export oracle.zip";"item";"Champ Created refuse : Vous devez spécifier une date valide comprise entre 01/01/1900 et 31/12/8900."
"2026-09-17T14:03:31.4867191Z";"fethy.faradji@infopro-digital.com -> UserMercury@infopro-digital.com";"Fichiers de conversation Microsoft Teams/export.xlsx";"item";"Champ Created refuse : Vous devez spécifier une date valide comprise entre 01/01/1900 et 31/12/8900."
"2026-09-17T14:03:32.2959664Z";"fethy.faradji@infopro-digital.com -> UserMercury@infopro-digital.com";"Fichiers de conversation Microsoft Teams/export_avis 1.xlsx";"item";"Champ Created refuse : Vous devez spécifier une date valide comprise entre 01/01/1900 et 31/12/8900."
"2026-09-17T14:03:32.9556991Z";"fethy.faradji@infopro-digital.com -> UserMercury@infopro-digital.com";"Fichiers de conversation Microsoft Teams/export_avis.xlsx";"item";"Champ Created refuse : Vous devez spécifier une date valide comprise entre 01/01/1900 et 31/12/8900."
"2026-09-17T14:03:33.1744511Z";"fethy.faradji@infopro-digital.com -> UserMercury@infopro-digital.com";"Fichiers de conversation Microsoft Teams/export_licences.xlsx";"item";"Transfert interrompu a issue inconnue. Verifier la derniere version cible avant de reparer le checkpoint (voir notice)."
"2026-09-17T14:03:33.3150744Z";"fethy.faradji@infopro-digital.com -> UserMercury@infopro-digital.com";"Fichiers de conversation Microsoft Teams/export_test.xlsx";"item";"Transfert interrompu a issue inconnue. Verifier la derniere version cible avant de reparer le checkpoint (voir notice)."
"2026-09-17T14:03:34.1774006Z";"fethy.faradji@infopro-digital.com -> UserMercury@infopro-digital.com";"Fichiers de conversation Microsoft Teams/EXPORT_user_bu.csv";"item";"Champ Created refuse : Vous devez spécifier une date valide comprise entre 01/01/1900 et 31/12/8900."
"2026-09-17T14:03:34.8415035Z";"fethy.faradji@infopro-digital.com -> UserMercury@infopro-digital.com";"Fichiers de conversation Microsoft Teams/ExportWeb_20230927 10-34-17.xml";"item";"Champ Created refuse : Vous devez spécifier une date valide comprise entre 01/01/1900 et 31/12/8900."
"2026-09-17T14:03:35.5133754Z";"fethy.faradji@infopro-digital.com -> UserMercury@infopro-digital.com";"Fichiers de conversation Microsoft Teams/ExportWeb_20230929 04-18-21.xml";"item";"Champ Created refuse : Vous devez spécifier une date valide comprise entre 01/01/1900 et 31/12/8900."
"2026-09-17T14:03:36.3932239Z";"fethy.faradji@infopro-digital.com -> UserMercury@infopro-digital.com";"Fichiers de conversation Microsoft Teams/ExportWeb_20230929 11-18-32.xml";"item";"Champ Created refuse : Vous devez spécifier une date valide comprise entre 01/01/1900 et 31/12/8900."
"2026-09-17T14:03:37.1611758Z";"fethy.faradji@infopro-digital.com -> UserMercury@infopro-digital.com";"Fichiers de conversation Microsoft Teams/ExportWeb_20230929 11-44-02.xml";"item";"Champ Created refuse : Vous devez spécifier une date valide comprise entre 01/01/1900 et 31/12/8900."
"2026-09-17T14:03:37.9165603Z";"fethy.faradji@infopro-digital.com -> UserMercury@infopro-digital.com";"Fichiers de conversation Microsoft Teams/ExportWeb_20230929 11-58-28.xml";"item";"Champ Created refuse : Vous devez spécifier une date valide comprise entre 01/01/1900 et 31/12/8900."
"2026-09-17T14:03:38.8015549Z";"fethy.faradji@infopro-digital.com -> UserMercury@infopro-digital.com";"Fichiers de conversation Microsoft Teams/ExportWeb_20231003 01-25-27.xml";"item";"Champ Created refuse : Vous devez spécifier une date valide comprise entre 01/01/1900 et 31/12/8900."
"2026-09-17T14:03:39.5359324Z";"fethy.faradji@infopro-digital.com -> UserMercury@infopro-digital.com";"Fichiers de conversation Microsoft Teams/ExportWeb_20231003 01-41-41.xml";"item";"Champ Created refuse : Vous devez spécifier une date valide comprise entre 01/01/1900 et 31/12/8900."
"2026-09-17T14:03:40.2210503Z";"fethy.faradji@infopro-digital.com -> UserMercury@infopro-digital.com";"Fichiers de conversation Microsoft Teams/ExportWeb_20231006 12-29-15.xml";"item";"Champ Created refuse : Vous devez spécifier une date valide comprise entre 01/01/1900 et 31/12/8900."
"2026-09-17T14:03:40.4241761Z";"fethy.faradji@infopro-digital.com -> UserMercury@infopro-digital.com";"Fichiers de conversation Microsoft Teams/Expression de besoin controle sur la data Entra.docx";"item";"Transfert interrompu a issue inconnue. Verifier la derniere version cible avant de reparer le checkpoint (voir notice)."
"2026-09-17T14:03:41.1587878Z";"fethy.faradji@infopro-digital.com -> UserMercury@infopro-digital.com";"Fichiers de conversation Microsoft Teams/Expression de Besoin sécurisation de creamodifad.docx";"item";"Champ Created refuse : Vous devez spécifier une date valide comprise entre 01/01/1900 et 31/12/8900."
"2026-09-17T14:03:41.2837906Z";"fethy.faradji@infopro-digital.com -> UserMercury@infopro-digital.com";"Fichiers de conversation Microsoft Teams/extract_01_controle_intranet.xlsx";"item";"Transfert interrompu a issue inconnue. Verifier la derniere version cible avant de reparer le checkpoint (voir notice)."
"2026-09-17T14:03:41.9594728Z";"fethy.faradji@infopro-digital.com -> UserMercury@infopro-digital.com";"Fichiers de conversation Microsoft Teams/ExtractionAD-INFO.ps1";"item";"Champ Created refuse : Vous devez spécifier une date valide comprise entre 01/01/1900 et 31/12/8900."
"2026-09-17T14:03:42.6622682Z";"fethy.faradji@infopro-digital.com -> UserMercury@infopro-digital.com";"Fichiers de conversation Microsoft Teams/fact_pub_test.csv";"item";"Champ Created refuse : Vous devez spécifier une date valide comprise entre 01/01/1900 et 31/12/8900."
"2026-09-17T14:03:43.5708601Z";"fethy.faradji@infopro-digital.com -> UserMercury@infopro-digital.com";"Fichiers de conversation Microsoft Teams/Facturation au caractere v4.zip";"item";"Champ Created refuse : Vous devez spécifier une date valide comprise entre 01/01/1900 et 31/12/8900."
"2026-09-17T14:03:43.7114991Z";"fethy.faradji@infopro-digital.com -> UserMercury@infopro-digital.com";"Fichiers de conversation Microsoft Teams/facturation Juillet 2021 a changer.xlsx";"item";"Transfert interrompu a issue inconnue. Verifier la derniere version cible avant de reparer le checkpoint (voir notice)."
"2026-09-17T14:03:43.9139163Z";"fethy.faradji@infopro-digital.com -> UserMercury@infopro-digital.com";"Fichiers de conversation Microsoft Teams/Facturation_abo.xlsx";"item";"Transfert interrompu a issue inconnue. Verifier la derniere version cible avant de reparer le checkpoint (voir notice)."
"2026-09-17T14:03:44.6633151Z";"fethy.faradji@infopro-digital.com -> UserMercury@infopro-digital.com";"Fichiers de conversation Microsoft Teams/Facture_enTete.eps";"item";"Champ Created refuse : Vous devez spécifier une date valide comprise entre 01/01/1900 et 31/12/8900."
"2026-09-17T14:03:45.4089882Z";"fethy.faradji@infopro-digital.com -> UserMercury@infopro-digital.com";"Fichiers de conversation Microsoft Teams/Facture_piedPage.eps";"item";"Champ Created refuse : Vous devez spécifier une date valide comprise entre 01/01/1900 et 31/12/8900."
"2026-09-17T14:03:46.3615987Z";"fethy.faradji@infopro-digital.com -> UserMercury@infopro-digital.com";"Fichiers de conversation Microsoft Teams/FactureConfig.txt";"item";"Champ Created refuse : Vous devez spécifier une date valide comprise entre 01/01/1900 et 31/12/8900."
"2026-09-17T14:03:47.1141550Z";"fethy.faradji@infopro-digital.com -> UserMercury@infopro-digital.com";"Fichiers de conversation Microsoft Teams/FAIT_AVIS_AO_AM et SF.txt";"item";"Champ Created refuse : Vous devez spécifier une date valide comprise entre 01/01/1900 et 31/12/8900."
"2026-09-17T14:03:47.8149624Z";"fethy.faradji@infopro-digital.com -> UserMercury@infopro-digital.com";"Fichiers de conversation Microsoft Teams/fethiGates -partie Sharepoint.docx";"item";"Champ Created refuse : Vous devez spécifier une date valide comprise entre 01/01/1900 et 31/12/8900."
"2026-09-17T14:03:48.5699951Z";"fethy.faradji@infopro-digital.com -> UserMercury@infopro-digital.com";"Fichiers de conversation Microsoft Teams/fethy.faradji.zip";"item";"Champ Created refuse : Vous devez spécifier une date valide comprise entre 01/01/1900 et 31/12/8900."
"2026-09-17T14:03:49.3640769Z";"fethy.faradji@infopro-digital.com -> UserMercury@infopro-digital.com";"Fichiers de conversation Microsoft Teams/fichier_pourrie.xlsx";"item";"Champ Created refuse : Vous devez spécifier une date valide comprise entre 01/01/1900 et 31/12/8900."
"2026-09-17T14:03:50.1121672Z";"fethy.faradji@infopro-digital.com -> UserMercury@infopro-digital.com";"Fichiers de conversation Microsoft Teams/fix_vu_en_erreur.sql";"item";"Champ Created refuse : Vous devez spécifier une date valide comprise entre 01/01/1900 et 31/12/8900."
"2026-09-17T14:03:50.2527991Z";"fethy.faradji@infopro-digital.com -> UserMercury@infopro-digital.com";"Fichiers de conversation Microsoft Teams/flux_depuis_grmuzssimp002.xlsx";"item";"Transfert interrompu a issue inconnue. Verifier la derniere version cible avant de reparer le checkpoint (voir notice)."
"2026-09-17T14:03:50.4090448Z";"fethy.faradji@infopro-digital.com -> UserMercury@infopro-digital.com";"Fichiers de conversation Microsoft Teams/FluxUnitaire-5_Generation_unitaire_ZIP_MOL_SIMX.docx";"item";"Transfert interrompu a issue inconnue. Verifier la derniere version cible avant de reparer le checkpoint (voir notice)."
"2026-09-17T14:03:50.5687717Z";"fethy.faradji@infopro-digital.com -> UserMercury@infopro-digital.com";"Fichiers de conversation Microsoft Teams/FLX-SecurisationSIM.xlsx";"item";"Transfert interrompu a issue inconnue. Verifier la derniere version cible avant de reparer le checkpoint (voir notice)."
"2026-09-17T14:03:50.6841407Z";"fethy.faradji@infopro-digital.com -> UserMercury@infopro-digital.com";"Fichiers de conversation Microsoft Teams/font_MOL.png";"item";"Cible modifiee depuis le checkpoint : conflit a examiner, aucun ecrasement automatique."
"2026-09-17T14:03:51.7410145Z";"fethy.faradji@infopro-digital.com -> UserMercury@infopro-digital.com";"Fichiers de conversation Microsoft Teams/ForcePoint VPN avec MFA et Windows (ATY).pdf";"item";"Champ Created refuse : Vous devez spécifier une date valide comprise entre 01/01/1900 et 31/12/8900."
"2026-09-17T14:03:52.4495734Z";"fethy.faradji@infopro-digital.com -> UserMercury@infopro-digital.com";"Fichiers de conversation Microsoft Teams/forfait_a_zero.xls";"item";"Champ Created refuse : Vous devez spécifier une date valide comprise entre 01/01/1900 et 31/12/8900."
"2026-09-17T14:03:53.1124781Z";"fethy.faradji@infopro-digital.com -> UserMercury@infopro-digital.com";"Fichiers de conversation Microsoft Teams/Formulaire de demande de télétravail.pdf";"item";"Champ Created refuse : Vous devez spécifier une date valide comprise entre 01/01/1900 et 31/12/8900."
"2026-09-17T14:03:53.8219229Z";"fethy.faradji@infopro-digital.com -> UserMercury@infopro-digital.com";"Fichiers de conversation Microsoft Teams/FR_FRIPD_FARADJI_FETHI_EA_2022_P1008078.pdf";"item";"Champ Created refuse : Vous devez spécifier une date valide comprise entre 01/01/1900 et 31/12/8900."
"2026-09-17T14:03:54.5702759Z";"fethy.faradji@infopro-digital.com -> UserMercury@infopro-digital.com";"Fichiers de conversation Microsoft Teams/G2M.BIM.CLG.dtsx";"item";"Champ Created refuse : Vous devez spécifier une date valide comprise entre 01/01/1900 et 31/12/8900."
"2026-09-17T14:03:55.3622966Z";"fethy.faradji@infopro-digital.com -> UserMercury@infopro-digital.com";"Fichiers de conversation Microsoft Teams/G2M.BIM.DW_DM.DDB.dtsx";"item";"Champ Created refuse : Vous devez spécifier une date valide comprise entre 01/01/1900 et 31/12/8900."
"2026-09-17T14:03:56.0500615Z";"fethy.faradji@infopro-digital.com -> UserMercury@infopro-digital.com";"Fichiers de conversation Microsoft Teams/G2M.BIM.DW_DM.ImportAO.dtsx";"item";"Champ Created refuse : Vous devez spécifier une date valide comprise entre 01/01/1900 et 31/12/8900."
"2026-09-17T14:03:56.6953284Z";"fethy.faradji@infopro-digital.com -> UserMercury@infopro-digital.com";"Fichiers de conversation Microsoft Teams/G2M.BIM.SIM_DW.ImportABO.dtsx";"item";"Champ Created refuse : Vous devez spécifier une date valide comprise entre 01/01/1900 et 31/12/8900."
"2026-09-17T14:03:57.4048268Z";"fethy.faradji@infopro-digital.com -> UserMercury@infopro-digital.com";"Fichiers de conversation Microsoft Teams/G2M.BIM.SIM_DW.ImportAM.dtsx";"item";"Champ Created refuse : Vous devez spécifier une date valide comprise entre 01/01/1900 et 31/12/8900."
"2026-09-17T14:03:57.5454518Z";"fethy.faradji@infopro-digital.com -> UserMercury@infopro-digital.com";"Fichiers de conversation Microsoft Teams/G2M.BIM.SIM_DW.ImportAO.dtsx";"item";"Transfert interrompu a issue inconnue. Verifier la derniere version cible avant de reparer le checkpoint (voir notice)."
"2026-09-17T14:03:58.1754330Z";"fethy.faradji@infopro-digital.com -> UserMercury@infopro-digital.com";"Fichiers de conversation Microsoft Teams/Gestion des prêts.csv.gz";"item";"Champ Created refuse : Vous devez spécifier une date valide comprise entre 01/01/1900 et 31/12/8900."
"2026-09-17T14:03:58.8485433Z";"fethy.faradji@infopro-digital.com -> UserMercury@infopro-digital.com";"Fichiers de conversation Microsoft Teams/Gestion des réparations.csv.gz";"item";"Champ Created refuse : Vous devez spécifier une date valide comprise entre 01/01/1900 et 31/12/8900."
"2026-09-17T14:03:59.6804631Z";"fethy.faradji@infopro-digital.com -> UserMercury@infopro-digital.com";"Fichiers de conversation Microsoft Teams/get_applications__rights_azure.ps1";"item";"Champ Created refuse : Vous devez spécifier une date valide comprise entre 01/01/1900 et 31/12/8900."
"2026-09-17T14:04:00.3932155Z";"fethy.faradji@infopro-digital.com -> UserMercury@infopro-digital.com";"Fichiers de conversation Microsoft Teams/get_applications_azure.ps1";"item";"Champ Created refuse : Vous devez spécifier une date valide comprise entre 01/01/1900 et 31/12/8900."
"2026-09-17T14:04:01.0513987Z";"fethy.faradji@infopro-digital.com -> UserMercury@infopro-digital.com";"Fichiers de conversation Microsoft Teams/get_applications_Tags_azure.ps1";"item";"Champ Created refuse : Vous devez spécifier une date valide comprise entre 01/01/1900 et 31/12/8900."
"2026-09-17T14:04:01.7685524Z";"fethy.faradji@infopro-digital.com -> UserMercury@infopro-digital.com";"Fichiers de conversation Microsoft Teams/get_applications_Users_azure.ps1";"item";"Champ Created refuse : Vous devez spécifier une date valide comprise entre 01/01/1900 et 31/12/8900."
"2026-09-17T14:04:01.8968428Z";"fethy.faradji@infopro-digital.com -> UserMercury@infopro-digital.com";"Fichiers de conversation Microsoft Teams/GIPA.xlsx";"item";"Transfert interrompu a issue inconnue. Verifier la derniere version cible avant de reparer le checkpoint (voir notice)."
"2026-09-17T14:04:02.8624014Z";"fethy.faradji@infopro-digital.com -> UserMercury@infopro-digital.com";"Fichiers de conversation Microsoft Teams/GM.SIM.configuration.global.xsl";"item";"Champ Created refuse : Vous devez spécifier une date valide comprise entre 01/01/1900 et 31/12/8900."
"2026-09-17T14:04:03.5846522Z";"fethy.faradji@infopro-digital.com -> UserMercury@infopro-digital.com";"Fichiers de conversation Microsoft Teams/Graphique et table.xlsx";"item";"Champ Created refuse : Vous devez spécifier une date valide comprise entre 01/01/1900 et 31/12/8900."
"2026-09-17T14:04:04.4895570Z";"fethy.faradji@infopro-digital.com -> UserMercury@infopro-digital.com";"Fichiers de conversation Microsoft Teams/grille tarifaire.xls";"item";"Champ Created refuse : Vous devez spécifier une date valide comprise entre 01/01/1900 et 31/12/8900."
"2026-09-17T14:04:05.2841204Z";"fethy.faradji@infopro-digital.com -> UserMercury@infopro-digital.com";"Fichiers de conversation Microsoft Teams/Guide référence Builder.pdf";"item";"Champ Created refuse : Vous devez spécifier une date valide comprise entre 01/01/1900 et 31/12/8900."
"2026-09-17T14:04:05.9872606Z";"fethy.faradji@infopro-digital.com -> UserMercury@infopro-digital.com";"Fichiers de conversation Microsoft Teams/Guide référence Cockpit.pdf";"item";"Champ Created refuse : Vous devez spécifier une date valide comprise entre 01/01/1900 et 31/12/8900."
"2026-09-17T14:04:06.7402266Z";"fethy.faradji@infopro-digital.com -> UserMercury@infopro-digital.com";"Fichiers de conversation Microsoft Teams/Hyperforce IPs to Allowlist 2023-11-30 1.csv";"item";"Champ Created refuse : Vous devez spécifier une date valide comprise entre 01/01/1900 et 31/12/8900."
"2026-09-17T14:04:07.4377377Z";"fethy.faradji@infopro-digital.com -> UserMercury@infopro-digital.com";"Fichiers de conversation Microsoft Teams/Hyperforce IPs to Allowlist 2023-11-30.csv";"item";"Champ Created refuse : Vous devez spécifier une date valide comprise entre 01/01/1900 et 31/12/8900."
"2026-09-17T14:04:08.1120109Z";"fethy.faradji@infopro-digital.com -> UserMercury@infopro-digital.com";"Fichiers de conversation Microsoft Teams/icones.zip";"item";"Champ Created refuse : Vous devez spécifier une date valide comprise entre 01/01/1900 et 31/12/8900."
"2026-09-17T14:04:08.8189202Z";"fethy.faradji@infopro-digital.com -> UserMercury@infopro-digital.com";"Fichiers de conversation Microsoft Teams/IE Tab.rar";"item";"Champ Created refuse : Vous devez spécifier une date valide comprise entre 01/01/1900 et 31/12/8900."
"2026-09-17T14:04:09.5376654Z";"fethy.faradji@infopro-digital.com -> UserMercury@infopro-digital.com";"Fichiers de conversation Microsoft Teams/ietabhelper (11).exe";"item";"Champ Created refuse : Vous devez spécifier une date valide comprise entre 01/01/1900 et 31/12/8900."
"2026-09-17T14:04:10.2526876Z";"fethy.faradji@infopro-digital.com -> UserMercury@infopro-digital.com";"Fichiers de conversation Microsoft Teams/Import SIM_semaine_numero mag_cloture 2025.xlsx";"item";"Champ Created refuse : Vous devez spécifier une date valide comprise entre 01/01/1900 et 31/12/8900."
"2026-09-17T14:04:11.0661901Z";"fethy.faradji@infopro-digital.com -> UserMercury@infopro-digital.com";"Fichiers de conversation Microsoft Teams/Insert Errors Avis__c 14-10-2025.txt";"item";"Champ Created refuse : Vous devez spécifier une date valide comprise entre 01/01/1900 et 31/12/8900."
"2026-09-17T14:04:11.7735954Z";"fethy.faradji@infopro-digital.com -> UserMercury@infopro-digital.com";"Fichiers de conversation Microsoft Teams/Insert Errors Consommation_UP__c 01-02-2024.txt";"item";"Champ Created refuse : Vous devez spécifier une date valide comprise entre 01/01/1900 et 31/12/8900."
"2026-09-17T14:04:12.4652358Z";"fethy.faradji@infopro-digital.com -> UserMercury@infopro-digital.com";"Fichiers de conversation Microsoft Teams/Insert Errors Consommation_UP__c 22-04-2024.txt";"item";"Champ Created refuse : Vous devez spécifier une date valide comprise entre 01/01/1900 et 31/12/8900."
"2026-09-17T14:04:13.1650086Z";"fethy.faradji@infopro-digital.com -> UserMercury@infopro-digital.com";"Fichiers de conversation Microsoft Teams/Insert Ok Consommation_UP__c 19-04-2024.txt";"item";"Champ Created refuse : Vous devez spécifier une date valide comprise entre 01/01/1900 et 31/12/8900."
"2026-09-17T14:04:13.8725636Z";"fethy.faradji@infopro-digital.com -> UserMercury@infopro-digital.com";"Fichiers de conversation Microsoft Teams/insertrrimcsim (1).log";"item";"Champ Created refuse : Vous devez spécifier une date valide comprise entre 01/01/1900 et 31/12/8900."
"2026-09-17T14:04:14.5635789Z";"fethy.faradji@infopro-digital.com -> UserMercury@infopro-digital.com";"Fichiers de conversation Microsoft Teams/insertrrimcsim (1).txt";"item";"Champ Created refuse : Vous devez spécifier une date valide comprise entre 01/01/1900 et 31/12/8900."
"2026-09-17T14:04:15.2448031Z";"fethy.faradji@infopro-digital.com -> UserMercury@infopro-digital.com";"Fichiers de conversation Microsoft Teams/insertrrimcsim.log";"item";"Champ Created refuse : Vous devez spécifier une date valide comprise entre 01/01/1900 et 31/12/8900."
"2026-09-17T14:04:15.3698014Z";"fethy.faradji@infopro-digital.com -> UserMercury@infopro-digital.com";"Fichiers de conversation Microsoft Teams/intcod créer dans saleforces.xlsx";"item";"Transfert interrompu a issue inconnue. Verifier la derniere version cible avant de reparer le checkpoint (voir notice)."
"2026-09-17T14:04:15.4948005Z";"fethy.faradji@infopro-digital.com -> UserMercury@infopro-digital.com";"Fichiers de conversation Microsoft Teams/Integration.zip";"item";"Transfert interrompu a issue inconnue. Verifier la derniere version cible avant de reparer le checkpoint (voir notice)."
"2026-09-17T14:04:16.2058215Z";"fethy.faradji@infopro-digital.com -> UserMercury@infopro-digital.com";"Fichiers de conversation Microsoft Teams/INTERV_VPLUS.zip";"item";"Champ Created refuse : Vous devez spécifier une date valide comprise entre 01/01/1900 et 31/12/8900."
"2026-09-17T14:04:16.9216129Z";"fethy.faradji@infopro-digital.com -> UserMercury@infopro-digital.com";"Fichiers de conversation Microsoft Teams/interv-sim-avec-siret.xls";"item";"Champ Created refuse : Vous devez spécifier une date valide comprise entre 01/01/1900 et 31/12/8900."
"2026-09-17T14:04:17.5670752Z";"fethy.faradji@infopro-digital.com -> UserMercury@infopro-digital.com";"Fichiers de conversation Microsoft Teams/Inventaire (1).csv.gz";"item";"Champ Created refuse : Vous devez spécifier une date valide comprise entre 01/01/1900 et 31/12/8900."
"2026-09-17T14:04:18.3863596Z";"fethy.faradji@infopro-digital.com -> UserMercury@infopro-digital.com";"Fichiers de conversation Microsoft Teams/Jerome - actions tous les matins.docx";"item";"Champ Created refuse : Vous devez spécifier une date valide comprise entre 01/01/1900 et 31/12/8900."
"2026-09-17T14:04:19.0171874Z";"fethy.faradji@infopro-digital.com -> UserMercury@infopro-digital.com";"Fichiers de conversation Microsoft Teams/jo_boamp.xsd";"item";"Champ Created refuse : Vous devez spécifier une date valide comprise entre 01/01/1900 et 31/12/8900."
"2026-09-17T14:04:19.6312186Z";"fethy.faradji@infopro-digital.com -> UserMercury@infopro-digital.com";"Fichiers de conversation Microsoft Teams/jo_types.xsd";"item";"Champ Created refuse : Vous devez spécifier une date valide comprise entre 01/01/1900 et 31/12/8900."
"2026-09-17T14:04:20.3151835Z";"fethy.faradji@infopro-digital.com -> UserMercury@infopro-digital.com";"Fichiers de conversation Microsoft Teams/JOUE.zip";"item";"Champ Created refuse : Vous devez spécifier une date valide comprise entre 01/01/1900 et 31/12/8900."
"2026-09-17T14:04:20.4303615Z";"fethy.faradji@infopro-digital.com -> UserMercury@infopro-digital.com";"Fichiers de conversation Microsoft Teams/la BOAMP V+.jpg";"item";"Cible modifiee depuis le checkpoint : conflit a examiner, aucun ecrasement automatique."
"2026-09-17T14:04:20.5397397Z";"fethy.faradji@infopro-digital.com -> UserMercury@infopro-digital.com";"Fichiers de conversation Microsoft Teams/la requete magique.txt";"item";"Transfert interrompu a issue inconnue. Verifier la derniere version cible avant de reparer le checkpoint (voir notice)."
"2026-09-17T14:04:20.6777840Z";"fethy.faradji@infopro-digital.com -> UserMercury@infopro-digital.com";"Fichiers de conversation Microsoft Teams/lance_explorer_simadm.bat";"item";"Transfert interrompu a issue inconnue. Verifier la derniere version cible avant de reparer le checkpoint (voir notice)."
"2026-09-17T14:04:21.3617934Z";"fethy.faradji@infopro-digital.com -> UserMercury@infopro-digital.com";"Fichiers de conversation Microsoft Teams/le_script.sql";"item";"Champ Created refuse : Vous devez spécifier une date valide comprise entre 01/01/1900 et 31/12/8900."
"2026-09-17T14:04:22.0234334Z";"fethy.faradji@infopro-digital.com -> UserMercury@infopro-digital.com";"Fichiers de conversation Microsoft Teams/licences202608261014.xlsx";"item";"Champ Created refuse : Vous devez spécifier une date valide comprise entre 01/01/1900 et 31/12/8900."
"2026-09-17T14:04:22.7071673Z";"fethy.faradji@infopro-digital.com -> UserMercury@infopro-digital.com";"Fichiers de conversation Microsoft Teams/licences202608261015_full.xlsx";"item";"Champ Created refuse : Vous devez spécifier une date valide comprise entre 01/01/1900 et 31/12/8900."
"2026-09-17T14:04:23.5814516Z";"fethy.faradji@infopro-digital.com -> UserMercury@infopro-digital.com";"Fichiers de conversation Microsoft Teams/List Avis Prod v2.1.xlsx";"item";"Mapping manquant pour safa.sakly@infopro-digital.com dans user_mapping.csv."
"2026-09-17T14:04:23.7299711Z";"fethy.faradji@infopro-digital.com -> UserMercury@infopro-digital.com";"Fichiers de conversation Microsoft Teams/LISTE FACTURES AO 2229 avec facture POC_BIM.xlsx";"item";"Transfert interrompu a issue inconnue. Verifier la derniere version cible avant de reparer le checkpoint (voir notice)."
"2026-09-17T14:04:24.4094532Z";"fethy.faradji@infopro-digital.com -> UserMercury@infopro-digital.com";"Fichiers de conversation Microsoft Teams/liste_des_contrats_avec un contrat de plus de 3650.xls";"item";"Champ Created refuse : Vous devez spécifier une date valide comprise entre 01/01/1900 et 31/12/8900."
"2026-09-17T14:04:24.6008894Z";"fethy.faradji@infopro-digital.com -> UserMercury@infopro-digital.com";"Fichiers de conversation Microsoft Teams/liste_traitement_paseo.xlsx";"item";"Transfert interrompu a issue inconnue. Verifier la derniere version cible avant de reparer le checkpoint (voir notice)."
"2026-09-17T14:04:24.7258941Z";"fethy.faradji@infopro-digital.com -> UserMercury@infopro-digital.com";"Fichiers de conversation Microsoft Teams/Liste_transformation_AO_PUB.xlsb.xlsx";"item";"Transfert interrompu a issue inconnue. Verifier la derniere version cible avant de reparer le checkpoint (voir notice)."
"2026-09-17T14:04:24.8624732Z";"fethy.faradji@infopro-digital.com -> UserMercury@infopro-digital.com";"Fichiers de conversation Microsoft Teams/log_erreur_update_pub.xlsx";"item";"Transfert interrompu a issue inconnue. Verifier la derniere version cible avant de reparer le checkpoint (voir notice)."
"2026-09-17T14:04:25.0030968Z";"fethy.faradji@infopro-digital.com -> UserMercury@infopro-digital.com";"Fichiers de conversation Microsoft Teams/logo_DWS_claire.png";"item";"Cible modifiee depuis le checkpoint : conflit a examiner, aucun ecrasement automatique."
"2026-09-17T14:04:25.1437233Z";"fethy.faradji@infopro-digital.com -> UserMercury@infopro-digital.com";"Fichiers de conversation Microsoft Teams/logo_DWS_foncé.png";"item";"Cible modifiee depuis le checkpoint : conflit a examiner, aucun ecrasement automatique."
"2026-09-17T14:04:25.6466645Z";"fethy.faradji@infopro-digital.com -> UserMercury@infopro-digital.com";"Fichiers de conversation Microsoft Teams/logo_infopro.png";"item";"Cible modifiee depuis le checkpoint : conflit a examiner, aucun ecrasement automatique."
"2026-09-17T14:04:25.8466263Z";"fethy.faradji@infopro-digital.com -> UserMercury@infopro-digital.com";"Fichiers de conversation Microsoft Teams/logo_infopro2 1.png";"item";"Cible modifiee depuis le checkpoint : conflit a examiner, aucun ecrasement automatique."
"2026-09-17T14:04:26.0653762Z";"fethy.faradji@infopro-digital.com -> UserMercury@infopro-digital.com";"Fichiers de conversation Microsoft Teams/logo_infopro2.png";"item";"Cible modifiee depuis le checkpoint : conflit a examiner, aucun ecrasement automatique."
"2026-09-17T14:04:26.2060008Z";"fethy.faradji@infopro-digital.com -> UserMercury@infopro-digital.com";"Fichiers de conversation Microsoft Teams/logo_mail_petit.png";"item";"Cible modifiee depuis le checkpoint : conflit a examiner, aucun ecrasement automatique."
"2026-09-17T14:04:26.3310009Z";"fethy.faradji@infopro-digital.com -> UserMercury@infopro-digital.com";"Fichiers de conversation Microsoft Teams/logo_mail_petit3.png";"item";"Cible modifiee depuis le checkpoint : conflit a examiner, aucun ecrasement automatique."
"2026-09-17T14:04:26.5028775Z";"fethy.faradji@infopro-digital.com -> UserMercury@infopro-digital.com";"Fichiers de conversation Microsoft Teams/logo_mail2 1.png";"item";"Cible modifiee depuis le checkpoint : conflit a examiner, aucun ecrasement automatique."
"2026-09-17T14:04:26.6474259Z";"fethy.faradji@infopro-digital.com -> UserMercury@infopro-digital.com";"Fichiers de conversation Microsoft Teams/logo_mail2.png";"item";"Cible modifiee depuis le checkpoint : conflit a examiner, aucun ecrasement automatique."
"2026-09-17T14:04:26.8267578Z";"fethy.faradji@infopro-digital.com -> UserMercury@infopro-digital.com";"Fichiers de conversation Microsoft Teams/logo_mercury.png";"item";"Cible modifiee depuis le checkpoint : conflit a examiner, aucun ecrasement automatique."
"2026-09-17T14:04:27.0142535Z";"fethy.faradji@infopro-digital.com -> UserMercury@infopro-digital.com";"Fichiers de conversation Microsoft Teams/Logo_Mysupport_V1.png";"item";"Cible modifiee depuis le checkpoint : conflit a examiner, aucun ecrasement automatique."
"2026-09-17T14:04:27.1548808Z";"fethy.faradji@infopro-digital.com -> UserMercury@infopro-digital.com";"Fichiers de conversation Microsoft Teams/Logo_Mysupport_V5.png";"item";"Cible modifiee depuis le checkpoint : conflit a examiner, aucun ecrasement automatique."
"2026-09-17T14:04:27.9430850Z";"fethy.faradji@infopro-digital.com -> UserMercury@infopro-digital.com";"Fichiers de conversation Microsoft Teams/Logs---SIM_SF.zip";"item";"Champ Created refuse : Vous devez spécifier une date valide comprise entre 01/01/1900 et 31/12/8900."
"2026-09-17T14:04:28.8122411Z";"fethy.faradji@infopro-digital.com -> UserMercury@infopro-digital.com";"Fichiers de conversation Microsoft Teams/M.ico";"item";"Champ Created refuse : Vous devez spécifier une date valide comprise entre 01/01/1900 et 31/12/8900."
"2026-09-17T14:04:29.7518721Z";"fethy.faradji@infopro-digital.com -> UserMercury@infopro-digital.com";"Fichiers de conversation Microsoft Teams/M3928458.docx";"item";"Champ Created refuse : Vous devez spécifier une date valide comprise entre 01/01/1900 et 31/12/8900."
"2026-09-17T14:04:30.5186041Z";"fethy.faradji@infopro-digital.com -> UserMercury@infopro-digital.com";"Fichiers de conversation Microsoft Teams/M4047699.doc";"item";"Champ Created refuse : Vous devez spécifier une date valide comprise entre 01/01/1900 et 31/12/8900."
"2026-09-17T14:04:31.1588753Z";"fethy.faradji@infopro-digital.com -> UserMercury@infopro-digital.com";"Fichiers de conversation Microsoft Teams/M4047699.xml";"item";"Champ Created refuse : Vous devez spécifier une date valide comprise entre 01/01/1900 et 31/12/8900."
"2026-09-17T14:04:32.9399147Z";"fethy.faradji@infopro-digital.com -> UserMercury@infopro-digital.com";"Fichiers de conversation Microsoft Teams/M4055407.doc";"item";"Champ Created refuse : Vous devez spécifier une date valide comprise entre 01/01/1900 et 31/12/8900."
"2026-09-17T14:04:33.6668458Z";"fethy.faradji@infopro-digital.com -> UserMercury@infopro-digital.com";"Fichiers de conversation Microsoft Teams/manquant_avis_sans_publications.csv";"item";"Champ Created refuse : Vous devez spécifier une date valide comprise entre 01/01/1900 et 31/12/8900."
"2026-09-17T14:04:34.4339107Z";"fethy.faradji@infopro-digital.com -> UserMercury@infopro-digital.com";"Fichiers de conversation Microsoft Teams/mdp yann";"item";"Champ Created refuse : Vous devez spécifier une date valide comprise entre 01/01/1900 et 31/12/8900."
"2026-09-17T14:04:35.1442679Z";"fethy.faradji@infopro-digital.com -> UserMercury@infopro-digital.com";"Fichiers de conversation Microsoft Teams/mdp.txt";"item";"Champ Created refuse : Vous devez spécifier une date valide comprise entre 01/01/1900 et 31/12/8900."
"2026-09-17T14:04:35.8306441Z";"fethy.faradji@infopro-digital.com -> UserMercury@infopro-digital.com";"Fichiers de conversation Microsoft Teams/mep20250225.zip";"item";"Champ Created refuse : Vous devez spécifier une date valide comprise entre 01/01/1900 et 31/12/8900."
"2026-09-17T14:04:36.5677937Z";"fethy.faradji@infopro-digital.com -> UserMercury@infopro-digital.com";"Fichiers de conversation Microsoft Teams/mep20250603.zip";"item";"Champ Created refuse : Vous devez spécifier une date valide comprise entre 01/01/1900 et 31/12/8900."
"2026-09-17T14:04:37.4900294Z";"fethy.faradji@infopro-digital.com -> UserMercury@infopro-digital.com";"Fichiers de conversation Microsoft Teams/MFA.txt";"item";"Champ Created refuse : Vous devez spécifier une date valide comprise entre 01/01/1900 et 31/12/8900."
"2026-09-17T14:04:38.3673009Z";"fethy.faradji@infopro-digital.com -> UserMercury@infopro-digital.com";"Fichiers de conversation Microsoft Teams/MicrosoftSSISOracleConnectorX64.msi";"item";"Champ Created refuse : Vous devez spécifier une date valide comprise entre 01/01/1900 et 31/12/8900."
"2026-09-17T14:04:38.4923071Z";"fethy.faradji@infopro-digital.com -> UserMercury@infopro-digital.com";"Fichiers de conversation Microsoft Teams/MicrosoftTeams-image (1).png";"item";"Cible modifiee depuis le checkpoint : conflit a examiner, aucun ecrasement automatique."
"2026-09-17T14:04:38.6625479Z";"fethy.faradji@infopro-digital.com -> UserMercury@infopro-digital.com";"Fichiers de conversation Microsoft Teams/MicrosoftTeams-image (2).png";"item";"Cible modifiee depuis le checkpoint : conflit a examiner, aucun ecrasement automatique."
"2026-09-17T14:04:38.8019868Z";"fethy.faradji@infopro-digital.com -> UserMercury@infopro-digital.com";"Fichiers de conversation Microsoft Teams/mise a jour de compte_adresse.xlsx";"item";"Transfert interrompu a issue inconnue. Verifier la derniere version cible avant de reparer le checkpoint (voir notice)."
"2026-09-17T14:04:38.9269862Z";"fethy.faradji@infopro-digital.com -> UserMercury@infopro-digital.com";"Fichiers de conversation Microsoft Teams/mise a jour de compte_adresse_siret.xlsx";"item";"Transfert interrompu a issue inconnue. Verifier la derniere version cible avant de reparer le checkpoint (voir notice)."
"2026-09-17T14:04:39.6628414Z";"fethy.faradji@infopro-digital.com -> UserMercury@infopro-digital.com";"Fichiers de conversation Microsoft Teams/mise a jour semaine BIM 1.zip";"item";"Champ Created refuse : Vous devez spécifier une date valide comprise entre 01/01/1900 et 31/12/8900."
"2026-09-17T14:04:40.3620658Z";"fethy.faradji@infopro-digital.com -> UserMercury@infopro-digital.com";"Fichiers de conversation Microsoft Teams/mise a jour semaine BIM.zip";"item";"Champ Created refuse : Vous devez spécifier une date valide comprise entre 01/01/1900 et 31/12/8900."
"2026-09-17T14:04:40.9712958Z";"fethy.faradji@infopro-digital.com -> UserMercury@infopro-digital.com";"Fichiers de conversation Microsoft Teams/MN-DMS_FA_AM_pub_flux-3948901.zip";"item";"Champ Created refuse : Vous devez spécifier une date valide comprise entre 01/01/1900 et 31/12/8900."
"2026-09-17T14:04:41.6622888Z";"fethy.faradji@infopro-digital.com -> UserMercury@infopro-digital.com";"Fichiers de conversation Microsoft Teams/Modele_CRA_Avril_2021 (1).xlsx";"item";"Champ Created refuse : Vous devez spécifier une date valide comprise entre 01/01/1900 et 31/12/8900."
"2026-09-17T14:04:42.5118825Z";"fethy.faradji@infopro-digital.com -> UserMercury@infopro-digital.com";"Fichiers de conversation Microsoft Teams/Mol_Save_DataBase.zip";"item";"Champ Created refuse : Vous devez spécifier une date valide comprise entre 01/01/1900 et 31/12/8900."
"2026-09-17T14:04:43.2838439Z";"fethy.faradji@infopro-digital.com -> UserMercury@infopro-digital.com";"Fichiers de conversation Microsoft Teams/Monimail_V2-doc_technique.docx";"item";"Champ Created refuse : Vous devez spécifier une date valide comprise entre 01/01/1900 et 31/12/8900."
"2026-09-17T14:04:43.9422589Z";"fethy.faradji@infopro-digital.com -> UserMercury@infopro-digital.com";"Fichiers de conversation Microsoft Teams/Monimail_V2-doc_techniqueV1.0.1 – Copie.docx";"item";"Champ Created refuse : Vous devez spécifier une date valide comprise entre 01/01/1900 et 31/12/8900."
"2026-09-17T14:04:44.0985092Z";"fethy.faradji@infopro-digital.com -> UserMercury@infopro-digital.com";"Fichiers de conversation Microsoft Teams/Monimail_V2-doc_techniqueV1.0.1 1.docx";"item";"Transfert interrompu a issue inconnue. Verifier la derniere version cible avant de reparer le checkpoint (voir notice)."
"2026-09-17T14:04:44.7838063Z";"fethy.faradji@infopro-digital.com -> UserMercury@infopro-digital.com";"Fichiers de conversation Microsoft Teams/Monimail_V2-doc_techniqueV1.0.1.docx";"item";"Champ Created refuse : Vous devez spécifier une date valide comprise entre 01/01/1900 et 31/12/8900."
"2026-09-17T14:04:45.5674905Z";"fethy.faradji@infopro-digital.com -> UserMercury@infopro-digital.com";"Fichiers de conversation Microsoft Teams/mREMONTENG.xml";"item";"Champ Created refuse : Vous devez spécifier une date valide comprise entre 01/01/1900 et 31/12/8900."
"2026-09-17T14:04:46.3150790Z";"fethy.faradji@infopro-digital.com -> UserMercury@infopro-digital.com";"Fichiers de conversation Microsoft Teams/MSGraphExchangeOnlineAuth20260717_2 1.cer";"item";"Champ Created refuse : Vous devez spécifier une date valide comprise entre 01/01/1900 et 31/12/8900."
"2026-09-17T14:04:47.0179925Z";"fethy.faradji@infopro-digital.com -> UserMercury@infopro-digital.com";"Fichiers de conversation Microsoft Teams/MSGraphExchangeOnlineAuth20260717_2 1.pfx";"item";"Champ Created refuse : Vous devez spécifier une date valide comprise entre 01/01/1900 et 31/12/8900."
"2026-09-17T14:04:47.8581638Z";"fethy.faradji@infopro-digital.com -> UserMercury@infopro-digital.com";"Fichiers de conversation Microsoft Teams/MSGraphExchangeOnlineAuth20260717_2.cer";"item";"Champ Created refuse : Vous devez spécifier une date valide comprise entre 01/01/1900 et 31/12/8900."
"2026-09-17T14:04:48.5717783Z";"fethy.faradji@infopro-digital.com -> UserMercury@infopro-digital.com";"Fichiers de conversation Microsoft Teams/MSGraphExchangeOnlineAuth20260717_2.pfx";"item";"Champ Created refuse : Vous devez spécifier une date valide comprise entre 01/01/1900 et 31/12/8900."
"2026-09-17T14:04:48.6811657Z";"fethy.faradji@infopro-digital.com -> UserMercury@infopro-digital.com";"Fichiers de conversation Microsoft Teams/my support.png";"item";"Cible modifiee depuis le checkpoint : conflit a examiner, aucun ecrasement automatique."
"2026-09-17T14:04:49.4581198Z";"fethy.faradji@infopro-digital.com -> UserMercury@infopro-digital.com";"Fichiers de conversation Microsoft Teams/nameshields_Extract_DWS.xlsx";"item";"Champ Created refuse : Vous devez spécifier une date valide comprise entre 01/01/1900 et 31/12/8900."
"2026-09-17T14:04:49.5863680Z";"fethy.faradji@infopro-digital.com -> UserMercury@infopro-digital.com";"Fichiers de conversation Microsoft Teams/netoyage order.xlsx";"item";"Transfert interrompu a issue inconnue. Verifier la derniere version cible avant de reparer le checkpoint (voir notice)."
"2026-09-17T14:04:50.3082768Z";"fethy.faradji@infopro-digital.com -> UserMercury@infopro-digital.com";"Fichiers de conversation Microsoft Teams/Netoyage_SF_Edit (007).sql";"item";"Champ Created refuse : Vous devez spécifier une date valide comprise entre 01/01/1900 et 31/12/8900."
"2026-09-17T14:04:51.1124174Z";"fethy.faradji@infopro-digital.com -> UserMercury@infopro-digital.com";"Fichiers de conversation Microsoft Teams/netoyage_sif.sql";"item";"Champ Created refuse : Vous devez spécifier une date valide comprise entre 01/01/1900 et 31/12/8900."
"2026-09-17T14:04:51.8837155Z";"fethy.faradji@infopro-digital.com -> UserMercury@infopro-digital.com";"Fichiers de conversation Microsoft Teams/nouveau 1.txt";"item";"Champ Created refuse : Vous devez spécifier une date valide comprise entre 01/01/1900 et 31/12/8900."
"2026-09-17T14:04:52.5653081Z";"fethy.faradji@infopro-digital.com -> UserMercury@infopro-digital.com";"Fichiers de conversation Microsoft Teams/nouveau 2.txt";"item";"Champ Created refuse : Vous devez spécifier une date valide comprise entre 01/01/1900 et 31/12/8900."
"2026-09-17T14:04:53.3625534Z";"fethy.faradji@infopro-digital.com -> UserMercury@infopro-digital.com";"Fichiers de conversation Microsoft Teams/nouveau 3.txt";"item";"Champ Created refuse : Vous devez spécifier une date valide comprise entre 01/01/1900 et 31/12/8900."
"2026-09-17T14:04:54.1637227Z";"fethy.faradji@infopro-digital.com -> UserMercury@infopro-digital.com";"Fichiers de conversation Microsoft Teams/nouveau 5.txt";"item";"Champ Created refuse : Vous devez spécifier une date valide comprise entre 01/01/1900 et 31/12/8900."
"2026-09-17T14:04:54.9096567Z";"fethy.faradji@infopro-digital.com -> UserMercury@infopro-digital.com";"Fichiers de conversation Microsoft Teams/nouveau 52.txt";"item";"Champ Created refuse : Vous devez spécifier une date valide comprise entre 01/01/1900 et 31/12/8900."
"2026-09-17T14:04:55.6971045Z";"fethy.faradji@infopro-digital.com -> UserMercury@infopro-digital.com";"Fichiers de conversation Microsoft Teams/Nouveau dossier (2).zip";"item";"Champ Created refuse : Vous devez spécifier une date valide comprise entre 01/01/1900 et 31/12/8900."
"2026-09-17T14:04:55.9262079Z";"fethy.faradji@infopro-digital.com -> UserMercury@infopro-digital.com";"Fichiers de conversation Microsoft Teams/nouveau droit bdd- V2 .xlsx";"item";"Transfert interrompu a issue inconnue. Verifier la derniere version cible avant de reparer le checkpoint (voir notice)."
"2026-09-17T14:04:56.1918396Z";"fethy.faradji@infopro-digital.com -> UserMercury@infopro-digital.com";"Fichiers de conversation Microsoft Teams/nouveau droit bdd- V2.xlsx";"item";"Transfert interrompu a issue inconnue. Verifier la derniere version cible avant de reparer le checkpoint (voir notice)."
"2026-09-17T14:04:56.3168385Z";"fethy.faradji@infopro-digital.com -> UserMercury@infopro-digital.com";"Fichiers de conversation Microsoft Teams/nouveau droit bdd.xlsx";"item";"Transfert interrompu a issue inconnue. Verifier la derniere version cible avant de reparer le checkpoint (voir notice)."
"2026-09-17T14:04:57.0169879Z";"fethy.faradji@infopro-digital.com -> UserMercury@infopro-digital.com";"Fichiers de conversation Microsoft Teams/npatunnel.pcap";"item";"Champ Created refuse : Vous devez spécifier une date valide comprise entre 01/01/1900 et 31/12/8900."
"2026-09-17T14:04:57.7679705Z";"fethy.faradji@infopro-digital.com -> UserMercury@infopro-digital.com";"Fichiers de conversation Microsoft Teams/nspktdump.pcap";"item";"Champ Created refuse : Vous devez spécifier une date valide comprise entre 01/01/1900 et 31/12/8900."
"2026-09-17T14:04:58.4609709Z";"fethy.faradji@infopro-digital.com -> UserMercury@infopro-digital.com";"Fichiers de conversation Microsoft Teams/NUTS.xsd";"item";"Champ Created refuse : Vous devez spécifier une date valide comprise entre 01/01/1900 et 31/12/8900."
"2026-09-17T14:04:59.3805018Z";"fethy.faradji@infopro-digital.com -> UserMercury@infopro-digital.com";"Fichiers de conversation Microsoft Teams/OneDrive_1_07-04-2022.zip";"item";"Champ Created refuse : Vous devez spécifier une date valide comprise entre 01/01/1900 et 31/12/8900."
"2026-09-17T14:05:00.0342999Z";"fethy.faradji@infopro-digital.com -> UserMercury@infopro-digital.com";"Fichiers de conversation Microsoft Teams/OneDrive_Copy_2026-08-04_145929.log";"item";"Champ Created refuse : Vous devez spécifier une date valide comprise entre 01/01/1900 et 31/12/8900."
"2026-09-17T14:05:01.0183885Z";"fethy.faradji@infopro-digital.com -> UserMercury@infopro-digital.com";"Fichiers de conversation Microsoft Teams/OneDrive_Errors_2026-04-14_174542 - Copie.csv";"item";"Champ Created refuse : Vous devez spécifier une date valide comprise entre 01/01/1900 et 31/12/8900."
"2026-09-17T14:05:01.7260119Z";"fethy.faradji@infopro-digital.com -> UserMercury@infopro-digital.com";"Fichiers de conversation Microsoft Teams/OneDrive_Errors_2026-04-14_174542.csv";"item";"Champ Created refuse : Vous devez spécifier une date valide comprise entre 01/01/1900 et 31/12/8900."
"2026-09-17T14:05:02.4227511Z";"fethy.faradji@infopro-digital.com -> UserMercury@infopro-digital.com";"Fichiers de conversation Microsoft Teams/oracle_monitoring_with spy 1.zip";"item";"Champ Created refuse : Vous devez spécifier une date valide comprise entre 01/01/1900 et 31/12/8900."
"2026-09-17T14:05:03.1585624Z";"fethy.faradji@infopro-digital.com -> UserMercury@infopro-digital.com";"Fichiers de conversation Microsoft Teams/oracle_monitoring_with spy.zip";"item";"Champ Created refuse : Vous devez spécifier une date valide comprise entre 01/01/1900 et 31/12/8900."
"2026-09-17T14:05:04.0091520Z";"fethy.faradji@infopro-digital.com -> UserMercury@infopro-digital.com";"Fichiers de conversation Microsoft Teams/Order_2.csv";"item";"Champ Created refuse : Vous devez spécifier une date valide comprise entre 01/01/1900 et 31/12/8900."
"2026-09-17T14:05:04.6957597Z";"fethy.faradji@infopro-digital.com -> UserMercury@infopro-digital.com";"Fichiers de conversation Microsoft Teams/order_a_delete.xls";"item";"Champ Created refuse : Vous devez spécifier une date valide comprise entre 01/01/1900 et 31/12/8900."
"2026-09-17T14:05:04.8621109Z";"fethy.faradji@infopro-digital.com -> UserMercury@infopro-digital.com";"Fichiers de conversation Microsoft Teams/Order_last.csv";"item";"Transfert interrompu a issue inconnue. Verifier la derniere version cible avant de reparer le checkpoint (voir notice)."
"2026-09-17T14:05:05.0183602Z";"fethy.faradji@infopro-digital.com -> UserMercury@infopro-digital.com";"Fichiers de conversation Microsoft Teams/order_sans_publications.xlsx";"item";"Transfert interrompu a issue inconnue. Verifier la derniere version cible avant de reparer le checkpoint (voir notice)."
"2026-09-17T14:05:05.1746179Z";"fethy.faradji@infopro-digital.com -> UserMercury@infopro-digital.com";"Fichiers de conversation Microsoft Teams/PAC-BasculeEtPurge_SIM.xlsx";"item";"Transfert interrompu a issue inconnue. Verifier la derniere version cible avant de reparer le checkpoint (voir notice)."
"2026-09-17T14:05:05.3152352Z";"fethy.faradji@infopro-digital.com -> UserMercury@infopro-digital.com";"Fichiers de conversation Microsoft Teams/PARENT_Account_PROD_ss_siret_V1.xlsx";"item";"Transfert interrompu a issue inconnue. Verifier la derniere version cible avant de reparer le checkpoint (voir notice)."
"2026-09-17T14:05:05.4402370Z";"fethy.faradji@infopro-digital.com -> UserMercury@infopro-digital.com";"Fichiers de conversation Microsoft Teams/PARENT_Account_PROD_ss_siret_V2.xlsx";"item";"Transfert interrompu a issue inconnue. Verifier la derniere version cible avant de reparer le checkpoint (voir notice)."
"2026-09-17T14:05:05.5857819Z";"fethy.faradji@infopro-digital.com -> UserMercury@infopro-digital.com";"Fichiers de conversation Microsoft Teams/PARENT_Account_PROD_V3.xlsx";"item";"Transfert interrompu a issue inconnue. Verifier la derniere version cible avant de reparer le checkpoint (voir notice)."
"2026-09-17T14:05:06.3660611Z";"fethy.faradji@infopro-digital.com -> UserMercury@infopro-digital.com";"Fichiers de conversation Microsoft Teams/parent_enfant_patenariats.xlsx";"item";"Champ Created refuse : Vous devez spécifier une date valide comprise entre 01/01/1900 et 31/12/8900."
"2026-09-17T14:05:06.4910601Z";"fethy.faradji@infopro-digital.com -> UserMercury@infopro-digital.com";"Fichiers de conversation Microsoft Teams/partenariat_SF 1.xlsx";"item";"Transfert interrompu a issue inconnue. Verifier la derniere version cible avant de reparer le checkpoint (voir notice)."
"2026-09-17T14:05:06.6186039Z";"fethy.faradji@infopro-digital.com -> UserMercury@infopro-digital.com";"Fichiers de conversation Microsoft Teams/partenariat_SF.xlsx";"item";"Transfert interrompu a issue inconnue. Verifier la derniere version cible avant de reparer le checkpoint (voir notice)."
"2026-09-17T14:05:07.3189891Z";"fethy.faradji@infopro-digital.com -> UserMercury@infopro-digital.com";"Fichiers de conversation Microsoft Teams/PC10031.cer";"item";"Champ Created refuse : Vous devez spécifier une date valide comprise entre 01/01/1900 et 31/12/8900."
"2026-09-17T14:05:08.2055480Z";"fethy.faradji@infopro-digital.com -> UserMercury@infopro-digital.com";"Fichiers de conversation Microsoft Teams/PC10031_info_lcal.csr";"item";"Champ Created refuse : Vous devez spécifier une date valide comprise entre 01/01/1900 et 31/12/8900."
"2026-09-17T14:05:08.9282882Z";"fethy.faradji@infopro-digital.com -> UserMercury@infopro-digital.com";"Fichiers de conversation Microsoft Teams/PC10031_info_local.cer";"item";"Champ Created refuse : Vous devez spécifier une date valide comprise entre 01/01/1900 et 31/12/8900."
"2026-09-17T14:05:09.6776257Z";"fethy.faradji@infopro-digital.com -> UserMercury@infopro-digital.com";"Fichiers de conversation Microsoft Teams/PC10031_info_local.csr";"item";"Champ Created refuse : Vous devez spécifier une date valide comprise entre 01/01/1900 et 31/12/8900."
"2026-09-17T14:05:10.3626528Z";"fethy.faradji@infopro-digital.com -> UserMercury@infopro-digital.com";"Fichiers de conversation Microsoft Teams/PC10031_info_local.pfx";"item";"Champ Created refuse : Vous devez spécifier une date valide comprise entre 01/01/1900 et 31/12/8900."
"2026-09-17T14:05:10.4876532Z";"fethy.faradji@infopro-digital.com -> UserMercury@infopro-digital.com";"Fichiers de conversation Microsoft Teams/périmetre RRIM-CSIM - SIM.xlsx";"item";"Transfert interrompu a issue inconnue. Verifier la derniere version cible avant de reparer le checkpoint (voir notice)."
"2026-09-17T14:05:11.1588936Z";"fethy.faradji@infopro-digital.com -> UserMercury@infopro-digital.com";"Fichiers de conversation Microsoft Teams/piedPage_GISI.eps";"item";"Champ Created refuse : Vous devez spécifier une date valide comprise entre 01/01/1900 et 31/12/8900."
"2026-09-17T14:05:11.7959967Z";"fethy.faradji@infopro-digital.com -> UserMercury@infopro-digital.com";"Fichiers de conversation Microsoft Teams/piedPage_GroupeMoniteur.eps";"item";"Champ Created refuse : Vous devez spécifier une date valide comprise entre 01/01/1900 et 31/12/8900."
"2026-09-17T14:05:12.4522486Z";"fethy.faradji@infopro-digital.com -> UserMercury@infopro-digital.com";"Fichiers de conversation Microsoft Teams/piedPage_GroupeMoniteur_old.eps";"item";"Champ Created refuse : Vous devez spécifier une date valide comprise entre 01/01/1900 et 31/12/8900."
"2026-09-17T14:05:13.1026899Z";"fethy.faradji@infopro-digital.com -> UserMercury@infopro-digital.com";"Fichiers de conversation Microsoft Teams/plan B - contre lotus.png";"item";"Cible modifiee depuis le checkpoint : conflit a examiner, aucun ecrasement automatique."
"2026-09-17T14:05:13.9466238Z";"fethy.faradji@infopro-digital.com -> UserMercury@infopro-digital.com";"Fichiers de conversation Microsoft Teams/pouky.zip";"item";"Champ Created refuse : Vous devez spécifier une date valide comprise entre 01/01/1900 et 31/12/8900."
"2026-09-17T14:05:14.6631712Z";"fethy.faradji@infopro-digital.com -> UserMercury@infopro-digital.com";"Fichiers de conversation Microsoft Teams/PRC-DeploiementProjetSSIS - Copie.docx";"item";"Champ Created refuse : Vous devez spécifier une date valide comprise entre 01/01/1900 et 31/12/8900."
"2026-09-17T14:05:15.4046784Z";"fethy.faradji@infopro-digital.com -> UserMercury@infopro-digital.com";"Fichiers de conversation Microsoft Teams/PRC-DeploiementProjetSSIS.docx";"item";"Champ Created refuse : Vous devez spécifier une date valide comprise entre 01/01/1900 et 31/12/8900."
"2026-09-17T14:05:16.1601080Z";"fethy.faradji@infopro-digital.com -> UserMercury@infopro-digital.com";"Fichiers de conversation Microsoft Teams/previewCdtAutres.html";"item";"Champ Created refuse : Vous devez spécifier une date valide comprise entre 01/01/1900 et 31/12/8900."
"2026-09-17T14:05:16.8206425Z";"fethy.faradji@infopro-digital.com -> UserMercury@infopro-digital.com";"Fichiers de conversation Microsoft Teams/Prise_en_main_Monimail2.pdf";"item";"Champ Created refuse : Vous devez spécifier une date valide comprise entre 01/01/1900 et 31/12/8900."
"2026-09-17T14:05:17.5655349Z";"fethy.faradji@infopro-digital.com -> UserMercury@infopro-digital.com";"Fichiers de conversation Microsoft Teams/problème_adresse.xlsx";"item";"Champ Created refuse : Vous devez spécifier une date valide comprise entre 01/01/1900 et 31/12/8900."
"2026-09-17T14:05:17.6929692Z";"fethy.faradji@infopro-digital.com -> UserMercury@infopro-digital.com";"Fichiers de conversation Microsoft Teams/procédure.xlsx";"item";"Transfert interrompu a issue inconnue. Verifier la derniere version cible avant de reparer le checkpoint (voir notice)."
"2026-09-17T14:05:18.4272285Z";"fethy.faradji@infopro-digital.com -> UserMercury@infopro-digital.com";"Fichiers de conversation Microsoft Teams/Process_compatibilité_SIMNET_Windows10.pdf";"item";"Champ Created refuse : Vous devez spécifier une date valide comprise entre 01/01/1900 et 31/12/8900."
"2026-09-17T14:05:18.5949540Z";"fethy.faradji@infopro-digital.com -> UserMercury@infopro-digital.com";"Fichiers de conversation Microsoft Teams/process_synchro_sim_sf.jpg";"item";"Cible modifiee depuis le checkpoint : conflit a examiner, aucun ecrasement automatique."
"2026-09-17T14:05:19.4111624Z";"fethy.faradji@infopro-digital.com -> UserMercury@infopro-digital.com";"Fichiers de conversation Microsoft Teams/Production_MOL_20221016.zip";"item";"Champ Created refuse : Vous devez spécifier une date valide comprise entre 01/01/1900 et 31/12/8900."
"2026-09-17T14:05:20.1430530Z";"fethy.faradji@infopro-digital.com -> UserMercury@infopro-digital.com";"Fichiers de conversation Microsoft Teams/Production_MOL_20230712-2.zip";"item";"Champ Created refuse : Vous devez spécifier une date valide comprise entre 01/01/1900 et 31/12/8900."
"2026-09-17T14:05:20.2524209Z";"fethy.faradji@infopro-digital.com -> UserMercury@infopro-digital.com";"Fichiers de conversation Microsoft Teams/profile-dk-crankykong.7bf2a8f2.aead314d58b63e27.png";"item";"Cible modifiee depuis le checkpoint : conflit a examiner, aucun ecrasement automatique."
"2026-09-17T14:05:21.0725798Z";"fethy.faradji@infopro-digital.com -> UserMercury@infopro-digital.com";"Fichiers de conversation Microsoft Teams/Program.cs";"item";"Champ Created refuse : Vous devez spécifier une date valide comprise entre 01/01/1900 et 31/12/8900."
"2026-09-17T14:05:21.6975376Z";"fethy.faradji@infopro-digital.com -> UserMercury@infopro-digital.com";"Fichiers de conversation Microsoft Teams/propriétaire de compte.xlsx";"item";"Champ Created refuse : Vous devez spécifier une date valide comprise entre 01/01/1900 et 31/12/8900."
"2026-09-17T14:05:21.8351074Z";"fethy.faradji@infopro-digital.com -> UserMercury@infopro-digital.com";"Fichiers de conversation Microsoft Teams/provenance_monimail.xlsx";"item";"Transfert interrompu a issue inconnue. Verifier la derniere version cible avant de reparer le checkpoint (voir notice)."
"2026-09-17T14:05:22.5069822Z";"fethy.faradji@infopro-digital.com -> UserMercury@infopro-digital.com";"Fichiers de conversation Microsoft Teams/pub.csv";"item";"Champ Created refuse : Vous devez spécifier une date valide comprise entre 01/01/1900 et 31/12/8900."
"2026-09-17T14:05:23.1903638Z";"fethy.faradji@infopro-digital.com -> UserMercury@infopro-digital.com";"Fichiers de conversation Microsoft Teams/pub_a_sup.csv";"item";"Champ Created refuse : Vous devez spécifier une date valide comprise entre 01/01/1900 et 31/12/8900."
"2026-09-17T14:05:23.9587232Z";"fethy.faradji@infopro-digital.com -> UserMercury@infopro-digital.com";"Fichiers de conversation Microsoft Teams/pub_ABO-1733132.xml";"item";"Champ Created refuse : Vous devez spécifier une date valide comprise entre 01/01/1900 et 31/12/8900."
"2026-09-17T14:05:24.7689606Z";"fethy.faradji@infopro-digital.com -> UserMercury@infopro-digital.com";"Fichiers de conversation Microsoft Teams/pub_APC-4083036.xml";"item";"Champ Created refuse : Vous devez spécifier une date valide comprise entre 01/01/1900 et 31/12/8900."
"2026-09-17T14:05:25.4096029Z";"fethy.faradji@infopro-digital.com -> UserMercury@infopro-digital.com";"Fichiers de conversation Microsoft Teams/pub_CMPLT_RECT_txt-4083036.txt";"item";"Champ Created refuse : Vous devez spécifier une date valide comprise entre 01/01/1900 et 31/12/8900."
"2026-09-17T14:05:26.0653620Z";"fethy.faradji@infopro-digital.com -> UserMercury@infopro-digital.com";"Fichiers de conversation Microsoft Teams/pub_CMPLT_RECT-4083036.xml";"item";"Champ Created refuse : Vous devez spécifier une date valide comprise entre 01/01/1900 et 31/12/8900."
"2026-09-17T14:05:26.8122145Z";"fethy.faradji@infopro-digital.com -> UserMercury@infopro-digital.com";"Fichiers de conversation Microsoft Teams/pub_flux-4083036.xml";"item";"Champ Created refuse : Vous devez spécifier une date valide comprise entre 01/01/1900 et 31/12/8900."
"2026-09-17T14:05:27.5309686Z";"fethy.faradji@infopro-digital.com -> UserMercury@infopro-digital.com";"Fichiers de conversation Microsoft Teams/pub_insert_correction.csv";"item";"Champ Created refuse : Vous devez spécifier une date valide comprise entre 01/01/1900 et 31/12/8900."
"2026-09-17T14:05:28.2098224Z";"fethy.faradji@infopro-digital.com -> UserMercury@infopro-digital.com";"Fichiers de conversation Microsoft Teams/pub_insert_oki.csv";"item";"Champ Created refuse : Vous devez spécifier une date valide comprise entre 01/01/1900 et 31/12/8900."
"2026-09-17T14:05:29.0781255Z";"fethy.faradji@infopro-digital.com -> UserMercury@infopro-digital.com";"Fichiers de conversation Microsoft Teams/pub_RECT-3837634.xml";"item";"Champ Created refuse : Vous devez spécifier une date valide comprise entre 01/01/1900 et 31/12/8900."
"2026-09-17T14:05:29.8004732Z";"fethy.faradji@infopro-digital.com -> UserMercury@infopro-digital.com";"Fichiers de conversation Microsoft Teams/pub_RECT-4083036.xml";"item";"Champ Created refuse : Vous devez spécifier une date valide comprise entre 01/01/1900 et 31/12/8900."
"2026-09-17T14:05:30.6012406Z";"fethy.faradji@infopro-digital.com -> UserMercury@infopro-digital.com";"Fichiers de conversation Microsoft Teams/pub_test.csv";"item";"Champ Created refuse : Vous devez spécifier une date valide comprise entre 01/01/1900 et 31/12/8900."
"2026-09-17T14:05:31.5079602Z";"fethy.faradji@infopro-digital.com -> UserMercury@infopro-digital.com";"Fichiers de conversation Microsoft Teams/publication 2021-2022.xlsx";"item";"Mapping manquant pour safa.sakly@infopro-digital.com dans user_mapping.csv."
"2026-09-17T14:05:32.3470475Z";"fethy.faradji@infopro-digital.com -> UserMercury@infopro-digital.com";"Fichiers de conversation Microsoft Teams/publication inf 2021.xlsx";"item";"Champ Created refuse : Vous devez spécifier une date valide comprise entre 01/01/1900 et 31/12/8900."
"2026-09-17T14:05:32.4720525Z";"fethy.faradji@infopro-digital.com -> UserMercury@infopro-digital.com";"Fichiers de conversation Microsoft Teams/publication sup 2023.xlsx";"item";"Transfert interrompu a issue inconnue. Verifier la derniere version cible avant de reparer le checkpoint (voir notice)."
"2026-09-17T14:05:33.2061916Z";"fethy.faradji@infopro-digital.com -> UserMercury@infopro-digital.com";"Fichiers de conversation Microsoft Teams/publication__c_R";"item";"Champ Created refuse : Vous devez spécifier une date valide comprise entre 01/01/1900 et 31/12/8900."
"2026-09-17T14:05:33.8103055Z";"fethy.faradji@infopro-digital.com -> UserMercury@infopro-digital.com";"Fichiers de conversation Microsoft Teams/publication__c_R.csv";"item";"Champ Created refuse : Vous devez spécifier une date valide comprise entre 01/01/1900 et 31/12/8900."
"2026-09-17T14:05:34.4620507Z";"fethy.faradji@infopro-digital.com -> UserMercury@infopro-digital.com";"Fichiers de conversation Microsoft Teams/publication_avec_filtre_sur_le_support.xlsx";"item";"Champ Created refuse : Vous devez spécifier une date valide comprise entre 01/01/1900 et 31/12/8900."
"2026-09-17T14:05:34.5848521Z";"fethy.faradji@infopro-digital.com -> UserMercury@infopro-digital.com";"Fichiers de conversation Microsoft Teams/publication_et_etat.xlsx";"item";"Transfert interrompu a issue inconnue. Verifier la derniere version cible avant de reparer le checkpoint (voir notice)."
"2026-09-17T14:05:34.7098601Z";"fethy.faradji@infopro-digital.com -> UserMercury@infopro-digital.com";"Fichiers de conversation Microsoft Teams/publication_sans_filtre_sur_le_support.xlsx";"item";"Transfert interrompu a issue inconnue. Verifier la derniere version cible avant de reparer le checkpoint (voir notice)."
"2026-09-17T14:05:35.4883997Z";"fethy.faradji@infopro-digital.com -> UserMercury@infopro-digital.com";"Fichiers de conversation Microsoft Teams/publications 1.xlsx";"item";"Champ Created refuse : Vous devez spécifier une date valide comprise entre 01/01/1900 et 31/12/8900."
"2026-09-17T14:05:35.6514639Z";"fethy.faradji@infopro-digital.com -> UserMercury@infopro-digital.com";"Fichiers de conversation Microsoft Teams/publications.xlsx";"item";"Transfert interrompu a issue inconnue. Verifier la derniere version cible avant de reparer le checkpoint (voir notice)."
"2026-09-17T14:05:36.3783167Z";"fethy.faradji@infopro-digital.com -> UserMercury@infopro-digital.com";"Fichiers de conversation Microsoft Teams/publications__c 1.csv";"item";"Champ Created refuse : Vous devez spécifier une date valide comprise entre 01/01/1900 et 31/12/8900."
"2026-09-17T14:05:37.0730292Z";"fethy.faradji@infopro-digital.com -> UserMercury@infopro-digital.com";"Fichiers de conversation Microsoft Teams/publications__c.csv";"item";"Champ Created refuse : Vous devez spécifier une date valide comprise entre 01/01/1900 et 31/12/8900."
"2026-09-17T14:05:37.2449005Z";"fethy.faradji@infopro-digital.com -> UserMercury@infopro-digital.com";"Fichiers de conversation Microsoft Teams/Publications__c_mep_20230920.xlsx";"item";"Cible modifiee depuis le checkpoint : conflit a examiner, aucun ecrasement automatique."
"2026-09-17T14:05:37.9313591Z";"fethy.faradji@infopro-digital.com -> UserMercury@infopro-digital.com";"Fichiers de conversation Microsoft Teams/publications__c_rattrapage.csv";"item";"Champ Created refuse : Vous devez spécifier une date valide comprise entre 01/01/1900 et 31/12/8900."
"2026-09-17T14:05:38.6652841Z";"fethy.faradji@infopro-digital.com -> UserMercury@infopro-digital.com";"Fichiers de conversation Microsoft Teams/Publications_a_supprimé.csv";"item";"Champ Created refuse : Vous devez spécifier une date valide comprise entre 01/01/1900 et 31/12/8900."
"2026-09-17T14:05:39.3958194Z";"fethy.faradji@infopro-digital.com -> UserMercury@infopro-digital.com";"Fichiers de conversation Microsoft Teams/Publications_a_supprimé.xlsx";"item";"Champ Created refuse : Vous devez spécifier une date valide comprise entre 01/01/1900 et 31/12/8900."
"2026-09-17T14:05:40.1128455Z";"fethy.faradji@infopro-digital.com -> UserMercury@infopro-digital.com";"Fichiers de conversation Microsoft Teams/publications_brutesV2.xlsx";"item";"Champ Created refuse : Vous devez spécifier une date valide comprise entre 01/01/1900 et 31/12/8900."
"2026-09-17T14:05:40.8156975Z";"fethy.faradji@infopro-digital.com -> UserMercury@infopro-digital.com";"Fichiers de conversation Microsoft Teams/publications_lot2.csv";"item";"Champ Created refuse : Vous devez spécifier une date valide comprise entre 01/01/1900 et 31/12/8900."
"2026-09-17T14:05:41.5031961Z";"fethy.faradji@infopro-digital.com -> UserMercury@infopro-digital.com";"Fichiers de conversation Microsoft Teams/publications_lot3.csv";"item";"Champ Created refuse : Vous devez spécifier une date valide comprise entre 01/01/1900 et 31/12/8900."
"2026-09-17T14:05:42.2194212Z";"fethy.faradji@infopro-digital.com -> UserMercury@infopro-digital.com";"Fichiers de conversation Microsoft Teams/publications_lot4.csv";"item";"Champ Created refuse : Vous devez spécifier une date valide comprise entre 01/01/1900 et 31/12/8900."
"2026-09-17T14:05:42.8703120Z";"fethy.faradji@infopro-digital.com -> UserMercury@infopro-digital.com";"Fichiers de conversation Microsoft Teams/Publications_manquante 1.xlsx";"item";"Champ Created refuse : Vous devez spécifier une date valide comprise entre 01/01/1900 et 31/12/8900."
"2026-09-17T14:05:43.6319883Z";"fethy.faradji@infopro-digital.com -> UserMercury@infopro-digital.com";"Fichiers de conversation Microsoft Teams/Publications_manquante 2.xlsx";"item";"Champ Created refuse : Vous devez spécifier une date valide comprise entre 01/01/1900 et 31/12/8900."
"2026-09-17T14:05:44.3653034Z";"fethy.faradji@infopro-digital.com -> UserMercury@infopro-digital.com";"Fichiers de conversation Microsoft Teams/Publications_manquante.xlsx";"item";"Champ Created refuse : Vous devez spécifier une date valide comprise entre 01/01/1900 et 31/12/8900."
"2026-09-17T14:05:45.0654154Z";"fethy.faradji@infopro-digital.com -> UserMercury@infopro-digital.com";"Fichiers de conversation Microsoft Teams/publications_non_dispo.csv";"item";"Champ Created refuse : Vous devez spécifier une date valide comprise entre 01/01/1900 et 31/12/8900."
"2026-09-17T14:05:45.7259073Z";"fethy.faradji@infopro-digital.com -> UserMercury@infopro-digital.com";"Fichiers de conversation Microsoft Teams/publications_sauv20240628.csv";"item";"Champ Created refuse : Vous devez spécifier une date valide comprise entre 01/01/1900 et 31/12/8900."
"2026-09-17T14:05:46.9372971Z";"fethy.faradji@infopro-digital.com -> UserMercury@infopro-digital.com";"Fichiers de conversation Microsoft Teams/publications_synchro_20240401_au_20240424_3.xlsx";"item";"Champ Created refuse : Vous devez spécifier une date valide comprise entre 01/01/1900 et 31/12/8900."
"2026-09-17T14:05:47.7179527Z";"fethy.faradji@infopro-digital.com -> UserMercury@infopro-digital.com";"Fichiers de conversation Microsoft Teams/publications_synchro_20240401_au_20240424_V4.xlsx";"item";"Champ Created refuse : Vous devez spécifier une date valide comprise entre 01/01/1900 et 31/12/8900."
"2026-09-17T14:05:48.5609535Z";"fethy.faradji@infopro-digital.com -> UserMercury@infopro-digital.com";"Fichiers de conversation Microsoft Teams/publications_synchro_20240401_au_20240424_V5.xlsx";"item";"Champ Created refuse : Vous devez spécifier une date valide comprise entre 01/01/1900 et 31/12/8900."
"2026-09-17T14:05:49.2163820Z";"fethy.faradji@infopro-digital.com -> UserMercury@infopro-digital.com";"Fichiers de conversation Microsoft Teams/publications_synchro_20240401_au_20240424_V6.xlsx";"item";"Champ Created refuse : Vous devez spécifier une date valide comprise entre 01/01/1900 et 31/12/8900."
"2026-09-17T14:05:49.8914824Z";"fethy.faradji@infopro-digital.com -> UserMercury@infopro-digital.com";"Fichiers de conversation Microsoft Teams/publications_synchro_20240401_au_20240424_VFinal.xlsx";"item";"Champ Created refuse : Vous devez spécifier une date valide comprise entre 01/01/1900 et 31/12/8900."
"2026-09-17T14:05:50.6204426Z";"fethy.faradji@infopro-digital.com -> UserMercury@infopro-digital.com";"Fichiers de conversation Microsoft Teams/publications_synchroV2_20240409 1.xlsx";"item";"Champ Created refuse : Vous devez spécifier une date valide comprise entre 01/01/1900 et 31/12/8900."
"2026-09-17T14:05:51.3145866Z";"fethy.faradji@infopro-digital.com -> UserMercury@infopro-digital.com";"Fichiers de conversation Microsoft Teams/publications_synchroV2_20240409.xlsx";"item";"Champ Created refuse : Vous devez spécifier une date valide comprise entre 01/01/1900 et 31/12/8900."
"2026-09-17T14:05:52.0660641Z";"fethy.faradji@infopro-digital.com -> UserMercury@infopro-digital.com";"Fichiers de conversation Microsoft Teams/publications_v23.xlsx";"item";"Champ Created refuse : Vous devez spécifier une date valide comprise entre 01/01/1900 et 31/12/8900."
"2026-09-17T14:05:53.5031145Z";"fethy.faradji@infopro-digital.com -> UserMercury@infopro-digital.com";"Fichiers de conversation Microsoft Teams/publications_V24.xlsx";"item";"Champ Created refuse : Vous devez spécifier une date valide comprise entre 01/01/1900 et 31/12/8900."
"2026-09-17T14:05:54.3655028Z";"fethy.faradji@infopro-digital.com -> UserMercury@infopro-digital.com";"Fichiers de conversation Microsoft Teams/publications_V7.xlsx";"item";"Champ Created refuse : Vous devez spécifier une date valide comprise entre 01/01/1900 et 31/12/8900."
"2026-09-17T14:05:55.2219972Z";"fethy.faradji@infopro-digital.com -> UserMercury@infopro-digital.com";"Fichiers de conversation Microsoft Teams/publications_V8.xlsx";"item";"Champ Created refuse : Vous devez spécifier une date valide comprise entre 01/01/1900 et 31/12/8900."
"2026-09-17T14:05:56.0724644Z";"fethy.faradji@infopro-digital.com -> UserMercury@infopro-digital.com";"Fichiers de conversation Microsoft Teams/publications2.xlsx";"item";"Champ Created refuse : Vous devez spécifier une date valide comprise entre 01/01/1900 et 31/12/8900."
"2026-09-17T14:05:57.0305528Z";"fethy.faradji@infopro-digital.com -> UserMercury@infopro-digital.com";"Fichiers de conversation Microsoft Teams/publicationsV22.xlsx";"item";"Champ Created refuse : Vous devez spécifier une date valide comprise entre 01/01/1900 et 31/12/8900."
"2026-09-17T14:05:57.7721398Z";"fethy.faradji@infopro-digital.com -> UserMercury@infopro-digital.com";"Fichiers de conversation Microsoft Teams/publictions_lot1.csv";"item";"Champ Created refuse : Vous devez spécifier une date valide comprise entre 01/01/1900 et 31/12/8900."
"2026-09-17T14:05:58.4283917Z";"fethy.faradji@infopro-digital.com -> UserMercury@infopro-digital.com";"Fichiers de conversation Microsoft Teams/Rapport-PowerBI-Consolide-90J7.csv";"item";"Champ Created refuse : Vous devez spécifier une date valide comprise entre 01/01/1900 et 31/12/8900."
"2026-09-17T14:05:59.1621226Z";"fethy.faradji@infopro-digital.com -> UserMercury@infopro-digital.com";"Fichiers de conversation Microsoft Teams/rattrapage calligramme_20230119.sql";"item";"Champ Created refuse : Vous devez spécifier une date valide comprise entre 01/01/1900 et 31/12/8900."
"2026-09-17T14:05:59.8420639Z";"fethy.faradji@infopro-digital.com -> UserMercury@infopro-digital.com";"Fichiers de conversation Microsoft Teams/rattrapage_synchro_sim_sf_20200101_20241101.sql";"item";"Champ Created refuse : Vous devez spécifier une date valide comprise entre 01/01/1900 et 31/12/8900."
"2026-09-17T14:06:00.5139407Z";"fethy.faradji@infopro-digital.com -> UserMercury@infopro-digital.com";"Fichiers de conversation Microsoft Teams/rattrapage_synchro_sim_sf_20200101_20241101_2.sql";"item";"Champ Created refuse : Vous devez spécifier une date valide comprise entre 01/01/1900 et 31/12/8900."
"2026-09-17T14:06:01.1904787Z";"fethy.faradji@infopro-digital.com -> UserMercury@infopro-digital.com";"Fichiers de conversation Microsoft Teams/recette 1.xlsx";"item";"Champ Created refuse : Vous devez spécifier une date valide comprise entre 01/01/1900 et 31/12/8900."
"2026-09-17T14:06:01.8828865Z";"fethy.faradji@infopro-digital.com -> UserMercury@infopro-digital.com";"Fichiers de conversation Microsoft Teams/Recette problème de support AO.docx";"item";"Champ Created refuse : Vous devez spécifier une date valide comprise entre 01/01/1900 et 31/12/8900."
"2026-09-17T14:06:02.5654659Z";"fethy.faradji@infopro-digital.com -> UserMercury@infopro-digital.com";"Fichiers de conversation Microsoft Teams/recette.xlsx";"item";"Champ Created refuse : Vous devez spécifier une date valide comprise entre 01/01/1900 et 31/12/8900."
"2026-09-17T14:06:02.6940101Z";"fethy.faradji@infopro-digital.com -> UserMercury@infopro-digital.com";"Fichiers de conversation Microsoft Teams/Redemarrer le serveur PASEO 1.docx";"item";"Transfert interrompu a issue inconnue. Verifier la derniere version cible avant de reparer le checkpoint (voir notice)."
"2026-09-17T14:06:02.8477095Z";"fethy.faradji@infopro-digital.com -> UserMercury@infopro-digital.com";"Fichiers de conversation Microsoft Teams/Redemarrer le serveur PASEO 2.docx";"item";"Transfert interrompu a issue inconnue. Verifier la derniere version cible avant de reparer le checkpoint (voir notice)."
"2026-09-17T14:06:03.5849553Z";"fethy.faradji@infopro-digital.com -> UserMercury@infopro-digital.com";"Fichiers de conversation Microsoft Teams/Redemarrer le serveur PASEO.docx";"item";"Champ Created refuse : Vous devez spécifier une date valide comprise entre 01/01/1900 et 31/12/8900."
"2026-09-17T14:06:04.2551057Z";"fethy.faradji@infopro-digital.com -> UserMercury@infopro-digital.com";"Fichiers de conversation Microsoft Teams/référentiel_creamodif-AD.xlsx";"item";"Champ Created refuse : Vous devez spécifier une date valide comprise entre 01/01/1900 et 31/12/8900."
"2026-09-17T14:06:04.5363577Z";"fethy.faradji@infopro-digital.com -> UserMercury@infopro-digital.com";"Fichiers de conversation Microsoft Teams/référentiel_intranet.xlsx";"item";"Transfert interrompu a issue inconnue. Verifier la derniere version cible avant de reparer le checkpoint (voir notice)."
"2026-09-17T14:06:05.1902278Z";"fethy.faradji@infopro-digital.com -> UserMercury@infopro-digital.com";"Fichiers de conversation Microsoft Teams/Referentiel-SIM_BIM (1).kdbx";"item";"Champ Created refuse : Vous devez spécifier une date valide comprise entre 01/01/1900 et 31/12/8900."
"2026-09-17T14:06:05.9868531Z";"fethy.faradji@infopro-digital.com -> UserMercury@infopro-digital.com";"Fichiers de conversation Microsoft Teams/Referentiel-SIM_BIM 1.kdbx";"item";"Champ Created refuse : Vous devez spécifier une date valide comprise entre 01/01/1900 et 31/12/8900."
"2026-09-17T14:06:06.6641450Z";"fethy.faradji@infopro-digital.com -> UserMercury@infopro-digital.com";"Fichiers de conversation Microsoft Teams/Referentiel-SIM_BIM.kdbx";"item";"Champ Created refuse : Vous devez spécifier une date valide comprise entre 01/01/1900 et 31/12/8900."
"2026-09-17T14:06:07.2879022Z";"fethy.faradji@infopro-digital.com -> UserMercury@infopro-digital.com";"Fichiers de conversation Microsoft Teams/rejet avis 02-08-2024.xlsx";"item";"Champ Created refuse : Vous devez spécifier une date valide comprise entre 01/01/1900 et 31/12/8900."
"2026-09-17T14:06:07.4597798Z";"fethy.faradji@infopro-digital.com -> UserMercury@infopro-digital.com";"Fichiers de conversation Microsoft Teams/rejet_sf.xlsx";"item";"Transfert interrompu a issue inconnue. Verifier la derniere version cible avant de reparer le checkpoint (voir notice)."
"2026-09-17T14:06:08.2530860Z";"fethy.faradji@infopro-digital.com -> UserMercury@infopro-digital.com";"Fichiers de conversation Microsoft Teams/repos.zip";"item";"Champ Created refuse : Vous devez spécifier une date valide comprise entre 01/01/1900 et 31/12/8900."
"2026-09-17T14:06:08.3624641Z";"fethy.faradji@infopro-digital.com -> UserMercury@infopro-digital.com";"Fichiers de conversation Microsoft Teams/req_ao.sql";"item";"Transfert interrompu a issue inconnue. Verifier la derniere version cible avant de reparer le checkpoint (voir notice)."
"2026-09-17T14:06:09.0067918Z";"fethy.faradji@infopro-digital.com -> UserMercury@infopro-digital.com";"Fichiers de conversation Microsoft Teams/requete clean support web.sql";"item";"Champ Created refuse : Vous devez spécifier une date valide comprise entre 01/01/1900 et 31/12/8900."
"2026-09-17T14:06:09.1317871Z";"fethy.faradji@infopro-digital.com -> UserMercury@infopro-digital.com";"Fichiers de conversation Microsoft Teams/requete des AM.txt";"item";"Transfert interrompu a issue inconnue. Verifier la derniere version cible avant de reparer le checkpoint (voir notice)."
"2026-09-17T14:06:09.2567859Z";"fethy.faradji@infopro-digital.com -> UserMercury@infopro-digital.com";"Fichiers de conversation Microsoft Teams/requete des AM2.txt";"item";"Transfert interrompu a issue inconnue. Verifier la derniere version cible avant de reparer le checkpoint (voir notice)."
"2026-09-17T14:06:09.9971901Z";"fethy.faradji@infopro-digital.com -> UserMercury@infopro-digital.com";"Fichiers de conversation Microsoft Teams/requete interv_mou manquant ou pas dans dim_interv.sql";"item";"Champ Created refuse : Vous devez spécifier une date valide comprise entre 01/01/1900 et 31/12/8900."
"2026-09-17T14:06:10.7114734Z";"fethy.faradji@infopro-digital.com -> UserMercury@infopro-digital.com";"Fichiers de conversation Microsoft Teams/requete_update.sql";"item";"Champ Created refuse : Vous devez spécifier une date valide comprise entre 01/01/1900 et 31/12/8900."
"2026-09-17T14:06:11.3785116Z";"fethy.faradji@infopro-digital.com -> UserMercury@infopro-digital.com";"Fichiers de conversation Microsoft Teams/result.csv";"item";"Champ Created refuse : Vous devez spécifier une date valide comprise entre 01/01/1900 et 31/12/8900."
"2026-09-17T14:06:12.0230618Z";"fethy.faradji@infopro-digital.com -> UserMercury@infopro-digital.com";"Fichiers de conversation Microsoft Teams/resultat_synchro.sql";"item";"Champ Created refuse : Vous devez spécifier une date valide comprise entre 01/01/1900 et 31/12/8900."
"2026-09-17T14:06:12.6969214Z";"fethy.faradji@infopro-digital.com -> UserMercury@infopro-digital.com";"Fichiers de conversation Microsoft Teams/resultat_synchro2.sql";"item";"Champ Created refuse : Vous devez spécifier une date valide comprise entre 01/01/1900 et 31/12/8900."
"2026-09-17T14:06:13.3692330Z";"fethy.faradji@infopro-digital.com -> UserMercury@infopro-digital.com";"Fichiers de conversation Microsoft Teams/RESULTAT-0_valeur_sans_traitement.log";"item";"Champ Created refuse : Vous devez spécifier une date valide comprise entre 01/01/1900 et 31/12/8900."
"2026-09-17T14:06:14.0416013Z";"fethy.faradji@infopro-digital.com -> UserMercury@infopro-digital.com";"Fichiers de conversation Microsoft Teams/RESULTAT-1_initial.log";"item";"Champ Created refuse : Vous devez spécifier une date valide comprise entre 01/01/1900 et 31/12/8900."
"2026-09-17T14:06:14.7263744Z";"fethy.faradji@infopro-digital.com -> UserMercury@infopro-digital.com";"Fichiers de conversation Microsoft Teams/RESULTAT-2_corrige_optim.log";"item";"Champ Created refuse : Vous devez spécifier une date valide comprise entre 01/01/1900 et 31/12/8900."
"2026-09-17T14:06:15.5110840Z";"fethy.faradji@infopro-digital.com -> UserMercury@infopro-digital.com";"Fichiers de conversation Microsoft Teams/retour intégration.docx";"item";"Champ Created refuse : Vous devez spécifier une date valide comprise entre 01/01/1900 et 31/12/8900."
"2026-09-17T14:06:15.6612621Z";"fethy.faradji@infopro-digital.com -> UserMercury@infopro-digital.com";"Fichiers de conversation Microsoft Teams/Retour_analyse_Facture 1.xlsx";"item";"Transfert interrompu a issue inconnue. Verifier la derniere version cible avant de reparer le checkpoint (voir notice)."
"2026-09-17T14:06:16.4721513Z";"fethy.faradji@infopro-digital.com -> UserMercury@infopro-digital.com";"Fichiers de conversation Microsoft Teams/Retour_analyse_Facture.xlsx";"item";"Champ Created refuse : Vous devez spécifier une date valide comprise entre 01/01/1900 et 31/12/8900."
"2026-09-17T14:06:17.2969220Z";"fethy.faradji@infopro-digital.com -> UserMercury@infopro-digital.com";"Fichiers de conversation Microsoft Teams/S25251.xml";"item";"Champ Created refuse : Vous devez spécifier une date valide comprise entre 01/01/1900 et 31/12/8900."
"2026-09-17T14:06:17.9837667Z";"fethy.faradji@infopro-digital.com -> UserMercury@infopro-digital.com";"Fichiers de conversation Microsoft Teams/S2S.zip";"item";"Champ Created refuse : Vous devez spécifier une date valide comprise entre 01/01/1900 et 31/12/8900."
"2026-09-17T14:06:18.7708957Z";"fethy.faradji@infopro-digital.com -> UserMercury@infopro-digital.com";"Fichiers de conversation Microsoft Teams/SAFA.xlsx";"item";"Champ Created refuse : Vous devez spécifier une date valide comprise entre 01/01/1900 et 31/12/8900."
"2026-09-17T14:06:19.4303311Z";"fethy.faradji@infopro-digital.com -> UserMercury@infopro-digital.com";"Fichiers de conversation Microsoft Teams/Sans titre2.ps1";"item";"Champ Created refuse : Vous devez spécifier une date valide comprise entre 01/01/1900 et 31/12/8900."
"2026-09-17T14:06:20.0773511Z";"fethy.faradji@infopro-digital.com -> UserMercury@infopro-digital.com";"Fichiers de conversation Microsoft Teams/sarepointCopyScrypt-last-one.ps1";"item";"Champ Created refuse : Vous devez spécifier une date valide comprise entre 01/01/1900 et 31/12/8900."
"2026-09-17T14:06:20.7147697Z";"fethy.faradji@infopro-digital.com -> UserMercury@infopro-digital.com";"Fichiers de conversation Microsoft Teams/sauvegarde_bdd_recette_SIMOWN_20240712.sql";"item";"Champ Created refuse : Vous devez spécifier une date valide comprise entre 01/01/1900 et 31/12/8900."
"2026-09-17T14:06:21.3620085Z";"fethy.faradji@infopro-digital.com -> UserMercury@infopro-digital.com";"Fichiers de conversation Microsoft Teams/sauvegarde_bdd_recette_svc_sim_sf_20240712.sql";"item";"Champ Created refuse : Vous devez spécifier une date valide comprise entre 01/01/1900 et 31/12/8900."
"2026-09-17T14:06:21.9927150Z";"fethy.faradji@infopro-digital.com -> UserMercury@infopro-digital.com";"Fichiers de conversation Microsoft Teams/script_Copie_Sharepoint.zip";"item";"Champ Created refuse : Vous devez spécifier une date valide comprise entre 01/01/1900 et 31/12/8900."
"2026-09-17T14:06:22.7564376Z";"fethy.faradji@infopro-digital.com -> UserMercury@infopro-digital.com";"Fichiers de conversation Microsoft Teams/script_de_la_murte.txt";"item";"Champ Created refuse : Vous devez spécifier une date valide comprise entre 01/01/1900 et 31/12/8900."
"2026-09-17T14:06:23.5107239Z";"fethy.faradji@infopro-digital.com -> UserMercury@infopro-digital.com";"Fichiers de conversation Microsoft Teams/script_update.zip";"item";"Champ Created refuse : Vous devez spécifier une date valide comprise entre 01/01/1900 et 31/12/8900."
"2026-09-17T14:06:24.2090193Z";"fethy.faradji@infopro-digital.com -> UserMercury@infopro-digital.com";"Fichiers de conversation Microsoft Teams/script_update_oracle.sql";"item";"Champ Created refuse : Vous devez spécifier une date valide comprise entre 01/01/1900 et 31/12/8900."
"2026-09-17T14:06:24.9246366Z";"fethy.faradji@infopro-digital.com -> UserMercury@infopro-digital.com";"Fichiers de conversation Microsoft Teams/script_update_SQL_SERVER_01 (1).sql";"item";"Champ Created refuse : Vous devez spécifier une date valide comprise entre 01/01/1900 et 31/12/8900."
"2026-09-17T14:06:25.5854954Z";"fethy.faradji@infopro-digital.com -> UserMercury@infopro-digital.com";"Fichiers de conversation Microsoft Teams/script_update_SQL_SERVER_01.sql";"item";"Champ Created refuse : Vous devez spécifier une date valide comprise entre 01/01/1900 et 31/12/8900."
"2026-09-17T14:06:26.5731004Z";"fethy.faradji@infopro-digital.com -> UserMercury@infopro-digital.com";"Fichiers de conversation Microsoft Teams/script_update_SQL_SERVER_02 (1).sql";"item";"Champ Created refuse : Vous devez spécifier une date valide comprise entre 01/01/1900 et 31/12/8900."
"2026-09-17T14:06:27.3226249Z";"fethy.faradji@infopro-digital.com -> UserMercury@infopro-digital.com";"Fichiers de conversation Microsoft Teams/script_update_SQL_SERVER_02.sql";"item";"Champ Created refuse : Vous devez spécifier une date valide comprise entre 01/01/1900 et 31/12/8900."
"2026-09-17T14:06:28.1008363Z";"fethy.faradji@infopro-digital.com -> UserMercury@infopro-digital.com";"Fichiers de conversation Microsoft Teams/SELECT-1_initial.sql";"item";"Champ Created refuse : Vous devez spécifier une date valide comprise entre 01/01/1900 et 31/12/8900."
"2026-09-17T14:06:28.8117126Z";"fethy.faradji@infopro-digital.com -> UserMercury@infopro-digital.com";"Fichiers de conversation Microsoft Teams/SELECT-2_corrige.sql";"item";"Champ Created refuse : Vous devez spécifier une date valide comprise entre 01/01/1900 et 31/12/8900."
"2026-09-17T14:06:29.5110688Z";"fethy.faradji@infopro-digital.com -> UserMercury@infopro-digital.com";"Fichiers de conversation Microsoft Teams/SELECT-3_optimise.sql";"item";"Champ Created refuse : Vous devez spécifier une date valide comprise entre 01/01/1900 et 31/12/8900."
"2026-09-17T14:06:30.2381423Z";"fethy.faradji@infopro-digital.com -> UserMercury@infopro-digital.com";"Fichiers de conversation Microsoft Teams/Service dans sim-saleforce.xlsx";"item";"Champ Created refuse : Vous devez spécifier une date valide comprise entre 01/01/1900 et 31/12/8900."
"2026-09-17T14:06:31.0651162Z";"fethy.faradji@infopro-digital.com -> UserMercury@infopro-digital.com";"Fichiers de conversation Microsoft Teams/SF_AM_PUB.xlsx";"item";"Champ Created refuse : Vous devez spécifier une date valide comprise entre 01/01/1900 et 31/12/8900."
"2026-09-17T14:06:31.7791985Z";"fethy.faradji@infopro-digital.com -> UserMercury@infopro-digital.com";"Fichiers de conversation Microsoft Teams/SF_AO_PUB.xlsx";"item";"Champ Created refuse : Vous devez spécifier une date valide comprise entre 01/01/1900 et 31/12/8900."
"2026-09-17T14:06:31.9065562Z";"fethy.faradji@infopro-digital.com -> UserMercury@infopro-digital.com";"Fichiers de conversation Microsoft Teams/shared image (1).jpg";"item";"Cible modifiee depuis le checkpoint : conflit a examiner, aucun ecrasement automatique."
"2026-09-17T14:06:32.0784279Z";"fethy.faradji@infopro-digital.com -> UserMercury@infopro-digital.com";"Fichiers de conversation Microsoft Teams/shared image.jpg";"item";"Cible modifiee depuis le checkpoint : conflit a examiner, aucun ecrasement automatique."
"2026-09-17T14:06:32.7520426Z";"fethy.faradji@infopro-digital.com -> UserMercury@infopro-digital.com";"Fichiers de conversation Microsoft Teams/SharePoint_Errors_2026-04-15.zip";"item";"Champ Created refuse : Vous devez spécifier une date valide comprise entre 01/01/1900 et 31/12/8900."
"2026-09-17T14:06:33.4905693Z";"fethy.faradji@infopro-digital.com -> UserMercury@infopro-digital.com";"Fichiers de conversation Microsoft Teams/SharePoint_Errors_Notisum_2026-04-10_154411.csv";"item";"Champ Created refuse : Vous devez spécifier une date valide comprise entre 01/01/1900 et 31/12/8900."
"2026-09-17T14:06:34.1241361Z";"fethy.faradji@infopro-digital.com -> UserMercury@infopro-digital.com";"Fichiers de conversation Microsoft Teams/SharePoint_Errors_notisum526_2026-04-10_154411.csv";"item";"Champ Created refuse : Vous devez spécifier une date valide comprise entre 01/01/1900 et 31/12/8900."
"2026-09-17T14:06:34.8986615Z";"fethy.faradji@infopro-digital.com -> UserMercury@infopro-digital.com";"Fichiers de conversation Microsoft Teams/SharePoint_Errors_NotisumAPS_2026-04-09_173515.csv";"item";"Champ Created refuse : Vous devez spécifier une date valide comprise entre 01/01/1900 et 31/12/8900."
"2026-09-17T14:06:35.5724333Z";"fethy.faradji@infopro-digital.com -> UserMercury@infopro-digital.com";"Fichiers de conversation Microsoft Teams/SharePoint_Errors_NotisumAPS-Direktion_2026-04-10_140952.csv";"item";"Champ Created refuse : Vous devez spécifier une date valide comprise entre 01/01/1900 et 31/12/8900."
"2026-09-17T14:06:36.2690280Z";"fethy.faradji@infopro-digital.com -> UserMercury@infopro-digital.com";"Fichiers de conversation Microsoft Teams/SharePoint_source_202508081126.csv";"item";"Champ Created refuse : Vous devez spécifier une date valide comprise entre 01/01/1900 et 31/12/8900."
"2026-09-17T14:06:36.9138689Z";"fethy.faradji@infopro-digital.com -> UserMercury@infopro-digital.com";"Fichiers de conversation Microsoft Teams/SharePointCopyScript.ps1";"item";"Champ Created refuse : Vous devez spécifier une date valide comprise entre 01/01/1900 et 31/12/8900."
"2026-09-17T14:06:37.0232439Z";"fethy.faradji@infopro-digital.com -> UserMercury@infopro-digital.com";"Fichiers de conversation Microsoft Teams/shutterstock_1333741808 1.jpg";"item";"Cible modifiee depuis le checkpoint : conflit a examiner, aucun ecrasement automatique."
"2026-09-17T14:06:37.1482432Z";"fethy.faradji@infopro-digital.com -> UserMercury@infopro-digital.com";"Fichiers de conversation Microsoft Teams/shutterstock_1333741808.jpg";"item";"Cible modifiee depuis le checkpoint : conflit a examiner, aucun ecrasement automatique."
"2026-09-17T14:06:37.8185790Z";"fethy.faradji@infopro-digital.com -> UserMercury@infopro-digital.com";"Fichiers de conversation Microsoft Teams/SIM_PA_FACTURATION.pkb";"item";"Champ Created refuse : Vous devez spécifier une date valide comprise entre 01/01/1900 et 31/12/8900."
"2026-09-17T14:06:38.4583472Z";"fethy.faradji@infopro-digital.com -> UserMercury@infopro-digital.com";"Fichiers de conversation Microsoft Teams/SIM2021.zip";"item";"Champ Created refuse : Vous devez spécifier une date valide comprise entre 01/01/1900 et 31/12/8900."
"2026-09-17T14:06:39.1146127Z";"fethy.faradji@infopro-digital.com -> UserMercury@infopro-digital.com";"Fichiers de conversation Microsoft Teams/SIMOWN.SIM_PR_netoyage_2017.sql";"item";"Champ Created refuse : Vous devez spécifier une date valide comprise entre 01/01/1900 et 31/12/8900."
"2026-09-17T14:06:39.7453089Z";"fethy.faradji@infopro-digital.com -> UserMercury@infopro-digital.com";"Fichiers de conversation Microsoft Teams/simx_ao_index.txt";"item";"Champ Created refuse : Vous devez spécifier une date valide comprise entre 01/01/1900 et 31/12/8900."
"2026-09-17T14:06:40.4725065Z";"fethy.faradji@infopro-digital.com -> UserMercury@infopro-digital.com";"Fichiers de conversation Microsoft Teams/simx_ao_pub.sql";"item";"Champ Created refuse : Vous devez spécifier une date valide comprise entre 01/01/1900 et 31/12/8900."
"2026-09-17T14:06:41.2867322Z";"fethy.faradji@infopro-digital.com -> UserMercury@infopro-digital.com";"Fichiers de conversation Microsoft Teams/siret_doublon_BIM.csv";"item";"Champ Created refuse : Vous devez spécifier une date valide comprise entre 01/01/1900 et 31/12/8900."
"2026-09-17T14:06:41.9593067Z";"fethy.faradji@infopro-digital.com -> UserMercury@infopro-digital.com";"Fichiers de conversation Microsoft Teams/Sources 1.zip";"item";"Champ Created refuse : Vous devez spécifier une date valide comprise entre 01/01/1900 et 31/12/8900."
"2026-09-17T14:06:42.8789925Z";"fethy.faradji@infopro-digital.com -> UserMercury@infopro-digital.com";"Fichiers de conversation Microsoft Teams/Sources_Integration0607_20210707.zip";"item";"Champ Created refuse : Vous devez spécifier une date valide comprise entre 01/01/1900 et 31/12/8900."
"2026-09-17T14:06:43.6322401Z";"fethy.faradji@infopro-digital.com -> UserMercury@infopro-digital.com";"Fichiers de conversation Microsoft Teams/Spec_monimail_V1.5.docx";"item";"Champ Created refuse : Vous devez spécifier une date valide comprise entre 01/01/1900 et 31/12/8900."
"2026-09-17T14:06:44.3486311Z";"fethy.faradji@infopro-digital.com -> UserMercury@infopro-digital.com";"Fichiers de conversation Microsoft Teams/Spécifications fonctionnelles détaillées v1.5.docx";"item";"Champ Created refuse : Vous devez spécifier une date valide comprise entre 01/01/1900 et 31/12/8900."
"2026-09-17T14:06:45.0650475Z";"fethy.faradji@infopro-digital.com -> UserMercury@infopro-digital.com";"Fichiers de conversation Microsoft Teams/Specs KPI Sécurité 1.0 (1).docx";"item";"Champ Created refuse : Vous devez spécifier une date valide comprise entre 01/01/1900 et 31/12/8900."
"2026-09-17T14:06:45.9717366Z";"fethy.faradji@infopro-digital.com -> UserMercury@infopro-digital.com";"Fichiers de conversation Microsoft Teams/Specs KPI Sécurité 1.0 (2) 1.docx";"item";"Champ Created refuse : Vous devez spécifier une date valide comprise entre 01/01/1900 et 31/12/8900."
"2026-09-17T14:06:46.0967371Z";"fethy.faradji@infopro-digital.com -> UserMercury@infopro-digital.com";"Fichiers de conversation Microsoft Teams/Specs KPI Sécurité 1.0 (2).docx";"item";"Transfert interrompu a issue inconnue. Verifier la derniere version cible avant de reparer le checkpoint (voir notice)."
"2026-09-17T14:06:46.8184253Z";"fethy.faradji@infopro-digital.com -> UserMercury@infopro-digital.com";"Fichiers de conversation Microsoft Teams/Specs KPI Sécurité 1.0.docx";"item";"Champ Created refuse : Vous devez spécifier une date valide comprise entre 01/01/1900 et 31/12/8900."
"2026-09-17T14:06:46.9434212Z";"fethy.faradji@infopro-digital.com -> UserMercury@infopro-digital.com";"Fichiers de conversation Microsoft Teams/statut_pack.xlsx";"item";"Transfert interrompu a issue inconnue. Verifier la derniere version cible avant de reparer le checkpoint (voir notice)."
"2026-09-17T14:06:47.0840583Z";"fethy.faradji@infopro-digital.com -> UserMercury@infopro-digital.com";"Fichiers de conversation Microsoft Teams/suport_monimail.xlsx";"item";"Transfert interrompu a issue inconnue. Verifier la derniere version cible avant de reparer le checkpoint (voir notice)."
"2026-09-17T14:06:47.7529430Z";"fethy.faradji@infopro-digital.com -> UserMercury@infopro-digital.com";"Fichiers de conversation Microsoft Teams/supp_publications.csv";"item";"Champ Created refuse : Vous devez spécifier une date valide comprise entre 01/01/1900 et 31/12/8900."
"2026-09-17T14:06:47.9512746Z";"fethy.faradji@infopro-digital.com -> UserMercury@infopro-digital.com";"Fichiers de conversation Microsoft Teams/support IPD.xlsx";"item";"Transfert interrompu a issue inconnue. Verifier la derniere version cible avant de reparer le checkpoint (voir notice)."
"2026-09-17T14:06:48.1075256Z";"fethy.faradji@infopro-digital.com -> UserMercury@infopro-digital.com";"Fichiers de conversation Microsoft Teams/support_vecteurPlus.xlsx";"item";"Transfert interrompu a issue inconnue. Verifier la derniere version cible avant de reparer le checkpoint (voir notice)."
"2026-09-17T14:06:48.8650390Z";"fethy.faradji@infopro-digital.com -> UserMercury@infopro-digital.com";"Fichiers de conversation Microsoft Teams/svc_sim_sf.zip";"item";"Champ Created refuse : Vous devez spécifier une date valide comprise entre 01/01/1900 et 31/12/8900."
"2026-09-17T14:06:49.6206591Z";"fethy.faradji@infopro-digital.com -> UserMercury@infopro-digital.com";"Fichiers de conversation Microsoft Teams/SW_ELECTRONIC_Visual_Studio_Pro_2019_MultiLang_MLF_X22-02265(1) (1).EXE";"item";"Champ Created refuse : Vous devez spécifier une date valide comprise entre 01/01/1900 et 31/12/8900."
"2026-09-17T14:06:50.5136038Z";"fethy.faradji@infopro-digital.com -> UserMercury@infopro-digital.com";"Fichiers de conversation Microsoft Teams/synchro_pub_body.sql";"item";"Champ Created refuse : Vous devez spécifier une date valide comprise entre 01/01/1900 et 31/12/8900."
"2026-09-17T14:06:51.3464757Z";"fethy.faradji@infopro-digital.com -> UserMercury@infopro-digital.com";"Fichiers de conversation Microsoft Teams/synchro_pub_spec.sql";"item";"Champ Created refuse : Vous devez spécifier une date valide comprise entre 01/01/1900 et 31/12/8900."
"2026-09-17T14:06:52.1706234Z";"fethy.faradji@infopro-digital.com -> UserMercury@infopro-digital.com";"Fichiers de conversation Microsoft Teams/synchro_SIM_SF_20240205_20240207.xlsx";"item";"Champ Created refuse : Vous devez spécifier une date valide comprise entre 01/01/1900 et 31/12/8900."
"2026-09-17T14:06:52.3112477Z";"fethy.faradji@infopro-digital.com -> UserMercury@infopro-digital.com";"Fichiers de conversation Microsoft Teams/Tache_V3.xlsx";"item";"Transfert interrompu a issue inconnue. Verifier la derniere version cible avant de reparer le checkpoint (voir notice)."
"2026-09-17T14:06:53.0658465Z";"fethy.faradji@infopro-digital.com -> UserMercury@infopro-digital.com";"Fichiers de conversation Microsoft Teams/taches_PROD_V3.xlsx";"item";"Champ Created refuse : Vous devez spécifier une date valide comprise entre 01/01/1900 et 31/12/8900."
"2026-09-17T14:06:53.2064756Z";"fethy.faradji@infopro-digital.com -> UserMercury@infopro-digital.com";"Fichiers de conversation Microsoft Teams/Task.xlsx";"item";"Transfert interrompu a issue inconnue. Verifier la derniere version cible avant de reparer le checkpoint (voir notice)."
"2026-09-17T14:06:54.1010386Z";"fethy.faradji@infopro-digital.com -> UserMercury@infopro-digital.com";"Fichiers de conversation Microsoft Teams/test 1.csv";"item";"Champ Created refuse : Vous devez spécifier une date valide comprise entre 01/01/1900 et 31/12/8900."
"2026-09-17T14:06:55.0189598Z";"fethy.faradji@infopro-digital.com -> UserMercury@infopro-digital.com";"Fichiers de conversation Microsoft Teams/test.csv";"item";"Champ Created refuse : Vous devez spécifier une date valide comprise entre 01/01/1900 et 31/12/8900."
"2026-09-17T14:06:55.8151159Z";"fethy.faradji@infopro-digital.com -> UserMercury@infopro-digital.com";"Fichiers de conversation Microsoft Teams/test.reg";"item";"Champ Created refuse : Vous devez spécifier une date valide comprise entre 01/01/1900 et 31/12/8900."
"2026-09-17T14:06:56.7263743Z";"fethy.faradji@infopro-digital.com -> UserMercury@infopro-digital.com";"Fichiers de conversation Microsoft Teams/test.txt";"item";"Champ Created refuse : Vous devez spécifier une date valide comprise entre 01/01/1900 et 31/12/8900."
"2026-09-17T14:06:57.4195536Z";"fethy.faradji@infopro-digital.com -> UserMercury@infopro-digital.com";"Fichiers de conversation Microsoft Teams/test.zip";"item";"Champ Created refuse : Vous devez spécifier une date valide comprise entre 01/01/1900 et 31/12/8900."
"2026-09-17T14:06:58.1178618Z";"fethy.faradji@infopro-digital.com -> UserMercury@infopro-digital.com";"Fichiers de conversation Microsoft Teams/test_ok.PDF";"item";"Champ Created refuse : Vous devez spécifier une date valide comprise entre 01/01/1900 et 31/12/8900."
"2026-09-17T14:06:58.8644382Z";"fethy.faradji@infopro-digital.com -> UserMercury@infopro-digital.com";"Fichiers de conversation Microsoft Teams/test_synchro.sql";"item";"Champ Created refuse : Vous devez spécifier une date valide comprise entre 01/01/1900 et 31/12/8900."
"2026-09-17T14:06:59.5698104Z";"fethy.faradji@infopro-digital.com -> UserMercury@infopro-digital.com";"Fichiers de conversation Microsoft Teams/test_synchro2.sql";"item";"Champ Created refuse : Vous devez spécifier une date valide comprise entre 01/01/1900 et 31/12/8900."
"2026-09-17T14:07:00.3155069Z";"fethy.faradji@infopro-digital.com -> UserMercury@infopro-digital.com";"Fichiers de conversation Microsoft Teams/test4.ps1";"item";"Champ Created refuse : Vous devez spécifier une date valide comprise entre 01/01/1900 et 31/12/8900."
"2026-09-17T14:07:01.0590082Z";"fethy.faradji@infopro-digital.com -> UserMercury@infopro-digital.com";"Fichiers de conversation Microsoft Teams/Textes-monimail.mkv";"item";"Champ Created refuse : Vous devez spécifier une date valide comprise entre 01/01/1900 et 31/12/8900."
"2026-09-17T14:07:01.7105833Z";"fethy.faradji@infopro-digital.com -> UserMercury@infopro-digital.com";"Fichiers de conversation Microsoft Teams/Textes-monimail.srt.srt";"item";"Champ Created refuse : Vous devez spécifier une date valide comprise entre 01/01/1900 et 31/12/8900."
"2026-09-17T14:07:02.3644422Z";"fethy.faradji@infopro-digital.com -> UserMercury@infopro-digital.com";"Fichiers de conversation Microsoft Teams/that shit.xlsx";"item";"Champ Created refuse : Vous devez spécifier une date valide comprise entre 01/01/1900 et 31/12/8900."
"2026-09-17T14:07:03.1436140Z";"fethy.faradji@infopro-digital.com -> UserMercury@infopro-digital.com";"Fichiers de conversation Microsoft Teams/tmp_avis_sf.csv.xlsx";"item";"Champ Created refuse : Vous devez spécifier une date valide comprise entre 01/01/1900 et 31/12/8900."
"2026-09-17T14:07:03.8177061Z";"fethy.faradji@infopro-digital.com -> UserMercury@infopro-digital.com";"Fichiers de conversation Microsoft Teams/tnsnames 1.ora";"item";"Champ Created refuse : Vous devez spécifier une date valide comprise entre 01/01/1900 et 31/12/8900."
"2026-09-17T14:07:04.5996900Z";"fethy.faradji@infopro-digital.com -> UserMercury@infopro-digital.com";"Fichiers de conversation Microsoft Teams/tnsnames.ora";"item";"Champ Created refuse : Vous devez spécifier une date valide comprise entre 01/01/1900 et 31/12/8900."
"2026-09-17T14:07:05.2999936Z";"fethy.faradji@infopro-digital.com -> UserMercury@infopro-digital.com";"Fichiers de conversation Microsoft Teams/toto.docx";"item";"Champ Created refuse : Vous devez spécifier une date valide comprise entre 01/01/1900 et 31/12/8900."
"2026-09-17T14:07:06.6482446Z";"fethy.faradji@infopro-digital.com -> UserMercury@infopro-digital.com";"Fichiers de conversation Microsoft Teams/toto.xlsx";"item";"Champ Created refuse : Vous devez spécifier une date valide comprise entre 01/01/1900 et 31/12/8900."
"2026-09-17T14:07:07.4195924Z";"fethy.faradji@infopro-digital.com -> UserMercury@infopro-digital.com";"Fichiers de conversation Microsoft Teams/Tous les cas (1).csv.gz";"item";"Champ Created refuse : Vous devez spécifier une date valide comprise entre 01/01/1900 et 31/12/8900."
"2026-09-17T14:07:08.0968261Z";"fethy.faradji@infopro-digital.com -> UserMercury@infopro-digital.com";"Fichiers de conversation Microsoft Teams/Tous les incidents (2).csv.gz";"item";"Champ Created refuse : Vous devez spécifier une date valide comprise entre 01/01/1900 et 31/12/8900."
"2026-09-17T14:07:08.2218251Z";"fethy.faradji@infopro-digital.com -> UserMercury@infopro-digital.com";"Fichiers de conversation Microsoft Teams/transmission_maintenance 1.docx";"item";"Transfert interrompu a issue inconnue. Verifier la derniere version cible avant de reparer le checkpoint (voir notice)."
"2026-09-17T14:07:08.3624490Z";"fethy.faradji@infopro-digital.com -> UserMercury@infopro-digital.com";"Fichiers de conversation Microsoft Teams/transmission_maintenance.docx";"item";"Transfert interrompu a issue inconnue. Verifier la derniere version cible avant de reparer le checkpoint (voir notice)."
"2026-09-17T14:07:09.0710848Z";"fethy.faradji@infopro-digital.com -> UserMercury@infopro-digital.com";"Fichiers de conversation Microsoft Teams/transmition_maintenance.docx";"item";"Champ Created refuse : Vous devez spécifier une date valide comprise entre 01/01/1900 et 31/12/8900."
"2026-09-17T14:07:09.7520555Z";"fethy.faradji@infopro-digital.com -> UserMercury@infopro-digital.com";"Fichiers de conversation Microsoft Teams/TRG_INSERT_MONIMAIL_2022.sql";"item";"Champ Created refuse : Vous devez spécifier une date valide comprise entre 01/01/1900 et 31/12/8900."
"2026-09-17T14:07:10.0777946Z";"fethy.faradji@infopro-digital.com -> UserMercury@infopro-digital.com";"Fichiers de conversation Microsoft Teams/update parametrage.sql";"item";"Transfert interrompu a issue inconnue. Verifier la derniere version cible avant de reparer le checkpoint (voir notice)."
"2026-09-17T14:07:10.8000132Z";"fethy.faradji@infopro-digital.com -> UserMercury@infopro-digital.com";"Fichiers de conversation Microsoft Teams/update_avis.csv";"item";"Champ Created refuse : Vous devez spécifier une date valide comprise entre 01/01/1900 et 31/12/8900."
"2026-09-17T14:07:10.9718886Z";"fethy.faradji@infopro-digital.com -> UserMercury@infopro-digital.com";"Fichiers de conversation Microsoft Teams/update_delete_order.xlsx";"item";"Transfert interrompu a issue inconnue. Verifier la derniere version cible avant de reparer le checkpoint (voir notice)."
"2026-09-17T14:07:11.1281384Z";"fethy.faradji@infopro-digital.com -> UserMercury@infopro-digital.com";"Fichiers de conversation Microsoft Teams/update_parentid.xlsx";"item";"Transfert interrompu a issue inconnue. Verifier la derniere version cible avant de reparer le checkpoint (voir notice)."
"2026-09-17T14:07:11.7521274Z";"fethy.faradji@infopro-digital.com -> UserMercury@infopro-digital.com";"Fichiers de conversation Microsoft Teams/update_publications__c 1.csv";"item";"Champ Created refuse : Vous devez spécifier une date valide comprise entre 01/01/1900 et 31/12/8900."
"2026-09-17T14:07:12.4408864Z";"fethy.faradji@infopro-digital.com -> UserMercury@infopro-digital.com";"Fichiers de conversation Microsoft Teams/update_publications__c.csv";"item";"Champ Created refuse : Vous devez spécifier une date valide comprise entre 01/01/1900 et 31/12/8900."
"2026-09-17T14:07:13.1904737Z";"fethy.faradji@infopro-digital.com -> UserMercury@infopro-digital.com";"Fichiers de conversation Microsoft Teams/update_statut_publications__c.xlsx";"item";"Champ Created refuse : Vous devez spécifier une date valide comprise entre 01/01/1900 et 31/12/8900."
"2026-09-17T14:07:14.1054828Z";"fethy.faradji@infopro-digital.com -> UserMercury@infopro-digital.com";"Fichiers de conversation Microsoft Teams/UPDATE-AVIS__C-URL__C.xlsx";"item";"Mapping manquant pour safa.sakly@infopro-digital.com dans user_mapping.csv."
"2026-09-17T14:07:14.2617358Z";"fethy.faradji@infopro-digital.com -> UserMercury@infopro-digital.com";"Fichiers de conversation Microsoft Teams/utilisation des base de données SIM.xlsx";"item";"Transfert interrompu a issue inconnue. Verifier la derniere version cible avant de reparer le checkpoint (voir notice)."
"2026-09-17T14:07:14.8643980Z";"fethy.faradji@infopro-digital.com -> UserMercury@infopro-digital.com";"Fichiers de conversation Microsoft Teams/utilisation du dblink.txt";"item";"Champ Created refuse : Vous devez spécifier une date valide comprise entre 01/01/1900 et 31/12/8900."
"2026-09-17T14:07:15.7695017Z";"fethy.faradji@infopro-digital.com -> UserMercury@infopro-digital.com";"Fichiers de conversation Microsoft Teams/v_admin_entra .csv";"item";"Champ Created refuse : Vous devez spécifier une date valide comprise entre 01/01/1900 et 31/12/8900."
"2026-09-17T14:07:16.5195038Z";"fethy.faradji@infopro-digital.com -> UserMercury@infopro-digital.com";"Fichiers de conversation Microsoft Teams/V3.zip";"item";"Champ Created refuse : Vous devez spécifier une date valide comprise entre 01/01/1900 et 31/12/8900."
"2026-09-17T14:07:17.3724528Z";"fethy.faradji@infopro-digital.com -> UserMercury@infopro-digital.com";"Fichiers de conversation Microsoft Teams/V47060.doc";"item";"Champ Created refuse : Vous devez spécifier une date valide comprise entre 01/01/1900 et 31/12/8900."
"2026-09-17T14:07:18.0247104Z";"fethy.faradji@infopro-digital.com -> UserMercury@infopro-digital.com";"Fichiers de conversation Microsoft Teams/vérifications de procédure de reporting.docx";"item";"Champ Created refuse : Vous devez spécifier une date valide comprise entre 01/01/1900 et 31/12/8900."
"2026-09-17T14:07:18.7278933Z";"fethy.faradji@infopro-digital.com -> UserMercury@infopro-digital.com";"Fichiers de conversation Microsoft Teams/VPAOF__0609202329487.zip";"item";"Champ Created refuse : Vous devez spécifier une date valide comprise entre 01/01/1900 et 31/12/8900."
"2026-09-17T14:07:19.5647843Z";"fethy.faradji@infopro-digital.com -> UserMercury@infopro-digital.com";"Fichiers de conversation Microsoft Teams/VPAOF-24213039.xml";"item";"Champ Created refuse : Vous devez spécifier une date valide comprise entre 01/01/1900 et 31/12/8900."
"2026-09-17T14:07:20.3159738Z";"fethy.faradji@infopro-digital.com -> UserMercury@infopro-digital.com";"Fichiers de conversation Microsoft Teams/VPAOF-24289605.xml";"item";"Champ Created refuse : Vous devez spécifier une date valide comprise entre 01/01/1900 et 31/12/8900."
"2026-09-17T14:07:20.9717139Z";"fethy.faradji@infopro-digital.com -> UserMercury@infopro-digital.com";"Fichiers de conversation Microsoft Teams/VPAOF-24292982.xml";"item";"Champ Created refuse : Vous devez spécifier une date valide comprise entre 01/01/1900 et 31/12/8900."
"2026-09-17T14:07:21.7326111Z";"fethy.faradji@infopro-digital.com -> UserMercury@infopro-digital.com";"Fichiers de conversation Microsoft Teams/VPAOF-24293636.xml";"item";"Champ Created refuse : Vous devez spécifier une date valide comprise entre 01/01/1900 et 31/12/8900."
"2026-09-17T14:07:22.4041552Z";"fethy.faradji@infopro-digital.com -> UserMercury@infopro-digital.com";"Fichiers de conversation Microsoft Teams/VPAOF-24293665.xml";"item";"Champ Created refuse : Vous devez spécifier une date valide comprise entre 01/01/1900 et 31/12/8900."
"2026-09-17T14:07:23.0656839Z";"fethy.faradji@infopro-digital.com -> UserMercury@infopro-digital.com";"Fichiers de conversation Microsoft Teams/VPAOF-24306090.xml";"item";"Champ Created refuse : Vous devez spécifier une date valide comprise entre 01/01/1900 et 31/12/8900."
"2026-09-17T14:07:24.0598333Z";"fethy.faradji@infopro-digital.com -> UserMercury@infopro-digital.com";"Fichiers de conversation Microsoft Teams/vue_simx_ao_pub.sql";"item";"Champ Created refuse : Vous devez spécifier une date valide comprise entre 01/01/1900 et 31/12/8900."
"2026-09-17T14:07:24.7109812Z";"fethy.faradji@infopro-digital.com -> UserMercury@infopro-digital.com";"Fichiers de conversation Microsoft Teams/vue_simx_aoam_nbcar.sql";"item";"Champ Created refuse : Vous devez spécifier une date valide comprise entre 01/01/1900 et 31/12/8900."
"2026-09-17T14:07:24.8311979Z";"fethy.faradji@infopro-digital.com -> UserMercury@infopro-digital.com";"Fichiers de conversation Microsoft Teams/wallpaper.jpg";"item";"Cible modifiee depuis le checkpoint : conflit a examiner, aucun ecrasement automatique."
"2026-09-17T14:07:24.9405722Z";"fethy.faradji@infopro-digital.com -> UserMercury@infopro-digital.com";"Fichiers de conversation Microsoft Teams/wallpaper_creamodifAD.png";"item";"Cible modifiee depuis le checkpoint : conflit a examiner, aucun ecrasement automatique."
"2026-09-17T14:07:25.6641094Z";"fethy.faradji@infopro-digital.com -> UserMercury@infopro-digital.com";"Fichiers de conversation Microsoft Teams/winscp.log";"item";"Champ Created refuse : Vous devez spécifier une date valide comprise entre 01/01/1900 et 31/12/8900."
"2026-09-17T14:07:26.5190447Z";"fethy.faradji@infopro-digital.com -> UserMercury@infopro-digital.com";"Fichiers de conversation Microsoft Teams/workflow_Monimail.xlsx";"item";"Champ Created refuse : Vous devez spécifier une date valide comprise entre 01/01/1900 et 31/12/8900."
"2026-09-17T14:07:26.7889664Z";"fethy.faradji@infopro-digital.com -> UserMercury@infopro-digital.com";"Fichiers de conversation Microsoft Teams/zabbix.png";"item";"Cible modifiee depuis le checkpoint : conflit a examiner, aucun ecrasement automatique."
"2026-09-17T14:07:30.8780585Z";"fethy.faradji@infopro-digital.com -> UserMercury@infopro-digital.com";"Images/25725.jpg";"item";"Cible modifiee depuis le checkpoint : conflit a examiner, aucun ecrasement automatique."
"2026-09-17T14:07:31.0030596Z";"fethy.faradji@infopro-digital.com -> UserMercury@infopro-digital.com";"Images/285d79385fb3b70b0136d201b25dc2cf12260af3.png";"item";"Cible modifiee depuis le checkpoint : conflit a examiner, aucun ecrasement automatique."
"2026-09-17T14:07:31.1280628Z";"fethy.faradji@infopro-digital.com -> UserMercury@infopro-digital.com";"Images/41G1ohnr8wL._SY300_QL70_.jpg";"item";"Cible modifiee depuis le checkpoint : conflit a examiner, aucun ecrasement automatique."
"2026-09-17T14:07:31.2530649Z";"fethy.faradji@infopro-digital.com -> UserMercury@infopro-digital.com";"Images/68932826.jpg";"item";"Cible modifiee depuis le checkpoint : conflit a examiner, aucun ecrasement automatique."
"2026-09-17T14:07:31.3780645Z";"fethy.faradji@infopro-digital.com -> UserMercury@infopro-digital.com";"Images/8658c20a0cdea90703d1c1411e8bfe44.png";"item";"Cible modifiee depuis le checkpoint : conflit a examiner, aucun ecrasement automatique."
"2026-09-17T14:07:31.5030658Z";"fethy.faradji@infopro-digital.com -> UserMercury@infopro-digital.com";"Images/asasassas.png";"item";"Cible modifiee depuis le checkpoint : conflit a examiner, aucun ecrasement automatique."
"2026-09-17T14:07:31.6629858Z";"fethy.faradji@infopro-digital.com -> UserMercury@infopro-digital.com";"Images/Basketball-Rubber-Duck-Schanbels-2__55480.jpg";"item";"Cible modifiee depuis le checkpoint : conflit a examiner, aucun ecrasement automatique."
"2026-09-17T14:07:31.7960959Z";"fethy.faradji@infopro-digital.com -> UserMercury@infopro-digital.com";"Images/batcanard.webp";"item";"Cible modifiee depuis le checkpoint : conflit a examiner, aucun ecrasement automatique."
"2026-09-17T14:07:31.9523444Z";"fethy.faradji@infopro-digital.com -> UserMercury@infopro-digital.com";"Images/boamp.png";"item";"Cible modifiee depuis le checkpoint : conflit a examiner, aucun ecrasement automatique."
"2026-09-17T14:07:32.0773453Z";"fethy.faradji@infopro-digital.com -> UserMercury@infopro-digital.com";"Images/bug ssis.JPG";"item";"Cible modifiee depuis le checkpoint : conflit a examiner, aucun ecrasement automatique."
"2026-09-17T14:07:32.2023451Z";"fethy.faradji@infopro-digital.com -> UserMercury@infopro-digital.com";"Images/c39209238e019e0ce5df7c537e0c9c5e.jpg";"item";"Cible modifiee depuis le checkpoint : conflit a examiner, aucun ecrasement automatique."
"2026-09-17T14:07:32.3898441Z";"fethy.faradji@infopro-digital.com -> UserMercury@infopro-digital.com";"Images/canard-de-bain-napoleon (1).jpg";"item";"Cible modifiee depuis le checkpoint : conflit a examiner, aucun ecrasement automatique."
"2026-09-17T14:07:32.5807928Z";"fethy.faradji@infopro-digital.com -> UserMercury@infopro-digital.com";"Images/CanardMetalGearSolidSolidSnakecanardx.webp";"item";"Cible modifiee depuis le checkpoint : conflit a examiner, aucun ecrasement automatique."
"2026-09-17T14:07:32.7058100Z";"fethy.faradji@infopro-digital.com -> UserMercury@infopro-digital.com";"Images/Capture_grmuzssimp001.JPG";"item";"Cible modifiee depuis le checkpoint : conflit a examiner, aucun ecrasement automatique."
"2026-09-17T14:07:32.8469795Z";"fethy.faradji@infopro-digital.com -> UserMercury@infopro-digital.com";"Images/cs.png";"item";"Cible modifiee depuis le checkpoint : conflit a examiner, aucun ecrasement automatique."
"2026-09-17T14:07:32.9719858Z";"fethy.faradji@infopro-digital.com -> UserMercury@infopro-digital.com";"Images/d67a3fed7eda5cc72f98849689e8e7e0.jpg";"item";"Cible modifiee depuis le checkpoint : conflit a examiner, aucun ecrasement automatique."
"2026-09-17T14:07:33.0969819Z";"fethy.faradji@infopro-digital.com -> UserMercury@infopro-digital.com";"Images/darkcanard_.jpg";"item";"Cible modifiee depuis le checkpoint : conflit a examiner, aucun ecrasement automatique."
"2026-09-17T14:07:33.2219774Z";"fethy.faradji@infopro-digital.com -> UserMercury@infopro-digital.com";"Images/destination.png";"item";"Cible modifiee depuis le checkpoint : conflit a examiner, aucun ecrasement automatique."
"2026-09-17T14:07:33.3469804Z";"fethy.faradji@infopro-digital.com -> UserMercury@infopro-digital.com";"Images/diagramme jacky mais en plus beau.png";"item";"Cible modifiee depuis le checkpoint : conflit a examiner, aucun ecrasement automatique."
"2026-09-17T14:07:33.5501053Z";"fethy.faradji@infopro-digital.com -> UserMercury@infopro-digital.com";"Images/EasyVista_-_Color@4x.jpg";"item";"Cible modifiee depuis le checkpoint : conflit a examiner, aucun ecrasement automatique."
"2026-09-17T14:07:33.6652466Z";"fethy.faradji@infopro-digital.com -> UserMercury@infopro-digital.com";"Images/Facebook_cover03.png";"item";"Cible modifiee depuis le checkpoint : conflit a examiner, aucun ecrasement automatique."
"2026-09-17T14:07:33.8223697Z";"fethy.faradji@infopro-digital.com -> UserMercury@infopro-digital.com";"Images/idente2.jpg";"item";"Cible modifiee depuis le checkpoint : conflit a examiner, aucun ecrasement automatique."
"2026-09-17T14:07:33.9710948Z";"fethy.faradji@infopro-digital.com -> UserMercury@infopro-digital.com";"Images/identit1.jpg";"item";"Cible modifiee depuis le checkpoint : conflit a examiner, aucun ecrasement automatique."
"2026-09-17T14:07:34.0804697Z";"fethy.faradji@infopro-digital.com -> UserMercury@infopro-digital.com";"Images/kepler.png";"item";"Cible modifiee depuis le checkpoint : conflit a examiner, aucun ecrasement automatique."
"2026-09-17T14:07:34.2210977Z";"fethy.faradji@infopro-digital.com -> UserMercury@infopro-digital.com";"Images/Konoha.jpg";"item";"Cible modifiee depuis le checkpoint : conflit a examiner, aucun ecrasement automatique."
"2026-09-17T14:07:34.3929725Z";"fethy.faradji@infopro-digital.com -> UserMercury@infopro-digital.com";"Images/la BOAMP V+.jpg";"item";"Cible modifiee depuis le checkpoint : conflit a examiner, aucun ecrasement automatique."
"2026-09-17T14:07:34.5179729Z";"fethy.faradji@infopro-digital.com -> UserMercury@infopro-digital.com";"Images/les-diners-officiels-pour-les-chefs-d-etat-et-les-hotes-de-marque-ont-lieu-dans-la-grande-salle-de-reception-conservee-en-style-regence-photo-abergel-ly-sipa-les-diners-officiels-pou.jpg";"item";"Cible modifiee depuis le checkpoint : conflit a examiner, aucun ecrasement automatique."
"2026-09-17T14:07:34.6492813Z";"fethy.faradji@infopro-digital.com -> UserMercury@infopro-digital.com";"Images/mcd.png";"item";"Cible modifiee depuis le checkpoint : conflit a examiner, aucun ecrasement automatique."
"2026-09-17T14:07:34.7991639Z";"fethy.faradji@infopro-digital.com -> UserMercury@infopro-digital.com";"Images/mysupport_.png";"item";"Cible modifiee depuis le checkpoint : conflit a examiner, aucun ecrasement automatique."
"2026-09-17T14:07:34.9085361Z";"fethy.faradji@infopro-digital.com -> UserMercury@infopro-digital.com";"Images/mysupport_mail.png";"item";"Cible modifiee depuis le checkpoint : conflit a examiner, aucun ecrasement automatique."
"2026-09-17T14:07:35.0179105Z";"fethy.faradji@infopro-digital.com -> UserMercury@infopro-digital.com";"Images/office-365.jpg";"item";"Cible modifiee depuis le checkpoint : conflit a examiner, aucun ecrasement automatique."
"2026-09-17T14:07:35.1429128Z";"fethy.faradji@infopro-digital.com -> UserMercury@infopro-digital.com";"Images/OIP (1).jpg";"item";"Cible modifiee depuis le checkpoint : conflit a examiner, aucun ecrasement automatique."
"2026-09-17T14:07:35.2679119Z";"fethy.faradji@infopro-digital.com -> UserMercury@infopro-digital.com";"Images/OIP (2).jpg";"item";"Cible modifiee depuis le checkpoint : conflit a examiner, aucun ecrasement automatique."
"2026-09-17T14:07:35.3772866Z";"fethy.faradji@infopro-digital.com -> UserMercury@infopro-digital.com";"Images/OIP (3).jpg";"item";"Cible modifiee depuis le checkpoint : conflit a examiner, aucun ecrasement automatique."
"2026-09-17T14:07:35.5022967Z";"fethy.faradji@infopro-digital.com -> UserMercury@infopro-digital.com";"Images/OIP (4).jpg";"item";"Cible modifiee depuis le checkpoint : conflit a examiner, aucun ecrasement automatique."
"2026-09-17T14:07:35.6323821Z";"fethy.faradji@infopro-digital.com -> UserMercury@infopro-digital.com";"Images/OIP.jpg";"item";"Cible modifiee depuis le checkpoint : conflit a examiner, aucun ecrasement automatique."
"2026-09-17T14:07:35.7537568Z";"fethy.faradji@infopro-digital.com -> UserMercury@infopro-digital.com";"Images/outlook.png";"item";"Cible modifiee depuis le checkpoint : conflit a examiner, aucun ecrasement automatique."
"2026-09-17T14:07:35.8631484Z";"fethy.faradji@infopro-digital.com -> UserMercury@infopro-digital.com";"Images/plan B - contre lotus.png";"item";"Cible modifiee depuis le checkpoint : conflit a examiner, aucun ecrasement automatique."
"2026-09-17T14:07:36.0037708Z";"fethy.faradji@infopro-digital.com -> UserMercury@infopro-digital.com";"Images/power_automate.png";"item";"Transfert interrompu a issue inconnue. Verifier la derniere version cible avant de reparer le checkpoint (voir notice)."
"2026-09-17T14:07:36.1131464Z";"fethy.faradji@infopro-digital.com -> UserMercury@infopro-digital.com";"Images/prospect_avec_abonnement.JPG";"item";"Cible modifiee depuis le checkpoint : conflit a examiner, aucun ecrasement automatique."
"2026-09-17T14:07:36.2537697Z";"fethy.faradji@infopro-digital.com -> UserMercury@infopro-digital.com";"Images/R (1).jpg";"item";"Cible modifiee depuis le checkpoint : conflit a examiner, aucun ecrasement automatique."
"2026-09-17T14:07:37.0438802Z";"fethy.faradji@infopro-digital.com -> UserMercury@infopro-digital.com";"Images/R.jfif";"item";"Champ Created refuse : Vous devez spécifier une date valide comprise entre 01/01/1900 et 31/12/8900."
"2026-09-17T14:07:37.2001285Z";"fethy.faradji@infopro-digital.com -> UserMercury@infopro-digital.com";"Images/R.jpg";"item";"Cible modifiee depuis le checkpoint : conflit a examiner, aucun ecrasement automatique."
"2026-09-17T14:07:37.3095024Z";"fethy.faradji@infopro-digital.com -> UserMercury@infopro-digital.com";"Images/R.png";"item";"Cible modifiee depuis le checkpoint : conflit a examiner, aucun ecrasement automatique."
"2026-09-17T14:07:37.4345023Z";"fethy.faradji@infopro-digital.com -> UserMercury@infopro-digital.com";"Images/sharepoint.jpg";"item";"Cible modifiee depuis le checkpoint : conflit a examiner, aucun ecrasement automatique."
"2026-09-17T14:07:37.5650172Z";"fethy.faradji@infopro-digital.com -> UserMercury@infopro-digital.com";"Images/Sigle_blue.png";"item";"Cible modifiee depuis le checkpoint : conflit a examiner, aucun ecrasement automatique."
"2026-09-17T14:07:37.6886286Z";"fethy.faradji@infopro-digital.com -> UserMercury@infopro-digital.com";"Images/source.png";"item";"Cible modifiee depuis le checkpoint : conflit a examiner, aucun ecrasement automatique."
"2026-09-17T14:07:37.8144950Z";"fethy.faradji@infopro-digital.com -> UserMercury@infopro-digital.com";"Images/spec_viewer.jpg";"item";"Cible modifiee depuis le checkpoint : conflit a examiner, aucun ecrasement automatique."
"2026-09-17T14:07:37.9551233Z";"fethy.faradji@infopro-digital.com -> UserMercury@infopro-digital.com";"Images/superman_canard.webp";"item";"Cible modifiee depuis le checkpoint : conflit a examiner, aucun ecrasement automatique."
"2026-09-17T14:07:38.0957472Z";"fethy.faradji@infopro-digital.com -> UserMercury@infopro-digital.com";"Images/téléchargement.jpeg";"item";"Cible modifiee depuis le checkpoint : conflit a examiner, aucun ecrasement automatique."
"2026-09-17T14:07:38.2207485Z";"fethy.faradji@infopro-digital.com -> UserMercury@infopro-digital.com";"Images/Test-Dragon-Ball-Z-Kakarot-26-scaled (1).jpg";"item";"Cible modifiee depuis le checkpoint : conflit a examiner, aucun ecrasement automatique."
"2026-09-17T14:07:38.3457541Z";"fethy.faradji@infopro-digital.com -> UserMercury@infopro-digital.com";"Images/thumb-1920-696567.jpg";"item";"Cible modifiee depuis le checkpoint : conflit a examiner, aucun ecrasement automatique."
"2026-09-17T14:07:38.4551222Z";"fethy.faradji@infopro-digital.com -> UserMercury@infopro-digital.com";"Images/toto.jpg";"item";"Cible modifiee depuis le checkpoint : conflit a examiner, aucun ecrasement automatique."
"2026-09-17T14:07:38.6023504Z";"fethy.faradji@infopro-digital.com -> UserMercury@infopro-digital.com";"Images/traitement_manuel.jpg";"item";"Cible modifiee depuis le checkpoint : conflit a examiner, aucun ecrasement automatique."
"2026-09-17T14:07:38.7117259Z";"fethy.faradji@infopro-digital.com -> UserMercury@infopro-digital.com";"Images/ww.png";"item";"Cible modifiee depuis le checkpoint : conflit a examiner, aucun ecrasement automatique."
"2026-09-17T14:07:39.5229344Z";"fethy.faradji@infopro-digital.com -> UserMercury@infopro-digital.com";"Links/Desktop.lnk";"item";"Champ Created refuse : Vous devez spécifier une date valide comprise entre 01/01/1900 et 31/12/8900."
"2026-09-17T14:07:40.2216497Z";"fethy.faradji@infopro-digital.com -> UserMercury@infopro-digital.com";"Links/Downloads.lnk";"item";"Champ Created refuse : Vous devez spécifier une date valide comprise entre 01/01/1900 et 31/12/8900."
"2026-09-17T14:07:41.9156147Z";"fethy.faradji@infopro-digital.com -> UserMercury@infopro-digital.com";"Microsoft Teams Chat Files/720322959.pdf";"item";"Champ Created refuse : Vous devez spécifier une date valide comprise entre 01/01/1900 et 31/12/8900."
"2026-09-17T14:07:42.6621174Z";"fethy.faradji@infopro-digital.com -> UserMercury@infopro-digital.com";"Microsoft Teams Chat Files/BIM.CLG.dtsx";"item";"Champ Created refuse : Vous devez spécifier une date valide comprise entre 01/01/1900 et 31/12/8900."
"2026-09-17T14:07:43.3779267Z";"fethy.faradji@infopro-digital.com -> UserMercury@infopro-digital.com";"Microsoft Teams Chat Files/BIM_SSIS.zip";"item";"Champ Created refuse : Vous devez spécifier une date valide comprise entre 01/01/1900 et 31/12/8900."
"2026-09-17T14:07:43.5498109Z";"fethy.faradji@infopro-digital.com -> UserMercury@infopro-digital.com";"Microsoft Teams Chat Files/Paragraphe Loop 1.loop";"item";"Transfert interrompu a issue inconnue. Verifier la derniere version cible avant de reparer le checkpoint (voir notice)."
"2026-09-17T14:07:43.7327341Z";"fethy.faradji@infopro-digital.com -> UserMercury@infopro-digital.com";"Microsoft Teams Chat Files/Paragraphe Loop 2.loop";"item";"Transfert interrompu a issue inconnue. Verifier la derniere version cible avant de reparer le checkpoint (voir notice)."
"2026-09-17T14:07:44.4920492Z";"fethy.faradji@infopro-digital.com -> UserMercury@infopro-digital.com";"Microsoft Teams Chat Files/Paragraphe Loop.loop";"item";"Champ Created refuse : Vous devez spécifier une date valide comprise entre 01/01/1900 et 31/12/8900."
"2026-09-17T14:07:45.1901625Z";"fethy.faradji@infopro-digital.com -> UserMercury@infopro-digital.com";"Microsoft Teams Chat Files/PLAN_workflow_MOL.docx";"item";"Champ Created refuse : Vous devez spécifier une date valide comprise entre 01/01/1900 et 31/12/8900."
"2026-09-17T14:07:49.3039885Z";"fethy.faradji@infopro-digital.com -> UserMercury@infopro-digital.com";"Réunions/Daily Infra 2025-09-22.loop";"item";"Champ Created refuse : Vous devez spécifier une date valide comprise entre 01/01/1900 et 31/12/8900."
"2026-09-17T14:07:49.4602402Z";"fethy.faradji@infopro-digital.com -> UserMercury@infopro-digital.com";"Réunions/Daily Infra 2025-09-29.loop";"item";"Transfert interrompu a issue inconnue. Verifier la derniere version cible avant de reparer le checkpoint (voir notice)."
"2026-09-17T14:07:49.5856160Z";"fethy.faradji@infopro-digital.com -> UserMercury@infopro-digital.com";"Réunions/Daily Infra 2025-10-08.loop";"item";"Transfert interrompu a issue inconnue. Verifier la derniere version cible avant de reparer le checkpoint (voir notice)."
"2026-09-17T14:07:49.7707714Z";"fethy.faradji@infopro-digital.com -> UserMercury@infopro-digital.com";"Réunions/Daily Infra 2025-10-09.loop";"item";"Transfert interrompu a issue inconnue. Verifier la derniere version cible avant de reparer le checkpoint (voir notice)."
"2026-09-17T14:07:50.5207910Z";"fethy.faradji@infopro-digital.com -> UserMercury@infopro-digital.com";"Réunions/Daily Infra 2025-10-14.loop";"item";"Champ Created refuse : Vous devez spécifier une date valide comprise entre 01/01/1900 et 31/12/8900."
"2026-09-17T14:07:50.6477928Z";"fethy.faradji@infopro-digital.com -> UserMercury@infopro-digital.com";"Réunions/Daily Infra 2025-10-16.loop";"item";"Transfert interrompu a issue inconnue. Verifier la derniere version cible avant de reparer le checkpoint (voir notice)."
"2026-09-17T14:07:50.8313868Z";"fethy.faradji@infopro-digital.com -> UserMercury@infopro-digital.com";"Réunions/Daily Infra 2025-11-20.loop";"item";"Transfert interrompu a issue inconnue. Verifier la derniere version cible avant de reparer le checkpoint (voir notice)."
"2026-09-17T14:07:50.9720141Z";"fethy.faradji@infopro-digital.com -> UserMercury@infopro-digital.com";"Réunions/Daily Infra 2025-11-21.loop";"item";"Transfert interrompu a issue inconnue. Verifier la derniere version cible avant de reparer le checkpoint (voir notice)."
"2026-09-17T14:07:51.1595138Z";"fethy.faradji@infopro-digital.com -> UserMercury@infopro-digital.com";"Réunions/Daily Infra 2025-11-28.loop";"item";"Transfert interrompu a issue inconnue. Verifier la derniere version cible avant de reparer le checkpoint (voir notice)."
"2026-09-17T14:07:51.3157626Z";"fethy.faradji@infopro-digital.com -> UserMercury@infopro-digital.com";"Réunions/Daily Infra 2025-12-02.loop";"item";"Transfert interrompu a issue inconnue. Verifier la derniere version cible avant de reparer le checkpoint (voir notice)."
"2026-09-17T14:07:51.4251400Z";"fethy.faradji@infopro-digital.com -> UserMercury@infopro-digital.com";"Réunions/Daily Infra 2025-12-04.loop";"item";"Transfert interrompu a issue inconnue. Verifier la derniere version cible avant de reparer le checkpoint (voir notice)."
"2026-09-17T14:07:51.6186282Z";"fethy.faradji@infopro-digital.com -> UserMercury@infopro-digital.com";"Réunions/Daily Infra 2025-12-12.loop";"item";"Transfert interrompu a issue inconnue. Verifier la derniere version cible avant de reparer le checkpoint (voir notice)."
"2026-09-17T14:07:51.7526377Z";"fethy.faradji@infopro-digital.com -> UserMercury@infopro-digital.com";"Réunions/Daily Infra 2025-12-18.loop";"item";"Transfert interrompu a issue inconnue. Verifier la derniere version cible avant de reparer le checkpoint (voir notice)."
"2026-09-17T14:07:51.9346468Z";"fethy.faradji@infopro-digital.com -> UserMercury@infopro-digital.com";"Réunions/Daily Infra 2026-01-16.loop";"item";"Transfert interrompu a issue inconnue. Verifier la derniere version cible avant de reparer le checkpoint (voir notice)."
"2026-09-17T14:07:52.0752674Z";"fethy.faradji@infopro-digital.com -> UserMercury@infopro-digital.com";"Réunions/Daily Infra 2026-01-26.loop";"item";"Transfert interrompu a issue inconnue. Verifier la derniere version cible avant de reparer le checkpoint (voir notice)."
"2026-09-17T14:07:52.2471430Z";"fethy.faradji@infopro-digital.com -> UserMercury@infopro-digital.com";"Réunions/Daily Infra 2026-01-27.loop";"item";"Transfert interrompu a issue inconnue. Verifier la derniere version cible avant de reparer le checkpoint (voir notice)."
"2026-09-17T14:07:52.3877714Z";"fethy.faradji@infopro-digital.com -> UserMercury@infopro-digital.com";"Réunions/Daily Infra 2026-01-29.loop";"item";"Transfert interrompu a issue inconnue. Verifier la derniere version cible avant de reparer le checkpoint (voir notice)."
"2026-09-17T14:07:52.5283940Z";"fethy.faradji@infopro-digital.com -> UserMercury@infopro-digital.com";"Réunions/Daily Infra 2026-02-03.loop";"item";"Transfert interrompu a issue inconnue. Verifier la derniere version cible avant de reparer le checkpoint (voir notice)."
"2026-09-17T14:07:52.7522733Z";"fethy.faradji@infopro-digital.com -> UserMercury@infopro-digital.com";"Réunions/Daily Infra 2026-02-05.loop";"item";"Transfert interrompu a issue inconnue. Verifier la derniere version cible avant de reparer le checkpoint (voir notice)."
"2026-09-17T14:07:52.9101381Z";"fethy.faradji@infopro-digital.com -> UserMercury@infopro-digital.com";"Réunions/Daily Infra 2026-02-06.loop";"item";"Transfert interrompu a issue inconnue. Verifier la derniere version cible avant de reparer le checkpoint (voir notice)."
"2026-09-17T14:07:53.1601398Z";"fethy.faradji@infopro-digital.com -> UserMercury@infopro-digital.com";"Réunions/Daily Infra 2026-02-09.loop";"item";"Transfert interrompu a issue inconnue. Verifier la derniere version cible avant de reparer le checkpoint (voir notice)."
"2026-09-17T14:07:53.3632649Z";"fethy.faradji@infopro-digital.com -> UserMercury@infopro-digital.com";"Réunions/Daily Infra 2026-02-11.loop";"item";"Transfert interrompu a issue inconnue. Verifier la derniere version cible avant de reparer le checkpoint (voir notice)."
"2026-09-17T14:07:53.5351420Z";"fethy.faradji@infopro-digital.com -> UserMercury@infopro-digital.com";"Réunions/Daily Infra 2026-02-16.loop";"item";"Transfert interrompu a issue inconnue. Verifier la derniere version cible avant de reparer le checkpoint (voir notice)."
"2026-09-17T14:07:53.6654126Z";"fethy.faradji@infopro-digital.com -> UserMercury@infopro-digital.com";"Réunions/Daily Infra 2026-02-18.loop";"item";"Transfert interrompu a issue inconnue. Verifier la derniere version cible avant de reparer le checkpoint (voir notice)."
"2026-09-17T14:07:53.8042184Z";"fethy.faradji@infopro-digital.com -> UserMercury@infopro-digital.com";"Réunions/Daily Infra 2026-02-19.loop";"item";"Transfert interrompu a issue inconnue. Verifier la derniere version cible avant de reparer le checkpoint (voir notice)."
"2026-09-17T14:07:53.9448430Z";"fethy.faradji@infopro-digital.com -> UserMercury@infopro-digital.com";"Réunions/Daily Infra 2026-02-20.loop";"item";"Transfert interrompu a issue inconnue. Verifier la derniere version cible avant de reparer le checkpoint (voir notice)."
"2026-09-17T14:07:54.0698481Z";"fethy.faradji@infopro-digital.com -> UserMercury@infopro-digital.com";"Réunions/Daily Infra 2026-03-05.loop";"item";"Transfert interrompu a issue inconnue. Verifier la derniere version cible avant de reparer le checkpoint (voir notice)."
"2026-09-17T14:07:54.2729702Z";"fethy.faradji@infopro-digital.com -> UserMercury@infopro-digital.com";"Réunions/Daily Infra 2026-03-10.loop";"item";"Transfert interrompu a issue inconnue. Verifier la derniere version cible avant de reparer le checkpoint (voir notice)."
"2026-09-17T14:07:54.4292218Z";"fethy.faradji@infopro-digital.com -> UserMercury@infopro-digital.com";"Réunions/Daily Infra 2026-03-13.loop";"item";"Transfert interrompu a issue inconnue. Verifier la derniere version cible avant de reparer le checkpoint (voir notice)."
"2026-09-17T14:07:54.5542253Z";"fethy.faradji@infopro-digital.com -> UserMercury@infopro-digital.com";"Réunions/Daily Infra 2026-03-26.loop";"item";"Transfert interrompu a issue inconnue. Verifier la derniere version cible avant de reparer le checkpoint (voir notice)."
"2026-09-17T14:07:54.6706095Z";"fethy.faradji@infopro-digital.com -> UserMercury@infopro-digital.com";"Réunions/Daily Infra 2026-03-27.loop";"item";"Transfert interrompu a issue inconnue. Verifier la derniere version cible avant de reparer le checkpoint (voir notice)."
"2026-09-17T14:07:54.8154372Z";"fethy.faradji@infopro-digital.com -> UserMercury@infopro-digital.com";"Réunions/Daily Infra 2026-04-03.loop";"item";"Transfert interrompu a issue inconnue. Verifier la derniere version cible avant de reparer le checkpoint (voir notice)."
"2026-09-17T14:07:54.9560637Z";"fethy.faradji@infopro-digital.com -> UserMercury@infopro-digital.com";"Réunions/Daily Infra 2026-04-09.loop";"item";"Transfert interrompu a issue inconnue. Verifier la derniere version cible avant de reparer le checkpoint (voir notice)."
"2026-09-17T14:07:55.0810650Z";"fethy.faradji@infopro-digital.com -> UserMercury@infopro-digital.com";"Réunions/Daily Infra 2026-04-16.loop";"item";"Transfert interrompu a issue inconnue. Verifier la derniere version cible avant de reparer le checkpoint (voir notice)."
"2026-09-17T14:07:55.2216956Z";"fethy.faradji@infopro-digital.com -> UserMercury@infopro-digital.com";"Réunions/Daily Infra 2026-04-20.loop";"item";"Transfert interrompu a issue inconnue. Verifier la derniere version cible avant de reparer le checkpoint (voir notice)."
"2026-09-17T14:07:55.3935654Z";"fethy.faradji@infopro-digital.com -> UserMercury@infopro-digital.com";"Réunions/Daily Infra 2026-04-21.loop";"item";"Transfert interrompu a issue inconnue. Verifier la derniere version cible avant de reparer le checkpoint (voir notice)."
"2026-09-17T14:07:55.5341926Z";"fethy.faradji@infopro-digital.com -> UserMercury@infopro-digital.com";"Réunions/Daily Infra 2026-04-28.loop";"item";"Transfert interrompu a issue inconnue. Verifier la derniere version cible avant de reparer le checkpoint (voir notice)."
"2026-09-17T14:07:55.6628058Z";"fethy.faradji@infopro-digital.com -> UserMercury@infopro-digital.com";"Réunions/Daily Infra 2026-04-30.loop";"item";"Transfert interrompu a issue inconnue. Verifier la derniere version cible avant de reparer le checkpoint (voir notice)."
"2026-09-17T14:07:55.8156288Z";"fethy.faradji@infopro-digital.com -> UserMercury@infopro-digital.com";"Réunions/Daily Infra 2026-05-04.loop";"item";"Transfert interrompu a issue inconnue. Verifier la derniere version cible avant de reparer le checkpoint (voir notice)."
"2026-09-17T14:07:56.0343803Z";"fethy.faradji@infopro-digital.com -> UserMercury@infopro-digital.com";"Réunions/Daily Infra 2026-05-07.loop";"item";"Transfert interrompu a issue inconnue. Verifier la derniere version cible avant de reparer le checkpoint (voir notice)."
"2026-09-17T14:07:56.1750054Z";"fethy.faradji@infopro-digital.com -> UserMercury@infopro-digital.com";"Réunions/Daily Infra 2026-05-12.loop";"item";"Transfert interrompu a issue inconnue. Verifier la derniere version cible avant de reparer le checkpoint (voir notice)."
"2026-09-17T14:07:56.3000075Z";"fethy.faradji@infopro-digital.com -> UserMercury@infopro-digital.com";"Réunions/Daily Infra 2026-05-21.loop";"item";"Transfert interrompu a issue inconnue. Verifier la derniere version cible avant de reparer le checkpoint (voir notice)."
"2026-09-17T14:07:56.4875106Z";"fethy.faradji@infopro-digital.com -> UserMercury@infopro-digital.com";"Réunions/Daily Infra 2026-05-22.loop";"item";"Transfert interrompu a issue inconnue. Verifier la derniere version cible avant de reparer le checkpoint (voir notice)."
"2026-09-17T14:07:56.7108258Z";"fethy.faradji@infopro-digital.com -> UserMercury@infopro-digital.com";"Réunions/Daily Infra 2026-05-26.loop";"item";"Transfert interrompu a issue inconnue. Verifier la derniere version cible avant de reparer le checkpoint (voir notice)."
"2026-09-17T14:07:56.8421401Z";"fethy.faradji@infopro-digital.com -> UserMercury@infopro-digital.com";"Réunions/Daily Infra 2026-05-28.loop";"item";"Transfert interrompu a issue inconnue. Verifier la derniere version cible avant de reparer le checkpoint (voir notice)."
"2026-09-17T14:07:56.9983844Z";"fethy.faradji@infopro-digital.com -> UserMercury@infopro-digital.com";"Réunions/Daily Infra 2026-06-08.loop";"item";"Transfert interrompu a issue inconnue. Verifier la derniere version cible avant de reparer le checkpoint (voir notice)."
"2026-09-17T14:07:57.1233860Z";"fethy.faradji@infopro-digital.com -> UserMercury@infopro-digital.com";"Réunions/Daily Infra 2026-06-25.loop";"item";"Transfert interrompu a issue inconnue. Verifier la derniere version cible avant de reparer le checkpoint (voir notice)."
"2026-09-17T14:07:57.6027835Z";"fethy.faradji@infopro-digital.com -> UserMercury@infopro-digital.com";"Réunions/Daily Infra 2026-06-26.loop";"item";"Transfert interrompu a issue inconnue. Verifier la derniere version cible avant de reparer le checkpoint (voir notice)."
"2026-09-17T14:07:57.7734023Z";"fethy.faradji@infopro-digital.com -> UserMercury@infopro-digital.com";"Réunions/Daily Infra 2026-07-09.loop";"item";"Transfert interrompu a issue inconnue. Verifier la derniere version cible avant de reparer le checkpoint (voir notice)."
"2026-09-17T14:07:57.9140262Z";"fethy.faradji@infopro-digital.com -> UserMercury@infopro-digital.com";"Réunions/Daily Infra 2026-07-10.loop";"item";"Transfert interrompu a issue inconnue. Verifier la derniere version cible avant de reparer le checkpoint (voir notice)."
"2026-09-17T14:07:58.1171537Z";"fethy.faradji@infopro-digital.com -> UserMercury@infopro-digital.com";"Réunions/Daily Infra 2026-07-23.loop";"item";"Transfert interrompu a issue inconnue. Verifier la derniere version cible avant de reparer le checkpoint (voir notice)."
"2026-09-17T14:07:58.2577765Z";"fethy.faradji@infopro-digital.com -> UserMercury@infopro-digital.com";"Réunions/Daily Infra 2026-07-28.loop";"item";"Transfert interrompu a issue inconnue. Verifier la derniere version cible avant de reparer le checkpoint (voir notice)."
"2026-09-17T14:07:58.3984009Z";"fethy.faradji@infopro-digital.com -> UserMercury@infopro-digital.com";"Réunions/Daily Infra 2026-08-03.loop";"item";"Transfert interrompu a issue inconnue. Verifier la derniere version cible avant de reparer le checkpoint (voir notice)."
"2026-09-17T14:07:58.5390335Z";"fethy.faradji@infopro-digital.com -> UserMercury@infopro-digital.com";"Réunions/Daily Infra 2026-08-04.loop";"item";"Transfert interrompu a issue inconnue. Verifier la derniere version cible avant de reparer le checkpoint (voir notice)."
"2026-09-17T14:07:58.6628595Z";"fethy.faradji@infopro-digital.com -> UserMercury@infopro-digital.com";"Réunions/Daily Infra 2026-08-07.loop";"item";"Transfert interrompu a issue inconnue. Verifier la derniere version cible avant de reparer le checkpoint (voir notice)."
"2026-09-17T14:07:58.8020528Z";"fethy.faradji@infopro-digital.com -> UserMercury@infopro-digital.com";"Réunions/Daily Infra 2026-08-28.loop";"item";"Transfert interrompu a issue inconnue. Verifier la derniere version cible avant de reparer le checkpoint (voir notice)."
"2026-09-17T14:07:59.0676764Z";"fethy.faradji@infopro-digital.com -> UserMercury@infopro-digital.com";"Réunions/Daily Infra 2026-09-04.loop";"item";"Transfert interrompu a issue inconnue. Verifier la derniere version cible avant de reparer le checkpoint (voir notice)."
"2026-09-17T14:07:59.2239282Z";"fethy.faradji@infopro-digital.com -> UserMercury@infopro-digital.com";"Réunions/Daily Infra 2026-09-11.loop";"item";"Transfert interrompu a issue inconnue. Verifier la derniere version cible avant de reparer le checkpoint (voir notice)."
"2026-09-17T14:07:59.3645554Z";"fethy.faradji@infopro-digital.com -> UserMercury@infopro-digital.com";"Réunions/Daily Infra 2026-09-17.loop";"item";"Transfert interrompu a issue inconnue. Verifier la derniere version cible avant de reparer le checkpoint (voir notice)."
"2026-09-17T14:07:59.5659480Z";"fethy.faradji@infopro-digital.com -> UserMercury@infopro-digital.com";"Réunions/Daily Infra.loop";"item";"Transfert interrompu a issue inconnue. Verifier la derniere version cible avant de reparer le checkpoint (voir notice)."
"2026-09-17T14:07:59.8153635Z";"fethy.faradji@infopro-digital.com -> UserMercury@infopro-digital.com";"Sauvegarde PC 1F1N42/Evolutions Monimail.doc";"item";"Transfert interrompu a issue inconnue. Verifier la derniere version cible avant de reparer le checkpoint (voir notice)."
"2026-09-17T14:08:01.0653574Z";"fethy.faradji@infopro-digital.com -> UserMercury@infopro-digital.com";"source/OneDrive - Infopro Digital - Raccourci.lnk";"item";"Transfert interrompu a issue inconnue. Verifier la derniere version cible avant de reparer le checkpoint (voir notice)."
"2026-09-17T14:08:04.3175354Z";"fethy.faradji@infopro-digital.com -> UserMercury@infopro-digital.com";"Bureau/backup/ALIM_TABLE_SF.sql";"item";"Champ Created refuse : Vous devez spécifier une date valide comprise entre 01/01/1900 et 31/12/8900."
"2026-09-17T14:08:04.9718704Z";"fethy.faradji@infopro-digital.com -> UserMercury@infopro-digital.com";"Bureau/backup/SIMX_AO_IN.sql";"item";"Champ Created refuse : Vous devez spécifier une date valide comprise entre 01/01/1900 et 31/12/8900."
"2026-09-17T14:08:07.6922665Z";"fethy.faradji@infopro-digital.com -> UserMercury@infopro-digital.com";"Bureau/bin/Antlr3.Runtime.dll";"item";"Champ Created refuse : Vous devez spécifier une date valide comprise entre 01/01/1900 et 31/12/8900."
"2026-09-17T14:08:08.3470438Z";"fethy.faradji@infopro-digital.com -> UserMercury@infopro-digital.com";"Bureau/bin/Antlr3.Runtime.pdb";"item";"Champ Created refuse : Vous devez spécifier une date valide comprise entre 01/01/1900 et 31/12/8900."
"2026-09-17T14:08:09.1630853Z";"fethy.faradji@infopro-digital.com -> UserMercury@infopro-digital.com";"Bureau/bin/Dapper.dll";"item";"Champ Created refuse : Vous devez spécifier une date valide comprise entre 01/01/1900 et 31/12/8900."
"2026-09-17T14:08:09.8160005Z";"fethy.faradji@infopro-digital.com -> UserMercury@infopro-digital.com";"Bureau/bin/Dapper.xml";"item";"Champ Created refuse : Vous devez spécifier une date valide comprise entre 01/01/1900 et 31/12/8900."
"2026-09-17T14:08:10.5191239Z";"fethy.faradji@infopro-digital.com -> UserMercury@infopro-digital.com";"Bureau/bin/Microsoft.Bcl.AsyncInterfaces.dll";"item";"Champ Created refuse : Vous devez spécifier une date valide comprise entre 01/01/1900 et 31/12/8900."
"2026-09-17T14:08:11.3153208Z";"fethy.faradji@infopro-digital.com -> UserMercury@infopro-digital.com";"Bureau/bin/Microsoft.Bcl.AsyncInterfaces.xml";"item";"Champ Created refuse : Vous devez spécifier une date valide comprise entre 01/01/1900 et 31/12/8900."
"2026-09-17T14:08:12.0179583Z";"fethy.faradji@infopro-digital.com -> UserMercury@infopro-digital.com";"Bureau/bin/Microsoft.Bcl.HashCode.dll";"item";"Champ Created refuse : Vous devez spécifier une date valide comprise entre 01/01/1900 et 31/12/8900."
"2026-09-17T14:08:12.7410878Z";"fethy.faradji@infopro-digital.com -> UserMercury@infopro-digital.com";"Bureau/bin/Microsoft.Bcl.HashCode.xml";"item";"Champ Created refuse : Vous devez spécifier une date valide comprise entre 01/01/1900 et 31/12/8900."
"2026-09-17T14:08:13.3700643Z";"fethy.faradji@infopro-digital.com -> UserMercury@infopro-digital.com";"Bureau/bin/Microsoft.CodeDom.Providers.DotNetCompilerPlatform.dll";"item";"Champ Created refuse : Vous devez spécifier une date valide comprise entre 01/01/1900 et 31/12/8900."
"2026-09-17T14:08:14.1659071Z";"fethy.faradji@infopro-digital.com -> UserMercury@infopro-digital.com";"Bureau/bin/Microsoft.CodeDom.Providers.DotNetCompilerPlatform.xml";"item";"Champ Created refuse : Vous devez spécifier une date valide comprise entre 01/01/1900 et 31/12/8900."
"2026-09-17T14:08:14.8777898Z";"fethy.faradji@infopro-digital.com -> UserMercury@infopro-digital.com";"Bureau/bin/Microsoft.Extensions.DependencyInjection.Abstractions.dll";"item";"Champ Created refuse : Vous devez spécifier une date valide comprise entre 01/01/1900 et 31/12/8900."
"2026-09-17T14:08:15.5985519Z";"fethy.faradji@infopro-digital.com -> UserMercury@infopro-digital.com";"Bureau/bin/Microsoft.Extensions.DependencyInjection.Abstractions.xml";"item";"Champ Created refuse : Vous devez spécifier une date valide comprise entre 01/01/1900 et 31/12/8900."
"2026-09-17T14:08:16.4187354Z";"fethy.faradji@infopro-digital.com -> UserMercury@infopro-digital.com";"Bureau/bin/Microsoft.Extensions.Logging.Abstractions.dll";"item";"Champ Created refuse : Vous devez spécifier une date valide comprise entre 01/01/1900 et 31/12/8900."
"2026-09-17T14:08:17.1367578Z";"fethy.faradji@infopro-digital.com -> UserMercury@infopro-digital.com";"Bureau/bin/Microsoft.Extensions.Logging.Abstractions.xml";"item";"Champ Created refuse : Vous devez spécifier une date valide comprise entre 01/01/1900 et 31/12/8900."
"2026-09-17T14:08:17.7604764Z";"fethy.faradji@infopro-digital.com -> UserMercury@infopro-digital.com";"Bureau/bin/Microsoft.Web.Infrastructure.dll";"item";"Champ Created refuse : Vous devez spécifier une date valide comprise entre 01/01/1900 et 31/12/8900."
"2026-09-17T14:08:18.5429448Z";"fethy.faradji@infopro-digital.com -> UserMercury@infopro-digital.com";"Bureau/bin/Newtonsoft.Json.dll";"item";"Champ Created refuse : Vous devez spécifier une date valide comprise entre 01/01/1900 et 31/12/8900."
"2026-09-17T14:08:19.2590300Z";"fethy.faradji@infopro-digital.com -> UserMercury@infopro-digital.com";"Bureau/bin/Newtonsoft.Json.xml";"item";"Champ Created refuse : Vous devez spécifier une date valide comprise entre 01/01/1900 et 31/12/8900."
"2026-09-17T14:08:19.8936284Z";"fethy.faradji@infopro-digital.com -> UserMercury@infopro-digital.com";"Bureau/bin/Npgsql.dll";"item";"Champ Created refuse : Vous devez spécifier une date valide comprise entre 01/01/1900 et 31/12/8900."
"2026-09-17T14:08:20.6633718Z";"fethy.faradji@infopro-digital.com -> UserMercury@infopro-digital.com";"Bureau/bin/Npgsql.xml";"item";"Champ Created refuse : Vous devez spécifier une date valide comprise entre 01/01/1900 et 31/12/8900."
"2026-09-17T14:08:21.3468142Z";"fethy.faradji@infopro-digital.com -> UserMercury@infopro-digital.com";"Bureau/bin/SetupDWSecurite.dll";"item";"Champ Created refuse : Vous devez spécifier une date valide comprise entre 01/01/1900 et 31/12/8900."
"2026-09-17T14:08:21.9885017Z";"fethy.faradji@infopro-digital.com -> UserMercury@infopro-digital.com";"Bureau/bin/SetupDWSecurite.dll.config";"item";"Champ Created refuse : Vous devez spécifier une date valide comprise entre 01/01/1900 et 31/12/8900."
"2026-09-17T14:08:22.7234424Z";"fethy.faradji@infopro-digital.com -> UserMercury@infopro-digital.com";"Bureau/bin/SetupDWSecurite.pdb";"item";"Champ Created refuse : Vous devez spécifier une date valide comprise entre 01/01/1900 et 31/12/8900."
"2026-09-17T14:08:23.5094343Z";"fethy.faradji@infopro-digital.com -> UserMercury@infopro-digital.com";"Bureau/bin/System.Buffers.dll";"item";"Champ Created refuse : Vous devez spécifier une date valide comprise entre 01/01/1900 et 31/12/8900."
"2026-09-17T14:08:24.1718877Z";"fethy.faradji@infopro-digital.com -> UserMercury@infopro-digital.com";"Bureau/bin/System.Buffers.xml";"item";"Champ Created refuse : Vous devez spécifier une date valide comprise entre 01/01/1900 et 31/12/8900."
"2026-09-17T14:08:24.8626096Z";"fethy.faradji@infopro-digital.com -> UserMercury@infopro-digital.com";"Bureau/bin/System.Collections.Immutable.dll";"item";"Champ Created refuse : Vous devez spécifier une date valide comprise entre 01/01/1900 et 31/12/8900."
"2026-09-17T14:08:25.6626581Z";"fethy.faradji@infopro-digital.com -> UserMercury@infopro-digital.com";"Bureau/bin/System.Collections.Immutable.xml";"item";"Champ Created refuse : Vous devez spécifier une date valide comprise entre 01/01/1900 et 31/12/8900."
"2026-09-17T14:08:26.4091320Z";"fethy.faradji@infopro-digital.com -> UserMercury@infopro-digital.com";"Bureau/bin/System.Diagnostics.DiagnosticSource.dll";"item";"Champ Created refuse : Vous devez spécifier une date valide comprise entre 01/01/1900 et 31/12/8900."
"2026-09-17T14:08:27.0956562Z";"fethy.faradji@infopro-digital.com -> UserMercury@infopro-digital.com";"Bureau/bin/System.Diagnostics.DiagnosticSource.xml";"item";"Champ Created refuse : Vous devez spécifier une date valide comprise entre 01/01/1900 et 31/12/8900."
"2026-09-17T14:08:27.7600071Z";"fethy.faradji@infopro-digital.com -> UserMercury@infopro-digital.com";"Bureau/bin/System.Memory.dll";"item";"Champ Created refuse : Vous devez spécifier une date valide comprise entre 01/01/1900 et 31/12/8900."
"2026-09-17T14:08:28.5852766Z";"fethy.faradji@infopro-digital.com -> UserMercury@infopro-digital.com";"Bureau/bin/System.Memory.xml";"item";"Champ Created refuse : Vous devez spécifier une date valide comprise entre 01/01/1900 et 31/12/8900."
"2026-09-17T14:08:29.3099397Z";"fethy.faradji@infopro-digital.com -> UserMercury@infopro-digital.com";"Bureau/bin/System.Numerics.Vectors.dll";"item";"Champ Created refuse : Vous devez spécifier une date valide comprise entre 01/01/1900 et 31/12/8900."
"2026-09-17T14:08:30.1597823Z";"fethy.faradji@infopro-digital.com -> UserMercury@infopro-digital.com";"Bureau/bin/System.Numerics.Vectors.xml";"item";"Champ Created refuse : Vous devez spécifier une date valide comprise entre 01/01/1900 et 31/12/8900."
"2026-09-17T14:08:31.0655992Z";"fethy.faradji@infopro-digital.com -> UserMercury@infopro-digital.com";"Bureau/bin/System.Runtime.CompilerServices.Unsafe.dll";"item";"Champ Created refuse : Vous devez spécifier une date valide comprise entre 01/01/1900 et 31/12/8900."
"2026-09-17T14:08:31.8085939Z";"fethy.faradji@infopro-digital.com -> UserMercury@infopro-digital.com";"Bureau/bin/System.Runtime.CompilerServices.Unsafe.xml";"item";"Champ Created refuse : Vous devez spécifier une date valide comprise entre 01/01/1900 et 31/12/8900."
"2026-09-17T14:08:32.5861031Z";"fethy.faradji@infopro-digital.com -> UserMercury@infopro-digital.com";"Bureau/bin/System.Text.Encodings.Web.dll";"item";"Champ Created refuse : Vous devez spécifier une date valide comprise entre 01/01/1900 et 31/12/8900."
"2026-09-17T14:08:33.3155354Z";"fethy.faradji@infopro-digital.com -> UserMercury@infopro-digital.com";"Bureau/bin/System.Text.Encodings.Web.xml";"item";"Champ Created refuse : Vous devez spécifier une date valide comprise entre 01/01/1900 et 31/12/8900."
"2026-09-17T14:08:34.0126474Z";"fethy.faradji@infopro-digital.com -> UserMercury@infopro-digital.com";"Bureau/bin/System.Text.Json.dll";"item";"Champ Created refuse : Vous devez spécifier une date valide comprise entre 01/01/1900 et 31/12/8900."
"2026-09-17T14:08:34.8935192Z";"fethy.faradji@infopro-digital.com -> UserMercury@infopro-digital.com";"Bureau/bin/System.Text.Json.xml";"item";"Champ Created refuse : Vous devez spécifier une date valide comprise entre 01/01/1900 et 31/12/8900."
"2026-09-17T14:08:35.6949518Z";"fethy.faradji@infopro-digital.com -> UserMercury@infopro-digital.com";"Bureau/bin/System.Threading.Channels.dll";"item";"Champ Created refuse : Vous devez spécifier une date valide comprise entre 01/01/1900 et 31/12/8900."
"2026-09-17T14:08:36.3779290Z";"fethy.faradji@infopro-digital.com -> UserMercury@infopro-digital.com";"Bureau/bin/System.Threading.Channels.xml";"item";"Champ Created refuse : Vous devez spécifier une date valide comprise entre 01/01/1900 et 31/12/8900."
"2026-09-17T14:08:37.0641882Z";"fethy.faradji@infopro-digital.com -> UserMercury@infopro-digital.com";"Bureau/bin/System.Threading.Tasks.Extensions.dll";"item";"Champ Created refuse : Vous devez spécifier une date valide comprise entre 01/01/1900 et 31/12/8900."
"2026-09-17T14:08:37.7703162Z";"fethy.faradji@infopro-digital.com -> UserMercury@infopro-digital.com";"Bureau/bin/System.Threading.Tasks.Extensions.xml";"item";"Champ Created refuse : Vous devez spécifier une date valide comprise entre 01/01/1900 et 31/12/8900."
"2026-09-17T14:08:38.4709349Z";"fethy.faradji@infopro-digital.com -> UserMercury@infopro-digital.com";"Bureau/bin/System.ValueTuple.dll";"item";"Champ Created refuse : Vous devez spécifier une date valide comprise entre 01/01/1900 et 31/12/8900."
"2026-09-17T14:08:39.0989156Z";"fethy.faradji@infopro-digital.com -> UserMercury@infopro-digital.com";"Bureau/bin/System.ValueTuple.xml";"item";"Champ Created refuse : Vous devez spécifier une date valide comprise entre 01/01/1900 et 31/12/8900."
"2026-09-17T14:08:39.7525313Z";"fethy.faradji@infopro-digital.com -> UserMercury@infopro-digital.com";"Bureau/bin/System.Web.Helpers.dll";"item";"Champ Created refuse : Vous devez spécifier une date valide comprise entre 01/01/1900 et 31/12/8900."
"2026-09-17T14:08:40.4712122Z";"fethy.faradji@infopro-digital.com -> UserMercury@infopro-digital.com";"Bureau/bin/System.Web.Helpers.xml";"item";"Champ Created refuse : Vous devez spécifier une date valide comprise entre 01/01/1900 et 31/12/8900."
"2026-09-17T14:08:41.1288614Z";"fethy.faradji@infopro-digital.com -> UserMercury@infopro-digital.com";"Bureau/bin/System.Web.Mvc.dll";"item";"Champ Created refuse : Vous devez spécifier une date valide comprise entre 01/01/1900 et 31/12/8900."
"2026-09-17T14:08:41.8104009Z";"fethy.faradji@infopro-digital.com -> UserMercury@infopro-digital.com";"Bureau/bin/System.Web.Mvc.xml";"item";"Champ Created refuse : Vous devez spécifier une date valide comprise entre 01/01/1900 et 31/12/8900."
"2026-09-17T14:08:42.4822886Z";"fethy.faradji@infopro-digital.com -> UserMercury@infopro-digital.com";"Bureau/bin/System.Web.Optimization.dll";"item";"Champ Created refuse : Vous devez spécifier une date valide comprise entre 01/01/1900 et 31/12/8900."
"2026-09-17T14:08:43.2848567Z";"fethy.faradji@infopro-digital.com -> UserMercury@infopro-digital.com";"Bureau/bin/System.Web.Optimization.xml";"item";"Champ Created refuse : Vous devez spécifier une date valide comprise entre 01/01/1900 et 31/12/8900."
"2026-09-17T14:08:44.0206826Z";"fethy.faradji@infopro-digital.com -> UserMercury@infopro-digital.com";"Bureau/bin/System.Web.Razor.dll";"item";"Champ Created refuse : Vous devez spécifier une date valide comprise entre 01/01/1900 et 31/12/8900."
"2026-09-17T14:08:44.6668823Z";"fethy.faradji@infopro-digital.com -> UserMercury@infopro-digital.com";"Bureau/bin/System.Web.Razor.xml";"item";"Champ Created refuse : Vous devez spécifier une date valide comprise entre 01/01/1900 et 31/12/8900."
"2026-09-17T14:08:45.3157443Z";"fethy.faradji@infopro-digital.com -> UserMercury@infopro-digital.com";"Bureau/bin/System.Web.WebPages.Deployment.dll";"item";"Champ Created refuse : Vous devez spécifier une date valide comprise entre 01/01/1900 et 31/12/8900."
"2026-09-17T14:08:46.0188921Z";"fethy.faradji@infopro-digital.com -> UserMercury@infopro-digital.com";"Bureau/bin/System.Web.WebPages.Deployment.xml";"item";"Champ Created refuse : Vous devez spécifier une date valide comprise entre 01/01/1900 et 31/12/8900."
"2026-09-17T14:08:46.7680714Z";"fethy.faradji@infopro-digital.com -> UserMercury@infopro-digital.com";"Bureau/bin/System.Web.WebPages.dll";"item";"Champ Created refuse : Vous devez spécifier une date valide comprise entre 01/01/1900 et 31/12/8900."
"2026-09-17T14:08:47.5684161Z";"fethy.faradji@infopro-digital.com -> UserMercury@infopro-digital.com";"Bureau/bin/System.Web.WebPages.Razor.dll";"item";"Champ Created refuse : Vous devez spécifier une date valide comprise entre 01/01/1900 et 31/12/8900."
"2026-09-17T14:08:48.2116155Z";"fethy.faradji@infopro-digital.com -> UserMercury@infopro-digital.com";"Bureau/bin/System.Web.WebPages.Razor.xml";"item";"Champ Created refuse : Vous devez spécifier une date valide comprise entre 01/01/1900 et 31/12/8900."
"2026-09-17T14:08:48.9434313Z";"fethy.faradji@infopro-digital.com -> UserMercury@infopro-digital.com";"Bureau/bin/System.Web.WebPages.xml";"item";"Champ Created refuse : Vous devez spécifier une date valide comprise entre 01/01/1900 et 31/12/8900."
"2026-09-17T14:08:49.6010553Z";"fethy.faradji@infopro-digital.com -> UserMercury@infopro-digital.com";"Bureau/bin/Web.prod.config";"item";"Champ Created refuse : Vous devez spécifier une date valide comprise entre 01/01/1900 et 31/12/8900."
"2026-09-17T14:08:50.2845936Z";"fethy.faradji@infopro-digital.com -> UserMercury@infopro-digital.com";"Bureau/bin/WebGrease.dll";"item";"Champ Created refuse : Vous devez spécifier une date valide comprise entre 01/01/1900 et 31/12/8900."
"2026-09-17T14:08:52.1670811Z";"fethy.faradji@infopro-digital.com -> UserMercury@infopro-digital.com";"Bureau/bureau/warning ssis.pdf";"item";"Champ Created refuse : Vous devez spécifier une date valide comprise entre 01/01/1900 et 31/12/8900."
"2026-09-17T14:08:55.1130540Z";"fethy.faradji@infopro-digital.com -> UserMercury@infopro-digital.com";"Bureau/Debug/Alimentation_DWS_PS.application";"item";"Transfert interrompu a issue inconnue. Verifier la derniere version cible avant de reparer le checkpoint (voir notice)."
"2026-09-17T14:08:55.2536823Z";"fethy.faradji@infopro-digital.com -> UserMercury@infopro-digital.com";"Bureau/Debug/Alimentation_DWS_PS.exe";"item";"Transfert interrompu a issue inconnue. Verifier la derniere version cible avant de reparer le checkpoint (voir notice)."
"2026-09-17T14:08:56.1132431Z";"fethy.faradji@infopro-digital.com -> UserMercury@infopro-digital.com";"Bureau/Debug/Alimentation_DWS_PS.exe.config";"item";"Champ Created refuse : Vous devez spécifier une date valide comprise entre 01/01/1900 et 31/12/8900."
"2026-09-17T14:08:56.2382484Z";"fethy.faradji@infopro-digital.com -> UserMercury@infopro-digital.com";"Bureau/Debug/Alimentation_DWS_PS.exe.manifest";"item";"Transfert interrompu a issue inconnue. Verifier la derniere version cible avant de reparer le checkpoint (voir notice)."
"2026-09-17T14:08:56.3788713Z";"fethy.faradji@infopro-digital.com -> UserMercury@infopro-digital.com";"Bureau/Debug/Alimentation_DWS_PS.pdb";"item";"Transfert interrompu a issue inconnue. Verifier la derniere version cible avant de reparer le checkpoint (voir notice)."
"2026-09-17T14:08:57.2768370Z";"fethy.faradji@infopro-digital.com -> UserMercury@infopro-digital.com";"Bureau/Debug/Microsoft.Bcl.AsyncInterfaces.dll";"item";"Champ Created refuse : Vous devez spécifier une date valide comprise entre 01/01/1900 et 31/12/8900."
"2026-09-17T14:08:58.1904638Z";"fethy.faradji@infopro-digital.com -> UserMercury@infopro-digital.com";"Bureau/Debug/Microsoft.Bcl.AsyncInterfaces.xml";"item";"Champ Created refuse : Vous devez spécifier une date valide comprise entre 01/01/1900 et 31/12/8900."
"2026-09-17T14:08:58.9584776Z";"fethy.faradji@infopro-digital.com -> UserMercury@infopro-digital.com";"Bureau/Debug/Microsoft.Bcl.HashCode.dll";"item";"Champ Created refuse : Vous devez spécifier une date valide comprise entre 01/01/1900 et 31/12/8900."
"2026-09-17T14:08:59.6669769Z";"fethy.faradji@infopro-digital.com -> UserMercury@infopro-digital.com";"Bureau/Debug/Microsoft.Bcl.HashCode.xml";"item";"Champ Created refuse : Vous devez spécifier une date valide comprise entre 01/01/1900 et 31/12/8900."
"2026-09-17T14:09:00.3786779Z";"fethy.faradji@infopro-digital.com -> UserMercury@infopro-digital.com";"Bureau/Debug/Microsoft.Extensions.DependencyInjection.Abstractions.dll";"item";"Champ Created refuse : Vous devez spécifier une date valide comprise entre 01/01/1900 et 31/12/8900."
"2026-09-17T14:09:01.2687490Z";"fethy.faradji@infopro-digital.com -> UserMercury@infopro-digital.com";"Bureau/Debug/Microsoft.Extensions.DependencyInjection.Abstractions.xml";"item";"Champ Created refuse : Vous devez spécifier une date valide comprise entre 01/01/1900 et 31/12/8900."
"2026-09-17T14:09:02.0430674Z";"fethy.faradji@infopro-digital.com -> UserMercury@infopro-digital.com";"Bureau/Debug/Microsoft.Extensions.Logging.Abstractions.dll";"item";"Champ Created refuse : Vous devez spécifier une date valide comprise entre 01/01/1900 et 31/12/8900."
"2026-09-17T14:09:02.9097467Z";"fethy.faradji@infopro-digital.com -> UserMercury@infopro-digital.com";"Bureau/Debug/Microsoft.Extensions.Logging.Abstractions.xml";"item";"Champ Created refuse : Vous devez spécifier une date valide comprise entre 01/01/1900 et 31/12/8900."
"2026-09-17T14:09:03.6929200Z";"fethy.faradji@infopro-digital.com -> UserMercury@infopro-digital.com";"Bureau/Debug/Npgsql.dll";"item";"Champ Created refuse : Vous devez spécifier une date valide comprise entre 01/01/1900 et 31/12/8900."
"2026-09-17T14:09:04.4749377Z";"fethy.faradji@infopro-digital.com -> UserMercury@infopro-digital.com";"Bureau/Debug/Npgsql.xml";"item";"Champ Created refuse : Vous devez spécifier une date valide comprise entre 01/01/1900 et 31/12/8900."
"2026-09-17T14:09:05.1598908Z";"fethy.faradji@infopro-digital.com -> UserMercury@infopro-digital.com";"Bureau/Debug/System.Buffers.dll";"item";"Champ Created refuse : Vous devez spécifier une date valide comprise entre 01/01/1900 et 31/12/8900."
"2026-09-17T14:09:06.0185110Z";"fethy.faradji@infopro-digital.com -> UserMercury@infopro-digital.com";"Bureau/Debug/System.Buffers.xml";"item";"Champ Created refuse : Vous devez spécifier une date valide comprise entre 01/01/1900 et 31/12/8900."
"2026-09-17T14:09:06.7993033Z";"fethy.faradji@infopro-digital.com -> UserMercury@infopro-digital.com";"Bureau/Debug/System.Collections.Immutable.dll";"item";"Champ Created refuse : Vous devez spécifier une date valide comprise entre 01/01/1900 et 31/12/8900."
"2026-09-17T14:09:07.5336807Z";"fethy.faradji@infopro-digital.com -> UserMercury@infopro-digital.com";"Bureau/Debug/System.Collections.Immutable.xml";"item";"Champ Created refuse : Vous devez spécifier une date valide comprise entre 01/01/1900 et 31/12/8900."
"2026-09-17T14:09:08.3004328Z";"fethy.faradji@infopro-digital.com -> UserMercury@infopro-digital.com";"Bureau/Debug/System.Diagnostics.DiagnosticSource.dll";"item";"Champ Created refuse : Vous devez spécifier une date valide comprise entre 01/01/1900 et 31/12/8900."
"2026-09-17T14:09:08.9906794Z";"fethy.faradji@infopro-digital.com -> UserMercury@infopro-digital.com";"Bureau/Debug/System.Diagnostics.DiagnosticSource.xml";"item";"Champ Created refuse : Vous devez spécifier une date valide comprise entre 01/01/1900 et 31/12/8900."
"2026-09-17T14:09:09.7108556Z";"fethy.faradji@infopro-digital.com -> UserMercury@infopro-digital.com";"Bureau/Debug/System.IO.Pipelines.dll";"item";"Champ Created refuse : Vous devez spécifier une date valide comprise entre 01/01/1900 et 31/12/8900."
"2026-09-17T14:09:10.5345971Z";"fethy.faradji@infopro-digital.com -> UserMercury@infopro-digital.com";"Bureau/Debug/System.IO.Pipelines.xml";"item";"Champ Created refuse : Vous devez spécifier une date valide comprise entre 01/01/1900 et 31/12/8900."
"2026-09-17T14:09:11.4098368Z";"fethy.faradji@infopro-digital.com -> UserMercury@infopro-digital.com";"Bureau/Debug/System.Memory.dll";"item";"Champ Created refuse : Vous devez spécifier une date valide comprise entre 01/01/1900 et 31/12/8900."
"2026-09-17T14:09:12.3302874Z";"fethy.faradji@infopro-digital.com -> UserMercury@infopro-digital.com";"Bureau/Debug/System.Memory.xml";"item";"Champ Created refuse : Vous devez spécifier une date valide comprise entre 01/01/1900 et 31/12/8900."
"2026-09-17T14:09:13.0716961Z";"fethy.faradji@infopro-digital.com -> UserMercury@infopro-digital.com";"Bureau/Debug/System.Numerics.Vectors.dll";"item";"Champ Created refuse : Vous devez spécifier une date valide comprise entre 01/01/1900 et 31/12/8900."
"2026-09-17T14:09:13.9799862Z";"fethy.faradji@infopro-digital.com -> UserMercury@infopro-digital.com";"Bureau/Debug/System.Numerics.Vectors.xml";"item";"Champ Created refuse : Vous devez spécifier une date valide comprise entre 01/01/1900 et 31/12/8900."
"2026-09-17T14:09:14.8543238Z";"fethy.faradji@infopro-digital.com -> UserMercury@infopro-digital.com";"Bureau/Debug/System.Runtime.CompilerServices.Unsafe.dll";"item";"Champ Created refuse : Vous devez spécifier une date valide comprise entre 01/01/1900 et 31/12/8900."
"2026-09-17T14:09:15.7093945Z";"fethy.faradji@infopro-digital.com -> UserMercury@infopro-digital.com";"Bureau/Debug/System.Runtime.CompilerServices.Unsafe.xml";"item";"Champ Created refuse : Vous devez spécifier une date valide comprise entre 01/01/1900 et 31/12/8900."
"2026-09-17T14:09:16.3782202Z";"fethy.faradji@infopro-digital.com -> UserMercury@infopro-digital.com";"Bureau/Debug/System.Text.Encodings.Web.dll";"item";"Champ Created refuse : Vous devez spécifier une date valide comprise entre 01/01/1900 et 31/12/8900."
"2026-09-17T14:09:17.1069133Z";"fethy.faradji@infopro-digital.com -> UserMercury@infopro-digital.com";"Bureau/Debug/System.Text.Encodings.Web.xml";"item";"Champ Created refuse : Vous devez spécifier une date valide comprise entre 01/01/1900 et 31/12/8900."
"2026-09-17T14:09:17.8698077Z";"fethy.faradji@infopro-digital.com -> UserMercury@infopro-digital.com";"Bureau/Debug/System.Text.Json.dll";"item";"Champ Created refuse : Vous devez spécifier une date valide comprise entre 01/01/1900 et 31/12/8900."
"2026-09-17T14:09:18.6381531Z";"fethy.faradji@infopro-digital.com -> UserMercury@infopro-digital.com";"Bureau/Debug/System.Text.Json.xml";"item";"Champ Created refuse : Vous devez spécifier une date valide comprise entre 01/01/1900 et 31/12/8900."
"2026-09-17T14:09:19.3796963Z";"fethy.faradji@infopro-digital.com -> UserMercury@infopro-digital.com";"Bureau/Debug/System.Threading.Channels.dll";"item";"Champ Created refuse : Vous devez spécifier une date valide comprise entre 01/01/1900 et 31/12/8900."
"2026-09-17T14:09:20.3157006Z";"fethy.faradji@infopro-digital.com -> UserMercury@infopro-digital.com";"Bureau/Debug/System.Threading.Channels.xml";"item";"Champ Created refuse : Vous devez spécifier une date valide comprise entre 01/01/1900 et 31/12/8900."
"2026-09-17T14:09:21.0655814Z";"fethy.faradji@infopro-digital.com -> UserMercury@infopro-digital.com";"Bureau/Debug/System.Threading.Tasks.Extensions.dll";"item";"Champ Created refuse : Vous devez spécifier une date valide comprise entre 01/01/1900 et 31/12/8900."
"2026-09-17T14:09:21.8758273Z";"fethy.faradji@infopro-digital.com -> UserMercury@infopro-digital.com";"Bureau/Debug/System.Threading.Tasks.Extensions.xml";"item";"Champ Created refuse : Vous devez spécifier une date valide comprise entre 01/01/1900 et 31/12/8900."
"2026-09-17T14:09:22.7528466Z";"fethy.faradji@infopro-digital.com -> UserMercury@infopro-digital.com";"Bureau/Debug/System.ValueTuple.dll";"item";"Champ Created refuse : Vous devez spécifier une date valide comprise entre 01/01/1900 et 31/12/8900."
"2026-09-17T14:09:23.6161005Z";"fethy.faradji@infopro-digital.com -> UserMercury@infopro-digital.com";"Bureau/Debug/System.ValueTuple.xml";"item";"Champ Created refuse : Vous devez spécifier une date valide comprise entre 01/01/1900 et 31/12/8900."
"2026-09-17T14:09:24.6724256Z";"fethy.faradji@infopro-digital.com -> UserMercury@infopro-digital.com";"Bureau/Debug/testpowershell2.exe";"item";"Champ Created refuse : Vous devez spécifier une date valide comprise entre 01/01/1900 et 31/12/8900."
"2026-09-17T14:09:25.3938355Z";"fethy.faradji@infopro-digital.com -> UserMercury@infopro-digital.com";"Bureau/Debug/testpowershell2.exe.config";"item";"Champ Created refuse : Vous devez spécifier une date valide comprise entre 01/01/1900 et 31/12/8900."
"2026-09-17T14:09:26.2452757Z";"fethy.faradji@infopro-digital.com -> UserMercury@infopro-digital.com";"Bureau/Debug/testpowershell2.pdb";"item";"Champ Created refuse : Vous devez spécifier une date valide comprise entre 01/01/1900 et 31/12/8900."
"2026-09-17T14:09:27.4662838Z";"fethy.faradji@infopro-digital.com -> UserMercury@infopro-digital.com";"Bureau/droit sharepoint/SharePoint_Permissions_Export_source.csv";"item";"Champ Created refuse : Vous devez spécifier une date valide comprise entre 01/01/1900 et 31/12/8900."
"2026-09-17T14:09:28.4130044Z";"fethy.faradji@infopro-digital.com -> UserMercury@infopro-digital.com";"Bureau/DWS - applications Azure/Alimentation_DWS_PS.application";"item";"Champ Created refuse : Vous devez spécifier une date valide comprise entre 01/01/1900 et 31/12/8900."
"2026-09-17T14:09:29.3028529Z";"fethy.faradji@infopro-digital.com -> UserMercury@infopro-digital.com";"Bureau/DWS - applications Azure/Alimentation_DWS_PS.exe";"item";"Champ Created refuse : Vous devez spécifier une date valide comprise entre 01/01/1900 et 31/12/8900."
"2026-09-17T14:09:30.0973126Z";"fethy.faradji@infopro-digital.com -> UserMercury@infopro-digital.com";"Bureau/DWS - applications Azure/Alimentation_DWS_PS.exe.manifest";"item";"Champ Created refuse : Vous devez spécifier une date valide comprise entre 01/01/1900 et 31/12/8900."
"2026-09-17T14:09:30.8157889Z";"fethy.faradji@infopro-digital.com -> UserMercury@infopro-digital.com";"Bureau/DWS - applications Azure/Alimentation_DWS_PS.pdb";"item";"Champ Created refuse : Vous devez spécifier une date valide comprise entre 01/01/1900 et 31/12/8900."
"2026-09-17T14:09:31.6023155Z";"fethy.faradji@infopro-digital.com -> UserMercury@infopro-digital.com";"Bureau/DWS - applications Azure/DM_create_table_view.sql";"item";"Champ Created refuse : Vous devez spécifier une date valide comprise entre 01/01/1900 et 31/12/8900."
"2026-09-17T14:09:31.8892832Z";"fethy.faradji@infopro-digital.com -> UserMercury@infopro-digital.com";"Bureau/DWS - CREAMODIFAD - ENTRA/DWS_DM_VUES.SQL";"item";"Transfert interrompu a issue inconnue. Verifier la derniere version cible avant de reparer le checkpoint (voir notice)."
"2026-09-17T14:09:32.5685738Z";"fethy.faradji@infopro-digital.com -> UserMercury@infopro-digital.com";"Bureau/DWS - CREAMODIFAD - ENTRA/DWS_DW.SQL";"item";"Champ Created refuse : Vous devez spécifier une date valide comprise entre 01/01/1900 et 31/12/8900."
"2026-09-17T14:09:33.2722509Z";"fethy.faradji@infopro-digital.com -> UserMercury@infopro-digital.com";"Bureau/DWS - CREAMODIFAD - ENTRA/sarepointCopyScrypt-last-one.ps1";"item";"Champ Created refuse : Vous devez spécifier une date valide comprise entre 01/01/1900 et 31/12/8900."
"2026-09-17T14:09:35.2637371Z";"fethy.faradji@infopro-digital.com -> UserMercury@infopro-digital.com";"Bureau/export_synchro_sim_202410/avic_sans_date.csv";"item";"Champ Created refuse : Vous devez spécifier une date valide comprise entre 01/01/1900 et 31/12/8900."
"2026-09-17T14:09:35.3887394Z";"fethy.faradji@infopro-digital.com -> UserMercury@infopro-digital.com";"Bureau/export_synchro_sim_202410/avic_sans_date.txt";"item";"Cible modifiee depuis le checkpoint : conflit a examiner, aucun ecrasement automatique."
"2026-09-17T14:09:36.2188585Z";"fethy.faradji@infopro-digital.com -> UserMercury@infopro-digital.com";"Bureau/export_synchro_sim_202410/avis__c_2.csv";"item";"Champ Created refuse : Vous devez spécifier une date valide comprise entre 01/01/1900 et 31/12/8900."
"2026-09-17T14:09:37.1586046Z";"fethy.faradji@infopro-digital.com -> UserMercury@infopro-digital.com";"Bureau/export_synchro_sim_202410/avis__c_R.csv";"item";"Champ Created refuse : Vous devez spécifier une date valide comprise entre 01/01/1900 et 31/12/8900."
"2026-09-17T14:09:38.0290426Z";"fethy.faradji@infopro-digital.com -> UserMercury@infopro-digital.com";"Bureau/export_synchro_sim_202410/delete_avis__c.csv";"item";"Champ Created refuse : Vous devez spécifier une date valide comprise entre 01/01/1900 et 31/12/8900."
"2026-09-17T14:09:38.8964335Z";"fethy.faradji@infopro-digital.com -> UserMercury@infopro-digital.com";"Bureau/export_synchro_sim_202410/erreur_facture.xls";"item";"Champ Created refuse : Vous devez spécifier une date valide comprise entre 01/01/1900 et 31/12/8900."
"2026-09-17T14:09:39.7683650Z";"fethy.faradji@infopro-digital.com -> UserMercury@infopro-digital.com";"Bureau/export_synchro_sim_202410/Facture__c.csv";"item";"Champ Created refuse : Vous devez spécifier une date valide comprise entre 01/01/1900 et 31/12/8900."
"2026-09-17T14:09:40.4513588Z";"fethy.faradji@infopro-digital.com -> UserMercury@infopro-digital.com";"Bureau/export_synchro_sim_202410/id_avis_date_pourrie";"item";"Champ Created refuse : Vous devez spécifier une date valide comprise entre 01/01/1900 et 31/12/8900."
"2026-09-17T14:09:40.6631027Z";"fethy.faradji@infopro-digital.com -> UserMercury@infopro-digital.com";"Bureau/export_synchro_sim_202410/id_avis_date_pourrie.csv";"item";"Transfert interrompu a issue inconnue. Verifier la derniere version cible avant de reparer le checkpoint (voir notice)."
"2026-09-17T14:09:41.3314912Z";"fethy.faradji@infopro-digital.com -> UserMercury@infopro-digital.com";"Bureau/export_synchro_sim_202410/id_avis_date_pourrie.txt";"item";"Champ Created refuse : Vous devez spécifier une date valide comprise entre 01/01/1900 et 31/12/8900."
"2026-09-17T14:09:42.3645778Z";"fethy.faradji@infopro-digital.com -> UserMercury@infopro-digital.com";"Bureau/export_synchro_sim_202410/id_avis_importé.csv";"item";"Champ Created refuse : Vous devez spécifier une date valide comprise entre 01/01/1900 et 31/12/8900."
"2026-09-17T14:09:43.0676276Z";"fethy.faradji@infopro-digital.com -> UserMercury@infopro-digital.com";"Bureau/export_synchro_sim_202410/id_Order.csv";"item";"Champ Created refuse : Vous devez spécifier une date valide comprise entre 01/01/1900 et 31/12/8900."
"2026-09-17T14:09:43.7113108Z";"fethy.faradji@infopro-digital.com -> UserMercury@infopro-digital.com";"Bureau/export_synchro_sim_202410/id_publications.csv";"item";"Champ Created refuse : Vous devez spécifier une date valide comprise entre 01/01/1900 et 31/12/8900."
"2026-09-17T14:09:44.5053077Z";"fethy.faradji@infopro-digital.com -> UserMercury@infopro-digital.com";"Bureau/export_synchro_sim_202410/id_publications_importé.csv";"item";"Champ Created refuse : Vous devez spécifier une date valide comprise entre 01/01/1900 et 31/12/8900."
"2026-09-17T14:09:45.1706951Z";"fethy.faradji@infopro-digital.com -> UserMercury@infopro-digital.com";"Bureau/export_synchro_sim_202410/Order_2.csv";"item";"Champ Created refuse : Vous devez spécifier une date valide comprise entre 01/01/1900 et 31/12/8900."
"2026-09-17T14:09:45.9100723Z";"fethy.faradji@infopro-digital.com -> UserMercury@infopro-digital.com";"Bureau/export_synchro_sim_202410/Order_importée.csv";"item";"Champ Created refuse : Vous devez spécifier une date valide comprise entre 01/01/1900 et 31/12/8900."
"2026-09-17T14:09:46.6788709Z";"fethy.faradji@infopro-digital.com -> UserMercury@infopro-digital.com";"Bureau/export_synchro_sim_202410/publication__c_R.csv";"item";"Champ Created refuse : Vous devez spécifier une date valide comprise entre 01/01/1900 et 31/12/8900."
"2026-09-17T14:09:47.4066203Z";"fethy.faradji@infopro-digital.com -> UserMercury@infopro-digital.com";"Bureau/export_synchro_sim_202410/publication_statut.csv";"item";"Champ Created refuse : Vous devez spécifier une date valide comprise entre 01/01/1900 et 31/12/8900."
"2026-09-17T14:09:48.1685923Z";"fethy.faradji@infopro-digital.com -> UserMercury@infopro-digital.com";"Bureau/export_synchro_sim_202410/publication_statut.txt";"item";"Champ Created refuse : Vous devez spécifier une date valide comprise entre 01/01/1900 et 31/12/8900."
"2026-09-17T14:09:49.2123847Z";"fethy.faradji@infopro-digital.com -> UserMercury@infopro-digital.com";"Bureau/export_synchro_sim_202410/publications__c.csv";"item";"Champ Created refuse : Vous devez spécifier une date valide comprise entre 01/01/1900 et 31/12/8900."
"2026-09-17T14:09:49.8888738Z";"fethy.faradji@infopro-digital.com -> UserMercury@infopro-digital.com";"Bureau/export_synchro_sim_202410/publications__c_importée.csv";"item";"Champ Created refuse : Vous devez spécifier une date valide comprise entre 01/01/1900 et 31/12/8900."
"2026-09-17T14:09:50.1232448Z";"fethy.faradji@infopro-digital.com -> UserMercury@infopro-digital.com";"Bureau/export_synchro_sim_202410/publications__c_rattrapage.csv";"item";"Transfert interrompu a issue inconnue. Verifier la derniere version cible avant de reparer le checkpoint (voir notice)."
"2026-09-17T14:09:50.9563721Z";"fethy.faradji@infopro-digital.com -> UserMercury@infopro-digital.com";"Bureau/export_synchro_sim_202410/publications_non_dispo.csv";"item";"Champ Created refuse : Vous devez spécifier une date valide comprise entre 01/01/1900 et 31/12/8900."
"2026-09-17T14:09:51.6798625Z";"fethy.faradji@infopro-digital.com -> UserMercury@infopro-digital.com";"Bureau/export_synchro_sim_202410/ref_compte.csv";"item";"Champ Created refuse : Vous devez spécifier une date valide comprise entre 01/01/1900 et 31/12/8900."
"2026-09-17T14:09:52.4361325Z";"fethy.faradji@infopro-digital.com -> UserMercury@infopro-digital.com";"Bureau/export_synchro_sim_202410/referentiel.csv";"item";"Champ Created refuse : Vous devez spécifier une date valide comprise entre 01/01/1900 et 31/12/8900."
"2026-09-17T14:09:53.1130738Z";"fethy.faradji@infopro-digital.com -> UserMercury@infopro-digital.com";"Bureau/export_synchro_sim_202410/referentiel_2.csv";"item";"Champ Created refuse : Vous devez spécifier une date valide comprise entre 01/01/1900 et 31/12/8900."
"2026-09-17T14:09:53.8201857Z";"fethy.faradji@infopro-digital.com -> UserMercury@infopro-digital.com";"Bureau/export_synchro_sim_202410/reférentielle_last.csv";"item";"Champ Created refuse : Vous devez spécifier une date valide comprise entre 01/01/1900 et 31/12/8900."
"2026-09-17T14:09:54.5076851Z";"fethy.faradji@infopro-digital.com -> UserMercury@infopro-digital.com";"Bureau/export_synchro_sim_202410/supp_publications.csv";"item";"Champ Created refuse : Vous devez spécifier une date valide comprise entre 01/01/1900 et 31/12/8900."
"2026-09-17T14:09:54.9098323Z";"fethy.faradji@infopro-digital.com -> UserMercury@infopro-digital.com";"Bureau/export_synchro_sim_202410/update_publications__c.csv";"item";"Transfert interrompu a issue inconnue. Verifier la derniere version cible avant de reparer le checkpoint (voir notice)."
"2026-09-17T14:09:56.1127693Z";"fethy.faradji@infopro-digital.com -> UserMercury@infopro-digital.com";"Bureau/INFOPRO DIGITAL (Prod)_files/1-easyvista-dependencies-bundle.min.js.téléchargement";"item";"Champ Created refuse : Vous devez spécifier une date valide comprise entre 01/01/1900 et 31/12/8900."
"2026-09-17T14:09:56.8807919Z";"fethy.faradji@infopro-digital.com -> UserMercury@infopro-digital.com";"Bureau/INFOPRO DIGITAL (Prod)_files/2-evsm-dependencies-bundle.min.css";"item";"Champ Created refuse : Vous devez spécifier une date valide comprise entre 01/01/1900 et 31/12/8900."
"2026-09-17T14:09:57.6004752Z";"fethy.faradji@infopro-digital.com -> UserMercury@infopro-digital.com";"Bureau/INFOPRO DIGITAL (Prod)_files/2-evsm-dependencies-bundle.min.js.téléchargement";"item";"Champ Created refuse : Vous devez spécifier une date valide comprise entre 01/01/1900 et 31/12/8900."
"2026-09-17T14:09:58.3658472Z";"fethy.faradji@infopro-digital.com -> UserMercury@infopro-digital.com";"Bureau/INFOPRO DIGITAL (Prod)_files/3-easyvista-bundle.min.css";"item";"Champ Created refuse : Vous devez spécifier une date valide comprise entre 01/01/1900 et 31/12/8900."
"2026-09-17T14:09:59.0376301Z";"fethy.faradji@infopro-digital.com -> UserMercury@infopro-digital.com";"Bureau/INFOPRO DIGITAL (Prod)_files/3-easyvista-bundle.min.js.téléchargement";"item";"Champ Created refuse : Vous devez spécifier une date valide comprise entre 01/01/1900 et 31/12/8900."
"2026-09-17T14:09:59.7849234Z";"fethy.faradji@infopro-digital.com -> UserMercury@infopro-digital.com";"Bureau/INFOPRO DIGITAL (Prod)_files/4-evsm-bundle.min.css";"item";"Champ Created refuse : Vous devez spécifier une date valide comprise entre 01/01/1900 et 31/12/8900."
"2026-09-17T14:10:00.6975843Z";"fethy.faradji@infopro-digital.com -> UserMercury@infopro-digital.com";"Bureau/INFOPRO DIGITAL (Prod)_files/4-evsm-bundle.min.js.téléchargement";"item";"Champ Created refuse : Vous devez spécifier une date valide comprise entre 01/01/1900 et 31/12/8900."
"2026-09-17T14:10:01.4271956Z";"fethy.faradji@infopro-digital.com -> UserMercury@infopro-digital.com";"Bureau/INFOPRO DIGITAL (Prod)_files/5-evsm-next-bundle.min.js.téléchargement";"item";"Champ Created refuse : Vous devez spécifier une date valide comprise entre 01/01/1900 et 31/12/8900."
"2026-09-17T14:10:02.4291113Z";"fethy.faradji@infopro-digital.com -> UserMercury@infopro-digital.com";"Bureau/INFOPRO DIGITAL (Prod)_files/6-optimized-bundle.min.css";"item";"Champ Created refuse : Vous devez spécifier une date valide comprise entre 01/01/1900 et 31/12/8900."
"2026-09-17T14:10:03.0819401Z";"fethy.faradji@infopro-digital.com -> UserMercury@infopro-digital.com";"Bureau/INFOPRO DIGITAL (Prod)_files/6-optimized-bundle.min.js.téléchargement";"item";"Champ Created refuse : Vous devez spécifier une date valide comprise entre 01/01/1900 et 31/12/8900."
"2026-09-17T14:10:03.7524709Z";"fethy.faradji@infopro-digital.com -> UserMercury@infopro-digital.com";"Bureau/INFOPRO DIGITAL (Prod)_files/7-notifications-client-bundle.min.css";"item";"Champ Created refuse : Vous devez spécifier une date valide comprise entre 01/01/1900 et 31/12/8900."
"2026-09-17T14:10:04.5616390Z";"fethy.faradji@infopro-digital.com -> UserMercury@infopro-digital.com";"Bureau/INFOPRO DIGITAL (Prod)_files/7-notifications-client-bundle.min.js.téléchargement";"item";"Champ Created refuse : Vous devez spécifier une date valide comprise entre 01/01/1900 et 31/12/8900."
"2026-09-17T14:10:05.6639913Z";"fethy.faradji@infopro-digital.com -> UserMercury@infopro-digital.com";"Bureau/INFOPRO DIGITAL (Prod)_files/8-ui-ux-bundle.min.css";"item";"Champ Created refuse : Vous devez spécifier une date valide comprise entre 01/01/1900 et 31/12/8900."
"2026-09-17T14:10:06.4417840Z";"fethy.faradji@infopro-digital.com -> UserMercury@infopro-digital.com";"Bureau/INFOPRO DIGITAL (Prod)_files/9-themes-bundle.min.css";"item";"Champ Created refuse : Vous devez spécifier une date valide comprise entre 01/01/1900 et 31/12/8900."
"2026-09-17T14:10:06.5654002Z";"fethy.faradji@infopro-digital.com -> UserMercury@infopro-digital.com";"Bureau/INFOPRO DIGITAL (Prod)_files/add-ico.png";"item";"Cible modifiee depuis le checkpoint : conflit a examiner, aucun ecrasement automatique."
"2026-09-17T14:10:07.3150981Z";"fethy.faradji@infopro-digital.com -> UserMercury@infopro-digital.com";"Bureau/INFOPRO DIGITAL (Prod)_files/anychart-bundle.min.js.téléchargement";"item";"Champ Created refuse : Vous devez spécifier une date valide comprise entre 01/01/1900 et 31/12/8900."
"2026-09-17T14:10:08.2223106Z";"fethy.faradji@infopro-digital.com -> UserMercury@infopro-digital.com";"Bureau/INFOPRO DIGITAL (Prod)_files/codemirror-bundle.min.js.téléchargement";"item";"Champ Created refuse : Vous devez spécifier une date valide comprise entre 01/01/1900 et 31/12/8900."
"2026-09-17T14:10:08.8726506Z";"fethy.faradji@infopro-digital.com -> UserMercury@infopro-digital.com";"Bureau/INFOPRO DIGITAL (Prod)_files/common.js.téléchargement";"item";"Champ Created refuse : Vous devez spécifier une date valide comprise entre 01/01/1900 et 31/12/8900."
"2026-09-17T14:10:09.6632941Z";"fethy.faradji@infopro-digital.com -> UserMercury@infopro-digital.com";"Bureau/INFOPRO DIGITAL (Prod)_files/core-js-bundle.min.js.téléchargement";"item";"Champ Created refuse : Vous devez spécifier une date valide comprise entre 01/01/1900 et 31/12/8900."
"2026-09-17T14:10:10.3468391Z";"fethy.faradji@infopro-digital.com -> UserMercury@infopro-digital.com";"Bureau/INFOPRO DIGITAL (Prod)_files/customer_optimized.css";"item";"Champ Created refuse : Vous devez spécifier une date valide comprise entre 01/01/1900 et 31/12/8900."
"2026-09-17T14:10:11.0032044Z";"fethy.faradji@infopro-digital.com -> UserMercury@infopro-digital.com";"Bureau/INFOPRO DIGITAL (Prod)_files/datepicker-fr.js.téléchargement";"item";"Champ Created refuse : Vous devez spécifier une date valide comprise entre 01/01/1900 et 31/12/8900."
"2026-09-17T14:10:11.6015957Z";"fethy.faradji@infopro-digital.com -> UserMercury@infopro-digital.com";"Bureau/INFOPRO DIGITAL (Prod)_files/dropzone-bundle.min.js.téléchargement";"item";"Champ Created refuse : Vous devez spécifier une date valide comprise entre 01/01/1900 et 31/12/8900."
"2026-09-17T14:10:12.3146543Z";"fethy.faradji@infopro-digital.com -> UserMercury@infopro-digital.com";"Bureau/INFOPRO DIGITAL (Prod)_files/easyvista.ev-components.ai-pepper-front-bundle.min.js.téléchargement";"item";"Champ Created refuse : Vous devez spécifier une date valide comprise entre 01/01/1900 et 31/12/8900."
"2026-09-17T14:10:13.0564955Z";"fethy.faradji@infopro-digital.com -> UserMercury@infopro-digital.com";"Bureau/INFOPRO DIGITAL (Prod)_files/easyvista.ev-components.atomic-components-bundle.min.js.téléchargement";"item";"Champ Created refuse : Vous devez spécifier une date valide comprise entre 01/01/1900 et 31/12/8900."
"2026-09-17T14:10:13.7542240Z";"fethy.faradji@infopro-digital.com -> UserMercury@infopro-digital.com";"Bureau/INFOPRO DIGITAL (Prod)_files/easyvista.ev-components.client-commons-bundle.min.js.téléchargement";"item";"Champ Created refuse : Vous devez spécifier une date valide comprise entre 01/01/1900 et 31/12/8900."
"2026-09-17T14:10:14.3792510Z";"fethy.faradji@infopro-digital.com -> UserMercury@infopro-digital.com";"Bureau/INFOPRO DIGITAL (Prod)_files/easyvista.ev-components.cmdb-bundle.min.js.téléchargement";"item";"Champ Created refuse : Vous devez spécifier une date valide comprise entre 01/01/1900 et 31/12/8900."
"2026-09-17T14:10:15.0516265Z";"fethy.faradji@infopro-digital.com -> UserMercury@infopro-digital.com";"Bureau/INFOPRO DIGITAL (Prod)_files/easyvista.ev-components.discussion-bundle.min.js.téléchargement";"item";"Champ Created refuse : Vous devez spécifier une date valide comprise entre 01/01/1900 et 31/12/8900."
"2026-09-17T14:10:15.6946558Z";"fethy.faradji@infopro-digital.com -> UserMercury@infopro-digital.com";"Bureau/INFOPRO DIGITAL (Prod)_files/easyvista.ev-components.ev-ai-bundle.min.js.téléchargement";"item";"Champ Created refuse : Vous devez spécifier une date valide comprise entre 01/01/1900 et 31/12/8900."
"2026-09-17T14:10:16.3629846Z";"fethy.faradji@infopro-digital.com -> UserMercury@infopro-digital.com";"Bureau/INFOPRO DIGITAL (Prod)_files/easyvista.ev-components.ev-generic-forms-bundle.min.js.téléchargement";"item";"Champ Created refuse : Vous devez spécifier une date valide comprise entre 01/01/1900 et 31/12/8900."
"2026-09-17T14:10:17.0975289Z";"fethy.faradji@infopro-digital.com -> UserMercury@infopro-digital.com";"Bureau/INFOPRO DIGITAL (Prod)_files/easyvista.ev-components.ev-insights-bundle.min.js.téléchargement";"item";"Champ Created refuse : Vous devez spécifier une date valide comprise entre 01/01/1900 et 31/12/8900."
"2026-09-17T14:10:17.7983867Z";"fethy.faradji@infopro-digital.com -> UserMercury@infopro-digital.com";"Bureau/INFOPRO DIGITAL (Prod)_files/easyvista.ev-components.ev-wysiwyg-bundle.min.js.téléchargement";"item";"Champ Created refuse : Vous devez spécifier une date valide comprise entre 01/01/1900 et 31/12/8900."
"2026-09-17T14:10:18.7123640Z";"fethy.faradji@infopro-digital.com -> UserMercury@infopro-digital.com";"Bureau/INFOPRO DIGITAL (Prod)_files/easyvista.ev-components.theme-management-bundle.min.js.téléchargement";"item";"Champ Created refuse : Vous devez spécifier une date valide comprise entre 01/01/1900 et 31/12/8900."
"2026-09-17T14:10:19.4431073Z";"fethy.faradji@infopro-digital.com -> UserMercury@infopro-digital.com";"Bureau/INFOPRO DIGITAL (Prod)_files/easyvista.ev-grid-bundle.min.js.téléchargement";"item";"Champ Created refuse : Vous devez spécifier une date valide comprise entre 01/01/1900 et 31/12/8900."
"2026-09-17T14:10:20.1128102Z";"fethy.faradji@infopro-digital.com -> UserMercury@infopro-digital.com";"Bureau/INFOPRO DIGITAL (Prod)_files/employee";"item";"Champ Created refuse : Vous devez spécifier une date valide comprise entre 01/01/1900 et 31/12/8900."
"2026-09-17T14:10:20.8635208Z";"fethy.faradji@infopro-digital.com -> UserMercury@infopro-digital.com";"Bureau/INFOPRO DIGITAL (Prod)_files/form-bundle.min.css";"item";"Champ Created refuse : Vous devez spécifier une date valide comprise entre 01/01/1900 et 31/12/8900."
