"migration";"chemin";"type";"source_id";"cible_id";"source_date_ou_url";"taille_ou_url_cible"
"fethy.faradji@infopro-digital.com -> UserMercury@infopro-digital.com";"1.docx";"VERSION";"1.0";"3.0";"2023-01-13T10:16:11Z";"12411"
"fethy.faradji@infopro-digital.com -> UserMercury@infopro-digital.com";"am_ko_12072023.xlsx";"VERSION";"1.0";"3.0";"2023-07-26T10:04:23Z";"10598"
"fethy.faradji@infopro-digital.com -> UserMercury@infopro-digital.com";"am_ko_12072023.xlsx";"VERSION";"2.0";"5.0";"2023-07-26T13:38:17Z";"14402"
"fethy.faradji@infopro-digital.com -> UserMercury@infopro-digital.com";"Analyse SIM vs SF - 20241107 2.xlsx";"VERSION";"1.0";"3.0";"2024-11-20T13:41:11Z";"292269"
"fethy.faradji@infopro-digital.com -> UserMercury@infopro-digital.com";"Analyses Factures Packs 2024-11-26 _retour.xlsx";"VERSION";"1.0";"3.0";"2024-12-02T14:56:21Z";"3415379"
"fethy.faradji@infopro-digital.com -> UserMercury@infopro-digital.com";"Analyses Factures Packs 2024-11-26 _retour.xlsx";"VERSION";"2.0";"5.0";"2024-12-02T15:09:04Z";"3415449"
"fethy.faradji@infopro-digital.com -> UserMercury@infopro-digital.com";"Analyses Factures Packs 2024-11-26 1.xlsx";"VERSION";"1.0";"7.0";"2024-11-29T13:10:14Z";"3379241"
"fethy.faradji@infopro-digital.com -> UserMercury@infopro-digital.com";"Analyses Factures Packs 2024-11-26 1.xlsx";"VERSION";"2.0";"8.0";"2024-11-29T13:21:34Z";"3379013"
"fethy.faradji@infopro-digital.com -> UserMercury@infopro-digital.com";"Analyses Factures Packs 2024-11-26 1.xlsx";"VERSION";"3.0";"9.0";"2024-11-29T13:32:10Z";"3379050"
"fethy.faradji@infopro-digital.com -> UserMercury@infopro-digital.com";"Analyses Factures Packs 2024-11-26 1.xlsx";"VERSION";"4.0";"10.0";"2024-11-29T14:31:25Z";"3380614"
"fethy.faradji@infopro-digital.com -> UserMercury@infopro-digital.com";"Analyses Factures Packs 2024-11-26 1.xlsx";"VERSION";"5.0";"11.0";"2024-11-29T14:45:19Z";"3381868"
"fethy.faradji@infopro-digital.com -> UserMercury@infopro-digital.com";"Analyses Factures Packs 2024-11-26 1.xlsx";"VERSION";"6.0";"13.0";"2024-12-02T14:55:52Z";"3415398"
"fethy.faradji@infopro-digital.com -> UserMercury@infopro-digital.com";"Architecture_globale.pptx";"VERSION";"1.0";"3.0";"2022-03-08T10:57:49Z";"236773"
"fethy.faradji@infopro-digital.com -> UserMercury@infopro-digital.com";"ATTESTATION SUR L HONNEUR TELETRAVAIL.docx";"VERSION";"1.0";"3.0";"2025-08-27T13:34:10Z";"21227"
"fethy.faradji@infopro-digital.com -> UserMercury@infopro-digital.com";"avis_from_bim.csv";"VERSION";"1.0";"3.0";"2024-11-18T09:02:04Z";"6020"
"fethy.faradji@infopro-digital.com -> UserMercury@infopro-digital.com";"avis_from_bim.csv";"VERSION";"2.0";"5.0";"2024-11-18T09:02:53Z";"5597"
"fethy.faradji@infopro-digital.com -> UserMercury@infopro-digital.com";"bu_price.xlsx";"VERSION";"1.0";"3.0";"2026-02-09T16:18:45Z";"10200"
"fethy.faradji@infopro-digital.com -> UserMercury@infopro-digital.com";"champs_sf.xlsx";"VERSION";"1.0";"3.0";"2026-01-08T13:20:13Z";"11590"
"fethy.faradji@infopro-digital.com -> UserMercury@infopro-digital.com";"ChangementsSIRETs-v2 (1).xlsx";"VERSION";"1.0";"3.0";"2023-06-28T08:59:36Z";"48909"
"fethy.faradji@infopro-digital.com -> UserMercury@infopro-digital.com";"Classeur2.xlsx";"VERSION";"1.0";"3.0";"2025-03-24T14:34:26Z";"8899"
"fethy.faradji@infopro-digital.com -> UserMercury@infopro-digital.com";"Classeur3.xlsx";"VERSION";"1.0";"3.0";"2023-07-21T08:23:54Z";"10297"
"fethy.faradji@infopro-digital.com -> UserMercury@infopro-digital.com";"comparaison poc_prod.xlsx";"VERSION";"1.0";"3.0";"2022-08-09T09:30:19Z";"23733"
"fethy.faradji@infopro-digital.com -> UserMercury@infopro-digital.com";"comparaison poc_prod.xlsx";"VERSION";"2.0";"5.0";"2022-08-10T14:46:08Z";"23848"
"fethy.faradji@infopro-digital.com -> UserMercury@infopro-digital.com";"Copie de Copie de Transcodif balises_textes.xlsx";"VERSION";"1.0";"6.0";"2022-01-18T09:31:52Z";"25431"
"fethy.faradji@infopro-digital.com -> UserMercury@infopro-digital.com";"Copie de Copie de Transcodif balises_textes.xlsx";"VERSION";"2.0";"7.0";"2022-01-18T09:36:58Z";"31362"
"fethy.faradji@infopro-digital.com -> UserMercury@infopro-digital.com";"Copie de Copie de Transcodif balises_textes.xlsx";"VERSION";"3.0";"8.0";"2022-01-18T09:45:16Z";"31489"
"fethy.faradji@infopro-digital.com -> UserMercury@infopro-digital.com";"Copie de Copie de Transcodif balises_textes.xlsx";"VERSION";"4.0";"9.0";"2022-01-18T10:16:04Z";"31410"
"fethy.faradji@infopro-digital.com -> UserMercury@infopro-digital.com";"Copie de Copie de Transcodif balises_textes.xlsx";"VERSION";"5.0";"11.0";"2022-01-20T09:11:53Z";"32250"
"fethy.faradji@infopro-digital.com -> UserMercury@infopro-digital.com";"D100124.doc";"VERSION";"1.0";"3.0";"2022-12-09T10:23:31Z";"25600"
"fethy.faradji@infopro-digital.com -> UserMercury@infopro-digital.com";"D100124.doc";"VERSION";"2.0";"5.0";"2022-12-09T10:23:31Z";"25600"
"fethy.faradji@infopro-digital.com -> UserMercury@infopro-digital.com";"doc synchro chatpgpt.docx";"VERSION";"1.0";"4.0";"2024-10-30T13:50:20Z";"40815"
"fethy.faradji@infopro-digital.com -> UserMercury@infopro-digital.com";"doc synchro chatpgpt.docx";"VERSION";"2.0";"5.0";"2024-10-30T14:09:41Z";"38715"
"fethy.faradji@infopro-digital.com -> UserMercury@infopro-digital.com";"doc synchro chatpgpt.docx";"VERSION";"3.0";"7.0";"2024-10-30T14:58:02Z";"40137"
"fethy.faradji@infopro-digital.com -> UserMercury@infopro-digital.com";"EDB_monimail.docx";"VERSION";"1.0";"3.0";"2022-07-26T15:58:39Z";"59418"
"fethy.faradji@infopro-digital.com -> UserMercury@infopro-digital.com";"errPub.csv";"VERSION";"1.0";"3.0";"2024-11-04T14:56:11Z";"2556690"
"fethy.faradji@infopro-digital.com -> UserMercury@infopro-digital.com";"export_licences.xlsx";"VERSION";"1.0";"3.0";"2025-11-14T14:19:13Z";"17698"
"fethy.faradji@infopro-digital.com -> UserMercury@infopro-digital.com";"fethiGates -partie Sharepoint.docx";"VERSION";"1.0";"7.0";"2026-03-27T10:32:40Z";"357411"
"fethy.faradji@infopro-digital.com -> UserMercury@infopro-digital.com";"fethiGates -partie Sharepoint.docx";"VERSION";"2.0";"8.0";"2026-03-27T10:33:03Z";"357545"
"fethy.faradji@infopro-digital.com -> UserMercury@infopro-digital.com";"fethiGates -partie Sharepoint.docx";"VERSION";"3.0";"9.0";"2026-03-27T13:20:05Z";"360746"
"fethy.faradji@infopro-digital.com -> UserMercury@infopro-digital.com";"fethiGates -partie Sharepoint.docx";"VERSION";"4.0";"10.0";"2026-03-27T13:31:02Z";"362929"
"fethy.faradji@infopro-digital.com -> UserMercury@infopro-digital.com";"fethiGates -partie Sharepoint.docx";"VERSION";"5.0";"11.0";"2026-03-27T13:38:08Z";"389118"
"fethy.faradji@infopro-digital.com -> UserMercury@infopro-digital.com";"fethiGates -partie Sharepoint.docx";"VERSION";"6.0";"13.0";"2026-03-27T15:06:52Z";"389443"
"fethy.faradji@infopro-digital.com -> UserMercury@infopro-digital.com";"flux nouveau serveur monimail.xlsx";"VERSION";"1.0";"3.0";"2022-11-02T16:38:01Z";"11836"
"fethy.faradji@infopro-digital.com -> UserMercury@infopro-digital.com";"flux nouveau serveur monimail.xlsx";"VERSION";"2.0";"5.0";"2022-11-02T16:38:29Z";"11911"
"fethy.faradji@infopro-digital.com -> UserMercury@infopro-digital.com";"id_facture.csv";"VERSION";"1.0";"3.0";"2024-08-05T14:16:40Z";"1904749"
"fethy.faradji@infopro-digital.com -> UserMercury@infopro-digital.com";"identité_a_rattrapé.csv";"VERSION";"1.0";"3.0";"2024-07-30T07:00:46Z";"88244"
"fethy.faradji@infopro-digital.com -> UserMercury@infopro-digital.com";"insert into sqlserver semaine.xlsx";"VERSION";"1.0";"3.0";"2023-01-11T16:27:18Z";"18902"
"fethy.faradji@infopro-digital.com -> UserMercury@infopro-digital.com";"insert into sqlserver semaine.xlsx";"VERSION";"2.0";"5.0";"2023-01-12T08:52:40Z";"21611"
"fethy.faradji@infopro-digital.com -> UserMercury@infopro-digital.com";"liste_ID_Stephane.csv";"VERSION";"1.0";"3.0";"2024-07-04T07:48:37Z";"1979933"
"fethy.faradji@infopro-digital.com -> UserMercury@infopro-digital.com";"LISTE_OBJETS_TMP.csv";"VERSION";"1.0";"3.0";"2024-06-25T07:35:58Z";"2660559"
"fethy.faradji@infopro-digital.com -> UserMercury@infopro-digital.com";"LISTE_OBJETS_TMP.xlsx";"VERSION";"1.0";"4.0";"2024-06-25T07:35:39Z";"1467735"
"fethy.faradji@infopro-digital.com -> UserMercury@infopro-digital.com";"LISTE_OBJETS_TMP.xlsx";"VERSION";"2.0";"5.0";"2024-06-25T07:35:39Z";"1467735"
"fethy.faradji@infopro-digital.com -> UserMercury@infopro-digital.com";"LISTE_OBJETS_TMP.xlsx";"VERSION";"3.0";"7.0";"2024-06-25T07:35:39Z";"1467735"
"fethy.faradji@infopro-digital.com -> UserMercury@infopro-digital.com";"matrice de flux.xlsx";"VERSION";"1.0";"3.0";"2022-04-05T13:51:01Z";"11347"
"fethy.faradji@infopro-digital.com -> UserMercury@infopro-digital.com";"matrice de flux.xlsx";"VERSION";"2.0";"5.0";"2022-04-07T13:48:00Z";"11387"
"fethy.faradji@infopro-digital.com -> UserMercury@infopro-digital.com";"mep pouky.xlsx";"VERSION";"1.0";"5.0";"2023-04-04T14:02:33Z";"9736"
"fethy.faradji@infopro-digital.com -> UserMercury@infopro-digital.com";"mep pouky.xlsx";"VERSION";"2.0";"6.0";"2023-04-04T14:12:07Z";"9867"
"fethy.faradji@infopro-digital.com -> UserMercury@infopro-digital.com";"mep pouky.xlsx";"VERSION";"3.0";"7.0";"2023-04-11T08:14:18Z";"10301"
"fethy.faradji@infopro-digital.com -> UserMercury@infopro-digital.com";"mep pouky.xlsx";"VERSION";"4.0";"9.0";"2023-04-11T12:11:55Z";"10316"
"fethy.faradji@infopro-digital.com -> UserMercury@infopro-digital.com";"mise à jour du code rum.xlsx";"VERSION";"1.0";"5.0";"2022-03-04T15:53:15Z";"9539"
"fethy.faradji@infopro-digital.com -> UserMercury@infopro-digital.com";"mise à jour du code rum.xlsx";"VERSION";"2.0";"6.0";"2022-03-04T15:55:19Z";"11432"
"fethy.faradji@infopro-digital.com -> UserMercury@infopro-digital.com";"mise à jour du code rum.xlsx";"VERSION";"3.0";"7.0";"2022-03-04T16:11:37Z";"11485"
"fethy.faradji@infopro-digital.com -> UserMercury@infopro-digital.com";"mise à jour du code rum.xlsx";"VERSION";"4.0";"9.0";"2022-03-04T16:21:09Z";"11499"
"fethy.faradji@infopro-digital.com -> UserMercury@infopro-digital.com";"Modele_CRA_juillet_2021.xlsx";"VERSION";"1.0";"3.0";"2021-07-26T09:15:38Z";"53340"
"fethy.faradji@infopro-digital.com -> UserMercury@infopro-digital.com";"Monimail new.docx";"VERSION";"1.0";"3.0";"2022-08-19T12:39:11Z";"19516"
"fethy.faradji@infopro-digital.com -> UserMercury@infopro-digital.com";"netoyage order.xlsx";"VERSION";"1.0";"3.0";"2024-08-13T14:43:45Z";"398901"
"fethy.faradji@infopro-digital.com -> UserMercury@infopro-digital.com";"OneDrive - Infopro Digital - Raccourci.lnk";"VERSION";"1.0";"3.0";"2023-01-30T15:10:34Z";"878"
"fethy.faradji@infopro-digital.com -> UserMercury@infopro-digital.com";"Order MAJ 30-07.csv";"VERSION";"1.0";"3.0";"2024-08-01T07:27:10Z";"197831"
"fethy.faradji@infopro-digital.com -> UserMercury@infopro-digital.com";"Pop up bloqué dans SIMNET.docx";"VERSION";"1.0";"3.0";"2021-06-10T14:58:41Z";"171305"
"fethy.faradji@infopro-digital.com -> UserMercury@infopro-digital.com";"Pop up bloqué dans SIMNET.docx";"VERSION";"2.0";"5.0";"2021-06-10T15:00:32Z";"171366"
"fethy.faradji@infopro-digital.com -> UserMercury@infopro-digital.com";"Recette problème de support AO.docx";"VERSION";"1.0";"4.0";"2024-09-11T08:05:39Z";"13832"
"fethy.faradji@infopro-digital.com -> UserMercury@infopro-digital.com";"Recette problème de support AO.docx";"VERSION";"2.0";"5.0";"2024-09-11T08:13:16Z";"13834"
"fethy.faradji@infopro-digital.com -> UserMercury@infopro-digital.com";"Recette problème de support AO.docx";"VERSION";"3.0";"7.0";"2024-09-11T08:36:41Z";"13905"
"fethy.faradji@infopro-digital.com -> UserMercury@infopro-digital.com";"régle de simx_AO_pub.docx";"VERSION";"1.0";"3.0";"2023-01-13T10:16:30Z";"12431"
"fethy.faradji@infopro-digital.com -> UserMercury@infopro-digital.com";"régle de simx_AO_pub.docx";"VERSION";"2.0";"5.0";"2023-01-13T10:20:14Z";"12637"
"fethy.faradji@infopro-digital.com -> UserMercury@infopro-digital.com";"rejet avis 02-08-2024.xlsx";"VERSION";"1.0";"3.0";"2024-08-02T07:54:02Z";"22408"
"fethy.faradji@infopro-digital.com -> UserMercury@infopro-digital.com";"résultat facture.xlsx";"VERSION";"1.0";"3.0";"2024-08-20T12:35:07Z";"118496"
"fethy.faradji@infopro-digital.com -> UserMercury@infopro-digital.com";"Retour_analyse_Facture.xlsx";"VERSION";"1.0";"3.0";"2024-08-08T13:14:47Z";"22534"
"fethy.faradji@infopro-digital.com -> UserMercury@infopro-digital.com";"suivi_market_2023.xlsx";"VERSION";"1.0";"4.0";"2023-05-11T12:32:55Z";"18816"
"fethy.faradji@infopro-digital.com -> UserMercury@infopro-digital.com";"suivi_market_2023.xlsx";"VERSION";"2.0";"5.0";"2023-05-11T12:33:39Z";"18907"
"fethy.faradji@infopro-digital.com -> UserMercury@infopro-digital.com";"suivi_market_2023.xlsx";"VERSION";"3.0";"7.0";"2023-05-11T12:45:33Z";"19022"
"fethy.faradji@infopro-digital.com -> UserMercury@infopro-digital.com";"suport_monimail.xlsx";"VERSION";"1.0";"3.0";"2022-10-25T12:24:49Z";"9331"
"fethy.faradji@infopro-digital.com -> UserMercury@infopro-digital.com";"Téléchargements - Raccourci.lnk";"VERSION";"1.0";"3.0";"2021-04-29T08:21:41Z";"917"
"fethy.faradji@infopro-digital.com -> UserMercury@infopro-digital.com";"test.xlsx";"VERSION";"1.0";"3.0";"2023-02-17T09:08:44Z";"55035"
"fethy.faradji@infopro-digital.com -> UserMercury@infopro-digital.com";"update_delete_order.xlsx";"VERSION";"1.0";"3.0";"2024-08-14T12:39:22Z";"1925896"
"fethy.faradji@infopro-digital.com -> UserMercury@infopro-digital.com";"vérifications de procédure de reporting.docx";"VERSION";"1.0";"7.0";"2022-07-29T08:54:00Z";"108599"
"fethy.faradji@infopro-digital.com -> UserMercury@infopro-digital.com";"vérifications de procédure de reporting.docx";"VERSION";"2.0";"8.0";"2022-07-29T09:00:17Z";"109018"
"fethy.faradji@infopro-digital.com -> UserMercury@infopro-digital.com";"vérifications de procédure de reporting.docx";"VERSION";"3.0";"9.0";"2022-07-29T12:19:37Z";"107927"
"fethy.faradji@infopro-digital.com -> UserMercury@infopro-digital.com";"vérifications de procédure de reporting.docx";"VERSION";"4.0";"10.0";"2022-07-29T13:35:53Z";"113374"
"fethy.faradji@infopro-digital.com -> UserMercury@infopro-digital.com";"vérifications de procédure de reporting.docx";"VERSION";"5.0";"11.0";"2022-07-29T13:47:29Z";"110985"
"fethy.faradji@infopro-digital.com -> UserMercury@infopro-digital.com";"vérifications de procédure de reporting.docx";"VERSION";"6.0";"13.0";"2022-07-29T14:06:34Z";"110985"
"fethy.faradji@infopro-digital.com -> UserMercury@infopro-digital.com";"Bureau/~$sim_ta_utlis_recette.xlsx";"VERSION";"1.0";"9.0";"2024-09-23T09:27:19Z";"165"
"fethy.faradji@infopro-digital.com -> UserMercury@infopro-digital.com";"Bureau/BIM-semaine de publications.docx";"VERSION";"1.0";"1.0";"2025-12-15T14:08:23Z";"22752"
"fethy.faradji@infopro-digital.com -> UserMercury@infopro-digital.com";"Bureau/BIM-semaine de publications.docx";"VERSION";"2.0";"2.0";"2025-12-15T14:12:39Z";"22700"
"fethy.faradji@infopro-digital.com -> UserMercury@infopro-digital.com";"Bureau/BIM-semaine de publications.docx";"VERSION";"3.0";"4.0";"2025-12-16T16:31:19Z";"21225"
"fethy.faradji@infopro-digital.com -> UserMercury@infopro-digital.com";"Bureau/champs_sf.xlsx";"VERSION";"1.0";"9.0";"2026-01-08T13:20:58Z";"11597"
"fethy.faradji@infopro-digital.com -> UserMercury@infopro-digital.com";"Bureau/debug fac.sql";"VERSION";"1.0";"9.0";"2026-02-25T10:21:00Z";"14601"
"fethy.faradji@infopro-digital.com -> UserMercury@infopro-digital.com";"Bureau/export.xlsx";"VERSION";"1.0";"9.0";"2026-01-21T15:46:11Z";"29020"
"fethy.faradji@infopro-digital.com -> UserMercury@infopro-digital.com";"Bureau/export_licences.xlsx";"VERSION";"1.0";"1.0";"2025-11-14T14:19:48Z";"17702"
"fethy.faradji@infopro-digital.com -> UserMercury@infopro-digital.com";"Bureau/export_licences.xlsx";"VERSION";"2.0";"2.0";"2025-11-14T14:20:55Z";"17702"
"fethy.faradji@infopro-digital.com -> UserMercury@infopro-digital.com";"Bureau/export_licences.xlsx";"VERSION";"3.0";"4.0";"2025-11-14T17:00:00Z";"13384"
"fethy.faradji@infopro-digital.com -> UserMercury@infopro-digital.com";"Bureau/Expression de Besoin sécurisation de creamodifad.docx";"VERSION";"1.0";"1.0";"2025-09-19T12:53:33Z";"16336"
"fethy.faradji@infopro-digital.com -> UserMercury@infopro-digital.com";"Bureau/Expression de Besoin sécurisation de creamodifad.docx";"VERSION";"2.0";"3.0";"2025-09-19T12:54:43Z";"16169"
"fethy.faradji@infopro-digital.com -> UserMercury@infopro-digital.com";"Bureau/extract_01_controle_intranet.xlsx";"VERSION";"1.0";"9.0";"2025-09-18T14:02:57Z";"986750"
"fethy.faradji@infopro-digital.com -> UserMercury@infopro-digital.com";"Bureau/fethiGates -partie OneDrive.docx";"VERSION";"1.0";"1.0";"2026-03-27T15:07:37Z";"389436"
"fethy.faradji@infopro-digital.com -> UserMercury@infopro-digital.com";"Bureau/fethiGates -partie OneDrive.docx";"VERSION";"2.0";"2.0";"2026-03-27T15:19:53Z";"399319"
"fethy.faradji@infopro-digital.com -> UserMercury@infopro-digital.com";"Bureau/fethiGates -partie OneDrive.docx";"VERSION";"3.0";"3.0";"2026-03-27T15:30:24Z";"399678"
"fethy.faradji@infopro-digital.com -> UserMercury@infopro-digital.com";"Bureau/fethiGates -partie OneDrive.docx";"VERSION";"4.0";"5.0";"2026-03-27T15:33:51Z";"371694"
"fethy.faradji@infopro-digital.com -> UserMercury@infopro-digital.com";"Bureau/fethiGates -partie Sharepoint.docx";"VERSION";"1.0";"9.0";"2026-03-27T15:07:37Z";"389436"
"fethy.faradji@infopro-digital.com -> UserMercury@infopro-digital.com";"Bureau/Fichiers_Absents_20250703120105.csv";"VERSION";"1.0";"9.0";"2025-07-03T10:01:12Z";"340896"
"fethy.faradji@infopro-digital.com -> UserMercury@infopro-digital.com";"Bureau/Fichiers_Absents_20250703150300.csv";"VERSION";"1.0";"9.0";"2025-07-03T13:03:16Z";"340896"
"fethy.faradji@infopro-digital.com -> UserMercury@infopro-digital.com";"Bureau/id_avis_import.csv";"VERSION";"1.0";"9.0";"2024-11-04T10:12:08Z";"1573736"
"fethy.faradji@infopro-digital.com -> UserMercury@infopro-digital.com";"Bureau/INFOPRO DIGITAL (Prod).html";"VERSION";"1.0";"9.0";"2025-01-27T10:24:16Z";"1088837"
"fethy.faradji@infopro-digital.com -> UserMercury@infopro-digital.com";"Bureau/infopro-logo-petit.png";"VERSION";"1.0";"6.0";"2025-02-17T15:24:58Z";"28504"
"fethy.faradji@infopro-digital.com -> UserMercury@infopro-digital.com";"Bureau/Insert Errors Avis__c 09-01-2025.txt";"VERSION";"1.0";"9.0";"2025-01-09T08:38:30Z";"38133"
"fethy.faradji@infopro-digital.com -> UserMercury@infopro-digital.com";"Bureau/Insert Errors Consommation_UP__c 16-12-2024.txt";"VERSION";"1.0";"9.0";"2024-12-16T13:00:41Z";"4036"
"fethy.faradji@infopro-digital.com -> UserMercury@infopro-digital.com";"Bureau/lance_SSMS_ffaradji-op.bat";"VERSION";"1.0";"9.0";"2024-12-13T09:29:33Z";"149"
"fethy.faradji@infopro-digital.com -> UserMercury@infopro-digital.com";"Bureau/lance_VS_ffaradji-op.bat";"VERSION";"1.0";"9.0";"2026-05-04T09:31:16Z";"151"
"fethy.faradji@infopro-digital.com -> UserMercury@infopro-digital.com";"Bureau/livraisonKPI 20250428.zip";"VERSION";"1.0";"9.0";"2025-04-28T12:53:50Z";"5885"
"fethy.faradji@infopro-digital.com -> UserMercury@infopro-digital.com";"Bureau/Log_erreur20250703120116.csv";"VERSION";"1.0";"9.0";"2025-07-03T10:01:19Z";"35"
"fethy.faradji@infopro-digital.com -> UserMercury@infopro-digital.com";"Bureau/Log_erreur20250703150332.csv";"VERSION";"1.0";"9.0";"2025-07-03T13:03:35Z";"35"
"fethy.faradji@infopro-digital.com -> UserMercury@infopro-digital.com";"Bureau/Log_erreur20250703150709.csv";"VERSION";"1.0";"9.0";"2025-07-03T13:07:12Z";"4491"
"fethy.faradji@infopro-digital.com -> UserMercury@infopro-digital.com";"Bureau/Log_Execution20250703170324.txt";"VERSION";"1.0";"9.0";"2025-07-03T15:03:41Z";"2627"
"fethy.faradji@infopro-digital.com -> UserMercury@infopro-digital.com";"Bureau/logo_mail.png";"VERSION";"1.0";"6.0";"2024-10-07T11:15:15Z";"822505"
"fethy.faradji@infopro-digital.com -> UserMercury@infopro-digital.com";"Bureau/logo_mail_petit.png";"VERSION";"1.0";"1.0";"2024-10-07T15:01:53Z";"345550"
"fethy.faradji@infopro-digital.com -> UserMercury@infopro-digital.com";"Bureau/logo_mail_petit.png";"VERSION";"2.0";"3.0";"2024-10-07T15:02:30Z";"345550"
"fethy.faradji@infopro-digital.com -> UserMercury@infopro-digital.com";"Bureau/logo_mail2.png";"VERSION";"1.0";"6.0";"2024-10-07T11:20:38Z";"820540"
"fethy.faradji@infopro-digital.com -> UserMercury@infopro-digital.com";"Bureau/marches-online-logo-vector.jpg";"VERSION";"1.0";"6.0";"2024-10-10T08:29:39Z";"28708"
"fethy.faradji@infopro-digital.com -> UserMercury@infopro-digital.com";"Bureau/marches-online-logo-vector.png";"VERSION";"1.0";"6.0";"2024-10-10T08:26:33Z";"5987"
"fethy.faradji@infopro-digital.com -> UserMercury@infopro-digital.com";"Bureau/mep 20241014.zip";"VERSION";"1.0";"9.0";"2024-10-11T13:48:31Z";"5305"
"fethy.faradji@infopro-digital.com -> UserMercury@infopro-digital.com";"Bureau/mep 20250113.zip";"VERSION";"1.0";"9.0";"2025-01-10T10:30:30Z";"19443"
"fethy.faradji@infopro-digital.com -> UserMercury@infopro-digital.com";"Bureau/mep 20250129.zip";"VERSION";"1.0";"9.0";"2025-01-27T12:56:54Z";"4522425"
"fethy.faradji@infopro-digital.com -> UserMercury@infopro-digital.com";"Bureau/mep synchro 20241007.zip";"VERSION";"1.0";"9.0";"2024-10-07T07:47:24Z";"37173"
"fethy.faradji@infopro-digital.com -> UserMercury@infopro-digital.com";"Bureau/mep_sim20250612.zip";"VERSION";"1.0";"9.0";"2025-06-11T09:38:32Z";"18693"
"fethy.faradji@infopro-digital.com -> UserMercury@infopro-digital.com";"Bureau/mep20250225.zip";"VERSION";"1.0";"9.0";"2025-02-17T14:38:31Z";"18184"
"fethy.faradji@infopro-digital.com -> UserMercury@infopro-digital.com";"Bureau/mep20250603.zip";"VERSION";"1.0";"9.0";"2025-06-03T07:42:50Z";"36831"
"fethy.faradji@infopro-digital.com -> UserMercury@infopro-digital.com";"Bureau/Microsoft Teams.lnk";"VERSION";"1.0";"9.0";"2024-12-11T15:14:47Z";"2718"
"fethy.faradji@infopro-digital.com -> UserMercury@infopro-digital.com";"Bureau/mise_a_jour_des_seuils.xlsx";"VERSION";"1.0";"9.0";"2025-04-07T07:32:21Z";"7919867"
"fethy.faradji@infopro-digital.com -> UserMercury@infopro-digital.com";"Bureau/mise_a_jour_des_tarifs_de_publications.sql";"VERSION";"1.0";"1.0";"2025-01-02T14:08:00Z";"1005"
"fethy.faradji@infopro-digital.com -> UserMercury@infopro-digital.com";"Bureau/mise_a_jour_des_tarifs_de_publications.sql";"VERSION";"2.0";"3.0";"2025-01-02T15:02:34Z";"1843"
"fethy.faradji@infopro-digital.com -> UserMercury@infopro-digital.com";"Bureau/nouveau 52.txt";"VERSION";"1.0";"9.0";"2025-08-08T14:15:39Z";"18219"
"fethy.faradji@infopro-digital.com -> UserMercury@infopro-digital.com";"Bureau/panoramic-view-mesmerizing-sahara-desert-sunset-concept-travel-photography-sunset-views-sahara-desert-panoramic-landscapes_864588-214280.jpg";"VERSION";"1.0";"6.0";"2025-06-17T08:40:59Z";"65892"
"fethy.faradji@infopro-digital.com -> UserMercury@infopro-digital.com";"Bureau/PC10031.cer";"VERSION";"1.0";"9.0";"2025-06-17T09:42:36Z";"1514"
"fethy.faradji@infopro-digital.com -> UserMercury@infopro-digital.com";"Bureau/PC10031.pfx";"VERSION";"1.0";"9.0";"2025-06-17T12:28:36Z";"5241"
"fethy.faradji@infopro-digital.com -> UserMercury@infopro-digital.com";"Bureau/presque finit.sql";"VERSION";"1.0";"1.0";"2026-05-04T15:21:47Z";"1992"
"fethy.faradji@infopro-digital.com -> UserMercury@infopro-digital.com";"Bureau/presque finit.sql";"VERSION";"2.0";"3.0";"2026-05-06T12:36:42Z";"2359"
"fethy.faradji@infopro-digital.com -> UserMercury@infopro-digital.com";"Bureau/probleme easyvista date de fin.docx";"VERSION";"1.0";"9.0";"2024-11-28T09:11:18Z";"578244"
"fethy.faradji@infopro-digital.com -> UserMercury@infopro-digital.com";"Bureau/PUBLICATIONS_SF2.sql";"VERSION";"1.0";"9.0";"2025-02-12T13:57:42Z";"5063"
"fethy.faradji@infopro-digital.com -> UserMercury@infopro-digital.com";"Bureau/rattrapage_synchro_sim_sf_20200101_20241101.sql";"VERSION";"1.0";"9.0";"2024-10-15T13:14:32Z";"6320"
"fethy.faradji@infopro-digital.com -> UserMercury@infopro-digital.com";"Bureau/rattrapage_synchro_sim_sf_20200101_20241101_2.sql";"VERSION";"1.0";"1.0";"2024-10-31T14:40:18Z";"6320"
"fethy.faradji@infopro-digital.com -> UserMercury@infopro-digital.com";"Bureau/rattrapage_synchro_sim_sf_20200101_20241101_2.sql";"VERSION";"2.0";"2.0";"2024-10-31T15:25:52Z";"6466"
"fethy.faradji@infopro-digital.com -> UserMercury@infopro-digital.com";"Bureau/rattrapage_synchro_sim_sf_20200101_20241101_2.sql";"VERSION";"3.0";"4.0";"2024-10-31T15:34:43Z";"6492"
"fethy.faradji@infopro-digital.com -> UserMercury@infopro-digital.com";"Bureau/Re Ajout de l'AD Gutwinski au Datawarehouse sécu..msg";"VERSION";"1.0";"9.0";"2025-09-25T09:24:28Z";"109568"
"fethy.faradji@infopro-digital.com -> UserMercury@infopro-digital.com";"Bureau/Redemarrer le serveur PASEO.docx";"VERSION";"1.0";"9.0";"2024-12-12T15:57:01Z";"127852"
"fethy.faradji@infopro-digital.com -> UserMercury@infopro-digital.com";"Bureau/référentiel refacturation.xlsx";"VERSION";"1.0";"1.0";"2026-02-05T16:12:25Z";"15927"
"fethy.faradji@infopro-digital.com -> UserMercury@infopro-digital.com";"Bureau/référentiel refacturation.xlsx";"VERSION";"2.0";"2.0";"2026-02-06T13:36:37Z";"16715"
"fethy.faradji@infopro-digital.com -> UserMercury@infopro-digital.com";"Bureau/référentiel refacturation.xlsx";"VERSION";"3.0";"3.0";"2026-02-06T14:14:23Z";"22594"
"fethy.faradji@infopro-digital.com -> UserMercury@infopro-digital.com";"Bureau/référentiel refacturation.xlsx";"VERSION";"4.0";"4.0";"2026-02-06T14:23:58Z";"40616"
"fethy.faradji@infopro-digital.com -> UserMercury@infopro-digital.com";"Bureau/référentiel refacturation.xlsx";"VERSION";"5.0";"5.0";"2026-02-18T08:42:49Z";"62538"
"fethy.faradji@infopro-digital.com -> UserMercury@infopro-digital.com";"Bureau/référentiel refacturation.xlsx";"VERSION";"6.0";"6.0";"2026-02-18T09:33:45Z";"62777"
"fethy.faradji@infopro-digital.com -> UserMercury@infopro-digital.com";"Bureau/référentiel refacturation.xlsx";"VERSION";"7.0";"7.0";"2026-02-18T10:19:49Z";"68671"
"fethy.faradji@infopro-digital.com -> UserMercury@infopro-digital.com";"Bureau/référentiel refacturation.xlsx";"VERSION";"8.0";"8.0";"2026-02-18T10:24:02Z";"68809"
"fethy.faradji@infopro-digital.com -> UserMercury@infopro-digital.com";"Bureau/référentiel refacturation.xlsx";"VERSION";"9.0";"9.0";"2026-02-18T13:28:30Z";"68820"
"fethy.faradji@infopro-digital.com -> UserMercury@infopro-digital.com";"Bureau/référentiel refacturation.xlsx";"VERSION";"10.0";"10.0";"2026-02-18T13:34:56Z";"68890"
"fethy.faradji@infopro-digital.com -> UserMercury@infopro-digital.com";"Bureau/référentiel refacturation.xlsx";"VERSION";"11.0";"12.0";"2026-02-18T14:02:58Z";"68895"
"fethy.faradji@infopro-digital.com -> UserMercury@infopro-digital.com";"Bureau/référentiel_creamodif-AD.xlsx";"VERSION";"1.0";"9.0";"2026-02-05T10:43:46Z";"19210"
"fethy.faradji@infopro-digital.com -> UserMercury@infopro-digital.com";"Bureau/resultat_fichier_abs_dest.csv";"VERSION";"1.0";"9.0";"2025-07-03T09:44:09Z";"340896"
"fethy.faradji@infopro-digital.com -> UserMercury@infopro-digital.com";"Bureau/Sans titre2.ps1";"VERSION";"1.0";"9.0";"2025-08-06T13:20:16Z";"11006"
"fethy.faradji@infopro-digital.com -> UserMercury@infopro-digital.com";"Bureau/script_de_la_murte.txt";"VERSION";"1.0";"9.0";"2024-10-24T14:20:29Z";"14051"
"fethy.faradji@infopro-digital.com -> UserMercury@infopro-digital.com";"Bureau/SharePoint_source_202508081126.csv";"VERSION";"1.0";"1.0";"2025-08-08T09:26:37Z";"2127108"
"fethy.faradji@infopro-digital.com -> UserMercury@infopro-digital.com";"Bureau/SharePoint_source_202508081126.csv";"VERSION";"2.0";"3.0";"2025-08-08T09:27:35Z";"2126984"
"fethy.faradji@infopro-digital.com -> UserMercury@infopro-digital.com";"Bureau/Sigle_Slash.png";"VERSION";"1.0";"6.0";"2024-10-07T10:58:16Z";"1204042"
"fethy.faradji@infopro-digital.com -> UserMercury@infopro-digital.com";"Bureau/sim_am_index.csv";"VERSION";"1.0";"9.0";"2024-12-10T15:54:49Z";"96944"
"fethy.faradji@infopro-digital.com -> UserMercury@infopro-digital.com";"Bureau/simx_am_in_identite.csv";"VERSION";"1.0";"9.0";"2024-12-10T15:32:50Z";"10770971"
"fethy.faradji@infopro-digital.com -> UserMercury@infopro-digital.com";"Bureau/smiley1_p.jpg";"VERSION";"1.0";"6.0";"2024-10-16T12:05:26Z";"678"
"fethy.faradji@infopro-digital.com -> UserMercury@infopro-digital.com";"Bureau/task.html";"VERSION";"1.0";"1.0";"2024-10-04T13:12:44Z";"11348"
"fethy.faradji@infopro-digital.com -> UserMercury@infopro-digital.com";"Bureau/task.html";"VERSION";"2.0";"3.0";"2024-10-04T13:29:54Z";"10977"
"fethy.faradji@infopro-digital.com -> UserMercury@infopro-digital.com";"Bureau/téléchargement.jpg";"VERSION";"1.0";"6.0";"2024-10-11T08:51:27Z";"341190"
"fethy.faradji@infopro-digital.com -> UserMercury@infopro-digital.com";"Bureau/test.csv";"VERSION";"2.0";"3.0";"2025-04-22T14:23:12Z";"371632"
"fethy.faradji@infopro-digital.com -> UserMercury@infopro-digital.com";"Bureau/test4.ps1";"VERSION";"1.0";"9.0";"2025-01-08T14:15:38Z";"1376"
"fethy.faradji@infopro-digital.com -> UserMercury@infopro-digital.com";"Bureau/tmp.csv";"VERSION";"1.0";"1.0";"2026-04-15T15:37:44Z";"7396"
"fethy.faradji@infopro-digital.com -> UserMercury@infopro-digital.com";"Bureau/tmp.csv";"VERSION";"2.0";"2.0";"2026-04-15T15:37:47Z";"52446"
"fethy.faradji@infopro-digital.com -> UserMercury@infopro-digital.com";"Bureau/tmp.csv";"VERSION";"3.0";"3.0";"2026-04-15T15:37:49Z";"80333"
"fethy.faradji@infopro-digital.com -> UserMercury@infopro-digital.com";"Bureau/tmp.csv";"VERSION";"4.0";"4.0";"2026-04-15T15:37:50Z";"114624"
"fethy.faradji@infopro-digital.com -> UserMercury@infopro-digital.com";"Bureau/tmp.csv";"VERSION";"5.0";"5.0";"2026-04-15T15:37:51Z";"126765"
"fethy.faradji@infopro-digital.com -> UserMercury@infopro-digital.com";"Bureau/tmp.csv";"VERSION";"6.0";"6.0";"2026-04-15T15:37:54Z";"180914"
"fethy.faradji@infopro-digital.com -> UserMercury@infopro-digital.com";"Bureau/tmp.csv";"VERSION";"7.0";"7.0";"2026-04-15T15:37:56Z";"203972"
"fethy.faradji@infopro-digital.com -> UserMercury@infopro-digital.com";"Bureau/tmp.csv";"VERSION";"8.0";"8.0";"2026-04-15T15:37:57Z";"231602"
"fethy.faradji@infopro-digital.com -> UserMercury@infopro-digital.com";"Bureau/tmp.csv";"VERSION";"9.0";"9.0";"2026-04-15T15:37:59Z";"262111"
"fethy.faradji@infopro-digital.com -> UserMercury@infopro-digital.com";"Bureau/tmp.csv";"VERSION";"10.0";"10.0";"2026-04-15T15:38:01Z";"298765"
"fethy.faradji@infopro-digital.com -> UserMercury@infopro-digital.com";"Bureau/tmp.csv";"VERSION";"11.0";"11.0";"2026-04-15T15:38:02Z";"324481"
"fethy.faradji@infopro-digital.com -> UserMercury@infopro-digital.com";"Bureau/tmp.csv";"VERSION";"12.0";"12.0";"2026-04-15T15:38:04Z";"351729"
"fethy.faradji@infopro-digital.com -> UserMercury@infopro-digital.com";"Bureau/tmp.csv";"VERSION";"13.0";"13.0";"2026-04-15T15:38:05Z";"378072"
"fethy.faradji@infopro-digital.com -> UserMercury@infopro-digital.com";"Bureau/tmp.csv";"VERSION";"14.0";"14.0";"2026-04-15T15:38:06Z";"401430"
"fethy.faradji@infopro-digital.com -> UserMercury@infopro-digital.com";"Bureau/tmp.csv";"VERSION";"15.0";"15.0";"2026-04-15T15:38:07Z";"423774"
"fethy.faradji@infopro-digital.com -> UserMercury@infopro-digital.com";"Bureau/tmp.csv";"VERSION";"16.0";"16.0";"2026-04-15T15:38:09Z";"447874"
"fethy.faradji@infopro-digital.com -> UserMercury@infopro-digital.com";"Bureau/tmp.csv";"VERSION";"17.0";"17.0";"2026-04-15T15:38:10Z";"478651"
"fethy.faradji@infopro-digital.com -> UserMercury@infopro-digital.com";"Bureau/tmp.csv";"VERSION";"18.0";"18.0";"2026-04-15T15:38:12Z";"516568"
"fethy.faradji@infopro-digital.com -> UserMercury@infopro-digital.com";"Bureau/tmp.csv";"VERSION";"19.0";"19.0";"2026-04-15T15:38:14Z";"550215"
"fethy.faradji@infopro-digital.com -> UserMercury@infopro-digital.com";"Bureau/tmp.csv";"VERSION";"20.0";"20.0";"2026-04-15T15:38:16Z";"573969"
"fethy.faradji@infopro-digital.com -> UserMercury@infopro-digital.com";"Bureau/tmp.csv";"VERSION";"21.0";"21.0";"2026-04-15T15:38:17Z";"601381"
"fethy.faradji@infopro-digital.com -> UserMercury@infopro-digital.com";"Bureau/tmp.csv";"VERSION";"22.0";"22.0";"2026-04-15T15:38:19Z";"627283"
"fethy.faradji@infopro-digital.com -> UserMercury@infopro-digital.com";"Bureau/tmp.csv";"VERSION";"23.0";"23.0";"2026-04-15T15:38:20Z";"649738"
"fethy.faradji@infopro-digital.com -> UserMercury@infopro-digital.com";"Bureau/tmp.csv";"VERSION";"24.0";"24.0";"2026-04-15T15:38:23Z";"695882"
"fethy.faradji@infopro-digital.com -> UserMercury@infopro-digital.com";"Bureau/tmp.csv";"VERSION";"25.0";"25.0";"2026-04-15T15:38:24Z";"717628"
"fethy.faradji@infopro-digital.com -> UserMercury@infopro-digital.com";"Bureau/tmp.csv";"VERSION";"26.0";"26.0";"2026-04-15T15:38:26Z";"760730"
"fethy.faradji@infopro-digital.com -> UserMercury@infopro-digital.com";"Bureau/tmp.csv";"VERSION";"27.0";"27.0";"2026-04-15T15:38:28Z";"784251"
"fethy.faradji@infopro-digital.com -> UserMercury@infopro-digital.com";"Bureau/tmp.csv";"VERSION";"28.0";"28.0";"2026-04-15T15:38:30Z";"827418"
"fethy.faradji@infopro-digital.com -> UserMercury@infopro-digital.com";"Bureau/tmp.csv";"VERSION";"29.0";"29.0";"2026-04-15T15:38:32Z";"850182"
"fethy.faradji@infopro-digital.com -> UserMercury@infopro-digital.com";"Bureau/tmp.csv";"VERSION";"30.0";"30.0";"2026-04-15T15:38:33Z";"882380"
"fethy.faradji@infopro-digital.com -> UserMercury@infopro-digital.com";"Bureau/tmp.csv";"VERSION";"31.0";"31.0";"2026-04-15T15:38:34Z";"904374"
"fethy.faradji@infopro-digital.com -> UserMercury@infopro-digital.com";"Bureau/tmp.csv";"VERSION";"32.0";"32.0";"2026-04-15T15:38:36Z";"927251"
"fethy.faradji@infopro-digital.com -> UserMercury@infopro-digital.com";"Bureau/tmp.csv";"VERSION";"33.0";"33.0";"2026-04-15T15:38:38Z";"961009"
"fethy.faradji@infopro-digital.com -> UserMercury@infopro-digital.com";"Bureau/tmp.csv";"VERSION";"34.0";"34.0";"2026-04-15T15:38:40Z";"985781"
"fethy.faradji@infopro-digital.com -> UserMercury@infopro-digital.com";"Bureau/tmp.csv";"VERSION";"35.0";"35.0";"2026-04-15T15:38:42Z";"1019966"
"fethy.faradji@infopro-digital.com -> UserMercury@infopro-digital.com";"Bureau/tmp.csv";"VERSION";"36.0";"36.0";"2026-04-15T15:38:43Z";"1046379"
"fethy.faradji@infopro-digital.com -> UserMercury@infopro-digital.com";"Bureau/tmp.csv";"VERSION";"37.0";"37.0";"2026-04-15T15:38:45Z";"1070763"
"fethy.faradji@infopro-digital.com -> UserMercury@infopro-digital.com";"Bureau/tmp.csv";"VERSION";"38.0";"38.0";"2026-04-15T15:38:46Z";"1096608"
"fethy.faradji@infopro-digital.com -> UserMercury@infopro-digital.com";"Bureau/tmp.csv";"VERSION";"39.0";"39.0";"2026-04-15T15:38:47Z";"1112393"
"fethy.faradji@infopro-digital.com -> UserMercury@infopro-digital.com";"Bureau/tmp.csv";"VERSION";"40.0";"40.0";"2026-04-15T15:38:49Z";"1133096"
"fethy.faradji@infopro-digital.com -> UserMercury@infopro-digital.com";"Bureau/tmp.csv";"VERSION";"41.0";"41.0";"2026-04-15T15:38:51Z";"1165794"
"fethy.faradji@infopro-digital.com -> UserMercury@infopro-digital.com";"Bureau/tmp.csv";"VERSION";"42.0";"42.0";"2026-04-15T15:38:52Z";"1189740"
"fethy.faradji@infopro-digital.com -> UserMercury@infopro-digital.com";"Bureau/tmp.csv";"VERSION";"43.0";"43.0";"2026-04-15T15:38:57Z";"1271978"
"fethy.faradji@infopro-digital.com -> UserMercury@infopro-digital.com";"Bureau/tmp.csv";"VERSION";"44.0";"44.0";"2026-04-15T15:39:01Z";"1340320"
"fethy.faradji@infopro-digital.com -> UserMercury@infopro-digital.com";"Bureau/tmp.csv";"VERSION";"45.0";"45.0";"2026-04-15T15:39:03Z";"1365839"
"fethy.faradji@infopro-digital.com -> UserMercury@infopro-digital.com";"Bureau/tmp.csv";"VERSION";"46.0";"46.0";"2026-04-15T15:39:05Z";"1391207"
"fethy.faradji@infopro-digital.com -> UserMercury@infopro-digital.com";"Bureau/tmp.csv";"VERSION";"47.0";"47.0";"2026-04-15T15:39:06Z";"1414229"
"fethy.faradji@infopro-digital.com -> UserMercury@infopro-digital.com";"Bureau/tmp.csv";"VERSION";"48.0";"48.0";"2026-04-15T15:39:09Z";"1458294"
"fethy.faradji@infopro-digital.com -> UserMercury@infopro-digital.com";"Bureau/tmp.csv";"VERSION";"49.0";"49.0";"2026-04-15T15:39:11Z";"1496538"
"fethy.faradji@infopro-digital.com -> UserMercury@infopro-digital.com";"Bureau/tmp.csv";"VERSION";"50.0";"50.0";"2026-04-15T15:39:14Z";"1546251"
"fethy.faradji@infopro-digital.com -> UserMercury@infopro-digital.com";"Bureau/tmp.csv";"VERSION";"51.0";"51.0";"2026-04-15T15:39:17Z";"1602086"
"fethy.faradji@infopro-digital.com -> UserMercury@infopro-digital.com";"Bureau/tmp.csv";"VERSION";"52.0";"52.0";"2026-04-15T15:39:19Z";"1627225"
"fethy.faradji@infopro-digital.com -> UserMercury@infopro-digital.com";"Bureau/tmp.csv";"VERSION";"53.0";"53.0";"2026-04-15T15:39:21Z";"1660846"
"fethy.faradji@infopro-digital.com -> UserMercury@infopro-digital.com";"Bureau/tmp.csv";"VERSION";"54.0";"54.0";"2026-04-15T15:39:23Z";"1702716"
"fethy.faradji@infopro-digital.com -> UserMercury@infopro-digital.com";"Bureau/tmp.csv";"VERSION";"55.0";"55.0";"2026-04-15T15:39:25Z";"1728252"
"fethy.faradji@infopro-digital.com -> UserMercury@infopro-digital.com";"Bureau/tmp.csv";"VERSION";"56.0";"56.0";"2026-04-15T15:39:27Z";"1778124"
"fethy.faradji@infopro-digital.com -> UserMercury@infopro-digital.com";"Bureau/tmp.csv";"VERSION";"57.0";"57.0";"2026-04-15T15:39:29Z";"1807459"
"fethy.faradji@infopro-digital.com -> UserMercury@infopro-digital.com";"Bureau/tmp.csv";"VERSION";"58.0";"58.0";"2026-04-15T15:39:31Z";"1839868"
"fethy.faradji@infopro-digital.com -> UserMercury@infopro-digital.com";"Bureau/tmp.csv";"VERSION";"59.0";"59.0";"2026-04-15T15:39:33Z";"1869830"
"fethy.faradji@infopro-digital.com -> UserMercury@infopro-digital.com";"Bureau/tmp.csv";"VERSION";"60.0";"60.0";"2026-04-15T15:39:34Z";"1900468"
"fethy.faradji@infopro-digital.com -> UserMercury@infopro-digital.com";"Bureau/tmp.csv";"VERSION";"61.0";"61.0";"2026-04-15T15:39:36Z";"1931581"
"fethy.faradji@infopro-digital.com -> UserMercury@infopro-digital.com";"Bureau/tmp.csv";"VERSION";"62.0";"62.0";"2026-04-15T15:39:38Z";"1960818"
"fethy.faradji@infopro-digital.com -> UserMercury@infopro-digital.com";"Bureau/tmp.csv";"VERSION";"63.0";"63.0";"2026-04-15T15:39:40Z";"1994698"
"fethy.faradji@infopro-digital.com -> UserMercury@infopro-digital.com";"Bureau/tmp.csv";"VERSION";"64.0";"64.0";"2026-04-15T15:39:41Z";"2020671"
"fethy.faradji@infopro-digital.com -> UserMercury@infopro-digital.com";"Bureau/tmp.csv";"VERSION";"65.0";"65.0";"2026-04-15T15:39:43Z";"2057376"
"fethy.faradji@infopro-digital.com -> UserMercury@infopro-digital.com";"Bureau/tmp.csv";"VERSION";"66.0";"66.0";"2026-04-15T15:39:45Z";"2088035"
"fethy.faradji@infopro-digital.com -> UserMercury@infopro-digital.com";"Bureau/tmp.csv";"VERSION";"67.0";"67.0";"2026-04-15T15:39:47Z";"2123352"
"fethy.faradji@infopro-digital.com -> UserMercury@infopro-digital.com";"Bureau/tmp.csv";"VERSION";"68.0";"68.0";"2026-04-15T15:39:49Z";"2153469"
"fethy.faradji@infopro-digital.com -> UserMercury@infopro-digital.com";"Bureau/tmp.csv";"VERSION";"69.0";"69.0";"2026-04-15T15:39:50Z";"2173193"
"fethy.faradji@infopro-digital.com -> UserMercury@infopro-digital.com";"Bureau/tmp.csv";"VERSION";"70.0";"70.0";"2026-04-15T15:39:52Z";"2196480"
"fethy.faradji@infopro-digital.com -> UserMercury@infopro-digital.com";"Bureau/tmp.csv";"VERSION";"71.0";"71.0";"2026-04-15T15:39:54Z";"2225481"
"fethy.faradji@infopro-digital.com -> UserMercury@infopro-digital.com";"Bureau/tmp.csv";"VERSION";"72.0";"72.0";"2026-04-15T15:39:56Z";"2259126"
"fethy.faradji@infopro-digital.com -> UserMercury@infopro-digital.com";"Bureau/tmp.csv";"VERSION";"73.0";"73.0";"2026-04-15T15:39:58Z";"2294143"
"fethy.faradji@infopro-digital.com -> UserMercury@infopro-digital.com";"Bureau/tmp.csv";"VERSION";"74.0";"74.0";"2026-04-15T15:40:02Z";"2354225"
"fethy.faradji@infopro-digital.com -> UserMercury@infopro-digital.com";"Bureau/tmp.csv";"VERSION";"75.0";"75.0";"2026-04-15T15:40:04Z";"2393070"
"fethy.faradji@infopro-digital.com -> UserMercury@infopro-digital.com";"Bureau/tmp.csv";"VERSION";"76.0";"76.0";"2026-04-15T15:40:07Z";"2453838"
"fethy.faradji@infopro-digital.com -> UserMercury@infopro-digital.com";"Bureau/tmp.csv";"VERSION";"77.0";"77.0";"2026-04-15T15:40:09Z";"2486294"
"fethy.faradji@infopro-digital.com -> UserMercury@infopro-digital.com";"Bureau/tmp.csv";"VERSION";"78.0";"78.0";"2026-04-15T15:40:11Z";"2517031"
"fethy.faradji@infopro-digital.com -> UserMercury@infopro-digital.com";"Bureau/tmp.csv";"VERSION";"79.0";"79.0";"2026-04-15T15:40:13Z";"2547029"
"fethy.faradji@infopro-digital.com -> UserMercury@infopro-digital.com";"Bureau/tmp.csv";"VERSION";"80.0";"80.0";"2026-04-15T15:40:15Z";"2574656"
"fethy.faradji@infopro-digital.com -> UserMercury@infopro-digital.com";"Bureau/tmp.csv";"VERSION";"81.0";"81.0";"2026-04-15T15:40:19Z";"2640097"
"fethy.faradji@infopro-digital.com -> UserMercury@infopro-digital.com";"Bureau/tmp.csv";"VERSION";"82.0";"82.0";"2026-04-15T15:40:21Z";"2677903"
"fethy.faradji@infopro-digital.com -> UserMercury@infopro-digital.com";"Bureau/tmp.csv";"VERSION";"83.0";"83.0";"2026-04-15T15:40:24Z";"2735862"
"fethy.faradji@infopro-digital.com -> UserMercury@infopro-digital.com";"Bureau/tmp.csv";"VERSION";"84.0";"84.0";"2026-04-15T15:40:26Z";"2771698"
"fethy.faradji@infopro-digital.com -> UserMercury@infopro-digital.com";"Bureau/tmp.csv";"VERSION";"85.0";"85.0";"2026-04-15T15:40:28Z";"2804404"
"fethy.faradji@infopro-digital.com -> UserMercury@infopro-digital.com";"Bureau/tmp.csv";"VERSION";"86.0";"86.0";"2026-04-15T15:40:32Z";"2866856"
"fethy.faradji@infopro-digital.com -> UserMercury@infopro-digital.com";"Bureau/tmp.csv";"VERSION";"87.0";"87.0";"2026-04-15T15:40:34Z";"2902853"
"fethy.faradji@infopro-digital.com -> UserMercury@infopro-digital.com";"Bureau/tmp.csv";"VERSION";"88.0";"88.0";"2026-04-15T15:40:36Z";"2935715"
"fethy.faradji@infopro-digital.com -> UserMercury@infopro-digital.com";"Bureau/tmp.csv";"VERSION";"89.0";"89.0";"2026-04-15T15:40:38Z";"2971852"
"fethy.faradji@infopro-digital.com -> UserMercury@infopro-digital.com";"Bureau/tmp.csv";"VERSION";"90.0";"90.0";"2026-04-15T15:40:41Z";"3025801"
"fethy.faradji@infopro-digital.com -> UserMercury@infopro-digital.com";"Bureau/tmp.csv";"VERSION";"91.0";"91.0";"2026-04-15T15:40:43Z";"3061278"
"fethy.faradji@infopro-digital.com -> UserMercury@infopro-digital.com";"Bureau/tmp.csv";"VERSION";"92.0";"92.0";"2026-04-15T15:40:45Z";"3096361"
"fethy.faradji@infopro-digital.com -> UserMercury@infopro-digital.com";"Bureau/tmp.csv";"VERSION";"93.0";"93.0";"2026-04-15T15:40:48Z";"3138174"
"fethy.faradji@infopro-digital.com -> UserMercury@infopro-digital.com";"Bureau/tmp.csv";"VERSION";"94.0";"94.0";"2026-04-15T15:40:51Z";"3199049"
"fethy.faradji@infopro-digital.com -> UserMercury@infopro-digital.com";"Bureau/tmp.csv";"VERSION";"95.0";"95.0";"2026-04-15T15:40:54Z";"3252916"
"fethy.faradji@infopro-digital.com -> UserMercury@infopro-digital.com";"Bureau/tmp.csv";"VERSION";"96.0";"96.0";"2026-04-15T15:40:57Z";"3299345"
"fethy.faradji@infopro-digital.com -> UserMercury@infopro-digital.com";"Bureau/tmp.csv";"VERSION";"97.0";"97.0";"2026-04-15T15:41:01Z";"3371513"
"fethy.faradji@infopro-digital.com -> UserMercury@infopro-digital.com";"Bureau/tmp.csv";"VERSION";"98.0";"98.0";"2026-04-15T15:41:04Z";"3424476"
"fethy.faradji@infopro-digital.com -> UserMercury@infopro-digital.com";"Bureau/tmp.csv";"VERSION";"99.0";"99.0";"2026-04-15T15:41:07Z";"3468191"
"fethy.faradji@infopro-digital.com -> UserMercury@infopro-digital.com";"Bureau/tmp.csv";"VERSION";"100.0";"100.0";"2026-04-15T15:41:09Z";"3507124"
"fethy.faradji@infopro-digital.com -> UserMercury@infopro-digital.com";"Bureau/tmp.csv";"VERSION";"101.0";"101.0";"2026-04-15T15:41:11Z";"3542841"
"fethy.faradji@infopro-digital.com -> UserMercury@infopro-digital.com";"Bureau/tmp.csv";"VERSION";"102.0";"102.0";"2026-04-15T15:41:14Z";"3576336"
"fethy.faradji@infopro-digital.com -> UserMercury@infopro-digital.com";"Bureau/tmp.csv";"VERSION";"103.0";"103.0";"2026-04-15T15:41:16Z";"3622884"
"fethy.faradji@infopro-digital.com -> UserMercury@infopro-digital.com";"Bureau/tmp.csv";"VERSION";"104.0";"104.0";"2026-04-15T15:41:18Z";"3649280"
"fethy.faradji@infopro-digital.com -> UserMercury@infopro-digital.com";"Bureau/tmp.csv";"VERSION";"105.0";"105.0";"2026-04-15T15:41:19Z";"3679816"
"fethy.faradji@infopro-digital.com -> UserMercury@infopro-digital.com";"Bureau/tmp.csv";"VERSION";"106.0";"106.0";"2026-04-15T15:41:22Z";"3708939"
"fethy.faradji@infopro-digital.com -> UserMercury@infopro-digital.com";"Bureau/tmp.csv";"VERSION";"107.0";"107.0";"2026-04-15T15:41:24Z";"3749092"
"fethy.faradji@infopro-digital.com -> UserMercury@infopro-digital.com";"Bureau/tmp.csv";"VERSION";"108.0";"108.0";"2026-04-15T15:41:26Z";"3784964"
"fethy.faradji@infopro-digital.com -> UserMercury@infopro-digital.com";"Bureau/tmp.csv";"VERSION";"109.0";"109.0";"2026-04-15T15:41:29Z";"3839444"
"fethy.faradji@infopro-digital.com -> UserMercury@infopro-digital.com";"Bureau/tmp.csv";"VERSION";"110.0";"110.0";"2026-04-15T15:41:32Z";"3894096"
"fethy.faradji@infopro-digital.com -> UserMercury@infopro-digital.com";"Bureau/tmp.csv";"VERSION";"111.0";"111.0";"2026-04-15T15:41:35Z";"3927312"
"fethy.faradji@infopro-digital.com -> UserMercury@infopro-digital.com";"Bureau/tmp.csv";"VERSION";"112.0";"112.0";"2026-04-15T15:41:38Z";"3972150"
"fethy.faradji@infopro-digital.com -> UserMercury@infopro-digital.com";"Bureau/tmp.csv";"VERSION";"113.0";"113.0";"2026-04-15T15:41:40Z";"4021982"
"fethy.faradji@infopro-digital.com -> UserMercury@infopro-digital.com";"Bureau/tmp.csv";"VERSION";"114.0";"114.0";"2026-04-15T15:41:43Z";"4062936"
"fethy.faradji@infopro-digital.com -> UserMercury@infopro-digital.com";"Bureau/tmp.csv";"VERSION";"115.0";"115.0";"2026-04-15T15:41:45Z";"4096915"
"fethy.faradji@infopro-digital.com -> UserMercury@infopro-digital.com";"Bureau/tmp.csv";"VERSION";"116.0";"116.0";"2026-04-15T15:41:49Z";"4161478"
"fethy.faradji@infopro-digital.com -> UserMercury@infopro-digital.com";"Bureau/tmp.csv";"VERSION";"117.0";"118.0";"2026-04-15T15:42:31Z";"4884418"
"fethy.faradji@infopro-digital.com -> UserMercury@infopro-digital.com";"Bureau/user_entra_202603181129.csv";"VERSION";"1.0";"9.0";"2026-03-18T10:29:11Z";"17165524"
"fethy.faradji@infopro-digital.com -> UserMercury@infopro-digital.com";"Bureau/user_entra_202603181129.zip";"VERSION";"1.0";"9.0";"2026-03-18T10:32:24Z";"3402659"
"fethy.faradji@infopro-digital.com -> UserMercury@infopro-digital.com";"Bureau/User365.ps1";"VERSION";"1.0";"1.0";"2026-01-16T14:05:36Z";"6057"
"fethy.faradji@infopro-digital.com -> UserMercury@infopro-digital.com";"Bureau/User365.ps1";"VERSION";"2.0";"3.0";"2026-03-18T10:31:08Z";"6006"
"fethy.faradji@infopro-digital.com -> UserMercury@infopro-digital.com";"Bureau/UserExcel.ps1";"VERSION";"1.0";"9.0";"2025-05-07T13:02:08Z";"3793"
"fethy.faradji@infopro-digital.com -> UserMercury@infopro-digital.com";"Bureau/UserPréprod.csv";"VERSION";"1.0";"9.0";"2025-03-17T13:07:25Z";"1419"
"fethy.faradji@infopro-digital.com -> UserMercury@infopro-digital.com";"Bureau/v_computers_ad_202503241516.csv";"VERSION";"1.0";"1.0";"2025-03-24T14:16:54Z";"3295376"
"fethy.faradji@infopro-digital.com -> UserMercury@infopro-digital.com";"Bureau/v_computers_ad_202503241516.csv";"VERSION";"2.0";"3.0";"2025-03-24T14:34:19Z";"3001923"
"fethy.faradji@infopro-digital.com -> UserMercury@infopro-digital.com";"Bureau/v_computers_ad_202503241534.csv";"VERSION";"1.0";"9.0";"2025-03-24T14:34:47Z";"3314290"
"fethy.faradji@infopro-digital.com -> UserMercury@infopro-digital.com";"Bureau/v_computers_ad_202503241534.xlsx";"VERSION";"1.0";"1.0";"2025-03-24T14:40:35Z";"1246200"
"fethy.faradji@infopro-digital.com -> UserMercury@infopro-digital.com";"Bureau/v_computers_ad_202503241534.xlsx";"VERSION";"2.0";"3.0";"2025-03-24T14:42:35Z";"1250198"
"fethy.faradji@infopro-digital.com -> UserMercury@infopro-digital.com";"Bureau/wallpaper.jpg";"VERSION";"1.0";"6.0";"2024-11-08T14:28:32Z";"443211"
"fethy.faradji@infopro-digital.com -> UserMercury@infopro-digital.com";"Bureau/XnView.lnk";"VERSION";"1.0";"1.0";"2024-10-15T15:06:08Z";"1145"
"fethy.faradji@infopro-digital.com -> UserMercury@infopro-digital.com";"Bureau/XnView.lnk";"VERSION";"2.0";"2.0";"2024-10-15T15:06:48Z";"1009"
"fethy.faradji@infopro-digital.com -> UserMercury@infopro-digital.com";"Bureau/XnView.lnk";"VERSION";"3.0";"3.0";"2024-10-15T15:10:35Z";"1145"
"fethy.faradji@infopro-digital.com -> UserMercury@infopro-digital.com";"Bureau/XnView.lnk";"VERSION";"4.0";"5.0";"2024-10-15T15:12:23Z";"1145"
"fethy.faradji@infopro-digital.com -> UserMercury@infopro-digital.com";"corespondance FNS-FNSIMPLE/1_5_xslTEXTEIM.xlsx";"VERSION";"1.0";"9.0";"2022-01-20T09:40:43Z";"14761"
"fethy.faradji@infopro-digital.com -> UserMercury@infopro-digital.com";"corespondance FNS-FNSIMPLE/1_6_xslTEXTEIM.xlsx";"VERSION";"1.0";"9.0";"2022-01-20T09:39:16Z";"27967"
"fethy.faradji@infopro-digital.com -> UserMercury@infopro-digital.com";"corespondance FNS-FNSIMPLE/1_7_xslTEXTEIM.xlsx";"VERSION";"1.0";"9.0";"2022-01-20T09:50:15Z";"28636"
"fethy.faradji@infopro-digital.com -> UserMercury@infopro-digital.com";"corespondance FNS-FNSIMPLE/1_8_xslTEXTEIM.xlsx";"VERSION";"1.0";"9.0";"2022-01-20T09:40:47Z";"31702"
"fethy.faradji@infopro-digital.com -> UserMercury@infopro-digital.com";"corespondance FNS-FNSIMPLE/1_9_xslTEXTEIM.xlsx";"VERSION";"1.0";"9.0";"2022-01-20T09:37:18Z";"22384"
"fethy.faradji@infopro-digital.com -> UserMercury@infopro-digital.com";"corespondance FNS-FNSIMPLE/2_0_xslTEXTEIM (1).xlsx";"VERSION";"1.0";"9.0";"2022-01-20T09:33:23Z";"22838"
"fethy.faradji@infopro-digital.com -> UserMercury@infopro-digital.com";"corespondance FNS-FNSIMPLE/2_1_xslTEXTEIM (1).xlsx";"VERSION";"1.0";"9.0";"2022-01-20T09:34:54Z";"24670"
"fethy.faradji@infopro-digital.com -> UserMercury@infopro-digital.com";"corespondance FNS-FNSIMPLE/3_0_xslTEXTEIM.xlsx";"VERSION";"1.0";"9.0";"2022-01-20T09:37:06Z";"24909"
"fethy.faradji@infopro-digital.com -> UserMercury@infopro-digital.com";"corespondance FNS-FNSIMPLE/Copie de Copie de Transcodif balises_textes.xlsx";"VERSION";"1.0";"9.0";"2022-01-20T09:50:22Z";"30167"
"fethy.faradji@infopro-digital.com -> UserMercury@infopro-digital.com";"Documents/.Logo_Mysupport_V6.png";"VERSION";"1.0";"6.0";"2024-09-26T12:27:50Z";"17638"
"fethy.faradji@infopro-digital.com -> UserMercury@infopro-digital.com";"Documents/1.png";"VERSION";"1.0";"6.0";"2025-10-27T15:07:13Z";"193468"
"fethy.faradji@infopro-digital.com -> UserMercury@infopro-digital.com";"Documents/2.png";"VERSION";"1.0";"6.0";"2025-10-27T15:07:39Z";"196876"
"fethy.faradji@infopro-digital.com -> UserMercury@infopro-digital.com";"Documents/2023_08_21_084207(1).pdf";"VERSION";"1.0";"9.0";"2023-08-21T08:27:48Z";"359469"
"fethy.faradji@infopro-digital.com -> UserMercury@infopro-digital.com";"Documents/3901448_AVIS APPEL OFFRES CULATTES  ATMO.PDF";"VERSION";"1.0";"1.0";"2022-09-20T08:34:33Z";"349830"
"fethy.faradji@infopro-digital.com -> UserMercury@infopro-digital.com";"Documents/3901448_AVIS APPEL OFFRES CULATTES  ATMO.PDF";"VERSION";"2.0";"3.0";"2022-09-20T08:34:33Z";"349830"
"fethy.faradji@infopro-digital.com -> UserMercury@infopro-digital.com";"Documents/AAAABaP4cxptwgVJ6UNR6DBo3A1EqBZrcGB8-zUiF86yvwXAaVpYeee9_vYvdiE1yV5Bd9KHWWShgL1Gk9-UcSZ58SMvHlDuWhxWrVMd.png";"VERSION";"1.0";"6.0";"2025-10-14T07:44:55Z";"939035"
"fethy.faradji@infopro-digital.com -> UserMercury@infopro-digital.com";"Documents/all-domains.csv";"VERSION";"1.0";"9.0";"2025-11-14T08:44:16Z";"312502"
"fethy.faradji@infopro-digital.com -> UserMercury@infopro-digital.com";"Documents/arrêt maladie 2604 - 2704.pdf";"VERSION";"1.0";"9.0";"2023-05-25T10:00:18Z";"2663122"
"fethy.faradji@infopro-digital.com -> UserMercury@infopro-digital.com";"Documents/ATTESTATION SUR L HONNEUR TELETRAVAIL.docx";"VERSION";"1.0";"1.0";"2025-08-27T13:35:06Z";"21223"
"fethy.faradji@infopro-digital.com -> UserMercury@infopro-digital.com";"Documents/ATTESTATION SUR L HONNEUR TELETRAVAIL.docx";"VERSION";"2.0";"3.0";"2026-02-11T08:39:04Z";"21288"
"fethy.faradji@infopro-digital.com -> UserMercury@infopro-digital.com";"Documents/COMPTES ENFANTS SANS PARENTS.xlsx";"VERSION";"1.0";"1.0";"2023-05-25T09:48:42Z";"645217"
"fethy.faradji@infopro-digital.com -> UserMercury@infopro-digital.com";"Documents/COMPTES ENFANTS SANS PARENTS.xlsx";"VERSION";"2.0";"2.0";"2023-05-25T09:55:18Z";"664770"
"fethy.faradji@infopro-digital.com -> UserMercury@infopro-digital.com";"Documents/COMPTES ENFANTS SANS PARENTS.xlsx";"VERSION";"3.0";"4.0";"2023-05-25T10:15:33Z";"670038"
"fethy.faradji@infopro-digital.com -> UserMercury@infopro-digital.com";"Documents/Creamodif AD-premier entretient.docx";"VERSION";"1.0";"1.0";"2026-04-21T07:39:19Z";"14416"
"fethy.faradji@infopro-digital.com -> UserMercury@infopro-digital.com";"Documents/Creamodif AD-premier entretient.docx";"VERSION";"2.0";"3.0";"2026-04-21T07:39:27Z";"14504"
"fethy.faradji@infopro-digital.com -> UserMercury@infopro-digital.com";"Documents/D100340.xml";"VERSION";"1.0";"9.0";"2024-02-23T16:24:18Z";"5106"
"fethy.faradji@infopro-digital.com -> UserMercury@infopro-digital.com";"Documents/database.db";"VERSION";"1.0";"9.0";"2025-07-07T12:36:17Z";"1314816"
"fethy.faradji@infopro-digital.com -> UserMercury@infopro-digital.com";"Documents/DEF_RETOUR_MONIMAIL19092022122353.rar";"VERSION";"1.0";"9.0";"2022-09-30T09:43:04Z";"15685"
"fethy.faradji@infopro-digital.com -> UserMercury@infopro-digital.com";"Documents/export_EV.csv";"VERSION";"1.0";"9.0";"2024-11-12T13:55:17Z";"136979"
"fethy.faradji@infopro-digital.com -> UserMercury@infopro-digital.com";"Documents/Expression de besoin controle sur la data Entra.docx";"VERSION";"1.0";"9.0";"2025-09-15T15:14:55Z";"18465"
"fethy.faradji@infopro-digital.com -> UserMercury@infopro-digital.com";"Documents/Faradji - Carte identite.pdf";"VERSION";"1.0";"9.0";"2023-11-29T14:48:32Z";"116491"
"fethy.faradji@infopro-digital.com -> UserMercury@infopro-digital.com";"Documents/flammes-enfer-lechant-au-bord-immense-espace-porte-enfer_124507-96009.avif.jpg";"VERSION";"1.0";"6.0";"2024-10-18T08:25:52Z";"26956"
"fethy.faradji@infopro-digital.com -> UserMercury@infopro-digital.com";"Documents/Formulaire de demande de télétravail.pdf";"VERSION";"1.0";"9.0";"2026-02-10T16:11:58Z";"126097"
"fethy.faradji@infopro-digital.com -> UserMercury@infopro-digital.com";"Documents/interv_manquant.xlsx";"VERSION";"1.0";"9.0";"2022-04-21T08:08:40Z";"124725"
"fethy.faradji@infopro-digital.com -> UserMercury@infopro-digital.com";"Documents/LISTE FACTURES AO 2229 avec facture POC_BIM.xlsb.xlsx";"VERSION";"1.0";"9.0";"2022-07-25T12:09:03Z";"19389"
"fethy.faradji@infopro-digital.com -> UserMercury@infopro-digital.com";"Documents/logo_infopro.png";"VERSION";"1.0";"1.0";"2024-06-11T13:46:49Z";"131072"
"fethy.faradji@infopro-digital.com -> UserMercury@infopro-digital.com";"Documents/logo_infopro.png";"VERSION";"2.0";"2.0";"2024-06-11T13:46:50Z";"418433"
"fethy.faradji@infopro-digital.com -> UserMercury@infopro-digital.com";"Documents/logo_infopro.png";"VERSION";"3.0";"3.0";"2024-06-11T13:52:28Z";"106496"
"fethy.faradji@infopro-digital.com -> UserMercury@infopro-digital.com";"Documents/logo_infopro.png";"VERSION";"4.0";"5.0";"2024-06-11T13:52:29Z";"190216"
"fethy.faradji@infopro-digital.com -> UserMercury@infopro-digital.com";"Documents/logo_infopro.xcf";"VERSION";"1.0";"1.0";"2024-06-11T13:36:43Z";"1381353"
"fethy.faradji@infopro-digital.com -> UserMercury@infopro-digital.com";"Documents/logo_infopro.xcf";"VERSION";"2.0";"2.0";"2024-06-11T13:43:43Z";"1528728"
"fethy.faradji@infopro-digital.com -> UserMercury@infopro-digital.com";"Documents/logo_infopro.xcf";"VERSION";"3.0";"3.0";"2024-06-11T13:52:21Z";"709668"
"fethy.faradji@infopro-digital.com -> UserMercury@infopro-digital.com";"Documents/logo_infopro.xcf";"VERSION";"4.0";"4.0";"2024-06-11T13:55:16Z";"708188"
"fethy.faradji@infopro-digital.com -> UserMercury@infopro-digital.com";"Documents/logo_infopro.xcf";"VERSION";"5.0";"6.0";"2024-06-11T15:20:30Z";"761772"
"fethy.faradji@infopro-digital.com -> UserMercury@infopro-digital.com";"Documents/logo_infopro_petit.png";"VERSION";"1.0";"6.0";"2024-10-03T14:03:06Z";"3266"
"fethy.faradji@infopro-digital.com -> UserMercury@infopro-digital.com";"Documents/logo_infopro2.png";"VERSION";"1.0";"1.0";"2024-06-11T13:55:30Z";"122880"
"fethy.faradji@infopro-digital.com -> UserMercury@infopro-digital.com";"Documents/logo_infopro2.png";"VERSION";"2.0";"2.0";"2024-06-11T13:55:30Z";"194197"
"fethy.faradji@infopro-digital.com -> UserMercury@infopro-digital.com";"Documents/logo_infopro2.png";"VERSION";"3.0";"3.0";"2024-06-11T14:32:12Z";"131072"
"fethy.faradji@infopro-digital.com -> UserMercury@infopro-digital.com";"Documents/logo_infopro2.png";"VERSION";"4.0";"5.0";"2024-06-11T14:32:13Z";"212525"
"fethy.faradji@infopro-digital.com -> UserMercury@infopro-digital.com";"Documents/logo_mail_petit3.png";"VERSION";"1.0";"6.0";"2024-12-03T09:26:39Z";"252052"
"fethy.faradji@infopro-digital.com -> UserMercury@infopro-digital.com";"Documents/logo_mail2.png";"VERSION";"1.0";"6.0";"2024-10-24T14:49:19Z";"820541"
"fethy.faradji@infopro-digital.com -> UserMercury@infopro-digital.com";"Documents/logo_mail2.xcf";"VERSION";"1.0";"9.0";"2024-10-07T11:20:07Z";"1598282"
"fethy.faradji@infopro-digital.com -> UserMercury@infopro-digital.com";"Documents/logo_mail3.png";"VERSION";"1.0";"6.0";"2024-12-03T09:25:12Z";"603116"
"fethy.faradji@infopro-digital.com -> UserMercury@infopro-digital.com";"Documents/logo_mail3.xcf";"VERSION";"1.0";"9.0";"2024-12-03T08:47:17Z";"1598282"
"fethy.faradji@infopro-digital.com -> UserMercury@infopro-digital.com";"Documents/Logo_mysupport.xcf";"VERSION";"1.0";"9.0";"2024-11-22T13:49:28Z";"10288"
"fethy.faradji@infopro-digital.com -> UserMercury@infopro-digital.com";"Documents/Logo_Mysupport_V1.jpg";"VERSION";"1.0";"6.0";"2024-10-01T08:31:15Z";"21795"
"fethy.faradji@infopro-digital.com -> UserMercury@infopro-digital.com";"Documents/Logo_Mysupport_V1.png";"VERSION";"1.0";"6.0";"2024-09-26T06:55:51Z";"23213"
"fethy.faradji@infopro-digital.com -> UserMercury@infopro-digital.com";"Documents/Logo_Mysupport_V1.xcf";"VERSION";"1.0";"9.0";"2024-09-26T06:55:21Z";"90790"
"fethy.faradji@infopro-digital.com -> UserMercury@infopro-digital.com";"Documents/Logo_Mysupport_V2.xcf";"VERSION";"1.0";"9.0";"2024-09-26T08:04:04Z";"93029"
"fethy.faradji@infopro-digital.com -> UserMercury@infopro-digital.com";"Documents/Logo_Mysupport_V3.png";"VERSION";"1.0";"6.0";"2024-09-26T08:05:00Z";"21915"
"fethy.faradji@infopro-digital.com -> UserMercury@infopro-digital.com";"Documents/Logo_Mysupport_V3.xcf";"VERSION";"1.0";"9.0";"2024-09-26T08:04:41Z";"91827"
"fethy.faradji@infopro-digital.com -> UserMercury@infopro-digital.com";"Documents/Logo_Mysupport_V4.png";"VERSION";"1.0";"6.0";"2024-09-26T08:09:39Z";"17566"
"fethy.faradji@infopro-digital.com -> UserMercury@infopro-digital.com";"Documents/Logo_Mysupport_V4.xcf";"VERSION";"1.0";"9.0";"2024-09-26T08:09:13Z";"91827"
"fethy.faradji@infopro-digital.com -> UserMercury@infopro-digital.com";"Documents/Logo_Mysupport_V5.png";"VERSION";"1.0";"1.0";"2024-09-26T08:13:20Z";"17553"
"fethy.faradji@infopro-digital.com -> UserMercury@infopro-digital.com";"Documents/Logo_Mysupport_V5.png";"VERSION";"2.0";"3.0";"2024-09-26T12:27:29Z";"17638"
"fethy.faradji@infopro-digital.com -> UserMercury@infopro-digital.com";"Documents/Logo_Mysupport_V5.xcf";"VERSION";"1.0";"9.0";"2024-09-26T08:13:02Z";"92394"
"fethy.faradji@infopro-digital.com -> UserMercury@infopro-digital.com";"Documents/Logo_Mysupport_V6.xcf";"VERSION";"1.0";"9.0";"2024-09-26T08:33:34Z";"92472"
"fethy.faradji@infopro-digital.com -> UserMercury@infopro-digital.com";"Documents/Logo_Mysupport_V7.xcf";"VERSION";"1.0";"9.0";"2024-09-26T11:04:02Z";"92472"
"fethy.faradji@infopro-digital.com -> UserMercury@infopro-digital.com";"Documents/Logo_Mysupport_V8.png";"VERSION";"1.0";"1.0";"2024-10-14T14:42:54Z";"20075"
"fethy.faradji@infopro-digital.com -> UserMercury@infopro-digital.com";"Documents/Logo_Mysupport_V8.png";"VERSION";"2.0";"2.0";"2024-10-14T14:47:03Z";"19397"
"fethy.faradji@infopro-digital.com -> UserMercury@infopro-digital.com";"Documents/Logo_Mysupport_V8.png";"VERSION";"3.0";"4.0";"2024-10-14T14:50:24Z";"19679"
"fethy.faradji@infopro-digital.com -> UserMercury@infopro-digital.com";"Documents/Logo_Mysupport_V8.xcf";"VERSION";"1.0";"1.0";"2024-10-14T14:47:22Z";"103397"
"fethy.faradji@infopro-digital.com -> UserMercury@infopro-digital.com";"Documents/Logo_Mysupport_V8.xcf";"VERSION";"2.0";"3.0";"2024-10-14T14:50:12Z";"104354"
"fethy.faradji@infopro-digital.com -> UserMercury@infopro-digital.com";"Documents/Logo_mysupport3.png";"VERSION";"1.0";"6.0";"2024-11-22T13:50:03Z";"12766"
"fethy.faradji@infopro-digital.com -> UserMercury@infopro-digital.com";"Documents/Modele_CRA_juillet_2021.xlsx";"VERSION";"1.0";"9.0";"2021-07-26T09:16:28Z";"53342"
"fethy.faradji@infopro-digital.com -> UserMercury@infopro-digital.com";"Documents/mREMONTENG.xml";"VERSION";"1.0";"9.0";"2025-03-10T11:19:03Z";"657691"
"fethy.faradji@infopro-digital.com -> UserMercury@infopro-digital.com";"Documents/my support.png";"VERSION";"1.0";"6.0";"2024-11-21T14:16:08Z";"17831"
"fethy.faradji@infopro-digital.com -> UserMercury@infopro-digital.com";"Documents/my support.svg";"VERSION";"1.0";"9.0";"2024-11-21T09:20:16Z";"4645"
"fethy.faradji@infopro-digital.com -> UserMercury@infopro-digital.com";"Documents/my support.xcf";"VERSION";"1.0";"9.0";"2024-11-21T13:32:29Z";"41395"
"fethy.faradji@infopro-digital.com -> UserMercury@infopro-digital.com";"Documents/my support2.png";"VERSION";"1.0";"1.0";"2024-11-21T13:32:20Z";"17831"
"fethy.faradji@infopro-digital.com -> UserMercury@infopro-digital.com";"Documents/my support2.png";"VERSION";"2.0";"3.0";"2024-11-21T14:04:12Z";"21062"
"fethy.faradji@infopro-digital.com -> UserMercury@infopro-digital.com";"Documents/objets_sf_contact.csv";"VERSION";"1.0";"9.0";"2023-09-18T10:38:48Z";"2576660"
"fethy.faradji@infopro-digital.com -> UserMercury@infopro-digital.com";"Documents/parent_enfant_patenariats.xlsx";"VERSION";"1.0";"9.0";"2023-06-09T14:40:18Z";"82109"
"fethy.faradji@infopro-digital.com -> UserMercury@infopro-digital.com";"Documents/Prise_en_main_Monimail2.pdf";"VERSION";"1.0";"9.0";"2023-07-31T12:53:45Z";"758796"
"fethy.faradji@infopro-digital.com -> UserMercury@infopro-digital.com";"Documents/Rapport_Autorisations_Applications22.csv";"VERSION";"1.0";"9.0";"2025-08-27T15:03:47Z";"662535"
"fethy.faradji@infopro-digital.com -> UserMercury@infopro-digital.com";"Documents/Referentiel-SIM_BIM (1).kdbx";"VERSION";"1.0";"9.0";"2021-11-30T15:26:40Z";"32494"
"fethy.faradji@infopro-digital.com -> UserMercury@infopro-digital.com";"Documents/Referentiel-SIM_BIM.kdbx";"VERSION";"1.0";"1.0";"2021-12-08T16:18:17Z";"32574"
"fethy.faradji@infopro-digital.com -> UserMercury@infopro-digital.com";"Documents/Referentiel-SIM_BIM.kdbx";"VERSION";"2.0";"2.0";"2024-02-21T08:50:46Z";"34062"
"fethy.faradji@infopro-digital.com -> UserMercury@infopro-digital.com";"Documents/Referentiel-SIM_BIM.kdbx";"VERSION";"3.0";"3.0";"2024-02-21T11:36:12Z";"34158"
"fethy.faradji@infopro-digital.com -> UserMercury@infopro-digital.com";"Documents/Referentiel-SIM_BIM.kdbx";"VERSION";"4.0";"4.0";"2024-02-26T09:38:45Z";"34222"
"fethy.faradji@infopro-digital.com -> UserMercury@infopro-digital.com";"Documents/Referentiel-SIM_BIM.kdbx";"VERSION";"5.0";"5.0";"2024-08-29T07:47:48Z";"34446"
"fethy.faradji@infopro-digital.com -> UserMercury@infopro-digital.com";"Documents/Referentiel-SIM_BIM.kdbx";"VERSION";"6.0";"6.0";"2024-08-29T13:45:06Z";"34638"
"fethy.faradji@infopro-digital.com -> UserMercury@infopro-digital.com";"Documents/Referentiel-SIM_BIM.kdbx";"VERSION";"7.0";"7.0";"2025-02-07T13:53:34Z";"34798"
"fethy.faradji@infopro-digital.com -> UserMercury@infopro-digital.com";"Documents/Referentiel-SIM_BIM.kdbx";"VERSION";"8.0";"8.0";"2025-02-07T14:06:33Z";"35070"
"fethy.faradji@infopro-digital.com -> UserMercury@infopro-digital.com";"Documents/Referentiel-SIM_BIM.kdbx";"VERSION";"9.0";"9.0";"2025-02-07T14:08:08Z";"35278"
"fethy.faradji@infopro-digital.com -> UserMercury@infopro-digital.com";"Documents/Referentiel-SIM_BIM.kdbx";"VERSION";"10.0";"10.0";"2025-02-10T13:07:46Z";"35502"
"fethy.faradji@infopro-digital.com -> UserMercury@infopro-digital.com";"Documents/Referentiel-SIM_BIM.kdbx";"VERSION";"11.0";"11.0";"2025-03-03T10:01:16Z";"35614"
"fethy.faradji@infopro-digital.com -> UserMercury@infopro-digital.com";"Documents/Referentiel-SIM_BIM.kdbx";"VERSION";"12.0";"12.0";"2025-03-03T10:01:57Z";"35726"
"fethy.faradji@infopro-digital.com -> UserMercury@infopro-digital.com";"Documents/Referentiel-SIM_BIM.kdbx";"VERSION";"13.0";"13.0";"2025-03-03T10:02:32Z";"35822"
"fethy.faradji@infopro-digital.com -> UserMercury@infopro-digital.com";"Documents/Referentiel-SIM_BIM.kdbx";"VERSION";"14.0";"14.0";"2025-03-24T15:16:18Z";"35998"
"fethy.faradji@infopro-digital.com -> UserMercury@infopro-digital.com";"Documents/Referentiel-SIM_BIM.kdbx";"VERSION";"15.0";"15.0";"2025-04-15T14:03:00Z";"36110"
"fethy.faradji@infopro-digital.com -> UserMercury@infopro-digital.com";"Documents/Referentiel-SIM_BIM.kdbx";"VERSION";"16.0";"16.0";"2025-07-01T09:39:21Z";"35751"
"fethy.faradji@infopro-digital.com -> UserMercury@infopro-digital.com";"Documents/Referentiel-SIM_BIM.kdbx";"VERSION";"17.0";"17.0";"2025-09-09T09:23:31Z";"35959"
"fethy.faradji@infopro-digital.com -> UserMercury@infopro-digital.com";"Documents/Referentiel-SIM_BIM.kdbx";"VERSION";"18.0";"18.0";"2026-02-25T13:53:05Z";"36231"
"fethy.faradji@infopro-digital.com -> UserMercury@infopro-digital.com";"Documents/Referentiel-SIM_BIM.kdbx";"VERSION";"19.0";"19.0";"2026-02-25T14:05:16Z";"36327"
"fethy.faradji@infopro-digital.com -> UserMercury@infopro-digital.com";"Documents/Referentiel-SIM_BIM.kdbx";"VERSION";"20.0";"20.0";"2026-03-03T15:06:31Z";"36503"
"fethy.faradji@infopro-digital.com -> UserMercury@infopro-digital.com";"Documents/Referentiel-SIM_BIM.kdbx";"VERSION";"21.0";"21.0";"2026-03-06T08:52:47Z";"36743"
"fethy.faradji@infopro-digital.com -> UserMercury@infopro-digital.com";"Documents/Referentiel-SIM_BIM.kdbx";"VERSION";"22.0";"22.0";"2026-03-30T07:52:49Z";"37015"
"fethy.faradji@infopro-digital.com -> UserMercury@infopro-digital.com";"Documents/Referentiel-SIM_BIM.kdbx";"VERSION";"23.0";"23.0";"2026-03-30T07:53:41Z";"37159"
"fethy.faradji@infopro-digital.com -> UserMercury@infopro-digital.com";"Documents/Referentiel-SIM_BIM.kdbx";"VERSION";"24.0";"24.0";"2026-04-15T12:06:32Z";"37255"
"fethy.faradji@infopro-digital.com -> UserMercury@infopro-digital.com";"Documents/Referentiel-SIM_BIM.kdbx";"VERSION";"25.0";"25.0";"2026-05-27T13:49:03Z";"37895"
"fethy.faradji@infopro-digital.com -> UserMercury@infopro-digital.com";"Documents/Referentiel-SIM_BIM.kdbx";"VERSION";"26.0";"26.0";"2026-07-08T15:09:04Z";"38135"
"fethy.faradji@infopro-digital.com -> UserMercury@infopro-digital.com";"Documents/Referentiel-SIM_BIM.kdbx";"VERSION";"27.0";"27.0";"2026-07-15T14:25:00Z";"38423"
"fethy.faradji@infopro-digital.com -> UserMercury@infopro-digital.com";"Documents/Referentiel-SIM_BIM.kdbx";"VERSION";"28.0";"28.0";"2026-07-15T15:09:50Z";"38599"
"fethy.faradji@infopro-digital.com -> UserMercury@infopro-digital.com";"Documents/Referentiel-SIM_BIM.kdbx";"VERSION";"29.0";"29.0";"2026-07-29T12:16:40Z";"38791"
"fethy.faradji@infopro-digital.com -> UserMercury@infopro-digital.com";"Documents/Referentiel-SIM_BIM.kdbx";"VERSION";"30.0";"30.0";"2026-08-04T14:21:04Z";"38935"
"fethy.faradji@infopro-digital.com -> UserMercury@infopro-digital.com";"Documents/Referentiel-SIM_BIM.kdbx";"VERSION";"31.0";"32.0";"2026-09-03T13:10:44Z";"39447"
"fethy.faradji@infopro-digital.com -> UserMercury@infopro-digital.com";"Documents/retour intégration.docx";"VERSION";"1.0";"1.0";"2023-06-12T12:25:01Z";"113437"
"fethy.faradji@infopro-digital.com -> UserMercury@infopro-digital.com";"Documents/retour intégration.docx";"VERSION";"2.0";"2.0";"2023-06-12T12:25:31Z";"113636"
"fethy.faradji@infopro-digital.com -> UserMercury@infopro-digital.com";"Documents/retour intégration.docx";"VERSION";"3.0";"4.0";"2023-06-14T14:17:23Z";"12899"
"fethy.faradji@infopro-digital.com -> UserMercury@infopro-digital.com";"Documents/SLA - Incidents 24.csv";"VERSION";"1.0";"9.0";"2024-11-27T14:50:48Z";"3591"
"fethy.faradji@infopro-digital.com -> UserMercury@infopro-digital.com";"Documents/SLA - Incidents 36.csv";"VERSION";"1.0";"9.0";"2024-11-27T14:52:59Z";"4764"
"fethy.faradji@infopro-digital.com -> UserMercury@infopro-digital.com";"Documents/SLA - Incidents 48.csv";"VERSION";"1.0";"9.0";"2024-11-27T15:05:57Z";"4730"
"fethy.faradji@infopro-digital.com -> UserMercury@infopro-digital.com";"Documents/SLA - Incidents12.csv";"VERSION";"1.0";"9.0";"2024-11-27T14:45:24Z";"1760"
"fethy.faradji@infopro-digital.com -> UserMercury@infopro-digital.com";"Documents/smiley1.png";"VERSION";"1.0";"6.0";"2024-10-16T09:56:30Z";"19317"
"fethy.faradji@infopro-digital.com -> UserMercury@infopro-digital.com";"Documents/smiley1.xcf";"VERSION";"1.0";"9.0";"2024-10-16T09:53:44Z";"30734"
"fethy.faradji@infopro-digital.com -> UserMercury@infopro-digital.com";"Documents/smiley1_p.png";"VERSION";"1.0";"6.0";"2024-10-16T12:06:22Z";"955"
"fethy.faradji@infopro-digital.com -> UserMercury@infopro-digital.com";"Documents/smiley2.png";"VERSION";"1.0";"6.0";"2024-10-16T09:56:40Z";"16753"
"fethy.faradji@infopro-digital.com -> UserMercury@infopro-digital.com";"Documents/smiley2.xcf";"VERSION";"1.0";"9.0";"2024-10-16T09:54:05Z";"27614"
"fethy.faradji@infopro-digital.com -> UserMercury@infopro-digital.com";"Documents/smiley2_p.png";"VERSION";"1.0";"6.0";"2024-10-16T12:07:08Z";"964"
"fethy.faradji@infopro-digital.com -> UserMercury@infopro-digital.com";"Documents/smiley3.png";"VERSION";"1.0";"6.0";"2024-10-16T09:57:00Z";"13990"
"fethy.faradji@infopro-digital.com -> UserMercury@infopro-digital.com";"Documents/smiley3.xcf";"VERSION";"1.0";"9.0";"2024-10-16T09:56:45Z";"24872"
"fethy.faradji@infopro-digital.com -> UserMercury@infopro-digital.com";"Documents/smiley3_p.png";"VERSION";"1.0";"6.0";"2024-10-16T12:07:36Z";"878"
"fethy.faradji@infopro-digital.com -> UserMercury@infopro-digital.com";"Documents/smiley4.png";"VERSION";"1.0";"6.0";"2024-10-16T09:57:11Z";"17534"
"fethy.faradji@infopro-digital.com -> UserMercury@infopro-digital.com";"Documents/smiley4.xcf";"VERSION";"1.0";"9.0";"2024-10-16T09:54:38Z";"27030"
"fethy.faradji@infopro-digital.com -> UserMercury@infopro-digital.com";"Documents/smiley4_p.png";"VERSION";"1.0";"6.0";"2024-10-16T12:08:04Z";"1018"
"fethy.faradji@infopro-digital.com -> UserMercury@infopro-digital.com";"Documents/smiley5.png";"VERSION";"1.0";"6.0";"2024-10-16T09:57:21Z";"18109"
"fethy.faradji@infopro-digital.com -> UserMercury@infopro-digital.com";"Documents/smiley5.xcf";"VERSION";"1.0";"9.0";"2024-10-16T09:54:54Z";"29505"
"fethy.faradji@infopro-digital.com -> UserMercury@infopro-digital.com";"Documents/smiley5_p.png";"VERSION";"1.0";"6.0";"2024-10-16T12:09:39Z";"911"
"fethy.faradji@infopro-digital.com -> UserMercury@infopro-digital.com";"Documents/Spec_monimail_V1.5.docx";"VERSION";"1.0";"9.0";"2022-11-14T16:17:10Z";"2399878"
"fethy.faradji@infopro-digital.com -> UserMercury@infopro-digital.com";"Documents/Specs KPI Nameshield V1.1.docx";"VERSION";"1.0";"9.0";"2025-10-27T16:35:29Z";"135220"
"fethy.faradji@infopro-digital.com -> UserMercury@infopro-digital.com";"Documents/suport_monimail.xlsx";"VERSION";"1.0";"9.0";"2022-10-25T12:29:45Z";"9335"
"fethy.faradji@infopro-digital.com -> UserMercury@infopro-digital.com";"Documents/test.html";"VERSION";"1.0";"1.0";"2024-10-17T13:36:29Z";"193"
"fethy.faradji@infopro-digital.com -> UserMercury@infopro-digital.com";"Documents/test.html";"VERSION";"2.0";"2.0";"2024-10-17T13:37:18Z";"133"
"fethy.faradji@infopro-digital.com -> UserMercury@infopro-digital.com";"Documents/test.html";"VERSION";"3.0";"3.0";"2024-10-17T13:37:52Z";"135"
"fethy.faradji@infopro-digital.com -> UserMercury@infopro-digital.com";"Documents/test.html";"VERSION";"4.0";"4.0";"2024-10-17T13:38:27Z";"137"
"fethy.faradji@infopro-digital.com -> UserMercury@infopro-digital.com";"Documents/test.html";"VERSION";"5.0";"5.0";"2024-10-17T13:39:04Z";"134"
"fethy.faradji@infopro-digital.com -> UserMercury@infopro-digital.com";"Documents/test.html";"VERSION";"6.0";"6.0";"2024-10-17T13:39:06Z";"133"
"fethy.faradji@infopro-digital.com -> UserMercury@infopro-digital.com";"Documents/test.html";"VERSION";"7.0";"7.0";"2024-10-17T13:39:12Z";"135"
"fethy.faradji@infopro-digital.com -> UserMercury@infopro-digital.com";"Documents/test.html";"VERSION";"8.0";"8.0";"2024-10-17T13:39:41Z";"122"
"fethy.faradji@infopro-digital.com -> UserMercury@infopro-digital.com";"Documents/test.html";"VERSION";"9.0";"9.0";"2024-10-17T13:40:08Z";"120"
"fethy.faradji@infopro-digital.com -> UserMercury@infopro-digital.com";"Documents/test.html";"VERSION";"10.0";"10.0";"2024-10-17T13:41:17Z";"120"
"fethy.faradji@infopro-digital.com -> UserMercury@infopro-digital.com";"Documents/test.html";"VERSION";"11.0";"11.0";"2024-10-17T13:43:06Z";"132"
"fethy.faradji@infopro-digital.com -> UserMercury@infopro-digital.com";"Documents/test.html";"VERSION";"12.0";"12.0";"2024-10-17T13:43:17Z";"132"
"fethy.faradji@infopro-digital.com -> UserMercury@infopro-digital.com";"Documents/test.html";"VERSION";"13.0";"13.0";"2024-10-17T13:43:32Z";"134"
"fethy.faradji@infopro-digital.com -> UserMercury@infopro-digital.com";"Documents/test.html";"VERSION";"14.0";"14.0";"2024-10-17T13:44:23Z";"270"
"fethy.faradji@infopro-digital.com -> UserMercury@infopro-digital.com";"Documents/test.html";"VERSION";"15.0";"15.0";"2024-10-17T13:45:28Z";"270"
"fethy.faradji@infopro-digital.com -> UserMercury@infopro-digital.com";"Documents/test.html";"VERSION";"16.0";"16.0";"2024-10-17T14:47:17Z";"1469"
"fethy.faradji@infopro-digital.com -> UserMercury@infopro-digital.com";"Documents/test.html";"VERSION";"17.0";"17.0";"2024-10-17T15:03:27Z";"1201"
"fethy.faradji@infopro-digital.com -> UserMercury@infopro-digital.com";"Documents/test.html";"VERSION";"18.0";"18.0";"2024-10-17T15:05:06Z";"1331"
"fethy.faradji@infopro-digital.com -> UserMercury@infopro-digital.com";"Documents/test.html";"VERSION";"19.0";"20.0";"2024-10-17T15:05:28Z";"1331"
"fethy.faradji@infopro-digital.com -> UserMercury@infopro-digital.com";"Documents/Tickets résolus  -  Tous les groupes - APPS.csv";"VERSION";"1.0";"9.0";"2024-12-16T15:37:12Z";"9108"
"fethy.faradji@infopro-digital.com -> UserMercury@infopro-digital.com";"Documents/Tous les incidents résolus du mois en court.csv";"VERSION";"1.0";"9.0";"2024-11-27T14:08:47Z";"291723"
"fethy.faradji@infopro-digital.com -> UserMercury@infopro-digital.com";"Documents/transmition_maintenance.docx";"VERSION";"1.0";"1.0";"2024-01-18T15:09:47Z";"24187"
"fethy.faradji@infopro-digital.com -> UserMercury@infopro-digital.com";"Documents/transmition_maintenance.docx";"VERSION";"2.0";"3.0";"2024-01-23T16:08:11Z";"26988"
"fethy.faradji@infopro-digital.com -> UserMercury@infopro-digital.com";"Enregistrements/[présentation] les avoirs dans GAM-20220311_142351-Enregistrement de la réunion.mp4";"VERSION";"1.0";"3.0";"2022-03-11T13:35:43Z";"41569811"
"fethy.faradji@infopro-digital.com -> UserMercury@infopro-digital.com";"Enregistrements/Atelier évolution Monimail-20240503_143412-Enregistrement de la réunion.mp4";"VERSION";"1.0";"3.0";"2024-05-03T13:31:35Z";"177315179"
"fethy.faradji@infopro-digital.com -> UserMercury@infopro-digital.com";"Enregistrements/presentation avoirs-20220322_150330-Enregistrement de la réunion.mp4";"VERSION";"1.0";"3.0";"2022-03-22T14:18:24Z";"79814069"
"fethy.faradji@infopro-digital.com -> UserMercury@infopro-digital.com";"Favorites/Bing.url";"VERSION";"1.0";"9.0";"2021-03-15T09:51:59Z";"208"
"fethy.faradji@infopro-digital.com -> UserMercury@infopro-digital.com";"Fichiers de conversation Microsoft Teams/(fethi faradji) GRP058 - THP - Charte des administrateurs du SI - Fr_V2.0 (1).pdf";"VERSION";"1.0";"9.0";"2025-08-28T08:35:37Z";"207234"
"fethy.faradji@infopro-digital.com -> UserMercury@infopro-digital.com";"Fichiers de conversation Microsoft Teams/(fethi faradji) GRP058 - THP - Charte des administrateurs du SI - Fr_V2.0.pdf";"VERSION";"1.0";"9.0";"2025-07-31T08:41:49Z";"207234"
"fethy.faradji@infopro-digital.com -> UserMercury@infopro-digital.com";"Fichiers de conversation Microsoft Teams/.Logo_Mysupport_V6.png";"VERSION";"1.0";"6.0";"2024-09-26T12:28:17Z";"17638"
"fethy.faradji@infopro-digital.com -> UserMercury@infopro-digital.com";"Fichiers de conversation Microsoft Teams/.ssh.zip";"VERSION";"1.0";"9.0";"2022-10-04T15:40:47Z";"836"
"fethy.faradji@infopro-digital.com -> UserMercury@infopro-digital.com";"Fichiers de conversation Microsoft Teams/00 - drop tables.sql";"VERSION";"1.0";"9.0";"2023-06-12T13:19:23Z";"2023"
"fethy.faradji@infopro-digital.com -> UserMercury@infopro-digital.com";"Fichiers de conversation Microsoft Teams/01 - create tables.sql";"VERSION";"1.0";"9.0";"2023-06-12T13:19:24Z";"8309984"
"fethy.faradji@infopro-digital.com -> UserMercury@infopro-digital.com";"Fichiers de conversation Microsoft Teams/02-create_views.sql";"VERSION";"1.0";"9.0";"2023-06-22T13:08:12Z";"20396"
"fethy.faradji@infopro-digital.com -> UserMercury@infopro-digital.com";"Fichiers de conversation Microsoft Teams/03 - create_views.sql";"VERSION";"1.0";"9.0";"2023-06-12T14:07:35Z";"29079"
"fethy.faradji@infopro-digital.com -> UserMercury@infopro-digital.com";"Fichiers de conversation Microsoft Teams/1.png";"VERSION";"1.0";"6.0";"2025-10-27T15:07:58Z";"193468"
"fethy.faradji@infopro-digital.com -> UserMercury@infopro-digital.com";"Fichiers de conversation Microsoft Teams/1_5_xslTEXTEIM.xlsx";"VERSION";"1.0";"9.0";"2022-01-19T14:42:43Z";"14084"
"fethy.faradji@infopro-digital.com -> UserMercury@infopro-digital.com";"Fichiers de conversation Microsoft Teams/1_5_xslTEXTEIM.xsl";"VERSION";"1.0";"9.0";"2022-01-20T13:55:34Z";"87593"
"fethy.faradji@infopro-digital.com -> UserMercury@infopro-digital.com";"Fichiers de conversation Microsoft Teams/1_6_1_xslTEXTEIM.xlsx";"VERSION";"1.0";"1.0";"2022-01-19T14:42:43Z";"18968"
"fethy.faradji@infopro-digital.com -> UserMercury@infopro-digital.com";"Fichiers de conversation Microsoft Teams/1_6_1_xslTEXTEIM.xlsx";"VERSION";"2.0";"2.0";"2022-01-19T16:03:45Z";"18980"
"fethy.faradji@infopro-digital.com -> UserMercury@infopro-digital.com";"Fichiers de conversation Microsoft Teams/1_6_1_xslTEXTEIM.xlsx";"VERSION";"3.0";"3.0";"2022-01-19T16:17:54Z";"18980"
"fethy.faradji@infopro-digital.com -> UserMercury@infopro-digital.com";"Fichiers de conversation Microsoft Teams/1_6_1_xslTEXTEIM.xlsx";"VERSION";"4.0";"5.0";"2022-01-20T16:27:05Z";"18576"
"fethy.faradji@infopro-digital.com -> UserMercury@infopro-digital.com";"Fichiers de conversation Microsoft Teams/1_6_1_xslTEXTEIM.xsl";"VERSION";"1.0";"9.0";"2022-01-20T17:17:03Z";"137892"
"fethy.faradji@infopro-digital.com -> UserMercury@infopro-digital.com";"Fichiers de conversation Microsoft Teams/1_6_xslTEXTEIM.xlsx";"VERSION";"1.0";"9.0";"2022-01-19T14:42:43Z";"17456"
"fethy.faradji@infopro-digital.com -> UserMercury@infopro-digital.com";"Fichiers de conversation Microsoft Teams/1_7_xslTEXTEIM.xlsx";"VERSION";"1.0";"1.0";"2022-01-19T14:42:43Z";"19805"
"fethy.faradji@infopro-digital.com -> UserMercury@infopro-digital.com";"Fichiers de conversation Microsoft Teams/1_7_xslTEXTEIM.xlsx";"VERSION";"2.0";"3.0";"2022-01-19T15:36:24Z";"20515"
"fethy.faradji@infopro-digital.com -> UserMercury@infopro-digital.com";"Fichiers de conversation Microsoft Teams/2.png";"VERSION";"1.0";"6.0";"2025-10-27T15:07:58Z";"196876"
"fethy.faradji@infopro-digital.com -> UserMercury@infopro-digital.com";"Fichiers de conversation Microsoft Teams/2_1_xslTEXTEIM.xsl";"VERSION";"1.0";"1.0";"2022-01-20T14:49:57Z";"139064"
"fethy.faradji@infopro-digital.com -> UserMercury@infopro-digital.com";"Fichiers de conversation Microsoft Teams/2_1_xslTEXTEIM.xsl";"VERSION";"2.0";"3.0";"2022-02-17T16:55:03Z";"122772"
"fethy.faradji@infopro-digital.com -> UserMercury@infopro-digital.com";"Fichiers de conversation Microsoft Teams/2_1_xslTEXTEIM_OK1701.xsl";"VERSION";"1.0";"9.0";"2022-01-18T10:29:36Z";"139064"
"fethy.faradji@infopro-digital.com -> UserMercury@infopro-digital.com";"Fichiers de conversation Microsoft Teams/2022A2202069.PDF";"VERSION";"1.0";"9.0";"2022-04-07T13:45:34Z";"281869"
"fethy.faradji@infopro-digital.com -> UserMercury@infopro-digital.com";"Fichiers de conversation Microsoft Teams/202509 1.zip";"VERSION";"1.0";"9.0";"2025-11-19T13:42:22Z";"267205"
"fethy.faradji@infopro-digital.com -> UserMercury@infopro-digital.com";"Fichiers de conversation Microsoft Teams/202509.zip";"VERSION";"1.0";"9.0";"2025-11-18T14:28:56Z";"264529"
"fethy.faradji@infopro-digital.com -> UserMercury@infopro-digital.com";"Fichiers de conversation Microsoft Teams/25PubsManquantesCoteIT.xlsx";"VERSION";"1.0";"9.0";"2024-05-21T13:37:14Z";"11452"
"fethy.faradji@infopro-digital.com -> UserMercury@infopro-digital.com";"Fichiers de conversation Microsoft Teams/3211632.xca";"VERSION";"1.0";"9.0";"2024-04-30T15:15:13Z";"47158"
"fethy.faradji@infopro-digital.com -> UserMercury@infopro-digital.com";"Fichiers de conversation Microsoft Teams/3a5b0102-25ed-4898-a5ff-7e8cd477e4e0.webp";"VERSION";"1.0";"6.0";"2024-10-31T09:30:57Z";"582016"
"fethy.faradji@infopro-digital.com -> UserMercury@infopro-digital.com";"Fichiers de conversation Microsoft Teams/4082669.xca";"VERSION";"1.0";"9.0";"2024-04-30T15:15:13Z";"29718"
"fethy.faradji@infopro-digital.com -> UserMercury@infopro-digital.com";"Fichiers de conversation Microsoft Teams/4218069_20250703_25vs14_pub_boamp.pdf";"VERSION";"1.0";"9.0";"2025-07-07T08:53:58Z";"1804405"
"fethy.faradji@infopro-digital.com -> UserMercury@infopro-digital.com";"Fichiers de conversation Microsoft Teams/617697e8-6137-4992-9d4b-98f082d92bde.png";"VERSION";"1.0";"6.0";"2025-09-10T09:00:01Z";"1724173"
"fethy.faradji@infopro-digital.com -> UserMercury@infopro-digital.com";"Fichiers de conversation Microsoft Teams/720322959.pdf";"VERSION";"1.0";"9.0";"2023-05-25T10:00:47Z";"716800"
"fethy.faradji@infopro-digital.com -> UserMercury@infopro-digital.com";"Fichiers de conversation Microsoft Teams/ABACCA.sql";"VERSION";"1.0";"1.0";"2022-05-31T13:20:58Z";"733472"
"fethy.faradji@infopro-digital.com -> UserMercury@infopro-digital.com";"Fichiers de conversation Microsoft Teams/ABACCA.sql";"VERSION";"2.0";"3.0";"2022-05-31T13:44:49Z";"733472"
"fethy.faradji@infopro-digital.com -> UserMercury@infopro-digital.com";"Fichiers de conversation Microsoft Teams/AcceptedDomains_2025-03-28.csv";"VERSION";"1.0";"9.0";"2025-03-28T09:52:08Z";"45374"
"fethy.faradji@infopro-digital.com -> UserMercury@infopro-digital.com";"Fichiers de conversation Microsoft Teams/account_manquant.csv";"VERSION";"1.0";"9.0";"2023-10-25T16:10:06Z";"11043"
"fethy.faradji@infopro-digital.com -> UserMercury@infopro-digital.com";"Fichiers de conversation Microsoft Teams/activité apres le 15.txt";"VERSION";"1.0";"9.0";"2023-10-06T15:04:05Z";"3577"
"fethy.faradji@infopro-digital.com -> UserMercury@infopro-digital.com";"Fichiers de conversation Microsoft Teams/activité_20231130.xlsx";"VERSION";"1.0";"9.0";"2023-11-30T16:49:22Z";"1436039"
"fethy.faradji@infopro-digital.com -> UserMercury@infopro-digital.com";"Fichiers de conversation Microsoft Teams/adresse_a_corriger.xlsx";"VERSION";"1.0";"9.0";"2023-12-12T13:27:45Z";"81071"
"fethy.faradji@infopro-digital.com -> UserMercury@infopro-digital.com";"Fichiers de conversation Microsoft Teams/Ajout_SIRET.xlsx";"VERSION";"1.0";"1.0";"2023-10-16T12:10:16Z";"10265"
"fethy.faradji@infopro-digital.com -> UserMercury@infopro-digital.com";"Fichiers de conversation Microsoft Teams/ALIM_TABLE_SF 1.sql";"VERSION";"1.0";"9.0";"2025-01-29T08:55:17Z";"104220"
"fethy.faradji@infopro-digital.com -> UserMercury@infopro-digital.com";"Fichiers de conversation Microsoft Teams/ALIM_TABLE_SF 2.sql";"VERSION";"1.0";"9.0";"2025-02-19T15:54:10Z";"102767"
"fethy.faradji@infopro-digital.com -> UserMercury@infopro-digital.com";"Fichiers de conversation Microsoft Teams/ALIM_TABLE_SF.sql";"VERSION";"1.0";"9.0";"2025-01-13T09:33:39Z";"112488"
"fethy.faradji@infopro-digital.com -> UserMercury@infopro-digital.com";"Fichiers de conversation Microsoft Teams/ALIM_TABLE_SF_sauv_body_V3.sql";"VERSION";"1.0";"9.0";"2024-06-10T07:28:30Z";"104628"
"fethy.faradji@infopro-digital.com -> UserMercury@infopro-digital.com";"Fichiers de conversation Microsoft Teams/ALIM_TABLE_SF_sauv_spec_V3.sql";"VERSION";"1.0";"9.0";"2024-06-10T07:28:33Z";"1034"
"fethy.faradji@infopro-digital.com -> UserMercury@infopro-digital.com";"Fichiers de conversation Microsoft Teams/AlIM_TABLE_SF_spec.sql";"VERSION";"1.0";"9.0";"2025-06-03T07:55:55Z";"834"
"fethy.faradji@infopro-digital.com -> UserMercury@infopro-digital.com";"Fichiers de conversation Microsoft Teams/ALTER TABLE [dbo].[PUB_PUBLICATIONS_DEMAT].sql";"VERSION";"1.0";"9.0";"2022-04-19T07:45:19Z";"1284"
"fethy.faradji@infopro-digital.com -> UserMercury@infopro-digital.com";"Fichiers de conversation Microsoft Teams/Analyse SIM vs SF - 20241107 2.xlsx";"VERSION";"1.0";"9.0";"2024-11-12T16:00:30Z";"287875"
"fethy.faradji@infopro-digital.com -> UserMercury@infopro-digital.com";"Fichiers de conversation Microsoft Teams/analyse siret SIM VS SF 1.xlsx";"VERSION";"1.0";"9.0";"2024-06-12T14:02:21Z";"7359930"
"fethy.faradji@infopro-digital.com -> UserMercury@infopro-digital.com";"Fichiers de conversation Microsoft Teams/analyse siret SIM VS SF.xlsx";"VERSION";"2.0";"3.0";"2024-06-12T09:30:01Z";"7238406"
"fethy.faradji@infopro-digital.com -> UserMercury@infopro-digital.com";"Fichiers de conversation Microsoft Teams/analyse_partenariat.xlsx";"VERSION";"1.0";"1.0";"2024-04-17T13:53:01Z";"24328"
"fethy.faradji@infopro-digital.com -> UserMercury@infopro-digital.com";"Fichiers de conversation Microsoft Teams/analyse_partenariat.xlsx";"VERSION";"2.0";"2.0";"2024-04-17T14:02:08Z";"26535"
"fethy.faradji@infopro-digital.com -> UserMercury@infopro-digital.com";"Fichiers de conversation Microsoft Teams/analyse_partenariat.xlsx";"VERSION";"3.0";"3.0";"2024-04-17T14:28:48Z";"26538"
"fethy.faradji@infopro-digital.com -> UserMercury@infopro-digital.com";"Fichiers de conversation Microsoft Teams/analyse_partenariat.xlsx";"VERSION";"4.0";"4.0";"2024-04-30T09:14:03Z";"31688"
"fethy.faradji@infopro-digital.com -> UserMercury@infopro-digital.com";"Fichiers de conversation Microsoft Teams/analyse_partenariat.xlsx";"VERSION";"5.0";"5.0";"2024-04-30T09:29:22Z";"31695"
"fethy.faradji@infopro-digital.com -> UserMercury@infopro-digital.com";"Fichiers de conversation Microsoft Teams/analyse_partenariat.xlsx";"VERSION";"6.0";"7.0";"2024-04-30T09:56:58Z";"31583"
"fethy.faradji@infopro-digital.com -> UserMercury@infopro-digital.com";"Fichiers de conversation Microsoft Teams/Analyses Factures Packs 2024-11-26 _retour.xlsx";"VERSION";"1.0";"9.0";"2024-12-02T15:09:16Z";"3415449"
"fethy.faradji@infopro-digital.com -> UserMercury@infopro-digital.com";"Fichiers de conversation Microsoft Teams/AnalyseSF_20240809_v2.xlsx";"VERSION";"1.0";"9.0";"2024-08-19T09:11:17Z";"12616551"
"fethy.faradji@infopro-digital.com -> UserMercury@infopro-digital.com";"Fichiers de conversation Microsoft Teams/AO_8949863-1.xml";"VERSION";"1.0";"9.0";"2023-03-24T10:42:14Z";"10321"
"fethy.faradji@infopro-digital.com -> UserMercury@infopro-digital.com";"Fichiers de conversation Microsoft Teams/AO_AM_20240220 1.xlsx";"VERSION";"1.0";"9.0";"2024-02-20T10:49:23Z";"587343"
"fethy.faradji@infopro-digital.com -> UserMercury@infopro-digital.com";"Fichiers de conversation Microsoft Teams/AO_AM_20240220 2.xlsx";"VERSION";"1.0";"9.0";"2024-02-20T10:51:10Z";"627881"
"fethy.faradji@infopro-digital.com -> UserMercury@infopro-digital.com";"Fichiers de conversation Microsoft Teams/AO_AM_20240220 3.xlsx";"VERSION";"1.0";"1.0";"2024-02-20T10:52:57Z";"611551"
"fethy.faradji@infopro-digital.com -> UserMercury@infopro-digital.com";"Fichiers de conversation Microsoft Teams/AO_AM_20240220 3.xlsx";"VERSION";"2.0";"3.0";"2024-02-20T10:53:30Z";"601127"
"fethy.faradji@infopro-digital.com -> UserMercury@infopro-digital.com";"Fichiers de conversation Microsoft Teams/AO_AM_20240220.xlsx";"VERSION";"1.0";"9.0";"2024-02-20T10:20:39Z";"587343"
"fethy.faradji@infopro-digital.com -> UserMercury@infopro-digital.com";"Fichiers de conversation Microsoft Teams/AO_AM_20240220_2.xlsx";"VERSION";"1.0";"9.0";"2024-02-20T15:11:44Z";"608840"
"fethy.faradji@infopro-digital.com -> UserMercury@infopro-digital.com";"Fichiers de conversation Microsoft Teams/AO_AM_20240221 1.xlsx";"VERSION";"1.0";"9.0";"2024-02-21T16:12:38Z";"705416"
"fethy.faradji@infopro-digital.com -> UserMercury@infopro-digital.com";"Fichiers de conversation Microsoft Teams/AO_AM_20240221.xlsx";"VERSION";"1.0";"9.0";"2024-02-21T15:47:15Z";"691169"
"fethy.faradji@infopro-digital.com -> UserMercury@infopro-digital.com";"Fichiers de conversation Microsoft Teams/AO_AM_20240221_2 1.xlsx";"VERSION";"1.0";"1.0";"2024-03-05T10:41:19Z";"705416"
"fethy.faradji@infopro-digital.com -> UserMercury@infopro-digital.com";"Fichiers de conversation Microsoft Teams/AO_AM_20240221_2.xlsx";"VERSION";"1.0";"1.0";"2024-02-21T16:14:03Z";"705416"
"fethy.faradji@infopro-digital.com -> UserMercury@infopro-digital.com";"Fichiers de conversation Microsoft Teams/AO_AM_20240221_2.xlsx";"VERSION";"2.0";"3.0";"2024-02-21T16:15:16Z";"699133"
"fethy.faradji@infopro-digital.com -> UserMercury@infopro-digital.com";"Fichiers de conversation Microsoft Teams/AO_AM_PUB_03-12-2021.xls";"VERSION";"1.0";"9.0";"2021-12-06T15:03:40Z";"7288038"
"fethy.faradji@infopro-digital.com -> UserMercury@infopro-digital.com";"Fichiers de conversation Microsoft Teams/AO_AM_PUB_gratuit_03-12-2021.xls";"VERSION";"1.0";"9.0";"2021-12-06T15:38:23Z";"5569440"
"fethy.faradji@infopro-digital.com -> UserMercury@infopro-digital.com";"Fichiers de conversation Microsoft Teams/AO_AM_PUB_payant_03-12-2021.xls";"VERSION";"1.0";"9.0";"2021-12-06T15:39:16Z";"1722368"
"fethy.faradji@infopro-digital.com -> UserMercury@infopro-digital.com";"Fichiers de conversation Microsoft Teams/AO_AM_PUB_payant_03-12-2021-2.xls";"VERSION";"1.0";"9.0";"2021-12-06T15:45:57Z";"11567"
"fethy.faradji@infopro-digital.com -> UserMercury@infopro-digital.com";"Fichiers de conversation Microsoft Teams/Appel avec Dream teams _ Microsoft Teams 2021-04-14 09-45-34.mp4";"VERSION";"1.0";"3.0";"2021-04-14T07:54:48Z";"5703367"
"fethy.faradji@infopro-digital.com -> UserMercury@infopro-digital.com";"Fichiers de conversation Microsoft Teams/Architecture_globale.pptx";"VERSION";"1.0";"1.0";"2022-03-08T10:58:30Z";"236773"
"fethy.faradji@infopro-digital.com -> UserMercury@infopro-digital.com";"Fichiers de conversation Microsoft Teams/Architecture_globale.pptx";"VERSION";"2.0";"3.0";"2022-03-08T10:59:51Z";"237459"
"fethy.faradji@infopro-digital.com -> UserMercury@infopro-digital.com";"Fichiers de conversation Microsoft Teams/ATTESTATION SUR L HONNEUR TELETRAVAIL.docx";"VERSION";"1.0";"1.0";"2025-08-27T15:12:45Z";"21223"
"fethy.faradji@infopro-digital.com -> UserMercury@infopro-digital.com";"Fichiers de conversation Microsoft Teams/ATTESTATION SUR L HONNEUR TELETRAVAIL.docx";"VERSION";"2.0";"3.0";"2025-08-27T15:16:52Z";"17474"
"fethy.faradji@infopro-digital.com -> UserMercury@infopro-digital.com";"Fichiers de conversation Microsoft Teams/AttunitySSISTeraAdaptersSetupX64.msi";"VERSION";"1.0";"9.0";"2022-02-08T09:35:23Z";"5997056"
"fethy.faradji@infopro-digital.com -> UserMercury@infopro-digital.com";"Fichiers de conversation Microsoft Teams/avis.csv";"VERSION";"1.0";"9.0";"2024-07-11T09:58:54Z";"127863"
"fethy.faradji@infopro-digital.com -> UserMercury@infopro-digital.com";"Fichiers de conversation Microsoft Teams/avis.xlsx";"VERSION";"1.0";"9.0";"2024-03-12T13:52:19Z";"597614"
"fethy.faradji@infopro-digital.com -> UserMercury@infopro-digital.com";"Fichiers de conversation Microsoft Teams/avis__c 1.csv";"VERSION";"1.0";"9.0";"2024-10-21T08:34:09Z";"64529846"
"fethy.faradji@infopro-digital.com -> UserMercury@infopro-digital.com";"Fichiers de conversation Microsoft Teams/avis__c.csv";"VERSION";"1.0";"9.0";"2024-10-21T07:50:01Z";"70127075"
"fethy.faradji@infopro-digital.com -> UserMercury@infopro-digital.com";"Fichiers de conversation Microsoft Teams/Avis__c_mep_20230920.xlsx";"VERSION";"1.0";"1.0";"2023-09-20T09:26:10Z";"3227357"
"fethy.faradji@infopro-digital.com -> UserMercury@infopro-digital.com";"Fichiers de conversation Microsoft Teams/Avis__c_mep_20230920.xlsx";"VERSION";"2.0";"2.0";"2023-10-11T09:50:10Z";"3201933"
"fethy.faradji@infopro-digital.com -> UserMercury@infopro-digital.com";"Fichiers de conversation Microsoft Teams/Avis__c_mep_20230920.xlsx";"VERSION";"3.0";"3.0";"2023-10-12T09:47:27Z";"3201964"
"fethy.faradji@infopro-digital.com -> UserMercury@infopro-digital.com";"Fichiers de conversation Microsoft Teams/Avis__c_mep_20230920.xlsx";"VERSION";"4.0";"5.0";"2023-10-12T09:59:46Z";"3201976"
"fethy.faradji@infopro-digital.com -> UserMercury@infopro-digital.com";"Fichiers de conversation Microsoft Teams/Avis__c_prod3.xlsx";"VERSION";"2.0";"3.0";"2023-10-11T09:52:17Z";"5889043"
"fethy.faradji@infopro-digital.com -> UserMercury@infopro-digital.com";"Fichiers de conversation Microsoft Teams/avis__c_R.csv";"VERSION";"1.0";"9.0";"2024-11-04T09:01:42Z";"12280421"
"fethy.faradji@infopro-digital.com -> UserMercury@infopro-digital.com";"Fichiers de conversation Microsoft Teams/avis_a_supprimé.csv";"VERSION";"1.0";"9.0";"2024-06-28T10:00:02Z";"5345965"
"fethy.faradji@infopro-digital.com -> UserMercury@infopro-digital.com";"Fichiers de conversation Microsoft Teams/avis_lot_1.csv";"VERSION";"1.0";"9.0";"2024-06-21T09:04:46Z";"12167745"
"fethy.faradji@infopro-digital.com -> UserMercury@infopro-digital.com";"Fichiers de conversation Microsoft Teams/avis_lot_2.csv";"VERSION";"1.0";"9.0";"2024-06-21T10:33:32Z";"4289880"
"fethy.faradji@infopro-digital.com -> UserMercury@infopro-digital.com";"Fichiers de conversation Microsoft Teams/avis_manquant.xlsx";"VERSION";"2.0";"3.0";"2023-10-11T09:52:06Z";"35526466"
"fethy.faradji@infopro-digital.com -> UserMercury@infopro-digital.com";"Fichiers de conversation Microsoft Teams/avis_sauv20240628.csv";"VERSION";"1.0";"9.0";"2024-06-28T09:47:08Z";"417360159"
"fethy.faradji@infopro-digital.com -> UserMercury@infopro-digital.com";"Fichiers de conversation Microsoft Teams/Avis_SF.xlsx";"VERSION";"1.0";"1.0";"2023-09-04T09:23:52Z";"3831591"
"fethy.faradji@infopro-digital.com -> UserMercury@infopro-digital.com";"Fichiers de conversation Microsoft Teams/Avis_SF.xlsx";"VERSION";"2.0";"3.0";"2023-09-04T10:15:02Z";"3570910"
"fethy.faradji@infopro-digital.com -> UserMercury@infopro-digital.com";"Fichiers de conversation Microsoft Teams/AVIS_SF_02.xlsx";"VERSION";"1.0";"9.0";"2023-11-13T13:56:00Z";"14235120"
"fethy.faradji@infopro-digital.com -> UserMercury@infopro-digital.com";"Fichiers de conversation Microsoft Teams/AVIS_SF_03.xlsx";"VERSION";"1.0";"9.0";"2023-11-13T13:56:00Z";"14529118"
"fethy.faradji@infopro-digital.com -> UserMercury@infopro-digital.com";"Fichiers de conversation Microsoft Teams/AVIS_SF_04.xlsx";"VERSION";"1.0";"9.0";"2023-11-13T13:56:00Z";"15898918"
"fethy.faradji@infopro-digital.com -> UserMercury@infopro-digital.com";"Fichiers de conversation Microsoft Teams/AVIS_SF_05.xlsx";"VERSION";"1.0";"9.0";"2023-11-13T13:56:00Z";"13657573"
"fethy.faradji@infopro-digital.com -> UserMercury@infopro-digital.com";"Fichiers de conversation Microsoft Teams/AVIS_SF_06.xlsx";"VERSION";"1.0";"9.0";"2023-11-13T13:56:00Z";"14351253"
"fethy.faradji@infopro-digital.com -> UserMercury@infopro-digital.com";"Fichiers de conversation Microsoft Teams/AVIS_SF_08.xlsx";"VERSION";"1.0";"9.0";"2023-11-13T13:55:53Z";"9776031"
"fethy.faradji@infopro-digital.com -> UserMercury@infopro-digital.com";"Fichiers de conversation Microsoft Teams/AVIS_SF_09.xlsx";"VERSION";"1.0";"9.0";"2023-11-14T15:02:19Z";"17316367"
"fethy.faradji@infopro-digital.com -> UserMercury@infopro-digital.com";"Fichiers de conversation Microsoft Teams/AVIS_SF_10.xlsx";"VERSION";"1.0";"9.0";"2023-11-14T15:02:17Z";"14071832"
"fethy.faradji@infopro-digital.com -> UserMercury@infopro-digital.com";"Fichiers de conversation Microsoft Teams/avis_sf_prod.xlsx";"VERSION";"1.0";"9.0";"2023-09-05T13:41:25Z";"32004393"
"fethy.faradji@infopro-digital.com -> UserMercury@infopro-digital.com";"Fichiers de conversation Microsoft Teams/AvisModel.cs";"VERSION";"1.0";"9.0";"2022-10-20T08:07:02Z";"4880"
"fethy.faradji@infopro-digital.com -> UserMercury@infopro-digital.com";"Fichiers de conversation Microsoft Teams/AvisParStatut (1) vérifiés.xlsx";"VERSION";"1.0";"1.0";"2022-08-18T09:49:04Z";"23082"
"fethy.faradji@infopro-digital.com -> UserMercury@infopro-digital.com";"Fichiers de conversation Microsoft Teams/AvisParStatut (11).xlsx";"VERSION";"1.0";"1.0";"2022-08-18T08:50:36Z";"18708"
"fethy.faradji@infopro-digital.com -> UserMercury@infopro-digital.com";"Fichiers de conversation Microsoft Teams/avis-sans-texte.xlsx";"VERSION";"1.0";"1.0";"2023-02-02T08:56:13Z";"21159"
"fethy.faradji@infopro-digital.com -> UserMercury@infopro-digital.com";"Fichiers de conversation Microsoft Teams/avisSimplifie_AOPUB.xsl";"VERSION";"1.0";"9.0";"2022-01-07T10:04:40Z";"17942"
"fethy.faradji@infopro-digital.com -> UserMercury@infopro-digital.com";"Fichiers de conversation Microsoft Teams/avisSimplifie_xslTEXTEIM.xsl";"VERSION";"1.0";"9.0";"2022-01-07T10:04:40Z";"1082"
"fethy.faradji@infopro-digital.com -> UserMercury@infopro-digital.com";"Fichiers de conversation Microsoft Teams/b44e2b7c-45c1-46e6-8be9-f32e2123e102.jpg";"VERSION";"1.0";"6.0";"2024-10-31T09:30:57Z";"489740"
"fethy.faradji@infopro-digital.com -> UserMercury@infopro-digital.com";"Fichiers de conversation Microsoft Teams/beebol_Fethi.csv";"VERSION";"1.0";"9.0";"2025-05-14T08:41:53Z";"21335"
"fethy.faradji@infopro-digital.com -> UserMercury@infopro-digital.com";"Fichiers de conversation Microsoft Teams/BIM_SF.7z";"VERSION";"1.0";"9.0";"2022-09-23T09:31:27Z";"45653"
"fethy.faradji@infopro-digital.com -> UserMercury@infopro-digital.com";"Fichiers de conversation Microsoft Teams/BIM_SF.ispac";"VERSION";"1.0";"1.0";"2022-11-24T10:36:56Z";"25722"
"fethy.faradji@infopro-digital.com -> UserMercury@infopro-digital.com";"Fichiers de conversation Microsoft Teams/BIM_SF.ispac";"VERSION";"2.0";"2.0";"2022-11-24T11:02:42Z";"25722"
"fethy.faradji@infopro-digital.com -> UserMercury@infopro-digital.com";"Fichiers de conversation Microsoft Teams/BIM_SF.ispac";"VERSION";"3.0";"3.0";"2023-01-13T14:21:39Z";"38868"
"fethy.faradji@infopro-digital.com -> UserMercury@infopro-digital.com";"Fichiers de conversation Microsoft Teams/BIM_SF.ispac";"VERSION";"4.0";"4.0";"2023-02-15T15:49:11Z";"43910"
"fethy.faradji@infopro-digital.com -> UserMercury@infopro-digital.com";"Fichiers de conversation Microsoft Teams/BIM_SF.ispac";"VERSION";"5.0";"5.0";"2023-02-16T14:19:24Z";"43872"
"fethy.faradji@infopro-digital.com -> UserMercury@infopro-digital.com";"Fichiers de conversation Microsoft Teams/BIM_SF.ispac";"VERSION";"6.0";"7.0";"2023-03-10T13:46:03Z";"43766"
"fethy.faradji@infopro-digital.com -> UserMercury@infopro-digital.com";"Fichiers de conversation Microsoft Teams/BIM_SF.zip";"VERSION";"1.0";"1.0";"2022-09-26T12:56:30Z";"84480"
"fethy.faradji@infopro-digital.com -> UserMercury@infopro-digital.com";"Fichiers de conversation Microsoft Teams/BIM_SF.zip";"VERSION";"2.0";"3.0";"2022-11-24T08:52:09Z";"62525"
"fethy.faradji@infopro-digital.com -> UserMercury@infopro-digital.com";"Fichiers de conversation Microsoft Teams/BIM_SSIS  - 27-07.7z";"VERSION";"1.0";"1.0";"2022-09-21T08:59:50Z";"3427997"
"fethy.faradji@infopro-digital.com -> UserMercury@infopro-digital.com";"Fichiers de conversation Microsoft Teams/BIM_SSIS  - 27-07.7z";"VERSION";"2.0";"2.0";"2022-09-21T09:50:48Z";"3427891"
"fethy.faradji@infopro-digital.com -> UserMercury@infopro-digital.com";"Fichiers de conversation Microsoft Teams/BIM_SSIS  - 27-07.7z";"VERSION";"3.0";"4.0";"2022-09-22T08:05:46Z";"3430044"
"fethy.faradji@infopro-digital.com -> UserMercury@infopro-digital.com";"Fichiers de conversation Microsoft Teams/BIM_SSIS - Microsoft Visual Studio (Administrateur) 2022-06-28 14-11-52.mp4";"VERSION";"1.0";"3.0";"2022-07-01T14:34:28Z";"292997659"
"fethy.faradji@infopro-digital.com -> UserMercury@infopro-digital.com";"Fichiers de conversation Microsoft Teams/BIM_SSIS - Microsoft Visual Studio (Administrateur) 2022-06-28 14-20-19.mp4";"VERSION";"1.0";"3.0";"2022-07-01T14:32:16Z";"1394830"
"fethy.faradji@infopro-digital.com -> UserMercury@infopro-digital.com";"Fichiers de conversation Microsoft Teams/BIM_SSIS - Microsoft Visual Studio (Administrateur) 2022-06-28 14-20-21.mp4";"VERSION";"1.0";"3.0";"2022-07-01T14:39:35Z";"990960346"
"fethy.faradji@infopro-digital.com -> UserMercury@infopro-digital.com";"Fichiers de conversation Microsoft Teams/BIM_SSIS 1.ispac";"VERSION";"1.0";"9.0";"2023-10-26T08:09:32Z";"719146"
"fethy.faradji@infopro-digital.com -> UserMercury@infopro-digital.com";"Fichiers de conversation Microsoft Teams/BIM_SSIS 10.ispac";"VERSION";"1.0";"9.0";"2025-12-03T14:44:44Z";"839079"
"fethy.faradji@infopro-digital.com -> UserMercury@infopro-digital.com";"Fichiers de conversation Microsoft Teams/BIM_SSIS 2.ispac";"VERSION";"1.0";"9.0";"2023-12-13T10:51:18Z";"719301"
"fethy.faradji@infopro-digital.com -> UserMercury@infopro-digital.com";"Fichiers de conversation Microsoft Teams/BIM_SSIS -20230120.zip";"VERSION";"1.0";"9.0";"2023-01-20T10:08:48Z";"3377738"
"fethy.faradji@infopro-digital.com -> UserMercury@infopro-digital.com";"Fichiers de conversation Microsoft Teams/BIM_SSIS 3.ispac";"VERSION";"1.0";"9.0";"2025-06-03T13:11:44Z";"720165"
"fethy.faradji@infopro-digital.com -> UserMercury@infopro-digital.com";"Fichiers de conversation Microsoft Teams/BIM_SSIS 4.ispac";"VERSION";"1.0";"9.0";"2025-08-05T08:44:20Z";"721186"
"fethy.faradji@infopro-digital.com -> UserMercury@infopro-digital.com";"Fichiers de conversation Microsoft Teams/BIM_SSIS 5.ispac";"VERSION";"1.0";"9.0";"2025-08-05T08:50:33Z";"721050"
"fethy.faradji@infopro-digital.com -> UserMercury@infopro-digital.com";"Fichiers de conversation Microsoft Teams/BIM_SSIS 6.ispac";"VERSION";"1.0";"9.0";"2025-09-02T12:15:15Z";"721053"
"fethy.faradji@infopro-digital.com -> UserMercury@infopro-digital.com";"Fichiers de conversation Microsoft Teams/BIM_SSIS 7.ispac";"VERSION";"1.0";"9.0";"2025-11-26T08:36:39Z";"721072"
"fethy.faradji@infopro-digital.com -> UserMercury@infopro-digital.com";"Fichiers de conversation Microsoft Teams/BIM_SSIS 8.ispac";"VERSION";"1.0";"9.0";"2025-11-26T09:00:12Z";"721122"
"fethy.faradji@infopro-digital.com -> UserMercury@infopro-digital.com";"Fichiers de conversation Microsoft Teams/BIM_SSIS 9.ispac";"VERSION";"1.0";"9.0";"2025-11-27T13:55:48Z";"720641"
"fethy.faradji@infopro-digital.com -> UserMercury@infopro-digital.com";"Fichiers de conversation Microsoft Teams/BIM_SSIS.7z";"VERSION";"1.0";"9.0";"2022-05-19T09:12:08Z";"2233074"
"fethy.faradji@infopro-digital.com -> UserMercury@infopro-digital.com";"Fichiers de conversation Microsoft Teams/BIM_SSIS.ispac";"VERSION";"1.0";"1.0";"2022-09-27T09:23:43Z";"719181"
"fethy.faradji@infopro-digital.com -> UserMercury@infopro-digital.com";"Fichiers de conversation Microsoft Teams/BIM_SSIS.ispac";"VERSION";"2.0";"2.0";"2022-09-27T12:14:12Z";"719276"
"fethy.faradji@infopro-digital.com -> UserMercury@infopro-digital.com";"Fichiers de conversation Microsoft Teams/BIM_SSIS.ispac";"VERSION";"3.0";"3.0";"2022-09-27T14:39:27Z";"719296"
"fethy.faradji@infopro-digital.com -> UserMercury@infopro-digital.com";"Fichiers de conversation Microsoft Teams/BIM_SSIS.ispac";"VERSION";"4.0";"4.0";"2022-09-28T07:27:32Z";"719307"
"fethy.faradji@infopro-digital.com -> UserMercury@infopro-digital.com";"Fichiers de conversation Microsoft Teams/BIM_SSIS.ispac";"VERSION";"5.0";"5.0";"2022-09-28T07:36:26Z";"719325"
"fethy.faradji@infopro-digital.com -> UserMercury@infopro-digital.com";"Fichiers de conversation Microsoft Teams/BIM_SSIS.ispac";"VERSION";"6.0";"6.0";"2022-10-12T12:30:40Z";"719146"
"fethy.faradji@infopro-digital.com -> UserMercury@infopro-digital.com";"Fichiers de conversation Microsoft Teams/BIM_SSIS.ispac";"VERSION";"7.0";"7.0";"2022-10-19T07:39:09Z";"719088"
"fethy.faradji@infopro-digital.com -> UserMercury@infopro-digital.com";"Fichiers de conversation Microsoft Teams/BIM_SSIS.ispac";"VERSION";"8.0";"8.0";"2023-01-05T08:59:24Z";"625945"
"fethy.faradji@infopro-digital.com -> UserMercury@infopro-digital.com";"Fichiers de conversation Microsoft Teams/BIM_SSIS.ispac";"VERSION";"9.0";"9.0";"2023-01-05T09:51:40Z";"628222"
"fethy.faradji@infopro-digital.com -> UserMercury@infopro-digital.com";"Fichiers de conversation Microsoft Teams/BIM_SSIS.ispac";"VERSION";"10.0";"10.0";"2023-01-09T09:58:23Z";"713693"
"fethy.faradji@infopro-digital.com -> UserMercury@infopro-digital.com";"Fichiers de conversation Microsoft Teams/BIM_SSIS.ispac";"VERSION";"11.0";"11.0";"2023-01-20T10:07:53Z";"714170"
"fethy.faradji@infopro-digital.com -> UserMercury@infopro-digital.com";"Fichiers de conversation Microsoft Teams/BIM_SSIS.ispac";"VERSION";"12.0";"12.0";"2023-01-20T14:00:58Z";"716233"
"fethy.faradji@infopro-digital.com -> UserMercury@infopro-digital.com";"Fichiers de conversation Microsoft Teams/BIM_SSIS.ispac";"VERSION";"13.0";"13.0";"2023-01-20T14:03:54Z";"716233"
"fethy.faradji@infopro-digital.com -> UserMercury@infopro-digital.com";"Fichiers de conversation Microsoft Teams/BIM_SSIS.ispac";"VERSION";"14.0";"14.0";"2023-02-15T15:36:16Z";"716295"
"fethy.faradji@infopro-digital.com -> UserMercury@infopro-digital.com";"Fichiers de conversation Microsoft Teams/BIM_SSIS.ispac";"VERSION";"15.0";"15.0";"2023-06-22T07:48:35Z";"716425"
"fethy.faradji@infopro-digital.com -> UserMercury@infopro-digital.com";"Fichiers de conversation Microsoft Teams/BIM_SSIS.ispac";"VERSION";"16.0";"16.0";"2023-06-26T15:30:59Z";"720554"
"fethy.faradji@infopro-digital.com -> UserMercury@infopro-digital.com";"Fichiers de conversation Microsoft Teams/BIM_SSIS.ispac";"VERSION";"17.0";"17.0";"2023-06-29T13:55:05Z";"716356"
"fethy.faradji@infopro-digital.com -> UserMercury@infopro-digital.com";"Fichiers de conversation Microsoft Teams/BIM_SSIS.ispac";"VERSION";"18.0";"18.0";"2023-06-30T08:25:49Z";"716364"
"fethy.faradji@infopro-digital.com -> UserMercury@infopro-digital.com";"Fichiers de conversation Microsoft Teams/BIM_SSIS.ispac";"VERSION";"19.0";"19.0";"2023-07-20T13:16:24Z";"716417"
"fethy.faradji@infopro-digital.com -> UserMercury@infopro-digital.com";"Fichiers de conversation Microsoft Teams/BIM_SSIS.ispac";"VERSION";"20.0";"21.0";"2023-07-24T09:05:58Z";"716438"
"fethy.faradji@infopro-digital.com -> UserMercury@infopro-digital.com";"Fichiers de conversation Microsoft Teams/BIM_SSIS.zip";"VERSION";"1.0";"1.0";"2022-05-20T13:52:57Z";"3687238"
"fethy.faradji@infopro-digital.com -> UserMercury@infopro-digital.com";"Fichiers de conversation Microsoft Teams/BIM_SSIS.zip";"VERSION";"2.0";"3.0";"2022-06-28T12:45:04Z";"4969545"
"fethy.faradji@infopro-digital.com -> UserMercury@infopro-digital.com";"Fichiers de conversation Microsoft Teams/BIM_SSIS_NPUB.ispac";"VERSION";"1.0";"9.0";"2025-09-02T12:33:03Z";"720432"
"fethy.faradji@infopro-digital.com -> UserMercury@infopro-digital.com";"Fichiers de conversation Microsoft Teams/BIM_SSIS_sans_CLG_Recettte.zip";"VERSION";"1.0";"9.0";"2023-06-29T08:15:20Z";"708254"
"fethy.faradji@infopro-digital.com -> UserMercury@infopro-digital.com";"Fichiers de conversation Microsoft Teams/BIM-semaine de publications.docx";"VERSION";"1.0";"9.0";"2025-12-15T14:13:51Z";"22700"
"fethy.faradji@infopro-digital.com -> UserMercury@infopro-digital.com";"Fichiers de conversation Microsoft Teams/BOAMP.zip";"VERSION";"1.0";"9.0";"2022-08-23T13:33:05Z";"444271"
"fethy.faradji@infopro-digital.com -> UserMercury@infopro-digital.com";"Fichiers de conversation Microsoft Teams/Budget Azure-M365 2026.xlsx";"VERSION";"1.0";"1.0";"2026-02-18T13:33:30Z";"22974"
"fethy.faradji@infopro-digital.com -> UserMercury@infopro-digital.com";"Fichiers de conversation Microsoft Teams/C2022A2202075.PDF";"VERSION";"1.0";"9.0";"2022-04-07T13:46:04Z";"245046"
"fethy.faradji@infopro-digital.com -> UserMercury@infopro-digital.com";"Fichiers de conversation Microsoft Teams/c764f368-3e74-4510-a9ed-d3125b8166ce 1.jpg";"VERSION";"1.0";"6.0";"2024-10-31T09:30:57Z";"518196"
"fethy.faradji@infopro-digital.com -> UserMercury@infopro-digital.com";"Fichiers de conversation Microsoft Teams/c764f368-3e74-4510-a9ed-d3125b8166ce.jpg";"VERSION";"1.0";"6.0";"2024-10-31T08:26:43Z";"518196"
"fethy.faradji@infopro-digital.com -> UserMercury@infopro-digital.com";"Fichiers de conversation Microsoft Teams/ca_print.xlsx";"VERSION";"1.0";"1.0";"2022-06-21T09:28:33Z";"19653"
"fethy.faradji@infopro-digital.com -> UserMercury@infopro-digital.com";"Fichiers de conversation Microsoft Teams/Candidats-Retrait-Licence-PowerBI10.csv";"VERSION";"1.0";"9.0";"2026-08-27T09:57:17Z";"22725"
"fethy.faradji@infopro-digital.com -> UserMercury@infopro-digital.com";"Fichiers de conversation Microsoft Teams/Candidats-Retrait-Licence-PowerBI7.csv";"VERSION";"1.0";"9.0";"2026-08-26T08:03:08Z";"23744"
"fethy.faradji@infopro-digital.com -> UserMercury@infopro-digital.com";"Fichiers de conversation Microsoft Teams/champs_sf.xlsx";"VERSION";"1.0";"1.0";"2026-01-08T13:20:59Z";"11590"
"fethy.faradji@infopro-digital.com -> UserMercury@infopro-digital.com";"Fichiers de conversation Microsoft Teams/ChatGPT Image 8 oct. 2025, 10_04_48.png";"VERSION";"1.0";"6.0";"2025-10-14T15:47:05Z";"2220310"
"fethy.faradji@infopro-digital.com -> UserMercury@infopro-digital.com";"Fichiers de conversation Microsoft Teams/Classeur2.xlsx";"VERSION";"1.0";"9.0";"2024-05-17T14:42:41Z";"17972"
"fethy.faradji@infopro-digital.com -> UserMercury@infopro-digital.com";"Fichiers de conversation Microsoft Teams/Classeur5.xlsx";"VERSION";"1.0";"1.0";"2023-09-28T09:23:30Z";"16733"
"fethy.faradji@infopro-digital.com -> UserMercury@infopro-digital.com";"Fichiers de conversation Microsoft Teams/Classeur5.xlsx";"VERSION";"2.0";"3.0";"2023-09-28T09:44:41Z";"16140"
"fethy.faradji@infopro-digital.com -> UserMercury@infopro-digital.com";"Fichiers de conversation Microsoft Teams/clpersovba.pdf";"VERSION";"1.0";"9.0";"2021-03-29T12:32:22Z";"1457879"
"fethy.faradji@infopro-digital.com -> UserMercury@infopro-digital.com";"Fichiers de conversation Microsoft Teams/codekw.xsl";"VERSION";"1.0";"9.0";"2022-01-20T14:49:57Z";"21110"
"fethy.faradji@infopro-digital.com -> UserMercury@infopro-digital.com";"Fichiers de conversation Microsoft Teams/comparaison avant apres noannonce.xlsx";"VERSION";"1.0";"9.0";"2024-03-15T11:16:09Z";"14302"
"fethy.faradji@infopro-digital.com -> UserMercury@infopro-digital.com";"Fichiers de conversation Microsoft Teams/comparaison poc_prod.xlsx";"VERSION";"1.0";"1.0";"2022-08-09T09:33:03Z";"23733"
"fethy.faradji@infopro-digital.com -> UserMercury@infopro-digital.com";"Fichiers de conversation Microsoft Teams/comparatif_sim_sf.xlsx";"VERSION";"1.0";"1.0";"2024-05-02T07:25:25Z";"10250"
"fethy.faradji@infopro-digital.com -> UserMercury@infopro-digital.com";"Fichiers de conversation Microsoft Teams/compte créer dans sim depuis le 09-02-2024.xlsx";"VERSION";"1.0";"9.0";"2024-02-27T14:54:14Z";"9248"
"fethy.faradji@infopro-digital.com -> UserMercury@infopro-digital.com";"Fichiers de conversation Microsoft Teams/compte_a_mettre_a_jour.xlsx";"VERSION";"1.0";"1.0";"2023-10-17T08:32:27Z";"49037"
"fethy.faradji@infopro-digital.com -> UserMercury@infopro-digital.com";"Fichiers de conversation Microsoft Teams/compte_a_mettre_a_jour.xlsx";"VERSION";"2.0";"2.0";"2023-10-17T09:16:21Z";"48874"
"fethy.faradji@infopro-digital.com -> UserMercury@infopro-digital.com";"Fichiers de conversation Microsoft Teams/compte_a_mettre_a_jour.xlsx";"VERSION";"3.0";"3.0";"2023-10-17T09:35:13Z";"76579"
"fethy.faradji@infopro-digital.com -> UserMercury@infopro-digital.com";"Fichiers de conversation Microsoft Teams/compte_créer_directement_dans_SIMxlsx.xlsx";"VERSION";"1.0";"9.0";"2024-02-05T09:36:44Z";"23724"
"fethy.faradji@infopro-digital.com -> UserMercury@infopro-digital.com";"Fichiers de conversation Microsoft Teams/compte_prod_delta_20231016.xlsx";"VERSION";"1.0";"9.0";"2023-11-17T08:42:59Z";"7246674"
"fethy.faradji@infopro-digital.com -> UserMercury@infopro-digital.com";"Fichiers de conversation Microsoft Teams/compte_sans_siret.xlsx";"VERSION";"1.0";"1.0";"2023-10-13T13:05:55Z";"16493"
"fethy.faradji@infopro-digital.com -> UserMercury@infopro-digital.com";"Fichiers de conversation Microsoft Teams/compte_sans_siret.xlsx";"VERSION";"2.0";"3.0";"2023-10-13T13:06:17Z";"15963"
"fethy.faradji@infopro-digital.com -> UserMercury@infopro-digital.com";"Fichiers de conversation Microsoft Teams/Contact_delta.xlsx";"VERSION";"1.0";"9.0";"2023-10-10T12:21:54Z";"4010481"
"fethy.faradji@infopro-digital.com -> UserMercury@infopro-digital.com";"Fichiers de conversation Microsoft Teams/Contact_PROD_V3.1.xlsx";"VERSION";"1.0";"1.0";"2023-09-15T14:39:05Z";"3921155"
"fethy.faradji@infopro-digital.com -> UserMercury@infopro-digital.com";"Fichiers de conversation Microsoft Teams/Contact_PROD_V3.1.xlsx";"VERSION";"2.0";"2.0";"2023-09-15T14:44:17Z";"3835648"
"fethy.faradji@infopro-digital.com -> UserMercury@infopro-digital.com";"Fichiers de conversation Microsoft Teams/Contact_PROD_V3.1.xlsx";"VERSION";"3.0";"4.0";"2023-09-18T10:08:36Z";"3803301"
"fethy.faradji@infopro-digital.com -> UserMercury@infopro-digital.com";"Fichiers de conversation Microsoft Teams/Contact_PROD_V3.xlsx";"VERSION";"1.0";"9.0";"2023-09-15T13:02:12Z";"3922702"
"fethy.faradji@infopro-digital.com -> UserMercury@infopro-digital.com";"Fichiers de conversation Microsoft Teams/Contact_prod_v99xlsx.xlsx";"VERSION";"1.0";"1.0";"2023-09-18T10:48:18Z";"180800"
"fethy.faradji@infopro-digital.com -> UserMercury@infopro-digital.com";"Fichiers de conversation Microsoft Teams/Contact_prod_v99xlsx.xlsx";"VERSION";"2.0";"3.0";"2023-09-29T12:38:26Z";"178342"
"fethy.faradji@infopro-digital.com -> UserMercury@infopro-digital.com";"Fichiers de conversation Microsoft Teams/contacts_delta.xlsx";"VERSION";"1.0";"1.0";"2023-10-10T12:28:56Z";"4010470"
"fethy.faradji@infopro-digital.com -> UserMercury@infopro-digital.com";"Fichiers de conversation Microsoft Teams/contacts_delta.xlsx";"VERSION";"2.0";"3.0";"2023-10-10T16:17:01Z";"3953484"
"fethy.faradji@infopro-digital.com -> UserMercury@infopro-digital.com";"Fichiers de conversation Microsoft Teams/contacts_multicomptes.txt";"VERSION";"1.0";"9.0";"2023-10-06T14:58:26Z";"6614"
"fethy.faradji@infopro-digital.com -> UserMercury@infopro-digital.com";"Fichiers de conversation Microsoft Teams/Contrat_pack_the_last_one 1.xlsx";"VERSION";"1.0";"1.0";"2023-11-24T08:59:16Z";"18159"
"fethy.faradji@infopro-digital.com -> UserMercury@infopro-digital.com";"Fichiers de conversation Microsoft Teams/Contrat_pack_the_last_one.xlsx";"VERSION";"1.0";"9.0";"2023-11-24T08:58:41Z";"18159"
"fethy.faradji@infopro-digital.com -> UserMercury@infopro-digital.com";"Fichiers de conversation Microsoft Teams/controle_trigger_intervenant.sql";"VERSION";"1.0";"9.0";"2023-03-16T10:22:45Z";"2835"
"fethy.faradji@infopro-digital.com -> UserMercury@infopro-digital.com";"Fichiers de conversation Microsoft Teams/Copie de publications_brute.xlsx";"VERSION";"1.0";"9.0";"2024-05-22T13:22:38Z";"8939326"
"fethy.faradji@infopro-digital.com -> UserMercury@infopro-digital.com";"Fichiers de conversation Microsoft Teams/copie_de_fichier.ps1.txt";"VERSION";"1.0";"9.0";"2025-08-08T09:25:18Z";"4906"
"fethy.faradji@infopro-digital.com -> UserMercury@infopro-digital.com";"Fichiers de conversation Microsoft Teams/CopieOneDrive3.ps1";"VERSION";"1.0";"9.0";"2026-08-04T14:09:23Z";"54011"
"fethy.faradji@infopro-digital.com -> UserMercury@infopro-digital.com";"Fichiers de conversation Microsoft Teams/corespondance FNS-FNSIMPLE.zip";"VERSION";"1.0";"9.0";"2022-01-20T09:53:04Z";"200088"
"fethy.faradji@infopro-digital.com -> UserMercury@infopro-digital.com";"Fichiers de conversation Microsoft Teams/correction_semaine.sql";"VERSION";"1.0";"9.0";"2023-01-19T08:43:08Z";"601"
"fethy.faradji@infopro-digital.com -> UserMercury@infopro-digital.com";"Fichiers de conversation Microsoft Teams/CP_00.xlsx";"VERSION";"1.0";"1.0";"2023-11-22T09:10:07Z";"16872"
"fethy.faradji@infopro-digital.com -> UserMercury@infopro-digital.com";"Fichiers de conversation Microsoft Teams/CP_00.xlsx";"VERSION";"2.0";"3.0";"2023-11-22T09:11:13Z";"16312"
"fethy.faradji@infopro-digital.com -> UserMercury@infopro-digital.com";"Fichiers de conversation Microsoft Teams/CPV.xsd";"VERSION";"1.0";"9.0";"2022-01-06T17:19:16Z";"370465"
"fethy.faradji@infopro-digital.com -> UserMercury@infopro-digital.com";"Fichiers de conversation Microsoft Teams/CreaModifAD.zip";"VERSION";"1.0";"9.0";"2026-09-04T12:21:39Z";"15386380"
"fethy.faradji@infopro-digital.com -> UserMercury@infopro-digital.com";"Fichiers de conversation Microsoft Teams/create clean_table.sql";"VERSION";"1.0";"9.0";"2023-06-02T09:56:34Z";"131"
"fethy.faradji@infopro-digital.com -> UserMercury@infopro-digital.com";"Fichiers de conversation Microsoft Teams/create_view 1.sql";"VERSION";"1.0";"9.0";"2024-09-26T14:54:59Z";"4756"
"fethy.faradji@infopro-digital.com -> UserMercury@infopro-digital.com";"Fichiers de conversation Microsoft Teams/create_view.sql";"VERSION";"1.0";"9.0";"2024-09-26T13:23:28Z";"2642"
"fethy.faradji@infopro-digital.com -> UserMercury@infopro-digital.com";"Fichiers de conversation Microsoft Teams/creation_table_temporaire.sql";"VERSION";"1.0";"9.0";"2024-06-07T12:19:47Z";"13066"
"fethy.faradji@infopro-digital.com -> UserMercury@infopro-digital.com";"Fichiers de conversation Microsoft Teams/CV Fethi FARADJI.docx";"VERSION";"1.0";"9.0";"2023-10-27T08:19:44Z";"180587"
"fethy.faradji@infopro-digital.com -> UserMercury@infopro-digital.com";"Fichiers de conversation Microsoft Teams/D100114.doc";"VERSION";"1.0";"9.0";"2022-12-02T13:40:40Z";"28160"
"fethy.faradji@infopro-digital.com -> UserMercury@infopro-digital.com";"Fichiers de conversation Microsoft Teams/D100117.doc";"VERSION";"1.0";"9.0";"2022-12-02T13:41:53Z";"26624"
"fethy.faradji@infopro-digital.com -> UserMercury@infopro-digital.com";"Fichiers de conversation Microsoft Teams/D100123.doc";"VERSION";"1.0";"9.0";"2022-12-09T09:45:29Z";"26624"
"fethy.faradji@infopro-digital.com -> UserMercury@infopro-digital.com";"Fichiers de conversation Microsoft Teams/D100124.doc";"VERSION";"1.0";"9.0";"2022-12-09T10:28:23Z";"25600"
"fethy.faradji@infopro-digital.com -> UserMercury@infopro-digital.com";"Fichiers de conversation Microsoft Teams/D43028.docx";"VERSION";"1.0";"9.0";"2022-12-02T13:04:00Z";"35363"
"fethy.faradji@infopro-digital.com -> UserMercury@infopro-digital.com";"Fichiers de conversation Microsoft Teams/D43028.xml";"VERSION";"1.0";"9.0";"2022-12-02T13:04:00Z";"3380"
"fethy.faradji@infopro-digital.com -> UserMercury@infopro-digital.com";"Fichiers de conversation Microsoft Teams/D43031.doc";"VERSION";"1.0";"9.0";"2022-12-02T13:04:00Z";"97792"
"fethy.faradji@infopro-digital.com -> UserMercury@infopro-digital.com";"Fichiers de conversation Microsoft Teams/D43031.xml";"VERSION";"1.0";"9.0";"2022-12-02T13:04:00Z";"3723"
"fethy.faradji@infopro-digital.com -> UserMercury@infopro-digital.com";"Fichiers de conversation Microsoft Teams/D43035.doc";"VERSION";"1.0";"9.0";"2022-12-02T13:04:00Z";"90624"
"fethy.faradji@infopro-digital.com -> UserMercury@infopro-digital.com";"Fichiers de conversation Microsoft Teams/D43035.xml";"VERSION";"1.0";"9.0";"2022-12-02T13:04:01Z";"2775"
"fethy.faradji@infopro-digital.com -> UserMercury@infopro-digital.com";"Fichiers de conversation Microsoft Teams/dans sim mais pas dans BIM update since 2020-01-01.csv";"VERSION";"1.0";"9.0";"2023-08-11T09:47:11Z";"6144"
"fethy.faradji@infopro-digital.com -> UserMercury@infopro-digital.com";"Fichiers de conversation Microsoft Teams/Date.xlsx";"VERSION";"1.0";"9.0";"2022-08-29T13:16:41Z";"14308"
"fethy.faradji@infopro-digital.com -> UserMercury@infopro-digital.com";"Fichiers de conversation Microsoft Teams/date_creation_contrat_pack.xlsx";"VERSION";"1.0";"1.0";"2023-11-07T15:25:55Z";"17298"
"fethy.faradji@infopro-digital.com -> UserMercury@infopro-digital.com";"Fichiers de conversation Microsoft Teams/date_creation_contrat_pack.xlsx";"VERSION";"2.0";"3.0";"2023-11-07T15:26:37Z";"16757"
"fethy.faradji@infopro-digital.com -> UserMercury@infopro-digital.com";"Fichiers de conversation Microsoft Teams/ddl_module_de_pub.sql";"VERSION";"1.0";"9.0";"2025-06-30T08:02:59Z";"318450"
"fethy.faradji@infopro-digital.com -> UserMercury@infopro-digital.com";"Fichiers de conversation Microsoft Teams/debug fac.sql";"VERSION";"1.0";"9.0";"2026-02-25T10:21:30Z";"14601"
"fethy.faradji@infopro-digital.com -> UserMercury@infopro-digital.com";"Fichiers de conversation Microsoft Teams/DecouverteDesFichers.ps1";"VERSION";"1.0";"9.0";"2026-07-08T15:21:07Z";"14765"
"fethy.faradji@infopro-digital.com -> UserMercury@infopro-digital.com";"Fichiers de conversation Microsoft Teams/DEF_AO_SIMX07092023071553.rar";"VERSION";"1.0";"9.0";"2023-09-07T07:28:03Z";"5396960"
"fethy.faradji@infopro-digital.com -> UserMercury@infopro-digital.com";"Fichiers de conversation Microsoft Teams/DEF_AO_SIMX07092023072027.rar";"VERSION";"1.0";"9.0";"2023-09-07T07:28:01Z";"1775259"
"fethy.faradji@infopro-digital.com -> UserMercury@infopro-digital.com";"Fichiers de conversation Microsoft Teams/DEF_RETOUR_MONIMAIL16022024160340.rar";"VERSION";"1.0";"9.0";"2024-02-16T15:15:16Z";"1914"
"fethy.faradji@infopro-digital.com -> UserMercury@infopro-digital.com";"Fichiers de conversation Microsoft Teams/delete_avis__c.csv";"VERSION";"1.0";"9.0";"2024-10-29T14:26:25Z";"751568"
"fethy.faradji@infopro-digital.com -> UserMercury@infopro-digital.com";"Fichiers de conversation Microsoft Teams/Delta_ownerid.xlsx";"VERSION";"1.0";"1.0";"2023-10-19T09:11:59Z";"17409"
"fethy.faradji@infopro-digital.com -> UserMercury@infopro-digital.com";"Fichiers de conversation Microsoft Teams/Delta_ownerid.xlsx";"VERSION";"2.0";"2.0";"2023-10-19T09:12:57Z";"16841"
"fethy.faradji@infopro-digital.com -> UserMercury@infopro-digital.com";"Fichiers de conversation Microsoft Teams/Delta_ownerid.xlsx";"VERSION";"3.0";"3.0";"2023-10-19T09:14:06Z";"16876"
"fethy.faradji@infopro-digital.com -> UserMercury@infopro-digital.com";"Fichiers de conversation Microsoft Teams/Delta_ownerid.xlsx";"VERSION";"4.0";"4.0";"2023-10-19T09:31:05Z";"16912"
"fethy.faradji@infopro-digital.com -> UserMercury@infopro-digital.com";"Fichiers de conversation Microsoft Teams/Delta_ownerid.xlsx";"VERSION";"5.0";"6.0";"2023-10-23T08:29:23Z";"13818"
"fethy.faradji@infopro-digital.com -> UserMercury@infopro-digital.com";"Fichiers de conversation Microsoft Teams/Demandes (1).csv";"VERSION";"1.0";"9.0";"2026-04-29T07:41:18Z";"10685"
"fethy.faradji@infopro-digital.com -> UserMercury@infopro-digital.com";"Fichiers de conversation Microsoft Teams/Demandes (2).csv.gz";"VERSION";"1.0";"9.0";"2026-04-29T07:41:20Z";"729273"
"fethy.faradji@infopro-digital.com -> UserMercury@infopro-digital.com";"Fichiers de conversation Microsoft Teams/departement jal.xls";"VERSION";"1.0";"9.0";"2022-01-04T11:00:34Z";"10752"
"fethy.faradji@infopro-digital.com -> UserMercury@infopro-digital.com";"Fichiers de conversation Microsoft Teams/departement JAL.xlsx";"VERSION";"1.0";"9.0";"2024-05-06T10:02:40Z";"9279"
"fethy.faradji@infopro-digital.com -> UserMercury@infopro-digital.com";"Fichiers de conversation Microsoft Teams/DEX SIM_SIMNET_GAM.docx";"VERSION";"1.0";"9.0";"2024-03-20T16:14:31Z";"18024"
"fethy.faradji@infopro-digital.com -> UserMercury@infopro-digital.com";"Fichiers de conversation Microsoft Teams/diagramme jacky mais en plus beau.png";"VERSION";"1.0";"6.0";"2021-12-07T16:44:46Z";"96323"
"fethy.faradji@infopro-digital.com -> UserMercury@infopro-digital.com";"Fichiers de conversation Microsoft Teams/dim_abonnement_SF.sql";"VERSION";"1.0";"9.0";"2023-02-23T14:04:03Z";"1672"
"fethy.faradji@infopro-digital.com -> UserMercury@infopro-digital.com";"Fichiers de conversation Microsoft Teams/DIM_support.xlsx";"VERSION";"1.0";"1.0";"2024-04-02T12:09:56Z";"140087"
"fethy.faradji@infopro-digital.com -> UserMercury@infopro-digital.com";"Fichiers de conversation Microsoft Teams/DIM_support.xlsx";"VERSION";"2.0";"2.0";"2024-04-10T13:15:47Z";"139133"
"fethy.faradji@infopro-digital.com -> UserMercury@infopro-digital.com";"Fichiers de conversation Microsoft Teams/DIM_support.xlsx";"VERSION";"3.0";"4.0";"2024-04-11T08:05:53Z";"139255"
"fethy.faradji@infopro-digital.com -> UserMercury@infopro-digital.com";"Fichiers de conversation Microsoft Teams/directories_BEN_UK.txt";"VERSION";"1.0";"9.0";"2025-08-11T08:28:59Z";"59382947"
"fethy.faradji@infopro-digital.com -> UserMercury@infopro-digital.com";"Fichiers de conversation Microsoft Teams/doc paseo.zip";"VERSION";"1.0";"9.0";"2022-09-08T14:30:36Z";"19933814"
"fethy.faradji@infopro-digital.com -> UserMercury@infopro-digital.com";"Fichiers de conversation Microsoft Teams/documentation technique monimail (1).docx";"VERSION";"1.0";"9.0";"2023-03-07T09:36:41Z";"2492050"
"fethy.faradji@infopro-digital.com -> UserMercury@infopro-digital.com";"Fichiers de conversation Microsoft Teams/domains_company_map_202606241034.csv";"VERSION";"1.0";"9.0";"2026-06-24T08:35:08Z";"70714"
"fethy.faradji@infopro-digital.com -> UserMercury@infopro-digital.com";"Fichiers de conversation Microsoft Teams/doublon siret.xls";"VERSION";"1.0";"9.0";"2023-08-11T08:46:20Z";"3472384"
"fethy.faradji@infopro-digital.com -> UserMercury@infopro-digital.com";"Fichiers de conversation Microsoft Teams/doublon_contacts.xlsx";"VERSION";"1.0";"1.0";"2023-10-09T14:25:42Z";"32693"
"fethy.faradji@infopro-digital.com -> UserMercury@infopro-digital.com";"Fichiers de conversation Microsoft Teams/doublon_contacts.xlsx";"VERSION";"2.0";"2.0";"2023-10-09T14:42:37Z";"32038"
"fethy.faradji@infopro-digital.com -> UserMercury@infopro-digital.com";"Fichiers de conversation Microsoft Teams/doublon_contacts.xlsx";"VERSION";"3.0";"4.0";"2023-10-09T14:47:08Z";"32054"
"fethy.faradji@infopro-digital.com -> UserMercury@infopro-digital.com";"Fichiers de conversation Microsoft Teams/droit_schema_svc_sim_sf.sql";"VERSION";"1.0";"9.0";"2023-05-31T13:41:09Z";"502"
"fethy.faradji@infopro-digital.com -> UserMercury@infopro-digital.com";"Fichiers de conversation Microsoft Teams/EFORMS2JOUE.zip";"VERSION";"1.0";"9.0";"2023-11-28T10:23:24Z";"39740951"
"fethy.faradji@infopro-digital.com -> UserMercury@infopro-digital.com";"Fichiers de conversation Microsoft Teams/Employés.csv.gz";"VERSION";"1.0";"9.0";"2026-04-29T07:41:21Z";"506091"
"fethy.faradji@infopro-digital.com -> UserMercury@infopro-digital.com";"Fichiers de conversation Microsoft Teams/Enfant_Account_PROD_V3.xlsx";"VERSION";"1.0";"1.0";"2023-09-15T12:29:28Z";"65457"
"fethy.faradji@infopro-digital.com -> UserMercury@infopro-digital.com";"Fichiers de conversation Microsoft Teams/Enfant_Account_PROD_V3.xlsx";"VERSION";"2.0";"3.0";"2023-09-15T15:52:09Z";"64402"
"fethy.faradji@infopro-digital.com -> UserMercury@infopro-digital.com";"Fichiers de conversation Microsoft Teams/Enfants_Account_PROD_ss_siret_V2.xlsx";"VERSION";"2.0";"3.0";"2023-09-18T13:54:05Z";"5272042"
"fethy.faradji@infopro-digital.com -> UserMercury@infopro-digital.com";"Fichiers de conversation Microsoft Teams/enTete_GISI.eps";"VERSION";"1.0";"9.0";"2024-07-31T07:15:04Z";"1709764"
"fethy.faradji@infopro-digital.com -> UserMercury@infopro-digital.com";"Fichiers de conversation Microsoft Teams/enTete_GroupeMoniteur.eps";"VERSION";"1.0";"9.0";"2024-07-31T07:09:54Z";"843858"
"fethy.faradji@infopro-digital.com -> UserMercury@infopro-digital.com";"Fichiers de conversation Microsoft Teams/enTete_GroupeMoniteur_old.eps";"VERSION";"1.0";"9.0";"2024-07-31T07:09:54Z";"821390"
"fethy.faradji@infopro-digital.com -> UserMercury@infopro-digital.com";"Fichiers de conversation Microsoft Teams/erreur_facture.xls";"VERSION";"1.0";"9.0";"2024-10-23T07:25:55Z";"205824"
"fethy.faradji@infopro-digital.com -> UserMercury@infopro-digital.com";"Fichiers de conversation Microsoft Teams/etat des lieux AD 1.xlsx";"VERSION";"1.0";"9.0";"2025-12-12T10:32:30Z";"10686"
"fethy.faradji@infopro-digital.com -> UserMercury@infopro-digital.com";"Fichiers de conversation Microsoft Teams/etat des lieux AD.xlsx";"VERSION";"1.0";"9.0";"2025-12-12T10:31:19Z";"10686"
"fethy.faradji@infopro-digital.com -> UserMercury@infopro-digital.com";"Fichiers de conversation Microsoft Teams/état_des_lieu_perimètre_mol 1.xlsx";"VERSION";"1.0";"9.0";"2024-03-07T10:03:27Z";"9119"
"fethy.faradji@infopro-digital.com -> UserMercury@infopro-digital.com";"Fichiers de conversation Microsoft Teams/état_des_lieu_perimètre_mol 2.xlsx";"VERSION";"1.0";"1.0";"2024-03-07T10:07:00Z";"11121"
"fethy.faradji@infopro-digital.com -> UserMercury@infopro-digital.com";"Fichiers de conversation Microsoft Teams/état_des_lieu_perimètre_mol.xlsx";"VERSION";"1.0";"1.0";"2024-03-07T09:48:41Z";"9119"
"fethy.faradji@infopro-digital.com -> UserMercury@infopro-digital.com";"Fichiers de conversation Microsoft Teams/Evenement_V3.1.xlsx";"VERSION";"1.0";"9.0";"2023-09-15T15:45:05Z";"86056"
"fethy.faradji@infopro-digital.com -> UserMercury@infopro-digital.com";"Fichiers de conversation Microsoft Teams/Evenement_V3.2.xlsx";"VERSION";"1.0";"9.0";"2023-09-15T15:57:51Z";"85394"
"fethy.faradji@infopro-digital.com -> UserMercury@infopro-digital.com";"Fichiers de conversation Microsoft Teams/Evenement_V3.xlsx";"VERSION";"1.0";"9.0";"2023-09-15T15:32:49Z";"87041"
"fethy.faradji@infopro-digital.com -> UserMercury@infopro-digital.com";"Fichiers de conversation Microsoft Teams/events.xlsx";"VERSION";"1.0";"1.0";"2023-09-15T16:15:27Z";"83077"
"fethy.faradji@infopro-digital.com -> UserMercury@infopro-digital.com";"Fichiers de conversation Microsoft Teams/events.xlsx";"VERSION";"2.0";"2.0";"2023-09-15T16:22:40Z";"83371"
"fethy.faradji@infopro-digital.com -> UserMercury@infopro-digital.com";"Fichiers de conversation Microsoft Teams/events.xlsx";"VERSION";"3.0";"3.0";"2023-09-15T16:45:19Z";"82230"
"fethy.faradji@infopro-digital.com -> UserMercury@infopro-digital.com";"Fichiers de conversation Microsoft Teams/events.xlsx";"VERSION";"4.0";"5.0";"2023-09-18T09:29:07Z";"82417"
"fethy.faradji@infopro-digital.com -> UserMercury@infopro-digital.com";"Fichiers de conversation Microsoft Teams/exemple_avis_pub_SF.xlsx";"VERSION";"1.0";"9.0";"2024-06-13T12:20:51Z";"15286719"
"fethy.faradji@infopro-digital.com -> UserMercury@infopro-digital.com";"Fichiers de conversation Microsoft Teams/export oracle.zip";"VERSION";"1.0";"9.0";"2025-01-23T14:56:23Z";"1565155"
"fethy.faradji@infopro-digital.com -> UserMercury@infopro-digital.com";"Fichiers de conversation Microsoft Teams/export.xlsx";"VERSION";"1.0";"9.0";"2026-01-21T15:47:45Z";"29020"
"fethy.faradji@infopro-digital.com -> UserMercury@infopro-digital.com";"Fichiers de conversation Microsoft Teams/export_avis 1.xlsx";"VERSION";"1.0";"9.0";"2025-11-21T08:30:19Z";"4385483"
"fethy.faradji@infopro-digital.com -> UserMercury@infopro-digital.com";"Fichiers de conversation Microsoft Teams/export_avis.xlsx";"VERSION";"1.0";"9.0";"2025-11-20T15:26:02Z";"4525781"
"fethy.faradji@infopro-digital.com -> UserMercury@infopro-digital.com";"Fichiers de conversation Microsoft Teams/export_licences.xlsx";"VERSION";"1.0";"1.0";"2025-11-14T14:21:19Z";"17698"
"fethy.faradji@infopro-digital.com -> UserMercury@infopro-digital.com";"Fichiers de conversation Microsoft Teams/export_test.xlsx";"VERSION";"1.0";"1.0";"2024-06-18T14:14:46Z";"513945"
"fethy.faradji@infopro-digital.com -> UserMercury@infopro-digital.com";"Fichiers de conversation Microsoft Teams/EXPORT_user_bu.csv";"VERSION";"1.0";"9.0";"2026-06-11T14:15:52Z";"1316072"
"fethy.faradji@infopro-digital.com -> UserMercury@infopro-digital.com";"Fichiers de conversation Microsoft Teams/ExportWeb_20230927 10-34-17.xml";"VERSION";"1.0";"9.0";"2023-10-09T12:58:28Z";"5491"
"fethy.faradji@infopro-digital.com -> UserMercury@infopro-digital.com";"Fichiers de conversation Microsoft Teams/ExportWeb_20230929 04-18-21.xml";"VERSION";"1.0";"9.0";"2023-10-09T12:58:28Z";"286"
"fethy.faradji@infopro-digital.com -> UserMercury@infopro-digital.com";"Fichiers de conversation Microsoft Teams/ExportWeb_20230929 11-18-32.xml";"VERSION";"1.0";"9.0";"2023-10-09T12:58:28Z";"225214"
"fethy.faradji@infopro-digital.com -> UserMercury@infopro-digital.com";"Fichiers de conversation Microsoft Teams/ExportWeb_20230929 11-44-02.xml";"VERSION";"1.0";"9.0";"2023-10-09T12:58:28Z";"706"
"fethy.faradji@infopro-digital.com -> UserMercury@infopro-digital.com";"Fichiers de conversation Microsoft Teams/ExportWeb_20230929 11-58-28.xml";"VERSION";"1.0";"9.0";"2023-10-09T12:58:28Z";"292"
"fethy.faradji@infopro-digital.com -> UserMercury@infopro-digital.com";"Fichiers de conversation Microsoft Teams/ExportWeb_20231003 01-25-27.xml";"VERSION";"1.0";"9.0";"2023-10-09T12:58:28Z";"1533"
"fethy.faradji@infopro-digital.com -> UserMercury@infopro-digital.com";"Fichiers de conversation Microsoft Teams/ExportWeb_20231003 01-41-41.xml";"VERSION";"1.0";"9.0";"2023-10-09T12:58:28Z";"367"
"fethy.faradji@infopro-digital.com -> UserMercury@infopro-digital.com";"Fichiers de conversation Microsoft Teams/ExportWeb_20231006 12-29-15.xml";"VERSION";"1.0";"9.0";"2023-10-09T12:58:28Z";"8947"
"fethy.faradji@infopro-digital.com -> UserMercury@infopro-digital.com";"Fichiers de conversation Microsoft Teams/Expression de besoin controle sur la data Entra.docx";"VERSION";"1.0";"1.0";"2025-09-15T15:15:11Z";"18465"
"fethy.faradji@infopro-digital.com -> UserMercury@infopro-digital.com";"Fichiers de conversation Microsoft Teams/Expression de Besoin sécurisation de creamodifad.docx";"VERSION";"1.0";"9.0";"2025-09-19T12:54:05Z";"16336"
"fethy.faradji@infopro-digital.com -> UserMercury@infopro-digital.com";"Fichiers de conversation Microsoft Teams/extract_01_controle_intranet.xlsx";"VERSION";"1.0";"1.0";"2025-09-18T14:03:20Z";"986750"
"fethy.faradji@infopro-digital.com -> UserMercury@infopro-digital.com";"Fichiers de conversation Microsoft Teams/ExtractionAD-INFO.ps1";"VERSION";"1.0";"9.0";"2025-04-17T15:13:21Z";"1235"
"fethy.faradji@infopro-digital.com -> UserMercury@infopro-digital.com";"Fichiers de conversation Microsoft Teams/fact_pub_test.csv";"VERSION";"1.0";"9.0";"2024-06-19T15:41:56Z";"220"
"fethy.faradji@infopro-digital.com -> UserMercury@infopro-digital.com";"Fichiers de conversation Microsoft Teams/Facturation au caractere v4.zip";"VERSION";"1.0";"9.0";"2022-01-05T13:18:23Z";"132990"
"fethy.faradji@infopro-digital.com -> UserMercury@infopro-digital.com";"Fichiers de conversation Microsoft Teams/facturation Juillet 2021 a changer.xlsx";"VERSION";"1.0";"1.0";"2021-09-14T10:07:04Z";"17271"
"fethy.faradji@infopro-digital.com -> UserMercury@infopro-digital.com";"Fichiers de conversation Microsoft Teams/Facturation_abo.xlsx";"VERSION";"1.0";"1.0";"2023-09-21T07:44:32Z";"48977"
"fethy.faradji@infopro-digital.com -> UserMercury@infopro-digital.com";"Fichiers de conversation Microsoft Teams/Facturation_abo.xlsx";"VERSION";"2.0";"3.0";"2023-09-21T07:45:30Z";"48798"
"fethy.faradji@infopro-digital.com -> UserMercury@infopro-digital.com";"Fichiers de conversation Microsoft Teams/Facture_enTete.eps";"VERSION";"1.0";"9.0";"2024-07-31T07:15:04Z";"1709764"
"fethy.faradji@infopro-digital.com -> UserMercury@infopro-digital.com";"Fichiers de conversation Microsoft Teams/Facture_piedPage.eps";"VERSION";"1.0";"9.0";"2024-07-31T07:15:04Z";"1603319"
"fethy.faradji@infopro-digital.com -> UserMercury@infopro-digital.com";"Fichiers de conversation Microsoft Teams/FactureConfig.txt";"VERSION";"1.0";"9.0";"2021-06-30T13:21:46Z";"23592"
"fethy.faradji@infopro-digital.com -> UserMercury@infopro-digital.com";"Fichiers de conversation Microsoft Teams/FAIT_AVIS_AO_AM et SF.txt";"VERSION";"1.0";"9.0";"2022-10-07T09:40:26Z";"7612"
"fethy.faradji@infopro-digital.com -> UserMercury@infopro-digital.com";"Fichiers de conversation Microsoft Teams/fethiGates -partie Sharepoint.docx";"VERSION";"1.0";"9.0";"2026-03-27T15:08:07Z";"389436"
"fethy.faradji@infopro-digital.com -> UserMercury@infopro-digital.com";"Fichiers de conversation Microsoft Teams/fethy.faradji.zip";"VERSION";"1.0";"9.0";"2024-02-26T10:10:05Z";"84384964"
"fethy.faradji@infopro-digital.com -> UserMercury@infopro-digital.com";"Fichiers de conversation Microsoft Teams/fichier_pourrie.xlsx";"VERSION";"1.0";"9.0";"2025-01-24T11:04:00Z";"6327356"
"fethy.faradji@infopro-digital.com -> UserMercury@infopro-digital.com";"Fichiers de conversation Microsoft Teams/fix_vu_en_erreur.sql";"VERSION";"1.0";"9.0";"2022-05-18T14:34:19Z";"13379"
"fethy.faradji@infopro-digital.com -> UserMercury@infopro-digital.com";"Fichiers de conversation Microsoft Teams/flux_depuis_grmuzssimp002.xlsx";"VERSION";"1.0";"1.0";"2024-04-10T14:58:36Z";"8281"
"fethy.faradji@infopro-digital.com -> UserMercury@infopro-digital.com";"Fichiers de conversation Microsoft Teams/flux_depuis_grmuzssimp002.xlsx";"VERSION";"2.0";"3.0";"2024-04-10T15:03:25Z";"8671"
"fethy.faradji@infopro-digital.com -> UserMercury@infopro-digital.com";"Fichiers de conversation Microsoft Teams/FluxUnitaire-5_Generation_unitaire_ZIP_MOL_SIMX.docx";"VERSION";"1.0";"1.0";"2022-04-28T13:03:02Z";"684216"
"fethy.faradji@infopro-digital.com -> UserMercury@infopro-digital.com";"Fichiers de conversation Microsoft Teams/FluxUnitaire-5_Generation_unitaire_ZIP_MOL_SIMX.docx";"VERSION";"2.0";"2.0";"2022-04-28T14:17:43Z";"679675"
"fethy.faradji@infopro-digital.com -> UserMercury@infopro-digital.com";"Fichiers de conversation Microsoft Teams/FluxUnitaire-5_Generation_unitaire_ZIP_MOL_SIMX.docx";"VERSION";"3.0";"4.0";"2022-04-28T14:26:08Z";"673611"
"fethy.faradji@infopro-digital.com -> UserMercury@infopro-digital.com";"Fichiers de conversation Microsoft Teams/FLX-SecurisationSIM.xlsx";"VERSION";"1.0";"1.0";"2023-10-20T12:26:36Z";"20840"
"fethy.faradji@infopro-digital.com -> UserMercury@infopro-digital.com";"Fichiers de conversation Microsoft Teams/font_MOL.png";"VERSION";"1.0";"6.0";"2025-09-11T08:46:10Z";"1892412"
"fethy.faradji@infopro-digital.com -> UserMercury@infopro-digital.com";"Fichiers de conversation Microsoft Teams/ForcePoint VPN avec MFA et Windows (ATY).pdf";"VERSION";"1.0";"9.0";"2024-07-03T07:38:46Z";"1174167"
"fethy.faradji@infopro-digital.com -> UserMercury@infopro-digital.com";"Fichiers de conversation Microsoft Teams/forfait_a_zero.xls";"VERSION";"1.0";"9.0";"2021-12-13T13:48:09Z";"19301"
"fethy.faradji@infopro-digital.com -> UserMercury@infopro-digital.com";"Fichiers de conversation Microsoft Teams/Formulaire de demande de télétravail.pdf";"VERSION";"1.0";"9.0";"2026-02-11T13:08:16Z";"337549"
"fethy.faradji@infopro-digital.com -> UserMercury@infopro-digital.com";"Fichiers de conversation Microsoft Teams/FR_FRIPD_FARADJI_FETHI_EA_2022_P1008078.pdf";"VERSION";"1.0";"9.0";"2023-03-13T13:12:49Z";"231454"
"fethy.faradji@infopro-digital.com -> UserMercury@infopro-digital.com";"Fichiers de conversation Microsoft Teams/G2M.BIM.CLG.dtsx";"VERSION";"1.0";"9.0";"2022-05-25T09:16:20Z";"1040818"
"fethy.faradji@infopro-digital.com -> UserMercury@infopro-digital.com";"Fichiers de conversation Microsoft Teams/G2M.BIM.DW_DM.DDB.dtsx";"VERSION";"1.0";"9.0";"2022-02-11T10:25:08Z";"251634"
"fethy.faradji@infopro-digital.com -> UserMercury@infopro-digital.com";"Fichiers de conversation Microsoft Teams/G2M.BIM.DW_DM.ImportAO.dtsx";"VERSION";"1.0";"9.0";"2022-02-23T10:41:29Z";"400770"
"fethy.faradji@infopro-digital.com -> UserMercury@infopro-digital.com";"Fichiers de conversation Microsoft Teams/G2M.BIM.SIM_DW.ImportABO.dtsx";"VERSION";"1.0";"9.0";"2022-03-11T10:28:28Z";"702244"
"fethy.faradji@infopro-digital.com -> UserMercury@infopro-digital.com";"Fichiers de conversation Microsoft Teams/G2M.BIM.SIM_DW.ImportAM.dtsx";"VERSION";"1.0";"9.0";"2022-05-20T09:07:32Z";"215972"
"fethy.faradji@infopro-digital.com -> UserMercury@infopro-digital.com";"Fichiers de conversation Microsoft Teams/G2M.BIM.SIM_DW.ImportAO.dtsx";"VERSION";"1.0";"1.0";"2022-01-13T14:02:36Z";"436748"
"fethy.faradji@infopro-digital.com -> UserMercury@infopro-digital.com";"Fichiers de conversation Microsoft Teams/G2M.BIM.SIM_DW.ImportAO.dtsx";"VERSION";"2.0";"3.0";"2022-05-20T09:07:35Z";"432475"
"fethy.faradji@infopro-digital.com -> UserMercury@infopro-digital.com";"Fichiers de conversation Microsoft Teams/Gestion des prêts.csv.gz";"VERSION";"1.0";"9.0";"2026-04-29T07:41:19Z";"110451"
"fethy.faradji@infopro-digital.com -> UserMercury@infopro-digital.com";"Fichiers de conversation Microsoft Teams/Gestion des réparations.csv.gz";"VERSION";"1.0";"9.0";"2026-04-29T07:41:19Z";"83987"
"fethy.faradji@infopro-digital.com -> UserMercury@infopro-digital.com";"Fichiers de conversation Microsoft Teams/get_applications__rights_azure.ps1";"VERSION";"1.0";"9.0";"2025-12-11T09:55:37Z";"4484"
"fethy.faradji@infopro-digital.com -> UserMercury@infopro-digital.com";"Fichiers de conversation Microsoft Teams/get_applications_azure.ps1";"VERSION";"1.0";"9.0";"2025-12-11T09:55:37Z";"2763"
"fethy.faradji@infopro-digital.com -> UserMercury@infopro-digital.com";"Fichiers de conversation Microsoft Teams/get_applications_Tags_azure.ps1";"VERSION";"1.0";"9.0";"2025-12-11T09:55:37Z";"1808"
"fethy.faradji@infopro-digital.com -> UserMercury@infopro-digital.com";"Fichiers de conversation Microsoft Teams/get_applications_Users_azure.ps1";"VERSION";"1.0";"9.0";"2025-12-11T09:55:38Z";"6362"
"fethy.faradji@infopro-digital.com -> UserMercury@infopro-digital.com";"Fichiers de conversation Microsoft Teams/GIPA.xlsx";"VERSION";"1.0";"1.0";"2026-07-28T12:09:38Z";"26680"
"fethy.faradji@infopro-digital.com -> UserMercury@infopro-digital.com";"Fichiers de conversation Microsoft Teams/GIPA.xlsx";"VERSION";"2.0";"2.0";"2026-07-28T12:15:59Z";"26935"
"fethy.faradji@infopro-digital.com -> UserMercury@infopro-digital.com";"Fichiers de conversation Microsoft Teams/GIPA.xlsx";"VERSION";"3.0";"4.0";"2026-07-28T15:48:30Z";"26927"
"fethy.faradji@infopro-digital.com -> UserMercury@infopro-digital.com";"Fichiers de conversation Microsoft Teams/GM.SIM.configuration.global.xsl";"VERSION";"1.0";"9.0";"2023-03-27T12:24:50Z";"1080"
"fethy.faradji@infopro-digital.com -> UserMercury@infopro-digital.com";"Fichiers de conversation Microsoft Teams/Graphique et table.xlsx";"VERSION";"1.0";"9.0";"2025-02-25T09:24:24Z";"14695"
"fethy.faradji@infopro-digital.com -> UserMercury@infopro-digital.com";"Fichiers de conversation Microsoft Teams/grille tarifaire.xls";"VERSION";"1.0";"9.0";"2022-04-25T10:58:02Z";"18028"
"fethy.faradji@infopro-digital.com -> UserMercury@infopro-digital.com";"Fichiers de conversation Microsoft Teams/Guide référence Builder.pdf";"VERSION";"1.0";"9.0";"2021-09-07T13:40:11Z";"3897629"
"fethy.faradji@infopro-digital.com -> UserMercury@infopro-digital.com";"Fichiers de conversation Microsoft Teams/Guide référence Cockpit.pdf";"VERSION";"1.0";"9.0";"2021-09-07T13:40:12Z";"4313439"
"fethy.faradji@infopro-digital.com -> UserMercury@infopro-digital.com";"Fichiers de conversation Microsoft Teams/Hyperforce IPs to Allowlist 2023-11-30 1.csv";"VERSION";"1.0";"9.0";"2024-02-27T11:51:44Z";"4666"
"fethy.faradji@infopro-digital.com -> UserMercury@infopro-digital.com";"Fichiers de conversation Microsoft Teams/Hyperforce IPs to Allowlist 2023-11-30.csv";"VERSION";"1.0";"9.0";"2024-02-27T11:24:53Z";"4745"
"fethy.faradji@infopro-digital.com -> UserMercury@infopro-digital.com";"Fichiers de conversation Microsoft Teams/icones.zip";"VERSION";"1.0";"9.0";"2024-10-15T15:13:42Z";"1112933"
"fethy.faradji@infopro-digital.com -> UserMercury@infopro-digital.com";"Fichiers de conversation Microsoft Teams/IE Tab.rar";"VERSION";"1.0";"9.0";"2024-02-07T13:41:06Z";"322329"
"fethy.faradji@infopro-digital.com -> UserMercury@infopro-digital.com";"Fichiers de conversation Microsoft Teams/ietabhelper (11).exe";"VERSION";"1.0";"9.0";"2023-06-23T09:04:45Z";"1028504"
"fethy.faradji@infopro-digital.com -> UserMercury@infopro-digital.com";"Fichiers de conversation Microsoft Teams/Import SIM_semaine_numero mag_cloture 2025.xlsx";"VERSION";"1.0";"9.0";"2025-12-10T15:33:13Z";"27961"
"fethy.faradji@infopro-digital.com -> UserMercury@infopro-digital.com";"Fichiers de conversation Microsoft Teams/Insert Errors Avis__c 14-10-2025.txt";"VERSION";"1.0";"9.0";"2025-10-14T15:46:49Z";"141154"
"fethy.faradji@infopro-digital.com -> UserMercury@infopro-digital.com";"Fichiers de conversation Microsoft Teams/Insert Errors Consommation_UP__c 01-02-2024.txt";"VERSION";"1.0";"9.0";"2024-02-01T14:26:45Z";"20827"
"fethy.faradji@infopro-digital.com -> UserMercury@infopro-digital.com";"Fichiers de conversation Microsoft Teams/Insert Errors Consommation_UP__c 22-04-2024.txt";"VERSION";"1.0";"9.0";"2024-04-22T13:59:06Z";"338299"
"fethy.faradji@infopro-digital.com -> UserMercury@infopro-digital.com";"Fichiers de conversation Microsoft Teams/Insert Ok Consommation_UP__c 19-04-2024.txt";"VERSION";"1.0";"9.0";"2024-04-22T14:17:48Z";"22211"
"fethy.faradji@infopro-digital.com -> UserMercury@infopro-digital.com";"Fichiers de conversation Microsoft Teams/insertrrimcsim (1).log";"VERSION";"1.0";"9.0";"2022-03-21T16:37:46Z";"19216"
"fethy.faradji@infopro-digital.com -> UserMercury@infopro-digital.com";"Fichiers de conversation Microsoft Teams/insertrrimcsim (1).txt";"VERSION";"1.0";"9.0";"2022-03-21T13:07:33Z";"96342"
"fethy.faradji@infopro-digital.com -> UserMercury@infopro-digital.com";"Fichiers de conversation Microsoft Teams/insertrrimcsim.log";"VERSION";"1.0";"9.0";"2022-03-21T16:37:46Z";"19216"
"fethy.faradji@infopro-digital.com -> UserMercury@infopro-digital.com";"Fichiers de conversation Microsoft Teams/intcod créer dans saleforces.xlsx";"VERSION";"1.0";"1.0";"2023-12-11T13:49:22Z";"24894"
"fethy.faradji@infopro-digital.com -> UserMercury@infopro-digital.com";"Fichiers de conversation Microsoft Teams/Integration.zip";"VERSION";"1.0";"1.0";"2022-01-12T09:10:11Z";"3361992"
"fethy.faradji@infopro-digital.com -> UserMercury@infopro-digital.com";"Fichiers de conversation Microsoft Teams/Integration.zip";"VERSION";"2.0";"2.0";"2022-01-12T16:26:17Z";"3361992"
"fethy.faradji@infopro-digital.com -> UserMercury@infopro-digital.com";"Fichiers de conversation Microsoft Teams/Integration.zip";"VERSION";"3.0";"3.0";"2022-01-18T10:29:24Z";"3361992"
"fethy.faradji@infopro-digital.com -> UserMercury@infopro-digital.com";"Fichiers de conversation Microsoft Teams/Integration.zip";"VERSION";"4.0";"4.0";"2022-01-18T14:18:15Z";"3361992"
"fethy.faradji@infopro-digital.com -> UserMercury@infopro-digital.com";"Fichiers de conversation Microsoft Teams/Integration.zip";"VERSION";"5.0";"6.0";"2023-03-24T09:53:24Z";"5228678"
"fethy.faradji@infopro-digital.com -> UserMercury@infopro-digital.com";"Fichiers de conversation Microsoft Teams/INTERV_VPLUS.zip";"VERSION";"1.0";"9.0";"2021-12-06T13:38:06Z";"14589348"
"fethy.faradji@infopro-digital.com -> UserMercury@infopro-digital.com";"Fichiers de conversation Microsoft Teams/interv-sim-avec-siret.xls";"VERSION";"1.0";"9.0";"2021-12-17T14:45:45Z";"10546635"
"fethy.faradji@infopro-digital.com -> UserMercury@infopro-digital.com";"Fichiers de conversation Microsoft Teams/Inventaire (1).csv.gz";"VERSION";"1.0";"9.0";"2026-04-29T07:41:19Z";"221512"
"fethy.faradji@infopro-digital.com -> UserMercury@infopro-digital.com";"Fichiers de conversation Microsoft Teams/Jerome - actions tous les matins.docx";"VERSION";"1.0";"9.0";"2022-05-10T15:14:40Z";"88163"
"fethy.faradji@infopro-digital.com -> UserMercury@infopro-digital.com";"Fichiers de conversation Microsoft Teams/jo_boamp.xsd";"VERSION";"1.0";"9.0";"2022-01-06T17:19:15Z";"460648"
"fethy.faradji@infopro-digital.com -> UserMercury@infopro-digital.com";"Fichiers de conversation Microsoft Teams/jo_types.xsd";"VERSION";"1.0";"9.0";"2022-01-06T17:19:15Z";"584055"
"fethy.faradji@infopro-digital.com -> UserMercury@infopro-digital.com";"Fichiers de conversation Microsoft Teams/JOUE.zip";"VERSION";"1.0";"9.0";"2022-08-23T13:36:24Z";"22035866"
"fethy.faradji@infopro-digital.com -> UserMercury@infopro-digital.com";"Fichiers de conversation Microsoft Teams/la BOAMP V+.jpg";"VERSION";"1.0";"6.0";"2021-11-03T13:50:57Z";"85854"
"fethy.faradji@infopro-digital.com -> UserMercury@infopro-digital.com";"Fichiers de conversation Microsoft Teams/la requete magique.txt";"VERSION";"1.0";"1.0";"2021-12-21T17:16:41Z";"1495"
"fethy.faradji@infopro-digital.com -> UserMercury@infopro-digital.com";"Fichiers de conversation Microsoft Teams/la requete magique.txt";"VERSION";"2.0";"3.0";"2021-12-21T17:31:02Z";"842"
"fethy.faradji@infopro-digital.com -> UserMercury@infopro-digital.com";"Fichiers de conversation Microsoft Teams/lance_explorer_simadm.bat";"VERSION";"1.0";"1.0";"2023-10-04T15:04:16Z";"82"
"fethy.faradji@infopro-digital.com -> UserMercury@infopro-digital.com";"Fichiers de conversation Microsoft Teams/lance_explorer_simadm.bat";"VERSION";"2.0";"3.0";"2023-10-04T15:04:58Z";"82"
"fethy.faradji@infopro-digital.com -> UserMercury@infopro-digital.com";"Fichiers de conversation Microsoft Teams/le_script.sql";"VERSION";"1.0";"9.0";"2024-06-19T13:13:06Z";"5940"
"fethy.faradji@infopro-digital.com -> UserMercury@infopro-digital.com";"Fichiers de conversation Microsoft Teams/licences202608261014.xlsx";"VERSION";"1.0";"9.0";"2026-08-26T08:15:01Z";"13433"
"fethy.faradji@infopro-digital.com -> UserMercury@infopro-digital.com";"Fichiers de conversation Microsoft Teams/licences202608261015_full.xlsx";"VERSION";"1.0";"9.0";"2026-08-26T08:15:54Z";"1090807"
"fethy.faradji@infopro-digital.com -> UserMercury@infopro-digital.com";"Fichiers de conversation Microsoft Teams/List Avis Prod v2.1.xlsx";"VERSION";"2.0";"3.0";"2023-09-06T10:14:32Z";"7314116"
"fethy.faradji@infopro-digital.com -> UserMercury@infopro-digital.com";"Fichiers de conversation Microsoft Teams/LISTE FACTURES AO 2229 avec facture POC_BIM.xlsx";"VERSION";"1.0";"1.0";"2022-07-25T12:12:03Z";"27003"
"fethy.faradji@infopro-digital.com -> UserMercury@infopro-digital.com";"Fichiers de conversation Microsoft Teams/LISTE FACTURES AO 2229 avec facture POC_BIM.xlsx";"VERSION";"2.0";"3.0";"2022-07-25T12:12:42Z";"26379"
"fethy.faradji@infopro-digital.com -> UserMercury@infopro-digital.com";"Fichiers de conversation Microsoft Teams/liste_des_contrats_avec un contrat de plus de 3650.xls";"VERSION";"1.0";"9.0";"2021-09-10T10:16:55Z";"395382"
"fethy.faradji@infopro-digital.com -> UserMercury@infopro-digital.com";"Fichiers de conversation Microsoft Teams/liste_traitement_paseo.xlsx";"VERSION";"1.0";"1.0";"2022-06-17T15:11:49Z";"12000"
"fethy.faradji@infopro-digital.com -> UserMercury@infopro-digital.com";"Fichiers de conversation Microsoft Teams/Liste_transformation_AO_PUB.xlsb.xlsx";"VERSION";"1.0";"1.0";"2022-01-12T16:27:36Z";"25874"
"fethy.faradji@infopro-digital.com -> UserMercury@infopro-digital.com";"Fichiers de conversation Microsoft Teams/log_erreur_update_pub.xlsx";"VERSION";"1.0";"1.0";"2024-07-31T12:24:05Z";"15236"
"fethy.faradji@infopro-digital.com -> UserMercury@infopro-digital.com";"Fichiers de conversation Microsoft Teams/log_erreur_update_pub.xlsx";"VERSION";"2.0";"2.0";"2024-08-06T08:39:23Z";"13967"
"fethy.faradji@infopro-digital.com -> UserMercury@infopro-digital.com";"Fichiers de conversation Microsoft Teams/log_erreur_update_pub.xlsx";"VERSION";"3.0";"4.0";"2024-08-07T08:48:33Z";"17398"
"fethy.faradji@infopro-digital.com -> UserMercury@infopro-digital.com";"Fichiers de conversation Microsoft Teams/logo_DWS_claire.png";"VERSION";"1.0";"6.0";"2025-09-10T08:59:41Z";"2563857"
"fethy.faradji@infopro-digital.com -> UserMercury@infopro-digital.com";"Fichiers de conversation Microsoft Teams/logo_DWS_foncé.png";"VERSION";"1.0";"6.0";"2025-09-10T08:59:41Z";"3241429"
"fethy.faradji@infopro-digital.com -> UserMercury@infopro-digital.com";"Fichiers de conversation Microsoft Teams/logo_infopro.png";"VERSION";"1.0";"6.0";"2024-06-11T13:52:50Z";"190216"
"fethy.faradji@infopro-digital.com -> UserMercury@infopro-digital.com";"Fichiers de conversation Microsoft Teams/logo_infopro2 1.png";"VERSION";"1.0";"6.0";"2024-06-11T14:33:07Z";"212525"
"fethy.faradji@infopro-digital.com -> UserMercury@infopro-digital.com";"Fichiers de conversation Microsoft Teams/logo_infopro2.png";"VERSION";"1.0";"6.0";"2024-06-11T13:55:40Z";"194197"
"fethy.faradji@infopro-digital.com -> UserMercury@infopro-digital.com";"Fichiers de conversation Microsoft Teams/logo_mail_petit.png";"VERSION";"1.0";"6.0";"2024-10-07T15:02:45Z";"345550"
"fethy.faradji@infopro-digital.com -> UserMercury@infopro-digital.com";"Fichiers de conversation Microsoft Teams/logo_mail_petit3.png";"VERSION";"1.0";"6.0";"2024-12-03T09:27:06Z";"252052"
"fethy.faradji@infopro-digital.com -> UserMercury@infopro-digital.com";"Fichiers de conversation Microsoft Teams/logo_mail2 1.png";"VERSION";"1.0";"6.0";"2024-10-07T11:26:19Z";"820540"
"fethy.faradji@infopro-digital.com -> UserMercury@infopro-digital.com";"Fichiers de conversation Microsoft Teams/logo_mail2.png";"VERSION";"1.0";"6.0";"2024-10-07T11:20:45Z";"820540"
"fethy.faradji@infopro-digital.com -> UserMercury@infopro-digital.com";"Fichiers de conversation Microsoft Teams/logo_mercury.png";"VERSION";"1.0";"6.0";"2026-06-05T13:00:50Z";"2035080"
"fethy.faradji@infopro-digital.com -> UserMercury@infopro-digital.com";"Fichiers de conversation Microsoft Teams/Logo_Mysupport_V1.png";"VERSION";"1.0";"6.0";"2024-09-26T06:57:16Z";"23213"
"fethy.faradji@infopro-digital.com -> UserMercury@infopro-digital.com";"Fichiers de conversation Microsoft Teams/Logo_Mysupport_V5.png";"VERSION";"1.0";"6.0";"2024-09-26T08:15:17Z";"17553"
"fethy.faradji@infopro-digital.com -> UserMercury@infopro-digital.com";"Fichiers de conversation Microsoft Teams/Logs---SIM_SF.zip";"VERSION";"1.0";"9.0";"2026-02-23T14:21:44Z";"57851410"
"fethy.faradji@infopro-digital.com -> UserMercury@infopro-digital.com";"Fichiers de conversation Microsoft Teams/M.ico";"VERSION";"1.0";"9.0";"2021-11-02T13:16:31Z";"766"
"fethy.faradji@infopro-digital.com -> UserMercury@infopro-digital.com";"Fichiers de conversation Microsoft Teams/M3928458.docx";"VERSION";"1.0";"9.0";"2022-12-22T09:11:51Z";"45203"
"fethy.faradji@infopro-digital.com -> UserMercury@infopro-digital.com";"Fichiers de conversation Microsoft Teams/M4047699.doc";"VERSION";"1.0";"9.0";"2024-02-09T09:02:32Z";"26112"
"fethy.faradji@infopro-digital.com -> UserMercury@infopro-digital.com";"Fichiers de conversation Microsoft Teams/M4047699.xml";"VERSION";"1.0";"9.0";"2024-02-09T09:09:17Z";"2614"
"fethy.faradji@infopro-digital.com -> UserMercury@infopro-digital.com";"Fichiers de conversation Microsoft Teams/M4055407.doc";"VERSION";"1.0";"9.0";"2024-02-21T15:07:19Z";"30208"
"fethy.faradji@infopro-digital.com -> UserMercury@infopro-digital.com";"Fichiers de conversation Microsoft Teams/manquant_avis_sans_publications.csv";"VERSION";"1.0";"9.0";"2024-06-27T14:17:03Z";"1691454"
"fethy.faradji@infopro-digital.com -> UserMercury@infopro-digital.com";"Fichiers de conversation Microsoft Teams/mdp yann";"VERSION";"1.0";"9.0";"2024-01-15T13:23:02Z";"18"
"fethy.faradji@infopro-digital.com -> UserMercury@infopro-digital.com";"Fichiers de conversation Microsoft Teams/mdp.txt";"VERSION";"1.0";"9.0";"2025-11-18T14:21:18Z";"16"
"fethy.faradji@infopro-digital.com -> UserMercury@infopro-digital.com";"Fichiers de conversation Microsoft Teams/mep20250225.zip";"VERSION";"1.0";"9.0";"2025-02-17T14:39:04Z";"18184"
"fethy.faradji@infopro-digital.com -> UserMercury@infopro-digital.com";"Fichiers de conversation Microsoft Teams/mep20250603.zip";"VERSION";"1.0";"9.0";"2025-06-03T07:43:56Z";"36831"
"fethy.faradji@infopro-digital.com -> UserMercury@infopro-digital.com";"Fichiers de conversation Microsoft Teams/MFA.txt";"VERSION";"1.0";"9.0";"2021-04-01T12:38:16Z";"80"
"fethy.faradji@infopro-digital.com -> UserMercury@infopro-digital.com";"Fichiers de conversation Microsoft Teams/MicrosoftSSISOracleConnectorX64.msi";"VERSION";"1.0";"9.0";"2022-02-08T09:35:27Z";"17596416"
"fethy.faradji@infopro-digital.com -> UserMercury@infopro-digital.com";"Fichiers de conversation Microsoft Teams/MicrosoftTeams-image (1).png";"VERSION";"1.0";"6.0";"2023-07-24T08:55:32Z";"674622"
"fethy.faradji@infopro-digital.com -> UserMercury@infopro-digital.com";"Fichiers de conversation Microsoft Teams/MicrosoftTeams-image (2).png";"VERSION";"1.0";"6.0";"2023-07-24T11:38:39Z";"389474"
"fethy.faradji@infopro-digital.com -> UserMercury@infopro-digital.com";"Fichiers de conversation Microsoft Teams/mise a jour de compte_adresse.xlsx";"VERSION";"1.0";"1.0";"2023-10-18T10:15:12Z";"1030038"
"fethy.faradji@infopro-digital.com -> UserMercury@infopro-digital.com";"Fichiers de conversation Microsoft Teams/mise a jour de compte_adresse.xlsx";"VERSION";"2.0";"3.0";"2023-10-18T11:39:06Z";"1019741"
"fethy.faradji@infopro-digital.com -> UserMercury@infopro-digital.com";"Fichiers de conversation Microsoft Teams/mise a jour de compte_adresse_siret.xlsx";"VERSION";"1.0";"1.0";"2023-10-18T10:19:11Z";"26824"
"fethy.faradji@infopro-digital.com -> UserMercury@infopro-digital.com";"Fichiers de conversation Microsoft Teams/mise a jour de compte_adresse_siret.xlsx";"VERSION";"2.0";"2.0";"2023-10-18T12:07:33Z";"26141"
"fethy.faradji@infopro-digital.com -> UserMercury@infopro-digital.com";"Fichiers de conversation Microsoft Teams/mise a jour de compte_adresse_siret.xlsx";"VERSION";"3.0";"4.0";"2023-10-18T13:58:04Z";"26233"
"fethy.faradji@infopro-digital.com -> UserMercury@infopro-digital.com";"Fichiers de conversation Microsoft Teams/mise a jour semaine BIM 1.zip";"VERSION";"1.0";"9.0";"2024-01-11T10:19:07Z";"4863"
"fethy.faradji@infopro-digital.com -> UserMercury@infopro-digital.com";"Fichiers de conversation Microsoft Teams/mise a jour semaine BIM.zip";"VERSION";"1.0";"9.0";"2023-01-12T15:25:19Z";"4125"
"fethy.faradji@infopro-digital.com -> UserMercury@infopro-digital.com";"Fichiers de conversation Microsoft Teams/MN-DMS_FA_AM_pub_flux-3948901.zip";"VERSION";"1.0";"9.0";"2023-03-07T10:22:00Z";"273636"
"fethy.faradji@infopro-digital.com -> UserMercury@infopro-digital.com";"Fichiers de conversation Microsoft Teams/Modele_CRA_Avril_2021 (1).xlsx";"VERSION";"1.0";"9.0";"2021-04-27T08:13:52Z";"52930"
"fethy.faradji@infopro-digital.com -> UserMercury@infopro-digital.com";"Fichiers de conversation Microsoft Teams/Mol_Save_DataBase.zip";"VERSION";"1.0";"9.0";"2021-07-09T13:17:18Z";"8208832"
"fethy.faradji@infopro-digital.com -> UserMercury@infopro-digital.com";"Fichiers de conversation Microsoft Teams/Monimail_V2-doc_technique.docx";"VERSION";"1.0";"9.0";"2023-07-31T15:20:48Z";"3179350"
"fethy.faradji@infopro-digital.com -> UserMercury@infopro-digital.com";"Fichiers de conversation Microsoft Teams/Monimail_V2-doc_techniqueV1.0.1 – Copie.docx";"VERSION";"1.0";"9.0";"2024-04-04T12:19:03Z";"3430552"
"fethy.faradji@infopro-digital.com -> UserMercury@infopro-digital.com";"Fichiers de conversation Microsoft Teams/Monimail_V2-doc_techniqueV1.0.1 1.docx";"VERSION";"1.0";"1.0";"2024-06-10T12:50:25Z";"3431760"
"fethy.faradji@infopro-digital.com -> UserMercury@infopro-digital.com";"Fichiers de conversation Microsoft Teams/Monimail_V2-doc_techniqueV1.0.1 1.docx";"VERSION";"2.0";"2.0";"2024-06-10T12:50:25Z";"3431760"
"fethy.faradji@infopro-digital.com -> UserMercury@infopro-digital.com";"Fichiers de conversation Microsoft Teams/Monimail_V2-doc_techniqueV1.0.1 1.docx";"VERSION";"3.0";"4.0";"2026-05-18T09:50:02Z";"3432684"
"fethy.faradji@infopro-digital.com -> UserMercury@infopro-digital.com";"Fichiers de conversation Microsoft Teams/Monimail_V2-doc_techniqueV1.0.1.docx";"VERSION";"1.0";"9.0";"2023-08-04T15:01:08Z";"3430552"
"fethy.faradji@infopro-digital.com -> UserMercury@infopro-digital.com";"Fichiers de conversation Microsoft Teams/mREMONTENG.xml";"VERSION";"1.0";"9.0";"2025-03-10T11:19:38Z";"657691"
"fethy.faradji@infopro-digital.com -> UserMercury@infopro-digital.com";"Fichiers de conversation Microsoft Teams/MSGraphExchangeOnlineAuth20260717_2 1.cer";"VERSION";"1.0";"9.0";"2026-08-04T14:17:22Z";"826"
"fethy.faradji@infopro-digital.com -> UserMercury@infopro-digital.com";"Fichiers de conversation Microsoft Teams/MSGraphExchangeOnlineAuth20260717_2 1.pfx";"VERSION";"1.0";"9.0";"2026-08-04T14:17:22Z";"2699"
"fethy.faradji@infopro-digital.com -> UserMercury@infopro-digital.com";"Fichiers de conversation Microsoft Teams/MSGraphExchangeOnlineAuth20260717_2.cer";"VERSION";"1.0";"9.0";"2026-07-17T09:28:00Z";"826"
"fethy.faradji@infopro-digital.com -> UserMercury@infopro-digital.com";"Fichiers de conversation Microsoft Teams/MSGraphExchangeOnlineAuth20260717_2.pfx";"VERSION";"1.0";"9.0";"2026-07-17T09:28:00Z";"2707"
"fethy.faradji@infopro-digital.com -> UserMercury@infopro-digital.com";"Fichiers de conversation Microsoft Teams/my support.png";"VERSION";"1.0";"6.0";"2024-11-21T13:32:45Z";"17831"
"fethy.faradji@infopro-digital.com -> UserMercury@infopro-digital.com";"Fichiers de conversation Microsoft Teams/nameshields_Extract_DWS.xlsx";"VERSION";"1.0";"9.0";"2025-12-12T14:15:00Z";"7440766"
"fethy.faradji@infopro-digital.com -> UserMercury@infopro-digital.com";"Fichiers de conversation Microsoft Teams/netoyage order.xlsx";"VERSION";"1.0";"1.0";"2024-08-13T14:45:25Z";"398908"
"fethy.faradji@infopro-digital.com -> UserMercury@infopro-digital.com";"Fichiers de conversation Microsoft Teams/netoyage order.xlsx";"VERSION";"2.0";"3.0";"2024-08-19T09:10:44Z";"368028"
"fethy.faradji@infopro-digital.com -> UserMercury@infopro-digital.com";"Fichiers de conversation Microsoft Teams/Netoyage_SF_Edit (007).sql";"VERSION";"1.0";"9.0";"2023-10-04T12:19:40Z";"5148"
"fethy.faradji@infopro-digital.com -> UserMercury@infopro-digital.com";"Fichiers de conversation Microsoft Teams/netoyage_sif.sql";"VERSION";"1.0";"9.0";"2022-11-24T11:18:27Z";"3060"
"fethy.faradji@infopro-digital.com -> UserMercury@infopro-digital.com";"Fichiers de conversation Microsoft Teams/nouveau 1.txt";"VERSION";"1.0";"9.0";"2023-08-21T12:45:51Z";"894"
"fethy.faradji@infopro-digital.com -> UserMercury@infopro-digital.com";"Fichiers de conversation Microsoft Teams/nouveau 2.txt";"VERSION";"1.0";"9.0";"2023-05-26T14:49:36Z";"122"
"fethy.faradji@infopro-digital.com -> UserMercury@infopro-digital.com";"Fichiers de conversation Microsoft Teams/nouveau 3.txt";"VERSION";"1.0";"9.0";"2023-03-30T09:09:55Z";"4611"
"fethy.faradji@infopro-digital.com -> UserMercury@infopro-digital.com";"Fichiers de conversation Microsoft Teams/nouveau 5.txt";"VERSION";"1.0";"9.0";"2023-04-14T09:39:44Z";"1588"
"fethy.faradji@infopro-digital.com -> UserMercury@infopro-digital.com";"Fichiers de conversation Microsoft Teams/nouveau 52.txt";"VERSION";"1.0";"9.0";"2025-08-08T14:15:49Z";"18219"
"fethy.faradji@infopro-digital.com -> UserMercury@infopro-digital.com";"Fichiers de conversation Microsoft Teams/Nouveau dossier (2).zip";"VERSION";"1.0";"9.0";"2022-10-19T13:10:43Z";"155776"
"fethy.faradji@infopro-digital.com -> UserMercury@infopro-digital.com";"Fichiers de conversation Microsoft Teams/nouveau droit bdd- V2 .xlsx";"VERSION";"1.0";"1.0";"2023-02-15T10:15:49Z";"12236"
"fethy.faradji@infopro-digital.com -> UserMercury@infopro-digital.com";"Fichiers de conversation Microsoft Teams/nouveau droit bdd- V2 .xlsx";"VERSION";"2.0";"3.0";"2023-02-15T10:39:38Z";"12236"
"fethy.faradji@infopro-digital.com -> UserMercury@infopro-digital.com";"Fichiers de conversation Microsoft Teams/nouveau droit bdd- V2.xlsx";"VERSION";"1.0";"1.0";"2023-02-15T10:13:57Z";"12194"
"fethy.faradji@infopro-digital.com -> UserMercury@infopro-digital.com";"Fichiers de conversation Microsoft Teams/nouveau droit bdd- V2.xlsx";"VERSION";"2.0";"2.0";"2023-02-15T10:15:28Z";"12226"
"fethy.faradji@infopro-digital.com -> UserMercury@infopro-digital.com";"Fichiers de conversation Microsoft Teams/nouveau droit bdd- V2.xlsx";"VERSION";"3.0";"4.0";"2023-03-06T14:07:48Z";"12789"
"fethy.faradji@infopro-digital.com -> UserMercury@infopro-digital.com";"Fichiers de conversation Microsoft Teams/nouveau droit bdd.xlsx";"VERSION";"1.0";"1.0";"2023-02-09T14:37:36Z";"11879"
"fethy.faradji@infopro-digital.com -> UserMercury@infopro-digital.com";"Fichiers de conversation Microsoft Teams/nouveau droit bdd.xlsx";"VERSION";"2.0";"2.0";"2023-02-10T15:32:26Z";"11756"
"fethy.faradji@infopro-digital.com -> UserMercury@infopro-digital.com";"Fichiers de conversation Microsoft Teams/nouveau droit bdd.xlsx";"VERSION";"3.0";"4.0";"2023-02-15T10:13:57Z";"12194"
"fethy.faradji@infopro-digital.com -> UserMercury@infopro-digital.com";"Fichiers de conversation Microsoft Teams/npatunnel.pcap";"VERSION";"1.0";"9.0";"2025-01-16T13:47:22Z";"10353"
"fethy.faradji@infopro-digital.com -> UserMercury@infopro-digital.com";"Fichiers de conversation Microsoft Teams/nspktdump.pcap";"VERSION";"1.0";"9.0";"2025-01-16T13:47:22Z";"9788"
"fethy.faradji@infopro-digital.com -> UserMercury@infopro-digital.com";"Fichiers de conversation Microsoft Teams/NUTS.xsd";"VERSION";"1.0";"9.0";"2022-01-06T17:19:15Z";"76589"
"fethy.faradji@infopro-digital.com -> UserMercury@infopro-digital.com";"Fichiers de conversation Microsoft Teams/OneDrive_1_07-04-2022.zip";"VERSION";"1.0";"9.0";"2022-04-07T13:44:07Z";"5436365"
"fethy.faradji@infopro-digital.com -> UserMercury@infopro-digital.com";"Fichiers de conversation Microsoft Teams/OneDrive_Copy_2026-08-04_145929.log";"VERSION";"1.0";"9.0";"2026-08-04T14:09:48Z";"12771"
"fethy.faradji@infopro-digital.com -> UserMercury@infopro-digital.com";"Fichiers de conversation Microsoft Teams/OneDrive_Errors_2026-04-14_174542 - Copie.csv";"VERSION";"1.0";"9.0";"2026-04-15T08:16:49Z";"24810"
"fethy.faradji@infopro-digital.com -> UserMercury@infopro-digital.com";"Fichiers de conversation Microsoft Teams/OneDrive_Errors_2026-04-14_174542.csv";"VERSION";"1.0";"9.0";"2026-04-15T08:16:49Z";"2976"
"fethy.faradji@infopro-digital.com -> UserMercury@infopro-digital.com";"Fichiers de conversation Microsoft Teams/oracle_monitoring_with spy 1.zip";"VERSION";"1.0";"9.0";"2026-02-03T16:41:40Z";"5823"
"fethy.faradji@infopro-digital.com -> UserMercury@infopro-digital.com";"Fichiers de conversation Microsoft Teams/oracle_monitoring_with spy.zip";"VERSION";"1.0";"9.0";"2026-02-03T10:56:37Z";"5824"
"fethy.faradji@infopro-digital.com -> UserMercury@infopro-digital.com";"Fichiers de conversation Microsoft Teams/Order_2.csv";"VERSION";"1.0";"9.0";"2024-11-05T14:00:23Z";"33871"
"fethy.faradji@infopro-digital.com -> UserMercury@infopro-digital.com";"Fichiers de conversation Microsoft Teams/order_a_delete.xls";"VERSION";"1.0";"9.0";"2024-08-20T08:48:54Z";"29696"
"fethy.faradji@infopro-digital.com -> UserMercury@infopro-digital.com";"Fichiers de conversation Microsoft Teams/Order_last.csv";"VERSION";"1.0";"1.0";"2023-09-20T15:58:57Z";"1424"
"fethy.faradji@infopro-digital.com -> UserMercury@infopro-digital.com";"Fichiers de conversation Microsoft Teams/Order_last.csv";"VERSION";"2.0";"3.0";"2023-09-20T16:00:12Z";"1421"
"fethy.faradji@infopro-digital.com -> UserMercury@infopro-digital.com";"Fichiers de conversation Microsoft Teams/order_sans_publications.xlsx";"VERSION";"1.0";"1.0";"2024-08-06T13:34:57Z";"59523"
"fethy.faradji@infopro-digital.com -> UserMercury@infopro-digital.com";"Fichiers de conversation Microsoft Teams/order_sans_publications.xlsx";"VERSION";"2.0";"2.0";"2024-08-06T13:36:00Z";"55726"
"fethy.faradji@infopro-digital.com -> UserMercury@infopro-digital.com";"Fichiers de conversation Microsoft Teams/PAC-BasculeEtPurge_SIM.xlsx";"VERSION";"1.0";"1.0";"2023-10-20T12:41:00Z";"23071"
"fethy.faradji@infopro-digital.com -> UserMercury@infopro-digital.com";"Fichiers de conversation Microsoft Teams/PARENT_Account_PROD_ss_siret_V1.xlsx";"VERSION";"1.0";"1.0";"2023-09-18T13:09:50Z";"89282"
"fethy.faradji@infopro-digital.com -> UserMercury@infopro-digital.com";"Fichiers de conversation Microsoft Teams/PARENT_Account_PROD_ss_siret_V1.xlsx";"VERSION";"2.0";"3.0";"2024-05-31T08:55:58Z";"85912"
"fethy.faradji@infopro-digital.com -> UserMercury@infopro-digital.com";"Fichiers de conversation Microsoft Teams/PARENT_Account_PROD_ss_siret_V2.xlsx";"VERSION";"1.0";"1.0";"2023-09-18T13:14:44Z";"150330"
"fethy.faradji@infopro-digital.com -> UserMercury@infopro-digital.com";"Fichiers de conversation Microsoft Teams/PARENT_Account_PROD_ss_siret_V2.xlsx";"VERSION";"2.0";"3.0";"2023-09-18T13:20:26Z";"150344"
"fethy.faradji@infopro-digital.com -> UserMercury@infopro-digital.com";"Fichiers de conversation Microsoft Teams/PARENT_Account_PROD_V3.xlsx";"VERSION";"1.0";"1.0";"2023-09-15T09:07:54Z";"193498"
"fethy.faradji@infopro-digital.com -> UserMercury@infopro-digital.com";"Fichiers de conversation Microsoft Teams/PARENT_Account_PROD_V3.xlsx";"VERSION";"2.0";"3.0";"2023-09-15T10:25:53Z";"190722"
"fethy.faradji@infopro-digital.com -> UserMercury@infopro-digital.com";"Fichiers de conversation Microsoft Teams/parent_enfant_patenariats.xlsx";"VERSION";"1.0";"9.0";"2023-06-09T14:40:29Z";"82109"
"fethy.faradji@infopro-digital.com -> UserMercury@infopro-digital.com";"Fichiers de conversation Microsoft Teams/partenariat_SF 1.xlsx";"VERSION";"1.0";"1.0";"2024-04-30T14:17:43Z";"52484"
"fethy.faradji@infopro-digital.com -> UserMercury@infopro-digital.com";"Fichiers de conversation Microsoft Teams/partenariat_SF 1.xlsx";"VERSION";"2.0";"2.0";"2024-04-30T14:18:16Z";"52601"
"fethy.faradji@infopro-digital.com -> UserMercury@infopro-digital.com";"Fichiers de conversation Microsoft Teams/partenariat_SF.xlsx";"VERSION";"1.0";"1.0";"2024-04-30T14:02:15Z";"40867"
"fethy.faradji@infopro-digital.com -> UserMercury@infopro-digital.com";"Fichiers de conversation Microsoft Teams/partenariat_SF.xlsx";"VERSION";"2.0";"3.0";"2024-04-30T14:03:56Z";"52028"
"fethy.faradji@infopro-digital.com -> UserMercury@infopro-digital.com";"Fichiers de conversation Microsoft Teams/PC10031.cer";"VERSION";"1.0";"9.0";"2025-06-17T09:43:42Z";"1514"
"fethy.faradji@infopro-digital.com -> UserMercury@infopro-digital.com";"Fichiers de conversation Microsoft Teams/PC10031_info_lcal.csr";"VERSION";"1.0";"9.0";"2025-06-17T14:59:55Z";"1021"
"fethy.faradji@infopro-digital.com -> UserMercury@infopro-digital.com";"Fichiers de conversation Microsoft Teams/PC10031_info_local.cer";"VERSION";"1.0";"9.0";"2025-06-17T15:15:56Z";"1996"
"fethy.faradji@infopro-digital.com -> UserMercury@infopro-digital.com";"Fichiers de conversation Microsoft Teams/PC10031_info_local.csr";"VERSION";"1.0";"9.0";"2025-06-17T15:05:31Z";"1025"
"fethy.faradji@infopro-digital.com -> UserMercury@infopro-digital.com";"Fichiers de conversation Microsoft Teams/PC10031_info_local.pfx";"VERSION";"1.0";"9.0";"2025-06-17T15:12:17Z";"3013"
"fethy.faradji@infopro-digital.com -> UserMercury@infopro-digital.com";"Fichiers de conversation Microsoft Teams/périmetre RRIM-CSIM - SIM.xlsx";"VERSION";"1.0";"1.0";"2024-05-13T14:08:50Z";"3187227"
"fethy.faradji@infopro-digital.com -> UserMercury@infopro-digital.com";"Fichiers de conversation Microsoft Teams/périmetre RRIM-CSIM - SIM.xlsx";"VERSION";"2.0";"3.0";"2024-05-13T14:09:48Z";"3113969"
"fethy.faradji@infopro-digital.com -> UserMercury@infopro-digital.com";"Fichiers de conversation Microsoft Teams/piedPage_GISI.eps";"VERSION";"1.0";"9.0";"2024-07-31T07:15:04Z";"1603319"
"fethy.faradji@infopro-digital.com -> UserMercury@infopro-digital.com";"Fichiers de conversation Microsoft Teams/piedPage_GroupeMoniteur.eps";"VERSION";"1.0";"9.0";"2024-07-31T07:09:54Z";"454406"
"fethy.faradji@infopro-digital.com -> UserMercury@infopro-digital.com";"Fichiers de conversation Microsoft Teams/piedPage_GroupeMoniteur_old.eps";"VERSION";"1.0";"9.0";"2024-07-31T07:09:54Z";"446950"
"fethy.faradji@infopro-digital.com -> UserMercury@infopro-digital.com";"Fichiers de conversation Microsoft Teams/plan B - contre lotus.png";"VERSION";"1.0";"6.0";"2022-10-28T15:34:42Z";"35840"
"fethy.faradji@infopro-digital.com -> UserMercury@infopro-digital.com";"Fichiers de conversation Microsoft Teams/pouky.zip";"VERSION";"1.0";"9.0";"2022-10-18T12:32:21Z";"133106405"
"fethy.faradji@infopro-digital.com -> UserMercury@infopro-digital.com";"Fichiers de conversation Microsoft Teams/PRC-DeploiementProjetSSIS - Copie.docx";"VERSION";"1.0";"9.0";"2022-12-28T08:33:50Z";"76743"
"fethy.faradji@infopro-digital.com -> UserMercury@infopro-digital.com";"Fichiers de conversation Microsoft Teams/PRC-DeploiementProjetSSIS.docx";"VERSION";"1.0";"9.0";"2022-12-27T11:13:13Z";"76743"
"fethy.faradji@infopro-digital.com -> UserMercury@infopro-digital.com";"Fichiers de conversation Microsoft Teams/previewCdtAutres.html";"VERSION";"1.0";"9.0";"2022-01-12T09:17:14Z";"4711"
"fethy.faradji@infopro-digital.com -> UserMercury@infopro-digital.com";"Fichiers de conversation Microsoft Teams/Prise_en_main_Monimail2.pdf";"VERSION";"1.0";"9.0";"2024-04-04T12:19:55Z";"758796"
"fethy.faradji@infopro-digital.com -> UserMercury@infopro-digital.com";"Fichiers de conversation Microsoft Teams/problème_adresse.xlsx";"VERSION";"1.0";"9.0";"2023-12-11T09:25:08Z";"16736501"
"fethy.faradji@infopro-digital.com -> UserMercury@infopro-digital.com";"Fichiers de conversation Microsoft Teams/procédure.xlsx";"VERSION";"1.0";"1.0";"2023-03-30T14:35:09Z";"11270"
"fethy.faradji@infopro-digital.com -> UserMercury@infopro-digital.com";"Fichiers de conversation Microsoft Teams/procédure.xlsx";"VERSION";"2.0";"3.0";"2023-03-30T14:38:04Z";"11163"
"fethy.faradji@infopro-digital.com -> UserMercury@infopro-digital.com";"Fichiers de conversation Microsoft Teams/Process_compatibilité_SIMNET_Windows10.pdf";"VERSION";"1.0";"9.0";"2021-06-10T09:34:59Z";"685785"
"fethy.faradji@infopro-digital.com -> UserMercury@infopro-digital.com";"Fichiers de conversation Microsoft Teams/process_synchro_sim_sf.jpg";"VERSION";"1.0";"6.0";"2023-11-30T16:10:52Z";"64349"
"fethy.faradji@infopro-digital.com -> UserMercury@infopro-digital.com";"Fichiers de conversation Microsoft Teams/Production_MOL_20221016.zip";"VERSION";"1.0";"9.0";"2022-10-18T08:07:46Z";"3562051"
"fethy.faradji@infopro-digital.com -> UserMercury@infopro-digital.com";"Fichiers de conversation Microsoft Teams/Production_MOL_20230712-2.zip";"VERSION";"1.0";"9.0";"2023-07-21T12:10:42Z";"5698233"
"fethy.faradji@infopro-digital.com -> UserMercury@infopro-digital.com";"Fichiers de conversation Microsoft Teams/profile-dk-crankykong.7bf2a8f2.aead314d58b63e27.png";"VERSION";"1.0";"6.0";"2024-08-13T12:39:14Z";"173850"
"fethy.faradji@infopro-digital.com -> UserMercury@infopro-digital.com";"Fichiers de conversation Microsoft Teams/Program.cs";"VERSION";"1.0";"9.0";"2022-10-20T07:39:46Z";"3555"
"fethy.faradji@infopro-digital.com -> UserMercury@infopro-digital.com";"Fichiers de conversation Microsoft Teams/propriétaire de compte.xlsx";"VERSION";"1.0";"9.0";"2024-03-06T10:58:55Z";"1419598"
"fethy.faradji@infopro-digital.com -> UserMercury@infopro-digital.com";"Fichiers de conversation Microsoft Teams/provenance_monimail.xlsx";"VERSION";"1.0";"1.0";"2022-11-09T16:26:08Z";"11848"
"fethy.faradji@infopro-digital.com -> UserMercury@infopro-digital.com";"Fichiers de conversation Microsoft Teams/pub.csv";"VERSION";"1.0";"9.0";"2024-07-11T09:58:54Z";"184364"
"fethy.faradji@infopro-digital.com -> UserMercury@infopro-digital.com";"Fichiers de conversation Microsoft Teams/pub_a_sup.csv";"VERSION";"1.0";"9.0";"2024-07-01T09:26:55Z";"9106742"
"fethy.faradji@infopro-digital.com -> UserMercury@infopro-digital.com";"Fichiers de conversation Microsoft Teams/pub_ABO-1733132.xml";"VERSION";"1.0";"9.0";"2025-03-11T14:23:08Z";"867"
"fethy.faradji@infopro-digital.com -> UserMercury@infopro-digital.com";"Fichiers de conversation Microsoft Teams/pub_APC-4083036.xml";"VERSION";"1.0";"9.0";"2025-03-11T14:23:08Z";"5557"
"fethy.faradji@infopro-digital.com -> UserMercury@infopro-digital.com";"Fichiers de conversation Microsoft Teams/pub_CMPLT_RECT_txt-4083036.txt";"VERSION";"1.0";"9.0";"2025-03-11T14:23:08Z";"618"
"fethy.faradji@infopro-digital.com -> UserMercury@infopro-digital.com";"Fichiers de conversation Microsoft Teams/pub_CMPLT_RECT-4083036.xml";"VERSION";"1.0";"9.0";"2025-03-11T14:23:08Z";"1180"
"fethy.faradji@infopro-digital.com -> UserMercury@infopro-digital.com";"Fichiers de conversation Microsoft Teams/pub_flux-4083036.xml";"VERSION";"1.0";"9.0";"2025-03-11T14:23:08Z";"922"
"fethy.faradji@infopro-digital.com -> UserMercury@infopro-digital.com";"Fichiers de conversation Microsoft Teams/pub_insert_correction.csv";"VERSION";"1.0";"9.0";"2024-06-19T15:15:47Z";"710"
"fethy.faradji@infopro-digital.com -> UserMercury@infopro-digital.com";"Fichiers de conversation Microsoft Teams/pub_insert_oki.csv";"VERSION";"1.0";"9.0";"2024-06-19T14:57:51Z";"710"
"fethy.faradji@infopro-digital.com -> UserMercury@infopro-digital.com";"Fichiers de conversation Microsoft Teams/pub_RECT-3837634.xml";"VERSION";"1.0";"9.0";"2022-02-17T16:54:46Z";"1630"
"fethy.faradji@infopro-digital.com -> UserMercury@infopro-digital.com";"Fichiers de conversation Microsoft Teams/pub_RECT-4083036.xml";"VERSION";"1.0";"9.0";"2025-03-11T14:23:08Z";"1944"
"fethy.faradji@infopro-digital.com -> UserMercury@infopro-digital.com";"Fichiers de conversation Microsoft Teams/pub_test.csv";"VERSION";"1.0";"9.0";"2024-06-19T12:27:22Z";"788"
"fethy.faradji@infopro-digital.com -> UserMercury@infopro-digital.com";"Fichiers de conversation Microsoft Teams/publication 2021-2022.xlsx";"VERSION";"4.0";"5.0";"2023-10-02T17:12:52Z";"7629249"
"fethy.faradji@infopro-digital.com -> UserMercury@infopro-digital.com";"Fichiers de conversation Microsoft Teams/publication inf 2021.xlsx";"VERSION";"1.0";"9.0";"2023-10-02T16:03:14Z";"7146932"
"fethy.faradji@infopro-digital.com -> UserMercury@infopro-digital.com";"Fichiers de conversation Microsoft Teams/publication sup 2023.xlsx";"VERSION";"1.0";"1.0";"2023-10-02T16:10:04Z";"25464"
"fethy.faradji@infopro-digital.com -> UserMercury@infopro-digital.com";"Fichiers de conversation Microsoft Teams/publication sup 2023.xlsx";"VERSION";"2.0";"3.0";"2023-10-02T16:21:02Z";"27419"
"fethy.faradji@infopro-digital.com -> UserMercury@infopro-digital.com";"Fichiers de conversation Microsoft Teams/publication__c_R";"VERSION";"1.0";"9.0";"2024-11-04T10:37:02Z";"2706420"
"fethy.faradji@infopro-digital.com -> UserMercury@infopro-digital.com";"Fichiers de conversation Microsoft Teams/publication__c_R.csv";"VERSION";"1.0";"9.0";"2024-11-05T09:20:24Z";"2706420"
"fethy.faradji@infopro-digital.com -> UserMercury@infopro-digital.com";"Fichiers de conversation Microsoft Teams/publication_avec_filtre_sur_le_support.xlsx";"VERSION";"1.0";"9.0";"2024-01-26T09:31:19Z";"724013"
"fethy.faradji@infopro-digital.com -> UserMercury@infopro-digital.com";"Fichiers de conversation Microsoft Teams/publication_et_etat.xlsx";"VERSION";"1.0";"1.0";"2023-02-15T13:06:01Z";"14284"
"fethy.faradji@infopro-digital.com -> UserMercury@infopro-digital.com";"Fichiers de conversation Microsoft Teams/publication_et_etat.xlsx";"VERSION";"2.0";"2.0";"2023-02-15T14:13:16Z";"14157"
"fethy.faradji@infopro-digital.com -> UserMercury@infopro-digital.com";"Fichiers de conversation Microsoft Teams/publication_et_etat.xlsx";"VERSION";"3.0";"4.0";"2023-02-15T14:39:59Z";"14155"
"fethy.faradji@infopro-digital.com -> UserMercury@infopro-digital.com";"Fichiers de conversation Microsoft Teams/publication_sans_filtre_sur_le_support.xlsx";"VERSION";"1.0";"1.0";"2024-01-26T09:27:09Z";"726773"
"fethy.faradji@infopro-digital.com -> UserMercury@infopro-digital.com";"Fichiers de conversation Microsoft Teams/publication_sans_filtre_sur_le_support.xlsx";"VERSION";"2.0";"3.0";"2024-01-26T09:32:53Z";"719200"
"fethy.faradji@infopro-digital.com -> UserMercury@infopro-digital.com";"Fichiers de conversation Microsoft Teams/publications 1.xlsx";"VERSION";"1.0";"9.0";"2024-05-14T14:39:26Z";"2479025"
"fethy.faradji@infopro-digital.com -> UserMercury@infopro-digital.com";"Fichiers de conversation Microsoft Teams/publications.xlsx";"VERSION";"1.0";"1.0";"2024-03-12T13:52:20Z";"549898"
"fethy.faradji@infopro-digital.com -> UserMercury@infopro-digital.com";"Fichiers de conversation Microsoft Teams/publications.xlsx";"VERSION";"2.0";"3.0";"2024-03-14T17:08:01Z";"592576"
"fethy.faradji@infopro-digital.com -> UserMercury@infopro-digital.com";"Fichiers de conversation Microsoft Teams/publications__c 1.csv";"VERSION";"1.0";"9.0";"2024-10-22T08:04:34Z";"62090196"
"fethy.faradji@infopro-digital.com -> UserMercury@infopro-digital.com";"Fichiers de conversation Microsoft Teams/publications__c.csv";"VERSION";"1.0";"9.0";"2024-10-21T15:25:58Z";"62424299"
"fethy.faradji@infopro-digital.com -> UserMercury@infopro-digital.com";"Fichiers de conversation Microsoft Teams/Publications__c_mep_20230920.xlsx";"VERSION";"2.0";"2.0";"2023-09-20T10:31:03Z";"3297625"
"fethy.faradji@infopro-digital.com -> UserMercury@infopro-digital.com";"Fichiers de conversation Microsoft Teams/Publications__c_mep_20230920.xlsx";"VERSION";"3.0";"3.0";"2023-09-20T10:52:07Z";"3859754"
"fethy.faradji@infopro-digital.com -> UserMercury@infopro-digital.com";"Fichiers de conversation Microsoft Teams/Publications__c_mep_20230920.xlsx";"VERSION";"4.0";"4.0";"2023-09-20T10:53:23Z";"3574013"
"fethy.faradji@infopro-digital.com -> UserMercury@infopro-digital.com";"Fichiers de conversation Microsoft Teams/Publications__c_mep_20230920.xlsx";"VERSION";"5.0";"5.0";"2023-09-20T12:03:49Z";"3497250"
"fethy.faradji@infopro-digital.com -> UserMercury@infopro-digital.com";"Fichiers de conversation Microsoft Teams/Publications__c_mep_20230920.xlsx";"VERSION";"6.0";"7.0";"2023-09-20T12:55:51Z";"3500382"
"fethy.faradji@infopro-digital.com -> UserMercury@infopro-digital.com";"Fichiers de conversation Microsoft Teams/publications__c_rattrapage.csv";"VERSION";"1.0";"9.0";"2024-10-22T15:33:20Z";"396875"
"fethy.faradji@infopro-digital.com -> UserMercury@infopro-digital.com";"Fichiers de conversation Microsoft Teams/Publications_a_supprimé.csv";"VERSION";"1.0";"9.0";"2024-06-28T10:00:08Z";"12509979"
"fethy.faradji@infopro-digital.com -> UserMercury@infopro-digital.com";"Fichiers de conversation Microsoft Teams/Publications_a_supprimé.xlsx";"VERSION";"1.0";"9.0";"2024-07-01T08:47:36Z";"6337420"
"fethy.faradji@infopro-digital.com -> UserMercury@infopro-digital.com";"Fichiers de conversation Microsoft Teams/publications_brutesV2.xlsx";"VERSION";"1.0";"9.0";"2024-05-23T09:09:00Z";"9953182"
"fethy.faradji@infopro-digital.com -> UserMercury@infopro-digital.com";"Fichiers de conversation Microsoft Teams/publications_lot2.csv";"VERSION";"1.0";"9.0";"2024-06-24T09:19:26Z";"52459415"
"fethy.faradji@infopro-digital.com -> UserMercury@infopro-digital.com";"Fichiers de conversation Microsoft Teams/publications_lot3.csv";"VERSION";"1.0";"9.0";"2024-06-24T12:01:55Z";"52506128"
"fethy.faradji@infopro-digital.com -> UserMercury@infopro-digital.com";"Fichiers de conversation Microsoft Teams/publications_lot4.csv";"VERSION";"1.0";"9.0";"2024-06-25T07:52:35Z";"38392360"
"fethy.faradji@infopro-digital.com -> UserMercury@infopro-digital.com";"Fichiers de conversation Microsoft Teams/Publications_manquante 1.xlsx";"VERSION";"1.0";"9.0";"2023-11-20T09:53:32Z";"97735"
"fethy.faradji@infopro-digital.com -> UserMercury@infopro-digital.com";"Fichiers de conversation Microsoft Teams/Publications_manquante 2.xlsx";"VERSION";"1.0";"9.0";"2023-11-20T10:28:01Z";"97735"
"fethy.faradji@infopro-digital.com -> UserMercury@infopro-digital.com";"Fichiers de conversation Microsoft Teams/Publications_manquante.xlsx";"VERSION";"1.0";"9.0";"2023-09-27T15:46:04Z";"365643"
"fethy.faradji@infopro-digital.com -> UserMercury@infopro-digital.com";"Fichiers de conversation Microsoft Teams/publications_non_dispo.csv";"VERSION";"1.0";"9.0";"2024-11-05T10:43:34Z";"1874726"
"fethy.faradji@infopro-digital.com -> UserMercury@infopro-digital.com";"Fichiers de conversation Microsoft Teams/publications_sauv20240628.csv";"VERSION";"1.0";"9.0";"2024-06-28T09:40:30Z";"411051959"
"fethy.faradji@infopro-digital.com -> UserMercury@infopro-digital.com";"Fichiers de conversation Microsoft Teams/publications_synchro_20240401_au_20240424_3.xlsx";"VERSION";"1.0";"9.0";"2024-05-07T15:05:57Z";"8217177"
"fethy.faradji@infopro-digital.com -> UserMercury@infopro-digital.com";"Fichiers de conversation Microsoft Teams/publications_synchro_20240401_au_20240424_V4.xlsx";"VERSION";"1.0";"9.0";"2024-05-16T14:39:02Z";"7321205"
"fethy.faradji@infopro-digital.com -> UserMercury@infopro-digital.com";"Fichiers de conversation Microsoft Teams/publications_synchro_20240401_au_20240424_V5.xlsx";"VERSION";"1.0";"9.0";"2024-05-16T15:50:00Z";"7266428"
"fethy.faradji@infopro-digital.com -> UserMercury@infopro-digital.com";"Fichiers de conversation Microsoft Teams/publications_synchro_20240401_au_20240424_V6.xlsx";"VERSION";"1.0";"9.0";"2024-05-17T08:03:54Z";"7839305"
"fethy.faradji@infopro-digital.com -> UserMercury@infopro-digital.com";"Fichiers de conversation Microsoft Teams/publications_synchro_20240401_au_20240424_VFinal.xlsx";"VERSION";"1.0";"9.0";"2024-05-17T14:59:21Z";"7810793"
"fethy.faradji@infopro-digital.com -> UserMercury@infopro-digital.com";"Fichiers de conversation Microsoft Teams/publications_synchroV2_20240409 1.xlsx";"VERSION";"1.0";"9.0";"2024-04-09T12:51:23Z";"1528200"
"fethy.faradji@infopro-digital.com -> UserMercury@infopro-digital.com";"Fichiers de conversation Microsoft Teams/publications_synchroV2_20240409.xlsx";"VERSION";"1.0";"9.0";"2024-04-09T09:31:50Z";"622802"
"fethy.faradji@infopro-digital.com -> UserMercury@infopro-digital.com";"Fichiers de conversation Microsoft Teams/publications_v23.xlsx";"VERSION";"1.0";"9.0";"2024-05-24T13:09:18Z";"7604377"
"fethy.faradji@infopro-digital.com -> UserMercury@infopro-digital.com";"Fichiers de conversation Microsoft Teams/publications_V24.xlsx";"VERSION";"1.0";"9.0";"2024-05-24T13:48:43Z";"7627097"
"fethy.faradji@infopro-digital.com -> UserMercury@infopro-digital.com";"Fichiers de conversation Microsoft Teams/publications_V7.xlsx";"VERSION";"1.0";"9.0";"2024-05-21T08:08:23Z";"7791112"
"fethy.faradji@infopro-digital.com -> UserMercury@infopro-digital.com";"Fichiers de conversation Microsoft Teams/publications_V8.xlsx";"VERSION";"1.0";"9.0";"2024-05-21T10:24:41Z";"7939326"
"fethy.faradji@infopro-digital.com -> UserMercury@infopro-digital.com";"Fichiers de conversation Microsoft Teams/publications2.xlsx";"VERSION";"1.0";"9.0";"2024-05-14T15:31:58Z";"4068572"
"fethy.faradji@infopro-digital.com -> UserMercury@infopro-digital.com";"Fichiers de conversation Microsoft Teams/publicationsV22.xlsx";"VERSION";"1.0";"9.0";"2024-05-24T09:03:18Z";"7179812"
"fethy.faradji@infopro-digital.com -> UserMercury@infopro-digital.com";"Fichiers de conversation Microsoft Teams/publictions_lot1.csv";"VERSION";"1.0";"9.0";"2024-06-24T08:42:08Z";"52557148"
"fethy.faradji@infopro-digital.com -> UserMercury@infopro-digital.com";"Fichiers de conversation Microsoft Teams/Rapport-PowerBI-Consolide-90J7.csv";"VERSION";"1.0";"9.0";"2026-08-26T08:04:30Z";"458124"
"fethy.faradji@infopro-digital.com -> UserMercury@infopro-digital.com";"Fichiers de conversation Microsoft Teams/rattrapage calligramme_20230119.sql";"VERSION";"1.0";"9.0";"2023-01-20T10:05:48Z";"29826"
"fethy.faradji@infopro-digital.com -> UserMercury@infopro-digital.com";"Fichiers de conversation Microsoft Teams/rattrapage_synchro_sim_sf_20200101_20241101.sql";"VERSION";"1.0";"9.0";"2024-10-15T13:15:46Z";"6320"
"fethy.faradji@infopro-digital.com -> UserMercury@infopro-digital.com";"Fichiers de conversation Microsoft Teams/rattrapage_synchro_sim_sf_20200101_20241101_2.sql";"VERSION";"1.0";"9.0";"2024-10-31T15:36:52Z";"6492"
"fethy.faradji@infopro-digital.com -> UserMercury@infopro-digital.com";"Fichiers de conversation Microsoft Teams/recette 1.xlsx";"VERSION";"1.0";"9.0";"2024-10-02T08:49:38Z";"10283"
"fethy.faradji@infopro-digital.com -> UserMercury@infopro-digital.com";"Fichiers de conversation Microsoft Teams/Recette problème de support AO.docx";"VERSION";"1.0";"9.0";"2024-09-11T09:06:26Z";"13908"
"fethy.faradji@infopro-digital.com -> UserMercury@infopro-digital.com";"Fichiers de conversation Microsoft Teams/recette.xlsx";"VERSION";"1.0";"9.0";"2024-10-01T14:55:50Z";"9113"
"fethy.faradji@infopro-digital.com -> UserMercury@infopro-digital.com";"Fichiers de conversation Microsoft Teams/Redemarrer le serveur PASEO 1.docx";"VERSION";"1.0";"1.0";"2024-12-16T09:29:05Z";"127852"
"fethy.faradji@infopro-digital.com -> UserMercury@infopro-digital.com";"Fichiers de conversation Microsoft Teams/Redemarrer le serveur PASEO 1.docx";"VERSION";"2.0";"2.0";"2024-12-16T09:29:05Z";"127852"
"fethy.faradji@infopro-digital.com -> UserMercury@infopro-digital.com";"Fichiers de conversation Microsoft Teams/Redemarrer le serveur PASEO 1.docx";"VERSION";"3.0";"4.0";"2026-06-09T12:50:37Z";"128910"
"fethy.faradji@infopro-digital.com -> UserMercury@infopro-digital.com";"Fichiers de conversation Microsoft Teams/Redemarrer le serveur PASEO 2.docx";"VERSION";"1.0";"1.0";"2024-12-18T09:08:28Z";"127852"
"fethy.faradji@infopro-digital.com -> UserMercury@infopro-digital.com";"Fichiers de conversation Microsoft Teams/Redemarrer le serveur PASEO 2.docx";"VERSION";"2.0";"2.0";"2024-12-18T09:08:28Z";"127852"
"fethy.faradji@infopro-digital.com -> UserMercury@infopro-digital.com";"Fichiers de conversation Microsoft Teams/Redemarrer le serveur PASEO 2.docx";"VERSION";"3.0";"4.0";"2026-06-09T13:11:24Z";"128910"
"fethy.faradji@infopro-digital.com -> UserMercury@infopro-digital.com";"Fichiers de conversation Microsoft Teams/Redemarrer le serveur PASEO.docx";"VERSION";"1.0";"9.0";"2024-12-12T15:57:13Z";"127852"
"fethy.faradji@infopro-digital.com -> UserMercury@infopro-digital.com";"Fichiers de conversation Microsoft Teams/référentiel_creamodif-AD.xlsx";"VERSION";"1.0";"9.0";"2026-02-05T10:44:24Z";"19210"
"fethy.faradji@infopro-digital.com -> UserMercury@infopro-digital.com";"Fichiers de conversation Microsoft Teams/référentiel_intranet.xlsx";"VERSION";"1.0";"1.0";"2025-12-16T14:37:49Z";"19088"
"fethy.faradji@infopro-digital.com -> UserMercury@infopro-digital.com";"Fichiers de conversation Microsoft Teams/Referentiel-SIM_BIM (1).kdbx";"VERSION";"1.0";"9.0";"2022-06-22T13:15:25Z";"32494"
"fethy.faradji@infopro-digital.com -> UserMercury@infopro-digital.com";"Fichiers de conversation Microsoft Teams/Referentiel-SIM_BIM 1.kdbx";"VERSION";"1.0";"9.0";"2024-07-10T12:45:36Z";"35230"
"fethy.faradji@infopro-digital.com -> UserMercury@infopro-digital.com";"Fichiers de conversation Microsoft Teams/Referentiel-SIM_BIM.kdbx";"VERSION";"1.0";"9.0";"2021-12-02T13:47:49Z";"32494"
"fethy.faradji@infopro-digital.com -> UserMercury@infopro-digital.com";"Fichiers de conversation Microsoft Teams/rejet avis 02-08-2024.xlsx";"VERSION";"1.0";"9.0";"2024-08-02T07:55:02Z";"22415"
"fethy.faradji@infopro-digital.com -> UserMercury@infopro-digital.com";"Fichiers de conversation Microsoft Teams/rejet_sf.xlsx";"VERSION";"1.0";"1.0";"2023-11-20T09:38:16Z";"13894"
"fethy.faradji@infopro-digital.com -> UserMercury@infopro-digital.com";"Fichiers de conversation Microsoft Teams/rejet_sf.xlsx";"VERSION";"2.0";"3.0";"2023-11-20T09:40:08Z";"13900"
"fethy.faradji@infopro-digital.com -> UserMercury@infopro-digital.com";"Fichiers de conversation Microsoft Teams/repos.zip";"VERSION";"1.0";"9.0";"2022-02-21T14:07:54Z";"1190132"
"fethy.faradji@infopro-digital.com -> UserMercury@infopro-digital.com";"Fichiers de conversation Microsoft Teams/req_ao.sql";"VERSION";"1.0";"1.0";"2023-02-10T10:21:04Z";"884"
"fethy.faradji@infopro-digital.com -> UserMercury@infopro-digital.com";"Fichiers de conversation Microsoft Teams/req_ao.sql";"VERSION";"2.0";"3.0";"2023-02-10T10:25:31Z";"2542"
"fethy.faradji@infopro-digital.com -> UserMercury@infopro-digital.com";"Fichiers de conversation Microsoft Teams/requete clean support web.sql";"VERSION";"1.0";"9.0";"2022-08-26T07:37:48Z";"4525"
"fethy.faradji@infopro-digital.com -> UserMercury@infopro-digital.com";"Fichiers de conversation Microsoft Teams/requete des AM.txt";"VERSION";"1.0";"1.0";"2021-12-23T15:12:42Z";"847"
"fethy.faradji@infopro-digital.com -> UserMercury@infopro-digital.com";"Fichiers de conversation Microsoft Teams/requete des AM.txt";"VERSION";"2.0";"3.0";"2021-12-23T15:18:35Z";"833"
"fethy.faradji@infopro-digital.com -> UserMercury@infopro-digital.com";"Fichiers de conversation Microsoft Teams/requete des AM2.txt";"VERSION";"1.0";"1.0";"2022-01-04T15:41:55Z";"1503"
"fethy.faradji@infopro-digital.com -> UserMercury@infopro-digital.com";"Fichiers de conversation Microsoft Teams/requete des AM2.txt";"VERSION";"2.0";"3.0";"2022-01-04T15:57:45Z";"1620"
"fethy.faradji@infopro-digital.com -> UserMercury@infopro-digital.com";"Fichiers de conversation Microsoft Teams/requete interv_mou manquant ou pas dans dim_interv.sql";"VERSION";"1.0";"9.0";"2022-04-12T09:06:01Z";"3349"
"fethy.faradji@infopro-digital.com -> UserMercury@infopro-digital.com";"Fichiers de conversation Microsoft Teams/requete_update.sql";"VERSION";"1.0";"9.0";"2023-07-26T09:59:57Z";"519"
"fethy.faradji@infopro-digital.com -> UserMercury@infopro-digital.com";"Fichiers de conversation Microsoft Teams/result.csv";"VERSION";"1.0";"9.0";"2026-06-18T08:47:11Z";"25954"
"fethy.faradji@infopro-digital.com -> UserMercury@infopro-digital.com";"Fichiers de conversation Microsoft Teams/resultat_synchro.sql";"VERSION";"1.0";"9.0";"2024-02-22T10:11:30Z";"410"
"fethy.faradji@infopro-digital.com -> UserMercury@infopro-digital.com";"Fichiers de conversation Microsoft Teams/resultat_synchro2.sql";"VERSION";"1.0";"9.0";"2024-02-22T10:11:30Z";"453"
"fethy.faradji@infopro-digital.com -> UserMercury@infopro-digital.com";"Fichiers de conversation Microsoft Teams/RESULTAT-0_valeur_sans_traitement.log";"VERSION";"1.0";"9.0";"2022-10-12T14:17:06Z";"2371"
"fethy.faradji@infopro-digital.com -> UserMercury@infopro-digital.com";"Fichiers de conversation Microsoft Teams/RESULTAT-1_initial.log";"VERSION";"1.0";"9.0";"2022-10-12T14:17:06Z";"2353"
"fethy.faradji@infopro-digital.com -> UserMercury@infopro-digital.com";"Fichiers de conversation Microsoft Teams/RESULTAT-2_corrige_optim.log";"VERSION";"1.0";"9.0";"2022-10-12T14:17:06Z";"1860"
"fethy.faradji@infopro-digital.com -> UserMercury@infopro-digital.com";"Fichiers de conversation Microsoft Teams/retour intégration.docx";"VERSION";"1.0";"9.0";"2023-06-12T12:25:19Z";"113437"
"fethy.faradji@infopro-digital.com -> UserMercury@infopro-digital.com";"Fichiers de conversation Microsoft Teams/Retour_analyse_Facture 1.xlsx";"VERSION";"1.0";"1.0";"2024-08-08T13:30:52Z";"23608"
"fethy.faradji@infopro-digital.com -> UserMercury@infopro-digital.com";"Fichiers de conversation Microsoft Teams/Retour_analyse_Facture.xlsx";"VERSION";"1.0";"9.0";"2024-08-08T13:15:41Z";"22539"
"fethy.faradji@infopro-digital.com -> UserMercury@infopro-digital.com";"Fichiers de conversation Microsoft Teams/S25251.xml";"VERSION";"1.0";"9.0";"2024-02-09T09:09:55Z";"20913"
"fethy.faradji@infopro-digital.com -> UserMercury@infopro-digital.com";"Fichiers de conversation Microsoft Teams/S2S.zip";"VERSION";"1.0";"9.0";"2025-07-03T15:20:11Z";"21608970"
"fethy.faradji@infopro-digital.com -> UserMercury@infopro-digital.com";"Fichiers de conversation Microsoft Teams/SAFA.xlsx";"VERSION";"1.0";"9.0";"2023-09-26T13:58:23Z";"1080480"
"fethy.faradji@infopro-digital.com -> UserMercury@infopro-digital.com";"Fichiers de conversation Microsoft Teams/Sans titre2.ps1";"VERSION";"1.0";"9.0";"2025-08-07T08:33:32Z";"11006"
"fethy.faradji@infopro-digital.com -> UserMercury@infopro-digital.com";"Fichiers de conversation Microsoft Teams/sarepointCopyScrypt-last-one.ps1";"VERSION";"1.0";"9.0";"2025-09-30T15:13:41Z";"9176"
"fethy.faradji@infopro-digital.com -> UserMercury@infopro-digital.com";"Fichiers de conversation Microsoft Teams/sauvegarde_bdd_recette_SIMOWN_20240712.sql";"VERSION";"1.0";"9.0";"2024-07-12T13:02:39Z";"3187450"
"fethy.faradji@infopro-digital.com -> UserMercury@infopro-digital.com";"Fichiers de conversation Microsoft Teams/sauvegarde_bdd_recette_svc_sim_sf_20240712.sql";"VERSION";"1.0";"9.0";"2024-07-12T13:02:39Z";"1194678"
"fethy.faradji@infopro-digital.com -> UserMercury@infopro-digital.com";"Fichiers de conversation Microsoft Teams/script_Copie_Sharepoint.zip";"VERSION";"1.0";"9.0";"2025-10-14T12:53:31Z";"12576"
"fethy.faradji@infopro-digital.com -> UserMercury@infopro-digital.com";"Fichiers de conversation Microsoft Teams/script_de_la_murte.txt";"VERSION";"1.0";"9.0";"2024-10-24T14:20:59Z";"14051"
"fethy.faradji@infopro-digital.com -> UserMercury@infopro-digital.com";"Fichiers de conversation Microsoft Teams/script_update.zip";"VERSION";"1.0";"9.0";"2021-10-12T12:18:53Z";"1038834"
"fethy.faradji@infopro-digital.com -> UserMercury@infopro-digital.com";"Fichiers de conversation Microsoft Teams/script_update_oracle.sql";"VERSION";"1.0";"9.0";"2021-10-14T08:16:53Z";"3387587"
"fethy.faradji@infopro-digital.com -> UserMercury@infopro-digital.com";"Fichiers de conversation Microsoft Teams/script_update_SQL_SERVER_01 (1).sql";"VERSION";"1.0";"9.0";"2021-10-14T08:16:45Z";"4494401"
"fethy.faradji@infopro-digital.com -> UserMercury@infopro-digital.com";"Fichiers de conversation Microsoft Teams/script_update_SQL_SERVER_01.sql";"VERSION";"1.0";"9.0";"2021-10-13T10:05:51Z";"4494401"
"fethy.faradji@infopro-digital.com -> UserMercury@infopro-digital.com";"Fichiers de conversation Microsoft Teams/script_update_SQL_SERVER_02 (1).sql";"VERSION";"1.0";"9.0";"2021-10-14T08:16:42Z";"3318257"
"fethy.faradji@infopro-digital.com -> UserMercury@infopro-digital.com";"Fichiers de conversation Microsoft Teams/script_update_SQL_SERVER_02.sql";"VERSION";"1.0";"9.0";"2021-10-13T10:05:49Z";"3318257"
"fethy.faradji@infopro-digital.com -> UserMercury@infopro-digital.com";"Fichiers de conversation Microsoft Teams/SELECT-1_initial.sql";"VERSION";"1.0";"9.0";"2022-10-12T14:17:06Z";"3182"
"fethy.faradji@infopro-digital.com -> UserMercury@infopro-digital.com";"Fichiers de conversation Microsoft Teams/SELECT-2_corrige.sql";"VERSION";"1.0";"9.0";"2022-10-12T14:17:06Z";"2843"
"fethy.faradji@infopro-digital.com -> UserMercury@infopro-digital.com";"Fichiers de conversation Microsoft Teams/SELECT-3_optimise.sql";"VERSION";"1.0";"9.0";"2022-10-12T14:17:07Z";"1227"
"fethy.faradji@infopro-digital.com -> UserMercury@infopro-digital.com";"Fichiers de conversation Microsoft Teams/Service dans sim-saleforce.xlsx";"VERSION";"1.0";"9.0";"2021-11-26T13:26:15Z";"394357"
"fethy.faradji@infopro-digital.com -> UserMercury@infopro-digital.com";"Fichiers de conversation Microsoft Teams/SF_AM_PUB.xlsx";"VERSION";"1.0";"9.0";"2024-02-02T09:35:39Z";"23762"
"fethy.faradji@infopro-digital.com -> UserMercury@infopro-digital.com";"Fichiers de conversation Microsoft Teams/SF_AO_PUB.xlsx";"VERSION";"1.0";"9.0";"2024-02-02T09:25:33Z";"503042"
"fethy.faradji@infopro-digital.com -> UserMercury@infopro-digital.com";"Fichiers de conversation Microsoft Teams/shared image (1).jpg";"VERSION";"1.0";"6.0";"2024-10-31T09:30:57Z";"96171"
"fethy.faradji@infopro-digital.com -> UserMercury@infopro-digital.com";"Fichiers de conversation Microsoft Teams/shared image.jpg";"VERSION";"1.0";"6.0";"2024-10-31T09:33:21Z";"33983"
"fethy.faradji@infopro-digital.com -> UserMercury@infopro-digital.com";"Fichiers de conversation Microsoft Teams/SharePoint_Errors_2026-04-15.zip";"VERSION";"1.0";"9.0";"2026-04-15T07:58:43Z";"9818"
"fethy.faradji@infopro-digital.com -> UserMercury@infopro-digital.com";"Fichiers de conversation Microsoft Teams/SharePoint_Errors_Notisum_2026-04-10_154411.csv";"VERSION";"1.0";"9.0";"2026-04-10T15:22:28Z";"2676"
"fethy.faradji@infopro-digital.com -> UserMercury@infopro-digital.com";"Fichiers de conversation Microsoft Teams/SharePoint_Errors_notisum526_2026-04-10_154411.csv";"VERSION";"1.0";"9.0";"2026-04-10T15:22:28Z";"2676"
"fethy.faradji@infopro-digital.com -> UserMercury@infopro-digital.com";"Fichiers de conversation Microsoft Teams/SharePoint_Errors_NotisumAPS_2026-04-09_173515.csv";"VERSION";"1.0";"9.0";"2026-04-10T15:22:28Z";"55294"
"fethy.faradji@infopro-digital.com -> UserMercury@infopro-digital.com";"Fichiers de conversation Microsoft Teams/SharePoint_Errors_NotisumAPS-Direktion_2026-04-10_140952.csv";"VERSION";"1.0";"9.0";"2026-04-10T15:22:28Z";"507"
"fethy.faradji@infopro-digital.com -> UserMercury@infopro-digital.com";"Fichiers de conversation Microsoft Teams/SharePoint_source_202508081126.csv";"VERSION";"1.0";"9.0";"2025-08-11T08:25:52Z";"2126984"
"fethy.faradji@infopro-digital.com -> UserMercury@infopro-digital.com";"Fichiers de conversation Microsoft Teams/SharePointCopyScript.ps1";"VERSION";"1.0";"9.0";"2025-09-30T15:05:48Z";"14647"
"fethy.faradji@infopro-digital.com -> UserMercury@infopro-digital.com";"Fichiers de conversation Microsoft Teams/shutterstock_1333741808 1.jpg";"VERSION";"1.0";"6.0";"2025-12-12T10:35:33Z";"1069184"
"fethy.faradji@infopro-digital.com -> UserMercury@infopro-digital.com";"Fichiers de conversation Microsoft Teams/shutterstock_1333741808.jpg";"VERSION";"1.0";"6.0";"2025-12-12T10:32:53Z";"1069184"
"fethy.faradji@infopro-digital.com -> UserMercury@infopro-digital.com";"Fichiers de conversation Microsoft Teams/SIM_PA_FACTURATION.pkb";"VERSION";"1.0";"9.0";"2022-01-05T14:10:29Z";"308762"
"fethy.faradji@infopro-digital.com -> UserMercury@infopro-digital.com";"Fichiers de conversation Microsoft Teams/SIM2021.zip";"VERSION";"1.0";"9.0";"2022-02-22T10:17:14Z";"64832955"
"fethy.faradji@infopro-digital.com -> UserMercury@infopro-digital.com";"Fichiers de conversation Microsoft Teams/SIMOWN.SIM_PR_netoyage_2017.sql";"VERSION";"1.0";"9.0";"2023-05-30T15:47:38Z";"119351"
"fethy.faradji@infopro-digital.com -> UserMercury@infopro-digital.com";"Fichiers de conversation Microsoft Teams/simx_ao_index.txt";"VERSION";"1.0";"9.0";"2023-03-09T14:00:50Z";"5957"
"fethy.faradji@infopro-digital.com -> UserMercury@infopro-digital.com";"Fichiers de conversation Microsoft Teams/simx_ao_pub.sql";"VERSION";"1.0";"9.0";"2023-01-13T14:23:30Z";"7001"
"fethy.faradji@infopro-digital.com -> UserMercury@infopro-digital.com";"Fichiers de conversation Microsoft Teams/siret_doublon_BIM.csv";"VERSION";"1.0";"9.0";"2023-08-11T10:00:32Z";"1359035"
"fethy.faradji@infopro-digital.com -> UserMercury@infopro-digital.com";"Fichiers de conversation Microsoft Teams/Sources 1.zip";"VERSION";"1.0";"9.0";"2024-02-09T12:30:24Z";"684116410"
"fethy.faradji@infopro-digital.com -> UserMercury@infopro-digital.com";"Fichiers de conversation Microsoft Teams/Sources_Integration0607_20210707.zip";"VERSION";"1.0";"9.0";"2023-06-29T13:24:09Z";"684116411"
"fethy.faradji@infopro-digital.com -> UserMercury@infopro-digital.com";"Fichiers de conversation Microsoft Teams/Spec_monimail_V1.5.docx";"VERSION";"1.0";"9.0";"2024-04-04T12:24:10Z";"2399878"
"fethy.faradji@infopro-digital.com -> UserMercury@infopro-digital.com";"Fichiers de conversation Microsoft Teams/Spécifications fonctionnelles détaillées v1.5.docx";"VERSION";"1.0";"9.0";"2026-02-12T15:58:40Z";"651608"
"fethy.faradji@infopro-digital.com -> UserMercury@infopro-digital.com";"Fichiers de conversation Microsoft Teams/Specs KPI Sécurité 1.0 (1).docx";"VERSION";"1.0";"9.0";"2024-12-23T10:32:38Z";"117060"
"fethy.faradji@infopro-digital.com -> UserMercury@infopro-digital.com";"Fichiers de conversation Microsoft Teams/Specs KPI Sécurité 1.0 (2) 1.docx";"VERSION";"1.0";"9.0";"2025-10-16T07:33:37Z";"121100"
"fethy.faradji@infopro-digital.com -> UserMercury@infopro-digital.com";"Fichiers de conversation Microsoft Teams/Specs KPI Sécurité 1.0 (2).docx";"VERSION";"1.0";"1.0";"2024-12-23T10:35:54Z";"121100"
"fethy.faradji@infopro-digital.com -> UserMercury@infopro-digital.com";"Fichiers de conversation Microsoft Teams/Specs KPI Sécurité 1.0 (2).docx";"VERSION";"2.0";"3.0";"2024-12-23T10:39:26Z";"121133"
"fethy.faradji@infopro-digital.com -> UserMercury@infopro-digital.com";"Fichiers de conversation Microsoft Teams/Specs KPI Sécurité 1.0.docx";"VERSION";"1.0";"9.0";"2024-10-23T08:14:19Z";"117060"
"fethy.faradji@infopro-digital.com -> UserMercury@infopro-digital.com";"Fichiers de conversation Microsoft Teams/statut_pack.xlsx";"VERSION";"1.0";"1.0";"2023-10-24T13:16:46Z";"11094"
"fethy.faradji@infopro-digital.com -> UserMercury@infopro-digital.com";"Fichiers de conversation Microsoft Teams/statut_pack.xlsx";"VERSION";"2.0";"3.0";"2023-10-24T13:19:28Z";"11021"
"fethy.faradji@infopro-digital.com -> UserMercury@infopro-digital.com";"Fichiers de conversation Microsoft Teams/suport_monimail.xlsx";"VERSION";"1.0";"1.0";"2022-10-25T12:29:57Z";"9335"
"fethy.faradji@infopro-digital.com -> UserMercury@infopro-digital.com";"Fichiers de conversation Microsoft Teams/supp_publications.csv";"VERSION";"1.0";"9.0";"2024-10-29T13:47:56Z";"683813"
"fethy.faradji@infopro-digital.com -> UserMercury@infopro-digital.com";"Fichiers de conversation Microsoft Teams/support IPD.xlsx";"VERSION";"1.0";"1.0";"2023-06-20T12:04:04Z";"9333"
"fethy.faradji@infopro-digital.com -> UserMercury@infopro-digital.com";"Fichiers de conversation Microsoft Teams/support IPD.xlsx";"VERSION";"2.0";"3.0";"2023-06-20T12:04:54Z";"9213"
"fethy.faradji@infopro-digital.com -> UserMercury@infopro-digital.com";"Fichiers de conversation Microsoft Teams/support_vecteurPlus.xlsx";"VERSION";"1.0";"1.0";"2022-10-12T09:49:03Z";"20617"
"fethy.faradji@infopro-digital.com -> UserMercury@infopro-digital.com";"Fichiers de conversation Microsoft Teams/support_vecteurPlus.xlsx";"VERSION";"2.0";"2.0";"2022-10-12T09:49:29Z";"19875"
"fethy.faradji@infopro-digital.com -> UserMercury@infopro-digital.com";"Fichiers de conversation Microsoft Teams/support_vecteurPlus.xlsx";"VERSION";"3.0";"3.0";"2022-10-12T12:15:28Z";"20617"
"fethy.faradji@infopro-digital.com -> UserMercury@infopro-digital.com";"Fichiers de conversation Microsoft Teams/support_vecteurPlus.xlsx";"VERSION";"4.0";"5.0";"2022-10-12T12:16:57Z";"19872"
"fethy.faradji@infopro-digital.com -> UserMercury@infopro-digital.com";"Fichiers de conversation Microsoft Teams/svc_sim_sf.zip";"VERSION";"1.0";"9.0";"2023-06-12T12:36:44Z";"274072"
"fethy.faradji@infopro-digital.com -> UserMercury@infopro-digital.com";"Fichiers de conversation Microsoft Teams/SW_ELECTRONIC_Visual_Studio_Pro_2019_MultiLang_MLF_X22-02265(1) (1).EXE";"VERSION";"1.0";"9.0";"2023-10-17T13:18:53Z";"1327056"
"fethy.faradji@infopro-digital.com -> UserMercury@infopro-digital.com";"Fichiers de conversation Microsoft Teams/synchro_pub_body.sql";"VERSION";"1.0";"9.0";"2025-07-29T15:14:13Z";"21154"
"fethy.faradji@infopro-digital.com -> UserMercury@infopro-digital.com";"Fichiers de conversation Microsoft Teams/synchro_pub_spec.sql";"VERSION";"1.0";"9.0";"2025-07-29T15:14:13Z";"1493"
"fethy.faradji@infopro-digital.com -> UserMercury@infopro-digital.com";"Fichiers de conversation Microsoft Teams/synchro_SIM_SF_20240205_20240207.xlsx";"VERSION";"1.0";"9.0";"2024-02-07T15:47:08Z";"210466"
"fethy.faradji@infopro-digital.com -> UserMercury@infopro-digital.com";"Fichiers de conversation Microsoft Teams/Tache_V3.xlsx";"VERSION";"1.0";"1.0";"2023-09-15T15:35:14Z";"19526"
"fethy.faradji@infopro-digital.com -> UserMercury@infopro-digital.com";"Fichiers de conversation Microsoft Teams/Tache_V3.xlsx";"VERSION";"2.0";"3.0";"2023-09-29T12:41:32Z";"18982"
"fethy.faradji@infopro-digital.com -> UserMercury@infopro-digital.com";"Fichiers de conversation Microsoft Teams/taches_PROD_V3.xlsx";"VERSION";"1.0";"9.0";"2023-09-15T15:59:17Z";"191911"
"fethy.faradji@infopro-digital.com -> UserMercury@infopro-digital.com";"Fichiers de conversation Microsoft Teams/Task.xlsx";"VERSION";"1.0";"1.0";"2023-09-15T16:17:12Z";"184532"
"fethy.faradji@infopro-digital.com -> UserMercury@infopro-digital.com";"Fichiers de conversation Microsoft Teams/Task.xlsx";"VERSION";"2.0";"2.0";"2023-09-15T16:23:49Z";"184626"
"fethy.faradji@infopro-digital.com -> UserMercury@infopro-digital.com";"Fichiers de conversation Microsoft Teams/Task.xlsx";"VERSION";"3.0";"4.0";"2023-09-15T16:45:40Z";"181443"
"fethy.faradji@infopro-digital.com -> UserMercury@infopro-digital.com";"Fichiers de conversation Microsoft Teams/test 1.csv";"VERSION";"1.0";"9.0";"2024-06-18T15:04:54Z";"613"
"fethy.faradji@infopro-digital.com -> UserMercury@infopro-digital.com";"Fichiers de conversation Microsoft Teams/test.csv";"VERSION";"1.0";"9.0";"2024-06-18T15:03:10Z";"627"
"fethy.faradji@infopro-digital.com -> UserMercury@infopro-digital.com";"Fichiers de conversation Microsoft Teams/test.reg";"VERSION";"1.0";"9.0";"2021-10-06T15:41:21Z";"540"
"fethy.faradji@infopro-digital.com -> UserMercury@infopro-digital.com";"Fichiers de conversation Microsoft Teams/test.txt";"VERSION";"1.0";"9.0";"2021-09-23T15:13:39Z";"177"
"fethy.faradji@infopro-digital.com -> UserMercury@infopro-digital.com";"Fichiers de conversation Microsoft Teams/test.zip";"VERSION";"1.0";"9.0";"2025-01-16T09:44:08Z";"1191460"
"fethy.faradji@infopro-digital.com -> UserMercury@infopro-digital.com";"Fichiers de conversation Microsoft Teams/test_ok.PDF";"VERSION";"1.0";"9.0";"2024-07-31T07:09:54Z";"219338"
"fethy.faradji@infopro-digital.com -> UserMercury@infopro-digital.com";"Fichiers de conversation Microsoft Teams/test_synchro.sql";"VERSION";"1.0";"9.0";"2024-02-22T10:11:30Z";"8153"
"fethy.faradji@infopro-digital.com -> UserMercury@infopro-digital.com";"Fichiers de conversation Microsoft Teams/test_synchro2.sql";"VERSION";"1.0";"9.0";"2024-02-22T10:11:30Z";"4953"
"fethy.faradji@infopro-digital.com -> UserMercury@infopro-digital.com";"Fichiers de conversation Microsoft Teams/test4.ps1";"VERSION";"1.0";"9.0";"2025-01-08T14:16:01Z";"1376"
"fethy.faradji@infopro-digital.com -> UserMercury@infopro-digital.com";"Fichiers de conversation Microsoft Teams/Textes-monimail.mkv";"VERSION";"1.0";"9.0";"2022-10-11T15:00:00Z";"42671893"
"fethy.faradji@infopro-digital.com -> UserMercury@infopro-digital.com";"Fichiers de conversation Microsoft Teams/Textes-monimail.srt.srt";"VERSION";"1.0";"9.0";"2022-10-11T14:59:47Z";"2326"
"fethy.faradji@infopro-digital.com -> UserMercury@infopro-digital.com";"Fichiers de conversation Microsoft Teams/that shit.xlsx";"VERSION";"1.0";"9.0";"2023-02-17T09:02:57Z";"19759"
"fethy.faradji@infopro-digital.com -> UserMercury@infopro-digital.com";"Fichiers de conversation Microsoft Teams/tmp_avis_sf.csv.xlsx";"VERSION";"1.0";"9.0";"2024-06-10T14:31:37Z";"22154777"
"fethy.faradji@infopro-digital.com -> UserMercury@infopro-digital.com";"Fichiers de conversation Microsoft Teams/tnsnames 1.ora";"VERSION";"1.0";"9.0";"2023-11-06T08:12:41Z";"2793"
"fethy.faradji@infopro-digital.com -> UserMercury@infopro-digital.com";"Fichiers de conversation Microsoft Teams/tnsnames.ora";"VERSION";"1.0";"9.0";"2021-05-03T09:06:51Z";"2180"
"fethy.faradji@infopro-digital.com -> UserMercury@infopro-digital.com";"Fichiers de conversation Microsoft Teams/toto.docx";"VERSION";"1.0";"9.0";"2022-09-20T08:44:16Z";"6339"
"fethy.faradji@infopro-digital.com -> UserMercury@infopro-digital.com";"Fichiers de conversation Microsoft Teams/toto.xlsx";"VERSION";"1.0";"9.0";"2024-05-15T09:51:12Z";"817043"
"fethy.faradji@infopro-digital.com -> UserMercury@infopro-digital.com";"Fichiers de conversation Microsoft Teams/Tous les cas (1).csv.gz";"VERSION";"1.0";"9.0";"2026-04-29T07:41:18Z";"140809"
"fethy.faradji@infopro-digital.com -> UserMercury@infopro-digital.com";"Fichiers de conversation Microsoft Teams/Tous les incidents (2).csv.gz";"VERSION";"1.0";"9.0";"2026-04-29T07:41:19Z";"832300"
"fethy.faradji@infopro-digital.com -> UserMercury@infopro-digital.com";"Fichiers de conversation Microsoft Teams/transmission_maintenance 1.docx";"VERSION";"1.0";"1.0";"2024-02-26T13:48:16Z";"28641"
"fethy.faradji@infopro-digital.com -> UserMercury@infopro-digital.com";"Fichiers de conversation Microsoft Teams/transmission_maintenance.docx";"VERSION";"1.0";"1.0";"2024-02-26T13:06:10Z";"27616"
"fethy.faradji@infopro-digital.com -> UserMercury@infopro-digital.com";"Fichiers de conversation Microsoft Teams/transmition_maintenance.docx";"VERSION";"1.0";"9.0";"2024-02-26T13:05:20Z";"27616"
"fethy.faradji@infopro-digital.com -> UserMercury@infopro-digital.com";"Fichiers de conversation Microsoft Teams/TRG_INSERT_MONIMAIL_2022.sql";"VERSION";"1.0";"9.0";"2023-09-04T10:06:07Z";"4084"
"fethy.faradji@infopro-digital.com -> UserMercury@infopro-digital.com";"Fichiers de conversation Microsoft Teams/update parametrage.sql";"VERSION";"1.0";"1.0";"2021-11-29T13:32:17Z";"2278"
"fethy.faradji@infopro-digital.com -> UserMercury@infopro-digital.com";"Fichiers de conversation Microsoft Teams/update parametrage.sql";"VERSION";"2.0";"2.0";"2021-11-29T13:36:44Z";"2107"
"fethy.faradji@infopro-digital.com -> UserMercury@infopro-digital.com";"Fichiers de conversation Microsoft Teams/update parametrage.sql";"VERSION";"3.0";"4.0";"2021-11-29T13:40:48Z";"2109"
"fethy.faradji@infopro-digital.com -> UserMercury@infopro-digital.com";"Fichiers de conversation Microsoft Teams/update_avis.csv";"VERSION";"1.0";"9.0";"2024-06-21T12:40:53Z";"3975924"
"fethy.faradji@infopro-digital.com -> UserMercury@infopro-digital.com";"Fichiers de conversation Microsoft Teams/update_delete_order.xlsx";"VERSION";"1.0";"1.0";"2024-08-14T13:11:29Z";"1925902"
"fethy.faradji@infopro-digital.com -> UserMercury@infopro-digital.com";"Fichiers de conversation Microsoft Teams/update_delete_order.xlsx";"VERSION";"2.0";"3.0";"2024-08-19T07:53:11Z";"1902652"
"fethy.faradji@infopro-digital.com -> UserMercury@infopro-digital.com";"Fichiers de conversation Microsoft Teams/update_parentid.xlsx";"VERSION";"1.0";"1.0";"2023-10-18T13:15:18Z";"31536"
"fethy.faradji@infopro-digital.com -> UserMercury@infopro-digital.com";"Fichiers de conversation Microsoft Teams/update_parentid.xlsx";"VERSION";"2.0";"3.0";"2023-10-18T17:02:52Z";"30276"
"fethy.faradji@infopro-digital.com -> UserMercury@infopro-digital.com";"Fichiers de conversation Microsoft Teams/update_publications__c 1.csv";"VERSION";"1.0";"9.0";"2024-11-06T13:47:29Z";"19870"
"fethy.faradji@infopro-digital.com -> UserMercury@infopro-digital.com";"Fichiers de conversation Microsoft Teams/update_publications__c.csv";"VERSION";"1.0";"9.0";"2024-11-06T10:19:15Z";"22498"
"fethy.faradji@infopro-digital.com -> UserMercury@infopro-digital.com";"Fichiers de conversation Microsoft Teams/update_statut_publications__c.xlsx";"VERSION";"1.0";"9.0";"2024-07-30T12:52:24Z";"8719788"
"fethy.faradji@infopro-digital.com -> UserMercury@infopro-digital.com";"Fichiers de conversation Microsoft Teams/UPDATE-AVIS__C-URL__C.xlsx";"VERSION";"2.0";"3.0";"2023-11-06T14:28:49Z";"22337458"
"fethy.faradji@infopro-digital.com -> UserMercury@infopro-digital.com";"Fichiers de conversation Microsoft Teams/utilisation des base de données SIM.xlsx";"VERSION";"1.0";"1.0";"2024-01-11T10:59:04Z";"34491"
"fethy.faradji@infopro-digital.com -> UserMercury@infopro-digital.com";"Fichiers de conversation Microsoft Teams/utilisation des base de données SIM.xlsx";"VERSION";"2.0";"3.0";"2024-01-11T10:59:31Z";"33289"
"fethy.faradji@infopro-digital.com -> UserMercury@infopro-digital.com";"Fichiers de conversation Microsoft Teams/utilisation du dblink.txt";"VERSION";"1.0";"9.0";"2025-06-18T14:09:21Z";"60605"
"fethy.faradji@infopro-digital.com -> UserMercury@infopro-digital.com";"Fichiers de conversation Microsoft Teams/v_admin_entra .csv";"VERSION";"1.0";"9.0";"2026-01-15T14:02:19Z";"43623"
"fethy.faradji@infopro-digital.com -> UserMercury@infopro-digital.com";"Fichiers de conversation Microsoft Teams/V3.zip";"VERSION";"1.0";"9.0";"2023-06-22T13:11:39Z";"7322"
"fethy.faradji@infopro-digital.com -> UserMercury@infopro-digital.com";"Fichiers de conversation Microsoft Teams/V47060.doc";"VERSION";"1.0";"9.0";"2024-02-09T09:04:39Z";"12800"
"fethy.faradji@infopro-digital.com -> UserMercury@infopro-digital.com";"Fichiers de conversation Microsoft Teams/vérifications de procédure de reporting.docx";"VERSION";"1.0";"9.0";"2022-07-29T14:08:42Z";"110985"
"fethy.faradji@infopro-digital.com -> UserMercury@infopro-digital.com";"Fichiers de conversation Microsoft Teams/VPAOF__0609202329487.zip";"VERSION";"1.0";"9.0";"2023-09-07T07:28:04Z";"8086674"
"fethy.faradji@infopro-digital.com -> UserMercury@infopro-digital.com";"Fichiers de conversation Microsoft Teams/VPAOF-24213039.xml";"VERSION";"1.0";"9.0";"2022-09-22T13:59:03Z";"53119"
"fethy.faradji@infopro-digital.com -> UserMercury@infopro-digital.com";"Fichiers de conversation Microsoft Teams/VPAOF-24289605.xml";"VERSION";"1.0";"9.0";"2022-09-22T13:59:03Z";"33398"
"fethy.faradji@infopro-digital.com -> UserMercury@infopro-digital.com";"Fichiers de conversation Microsoft Teams/VPAOF-24292982.xml";"VERSION";"1.0";"9.0";"2022-09-22T13:59:04Z";"94088"
"fethy.faradji@infopro-digital.com -> UserMercury@infopro-digital.com";"Fichiers de conversation Microsoft Teams/VPAOF-24293636.xml";"VERSION";"1.0";"9.0";"2022-09-22T13:59:03Z";"125085"
"fethy.faradji@infopro-digital.com -> UserMercury@infopro-digital.com";"Fichiers de conversation Microsoft Teams/VPAOF-24293665.xml";"VERSION";"1.0";"9.0";"2022-09-22T13:59:03Z";"72735"
"fethy.faradji@infopro-digital.com -> UserMercury@infopro-digital.com";"Fichiers de conversation Microsoft Teams/VPAOF-24306090.xml";"VERSION";"1.0";"9.0";"2022-09-22T13:59:03Z";"11322"
"fethy.faradji@infopro-digital.com -> UserMercury@infopro-digital.com";"Fichiers de conversation Microsoft Teams/vue_simx_ao_pub.sql";"VERSION";"1.0";"9.0";"2022-10-07T10:22:55Z";"6728"
"fethy.faradji@infopro-digital.com -> UserMercury@infopro-digital.com";"Fichiers de conversation Microsoft Teams/vue_simx_aoam_nbcar.sql";"VERSION";"1.0";"9.0";"2022-10-06T08:06:27Z";"3127"
"fethy.faradji@infopro-digital.com -> UserMercury@infopro-digital.com";"Fichiers de conversation Microsoft Teams/wallpaper.jpg";"VERSION";"1.0";"6.0";"2024-11-08T14:29:18Z";"443211"
"fethy.faradji@infopro-digital.com -> UserMercury@infopro-digital.com";"Fichiers de conversation Microsoft Teams/wallpaper_creamodifAD.png";"VERSION";"1.0";"6.0";"2025-09-10T08:57:21Z";"2142729"
"fethy.faradji@infopro-digital.com -> UserMercury@infopro-digital.com";"Fichiers de conversation Microsoft Teams/winscp.log";"VERSION";"1.0";"9.0";"2024-04-11T14:37:44Z";"8462"
"fethy.faradji@infopro-digital.com -> UserMercury@infopro-digital.com";"Fichiers de conversation Microsoft Teams/workflow_Monimail.xlsx";"VERSION";"1.0";"9.0";"2021-05-06T14:32:16Z";"16166"
"fethy.faradji@infopro-digital.com -> UserMercury@infopro-digital.com";"Fichiers de conversation Microsoft Teams/zabbix.png";"VERSION";"1.0";"6.0";"2025-09-09T08:59:18Z";"1443981"
"fethy.faradji@infopro-digital.com -> UserMercury@infopro-digital.com";"Images/25725.jpg";"VERSION";"1.0";"6.0";"2024-02-16T09:19:32Z";"254964"
"fethy.faradji@infopro-digital.com -> UserMercury@infopro-digital.com";"Images/285d79385fb3b70b0136d201b25dc2cf12260af3.png";"VERSION";"1.0";"6.0";"2024-09-25T16:22:47Z";"28504"
"fethy.faradji@infopro-digital.com -> UserMercury@infopro-digital.com";"Images/41G1ohnr8wL._SY300_QL70_.jpg";"VERSION";"1.0";"6.0";"2023-02-03T13:10:16Z";"6988"
"fethy.faradji@infopro-digital.com -> UserMercury@infopro-digital.com";"Images/68932826.jpg";"VERSION";"1.0";"6.0";"2024-02-07T09:14:55Z";"155062"
"fethy.faradji@infopro-digital.com -> UserMercury@infopro-digital.com";"Images/8658c20a0cdea90703d1c1411e8bfe44.png";"VERSION";"1.0";"6.0";"2023-02-03T13:09:07Z";"2918656"
"fethy.faradji@infopro-digital.com -> UserMercury@infopro-digital.com";"Images/asasassas.png";"VERSION";"1.0";"6.0";"2024-06-11T13:44:36Z";"777482"
"fethy.faradji@infopro-digital.com -> UserMercury@infopro-digital.com";"Images/Basketball-Rubber-Duck-Schanbels-2__55480.jpg";"VERSION";"1.0";"6.0";"2023-02-03T13:10:54Z";"42035"
"fethy.faradji@infopro-digital.com -> UserMercury@infopro-digital.com";"Images/batcanard.webp";"VERSION";"1.0";"6.0";"2022-12-27T15:45:40Z";"42752"
"fethy.faradji@infopro-digital.com -> UserMercury@infopro-digital.com";"Images/boamp.png";"VERSION";"1.0";"6.0";"2021-10-19T14:11:43Z";"15129"
"fethy.faradji@infopro-digital.com -> UserMercury@infopro-digital.com";"Images/bug ssis.JPG";"VERSION";"1.0";"6.0";"2021-12-17T14:40:17Z";"49044"
"fethy.faradji@infopro-digital.com -> UserMercury@infopro-digital.com";"Images/c39209238e019e0ce5df7c537e0c9c5e.jpg";"VERSION";"1.0";"6.0";"2023-02-03T13:11:04Z";"79009"
"fethy.faradji@infopro-digital.com -> UserMercury@infopro-digital.com";"Images/canard-de-bain-napoleon (1).jpg";"VERSION";"1.0";"6.0";"2022-12-16T14:10:41Z";"88974"
"fethy.faradji@infopro-digital.com -> UserMercury@infopro-digital.com";"Images/CanardMetalGearSolidSolidSnakecanardx.webp";"VERSION";"1.0";"6.0";"2022-12-27T15:43:43Z";"24116"
"fethy.faradji@infopro-digital.com -> UserMercury@infopro-digital.com";"Images/Capture_grmuzssimp001.JPG";"VERSION";"1.0";"6.0";"2021-09-01T13:01:49Z";"156354"
"fethy.faradji@infopro-digital.com -> UserMercury@infopro-digital.com";"Images/cs.png";"VERSION";"1.0";"6.0";"2021-08-27T07:40:13Z";"129150"
"fethy.faradji@infopro-digital.com -> UserMercury@infopro-digital.com";"Images/d67a3fed7eda5cc72f98849689e8e7e0.jpg";"VERSION";"1.0";"6.0";"2023-07-18T09:24:24Z";"48580"
"fethy.faradji@infopro-digital.com -> UserMercury@infopro-digital.com";"Images/darkcanard_.jpg";"VERSION";"1.0";"6.0";"2022-12-27T15:45:03Z";"24770"
"fethy.faradji@infopro-digital.com -> UserMercury@infopro-digital.com";"Images/destination.png";"VERSION";"1.0";"6.0";"2026-08-04T15:18:29Z";"35241"
"fethy.faradji@infopro-digital.com -> UserMercury@infopro-digital.com";"Images/diagramme jacky mais en plus beau.png";"VERSION";"1.0";"6.0";"2021-12-07T16:43:22Z";"96323"
"fethy.faradji@infopro-digital.com -> UserMercury@infopro-digital.com";"Images/EasyVista_-_Color@4x.jpg";"VERSION";"1.0";"6.0";"2024-09-20T08:50:52Z";"149185"
"fethy.faradji@infopro-digital.com -> UserMercury@infopro-digital.com";"Images/Facebook_cover03.png";"VERSION";"1.0";"6.0";"2024-06-11T13:02:34Z";"164983"
"fethy.faradji@infopro-digital.com -> UserMercury@infopro-digital.com";"Images/idente2.jpg";"VERSION";"1.0";"6.0";"2023-11-29T14:50:24Z";"55321"
"fethy.faradji@infopro-digital.com -> UserMercury@infopro-digital.com";"Images/identit1.jpg";"VERSION";"1.0";"6.0";"2023-11-29T14:50:06Z";"92263"
"fethy.faradji@infopro-digital.com -> UserMercury@infopro-digital.com";"Images/kepler.png";"VERSION";"1.0";"6.0";"2022-08-26T09:40:52Z";"4580"
"fethy.faradji@infopro-digital.com -> UserMercury@infopro-digital.com";"Images/Konoha.jpg";"VERSION";"1.0";"6.0";"2024-09-30T08:18:40Z";"61756"
"fethy.faradji@infopro-digital.com -> UserMercury@infopro-digital.com";"Images/la BOAMP V+.jpg";"VERSION";"1.0";"6.0";"2021-11-03T13:50:16Z";"85854"
"fethy.faradji@infopro-digital.com -> UserMercury@infopro-digital.com";"Images/les-diners-officiels-pour-les-chefs-d-etat-et-les-hotes-de-marque-ont-lieu-dans-la-grande-salle-de-reception-conservee-en-style-regence-photo-abergel-ly-sipa-les-diners-officiels-pou.jpg";"VERSION";"1.0";"6.0";"2024-02-16T09:18:11Z";"523293"
"fethy.faradji@infopro-digital.com -> UserMercury@infopro-digital.com";"Images/mcd.png";"VERSION";"1.0";"6.0";"2025-08-29T12:16:39Z";"104759"
"fethy.faradji@infopro-digital.com -> UserMercury@infopro-digital.com";"Images/mysupport_.png";"VERSION";"1.0";"6.0";"2024-06-11T12:48:15Z";"777482"
"fethy.faradji@infopro-digital.com -> UserMercury@infopro-digital.com";"Images/mysupport_mail.png";"VERSION";"1.0";"6.0";"2024-10-03T13:50:34Z";"777482"
"fethy.faradji@infopro-digital.com -> UserMercury@infopro-digital.com";"Images/office-365.jpg";"VERSION";"1.0";"6.0";"2022-08-25T13:11:23Z";"63578"
"fethy.faradji@infopro-digital.com -> UserMercury@infopro-digital.com";"Images/OIP (1).jpg";"VERSION";"1.0";"6.0";"2023-07-18T09:22:18Z";"29177"
"fethy.faradji@infopro-digital.com -> UserMercury@infopro-digital.com";"Images/OIP (2).jpg";"VERSION";"1.0";"6.0";"2023-07-18T09:23:02Z";"59385"
"fethy.faradji@infopro-digital.com -> UserMercury@infopro-digital.com";"Images/OIP (3).jpg";"VERSION";"1.0";"6.0";"2023-07-18T09:23:40Z";"23908"
"fethy.faradji@infopro-digital.com -> UserMercury@infopro-digital.com";"Images/OIP (4).jpg";"VERSION";"1.0";"6.0";"2023-07-18T09:24:10Z";"28250"
"fethy.faradji@infopro-digital.com -> UserMercury@infopro-digital.com";"Images/OIP.jpg";"VERSION";"1.0";"6.0";"2023-07-18T09:20:19Z";"11979"
"fethy.faradji@infopro-digital.com -> UserMercury@infopro-digital.com";"Images/outlook.png";"VERSION";"1.0";"6.0";"2022-08-25T13:10:54Z";"2884"
"fethy.faradji@infopro-digital.com -> UserMercury@infopro-digital.com";"Images/plan B - contre lotus.png";"VERSION";"1.0";"6.0";"2022-10-28T15:34:21Z";"35840"
"fethy.faradji@infopro-digital.com -> UserMercury@infopro-digital.com";"Images/power_automate.png";"VERSION";"1.0";"1.0";"2022-08-25T13:12:05Z";"2468"
"fethy.faradji@infopro-digital.com -> UserMercury@infopro-digital.com";"Images/power_automate.png";"VERSION";"2.0";"3.0";"2022-08-25T13:12:21Z";"13385"
"fethy.faradji@infopro-digital.com -> UserMercury@infopro-digital.com";"Images/prospect_avec_abonnement.JPG";"VERSION";"1.0";"6.0";"2021-12-20T13:54:35Z";"96155"
"fethy.faradji@infopro-digital.com -> UserMercury@infopro-digital.com";"Images/R (1).jpg";"VERSION";"1.0";"6.0";"2023-07-18T09:22:52Z";"1590197"
"fethy.faradji@infopro-digital.com -> UserMercury@infopro-digital.com";"Images/R.jfif";"VERSION";"1.0";"9.0";"2023-02-03T13:09:25Z";"94829"
"fethy.faradji@infopro-digital.com -> UserMercury@infopro-digital.com";"Images/R.jpg";"VERSION";"1.0";"6.0";"2023-07-18T09:21:46Z";"106114"
"fethy.faradji@infopro-digital.com -> UserMercury@infopro-digital.com";"Images/R.png";"VERSION";"1.0";"6.0";"2023-07-18T09:23:28Z";"28960"
"fethy.faradji@infopro-digital.com -> UserMercury@infopro-digital.com";"Images/sharepoint.jpg";"VERSION";"1.0";"6.0";"2022-08-25T13:10:22Z";"3677"
"fethy.faradji@infopro-digital.com -> UserMercury@infopro-digital.com";"Images/Sigle_blue.png";"VERSION";"1.0";"6.0";"2024-09-26T06:46:25Z";"7950"
"fethy.faradji@infopro-digital.com -> UserMercury@infopro-digital.com";"Images/source.png";"VERSION";"1.0";"6.0";"2026-08-04T15:18:51Z";"20604"
"fethy.faradji@infopro-digital.com -> UserMercury@infopro-digital.com";"Images/spec_viewer.jpg";"VERSION";"1.0";"6.0";"2022-12-21T10:30:49Z";"172722"
"fethy.faradji@infopro-digital.com -> UserMercury@infopro-digital.com";"Images/superman_canard.webp";"VERSION";"1.0";"6.0";"2022-12-27T15:43:17Z";"37660"
"fethy.faradji@infopro-digital.com -> UserMercury@infopro-digital.com";"Images/téléchargement.jpeg";"VERSION";"1.0";"6.0";"2024-02-07T09:14:00Z";"13074"
"fethy.faradji@infopro-digital.com -> UserMercury@infopro-digital.com";"Images/Test-Dragon-Ball-Z-Kakarot-26-scaled (1).jpg";"VERSION";"1.0";"6.0";"2024-03-27T09:20:49Z";"184628"
"fethy.faradji@infopro-digital.com -> UserMercury@infopro-digital.com";"Images/thumb-1920-696567.jpg";"VERSION";"1.0";"6.0";"2022-08-03T10:43:19Z";"322758"
"fethy.faradji@infopro-digital.com -> UserMercury@infopro-digital.com";"Images/toto.jpg";"VERSION";"1.0";"6.0";"2022-09-20T08:42:02Z";"135265"
"fethy.faradji@infopro-digital.com -> UserMercury@infopro-digital.com";"Images/traitement_manuel.jpg";"VERSION";"1.0";"6.0";"2023-04-19T10:10:41Z";"37282"
"fethy.faradji@infopro-digital.com -> UserMercury@infopro-digital.com";"Images/ww.png";"VERSION";"1.0";"6.0";"2021-06-24T07:34:39Z";"196477"
"fethy.faradji@infopro-digital.com -> UserMercury@infopro-digital.com";"Links/Desktop.lnk";"VERSION";"1.0";"9.0";"2021-03-11T15:41:40Z";"518"
"fethy.faradji@infopro-digital.com -> UserMercury@infopro-digital.com";"Links/Downloads.lnk";"VERSION";"1.0";"9.0";"2021-03-11T15:41:40Z";"999"
"fethy.faradji@infopro-digital.com -> UserMercury@infopro-digital.com";"Microsoft Teams Chat Files/720322959.pdf";"VERSION";"1.0";"9.0";"2023-05-25T09:58:18Z";"716800"
"fethy.faradji@infopro-digital.com -> UserMercury@infopro-digital.com";"Microsoft Teams Chat Files/BIM.CLG.dtsx";"VERSION";"1.0";"9.0";"2023-07-27T13:24:14Z";"603043"
"fethy.faradji@infopro-digital.com -> UserMercury@infopro-digital.com";"Microsoft Teams Chat Files/BIM_SSIS.zip";"VERSION";"1.0";"9.0";"2023-07-27T13:26:00Z";"6490750"
"fethy.faradji@infopro-digital.com -> UserMercury@infopro-digital.com";"Microsoft Teams Chat Files/Paragraphe Loop 1.loop";"VERSION";"1.0";"1.0";"2025-12-08T09:03:42Z";"10333"
"fethy.faradji@infopro-digital.com -> UserMercury@infopro-digital.com";"Microsoft Teams Chat Files/Paragraphe Loop 1.loop";"VERSION";"2.0";"3.0";"2025-12-08T09:03:42Z";"14248"
"fethy.faradji@infopro-digital.com -> UserMercury@infopro-digital.com";"Microsoft Teams Chat Files/Paragraphe Loop 2.loop";"VERSION";"1.0";"1.0";"2026-03-26T14:13:55Z";"10363"
"fethy.faradji@infopro-digital.com -> UserMercury@infopro-digital.com";"Microsoft Teams Chat Files/Paragraphe Loop 2.loop";"VERSION";"2.0";"3.0";"2026-03-26T14:14:00Z";"14273"
"fethy.faradji@infopro-digital.com -> UserMercury@infopro-digital.com";"Microsoft Teams Chat Files/Paragraphe Loop.loop";"VERSION";"1.0";"9.0";"2025-10-27T09:02:21Z";"13406"
"fethy.faradji@infopro-digital.com -> UserMercury@infopro-digital.com";"Microsoft Teams Chat Files/PLAN_workflow_MOL.docx";"VERSION";"1.0";"9.0";"2023-07-27T15:24:11Z";"30052"
"fethy.faradji@infopro-digital.com -> UserMercury@infopro-digital.com";"Réunions/Daily Infra 2025-09-22.loop";"VERSION";"1.0";"5.0";"2025-09-22T07:45:35Z";"47460"
"fethy.faradji@infopro-digital.com -> UserMercury@infopro-digital.com";"Réunions/Daily Infra 2025-09-29.loop";"VERSION";"1.0";"1.0";"2025-09-29T07:45:17Z";"15487"
"fethy.faradji@infopro-digital.com -> UserMercury@infopro-digital.com";"Réunions/Daily Infra 2025-10-08.loop";"VERSION";"1.0";"1.0";"2025-10-08T07:44:47Z";"48380"
"fethy.faradji@infopro-digital.com -> UserMercury@infopro-digital.com";"Réunions/Daily Infra 2025-10-09.loop";"VERSION";"1.0";"1.0";"2025-10-09T07:45:22Z";"48391"
"fethy.faradji@infopro-digital.com -> UserMercury@infopro-digital.com";"Réunions/Daily Infra 2025-10-14.loop";"VERSION";"1.0";"5.0";"2025-10-14T07:46:28Z";"47473"
"fethy.faradji@infopro-digital.com -> UserMercury@infopro-digital.com";"Réunions/Daily Infra 2025-10-16.loop";"VERSION";"1.0";"1.0";"2025-10-16T07:45:24Z";"48453"
"fethy.faradji@infopro-digital.com -> UserMercury@infopro-digital.com";"Réunions/Daily Infra 2025-11-20.loop";"VERSION";"1.0";"1.0";"2025-11-20T08:45:25Z";"48452"
"fethy.faradji@infopro-digital.com -> UserMercury@infopro-digital.com";"Réunions/Daily Infra 2025-11-20.loop";"VERSION";"2.0";"2.0";"2025-11-20T08:50:06Z";"62312"
"fethy.faradji@infopro-digital.com -> UserMercury@infopro-digital.com";"Réunions/Daily Infra 2025-11-21.loop";"VERSION";"1.0";"1.0";"2025-11-21T08:45:13Z";"48441"
"fethy.faradji@infopro-digital.com -> UserMercury@infopro-digital.com";"Réunions/Daily Infra 2025-11-28.loop";"VERSION";"1.0";"1.0";"2025-11-28T08:46:15Z";"48449"
"fethy.faradji@infopro-digital.com -> UserMercury@infopro-digital.com";"Réunions/Daily Infra 2025-11-28.loop";"VERSION";"2.0";"2.0";"2025-11-28T08:50:54Z";"51037"
"fethy.faradji@infopro-digital.com -> UserMercury@infopro-digital.com";"Réunions/Daily Infra 2025-12-02.loop";"VERSION";"1.0";"1.0";"2025-12-02T08:45:13Z";"15535"
"fethy.faradji@infopro-digital.com -> UserMercury@infopro-digital.com";"Réunions/Daily Infra 2025-12-04.loop";"VERSION";"1.0";"1.0";"2025-12-04T08:45:11Z";"48448"
"fethy.faradji@infopro-digital.com -> UserMercury@infopro-digital.com";"Réunions/Daily Infra 2025-12-12.loop";"VERSION";"1.0";"1.0";"2025-12-12T08:45:56Z";"15534"
"fethy.faradji@infopro-digital.com -> UserMercury@infopro-digital.com";"Réunions/Daily Infra 2025-12-18.loop";"VERSION";"1.0";"1.0";"2025-12-18T08:44:58Z";"48457"
"fethy.faradji@infopro-digital.com -> UserMercury@infopro-digital.com";"Réunions/Daily Infra 2026-01-16.loop";"VERSION";"1.0";"1.0";"2026-01-16T08:45:15Z";"48515"
"fethy.faradji@infopro-digital.com -> UserMercury@infopro-digital.com";"Réunions/Daily Infra 2026-01-26.loop";"VERSION";"1.0";"1.0";"2026-01-26T08:44:29Z";"19467"
"fethy.faradji@infopro-digital.com -> UserMercury@infopro-digital.com";"Réunions/Daily Infra 2026-01-26.loop";"VERSION";"2.0";"2.0";"2026-01-26T08:49:13Z";"35611"
"fethy.faradji@infopro-digital.com -> UserMercury@infopro-digital.com";"Réunions/Daily Infra 2026-01-27.loop";"VERSION";"1.0";"1.0";"2026-01-27T08:45:08Z";"48178"
"fethy.faradji@infopro-digital.com -> UserMercury@infopro-digital.com";"Réunions/Daily Infra 2026-01-27.loop";"VERSION";"2.0";"2.0";"2026-01-27T08:49:32Z";"52195"
"fethy.faradji@infopro-digital.com -> UserMercury@infopro-digital.com";"Réunions/Daily Infra 2026-01-29.loop";"VERSION";"1.0";"1.0";"2026-01-29T08:45:25Z";"48679"
"fethy.faradji@infopro-digital.com -> UserMercury@infopro-digital.com";"Réunions/Daily Infra 2026-01-29.loop";"VERSION";"2.0";"2.0";"2026-01-29T08:50:48Z";"51267"
"fethy.faradji@infopro-digital.com -> UserMercury@infopro-digital.com";"Réunions/Daily Infra 2026-01-29.loop";"VERSION";"3.0";"4.0";"2026-01-29T09:28:09Z";"54510"
"fethy.faradji@infopro-digital.com -> UserMercury@infopro-digital.com";"Réunions/Daily Infra 2026-02-03.loop";"VERSION";"1.0";"1.0";"2026-02-03T08:45:12Z";"48674"
"fethy.faradji@infopro-digital.com -> UserMercury@infopro-digital.com";"Réunions/Daily Infra 2026-02-05.loop";"VERSION";"1.0";"1.0";"2026-02-05T08:45:00Z";"48762"
"fethy.faradji@infopro-digital.com -> UserMercury@infopro-digital.com";"Réunions/Daily Infra 2026-02-06.loop";"VERSION";"1.0";"1.0";"2026-02-06T08:44:49Z";"48405"
"fethy.faradji@infopro-digital.com -> UserMercury@infopro-digital.com";"Réunions/Daily Infra 2026-02-06.loop";"VERSION";"2.0";"2.0";"2026-02-06T08:44:50Z";"51116"
"fethy.faradji@infopro-digital.com -> UserMercury@infopro-digital.com";"Réunions/Daily Infra 2026-02-09.loop";"VERSION";"1.0";"1.0";"2026-02-09T08:45:39Z";"48758"
"fethy.faradji@infopro-digital.com -> UserMercury@infopro-digital.com";"Réunions/Daily Infra 2026-02-09.loop";"VERSION";"2.0";"3.0";"2026-02-09T09:22:01Z";"54858"
"fethy.faradji@infopro-digital.com -> UserMercury@infopro-digital.com";"Réunions/Daily Infra 2026-02-11.loop";"VERSION";"1.0";"1.0";"2026-02-11T08:45:03Z";"48438"
"fethy.faradji@infopro-digital.com -> UserMercury@infopro-digital.com";"Réunions/Daily Infra 2026-02-11.loop";"VERSION";"2.0";"2.0";"2026-02-11T08:45:06Z";"51136"
"fethy.faradji@infopro-digital.com -> UserMercury@infopro-digital.com";"Réunions/Daily Infra 2026-02-11.loop";"VERSION";"3.0";"4.0";"2026-02-11T09:16:19Z";"55935"
"fethy.faradji@infopro-digital.com -> UserMercury@infopro-digital.com";"Réunions/Daily Infra 2026-02-16.loop";"VERSION";"1.0";"1.0";"2026-02-16T08:45:29Z";"48753"
"fethy.faradji@infopro-digital.com -> UserMercury@infopro-digital.com";"Réunions/Daily Infra 2026-02-16.loop";"VERSION";"2.0";"3.0";"2026-02-16T09:30:14Z";"54994"
"fethy.faradji@infopro-digital.com -> UserMercury@infopro-digital.com";"Réunions/Daily Infra 2026-02-18.loop";"VERSION";"1.0";"1.0";"2026-02-18T08:45:11Z";"48741"
"fethy.faradji@infopro-digital.com -> UserMercury@infopro-digital.com";"Réunions/Daily Infra 2026-02-19.loop";"VERSION";"1.0";"1.0";"2026-02-19T08:44:54Z";"48771"
"fethy.faradji@infopro-digital.com -> UserMercury@infopro-digital.com";"Réunions/Daily Infra 2026-02-19.loop";"VERSION";"2.0";"3.0";"2026-02-19T09:57:14Z";"54881"
"fethy.faradji@infopro-digital.com -> UserMercury@infopro-digital.com";"Réunions/Daily Infra 2026-02-20.loop";"VERSION";"1.0";"1.0";"2026-02-20T08:45:57Z";"48752"
"fethy.faradji@infopro-digital.com -> UserMercury@infopro-digital.com";"Réunions/Daily Infra 2026-03-05.loop";"VERSION";"1.0";"1.0";"2026-03-05T08:45:50Z";"48432"
"fethy.faradji@infopro-digital.com -> UserMercury@infopro-digital.com";"Réunions/Daily Infra 2026-03-05.loop";"VERSION";"2.0";"2.0";"2026-03-05T08:45:51Z";"51139"
"fethy.faradji@infopro-digital.com -> UserMercury@infopro-digital.com";"Réunions/Daily Infra 2026-03-10.loop";"VERSION";"1.0";"1.0";"2026-03-10T08:45:15Z";"48442"
"fethy.faradji@infopro-digital.com -> UserMercury@infopro-digital.com";"Réunions/Daily Infra 2026-03-10.loop";"VERSION";"2.0";"2.0";"2026-03-10T08:45:17Z";"51146"
"fethy.faradji@infopro-digital.com -> UserMercury@infopro-digital.com";"Réunions/Daily Infra 2026-03-13.loop";"VERSION";"1.0";"1.0";"2026-03-13T08:45:39Z";"15563"
"fethy.faradji@infopro-digital.com -> UserMercury@infopro-digital.com";"Réunions/Daily Infra 2026-03-13.loop";"VERSION";"2.0";"2.0";"2026-03-13T08:45:41Z";"31770"
"fethy.faradji@infopro-digital.com -> UserMercury@infopro-digital.com";"Réunions/Daily Infra 2026-03-13.loop";"VERSION";"3.0";"4.0";"2026-03-13T09:41:14Z";"36918"
"fethy.faradji@infopro-digital.com -> UserMercury@infopro-digital.com";"Réunions/Daily Infra 2026-03-26.loop";"VERSION";"1.0";"1.0";"2026-03-26T08:45:25Z";"15569"
"fethy.faradji@infopro-digital.com -> UserMercury@infopro-digital.com";"Réunions/Daily Infra 2026-03-26.loop";"VERSION";"2.0";"2.0";"2026-03-26T08:45:27Z";"31796"
"fethy.faradji@infopro-digital.com -> UserMercury@infopro-digital.com";"Réunions/Daily Infra 2026-03-27.loop";"VERSION";"1.0";"1.0";"2026-03-27T08:45:02Z";"15565"
"fethy.faradji@infopro-digital.com -> UserMercury@infopro-digital.com";"Réunions/Daily Infra 2026-03-27.loop";"VERSION";"2.0";"2.0";"2026-03-27T08:45:04Z";"31804"
"fethy.faradji@infopro-digital.com -> UserMercury@infopro-digital.com";"Réunions/Daily Infra 2026-04-03.loop";"VERSION";"1.0";"1.0";"2026-04-03T07:45:41Z";"12598"
"fethy.faradji@infopro-digital.com -> UserMercury@infopro-digital.com";"Réunions/Daily Infra 2026-04-03.loop";"VERSION";"2.0";"3.0";"2026-04-03T07:45:42Z";"29584"
"fethy.faradji@infopro-digital.com -> UserMercury@infopro-digital.com";"Réunions/Daily Infra 2026-04-09.loop";"VERSION";"1.0";"1.0";"2026-04-09T07:46:00Z";"12099"
"fethy.faradji@infopro-digital.com -> UserMercury@infopro-digital.com";"Réunions/Daily Infra 2026-04-09.loop";"VERSION";"2.0";"3.0";"2026-04-09T07:46:01Z";"29161"
"fethy.faradji@infopro-digital.com -> UserMercury@infopro-digital.com";"Réunions/Daily Infra 2026-04-16.loop";"VERSION";"1.0";"1.0";"2026-04-16T07:45:46Z";"15563"
"fethy.faradji@infopro-digital.com -> UserMercury@infopro-digital.com";"Réunions/Daily Infra 2026-04-16.loop";"VERSION";"2.0";"3.0";"2026-04-16T07:45:48Z";"31756"
"fethy.faradji@infopro-digital.com -> UserMercury@infopro-digital.com";"Réunions/Daily Infra 2026-04-20.loop";"VERSION";"1.0";"1.0";"2026-04-20T07:45:50Z";"15565"
"fethy.faradji@infopro-digital.com -> UserMercury@infopro-digital.com";"Réunions/Daily Infra 2026-04-20.loop";"VERSION";"2.0";"3.0";"2026-04-20T07:45:52Z";"32130"
"fethy.faradji@infopro-digital.com -> UserMercury@infopro-digital.com";"Réunions/Daily Infra 2026-04-21.loop";"VERSION";"1.0";"1.0";"2026-04-21T07:45:16Z";"15572"
"fethy.faradji@infopro-digital.com -> UserMercury@infopro-digital.com";"Réunions/Daily Infra 2026-04-21.loop";"VERSION";"2.0";"3.0";"2026-04-21T07:45:17Z";"31762"
"fethy.faradji@infopro-digital.com -> UserMercury@infopro-digital.com";"Réunions/Daily Infra 2026-04-28.loop";"VERSION";"1.0";"1.0";"2026-04-28T07:45:37Z";"15566"
"fethy.faradji@infopro-digital.com -> UserMercury@infopro-digital.com";"Réunions/Daily Infra 2026-04-28.loop";"VERSION";"2.0";"2.0";"2026-04-28T07:45:38Z";"31757"
"fethy.faradji@infopro-digital.com -> UserMercury@infopro-digital.com";"Réunions/Daily Infra 2026-04-28.loop";"VERSION";"3.0";"4.0";"2026-04-28T08:41:53Z";"38826"
"fethy.faradji@infopro-digital.com -> UserMercury@infopro-digital.com";"Réunions/Daily Infra 2026-04-30.loop";"VERSION";"1.0";"1.0";"2026-04-30T07:45:28Z";"15564"
"fethy.faradji@infopro-digital.com -> UserMercury@infopro-digital.com";"Réunions/Daily Infra 2026-04-30.loop";"VERSION";"2.0";"3.0";"2026-04-30T07:45:29Z";"31752"
"fethy.faradji@infopro-digital.com -> UserMercury@infopro-digital.com";"Réunions/Daily Infra 2026-05-04.loop";"VERSION";"1.0";"1.0";"2026-05-04T07:45:40Z";"15571"
"fethy.faradji@infopro-digital.com -> UserMercury@infopro-digital.com";"Réunions/Daily Infra 2026-05-04.loop";"VERSION";"2.0";"3.0";"2026-05-04T07:45:42Z";"31790"
"fethy.faradji@infopro-digital.com -> UserMercury@infopro-digital.com";"Réunions/Daily Infra 2026-05-07.loop";"VERSION";"1.0";"1.0";"2026-05-07T07:45:54Z";"13350"
"fethy.faradji@infopro-digital.com -> UserMercury@infopro-digital.com";"Réunions/Daily Infra 2026-05-07.loop";"VERSION";"2.0";"3.0";"2026-05-07T07:45:54Z";"29412"
"fethy.faradji@infopro-digital.com -> UserMercury@infopro-digital.com";"Réunions/Daily Infra 2026-05-12.loop";"VERSION";"1.0";"1.0";"2026-05-12T07:45:54Z";"13342"
"fethy.faradji@infopro-digital.com -> UserMercury@infopro-digital.com";"Réunions/Daily Infra 2026-05-12.loop";"VERSION";"2.0";"3.0";"2026-05-12T07:45:55Z";"29444"
"fethy.faradji@infopro-digital.com -> UserMercury@infopro-digital.com";"Réunions/Daily Infra 2026-05-21.loop";"VERSION";"1.0";"1.0";"2026-05-21T07:45:40Z";"15562"
"fethy.faradji@infopro-digital.com -> UserMercury@infopro-digital.com";"Réunions/Daily Infra 2026-05-21.loop";"VERSION";"2.0";"2.0";"2026-05-21T07:45:42Z";"32010"
"fethy.faradji@infopro-digital.com -> UserMercury@infopro-digital.com";"Réunions/Daily Infra 2026-05-21.loop";"VERSION";"3.0";"4.0";"2026-05-21T09:20:52Z";"38756"
"fethy.faradji@infopro-digital.com -> UserMercury@infopro-digital.com";"Réunions/Daily Infra 2026-05-22.loop";"VERSION";"1.0";"1.0";"2026-05-22T07:46:12Z";"15563"
"fethy.faradji@infopro-digital.com -> UserMercury@infopro-digital.com";"Réunions/Daily Infra 2026-05-22.loop";"VERSION";"2.0";"3.0";"2026-05-22T07:46:13Z";"32009"
"fethy.faradji@infopro-digital.com -> UserMercury@infopro-digital.com";"Réunions/Daily Infra 2026-05-26.loop";"VERSION";"1.0";"1.0";"2026-05-26T07:44:57Z";"15552"
"fethy.faradji@infopro-digital.com -> UserMercury@infopro-digital.com";"Réunions/Daily Infra 2026-05-26.loop";"VERSION";"2.0";"2.0";"2026-05-26T07:44:59Z";"31948"
"fethy.faradji@infopro-digital.com -> UserMercury@infopro-digital.com";"Réunions/Daily Infra 2026-05-26.loop";"VERSION";"3.0";"4.0";"2026-05-26T08:34:03Z";"38827"
"fethy.faradji@infopro-digital.com -> UserMercury@infopro-digital.com";"Réunions/Daily Infra 2026-05-28.loop";"VERSION";"1.0";"1.0";"2026-05-28T07:46:11Z";"48535"
"fethy.faradji@infopro-digital.com -> UserMercury@infopro-digital.com";"Réunions/Daily Infra 2026-06-08.loop";"VERSION";"1.0";"1.0";"2026-06-08T07:46:27Z";"48556"
"fethy.faradji@infopro-digital.com -> UserMercury@infopro-digital.com";"Réunions/Daily Infra 2026-06-08.loop";"VERSION";"2.0";"2.0";"2026-06-08T07:48:21Z";"54909"
"fethy.faradji@infopro-digital.com -> UserMercury@infopro-digital.com";"Réunions/Daily Infra 2026-06-08.loop";"VERSION";"3.0";"3.0";"2026-06-08T07:51:57Z";"55099"
"fethy.faradji@infopro-digital.com -> UserMercury@infopro-digital.com";"Réunions/Daily Infra 2026-06-08.loop";"VERSION";"4.0";"5.0";"2026-06-08T08:20:48Z";"60007"
"fethy.faradji@infopro-digital.com -> UserMercury@infopro-digital.com";"Réunions/Daily Infra 2026-06-25.loop";"VERSION";"1.0";"1.0";"2026-06-25T07:45:39Z";"48578"
"fethy.faradji@infopro-digital.com -> UserMercury@infopro-digital.com";"Réunions/Daily Infra 2026-06-25.loop";"VERSION";"2.0";"2.0";"2026-06-25T07:47:45Z";"56058"
"fethy.faradji@infopro-digital.com -> UserMercury@infopro-digital.com";"Réunions/Daily Infra 2026-06-25.loop";"VERSION";"3.0";"4.0";"2026-06-25T07:51:23Z";"56244"
"fethy.faradji@infopro-digital.com -> UserMercury@infopro-digital.com";"Réunions/Daily Infra 2026-06-26.loop";"VERSION";"1.0";"1.0";"2026-06-26T07:46:02Z";"48605"
"fethy.faradji@infopro-digital.com -> UserMercury@infopro-digital.com";"Réunions/Daily Infra 2026-07-09.loop";"VERSION";"1.0";"1.0";"2026-07-09T07:45:40Z";"48577"
"fethy.faradji@infopro-digital.com -> UserMercury@infopro-digital.com";"Réunions/Daily Infra 2026-07-10.loop";"VERSION";"1.0";"1.0";"2026-07-10T07:46:03Z";"48575"
"fethy.faradji@infopro-digital.com -> UserMercury@infopro-digital.com";"Réunions/Daily Infra 2026-07-23.loop";"VERSION";"1.0";"1.0";"2026-07-23T07:45:30Z";"48566"
"fethy.faradji@infopro-digital.com -> UserMercury@infopro-digital.com";"Réunions/Daily Infra 2026-07-28.loop";"VERSION";"1.0";"1.0";"2026-07-28T07:45:14Z";"48549"
"fethy.faradji@infopro-digital.com -> UserMercury@infopro-digital.com";"Réunions/Daily Infra 2026-08-03.loop";"VERSION";"1.0";"1.0";"2026-08-03T07:45:35Z";"48553"
"fethy.faradji@infopro-digital.com -> UserMercury@infopro-digital.com";"Réunions/Daily Infra 2026-08-04.loop";"VERSION";"1.0";"1.0";"2026-08-04T07:45:59Z";"48570"
"fethy.faradji@infopro-digital.com -> UserMercury@infopro-digital.com";"Réunions/Daily Infra 2026-08-07.loop";"VERSION";"1.0";"1.0";"2026-08-07T07:45:42Z";"48568"
"fethy.faradji@infopro-digital.com -> UserMercury@infopro-digital.com";"Réunions/Daily Infra 2026-08-28.loop";"VERSION";"1.0";"1.0";"2026-08-28T07:45:14Z";"48574"
"fethy.faradji@infopro-digital.com -> UserMercury@infopro-digital.com";"Réunions/Daily Infra 2026-09-04.loop";"VERSION";"1.0";"1.0";"2026-09-04T07:45:08Z";"50349"
"fethy.faradji@infopro-digital.com -> UserMercury@infopro-digital.com";"Réunions/Daily Infra 2026-09-11.loop";"VERSION";"1.0";"1.0";"2026-09-11T07:45:41Z";"50321"
"fethy.faradji@infopro-digital.com -> UserMercury@infopro-digital.com";"Réunions/Daily Infra 2026-09-17.loop";"VERSION";"1.0";"1.0";"2026-09-17T07:45:20Z";"50333"
"fethy.faradji@infopro-digital.com -> UserMercury@infopro-digital.com";"Réunions/Daily Infra.loop";"VERSION";"1.0";"1.0";"2026-08-28T15:17:59Z";"48650"
"fethy.faradji@infopro-digital.com -> UserMercury@infopro-digital.com";"Réunions/Daily Infra.loop";"VERSION";"2.0";"2.0";"2026-08-28T15:19:49Z";"56089"
"fethy.faradji@infopro-digital.com -> UserMercury@infopro-digital.com";"Réunions/Daily Infra.loop";"VERSION";"3.0";"4.0";"2026-09-15T07:50:21Z";"57292"
"fethy.faradji@infopro-digital.com -> UserMercury@infopro-digital.com";"Sauvegarde PC 1F1N42/Evolutions Monimail.doc";"VERSION";"1.0";"1.0";"2009-09-18T08:19:08Z";"141312"
"fethy.faradji@infopro-digital.com -> UserMercury@infopro-digital.com";"Sauvegarde PC 1F1N42/Evolutions Monimail.doc";"VERSION";"2.0";"3.0";"2009-09-18T08:19:08Z";"141312"
"fethy.faradji@infopro-digital.com -> UserMercury@infopro-digital.com";"source/OneDrive - Infopro Digital - Raccourci.lnk";"VERSION";"1.0";"2.0";"2023-11-03T09:17:32Z";"880"
"fethy.faradji@infopro-digital.com -> UserMercury@infopro-digital.com";"VMV2/Windows XP Mode base.vhd";"VERSION";"1.0";"2.0";"2024-06-05T16:58:41Z";"1195931136"
"fethy.faradji@infopro-digital.com -> UserMercury@infopro-digital.com";"Bureau/backup/ALIM_TABLE_SF.sql";"VERSION";"1.0";"9.0";"2024-10-07T12:06:34Z";"109414"
"fethy.faradji@infopro-digital.com -> UserMercury@infopro-digital.com";"Bureau/backup/SIMX_AO_IN.sql";"VERSION";"1.0";"9.0";"2024-10-07T12:07:26Z";"1291"
"fethy.faradji@infopro-digital.com -> UserMercury@infopro-digital.com";"Bureau/bin/Antlr3.Runtime.dll";"VERSION";"1.0";"9.0";"2013-09-10T15:29:20Z";"103424"
"fethy.faradji@infopro-digital.com -> UserMercury@infopro-digital.com";"Bureau/bin/Antlr3.Runtime.pdb";"VERSION";"1.0";"9.0";"2013-09-10T15:29:20Z";"435712"
"fethy.faradji@infopro-digital.com -> UserMercury@infopro-digital.com";"Bureau/bin/Dapper.dll";"VERSION";"1.0";"9.0";"2025-02-06T12:15:40Z";"229888"
"fethy.faradji@infopro-digital.com -> UserMercury@infopro-digital.com";"Bureau/bin/Dapper.xml";"VERSION";"1.0";"9.0";"2025-02-06T12:15:40Z";"181062"
"fethy.faradji@infopro-digital.com -> UserMercury@infopro-digital.com";"Bureau/bin/Microsoft.Bcl.AsyncInterfaces.dll";"VERSION";"1.0";"9.0";"2024-12-10T21:05:40Z";"26408"
"fethy.faradji@infopro-digital.com -> UserMercury@infopro-digital.com";"Bureau/bin/Microsoft.Bcl.AsyncInterfaces.xml";"VERSION";"1.0";"9.0";"2024-12-10T21:05:40Z";"31313"
"fethy.faradji@infopro-digital.com -> UserMercury@infopro-digital.com";"Bureau/bin/Microsoft.Bcl.HashCode.dll";"VERSION";"1.0";"9.0";"2020-11-16T21:15:16Z";"23424"
"fethy.faradji@infopro-digital.com -> UserMercury@infopro-digital.com";"Bureau/bin/Microsoft.Bcl.HashCode.xml";"VERSION";"1.0";"9.0";"2020-11-16T21:15:16Z";"1732"
"fethy.faradji@infopro-digital.com -> UserMercury@infopro-digital.com";"Bureau/bin/Microsoft.CodeDom.Providers.DotNetCompilerPlatform.dll";"VERSION";"1.0";"9.0";"2018-09-05T15:10:50Z";"40168"
"fethy.faradji@infopro-digital.com -> UserMercury@infopro-digital.com";"Bureau/bin/Microsoft.CodeDom.Providers.DotNetCompilerPlatform.xml";"VERSION";"1.0";"9.0";"2018-09-05T15:05:34Z";"3187"
"fethy.faradji@infopro-digital.com -> UserMercury@infopro-digital.com";"Bureau/bin/Microsoft.Extensions.DependencyInjection.Abstractions.dll";"VERSION";"1.0";"9.0";"2023-10-31T15:00:34Z";"64264"
"fethy.faradji@infopro-digital.com -> UserMercury@infopro-digital.com";"Bureau/bin/Microsoft.Extensions.DependencyInjection.Abstractions.xml";"VERSION";"1.0";"9.0";"2023-10-31T15:00:34Z";"203027"
"fethy.faradji@infopro-digital.com -> UserMercury@infopro-digital.com";"Bureau/bin/Microsoft.Extensions.Logging.Abstractions.dll";"VERSION";"1.0";"9.0";"2023-10-31T15:04:00Z";"67856"
"fethy.faradji@infopro-digital.com -> UserMercury@infopro-digital.com";"Bureau/bin/Microsoft.Extensions.Logging.Abstractions.xml";"VERSION";"1.0";"9.0";"2023-10-31T15:04:00Z";"91749"
"fethy.faradji@infopro-digital.com -> UserMercury@infopro-digital.com";"Bureau/bin/Microsoft.Web.Infrastructure.dll";"VERSION";"1.0";"9.0";"2022-04-11T17:09:46Z";"50648"
"fethy.faradji@infopro-digital.com -> UserMercury@infopro-digital.com";"Bureau/bin/Newtonsoft.Json.dll";"VERSION";"1.0";"9.0";"2023-03-08T05:09:56Z";"711952"
"fethy.faradji@infopro-digital.com -> UserMercury@infopro-digital.com";"Bureau/bin/Newtonsoft.Json.xml";"VERSION";"1.0";"9.0";"2023-03-08T05:05:50Z";"713541"
"fethy.faradji@infopro-digital.com -> UserMercury@infopro-digital.com";"Bureau/bin/Npgsql.dll";"VERSION";"1.0";"9.0";"2024-11-18T16:58:10Z";"1387520"
"fethy.faradji@infopro-digital.com -> UserMercury@infopro-digital.com";"Bureau/bin/Npgsql.xml";"VERSION";"1.0";"9.0";"2024-11-18T16:58:10Z";"638102"
"fethy.faradji@infopro-digital.com -> UserMercury@infopro-digital.com";"Bureau/bin/SetupDWSecurite.dll";"VERSION";"1.0";"9.0";"2025-04-02T09:48:29Z";"32256"
"fethy.faradji@infopro-digital.com -> UserMercury@infopro-digital.com";"Bureau/bin/SetupDWSecurite.dll.config";"VERSION";"1.0";"9.0";"2025-04-01T12:54:28Z";"5299"
"fethy.faradji@infopro-digital.com -> UserMercury@infopro-digital.com";"Bureau/bin/SetupDWSecurite.pdb";"VERSION";"1.0";"9.0";"2025-04-02T09:48:29Z";"65024"
"fethy.faradji@infopro-digital.com -> UserMercury@infopro-digital.com";"Bureau/bin/System.Buffers.dll";"VERSION";"1.0";"9.0";"2020-02-19T10:05:18Z";"20856"
"fethy.faradji@infopro-digital.com -> UserMercury@infopro-digital.com";"Bureau/bin/System.Buffers.xml";"VERSION";"1.0";"9.0";"2020-02-19T10:05:18Z";"3481"
"fethy.faradji@infopro-digital.com -> UserMercury@infopro-digital.com";"Bureau/bin/System.Collections.Immutable.dll";"VERSION";"1.0";"9.0";"2023-10-31T15:04:34Z";"252696"
"fethy.faradji@infopro-digital.com -> UserMercury@infopro-digital.com";"Bureau/bin/System.Collections.Immutable.xml";"VERSION";"1.0";"9.0";"2023-09-18T23:26:32Z";"532144"
"fethy.faradji@infopro-digital.com -> UserMercury@infopro-digital.com";"Bureau/bin/System.Diagnostics.DiagnosticSource.dll";"VERSION";"1.0";"9.0";"2023-10-31T15:00:46Z";"189088"
"fethy.faradji@infopro-digital.com -> UserMercury@infopro-digital.com";"Bureau/bin/System.Diagnostics.DiagnosticSource.xml";"VERSION";"1.0";"9.0";"2023-09-18T23:26:32Z";"153196"
"fethy.faradji@infopro-digital.com -> UserMercury@infopro-digital.com";"Bureau/bin/System.Memory.dll";"VERSION";"1.0";"9.0";"2022-05-08T03:31:02Z";"142240"
"fethy.faradji@infopro-digital.com -> UserMercury@infopro-digital.com";"Bureau/bin/System.Memory.xml";"VERSION";"1.0";"9.0";"2022-05-08T03:31:02Z";"13950"
"fethy.faradji@infopro-digital.com -> UserMercury@infopro-digital.com";"Bureau/bin/System.Numerics.Vectors.dll";"VERSION";"1.0";"9.0";"2018-05-15T13:29:44Z";"115856"
"fethy.faradji@infopro-digital.com -> UserMercury@infopro-digital.com";"Bureau/bin/System.Numerics.Vectors.xml";"VERSION";"1.0";"9.0";"2018-05-15T13:29:44Z";"183484"
"fethy.faradji@infopro-digital.com -> UserMercury@infopro-digital.com";"Bureau/bin/System.Runtime.CompilerServices.Unsafe.dll";"VERSION";"1.0";"9.0";"2021-10-22T23:40:18Z";"18024"
"fethy.faradji@infopro-digital.com -> UserMercury@infopro-digital.com";"Bureau/bin/System.Runtime.CompilerServices.Unsafe.xml";"VERSION";"1.0";"9.0";"2021-10-19T07:14:20Z";"20529"
"fethy.faradji@infopro-digital.com -> UserMercury@infopro-digital.com";"Bureau/bin/System.Text.Encodings.Web.dll";"VERSION";"1.0";"9.0";"2023-10-31T15:00:28Z";"79024"
"fethy.faradji@infopro-digital.com -> UserMercury@infopro-digital.com";"Bureau/bin/System.Text.Encodings.Web.xml";"VERSION";"1.0";"9.0";"2023-09-18T23:26:32Z";"63180"
"fethy.faradji@infopro-digital.com -> UserMercury@infopro-digital.com";"Bureau/bin/System.Text.Json.dll";"VERSION";"1.0";"9.0";"2024-09-16T23:15:02Z";"644888"
"fethy.faradji@infopro-digital.com -> UserMercury@infopro-digital.com";"Bureau/bin/System.Text.Json.xml";"VERSION";"1.0";"9.0";"2023-09-18T23:26:32Z";"537044"
"fethy.faradji@infopro-digital.com -> UserMercury@infopro-digital.com";"Bureau/bin/System.Threading.Channels.dll";"VERSION";"1.0";"9.0";"2023-10-31T15:09:50Z";"74000"
"fethy.faradji@infopro-digital.com -> UserMercury@infopro-digital.com";"Bureau/bin/System.Threading.Channels.xml";"VERSION";"1.0";"9.0";"2023-09-18T23:26:32Z";"18329"
"fethy.faradji@infopro-digital.com -> UserMercury@infopro-digital.com";"Bureau/bin/System.Threading.Tasks.Extensions.dll";"VERSION";"1.0";"9.0";"2020-02-19T10:05:18Z";"25984"
"fethy.faradji@infopro-digital.com -> UserMercury@infopro-digital.com";"Bureau/bin/System.Threading.Tasks.Extensions.xml";"VERSION";"1.0";"9.0";"2020-02-19T10:05:18Z";"10147"
"fethy.faradji@infopro-digital.com -> UserMercury@infopro-digital.com";"Bureau/bin/System.ValueTuple.dll";"VERSION";"1.0";"9.0";"2018-05-15T13:29:52Z";"25232"
"fethy.faradji@infopro-digital.com -> UserMercury@infopro-digital.com";"Bureau/bin/System.ValueTuple.xml";"VERSION";"1.0";"9.0";"2018-05-15T13:29:52Z";"142"
"fethy.faradji@infopro-digital.com -> UserMercury@infopro-digital.com";"Bureau/bin/System.Web.Helpers.dll";"VERSION";"1.0";"9.0";"2022-05-27T21:41:54Z";"138200"
"fethy.faradji@infopro-digital.com -> UserMercury@infopro-digital.com";"Bureau/bin/System.Web.Helpers.xml";"VERSION";"1.0";"9.0";"2022-05-27T21:18:42Z";"74850"
"fethy.faradji@infopro-digital.com -> UserMercury@infopro-digital.com";"Bureau/bin/System.Web.Mvc.dll";"VERSION";"1.0";"9.0";"2022-05-27T21:42:20Z";"549336"
"fethy.faradji@infopro-digital.com -> UserMercury@infopro-digital.com";"Bureau/bin/System.Web.Mvc.xml";"VERSION";"1.0";"9.0";"2022-05-27T21:18:42Z";"952428"
"fethy.faradji@infopro-digital.com -> UserMercury@infopro-digital.com";"Bureau/bin/System.Web.Optimization.dll";"VERSION";"1.0";"9.0";"2014-02-11T14:26:04Z";"70864"
"fethy.faradji@infopro-digital.com -> UserMercury@infopro-digital.com";"Bureau/bin/System.Web.Optimization.xml";"VERSION";"1.0";"9.0";"2014-02-11T14:26:04Z";"50585"
"fethy.faradji@infopro-digital.com -> UserMercury@infopro-digital.com";"Bureau/bin/System.Web.Razor.dll";"VERSION";"1.0";"9.0";"2022-05-27T21:42:06Z";"264680"
"fethy.faradji@infopro-digital.com -> UserMercury@infopro-digital.com";"Bureau/bin/System.Web.Razor.xml";"VERSION";"1.0";"9.0";"2022-05-27T21:18:42Z";"522146"
"fethy.faradji@infopro-digital.com -> UserMercury@infopro-digital.com";"Bureau/bin/System.Web.WebPages.Deployment.dll";"VERSION";"1.0";"9.0";"2022-05-27T21:42:46Z";"44008"
"fethy.faradji@infopro-digital.com -> UserMercury@infopro-digital.com";"Bureau/bin/System.Web.WebPages.Deployment.xml";"VERSION";"1.0";"9.0";"2022-05-27T21:18:42Z";"4867"
"fethy.faradji@infopro-digital.com -> UserMercury@infopro-digital.com";"Bureau/bin/System.Web.WebPages.dll";"VERSION";"1.0";"9.0";"2022-05-27T21:42:16Z";"207336"
"fethy.faradji@infopro-digital.com -> UserMercury@infopro-digital.com";"Bureau/bin/System.Web.WebPages.Razor.dll";"VERSION";"1.0";"9.0";"2022-05-27T21:42:50Z";"41960"
"fethy.faradji@infopro-digital.com -> UserMercury@infopro-digital.com";"Bureau/bin/System.Web.WebPages.Razor.xml";"VERSION";"1.0";"9.0";"2022-05-27T21:18:42Z";"25222"
"fethy.faradji@infopro-digital.com -> UserMercury@infopro-digital.com";"Bureau/bin/System.Web.WebPages.xml";"VERSION";"1.0";"9.0";"2022-05-27T21:18:42Z";"234716"
"fethy.faradji@infopro-digital.com -> UserMercury@infopro-digital.com";"Bureau/bin/Web.prod.config";"VERSION";"1.0";"9.0";"2025-04-02T09:48:16Z";"5299"
"fethy.faradji@infopro-digital.com -> UserMercury@infopro-digital.com";"Bureau/bin/WebGrease.dll";"VERSION";"1.0";"9.0";"2014-01-23T12:57:34Z";"1274520"
"fethy.faradji@infopro-digital.com -> UserMercury@infopro-digital.com";"Bureau/bureau/warning ssis.pdf";"VERSION";"1.0";"9.0";"2023-08-10T07:44:44Z";"391044"
"fethy.faradji@infopro-digital.com -> UserMercury@infopro-digital.com";"Bureau/Debug/Alimentation_DWS_PS.application";"VERSION";"1.0";"1.0";"2025-05-21T09:42:07Z";"1882"
"fethy.faradji@infopro-digital.com -> UserMercury@infopro-digital.com";"Bureau/Debug/Alimentation_DWS_PS.application";"VERSION";"2.0";"2.0";"2025-05-21T09:53:21Z";"1882"
"fethy.faradji@infopro-digital.com -> UserMercury@infopro-digital.com";"Bureau/Debug/Alimentation_DWS_PS.application";"VERSION";"3.0";"3.0";"2025-05-21T09:59:30Z";"1882"
"fethy.faradji@infopro-digital.com -> UserMercury@infopro-digital.com";"Bureau/Debug/Alimentation_DWS_PS.application";"VERSION";"4.0";"4.0";"2025-05-21T13:23:16Z";"1882"
"fethy.faradji@infopro-digital.com -> UserMercury@infopro-digital.com";"Bureau/Debug/Alimentation_DWS_PS.application";"VERSION";"5.0";"5.0";"2025-05-21T13:28:05Z";"1882"
"fethy.faradji@infopro-digital.com -> UserMercury@infopro-digital.com";"Bureau/Debug/Alimentation_DWS_PS.application";"VERSION";"6.0";"6.0";"2025-05-21T14:32:14Z";"1882"
"fethy.faradji@infopro-digital.com -> UserMercury@infopro-digital.com";"Bureau/Debug/Alimentation_DWS_PS.application";"VERSION";"7.0";"7.0";"2025-05-21T14:38:07Z";"1882"
"fethy.faradji@infopro-digital.com -> UserMercury@infopro-digital.com";"Bureau/Debug/Alimentation_DWS_PS.application";"VERSION";"8.0";"8.0";"2025-05-21T14:44:47Z";"1882"
"fethy.faradji@infopro-digital.com -> UserMercury@infopro-digital.com";"Bureau/Debug/Alimentation_DWS_PS.application";"VERSION";"9.0";"10.0";"2025-05-22T08:52:01Z";"1882"
"fethy.faradji@infopro-digital.com -> UserMercury@infopro-digital.com";"Bureau/Debug/Alimentation_DWS_PS.exe";"VERSION";"1.0";"1.0";"2025-04-02T13:14:59Z";"40960"
"fethy.faradji@infopro-digital.com -> UserMercury@infopro-digital.com";"Bureau/Debug/Alimentation_DWS_PS.exe";"VERSION";"2.0";"2.0";"2025-05-21T09:42:06Z";"107520"
"fethy.faradji@infopro-digital.com -> UserMercury@infopro-digital.com";"Bureau/Debug/Alimentation_DWS_PS.exe";"VERSION";"3.0";"3.0";"2025-05-21T09:53:21Z";"108544"
"fethy.faradji@infopro-digital.com -> UserMercury@infopro-digital.com";"Bureau/Debug/Alimentation_DWS_PS.exe";"VERSION";"4.0";"4.0";"2025-05-21T09:59:29Z";"109056"
"fethy.faradji@infopro-digital.com -> UserMercury@infopro-digital.com";"Bureau/Debug/Alimentation_DWS_PS.exe";"VERSION";"5.0";"5.0";"2025-05-21T13:23:15Z";"109056"
"fethy.faradji@infopro-digital.com -> UserMercury@infopro-digital.com";"Bureau/Debug/Alimentation_DWS_PS.exe";"VERSION";"6.0";"6.0";"2025-05-21T13:28:04Z";"109056"
"fethy.faradji@infopro-digital.com -> UserMercury@infopro-digital.com";"Bureau/Debug/Alimentation_DWS_PS.exe";"VERSION";"7.0";"7.0";"2025-05-21T14:32:14Z";"109056"
"fethy.faradji@infopro-digital.com -> UserMercury@infopro-digital.com";"Bureau/Debug/Alimentation_DWS_PS.exe";"VERSION";"8.0";"8.0";"2025-05-21T14:38:06Z";"109056"
"fethy.faradji@infopro-digital.com -> UserMercury@infopro-digital.com";"Bureau/Debug/Alimentation_DWS_PS.exe";"VERSION";"9.0";"9.0";"2025-05-21T14:44:47Z";"109056"
"fethy.faradji@infopro-digital.com -> UserMercury@infopro-digital.com";"Bureau/Debug/Alimentation_DWS_PS.exe";"VERSION";"10.0";"11.0";"2025-05-22T08:52:01Z";"109056"
"fethy.faradji@infopro-digital.com -> UserMercury@infopro-digital.com";"Bureau/Debug/Alimentation_DWS_PS.exe.config";"VERSION";"1.0";"9.0";"2025-03-14T10:29:11Z";"1296"
"fethy.faradji@infopro-digital.com -> UserMercury@infopro-digital.com";"Bureau/Debug/Alimentation_DWS_PS.exe.manifest";"VERSION";"1.0";"1.0";"2025-05-21T09:42:07Z";"15535"
"fethy.faradji@infopro-digital.com -> UserMercury@infopro-digital.com";"Bureau/Debug/Alimentation_DWS_PS.exe.manifest";"VERSION";"2.0";"2.0";"2025-05-21T09:53:21Z";"15535"
"fethy.faradji@infopro-digital.com -> UserMercury@infopro-digital.com";"Bureau/Debug/Alimentation_DWS_PS.exe.manifest";"VERSION";"3.0";"3.0";"2025-05-21T09:59:30Z";"15535"
"fethy.faradji@infopro-digital.com -> UserMercury@infopro-digital.com";"Bureau/Debug/Alimentation_DWS_PS.exe.manifest";"VERSION";"4.0";"4.0";"2025-05-21T13:23:16Z";"15535"
"fethy.faradji@infopro-digital.com -> UserMercury@infopro-digital.com";"Bureau/Debug/Alimentation_DWS_PS.exe.manifest";"VERSION";"5.0";"5.0";"2025-05-21T13:28:05Z";"15535"
"fethy.faradji@infopro-digital.com -> UserMercury@infopro-digital.com";"Bureau/Debug/Alimentation_DWS_PS.exe.manifest";"VERSION";"6.0";"6.0";"2025-05-21T14:32:14Z";"15535"
"fethy.faradji@infopro-digital.com -> UserMercury@infopro-digital.com";"Bureau/Debug/Alimentation_DWS_PS.exe.manifest";"VERSION";"7.0";"7.0";"2025-05-21T14:38:07Z";"15535"
"fethy.faradji@infopro-digital.com -> UserMercury@infopro-digital.com";"Bureau/Debug/Alimentation_DWS_PS.exe.manifest";"VERSION";"8.0";"8.0";"2025-05-21T14:44:47Z";"15535"
"fethy.faradji@infopro-digital.com -> UserMercury@infopro-digital.com";"Bureau/Debug/Alimentation_DWS_PS.exe.manifest";"VERSION";"9.0";"10.0";"2025-05-22T08:52:01Z";"15535"
"fethy.faradji@infopro-digital.com -> UserMercury@infopro-digital.com";"Bureau/Debug/Alimentation_DWS_PS.pdb";"VERSION";"1.0";"1.0";"2025-04-02T13:14:59Z";"103936"
"fethy.faradji@infopro-digital.com -> UserMercury@infopro-digital.com";"Bureau/Debug/Alimentation_DWS_PS.pdb";"VERSION";"2.0";"2.0";"2025-05-21T09:42:06Z";"177664"
"fethy.faradji@infopro-digital.com -> UserMercury@infopro-digital.com";"Bureau/Debug/Alimentation_DWS_PS.pdb";"VERSION";"3.0";"3.0";"2025-05-21T09:53:21Z";"177664"
"fethy.faradji@infopro-digital.com -> UserMercury@infopro-digital.com";"Bureau/Debug/Alimentation_DWS_PS.pdb";"VERSION";"4.0";"4.0";"2025-05-21T09:59:29Z";"177664"
"fethy.faradji@infopro-digital.com -> UserMercury@infopro-digital.com";"Bureau/Debug/Alimentation_DWS_PS.pdb";"VERSION";"5.0";"5.0";"2025-05-21T13:23:15Z";"177664"
"fethy.faradji@infopro-digital.com -> UserMercury@infopro-digital.com";"Bureau/Debug/Alimentation_DWS_PS.pdb";"VERSION";"6.0";"6.0";"2025-05-21T13:28:04Z";"177664"
"fethy.faradji@infopro-digital.com -> UserMercury@infopro-digital.com";"Bureau/Debug/Alimentation_DWS_PS.pdb";"VERSION";"7.0";"7.0";"2025-05-21T14:32:14Z";"177664"
"fethy.faradji@infopro-digital.com -> UserMercury@infopro-digital.com";"Bureau/Debug/Alimentation_DWS_PS.pdb";"VERSION";"8.0";"8.0";"2025-05-21T14:38:06Z";"177664"
"fethy.faradji@infopro-digital.com -> UserMercury@infopro-digital.com";"Bureau/Debug/Alimentation_DWS_PS.pdb";"VERSION";"9.0";"9.0";"2025-05-21T14:44:47Z";"177664"
"fethy.faradji@infopro-digital.com -> UserMercury@infopro-digital.com";"Bureau/Debug/Alimentation_DWS_PS.pdb";"VERSION";"10.0";"11.0";"2025-05-22T08:52:01Z";"177664"
"fethy.faradji@infopro-digital.com -> UserMercury@infopro-digital.com";"Bureau/Debug/Microsoft.Bcl.AsyncInterfaces.dll";"VERSION";"1.0";"9.0";"2025-02-11T23:12:14Z";"26376"
"fethy.faradji@infopro-digital.com -> UserMercury@infopro-digital.com";"Bureau/Debug/Microsoft.Bcl.AsyncInterfaces.xml";"VERSION";"1.0";"9.0";"2025-02-11T23:12:14Z";"31313"
"fethy.faradji@infopro-digital.com -> UserMercury@infopro-digital.com";"Bureau/Debug/Microsoft.Bcl.HashCode.dll";"VERSION";"1.0";"9.0";"2020-11-16T21:15:16Z";"23424"
"fethy.faradji@infopro-digital.com -> UserMercury@infopro-digital.com";"Bureau/Debug/Microsoft.Bcl.HashCode.xml";"VERSION";"1.0";"9.0";"2020-11-16T21:15:16Z";"1732"
"fethy.faradji@infopro-digital.com -> UserMercury@infopro-digital.com";"Bureau/Debug/Microsoft.Extensions.DependencyInjection.Abstractions.dll";"VERSION";"1.0";"9.0";"2023-10-31T15:00:34Z";"64264"
"fethy.faradji@infopro-digital.com -> UserMercury@infopro-digital.com";"Bureau/Debug/Microsoft.Extensions.DependencyInjection.Abstractions.xml";"VERSION";"1.0";"9.0";"2023-10-31T15:00:34Z";"203027"
"fethy.faradji@infopro-digital.com -> UserMercury@infopro-digital.com";"Bureau/Debug/Microsoft.Extensions.Logging.Abstractions.dll";"VERSION";"1.0";"9.0";"2023-10-31T15:04:00Z";"67856"
"fethy.faradji@infopro-digital.com -> UserMercury@infopro-digital.com";"Bureau/Debug/Microsoft.Extensions.Logging.Abstractions.xml";"VERSION";"1.0";"9.0";"2023-10-31T15:04:00Z";"91749"
"fethy.faradji@infopro-digital.com -> UserMercury@infopro-digital.com";"Bureau/Debug/Npgsql.dll";"VERSION";"1.0";"9.0";"2025-02-24T22:00:04Z";"1387520"
"fethy.faradji@infopro-digital.com -> UserMercury@infopro-digital.com";"Bureau/Debug/Npgsql.xml";"VERSION";"1.0";"9.0";"2025-02-24T22:00:00Z";"638129"
"fethy.faradji@infopro-digital.com -> UserMercury@infopro-digital.com";"Bureau/Debug/System.Buffers.dll";"VERSION";"1.0";"9.0";"2020-02-19T10:05:18Z";"20856"
"fethy.faradji@infopro-digital.com -> UserMercury@infopro-digital.com";"Bureau/Debug/System.Buffers.xml";"VERSION";"1.0";"9.0";"2020-02-19T10:05:18Z";"3481"
"fethy.faradji@infopro-digital.com -> UserMercury@infopro-digital.com";"Bureau/Debug/System.Collections.Immutable.dll";"VERSION";"1.0";"9.0";"2023-10-31T15:04:34Z";"252696"
"fethy.faradji@infopro-digital.com -> UserMercury@infopro-digital.com";"Bureau/Debug/System.Collections.Immutable.xml";"VERSION";"1.0";"9.0";"2023-09-18T23:26:32Z";"532144"
"fethy.faradji@infopro-digital.com -> UserMercury@infopro-digital.com";"Bureau/Debug/System.Diagnostics.DiagnosticSource.dll";"VERSION";"1.0";"9.0";"2023-10-31T15:00:46Z";"189088"
"fethy.faradji@infopro-digital.com -> UserMercury@infopro-digital.com";"Bureau/Debug/System.Diagnostics.DiagnosticSource.xml";"VERSION";"1.0";"9.0";"2023-09-18T23:26:32Z";"153196"
"fethy.faradji@infopro-digital.com -> UserMercury@infopro-digital.com";"Bureau/Debug/System.IO.Pipelines.dll";"VERSION";"1.0";"9.0";"2025-02-11T23:12:24Z";"84792"
"fethy.faradji@infopro-digital.com -> UserMercury@infopro-digital.com";"Bureau/Debug/System.IO.Pipelines.xml";"VERSION";"1.0";"9.0";"2025-02-11T23:12:24Z";"41108"
"fethy.faradji@infopro-digital.com -> UserMercury@infopro-digital.com";"Bureau/Debug/System.Memory.dll";"VERSION";"1.0";"9.0";"2022-05-08T03:31:02Z";"142240"
"fethy.faradji@infopro-digital.com -> UserMercury@infopro-digital.com";"Bureau/Debug/System.Memory.xml";"VERSION";"1.0";"9.0";"2022-05-08T03:31:02Z";"13950"
"fethy.faradji@infopro-digital.com -> UserMercury@infopro-digital.com";"Bureau/Debug/System.Numerics.Vectors.dll";"VERSION";"1.0";"9.0";"2018-05-15T13:29:44Z";"115856"
"fethy.faradji@infopro-digital.com -> UserMercury@infopro-digital.com";"Bureau/Debug/System.Numerics.Vectors.xml";"VERSION";"1.0";"9.0";"2018-05-15T13:29:44Z";"183484"
"fethy.faradji@infopro-digital.com -> UserMercury@infopro-digital.com";"Bureau/Debug/System.Runtime.CompilerServices.Unsafe.dll";"VERSION";"1.0";"9.0";"2021-10-22T23:40:18Z";"18024"
"fethy.faradji@infopro-digital.com -> UserMercury@infopro-digital.com";"Bureau/Debug/System.Runtime.CompilerServices.Unsafe.xml";"VERSION";"1.0";"9.0";"2021-10-19T07:14:20Z";"20529"
"fethy.faradji@infopro-digital.com -> UserMercury@infopro-digital.com";"Bureau/Debug/System.Text.Encodings.Web.dll";"VERSION";"1.0";"9.0";"2025-02-11T23:18:34Z";"79672"
"fethy.faradji@infopro-digital.com -> UserMercury@infopro-digital.com";"Bureau/Debug/System.Text.Encodings.Web.xml";"VERSION";"1.0";"9.0";"2025-02-11T23:18:34Z";"63180"
"fethy.faradji@infopro-digital.com -> UserMercury@infopro-digital.com";"Bureau/Debug/System.Text.Json.dll";"VERSION";"1.0";"9.0";"2025-02-11T23:18:50Z";"726312"
"fethy.faradji@infopro-digital.com -> UserMercury@infopro-digital.com";"Bureau/Debug/System.Text.Json.xml";"VERSION";"1.0";"9.0";"2025-02-11T23:18:50Z";"570449"
"fethy.faradji@infopro-digital.com -> UserMercury@infopro-digital.com";"Bureau/Debug/System.Threading.Channels.dll";"VERSION";"1.0";"9.0";"2023-10-31T15:09:50Z";"74000"
"fethy.faradji@infopro-digital.com -> UserMercury@infopro-digital.com";"Bureau/Debug/System.Threading.Channels.xml";"VERSION";"1.0";"9.0";"2023-09-18T23:26:32Z";"18329"
"fethy.faradji@infopro-digital.com -> UserMercury@infopro-digital.com";"Bureau/Debug/System.Threading.Tasks.Extensions.dll";"VERSION";"1.0";"9.0";"2020-02-19T10:05:18Z";"25984"
"fethy.faradji@infopro-digital.com -> UserMercury@infopro-digital.com";"Bureau/Debug/System.Threading.Tasks.Extensions.xml";"VERSION";"1.0";"9.0";"2020-02-19T10:05:18Z";"10147"
"fethy.faradji@infopro-digital.com -> UserMercury@infopro-digital.com";"Bureau/Debug/System.ValueTuple.dll";"VERSION";"1.0";"9.0";"2018-05-15T13:29:52Z";"25232"
"fethy.faradji@infopro-digital.com -> UserMercury@infopro-digital.com";"Bureau/Debug/System.ValueTuple.xml";"VERSION";"1.0";"9.0";"2018-05-15T13:29:52Z";"142"
"fethy.faradji@infopro-digital.com -> UserMercury@infopro-digital.com";"Bureau/Debug/testpowershell2.exe";"VERSION";"1.0";"9.0";"2025-03-17T08:13:27Z";"26112"
"fethy.faradji@infopro-digital.com -> UserMercury@infopro-digital.com";"Bureau/Debug/testpowershell2.exe.config";"VERSION";"1.0";"9.0";"2025-03-14T10:29:11Z";"1296"
"fethy.faradji@infopro-digital.com -> UserMercury@infopro-digital.com";"Bureau/Debug/testpowershell2.pdb";"VERSION";"1.0";"9.0";"2025-03-17T08:13:27Z";"71168"
"fethy.faradji@infopro-digital.com -> UserMercury@infopro-digital.com";"Bureau/droit sharepoint/SharePoint_Permissions_Export_source.csv";"VERSION";"1.0";"9.0";"2025-07-31T00:54:15Z";"892807909"
"fethy.faradji@infopro-digital.com -> UserMercury@infopro-digital.com";"Bureau/DWS - applications Azure/Alimentation_DWS_PS.application";"VERSION";"1.0";"9.0";"2025-09-09T06:39:12Z";"1882"
"fethy.faradji@infopro-digital.com -> UserMercury@infopro-digital.com";"Bureau/DWS - applications Azure/Alimentation_DWS_PS.exe";"VERSION";"1.0";"9.0";"2025-09-09T06:39:11Z";"151552"
"fethy.faradji@infopro-digital.com -> UserMercury@infopro-digital.com";"Bureau/DWS - applications Azure/Alimentation_DWS_PS.exe.manifest";"VERSION";"1.0";"9.0";"2025-09-09T06:39:12Z";"15535"
"fethy.faradji@infopro-digital.com -> UserMercury@infopro-digital.com";"Bureau/DWS - applications Azure/Alimentation_DWS_PS.pdb";"VERSION";"1.0";"9.0";"2025-09-09T06:39:11Z";"235008"
"fethy.faradji@infopro-digital.com -> UserMercury@infopro-digital.com";"Bureau/DWS - applications Azure/DM_create_table_view.sql";"VERSION";"1.0";"9.0";"2025-09-05T13:20:45Z";"6361"
"fethy.faradji@infopro-digital.com -> UserMercury@infopro-digital.com";"Bureau/DWS - CREAMODIFAD - ENTRA/DWS_DM_VUES.SQL";"VERSION";"1.0";"1.0";"2025-09-24T09:27:28Z";"16490"
"fethy.faradji@infopro-digital.com -> UserMercury@infopro-digital.com";"Bureau/DWS - CREAMODIFAD - ENTRA/DWS_DM_VUES.SQL";"VERSION";"2.0";"2.0";"2025-09-24T09:28:07Z";"19838"
"fethy.faradji@infopro-digital.com -> UserMercury@infopro-digital.com";"Bureau/DWS - CREAMODIFAD - ENTRA/DWS_DM_VUES.SQL";"VERSION";"3.0";"4.0";"2025-09-24T09:28:11Z";"19840"
"fethy.faradji@infopro-digital.com -> UserMercury@infopro-digital.com";"Bureau/DWS - CREAMODIFAD - ENTRA/DWS_DW.SQL";"VERSION";"1.0";"9.0";"2025-09-24T09:29:24Z";"2007"
"fethy.faradji@infopro-digital.com -> UserMercury@infopro-digital.com";"Bureau/DWS - CREAMODIFAD - ENTRA/sarepointCopyScrypt-last-one.ps1";"VERSION";"1.0";"9.0";"2025-09-30T15:11:23Z";"8484"
"fethy.faradji@infopro-digital.com -> UserMercury@infopro-digital.com";"Bureau/export_synchro_sim_202410/avic_sans_date.csv";"VERSION";"1.0";"9.0";"2024-10-31T13:09:20Z";"2100302"
"fethy.faradji@infopro-digital.com -> UserMercury@infopro-digital.com";"Bureau/export_synchro_sim_202410/avic_sans_date.txt";"VERSION";"2.0";"3.0";"2024-10-31T13:01:48Z";"2673082"
"fethy.faradji@infopro-digital.com -> UserMercury@infopro-digital.com";"Bureau/export_synchro_sim_202410/avis__c_2.csv";"VERSION";"1.0";"9.0";"2024-10-29T09:00:20Z";"49732"
"fethy.faradji@infopro-digital.com -> UserMercury@infopro-digital.com";"Bureau/export_synchro_sim_202410/avis__c_R.csv";"VERSION";"1.0";"9.0";"2024-11-04T09:00:49Z";"12280421"
"fethy.faradji@infopro-digital.com -> UserMercury@infopro-digital.com";"Bureau/export_synchro_sim_202410/delete_avis__c.csv";"VERSION";"1.0";"9.0";"2024-10-29T14:26:00Z";"751568"
"fethy.faradji@infopro-digital.com -> UserMercury@infopro-digital.com";"Bureau/export_synchro_sim_202410/erreur_facture.xls";"VERSION";"1.0";"9.0";"2024-10-23T07:24:14Z";"205824"
"fethy.faradji@infopro-digital.com -> UserMercury@infopro-digital.com";"Bureau/export_synchro_sim_202410/Facture__c.csv";"VERSION";"1.0";"9.0";"2024-10-23T06:56:24Z";"303930"
"fethy.faradji@infopro-digital.com -> UserMercury@infopro-digital.com";"Bureau/export_synchro_sim_202410/id_avis_date_pourrie";"VERSION";"1.0";"9.0";"2024-11-06T15:51:04Z";"2001828"
"fethy.faradji@infopro-digital.com -> UserMercury@infopro-digital.com";"Bureau/export_synchro_sim_202410/id_avis_date_pourrie.csv";"VERSION";"1.0";"1.0";"2024-11-06T15:53:01Z";"2001828"
"fethy.faradji@infopro-digital.com -> UserMercury@infopro-digital.com";"Bureau/export_synchro_sim_202410/id_avis_date_pourrie.csv";"VERSION";"2.0";"3.0";"2024-11-06T15:55:53Z";"5459492"
"fethy.faradji@infopro-digital.com -> UserMercury@infopro-digital.com";"Bureau/export_synchro_sim_202410/id_avis_date_pourrie.txt";"VERSION";"1.0";"9.0";"2024-11-06T15:52:18Z";"2001828"
"fethy.faradji@infopro-digital.com -> UserMercury@infopro-digital.com";"Bureau/export_synchro_sim_202410/id_avis_importé.csv";"VERSION";"1.0";"9.0";"2024-10-21T11:58:34Z";"8394357"
"fethy.faradji@infopro-digital.com -> UserMercury@infopro-digital.com";"Bureau/export_synchro_sim_202410/id_Order.csv";"VERSION";"1.0";"9.0";"2024-11-05T13:44:37Z";"18774"
"fethy.faradji@infopro-digital.com -> UserMercury@infopro-digital.com";"Bureau/export_synchro_sim_202410/id_publications.csv";"VERSION";"1.0";"9.0";"2024-11-05T13:17:27Z";"1274508"
"fethy.faradji@infopro-digital.com -> UserMercury@infopro-digital.com";"Bureau/export_synchro_sim_202410/id_publications_importé.csv";"VERSION";"1.0";"9.0";"2024-11-04T13:11:43Z";"85017947"
"fethy.faradji@infopro-digital.com -> UserMercury@infopro-digital.com";"Bureau/export_synchro_sim_202410/Order_2.csv";"VERSION";"1.0";"9.0";"2024-11-05T13:59:09Z";"33871"
"fethy.faradji@infopro-digital.com -> UserMercury@infopro-digital.com";"Bureau/export_synchro_sim_202410/Order_importée.csv";"VERSION";"1.0";"9.0";"2024-10-23T06:46:41Z";"157187"
"fethy.faradji@infopro-digital.com -> UserMercury@infopro-digital.com";"Bureau/export_synchro_sim_202410/publication__c_R.csv";"VERSION";"1.0";"9.0";"2024-11-04T10:33:16Z";"2706420"
"fethy.faradji@infopro-digital.com -> UserMercury@infopro-digital.com";"Bureau/export_synchro_sim_202410/publication_statut.csv";"VERSION";"1.0";"9.0";"2024-11-05T15:48:14Z";"98285347"
"fethy.faradji@infopro-digital.com -> UserMercury@infopro-digital.com";"Bureau/export_synchro_sim_202410/publication_statut.txt";"VERSION";"1.0";"9.0";"2024-11-05T15:47:54Z";"98285347"
"fethy.faradji@infopro-digital.com -> UserMercury@infopro-digital.com";"Bureau/export_synchro_sim_202410/publications__c.csv";"VERSION";"1.0";"9.0";"2024-10-22T08:04:14Z";"62090196"
"fethy.faradji@infopro-digital.com -> UserMercury@infopro-digital.com";"Bureau/export_synchro_sim_202410/publications__c_importée.csv";"VERSION";"1.0";"9.0";"2024-10-23T06:40:16Z";"15646783"
"fethy.faradji@infopro-digital.com -> UserMercury@infopro-digital.com";"Bureau/export_synchro_sim_202410/publications__c_rattrapage.csv";"VERSION";"1.0";"1.0";"2024-10-22T15:30:40Z";"388890"
"fethy.faradji@infopro-digital.com -> UserMercury@infopro-digital.com";"Bureau/export_synchro_sim_202410/publications__c_rattrapage.csv";"VERSION";"2.0";"3.0";"2024-10-22T15:33:02Z";"396875"
"fethy.faradji@infopro-digital.com -> UserMercury@infopro-digital.com";"Bureau/export_synchro_sim_202410/publications_non_dispo.csv";"VERSION";"1.0";"9.0";"2024-11-05T10:41:27Z";"1874726"
"fethy.faradji@infopro-digital.com -> UserMercury@infopro-digital.com";"Bureau/export_synchro_sim_202410/ref_compte.csv";"VERSION";"1.0";"9.0";"2024-11-07T10:08:20Z";"5583359"
"fethy.faradji@infopro-digital.com -> UserMercury@infopro-digital.com";"Bureau/export_synchro_sim_202410/referentiel.csv";"VERSION";"1.0";"9.0";"2024-10-29T15:16:28Z";"140979848"
"fethy.faradji@infopro-digital.com -> UserMercury@infopro-digital.com";"Bureau/export_synchro_sim_202410/referentiel_2.csv";"VERSION";"1.0";"9.0";"2024-10-31T13:19:07Z";"52843466"
"fethy.faradji@infopro-digital.com -> UserMercury@infopro-digital.com";"Bureau/export_synchro_sim_202410/reférentielle_last.csv";"VERSION";"1.0";"9.0";"2024-11-07T09:46:29Z";"144348236"
"fethy.faradji@infopro-digital.com -> UserMercury@infopro-digital.com";"Bureau/export_synchro_sim_202410/supp_publications.csv";"VERSION";"1.0";"9.0";"2024-10-29T13:47:25Z";"683813"
"fethy.faradji@infopro-digital.com -> UserMercury@infopro-digital.com";"Bureau/export_synchro_sim_202410/update_publications__c.csv";"VERSION";"1.0";"1.0";"2024-11-06T10:17:44Z";"22498"
"fethy.faradji@infopro-digital.com -> UserMercury@infopro-digital.com";"Bureau/export_synchro_sim_202410/update_publications__c.csv";"VERSION";"2.0";"3.0";"2024-11-06T13:47:01Z";"19870"
"fethy.faradji@infopro-digital.com -> UserMercury@infopro-digital.com";"Bureau/INFOPRO DIGITAL (Prod)_files/1-easyvista-dependencies-bundle.min.js.téléchargement";"VERSION";"1.0";"9.0";"2025-01-27T10:24:13Z";"214436"
"fethy.faradji@infopro-digital.com -> UserMercury@infopro-digital.com";"Bureau/INFOPRO DIGITAL (Prod)_files/2-evsm-dependencies-bundle.min.css";"VERSION";"1.0";"9.0";"2025-01-27T10:24:07Z";"808571"
"fethy.faradji@infopro-digital.com -> UserMercury@infopro-digital.com";"Bureau/INFOPRO DIGITAL (Prod)_files/2-evsm-dependencies-bundle.min.js.téléchargement";"VERSION";"1.0";"9.0";"2025-01-27T10:24:13Z";"590603"
"fethy.faradji@infopro-digital.com -> UserMercury@infopro-digital.com";"Bureau/INFOPRO DIGITAL (Prod)_files/3-easyvista-bundle.min.css";"VERSION";"1.0";"9.0";"2025-01-27T10:24:07Z";"336782"
"fethy.faradji@infopro-digital.com -> UserMercury@infopro-digital.com";"Bureau/INFOPRO DIGITAL (Prod)_files/3-easyvista-bundle.min.js.téléchargement";"VERSION";"1.0";"9.0";"2025-01-27T10:24:13Z";"50663"
"fethy.faradji@infopro-digital.com -> UserMercury@infopro-digital.com";"Bureau/INFOPRO DIGITAL (Prod)_files/4-evsm-bundle.min.css";"VERSION";"1.0";"9.0";"2025-01-27T10:24:07Z";"414116"
"fethy.faradji@infopro-digital.com -> UserMercury@infopro-digital.com";"Bureau/INFOPRO DIGITAL (Prod)_files/4-evsm-bundle.min.js.téléchargement";"VERSION";"1.0";"9.0";"2025-01-27T10:24:13Z";"192105"
"fethy.faradji@infopro-digital.com -> UserMercury@infopro-digital.com";"Bureau/INFOPRO DIGITAL (Prod)_files/5-evsm-next-bundle.min.js.téléchargement";"VERSION";"1.0";"9.0";"2025-01-27T10:24:13Z";"119950"
"fethy.faradji@infopro-digital.com -> UserMercury@infopro-digital.com";"Bureau/INFOPRO DIGITAL (Prod)_files/6-optimized-bundle.min.css";"VERSION";"1.0";"9.0";"2025-01-27T10:24:07Z";"128667"
"fethy.faradji@infopro-digital.com -> UserMercury@infopro-digital.com";"Bureau/INFOPRO DIGITAL (Prod)_files/6-optimized-bundle.min.js.téléchargement";"VERSION";"1.0";"9.0";"2025-01-27T10:24:13Z";"660907"
"fethy.faradji@infopro-digital.com -> UserMercury@infopro-digital.com";"Bureau/INFOPRO DIGITAL (Prod)_files/7-notifications-client-bundle.min.css";"VERSION";"1.0";"9.0";"2025-01-27T10:24:08Z";"126"
"fethy.faradji@infopro-digital.com -> UserMercury@infopro-digital.com";"Bureau/INFOPRO DIGITAL (Prod)_files/7-notifications-client-bundle.min.js.téléchargement";"VERSION";"1.0";"9.0";"2025-01-27T10:24:14Z";"34921"
"fethy.faradji@infopro-digital.com -> UserMercury@infopro-digital.com";"Bureau/INFOPRO DIGITAL (Prod)_files/8-ui-ux-bundle.min.css";"VERSION";"1.0";"9.0";"2025-01-27T10:24:08Z";"779075"
"fethy.faradji@infopro-digital.com -> UserMercury@infopro-digital.com";"Bureau/INFOPRO DIGITAL (Prod)_files/9-themes-bundle.min.css";"VERSION";"1.0";"9.0";"2025-01-27T10:24:08Z";"272381"
"fethy.faradji@infopro-digital.com -> UserMercury@infopro-digital.com";"Bureau/INFOPRO DIGITAL (Prod)_files/add-ico.png";"VERSION";"1.0";"6.0";"2025-01-27T10:24:16Z";"284"
"fethy.faradji@infopro-digital.com -> UserMercury@infopro-digital.com";"Bureau/INFOPRO DIGITAL (Prod)_files/anychart-bundle.min.js.téléchargement";"VERSION";"1.0";"9.0";"2025-01-27T10:24:09Z";"4137241"
"fethy.faradji@infopro-digital.com -> UserMercury@infopro-digital.com";"Bureau/INFOPRO DIGITAL (Prod)_files/codemirror-bundle.min.js.téléchargement";"VERSION";"1.0";"9.0";"2025-01-27T10:24:09Z";"307049"
"fethy.faradji@infopro-digital.com -> UserMercury@infopro-digital.com";"Bureau/INFOPRO DIGITAL (Prod)_files/common.js.téléchargement";"VERSION";"1.0";"9.0";"2025-01-27T10:24:12Z";"1427"
"fethy.faradji@infopro-digital.com -> UserMercury@infopro-digital.com";"Bureau/INFOPRO DIGITAL (Prod)_files/core-js-bundle.min.js.téléchargement";"VERSION";"1.0";"9.0";"2025-01-27T10:24:09Z";"171935"
"fethy.faradji@infopro-digital.com -> UserMercury@infopro-digital.com";"Bureau/INFOPRO DIGITAL (Prod)_files/customer_optimized.css";"VERSION";"1.0";"1.0";"2025-01-27T10:24:08Z";"0"
"fethy.faradji@infopro-digital.com -> UserMercury@infopro-digital.com";"Bureau/INFOPRO DIGITAL (Prod)_files/datepicker-fr.js.téléchargement";"VERSION";"1.0";"9.0";"2025-01-27T10:24:15Z";"1344"
"fethy.faradji@infopro-digital.com -> UserMercury@infopro-digital.com";"Bureau/INFOPRO DIGITAL (Prod)_files/dropzone-bundle.min.js.téléchargement";"VERSION";"1.0";"9.0";"2025-01-27T10:24:09Z";"117164"
"fethy.faradji@infopro-digital.com -> UserMercury@infopro-digital.com";"Bureau/INFOPRO DIGITAL (Prod)_files/easyvista.ev-components.ai-pepper-front-bundle.min.js.téléchargement";"VERSION";"1.0";"9.0";"2025-01-27T10:24:09Z";"23417"
"fethy.faradji@infopro-digital.com -> UserMercury@infopro-digital.com";"Bureau/INFOPRO DIGITAL (Prod)_files/easyvista.ev-components.atomic-components-bundle.min.js.téléchargement";"VERSION";"1.0";"9.0";"2025-01-27T10:24:09Z";"3822009"
"fethy.faradji@infopro-digital.com -> UserMercury@infopro-digital.com";"Bureau/INFOPRO DIGITAL (Prod)_files/easyvista.ev-components.client-commons-bundle.min.js.téléchargement";"VERSION";"1.0";"9.0";"2025-01-27T10:24:10Z";"26965"
"fethy.faradji@infopro-digital.com -> UserMercury@infopro-digital.com";"Bureau/INFOPRO DIGITAL (Prod)_files/easyvista.ev-components.cmdb-bundle.min.js.téléchargement";"VERSION";"1.0";"9.0";"2025-01-27T10:24:10Z";"898223"
"fethy.faradji@infopro-digital.com -> UserMercury@infopro-digital.com";"Bureau/INFOPRO DIGITAL (Prod)_files/easyvista.ev-components.discussion-bundle.min.js.téléchargement";"VERSION";"1.0";"9.0";"2025-01-27T10:24:10Z";"175220"
"fethy.faradji@infopro-digital.com -> UserMercury@infopro-digital.com";"Bureau/INFOPRO DIGITAL (Prod)_files/easyvista.ev-components.ev-ai-bundle.min.js.téléchargement";"VERSION";"1.0";"9.0";"2025-01-27T10:24:10Z";"12777"
"fethy.faradji@infopro-digital.com -> UserMercury@infopro-digital.com";"Bureau/INFOPRO DIGITAL (Prod)_files/easyvista.ev-components.ev-generic-forms-bundle.min.js.téléchargement";"VERSION";"1.0";"9.0";"2025-01-27T10:24:10Z";"107134"
"fethy.faradji@infopro-digital.com -> UserMercury@infopro-digital.com";"Bureau/INFOPRO DIGITAL (Prod)_files/easyvista.ev-components.ev-insights-bundle.min.js.téléchargement";"VERSION";"1.0";"9.0";"2025-01-27T10:24:10Z";"3856195"
"fethy.faradji@infopro-digital.com -> UserMercury@infopro-digital.com";"Bureau/INFOPRO DIGITAL (Prod)_files/easyvista.ev-components.ev-wysiwyg-bundle.min.js.téléchargement";"VERSION";"1.0";"9.0";"2025-01-27T10:24:10Z";"2721352"
"fethy.faradji@infopro-digital.com -> UserMercury@infopro-digital.com";"Bureau/INFOPRO DIGITAL (Prod)_files/easyvista.ev-components.theme-management-bundle.min.js.téléchargement";"VERSION";"1.0";"9.0";"2025-01-27T10:24:11Z";"38629"
"fethy.faradji@infopro-digital.com -> UserMercury@infopro-digital.com";"Bureau/INFOPRO DIGITAL (Prod)_files/easyvista.ev-grid-bundle.min.js.téléchargement";"VERSION";"1.0";"9.0";"2025-01-27T10:24:11Z";"12817228"
"fethy.faradji@infopro-digital.com -> UserMercury@infopro-digital.com";"Bureau/INFOPRO DIGITAL (Prod)_files/employee";"VERSION";"1.0";"9.0";"2025-01-27T10:24:14Z";"1653"
"fethy.faradji@infopro-digital.com -> UserMercury@infopro-digital.com";"Bureau/INFOPRO DIGITAL (Prod)_files/form-bundle.min.css";"VERSION";"1.0";"9.0";"2025-01-27T10:24:14Z";"16973"
"fethy.faradji@infopro-digital.com -> UserMercury@infopro-digital.com";"Bureau/INFOPRO DIGITAL (Prod)_files/form-bundle.min.js.téléchargement";"VERSION";"1.0";"8.0";"2025-01-27T10:24:15Z";"227120"
"fethy.faradji@infopro-digital.com -> UserMercury@infopro-digital.com";"Bureau/INFOPRO DIGITAL (Prod)_files/form-widget-bundle.min.css";"VERSION";"1.0";"8.0";"2025-01-27T10:24:08Z";"156129"
"fethy.faradji@infopro-digital.com -> UserMercury@infopro-digital.com";"Bureau/INFOPRO DIGITAL (Prod)_files/form-widget-bundle.min.js.téléchargement";"VERSION";"1.0";"8.0";"2025-01-27T10:24:15Z";"382611"
"fethy.faradji@infopro-digital.com -> UserMercury@infopro-digital.com";"Bureau/INFOPRO DIGITAL (Prod)_files/grid-bundle.min.css";"VERSION";"1.0";"8.0";"2025-01-27T10:24:14Z";"159064"
"fethy.faradji@infopro-digital.com -> UserMercury@infopro-digital.com";"Bureau/INFOPRO DIGITAL (Prod)_files/grid-bundle.min.js.téléchargement";"VERSION";"1.0";"8.0";"2025-01-27T10:24:15Z";"77852"
"fethy.faradji@infopro-digital.com -> UserMercury@infopro-digital.com";"Bureau/INFOPRO DIGITAL (Prod)_files/jquery.discussionWidget.js.téléchargement";"VERSION";"1.0";"8.0";"2025-01-27T10:24:14Z";"32656"
"fethy.faradji@infopro-digital.com -> UserMercury@infopro-digital.com";"Bureau/INFOPRO DIGITAL (Prod)_files/jquery-bundle.min.js.téléchargement";"VERSION";"1.0";"8.0";"2025-01-27T10:24:11Z";"90554"
"fethy.faradji@infopro-digital.com -> UserMercury@infopro-digital.com";"Bureau/INFOPRO DIGITAL (Prod)_files/jquery-ui-bundle.min.js.téléchargement";"VERSION";"1.0";"8.0";"2025-01-27T10:24:11Z";"43473"
"fethy.faradji@infopro-digital.com -> UserMercury@infopro-digital.com";"Bureau/INFOPRO DIGITAL (Prod)_files/jquery-ui-timepicker-fr.js.téléchargement";"VERSION";"1.0";"8.0";"2025-01-27T10:24:15Z";"620"
"fethy.faradji@infopro-digital.com -> UserMercury@infopro-digital.com";"Bureau/INFOPRO DIGITAL (Prod)_files/logo_ezv.png";"VERSION";"1.0";"6.0";"2025-01-27T10:24:14Z";"9631"
"fethy.faradji@infopro-digital.com -> UserMercury@infopro-digital.com";"Bureau/INFOPRO DIGITAL (Prod)_files/pointille-horizontaux2px.png";"VERSION";"1.0";"6.0";"2025-01-27T10:24:15Z";"104"
"fethy.faradji@infopro-digital.com -> UserMercury@infopro-digital.com";"Bureau/INFOPRO DIGITAL (Prod)_files/popperjs-bundle.min.js.téléchargement";"VERSION";"1.0";"8.0";"2025-01-27T10:24:11Z";"22634"
"fethy.faradji@infopro-digital.com -> UserMercury@infopro-digital.com";"Bureau/INFOPRO DIGITAL (Prod)_files/react-bootstrap-bundle.min.js.téléchargement";"VERSION";"1.0";"8.0";"2025-01-27T10:24:12Z";"23988"
"fethy.faradji@infopro-digital.com -> UserMercury@infopro-digital.com";"Bureau/INFOPRO DIGITAL (Prod)_files/react-dom-bundle.min.js.téléchargement";"VERSION";"1.0";"8.0";"2025-01-27T10:24:12Z";"130150"
"fethy.faradji@infopro-digital.com -> UserMercury@infopro-digital.com";"Bureau/INFOPRO DIGITAL (Prod)_files/react-overlays-bundle.min.js.téléchargement";"VERSION";"1.0";"8.0";"2025-01-27T10:24:12Z";"14195"
"fethy.faradji@infopro-digital.com -> UserMercury@infopro-digital.com";"Bureau/INFOPRO DIGITAL (Prod)_files/react-property-bundle.min.js.téléchargement";"VERSION";"1.0";"8.0";"2025-01-27T10:24:12Z";"12884"
"fethy.faradji@infopro-digital.com -> UserMercury@infopro-digital.com";"Bureau/INFOPRO DIGITAL (Prod)_files/runtime-bundle.min.js.téléchargement";"VERSION";"1.0";"8.0";"2025-01-27T10:24:12Z";"5506"
"fethy.faradji@infopro-digital.com -> UserMercury@infopro-digital.com";"Bureau/INFOPRO DIGITAL (Prod)_files/servicerequest.png";"VERSION";"1.0";"6.0";"2025-01-27T10:24:16Z";"614"
"fethy.faradji@infopro-digital.com -> UserMercury@infopro-digital.com";"Bureau/INFOPRO DIGITAL (Prod)_files/themeManagement-bundle.min.css";"VERSION";"1.0";"8.0";"2025-01-27T10:24:06Z";"20718"
"fethy.faradji@infopro-digital.com -> UserMercury@infopro-digital.com";"Bureau/INFOPRO DIGITAL (Prod)_files/themeManagement-bundle.min.js.téléchargement";"VERSION";"1.0";"8.0";"2025-01-27T10:24:14Z";"38946"
"fethy.faradji@infopro-digital.com -> UserMercury@infopro-digital.com";"Bureau/INFOPRO DIGITAL (Prod)_files/th-list.png";"VERSION";"1.0";"6.0";"2025-01-27T10:24:16Z";"287"
"fethy.faradji@infopro-digital.com -> UserMercury@infopro-digital.com";"Bureau/INFOPRO DIGITAL (Prod)_files/tinymce.min.js.téléchargement";"VERSION";"1.0";"8.0";"2025-01-27T10:24:16Z";"393252"
"fethy.faradji@infopro-digital.com -> UserMercury@infopro-digital.com";"Bureau/INFOPRO DIGITAL (Prod)_files/tinymce-bundle.min.js.téléchargement";"VERSION";"1.0";"8.0";"2025-01-27T10:24:12Z";"420381"
"fethy.faradji@infopro-digital.com -> UserMercury@infopro-digital.com";"Bureau/INFOPRO DIGITAL (Prod)_files/workorder.png";"VERSION";"1.0";"6.0";"2025-01-27T10:24:16Z";"444"
"fethy.faradji@infopro-digital.com -> UserMercury@infopro-digital.com";"Bureau/jira 555/ALIM_TABLE_SF.pls";"VERSION";"1.0";"8.0";"2025-04-04T12:31:09Z";"103483"
"fethy.faradji@infopro-digital.com -> UserMercury@infopro-digital.com";"Bureau/jira 555/update_id_seuil.sql";"VERSION";"1.0";"1.0";"2025-04-04T12:31:28Z";"722"
"fethy.faradji@infopro-digital.com -> UserMercury@infopro-digital.com";"Bureau/jira 555/update_id_seuil.sql";"VERSION";"2.0";"3.0";"2025-04-04T12:31:35Z";"731"
"fethy.faradji@infopro-digital.com -> UserMercury@infopro-digital.com";"Bureau/Les Contes de la decrypt/LesContesDECRYPTE.exe";"VERSION";"1.0";"8.0";"2025-03-27T08:57:06Z";"12288"
"fethy.faradji@infopro-digital.com -> UserMercury@infopro-digital.com";"Bureau/Les Contes de la decrypt/LesContesDECRYPTE.exe.config";"VERSION";"1.0";"8.0";"2025-03-26T15:30:56Z";"515"
"fethy.faradji@infopro-digital.com -> UserMercury@infopro-digital.com";"Bureau/Les Contes de la decrypt/LesContesDECRYPTE.pdb";"VERSION";"1.0";"8.0";"2025-03-27T08:57:06Z";"42496"
"fethy.faradji@infopro-digital.com -> UserMercury@infopro-digital.com";"Bureau/livraisonKPI 20250428/dim_licences.sql";"VERSION";"1.0";"8.0";"2025-04-28T12:47:36Z";"3590"
"fethy.faradji@infopro-digital.com -> UserMercury@infopro-digital.com";"Bureau/livraisonKPI 20250428/DM_user365.sql";"VERSION";"1.0";"8.0";"2025-04-28T09:43:32Z";"3232"
"fethy.faradji@infopro-digital.com -> UserMercury@infopro-digital.com";"Bureau/livraisonKPI 20250428/DW_USER365.sql";"VERSION";"1.0";"8.0";"2025-04-28T09:41:48Z";"1748"
"fethy.faradji@infopro-digital.com -> UserMercury@infopro-digital.com";"Bureau/livraisonKPI 20250428/Insert Errors Consommation_UP__c 16-12-2024.sql";"VERSION";"1.0";"8.0";"2025-04-28T09:38:39Z";"1748"
"fethy.faradji@infopro-digital.com -> UserMercury@infopro-digital.com";"Bureau/livraisonKPI 20250428/translate_and_concat_licenses";"VERSION";"1.0";"8.0";"2025-04-28T13:14:42Z";"1356"
"fethy.faradji@infopro-digital.com -> UserMercury@infopro-digital.com";"Bureau/livraisonKPI 20250428/translate_and_concat_licenses.sql";"VERSION";"1.0";"8.0";"2025-04-28T12:38:57Z";"1356"
"fethy.faradji@infopro-digital.com -> UserMercury@infopro-digital.com";"Bureau/livraisonKPI 20250428/v_user365.sql";"VERSION";"1.0";"8.0";"2025-04-28T12:38:44Z";"1430"
"fethy.faradji@infopro-digital.com -> UserMercury@infopro-digital.com";"Bureau/mep 20241014/SIMX_AO_PUB.SQL";"VERSION";"1.0";"8.0";"2024-10-11T13:44:28Z";"11089"
"fethy.faradji@infopro-digital.com -> UserMercury@infopro-digital.com";"Bureau/mep 20241014/SIMX_AO_PUB2.sql";"VERSION";"1.0";"8.0";"2024-10-11T13:43:12Z";"11116"
"fethy.faradji@infopro-digital.com -> UserMercury@infopro-digital.com";"Bureau/mep 20250113/ALIM_TABLE_SF.sql";"VERSION";"1.0";"1.0";"2025-01-10T10:18:49Z";"115542"
"fethy.faradji@infopro-digital.com -> UserMercury@infopro-digital.com";"Bureau/mep 20250113/ALIM_TABLE_SF.sql";"VERSION";"2.0";"3.0";"2025-01-13T09:03:53Z";"112488"
"fethy.faradji@infopro-digital.com -> UserMercury@infopro-digital.com";"Bureau/mep 20250113/mise_a_jours_seuil.sql";"VERSION";"1.0";"8.0";"2025-01-10T10:29:59Z";"578"
"fethy.faradji@infopro-digital.com -> UserMercury@infopro-digital.com";"Bureau/mep 20250113/od_package.sql";"VERSION";"1.0";"8.0";"2025-01-13T11:11:09Z";"111609"
"fethy.faradji@infopro-digital.com -> UserMercury@infopro-digital.com";"Bureau/mep 20250129/ALIM_TABLE_SF.sql";"VERSION";"1.0";"1.0";"2025-01-27T12:22:18Z";"104206"
"fethy.faradji@infopro-digital.com -> UserMercury@infopro-digital.com";"Bureau/mep 20250129/ALIM_TABLE_SF.sql";"VERSION";"2.0";"3.0";"2025-01-29T08:54:55Z";"104220"
"fethy.faradji@infopro-digital.com -> UserMercury@infopro-digital.com";"Bureau/mep 20250129/LISTE_RETRY_SF.sql";"VERSION";"1.0";"8.0";"2025-01-27T12:24:07Z";"868"
"fethy.faradji@infopro-digital.com -> UserMercury@infopro-digital.com";"Bureau/mep 20250129/nouveau 3.html";"VERSION";"1.0";"1.0";"2025-01-27T13:50:58Z";"1325"
"fethy.faradji@infopro-digital.com -> UserMercury@infopro-digital.com";"Bureau/mep 20250129/nouveau 3.html";"VERSION";"2.0";"3.0";"2025-01-27T13:56:59Z";"1375"
"fethy.faradji@infopro-digital.com -> UserMercury@infopro-digital.com";"Bureau/mep DWS20250814/Alimentation_DWS_PS.application";"VERSION";"1.0";"1.0";"2025-08-14T14:33:23Z";"1882"
"fethy.faradji@infopro-digital.com -> UserMercury@infopro-digital.com";"Bureau/mep DWS20250814/Alimentation_DWS_PS.application";"VERSION";"2.0";"3.0";"2025-08-25T09:45:19Z";"1882"
"fethy.faradji@infopro-digital.com -> UserMercury@infopro-digital.com";"Bureau/mep DWS20250814/Alimentation_DWS_PS.exe";"VERSION";"1.0";"1.0";"2025-08-14T14:33:23Z";"104960"
"fethy.faradji@infopro-digital.com -> UserMercury@infopro-digital.com";"Bureau/mep DWS20250814/Alimentation_DWS_PS.exe";"VERSION";"2.0";"2.0";"2025-08-25T09:45:18Z";"104960"
"fethy.faradji@infopro-digital.com -> UserMercury@infopro-digital.com";"Bureau/mep DWS20250814/Alimentation_DWS_PS.exe";"VERSION";"3.0";"4.0";"2025-09-10T11:58:33Z";"151552"
"fethy.faradji@infopro-digital.com -> UserMercury@infopro-digital.com";"Bureau/mep DWS20250814/Alimentation_DWS_PS.exe.manifest";"VERSION";"1.0";"1.0";"2025-08-14T14:33:23Z";"15535"
"fethy.faradji@infopro-digital.com -> UserMercury@infopro-digital.com";"Bureau/mep DWS20250814/Alimentation_DWS_PS.exe.manifest";"VERSION";"2.0";"3.0";"2025-08-25T09:45:19Z";"15535"
"fethy.faradji@infopro-digital.com -> UserMercury@infopro-digital.com";"Bureau/mep DWS20250814/applications_entra - Copie.csv";"VERSION";"1.0";"8.0";"2025-09-01T12:37:42Z";"233580"
"fethy.faradji@infopro-digital.com -> UserMercury@infopro-digital.com";"Bureau/mep DWS20250814/applications_entra.csv";"VERSION";"1.0";"1.0";"2025-08-28T14:19:31Z";"203389"
"fethy.faradji@infopro-digital.com -> UserMercury@infopro-digital.com";"Bureau/mep DWS20250814/applications_entra.csv";"VERSION";"2.0";"2.0";"2025-08-28T14:29:04Z";"191891"
"fethy.faradji@infopro-digital.com -> UserMercury@infopro-digital.com";"Bureau/mep DWS20250814/applications_entra.csv";"VERSION";"3.0";"3.0";"2025-08-28T14:47:07Z";"162809"
"fethy.faradji@infopro-digital.com -> UserMercury@infopro-digital.com";"Bureau/mep DWS20250814/applications_entra.csv";"VERSION";"4.0";"4.0";"2025-09-01T12:37:42Z";"233580"
"fethy.faradji@infopro-digital.com -> UserMercury@infopro-digital.com";"Bureau/mep DWS20250814/applications_entra.csv";"VERSION";"5.0";"5.0";"2025-09-01T13:14:31Z";"232861"
"fethy.faradji@infopro-digital.com -> UserMercury@infopro-digital.com";"Bureau/mep DWS20250814/applications_entra.csv";"VERSION";"6.0";"6.0";"2025-09-01T13:19:11Z";"233580"
"fethy.faradji@infopro-digital.com -> UserMercury@infopro-digital.com";"Bureau/mep DWS20250814/applications_entra.csv";"VERSION";"7.0";"8.0";"2025-09-02T13:41:36Z";"241067"
"fethy.faradji@infopro-digital.com -> UserMercury@infopro-digital.com";"Bureau/mep DWS20250814/applications_entreprise.csv";"VERSION";"1.0";"8.0";"2025-09-01T11:41:55Z";"96136"
"fethy.faradji@infopro-digital.com -> UserMercury@infopro-digital.com";"Bureau/mep DWS20250814/apps_tags.csv";"VERSION";"1.0";"1.0";"2025-09-02T13:46:15Z";"188966"
"fethy.faradji@infopro-digital.com -> UserMercury@infopro-digital.com";"Bureau/mep DWS20250814/apps_tags.csv";"VERSION";"2.0";"3.0";"2025-09-02T14:12:52Z";"99604"
"fethy.faradji@infopro-digital.com -> UserMercury@infopro-digital.com";"Bureau/mep DWS20250814/assignations_apps_toutes.csv";"VERSION";"1.0";"1.0";"2025-08-29T08:18:23Z";"1356360"
"fethy.faradji@infopro-digital.com -> UserMercury@infopro-digital.com";"Bureau/mep DWS20250814/assignations_apps_toutes.csv";"VERSION";"2.0";"3.0";"2025-08-29T08:33:50Z";"2334809"
"fethy.faradji@infopro-digital.com -> UserMercury@infopro-digital.com";"Bureau/mep DWS20250814/entra_permissions.csv";"VERSION";"1.0";"8.0";"2025-08-28T14:57:15Z";"333846"
"fethy.faradji@infopro-digital.com -> UserMercury@infopro-digital.com";"Bureau/mep DWS20250814/inventaire_applications_azure.csv";"VERSION";"1.0";"8.0";"2025-08-26T08:13:11Z";"390975"
"fethy.faradji@infopro-digital.com -> UserMercury@infopro-digital.com";"Bureau/mep DWS20250814/mise a jour dm.sql";"VERSION";"1.0";"8.0";"2025-08-14T13:41:23Z";"10684"
"fethy.faradji@infopro-digital.com -> UserMercury@infopro-digital.com";"Bureau/mep DWS20250814/nouveau 1.txt";"VERSION";"1.0";"1.0";"2025-08-28T07:33:43Z";"12122"
"fethy.faradji@infopro-digital.com -> UserMercury@infopro-digital.com";"Bureau/mep DWS20250814/nouveau 1.txt";"VERSION";"2.0";"3.0";"2025-08-28T12:03:44Z";"11978"
"fethy.faradji@infopro-digital.com -> UserMercury@infopro-digital.com";"Bureau/mep DWS20250814/nouveau 2.txt";"VERSION";"1.0";"8.0";"2025-08-28T07:33:49Z";"9553"
"fethy.faradji@infopro-digital.com -> UserMercury@infopro-digital.com";"Bureau/mep synchro 20241007/ALIM_TABLE_SF.sql";"VERSION";"1.0";"1.0";"2024-10-04T09:19:58Z";"111426"
"fethy.faradji@infopro-digital.com -> UserMercury@infopro-digital.com";"Bureau/mep synchro 20241007/ALIM_TABLE_SF.sql";"VERSION";"2.0";"3.0";"2024-10-07T13:51:51Z";"111458"
"fethy.faradji@infopro-digital.com -> UserMercury@infopro-digital.com";"Bureau/mep synchro 20241007/SIMX_AM_IN.sql";"VERSION";"1.0";"8.0";"2024-10-04T09:24:58Z";"980"
"fethy.faradji@infopro-digital.com -> UserMercury@infopro-digital.com";"Bureau/mep synchro 20241007/SIMX_AM_IN2.sql";"VERSION";"1.0";"8.0";"2024-10-04T09:24:39Z";"979"
"fethy.faradji@infopro-digital.com -> UserMercury@infopro-digital.com";"Bureau/mep synchro 20241007/SIMX_AM_INDEX.sql";"VERSION";"1.0";"8.0";"2024-10-04T09:24:07Z";"5701"
"fethy.faradji@infopro-digital.com -> UserMercury@infopro-digital.com";"Bureau/mep synchro 20241007/SIMX_AM_INDEX2.sql";"VERSION";"1.0";"8.0";"2024-10-04T09:23:43Z";"5719"
"fethy.faradji@infopro-digital.com -> UserMercury@infopro-digital.com";"Bureau/mep synchro 20241007/SIMX_AM_PUB.sql";"VERSION";"1.0";"8.0";"2024-10-04T09:23:24Z";"10925"
"fethy.faradji@infopro-digital.com -> UserMercury@infopro-digital.com";"Bureau/mep synchro 20241007/SIMX_AM_PUB2.sql";"VERSION";"1.0";"1.0";"2024-10-04T09:23:01Z";"11013"
"fethy.faradji@infopro-digital.com -> UserMercury@infopro-digital.com";"Bureau/mep synchro 20241007/SIMX_AM_PUB2.sql";"VERSION";"2.0";"2.0";"2024-10-04T09:26:18Z";"11011"
"fethy.faradji@infopro-digital.com -> UserMercury@infopro-digital.com";"Bureau/mep synchro 20241007/SIMX_AM_PUB2.sql";"VERSION";"3.0";"4.0";"2024-10-04T09:26:50Z";"11009"
"fethy.faradji@infopro-digital.com -> UserMercury@infopro-digital.com";"Bureau/mep synchro 20241007/SIMX_AO_IN.sql";"VERSION";"1.0";"1.0";"2024-10-04T09:22:39Z";"972"
"fethy.faradji@infopro-digital.com -> UserMercury@infopro-digital.com";"Bureau/mep synchro 20241007/SIMX_AO_IN.sql";"VERSION";"2.0";"3.0";"2024-10-04T09:27:06Z";"974"
"fethy.faradji@infopro-digital.com -> UserMercury@infopro-digital.com";"Bureau/mep synchro 20241007/SIMX_AO_IN2.sql";"VERSION";"1.0";"8.0";"2024-10-04T09:22:22Z";"1009"
"fethy.faradji@infopro-digital.com -> UserMercury@infopro-digital.com";"Bureau/mep synchro 20241007/SIMX_AO_INDEX";"VERSION";"1.0";"8.0";"2024-10-04T09:22:05Z";"6335"
"fethy.faradji@infopro-digital.com -> UserMercury@infopro-digital.com";"Bureau/mep synchro 20241007/SIMX_AO_INDEX2.sql";"VERSION";"1.0";"8.0";"2024-10-04T09:21:46Z";"6372"
"fethy.faradji@infopro-digital.com -> UserMercury@infopro-digital.com";"Bureau/mep synchro 20241007/SIMX_AO_PUB.sql";"VERSION";"1.0";"8.0";"2024-10-04T09:21:05Z";"10876"
"fethy.faradji@infopro-digital.com -> UserMercury@infopro-digital.com";"Bureau/mep synchro 20241007/SIMX_AO_PUB2.sql";"VERSION";"1.0";"8.0";"2024-10-04T09:20:30Z";"10962"
"fethy.faradji@infopro-digital.com -> UserMercury@infopro-digital.com";"Bureau/mep_sim20250612/ALIM_TABLE_SF_BODY.sql";"VERSION";"1.0";"8.0";"2025-06-11T09:17:55Z";"110253"
"fethy.faradji@infopro-digital.com -> UserMercury@infopro-digital.com";"Bureau/mep_sim20250612/update_id_seuil .sql";"VERSION";"1.0";"1.0";"2025-06-11T09:36:14Z";"755"
"fethy.faradji@infopro-digital.com -> UserMercury@infopro-digital.com";"Bureau/mep_sim20250612/update_id_seuil .sql";"VERSION";"2.0";"3.0";"2025-06-11T09:36:32Z";"766"
"fethy.faradji@infopro-digital.com -> UserMercury@infopro-digital.com";"Bureau/mep05022025/.csv";"VERSION";"1.0";"8.0";"2025-02-20T13:30:07Z";"612100"
"fethy.faradji@infopro-digital.com -> UserMercury@infopro-digital.com";"Bureau/mep05022025/alim_table_sf.sql";"VERSION";"1.0";"8.0";"2025-02-05T08:04:33Z";"104716"
"fethy.faradji@infopro-digital.com -> UserMercury@infopro-digital.com";"Bureau/mep20250225/ALIM_TABLE_SF.sql";"VERSION";"1.0";"1.0";"2025-02-17T14:37:57Z";"103656"
"fethy.faradji@infopro-digital.com -> UserMercury@infopro-digital.com";"Bureau/mep20250225/ALIM_TABLE_SF.sql";"VERSION";"2.0";"2.0";"2025-02-19T15:53:23Z";"102757"
"fethy.faradji@infopro-digital.com -> UserMercury@infopro-digital.com";"Bureau/mep20250225/ALIM_TABLE_SF.sql";"VERSION";"3.0";"4.0";"2025-02-19T15:53:41Z";"102767"
"fethy.faradji@infopro-digital.com -> UserMercury@infopro-digital.com";"Bureau/mep20250225/nouveau 15.txt";"VERSION";"1.0";"8.0";"2025-02-24T13:25:21Z";"104933"
"fethy.faradji@infopro-digital.com -> UserMercury@infopro-digital.com";"Bureau/mep20250225/publication_seuil.csv";"VERSION";"1.0";"1.0";"2025-02-20T13:29:02Z";"612100"
"fethy.faradji@infopro-digital.com -> UserMercury@infopro-digital.com";"Bureau/mep20250225/publication_seuil.csv";"VERSION";"2.0";"2.0";"2025-02-20T15:32:53Z";"49902300"
"fethy.faradji@infopro-digital.com -> UserMercury@infopro-digital.com";"Bureau/mep20250225/publication_seuil.csv";"VERSION";"3.0";"4.0";"2025-02-20T15:45:48Z";"2294918"
"fethy.faradji@infopro-digital.com -> UserMercury@infopro-digital.com";"Bureau/mep20250225/update_1.sql";"VERSION";"1.0";"8.0";"2025-02-17T14:37:08Z";"1006"
"fethy.faradji@infopro-digital.com -> UserMercury@infopro-digital.com";"Bureau/mep20250603/ALIM_TABLE_SF.pls";"VERSION";"1.0";"8.0";"2025-06-02T09:38:03Z";"802"
"fethy.faradji@infopro-digital.com -> UserMercury@infopro-digital.com";"Bureau/mep20250603/AlIM_TABLE_SF_body.sql";"VERSION";"1.0";"8.0";"2025-06-02T09:39:17Z";"109795"
"fethy.faradji@infopro-digital.com -> UserMercury@infopro-digital.com";"Bureau/mep20250603/AlIM_TABLE_SF_spec.sql";"VERSION";"1.0";"1.0";"2025-06-02T09:39:45Z";"109795"
"fethy.faradji@infopro-digital.com -> UserMercury@infopro-digital.com";"Bureau/mep20250603/AlIM_TABLE_SF_spec.sql";"VERSION";"2.0";"3.0";"2025-06-03T07:55:32Z";"834"
"fethy.faradji@infopro-digital.com -> UserMercury@infopro-digital.com";"Bureau/mep20250603/create_table.sql";"VERSION";"1.0";"8.0";"2025-06-02T09:44:37Z";"2055"
"fethy.faradji@infopro-digital.com -> UserMercury@infopro-digital.com";"Bureau/Nouveau dossier (3)/Alimentation_DWS_PS.application";"VERSION";"1.0";"8.0";"2025-07-30T14:53:54Z";"1882"
"fethy.faradji@infopro-digital.com -> UserMercury@infopro-digital.com";"Bureau/Nouveau dossier (3)/Alimentation_DWS_PS.exe";"VERSION";"1.0";"8.0";"2025-07-30T14:53:53Z";"103936"
"fethy.faradji@infopro-digital.com -> UserMercury@infopro-digital.com";"Bureau/Nouveau dossier (3)/Alimentation_DWS_PS.exe.manifest";"VERSION";"1.0";"8.0";"2025-07-30T14:53:54Z";"15535"
"fethy.faradji@infopro-digital.com -> UserMercury@infopro-digital.com";"Bureau/Nouveau dossier (3)/Alimentation_DWS_PS.pdb";"VERSION";"1.0";"8.0";"2025-07-30T14:53:53Z";"177664"
"fethy.faradji@infopro-digital.com -> UserMercury@infopro-digital.com";"Bureau/PowerShell/Extraction_AD_Computers.ps1";"VERSION";"1.0";"8.0";"2025-03-14T10:34:41Z";"3487"
"fethy.faradji@infopro-digital.com -> UserMercury@infopro-digital.com";"Bureau/PowerShell/ExtractionAD-COMPANEO.ps1";"VERSION";"1.0";"8.0";"2025-03-17T08:53:47Z";"1234"
"fethy.faradji@infopro-digital.com -> UserMercury@infopro-digital.com";"Bureau/PowerShell/ExtractionAD-GMH.ps1";"VERSION";"1.0";"8.0";"2025-03-20T10:19:57Z";"1226"
"fethy.faradji@infopro-digital.com -> UserMercury@infopro-digital.com";"Bureau/PowerShell/ExtractionAD-INFO.ps1";"VERSION";"1.0";"8.0";"2025-03-19T13:42:20Z";"1232"
"fethy.faradji@infopro-digital.com -> UserMercury@infopro-digital.com";"Bureau/PowerShell/HTMLTable.ps1";"VERSION";"1.0";"8.0";"2025-03-14T10:34:41Z";"36099"
"fethy.faradji@infopro-digital.com -> UserMercury@infopro-digital.com";"Bureau/Setup_KPI_SECU/favicon.ico";"VERSION";"1.0";"8.0";"2025-02-06T13:22:50Z";"32038"
"fethy.faradji@infopro-digital.com -> UserMercury@infopro-digital.com";"Bureau/Setup_KPI_SECU/Global.asax";"VERSION";"1.0";"8.0";"2025-02-06T13:22:50Z";"107"
"fethy.faradji@infopro-digital.com -> UserMercury@infopro-digital.com";"Bureau/Setup_KPI_SECU/Web.config";"VERSION";"1.0";"8.0";"2025-04-03T08:54:27Z";"5349"
"fethy.faradji@infopro-digital.com -> UserMercury@infopro-digital.com";"Bureau/Setup-creamodifAD/favicon.ico";"VERSION";"1.0";"8.0";"2025-02-06T13:22:50Z";"32038"
"fethy.faradji@infopro-digital.com -> UserMercury@infopro-digital.com";"Bureau/Setup-creamodifAD/Global.asax";"VERSION";"1.0";"8.0";"2025-09-11T09:35:09Z";"108"
"fethy.faradji@infopro-digital.com -> UserMercury@infopro-digital.com";"Bureau/Setup-creamodifAD/Web.config";"VERSION";"1.0";"1.0";"2025-09-12T13:43:39Z";"5635"
"fethy.faradji@infopro-digital.com -> UserMercury@infopro-digital.com";"Bureau/Setup-creamodifAD/Web.config";"VERSION";"2.0";"3.0";"2025-09-12T15:00:35Z";"5940"
"fethy.faradji@infopro-digital.com -> UserMercury@infopro-digital.com";"Bureau/synchro_pub_new_pub/Log_synchro_PUB.sql";"VERSION";"1.0";"1.0";"2025-08-05T14:55:09Z";"186"
"fethy.faradji@infopro-digital.com -> UserMercury@infopro-digital.com";"Bureau/synchro_pub_new_pub/Log_synchro_PUB.sql";"VERSION";"2.0";"2.0";"2025-08-05T15:18:28Z";"153"
"fethy.faradji@infopro-digital.com -> UserMercury@infopro-digital.com";"Bureau/synchro_pub_new_pub/Log_synchro_PUB.sql";"VERSION";"3.0";"4.0";"2025-08-05T15:23:51Z";"217"
"fethy.faradji@infopro-digital.com -> UserMercury@infopro-digital.com";"Bureau/synchro_pub_new_pub/synchro_pub_body.sql";"VERSION";"1.0";"1.0";"2025-07-29T14:02:33Z";"40300"
"fethy.faradji@infopro-digital.com -> UserMercury@infopro-digital.com";"Bureau/synchro_pub_new_pub/synchro_pub_body.sql";"VERSION";"2.0";"2.0";"2025-07-29T14:55:47Z";"19586"
"fethy.faradji@infopro-digital.com -> UserMercury@infopro-digital.com";"Bureau/synchro_pub_new_pub/synchro_pub_body.sql";"VERSION";"3.0";"3.0";"2025-07-29T14:56:17Z";"19616"
"fethy.faradji@infopro-digital.com -> UserMercury@infopro-digital.com";"Bureau/synchro_pub_new_pub/synchro_pub_body.sql";"VERSION";"4.0";"4.0";"2025-07-29T14:56:31Z";"19646"
"fethy.faradji@infopro-digital.com -> UserMercury@infopro-digital.com";"Bureau/synchro_pub_new_pub/synchro_pub_body.sql";"VERSION";"5.0";"5.0";"2025-07-29T14:57:44Z";"19980"
"fethy.faradji@infopro-digital.com -> UserMercury@infopro-digital.com";"Bureau/synchro_pub_new_pub/synchro_pub_body.sql";"VERSION";"6.0";"6.0";"2025-07-29T14:59:35Z";"19842"
"fethy.faradji@infopro-digital.com -> UserMercury@infopro-digital.com";"Bureau/synchro_pub_new_pub/synchro_pub_body.sql";"VERSION";"7.0";"7.0";"2025-07-29T14:59:54Z";"19793"
"fethy.faradji@infopro-digital.com -> UserMercury@infopro-digital.com";"Bureau/synchro_pub_new_pub/synchro_pub_body.sql";"VERSION";"8.0";"8.0";"2025-07-29T14:59:59Z";"19741"
"fethy.faradji@infopro-digital.com -> UserMercury@infopro-digital.com";"Bureau/synchro_pub_new_pub/synchro_pub_body.sql";"VERSION";"9.0";"9.0";"2025-07-29T15:02:48Z";"19862"
"fethy.faradji@infopro-digital.com -> UserMercury@infopro-digital.com";"Bureau/synchro_pub_new_pub/synchro_pub_body.sql";"VERSION";"10.0";"10.0";"2025-07-29T15:04:37Z";"20062"
"fethy.faradji@infopro-digital.com -> UserMercury@infopro-digital.com";"Bureau/synchro_pub_new_pub/synchro_pub_body.sql";"VERSION";"11.0";"11.0";"2025-07-29T15:05:15Z";"20169"
"fethy.faradji@infopro-digital.com -> UserMercury@infopro-digital.com";"Bureau/synchro_pub_new_pub/synchro_pub_body.sql";"VERSION";"12.0";"12.0";"2025-07-29T15:05:55Z";"20279"
"fethy.faradji@infopro-digital.com -> UserMercury@infopro-digital.com";"Bureau/synchro_pub_new_pub/synchro_pub_body.sql";"VERSION";"13.0";"13.0";"2025-07-29T15:06:42Z";"20399"
"fethy.faradji@infopro-digital.com -> UserMercury@infopro-digital.com";"Bureau/synchro_pub_new_pub/synchro_pub_body.sql";"VERSION";"14.0";"14.0";"2025-07-29T15:07:48Z";"20523"
"fethy.faradji@infopro-digital.com -> UserMercury@infopro-digital.com";"Bureau/synchro_pub_new_pub/synchro_pub_body.sql";"VERSION";"15.0";"15.0";"2025-07-29T15:08:25Z";"20652"
"fethy.faradji@infopro-digital.com -> UserMercury@infopro-digital.com";"Bureau/synchro_pub_new_pub/synchro_pub_body.sql";"VERSION";"16.0";"16.0";"2025-07-29T15:09:20Z";"20780"
"fethy.faradji@infopro-digital.com -> UserMercury@infopro-digital.com";"Bureau/synchro_pub_new_pub/synchro_pub_body.sql";"VERSION";"17.0";"17.0";"2025-07-29T15:10:09Z";"20894"
"fethy.faradji@infopro-digital.com -> UserMercury@infopro-digital.com";"Bureau/synchro_pub_new_pub/synchro_pub_body.sql";"VERSION";"18.0";"18.0";"2025-07-29T15:11:07Z";"20894"
"fethy.faradji@infopro-digital.com -> UserMercury@infopro-digital.com";"Bureau/synchro_pub_new_pub/synchro_pub_body.sql";"VERSION";"19.0";"19.0";"2025-07-29T15:12:42Z";"21154"
"fethy.faradji@infopro-digital.com -> UserMercury@infopro-digital.com";"Bureau/synchro_pub_new_pub/synchro_pub_body.sql";"VERSION";"20.0";"20.0";"2025-08-05T14:56:37Z";"26962"
"fethy.faradji@infopro-digital.com -> UserMercury@infopro-digital.com";"Bureau/synchro_pub_new_pub/synchro_pub_body.sql";"VERSION";"21.0";"21.0";"2025-08-05T15:02:09Z";"27073"
"fethy.faradji@infopro-digital.com -> UserMercury@infopro-digital.com";"Bureau/synchro_pub_new_pub/synchro_pub_body.sql";"VERSION";"22.0";"22.0";"2025-08-05T15:05:46Z";"27156"
"fethy.faradji@infopro-digital.com -> UserMercury@infopro-digital.com";"Bureau/synchro_pub_new_pub/synchro_pub_body.sql";"VERSION";"23.0";"23.0";"2025-08-05T15:23:53Z";"27414"
"fethy.faradji@infopro-digital.com -> UserMercury@infopro-digital.com";"Bureau/synchro_pub_new_pub/synchro_pub_body.sql";"VERSION";"24.0";"24.0";"2025-08-05T15:24:38Z";"27425"
"fethy.faradji@infopro-digital.com -> UserMercury@infopro-digital.com";"Bureau/synchro_pub_new_pub/synchro_pub_body.sql";"VERSION";"25.0";"25.0";"2025-08-05T15:31:54Z";"28550"
"fethy.faradji@infopro-digital.com -> UserMercury@infopro-digital.com";"Bureau/synchro_pub_new_pub/synchro_pub_body.sql";"VERSION";"26.0";"26.0";"2025-08-05T15:32:15Z";"28546"
"fethy.faradji@infopro-digital.com -> UserMercury@infopro-digital.com";"Bureau/synchro_pub_new_pub/synchro_pub_body.sql";"VERSION";"27.0";"27.0";"2025-08-05T15:33:55Z";"28957"
"fethy.faradji@infopro-digital.com -> UserMercury@infopro-digital.com";"Bureau/synchro_pub_new_pub/synchro_pub_body.sql";"VERSION";"28.0";"28.0";"2025-08-05T15:35:32Z";"29152"
"fethy.faradji@infopro-digital.com -> UserMercury@infopro-digital.com";"Bureau/synchro_pub_new_pub/synchro_pub_body.sql";"VERSION";"29.0";"30.0";"2025-08-05T15:39:46Z";"30614"
"fethy.faradji@infopro-digital.com -> UserMercury@infopro-digital.com";"Bureau/synchro_pub_new_pub/synchro_pub_spec.sql";"VERSION";"1.0";"1.0";"2025-07-29T14:03:01Z";"1737"
