[2026-09-03 09:13:25] [INFO] ============================================
[2026-09-03 09:13:25] [SUCCESS] === COPIE ONEDRIVE CROSS-TENANT (GRAPH) ===
[2026-09-03 09:13:25] [INFO] ============================================
[2026-09-03 09:13:25] [INFO] Mapping utilisateurs charge : 3 entree(s) depuis C:\Users\ffaradji-op\Desktop\Mercury script powershell\onedrive\user_mapping.csv
[2026-09-03 09:13:25] [INFO] CSV charge : 1 ligne(s) trouvee(s) dans C:\Users\ffaradji-op\Desktop\Mercury script powershell\onedrive\migrations.csv
[2026-09-03 09:13:26] [INFO] --------------------------------------------
[2026-09-03 09:13:26] [SUCCESS] === MIGRATION LIGNE 1 ===
[2026-09-03 09:13:26] [INFO] Source UPN : fethy.faradji@infopro-digital.com
[2026-09-03 09:13:26] [INFO] Cible  UPN : UserMercury@infopro-digital.com
[2026-09-03 09:13:26] [INFO] --------------------------------------------
[2026-09-03 09:13:26] [SUCCESS] Token Graph obtenu pour tenant 2eea08b8-1972-447b-ad43-d044d042500a
[2026-09-03 09:13:26] [SUCCESS] Token obtenu (certificat) pour CIBLE Graph
[2026-09-03 09:13:27] [INFO] === RESOLUTION DES DRIVES ===
[2026-09-03 09:13:27] [INFO] SOURCE - UPN : fethy.faradji@infopro-digital.com
[2026-09-03 09:13:27] [SUCCESS] SOURCE - Drive trouve via UPN : b!lEPxXqH4y0ClgKTeKVvvlpQDhMduqR1IqTc8ic6mxvBKeErnzZLzQbbo1TPVKB0B
[2026-09-03 09:13:27] [INFO] CIBLE - UPN : UserMercury@infopro-digital.com
[2026-09-03 09:13:28] [SUCCESS] CIBLE - Drive trouve via UPN : b!CJAN1LvsPE-C4yZRRZOsr8A0TdTypnxFnGn92OBcPXmo3U_oJFZQTqbMnxP8VVjY
[2026-09-03 09:13:28] [SUCCESS] Drive source : b!lEPxXqH4y0ClgKTeKVvvlpQDhMduqR1IqTc8ic6mxvBKeErnzZLzQbbo1TPVKB0B
[2026-09-03 09:13:28] [SUCCESS] Drive cible  : b!CJAN1LvsPE-C4yZRRZOsr8A0TdTypnxFnGn92OBcPXmo3U_oJFZQTqbMnxP8VVjY
[2026-09-03 09:13:29] [WARN] Permission non appliquee : / (fethy.faradji@infopro-digital.com -> fethy.faradji@infopro-digital.com, role=read) : Graph HTTP 400 : {"error":{"code":"invalidRequest","message":"Le partage ou la mise à jour des autorisations de la bibliothèque de documents par défaut n’est pas pris en charge dans OneDrive.","innerError":{"date":"2026-09-03T07:13:29","request-id":"462a45ac-fc75-4478-b31e-e20581d668b9","client-request-id":"462a45ac-fc75-4478-b31e-e20581d668b9"}}}
[2026-09-03 09:13:29] [INFO] Permissions racine OneDrive traitees
[2026-09-03 09:13:29] [INFO] Metadonnees racine OneDrive ignorees (limitation Graph)
[2026-09-03 09:13:30] [SUCCESS] Token obtenu (certificat) pour CIBLE SharePoint
[2026-09-03 09:13:30] [SUCCESS] Token SharePoint REST obtenu pour https://infoprodigital365-my.sharepoint.com
[2026-09-03 09:13:31] [INFO] === SCAN DU ONEDRIVE SOURCE ===
[2026-09-03 09:21:35] [SUCCESS] Trouve : 3816 dossier(s) / 12905 fichier(s)
[2026-09-03 09:21:35] [INFO] Taille totale : 20810.79 MB
[2026-09-03 09:21:35] [INFO] === CREATION DES DOSSIERS ===
[2026-09-03 09:21:39] [SUCCESS] 📂 Dossier cree : Bureau
[2026-09-03 09:21:40] [SUCCESS] 📂 Dossier cree : Contacts
[2026-09-03 09:21:41] [SUCCESS] 📂 Dossier cree : corespondance FNS-FNSIMPLE
[2026-09-03 09:21:43] [SUCCESS] 📂 Dossier cree : D
[2026-09-03 09:21:45] [SUCCESS] 📂 Dossier cree : Documents
[2026-09-03 09:21:46] [SUCCESS] 📂 Dossier cree : Enregistrements
[2026-09-03 09:21:49] [SUCCESS] 📂 Dossier cree : Favorites
[2026-09-03 09:21:50] [SUCCESS] 📂 Dossier cree : FETHI @ Infopro Digital
[2026-09-03 09:21:52] [SUCCESS] 📂 Dossier cree : Fethy @ Infopro Digital
[2026-09-03 09:21:56] [SUCCESS] 📂 Dossier cree : Images
[2026-09-03 09:21:57] [SUCCESS] 📂 Dossier cree : Links
[2026-09-03 09:21:59] [SUCCESS] 📂 Dossier cree : Microsoft Teams Chat Files
[2026-09-03 09:22:01] [SUCCESS] 📂 Dossier cree : MicrosoftEdgeBackups
[2026-09-03 09:22:02] [SUCCESS] 📂 Dossier cree : Nouveau dossier
[2026-09-03 09:22:04] [SUCCESS] 📂 Dossier cree : repos
[2026-09-03 09:22:06] [SUCCESS] 📂 Dossier cree : Réunions
[2026-09-03 09:22:08] [SUCCESS] 📂 Dossier cree : Sauvegarde PC 1F1N42
[2026-09-03 09:22:09] [SUCCESS] 📂 Dossier cree : source
[2026-09-03 09:22:11] [SUCCESS] 📂 Dossier cree : VM XP
[2026-09-03 09:22:13] [SUCCESS] 📂 Dossier cree : VMV2
[2026-09-03 09:22:15] [SUCCESS] 📂 Dossier cree : Whiteboards
[2026-09-03 09:22:18] [SUCCESS] 📂 Dossier cree : Bureau/backup
[2026-09-03 09:22:19] [SUCCESS] 📂 Dossier cree : Bureau/bin
[2026-09-03 09:22:21] [SUCCESS] 📂 Dossier cree : Bureau/bureau
[2026-09-03 09:22:23] [SUCCESS] 📂 Dossier cree : Bureau/Debug
[2026-09-03 09:22:24] [SUCCESS] 📂 Dossier cree : Bureau/droit sharepoint
[2026-09-03 09:22:26] [SUCCESS] 📂 Dossier cree : Bureau/DWS - applications Azure
[2026-09-03 09:22:28] [SUCCESS] 📂 Dossier cree : Bureau/DWS - CREAMODIFAD - ENTRA
[2026-09-03 09:22:29] [SUCCESS] 📂 Dossier cree : Bureau/export_synchro_sim_202410
[2026-09-03 09:22:31] [SUCCESS] 📂 Dossier cree : Bureau/INFOPRO DIGITAL (Prod)_files
[2026-09-03 09:22:32] [SUCCESS] 📂 Dossier cree : Bureau/jira 555
[2026-09-03 09:22:34] [SUCCESS] 📂 Dossier cree : Bureau/Les Contes de la decrypt
[2026-09-03 09:22:36] [SUCCESS] 📂 Dossier cree : Bureau/livraisonKPI 20250428
[2026-09-03 09:22:37] [SUCCESS] 📂 Dossier cree : Bureau/mep 20241014
[2026-09-03 09:22:39] [SUCCESS] 📂 Dossier cree : Bureau/mep 20250113
[2026-09-03 09:22:40] [SUCCESS] 📂 Dossier cree : Bureau/mep 20250129
[2026-09-03 09:22:42] [SUCCESS] 📂 Dossier cree : Bureau/mep DWS20250814
[2026-09-03 09:22:43] [SUCCESS] 📂 Dossier cree : Bureau/mep synchro 20241007
[2026-09-03 09:22:45] [SUCCESS] 📂 Dossier cree : Bureau/mep_sim20250612
[2026-09-03 09:22:46] [SUCCESS] 📂 Dossier cree : Bureau/mep05022025
[2026-09-03 09:22:48] [SUCCESS] 📂 Dossier cree : Bureau/mep20250225
[2026-09-03 09:22:49] [SUCCESS] 📂 Dossier cree : Bureau/mep20250603
[2026-09-03 09:22:51] [SUCCESS] 📂 Dossier cree : Bureau/Nouveau dossier (2)
[2026-09-03 09:22:53] [SUCCESS] 📂 Dossier cree : Bureau/Nouveau dossier (3)
[2026-09-03 09:22:54] [SUCCESS] 📂 Dossier cree : Bureau/PowerShell
[2026-09-03 09:22:56] [SUCCESS] 📂 Dossier cree : Bureau/Setup_KPI_SECU
[2026-09-03 09:22:57] [SUCCESS] 📂 Dossier cree : Bureau/Setup-creamodifAD
[2026-09-03 09:22:59] [SUCCESS] 📂 Dossier cree : Bureau/synchro_pub_new_pub
[2026-09-03 09:23:01] [SUCCESS] 📂 Dossier cree : Bureau/transport
[2026-09-03 09:23:02] [SUCCESS] 📂 Dossier cree : Bureau/TS
[2026-09-03 09:23:03] [SUCCESS] 📂 Dossier cree : Documents/afterSentDocuments
[2026-09-03 09:23:05] [SUCCESS] 📂 Dossier cree : Documents/Altova
[2026-09-03 09:23:06] [SUCCESS] 📂 Dossier cree : Documents/Blocs-notes OneNote
[2026-09-03 09:23:07] [SUCCESS] 📂 Dossier cree : Documents/Copilot
[2026-09-03 09:23:09] [SUCCESS] 📂 Dossier cree : Documents/DBATRC
[2026-09-03 09:23:11] [SUCCESS] 📂 Dossier cree : Documents/DEF_RETOUR_MONIMAIL19092022122353
[2026-09-03 09:23:12] [SUCCESS] 📂 Dossier cree : Documents/Fichiers Outlook
[2026-09-03 09:23:13] [SUCCESS] 📂 Dossier cree : Documents/Graphismes
[2026-09-03 09:23:15] [SUCCESS] 📂 Dossier cree : Documents/IISExpress
[2026-09-03 09:23:17] [SUCCESS] 📂 Dossier cree : Documents/Modèles Office personnalisés
[2026-09-03 09:23:18] [SUCCESS] 📂 Dossier cree : Documents/My Web Sites
[2026-09-03 09:23:19] [SUCCESS] 📂 Dossier cree : Documents/Nouveau dossier
[2026-09-03 09:23:21] [SUCCESS] 📂 Dossier cree : Documents/Nouveau dossier (2)
[2026-09-03 09:23:22] [SUCCESS] 📂 Dossier cree : Documents/partage
[2026-09-03 09:23:24] [SUCCESS] 📂 Dossier cree : Documents/PowerShell
[2026-09-03 09:23:26] [SUCCESS] 📂 Dossier cree : Documents/PowerToys
[2026-09-03 09:23:27] [SUCCESS] 📂 Dossier cree : Documents/SQL Server Management Studio
[2026-09-03 09:23:29] [SUCCESS] 📂 Dossier cree : Documents/Virtual Machines
[2026-09-03 09:23:30] [SUCCESS] 📂 Dossier cree : Documents/Visual Studio 2005
[2026-09-03 09:23:31] [SUCCESS] 📂 Dossier cree : Documents/Visual Studio 2013
[2026-09-03 09:23:33] [SUCCESS] 📂 Dossier cree : Documents/Visual Studio 2017
[2026-09-03 09:23:34] [SUCCESS] 📂 Dossier cree : Documents/Visual Studio 2019
[2026-09-03 09:23:36] [SUCCESS] 📂 Dossier cree : Documents/Visual Studio 2022
[2026-09-03 09:23:37] [SUCCESS] 📂 Dossier cree : Documents/WindowsPowerShell
[2026-09-03 09:23:39] [SUCCESS] 📂 Dossier cree : Favorites/Links
[2026-09-03 09:23:41] [SUCCESS] 📂 Dossier cree : Images/Captures d’écran
[2026-09-03 09:23:42] [SUCCESS] 📂 Dossier cree : Images/PASEO BUG MOL
[2026-09-03 09:23:44] [SUCCESS] 📂 Dossier cree : Images/Pellicule
[2026-09-03 09:23:45] [SUCCESS] 📂 Dossier cree : Images/Saved Pictures
[2026-09-03 09:23:47] [SUCCESS] 📂 Dossier cree : MicrosoftEdgeBackups/backups
[2026-09-03 09:23:48] [SUCCESS] 📂 Dossier cree : repos/.git
[2026-09-03 09:23:50] [SUCCESS] 📂 Dossier cree : repos/.vs
[2026-09-03 09:23:51] [SUCCESS] 📂 Dossier cree : source/repos
[2026-09-03 09:23:53] [SUCCESS] 📂 Dossier cree : Whiteboards/Annotations
[2026-09-03 09:23:55] [SUCCESS] 📂 Dossier cree : Bureau/bin/fr
[2026-09-03 09:23:57] [SUCCESS] 📂 Dossier cree : Bureau/bin/roslyn
[2026-09-03 09:23:59] [SUCCESS] 📂 Dossier cree : Bureau/bureau/WebSite
[2026-09-03 09:24:00] [SUCCESS] 📂 Dossier cree : Bureau/Debug/app.publish
[2026-09-03 09:24:02] [SUCCESS] 📂 Dossier cree : Bureau/Debug/PowerShell
[2026-09-03 09:24:04] [SUCCESS] 📂 Dossier cree : Bureau/export_synchro_sim_202410/rattrapage manuelle
[2026-09-03 09:24:05] [SUCCESS] 📂 Dossier cree : Bureau/livraisonKPI 20250428/Nouveau dossier
[2026-09-03 09:24:07] [SUCCESS] 📂 Dossier cree : Bureau/mep 20250129/API_SIM_SF
[2026-09-03 09:24:08] [SUCCESS] 📂 Dossier cree : Bureau/mep DWS20250814/Nouveau dossier
[2026-09-03 09:24:10] [SUCCESS] 📂 Dossier cree : Bureau/Nouveau dossier (2)/Debug
[2026-09-03 09:24:12] [SUCCESS] 📂 Dossier cree : Bureau/Setup_KPI_SECU/bin
[2026-09-03 09:24:13] [SUCCESS] 📂 Dossier cree : Bureau/Setup_KPI_SECU/Content
[2026-09-03 09:24:15] [SUCCESS] 📂 Dossier cree : Bureau/Setup_KPI_SECU/Ressources
[2026-09-03 09:24:16] [SUCCESS] 📂 Dossier cree : Bureau/Setup_KPI_SECU/Scripts
[2026-09-03 09:24:18] [SUCCESS] 📂 Dossier cree : Bureau/Setup_KPI_SECU/Views
[2026-09-03 09:24:19] [SUCCESS] 📂 Dossier cree : Bureau/Setup-creamodifAD/bin
[2026-09-03 09:24:21] [SUCCESS] 📂 Dossier cree : Bureau/Setup-creamodifAD/Content
[2026-09-03 09:24:22] [SUCCESS] 📂 Dossier cree : Bureau/Setup-creamodifAD/Ressources
[2026-09-03 09:24:24] [SUCCESS] 📂 Dossier cree : Bureau/Setup-creamodifAD/Scripts
[2026-09-03 09:24:25] [SUCCESS] 📂 Dossier cree : Bureau/Setup-creamodifAD/Views
[2026-09-03 09:24:27] [SUCCESS] 📂 Dossier cree : Documents/afterSentDocuments/docs0
[2026-09-03 09:24:29] [SUCCESS] 📂 Dossier cree : Documents/afterSentDocuments/docs1
[2026-09-03 09:24:31] [SUCCESS] 📂 Dossier cree : Documents/afterSentDocuments/docs10
[2026-09-03 09:24:32] [SUCCESS] 📂 Dossier cree : Documents/afterSentDocuments/docs11
[2026-09-03 09:24:34] [SUCCESS] 📂 Dossier cree : Documents/afterSentDocuments/docs12
[2026-09-03 09:24:35] [SUCCESS] 📂 Dossier cree : Documents/afterSentDocuments/docs13
[2026-09-03 09:24:37] [SUCCESS] 📂 Dossier cree : Documents/afterSentDocuments/docs14
[2026-09-03 09:24:39] [SUCCESS] 📂 Dossier cree : Documents/afterSentDocuments/docs2
[2026-09-03 09:24:41] [SUCCESS] 📂 Dossier cree : Documents/afterSentDocuments/docs3
[2026-09-03 09:24:42] [SUCCESS] 📂 Dossier cree : Documents/afterSentDocuments/docs4
[2026-09-03 09:24:43] [SUCCESS] 📂 Dossier cree : Documents/afterSentDocuments/docs5
[2026-09-03 09:24:45] [SUCCESS] 📂 Dossier cree : Documents/afterSentDocuments/docs6
[2026-09-03 09:24:46] [SUCCESS] 📂 Dossier cree : Documents/afterSentDocuments/docs7
[2026-09-03 09:24:48] [SUCCESS] 📂 Dossier cree : Documents/afterSentDocuments/docs8
[2026-09-03 09:24:49] [SUCCESS] 📂 Dossier cree : Documents/afterSentDocuments/docs9
[2026-09-03 09:24:51] [SUCCESS] 📂 Dossier cree : Documents/Altova/XMLSpy2022
[2026-09-03 09:24:52] [SUCCESS] 📂 Dossier cree : Documents/Altova/XMLSpyCommon
[2026-09-03 09:24:54] [SUCCESS] 📂 Dossier cree : Documents/Copilot/Created
[2026-09-03 09:24:55] [SUCCESS] 📂 Dossier cree : Documents/Graphismes/Filter Library
[2026-09-03 09:24:57] [SUCCESS] 📂 Dossier cree : Documents/IISExpress/config
[2026-09-03 09:24:58] [SUCCESS] 📂 Dossier cree : Documents/IISExpress/Logs
[2026-09-03 09:24:59] [SUCCESS] 📂 Dossier cree : Documents/IISExpress/TraceLogFiles
[2026-09-03 09:25:01] [SUCCESS] 📂 Dossier cree : Documents/My Web Sites/SetupDWSecurite-Site
[2026-09-03 09:25:02] [SUCCESS] 📂 Dossier cree : Documents/My Web Sites/WebSite1
[2026-09-03 09:25:04] [SUCCESS] 📂 Dossier cree : Documents/Nouveau dossier (2)/srv_listener_folder
[2026-09-03 09:25:06] [SUCCESS] 📂 Dossier cree : Documents/Nouveau dossier/app.publish
[2026-09-03 09:25:07] [SUCCESS] 📂 Dossier cree : Documents/Nouveau dossier/PowerShell
[2026-09-03 09:25:09] [SUCCESS] 📂 Dossier cree : Documents/partage/$18A3F523161D4E2C88497069AF80C8C4
[2026-09-03 09:25:10] [SUCCESS] 📂 Dossier cree : Documents/partage/Commun
[2026-09-03 09:25:11] [SUCCESS] 📂 Dossier cree : Documents/partage/Monimail
[2026-09-03 09:25:13] [SUCCESS] 📂 Dossier cree : Documents/partage/test
[2026-09-03 09:25:14] [SUCCESS] 📂 Dossier cree : Documents/PowerShell/Modules
[2026-09-03 09:25:16] [SUCCESS] 📂 Dossier cree : Documents/PowerShell/Scripts
[2026-09-03 09:25:17] [SUCCESS] 📂 Dossier cree : Documents/PowerToys/Backup
[2026-09-03 09:25:18] [SUCCESS] 📂 Dossier cree : Documents/SQL Server Management Studio/Code Snippets
[2026-09-03 09:25:20] [SUCCESS] 📂 Dossier cree : Documents/SQL Server Management Studio/Custom Reports
[2026-09-03 09:25:22] [SUCCESS] 📂 Dossier cree : Documents/Virtual Machines/Windows XP Professional
[2026-09-03 09:25:23] [SUCCESS] 📂 Dossier cree : Documents/Virtual Machines/Windows XP Professional (2)
[2026-09-03 09:25:25] [SUCCESS] 📂 Dossier cree : Documents/Visual Studio 2005/Projects
[2026-09-03 09:25:27] [SUCCESS] 📂 Dossier cree : Documents/Visual Studio 2005/Settings
[2026-09-03 09:25:28] [SUCCESS] 📂 Dossier cree : Documents/Visual Studio 2005/Templates
[2026-09-03 09:25:31] [SUCCESS] 📂 Dossier cree : Documents/Visual Studio 2013/Visualizers
[2026-09-03 09:25:33] [SUCCESS] 📂 Dossier cree : Documents/Visual Studio 2017/ArchitectureExplorer
[2026-09-03 09:25:34] [SUCCESS] 📂 Dossier cree : Documents/Visual Studio 2017/Backup Files
[2026-09-03 09:25:36] [SUCCESS] 📂 Dossier cree : Documents/Visual Studio 2017/Templates
[2026-09-03 09:25:37] [SUCCESS] 📂 Dossier cree : Documents/Visual Studio 2019/Code Snippets
[2026-09-03 09:25:38] [SUCCESS] 📂 Dossier cree : Documents/Visual Studio 2019/Templates
[2026-09-03 09:25:40] [SUCCESS] 📂 Dossier cree : Documents/Visual Studio 2019/Visualizers
[2026-09-03 09:25:42] [SUCCESS] 📂 Dossier cree : Documents/Visual Studio 2022/Code Snippets
[2026-09-03 09:25:43] [SUCCESS] 📂 Dossier cree : Documents/Visual Studio 2022/Templates
[2026-09-03 09:25:44] [SUCCESS] 📂 Dossier cree : Documents/Visual Studio 2022/Visualizers
[2026-09-03 09:25:46] [SUCCESS] 📂 Dossier cree : Documents/WindowsPowerShell/Modules
[2026-09-03 09:25:47] [SUCCESS] 📂 Dossier cree : Documents/WindowsPowerShell/Scripts
[2026-09-03 09:25:49] [SUCCESS] 📂 Dossier cree : MicrosoftEdgeBackups/backups/MicrosoftEdgeBackup20210426
[2026-09-03 09:25:51] [SUCCESS] 📂 Dossier cree : repos/.git/hooks
[2026-09-03 09:25:52] [SUCCESS] 📂 Dossier cree : repos/.git/info
[2026-09-03 09:25:53] [SUCCESS] 📂 Dossier cree : repos/.git/objects
[2026-09-03 09:25:55] [SUCCESS] 📂 Dossier cree : repos/.git/refs
[2026-09-03 09:25:56] [SUCCESS] 📂 Dossier cree : repos/.vs/repos
[2026-09-03 09:25:57] [SUCCESS] 📂 Dossier cree : source/repos/Ali
[2026-09-03 09:26:00] [SUCCESS] 📂 Dossier cree : source/repos/Api_SIM--SF
[2026-09-03 09:26:01] [SUCCESS] 📂 Dossier cree : source/repos/BIM.SIM_DW.ImportABO
[2026-09-03 09:26:03] [SUCCESS] 📂 Dossier cree : source/repos/BIM_SF
[2026-09-03 09:26:04] [SUCCESS] 📂 Dossier cree : source/repos/BIM_SSIS
[2026-09-03 09:26:06] [SUCCESS] 📂 Dossier cree : source/repos/BIM_SSIS - Copie
[2026-09-03 09:26:08] [SUCCESS] 📂 Dossier cree : source/repos/BIM_SSIS - Copie (2)
[2026-09-03 09:26:10] [SUCCESS] 📂 Dossier cree : source/repos/BIM_SSIS -calligramme
[2026-09-03 09:26:12] [SUCCESS] 📂 Dossier cree : source/repos/BIM_SSIS test
[2026-09-03 09:26:13] [SUCCESS] 📂 Dossier cree : source/repos/BIM_SSIS V2
[2026-09-03 09:26:14] [SUCCESS] 📂 Dossier cree : source/repos/caligramme_prod_poc
[2026-09-03 09:26:16] [SUCCESS] 📂 Dossier cree : source/repos/ConsoleApp1
[2026-09-03 09:26:17] [SUCCESS] 📂 Dossier cree : source/repos/fait_avis_ao_am
[2026-09-03 09:26:19] [SUCCESS] 📂 Dossier cree : source/repos/Mol_Save_DataBase
[2026-09-03 09:26:20] [SUCCESS] 📂 Dossier cree : source/repos/objectif
[2026-09-03 09:26:22] [SUCCESS] 📂 Dossier cree : source/repos/poc_hack_site
[2026-09-03 09:26:23] [SUCCESS] 📂 Dossier cree : source/repos/poc_watcher
[2026-09-03 09:26:25] [SUCCESS] 📂 Dossier cree : source/repos/pokemonDiamant
[2026-09-03 09:26:27] [SUCCESS] 📂 Dossier cree : source/repos/pouky
[2026-09-03 09:26:29] [SUCCESS] 📂 Dossier cree : source/repos/poukymon
[2026-09-03 09:26:30] [SUCCESS] 📂 Dossier cree : source/repos/rattrapage SM2204
[2026-09-03 09:26:31] [SUCCESS] 📂 Dossier cree : source/repos/rattrapage_BIM_POC
[2026-09-03 09:26:33] [SUCCESS] 📂 Dossier cree : source/repos/SF_VIEWER_AO_SIM
[2026-09-03 09:26:34] [SUCCESS] 📂 Dossier cree : source/repos/srv_listener_folder
[2026-09-03 09:26:36] [SUCCESS] 📂 Dossier cree : Bureau/bureau/WebSite/bin
[2026-09-03 09:26:37] [SUCCESS] 📂 Dossier cree : Bureau/bureau/WebSite/SfFiles
[2026-09-03 09:26:39] [SUCCESS] 📂 Dossier cree : Bureau/livraisonKPI 20250428/Nouveau dossier/bin
[2026-09-03 09:26:40] [SUCCESS] 📂 Dossier cree : Bureau/livraisonKPI 20250428/Nouveau dossier/Content
[2026-09-03 09:26:42] [SUCCESS] 📂 Dossier cree : Bureau/livraisonKPI 20250428/Nouveau dossier/livrable KPI securite
[2026-09-03 09:26:43] [SUCCESS] 📂 Dossier cree : Bureau/livraisonKPI 20250428/Nouveau dossier/Ressources
[2026-09-03 09:26:44] [SUCCESS] 📂 Dossier cree : Bureau/livraisonKPI 20250428/Nouveau dossier/Scripts
[2026-09-03 09:26:46] [SUCCESS] 📂 Dossier cree : Bureau/livraisonKPI 20250428/Nouveau dossier/Views
[2026-09-03 09:26:47] [SUCCESS] 📂 Dossier cree : Bureau/mep 20250129/API_SIM_SF/runtimes
[2026-09-03 09:26:48] [SUCCESS] 📂 Dossier cree : Bureau/mep DWS20250814/Nouveau dossier/Nouveau dossier
[2026-09-03 09:26:50] [SUCCESS] 📂 Dossier cree : Bureau/Nouveau dossier (2)/Debug/app.publish
[2026-09-03 09:26:51] [SUCCESS] 📂 Dossier cree : Bureau/Nouveau dossier (2)/Debug/PowerShell
[2026-09-03 09:26:53] [SUCCESS] 📂 Dossier cree : Bureau/Setup_KPI_SECU/bin/fr
[2026-09-03 09:26:54] [SUCCESS] 📂 Dossier cree : Bureau/Setup_KPI_SECU/bin/roslyn
[2026-09-03 09:26:56] [SUCCESS] 📂 Dossier cree : Bureau/Setup_KPI_SECU/Views/DimOS
[2026-09-03 09:26:57] [SUCCESS] 📂 Dossier cree : Bureau/Setup_KPI_SECU/Views/DimOU
[2026-09-03 09:26:59] [SUCCESS] 📂 Dossier cree : Bureau/Setup_KPI_SECU/Views/Home
[2026-09-03 09:27:00] [SUCCESS] 📂 Dossier cree : Bureau/Setup_KPI_SECU/Views/Shared
[2026-09-03 09:27:02] [SUCCESS] 📂 Dossier cree : Bureau/Setup_KPI_SECU/Views/USERS
[2026-09-03 09:27:03] [SUCCESS] 📂 Dossier cree : Bureau/Setup-creamodifAD/bin/fr
[2026-09-03 09:27:05] [SUCCESS] 📂 Dossier cree : Bureau/Setup-creamodifAD/bin/roslyn
[2026-09-03 09:27:07] [SUCCESS] 📂 Dossier cree : Bureau/Setup-creamodifAD/Views/BusinessUnit
[2026-09-03 09:27:08] [SUCCESS] 📂 Dossier cree : Bureau/Setup-creamodifAD/Views/Company
[2026-09-03 09:27:10] [SUCCESS] 📂 Dossier cree : Bureau/Setup-creamodifAD/Views/ContractType
[2026-09-03 09:27:11] [SUCCESS] 📂 Dossier cree : Bureau/Setup-creamodifAD/Views/Country
[2026-09-03 09:27:13] [SUCCESS] 📂 Dossier cree : Bureau/Setup-creamodifAD/Views/Division
[2026-09-03 09:27:14] [SUCCESS] 📂 Dossier cree : Bureau/Setup-creamodifAD/Views/Home
[2026-09-03 09:27:16] [SUCCESS] 📂 Dossier cree : Bureau/Setup-creamodifAD/Views/Identifiant
[2026-09-03 09:27:18] [SUCCESS] 📂 Dossier cree : Bureau/Setup-creamodifAD/Views/Shared
[2026-09-03 09:27:19] [SUCCESS] 📂 Dossier cree : Bureau/Setup-creamodifAD/Views/USERS
[2026-09-03 09:27:21] [SUCCESS] 📂 Dossier cree : Bureau/Setup-creamodifAD/Views/WorkLocation
[2026-09-03 09:27:22] [SUCCESS] 📂 Dossier cree : Documents/Altova/XMLSpy2022/AutoBackup
[2026-09-03 09:27:24] [SUCCESS] 📂 Dossier cree : Documents/Nouveau dossier (2)/srv_listener_folder/.vs
[2026-09-03 09:27:25] [SUCCESS] 📂 Dossier cree : Documents/Nouveau dossier (2)/srv_listener_folder/bin
[2026-09-03 09:27:26] [SUCCESS] 📂 Dossier cree : Documents/Nouveau dossier (2)/srv_listener_folder/lib
[2026-09-03 09:27:28] [SUCCESS] 📂 Dossier cree : Documents/Nouveau dossier (2)/srv_listener_folder/obj
[2026-09-03 09:27:29] [SUCCESS] 📂 Dossier cree : Documents/Nouveau dossier (2)/srv_listener_folder/packages
[2026-09-03 09:27:31] [SUCCESS] 📂 Dossier cree : Documents/Nouveau dossier (2)/srv_listener_folder/srv_listener_folder
[2026-09-03 09:27:32] [SUCCESS] 📂 Dossier cree : Documents/partage/$18A3F523161D4E2C88497069AF80C8C4/1CF95DF986E04673964A3B939D94CD3E
[2026-09-03 09:27:34] [SUCCESS] 📂 Dossier cree : Documents/partage/$18A3F523161D4E2C88497069AF80C8C4/2EA55F066272435EB6638B33733E3159
[2026-09-03 09:27:36] [SUCCESS] 📂 Dossier cree : Documents/partage/$18A3F523161D4E2C88497069AF80C8C4/3AEA1375B91C4E769101296AF945BADA
[2026-09-03 09:27:37] [SUCCESS] 📂 Dossier cree : Documents/partage/$18A3F523161D4E2C88497069AF80C8C4/438245B77AD84F59A6A71441586480B3
[2026-09-03 09:27:38] [SUCCESS] 📂 Dossier cree : Documents/partage/$18A3F523161D4E2C88497069AF80C8C4/6A1FC7916C754713AAB28E2E9EBA6D53
[2026-09-03 09:27:40] [SUCCESS] 📂 Dossier cree : Documents/partage/$18A3F523161D4E2C88497069AF80C8C4/723349ED700943FCAA5BCF6356E1AE70
[2026-09-03 09:27:42] [SUCCESS] 📂 Dossier cree : Documents/partage/$18A3F523161D4E2C88497069AF80C8C4/80BF81DDC0394E80A2611B16493E3631
[2026-09-03 09:27:44] [SUCCESS] 📂 Dossier cree : Documents/partage/$18A3F523161D4E2C88497069AF80C8C4/8D5AC0D39B2E4F33885B2DAB07D9D432
[2026-09-03 09:27:45] [SUCCESS] 📂 Dossier cree : Documents/partage/$18A3F523161D4E2C88497069AF80C8C4/95697C69CD94415FBC9559EE440FEE47
[2026-09-03 09:27:46] [SUCCESS] 📂 Dossier cree : Documents/partage/$18A3F523161D4E2C88497069AF80C8C4/A9D1F47EE27749F8A0259E885BDAD863
[2026-09-03 09:27:48] [SUCCESS] 📂 Dossier cree : Documents/partage/$18A3F523161D4E2C88497069AF80C8C4/AF19E45076734C748FF9141621793350
[2026-09-03 09:27:50] [SUCCESS] 📂 Dossier cree : Documents/partage/$18A3F523161D4E2C88497069AF80C8C4/C682A7D1589C4150AB5CD1E87DA72F47
[2026-09-03 09:27:51] [SUCCESS] 📂 Dossier cree : Documents/partage/$18A3F523161D4E2C88497069AF80C8C4/DFA6F7C96B9F4504AD20605B9F90D3FD
[2026-09-03 09:27:53] [SUCCESS] 📂 Dossier cree : Documents/partage/$18A3F523161D4E2C88497069AF80C8C4/E4733318E2494977866895D81F25D12C
[2026-09-03 09:27:54] [SUCCESS] 📂 Dossier cree : Documents/partage/$18A3F523161D4E2C88497069AF80C8C4/F5EED317F21E4B5FB99A533CF0A86F6C
[2026-09-03 09:27:55] [SUCCESS] 📂 Dossier cree : Documents/partage/Commun/Presentation
[2026-09-03 09:27:57] [SUCCESS] 📂 Dossier cree : Documents/partage/Commun/SIMWang
[2026-09-03 09:27:58] [SUCCESS] 📂 Dossier cree : Documents/partage/Commun/SIMWang2
[2026-09-03 09:28:00] [SUCCESS] 📂 Dossier cree : Documents/partage/Monimail/Commun
[2026-09-03 09:28:02] [SUCCESS] 📂 Dossier cree : Documents/partage/Monimail/OM Client
[2026-09-03 09:28:03] [SUCCESS] 📂 Dossier cree : Documents/partage/Monimail/OM Serveur
[2026-09-03 09:28:05] [SUCCESS] 📂 Dossier cree : Documents/partage/Monimail/OT Mail
[2026-09-03 09:28:06] [SUCCESS] 📂 Dossier cree : Documents/partage/Monimail/Presentation
[2026-09-03 09:28:08] [SUCCESS] 📂 Dossier cree : Documents/PowerShell/Modules/PnP.PowerShell
[2026-09-03 09:28:09] [SUCCESS] 📂 Dossier cree : Documents/PowerShell/Scripts/InstalledScriptInfos
[2026-09-03 09:28:11] [SUCCESS] 📂 Dossier cree : Documents/SQL Server Management Studio/Code Snippets/SQL
[2026-09-03 09:28:12] [SUCCESS] 📂 Dossier cree : Documents/Virtual Machines/Windows XP Professional/564dc8be-9773-bbd8-c7b2-c23524a75290.vmem.lck
[2026-09-03 09:28:14] [SUCCESS] 📂 Dossier cree : Documents/Visual Studio 2005/Templates/ItemTemplates
[2026-09-03 09:28:15] [SUCCESS] 📂 Dossier cree : Documents/Visual Studio 2005/Templates/ProjectTemplates
[2026-09-03 09:28:17] [SUCCESS] 📂 Dossier cree : Documents/Visual Studio 2017/Backup Files/Solution1
[2026-09-03 09:28:19] [SUCCESS] 📂 Dossier cree : Documents/Visual Studio 2017/Backup Files/Solution2
[2026-09-03 09:28:20] [SUCCESS] 📂 Dossier cree : Documents/Visual Studio 2017/Templates/ItemTemplates
[2026-09-03 09:28:22] [SUCCESS] 📂 Dossier cree : Documents/Visual Studio 2017/Templates/ProjectTemplates
[2026-09-03 09:28:23] [SUCCESS] 📂 Dossier cree : Documents/Visual Studio 2019/Code Snippets/JavaScript
[2026-09-03 09:28:24] [SUCCESS] 📂 Dossier cree : Documents/Visual Studio 2019/Code Snippets/Python
[2026-09-03 09:28:26] [SUCCESS] 📂 Dossier cree : Documents/Visual Studio 2019/Code Snippets/SQL_SSDT
[2026-09-03 09:28:27] [SUCCESS] 📂 Dossier cree : Documents/Visual Studio 2019/Code Snippets/TypeScript
[2026-09-03 09:28:29] [SUCCESS] 📂 Dossier cree : Documents/Visual Studio 2019/Code Snippets/Visual Basic
[2026-09-03 09:28:30] [SUCCESS] 📂 Dossier cree : Documents/Visual Studio 2019/Code Snippets/Visual C#
[2026-09-03 09:28:34] [SUCCESS] 📂 Dossier cree : Documents/Visual Studio 2019/Code Snippets/Visual C++
[2026-09-03 09:28:36] [SUCCESS] 📂 Dossier cree : Documents/Visual Studio 2019/Code Snippets/Visual Web Developer
[2026-09-03 09:28:38] [SUCCESS] 📂 Dossier cree : Documents/Visual Studio 2019/Code Snippets/XAML
[2026-09-03 09:28:40] [SUCCESS] 📂 Dossier cree : Documents/Visual Studio 2019/Code Snippets/XML
[2026-09-03 09:28:41] [SUCCESS] 📂 Dossier cree : Documents/Visual Studio 2019/Templates/ItemTemplates
[2026-09-03 09:28:42] [SUCCESS] 📂 Dossier cree : Documents/Visual Studio 2019/Templates/ProjectTemplates
[2026-09-03 09:28:44] [SUCCESS] 📂 Dossier cree : Documents/Visual Studio 2022/Code Snippets/JavaScript
[2026-09-03 09:28:45] [SUCCESS] 📂 Dossier cree : Documents/Visual Studio 2022/Code Snippets/Python
[2026-09-03 09:28:47] [SUCCESS] 📂 Dossier cree : Documents/Visual Studio 2022/Code Snippets/SQL_SSDT
[2026-09-03 09:28:48] [SUCCESS] 📂 Dossier cree : Documents/Visual Studio 2022/Code Snippets/TypeScript
[2026-09-03 09:28:49] [SUCCESS] 📂 Dossier cree : Documents/Visual Studio 2022/Code Snippets/Visual Basic
[2026-09-03 09:28:51] [SUCCESS] 📂 Dossier cree : Documents/Visual Studio 2022/Code Snippets/Visual C#
[2026-09-03 09:28:52] [SUCCESS] 📂 Dossier cree : Documents/Visual Studio 2022/Code Snippets/Visual C++
[2026-09-03 09:28:53] [SUCCESS] 📂 Dossier cree : Documents/Visual Studio 2022/Code Snippets/Visual Web Developer
[2026-09-03 09:28:56] [SUCCESS] 📂 Dossier cree : Documents/Visual Studio 2022/Code Snippets/XAML
[2026-09-03 09:28:57] [SUCCESS] 📂 Dossier cree : Documents/Visual Studio 2022/Code Snippets/XML
[2026-09-03 09:28:59] [SUCCESS] 📂 Dossier cree : Documents/Visual Studio 2022/Templates/ItemTemplates
[2026-09-03 09:29:01] [SUCCESS] 📂 Dossier cree : Documents/Visual Studio 2022/Templates/ProjectTemplates
[2026-09-03 09:29:02] [SUCCESS] 📂 Dossier cree : Documents/WindowsPowerShell/Modules/PnP.PowerShell
[2026-09-03 09:29:04] [SUCCESS] 📂 Dossier cree : Documents/WindowsPowerShell/Scripts/InstalledScriptInfos
[2026-09-03 09:29:05] [SUCCESS] 📂 Dossier cree : MicrosoftEdgeBackups/backups/MicrosoftEdgeBackup20210426/DatastoreBackup
[2026-09-03 09:29:07] [SUCCESS] 📂 Dossier cree : MicrosoftEdgeBackups/backups/MicrosoftEdgeBackup20210426/FavoriteIcons
[2026-09-03 09:29:08] [SUCCESS] 📂 Dossier cree : MicrosoftEdgeBackups/backups/MicrosoftEdgeBackup20210426/Protected - It is a violation of Windows Policy to modify
[2026-09-03 09:29:10] [SUCCESS] 📂 Dossier cree : repos/.git/objects/info
[2026-09-03 09:29:11] [SUCCESS] 📂 Dossier cree : repos/.git/objects/pack
[2026-09-03 09:29:13] [SUCCESS] 📂 Dossier cree : repos/.git/refs/heads
[2026-09-03 09:29:15] [SUCCESS] 📂 Dossier cree : repos/.git/refs/tags
[2026-09-03 09:29:16] [SUCCESS] 📂 Dossier cree : repos/.vs/repos/v16
[2026-09-03 09:29:18] [SUCCESS] 📂 Dossier cree : source/repos/Ali/.vs
[2026-09-03 09:29:19] [SUCCESS] 📂 Dossier cree : source/repos/Ali/Ali
[2026-09-03 09:29:21] [SUCCESS] 📂 Dossier cree : source/repos/Api_SIM--SF/ApiSIM--SF
[2026-09-03 09:29:22] [SUCCESS] 📂 Dossier cree : source/repos/BIM.SIM_DW.ImportABO/.vs
[2026-09-03 09:29:24] [SUCCESS] 📂 Dossier cree : source/repos/BIM.SIM_DW.ImportABO/BIM.SIM_DW.ImportABO
[2026-09-03 09:29:26] [SUCCESS] 📂 Dossier cree : source/repos/BIM_SF/.git
[2026-09-03 09:29:28] [SUCCESS] 📂 Dossier cree : source/repos/BIM_SF/.vs
[2026-09-03 09:29:29] [SUCCESS] 📂 Dossier cree : source/repos/BIM_SF/BIM_SF
[2026-09-03 09:29:30] [SUCCESS] 📂 Dossier cree : source/repos/BIM_SSIS - Copie (2)/.git
[2026-09-03 09:29:32] [SUCCESS] 📂 Dossier cree : source/repos/BIM_SSIS - Copie (2)/.vs
[2026-09-03 09:29:33] [SUCCESS] 📂 Dossier cree : source/repos/BIM_SSIS - Copie (2)/BIM_SSIS
[2026-09-03 09:29:35] [SUCCESS] 📂 Dossier cree : source/repos/BIM_SSIS - Copie/.git
[2026-09-03 09:29:36] [SUCCESS] 📂 Dossier cree : source/repos/BIM_SSIS - Copie/.github
[2026-09-03 09:29:38] [SUCCESS] 📂 Dossier cree : source/repos/BIM_SSIS - Copie/.vs
[2026-09-03 09:29:40] [SUCCESS] 📂 Dossier cree : source/repos/BIM_SSIS - Copie/BIM_SSIS
[2026-09-03 09:29:42] [SUCCESS] 📂 Dossier cree : source/repos/BIM_SSIS -calligramme/.git
[2026-09-03 09:29:45] [SUCCESS] 📂 Dossier cree : source/repos/BIM_SSIS -calligramme/.vs
[2026-09-03 09:29:47] [SUCCESS] 📂 Dossier cree : source/repos/BIM_SSIS -calligramme/BIM_SSIS
[2026-09-03 09:29:49] [SUCCESS] 📂 Dossier cree : source/repos/BIM_SSIS test/.git
[2026-09-03 09:29:50] [SUCCESS] 📂 Dossier cree : source/repos/BIM_SSIS test/.vs
[2026-09-03 09:29:52] [SUCCESS] 📂 Dossier cree : source/repos/BIM_SSIS test/BIM_SSIS
[2026-09-03 09:29:54] [SUCCESS] 📂 Dossier cree : source/repos/BIM_SSIS V2/.git
[2026-09-03 09:29:56] [SUCCESS] 📂 Dossier cree : source/repos/BIM_SSIS V2/.vs
[2026-09-03 09:29:58] [SUCCESS] 📂 Dossier cree : source/repos/BIM_SSIS V2/BIM_SSIS
[2026-09-03 09:30:00] [SUCCESS] 📂 Dossier cree : source/repos/BIM_SSIS/.git
[2026-09-03 09:30:01] [SUCCESS] 📂 Dossier cree : source/repos/BIM_SSIS/.github
[2026-09-03 09:30:03] [SUCCESS] 📂 Dossier cree : source/repos/BIM_SSIS/.vs
[2026-09-03 09:30:05] [SUCCESS] 📂 Dossier cree : source/repos/BIM_SSIS/BIM_SSIS
[2026-09-03 09:30:07] [SUCCESS] 📂 Dossier cree : source/repos/caligramme_prod_poc/.vs
[2026-09-03 09:30:09] [SUCCESS] 📂 Dossier cree : source/repos/caligramme_prod_poc/caligramme_prod_poc
[2026-09-03 09:30:11] [SUCCESS] 📂 Dossier cree : source/repos/ConsoleApp1/.vs
[2026-09-03 09:30:13] [SUCCESS] 📂 Dossier cree : source/repos/ConsoleApp1/bin
[2026-09-03 09:30:15] [SUCCESS] 📂 Dossier cree : source/repos/ConsoleApp1/ConsoleApp1
[2026-09-03 09:30:17] [SUCCESS] 📂 Dossier cree : source/repos/ConsoleApp1/obj
[2026-09-03 09:30:19] [SUCCESS] 📂 Dossier cree : source/repos/fait_avis_ao_am/.vs
[2026-09-03 09:30:21] [SUCCESS] 📂 Dossier cree : source/repos/fait_avis_ao_am/fait_avis_ao_am
[2026-09-03 09:30:23] [SUCCESS] 📂 Dossier cree : source/repos/Mol_Save_DataBase/.git
[2026-09-03 09:30:25] [SUCCESS] 📂 Dossier cree : source/repos/Mol_Save_DataBase/.vs
[2026-09-03 09:30:27] [SUCCESS] 📂 Dossier cree : source/repos/Mol_Save_DataBase/Mol_Save_Common
[2026-09-03 09:30:29] [SUCCESS] 📂 Dossier cree : source/repos/Mol_Save_DataBase/Mol_Save_DB
[2026-09-03 09:30:31] [SUCCESS] 📂 Dossier cree : source/repos/Mol_Save_DataBase/Mol_Save_DBC
[2026-09-03 09:30:33] [SUCCESS] 📂 Dossier cree : source/repos/Mol_Save_DataBase/packages
[2026-09-03 09:30:35] [SUCCESS] 📂 Dossier cree : source/repos/objectif/.vs
[2026-09-03 09:30:37] [SUCCESS] 📂 Dossier cree : source/repos/objectif/objectif
[2026-09-03 09:30:39] [SUCCESS] 📂 Dossier cree : source/repos/poc_hack_site/.vs
[2026-09-03 09:30:40] [SUCCESS] 📂 Dossier cree : source/repos/poc_hack_site/bin
[2026-09-03 09:30:42] [SUCCESS] 📂 Dossier cree : source/repos/poc_hack_site/obj
[2026-09-03 09:30:44] [SUCCESS] 📂 Dossier cree : source/repos/poc_hack_site/Properties
[2026-09-03 09:30:46] [SUCCESS] 📂 Dossier cree : source/repos/poc_watcher/.vs
[2026-09-03 09:30:48] [SUCCESS] 📂 Dossier cree : source/repos/poc_watcher/bin
[2026-09-03 09:30:49] [SUCCESS] 📂 Dossier cree : source/repos/poc_watcher/obj
[2026-09-03 09:30:51] [SUCCESS] 📂 Dossier cree : source/repos/poc_watcher/Properties
[2026-09-03 09:30:53] [SUCCESS] 📂 Dossier cree : source/repos/pokemonDiamant/.git
[2026-09-03 09:30:55] [SUCCESS] 📂 Dossier cree : source/repos/pokemonDiamant/.github
[2026-09-03 09:30:57] [SUCCESS] 📂 Dossier cree : source/repos/pokemonDiamant/.vs
[2026-09-03 09:30:59] [SUCCESS] 📂 Dossier cree : source/repos/pokemonDiamant/packages
[2026-09-03 09:31:00] [SUCCESS] 📂 Dossier cree : source/repos/pokemonDiamant/pokemonDiamant
[2026-09-03 09:31:02] [SUCCESS] 📂 Dossier cree : source/repos/pouky/.vs
[2026-09-03 09:31:05] [SUCCESS] 📂 Dossier cree : source/repos/pouky/packages
[2026-09-03 09:31:06] [SUCCESS] 📂 Dossier cree : source/repos/pouky/pouky
[2026-09-03 09:31:08] [SUCCESS] 📂 Dossier cree : source/repos/poukymon/.vs
[2026-09-03 09:31:10] [SUCCESS] 📂 Dossier cree : source/repos/poukymon/packages
[2026-09-03 09:31:11] [SUCCESS] 📂 Dossier cree : source/repos/poukymon/poukymon
[2026-09-03 09:31:13] [SUCCESS] 📂 Dossier cree : source/repos/rattrapage SM2204/.vs
[2026-09-03 09:31:15] [SUCCESS] 📂 Dossier cree : source/repos/rattrapage SM2204/rattrapage SM2204
[2026-09-03 09:31:16] [SUCCESS] 📂 Dossier cree : source/repos/rattrapage_BIM_POC/.vs
[2026-09-03 09:31:18] [SUCCESS] 📂 Dossier cree : source/repos/rattrapage_BIM_POC/rattrapage_BIM_POC
[2026-09-03 09:31:20] [SUCCESS] 📂 Dossier cree : source/repos/SF_VIEWER_AO_SIM/.git
[2026-09-03 09:31:21] [SUCCESS] 📂 Dossier cree : source/repos/SF_VIEWER_AO_SIM/.github
[2026-09-03 09:31:23] [SUCCESS] 📂 Dossier cree : source/repos/SF_VIEWER_AO_SIM/.vs
[2026-09-03 09:31:25] [SUCCESS] 📂 Dossier cree : source/repos/SF_VIEWER_AO_SIM/packages
[2026-09-03 09:31:27] [SUCCESS] 📂 Dossier cree : source/repos/SF_VIEWER_AO_SIM/SF_VIEWER_AO_SIM
[2026-09-03 09:31:29] [SUCCESS] 📂 Dossier cree : source/repos/srv_listener_folder/.git
[2026-09-03 09:31:31] [SUCCESS] 📂 Dossier cree : source/repos/srv_listener_folder/.vs
[2026-09-03 09:31:33] [SUCCESS] 📂 Dossier cree : source/repos/srv_listener_folder/ConsoleApp1
[2026-09-03 09:31:35] [SUCCESS] 📂 Dossier cree : source/repos/srv_listener_folder/ConsoleApp2
[2026-09-03 09:31:37] [SUCCESS] 📂 Dossier cree : source/repos/srv_listener_folder/createXMLFromDoc
[2026-09-03 09:31:38] [SUCCESS] 📂 Dossier cree : source/repos/srv_listener_folder/packages
[2026-09-03 09:31:40] [SUCCESS] 📂 Dossier cree : source/repos/srv_listener_folder/SF_VIEWER_AO_SIM
[2026-09-03 09:31:41] [SUCCESS] 📂 Dossier cree : source/repos/srv_listener_folder/srv_listener_folder
[2026-09-03 09:31:43] [SUCCESS] 📂 Dossier cree : Bureau/livraisonKPI 20250428/Nouveau dossier/bin/fr
[2026-09-03 09:31:45] [SUCCESS] 📂 Dossier cree : Bureau/livraisonKPI 20250428/Nouveau dossier/bin/roslyn
[2026-09-03 09:31:47] [SUCCESS] 📂 Dossier cree : Bureau/livraisonKPI 20250428/Nouveau dossier/livrable KPI securite/app.publish
[2026-09-03 09:31:49] [SUCCESS] 📂 Dossier cree : Bureau/livraisonKPI 20250428/Nouveau dossier/livrable KPI securite/PowerShell
[2026-09-03 09:31:50] [SUCCESS] 📂 Dossier cree : Bureau/livraisonKPI 20250428/Nouveau dossier/livrable KPI securite/runtimes
[2026-09-03 09:31:53] [SUCCESS] 📂 Dossier cree : Bureau/livraisonKPI 20250428/Nouveau dossier/Views/DimLicences
[2026-09-03 09:31:55] [SUCCESS] 📂 Dossier cree : Bureau/livraisonKPI 20250428/Nouveau dossier/Views/DimOS
[2026-09-03 09:31:57] [SUCCESS] 📂 Dossier cree : Bureau/livraisonKPI 20250428/Nouveau dossier/Views/DimOU
[2026-09-03 09:31:58] [SUCCESS] 📂 Dossier cree : Bureau/livraisonKPI 20250428/Nouveau dossier/Views/Home
[2026-09-03 09:32:01] [SUCCESS] 📂 Dossier cree : Bureau/livraisonKPI 20250428/Nouveau dossier/Views/Shared
[2026-09-03 09:32:02] [SUCCESS] 📂 Dossier cree : Bureau/livraisonKPI 20250428/Nouveau dossier/Views/USERS
[2026-09-03 09:32:04] [SUCCESS] 📂 Dossier cree : Bureau/mep 20250129/API_SIM_SF/runtimes/linux
[2026-09-03 09:32:06] [SUCCESS] 📂 Dossier cree : Bureau/mep 20250129/API_SIM_SF/runtimes/osx
[2026-09-03 09:32:07] [SUCCESS] 📂 Dossier cree : Bureau/mep 20250129/API_SIM_SF/runtimes/unix
[2026-09-03 09:32:09] [SUCCESS] 📂 Dossier cree : Bureau/mep 20250129/API_SIM_SF/runtimes/win
[2026-09-03 09:32:11] [SUCCESS] 📂 Dossier cree : Documents/Altova/XMLSpy2022/AutoBackup/323A02F0-D624-49E1-B036-453D2225403C
[2026-09-03 09:32:13] [SUCCESS] 📂 Dossier cree : Documents/Nouveau dossier (2)/srv_listener_folder/.vs/srv_listener_folder
[2026-09-03 09:32:15] [SUCCESS] 📂 Dossier cree : Documents/Nouveau dossier (2)/srv_listener_folder/bin/Debug
[2026-09-03 09:32:17] [SUCCESS] 📂 Dossier cree : Documents/Nouveau dossier (2)/srv_listener_folder/obj/Debug
[2026-09-03 09:32:18] [SUCCESS] 📂 Dossier cree : Documents/Nouveau dossier (2)/srv_listener_folder/packages/Microsoft.Office.Interop.Word.15.0.4797.1004
[2026-09-03 09:32:21] [SUCCESS] 📂 Dossier cree : Documents/PowerShell/Modules/PnP.PowerShell/3.1.0
[2026-09-03 09:32:22] [SUCCESS] 📂 Dossier cree : Documents/SQL Server Management Studio/Code Snippets/SQL/My Code Snippets
[2026-09-03 09:32:24] [SUCCESS] 📂 Dossier cree : Documents/Visual Studio 2005/Templates/ItemTemplates/Visual Basic
[2026-09-03 09:32:26] [SUCCESS] 📂 Dossier cree : Documents/Visual Studio 2005/Templates/ItemTemplates/Visual C#
[2026-09-03 09:32:29] [SUCCESS] 📂 Dossier cree : Documents/Visual Studio 2005/Templates/ItemTemplates/Visual J#
[2026-09-03 09:32:31] [SUCCESS] 📂 Dossier cree : Documents/Visual Studio 2005/Templates/ItemTemplates/Visual Web Developer
[2026-09-03 09:32:33] [SUCCESS] 📂 Dossier cree : Documents/Visual Studio 2005/Templates/ProjectTemplates/Visual Basic
[2026-09-03 09:32:34] [SUCCESS] 📂 Dossier cree : Documents/Visual Studio 2005/Templates/ProjectTemplates/Visual C#
[2026-09-03 09:32:36] [SUCCESS] 📂 Dossier cree : Documents/Visual Studio 2005/Templates/ProjectTemplates/Visual J#
[2026-09-03 09:32:38] [SUCCESS] 📂 Dossier cree : Documents/Visual Studio 2005/Templates/ProjectTemplates/Visual Web Developer
[2026-09-03 09:32:40] [SUCCESS] 📂 Dossier cree : Documents/Visual Studio 2017/Templates/ItemTemplates/JavaScript
[2026-09-03 09:32:42] [SUCCESS] 📂 Dossier cree : Documents/Visual Studio 2017/Templates/ItemTemplates/TypeScript
[2026-09-03 09:32:44] [SUCCESS] 📂 Dossier cree : Documents/Visual Studio 2017/Templates/ProjectTemplates/JavaScript
[2026-09-03 09:32:45] [SUCCESS] 📂 Dossier cree : Documents/Visual Studio 2017/Templates/ProjectTemplates/TypeScript
[2026-09-03 09:32:47] [SUCCESS] 📂 Dossier cree : Documents/Visual Studio 2019/Code Snippets/JavaScript/My Code Snippets
[2026-09-03 09:32:50] [SUCCESS] 📂 Dossier cree : Documents/Visual Studio 2019/Code Snippets/Python/My Code Snippets
[2026-09-03 09:32:52] [SUCCESS] 📂 Dossier cree : Documents/Visual Studio 2019/Code Snippets/SQL_SSDT/My Code Snippets
[2026-09-03 09:32:54] [SUCCESS] 📂 Dossier cree : Documents/Visual Studio 2019/Code Snippets/TypeScript/My Code Snippets
[2026-09-03 09:32:56] [SUCCESS] 📂 Dossier cree : Documents/Visual Studio 2019/Code Snippets/Visual Basic/My Code Snippets
[2026-09-03 09:32:58] [SUCCESS] 📂 Dossier cree : Documents/Visual Studio 2019/Code Snippets/Visual C#/My Code Snippets
[2026-09-03 09:32:59] [SUCCESS] 📂 Dossier cree : Documents/Visual Studio 2019/Code Snippets/Visual C++/My Code Snippets
[2026-09-03 09:33:01] [SUCCESS] 📂 Dossier cree : Documents/Visual Studio 2019/Code Snippets/Visual Web Developer/My CSS Snippets
[2026-09-03 09:33:03] [SUCCESS] 📂 Dossier cree : Documents/Visual Studio 2019/Code Snippets/Visual Web Developer/My HTML Snippets
[2026-09-03 09:33:05] [SUCCESS] 📂 Dossier cree : Documents/Visual Studio 2019/Code Snippets/XAML/My XAML Snippets
[2026-09-03 09:33:07] [SUCCESS] 📂 Dossier cree : Documents/Visual Studio 2019/Code Snippets/XML/My Xml Snippets
[2026-09-03 09:33:09] [SUCCESS] 📂 Dossier cree : Documents/Visual Studio 2019/Templates/ItemTemplates/Extensibilité
[2026-09-03 09:33:10] [SUCCESS] 📂 Dossier cree : Documents/Visual Studio 2019/Templates/ItemTemplates/JavaScript
[2026-09-03 09:33:12] [SUCCESS] 📂 Dossier cree : Documents/Visual Studio 2019/Templates/ItemTemplates/Projet Visual C++
[2026-09-03 09:33:13] [SUCCESS] 📂 Dossier cree : Documents/Visual Studio 2019/Templates/ItemTemplates/Service Fabric
[2026-09-03 09:33:15] [SUCCESS] 📂 Dossier cree : Documents/Visual Studio 2019/Templates/ItemTemplates/TypeScript
[2026-09-03 09:33:18] [SUCCESS] 📂 Dossier cree : Documents/Visual Studio 2019/Templates/ItemTemplates/Validation de dépendance
[2026-09-03 09:33:20] [SUCCESS] 📂 Dossier cree : Documents/Visual Studio 2019/Templates/ItemTemplates/Visual Basic
[2026-09-03 09:33:21] [SUCCESS] 📂 Dossier cree : Documents/Visual Studio 2019/Templates/ItemTemplates/Visual C#
[2026-09-03 09:33:23] [SUCCESS] 📂 Dossier cree : Documents/Visual Studio 2019/Templates/ItemTemplates/Visual C++
[2026-09-03 09:33:25] [SUCCESS] 📂 Dossier cree : Documents/Visual Studio 2019/Templates/ItemTemplates/Visual Web Developer
[2026-09-03 09:33:26] [SUCCESS] 📂 Dossier cree : Documents/Visual Studio 2019/Templates/ProjectTemplates/Extensibilité
[2026-09-03 09:33:28] [SUCCESS] 📂 Dossier cree : Documents/Visual Studio 2019/Templates/ProjectTemplates/JavaScript
[2026-09-03 09:33:30] [SUCCESS] 📂 Dossier cree : Documents/Visual Studio 2019/Templates/ProjectTemplates/Projet Visual C++
[2026-09-03 09:33:31] [SUCCESS] 📂 Dossier cree : Documents/Visual Studio 2019/Templates/ProjectTemplates/Service Fabric
[2026-09-03 09:33:33] [SUCCESS] 📂 Dossier cree : Documents/Visual Studio 2019/Templates/ProjectTemplates/TypeScript
[2026-09-03 09:33:35] [SUCCESS] 📂 Dossier cree : Documents/Visual Studio 2019/Templates/ProjectTemplates/Validation de dépendance
[2026-09-03 09:33:37] [SUCCESS] 📂 Dossier cree : Documents/Visual Studio 2019/Templates/ProjectTemplates/Visual Basic
[2026-09-03 09:33:38] [SUCCESS] 📂 Dossier cree : Documents/Visual Studio 2019/Templates/ProjectTemplates/Visual C#
[2026-09-03 09:33:40] [SUCCESS] 📂 Dossier cree : Documents/Visual Studio 2019/Templates/ProjectTemplates/Visual C++
[2026-09-03 09:33:42] [SUCCESS] 📂 Dossier cree : Documents/Visual Studio 2019/Templates/ProjectTemplates/Visual Web Developer
[2026-09-03 09:33:44] [SUCCESS] 📂 Dossier cree : Documents/Visual Studio 2022/Code Snippets/JavaScript/My Code Snippets
[2026-09-03 09:33:46] [SUCCESS] 📂 Dossier cree : Documents/Visual Studio 2022/Code Snippets/Python/My Code Snippets
[2026-09-03 09:33:47] [SUCCESS] 📂 Dossier cree : Documents/Visual Studio 2022/Code Snippets/SQL_SSDT/My Code Snippets
[2026-09-03 09:33:49] [SUCCESS] 📂 Dossier cree : Documents/Visual Studio 2022/Code Snippets/TypeScript/My Code Snippets
[2026-09-03 09:33:52] [SUCCESS] 📂 Dossier cree : Documents/Visual Studio 2022/Code Snippets/Visual Basic/My Code Snippets
[2026-09-03 09:33:54] [SUCCESS] 📂 Dossier cree : Documents/Visual Studio 2022/Code Snippets/Visual C#/My Code Snippets
[2026-09-03 09:33:55] [SUCCESS] 📂 Dossier cree : Documents/Visual Studio 2022/Code Snippets/Visual C++/My Code Snippets
[2026-09-03 09:33:57] [SUCCESS] 📂 Dossier cree : Documents/Visual Studio 2022/Code Snippets/Visual Web Developer/My CSS Snippets
[2026-09-03 09:33:58] [SUCCESS] 📂 Dossier cree : Documents/Visual Studio 2022/Code Snippets/Visual Web Developer/My HTML Snippets
[2026-09-03 09:34:00] [SUCCESS] 📂 Dossier cree : Documents/Visual Studio 2022/Code Snippets/XAML/My XAML Snippets
[2026-09-03 09:34:02] [SUCCESS] 📂 Dossier cree : Documents/Visual Studio 2022/Code Snippets/XML/My Xml Snippets
[2026-09-03 09:34:03] [SUCCESS] 📂 Dossier cree : Documents/Visual Studio 2022/Templates/ItemTemplates/C#
[2026-09-03 09:34:05] [SUCCESS] 📂 Dossier cree : Documents/Visual Studio 2022/Templates/ItemTemplates/Extensibilité
[2026-09-03 09:34:07] [SUCCESS] 📂 Dossier cree : Documents/Visual Studio 2022/Templates/ItemTemplates/JavaScript
[2026-09-03 09:34:09] [SUCCESS] 📂 Dossier cree : Documents/Visual Studio 2022/Templates/ItemTemplates/Projet Visual C++
[2026-09-03 09:34:11] [SUCCESS] 📂 Dossier cree : Documents/Visual Studio 2022/Templates/ItemTemplates/Service Fabric
[2026-09-03 09:34:13] [SUCCESS] 📂 Dossier cree : Documents/Visual Studio 2022/Templates/ItemTemplates/TypeScript
[2026-09-03 09:34:15] [SUCCESS] 📂 Dossier cree : Documents/Visual Studio 2022/Templates/ItemTemplates/Visual Basic
[2026-09-03 09:34:16] [SUCCESS] 📂 Dossier cree : Documents/Visual Studio 2022/Templates/ItemTemplates/Visual C#
[2026-09-03 09:34:18] [SUCCESS] 📂 Dossier cree : Documents/Visual Studio 2022/Templates/ItemTemplates/Visual C++
[2026-09-03 09:34:20] [SUCCESS] 📂 Dossier cree : Documents/Visual Studio 2022/Templates/ItemTemplates/Visual Web Developer
[2026-09-03 09:34:22] [SUCCESS] 📂 Dossier cree : Documents/Visual Studio 2022/Templates/ProjectTemplates/C#
[2026-09-03 09:34:23] [SUCCESS] 📂 Dossier cree : Documents/Visual Studio 2022/Templates/ProjectTemplates/Extensibilité
[2026-09-03 09:34:25] [SUCCESS] 📂 Dossier cree : Documents/Visual Studio 2022/Templates/ProjectTemplates/JavaScript
[2026-09-03 09:34:27] [SUCCESS] 📂 Dossier cree : Documents/Visual Studio 2022/Templates/ProjectTemplates/Projet Visual C++
[2026-09-03 09:34:29] [SUCCESS] 📂 Dossier cree : Documents/Visual Studio 2022/Templates/ProjectTemplates/Service Fabric
[2026-09-03 09:34:31] [SUCCESS] 📂 Dossier cree : Documents/Visual Studio 2022/Templates/ProjectTemplates/TypeScript
[2026-09-03 09:34:32] [SUCCESS] 📂 Dossier cree : Documents/Visual Studio 2022/Templates/ProjectTemplates/Visual Basic
[2026-09-03 09:34:34] [SUCCESS] 📂 Dossier cree : Documents/Visual Studio 2022/Templates/ProjectTemplates/Visual C#
[2026-09-03 09:34:36] [SUCCESS] 📂 Dossier cree : Documents/Visual Studio 2022/Templates/ProjectTemplates/Visual C++
[2026-09-03 09:34:38] [SUCCESS] 📂 Dossier cree : Documents/Visual Studio 2022/Templates/ProjectTemplates/Visual Web Developer
[2026-09-03 09:34:40] [SUCCESS] 📂 Dossier cree : Documents/WindowsPowerShell/Modules/PnP.PowerShell/3.1.0
[2026-09-03 09:34:42] [SUCCESS] 📂 Dossier cree : source/repos/Ali/.vs/Ali
[2026-09-03 09:34:44] [SUCCESS] 📂 Dossier cree : source/repos/Ali/Ali/bin
[2026-09-03 09:34:45] [SUCCESS] 📂 Dossier cree : source/repos/Ali/Ali/obj
[2026-09-03 09:34:47] [SUCCESS] 📂 Dossier cree : source/repos/Api_SIM--SF/ApiSIM--SF/.git
[2026-09-03 09:34:49] [SUCCESS] 📂 Dossier cree : source/repos/Api_SIM--SF/ApiSIM--SF/.github
[2026-09-03 09:34:50] [SUCCESS] 📂 Dossier cree : source/repos/Api_SIM--SF/ApiSIM--SF/.vs
[2026-09-03 09:34:52] [SUCCESS] 📂 Dossier cree : source/repos/Api_SIM--SF/ApiSIM--SF/bin
[2026-09-03 09:34:54] [SUCCESS] 📂 Dossier cree : source/repos/Api_SIM--SF/ApiSIM--SF/Models
[2026-09-03 09:34:56] [SUCCESS] 📂 Dossier cree : source/repos/Api_SIM--SF/ApiSIM--SF/obj
[2026-09-03 09:34:58] [SUCCESS] 📂 Dossier cree : source/repos/Api_SIM--SF/ApiSIM--SF/Properties
[2026-09-03 09:35:00] [SUCCESS] 📂 Dossier cree : source/repos/Api_SIM--SF/ApiSIM--SF/Salesforce
[2026-09-03 09:35:02] [SUCCESS] 📂 Dossier cree : source/repos/Api_SIM--SF/ApiSIM--SF/Serializer
[2026-09-03 09:35:04] [SUCCESS] 📂 Dossier cree : source/repos/Api_SIM--SF/ApiSIM--SF/SqlConnection
[2026-09-03 09:35:05] [SUCCESS] 📂 Dossier cree : source/repos/BIM.SIM_DW.ImportABO/.vs/BIM.SIM_DW.ImportABO
[2026-09-03 09:35:07] [SUCCESS] 📂 Dossier cree : source/repos/BIM_SF/.git/hooks
[2026-09-03 09:35:10] [SUCCESS] 📂 Dossier cree : source/repos/BIM_SF/.git/info
[2026-09-03 09:35:12] [SUCCESS] 📂 Dossier cree : source/repos/BIM_SF/.git/logs
[2026-09-03 09:35:15] [SUCCESS] 📂 Dossier cree : source/repos/BIM_SF/.git/objects
[2026-09-03 09:35:17] [SUCCESS] 📂 Dossier cree : source/repos/BIM_SF/.git/refs
[2026-09-03 09:35:18] [SUCCESS] 📂 Dossier cree : source/repos/BIM_SF/.vs/BIM_SF
[2026-09-03 09:35:20] [SUCCESS] 📂 Dossier cree : source/repos/BIM_SF/BIM_SF/bin
[2026-09-03 09:35:22] [SUCCESS] 📂 Dossier cree : source/repos/BIM_SF/BIM_SF/obj
[2026-09-03 09:35:24] [SUCCESS] 📂 Dossier cree : source/repos/BIM_SSIS - Copie (2)/.git/hooks
[2026-09-03 09:35:26] [SUCCESS] 📂 Dossier cree : source/repos/BIM_SSIS - Copie (2)/.git/info
[2026-09-03 09:35:28] [SUCCESS] 📂 Dossier cree : source/repos/BIM_SSIS - Copie (2)/.git/logs
[2026-09-03 09:35:30] [SUCCESS] 📂 Dossier cree : source/repos/BIM_SSIS - Copie (2)/.git/objects
[2026-09-03 09:35:32] [SUCCESS] 📂 Dossier cree : source/repos/BIM_SSIS - Copie (2)/.git/refs
[2026-09-03 09:35:34] [SUCCESS] 📂 Dossier cree : source/repos/BIM_SSIS - Copie (2)/.vs/BIM_SSIS
[2026-09-03 09:35:36] [SUCCESS] 📂 Dossier cree : source/repos/BIM_SSIS - Copie (2)/.vs/BIM_SSIS - Copie (2)
[2026-09-03 09:35:37] [SUCCESS] 📂 Dossier cree : source/repos/BIM_SSIS - Copie (2)/BIM_SSIS/bin
[2026-09-03 09:35:40] [SUCCESS] 📂 Dossier cree : source/repos/BIM_SSIS - Copie (2)/BIM_SSIS/obj
[2026-09-03 09:35:41] [SUCCESS] 📂 Dossier cree : source/repos/BIM_SSIS - Copie/.git/hooks
[2026-09-03 09:35:43] [SUCCESS] 📂 Dossier cree : source/repos/BIM_SSIS - Copie/.git/info
[2026-09-03 09:35:45] [SUCCESS] 📂 Dossier cree : source/repos/BIM_SSIS - Copie/.git/logs
[2026-09-03 09:35:47] [SUCCESS] 📂 Dossier cree : source/repos/BIM_SSIS - Copie/.git/objects
[2026-09-03 09:35:49] [SUCCESS] 📂 Dossier cree : source/repos/BIM_SSIS - Copie/.git/refs
[2026-09-03 09:35:51] [SUCCESS] 📂 Dossier cree : source/repos/BIM_SSIS - Copie/.github/workflows
[2026-09-03 09:35:53] [SUCCESS] 📂 Dossier cree : source/repos/BIM_SSIS - Copie/.vs/BIM_SSIS
[2026-09-03 09:35:55] [SUCCESS] 📂 Dossier cree : source/repos/BIM_SSIS - Copie/BIM_SSIS/bin
[2026-09-03 09:35:56] [SUCCESS] 📂 Dossier cree : source/repos/BIM_SSIS - Copie/BIM_SSIS/obj
[2026-09-03 09:35:59] [SUCCESS] 📂 Dossier cree : source/repos/BIM_SSIS -calligramme/.git/hooks
[2026-09-03 09:36:00] [SUCCESS] 📂 Dossier cree : source/repos/BIM_SSIS -calligramme/.git/info
[2026-09-03 09:36:02] [SUCCESS] 📂 Dossier cree : source/repos/BIM_SSIS -calligramme/.git/logs
[2026-09-03 09:36:04] [SUCCESS] 📂 Dossier cree : source/repos/BIM_SSIS -calligramme/.git/objects
[2026-09-03 09:36:06] [SUCCESS] 📂 Dossier cree : source/repos/BIM_SSIS -calligramme/.git/refs
[2026-09-03 09:36:09] [SUCCESS] 📂 Dossier cree : source/repos/BIM_SSIS -calligramme/.vs/BIM_SSIS
[2026-09-03 09:36:11] [SUCCESS] 📂 Dossier cree : source/repos/BIM_SSIS -calligramme/BIM_SSIS/bin
[2026-09-03 09:36:13] [SUCCESS] 📂 Dossier cree : source/repos/BIM_SSIS -calligramme/BIM_SSIS/obj
[2026-09-03 09:36:15] [SUCCESS] 📂 Dossier cree : source/repos/BIM_SSIS test/.git/hooks
[2026-09-03 09:36:16] [SUCCESS] 📂 Dossier cree : source/repos/BIM_SSIS test/.git/info
[2026-09-03 09:36:18] [SUCCESS] 📂 Dossier cree : source/repos/BIM_SSIS test/.git/logs
[2026-09-03 09:36:20] [SUCCESS] 📂 Dossier cree : source/repos/BIM_SSIS test/.git/objects
[2026-09-03 09:36:22] [SUCCESS] 📂 Dossier cree : source/repos/BIM_SSIS test/.git/refs
[2026-09-03 09:36:26] [SUCCESS] 📂 Dossier cree : source/repos/BIM_SSIS test/.vs/BIM_SSIS
[2026-09-03 09:36:28] [SUCCESS] 📂 Dossier cree : source/repos/BIM_SSIS test/.vs/BIM_SSIS test
[2026-09-03 09:36:29] [SUCCESS] 📂 Dossier cree : source/repos/BIM_SSIS test/BIM_SSIS/bin
[2026-09-03 09:36:32] [SUCCESS] 📂 Dossier cree : source/repos/BIM_SSIS test/BIM_SSIS/obj
[2026-09-03 09:36:34] [SUCCESS] 📂 Dossier cree : source/repos/BIM_SSIS V2/.git/hooks
[2026-09-03 09:36:35] [SUCCESS] 📂 Dossier cree : source/repos/BIM_SSIS V2/.git/info
[2026-09-03 09:36:37] [SUCCESS] 📂 Dossier cree : source/repos/BIM_SSIS V2/.git/logs
[2026-09-03 09:36:39] [SUCCESS] 📂 Dossier cree : source/repos/BIM_SSIS V2/.git/objects
[2026-09-03 09:36:41] [SUCCESS] 📂 Dossier cree : source/repos/BIM_SSIS V2/.git/refs
[2026-09-03 09:36:42] [SUCCESS] 📂 Dossier cree : source/repos/BIM_SSIS V2/.vs/BIM_SSIS_V2
[2026-09-03 09:36:44] [SUCCESS] 📂 Dossier cree : source/repos/BIM_SSIS V2/BIM_SSIS/bin
[2026-09-03 09:36:46] [SUCCESS] 📂 Dossier cree : source/repos/BIM_SSIS V2/BIM_SSIS/obj
[2026-09-03 09:36:48] [SUCCESS] 📂 Dossier cree : source/repos/BIM_SSIS/.git/hooks
[2026-09-03 09:36:50] [SUCCESS] 📂 Dossier cree : source/repos/BIM_SSIS/.git/info
[2026-09-03 09:36:58] [SUCCESS] 📂 Dossier cree : source/repos/BIM_SSIS/.git/logs
[2026-09-03 09:37:00] [SUCCESS] 📂 Dossier cree : source/repos/BIM_SSIS/.git/objects
[2026-09-03 09:37:02] [SUCCESS] 📂 Dossier cree : source/repos/BIM_SSIS/.git/refs
[2026-09-03 09:37:04] [SUCCESS] 📂 Dossier cree : source/repos/BIM_SSIS/.github/workflows
[2026-09-03 09:37:06] [SUCCESS] 📂 Dossier cree : source/repos/BIM_SSIS/.vs/BIM_SSIS
[2026-09-03 09:37:08] [SUCCESS] 📂 Dossier cree : source/repos/BIM_SSIS/BIM_SSIS/bin
[2026-09-03 09:37:09] [SUCCESS] 📂 Dossier cree : source/repos/BIM_SSIS/BIM_SSIS/obj
[2026-09-03 09:37:11] [SUCCESS] 📂 Dossier cree : source/repos/caligramme_prod_poc/.vs/caligramme_prod_poc
[2026-09-03 09:37:13] [SUCCESS] 📂 Dossier cree : source/repos/caligramme_prod_poc/caligramme_prod_poc/bin
[2026-09-03 09:37:14] [SUCCESS] 📂 Dossier cree : source/repos/caligramme_prod_poc/caligramme_prod_poc/obj
[2026-09-03 09:37:16] [SUCCESS] 📂 Dossier cree : source/repos/ConsoleApp1/.vs/ConsoleApp1
[2026-09-03 09:37:18] [SUCCESS] 📂 Dossier cree : source/repos/ConsoleApp1/bin/Debug
[2026-09-03 09:37:20] [SUCCESS] 📂 Dossier cree : source/repos/ConsoleApp1/obj/Debug
[2026-09-03 09:37:22] [SUCCESS] 📂 Dossier cree : source/repos/fait_avis_ao_am/.vs/fait_avis_ao_am
[2026-09-03 09:37:23] [SUCCESS] 📂 Dossier cree : source/repos/fait_avis_ao_am/fait_avis_ao_am/bin
[2026-09-03 09:37:25] [SUCCESS] 📂 Dossier cree : source/repos/fait_avis_ao_am/fait_avis_ao_am/obj
[2026-09-03 09:37:27] [SUCCESS] 📂 Dossier cree : source/repos/Mol_Save_DataBase/.git/hooks
[2026-09-03 09:37:29] [SUCCESS] 📂 Dossier cree : source/repos/Mol_Save_DataBase/.git/info
[2026-09-03 09:37:30] [SUCCESS] 📂 Dossier cree : source/repos/Mol_Save_DataBase/.git/logs
[2026-09-03 09:37:32] [SUCCESS] 📂 Dossier cree : source/repos/Mol_Save_DataBase/.git/objects
[2026-09-03 09:37:34] [SUCCESS] 📂 Dossier cree : source/repos/Mol_Save_DataBase/.git/refs
[2026-09-03 09:37:36] [SUCCESS] 📂 Dossier cree : source/repos/Mol_Save_DataBase/.vs/Mol_Save_DataBase
[2026-09-03 09:37:37] [SUCCESS] 📂 Dossier cree : source/repos/Mol_Save_DataBase/Mol_Save_Common/App_Code
[2026-09-03 09:37:39] [SUCCESS] 📂 Dossier cree : source/repos/Mol_Save_DataBase/Mol_Save_Common/bin
[2026-09-03 09:37:41] [SUCCESS] 📂 Dossier cree : source/repos/Mol_Save_DataBase/Mol_Save_Common/obj
[2026-09-03 09:37:43] [SUCCESS] 📂 Dossier cree : source/repos/Mol_Save_DataBase/Mol_Save_Common/Properties
[2026-09-03 09:37:45] [SUCCESS] 📂 Dossier cree : source/repos/Mol_Save_DataBase/Mol_Save_DB/bin
[2026-09-03 09:37:47] [SUCCESS] 📂 Dossier cree : source/repos/Mol_Save_DataBase/Mol_Save_DB/obj
[2026-09-03 09:37:49] [SUCCESS] 📂 Dossier cree : source/repos/Mol_Save_DataBase/Mol_Save_DB/Properties
[2026-09-03 09:37:51] [SUCCESS] 📂 Dossier cree : source/repos/Mol_Save_DataBase/Mol_Save_DB/Ressources
[2026-09-03 09:37:52] [SUCCESS] 📂 Dossier cree : source/repos/Mol_Save_DataBase/Mol_Save_DBC/bin
[2026-09-03 09:37:54] [SUCCESS] 📂 Dossier cree : source/repos/Mol_Save_DataBase/Mol_Save_DBC/obj
[2026-09-03 09:37:56] [SUCCESS] 📂 Dossier cree : source/repos/Mol_Save_DataBase/Mol_Save_DBC/Properties
[2026-09-03 09:37:58] [SUCCESS] 📂 Dossier cree : source/repos/Mol_Save_DataBase/packages/System.Configuration.ConfigurationManager.5.0.0
[2026-09-03 09:38:00] [SUCCESS] 📂 Dossier cree : source/repos/Mol_Save_DataBase/packages/System.Data.Common.4.3.0
[2026-09-03 09:38:01] [SUCCESS] 📂 Dossier cree : source/repos/Mol_Save_DataBase/packages/System.Data.OracleClient.1.0.7
[2026-09-03 09:38:03] [SUCCESS] 📂 Dossier cree : source/repos/Mol_Save_DataBase/packages/System.Security.AccessControl.5.0.0
[2026-09-03 09:38:05] [SUCCESS] 📂 Dossier cree : source/repos/Mol_Save_DataBase/packages/System.Security.Permissions.5.0.0
[2026-09-03 09:38:07] [SUCCESS] 📂 Dossier cree : source/repos/Mol_Save_DataBase/packages/System.Security.Principal.Windows.5.0.0
[2026-09-03 09:38:08] [SUCCESS] 📂 Dossier cree : source/repos/objectif/.vs/objectif
[2026-09-03 09:38:10] [SUCCESS] 📂 Dossier cree : source/repos/objectif/objectif/bin
[2026-09-03 09:38:12] [SUCCESS] 📂 Dossier cree : source/repos/objectif/objectif/obj
[2026-09-03 09:38:14] [SUCCESS] 📂 Dossier cree : source/repos/poc_hack_site/.vs/poc_hack_site
[2026-09-03 09:38:16] [SUCCESS] 📂 Dossier cree : source/repos/poc_hack_site/bin/Debug
[2026-09-03 09:38:18] [SUCCESS] 📂 Dossier cree : source/repos/poc_hack_site/obj/Debug
[2026-09-03 09:38:20] [SUCCESS] 📂 Dossier cree : source/repos/poc_watcher/.vs/poc_watcher
[2026-09-03 09:38:22] [SUCCESS] 📂 Dossier cree : source/repos/poc_watcher/bin/Debug
[2026-09-03 09:38:24] [SUCCESS] 📂 Dossier cree : source/repos/poc_watcher/obj/Debug
[2026-09-03 09:38:27] [SUCCESS] 📂 Dossier cree : source/repos/pokemonDiamant/.git/hooks
[2026-09-03 09:38:28] [SUCCESS] 📂 Dossier cree : source/repos/pokemonDiamant/.git/info
[2026-09-03 09:38:30] [SUCCESS] 📂 Dossier cree : source/repos/pokemonDiamant/.git/logs
[2026-09-03 09:38:32] [SUCCESS] 📂 Dossier cree : source/repos/pokemonDiamant/.git/objects
[2026-09-03 09:38:34] [SUCCESS] 📂 Dossier cree : source/repos/pokemonDiamant/.git/refs
[2026-09-03 09:38:36] [SUCCESS] 📂 Dossier cree : source/repos/pokemonDiamant/.github/workflows
[2026-09-03 09:38:38] [SUCCESS] 📂 Dossier cree : source/repos/pokemonDiamant/.vs/pokemonDiamant
[2026-09-03 09:38:40] [SUCCESS] 📂 Dossier cree : source/repos/pokemonDiamant/packages/Antlr.3.5.0.2
[2026-09-03 09:38:42] [SUCCESS] 📂 Dossier cree : source/repos/pokemonDiamant/packages/bootstrap.3.4.1
[2026-09-03 09:38:43] [SUCCESS] 📂 Dossier cree : source/repos/pokemonDiamant/packages/jQuery.3.4.1
[2026-09-03 09:38:45] [SUCCESS] 📂 Dossier cree : source/repos/pokemonDiamant/packages/jQuery.Validation.1.17.0
[2026-09-03 09:38:47] [SUCCESS] 📂 Dossier cree : source/repos/pokemonDiamant/packages/Microsoft.AspNet.Mvc.5.2.7
[2026-09-03 09:38:49] [SUCCESS] 📂 Dossier cree : source/repos/pokemonDiamant/packages/Microsoft.AspNet.Mvc.fr.5.2.7
[2026-09-03 09:38:51] [SUCCESS] 📂 Dossier cree : source/repos/pokemonDiamant/packages/Microsoft.AspNet.Razor.3.2.7
[2026-09-03 09:38:53] [SUCCESS] 📂 Dossier cree : source/repos/pokemonDiamant/packages/Microsoft.AspNet.Razor.fr.3.2.7
[2026-09-03 09:38:55] [SUCCESS] 📂 Dossier cree : source/repos/pokemonDiamant/packages/Microsoft.AspNet.Web.Optimization.1.1.3
[2026-09-03 09:38:56] [SUCCESS] 📂 Dossier cree : source/repos/pokemonDiamant/packages/Microsoft.AspNet.Web.Optimization.fr.1.1.3
[2026-09-03 09:38:58] [SUCCESS] 📂 Dossier cree : source/repos/pokemonDiamant/packages/Microsoft.AspNet.WebPages.3.2.7
[2026-09-03 09:39:00] [SUCCESS] 📂 Dossier cree : source/repos/pokemonDiamant/packages/Microsoft.AspNet.WebPages.fr.3.2.7
[2026-09-03 09:39:02] [SUCCESS] 📂 Dossier cree : source/repos/pokemonDiamant/packages/Microsoft.Bcl.AsyncInterfaces.6.0.0
[2026-09-03 09:39:04] [SUCCESS] 📂 Dossier cree : source/repos/pokemonDiamant/packages/Microsoft.CodeDom.Providers.DotNetCompilerPlatform.2.0.1
[2026-09-03 09:39:06] [SUCCESS] 📂 Dossier cree : source/repos/pokemonDiamant/packages/Microsoft.jQuery.Unobtrusive.Validation.3.2.11
[2026-09-03 09:39:08] [SUCCESS] 📂 Dossier cree : source/repos/pokemonDiamant/packages/Microsoft.Office.Interop.Word.15.0.4797.1004
[2026-09-03 09:39:10] [SUCCESS] 📂 Dossier cree : source/repos/pokemonDiamant/packages/Microsoft.SharePoint.Client.14.0.4762.1000
[2026-09-03 09:39:12] [SUCCESS] 📂 Dossier cree : source/repos/pokemonDiamant/packages/Microsoft.SharePointOnline.CSOM.16.1.23019.12000
[2026-09-03 09:39:14] [SUCCESS] 📂 Dossier cree : source/repos/pokemonDiamant/packages/Microsoft.Web.Infrastructure.1.0.0.0
[2026-09-03 09:39:15] [SUCCESS] 📂 Dossier cree : source/repos/pokemonDiamant/packages/Modernizr.2.8.3
[2026-09-03 09:39:17] [SUCCESS] 📂 Dossier cree : source/repos/pokemonDiamant/packages/MvcCheckBoxList.1.4.5
[2026-09-03 09:39:20] [SUCCESS] 📂 Dossier cree : source/repos/pokemonDiamant/packages/Newtonsoft.Json.12.0.2
[2026-09-03 09:39:22] [SUCCESS] 📂 Dossier cree : source/repos/pokemonDiamant/packages/Oracle.ManagedDataAccess.21.8.0
[2026-09-03 09:39:24] [SUCCESS] 📂 Dossier cree : source/repos/pokemonDiamant/packages/System.Buffers.4.5.1
[2026-09-03 09:39:26] [SUCCESS] 📂 Dossier cree : source/repos/pokemonDiamant/packages/System.IO.FileSystem.4.3.0
[2026-09-03 09:39:28] [SUCCESS] 📂 Dossier cree : source/repos/pokemonDiamant/packages/System.IO.FileSystem.Primitives.4.3.0
[2026-09-03 09:39:30] [SUCCESS] 📂 Dossier cree : source/repos/pokemonDiamant/packages/System.Memory.4.5.4
[2026-09-03 09:39:32] [SUCCESS] 📂 Dossier cree : source/repos/pokemonDiamant/packages/System.Numerics.Vectors.4.5.0
[2026-09-03 09:39:34] [SUCCESS] 📂 Dossier cree : source/repos/pokemonDiamant/packages/System.Runtime.CompilerServices.Unsafe.6.0.0
[2026-09-03 09:39:36] [SUCCESS] 📂 Dossier cree : source/repos/pokemonDiamant/packages/System.Text.Encodings.Web.6.0.0
[2026-09-03 09:39:38] [SUCCESS] 📂 Dossier cree : source/repos/pokemonDiamant/packages/System.Text.Json.6.0.0
[2026-09-03 09:39:40] [SUCCESS] 📂 Dossier cree : source/repos/pokemonDiamant/packages/System.Threading.Tasks.Extensions.4.5.4
[2026-09-03 09:39:42] [SUCCESS] 📂 Dossier cree : source/repos/pokemonDiamant/packages/System.ValueTuple.4.5.0
[2026-09-03 09:39:44] [SUCCESS] 📂 Dossier cree : source/repos/pokemonDiamant/packages/WebGrease.1.6.0
[2026-09-03 09:39:45] [SUCCESS] 📂 Dossier cree : source/repos/pokemonDiamant/pokemonDiamant/App_Data
[2026-09-03 09:39:47] [SUCCESS] 📂 Dossier cree : source/repos/pokemonDiamant/pokemonDiamant/App_Start
[2026-09-03 09:39:50] [SUCCESS] 📂 Dossier cree : source/repos/pokemonDiamant/pokemonDiamant/bin
[2026-09-03 09:39:52] [SUCCESS] 📂 Dossier cree : source/repos/pokemonDiamant/pokemonDiamant/Content
[2026-09-03 09:39:55] [SUCCESS] 📂 Dossier cree : source/repos/pokemonDiamant/pokemonDiamant/Controllers
[2026-09-03 09:39:56] [SUCCESS] 📂 Dossier cree : source/repos/pokemonDiamant/pokemonDiamant/fonts
[2026-09-03 09:39:58] [SUCCESS] 📂 Dossier cree : source/repos/pokemonDiamant/pokemonDiamant/Images
[2026-09-03 09:40:00] [SUCCESS] 📂 Dossier cree : source/repos/pokemonDiamant/pokemonDiamant/lib
[2026-09-03 09:40:02] [SUCCESS] 📂 Dossier cree : source/repos/pokemonDiamant/pokemonDiamant/Models
[2026-09-03 09:40:03] [SUCCESS] 📂 Dossier cree : source/repos/pokemonDiamant/pokemonDiamant/obj
[2026-09-03 09:40:05] [SUCCESS] 📂 Dossier cree : source/repos/pokemonDiamant/pokemonDiamant/Properties
[2026-09-03 09:40:07] [SUCCESS] 📂 Dossier cree : source/repos/pokemonDiamant/pokemonDiamant/Scripts
[2026-09-03 09:40:09] [SUCCESS] 📂 Dossier cree : source/repos/pokemonDiamant/pokemonDiamant/Temp
[2026-09-03 09:40:11] [SUCCESS] 📂 Dossier cree : source/repos/pokemonDiamant/pokemonDiamant/Views
[2026-09-03 09:40:14] [SUCCESS] 📂 Dossier cree : source/repos/pouky/.vs/pouky
[2026-09-03 09:40:16] [SUCCESS] 📂 Dossier cree : source/repos/pouky/packages/Antlr.3.5.0.2
[2026-09-03 09:40:18] [SUCCESS] 📂 Dossier cree : source/repos/pouky/packages/bootstrap.3.4.1
[2026-09-03 09:40:20] [SUCCESS] 📂 Dossier cree : source/repos/pouky/packages/jQuery.3.4.1
[2026-09-03 09:40:22] [SUCCESS] 📂 Dossier cree : source/repos/pouky/packages/jQuery.Validation.1.17.0
[2026-09-03 09:40:24] [SUCCESS] 📂 Dossier cree : source/repos/pouky/packages/Microsoft.AspNet.Mvc.5.2.7
[2026-09-03 09:40:26] [SUCCESS] 📂 Dossier cree : source/repos/pouky/packages/Microsoft.AspNet.Mvc.fr.5.2.7
[2026-09-03 09:40:28] [SUCCESS] 📂 Dossier cree : source/repos/pouky/packages/Microsoft.AspNet.Razor.3.2.7
[2026-09-03 09:40:34] [SUCCESS] 📂 Dossier cree : source/repos/pouky/packages/Microsoft.AspNet.Razor.fr.3.2.7
[2026-09-03 09:40:36] [SUCCESS] 📂 Dossier cree : source/repos/pouky/packages/Microsoft.AspNet.Web.Optimization.1.1.3
[2026-09-03 09:40:39] [SUCCESS] 📂 Dossier cree : source/repos/pouky/packages/Microsoft.AspNet.Web.Optimization.fr.1.1.3
[2026-09-03 09:40:41] [SUCCESS] 📂 Dossier cree : source/repos/pouky/packages/Microsoft.AspNet.WebPages.3.2.7
[2026-09-03 09:40:43] [SUCCESS] 📂 Dossier cree : source/repos/pouky/packages/Microsoft.AspNet.WebPages.fr.3.2.7
[2026-09-03 09:40:45] [SUCCESS] 📂 Dossier cree : source/repos/pouky/packages/Microsoft.Bcl.AsyncInterfaces.6.0.0
[2026-09-03 09:40:47] [SUCCESS] 📂 Dossier cree : source/repos/pouky/packages/Microsoft.CodeDom.Providers.DotNetCompilerPlatform.2.0.1
[2026-09-03 09:40:48] [SUCCESS] 📂 Dossier cree : source/repos/pouky/packages/Microsoft.jQuery.Unobtrusive.Validation.3.2.11
[2026-09-03 09:40:50] [SUCCESS] 📂 Dossier cree : source/repos/pouky/packages/Microsoft.SharePoint.Client.14.0.4762.1000
[2026-09-03 09:40:52] [SUCCESS] 📂 Dossier cree : source/repos/pouky/packages/Microsoft.SharePoint.Client.Online.CSOM.15.0.4919.1000
[2026-09-03 09:40:54] [SUCCESS] 📂 Dossier cree : source/repos/pouky/packages/Microsoft.Web.Infrastructure.1.0.0.0
[2026-09-03 09:40:55] [SUCCESS] 📂 Dossier cree : source/repos/pouky/packages/Modernizr.2.8.3
[2026-09-03 09:40:57] [SUCCESS] 📂 Dossier cree : source/repos/pouky/packages/MvcCheckBoxList.1.4.5
[2026-09-03 09:40:59] [SUCCESS] 📂 Dossier cree : source/repos/pouky/packages/Newtonsoft.Json.12.0.2
[2026-09-03 09:41:01] [SUCCESS] 📂 Dossier cree : source/repos/pouky/packages/Oracle.ManagedDataAccess.21.7.0
[2026-09-03 09:41:02] [SUCCESS] 📂 Dossier cree : source/repos/pouky/packages/SharePoint.15.0.0
[2026-09-03 09:41:04] [SUCCESS] 📂 Dossier cree : source/repos/pouky/packages/SharePoint.Client.Office.Tools.15.0.4907.1000
[2026-09-03 09:41:06] [SUCCESS] 📂 Dossier cree : source/repos/pouky/packages/System.Buffers.4.5.1
[2026-09-03 09:41:09] [SUCCESS] 📂 Dossier cree : source/repos/pouky/packages/System.Memory.4.5.4
[2026-09-03 09:41:11] [SUCCESS] 📂 Dossier cree : source/repos/pouky/packages/System.Numerics.Vectors.4.5.0
[2026-09-03 09:41:13] [SUCCESS] 📂 Dossier cree : source/repos/pouky/packages/System.Runtime.CompilerServices.Unsafe.6.0.0
[2026-09-03 09:41:15] [SUCCESS] 📂 Dossier cree : source/repos/pouky/packages/System.Text.Encodings.Web.6.0.0
[2026-09-03 09:41:17] [SUCCESS] 📂 Dossier cree : source/repos/pouky/packages/System.Text.Json.6.0.0
[2026-09-03 09:41:23] [SUCCESS] 📂 Dossier cree : source/repos/pouky/packages/System.Threading.Tasks.Extensions.4.5.4
[2026-09-03 09:41:25] [SUCCESS] 📂 Dossier cree : source/repos/pouky/packages/System.ValueTuple.4.5.0
[2026-09-03 09:41:27] [SUCCESS] 📂 Dossier cree : source/repos/pouky/packages/WebGrease.1.6.0
[2026-09-03 09:41:29] [SUCCESS] 📂 Dossier cree : source/repos/pouky/pouky/App_Data
[2026-09-03 09:41:31] [SUCCESS] 📂 Dossier cree : source/repos/pouky/pouky/App_Start
[2026-09-03 09:41:33] [SUCCESS] 📂 Dossier cree : source/repos/pouky/pouky/bin
[2026-09-03 09:41:35] [SUCCESS] 📂 Dossier cree : source/repos/pouky/pouky/Content
[2026-09-03 09:41:36] [SUCCESS] 📂 Dossier cree : source/repos/pouky/pouky/Controllers
[2026-09-03 09:41:39] [SUCCESS] 📂 Dossier cree : source/repos/pouky/pouky/fonts
[2026-09-03 09:41:41] [SUCCESS] 📂 Dossier cree : source/repos/pouky/pouky/Models
[2026-09-03 09:41:43] [SUCCESS] 📂 Dossier cree : source/repos/pouky/pouky/obj
[2026-09-03 09:41:45] [SUCCESS] 📂 Dossier cree : source/repos/pouky/pouky/Properties
[2026-09-03 09:41:47] [SUCCESS] 📂 Dossier cree : source/repos/pouky/pouky/Scripts
[2026-09-03 09:41:49] [SUCCESS] 📂 Dossier cree : source/repos/pouky/pouky/Views
[2026-09-03 09:41:51] [SUCCESS] 📂 Dossier cree : source/repos/poukymon/.vs/poukymon
[2026-09-03 09:41:54] [SUCCESS] 📂 Dossier cree : source/repos/poukymon/packages/Antlr.3.5.0.2
[2026-09-03 09:41:55] [SUCCESS] 📂 Dossier cree : source/repos/poukymon/packages/bootstrap.3.4.1
[2026-09-03 09:41:57] [SUCCESS] 📂 Dossier cree : source/repos/poukymon/packages/bootstrap.5.2.2
[2026-09-03 09:41:59] [SUCCESS] 📂 Dossier cree : source/repos/poukymon/packages/jQuery.3.4.1
[2026-09-03 09:42:01] [SUCCESS] 📂 Dossier cree : source/repos/poukymon/packages/jQuery.Validation.1.17.0
[2026-09-03 09:42:03] [SUCCESS] 📂 Dossier cree : source/repos/poukymon/packages/Microsoft.AspNet.Mvc.5.2.7
[2026-09-03 09:42:05] [SUCCESS] 📂 Dossier cree : source/repos/poukymon/packages/Microsoft.AspNet.Mvc.fr.5.2.7
[2026-09-03 09:42:06] [SUCCESS] 📂 Dossier cree : source/repos/poukymon/packages/Microsoft.AspNet.Razor.3.2.7
[2026-09-03 09:42:08] [SUCCESS] 📂 Dossier cree : source/repos/poukymon/packages/Microsoft.AspNet.Razor.fr.3.2.7
[2026-09-03 09:42:10] [SUCCESS] 📂 Dossier cree : source/repos/poukymon/packages/Microsoft.AspNet.Web.Optimization.1.1.3
[2026-09-03 09:42:12] [SUCCESS] 📂 Dossier cree : source/repos/poukymon/packages/Microsoft.AspNet.Web.Optimization.fr.1.1.3
[2026-09-03 09:42:18] [SUCCESS] 📂 Dossier cree : source/repos/poukymon/packages/Microsoft.AspNet.WebPages.3.2.7
[2026-09-03 09:42:20] [SUCCESS] 📂 Dossier cree : source/repos/poukymon/packages/Microsoft.AspNet.WebPages.fr.3.2.7
[2026-09-03 09:42:23] [SUCCESS] 📂 Dossier cree : source/repos/poukymon/packages/Microsoft.Bcl.AsyncInterfaces.6.0.0
[2026-09-03 09:42:24] [SUCCESS] 📂 Dossier cree : source/repos/poukymon/packages/Microsoft.CodeDom.Providers.DotNetCompilerPlatform.2.0.1
[2026-09-03 09:42:27] [SUCCESS] 📂 Dossier cree : source/repos/poukymon/packages/Microsoft.jQuery.Unobtrusive.Validation.3.2.11
[2026-09-03 09:42:29] [SUCCESS] 📂 Dossier cree : source/repos/poukymon/packages/Microsoft.Office.Interop.Word.15.0.4797.1004
[2026-09-03 09:42:31] [SUCCESS] 📂 Dossier cree : source/repos/poukymon/packages/Microsoft.SharePoint.Client.14.0.4762.1000
[2026-09-03 09:42:33] [SUCCESS] 📂 Dossier cree : source/repos/poukymon/packages/Microsoft.SharePointOnline.CSOM.16.1.23019.12000
[2026-09-03 09:42:35] [SUCCESS] 📂 Dossier cree : source/repos/poukymon/packages/Microsoft.Web.Infrastructure.1.0.0.0
[2026-09-03 09:42:36] [SUCCESS] 📂 Dossier cree : source/repos/poukymon/packages/Modernizr.2.8.3
[2026-09-03 09:42:39] [SUCCESS] 📂 Dossier cree : source/repos/poukymon/packages/MvcCheckBoxList.1.4.5
[2026-09-03 09:42:40] [SUCCESS] 📂 Dossier cree : source/repos/poukymon/packages/Newtonsoft.Json.12.0.2
[2026-09-03 09:42:43] [SUCCESS] 📂 Dossier cree : source/repos/poukymon/packages/Oracle.ManagedDataAccess.21.8.0
[2026-09-03 09:42:45] [SUCCESS] 📂 Dossier cree : source/repos/poukymon/packages/System.Buffers.4.5.1
[2026-09-03 09:42:47] [SUCCESS] 📂 Dossier cree : source/repos/poukymon/packages/System.Memory.4.5.4
[2026-09-03 09:42:49] [SUCCESS] 📂 Dossier cree : source/repos/poukymon/packages/System.Numerics.Vectors.4.5.0
[2026-09-03 09:42:50] [SUCCESS] 📂 Dossier cree : source/repos/poukymon/packages/System.Runtime.CompilerServices.Unsafe.6.0.0
[2026-09-03 09:42:52] [SUCCESS] 📂 Dossier cree : source/repos/poukymon/packages/System.Text.Encodings.Web.6.0.0
[2026-09-03 09:42:54] [SUCCESS] 📂 Dossier cree : source/repos/poukymon/packages/System.Text.Json.6.0.0
[2026-09-03 09:42:56] [SUCCESS] 📂 Dossier cree : source/repos/poukymon/packages/System.Threading.Tasks.Extensions.4.5.4
[2026-09-03 09:42:58] [SUCCESS] 📂 Dossier cree : source/repos/poukymon/packages/System.ValueTuple.4.5.0
[2026-09-03 09:43:00] [SUCCESS] 📂 Dossier cree : source/repos/poukymon/packages/WebGrease.1.6.0
[2026-09-03 09:43:01] [SUCCESS] 📂 Dossier cree : source/repos/poukymon/poukymon/App_Data
[2026-09-03 09:43:03] [SUCCESS] 📂 Dossier cree : source/repos/poukymon/poukymon/App_Start
[2026-09-03 09:43:05] [SUCCESS] 📂 Dossier cree : source/repos/poukymon/poukymon/bin
[2026-09-03 09:43:07] [SUCCESS] 📂 Dossier cree : source/repos/poukymon/poukymon/Content
[2026-09-03 09:43:09] [SUCCESS] 📂 Dossier cree : source/repos/poukymon/poukymon/Controllers
[2026-09-03 09:43:10] [SUCCESS] 📂 Dossier cree : source/repos/poukymon/poukymon/Images
[2026-09-03 09:43:12] [SUCCESS] 📂 Dossier cree : source/repos/poukymon/poukymon/lib
[2026-09-03 09:43:13] [SUCCESS] 📂 Dossier cree : source/repos/poukymon/poukymon/Models
[2026-09-03 09:43:15] [SUCCESS] 📂 Dossier cree : source/repos/poukymon/poukymon/obj
[2026-09-03 09:43:17] [SUCCESS] 📂 Dossier cree : source/repos/poukymon/poukymon/Properties
[2026-09-03 09:43:19] [SUCCESS] 📂 Dossier cree : source/repos/poukymon/poukymon/Scripts
[2026-09-03 09:43:21] [SUCCESS] 📂 Dossier cree : source/repos/poukymon/poukymon/Temp
[2026-09-03 09:43:23] [SUCCESS] 📂 Dossier cree : source/repos/poukymon/poukymon/Views
[2026-09-03 09:43:25] [SUCCESS] 📂 Dossier cree : source/repos/rattrapage SM2204/.vs/rattrapage SM2204
[2026-09-03 09:43:27] [SUCCESS] 📂 Dossier cree : source/repos/rattrapage SM2204/rattrapage SM2204/bin
[2026-09-03 09:43:29] [SUCCESS] 📂 Dossier cree : source/repos/rattrapage SM2204/rattrapage SM2204/obj
[2026-09-03 09:43:31] [SUCCESS] 📂 Dossier cree : source/repos/rattrapage_BIM_POC/.vs/rattrapage_BIM_POC
[2026-09-03 09:43:33] [SUCCESS] 📂 Dossier cree : source/repos/rattrapage_BIM_POC/rattrapage_BIM_POC/bin
[2026-09-03 09:43:35] [SUCCESS] 📂 Dossier cree : source/repos/rattrapage_BIM_POC/rattrapage_BIM_POC/obj
[2026-09-03 09:43:37] [SUCCESS] 📂 Dossier cree : source/repos/SF_VIEWER_AO_SIM/.git/hooks
[2026-09-03 09:43:39] [SUCCESS] 📂 Dossier cree : source/repos/SF_VIEWER_AO_SIM/.git/info
[2026-09-03 09:43:40] [SUCCESS] 📂 Dossier cree : source/repos/SF_VIEWER_AO_SIM/.git/logs
[2026-09-03 09:43:42] [SUCCESS] 📂 Dossier cree : source/repos/SF_VIEWER_AO_SIM/.git/objects
[2026-09-03 09:43:44] [SUCCESS] 📂 Dossier cree : source/repos/SF_VIEWER_AO_SIM/.git/refs
[2026-09-03 09:43:46] [SUCCESS] 📂 Dossier cree : source/repos/SF_VIEWER_AO_SIM/.github/workflows
[2026-09-03 09:43:48] [SUCCESS] 📂 Dossier cree : source/repos/SF_VIEWER_AO_SIM/.vs/sd
[2026-09-03 09:43:50] [SUCCESS] 📂 Dossier cree : source/repos/SF_VIEWER_AO_SIM/.vs/SF_VIEWER_AO_SIM
[2026-09-03 09:43:51] [SUCCESS] 📂 Dossier cree : source/repos/SF_VIEWER_AO_SIM/packages/Antlr.3.5.0.2
[2026-09-03 09:43:54] [SUCCESS] 📂 Dossier cree : source/repos/SF_VIEWER_AO_SIM/packages/AspNet.ScriptManager.bootstrap.3.4.1
[2026-09-03 09:43:56] [SUCCESS] 📂 Dossier cree : source/repos/SF_VIEWER_AO_SIM/packages/AspNet.ScriptManager.jQuery.3.4.1
[2026-09-03 09:43:57] [SUCCESS] 📂 Dossier cree : source/repos/SF_VIEWER_AO_SIM/packages/bootstrap.3.4.1
[2026-09-03 09:43:59] [SUCCESS] 📂 Dossier cree : source/repos/SF_VIEWER_AO_SIM/packages/jQuery.3.4.1
[2026-09-03 09:44:01] [SUCCESS] 📂 Dossier cree : source/repos/SF_VIEWER_AO_SIM/packages/Microsoft.AspNet.FriendlyUrls.1.0.2
[2026-09-03 09:44:03] [SUCCESS] 📂 Dossier cree : source/repos/SF_VIEWER_AO_SIM/packages/Microsoft.AspNet.FriendlyUrls.Core.1.0.2
[2026-09-03 09:44:05] [SUCCESS] 📂 Dossier cree : source/repos/SF_VIEWER_AO_SIM/packages/Microsoft.AspNet.FriendlyUrls.Core.fr.1.0.2
[2026-09-03 09:44:07] [SUCCESS] 📂 Dossier cree : source/repos/SF_VIEWER_AO_SIM/packages/Microsoft.AspNet.ScriptManager.MSAjax.5.0.0
[2026-09-03 09:44:09] [SUCCESS] 📂 Dossier cree : source/repos/SF_VIEWER_AO_SIM/packages/Microsoft.AspNet.ScriptManager.WebForms.5.0.0
[2026-09-03 09:44:10] [SUCCESS] 📂 Dossier cree : source/repos/SF_VIEWER_AO_SIM/packages/Microsoft.AspNet.Web.Optimization.1.1.3
[2026-09-03 09:44:12] [SUCCESS] 📂 Dossier cree : source/repos/SF_VIEWER_AO_SIM/packages/Microsoft.AspNet.Web.Optimization.fr.1.1.3
[2026-09-03 09:44:15] [SUCCESS] 📂 Dossier cree : source/repos/SF_VIEWER_AO_SIM/packages/Microsoft.AspNet.Web.Optimization.WebForms.1.1.3
[2026-09-03 09:44:16] [SUCCESS] 📂 Dossier cree : source/repos/SF_VIEWER_AO_SIM/packages/Microsoft.Bcl.AsyncInterfaces.6.0.0
[2026-09-03 09:44:18] [SUCCESS] 📂 Dossier cree : source/repos/SF_VIEWER_AO_SIM/packages/Microsoft.CodeDom.Providers.DotNetCompilerPlatform.2.0.1
[2026-09-03 09:44:20] [SUCCESS] 📂 Dossier cree : source/repos/SF_VIEWER_AO_SIM/packages/Microsoft.Web.Infrastructure.1.0.0.0
[2026-09-03 09:44:22] [SUCCESS] 📂 Dossier cree : source/repos/SF_VIEWER_AO_SIM/packages/Modernizr.2.8.3
[2026-09-03 09:44:23] [SUCCESS] 📂 Dossier cree : source/repos/SF_VIEWER_AO_SIM/packages/Newtonsoft.Json.12.0.2
[2026-09-03 09:44:25] [SUCCESS] 📂 Dossier cree : source/repos/SF_VIEWER_AO_SIM/packages/Oracle.ManagedDataAccess.21.9.0
[2026-09-03 09:44:27] [SUCCESS] 📂 Dossier cree : source/repos/SF_VIEWER_AO_SIM/packages/System.Buffers.4.5.1
[2026-09-03 09:44:29] [SUCCESS] 📂 Dossier cree : source/repos/SF_VIEWER_AO_SIM/packages/System.Memory.4.5.4
[2026-09-03 09:44:31] [SUCCESS] 📂 Dossier cree : source/repos/SF_VIEWER_AO_SIM/packages/System.Numerics.Vectors.4.5.0
[2026-09-03 09:44:33] [SUCCESS] 📂 Dossier cree : source/repos/SF_VIEWER_AO_SIM/packages/System.Runtime.CompilerServices.Unsafe.6.0.0
[2026-09-03 09:44:36] [SUCCESS] 📂 Dossier cree : source/repos/SF_VIEWER_AO_SIM/packages/System.Text.Encodings.Web.6.0.0
[2026-09-03 09:44:38] [SUCCESS] 📂 Dossier cree : source/repos/SF_VIEWER_AO_SIM/packages/System.Text.Json.6.0.0
[2026-09-03 09:44:40] [SUCCESS] 📂 Dossier cree : source/repos/SF_VIEWER_AO_SIM/packages/System.Threading.Tasks.Extensions.4.5.4
[2026-09-03 09:44:42] [SUCCESS] 📂 Dossier cree : source/repos/SF_VIEWER_AO_SIM/packages/System.ValueTuple.4.5.0
[2026-09-03 09:44:44] [SUCCESS] 📂 Dossier cree : source/repos/SF_VIEWER_AO_SIM/packages/WebGrease.1.6.0
[2026-09-03 09:44:45] [SUCCESS] 📂 Dossier cree : source/repos/SF_VIEWER_AO_SIM/SF_VIEWER_AO_SIM/App_Start
[2026-09-03 09:44:47] [SUCCESS] 📂 Dossier cree : source/repos/SF_VIEWER_AO_SIM/SF_VIEWER_AO_SIM/bin
[2026-09-03 09:44:49] [SUCCESS] 📂 Dossier cree : source/repos/SF_VIEWER_AO_SIM/SF_VIEWER_AO_SIM/Content
[2026-09-03 09:44:51] [SUCCESS] 📂 Dossier cree : source/repos/SF_VIEWER_AO_SIM/SF_VIEWER_AO_SIM/fonts
[2026-09-03 09:44:53] [SUCCESS] 📂 Dossier cree : source/repos/SF_VIEWER_AO_SIM/SF_VIEWER_AO_SIM/obj
[2026-09-03 09:44:55] [SUCCESS] 📂 Dossier cree : source/repos/SF_VIEWER_AO_SIM/SF_VIEWER_AO_SIM/Properties
[2026-09-03 09:44:57] [SUCCESS] 📂 Dossier cree : source/repos/SF_VIEWER_AO_SIM/SF_VIEWER_AO_SIM/Scripts
[2026-09-03 09:45:00] [SUCCESS] 📂 Dossier cree : source/repos/srv_listener_folder/.git/hooks
[2026-09-03 09:45:02] [SUCCESS] 📂 Dossier cree : source/repos/srv_listener_folder/.git/info
[2026-09-03 09:45:04] [SUCCESS] 📂 Dossier cree : source/repos/srv_listener_folder/.git/logs
[2026-09-03 09:45:06] [SUCCESS] 📂 Dossier cree : source/repos/srv_listener_folder/.git/objects
[2026-09-03 09:45:08] [SUCCESS] 📂 Dossier cree : source/repos/srv_listener_folder/.git/refs
[2026-09-03 09:45:09] [SUCCESS] 📂 Dossier cree : source/repos/srv_listener_folder/.vs/srv_listener_folder
[2026-09-03 09:45:11] [SUCCESS] 📂 Dossier cree : source/repos/srv_listener_folder/ConsoleApp1/bin
[2026-09-03 09:45:13] [SUCCESS] 📂 Dossier cree : source/repos/srv_listener_folder/ConsoleApp1/obj
[2026-09-03 09:45:15] [SUCCESS] 📂 Dossier cree : source/repos/srv_listener_folder/ConsoleApp1/Properties
[2026-09-03 09:45:17] [SUCCESS] 📂 Dossier cree : source/repos/srv_listener_folder/ConsoleApp2/bin
[2026-09-03 09:45:19] [SUCCESS] 📂 Dossier cree : source/repos/srv_listener_folder/ConsoleApp2/obj
[2026-09-03 09:45:20] [SUCCESS] 📂 Dossier cree : source/repos/srv_listener_folder/ConsoleApp2/Properties
[2026-09-03 09:45:23] [SUCCESS] 📂 Dossier cree : source/repos/srv_listener_folder/createXMLFromDoc/bin
[2026-09-03 09:45:25] [SUCCESS] 📂 Dossier cree : source/repos/srv_listener_folder/createXMLFromDoc/obj
[2026-09-03 09:45:27] [SUCCESS] 📂 Dossier cree : source/repos/srv_listener_folder/createXMLFromDoc/Properties
[2026-09-03 09:45:30] [SUCCESS] 📂 Dossier cree : source/repos/srv_listener_folder/packages/log4net.2.0.15
[2026-09-03 09:45:33] [SUCCESS] 📂 Dossier cree : source/repos/srv_listener_folder/packages/Microsoft.Bcl.AsyncInterfaces.6.0.0
[2026-09-03 09:45:35] [SUCCESS] 📂 Dossier cree : source/repos/srv_listener_folder/packages/Microsoft.Office.Interop.Word.15.0.4797.1004
[2026-09-03 09:45:37] [SUCCESS] 📂 Dossier cree : source/repos/srv_listener_folder/packages/Microsoft.SharePoint.Client.14.0.4762.1000
[2026-09-03 09:45:39] [SUCCESS] 📂 Dossier cree : source/repos/srv_listener_folder/packages/Microsoft.SharePointOnline.CSOM.16.1.23019.12000
[2026-09-03 09:45:41] [SUCCESS] 📂 Dossier cree : source/repos/srv_listener_folder/packages/Oracle.ManagedDataAccess.21.8.0
[2026-09-03 09:45:43] [SUCCESS] 📂 Dossier cree : source/repos/srv_listener_folder/packages/System.Buffers.4.5.1
[2026-09-03 09:45:45] [SUCCESS] 📂 Dossier cree : source/repos/srv_listener_folder/packages/System.Configuration.ConfigurationManager.7.0.0
[2026-09-03 09:45:47] [SUCCESS] 📂 Dossier cree : source/repos/srv_listener_folder/packages/System.Memory.4.5.4
[2026-09-03 09:45:49] [SUCCESS] 📂 Dossier cree : source/repos/srv_listener_folder/packages/System.Numerics.Vectors.4.5.0
[2026-09-03 09:45:51] [SUCCESS] 📂 Dossier cree : source/repos/srv_listener_folder/packages/System.Runtime.CompilerServices.Unsafe.6.0.0
[2026-09-03 09:45:53] [SUCCESS] 📂 Dossier cree : source/repos/srv_listener_folder/packages/System.Security.AccessControl.6.0.0
[2026-09-03 09:45:55] [SUCCESS] 📂 Dossier cree : source/repos/srv_listener_folder/packages/System.Security.Permissions.7.0.0
[2026-09-03 09:45:58] [SUCCESS] 📂 Dossier cree : source/repos/srv_listener_folder/packages/System.Security.Principal.Windows.5.0.0
[2026-09-03 09:46:00] [SUCCESS] 📂 Dossier cree : source/repos/srv_listener_folder/packages/System.Text.Encodings.Web.6.0.0
[2026-09-03 09:46:01] [SUCCESS] 📂 Dossier cree : source/repos/srv_listener_folder/packages/System.Text.Json.6.0.0
[2026-09-03 09:46:04] [SUCCESS] 📂 Dossier cree : source/repos/srv_listener_folder/packages/System.Threading.Tasks.Extensions.4.5.4
[2026-09-03 09:46:06] [SUCCESS] 📂 Dossier cree : source/repos/srv_listener_folder/packages/System.ValueTuple.4.5.0
[2026-09-03 09:46:08] [SUCCESS] 📂 Dossier cree : source/repos/srv_listener_folder/SF_VIEWER_AO_SIM/.git
[2026-09-03 09:46:10] [SUCCESS] 📂 Dossier cree : source/repos/srv_listener_folder/SF_VIEWER_AO_SIM/.vs
[2026-09-03 09:46:12] [SUCCESS] 📂 Dossier cree : source/repos/srv_listener_folder/SF_VIEWER_AO_SIM/packages
[2026-09-03 09:46:14] [SUCCESS] 📂 Dossier cree : source/repos/srv_listener_folder/SF_VIEWER_AO_SIM/SF_VIEWER_AO_SIM
[2026-09-03 09:46:16] [SUCCESS] 📂 Dossier cree : source/repos/srv_listener_folder/srv_listener_folder/bin
[2026-09-03 09:46:18] [SUCCESS] 📂 Dossier cree : source/repos/srv_listener_folder/srv_listener_folder/obj
[2026-09-03 09:46:21] [SUCCESS] 📂 Dossier cree : source/repos/srv_listener_folder/srv_listener_folder/Properties
[2026-09-03 09:46:22] [SUCCESS] 📂 Dossier cree : source/repos/srv_listener_folder/srv_listener_folder/publish
[2026-09-03 09:46:24] [SUCCESS] 📂 Dossier cree : Bureau/livraisonKPI 20250428/Nouveau dossier/livrable KPI securite/app.publish/Application Files
[2026-09-03 09:46:26] [SUCCESS] 📂 Dossier cree : Bureau/livraisonKPI 20250428/Nouveau dossier/livrable KPI securite/runtimes/linux
[2026-09-03 09:46:28] [SUCCESS] 📂 Dossier cree : Bureau/livraisonKPI 20250428/Nouveau dossier/livrable KPI securite/runtimes/osx
[2026-09-03 09:46:30] [SUCCESS] 📂 Dossier cree : Bureau/livraisonKPI 20250428/Nouveau dossier/livrable KPI securite/runtimes/win
[2026-09-03 09:46:33] [SUCCESS] 📂 Dossier cree : Bureau/mep 20250129/API_SIM_SF/runtimes/linux/lib
[2026-09-03 09:46:35] [SUCCESS] 📂 Dossier cree : Bureau/mep 20250129/API_SIM_SF/runtimes/osx/lib
[2026-09-03 09:46:37] [SUCCESS] 📂 Dossier cree : Bureau/mep 20250129/API_SIM_SF/runtimes/unix/lib
[2026-09-03 09:46:39] [SUCCESS] 📂 Dossier cree : Bureau/mep 20250129/API_SIM_SF/runtimes/win/lib
[2026-09-03 09:46:41] [SUCCESS] 📂 Dossier cree : Documents/Nouveau dossier (2)/srv_listener_folder/.vs/srv_listener_folder/v16
[2026-09-03 09:46:42] [SUCCESS] 📂 Dossier cree : Documents/Nouveau dossier (2)/srv_listener_folder/obj/Debug/TempPE
[2026-09-03 09:46:45] [SUCCESS] 📂 Dossier cree : Documents/Nouveau dossier (2)/srv_listener_folder/packages/Microsoft.Office.Interop.Word.15.0.4797.1004/lib
[2026-09-03 09:46:47] [SUCCESS] 📂 Dossier cree : Documents/PowerShell/Modules/PnP.PowerShell/3.1.0/Common
[2026-09-03 09:46:48] [SUCCESS] 📂 Dossier cree : Documents/PowerShell/Modules/PnP.PowerShell/3.1.0/Core
[2026-09-03 09:46:50] [SUCCESS] 📂 Dossier cree : Documents/PowerShell/Modules/PnP.PowerShell/3.1.0/Framework
[2026-09-03 09:46:52] [SUCCESS] 📂 Dossier cree : Documents/WindowsPowerShell/Modules/PnP.PowerShell/3.1.0/Common
[2026-09-03 09:46:53] [SUCCESS] 📂 Dossier cree : Documents/WindowsPowerShell/Modules/PnP.PowerShell/3.1.0/Core
[2026-09-03 09:46:55] [SUCCESS] 📂 Dossier cree : Documents/WindowsPowerShell/Modules/PnP.PowerShell/3.1.0/Framework
[2026-09-03 09:46:57] [SUCCESS] 📂 Dossier cree : source/repos/Ali/.vs/Ali/v16
[2026-09-03 09:46:59] [SUCCESS] 📂 Dossier cree : source/repos/Ali/.vs/Ali/v17
[2026-09-03 09:47:02] [SUCCESS] 📂 Dossier cree : source/repos/Ali/Ali/bin/Debug
[2026-09-03 09:47:04] [SUCCESS] 📂 Dossier cree : source/repos/Ali/Ali/obj/Debug
[2026-09-03 09:47:06] [SUCCESS] 📂 Dossier cree : source/repos/Api_SIM--SF/ApiSIM--SF/.git/hooks
[2026-09-03 09:47:08] [SUCCESS] 📂 Dossier cree : source/repos/Api_SIM--SF/ApiSIM--SF/.git/info
[2026-09-03 09:47:10] [SUCCESS] 📂 Dossier cree : source/repos/Api_SIM--SF/ApiSIM--SF/.git/logs
[2026-09-03 09:47:12] [SUCCESS] 📂 Dossier cree : source/repos/Api_SIM--SF/ApiSIM--SF/.git/objects
[2026-09-03 09:47:13] [SUCCESS] 📂 Dossier cree : source/repos/Api_SIM--SF/ApiSIM--SF/.git/refs
[2026-09-03 09:47:15] [SUCCESS] 📂 Dossier cree : source/repos/Api_SIM--SF/ApiSIM--SF/.github/workflows
[2026-09-03 09:47:17] [SUCCESS] 📂 Dossier cree : source/repos/Api_SIM--SF/ApiSIM--SF/.vs/Api_Bim--SF
[2026-09-03 09:47:19] [SUCCESS] 📂 Dossier cree : source/repos/Api_SIM--SF/ApiSIM--SF/.vs/Api_Bim--SF_Test__07-10
[2026-09-03 09:47:21] [SUCCESS] 📂 Dossier cree : source/repos/Api_SIM--SF/ApiSIM--SF/.vs/ApiSIM--SF
[2026-09-03 09:47:23] [SUCCESS] 📂 Dossier cree : source/repos/Api_SIM--SF/ApiSIM--SF/.vs/ProjectEvaluation
[2026-09-03 09:47:25] [SUCCESS] 📂 Dossier cree : source/repos/Api_SIM--SF/ApiSIM--SF/.vs/sd
[2026-09-03 09:47:27] [SUCCESS] 📂 Dossier cree : source/repos/Api_SIM--SF/ApiSIM--SF/.vs/WebApplicationTest__07-10
[2026-09-03 09:47:29] [SUCCESS] 📂 Dossier cree : source/repos/Api_SIM--SF/ApiSIM--SF/bin/Debug
[2026-09-03 09:47:31] [SUCCESS] 📂 Dossier cree : source/repos/Api_SIM--SF/ApiSIM--SF/bin/Release
[2026-09-03 09:47:32] [SUCCESS] 📂 Dossier cree : source/repos/Api_SIM--SF/ApiSIM--SF/obj/Debug
[2026-09-03 09:47:34] [SUCCESS] 📂 Dossier cree : source/repos/Api_SIM--SF/ApiSIM--SF/obj/Release
[2026-09-03 09:47:36] [SUCCESS] 📂 Dossier cree : source/repos/BIM.SIM_DW.ImportABO/.vs/BIM.SIM_DW.ImportABO/v16
[2026-09-03 09:47:38] [SUCCESS] 📂 Dossier cree : source/repos/BIM_SF/.git/logs/refs
[2026-09-03 09:47:40] [SUCCESS] 📂 Dossier cree : source/repos/BIM_SF/.git/objects/01
[2026-09-03 09:47:42] [SUCCESS] 📂 Dossier cree : source/repos/BIM_SF/.git/objects/0b
[2026-09-03 09:47:43] [SUCCESS] 📂 Dossier cree : source/repos/BIM_SF/.git/objects/10
[2026-09-03 09:47:45] [SUCCESS] 📂 Dossier cree : source/repos/BIM_SF/.git/objects/12
[2026-09-03 09:47:47] [SUCCESS] 📂 Dossier cree : source/repos/BIM_SF/.git/objects/1f
[2026-09-03 09:47:48] [SUCCESS] 📂 Dossier cree : source/repos/BIM_SF/.git/objects/28
[2026-09-03 09:47:50] [SUCCESS] 📂 Dossier cree : source/repos/BIM_SF/.git/objects/53
[2026-09-03 09:47:51] [SUCCESS] 📂 Dossier cree : source/repos/BIM_SF/.git/objects/65
[2026-09-03 09:47:53] [SUCCESS] 📂 Dossier cree : source/repos/BIM_SF/.git/objects/76
[2026-09-03 09:47:54] [SUCCESS] 📂 Dossier cree : source/repos/BIM_SF/.git/objects/88
[2026-09-03 09:47:56] [SUCCESS] 📂 Dossier cree : source/repos/BIM_SF/.git/objects/93
[2026-09-03 09:47:58] [SUCCESS] 📂 Dossier cree : source/repos/BIM_SF/.git/objects/94
[2026-09-03 09:47:59] [SUCCESS] 📂 Dossier cree : source/repos/BIM_SF/.git/objects/95
[2026-09-03 09:48:01] [SUCCESS] 📂 Dossier cree : source/repos/BIM_SF/.git/objects/98
[2026-09-03 09:48:02] [SUCCESS] 📂 Dossier cree : source/repos/BIM_SF/.git/objects/9d
[2026-09-03 09:48:04] [SUCCESS] 📂 Dossier cree : source/repos/BIM_SF/.git/objects/a1
[2026-09-03 09:48:05] [SUCCESS] 📂 Dossier cree : source/repos/BIM_SF/.git/objects/a4
[2026-09-03 09:48:07] [SUCCESS] 📂 Dossier cree : source/repos/BIM_SF/.git/objects/a9
[2026-09-03 09:48:09] [SUCCESS] 📂 Dossier cree : source/repos/BIM_SF/.git/objects/ab
[2026-09-03 09:48:10] [SUCCESS] 📂 Dossier cree : source/repos/BIM_SF/.git/objects/b1
[2026-09-03 09:48:12] [SUCCESS] 📂 Dossier cree : source/repos/BIM_SF/.git/objects/b7
[2026-09-03 09:48:13] [SUCCESS] 📂 Dossier cree : source/repos/BIM_SF/.git/objects/ba
[2026-09-03 09:48:15] [SUCCESS] 📂 Dossier cree : source/repos/BIM_SF/.git/objects/bb
[2026-09-03 09:48:16] [SUCCESS] 📂 Dossier cree : source/repos/BIM_SF/.git/objects/bd
[2026-09-03 09:48:18] [SUCCESS] 📂 Dossier cree : source/repos/BIM_SF/.git/objects/be
[2026-09-03 09:48:22] [SUCCESS] 📂 Dossier cree : source/repos/BIM_SF/.git/objects/c8
[2026-09-03 09:48:23] [SUCCESS] 📂 Dossier cree : source/repos/BIM_SF/.git/objects/dd
[2026-09-03 09:48:25] [SUCCESS] 📂 Dossier cree : source/repos/BIM_SF/.git/objects/e6
[2026-09-03 09:48:26] [SUCCESS] 📂 Dossier cree : source/repos/BIM_SF/.git/objects/e8
[2026-09-03 09:48:28] [SUCCESS] 📂 Dossier cree : source/repos/BIM_SF/.git/objects/f0
[2026-09-03 09:48:29] [SUCCESS] 📂 Dossier cree : source/repos/BIM_SF/.git/objects/f2
[2026-09-03 09:48:31] [SUCCESS] 📂 Dossier cree : source/repos/BIM_SF/.git/objects/f6
[2026-09-03 09:48:33] [SUCCESS] 📂 Dossier cree : source/repos/BIM_SF/.git/objects/fd
[2026-09-03 09:48:34] [SUCCESS] 📂 Dossier cree : source/repos/BIM_SF/.git/objects/info
[2026-09-03 09:48:36] [SUCCESS] 📂 Dossier cree : source/repos/BIM_SF/.git/objects/pack
[2026-09-03 09:48:38] [SUCCESS] 📂 Dossier cree : source/repos/BIM_SF/.git/refs/heads
[2026-09-03 09:48:40] [SUCCESS] 📂 Dossier cree : source/repos/BIM_SF/.git/refs/remotes
[2026-09-03 09:48:42] [SUCCESS] 📂 Dossier cree : source/repos/BIM_SF/.git/refs/tags
[2026-09-03 09:48:44] [SUCCESS] 📂 Dossier cree : source/repos/BIM_SF/.vs/BIM_SF/v16
[2026-09-03 09:48:45] [SUCCESS] 📂 Dossier cree : source/repos/BIM_SF/.vs/BIM_SF/v17
[2026-09-03 09:48:47] [SUCCESS] 📂 Dossier cree : source/repos/BIM_SF/BIM_SF/bin/Development
[2026-09-03 09:48:49] [SUCCESS] 📂 Dossier cree : source/repos/BIM_SF/BIM_SF/obj/Development
[2026-09-03 09:48:50] [SUCCESS] 📂 Dossier cree : source/repos/BIM_SSIS - Copie (2)/.git/logs/refs
[2026-09-03 09:48:52] [SUCCESS] 📂 Dossier cree : source/repos/BIM_SSIS - Copie (2)/.git/objects/00
[2026-09-03 09:48:54] [SUCCESS] 📂 Dossier cree : source/repos/BIM_SSIS - Copie (2)/.git/objects/01
[2026-09-03 09:48:56] [SUCCESS] 📂 Dossier cree : source/repos/BIM_SSIS - Copie (2)/.git/objects/04
[2026-09-03 09:48:57] [SUCCESS] 📂 Dossier cree : source/repos/BIM_SSIS - Copie (2)/.git/objects/0c
[2026-09-03 09:48:59] [SUCCESS] 📂 Dossier cree : source/repos/BIM_SSIS - Copie (2)/.git/objects/12
[2026-09-03 09:49:01] [SUCCESS] 📂 Dossier cree : source/repos/BIM_SSIS - Copie (2)/.git/objects/18
[2026-09-03 09:49:02] [SUCCESS] 📂 Dossier cree : source/repos/BIM_SSIS - Copie (2)/.git/objects/1c
[2026-09-03 09:49:04] [SUCCESS] 📂 Dossier cree : source/repos/BIM_SSIS - Copie (2)/.git/objects/1f
[2026-09-03 09:49:06] [SUCCESS] 📂 Dossier cree : source/repos/BIM_SSIS - Copie (2)/.git/objects/22
[2026-09-03 09:49:07] [SUCCESS] 📂 Dossier cree : source/repos/BIM_SSIS - Copie (2)/.git/objects/26
[2026-09-03 09:49:09] [SUCCESS] 📂 Dossier cree : source/repos/BIM_SSIS - Copie (2)/.git/objects/27
[2026-09-03 09:49:10] [SUCCESS] 📂 Dossier cree : source/repos/BIM_SSIS - Copie (2)/.git/objects/28
[2026-09-03 09:49:12] [SUCCESS] 📂 Dossier cree : source/repos/BIM_SSIS - Copie (2)/.git/objects/30
[2026-09-03 09:49:14] [SUCCESS] 📂 Dossier cree : source/repos/BIM_SSIS - Copie (2)/.git/objects/31
[2026-09-03 09:49:15] [SUCCESS] 📂 Dossier cree : source/repos/BIM_SSIS - Copie (2)/.git/objects/34
[2026-09-03 09:49:17] [SUCCESS] 📂 Dossier cree : source/repos/BIM_SSIS - Copie (2)/.git/objects/35
[2026-09-03 09:49:18] [SUCCESS] 📂 Dossier cree : source/repos/BIM_SSIS - Copie (2)/.git/objects/36
[2026-09-03 09:49:20] [SUCCESS] 📂 Dossier cree : source/repos/BIM_SSIS - Copie (2)/.git/objects/3a
[2026-09-03 09:49:22] [SUCCESS] 📂 Dossier cree : source/repos/BIM_SSIS - Copie (2)/.git/objects/3b
[2026-09-03 09:49:23] [SUCCESS] 📂 Dossier cree : source/repos/BIM_SSIS - Copie (2)/.git/objects/3c
[2026-09-03 09:49:25] [SUCCESS] 📂 Dossier cree : source/repos/BIM_SSIS - Copie (2)/.git/objects/3d
[2026-09-03 09:49:26] [SUCCESS] 📂 Dossier cree : source/repos/BIM_SSIS - Copie (2)/.git/objects/40
[2026-09-03 09:49:28] [SUCCESS] 📂 Dossier cree : source/repos/BIM_SSIS - Copie (2)/.git/objects/42
[2026-09-03 09:49:30] [SUCCESS] 📂 Dossier cree : source/repos/BIM_SSIS - Copie (2)/.git/objects/47
[2026-09-03 09:49:31] [SUCCESS] 📂 Dossier cree : source/repos/BIM_SSIS - Copie (2)/.git/objects/5b
[2026-09-03 09:49:33] [SUCCESS] 📂 Dossier cree : source/repos/BIM_SSIS - Copie (2)/.git/objects/5c
[2026-09-03 09:49:34] [SUCCESS] 📂 Dossier cree : source/repos/BIM_SSIS - Copie (2)/.git/objects/60
[2026-09-03 09:49:36] [SUCCESS] 📂 Dossier cree : source/repos/BIM_SSIS - Copie (2)/.git/objects/63
[2026-09-03 09:49:37] [SUCCESS] 📂 Dossier cree : source/repos/BIM_SSIS - Copie (2)/.git/objects/64
[2026-09-03 09:49:39] [SUCCESS] 📂 Dossier cree : source/repos/BIM_SSIS - Copie (2)/.git/objects/66
[2026-09-03 09:49:40] [SUCCESS] 📂 Dossier cree : source/repos/BIM_SSIS - Copie (2)/.git/objects/6b
[2026-09-03 09:49:42] [SUCCESS] 📂 Dossier cree : source/repos/BIM_SSIS - Copie (2)/.git/objects/6e
[2026-09-03 09:49:43] [SUCCESS] 📂 Dossier cree : source/repos/BIM_SSIS - Copie (2)/.git/objects/70
[2026-09-03 09:49:45] [SUCCESS] 📂 Dossier cree : source/repos/BIM_SSIS - Copie (2)/.git/objects/71
[2026-09-03 09:49:47] [SUCCESS] 📂 Dossier cree : source/repos/BIM_SSIS - Copie (2)/.git/objects/7e
[2026-09-03 09:49:48] [SUCCESS] 📂 Dossier cree : source/repos/BIM_SSIS - Copie (2)/.git/objects/83
[2026-09-03 09:49:50] [SUCCESS] 📂 Dossier cree : source/repos/BIM_SSIS - Copie (2)/.git/objects/85
[2026-09-03 09:49:52] [SUCCESS] 📂 Dossier cree : source/repos/BIM_SSIS - Copie (2)/.git/objects/87
[2026-09-03 09:49:54] [SUCCESS] 📂 Dossier cree : source/repos/BIM_SSIS - Copie (2)/.git/objects/8d
[2026-09-03 09:49:55] [SUCCESS] 📂 Dossier cree : source/repos/BIM_SSIS - Copie (2)/.git/objects/90
[2026-09-03 09:49:57] [SUCCESS] 📂 Dossier cree : source/repos/BIM_SSIS - Copie (2)/.git/objects/91
[2026-09-03 09:49:59] [SUCCESS] 📂 Dossier cree : source/repos/BIM_SSIS - Copie (2)/.git/objects/94
[2026-09-03 09:50:00] [SUCCESS] 📂 Dossier cree : source/repos/BIM_SSIS - Copie (2)/.git/objects/97
[2026-09-03 09:50:02] [SUCCESS] 📂 Dossier cree : source/repos/BIM_SSIS - Copie (2)/.git/objects/98
[2026-09-03 09:50:04] [SUCCESS] 📂 Dossier cree : source/repos/BIM_SSIS - Copie (2)/.git/objects/9c
[2026-09-03 09:50:06] [SUCCESS] 📂 Dossier cree : source/repos/BIM_SSIS - Copie (2)/.git/objects/9e
[2026-09-03 09:50:07] [SUCCESS] 📂 Dossier cree : source/repos/BIM_SSIS - Copie (2)/.git/objects/a0
[2026-09-03 09:50:09] [SUCCESS] 📂 Dossier cree : source/repos/BIM_SSIS - Copie (2)/.git/objects/a5
[2026-09-03 09:50:11] [SUCCESS] 📂 Dossier cree : source/repos/BIM_SSIS - Copie (2)/.git/objects/ab
[2026-09-03 09:50:13] [SUCCESS] 📂 Dossier cree : source/repos/BIM_SSIS - Copie (2)/.git/objects/ad
[2026-09-03 09:50:14] [SUCCESS] 📂 Dossier cree : source/repos/BIM_SSIS - Copie (2)/.git/objects/af
[2026-09-03 09:50:16] [SUCCESS] 📂 Dossier cree : source/repos/BIM_SSIS - Copie (2)/.git/objects/b2
[2026-09-03 09:50:18] [SUCCESS] 📂 Dossier cree : source/repos/BIM_SSIS - Copie (2)/.git/objects/b4
[2026-09-03 09:50:19] [SUCCESS] 📂 Dossier cree : source/repos/BIM_SSIS - Copie (2)/.git/objects/b5
[2026-09-03 09:50:21] [SUCCESS] 📂 Dossier cree : source/repos/BIM_SSIS - Copie (2)/.git/objects/b8
[2026-09-03 09:50:23] [SUCCESS] 📂 Dossier cree : source/repos/BIM_SSIS - Copie (2)/.git/objects/b9
[2026-09-03 09:50:26] [SUCCESS] 📂 Dossier cree : source/repos/BIM_SSIS - Copie (2)/.git/objects/bc
[2026-09-03 09:50:29] [SUCCESS] 📂 Dossier cree : source/repos/BIM_SSIS - Copie (2)/.git/objects/bf
[2026-09-03 09:50:32] [SUCCESS] 📂 Dossier cree : source/repos/BIM_SSIS - Copie (2)/.git/objects/c0
[2026-09-03 09:50:34] [SUCCESS] 📂 Dossier cree : source/repos/BIM_SSIS - Copie (2)/.git/objects/c2
[2026-09-03 09:50:36] [SUCCESS] 📂 Dossier cree : source/repos/BIM_SSIS - Copie (2)/.git/objects/c3
[2026-09-03 09:50:38] [SUCCESS] 📂 Dossier cree : source/repos/BIM_SSIS - Copie (2)/.git/objects/c7
[2026-09-03 09:50:40] [SUCCESS] 📂 Dossier cree : source/repos/BIM_SSIS - Copie (2)/.git/objects/ca
[2026-09-03 09:50:42] [SUCCESS] 📂 Dossier cree : source/repos/BIM_SSIS - Copie (2)/.git/objects/d2
[2026-09-03 09:50:43] [SUCCESS] 📂 Dossier cree : source/repos/BIM_SSIS - Copie (2)/.git/objects/d3
[2026-09-03 09:50:45] [SUCCESS] 📂 Dossier cree : source/repos/BIM_SSIS - Copie (2)/.git/objects/d5
[2026-09-03 09:50:46] [SUCCESS] 📂 Dossier cree : source/repos/BIM_SSIS - Copie (2)/.git/objects/d7
[2026-09-03 09:50:48] [SUCCESS] 📂 Dossier cree : source/repos/BIM_SSIS - Copie (2)/.git/objects/d9
[2026-09-03 09:50:50] [SUCCESS] 📂 Dossier cree : source/repos/BIM_SSIS - Copie (2)/.git/objects/db
[2026-09-03 09:50:52] [SUCCESS] 📂 Dossier cree : source/repos/BIM_SSIS - Copie (2)/.git/objects/dc
[2026-09-03 09:50:53] [SUCCESS] 📂 Dossier cree : source/repos/BIM_SSIS - Copie (2)/.git/objects/e1
[2026-09-03 09:50:54] [SUCCESS] 📂 Dossier cree : source/repos/BIM_SSIS - Copie (2)/.git/objects/e3
[2026-09-03 09:50:56] [SUCCESS] 📂 Dossier cree : source/repos/BIM_SSIS - Copie (2)/.git/objects/e5
[2026-09-03 09:50:58] [SUCCESS] 📂 Dossier cree : source/repos/BIM_SSIS - Copie (2)/.git/objects/e8
[2026-09-03 09:51:00] [SUCCESS] 📂 Dossier cree : source/repos/BIM_SSIS - Copie (2)/.git/objects/ec
[2026-09-03 09:51:02] [SUCCESS] 📂 Dossier cree : source/repos/BIM_SSIS - Copie (2)/.git/objects/f0
[2026-09-03 09:51:03] [SUCCESS] 📂 Dossier cree : source/repos/BIM_SSIS - Copie (2)/.git/objects/f2
[2026-09-03 09:51:05] [SUCCESS] 📂 Dossier cree : source/repos/BIM_SSIS - Copie (2)/.git/objects/f4
[2026-09-03 09:51:07] [SUCCESS] 📂 Dossier cree : source/repos/BIM_SSIS - Copie (2)/.git/objects/f5
[2026-09-03 09:51:08] [SUCCESS] 📂 Dossier cree : source/repos/BIM_SSIS - Copie (2)/.git/objects/f7
[2026-09-03 09:51:10] [SUCCESS] 📂 Dossier cree : source/repos/BIM_SSIS - Copie (2)/.git/objects/fb
[2026-09-03 09:51:12] [SUCCESS] 📂 Dossier cree : source/repos/BIM_SSIS - Copie (2)/.git/objects/fc
[2026-09-03 09:51:13] [SUCCESS] 📂 Dossier cree : source/repos/BIM_SSIS - Copie (2)/.git/objects/info
[2026-09-03 09:51:15] [SUCCESS] 📂 Dossier cree : source/repos/BIM_SSIS - Copie (2)/.git/objects/pack
[2026-09-03 09:51:16] [SUCCESS] 📂 Dossier cree : source/repos/BIM_SSIS - Copie (2)/.git/refs/heads
[2026-09-03 09:51:18] [SUCCESS] 📂 Dossier cree : source/repos/BIM_SSIS - Copie (2)/.git/refs/remotes
[2026-09-03 09:51:19] [SUCCESS] 📂 Dossier cree : source/repos/BIM_SSIS - Copie (2)/.git/refs/tags
[2026-09-03 09:51:21] [SUCCESS] 📂 Dossier cree : source/repos/BIM_SSIS - Copie (2)/.vs/BIM_SSIS - Copie (2)/v16
[2026-09-03 09:51:23] [SUCCESS] 📂 Dossier cree : source/repos/BIM_SSIS - Copie (2)/.vs/BIM_SSIS - Copie (2)/v17
[2026-09-03 09:51:24] [SUCCESS] 📂 Dossier cree : source/repos/BIM_SSIS - Copie (2)/.vs/BIM_SSIS/v16
[2026-09-03 09:51:26] [SUCCESS] 📂 Dossier cree : source/repos/BIM_SSIS - Copie (2)/.vs/BIM_SSIS/v17
[2026-09-03 09:51:28] [SUCCESS] 📂 Dossier cree : source/repos/BIM_SSIS - Copie (2)/BIM_SSIS/bin/Development
[2026-09-03 09:51:29] [SUCCESS] 📂 Dossier cree : source/repos/BIM_SSIS - Copie (2)/BIM_SSIS/bin/POC
[2026-09-03 09:51:31] [SUCCESS] 📂 Dossier cree : source/repos/BIM_SSIS - Copie (2)/BIM_SSIS/obj/Development
[2026-09-03 09:51:33] [SUCCESS] 📂 Dossier cree : source/repos/BIM_SSIS - Copie (2)/BIM_SSIS/obj/POC
[2026-09-03 09:51:34] [SUCCESS] 📂 Dossier cree : source/repos/BIM_SSIS - Copie/.git/logs/refs
[2026-09-03 09:51:36] [SUCCESS] 📂 Dossier cree : source/repos/BIM_SSIS - Copie/.git/objects/01
[2026-09-03 09:51:38] [SUCCESS] 📂 Dossier cree : source/repos/BIM_SSIS - Copie/.git/objects/04
[2026-09-03 09:51:39] [SUCCESS] 📂 Dossier cree : source/repos/BIM_SSIS - Copie/.git/objects/0c
[2026-09-03 09:51:41] [SUCCESS] 📂 Dossier cree : source/repos/BIM_SSIS - Copie/.git/objects/11
[2026-09-03 09:51:42] [SUCCESS] 📂 Dossier cree : source/repos/BIM_SSIS - Copie/.git/objects/12
[2026-09-03 09:51:44] [SUCCESS] 📂 Dossier cree : source/repos/BIM_SSIS - Copie/.git/objects/18
[2026-09-03 09:51:46] [SUCCESS] 📂 Dossier cree : source/repos/BIM_SSIS - Copie/.git/objects/21
[2026-09-03 09:51:48] [SUCCESS] 📂 Dossier cree : source/repos/BIM_SSIS - Copie/.git/objects/22
[2026-09-03 09:51:49] [SUCCESS] 📂 Dossier cree : source/repos/BIM_SSIS - Copie/.git/objects/27
[2026-09-03 09:51:50] [SUCCESS] 📂 Dossier cree : source/repos/BIM_SSIS - Copie/.git/objects/2b
[2026-09-03 09:51:52] [SUCCESS] 📂 Dossier cree : source/repos/BIM_SSIS - Copie/.git/objects/30
[2026-09-03 09:51:53] [SUCCESS] 📂 Dossier cree : source/repos/BIM_SSIS - Copie/.git/objects/31
[2026-09-03 09:51:55] [SUCCESS] 📂 Dossier cree : source/repos/BIM_SSIS - Copie/.git/objects/32
[2026-09-03 09:51:57] [SUCCESS] 📂 Dossier cree : source/repos/BIM_SSIS - Copie/.git/objects/33
[2026-09-03 09:51:58] [SUCCESS] 📂 Dossier cree : source/repos/BIM_SSIS - Copie/.git/objects/34
[2026-09-03 09:52:00] [SUCCESS] 📂 Dossier cree : source/repos/BIM_SSIS - Copie/.git/objects/35
[2026-09-03 09:52:02] [SUCCESS] 📂 Dossier cree : source/repos/BIM_SSIS - Copie/.git/objects/37
[2026-09-03 09:52:04] [SUCCESS] 📂 Dossier cree : source/repos/BIM_SSIS - Copie/.git/objects/38
[2026-09-03 09:52:06] [SUCCESS] 📂 Dossier cree : source/repos/BIM_SSIS - Copie/.git/objects/3c
[2026-09-03 09:52:09] [SUCCESS] 📂 Dossier cree : source/repos/BIM_SSIS - Copie/.git/objects/3d
[2026-09-03 09:52:10] [SUCCESS] 📂 Dossier cree : source/repos/BIM_SSIS - Copie/.git/objects/40
[2026-09-03 09:52:12] [SUCCESS] 📂 Dossier cree : source/repos/BIM_SSIS - Copie/.git/objects/42
[2026-09-03 09:52:14] [SUCCESS] 📂 Dossier cree : source/repos/BIM_SSIS - Copie/.git/objects/43
[2026-09-03 09:52:16] [SUCCESS] 📂 Dossier cree : source/repos/BIM_SSIS - Copie/.git/objects/47
[2026-09-03 09:52:17] [SUCCESS] 📂 Dossier cree : source/repos/BIM_SSIS - Copie/.git/objects/4b
[2026-09-03 09:52:19] [SUCCESS] 📂 Dossier cree : source/repos/BIM_SSIS - Copie/.git/objects/55
[2026-09-03 09:52:20] [SUCCESS] 📂 Dossier cree : source/repos/BIM_SSIS - Copie/.git/objects/5a
[2026-09-03 09:52:22] [SUCCESS] 📂 Dossier cree : source/repos/BIM_SSIS - Copie/.git/objects/5b
[2026-09-03 09:52:23] [SUCCESS] 📂 Dossier cree : source/repos/BIM_SSIS - Copie/.git/objects/5c
[2026-09-03 09:52:25] [SUCCESS] 📂 Dossier cree : source/repos/BIM_SSIS - Copie/.git/objects/60
[2026-09-03 09:52:26] [SUCCESS] 📂 Dossier cree : source/repos/BIM_SSIS - Copie/.git/objects/63
[2026-09-03 09:52:28] [SUCCESS] 📂 Dossier cree : source/repos/BIM_SSIS - Copie/.git/objects/64
[2026-09-03 09:52:30] [SUCCESS] 📂 Dossier cree : source/repos/BIM_SSIS - Copie/.git/objects/6b
[2026-09-03 09:52:31] [SUCCESS] 📂 Dossier cree : source/repos/BIM_SSIS - Copie/.git/objects/6e
[2026-09-03 09:52:33] [SUCCESS] 📂 Dossier cree : source/repos/BIM_SSIS - Copie/.git/objects/70
[2026-09-03 09:52:34] [SUCCESS] 📂 Dossier cree : source/repos/BIM_SSIS - Copie/.git/objects/71
[2026-09-03 09:52:36] [SUCCESS] 📂 Dossier cree : source/repos/BIM_SSIS - Copie/.git/objects/72
[2026-09-03 09:52:37] [SUCCESS] 📂 Dossier cree : source/repos/BIM_SSIS - Copie/.git/objects/83
[2026-09-03 09:52:39] [SUCCESS] 📂 Dossier cree : source/repos/BIM_SSIS - Copie/.git/objects/87
[2026-09-03 09:52:40] [SUCCESS] 📂 Dossier cree : source/repos/BIM_SSIS - Copie/.git/objects/88
[2026-09-03 09:52:42] [SUCCESS] 📂 Dossier cree : source/repos/BIM_SSIS - Copie/.git/objects/90
[2026-09-03 09:52:43] [SUCCESS] 📂 Dossier cree : source/repos/BIM_SSIS - Copie/.git/objects/91
[2026-09-03 09:52:46] [SUCCESS] 📂 Dossier cree : source/repos/BIM_SSIS - Copie/.git/objects/97
[2026-09-03 09:52:47] [SUCCESS] 📂 Dossier cree : source/repos/BIM_SSIS - Copie/.git/objects/98
[2026-09-03 09:52:49] [SUCCESS] 📂 Dossier cree : source/repos/BIM_SSIS - Copie/.git/objects/9c
[2026-09-03 09:52:51] [SUCCESS] 📂 Dossier cree : source/repos/BIM_SSIS - Copie/.git/objects/9e
[2026-09-03 09:52:52] [SUCCESS] 📂 Dossier cree : source/repos/BIM_SSIS - Copie/.git/objects/a0
[2026-09-03 09:52:54] [SUCCESS] 📂 Dossier cree : source/repos/BIM_SSIS - Copie/.git/objects/a5
[2026-09-03 09:52:56] [SUCCESS] 📂 Dossier cree : source/repos/BIM_SSIS - Copie/.git/objects/a6
[2026-09-03 09:52:57] [SUCCESS] 📂 Dossier cree : source/repos/BIM_SSIS - Copie/.git/objects/aa
[2026-09-03 09:53:00] [SUCCESS] 📂 Dossier cree : source/repos/BIM_SSIS - Copie/.git/objects/ac
[2026-09-03 09:53:02] [SUCCESS] 📂 Dossier cree : source/repos/BIM_SSIS - Copie/.git/objects/ad
[2026-09-03 09:53:03] [SUCCESS] 📂 Dossier cree : source/repos/BIM_SSIS - Copie/.git/objects/b2
[2026-09-03 09:53:05] [SUCCESS] 📂 Dossier cree : source/repos/BIM_SSIS - Copie/.git/objects/b4
[2026-09-03 09:53:07] [SUCCESS] 📂 Dossier cree : source/repos/BIM_SSIS - Copie/.git/objects/b5
[2026-09-03 09:53:08] [SUCCESS] 📂 Dossier cree : source/repos/BIM_SSIS - Copie/.git/objects/b8
[2026-09-03 09:53:10] [SUCCESS] 📂 Dossier cree : source/repos/BIM_SSIS - Copie/.git/objects/b9
[2026-09-03 09:53:12] [SUCCESS] 📂 Dossier cree : source/repos/BIM_SSIS - Copie/.git/objects/ba
[2026-09-03 09:53:13] [SUCCESS] 📂 Dossier cree : source/repos/BIM_SSIS - Copie/.git/objects/bb
[2026-09-03 09:53:15] [SUCCESS] 📂 Dossier cree : source/repos/BIM_SSIS - Copie/.git/objects/bc
[2026-09-03 09:53:17] [SUCCESS] 📂 Dossier cree : source/repos/BIM_SSIS - Copie/.git/objects/bf
[2026-09-03 09:53:18] [SUCCESS] 📂 Dossier cree : source/repos/BIM_SSIS - Copie/.git/objects/c0
[2026-09-03 09:53:20] [SUCCESS] 📂 Dossier cree : source/repos/BIM_SSIS - Copie/.git/objects/c2
[2026-09-03 09:53:21] [SUCCESS] 📂 Dossier cree : source/repos/BIM_SSIS - Copie/.git/objects/c3
[2026-09-03 09:53:23] [SUCCESS] 📂 Dossier cree : source/repos/BIM_SSIS - Copie/.git/objects/c7
[2026-09-03 09:53:25] [SUCCESS] 📂 Dossier cree : source/repos/BIM_SSIS - Copie/.git/objects/ca
[2026-09-03 09:53:26] [SUCCESS] 📂 Dossier cree : source/repos/BIM_SSIS - Copie/.git/objects/d2
[2026-09-03 09:53:28] [SUCCESS] 📂 Dossier cree : source/repos/BIM_SSIS - Copie/.git/objects/d3
[2026-09-03 09:53:29] [SUCCESS] 📂 Dossier cree : source/repos/BIM_SSIS - Copie/.git/objects/d5
[2026-09-03 09:53:31] [SUCCESS] 📂 Dossier cree : source/repos/BIM_SSIS - Copie/.git/objects/d7
[2026-09-03 09:53:33] [SUCCESS] 📂 Dossier cree : source/repos/BIM_SSIS - Copie/.git/objects/d8
[2026-09-03 09:53:34] [SUCCESS] 📂 Dossier cree : source/repos/BIM_SSIS - Copie/.git/objects/d9
[2026-09-03 09:53:36] [SUCCESS] 📂 Dossier cree : source/repos/BIM_SSIS - Copie/.git/objects/da
[2026-09-03 09:53:37] [SUCCESS] 📂 Dossier cree : source/repos/BIM_SSIS - Copie/.git/objects/dc
[2026-09-03 09:53:38] [SUCCESS] 📂 Dossier cree : source/repos/BIM_SSIS - Copie/.git/objects/e3
[2026-09-03 09:53:40] [SUCCESS] 📂 Dossier cree : source/repos/BIM_SSIS - Copie/.git/objects/e5
[2026-09-03 09:53:42] [SUCCESS] 📂 Dossier cree : source/repos/BIM_SSIS - Copie/.git/objects/ec
[2026-09-03 09:53:43] [SUCCESS] 📂 Dossier cree : source/repos/BIM_SSIS - Copie/.git/objects/f2
[2026-09-03 09:53:46] [SUCCESS] 📂 Dossier cree : source/repos/BIM_SSIS - Copie/.git/objects/f4
[2026-09-03 09:53:48] [SUCCESS] 📂 Dossier cree : source/repos/BIM_SSIS - Copie/.git/objects/f5
[2026-09-03 09:53:49] [SUCCESS] 📂 Dossier cree : source/repos/BIM_SSIS - Copie/.git/objects/f7
[2026-09-03 09:53:51] [SUCCESS] 📂 Dossier cree : source/repos/BIM_SSIS - Copie/.git/objects/fb
[2026-09-03 09:53:52] [SUCCESS] 📂 Dossier cree : source/repos/BIM_SSIS - Copie/.git/objects/info
[2026-09-03 09:53:54] [SUCCESS] 📂 Dossier cree : source/repos/BIM_SSIS - Copie/.git/objects/pack
[2026-09-03 09:53:56] [SUCCESS] 📂 Dossier cree : source/repos/BIM_SSIS - Copie/.git/refs/heads
[2026-09-03 09:53:58] [SUCCESS] 📂 Dossier cree : source/repos/BIM_SSIS - Copie/.git/refs/remotes
[2026-09-03 09:53:59] [SUCCESS] 📂 Dossier cree : source/repos/BIM_SSIS - Copie/.git/refs/tags
[2026-09-03 09:54:01] [SUCCESS] 📂 Dossier cree : source/repos/BIM_SSIS - Copie/.vs/BIM_SSIS/FileContentIndex
[2026-09-03 09:54:02] [SUCCESS] 📂 Dossier cree : source/repos/BIM_SSIS - Copie/.vs/BIM_SSIS/v16
[2026-09-03 09:54:04] [SUCCESS] 📂 Dossier cree : source/repos/BIM_SSIS - Copie/.vs/BIM_SSIS/v17
[2026-09-03 09:54:06] [SUCCESS] 📂 Dossier cree : source/repos/BIM_SSIS - Copie/BIM_SSIS/bin/Development
[2026-09-03 09:54:08] [SUCCESS] 📂 Dossier cree : source/repos/BIM_SSIS - Copie/BIM_SSIS/obj/Development
[2026-09-03 09:54:09] [SUCCESS] 📂 Dossier cree : source/repos/BIM_SSIS -calligramme/.git/logs/refs
[2026-09-03 09:54:18] [SUCCESS] 📂 Dossier cree : source/repos/BIM_SSIS -calligramme/.git/objects/04
[2026-09-03 09:54:20] [SUCCESS] 📂 Dossier cree : source/repos/BIM_SSIS -calligramme/.git/objects/07
[2026-09-03 09:54:21] [SUCCESS] 📂 Dossier cree : source/repos/BIM_SSIS -calligramme/.git/objects/09
[2026-09-03 09:54:23] [SUCCESS] 📂 Dossier cree : source/repos/BIM_SSIS -calligramme/.git/objects/12
[2026-09-03 09:54:24] [SUCCESS] 📂 Dossier cree : source/repos/BIM_SSIS -calligramme/.git/objects/1e
[2026-09-03 09:54:26] [SUCCESS] 📂 Dossier cree : source/repos/BIM_SSIS -calligramme/.git/objects/1f
[2026-09-03 09:54:28] [SUCCESS] 📂 Dossier cree : source/repos/BIM_SSIS -calligramme/.git/objects/26
[2026-09-03 09:54:29] [SUCCESS] 📂 Dossier cree : source/repos/BIM_SSIS -calligramme/.git/objects/28
[2026-09-03 09:54:31] [SUCCESS] 📂 Dossier cree : source/repos/BIM_SSIS -calligramme/.git/objects/36
[2026-09-03 09:54:32] [SUCCESS] 📂 Dossier cree : source/repos/BIM_SSIS -calligramme/.git/objects/45
[2026-09-03 09:54:34] [SUCCESS] 📂 Dossier cree : source/repos/BIM_SSIS -calligramme/.git/objects/46
[2026-09-03 09:54:35] [SUCCESS] 📂 Dossier cree : source/repos/BIM_SSIS -calligramme/.git/objects/48
[2026-09-03 09:54:37] [SUCCESS] 📂 Dossier cree : source/repos/BIM_SSIS -calligramme/.git/objects/53
[2026-09-03 09:54:38] [SUCCESS] 📂 Dossier cree : source/repos/BIM_SSIS -calligramme/.git/objects/54
[2026-09-03 09:54:41] [SUCCESS] 📂 Dossier cree : source/repos/BIM_SSIS -calligramme/.git/objects/57
[2026-09-03 09:54:42] [SUCCESS] 📂 Dossier cree : source/repos/BIM_SSIS -calligramme/.git/objects/5b
[2026-09-03 09:54:44] [SUCCESS] 📂 Dossier cree : source/repos/BIM_SSIS -calligramme/.git/objects/5f
[2026-09-03 09:54:45] [SUCCESS] 📂 Dossier cree : source/repos/BIM_SSIS -calligramme/.git/objects/62
[2026-09-03 09:54:47] [SUCCESS] 📂 Dossier cree : source/repos/BIM_SSIS -calligramme/.git/objects/68
[2026-09-03 09:54:49] [SUCCESS] 📂 Dossier cree : source/repos/BIM_SSIS -calligramme/.git/objects/6a
[2026-09-03 09:54:51] [SUCCESS] 📂 Dossier cree : source/repos/BIM_SSIS -calligramme/.git/objects/8a
[2026-09-03 09:54:52] [SUCCESS] 📂 Dossier cree : source/repos/BIM_SSIS -calligramme/.git/objects/94
[2026-09-03 09:54:54] [SUCCESS] 📂 Dossier cree : source/repos/BIM_SSIS -calligramme/.git/objects/9d
[2026-09-03 09:54:56] [SUCCESS] 📂 Dossier cree : source/repos/BIM_SSIS -calligramme/.git/objects/a8
[2026-09-03 09:54:57] [SUCCESS] 📂 Dossier cree : source/repos/BIM_SSIS -calligramme/.git/objects/b6
[2026-09-03 09:54:59] [SUCCESS] 📂 Dossier cree : source/repos/BIM_SSIS -calligramme/.git/objects/c7
[2026-09-03 09:55:01] [SUCCESS] 📂 Dossier cree : source/repos/BIM_SSIS -calligramme/.git/objects/c8
[2026-09-03 09:55:02] [SUCCESS] 📂 Dossier cree : source/repos/BIM_SSIS -calligramme/.git/objects/ca
[2026-09-03 09:55:04] [SUCCESS] 📂 Dossier cree : source/repos/BIM_SSIS -calligramme/.git/objects/d2
[2026-09-03 09:55:05] [SUCCESS] 📂 Dossier cree : source/repos/BIM_SSIS -calligramme/.git/objects/d9
[2026-09-03 09:55:07] [SUCCESS] 📂 Dossier cree : source/repos/BIM_SSIS -calligramme/.git/objects/db
[2026-09-03 09:55:09] [SUCCESS] 📂 Dossier cree : source/repos/BIM_SSIS -calligramme/.git/objects/e2
[2026-09-03 09:55:10] [SUCCESS] 📂 Dossier cree : source/repos/BIM_SSIS -calligramme/.git/objects/e8
[2026-09-03 09:55:13] [SUCCESS] 📂 Dossier cree : source/repos/BIM_SSIS -calligramme/.git/objects/ef
[2026-09-03 09:55:14] [SUCCESS] 📂 Dossier cree : source/repos/BIM_SSIS -calligramme/.git/objects/f0
[2026-09-03 09:55:15] [SUCCESS] 📂 Dossier cree : source/repos/BIM_SSIS -calligramme/.git/objects/f7
[2026-09-03 09:55:17] [SUCCESS] 📂 Dossier cree : source/repos/BIM_SSIS -calligramme/.git/objects/f9
[2026-09-03 09:55:18] [SUCCESS] 📂 Dossier cree : source/repos/BIM_SSIS -calligramme/.git/objects/fa
[2026-09-03 09:55:20] [SUCCESS] 📂 Dossier cree : source/repos/BIM_SSIS -calligramme/.git/objects/info
[2026-09-03 09:55:22] [SUCCESS] 📂 Dossier cree : source/repos/BIM_SSIS -calligramme/.git/objects/pack
[2026-09-03 09:55:24] [SUCCESS] 📂 Dossier cree : source/repos/BIM_SSIS -calligramme/.git/refs/heads
[2026-09-03 09:55:25] [SUCCESS] 📂 Dossier cree : source/repos/BIM_SSIS -calligramme/.git/refs/tags
[2026-09-03 09:55:27] [SUCCESS] 📂 Dossier cree : source/repos/BIM_SSIS -calligramme/.vs/BIM_SSIS/CopilotIndices
[2026-09-03 09:55:29] [SUCCESS] 📂 Dossier cree : source/repos/BIM_SSIS -calligramme/.vs/BIM_SSIS/v16
[2026-09-03 09:55:30] [SUCCESS] 📂 Dossier cree : source/repos/BIM_SSIS -calligramme/.vs/BIM_SSIS/v17
[2026-09-03 09:55:32] [SUCCESS] 📂 Dossier cree : source/repos/BIM_SSIS -calligramme/BIM_SSIS/bin/Development
[2026-09-03 09:55:33] [SUCCESS] 📂 Dossier cree : source/repos/BIM_SSIS -calligramme/BIM_SSIS/bin/POC
[2026-09-03 09:55:35] [SUCCESS] 📂 Dossier cree : source/repos/BIM_SSIS -calligramme/BIM_SSIS/obj/Development
[2026-09-03 09:55:36] [SUCCESS] 📂 Dossier cree : source/repos/BIM_SSIS -calligramme/BIM_SSIS/obj/POC
[2026-09-03 09:55:38] [SUCCESS] 📂 Dossier cree : source/repos/BIM_SSIS test/.git/logs/refs
[2026-09-03 09:55:40] [SUCCESS] 📂 Dossier cree : source/repos/BIM_SSIS test/.git/objects/12
[2026-09-03 09:55:42] [SUCCESS] 📂 Dossier cree : source/repos/BIM_SSIS test/.git/objects/27
[2026-09-03 09:55:43] [SUCCESS] 📂 Dossier cree : source/repos/BIM_SSIS test/.git/objects/30
[2026-09-03 09:55:45] [SUCCESS] 📂 Dossier cree : source/repos/BIM_SSIS test/.git/objects/67
[2026-09-03 09:55:46] [SUCCESS] 📂 Dossier cree : source/repos/BIM_SSIS test/.git/objects/a2
[2026-09-03 09:55:49] [SUCCESS] 📂 Dossier cree : source/repos/BIM_SSIS test/.git/objects/ad
[2026-09-03 09:55:52] [SUCCESS] 📂 Dossier cree : source/repos/BIM_SSIS test/.git/objects/b8
[2026-09-03 09:55:54] [SUCCESS] 📂 Dossier cree : source/repos/BIM_SSIS test/.git/objects/bf
[2026-09-03 09:55:56] [SUCCESS] 📂 Dossier cree : source/repos/BIM_SSIS test/.git/objects/c2
[2026-09-03 09:55:58] [SUCCESS] 📂 Dossier cree : source/repos/BIM_SSIS test/.git/objects/c7
[2026-09-03 09:56:00] [SUCCESS] 📂 Dossier cree : source/repos/BIM_SSIS test/.git/objects/c8
[2026-09-03 09:56:01] [SUCCESS] 📂 Dossier cree : source/repos/BIM_SSIS test/.git/objects/ca
[2026-09-03 09:56:04] [SUCCESS] 📂 Dossier cree : source/repos/BIM_SSIS test/.git/objects/d5
[2026-09-03 09:56:06] [SUCCESS] 📂 Dossier cree : source/repos/BIM_SSIS test/.git/objects/d9
[2026-09-03 09:56:08] [SUCCESS] 📂 Dossier cree : source/repos/BIM_SSIS test/.git/objects/f5
[2026-09-03 09:56:09] [SUCCESS] 📂 Dossier cree : source/repos/BIM_SSIS test/.git/objects/info
[2026-09-03 09:56:11] [SUCCESS] 📂 Dossier cree : source/repos/BIM_SSIS test/.git/objects/pack
[2026-09-03 09:56:13] [SUCCESS] 📂 Dossier cree : source/repos/BIM_SSIS test/.git/refs/heads
[2026-09-03 09:56:15] [SUCCESS] 📂 Dossier cree : source/repos/BIM_SSIS test/.git/refs/remotes
[2026-09-03 09:56:17] [SUCCESS] 📂 Dossier cree : source/repos/BIM_SSIS test/.git/refs/tags
[2026-09-03 09:56:19] [SUCCESS] 📂 Dossier cree : source/repos/BIM_SSIS test/.vs/BIM_SSIS test/v16
[2026-09-03 09:56:21] [SUCCESS] 📂 Dossier cree : source/repos/BIM_SSIS test/.vs/BIM_SSIS/v16
[2026-09-03 09:56:23] [SUCCESS] 📂 Dossier cree : source/repos/BIM_SSIS test/BIM_SSIS/bin/Development
[2026-09-03 09:56:24] [SUCCESS] 📂 Dossier cree : source/repos/BIM_SSIS test/BIM_SSIS/obj/Development
[2026-09-03 09:56:26] [SUCCESS] 📂 Dossier cree : source/repos/BIM_SSIS V2/.git/logs/refs
[2026-09-03 09:56:28] [SUCCESS] 📂 Dossier cree : source/repos/BIM_SSIS V2/.git/objects/09
[2026-09-03 09:56:30] [SUCCESS] 📂 Dossier cree : source/repos/BIM_SSIS V2/.git/objects/12
[2026-09-03 09:56:32] [SUCCESS] 📂 Dossier cree : source/repos/BIM_SSIS V2/.git/objects/1f
[2026-09-03 09:56:33] [SUCCESS] 📂 Dossier cree : source/repos/BIM_SSIS V2/.git/objects/20
[2026-09-03 09:56:35] [SUCCESS] 📂 Dossier cree : source/repos/BIM_SSIS V2/.git/objects/27
[2026-09-03 09:56:37] [SUCCESS] 📂 Dossier cree : source/repos/BIM_SSIS V2/.git/objects/38
[2026-09-03 09:56:39] [SUCCESS] 📂 Dossier cree : source/repos/BIM_SSIS V2/.git/objects/3b
[2026-09-03 09:56:41] [SUCCESS] 📂 Dossier cree : source/repos/BIM_SSIS V2/.git/objects/42
[2026-09-03 09:56:42] [SUCCESS] 📂 Dossier cree : source/repos/BIM_SSIS V2/.git/objects/54
[2026-09-03 09:56:44] [SUCCESS] 📂 Dossier cree : source/repos/BIM_SSIS V2/.git/objects/5e
[2026-09-03 09:56:46] [SUCCESS] 📂 Dossier cree : source/repos/BIM_SSIS V2/.git/objects/66
[2026-09-03 09:56:47] [SUCCESS] 📂 Dossier cree : source/repos/BIM_SSIS V2/.git/objects/72
[2026-09-03 09:56:49] [SUCCESS] 📂 Dossier cree : source/repos/BIM_SSIS V2/.git/objects/73
[2026-09-03 09:56:51] [SUCCESS] 📂 Dossier cree : source/repos/BIM_SSIS V2/.git/objects/82
[2026-09-03 09:56:53] [SUCCESS] 📂 Dossier cree : source/repos/BIM_SSIS V2/.git/objects/86
[2026-09-03 09:56:55] [SUCCESS] 📂 Dossier cree : source/repos/BIM_SSIS V2/.git/objects/94
[2026-09-03 09:56:57] [SUCCESS] 📂 Dossier cree : source/repos/BIM_SSIS V2/.git/objects/99
[2026-09-03 09:56:59] [SUCCESS] 📂 Dossier cree : source/repos/BIM_SSIS V2/.git/objects/af
[2026-09-03 09:57:01] [SUCCESS] 📂 Dossier cree : source/repos/BIM_SSIS V2/.git/objects/b2
[2026-09-03 09:57:03] [SUCCESS] 📂 Dossier cree : source/repos/BIM_SSIS V2/.git/objects/b4
[2026-09-03 09:57:05] [SUCCESS] 📂 Dossier cree : source/repos/BIM_SSIS V2/.git/objects/b7
[2026-09-03 09:57:06] [SUCCESS] 📂 Dossier cree : source/repos/BIM_SSIS V2/.git/objects/b8
[2026-09-03 09:57:08] [SUCCESS] 📂 Dossier cree : source/repos/BIM_SSIS V2/.git/objects/c2
[2026-09-03 09:57:10] [SUCCESS] 📂 Dossier cree : source/repos/BIM_SSIS V2/.git/objects/c3
[2026-09-03 09:57:12] [SUCCESS] 📂 Dossier cree : source/repos/BIM_SSIS V2/.git/objects/c7
[2026-09-03 09:57:15] [SUCCESS] 📂 Dossier cree : source/repos/BIM_SSIS V2/.git/objects/ca
[2026-09-03 09:57:16] [SUCCESS] 📂 Dossier cree : source/repos/BIM_SSIS V2/.git/objects/d0
[2026-09-03 09:57:18] [SUCCESS] 📂 Dossier cree : source/repos/BIM_SSIS V2/.git/objects/d7
[2026-09-03 09:57:20] [SUCCESS] 📂 Dossier cree : source/repos/BIM_SSIS V2/.git/objects/d9
[2026-09-03 09:57:22] [SUCCESS] 📂 Dossier cree : source/repos/BIM_SSIS V2/.git/objects/df
[2026-09-03 09:57:23] [SUCCESS] 📂 Dossier cree : source/repos/BIM_SSIS V2/.git/objects/e8
[2026-09-03 09:57:25] [SUCCESS] 📂 Dossier cree : source/repos/BIM_SSIS V2/.git/objects/e9
[2026-09-03 09:57:27] [SUCCESS] 📂 Dossier cree : source/repos/BIM_SSIS V2/.git/objects/ec
[2026-09-03 09:57:28] [SUCCESS] 📂 Dossier cree : source/repos/BIM_SSIS V2/.git/objects/f0
[2026-09-03 09:57:30] [SUCCESS] 📂 Dossier cree : source/repos/BIM_SSIS V2/.git/objects/f5
[2026-09-03 09:57:32] [SUCCESS] 📂 Dossier cree : source/repos/BIM_SSIS V2/.git/objects/fb
[2026-09-03 09:57:34] [SUCCESS] 📂 Dossier cree : source/repos/BIM_SSIS V2/.git/objects/info
[2026-09-03 09:57:36] [SUCCESS] 📂 Dossier cree : source/repos/BIM_SSIS V2/.git/objects/pack
[2026-09-03 09:57:38] [SUCCESS] 📂 Dossier cree : source/repos/BIM_SSIS V2/.git/refs/heads
[2026-09-03 09:57:39] [SUCCESS] 📂 Dossier cree : source/repos/BIM_SSIS V2/.git/refs/remotes
[2026-09-03 09:57:41] [SUCCESS] 📂 Dossier cree : source/repos/BIM_SSIS V2/.git/refs/tags
[2026-09-03 09:57:43] [SUCCESS] 📂 Dossier cree : source/repos/BIM_SSIS V2/.vs/BIM_SSIS_V2/FileContentIndex
[2026-09-03 09:57:45] [SUCCESS] 📂 Dossier cree : source/repos/BIM_SSIS V2/.vs/BIM_SSIS_V2/v16
[2026-09-03 09:57:47] [SUCCESS] 📂 Dossier cree : source/repos/BIM_SSIS V2/.vs/BIM_SSIS_V2/v17
[2026-09-03 09:57:49] [SUCCESS] 📂 Dossier cree : source/repos/BIM_SSIS V2/BIM_SSIS/bin/Development
[2026-09-03 09:57:51] [SUCCESS] 📂 Dossier cree : source/repos/BIM_SSIS V2/BIM_SSIS/obj/Development
[2026-09-03 09:57:53] [SUCCESS] 📂 Dossier cree : source/repos/BIM_SSIS/.git/logs/refs
[2026-09-03 09:57:55] [SUCCESS] 📂 Dossier cree : source/repos/BIM_SSIS/.git/objects/01
[2026-09-03 09:57:57] [SUCCESS] 📂 Dossier cree : source/repos/BIM_SSIS/.git/objects/04
[2026-09-03 09:57:59] [SUCCESS] 📂 Dossier cree : source/repos/BIM_SSIS/.git/objects/0c
[2026-09-03 09:58:00] [SUCCESS] 📂 Dossier cree : source/repos/BIM_SSIS/.git/objects/11
[2026-09-03 09:58:02] [SUCCESS] 📂 Dossier cree : source/repos/BIM_SSIS/.git/objects/12
[2026-09-03 09:58:04] [SUCCESS] 📂 Dossier cree : source/repos/BIM_SSIS/.git/objects/18
[2026-09-03 09:58:05] [SUCCESS] 📂 Dossier cree : source/repos/BIM_SSIS/.git/objects/21
[2026-09-03 09:58:08] [SUCCESS] 📂 Dossier cree : source/repos/BIM_SSIS/.git/objects/22
[2026-09-03 09:58:10] [SUCCESS] 📂 Dossier cree : source/repos/BIM_SSIS/.git/objects/27
[2026-09-03 09:58:11] [SUCCESS] 📂 Dossier cree : source/repos/BIM_SSIS/.git/objects/2b
[2026-09-03 09:58:13] [SUCCESS] 📂 Dossier cree : source/repos/BIM_SSIS/.git/objects/30
[2026-09-03 09:58:16] [SUCCESS] 📂 Dossier cree : source/repos/BIM_SSIS/.git/objects/31
[2026-09-03 09:58:17] [SUCCESS] 📂 Dossier cree : source/repos/BIM_SSIS/.git/objects/32
[2026-09-03 09:58:19] [SUCCESS] 📂 Dossier cree : source/repos/BIM_SSIS/.git/objects/33
[2026-09-03 09:58:20] [SUCCESS] 📂 Dossier cree : source/repos/BIM_SSIS/.git/objects/34
[2026-09-03 09:58:22] [SUCCESS] 📂 Dossier cree : source/repos/BIM_SSIS/.git/objects/35
[2026-09-03 09:58:24] [SUCCESS] 📂 Dossier cree : source/repos/BIM_SSIS/.git/objects/37
[2026-09-03 09:58:26] [SUCCESS] 📂 Dossier cree : source/repos/BIM_SSIS/.git/objects/38
[2026-09-03 09:58:27] [SUCCESS] 📂 Dossier cree : source/repos/BIM_SSIS/.git/objects/3c
[2026-09-03 09:58:29] [SUCCESS] 📂 Dossier cree : source/repos/BIM_SSIS/.git/objects/3d
[2026-09-03 09:58:31] [SUCCESS] 📂 Dossier cree : source/repos/BIM_SSIS/.git/objects/40
[2026-09-03 09:58:33] [SUCCESS] 📂 Dossier cree : source/repos/BIM_SSIS/.git/objects/42
[2026-09-03 09:58:35] [SUCCESS] 📂 Dossier cree : source/repos/BIM_SSIS/.git/objects/43
[2026-09-03 09:58:37] [SUCCESS] 📂 Dossier cree : source/repos/BIM_SSIS/.git/objects/47
[2026-09-03 09:58:38] [SUCCESS] 📂 Dossier cree : source/repos/BIM_SSIS/.git/objects/4b
[2026-09-03 09:58:41] [SUCCESS] 📂 Dossier cree : source/repos/BIM_SSIS/.git/objects/55
[2026-09-03 09:58:43] [SUCCESS] 📂 Dossier cree : source/repos/BIM_SSIS/.git/objects/5a
[2026-09-03 09:58:45] [SUCCESS] 📂 Dossier cree : source/repos/BIM_SSIS/.git/objects/5b
[2026-09-03 09:58:46] [SUCCESS] 📂 Dossier cree : source/repos/BIM_SSIS/.git/objects/5c
[2026-09-03 09:58:48] [SUCCESS] 📂 Dossier cree : source/repos/BIM_SSIS/.git/objects/60
[2026-09-03 09:58:50] [SUCCESS] 📂 Dossier cree : source/repos/BIM_SSIS/.git/objects/63
[2026-09-03 09:58:52] [SUCCESS] 📂 Dossier cree : source/repos/BIM_SSIS/.git/objects/64
[2026-09-03 09:58:54] [SUCCESS] 📂 Dossier cree : source/repos/BIM_SSIS/.git/objects/6b
[2026-09-03 09:58:56] [SUCCESS] 📂 Dossier cree : source/repos/BIM_SSIS/.git/objects/6e
[2026-09-03 09:58:58] [SUCCESS] 📂 Dossier cree : source/repos/BIM_SSIS/.git/objects/70
[2026-09-03 09:59:00] [SUCCESS] 📂 Dossier cree : source/repos/BIM_SSIS/.git/objects/71
[2026-09-03 09:59:01] [SUCCESS] 📂 Dossier cree : source/repos/BIM_SSIS/.git/objects/72
[2026-09-03 09:59:03] [SUCCESS] 📂 Dossier cree : source/repos/BIM_SSIS/.git/objects/83
[2026-09-03 09:59:05] [SUCCESS] 📂 Dossier cree : source/repos/BIM_SSIS/.git/objects/87
[2026-09-03 09:59:07] [SUCCESS] 📂 Dossier cree : source/repos/BIM_SSIS/.git/objects/88
[2026-09-03 09:59:09] [SUCCESS] 📂 Dossier cree : source/repos/BIM_SSIS/.git/objects/90
[2026-09-03 09:59:10] [SUCCESS] 📂 Dossier cree : source/repos/BIM_SSIS/.git/objects/91
[2026-09-03 09:59:12] [SUCCESS] 📂 Dossier cree : source/repos/BIM_SSIS/.git/objects/97
[2026-09-03 09:59:14] [SUCCESS] 📂 Dossier cree : source/repos/BIM_SSIS/.git/objects/98
[2026-09-03 09:59:16] [SUCCESS] 📂 Dossier cree : source/repos/BIM_SSIS/.git/objects/9c
[2026-09-03 09:59:17] [SUCCESS] 📂 Dossier cree : source/repos/BIM_SSIS/.git/objects/9e
[2026-09-03 09:59:19] [SUCCESS] 📂 Dossier cree : source/repos/BIM_SSIS/.git/objects/a0
[2026-09-03 09:59:21] [SUCCESS] 📂 Dossier cree : source/repos/BIM_SSIS/.git/objects/a5
[2026-09-03 09:59:23] [SUCCESS] 📂 Dossier cree : source/repos/BIM_SSIS/.git/objects/a6
[2026-09-03 09:59:25] [SUCCESS] 📂 Dossier cree : source/repos/BIM_SSIS/.git/objects/aa
[2026-09-03 09:59:26] [SUCCESS] 📂 Dossier cree : source/repos/BIM_SSIS/.git/objects/ac
[2026-09-03 09:59:28] [SUCCESS] 📂 Dossier cree : source/repos/BIM_SSIS/.git/objects/ad
[2026-09-03 09:59:30] [SUCCESS] 📂 Dossier cree : source/repos/BIM_SSIS/.git/objects/b2
[2026-09-03 09:59:32] [SUCCESS] 📂 Dossier cree : source/repos/BIM_SSIS/.git/objects/b4
[2026-09-03 09:59:34] [SUCCESS] 📂 Dossier cree : source/repos/BIM_SSIS/.git/objects/b5
[2026-09-03 09:59:36] [SUCCESS] 📂 Dossier cree : source/repos/BIM_SSIS/.git/objects/b8
[2026-09-03 09:59:38] [SUCCESS] 📂 Dossier cree : source/repos/BIM_SSIS/.git/objects/b9
[2026-09-03 09:59:40] [SUCCESS] 📂 Dossier cree : source/repos/BIM_SSIS/.git/objects/ba
[2026-09-03 09:59:42] [SUCCESS] 📂 Dossier cree : source/repos/BIM_SSIS/.git/objects/bb
[2026-09-03 09:59:44] [SUCCESS] 📂 Dossier cree : source/repos/BIM_SSIS/.git/objects/bc
[2026-09-03 09:59:46] [SUCCESS] 📂 Dossier cree : source/repos/BIM_SSIS/.git/objects/bf
[2026-09-03 09:59:48] [SUCCESS] 📂 Dossier cree : source/repos/BIM_SSIS/.git/objects/c0
[2026-09-03 09:59:50] [SUCCESS] 📂 Dossier cree : source/repos/BIM_SSIS/.git/objects/c2
[2026-09-03 09:59:52] [SUCCESS] 📂 Dossier cree : source/repos/BIM_SSIS/.git/objects/c3
[2026-09-03 09:59:53] [SUCCESS] 📂 Dossier cree : source/repos/BIM_SSIS/.git/objects/c7
[2026-09-03 09:59:55] [SUCCESS] 📂 Dossier cree : source/repos/BIM_SSIS/.git/objects/ca
[2026-09-03 09:59:57] [SUCCESS] 📂 Dossier cree : source/repos/BIM_SSIS/.git/objects/d2
[2026-09-03 09:59:59] [SUCCESS] 📂 Dossier cree : source/repos/BIM_SSIS/.git/objects/d3
[2026-09-03 10:00:01] [SUCCESS] 📂 Dossier cree : source/repos/BIM_SSIS/.git/objects/d5
[2026-09-03 10:00:03] [SUCCESS] 📂 Dossier cree : source/repos/BIM_SSIS/.git/objects/d7
[2026-09-03 10:00:05] [SUCCESS] 📂 Dossier cree : source/repos/BIM_SSIS/.git/objects/d8
[2026-09-03 10:00:07] [SUCCESS] 📂 Dossier cree : source/repos/BIM_SSIS/.git/objects/d9
[2026-09-03 10:00:09] [SUCCESS] 📂 Dossier cree : source/repos/BIM_SSIS/.git/objects/da
[2026-09-03 10:00:11] [SUCCESS] 📂 Dossier cree : source/repos/BIM_SSIS/.git/objects/dc
[2026-09-03 10:00:13] [SUCCESS] 📂 Dossier cree : source/repos/BIM_SSIS/.git/objects/e3
[2026-09-03 10:00:15] [SUCCESS] 📂 Dossier cree : source/repos/BIM_SSIS/.git/objects/e5
[2026-09-03 10:00:16] [SUCCESS] 📂 Dossier cree : source/repos/BIM_SSIS/.git/objects/ec
[2026-09-03 10:00:18] [SUCCESS] 📂 Dossier cree : source/repos/BIM_SSIS/.git/objects/f2
[2026-09-03 10:00:20] [SUCCESS] 📂 Dossier cree : source/repos/BIM_SSIS/.git/objects/f4
[2026-09-03 10:00:22] [SUCCESS] 📂 Dossier cree : source/repos/BIM_SSIS/.git/objects/f5
[2026-09-03 10:00:24] [SUCCESS] 📂 Dossier cree : source/repos/BIM_SSIS/.git/objects/f7
[2026-09-03 10:00:26] [SUCCESS] 📂 Dossier cree : source/repos/BIM_SSIS/.git/objects/fb
[2026-09-03 10:00:29] [SUCCESS] 📂 Dossier cree : source/repos/BIM_SSIS/.git/objects/info
[2026-09-03 10:00:30] [SUCCESS] 📂 Dossier cree : source/repos/BIM_SSIS/.git/objects/pack
[2026-09-03 10:00:32] [SUCCESS] 📂 Dossier cree : source/repos/BIM_SSIS/.git/refs/heads
[2026-09-03 10:00:34] [SUCCESS] 📂 Dossier cree : source/repos/BIM_SSIS/.git/refs/remotes
[2026-09-03 10:00:37] [SUCCESS] 📂 Dossier cree : source/repos/BIM_SSIS/.git/refs/tags
[2026-09-03 10:00:39] [SUCCESS] 📂 Dossier cree : source/repos/BIM_SSIS/.vs/BIM_SSIS/FileContentIndex
[2026-09-03 10:00:41] [SUCCESS] 📂 Dossier cree : source/repos/BIM_SSIS/.vs/BIM_SSIS/v16
[2026-09-03 10:00:43] [SUCCESS] 📂 Dossier cree : source/repos/BIM_SSIS/.vs/BIM_SSIS/v17
[2026-09-03 10:00:45] [SUCCESS] 📂 Dossier cree : source/repos/BIM_SSIS/BIM_SSIS/bin/Development
[2026-09-03 10:00:47] [SUCCESS] 📂 Dossier cree : source/repos/BIM_SSIS/BIM_SSIS/obj/Development
[2026-09-03 10:00:49] [SUCCESS] 📂 Dossier cree : source/repos/caligramme_prod_poc/.vs/caligramme_prod_poc/v16
[2026-09-03 10:00:52] [SUCCESS] 📂 Dossier cree : source/repos/caligramme_prod_poc/.vs/caligramme_prod_poc/v17
[2026-09-03 10:00:54] [SUCCESS] 📂 Dossier cree : source/repos/caligramme_prod_poc/caligramme_prod_poc/bin/Development
[2026-09-03 10:00:56] [SUCCESS] 📂 Dossier cree : source/repos/caligramme_prod_poc/caligramme_prod_poc/obj/Development
[2026-09-03 10:00:59] [SUCCESS] 📂 Dossier cree : source/repos/ConsoleApp1/.vs/ConsoleApp1/DesignTimeBuild
[2026-09-03 10:01:01] [SUCCESS] 📂 Dossier cree : source/repos/ConsoleApp1/.vs/ConsoleApp1/v16
[2026-09-03 10:01:03] [SUCCESS] 📂 Dossier cree : source/repos/ConsoleApp1/bin/Debug/net5.0
[2026-09-03 10:01:05] [SUCCESS] 📂 Dossier cree : source/repos/ConsoleApp1/obj/Debug/net5.0
[2026-09-03 10:01:07] [SUCCESS] 📂 Dossier cree : source/repos/fait_avis_ao_am/.vs/fait_avis_ao_am/v16
[2026-09-03 10:01:09] [SUCCESS] 📂 Dossier cree : source/repos/fait_avis_ao_am/fait_avis_ao_am/bin/Development
[2026-09-03 10:01:11] [SUCCESS] 📂 Dossier cree : source/repos/fait_avis_ao_am/fait_avis_ao_am/obj/Development
[2026-09-03 10:01:13] [SUCCESS] 📂 Dossier cree : source/repos/Mol_Save_DataBase/.git/logs/refs
[2026-09-03 10:01:14] [SUCCESS] 📂 Dossier cree : source/repos/Mol_Save_DataBase/.git/objects/04
[2026-09-03 10:01:16] [SUCCESS] 📂 Dossier cree : source/repos/Mol_Save_DataBase/.git/objects/0d
[2026-09-03 10:01:18] [SUCCESS] 📂 Dossier cree : source/repos/Mol_Save_DataBase/.git/objects/1f
[2026-09-03 10:01:20] [SUCCESS] 📂 Dossier cree : source/repos/Mol_Save_DataBase/.git/objects/20
[2026-09-03 10:01:22] [SUCCESS] 📂 Dossier cree : source/repos/Mol_Save_DataBase/.git/objects/21
[2026-09-03 10:01:24] [SUCCESS] 📂 Dossier cree : source/repos/Mol_Save_DataBase/.git/objects/27
[2026-09-03 10:01:26] [SUCCESS] 📂 Dossier cree : source/repos/Mol_Save_DataBase/.git/objects/2d
[2026-09-03 10:01:28] [SUCCESS] 📂 Dossier cree : source/repos/Mol_Save_DataBase/.git/objects/36
[2026-09-03 10:01:30] [SUCCESS] 📂 Dossier cree : source/repos/Mol_Save_DataBase/.git/objects/37
[2026-09-03 10:01:32] [SUCCESS] 📂 Dossier cree : source/repos/Mol_Save_DataBase/.git/objects/39
[2026-09-03 10:01:33] [SUCCESS] 📂 Dossier cree : source/repos/Mol_Save_DataBase/.git/objects/3a
[2026-09-03 10:01:35] [SUCCESS] 📂 Dossier cree : source/repos/Mol_Save_DataBase/.git/objects/49
[2026-09-03 10:01:37] [SUCCESS] 📂 Dossier cree : source/repos/Mol_Save_DataBase/.git/objects/4d
[2026-09-03 10:01:39] [SUCCESS] 📂 Dossier cree : source/repos/Mol_Save_DataBase/.git/objects/50
[2026-09-03 10:01:41] [SUCCESS] 📂 Dossier cree : source/repos/Mol_Save_DataBase/.git/objects/51
[2026-09-03 10:01:43] [SUCCESS] 📂 Dossier cree : source/repos/Mol_Save_DataBase/.git/objects/5a
[2026-09-03 10:01:45] [SUCCESS] 📂 Dossier cree : source/repos/Mol_Save_DataBase/.git/objects/5c
[2026-09-03 10:01:47] [SUCCESS] 📂 Dossier cree : source/repos/Mol_Save_DataBase/.git/objects/64
[2026-09-03 10:01:48] [SUCCESS] 📂 Dossier cree : source/repos/Mol_Save_DataBase/.git/objects/70
[2026-09-03 10:01:50] [SUCCESS] 📂 Dossier cree : source/repos/Mol_Save_DataBase/.git/objects/71
[2026-09-03 10:01:51] [SUCCESS] 📂 Dossier cree : source/repos/Mol_Save_DataBase/.git/objects/7e
[2026-09-03 10:01:53] [SUCCESS] 📂 Dossier cree : source/repos/Mol_Save_DataBase/.git/objects/80
[2026-09-03 10:01:55] [SUCCESS] 📂 Dossier cree : source/repos/Mol_Save_DataBase/.git/objects/81
[2026-09-03 10:01:57] [SUCCESS] 📂 Dossier cree : source/repos/Mol_Save_DataBase/.git/objects/83
[2026-09-03 10:01:58] [SUCCESS] 📂 Dossier cree : source/repos/Mol_Save_DataBase/.git/objects/8e
[2026-09-03 10:02:00] [SUCCESS] 📂 Dossier cree : source/repos/Mol_Save_DataBase/.git/objects/94
[2026-09-03 10:02:02] [SUCCESS] 📂 Dossier cree : source/repos/Mol_Save_DataBase/.git/objects/9a
[2026-09-03 10:02:03] [SUCCESS] 📂 Dossier cree : source/repos/Mol_Save_DataBase/.git/objects/ba
[2026-09-03 10:02:05] [SUCCESS] 📂 Dossier cree : source/repos/Mol_Save_DataBase/.git/objects/d1
[2026-09-03 10:02:06] [SUCCESS] 📂 Dossier cree : source/repos/Mol_Save_DataBase/.git/objects/d3
[2026-09-03 10:02:08] [SUCCESS] 📂 Dossier cree : source/repos/Mol_Save_DataBase/.git/objects/d4
[2026-09-03 10:02:09] [SUCCESS] 📂 Dossier cree : source/repos/Mol_Save_DataBase/.git/objects/de
[2026-09-03 10:02:11] [SUCCESS] 📂 Dossier cree : source/repos/Mol_Save_DataBase/.git/objects/e5
[2026-09-03 10:02:13] [SUCCESS] 📂 Dossier cree : source/repos/Mol_Save_DataBase/.git/objects/e8
[2026-09-03 10:02:14] [SUCCESS] 📂 Dossier cree : source/repos/Mol_Save_DataBase/.git/objects/ec
[2026-09-03 10:02:16] [SUCCESS] 📂 Dossier cree : source/repos/Mol_Save_DataBase/.git/objects/f0
[2026-09-03 10:02:18] [SUCCESS] 📂 Dossier cree : source/repos/Mol_Save_DataBase/.git/objects/f1
[2026-09-03 10:02:20] [SUCCESS] 📂 Dossier cree : source/repos/Mol_Save_DataBase/.git/objects/f2
[2026-09-03 10:02:21] [SUCCESS] 📂 Dossier cree : source/repos/Mol_Save_DataBase/.git/objects/f4
[2026-09-03 10:02:23] [SUCCESS] 📂 Dossier cree : source/repos/Mol_Save_DataBase/.git/objects/fa
[2026-09-03 10:02:25] [SUCCESS] 📂 Dossier cree : source/repos/Mol_Save_DataBase/.git/objects/ff
[2026-09-03 10:02:26] [SUCCESS] 📂 Dossier cree : source/repos/Mol_Save_DataBase/.git/objects/info
[2026-09-03 10:02:28] [SUCCESS] 📂 Dossier cree : source/repos/Mol_Save_DataBase/.git/objects/pack
[2026-09-03 10:02:30] [SUCCESS] 📂 Dossier cree : source/repos/Mol_Save_DataBase/.git/refs/heads
[2026-09-03 10:02:32] [SUCCESS] 📂 Dossier cree : source/repos/Mol_Save_DataBase/.git/refs/remotes
[2026-09-03 10:02:34] [SUCCESS] 📂 Dossier cree : source/repos/Mol_Save_DataBase/.git/refs/tags
[2026-09-03 10:02:36] [SUCCESS] 📂 Dossier cree : source/repos/Mol_Save_DataBase/.vs/Mol_Save_DataBase/FileContentIndex
[2026-09-03 10:02:37] [SUCCESS] 📂 Dossier cree : source/repos/Mol_Save_DataBase/.vs/Mol_Save_DataBase/v16
[2026-09-03 10:02:39] [SUCCESS] 📂 Dossier cree : source/repos/Mol_Save_DataBase/.vs/Mol_Save_DataBase/v17
[2026-09-03 10:02:41] [SUCCESS] 📂 Dossier cree : source/repos/Mol_Save_DataBase/Mol_Save_Common/bin/Debug
[2026-09-03 10:02:43] [SUCCESS] 📂 Dossier cree : source/repos/Mol_Save_DataBase/Mol_Save_Common/bin/Release
[2026-09-03 10:02:45] [SUCCESS] 📂 Dossier cree : source/repos/Mol_Save_DataBase/Mol_Save_Common/obj/Debug
[2026-09-03 10:02:47] [SUCCESS] 📂 Dossier cree : source/repos/Mol_Save_DataBase/Mol_Save_DB/bin/Debug
[2026-09-03 10:02:48] [SUCCESS] 📂 Dossier cree : source/repos/Mol_Save_DataBase/Mol_Save_DB/obj/Debug
[2026-09-03 10:02:50] [SUCCESS] 📂 Dossier cree : source/repos/Mol_Save_DataBase/Mol_Save_DBC/bin/Debug
[2026-09-03 10:02:52] [SUCCESS] 📂 Dossier cree : source/repos/Mol_Save_DataBase/Mol_Save_DBC/obj/Debug
[2026-09-03 10:02:53] [SUCCESS] 📂 Dossier cree : source/repos/Mol_Save_DataBase/packages/System.Configuration.ConfigurationManager.5.0.0/lib
[2026-09-03 10:02:55] [SUCCESS] 📂 Dossier cree : source/repos/Mol_Save_DataBase/packages/System.Configuration.ConfigurationManager.5.0.0/ref
[2026-09-03 10:02:57] [SUCCESS] 📂 Dossier cree : source/repos/Mol_Save_DataBase/packages/System.Data.Common.4.3.0/lib
[2026-09-03 10:03:00] [SUCCESS] 📂 Dossier cree : source/repos/Mol_Save_DataBase/packages/System.Data.Common.4.3.0/ref
[2026-09-03 10:03:02] [SUCCESS] 📂 Dossier cree : source/repos/Mol_Save_DataBase/packages/System.Data.OracleClient.1.0.7/lib
[2026-09-03 10:03:04] [SUCCESS] 📂 Dossier cree : source/repos/Mol_Save_DataBase/packages/System.Security.AccessControl.5.0.0/lib
[2026-09-03 10:03:06] [SUCCESS] 📂 Dossier cree : source/repos/Mol_Save_DataBase/packages/System.Security.AccessControl.5.0.0/ref
[2026-09-03 10:03:08] [SUCCESS] 📂 Dossier cree : source/repos/Mol_Save_DataBase/packages/System.Security.AccessControl.5.0.0/runtimes
[2026-09-03 10:03:09] [SUCCESS] 📂 Dossier cree : source/repos/Mol_Save_DataBase/packages/System.Security.Permissions.5.0.0/lib
[2026-09-03 10:03:11] [SUCCESS] 📂 Dossier cree : source/repos/Mol_Save_DataBase/packages/System.Security.Permissions.5.0.0/ref
[2026-09-03 10:03:13] [SUCCESS] 📂 Dossier cree : source/repos/Mol_Save_DataBase/packages/System.Security.Principal.Windows.5.0.0/lib
[2026-09-03 10:03:14] [SUCCESS] 📂 Dossier cree : source/repos/Mol_Save_DataBase/packages/System.Security.Principal.Windows.5.0.0/ref
[2026-09-03 10:03:16] [SUCCESS] 📂 Dossier cree : source/repos/Mol_Save_DataBase/packages/System.Security.Principal.Windows.5.0.0/runtimes
[2026-09-03 10:03:18] [SUCCESS] 📂 Dossier cree : source/repos/objectif/.vs/objectif/v16
[2026-09-03 10:03:20] [SUCCESS] 📂 Dossier cree : source/repos/objectif/objectif/bin/Development
[2026-09-03 10:03:21] [SUCCESS] 📂 Dossier cree : source/repos/objectif/objectif/obj/Development
[2026-09-03 10:03:23] [SUCCESS] 📂 Dossier cree : source/repos/poc_hack_site/.vs/poc_hack_site/FileContentIndex
[2026-09-03 10:03:24] [SUCCESS] 📂 Dossier cree : source/repos/poc_hack_site/.vs/poc_hack_site/v17
[2026-09-03 10:03:26] [SUCCESS] 📂 Dossier cree : source/repos/poc_hack_site/obj/Debug/TempPE
[2026-09-03 10:03:28] [SUCCESS] 📂 Dossier cree : source/repos/poc_watcher/.vs/poc_watcher/v16
[2026-09-03 10:03:30] [SUCCESS] 📂 Dossier cree : source/repos/poc_watcher/obj/Debug/TempPE
[2026-09-03 10:03:32] [SUCCESS] 📂 Dossier cree : source/repos/pokemonDiamant/.git/logs/refs
[2026-09-03 10:03:33] [SUCCESS] 📂 Dossier cree : source/repos/pokemonDiamant/.git/objects/00
[2026-09-03 10:03:35] [SUCCESS] 📂 Dossier cree : source/repos/pokemonDiamant/.git/objects/02
[2026-09-03 10:03:37] [SUCCESS] 📂 Dossier cree : source/repos/pokemonDiamant/.git/objects/03
[2026-09-03 10:03:39] [SUCCESS] 📂 Dossier cree : source/repos/pokemonDiamant/.git/objects/0a
[2026-09-03 10:03:41] [SUCCESS] 📂 Dossier cree : source/repos/pokemonDiamant/.git/objects/0b
[2026-09-03 10:03:42] [SUCCESS] 📂 Dossier cree : source/repos/pokemonDiamant/.git/objects/0d
[2026-09-03 10:03:44] [SUCCESS] 📂 Dossier cree : source/repos/pokemonDiamant/.git/objects/0e
[2026-09-03 10:03:46] [SUCCESS] 📂 Dossier cree : source/repos/pokemonDiamant/.git/objects/0f
[2026-09-03 10:03:48] [SUCCESS] 📂 Dossier cree : source/repos/pokemonDiamant/.git/objects/10
[2026-09-03 10:03:49] [SUCCESS] 📂 Dossier cree : source/repos/pokemonDiamant/.git/objects/11
[2026-09-03 10:03:51] [SUCCESS] 📂 Dossier cree : source/repos/pokemonDiamant/.git/objects/12
[2026-09-03 10:03:52] [SUCCESS] 📂 Dossier cree : source/repos/pokemonDiamant/.git/objects/13
[2026-09-03 10:03:54] [SUCCESS] 📂 Dossier cree : source/repos/pokemonDiamant/.git/objects/14
[2026-09-03 10:03:56] [SUCCESS] 📂 Dossier cree : source/repos/pokemonDiamant/.git/objects/15
[2026-09-03 10:03:58] [SUCCESS] 📂 Dossier cree : source/repos/pokemonDiamant/.git/objects/17
[2026-09-03 10:04:01] [SUCCESS] 📂 Dossier cree : source/repos/pokemonDiamant/.git/objects/18
[2026-09-03 10:04:04] [SUCCESS] 📂 Dossier cree : source/repos/pokemonDiamant/.git/objects/1b
[2026-09-03 10:04:06] [SUCCESS] 📂 Dossier cree : source/repos/pokemonDiamant/.git/objects/1c
[2026-09-03 10:04:07] [SUCCESS] 📂 Dossier cree : source/repos/pokemonDiamant/.git/objects/1d
[2026-09-03 10:04:10] [SUCCESS] 📂 Dossier cree : source/repos/pokemonDiamant/.git/objects/1e
[2026-09-03 10:04:12] [SUCCESS] 📂 Dossier cree : source/repos/pokemonDiamant/.git/objects/1f
[2026-09-03 10:04:13] [SUCCESS] 📂 Dossier cree : source/repos/pokemonDiamant/.git/objects/20
[2026-09-03 10:04:15] [SUCCESS] 📂 Dossier cree : source/repos/pokemonDiamant/.git/objects/21
[2026-09-03 10:04:17] [SUCCESS] 📂 Dossier cree : source/repos/pokemonDiamant/.git/objects/22
[2026-09-03 10:04:19] [SUCCESS] 📂 Dossier cree : source/repos/pokemonDiamant/.git/objects/23
[2026-09-03 10:04:21] [SUCCESS] 📂 Dossier cree : source/repos/pokemonDiamant/.git/objects/24
[2026-09-03 10:04:23] [SUCCESS] 📂 Dossier cree : source/repos/pokemonDiamant/.git/objects/25
[2026-09-03 10:04:24] [SUCCESS] 📂 Dossier cree : source/repos/pokemonDiamant/.git/objects/26
[2026-09-03 10:04:26] [SUCCESS] 📂 Dossier cree : source/repos/pokemonDiamant/.git/objects/27
[2026-09-03 10:04:28] [SUCCESS] 📂 Dossier cree : source/repos/pokemonDiamant/.git/objects/28
[2026-09-03 10:04:30] [SUCCESS] 📂 Dossier cree : source/repos/pokemonDiamant/.git/objects/2a
[2026-09-03 10:04:31] [SUCCESS] 📂 Dossier cree : source/repos/pokemonDiamant/.git/objects/2b
[2026-09-03 10:04:33] [SUCCESS] 📂 Dossier cree : source/repos/pokemonDiamant/.git/objects/2c
[2026-09-03 10:04:34] [SUCCESS] 📂 Dossier cree : source/repos/pokemonDiamant/.git/objects/2d
[2026-09-03 10:04:36] [SUCCESS] 📂 Dossier cree : source/repos/pokemonDiamant/.git/objects/2e
[2026-09-03 10:04:38] [SUCCESS] 📂 Dossier cree : source/repos/pokemonDiamant/.git/objects/2f
[2026-09-03 10:04:40] [SUCCESS] 📂 Dossier cree : source/repos/pokemonDiamant/.git/objects/33
[2026-09-03 10:04:42] [SUCCESS] 📂 Dossier cree : source/repos/pokemonDiamant/.git/objects/35
[2026-09-03 10:04:43] [SUCCESS] 📂 Dossier cree : source/repos/pokemonDiamant/.git/objects/37
[2026-09-03 10:04:45] [SUCCESS] 📂 Dossier cree : source/repos/pokemonDiamant/.git/objects/38
[2026-09-03 10:04:47] [SUCCESS] 📂 Dossier cree : source/repos/pokemonDiamant/.git/objects/39
[2026-09-03 10:04:50] [SUCCESS] 📂 Dossier cree : source/repos/pokemonDiamant/.git/objects/3a
[2026-09-03 10:04:52] [SUCCESS] 📂 Dossier cree : source/repos/pokemonDiamant/.git/objects/3d
[2026-09-03 10:04:53] [SUCCESS] 📂 Dossier cree : source/repos/pokemonDiamant/.git/objects/3e
[2026-09-03 10:04:55] [SUCCESS] 📂 Dossier cree : source/repos/pokemonDiamant/.git/objects/3f
[2026-09-03 10:04:57] [SUCCESS] 📂 Dossier cree : source/repos/pokemonDiamant/.git/objects/41
[2026-09-03 10:04:59] [SUCCESS] 📂 Dossier cree : source/repos/pokemonDiamant/.git/objects/42
[2026-09-03 10:05:01] [SUCCESS] 📂 Dossier cree : source/repos/pokemonDiamant/.git/objects/47
[2026-09-03 10:05:03] [SUCCESS] 📂 Dossier cree : source/repos/pokemonDiamant/.git/objects/48
[2026-09-03 10:05:05] [SUCCESS] 📂 Dossier cree : source/repos/pokemonDiamant/.git/objects/49
[2026-09-03 10:05:07] [SUCCESS] 📂 Dossier cree : source/repos/pokemonDiamant/.git/objects/4b
[2026-09-03 10:05:10] [SUCCESS] 📂 Dossier cree : source/repos/pokemonDiamant/.git/objects/4c
[2026-09-03 10:05:12] [SUCCESS] 📂 Dossier cree : source/repos/pokemonDiamant/.git/objects/4d
[2026-09-03 10:05:14] [SUCCESS] 📂 Dossier cree : source/repos/pokemonDiamant/.git/objects/4e
[2026-09-03 10:05:16] [SUCCESS] 📂 Dossier cree : source/repos/pokemonDiamant/.git/objects/4f
[2026-09-03 10:05:17] [SUCCESS] 📂 Dossier cree : source/repos/pokemonDiamant/.git/objects/52
[2026-09-03 10:05:19] [SUCCESS] 📂 Dossier cree : source/repos/pokemonDiamant/.git/objects/53
[2026-09-03 10:05:21] [SUCCESS] 📂 Dossier cree : source/repos/pokemonDiamant/.git/objects/55
[2026-09-03 10:05:23] [SUCCESS] 📂 Dossier cree : source/repos/pokemonDiamant/.git/objects/56
[2026-09-03 10:05:24] [SUCCESS] 📂 Dossier cree : source/repos/pokemonDiamant/.git/objects/57
[2026-09-03 10:05:27] [SUCCESS] 📂 Dossier cree : source/repos/pokemonDiamant/.git/objects/58
[2026-09-03 10:05:29] [SUCCESS] 📂 Dossier cree : source/repos/pokemonDiamant/.git/objects/59
[2026-09-03 10:05:31] [SUCCESS] 📂 Dossier cree : source/repos/pokemonDiamant/.git/objects/5b
[2026-09-03 10:05:33] [SUCCESS] 📂 Dossier cree : source/repos/pokemonDiamant/.git/objects/5c
[2026-09-03 10:05:36] [SUCCESS] 📂 Dossier cree : source/repos/pokemonDiamant/.git/objects/5d
[2026-09-03 10:05:38] [SUCCESS] 📂 Dossier cree : source/repos/pokemonDiamant/.git/objects/5e
[2026-09-03 10:05:40] [SUCCESS] 📂 Dossier cree : source/repos/pokemonDiamant/.git/objects/5f
[2026-09-03 10:05:42] [SUCCESS] 📂 Dossier cree : source/repos/pokemonDiamant/.git/objects/60
[2026-09-03 10:05:45] [SUCCESS] 📂 Dossier cree : source/repos/pokemonDiamant/.git/objects/61
[2026-09-03 10:05:47] [SUCCESS] 📂 Dossier cree : source/repos/pokemonDiamant/.git/objects/62
[2026-09-03 10:05:49] [SUCCESS] 📂 Dossier cree : source/repos/pokemonDiamant/.git/objects/64
[2026-09-03 10:05:51] [SUCCESS] 📂 Dossier cree : source/repos/pokemonDiamant/.git/objects/65
[2026-09-03 10:05:53] [SUCCESS] 📂 Dossier cree : source/repos/pokemonDiamant/.git/objects/66
[2026-09-03 10:05:54] [SUCCESS] 📂 Dossier cree : source/repos/pokemonDiamant/.git/objects/67
[2026-09-03 10:05:56] [SUCCESS] 📂 Dossier cree : source/repos/pokemonDiamant/.git/objects/68
[2026-09-03 10:05:58] [SUCCESS] 📂 Dossier cree : source/repos/pokemonDiamant/.git/objects/69
[2026-09-03 10:06:00] [SUCCESS] 📂 Dossier cree : source/repos/pokemonDiamant/.git/objects/6b
[2026-09-03 10:06:02] [SUCCESS] 📂 Dossier cree : source/repos/pokemonDiamant/.git/objects/6c
[2026-09-03 10:06:04] [SUCCESS] 📂 Dossier cree : source/repos/pokemonDiamant/.git/objects/6d
[2026-09-03 10:06:05] [SUCCESS] 📂 Dossier cree : source/repos/pokemonDiamant/.git/objects/6e
[2026-09-03 10:06:07] [SUCCESS] 📂 Dossier cree : source/repos/pokemonDiamant/.git/objects/6f
[2026-09-03 10:06:09] [SUCCESS] 📂 Dossier cree : source/repos/pokemonDiamant/.git/objects/70
[2026-09-03 10:06:11] [SUCCESS] 📂 Dossier cree : source/repos/pokemonDiamant/.git/objects/71
[2026-09-03 10:06:13] [SUCCESS] 📂 Dossier cree : source/repos/pokemonDiamant/.git/objects/72
[2026-09-03 10:06:15] [SUCCESS] 📂 Dossier cree : source/repos/pokemonDiamant/.git/objects/73
[2026-09-03 10:06:17] [SUCCESS] 📂 Dossier cree : source/repos/pokemonDiamant/.git/objects/75
[2026-09-03 10:06:19] [SUCCESS] 📂 Dossier cree : source/repos/pokemonDiamant/.git/objects/77
[2026-09-03 10:06:21] [SUCCESS] 📂 Dossier cree : source/repos/pokemonDiamant/.git/objects/78
[2026-09-03 10:06:22] [SUCCESS] 📂 Dossier cree : source/repos/pokemonDiamant/.git/objects/79
[2026-09-03 10:06:24] [SUCCESS] 📂 Dossier cree : source/repos/pokemonDiamant/.git/objects/7a
[2026-09-03 10:06:26] [SUCCESS] 📂 Dossier cree : source/repos/pokemonDiamant/.git/objects/7b
[2026-09-03 10:06:28] [SUCCESS] 📂 Dossier cree : source/repos/pokemonDiamant/.git/objects/7d
[2026-09-03 10:06:30] [SUCCESS] 📂 Dossier cree : source/repos/pokemonDiamant/.git/objects/7e
[2026-09-03 10:06:32] [SUCCESS] 📂 Dossier cree : source/repos/pokemonDiamant/.git/objects/7f
[2026-09-03 10:06:34] [SUCCESS] 📂 Dossier cree : source/repos/pokemonDiamant/.git/objects/80
[2026-09-03 10:06:36] [SUCCESS] 📂 Dossier cree : source/repos/pokemonDiamant/.git/objects/83
[2026-09-03 10:06:37] [SUCCESS] 📂 Dossier cree : source/repos/pokemonDiamant/.git/objects/84
[2026-09-03 10:06:40] [SUCCESS] 📂 Dossier cree : source/repos/pokemonDiamant/.git/objects/85
[2026-09-03 10:06:42] [SUCCESS] 📂 Dossier cree : source/repos/pokemonDiamant/.git/objects/87
[2026-09-03 10:06:43] [SUCCESS] 📂 Dossier cree : source/repos/pokemonDiamant/.git/objects/88
[2026-09-03 10:06:45] [SUCCESS] 📂 Dossier cree : source/repos/pokemonDiamant/.git/objects/8a
[2026-09-03 10:06:47] [SUCCESS] 📂 Dossier cree : source/repos/pokemonDiamant/.git/objects/8b
[2026-09-03 10:06:49] [SUCCESS] 📂 Dossier cree : source/repos/pokemonDiamant/.git/objects/8d
[2026-09-03 10:06:50] [SUCCESS] 📂 Dossier cree : source/repos/pokemonDiamant/.git/objects/8f
[2026-09-03 10:06:52] [SUCCESS] 📂 Dossier cree : source/repos/pokemonDiamant/.git/objects/90
[2026-09-03 10:06:54] [SUCCESS] 📂 Dossier cree : source/repos/pokemonDiamant/.git/objects/92
[2026-09-03 10:06:56] [SUCCESS] 📂 Dossier cree : source/repos/pokemonDiamant/.git/objects/93
[2026-09-03 10:06:58] [SUCCESS] 📂 Dossier cree : source/repos/pokemonDiamant/.git/objects/94
[2026-09-03 10:07:00] [SUCCESS] 📂 Dossier cree : source/repos/pokemonDiamant/.git/objects/96
[2026-09-03 10:07:02] [SUCCESS] 📂 Dossier cree : source/repos/pokemonDiamant/.git/objects/97
[2026-09-03 10:07:04] [SUCCESS] 📂 Dossier cree : source/repos/pokemonDiamant/.git/objects/98
[2026-09-03 10:07:06] [SUCCESS] 📂 Dossier cree : source/repos/pokemonDiamant/.git/objects/99
[2026-09-03 10:07:08] [SUCCESS] 📂 Dossier cree : source/repos/pokemonDiamant/.git/objects/9a
[2026-09-03 10:07:10] [SUCCESS] 📂 Dossier cree : source/repos/pokemonDiamant/.git/objects/9b
[2026-09-03 10:07:12] [SUCCESS] 📂 Dossier cree : source/repos/pokemonDiamant/.git/objects/9c
[2026-09-03 10:07:14] [SUCCESS] 📂 Dossier cree : source/repos/pokemonDiamant/.git/objects/9e
[2026-09-03 10:07:15] [SUCCESS] 📂 Dossier cree : source/repos/pokemonDiamant/.git/objects/a0
[2026-09-03 10:07:17] [SUCCESS] 📂 Dossier cree : source/repos/pokemonDiamant/.git/objects/a1
[2026-09-03 10:07:19] [SUCCESS] 📂 Dossier cree : source/repos/pokemonDiamant/.git/objects/a2
[2026-09-03 10:07:21] [SUCCESS] 📂 Dossier cree : source/repos/pokemonDiamant/.git/objects/a3
[2026-09-03 10:07:22] [SUCCESS] 📂 Dossier cree : source/repos/pokemonDiamant/.git/objects/a4
[2026-09-03 10:07:24] [SUCCESS] 📂 Dossier cree : source/repos/pokemonDiamant/.git/objects/a6
[2026-09-03 10:07:26] [SUCCESS] 📂 Dossier cree : source/repos/pokemonDiamant/.git/objects/a7
[2026-09-03 10:07:28] [SUCCESS] 📂 Dossier cree : source/repos/pokemonDiamant/.git/objects/a8
[2026-09-03 10:07:30] [SUCCESS] 📂 Dossier cree : source/repos/pokemonDiamant/.git/objects/a9
[2026-09-03 10:07:32] [SUCCESS] 📂 Dossier cree : source/repos/pokemonDiamant/.git/objects/aa
[2026-09-03 10:07:34] [SUCCESS] 📂 Dossier cree : source/repos/pokemonDiamant/.git/objects/ab
[2026-09-03 10:07:35] [SUCCESS] 📂 Dossier cree : source/repos/pokemonDiamant/.git/objects/ac
[2026-09-03 10:07:37] [SUCCESS] 📂 Dossier cree : source/repos/pokemonDiamant/.git/objects/ae
[2026-09-03 10:07:39] [SUCCESS] 📂 Dossier cree : source/repos/pokemonDiamant/.git/objects/af
[2026-09-03 10:07:41] [SUCCESS] 📂 Dossier cree : source/repos/pokemonDiamant/.git/objects/b1
[2026-09-03 10:07:43] [SUCCESS] 📂 Dossier cree : source/repos/pokemonDiamant/.git/objects/b2
[2026-09-03 10:07:45] [SUCCESS] 📂 Dossier cree : source/repos/pokemonDiamant/.git/objects/b3
[2026-09-03 10:07:47] [SUCCESS] 📂 Dossier cree : source/repos/pokemonDiamant/.git/objects/b5
[2026-09-03 10:07:48] [SUCCESS] 📂 Dossier cree : source/repos/pokemonDiamant/.git/objects/b6
[2026-09-03 10:07:50] [SUCCESS] 📂 Dossier cree : source/repos/pokemonDiamant/.git/objects/b7
[2026-09-03 10:07:52] [SUCCESS] 📂 Dossier cree : source/repos/pokemonDiamant/.git/objects/b8
[2026-09-03 10:07:53] [SUCCESS] 📂 Dossier cree : source/repos/pokemonDiamant/.git/objects/b9
[2026-09-03 10:07:55] [SUCCESS] 📂 Dossier cree : source/repos/pokemonDiamant/.git/objects/ba
[2026-09-03 10:07:56] [SUCCESS] 📂 Dossier cree : source/repos/pokemonDiamant/.git/objects/bc
[2026-09-03 10:07:58] [SUCCESS] 📂 Dossier cree : source/repos/pokemonDiamant/.git/objects/bd
[2026-09-03 10:08:00] [SUCCESS] 📂 Dossier cree : source/repos/pokemonDiamant/.git/objects/be
[2026-09-03 10:08:01] [SUCCESS] 📂 Dossier cree : source/repos/pokemonDiamant/.git/objects/bf
[2026-09-03 10:08:03] [SUCCESS] 📂 Dossier cree : source/repos/pokemonDiamant/.git/objects/c0
[2026-09-03 10:08:04] [SUCCESS] 📂 Dossier cree : source/repos/pokemonDiamant/.git/objects/c2
[2026-09-03 10:08:06] [SUCCESS] 📂 Dossier cree : source/repos/pokemonDiamant/.git/objects/c3
[2026-09-03 10:08:08] [SUCCESS] 📂 Dossier cree : source/repos/pokemonDiamant/.git/objects/c4
[2026-09-03 10:08:09] [SUCCESS] 📂 Dossier cree : source/repos/pokemonDiamant/.git/objects/c6
[2026-09-03 10:08:10] [SUCCESS] 📂 Dossier cree : source/repos/pokemonDiamant/.git/objects/c7
[2026-09-03 10:08:12] [SUCCESS] 📂 Dossier cree : source/repos/pokemonDiamant/.git/objects/c8
[2026-09-03 10:08:13] [SUCCESS] 📂 Dossier cree : source/repos/pokemonDiamant/.git/objects/c9
[2026-09-03 10:08:15] [SUCCESS] 📂 Dossier cree : source/repos/pokemonDiamant/.git/objects/ca
[2026-09-03 10:08:16] [SUCCESS] 📂 Dossier cree : source/repos/pokemonDiamant/.git/objects/cb
[2026-09-03 10:08:18] [SUCCESS] 📂 Dossier cree : source/repos/pokemonDiamant/.git/objects/cc
[2026-09-03 10:08:19] [SUCCESS] 📂 Dossier cree : source/repos/pokemonDiamant/.git/objects/cd
[2026-09-03 10:08:21] [SUCCESS] 📂 Dossier cree : source/repos/pokemonDiamant/.git/objects/ce
[2026-09-03 10:08:22] [SUCCESS] 📂 Dossier cree : source/repos/pokemonDiamant/.git/objects/cf
[2026-09-03 10:08:24] [SUCCESS] 📂 Dossier cree : source/repos/pokemonDiamant/.git/objects/d1
[2026-09-03 10:08:25] [SUCCESS] 📂 Dossier cree : source/repos/pokemonDiamant/.git/objects/d2
[2026-09-03 10:08:27] [SUCCESS] Token Graph obtenu pour tenant 2eea08b8-1972-447b-ad43-d044d042500a
[2026-09-03 10:08:27] [SUCCESS] 📂 Dossier cree : source/repos/pokemonDiamant/.git/objects/d4
[2026-09-03 10:08:29] [SUCCESS] 📂 Dossier cree : source/repos/pokemonDiamant/.git/objects/d6
[2026-09-03 10:08:30] [SUCCESS] 📂 Dossier cree : source/repos/pokemonDiamant/.git/objects/d8
[2026-09-03 10:08:32] [SUCCESS] 📂 Dossier cree : source/repos/pokemonDiamant/.git/objects/d9
[2026-09-03 10:08:33] [SUCCESS] 📂 Dossier cree : source/repos/pokemonDiamant/.git/objects/da
[2026-09-03 10:08:35] [SUCCESS] 📂 Dossier cree : source/repos/pokemonDiamant/.git/objects/db
[2026-09-03 10:08:37] [SUCCESS] 📂 Dossier cree : source/repos/pokemonDiamant/.git/objects/dc
[2026-09-03 10:08:38] [SUCCESS] 📂 Dossier cree : source/repos/pokemonDiamant/.git/objects/de
[2026-09-03 10:08:40] [SUCCESS] 📂 Dossier cree : source/repos/pokemonDiamant/.git/objects/df
[2026-09-03 10:08:41] [SUCCESS] 📂 Dossier cree : source/repos/pokemonDiamant/.git/objects/e0
[2026-09-03 10:08:43] [SUCCESS] 📂 Dossier cree : source/repos/pokemonDiamant/.git/objects/e1
[2026-09-03 10:08:44] [SUCCESS] 📂 Dossier cree : source/repos/pokemonDiamant/.git/objects/e4
[2026-09-03 10:08:46] [SUCCESS] 📂 Dossier cree : source/repos/pokemonDiamant/.git/objects/e5
[2026-09-03 10:08:47] [SUCCESS] 📂 Dossier cree : source/repos/pokemonDiamant/.git/objects/e6
[2026-09-03 10:08:49] [SUCCESS] 📂 Dossier cree : source/repos/pokemonDiamant/.git/objects/e7
[2026-09-03 10:08:50] [SUCCESS] 📂 Dossier cree : source/repos/pokemonDiamant/.git/objects/e9
[2026-09-03 10:08:52] [SUCCESS] 📂 Dossier cree : source/repos/pokemonDiamant/.git/objects/ea
[2026-09-03 10:08:53] [SUCCESS] 📂 Dossier cree : source/repos/pokemonDiamant/.git/objects/eb
[2026-09-03 10:08:55] [SUCCESS] 📂 Dossier cree : source/repos/pokemonDiamant/.git/objects/ec
[2026-09-03 10:08:57] [SUCCESS] 📂 Dossier cree : source/repos/pokemonDiamant/.git/objects/ee
[2026-09-03 10:08:58] [SUCCESS] 📂 Dossier cree : source/repos/pokemonDiamant/.git/objects/f0
[2026-09-03 10:09:00] [SUCCESS] 📂 Dossier cree : source/repos/pokemonDiamant/.git/objects/f1
[2026-09-03 10:09:02] [SUCCESS] 📂 Dossier cree : source/repos/pokemonDiamant/.git/objects/f2
[2026-09-03 10:09:03] [SUCCESS] 📂 Dossier cree : source/repos/pokemonDiamant/.git/objects/f3
[2026-09-03 10:09:05] [SUCCESS] 📂 Dossier cree : source/repos/pokemonDiamant/.git/objects/f5
[2026-09-03 10:09:07] [SUCCESS] 📂 Dossier cree : source/repos/pokemonDiamant/.git/objects/f6
[2026-09-03 10:09:08] [SUCCESS] 📂 Dossier cree : source/repos/pokemonDiamant/.git/objects/f7
[2026-09-03 10:09:10] [SUCCESS] 📂 Dossier cree : source/repos/pokemonDiamant/.git/objects/f9
[2026-09-03 10:09:11] [SUCCESS] 📂 Dossier cree : source/repos/pokemonDiamant/.git/objects/fa
[2026-09-03 10:09:13] [SUCCESS] 📂 Dossier cree : source/repos/pokemonDiamant/.git/objects/fb
[2026-09-03 10:09:15] [SUCCESS] 📂 Dossier cree : source/repos/pokemonDiamant/.git/objects/fc
[2026-09-03 10:09:16] [SUCCESS] 📂 Dossier cree : source/repos/pokemonDiamant/.git/objects/fe
[2026-09-03 10:09:18] [SUCCESS] 📂 Dossier cree : source/repos/pokemonDiamant/.git/objects/ff
[2026-09-03 10:09:19] [SUCCESS] 📂 Dossier cree : source/repos/pokemonDiamant/.git/objects/info
[2026-09-03 10:09:20] [SUCCESS] 📂 Dossier cree : source/repos/pokemonDiamant/.git/objects/pack
[2026-09-03 10:09:22] [SUCCESS] 📂 Dossier cree : source/repos/pokemonDiamant/.git/refs/heads
[2026-09-03 10:09:23] [SUCCESS] 📂 Dossier cree : source/repos/pokemonDiamant/.git/refs/remotes
[2026-09-03 10:09:25] [SUCCESS] 📂 Dossier cree : source/repos/pokemonDiamant/.git/refs/tags
[2026-09-03 10:09:26] [SUCCESS] 📂 Dossier cree : source/repos/pokemonDiamant/.vs/pokemonDiamant/config
[2026-09-03 10:09:28] [SUCCESS] 📂 Dossier cree : source/repos/pokemonDiamant/.vs/pokemonDiamant/FileContentIndex
[2026-09-03 10:09:29] [SUCCESS] 📂 Dossier cree : source/repos/pokemonDiamant/.vs/pokemonDiamant/v16
[2026-09-03 10:09:31] [SUCCESS] 📂 Dossier cree : source/repos/pokemonDiamant/.vs/pokemonDiamant/v17
[2026-09-03 10:09:33] [SUCCESS] 📂 Dossier cree : source/repos/pokemonDiamant/packages/Antlr.3.5.0.2/lib
[2026-09-03 10:09:34] [SUCCESS] 📂 Dossier cree : source/repos/pokemonDiamant/packages/bootstrap.3.4.1/content
[2026-09-03 10:09:37] [SUCCESS] 📂 Dossier cree : source/repos/pokemonDiamant/packages/bootstrap.3.4.1/contentFiles
[2026-09-03 10:09:39] [SUCCESS] 📂 Dossier cree : source/repos/pokemonDiamant/packages/jQuery.3.4.1/Content
[2026-09-03 10:09:42] [SUCCESS] 📂 Dossier cree : source/repos/pokemonDiamant/packages/jQuery.3.4.1/Tools
[2026-09-03 10:09:43] [SUCCESS] 📂 Dossier cree : source/repos/pokemonDiamant/packages/jQuery.Validation.1.17.0/Content
[2026-09-03 10:09:45] [SUCCESS] 📂 Dossier cree : source/repos/pokemonDiamant/packages/Microsoft.AspNet.Mvc.5.2.7/Content
[2026-09-03 10:09:47] [SUCCESS] 📂 Dossier cree : source/repos/pokemonDiamant/packages/Microsoft.AspNet.Mvc.5.2.7/lib
[2026-09-03 10:09:48] [SUCCESS] 📂 Dossier cree : source/repos/pokemonDiamant/packages/Microsoft.AspNet.Mvc.fr.5.2.7/lib
[2026-09-03 10:09:50] [SUCCESS] 📂 Dossier cree : source/repos/pokemonDiamant/packages/Microsoft.AspNet.Razor.3.2.7/lib
[2026-09-03 10:09:51] [SUCCESS] 📂 Dossier cree : source/repos/pokemonDiamant/packages/Microsoft.AspNet.Razor.fr.3.2.7/lib
[2026-09-03 10:09:53] [SUCCESS] 📂 Dossier cree : source/repos/pokemonDiamant/packages/Microsoft.AspNet.Web.Optimization.1.1.3/lib
[2026-09-03 10:09:55] [SUCCESS] 📂 Dossier cree : source/repos/pokemonDiamant/packages/Microsoft.AspNet.Web.Optimization.fr.1.1.3/lib
[2026-09-03 10:09:56] [SUCCESS] 📂 Dossier cree : source/repos/pokemonDiamant/packages/Microsoft.AspNet.WebPages.3.2.7/Content
[2026-09-03 10:09:59] [SUCCESS] 📂 Dossier cree : source/repos/pokemonDiamant/packages/Microsoft.AspNet.WebPages.3.2.7/lib
[2026-09-03 10:10:00] [SUCCESS] 📂 Dossier cree : source/repos/pokemonDiamant/packages/Microsoft.AspNet.WebPages.fr.3.2.7/lib
[2026-09-03 10:10:02] [SUCCESS] 📂 Dossier cree : source/repos/pokemonDiamant/packages/Microsoft.Bcl.AsyncInterfaces.6.0.0/lib
[2026-09-03 10:10:04] [SUCCESS] 📂 Dossier cree : source/repos/pokemonDiamant/packages/Microsoft.CodeDom.Providers.DotNetCompilerPlatform.2.0.1/build
[2026-09-03 10:10:06] [SUCCESS] 📂 Dossier cree : source/repos/pokemonDiamant/packages/Microsoft.CodeDom.Providers.DotNetCompilerPlatform.2.0.1/content
[2026-09-03 10:10:08] [SUCCESS] 📂 Dossier cree : source/repos/pokemonDiamant/packages/Microsoft.CodeDom.Providers.DotNetCompilerPlatform.2.0.1/lib
[2026-09-03 10:10:09] [SUCCESS] 📂 Dossier cree : source/repos/pokemonDiamant/packages/Microsoft.CodeDom.Providers.DotNetCompilerPlatform.2.0.1/tools
[2026-09-03 10:10:11] [SUCCESS] 📂 Dossier cree : source/repos/pokemonDiamant/packages/Microsoft.jQuery.Unobtrusive.Validation.3.2.11/Content
[2026-09-03 10:10:12] [SUCCESS] 📂 Dossier cree : source/repos/pokemonDiamant/packages/Microsoft.Office.Interop.Word.15.0.4797.1004/lib
[2026-09-03 10:10:14] [SUCCESS] 📂 Dossier cree : source/repos/pokemonDiamant/packages/Microsoft.SharePoint.Client.14.0.4762.1000/lib
[2026-09-03 10:10:16] [SUCCESS] 📂 Dossier cree : source/repos/pokemonDiamant/packages/Microsoft.SharePointOnline.CSOM.16.1.23019.12000/lib
[2026-09-03 10:10:18] [SUCCESS] 📂 Dossier cree : source/repos/pokemonDiamant/packages/Microsoft.Web.Infrastructure.1.0.0.0/lib
[2026-09-03 10:10:19] [SUCCESS] 📂 Dossier cree : source/repos/pokemonDiamant/packages/Modernizr.2.8.3/Content
[2026-09-03 10:10:21] [SUCCESS] 📂 Dossier cree : source/repos/pokemonDiamant/packages/Modernizr.2.8.3/Tools
[2026-09-03 10:10:23] [SUCCESS] 📂 Dossier cree : source/repos/pokemonDiamant/packages/MvcCheckBoxList.1.4.5/lib
[2026-09-03 10:10:24] [SUCCESS] 📂 Dossier cree : source/repos/pokemonDiamant/packages/Newtonsoft.Json.12.0.2/lib
[2026-09-03 10:10:26] [SUCCESS] 📂 Dossier cree : source/repos/pokemonDiamant/packages/Oracle.ManagedDataAccess.21.8.0/bin
[2026-09-03 10:10:28] [SUCCESS] 📂 Dossier cree : source/repos/pokemonDiamant/packages/Oracle.ManagedDataAccess.21.8.0/content
[2026-09-03 10:10:30] [SUCCESS] 📂 Dossier cree : source/repos/pokemonDiamant/packages/Oracle.ManagedDataAccess.21.8.0/lib
[2026-09-03 10:10:32] [SUCCESS] 📂 Dossier cree : source/repos/pokemonDiamant/packages/Oracle.ManagedDataAccess.21.8.0/PerfCounters
[2026-09-03 10:10:33] [SUCCESS] 📂 Dossier cree : source/repos/pokemonDiamant/packages/System.Buffers.4.5.1/lib
[2026-09-03 10:10:35] [SUCCESS] 📂 Dossier cree : source/repos/pokemonDiamant/packages/System.Buffers.4.5.1/ref
[2026-09-03 10:10:36] [SUCCESS] 📂 Dossier cree : source/repos/pokemonDiamant/packages/System.IO.FileSystem.4.3.0/lib
[2026-09-03 10:10:39] [SUCCESS] 📂 Dossier cree : source/repos/pokemonDiamant/packages/System.IO.FileSystem.4.3.0/ref
[2026-09-03 10:10:41] [SUCCESS] 📂 Dossier cree : source/repos/pokemonDiamant/packages/System.IO.FileSystem.Primitives.4.3.0/lib
[2026-09-03 10:10:42] [SUCCESS] 📂 Dossier cree : source/repos/pokemonDiamant/packages/System.IO.FileSystem.Primitives.4.3.0/ref
[2026-09-03 10:10:44] [SUCCESS] 📂 Dossier cree : source/repos/pokemonDiamant/packages/System.Memory.4.5.4/lib
[2026-09-03 10:10:46] [SUCCESS] 📂 Dossier cree : source/repos/pokemonDiamant/packages/System.Memory.4.5.4/ref
[2026-09-03 10:10:47] [SUCCESS] 📂 Dossier cree : source/repos/pokemonDiamant/packages/System.Numerics.Vectors.4.5.0/lib
[2026-09-03 10:10:49] [SUCCESS] 📂 Dossier cree : source/repos/pokemonDiamant/packages/System.Numerics.Vectors.4.5.0/ref
[2026-09-03 10:10:50] [SUCCESS] 📂 Dossier cree : source/repos/pokemonDiamant/packages/System.Runtime.CompilerServices.Unsafe.6.0.0/buildTransitive
[2026-09-03 10:10:52] [SUCCESS] 📂 Dossier cree : source/repos/pokemonDiamant/packages/System.Runtime.CompilerServices.Unsafe.6.0.0/lib
[2026-09-03 10:10:53] [SUCCESS] 📂 Dossier cree : source/repos/pokemonDiamant/packages/System.Text.Encodings.Web.6.0.0/buildTransitive
[2026-09-03 10:10:55] [SUCCESS] 📂 Dossier cree : source/repos/pokemonDiamant/packages/System.Text.Encodings.Web.6.0.0/lib
[2026-09-03 10:10:57] [SUCCESS] 📂 Dossier cree : source/repos/pokemonDiamant/packages/System.Text.Encodings.Web.6.0.0/runtimes
[2026-09-03 10:10:58] [SUCCESS] 📂 Dossier cree : source/repos/pokemonDiamant/packages/System.Text.Json.6.0.0/analyzers
[2026-09-03 10:11:00] [SUCCESS] 📂 Dossier cree : source/repos/pokemonDiamant/packages/System.Text.Json.6.0.0/build
[2026-09-03 10:11:02] [SUCCESS] 📂 Dossier cree : source/repos/pokemonDiamant/packages/System.Text.Json.6.0.0/buildTransitive
[2026-09-03 10:11:04] [SUCCESS] 📂 Dossier cree : source/repos/pokemonDiamant/packages/System.Text.Json.6.0.0/lib
[2026-09-03 10:11:06] [SUCCESS] 📂 Dossier cree : source/repos/pokemonDiamant/packages/System.Threading.Tasks.Extensions.4.5.4/lib
[2026-09-03 10:11:10] [SUCCESS] 📂 Dossier cree : source/repos/pokemonDiamant/packages/System.Threading.Tasks.Extensions.4.5.4/ref
[2026-09-03 10:11:12] [SUCCESS] 📂 Dossier cree : source/repos/pokemonDiamant/packages/System.ValueTuple.4.5.0/lib
[2026-09-03 10:11:13] [SUCCESS] 📂 Dossier cree : source/repos/pokemonDiamant/packages/System.ValueTuple.4.5.0/ref
[2026-09-03 10:11:15] [SUCCESS] 📂 Dossier cree : source/repos/pokemonDiamant/packages/WebGrease.1.6.0/lib
[2026-09-03 10:11:17] [SUCCESS] 📂 Dossier cree : source/repos/pokemonDiamant/packages/WebGrease.1.6.0/tools
[2026-09-03 10:11:18] [SUCCESS] 📂 Dossier cree : source/repos/pokemonDiamant/pokemonDiamant/bin/fr
[2026-09-03 10:11:20] [SUCCESS] 📂 Dossier cree : source/repos/pokemonDiamant/pokemonDiamant/bin/roslyn
[2026-09-03 10:11:22] [SUCCESS] 📂 Dossier cree : source/repos/pokemonDiamant/pokemonDiamant/lib/bootstrap
[2026-09-03 10:11:24] [SUCCESS] 📂 Dossier cree : source/repos/pokemonDiamant/pokemonDiamant/obj/Debug
[2026-09-03 10:11:25] [SUCCESS] 📂 Dossier cree : source/repos/pokemonDiamant/pokemonDiamant/obj/Release
[2026-09-03 10:11:27] [SUCCESS] 📂 Dossier cree : source/repos/pokemonDiamant/pokemonDiamant/Properties/PublishProfiles
[2026-09-03 10:11:29] [SUCCESS] 📂 Dossier cree : source/repos/pokemonDiamant/pokemonDiamant/Views/Avis
[2026-09-03 10:11:31] [SUCCESS] 📂 Dossier cree : source/repos/pokemonDiamant/pokemonDiamant/Views/Home
[2026-09-03 10:11:33] [SUCCESS] 📂 Dossier cree : source/repos/pokemonDiamant/pokemonDiamant/Views/Shared
[2026-09-03 10:11:34] [SUCCESS] 📂 Dossier cree : source/repos/pokemonDiamant/pokemonDiamant/Views/test
[2026-09-03 10:11:36] [SUCCESS] 📂 Dossier cree : source/repos/pouky/.vs/pouky/config
[2026-09-03 10:11:38] [SUCCESS] 📂 Dossier cree : source/repos/pouky/.vs/pouky/v16
[2026-09-03 10:11:39] [SUCCESS] 📂 Dossier cree : source/repos/pouky/packages/Antlr.3.5.0.2/lib
[2026-09-03 10:11:41] [SUCCESS] 📂 Dossier cree : source/repos/pouky/packages/bootstrap.3.4.1/content
[2026-09-03 10:11:43] [SUCCESS] 📂 Dossier cree : source/repos/pouky/packages/bootstrap.3.4.1/contentFiles
[2026-09-03 10:11:44] [SUCCESS] 📂 Dossier cree : source/repos/pouky/packages/jQuery.3.4.1/Content
[2026-09-03 10:11:46] [SUCCESS] 📂 Dossier cree : source/repos/pouky/packages/jQuery.3.4.1/Tools
[2026-09-03 10:11:48] [SUCCESS] 📂 Dossier cree : source/repos/pouky/packages/jQuery.Validation.1.17.0/Content
[2026-09-03 10:11:50] [SUCCESS] 📂 Dossier cree : source/repos/pouky/packages/Microsoft.AspNet.Mvc.5.2.7/Content
[2026-09-03 10:11:53] [SUCCESS] 📂 Dossier cree : source/repos/pouky/packages/Microsoft.AspNet.Mvc.5.2.7/lib
[2026-09-03 10:11:54] [SUCCESS] 📂 Dossier cree : source/repos/pouky/packages/Microsoft.AspNet.Mvc.fr.5.2.7/lib
[2026-09-03 10:11:56] [SUCCESS] 📂 Dossier cree : source/repos/pouky/packages/Microsoft.AspNet.Razor.3.2.7/lib
[2026-09-03 10:11:58] [SUCCESS] 📂 Dossier cree : source/repos/pouky/packages/Microsoft.AspNet.Razor.fr.3.2.7/lib
[2026-09-03 10:11:59] [SUCCESS] 📂 Dossier cree : source/repos/pouky/packages/Microsoft.AspNet.Web.Optimization.1.1.3/lib
[2026-09-03 10:12:01] [SUCCESS] 📂 Dossier cree : source/repos/pouky/packages/Microsoft.AspNet.Web.Optimization.fr.1.1.3/lib
[2026-09-03 10:12:03] [SUCCESS] 📂 Dossier cree : source/repos/pouky/packages/Microsoft.AspNet.WebPages.3.2.7/Content
[2026-09-03 10:12:04] [SUCCESS] 📂 Dossier cree : source/repos/pouky/packages/Microsoft.AspNet.WebPages.3.2.7/lib
[2026-09-03 10:12:06] [SUCCESS] 📂 Dossier cree : source/repos/pouky/packages/Microsoft.AspNet.WebPages.fr.3.2.7/lib
[2026-09-03 10:12:07] [SUCCESS] 📂 Dossier cree : source/repos/pouky/packages/Microsoft.Bcl.AsyncInterfaces.6.0.0/lib
[2026-09-03 10:12:09] [SUCCESS] 📂 Dossier cree : source/repos/pouky/packages/Microsoft.CodeDom.Providers.DotNetCompilerPlatform.2.0.1/build
[2026-09-03 10:12:10] [SUCCESS] 📂 Dossier cree : source/repos/pouky/packages/Microsoft.CodeDom.Providers.DotNetCompilerPlatform.2.0.1/content
[2026-09-03 10:12:12] [SUCCESS] 📂 Dossier cree : source/repos/pouky/packages/Microsoft.CodeDom.Providers.DotNetCompilerPlatform.2.0.1/lib
[2026-09-03 10:12:13] [SUCCESS] 📂 Dossier cree : source/repos/pouky/packages/Microsoft.CodeDom.Providers.DotNetCompilerPlatform.2.0.1/tools
[2026-09-03 10:12:15] [SUCCESS] 📂 Dossier cree : source/repos/pouky/packages/Microsoft.jQuery.Unobtrusive.Validation.3.2.11/Content
[2026-09-03 10:12:16] [SUCCESS] 📂 Dossier cree : source/repos/pouky/packages/Microsoft.SharePoint.Client.14.0.4762.1000/lib
[2026-09-03 10:12:18] [SUCCESS] 📂 Dossier cree : source/repos/pouky/packages/Microsoft.SharePoint.Client.Online.CSOM.15.0.4919.1000/lib
[2026-09-03 10:12:20] [SUCCESS] 📂 Dossier cree : source/repos/pouky/packages/Microsoft.Web.Infrastructure.1.0.0.0/lib
[2026-09-03 10:12:22] [SUCCESS] 📂 Dossier cree : source/repos/pouky/packages/Modernizr.2.8.3/Content
[2026-09-03 10:12:23] [SUCCESS] 📂 Dossier cree : source/repos/pouky/packages/Modernizr.2.8.3/Tools
[2026-09-03 10:12:25] [SUCCESS] 📂 Dossier cree : source/repos/pouky/packages/MvcCheckBoxList.1.4.5/lib
[2026-09-03 10:12:26] [SUCCESS] 📂 Dossier cree : source/repos/pouky/packages/Newtonsoft.Json.12.0.2/lib
[2026-09-03 10:12:28] [SUCCESS] 📂 Dossier cree : source/repos/pouky/packages/Oracle.ManagedDataAccess.21.7.0/bin
[2026-09-03 10:12:30] [SUCCESS] 📂 Dossier cree : source/repos/pouky/packages/Oracle.ManagedDataAccess.21.7.0/content
[2026-09-03 10:12:31] [SUCCESS] 📂 Dossier cree : source/repos/pouky/packages/Oracle.ManagedDataAccess.21.7.0/lib
[2026-09-03 10:12:33] [SUCCESS] 📂 Dossier cree : source/repos/pouky/packages/Oracle.ManagedDataAccess.21.7.0/PerfCounters
[2026-09-03 10:12:35] [SUCCESS] 📂 Dossier cree : source/repos/pouky/packages/SharePoint.15.0.0/lib
[2026-09-03 10:12:36] [SUCCESS] 📂 Dossier cree : source/repos/pouky/packages/SharePoint.Client.Office.Tools.15.0.4907.1000/lib
[2026-09-03 10:12:38] [SUCCESS] 📂 Dossier cree : source/repos/pouky/packages/System.Buffers.4.5.1/lib
[2026-09-03 10:12:40] [SUCCESS] 📂 Dossier cree : source/repos/pouky/packages/System.Buffers.4.5.1/ref
[2026-09-03 10:12:42] [SUCCESS] 📂 Dossier cree : source/repos/pouky/packages/System.Memory.4.5.4/lib
[2026-09-03 10:12:43] [SUCCESS] 📂 Dossier cree : source/repos/pouky/packages/System.Memory.4.5.4/ref
[2026-09-03 10:12:45] [SUCCESS] 📂 Dossier cree : source/repos/pouky/packages/System.Numerics.Vectors.4.5.0/lib
[2026-09-03 10:12:46] [SUCCESS] 📂 Dossier cree : source/repos/pouky/packages/System.Numerics.Vectors.4.5.0/ref
[2026-09-03 10:12:48] [SUCCESS] 📂 Dossier cree : source/repos/pouky/packages/System.Runtime.CompilerServices.Unsafe.6.0.0/buildTransitive
[2026-09-03 10:12:50] [SUCCESS] 📂 Dossier cree : source/repos/pouky/packages/System.Runtime.CompilerServices.Unsafe.6.0.0/lib
[2026-09-03 10:12:51] [SUCCESS] 📂 Dossier cree : source/repos/pouky/packages/System.Text.Encodings.Web.6.0.0/buildTransitive
[2026-09-03 10:12:53] [SUCCESS] 📂 Dossier cree : source/repos/pouky/packages/System.Text.Encodings.Web.6.0.0/lib
[2026-09-03 10:12:55] [SUCCESS] 📂 Dossier cree : source/repos/pouky/packages/System.Text.Encodings.Web.6.0.0/runtimes
[2026-09-03 10:12:56] [SUCCESS] 📂 Dossier cree : source/repos/pouky/packages/System.Text.Json.6.0.0/analyzers
[2026-09-03 10:12:57] [SUCCESS] 📂 Dossier cree : source/repos/pouky/packages/System.Text.Json.6.0.0/build
[2026-09-03 10:12:59] [SUCCESS] 📂 Dossier cree : source/repos/pouky/packages/System.Text.Json.6.0.0/buildTransitive
[2026-09-03 10:13:00] [SUCCESS] 📂 Dossier cree : source/repos/pouky/packages/System.Text.Json.6.0.0/lib
[2026-09-03 10:13:03] [SUCCESS] 📂 Dossier cree : source/repos/pouky/packages/System.Threading.Tasks.Extensions.4.5.4/lib
[2026-09-03 10:13:05] [SUCCESS] 📂 Dossier cree : source/repos/pouky/packages/System.Threading.Tasks.Extensions.4.5.4/ref
[2026-09-03 10:13:06] [SUCCESS] 📂 Dossier cree : source/repos/pouky/packages/System.ValueTuple.4.5.0/lib
[2026-09-03 10:13:07] [SUCCESS] 📂 Dossier cree : source/repos/pouky/packages/System.ValueTuple.4.5.0/ref
[2026-09-03 10:13:09] [SUCCESS] 📂 Dossier cree : source/repos/pouky/packages/WebGrease.1.6.0/lib
[2026-09-03 10:13:11] [SUCCESS] 📂 Dossier cree : source/repos/pouky/packages/WebGrease.1.6.0/tools
[2026-09-03 10:13:12] [SUCCESS] 📂 Dossier cree : source/repos/pouky/pouky/bin/fr
[2026-09-03 10:13:14] [SUCCESS] 📂 Dossier cree : source/repos/pouky/pouky/bin/roslyn
[2026-09-03 10:13:15] [SUCCESS] 📂 Dossier cree : source/repos/pouky/pouky/obj/Debug
[2026-09-03 10:13:17] [SUCCESS] 📂 Dossier cree : source/repos/pouky/pouky/Views/Avis
[2026-09-03 10:13:18] [SUCCESS] 📂 Dossier cree : source/repos/pouky/pouky/Views/Home
[2026-09-03 10:13:20] [SUCCESS] 📂 Dossier cree : source/repos/pouky/pouky/Views/Shared
[2026-09-03 10:13:21] [SUCCESS] 📂 Dossier cree : source/repos/pouky/pouky/Views/test
[2026-09-03 10:13:23] [SUCCESS] 📂 Dossier cree : source/repos/poukymon/.vs/poukymon/config
[2026-09-03 10:13:24] [SUCCESS] 📂 Dossier cree : source/repos/poukymon/.vs/poukymon/FileContentIndex
[2026-09-03 10:13:26] [SUCCESS] 📂 Dossier cree : source/repos/poukymon/.vs/poukymon/v16
[2026-09-03 10:13:28] [SUCCESS] 📂 Dossier cree : source/repos/poukymon/.vs/poukymon/v17
[2026-09-03 10:13:29] [SUCCESS] 📂 Dossier cree : source/repos/poukymon/packages/Antlr.3.5.0.2/lib
[2026-09-03 10:13:31] [SUCCESS] 📂 Dossier cree : source/repos/poukymon/packages/bootstrap.3.4.1/content
[2026-09-03 10:13:32] [SUCCESS] 📂 Dossier cree : source/repos/poukymon/packages/bootstrap.3.4.1/contentFiles
[2026-09-03 10:13:34] [SUCCESS] 📂 Dossier cree : source/repos/poukymon/packages/bootstrap.5.2.2/content
[2026-09-03 10:13:36] [SUCCESS] 📂 Dossier cree : source/repos/poukymon/packages/bootstrap.5.2.2/contentFiles
[2026-09-03 10:13:37] [SUCCESS] 📂 Dossier cree : source/repos/poukymon/packages/jQuery.3.4.1/Content
[2026-09-03 10:13:39] [SUCCESS] 📂 Dossier cree : source/repos/poukymon/packages/jQuery.3.4.1/Tools
[2026-09-03 10:13:40] [SUCCESS] 📂 Dossier cree : source/repos/poukymon/packages/jQuery.Validation.1.17.0/Content
[2026-09-03 10:13:42] [SUCCESS] 📂 Dossier cree : source/repos/poukymon/packages/Microsoft.AspNet.Mvc.5.2.7/Content
[2026-09-03 10:13:44] [SUCCESS] 📂 Dossier cree : source/repos/poukymon/packages/Microsoft.AspNet.Mvc.5.2.7/lib
[2026-09-03 10:13:45] [SUCCESS] 📂 Dossier cree : source/repos/poukymon/packages/Microsoft.AspNet.Mvc.fr.5.2.7/lib
[2026-09-03 10:13:47] [SUCCESS] 📂 Dossier cree : source/repos/poukymon/packages/Microsoft.AspNet.Razor.3.2.7/lib
[2026-09-03 10:13:49] [SUCCESS] 📂 Dossier cree : source/repos/poukymon/packages/Microsoft.AspNet.Razor.fr.3.2.7/lib
[2026-09-03 10:13:50] [SUCCESS] 📂 Dossier cree : source/repos/poukymon/packages/Microsoft.AspNet.Web.Optimization.1.1.3/lib
[2026-09-03 10:13:52] [SUCCESS] 📂 Dossier cree : source/repos/poukymon/packages/Microsoft.AspNet.Web.Optimization.fr.1.1.3/lib
[2026-09-03 10:13:53] [SUCCESS] 📂 Dossier cree : source/repos/poukymon/packages/Microsoft.AspNet.WebPages.3.2.7/Content
[2026-09-03 10:13:55] [SUCCESS] 📂 Dossier cree : source/repos/poukymon/packages/Microsoft.AspNet.WebPages.3.2.7/lib
[2026-09-03 10:13:56] [SUCCESS] 📂 Dossier cree : source/repos/poukymon/packages/Microsoft.AspNet.WebPages.fr.3.2.7/lib
[2026-09-03 10:13:58] [SUCCESS] 📂 Dossier cree : source/repos/poukymon/packages/Microsoft.Bcl.AsyncInterfaces.6.0.0/lib
[2026-09-03 10:13:59] [SUCCESS] 📂 Dossier cree : source/repos/poukymon/packages/Microsoft.CodeDom.Providers.DotNetCompilerPlatform.2.0.1/build
[2026-09-03 10:14:01] [SUCCESS] 📂 Dossier cree : source/repos/poukymon/packages/Microsoft.CodeDom.Providers.DotNetCompilerPlatform.2.0.1/content
[2026-09-03 10:14:03] [SUCCESS] 📂 Dossier cree : source/repos/poukymon/packages/Microsoft.CodeDom.Providers.DotNetCompilerPlatform.2.0.1/lib
[2026-09-03 10:14:04] [SUCCESS] 📂 Dossier cree : source/repos/poukymon/packages/Microsoft.CodeDom.Providers.DotNetCompilerPlatform.2.0.1/tools
[2026-09-03 10:14:06] [SUCCESS] 📂 Dossier cree : source/repos/poukymon/packages/Microsoft.jQuery.Unobtrusive.Validation.3.2.11/Content
[2026-09-03 10:14:07] [SUCCESS] 📂 Dossier cree : source/repos/poukymon/packages/Microsoft.Office.Interop.Word.15.0.4797.1004/lib
[2026-09-03 10:14:09] [SUCCESS] 📂 Dossier cree : source/repos/poukymon/packages/Microsoft.SharePoint.Client.14.0.4762.1000/lib
[2026-09-03 10:14:11] [SUCCESS] 📂 Dossier cree : source/repos/poukymon/packages/Microsoft.SharePointOnline.CSOM.16.1.23019.12000/lib
[2026-09-03 10:14:12] [SUCCESS] 📂 Dossier cree : source/repos/poukymon/packages/Microsoft.Web.Infrastructure.1.0.0.0/lib
[2026-09-03 10:14:14] [SUCCESS] 📂 Dossier cree : source/repos/poukymon/packages/Modernizr.2.8.3/Content
[2026-09-03 10:14:15] [SUCCESS] 📂 Dossier cree : source/repos/poukymon/packages/Modernizr.2.8.3/Tools
[2026-09-03 10:14:17] [SUCCESS] 📂 Dossier cree : source/repos/poukymon/packages/MvcCheckBoxList.1.4.5/lib
[2026-09-03 10:14:18] [SUCCESS] 📂 Dossier cree : source/repos/poukymon/packages/Newtonsoft.Json.12.0.2/lib
[2026-09-03 10:14:20] [SUCCESS] 📂 Dossier cree : source/repos/poukymon/packages/Oracle.ManagedDataAccess.21.8.0/bin
[2026-09-03 10:14:21] [SUCCESS] 📂 Dossier cree : source/repos/poukymon/packages/Oracle.ManagedDataAccess.21.8.0/content
[2026-09-03 10:14:23] [SUCCESS] 📂 Dossier cree : source/repos/poukymon/packages/Oracle.ManagedDataAccess.21.8.0/lib
[2026-09-03 10:14:25] [SUCCESS] 📂 Dossier cree : source/repos/poukymon/packages/Oracle.ManagedDataAccess.21.8.0/PerfCounters
[2026-09-03 10:14:27] [SUCCESS] 📂 Dossier cree : source/repos/poukymon/packages/System.Buffers.4.5.1/lib
[2026-09-03 10:14:29] [SUCCESS] 📂 Dossier cree : source/repos/poukymon/packages/System.Buffers.4.5.1/ref
[2026-09-03 10:14:31] [SUCCESS] 📂 Dossier cree : source/repos/poukymon/packages/System.Memory.4.5.4/lib
[2026-09-03 10:14:33] [SUCCESS] 📂 Dossier cree : source/repos/poukymon/packages/System.Memory.4.5.4/ref
[2026-09-03 10:14:35] [SUCCESS] 📂 Dossier cree : source/repos/poukymon/packages/System.Numerics.Vectors.4.5.0/lib
[2026-09-03 10:14:36] [SUCCESS] 📂 Dossier cree : source/repos/poukymon/packages/System.Numerics.Vectors.4.5.0/ref
[2026-09-03 10:14:38] [SUCCESS] 📂 Dossier cree : source/repos/poukymon/packages/System.Runtime.CompilerServices.Unsafe.6.0.0/buildTransitive
[2026-09-03 10:14:39] [SUCCESS] 📂 Dossier cree : source/repos/poukymon/packages/System.Runtime.CompilerServices.Unsafe.6.0.0/lib
[2026-09-03 10:14:41] [SUCCESS] 📂 Dossier cree : source/repos/poukymon/packages/System.Text.Encodings.Web.6.0.0/buildTransitive
[2026-09-03 10:14:45] [SUCCESS] 📂 Dossier cree : source/repos/poukymon/packages/System.Text.Encodings.Web.6.0.0/lib
[2026-09-03 10:14:47] [SUCCESS] 📂 Dossier cree : source/repos/poukymon/packages/System.Text.Encodings.Web.6.0.0/runtimes
[2026-09-03 10:14:49] [SUCCESS] 📂 Dossier cree : source/repos/poukymon/packages/System.Text.Json.6.0.0/analyzers
[2026-09-03 10:14:50] [SUCCESS] 📂 Dossier cree : source/repos/poukymon/packages/System.Text.Json.6.0.0/build
[2026-09-03 10:14:52] [SUCCESS] 📂 Dossier cree : source/repos/poukymon/packages/System.Text.Json.6.0.0/buildTransitive
[2026-09-03 10:14:53] [SUCCESS] 📂 Dossier cree : source/repos/poukymon/packages/System.Text.Json.6.0.0/lib
[2026-09-03 10:14:55] [SUCCESS] 📂 Dossier cree : source/repos/poukymon/packages/System.Threading.Tasks.Extensions.4.5.4/lib
[2026-09-03 10:14:56] [SUCCESS] 📂 Dossier cree : source/repos/poukymon/packages/System.Threading.Tasks.Extensions.4.5.4/ref
[2026-09-03 10:14:58] [SUCCESS] 📂 Dossier cree : source/repos/poukymon/packages/System.ValueTuple.4.5.0/lib
[2026-09-03 10:15:00] [SUCCESS] 📂 Dossier cree : source/repos/poukymon/packages/System.ValueTuple.4.5.0/ref
[2026-09-03 10:15:01] [SUCCESS] 📂 Dossier cree : source/repos/poukymon/packages/WebGrease.1.6.0/lib
[2026-09-03 10:15:03] [SUCCESS] 📂 Dossier cree : source/repos/poukymon/packages/WebGrease.1.6.0/tools
[2026-09-03 10:15:05] [SUCCESS] 📂 Dossier cree : source/repos/poukymon/poukymon/bin/fr
[2026-09-03 10:15:07] [SUCCESS] 📂 Dossier cree : source/repos/poukymon/poukymon/bin/roslyn
[2026-09-03 10:15:09] [SUCCESS] 📂 Dossier cree : source/repos/poukymon/poukymon/lib/bootstrap
[2026-09-03 10:15:10] [SUCCESS] 📂 Dossier cree : source/repos/poukymon/poukymon/obj/Debug
[2026-09-03 10:15:12] [SUCCESS] 📂 Dossier cree : source/repos/poukymon/poukymon/Views/Avis
[2026-09-03 10:15:14] [SUCCESS] 📂 Dossier cree : source/repos/poukymon/poukymon/Views/Home
[2026-09-03 10:15:15] [SUCCESS] 📂 Dossier cree : source/repos/poukymon/poukymon/Views/Shared
[2026-09-03 10:15:17] [SUCCESS] 📂 Dossier cree : source/repos/poukymon/poukymon/Views/test
[2026-09-03 10:15:18] [SUCCESS] 📂 Dossier cree : source/repos/rattrapage SM2204/.vs/rattrapage SM2204/v16
[2026-09-03 10:15:20] [SUCCESS] 📂 Dossier cree : source/repos/rattrapage SM2204/rattrapage SM2204/bin/Development
[2026-09-03 10:15:23] [SUCCESS] 📂 Dossier cree : source/repos/rattrapage SM2204/rattrapage SM2204/obj/Development
[2026-09-03 10:15:24] [SUCCESS] 📂 Dossier cree : source/repos/rattrapage_BIM_POC/.vs/rattrapage_BIM_POC/v16
[2026-09-03 10:15:26] [SUCCESS] 📂 Dossier cree : source/repos/rattrapage_BIM_POC/rattrapage_BIM_POC/bin/Development
[2026-09-03 10:15:28] [SUCCESS] 📂 Dossier cree : source/repos/rattrapage_BIM_POC/rattrapage_BIM_POC/obj/Development
[2026-09-03 10:15:30] [SUCCESS] 📂 Dossier cree : source/repos/SF_VIEWER_AO_SIM/.git/logs/refs
[2026-09-03 10:15:32] [SUCCESS] 📂 Dossier cree : source/repos/SF_VIEWER_AO_SIM/.git/objects/01
[2026-09-03 10:15:34] [SUCCESS] 📂 Dossier cree : source/repos/SF_VIEWER_AO_SIM/.git/objects/2f
[2026-09-03 10:15:35] [SUCCESS] 📂 Dossier cree : source/repos/SF_VIEWER_AO_SIM/.git/objects/5d
[2026-09-03 10:15:37] [SUCCESS] 📂 Dossier cree : source/repos/SF_VIEWER_AO_SIM/.git/objects/a6
[2026-09-03 10:15:39] [SUCCESS] 📂 Dossier cree : source/repos/SF_VIEWER_AO_SIM/.git/objects/c0
[2026-09-03 10:15:40] [SUCCESS] 📂 Dossier cree : source/repos/SF_VIEWER_AO_SIM/.git/objects/cf
[2026-09-03 10:15:42] [SUCCESS] 📂 Dossier cree : source/repos/SF_VIEWER_AO_SIM/.git/objects/info
[2026-09-03 10:15:44] [SUCCESS] 📂 Dossier cree : source/repos/SF_VIEWER_AO_SIM/.git/objects/pack
[2026-09-03 10:15:46] [SUCCESS] 📂 Dossier cree : source/repos/SF_VIEWER_AO_SIM/.git/refs/heads
[2026-09-03 10:15:47] [SUCCESS] 📂 Dossier cree : source/repos/SF_VIEWER_AO_SIM/.git/refs/remotes
[2026-09-03 10:15:49] [SUCCESS] 📂 Dossier cree : source/repos/SF_VIEWER_AO_SIM/.git/refs/tags
[2026-09-03 10:15:50] [SUCCESS] 📂 Dossier cree : source/repos/SF_VIEWER_AO_SIM/.vs/SF_VIEWER_AO_SIM/config
[2026-09-03 10:15:52] [SUCCESS] 📂 Dossier cree : source/repos/SF_VIEWER_AO_SIM/.vs/SF_VIEWER_AO_SIM/FileContentIndex
[2026-09-03 10:15:54] [SUCCESS] 📂 Dossier cree : source/repos/SF_VIEWER_AO_SIM/.vs/SF_VIEWER_AO_SIM/v16
[2026-09-03 10:15:55] [SUCCESS] 📂 Dossier cree : source/repos/SF_VIEWER_AO_SIM/.vs/SF_VIEWER_AO_SIM/v17
[2026-09-03 10:15:57] [SUCCESS] 📂 Dossier cree : source/repos/SF_VIEWER_AO_SIM/packages/Antlr.3.5.0.2/lib
[2026-09-03 10:15:59] [SUCCESS] 📂 Dossier cree : source/repos/SF_VIEWER_AO_SIM/packages/AspNet.ScriptManager.bootstrap.3.4.1/lib
[2026-09-03 10:16:00] [SUCCESS] 📂 Dossier cree : source/repos/SF_VIEWER_AO_SIM/packages/AspNet.ScriptManager.jQuery.3.4.1/lib
[2026-09-03 10:16:02] [SUCCESS] 📂 Dossier cree : source/repos/SF_VIEWER_AO_SIM/packages/bootstrap.3.4.1/content
[2026-09-03 10:16:04] [SUCCESS] 📂 Dossier cree : source/repos/SF_VIEWER_AO_SIM/packages/bootstrap.3.4.1/contentFiles
[2026-09-03 10:16:05] [SUCCESS] 📂 Dossier cree : source/repos/SF_VIEWER_AO_SIM/packages/jQuery.3.4.1/Content
[2026-09-03 10:16:07] [SUCCESS] 📂 Dossier cree : source/repos/SF_VIEWER_AO_SIM/packages/jQuery.3.4.1/Tools
[2026-09-03 10:16:08] [SUCCESS] 📂 Dossier cree : source/repos/SF_VIEWER_AO_SIM/packages/Microsoft.AspNet.FriendlyUrls.1.0.2/Content
[2026-09-03 10:16:10] [SUCCESS] 📂 Dossier cree : source/repos/SF_VIEWER_AO_SIM/packages/Microsoft.AspNet.FriendlyUrls.Core.1.0.2/lib
[2026-09-03 10:16:11] [SUCCESS] 📂 Dossier cree : source/repos/SF_VIEWER_AO_SIM/packages/Microsoft.AspNet.FriendlyUrls.Core.fr.1.0.2/lib
[2026-09-03 10:16:13] [SUCCESS] 📂 Dossier cree : source/repos/SF_VIEWER_AO_SIM/packages/Microsoft.AspNet.ScriptManager.MSAjax.5.0.0/content
[2026-09-03 10:16:14] [SUCCESS] 📂 Dossier cree : source/repos/SF_VIEWER_AO_SIM/packages/Microsoft.AspNet.ScriptManager.MSAjax.5.0.0/lib
[2026-09-03 10:16:17] [SUCCESS] 📂 Dossier cree : source/repos/SF_VIEWER_AO_SIM/packages/Microsoft.AspNet.ScriptManager.WebForms.5.0.0/content
[2026-09-03 10:16:19] [SUCCESS] 📂 Dossier cree : source/repos/SF_VIEWER_AO_SIM/packages/Microsoft.AspNet.ScriptManager.WebForms.5.0.0/lib
[2026-09-03 10:16:21] [SUCCESS] 📂 Dossier cree : source/repos/SF_VIEWER_AO_SIM/packages/Microsoft.AspNet.Web.Optimization.1.1.3/lib
[2026-09-03 10:16:22] [SUCCESS] 📂 Dossier cree : source/repos/SF_VIEWER_AO_SIM/packages/Microsoft.AspNet.Web.Optimization.fr.1.1.3/lib
[2026-09-03 10:16:24] [SUCCESS] 📂 Dossier cree : source/repos/SF_VIEWER_AO_SIM/packages/Microsoft.AspNet.Web.Optimization.WebForms.1.1.3/content
[2026-09-03 10:16:26] [SUCCESS] 📂 Dossier cree : source/repos/SF_VIEWER_AO_SIM/packages/Microsoft.AspNet.Web.Optimization.WebForms.1.1.3/lib
[2026-09-03 10:16:28] [SUCCESS] 📂 Dossier cree : source/repos/SF_VIEWER_AO_SIM/packages/Microsoft.Bcl.AsyncInterfaces.6.0.0/lib
[2026-09-03 10:16:29] [SUCCESS] 📂 Dossier cree : source/repos/SF_VIEWER_AO_SIM/packages/Microsoft.CodeDom.Providers.DotNetCompilerPlatform.2.0.1/build
[2026-09-03 10:16:31] [SUCCESS] 📂 Dossier cree : source/repos/SF_VIEWER_AO_SIM/packages/Microsoft.CodeDom.Providers.DotNetCompilerPlatform.2.0.1/content
[2026-09-03 10:16:33] [SUCCESS] 📂 Dossier cree : source/repos/SF_VIEWER_AO_SIM/packages/Microsoft.CodeDom.Providers.DotNetCompilerPlatform.2.0.1/lib
[2026-09-03 10:16:35] [SUCCESS] 📂 Dossier cree : source/repos/SF_VIEWER_AO_SIM/packages/Microsoft.CodeDom.Providers.DotNetCompilerPlatform.2.0.1/tools
[2026-09-03 10:16:37] [SUCCESS] 📂 Dossier cree : source/repos/SF_VIEWER_AO_SIM/packages/Microsoft.Web.Infrastructure.1.0.0.0/lib
[2026-09-03 10:16:38] [SUCCESS] 📂 Dossier cree : source/repos/SF_VIEWER_AO_SIM/packages/Modernizr.2.8.3/Content
[2026-09-03 10:16:40] [SUCCESS] 📂 Dossier cree : source/repos/SF_VIEWER_AO_SIM/packages/Modernizr.2.8.3/Tools
[2026-09-03 10:16:42] [SUCCESS] 📂 Dossier cree : source/repos/SF_VIEWER_AO_SIM/packages/Newtonsoft.Json.12.0.2/lib
[2026-09-03 10:16:43] [SUCCESS] 📂 Dossier cree : source/repos/SF_VIEWER_AO_SIM/packages/Oracle.ManagedDataAccess.21.9.0/bin
[2026-09-03 10:16:45] [SUCCESS] 📂 Dossier cree : source/repos/SF_VIEWER_AO_SIM/packages/Oracle.ManagedDataAccess.21.9.0/content
[2026-09-03 10:16:47] [SUCCESS] 📂 Dossier cree : source/repos/SF_VIEWER_AO_SIM/packages/Oracle.ManagedDataAccess.21.9.0/lib
[2026-09-03 10:16:49] [SUCCESS] 📂 Dossier cree : source/repos/SF_VIEWER_AO_SIM/packages/Oracle.ManagedDataAccess.21.9.0/PerfCounters
[2026-09-03 10:16:51] [SUCCESS] 📂 Dossier cree : source/repos/SF_VIEWER_AO_SIM/packages/System.Buffers.4.5.1/lib
[2026-09-03 10:16:53] [SUCCESS] 📂 Dossier cree : source/repos/SF_VIEWER_AO_SIM/packages/System.Buffers.4.5.1/ref
[2026-09-03 10:16:54] [SUCCESS] 📂 Dossier cree : source/repos/SF_VIEWER_AO_SIM/packages/System.Memory.4.5.4/lib
[2026-09-03 10:16:56] [SUCCESS] 📂 Dossier cree : source/repos/SF_VIEWER_AO_SIM/packages/System.Memory.4.5.4/ref
[2026-09-03 10:16:57] [SUCCESS] 📂 Dossier cree : source/repos/SF_VIEWER_AO_SIM/packages/System.Numerics.Vectors.4.5.0/lib
[2026-09-03 10:16:59] [SUCCESS] 📂 Dossier cree : source/repos/SF_VIEWER_AO_SIM/packages/System.Numerics.Vectors.4.5.0/ref
[2026-09-03 10:17:02] [SUCCESS] 📂 Dossier cree : source/repos/SF_VIEWER_AO_SIM/packages/System.Runtime.CompilerServices.Unsafe.6.0.0/buildTransitive
[2026-09-03 10:17:03] [SUCCESS] 📂 Dossier cree : source/repos/SF_VIEWER_AO_SIM/packages/System.Runtime.CompilerServices.Unsafe.6.0.0/lib
[2026-09-03 10:17:05] [SUCCESS] 📂 Dossier cree : source/repos/SF_VIEWER_AO_SIM/packages/System.Text.Encodings.Web.6.0.0/buildTransitive
[2026-09-03 10:17:06] [SUCCESS] 📂 Dossier cree : source/repos/SF_VIEWER_AO_SIM/packages/System.Text.Encodings.Web.6.0.0/lib
[2026-09-03 10:17:08] [SUCCESS] 📂 Dossier cree : source/repos/SF_VIEWER_AO_SIM/packages/System.Text.Encodings.Web.6.0.0/runtimes
[2026-09-03 10:17:09] [SUCCESS] 📂 Dossier cree : source/repos/SF_VIEWER_AO_SIM/packages/System.Text.Json.6.0.0/analyzers
[2026-09-03 10:17:11] [SUCCESS] 📂 Dossier cree : source/repos/SF_VIEWER_AO_SIM/packages/System.Text.Json.6.0.0/build
[2026-09-03 10:17:12] [SUCCESS] 📂 Dossier cree : source/repos/SF_VIEWER_AO_SIM/packages/System.Text.Json.6.0.0/buildTransitive
[2026-09-03 10:17:14] [SUCCESS] 📂 Dossier cree : source/repos/SF_VIEWER_AO_SIM/packages/System.Text.Json.6.0.0/lib
[2026-09-03 10:17:15] [SUCCESS] 📂 Dossier cree : source/repos/SF_VIEWER_AO_SIM/packages/System.Threading.Tasks.Extensions.4.5.4/lib
[2026-09-03 10:17:17] [SUCCESS] 📂 Dossier cree : source/repos/SF_VIEWER_AO_SIM/packages/System.Threading.Tasks.Extensions.4.5.4/ref
[2026-09-03 10:17:18] [SUCCESS] 📂 Dossier cree : source/repos/SF_VIEWER_AO_SIM/packages/System.ValueTuple.4.5.0/lib
[2026-09-03 10:17:20] [SUCCESS] 📂 Dossier cree : source/repos/SF_VIEWER_AO_SIM/packages/System.ValueTuple.4.5.0/ref
[2026-09-03 10:17:21] [SUCCESS] 📂 Dossier cree : source/repos/SF_VIEWER_AO_SIM/packages/WebGrease.1.6.0/lib
[2026-09-03 10:17:23] [SUCCESS] 📂 Dossier cree : source/repos/SF_VIEWER_AO_SIM/packages/WebGrease.1.6.0/tools
[2026-09-03 10:17:25] [SUCCESS] 📂 Dossier cree : source/repos/SF_VIEWER_AO_SIM/SF_VIEWER_AO_SIM/bin/fr
[2026-09-03 10:17:27] [SUCCESS] 📂 Dossier cree : source/repos/SF_VIEWER_AO_SIM/SF_VIEWER_AO_SIM/bin/roslyn
[2026-09-03 10:17:28] [SUCCESS] 📂 Dossier cree : source/repos/SF_VIEWER_AO_SIM/SF_VIEWER_AO_SIM/obj/Debug
[2026-09-03 10:17:30] [SUCCESS] 📂 Dossier cree : source/repos/SF_VIEWER_AO_SIM/SF_VIEWER_AO_SIM/obj/Release
[2026-09-03 10:17:31] [SUCCESS] 📂 Dossier cree : source/repos/SF_VIEWER_AO_SIM/SF_VIEWER_AO_SIM/Properties/PublishProfiles
[2026-09-03 10:17:33] [SUCCESS] 📂 Dossier cree : source/repos/SF_VIEWER_AO_SIM/SF_VIEWER_AO_SIM/Scripts/WebForms
[2026-09-03 10:17:34] [SUCCESS] 📂 Dossier cree : source/repos/srv_listener_folder/.git/logs/refs
[2026-09-03 10:17:36] [SUCCESS] 📂 Dossier cree : source/repos/srv_listener_folder/.git/objects/00
[2026-09-03 10:17:37] [SUCCESS] 📂 Dossier cree : source/repos/srv_listener_folder/.git/objects/02
[2026-09-03 10:17:39] [SUCCESS] 📂 Dossier cree : source/repos/srv_listener_folder/.git/objects/07
[2026-09-03 10:17:41] [SUCCESS] 📂 Dossier cree : source/repos/srv_listener_folder/.git/objects/0a
[2026-09-03 10:17:42] [SUCCESS] 📂 Dossier cree : source/repos/srv_listener_folder/.git/objects/19
[2026-09-03 10:17:44] [SUCCESS] 📂 Dossier cree : source/repos/srv_listener_folder/.git/objects/1f
[2026-09-03 10:17:45] [SUCCESS] 📂 Dossier cree : source/repos/srv_listener_folder/.git/objects/20
[2026-09-03 10:17:47] [SUCCESS] 📂 Dossier cree : source/repos/srv_listener_folder/.git/objects/23
[2026-09-03 10:17:48] [SUCCESS] 📂 Dossier cree : source/repos/srv_listener_folder/.git/objects/2a
[2026-09-03 10:17:50] [SUCCESS] 📂 Dossier cree : source/repos/srv_listener_folder/.git/objects/31
[2026-09-03 10:17:52] [SUCCESS] 📂 Dossier cree : source/repos/srv_listener_folder/.git/objects/35
[2026-09-03 10:17:53] [SUCCESS] 📂 Dossier cree : source/repos/srv_listener_folder/.git/objects/37
[2026-09-03 10:17:55] [SUCCESS] 📂 Dossier cree : source/repos/srv_listener_folder/.git/objects/38
[2026-09-03 10:17:57] [SUCCESS] 📂 Dossier cree : source/repos/srv_listener_folder/.git/objects/3c
[2026-09-03 10:17:58] [SUCCESS] 📂 Dossier cree : source/repos/srv_listener_folder/.git/objects/4b
[2026-09-03 10:18:00] [SUCCESS] 📂 Dossier cree : source/repos/srv_listener_folder/.git/objects/57
[2026-09-03 10:18:02] [SUCCESS] 📂 Dossier cree : source/repos/srv_listener_folder/.git/objects/58
[2026-09-03 10:18:04] [SUCCESS] 📂 Dossier cree : source/repos/srv_listener_folder/.git/objects/66
[2026-09-03 10:18:05] [SUCCESS] 📂 Dossier cree : source/repos/srv_listener_folder/.git/objects/6a
[2026-09-03 10:18:07] [SUCCESS] 📂 Dossier cree : source/repos/srv_listener_folder/.git/objects/6b
[2026-09-03 10:18:09] [SUCCESS] 📂 Dossier cree : source/repos/srv_listener_folder/.git/objects/6d
[2026-09-03 10:18:10] [SUCCESS] 📂 Dossier cree : source/repos/srv_listener_folder/.git/objects/70
[2026-09-03 10:18:12] [SUCCESS] 📂 Dossier cree : source/repos/srv_listener_folder/.git/objects/76
[2026-09-03 10:18:14] [SUCCESS] 📂 Dossier cree : source/repos/srv_listener_folder/.git/objects/77
[2026-09-03 10:18:15] [SUCCESS] 📂 Dossier cree : source/repos/srv_listener_folder/.git/objects/7f
[2026-09-03 10:18:17] [SUCCESS] 📂 Dossier cree : source/repos/srv_listener_folder/.git/objects/82
[2026-09-03 10:18:18] [SUCCESS] 📂 Dossier cree : source/repos/srv_listener_folder/.git/objects/88
[2026-09-03 10:18:19] [SUCCESS] 📂 Dossier cree : source/repos/srv_listener_folder/.git/objects/89
[2026-09-03 10:18:21] [SUCCESS] 📂 Dossier cree : source/repos/srv_listener_folder/.git/objects/8a
[2026-09-03 10:18:23] [SUCCESS] 📂 Dossier cree : source/repos/srv_listener_folder/.git/objects/90
[2026-09-03 10:18:32] [SUCCESS] 📂 Dossier cree : source/repos/srv_listener_folder/.git/objects/94
[2026-09-03 10:18:33] [SUCCESS] 📂 Dossier cree : source/repos/srv_listener_folder/.git/objects/98
[2026-09-03 10:18:35] [SUCCESS] 📂 Dossier cree : source/repos/srv_listener_folder/.git/objects/9d
[2026-09-03 10:18:36] [SUCCESS] 📂 Dossier cree : source/repos/srv_listener_folder/.git/objects/b4
[2026-09-03 10:18:38] [SUCCESS] 📂 Dossier cree : source/repos/srv_listener_folder/.git/objects/c0
[2026-09-03 10:18:39] [SUCCESS] 📂 Dossier cree : source/repos/srv_listener_folder/.git/objects/c1
[2026-09-03 10:18:41] [SUCCESS] 📂 Dossier cree : source/repos/srv_listener_folder/.git/objects/ca
[2026-09-03 10:18:42] [SUCCESS] 📂 Dossier cree : source/repos/srv_listener_folder/.git/objects/cb
[2026-09-03 10:18:44] [SUCCESS] 📂 Dossier cree : source/repos/srv_listener_folder/.git/objects/d5
[2026-09-03 10:18:46] [SUCCESS] 📂 Dossier cree : source/repos/srv_listener_folder/.git/objects/d7
[2026-09-03 10:18:47] [SUCCESS] 📂 Dossier cree : source/repos/srv_listener_folder/.git/objects/dd
[2026-09-03 10:18:49] [SUCCESS] 📂 Dossier cree : source/repos/srv_listener_folder/.git/objects/df
[2026-09-03 10:18:51] [SUCCESS] 📂 Dossier cree : source/repos/srv_listener_folder/.git/objects/ee
[2026-09-03 10:18:52] [SUCCESS] 📂 Dossier cree : source/repos/srv_listener_folder/.git/objects/f0
[2026-09-03 10:18:54] [SUCCESS] 📂 Dossier cree : source/repos/srv_listener_folder/.git/objects/f1
[2026-09-03 10:18:56] [SUCCESS] 📂 Dossier cree : source/repos/srv_listener_folder/.git/objects/info
[2026-09-03 10:18:58] [SUCCESS] 📂 Dossier cree : source/repos/srv_listener_folder/.git/objects/pack
[2026-09-03 10:18:59] [SUCCESS] 📂 Dossier cree : source/repos/srv_listener_folder/.git/refs/heads
[2026-09-03 10:19:01] [SUCCESS] 📂 Dossier cree : source/repos/srv_listener_folder/.git/refs/remotes
[2026-09-03 10:19:02] [SUCCESS] 📂 Dossier cree : source/repos/srv_listener_folder/.git/refs/tags
[2026-09-03 10:19:04] [SUCCESS] 📂 Dossier cree : source/repos/srv_listener_folder/.vs/srv_listener_folder/FileContentIndex
[2026-09-03 10:19:06] [SUCCESS] 📂 Dossier cree : source/repos/srv_listener_folder/.vs/srv_listener_folder/v16
[2026-09-03 10:19:08] [SUCCESS] 📂 Dossier cree : source/repos/srv_listener_folder/.vs/srv_listener_folder/v17
[2026-09-03 10:19:09] [SUCCESS] 📂 Dossier cree : source/repos/srv_listener_folder/ConsoleApp1/bin/Debug
[2026-09-03 10:19:11] [SUCCESS] 📂 Dossier cree : source/repos/srv_listener_folder/ConsoleApp1/bin/Release
[2026-09-03 10:19:12] [SUCCESS] 📂 Dossier cree : source/repos/srv_listener_folder/ConsoleApp1/obj/Debug
[2026-09-03 10:19:14] [SUCCESS] 📂 Dossier cree : source/repos/srv_listener_folder/ConsoleApp1/obj/Release
[2026-09-03 10:19:16] [SUCCESS] 📂 Dossier cree : source/repos/srv_listener_folder/ConsoleApp2/bin/Debug
[2026-09-03 10:19:19] [SUCCESS] 📂 Dossier cree : source/repos/srv_listener_folder/ConsoleApp2/bin/Release
[2026-09-03 10:19:20] [SUCCESS] 📂 Dossier cree : source/repos/srv_listener_folder/ConsoleApp2/obj/Debug
[2026-09-03 10:19:22] [SUCCESS] 📂 Dossier cree : source/repos/srv_listener_folder/ConsoleApp2/obj/Release
[2026-09-03 10:19:23] [SUCCESS] 📂 Dossier cree : source/repos/srv_listener_folder/createXMLFromDoc/bin/Debug
[2026-09-03 10:19:25] [SUCCESS] 📂 Dossier cree : source/repos/srv_listener_folder/createXMLFromDoc/bin/Release
[2026-09-03 10:19:27] [SUCCESS] 📂 Dossier cree : source/repos/srv_listener_folder/createXMLFromDoc/obj/Debug
[2026-09-03 10:19:28] [SUCCESS] 📂 Dossier cree : source/repos/srv_listener_folder/createXMLFromDoc/obj/Release
[2026-09-03 10:19:30] [SUCCESS] 📂 Dossier cree : source/repos/srv_listener_folder/packages/log4net.2.0.15/lib
[2026-09-03 10:19:31] [SUCCESS] 📂 Dossier cree : source/repos/srv_listener_folder/packages/Microsoft.Bcl.AsyncInterfaces.6.0.0/lib
[2026-09-03 10:19:32] [SUCCESS] 📂 Dossier cree : source/repos/srv_listener_folder/packages/Microsoft.Office.Interop.Word.15.0.4797.1004/lib
[2026-09-03 10:19:34] [SUCCESS] 📂 Dossier cree : source/repos/srv_listener_folder/packages/Microsoft.SharePoint.Client.14.0.4762.1000/lib
[2026-09-03 10:19:35] [SUCCESS] 📂 Dossier cree : source/repos/srv_listener_folder/packages/Microsoft.SharePointOnline.CSOM.16.1.23019.12000/lib
[2026-09-03 10:19:37] [SUCCESS] 📂 Dossier cree : source/repos/srv_listener_folder/packages/Oracle.ManagedDataAccess.21.8.0/bin
[2026-09-03 10:19:38] [SUCCESS] 📂 Dossier cree : source/repos/srv_listener_folder/packages/Oracle.ManagedDataAccess.21.8.0/content
[2026-09-03 10:19:40] [SUCCESS] 📂 Dossier cree : source/repos/srv_listener_folder/packages/Oracle.ManagedDataAccess.21.8.0/lib
[2026-09-03 10:19:41] [SUCCESS] 📂 Dossier cree : source/repos/srv_listener_folder/packages/Oracle.ManagedDataAccess.21.8.0/PerfCounters
[2026-09-03 10:19:43] [SUCCESS] 📂 Dossier cree : source/repos/srv_listener_folder/packages/System.Buffers.4.5.1/lib
[2026-09-03 10:19:45] [SUCCESS] 📂 Dossier cree : source/repos/srv_listener_folder/packages/System.Buffers.4.5.1/ref
[2026-09-03 10:19:46] [SUCCESS] 📂 Dossier cree : source/repos/srv_listener_folder/packages/System.Configuration.ConfigurationManager.7.0.0/buildTransitive
[2026-09-03 10:19:48] [SUCCESS] 📂 Dossier cree : source/repos/srv_listener_folder/packages/System.Configuration.ConfigurationManager.7.0.0/lib
[2026-09-03 10:19:50] [SUCCESS] 📂 Dossier cree : source/repos/srv_listener_folder/packages/System.Memory.4.5.4/lib
[2026-09-03 10:19:51] [SUCCESS] 📂 Dossier cree : source/repos/srv_listener_folder/packages/System.Memory.4.5.4/ref
[2026-09-03 10:19:53] [SUCCESS] 📂 Dossier cree : source/repos/srv_listener_folder/packages/System.Numerics.Vectors.4.5.0/lib
[2026-09-03 10:19:54] [SUCCESS] 📂 Dossier cree : source/repos/srv_listener_folder/packages/System.Numerics.Vectors.4.5.0/ref
[2026-09-03 10:19:55] [SUCCESS] 📂 Dossier cree : source/repos/srv_listener_folder/packages/System.Runtime.CompilerServices.Unsafe.6.0.0/buildTransitive
[2026-09-03 10:19:57] [SUCCESS] 📂 Dossier cree : source/repos/srv_listener_folder/packages/System.Runtime.CompilerServices.Unsafe.6.0.0/lib
[2026-09-03 10:19:59] [SUCCESS] 📂 Dossier cree : source/repos/srv_listener_folder/packages/System.Security.AccessControl.6.0.0/buildTransitive
[2026-09-03 10:20:00] [SUCCESS] 📂 Dossier cree : source/repos/srv_listener_folder/packages/System.Security.AccessControl.6.0.0/lib
[2026-09-03 10:20:02] [SUCCESS] 📂 Dossier cree : source/repos/srv_listener_folder/packages/System.Security.AccessControl.6.0.0/runtimes
[2026-09-03 10:20:03] [SUCCESS] 📂 Dossier cree : source/repos/srv_listener_folder/packages/System.Security.Permissions.7.0.0/buildTransitive
[2026-09-03 10:20:05] [SUCCESS] 📂 Dossier cree : source/repos/srv_listener_folder/packages/System.Security.Permissions.7.0.0/lib
[2026-09-03 10:20:06] [SUCCESS] 📂 Dossier cree : source/repos/srv_listener_folder/packages/System.Security.Principal.Windows.5.0.0/lib
[2026-09-03 10:20:08] [SUCCESS] 📂 Dossier cree : source/repos/srv_listener_folder/packages/System.Security.Principal.Windows.5.0.0/ref
[2026-09-03 10:20:10] [SUCCESS] 📂 Dossier cree : source/repos/srv_listener_folder/packages/System.Security.Principal.Windows.5.0.0/runtimes
[2026-09-03 10:20:11] [SUCCESS] 📂 Dossier cree : source/repos/srv_listener_folder/packages/System.Text.Encodings.Web.6.0.0/buildTransitive
[2026-09-03 10:20:13] [SUCCESS] 📂 Dossier cree : source/repos/srv_listener_folder/packages/System.Text.Encodings.Web.6.0.0/lib
[2026-09-03 10:20:18] [SUCCESS] 📂 Dossier cree : source/repos/srv_listener_folder/packages/System.Text.Encodings.Web.6.0.0/runtimes
[2026-09-03 10:20:20] [SUCCESS] 📂 Dossier cree : source/repos/srv_listener_folder/packages/System.Text.Json.6.0.0/analyzers
[2026-09-03 10:20:21] [SUCCESS] 📂 Dossier cree : source/repos/srv_listener_folder/packages/System.Text.Json.6.0.0/build
[2026-09-03 10:20:23] [SUCCESS] 📂 Dossier cree : source/repos/srv_listener_folder/packages/System.Text.Json.6.0.0/buildTransitive
[2026-09-03 10:20:25] [SUCCESS] 📂 Dossier cree : source/repos/srv_listener_folder/packages/System.Text.Json.6.0.0/lib
[2026-09-03 10:20:26] [SUCCESS] 📂 Dossier cree : source/repos/srv_listener_folder/packages/System.Threading.Tasks.Extensions.4.5.4/lib
[2026-09-03 10:20:28] [SUCCESS] 📂 Dossier cree : source/repos/srv_listener_folder/packages/System.Threading.Tasks.Extensions.4.5.4/ref
[2026-09-03 10:20:29] [SUCCESS] 📂 Dossier cree : source/repos/srv_listener_folder/packages/System.ValueTuple.4.5.0/lib
[2026-09-03 10:20:31] [SUCCESS] 📂 Dossier cree : source/repos/srv_listener_folder/packages/System.ValueTuple.4.5.0/ref
[2026-09-03 10:20:33] [SUCCESS] 📂 Dossier cree : source/repos/srv_listener_folder/SF_VIEWER_AO_SIM/.git/hooks
[2026-09-03 10:20:34] [SUCCESS] 📂 Dossier cree : source/repos/srv_listener_folder/SF_VIEWER_AO_SIM/.git/info
[2026-09-03 10:20:36] [SUCCESS] 📂 Dossier cree : source/repos/srv_listener_folder/SF_VIEWER_AO_SIM/.git/logs
[2026-09-03 10:20:38] [SUCCESS] 📂 Dossier cree : source/repos/srv_listener_folder/SF_VIEWER_AO_SIM/.git/objects
[2026-09-03 10:20:41] [SUCCESS] 📂 Dossier cree : source/repos/srv_listener_folder/SF_VIEWER_AO_SIM/.git/refs
[2026-09-03 10:20:42] [SUCCESS] 📂 Dossier cree : source/repos/srv_listener_folder/SF_VIEWER_AO_SIM/.vs/SF_VIEWER_AO_SIM
[2026-09-03 10:20:44] [SUCCESS] 📂 Dossier cree : source/repos/srv_listener_folder/SF_VIEWER_AO_SIM/packages/Antlr.3.5.0.2
[2026-09-03 10:20:46] [SUCCESS] 📂 Dossier cree : source/repos/srv_listener_folder/SF_VIEWER_AO_SIM/packages/AspNet.ScriptManager.bootstrap.3.4.1
[2026-09-03 10:20:47] [SUCCESS] 📂 Dossier cree : source/repos/srv_listener_folder/SF_VIEWER_AO_SIM/packages/AspNet.ScriptManager.jQuery.3.4.1
[2026-09-03 10:20:49] [SUCCESS] 📂 Dossier cree : source/repos/srv_listener_folder/SF_VIEWER_AO_SIM/packages/bootstrap.3.4.1
[2026-09-03 10:20:51] [SUCCESS] 📂 Dossier cree : source/repos/srv_listener_folder/SF_VIEWER_AO_SIM/packages/jQuery.3.4.1
[2026-09-03 10:20:52] [SUCCESS] 📂 Dossier cree : source/repos/srv_listener_folder/SF_VIEWER_AO_SIM/packages/Microsoft.AspNet.FriendlyUrls.1.0.2
[2026-09-03 10:20:54] [SUCCESS] 📂 Dossier cree : source/repos/srv_listener_folder/SF_VIEWER_AO_SIM/packages/Microsoft.AspNet.FriendlyUrls.Core.1.0.2
[2026-09-03 10:20:55] [SUCCESS] 📂 Dossier cree : source/repos/srv_listener_folder/SF_VIEWER_AO_SIM/packages/Microsoft.AspNet.FriendlyUrls.Core.fr.1.0.2
[2026-09-03 10:20:57] [SUCCESS] 📂 Dossier cree : source/repos/srv_listener_folder/SF_VIEWER_AO_SIM/packages/Microsoft.AspNet.ScriptManager.MSAjax.5.0.0
[2026-09-03 10:20:59] [SUCCESS] 📂 Dossier cree : source/repos/srv_listener_folder/SF_VIEWER_AO_SIM/packages/Microsoft.AspNet.ScriptManager.WebForms.5.0.0
[2026-09-03 10:21:00] [SUCCESS] 📂 Dossier cree : source/repos/srv_listener_folder/SF_VIEWER_AO_SIM/packages/Microsoft.AspNet.Web.Optimization.1.1.3
[2026-09-03 10:21:02] [SUCCESS] 📂 Dossier cree : source/repos/srv_listener_folder/SF_VIEWER_AO_SIM/packages/Microsoft.AspNet.Web.Optimization.fr.1.1.3
[2026-09-03 10:21:04] [SUCCESS] 📂 Dossier cree : source/repos/srv_listener_folder/SF_VIEWER_AO_SIM/packages/Microsoft.AspNet.Web.Optimization.WebForms.1.1.3
[2026-09-03 10:21:05] [SUCCESS] 📂 Dossier cree : source/repos/srv_listener_folder/SF_VIEWER_AO_SIM/packages/Microsoft.Bcl.AsyncInterfaces.6.0.0
[2026-09-03 10:21:08] [SUCCESS] 📂 Dossier cree : source/repos/srv_listener_folder/SF_VIEWER_AO_SIM/packages/Microsoft.CodeDom.Providers.DotNetCompilerPlatform.2.0.1
[2026-09-03 10:21:09] [SUCCESS] 📂 Dossier cree : source/repos/srv_listener_folder/SF_VIEWER_AO_SIM/packages/Microsoft.Web.Infrastructure.1.0.0.0
[2026-09-03 10:21:11] [SUCCESS] 📂 Dossier cree : source/repos/srv_listener_folder/SF_VIEWER_AO_SIM/packages/Modernizr.2.8.3
[2026-09-03 10:21:12] [SUCCESS] 📂 Dossier cree : source/repos/srv_listener_folder/SF_VIEWER_AO_SIM/packages/Newtonsoft.Json.12.0.2
[2026-09-03 10:21:15] [SUCCESS] 📂 Dossier cree : source/repos/srv_listener_folder/SF_VIEWER_AO_SIM/packages/Oracle.ManagedDataAccess.21.9.0
[2026-09-03 10:21:16] [SUCCESS] 📂 Dossier cree : source/repos/srv_listener_folder/SF_VIEWER_AO_SIM/packages/System.Buffers.4.5.1
[2026-09-03 10:21:18] [SUCCESS] 📂 Dossier cree : source/repos/srv_listener_folder/SF_VIEWER_AO_SIM/packages/System.Memory.4.5.4
[2026-09-03 10:21:20] [SUCCESS] 📂 Dossier cree : source/repos/srv_listener_folder/SF_VIEWER_AO_SIM/packages/System.Numerics.Vectors.4.5.0
[2026-09-03 10:21:22] [SUCCESS] 📂 Dossier cree : source/repos/srv_listener_folder/SF_VIEWER_AO_SIM/packages/System.Runtime.CompilerServices.Unsafe.6.0.0
[2026-09-03 10:21:24] [SUCCESS] 📂 Dossier cree : source/repos/srv_listener_folder/SF_VIEWER_AO_SIM/packages/System.Text.Encodings.Web.6.0.0
[2026-09-03 10:21:25] [SUCCESS] 📂 Dossier cree : source/repos/srv_listener_folder/SF_VIEWER_AO_SIM/packages/System.Text.Json.6.0.0
[2026-09-03 10:21:27] [SUCCESS] 📂 Dossier cree : source/repos/srv_listener_folder/SF_VIEWER_AO_SIM/packages/System.Threading.Tasks.Extensions.4.5.4
[2026-09-03 10:21:29] [SUCCESS] 📂 Dossier cree : source/repos/srv_listener_folder/SF_VIEWER_AO_SIM/packages/System.ValueTuple.4.5.0
[2026-09-03 10:21:30] [SUCCESS] 📂 Dossier cree : source/repos/srv_listener_folder/SF_VIEWER_AO_SIM/packages/WebGrease.1.6.0
[2026-09-03 10:21:32] [SUCCESS] 📂 Dossier cree : source/repos/srv_listener_folder/SF_VIEWER_AO_SIM/SF_VIEWER_AO_SIM/App_Data
[2026-09-03 10:21:33] [SUCCESS] 📂 Dossier cree : source/repos/srv_listener_folder/SF_VIEWER_AO_SIM/SF_VIEWER_AO_SIM/App_Start
[2026-09-03 10:21:35] [SUCCESS] 📂 Dossier cree : source/repos/srv_listener_folder/SF_VIEWER_AO_SIM/SF_VIEWER_AO_SIM/bin
[2026-09-03 10:21:37] [SUCCESS] 📂 Dossier cree : source/repos/srv_listener_folder/SF_VIEWER_AO_SIM/SF_VIEWER_AO_SIM/Content
[2026-09-03 10:21:39] [SUCCESS] 📂 Dossier cree : source/repos/srv_listener_folder/SF_VIEWER_AO_SIM/SF_VIEWER_AO_SIM/fonts
[2026-09-03 10:21:40] [SUCCESS] 📂 Dossier cree : source/repos/srv_listener_folder/SF_VIEWER_AO_SIM/SF_VIEWER_AO_SIM/obj
[2026-09-03 10:21:41] [SUCCESS] 📂 Dossier cree : source/repos/srv_listener_folder/SF_VIEWER_AO_SIM/SF_VIEWER_AO_SIM/Properties
[2026-09-03 10:21:43] [SUCCESS] 📂 Dossier cree : source/repos/srv_listener_folder/SF_VIEWER_AO_SIM/SF_VIEWER_AO_SIM/Scripts
[2026-09-03 10:21:44] [SUCCESS] 📂 Dossier cree : source/repos/srv_listener_folder/srv_listener_folder/bin/Debug
[2026-09-03 10:21:46] [SUCCESS] 📂 Dossier cree : source/repos/srv_listener_folder/srv_listener_folder/bin/Release
[2026-09-03 10:21:48] [SUCCESS] 📂 Dossier cree : source/repos/srv_listener_folder/srv_listener_folder/obj/Debug
[2026-09-03 10:21:50] [SUCCESS] 📂 Dossier cree : source/repos/srv_listener_folder/srv_listener_folder/obj/Release
[2026-09-03 10:21:52] [SUCCESS] 📂 Dossier cree : source/repos/srv_listener_folder/srv_listener_folder/publish/Application Files
[2026-09-03 10:21:54] [SUCCESS] 📂 Dossier cree : Bureau/livraisonKPI 20250428/Nouveau dossier/livrable KPI securite/app.publish/Application Files/Alimentation_DWS_PS_1_0_0_0
[2026-09-03 10:21:56] [SUCCESS] 📂 Dossier cree : Bureau/livraisonKPI 20250428/Nouveau dossier/livrable KPI securite/runtimes/linux/lib
[2026-09-03 10:21:57] [SUCCESS] 📂 Dossier cree : Bureau/livraisonKPI 20250428/Nouveau dossier/livrable KPI securite/runtimes/osx/lib
[2026-09-03 10:21:59] [SUCCESS] 📂 Dossier cree : Bureau/livraisonKPI 20250428/Nouveau dossier/livrable KPI securite/runtimes/win/lib
[2026-09-03 10:22:01] [SUCCESS] 📂 Dossier cree : Bureau/mep 20250129/API_SIM_SF/runtimes/linux/lib/netcoreapp3.1
[2026-09-03 10:22:02] [SUCCESS] 📂 Dossier cree : Bureau/mep 20250129/API_SIM_SF/runtimes/osx/lib/netcoreapp3.1
[2026-09-03 10:22:03] [SUCCESS] 📂 Dossier cree : Bureau/mep 20250129/API_SIM_SF/runtimes/unix/lib/netcoreapp2.1
[2026-09-03 10:22:05] [SUCCESS] 📂 Dossier cree : Bureau/mep 20250129/API_SIM_SF/runtimes/unix/lib/netcoreapp3.1
[2026-09-03 10:22:06] [SUCCESS] 📂 Dossier cree : Bureau/mep 20250129/API_SIM_SF/runtimes/win/lib/netcoreapp2.1
[2026-09-03 10:22:08] [SUCCESS] 📂 Dossier cree : Bureau/mep 20250129/API_SIM_SF/runtimes/win/lib/netcoreapp3.1
[2026-09-03 10:22:09] [SUCCESS] 📂 Dossier cree : Bureau/mep 20250129/API_SIM_SF/runtimes/win/lib/netstandard2.0
[2026-09-03 10:22:11] [SUCCESS] 📂 Dossier cree : Documents/Nouveau dossier (2)/srv_listener_folder/packages/Microsoft.Office.Interop.Word.15.0.4797.1004/lib/net20
[2026-09-03 10:22:13] [SUCCESS] 📂 Dossier cree : Documents/Nouveau dossier (2)/srv_listener_folder/packages/Microsoft.Office.Interop.Word.15.0.4797.1004/lib/netstandard2.0
[2026-09-03 10:22:14] [SUCCESS] 📂 Dossier cree : source/repos/Api_SIM--SF/ApiSIM--SF/.git/logs/refs
[2026-09-03 10:22:16] [SUCCESS] 📂 Dossier cree : source/repos/Api_SIM--SF/ApiSIM--SF/.git/objects/08
[2026-09-03 10:22:17] [SUCCESS] 📂 Dossier cree : source/repos/Api_SIM--SF/ApiSIM--SF/.git/objects/1f
[2026-09-03 10:22:19] [SUCCESS] 📂 Dossier cree : source/repos/Api_SIM--SF/ApiSIM--SF/.git/objects/22
[2026-09-03 10:22:21] [SUCCESS] 📂 Dossier cree : source/repos/Api_SIM--SF/ApiSIM--SF/.git/objects/2c
[2026-09-03 10:22:22] [SUCCESS] 📂 Dossier cree : source/repos/Api_SIM--SF/ApiSIM--SF/.git/objects/34
[2026-09-03 10:22:24] [SUCCESS] 📂 Dossier cree : source/repos/Api_SIM--SF/ApiSIM--SF/.git/objects/35
[2026-09-03 10:22:25] [SUCCESS] 📂 Dossier cree : source/repos/Api_SIM--SF/ApiSIM--SF/.git/objects/3d
[2026-09-03 10:22:27] [SUCCESS] 📂 Dossier cree : source/repos/Api_SIM--SF/ApiSIM--SF/.git/objects/3e
[2026-09-03 10:22:29] [SUCCESS] 📂 Dossier cree : source/repos/Api_SIM--SF/ApiSIM--SF/.git/objects/42
[2026-09-03 10:22:30] [SUCCESS] 📂 Dossier cree : source/repos/Api_SIM--SF/ApiSIM--SF/.git/objects/46
[2026-09-03 10:22:32] [SUCCESS] 📂 Dossier cree : source/repos/Api_SIM--SF/ApiSIM--SF/.git/objects/4c
[2026-09-03 10:22:33] [SUCCESS] 📂 Dossier cree : source/repos/Api_SIM--SF/ApiSIM--SF/.git/objects/59
[2026-09-03 10:22:35] [SUCCESS] 📂 Dossier cree : source/repos/Api_SIM--SF/ApiSIM--SF/.git/objects/5a
[2026-09-03 10:22:36] [SUCCESS] 📂 Dossier cree : source/repos/Api_SIM--SF/ApiSIM--SF/.git/objects/5b
[2026-09-03 10:22:38] [SUCCESS] 📂 Dossier cree : source/repos/Api_SIM--SF/ApiSIM--SF/.git/objects/5f
[2026-09-03 10:22:39] [SUCCESS] 📂 Dossier cree : source/repos/Api_SIM--SF/ApiSIM--SF/.git/objects/6d
[2026-09-03 10:22:41] [SUCCESS] 📂 Dossier cree : source/repos/Api_SIM--SF/ApiSIM--SF/.git/objects/8e
[2026-09-03 10:22:42] [SUCCESS] 📂 Dossier cree : source/repos/Api_SIM--SF/ApiSIM--SF/.git/objects/8f
[2026-09-03 10:22:44] [SUCCESS] 📂 Dossier cree : source/repos/Api_SIM--SF/ApiSIM--SF/.git/objects/91
[2026-09-03 10:22:45] [SUCCESS] 📂 Dossier cree : source/repos/Api_SIM--SF/ApiSIM--SF/.git/objects/94
[2026-09-03 10:22:47] [SUCCESS] 📂 Dossier cree : source/repos/Api_SIM--SF/ApiSIM--SF/.git/objects/99
[2026-09-03 10:22:48] [SUCCESS] 📂 Dossier cree : source/repos/Api_SIM--SF/ApiSIM--SF/.git/objects/9a
[2026-09-03 10:22:50] [SUCCESS] 📂 Dossier cree : source/repos/Api_SIM--SF/ApiSIM--SF/.git/objects/af
[2026-09-03 10:22:51] [SUCCESS] 📂 Dossier cree : source/repos/Api_SIM--SF/ApiSIM--SF/.git/objects/b4
[2026-09-03 10:22:53] [SUCCESS] 📂 Dossier cree : source/repos/Api_SIM--SF/ApiSIM--SF/.git/objects/b5
[2026-09-03 10:22:54] [SUCCESS] 📂 Dossier cree : source/repos/Api_SIM--SF/ApiSIM--SF/.git/objects/c0
[2026-09-03 10:22:56] [SUCCESS] 📂 Dossier cree : source/repos/Api_SIM--SF/ApiSIM--SF/.git/objects/c3
[2026-09-03 10:22:58] [SUCCESS] 📂 Dossier cree : source/repos/Api_SIM--SF/ApiSIM--SF/.git/objects/c9
[2026-09-03 10:22:59] [SUCCESS] 📂 Dossier cree : source/repos/Api_SIM--SF/ApiSIM--SF/.git/objects/ca
[2026-09-03 10:23:01] [SUCCESS] 📂 Dossier cree : source/repos/Api_SIM--SF/ApiSIM--SF/.git/objects/e4
[2026-09-03 10:23:03] [SUCCESS] 📂 Dossier cree : source/repos/Api_SIM--SF/ApiSIM--SF/.git/objects/e7
[2026-09-03 10:23:05] [SUCCESS] 📂 Dossier cree : source/repos/Api_SIM--SF/ApiSIM--SF/.git/objects/f0
[2026-09-03 10:23:06] [SUCCESS] 📂 Dossier cree : source/repos/Api_SIM--SF/ApiSIM--SF/.git/objects/f9
[2026-09-03 10:23:08] [SUCCESS] 📂 Dossier cree : source/repos/Api_SIM--SF/ApiSIM--SF/.git/objects/fd
[2026-09-03 10:23:10] [SUCCESS] 📂 Dossier cree : source/repos/Api_SIM--SF/ApiSIM--SF/.git/objects/info
[2026-09-03 10:23:12] [SUCCESS] 📂 Dossier cree : source/repos/Api_SIM--SF/ApiSIM--SF/.git/objects/pack
[2026-09-03 10:23:14] [SUCCESS] 📂 Dossier cree : source/repos/Api_SIM--SF/ApiSIM--SF/.git/refs/heads
[2026-09-03 10:23:15] [SUCCESS] 📂 Dossier cree : source/repos/Api_SIM--SF/ApiSIM--SF/.git/refs/remotes
[2026-09-03 10:23:17] [SUCCESS] 📂 Dossier cree : source/repos/Api_SIM--SF/ApiSIM--SF/.git/refs/tags
[2026-09-03 10:23:19] [SUCCESS] 📂 Dossier cree : source/repos/Api_SIM--SF/ApiSIM--SF/.vs/Api_Bim--SF/config
[2026-09-03 10:23:20] [SUCCESS] 📂 Dossier cree : source/repos/Api_SIM--SF/ApiSIM--SF/.vs/Api_Bim--SF/DesignTimeBuild
[2026-09-03 10:23:22] [SUCCESS] 📂 Dossier cree : source/repos/Api_SIM--SF/ApiSIM--SF/.vs/Api_Bim--SF/FileContentIndex
[2026-09-03 10:23:24] [SUCCESS] 📂 Dossier cree : source/repos/Api_SIM--SF/ApiSIM--SF/.vs/Api_Bim--SF/v16
[2026-09-03 10:23:26] [SUCCESS] 📂 Dossier cree : source/repos/Api_SIM--SF/ApiSIM--SF/.vs/Api_Bim--SF/v17
[2026-09-03 10:23:27] [SUCCESS] 📂 Dossier cree : source/repos/Api_SIM--SF/ApiSIM--SF/.vs/Api_Bim--SF_Test__07-10/DesignTimeBuild
[2026-09-03 10:23:29] [SUCCESS] 📂 Dossier cree : source/repos/Api_SIM--SF/ApiSIM--SF/.vs/ApiSIM--SF/v16
[2026-09-03 10:23:30] [SUCCESS] 📂 Dossier cree : source/repos/Api_SIM--SF/ApiSIM--SF/.vs/ApiSIM--SF/v17
[2026-09-03 10:23:32] [SUCCESS] 📂 Dossier cree : source/repos/Api_SIM--SF/ApiSIM--SF/.vs/WebApplicationTest__07-10/FileContentIndex
[2026-09-03 10:23:34] [SUCCESS] 📂 Dossier cree : source/repos/Api_SIM--SF/ApiSIM--SF/bin/Debug/netcoreapp3.1
[2026-09-03 10:23:35] [SUCCESS] 📂 Dossier cree : source/repos/Api_SIM--SF/ApiSIM--SF/bin/Release/netcoreapp3.1
[2026-09-03 10:23:37] [SUCCESS] 📂 Dossier cree : source/repos/Api_SIM--SF/ApiSIM--SF/obj/Debug/netcoreapp3.1
[2026-09-03 10:23:38] [SUCCESS] 📂 Dossier cree : source/repos/Api_SIM--SF/ApiSIM--SF/obj/Release/netcoreapp3.1
[2026-09-03 10:23:39] [SUCCESS] 📂 Dossier cree : source/repos/BIM_SF/.git/logs/refs/heads
[2026-09-03 10:23:41] [SUCCESS] 📂 Dossier cree : source/repos/BIM_SF/.git/logs/refs/remotes
[2026-09-03 10:23:43] [SUCCESS] 📂 Dossier cree : source/repos/BIM_SF/.git/refs/remotes/origin
[2026-09-03 10:23:44] [SUCCESS] 📂 Dossier cree : source/repos/BIM_SF/BIM_SF/bin/Development/BIM_SF
[2026-09-03 10:23:46] [SUCCESS] 📂 Dossier cree : source/repos/BIM_SSIS - Copie (2)/.git/logs/refs/heads
[2026-09-03 10:23:47] [SUCCESS] 📂 Dossier cree : source/repos/BIM_SSIS - Copie (2)/.git/logs/refs/remotes
[2026-09-03 10:23:49] [SUCCESS] 📂 Dossier cree : source/repos/BIM_SSIS - Copie (2)/.git/refs/remotes/origin
[2026-09-03 10:23:50] [SUCCESS] 📂 Dossier cree : source/repos/BIM_SSIS - Copie (2)/BIM_SSIS/bin/POC/BIM_SSIS
[2026-09-03 10:23:51] [SUCCESS] 📂 Dossier cree : source/repos/BIM_SSIS - Copie/.git/logs/refs/heads
[2026-09-03 10:23:53] [SUCCESS] 📂 Dossier cree : source/repos/BIM_SSIS - Copie/.git/logs/refs/remotes
[2026-09-03 10:23:55] [SUCCESS] 📂 Dossier cree : source/repos/BIM_SSIS - Copie/.git/refs/remotes/origin
[2026-09-03 10:23:56] [SUCCESS] 📂 Dossier cree : source/repos/BIM_SSIS - Copie/.vs/BIM_SSIS/FileContentIndex/merges
[2026-09-03 10:23:57] [SUCCESS] 📂 Dossier cree : source/repos/BIM_SSIS - Copie/BIM_SSIS/bin/Development/BIM_SSIS
[2026-09-03 10:23:59] [SUCCESS] 📂 Dossier cree : source/repos/BIM_SSIS -calligramme/.git/logs/refs/heads
[2026-09-03 10:24:01] [SUCCESS] 📂 Dossier cree : source/repos/BIM_SSIS -calligramme/.vs/BIM_SSIS/CopilotIndices/17.14.1601.40145
[2026-09-03 10:24:02] [SUCCESS] 📂 Dossier cree : source/repos/BIM_SSIS -calligramme/BIM_SSIS/bin/POC/BIM_SSIS
[2026-09-03 10:24:04] [SUCCESS] 📂 Dossier cree : source/repos/BIM_SSIS test/.git/logs/refs/heads
[2026-09-03 10:24:05] [SUCCESS] 📂 Dossier cree : source/repos/BIM_SSIS test/.git/logs/refs/remotes
[2026-09-03 10:24:07] [SUCCESS] 📂 Dossier cree : source/repos/BIM_SSIS test/.git/refs/remotes/origin
[2026-09-03 10:24:09] [SUCCESS] 📂 Dossier cree : source/repos/BIM_SSIS V2/.git/logs/refs/heads
[2026-09-03 10:24:10] [SUCCESS] 📂 Dossier cree : source/repos/BIM_SSIS V2/.git/logs/refs/remotes
[2026-09-03 10:24:12] [SUCCESS] 📂 Dossier cree : source/repos/BIM_SSIS V2/.git/refs/remotes/origin
[2026-09-03 10:24:13] [SUCCESS] 📂 Dossier cree : source/repos/BIM_SSIS V2/.vs/BIM_SSIS_V2/FileContentIndex/merges
[2026-09-03 10:24:15] [SUCCESS] 📂 Dossier cree : source/repos/BIM_SSIS/.git/logs/refs/heads
[2026-09-03 10:24:17] [SUCCESS] 📂 Dossier cree : source/repos/BIM_SSIS/.git/logs/refs/remotes
[2026-09-03 10:24:19] [SUCCESS] 📂 Dossier cree : source/repos/BIM_SSIS/.git/refs/remotes/origin
[2026-09-03 10:24:20] [SUCCESS] 📂 Dossier cree : source/repos/BIM_SSIS/.vs/BIM_SSIS/FileContentIndex/merges
[2026-09-03 10:24:22] [SUCCESS] 📂 Dossier cree : source/repos/BIM_SSIS/BIM_SSIS/bin/Development/BIM_SSIS
[2026-09-03 10:24:24] [SUCCESS] 📂 Dossier cree : source/repos/ConsoleApp1/bin/Debug/net5.0/ref
[2026-09-03 10:24:25] [SUCCESS] 📂 Dossier cree : source/repos/ConsoleApp1/obj/Debug/net5.0/ref
[2026-09-03 10:24:27] [SUCCESS] 📂 Dossier cree : source/repos/Mol_Save_DataBase/.git/logs/refs/heads
[2026-09-03 10:24:29] [SUCCESS] 📂 Dossier cree : source/repos/Mol_Save_DataBase/.git/logs/refs/remotes
[2026-09-03 10:24:30] [SUCCESS] 📂 Dossier cree : source/repos/Mol_Save_DataBase/.git/refs/remotes/origin
[2026-09-03 10:24:32] [SUCCESS] 📂 Dossier cree : source/repos/Mol_Save_DataBase/.vs/Mol_Save_DataBase/FileContentIndex/merges
[2026-09-03 10:24:34] [SUCCESS] 📂 Dossier cree : source/repos/Mol_Save_DataBase/Mol_Save_Common/obj/Debug/TempPE
[2026-09-03 10:24:35] [SUCCESS] 📂 Dossier cree : source/repos/Mol_Save_DataBase/Mol_Save_DB/obj/Debug/TempPE
[2026-09-03 10:24:37] [SUCCESS] 📂 Dossier cree : source/repos/Mol_Save_DataBase/Mol_Save_DBC/obj/Debug/TempPE
[2026-09-03 10:24:39] [SUCCESS] 📂 Dossier cree : source/repos/Mol_Save_DataBase/packages/System.Configuration.ConfigurationManager.5.0.0/lib/net461
[2026-09-03 10:24:40] [SUCCESS] 📂 Dossier cree : source/repos/Mol_Save_DataBase/packages/System.Configuration.ConfigurationManager.5.0.0/lib/netstandard2.0
[2026-09-03 10:24:42] [SUCCESS] 📂 Dossier cree : source/repos/Mol_Save_DataBase/packages/System.Configuration.ConfigurationManager.5.0.0/ref/net461
[2026-09-03 10:24:43] [SUCCESS] 📂 Dossier cree : source/repos/Mol_Save_DataBase/packages/System.Configuration.ConfigurationManager.5.0.0/ref/netstandard2.0
[2026-09-03 10:24:45] [SUCCESS] 📂 Dossier cree : source/repos/Mol_Save_DataBase/packages/System.Data.Common.4.3.0/lib/MonoAndroid10
[2026-09-03 10:24:46] [SUCCESS] 📂 Dossier cree : source/repos/Mol_Save_DataBase/packages/System.Data.Common.4.3.0/lib/MonoTouch10
[2026-09-03 10:24:49] [SUCCESS] 📂 Dossier cree : source/repos/Mol_Save_DataBase/packages/System.Data.Common.4.3.0/lib/net451
[2026-09-03 10:24:50] [SUCCESS] 📂 Dossier cree : source/repos/Mol_Save_DataBase/packages/System.Data.Common.4.3.0/lib/netstandard1.2
[2026-09-03 10:24:53] [SUCCESS] 📂 Dossier cree : source/repos/Mol_Save_DataBase/packages/System.Data.Common.4.3.0/lib/portable-net451+win8+wp8+wpa81
[2026-09-03 10:24:54] [SUCCESS] 📂 Dossier cree : source/repos/Mol_Save_DataBase/packages/System.Data.Common.4.3.0/lib/xamarinios10
[2026-09-03 10:24:56] [SUCCESS] 📂 Dossier cree : source/repos/Mol_Save_DataBase/packages/System.Data.Common.4.3.0/lib/xamarinmac20
[2026-09-03 10:24:58] [SUCCESS] 📂 Dossier cree : source/repos/Mol_Save_DataBase/packages/System.Data.Common.4.3.0/lib/xamarintvos10
[2026-09-03 10:24:59] [SUCCESS] 📂 Dossier cree : source/repos/Mol_Save_DataBase/packages/System.Data.Common.4.3.0/lib/xamarinwatchos10
[2026-09-03 10:25:19] [WARN] Retry 1 (HTTP 503). Attente 1000ms
[2026-09-03 10:25:21] [SUCCESS] 📂 Dossier cree : source/repos/Mol_Save_DataBase/packages/System.Data.Common.4.3.0/ref/MonoAndroid10
[2026-09-03 10:25:23] [SUCCESS] 📂 Dossier cree : source/repos/Mol_Save_DataBase/packages/System.Data.Common.4.3.0/ref/MonoTouch10
[2026-09-03 10:25:24] [SUCCESS] 📂 Dossier cree : source/repos/Mol_Save_DataBase/packages/System.Data.Common.4.3.0/ref/net451
[2026-09-03 10:25:26] [SUCCESS] 📂 Dossier cree : source/repos/Mol_Save_DataBase/packages/System.Data.Common.4.3.0/ref/netstandard1.2
[2026-09-03 10:25:27] [SUCCESS] 📂 Dossier cree : source/repos/Mol_Save_DataBase/packages/System.Data.Common.4.3.0/ref/portable-net451+win8+wp8+wpa81
[2026-09-03 10:25:29] [SUCCESS] 📂 Dossier cree : source/repos/Mol_Save_DataBase/packages/System.Data.Common.4.3.0/ref/xamarinios10
[2026-09-03 10:25:31] [SUCCESS] 📂 Dossier cree : source/repos/Mol_Save_DataBase/packages/System.Data.Common.4.3.0/ref/xamarinmac20
[2026-09-03 10:25:32] [SUCCESS] 📂 Dossier cree : source/repos/Mol_Save_DataBase/packages/System.Data.Common.4.3.0/ref/xamarintvos10
[2026-09-03 10:25:34] [SUCCESS] 📂 Dossier cree : source/repos/Mol_Save_DataBase/packages/System.Data.Common.4.3.0/ref/xamarinwatchos10
[2026-09-03 10:25:36] [SUCCESS] 📂 Dossier cree : source/repos/Mol_Save_DataBase/packages/System.Data.OracleClient.1.0.7/lib/netstandard2.0
[2026-09-03 10:25:37] [SUCCESS] 📂 Dossier cree : source/repos/Mol_Save_DataBase/packages/System.Security.AccessControl.5.0.0/lib/net46
[2026-09-03 10:25:38] [SUCCESS] 📂 Dossier cree : source/repos/Mol_Save_DataBase/packages/System.Security.AccessControl.5.0.0/lib/net461
[2026-09-03 10:25:40] [SUCCESS] 📂 Dossier cree : source/repos/Mol_Save_DataBase/packages/System.Security.AccessControl.5.0.0/lib/netstandard1.3
[2026-09-03 10:25:42] [SUCCESS] 📂 Dossier cree : source/repos/Mol_Save_DataBase/packages/System.Security.AccessControl.5.0.0/lib/netstandard2.0
[2026-09-03 10:25:44] [SUCCESS] 📂 Dossier cree : source/repos/Mol_Save_DataBase/packages/System.Security.AccessControl.5.0.0/lib/uap10.0.16299
[2026-09-03 10:25:45] [SUCCESS] 📂 Dossier cree : source/repos/Mol_Save_DataBase/packages/System.Security.AccessControl.5.0.0/ref/net46
[2026-09-03 10:25:47] [SUCCESS] 📂 Dossier cree : source/repos/Mol_Save_DataBase/packages/System.Security.AccessControl.5.0.0/ref/net461
[2026-09-03 10:25:48] [SUCCESS] 📂 Dossier cree : source/repos/Mol_Save_DataBase/packages/System.Security.AccessControl.5.0.0/ref/netstandard1.3
[2026-09-03 10:25:51] [SUCCESS] 📂 Dossier cree : source/repos/Mol_Save_DataBase/packages/System.Security.AccessControl.5.0.0/ref/netstandard2.0
[2026-09-03 10:25:52] [SUCCESS] 📂 Dossier cree : source/repos/Mol_Save_DataBase/packages/System.Security.AccessControl.5.0.0/ref/uap10.0.16299
[2026-09-03 10:25:54] [SUCCESS] 📂 Dossier cree : source/repos/Mol_Save_DataBase/packages/System.Security.AccessControl.5.0.0/runtimes/win
[2026-09-03 10:25:56] [SUCCESS] 📂 Dossier cree : source/repos/Mol_Save_DataBase/packages/System.Security.Permissions.5.0.0/lib/net461
[2026-09-03 10:25:57] [SUCCESS] 📂 Dossier cree : source/repos/Mol_Save_DataBase/packages/System.Security.Permissions.5.0.0/lib/net5.0
[2026-09-03 10:25:59] [SUCCESS] 📂 Dossier cree : source/repos/Mol_Save_DataBase/packages/System.Security.Permissions.5.0.0/lib/netcoreapp3.0
[2026-09-03 10:26:00] [SUCCESS] 📂 Dossier cree : source/repos/Mol_Save_DataBase/packages/System.Security.Permissions.5.0.0/lib/netstandard2.0
[2026-09-03 10:26:02] [SUCCESS] 📂 Dossier cree : source/repos/Mol_Save_DataBase/packages/System.Security.Permissions.5.0.0/ref/net461
[2026-09-03 10:26:03] [SUCCESS] 📂 Dossier cree : source/repos/Mol_Save_DataBase/packages/System.Security.Permissions.5.0.0/ref/net5.0
[2026-09-03 10:26:05] [SUCCESS] 📂 Dossier cree : source/repos/Mol_Save_DataBase/packages/System.Security.Permissions.5.0.0/ref/netcoreapp3.0
[2026-09-03 10:26:06] [SUCCESS] 📂 Dossier cree : source/repos/Mol_Save_DataBase/packages/System.Security.Permissions.5.0.0/ref/netstandard2.0
[2026-09-03 10:26:08] [SUCCESS] 📂 Dossier cree : source/repos/Mol_Save_DataBase/packages/System.Security.Principal.Windows.5.0.0/lib/net46
[2026-09-03 10:26:09] [SUCCESS] 📂 Dossier cree : source/repos/Mol_Save_DataBase/packages/System.Security.Principal.Windows.5.0.0/lib/net461
[2026-09-03 10:26:11] [SUCCESS] 📂 Dossier cree : source/repos/Mol_Save_DataBase/packages/System.Security.Principal.Windows.5.0.0/lib/netstandard1.3
[2026-09-03 10:26:13] [SUCCESS] 📂 Dossier cree : source/repos/Mol_Save_DataBase/packages/System.Security.Principal.Windows.5.0.0/lib/netstandard2.0
[2026-09-03 10:26:14] [SUCCESS] 📂 Dossier cree : source/repos/Mol_Save_DataBase/packages/System.Security.Principal.Windows.5.0.0/lib/uap10.0.16299
[2026-09-03 10:26:17] [SUCCESS] 📂 Dossier cree : source/repos/Mol_Save_DataBase/packages/System.Security.Principal.Windows.5.0.0/ref/net46
[2026-09-03 10:26:19] [SUCCESS] 📂 Dossier cree : source/repos/Mol_Save_DataBase/packages/System.Security.Principal.Windows.5.0.0/ref/net461
[2026-09-03 10:26:21] [SUCCESS] 📂 Dossier cree : source/repos/Mol_Save_DataBase/packages/System.Security.Principal.Windows.5.0.0/ref/netcoreapp3.0
[2026-09-03 10:26:22] [SUCCESS] 📂 Dossier cree : source/repos/Mol_Save_DataBase/packages/System.Security.Principal.Windows.5.0.0/ref/netstandard1.3
[2026-09-03 10:26:24] [SUCCESS] 📂 Dossier cree : source/repos/Mol_Save_DataBase/packages/System.Security.Principal.Windows.5.0.0/ref/netstandard2.0
[2026-09-03 10:26:26] [SUCCESS] 📂 Dossier cree : source/repos/Mol_Save_DataBase/packages/System.Security.Principal.Windows.5.0.0/ref/uap10.0.16299
[2026-09-03 10:26:28] [SUCCESS] 📂 Dossier cree : source/repos/Mol_Save_DataBase/packages/System.Security.Principal.Windows.5.0.0/runtimes/unix
[2026-09-03 10:26:30] [SUCCESS] 📂 Dossier cree : source/repos/Mol_Save_DataBase/packages/System.Security.Principal.Windows.5.0.0/runtimes/win
[2026-09-03 10:26:31] [SUCCESS] 📂 Dossier cree : source/repos/poc_hack_site/.vs/poc_hack_site/FileContentIndex/merges
[2026-09-03 10:26:33] [SUCCESS] 📂 Dossier cree : source/repos/pokemonDiamant/.git/logs/refs/heads
[2026-09-03 10:26:34] [SUCCESS] 📂 Dossier cree : source/repos/pokemonDiamant/.git/logs/refs/remotes
[2026-09-03 10:26:36] [SUCCESS] 📂 Dossier cree : source/repos/pokemonDiamant/.git/refs/remotes/origin
[2026-09-03 10:26:38] [SUCCESS] 📂 Dossier cree : source/repos/pokemonDiamant/packages/bootstrap.3.4.1/content/Content
[2026-09-03 10:26:39] [SUCCESS] 📂 Dossier cree : source/repos/pokemonDiamant/packages/bootstrap.3.4.1/content/fonts
[2026-09-03 10:26:41] [SUCCESS] 📂 Dossier cree : source/repos/pokemonDiamant/packages/bootstrap.3.4.1/content/Scripts
[2026-09-03 10:26:42] [SUCCESS] 📂 Dossier cree : source/repos/pokemonDiamant/packages/bootstrap.3.4.1/contentFiles/Content
[2026-09-03 10:26:44] [SUCCESS] 📂 Dossier cree : source/repos/pokemonDiamant/packages/bootstrap.3.4.1/contentFiles/fonts
[2026-09-03 10:26:45] [SUCCESS] 📂 Dossier cree : source/repos/pokemonDiamant/packages/bootstrap.3.4.1/contentFiles/Scripts
[2026-09-03 10:26:47] [SUCCESS] 📂 Dossier cree : source/repos/pokemonDiamant/packages/jQuery.3.4.1/Content/Scripts
[2026-09-03 10:26:49] [SUCCESS] 📂 Dossier cree : source/repos/pokemonDiamant/packages/jQuery.Validation.1.17.0/Content/Scripts
[2026-09-03 10:26:51] [SUCCESS] 📂 Dossier cree : source/repos/pokemonDiamant/packages/Microsoft.AspNet.Mvc.5.2.7/lib/net45
[2026-09-03 10:26:53] [SUCCESS] 📂 Dossier cree : source/repos/pokemonDiamant/packages/Microsoft.AspNet.Mvc.fr.5.2.7/lib/net45
[2026-09-03 10:26:54] [SUCCESS] 📂 Dossier cree : source/repos/pokemonDiamant/packages/Microsoft.AspNet.Razor.3.2.7/lib/net45
[2026-09-03 10:26:56] [SUCCESS] 📂 Dossier cree : source/repos/pokemonDiamant/packages/Microsoft.AspNet.Razor.fr.3.2.7/lib/net45
[2026-09-03 10:26:57] [SUCCESS] 📂 Dossier cree : source/repos/pokemonDiamant/packages/Microsoft.AspNet.Web.Optimization.1.1.3/lib/net40
[2026-09-03 10:26:59] [SUCCESS] 📂 Dossier cree : source/repos/pokemonDiamant/packages/Microsoft.AspNet.Web.Optimization.fr.1.1.3/lib/net40
[2026-09-03 10:27:01] [SUCCESS] 📂 Dossier cree : source/repos/pokemonDiamant/packages/Microsoft.AspNet.WebPages.3.2.7/lib/net45
[2026-09-03 10:27:03] [SUCCESS] 📂 Dossier cree : source/repos/pokemonDiamant/packages/Microsoft.AspNet.WebPages.fr.3.2.7/lib/net45
[2026-09-03 10:27:04] [SUCCESS] 📂 Dossier cree : source/repos/pokemonDiamant/packages/Microsoft.Bcl.AsyncInterfaces.6.0.0/lib/net461
[2026-09-03 10:27:06] [SUCCESS] 📂 Dossier cree : source/repos/pokemonDiamant/packages/Microsoft.Bcl.AsyncInterfaces.6.0.0/lib/netstandard2.0
[2026-09-03 10:27:07] [SUCCESS] 📂 Dossier cree : source/repos/pokemonDiamant/packages/Microsoft.Bcl.AsyncInterfaces.6.0.0/lib/netstandard2.1
[2026-09-03 10:27:09] [SUCCESS] 📂 Dossier cree : source/repos/pokemonDiamant/packages/Microsoft.CodeDom.Providers.DotNetCompilerPlatform.2.0.1/build/net45
[2026-09-03 10:27:10] [SUCCESS] 📂 Dossier cree : source/repos/pokemonDiamant/packages/Microsoft.CodeDom.Providers.DotNetCompilerPlatform.2.0.1/build/net46
[2026-09-03 10:27:12] [SUCCESS] 📂 Dossier cree : source/repos/pokemonDiamant/packages/Microsoft.CodeDom.Providers.DotNetCompilerPlatform.2.0.1/content/net45
[2026-09-03 10:27:13] [SUCCESS] 📂 Dossier cree : source/repos/pokemonDiamant/packages/Microsoft.CodeDom.Providers.DotNetCompilerPlatform.2.0.1/content/net46
[2026-09-03 10:27:15] [SUCCESS] 📂 Dossier cree : source/repos/pokemonDiamant/packages/Microsoft.CodeDom.Providers.DotNetCompilerPlatform.2.0.1/lib/net45
[2026-09-03 10:27:16] [SUCCESS] 📂 Dossier cree : source/repos/pokemonDiamant/packages/Microsoft.CodeDom.Providers.DotNetCompilerPlatform.2.0.1/tools/net45
[2026-09-03 10:27:18] [SUCCESS] 📂 Dossier cree : source/repos/pokemonDiamant/packages/Microsoft.CodeDom.Providers.DotNetCompilerPlatform.2.0.1/tools/Roslyn45
[2026-09-03 10:27:20] [SUCCESS] 📂 Dossier cree : source/repos/pokemonDiamant/packages/Microsoft.CodeDom.Providers.DotNetCompilerPlatform.2.0.1/tools/RoslynLatest
[2026-09-03 10:27:21] [SUCCESS] 📂 Dossier cree : source/repos/pokemonDiamant/packages/Microsoft.jQuery.Unobtrusive.Validation.3.2.11/Content/Scripts
[2026-09-03 10:27:23] [SUCCESS] 📂 Dossier cree : source/repos/pokemonDiamant/packages/Microsoft.Office.Interop.Word.15.0.4797.1004/lib/net20
[2026-09-03 10:27:25] [SUCCESS] 📂 Dossier cree : source/repos/pokemonDiamant/packages/Microsoft.Office.Interop.Word.15.0.4797.1004/lib/netstandard2.0
[2026-09-03 10:27:27] [SUCCESS] 📂 Dossier cree : source/repos/pokemonDiamant/packages/Microsoft.SharePointOnline.CSOM.16.1.23019.12000/lib/javascript
[2026-09-03 10:27:29] [SUCCESS] 📂 Dossier cree : source/repos/pokemonDiamant/packages/Microsoft.SharePointOnline.CSOM.16.1.23019.12000/lib/net40-full
[2026-09-03 10:27:30] [SUCCESS] 📂 Dossier cree : source/repos/pokemonDiamant/packages/Microsoft.SharePointOnline.CSOM.16.1.23019.12000/lib/net45
[2026-09-03 10:27:32] [SUCCESS] 📂 Dossier cree : source/repos/pokemonDiamant/packages/Microsoft.SharePointOnline.CSOM.16.1.23019.12000/lib/netstandard2.0
[2026-09-03 10:27:34] [SUCCESS] 📂 Dossier cree : source/repos/pokemonDiamant/packages/Microsoft.Web.Infrastructure.1.0.0.0/lib/net40
[2026-09-03 10:27:35] [SUCCESS] 📂 Dossier cree : source/repos/pokemonDiamant/packages/Modernizr.2.8.3/Content/Scripts
[2026-09-03 10:27:37] [SUCCESS] 📂 Dossier cree : source/repos/pokemonDiamant/packages/MvcCheckBoxList.1.4.5/lib/net40
[2026-09-03 10:27:39] [SUCCESS] 📂 Dossier cree : source/repos/pokemonDiamant/packages/MvcCheckBoxList.1.4.5/lib/net45
[2026-09-03 10:27:40] [SUCCESS] 📂 Dossier cree : source/repos/pokemonDiamant/packages/Newtonsoft.Json.12.0.2/lib/net20
[2026-09-03 10:27:42] [SUCCESS] 📂 Dossier cree : source/repos/pokemonDiamant/packages/Newtonsoft.Json.12.0.2/lib/net35
[2026-09-03 10:27:44] [SUCCESS] 📂 Dossier cree : source/repos/pokemonDiamant/packages/Newtonsoft.Json.12.0.2/lib/net40
[2026-09-03 10:27:45] [SUCCESS] 📂 Dossier cree : source/repos/pokemonDiamant/packages/Newtonsoft.Json.12.0.2/lib/net45
[2026-09-03 10:27:47] [SUCCESS] 📂 Dossier cree : source/repos/pokemonDiamant/packages/Newtonsoft.Json.12.0.2/lib/netstandard1.0
[2026-09-03 10:27:48] [SUCCESS] 📂 Dossier cree : source/repos/pokemonDiamant/packages/Newtonsoft.Json.12.0.2/lib/netstandard1.3
[2026-09-03 10:27:50] [SUCCESS] 📂 Dossier cree : source/repos/pokemonDiamant/packages/Newtonsoft.Json.12.0.2/lib/netstandard2.0
[2026-09-03 10:27:52] [SUCCESS] 📂 Dossier cree : source/repos/pokemonDiamant/packages/Newtonsoft.Json.12.0.2/lib/portable-net40+sl5+win8+wp8+wpa81
[2026-09-03 10:27:53] [SUCCESS] 📂 Dossier cree : source/repos/pokemonDiamant/packages/Newtonsoft.Json.12.0.2/lib/portable-net45+win8+wp8+wpa81
[2026-09-03 10:27:55] [SUCCESS] 📂 Dossier cree : source/repos/pokemonDiamant/packages/Oracle.ManagedDataAccess.21.8.0/bin/x64
[2026-09-03 10:27:57] [SUCCESS] 📂 Dossier cree : source/repos/pokemonDiamant/packages/Oracle.ManagedDataAccess.21.8.0/bin/x86
[2026-09-03 10:27:59] [SUCCESS] 📂 Dossier cree : source/repos/pokemonDiamant/packages/Oracle.ManagedDataAccess.21.8.0/content/net462
[2026-09-03 10:28:01] [SUCCESS] 📂 Dossier cree : source/repos/pokemonDiamant/packages/Oracle.ManagedDataAccess.21.8.0/lib/net462
[2026-09-03 10:28:03] [SUCCESS] 📂 Dossier cree : source/repos/pokemonDiamant/packages/System.Buffers.4.5.1/lib/net461
[2026-09-03 10:28:05] [SUCCESS] 📂 Dossier cree : source/repos/pokemonDiamant/packages/System.Buffers.4.5.1/lib/netcoreapp2.0
[2026-09-03 10:28:07] [SUCCESS] 📂 Dossier cree : source/repos/pokemonDiamant/packages/System.Buffers.4.5.1/lib/netstandard1.1
[2026-09-03 10:28:09] [SUCCESS] 📂 Dossier cree : source/repos/pokemonDiamant/packages/System.Buffers.4.5.1/lib/netstandard2.0
[2026-09-03 10:28:11] [SUCCESS] 📂 Dossier cree : source/repos/pokemonDiamant/packages/System.Buffers.4.5.1/lib/uap10.0.16299
[2026-09-03 10:28:12] [SUCCESS] 📂 Dossier cree : source/repos/pokemonDiamant/packages/System.Buffers.4.5.1/ref/net45
[2026-09-03 10:28:14] [SUCCESS] 📂 Dossier cree : source/repos/pokemonDiamant/packages/System.Buffers.4.5.1/ref/netcoreapp2.0
[2026-09-03 10:28:16] [SUCCESS] 📂 Dossier cree : source/repos/pokemonDiamant/packages/System.Buffers.4.5.1/ref/netstandard1.1
[2026-09-03 10:28:18] [SUCCESS] 📂 Dossier cree : source/repos/pokemonDiamant/packages/System.Buffers.4.5.1/ref/netstandard2.0
[2026-09-03 10:28:20] [SUCCESS] 📂 Dossier cree : source/repos/pokemonDiamant/packages/System.Buffers.4.5.1/ref/uap10.0.16299
[2026-09-03 10:28:21] [SUCCESS] 📂 Dossier cree : source/repos/pokemonDiamant/packages/System.IO.FileSystem.4.3.0/lib/MonoAndroid10
[2026-09-03 10:28:23] [SUCCESS] 📂 Dossier cree : source/repos/pokemonDiamant/packages/System.IO.FileSystem.4.3.0/lib/MonoTouch10
[2026-09-03 10:28:25] [SUCCESS] 📂 Dossier cree : source/repos/pokemonDiamant/packages/System.IO.FileSystem.4.3.0/lib/net46
[2026-09-03 10:28:27] [SUCCESS] 📂 Dossier cree : source/repos/pokemonDiamant/packages/System.IO.FileSystem.4.3.0/lib/xamarinios10
[2026-09-03 10:28:29] [SUCCESS] 📂 Dossier cree : source/repos/pokemonDiamant/packages/System.IO.FileSystem.4.3.0/lib/xamarinmac20
[2026-09-03 10:28:31] [SUCCESS] 📂 Dossier cree : source/repos/pokemonDiamant/packages/System.IO.FileSystem.4.3.0/lib/xamarintvos10
[2026-09-03 10:28:33] [SUCCESS] 📂 Dossier cree : source/repos/pokemonDiamant/packages/System.IO.FileSystem.4.3.0/lib/xamarinwatchos10
[2026-09-03 10:28:35] [SUCCESS] 📂 Dossier cree : source/repos/pokemonDiamant/packages/System.IO.FileSystem.4.3.0/ref/MonoAndroid10
[2026-09-03 10:28:37] [SUCCESS] 📂 Dossier cree : source/repos/pokemonDiamant/packages/System.IO.FileSystem.4.3.0/ref/MonoTouch10
[2026-09-03 10:28:39] [SUCCESS] 📂 Dossier cree : source/repos/pokemonDiamant/packages/System.IO.FileSystem.4.3.0/ref/net46
[2026-09-03 10:28:40] [SUCCESS] 📂 Dossier cree : source/repos/pokemonDiamant/packages/System.IO.FileSystem.4.3.0/ref/netstandard1.3
[2026-09-03 10:28:43] [SUCCESS] 📂 Dossier cree : source/repos/pokemonDiamant/packages/System.IO.FileSystem.4.3.0/ref/xamarinios10
[2026-09-03 10:28:45] [SUCCESS] 📂 Dossier cree : source/repos/pokemonDiamant/packages/System.IO.FileSystem.4.3.0/ref/xamarinmac20
[2026-09-03 10:28:47] [SUCCESS] 📂 Dossier cree : source/repos/pokemonDiamant/packages/System.IO.FileSystem.4.3.0/ref/xamarintvos10
[2026-09-03 10:28:49] [SUCCESS] 📂 Dossier cree : source/repos/pokemonDiamant/packages/System.IO.FileSystem.4.3.0/ref/xamarinwatchos10
[2026-09-03 10:28:51] [SUCCESS] 📂 Dossier cree : source/repos/pokemonDiamant/packages/System.IO.FileSystem.Primitives.4.3.0/lib/MonoAndroid10
[2026-09-03 10:28:53] [SUCCESS] 📂 Dossier cree : source/repos/pokemonDiamant/packages/System.IO.FileSystem.Primitives.4.3.0/lib/MonoTouch10
[2026-09-03 10:28:55] [SUCCESS] 📂 Dossier cree : source/repos/pokemonDiamant/packages/System.IO.FileSystem.Primitives.4.3.0/lib/net46
[2026-09-03 10:28:57] [SUCCESS] 📂 Dossier cree : source/repos/pokemonDiamant/packages/System.IO.FileSystem.Primitives.4.3.0/lib/netstandard1.3
[2026-09-03 10:28:58] [SUCCESS] 📂 Dossier cree : source/repos/pokemonDiamant/packages/System.IO.FileSystem.Primitives.4.3.0/lib/xamarinios10
[2026-09-03 10:29:00] [SUCCESS] 📂 Dossier cree : source/repos/pokemonDiamant/packages/System.IO.FileSystem.Primitives.4.3.0/lib/xamarinmac20
[2026-09-03 10:29:03] [SUCCESS] 📂 Dossier cree : source/repos/pokemonDiamant/packages/System.IO.FileSystem.Primitives.4.3.0/lib/xamarintvos10
[2026-09-03 10:29:05] [SUCCESS] 📂 Dossier cree : source/repos/pokemonDiamant/packages/System.IO.FileSystem.Primitives.4.3.0/lib/xamarinwatchos10
[2026-09-03 10:29:06] [SUCCESS] 📂 Dossier cree : source/repos/pokemonDiamant/packages/System.IO.FileSystem.Primitives.4.3.0/ref/MonoAndroid10
[2026-09-03 10:29:08] [SUCCESS] 📂 Dossier cree : source/repos/pokemonDiamant/packages/System.IO.FileSystem.Primitives.4.3.0/ref/MonoTouch10
[2026-09-03 10:29:10] [SUCCESS] 📂 Dossier cree : source/repos/pokemonDiamant/packages/System.IO.FileSystem.Primitives.4.3.0/ref/net46
[2026-09-03 10:29:12] [SUCCESS] 📂 Dossier cree : source/repos/pokemonDiamant/packages/System.IO.FileSystem.Primitives.4.3.0/ref/netstandard1.3
[2026-09-03 10:29:15] [SUCCESS] 📂 Dossier cree : source/repos/pokemonDiamant/packages/System.IO.FileSystem.Primitives.4.3.0/ref/xamarinios10
[2026-09-03 10:29:17] [SUCCESS] 📂 Dossier cree : source/repos/pokemonDiamant/packages/System.IO.FileSystem.Primitives.4.3.0/ref/xamarinmac20
[2026-09-03 10:29:19] [SUCCESS] 📂 Dossier cree : source/repos/pokemonDiamant/packages/System.IO.FileSystem.Primitives.4.3.0/ref/xamarintvos10
[2026-09-03 10:29:21] [SUCCESS] 📂 Dossier cree : source/repos/pokemonDiamant/packages/System.IO.FileSystem.Primitives.4.3.0/ref/xamarinwatchos10
[2026-09-03 10:29:23] [SUCCESS] 📂 Dossier cree : source/repos/pokemonDiamant/packages/System.Memory.4.5.4/lib/net461
[2026-09-03 10:29:25] [SUCCESS] 📂 Dossier cree : source/repos/pokemonDiamant/packages/System.Memory.4.5.4/lib/netcoreapp2.1
[2026-09-03 10:29:27] [SUCCESS] 📂 Dossier cree : source/repos/pokemonDiamant/packages/System.Memory.4.5.4/lib/netstandard1.1
[2026-09-03 10:29:29] [SUCCESS] 📂 Dossier cree : source/repos/pokemonDiamant/packages/System.Memory.4.5.4/lib/netstandard2.0
[2026-09-03 10:29:33] [SUCCESS] 📂 Dossier cree : source/repos/pokemonDiamant/packages/System.Memory.4.5.4/ref/netcoreapp2.1
[2026-09-03 10:29:35] [SUCCESS] 📂 Dossier cree : source/repos/pokemonDiamant/packages/System.Numerics.Vectors.4.5.0/lib/MonoAndroid10
[2026-09-03 10:29:37] [SUCCESS] 📂 Dossier cree : source/repos/pokemonDiamant/packages/System.Numerics.Vectors.4.5.0/lib/MonoTouch10
[2026-09-03 10:29:39] [SUCCESS] 📂 Dossier cree : source/repos/pokemonDiamant/packages/System.Numerics.Vectors.4.5.0/lib/net46
[2026-09-03 10:29:41] [SUCCESS] 📂 Dossier cree : source/repos/pokemonDiamant/packages/System.Numerics.Vectors.4.5.0/lib/netcoreapp2.0
[2026-09-03 10:29:43] [SUCCESS] 📂 Dossier cree : source/repos/pokemonDiamant/packages/System.Numerics.Vectors.4.5.0/lib/netstandard1.0
[2026-09-03 10:29:44] [SUCCESS] 📂 Dossier cree : source/repos/pokemonDiamant/packages/System.Numerics.Vectors.4.5.0/lib/netstandard2.0
[2026-09-03 10:29:46] [SUCCESS] 📂 Dossier cree : source/repos/pokemonDiamant/packages/System.Numerics.Vectors.4.5.0/lib/portable-net45+win8+wp8+wpa81
[2026-09-03 10:29:48] [SUCCESS] 📂 Dossier cree : source/repos/pokemonDiamant/packages/System.Numerics.Vectors.4.5.0/lib/uap10.0.16299
[2026-09-03 10:29:50] [SUCCESS] 📂 Dossier cree : source/repos/pokemonDiamant/packages/System.Numerics.Vectors.4.5.0/lib/xamarinios10
[2026-09-03 10:29:51] [SUCCESS] 📂 Dossier cree : source/repos/pokemonDiamant/packages/System.Numerics.Vectors.4.5.0/lib/xamarinmac20
[2026-09-03 10:29:53] [SUCCESS] 📂 Dossier cree : source/repos/pokemonDiamant/packages/System.Numerics.Vectors.4.5.0/lib/xamarintvos10
[2026-09-03 10:29:55] [SUCCESS] 📂 Dossier cree : source/repos/pokemonDiamant/packages/System.Numerics.Vectors.4.5.0/lib/xamarinwatchos10
[2026-09-03 10:29:57] [SUCCESS] 📂 Dossier cree : source/repos/pokemonDiamant/packages/System.Numerics.Vectors.4.5.0/ref/MonoAndroid10
[2026-09-03 10:29:59] [SUCCESS] 📂 Dossier cree : source/repos/pokemonDiamant/packages/System.Numerics.Vectors.4.5.0/ref/MonoTouch10
[2026-09-03 10:30:01] [SUCCESS] 📂 Dossier cree : source/repos/pokemonDiamant/packages/System.Numerics.Vectors.4.5.0/ref/net45
[2026-09-03 10:30:03] [SUCCESS] 📂 Dossier cree : source/repos/pokemonDiamant/packages/System.Numerics.Vectors.4.5.0/ref/net46
[2026-09-03 10:30:05] [SUCCESS] 📂 Dossier cree : source/repos/pokemonDiamant/packages/System.Numerics.Vectors.4.5.0/ref/netcoreapp2.0
[2026-09-03 10:30:07] [SUCCESS] 📂 Dossier cree : source/repos/pokemonDiamant/packages/System.Numerics.Vectors.4.5.0/ref/netstandard1.0
[2026-09-03 10:30:08] [SUCCESS] 📂 Dossier cree : source/repos/pokemonDiamant/packages/System.Numerics.Vectors.4.5.0/ref/netstandard2.0
[2026-09-03 10:30:11] [SUCCESS] 📂 Dossier cree : source/repos/pokemonDiamant/packages/System.Numerics.Vectors.4.5.0/ref/uap10.0.16299
[2026-09-03 10:30:13] [SUCCESS] 📂 Dossier cree : source/repos/pokemonDiamant/packages/System.Numerics.Vectors.4.5.0/ref/xamarinios10
[2026-09-03 10:30:14] [SUCCESS] 📂 Dossier cree : source/repos/pokemonDiamant/packages/System.Numerics.Vectors.4.5.0/ref/xamarinmac20
[2026-09-03 10:30:16] [SUCCESS] 📂 Dossier cree : source/repos/pokemonDiamant/packages/System.Numerics.Vectors.4.5.0/ref/xamarintvos10
[2026-09-03 10:30:18] [SUCCESS] 📂 Dossier cree : source/repos/pokemonDiamant/packages/System.Numerics.Vectors.4.5.0/ref/xamarinwatchos10
[2026-09-03 10:30:20] [SUCCESS] 📂 Dossier cree : source/repos/pokemonDiamant/packages/System.Runtime.CompilerServices.Unsafe.6.0.0/buildTransitive/netcoreapp2.0
[2026-09-03 10:30:22] [SUCCESS] 📂 Dossier cree : source/repos/pokemonDiamant/packages/System.Runtime.CompilerServices.Unsafe.6.0.0/buildTransitive/netcoreapp3.1
[2026-09-03 10:30:24] [SUCCESS] 📂 Dossier cree : source/repos/pokemonDiamant/packages/System.Runtime.CompilerServices.Unsafe.6.0.0/lib/net461
[2026-09-03 10:30:26] [SUCCESS] 📂 Dossier cree : source/repos/pokemonDiamant/packages/System.Runtime.CompilerServices.Unsafe.6.0.0/lib/net6.0
[2026-09-03 10:30:28] [SUCCESS] 📂 Dossier cree : source/repos/pokemonDiamant/packages/System.Runtime.CompilerServices.Unsafe.6.0.0/lib/netcoreapp3.1
[2026-09-03 10:30:31] [SUCCESS] 📂 Dossier cree : source/repos/pokemonDiamant/packages/System.Runtime.CompilerServices.Unsafe.6.0.0/lib/netstandard2.0
[2026-09-03 10:30:33] [SUCCESS] 📂 Dossier cree : source/repos/pokemonDiamant/packages/System.Text.Encodings.Web.6.0.0/buildTransitive/netcoreapp2.0
[2026-09-03 10:30:36] [SUCCESS] 📂 Dossier cree : source/repos/pokemonDiamant/packages/System.Text.Encodings.Web.6.0.0/buildTransitive/netcoreapp3.1
[2026-09-03 10:30:38] [SUCCESS] 📂 Dossier cree : source/repos/pokemonDiamant/packages/System.Text.Encodings.Web.6.0.0/lib/net461
[2026-09-03 10:30:39] [SUCCESS] 📂 Dossier cree : source/repos/pokemonDiamant/packages/System.Text.Encodings.Web.6.0.0/lib/net6.0
[2026-09-03 10:30:41] [SUCCESS] 📂 Dossier cree : source/repos/pokemonDiamant/packages/System.Text.Encodings.Web.6.0.0/lib/netcoreapp3.1
[2026-09-03 10:30:44] [SUCCESS] 📂 Dossier cree : source/repos/pokemonDiamant/packages/System.Text.Encodings.Web.6.0.0/lib/netstandard2.0
[2026-09-03 10:30:45] [SUCCESS] 📂 Dossier cree : source/repos/pokemonDiamant/packages/System.Text.Encodings.Web.6.0.0/runtimes/browser
[2026-09-03 10:30:47] [SUCCESS] 📂 Dossier cree : source/repos/pokemonDiamant/packages/System.Text.Json.6.0.0/analyzers/dotnet
[2026-09-03 10:30:49] [SUCCESS] 📂 Dossier cree : source/repos/pokemonDiamant/packages/System.Text.Json.6.0.0/buildTransitive/netcoreapp2.0
[2026-09-03 10:30:51] [SUCCESS] 📂 Dossier cree : source/repos/pokemonDiamant/packages/System.Text.Json.6.0.0/buildTransitive/netcoreapp3.1
[2026-09-03 10:30:53] [SUCCESS] 📂 Dossier cree : source/repos/pokemonDiamant/packages/System.Text.Json.6.0.0/lib/net461
[2026-09-03 10:30:55] [SUCCESS] 📂 Dossier cree : source/repos/pokemonDiamant/packages/System.Text.Json.6.0.0/lib/net6.0
[2026-09-03 10:30:57] [SUCCESS] 📂 Dossier cree : source/repos/pokemonDiamant/packages/System.Text.Json.6.0.0/lib/netcoreapp3.1
[2026-09-03 10:30:58] [SUCCESS] 📂 Dossier cree : source/repos/pokemonDiamant/packages/System.Text.Json.6.0.0/lib/netstandard2.0
[2026-09-03 10:31:00] [SUCCESS] 📂 Dossier cree : source/repos/pokemonDiamant/packages/System.Threading.Tasks.Extensions.4.5.4/lib/MonoAndroid10
[2026-09-03 10:31:02] [SUCCESS] 📂 Dossier cree : source/repos/pokemonDiamant/packages/System.Threading.Tasks.Extensions.4.5.4/lib/MonoTouch10
[2026-09-03 10:31:04] [SUCCESS] 📂 Dossier cree : source/repos/pokemonDiamant/packages/System.Threading.Tasks.Extensions.4.5.4/lib/net461
[2026-09-03 10:31:06] [SUCCESS] 📂 Dossier cree : source/repos/pokemonDiamant/packages/System.Threading.Tasks.Extensions.4.5.4/lib/netcoreapp2.1
[2026-09-03 10:31:08] [SUCCESS] 📂 Dossier cree : source/repos/pokemonDiamant/packages/System.Threading.Tasks.Extensions.4.5.4/lib/netstandard1.0
[2026-09-03 10:31:10] [SUCCESS] 📂 Dossier cree : source/repos/pokemonDiamant/packages/System.Threading.Tasks.Extensions.4.5.4/lib/netstandard2.0
[2026-09-03 10:31:12] [SUCCESS] 📂 Dossier cree : source/repos/pokemonDiamant/packages/System.Threading.Tasks.Extensions.4.5.4/lib/portable-net45+win8+wp8+wpa81
[2026-09-03 10:31:15] [SUCCESS] 📂 Dossier cree : source/repos/pokemonDiamant/packages/System.Threading.Tasks.Extensions.4.5.4/lib/xamarinios10
[2026-09-03 10:31:17] [SUCCESS] 📂 Dossier cree : source/repos/pokemonDiamant/packages/System.Threading.Tasks.Extensions.4.5.4/lib/xamarinmac20
[2026-09-03 10:31:19] [SUCCESS] 📂 Dossier cree : source/repos/pokemonDiamant/packages/System.Threading.Tasks.Extensions.4.5.4/lib/xamarintvos10
[2026-09-03 10:31:20] [SUCCESS] 📂 Dossier cree : source/repos/pokemonDiamant/packages/System.Threading.Tasks.Extensions.4.5.4/lib/xamarinwatchos10
[2026-09-03 10:31:22] [SUCCESS] 📂 Dossier cree : source/repos/pokemonDiamant/packages/System.Threading.Tasks.Extensions.4.5.4/ref/MonoAndroid10
[2026-09-03 10:31:25] [SUCCESS] 📂 Dossier cree : source/repos/pokemonDiamant/packages/System.Threading.Tasks.Extensions.4.5.4/ref/MonoTouch10
[2026-09-03 10:31:27] [SUCCESS] 📂 Dossier cree : source/repos/pokemonDiamant/packages/System.Threading.Tasks.Extensions.4.5.4/ref/netcoreapp2.1
[2026-09-03 10:31:29] [SUCCESS] 📂 Dossier cree : source/repos/pokemonDiamant/packages/System.Threading.Tasks.Extensions.4.5.4/ref/xamarinios10
[2026-09-03 10:31:31] [SUCCESS] 📂 Dossier cree : source/repos/pokemonDiamant/packages/System.Threading.Tasks.Extensions.4.5.4/ref/xamarinmac20
[2026-09-03 10:31:33] [SUCCESS] 📂 Dossier cree : source/repos/pokemonDiamant/packages/System.Threading.Tasks.Extensions.4.5.4/ref/xamarintvos10
[2026-09-03 10:31:35] [SUCCESS] 📂 Dossier cree : source/repos/pokemonDiamant/packages/System.Threading.Tasks.Extensions.4.5.4/ref/xamarinwatchos10
[2026-09-03 10:31:36] [SUCCESS] 📂 Dossier cree : source/repos/pokemonDiamant/packages/System.ValueTuple.4.5.0/lib/MonoAndroid10
[2026-09-03 10:31:39] [SUCCESS] 📂 Dossier cree : source/repos/pokemonDiamant/packages/System.ValueTuple.4.5.0/lib/MonoTouch10
[2026-09-03 10:31:40] [SUCCESS] 📂 Dossier cree : source/repos/pokemonDiamant/packages/System.ValueTuple.4.5.0/lib/net461
[2026-09-03 10:31:42] [SUCCESS] 📂 Dossier cree : source/repos/pokemonDiamant/packages/System.ValueTuple.4.5.0/lib/net47
[2026-09-03 10:31:44] [SUCCESS] 📂 Dossier cree : source/repos/pokemonDiamant/packages/System.ValueTuple.4.5.0/lib/netcoreapp2.0
[2026-09-03 10:31:46] [SUCCESS] 📂 Dossier cree : source/repos/pokemonDiamant/packages/System.ValueTuple.4.5.0/lib/netstandard1.0
[2026-09-03 10:31:48] [SUCCESS] 📂 Dossier cree : source/repos/pokemonDiamant/packages/System.ValueTuple.4.5.0/lib/netstandard2.0
[2026-09-03 10:31:49] [SUCCESS] 📂 Dossier cree : source/repos/pokemonDiamant/packages/System.ValueTuple.4.5.0/lib/portable-net40+sl4+win8+wp8
[2026-09-03 10:31:51] [SUCCESS] 📂 Dossier cree : source/repos/pokemonDiamant/packages/System.ValueTuple.4.5.0/lib/uap10.0.16299
[2026-09-03 10:31:53] [SUCCESS] 📂 Dossier cree : source/repos/pokemonDiamant/packages/System.ValueTuple.4.5.0/lib/xamarinios10
[2026-09-03 10:31:55] [SUCCESS] 📂 Dossier cree : source/repos/pokemonDiamant/packages/System.ValueTuple.4.5.0/lib/xamarinmac20
[2026-09-03 10:31:56] [SUCCESS] 📂 Dossier cree : source/repos/pokemonDiamant/packages/System.ValueTuple.4.5.0/lib/xamarintvos10
[2026-09-03 10:31:58] [SUCCESS] 📂 Dossier cree : source/repos/pokemonDiamant/packages/System.ValueTuple.4.5.0/lib/xamarinwatchos10
[2026-09-03 10:32:00] [SUCCESS] 📂 Dossier cree : source/repos/pokemonDiamant/packages/System.ValueTuple.4.5.0/ref/MonoAndroid10
[2026-09-03 10:32:02] [SUCCESS] 📂 Dossier cree : source/repos/pokemonDiamant/packages/System.ValueTuple.4.5.0/ref/MonoTouch10
[2026-09-03 10:32:04] [SUCCESS] 📂 Dossier cree : source/repos/pokemonDiamant/packages/System.ValueTuple.4.5.0/ref/net461
[2026-09-03 10:32:05] [SUCCESS] 📂 Dossier cree : source/repos/pokemonDiamant/packages/System.ValueTuple.4.5.0/ref/net47
[2026-09-03 10:32:07] [SUCCESS] 📂 Dossier cree : source/repos/pokemonDiamant/packages/System.ValueTuple.4.5.0/ref/netcoreapp2.0
[2026-09-03 10:32:09] [SUCCESS] 📂 Dossier cree : source/repos/pokemonDiamant/packages/System.ValueTuple.4.5.0/ref/netstandard2.0
[2026-09-03 10:32:11] [SUCCESS] 📂 Dossier cree : source/repos/pokemonDiamant/packages/System.ValueTuple.4.5.0/ref/portable-net40+sl4+win8+wp8
[2026-09-03 10:32:13] [SUCCESS] 📂 Dossier cree : source/repos/pokemonDiamant/packages/System.ValueTuple.4.5.0/ref/uap10.0.16299
[2026-09-03 10:32:15] [SUCCESS] 📂 Dossier cree : source/repos/pokemonDiamant/packages/System.ValueTuple.4.5.0/ref/xamarinios10
[2026-09-03 10:32:16] [SUCCESS] 📂 Dossier cree : source/repos/pokemonDiamant/packages/System.ValueTuple.4.5.0/ref/xamarinmac20
[2026-09-03 10:32:19] [SUCCESS] 📂 Dossier cree : source/repos/pokemonDiamant/packages/System.ValueTuple.4.5.0/ref/xamarintvos10
[2026-09-03 10:32:20] [SUCCESS] 📂 Dossier cree : source/repos/pokemonDiamant/packages/System.ValueTuple.4.5.0/ref/xamarinwatchos10
[2026-09-03 10:32:22] [SUCCESS] 📂 Dossier cree : source/repos/pokemonDiamant/pokemonDiamant/lib/bootstrap/css
[2026-09-03 10:32:24] [SUCCESS] 📂 Dossier cree : source/repos/pokemonDiamant/pokemonDiamant/lib/bootstrap/js
[2026-09-03 10:32:26] [SUCCESS] 📂 Dossier cree : source/repos/pokemonDiamant/pokemonDiamant/lib/bootstrap/scss
[2026-09-03 10:32:28] [SUCCESS] 📂 Dossier cree : source/repos/pokemonDiamant/pokemonDiamant/obj/Debug/TempPE
[2026-09-03 10:32:29] [SUCCESS] 📂 Dossier cree : source/repos/pokemonDiamant/pokemonDiamant/obj/Release/AspnetCompileMerge
[2026-09-03 10:32:31] [SUCCESS] 📂 Dossier cree : source/repos/pokemonDiamant/pokemonDiamant/obj/Release/Package
[2026-09-03 10:32:33] [SUCCESS] 📂 Dossier cree : source/repos/pokemonDiamant/pokemonDiamant/obj/Release/ProfileTransformWebConfig
[2026-09-03 10:32:35] [SUCCESS] 📂 Dossier cree : source/repos/pokemonDiamant/pokemonDiamant/obj/Release/TempPE
[2026-09-03 10:32:36] [SUCCESS] 📂 Dossier cree : source/repos/pokemonDiamant/pokemonDiamant/obj/Release/TransformWebConfig
[2026-09-03 10:32:38] [SUCCESS] 📂 Dossier cree : source/repos/pouky/packages/bootstrap.3.4.1/content/Content
[2026-09-03 10:32:40] [SUCCESS] 📂 Dossier cree : source/repos/pouky/packages/bootstrap.3.4.1/content/fonts
[2026-09-03 10:32:42] [SUCCESS] 📂 Dossier cree : source/repos/pouky/packages/bootstrap.3.4.1/content/Scripts
[2026-09-03 10:32:43] [SUCCESS] 📂 Dossier cree : source/repos/pouky/packages/bootstrap.3.4.1/contentFiles/Content
[2026-09-03 10:32:45] [SUCCESS] 📂 Dossier cree : source/repos/pouky/packages/bootstrap.3.4.1/contentFiles/fonts
[2026-09-03 10:32:47] [SUCCESS] 📂 Dossier cree : source/repos/pouky/packages/bootstrap.3.4.1/contentFiles/Scripts
[2026-09-03 10:32:49] [SUCCESS] 📂 Dossier cree : source/repos/pouky/packages/jQuery.3.4.1/Content/Scripts
[2026-09-03 10:32:51] [SUCCESS] 📂 Dossier cree : source/repos/pouky/packages/jQuery.Validation.1.17.0/Content/Scripts
[2026-09-03 10:32:53] [SUCCESS] 📂 Dossier cree : source/repos/pouky/packages/Microsoft.AspNet.Mvc.5.2.7/lib/net45
[2026-09-03 10:32:55] [SUCCESS] 📂 Dossier cree : source/repos/pouky/packages/Microsoft.AspNet.Mvc.fr.5.2.7/lib/net45
[2026-09-03 10:32:56] [SUCCESS] 📂 Dossier cree : source/repos/pouky/packages/Microsoft.AspNet.Razor.3.2.7/lib/net45
[2026-09-03 10:32:58] [SUCCESS] 📂 Dossier cree : source/repos/pouky/packages/Microsoft.AspNet.Razor.fr.3.2.7/lib/net45
[2026-09-03 10:33:00] [SUCCESS] 📂 Dossier cree : source/repos/pouky/packages/Microsoft.AspNet.Web.Optimization.1.1.3/lib/net40
[2026-09-03 10:33:02] [SUCCESS] 📂 Dossier cree : source/repos/pouky/packages/Microsoft.AspNet.Web.Optimization.fr.1.1.3/lib/net40
[2026-09-03 10:33:04] [SUCCESS] 📂 Dossier cree : source/repos/pouky/packages/Microsoft.AspNet.WebPages.3.2.7/lib/net45
[2026-09-03 10:33:05] [SUCCESS] 📂 Dossier cree : source/repos/pouky/packages/Microsoft.AspNet.WebPages.fr.3.2.7/lib/net45
[2026-09-03 10:33:07] [SUCCESS] 📂 Dossier cree : source/repos/pouky/packages/Microsoft.Bcl.AsyncInterfaces.6.0.0/lib/net461
[2026-09-03 10:33:09] [SUCCESS] 📂 Dossier cree : source/repos/pouky/packages/Microsoft.Bcl.AsyncInterfaces.6.0.0/lib/netstandard2.0
[2026-09-03 10:33:11] [SUCCESS] 📂 Dossier cree : source/repos/pouky/packages/Microsoft.Bcl.AsyncInterfaces.6.0.0/lib/netstandard2.1
[2026-09-03 10:33:13] [SUCCESS] 📂 Dossier cree : source/repos/pouky/packages/Microsoft.CodeDom.Providers.DotNetCompilerPlatform.2.0.1/build/net45
[2026-09-03 10:33:15] [SUCCESS] 📂 Dossier cree : source/repos/pouky/packages/Microsoft.CodeDom.Providers.DotNetCompilerPlatform.2.0.1/build/net46
[2026-09-03 10:33:17] [SUCCESS] 📂 Dossier cree : source/repos/pouky/packages/Microsoft.CodeDom.Providers.DotNetCompilerPlatform.2.0.1/content/net45
[2026-09-03 10:33:19] [SUCCESS] 📂 Dossier cree : source/repos/pouky/packages/Microsoft.CodeDom.Providers.DotNetCompilerPlatform.2.0.1/content/net46
[2026-09-03 10:33:20] [SUCCESS] 📂 Dossier cree : source/repos/pouky/packages/Microsoft.CodeDom.Providers.DotNetCompilerPlatform.2.0.1/lib/net45
[2026-09-03 10:33:22] [SUCCESS] 📂 Dossier cree : source/repos/pouky/packages/Microsoft.CodeDom.Providers.DotNetCompilerPlatform.2.0.1/tools/net45
[2026-09-03 10:33:24] [SUCCESS] 📂 Dossier cree : source/repos/pouky/packages/Microsoft.CodeDom.Providers.DotNetCompilerPlatform.2.0.1/tools/Roslyn45
[2026-09-03 10:33:26] [SUCCESS] 📂 Dossier cree : source/repos/pouky/packages/Microsoft.CodeDom.Providers.DotNetCompilerPlatform.2.0.1/tools/RoslynLatest
[2026-09-03 10:33:28] [SUCCESS] 📂 Dossier cree : source/repos/pouky/packages/Microsoft.jQuery.Unobtrusive.Validation.3.2.11/Content/Scripts
[2026-09-03 10:33:30] [SUCCESS] 📂 Dossier cree : source/repos/pouky/packages/Microsoft.SharePoint.Client.Online.CSOM.15.0.4919.1000/lib/net40-full
[2026-09-03 10:33:31] [SUCCESS] 📂 Dossier cree : source/repos/pouky/packages/Microsoft.Web.Infrastructure.1.0.0.0/lib/net40
[2026-09-03 10:33:33] [SUCCESS] 📂 Dossier cree : source/repos/pouky/packages/Modernizr.2.8.3/Content/Scripts
[2026-09-03 10:33:35] [SUCCESS] 📂 Dossier cree : source/repos/pouky/packages/MvcCheckBoxList.1.4.5/lib/net40
[2026-09-03 10:33:37] [SUCCESS] 📂 Dossier cree : source/repos/pouky/packages/MvcCheckBoxList.1.4.5/lib/net45
[2026-09-03 10:33:39] [SUCCESS] 📂 Dossier cree : source/repos/pouky/packages/Newtonsoft.Json.12.0.2/lib/net20
[2026-09-03 10:33:41] [SUCCESS] 📂 Dossier cree : source/repos/pouky/packages/Newtonsoft.Json.12.0.2/lib/net35
[2026-09-03 10:33:43] [SUCCESS] 📂 Dossier cree : source/repos/pouky/packages/Newtonsoft.Json.12.0.2/lib/net40
[2026-09-03 10:33:45] [SUCCESS] 📂 Dossier cree : source/repos/pouky/packages/Newtonsoft.Json.12.0.2/lib/net45
[2026-09-03 10:33:47] [SUCCESS] 📂 Dossier cree : source/repos/pouky/packages/Newtonsoft.Json.12.0.2/lib/netstandard1.0
[2026-09-03 10:33:48] [SUCCESS] 📂 Dossier cree : source/repos/pouky/packages/Newtonsoft.Json.12.0.2/lib/netstandard1.3
[2026-09-03 10:33:50] [SUCCESS] 📂 Dossier cree : source/repos/pouky/packages/Newtonsoft.Json.12.0.2/lib/netstandard2.0
[2026-09-03 10:33:52] [SUCCESS] 📂 Dossier cree : source/repos/pouky/packages/Newtonsoft.Json.12.0.2/lib/portable-net40+sl5+win8+wp8+wpa81
[2026-09-03 10:33:54] [SUCCESS] 📂 Dossier cree : source/repos/pouky/packages/Newtonsoft.Json.12.0.2/lib/portable-net45+win8+wp8+wpa81
[2026-09-03 10:33:56] [SUCCESS] 📂 Dossier cree : source/repos/pouky/packages/Oracle.ManagedDataAccess.21.7.0/bin/x64
[2026-09-03 10:33:57] [SUCCESS] 📂 Dossier cree : source/repos/pouky/packages/Oracle.ManagedDataAccess.21.7.0/bin/x86
[2026-09-03 10:33:59] [SUCCESS] 📂 Dossier cree : source/repos/pouky/packages/Oracle.ManagedDataAccess.21.7.0/content/net462
[2026-09-03 10:34:00] [SUCCESS] 📂 Dossier cree : source/repos/pouky/packages/Oracle.ManagedDataAccess.21.7.0/lib/net462
[2026-09-03 10:34:02] [SUCCESS] 📂 Dossier cree : source/repos/pouky/packages/SharePoint.15.0.0/lib/Microsoft.SharePoint
[2026-09-03 10:34:04] [SUCCESS] 📂 Dossier cree : source/repos/pouky/packages/SharePoint.Client.Office.Tools.15.0.4907.1000/lib/net40-full
[2026-09-03 10:34:05] [SUCCESS] 📂 Dossier cree : source/repos/pouky/packages/System.Buffers.4.5.1/lib/net461
[2026-09-03 10:34:07] [SUCCESS] 📂 Dossier cree : source/repos/pouky/packages/System.Buffers.4.5.1/lib/netcoreapp2.0
[2026-09-03 10:34:08] [SUCCESS] 📂 Dossier cree : source/repos/pouky/packages/System.Buffers.4.5.1/lib/netstandard1.1
[2026-09-03 10:34:10] [SUCCESS] 📂 Dossier cree : source/repos/pouky/packages/System.Buffers.4.5.1/lib/netstandard2.0
[2026-09-03 10:34:12] [SUCCESS] 📂 Dossier cree : source/repos/pouky/packages/System.Buffers.4.5.1/lib/uap10.0.16299
[2026-09-03 10:34:13] [SUCCESS] 📂 Dossier cree : source/repos/pouky/packages/System.Buffers.4.5.1/ref/net45
[2026-09-03 10:34:15] [SUCCESS] 📂 Dossier cree : source/repos/pouky/packages/System.Buffers.4.5.1/ref/netcoreapp2.0
[2026-09-03 10:34:16] [SUCCESS] 📂 Dossier cree : source/repos/pouky/packages/System.Buffers.4.5.1/ref/netstandard1.1
[2026-09-03 10:34:18] [SUCCESS] 📂 Dossier cree : source/repos/pouky/packages/System.Buffers.4.5.1/ref/netstandard2.0
[2026-09-03 10:34:19] [SUCCESS] 📂 Dossier cree : source/repos/pouky/packages/System.Buffers.4.5.1/ref/uap10.0.16299
[2026-09-03 10:34:21] [SUCCESS] 📂 Dossier cree : source/repos/pouky/packages/System.Memory.4.5.4/lib/net461
[2026-09-03 10:34:22] [SUCCESS] 📂 Dossier cree : source/repos/pouky/packages/System.Memory.4.5.4/lib/netcoreapp2.1
[2026-09-03 10:34:24] [SUCCESS] 📂 Dossier cree : source/repos/pouky/packages/System.Memory.4.5.4/lib/netstandard1.1
[2026-09-03 10:34:25] [SUCCESS] 📂 Dossier cree : source/repos/pouky/packages/System.Memory.4.5.4/lib/netstandard2.0
[2026-09-03 10:34:27] [SUCCESS] 📂 Dossier cree : source/repos/pouky/packages/System.Memory.4.5.4/ref/netcoreapp2.1
[2026-09-03 10:34:29] [SUCCESS] 📂 Dossier cree : source/repos/pouky/packages/System.Numerics.Vectors.4.5.0/lib/MonoAndroid10
[2026-09-03 10:34:31] [SUCCESS] 📂 Dossier cree : source/repos/pouky/packages/System.Numerics.Vectors.4.5.0/lib/MonoTouch10
[2026-09-03 10:34:32] [SUCCESS] 📂 Dossier cree : source/repos/pouky/packages/System.Numerics.Vectors.4.5.0/lib/net46
[2026-09-03 10:34:34] [SUCCESS] 📂 Dossier cree : source/repos/pouky/packages/System.Numerics.Vectors.4.5.0/lib/netcoreapp2.0
[2026-09-03 10:34:35] [SUCCESS] 📂 Dossier cree : source/repos/pouky/packages/System.Numerics.Vectors.4.5.0/lib/netstandard1.0
[2026-09-03 10:34:37] [SUCCESS] 📂 Dossier cree : source/repos/pouky/packages/System.Numerics.Vectors.4.5.0/lib/netstandard2.0
[2026-09-03 10:34:38] [SUCCESS] 📂 Dossier cree : source/repos/pouky/packages/System.Numerics.Vectors.4.5.0/lib/portable-net45+win8+wp8+wpa81
[2026-09-03 10:34:40] [SUCCESS] 📂 Dossier cree : source/repos/pouky/packages/System.Numerics.Vectors.4.5.0/lib/uap10.0.16299
[2026-09-03 10:34:41] [SUCCESS] 📂 Dossier cree : source/repos/pouky/packages/System.Numerics.Vectors.4.5.0/lib/xamarinios10
[2026-09-03 10:34:43] [SUCCESS] 📂 Dossier cree : source/repos/pouky/packages/System.Numerics.Vectors.4.5.0/lib/xamarinmac20
[2026-09-03 10:34:45] [SUCCESS] 📂 Dossier cree : source/repos/pouky/packages/System.Numerics.Vectors.4.5.0/lib/xamarintvos10
[2026-09-03 10:34:46] [SUCCESS] 📂 Dossier cree : source/repos/pouky/packages/System.Numerics.Vectors.4.5.0/lib/xamarinwatchos10
[2026-09-03 10:34:48] [SUCCESS] 📂 Dossier cree : source/repos/pouky/packages/System.Numerics.Vectors.4.5.0/ref/MonoAndroid10
[2026-09-03 10:34:50] [SUCCESS] 📂 Dossier cree : source/repos/pouky/packages/System.Numerics.Vectors.4.5.0/ref/MonoTouch10
[2026-09-03 10:34:51] [SUCCESS] 📂 Dossier cree : source/repos/pouky/packages/System.Numerics.Vectors.4.5.0/ref/net45
[2026-09-03 10:34:53] [SUCCESS] 📂 Dossier cree : source/repos/pouky/packages/System.Numerics.Vectors.4.5.0/ref/net46
[2026-09-03 10:34:54] [SUCCESS] 📂 Dossier cree : source/repos/pouky/packages/System.Numerics.Vectors.4.5.0/ref/netcoreapp2.0
[2026-09-03 10:34:57] [SUCCESS] 📂 Dossier cree : source/repos/pouky/packages/System.Numerics.Vectors.4.5.0/ref/netstandard1.0
[2026-09-03 10:34:58] [SUCCESS] 📂 Dossier cree : source/repos/pouky/packages/System.Numerics.Vectors.4.5.0/ref/netstandard2.0
[2026-09-03 10:34:59] [SUCCESS] 📂 Dossier cree : source/repos/pouky/packages/System.Numerics.Vectors.4.5.0/ref/uap10.0.16299
[2026-09-03 10:35:01] [SUCCESS] 📂 Dossier cree : source/repos/pouky/packages/System.Numerics.Vectors.4.5.0/ref/xamarinios10
[2026-09-03 10:35:03] [SUCCESS] 📂 Dossier cree : source/repos/pouky/packages/System.Numerics.Vectors.4.5.0/ref/xamarinmac20
[2026-09-03 10:35:05] [SUCCESS] 📂 Dossier cree : source/repos/pouky/packages/System.Numerics.Vectors.4.5.0/ref/xamarintvos10
[2026-09-03 10:35:07] [SUCCESS] 📂 Dossier cree : source/repos/pouky/packages/System.Numerics.Vectors.4.5.0/ref/xamarinwatchos10
[2026-09-03 10:35:09] [SUCCESS] 📂 Dossier cree : source/repos/pouky/packages/System.Runtime.CompilerServices.Unsafe.6.0.0/buildTransitive/netcoreapp2.0
[2026-09-03 10:35:11] [SUCCESS] 📂 Dossier cree : source/repos/pouky/packages/System.Runtime.CompilerServices.Unsafe.6.0.0/buildTransitive/netcoreapp3.1
[2026-09-03 10:35:12] [SUCCESS] 📂 Dossier cree : source/repos/pouky/packages/System.Runtime.CompilerServices.Unsafe.6.0.0/lib/net461
[2026-09-03 10:35:14] [SUCCESS] 📂 Dossier cree : source/repos/pouky/packages/System.Runtime.CompilerServices.Unsafe.6.0.0/lib/net6.0
[2026-09-03 10:35:15] [SUCCESS] 📂 Dossier cree : source/repos/pouky/packages/System.Runtime.CompilerServices.Unsafe.6.0.0/lib/netcoreapp3.1
[2026-09-03 10:35:17] [SUCCESS] 📂 Dossier cree : source/repos/pouky/packages/System.Runtime.CompilerServices.Unsafe.6.0.0/lib/netstandard2.0
[2026-09-03 10:35:19] [SUCCESS] 📂 Dossier cree : source/repos/pouky/packages/System.Text.Encodings.Web.6.0.0/buildTransitive/netcoreapp2.0
[2026-09-03 10:35:21] [SUCCESS] 📂 Dossier cree : source/repos/pouky/packages/System.Text.Encodings.Web.6.0.0/buildTransitive/netcoreapp3.1
[2026-09-03 10:35:22] [SUCCESS] 📂 Dossier cree : source/repos/pouky/packages/System.Text.Encodings.Web.6.0.0/lib/net461
[2026-09-03 10:35:25] [SUCCESS] 📂 Dossier cree : source/repos/pouky/packages/System.Text.Encodings.Web.6.0.0/lib/net6.0
[2026-09-03 10:35:26] [SUCCESS] 📂 Dossier cree : source/repos/pouky/packages/System.Text.Encodings.Web.6.0.0/lib/netcoreapp3.1
[2026-09-03 10:35:28] [SUCCESS] 📂 Dossier cree : source/repos/pouky/packages/System.Text.Encodings.Web.6.0.0/lib/netstandard2.0
[2026-09-03 10:35:30] [SUCCESS] 📂 Dossier cree : source/repos/pouky/packages/System.Text.Encodings.Web.6.0.0/runtimes/browser
[2026-09-03 10:35:32] [SUCCESS] 📂 Dossier cree : source/repos/pouky/packages/System.Text.Json.6.0.0/analyzers/dotnet
[2026-09-03 10:35:34] [SUCCESS] 📂 Dossier cree : source/repos/pouky/packages/System.Text.Json.6.0.0/buildTransitive/netcoreapp2.0
[2026-09-03 10:35:36] [SUCCESS] 📂 Dossier cree : source/repos/pouky/packages/System.Text.Json.6.0.0/buildTransitive/netcoreapp3.1
[2026-09-03 10:35:37] [SUCCESS] 📂 Dossier cree : source/repos/pouky/packages/System.Text.Json.6.0.0/lib/net461
[2026-09-03 10:35:39] [SUCCESS] 📂 Dossier cree : source/repos/pouky/packages/System.Text.Json.6.0.0/lib/net6.0
[2026-09-03 10:35:41] [SUCCESS] 📂 Dossier cree : source/repos/pouky/packages/System.Text.Json.6.0.0/lib/netcoreapp3.1
[2026-09-03 10:35:43] [SUCCESS] 📂 Dossier cree : source/repos/pouky/packages/System.Text.Json.6.0.0/lib/netstandard2.0
[2026-09-03 10:35:44] [SUCCESS] 📂 Dossier cree : source/repos/pouky/packages/System.Threading.Tasks.Extensions.4.5.4/lib/MonoAndroid10
[2026-09-03 10:35:46] [SUCCESS] 📂 Dossier cree : source/repos/pouky/packages/System.Threading.Tasks.Extensions.4.5.4/lib/MonoTouch10
[2026-09-03 10:35:48] [SUCCESS] 📂 Dossier cree : source/repos/pouky/packages/System.Threading.Tasks.Extensions.4.5.4/lib/net461
[2026-09-03 10:35:50] [SUCCESS] 📂 Dossier cree : source/repos/pouky/packages/System.Threading.Tasks.Extensions.4.5.4/lib/netcoreapp2.1
[2026-09-03 10:35:51] [SUCCESS] 📂 Dossier cree : source/repos/pouky/packages/System.Threading.Tasks.Extensions.4.5.4/lib/netstandard1.0
[2026-09-03 10:35:53] [SUCCESS] 📂 Dossier cree : source/repos/pouky/packages/System.Threading.Tasks.Extensions.4.5.4/lib/netstandard2.0
[2026-09-03 10:35:54] [SUCCESS] 📂 Dossier cree : source/repos/pouky/packages/System.Threading.Tasks.Extensions.4.5.4/lib/portable-net45+win8+wp8+wpa81
[2026-09-03 10:35:56] [SUCCESS] 📂 Dossier cree : source/repos/pouky/packages/System.Threading.Tasks.Extensions.4.5.4/lib/xamarinios10
[2026-09-03 10:35:57] [SUCCESS] 📂 Dossier cree : source/repos/pouky/packages/System.Threading.Tasks.Extensions.4.5.4/lib/xamarinmac20
[2026-09-03 10:35:59] [SUCCESS] 📂 Dossier cree : source/repos/pouky/packages/System.Threading.Tasks.Extensions.4.5.4/lib/xamarintvos10
[2026-09-03 10:36:00] [SUCCESS] 📂 Dossier cree : source/repos/pouky/packages/System.Threading.Tasks.Extensions.4.5.4/lib/xamarinwatchos10
[2026-09-03 10:36:02] [SUCCESS] 📂 Dossier cree : source/repos/pouky/packages/System.Threading.Tasks.Extensions.4.5.4/ref/MonoAndroid10
[2026-09-03 10:36:04] [SUCCESS] 📂 Dossier cree : source/repos/pouky/packages/System.Threading.Tasks.Extensions.4.5.4/ref/MonoTouch10
[2026-09-03 10:36:05] [SUCCESS] 📂 Dossier cree : source/repos/pouky/packages/System.Threading.Tasks.Extensions.4.5.4/ref/netcoreapp2.1
[2026-09-03 10:36:07] [SUCCESS] 📂 Dossier cree : source/repos/pouky/packages/System.Threading.Tasks.Extensions.4.5.4/ref/xamarinios10
[2026-09-03 10:36:08] [SUCCESS] 📂 Dossier cree : source/repos/pouky/packages/System.Threading.Tasks.Extensions.4.5.4/ref/xamarinmac20
[2026-09-03 10:36:10] [SUCCESS] 📂 Dossier cree : source/repos/pouky/packages/System.Threading.Tasks.Extensions.4.5.4/ref/xamarintvos10
[2026-09-03 10:36:12] [SUCCESS] 📂 Dossier cree : source/repos/pouky/packages/System.Threading.Tasks.Extensions.4.5.4/ref/xamarinwatchos10
[2026-09-03 10:36:14] [SUCCESS] 📂 Dossier cree : source/repos/pouky/packages/System.ValueTuple.4.5.0/lib/MonoAndroid10
[2026-09-03 10:36:15] [SUCCESS] 📂 Dossier cree : source/repos/pouky/packages/System.ValueTuple.4.5.0/lib/MonoTouch10
[2026-09-03 10:36:17] [SUCCESS] 📂 Dossier cree : source/repos/pouky/packages/System.ValueTuple.4.5.0/lib/net461
[2026-09-03 10:36:18] [SUCCESS] 📂 Dossier cree : source/repos/pouky/packages/System.ValueTuple.4.5.0/lib/net47
[2026-09-03 10:36:20] [SUCCESS] 📂 Dossier cree : source/repos/pouky/packages/System.ValueTuple.4.5.0/lib/netcoreapp2.0
[2026-09-03 10:36:22] [SUCCESS] 📂 Dossier cree : source/repos/pouky/packages/System.ValueTuple.4.5.0/lib/netstandard1.0
[2026-09-03 10:36:23] [SUCCESS] 📂 Dossier cree : source/repos/pouky/packages/System.ValueTuple.4.5.0/lib/netstandard2.0
[2026-09-03 10:36:25] [SUCCESS] 📂 Dossier cree : source/repos/pouky/packages/System.ValueTuple.4.5.0/lib/portable-net40+sl4+win8+wp8
[2026-09-03 10:36:26] [SUCCESS] 📂 Dossier cree : source/repos/pouky/packages/System.ValueTuple.4.5.0/lib/uap10.0.16299
[2026-09-03 10:36:29] [SUCCESS] 📂 Dossier cree : source/repos/pouky/packages/System.ValueTuple.4.5.0/lib/xamarinios10
[2026-09-03 10:36:31] [SUCCESS] 📂 Dossier cree : source/repos/pouky/packages/System.ValueTuple.4.5.0/lib/xamarinmac20
[2026-09-03 10:36:32] [SUCCESS] 📂 Dossier cree : source/repos/pouky/packages/System.ValueTuple.4.5.0/lib/xamarintvos10
[2026-09-03 10:36:34] [SUCCESS] 📂 Dossier cree : source/repos/pouky/packages/System.ValueTuple.4.5.0/lib/xamarinwatchos10
[2026-09-03 10:36:36] [SUCCESS] 📂 Dossier cree : source/repos/pouky/packages/System.ValueTuple.4.5.0/ref/MonoAndroid10
[2026-09-03 10:36:39] [SUCCESS] 📂 Dossier cree : source/repos/pouky/packages/System.ValueTuple.4.5.0/ref/MonoTouch10
[2026-09-03 10:36:41] [SUCCESS] 📂 Dossier cree : source/repos/pouky/packages/System.ValueTuple.4.5.0/ref/net461
[2026-09-03 10:36:42] [SUCCESS] 📂 Dossier cree : source/repos/pouky/packages/System.ValueTuple.4.5.0/ref/net47
[2026-09-03 10:36:44] [SUCCESS] 📂 Dossier cree : source/repos/pouky/packages/System.ValueTuple.4.5.0/ref/netcoreapp2.0
[2026-09-03 10:36:45] [SUCCESS] 📂 Dossier cree : source/repos/pouky/packages/System.ValueTuple.4.5.0/ref/netstandard2.0
[2026-09-03 10:36:47] [SUCCESS] 📂 Dossier cree : source/repos/pouky/packages/System.ValueTuple.4.5.0/ref/portable-net40+sl4+win8+wp8
[2026-09-03 10:36:49] [SUCCESS] 📂 Dossier cree : source/repos/pouky/packages/System.ValueTuple.4.5.0/ref/uap10.0.16299
[2026-09-03 10:36:50] [SUCCESS] 📂 Dossier cree : source/repos/pouky/packages/System.ValueTuple.4.5.0/ref/xamarinios10
[2026-09-03 10:36:52] [SUCCESS] 📂 Dossier cree : source/repos/pouky/packages/System.ValueTuple.4.5.0/ref/xamarinmac20
[2026-09-03 10:36:54] [SUCCESS] 📂 Dossier cree : source/repos/pouky/packages/System.ValueTuple.4.5.0/ref/xamarintvos10
[2026-09-03 10:36:55] [SUCCESS] 📂 Dossier cree : source/repos/pouky/packages/System.ValueTuple.4.5.0/ref/xamarinwatchos10
[2026-09-03 10:36:57] [SUCCESS] 📂 Dossier cree : source/repos/pouky/pouky/obj/Debug/TempPE
[2026-09-03 10:36:59] [SUCCESS] 📂 Dossier cree : source/repos/poukymon/.vs/poukymon/FileContentIndex/merges
[2026-09-03 10:37:00] [SUCCESS] 📂 Dossier cree : source/repos/poukymon/packages/bootstrap.3.4.1/content/Content
[2026-09-03 10:37:02] [SUCCESS] 📂 Dossier cree : source/repos/poukymon/packages/bootstrap.3.4.1/content/fonts
[2026-09-03 10:37:04] [SUCCESS] 📂 Dossier cree : source/repos/poukymon/packages/bootstrap.3.4.1/content/Scripts
[2026-09-03 10:37:06] [SUCCESS] 📂 Dossier cree : source/repos/poukymon/packages/bootstrap.3.4.1/contentFiles/Content
[2026-09-03 10:37:07] [SUCCESS] 📂 Dossier cree : source/repos/poukymon/packages/bootstrap.3.4.1/contentFiles/fonts
[2026-09-03 10:37:09] [SUCCESS] 📂 Dossier cree : source/repos/poukymon/packages/bootstrap.3.4.1/contentFiles/Scripts
[2026-09-03 10:37:11] [SUCCESS] 📂 Dossier cree : source/repos/poukymon/packages/bootstrap.5.2.2/content/Content
[2026-09-03 10:37:13] [SUCCESS] 📂 Dossier cree : source/repos/poukymon/packages/bootstrap.5.2.2/content/Scripts
[2026-09-03 10:37:15] [SUCCESS] 📂 Dossier cree : source/repos/poukymon/packages/bootstrap.5.2.2/contentFiles/any
[2026-09-03 10:37:17] [SUCCESS] 📂 Dossier cree : source/repos/poukymon/packages/jQuery.3.4.1/Content/Scripts
[2026-09-03 10:37:18] [SUCCESS] 📂 Dossier cree : source/repos/poukymon/packages/jQuery.Validation.1.17.0/Content/Scripts
[2026-09-03 10:37:20] [SUCCESS] 📂 Dossier cree : source/repos/poukymon/packages/Microsoft.AspNet.Mvc.5.2.7/lib/net45
[2026-09-03 10:37:21] [SUCCESS] 📂 Dossier cree : source/repos/poukymon/packages/Microsoft.AspNet.Mvc.fr.5.2.7/lib/net45
[2026-09-03 10:37:23] [SUCCESS] 📂 Dossier cree : source/repos/poukymon/packages/Microsoft.AspNet.Razor.3.2.7/lib/net45
[2026-09-03 10:37:25] [SUCCESS] 📂 Dossier cree : source/repos/poukymon/packages/Microsoft.AspNet.Razor.fr.3.2.7/lib/net45
[2026-09-03 10:37:26] [SUCCESS] 📂 Dossier cree : source/repos/poukymon/packages/Microsoft.AspNet.Web.Optimization.1.1.3/lib/net40
[2026-09-03 10:37:28] [SUCCESS] 📂 Dossier cree : source/repos/poukymon/packages/Microsoft.AspNet.Web.Optimization.fr.1.1.3/lib/net40
[2026-09-03 10:37:30] [SUCCESS] 📂 Dossier cree : source/repos/poukymon/packages/Microsoft.AspNet.WebPages.3.2.7/lib/net45
[2026-09-03 10:37:32] [SUCCESS] 📂 Dossier cree : source/repos/poukymon/packages/Microsoft.AspNet.WebPages.fr.3.2.7/lib/net45
[2026-09-03 10:37:33] [SUCCESS] 📂 Dossier cree : source/repos/poukymon/packages/Microsoft.Bcl.AsyncInterfaces.6.0.0/lib/net461
[2026-09-03 10:37:35] [SUCCESS] 📂 Dossier cree : source/repos/poukymon/packages/Microsoft.Bcl.AsyncInterfaces.6.0.0/lib/netstandard2.0
[2026-09-03 10:37:37] [SUCCESS] 📂 Dossier cree : source/repos/poukymon/packages/Microsoft.Bcl.AsyncInterfaces.6.0.0/lib/netstandard2.1
[2026-09-03 10:37:38] [SUCCESS] 📂 Dossier cree : source/repos/poukymon/packages/Microsoft.CodeDom.Providers.DotNetCompilerPlatform.2.0.1/build/net45
[2026-09-03 10:37:40] [SUCCESS] 📂 Dossier cree : source/repos/poukymon/packages/Microsoft.CodeDom.Providers.DotNetCompilerPlatform.2.0.1/build/net46
[2026-09-03 10:37:42] [SUCCESS] 📂 Dossier cree : source/repos/poukymon/packages/Microsoft.CodeDom.Providers.DotNetCompilerPlatform.2.0.1/content/net45
[2026-09-03 10:37:44] [SUCCESS] 📂 Dossier cree : source/repos/poukymon/packages/Microsoft.CodeDom.Providers.DotNetCompilerPlatform.2.0.1/content/net46
[2026-09-03 10:37:45] [SUCCESS] 📂 Dossier cree : source/repos/poukymon/packages/Microsoft.CodeDom.Providers.DotNetCompilerPlatform.2.0.1/lib/net45
[2026-09-03 10:37:47] [SUCCESS] 📂 Dossier cree : source/repos/poukymon/packages/Microsoft.CodeDom.Providers.DotNetCompilerPlatform.2.0.1/tools/net45
[2026-09-03 10:37:48] [SUCCESS] 📂 Dossier cree : source/repos/poukymon/packages/Microsoft.CodeDom.Providers.DotNetCompilerPlatform.2.0.1/tools/Roslyn45
[2026-09-03 10:37:49] [SUCCESS] 📂 Dossier cree : source/repos/poukymon/packages/Microsoft.CodeDom.Providers.DotNetCompilerPlatform.2.0.1/tools/RoslynLatest
[2026-09-03 10:37:51] [SUCCESS] 📂 Dossier cree : source/repos/poukymon/packages/Microsoft.jQuery.Unobtrusive.Validation.3.2.11/Content/Scripts
[2026-09-03 10:37:52] [SUCCESS] 📂 Dossier cree : source/repos/poukymon/packages/Microsoft.Office.Interop.Word.15.0.4797.1004/lib/net20
[2026-09-03 10:37:54] [SUCCESS] 📂 Dossier cree : source/repos/poukymon/packages/Microsoft.Office.Interop.Word.15.0.4797.1004/lib/netstandard2.0
[2026-09-03 10:37:56] [SUCCESS] 📂 Dossier cree : source/repos/poukymon/packages/Microsoft.SharePointOnline.CSOM.16.1.23019.12000/lib/javascript
[2026-09-03 10:37:57] [SUCCESS] 📂 Dossier cree : source/repos/poukymon/packages/Microsoft.SharePointOnline.CSOM.16.1.23019.12000/lib/net40-full
[2026-09-03 10:37:59] [SUCCESS] 📂 Dossier cree : source/repos/poukymon/packages/Microsoft.SharePointOnline.CSOM.16.1.23019.12000/lib/net45
[2026-09-03 10:38:01] [SUCCESS] 📂 Dossier cree : source/repos/poukymon/packages/Microsoft.SharePointOnline.CSOM.16.1.23019.12000/lib/netstandard2.0
[2026-09-03 10:38:03] [SUCCESS] 📂 Dossier cree : source/repos/poukymon/packages/Microsoft.Web.Infrastructure.1.0.0.0/lib/net40
[2026-09-03 10:38:05] [SUCCESS] 📂 Dossier cree : source/repos/poukymon/packages/Modernizr.2.8.3/Content/Scripts
[2026-09-03 10:38:07] [SUCCESS] 📂 Dossier cree : source/repos/poukymon/packages/MvcCheckBoxList.1.4.5/lib/net40
[2026-09-03 10:38:09] [SUCCESS] 📂 Dossier cree : source/repos/poukymon/packages/MvcCheckBoxList.1.4.5/lib/net45
[2026-09-03 10:38:11] [SUCCESS] 📂 Dossier cree : source/repos/poukymon/packages/Newtonsoft.Json.12.0.2/lib/net20
[2026-09-03 10:38:13] [SUCCESS] 📂 Dossier cree : source/repos/poukymon/packages/Newtonsoft.Json.12.0.2/lib/net35
[2026-09-03 10:38:15] [SUCCESS] 📂 Dossier cree : source/repos/poukymon/packages/Newtonsoft.Json.12.0.2/lib/net40
[2026-09-03 10:38:17] [SUCCESS] 📂 Dossier cree : source/repos/poukymon/packages/Newtonsoft.Json.12.0.2/lib/net45
[2026-09-03 10:38:19] [SUCCESS] 📂 Dossier cree : source/repos/poukymon/packages/Newtonsoft.Json.12.0.2/lib/netstandard1.0
[2026-09-03 10:38:21] [SUCCESS] 📂 Dossier cree : source/repos/poukymon/packages/Newtonsoft.Json.12.0.2/lib/netstandard1.3
[2026-09-03 10:38:23] [SUCCESS] 📂 Dossier cree : source/repos/poukymon/packages/Newtonsoft.Json.12.0.2/lib/netstandard2.0
[2026-09-03 10:38:24] [SUCCESS] 📂 Dossier cree : source/repos/poukymon/packages/Newtonsoft.Json.12.0.2/lib/portable-net40+sl5+win8+wp8+wpa81
[2026-09-03 10:38:27] [SUCCESS] 📂 Dossier cree : source/repos/poukymon/packages/Newtonsoft.Json.12.0.2/lib/portable-net45+win8+wp8+wpa81
[2026-09-03 10:38:30] [SUCCESS] 📂 Dossier cree : source/repos/poukymon/packages/Oracle.ManagedDataAccess.21.8.0/bin/x64
[2026-09-03 10:38:33] [SUCCESS] 📂 Dossier cree : source/repos/poukymon/packages/Oracle.ManagedDataAccess.21.8.0/bin/x86
[2026-09-03 10:38:34] [SUCCESS] 📂 Dossier cree : source/repos/poukymon/packages/Oracle.ManagedDataAccess.21.8.0/content/net462
[2026-09-03 10:38:36] [SUCCESS] 📂 Dossier cree : source/repos/poukymon/packages/Oracle.ManagedDataAccess.21.8.0/lib/net462
[2026-09-03 10:38:38] [SUCCESS] 📂 Dossier cree : source/repos/poukymon/packages/System.Buffers.4.5.1/lib/net461
[2026-09-03 10:38:40] [SUCCESS] 📂 Dossier cree : source/repos/poukymon/packages/System.Buffers.4.5.1/lib/netcoreapp2.0
[2026-09-03 10:38:42] [SUCCESS] 📂 Dossier cree : source/repos/poukymon/packages/System.Buffers.4.5.1/lib/netstandard1.1
[2026-09-03 10:38:44] [SUCCESS] 📂 Dossier cree : source/repos/poukymon/packages/System.Buffers.4.5.1/lib/netstandard2.0
[2026-09-03 10:38:46] [SUCCESS] 📂 Dossier cree : source/repos/poukymon/packages/System.Buffers.4.5.1/lib/uap10.0.16299
[2026-09-03 10:38:47] [SUCCESS] 📂 Dossier cree : source/repos/poukymon/packages/System.Buffers.4.5.1/ref/net45
[2026-09-03 10:38:50] [SUCCESS] 📂 Dossier cree : source/repos/poukymon/packages/System.Buffers.4.5.1/ref/netcoreapp2.0
[2026-09-03 10:38:51] [SUCCESS] 📂 Dossier cree : source/repos/poukymon/packages/System.Buffers.4.5.1/ref/netstandard1.1
[2026-09-03 10:38:53] [SUCCESS] 📂 Dossier cree : source/repos/poukymon/packages/System.Buffers.4.5.1/ref/netstandard2.0
[2026-09-03 10:38:55] [SUCCESS] 📂 Dossier cree : source/repos/poukymon/packages/System.Buffers.4.5.1/ref/uap10.0.16299
[2026-09-03 10:38:56] [SUCCESS] 📂 Dossier cree : source/repos/poukymon/packages/System.Memory.4.5.4/lib/net461
[2026-09-03 10:38:58] [SUCCESS] 📂 Dossier cree : source/repos/poukymon/packages/System.Memory.4.5.4/lib/netcoreapp2.1
[2026-09-03 10:39:00] [SUCCESS] 📂 Dossier cree : source/repos/poukymon/packages/System.Memory.4.5.4/lib/netstandard1.1
[2026-09-03 10:39:02] [SUCCESS] 📂 Dossier cree : source/repos/poukymon/packages/System.Memory.4.5.4/lib/netstandard2.0
[2026-09-03 10:39:03] [SUCCESS] 📂 Dossier cree : source/repos/poukymon/packages/System.Memory.4.5.4/ref/netcoreapp2.1
[2026-09-03 10:39:05] [SUCCESS] 📂 Dossier cree : source/repos/poukymon/packages/System.Numerics.Vectors.4.5.0/lib/MonoAndroid10
[2026-09-03 10:39:07] [SUCCESS] 📂 Dossier cree : source/repos/poukymon/packages/System.Numerics.Vectors.4.5.0/lib/MonoTouch10
[2026-09-03 10:39:09] [SUCCESS] 📂 Dossier cree : source/repos/poukymon/packages/System.Numerics.Vectors.4.5.0/lib/net46
[2026-09-03 10:39:11] [SUCCESS] 📂 Dossier cree : source/repos/poukymon/packages/System.Numerics.Vectors.4.5.0/lib/netcoreapp2.0
[2026-09-03 10:39:12] [SUCCESS] 📂 Dossier cree : source/repos/poukymon/packages/System.Numerics.Vectors.4.5.0/lib/netstandard1.0
[2026-09-03 10:39:14] [SUCCESS] 📂 Dossier cree : source/repos/poukymon/packages/System.Numerics.Vectors.4.5.0/lib/netstandard2.0
[2026-09-03 10:39:16] [SUCCESS] 📂 Dossier cree : source/repos/poukymon/packages/System.Numerics.Vectors.4.5.0/lib/portable-net45+win8+wp8+wpa81
[2026-09-03 10:39:18] [SUCCESS] 📂 Dossier cree : source/repos/poukymon/packages/System.Numerics.Vectors.4.5.0/lib/uap10.0.16299
[2026-09-03 10:39:20] [SUCCESS] 📂 Dossier cree : source/repos/poukymon/packages/System.Numerics.Vectors.4.5.0/lib/xamarinios10
[2026-09-03 10:39:22] [SUCCESS] 📂 Dossier cree : source/repos/poukymon/packages/System.Numerics.Vectors.4.5.0/lib/xamarinmac20
[2026-09-03 10:39:23] [SUCCESS] 📂 Dossier cree : source/repos/poukymon/packages/System.Numerics.Vectors.4.5.0/lib/xamarintvos10
[2026-09-03 10:39:25] [SUCCESS] 📂 Dossier cree : source/repos/poukymon/packages/System.Numerics.Vectors.4.5.0/lib/xamarinwatchos10
[2026-09-03 10:39:27] [SUCCESS] 📂 Dossier cree : source/repos/poukymon/packages/System.Numerics.Vectors.4.5.0/ref/MonoAndroid10
[2026-09-03 10:39:29] [SUCCESS] 📂 Dossier cree : source/repos/poukymon/packages/System.Numerics.Vectors.4.5.0/ref/MonoTouch10
[2026-09-03 10:39:31] [SUCCESS] 📂 Dossier cree : source/repos/poukymon/packages/System.Numerics.Vectors.4.5.0/ref/net45
[2026-09-03 10:39:32] [SUCCESS] 📂 Dossier cree : source/repos/poukymon/packages/System.Numerics.Vectors.4.5.0/ref/net46
[2026-09-03 10:39:35] [SUCCESS] 📂 Dossier cree : source/repos/poukymon/packages/System.Numerics.Vectors.4.5.0/ref/netcoreapp2.0
[2026-09-03 10:39:36] [SUCCESS] 📂 Dossier cree : source/repos/poukymon/packages/System.Numerics.Vectors.4.5.0/ref/netstandard1.0
[2026-09-03 10:39:38] [SUCCESS] 📂 Dossier cree : source/repos/poukymon/packages/System.Numerics.Vectors.4.5.0/ref/netstandard2.0
[2026-09-03 10:39:41] [SUCCESS] 📂 Dossier cree : source/repos/poukymon/packages/System.Numerics.Vectors.4.5.0/ref/uap10.0.16299
[2026-09-03 10:39:42] [SUCCESS] 📂 Dossier cree : source/repos/poukymon/packages/System.Numerics.Vectors.4.5.0/ref/xamarinios10
[2026-09-03 10:39:44] [SUCCESS] 📂 Dossier cree : source/repos/poukymon/packages/System.Numerics.Vectors.4.5.0/ref/xamarinmac20
[2026-09-03 10:39:46] [SUCCESS] 📂 Dossier cree : source/repos/poukymon/packages/System.Numerics.Vectors.4.5.0/ref/xamarintvos10
[2026-09-03 10:39:48] [SUCCESS] 📂 Dossier cree : source/repos/poukymon/packages/System.Numerics.Vectors.4.5.0/ref/xamarinwatchos10
[2026-09-03 10:39:50] [SUCCESS] 📂 Dossier cree : source/repos/poukymon/packages/System.Runtime.CompilerServices.Unsafe.6.0.0/buildTransitive/netcoreapp2.0
[2026-09-03 10:39:52] [SUCCESS] 📂 Dossier cree : source/repos/poukymon/packages/System.Runtime.CompilerServices.Unsafe.6.0.0/buildTransitive/netcoreapp3.1
[2026-09-03 10:39:54] [SUCCESS] 📂 Dossier cree : source/repos/poukymon/packages/System.Runtime.CompilerServices.Unsafe.6.0.0/lib/net461
[2026-09-03 10:39:56] [SUCCESS] 📂 Dossier cree : source/repos/poukymon/packages/System.Runtime.CompilerServices.Unsafe.6.0.0/lib/net6.0
[2026-09-03 10:39:58] [SUCCESS] 📂 Dossier cree : source/repos/poukymon/packages/System.Runtime.CompilerServices.Unsafe.6.0.0/lib/netcoreapp3.1
[2026-09-03 10:40:00] [SUCCESS] 📂 Dossier cree : source/repos/poukymon/packages/System.Runtime.CompilerServices.Unsafe.6.0.0/lib/netstandard2.0
[2026-09-03 10:40:02] [SUCCESS] 📂 Dossier cree : source/repos/poukymon/packages/System.Text.Encodings.Web.6.0.0/buildTransitive/netcoreapp2.0
[2026-09-03 10:40:04] [SUCCESS] 📂 Dossier cree : source/repos/poukymon/packages/System.Text.Encodings.Web.6.0.0/buildTransitive/netcoreapp3.1
[2026-09-03 10:40:06] [SUCCESS] 📂 Dossier cree : source/repos/poukymon/packages/System.Text.Encodings.Web.6.0.0/lib/net461
[2026-09-03 10:40:08] [SUCCESS] 📂 Dossier cree : source/repos/poukymon/packages/System.Text.Encodings.Web.6.0.0/lib/net6.0
[2026-09-03 10:40:10] [SUCCESS] 📂 Dossier cree : source/repos/poukymon/packages/System.Text.Encodings.Web.6.0.0/lib/netcoreapp3.1
[2026-09-03 10:40:11] [SUCCESS] 📂 Dossier cree : source/repos/poukymon/packages/System.Text.Encodings.Web.6.0.0/lib/netstandard2.0
[2026-09-03 10:40:13] [SUCCESS] 📂 Dossier cree : source/repos/poukymon/packages/System.Text.Encodings.Web.6.0.0/runtimes/browser
[2026-09-03 10:40:15] [SUCCESS] 📂 Dossier cree : source/repos/poukymon/packages/System.Text.Json.6.0.0/analyzers/dotnet
[2026-09-03 10:40:17] [SUCCESS] 📂 Dossier cree : source/repos/poukymon/packages/System.Text.Json.6.0.0/buildTransitive/netcoreapp2.0
[2026-09-03 10:40:19] [SUCCESS] 📂 Dossier cree : source/repos/poukymon/packages/System.Text.Json.6.0.0/buildTransitive/netcoreapp3.1
[2026-09-03 10:40:20] [SUCCESS] 📂 Dossier cree : source/repos/poukymon/packages/System.Text.Json.6.0.0/lib/net461
[2026-09-03 10:40:22] [SUCCESS] 📂 Dossier cree : source/repos/poukymon/packages/System.Text.Json.6.0.0/lib/net6.0
[2026-09-03 10:40:24] [SUCCESS] 📂 Dossier cree : source/repos/poukymon/packages/System.Text.Json.6.0.0/lib/netcoreapp3.1
[2026-09-03 10:40:25] [SUCCESS] 📂 Dossier cree : source/repos/poukymon/packages/System.Text.Json.6.0.0/lib/netstandard2.0
[2026-09-03 10:40:28] [SUCCESS] 📂 Dossier cree : source/repos/poukymon/packages/System.Threading.Tasks.Extensions.4.5.4/lib/MonoAndroid10
[2026-09-03 10:40:30] [SUCCESS] 📂 Dossier cree : source/repos/poukymon/packages/System.Threading.Tasks.Extensions.4.5.4/lib/MonoTouch10
[2026-09-03 10:40:32] [SUCCESS] 📂 Dossier cree : source/repos/poukymon/packages/System.Threading.Tasks.Extensions.4.5.4/lib/net461
[2026-09-03 10:40:34] [SUCCESS] 📂 Dossier cree : source/repos/poukymon/packages/System.Threading.Tasks.Extensions.4.5.4/lib/netcoreapp2.1
[2026-09-03 10:40:36] [SUCCESS] 📂 Dossier cree : source/repos/poukymon/packages/System.Threading.Tasks.Extensions.4.5.4/lib/netstandard1.0
[2026-09-03 10:40:38] [SUCCESS] 📂 Dossier cree : source/repos/poukymon/packages/System.Threading.Tasks.Extensions.4.5.4/lib/netstandard2.0
[2026-09-03 10:40:40] [SUCCESS] 📂 Dossier cree : source/repos/poukymon/packages/System.Threading.Tasks.Extensions.4.5.4/lib/portable-net45+win8+wp8+wpa81
[2026-09-03 10:40:41] [SUCCESS] 📂 Dossier cree : source/repos/poukymon/packages/System.Threading.Tasks.Extensions.4.5.4/lib/xamarinios10
[2026-09-03 10:40:43] [SUCCESS] 📂 Dossier cree : source/repos/poukymon/packages/System.Threading.Tasks.Extensions.4.5.4/lib/xamarinmac20
[2026-09-03 10:40:45] [SUCCESS] 📂 Dossier cree : source/repos/poukymon/packages/System.Threading.Tasks.Extensions.4.5.4/lib/xamarintvos10
[2026-09-03 10:40:47] [SUCCESS] 📂 Dossier cree : source/repos/poukymon/packages/System.Threading.Tasks.Extensions.4.5.4/lib/xamarinwatchos10
[2026-09-03 10:40:49] [SUCCESS] 📂 Dossier cree : source/repos/poukymon/packages/System.Threading.Tasks.Extensions.4.5.4/ref/MonoAndroid10
[2026-09-03 10:40:51] [SUCCESS] 📂 Dossier cree : source/repos/poukymon/packages/System.Threading.Tasks.Extensions.4.5.4/ref/MonoTouch10
[2026-09-03 10:40:53] [SUCCESS] 📂 Dossier cree : source/repos/poukymon/packages/System.Threading.Tasks.Extensions.4.5.4/ref/netcoreapp2.1
[2026-09-03 10:40:55] [SUCCESS] 📂 Dossier cree : source/repos/poukymon/packages/System.Threading.Tasks.Extensions.4.5.4/ref/xamarinios10
[2026-09-03 10:40:57] [SUCCESS] 📂 Dossier cree : source/repos/poukymon/packages/System.Threading.Tasks.Extensions.4.5.4/ref/xamarinmac20
[2026-09-03 10:40:58] [SUCCESS] 📂 Dossier cree : source/repos/poukymon/packages/System.Threading.Tasks.Extensions.4.5.4/ref/xamarintvos10
[2026-09-03 10:41:01] [SUCCESS] 📂 Dossier cree : source/repos/poukymon/packages/System.Threading.Tasks.Extensions.4.5.4/ref/xamarinwatchos10
[2026-09-03 10:41:02] [SUCCESS] 📂 Dossier cree : source/repos/poukymon/packages/System.ValueTuple.4.5.0/lib/MonoAndroid10
[2026-09-03 10:41:04] [SUCCESS] 📂 Dossier cree : source/repos/poukymon/packages/System.ValueTuple.4.5.0/lib/MonoTouch10
[2026-09-03 10:41:06] [SUCCESS] 📂 Dossier cree : source/repos/poukymon/packages/System.ValueTuple.4.5.0/lib/net461
[2026-09-03 10:41:08] [SUCCESS] 📂 Dossier cree : source/repos/poukymon/packages/System.ValueTuple.4.5.0/lib/net47
[2026-09-03 10:41:10] [SUCCESS] 📂 Dossier cree : source/repos/poukymon/packages/System.ValueTuple.4.5.0/lib/netcoreapp2.0
[2026-09-03 10:41:12] [SUCCESS] 📂 Dossier cree : source/repos/poukymon/packages/System.ValueTuple.4.5.0/lib/netstandard1.0
[2026-09-03 10:41:14] [SUCCESS] 📂 Dossier cree : source/repos/poukymon/packages/System.ValueTuple.4.5.0/lib/netstandard2.0
[2026-09-03 10:41:15] [SUCCESS] 📂 Dossier cree : source/repos/poukymon/packages/System.ValueTuple.4.5.0/lib/portable-net40+sl4+win8+wp8
[2026-09-03 10:41:17] [SUCCESS] 📂 Dossier cree : source/repos/poukymon/packages/System.ValueTuple.4.5.0/lib/uap10.0.16299
[2026-09-03 10:41:19] [SUCCESS] 📂 Dossier cree : source/repos/poukymon/packages/System.ValueTuple.4.5.0/lib/xamarinios10
[2026-09-03 10:41:21] [SUCCESS] 📂 Dossier cree : source/repos/poukymon/packages/System.ValueTuple.4.5.0/lib/xamarinmac20
[2026-09-03 10:41:23] [SUCCESS] 📂 Dossier cree : source/repos/poukymon/packages/System.ValueTuple.4.5.0/lib/xamarintvos10
[2026-09-03 10:41:25] [SUCCESS] 📂 Dossier cree : source/repos/poukymon/packages/System.ValueTuple.4.5.0/lib/xamarinwatchos10
[2026-09-03 10:41:27] [SUCCESS] 📂 Dossier cree : source/repos/poukymon/packages/System.ValueTuple.4.5.0/ref/MonoAndroid10
[2026-09-03 10:41:29] [SUCCESS] 📂 Dossier cree : source/repos/poukymon/packages/System.ValueTuple.4.5.0/ref/MonoTouch10
[2026-09-03 10:41:31] [SUCCESS] 📂 Dossier cree : source/repos/poukymon/packages/System.ValueTuple.4.5.0/ref/net461
[2026-09-03 10:41:33] [SUCCESS] 📂 Dossier cree : source/repos/poukymon/packages/System.ValueTuple.4.5.0/ref/net47
[2026-09-03 10:41:35] [SUCCESS] 📂 Dossier cree : source/repos/poukymon/packages/System.ValueTuple.4.5.0/ref/netcoreapp2.0
[2026-09-03 10:41:36] [SUCCESS] 📂 Dossier cree : source/repos/poukymon/packages/System.ValueTuple.4.5.0/ref/netstandard2.0
[2026-09-03 10:41:38] [SUCCESS] 📂 Dossier cree : source/repos/poukymon/packages/System.ValueTuple.4.5.0/ref/portable-net40+sl4+win8+wp8
[2026-09-03 10:41:41] [SUCCESS] 📂 Dossier cree : source/repos/poukymon/packages/System.ValueTuple.4.5.0/ref/uap10.0.16299
[2026-09-03 10:41:43] [SUCCESS] 📂 Dossier cree : source/repos/poukymon/packages/System.ValueTuple.4.5.0/ref/xamarinios10
[2026-09-03 10:41:44] [SUCCESS] 📂 Dossier cree : source/repos/poukymon/packages/System.ValueTuple.4.5.0/ref/xamarinmac20
[2026-09-03 10:41:46] [SUCCESS] 📂 Dossier cree : source/repos/poukymon/packages/System.ValueTuple.4.5.0/ref/xamarintvos10
[2026-09-03 10:41:48] [SUCCESS] 📂 Dossier cree : source/repos/poukymon/packages/System.ValueTuple.4.5.0/ref/xamarinwatchos10
[2026-09-03 10:41:49] [SUCCESS] 📂 Dossier cree : source/repos/poukymon/poukymon/lib/bootstrap/css
[2026-09-03 10:41:51] [SUCCESS] 📂 Dossier cree : source/repos/poukymon/poukymon/lib/bootstrap/js
[2026-09-03 10:41:54] [SUCCESS] 📂 Dossier cree : source/repos/poukymon/poukymon/lib/bootstrap/scss
[2026-09-03 10:41:56] [SUCCESS] 📂 Dossier cree : source/repos/poukymon/poukymon/obj/Debug/TempPE
[2026-09-03 10:41:58] [SUCCESS] 📂 Dossier cree : source/repos/SF_VIEWER_AO_SIM/.git/logs/refs/heads
[2026-09-03 10:42:00] [SUCCESS] 📂 Dossier cree : source/repos/SF_VIEWER_AO_SIM/.git/logs/refs/remotes
[2026-09-03 10:42:02] [SUCCESS] 📂 Dossier cree : source/repos/SF_VIEWER_AO_SIM/.git/refs/remotes/origin
[2026-09-03 10:42:04] [SUCCESS] 📂 Dossier cree : source/repos/SF_VIEWER_AO_SIM/packages/AspNet.ScriptManager.bootstrap.3.4.1/lib/net40
[2026-09-03 10:42:05] [SUCCESS] 📂 Dossier cree : source/repos/SF_VIEWER_AO_SIM/packages/AspNet.ScriptManager.bootstrap.3.4.1/lib/net45
[2026-09-03 10:42:07] [SUCCESS] 📂 Dossier cree : source/repos/SF_VIEWER_AO_SIM/packages/AspNet.ScriptManager.jQuery.3.4.1/lib/net40
[2026-09-03 10:42:09] [SUCCESS] 📂 Dossier cree : source/repos/SF_VIEWER_AO_SIM/packages/AspNet.ScriptManager.jQuery.3.4.1/lib/net45
[2026-09-03 10:42:11] [SUCCESS] 📂 Dossier cree : source/repos/SF_VIEWER_AO_SIM/packages/bootstrap.3.4.1/content/Content
[2026-09-03 10:42:12] [SUCCESS] 📂 Dossier cree : source/repos/SF_VIEWER_AO_SIM/packages/bootstrap.3.4.1/content/fonts
[2026-09-03 10:42:14] [SUCCESS] 📂 Dossier cree : source/repos/SF_VIEWER_AO_SIM/packages/bootstrap.3.4.1/content/Scripts
[2026-09-03 10:42:17] [SUCCESS] 📂 Dossier cree : source/repos/SF_VIEWER_AO_SIM/packages/bootstrap.3.4.1/contentFiles/Content
[2026-09-03 10:42:18] [SUCCESS] 📂 Dossier cree : source/repos/SF_VIEWER_AO_SIM/packages/bootstrap.3.4.1/contentFiles/fonts
[2026-09-03 10:42:20] [SUCCESS] 📂 Dossier cree : source/repos/SF_VIEWER_AO_SIM/packages/bootstrap.3.4.1/contentFiles/Scripts
[2026-09-03 10:42:22] [SUCCESS] 📂 Dossier cree : source/repos/SF_VIEWER_AO_SIM/packages/jQuery.3.4.1/Content/Scripts
[2026-09-03 10:42:24] [SUCCESS] 📂 Dossier cree : source/repos/SF_VIEWER_AO_SIM/packages/Microsoft.AspNet.FriendlyUrls.1.0.2/Content/App_Start
[2026-09-03 10:42:25] [SUCCESS] 📂 Dossier cree : source/repos/SF_VIEWER_AO_SIM/packages/Microsoft.AspNet.FriendlyUrls.Core.1.0.2/lib/net40
[2026-09-03 10:42:28] [SUCCESS] 📂 Dossier cree : source/repos/SF_VIEWER_AO_SIM/packages/Microsoft.AspNet.FriendlyUrls.Core.1.0.2/lib/net45
[2026-09-03 10:42:30] [SUCCESS] 📂 Dossier cree : source/repos/SF_VIEWER_AO_SIM/packages/Microsoft.AspNet.FriendlyUrls.Core.fr.1.0.2/lib/net40
[2026-09-03 10:42:32] [SUCCESS] 📂 Dossier cree : source/repos/SF_VIEWER_AO_SIM/packages/Microsoft.AspNet.FriendlyUrls.Core.fr.1.0.2/lib/net45
[2026-09-03 10:42:34] [SUCCESS] 📂 Dossier cree : source/repos/SF_VIEWER_AO_SIM/packages/Microsoft.AspNet.ScriptManager.MSAjax.5.0.0/content/Scripts
[2026-09-03 10:42:35] [SUCCESS] 📂 Dossier cree : source/repos/SF_VIEWER_AO_SIM/packages/Microsoft.AspNet.ScriptManager.MSAjax.5.0.0/lib/net45
[2026-09-03 10:42:37] [SUCCESS] 📂 Dossier cree : source/repos/SF_VIEWER_AO_SIM/packages/Microsoft.AspNet.ScriptManager.WebForms.5.0.0/content/Scripts
[2026-09-03 10:42:39] [SUCCESS] 📂 Dossier cree : source/repos/SF_VIEWER_AO_SIM/packages/Microsoft.AspNet.ScriptManager.WebForms.5.0.0/lib/net45
[2026-09-03 10:42:41] [SUCCESS] 📂 Dossier cree : source/repos/SF_VIEWER_AO_SIM/packages/Microsoft.AspNet.Web.Optimization.1.1.3/lib/net40
[2026-09-03 10:42:43] [SUCCESS] 📂 Dossier cree : source/repos/SF_VIEWER_AO_SIM/packages/Microsoft.AspNet.Web.Optimization.fr.1.1.3/lib/net40
[2026-09-03 10:42:44] [SUCCESS] 📂 Dossier cree : source/repos/SF_VIEWER_AO_SIM/packages/Microsoft.AspNet.Web.Optimization.WebForms.1.1.3/lib/net45
[2026-09-03 10:42:46] [SUCCESS] 📂 Dossier cree : source/repos/SF_VIEWER_AO_SIM/packages/Microsoft.Bcl.AsyncInterfaces.6.0.0/lib/net461
[2026-09-03 10:42:48] [SUCCESS] 📂 Dossier cree : source/repos/SF_VIEWER_AO_SIM/packages/Microsoft.Bcl.AsyncInterfaces.6.0.0/lib/netstandard2.0
[2026-09-03 10:42:50] [SUCCESS] 📂 Dossier cree : source/repos/SF_VIEWER_AO_SIM/packages/Microsoft.Bcl.AsyncInterfaces.6.0.0/lib/netstandard2.1
[2026-09-03 10:42:52] [SUCCESS] 📂 Dossier cree : source/repos/SF_VIEWER_AO_SIM/packages/Microsoft.CodeDom.Providers.DotNetCompilerPlatform.2.0.1/build/net45
[2026-09-03 10:42:54] [SUCCESS] 📂 Dossier cree : source/repos/SF_VIEWER_AO_SIM/packages/Microsoft.CodeDom.Providers.DotNetCompilerPlatform.2.0.1/build/net46
[2026-09-03 10:42:56] [SUCCESS] 📂 Dossier cree : source/repos/SF_VIEWER_AO_SIM/packages/Microsoft.CodeDom.Providers.DotNetCompilerPlatform.2.0.1/content/net45
[2026-09-03 10:42:58] [SUCCESS] 📂 Dossier cree : source/repos/SF_VIEWER_AO_SIM/packages/Microsoft.CodeDom.Providers.DotNetCompilerPlatform.2.0.1/content/net46
[2026-09-03 10:43:00] [SUCCESS] 📂 Dossier cree : source/repos/SF_VIEWER_AO_SIM/packages/Microsoft.CodeDom.Providers.DotNetCompilerPlatform.2.0.1/lib/net45
[2026-09-03 10:43:02] [SUCCESS] 📂 Dossier cree : source/repos/SF_VIEWER_AO_SIM/packages/Microsoft.CodeDom.Providers.DotNetCompilerPlatform.2.0.1/tools/net45
[2026-09-03 10:43:04] [SUCCESS] 📂 Dossier cree : source/repos/SF_VIEWER_AO_SIM/packages/Microsoft.CodeDom.Providers.DotNetCompilerPlatform.2.0.1/tools/Roslyn45
[2026-09-03 10:43:06] [SUCCESS] 📂 Dossier cree : source/repos/SF_VIEWER_AO_SIM/packages/Microsoft.CodeDom.Providers.DotNetCompilerPlatform.2.0.1/tools/RoslynLatest
[2026-09-03 10:43:07] [SUCCESS] 📂 Dossier cree : source/repos/SF_VIEWER_AO_SIM/packages/Microsoft.Web.Infrastructure.1.0.0.0/lib/net40
[2026-09-03 10:43:10] [SUCCESS] 📂 Dossier cree : source/repos/SF_VIEWER_AO_SIM/packages/Modernizr.2.8.3/Content/Scripts
[2026-09-03 10:43:12] [SUCCESS] 📂 Dossier cree : source/repos/SF_VIEWER_AO_SIM/packages/Newtonsoft.Json.12.0.2/lib/net20
[2026-09-03 10:43:14] [SUCCESS] 📂 Dossier cree : source/repos/SF_VIEWER_AO_SIM/packages/Newtonsoft.Json.12.0.2/lib/net35
[2026-09-03 10:43:16] [SUCCESS] 📂 Dossier cree : source/repos/SF_VIEWER_AO_SIM/packages/Newtonsoft.Json.12.0.2/lib/net40
[2026-09-03 10:43:18] [SUCCESS] 📂 Dossier cree : source/repos/SF_VIEWER_AO_SIM/packages/Newtonsoft.Json.12.0.2/lib/net45
[2026-09-03 10:43:20] [SUCCESS] 📂 Dossier cree : source/repos/SF_VIEWER_AO_SIM/packages/Newtonsoft.Json.12.0.2/lib/netstandard1.0
[2026-09-03 10:43:22] [SUCCESS] 📂 Dossier cree : source/repos/SF_VIEWER_AO_SIM/packages/Newtonsoft.Json.12.0.2/lib/netstandard1.3
[2026-09-03 10:43:25] [SUCCESS] 📂 Dossier cree : source/repos/SF_VIEWER_AO_SIM/packages/Newtonsoft.Json.12.0.2/lib/netstandard2.0
[2026-09-03 10:43:27] [SUCCESS] 📂 Dossier cree : source/repos/SF_VIEWER_AO_SIM/packages/Newtonsoft.Json.12.0.2/lib/portable-net40+sl5+win8+wp8+wpa81
[2026-09-03 10:43:30] [SUCCESS] 📂 Dossier cree : source/repos/SF_VIEWER_AO_SIM/packages/Newtonsoft.Json.12.0.2/lib/portable-net45+win8+wp8+wpa81
[2026-09-03 10:43:32] [SUCCESS] 📂 Dossier cree : source/repos/SF_VIEWER_AO_SIM/packages/Oracle.ManagedDataAccess.21.9.0/bin/x64
[2026-09-03 10:43:34] [SUCCESS] 📂 Dossier cree : source/repos/SF_VIEWER_AO_SIM/packages/Oracle.ManagedDataAccess.21.9.0/bin/x86
[2026-09-03 10:43:36] [SUCCESS] 📂 Dossier cree : source/repos/SF_VIEWER_AO_SIM/packages/Oracle.ManagedDataAccess.21.9.0/content/net462
[2026-09-03 10:43:38] [SUCCESS] 📂 Dossier cree : source/repos/SF_VIEWER_AO_SIM/packages/Oracle.ManagedDataAccess.21.9.0/lib/net462
[2026-09-03 10:43:40] [SUCCESS] 📂 Dossier cree : source/repos/SF_VIEWER_AO_SIM/packages/System.Buffers.4.5.1/lib/net461
[2026-09-03 10:43:42] [SUCCESS] 📂 Dossier cree : source/repos/SF_VIEWER_AO_SIM/packages/System.Buffers.4.5.1/lib/netcoreapp2.0
[2026-09-03 10:43:44] [SUCCESS] 📂 Dossier cree : source/repos/SF_VIEWER_AO_SIM/packages/System.Buffers.4.5.1/lib/netstandard1.1
[2026-09-03 10:43:45] [SUCCESS] 📂 Dossier cree : source/repos/SF_VIEWER_AO_SIM/packages/System.Buffers.4.5.1/lib/netstandard2.0
[2026-09-03 10:43:47] [SUCCESS] 📂 Dossier cree : source/repos/SF_VIEWER_AO_SIM/packages/System.Buffers.4.5.1/lib/uap10.0.16299
[2026-09-03 10:43:49] [SUCCESS] 📂 Dossier cree : source/repos/SF_VIEWER_AO_SIM/packages/System.Buffers.4.5.1/ref/net45
[2026-09-03 10:43:51] [SUCCESS] 📂 Dossier cree : source/repos/SF_VIEWER_AO_SIM/packages/System.Buffers.4.5.1/ref/netcoreapp2.0
[2026-09-03 10:43:53] [SUCCESS] 📂 Dossier cree : source/repos/SF_VIEWER_AO_SIM/packages/System.Buffers.4.5.1/ref/netstandard1.1
[2026-09-03 10:43:55] [SUCCESS] 📂 Dossier cree : source/repos/SF_VIEWER_AO_SIM/packages/System.Buffers.4.5.1/ref/netstandard2.0
[2026-09-03 10:43:57] [SUCCESS] 📂 Dossier cree : source/repos/SF_VIEWER_AO_SIM/packages/System.Buffers.4.5.1/ref/uap10.0.16299
[2026-09-03 10:43:59] [SUCCESS] 📂 Dossier cree : source/repos/SF_VIEWER_AO_SIM/packages/System.Memory.4.5.4/lib/net461
[2026-09-03 10:44:00] [SUCCESS] 📂 Dossier cree : source/repos/SF_VIEWER_AO_SIM/packages/System.Memory.4.5.4/lib/netcoreapp2.1
[2026-09-03 10:44:02] [SUCCESS] 📂 Dossier cree : source/repos/SF_VIEWER_AO_SIM/packages/System.Memory.4.5.4/lib/netstandard1.1
[2026-09-03 10:44:04] [SUCCESS] 📂 Dossier cree : source/repos/SF_VIEWER_AO_SIM/packages/System.Memory.4.5.4/lib/netstandard2.0
[2026-09-03 10:44:06] [SUCCESS] 📂 Dossier cree : source/repos/SF_VIEWER_AO_SIM/packages/System.Memory.4.5.4/ref/netcoreapp2.1
[2026-09-03 10:44:07] [SUCCESS] 📂 Dossier cree : source/repos/SF_VIEWER_AO_SIM/packages/System.Numerics.Vectors.4.5.0/lib/MonoAndroid10
[2026-09-03 10:44:10] [SUCCESS] 📂 Dossier cree : source/repos/SF_VIEWER_AO_SIM/packages/System.Numerics.Vectors.4.5.0/lib/MonoTouch10
[2026-09-03 10:44:12] [SUCCESS] 📂 Dossier cree : source/repos/SF_VIEWER_AO_SIM/packages/System.Numerics.Vectors.4.5.0/lib/net46
[2026-09-03 10:44:13] [SUCCESS] 📂 Dossier cree : source/repos/SF_VIEWER_AO_SIM/packages/System.Numerics.Vectors.4.5.0/lib/netcoreapp2.0
[2026-09-03 10:44:15] [SUCCESS] 📂 Dossier cree : source/repos/SF_VIEWER_AO_SIM/packages/System.Numerics.Vectors.4.5.0/lib/netstandard1.0
[2026-09-03 10:44:16] [SUCCESS] 📂 Dossier cree : source/repos/SF_VIEWER_AO_SIM/packages/System.Numerics.Vectors.4.5.0/lib/netstandard2.0
[2026-09-03 10:44:18] [SUCCESS] 📂 Dossier cree : source/repos/SF_VIEWER_AO_SIM/packages/System.Numerics.Vectors.4.5.0/lib/portable-net45+win8+wp8+wpa81
[2026-09-03 10:44:20] [SUCCESS] 📂 Dossier cree : source/repos/SF_VIEWER_AO_SIM/packages/System.Numerics.Vectors.4.5.0/lib/uap10.0.16299
[2026-09-03 10:44:21] [SUCCESS] 📂 Dossier cree : source/repos/SF_VIEWER_AO_SIM/packages/System.Numerics.Vectors.4.5.0/lib/xamarinios10
[2026-09-03 10:44:23] [SUCCESS] 📂 Dossier cree : source/repos/SF_VIEWER_AO_SIM/packages/System.Numerics.Vectors.4.5.0/lib/xamarinmac20
[2026-09-03 10:44:25] [SUCCESS] 📂 Dossier cree : source/repos/SF_VIEWER_AO_SIM/packages/System.Numerics.Vectors.4.5.0/lib/xamarintvos10
[2026-09-03 10:44:26] [SUCCESS] 📂 Dossier cree : source/repos/SF_VIEWER_AO_SIM/packages/System.Numerics.Vectors.4.5.0/lib/xamarinwatchos10
[2026-09-03 10:44:28] [SUCCESS] 📂 Dossier cree : source/repos/SF_VIEWER_AO_SIM/packages/System.Numerics.Vectors.4.5.0/ref/MonoAndroid10
[2026-09-03 10:44:30] [SUCCESS] 📂 Dossier cree : source/repos/SF_VIEWER_AO_SIM/packages/System.Numerics.Vectors.4.5.0/ref/MonoTouch10
[2026-09-03 10:44:31] [SUCCESS] 📂 Dossier cree : source/repos/SF_VIEWER_AO_SIM/packages/System.Numerics.Vectors.4.5.0/ref/net45
[2026-09-03 10:44:33] [SUCCESS] 📂 Dossier cree : source/repos/SF_VIEWER_AO_SIM/packages/System.Numerics.Vectors.4.5.0/ref/net46
[2026-09-03 10:44:35] [SUCCESS] 📂 Dossier cree : source/repos/SF_VIEWER_AO_SIM/packages/System.Numerics.Vectors.4.5.0/ref/netcoreapp2.0
[2026-09-03 10:44:36] [SUCCESS] 📂 Dossier cree : source/repos/SF_VIEWER_AO_SIM/packages/System.Numerics.Vectors.4.5.0/ref/netstandard1.0
[2026-09-03 10:44:37] [SUCCESS] 📂 Dossier cree : source/repos/SF_VIEWER_AO_SIM/packages/System.Numerics.Vectors.4.5.0/ref/netstandard2.0
[2026-09-03 10:44:39] [SUCCESS] 📂 Dossier cree : source/repos/SF_VIEWER_AO_SIM/packages/System.Numerics.Vectors.4.5.0/ref/uap10.0.16299
[2026-09-03 10:44:40] [SUCCESS] 📂 Dossier cree : source/repos/SF_VIEWER_AO_SIM/packages/System.Numerics.Vectors.4.5.0/ref/xamarinios10
[2026-09-03 10:44:42] [SUCCESS] 📂 Dossier cree : source/repos/SF_VIEWER_AO_SIM/packages/System.Numerics.Vectors.4.5.0/ref/xamarinmac20
[2026-09-03 10:44:44] [SUCCESS] 📂 Dossier cree : source/repos/SF_VIEWER_AO_SIM/packages/System.Numerics.Vectors.4.5.0/ref/xamarintvos10
[2026-09-03 10:44:45] [SUCCESS] 📂 Dossier cree : source/repos/SF_VIEWER_AO_SIM/packages/System.Numerics.Vectors.4.5.0/ref/xamarinwatchos10
[2026-09-03 10:44:47] [SUCCESS] 📂 Dossier cree : source/repos/SF_VIEWER_AO_SIM/packages/System.Runtime.CompilerServices.Unsafe.6.0.0/buildTransitive/netcoreapp2.0
[2026-09-03 10:44:49] [SUCCESS] 📂 Dossier cree : source/repos/SF_VIEWER_AO_SIM/packages/System.Runtime.CompilerServices.Unsafe.6.0.0/buildTransitive/netcoreapp3.1
[2026-09-03 10:44:50] [SUCCESS] 📂 Dossier cree : source/repos/SF_VIEWER_AO_SIM/packages/System.Runtime.CompilerServices.Unsafe.6.0.0/lib/net461
[2026-09-03 10:44:52] [SUCCESS] 📂 Dossier cree : source/repos/SF_VIEWER_AO_SIM/packages/System.Runtime.CompilerServices.Unsafe.6.0.0/lib/net6.0
[2026-09-03 10:44:54] [SUCCESS] 📂 Dossier cree : source/repos/SF_VIEWER_AO_SIM/packages/System.Runtime.CompilerServices.Unsafe.6.0.0/lib/netcoreapp3.1
[2026-09-03 10:44:55] [SUCCESS] 📂 Dossier cree : source/repos/SF_VIEWER_AO_SIM/packages/System.Runtime.CompilerServices.Unsafe.6.0.0/lib/netstandard2.0
[2026-09-03 10:44:57] [SUCCESS] 📂 Dossier cree : source/repos/SF_VIEWER_AO_SIM/packages/System.Text.Encodings.Web.6.0.0/buildTransitive/netcoreapp2.0
[2026-09-03 10:44:58] [SUCCESS] 📂 Dossier cree : source/repos/SF_VIEWER_AO_SIM/packages/System.Text.Encodings.Web.6.0.0/buildTransitive/netcoreapp3.1
[2026-09-03 10:45:00] [SUCCESS] 📂 Dossier cree : source/repos/SF_VIEWER_AO_SIM/packages/System.Text.Encodings.Web.6.0.0/lib/net461
[2026-09-03 10:45:02] [SUCCESS] 📂 Dossier cree : source/repos/SF_VIEWER_AO_SIM/packages/System.Text.Encodings.Web.6.0.0/lib/net6.0
[2026-09-03 10:45:03] [SUCCESS] 📂 Dossier cree : source/repos/SF_VIEWER_AO_SIM/packages/System.Text.Encodings.Web.6.0.0/lib/netcoreapp3.1
[2026-09-03 10:45:05] [SUCCESS] 📂 Dossier cree : source/repos/SF_VIEWER_AO_SIM/packages/System.Text.Encodings.Web.6.0.0/lib/netstandard2.0
[2026-09-03 10:45:07] [SUCCESS] 📂 Dossier cree : source/repos/SF_VIEWER_AO_SIM/packages/System.Text.Encodings.Web.6.0.0/runtimes/browser
[2026-09-03 10:45:08] [SUCCESS] 📂 Dossier cree : source/repos/SF_VIEWER_AO_SIM/packages/System.Text.Json.6.0.0/analyzers/dotnet
[2026-09-03 10:45:10] [SUCCESS] 📂 Dossier cree : source/repos/SF_VIEWER_AO_SIM/packages/System.Text.Json.6.0.0/buildTransitive/netcoreapp2.0
[2026-09-03 10:45:11] [SUCCESS] 📂 Dossier cree : source/repos/SF_VIEWER_AO_SIM/packages/System.Text.Json.6.0.0/buildTransitive/netcoreapp3.1
[2026-09-03 10:45:13] [SUCCESS] 📂 Dossier cree : source/repos/SF_VIEWER_AO_SIM/packages/System.Text.Json.6.0.0/lib/net461
[2026-09-03 10:45:14] [SUCCESS] 📂 Dossier cree : source/repos/SF_VIEWER_AO_SIM/packages/System.Text.Json.6.0.0/lib/net6.0
[2026-09-03 10:45:15] [SUCCESS] 📂 Dossier cree : source/repos/SF_VIEWER_AO_SIM/packages/System.Text.Json.6.0.0/lib/netcoreapp3.1
[2026-09-03 10:45:18] [SUCCESS] 📂 Dossier cree : source/repos/SF_VIEWER_AO_SIM/packages/System.Text.Json.6.0.0/lib/netstandard2.0
[2026-09-03 10:45:19] [SUCCESS] 📂 Dossier cree : source/repos/SF_VIEWER_AO_SIM/packages/System.Threading.Tasks.Extensions.4.5.4/lib/MonoAndroid10
[2026-09-03 10:45:21] [SUCCESS] 📂 Dossier cree : source/repos/SF_VIEWER_AO_SIM/packages/System.Threading.Tasks.Extensions.4.5.4/lib/MonoTouch10
[2026-09-03 10:45:23] [SUCCESS] 📂 Dossier cree : source/repos/SF_VIEWER_AO_SIM/packages/System.Threading.Tasks.Extensions.4.5.4/lib/net461
[2026-09-03 10:45:25] [SUCCESS] 📂 Dossier cree : source/repos/SF_VIEWER_AO_SIM/packages/System.Threading.Tasks.Extensions.4.5.4/lib/netcoreapp2.1
[2026-09-03 10:45:27] [SUCCESS] 📂 Dossier cree : source/repos/SF_VIEWER_AO_SIM/packages/System.Threading.Tasks.Extensions.4.5.4/lib/netstandard1.0
[2026-09-03 10:45:29] [SUCCESS] 📂 Dossier cree : source/repos/SF_VIEWER_AO_SIM/packages/System.Threading.Tasks.Extensions.4.5.4/lib/netstandard2.0
[2026-09-03 10:45:31] [SUCCESS] 📂 Dossier cree : source/repos/SF_VIEWER_AO_SIM/packages/System.Threading.Tasks.Extensions.4.5.4/lib/portable-net45+win8+wp8+wpa81
[2026-09-03 10:45:33] [SUCCESS] 📂 Dossier cree : source/repos/SF_VIEWER_AO_SIM/packages/System.Threading.Tasks.Extensions.4.5.4/lib/xamarinios10
[2026-09-03 10:45:35] [SUCCESS] 📂 Dossier cree : source/repos/SF_VIEWER_AO_SIM/packages/System.Threading.Tasks.Extensions.4.5.4/lib/xamarinmac20
[2026-09-03 10:45:37] [SUCCESS] 📂 Dossier cree : source/repos/SF_VIEWER_AO_SIM/packages/System.Threading.Tasks.Extensions.4.5.4/lib/xamarintvos10
[2026-09-03 10:45:39] [SUCCESS] 📂 Dossier cree : source/repos/SF_VIEWER_AO_SIM/packages/System.Threading.Tasks.Extensions.4.5.4/lib/xamarinwatchos10
[2026-09-03 10:45:41] [SUCCESS] 📂 Dossier cree : source/repos/SF_VIEWER_AO_SIM/packages/System.Threading.Tasks.Extensions.4.5.4/ref/MonoAndroid10
[2026-09-03 10:45:42] [SUCCESS] 📂 Dossier cree : source/repos/SF_VIEWER_AO_SIM/packages/System.Threading.Tasks.Extensions.4.5.4/ref/MonoTouch10
[2026-09-03 10:45:44] [SUCCESS] 📂 Dossier cree : source/repos/SF_VIEWER_AO_SIM/packages/System.Threading.Tasks.Extensions.4.5.4/ref/netcoreapp2.1
[2026-09-03 10:45:45] [SUCCESS] 📂 Dossier cree : source/repos/SF_VIEWER_AO_SIM/packages/System.Threading.Tasks.Extensions.4.5.4/ref/xamarinios10
[2026-09-03 10:45:47] [SUCCESS] 📂 Dossier cree : source/repos/SF_VIEWER_AO_SIM/packages/System.Threading.Tasks.Extensions.4.5.4/ref/xamarinmac20
[2026-09-03 10:45:49] [SUCCESS] 📂 Dossier cree : source/repos/SF_VIEWER_AO_SIM/packages/System.Threading.Tasks.Extensions.4.5.4/ref/xamarintvos10
[2026-09-03 10:45:50] [SUCCESS] 📂 Dossier cree : source/repos/SF_VIEWER_AO_SIM/packages/System.Threading.Tasks.Extensions.4.5.4/ref/xamarinwatchos10
[2026-09-03 10:45:52] [SUCCESS] 📂 Dossier cree : source/repos/SF_VIEWER_AO_SIM/packages/System.ValueTuple.4.5.0/lib/MonoAndroid10
[2026-09-03 10:45:54] [SUCCESS] 📂 Dossier cree : source/repos/SF_VIEWER_AO_SIM/packages/System.ValueTuple.4.5.0/lib/MonoTouch10
[2026-09-03 10:45:56] [SUCCESS] 📂 Dossier cree : source/repos/SF_VIEWER_AO_SIM/packages/System.ValueTuple.4.5.0/lib/net461
[2026-09-03 10:45:58] [SUCCESS] 📂 Dossier cree : source/repos/SF_VIEWER_AO_SIM/packages/System.ValueTuple.4.5.0/lib/net47
[2026-09-03 10:46:00] [SUCCESS] 📂 Dossier cree : source/repos/SF_VIEWER_AO_SIM/packages/System.ValueTuple.4.5.0/lib/netcoreapp2.0
[2026-09-03 10:46:02] [SUCCESS] 📂 Dossier cree : source/repos/SF_VIEWER_AO_SIM/packages/System.ValueTuple.4.5.0/lib/netstandard1.0
[2026-09-03 10:46:04] [SUCCESS] 📂 Dossier cree : source/repos/SF_VIEWER_AO_SIM/packages/System.ValueTuple.4.5.0/lib/netstandard2.0
[2026-09-03 10:46:06] [SUCCESS] 📂 Dossier cree : source/repos/SF_VIEWER_AO_SIM/packages/System.ValueTuple.4.5.0/lib/portable-net40+sl4+win8+wp8
[2026-09-03 10:46:08] [SUCCESS] 📂 Dossier cree : source/repos/SF_VIEWER_AO_SIM/packages/System.ValueTuple.4.5.0/lib/uap10.0.16299
[2026-09-03 10:46:10] [SUCCESS] 📂 Dossier cree : source/repos/SF_VIEWER_AO_SIM/packages/System.ValueTuple.4.5.0/lib/xamarinios10
[2026-09-03 10:46:11] [SUCCESS] 📂 Dossier cree : source/repos/SF_VIEWER_AO_SIM/packages/System.ValueTuple.4.5.0/lib/xamarinmac20
[2026-09-03 10:46:13] [SUCCESS] 📂 Dossier cree : source/repos/SF_VIEWER_AO_SIM/packages/System.ValueTuple.4.5.0/lib/xamarintvos10
[2026-09-03 10:46:15] [SUCCESS] 📂 Dossier cree : source/repos/SF_VIEWER_AO_SIM/packages/System.ValueTuple.4.5.0/lib/xamarinwatchos10
[2026-09-03 10:46:17] [SUCCESS] 📂 Dossier cree : source/repos/SF_VIEWER_AO_SIM/packages/System.ValueTuple.4.5.0/ref/MonoAndroid10
[2026-09-03 10:46:19] [SUCCESS] 📂 Dossier cree : source/repos/SF_VIEWER_AO_SIM/packages/System.ValueTuple.4.5.0/ref/MonoTouch10
[2026-09-03 10:46:21] [SUCCESS] 📂 Dossier cree : source/repos/SF_VIEWER_AO_SIM/packages/System.ValueTuple.4.5.0/ref/net461
[2026-09-03 10:46:23] [SUCCESS] 📂 Dossier cree : source/repos/SF_VIEWER_AO_SIM/packages/System.ValueTuple.4.5.0/ref/net47
[2026-09-03 10:46:25] [SUCCESS] 📂 Dossier cree : source/repos/SF_VIEWER_AO_SIM/packages/System.ValueTuple.4.5.0/ref/netcoreapp2.0
[2026-09-03 10:46:27] [SUCCESS] 📂 Dossier cree : source/repos/SF_VIEWER_AO_SIM/packages/System.ValueTuple.4.5.0/ref/netstandard2.0
[2026-09-03 10:46:29] [SUCCESS] 📂 Dossier cree : source/repos/SF_VIEWER_AO_SIM/packages/System.ValueTuple.4.5.0/ref/portable-net40+sl4+win8+wp8
[2026-09-03 10:46:31] [SUCCESS] 📂 Dossier cree : source/repos/SF_VIEWER_AO_SIM/packages/System.ValueTuple.4.5.0/ref/uap10.0.16299
[2026-09-03 10:46:34] [SUCCESS] 📂 Dossier cree : source/repos/SF_VIEWER_AO_SIM/packages/System.ValueTuple.4.5.0/ref/xamarinios10
[2026-09-03 10:46:36] [SUCCESS] 📂 Dossier cree : source/repos/SF_VIEWER_AO_SIM/packages/System.ValueTuple.4.5.0/ref/xamarinmac20
[2026-09-03 10:46:38] [SUCCESS] 📂 Dossier cree : source/repos/SF_VIEWER_AO_SIM/packages/System.ValueTuple.4.5.0/ref/xamarintvos10
[2026-09-03 10:46:40] [SUCCESS] 📂 Dossier cree : source/repos/SF_VIEWER_AO_SIM/packages/System.ValueTuple.4.5.0/ref/xamarinwatchos10
[2026-09-03 10:46:42] [SUCCESS] 📂 Dossier cree : source/repos/SF_VIEWER_AO_SIM/SF_VIEWER_AO_SIM/obj/Debug/TempPE
[2026-09-03 10:46:43] [SUCCESS] 📂 Dossier cree : source/repos/SF_VIEWER_AO_SIM/SF_VIEWER_AO_SIM/obj/Release/Package
[2026-09-03 10:46:45] [SUCCESS] 📂 Dossier cree : source/repos/SF_VIEWER_AO_SIM/SF_VIEWER_AO_SIM/obj/Release/ProfileTransformWebConfig
[2026-09-03 10:46:47] [SUCCESS] 📂 Dossier cree : source/repos/SF_VIEWER_AO_SIM/SF_VIEWER_AO_SIM/obj/Release/TempPE
[2026-09-03 10:46:49] [SUCCESS] 📂 Dossier cree : source/repos/SF_VIEWER_AO_SIM/SF_VIEWER_AO_SIM/obj/Release/TransformWebConfig
[2026-09-03 10:46:51] [SUCCESS] 📂 Dossier cree : source/repos/SF_VIEWER_AO_SIM/SF_VIEWER_AO_SIM/Scripts/WebForms/MSAjax
[2026-09-03 10:46:53] [SUCCESS] 📂 Dossier cree : source/repos/srv_listener_folder/.git/logs/refs/heads
[2026-09-03 10:46:55] [SUCCESS] 📂 Dossier cree : source/repos/srv_listener_folder/.git/logs/refs/remotes
[2026-09-03 10:46:56] [SUCCESS] 📂 Dossier cree : source/repos/srv_listener_folder/.git/refs/remotes/origin
[2026-09-03 10:46:58] [SUCCESS] 📂 Dossier cree : source/repos/srv_listener_folder/ConsoleApp1/obj/Debug/TempPE
[2026-09-03 10:47:01] [SUCCESS] 📂 Dossier cree : source/repos/srv_listener_folder/ConsoleApp2/obj/Debug/TempPE
[2026-09-03 10:47:02] [SUCCESS] 📂 Dossier cree : source/repos/srv_listener_folder/createXMLFromDoc/obj/Debug/TempPE
[2026-09-03 10:47:04] [SUCCESS] 📂 Dossier cree : source/repos/srv_listener_folder/packages/log4net.2.0.15/lib/net20
[2026-09-03 10:47:06] [SUCCESS] 📂 Dossier cree : source/repos/srv_listener_folder/packages/log4net.2.0.15/lib/net35
[2026-09-03 10:47:08] [SUCCESS] 📂 Dossier cree : source/repos/srv_listener_folder/packages/log4net.2.0.15/lib/net40
[2026-09-03 10:47:10] [SUCCESS] 📂 Dossier cree : source/repos/srv_listener_folder/packages/log4net.2.0.15/lib/net40-client
[2026-09-03 10:47:12] [SUCCESS] 📂 Dossier cree : source/repos/srv_listener_folder/packages/log4net.2.0.15/lib/net45
[2026-09-03 10:47:14] [SUCCESS] 📂 Dossier cree : source/repos/srv_listener_folder/packages/log4net.2.0.15/lib/netstandard1.3
[2026-09-03 10:47:16] [SUCCESS] 📂 Dossier cree : source/repos/srv_listener_folder/packages/log4net.2.0.15/lib/netstandard2.0
[2026-09-03 10:47:17] [SUCCESS] 📂 Dossier cree : source/repos/srv_listener_folder/packages/Microsoft.Bcl.AsyncInterfaces.6.0.0/lib/net461
[2026-09-03 10:47:19] [SUCCESS] 📂 Dossier cree : source/repos/srv_listener_folder/packages/Microsoft.Bcl.AsyncInterfaces.6.0.0/lib/netstandard2.0
[2026-09-03 10:47:21] [SUCCESS] 📂 Dossier cree : source/repos/srv_listener_folder/packages/Microsoft.Bcl.AsyncInterfaces.6.0.0/lib/netstandard2.1
[2026-09-03 10:47:23] [SUCCESS] 📂 Dossier cree : source/repos/srv_listener_folder/packages/Microsoft.Office.Interop.Word.15.0.4797.1004/lib/net20
[2026-09-03 10:47:25] [SUCCESS] 📂 Dossier cree : source/repos/srv_listener_folder/packages/Microsoft.Office.Interop.Word.15.0.4797.1004/lib/netstandard2.0
[2026-09-03 10:47:26] [SUCCESS] 📂 Dossier cree : source/repos/srv_listener_folder/packages/Microsoft.SharePointOnline.CSOM.16.1.23019.12000/lib/javascript
[2026-09-03 10:47:28] [SUCCESS] 📂 Dossier cree : source/repos/srv_listener_folder/packages/Microsoft.SharePointOnline.CSOM.16.1.23019.12000/lib/net40-full
[2026-09-03 10:47:30] [SUCCESS] 📂 Dossier cree : source/repos/srv_listener_folder/packages/Microsoft.SharePointOnline.CSOM.16.1.23019.12000/lib/net45
[2026-09-03 10:47:31] [SUCCESS] 📂 Dossier cree : source/repos/srv_listener_folder/packages/Microsoft.SharePointOnline.CSOM.16.1.23019.12000/lib/netstandard2.0
[2026-09-03 10:47:33] [SUCCESS] 📂 Dossier cree : source/repos/srv_listener_folder/packages/Oracle.ManagedDataAccess.21.8.0/bin/x64
[2026-09-03 10:47:35] [SUCCESS] 📂 Dossier cree : source/repos/srv_listener_folder/packages/Oracle.ManagedDataAccess.21.8.0/bin/x86
[2026-09-03 10:47:37] [SUCCESS] 📂 Dossier cree : source/repos/srv_listener_folder/packages/Oracle.ManagedDataAccess.21.8.0/content/net462
[2026-09-03 10:47:39] [SUCCESS] 📂 Dossier cree : source/repos/srv_listener_folder/packages/Oracle.ManagedDataAccess.21.8.0/lib/net462
[2026-09-03 10:47:40] [SUCCESS] 📂 Dossier cree : source/repos/srv_listener_folder/packages/System.Buffers.4.5.1/lib/net461
[2026-09-03 10:47:42] [SUCCESS] 📂 Dossier cree : source/repos/srv_listener_folder/packages/System.Buffers.4.5.1/lib/netcoreapp2.0
[2026-09-03 10:47:44] [SUCCESS] 📂 Dossier cree : source/repos/srv_listener_folder/packages/System.Buffers.4.5.1/lib/netstandard1.1
[2026-09-03 10:47:45] [SUCCESS] 📂 Dossier cree : source/repos/srv_listener_folder/packages/System.Buffers.4.5.1/lib/netstandard2.0
[2026-09-03 10:47:47] [SUCCESS] 📂 Dossier cree : source/repos/srv_listener_folder/packages/System.Buffers.4.5.1/lib/uap10.0.16299
[2026-09-03 10:47:49] [SUCCESS] 📂 Dossier cree : source/repos/srv_listener_folder/packages/System.Buffers.4.5.1/ref/net45
[2026-09-03 10:47:51] [SUCCESS] 📂 Dossier cree : source/repos/srv_listener_folder/packages/System.Buffers.4.5.1/ref/netcoreapp2.0
[2026-09-03 10:47:52] [SUCCESS] 📂 Dossier cree : source/repos/srv_listener_folder/packages/System.Buffers.4.5.1/ref/netstandard1.1
[2026-09-03 10:47:54] [SUCCESS] 📂 Dossier cree : source/repos/srv_listener_folder/packages/System.Buffers.4.5.1/ref/netstandard2.0
[2026-09-03 10:47:56] [SUCCESS] 📂 Dossier cree : source/repos/srv_listener_folder/packages/System.Buffers.4.5.1/ref/uap10.0.16299
[2026-09-03 10:47:57] [SUCCESS] 📂 Dossier cree : source/repos/srv_listener_folder/packages/System.Configuration.ConfigurationManager.7.0.0/buildTransitive/net461
[2026-09-03 10:47:59] [SUCCESS] 📂 Dossier cree : source/repos/srv_listener_folder/packages/System.Configuration.ConfigurationManager.7.0.0/buildTransitive/net462
[2026-09-03 10:48:01] [SUCCESS] 📂 Dossier cree : source/repos/srv_listener_folder/packages/System.Configuration.ConfigurationManager.7.0.0/buildTransitive/net6.0
[2026-09-03 10:48:03] [SUCCESS] 📂 Dossier cree : source/repos/srv_listener_folder/packages/System.Configuration.ConfigurationManager.7.0.0/buildTransitive/netcoreapp2.0
[2026-09-03 10:48:04] [SUCCESS] 📂 Dossier cree : source/repos/srv_listener_folder/packages/System.Configuration.ConfigurationManager.7.0.0/lib/net462
[2026-09-03 10:48:06] [SUCCESS] 📂 Dossier cree : source/repos/srv_listener_folder/packages/System.Configuration.ConfigurationManager.7.0.0/lib/net6.0
[2026-09-03 10:48:08] [SUCCESS] 📂 Dossier cree : source/repos/srv_listener_folder/packages/System.Configuration.ConfigurationManager.7.0.0/lib/net7.0
[2026-09-03 10:48:10] [SUCCESS] 📂 Dossier cree : source/repos/srv_listener_folder/packages/System.Configuration.ConfigurationManager.7.0.0/lib/netstandard2.0
[2026-09-03 10:48:11] [SUCCESS] 📂 Dossier cree : source/repos/srv_listener_folder/packages/System.Memory.4.5.4/lib/net461
[2026-09-03 10:48:13] [SUCCESS] 📂 Dossier cree : source/repos/srv_listener_folder/packages/System.Memory.4.5.4/lib/netcoreapp2.1
[2026-09-03 10:48:15] [SUCCESS] 📂 Dossier cree : source/repos/srv_listener_folder/packages/System.Memory.4.5.4/lib/netstandard1.1
[2026-09-03 10:48:17] [SUCCESS] 📂 Dossier cree : source/repos/srv_listener_folder/packages/System.Memory.4.5.4/lib/netstandard2.0
[2026-09-03 10:48:19] [SUCCESS] 📂 Dossier cree : source/repos/srv_listener_folder/packages/System.Memory.4.5.4/ref/netcoreapp2.1
[2026-09-03 10:48:21] [SUCCESS] 📂 Dossier cree : source/repos/srv_listener_folder/packages/System.Numerics.Vectors.4.5.0/lib/MonoAndroid10
[2026-09-03 10:48:23] [SUCCESS] 📂 Dossier cree : source/repos/srv_listener_folder/packages/System.Numerics.Vectors.4.5.0/lib/MonoTouch10
[2026-09-03 10:48:25] [SUCCESS] 📂 Dossier cree : source/repos/srv_listener_folder/packages/System.Numerics.Vectors.4.5.0/lib/net46
[2026-09-03 10:48:28] [SUCCESS] 📂 Dossier cree : source/repos/srv_listener_folder/packages/System.Numerics.Vectors.4.5.0/lib/netcoreapp2.0
[2026-09-03 10:48:29] [SUCCESS] 📂 Dossier cree : source/repos/srv_listener_folder/packages/System.Numerics.Vectors.4.5.0/lib/netstandard1.0
[2026-09-03 10:48:31] [SUCCESS] 📂 Dossier cree : source/repos/srv_listener_folder/packages/System.Numerics.Vectors.4.5.0/lib/netstandard2.0
[2026-09-03 10:48:33] [SUCCESS] 📂 Dossier cree : source/repos/srv_listener_folder/packages/System.Numerics.Vectors.4.5.0/lib/portable-net45+win8+wp8+wpa81
[2026-09-03 10:48:35] [SUCCESS] 📂 Dossier cree : source/repos/srv_listener_folder/packages/System.Numerics.Vectors.4.5.0/lib/uap10.0.16299
[2026-09-03 10:48:37] [SUCCESS] 📂 Dossier cree : source/repos/srv_listener_folder/packages/System.Numerics.Vectors.4.5.0/lib/xamarinios10
[2026-09-03 10:48:39] [SUCCESS] 📂 Dossier cree : source/repos/srv_listener_folder/packages/System.Numerics.Vectors.4.5.0/lib/xamarinmac20
[2026-09-03 10:48:41] [SUCCESS] 📂 Dossier cree : source/repos/srv_listener_folder/packages/System.Numerics.Vectors.4.5.0/lib/xamarintvos10
[2026-09-03 10:48:43] [SUCCESS] 📂 Dossier cree : source/repos/srv_listener_folder/packages/System.Numerics.Vectors.4.5.0/lib/xamarinwatchos10
[2026-09-03 10:48:45] [SUCCESS] 📂 Dossier cree : source/repos/srv_listener_folder/packages/System.Numerics.Vectors.4.5.0/ref/MonoAndroid10
[2026-09-03 10:48:47] [SUCCESS] 📂 Dossier cree : source/repos/srv_listener_folder/packages/System.Numerics.Vectors.4.5.0/ref/MonoTouch10
[2026-09-03 10:48:48] [SUCCESS] 📂 Dossier cree : source/repos/srv_listener_folder/packages/System.Numerics.Vectors.4.5.0/ref/net45
[2026-09-03 10:48:50] [SUCCESS] 📂 Dossier cree : source/repos/srv_listener_folder/packages/System.Numerics.Vectors.4.5.0/ref/net46
[2026-09-03 10:48:53] [SUCCESS] 📂 Dossier cree : source/repos/srv_listener_folder/packages/System.Numerics.Vectors.4.5.0/ref/netcoreapp2.0
[2026-09-03 10:48:54] [SUCCESS] 📂 Dossier cree : source/repos/srv_listener_folder/packages/System.Numerics.Vectors.4.5.0/ref/netstandard1.0
[2026-09-03 10:48:57] [SUCCESS] 📂 Dossier cree : source/repos/srv_listener_folder/packages/System.Numerics.Vectors.4.5.0/ref/netstandard2.0
[2026-09-03 10:48:59] [SUCCESS] 📂 Dossier cree : source/repos/srv_listener_folder/packages/System.Numerics.Vectors.4.5.0/ref/uap10.0.16299
[2026-09-03 10:49:02] [SUCCESS] 📂 Dossier cree : source/repos/srv_listener_folder/packages/System.Numerics.Vectors.4.5.0/ref/xamarinios10
[2026-09-03 10:49:04] [SUCCESS] 📂 Dossier cree : source/repos/srv_listener_folder/packages/System.Numerics.Vectors.4.5.0/ref/xamarinmac20
[2026-09-03 10:49:06] [SUCCESS] 📂 Dossier cree : source/repos/srv_listener_folder/packages/System.Numerics.Vectors.4.5.0/ref/xamarintvos10
[2026-09-03 10:49:08] [SUCCESS] 📂 Dossier cree : source/repos/srv_listener_folder/packages/System.Numerics.Vectors.4.5.0/ref/xamarinwatchos10
[2026-09-03 10:49:10] [SUCCESS] 📂 Dossier cree : source/repos/srv_listener_folder/packages/System.Runtime.CompilerServices.Unsafe.6.0.0/buildTransitive/netcoreapp2.0
[2026-09-03 10:49:12] [SUCCESS] 📂 Dossier cree : source/repos/srv_listener_folder/packages/System.Runtime.CompilerServices.Unsafe.6.0.0/buildTransitive/netcoreapp3.1
[2026-09-03 10:49:14] [SUCCESS] 📂 Dossier cree : source/repos/srv_listener_folder/packages/System.Runtime.CompilerServices.Unsafe.6.0.0/lib/net461
[2026-09-03 10:49:16] [SUCCESS] 📂 Dossier cree : source/repos/srv_listener_folder/packages/System.Runtime.CompilerServices.Unsafe.6.0.0/lib/net6.0
[2026-09-03 10:49:18] [SUCCESS] 📂 Dossier cree : source/repos/srv_listener_folder/packages/System.Runtime.CompilerServices.Unsafe.6.0.0/lib/netcoreapp3.1
[2026-09-03 10:49:21] [SUCCESS] 📂 Dossier cree : source/repos/srv_listener_folder/packages/System.Runtime.CompilerServices.Unsafe.6.0.0/lib/netstandard2.0
[2026-09-03 10:49:23] [SUCCESS] 📂 Dossier cree : source/repos/srv_listener_folder/packages/System.Security.AccessControl.6.0.0/buildTransitive/netcoreapp2.0
[2026-09-03 10:49:25] [SUCCESS] 📂 Dossier cree : source/repos/srv_listener_folder/packages/System.Security.AccessControl.6.0.0/buildTransitive/netcoreapp3.1
[2026-09-03 10:49:27] [SUCCESS] 📂 Dossier cree : source/repos/srv_listener_folder/packages/System.Security.AccessControl.6.0.0/lib/net461
[2026-09-03 10:49:29] [SUCCESS] 📂 Dossier cree : source/repos/srv_listener_folder/packages/System.Security.AccessControl.6.0.0/lib/net6.0
[2026-09-03 10:49:32] [SUCCESS] 📂 Dossier cree : source/repos/srv_listener_folder/packages/System.Security.AccessControl.6.0.0/lib/netstandard2.0
[2026-09-03 10:49:34] [SUCCESS] 📂 Dossier cree : source/repos/srv_listener_folder/packages/System.Security.AccessControl.6.0.0/runtimes/win
[2026-09-03 10:49:37] [SUCCESS] 📂 Dossier cree : source/repos/srv_listener_folder/packages/System.Security.Permissions.7.0.0/buildTransitive/net461
[2026-09-03 10:49:39] [SUCCESS] 📂 Dossier cree : source/repos/srv_listener_folder/packages/System.Security.Permissions.7.0.0/buildTransitive/net462
[2026-09-03 10:49:41] [SUCCESS] 📂 Dossier cree : source/repos/srv_listener_folder/packages/System.Security.Permissions.7.0.0/buildTransitive/net6.0
[2026-09-03 10:49:43] [SUCCESS] 📂 Dossier cree : source/repos/srv_listener_folder/packages/System.Security.Permissions.7.0.0/buildTransitive/netcoreapp2.0
[2026-09-03 10:49:45] [SUCCESS] 📂 Dossier cree : source/repos/srv_listener_folder/packages/System.Security.Permissions.7.0.0/lib/net462
[2026-09-03 10:49:47] [SUCCESS] 📂 Dossier cree : source/repos/srv_listener_folder/packages/System.Security.Permissions.7.0.0/lib/net6.0
[2026-09-03 10:49:49] [SUCCESS] 📂 Dossier cree : source/repos/srv_listener_folder/packages/System.Security.Permissions.7.0.0/lib/net7.0
[2026-09-03 10:49:51] [SUCCESS] 📂 Dossier cree : source/repos/srv_listener_folder/packages/System.Security.Permissions.7.0.0/lib/netstandard2.0
[2026-09-03 10:49:53] [SUCCESS] 📂 Dossier cree : source/repos/srv_listener_folder/packages/System.Security.Principal.Windows.5.0.0/lib/net46
[2026-09-03 10:49:55] [SUCCESS] 📂 Dossier cree : source/repos/srv_listener_folder/packages/System.Security.Principal.Windows.5.0.0/lib/net461
[2026-09-03 10:49:57] [SUCCESS] 📂 Dossier cree : source/repos/srv_listener_folder/packages/System.Security.Principal.Windows.5.0.0/lib/netstandard1.3
[2026-09-03 10:49:59] [SUCCESS] 📂 Dossier cree : source/repos/srv_listener_folder/packages/System.Security.Principal.Windows.5.0.0/lib/netstandard2.0
[2026-09-03 10:50:02] [SUCCESS] 📂 Dossier cree : source/repos/srv_listener_folder/packages/System.Security.Principal.Windows.5.0.0/lib/uap10.0.16299
[2026-09-03 10:50:04] [SUCCESS] 📂 Dossier cree : source/repos/srv_listener_folder/packages/System.Security.Principal.Windows.5.0.0/ref/net46
[2026-09-03 10:50:05] [SUCCESS] 📂 Dossier cree : source/repos/srv_listener_folder/packages/System.Security.Principal.Windows.5.0.0/ref/net461
[2026-09-03 10:50:08] [SUCCESS] 📂 Dossier cree : source/repos/srv_listener_folder/packages/System.Security.Principal.Windows.5.0.0/ref/netcoreapp3.0
[2026-09-03 10:50:10] [SUCCESS] 📂 Dossier cree : source/repos/srv_listener_folder/packages/System.Security.Principal.Windows.5.0.0/ref/netstandard1.3
[2026-09-03 10:50:12] [SUCCESS] 📂 Dossier cree : source/repos/srv_listener_folder/packages/System.Security.Principal.Windows.5.0.0/ref/netstandard2.0
[2026-09-03 10:50:14] [SUCCESS] 📂 Dossier cree : source/repos/srv_listener_folder/packages/System.Security.Principal.Windows.5.0.0/ref/uap10.0.16299
[2026-09-03 10:50:16] [SUCCESS] 📂 Dossier cree : source/repos/srv_listener_folder/packages/System.Security.Principal.Windows.5.0.0/runtimes/unix
[2026-09-03 10:50:17] [SUCCESS] 📂 Dossier cree : source/repos/srv_listener_folder/packages/System.Security.Principal.Windows.5.0.0/runtimes/win
[2026-09-03 10:50:19] [SUCCESS] 📂 Dossier cree : source/repos/srv_listener_folder/packages/System.Text.Encodings.Web.6.0.0/buildTransitive/netcoreapp2.0
[2026-09-03 10:50:21] [SUCCESS] 📂 Dossier cree : source/repos/srv_listener_folder/packages/System.Text.Encodings.Web.6.0.0/buildTransitive/netcoreapp3.1
[2026-09-03 10:50:24] [SUCCESS] 📂 Dossier cree : source/repos/srv_listener_folder/packages/System.Text.Encodings.Web.6.0.0/lib/net461
[2026-09-03 10:50:26] [SUCCESS] 📂 Dossier cree : source/repos/srv_listener_folder/packages/System.Text.Encodings.Web.6.0.0/lib/net6.0
[2026-09-03 10:50:29] [SUCCESS] 📂 Dossier cree : source/repos/srv_listener_folder/packages/System.Text.Encodings.Web.6.0.0/lib/netcoreapp3.1
[2026-09-03 10:50:30] [SUCCESS] 📂 Dossier cree : source/repos/srv_listener_folder/packages/System.Text.Encodings.Web.6.0.0/lib/netstandard2.0
[2026-09-03 10:50:32] [SUCCESS] 📂 Dossier cree : source/repos/srv_listener_folder/packages/System.Text.Encodings.Web.6.0.0/runtimes/browser
[2026-09-03 10:50:34] [SUCCESS] 📂 Dossier cree : source/repos/srv_listener_folder/packages/System.Text.Json.6.0.0/analyzers/dotnet
[2026-09-03 10:50:36] [SUCCESS] 📂 Dossier cree : source/repos/srv_listener_folder/packages/System.Text.Json.6.0.0/buildTransitive/netcoreapp2.0
[2026-09-03 10:50:38] [SUCCESS] 📂 Dossier cree : source/repos/srv_listener_folder/packages/System.Text.Json.6.0.0/buildTransitive/netcoreapp3.1
[2026-09-03 10:50:40] [SUCCESS] 📂 Dossier cree : source/repos/srv_listener_folder/packages/System.Text.Json.6.0.0/lib/net461
[2026-09-03 10:50:41] [SUCCESS] 📂 Dossier cree : source/repos/srv_listener_folder/packages/System.Text.Json.6.0.0/lib/net6.0
[2026-09-03 10:50:43] [SUCCESS] 📂 Dossier cree : source/repos/srv_listener_folder/packages/System.Text.Json.6.0.0/lib/netcoreapp3.1
[2026-09-03 10:50:45] [SUCCESS] 📂 Dossier cree : source/repos/srv_listener_folder/packages/System.Text.Json.6.0.0/lib/netstandard2.0
[2026-09-03 10:50:46] [SUCCESS] 📂 Dossier cree : source/repos/srv_listener_folder/packages/System.Threading.Tasks.Extensions.4.5.4/lib/MonoAndroid10
[2026-09-03 10:50:48] [SUCCESS] 📂 Dossier cree : source/repos/srv_listener_folder/packages/System.Threading.Tasks.Extensions.4.5.4/lib/MonoTouch10
[2026-09-03 10:50:50] [SUCCESS] 📂 Dossier cree : source/repos/srv_listener_folder/packages/System.Threading.Tasks.Extensions.4.5.4/lib/net461
[2026-09-03 10:50:52] [SUCCESS] 📂 Dossier cree : source/repos/srv_listener_folder/packages/System.Threading.Tasks.Extensions.4.5.4/lib/netcoreapp2.1
[2026-09-03 10:50:53] [SUCCESS] 📂 Dossier cree : source/repos/srv_listener_folder/packages/System.Threading.Tasks.Extensions.4.5.4/lib/netstandard1.0
[2026-09-03 10:50:55] [SUCCESS] 📂 Dossier cree : source/repos/srv_listener_folder/packages/System.Threading.Tasks.Extensions.4.5.4/lib/netstandard2.0
[2026-09-03 10:50:57] [SUCCESS] 📂 Dossier cree : source/repos/srv_listener_folder/packages/System.Threading.Tasks.Extensions.4.5.4/lib/portable-net45+win8+wp8+wpa81
[2026-09-03 10:50:58] [SUCCESS] 📂 Dossier cree : source/repos/srv_listener_folder/packages/System.Threading.Tasks.Extensions.4.5.4/lib/xamarinios10
[2026-09-03 10:51:00] [SUCCESS] 📂 Dossier cree : source/repos/srv_listener_folder/packages/System.Threading.Tasks.Extensions.4.5.4/lib/xamarinmac20
[2026-09-03 10:51:02] [SUCCESS] 📂 Dossier cree : source/repos/srv_listener_folder/packages/System.Threading.Tasks.Extensions.4.5.4/lib/xamarintvos10
[2026-09-03 10:51:04] [SUCCESS] 📂 Dossier cree : source/repos/srv_listener_folder/packages/System.Threading.Tasks.Extensions.4.5.4/lib/xamarinwatchos10
[2026-09-03 10:51:05] [SUCCESS] 📂 Dossier cree : source/repos/srv_listener_folder/packages/System.Threading.Tasks.Extensions.4.5.4/ref/MonoAndroid10
[2026-09-03 10:51:07] [SUCCESS] 📂 Dossier cree : source/repos/srv_listener_folder/packages/System.Threading.Tasks.Extensions.4.5.4/ref/MonoTouch10
[2026-09-03 10:51:09] [SUCCESS] 📂 Dossier cree : source/repos/srv_listener_folder/packages/System.Threading.Tasks.Extensions.4.5.4/ref/netcoreapp2.1
[2026-09-03 10:51:10] [SUCCESS] 📂 Dossier cree : source/repos/srv_listener_folder/packages/System.Threading.Tasks.Extensions.4.5.4/ref/xamarinios10
[2026-09-03 10:51:13] [SUCCESS] 📂 Dossier cree : source/repos/srv_listener_folder/packages/System.Threading.Tasks.Extensions.4.5.4/ref/xamarinmac20
[2026-09-03 10:51:15] [SUCCESS] 📂 Dossier cree : source/repos/srv_listener_folder/packages/System.Threading.Tasks.Extensions.4.5.4/ref/xamarintvos10
[2026-09-03 10:51:17] [SUCCESS] 📂 Dossier cree : source/repos/srv_listener_folder/packages/System.Threading.Tasks.Extensions.4.5.4/ref/xamarinwatchos10
[2026-09-03 10:51:18] [SUCCESS] 📂 Dossier cree : source/repos/srv_listener_folder/packages/System.ValueTuple.4.5.0/lib/MonoAndroid10
[2026-09-03 10:51:20] [SUCCESS] 📂 Dossier cree : source/repos/srv_listener_folder/packages/System.ValueTuple.4.5.0/lib/MonoTouch10
[2026-09-03 10:51:23] [SUCCESS] 📂 Dossier cree : source/repos/srv_listener_folder/packages/System.ValueTuple.4.5.0/lib/net461
[2026-09-03 10:51:25] [SUCCESS] 📂 Dossier cree : source/repos/srv_listener_folder/packages/System.ValueTuple.4.5.0/lib/net47
[2026-09-03 10:51:27] [SUCCESS] 📂 Dossier cree : source/repos/srv_listener_folder/packages/System.ValueTuple.4.5.0/lib/netcoreapp2.0
[2026-09-03 10:51:29] [SUCCESS] 📂 Dossier cree : source/repos/srv_listener_folder/packages/System.ValueTuple.4.5.0/lib/netstandard1.0
[2026-09-03 10:51:31] [SUCCESS] 📂 Dossier cree : source/repos/srv_listener_folder/packages/System.ValueTuple.4.5.0/lib/netstandard2.0
[2026-09-03 10:51:33] [SUCCESS] 📂 Dossier cree : source/repos/srv_listener_folder/packages/System.ValueTuple.4.5.0/lib/portable-net40+sl4+win8+wp8
[2026-09-03 10:51:35] [SUCCESS] 📂 Dossier cree : source/repos/srv_listener_folder/packages/System.ValueTuple.4.5.0/lib/uap10.0.16299
[2026-09-03 10:51:37] [SUCCESS] 📂 Dossier cree : source/repos/srv_listener_folder/packages/System.ValueTuple.4.5.0/lib/xamarinios10
[2026-09-03 10:51:39] [SUCCESS] 📂 Dossier cree : source/repos/srv_listener_folder/packages/System.ValueTuple.4.5.0/lib/xamarinmac20
[2026-09-03 10:51:41] [SUCCESS] 📂 Dossier cree : source/repos/srv_listener_folder/packages/System.ValueTuple.4.5.0/lib/xamarintvos10
[2026-09-03 10:51:43] [SUCCESS] 📂 Dossier cree : source/repos/srv_listener_folder/packages/System.ValueTuple.4.5.0/lib/xamarinwatchos10
[2026-09-03 10:51:45] [SUCCESS] 📂 Dossier cree : source/repos/srv_listener_folder/packages/System.ValueTuple.4.5.0/ref/MonoAndroid10
[2026-09-03 10:51:47] [SUCCESS] 📂 Dossier cree : source/repos/srv_listener_folder/packages/System.ValueTuple.4.5.0/ref/MonoTouch10
[2026-09-03 10:51:49] [SUCCESS] 📂 Dossier cree : source/repos/srv_listener_folder/packages/System.ValueTuple.4.5.0/ref/net461
[2026-09-03 10:51:51] [SUCCESS] 📂 Dossier cree : source/repos/srv_listener_folder/packages/System.ValueTuple.4.5.0/ref/net47
[2026-09-03 10:51:53] [SUCCESS] 📂 Dossier cree : source/repos/srv_listener_folder/packages/System.ValueTuple.4.5.0/ref/netcoreapp2.0
[2026-09-03 10:51:54] [SUCCESS] 📂 Dossier cree : source/repos/srv_listener_folder/packages/System.ValueTuple.4.5.0/ref/netstandard2.0
[2026-09-03 10:51:56] [SUCCESS] 📂 Dossier cree : source/repos/srv_listener_folder/packages/System.ValueTuple.4.5.0/ref/portable-net40+sl4+win8+wp8
[2026-09-03 10:51:58] [SUCCESS] 📂 Dossier cree : source/repos/srv_listener_folder/packages/System.ValueTuple.4.5.0/ref/uap10.0.16299
[2026-09-03 10:52:00] [SUCCESS] 📂 Dossier cree : source/repos/srv_listener_folder/packages/System.ValueTuple.4.5.0/ref/xamarinios10
[2026-09-03 10:52:01] [SUCCESS] 📂 Dossier cree : source/repos/srv_listener_folder/packages/System.ValueTuple.4.5.0/ref/xamarinmac20
[2026-09-03 10:52:03] [SUCCESS] 📂 Dossier cree : source/repos/srv_listener_folder/packages/System.ValueTuple.4.5.0/ref/xamarintvos10
[2026-09-03 10:52:05] [SUCCESS] 📂 Dossier cree : source/repos/srv_listener_folder/packages/System.ValueTuple.4.5.0/ref/xamarinwatchos10
[2026-09-03 10:52:07] [SUCCESS] 📂 Dossier cree : source/repos/srv_listener_folder/SF_VIEWER_AO_SIM/.git/logs/refs
[2026-09-03 10:52:09] [SUCCESS] 📂 Dossier cree : source/repos/srv_listener_folder/SF_VIEWER_AO_SIM/.git/objects/00
[2026-09-03 10:52:11] [SUCCESS] 📂 Dossier cree : source/repos/srv_listener_folder/SF_VIEWER_AO_SIM/.git/objects/0a
[2026-09-03 10:52:13] [SUCCESS] 📂 Dossier cree : source/repos/srv_listener_folder/SF_VIEWER_AO_SIM/.git/objects/14
[2026-09-03 10:52:15] [SUCCESS] 📂 Dossier cree : source/repos/srv_listener_folder/SF_VIEWER_AO_SIM/.git/objects/17
[2026-09-03 10:52:17] [SUCCESS] 📂 Dossier cree : source/repos/srv_listener_folder/SF_VIEWER_AO_SIM/.git/objects/1a
[2026-09-03 10:52:19] [SUCCESS] 📂 Dossier cree : source/repos/srv_listener_folder/SF_VIEWER_AO_SIM/.git/objects/1d
[2026-09-03 10:52:21] [SUCCESS] 📂 Dossier cree : source/repos/srv_listener_folder/SF_VIEWER_AO_SIM/.git/objects/1f
[2026-09-03 10:52:23] [SUCCESS] 📂 Dossier cree : source/repos/srv_listener_folder/SF_VIEWER_AO_SIM/.git/objects/22
[2026-09-03 10:52:24] [SUCCESS] 📂 Dossier cree : source/repos/srv_listener_folder/SF_VIEWER_AO_SIM/.git/objects/23
[2026-09-03 10:52:26] [SUCCESS] 📂 Dossier cree : source/repos/srv_listener_folder/SF_VIEWER_AO_SIM/.git/objects/26
[2026-09-03 10:52:29] [SUCCESS] 📂 Dossier cree : source/repos/srv_listener_folder/SF_VIEWER_AO_SIM/.git/objects/28
[2026-09-03 10:52:32] [SUCCESS] 📂 Dossier cree : source/repos/srv_listener_folder/SF_VIEWER_AO_SIM/.git/objects/2a
[2026-09-03 10:52:33] [SUCCESS] 📂 Dossier cree : source/repos/srv_listener_folder/SF_VIEWER_AO_SIM/.git/objects/2d
[2026-09-03 10:52:35] [SUCCESS] 📂 Dossier cree : source/repos/srv_listener_folder/SF_VIEWER_AO_SIM/.git/objects/31
[2026-09-03 10:52:37] [SUCCESS] 📂 Dossier cree : source/repos/srv_listener_folder/SF_VIEWER_AO_SIM/.git/objects/33
[2026-09-03 10:52:39] [SUCCESS] 📂 Dossier cree : source/repos/srv_listener_folder/SF_VIEWER_AO_SIM/.git/objects/34
[2026-09-03 10:52:40] [SUCCESS] 📂 Dossier cree : source/repos/srv_listener_folder/SF_VIEWER_AO_SIM/.git/objects/37
[2026-09-03 10:52:42] [SUCCESS] 📂 Dossier cree : source/repos/srv_listener_folder/SF_VIEWER_AO_SIM/.git/objects/3b
[2026-09-03 10:52:45] [SUCCESS] 📂 Dossier cree : source/repos/srv_listener_folder/SF_VIEWER_AO_SIM/.git/objects/3e
[2026-09-03 10:52:47] [SUCCESS] 📂 Dossier cree : source/repos/srv_listener_folder/SF_VIEWER_AO_SIM/.git/objects/41
[2026-09-03 10:52:48] [SUCCESS] 📂 Dossier cree : source/repos/srv_listener_folder/SF_VIEWER_AO_SIM/.git/objects/42
[2026-09-03 10:52:50] [SUCCESS] 📂 Dossier cree : source/repos/srv_listener_folder/SF_VIEWER_AO_SIM/.git/objects/44
[2026-09-03 10:52:53] [SUCCESS] 📂 Dossier cree : source/repos/srv_listener_folder/SF_VIEWER_AO_SIM/.git/objects/45
[2026-09-03 10:52:55] [SUCCESS] 📂 Dossier cree : source/repos/srv_listener_folder/SF_VIEWER_AO_SIM/.git/objects/47
[2026-09-03 10:52:56] [SUCCESS] 📂 Dossier cree : source/repos/srv_listener_folder/SF_VIEWER_AO_SIM/.git/objects/55
[2026-09-03 10:52:58] [SUCCESS] 📂 Dossier cree : source/repos/srv_listener_folder/SF_VIEWER_AO_SIM/.git/objects/58
[2026-09-03 10:53:00] [SUCCESS] 📂 Dossier cree : source/repos/srv_listener_folder/SF_VIEWER_AO_SIM/.git/objects/5a
[2026-09-03 10:53:02] [SUCCESS] 📂 Dossier cree : source/repos/srv_listener_folder/SF_VIEWER_AO_SIM/.git/objects/5b
[2026-09-03 10:53:04] [SUCCESS] 📂 Dossier cree : source/repos/srv_listener_folder/SF_VIEWER_AO_SIM/.git/objects/5c
[2026-09-03 10:53:05] [SUCCESS] 📂 Dossier cree : source/repos/srv_listener_folder/SF_VIEWER_AO_SIM/.git/objects/5d
[2026-09-03 10:53:07] [SUCCESS] 📂 Dossier cree : source/repos/srv_listener_folder/SF_VIEWER_AO_SIM/.git/objects/5f
[2026-09-03 10:53:09] [SUCCESS] 📂 Dossier cree : source/repos/srv_listener_folder/SF_VIEWER_AO_SIM/.git/objects/61
[2026-09-03 10:53:11] [SUCCESS] 📂 Dossier cree : source/repos/srv_listener_folder/SF_VIEWER_AO_SIM/.git/objects/62
[2026-09-03 10:53:13] [SUCCESS] 📂 Dossier cree : source/repos/srv_listener_folder/SF_VIEWER_AO_SIM/.git/objects/64
[2026-09-03 10:53:15] [SUCCESS] 📂 Dossier cree : source/repos/srv_listener_folder/SF_VIEWER_AO_SIM/.git/objects/6c
[2026-09-03 10:53:16] [SUCCESS] 📂 Dossier cree : source/repos/srv_listener_folder/SF_VIEWER_AO_SIM/.git/objects/6d
[2026-09-03 10:53:18] [SUCCESS] 📂 Dossier cree : source/repos/srv_listener_folder/SF_VIEWER_AO_SIM/.git/objects/70
[2026-09-03 10:53:20] [SUCCESS] 📂 Dossier cree : source/repos/srv_listener_folder/SF_VIEWER_AO_SIM/.git/objects/71
[2026-09-03 10:53:22] [SUCCESS] 📂 Dossier cree : source/repos/srv_listener_folder/SF_VIEWER_AO_SIM/.git/objects/77
[2026-09-03 10:53:24] [SUCCESS] 📂 Dossier cree : source/repos/srv_listener_folder/SF_VIEWER_AO_SIM/.git/objects/79
[2026-09-03 10:53:26] [SUCCESS] 📂 Dossier cree : source/repos/srv_listener_folder/SF_VIEWER_AO_SIM/.git/objects/7c
[2026-09-03 10:53:27] [SUCCESS] 📂 Dossier cree : source/repos/srv_listener_folder/SF_VIEWER_AO_SIM/.git/objects/81
[2026-09-03 10:53:29] [SUCCESS] 📂 Dossier cree : source/repos/srv_listener_folder/SF_VIEWER_AO_SIM/.git/objects/85
[2026-09-03 10:53:31] [SUCCESS] 📂 Dossier cree : source/repos/srv_listener_folder/SF_VIEWER_AO_SIM/.git/objects/8a
[2026-09-03 10:53:33] [SUCCESS] 📂 Dossier cree : source/repos/srv_listener_folder/SF_VIEWER_AO_SIM/.git/objects/8b
[2026-09-03 10:53:35] [SUCCESS] 📂 Dossier cree : source/repos/srv_listener_folder/SF_VIEWER_AO_SIM/.git/objects/8c
[2026-09-03 10:53:37] [SUCCESS] 📂 Dossier cree : source/repos/srv_listener_folder/SF_VIEWER_AO_SIM/.git/objects/8e
[2026-09-03 10:53:39] [SUCCESS] 📂 Dossier cree : source/repos/srv_listener_folder/SF_VIEWER_AO_SIM/.git/objects/94
[2026-09-03 10:53:41] [SUCCESS] 📂 Dossier cree : source/repos/srv_listener_folder/SF_VIEWER_AO_SIM/.git/objects/96
[2026-09-03 10:53:43] [SUCCESS] 📂 Dossier cree : source/repos/srv_listener_folder/SF_VIEWER_AO_SIM/.git/objects/98
[2026-09-03 10:53:45] [SUCCESS] 📂 Dossier cree : source/repos/srv_listener_folder/SF_VIEWER_AO_SIM/.git/objects/99
[2026-09-03 10:53:47] [SUCCESS] 📂 Dossier cree : source/repos/srv_listener_folder/SF_VIEWER_AO_SIM/.git/objects/9e
[2026-09-03 10:53:48] [SUCCESS] 📂 Dossier cree : source/repos/srv_listener_folder/SF_VIEWER_AO_SIM/.git/objects/a1
[2026-09-03 10:53:51] [SUCCESS] 📂 Dossier cree : source/repos/srv_listener_folder/SF_VIEWER_AO_SIM/.git/objects/a2
[2026-09-03 10:53:53] [SUCCESS] 📂 Dossier cree : source/repos/srv_listener_folder/SF_VIEWER_AO_SIM/.git/objects/a3
[2026-09-03 10:53:55] [SUCCESS] 📂 Dossier cree : source/repos/srv_listener_folder/SF_VIEWER_AO_SIM/.git/objects/a8
[2026-09-03 10:53:56] [SUCCESS] 📂 Dossier cree : source/repos/srv_listener_folder/SF_VIEWER_AO_SIM/.git/objects/a9
[2026-09-03 10:53:58] [SUCCESS] 📂 Dossier cree : source/repos/srv_listener_folder/SF_VIEWER_AO_SIM/.git/objects/aa
[2026-09-03 10:54:00] [SUCCESS] 📂 Dossier cree : source/repos/srv_listener_folder/SF_VIEWER_AO_SIM/.git/objects/af
[2026-09-03 10:54:02] [SUCCESS] 📂 Dossier cree : source/repos/srv_listener_folder/SF_VIEWER_AO_SIM/.git/objects/b7
[2026-09-03 10:54:04] [SUCCESS] 📂 Dossier cree : source/repos/srv_listener_folder/SF_VIEWER_AO_SIM/.git/objects/b9
[2026-09-03 10:54:05] [SUCCESS] 📂 Dossier cree : source/repos/srv_listener_folder/SF_VIEWER_AO_SIM/.git/objects/bd
[2026-09-03 10:54:07] [SUCCESS] 📂 Dossier cree : source/repos/srv_listener_folder/SF_VIEWER_AO_SIM/.git/objects/bf
[2026-09-03 10:54:09] [SUCCESS] 📂 Dossier cree : source/repos/srv_listener_folder/SF_VIEWER_AO_SIM/.git/objects/c0
[2026-09-03 10:54:10] [SUCCESS] 📂 Dossier cree : source/repos/srv_listener_folder/SF_VIEWER_AO_SIM/.git/objects/c4
[2026-09-03 10:54:12] [SUCCESS] 📂 Dossier cree : source/repos/srv_listener_folder/SF_VIEWER_AO_SIM/.git/objects/c8
[2026-09-03 10:54:13] [SUCCESS] 📂 Dossier cree : source/repos/srv_listener_folder/SF_VIEWER_AO_SIM/.git/objects/c9
[2026-09-03 10:54:15] [SUCCESS] 📂 Dossier cree : source/repos/srv_listener_folder/SF_VIEWER_AO_SIM/.git/objects/ca
[2026-09-03 10:54:17] [SUCCESS] 📂 Dossier cree : source/repos/srv_listener_folder/SF_VIEWER_AO_SIM/.git/objects/d0
[2026-09-03 10:54:18] [SUCCESS] 📂 Dossier cree : source/repos/srv_listener_folder/SF_VIEWER_AO_SIM/.git/objects/d4
[2026-09-03 10:54:20] [SUCCESS] 📂 Dossier cree : source/repos/srv_listener_folder/SF_VIEWER_AO_SIM/.git/objects/d7
[2026-09-03 10:54:22] [SUCCESS] 📂 Dossier cree : source/repos/srv_listener_folder/SF_VIEWER_AO_SIM/.git/objects/d8
[2026-09-03 10:54:23] [SUCCESS] 📂 Dossier cree : source/repos/srv_listener_folder/SF_VIEWER_AO_SIM/.git/objects/d9
[2026-09-03 10:54:25] [SUCCESS] 📂 Dossier cree : source/repos/srv_listener_folder/SF_VIEWER_AO_SIM/.git/objects/de
[2026-09-03 10:54:27] [SUCCESS] 📂 Dossier cree : source/repos/srv_listener_folder/SF_VIEWER_AO_SIM/.git/objects/df
[2026-09-03 10:54:28] [SUCCESS] 📂 Dossier cree : source/repos/srv_listener_folder/SF_VIEWER_AO_SIM/.git/objects/e1
[2026-09-03 10:54:30] [SUCCESS] 📂 Dossier cree : source/repos/srv_listener_folder/SF_VIEWER_AO_SIM/.git/objects/e4
[2026-09-03 10:54:32] [SUCCESS] 📂 Dossier cree : source/repos/srv_listener_folder/SF_VIEWER_AO_SIM/.git/objects/e7
[2026-09-03 10:54:33] [SUCCESS] 📂 Dossier cree : source/repos/srv_listener_folder/SF_VIEWER_AO_SIM/.git/objects/ea
[2026-09-03 10:54:35] [SUCCESS] 📂 Dossier cree : source/repos/srv_listener_folder/SF_VIEWER_AO_SIM/.git/objects/eb
[2026-09-03 10:54:36] [SUCCESS] 📂 Dossier cree : source/repos/srv_listener_folder/SF_VIEWER_AO_SIM/.git/objects/ed
[2026-09-03 10:54:38] [SUCCESS] 📂 Dossier cree : source/repos/srv_listener_folder/SF_VIEWER_AO_SIM/.git/objects/ee
[2026-09-03 10:54:40] [SUCCESS] 📂 Dossier cree : source/repos/srv_listener_folder/SF_VIEWER_AO_SIM/.git/objects/ef
[2026-09-03 10:54:41] [SUCCESS] 📂 Dossier cree : source/repos/srv_listener_folder/SF_VIEWER_AO_SIM/.git/objects/f0
[2026-09-03 10:54:43] [SUCCESS] 📂 Dossier cree : source/repos/srv_listener_folder/SF_VIEWER_AO_SIM/.git/objects/f2
[2026-09-03 10:54:45] [SUCCESS] 📂 Dossier cree : source/repos/srv_listener_folder/SF_VIEWER_AO_SIM/.git/objects/fc
[2026-09-03 10:54:46] [SUCCESS] 📂 Dossier cree : source/repos/srv_listener_folder/SF_VIEWER_AO_SIM/.git/objects/ff
[2026-09-03 10:54:48] [SUCCESS] 📂 Dossier cree : source/repos/srv_listener_folder/SF_VIEWER_AO_SIM/.git/objects/info
[2026-09-03 10:54:49] [SUCCESS] 📂 Dossier cree : source/repos/srv_listener_folder/SF_VIEWER_AO_SIM/.git/objects/pack
[2026-09-03 10:54:53] [SUCCESS] 📂 Dossier cree : source/repos/srv_listener_folder/SF_VIEWER_AO_SIM/.git/refs/heads
[2026-09-03 10:54:54] [SUCCESS] 📂 Dossier cree : source/repos/srv_listener_folder/SF_VIEWER_AO_SIM/.git/refs/remotes
[2026-09-03 10:54:56] [SUCCESS] 📂 Dossier cree : source/repos/srv_listener_folder/SF_VIEWER_AO_SIM/.git/refs/tags
[2026-09-03 10:54:58] [SUCCESS] 📂 Dossier cree : source/repos/srv_listener_folder/SF_VIEWER_AO_SIM/.vs/SF_VIEWER_AO_SIM/config
[2026-09-03 10:55:00] [SUCCESS] 📂 Dossier cree : source/repos/srv_listener_folder/SF_VIEWER_AO_SIM/.vs/SF_VIEWER_AO_SIM/FileContentIndex
[2026-09-03 10:55:02] [SUCCESS] 📂 Dossier cree : source/repos/srv_listener_folder/SF_VIEWER_AO_SIM/.vs/SF_VIEWER_AO_SIM/v16
[2026-09-03 10:55:04] [SUCCESS] 📂 Dossier cree : source/repos/srv_listener_folder/SF_VIEWER_AO_SIM/.vs/SF_VIEWER_AO_SIM/v17
[2026-09-03 10:55:05] [SUCCESS] 📂 Dossier cree : source/repos/srv_listener_folder/SF_VIEWER_AO_SIM/packages/Antlr.3.5.0.2/lib
[2026-09-03 10:55:07] [SUCCESS] 📂 Dossier cree : source/repos/srv_listener_folder/SF_VIEWER_AO_SIM/packages/AspNet.ScriptManager.bootstrap.3.4.1/lib
[2026-09-03 10:55:08] [SUCCESS] 📂 Dossier cree : source/repos/srv_listener_folder/SF_VIEWER_AO_SIM/packages/AspNet.ScriptManager.jQuery.3.4.1/lib
[2026-09-03 10:55:10] [SUCCESS] 📂 Dossier cree : source/repos/srv_listener_folder/SF_VIEWER_AO_SIM/packages/bootstrap.3.4.1/content
[2026-09-03 10:55:11] [SUCCESS] 📂 Dossier cree : source/repos/srv_listener_folder/SF_VIEWER_AO_SIM/packages/bootstrap.3.4.1/contentFiles
[2026-09-03 10:55:13] [SUCCESS] 📂 Dossier cree : source/repos/srv_listener_folder/SF_VIEWER_AO_SIM/packages/jQuery.3.4.1/Content
[2026-09-03 10:55:15] [SUCCESS] 📂 Dossier cree : source/repos/srv_listener_folder/SF_VIEWER_AO_SIM/packages/jQuery.3.4.1/Tools
[2026-09-03 10:55:16] [SUCCESS] 📂 Dossier cree : source/repos/srv_listener_folder/SF_VIEWER_AO_SIM/packages/Microsoft.AspNet.FriendlyUrls.1.0.2/Content
[2026-09-03 10:55:18] [SUCCESS] 📂 Dossier cree : source/repos/srv_listener_folder/SF_VIEWER_AO_SIM/packages/Microsoft.AspNet.FriendlyUrls.Core.1.0.2/lib
[2026-09-03 10:55:20] [SUCCESS] 📂 Dossier cree : source/repos/srv_listener_folder/SF_VIEWER_AO_SIM/packages/Microsoft.AspNet.FriendlyUrls.Core.fr.1.0.2/lib
[2026-09-03 10:55:22] [SUCCESS] 📂 Dossier cree : source/repos/srv_listener_folder/SF_VIEWER_AO_SIM/packages/Microsoft.AspNet.ScriptManager.MSAjax.5.0.0/content
[2026-09-03 10:55:23] [SUCCESS] 📂 Dossier cree : source/repos/srv_listener_folder/SF_VIEWER_AO_SIM/packages/Microsoft.AspNet.ScriptManager.MSAjax.5.0.0/lib
[2026-09-03 10:55:25] [SUCCESS] 📂 Dossier cree : source/repos/srv_listener_folder/SF_VIEWER_AO_SIM/packages/Microsoft.AspNet.ScriptManager.WebForms.5.0.0/content
[2026-09-03 10:55:27] [SUCCESS] 📂 Dossier cree : source/repos/srv_listener_folder/SF_VIEWER_AO_SIM/packages/Microsoft.AspNet.ScriptManager.WebForms.5.0.0/lib
[2026-09-03 10:55:28] [SUCCESS] 📂 Dossier cree : source/repos/srv_listener_folder/SF_VIEWER_AO_SIM/packages/Microsoft.AspNet.Web.Optimization.1.1.3/lib
[2026-09-03 10:55:31] [SUCCESS] 📂 Dossier cree : source/repos/srv_listener_folder/SF_VIEWER_AO_SIM/packages/Microsoft.AspNet.Web.Optimization.fr.1.1.3/lib
[2026-09-03 10:55:33] [SUCCESS] 📂 Dossier cree : source/repos/srv_listener_folder/SF_VIEWER_AO_SIM/packages/Microsoft.AspNet.Web.Optimization.WebForms.1.1.3/content
[2026-09-03 10:55:34] [SUCCESS] 📂 Dossier cree : source/repos/srv_listener_folder/SF_VIEWER_AO_SIM/packages/Microsoft.AspNet.Web.Optimization.WebForms.1.1.3/lib
[2026-09-03 10:55:36] [SUCCESS] 📂 Dossier cree : source/repos/srv_listener_folder/SF_VIEWER_AO_SIM/packages/Microsoft.Bcl.AsyncInterfaces.6.0.0/lib
[2026-09-03 10:55:38] [SUCCESS] 📂 Dossier cree : source/repos/srv_listener_folder/SF_VIEWER_AO_SIM/packages/Microsoft.CodeDom.Providers.DotNetCompilerPlatform.2.0.1/build
[2026-09-03 10:55:40] [SUCCESS] 📂 Dossier cree : source/repos/srv_listener_folder/SF_VIEWER_AO_SIM/packages/Microsoft.CodeDom.Providers.DotNetCompilerPlatform.2.0.1/content
[2026-09-03 10:55:41] [SUCCESS] 📂 Dossier cree : source/repos/srv_listener_folder/SF_VIEWER_AO_SIM/packages/Microsoft.CodeDom.Providers.DotNetCompilerPlatform.2.0.1/lib
[2026-09-03 10:55:43] [SUCCESS] 📂 Dossier cree : source/repos/srv_listener_folder/SF_VIEWER_AO_SIM/packages/Microsoft.CodeDom.Providers.DotNetCompilerPlatform.2.0.1/tools
[2026-09-03 10:55:45] [SUCCESS] 📂 Dossier cree : source/repos/srv_listener_folder/SF_VIEWER_AO_SIM/packages/Microsoft.Web.Infrastructure.1.0.0.0/lib
[2026-09-03 10:55:46] [SUCCESS] 📂 Dossier cree : source/repos/srv_listener_folder/SF_VIEWER_AO_SIM/packages/Modernizr.2.8.3/Content
[2026-09-03 10:55:48] [SUCCESS] 📂 Dossier cree : source/repos/srv_listener_folder/SF_VIEWER_AO_SIM/packages/Modernizr.2.8.3/Tools
[2026-09-03 10:55:50] [SUCCESS] 📂 Dossier cree : source/repos/srv_listener_folder/SF_VIEWER_AO_SIM/packages/Newtonsoft.Json.12.0.2/lib
[2026-09-03 10:55:51] [SUCCESS] 📂 Dossier cree : source/repos/srv_listener_folder/SF_VIEWER_AO_SIM/packages/Oracle.ManagedDataAccess.21.9.0/bin
[2026-09-03 10:55:52] [SUCCESS] 📂 Dossier cree : source/repos/srv_listener_folder/SF_VIEWER_AO_SIM/packages/Oracle.ManagedDataAccess.21.9.0/content
[2026-09-03 10:55:55] [SUCCESS] 📂 Dossier cree : source/repos/srv_listener_folder/SF_VIEWER_AO_SIM/packages/Oracle.ManagedDataAccess.21.9.0/lib
[2026-09-03 10:55:57] [SUCCESS] 📂 Dossier cree : source/repos/srv_listener_folder/SF_VIEWER_AO_SIM/packages/Oracle.ManagedDataAccess.21.9.0/PerfCounters
[2026-09-03 10:55:59] [SUCCESS] 📂 Dossier cree : source/repos/srv_listener_folder/SF_VIEWER_AO_SIM/packages/System.Buffers.4.5.1/lib
[2026-09-03 10:56:00] [SUCCESS] 📂 Dossier cree : source/repos/srv_listener_folder/SF_VIEWER_AO_SIM/packages/System.Buffers.4.5.1/ref
[2026-09-03 10:56:02] [SUCCESS] 📂 Dossier cree : source/repos/srv_listener_folder/SF_VIEWER_AO_SIM/packages/System.Memory.4.5.4/lib
[2026-09-03 10:56:03] [SUCCESS] 📂 Dossier cree : source/repos/srv_listener_folder/SF_VIEWER_AO_SIM/packages/System.Memory.4.5.4/ref
[2026-09-03 10:56:05] [SUCCESS] 📂 Dossier cree : source/repos/srv_listener_folder/SF_VIEWER_AO_SIM/packages/System.Numerics.Vectors.4.5.0/lib
[2026-09-03 10:56:07] [SUCCESS] 📂 Dossier cree : source/repos/srv_listener_folder/SF_VIEWER_AO_SIM/packages/System.Numerics.Vectors.4.5.0/ref
[2026-09-03 10:56:08] [SUCCESS] 📂 Dossier cree : source/repos/srv_listener_folder/SF_VIEWER_AO_SIM/packages/System.Runtime.CompilerServices.Unsafe.6.0.0/buildTransitive
[2026-09-03 10:56:10] [SUCCESS] 📂 Dossier cree : source/repos/srv_listener_folder/SF_VIEWER_AO_SIM/packages/System.Runtime.CompilerServices.Unsafe.6.0.0/lib
[2026-09-03 10:56:12] [SUCCESS] 📂 Dossier cree : source/repos/srv_listener_folder/SF_VIEWER_AO_SIM/packages/System.Text.Encodings.Web.6.0.0/buildTransitive
[2026-09-03 10:56:13] [SUCCESS] 📂 Dossier cree : source/repos/srv_listener_folder/SF_VIEWER_AO_SIM/packages/System.Text.Encodings.Web.6.0.0/lib
[2026-09-03 10:56:15] [SUCCESS] 📂 Dossier cree : source/repos/srv_listener_folder/SF_VIEWER_AO_SIM/packages/System.Text.Encodings.Web.6.0.0/runtimes
[2026-09-03 10:56:16] [SUCCESS] 📂 Dossier cree : source/repos/srv_listener_folder/SF_VIEWER_AO_SIM/packages/System.Text.Json.6.0.0/analyzers
[2026-09-03 10:56:19] [SUCCESS] 📂 Dossier cree : source/repos/srv_listener_folder/SF_VIEWER_AO_SIM/packages/System.Text.Json.6.0.0/build
[2026-09-03 10:56:21] [SUCCESS] 📂 Dossier cree : source/repos/srv_listener_folder/SF_VIEWER_AO_SIM/packages/System.Text.Json.6.0.0/buildTransitive
[2026-09-03 10:56:22] [SUCCESS] 📂 Dossier cree : source/repos/srv_listener_folder/SF_VIEWER_AO_SIM/packages/System.Text.Json.6.0.0/lib
[2026-09-03 10:56:24] [SUCCESS] 📂 Dossier cree : source/repos/srv_listener_folder/SF_VIEWER_AO_SIM/packages/System.Threading.Tasks.Extensions.4.5.4/lib
[2026-09-03 10:56:26] [SUCCESS] 📂 Dossier cree : source/repos/srv_listener_folder/SF_VIEWER_AO_SIM/packages/System.Threading.Tasks.Extensions.4.5.4/ref
[2026-09-03 10:56:28] [SUCCESS] 📂 Dossier cree : source/repos/srv_listener_folder/SF_VIEWER_AO_SIM/packages/System.ValueTuple.4.5.0/lib
[2026-09-03 10:56:30] [SUCCESS] 📂 Dossier cree : source/repos/srv_listener_folder/SF_VIEWER_AO_SIM/packages/System.ValueTuple.4.5.0/ref
[2026-09-03 10:56:31] [SUCCESS] 📂 Dossier cree : source/repos/srv_listener_folder/SF_VIEWER_AO_SIM/packages/WebGrease.1.6.0/lib
[2026-09-03 10:56:33] [SUCCESS] 📂 Dossier cree : source/repos/srv_listener_folder/SF_VIEWER_AO_SIM/packages/WebGrease.1.6.0/tools
[2026-09-03 10:56:35] [SUCCESS] 📂 Dossier cree : source/repos/srv_listener_folder/SF_VIEWER_AO_SIM/SF_VIEWER_AO_SIM/bin/fr
[2026-09-03 10:56:36] [SUCCESS] 📂 Dossier cree : source/repos/srv_listener_folder/SF_VIEWER_AO_SIM/SF_VIEWER_AO_SIM/bin/roslyn
[2026-09-03 10:56:38] [SUCCESS] 📂 Dossier cree : source/repos/srv_listener_folder/SF_VIEWER_AO_SIM/SF_VIEWER_AO_SIM/obj/Debug
[2026-09-03 10:56:40] [SUCCESS] 📂 Dossier cree : source/repos/srv_listener_folder/SF_VIEWER_AO_SIM/SF_VIEWER_AO_SIM/obj/Release
[2026-09-03 10:56:41] [SUCCESS] 📂 Dossier cree : source/repos/srv_listener_folder/SF_VIEWER_AO_SIM/SF_VIEWER_AO_SIM/Properties/PublishProfiles
[2026-09-03 10:56:43] [SUCCESS] 📂 Dossier cree : source/repos/srv_listener_folder/SF_VIEWER_AO_SIM/SF_VIEWER_AO_SIM/Scripts/WebForms
[2026-09-03 10:56:45] [SUCCESS] 📂 Dossier cree : source/repos/srv_listener_folder/srv_listener_folder/bin/Debug/app.publish
[2026-09-03 10:56:46] [SUCCESS] 📂 Dossier cree : source/repos/srv_listener_folder/srv_listener_folder/obj/Debug/TempPE
[2026-09-03 10:56:48] [SUCCESS] 📂 Dossier cree : source/repos/srv_listener_folder/srv_listener_folder/publish/Application Files/srv_listener_folder_1_0_0_0
[2026-09-03 10:56:49] [SUCCESS] 📂 Dossier cree : source/repos/srv_listener_folder/srv_listener_folder/publish/Application Files/srv_listener_folder_1_0_0_1
[2026-09-03 10:56:51] [SUCCESS] 📂 Dossier cree : source/repos/srv_listener_folder/srv_listener_folder/publish/Application Files/srv_listener_folder_1_0_0_2
[2026-09-03 10:56:52] [SUCCESS] 📂 Dossier cree : source/repos/srv_listener_folder/srv_listener_folder/publish/Application Files/srv_listener_folder_1_0_0_3
[2026-09-03 10:56:54] [SUCCESS] 📂 Dossier cree : source/repos/srv_listener_folder/srv_listener_folder/publish/Application Files/srv_listener_folder_1_0_0_4
[2026-09-03 10:56:57] [SUCCESS] 📂 Dossier cree : source/repos/srv_listener_folder/srv_listener_folder/publish/Application Files/srv_listener_folder_1_0_0_5
[2026-09-03 10:56:58] [SUCCESS] 📂 Dossier cree : Bureau/livraisonKPI 20250428/Nouveau dossier/livrable KPI securite/runtimes/linux/lib/net9.0
[2026-09-03 10:57:00] [SUCCESS] 📂 Dossier cree : Bureau/livraisonKPI 20250428/Nouveau dossier/livrable KPI securite/runtimes/osx/lib/net9.0
[2026-09-03 10:57:02] [SUCCESS] 📂 Dossier cree : Bureau/livraisonKPI 20250428/Nouveau dossier/livrable KPI securite/runtimes/win/lib/net9.0
[2026-09-03 10:57:03] [SUCCESS] 📂 Dossier cree : source/repos/Api_SIM--SF/ApiSIM--SF/.git/logs/refs/heads
[2026-09-03 10:57:05] [SUCCESS] 📂 Dossier cree : source/repos/Api_SIM--SF/ApiSIM--SF/.git/logs/refs/remotes
[2026-09-03 10:57:06] [SUCCESS] 📂 Dossier cree : source/repos/Api_SIM--SF/ApiSIM--SF/.git/refs/remotes/origin
[2026-09-03 10:57:08] [SUCCESS] 📂 Dossier cree : source/repos/Api_SIM--SF/ApiSIM--SF/bin/Debug/netcoreapp3.1/Credentials
[2026-09-03 10:57:09] [SUCCESS] 📂 Dossier cree : source/repos/Api_SIM--SF/ApiSIM--SF/bin/Debug/netcoreapp3.1/JsonFiles
[2026-09-03 10:57:11] [SUCCESS] 📂 Dossier cree : source/repos/Api_SIM--SF/ApiSIM--SF/bin/Debug/netcoreapp3.1/runtimes
[2026-09-03 10:57:13] [SUCCESS] 📂 Dossier cree : source/repos/Api_SIM--SF/ApiSIM--SF/obj/Debug/netcoreapp3.1/staticwebassets
[2026-09-03 10:57:14] [SUCCESS] 📂 Dossier cree : source/repos/BIM_SF/.git/logs/refs/remotes/origin
[2026-09-03 10:57:16] [SUCCESS] 📂 Dossier cree : source/repos/BIM_SSIS - Copie (2)/.git/logs/refs/remotes/origin
[2026-09-03 10:57:17] [SUCCESS] 📂 Dossier cree : source/repos/BIM_SSIS - Copie/.git/logs/refs/remotes/origin
[2026-09-03 10:57:19] [SUCCESS] 📂 Dossier cree : source/repos/BIM_SSIS test/.git/logs/refs/remotes/origin
[2026-09-03 10:57:20] [SUCCESS] 📂 Dossier cree : source/repos/BIM_SSIS V2/.git/logs/refs/remotes/origin
[2026-09-03 10:57:22] [SUCCESS] 📂 Dossier cree : source/repos/BIM_SSIS/.git/logs/refs/remotes/origin
[2026-09-03 10:57:23] [SUCCESS] 📂 Dossier cree : source/repos/Mol_Save_DataBase/.git/logs/refs/remotes/origin
[2026-09-03 10:57:25] [SUCCESS] 📂 Dossier cree : source/repos/Mol_Save_DataBase/packages/System.Data.Common.4.3.0/ref/netstandard1.2/de
[2026-09-03 10:57:26] [SUCCESS] 📂 Dossier cree : source/repos/Mol_Save_DataBase/packages/System.Data.Common.4.3.0/ref/netstandard1.2/es
[2026-09-03 10:57:28] [SUCCESS] 📂 Dossier cree : source/repos/Mol_Save_DataBase/packages/System.Data.Common.4.3.0/ref/netstandard1.2/fr
[2026-09-03 10:57:30] [SUCCESS] 📂 Dossier cree : source/repos/Mol_Save_DataBase/packages/System.Data.Common.4.3.0/ref/netstandard1.2/it
[2026-09-03 10:57:31] [SUCCESS] 📂 Dossier cree : source/repos/Mol_Save_DataBase/packages/System.Data.Common.4.3.0/ref/netstandard1.2/ja
[2026-09-03 10:57:33] [SUCCESS] 📂 Dossier cree : source/repos/Mol_Save_DataBase/packages/System.Data.Common.4.3.0/ref/netstandard1.2/ko
[2026-09-03 10:57:34] [SUCCESS] 📂 Dossier cree : source/repos/Mol_Save_DataBase/packages/System.Data.Common.4.3.0/ref/netstandard1.2/ru
[2026-09-03 10:57:35] [SUCCESS] 📂 Dossier cree : source/repos/Mol_Save_DataBase/packages/System.Data.Common.4.3.0/ref/netstandard1.2/zh-hans
[2026-09-03 10:57:37] [SUCCESS] 📂 Dossier cree : source/repos/Mol_Save_DataBase/packages/System.Data.Common.4.3.0/ref/netstandard1.2/zh-hant
[2026-09-03 10:57:39] [SUCCESS] 📂 Dossier cree : source/repos/Mol_Save_DataBase/packages/System.Data.Common.4.3.0/ref/portable-net451+win8+wp8+wpa81/de
[2026-09-03 10:57:40] [SUCCESS] 📂 Dossier cree : source/repos/Mol_Save_DataBase/packages/System.Data.Common.4.3.0/ref/portable-net451+win8+wp8+wpa81/es
[2026-09-03 10:57:42] [SUCCESS] 📂 Dossier cree : source/repos/Mol_Save_DataBase/packages/System.Data.Common.4.3.0/ref/portable-net451+win8+wp8+wpa81/fr
[2026-09-03 10:57:44] [SUCCESS] 📂 Dossier cree : source/repos/Mol_Save_DataBase/packages/System.Data.Common.4.3.0/ref/portable-net451+win8+wp8+wpa81/it
[2026-09-03 10:57:45] [SUCCESS] 📂 Dossier cree : source/repos/Mol_Save_DataBase/packages/System.Data.Common.4.3.0/ref/portable-net451+win8+wp8+wpa81/ja
[2026-09-03 10:57:47] [SUCCESS] 📂 Dossier cree : source/repos/Mol_Save_DataBase/packages/System.Data.Common.4.3.0/ref/portable-net451+win8+wp8+wpa81/ko
[2026-09-03 10:57:48] [SUCCESS] 📂 Dossier cree : source/repos/Mol_Save_DataBase/packages/System.Data.Common.4.3.0/ref/portable-net451+win8+wp8+wpa81/ru
[2026-09-03 10:57:50] [SUCCESS] 📂 Dossier cree : source/repos/Mol_Save_DataBase/packages/System.Data.Common.4.3.0/ref/portable-net451+win8+wp8+wpa81/zh-hans
[2026-09-03 10:57:52] [SUCCESS] 📂 Dossier cree : source/repos/Mol_Save_DataBase/packages/System.Data.Common.4.3.0/ref/portable-net451+win8+wp8+wpa81/zh-hant
[2026-09-03 10:57:53] [SUCCESS] 📂 Dossier cree : source/repos/Mol_Save_DataBase/packages/System.Security.AccessControl.5.0.0/ref/netstandard1.3/de
[2026-09-03 10:57:55] [SUCCESS] 📂 Dossier cree : source/repos/Mol_Save_DataBase/packages/System.Security.AccessControl.5.0.0/ref/netstandard1.3/es
[2026-09-03 10:57:56] [SUCCESS] 📂 Dossier cree : source/repos/Mol_Save_DataBase/packages/System.Security.AccessControl.5.0.0/ref/netstandard1.3/fr
[2026-09-03 10:57:58] [SUCCESS] 📂 Dossier cree : source/repos/Mol_Save_DataBase/packages/System.Security.AccessControl.5.0.0/ref/netstandard1.3/it
[2026-09-03 10:57:59] [SUCCESS] 📂 Dossier cree : source/repos/Mol_Save_DataBase/packages/System.Security.AccessControl.5.0.0/ref/netstandard1.3/ja
[2026-09-03 10:58:01] [SUCCESS] 📂 Dossier cree : source/repos/Mol_Save_DataBase/packages/System.Security.AccessControl.5.0.0/ref/netstandard1.3/ko
[2026-09-03 10:58:03] [SUCCESS] 📂 Dossier cree : source/repos/Mol_Save_DataBase/packages/System.Security.AccessControl.5.0.0/ref/netstandard1.3/ru
[2026-09-03 10:58:04] [SUCCESS] 📂 Dossier cree : source/repos/Mol_Save_DataBase/packages/System.Security.AccessControl.5.0.0/ref/netstandard1.3/zh-hans
[2026-09-03 10:58:06] [SUCCESS] 📂 Dossier cree : source/repos/Mol_Save_DataBase/packages/System.Security.AccessControl.5.0.0/ref/netstandard1.3/zh-hant
[2026-09-03 10:58:08] [SUCCESS] 📂 Dossier cree : source/repos/Mol_Save_DataBase/packages/System.Security.AccessControl.5.0.0/runtimes/win/lib
[2026-09-03 10:58:10] [SUCCESS] 📂 Dossier cree : source/repos/Mol_Save_DataBase/packages/System.Security.Principal.Windows.5.0.0/ref/netstandard1.3/de
[2026-09-03 10:58:12] [SUCCESS] 📂 Dossier cree : source/repos/Mol_Save_DataBase/packages/System.Security.Principal.Windows.5.0.0/ref/netstandard1.3/es
[2026-09-03 10:58:14] [SUCCESS] 📂 Dossier cree : source/repos/Mol_Save_DataBase/packages/System.Security.Principal.Windows.5.0.0/ref/netstandard1.3/fr
[2026-09-03 10:58:15] [SUCCESS] 📂 Dossier cree : source/repos/Mol_Save_DataBase/packages/System.Security.Principal.Windows.5.0.0/ref/netstandard1.3/it
[2026-09-03 10:58:17] [SUCCESS] 📂 Dossier cree : source/repos/Mol_Save_DataBase/packages/System.Security.Principal.Windows.5.0.0/ref/netstandard1.3/ja
[2026-09-03 10:58:18] [SUCCESS] 📂 Dossier cree : source/repos/Mol_Save_DataBase/packages/System.Security.Principal.Windows.5.0.0/ref/netstandard1.3/ko
[2026-09-03 10:58:20] [SUCCESS] 📂 Dossier cree : source/repos/Mol_Save_DataBase/packages/System.Security.Principal.Windows.5.0.0/ref/netstandard1.3/ru
[2026-09-03 10:58:21] [SUCCESS] 📂 Dossier cree : source/repos/Mol_Save_DataBase/packages/System.Security.Principal.Windows.5.0.0/ref/netstandard1.3/zh-hans
[2026-09-03 10:58:23] [SUCCESS] 📂 Dossier cree : source/repos/Mol_Save_DataBase/packages/System.Security.Principal.Windows.5.0.0/ref/netstandard1.3/zh-hant
[2026-09-03 10:58:25] [SUCCESS] 📂 Dossier cree : source/repos/Mol_Save_DataBase/packages/System.Security.Principal.Windows.5.0.0/runtimes/unix/lib
[2026-09-03 10:58:27] [SUCCESS] 📂 Dossier cree : source/repos/Mol_Save_DataBase/packages/System.Security.Principal.Windows.5.0.0/runtimes/win/lib
[2026-09-03 10:58:28] [SUCCESS] 📂 Dossier cree : source/repos/pokemonDiamant/.git/logs/refs/remotes/origin
[2026-09-03 10:58:30] [SUCCESS] 📂 Dossier cree : source/repos/pokemonDiamant/packages/Microsoft.AspNet.Mvc.5.2.7/lib/net45/fr
[2026-09-03 10:58:31] [SUCCESS] 📂 Dossier cree : source/repos/pokemonDiamant/packages/Microsoft.AspNet.Mvc.fr.5.2.7/lib/net45/fr
[2026-09-03 10:58:34] [SUCCESS] 📂 Dossier cree : source/repos/pokemonDiamant/packages/Microsoft.AspNet.Razor.3.2.7/lib/net45/fr
[2026-09-03 10:58:35] [SUCCESS] 📂 Dossier cree : source/repos/pokemonDiamant/packages/Microsoft.AspNet.Razor.fr.3.2.7/lib/net45/fr
[2026-09-03 10:58:37] [SUCCESS] 📂 Dossier cree : source/repos/pokemonDiamant/packages/Microsoft.AspNet.Web.Optimization.1.1.3/lib/net40/fr
[2026-09-03 10:58:38] [SUCCESS] 📂 Dossier cree : source/repos/pokemonDiamant/packages/Microsoft.AspNet.Web.Optimization.fr.1.1.3/lib/net40/fr
[2026-09-03 10:58:40] [SUCCESS] 📂 Dossier cree : source/repos/pokemonDiamant/packages/Microsoft.AspNet.WebPages.3.2.7/lib/net45/fr
[2026-09-03 10:58:41] [SUCCESS] 📂 Dossier cree : source/repos/pokemonDiamant/packages/Microsoft.AspNet.WebPages.fr.3.2.7/lib/net45/fr
[2026-09-03 10:58:43] [SUCCESS] 📂 Dossier cree : source/repos/pokemonDiamant/packages/System.IO.FileSystem.4.3.0/ref/netstandard1.3/de
[2026-09-03 10:58:44] [SUCCESS] 📂 Dossier cree : source/repos/pokemonDiamant/packages/System.IO.FileSystem.4.3.0/ref/netstandard1.3/es
[2026-09-03 10:58:46] [SUCCESS] 📂 Dossier cree : source/repos/pokemonDiamant/packages/System.IO.FileSystem.4.3.0/ref/netstandard1.3/fr
[2026-09-03 10:58:48] [SUCCESS] 📂 Dossier cree : source/repos/pokemonDiamant/packages/System.IO.FileSystem.4.3.0/ref/netstandard1.3/it
[2026-09-03 10:58:50] [SUCCESS] 📂 Dossier cree : source/repos/pokemonDiamant/packages/System.IO.FileSystem.4.3.0/ref/netstandard1.3/ja
[2026-09-03 10:58:52] [SUCCESS] 📂 Dossier cree : source/repos/pokemonDiamant/packages/System.IO.FileSystem.4.3.0/ref/netstandard1.3/ko
[2026-09-03 10:58:54] [SUCCESS] 📂 Dossier cree : source/repos/pokemonDiamant/packages/System.IO.FileSystem.4.3.0/ref/netstandard1.3/ru
[2026-09-03 10:58:56] [SUCCESS] 📂 Dossier cree : source/repos/pokemonDiamant/packages/System.IO.FileSystem.4.3.0/ref/netstandard1.3/zh-hans
[2026-09-03 10:58:58] [SUCCESS] 📂 Dossier cree : source/repos/pokemonDiamant/packages/System.IO.FileSystem.4.3.0/ref/netstandard1.3/zh-hant
[2026-09-03 10:59:00] [SUCCESS] 📂 Dossier cree : source/repos/pokemonDiamant/packages/System.IO.FileSystem.Primitives.4.3.0/ref/netstandard1.3/de
[2026-09-03 10:59:01] [SUCCESS] 📂 Dossier cree : source/repos/pokemonDiamant/packages/System.IO.FileSystem.Primitives.4.3.0/ref/netstandard1.3/es
[2026-09-03 10:59:03] [SUCCESS] 📂 Dossier cree : source/repos/pokemonDiamant/packages/System.IO.FileSystem.Primitives.4.3.0/ref/netstandard1.3/fr
[2026-09-03 10:59:05] [SUCCESS] 📂 Dossier cree : source/repos/pokemonDiamant/packages/System.IO.FileSystem.Primitives.4.3.0/ref/netstandard1.3/it
[2026-09-03 10:59:06] [SUCCESS] 📂 Dossier cree : source/repos/pokemonDiamant/packages/System.IO.FileSystem.Primitives.4.3.0/ref/netstandard1.3/ja
[2026-09-03 10:59:09] [SUCCESS] 📂 Dossier cree : source/repos/pokemonDiamant/packages/System.IO.FileSystem.Primitives.4.3.0/ref/netstandard1.3/ko
[2026-09-03 10:59:11] [SUCCESS] 📂 Dossier cree : source/repos/pokemonDiamant/packages/System.IO.FileSystem.Primitives.4.3.0/ref/netstandard1.3/ru
[2026-09-03 10:59:13] [SUCCESS] 📂 Dossier cree : source/repos/pokemonDiamant/packages/System.IO.FileSystem.Primitives.4.3.0/ref/netstandard1.3/zh-hans
[2026-09-03 10:59:15] [SUCCESS] 📂 Dossier cree : source/repos/pokemonDiamant/packages/System.IO.FileSystem.Primitives.4.3.0/ref/netstandard1.3/zh-hant
[2026-09-03 10:59:17] [SUCCESS] 📂 Dossier cree : source/repos/pokemonDiamant/packages/System.Text.Encodings.Web.6.0.0/runtimes/browser/lib
[2026-09-03 10:59:18] [SUCCESS] 📂 Dossier cree : source/repos/pokemonDiamant/packages/System.Text.Json.6.0.0/analyzers/dotnet/roslyn3.11
[2026-09-03 10:59:20] [SUCCESS] 📂 Dossier cree : source/repos/pokemonDiamant/packages/System.Text.Json.6.0.0/analyzers/dotnet/roslyn4.0
[2026-09-03 10:59:22] [SUCCESS] 📂 Dossier cree : source/repos/pokemonDiamant/pokemonDiamant/lib/bootstrap/scss/helpers
[2026-09-03 10:59:23] [SUCCESS] 📂 Dossier cree : source/repos/pokemonDiamant/pokemonDiamant/lib/bootstrap/scss/mixins
[2026-09-03 10:59:25] [SUCCESS] 📂 Dossier cree : source/repos/pokemonDiamant/pokemonDiamant/lib/bootstrap/scss/utilities
[2026-09-03 10:59:27] [SUCCESS] 📂 Dossier cree : source/repos/pokemonDiamant/pokemonDiamant/lib/bootstrap/scss/vendor
[2026-09-03 10:59:28] [SUCCESS] 📂 Dossier cree : source/repos/pokemonDiamant/pokemonDiamant/obj/Release/AspnetCompileMerge/Source
[2026-09-03 10:59:30] [SUCCESS] 📂 Dossier cree : source/repos/pokemonDiamant/pokemonDiamant/obj/Release/AspnetCompileMerge/TempBuildDir
[2026-09-03 10:59:31] [SUCCESS] 📂 Dossier cree : source/repos/pokemonDiamant/pokemonDiamant/obj/Release/Package/PackageTmp
[2026-09-03 10:59:33] [SUCCESS] 📂 Dossier cree : source/repos/pokemonDiamant/pokemonDiamant/obj/Release/ProfileTransformWebConfig/transformed
[2026-09-03 10:59:34] [SUCCESS] 📂 Dossier cree : source/repos/pokemonDiamant/pokemonDiamant/obj/Release/TransformWebConfig/assist
[2026-09-03 10:59:36] [SUCCESS] 📂 Dossier cree : source/repos/pokemonDiamant/pokemonDiamant/obj/Release/TransformWebConfig/original
[2026-09-03 10:59:38] [SUCCESS] 📂 Dossier cree : source/repos/pokemonDiamant/pokemonDiamant/obj/Release/TransformWebConfig/transformed
[2026-09-03 10:59:40] [SUCCESS] 📂 Dossier cree : source/repos/pouky/packages/Microsoft.AspNet.Mvc.5.2.7/lib/net45/fr
[2026-09-03 10:59:42] [SUCCESS] 📂 Dossier cree : source/repos/pouky/packages/Microsoft.AspNet.Mvc.fr.5.2.7/lib/net45/fr
[2026-09-03 10:59:44] [SUCCESS] 📂 Dossier cree : source/repos/pouky/packages/Microsoft.AspNet.Razor.3.2.7/lib/net45/fr
[2026-09-03 10:59:45] [SUCCESS] 📂 Dossier cree : source/repos/pouky/packages/Microsoft.AspNet.Razor.fr.3.2.7/lib/net45/fr
[2026-09-03 10:59:47] [SUCCESS] 📂 Dossier cree : source/repos/pouky/packages/Microsoft.AspNet.Web.Optimization.1.1.3/lib/net40/fr
[2026-09-03 10:59:48] [SUCCESS] 📂 Dossier cree : source/repos/pouky/packages/Microsoft.AspNet.Web.Optimization.fr.1.1.3/lib/net40/fr
[2026-09-03 10:59:50] [SUCCESS] 📂 Dossier cree : source/repos/pouky/packages/Microsoft.AspNet.WebPages.3.2.7/lib/net45/fr
[2026-09-03 10:59:51] [SUCCESS] 📂 Dossier cree : source/repos/pouky/packages/Microsoft.AspNet.WebPages.fr.3.2.7/lib/net45/fr
[2026-09-03 10:59:53] [SUCCESS] 📂 Dossier cree : source/repos/pouky/packages/System.Text.Encodings.Web.6.0.0/runtimes/browser/lib
[2026-09-03 10:59:54] [SUCCESS] 📂 Dossier cree : source/repos/pouky/packages/System.Text.Json.6.0.0/analyzers/dotnet/roslyn3.11
[2026-09-03 10:59:56] [SUCCESS] 📂 Dossier cree : source/repos/pouky/packages/System.Text.Json.6.0.0/analyzers/dotnet/roslyn4.0
[2026-09-03 10:59:57] [SUCCESS] 📂 Dossier cree : source/repos/poukymon/packages/bootstrap.5.2.2/contentFiles/any/any
[2026-09-03 10:59:59] [SUCCESS] 📂 Dossier cree : source/repos/poukymon/packages/Microsoft.AspNet.Mvc.5.2.7/lib/net45/fr
[2026-09-03 11:00:00] [SUCCESS] 📂 Dossier cree : source/repos/poukymon/packages/Microsoft.AspNet.Mvc.fr.5.2.7/lib/net45/fr
[2026-09-03 11:00:02] [SUCCESS] 📂 Dossier cree : source/repos/poukymon/packages/Microsoft.AspNet.Razor.3.2.7/lib/net45/fr
[2026-09-03 11:00:04] [SUCCESS] 📂 Dossier cree : source/repos/poukymon/packages/Microsoft.AspNet.Razor.fr.3.2.7/lib/net45/fr
[2026-09-03 11:00:06] [SUCCESS] 📂 Dossier cree : source/repos/poukymon/packages/Microsoft.AspNet.Web.Optimization.1.1.3/lib/net40/fr
[2026-09-03 11:00:07] [SUCCESS] 📂 Dossier cree : source/repos/poukymon/packages/Microsoft.AspNet.Web.Optimization.fr.1.1.3/lib/net40/fr
[2026-09-03 11:00:09] [SUCCESS] 📂 Dossier cree : source/repos/poukymon/packages/Microsoft.AspNet.WebPages.3.2.7/lib/net45/fr
[2026-09-03 11:00:11] [SUCCESS] 📂 Dossier cree : source/repos/poukymon/packages/Microsoft.AspNet.WebPages.fr.3.2.7/lib/net45/fr
[2026-09-03 11:00:13] [SUCCESS] 📂 Dossier cree : source/repos/poukymon/packages/System.Text.Encodings.Web.6.0.0/runtimes/browser/lib
[2026-09-03 11:00:15] [SUCCESS] 📂 Dossier cree : source/repos/poukymon/packages/System.Text.Json.6.0.0/analyzers/dotnet/roslyn3.11
[2026-09-03 11:00:16] [SUCCESS] 📂 Dossier cree : source/repos/poukymon/packages/System.Text.Json.6.0.0/analyzers/dotnet/roslyn4.0
[2026-09-03 11:00:18] [SUCCESS] 📂 Dossier cree : source/repos/poukymon/poukymon/lib/bootstrap/scss/helpers
[2026-09-03 11:00:20] [SUCCESS] 📂 Dossier cree : source/repos/poukymon/poukymon/lib/bootstrap/scss/mixins
[2026-09-03 11:00:22] [SUCCESS] 📂 Dossier cree : source/repos/poukymon/poukymon/lib/bootstrap/scss/utilities
[2026-09-03 11:00:24] [SUCCESS] 📂 Dossier cree : source/repos/poukymon/poukymon/lib/bootstrap/scss/vendor
[2026-09-03 11:00:26] [SUCCESS] 📂 Dossier cree : source/repos/SF_VIEWER_AO_SIM/.git/logs/refs/remotes/origin
[2026-09-03 11:00:28] [SUCCESS] 📂 Dossier cree : source/repos/SF_VIEWER_AO_SIM/packages/Microsoft.AspNet.FriendlyUrls.Core.1.0.2/lib/net40/fr
[2026-09-03 11:00:30] [SUCCESS] 📂 Dossier cree : source/repos/SF_VIEWER_AO_SIM/packages/Microsoft.AspNet.FriendlyUrls.Core.1.0.2/lib/net45/fr
[2026-09-03 11:00:33] [SUCCESS] 📂 Dossier cree : source/repos/SF_VIEWER_AO_SIM/packages/Microsoft.AspNet.FriendlyUrls.Core.fr.1.0.2/lib/net40/fr
[2026-09-03 11:00:34] [SUCCESS] 📂 Dossier cree : source/repos/SF_VIEWER_AO_SIM/packages/Microsoft.AspNet.FriendlyUrls.Core.fr.1.0.2/lib/net45/fr
[2026-09-03 11:00:36] [SUCCESS] 📂 Dossier cree : source/repos/SF_VIEWER_AO_SIM/packages/Microsoft.AspNet.ScriptManager.MSAjax.5.0.0/content/Scripts/WebForms
[2026-09-03 11:00:37] [SUCCESS] 📂 Dossier cree : source/repos/SF_VIEWER_AO_SIM/packages/Microsoft.AspNet.ScriptManager.WebForms.5.0.0/content/Scripts/WebForms
[2026-09-03 11:00:39] [SUCCESS] 📂 Dossier cree : source/repos/SF_VIEWER_AO_SIM/packages/Microsoft.AspNet.Web.Optimization.1.1.3/lib/net40/fr
[2026-09-03 11:00:40] [SUCCESS] 📂 Dossier cree : source/repos/SF_VIEWER_AO_SIM/packages/Microsoft.AspNet.Web.Optimization.fr.1.1.3/lib/net40/fr
[2026-09-03 11:00:42] [SUCCESS] 📂 Dossier cree : source/repos/SF_VIEWER_AO_SIM/packages/System.Text.Encodings.Web.6.0.0/runtimes/browser/lib
[2026-09-03 11:00:44] [SUCCESS] 📂 Dossier cree : source/repos/SF_VIEWER_AO_SIM/packages/System.Text.Json.6.0.0/analyzers/dotnet/roslyn3.11
[2026-09-03 11:00:46] [SUCCESS] 📂 Dossier cree : source/repos/SF_VIEWER_AO_SIM/packages/System.Text.Json.6.0.0/analyzers/dotnet/roslyn4.0
[2026-09-03 11:00:48] [SUCCESS] 📂 Dossier cree : source/repos/SF_VIEWER_AO_SIM/SF_VIEWER_AO_SIM/obj/Release/Package/PackageTmp
[2026-09-03 11:00:49] [SUCCESS] 📂 Dossier cree : source/repos/SF_VIEWER_AO_SIM/SF_VIEWER_AO_SIM/obj/Release/ProfileTransformWebConfig/transformed
[2026-09-03 11:00:51] [SUCCESS] 📂 Dossier cree : source/repos/SF_VIEWER_AO_SIM/SF_VIEWER_AO_SIM/obj/Release/TransformWebConfig/assist
[2026-09-03 11:00:53] [SUCCESS] 📂 Dossier cree : source/repos/SF_VIEWER_AO_SIM/SF_VIEWER_AO_SIM/obj/Release/TransformWebConfig/original
[2026-09-03 11:00:54] [SUCCESS] 📂 Dossier cree : source/repos/SF_VIEWER_AO_SIM/SF_VIEWER_AO_SIM/obj/Release/TransformWebConfig/transformed
[2026-09-03 11:00:56] [SUCCESS] 📂 Dossier cree : source/repos/srv_listener_folder/.git/logs/refs/remotes/origin
[2026-09-03 11:00:57] [SUCCESS] 📂 Dossier cree : source/repos/srv_listener_folder/packages/System.Security.AccessControl.6.0.0/runtimes/win/lib
[2026-09-03 11:00:59] [SUCCESS] 📂 Dossier cree : source/repos/srv_listener_folder/packages/System.Security.Principal.Windows.5.0.0/ref/netstandard1.3/de
[2026-09-03 11:01:01] [SUCCESS] 📂 Dossier cree : source/repos/srv_listener_folder/packages/System.Security.Principal.Windows.5.0.0/ref/netstandard1.3/es
[2026-09-03 11:01:03] [SUCCESS] 📂 Dossier cree : source/repos/srv_listener_folder/packages/System.Security.Principal.Windows.5.0.0/ref/netstandard1.3/fr
[2026-09-03 11:01:05] [SUCCESS] 📂 Dossier cree : source/repos/srv_listener_folder/packages/System.Security.Principal.Windows.5.0.0/ref/netstandard1.3/it
[2026-09-03 11:01:07] [SUCCESS] 📂 Dossier cree : source/repos/srv_listener_folder/packages/System.Security.Principal.Windows.5.0.0/ref/netstandard1.3/ja
[2026-09-03 11:01:08] [SUCCESS] 📂 Dossier cree : source/repos/srv_listener_folder/packages/System.Security.Principal.Windows.5.0.0/ref/netstandard1.3/ko
[2026-09-03 11:01:10] [SUCCESS] 📂 Dossier cree : source/repos/srv_listener_folder/packages/System.Security.Principal.Windows.5.0.0/ref/netstandard1.3/ru
[2026-09-03 11:01:11] [SUCCESS] 📂 Dossier cree : source/repos/srv_listener_folder/packages/System.Security.Principal.Windows.5.0.0/ref/netstandard1.3/zh-hans
[2026-09-03 11:01:13] [SUCCESS] 📂 Dossier cree : source/repos/srv_listener_folder/packages/System.Security.Principal.Windows.5.0.0/ref/netstandard1.3/zh-hant
[2026-09-03 11:01:14] [SUCCESS] 📂 Dossier cree : source/repos/srv_listener_folder/packages/System.Security.Principal.Windows.5.0.0/runtimes/unix/lib
[2026-09-03 11:01:16] [SUCCESS] 📂 Dossier cree : source/repos/srv_listener_folder/packages/System.Security.Principal.Windows.5.0.0/runtimes/win/lib
[2026-09-03 11:01:18] [SUCCESS] 📂 Dossier cree : source/repos/srv_listener_folder/packages/System.Text.Encodings.Web.6.0.0/runtimes/browser/lib
[2026-09-03 11:01:21] [SUCCESS] 📂 Dossier cree : source/repos/srv_listener_folder/packages/System.Text.Json.6.0.0/analyzers/dotnet/roslyn3.11
[2026-09-03 11:01:23] [SUCCESS] 📂 Dossier cree : source/repos/srv_listener_folder/packages/System.Text.Json.6.0.0/analyzers/dotnet/roslyn4.0
[2026-09-03 11:01:25] [SUCCESS] 📂 Dossier cree : source/repos/srv_listener_folder/SF_VIEWER_AO_SIM/.git/logs/refs/heads
[2026-09-03 11:01:28] [SUCCESS] 📂 Dossier cree : source/repos/srv_listener_folder/SF_VIEWER_AO_SIM/.git/logs/refs/remotes
[2026-09-03 11:01:29] [SUCCESS] 📂 Dossier cree : source/repos/srv_listener_folder/SF_VIEWER_AO_SIM/.git/refs/remotes/origin
[2026-09-03 11:01:31] [SUCCESS] 📂 Dossier cree : source/repos/srv_listener_folder/SF_VIEWER_AO_SIM/.vs/SF_VIEWER_AO_SIM/FileContentIndex/merges
[2026-09-03 11:01:32] [SUCCESS] 📂 Dossier cree : source/repos/srv_listener_folder/SF_VIEWER_AO_SIM/packages/AspNet.ScriptManager.bootstrap.3.4.1/lib/net40
[2026-09-03 11:01:34] [SUCCESS] 📂 Dossier cree : source/repos/srv_listener_folder/SF_VIEWER_AO_SIM/packages/AspNet.ScriptManager.bootstrap.3.4.1/lib/net45
[2026-09-03 11:01:36] [SUCCESS] 📂 Dossier cree : source/repos/srv_listener_folder/SF_VIEWER_AO_SIM/packages/AspNet.ScriptManager.jQuery.3.4.1/lib/net40
[2026-09-03 11:01:37] [SUCCESS] 📂 Dossier cree : source/repos/srv_listener_folder/SF_VIEWER_AO_SIM/packages/AspNet.ScriptManager.jQuery.3.4.1/lib/net45
[2026-09-03 11:01:39] [SUCCESS] 📂 Dossier cree : source/repos/srv_listener_folder/SF_VIEWER_AO_SIM/packages/bootstrap.3.4.1/content/Content
[2026-09-03 11:01:41] [SUCCESS] 📂 Dossier cree : source/repos/srv_listener_folder/SF_VIEWER_AO_SIM/packages/bootstrap.3.4.1/content/fonts
[2026-09-03 11:01:42] [SUCCESS] 📂 Dossier cree : source/repos/srv_listener_folder/SF_VIEWER_AO_SIM/packages/bootstrap.3.4.1/content/Scripts
[2026-09-03 11:01:44] [SUCCESS] 📂 Dossier cree : source/repos/srv_listener_folder/SF_VIEWER_AO_SIM/packages/bootstrap.3.4.1/contentFiles/Content
[2026-09-03 11:01:46] [SUCCESS] 📂 Dossier cree : source/repos/srv_listener_folder/SF_VIEWER_AO_SIM/packages/bootstrap.3.4.1/contentFiles/fonts
[2026-09-03 11:01:47] [SUCCESS] 📂 Dossier cree : source/repos/srv_listener_folder/SF_VIEWER_AO_SIM/packages/bootstrap.3.4.1/contentFiles/Scripts
[2026-09-03 11:01:49] [SUCCESS] 📂 Dossier cree : source/repos/srv_listener_folder/SF_VIEWER_AO_SIM/packages/jQuery.3.4.1/Content/Scripts
[2026-09-03 11:01:50] [SUCCESS] 📂 Dossier cree : source/repos/srv_listener_folder/SF_VIEWER_AO_SIM/packages/Microsoft.AspNet.FriendlyUrls.1.0.2/Content/App_Start
[2026-09-03 11:01:52] [SUCCESS] 📂 Dossier cree : source/repos/srv_listener_folder/SF_VIEWER_AO_SIM/packages/Microsoft.AspNet.FriendlyUrls.Core.1.0.2/lib/net40
[2026-09-03 11:01:53] [SUCCESS] 📂 Dossier cree : source/repos/srv_listener_folder/SF_VIEWER_AO_SIM/packages/Microsoft.AspNet.FriendlyUrls.Core.1.0.2/lib/net45
[2026-09-03 11:01:55] [SUCCESS] 📂 Dossier cree : source/repos/srv_listener_folder/SF_VIEWER_AO_SIM/packages/Microsoft.AspNet.FriendlyUrls.Core.fr.1.0.2/lib/net40
[2026-09-03 11:01:56] [SUCCESS] 📂 Dossier cree : source/repos/srv_listener_folder/SF_VIEWER_AO_SIM/packages/Microsoft.AspNet.FriendlyUrls.Core.fr.1.0.2/lib/net45
[2026-09-03 11:01:58] [SUCCESS] 📂 Dossier cree : source/repos/srv_listener_folder/SF_VIEWER_AO_SIM/packages/Microsoft.AspNet.ScriptManager.MSAjax.5.0.0/content/Scripts
[2026-09-03 11:01:59] [SUCCESS] 📂 Dossier cree : source/repos/srv_listener_folder/SF_VIEWER_AO_SIM/packages/Microsoft.AspNet.ScriptManager.MSAjax.5.0.0/lib/net45
[2026-09-03 11:02:01] [SUCCESS] 📂 Dossier cree : source/repos/srv_listener_folder/SF_VIEWER_AO_SIM/packages/Microsoft.AspNet.ScriptManager.WebForms.5.0.0/content/Scripts
[2026-09-03 11:02:03] [SUCCESS] 📂 Dossier cree : source/repos/srv_listener_folder/SF_VIEWER_AO_SIM/packages/Microsoft.AspNet.ScriptManager.WebForms.5.0.0/lib/net45
[2026-09-03 11:02:04] [SUCCESS] 📂 Dossier cree : source/repos/srv_listener_folder/SF_VIEWER_AO_SIM/packages/Microsoft.AspNet.Web.Optimization.1.1.3/lib/net40
[2026-09-03 11:02:06] [SUCCESS] 📂 Dossier cree : source/repos/srv_listener_folder/SF_VIEWER_AO_SIM/packages/Microsoft.AspNet.Web.Optimization.fr.1.1.3/lib/net40
[2026-09-03 11:02:07] [SUCCESS] 📂 Dossier cree : source/repos/srv_listener_folder/SF_VIEWER_AO_SIM/packages/Microsoft.AspNet.Web.Optimization.WebForms.1.1.3/lib/net45
[2026-09-03 11:02:08] [SUCCESS] 📂 Dossier cree : source/repos/srv_listener_folder/SF_VIEWER_AO_SIM/packages/Microsoft.Bcl.AsyncInterfaces.6.0.0/lib/net461
[2026-09-03 11:02:10] [SUCCESS] 📂 Dossier cree : source/repos/srv_listener_folder/SF_VIEWER_AO_SIM/packages/Microsoft.Bcl.AsyncInterfaces.6.0.0/lib/netstandard2.0
[2026-09-03 11:02:11] [SUCCESS] 📂 Dossier cree : source/repos/srv_listener_folder/SF_VIEWER_AO_SIM/packages/Microsoft.Bcl.AsyncInterfaces.6.0.0/lib/netstandard2.1
[2026-09-03 11:02:14] [SUCCESS] 📂 Dossier cree : source/repos/srv_listener_folder/SF_VIEWER_AO_SIM/packages/Microsoft.CodeDom.Providers.DotNetCompilerPlatform.2.0.1/build/net45
[2026-09-03 11:02:15] [SUCCESS] 📂 Dossier cree : source/repos/srv_listener_folder/SF_VIEWER_AO_SIM/packages/Microsoft.CodeDom.Providers.DotNetCompilerPlatform.2.0.1/build/net46
[2026-09-03 11:02:17] [SUCCESS] 📂 Dossier cree : source/repos/srv_listener_folder/SF_VIEWER_AO_SIM/packages/Microsoft.CodeDom.Providers.DotNetCompilerPlatform.2.0.1/content/net45
[2026-09-03 11:02:18] [SUCCESS] 📂 Dossier cree : source/repos/srv_listener_folder/SF_VIEWER_AO_SIM/packages/Microsoft.CodeDom.Providers.DotNetCompilerPlatform.2.0.1/content/net46
[2026-09-03 11:02:20] [SUCCESS] 📂 Dossier cree : source/repos/srv_listener_folder/SF_VIEWER_AO_SIM/packages/Microsoft.CodeDom.Providers.DotNetCompilerPlatform.2.0.1/lib/net45
[2026-09-03 11:02:22] [SUCCESS] 📂 Dossier cree : source/repos/srv_listener_folder/SF_VIEWER_AO_SIM/packages/Microsoft.CodeDom.Providers.DotNetCompilerPlatform.2.0.1/tools/net45
[2026-09-03 11:02:23] [SUCCESS] 📂 Dossier cree : source/repos/srv_listener_folder/SF_VIEWER_AO_SIM/packages/Microsoft.CodeDom.Providers.DotNetCompilerPlatform.2.0.1/tools/Roslyn45
[2026-09-03 11:02:25] [SUCCESS] 📂 Dossier cree : source/repos/srv_listener_folder/SF_VIEWER_AO_SIM/packages/Microsoft.CodeDom.Providers.DotNetCompilerPlatform.2.0.1/tools/RoslynLatest
[2026-09-03 11:02:27] [SUCCESS] 📂 Dossier cree : source/repos/srv_listener_folder/SF_VIEWER_AO_SIM/packages/Microsoft.Web.Infrastructure.1.0.0.0/lib/net40
[2026-09-03 11:02:29] [SUCCESS] 📂 Dossier cree : source/repos/srv_listener_folder/SF_VIEWER_AO_SIM/packages/Modernizr.2.8.3/Content/Scripts
[2026-09-03 11:02:31] [SUCCESS] 📂 Dossier cree : source/repos/srv_listener_folder/SF_VIEWER_AO_SIM/packages/Newtonsoft.Json.12.0.2/lib/net20
[2026-09-03 11:02:33] [SUCCESS] 📂 Dossier cree : source/repos/srv_listener_folder/SF_VIEWER_AO_SIM/packages/Newtonsoft.Json.12.0.2/lib/net35
[2026-09-03 11:02:35] [SUCCESS] 📂 Dossier cree : source/repos/srv_listener_folder/SF_VIEWER_AO_SIM/packages/Newtonsoft.Json.12.0.2/lib/net40
[2026-09-03 11:02:36] [SUCCESS] 📂 Dossier cree : source/repos/srv_listener_folder/SF_VIEWER_AO_SIM/packages/Newtonsoft.Json.12.0.2/lib/net45
[2026-09-03 11:02:38] [SUCCESS] 📂 Dossier cree : source/repos/srv_listener_folder/SF_VIEWER_AO_SIM/packages/Newtonsoft.Json.12.0.2/lib/netstandard1.0
[2026-09-03 11:02:39] [SUCCESS] 📂 Dossier cree : source/repos/srv_listener_folder/SF_VIEWER_AO_SIM/packages/Newtonsoft.Json.12.0.2/lib/netstandard1.3
[2026-09-03 11:02:42] [SUCCESS] 📂 Dossier cree : source/repos/srv_listener_folder/SF_VIEWER_AO_SIM/packages/Newtonsoft.Json.12.0.2/lib/netstandard2.0
[2026-09-03 11:02:44] [SUCCESS] 📂 Dossier cree : source/repos/srv_listener_folder/SF_VIEWER_AO_SIM/packages/Newtonsoft.Json.12.0.2/lib/portable-net40+sl5+win8+wp8+wpa81
[2026-09-03 11:02:46] [SUCCESS] 📂 Dossier cree : source/repos/srv_listener_folder/SF_VIEWER_AO_SIM/packages/Newtonsoft.Json.12.0.2/lib/portable-net45+win8+wp8+wpa81
[2026-09-03 11:02:48] [SUCCESS] 📂 Dossier cree : source/repos/srv_listener_folder/SF_VIEWER_AO_SIM/packages/Oracle.ManagedDataAccess.21.9.0/bin/x64
[2026-09-03 11:02:49] [SUCCESS] 📂 Dossier cree : source/repos/srv_listener_folder/SF_VIEWER_AO_SIM/packages/Oracle.ManagedDataAccess.21.9.0/bin/x86
[2026-09-03 11:02:51] [SUCCESS] 📂 Dossier cree : source/repos/srv_listener_folder/SF_VIEWER_AO_SIM/packages/Oracle.ManagedDataAccess.21.9.0/content/net462
[2026-09-03 11:02:52] [SUCCESS] 📂 Dossier cree : source/repos/srv_listener_folder/SF_VIEWER_AO_SIM/packages/Oracle.ManagedDataAccess.21.9.0/lib/net462
[2026-09-03 11:02:54] [SUCCESS] 📂 Dossier cree : source/repos/srv_listener_folder/SF_VIEWER_AO_SIM/packages/System.Buffers.4.5.1/lib/net461
[2026-09-03 11:02:55] [SUCCESS] 📂 Dossier cree : source/repos/srv_listener_folder/SF_VIEWER_AO_SIM/packages/System.Buffers.4.5.1/lib/netcoreapp2.0
[2026-09-03 11:02:57] [SUCCESS] 📂 Dossier cree : source/repos/srv_listener_folder/SF_VIEWER_AO_SIM/packages/System.Buffers.4.5.1/lib/netstandard1.1
[2026-09-03 11:02:58] [SUCCESS] 📂 Dossier cree : source/repos/srv_listener_folder/SF_VIEWER_AO_SIM/packages/System.Buffers.4.5.1/lib/netstandard2.0
[2026-09-03 11:03:01] [SUCCESS] 📂 Dossier cree : source/repos/srv_listener_folder/SF_VIEWER_AO_SIM/packages/System.Buffers.4.5.1/lib/uap10.0.16299
[2026-09-03 11:03:02] [SUCCESS] 📂 Dossier cree : source/repos/srv_listener_folder/SF_VIEWER_AO_SIM/packages/System.Buffers.4.5.1/ref/net45
[2026-09-03 11:03:04] [SUCCESS] 📂 Dossier cree : source/repos/srv_listener_folder/SF_VIEWER_AO_SIM/packages/System.Buffers.4.5.1/ref/netcoreapp2.0
[2026-09-03 11:03:05] [SUCCESS] 📂 Dossier cree : source/repos/srv_listener_folder/SF_VIEWER_AO_SIM/packages/System.Buffers.4.5.1/ref/netstandard1.1
[2026-09-03 11:03:08] [SUCCESS] 📂 Dossier cree : source/repos/srv_listener_folder/SF_VIEWER_AO_SIM/packages/System.Buffers.4.5.1/ref/netstandard2.0
[2026-09-03 11:03:10] [SUCCESS] 📂 Dossier cree : source/repos/srv_listener_folder/SF_VIEWER_AO_SIM/packages/System.Buffers.4.5.1/ref/uap10.0.16299
[2026-09-03 11:03:11] [SUCCESS] 📂 Dossier cree : source/repos/srv_listener_folder/SF_VIEWER_AO_SIM/packages/System.Memory.4.5.4/lib/net461
[2026-09-03 11:03:13] [SUCCESS] 📂 Dossier cree : source/repos/srv_listener_folder/SF_VIEWER_AO_SIM/packages/System.Memory.4.5.4/lib/netcoreapp2.1
[2026-09-03 11:03:14] [SUCCESS] 📂 Dossier cree : source/repos/srv_listener_folder/SF_VIEWER_AO_SIM/packages/System.Memory.4.5.4/lib/netstandard1.1
[2026-09-03 11:03:16] [SUCCESS] 📂 Dossier cree : source/repos/srv_listener_folder/SF_VIEWER_AO_SIM/packages/System.Memory.4.5.4/lib/netstandard2.0
[2026-09-03 11:03:17] [SUCCESS] 📂 Dossier cree : source/repos/srv_listener_folder/SF_VIEWER_AO_SIM/packages/System.Memory.4.5.4/ref/netcoreapp2.1
[2026-09-03 11:03:19] [SUCCESS] 📂 Dossier cree : source/repos/srv_listener_folder/SF_VIEWER_AO_SIM/packages/System.Numerics.Vectors.4.5.0/lib/MonoAndroid10
[2026-09-03 11:03:20] [SUCCESS] 📂 Dossier cree : source/repos/srv_listener_folder/SF_VIEWER_AO_SIM/packages/System.Numerics.Vectors.4.5.0/lib/MonoTouch10
[2026-09-03 11:03:23] [SUCCESS] 📂 Dossier cree : source/repos/srv_listener_folder/SF_VIEWER_AO_SIM/packages/System.Numerics.Vectors.4.5.0/lib/net46
[2026-09-03 11:03:24] [SUCCESS] 📂 Dossier cree : source/repos/srv_listener_folder/SF_VIEWER_AO_SIM/packages/System.Numerics.Vectors.4.5.0/lib/netcoreapp2.0
[2026-09-03 11:03:26] [SUCCESS] 📂 Dossier cree : source/repos/srv_listener_folder/SF_VIEWER_AO_SIM/packages/System.Numerics.Vectors.4.5.0/lib/netstandard1.0
[2026-09-03 11:03:27] [SUCCESS] Token Graph obtenu pour tenant 2eea08b8-1972-447b-ad43-d044d042500a
[2026-09-03 11:03:27] [SUCCESS] 📂 Dossier cree : source/repos/srv_listener_folder/SF_VIEWER_AO_SIM/packages/System.Numerics.Vectors.4.5.0/lib/netstandard2.0
[2026-09-03 11:03:29] [SUCCESS] 📂 Dossier cree : source/repos/srv_listener_folder/SF_VIEWER_AO_SIM/packages/System.Numerics.Vectors.4.5.0/lib/portable-net45+win8+wp8+wpa81
[2026-09-03 11:03:32] [SUCCESS] 📂 Dossier cree : source/repos/srv_listener_folder/SF_VIEWER_AO_SIM/packages/System.Numerics.Vectors.4.5.0/lib/uap10.0.16299
[2026-09-03 11:03:34] [SUCCESS] 📂 Dossier cree : source/repos/srv_listener_folder/SF_VIEWER_AO_SIM/packages/System.Numerics.Vectors.4.5.0/lib/xamarinios10
[2026-09-03 11:03:35] [SUCCESS] 📂 Dossier cree : source/repos/srv_listener_folder/SF_VIEWER_AO_SIM/packages/System.Numerics.Vectors.4.5.0/lib/xamarinmac20
[2026-09-03 11:03:37] [SUCCESS] 📂 Dossier cree : source/repos/srv_listener_folder/SF_VIEWER_AO_SIM/packages/System.Numerics.Vectors.4.5.0/lib/xamarintvos10
[2026-09-03 11:03:39] [SUCCESS] 📂 Dossier cree : source/repos/srv_listener_folder/SF_VIEWER_AO_SIM/packages/System.Numerics.Vectors.4.5.0/lib/xamarinwatchos10
[2026-09-03 11:03:40] [SUCCESS] 📂 Dossier cree : source/repos/srv_listener_folder/SF_VIEWER_AO_SIM/packages/System.Numerics.Vectors.4.5.0/ref/MonoAndroid10
[2026-09-03 11:03:42] [SUCCESS] 📂 Dossier cree : source/repos/srv_listener_folder/SF_VIEWER_AO_SIM/packages/System.Numerics.Vectors.4.5.0/ref/MonoTouch10
[2026-09-03 11:03:43] [SUCCESS] 📂 Dossier cree : source/repos/srv_listener_folder/SF_VIEWER_AO_SIM/packages/System.Numerics.Vectors.4.5.0/ref/net45
[2026-09-03 11:03:46] [SUCCESS] 📂 Dossier cree : source/repos/srv_listener_folder/SF_VIEWER_AO_SIM/packages/System.Numerics.Vectors.4.5.0/ref/net46
[2026-09-03 11:03:47] [SUCCESS] 📂 Dossier cree : source/repos/srv_listener_folder/SF_VIEWER_AO_SIM/packages/System.Numerics.Vectors.4.5.0/ref/netcoreapp2.0
[2026-09-03 11:03:49] [SUCCESS] 📂 Dossier cree : source/repos/srv_listener_folder/SF_VIEWER_AO_SIM/packages/System.Numerics.Vectors.4.5.0/ref/netstandard1.0
[2026-09-03 11:03:50] [SUCCESS] 📂 Dossier cree : source/repos/srv_listener_folder/SF_VIEWER_AO_SIM/packages/System.Numerics.Vectors.4.5.0/ref/netstandard2.0
[2026-09-03 11:03:53] [SUCCESS] 📂 Dossier cree : source/repos/srv_listener_folder/SF_VIEWER_AO_SIM/packages/System.Numerics.Vectors.4.5.0/ref/uap10.0.16299
[2026-09-03 11:03:55] [SUCCESS] 📂 Dossier cree : source/repos/srv_listener_folder/SF_VIEWER_AO_SIM/packages/System.Numerics.Vectors.4.5.0/ref/xamarinios10
[2026-09-03 11:03:57] [SUCCESS] 📂 Dossier cree : source/repos/srv_listener_folder/SF_VIEWER_AO_SIM/packages/System.Numerics.Vectors.4.5.0/ref/xamarinmac20
[2026-09-03 11:03:59] [SUCCESS] 📂 Dossier cree : source/repos/srv_listener_folder/SF_VIEWER_AO_SIM/packages/System.Numerics.Vectors.4.5.0/ref/xamarintvos10
[2026-09-03 11:04:00] [SUCCESS] 📂 Dossier cree : source/repos/srv_listener_folder/SF_VIEWER_AO_SIM/packages/System.Numerics.Vectors.4.5.0/ref/xamarinwatchos10
[2026-09-03 11:04:02] [SUCCESS] 📂 Dossier cree : source/repos/srv_listener_folder/SF_VIEWER_AO_SIM/packages/System.Runtime.CompilerServices.Unsafe.6.0.0/buildTransitive/netcoreapp2.0
[2026-09-03 11:04:03] [SUCCESS] 📂 Dossier cree : source/repos/srv_listener_folder/SF_VIEWER_AO_SIM/packages/System.Runtime.CompilerServices.Unsafe.6.0.0/buildTransitive/netcoreapp3.1
[2026-09-03 11:04:05] [SUCCESS] 📂 Dossier cree : source/repos/srv_listener_folder/SF_VIEWER_AO_SIM/packages/System.Runtime.CompilerServices.Unsafe.6.0.0/lib/net461
[2026-09-03 11:04:06] [SUCCESS] 📂 Dossier cree : source/repos/srv_listener_folder/SF_VIEWER_AO_SIM/packages/System.Runtime.CompilerServices.Unsafe.6.0.0/lib/net6.0
[2026-09-03 11:04:08] [SUCCESS] 📂 Dossier cree : source/repos/srv_listener_folder/SF_VIEWER_AO_SIM/packages/System.Runtime.CompilerServices.Unsafe.6.0.0/lib/netcoreapp3.1
[2026-09-03 11:04:09] [SUCCESS] 📂 Dossier cree : source/repos/srv_listener_folder/SF_VIEWER_AO_SIM/packages/System.Runtime.CompilerServices.Unsafe.6.0.0/lib/netstandard2.0
[2026-09-03 11:04:11] [SUCCESS] 📂 Dossier cree : source/repos/srv_listener_folder/SF_VIEWER_AO_SIM/packages/System.Text.Encodings.Web.6.0.0/buildTransitive/netcoreapp2.0
[2026-09-03 11:04:13] [SUCCESS] 📂 Dossier cree : source/repos/srv_listener_folder/SF_VIEWER_AO_SIM/packages/System.Text.Encodings.Web.6.0.0/buildTransitive/netcoreapp3.1
[2026-09-03 11:04:15] [SUCCESS] 📂 Dossier cree : source/repos/srv_listener_folder/SF_VIEWER_AO_SIM/packages/System.Text.Encodings.Web.6.0.0/lib/net461
[2026-09-03 11:04:16] [SUCCESS] 📂 Dossier cree : source/repos/srv_listener_folder/SF_VIEWER_AO_SIM/packages/System.Text.Encodings.Web.6.0.0/lib/net6.0
[2026-09-03 11:04:18] [SUCCESS] 📂 Dossier cree : source/repos/srv_listener_folder/SF_VIEWER_AO_SIM/packages/System.Text.Encodings.Web.6.0.0/lib/netcoreapp3.1
[2026-09-03 11:04:20] [SUCCESS] 📂 Dossier cree : source/repos/srv_listener_folder/SF_VIEWER_AO_SIM/packages/System.Text.Encodings.Web.6.0.0/lib/netstandard2.0
[2026-09-03 11:04:21] [SUCCESS] 📂 Dossier cree : source/repos/srv_listener_folder/SF_VIEWER_AO_SIM/packages/System.Text.Encodings.Web.6.0.0/runtimes/browser
[2026-09-03 11:04:23] [SUCCESS] 📂 Dossier cree : source/repos/srv_listener_folder/SF_VIEWER_AO_SIM/packages/System.Text.Json.6.0.0/analyzers/dotnet
[2026-09-03 11:04:25] [SUCCESS] 📂 Dossier cree : source/repos/srv_listener_folder/SF_VIEWER_AO_SIM/packages/System.Text.Json.6.0.0/buildTransitive/netcoreapp2.0
[2026-09-03 11:04:27] [SUCCESS] 📂 Dossier cree : source/repos/srv_listener_folder/SF_VIEWER_AO_SIM/packages/System.Text.Json.6.0.0/buildTransitive/netcoreapp3.1
[2026-09-03 11:04:29] [SUCCESS] 📂 Dossier cree : source/repos/srv_listener_folder/SF_VIEWER_AO_SIM/packages/System.Text.Json.6.0.0/lib/net461
[2026-09-03 11:04:30] [SUCCESS] 📂 Dossier cree : source/repos/srv_listener_folder/SF_VIEWER_AO_SIM/packages/System.Text.Json.6.0.0/lib/net6.0
[2026-09-03 11:04:33] [SUCCESS] 📂 Dossier cree : source/repos/srv_listener_folder/SF_VIEWER_AO_SIM/packages/System.Text.Json.6.0.0/lib/netcoreapp3.1
[2026-09-03 11:04:34] [SUCCESS] 📂 Dossier cree : source/repos/srv_listener_folder/SF_VIEWER_AO_SIM/packages/System.Text.Json.6.0.0/lib/netstandard2.0
[2026-09-03 11:04:36] [SUCCESS] 📂 Dossier cree : source/repos/srv_listener_folder/SF_VIEWER_AO_SIM/packages/System.Threading.Tasks.Extensions.4.5.4/lib/MonoAndroid10
[2026-09-03 11:04:38] [SUCCESS] 📂 Dossier cree : source/repos/srv_listener_folder/SF_VIEWER_AO_SIM/packages/System.Threading.Tasks.Extensions.4.5.4/lib/MonoTouch10
[2026-09-03 11:04:39] [SUCCESS] 📂 Dossier cree : source/repos/srv_listener_folder/SF_VIEWER_AO_SIM/packages/System.Threading.Tasks.Extensions.4.5.4/lib/net461
[2026-09-03 11:04:41] [SUCCESS] 📂 Dossier cree : source/repos/srv_listener_folder/SF_VIEWER_AO_SIM/packages/System.Threading.Tasks.Extensions.4.5.4/lib/netcoreapp2.1
[2026-09-03 11:04:42] [SUCCESS] 📂 Dossier cree : source/repos/srv_listener_folder/SF_VIEWER_AO_SIM/packages/System.Threading.Tasks.Extensions.4.5.4/lib/netstandard1.0
[2026-09-03 11:04:44] [SUCCESS] 📂 Dossier cree : source/repos/srv_listener_folder/SF_VIEWER_AO_SIM/packages/System.Threading.Tasks.Extensions.4.5.4/lib/netstandard2.0
[2026-09-03 11:04:46] [SUCCESS] 📂 Dossier cree : source/repos/srv_listener_folder/SF_VIEWER_AO_SIM/packages/System.Threading.Tasks.Extensions.4.5.4/lib/portable-net45+win8+wp8+wpa81
[2026-09-03 11:04:47] [SUCCESS] 📂 Dossier cree : source/repos/srv_listener_folder/SF_VIEWER_AO_SIM/packages/System.Threading.Tasks.Extensions.4.5.4/lib/xamarinios10
[2026-09-03 11:04:49] [SUCCESS] 📂 Dossier cree : source/repos/srv_listener_folder/SF_VIEWER_AO_SIM/packages/System.Threading.Tasks.Extensions.4.5.4/lib/xamarinmac20
[2026-09-03 11:04:52] [SUCCESS] 📂 Dossier cree : source/repos/srv_listener_folder/SF_VIEWER_AO_SIM/packages/System.Threading.Tasks.Extensions.4.5.4/lib/xamarintvos10
[2026-09-03 11:04:53] [SUCCESS] 📂 Dossier cree : source/repos/srv_listener_folder/SF_VIEWER_AO_SIM/packages/System.Threading.Tasks.Extensions.4.5.4/lib/xamarinwatchos10
[2026-09-03 11:04:55] [SUCCESS] 📂 Dossier cree : source/repos/srv_listener_folder/SF_VIEWER_AO_SIM/packages/System.Threading.Tasks.Extensions.4.5.4/ref/MonoAndroid10
[2026-09-03 11:04:57] [SUCCESS] 📂 Dossier cree : source/repos/srv_listener_folder/SF_VIEWER_AO_SIM/packages/System.Threading.Tasks.Extensions.4.5.4/ref/MonoTouch10
[2026-09-03 11:04:58] [SUCCESS] 📂 Dossier cree : source/repos/srv_listener_folder/SF_VIEWER_AO_SIM/packages/System.Threading.Tasks.Extensions.4.5.4/ref/netcoreapp2.1
[2026-09-03 11:05:00] [SUCCESS] 📂 Dossier cree : source/repos/srv_listener_folder/SF_VIEWER_AO_SIM/packages/System.Threading.Tasks.Extensions.4.5.4/ref/xamarinios10
[2026-09-03 11:05:01] [SUCCESS] 📂 Dossier cree : source/repos/srv_listener_folder/SF_VIEWER_AO_SIM/packages/System.Threading.Tasks.Extensions.4.5.4/ref/xamarinmac20
[2026-09-03 11:05:03] [SUCCESS] 📂 Dossier cree : source/repos/srv_listener_folder/SF_VIEWER_AO_SIM/packages/System.Threading.Tasks.Extensions.4.5.4/ref/xamarintvos10
[2026-09-03 11:05:06] [SUCCESS] 📂 Dossier cree : source/repos/srv_listener_folder/SF_VIEWER_AO_SIM/packages/System.Threading.Tasks.Extensions.4.5.4/ref/xamarinwatchos10
[2026-09-03 11:05:07] [SUCCESS] 📂 Dossier cree : source/repos/srv_listener_folder/SF_VIEWER_AO_SIM/packages/System.ValueTuple.4.5.0/lib/MonoAndroid10
[2026-09-03 11:05:10] [SUCCESS] 📂 Dossier cree : source/repos/srv_listener_folder/SF_VIEWER_AO_SIM/packages/System.ValueTuple.4.5.0/lib/MonoTouch10
[2026-09-03 11:05:11] [SUCCESS] 📂 Dossier cree : source/repos/srv_listener_folder/SF_VIEWER_AO_SIM/packages/System.ValueTuple.4.5.0/lib/net461
[2026-09-03 11:05:13] [SUCCESS] 📂 Dossier cree : source/repos/srv_listener_folder/SF_VIEWER_AO_SIM/packages/System.ValueTuple.4.5.0/lib/net47
[2026-09-03 11:05:14] [SUCCESS] 📂 Dossier cree : source/repos/srv_listener_folder/SF_VIEWER_AO_SIM/packages/System.ValueTuple.4.5.0/lib/netcoreapp2.0
[2026-09-03 11:05:16] [SUCCESS] 📂 Dossier cree : source/repos/srv_listener_folder/SF_VIEWER_AO_SIM/packages/System.ValueTuple.4.5.0/lib/netstandard1.0
[2026-09-03 11:05:18] [SUCCESS] 📂 Dossier cree : source/repos/srv_listener_folder/SF_VIEWER_AO_SIM/packages/System.ValueTuple.4.5.0/lib/netstandard2.0
[2026-09-03 11:05:19] [SUCCESS] 📂 Dossier cree : source/repos/srv_listener_folder/SF_VIEWER_AO_SIM/packages/System.ValueTuple.4.5.0/lib/portable-net40+sl4+win8+wp8
[2026-09-03 11:05:22] [SUCCESS] 📂 Dossier cree : source/repos/srv_listener_folder/SF_VIEWER_AO_SIM/packages/System.ValueTuple.4.5.0/lib/uap10.0.16299
[2026-09-03 11:05:23] [SUCCESS] 📂 Dossier cree : source/repos/srv_listener_folder/SF_VIEWER_AO_SIM/packages/System.ValueTuple.4.5.0/lib/xamarinios10
[2026-09-03 11:05:25] [SUCCESS] 📂 Dossier cree : source/repos/srv_listener_folder/SF_VIEWER_AO_SIM/packages/System.ValueTuple.4.5.0/lib/xamarinmac20
[2026-09-03 11:05:26] [SUCCESS] 📂 Dossier cree : source/repos/srv_listener_folder/SF_VIEWER_AO_SIM/packages/System.ValueTuple.4.5.0/lib/xamarintvos10
[2026-09-03 11:05:28] [SUCCESS] 📂 Dossier cree : source/repos/srv_listener_folder/SF_VIEWER_AO_SIM/packages/System.ValueTuple.4.5.0/lib/xamarinwatchos10
[2026-09-03 11:05:30] [SUCCESS] 📂 Dossier cree : source/repos/srv_listener_folder/SF_VIEWER_AO_SIM/packages/System.ValueTuple.4.5.0/ref/MonoAndroid10
[2026-09-03 11:05:32] [SUCCESS] 📂 Dossier cree : source/repos/srv_listener_folder/SF_VIEWER_AO_SIM/packages/System.ValueTuple.4.5.0/ref/MonoTouch10
[2026-09-03 11:05:33] [SUCCESS] 📂 Dossier cree : source/repos/srv_listener_folder/SF_VIEWER_AO_SIM/packages/System.ValueTuple.4.5.0/ref/net461
[2026-09-03 11:05:35] [SUCCESS] 📂 Dossier cree : source/repos/srv_listener_folder/SF_VIEWER_AO_SIM/packages/System.ValueTuple.4.5.0/ref/net47
[2026-09-03 11:05:36] [SUCCESS] 📂 Dossier cree : source/repos/srv_listener_folder/SF_VIEWER_AO_SIM/packages/System.ValueTuple.4.5.0/ref/netcoreapp2.0
[2026-09-03 11:05:38] [SUCCESS] 📂 Dossier cree : source/repos/srv_listener_folder/SF_VIEWER_AO_SIM/packages/System.ValueTuple.4.5.0/ref/netstandard2.0
[2026-09-03 11:05:40] [SUCCESS] 📂 Dossier cree : source/repos/srv_listener_folder/SF_VIEWER_AO_SIM/packages/System.ValueTuple.4.5.0/ref/portable-net40+sl4+win8+wp8
[2026-09-03 11:05:42] [SUCCESS] 📂 Dossier cree : source/repos/srv_listener_folder/SF_VIEWER_AO_SIM/packages/System.ValueTuple.4.5.0/ref/uap10.0.16299
[2026-09-03 11:05:43] [SUCCESS] 📂 Dossier cree : source/repos/srv_listener_folder/SF_VIEWER_AO_SIM/packages/System.ValueTuple.4.5.0/ref/xamarinios10
[2026-09-03 11:05:45] [SUCCESS] 📂 Dossier cree : source/repos/srv_listener_folder/SF_VIEWER_AO_SIM/packages/System.ValueTuple.4.5.0/ref/xamarinmac20
[2026-09-03 11:05:46] [SUCCESS] 📂 Dossier cree : source/repos/srv_listener_folder/SF_VIEWER_AO_SIM/packages/System.ValueTuple.4.5.0/ref/xamarintvos10
[2026-09-03 11:05:48] [SUCCESS] 📂 Dossier cree : source/repos/srv_listener_folder/SF_VIEWER_AO_SIM/packages/System.ValueTuple.4.5.0/ref/xamarinwatchos10
[2026-09-03 11:05:50] [SUCCESS] 📂 Dossier cree : source/repos/srv_listener_folder/SF_VIEWER_AO_SIM/SF_VIEWER_AO_SIM/obj/Debug/TempPE
[2026-09-03 11:05:51] [SUCCESS] 📂 Dossier cree : source/repos/srv_listener_folder/SF_VIEWER_AO_SIM/SF_VIEWER_AO_SIM/obj/Release/Package
[2026-09-03 11:05:53] [SUCCESS] 📂 Dossier cree : source/repos/srv_listener_folder/SF_VIEWER_AO_SIM/SF_VIEWER_AO_SIM/obj/Release/ProfileTransformWebConfig
[2026-09-03 11:05:54] [SUCCESS] 📂 Dossier cree : source/repos/srv_listener_folder/SF_VIEWER_AO_SIM/SF_VIEWER_AO_SIM/obj/Release/TempPE
[2026-09-03 11:05:56] [SUCCESS] 📂 Dossier cree : source/repos/srv_listener_folder/SF_VIEWER_AO_SIM/SF_VIEWER_AO_SIM/obj/Release/TransformWebConfig
[2026-09-03 11:05:57] [SUCCESS] 📂 Dossier cree : source/repos/srv_listener_folder/SF_VIEWER_AO_SIM/SF_VIEWER_AO_SIM/Scripts/WebForms/MSAjax
[2026-09-03 11:05:59] [SUCCESS] 📂 Dossier cree : source/repos/Api_SIM--SF/ApiSIM--SF/.git/logs/refs/remotes/origin
[2026-09-03 11:06:00] [SUCCESS] 📂 Dossier cree : source/repos/Api_SIM--SF/ApiSIM--SF/bin/Debug/netcoreapp3.1/runtimes/unix
[2026-09-03 11:06:02] [SUCCESS] 📂 Dossier cree : source/repos/Api_SIM--SF/ApiSIM--SF/bin/Debug/netcoreapp3.1/runtimes/win
[2026-09-03 11:06:04] [SUCCESS] 📂 Dossier cree : source/repos/Api_SIM--SF/ApiSIM--SF/bin/Debug/netcoreapp3.1/runtimes/win-arm64
[2026-09-03 11:06:05] [SUCCESS] 📂 Dossier cree : source/repos/Api_SIM--SF/ApiSIM--SF/bin/Debug/netcoreapp3.1/runtimes/win-x64
[2026-09-03 11:06:07] [SUCCESS] 📂 Dossier cree : source/repos/Api_SIM--SF/ApiSIM--SF/bin/Debug/netcoreapp3.1/runtimes/win-x86
[2026-09-03 11:06:09] [SUCCESS] 📂 Dossier cree : source/repos/Mol_Save_DataBase/packages/System.Security.AccessControl.5.0.0/runtimes/win/lib/net46
[2026-09-03 11:06:11] [SUCCESS] 📂 Dossier cree : source/repos/Mol_Save_DataBase/packages/System.Security.AccessControl.5.0.0/runtimes/win/lib/net461
[2026-09-03 11:06:13] [SUCCESS] 📂 Dossier cree : source/repos/Mol_Save_DataBase/packages/System.Security.AccessControl.5.0.0/runtimes/win/lib/netcoreapp2.0
[2026-09-03 11:06:14] [SUCCESS] 📂 Dossier cree : source/repos/Mol_Save_DataBase/packages/System.Security.AccessControl.5.0.0/runtimes/win/lib/netstandard1.3
[2026-09-03 11:06:17] [SUCCESS] 📂 Dossier cree : source/repos/Mol_Save_DataBase/packages/System.Security.AccessControl.5.0.0/runtimes/win/lib/uap10.0.16299
[2026-09-03 11:06:18] [SUCCESS] 📂 Dossier cree : source/repos/Mol_Save_DataBase/packages/System.Security.Principal.Windows.5.0.0/runtimes/unix/lib/netcoreapp2.0
[2026-09-03 11:06:20] [SUCCESS] 📂 Dossier cree : source/repos/Mol_Save_DataBase/packages/System.Security.Principal.Windows.5.0.0/runtimes/unix/lib/netcoreapp2.1
[2026-09-03 11:06:21] [SUCCESS] 📂 Dossier cree : source/repos/Mol_Save_DataBase/packages/System.Security.Principal.Windows.5.0.0/runtimes/win/lib/net46
[2026-09-03 11:06:23] [SUCCESS] 📂 Dossier cree : source/repos/Mol_Save_DataBase/packages/System.Security.Principal.Windows.5.0.0/runtimes/win/lib/net461
[2026-09-03 11:06:26] [SUCCESS] 📂 Dossier cree : source/repos/Mol_Save_DataBase/packages/System.Security.Principal.Windows.5.0.0/runtimes/win/lib/netcoreapp2.0
[2026-09-03 11:06:27] [SUCCESS] 📂 Dossier cree : source/repos/Mol_Save_DataBase/packages/System.Security.Principal.Windows.5.0.0/runtimes/win/lib/netcoreapp2.1
[2026-09-03 11:06:29] [SUCCESS] 📂 Dossier cree : source/repos/Mol_Save_DataBase/packages/System.Security.Principal.Windows.5.0.0/runtimes/win/lib/netstandard1.3
[2026-09-03 11:06:30] [SUCCESS] 📂 Dossier cree : source/repos/Mol_Save_DataBase/packages/System.Security.Principal.Windows.5.0.0/runtimes/win/lib/uap10.0.16299
[2026-09-03 11:06:33] [SUCCESS] 📂 Dossier cree : source/repos/pokemonDiamant/packages/System.Text.Encodings.Web.6.0.0/runtimes/browser/lib/net6.0
[2026-09-03 11:06:34] [SUCCESS] 📂 Dossier cree : source/repos/pokemonDiamant/packages/System.Text.Json.6.0.0/analyzers/dotnet/roslyn3.11/cs
[2026-09-03 11:06:36] [SUCCESS] 📂 Dossier cree : source/repos/pokemonDiamant/packages/System.Text.Json.6.0.0/analyzers/dotnet/roslyn4.0/cs
[2026-09-03 11:06:38] [SUCCESS] 📂 Dossier cree : source/repos/pokemonDiamant/pokemonDiamant/obj/Release/AspnetCompileMerge/Source/bin
[2026-09-03 11:06:39] [SUCCESS] 📂 Dossier cree : source/repos/pokemonDiamant/pokemonDiamant/obj/Release/AspnetCompileMerge/Source/Content
[2026-09-03 11:06:41] [SUCCESS] 📂 Dossier cree : source/repos/pokemonDiamant/pokemonDiamant/obj/Release/AspnetCompileMerge/Source/fonts
[2026-09-03 11:06:44] [SUCCESS] 📂 Dossier cree : source/repos/pokemonDiamant/pokemonDiamant/obj/Release/AspnetCompileMerge/Source/Images
[2026-09-03 11:06:45] [SUCCESS] 📂 Dossier cree : source/repos/pokemonDiamant/pokemonDiamant/obj/Release/AspnetCompileMerge/Source/lib
[2026-09-03 11:06:47] [SUCCESS] 📂 Dossier cree : source/repos/pokemonDiamant/pokemonDiamant/obj/Release/AspnetCompileMerge/Source/Scripts
[2026-09-03 11:06:48] [SUCCESS] 📂 Dossier cree : source/repos/pokemonDiamant/pokemonDiamant/obj/Release/AspnetCompileMerge/Source/Views
[2026-09-03 11:06:50] [SUCCESS] 📂 Dossier cree : source/repos/pokemonDiamant/pokemonDiamant/obj/Release/AspnetCompileMerge/TempBuildDir/lib
[2026-09-03 11:06:52] [SUCCESS] 📂 Dossier cree : source/repos/pokemonDiamant/pokemonDiamant/obj/Release/Package/PackageTmp/bin
[2026-09-03 11:06:54] [SUCCESS] 📂 Dossier cree : source/repos/pokemonDiamant/pokemonDiamant/obj/Release/Package/PackageTmp/Content
[2026-09-03 11:06:56] [SUCCESS] 📂 Dossier cree : source/repos/pokemonDiamant/pokemonDiamant/obj/Release/Package/PackageTmp/fonts
[2026-09-03 11:06:57] [SUCCESS] 📂 Dossier cree : source/repos/pokemonDiamant/pokemonDiamant/obj/Release/Package/PackageTmp/Images
[2026-09-03 11:06:59] [SUCCESS] 📂 Dossier cree : source/repos/pokemonDiamant/pokemonDiamant/obj/Release/Package/PackageTmp/lib
[2026-09-03 11:07:01] [SUCCESS] 📂 Dossier cree : source/repos/pokemonDiamant/pokemonDiamant/obj/Release/Package/PackageTmp/Scripts
[2026-09-03 11:07:02] [SUCCESS] 📂 Dossier cree : source/repos/pokemonDiamant/pokemonDiamant/obj/Release/Package/PackageTmp/Views
[2026-09-03 11:07:04] [SUCCESS] 📂 Dossier cree : source/repos/pokemonDiamant/pokemonDiamant/obj/Release/ProfileTransformWebConfig/transformed/Views
[2026-09-03 11:07:05] [SUCCESS] 📂 Dossier cree : source/repos/pokemonDiamant/pokemonDiamant/obj/Release/TransformWebConfig/transformed/Views
[2026-09-03 11:07:07] [SUCCESS] 📂 Dossier cree : source/repos/pouky/packages/System.Text.Encodings.Web.6.0.0/runtimes/browser/lib/net6.0
[2026-09-03 11:07:10] [SUCCESS] 📂 Dossier cree : source/repos/pouky/packages/System.Text.Json.6.0.0/analyzers/dotnet/roslyn3.11/cs
[2026-09-03 11:07:11] [SUCCESS] 📂 Dossier cree : source/repos/pouky/packages/System.Text.Json.6.0.0/analyzers/dotnet/roslyn4.0/cs
[2026-09-03 11:07:13] [SUCCESS] 📂 Dossier cree : source/repos/poukymon/packages/bootstrap.5.2.2/contentFiles/any/any/wwwroot
[2026-09-03 11:07:14] [SUCCESS] 📂 Dossier cree : source/repos/poukymon/packages/System.Text.Encodings.Web.6.0.0/runtimes/browser/lib/net6.0
[2026-09-03 11:07:16] [SUCCESS] 📂 Dossier cree : source/repos/poukymon/packages/System.Text.Json.6.0.0/analyzers/dotnet/roslyn3.11/cs
[2026-09-03 11:07:18] [SUCCESS] 📂 Dossier cree : source/repos/poukymon/packages/System.Text.Json.6.0.0/analyzers/dotnet/roslyn4.0/cs
[2026-09-03 11:07:20] [SUCCESS] 📂 Dossier cree : source/repos/SF_VIEWER_AO_SIM/packages/Microsoft.AspNet.ScriptManager.MSAjax.5.0.0/content/Scripts/WebForms/MSAjax
[2026-09-03 11:07:22] [SUCCESS] 📂 Dossier cree : source/repos/SF_VIEWER_AO_SIM/packages/System.Text.Encodings.Web.6.0.0/runtimes/browser/lib/net6.0
[2026-09-03 11:07:24] [SUCCESS] 📂 Dossier cree : source/repos/SF_VIEWER_AO_SIM/packages/System.Text.Json.6.0.0/analyzers/dotnet/roslyn3.11/cs
[2026-09-03 11:07:25] [SUCCESS] 📂 Dossier cree : source/repos/SF_VIEWER_AO_SIM/packages/System.Text.Json.6.0.0/analyzers/dotnet/roslyn4.0/cs
[2026-09-03 11:07:28] [SUCCESS] 📂 Dossier cree : source/repos/SF_VIEWER_AO_SIM/SF_VIEWER_AO_SIM/obj/Release/Package/PackageTmp/bin
[2026-09-03 11:07:31] [SUCCESS] 📂 Dossier cree : source/repos/SF_VIEWER_AO_SIM/SF_VIEWER_AO_SIM/obj/Release/Package/PackageTmp/Content
[2026-09-03 11:07:33] [SUCCESS] 📂 Dossier cree : source/repos/SF_VIEWER_AO_SIM/SF_VIEWER_AO_SIM/obj/Release/Package/PackageTmp/fonts
[2026-09-03 11:07:35] [SUCCESS] 📂 Dossier cree : source/repos/SF_VIEWER_AO_SIM/SF_VIEWER_AO_SIM/obj/Release/Package/PackageTmp/Scripts
[2026-09-03 11:07:37] [SUCCESS] 📂 Dossier cree : source/repos/srv_listener_folder/packages/System.Security.AccessControl.6.0.0/runtimes/win/lib/net461
[2026-09-03 11:07:39] [SUCCESS] 📂 Dossier cree : source/repos/srv_listener_folder/packages/System.Security.AccessControl.6.0.0/runtimes/win/lib/net6.0
[2026-09-03 11:07:42] [SUCCESS] 📂 Dossier cree : source/repos/srv_listener_folder/packages/System.Security.AccessControl.6.0.0/runtimes/win/lib/netstandard2.0
[2026-09-03 11:07:44] [SUCCESS] 📂 Dossier cree : source/repos/srv_listener_folder/packages/System.Security.Principal.Windows.5.0.0/runtimes/unix/lib/netcoreapp2.0
[2026-09-03 11:07:46] [SUCCESS] 📂 Dossier cree : source/repos/srv_listener_folder/packages/System.Security.Principal.Windows.5.0.0/runtimes/unix/lib/netcoreapp2.1
[2026-09-03 11:07:47] [SUCCESS] 📂 Dossier cree : source/repos/srv_listener_folder/packages/System.Security.Principal.Windows.5.0.0/runtimes/win/lib/net46
[2026-09-03 11:07:49] [SUCCESS] 📂 Dossier cree : source/repos/srv_listener_folder/packages/System.Security.Principal.Windows.5.0.0/runtimes/win/lib/net461
[2026-09-03 11:07:51] [SUCCESS] 📂 Dossier cree : source/repos/srv_listener_folder/packages/System.Security.Principal.Windows.5.0.0/runtimes/win/lib/netcoreapp2.0
[2026-09-03 11:07:53] [SUCCESS] 📂 Dossier cree : source/repos/srv_listener_folder/packages/System.Security.Principal.Windows.5.0.0/runtimes/win/lib/netcoreapp2.1
[2026-09-03 11:07:54] [SUCCESS] 📂 Dossier cree : source/repos/srv_listener_folder/packages/System.Security.Principal.Windows.5.0.0/runtimes/win/lib/netstandard1.3
[2026-09-03 11:07:57] [SUCCESS] 📂 Dossier cree : source/repos/srv_listener_folder/packages/System.Security.Principal.Windows.5.0.0/runtimes/win/lib/uap10.0.16299
[2026-09-03 11:07:59] [SUCCESS] 📂 Dossier cree : source/repos/srv_listener_folder/packages/System.Text.Encodings.Web.6.0.0/runtimes/browser/lib/net6.0
[2026-09-03 11:08:01] [SUCCESS] 📂 Dossier cree : source/repos/srv_listener_folder/packages/System.Text.Json.6.0.0/analyzers/dotnet/roslyn3.11/cs
[2026-09-03 11:08:03] [SUCCESS] 📂 Dossier cree : source/repos/srv_listener_folder/packages/System.Text.Json.6.0.0/analyzers/dotnet/roslyn4.0/cs
[2026-09-03 11:08:04] [SUCCESS] 📂 Dossier cree : source/repos/srv_listener_folder/SF_VIEWER_AO_SIM/.git/logs/refs/remotes/origin
[2026-09-03 11:08:06] [SUCCESS] 📂 Dossier cree : source/repos/srv_listener_folder/SF_VIEWER_AO_SIM/packages/Microsoft.AspNet.FriendlyUrls.Core.1.0.2/lib/net40/fr
[2026-09-03 11:08:08] [SUCCESS] 📂 Dossier cree : source/repos/srv_listener_folder/SF_VIEWER_AO_SIM/packages/Microsoft.AspNet.FriendlyUrls.Core.1.0.2/lib/net45/fr
[2026-09-03 11:08:09] [SUCCESS] 📂 Dossier cree : source/repos/srv_listener_folder/SF_VIEWER_AO_SIM/packages/Microsoft.AspNet.FriendlyUrls.Core.fr.1.0.2/lib/net40/fr
[2026-09-03 11:08:11] [SUCCESS] 📂 Dossier cree : source/repos/srv_listener_folder/SF_VIEWER_AO_SIM/packages/Microsoft.AspNet.FriendlyUrls.Core.fr.1.0.2/lib/net45/fr
[2026-09-03 11:08:13] [SUCCESS] 📂 Dossier cree : source/repos/srv_listener_folder/SF_VIEWER_AO_SIM/packages/Microsoft.AspNet.ScriptManager.MSAjax.5.0.0/content/Scripts/WebForms
[2026-09-03 11:08:14] [SUCCESS] 📂 Dossier cree : source/repos/srv_listener_folder/SF_VIEWER_AO_SIM/packages/Microsoft.AspNet.ScriptManager.WebForms.5.0.0/content/Scripts/WebForms
[2026-09-03 11:08:16] [SUCCESS] 📂 Dossier cree : source/repos/srv_listener_folder/SF_VIEWER_AO_SIM/packages/Microsoft.AspNet.Web.Optimization.1.1.3/lib/net40/fr
[2026-09-03 11:08:18] [SUCCESS] 📂 Dossier cree : source/repos/srv_listener_folder/SF_VIEWER_AO_SIM/packages/Microsoft.AspNet.Web.Optimization.fr.1.1.3/lib/net40/fr
[2026-09-03 11:08:19] [SUCCESS] 📂 Dossier cree : source/repos/srv_listener_folder/SF_VIEWER_AO_SIM/packages/System.Text.Encodings.Web.6.0.0/runtimes/browser/lib
[2026-09-03 11:08:21] [SUCCESS] 📂 Dossier cree : source/repos/srv_listener_folder/SF_VIEWER_AO_SIM/packages/System.Text.Json.6.0.0/analyzers/dotnet/roslyn3.11
[2026-09-03 11:08:23] [SUCCESS] 📂 Dossier cree : source/repos/srv_listener_folder/SF_VIEWER_AO_SIM/packages/System.Text.Json.6.0.0/analyzers/dotnet/roslyn4.0
[2026-09-03 11:08:24] [SUCCESS] 📂 Dossier cree : source/repos/srv_listener_folder/SF_VIEWER_AO_SIM/SF_VIEWER_AO_SIM/obj/Release/Package/PackageTmp
[2026-09-03 11:08:26] [SUCCESS] 📂 Dossier cree : source/repos/srv_listener_folder/SF_VIEWER_AO_SIM/SF_VIEWER_AO_SIM/obj/Release/ProfileTransformWebConfig/transformed
[2026-09-03 11:08:28] [SUCCESS] 📂 Dossier cree : source/repos/srv_listener_folder/SF_VIEWER_AO_SIM/SF_VIEWER_AO_SIM/obj/Release/TransformWebConfig/assist
[2026-09-03 11:08:30] [SUCCESS] 📂 Dossier cree : source/repos/srv_listener_folder/SF_VIEWER_AO_SIM/SF_VIEWER_AO_SIM/obj/Release/TransformWebConfig/original
[2026-09-03 11:08:32] [SUCCESS] 📂 Dossier cree : source/repos/srv_listener_folder/SF_VIEWER_AO_SIM/SF_VIEWER_AO_SIM/obj/Release/TransformWebConfig/transformed
[2026-09-03 11:08:33] [SUCCESS] 📂 Dossier cree : source/repos/Api_SIM--SF/ApiSIM--SF/bin/Debug/netcoreapp3.1/runtimes/unix/lib
[2026-09-03 11:08:35] [SUCCESS] 📂 Dossier cree : source/repos/Api_SIM--SF/ApiSIM--SF/bin/Debug/netcoreapp3.1/runtimes/win/lib
[2026-09-03 11:08:36] [SUCCESS] 📂 Dossier cree : source/repos/Api_SIM--SF/ApiSIM--SF/bin/Debug/netcoreapp3.1/runtimes/win-arm64/native
[2026-09-03 11:08:38] [SUCCESS] 📂 Dossier cree : source/repos/Api_SIM--SF/ApiSIM--SF/bin/Debug/netcoreapp3.1/runtimes/win-x64/native
[2026-09-03 11:08:39] [SUCCESS] 📂 Dossier cree : source/repos/Api_SIM--SF/ApiSIM--SF/bin/Debug/netcoreapp3.1/runtimes/win-x86/native
[2026-09-03 11:08:41] [SUCCESS] 📂 Dossier cree : source/repos/pokemonDiamant/packages/System.Text.Json.6.0.0/analyzers/dotnet/roslyn3.11/cs/cs
[2026-09-03 11:08:42] [SUCCESS] 📂 Dossier cree : source/repos/pokemonDiamant/packages/System.Text.Json.6.0.0/analyzers/dotnet/roslyn3.11/cs/de
[2026-09-03 11:08:44] [SUCCESS] 📂 Dossier cree : source/repos/pokemonDiamant/packages/System.Text.Json.6.0.0/analyzers/dotnet/roslyn3.11/cs/es
[2026-09-03 11:08:45] [SUCCESS] 📂 Dossier cree : source/repos/pokemonDiamant/packages/System.Text.Json.6.0.0/analyzers/dotnet/roslyn3.11/cs/fr
[2026-09-03 11:08:49] [SUCCESS] 📂 Dossier cree : source/repos/pokemonDiamant/packages/System.Text.Json.6.0.0/analyzers/dotnet/roslyn3.11/cs/it
[2026-09-03 11:08:50] [SUCCESS] 📂 Dossier cree : source/repos/pokemonDiamant/packages/System.Text.Json.6.0.0/analyzers/dotnet/roslyn3.11/cs/ja
[2026-09-03 11:08:52] [SUCCESS] 📂 Dossier cree : source/repos/pokemonDiamant/packages/System.Text.Json.6.0.0/analyzers/dotnet/roslyn3.11/cs/ko
[2026-09-03 11:08:54] [SUCCESS] 📂 Dossier cree : source/repos/pokemonDiamant/packages/System.Text.Json.6.0.0/analyzers/dotnet/roslyn3.11/cs/pl
[2026-09-03 11:08:55] [SUCCESS] 📂 Dossier cree : source/repos/pokemonDiamant/packages/System.Text.Json.6.0.0/analyzers/dotnet/roslyn3.11/cs/pt-BR
[2026-09-03 11:08:57] [SUCCESS] 📂 Dossier cree : source/repos/pokemonDiamant/packages/System.Text.Json.6.0.0/analyzers/dotnet/roslyn3.11/cs/ru
[2026-09-03 11:08:58] [SUCCESS] 📂 Dossier cree : source/repos/pokemonDiamant/packages/System.Text.Json.6.0.0/analyzers/dotnet/roslyn3.11/cs/tr
[2026-09-03 11:09:01] [SUCCESS] 📂 Dossier cree : source/repos/pokemonDiamant/packages/System.Text.Json.6.0.0/analyzers/dotnet/roslyn3.11/cs/zh-Hans
[2026-09-03 11:09:02] [SUCCESS] 📂 Dossier cree : source/repos/pokemonDiamant/packages/System.Text.Json.6.0.0/analyzers/dotnet/roslyn3.11/cs/zh-Hant
[2026-09-03 11:09:04] [SUCCESS] 📂 Dossier cree : source/repos/pokemonDiamant/packages/System.Text.Json.6.0.0/analyzers/dotnet/roslyn4.0/cs/cs
[2026-09-03 11:09:06] [SUCCESS] 📂 Dossier cree : source/repos/pokemonDiamant/packages/System.Text.Json.6.0.0/analyzers/dotnet/roslyn4.0/cs/de
[2026-09-03 11:09:08] [SUCCESS] 📂 Dossier cree : source/repos/pokemonDiamant/packages/System.Text.Json.6.0.0/analyzers/dotnet/roslyn4.0/cs/es
[2026-09-03 11:09:09] [SUCCESS] 📂 Dossier cree : source/repos/pokemonDiamant/packages/System.Text.Json.6.0.0/analyzers/dotnet/roslyn4.0/cs/fr
[2026-09-03 11:09:11] [SUCCESS] 📂 Dossier cree : source/repos/pokemonDiamant/packages/System.Text.Json.6.0.0/analyzers/dotnet/roslyn4.0/cs/it
[2026-09-03 11:09:13] [SUCCESS] 📂 Dossier cree : source/repos/pokemonDiamant/packages/System.Text.Json.6.0.0/analyzers/dotnet/roslyn4.0/cs/ja
[2026-09-03 11:09:14] [SUCCESS] 📂 Dossier cree : source/repos/pokemonDiamant/packages/System.Text.Json.6.0.0/analyzers/dotnet/roslyn4.0/cs/ko
[2026-09-03 11:09:16] [SUCCESS] 📂 Dossier cree : source/repos/pokemonDiamant/packages/System.Text.Json.6.0.0/analyzers/dotnet/roslyn4.0/cs/pl
[2026-09-03 11:09:18] [SUCCESS] 📂 Dossier cree : source/repos/pokemonDiamant/packages/System.Text.Json.6.0.0/analyzers/dotnet/roslyn4.0/cs/pt-BR
[2026-09-03 11:09:20] [SUCCESS] 📂 Dossier cree : source/repos/pokemonDiamant/packages/System.Text.Json.6.0.0/analyzers/dotnet/roslyn4.0/cs/ru
[2026-09-03 11:09:21] [SUCCESS] 📂 Dossier cree : source/repos/pokemonDiamant/packages/System.Text.Json.6.0.0/analyzers/dotnet/roslyn4.0/cs/tr
[2026-09-03 11:09:23] [SUCCESS] 📂 Dossier cree : source/repos/pokemonDiamant/packages/System.Text.Json.6.0.0/analyzers/dotnet/roslyn4.0/cs/zh-Hans
[2026-09-03 11:09:24] [SUCCESS] 📂 Dossier cree : source/repos/pokemonDiamant/packages/System.Text.Json.6.0.0/analyzers/dotnet/roslyn4.0/cs/zh-Hant
[2026-09-03 11:09:26] [SUCCESS] 📂 Dossier cree : source/repos/pokemonDiamant/pokemonDiamant/obj/Release/AspnetCompileMerge/Source/bin/fr
[2026-09-03 11:09:27] [SUCCESS] 📂 Dossier cree : source/repos/pokemonDiamant/pokemonDiamant/obj/Release/AspnetCompileMerge/Source/bin/roslyn
[2026-09-03 11:09:29] [SUCCESS] 📂 Dossier cree : source/repos/pokemonDiamant/pokemonDiamant/obj/Release/AspnetCompileMerge/Source/lib/bootstrap
[2026-09-03 11:09:31] [SUCCESS] 📂 Dossier cree : source/repos/pokemonDiamant/pokemonDiamant/obj/Release/AspnetCompileMerge/Source/Views/Avis
[2026-09-03 11:09:33] [SUCCESS] 📂 Dossier cree : source/repos/pokemonDiamant/pokemonDiamant/obj/Release/AspnetCompileMerge/Source/Views/Home
[2026-09-03 11:09:34] [SUCCESS] 📂 Dossier cree : source/repos/pokemonDiamant/pokemonDiamant/obj/Release/AspnetCompileMerge/Source/Views/Shared
[2026-09-03 11:09:36] [SUCCESS] 📂 Dossier cree : source/repos/pokemonDiamant/pokemonDiamant/obj/Release/AspnetCompileMerge/TempBuildDir/lib/bootstrap
[2026-09-03 11:09:38] [SUCCESS] 📂 Dossier cree : source/repos/pokemonDiamant/pokemonDiamant/obj/Release/Package/PackageTmp/bin/fr
[2026-09-03 11:09:39] [SUCCESS] 📂 Dossier cree : source/repos/pokemonDiamant/pokemonDiamant/obj/Release/Package/PackageTmp/bin/roslyn
[2026-09-03 11:09:41] [SUCCESS] 📂 Dossier cree : source/repos/pokemonDiamant/pokemonDiamant/obj/Release/Package/PackageTmp/lib/bootstrap
[2026-09-03 11:09:43] [SUCCESS] 📂 Dossier cree : source/repos/pokemonDiamant/pokemonDiamant/obj/Release/Package/PackageTmp/Views/Avis
[2026-09-03 11:09:44] [SUCCESS] 📂 Dossier cree : source/repos/pokemonDiamant/pokemonDiamant/obj/Release/Package/PackageTmp/Views/Home
[2026-09-03 11:09:46] [SUCCESS] 📂 Dossier cree : source/repos/pokemonDiamant/pokemonDiamant/obj/Release/Package/PackageTmp/Views/Shared
[2026-09-03 11:09:47] [SUCCESS] 📂 Dossier cree : source/repos/pouky/packages/System.Text.Json.6.0.0/analyzers/dotnet/roslyn3.11/cs/cs
[2026-09-03 11:09:49] [SUCCESS] 📂 Dossier cree : source/repos/pouky/packages/System.Text.Json.6.0.0/analyzers/dotnet/roslyn3.11/cs/de
[2026-09-03 11:09:51] [SUCCESS] 📂 Dossier cree : source/repos/pouky/packages/System.Text.Json.6.0.0/analyzers/dotnet/roslyn3.11/cs/es
[2026-09-03 11:09:53] [SUCCESS] 📂 Dossier cree : source/repos/pouky/packages/System.Text.Json.6.0.0/analyzers/dotnet/roslyn3.11/cs/fr
[2026-09-03 11:09:55] [SUCCESS] 📂 Dossier cree : source/repos/pouky/packages/System.Text.Json.6.0.0/analyzers/dotnet/roslyn3.11/cs/it
[2026-09-03 11:09:56] [SUCCESS] 📂 Dossier cree : source/repos/pouky/packages/System.Text.Json.6.0.0/analyzers/dotnet/roslyn3.11/cs/ja
[2026-09-03 11:09:58] [SUCCESS] 📂 Dossier cree : source/repos/pouky/packages/System.Text.Json.6.0.0/analyzers/dotnet/roslyn3.11/cs/ko
[2026-09-03 11:09:59] [SUCCESS] 📂 Dossier cree : source/repos/pouky/packages/System.Text.Json.6.0.0/analyzers/dotnet/roslyn3.11/cs/pl
[2026-09-03 11:10:01] [SUCCESS] 📂 Dossier cree : source/repos/pouky/packages/System.Text.Json.6.0.0/analyzers/dotnet/roslyn3.11/cs/pt-BR
[2026-09-03 11:10:03] [SUCCESS] 📂 Dossier cree : source/repos/pouky/packages/System.Text.Json.6.0.0/analyzers/dotnet/roslyn3.11/cs/ru
[2026-09-03 11:10:04] [SUCCESS] 📂 Dossier cree : source/repos/pouky/packages/System.Text.Json.6.0.0/analyzers/dotnet/roslyn3.11/cs/tr
[2026-09-03 11:10:07] [SUCCESS] 📂 Dossier cree : source/repos/pouky/packages/System.Text.Json.6.0.0/analyzers/dotnet/roslyn3.11/cs/zh-Hans
[2026-09-03 11:10:09] [SUCCESS] 📂 Dossier cree : source/repos/pouky/packages/System.Text.Json.6.0.0/analyzers/dotnet/roslyn3.11/cs/zh-Hant
[2026-09-03 11:10:10] [SUCCESS] 📂 Dossier cree : source/repos/pouky/packages/System.Text.Json.6.0.0/analyzers/dotnet/roslyn4.0/cs/cs
[2026-09-03 11:10:12] [SUCCESS] 📂 Dossier cree : source/repos/pouky/packages/System.Text.Json.6.0.0/analyzers/dotnet/roslyn4.0/cs/de
[2026-09-03 11:10:14] [SUCCESS] 📂 Dossier cree : source/repos/pouky/packages/System.Text.Json.6.0.0/analyzers/dotnet/roslyn4.0/cs/es
[2026-09-03 11:10:15] [SUCCESS] 📂 Dossier cree : source/repos/pouky/packages/System.Text.Json.6.0.0/analyzers/dotnet/roslyn4.0/cs/fr
[2026-09-03 11:10:18] [SUCCESS] 📂 Dossier cree : source/repos/pouky/packages/System.Text.Json.6.0.0/analyzers/dotnet/roslyn4.0/cs/it
[2026-09-03 11:10:19] [SUCCESS] 📂 Dossier cree : source/repos/pouky/packages/System.Text.Json.6.0.0/analyzers/dotnet/roslyn4.0/cs/ja
[2026-09-03 11:10:21] [SUCCESS] 📂 Dossier cree : source/repos/pouky/packages/System.Text.Json.6.0.0/analyzers/dotnet/roslyn4.0/cs/ko
[2026-09-03 11:10:23] [SUCCESS] 📂 Dossier cree : source/repos/pouky/packages/System.Text.Json.6.0.0/analyzers/dotnet/roslyn4.0/cs/pl
[2026-09-03 11:10:25] [SUCCESS] 📂 Dossier cree : source/repos/pouky/packages/System.Text.Json.6.0.0/analyzers/dotnet/roslyn4.0/cs/pt-BR
[2026-09-03 11:10:26] [SUCCESS] 📂 Dossier cree : source/repos/pouky/packages/System.Text.Json.6.0.0/analyzers/dotnet/roslyn4.0/cs/ru
[2026-09-03 11:10:28] [SUCCESS] 📂 Dossier cree : source/repos/pouky/packages/System.Text.Json.6.0.0/analyzers/dotnet/roslyn4.0/cs/tr
[2026-09-03 11:10:30] [SUCCESS] 📂 Dossier cree : source/repos/pouky/packages/System.Text.Json.6.0.0/analyzers/dotnet/roslyn4.0/cs/zh-Hans
[2026-09-03 11:10:32] [SUCCESS] 📂 Dossier cree : source/repos/pouky/packages/System.Text.Json.6.0.0/analyzers/dotnet/roslyn4.0/cs/zh-Hant
[2026-09-03 11:10:33] [SUCCESS] 📂 Dossier cree : source/repos/poukymon/packages/bootstrap.5.2.2/contentFiles/any/any/wwwroot/css
[2026-09-03 11:10:35] [SUCCESS] 📂 Dossier cree : source/repos/poukymon/packages/bootstrap.5.2.2/contentFiles/any/any/wwwroot/js
[2026-09-03 11:10:37] [SUCCESS] 📂 Dossier cree : source/repos/poukymon/packages/System.Text.Json.6.0.0/analyzers/dotnet/roslyn3.11/cs/cs
[2026-09-03 11:10:39] [SUCCESS] 📂 Dossier cree : source/repos/poukymon/packages/System.Text.Json.6.0.0/analyzers/dotnet/roslyn3.11/cs/de
[2026-09-03 11:10:41] [SUCCESS] 📂 Dossier cree : source/repos/poukymon/packages/System.Text.Json.6.0.0/analyzers/dotnet/roslyn3.11/cs/es
[2026-09-03 11:10:42] [SUCCESS] 📂 Dossier cree : source/repos/poukymon/packages/System.Text.Json.6.0.0/analyzers/dotnet/roslyn3.11/cs/fr
[2026-09-03 11:10:46] [SUCCESS] 📂 Dossier cree : source/repos/poukymon/packages/System.Text.Json.6.0.0/analyzers/dotnet/roslyn3.11/cs/it
[2026-09-03 11:10:47] [SUCCESS] 📂 Dossier cree : source/repos/poukymon/packages/System.Text.Json.6.0.0/analyzers/dotnet/roslyn3.11/cs/ja
[2026-09-03 11:10:49] [SUCCESS] 📂 Dossier cree : source/repos/poukymon/packages/System.Text.Json.6.0.0/analyzers/dotnet/roslyn3.11/cs/ko
[2026-09-03 11:10:50] [SUCCESS] 📂 Dossier cree : source/repos/poukymon/packages/System.Text.Json.6.0.0/analyzers/dotnet/roslyn3.11/cs/pl
[2026-09-03 11:10:52] [SUCCESS] 📂 Dossier cree : source/repos/poukymon/packages/System.Text.Json.6.0.0/analyzers/dotnet/roslyn3.11/cs/pt-BR
[2026-09-03 11:10:53] [SUCCESS] 📂 Dossier cree : source/repos/poukymon/packages/System.Text.Json.6.0.0/analyzers/dotnet/roslyn3.11/cs/ru
[2026-09-03 11:10:55] [SUCCESS] 📂 Dossier cree : source/repos/poukymon/packages/System.Text.Json.6.0.0/analyzers/dotnet/roslyn3.11/cs/tr
[2026-09-03 11:10:57] [SUCCESS] 📂 Dossier cree : source/repos/poukymon/packages/System.Text.Json.6.0.0/analyzers/dotnet/roslyn3.11/cs/zh-Hans
[2026-09-03 11:10:58] [SUCCESS] 📂 Dossier cree : source/repos/poukymon/packages/System.Text.Json.6.0.0/analyzers/dotnet/roslyn3.11/cs/zh-Hant
[2026-09-03 11:11:00] [SUCCESS] 📂 Dossier cree : source/repos/poukymon/packages/System.Text.Json.6.0.0/analyzers/dotnet/roslyn4.0/cs/cs
[2026-09-03 11:11:01] [SUCCESS] 📂 Dossier cree : source/repos/poukymon/packages/System.Text.Json.6.0.0/analyzers/dotnet/roslyn4.0/cs/de
[2026-09-03 11:11:03] [SUCCESS] 📂 Dossier cree : source/repos/poukymon/packages/System.Text.Json.6.0.0/analyzers/dotnet/roslyn4.0/cs/es
[2026-09-03 11:11:04] [SUCCESS] 📂 Dossier cree : source/repos/poukymon/packages/System.Text.Json.6.0.0/analyzers/dotnet/roslyn4.0/cs/fr
[2026-09-03 11:11:06] [SUCCESS] 📂 Dossier cree : source/repos/poukymon/packages/System.Text.Json.6.0.0/analyzers/dotnet/roslyn4.0/cs/it
[2026-09-03 11:11:07] [SUCCESS] 📂 Dossier cree : source/repos/poukymon/packages/System.Text.Json.6.0.0/analyzers/dotnet/roslyn4.0/cs/ja
[2026-09-03 11:11:09] [SUCCESS] 📂 Dossier cree : source/repos/poukymon/packages/System.Text.Json.6.0.0/analyzers/dotnet/roslyn4.0/cs/ko
[2026-09-03 11:11:10] [SUCCESS] 📂 Dossier cree : source/repos/poukymon/packages/System.Text.Json.6.0.0/analyzers/dotnet/roslyn4.0/cs/pl
[2026-09-03 11:11:12] [SUCCESS] 📂 Dossier cree : source/repos/poukymon/packages/System.Text.Json.6.0.0/analyzers/dotnet/roslyn4.0/cs/pt-BR
[2026-09-03 11:11:13] [SUCCESS] 📂 Dossier cree : source/repos/poukymon/packages/System.Text.Json.6.0.0/analyzers/dotnet/roslyn4.0/cs/ru
[2026-09-03 11:11:15] [SUCCESS] 📂 Dossier cree : source/repos/poukymon/packages/System.Text.Json.6.0.0/analyzers/dotnet/roslyn4.0/cs/tr
[2026-09-03 11:11:16] [SUCCESS] 📂 Dossier cree : source/repos/poukymon/packages/System.Text.Json.6.0.0/analyzers/dotnet/roslyn4.0/cs/zh-Hans
[2026-09-03 11:11:17] [SUCCESS] 📂 Dossier cree : source/repos/poukymon/packages/System.Text.Json.6.0.0/analyzers/dotnet/roslyn4.0/cs/zh-Hant
[2026-09-03 11:11:19] [SUCCESS] 📂 Dossier cree : source/repos/SF_VIEWER_AO_SIM/packages/System.Text.Json.6.0.0/analyzers/dotnet/roslyn3.11/cs/cs
[2026-09-03 11:11:20] [SUCCESS] 📂 Dossier cree : source/repos/SF_VIEWER_AO_SIM/packages/System.Text.Json.6.0.0/analyzers/dotnet/roslyn3.11/cs/de
[2026-09-03 11:11:22] [SUCCESS] 📂 Dossier cree : source/repos/SF_VIEWER_AO_SIM/packages/System.Text.Json.6.0.0/analyzers/dotnet/roslyn3.11/cs/es
[2026-09-03 11:11:24] [SUCCESS] 📂 Dossier cree : source/repos/SF_VIEWER_AO_SIM/packages/System.Text.Json.6.0.0/analyzers/dotnet/roslyn3.11/cs/fr
[2026-09-03 11:11:25] [SUCCESS] 📂 Dossier cree : source/repos/SF_VIEWER_AO_SIM/packages/System.Text.Json.6.0.0/analyzers/dotnet/roslyn3.11/cs/it
[2026-09-03 11:11:28] [SUCCESS] 📂 Dossier cree : source/repos/SF_VIEWER_AO_SIM/packages/System.Text.Json.6.0.0/analyzers/dotnet/roslyn3.11/cs/ja
[2026-09-03 11:11:29] [SUCCESS] 📂 Dossier cree : source/repos/SF_VIEWER_AO_SIM/packages/System.Text.Json.6.0.0/analyzers/dotnet/roslyn3.11/cs/ko
[2026-09-03 11:11:31] [SUCCESS] 📂 Dossier cree : source/repos/SF_VIEWER_AO_SIM/packages/System.Text.Json.6.0.0/analyzers/dotnet/roslyn3.11/cs/pl
[2026-09-03 11:11:33] [SUCCESS] 📂 Dossier cree : source/repos/SF_VIEWER_AO_SIM/packages/System.Text.Json.6.0.0/analyzers/dotnet/roslyn3.11/cs/pt-BR
[2026-09-03 11:11:36] [SUCCESS] 📂 Dossier cree : source/repos/SF_VIEWER_AO_SIM/packages/System.Text.Json.6.0.0/analyzers/dotnet/roslyn3.11/cs/ru
[2026-09-03 11:11:37] [SUCCESS] 📂 Dossier cree : source/repos/SF_VIEWER_AO_SIM/packages/System.Text.Json.6.0.0/analyzers/dotnet/roslyn3.11/cs/tr
[2026-09-03 11:11:39] [SUCCESS] 📂 Dossier cree : source/repos/SF_VIEWER_AO_SIM/packages/System.Text.Json.6.0.0/analyzers/dotnet/roslyn3.11/cs/zh-Hans
[2026-09-03 11:11:41] [SUCCESS] 📂 Dossier cree : source/repos/SF_VIEWER_AO_SIM/packages/System.Text.Json.6.0.0/analyzers/dotnet/roslyn3.11/cs/zh-Hant
[2026-09-03 11:11:43] [SUCCESS] 📂 Dossier cree : source/repos/SF_VIEWER_AO_SIM/packages/System.Text.Json.6.0.0/analyzers/dotnet/roslyn4.0/cs/cs
[2026-09-03 11:11:45] [SUCCESS] 📂 Dossier cree : source/repos/SF_VIEWER_AO_SIM/packages/System.Text.Json.6.0.0/analyzers/dotnet/roslyn4.0/cs/de
[2026-09-03 11:11:46] [SUCCESS] 📂 Dossier cree : source/repos/SF_VIEWER_AO_SIM/packages/System.Text.Json.6.0.0/analyzers/dotnet/roslyn4.0/cs/es
[2026-09-03 11:11:48] [SUCCESS] 📂 Dossier cree : source/repos/SF_VIEWER_AO_SIM/packages/System.Text.Json.6.0.0/analyzers/dotnet/roslyn4.0/cs/fr
[2026-09-03 11:11:49] [SUCCESS] 📂 Dossier cree : source/repos/SF_VIEWER_AO_SIM/packages/System.Text.Json.6.0.0/analyzers/dotnet/roslyn4.0/cs/it
[2026-09-03 11:11:51] [SUCCESS] 📂 Dossier cree : source/repos/SF_VIEWER_AO_SIM/packages/System.Text.Json.6.0.0/analyzers/dotnet/roslyn4.0/cs/ja
[2026-09-03 11:11:52] [SUCCESS] 📂 Dossier cree : source/repos/SF_VIEWER_AO_SIM/packages/System.Text.Json.6.0.0/analyzers/dotnet/roslyn4.0/cs/ko
[2026-09-03 11:11:54] [SUCCESS] 📂 Dossier cree : source/repos/SF_VIEWER_AO_SIM/packages/System.Text.Json.6.0.0/analyzers/dotnet/roslyn4.0/cs/pl
[2026-09-03 11:11:55] [SUCCESS] 📂 Dossier cree : source/repos/SF_VIEWER_AO_SIM/packages/System.Text.Json.6.0.0/analyzers/dotnet/roslyn4.0/cs/pt-BR
[2026-09-03 11:11:57] [SUCCESS] 📂 Dossier cree : source/repos/SF_VIEWER_AO_SIM/packages/System.Text.Json.6.0.0/analyzers/dotnet/roslyn4.0/cs/ru
[2026-09-03 11:11:58] [SUCCESS] 📂 Dossier cree : source/repos/SF_VIEWER_AO_SIM/packages/System.Text.Json.6.0.0/analyzers/dotnet/roslyn4.0/cs/tr
[2026-09-03 11:12:00] [SUCCESS] 📂 Dossier cree : source/repos/SF_VIEWER_AO_SIM/packages/System.Text.Json.6.0.0/analyzers/dotnet/roslyn4.0/cs/zh-Hans
[2026-09-03 11:12:01] [SUCCESS] 📂 Dossier cree : source/repos/SF_VIEWER_AO_SIM/packages/System.Text.Json.6.0.0/analyzers/dotnet/roslyn4.0/cs/zh-Hant
[2026-09-03 11:12:03] [SUCCESS] 📂 Dossier cree : source/repos/SF_VIEWER_AO_SIM/SF_VIEWER_AO_SIM/obj/Release/Package/PackageTmp/bin/fr
[2026-09-03 11:12:04] [SUCCESS] 📂 Dossier cree : source/repos/SF_VIEWER_AO_SIM/SF_VIEWER_AO_SIM/obj/Release/Package/PackageTmp/bin/roslyn
[2026-09-03 11:12:06] [SUCCESS] 📂 Dossier cree : source/repos/SF_VIEWER_AO_SIM/SF_VIEWER_AO_SIM/obj/Release/Package/PackageTmp/Scripts/WebForms
[2026-09-03 11:12:08] [SUCCESS] 📂 Dossier cree : source/repos/srv_listener_folder/packages/System.Text.Json.6.0.0/analyzers/dotnet/roslyn3.11/cs/cs
[2026-09-03 11:12:10] [SUCCESS] 📂 Dossier cree : source/repos/srv_listener_folder/packages/System.Text.Json.6.0.0/analyzers/dotnet/roslyn3.11/cs/de
[2026-09-03 11:12:12] [SUCCESS] 📂 Dossier cree : source/repos/srv_listener_folder/packages/System.Text.Json.6.0.0/analyzers/dotnet/roslyn3.11/cs/es
[2026-09-03 11:12:13] [SUCCESS] 📂 Dossier cree : source/repos/srv_listener_folder/packages/System.Text.Json.6.0.0/analyzers/dotnet/roslyn3.11/cs/fr
[2026-09-03 11:12:15] [SUCCESS] 📂 Dossier cree : source/repos/srv_listener_folder/packages/System.Text.Json.6.0.0/analyzers/dotnet/roslyn3.11/cs/it
[2026-09-03 11:12:17] [SUCCESS] 📂 Dossier cree : source/repos/srv_listener_folder/packages/System.Text.Json.6.0.0/analyzers/dotnet/roslyn3.11/cs/ja
[2026-09-03 11:12:19] [SUCCESS] 📂 Dossier cree : source/repos/srv_listener_folder/packages/System.Text.Json.6.0.0/analyzers/dotnet/roslyn3.11/cs/ko
[2026-09-03 11:12:20] [SUCCESS] 📂 Dossier cree : source/repos/srv_listener_folder/packages/System.Text.Json.6.0.0/analyzers/dotnet/roslyn3.11/cs/pl
[2026-09-03 11:12:22] [SUCCESS] 📂 Dossier cree : source/repos/srv_listener_folder/packages/System.Text.Json.6.0.0/analyzers/dotnet/roslyn3.11/cs/pt-BR
[2026-09-03 11:12:24] [SUCCESS] 📂 Dossier cree : source/repos/srv_listener_folder/packages/System.Text.Json.6.0.0/analyzers/dotnet/roslyn3.11/cs/ru
[2026-09-03 11:12:26] [SUCCESS] 📂 Dossier cree : source/repos/srv_listener_folder/packages/System.Text.Json.6.0.0/analyzers/dotnet/roslyn3.11/cs/tr
[2026-09-03 11:12:28] [SUCCESS] 📂 Dossier cree : source/repos/srv_listener_folder/packages/System.Text.Json.6.0.0/analyzers/dotnet/roslyn3.11/cs/zh-Hans
[2026-09-03 11:12:30] [SUCCESS] 📂 Dossier cree : source/repos/srv_listener_folder/packages/System.Text.Json.6.0.0/analyzers/dotnet/roslyn3.11/cs/zh-Hant
[2026-09-03 11:12:32] [SUCCESS] 📂 Dossier cree : source/repos/srv_listener_folder/packages/System.Text.Json.6.0.0/analyzers/dotnet/roslyn4.0/cs/cs
[2026-09-03 11:12:34] [SUCCESS] 📂 Dossier cree : source/repos/srv_listener_folder/packages/System.Text.Json.6.0.0/analyzers/dotnet/roslyn4.0/cs/de
[2026-09-03 11:12:35] [SUCCESS] 📂 Dossier cree : source/repos/srv_listener_folder/packages/System.Text.Json.6.0.0/analyzers/dotnet/roslyn4.0/cs/es
[2026-09-03 11:12:37] [SUCCESS] 📂 Dossier cree : source/repos/srv_listener_folder/packages/System.Text.Json.6.0.0/analyzers/dotnet/roslyn4.0/cs/fr
[2026-09-03 11:12:39] [SUCCESS] 📂 Dossier cree : source/repos/srv_listener_folder/packages/System.Text.Json.6.0.0/analyzers/dotnet/roslyn4.0/cs/it
[2026-09-03 11:12:41] [SUCCESS] 📂 Dossier cree : source/repos/srv_listener_folder/packages/System.Text.Json.6.0.0/analyzers/dotnet/roslyn4.0/cs/ja
[2026-09-03 11:12:44] [SUCCESS] 📂 Dossier cree : source/repos/srv_listener_folder/packages/System.Text.Json.6.0.0/analyzers/dotnet/roslyn4.0/cs/ko
[2026-09-03 11:12:46] [SUCCESS] 📂 Dossier cree : source/repos/srv_listener_folder/packages/System.Text.Json.6.0.0/analyzers/dotnet/roslyn4.0/cs/pl
[2026-09-03 11:12:47] [SUCCESS] 📂 Dossier cree : source/repos/srv_listener_folder/packages/System.Text.Json.6.0.0/analyzers/dotnet/roslyn4.0/cs/pt-BR
[2026-09-03 11:12:49] [SUCCESS] 📂 Dossier cree : source/repos/srv_listener_folder/packages/System.Text.Json.6.0.0/analyzers/dotnet/roslyn4.0/cs/ru
[2026-09-03 11:12:51] [SUCCESS] 📂 Dossier cree : source/repos/srv_listener_folder/packages/System.Text.Json.6.0.0/analyzers/dotnet/roslyn4.0/cs/tr
[2026-09-03 11:12:53] [SUCCESS] 📂 Dossier cree : source/repos/srv_listener_folder/packages/System.Text.Json.6.0.0/analyzers/dotnet/roslyn4.0/cs/zh-Hans
[2026-09-03 11:12:55] [SUCCESS] 📂 Dossier cree : source/repos/srv_listener_folder/packages/System.Text.Json.6.0.0/analyzers/dotnet/roslyn4.0/cs/zh-Hant
[2026-09-03 11:12:57] [SUCCESS] 📂 Dossier cree : source/repos/srv_listener_folder/SF_VIEWER_AO_SIM/packages/Microsoft.AspNet.ScriptManager.MSAjax.5.0.0/content/Scripts/WebForms/MSAjax
[2026-09-03 11:12:59] [SUCCESS] 📂 Dossier cree : source/repos/srv_listener_folder/SF_VIEWER_AO_SIM/packages/System.Text.Encodings.Web.6.0.0/runtimes/browser/lib/net6.0
[2026-09-03 11:13:01] [SUCCESS] 📂 Dossier cree : source/repos/srv_listener_folder/SF_VIEWER_AO_SIM/packages/System.Text.Json.6.0.0/analyzers/dotnet/roslyn3.11/cs
[2026-09-03 11:13:02] [SUCCESS] 📂 Dossier cree : source/repos/srv_listener_folder/SF_VIEWER_AO_SIM/packages/System.Text.Json.6.0.0/analyzers/dotnet/roslyn4.0/cs
[2026-09-03 11:13:04] [SUCCESS] 📂 Dossier cree : source/repos/srv_listener_folder/SF_VIEWER_AO_SIM/SF_VIEWER_AO_SIM/obj/Release/Package/PackageTmp/bin
[2026-09-03 11:13:06] [SUCCESS] 📂 Dossier cree : source/repos/srv_listener_folder/SF_VIEWER_AO_SIM/SF_VIEWER_AO_SIM/obj/Release/Package/PackageTmp/Content
[2026-09-03 11:13:08] [SUCCESS] 📂 Dossier cree : source/repos/srv_listener_folder/SF_VIEWER_AO_SIM/SF_VIEWER_AO_SIM/obj/Release/Package/PackageTmp/fonts
[2026-09-03 11:13:11] [SUCCESS] 📂 Dossier cree : source/repos/srv_listener_folder/SF_VIEWER_AO_SIM/SF_VIEWER_AO_SIM/obj/Release/Package/PackageTmp/Scripts
[2026-09-03 11:13:13] [SUCCESS] 📂 Dossier cree : source/repos/Api_SIM--SF/ApiSIM--SF/bin/Debug/netcoreapp3.1/runtimes/unix/lib/netcoreapp2.1
[2026-09-03 11:13:15] [SUCCESS] 📂 Dossier cree : source/repos/Api_SIM--SF/ApiSIM--SF/bin/Debug/netcoreapp3.1/runtimes/unix/lib/netcoreapp3.1
[2026-09-03 11:13:17] [SUCCESS] 📂 Dossier cree : source/repos/Api_SIM--SF/ApiSIM--SF/bin/Debug/netcoreapp3.1/runtimes/win/lib/netcoreapp2.1
[2026-09-03 11:13:19] [SUCCESS] 📂 Dossier cree : source/repos/Api_SIM--SF/ApiSIM--SF/bin/Debug/netcoreapp3.1/runtimes/win/lib/netcoreapp3.1
[2026-09-03 11:13:21] [SUCCESS] 📂 Dossier cree : source/repos/Api_SIM--SF/ApiSIM--SF/bin/Debug/netcoreapp3.1/runtimes/win/lib/netstandard2.0
[2026-09-03 11:13:23] [SUCCESS] 📂 Dossier cree : source/repos/pokemonDiamant/pokemonDiamant/obj/Release/AspnetCompileMerge/Source/lib/bootstrap/css
[2026-09-03 11:13:25] [SUCCESS] 📂 Dossier cree : source/repos/pokemonDiamant/pokemonDiamant/obj/Release/AspnetCompileMerge/Source/lib/bootstrap/js
[2026-09-03 11:13:27] [SUCCESS] 📂 Dossier cree : source/repos/pokemonDiamant/pokemonDiamant/obj/Release/AspnetCompileMerge/Source/lib/bootstrap/scss
[2026-09-03 11:13:29] [SUCCESS] 📂 Dossier cree : source/repos/pokemonDiamant/pokemonDiamant/obj/Release/AspnetCompileMerge/TempBuildDir/lib/bootstrap/css
[2026-09-03 11:13:32] [SUCCESS] 📂 Dossier cree : source/repos/pokemonDiamant/pokemonDiamant/obj/Release/AspnetCompileMerge/TempBuildDir/lib/bootstrap/js
[2026-09-03 11:13:34] [SUCCESS] 📂 Dossier cree : source/repos/pokemonDiamant/pokemonDiamant/obj/Release/AspnetCompileMerge/TempBuildDir/lib/bootstrap/scss
[2026-09-03 11:13:36] [SUCCESS] 📂 Dossier cree : source/repos/pokemonDiamant/pokemonDiamant/obj/Release/Package/PackageTmp/lib/bootstrap/css
[2026-09-03 11:13:38] [SUCCESS] 📂 Dossier cree : source/repos/pokemonDiamant/pokemonDiamant/obj/Release/Package/PackageTmp/lib/bootstrap/js
[2026-09-03 11:13:39] [SUCCESS] 📂 Dossier cree : source/repos/pokemonDiamant/pokemonDiamant/obj/Release/Package/PackageTmp/lib/bootstrap/scss
[2026-09-03 11:13:42] [SUCCESS] 📂 Dossier cree : source/repos/SF_VIEWER_AO_SIM/SF_VIEWER_AO_SIM/obj/Release/Package/PackageTmp/Scripts/WebForms/MSAjax
[2026-09-03 11:13:44] [SUCCESS] 📂 Dossier cree : source/repos/srv_listener_folder/SF_VIEWER_AO_SIM/packages/System.Text.Json.6.0.0/analyzers/dotnet/roslyn3.11/cs/cs
[2026-09-03 11:13:47] [SUCCESS] 📂 Dossier cree : source/repos/srv_listener_folder/SF_VIEWER_AO_SIM/packages/System.Text.Json.6.0.0/analyzers/dotnet/roslyn3.11/cs/de
[2026-09-03 11:13:49] [SUCCESS] 📂 Dossier cree : source/repos/srv_listener_folder/SF_VIEWER_AO_SIM/packages/System.Text.Json.6.0.0/analyzers/dotnet/roslyn3.11/cs/es
[2026-09-03 11:13:51] [SUCCESS] 📂 Dossier cree : source/repos/srv_listener_folder/SF_VIEWER_AO_SIM/packages/System.Text.Json.6.0.0/analyzers/dotnet/roslyn3.11/cs/fr
[2026-09-03 11:13:53] [SUCCESS] 📂 Dossier cree : source/repos/srv_listener_folder/SF_VIEWER_AO_SIM/packages/System.Text.Json.6.0.0/analyzers/dotnet/roslyn3.11/cs/it
[2026-09-03 11:13:55] [SUCCESS] 📂 Dossier cree : source/repos/srv_listener_folder/SF_VIEWER_AO_SIM/packages/System.Text.Json.6.0.0/analyzers/dotnet/roslyn3.11/cs/ja
[2026-09-03 11:13:57] [SUCCESS] 📂 Dossier cree : source/repos/srv_listener_folder/SF_VIEWER_AO_SIM/packages/System.Text.Json.6.0.0/analyzers/dotnet/roslyn3.11/cs/ko
[2026-09-03 11:13:59] [SUCCESS] 📂 Dossier cree : source/repos/srv_listener_folder/SF_VIEWER_AO_SIM/packages/System.Text.Json.6.0.0/analyzers/dotnet/roslyn3.11/cs/pl
[2026-09-03 11:14:01] [SUCCESS] 📂 Dossier cree : source/repos/srv_listener_folder/SF_VIEWER_AO_SIM/packages/System.Text.Json.6.0.0/analyzers/dotnet/roslyn3.11/cs/pt-BR
[2026-09-03 11:14:03] [SUCCESS] 📂 Dossier cree : source/repos/srv_listener_folder/SF_VIEWER_AO_SIM/packages/System.Text.Json.6.0.0/analyzers/dotnet/roslyn3.11/cs/ru
[2026-09-03 11:14:05] [SUCCESS] 📂 Dossier cree : source/repos/srv_listener_folder/SF_VIEWER_AO_SIM/packages/System.Text.Json.6.0.0/analyzers/dotnet/roslyn3.11/cs/tr
[2026-09-03 11:14:07] [SUCCESS] 📂 Dossier cree : source/repos/srv_listener_folder/SF_VIEWER_AO_SIM/packages/System.Text.Json.6.0.0/analyzers/dotnet/roslyn3.11/cs/zh-Hans
[2026-09-03 11:14:09] [SUCCESS] 📂 Dossier cree : source/repos/srv_listener_folder/SF_VIEWER_AO_SIM/packages/System.Text.Json.6.0.0/analyzers/dotnet/roslyn3.11/cs/zh-Hant
[2026-09-03 11:14:11] [SUCCESS] 📂 Dossier cree : source/repos/srv_listener_folder/SF_VIEWER_AO_SIM/packages/System.Text.Json.6.0.0/analyzers/dotnet/roslyn4.0/cs/cs
[2026-09-03 11:14:13] [SUCCESS] 📂 Dossier cree : source/repos/srv_listener_folder/SF_VIEWER_AO_SIM/packages/System.Text.Json.6.0.0/analyzers/dotnet/roslyn4.0/cs/de
[2026-09-03 11:14:15] [SUCCESS] 📂 Dossier cree : source/repos/srv_listener_folder/SF_VIEWER_AO_SIM/packages/System.Text.Json.6.0.0/analyzers/dotnet/roslyn4.0/cs/es
[2026-09-03 11:14:17] [SUCCESS] 📂 Dossier cree : source/repos/srv_listener_folder/SF_VIEWER_AO_SIM/packages/System.Text.Json.6.0.0/analyzers/dotnet/roslyn4.0/cs/fr
[2026-09-03 11:14:19] [SUCCESS] 📂 Dossier cree : source/repos/srv_listener_folder/SF_VIEWER_AO_SIM/packages/System.Text.Json.6.0.0/analyzers/dotnet/roslyn4.0/cs/it
[2026-09-03 11:14:21] [SUCCESS] 📂 Dossier cree : source/repos/srv_listener_folder/SF_VIEWER_AO_SIM/packages/System.Text.Json.6.0.0/analyzers/dotnet/roslyn4.0/cs/ja
[2026-09-03 11:14:23] [SUCCESS] 📂 Dossier cree : source/repos/srv_listener_folder/SF_VIEWER_AO_SIM/packages/System.Text.Json.6.0.0/analyzers/dotnet/roslyn4.0/cs/ko
[2026-09-03 11:14:25] [SUCCESS] 📂 Dossier cree : source/repos/srv_listener_folder/SF_VIEWER_AO_SIM/packages/System.Text.Json.6.0.0/analyzers/dotnet/roslyn4.0/cs/pl
[2026-09-03 11:14:27] [SUCCESS] 📂 Dossier cree : source/repos/srv_listener_folder/SF_VIEWER_AO_SIM/packages/System.Text.Json.6.0.0/analyzers/dotnet/roslyn4.0/cs/pt-BR
[2026-09-03 11:14:29] [SUCCESS] 📂 Dossier cree : source/repos/srv_listener_folder/SF_VIEWER_AO_SIM/packages/System.Text.Json.6.0.0/analyzers/dotnet/roslyn4.0/cs/ru
[2026-09-03 11:14:31] [SUCCESS] 📂 Dossier cree : source/repos/srv_listener_folder/SF_VIEWER_AO_SIM/packages/System.Text.Json.6.0.0/analyzers/dotnet/roslyn4.0/cs/tr
[2026-09-03 11:14:33] [SUCCESS] 📂 Dossier cree : source/repos/srv_listener_folder/SF_VIEWER_AO_SIM/packages/System.Text.Json.6.0.0/analyzers/dotnet/roslyn4.0/cs/zh-Hans
[2026-09-03 11:14:35] [SUCCESS] 📂 Dossier cree : source/repos/srv_listener_folder/SF_VIEWER_AO_SIM/packages/System.Text.Json.6.0.0/analyzers/dotnet/roslyn4.0/cs/zh-Hant
[2026-09-03 11:14:37] [SUCCESS] 📂 Dossier cree : source/repos/srv_listener_folder/SF_VIEWER_AO_SIM/SF_VIEWER_AO_SIM/obj/Release/Package/PackageTmp/bin/fr
[2026-09-03 11:14:39] [SUCCESS] 📂 Dossier cree : source/repos/srv_listener_folder/SF_VIEWER_AO_SIM/SF_VIEWER_AO_SIM/obj/Release/Package/PackageTmp/bin/roslyn
[2026-09-03 11:14:41] [SUCCESS] 📂 Dossier cree : source/repos/srv_listener_folder/SF_VIEWER_AO_SIM/SF_VIEWER_AO_SIM/obj/Release/Package/PackageTmp/Scripts/WebForms
[2026-09-03 11:14:43] [SUCCESS] 📂 Dossier cree : source/repos/pokemonDiamant/pokemonDiamant/obj/Release/AspnetCompileMerge/Source/lib/bootstrap/scss/helpers
[2026-09-03 11:14:45] [SUCCESS] 📂 Dossier cree : source/repos/pokemonDiamant/pokemonDiamant/obj/Release/AspnetCompileMerge/Source/lib/bootstrap/scss/mixins
[2026-09-03 11:14:47] [SUCCESS] 📂 Dossier cree : source/repos/pokemonDiamant/pokemonDiamant/obj/Release/AspnetCompileMerge/Source/lib/bootstrap/scss/utilities
[2026-09-03 11:14:49] [SUCCESS] 📂 Dossier cree : source/repos/pokemonDiamant/pokemonDiamant/obj/Release/AspnetCompileMerge/Source/lib/bootstrap/scss/vendor
[2026-09-03 11:14:51] [SUCCESS] 📂 Dossier cree : source/repos/pokemonDiamant/pokemonDiamant/obj/Release/AspnetCompileMerge/TempBuildDir/lib/bootstrap/scss/helpers
[2026-09-03 11:14:53] [SUCCESS] 📂 Dossier cree : source/repos/pokemonDiamant/pokemonDiamant/obj/Release/AspnetCompileMerge/TempBuildDir/lib/bootstrap/scss/mixins
[2026-09-03 11:14:55] [SUCCESS] 📂 Dossier cree : source/repos/pokemonDiamant/pokemonDiamant/obj/Release/AspnetCompileMerge/TempBuildDir/lib/bootstrap/scss/utilities
[2026-09-03 11:14:58] [SUCCESS] 📂 Dossier cree : source/repos/pokemonDiamant/pokemonDiamant/obj/Release/AspnetCompileMerge/TempBuildDir/lib/bootstrap/scss/vendor
[2026-09-03 11:15:00] [SUCCESS] 📂 Dossier cree : source/repos/pokemonDiamant/pokemonDiamant/obj/Release/Package/PackageTmp/lib/bootstrap/scss/helpers
[2026-09-03 11:15:02] [SUCCESS] 📂 Dossier cree : source/repos/pokemonDiamant/pokemonDiamant/obj/Release/Package/PackageTmp/lib/bootstrap/scss/mixins
[2026-09-03 11:15:04] [SUCCESS] 📂 Dossier cree : source/repos/pokemonDiamant/pokemonDiamant/obj/Release/Package/PackageTmp/lib/bootstrap/scss/utilities
[2026-09-03 11:15:06] [SUCCESS] 📂 Dossier cree : source/repos/pokemonDiamant/pokemonDiamant/obj/Release/Package/PackageTmp/lib/bootstrap/scss/vendor
[2026-09-03 11:15:08] [SUCCESS] 📂 Dossier cree : source/repos/srv_listener_folder/SF_VIEWER_AO_SIM/SF_VIEWER_AO_SIM/obj/Release/Package/PackageTmp/Scripts/WebForms/MSAjax
[2026-09-03 11:15:10] [INFO] === COPIE DES FICHIERS ===
[2026-09-03 11:15:10] [INFO] [1/12905] Applications/Microsoft Edge/Edge Workspaces/preferences.edge (13126 o)
[2026-09-03 11:15:11] [INFO]    ⬇  Applications/Microsoft Edge/Edge Workspaces/preferences.edge
[2026-09-03 11:15:13] [INFO]    ⬆  Rejeu de 4 version(s) : Applications/Microsoft Edge/Edge Workspaces/preferences.edge
[2026-09-03 11:15:15] [WARN]       v1 EnsureUser echoue (fethy.faradji@infopro-digital.com) : EnsureUser 401 : {}
[2026-09-03 11:15:15] [WARN]       v1 VVI echoue : SP REST 401 : {}
[2026-09-03 11:15:16] [WARN]       v1 : auteur non restaure (VVI non valide) pour 'fethy.faradji@infopro-digital.com'
[2026-09-03 11:15:17] [WARN]       v2 EnsureUser echoue (fethy.faradji@infopro-digital.com) : EnsureUser 401 : {}
[2026-09-03 11:15:17] [WARN]       v2 VVI echoue : SP REST 401 : {}
[2026-09-03 11:15:18] [WARN]       v2 : auteur non restaure (VVI non valide) pour 'fethy.faradji@infopro-digital.com'
[2026-09-03 11:15:19] [WARN]       v3 EnsureUser echoue (fethy.faradji@infopro-digital.com) : EnsureUser 401 : {}
[2026-09-03 11:15:19] [WARN]       v3 VVI echoue : SP REST 401 : {}
[2026-09-03 11:15:19] [WARN]       v3 : auteur non restaure (VVI non valide) pour 'fethy.faradji@infopro-digital.com'
[2026-09-03 11:15:21] [WARN]       v4 EnsureUser echoue (fethy.faradji@infopro-digital.com) : EnsureUser 401 : {}
[2026-09-03 11:15:22] [WARN]       v4 VVI echoue : SP REST 401 : {}
[2026-09-03 11:15:22] [WARN]       v4 : auteur non restaure (VVI non valide) pour 'fethy.faradji@infopro-digital.com'
[2026-09-03 11:15:23] [INFO] Restauration auteur version: tentative via SharePoint VVI terminee (voir logs vN pour le detail).
[2026-09-03 11:15:23] [SUCCESS] ✅ Applications/Microsoft Edge/Edge Workspaces/preferences.edge - historique copie (4 version(s))
[2026-09-03 11:15:24] [INFO] [2/12905] Bureau/backup/ALIM_TABLE_SF.sql (109414 o)
[2026-09-03 11:15:24] [INFO]    ⬇  Bureau/backup/ALIM_TABLE_SF.sql
[2026-09-03 11:15:25] [INFO]    ⬆  Rejeu de 1 version(s) : Bureau/backup/ALIM_TABLE_SF.sql
[2026-09-03 11:15:27] [WARN]       v1 EnsureUser echoue (fethy.faradji@infopro-digital.com) : EnsureUser 401 : {}
[2026-09-03 11:15:27] [WARN]       v1 VVI echoue : SP REST 401 : {}
[2026-09-03 11:15:27] [WARN]       v1 : auteur non restaure (VVI non valide) pour 'fethy.faradji@infopro-digital.com'
[2026-09-03 11:15:29] [INFO] Restauration auteur version: tentative via SharePoint VVI terminee (voir logs vN pour le detail).
[2026-09-03 11:15:29] [SUCCESS] ✅ Bureau/backup/ALIM_TABLE_SF.sql - historique copie (1 version(s))
[2026-09-03 11:15:29] [INFO] [3/12905] Bureau/backup/SIMX_AO_IN.sql (1291 o)
[2026-09-03 11:15:29] [INFO]    ⬇  Bureau/backup/SIMX_AO_IN.sql
[2026-09-03 11:15:30] [INFO]    ⬆  Rejeu de 1 version(s) : Bureau/backup/SIMX_AO_IN.sql
[2026-09-03 11:15:32] [WARN]       v1 EnsureUser echoue (fethy.faradji@infopro-digital.com) : EnsureUser 401 : {}
[2026-09-03 11:15:32] [WARN]       v1 VVI echoue : SP REST 401 : {}
[2026-09-03 11:15:32] [WARN]       v1 : auteur non restaure (VVI non valide) pour 'fethy.faradji@infopro-digital.com'
[2026-09-03 11:15:35] [INFO] Restauration auteur version: tentative via SharePoint VVI terminee (voir logs vN pour le detail).
[2026-09-03 11:15:35] [SUCCESS] ✅ Bureau/backup/SIMX_AO_IN.sql - historique copie (1 version(s))
[2026-09-03 11:15:35] [INFO] [4/12905] Bureau/bin/fr/System.Web.Helpers.resources.dll (20432 o)
[2026-09-03 11:15:36] [INFO]    ⬇  Bureau/bin/fr/System.Web.Helpers.resources.dll
[2026-09-03 11:15:37] [INFO]    ⬆  Rejeu de 1 version(s) : Bureau/bin/fr/System.Web.Helpers.resources.dll
[2026-09-03 11:15:38] [WARN]       v1 EnsureUser echoue (fethy.faradji@infopro-digital.com) : EnsureUser 401 : {}
[2026-09-03 11:15:39] [WARN]       v1 VVI echoue : SP REST 401 : {}
[2026-09-03 11:15:39] [WARN]       v1 : auteur non restaure (VVI non valide) pour 'fethy.faradji@infopro-digital.com'
[2026-09-03 11:15:41] [INFO] Restauration auteur version: tentative via SharePoint VVI terminee (voir logs vN pour le detail).
[2026-09-03 11:15:41] [SUCCESS] ✅ Bureau/bin/fr/System.Web.Helpers.resources.dll - historique copie (1 version(s))
[2026-09-03 11:15:41] [INFO] [5/12905] Bureau/bin/fr/System.Web.Mvc.resources.dll (44520 o)
[2026-09-03 11:15:41] [INFO]    ⬇  Bureau/bin/fr/System.Web.Mvc.resources.dll
[2026-09-03 11:15:42] [INFO]    ⬆  Rejeu de 1 version(s) : Bureau/bin/fr/System.Web.Mvc.resources.dll
[2026-09-03 11:15:44] [WARN]       v1 EnsureUser echoue (fethy.faradji@infopro-digital.com) : EnsureUser 401 : {}
[2026-09-03 11:15:44] [WARN]       v1 VVI echoue : SP REST 401 : {}
[2026-09-03 11:15:44] [WARN]       v1 : auteur non restaure (VVI non valide) pour 'fethy.faradji@infopro-digital.com'
[2026-09-03 11:15:46] [INFO] Restauration auteur version: tentative via SharePoint VVI terminee (voir logs vN pour le detail).
[2026-09-03 11:15:46] [SUCCESS] ✅ Bureau/bin/fr/System.Web.Mvc.resources.dll - historique copie (1 version(s))
[2026-09-03 11:15:47] [INFO] [6/12905] Bureau/bin/fr/System.Web.Optimization.resources.dll (13520 o)
[2026-09-03 11:15:47] [INFO]    ⬇  Bureau/bin/fr/System.Web.Optimization.resources.dll
[2026-09-03 11:15:48] [INFO]    ⬆  Rejeu de 1 version(s) : Bureau/bin/fr/System.Web.Optimization.resources.dll
[2026-09-03 11:15:50] [WARN]       v1 EnsureUser echoue (fethy.faradji@infopro-digital.com) : EnsureUser 401 : {}
[2026-09-03 11:15:50] [WARN]       v1 VVI echoue : SP REST 401 : {}
[2026-09-03 11:15:50] [WARN]       v1 : auteur non restaure (VVI non valide) pour 'fethy.faradji@infopro-digital.com'
[2026-09-03 11:15:52] [INFO] Restauration auteur version: tentative via SharePoint VVI terminee (voir logs vN pour le detail).
[2026-09-03 11:15:52] [SUCCESS] ✅ Bureau/bin/fr/System.Web.Optimization.resources.dll - historique copie (1 version(s))
[2026-09-03 11:15:52] [INFO] [7/12905] Bureau/bin/fr/System.Web.Razor.resources.dll (32736 o)
[2026-09-03 11:15:52] [INFO]    ⬇  Bureau/bin/fr/System.Web.Razor.resources.dll
[2026-09-03 11:15:53] [INFO]    ⬆  Rejeu de 1 version(s) : Bureau/bin/fr/System.Web.Razor.resources.dll
[2026-09-03 11:15:55] [WARN]       v1 EnsureUser echoue (fethy.faradji@infopro-digital.com) : EnsureUser 401 : {}
[2026-09-03 11:15:55] [WARN]       v1 VVI echoue : SP REST 401 : {}
[2026-09-03 11:15:56] [WARN]       v1 : auteur non restaure (VVI non valide) pour 'fethy.faradji@infopro-digital.com'
[2026-09-03 11:15:57] [INFO] Restauration auteur version: tentative via SharePoint VVI terminee (voir logs vN pour le detail).
[2026-09-03 11:15:57] [SUCCESS] ✅ Bureau/bin/fr/System.Web.Razor.resources.dll - historique copie (1 version(s))
[2026-09-03 11:15:58] [INFO] [8/12905] Bureau/bin/fr/System.Web.WebPages.Deployment.resources.dll (16848 o)
[2026-09-03 11:15:58] [INFO]    ⬇  Bureau/bin/fr/System.Web.WebPages.Deployment.resources.dll
[2026-09-03 11:15:59] [INFO]    ⬆  Rejeu de 1 version(s) : Bureau/bin/fr/System.Web.WebPages.Deployment.resources.dll
[2026-09-03 11:16:01] [WARN]       v1 EnsureUser echoue (fethy.faradji@infopro-digital.com) : EnsureUser 401 : {}
[2026-09-03 11:16:01] [WARN]       v1 VVI echoue : SP REST 401 : {}
[2026-09-03 11:16:01] [WARN]       v1 : auteur non restaure (VVI non valide) pour 'fethy.faradji@infopro-digital.com'
[2026-09-03 11:16:03] [INFO] Restauration auteur version: tentative via SharePoint VVI terminee (voir logs vN pour le detail).
[2026-09-03 11:16:03] [SUCCESS] ✅ Bureau/bin/fr/System.Web.WebPages.Deployment.resources.dll - historique copie (1 version(s))
[2026-09-03 11:16:03] [INFO] [9/12905] Bureau/bin/fr/System.Web.WebPages.Razor.resources.dll (15840 o)
[2026-09-03 11:16:04] [INFO]    ⬇  Bureau/bin/fr/System.Web.WebPages.Razor.resources.dll
[2026-09-03 11:16:04] [INFO]    ⬆  Rejeu de 1 version(s) : Bureau/bin/fr/System.Web.WebPages.Razor.resources.dll
[2026-09-03 11:16:06] [WARN]       v1 EnsureUser echoue (fethy.faradji@infopro-digital.com) : EnsureUser 401 : {}
[2026-09-03 11:16:06] [WARN]       v1 VVI echoue : SP REST 401 : {}
[2026-09-03 11:16:07] [WARN]       v1 : auteur non restaure (VVI non valide) pour 'fethy.faradji@infopro-digital.com'
[2026-09-03 11:16:08] [INFO] Restauration auteur version: tentative via SharePoint VVI terminee (voir logs vN pour le detail).
[2026-09-03 11:16:08] [SUCCESS] ✅ Bureau/bin/fr/System.Web.WebPages.Razor.resources.dll - historique copie (1 version(s))
[2026-09-03 11:16:08] [INFO] [10/12905] Bureau/bin/fr/System.Web.WebPages.resources.dll (26072 o)
[2026-09-03 11:16:08] [INFO]    ⬇  Bureau/bin/fr/System.Web.WebPages.resources.dll
[2026-09-03 11:16:09] [INFO]    ⬆  Rejeu de 1 version(s) : Bureau/bin/fr/System.Web.WebPages.resources.dll
[2026-09-03 11:16:11] [WARN]       v1 EnsureUser echoue (fethy.faradji@infopro-digital.com) : EnsureUser 401 : {}
[2026-09-03 11:16:11] [WARN]       v1 VVI echoue : SP REST 401 : {}
[2026-09-03 11:16:11] [WARN]       v1 : auteur non restaure (VVI non valide) pour 'fethy.faradji@infopro-digital.com'
[2026-09-03 11:16:13] [INFO] Restauration auteur version: tentative via SharePoint VVI terminee (voir logs vN pour le detail).
[2026-09-03 11:16:13] [SUCCESS] ✅ Bureau/bin/fr/System.Web.WebPages.resources.dll - historique copie (1 version(s))
[2026-09-03 11:16:13] [INFO] [11/12905] Bureau/bin/roslyn/csc.exe (49584 o)
[2026-09-03 11:16:14] [INFO]    ⬇  Bureau/bin/roslyn/csc.exe
[2026-09-03 11:16:15] [INFO]    ⬆  Rejeu de 1 version(s) : Bureau/bin/roslyn/csc.exe
[2026-09-03 11:16:16] [WARN]       v1 EnsureUser echoue (fethy.faradji@infopro-digital.com) : EnsureUser 401 : {}
[2026-09-03 11:16:16] [WARN]       v1 VVI echoue : SP REST 401 : {}
[2026-09-03 11:16:17] [WARN]       v1 : auteur non restaure (VVI non valide) pour 'fethy.faradji@infopro-digital.com'
[2026-09-03 11:16:18] [INFO] Restauration auteur version: tentative via SharePoint VVI terminee (voir logs vN pour le detail).
[2026-09-03 11:16:18] [SUCCESS] ✅ Bureau/bin/roslyn/csc.exe - historique copie (1 version(s))
[2026-09-03 11:16:18] [INFO] [12/12905] Bureau/bin/roslyn/csc.exe.config (7880 o)
[2026-09-03 11:16:18] [INFO]    ⬇  Bureau/bin/roslyn/csc.exe.config
[2026-09-03 11:16:19] [INFO]    ⬆  Rejeu de 1 version(s) : Bureau/bin/roslyn/csc.exe.config
[2026-09-03 11:16:21] [WARN]       v1 EnsureUser echoue (fethy.faradji@infopro-digital.com) : EnsureUser 401 : {}
[2026-09-03 11:16:21] [WARN]       v1 VVI echoue : SP REST 401 : {}
[2026-09-03 11:16:22] [WARN]       v1 : auteur non restaure (VVI non valide) pour 'fethy.faradji@infopro-digital.com'
[2026-09-03 11:16:23] [INFO] Restauration auteur version: tentative via SharePoint VVI terminee (voir logs vN pour le detail).
[2026-09-03 11:16:23] [SUCCESS] ✅ Bureau/bin/roslyn/csc.exe.config - historique copie (1 version(s))
[2026-09-03 11:16:23] [INFO] [13/12905] Bureau/bin/roslyn/csc.rsp (1496 o)
[2026-09-03 11:16:23] [INFO]    ⬇  Bureau/bin/roslyn/csc.rsp
[2026-09-03 11:16:25] [INFO]    ⬆  Rejeu de 1 version(s) : Bureau/bin/roslyn/csc.rsp
[2026-09-03 11:16:26] [WARN]       v1 EnsureUser echoue (fethy.faradji@infopro-digital.com) : EnsureUser 401 : {}
[2026-09-03 11:16:26] [WARN]       v1 VVI echoue : SP REST 401 : {}
[2026-09-03 11:16:27] [WARN]       v1 : auteur non restaure (VVI non valide) pour 'fethy.faradji@infopro-digital.com'
[2026-09-03 11:16:28] [INFO] Restauration auteur version: tentative via SharePoint VVI terminee (voir logs vN pour le detail).
[2026-09-03 11:16:28] [SUCCESS] ✅ Bureau/bin/roslyn/csc.rsp - historique copie (1 version(s))
[2026-09-03 11:16:29] [INFO] [14/12905] Bureau/bin/roslyn/csi.exe (15272 o)
[2026-09-03 11:16:29] [INFO]    ⬇  Bureau/bin/roslyn/csi.exe
[2026-09-03 11:16:30] [INFO]    ⬆  Rejeu de 1 version(s) : Bureau/bin/roslyn/csi.exe
[2026-09-03 11:16:32] [WARN]       v1 EnsureUser echoue (fethy.faradji@infopro-digital.com) : EnsureUser 401 : {}
[2026-09-03 11:16:32] [WARN]       v1 VVI echoue : SP REST 401 : {}
[2026-09-03 11:16:32] [WARN]       v1 : auteur non restaure (VVI non valide) pour 'fethy.faradji@infopro-digital.com'
[2026-09-03 11:16:34] [INFO] Restauration auteur version: tentative via SharePoint VVI terminee (voir logs vN pour le detail).
[2026-09-03 11:16:34] [SUCCESS] ✅ Bureau/bin/roslyn/csi.exe - historique copie (1 version(s))
[2026-09-03 11:16:34] [INFO] [15/12905] Bureau/bin/roslyn/csi.exe.config (8476 o)
[2026-09-03 11:16:34] [INFO]    ⬇  Bureau/bin/roslyn/csi.exe.config
[2026-09-03 11:16:35] [INFO]    ⬆  Rejeu de 1 version(s) : Bureau/bin/roslyn/csi.exe.config
[2026-09-03 11:16:37] [WARN]       v1 EnsureUser echoue (fethy.faradji@infopro-digital.com) : EnsureUser 401 : {}
[2026-09-03 11:16:37] [WARN]       v1 VVI echoue : SP REST 401 : {}
[2026-09-03 11:16:37] [WARN]       v1 : auteur non restaure (VVI non valide) pour 'fethy.faradji@infopro-digital.com'
[2026-09-03 11:16:39] [INFO] Restauration auteur version: tentative via SharePoint VVI terminee (voir logs vN pour le detail).
[2026-09-03 11:16:39] [SUCCESS] ✅ Bureau/bin/roslyn/csi.exe.config - historique copie (1 version(s))
[2026-09-03 11:16:39] [INFO] [16/12905] Bureau/bin/roslyn/csi.rsp (279 o)
[2026-09-03 11:16:39] [INFO]    ⬇  Bureau/bin/roslyn/csi.rsp
[2026-09-03 11:16:40] [INFO]    ⬆  Rejeu de 1 version(s) : Bureau/bin/roslyn/csi.rsp
[2026-09-03 11:16:41] [WARN]       v1 EnsureUser echoue (fethy.faradji@infopro-digital.com) : EnsureUser 401 : {}
[2026-09-03 11:16:41] [WARN]       v1 VVI echoue : SP REST 401 : {}
[2026-09-03 11:16:42] [WARN]       v1 : auteur non restaure (VVI non valide) pour 'fethy.faradji@infopro-digital.com'
[2026-09-03 11:16:43] [INFO] Restauration auteur version: tentative via SharePoint VVI terminee (voir logs vN pour le detail).
[2026-09-03 11:16:43] [SUCCESS] ✅ Bureau/bin/roslyn/csi.rsp - historique copie (1 version(s))
[2026-09-03 11:16:43] [INFO] [17/12905] Bureau/bin/roslyn/Microsoft.Build.Tasks.CodeAnalysis.dll (122288 o)
[2026-09-03 11:16:44] [INFO]    ⬇  Bureau/bin/roslyn/Microsoft.Build.Tasks.CodeAnalysis.dll
[2026-09-03 11:16:45] [INFO]    ⬆  Rejeu de 1 version(s) : Bureau/bin/roslyn/Microsoft.Build.Tasks.CodeAnalysis.dll
[2026-09-03 11:16:47] [WARN]       v1 EnsureUser echoue (fethy.faradji@infopro-digital.com) : EnsureUser 401 : {}
[2026-09-03 11:16:47] [WARN]       v1 VVI echoue : SP REST 401 : {}
[2026-09-03 11:16:47] [WARN]       v1 : auteur non restaure (VVI non valide) pour 'fethy.faradji@infopro-digital.com'
[2026-09-03 11:16:48] [INFO] Restauration auteur version: tentative via SharePoint VVI terminee (voir logs vN pour le detail).
[2026-09-03 11:16:49] [SUCCESS] ✅ Bureau/bin/roslyn/Microsoft.Build.Tasks.CodeAnalysis.dll - historique copie (1 version(s))
[2026-09-03 11:16:49] [INFO] [18/12905] Bureau/bin/roslyn/Microsoft.CodeAnalysis.CSharp.dll (4896176 o)
[2026-09-03 11:16:49] [INFO]    ⬇  Bureau/bin/roslyn/Microsoft.CodeAnalysis.CSharp.dll
[2026-09-03 11:16:50] [INFO]    ⬆  Rejeu de 1 version(s) : Bureau/bin/roslyn/Microsoft.CodeAnalysis.CSharp.dll
[2026-09-03 11:16:55] [WARN]       v1 EnsureUser echoue (fethy.faradji@infopro-digital.com) : EnsureUser 401 : {}
[2026-09-03 11:16:56] [WARN]       v1 VVI echoue : SP REST 401 : {}
[2026-09-03 11:16:56] [WARN]       v1 : auteur non restaure (VVI non valide) pour 'fethy.faradji@infopro-digital.com'
[2026-09-03 11:16:57] [INFO] Restauration auteur version: tentative via SharePoint VVI terminee (voir logs vN pour le detail).
[2026-09-03 11:16:57] [SUCCESS] ✅ Bureau/bin/roslyn/Microsoft.CodeAnalysis.CSharp.dll - historique copie (1 version(s))
[2026-09-03 11:16:57] [INFO] [19/12905] Bureau/bin/roslyn/Microsoft.CodeAnalysis.CSharp.Scripting.dll (28592 o)
[2026-09-03 11:16:58] [INFO]    ⬇  Bureau/bin/roslyn/Microsoft.CodeAnalysis.CSharp.Scripting.dll
[2026-09-03 11:16:59] [INFO]    ⬆  Rejeu de 1 version(s) : Bureau/bin/roslyn/Microsoft.CodeAnalysis.CSharp.Scripting.dll
[2026-09-03 11:17:00] [WARN]       v1 EnsureUser echoue (fethy.faradji@infopro-digital.com) : EnsureUser 401 : {}
[2026-09-03 11:17:00] [WARN]       v1 VVI echoue : SP REST 401 : {}
[2026-09-03 11:17:01] [WARN]       v1 : auteur non restaure (VVI non valide) pour 'fethy.faradji@infopro-digital.com'
[2026-09-03 11:17:02] [INFO] Restauration auteur version: tentative via SharePoint VVI terminee (voir logs vN pour le detail).
[2026-09-03 11:17:02] [SUCCESS] ✅ Bureau/bin/roslyn/Microsoft.CodeAnalysis.CSharp.Scripting.dll - historique copie (1 version(s))
[2026-09-03 11:17:03] [INFO] [20/12905] Bureau/bin/roslyn/Microsoft.CodeAnalysis.dll (2721712 o)
[2026-09-03 11:17:03] [INFO]    ⬇  Bureau/bin/roslyn/Microsoft.CodeAnalysis.dll
[2026-09-03 11:17:04] [INFO]    ⬆  Rejeu de 1 version(s) : Bureau/bin/roslyn/Microsoft.CodeAnalysis.dll
[2026-09-03 11:17:08] [WARN]       v1 EnsureUser echoue (fethy.faradji@infopro-digital.com) : EnsureUser 401 : {}
[2026-09-03 11:17:08] [WARN]       v1 VVI echoue : SP REST 401 : {}
[2026-09-03 11:17:08] [WARN]       v1 : auteur non restaure (VVI non valide) pour 'fethy.faradji@infopro-digital.com'
[2026-09-03 11:17:09] [INFO] Restauration auteur version: tentative via SharePoint VVI terminee (voir logs vN pour le detail).
[2026-09-03 11:17:09] [SUCCESS] ✅ Bureau/bin/roslyn/Microsoft.CodeAnalysis.dll - historique copie (1 version(s))
[2026-09-03 11:17:09] [INFO] [21/12905] Bureau/bin/roslyn/Microsoft.CodeAnalysis.Scripting.dll (127920 o)
[2026-09-03 11:17:10] [INFO]    ⬇  Bureau/bin/roslyn/Microsoft.CodeAnalysis.Scripting.dll
[2026-09-03 11:17:11] [INFO]    ⬆  Rejeu de 1 version(s) : Bureau/bin/roslyn/Microsoft.CodeAnalysis.Scripting.dll
[2026-09-03 11:17:12] [WARN]       v1 EnsureUser echoue (fethy.faradji@infopro-digital.com) : EnsureUser 401 : {}
[2026-09-03 11:17:12] [WARN]       v1 VVI echoue : SP REST 401 : {}
[2026-09-03 11:17:13] [WARN]       v1 : auteur non restaure (VVI non valide) pour 'fethy.faradji@infopro-digital.com'
[2026-09-03 11:17:14] [INFO] Restauration auteur version: tentative via SharePoint VVI terminee (voir logs vN pour le detail).
[2026-09-03 11:17:14] [SUCCESS] ✅ Bureau/bin/roslyn/Microsoft.CodeAnalysis.Scripting.dll - historique copie (1 version(s))
[2026-09-03 11:17:14] [INFO] [22/12905] Bureau/bin/roslyn/Microsoft.CodeAnalysis.VisualBasic.dll (5425584 o)
[2026-09-03 11:17:15] [INFO]    ⬇  Bureau/bin/roslyn/Microsoft.CodeAnalysis.VisualBasic.dll
[2026-09-03 11:17:16] [INFO]    ⬆  Rejeu de 1 version(s) : Bureau/bin/roslyn/Microsoft.CodeAnalysis.VisualBasic.dll
[2026-09-03 11:17:20] [WARN]       v1 EnsureUser echoue (fethy.faradji@infopro-digital.com) : EnsureUser 401 : {}
[2026-09-03 11:17:20] [WARN]       v1 VVI echoue : SP REST 401 : {}
[2026-09-03 11:17:20] [WARN]       v1 : auteur non restaure (VVI non valide) pour 'fethy.faradji@infopro-digital.com'
[2026-09-03 11:17:22] [INFO] Restauration auteur version: tentative via SharePoint VVI terminee (voir logs vN pour le detail).
[2026-09-03 11:17:22] [SUCCESS] ✅ Bureau/bin/roslyn/Microsoft.CodeAnalysis.VisualBasic.dll - historique copie (1 version(s))
[2026-09-03 11:17:22] [INFO] [23/12905] Bureau/bin/roslyn/Microsoft.CSharp.Core.targets (6818 o)
[2026-09-03 11:17:22] [INFO]    ⬇  Bureau/bin/roslyn/Microsoft.CSharp.Core.targets
[2026-09-03 11:17:23] [INFO]    ⬆  Rejeu de 1 version(s) : Bureau/bin/roslyn/Microsoft.CSharp.Core.targets
[2026-09-03 11:17:25] [WARN]       v1 EnsureUser echoue (fethy.faradji@infopro-digital.com) : EnsureUser 401 : {}
[2026-09-03 11:17:25] [WARN]       v1 VVI echoue : SP REST 401 : {}
[2026-09-03 11:17:25] [WARN]       v1 : auteur non restaure (VVI non valide) pour 'fethy.faradji@infopro-digital.com'
[2026-09-03 11:17:27] [INFO] Restauration auteur version: tentative via SharePoint VVI terminee (voir logs vN pour le detail).
[2026-09-03 11:17:27] [SUCCESS] ✅ Bureau/bin/roslyn/Microsoft.CSharp.Core.targets - historique copie (1 version(s))
[2026-09-03 11:17:27] [INFO] [24/12905] Bureau/bin/roslyn/Microsoft.DiaSymReader.Native.amd64.dll (1495800 o)
[2026-09-03 11:17:27] [INFO]    ⬇  Bureau/bin/roslyn/Microsoft.DiaSymReader.Native.amd64.dll
[2026-09-03 11:17:29] [INFO]    ⬆  Rejeu de 1 version(s) : Bureau/bin/roslyn/Microsoft.DiaSymReader.Native.amd64.dll
[2026-09-03 11:17:32] [WARN]       v1 EnsureUser echoue (fethy.faradji@infopro-digital.com) : EnsureUser 401 : {}
[2026-09-03 11:17:32] [WARN]       v1 VVI echoue : SP REST 401 : {}
[2026-09-03 11:17:32] [WARN]       v1 : auteur non restaure (VVI non valide) pour 'fethy.faradji@infopro-digital.com'
[2026-09-03 11:17:34] [INFO] Restauration auteur version: tentative via SharePoint VVI terminee (voir logs vN pour le detail).
[2026-09-03 11:17:34] [SUCCESS] ✅ Bureau/bin/roslyn/Microsoft.DiaSymReader.Native.amd64.dll - historique copie (1 version(s))
[2026-09-03 11:17:35] [INFO] [25/12905] Bureau/bin/roslyn/Microsoft.DiaSymReader.Native.x86.dll (1188080 o)
[2026-09-03 11:17:35] [INFO]    ⬇  Bureau/bin/roslyn/Microsoft.DiaSymReader.Native.x86.dll
[2026-09-03 11:17:36] [INFO]    ⬆  Rejeu de 1 version(s) : Bureau/bin/roslyn/Microsoft.DiaSymReader.Native.x86.dll
[2026-09-03 11:17:38] [WARN]       v1 EnsureUser echoue (fethy.faradji@infopro-digital.com) : EnsureUser 401 : {}
[2026-09-03 11:17:38] [WARN]       v1 VVI echoue : SP REST 401 : {}
[2026-09-03 11:17:39] [WARN]       v1 : auteur non restaure (VVI non valide) pour 'fethy.faradji@infopro-digital.com'
[2026-09-03 11:17:40] [INFO] Restauration auteur version: tentative via SharePoint VVI terminee (voir logs vN pour le detail).
[2026-09-03 11:17:40] [SUCCESS] ✅ Bureau/bin/roslyn/Microsoft.DiaSymReader.Native.x86.dll - historique copie (1 version(s))
[2026-09-03 11:17:41] [INFO] [26/12905] Bureau/bin/roslyn/Microsoft.Managed.Core.targets (7517 o)
[2026-09-03 11:17:41] [INFO]    ⬇  Bureau/bin/roslyn/Microsoft.Managed.Core.targets
[2026-09-03 11:17:42] [INFO]    ⬆  Rejeu de 1 version(s) : Bureau/bin/roslyn/Microsoft.Managed.Core.targets
[2026-09-03 11:17:44] [WARN]       v1 EnsureUser echoue (fethy.faradji@infopro-digital.com) : EnsureUser 401 : {}
[2026-09-03 11:17:44] [WARN]       v1 VVI echoue : SP REST 401 : {}
[2026-09-03 11:17:45] [WARN]       v1 : auteur non restaure (VVI non valide) pour 'fethy.faradji@infopro-digital.com'
[2026-09-03 11:17:46] [INFO] Restauration auteur version: tentative via SharePoint VVI terminee (voir logs vN pour le detail).
[2026-09-03 11:17:47] [SUCCESS] ✅ Bureau/bin/roslyn/Microsoft.Managed.Core.targets - historique copie (1 version(s))
[2026-09-03 11:17:47] [INFO] [27/12905] Bureau/bin/roslyn/Microsoft.VisualBasic.Core.targets (6236 o)
[2026-09-03 11:17:47] [INFO]    ⬇  Bureau/bin/roslyn/Microsoft.VisualBasic.Core.targets
[2026-09-03 11:17:48] [INFO]    ⬆  Rejeu de 1 version(s) : Bureau/bin/roslyn/Microsoft.VisualBasic.Core.targets
[2026-09-03 11:17:50] [WARN]       v1 EnsureUser echoue (fethy.faradji@infopro-digital.com) : EnsureUser 401 : {}
[2026-09-03 11:17:50] [WARN]       v1 VVI echoue : SP REST 401 : {}
[2026-09-03 11:17:50] [WARN]       v1 : auteur non restaure (VVI non valide) pour 'fethy.faradji@infopro-digital.com'
[2026-09-03 11:17:52] [INFO] Restauration auteur version: tentative via SharePoint VVI terminee (voir logs vN pour le detail).
[2026-09-03 11:17:52] [SUCCESS] ✅ Bureau/bin/roslyn/Microsoft.VisualBasic.Core.targets - historique copie (1 version(s))
[2026-09-03 11:17:52] [INFO] [28/12905] Bureau/bin/roslyn/Microsoft.Win32.Primitives.dll (22768 o)
[2026-09-03 11:17:52] [INFO]    ⬇  Bureau/bin/roslyn/Microsoft.Win32.Primitives.dll
[2026-09-03 11:17:53] [INFO]    ⬆  Rejeu de 1 version(s) : Bureau/bin/roslyn/Microsoft.Win32.Primitives.dll
[2026-09-03 11:17:54] [WARN]       v1 EnsureUser echoue (fethy.faradji@infopro-digital.com) : EnsureUser 401 : {}
[2026-09-03 11:17:54] [WARN]       v1 VVI echoue : SP REST 401 : {}
[2026-09-03 11:17:55] [WARN]       v1 : auteur non restaure (VVI non valide) pour 'fethy.faradji@infopro-digital.com'
[2026-09-03 11:17:57] [INFO] Restauration auteur version: tentative via SharePoint VVI terminee (voir logs vN pour le detail).
[2026-09-03 11:17:57] [SUCCESS] ✅ Bureau/bin/roslyn/Microsoft.Win32.Primitives.dll - historique copie (1 version(s))
[2026-09-03 11:17:57] [INFO] [29/12905] Bureau/bin/roslyn/System.AppContext.dll (20168 o)
[2026-09-03 11:17:57] [INFO]    ⬇  Bureau/bin/roslyn/System.AppContext.dll
[2026-09-03 11:17:58] [INFO]    ⬆  Rejeu de 1 version(s) : Bureau/bin/roslyn/System.AppContext.dll
[2026-09-03 11:17:59] [WARN]       v1 EnsureUser echoue (fethy.faradji@infopro-digital.com) : EnsureUser 401 : {}
[2026-09-03 11:17:59] [WARN]       v1 VVI echoue : SP REST 401 : {}
[2026-09-03 11:18:00] [WARN]       v1 : auteur non restaure (VVI non valide) pour 'fethy.faradji@infopro-digital.com'
[2026-09-03 11:18:01] [INFO] Restauration auteur version: tentative via SharePoint VVI terminee (voir logs vN pour le detail).
[2026-09-03 11:18:01] [SUCCESS] ✅ Bureau/bin/roslyn/System.AppContext.dll - historique copie (1 version(s))
[2026-09-03 11:18:01] [INFO] [30/12905] Bureau/bin/roslyn/System.Collections.Immutable.dll (358536 o)
[2026-09-03 11:18:01] [INFO]    ⬇  Bureau/bin/roslyn/System.Collections.Immutable.dll
[2026-09-03 11:18:02] [INFO]    ⬆  Rejeu de 1 version(s) : Bureau/bin/roslyn/System.Collections.Immutable.dll
[2026-09-03 11:18:04] [WARN]       v1 EnsureUser echoue (fethy.faradji@infopro-digital.com) : EnsureUser 401 : {}
[2026-09-03 11:18:04] [WARN]       v1 VVI echoue : SP REST 401 : {}
[2026-09-03 11:18:04] [WARN]       v1 : auteur non restaure (VVI non valide) pour 'fethy.faradji@infopro-digital.com'
[2026-09-03 11:18:06] [INFO] Restauration auteur version: tentative via SharePoint VVI terminee (voir logs vN pour le detail).
[2026-09-03 11:18:06] [SUCCESS] ✅ Bureau/bin/roslyn/System.Collections.Immutable.dll - historique copie (1 version(s))
[2026-09-03 11:18:06] [INFO] [31/12905] Bureau/bin/roslyn/System.Console.dll (34496 o)
[2026-09-03 11:18:07] [INFO]    ⬇  Bureau/bin/roslyn/System.Console.dll
[2026-09-03 11:18:08] [INFO]    ⬆  Rejeu de 1 version(s) : Bureau/bin/roslyn/System.Console.dll
[2026-09-03 11:18:10] [WARN]       v1 EnsureUser echoue (fethy.faradji@infopro-digital.com) : EnsureUser 401 : {}
[2026-09-03 11:18:10] [WARN]       v1 VVI echoue : SP REST 401 : {}
[2026-09-03 11:18:10] [WARN]       v1 : auteur non restaure (VVI non valide) pour 'fethy.faradji@infopro-digital.com'
[2026-09-03 11:18:12] [INFO] Restauration auteur version: tentative via SharePoint VVI terminee (voir logs vN pour le detail).
[2026-09-03 11:18:12] [SUCCESS] ✅ Bureau/bin/roslyn/System.Console.dll - historique copie (1 version(s))
[2026-09-03 11:18:12] [INFO] [32/12905] Bureau/bin/roslyn/System.Diagnostics.DiagnosticSource.dll (35760 o)
[2026-09-03 11:18:12] [INFO]    ⬇  Bureau/bin/roslyn/System.Diagnostics.DiagnosticSource.dll
[2026-09-03 11:18:13] [INFO]    ⬆  Rejeu de 1 version(s) : Bureau/bin/roslyn/System.Diagnostics.DiagnosticSource.dll
[2026-09-03 11:18:15] [WARN]       v1 EnsureUser echoue (fethy.faradji@infopro-digital.com) : EnsureUser 401 : {}
[2026-09-03 11:18:15] [WARN]       v1 VVI echoue : SP REST 401 : {}
[2026-09-03 11:18:15] [WARN]       v1 : auteur non restaure (VVI non valide) pour 'fethy.faradji@infopro-digital.com'
[2026-09-03 11:18:17] [INFO] Restauration auteur version: tentative via SharePoint VVI terminee (voir logs vN pour le detail).
[2026-09-03 11:18:17] [SUCCESS] ✅ Bureau/bin/roslyn/System.Diagnostics.DiagnosticSource.dll - historique copie (1 version(s))
[2026-09-03 11:18:18] [INFO] [33/12905] Bureau/bin/roslyn/System.Diagnostics.FileVersionInfo.dll (23464 o)
[2026-09-03 11:18:18] [INFO]    ⬇  Bureau/bin/roslyn/System.Diagnostics.FileVersionInfo.dll
[2026-09-03 11:18:19] [INFO]    ⬆  Rejeu de 1 version(s) : Bureau/bin/roslyn/System.Diagnostics.FileVersionInfo.dll
[2026-09-03 11:18:20] [WARN]       v1 EnsureUser echoue (fethy.faradji@infopro-digital.com) : EnsureUser 401 : {}
[2026-09-03 11:18:20] [WARN]       v1 VVI echoue : SP REST 401 : {}
[2026-09-03 11:18:21] [WARN]       v1 : auteur non restaure (VVI non valide) pour 'fethy.faradji@infopro-digital.com'
[2026-09-03 11:18:22] [INFO] Restauration auteur version: tentative via SharePoint VVI terminee (voir logs vN pour le detail).
[2026-09-03 11:18:22] [SUCCESS] ✅ Bureau/bin/roslyn/System.Diagnostics.FileVersionInfo.dll - historique copie (1 version(s))
[2026-09-03 11:18:22] [INFO] [34/12905] Bureau/bin/roslyn/System.Diagnostics.StackTrace.dll (23288 o)
[2026-09-03 11:18:22] [INFO]    ⬇  Bureau/bin/roslyn/System.Diagnostics.StackTrace.dll
[2026-09-03 11:18:23] [INFO]    ⬆  Rejeu de 1 version(s) : Bureau/bin/roslyn/System.Diagnostics.StackTrace.dll
[2026-09-03 11:18:25] [WARN]       v1 EnsureUser echoue (fethy.faradji@infopro-digital.com) : EnsureUser 401 : {}
[2026-09-03 11:18:25] [WARN]       v1 VVI echoue : SP REST 401 : {}
[2026-09-03 11:18:26] [WARN]       v1 : auteur non restaure (VVI non valide) pour 'fethy.faradji@infopro-digital.com'
[2026-09-03 11:18:27] [INFO] Restauration auteur version: tentative via SharePoint VVI terminee (voir logs vN pour le detail).
[2026-09-03 11:18:27] [SUCCESS] ✅ Bureau/bin/roslyn/System.Diagnostics.StackTrace.dll - historique copie (1 version(s))
[2026-09-03 11:18:27] [INFO] [35/12905] Bureau/bin/roslyn/System.Globalization.Calendars.dll (23296 o)
[2026-09-03 11:18:28] [INFO]    ⬇  Bureau/bin/roslyn/System.Globalization.Calendars.dll
[2026-09-03 11:18:29] [INFO]    ⬆  Rejeu de 1 version(s) : Bureau/bin/roslyn/System.Globalization.Calendars.dll
[2026-09-03 11:18:30] [WARN]       v1 EnsureUser echoue (fethy.faradji@infopro-digital.com) : EnsureUser 401 : {}
[2026-09-03 11:18:30] [WARN]       v1 VVI echoue : SP REST 401 : {}
[2026-09-03 11:18:31] [WARN]       v1 : auteur non restaure (VVI non valide) pour 'fethy.faradji@infopro-digital.com'
[2026-09-03 11:18:32] [INFO] Restauration auteur version: tentative via SharePoint VVI terminee (voir logs vN pour le detail).
[2026-09-03 11:18:32] [SUCCESS] ✅ Bureau/bin/roslyn/System.Globalization.Calendars.dll - historique copie (1 version(s))
[2026-09-03 11:18:32] [INFO] [36/12905] Bureau/bin/roslyn/System.IO.Compression.dll (111984 o)
[2026-09-03 11:18:32] [INFO]    ⬇  Bureau/bin/roslyn/System.IO.Compression.dll
[2026-09-03 11:18:33] [INFO]    ⬆  Rejeu de 1 version(s) : Bureau/bin/roslyn/System.IO.Compression.dll
[2026-09-03 11:18:35] [WARN]       v1 EnsureUser echoue (fethy.faradji@infopro-digital.com) : EnsureUser 401 : {}
[2026-09-03 11:18:35] [WARN]       v1 VVI echoue : SP REST 401 : {}
[2026-09-03 11:18:36] [WARN]       v1 : auteur non restaure (VVI non valide) pour 'fethy.faradji@infopro-digital.com'
[2026-09-03 11:18:37] [INFO] Restauration auteur version: tentative via SharePoint VVI terminee (voir logs vN pour le detail).
[2026-09-03 11:18:37] [SUCCESS] ✅ Bureau/bin/roslyn/System.IO.Compression.dll - historique copie (1 version(s))
[2026-09-03 11:18:37] [INFO] [37/12905] Bureau/bin/roslyn/System.IO.Compression.ZipFile.dll (24824 o)
[2026-09-03 11:18:37] [INFO]    ⬇  Bureau/bin/roslyn/System.IO.Compression.ZipFile.dll
[2026-09-03 11:18:38] [INFO]    ⬆  Rejeu de 1 version(s) : Bureau/bin/roslyn/System.IO.Compression.ZipFile.dll
[2026-09-03 11:18:40] [WARN]       v1 EnsureUser echoue (fethy.faradji@infopro-digital.com) : EnsureUser 401 : {}
[2026-09-03 11:18:40] [WARN]       v1 VVI echoue : SP REST 401 : {}
[2026-09-03 11:18:40] [WARN]       v1 : auteur non restaure (VVI non valide) pour 'fethy.faradji@infopro-digital.com'
[2026-09-03 11:18:42] [INFO] Restauration auteur version: tentative via SharePoint VVI terminee (voir logs vN pour le detail).
[2026-09-03 11:18:42] [SUCCESS] ✅ Bureau/bin/roslyn/System.IO.Compression.ZipFile.dll - historique copie (1 version(s))
[2026-09-03 11:18:42] [INFO] [38/12905] Bureau/bin/roslyn/System.IO.FileSystem.dll (22736 o)
[2026-09-03 11:18:42] [INFO]    ⬇  Bureau/bin/roslyn/System.IO.FileSystem.dll
[2026-09-03 11:18:43] [INFO]    ⬆  Rejeu de 1 version(s) : Bureau/bin/roslyn/System.IO.FileSystem.dll
[2026-09-03 11:18:44] [WARN]       v1 EnsureUser echoue (fethy.faradji@infopro-digital.com) : EnsureUser 401 : {}
[2026-09-03 11:18:44] [WARN]       v1 VVI echoue : SP REST 401 : {}
[2026-09-03 11:18:45] [WARN]       v1 : auteur non restaure (VVI non valide) pour 'fethy.faradji@infopro-digital.com'
[2026-09-03 11:18:46] [INFO] Restauration auteur version: tentative via SharePoint VVI terminee (voir logs vN pour le detail).
[2026-09-03 11:18:47] [SUCCESS] ✅ Bureau/bin/roslyn/System.IO.FileSystem.dll - historique copie (1 version(s))
[2026-09-03 11:18:47] [INFO] [39/12905] Bureau/bin/roslyn/System.IO.FileSystem.Primitives.dll (22784 o)
[2026-09-03 11:18:47] [INFO]    ⬇  Bureau/bin/roslyn/System.IO.FileSystem.Primitives.dll
[2026-09-03 11:18:48] [INFO]    ⬆  Rejeu de 1 version(s) : Bureau/bin/roslyn/System.IO.FileSystem.Primitives.dll
[2026-09-03 11:18:49] [WARN]       v1 EnsureUser echoue (fethy.faradji@infopro-digital.com) : EnsureUser 401 : {}
[2026-09-03 11:18:49] [WARN]       v1 VVI echoue : SP REST 401 : {}
[2026-09-03 11:18:49] [WARN]       v1 : auteur non restaure (VVI non valide) pour 'fethy.faradji@infopro-digital.com'
[2026-09-03 11:18:51] [INFO] Restauration auteur version: tentative via SharePoint VVI terminee (voir logs vN pour le detail).
[2026-09-03 11:18:51] [SUCCESS] ✅ Bureau/bin/roslyn/System.IO.FileSystem.Primitives.dll - historique copie (1 version(s))
[2026-09-03 11:18:51] [INFO] [40/12905] Bureau/bin/roslyn/System.Net.Http.dll (265048 o)
[2026-09-03 11:18:51] [INFO]    ⬇  Bureau/bin/roslyn/System.Net.Http.dll
[2026-09-03 11:18:51] [INFO]    ⬆  Rejeu de 1 version(s) : Bureau/bin/roslyn/System.Net.Http.dll
[2026-09-03 11:18:53] [WARN]       v1 EnsureUser echoue (fethy.faradji@infopro-digital.com) : EnsureUser 401 : {}
[2026-09-03 11:18:53] [WARN]       v1 VVI echoue : SP REST 401 : {}
[2026-09-03 11:18:53] [WARN]       v1 : auteur non restaure (VVI non valide) pour 'fethy.faradji@infopro-digital.com'
[2026-09-03 11:18:55] [INFO] Restauration auteur version: tentative via SharePoint VVI terminee (voir logs vN pour le detail).
[2026-09-03 11:18:55] [SUCCESS] ✅ Bureau/bin/roslyn/System.Net.Http.dll - historique copie (1 version(s))
[2026-09-03 11:18:55] [INFO] [41/12905] Bureau/bin/roslyn/System.Net.Sockets.dll (46280 o)
[2026-09-03 11:18:55] [INFO]    ⬇  Bureau/bin/roslyn/System.Net.Sockets.dll
[2026-09-03 11:18:56] [INFO]    ⬆  Rejeu de 1 version(s) : Bureau/bin/roslyn/System.Net.Sockets.dll
[2026-09-03 11:18:57] [WARN]       v1 EnsureUser echoue (fethy.faradji@infopro-digital.com) : EnsureUser 401 : {}
[2026-09-03 11:18:58] [WARN]       v1 VVI echoue : SP REST 401 : {}
[2026-09-03 11:18:58] [WARN]       v1 : auteur non restaure (VVI non valide) pour 'fethy.faradji@infopro-digital.com'
[2026-09-03 11:19:00] [INFO] Restauration auteur version: tentative via SharePoint VVI terminee (voir logs vN pour le detail).
[2026-09-03 11:19:00] [SUCCESS] ✅ Bureau/bin/roslyn/System.Net.Sockets.dll - historique copie (1 version(s))
[2026-09-03 11:19:00] [INFO] [42/12905] Bureau/bin/roslyn/System.Reflection.Metadata.dll (584848 o)
[2026-09-03 11:19:00] [INFO]    ⬇  Bureau/bin/roslyn/System.Reflection.Metadata.dll
[2026-09-03 11:19:01] [INFO]    ⬆  Rejeu de 1 version(s) : Bureau/bin/roslyn/System.Reflection.Metadata.dll
[2026-09-03 11:19:03] [WARN]       v1 EnsureUser echoue (fethy.faradji@infopro-digital.com) : EnsureUser 401 : {}
[2026-09-03 11:19:03] [WARN]       v1 VVI echoue : SP REST 401 : {}
[2026-09-03 11:19:04] [WARN]       v1 : auteur non restaure (VVI non valide) pour 'fethy.faradji@infopro-digital.com'
[2026-09-03 11:19:05] [INFO] Restauration auteur version: tentative via SharePoint VVI terminee (voir logs vN pour le detail).
[2026-09-03 11:19:05] [SUCCESS] ✅ Bureau/bin/roslyn/System.Reflection.Metadata.dll - historique copie (1 version(s))
[2026-09-03 11:19:05] [INFO] [43/12905] Bureau/bin/roslyn/System.Runtime.InteropServices.RuntimeInformation.dll (33256 o)
[2026-09-03 11:19:05] [INFO]    ⬇  Bureau/bin/roslyn/System.Runtime.InteropServices.RuntimeInformation.dll
[2026-09-03 11:19:06] [INFO]    ⬆  Rejeu de 1 version(s) : Bureau/bin/roslyn/System.Runtime.InteropServices.RuntimeInformation.dll
[2026-09-03 11:19:08] [WARN]       v1 EnsureUser echoue (fethy.faradji@infopro-digital.com) : EnsureUser 401 : {}
[2026-09-03 11:19:08] [WARN]       v1 VVI echoue : SP REST 401 : {}
[2026-09-03 11:19:09] [WARN]       v1 : auteur non restaure (VVI non valide) pour 'fethy.faradji@infopro-digital.com'
[2026-09-03 11:19:10] [INFO] Restauration auteur version: tentative via SharePoint VVI terminee (voir logs vN pour le detail).
[2026-09-03 11:19:10] [SUCCESS] ✅ Bureau/bin/roslyn/System.Runtime.InteropServices.RuntimeInformation.dll - historique copie (1 version(s))
[2026-09-03 11:19:11] [INFO] [44/12905] Bureau/bin/roslyn/System.Security.Cryptography.Algorithms.dll (39872 o)
[2026-09-03 11:19:11] [INFO]    ⬇  Bureau/bin/roslyn/System.Security.Cryptography.Algorithms.dll
[2026-09-03 11:19:12] [INFO]    ⬆  Rejeu de 1 version(s) : Bureau/bin/roslyn/System.Security.Cryptography.Algorithms.dll
[2026-09-03 11:19:14] [WARN]       v1 EnsureUser echoue (fethy.faradji@infopro-digital.com) : EnsureUser 401 : {}
[2026-09-03 11:19:14] [WARN]       v1 VVI echoue : SP REST 401 : {}
[2026-09-03 11:19:14] [WARN]       v1 : auteur non restaure (VVI non valide) pour 'fethy.faradji@infopro-digital.com'
[2026-09-03 11:19:16] [INFO] Restauration auteur version: tentative via SharePoint VVI terminee (voir logs vN pour le detail).
[2026-09-03 11:19:16] [SUCCESS] ✅ Bureau/bin/roslyn/System.Security.Cryptography.Algorithms.dll - historique copie (1 version(s))
[2026-09-03 11:19:16] [INFO] [45/12905] Bureau/bin/roslyn/System.Security.Cryptography.Encoding.dll (23480 o)
[2026-09-03 11:19:16] [INFO]    ⬇  Bureau/bin/roslyn/System.Security.Cryptography.Encoding.dll
[2026-09-03 11:19:17] [INFO]    ⬆  Rejeu de 1 version(s) : Bureau/bin/roslyn/System.Security.Cryptography.Encoding.dll
[2026-09-03 11:19:18] [WARN]       v1 EnsureUser echoue (fethy.faradji@infopro-digital.com) : EnsureUser 401 : {}
[2026-09-03 11:19:18] [WARN]       v1 VVI echoue : SP REST 401 : {}
[2026-09-03 11:19:19] [WARN]       v1 : auteur non restaure (VVI non valide) pour 'fethy.faradji@infopro-digital.com'
[2026-09-03 11:19:20] [INFO] Restauration auteur version: tentative via SharePoint VVI terminee (voir logs vN pour le detail).
[2026-09-03 11:19:20] [SUCCESS] ✅ Bureau/bin/roslyn/System.Security.Cryptography.Encoding.dll - historique copie (1 version(s))
[2026-09-03 11:19:20] [INFO] [46/12905] Bureau/bin/roslyn/System.Security.Cryptography.Primitives.dll (22816 o)
[2026-09-03 11:19:21] [INFO]    ⬇  Bureau/bin/roslyn/System.Security.Cryptography.Primitives.dll
[2026-09-03 11:19:21] [INFO]    ⬆  Rejeu de 1 version(s) : Bureau/bin/roslyn/System.Security.Cryptography.Primitives.dll
[2026-09-03 11:19:23] [WARN]       v1 EnsureUser echoue (fethy.faradji@infopro-digital.com) : EnsureUser 401 : {}
[2026-09-03 11:19:23] [WARN]       v1 VVI echoue : SP REST 401 : {}
[2026-09-03 11:19:23] [WARN]       v1 : auteur non restaure (VVI non valide) pour 'fethy.faradji@infopro-digital.com'
[2026-09-03 11:19:25] [INFO] Restauration auteur version: tentative via SharePoint VVI terminee (voir logs vN pour le detail).
[2026-09-03 11:19:25] [SUCCESS] ✅ Bureau/bin/roslyn/System.Security.Cryptography.Primitives.dll - historique copie (1 version(s))
[2026-09-03 11:19:25] [INFO] [47/12905] Bureau/bin/roslyn/System.Security.Cryptography.X509Certificates.dll (38872 o)
[2026-09-03 11:19:25] [INFO]    ⬇  Bureau/bin/roslyn/System.Security.Cryptography.X509Certificates.dll
[2026-09-03 11:19:27] [INFO]    ⬆  Rejeu de 1 version(s) : Bureau/bin/roslyn/System.Security.Cryptography.X509Certificates.dll
[2026-09-03 11:19:28] [WARN]       v1 EnsureUser echoue (fethy.faradji@infopro-digital.com) : EnsureUser 401 : {}
[2026-09-03 11:19:28] [WARN]       v1 VVI echoue : SP REST 401 : {}
[2026-09-03 11:19:29] [WARN]       v1 : auteur non restaure (VVI non valide) pour 'fethy.faradji@infopro-digital.com'
[2026-09-03 11:19:30] [INFO] Restauration auteur version: tentative via SharePoint VVI terminee (voir logs vN pour le detail).
[2026-09-03 11:19:30] [SUCCESS] ✅ Bureau/bin/roslyn/System.Security.Cryptography.X509Certificates.dll - historique copie (1 version(s))
[2026-09-03 11:19:30] [INFO] [48/12905] Bureau/bin/roslyn/System.Text.Encoding.CodePages.dll (766872 o)
[2026-09-03 11:19:30] [INFO]    ⬇  Bureau/bin/roslyn/System.Text.Encoding.CodePages.dll
[2026-09-03 11:19:31] [INFO]    ⬆  Rejeu de 1 version(s) : Bureau/bin/roslyn/System.Text.Encoding.CodePages.dll
[2026-09-03 11:19:34] [WARN]       v1 EnsureUser echoue (fethy.faradji@infopro-digital.com) : EnsureUser 401 : {}
[2026-09-03 11:19:34] [WARN]       v1 VVI echoue : SP REST 401 : {}
[2026-09-03 11:19:34] [WARN]       v1 : auteur non restaure (VVI non valide) pour 'fethy.faradji@infopro-digital.com'
[2026-09-03 11:19:35] [INFO] Restauration auteur version: tentative via SharePoint VVI terminee (voir logs vN pour le detail).
[2026-09-03 11:19:35] [SUCCESS] ✅ Bureau/bin/roslyn/System.Text.Encoding.CodePages.dll - historique copie (1 version(s))
[2026-09-03 11:19:35] [INFO] [49/12905] Bureau/bin/roslyn/System.Threading.Tasks.Extensions.dll (25864 o)
[2026-09-03 11:19:35] [INFO]    ⬇  Bureau/bin/roslyn/System.Threading.Tasks.Extensions.dll
[2026-09-03 11:19:36] [INFO]    ⬆  Rejeu de 1 version(s) : Bureau/bin/roslyn/System.Threading.Tasks.Extensions.dll
[2026-09-03 11:19:38] [WARN]       v1 EnsureUser echoue (fethy.faradji@infopro-digital.com) : EnsureUser 401 : {}
[2026-09-03 11:19:38] [WARN]       v1 VVI echoue : SP REST 401 : {}
[2026-09-03 11:19:39] [WARN]       v1 : auteur non restaure (VVI non valide) pour 'fethy.faradji@infopro-digital.com'
[2026-09-03 11:19:40] [INFO] Restauration auteur version: tentative via SharePoint VVI terminee (voir logs vN pour le detail).
[2026-09-03 11:19:40] [SUCCESS] ✅ Bureau/bin/roslyn/System.Threading.Tasks.Extensions.dll - historique copie (1 version(s))
[2026-09-03 11:19:41] [INFO] [50/12905] Bureau/bin/roslyn/System.ValueTuple.dll (77672 o)
[2026-09-03 11:19:41] [INFO]    ⬇  Bureau/bin/roslyn/System.ValueTuple.dll
[2026-09-03 11:19:42] [INFO]    ⬆  Rejeu de 1 version(s) : Bureau/bin/roslyn/System.ValueTuple.dll
[2026-09-03 11:19:44] [WARN]       v1 EnsureUser echoue (fethy.faradji@infopro-digital.com) : EnsureUser 401 : {}
[2026-09-03 11:19:44] [WARN]       v1 VVI echoue : SP REST 401 : {}
[2026-09-03 11:19:44] [WARN]       v1 : auteur non restaure (VVI non valide) pour 'fethy.faradji@infopro-digital.com'
[2026-09-03 11:19:46] [INFO] Restauration auteur version: tentative via SharePoint VVI terminee (voir logs vN pour le detail).
[2026-09-03 11:19:46] [SUCCESS] ✅ Bureau/bin/roslyn/System.ValueTuple.dll - historique copie (1 version(s))
[2026-09-03 11:19:46] [INFO] [51/12905] Bureau/bin/roslyn/System.Xml.ReaderWriter.dll (23264 o)
[2026-09-03 11:19:46] [INFO]    ⬇  Bureau/bin/roslyn/System.Xml.ReaderWriter.dll
[2026-09-03 11:19:47] [INFO]    ⬆  Rejeu de 1 version(s) : Bureau/bin/roslyn/System.Xml.ReaderWriter.dll
[2026-09-03 11:19:49] [WARN]       v1 EnsureUser echoue (fethy.faradji@infopro-digital.com) : EnsureUser 401 : {}
[2026-09-03 11:19:49] [WARN]       v1 VVI echoue : SP REST 401 : {}
[2026-09-03 11:19:49] [WARN]       v1 : auteur non restaure (VVI non valide) pour 'fethy.faradji@infopro-digital.com'
[2026-09-03 11:19:51] [INFO] Restauration auteur version: tentative via SharePoint VVI terminee (voir logs vN pour le detail).
[2026-09-03 11:19:51] [SUCCESS] ✅ Bureau/bin/roslyn/System.Xml.ReaderWriter.dll - historique copie (1 version(s))
[2026-09-03 11:19:51] [INFO] [52/12905] Bureau/bin/roslyn/System.Xml.XmlDocument.dll (23256 o)
[2026-09-03 11:19:52] [INFO]    ⬇  Bureau/bin/roslyn/System.Xml.XmlDocument.dll
[2026-09-03 11:19:53] [INFO]    ⬆  Rejeu de 1 version(s) : Bureau/bin/roslyn/System.Xml.XmlDocument.dll
[2026-09-03 11:19:54] [WARN]       v1 EnsureUser echoue (fethy.faradji@infopro-digital.com) : EnsureUser 401 : {}
[2026-09-03 11:19:54] [WARN]       v1 VVI echoue : SP REST 401 : {}
[2026-09-03 11:19:54] [WARN]       v1 : auteur non restaure (VVI non valide) pour 'fethy.faradji@infopro-digital.com'
[2026-09-03 11:19:56] [INFO] Restauration auteur version: tentative via SharePoint VVI terminee (voir logs vN pour le detail).
[2026-09-03 11:19:56] [SUCCESS] ✅ Bureau/bin/roslyn/System.Xml.XmlDocument.dll - historique copie (1 version(s))
[2026-09-03 11:19:56] [INFO] [53/12905] Bureau/bin/roslyn/System.Xml.XPath.dll (22720 o)
[2026-09-03 11:19:57] [INFO]    ⬇  Bureau/bin/roslyn/System.Xml.XPath.dll
[2026-09-03 11:19:58] [INFO]    ⬆  Rejeu de 1 version(s) : Bureau/bin/roslyn/System.Xml.XPath.dll
[2026-09-03 11:19:59] [WARN]       v1 EnsureUser echoue (fethy.faradji@infopro-digital.com) : EnsureUser 401 : {}
[2026-09-03 11:19:59] [WARN]       v1 VVI echoue : SP REST 401 : {}
[2026-09-03 11:20:00] [WARN]       v1 : auteur non restaure (VVI non valide) pour 'fethy.faradji@infopro-digital.com'
[2026-09-03 11:20:01] [INFO] Restauration auteur version: tentative via SharePoint VVI terminee (voir logs vN pour le detail).
[2026-09-03 11:20:01] [SUCCESS] ✅ Bureau/bin/roslyn/System.Xml.XPath.dll - historique copie (1 version(s))
[2026-09-03 11:20:01] [INFO] [54/12905] Bureau/bin/roslyn/System.Xml.XPath.XDocument.dll (25320 o)
[2026-09-03 11:20:01] [INFO]    ⬇  Bureau/bin/roslyn/System.Xml.XPath.XDocument.dll
[2026-09-03 11:20:02] [INFO]    ⬆  Rejeu de 1 version(s) : Bureau/bin/roslyn/System.Xml.XPath.XDocument.dll
[2026-09-03 11:20:04] [WARN]       v1 EnsureUser echoue (fethy.faradji@infopro-digital.com) : EnsureUser 401 : {}
[2026-09-03 11:20:04] [WARN]       v1 VVI echoue : SP REST 401 : {}
[2026-09-03 11:20:04] [WARN]       v1 : auteur non restaure (VVI non valide) pour 'fethy.faradji@infopro-digital.com'
[2026-09-03 11:20:06] [INFO] Restauration auteur version: tentative via SharePoint VVI terminee (voir logs vN pour le detail).
[2026-09-03 11:20:06] [SUCCESS] ✅ Bureau/bin/roslyn/System.Xml.XPath.XDocument.dll - historique copie (1 version(s))
[2026-09-03 11:20:06] [INFO] [55/12905] Bureau/bin/roslyn/vbc.exe (49584 o)
[2026-09-03 11:20:06] [INFO]    ⬇  Bureau/bin/roslyn/vbc.exe
[2026-09-03 11:20:08] [INFO]    ⬆  Rejeu de 1 version(s) : Bureau/bin/roslyn/vbc.exe
[2026-09-03 11:20:10] [WARN]       v1 EnsureUser echoue (fethy.faradji@infopro-digital.com) : EnsureUser 401 : {}
[2026-09-03 11:20:10] [WARN]       v1 VVI echoue : SP REST 401 : {}
[2026-09-03 11:20:10] [WARN]       v1 : auteur non restaure (VVI non valide) pour 'fethy.faradji@infopro-digital.com'
[2026-09-03 11:20:12] [INFO] Restauration auteur version: tentative via SharePoint VVI terminee (voir logs vN pour le detail).
[2026-09-03 11:20:12] [SUCCESS] ✅ Bureau/bin/roslyn/vbc.exe - historique copie (1 version(s))
[2026-09-03 11:20:12] [INFO] [56/12905] Bureau/bin/roslyn/vbc.exe.config (7880 o)
[2026-09-03 11:20:12] [INFO]    ⬇  Bureau/bin/roslyn/vbc.exe.config
[2026-09-03 11:20:13] [INFO]    ⬆  Rejeu de 1 version(s) : Bureau/bin/roslyn/vbc.exe.config
[2026-09-03 11:20:14] [WARN]       v1 EnsureUser echoue (fethy.faradji@infopro-digital.com) : EnsureUser 401 : {}
[2026-09-03 11:20:15] [WARN]       v1 VVI echoue : SP REST 401 : {}
[2026-09-03 11:20:15] [WARN]       v1 : auteur non restaure (VVI non valide) pour 'fethy.faradji@infopro-digital.com'
[2026-09-03 11:20:16] [INFO] Restauration auteur version: tentative via SharePoint VVI terminee (voir logs vN pour le detail).
[2026-09-03 11:20:16] [SUCCESS] ✅ Bureau/bin/roslyn/vbc.exe.config - historique copie (1 version(s))
[2026-09-03 11:20:16] [INFO] [57/12905] Bureau/bin/roslyn/vbc.rsp (1634 o)
[2026-09-03 11:20:17] [INFO]    ⬇  Bureau/bin/roslyn/vbc.rsp
[2026-09-03 11:20:18] [INFO]    ⬆  Rejeu de 1 version(s) : Bureau/bin/roslyn/vbc.rsp
[2026-09-03 11:20:20] [WARN]       v1 EnsureUser echoue (fethy.faradji@infopro-digital.com) : EnsureUser 401 : {}
[2026-09-03 11:20:20] [WARN]       v1 VVI echoue : SP REST 401 : {}
[2026-09-03 11:20:20] [WARN]       v1 : auteur non restaure (VVI non valide) pour 'fethy.faradji@infopro-digital.com'
[2026-09-03 11:20:22] [INFO] Restauration auteur version: tentative via SharePoint VVI terminee (voir logs vN pour le detail).
[2026-09-03 11:20:22] [SUCCESS] ✅ Bureau/bin/roslyn/vbc.rsp - historique copie (1 version(s))
[2026-09-03 11:20:22] [INFO] [58/12905] Bureau/bin/roslyn/VBCSCompiler.exe (87472 o)
[2026-09-03 11:20:23] [INFO]    ⬇  Bureau/bin/roslyn/VBCSCompiler.exe
[2026-09-03 11:20:23] [INFO]    ⬆  Rejeu de 1 version(s) : Bureau/bin/roslyn/VBCSCompiler.exe
[2026-09-03 11:20:25] [WARN]       v1 EnsureUser echoue (fethy.faradji@infopro-digital.com) : EnsureUser 401 : {}
[2026-09-03 11:20:26] [WARN]       v1 VVI echoue : SP REST 401 : {}
[2026-09-03 11:20:26] [WARN]       v1 : auteur non restaure (VVI non valide) pour 'fethy.faradji@infopro-digital.com'
[2026-09-03 11:20:27] [INFO] Restauration auteur version: tentative via SharePoint VVI terminee (voir logs vN pour le detail).
[2026-09-03 11:20:27] [SUCCESS] ✅ Bureau/bin/roslyn/VBCSCompiler.exe - historique copie (1 version(s))
[2026-09-03 11:20:27] [INFO] [59/12905] Bureau/bin/roslyn/VBCSCompiler.exe.config (8097 o)
[2026-09-03 11:20:27] [INFO]    ⬇  Bureau/bin/roslyn/VBCSCompiler.exe.config
[2026-09-03 11:20:29] [INFO]    ⬆  Rejeu de 1 version(s) : Bureau/bin/roslyn/VBCSCompiler.exe.config
[2026-09-03 11:20:30] [WARN]       v1 EnsureUser echoue (fethy.faradji@infopro-digital.com) : EnsureUser 401 : {}
[2026-09-03 11:20:30] [WARN]       v1 VVI echoue : SP REST 401 : {}
[2026-09-03 11:20:30] [WARN]       v1 : auteur non restaure (VVI non valide) pour 'fethy.faradji@infopro-digital.com'
[2026-09-03 11:20:32] [INFO] Restauration auteur version: tentative via SharePoint VVI terminee (voir logs vN pour le detail).
[2026-09-03 11:20:32] [SUCCESS] ✅ Bureau/bin/roslyn/VBCSCompiler.exe.config - historique copie (1 version(s))
[2026-09-03 11:20:32] [INFO] [60/12905] Bureau/bin/Antlr3.Runtime.dll (103424 o)
[2026-09-03 11:20:33] [INFO]    ⬇  Bureau/bin/Antlr3.Runtime.dll
[2026-09-03 11:20:34] [INFO]    ⬆  Rejeu de 1 version(s) : Bureau/bin/Antlr3.Runtime.dll
[2026-09-03 11:20:35] [WARN]       v1 EnsureUser echoue (fethy.faradji@infopro-digital.com) : EnsureUser 401 : {}
[2026-09-03 11:20:35] [WARN]       v1 VVI echoue : SP REST 401 : {}
[2026-09-03 11:20:35] [WARN]       v1 : auteur non restaure (VVI non valide) pour 'fethy.faradji@infopro-digital.com'
[2026-09-03 11:20:37] [INFO] Restauration auteur version: tentative via SharePoint VVI terminee (voir logs vN pour le detail).
[2026-09-03 11:20:37] [SUCCESS] ✅ Bureau/bin/Antlr3.Runtime.dll - historique copie (1 version(s))
[2026-09-03 11:20:37] [INFO] [61/12905] Bureau/bin/Antlr3.Runtime.pdb (435712 o)
[2026-09-03 11:20:38] [INFO]    ⬇  Bureau/bin/Antlr3.Runtime.pdb
[2026-09-03 11:20:39] [INFO]    ⬆  Rejeu de 1 version(s) : Bureau/bin/Antlr3.Runtime.pdb
[2026-09-03 11:20:41] [WARN]       v1 EnsureUser echoue (fethy.faradji@infopro-digital.com) : EnsureUser 401 : {}
[2026-09-03 11:20:41] [WARN]       v1 VVI echoue : SP REST 401 : {}
[2026-09-03 11:20:42] [WARN]       v1 : auteur non restaure (VVI non valide) pour 'fethy.faradji@infopro-digital.com'
[2026-09-03 11:20:43] [INFO] Restauration auteur version: tentative via SharePoint VVI terminee (voir logs vN pour le detail).
[2026-09-03 11:20:43] [SUCCESS] ✅ Bureau/bin/Antlr3.Runtime.pdb - historique copie (1 version(s))
[2026-09-03 11:20:43] [INFO] [62/12905] Bureau/bin/Dapper.dll (229888 o)
[2026-09-03 11:20:43] [INFO]    ⬇  Bureau/bin/Dapper.dll
[2026-09-03 11:20:44] [INFO]    ⬆  Rejeu de 1 version(s) : Bureau/bin/Dapper.dll
[2026-09-03 11:20:46] [WARN]       v1 EnsureUser echoue (fethy.faradji@infopro-digital.com) : EnsureUser 401 : {}
[2026-09-03 11:20:46] [WARN]       v1 VVI echoue : SP REST 401 : {}
[2026-09-03 11:20:47] [WARN]       v1 : auteur non restaure (VVI non valide) pour 'fethy.faradji@infopro-digital.com'
[2026-09-03 11:20:48] [INFO] Restauration auteur version: tentative via SharePoint VVI terminee (voir logs vN pour le detail).
[2026-09-03 11:20:48] [SUCCESS] ✅ Bureau/bin/Dapper.dll - historique copie (1 version(s))
[2026-09-03 11:20:49] [INFO] [63/12905] Bureau/bin/Dapper.xml (181062 o)
[2026-09-03 11:20:49] [INFO]    ⬇  Bureau/bin/Dapper.xml
[2026-09-03 11:20:50] [INFO]    ⬆  Rejeu de 1 version(s) : Bureau/bin/Dapper.xml
[2026-09-03 11:20:52] [WARN]       v1 EnsureUser echoue (fethy.faradji@infopro-digital.com) : EnsureUser 401 : {}
[2026-09-03 11:20:52] [WARN]       v1 VVI echoue : SP REST 401 : {}
[2026-09-03 11:20:52] [WARN]       v1 : auteur non restaure (VVI non valide) pour 'fethy.faradji@infopro-digital.com'
[2026-09-03 11:20:53] [INFO] Restauration auteur version: tentative via SharePoint VVI terminee (voir logs vN pour le detail).
[2026-09-03 11:20:53] [SUCCESS] ✅ Bureau/bin/Dapper.xml - historique copie (1 version(s))
[2026-09-03 11:20:53] [INFO] [64/12905] Bureau/bin/Microsoft.Bcl.AsyncInterfaces.dll (26408 o)
[2026-09-03 11:20:54] [INFO]    ⬇  Bureau/bin/Microsoft.Bcl.AsyncInterfaces.dll
[2026-09-03 11:20:56] [INFO]    ⬆  Rejeu de 1 version(s) : Bureau/bin/Microsoft.Bcl.AsyncInterfaces.dll
[2026-09-03 11:20:58] [WARN]       v1 EnsureUser echoue (fethy.faradji@infopro-digital.com) : EnsureUser 401 : {}
[2026-09-03 11:20:58] [WARN]       v1 VVI echoue : SP REST 401 : {}
[2026-09-03 11:20:58] [WARN]       v1 : auteur non restaure (VVI non valide) pour 'fethy.faradji@infopro-digital.com'
[2026-09-03 11:21:00] [INFO] Restauration auteur version: tentative via SharePoint VVI terminee (voir logs vN pour le detail).
[2026-09-03 11:21:00] [SUCCESS] ✅ Bureau/bin/Microsoft.Bcl.AsyncInterfaces.dll - historique copie (1 version(s))
[2026-09-03 11:21:00] [INFO] [65/12905] Bureau/bin/Microsoft.Bcl.AsyncInterfaces.xml (31313 o)
[2026-09-03 11:21:00] [INFO]    ⬇  Bureau/bin/Microsoft.Bcl.AsyncInterfaces.xml
[2026-09-03 11:21:02] [INFO]    ⬆  Rejeu de 1 version(s) : Bureau/bin/Microsoft.Bcl.AsyncInterfaces.xml
[2026-09-03 11:21:03] [WARN]       v1 EnsureUser echoue (fethy.faradji@infopro-digital.com) : EnsureUser 401 : {}
[2026-09-03 11:21:03] [WARN]       v1 VVI echoue : SP REST 401 : {}
[2026-09-03 11:21:04] [WARN]       v1 : auteur non restaure (VVI non valide) pour 'fethy.faradji@infopro-digital.com'
[2026-09-03 11:21:05] [INFO] Restauration auteur version: tentative via SharePoint VVI terminee (voir logs vN pour le detail).
[2026-09-03 11:21:05] [SUCCESS] ✅ Bureau/bin/Microsoft.Bcl.AsyncInterfaces.xml - historique copie (1 version(s))
[2026-09-03 11:21:05] [INFO] [66/12905] Bureau/bin/Microsoft.Bcl.HashCode.dll (23424 o)
[2026-09-03 11:21:05] [INFO]    ⬇  Bureau/bin/Microsoft.Bcl.HashCode.dll
[2026-09-03 11:21:06] [INFO]    ⬆  Rejeu de 1 version(s) : Bureau/bin/Microsoft.Bcl.HashCode.dll
[2026-09-03 11:21:08] [WARN]       v1 EnsureUser echoue (fethy.faradji@infopro-digital.com) : EnsureUser 401 : {}
[2026-09-03 11:21:08] [WARN]       v1 VVI echoue : SP REST 401 : {}
[2026-09-03 11:21:08] [WARN]       v1 : auteur non restaure (VVI non valide) pour 'fethy.faradji@infopro-digital.com'
[2026-09-03 11:21:10] [INFO] Restauration auteur version: tentative via SharePoint VVI terminee (voir logs vN pour le detail).
[2026-09-03 11:21:10] [SUCCESS] ✅ Bureau/bin/Microsoft.Bcl.HashCode.dll - historique copie (1 version(s))
[2026-09-03 11:21:10] [INFO] [67/12905] Bureau/bin/Microsoft.Bcl.HashCode.xml (1732 o)
[2026-09-03 11:21:11] [INFO]    ⬇  Bureau/bin/Microsoft.Bcl.HashCode.xml
[2026-09-03 11:21:12] [INFO]    ⬆  Rejeu de 1 version(s) : Bureau/bin/Microsoft.Bcl.HashCode.xml
[2026-09-03 11:21:14] [WARN]       v1 EnsureUser echoue (fethy.faradji@infopro-digital.com) : EnsureUser 401 : {}
[2026-09-03 11:21:14] [WARN]       v1 VVI echoue : SP REST 401 : {}
[2026-09-03 11:21:14] [WARN]       v1 : auteur non restaure (VVI non valide) pour 'fethy.faradji@infopro-digital.com'
[2026-09-03 11:21:16] [INFO] Restauration auteur version: tentative via SharePoint VVI terminee (voir logs vN pour le detail).
[2026-09-03 11:21:16] [SUCCESS] ✅ Bureau/bin/Microsoft.Bcl.HashCode.xml - historique copie (1 version(s))
[2026-09-03 11:21:16] [INFO] [68/12905] Bureau/bin/Microsoft.CodeDom.Providers.DotNetCompilerPlatform.dll (40168 o)
[2026-09-03 11:21:16] [INFO]    ⬇  Bureau/bin/Microsoft.CodeDom.Providers.DotNetCompilerPlatform.dll
[2026-09-03 11:21:17] [INFO]    ⬆  Rejeu de 1 version(s) : Bureau/bin/Microsoft.CodeDom.Providers.DotNetCompilerPlatform.dll
[2026-09-03 11:21:19] [WARN]       v1 EnsureUser echoue (fethy.faradji@infopro-digital.com) : EnsureUser 401 : {}
[2026-09-03 11:21:19] [WARN]       v1 VVI echoue : SP REST 401 : {}
[2026-09-03 11:21:19] [WARN]       v1 : auteur non restaure (VVI non valide) pour 'fethy.faradji@infopro-digital.com'
[2026-09-03 11:21:21] [INFO] Restauration auteur version: tentative via SharePoint VVI terminee (voir logs vN pour le detail).
[2026-09-03 11:21:21] [SUCCESS] ✅ Bureau/bin/Microsoft.CodeDom.Providers.DotNetCompilerPlatform.dll - historique copie (1 version(s))
[2026-09-03 11:21:21] [INFO] [69/12905] Bureau/bin/Microsoft.CodeDom.Providers.DotNetCompilerPlatform.xml (3187 o)
[2026-09-03 11:21:22] [INFO]    ⬇  Bureau/bin/Microsoft.CodeDom.Providers.DotNetCompilerPlatform.xml
[2026-09-03 11:21:23] [INFO]    ⬆  Rejeu de 1 version(s) : Bureau/bin/Microsoft.CodeDom.Providers.DotNetCompilerPlatform.xml
[2026-09-03 11:21:24] [WARN]       v1 EnsureUser echoue (fethy.faradji@infopro-digital.com) : EnsureUser 401 : {}
[2026-09-03 11:21:24] [WARN]       v1 VVI echoue : SP REST 401 : {}
[2026-09-03 11:21:25] [WARN]       v1 : auteur non restaure (VVI non valide) pour 'fethy.faradji@infopro-digital.com'
[2026-09-03 11:21:27] [INFO] Restauration auteur version: tentative via SharePoint VVI terminee (voir logs vN pour le detail).
[2026-09-03 11:21:27] [SUCCESS] ✅ Bureau/bin/Microsoft.CodeDom.Providers.DotNetCompilerPlatform.xml - historique copie (1 version(s))
[2026-09-03 11:21:27] [INFO] [70/12905] Bureau/bin/Microsoft.Extensions.DependencyInjection.Abstractions.dll (64264 o)
[2026-09-03 11:21:28] [INFO]    ⬇  Bureau/bin/Microsoft.Extensions.DependencyInjection.Abstractions.dll
[2026-09-03 11:21:28] [INFO]    ⬆  Rejeu de 1 version(s) : Bureau/bin/Microsoft.Extensions.DependencyInjection.Abstractions.dll
[2026-09-03 11:21:30] [WARN]       v1 EnsureUser echoue (fethy.faradji@infopro-digital.com) : EnsureUser 401 : {}
[2026-09-03 11:21:30] [WARN]       v1 VVI echoue : SP REST 401 : {}
[2026-09-03 11:21:30] [WARN]       v1 : auteur non restaure (VVI non valide) pour 'fethy.faradji@infopro-digital.com'
[2026-09-03 11:21:31] [INFO] Restauration auteur version: tentative via SharePoint VVI terminee (voir logs vN pour le detail).
[2026-09-03 11:21:32] [SUCCESS] ✅ Bureau/bin/Microsoft.Extensions.DependencyInjection.Abstractions.dll - historique copie (1 version(s))
[2026-09-03 11:21:32] [INFO] [71/12905] Bureau/bin/Microsoft.Extensions.DependencyInjection.Abstractions.xml (203027 o)
[2026-09-03 11:21:32] [INFO]    ⬇  Bureau/bin/Microsoft.Extensions.DependencyInjection.Abstractions.xml
[2026-09-03 11:21:33] [INFO]    ⬆  Rejeu de 1 version(s) : Bureau/bin/Microsoft.Extensions.DependencyInjection.Abstractions.xml
[2026-09-03 11:21:35] [WARN]       v1 EnsureUser echoue (fethy.faradji@infopro-digital.com) : EnsureUser 401 : {}
[2026-09-03 11:21:35] [WARN]       v1 VVI echoue : SP REST 401 : {}
[2026-09-03 11:21:35] [WARN]       v1 : auteur non restaure (VVI non valide) pour 'fethy.faradji@infopro-digital.com'
[2026-09-03 11:21:37] [INFO] Restauration auteur version: tentative via SharePoint VVI terminee (voir logs vN pour le detail).
[2026-09-03 11:21:37] [SUCCESS] ✅ Bureau/bin/Microsoft.Extensions.DependencyInjection.Abstractions.xml - historique copie (1 version(s))
[2026-09-03 11:21:37] [INFO] [72/12905] Bureau/bin/Microsoft.Extensions.Logging.Abstractions.dll (67856 o)
[2026-09-03 11:21:37] [INFO]    ⬇  Bureau/bin/Microsoft.Extensions.Logging.Abstractions.dll
[2026-09-03 11:21:38] [INFO]    ⬆  Rejeu de 1 version(s) : Bureau/bin/Microsoft.Extensions.Logging.Abstractions.dll
[2026-09-03 11:21:39] [WARN]       v1 EnsureUser echoue (fethy.faradji@infopro-digital.com) : EnsureUser 401 : {}
[2026-09-03 11:21:39] [WARN]       v1 VVI echoue : SP REST 401 : {}
[2026-09-03 11:21:39] [WARN]       v1 : auteur non restaure (VVI non valide) pour 'fethy.faradji@infopro-digital.com'
[2026-09-03 11:21:41] [INFO] Restauration auteur version: tentative via SharePoint VVI terminee (voir logs vN pour le detail).
[2026-09-03 11:21:41] [SUCCESS] ✅ Bureau/bin/Microsoft.Extensions.Logging.Abstractions.dll - historique copie (1 version(s))
[2026-09-03 11:21:41] [INFO] [73/12905] Bureau/bin/Microsoft.Extensions.Logging.Abstractions.xml (91749 o)
[2026-09-03 11:21:41] [INFO]    ⬇  Bureau/bin/Microsoft.Extensions.Logging.Abstractions.xml
[2026-09-03 11:21:42] [INFO]    ⬆  Rejeu de 1 version(s) : Bureau/bin/Microsoft.Extensions.Logging.Abstractions.xml
[2026-09-03 11:21:43] [WARN]       v1 EnsureUser echoue (fethy.faradji@infopro-digital.com) : EnsureUser 401 : {}
[2026-09-03 11:21:44] [WARN]       v1 VVI echoue : SP REST 401 : {}
[2026-09-03 11:21:44] [WARN]       v1 : auteur non restaure (VVI non valide) pour 'fethy.faradji@infopro-digital.com'
[2026-09-03 11:21:45] [INFO] Restauration auteur version: tentative via SharePoint VVI terminee (voir logs vN pour le detail).
[2026-09-03 11:21:45] [SUCCESS] ✅ Bureau/bin/Microsoft.Extensions.Logging.Abstractions.xml - historique copie (1 version(s))
[2026-09-03 11:21:45] [INFO] [74/12905] Bureau/bin/Microsoft.Web.Infrastructure.dll (50648 o)
[2026-09-03 11:21:45] [INFO]    ⬇  Bureau/bin/Microsoft.Web.Infrastructure.dll
[2026-09-03 11:21:46] [INFO]    ⬆  Rejeu de 1 version(s) : Bureau/bin/Microsoft.Web.Infrastructure.dll
[2026-09-03 11:21:48] [WARN]       v1 EnsureUser echoue (fethy.faradji@infopro-digital.com) : EnsureUser 401 : {}
[2026-09-03 11:21:48] [WARN]       v1 VVI echoue : SP REST 401 : {}
[2026-09-03 11:21:48] [WARN]       v1 : auteur non restaure (VVI non valide) pour 'fethy.faradji@infopro-digital.com'
[2026-09-03 11:21:49] [INFO] Restauration auteur version: tentative via SharePoint VVI terminee (voir logs vN pour le detail).
[2026-09-03 11:21:49] [SUCCESS] ✅ Bureau/bin/Microsoft.Web.Infrastructure.dll - historique copie (1 version(s))
[2026-09-03 11:21:49] [INFO] [75/12905] Bureau/bin/Newtonsoft.Json.dll (711952 o)
[2026-09-03 11:21:50] [INFO]    ⬇  Bureau/bin/Newtonsoft.Json.dll
[2026-09-03 11:21:50] [INFO]    ⬆  Rejeu de 1 version(s) : Bureau/bin/Newtonsoft.Json.dll
[2026-09-03 11:21:52] [WARN]       v1 EnsureUser echoue (fethy.faradji@infopro-digital.com) : EnsureUser 401 : {}
[2026-09-03 11:21:52] [WARN]       v1 VVI echoue : SP REST 401 : {}
[2026-09-03 11:21:53] [WARN]       v1 : auteur non restaure (VVI non valide) pour 'fethy.faradji@infopro-digital.com'
[2026-09-03 11:21:54] [INFO] Restauration auteur version: tentative via SharePoint VVI terminee (voir logs vN pour le detail).
[2026-09-03 11:21:54] [SUCCESS] ✅ Bureau/bin/Newtonsoft.Json.dll - historique copie (1 version(s))
[2026-09-03 11:21:54] [INFO] [76/12905] Bureau/bin/Newtonsoft.Json.xml (713541 o)
[2026-09-03 11:21:54] [INFO]    ⬇  Bureau/bin/Newtonsoft.Json.xml
[2026-09-03 11:21:55] [INFO]    ⬆  Rejeu de 1 version(s) : Bureau/bin/Newtonsoft.Json.xml
[2026-09-03 11:21:57] [WARN]       v1 EnsureUser echoue (fethy.faradji@infopro-digital.com) : EnsureUser 401 : {}
[2026-09-03 11:21:57] [WARN]       v1 VVI echoue : SP REST 401 : {}
[2026-09-03 11:21:57] [WARN]       v1 : auteur non restaure (VVI non valide) pour 'fethy.faradji@infopro-digital.com'
[2026-09-03 11:21:58] [INFO] Restauration auteur version: tentative via SharePoint VVI terminee (voir logs vN pour le detail).
[2026-09-03 11:21:58] [SUCCESS] ✅ Bureau/bin/Newtonsoft.Json.xml - historique copie (1 version(s))
[2026-09-03 11:21:58] [INFO] [77/12905] Bureau/bin/Npgsql.dll (1387520 o)
[2026-09-03 11:21:58] [INFO]    ⬇  Bureau/bin/Npgsql.dll
[2026-09-03 11:21:59] [INFO]    ⬆  Rejeu de 1 version(s) : Bureau/bin/Npgsql.dll
[2026-09-03 11:22:02] [WARN]       v1 EnsureUser echoue (fethy.faradji@infopro-digital.com) : EnsureUser 401 : {}
[2026-09-03 11:22:02] [WARN]       v1 VVI echoue : SP REST 401 : {}
[2026-09-03 11:22:03] [WARN]       v1 : auteur non restaure (VVI non valide) pour 'fethy.faradji@infopro-digital.com'
[2026-09-03 11:22:04] [INFO] Restauration auteur version: tentative via SharePoint VVI terminee (voir logs vN pour le detail).
[2026-09-03 11:22:04] [SUCCESS] ✅ Bureau/bin/Npgsql.dll - historique copie (1 version(s))
[2026-09-03 11:22:04] [INFO] [78/12905] Bureau/bin/Npgsql.xml (638102 o)
[2026-09-03 11:22:04] [INFO]    ⬇  Bureau/bin/Npgsql.xml
[2026-09-03 11:22:05] [INFO]    ⬆  Rejeu de 1 version(s) : Bureau/bin/Npgsql.xml
[2026-09-03 11:22:06] [WARN]       v1 EnsureUser echoue (fethy.faradji@infopro-digital.com) : EnsureUser 401 : {}
[2026-09-03 11:22:07] [WARN]       v1 VVI echoue : SP REST 401 : {}
[2026-09-03 11:22:07] [WARN]       v1 : auteur non restaure (VVI non valide) pour 'fethy.faradji@infopro-digital.com'
[2026-09-03 11:22:08] [INFO] Restauration auteur version: tentative via SharePoint VVI terminee (voir logs vN pour le detail).
[2026-09-03 11:22:08] [SUCCESS] ✅ Bureau/bin/Npgsql.xml - historique copie (1 version(s))
[2026-09-03 11:22:08] [INFO] [79/12905] Bureau/bin/SetupDWSecurite.dll (32256 o)
[2026-09-03 11:22:08] [INFO]    ⬇  Bureau/bin/SetupDWSecurite.dll
[2026-09-03 11:22:09] [INFO]    ⬆  Rejeu de 1 version(s) : Bureau/bin/SetupDWSecurite.dll
[2026-09-03 11:22:10] [WARN]       v1 EnsureUser echoue (fethy.faradji@infopro-digital.com) : EnsureUser 401 : {}
[2026-09-03 11:22:10] [WARN]       v1 VVI echoue : SP REST 401 : {}
[2026-09-03 11:22:11] [WARN]       v1 : auteur non restaure (VVI non valide) pour 'fethy.faradji@infopro-digital.com'
[2026-09-03 11:22:12] [INFO] Restauration auteur version: tentative via SharePoint VVI terminee (voir logs vN pour le detail).
[2026-09-03 11:22:12] [SUCCESS] ✅ Bureau/bin/SetupDWSecurite.dll - historique copie (1 version(s))
[2026-09-03 11:22:12] [INFO] [80/12905] Bureau/bin/SetupDWSecurite.dll.config (5299 o)
[2026-09-03 11:22:12] [INFO]    ⬇  Bureau/bin/SetupDWSecurite.dll.config
[2026-09-03 11:22:13] [INFO]    ⬆  Rejeu de 1 version(s) : Bureau/bin/SetupDWSecurite.dll.config
[2026-09-03 11:22:14] [WARN]       v1 EnsureUser echoue (fethy.faradji@infopro-digital.com) : EnsureUser 401 : {}
[2026-09-03 11:22:15] [WARN]       v1 VVI echoue : SP REST 401 : {}
[2026-09-03 11:22:15] [WARN]       v1 : auteur non restaure (VVI non valide) pour 'fethy.faradji@infopro-digital.com'
[2026-09-03 11:22:16] [INFO] Restauration auteur version: tentative via SharePoint VVI terminee (voir logs vN pour le detail).
[2026-09-03 11:22:16] [SUCCESS] ✅ Bureau/bin/SetupDWSecurite.dll.config - historique copie (1 version(s))
[2026-09-03 11:22:16] [INFO] [81/12905] Bureau/bin/SetupDWSecurite.pdb (65024 o)
[2026-09-03 11:22:17] [INFO]    ⬇  Bureau/bin/SetupDWSecurite.pdb
[2026-09-03 11:22:18] [INFO]    ⬆  Rejeu de 1 version(s) : Bureau/bin/SetupDWSecurite.pdb
[2026-09-03 11:22:19] [WARN]       v1 EnsureUser echoue (fethy.faradji@infopro-digital.com) : EnsureUser 401 : {}
[2026-09-03 11:22:19] [WARN]       v1 VVI echoue : SP REST 401 : {}
[2026-09-03 11:22:20] [WARN]       v1 : auteur non restaure (VVI non valide) pour 'fethy.faradji@infopro-digital.com'
[2026-09-03 11:22:21] [INFO] Restauration auteur version: tentative via SharePoint VVI terminee (voir logs vN pour le detail).
[2026-09-03 11:22:22] [SUCCESS] ✅ Bureau/bin/SetupDWSecurite.pdb - historique copie (1 version(s))
[2026-09-03 11:22:22] [INFO] [82/12905] Bureau/bin/System.Buffers.dll (20856 o)
[2026-09-03 11:22:22] [INFO]    ⬇  Bureau/bin/System.Buffers.dll
[2026-09-03 11:22:23] [INFO]    ⬆  Rejeu de 1 version(s) : Bureau/bin/System.Buffers.dll
[2026-09-03 11:22:24] [WARN]       v1 EnsureUser echoue (fethy.faradji@infopro-digital.com) : EnsureUser 401 : {}
[2026-09-03 11:22:24] [WARN]       v1 VVI echoue : SP REST 401 : {}
[2026-09-03 11:22:25] [WARN]       v1 : auteur non restaure (VVI non valide) pour 'fethy.faradji@infopro-digital.com'
[2026-09-03 11:22:26] [INFO] Restauration auteur version: tentative via SharePoint VVI terminee (voir logs vN pour le detail).
[2026-09-03 11:22:26] [SUCCESS] ✅ Bureau/bin/System.Buffers.dll - historique copie (1 version(s))
[2026-09-03 11:22:26] [INFO] [83/12905] Bureau/bin/System.Buffers.xml (3481 o)
[2026-09-03 11:22:26] [INFO]    ⬇  Bureau/bin/System.Buffers.xml
[2026-09-03 11:22:27] [INFO]    ⬆  Rejeu de 1 version(s) : Bureau/bin/System.Buffers.xml
[2026-09-03 11:22:28] [WARN]       v1 EnsureUser echoue (fethy.faradji@infopro-digital.com) : EnsureUser 401 : {}
[2026-09-03 11:22:28] [WARN]       v1 VVI echoue : SP REST 401 : {}
[2026-09-03 11:22:29] [WARN]       v1 : auteur non restaure (VVI non valide) pour 'fethy.faradji@infopro-digital.com'
[2026-09-03 11:22:30] [INFO] Restauration auteur version: tentative via SharePoint VVI terminee (voir logs vN pour le detail).
[2026-09-03 11:22:30] [SUCCESS] ✅ Bureau/bin/System.Buffers.xml - historique copie (1 version(s))
[2026-09-03 11:22:30] [INFO] [84/12905] Bureau/bin/System.Collections.Immutable.dll (252696 o)
[2026-09-03 11:22:30] [INFO]    ⬇  Bureau/bin/System.Collections.Immutable.dll
[2026-09-03 11:22:31] [INFO]    ⬆  Rejeu de 1 version(s) : Bureau/bin/System.Collections.Immutable.dll
[2026-09-03 11:22:33] [WARN]       v1 EnsureUser echoue (fethy.faradji@infopro-digital.com) : EnsureUser 401 : {}
[2026-09-03 11:22:33] [WARN]       v1 VVI echoue : SP REST 401 : {}
[2026-09-03 11:22:33] [WARN]       v1 : auteur non restaure (VVI non valide) pour 'fethy.faradji@infopro-digital.com'
[2026-09-03 11:22:35] [INFO] Restauration auteur version: tentative via SharePoint VVI terminee (voir logs vN pour le detail).
[2026-09-03 11:22:35] [SUCCESS] ✅ Bureau/bin/System.Collections.Immutable.dll - historique copie (1 version(s))
[2026-09-03 11:22:35] [INFO] [85/12905] Bureau/bin/System.Collections.Immutable.xml (532144 o)
[2026-09-03 11:22:35] [INFO]    ⬇  Bureau/bin/System.Collections.Immutable.xml
[2026-09-03 11:22:36] [INFO]    ⬆  Rejeu de 1 version(s) : Bureau/bin/System.Collections.Immutable.xml
[2026-09-03 11:22:38] [WARN]       v1 EnsureUser echoue (fethy.faradji@infopro-digital.com) : EnsureUser 401 : {}
[2026-09-03 11:22:38] [WARN]       v1 VVI echoue : SP REST 401 : {}
[2026-09-03 11:22:38] [WARN]       v1 : auteur non restaure (VVI non valide) pour 'fethy.faradji@infopro-digital.com'
[2026-09-03 11:22:40] [INFO] Restauration auteur version: tentative via SharePoint VVI terminee (voir logs vN pour le detail).
[2026-09-03 11:22:40] [SUCCESS] ✅ Bureau/bin/System.Collections.Immutable.xml - historique copie (1 version(s))
[2026-09-03 11:22:40] [INFO] [86/12905] Bureau/bin/System.Diagnostics.DiagnosticSource.dll (189088 o)
[2026-09-03 11:22:40] [INFO]    ⬇  Bureau/bin/System.Diagnostics.DiagnosticSource.dll
[2026-09-03 11:22:41] [INFO]    ⬆  Rejeu de 1 version(s) : Bureau/bin/System.Diagnostics.DiagnosticSource.dll
[2026-09-03 11:22:42] [WARN]       v1 EnsureUser echoue (fethy.faradji@infopro-digital.com) : EnsureUser 401 : {}
[2026-09-03 11:22:42] [WARN]       v1 VVI echoue : SP REST 401 : {}
[2026-09-03 11:22:42] [WARN]       v1 : auteur non restaure (VVI non valide) pour 'fethy.faradji@infopro-digital.com'
[2026-09-03 11:22:44] [INFO] Restauration auteur version: tentative via SharePoint VVI terminee (voir logs vN pour le detail).
[2026-09-03 11:22:44] [SUCCESS] ✅ Bureau/bin/System.Diagnostics.DiagnosticSource.dll - historique copie (1 version(s))
[2026-09-03 11:22:44] [INFO] [87/12905] Bureau/bin/System.Diagnostics.DiagnosticSource.xml (153196 o)
[2026-09-03 11:22:44] [INFO]    ⬇  Bureau/bin/System.Diagnostics.DiagnosticSource.xml
[2026-09-03 11:22:45] [INFO]    ⬆  Rejeu de 1 version(s) : Bureau/bin/System.Diagnostics.DiagnosticSource.xml
[2026-09-03 11:22:46] [WARN]       v1 EnsureUser echoue (fethy.faradji@infopro-digital.com) : EnsureUser 401 : {}
[2026-09-03 11:22:46] [WARN]       v1 VVI echoue : SP REST 401 : {}
[2026-09-03 11:22:47] [WARN]       v1 : auteur non restaure (VVI non valide) pour 'fethy.faradji@infopro-digital.com'
[2026-09-03 11:22:48] [INFO] Restauration auteur version: tentative via SharePoint VVI terminee (voir logs vN pour le detail).
[2026-09-03 11:22:48] [SUCCESS] ✅ Bureau/bin/System.Diagnostics.DiagnosticSource.xml - historique copie (1 version(s))
[2026-09-03 11:22:48] [INFO] [88/12905] Bureau/bin/System.Memory.dll (142240 o)
[2026-09-03 11:22:48] [INFO]    ⬇  Bureau/bin/System.Memory.dll
[2026-09-03 11:22:49] [INFO]    ⬆  Rejeu de 1 version(s) : Bureau/bin/System.Memory.dll
[2026-09-03 11:22:50] [WARN]       v1 EnsureUser echoue (fethy.faradji@infopro-digital.com) : EnsureUser 401 : {}
[2026-09-03 11:22:50] [WARN]       v1 VVI echoue : SP REST 401 : {}
[2026-09-03 11:22:50] [WARN]       v1 : auteur non restaure (VVI non valide) pour 'fethy.faradji@infopro-digital.com'
[2026-09-03 11:22:52] [INFO] Restauration auteur version: tentative via SharePoint VVI terminee (voir logs vN pour le detail).
[2026-09-03 11:22:52] [SUCCESS] ✅ Bureau/bin/System.Memory.dll - historique copie (1 version(s))
[2026-09-03 11:22:52] [INFO] [89/12905] Bureau/bin/System.Memory.xml (13950 o)
[2026-09-03 11:22:52] [INFO]    ⬇  Bureau/bin/System.Memory.xml
[2026-09-03 11:22:52] [INFO]    ⬆  Rejeu de 1 version(s) : Bureau/bin/System.Memory.xml
[2026-09-03 11:22:54] [WARN]       v1 EnsureUser echoue (fethy.faradji@infopro-digital.com) : EnsureUser 401 : {}
[2026-09-03 11:22:54] [WARN]       v1 VVI echoue : SP REST 401 : {}
[2026-09-03 11:22:54] [WARN]       v1 : auteur non restaure (VVI non valide) pour 'fethy.faradji@infopro-digital.com'
[2026-09-03 11:22:55] [INFO] Restauration auteur version: tentative via SharePoint VVI terminee (voir logs vN pour le detail).
[2026-09-03 11:22:55] [SUCCESS] ✅ Bureau/bin/System.Memory.xml - historique copie (1 version(s))
[2026-09-03 11:22:56] [INFO] [90/12905] Bureau/bin/System.Numerics.Vectors.dll (115856 o)
[2026-09-03 11:22:56] [INFO]    ⬇  Bureau/bin/System.Numerics.Vectors.dll
[2026-09-03 11:22:56] [INFO]    ⬆  Rejeu de 1 version(s) : Bureau/bin/System.Numerics.Vectors.dll
[2026-09-03 11:22:58] [WARN]       v1 EnsureUser echoue (fethy.faradji@infopro-digital.com) : EnsureUser 401 : {}
[2026-09-03 11:22:58] [WARN]       v1 VVI echoue : SP REST 401 : {}
[2026-09-03 11:22:58] [WARN]       v1 : auteur non restaure (VVI non valide) pour 'fethy.faradji@infopro-digital.com'
[2026-09-03 11:22:59] [INFO] Restauration auteur version: tentative via SharePoint VVI terminee (voir logs vN pour le detail).
[2026-09-03 11:22:59] [SUCCESS] ✅ Bureau/bin/System.Numerics.Vectors.dll - historique copie (1 version(s))
[2026-09-03 11:23:00] [INFO] [91/12905] Bureau/bin/System.Numerics.Vectors.xml (183484 o)
[2026-09-03 11:23:00] [INFO]    ⬇  Bureau/bin/System.Numerics.Vectors.xml
[2026-09-03 11:23:01] [INFO]    ⬆  Rejeu de 1 version(s) : Bureau/bin/System.Numerics.Vectors.xml
[2026-09-03 11:23:02] [WARN]       v1 EnsureUser echoue (fethy.faradji@infopro-digital.com) : EnsureUser 401 : {}
[2026-09-03 11:23:02] [WARN]       v1 VVI echoue : SP REST 401 : {}
[2026-09-03 11:23:03] [WARN]       v1 : auteur non restaure (VVI non valide) pour 'fethy.faradji@infopro-digital.com'
[2026-09-03 11:23:04] [INFO] Restauration auteur version: tentative via SharePoint VVI terminee (voir logs vN pour le detail).
[2026-09-03 11:23:04] [SUCCESS] ✅ Bureau/bin/System.Numerics.Vectors.xml - historique copie (1 version(s))
[2026-09-03 11:23:04] [INFO] [92/12905] Bureau/bin/System.Runtime.CompilerServices.Unsafe.dll (18024 o)
[2026-09-03 11:23:04] [INFO]    ⬇  Bureau/bin/System.Runtime.CompilerServices.Unsafe.dll
[2026-09-03 11:23:05] [INFO]    ⬆  Rejeu de 1 version(s) : Bureau/bin/System.Runtime.CompilerServices.Unsafe.dll
[2026-09-03 11:23:06] [WARN]       v1 EnsureUser echoue (fethy.faradji@infopro-digital.com) : EnsureUser 401 : {}
[2026-09-03 11:23:06] [WARN]       v1 VVI echoue : SP REST 401 : {}
[2026-09-03 11:23:07] [WARN]       v1 : auteur non restaure (VVI non valide) pour 'fethy.faradji@infopro-digital.com'
[2026-09-03 11:23:08] [INFO] Restauration auteur version: tentative via SharePoint VVI terminee (voir logs vN pour le detail).
[2026-09-03 11:23:09] [SUCCESS] ✅ Bureau/bin/System.Runtime.CompilerServices.Unsafe.dll - historique copie (1 version(s))
[2026-09-03 11:23:09] [INFO] [93/12905] Bureau/bin/System.Runtime.CompilerServices.Unsafe.xml (20529 o)
[2026-09-03 11:23:09] [INFO]    ⬇  Bureau/bin/System.Runtime.CompilerServices.Unsafe.xml
[2026-09-03 11:23:10] [INFO]    ⬆  Rejeu de 1 version(s) : Bureau/bin/System.Runtime.CompilerServices.Unsafe.xml
[2026-09-03 11:23:11] [WARN]       v1 EnsureUser echoue (fethy.faradji@infopro-digital.com) : EnsureUser 401 : {}
[2026-09-03 11:23:11] [WARN]       v1 VVI echoue : SP REST 401 : {}
[2026-09-03 11:23:12] [WARN]       v1 : auteur non restaure (VVI non valide) pour 'fethy.faradji@infopro-digital.com'
[2026-09-03 11:23:13] [INFO] Restauration auteur version: tentative via SharePoint VVI terminee (voir logs vN pour le detail).
[2026-09-03 11:23:13] [SUCCESS] ✅ Bureau/bin/System.Runtime.CompilerServices.Unsafe.xml - historique copie (1 version(s))
[2026-09-03 11:23:13] [INFO] [94/12905] Bureau/bin/System.Text.Encodings.Web.dll (79024 o)
[2026-09-03 11:23:14] [INFO]    ⬇  Bureau/bin/System.Text.Encodings.Web.dll
[2026-09-03 11:23:15] [INFO]    ⬆  Rejeu de 1 version(s) : Bureau/bin/System.Text.Encodings.Web.dll
[2026-09-03 11:23:16] [WARN]       v1 EnsureUser echoue (fethy.faradji@infopro-digital.com) : EnsureUser 401 : {}
[2026-09-03 11:23:16] [WARN]       v1 VVI echoue : SP REST 401 : {}
[2026-09-03 11:23:17] [WARN]       v1 : auteur non restaure (VVI non valide) pour 'fethy.faradji@infopro-digital.com'
[2026-09-03 11:23:18] [INFO] Restauration auteur version: tentative via SharePoint VVI terminee (voir logs vN pour le detail).
[2026-09-03 11:23:18] [SUCCESS] ✅ Bureau/bin/System.Text.Encodings.Web.dll - historique copie (1 version(s))
[2026-09-03 11:23:18] [INFO] [95/12905] Bureau/bin/System.Text.Encodings.Web.xml (63180 o)
[2026-09-03 11:23:18] [INFO]    ⬇  Bureau/bin/System.Text.Encodings.Web.xml
[2026-09-03 11:23:19] [INFO]    ⬆  Rejeu de 1 version(s) : Bureau/bin/System.Text.Encodings.Web.xml
[2026-09-03 11:23:20] [WARN]       v1 EnsureUser echoue (fethy.faradji@infopro-digital.com) : EnsureUser 401 : {}
[2026-09-03 11:23:20] [WARN]       v1 VVI echoue : SP REST 401 : {}
[2026-09-03 11:23:21] [WARN]       v1 : auteur non restaure (VVI non valide) pour 'fethy.faradji@infopro-digital.com'
[2026-09-03 11:23:22] [INFO] Restauration auteur version: tentative via SharePoint VVI terminee (voir logs vN pour le detail).
[2026-09-03 11:23:22] [SUCCESS] ✅ Bureau/bin/System.Text.Encodings.Web.xml - historique copie (1 version(s))
[2026-09-03 11:23:22] [INFO] [96/12905] Bureau/bin/System.Text.Json.dll (644888 o)
[2026-09-03 11:23:22] [INFO]    ⬇  Bureau/bin/System.Text.Json.dll
[2026-09-03 11:23:23] [INFO]    ⬆  Rejeu de 1 version(s) : Bureau/bin/System.Text.Json.dll
[2026-09-03 11:23:25] [WARN]       v1 EnsureUser echoue (fethy.faradji@infopro-digital.com) : EnsureUser 401 : {}
[2026-09-03 11:23:25] [WARN]       v1 VVI echoue : SP REST 401 : {}
[2026-09-03 11:23:25] [WARN]       v1 : auteur non restaure (VVI non valide) pour 'fethy.faradji@infopro-digital.com'
[2026-09-03 11:23:27] [INFO] Restauration auteur version: tentative via SharePoint VVI terminee (voir logs vN pour le detail).
[2026-09-03 11:23:27] [SUCCESS] ✅ Bureau/bin/System.Text.Json.dll - historique copie (1 version(s))
[2026-09-03 11:23:27] [INFO] [97/12905] Bureau/bin/System.Text.Json.xml (537044 o)
[2026-09-03 11:23:27] [INFO]    ⬇  Bureau/bin/System.Text.Json.xml
[2026-09-03 11:23:28] [INFO]    ⬆  Rejeu de 1 version(s) : Bureau/bin/System.Text.Json.xml
[2026-09-03 11:23:30] [WARN]       v1 EnsureUser echoue (fethy.faradji@infopro-digital.com) : EnsureUser 401 : {}
[2026-09-03 11:23:30] [WARN]       v1 VVI echoue : SP REST 401 : {}
[2026-09-03 11:23:30] [WARN]       v1 : auteur non restaure (VVI non valide) pour 'fethy.faradji@infopro-digital.com'
[2026-09-03 11:23:31] [INFO] Restauration auteur version: tentative via SharePoint VVI terminee (voir logs vN pour le detail).
[2026-09-03 11:23:31] [SUCCESS] ✅ Bureau/bin/System.Text.Json.xml - historique copie (1 version(s))
[2026-09-03 11:23:31] [INFO] [98/12905] Bureau/bin/System.Threading.Channels.dll (74000 o)
[2026-09-03 11:23:32] [INFO]    ⬇  Bureau/bin/System.Threading.Channels.dll
[2026-09-03 11:23:33] [INFO]    ⬆  Rejeu de 1 version(s) : Bureau/bin/System.Threading.Channels.dll
[2026-09-03 11:23:34] [WARN]       v1 EnsureUser echoue (fethy.faradji@infopro-digital.com) : EnsureUser 401 : {}
[2026-09-03 11:23:34] [WARN]       v1 VVI echoue : SP REST 401 : {}
[2026-09-03 11:23:34] [WARN]       v1 : auteur non restaure (VVI non valide) pour 'fethy.faradji@infopro-digital.com'
[2026-09-03 11:23:36] [INFO] Restauration auteur version: tentative via SharePoint VVI terminee (voir logs vN pour le detail).
[2026-09-03 11:23:36] [SUCCESS] ✅ Bureau/bin/System.Threading.Channels.dll - historique copie (1 version(s))
[2026-09-03 11:23:36] [INFO] [99/12905] Bureau/bin/System.Threading.Channels.xml (18329 o)
[2026-09-03 11:23:37] [INFO]    ⬇  Bureau/bin/System.Threading.Channels.xml
[2026-09-03 11:23:38] [INFO]    ⬆  Rejeu de 1 version(s) : Bureau/bin/System.Threading.Channels.xml
[2026-09-03 11:23:40] [WARN]       v1 EnsureUser echoue (fethy.faradji@infopro-digital.com) : EnsureUser 401 : {}
[2026-09-03 11:23:40] [WARN]       v1 VVI echoue : SP REST 401 : {}
[2026-09-03 11:23:40] [WARN]       v1 : auteur non restaure (VVI non valide) pour 'fethy.faradji@infopro-digital.com'
[2026-09-03 11:23:41] [INFO] Restauration auteur version: tentative via SharePoint VVI terminee (voir logs vN pour le detail).
[2026-09-03 11:23:41] [SUCCESS] ✅ Bureau/bin/System.Threading.Channels.xml - historique copie (1 version(s))
[2026-09-03 11:23:41] [INFO] [100/12905] Bureau/bin/System.Threading.Tasks.Extensions.dll (25984 o)
[2026-09-03 11:23:42] [INFO]    ⬇  Bureau/bin/System.Threading.Tasks.Extensions.dll
[2026-09-03 11:23:43] [INFO]    ⬆  Rejeu de 1 version(s) : Bureau/bin/System.Threading.Tasks.Extensions.dll
[2026-09-03 11:23:44] [WARN]       v1 EnsureUser echoue (fethy.faradji@infopro-digital.com) : EnsureUser 401 : {}
[2026-09-03 11:23:44] [WARN]       v1 VVI echoue : SP REST 401 : {}
[2026-09-03 11:23:45] [WARN]       v1 : auteur non restaure (VVI non valide) pour 'fethy.faradji@infopro-digital.com'
[2026-09-03 11:23:46] [INFO] Restauration auteur version: tentative via SharePoint VVI terminee (voir logs vN pour le detail).
[2026-09-03 11:23:46] [SUCCESS] ✅ Bureau/bin/System.Threading.Tasks.Extensions.dll - historique copie (1 version(s))
[2026-09-03 11:23:46] [INFO] [101/12905] Bureau/bin/System.Threading.Tasks.Extensions.xml (10147 o)
[2026-09-03 11:23:46] [INFO]    ⬇  Bureau/bin/System.Threading.Tasks.Extensions.xml
[2026-09-03 11:23:47] [INFO]    ⬆  Rejeu de 1 version(s) : Bureau/bin/System.Threading.Tasks.Extensions.xml
[2026-09-03 11:23:49] [WARN]       v1 EnsureUser echoue (fethy.faradji@infopro-digital.com) : EnsureUser 401 : {}
[2026-09-03 11:23:49] [WARN]       v1 VVI echoue : SP REST 401 : {}
[2026-09-03 11:23:49] [WARN]       v1 : auteur non restaure (VVI non valide) pour 'fethy.faradji@infopro-digital.com'
[2026-09-03 11:23:50] [INFO] Restauration auteur version: tentative via SharePoint VVI terminee (voir logs vN pour le detail).
[2026-09-03 11:23:50] [SUCCESS] ✅ Bureau/bin/System.Threading.Tasks.Extensions.xml - historique copie (1 version(s))
[2026-09-03 11:23:50] [INFO] [102/12905] Bureau/bin/System.ValueTuple.dll (25232 o)
[2026-09-03 11:23:51] [INFO]    ⬇  Bureau/bin/System.ValueTuple.dll
[2026-09-03 11:23:51] [INFO]    ⬆  Rejeu de 1 version(s) : Bureau/bin/System.ValueTuple.dll
[2026-09-03 11:23:53] [WARN]       v1 EnsureUser echoue (fethy.faradji@infopro-digital.com) : EnsureUser 401 : {}
[2026-09-03 11:23:53] [WARN]       v1 VVI echoue : SP REST 401 : {}
[2026-09-03 11:23:53] [WARN]       v1 : auteur non restaure (VVI non valide) pour 'fethy.faradji@infopro-digital.com'
[2026-09-03 11:23:55] [INFO] Restauration auteur version: tentative via SharePoint VVI terminee (voir logs vN pour le detail).
[2026-09-03 11:23:55] [SUCCESS] ✅ Bureau/bin/System.ValueTuple.dll - historique copie (1 version(s))
[2026-09-03 11:23:55] [INFO] [103/12905] Bureau/bin/System.ValueTuple.xml (142 o)
[2026-09-03 11:23:55] [INFO]    ⬇  Bureau/bin/System.ValueTuple.xml
[2026-09-03 11:23:56] [INFO]    ⬆  Rejeu de 1 version(s) : Bureau/bin/System.ValueTuple.xml
[2026-09-03 11:23:57] [WARN]       v1 EnsureUser echoue (fethy.faradji@infopro-digital.com) : EnsureUser 401 : {}
[2026-09-03 11:23:57] [WARN]       v1 VVI echoue : SP REST 401 : {}
[2026-09-03 11:23:58] [WARN]       v1 : auteur non restaure (VVI non valide) pour 'fethy.faradji@infopro-digital.com'
[2026-09-03 11:23:59] [INFO] Restauration auteur version: tentative via SharePoint VVI terminee (voir logs vN pour le detail).
[2026-09-03 11:23:59] [SUCCESS] ✅ Bureau/bin/System.ValueTuple.xml - historique copie (1 version(s))
[2026-09-03 11:23:59] [INFO] [104/12905] Bureau/bin/System.Web.Helpers.dll (138200 o)
[2026-09-03 11:23:59] [INFO]    ⬇  Bureau/bin/System.Web.Helpers.dll
[2026-09-03 11:24:01] [INFO]    ⬆  Rejeu de 1 version(s) : Bureau/bin/System.Web.Helpers.dll
[2026-09-03 11:24:02] [WARN]       v1 EnsureUser echoue (fethy.faradji@infopro-digital.com) : EnsureUser 401 : {}
[2026-09-03 11:24:02] [WARN]       v1 VVI echoue : SP REST 401 : {}
[2026-09-03 11:24:02] [WARN]       v1 : auteur non restaure (VVI non valide) pour 'fethy.faradji@infopro-digital.com'
[2026-09-03 11:24:05] [INFO] Restauration auteur version: tentative via SharePoint VVI terminee (voir logs vN pour le detail).
[2026-09-03 11:24:05] [SUCCESS] ✅ Bureau/bin/System.Web.Helpers.dll - historique copie (1 version(s))
[2026-09-03 11:24:05] [INFO] [105/12905] Bureau/bin/System.Web.Helpers.xml (74850 o)
[2026-09-03 11:24:05] [INFO]    ⬇  Bureau/bin/System.Web.Helpers.xml
[2026-09-03 11:24:05] [INFO]    ⬆  Rejeu de 1 version(s) : Bureau/bin/System.Web.Helpers.xml
[2026-09-03 11:24:07] [WARN]       v1 EnsureUser echoue (fethy.faradji@infopro-digital.com) : EnsureUser 401 : {}
[2026-09-03 11:24:07] [WARN]       v1 VVI echoue : SP REST 401 : {}
[2026-09-03 11:24:07] [WARN]       v1 : auteur non restaure (VVI non valide) pour 'fethy.faradji@infopro-digital.com'
[2026-09-03 11:24:09] [INFO] Restauration auteur version: tentative via SharePoint VVI terminee (voir logs vN pour le detail).
[2026-09-03 11:24:09] [SUCCESS] ✅ Bureau/bin/System.Web.Helpers.xml - historique copie (1 version(s))
[2026-09-03 11:24:09] [INFO] [106/12905] Bureau/bin/System.Web.Mvc.dll (549336 o)
[2026-09-03 11:24:09] [INFO]    ⬇  Bureau/bin/System.Web.Mvc.dll
[2026-09-03 11:24:10] [INFO]    ⬆  Rejeu de 1 version(s) : Bureau/bin/System.Web.Mvc.dll
[2026-09-03 11:24:12] [WARN]       v1 EnsureUser echoue (fethy.faradji@infopro-digital.com) : EnsureUser 401 : {}
[2026-09-03 11:24:12] [WARN]       v1 VVI echoue : SP REST 401 : {}
[2026-09-03 11:24:12] [WARN]       v1 : auteur non restaure (VVI non valide) pour 'fethy.faradji@infopro-digital.com'
[2026-09-03 11:24:14] [INFO] Restauration auteur version: tentative via SharePoint VVI terminee (voir logs vN pour le detail).
[2026-09-03 11:24:14] [SUCCESS] ✅ Bureau/bin/System.Web.Mvc.dll - historique copie (1 version(s))
[2026-09-03 11:24:14] [INFO] [107/12905] Bureau/bin/System.Web.Mvc.xml (952428 o)
[2026-09-03 11:24:15] [INFO]    ⬇  Bureau/bin/System.Web.Mvc.xml
[2026-09-03 11:24:15] [INFO]    ⬆  Rejeu de 1 version(s) : Bureau/bin/System.Web.Mvc.xml
[2026-09-03 11:24:17] [WARN]       v1 EnsureUser echoue (fethy.faradji@infopro-digital.com) : EnsureUser 401 : {}
[2026-09-03 11:24:17] [WARN]       v1 VVI echoue : SP REST 401 : {}
[2026-09-03 11:24:18] [WARN]       v1 : auteur non restaure (VVI non valide) pour 'fethy.faradji@infopro-digital.com'
[2026-09-03 11:24:19] [INFO] Restauration auteur version: tentative via SharePoint VVI terminee (voir logs vN pour le detail).
[2026-09-03 11:24:19] [SUCCESS] ✅ Bureau/bin/System.Web.Mvc.xml - historique copie (1 version(s))
[2026-09-03 11:24:19] [INFO] [108/12905] Bureau/bin/System.Web.Optimization.dll (70864 o)
[2026-09-03 11:24:20] [INFO]    ⬇  Bureau/bin/System.Web.Optimization.dll
[2026-09-03 11:24:20] [INFO]    ⬆  Rejeu de 1 version(s) : Bureau/bin/System.Web.Optimization.dll
[2026-09-03 11:24:22] [WARN]       v1 EnsureUser echoue (fethy.faradji@infopro-digital.com) : EnsureUser 401 : {}
[2026-09-03 11:24:22] [WARN]       v1 VVI echoue : SP REST 401 : {}
[2026-09-03 11:24:23] [WARN]       v1 : auteur non restaure (VVI non valide) pour 'fethy.faradji@infopro-digital.com'
[2026-09-03 11:24:24] [INFO] Restauration auteur version: tentative via SharePoint VVI terminee (voir logs vN pour le detail).
[2026-09-03 11:24:24] [SUCCESS] ✅ Bureau/bin/System.Web.Optimization.dll - historique copie (1 version(s))
[2026-09-03 11:24:24] [INFO] [109/12905] Bureau/bin/System.Web.Optimization.xml (50585 o)
[2026-09-03 11:24:24] [INFO]    ⬇  Bureau/bin/System.Web.Optimization.xml
[2026-09-03 11:24:25] [INFO]    ⬆  Rejeu de 1 version(s) : Bureau/bin/System.Web.Optimization.xml
[2026-09-03 11:24:27] [WARN]       v1 EnsureUser echoue (fethy.faradji@infopro-digital.com) : EnsureUser 401 : {}
[2026-09-03 11:24:27] [WARN]       v1 VVI echoue : SP REST 401 : {}
[2026-09-03 11:24:27] [WARN]       v1 : auteur non restaure (VVI non valide) pour 'fethy.faradji@infopro-digital.com'
[2026-09-03 11:24:29] [INFO] Restauration auteur version: tentative via SharePoint VVI terminee (voir logs vN pour le detail).
[2026-09-03 11:24:29] [SUCCESS] ✅ Bureau/bin/System.Web.Optimization.xml - historique copie (1 version(s))
[2026-09-03 11:24:29] [INFO] [110/12905] Bureau/bin/System.Web.Razor.dll (264680 o)
[2026-09-03 11:24:30] [INFO]    ⬇  Bureau/bin/System.Web.Razor.dll
[2026-09-03 11:24:30] [INFO]    ⬆  Rejeu de 1 version(s) : Bureau/bin/System.Web.Razor.dll
[2026-09-03 11:24:32] [WARN]       v1 EnsureUser echoue (fethy.faradji@infopro-digital.com) : EnsureUser 401 : {}
[2026-09-03 11:24:32] [WARN]       v1 VVI echoue : SP REST 401 : {}
[2026-09-03 11:24:33] [WARN]       v1 : auteur non restaure (VVI non valide) pour 'fethy.faradji@infopro-digital.com'
[2026-09-03 11:24:34] [INFO] Restauration auteur version: tentative via SharePoint VVI terminee (voir logs vN pour le detail).
[2026-09-03 11:24:34] [SUCCESS] ✅ Bureau/bin/System.Web.Razor.dll - historique copie (1 version(s))
[2026-09-03 11:24:35] [INFO] [111/12905] Bureau/bin/System.Web.Razor.xml (522146 o)
[2026-09-03 11:24:35] [INFO]    ⬇  Bureau/bin/System.Web.Razor.xml
[2026-09-03 11:24:36] [INFO]    ⬆  Rejeu de 1 version(s) : Bureau/bin/System.Web.Razor.xml
[2026-09-03 11:24:38] [WARN]       v1 EnsureUser echoue (fethy.faradji@infopro-digital.com) : EnsureUser 401 : {}
[2026-09-03 11:24:38] [WARN]       v1 VVI echoue : SP REST 401 : {}
[2026-09-03 11:24:38] [WARN]       v1 : auteur non restaure (VVI non valide) pour 'fethy.faradji@infopro-digital.com'
[2026-09-03 11:24:39] [INFO] Restauration auteur version: tentative via SharePoint VVI terminee (voir logs vN pour le detail).
[2026-09-03 11:24:39] [SUCCESS] ✅ Bureau/bin/System.Web.Razor.xml - historique copie (1 version(s))
[2026-09-03 11:24:40] [INFO] [112/12905] Bureau/bin/System.Web.WebPages.Deployment.dll (44008 o)
[2026-09-03 11:24:40] [INFO]    ⬇  Bureau/bin/System.Web.WebPages.Deployment.dll
[2026-09-03 11:24:41] [INFO]    ⬆  Rejeu de 1 version(s) : Bureau/bin/System.Web.WebPages.Deployment.dll
[2026-09-03 11:24:43] [WARN]       v1 EnsureUser echoue (fethy.faradji@infopro-digital.com) : EnsureUser 401 : {}
[2026-09-03 11:24:43] [WARN]       v1 VVI echoue : SP REST 401 : {}
[2026-09-03 11:24:43] [WARN]       v1 : auteur non restaure (VVI non valide) pour 'fethy.faradji@infopro-digital.com'
[2026-09-03 11:24:44] [INFO] Restauration auteur version: tentative via SharePoint VVI terminee (voir logs vN pour le detail).
[2026-09-03 11:24:44] [SUCCESS] ✅ Bureau/bin/System.Web.WebPages.Deployment.dll - historique copie (1 version(s))
[2026-09-03 11:24:44] [INFO] [113/12905] Bureau/bin/System.Web.WebPages.Deployment.xml (4867 o)
[2026-09-03 11:24:44] [INFO]    ⬇  Bureau/bin/System.Web.WebPages.Deployment.xml
[2026-09-03 11:24:45] [INFO]    ⬆  Rejeu de 1 version(s) : Bureau/bin/System.Web.WebPages.Deployment.xml
[2026-09-03 11:24:46] [WARN]       v1 EnsureUser echoue (fethy.faradji@infopro-digital.com) : EnsureUser 401 : {}
[2026-09-03 11:24:46] [WARN]       v1 VVI echoue : SP REST 401 : {}
[2026-09-03 11:24:46] [WARN]       v1 : auteur non restaure (VVI non valide) pour 'fethy.faradji@infopro-digital.com'
[2026-09-03 11:24:48] [INFO] Restauration auteur version: tentative via SharePoint VVI terminee (voir logs vN pour le detail).
[2026-09-03 11:24:48] [SUCCESS] ✅ Bureau/bin/System.Web.WebPages.Deployment.xml - historique copie (1 version(s))
[2026-09-03 11:24:49] [INFO] [114/12905] Bureau/bin/System.Web.WebPages.dll (207336 o)
[2026-09-03 11:24:49] [INFO]    ⬇  Bureau/bin/System.Web.WebPages.dll
[2026-09-03 11:24:49] [INFO]    ⬆  Rejeu de 1 version(s) : Bureau/bin/System.Web.WebPages.dll
[2026-09-03 11:24:51] [WARN]       v1 EnsureUser echoue (fethy.faradji@infopro-digital.com) : EnsureUser 401 : {}
[2026-09-03 11:24:51] [WARN]       v1 VVI echoue : SP REST 401 : {}
[2026-09-03 11:24:52] [WARN]       v1 : auteur non restaure (VVI non valide) pour 'fethy.faradji@infopro-digital.com'
[2026-09-03 11:24:53] [INFO] Restauration auteur version: tentative via SharePoint VVI terminee (voir logs vN pour le detail).
[2026-09-03 11:24:53] [SUCCESS] ✅ Bureau/bin/System.Web.WebPages.dll - historique copie (1 version(s))
[2026-09-03 11:24:53] [INFO] [115/12905] Bureau/bin/System.Web.WebPages.Razor.dll (41960 o)
[2026-09-03 11:24:53] [INFO]    ⬇  Bureau/bin/System.Web.WebPages.Razor.dll
[2026-09-03 11:24:54] [INFO]    ⬆  Rejeu de 1 version(s) : Bureau/bin/System.Web.WebPages.Razor.dll
[2026-09-03 11:24:55] [WARN]       v1 EnsureUser echoue (fethy.faradji@infopro-digital.com) : EnsureUser 401 : {}
[2026-09-03 11:24:55] [WARN]       v1 VVI echoue : SP REST 401 : {}
[2026-09-03 11:24:56] [WARN]       v1 : auteur non restaure (VVI non valide) pour 'fethy.faradji@infopro-digital.com'
[2026-09-03 11:24:57] [INFO] Restauration auteur version: tentative via SharePoint VVI terminee (voir logs vN pour le detail).
[2026-09-03 11:24:57] [SUCCESS] ✅ Bureau/bin/System.Web.WebPages.Razor.dll - historique copie (1 version(s))
[2026-09-03 11:24:57] [INFO] [116/12905] Bureau/bin/System.Web.WebPages.Razor.xml (25222 o)
[2026-09-03 11:24:57] [INFO]    ⬇  Bureau/bin/System.Web.WebPages.Razor.xml
[2026-09-03 11:24:58] [INFO]    ⬆  Rejeu de 1 version(s) : Bureau/bin/System.Web.WebPages.Razor.xml
[2026-09-03 11:25:00] [WARN]       v1 EnsureUser echoue (fethy.faradji@infopro-digital.com) : EnsureUser 401 : {}
[2026-09-03 11:25:00] [WARN]       v1 VVI echoue : SP REST 401 : {}
[2026-09-03 11:25:00] [WARN]       v1 : auteur non restaure (VVI non valide) pour 'fethy.faradji@infopro-digital.com'
[2026-09-03 11:25:02] [INFO] Restauration auteur version: tentative via SharePoint VVI terminee (voir logs vN pour le detail).
[2026-09-03 11:25:02] [SUCCESS] ✅ Bureau/bin/System.Web.WebPages.Razor.xml - historique copie (1 version(s))
[2026-09-03 11:25:02] [INFO] [117/12905] Bureau/bin/System.Web.WebPages.xml (234716 o)
[2026-09-03 11:25:02] [INFO]    ⬇  Bureau/bin/System.Web.WebPages.xml
[2026-09-03 11:25:03] [INFO]    ⬆  Rejeu de 1 version(s) : Bureau/bin/System.Web.WebPages.xml
[2026-09-03 11:25:05] [WARN]       v1 EnsureUser echoue (fethy.faradji@infopro-digital.com) : EnsureUser 401 : {}
[2026-09-03 11:25:05] [WARN]       v1 VVI echoue : SP REST 401 : {}
[2026-09-03 11:25:05] [WARN]       v1 : auteur non restaure (VVI non valide) pour 'fethy.faradji@infopro-digital.com'
[2026-09-03 11:25:06] [INFO] Restauration auteur version: tentative via SharePoint VVI terminee (voir logs vN pour le detail).
[2026-09-03 11:25:06] [SUCCESS] ✅ Bureau/bin/System.Web.WebPages.xml - historique copie (1 version(s))
[2026-09-03 11:25:06] [INFO] [118/12905] Bureau/bin/Web.prod.config (5299 o)
[2026-09-03 11:25:07] [INFO]    ⬇  Bureau/bin/Web.prod.config
[2026-09-03 11:25:08] [INFO]    ⬆  Rejeu de 1 version(s) : Bureau/bin/Web.prod.config
[2026-09-03 11:25:09] [WARN]       v1 EnsureUser echoue (fethy.faradji@infopro-digital.com) : EnsureUser 401 : {}
[2026-09-03 11:25:09] [WARN]       v1 VVI echoue : SP REST 401 : {}
[2026-09-03 11:25:10] [WARN]       v1 : auteur non restaure (VVI non valide) pour 'fethy.faradji@infopro-digital.com'
[2026-09-03 11:25:13] [INFO] Restauration auteur version: tentative via SharePoint VVI terminee (voir logs vN pour le detail).
[2026-09-03 11:25:13] [SUCCESS] ✅ Bureau/bin/Web.prod.config - historique copie (1 version(s))
[2026-09-03 11:25:13] [INFO] [119/12905] Bureau/bin/WebGrease.dll (1274520 o)
[2026-09-03 11:25:13] [INFO]    ⬇  Bureau/bin/WebGrease.dll
[2026-09-03 11:25:14] [INFO]    ⬆  Rejeu de 1 version(s) : Bureau/bin/WebGrease.dll
[2026-09-03 11:25:17] [WARN]       v1 EnsureUser echoue (fethy.faradji@infopro-digital.com) : EnsureUser 401 : {}
[2026-09-03 11:25:17] [WARN]       v1 VVI echoue : SP REST 401 : {}
[2026-09-03 11:25:17] [WARN]       v1 : auteur non restaure (VVI non valide) pour 'fethy.faradji@infopro-digital.com'
[2026-09-03 11:25:18] [INFO] Restauration auteur version: tentative via SharePoint VVI terminee (voir logs vN pour le detail).
[2026-09-03 11:25:18] [SUCCESS] ✅ Bureau/bin/WebGrease.dll - historique copie (1 version(s))
[2026-09-03 11:25:18] [INFO] [120/12905] Bureau/bureau/warning ssis.pdf (391044 o)
[2026-09-03 11:25:19] [INFO]    ⬇  Bureau/bureau/warning ssis.pdf
[2026-09-03 11:25:19] [INFO]    ⬆  Rejeu de 1 version(s) : Bureau/bureau/warning ssis.pdf
[2026-09-03 11:25:21] [WARN]       v1 EnsureUser echoue (fethy.faradji@infopro-digital.com) : EnsureUser 401 : {}
[2026-09-03 11:25:22] [WARN]       v1 VVI echoue : SP REST 401 : {}
[2026-09-03 11:25:23] [WARN]       v1 : auteur non restaure (VVI non valide) pour 'fethy.faradji@infopro-digital.com'
[2026-09-03 11:25:24] [INFO] Restauration auteur version: tentative via SharePoint VVI terminee (voir logs vN pour le detail).
[2026-09-03 11:25:24] [SUCCESS] ✅ Bureau/bureau/warning ssis.pdf - historique copie (1 version(s))
[2026-09-03 11:25:24] [INFO] [121/12905] Bureau/Debug/app.publish/Alimentation_DWS_PS.exe (110016 o)
[2026-09-03 11:25:24] [INFO]    ⬇  Bureau/Debug/app.publish/Alimentation_DWS_PS.exe
[2026-09-03 11:25:25] [INFO]    ⬆  Rejeu de 9 version(s) : Bureau/Debug/app.publish/Alimentation_DWS_PS.exe
[2026-09-03 11:25:27] [WARN]       v1 EnsureUser echoue (fethy.faradji@infopro-digital.com) : EnsureUser 401 : {}
[2026-09-03 11:25:27] [WARN]       v1 VVI echoue : SP REST 401 : {}
[2026-09-03 11:25:28] [WARN]       v1 : auteur non restaure (VVI non valide) pour 'fethy.faradji@infopro-digital.com'
[2026-09-03 11:25:29] [WARN]       v2 EnsureUser echoue (fethy.faradji@infopro-digital.com) : EnsureUser 401 : {}
[2026-09-03 11:25:29] [WARN]       v2 VVI echoue : SP REST 401 : {}
[2026-09-03 11:25:30] [WARN]       v2 : auteur non restaure (VVI non valide) pour 'fethy.faradji@infopro-digital.com'
[2026-09-03 11:25:31] [WARN]       v3 EnsureUser echoue (fethy.faradji@infopro-digital.com) : EnsureUser 401 : {}
[2026-09-03 11:25:31] [WARN]       v3 VVI echoue : SP REST 401 : {}
[2026-09-03 11:25:32] [WARN]       v3 : auteur non restaure (VVI non valide) pour 'fethy.faradji@infopro-digital.com'
[2026-09-03 11:25:33] [WARN]       v4 EnsureUser echoue (fethy.faradji@infopro-digital.com) : EnsureUser 401 : {}
[2026-09-03 11:25:33] [WARN]       v4 VVI echoue : SP REST 401 : {}
[2026-09-03 11:25:34] [WARN]       v4 : auteur non restaure (VVI non valide) pour 'fethy.faradji@infopro-digital.com'
[2026-09-03 11:25:35] [WARN]       v5 EnsureUser echoue (fethy.faradji@infopro-digital.com) : EnsureUser 401 : {}
[2026-09-03 11:25:35] [WARN]       v5 VVI echoue : SP REST 401 : {}
[2026-09-03 11:25:36] [WARN]       v5 : auteur non restaure (VVI non valide) pour 'fethy.faradji@infopro-digital.com'
[2026-09-03 11:25:37] [WARN]       v6 EnsureUser echoue (fethy.faradji@infopro-digital.com) : EnsureUser 401 : {}
[2026-09-03 11:25:37] [WARN]       v6 VVI echoue : SP REST 401 : {}
[2026-09-03 11:25:38] [WARN]       v6 : auteur non restaure (VVI non valide) pour 'fethy.faradji@infopro-digital.com'
[2026-09-03 11:25:39] [WARN]       v7 EnsureUser echoue (fethy.faradji@infopro-digital.com) : EnsureUser 401 : {}
[2026-09-03 11:25:39] [WARN]       v7 VVI echoue : SP REST 401 : {}
[2026-09-03 11:25:39] [WARN]       v7 : auteur non restaure (VVI non valide) pour 'fethy.faradji@infopro-digital.com'
[2026-09-03 11:25:40] [WARN]       v8 EnsureUser echoue (fethy.faradji@infopro-digital.com) : EnsureUser 401 : {}
[2026-09-03 11:25:40] [WARN]       v8 VVI echoue : SP REST 401 : {}
[2026-09-03 11:25:41] [WARN]       v8 : auteur non restaure (VVI non valide) pour 'fethy.faradji@infopro-digital.com'
[2026-09-03 11:25:42] [WARN]       v9 EnsureUser echoue (fethy.faradji@infopro-digital.com) : EnsureUser 401 : {}
[2026-09-03 11:25:42] [WARN]       v9 VVI echoue : SP REST 401 : {}
[2026-09-03 11:25:42] [WARN]       v9 : auteur non restaure (VVI non valide) pour 'fethy.faradji@infopro-digital.com'
[2026-09-03 11:25:44] [INFO] Restauration auteur version: tentative via SharePoint VVI terminee (voir logs vN pour le detail).
[2026-09-03 11:25:44] [SUCCESS] ✅ Bureau/Debug/app.publish/Alimentation_DWS_PS.exe - historique copie (9 version(s))
[2026-09-03 11:25:44] [INFO] [122/12905] Bureau/Debug/PowerShell/AcceptedDomains.ps1 (1333 o)
[2026-09-03 11:25:45] [INFO]    ⬇  Bureau/Debug/PowerShell/AcceptedDomains.ps1
[2026-09-03 11:25:46] [INFO]    ⬆  Rejeu de 1 version(s) : Bureau/Debug/PowerShell/AcceptedDomains.ps1
[2026-09-03 11:25:47] [WARN]       v1 EnsureUser echoue (fethy.faradji@infopro-digital.com) : EnsureUser 401 : {}
[2026-09-03 11:25:47] [WARN]       v1 VVI echoue : SP REST 401 : {}
[2026-09-03 11:25:48] [WARN]       v1 : auteur non restaure (VVI non valide) pour 'fethy.faradji@infopro-digital.com'
[2026-09-03 11:25:50] [INFO] Restauration auteur version: tentative via SharePoint VVI terminee (voir logs vN pour le detail).
[2026-09-03 11:25:50] [SUCCESS] ✅ Bureau/Debug/PowerShell/AcceptedDomains.ps1 - historique copie (1 version(s))
[2026-09-03 11:25:50] [INFO] [123/12905] Bureau/Debug/PowerShell/AlerteEchange.ps1 (3048 o)
[2026-09-03 11:25:50] [INFO]    ⬇  Bureau/Debug/PowerShell/AlerteEchange.ps1
[2026-09-03 11:25:51] [INFO]    ⬆  Rejeu de 1 version(s) : Bureau/Debug/PowerShell/AlerteEchange.ps1
[2026-09-03 11:25:52] [WARN]       v1 EnsureUser echoue (fethy.faradji@infopro-digital.com) : EnsureUser 401 : {}
[2026-09-03 11:25:52] [WARN]       v1 VVI echoue : SP REST 401 : {}
[2026-09-03 11:25:52] [WARN]       v1 : auteur non restaure (VVI non valide) pour 'fethy.faradji@infopro-digital.com'
[2026-09-03 11:25:54] [INFO] Restauration auteur version: tentative via SharePoint VVI terminee (voir logs vN pour le detail).
[2026-09-03 11:25:54] [SUCCESS] ✅ Bureau/Debug/PowerShell/AlerteEchange.ps1 - historique copie (1 version(s))
[2026-09-03 11:25:54] [INFO] [124/12905] Bureau/Debug/PowerShell/Extraction_AD_Computers.ps1 (3487 o)
[2026-09-03 11:25:55] [INFO]    ⬇  Bureau/Debug/PowerShell/Extraction_AD_Computers.ps1
[2026-09-03 11:25:55] [INFO]    ⬆  Rejeu de 1 version(s) : Bureau/Debug/PowerShell/Extraction_AD_Computers.ps1
[2026-09-03 11:25:57] [WARN]       v1 EnsureUser echoue (fethy.faradji@infopro-digital.com) : EnsureUser 401 : {}
[2026-09-03 11:25:57] [WARN]       v1 VVI echoue : SP REST 401 : {}
[2026-09-03 11:25:57] [WARN]       v1 : auteur non restaure (VVI non valide) pour 'fethy.faradji@infopro-digital.com'
[2026-09-03 11:25:58] [INFO] Restauration auteur version: tentative via SharePoint VVI terminee (voir logs vN pour le detail).
[2026-09-03 11:25:58] [SUCCESS] ✅ Bureau/Debug/PowerShell/Extraction_AD_Computers.ps1 - historique copie (1 version(s))
[2026-09-03 11:25:58] [INFO] [125/12905] Bureau/Debug/PowerShell/ExtractionAD-ANETO.ps1 (1303 o)
[2026-09-03 11:25:59] [INFO]    ⬇  Bureau/Debug/PowerShell/ExtractionAD-ANETO.ps1
[2026-09-03 11:25:59] [INFO]    ⬆  Rejeu de 2 version(s) : Bureau/Debug/PowerShell/ExtractionAD-ANETO.ps1
[2026-09-03 11:26:01] [WARN]       v1 EnsureUser echoue (fethy.faradji@infopro-digital.com) : EnsureUser 401 : {}
[2026-09-03 11:26:01] [WARN]       v1 VVI echoue : SP REST 401 : {}
[2026-09-03 11:26:02] [WARN]       v1 : auteur non restaure (VVI non valide) pour 'fethy.faradji@infopro-digital.com'
[2026-09-03 11:26:03] [WARN]       v2 EnsureUser echoue (fethy.faradji@infopro-digital.com) : EnsureUser 401 : {}
[2026-09-03 11:26:03] [WARN]       v2 VVI echoue : SP REST 401 : {}
[2026-09-03 11:26:04] [WARN]       v2 : auteur non restaure (VVI non valide) pour 'fethy.faradji@infopro-digital.com'
[2026-09-03 11:26:05] [INFO] Restauration auteur version: tentative via SharePoint VVI terminee (voir logs vN pour le detail).
[2026-09-03 11:26:05] [SUCCESS] ✅ Bureau/Debug/PowerShell/ExtractionAD-ANETO.ps1 - historique copie (2 version(s))
[2026-09-03 11:26:05] [INFO] [126/12905] Bureau/Debug/PowerShell/ExtractionAD-APC.ps1 (1298 o)
[2026-09-03 11:26:06] [INFO]    ⬇  Bureau/Debug/PowerShell/ExtractionAD-APC.ps1
[2026-09-03 11:26:06] [INFO]    ⬆  Rejeu de 1 version(s) : Bureau/Debug/PowerShell/ExtractionAD-APC.ps1
[2026-09-03 11:26:08] [WARN]       v1 EnsureUser echoue (fethy.faradji@infopro-digital.com) : EnsureUser 401 : {}
[2026-09-03 11:26:08] [WARN]       v1 VVI echoue : SP REST 401 : {}
[2026-09-03 11:26:08] [WARN]       v1 : auteur non restaure (VVI non valide) pour 'fethy.faradji@infopro-digital.com'
[2026-09-03 11:26:09] [INFO] Restauration auteur version: tentative via SharePoint VVI terminee (voir logs vN pour le detail).
[2026-09-03 11:26:10] [SUCCESS] ✅ Bureau/Debug/PowerShell/ExtractionAD-APC.ps1 - historique copie (1 version(s))
[2026-09-03 11:26:10] [INFO] [127/12905] Bureau/Debug/PowerShell/ExtractionAD-COMPANEO.ps1 (1304 o)
[2026-09-03 11:26:10] [INFO]    ⬇  Bureau/Debug/PowerShell/ExtractionAD-COMPANEO.ps1
[2026-09-03 11:26:11] [INFO]    ⬆  Rejeu de 2 version(s) : Bureau/Debug/PowerShell/ExtractionAD-COMPANEO.ps1
[2026-09-03 11:26:13] [WARN]       v1 EnsureUser echoue (fethy.faradji@infopro-digital.com) : EnsureUser 401 : {}
[2026-09-03 11:26:13] [WARN]       v1 VVI echoue : SP REST 401 : {}
[2026-09-03 11:26:14] [WARN]       v1 : auteur non restaure (VVI non valide) pour 'fethy.faradji@infopro-digital.com'
[2026-09-03 11:26:15] [WARN]       v2 EnsureUser echoue (fethy.faradji@infopro-digital.com) : EnsureUser 401 : {}
[2026-09-03 11:26:15] [WARN]       v2 VVI echoue : SP REST 401 : {}
[2026-09-03 11:26:15] [WARN]       v2 : auteur non restaure (VVI non valide) pour 'fethy.faradji@infopro-digital.com'
[2026-09-03 11:26:17] [INFO] Restauration auteur version: tentative via SharePoint VVI terminee (voir logs vN pour le detail).
[2026-09-03 11:26:17] [SUCCESS] ✅ Bureau/Debug/PowerShell/ExtractionAD-COMPANEO.ps1 - historique copie (2 version(s))
[2026-09-03 11:26:17] [INFO] [128/12905] Bureau/Debug/PowerShell/ExtractionAD-DRD.ps1 (1216 o)
[2026-09-03 11:26:17] [INFO]    ⬇  Bureau/Debug/PowerShell/ExtractionAD-DRD.ps1
[2026-09-03 11:26:18] [INFO]    ⬆  Rejeu de 1 version(s) : Bureau/Debug/PowerShell/ExtractionAD-DRD.ps1
[2026-09-03 11:26:20] [WARN]       v1 EnsureUser echoue (fethy.faradji@infopro-digital.com) : EnsureUser 401 : {}
[2026-09-03 11:26:20] [WARN]       v1 VVI echoue : SP REST 401 : {}
[2026-09-03 11:26:20] [WARN]       v1 : auteur non restaure (VVI non valide) pour 'fethy.faradji@infopro-digital.com'
[2026-09-03 11:26:22] [INFO] Restauration auteur version: tentative via SharePoint VVI terminee (voir logs vN pour le detail).
[2026-09-03 11:26:22] [SUCCESS] ✅ Bureau/Debug/PowerShell/ExtractionAD-DRD.ps1 - historique copie (1 version(s))
[2026-09-03 11:26:22] [INFO] [129/12905] Bureau/Debug/PowerShell/ExtractionAD-EBP.ps1 (1293 o)
[2026-09-03 11:26:22] [INFO]    ⬇  Bureau/Debug/PowerShell/ExtractionAD-EBP.ps1
[2026-09-03 11:26:23] [INFO]    ⬆  Rejeu de 2 version(s) : Bureau/Debug/PowerShell/ExtractionAD-EBP.ps1
[2026-09-03 11:26:25] [WARN]       v1 EnsureUser echoue (fethy.faradji@infopro-digital.com) : EnsureUser 401 : {}
[2026-09-03 11:26:25] [WARN]       v1 VVI echoue : SP REST 401 : {}
[2026-09-03 11:26:25] [WARN]       v1 : auteur non restaure (VVI non valide) pour 'fethy.faradji@infopro-digital.com'
[2026-09-03 11:26:26] [WARN]       v2 EnsureUser echoue (fethy.faradji@infopro-digital.com) : EnsureUser 401 : {}
[2026-09-03 11:26:26] [WARN]       v2 VVI echoue : SP REST 401 : {}
[2026-09-03 11:26:26] [WARN]       v2 : auteur non restaure (VVI non valide) pour 'fethy.faradji@infopro-digital.com'
[2026-09-03 11:26:28] [INFO] Restauration auteur version: tentative via SharePoint VVI terminee (voir logs vN pour le detail).
[2026-09-03 11:26:28] [SUCCESS] ✅ Bureau/Debug/PowerShell/ExtractionAD-EBP.ps1 - historique copie (2 version(s))
[2026-09-03 11:26:28] [INFO] [130/12905] Bureau/Debug/PowerShell/ExtractionAD-GMH.ps1 (1290 o)
[2026-09-03 11:26:28] [INFO]    ⬇  Bureau/Debug/PowerShell/ExtractionAD-GMH.ps1
[2026-09-03 11:26:29] [INFO]    ⬆  Rejeu de 2 version(s) : Bureau/Debug/PowerShell/ExtractionAD-GMH.ps1
[2026-09-03 11:26:31] [WARN]       v1 EnsureUser echoue (fethy.faradji@infopro-digital.com) : EnsureUser 401 : {}
[2026-09-03 11:26:31] [WARN]       v1 VVI echoue : SP REST 401 : {}
[2026-09-03 11:26:31] [WARN]       v1 : auteur non restaure (VVI non valide) pour 'fethy.faradji@infopro-digital.com'
[2026-09-03 11:26:32] [WARN]       v2 EnsureUser echoue (fethy.faradji@infopro-digital.com) : EnsureUser 401 : {}
[2026-09-03 11:26:32] [WARN]       v2 VVI echoue : SP REST 401 : {}
[2026-09-03 11:26:33] [WARN]       v2 : auteur non restaure (VVI non valide) pour 'fethy.faradji@infopro-digital.com'
[2026-09-03 11:26:34] [INFO] Restauration auteur version: tentative via SharePoint VVI terminee (voir logs vN pour le detail).
[2026-09-03 11:26:34] [SUCCESS] ✅ Bureau/Debug/PowerShell/ExtractionAD-GMH.ps1 - historique copie (2 version(s))
[2026-09-03 11:26:34] [INFO] [131/12905] Bureau/Debug/PowerShell/ExtractionAD-INFO.ps1 (1295 o)
[2026-09-03 11:26:34] [INFO]    ⬇  Bureau/Debug/PowerShell/ExtractionAD-INFO.ps1
[2026-09-03 11:26:35] [INFO]    ⬆  Rejeu de 2 version(s) : Bureau/Debug/PowerShell/ExtractionAD-INFO.ps1
[2026-09-03 11:26:37] [WARN]       v1 EnsureUser echoue (fethy.faradji@infopro-digital.com) : EnsureUser 401 : {}
[2026-09-03 11:26:37] [WARN]       v1 VVI echoue : SP REST 401 : {}
[2026-09-03 11:26:38] [WARN]       v1 : auteur non restaure (VVI non valide) pour 'fethy.faradji@infopro-digital.com'
[2026-09-03 11:26:39] [WARN]       v2 EnsureUser echoue (fethy.faradji@infopro-digital.com) : EnsureUser 401 : {}
[2026-09-03 11:26:39] [WARN]       v2 VVI echoue : SP REST 401 : {}
[2026-09-03 11:26:39] [WARN]       v2 : auteur non restaure (VVI non valide) pour 'fethy.faradji@infopro-digital.com'
[2026-09-03 11:26:41] [INFO] Restauration auteur version: tentative via SharePoint VVI terminee (voir logs vN pour le detail).
[2026-09-03 11:26:41] [SUCCESS] ✅ Bureau/Debug/PowerShell/ExtractionAD-INFO.ps1 - historique copie (2 version(s))
[2026-09-03 11:26:41] [INFO] [132/12905] Bureau/Debug/PowerShell/ExtractionAD-VP.ps1 (1267 o)
[2026-09-03 11:26:41] [INFO]    ⬇  Bureau/Debug/PowerShell/ExtractionAD-VP.ps1
[2026-09-03 11:26:42] [INFO]    ⬆  Rejeu de 1 version(s) : Bureau/Debug/PowerShell/ExtractionAD-VP.ps1
[2026-09-03 11:26:43] [WARN]       v1 EnsureUser echoue (fethy.faradji@infopro-digital.com) : EnsureUser 401 : {}
[2026-09-03 11:26:43] [WARN]       v1 VVI echoue : SP REST 401 : {}
[2026-09-03 11:26:43] [WARN]       v1 : auteur non restaure (VVI non valide) pour 'fethy.faradji@infopro-digital.com'
[2026-09-03 11:26:45] [INFO] Restauration auteur version: tentative via SharePoint VVI terminee (voir logs vN pour le detail).
[2026-09-03 11:26:45] [SUCCESS] ✅ Bureau/Debug/PowerShell/ExtractionAD-VP.ps1 - historique copie (1 version(s))
[2026-09-03 11:26:45] [INFO] [133/12905] Bureau/Debug/PowerShell/ExtractionAD-VPLUS.ps1 (1322 o)
[2026-09-03 11:26:45] [INFO]    ⬇  Bureau/Debug/PowerShell/ExtractionAD-VPLUS.ps1
[2026-09-03 11:26:46] [INFO]    ⬆  Rejeu de 2 version(s) : Bureau/Debug/PowerShell/ExtractionAD-VPLUS.ps1
[2026-09-03 11:26:48] [WARN]       v1 EnsureUser echoue (fethy.faradji@infopro-digital.com) : EnsureUser 401 : {}
[2026-09-03 11:26:48] [WARN]       v1 VVI echoue : SP REST 401 : {}
[2026-09-03 11:26:48] [WARN]       v1 : auteur non restaure (VVI non valide) pour 'fethy.faradji@infopro-digital.com'
[2026-09-03 11:26:50] [WARN]       v2 EnsureUser echoue (fethy.faradji@infopro-digital.com) : EnsureUser 401 : {}
[2026-09-03 11:26:50] [WARN]       v2 VVI echoue : SP REST 401 : {}
[2026-09-03 11:26:50] [WARN]       v2 : auteur non restaure (VVI non valide) pour 'fethy.faradji@infopro-digital.com'
[2026-09-03 11:26:52] [INFO] Restauration auteur version: tentative via SharePoint VVI terminee (voir logs vN pour le detail).
[2026-09-03 11:26:52] [SUCCESS] ✅ Bureau/Debug/PowerShell/ExtractionAD-VPLUS.ps1 - historique copie (2 version(s))
[2026-09-03 11:26:52] [INFO] [134/12905] Bureau/Debug/PowerShell/HTMLTable.ps1 (36099 o)
[2026-09-03 11:26:52] [INFO]    ⬇  Bureau/Debug/PowerShell/HTMLTable.ps1
[2026-09-03 11:26:53] [INFO]    ⬆  Rejeu de 1 version(s) : Bureau/Debug/PowerShell/HTMLTable.ps1
[2026-09-03 11:26:55] [WARN]       v1 EnsureUser echoue (fethy.faradji@infopro-digital.com) : EnsureUser 401 : {}
[2026-09-03 11:26:55] [WARN]       v1 VVI echoue : SP REST 401 : {}
[2026-09-03 11:26:56] [WARN]       v1 : auteur non restaure (VVI non valide) pour 'fethy.faradji@infopro-digital.com'
[2026-09-03 11:26:57] [INFO] Restauration auteur version: tentative via SharePoint VVI terminee (voir logs vN pour le detail).
[2026-09-03 11:26:57] [SUCCESS] ✅ Bureau/Debug/PowerShell/HTMLTable.ps1 - historique copie (1 version(s))
[2026-09-03 11:26:57] [INFO] [135/12905] Bureau/Debug/PowerShell/Script_recuperation_domaines_accepte_exchange.ps1 (1369 o)
[2026-09-03 11:26:57] [INFO]    ⬇  Bureau/Debug/PowerShell/Script_recuperation_domaines_accepte_exchange.ps1
[2026-09-03 11:26:59] [INFO]    ⬆  Rejeu de 2 version(s) : Bureau/Debug/PowerShell/Script_recuperation_domaines_accepte_exchange.ps1
[2026-09-03 11:27:00] [WARN]       v1 EnsureUser echoue (fethy.faradji@infopro-digital.com) : EnsureUser 401 : {}
[2026-09-03 11:27:00] [WARN]       v1 VVI echoue : SP REST 401 : {}
[2026-09-03 11:27:01] [WARN]       v1 : auteur non restaure (VVI non valide) pour 'fethy.faradji@infopro-digital.com'
[2026-09-03 11:27:02] [WARN]       v2 EnsureUser echoue (fethy.faradji@infopro-digital.com) : EnsureUser 401 : {}
[2026-09-03 11:27:02] [WARN]       v2 VVI echoue : SP REST 401 : {}
[2026-09-03 11:27:02] [WARN]       v2 : auteur non restaure (VVI non valide) pour 'fethy.faradji@infopro-digital.com'
[2026-09-03 11:27:03] [INFO] Restauration auteur version: tentative via SharePoint VVI terminee (voir logs vN pour le detail).
[2026-09-03 11:27:04] [SUCCESS] ✅ Bureau/Debug/PowerShell/Script_recuperation_domaines_accepte_exchange.ps1 - historique copie (2 version(s))
[2026-09-03 11:27:04] [INFO] [136/12905] Bureau/Debug/PowerShell/User365.ps1 (8341 o)
[2026-09-03 11:27:04] [INFO]    ⬇  Bureau/Debug/PowerShell/User365.ps1
[2026-09-03 11:27:04] [INFO]    ⬆  Rejeu de 1 version(s) : Bureau/Debug/PowerShell/User365.ps1
[2026-09-03 11:27:06] [WARN]       v1 EnsureUser echoue (fethy.faradji@infopro-digital.com) : EnsureUser 401 : {}
[2026-09-03 11:27:06] [WARN]       v1 VVI echoue : SP REST 401 : {}
[2026-09-03 11:27:06] [WARN]       v1 : auteur non restaure (VVI non valide) pour 'fethy.faradji@infopro-digital.com'
[2026-09-03 11:27:08] [INFO] Restauration auteur version: tentative via SharePoint VVI terminee (voir logs vN pour le detail).
[2026-09-03 11:27:08] [SUCCESS] ✅ Bureau/Debug/PowerShell/User365.ps1 - historique copie (1 version(s))
[2026-09-03 11:27:08] [INFO] [137/12905] Bureau/Debug/PowerShell/UserExcel.ps1 (3793 o)
[2026-09-03 11:27:08] [INFO]    ⬇  Bureau/Debug/PowerShell/UserExcel.ps1
[2026-09-03 11:27:09] [INFO]    ⬆  Rejeu de 1 version(s) : Bureau/Debug/PowerShell/UserExcel.ps1
[2026-09-03 11:27:11] [WARN]       v1 EnsureUser echoue (fethy.faradji@infopro-digital.com) : EnsureUser 401 : {}
[2026-09-03 11:27:11] [WARN]       v1 VVI echoue : SP REST 401 : {}
[2026-09-03 11:27:12] [WARN]       v1 : auteur non restaure (VVI non valide) pour 'fethy.faradji@infopro-digital.com'
[2026-09-03 11:27:13] [INFO] Restauration auteur version: tentative via SharePoint VVI terminee (voir logs vN pour le detail).
[2026-09-03 11:27:13] [SUCCESS] ✅ Bureau/Debug/PowerShell/UserExcel.ps1 - historique copie (1 version(s))
[2026-09-03 11:27:13] [INFO] [138/12905] Bureau/Debug/Alimentation_DWS_PS.application (1882 o)
[2026-09-03 11:27:14] [INFO]    ⬇  Bureau/Debug/Alimentation_DWS_PS.application
[2026-09-03 11:27:14] [INFO]    ⬆  Rejeu de 9 version(s) : Bureau/Debug/Alimentation_DWS_PS.application
[2026-09-03 11:27:16] [WARN]       v1 EnsureUser echoue (fethy.faradji@infopro-digital.com) : EnsureUser 401 : {}
[2026-09-03 11:27:16] [WARN]       v1 VVI echoue : SP REST 401 : {}
[2026-09-03 11:27:16] [WARN]       v1 : auteur non restaure (VVI non valide) pour 'fethy.faradji@infopro-digital.com'
[2026-09-03 11:27:18] [WARN]       v2 EnsureUser echoue (fethy.faradji@infopro-digital.com) : EnsureUser 401 : {}
[2026-09-03 11:27:18] [WARN]       v2 VVI echoue : SP REST 401 : {}
[2026-09-03 11:27:18] [WARN]       v2 : auteur non restaure (VVI non valide) pour 'fethy.faradji@infopro-digital.com'
[2026-09-03 11:27:19] [WARN]       v3 EnsureUser echoue (fethy.faradji@infopro-digital.com) : EnsureUser 401 : {}
[2026-09-03 11:27:19] [WARN]       v3 VVI echoue : SP REST 401 : {}
[2026-09-03 11:27:20] [WARN]       v3 : auteur non restaure (VVI non valide) pour 'fethy.faradji@infopro-digital.com'
[2026-09-03 11:27:21] [WARN]       v4 EnsureUser echoue (fethy.faradji@infopro-digital.com) : EnsureUser 401 : {}
[2026-09-03 11:27:21] [WARN]       v4 VVI echoue : SP REST 401 : {}
[2026-09-03 11:27:21] [WARN]       v4 : auteur non restaure (VVI non valide) pour 'fethy.faradji@infopro-digital.com'
[2026-09-03 11:27:23] [WARN]       v5 EnsureUser echoue (fethy.faradji@infopro-digital.com) : EnsureUser 401 : {}
[2026-09-03 11:27:23] [WARN]       v5 VVI echoue : SP REST 401 : {}
[2026-09-03 11:27:23] [WARN]       v5 : auteur non restaure (VVI non valide) pour 'fethy.faradji@infopro-digital.com'
[2026-09-03 11:27:24] [WARN]       v6 EnsureUser echoue (fethy.faradji@infopro-digital.com) : EnsureUser 401 : {}
[2026-09-03 11:27:25] [WARN]       v6 VVI echoue : SP REST 401 : {}
[2026-09-03 11:27:25] [WARN]       v6 : auteur non restaure (VVI non valide) pour 'fethy.faradji@infopro-digital.com'
[2026-09-03 11:27:26] [WARN]       v7 EnsureUser echoue (fethy.faradji@infopro-digital.com) : EnsureUser 401 : {}
[2026-09-03 11:27:26] [WARN]       v7 VVI echoue : SP REST 401 : {}
[2026-09-03 11:27:27] [WARN]       v7 : auteur non restaure (VVI non valide) pour 'fethy.faradji@infopro-digital.com'
[2026-09-03 11:27:28] [WARN]       v8 EnsureUser echoue (fethy.faradji@infopro-digital.com) : EnsureUser 401 : {}
[2026-09-03 11:27:28] [WARN]       v8 VVI echoue : SP REST 401 : {}
[2026-09-03 11:27:28] [WARN]       v8 : auteur non restaure (VVI non valide) pour 'fethy.faradji@infopro-digital.com'
[2026-09-03 11:27:29] [WARN]       v9 EnsureUser echoue (fethy.faradji@infopro-digital.com) : EnsureUser 401 : {}
[2026-09-03 11:27:29] [WARN]       v9 VVI echoue : SP REST 401 : {}
[2026-09-03 11:27:30] [WARN]       v9 : auteur non restaure (VVI non valide) pour 'fethy.faradji@infopro-digital.com'
[2026-09-03 11:27:31] [INFO] Restauration auteur version: tentative via SharePoint VVI terminee (voir logs vN pour le detail).
[2026-09-03 11:27:31] [SUCCESS] ✅ Bureau/Debug/Alimentation_DWS_PS.application - historique copie (9 version(s))
[2026-09-03 11:27:31] [INFO] [139/12905] Bureau/Debug/Alimentation_DWS_PS.exe (109056 o)
[2026-09-03 11:27:32] [INFO]    ⬇  Bureau/Debug/Alimentation_DWS_PS.exe
[2026-09-03 11:27:33] [INFO]    ⬆  Rejeu de 10 version(s) : Bureau/Debug/Alimentation_DWS_PS.exe
[2026-09-03 11:27:34] [WARN]       v1 EnsureUser echoue (fethy.faradji@infopro-digital.com) : EnsureUser 401 : {}
[2026-09-03 11:27:34] [WARN]       v1 VVI echoue : SP REST 401 : {}
[2026-09-03 11:27:35] [WARN]       v1 : auteur non restaure (VVI non valide) pour 'fethy.faradji@infopro-digital.com'
[2026-09-03 11:27:36] [WARN]       v2 EnsureUser echoue (fethy.faradji@infopro-digital.com) : EnsureUser 401 : {}
[2026-09-03 11:27:36] [WARN]       v2 VVI echoue : SP REST 401 : {}
[2026-09-03 11:27:36] [WARN]       v2 : auteur non restaure (VVI non valide) pour 'fethy.faradji@infopro-digital.com'
[2026-09-03 11:27:38] [WARN]       v3 EnsureUser echoue (fethy.faradji@infopro-digital.com) : EnsureUser 401 : {}
[2026-09-03 11:27:38] [WARN]       v3 VVI echoue : SP REST 401 : {}
[2026-09-03 11:27:39] [WARN]       v3 : auteur non restaure (VVI non valide) pour 'fethy.faradji@infopro-digital.com'
[2026-09-03 11:27:40] [WARN]       v4 EnsureUser echoue (fethy.faradji@infopro-digital.com) : EnsureUser 401 : {}
[2026-09-03 11:27:40] [WARN]       v4 VVI echoue : SP REST 401 : {}
[2026-09-03 11:27:40] [WARN]       v4 : auteur non restaure (VVI non valide) pour 'fethy.faradji@infopro-digital.com'
[2026-09-03 11:27:41] [WARN]       v5 EnsureUser echoue (fethy.faradji@infopro-digital.com) : EnsureUser 401 : {}
[2026-09-03 11:27:41] [WARN]       v5 VVI echoue : SP REST 401 : {}
[2026-09-03 11:27:41] [WARN]       v5 : auteur non restaure (VVI non valide) pour 'fethy.faradji@infopro-digital.com'
[2026-09-03 11:27:43] [WARN]       v6 EnsureUser echoue (fethy.faradji@infopro-digital.com) : EnsureUser 401 : {}
[2026-09-03 11:27:43] [WARN]       v6 VVI echoue : SP REST 401 : {}
[2026-09-03 11:27:43] [WARN]       v6 : auteur non restaure (VVI non valide) pour 'fethy.faradji@infopro-digital.com'
[2026-09-03 11:27:44] [WARN]       v7 EnsureUser echoue (fethy.faradji@infopro-digital.com) : EnsureUser 401 : {}
[2026-09-03 11:27:44] [WARN]       v7 VVI echoue : SP REST 401 : {}
[2026-09-03 11:27:45] [WARN]       v7 : auteur non restaure (VVI non valide) pour 'fethy.faradji@infopro-digital.com'
[2026-09-03 11:27:46] [WARN]       v8 EnsureUser echoue (fethy.faradji@infopro-digital.com) : EnsureUser 401 : {}
[2026-09-03 11:27:47] [WARN]       v8 VVI echoue : SP REST 401 : {}
[2026-09-03 11:27:47] [WARN]       v8 : auteur non restaure (VVI non valide) pour 'fethy.faradji@infopro-digital.com'
[2026-09-03 11:27:48] [WARN]       v9 EnsureUser echoue (fethy.faradji@infopro-digital.com) : EnsureUser 401 : {}
[2026-09-03 11:27:48] [WARN]       v9 VVI echoue : SP REST 401 : {}
[2026-09-03 11:27:49] [WARN]       v9 : auteur non restaure (VVI non valide) pour 'fethy.faradji@infopro-digital.com'
[2026-09-03 11:27:50] [WARN]       v10 EnsureUser echoue (fethy.faradji@infopro-digital.com) : EnsureUser 401 : {}
[2026-09-03 11:27:50] [WARN]       v10 VVI echoue : SP REST 401 : {}
[2026-09-03 11:27:50] [WARN]       v10 : auteur non restaure (VVI non valide) pour 'fethy.faradji@infopro-digital.com'
[2026-09-03 11:27:51] [INFO] Restauration auteur version: tentative via SharePoint VVI terminee (voir logs vN pour le detail).
[2026-09-03 11:27:51] [SUCCESS] ✅ Bureau/Debug/Alimentation_DWS_PS.exe - historique copie (10 version(s))
[2026-09-03 11:27:52] [INFO] [140/12905] Bureau/Debug/Alimentation_DWS_PS.exe.config (1296 o)
[2026-09-03 11:27:52] [INFO]    ⬇  Bureau/Debug/Alimentation_DWS_PS.exe.config
[2026-09-03 11:27:53] [INFO]    ⬆  Rejeu de 1 version(s) : Bureau/Debug/Alimentation_DWS_PS.exe.config
[2026-09-03 11:27:54] [WARN]       v1 EnsureUser echoue (fethy.faradji@infopro-digital.com) : EnsureUser 401 : {}
[2026-09-03 11:27:55] [WARN]       v1 VVI echoue : SP REST 401 : {}
[2026-09-03 11:27:56] [WARN]       v1 : auteur non restaure (VVI non valide) pour 'fethy.faradji@infopro-digital.com'
[2026-09-03 11:27:57] [INFO] Restauration auteur version: tentative via SharePoint VVI terminee (voir logs vN pour le detail).
[2026-09-03 11:27:57] [SUCCESS] ✅ Bureau/Debug/Alimentation_DWS_PS.exe.config - historique copie (1 version(s))
[2026-09-03 11:27:58] [INFO] [141/12905] Bureau/Debug/Alimentation_DWS_PS.exe.manifest (15535 o)
[2026-09-03 11:27:58] [INFO]    ⬇  Bureau/Debug/Alimentation_DWS_PS.exe.manifest
[2026-09-03 11:27:59] [INFO]    ⬆  Rejeu de 9 version(s) : Bureau/Debug/Alimentation_DWS_PS.exe.manifest
[2026-09-03 11:28:00] [WARN]       v1 EnsureUser echoue (fethy.faradji@infopro-digital.com) : EnsureUser 401 : {}
[2026-09-03 11:28:00] [WARN]       v1 VVI echoue : SP REST 401 : {}
[2026-09-03 11:28:01] [WARN]       v1 : auteur non restaure (VVI non valide) pour 'fethy.faradji@infopro-digital.com'
[2026-09-03 11:28:02] [WARN]       v2 EnsureUser echoue (fethy.faradji@infopro-digital.com) : EnsureUser 401 : {}
[2026-09-03 11:28:02] [WARN]       v2 VVI echoue : SP REST 401 : {}
[2026-09-03 11:28:03] [WARN]       v2 : auteur non restaure (VVI non valide) pour 'fethy.faradji@infopro-digital.com'
[2026-09-03 11:28:04] [WARN]       v3 EnsureUser echoue (fethy.faradji@infopro-digital.com) : EnsureUser 401 : {}
[2026-09-03 11:28:04] [WARN]       v3 VVI echoue : SP REST 401 : {}
[2026-09-03 11:28:04] [WARN]       v3 : auteur non restaure (VVI non valide) pour 'fethy.faradji@infopro-digital.com'
[2026-09-03 11:28:05] [WARN]       v4 EnsureUser echoue (fethy.faradji@infopro-digital.com) : EnsureUser 401 : {}
[2026-09-03 11:28:05] [WARN]       v4 VVI echoue : SP REST 401 : {}
[2026-09-03 11:28:06] [WARN]       v4 : auteur non restaure (VVI non valide) pour 'fethy.faradji@infopro-digital.com'
[2026-09-03 11:28:07] [WARN]       v5 EnsureUser echoue (fethy.faradji@infopro-digital.com) : EnsureUser 401 : {}
[2026-09-03 11:28:07] [WARN]       v5 VVI echoue : SP REST 401 : {}
[2026-09-03 11:28:08] [WARN]       v5 : auteur non restaure (VVI non valide) pour 'fethy.faradji@infopro-digital.com'
[2026-09-03 11:28:08] [WARN]       v6 EnsureUser echoue (fethy.faradji@infopro-digital.com) : EnsureUser 401 : {}
[2026-09-03 11:28:09] [WARN]       v6 VVI echoue : SP REST 401 : {}
[2026-09-03 11:28:10] [WARN]       v6 : auteur non restaure (VVI non valide) pour 'fethy.faradji@infopro-digital.com'
[2026-09-03 11:28:11] [WARN]       v7 EnsureUser echoue (fethy.faradji@infopro-digital.com) : EnsureUser 401 : {}
[2026-09-03 11:28:11] [WARN]       v7 VVI echoue : SP REST 401 : {}
[2026-09-03 11:28:11] [WARN]       v7 : auteur non restaure (VVI non valide) pour 'fethy.faradji@infopro-digital.com'
[2026-09-03 11:28:12] [WARN]       v8 EnsureUser echoue (fethy.faradji@infopro-digital.com) : EnsureUser 401 : {}
[2026-09-03 11:28:12] [WARN]       v8 VVI echoue : SP REST 401 : {}
[2026-09-03 11:28:13] [WARN]       v8 : auteur non restaure (VVI non valide) pour 'fethy.faradji@infopro-digital.com'
[2026-09-03 11:28:14] [WARN]       v9 EnsureUser echoue (fethy.faradji@infopro-digital.com) : EnsureUser 401 : {}
[2026-09-03 11:28:14] [WARN]       v9 VVI echoue : SP REST 401 : {}
[2026-09-03 11:28:14] [WARN]       v9 : auteur non restaure (VVI non valide) pour 'fethy.faradji@infopro-digital.com'
[2026-09-03 11:28:16] [INFO] Restauration auteur version: tentative via SharePoint VVI terminee (voir logs vN pour le detail).
[2026-09-03 11:28:16] [SUCCESS] ✅ Bureau/Debug/Alimentation_DWS_PS.exe.manifest - historique copie (9 version(s))
[2026-09-03 11:28:16] [INFO] [142/12905] Bureau/Debug/Alimentation_DWS_PS.pdb (177664 o)
[2026-09-03 11:28:16] [INFO]    ⬇  Bureau/Debug/Alimentation_DWS_PS.pdb
[2026-09-03 11:28:17] [INFO]    ⬆  Rejeu de 10 version(s) : Bureau/Debug/Alimentation_DWS_PS.pdb
[2026-09-03 11:28:18] [WARN]       v1 EnsureUser echoue (fethy.faradji@infopro-digital.com) : EnsureUser 401 : {}
[2026-09-03 11:28:18] [WARN]       v1 VVI echoue : SP REST 401 : {}
[2026-09-03 11:28:19] [WARN]       v1 : auteur non restaure (VVI non valide) pour 'fethy.faradji@infopro-digital.com'
[2026-09-03 11:28:20] [WARN]       v2 EnsureUser echoue (fethy.faradji@infopro-digital.com) : EnsureUser 401 : {}
[2026-09-03 11:28:20] [WARN]       v2 VVI echoue : SP REST 401 : {}
[2026-09-03 11:28:20] [WARN]       v2 : auteur non restaure (VVI non valide) pour 'fethy.faradji@infopro-digital.com'
[2026-09-03 11:28:21] [WARN]       v3 EnsureUser echoue (fethy.faradji@infopro-digital.com) : EnsureUser 401 : {}
[2026-09-03 11:28:22] [WARN]       v3 VVI echoue : SP REST 401 : {}
[2026-09-03 11:28:22] [WARN]       v3 : auteur non restaure (VVI non valide) pour 'fethy.faradji@infopro-digital.com'
[2026-09-03 11:28:23] [WARN]       v4 EnsureUser echoue (fethy.faradji@infopro-digital.com) : EnsureUser 401 : {}
[2026-09-03 11:28:23] [WARN]       v4 VVI echoue : SP REST 401 : {}
[2026-09-03 11:28:23] [WARN]       v4 : auteur non restaure (VVI non valide) pour 'fethy.faradji@infopro-digital.com'
[2026-09-03 11:28:24] [WARN]       v5 EnsureUser echoue (fethy.faradji@infopro-digital.com) : EnsureUser 401 : {}
[2026-09-03 11:28:24] [WARN]       v5 VVI echoue : SP REST 401 : {}
[2026-09-03 11:28:24] [WARN]       v5 : auteur non restaure (VVI non valide) pour 'fethy.faradji@infopro-digital.com'
[2026-09-03 11:28:25] [WARN]       v6 EnsureUser echoue (fethy.faradji@infopro-digital.com) : EnsureUser 401 : {}
[2026-09-03 11:28:26] [WARN]       v6 VVI echoue : SP REST 401 : {}
[2026-09-03 11:28:26] [WARN]       v6 : auteur non restaure (VVI non valide) pour 'fethy.faradji@infopro-digital.com'
[2026-09-03 11:28:27] [WARN]       v7 EnsureUser echoue (fethy.faradji@infopro-digital.com) : EnsureUser 401 : {}
[2026-09-03 11:28:27] [WARN]       v7 VVI echoue : SP REST 401 : {}
[2026-09-03 11:28:28] [WARN]       v7 : auteur non restaure (VVI non valide) pour 'fethy.faradji@infopro-digital.com'
[2026-09-03 11:28:29] [WARN]       v8 EnsureUser echoue (fethy.faradji@infopro-digital.com) : EnsureUser 401 : {}
[2026-09-03 11:28:29] [WARN]       v8 VVI echoue : SP REST 401 : {}
[2026-09-03 11:28:30] [WARN]       v8 : auteur non restaure (VVI non valide) pour 'fethy.faradji@infopro-digital.com'
[2026-09-03 11:28:31] [WARN]       v9 EnsureUser echoue (fethy.faradji@infopro-digital.com) : EnsureUser 401 : {}
[2026-09-03 11:28:31] [WARN]       v9 VVI echoue : SP REST 401 : {}
[2026-09-03 11:28:31] [WARN]       v9 : auteur non restaure (VVI non valide) pour 'fethy.faradji@infopro-digital.com'
[2026-09-03 11:28:32] [WARN]       v10 EnsureUser echoue (fethy.faradji@infopro-digital.com) : EnsureUser 401 : {}
[2026-09-03 11:28:32] [WARN]       v10 VVI echoue : SP REST 401 : {}
[2026-09-03 11:28:33] [WARN]       v10 : auteur non restaure (VVI non valide) pour 'fethy.faradji@infopro-digital.com'
[2026-09-03 11:28:35] [INFO] Restauration auteur version: tentative via SharePoint VVI terminee (voir logs vN pour le detail).
[2026-09-03 11:28:35] [SUCCESS] ✅ Bureau/Debug/Alimentation_DWS_PS.pdb - historique copie (10 version(s))
[2026-09-03 11:28:35] [INFO] [143/12905] Bureau/Debug/Microsoft.Bcl.AsyncInterfaces.dll (26376 o)
[2026-09-03 11:28:35] [INFO]    ⬇  Bureau/Debug/Microsoft.Bcl.AsyncInterfaces.dll
[2026-09-03 11:28:36] [INFO]    ⬆  Rejeu de 1 version(s) : Bureau/Debug/Microsoft.Bcl.AsyncInterfaces.dll
[2026-09-03 11:28:37] [WARN]       v1 EnsureUser echoue (fethy.faradji@infopro-digital.com) : EnsureUser 401 : {}
[2026-09-03 11:28:37] [WARN]       v1 VVI echoue : SP REST 401 : {}
[2026-09-03 11:28:37] [WARN]       v1 : auteur non restaure (VVI non valide) pour 'fethy.faradji@infopro-digital.com'
[2026-09-03 11:28:39] [INFO] Restauration auteur version: tentative via SharePoint VVI terminee (voir logs vN pour le detail).
[2026-09-03 11:28:39] [SUCCESS] ✅ Bureau/Debug/Microsoft.Bcl.AsyncInterfaces.dll - historique copie (1 version(s))
[2026-09-03 11:28:39] [INFO] [144/12905] Bureau/Debug/Microsoft.Bcl.AsyncInterfaces.xml (31313 o)
[2026-09-03 11:28:39] [INFO]    ⬇  Bureau/Debug/Microsoft.Bcl.AsyncInterfaces.xml
[2026-09-03 11:28:40] [INFO]    ⬆  Rejeu de 1 version(s) : Bureau/Debug/Microsoft.Bcl.AsyncInterfaces.xml
[2026-09-03 11:28:41] [WARN]       v1 EnsureUser echoue (fethy.faradji@infopro-digital.com) : EnsureUser 401 : {}
[2026-09-03 11:28:41] [WARN]       v1 VVI echoue : SP REST 401 : {}
[2026-09-03 11:28:42] [WARN]       v1 : auteur non restaure (VVI non valide) pour 'fethy.faradji@infopro-digital.com'
[2026-09-03 11:28:43] [INFO] Restauration auteur version: tentative via SharePoint VVI terminee (voir logs vN pour le detail).
[2026-09-03 11:28:43] [SUCCESS] ✅ Bureau/Debug/Microsoft.Bcl.AsyncInterfaces.xml - historique copie (1 version(s))
[2026-09-03 11:28:43] [INFO] [145/12905] Bureau/Debug/Microsoft.Bcl.HashCode.dll (23424 o)
[2026-09-03 11:28:43] [INFO]    ⬇  Bureau/Debug/Microsoft.Bcl.HashCode.dll
[2026-09-03 11:28:44] [INFO]    ⬆  Rejeu de 1 version(s) : Bureau/Debug/Microsoft.Bcl.HashCode.dll
[2026-09-03 11:28:45] [WARN]       v1 EnsureUser echoue (fethy.faradji@infopro-digital.com) : EnsureUser 401 : {}
[2026-09-03 11:28:45] [WARN]       v1 VVI echoue : SP REST 401 : {}
[2026-09-03 11:28:45] [WARN]       v1 : auteur non restaure (VVI non valide) pour 'fethy.faradji@infopro-digital.com'
[2026-09-03 11:28:47] [INFO] Restauration auteur version: tentative via SharePoint VVI terminee (voir logs vN pour le detail).
[2026-09-03 11:28:47] [SUCCESS] ✅ Bureau/Debug/Microsoft.Bcl.HashCode.dll - historique copie (1 version(s))
[2026-09-03 11:28:47] [INFO] [146/12905] Bureau/Debug/Microsoft.Bcl.HashCode.xml (1732 o)
[2026-09-03 11:28:47] [INFO]    ⬇  Bureau/Debug/Microsoft.Bcl.HashCode.xml
[2026-09-03 11:28:48] [INFO]    ⬆  Rejeu de 1 version(s) : Bureau/Debug/Microsoft.Bcl.HashCode.xml
[2026-09-03 11:28:50] [WARN]       v1 EnsureUser echoue (fethy.faradji@infopro-digital.com) : EnsureUser 401 : {}
[2026-09-03 11:28:50] [WARN]       v1 VVI echoue : SP REST 401 : {}
[2026-09-03 11:28:51] [WARN]       v1 : auteur non restaure (VVI non valide) pour 'fethy.faradji@infopro-digital.com'
[2026-09-03 11:28:52] [INFO] Restauration auteur version: tentative via SharePoint VVI terminee (voir logs vN pour le detail).
[2026-09-03 11:28:52] [SUCCESS] ✅ Bureau/Debug/Microsoft.Bcl.HashCode.xml - historique copie (1 version(s))
[2026-09-03 11:28:52] [INFO] [147/12905] Bureau/Debug/Microsoft.Extensions.DependencyInjection.Abstractions.dll (64264 o)
[2026-09-03 11:28:52] [INFO]    ⬇  Bureau/Debug/Microsoft.Extensions.DependencyInjection.Abstractions.dll
[2026-09-03 11:28:53] [INFO]    ⬆  Rejeu de 1 version(s) : Bureau/Debug/Microsoft.Extensions.DependencyInjection.Abstractions.dll
[2026-09-03 11:28:55] [WARN]       v1 EnsureUser echoue (fethy.faradji@infopro-digital.com) : EnsureUser 401 : {}
[2026-09-03 11:28:55] [WARN]       v1 VVI echoue : SP REST 401 : {}
[2026-09-03 11:28:55] [WARN]       v1 : auteur non restaure (VVI non valide) pour 'fethy.faradji@infopro-digital.com'
[2026-09-03 11:28:57] [INFO] Restauration auteur version: tentative via SharePoint VVI terminee (voir logs vN pour le detail).
[2026-09-03 11:28:57] [SUCCESS] ✅ Bureau/Debug/Microsoft.Extensions.DependencyInjection.Abstractions.dll - historique copie (1 version(s))
[2026-09-03 11:28:57] [INFO] [148/12905] Bureau/Debug/Microsoft.Extensions.DependencyInjection.Abstractions.xml (203027 o)
[2026-09-03 11:28:57] [INFO]    ⬇  Bureau/Debug/Microsoft.Extensions.DependencyInjection.Abstractions.xml
[2026-09-03 11:28:58] [INFO]    ⬆  Rejeu de 1 version(s) : Bureau/Debug/Microsoft.Extensions.DependencyInjection.Abstractions.xml
[2026-09-03 11:28:59] [WARN]       v1 EnsureUser echoue (fethy.faradji@infopro-digital.com) : EnsureUser 401 : {}
[2026-09-03 11:28:59] [WARN]       v1 VVI echoue : SP REST 401 : {}
[2026-09-03 11:28:59] [WARN]       v1 : auteur non restaure (VVI non valide) pour 'fethy.faradji@infopro-digital.com'
[2026-09-03 11:29:01] [INFO] Restauration auteur version: tentative via SharePoint VVI terminee (voir logs vN pour le detail).
[2026-09-03 11:29:01] [SUCCESS] ✅ Bureau/Debug/Microsoft.Extensions.DependencyInjection.Abstractions.xml - historique copie (1 version(s))
[2026-09-03 11:29:01] [INFO] [149/12905] Bureau/Debug/Microsoft.Extensions.Logging.Abstractions.dll (67856 o)
[2026-09-03 11:29:01] [INFO]    ⬇  Bureau/Debug/Microsoft.Extensions.Logging.Abstractions.dll
[2026-09-03 11:29:02] [INFO]    ⬆  Rejeu de 1 version(s) : Bureau/Debug/Microsoft.Extensions.Logging.Abstractions.dll
[2026-09-03 11:29:04] [WARN]       v1 EnsureUser echoue (fethy.faradji@infopro-digital.com) : EnsureUser 401 : {}
[2026-09-03 11:29:04] [WARN]       v1 VVI echoue : SP REST 401 : {}
[2026-09-03 11:29:04] [WARN]       v1 : auteur non restaure (VVI non valide) pour 'fethy.faradji@infopro-digital.com'
[2026-09-03 11:29:06] [INFO] Restauration auteur version: tentative via SharePoint VVI terminee (voir logs vN pour le detail).
[2026-09-03 11:29:06] [SUCCESS] ✅ Bureau/Debug/Microsoft.Extensions.Logging.Abstractions.dll - historique copie (1 version(s))
[2026-09-03 11:29:06] [INFO] [150/12905] Bureau/Debug/Microsoft.Extensions.Logging.Abstractions.xml (91749 o)
[2026-09-03 11:29:06] [INFO]    ⬇  Bureau/Debug/Microsoft.Extensions.Logging.Abstractions.xml
[2026-09-03 11:29:07] [INFO]    ⬆  Rejeu de 1 version(s) : Bureau/Debug/Microsoft.Extensions.Logging.Abstractions.xml
[2026-09-03 11:29:10] [WARN]       v1 EnsureUser echoue (fethy.faradji@infopro-digital.com) : EnsureUser 401 : {}
[2026-09-03 11:29:10] [WARN]       v1 VVI echoue : SP REST 401 : {}
[2026-09-03 11:29:10] [WARN]       v1 : auteur non restaure (VVI non valide) pour 'fethy.faradji@infopro-digital.com'
[2026-09-03 11:29:12] [INFO] Restauration auteur version: tentative via SharePoint VVI terminee (voir logs vN pour le detail).
[2026-09-03 11:29:12] [SUCCESS] ✅ Bureau/Debug/Microsoft.Extensions.Logging.Abstractions.xml - historique copie (1 version(s))
[2026-09-03 11:29:12] [INFO] [151/12905] Bureau/Debug/Npgsql.dll (1387520 o)
[2026-09-03 11:29:12] [INFO]    ⬇  Bureau/Debug/Npgsql.dll
[2026-09-03 11:29:13] [INFO]    ⬆  Rejeu de 1 version(s) : Bureau/Debug/Npgsql.dll
[2026-09-03 11:29:16] [WARN]       v1 EnsureUser echoue (fethy.faradji@infopro-digital.com) : EnsureUser 401 : {}
[2026-09-03 11:29:16] [WARN]       v1 VVI echoue : SP REST 401 : {}
[2026-09-03 11:29:16] [WARN]       v1 : auteur non restaure (VVI non valide) pour 'fethy.faradji@infopro-digital.com'
[2026-09-03 11:29:18] [INFO] Restauration auteur version: tentative via SharePoint VVI terminee (voir logs vN pour le detail).
[2026-09-03 11:29:18] [SUCCESS] ✅ Bureau/Debug/Npgsql.dll - historique copie (1 version(s))
[2026-09-03 11:29:18] [INFO] [152/12905] Bureau/Debug/Npgsql.xml (638129 o)
[2026-09-03 11:29:18] [INFO]    ⬇  Bureau/Debug/Npgsql.xml
[2026-09-03 11:29:19] [INFO]    ⬆  Rejeu de 1 version(s) : Bureau/Debug/Npgsql.xml
[2026-09-03 11:29:21] [WARN]       v1 EnsureUser echoue (fethy.faradji@infopro-digital.com) : EnsureUser 401 : {}
[2026-09-03 11:29:21] [WARN]       v1 VVI echoue : SP REST 401 : {}
[2026-09-03 11:29:21] [WARN]       v1 : auteur non restaure (VVI non valide) pour 'fethy.faradji@infopro-digital.com'
[2026-09-03 11:29:23] [INFO] Restauration auteur version: tentative via SharePoint VVI terminee (voir logs vN pour le detail).
[2026-09-03 11:29:23] [SUCCESS] ✅ Bureau/Debug/Npgsql.xml - historique copie (1 version(s))
[2026-09-03 11:29:23] [INFO] [153/12905] Bureau/Debug/System.Buffers.dll (20856 o)
[2026-09-03 11:29:23] [INFO]    ⬇  Bureau/Debug/System.Buffers.dll
[2026-09-03 11:29:24] [INFO]    ⬆  Rejeu de 1 version(s) : Bureau/Debug/System.Buffers.dll
[2026-09-03 11:29:25] [WARN]       v1 EnsureUser echoue (fethy.faradji@infopro-digital.com) : EnsureUser 401 : {}
[2026-09-03 11:29:25] [WARN]       v1 VVI echoue : SP REST 401 : {}
[2026-09-03 11:29:26] [WARN]       v1 : auteur non restaure (VVI non valide) pour 'fethy.faradji@infopro-digital.com'
[2026-09-03 11:29:27] [INFO] Restauration auteur version: tentative via SharePoint VVI terminee (voir logs vN pour le detail).
[2026-09-03 11:29:27] [SUCCESS] ✅ Bureau/Debug/System.Buffers.dll - historique copie (1 version(s))
[2026-09-03 11:29:27] [INFO] [154/12905] Bureau/Debug/System.Buffers.xml (3481 o)
[2026-09-03 11:29:27] [INFO]    ⬇  Bureau/Debug/System.Buffers.xml
[2026-09-03 11:29:28] [INFO]    ⬆  Rejeu de 1 version(s) : Bureau/Debug/System.Buffers.xml
[2026-09-03 11:29:29] [WARN]       v1 EnsureUser echoue (fethy.faradji@infopro-digital.com) : EnsureUser 401 : {}
[2026-09-03 11:29:29] [WARN]       v1 VVI echoue : SP REST 401 : {}
[2026-09-03 11:29:30] [WARN]       v1 : auteur non restaure (VVI non valide) pour 'fethy.faradji@infopro-digital.com'
[2026-09-03 11:29:31] [INFO] Restauration auteur version: tentative via SharePoint VVI terminee (voir logs vN pour le detail).
[2026-09-03 11:29:31] [SUCCESS] ✅ Bureau/Debug/System.Buffers.xml - historique copie (1 version(s))
[2026-09-03 11:29:31] [INFO] [155/12905] Bureau/Debug/System.Collections.Immutable.dll (252696 o)
[2026-09-03 11:29:32] [INFO]    ⬇  Bureau/Debug/System.Collections.Immutable.dll
[2026-09-03 11:29:32] [INFO]    ⬆  Rejeu de 1 version(s) : Bureau/Debug/System.Collections.Immutable.dll
[2026-09-03 11:29:34] [WARN]       v1 EnsureUser echoue (fethy.faradji@infopro-digital.com) : EnsureUser 401 : {}
[2026-09-03 11:29:34] [WARN]       v1 VVI echoue : SP REST 401 : {}
[2026-09-03 11:29:34] [WARN]       v1 : auteur non restaure (VVI non valide) pour 'fethy.faradji@infopro-digital.com'
[2026-09-03 11:29:35] [INFO] Restauration auteur version: tentative via SharePoint VVI terminee (voir logs vN pour le detail).
[2026-09-03 11:29:36] [SUCCESS] ✅ Bureau/Debug/System.Collections.Immutable.dll - historique copie (1 version(s))
[2026-09-03 11:29:36] [INFO] [156/12905] Bureau/Debug/System.Collections.Immutable.xml (532144 o)
[2026-09-03 11:29:36] [INFO]    ⬇  Bureau/Debug/System.Collections.Immutable.xml
[2026-09-03 11:29:37] [INFO]    ⬆  Rejeu de 1 version(s) : Bureau/Debug/System.Collections.Immutable.xml
[2026-09-03 11:29:39] [WARN]       v1 EnsureUser echoue (fethy.faradji@infopro-digital.com) : EnsureUser 401 : {}
[2026-09-03 11:29:39] [WARN]       v1 VVI echoue : SP REST 401 : {}
[2026-09-03 11:29:39] [WARN]       v1 : auteur non restaure (VVI non valide) pour 'fethy.faradji@infopro-digital.com'
[2026-09-03 11:29:41] [INFO] Restauration auteur version: tentative via SharePoint VVI terminee (voir logs vN pour le detail).
[2026-09-03 11:29:41] [SUCCESS] ✅ Bureau/Debug/System.Collections.Immutable.xml - historique copie (1 version(s))
[2026-09-03 11:29:41] [INFO] [157/12905] Bureau/Debug/System.Diagnostics.DiagnosticSource.dll (189088 o)
[2026-09-03 11:29:41] [INFO]    ⬇  Bureau/Debug/System.Diagnostics.DiagnosticSource.dll
[2026-09-03 11:29:42] [INFO]    ⬆  Rejeu de 1 version(s) : Bureau/Debug/System.Diagnostics.DiagnosticSource.dll
[2026-09-03 11:29:43] [WARN]       v1 EnsureUser echoue (fethy.faradji@infopro-digital.com) : EnsureUser 401 : {}
[2026-09-03 11:29:43] [WARN]       v1 VVI echoue : SP REST 401 : {}
[2026-09-03 11:29:44] [WARN]       v1 : auteur non restaure (VVI non valide) pour 'fethy.faradji@infopro-digital.com'
[2026-09-03 11:29:45] [INFO] Restauration auteur version: tentative via SharePoint VVI terminee (voir logs vN pour le detail).
[2026-09-03 11:29:45] [SUCCESS] ✅ Bureau/Debug/System.Diagnostics.DiagnosticSource.dll - historique copie (1 version(s))
[2026-09-03 11:29:45] [INFO] [158/12905] Bureau/Debug/System.Diagnostics.DiagnosticSource.xml (153196 o)
[2026-09-03 11:29:45] [INFO]    ⬇  Bureau/Debug/System.Diagnostics.DiagnosticSource.xml
[2026-09-03 11:29:46] [INFO]    ⬆  Rejeu de 1 version(s) : Bureau/Debug/System.Diagnostics.DiagnosticSource.xml
[2026-09-03 11:29:48] [WARN]       v1 EnsureUser echoue (fethy.faradji@infopro-digital.com) : EnsureUser 401 : {}
[2026-09-03 11:29:48] [WARN]       v1 VVI echoue : SP REST 401 : {}
[2026-09-03 11:29:48] [WARN]       v1 : auteur non restaure (VVI non valide) pour 'fethy.faradji@infopro-digital.com'
[2026-09-03 11:29:49] [INFO] Restauration auteur version: tentative via SharePoint VVI terminee (voir logs vN pour le detail).
[2026-09-03 11:29:49] [SUCCESS] ✅ Bureau/Debug/System.Diagnostics.DiagnosticSource.xml - historique copie (1 version(s))
[2026-09-03 11:29:49] [INFO] [159/12905] Bureau/Debug/System.IO.Pipelines.dll (84792 o)
[2026-09-03 11:29:50] [INFO]    ⬇  Bureau/Debug/System.IO.Pipelines.dll
[2026-09-03 11:29:51] [INFO]    ⬆  Rejeu de 1 version(s) : Bureau/Debug/System.IO.Pipelines.dll
[2026-09-03 11:29:53] [WARN]       v1 EnsureUser echoue (fethy.faradji@infopro-digital.com) : EnsureUser 401 : {}
[2026-09-03 11:29:53] [WARN]       v1 VVI echoue : SP REST 401 : {}
[2026-09-03 11:29:53] [WARN]       v1 : auteur non restaure (VVI non valide) pour 'fethy.faradji@infopro-digital.com'
[2026-09-03 11:29:54] [INFO] Restauration auteur version: tentative via SharePoint VVI terminee (voir logs vN pour le detail).
[2026-09-03 11:29:54] [SUCCESS] ✅ Bureau/Debug/System.IO.Pipelines.dll - historique copie (1 version(s))
[2026-09-03 11:29:55] [INFO] [160/12905] Bureau/Debug/System.IO.Pipelines.xml (41108 o)
[2026-09-03 11:29:55] [INFO]    ⬇  Bureau/Debug/System.IO.Pipelines.xml
[2026-09-03 11:29:56] [INFO]    ⬆  Rejeu de 1 version(s) : Bureau/Debug/System.IO.Pipelines.xml
[2026-09-03 11:29:57] [WARN]       v1 EnsureUser echoue (fethy.faradji@infopro-digital.com) : EnsureUser 401 : {}
[2026-09-03 11:29:57] [WARN]       v1 VVI echoue : SP REST 401 : {}
[2026-09-03 11:29:58] [WARN]       v1 : auteur non restaure (VVI non valide) pour 'fethy.faradji@infopro-digital.com'
[2026-09-03 11:30:00] [INFO] Restauration auteur version: tentative via SharePoint VVI terminee (voir logs vN pour le detail).
[2026-09-03 11:30:00] [SUCCESS] ✅ Bureau/Debug/System.IO.Pipelines.xml - historique copie (1 version(s))
[2026-09-03 11:30:00] [INFO] [161/12905] Bureau/Debug/System.Memory.dll (142240 o)
[2026-09-03 11:30:00] [INFO]    ⬇  Bureau/Debug/System.Memory.dll
[2026-09-03 11:30:01] [INFO]    ⬆  Rejeu de 1 version(s) : Bureau/Debug/System.Memory.dll
[2026-09-03 11:30:02] [WARN]       v1 EnsureUser echoue (fethy.faradji@infopro-digital.com) : EnsureUser 401 : {}
[2026-09-03 11:30:02] [WARN]       v1 VVI echoue : SP REST 401 : {}
[2026-09-03 11:30:03] [WARN]       v1 : auteur non restaure (VVI non valide) pour 'fethy.faradji@infopro-digital.com'
[2026-09-03 11:30:05] [INFO] Restauration auteur version: tentative via SharePoint VVI terminee (voir logs vN pour le detail).
[2026-09-03 11:30:05] [SUCCESS] ✅ Bureau/Debug/System.Memory.dll - historique copie (1 version(s))
[2026-09-03 11:30:06] [INFO] [162/12905] Bureau/Debug/System.Memory.xml (13950 o)
[2026-09-03 11:30:06] [INFO]    ⬇  Bureau/Debug/System.Memory.xml
[2026-09-03 11:30:07] [INFO]    ⬆  Rejeu de 1 version(s) : Bureau/Debug/System.Memory.xml
[2026-09-03 11:30:08] [WARN]       v1 EnsureUser echoue (fethy.faradji@infopro-digital.com) : EnsureUser 401 : {}
[2026-09-03 11:30:09] [WARN]       v1 VVI echoue : SP REST 401 : {}
[2026-09-03 11:30:09] [WARN]       v1 : auteur non restaure (VVI non valide) pour 'fethy.faradji@infopro-digital.com'
[2026-09-03 11:30:10] [INFO] Restauration auteur version: tentative via SharePoint VVI terminee (voir logs vN pour le detail).
[2026-09-03 11:30:11] [SUCCESS] ✅ Bureau/Debug/System.Memory.xml - historique copie (1 version(s))
[2026-09-03 11:30:11] [INFO] [163/12905] Bureau/Debug/System.Numerics.Vectors.dll (115856 o)
[2026-09-03 11:30:11] [INFO]    ⬇  Bureau/Debug/System.Numerics.Vectors.dll
[2026-09-03 11:30:12] [INFO]    ⬆  Rejeu de 1 version(s) : Bureau/Debug/System.Numerics.Vectors.dll
[2026-09-03 11:30:14] [WARN]       v1 EnsureUser echoue (fethy.faradji@infopro-digital.com) : EnsureUser 401 : {}
[2026-09-03 11:30:14] [WARN]       v1 VVI echoue : SP REST 401 : {}
[2026-09-03 11:30:14] [WARN]       v1 : auteur non restaure (VVI non valide) pour 'fethy.faradji@infopro-digital.com'
[2026-09-03 11:30:15] [INFO] Restauration auteur version: tentative via SharePoint VVI terminee (voir logs vN pour le detail).
[2026-09-03 11:30:15] [SUCCESS] ✅ Bureau/Debug/System.Numerics.Vectors.dll - historique copie (1 version(s))
[2026-09-03 11:30:15] [INFO] [164/12905] Bureau/Debug/System.Numerics.Vectors.xml (183484 o)
[2026-09-03 11:30:15] [INFO]    ⬇  Bureau/Debug/System.Numerics.Vectors.xml
[2026-09-03 11:30:16] [INFO]    ⬆  Rejeu de 1 version(s) : Bureau/Debug/System.Numerics.Vectors.xml
[2026-09-03 11:30:18] [WARN]       v1 EnsureUser echoue (fethy.faradji@infopro-digital.com) : EnsureUser 401 : {}
[2026-09-03 11:30:18] [WARN]       v1 VVI echoue : SP REST 401 : {}
[2026-09-03 11:30:18] [WARN]       v1 : auteur non restaure (VVI non valide) pour 'fethy.faradji@infopro-digital.com'
[2026-09-03 11:30:20] [INFO] Restauration auteur version: tentative via SharePoint VVI terminee (voir logs vN pour le detail).
[2026-09-03 11:30:20] [SUCCESS] ✅ Bureau/Debug/System.Numerics.Vectors.xml - historique copie (1 version(s))
[2026-09-03 11:30:20] [INFO] [165/12905] Bureau/Debug/System.Runtime.CompilerServices.Unsafe.dll (18024 o)
[2026-09-03 11:30:20] [INFO]    ⬇  Bureau/Debug/System.Runtime.CompilerServices.Unsafe.dll
[2026-09-03 11:30:21] [INFO]    ⬆  Rejeu de 1 version(s) : Bureau/Debug/System.Runtime.CompilerServices.Unsafe.dll
[2026-09-03 11:30:22] [WARN]       v1 EnsureUser echoue (fethy.faradji@infopro-digital.com) : EnsureUser 401 : {}
[2026-09-03 11:30:22] [WARN]       v1 VVI echoue : SP REST 401 : {}
[2026-09-03 11:30:23] [WARN]       v1 : auteur non restaure (VVI non valide) pour 'fethy.faradji@infopro-digital.com'
[2026-09-03 11:30:24] [INFO] Restauration auteur version: tentative via SharePoint VVI terminee (voir logs vN pour le detail).
[2026-09-03 11:30:24] [SUCCESS] ✅ Bureau/Debug/System.Runtime.CompilerServices.Unsafe.dll - historique copie (1 version(s))
[2026-09-03 11:30:24] [INFO] [166/12905] Bureau/Debug/System.Runtime.CompilerServices.Unsafe.xml (20529 o)
[2026-09-03 11:30:24] [INFO]    ⬇  Bureau/Debug/System.Runtime.CompilerServices.Unsafe.xml
[2026-09-03 11:30:25] [INFO]    ⬆  Rejeu de 1 version(s) : Bureau/Debug/System.Runtime.CompilerServices.Unsafe.xml
[2026-09-03 11:30:28] [WARN]       v1 EnsureUser echoue (fethy.faradji@infopro-digital.com) : EnsureUser 401 : {}
[2026-09-03 11:30:28] [WARN]       v1 VVI echoue : SP REST 401 : {}
[2026-09-03 11:30:29] [WARN]       v1 : auteur non restaure (VVI non valide) pour 'fethy.faradji@infopro-digital.com'
[2026-09-03 11:30:30] [INFO] Restauration auteur version: tentative via SharePoint VVI terminee (voir logs vN pour le detail).
[2026-09-03 11:30:30] [SUCCESS] ✅ Bureau/Debug/System.Runtime.CompilerServices.Unsafe.xml - historique copie (1 version(s))
[2026-09-03 11:30:30] [INFO] [167/12905] Bureau/Debug/System.Text.Encodings.Web.dll (79672 o)
[2026-09-03 11:30:31] [INFO]    ⬇  Bureau/Debug/System.Text.Encodings.Web.dll
[2026-09-03 11:30:31] [INFO]    ⬆  Rejeu de 1 version(s) : Bureau/Debug/System.Text.Encodings.Web.dll
[2026-09-03 11:30:34] [WARN]       v1 EnsureUser echoue (fethy.faradji@infopro-digital.com) : EnsureUser 401 : {}
[2026-09-03 11:30:34] [WARN]       v1 VVI echoue : SP REST 401 : {}
[2026-09-03 11:30:35] [WARN]       v1 : auteur non restaure (VVI non valide) pour 'fethy.faradji@infopro-digital.com'
[2026-09-03 11:30:36] [INFO] Restauration auteur version: tentative via SharePoint VVI terminee (voir logs vN pour le detail).
[2026-09-03 11:30:36] [SUCCESS] ✅ Bureau/Debug/System.Text.Encodings.Web.dll - historique copie (1 version(s))
[2026-09-03 11:30:36] [INFO] [168/12905] Bureau/Debug/System.Text.Encodings.Web.xml (63180 o)
[2026-09-03 11:30:36] [INFO]    ⬇  Bureau/Debug/System.Text.Encodings.Web.xml
[2026-09-03 11:30:37] [INFO]    ⬆  Rejeu de 1 version(s) : Bureau/Debug/System.Text.Encodings.Web.xml
[2026-09-03 11:30:39] [WARN]       v1 EnsureUser echoue (fethy.faradji@infopro-digital.com) : EnsureUser 401 : {}
[2026-09-03 11:30:39] [WARN]       v1 VVI echoue : SP REST 401 : {}
[2026-09-03 11:30:39] [WARN]       v1 : auteur non restaure (VVI non valide) pour 'fethy.faradji@infopro-digital.com'
[2026-09-03 11:30:40] [INFO] Restauration auteur version: tentative via SharePoint VVI terminee (voir logs vN pour le detail).
[2026-09-03 11:30:40] [SUCCESS] ✅ Bureau/Debug/System.Text.Encodings.Web.xml - historique copie (1 version(s))
[2026-09-03 11:30:40] [INFO] [169/12905] Bureau/Debug/System.Text.Json.dll (726312 o)
[2026-09-03 11:30:41] [INFO]    ⬇  Bureau/Debug/System.Text.Json.dll
[2026-09-03 11:30:42] [INFO]    ⬆  Rejeu de 1 version(s) : Bureau/Debug/System.Text.Json.dll
[2026-09-03 11:30:44] [WARN]       v1 EnsureUser echoue (fethy.faradji@infopro-digital.com) : EnsureUser 401 : {}
[2026-09-03 11:30:44] [WARN]       v1 VVI echoue : SP REST 401 : {}
[2026-09-03 11:30:45] [WARN]       v1 : auteur non restaure (VVI non valide) pour 'fethy.faradji@infopro-digital.com'
[2026-09-03 11:30:46] [INFO] Restauration auteur version: tentative via SharePoint VVI terminee (voir logs vN pour le detail).
[2026-09-03 11:30:46] [SUCCESS] ✅ Bureau/Debug/System.Text.Json.dll - historique copie (1 version(s))
[2026-09-03 11:30:46] [INFO] [170/12905] Bureau/Debug/System.Text.Json.xml (570449 o)
[2026-09-03 11:30:46] [INFO]    ⬇  Bureau/Debug/System.Text.Json.xml
[2026-09-03 11:30:47] [INFO]    ⬆  Rejeu de 1 version(s) : Bureau/Debug/System.Text.Json.xml
[2026-09-03 11:30:49] [WARN]       v1 EnsureUser echoue (fethy.faradji@infopro-digital.com) : EnsureUser 401 : {}
[2026-09-03 11:30:49] [WARN]       v1 VVI echoue : SP REST 401 : {}
[2026-09-03 11:30:50] [WARN]       v1 : auteur non restaure (VVI non valide) pour 'fethy.faradji@infopro-digital.com'
[2026-09-03 11:30:51] [INFO] Restauration auteur version: tentative via SharePoint VVI terminee (voir logs vN pour le detail).
[2026-09-03 11:30:51] [SUCCESS] ✅ Bureau/Debug/System.Text.Json.xml - historique copie (1 version(s))
[2026-09-03 11:30:51] [INFO] [171/12905] Bureau/Debug/System.Threading.Channels.dll (74000 o)
[2026-09-03 11:30:52] [INFO]    ⬇  Bureau/Debug/System.Threading.Channels.dll
[2026-09-03 11:30:53] [INFO]    ⬆  Rejeu de 1 version(s) : Bureau/Debug/System.Threading.Channels.dll
[2026-09-03 11:30:55] [WARN]       v1 EnsureUser echoue (fethy.faradji@infopro-digital.com) : EnsureUser 401 : {}
[2026-09-03 11:30:55] [WARN]       v1 VVI echoue : SP REST 401 : {}
[2026-09-03 11:30:55] [WARN]       v1 : auteur non restaure (VVI non valide) pour 'fethy.faradji@infopro-digital.com'
[2026-09-03 11:30:56] [INFO] Restauration auteur version: tentative via SharePoint VVI terminee (voir logs vN pour le detail).
[2026-09-03 11:30:56] [SUCCESS] ✅ Bureau/Debug/System.Threading.Channels.dll - historique copie (1 version(s))
[2026-09-03 11:30:56] [INFO] [172/12905] Bureau/Debug/System.Threading.Channels.xml (18329 o)
[2026-09-03 11:30:57] [INFO]    ⬇  Bureau/Debug/System.Threading.Channels.xml
[2026-09-03 11:30:57] [INFO]    ⬆  Rejeu de 1 version(s) : Bureau/Debug/System.Threading.Channels.xml
[2026-09-03 11:30:59] [WARN]       v1 EnsureUser echoue (fethy.faradji@infopro-digital.com) : EnsureUser 401 : {}
[2026-09-03 11:30:59] [WARN]       v1 VVI echoue : SP REST 401 : {}
[2026-09-03 11:31:00] [WARN]       v1 : auteur non restaure (VVI non valide) pour 'fethy.faradji@infopro-digital.com'
[2026-09-03 11:31:01] [INFO] Restauration auteur version: tentative via SharePoint VVI terminee (voir logs vN pour le detail).
[2026-09-03 11:31:01] [SUCCESS] ✅ Bureau/Debug/System.Threading.Channels.xml - historique copie (1 version(s))
[2026-09-03 11:31:01] [INFO] [173/12905] Bureau/Debug/System.Threading.Tasks.Extensions.dll (25984 o)
[2026-09-03 11:31:01] [INFO]    ⬇  Bureau/Debug/System.Threading.Tasks.Extensions.dll
[2026-09-03 11:31:02] [INFO]    ⬆  Rejeu de 1 version(s) : Bureau/Debug/System.Threading.Tasks.Extensions.dll
[2026-09-03 11:31:04] [WARN]       v1 EnsureUser echoue (fethy.faradji@infopro-digital.com) : EnsureUser 401 : {}
[2026-09-03 11:31:04] [WARN]       v1 VVI echoue : SP REST 401 : {}
[2026-09-03 11:31:04] [WARN]       v1 : auteur non restaure (VVI non valide) pour 'fethy.faradji@infopro-digital.com'
[2026-09-03 11:31:06] [INFO] Restauration auteur version: tentative via SharePoint VVI terminee (voir logs vN pour le detail).
[2026-09-03 11:31:06] [SUCCESS] ✅ Bureau/Debug/System.Threading.Tasks.Extensions.dll - historique copie (1 version(s))
[2026-09-03 11:31:06] [INFO] [174/12905] Bureau/Debug/System.Threading.Tasks.Extensions.xml (10147 o)
[2026-09-03 11:31:06] [INFO]    ⬇  Bureau/Debug/System.Threading.Tasks.Extensions.xml
[2026-09-03 11:31:07] [INFO]    ⬆  Rejeu de 1 version(s) : Bureau/Debug/System.Threading.Tasks.Extensions.xml
[2026-09-03 11:31:09] [WARN]       v1 EnsureUser echoue (fethy.faradji@infopro-digital.com) : EnsureUser 401 : {}
[2026-09-03 11:31:09] [WARN]       v1 VVI echoue : SP REST 401 : {}
[2026-09-03 11:31:10] [WARN]       v1 : auteur non restaure (VVI non valide) pour 'fethy.faradji@infopro-digital.com'
[2026-09-03 11:31:11] [INFO] Restauration auteur version: tentative via SharePoint VVI terminee (voir logs vN pour le detail).
[2026-09-03 11:31:11] [SUCCESS] ✅ Bureau/Debug/System.Threading.Tasks.Extensions.xml - historique copie (1 version(s))
[2026-09-03 11:31:11] [INFO] [175/12905] Bureau/Debug/System.ValueTuple.dll (25232 o)
[2026-09-03 11:31:11] [INFO]    ⬇  Bureau/Debug/System.ValueTuple.dll
[2026-09-03 11:31:12] [INFO]    ⬆  Rejeu de 1 version(s) : Bureau/Debug/System.ValueTuple.dll
[2026-09-03 11:31:14] [WARN]       v1 EnsureUser echoue (fethy.faradji@infopro-digital.com) : EnsureUser 401 : {}
[2026-09-03 11:31:14] [WARN]       v1 VVI echoue : SP REST 401 : {}
[2026-09-03 11:31:15] [WARN]       v1 : auteur non restaure (VVI non valide) pour 'fethy.faradji@infopro-digital.com'
[2026-09-03 11:31:16] [INFO] Restauration auteur version: tentative via SharePoint VVI terminee (voir logs vN pour le detail).
[2026-09-03 11:31:16] [SUCCESS] ✅ Bureau/Debug/System.ValueTuple.dll - historique copie (1 version(s))
[2026-09-03 11:31:16] [INFO] [176/12905] Bureau/Debug/System.ValueTuple.xml (142 o)
[2026-09-03 11:31:16] [INFO]    ⬇  Bureau/Debug/System.ValueTuple.xml
[2026-09-03 11:31:17] [INFO]    ⬆  Rejeu de 1 version(s) : Bureau/Debug/System.ValueTuple.xml
[2026-09-03 11:31:19] [WARN]       v1 EnsureUser echoue (fethy.faradji@infopro-digital.com) : EnsureUser 401 : {}
[2026-09-03 11:31:19] [WARN]       v1 VVI echoue : SP REST 401 : {}
[2026-09-03 11:31:20] [WARN]       v1 : auteur non restaure (VVI non valide) pour 'fethy.faradji@infopro-digital.com'
[2026-09-03 11:31:21] [INFO] Restauration auteur version: tentative via SharePoint VVI terminee (voir logs vN pour le detail).
[2026-09-03 11:31:21] [SUCCESS] ✅ Bureau/Debug/System.ValueTuple.xml - historique copie (1 version(s))
[2026-09-03 11:31:21] [INFO] [177/12905] Bureau/Debug/testpowershell2.exe (26112 o)
[2026-09-03 11:31:21] [INFO]    ⬇  Bureau/Debug/testpowershell2.exe
[2026-09-03 11:31:22] [INFO]    ⬆  Rejeu de 1 version(s) : Bureau/Debug/testpowershell2.exe
[2026-09-03 11:31:23] [WARN]       v1 EnsureUser echoue (fethy.faradji@infopro-digital.com) : EnsureUser 401 : {}
[2026-09-03 11:31:23] [WARN]       v1 VVI echoue : SP REST 401 : {}
[2026-09-03 11:31:24] [WARN]       v1 : auteur non restaure (VVI non valide) pour 'fethy.faradji@infopro-digital.com'
[2026-09-03 11:31:26] [INFO] Restauration auteur version: tentative via SharePoint VVI terminee (voir logs vN pour le detail).
[2026-09-03 11:31:26] [SUCCESS] ✅ Bureau/Debug/testpowershell2.exe - historique copie (1 version(s))
[2026-09-03 11:31:26] [INFO] [178/12905] Bureau/Debug/testpowershell2.exe.config (1296 o)
[2026-09-03 11:31:26] [INFO]    ⬇  Bureau/Debug/testpowershell2.exe.config
[2026-09-03 11:31:27] [INFO]    ⬆  Rejeu de 1 version(s) : Bureau/Debug/testpowershell2.exe.config
[2026-09-03 11:31:29] [WARN]       v1 EnsureUser echoue (fethy.faradji@infopro-digital.com) : EnsureUser 401 : {}
[2026-09-03 11:31:29] [WARN]       v1 VVI echoue : SP REST 401 : {}
[2026-09-03 11:31:29] [WARN]       v1 : auteur non restaure (VVI non valide) pour 'fethy.faradji@infopro-digital.com'
[2026-09-03 11:31:31] [INFO] Restauration auteur version: tentative via SharePoint VVI terminee (voir logs vN pour le detail).
[2026-09-03 11:31:31] [SUCCESS] ✅ Bureau/Debug/testpowershell2.exe.config - historique copie (1 version(s))
[2026-09-03 11:31:31] [INFO] [179/12905] Bureau/Debug/testpowershell2.pdb (71168 o)
[2026-09-03 11:31:32] [INFO]    ⬇  Bureau/Debug/testpowershell2.pdb
[2026-09-03 11:31:33] [INFO]    ⬆  Rejeu de 1 version(s) : Bureau/Debug/testpowershell2.pdb
[2026-09-03 11:31:34] [WARN]       v1 EnsureUser echoue (fethy.faradji@infopro-digital.com) : EnsureUser 401 : {}
[2026-09-03 11:31:34] [WARN]       v1 VVI echoue : SP REST 401 : {}
[2026-09-03 11:31:35] [WARN]       v1 : auteur non restaure (VVI non valide) pour 'fethy.faradji@infopro-digital.com'
[2026-09-03 11:31:36] [INFO] Restauration auteur version: tentative via SharePoint VVI terminee (voir logs vN pour le detail).
[2026-09-03 11:31:36] [SUCCESS] ✅ Bureau/Debug/testpowershell2.pdb - historique copie (1 version(s))
[2026-09-03 11:31:37] [INFO] [180/12905] Bureau/droit sharepoint/SharePoint_Permissions_Export_source.csv (892807909 o)
[2026-09-03 11:31:37] [INFO]    ⬇  Bureau/droit sharepoint/SharePoint_Permissions_Export_source.csv
[2026-09-03 11:31:38] [INFO]    ⬆  Rejeu de 1 version(s) : Bureau/droit sharepoint/SharePoint_Permissions_Export_source.csv
[2026-09-03 11:33:41] [ERROR] ❌ Bureau/droit sharepoint/SharePoint_Permissions_Export_source.csv : Les dimensions du tableau dépassent la plage prise en charge.
[2026-09-03 11:33:41] [INFO] [181/12905] Bureau/DWS - applications Azure/Alimentation_DWS_PS.application (1882 o)
[2026-09-03 11:33:42] [INFO]    ⬇  Bureau/DWS - applications Azure/Alimentation_DWS_PS.application
[2026-09-03 11:33:42] [INFO]    ⬆  Rejeu de 1 version(s) : Bureau/DWS - applications Azure/Alimentation_DWS_PS.application
[2026-09-03 11:33:44] [WARN]       v1 EnsureUser echoue (fethy.faradji@infopro-digital.com) : EnsureUser 401 : {}
[2026-09-03 11:33:44] [WARN]       v1 VVI echoue : SP REST 401 : {}
[2026-09-03 11:33:44] [WARN]       v1 : auteur non restaure (VVI non valide) pour 'fethy.faradji@infopro-digital.com'
[2026-09-03 11:33:46] [INFO] Restauration auteur version: tentative via SharePoint VVI terminee (voir logs vN pour le detail).
[2026-09-03 11:33:46] [SUCCESS] ✅ Bureau/DWS - applications Azure/Alimentation_DWS_PS.application - historique copie (1 version(s))
[2026-09-03 11:33:46] [INFO] [182/12905] Bureau/DWS - applications Azure/Alimentation_DWS_PS.exe (151552 o)
[2026-09-03 11:33:46] [INFO]    ⬇  Bureau/DWS - applications Azure/Alimentation_DWS_PS.exe
[2026-09-03 11:33:47] [INFO]    ⬆  Rejeu de 1 version(s) : Bureau/DWS - applications Azure/Alimentation_DWS_PS.exe
[2026-09-03 11:33:48] [WARN]       v1 EnsureUser echoue (fethy.faradji@infopro-digital.com) : EnsureUser 401 : {}
[2026-09-03 11:33:49] [WARN]       v1 VVI echoue : SP REST 401 : {}
[2026-09-03 11:33:49] [WARN]       v1 : auteur non restaure (VVI non valide) pour 'fethy.faradji@infopro-digital.com'
[2026-09-03 11:33:50] [INFO] Restauration auteur version: tentative via SharePoint VVI terminee (voir logs vN pour le detail).
[2026-09-03 11:33:51] [SUCCESS] ✅ Bureau/DWS - applications Azure/Alimentation_DWS_PS.exe - historique copie (1 version(s))
[2026-09-03 11:33:51] [INFO] [183/12905] Bureau/DWS - applications Azure/Alimentation_DWS_PS.exe.manifest (15535 o)
[2026-09-03 11:33:51] [INFO]    ⬇  Bureau/DWS - applications Azure/Alimentation_DWS_PS.exe.manifest
[2026-09-03 11:33:51] [INFO]    ⬆  Rejeu de 1 version(s) : Bureau/DWS - applications Azure/Alimentation_DWS_PS.exe.manifest
[2026-09-03 11:33:53] [WARN]       v1 EnsureUser echoue (fethy.faradji@infopro-digital.com) : EnsureUser 401 : {}
[2026-09-03 11:33:53] [WARN]       v1 VVI echoue : SP REST 401 : {}
[2026-09-03 11:33:53] [WARN]       v1 : auteur non restaure (VVI non valide) pour 'fethy.faradji@infopro-digital.com'
[2026-09-03 11:33:55] [INFO] Restauration auteur version: tentative via SharePoint VVI terminee (voir logs vN pour le detail).
[2026-09-03 11:33:55] [SUCCESS] ✅ Bureau/DWS - applications Azure/Alimentation_DWS_PS.exe.manifest - historique copie (1 version(s))
[2026-09-03 11:33:55] [INFO] [184/12905] Bureau/DWS - applications Azure/Alimentation_DWS_PS.pdb (235008 o)
[2026-09-03 11:33:55] [INFO]    ⬇  Bureau/DWS - applications Azure/Alimentation_DWS_PS.pdb
[2026-09-03 11:33:56] [INFO]    ⬆  Rejeu de 1 version(s) : Bureau/DWS - applications Azure/Alimentation_DWS_PS.pdb
[2026-09-03 11:33:57] [WARN]       v1 EnsureUser echoue (fethy.faradji@infopro-digital.com) : EnsureUser 401 : {}
[2026-09-03 11:33:57] [WARN]       v1 VVI echoue : SP REST 401 : {}
[2026-09-03 11:33:58] [WARN]       v1 : auteur non restaure (VVI non valide) pour 'fethy.faradji@infopro-digital.com'
[2026-09-03 11:33:59] [INFO] Restauration auteur version: tentative via SharePoint VVI terminee (voir logs vN pour le detail).
[2026-09-03 11:33:59] [SUCCESS] ✅ Bureau/DWS - applications Azure/Alimentation_DWS_PS.pdb - historique copie (1 version(s))
[2026-09-03 11:33:59] [INFO] [185/12905] Bureau/DWS - applications Azure/DM_create_table_view.sql (6361 o)
[2026-09-03 11:34:00] [INFO]    ⬇  Bureau/DWS - applications Azure/DM_create_table_view.sql
[2026-09-03 11:34:01] [INFO]    ⬆  Rejeu de 1 version(s) : Bureau/DWS - applications Azure/DM_create_table_view.sql
[2026-09-03 11:34:02] [WARN]       v1 EnsureUser echoue (fethy.faradji@infopro-digital.com) : EnsureUser 401 : {}
[2026-09-03 11:34:02] [WARN]       v1 VVI echoue : SP REST 401 : {}
[2026-09-03 11:34:03] [WARN]       v1 : auteur non restaure (VVI non valide) pour 'fethy.faradji@infopro-digital.com'
[2026-09-03 11:34:04] [INFO] Restauration auteur version: tentative via SharePoint VVI terminee (voir logs vN pour le detail).
[2026-09-03 11:34:05] [SUCCESS] ✅ Bureau/DWS - applications Azure/DM_create_table_view.sql - historique copie (1 version(s))
[2026-09-03 11:34:05] [INFO] [186/12905] Bureau/DWS - CREAMODIFAD - ENTRA/DWS_DM_VUES.SQL (19840 o)
[2026-09-03 11:34:05] [INFO]    ⬇  Bureau/DWS - CREAMODIFAD - ENTRA/DWS_DM_VUES.SQL
[2026-09-03 11:34:06] [INFO]    ⬆  Rejeu de 3 version(s) : Bureau/DWS - CREAMODIFAD - ENTRA/DWS_DM_VUES.SQL
[2026-09-03 11:34:07] [WARN]       v1 EnsureUser echoue (fethy.faradji@infopro-digital.com) : EnsureUser 401 : {}
[2026-09-03 11:34:07] [WARN]       v1 VVI echoue : SP REST 401 : {}
[2026-09-03 11:34:08] [WARN]       v1 : auteur non restaure (VVI non valide) pour 'fethy.faradji@infopro-digital.com'
[2026-09-03 11:34:09] [WARN]       v2 EnsureUser echoue (fethy.faradji@infopro-digital.com) : EnsureUser 401 : {}
[2026-09-03 11:34:09] [WARN]       v2 VVI echoue : SP REST 401 : {}
[2026-09-03 11:34:09] [WARN]       v2 : auteur non restaure (VVI non valide) pour 'fethy.faradji@infopro-digital.com'
[2026-09-03 11:34:10] [WARN]       v3 EnsureUser echoue (fethy.faradji@infopro-digital.com) : EnsureUser 401 : {}
[2026-09-03 11:34:11] [WARN]       v3 VVI echoue : SP REST 401 : {}
[2026-09-03 11:34:11] [WARN]       v3 : auteur non restaure (VVI non valide) pour 'fethy.faradji@infopro-digital.com'
[2026-09-03 11:34:12] [INFO] Restauration auteur version: tentative via SharePoint VVI terminee (voir logs vN pour le detail).
[2026-09-03 11:34:12] [SUCCESS] ✅ Bureau/DWS - CREAMODIFAD - ENTRA/DWS_DM_VUES.SQL - historique copie (3 version(s))
[2026-09-03 11:34:12] [INFO] [187/12905] Bureau/DWS - CREAMODIFAD - ENTRA/DWS_DW.SQL (2007 o)
[2026-09-03 11:34:13] [INFO]    ⬇  Bureau/DWS - CREAMODIFAD - ENTRA/DWS_DW.SQL
[2026-09-03 11:34:14] [INFO]    ⬆  Rejeu de 1 version(s) : Bureau/DWS - CREAMODIFAD - ENTRA/DWS_DW.SQL
[2026-09-03 11:34:15] [WARN]       v1 EnsureUser echoue (fethy.faradji@infopro-digital.com) : EnsureUser 401 : {}
[2026-09-03 11:34:15] [WARN]       v1 VVI echoue : SP REST 401 : {}
[2026-09-03 11:34:16] [WARN]       v1 : auteur non restaure (VVI non valide) pour 'fethy.faradji@infopro-digital.com'
[2026-09-03 11:34:17] [INFO] Restauration auteur version: tentative via SharePoint VVI terminee (voir logs vN pour le detail).
[2026-09-03 11:34:17] [SUCCESS] ✅ Bureau/DWS - CREAMODIFAD - ENTRA/DWS_DW.SQL - historique copie (1 version(s))
[2026-09-03 11:34:17] [INFO] [188/12905] Bureau/DWS - CREAMODIFAD - ENTRA/sarepointCopyScrypt-last-one.ps1 (8484 o)
[2026-09-03 11:34:17] [INFO]    ⬇  Bureau/DWS - CREAMODIFAD - ENTRA/sarepointCopyScrypt-last-one.ps1
[2026-09-03 11:34:18] [INFO]    ⬆  Rejeu de 1 version(s) : Bureau/DWS - CREAMODIFAD - ENTRA/sarepointCopyScrypt-last-one.ps1
[2026-09-03 11:34:20] [WARN]       v1 EnsureUser echoue (fethy.faradji@infopro-digital.com) : EnsureUser 401 : {}
[2026-09-03 11:34:21] [WARN]       v1 VVI echoue : SP REST 401 : {}
[2026-09-03 11:34:21] [WARN]       v1 : auteur non restaure (VVI non valide) pour 'fethy.faradji@infopro-digital.com'
[2026-09-03 11:34:23] [INFO] Restauration auteur version: tentative via SharePoint VVI terminee (voir logs vN pour le detail).
[2026-09-03 11:34:23] [SUCCESS] ✅ Bureau/DWS - CREAMODIFAD - ENTRA/sarepointCopyScrypt-last-one.ps1 - historique copie (1 version(s))
[2026-09-03 11:34:23] [INFO] [189/12905] Bureau/export_synchro_sim_202410/rattrapage manuelle/alimentation table tempo.sql (7830 o)
[2026-09-03 11:34:23] [INFO]    ⬇  Bureau/export_synchro_sim_202410/rattrapage manuelle/alimentation table tempo.sql
[2026-09-03 11:34:24] [INFO]    ⬆  Rejeu de 1 version(s) : Bureau/export_synchro_sim_202410/rattrapage manuelle/alimentation table tempo.sql
[2026-09-03 11:34:25] [WARN]       v1 EnsureUser echoue (fethy.faradji@infopro-digital.com) : EnsureUser 401 : {}
[2026-09-03 11:34:25] [WARN]       v1 VVI echoue : SP REST 401 : {}
[2026-09-03 11:34:25] [WARN]       v1 : auteur non restaure (VVI non valide) pour 'fethy.faradji@infopro-digital.com'
[2026-09-03 11:34:27] [INFO] Restauration auteur version: tentative via SharePoint VVI terminee (voir logs vN pour le detail).
[2026-09-03 11:34:27] [SUCCESS] ✅ Bureau/export_synchro_sim_202410/rattrapage manuelle/alimentation table tempo.sql - historique copie (1 version(s))
[2026-09-03 11:34:27] [INFO] [190/12905] Bureau/export_synchro_sim_202410/rattrapage manuelle/avis_from_bim.csv (5240 o)
[2026-09-03 11:34:28] [INFO]    ⬇  Bureau/export_synchro_sim_202410/rattrapage manuelle/avis_from_bim.csv
[2026-09-03 11:34:28] [INFO]    ⬆  Rejeu de 1 version(s) : Bureau/export_synchro_sim_202410/rattrapage manuelle/avis_from_bim.csv
[2026-09-03 11:34:30] [WARN]       v1 EnsureUser echoue (fethy.faradji@infopro-digital.com) : EnsureUser 401 : {}
[2026-09-03 11:34:30] [WARN]       v1 VVI echoue : SP REST 401 : {}
[2026-09-03 11:34:30] [WARN]       v1 : auteur non restaure (VVI non valide) pour 'fethy.faradji@infopro-digital.com'
[2026-09-03 11:34:32] [INFO] Restauration auteur version: tentative via SharePoint VVI terminee (voir logs vN pour le detail).
[2026-09-03 11:34:32] [SUCCESS] ✅ Bureau/export_synchro_sim_202410/rattrapage manuelle/avis_from_bim.csv - historique copie (1 version(s))
[2026-09-03 11:34:32] [INFO] [191/12905] Bureau/export_synchro_sim_202410/rattrapage manuelle/création table tempo.sql (2021 o)
[2026-09-03 11:34:33] [INFO]    ⬇  Bureau/export_synchro_sim_202410/rattrapage manuelle/création table tempo.sql
[2026-09-03 11:34:33] [INFO]    ⬆  Rejeu de 2 version(s) : Bureau/export_synchro_sim_202410/rattrapage manuelle/création table tempo.sql
[2026-09-03 11:34:35] [WARN]       v1 EnsureUser echoue (fethy.faradji@infopro-digital.com) : EnsureUser 401 : {}
[2026-09-03 11:34:35] [WARN]       v1 VVI echoue : SP REST 401 : {}
[2026-09-03 11:34:35] [WARN]       v1 : auteur non restaure (VVI non valide) pour 'fethy.faradji@infopro-digital.com'
[2026-09-03 11:34:36] [WARN]       v2 EnsureUser echoue (fethy.faradji@infopro-digital.com) : EnsureUser 401 : {}
[2026-09-03 11:34:36] [WARN]       v2 VVI echoue : SP REST 401 : {}
[2026-09-03 11:34:36] [WARN]       v2 : auteur non restaure (VVI non valide) pour 'fethy.faradji@infopro-digital.com'
[2026-09-03 11:34:39] [INFO] Restauration auteur version: tentative via SharePoint VVI terminee (voir logs vN pour le detail).
[2026-09-03 11:34:39] [SUCCESS] ✅ Bureau/export_synchro_sim_202410/rattrapage manuelle/création table tempo.sql - historique copie (2 version(s))
[2026-09-03 11:34:39] [INFO] [192/12905] Bureau/export_synchro_sim_202410/rattrapage manuelle/publications_avis_rattrapage.xlsx (78871 o)
[2026-09-03 11:34:39] [INFO]    ⬇  Bureau/export_synchro_sim_202410/rattrapage manuelle/publications_avis_rattrapage.xlsx
[2026-09-03 11:34:40] [INFO]    ⬆  Rejeu de 24 version(s) : Bureau/export_synchro_sim_202410/rattrapage manuelle/publications_avis_rattrapage.xlsx
[2026-09-03 11:34:42] [WARN]       v1 EnsureUser echoue (fethy.faradji@infopro-digital.com) : EnsureUser 401 : {}
[2026-09-03 11:34:42] [WARN]       v1 VVI echoue : SP REST 401 : {}
[2026-09-03 11:34:43] [WARN]       v1 : auteur non restaure (VVI non valide) pour 'fethy.faradji@infopro-digital.com'
[2026-09-03 11:34:44] [WARN]       v2 EnsureUser echoue (fethy.faradji@infopro-digital.com) : EnsureUser 401 : {}
[2026-09-03 11:34:44] [WARN]       v2 VVI echoue : SP REST 401 : {}
[2026-09-03 11:34:44] [WARN]       v2 : auteur non restaure (VVI non valide) pour 'fethy.faradji@infopro-digital.com'
[2026-09-03 11:34:46] [WARN]       v3 EnsureUser echoue (fethy.faradji@infopro-digital.com) : EnsureUser 401 : {}
[2026-09-03 11:34:46] [WARN]       v3 VVI echoue : SP REST 401 : {}
[2026-09-03 11:34:46] [WARN]       v3 : auteur non restaure (VVI non valide) pour 'fethy.faradji@infopro-digital.com'
[2026-09-03 11:34:47] [WARN]       v4 EnsureUser echoue (fethy.faradji@infopro-digital.com) : EnsureUser 401 : {}
[2026-09-03 11:34:48] [WARN]       v4 VVI echoue : SP REST 401 : {}
[2026-09-03 11:34:48] [WARN]       v4 : auteur non restaure (VVI non valide) pour 'fethy.faradji@infopro-digital.com'
[2026-09-03 11:34:49] [WARN]       v5 EnsureUser echoue (fethy.faradji@infopro-digital.com) : EnsureUser 401 : {}
[2026-09-03 11:34:49] [WARN]       v5 VVI echoue : SP REST 401 : {}
[2026-09-03 11:34:50] [WARN]       v5 : auteur non restaure (VVI non valide) pour 'fethy.faradji@infopro-digital.com'
[2026-09-03 11:34:51] [WARN]       v6 EnsureUser echoue (fethy.faradji@infopro-digital.com) : EnsureUser 401 : {}
[2026-09-03 11:34:51] [WARN]       v6 VVI echoue : SP REST 401 : {}
[2026-09-03 11:34:51] [WARN]       v6 : auteur non restaure (VVI non valide) pour 'fethy.faradji@infopro-digital.com'
[2026-09-03 11:34:53] [WARN]       v7 EnsureUser echoue (fethy.faradji@infopro-digital.com) : EnsureUser 401 : {}
[2026-09-03 11:34:53] [WARN]       v7 VVI echoue : SP REST 401 : {}
[2026-09-03 11:34:53] [WARN]       v7 : auteur non restaure (VVI non valide) pour 'fethy.faradji@infopro-digital.com'
[2026-09-03 11:34:55] [WARN]       v8 EnsureUser echoue (fethy.faradji@infopro-digital.com) : EnsureUser 401 : {}
[2026-09-03 11:34:55] [WARN]       v8 VVI echoue : SP REST 401 : {}
[2026-09-03 11:34:55] [WARN]       v8 : auteur non restaure (VVI non valide) pour 'fethy.faradji@infopro-digital.com'
[2026-09-03 11:34:56] [WARN]       v9 EnsureUser echoue (fethy.faradji@infopro-digital.com) : EnsureUser 401 : {}
[2026-09-03 11:34:56] [WARN]       v9 VVI echoue : SP REST 401 : {}
[2026-09-03 11:34:56] [WARN]       v9 : auteur non restaure (VVI non valide) pour 'fethy.faradji@infopro-digital.com'
[2026-09-03 11:34:57] [WARN]       v10 EnsureUser echoue (fethy.faradji@infopro-digital.com) : EnsureUser 401 : {}
[2026-09-03 11:34:57] [WARN]       v10 VVI echoue : SP REST 401 : {}
[2026-09-03 11:34:58] [WARN]       v10 : auteur non restaure (VVI non valide) pour 'fethy.faradji@infopro-digital.com'
[2026-09-03 11:35:00] [WARN]       v11 EnsureUser echoue (fethy.faradji@infopro-digital.com) : EnsureUser 401 : {}
[2026-09-03 11:35:00] [WARN]       v11 VVI echoue : SP REST 401 : {}
[2026-09-03 11:35:00] [WARN]       v11 : auteur non restaure (VVI non valide) pour 'fethy.faradji@infopro-digital.com'
[2026-09-03 11:35:01] [WARN]       v12 EnsureUser echoue (fethy.faradji@infopro-digital.com) : EnsureUser 401 : {}
[2026-09-03 11:35:01] [WARN]       v12 VVI echoue : SP REST 401 : {}
[2026-09-03 11:35:01] [WARN]       v12 : auteur non restaure (VVI non valide) pour 'fethy.faradji@infopro-digital.com'
[2026-09-03 11:35:02] [WARN]       v13 EnsureUser echoue (fethy.faradji@infopro-digital.com) : EnsureUser 401 : {}
[2026-09-03 11:35:02] [WARN]       v13 VVI echoue : SP REST 401 : {}
[2026-09-03 11:35:02] [WARN]       v13 : auteur non restaure (VVI non valide) pour 'fethy.faradji@infopro-digital.com'
[2026-09-03 11:35:04] [WARN]       v14 EnsureUser echoue (fethy.faradji@infopro-digital.com) : EnsureUser 401 : {}
[2026-09-03 11:35:04] [WARN]       v14 VVI echoue : SP REST 401 : {}
[2026-09-03 11:35:05] [WARN]       v14 : auteur non restaure (VVI non valide) pour 'fethy.faradji@infopro-digital.com'
[2026-09-03 11:35:06] [WARN]       v15 EnsureUser echoue (fethy.faradji@infopro-digital.com) : EnsureUser 401 : {}
[2026-09-03 11:35:06] [WARN]       v15 VVI echoue : SP REST 401 : {}
[2026-09-03 11:35:06] [WARN]       v15 : auteur non restaure (VVI non valide) pour 'fethy.faradji@infopro-digital.com'
[2026-09-03 11:35:08] [WARN]       v16 EnsureUser echoue (fethy.faradji@infopro-digital.com) : EnsureUser 401 : {}
[2026-09-03 11:35:08] [WARN]       v16 VVI echoue : SP REST 401 : {}
[2026-09-03 11:35:09] [WARN]       v16 : auteur non restaure (VVI non valide) pour 'fethy.faradji@infopro-digital.com'
[2026-09-03 11:35:10] [WARN]       v17 EnsureUser echoue (fethy.faradji@infopro-digital.com) : EnsureUser 401 : {}
[2026-09-03 11:35:10] [WARN]       v17 VVI echoue : SP REST 401 : {}
[2026-09-03 11:35:10] [WARN]       v17 : auteur non restaure (VVI non valide) pour 'fethy.faradji@infopro-digital.com'
[2026-09-03 11:35:12] [WARN]       v18 EnsureUser echoue (fethy.faradji@infopro-digital.com) : EnsureUser 401 : {}
[2026-09-03 11:35:12] [WARN]       v18 VVI echoue : SP REST 401 : {}
[2026-09-03 11:35:12] [WARN]       v18 : auteur non restaure (VVI non valide) pour 'fethy.faradji@infopro-digital.com'
[2026-09-03 11:35:14] [WARN]       v19 EnsureUser echoue (fethy.faradji@infopro-digital.com) : EnsureUser 401 : {}
[2026-09-03 11:35:15] [WARN]       v19 VVI echoue : SP REST 401 : {}
[2026-09-03 11:35:15] [WARN]       v19 : auteur non restaure (VVI non valide) pour 'fethy.faradji@infopro-digital.com'
[2026-09-03 11:35:16] [WARN]       v20 EnsureUser echoue (fethy.faradji@infopro-digital.com) : EnsureUser 401 : {}
[2026-09-03 11:35:16] [WARN]       v20 VVI echoue : SP REST 401 : {}
[2026-09-03 11:35:17] [WARN]       v20 : auteur non restaure (VVI non valide) pour 'fethy.faradji@infopro-digital.com'
[2026-09-03 11:35:18] [WARN]       v21 EnsureUser echoue (fethy.faradji@infopro-digital.com) : EnsureUser 401 : {}
[2026-09-03 11:35:18] [WARN]       v21 VVI echoue : SP REST 401 : {}
[2026-09-03 11:35:19] [WARN]       v21 : auteur non restaure (VVI non valide) pour 'fethy.faradji@infopro-digital.com'
[2026-09-03 11:35:20] [WARN]       v22 EnsureUser echoue (fethy.faradji@infopro-digital.com) : EnsureUser 401 : {}
[2026-09-03 11:35:20] [WARN]       v22 VVI echoue : SP REST 401 : {}
[2026-09-03 11:35:20] [WARN]       v22 : auteur non restaure (VVI non valide) pour 'fethy.faradji@infopro-digital.com'
[2026-09-03 11:35:21] [WARN]       v23 EnsureUser echoue (fethy.faradji@infopro-digital.com) : EnsureUser 401 : {}
[2026-09-03 11:35:21] [WARN]       v23 VVI echoue : SP REST 401 : {}
[2026-09-03 11:35:22] [WARN]       v23 : auteur non restaure (VVI non valide) pour 'fethy.faradji@infopro-digital.com'
[2026-09-03 11:35:23] [WARN]       v24 EnsureUser echoue (fethy.faradji@infopro-digital.com) : EnsureUser 401 : {}
[2026-09-03 11:35:23] [WARN]       v24 VVI echoue : SP REST 401 : {}
[2026-09-03 11:35:23] [WARN]       v24 : auteur non restaure (VVI non valide) pour 'fethy.faradji@infopro-digital.com'
[2026-09-03 11:35:25] [INFO] Restauration auteur version: tentative via SharePoint VVI terminee (voir logs vN pour le detail).
[2026-09-03 11:35:25] [SUCCESS] ✅ Bureau/export_synchro_sim_202410/rattrapage manuelle/publications_avis_rattrapage.xlsx - historique copie (24 version(s))
[2026-09-03 11:35:25] [INFO] [193/12905] Bureau/export_synchro_sim_202410/rattrapage manuelle/publications_from_bim.csv (11098 o)
[2026-09-03 11:35:25] [INFO]    ⬇  Bureau/export_synchro_sim_202410/rattrapage manuelle/publications_from_bim.csv
[2026-09-03 11:35:26] [INFO]    ⬆  Rejeu de 2 version(s) : Bureau/export_synchro_sim_202410/rattrapage manuelle/publications_from_bim.csv
[2026-09-03 11:35:28] [WARN]       v1 EnsureUser echoue (fethy.faradji@infopro-digital.com) : EnsureUser 401 : {}
[2026-09-03 11:35:28] [WARN]       v1 VVI echoue : SP REST 401 : {}
[2026-09-03 11:35:28] [WARN]       v1 : auteur non restaure (VVI non valide) pour 'fethy.faradji@infopro-digital.com'
[2026-09-03 11:35:30] [WARN]       v2 EnsureUser echoue (fethy.faradji@infopro-digital.com) : EnsureUser 401 : {}
[2026-09-03 11:35:30] [WARN]       v2 VVI echoue : SP REST 401 : {}
[2026-09-03 11:35:30] [WARN]       v2 : auteur non restaure (VVI non valide) pour 'fethy.faradji@infopro-digital.com'
[2026-09-03 11:35:31] [INFO] Restauration auteur version: tentative via SharePoint VVI terminee (voir logs vN pour le detail).
[2026-09-03 11:35:32] [SUCCESS] ✅ Bureau/export_synchro_sim_202410/rattrapage manuelle/publications_from_bim.csv - historique copie (2 version(s))
[2026-09-03 11:35:32] [INFO] [194/12905] Bureau/export_synchro_sim_202410/rattrapage manuelle/publications_rattrapage.csv (11098 o)
[2026-09-03 11:35:32] [INFO]    ⬇  Bureau/export_synchro_sim_202410/rattrapage manuelle/publications_rattrapage.csv
[2026-09-03 11:35:33] [INFO]    ⬆  Rejeu de 1 version(s) : Bureau/export_synchro_sim_202410/rattrapage manuelle/publications_rattrapage.csv
[2026-09-03 11:35:35] [WARN]       v1 EnsureUser echoue (fethy.faradji@infopro-digital.com) : EnsureUser 401 : {}
[2026-09-03 11:35:35] [WARN]       v1 VVI echoue : SP REST 401 : {}
[2026-09-03 11:35:35] [WARN]       v1 : auteur non restaure (VVI non valide) pour 'fethy.faradji@infopro-digital.com'
[2026-09-03 11:35:37] [INFO] Restauration auteur version: tentative via SharePoint VVI terminee (voir logs vN pour le detail).
[2026-09-03 11:35:37] [SUCCESS] ✅ Bureau/export_synchro_sim_202410/rattrapage manuelle/publications_rattrapage.csv - historique copie (1 version(s))
[2026-09-03 11:35:37] [INFO] [195/12905] Bureau/export_synchro_sim_202410/rattrapage manuelle/recette - SVC_SIM_SF~1.sql (32 o)
[2026-09-03 11:35:37] [INFO]    ⬇  Bureau/export_synchro_sim_202410/rattrapage manuelle/recette - SVC_SIM_SF~1.sql
[2026-09-03 11:35:38] [INFO]    ⬆  Rejeu de 1 version(s) : Bureau/export_synchro_sim_202410/rattrapage manuelle/recette - SVC_SIM_SF~1.sql
[2026-09-03 11:35:39] [WARN]       v1 EnsureUser echoue (fethy.faradji@infopro-digital.com) : EnsureUser 401 : {}
[2026-09-03 11:35:39] [WARN]       v1 VVI echoue : SP REST 401 : {}
[2026-09-03 11:35:40] [WARN]       v1 : auteur non restaure (VVI non valide) pour 'fethy.faradji@infopro-digital.com'
[2026-09-03 11:35:41] [INFO] Restauration auteur version: tentative via SharePoint VVI terminee (voir logs vN pour le detail).
[2026-09-03 11:35:41] [SUCCESS] ✅ Bureau/export_synchro_sim_202410/rattrapage manuelle/recette - SVC_SIM_SF~1.sql - historique copie (1 version(s))
[2026-09-03 11:35:41] [INFO] [196/12905] Bureau/export_synchro_sim_202410/rattrapage manuelle/recette - SVC_SIM_SF~32.sql (160 o)
[2026-09-03 11:35:41] [INFO]    ⬇  Bureau/export_synchro_sim_202410/rattrapage manuelle/recette - SVC_SIM_SF~32.sql
[2026-09-03 11:35:42] [INFO]    ⬆  Rejeu de 1 version(s) : Bureau/export_synchro_sim_202410/rattrapage manuelle/recette - SVC_SIM_SF~32.sql
[2026-09-03 11:35:44] [WARN]       v1 EnsureUser echoue (fethy.faradji@infopro-digital.com) : EnsureUser 401 : {}
[2026-09-03 11:35:44] [WARN]       v1 VVI echoue : SP REST 401 : {}
[2026-09-03 11:35:45] [WARN]       v1 : auteur non restaure (VVI non valide) pour 'fethy.faradji@infopro-digital.com'
[2026-09-03 11:35:46] [INFO] Restauration auteur version: tentative via SharePoint VVI terminee (voir logs vN pour le detail).
[2026-09-03 11:35:46] [SUCCESS] ✅ Bureau/export_synchro_sim_202410/rattrapage manuelle/recette - SVC_SIM_SF~32.sql - historique copie (1 version(s))
[2026-09-03 11:35:46] [INFO] [197/12905] Bureau/export_synchro_sim_202410/rattrapage manuelle/travail.xlsx (32011 o)
[2026-09-03 11:35:46] [INFO]    ⬇  Bureau/export_synchro_sim_202410/rattrapage manuelle/travail.xlsx
[2026-09-03 11:35:47] [INFO]    ⬆  Rejeu de 1 version(s) : Bureau/export_synchro_sim_202410/rattrapage manuelle/travail.xlsx
[2026-09-03 11:35:48] [WARN]       v1 EnsureUser echoue (fethy.faradji@infopro-digital.com) : EnsureUser 401 : {}
[2026-09-03 11:35:48] [WARN]       v1 VVI echoue : SP REST 401 : {}
[2026-09-03 11:35:49] [WARN]       v1 : auteur non restaure (VVI non valide) pour 'fethy.faradji@infopro-digital.com'
[2026-09-03 11:35:50] [INFO] Restauration auteur version: tentative via SharePoint VVI terminee (voir logs vN pour le detail).
[2026-09-03 11:35:50] [SUCCESS] ✅ Bureau/export_synchro_sim_202410/rattrapage manuelle/travail.xlsx - historique copie (1 version(s))
[2026-09-03 11:35:50] [INFO] [198/12905] Bureau/export_synchro_sim_202410/rattrapage manuelle/update avis.sql (5640 o)
[2026-09-03 11:35:50] [INFO]    ⬇  Bureau/export_synchro_sim_202410/rattrapage manuelle/update avis.sql
[2026-09-03 11:35:51] [INFO]    ⬆  Rejeu de 1 version(s) : Bureau/export_synchro_sim_202410/rattrapage manuelle/update avis.sql
[2026-09-03 11:35:53] [WARN]       v1 EnsureUser echoue (fethy.faradji@infopro-digital.com) : EnsureUser 401 : {}
[2026-09-03 11:35:53] [WARN]       v1 VVI echoue : SP REST 401 : {}
[2026-09-03 11:35:53] [WARN]       v1 : auteur non restaure (VVI non valide) pour 'fethy.faradji@infopro-digital.com'
[2026-09-03 11:35:55] [INFO] Restauration auteur version: tentative via SharePoint VVI terminee (voir logs vN pour le detail).
[2026-09-03 11:35:55] [SUCCESS] ✅ Bureau/export_synchro_sim_202410/rattrapage manuelle/update avis.sql - historique copie (1 version(s))
[2026-09-03 11:35:55] [INFO] [199/12905] Bureau/export_synchro_sim_202410/avic_sans_date.csv (2100302 o)
[2026-09-03 11:35:55] [INFO]    ⬇  Bureau/export_synchro_sim_202410/avic_sans_date.csv
[2026-09-03 11:35:55] [INFO]    ⬆  Rejeu de 1 version(s) : Bureau/export_synchro_sim_202410/avic_sans_date.csv
[2026-09-03 11:35:59] [WARN]       v1 EnsureUser echoue (fethy.faradji@infopro-digital.com) : EnsureUser 401 : {}
[2026-09-03 11:35:59] [WARN]       v1 VVI echoue : SP REST 401 : {}
[2026-09-03 11:35:59] [WARN]       v1 : auteur non restaure (VVI non valide) pour 'fethy.faradji@infopro-digital.com'
[2026-09-03 11:36:00] [INFO] Restauration auteur version: tentative via SharePoint VVI terminee (voir logs vN pour le detail).
[2026-09-03 11:36:00] [SUCCESS] ✅ Bureau/export_synchro_sim_202410/avic_sans_date.csv - historique copie (1 version(s))
[2026-09-03 11:36:00] [INFO] [200/12905] Bureau/export_synchro_sim_202410/avic_sans_date.txt (2673082 o)
[2026-09-03 11:36:01] [INFO]    ⬇  Bureau/export_synchro_sim_202410/avic_sans_date.txt
[2026-09-03 11:36:02] [INFO]    ⬆  Rejeu de 2 version(s) : Bureau/export_synchro_sim_202410/avic_sans_date.txt
[2026-09-03 11:36:08] [WARN]       v1 EnsureUser echoue (fethy.faradji@infopro-digital.com) : EnsureUser 401 : {}
[2026-09-03 11:36:08] [WARN]       v1 VVI echoue : SP REST 401 : {}
[2026-09-03 11:36:09] [WARN]       v1 : auteur non restaure (VVI non valide) pour 'fethy.faradji@infopro-digital.com'
[2026-09-03 11:36:12] [WARN]       v2 EnsureUser echoue (fethy.faradji@infopro-digital.com) : EnsureUser 401 : {}
[2026-09-03 11:36:12] [WARN]       v2 VVI echoue : SP REST 401 : {}
[2026-09-03 11:36:13] [WARN]       v2 : auteur non restaure (VVI non valide) pour 'fethy.faradji@infopro-digital.com'
[2026-09-03 11:36:14] [INFO] Restauration auteur version: tentative via SharePoint VVI terminee (voir logs vN pour le detail).
[2026-09-03 11:36:14] [SUCCESS] ✅ Bureau/export_synchro_sim_202410/avic_sans_date.txt - historique copie (2 version(s))
[2026-09-03 11:36:14] [INFO] [201/12905] Bureau/export_synchro_sim_202410/avis__c.csv (64529846 o)
[2026-09-03 11:36:15] [INFO]    ⬇  Bureau/export_synchro_sim_202410/avis__c.csv
[2026-09-03 11:36:15] [INFO]    ⬆  Rejeu de 5 version(s) : Bureau/export_synchro_sim_202410/avis__c.csv
[2026-09-03 11:36:54] [WARN]       v1 EnsureUser echoue (fethy.faradji@infopro-digital.com) : EnsureUser 401 : {}
[2026-09-03 11:36:54] [WARN]       v1 VVI echoue : SP REST 401 : {}
[2026-09-03 11:36:54] [WARN]       v1 : auteur non restaure (VVI non valide) pour 'fethy.faradji@infopro-digital.com'
[2026-09-03 11:37:38] [ERROR] ❌ Bureau/export_synchro_sim_202410/avis__c.csv : Les dimensions du tableau dépassent la plage prise en charge.
[2026-09-03 11:37:38] [INFO] [202/12905] Bureau/export_synchro_sim_202410/avis__c_2.csv (49732 o)
[2026-09-03 11:37:39] [INFO]    ⬇  Bureau/export_synchro_sim_202410/avis__c_2.csv
[2026-09-03 11:37:40] [INFO]    ⬆  Rejeu de 1 version(s) : Bureau/export_synchro_sim_202410/avis__c_2.csv
[2026-09-03 11:37:41] [WARN]       v1 EnsureUser echoue (fethy.faradji@infopro-digital.com) : EnsureUser 401 : {}
[2026-09-03 11:37:41] [WARN]       v1 VVI echoue : SP REST 401 : {}
[2026-09-03 11:37:42] [WARN]       v1 : auteur non restaure (VVI non valide) pour 'fethy.faradji@infopro-digital.com'
[2026-09-03 11:37:43] [INFO] Restauration auteur version: tentative via SharePoint VVI terminee (voir logs vN pour le detail).
[2026-09-03 11:37:43] [SUCCESS] ✅ Bureau/export_synchro_sim_202410/avis__c_2.csv - historique copie (1 version(s))
[2026-09-03 11:37:44] [INFO] [203/12905] Bureau/export_synchro_sim_202410/avis__c_R.csv (12280421 o)
[2026-09-03 11:37:44] [INFO]    ⬇  Bureau/export_synchro_sim_202410/avis__c_R.csv
[2026-09-03 11:37:45] [INFO]    ⬆  Rejeu de 1 version(s) : Bureau/export_synchro_sim_202410/avis__c_R.csv
[2026-09-03 11:37:54] [WARN]       v1 EnsureUser echoue (fethy.faradji@infopro-digital.com) : EnsureUser 401 : {}
[2026-09-03 11:37:54] [WARN]       v1 VVI echoue : SP REST 401 : {}
[2026-09-03 11:37:55] [WARN]       v1 : auteur non restaure (VVI non valide) pour 'fethy.faradji@infopro-digital.com'
[2026-09-03 11:37:56] [INFO] Restauration auteur version: tentative via SharePoint VVI terminee (voir logs vN pour le detail).
[2026-09-03 11:37:56] [SUCCESS] ✅ Bureau/export_synchro_sim_202410/avis__c_R.csv - historique copie (1 version(s))
[2026-09-03 11:37:56] [INFO] [204/12905] Bureau/export_synchro_sim_202410/delete_avis__c.csv (751568 o)
[2026-09-03 11:37:56] [INFO]    ⬇  Bureau/export_synchro_sim_202410/delete_avis__c.csv
[2026-09-03 11:37:57] [INFO]    ⬆  Rejeu de 1 version(s) : Bureau/export_synchro_sim_202410/delete_avis__c.csv
[2026-09-03 11:37:59] [WARN]       v1 EnsureUser echoue (fethy.faradji@infopro-digital.com) : EnsureUser 401 : {}
[2026-09-03 11:37:59] [WARN]       v1 VVI echoue : SP REST 401 : {}
[2026-09-03 11:38:00] [WARN]       v1 : auteur non restaure (VVI non valide) pour 'fethy.faradji@infopro-digital.com'
[2026-09-03 11:38:01] [INFO] Restauration auteur version: tentative via SharePoint VVI terminee (voir logs vN pour le detail).
[2026-09-03 11:38:01] [SUCCESS] ✅ Bureau/export_synchro_sim_202410/delete_avis__c.csv - historique copie (1 version(s))
[2026-09-03 11:38:01] [INFO] [205/12905] Bureau/export_synchro_sim_202410/erreur_facture.xls (205824 o)
[2026-09-03 11:38:02] [INFO]    ⬇  Bureau/export_synchro_sim_202410/erreur_facture.xls
[2026-09-03 11:38:02] [INFO]    ⬆  Rejeu de 1 version(s) : Bureau/export_synchro_sim_202410/erreur_facture.xls
[2026-09-03 11:38:04] [WARN]       v1 EnsureUser echoue (fethy.faradji@infopro-digital.com) : EnsureUser 401 : {}
[2026-09-03 11:38:04] [WARN]       v1 VVI echoue : SP REST 401 : {}
[2026-09-03 11:38:05] [WARN]       v1 : auteur non restaure (VVI non valide) pour 'fethy.faradji@infopro-digital.com'
[2026-09-03 11:38:06] [INFO] Restauration auteur version: tentative via SharePoint VVI terminee (voir logs vN pour le detail).
[2026-09-03 11:38:06] [SUCCESS] ✅ Bureau/export_synchro_sim_202410/erreur_facture.xls - historique copie (1 version(s))
[2026-09-03 11:38:06] [INFO] [206/12905] Bureau/export_synchro_sim_202410/Facture__c.csv (303930 o)
[2026-09-03 11:38:06] [INFO]    ⬇  Bureau/export_synchro_sim_202410/Facture__c.csv
[2026-09-03 11:38:07] [INFO]    ⬆  Rejeu de 1 version(s) : Bureau/export_synchro_sim_202410/Facture__c.csv
[2026-09-03 11:38:09] [WARN]       v1 EnsureUser echoue (fethy.faradji@infopro-digital.com) : EnsureUser 401 : {}
[2026-09-03 11:38:09] [WARN]       v1 VVI echoue : SP REST 401 : {}
[2026-09-03 11:38:10] [WARN]       v1 : auteur non restaure (VVI non valide) pour 'fethy.faradji@infopro-digital.com'
[2026-09-03 11:38:11] [INFO] Restauration auteur version: tentative via SharePoint VVI terminee (voir logs vN pour le detail).
[2026-09-03 11:38:11] [SUCCESS] ✅ Bureau/export_synchro_sim_202410/Facture__c.csv - historique copie (1 version(s))
[2026-09-03 11:38:11] [INFO] [207/12905] Bureau/export_synchro_sim_202410/id_avis_date_pourrie (2001828 o)
[2026-09-03 11:38:12] [INFO]    ⬇  Bureau/export_synchro_sim_202410/id_avis_date_pourrie
[2026-09-03 11:38:13] [INFO]    ⬆  Rejeu de 1 version(s) : Bureau/export_synchro_sim_202410/id_avis_date_pourrie
[2026-09-03 11:38:16] [WARN]       v1 EnsureUser echoue (fethy.faradji@infopro-digital.com) : EnsureUser 401 : {}
[2026-09-03 11:38:16] [WARN]       v1 VVI echoue : SP REST 401 : {}
[2026-09-03 11:38:16] [WARN]       v1 : auteur non restaure (VVI non valide) pour 'fethy.faradji@infopro-digital.com'
[2026-09-03 11:38:17] [INFO] Restauration auteur version: tentative via SharePoint VVI terminee (voir logs vN pour le detail).
[2026-09-03 11:38:18] [SUCCESS] ✅ Bureau/export_synchro_sim_202410/id_avis_date_pourrie - historique copie (1 version(s))
[2026-09-03 11:38:18] [INFO] [208/12905] Bureau/export_synchro_sim_202410/id_avis_date_pourrie.csv (5459492 o)
[2026-09-03 11:38:18] [INFO]    ⬇  Bureau/export_synchro_sim_202410/id_avis_date_pourrie.csv
[2026-09-03 11:38:19] [INFO]    ⬆  Rejeu de 2 version(s) : Bureau/export_synchro_sim_202410/id_avis_date_pourrie.csv
[2026-09-03 11:38:22] [WARN]       v1 EnsureUser echoue (fethy.faradji@infopro-digital.com) : EnsureUser 401 : {}
[2026-09-03 11:38:22] [WARN]       v1 VVI echoue : SP REST 401 : {}
[2026-09-03 11:38:23] [WARN]       v1 : auteur non restaure (VVI non valide) pour 'fethy.faradji@infopro-digital.com'
[2026-09-03 11:38:28] [WARN]       v2 EnsureUser echoue (fethy.faradji@infopro-digital.com) : EnsureUser 401 : {}
[2026-09-03 11:38:28] [WARN]       v2 VVI echoue : SP REST 401 : {}
[2026-09-03 11:38:28] [WARN]       v2 : auteur non restaure (VVI non valide) pour 'fethy.faradji@infopro-digital.com'
[2026-09-03 11:38:29] [INFO] Restauration auteur version: tentative via SharePoint VVI terminee (voir logs vN pour le detail).
[2026-09-03 11:38:29] [SUCCESS] ✅ Bureau/export_synchro_sim_202410/id_avis_date_pourrie.csv - historique copie (2 version(s))
[2026-09-03 11:38:30] [INFO] [209/12905] Bureau/export_synchro_sim_202410/id_avis_date_pourrie.txt (2001828 o)
[2026-09-03 11:38:30] [INFO]    ⬇  Bureau/export_synchro_sim_202410/id_avis_date_pourrie.txt
[2026-09-03 11:38:31] [INFO]    ⬆  Rejeu de 1 version(s) : Bureau/export_synchro_sim_202410/id_avis_date_pourrie.txt
[2026-09-03 11:38:34] [WARN]       v1 EnsureUser echoue (fethy.faradji@infopro-digital.com) : EnsureUser 401 : {}
[2026-09-03 11:38:34] [WARN]       v1 VVI echoue : SP REST 401 : {}
[2026-09-03 11:38:34] [WARN]       v1 : auteur non restaure (VVI non valide) pour 'fethy.faradji@infopro-digital.com'
[2026-09-03 11:38:35] [INFO] Restauration auteur version: tentative via SharePoint VVI terminee (voir logs vN pour le detail).
[2026-09-03 11:38:35] [SUCCESS] ✅ Bureau/export_synchro_sim_202410/id_avis_date_pourrie.txt - historique copie (1 version(s))
[2026-09-03 11:38:35] [INFO] [210/12905] Bureau/export_synchro_sim_202410/id_avis_importé.csv (8394357 o)
[2026-09-03 11:38:36] [INFO]    ⬇  Bureau/export_synchro_sim_202410/id_avis_importé.csv
[2026-09-03 11:38:37] [INFO]    ⬆  Rejeu de 1 version(s) : Bureau/export_synchro_sim_202410/id_avis_importé.csv
[2026-09-03 11:38:43] [WARN]       v1 EnsureUser echoue (fethy.faradji@infopro-digital.com) : EnsureUser 401 : {}
[2026-09-03 11:38:43] [WARN]       v1 VVI echoue : SP REST 401 : {}
[2026-09-03 11:38:43] [WARN]       v1 : auteur non restaure (VVI non valide) pour 'fethy.faradji@infopro-digital.com'
[2026-09-03 11:38:45] [INFO] Restauration auteur version: tentative via SharePoint VVI terminee (voir logs vN pour le detail).
[2026-09-03 11:38:45] [SUCCESS] ✅ Bureau/export_synchro_sim_202410/id_avis_importé.csv - historique copie (1 version(s))
[2026-09-03 11:38:45] [INFO] [211/12905] Bureau/export_synchro_sim_202410/id_Order.csv (18774 o)
[2026-09-03 11:38:45] [INFO]    ⬇  Bureau/export_synchro_sim_202410/id_Order.csv
[2026-09-03 11:38:46] [INFO]    ⬆  Rejeu de 1 version(s) : Bureau/export_synchro_sim_202410/id_Order.csv
[2026-09-03 11:38:47] [WARN]       v1 EnsureUser echoue (fethy.faradji@infopro-digital.com) : EnsureUser 401 : {}
[2026-09-03 11:38:47] [WARN]       v1 VVI echoue : SP REST 401 : {}
[2026-09-03 11:38:48] [WARN]       v1 : auteur non restaure (VVI non valide) pour 'fethy.faradji@infopro-digital.com'
[2026-09-03 11:38:49] [INFO] Restauration auteur version: tentative via SharePoint VVI terminee (voir logs vN pour le detail).
[2026-09-03 11:38:49] [SUCCESS] ✅ Bureau/export_synchro_sim_202410/id_Order.csv - historique copie (1 version(s))
[2026-09-03 11:38:49] [INFO] [212/12905] Bureau/export_synchro_sim_202410/id_publications.csv (1274508 o)
[2026-09-03 11:38:49] [INFO]    ⬇  Bureau/export_synchro_sim_202410/id_publications.csv
[2026-09-03 11:38:50] [INFO]    ⬆  Rejeu de 1 version(s) : Bureau/export_synchro_sim_202410/id_publications.csv
[2026-09-03 11:38:53] [WARN]       v1 EnsureUser echoue (fethy.faradji@infopro-digital.com) : EnsureUser 401 : {}
[2026-09-03 11:38:53] [WARN]       v1 VVI echoue : SP REST 401 : {}
[2026-09-03 11:38:53] [WARN]       v1 : auteur non restaure (VVI non valide) pour 'fethy.faradji@infopro-digital.com'
[2026-09-03 11:38:54] [INFO] Restauration auteur version: tentative via SharePoint VVI terminee (voir logs vN pour le detail).
[2026-09-03 11:38:54] [SUCCESS] ✅ Bureau/export_synchro_sim_202410/id_publications.csv - historique copie (1 version(s))
[2026-09-03 11:38:54] [INFO] [213/12905] Bureau/export_synchro_sim_202410/id_publications_importé.csv (85017947 o)
[2026-09-03 11:38:54] [INFO]    ⬇  Bureau/export_synchro_sim_202410/id_publications_importé.csv
[2026-09-03 11:38:55] [INFO]    ⬆  Rejeu de 1 version(s) : Bureau/export_synchro_sim_202410/id_publications_importé.csv
[2026-09-03 11:39:46] [WARN]       v1 EnsureUser echoue (fethy.faradji@infopro-digital.com) : EnsureUser 401 : {}
[2026-09-03 11:39:46] [WARN]       v1 VVI echoue : SP REST 401 : {}
[2026-09-03 11:39:47] [WARN]       v1 : auteur non restaure (VVI non valide) pour 'fethy.faradji@infopro-digital.com'
[2026-09-03 11:39:48] [INFO] Restauration auteur version: tentative via SharePoint VVI terminee (voir logs vN pour le detail).
[2026-09-03 11:39:48] [SUCCESS] ✅ Bureau/export_synchro_sim_202410/id_publications_importé.csv - historique copie (1 version(s))
[2026-09-03 11:39:48] [INFO] [214/12905] Bureau/export_synchro_sim_202410/Order_2.csv (33871 o)
[2026-09-03 11:39:48] [INFO]    ⬇  Bureau/export_synchro_sim_202410/Order_2.csv
[2026-09-03 11:39:49] [INFO]    ⬆  Rejeu de 1 version(s) : Bureau/export_synchro_sim_202410/Order_2.csv
[2026-09-03 11:39:50] [WARN]       v1 EnsureUser echoue (fethy.faradji@infopro-digital.com) : EnsureUser 401 : {}
[2026-09-03 11:39:50] [WARN]       v1 VVI echoue : SP REST 401 : {}
[2026-09-03 11:39:51] [WARN]       v1 : auteur non restaure (VVI non valide) pour 'fethy.faradji@infopro-digital.com'
[2026-09-03 11:39:52] [INFO] Restauration auteur version: tentative via SharePoint VVI terminee (voir logs vN pour le detail).
[2026-09-03 11:39:52] [SUCCESS] ✅ Bureau/export_synchro_sim_202410/Order_2.csv - historique copie (1 version(s))
[2026-09-03 11:39:52] [INFO] [215/12905] Bureau/export_synchro_sim_202410/Order_importée.csv (157187 o)
[2026-09-03 11:39:52] [INFO]    ⬇  Bureau/export_synchro_sim_202410/Order_importée.csv
[2026-09-03 11:39:53] [INFO]    ⬆  Rejeu de 1 version(s) : Bureau/export_synchro_sim_202410/Order_importée.csv
[2026-09-03 11:39:54] [WARN]       v1 EnsureUser echoue (fethy.faradji@infopro-digital.com) : EnsureUser 401 : {}
[2026-09-03 11:39:54] [WARN]       v1 VVI echoue : SP REST 401 : {}
[2026-09-03 11:39:55] [WARN]       v1 : auteur non restaure (VVI non valide) pour 'fethy.faradji@infopro-digital.com'
[2026-09-03 11:39:56] [INFO] Restauration auteur version: tentative via SharePoint VVI terminee (voir logs vN pour le detail).
[2026-09-03 11:39:57] [SUCCESS] ✅ Bureau/export_synchro_sim_202410/Order_importée.csv - historique copie (1 version(s))
[2026-09-03 11:39:57] [INFO] [216/12905] Bureau/export_synchro_sim_202410/publication__c_R.csv (2706420 o)
[2026-09-03 11:39:57] [INFO]    ⬇  Bureau/export_synchro_sim_202410/publication__c_R.csv
[2026-09-03 11:39:58] [INFO]    ⬆  Rejeu de 1 version(s) : Bureau/export_synchro_sim_202410/publication__c_R.csv
[2026-09-03 11:40:01] [WARN]       v1 EnsureUser echoue (fethy.faradji@infopro-digital.com) : EnsureUser 401 : {}
[2026-09-03 11:40:01] [WARN]       v1 VVI echoue : SP REST 401 : {}
[2026-09-03 11:40:01] [WARN]       v1 : auteur non restaure (VVI non valide) pour 'fethy.faradji@infopro-digital.com'
[2026-09-03 11:40:03] [INFO] Restauration auteur version: tentative via SharePoint VVI terminee (voir logs vN pour le detail).
[2026-09-03 11:40:03] [SUCCESS] ✅ Bureau/export_synchro_sim_202410/publication__c_R.csv - historique copie (1 version(s))
[2026-09-03 11:40:03] [INFO] [217/12905] Bureau/export_synchro_sim_202410/publication_statut.csv (98285347 o)
[2026-09-03 11:40:03] [INFO]    ⬇  Bureau/export_synchro_sim_202410/publication_statut.csv
[2026-09-03 11:40:04] [INFO]    ⬆  Rejeu de 1 version(s) : Bureau/export_synchro_sim_202410/publication_statut.csv
[2026-09-03 11:41:07] [WARN]       v1 EnsureUser echoue (fethy.faradji@infopro-digital.com) : EnsureUser 401 : {}
[2026-09-03 11:41:07] [WARN]       v1 VVI echoue : SP REST 401 : {}
[2026-09-03 11:41:08] [WARN]       v1 : auteur non restaure (VVI non valide) pour 'fethy.faradji@infopro-digital.com'
[2026-09-03 11:41:09] [INFO] Restauration auteur version: tentative via SharePoint VVI terminee (voir logs vN pour le detail).
[2026-09-03 11:41:09] [SUCCESS] ✅ Bureau/export_synchro_sim_202410/publication_statut.csv - historique copie (1 version(s))
[2026-09-03 11:41:09] [INFO] [218/12905] Bureau/export_synchro_sim_202410/publication_statut.txt (98285347 o)
[2026-09-03 11:41:09] [INFO]    ⬇  Bureau/export_synchro_sim_202410/publication_statut.txt
[2026-09-03 11:41:10] [INFO]    ⬆  Rejeu de 1 version(s) : Bureau/export_synchro_sim_202410/publication_statut.txt
[2026-09-03 11:42:09] [WARN]       v1 EnsureUser echoue (fethy.faradji@infopro-digital.com) : EnsureUser 401 : {}
[2026-09-03 11:42:09] [WARN]       v1 VVI echoue : SP REST 401 : {}
[2026-09-03 11:42:10] [WARN]       v1 : auteur non restaure (VVI non valide) pour 'fethy.faradji@infopro-digital.com'
[2026-09-03 11:42:11] [INFO] Restauration auteur version: tentative via SharePoint VVI terminee (voir logs vN pour le detail).
[2026-09-03 11:42:11] [SUCCESS] ✅ Bureau/export_synchro_sim_202410/publication_statut.txt - historique copie (1 version(s))
[2026-09-03 11:42:11] [INFO] [219/12905] Bureau/export_synchro_sim_202410/publications__c.csv (62090196 o)
[2026-09-03 11:42:11] [INFO]    ⬇  Bureau/export_synchro_sim_202410/publications__c.csv
[2026-09-03 11:42:12] [INFO]    ⬆  Rejeu de 1 version(s) : Bureau/export_synchro_sim_202410/publications__c.csv
[2026-09-03 11:42:46] [WARN]       v1 EnsureUser echoue (fethy.faradji@infopro-digital.com) : EnsureUser 401 : {}
[2026-09-03 11:42:47] [WARN]       v1 VVI echoue : SP REST 401 : {}
[2026-09-03 11:42:47] [WARN]       v1 : auteur non restaure (VVI non valide) pour 'fethy.faradji@infopro-digital.com'
[2026-09-03 11:42:48] [INFO] Restauration auteur version: tentative via SharePoint VVI terminee (voir logs vN pour le detail).
[2026-09-03 11:42:48] [SUCCESS] ✅ Bureau/export_synchro_sim_202410/publications__c.csv - historique copie (1 version(s))
[2026-09-03 11:42:48] [INFO] [220/12905] Bureau/export_synchro_sim_202410/publications__c_importée.csv (15646783 o)
[2026-09-03 11:42:48] [INFO]    ⬇  Bureau/export_synchro_sim_202410/publications__c_importée.csv
[2026-09-03 11:42:49] [INFO]    ⬆  Rejeu de 1 version(s) : Bureau/export_synchro_sim_202410/publications__c_importée.csv
[2026-09-03 11:43:00] [WARN]       v1 EnsureUser echoue (fethy.faradji@infopro-digital.com) : EnsureUser 401 : {}
[2026-09-03 11:43:01] [WARN]       v1 VVI echoue : SP REST 401 : {}
[2026-09-03 11:43:01] [WARN]       v1 : auteur non restaure (VVI non valide) pour 'fethy.faradji@infopro-digital.com'
[2026-09-03 11:43:02] [INFO] Restauration auteur version: tentative via SharePoint VVI terminee (voir logs vN pour le detail).
[2026-09-03 11:43:02] [SUCCESS] ✅ Bureau/export_synchro_sim_202410/publications__c_importée.csv - historique copie (1 version(s))
[2026-09-03 11:43:02] [INFO] [221/12905] Bureau/export_synchro_sim_202410/publications__c_rattrapage.csv (396875 o)
[2026-09-03 11:43:02] [INFO]    ⬇  Bureau/export_synchro_sim_202410/publications__c_rattrapage.csv
[2026-09-03 11:43:03] [INFO]    ⬆  Rejeu de 2 version(s) : Bureau/export_synchro_sim_202410/publications__c_rattrapage.csv
[2026-09-03 11:43:05] [WARN]       v1 EnsureUser echoue (fethy.faradji@infopro-digital.com) : EnsureUser 401 : {}
[2026-09-03 11:43:05] [WARN]       v1 VVI echoue : SP REST 401 : {}
[2026-09-03 11:43:05] [WARN]       v1 : auteur non restaure (VVI non valide) pour 'fethy.faradji@infopro-digital.com'
[2026-09-03 11:43:06] [WARN]       v2 EnsureUser echoue (fethy.faradji@infopro-digital.com) : EnsureUser 401 : {}
[2026-09-03 11:43:06] [WARN]       v2 VVI echoue : SP REST 401 : {}
[2026-09-03 11:43:06] [WARN]       v2 : auteur non restaure (VVI non valide) pour 'fethy.faradji@infopro-digital.com'
[2026-09-03 11:43:07] [INFO] Restauration auteur version: tentative via SharePoint VVI terminee (voir logs vN pour le detail).
[2026-09-03 11:43:07] [SUCCESS] ✅ Bureau/export_synchro_sim_202410/publications__c_rattrapage.csv - historique copie (2 version(s))
[2026-09-03 11:43:07] [INFO] [222/12905] Bureau/export_synchro_sim_202410/publications_non_dispo.csv (1874726 o)
[2026-09-03 11:43:08] [INFO]    ⬇  Bureau/export_synchro_sim_202410/publications_non_dispo.csv
[2026-09-03 11:43:08] [INFO]    ⬆  Rejeu de 1 version(s) : Bureau/export_synchro_sim_202410/publications_non_dispo.csv
[2026-09-03 11:43:11] [WARN]       v1 EnsureUser echoue (fethy.faradji@infopro-digital.com) : EnsureUser 401 : {}
[2026-09-03 11:43:11] [WARN]       v1 VVI echoue : SP REST 401 : {}
[2026-09-03 11:43:12] [WARN]       v1 : auteur non restaure (VVI non valide) pour 'fethy.faradji@infopro-digital.com'
[2026-09-03 11:43:13] [INFO] Restauration auteur version: tentative via SharePoint VVI terminee (voir logs vN pour le detail).
[2026-09-03 11:43:13] [SUCCESS] ✅ Bureau/export_synchro_sim_202410/publications_non_dispo.csv - historique copie (1 version(s))
[2026-09-03 11:43:13] [INFO] [223/12905] Bureau/export_synchro_sim_202410/ref_compte.csv (5583359 o)
[2026-09-03 11:43:13] [INFO]    ⬇  Bureau/export_synchro_sim_202410/ref_compte.csv
[2026-09-03 11:43:14] [INFO]    ⬆  Rejeu de 1 version(s) : Bureau/export_synchro_sim_202410/ref_compte.csv
[2026-09-03 11:43:18] [WARN]       v1 EnsureUser echoue (fethy.faradji@infopro-digital.com) : EnsureUser 401 : {}
[2026-09-03 11:43:18] [WARN]       v1 VVI echoue : SP REST 401 : {}
[2026-09-03 11:43:19] [WARN]       v1 : auteur non restaure (VVI non valide) pour 'fethy.faradji@infopro-digital.com'
[2026-09-03 11:43:20] [INFO] Restauration auteur version: tentative via SharePoint VVI terminee (voir logs vN pour le detail).
[2026-09-03 11:43:20] [SUCCESS] ✅ Bureau/export_synchro_sim_202410/ref_compte.csv - historique copie (1 version(s))
[2026-09-03 11:43:20] [INFO] [224/12905] Bureau/export_synchro_sim_202410/referentiel.csv (140979848 o)
[2026-09-03 11:43:20] [INFO]    ⬇  Bureau/export_synchro_sim_202410/referentiel.csv
[2026-09-03 11:43:21] [INFO]    ⬆  Rejeu de 1 version(s) : Bureau/export_synchro_sim_202410/referentiel.csv
[2026-09-03 11:44:06] [ERROR] ❌ Bureau/export_synchro_sim_202410/referentiel.csv : Les dimensions du tableau dépassent la plage prise en charge.
[2026-09-03 11:44:06] [INFO] [225/12905] Bureau/export_synchro_sim_202410/referentiel_2.csv (52843466 o)
[2026-09-03 11:44:06] [INFO]    ⬇  Bureau/export_synchro_sim_202410/referentiel_2.csv
[2026-09-03 11:44:07] [INFO]    ⬆  Rejeu de 1 version(s) : Bureau/export_synchro_sim_202410/referentiel_2.csv
[2026-09-03 11:44:39] [WARN]       v1 EnsureUser echoue (fethy.faradji@infopro-digital.com) : EnsureUser 401 : {}
[2026-09-03 11:44:39] [WARN]       v1 VVI echoue : SP REST 401 : {}
[2026-09-03 11:44:39] [WARN]       v1 : auteur non restaure (VVI non valide) pour 'fethy.faradji@infopro-digital.com'
[2026-09-03 11:44:41] [INFO] Restauration auteur version: tentative via SharePoint VVI terminee (voir logs vN pour le detail).
[2026-09-03 11:44:41] [SUCCESS] ✅ Bureau/export_synchro_sim_202410/referentiel_2.csv - historique copie (1 version(s))
[2026-09-03 11:44:41] [INFO] [226/12905] Bureau/export_synchro_sim_202410/reférentielle_last.csv (144348236 o)
[2026-09-03 11:44:41] [INFO]    ⬇  Bureau/export_synchro_sim_202410/reférentielle_last.csv
[2026-09-03 11:44:42] [INFO]    ⬆  Rejeu de 1 version(s) : Bureau/export_synchro_sim_202410/reférentielle_last.csv
[2026-09-03 11:45:27] [ERROR] ❌ Bureau/export_synchro_sim_202410/reférentielle_last.csv : Les dimensions du tableau dépassent la plage prise en charge.
[2026-09-03 11:45:27] [INFO] [227/12905] Bureau/export_synchro_sim_202410/supp_publications.csv (683813 o)
[2026-09-03 11:45:27] [INFO]    ⬇  Bureau/export_synchro_sim_202410/supp_publications.csv
[2026-09-03 11:45:28] [INFO]    ⬆  Rejeu de 1 version(s) : Bureau/export_synchro_sim_202410/supp_publications.csv
[2026-09-03 11:45:30] [WARN]       v1 EnsureUser echoue (fethy.faradji@infopro-digital.com) : EnsureUser 401 : {}
[2026-09-03 11:45:30] [WARN]       v1 VVI echoue : SP REST 401 : {}
[2026-09-03 11:45:30] [WARN]       v1 : auteur non restaure (VVI non valide) pour 'fethy.faradji@infopro-digital.com'
[2026-09-03 11:45:32] [INFO] Restauration auteur version: tentative via SharePoint VVI terminee (voir logs vN pour le detail).
[2026-09-03 11:45:32] [SUCCESS] ✅ Bureau/export_synchro_sim_202410/supp_publications.csv - historique copie (1 version(s))
[2026-09-03 11:45:32] [INFO] [228/12905] Bureau/export_synchro_sim_202410/update_avis_date_de_creation__c.csv (6368383 o)
[2026-09-03 11:45:32] [INFO]    ⬇  Bureau/export_synchro_sim_202410/update_avis_date_de_creation__c.csv
[2026-09-03 11:45:33] [INFO]    ⬆  Rejeu de 2 version(s) : Bureau/export_synchro_sim_202410/update_avis_date_de_creation__c.csv
[2026-09-03 11:45:41] [WARN]       v1 EnsureUser echoue (fethy.faradji@infopro-digital.com) : EnsureUser 401 : {}
[2026-09-03 11:45:41] [WARN]       v1 VVI echoue : SP REST 401 : {}
[2026-09-03 11:45:42] [WARN]       v1 : auteur non restaure (VVI non valide) pour 'fethy.faradji@infopro-digital.com'
[2026-09-03 11:45:46] [WARN]       v2 EnsureUser echoue (fethy.faradji@infopro-digital.com) : EnsureUser 401 : {}
[2026-09-03 11:45:46] [WARN]       v2 VVI echoue : SP REST 401 : {}
[2026-09-03 11:45:47] [WARN]       v2 : auteur non restaure (VVI non valide) pour 'fethy.faradji@infopro-digital.com'
[2026-09-03 11:45:48] [INFO] Restauration auteur version: tentative via SharePoint VVI terminee (voir logs vN pour le detail).
[2026-09-03 11:45:48] [SUCCESS] ✅ Bureau/export_synchro_sim_202410/update_avis_date_de_creation__c.csv - historique copie (2 version(s))
[2026-09-03 11:45:48] [INFO] [229/12905] Bureau/export_synchro_sim_202410/update_publications__c.csv (19870 o)
[2026-09-03 11:45:49] [INFO]    ⬇  Bureau/export_synchro_sim_202410/update_publications__c.csv
[2026-09-03 11:45:50] [INFO]    ⬆  Rejeu de 2 version(s) : Bureau/export_synchro_sim_202410/update_publications__c.csv
[2026-09-03 11:45:51] [WARN]       v1 EnsureUser echoue (fethy.faradji@infopro-digital.com) : EnsureUser 401 : {}
[2026-09-03 11:45:52] [WARN]       v1 VVI echoue : SP REST 401 : {}
[2026-09-03 11:45:52] [WARN]       v1 : auteur non restaure (VVI non valide) pour 'fethy.faradji@infopro-digital.com'
[2026-09-03 11:45:53] [WARN]       v2 EnsureUser echoue (fethy.faradji@infopro-digital.com) : EnsureUser 401 : {}
[2026-09-03 11:45:53] [WARN]       v2 VVI echoue : SP REST 401 : {}
[2026-09-03 11:45:54] [WARN]       v2 : auteur non restaure (VVI non valide) pour 'fethy.faradji@infopro-digital.com'
[2026-09-03 11:45:55] [INFO] Restauration auteur version: tentative via SharePoint VVI terminee (voir logs vN pour le detail).
[2026-09-03 11:45:55] [SUCCESS] ✅ Bureau/export_synchro_sim_202410/update_publications__c.csv - historique copie (2 version(s))
[2026-09-03 11:45:55] [INFO] [230/12905] Bureau/INFOPRO DIGITAL (Prod)_files/1-easyvista-dependencies-bundle.min.js.téléchargement (214436 o)
[2026-09-03 11:45:55] [INFO]    ⬇  Bureau/INFOPRO DIGITAL (Prod)_files/1-easyvista-dependencies-bundle.min.js.téléchargement
[2026-09-03 11:45:56] [INFO]    ⬆  Rejeu de 1 version(s) : Bureau/INFOPRO DIGITAL (Prod)_files/1-easyvista-dependencies-bundle.min.js.téléchargement
[2026-09-03 11:45:58] [WARN]       v1 EnsureUser echoue (fethy.faradji@infopro-digital.com) : EnsureUser 401 : {}
[2026-09-03 11:45:58] [WARN]       v1 VVI echoue : SP REST 401 : {}
[2026-09-03 11:45:58] [WARN]       v1 : auteur non restaure (VVI non valide) pour 'fethy.faradji@infopro-digital.com'
[2026-09-03 11:46:00] [INFO] Restauration auteur version: tentative via SharePoint VVI terminee (voir logs vN pour le detail).
[2026-09-03 11:46:00] [SUCCESS] ✅ Bureau/INFOPRO DIGITAL (Prod)_files/1-easyvista-dependencies-bundle.min.js.téléchargement - historique copie (1 version(s))
[2026-09-03 11:46:00] [INFO] [231/12905] Bureau/INFOPRO DIGITAL (Prod)_files/2-evsm-dependencies-bundle.min.css (808571 o)
[2026-09-03 11:46:00] [INFO]    ⬇  Bureau/INFOPRO DIGITAL (Prod)_files/2-evsm-dependencies-bundle.min.css
[2026-09-03 11:46:01] [INFO]    ⬆  Rejeu de 1 version(s) : Bureau/INFOPRO DIGITAL (Prod)_files/2-evsm-dependencies-bundle.min.css
[2026-09-03 11:46:03] [WARN]       v1 EnsureUser echoue (fethy.faradji@infopro-digital.com) : EnsureUser 401 : {}
[2026-09-03 11:46:03] [WARN]       v1 VVI echoue : SP REST 401 : {}
[2026-09-03 11:46:04] [WARN]       v1 : auteur non restaure (VVI non valide) pour 'fethy.faradji@infopro-digital.com'
[2026-09-03 11:46:05] [INFO] Restauration auteur version: tentative via SharePoint VVI terminee (voir logs vN pour le detail).
[2026-09-03 11:46:06] [SUCCESS] ✅ Bureau/INFOPRO DIGITAL (Prod)_files/2-evsm-dependencies-bundle.min.css - historique copie (1 version(s))
[2026-09-03 11:46:06] [INFO] [232/12905] Bureau/INFOPRO DIGITAL (Prod)_files/2-evsm-dependencies-bundle.min.js.téléchargement (590603 o)
[2026-09-03 11:46:06] [INFO]    ⬇  Bureau/INFOPRO DIGITAL (Prod)_files/2-evsm-dependencies-bundle.min.js.téléchargement
[2026-09-03 11:46:07] [INFO]    ⬆  Rejeu de 1 version(s) : Bureau/INFOPRO DIGITAL (Prod)_files/2-evsm-dependencies-bundle.min.js.téléchargement
[2026-09-03 11:46:09] [WARN]       v1 EnsureUser echoue (fethy.faradji@infopro-digital.com) : EnsureUser 401 : {}
[2026-09-03 11:46:09] [WARN]       v1 VVI echoue : SP REST 401 : {}
[2026-09-03 11:46:10] [WARN]       v1 : auteur non restaure (VVI non valide) pour 'fethy.faradji@infopro-digital.com'
[2026-09-03 11:46:11] [INFO] Restauration auteur version: tentative via SharePoint VVI terminee (voir logs vN pour le detail).
[2026-09-03 11:46:11] [SUCCESS] ✅ Bureau/INFOPRO DIGITAL (Prod)_files/2-evsm-dependencies-bundle.min.js.téléchargement - historique copie (1 version(s))
[2026-09-03 11:46:11] [INFO] [233/12905] Bureau/INFOPRO DIGITAL (Prod)_files/3-easyvista-bundle.min.css (336782 o)
[2026-09-03 11:46:12] [INFO]    ⬇  Bureau/INFOPRO DIGITAL (Prod)_files/3-easyvista-bundle.min.css
[2026-09-03 11:46:12] [INFO]    ⬆  Rejeu de 1 version(s) : Bureau/INFOPRO DIGITAL (Prod)_files/3-easyvista-bundle.min.css
[2026-09-03 11:46:15] [WARN]       v1 EnsureUser echoue (fethy.faradji@infopro-digital.com) : EnsureUser 401 : {}
[2026-09-03 11:46:15] [WARN]       v1 VVI echoue : SP REST 401 : {}
[2026-09-03 11:46:15] [WARN]       v1 : auteur non restaure (VVI non valide) pour 'fethy.faradji@infopro-digital.com'
[2026-09-03 11:46:16] [INFO] Restauration auteur version: tentative via SharePoint VVI terminee (voir logs vN pour le detail).
[2026-09-03 11:46:16] [SUCCESS] ✅ Bureau/INFOPRO DIGITAL (Prod)_files/3-easyvista-bundle.min.css - historique copie (1 version(s))
[2026-09-03 11:46:17] [INFO] [234/12905] Bureau/INFOPRO DIGITAL (Prod)_files/3-easyvista-bundle.min.js.téléchargement (50663 o)
[2026-09-03 11:46:17] [INFO]    ⬇  Bureau/INFOPRO DIGITAL (Prod)_files/3-easyvista-bundle.min.js.téléchargement
[2026-09-03 11:46:18] [INFO]    ⬆  Rejeu de 1 version(s) : Bureau/INFOPRO DIGITAL (Prod)_files/3-easyvista-bundle.min.js.téléchargement
[2026-09-03 11:46:19] [WARN]       v1 EnsureUser echoue (fethy.faradji@infopro-digital.com) : EnsureUser 401 : {}
[2026-09-03 11:46:19] [WARN]       v1 VVI echoue : SP REST 401 : {}
[2026-09-03 11:46:20] [WARN]       v1 : auteur non restaure (VVI non valide) pour 'fethy.faradji@infopro-digital.com'
[2026-09-03 11:46:21] [INFO] Restauration auteur version: tentative via SharePoint VVI terminee (voir logs vN pour le detail).
[2026-09-03 11:46:21] [SUCCESS] ✅ Bureau/INFOPRO DIGITAL (Prod)_files/3-easyvista-bundle.min.js.téléchargement - historique copie (1 version(s))
[2026-09-03 11:46:21] [INFO] [235/12905] Bureau/INFOPRO DIGITAL (Prod)_files/4-evsm-bundle.min.css (414116 o)
[2026-09-03 11:46:21] [INFO]    ⬇  Bureau/INFOPRO DIGITAL (Prod)_files/4-evsm-bundle.min.css
[2026-09-03 11:46:22] [INFO]    ⬆  Rejeu de 1 version(s) : Bureau/INFOPRO DIGITAL (Prod)_files/4-evsm-bundle.min.css
[2026-09-03 11:46:25] [WARN]       v1 EnsureUser echoue (fethy.faradji@infopro-digital.com) : EnsureUser 401 : {}
[2026-09-03 11:46:25] [WARN]       v1 VVI echoue : SP REST 401 : {}
[2026-09-03 11:46:26] [WARN]       v1 : auteur non restaure (VVI non valide) pour 'fethy.faradji@infopro-digital.com'
[2026-09-03 11:46:27] [INFO] Restauration auteur version: tentative via SharePoint VVI terminee (voir logs vN pour le detail).
[2026-09-03 11:46:28] [SUCCESS] ✅ Bureau/INFOPRO DIGITAL (Prod)_files/4-evsm-bundle.min.css - historique copie (1 version(s))
[2026-09-03 11:46:28] [INFO] [236/12905] Bureau/INFOPRO DIGITAL (Prod)_files/4-evsm-bundle.min.js.téléchargement (192105 o)
[2026-09-03 11:46:28] [INFO]    ⬇  Bureau/INFOPRO DIGITAL (Prod)_files/4-evsm-bundle.min.js.téléchargement
[2026-09-03 11:46:29] [INFO]    ⬆  Rejeu de 1 version(s) : Bureau/INFOPRO DIGITAL (Prod)_files/4-evsm-bundle.min.js.téléchargement
[2026-09-03 11:46:30] [WARN]       v1 EnsureUser echoue (fethy.faradji@infopro-digital.com) : EnsureUser 401 : {}
[2026-09-03 11:46:30] [WARN]       v1 VVI echoue : SP REST 401 : {}
[2026-09-03 11:46:31] [WARN]       v1 : auteur non restaure (VVI non valide) pour 'fethy.faradji@infopro-digital.com'
[2026-09-03 11:46:33] [INFO] Restauration auteur version: tentative via SharePoint VVI terminee (voir logs vN pour le detail).
[2026-09-03 11:46:33] [SUCCESS] ✅ Bureau/INFOPRO DIGITAL (Prod)_files/4-evsm-bundle.min.js.téléchargement - historique copie (1 version(s))
[2026-09-03 11:46:33] [INFO] [237/12905] Bureau/INFOPRO DIGITAL (Prod)_files/5-evsm-next-bundle.min.js.téléchargement (119950 o)
[2026-09-03 11:46:33] [INFO]    ⬇  Bureau/INFOPRO DIGITAL (Prod)_files/5-evsm-next-bundle.min.js.téléchargement
[2026-09-03 11:46:34] [INFO]    ⬆  Rejeu de 1 version(s) : Bureau/INFOPRO DIGITAL (Prod)_files/5-evsm-next-bundle.min.js.téléchargement
[2026-09-03 11:46:36] [WARN]       v1 EnsureUser echoue (fethy.faradji@infopro-digital.com) : EnsureUser 401 : {}
[2026-09-03 11:46:36] [WARN]       v1 VVI echoue : SP REST 401 : {}
[2026-09-03 11:46:36] [WARN]       v1 : auteur non restaure (VVI non valide) pour 'fethy.faradji@infopro-digital.com'
[2026-09-03 11:46:38] [INFO] Restauration auteur version: tentative via SharePoint VVI terminee (voir logs vN pour le detail).
[2026-09-03 11:46:38] [SUCCESS] ✅ Bureau/INFOPRO DIGITAL (Prod)_files/5-evsm-next-bundle.min.js.téléchargement - historique copie (1 version(s))
[2026-09-03 11:46:38] [INFO] [238/12905] Bureau/INFOPRO DIGITAL (Prod)_files/6-optimized-bundle.min.css (128667 o)
[2026-09-03 11:46:38] [INFO]    ⬇  Bureau/INFOPRO DIGITAL (Prod)_files/6-optimized-bundle.min.css
[2026-09-03 11:46:39] [INFO]    ⬆  Rejeu de 1 version(s) : Bureau/INFOPRO DIGITAL (Prod)_files/6-optimized-bundle.min.css
[2026-09-03 11:46:41] [WARN]       v1 EnsureUser echoue (fethy.faradji@infopro-digital.com) : EnsureUser 401 : {}
[2026-09-03 11:46:41] [WARN]       v1 VVI echoue : SP REST 401 : {}
[2026-09-03 11:46:41] [WARN]       v1 : auteur non restaure (VVI non valide) pour 'fethy.faradji@infopro-digital.com'
[2026-09-03 11:46:43] [INFO] Restauration auteur version: tentative via SharePoint VVI terminee (voir logs vN pour le detail).
[2026-09-03 11:46:43] [SUCCESS] ✅ Bureau/INFOPRO DIGITAL (Prod)_files/6-optimized-bundle.min.css - historique copie (1 version(s))
[2026-09-03 11:46:43] [INFO] [239/12905] Bureau/INFOPRO DIGITAL (Prod)_files/6-optimized-bundle.min.js.téléchargement (660907 o)
[2026-09-03 11:46:43] [INFO]    ⬇  Bureau/INFOPRO DIGITAL (Prod)_files/6-optimized-bundle.min.js.téléchargement
[2026-09-03 11:46:44] [INFO]    ⬆  Rejeu de 1 version(s) : Bureau/INFOPRO DIGITAL (Prod)_files/6-optimized-bundle.min.js.téléchargement
[2026-09-03 11:46:46] [WARN]       v1 EnsureUser echoue (fethy.faradji@infopro-digital.com) : EnsureUser 401 : {}
[2026-09-03 11:46:46] [WARN]       v1 VVI echoue : SP REST 401 : {}
[2026-09-03 11:46:46] [WARN]       v1 : auteur non restaure (VVI non valide) pour 'fethy.faradji@infopro-digital.com'
[2026-09-03 11:46:47] [INFO] Restauration auteur version: tentative via SharePoint VVI terminee (voir logs vN pour le detail).
[2026-09-03 11:46:48] [SUCCESS] ✅ Bureau/INFOPRO DIGITAL (Prod)_files/6-optimized-bundle.min.js.téléchargement - historique copie (1 version(s))
[2026-09-03 11:46:48] [INFO] [240/12905] Bureau/INFOPRO DIGITAL (Prod)_files/7-notifications-client-bundle.min.css (126 o)
[2026-09-03 11:46:48] [INFO]    ⬇  Bureau/INFOPRO DIGITAL (Prod)_files/7-notifications-client-bundle.min.css
[2026-09-03 11:46:48] [INFO]    ⬆  Rejeu de 1 version(s) : Bureau/INFOPRO DIGITAL (Prod)_files/7-notifications-client-bundle.min.css
[2026-09-03 11:46:50] [WARN]       v1 EnsureUser echoue (fethy.faradji@infopro-digital.com) : EnsureUser 401 : {}
[2026-09-03 11:46:50] [WARN]       v1 VVI echoue : SP REST 401 : {}
[2026-09-03 11:46:51] [WARN]       v1 : auteur non restaure (VVI non valide) pour 'fethy.faradji@infopro-digital.com'
[2026-09-03 11:46:52] [INFO] Restauration auteur version: tentative via SharePoint VVI terminee (voir logs vN pour le detail).
[2026-09-03 11:46:52] [SUCCESS] ✅ Bureau/INFOPRO DIGITAL (Prod)_files/7-notifications-client-bundle.min.css - historique copie (1 version(s))
[2026-09-03 11:46:52] [INFO] [241/12905] Bureau/INFOPRO DIGITAL (Prod)_files/7-notifications-client-bundle.min.js.téléchargement (34921 o)
[2026-09-03 11:46:52] [INFO]    ⬇  Bureau/INFOPRO DIGITAL (Prod)_files/7-notifications-client-bundle.min.js.téléchargement
[2026-09-03 11:46:53] [INFO]    ⬆  Rejeu de 1 version(s) : Bureau/INFOPRO DIGITAL (Prod)_files/7-notifications-client-bundle.min.js.téléchargement
[2026-09-03 11:46:55] [WARN]       v1 EnsureUser echoue (fethy.faradji@infopro-digital.com) : EnsureUser 401 : {}
[2026-09-03 11:46:55] [WARN]       v1 VVI echoue : SP REST 401 : {}
[2026-09-03 11:46:55] [WARN]       v1 : auteur non restaure (VVI non valide) pour 'fethy.faradji@infopro-digital.com'
[2026-09-03 11:46:56] [INFO] Restauration auteur version: tentative via SharePoint VVI terminee (voir logs vN pour le detail).
[2026-09-03 11:46:57] [SUCCESS] ✅ Bureau/INFOPRO DIGITAL (Prod)_files/7-notifications-client-bundle.min.js.téléchargement - historique copie (1 version(s))
[2026-09-03 11:46:57] [INFO] [242/12905] Bureau/INFOPRO DIGITAL (Prod)_files/8-ui-ux-bundle.min.css (779075 o)
[2026-09-03 11:46:57] [INFO]    ⬇  Bureau/INFOPRO DIGITAL (Prod)_files/8-ui-ux-bundle.min.css
[2026-09-03 11:46:58] [INFO]    ⬆  Rejeu de 1 version(s) : Bureau/INFOPRO DIGITAL (Prod)_files/8-ui-ux-bundle.min.css
[2026-09-03 11:47:00] [WARN]       v1 EnsureUser echoue (fethy.faradji@infopro-digital.com) : EnsureUser 401 : {}
[2026-09-03 11:47:00] [WARN]       v1 VVI echoue : SP REST 401 : {}
[2026-09-03 11:47:00] [WARN]       v1 : auteur non restaure (VVI non valide) pour 'fethy.faradji@infopro-digital.com'
[2026-09-03 11:47:02] [INFO] Restauration auteur version: tentative via SharePoint VVI terminee (voir logs vN pour le detail).
[2026-09-03 11:47:02] [SUCCESS] ✅ Bureau/INFOPRO DIGITAL (Prod)_files/8-ui-ux-bundle.min.css - historique copie (1 version(s))
[2026-09-03 11:47:02] [INFO] [243/12905] Bureau/INFOPRO DIGITAL (Prod)_files/9-themes-bundle.min.css (272381 o)
[2026-09-03 11:47:02] [INFO]    ⬇  Bureau/INFOPRO DIGITAL (Prod)_files/9-themes-bundle.min.css
[2026-09-03 11:47:03] [INFO]    ⬆  Rejeu de 1 version(s) : Bureau/INFOPRO DIGITAL (Prod)_files/9-themes-bundle.min.css
[2026-09-03 11:47:05] [WARN]       v1 EnsureUser echoue (fethy.faradji@infopro-digital.com) : EnsureUser 401 : {}
[2026-09-03 11:47:05] [WARN]       v1 VVI echoue : SP REST 401 : {}
[2026-09-03 11:47:06] [WARN]       v1 : auteur non restaure (VVI non valide) pour 'fethy.faradji@infopro-digital.com'
[2026-09-03 11:47:07] [INFO] Restauration auteur version: tentative via SharePoint VVI terminee (voir logs vN pour le detail).
[2026-09-03 11:47:08] [SUCCESS] ✅ Bureau/INFOPRO DIGITAL (Prod)_files/9-themes-bundle.min.css - historique copie (1 version(s))
[2026-09-03 11:47:08] [INFO] [244/12905] Bureau/INFOPRO DIGITAL (Prod)_files/add-ico.png (284 o)
[2026-09-03 11:47:08] [INFO]    ⬇  Bureau/INFOPRO DIGITAL (Prod)_files/add-ico.png
[2026-09-03 11:47:09] [INFO]    ⬆  Rejeu de 1 version(s) : Bureau/INFOPRO DIGITAL (Prod)_files/add-ico.png
[2026-09-03 11:47:11] [WARN]       v1 EnsureUser echoue (fethy.faradji@infopro-digital.com) : EnsureUser 401 : {}
[2026-09-03 11:47:11] [WARN]       v1 VVI echoue : SP REST 401 : {}
[2026-09-03 11:47:11] [WARN]       v1 : auteur non restaure (VVI non valide) pour 'fethy.faradji@infopro-digital.com'
[2026-09-03 11:47:12] [INFO] Restauration auteur version: tentative via SharePoint VVI terminee (voir logs vN pour le detail).
[2026-09-03 11:47:12] [SUCCESS] ✅ Bureau/INFOPRO DIGITAL (Prod)_files/add-ico.png - historique copie (1 version(s))
[2026-09-03 11:47:12] [INFO] [245/12905] Bureau/INFOPRO DIGITAL (Prod)_files/anychart-bundle.min.js.téléchargement (4137241 o)
[2026-09-03 11:47:13] [INFO]    ⬇  Bureau/INFOPRO DIGITAL (Prod)_files/anychart-bundle.min.js.téléchargement
[2026-09-03 11:47:14] [INFO]    ⬆  Rejeu de 1 version(s) : Bureau/INFOPRO DIGITAL (Prod)_files/anychart-bundle.min.js.téléchargement
[2026-09-03 11:47:18] [WARN]       v1 EnsureUser echoue (fethy.faradji@infopro-digital.com) : EnsureUser 401 : {}
[2026-09-03 11:47:18] [WARN]       v1 VVI echoue : SP REST 401 : {}
[2026-09-03 11:47:19] [WARN]       v1 : auteur non restaure (VVI non valide) pour 'fethy.faradji@infopro-digital.com'
[2026-09-03 11:47:20] [INFO] Restauration auteur version: tentative via SharePoint VVI terminee (voir logs vN pour le detail).
[2026-09-03 11:47:20] [SUCCESS] ✅ Bureau/INFOPRO DIGITAL (Prod)_files/anychart-bundle.min.js.téléchargement - historique copie (1 version(s))
[2026-09-03 11:47:20] [INFO] [246/12905] Bureau/INFOPRO DIGITAL (Prod)_files/codemirror-bundle.min.js.téléchargement (307049 o)
[2026-09-03 11:47:20] [INFO]    ⬇  Bureau/INFOPRO DIGITAL (Prod)_files/codemirror-bundle.min.js.téléchargement
[2026-09-03 11:47:22] [INFO]    ⬆  Rejeu de 1 version(s) : Bureau/INFOPRO DIGITAL (Prod)_files/codemirror-bundle.min.js.téléchargement
[2026-09-03 11:47:24] [WARN]       v1 EnsureUser echoue (fethy.faradji@infopro-digital.com) : EnsureUser 401 : {}
[2026-09-03 11:47:24] [WARN]       v1 VVI echoue : SP REST 401 : {}
[2026-09-03 11:47:25] [WARN]       v1 : auteur non restaure (VVI non valide) pour 'fethy.faradji@infopro-digital.com'
[2026-09-03 11:47:27] [INFO] Restauration auteur version: tentative via SharePoint VVI terminee (voir logs vN pour le detail).
[2026-09-03 11:47:27] [SUCCESS] ✅ Bureau/INFOPRO DIGITAL (Prod)_files/codemirror-bundle.min.js.téléchargement - historique copie (1 version(s))
[2026-09-03 11:47:27] [INFO] [247/12905] Bureau/INFOPRO DIGITAL (Prod)_files/common.js.téléchargement (1427 o)
[2026-09-03 11:47:27] [INFO]    ⬇  Bureau/INFOPRO DIGITAL (Prod)_files/common.js.téléchargement
[2026-09-03 11:47:28] [INFO]    ⬆  Rejeu de 1 version(s) : Bureau/INFOPRO DIGITAL (Prod)_files/common.js.téléchargement
[2026-09-03 11:47:30] [WARN]       v1 EnsureUser echoue (fethy.faradji@infopro-digital.com) : EnsureUser 401 : {}
[2026-09-03 11:47:30] [WARN]       v1 VVI echoue : SP REST 401 : {}
[2026-09-03 11:47:31] [WARN]       v1 : auteur non restaure (VVI non valide) pour 'fethy.faradji@infopro-digital.com'
[2026-09-03 11:47:32] [INFO] Restauration auteur version: tentative via SharePoint VVI terminee (voir logs vN pour le detail).
[2026-09-03 11:47:32] [SUCCESS] ✅ Bureau/INFOPRO DIGITAL (Prod)_files/common.js.téléchargement - historique copie (1 version(s))
[2026-09-03 11:47:32] [INFO] [248/12905] Bureau/INFOPRO DIGITAL (Prod)_files/core-js-bundle.min.js.téléchargement (171935 o)
[2026-09-03 11:47:32] [INFO]    ⬇  Bureau/INFOPRO DIGITAL (Prod)_files/core-js-bundle.min.js.téléchargement
[2026-09-03 11:47:33] [INFO]    ⬆  Rejeu de 1 version(s) : Bureau/INFOPRO DIGITAL (Prod)_files/core-js-bundle.min.js.téléchargement
[2026-09-03 11:47:35] [WARN]       v1 EnsureUser echoue (fethy.faradji@infopro-digital.com) : EnsureUser 401 : {}
[2026-09-03 11:47:35] [WARN]       v1 VVI echoue : SP REST 401 : {}
[2026-09-03 11:47:36] [WARN]       v1 : auteur non restaure (VVI non valide) pour 'fethy.faradji@infopro-digital.com'
[2026-09-03 11:47:37] [INFO] Restauration auteur version: tentative via SharePoint VVI terminee (voir logs vN pour le detail).
[2026-09-03 11:47:37] [SUCCESS] ✅ Bureau/INFOPRO DIGITAL (Prod)_files/core-js-bundle.min.js.téléchargement - historique copie (1 version(s))
[2026-09-03 11:47:37] [INFO] [249/12905] Bureau/INFOPRO DIGITAL (Prod)_files/customer_optimized.css (0 o)
[2026-09-03 11:47:37] [INFO]    ⬇  Bureau/INFOPRO DIGITAL (Prod)_files/customer_optimized.css
[2026-09-03 11:47:38] [INFO]    ⬆  Rejeu de 1 version(s) : Bureau/INFOPRO DIGITAL (Prod)_files/customer_optimized.css
[2026-09-03 11:47:39] [ERROR] ❌ Bureau/INFOPRO DIGITAL (Prod)_files/customer_optimized.css : Exception lors de l'appel de « .ctor » avec « 1 » argument(s) : « La valeur ne peut pas être null.
Nom du paramètre : content »
[2026-09-03 11:47:39] [INFO] [250/12905] Bureau/INFOPRO DIGITAL (Prod)_files/datepicker-fr.js.téléchargement (1344 o)
[2026-09-03 11:47:40] [INFO]    ⬇  Bureau/INFOPRO DIGITAL (Prod)_files/datepicker-fr.js.téléchargement
[2026-09-03 11:47:41] [INFO]    ⬆  Rejeu de 1 version(s) : Bureau/INFOPRO DIGITAL (Prod)_files/datepicker-fr.js.téléchargement
[2026-09-03 11:47:42] [WARN]       v1 EnsureUser echoue (fethy.faradji@infopro-digital.com) : EnsureUser 401 : {}
[2026-09-03 11:47:42] [WARN]       v1 VVI echoue : SP REST 401 : {}
[2026-09-03 11:47:43] [WARN]       v1 : auteur non restaure (VVI non valide) pour 'fethy.faradji@infopro-digital.com'
[2026-09-03 11:47:44] [INFO] Restauration auteur version: tentative via SharePoint VVI terminee (voir logs vN pour le detail).
[2026-09-03 11:47:44] [SUCCESS] ✅ Bureau/INFOPRO DIGITAL (Prod)_files/datepicker-fr.js.téléchargement - historique copie (1 version(s))
[2026-09-03 11:47:44] [INFO] [251/12905] Bureau/INFOPRO DIGITAL (Prod)_files/dropzone-bundle.min.js.téléchargement (117164 o)
[2026-09-03 11:47:44] [INFO]    ⬇  Bureau/INFOPRO DIGITAL (Prod)_files/dropzone-bundle.min.js.téléchargement
[2026-09-03 11:47:45] [INFO]    ⬆  Rejeu de 1 version(s) : Bureau/INFOPRO DIGITAL (Prod)_files/dropzone-bundle.min.js.téléchargement
[2026-09-03 11:47:46] [WARN]       v1 EnsureUser echoue (fethy.faradji@infopro-digital.com) : EnsureUser 401 : {}
[2026-09-03 11:47:46] [WARN]       v1 VVI echoue : SP REST 401 : {}
[2026-09-03 11:47:47] [WARN]       v1 : auteur non restaure (VVI non valide) pour 'fethy.faradji@infopro-digital.com'
[2026-09-03 11:47:48] [INFO] Restauration auteur version: tentative via SharePoint VVI terminee (voir logs vN pour le detail).
[2026-09-03 11:47:48] [SUCCESS] ✅ Bureau/INFOPRO DIGITAL (Prod)_files/dropzone-bundle.min.js.téléchargement - historique copie (1 version(s))
[2026-09-03 11:47:48] [INFO] [252/12905] Bureau/INFOPRO DIGITAL (Prod)_files/easyvista.ev-components.ai-pepper-front-bundle.min.js.téléchargement (23417 o)
[2026-09-03 11:47:49] [INFO]    ⬇  Bureau/INFOPRO DIGITAL (Prod)_files/easyvista.ev-components.ai-pepper-front-bundle.min.js.téléchargement
[2026-09-03 11:47:49] [INFO]    ⬆  Rejeu de 1 version(s) : Bureau/INFOPRO DIGITAL (Prod)_files/easyvista.ev-components.ai-pepper-front-bundle.min.js.téléchargement
[2026-09-03 11:47:51] [WARN]       v1 EnsureUser echoue (fethy.faradji@infopro-digital.com) : EnsureUser 401 : {}
[2026-09-03 11:47:51] [WARN]       v1 VVI echoue : SP REST 401 : {}
[2026-09-03 11:47:51] [WARN]       v1 : auteur non restaure (VVI non valide) pour 'fethy.faradji@infopro-digital.com'
[2026-09-03 11:48:02] [INFO] Restauration auteur version: tentative via SharePoint VVI terminee (voir logs vN pour le detail).
[2026-09-03 11:48:02] [SUCCESS] ✅ Bureau/INFOPRO DIGITAL (Prod)_files/easyvista.ev-components.ai-pepper-front-bundle.min.js.téléchargement - historique copie (1 version(s))
[2026-09-03 11:48:02] [INFO] [253/12905] Bureau/INFOPRO DIGITAL (Prod)_files/easyvista.ev-components.atomic-components-bundle.min.js.téléchargement (3822009 o)
[2026-09-03 11:48:02] [INFO]    ⬇  Bureau/INFOPRO DIGITAL (Prod)_files/easyvista.ev-components.atomic-components-bundle.min.js.téléchargement
[2026-09-03 11:48:03] [INFO]    ⬆  Rejeu de 1 version(s) : Bureau/INFOPRO DIGITAL (Prod)_files/easyvista.ev-components.atomic-components-bundle.min.js.téléchargement
[2026-09-03 11:48:08] [WARN]       v1 EnsureUser echoue (fethy.faradji@infopro-digital.com) : EnsureUser 401 : {}
[2026-09-03 11:48:08] [WARN]       v1 VVI echoue : SP REST 401 : {}
[2026-09-03 11:48:09] [WARN]       v1 : auteur non restaure (VVI non valide) pour 'fethy.faradji@infopro-digital.com'
[2026-09-03 11:48:10] [INFO] Restauration auteur version: tentative via SharePoint VVI terminee (voir logs vN pour le detail).
[2026-09-03 11:48:10] [SUCCESS] ✅ Bureau/INFOPRO DIGITAL (Prod)_files/easyvista.ev-components.atomic-components-bundle.min.js.téléchargement - historique copie (1 version(s))
[2026-09-03 11:48:10] [INFO] [254/12905] Bureau/INFOPRO DIGITAL (Prod)_files/easyvista.ev-components.client-commons-bundle.min.js.téléchargement (26965 o)
[2026-09-03 11:48:10] [INFO]    ⬇  Bureau/INFOPRO DIGITAL (Prod)_files/easyvista.ev-components.client-commons-bundle.min.js.téléchargement
[2026-09-03 11:48:11] [INFO]    ⬆  Rejeu de 1 version(s) : Bureau/INFOPRO DIGITAL (Prod)_files/easyvista.ev-components.client-commons-bundle.min.js.téléchargement
[2026-09-03 11:48:13] [WARN]       v1 EnsureUser echoue (fethy.faradji@infopro-digital.com) : EnsureUser 401 : {}
[2026-09-03 11:48:13] [WARN]       v1 VVI echoue : SP REST 401 : {}
[2026-09-03 11:48:13] [WARN]       v1 : auteur non restaure (VVI non valide) pour 'fethy.faradji@infopro-digital.com'
[2026-09-03 11:48:15] [INFO] Restauration auteur version: tentative via SharePoint VVI terminee (voir logs vN pour le detail).
[2026-09-03 11:48:15] [SUCCESS] ✅ Bureau/INFOPRO DIGITAL (Prod)_files/easyvista.ev-components.client-commons-bundle.min.js.téléchargement - historique copie (1 version(s))
[2026-09-03 11:48:15] [INFO] [255/12905] Bureau/INFOPRO DIGITAL (Prod)_files/easyvista.ev-components.cmdb-bundle.min.js.téléchargement (898223 o)
[2026-09-03 11:48:15] [INFO]    ⬇  Bureau/INFOPRO DIGITAL (Prod)_files/easyvista.ev-components.cmdb-bundle.min.js.téléchargement
[2026-09-03 11:48:16] [INFO]    ⬆  Rejeu de 1 version(s) : Bureau/INFOPRO DIGITAL (Prod)_files/easyvista.ev-components.cmdb-bundle.min.js.téléchargement
[2026-09-03 11:48:18] [WARN]       v1 EnsureUser echoue (fethy.faradji@infopro-digital.com) : EnsureUser 401 : {}
[2026-09-03 11:48:18] [WARN]       v1 VVI echoue : SP REST 401 : {}
[2026-09-03 11:48:18] [WARN]       v1 : auteur non restaure (VVI non valide) pour 'fethy.faradji@infopro-digital.com'
[2026-09-03 11:48:21] [INFO] Restauration auteur version: tentative via SharePoint VVI terminee (voir logs vN pour le detail).
[2026-09-03 11:48:21] [SUCCESS] ✅ Bureau/INFOPRO DIGITAL (Prod)_files/easyvista.ev-components.cmdb-bundle.min.js.téléchargement - historique copie (1 version(s))
[2026-09-03 11:48:21] [INFO] [256/12905] Bureau/INFOPRO DIGITAL (Prod)_files/easyvista.ev-components.discussion-bundle.min.js.téléchargement (175220 o)
[2026-09-03 11:48:22] [INFO]    ⬇  Bureau/INFOPRO DIGITAL (Prod)_files/easyvista.ev-components.discussion-bundle.min.js.téléchargement
[2026-09-03 11:48:23] [INFO]    ⬆  Rejeu de 1 version(s) : Bureau/INFOPRO DIGITAL (Prod)_files/easyvista.ev-components.discussion-bundle.min.js.téléchargement
[2026-09-03 11:48:24] [WARN]       v1 EnsureUser echoue (fethy.faradji@infopro-digital.com) : EnsureUser 401 : {}
[2026-09-03 11:48:24] [WARN]       v1 VVI echoue : SP REST 401 : {}
[2026-09-03 11:48:25] [WARN]       v1 : auteur non restaure (VVI non valide) pour 'fethy.faradji@infopro-digital.com'
[2026-09-03 11:48:26] [INFO] Restauration auteur version: tentative via SharePoint VVI terminee (voir logs vN pour le detail).
[2026-09-03 11:48:26] [SUCCESS] ✅ Bureau/INFOPRO DIGITAL (Prod)_files/easyvista.ev-components.discussion-bundle.min.js.téléchargement - historique copie (1 version(s))
[2026-09-03 11:48:26] [INFO] [257/12905] Bureau/INFOPRO DIGITAL (Prod)_files/easyvista.ev-components.ev-ai-bundle.min.js.téléchargement (12777 o)
[2026-09-03 11:48:26] [INFO]    ⬇  Bureau/INFOPRO DIGITAL (Prod)_files/easyvista.ev-components.ev-ai-bundle.min.js.téléchargement
[2026-09-03 11:48:27] [INFO]    ⬆  Rejeu de 1 version(s) : Bureau/INFOPRO DIGITAL (Prod)_files/easyvista.ev-components.ev-ai-bundle.min.js.téléchargement
[2026-09-03 11:48:29] [WARN]       v1 EnsureUser echoue (fethy.faradji@infopro-digital.com) : EnsureUser 401 : {}
[2026-09-03 11:48:29] [WARN]       v1 VVI echoue : SP REST 401 : {}
[2026-09-03 11:48:30] [WARN]       v1 : auteur non restaure (VVI non valide) pour 'fethy.faradji@infopro-digital.com'
[2026-09-03 11:48:32] [INFO] Restauration auteur version: tentative via SharePoint VVI terminee (voir logs vN pour le detail).
[2026-09-03 11:48:32] [SUCCESS] ✅ Bureau/INFOPRO DIGITAL (Prod)_files/easyvista.ev-components.ev-ai-bundle.min.js.téléchargement - historique copie (1 version(s))
[2026-09-03 11:48:33] [INFO] [258/12905] Bureau/INFOPRO DIGITAL (Prod)_files/easyvista.ev-components.ev-generic-forms-bundle.min.js.téléchargement (107134 o)
[2026-09-03 11:48:33] [INFO]    ⬇  Bureau/INFOPRO DIGITAL (Prod)_files/easyvista.ev-components.ev-generic-forms-bundle.min.js.téléchargement
[2026-09-03 11:48:34] [INFO]    ⬆  Rejeu de 1 version(s) : Bureau/INFOPRO DIGITAL (Prod)_files/easyvista.ev-components.ev-generic-forms-bundle.min.js.téléchargement
[2026-09-03 11:48:35] [WARN]       v1 EnsureUser echoue (fethy.faradji@infopro-digital.com) : EnsureUser 401 : {}
[2026-09-03 11:48:35] [WARN]       v1 VVI echoue : SP REST 401 : {}
[2026-09-03 11:48:35] [WARN]       v1 : auteur non restaure (VVI non valide) pour 'fethy.faradji@infopro-digital.com'
[2026-09-03 11:48:36] [INFO] Restauration auteur version: tentative via SharePoint VVI terminee (voir logs vN pour le detail).
[2026-09-03 11:48:36] [SUCCESS] ✅ Bureau/INFOPRO DIGITAL (Prod)_files/easyvista.ev-components.ev-generic-forms-bundle.min.js.téléchargement - historique copie (1 version(s))
[2026-09-03 11:48:36] [INFO] [259/12905] Bureau/INFOPRO DIGITAL (Prod)_files/easyvista.ev-components.ev-insights-bundle.min.js.téléchargement (3856195 o)
[2026-09-03 11:48:37] [INFO]    ⬇  Bureau/INFOPRO DIGITAL (Prod)_files/easyvista.ev-components.ev-insights-bundle.min.js.téléchargement
[2026-09-03 11:48:37] [INFO]    ⬆  Rejeu de 1 version(s) : Bureau/INFOPRO DIGITAL (Prod)_files/easyvista.ev-components.ev-insights-bundle.min.js.téléchargement
[2026-09-03 11:48:41] [WARN]       v1 EnsureUser echoue (fethy.faradji@infopro-digital.com) : EnsureUser 401 : {}
[2026-09-03 11:48:41] [WARN]       v1 VVI echoue : SP REST 401 : {}
[2026-09-03 11:48:41] [WARN]       v1 : auteur non restaure (VVI non valide) pour 'fethy.faradji@infopro-digital.com'
[2026-09-03 11:48:42] [INFO] Restauration auteur version: tentative via SharePoint VVI terminee (voir logs vN pour le detail).
[2026-09-03 11:48:42] [SUCCESS] ✅ Bureau/INFOPRO DIGITAL (Prod)_files/easyvista.ev-components.ev-insights-bundle.min.js.téléchargement - historique copie (1 version(s))
[2026-09-03 11:48:42] [INFO] [260/12905] Bureau/INFOPRO DIGITAL (Prod)_files/easyvista.ev-components.ev-wysiwyg-bundle.min.js.téléchargement (2721352 o)
[2026-09-03 11:48:43] [INFO]    ⬇  Bureau/INFOPRO DIGITAL (Prod)_files/easyvista.ev-components.ev-wysiwyg-bundle.min.js.téléchargement
[2026-09-03 11:48:44] [INFO]    ⬆  Rejeu de 1 version(s) : Bureau/INFOPRO DIGITAL (Prod)_files/easyvista.ev-components.ev-wysiwyg-bundle.min.js.téléchargement
[2026-09-03 11:48:47] [WARN]       v1 EnsureUser echoue (fethy.faradji@infopro-digital.com) : EnsureUser 401 : {}
[2026-09-03 11:48:47] [WARN]       v1 VVI echoue : SP REST 401 : {}
[2026-09-03 11:48:48] [WARN]       v1 : auteur non restaure (VVI non valide) pour 'fethy.faradji@infopro-digital.com'
[2026-09-03 11:48:49] [INFO] Restauration auteur version: tentative via SharePoint VVI terminee (voir logs vN pour le detail).
[2026-09-03 11:48:49] [SUCCESS] ✅ Bureau/INFOPRO DIGITAL (Prod)_files/easyvista.ev-components.ev-wysiwyg-bundle.min.js.téléchargement - historique copie (1 version(s))
[2026-09-03 11:48:49] [INFO] [261/12905] Bureau/INFOPRO DIGITAL (Prod)_files/easyvista.ev-components.theme-management-bundle.min.js.téléchargement (38629 o)
[2026-09-03 11:48:49] [INFO]    ⬇  Bureau/INFOPRO DIGITAL (Prod)_files/easyvista.ev-components.theme-management-bundle.min.js.téléchargement
[2026-09-03 11:48:50] [INFO]    ⬆  Rejeu de 1 version(s) : Bureau/INFOPRO DIGITAL (Prod)_files/easyvista.ev-components.theme-management-bundle.min.js.téléchargement
[2026-09-03 11:48:51] [WARN]       v1 EnsureUser echoue (fethy.faradji@infopro-digital.com) : EnsureUser 401 : {}
[2026-09-03 11:48:51] [WARN]       v1 VVI echoue : SP REST 401 : {}
[2026-09-03 11:48:52] [WARN]       v1 : auteur non restaure (VVI non valide) pour 'fethy.faradji@infopro-digital.com'
[2026-09-03 11:48:53] [INFO] Restauration auteur version: tentative via SharePoint VVI terminee (voir logs vN pour le detail).
[2026-09-03 11:48:53] [SUCCESS] ✅ Bureau/INFOPRO DIGITAL (Prod)_files/easyvista.ev-components.theme-management-bundle.min.js.téléchargement - historique copie (1 version(s))
[2026-09-03 11:48:53] [INFO] [262/12905] Bureau/INFOPRO DIGITAL (Prod)_files/easyvista.ev-grid-bundle.min.js.téléchargement (12817228 o)
[2026-09-03 11:48:53] [INFO]    ⬇  Bureau/INFOPRO DIGITAL (Prod)_files/easyvista.ev-grid-bundle.min.js.téléchargement
[2026-09-03 11:48:54] [INFO]    ⬆  Rejeu de 1 version(s) : Bureau/INFOPRO DIGITAL (Prod)_files/easyvista.ev-grid-bundle.min.js.téléchargement
[2026-09-03 11:49:03] [WARN]       v1 EnsureUser echoue (fethy.faradji@infopro-digital.com) : EnsureUser 401 : {}
[2026-09-03 11:49:03] [WARN]       v1 VVI echoue : SP REST 401 : {}
[2026-09-03 11:49:03] [WARN]       v1 : auteur non restaure (VVI non valide) pour 'fethy.faradji@infopro-digital.com'
[2026-09-03 11:49:05] [INFO] Restauration auteur version: tentative via SharePoint VVI terminee (voir logs vN pour le detail).
[2026-09-03 11:49:05] [SUCCESS] ✅ Bureau/INFOPRO DIGITAL (Prod)_files/easyvista.ev-grid-bundle.min.js.téléchargement - historique copie (1 version(s))
[2026-09-03 11:49:05] [INFO] [263/12905] Bureau/INFOPRO DIGITAL (Prod)_files/employee (1653 o)
[2026-09-03 11:49:05] [INFO]    ⬇  Bureau/INFOPRO DIGITAL (Prod)_files/employee
[2026-09-03 11:49:06] [INFO]    ⬆  Rejeu de 1 version(s) : Bureau/INFOPRO DIGITAL (Prod)_files/employee
[2026-09-03 11:49:07] [WARN]       v1 EnsureUser echoue (fethy.faradji@infopro-digital.com) : EnsureUser 401 : {}
[2026-09-03 11:49:07] [WARN]       v1 VVI echoue : SP REST 401 : {}
[2026-09-03 11:49:08] [WARN]       v1 : auteur non restaure (VVI non valide) pour 'fethy.faradji@infopro-digital.com'
[2026-09-03 11:49:09] [INFO] Restauration auteur version: tentative via SharePoint VVI terminee (voir logs vN pour le detail).
[2026-09-03 11:49:10] [SUCCESS] ✅ Bureau/INFOPRO DIGITAL (Prod)_files/employee - historique copie (1 version(s))
[2026-09-03 11:49:10] [INFO] [264/12905] Bureau/INFOPRO DIGITAL (Prod)_files/form-bundle.min.css (16973 o)
[2026-09-03 11:49:10] [INFO]    ⬇  Bureau/INFOPRO DIGITAL (Prod)_files/form-bundle.min.css
[2026-09-03 11:49:10] [INFO]    ⬆  Rejeu de 1 version(s) : Bureau/INFOPRO DIGITAL (Prod)_files/form-bundle.min.css
[2026-09-03 11:49:12] [WARN]       v1 EnsureUser echoue (fethy.faradji@infopro-digital.com) : EnsureUser 401 : {}
[2026-09-03 11:49:12] [WARN]       v1 VVI echoue : SP REST 401 : {}
[2026-09-03 11:49:12] [WARN]       v1 : auteur non restaure (VVI non valide) pour 'fethy.faradji@infopro-digital.com'
[2026-09-03 11:49:14] [INFO] Restauration auteur version: tentative via SharePoint VVI terminee (voir logs vN pour le detail).
[2026-09-03 11:49:14] [SUCCESS] ✅ Bureau/INFOPRO DIGITAL (Prod)_files/form-bundle.min.css - historique copie (1 version(s))
[2026-09-03 11:49:14] [INFO] [265/12905] Bureau/INFOPRO DIGITAL (Prod)_files/form-bundle.min.js.téléchargement (227120 o)
[2026-09-03 11:49:14] [INFO]    ⬇  Bureau/INFOPRO DIGITAL (Prod)_files/form-bundle.min.js.téléchargement
[2026-09-03 11:49:15] [INFO]    ⬆  Rejeu de 1 version(s) : Bureau/INFOPRO DIGITAL (Prod)_files/form-bundle.min.js.téléchargement
[2026-09-03 11:49:17] [WARN]       v1 EnsureUser echoue (fethy.faradji@infopro-digital.com) : EnsureUser 401 : {}
[2026-09-03 11:49:17] [WARN]       v1 VVI echoue : SP REST 401 : {}
[2026-09-03 11:49:17] [WARN]       v1 : auteur non restaure (VVI non valide) pour 'fethy.faradji@infopro-digital.com'
[2026-09-03 11:49:19] [INFO] Restauration auteur version: tentative via SharePoint VVI terminee (voir logs vN pour le detail).
[2026-09-03 11:49:19] [SUCCESS] ✅ Bureau/INFOPRO DIGITAL (Prod)_files/form-bundle.min.js.téléchargement - historique copie (1 version(s))
[2026-09-03 11:49:19] [INFO] [266/12905] Bureau/INFOPRO DIGITAL (Prod)_files/form-widget-bundle.min.css (156129 o)
[2026-09-03 11:49:19] [INFO]    ⬇  Bureau/INFOPRO DIGITAL (Prod)_files/form-widget-bundle.min.css
[2026-09-03 11:49:20] [INFO]    ⬆  Rejeu de 1 version(s) : Bureau/INFOPRO DIGITAL (Prod)_files/form-widget-bundle.min.css
[2026-09-03 11:49:21] [WARN]       v1 EnsureUser echoue (fethy.faradji@infopro-digital.com) : EnsureUser 401 : {}
[2026-09-03 11:49:21] [WARN]       v1 VVI echoue : SP REST 401 : {}
[2026-09-03 11:49:22] [WARN]       v1 : auteur non restaure (VVI non valide) pour 'fethy.faradji@infopro-digital.com'
[2026-09-03 11:49:23] [INFO] Restauration auteur version: tentative via SharePoint VVI terminee (voir logs vN pour le detail).
[2026-09-03 11:49:23] [SUCCESS] ✅ Bureau/INFOPRO DIGITAL (Prod)_files/form-widget-bundle.min.css - historique copie (1 version(s))
[2026-09-03 11:49:23] [INFO] [267/12905] Bureau/INFOPRO DIGITAL (Prod)_files/form-widget-bundle.min.js.téléchargement (382611 o)
[2026-09-03 11:49:24] [INFO]    ⬇  Bureau/INFOPRO DIGITAL (Prod)_files/form-widget-bundle.min.js.téléchargement
[2026-09-03 11:49:24] [INFO]    ⬆  Rejeu de 1 version(s) : Bureau/INFOPRO DIGITAL (Prod)_files/form-widget-bundle.min.js.téléchargement
[2026-09-03 11:49:26] [WARN]       v1 EnsureUser echoue (fethy.faradji@infopro-digital.com) : EnsureUser 401 : {}
[2026-09-03 11:49:26] [WARN]       v1 VVI echoue : SP REST 401 : {}
[2026-09-03 11:49:26] [WARN]       v1 : auteur non restaure (VVI non valide) pour 'fethy.faradji@infopro-digital.com'
[2026-09-03 11:49:27] [INFO] Restauration auteur version: tentative via SharePoint VVI terminee (voir logs vN pour le detail).
[2026-09-03 11:49:28] [SUCCESS] ✅ Bureau/INFOPRO DIGITAL (Prod)_files/form-widget-bundle.min.js.téléchargement - historique copie (1 version(s))
[2026-09-03 11:49:28] [INFO] [268/12905] Bureau/INFOPRO DIGITAL (Prod)_files/grid-bundle.min.css (159064 o)
[2026-09-03 11:49:28] [INFO]    ⬇  Bureau/INFOPRO DIGITAL (Prod)_files/grid-bundle.min.css
[2026-09-03 11:49:29] [INFO]    ⬆  Rejeu de 1 version(s) : Bureau/INFOPRO DIGITAL (Prod)_files/grid-bundle.min.css
[2026-09-03 11:49:31] [WARN]       v1 EnsureUser echoue (fethy.faradji@infopro-digital.com) : EnsureUser 401 : {}
[2026-09-03 11:49:31] [WARN]       v1 VVI echoue : SP REST 401 : {}
[2026-09-03 11:49:31] [WARN]       v1 : auteur non restaure (VVI non valide) pour 'fethy.faradji@infopro-digital.com'
[2026-09-03 11:49:32] [INFO] Restauration auteur version: tentative via SharePoint VVI terminee (voir logs vN pour le detail).
[2026-09-03 11:49:33] [SUCCESS] ✅ Bureau/INFOPRO DIGITAL (Prod)_files/grid-bundle.min.css - historique copie (1 version(s))
[2026-09-03 11:49:33] [INFO] [269/12905] Bureau/INFOPRO DIGITAL (Prod)_files/grid-bundle.min.js.téléchargement (77852 o)
[2026-09-03 11:49:33] [INFO]    ⬇  Bureau/INFOPRO DIGITAL (Prod)_files/grid-bundle.min.js.téléchargement
[2026-09-03 11:49:33] [INFO]    ⬆  Rejeu de 1 version(s) : Bureau/INFOPRO DIGITAL (Prod)_files/grid-bundle.min.js.téléchargement
[2026-09-03 11:49:35] [WARN]       v1 EnsureUser echoue (fethy.faradji@infopro-digital.com) : EnsureUser 401 : {}
[2026-09-03 11:49:35] [WARN]       v1 VVI echoue : SP REST 401 : {}
[2026-09-03 11:49:35] [WARN]       v1 : auteur non restaure (VVI non valide) pour 'fethy.faradji@infopro-digital.com'
[2026-09-03 11:49:37] [INFO] Restauration auteur version: tentative via SharePoint VVI terminee (voir logs vN pour le detail).
[2026-09-03 11:49:37] [SUCCESS] ✅ Bureau/INFOPRO DIGITAL (Prod)_files/grid-bundle.min.js.téléchargement - historique copie (1 version(s))
[2026-09-03 11:49:37] [INFO] [270/12905] Bureau/INFOPRO DIGITAL (Prod)_files/jquery.discussionWidget.js.téléchargement (32656 o)
[2026-09-03 11:49:37] [INFO]    ⬇  Bureau/INFOPRO DIGITAL (Prod)_files/jquery.discussionWidget.js.téléchargement
[2026-09-03 11:49:38] [INFO]    ⬆  Rejeu de 1 version(s) : Bureau/INFOPRO DIGITAL (Prod)_files/jquery.discussionWidget.js.téléchargement
[2026-09-03 11:49:40] [WARN]       v1 EnsureUser echoue (fethy.faradji@infopro-digital.com) : EnsureUser 401 : {}
[2026-09-03 11:49:40] [WARN]       v1 VVI echoue : SP REST 401 : {}
[2026-09-03 11:49:40] [WARN]       v1 : auteur non restaure (VVI non valide) pour 'fethy.faradji@infopro-digital.com'
[2026-09-03 11:49:41] [INFO] Restauration auteur version: tentative via SharePoint VVI terminee (voir logs vN pour le detail).
[2026-09-03 11:49:41] [SUCCESS] ✅ Bureau/INFOPRO DIGITAL (Prod)_files/jquery.discussionWidget.js.téléchargement - historique copie (1 version(s))
[2026-09-03 11:49:41] [INFO] [271/12905] Bureau/INFOPRO DIGITAL (Prod)_files/jquery-bundle.min.js.téléchargement (90554 o)
[2026-09-03 11:49:42] [INFO]    ⬇  Bureau/INFOPRO DIGITAL (Prod)_files/jquery-bundle.min.js.téléchargement
[2026-09-03 11:49:42] [INFO]    ⬆  Rejeu de 1 version(s) : Bureau/INFOPRO DIGITAL (Prod)_files/jquery-bundle.min.js.téléchargement
[2026-09-03 11:49:44] [WARN]       v1 EnsureUser echoue (fethy.faradji@infopro-digital.com) : EnsureUser 401 : {}
[2026-09-03 11:49:44] [WARN]       v1 VVI echoue : SP REST 401 : {}
[2026-09-03 11:49:44] [WARN]       v1 : auteur non restaure (VVI non valide) pour 'fethy.faradji@infopro-digital.com'
[2026-09-03 11:49:46] [INFO] Restauration auteur version: tentative via SharePoint VVI terminee (voir logs vN pour le detail).
[2026-09-03 11:49:46] [SUCCESS] ✅ Bureau/INFOPRO DIGITAL (Prod)_files/jquery-bundle.min.js.téléchargement - historique copie (1 version(s))
[2026-09-03 11:49:46] [INFO] [272/12905] Bureau/INFOPRO DIGITAL (Prod)_files/jquery-ui-bundle.min.js.téléchargement (43473 o)
[2026-09-03 11:49:46] [INFO]    ⬇  Bureau/INFOPRO DIGITAL (Prod)_files/jquery-ui-bundle.min.js.téléchargement
[2026-09-03 11:49:47] [INFO]    ⬆  Rejeu de 1 version(s) : Bureau/INFOPRO DIGITAL (Prod)_files/jquery-ui-bundle.min.js.téléchargement
[2026-09-03 11:49:49] [WARN]       v1 EnsureUser echoue (fethy.faradji@infopro-digital.com) : EnsureUser 401 : {}
[2026-09-03 11:49:49] [WARN]       v1 VVI echoue : SP REST 401 : {}
[2026-09-03 11:49:49] [WARN]       v1 : auteur non restaure (VVI non valide) pour 'fethy.faradji@infopro-digital.com'
[2026-09-03 11:49:51] [INFO] Restauration auteur version: tentative via SharePoint VVI terminee (voir logs vN pour le detail).
[2026-09-03 11:49:51] [SUCCESS] ✅ Bureau/INFOPRO DIGITAL (Prod)_files/jquery-ui-bundle.min.js.téléchargement - historique copie (1 version(s))
[2026-09-03 11:49:51] [INFO] [273/12905] Bureau/INFOPRO DIGITAL (Prod)_files/jquery-ui-timepicker-fr.js.téléchargement (620 o)
[2026-09-03 11:49:51] [INFO]    ⬇  Bureau/INFOPRO DIGITAL (Prod)_files/jquery-ui-timepicker-fr.js.téléchargement
[2026-09-03 11:49:52] [INFO]    ⬆  Rejeu de 1 version(s) : Bureau/INFOPRO DIGITAL (Prod)_files/jquery-ui-timepicker-fr.js.téléchargement
[2026-09-03 11:49:53] [WARN]       v1 EnsureUser echoue (fethy.faradji@infopro-digital.com) : EnsureUser 401 : {}
[2026-09-03 11:49:53] [WARN]       v1 VVI echoue : SP REST 401 : {}
[2026-09-03 11:49:54] [WARN]       v1 : auteur non restaure (VVI non valide) pour 'fethy.faradji@infopro-digital.com'
[2026-09-03 11:49:55] [INFO] Restauration auteur version: tentative via SharePoint VVI terminee (voir logs vN pour le detail).
[2026-09-03 11:49:55] [SUCCESS] ✅ Bureau/INFOPRO DIGITAL (Prod)_files/jquery-ui-timepicker-fr.js.téléchargement - historique copie (1 version(s))
[2026-09-03 11:49:55] [INFO] [274/12905] Bureau/INFOPRO DIGITAL (Prod)_files/logo_ezv.png (9631 o)
[2026-09-03 11:49:55] [INFO]    ⬇  Bureau/INFOPRO DIGITAL (Prod)_files/logo_ezv.png
[2026-09-03 11:49:56] [INFO]    ⬆  Rejeu de 1 version(s) : Bureau/INFOPRO DIGITAL (Prod)_files/logo_ezv.png
[2026-09-03 11:49:58] [WARN]       v1 EnsureUser echoue (fethy.faradji@infopro-digital.com) : EnsureUser 401 : {}
[2026-09-03 11:49:58] [WARN]       v1 VVI echoue : SP REST 401 : {}
[2026-09-03 11:49:58] [WARN]       v1 : auteur non restaure (VVI non valide) pour 'fethy.faradji@infopro-digital.com'
[2026-09-03 11:49:59] [INFO] Restauration auteur version: tentative via SharePoint VVI terminee (voir logs vN pour le detail).
[2026-09-03 11:49:59] [SUCCESS] ✅ Bureau/INFOPRO DIGITAL (Prod)_files/logo_ezv.png - historique copie (1 version(s))
[2026-09-03 11:49:59] [INFO] [275/12905] Bureau/INFOPRO DIGITAL (Prod)_files/pointille-horizontaux2px.png (104 o)
[2026-09-03 11:50:00] [INFO]    ⬇  Bureau/INFOPRO DIGITAL (Prod)_files/pointille-horizontaux2px.png
[2026-09-03 11:50:00] [INFO]    ⬆  Rejeu de 1 version(s) : Bureau/INFOPRO DIGITAL (Prod)_files/pointille-horizontaux2px.png
[2026-09-03 11:50:02] [WARN]       v1 EnsureUser echoue (fethy.faradji@infopro-digital.com) : EnsureUser 401 : {}
[2026-09-03 11:50:02] [WARN]       v1 VVI echoue : SP REST 401 : {}
[2026-09-03 11:50:02] [WARN]       v1 : auteur non restaure (VVI non valide) pour 'fethy.faradji@infopro-digital.com'
[2026-09-03 11:50:03] [INFO] Restauration auteur version: tentative via SharePoint VVI terminee (voir logs vN pour le detail).
[2026-09-03 11:50:03] [SUCCESS] ✅ Bureau/INFOPRO DIGITAL (Prod)_files/pointille-horizontaux2px.png - historique copie (1 version(s))
[2026-09-03 11:50:03] [INFO] [276/12905] Bureau/INFOPRO DIGITAL (Prod)_files/popperjs-bundle.min.js.téléchargement (22634 o)
[2026-09-03 11:50:03] [INFO]    ⬇  Bureau/INFOPRO DIGITAL (Prod)_files/popperjs-bundle.min.js.téléchargement
[2026-09-03 11:50:04] [INFO]    ⬆  Rejeu de 1 version(s) : Bureau/INFOPRO DIGITAL (Prod)_files/popperjs-bundle.min.js.téléchargement
[2026-09-03 11:50:06] [WARN]       v1 EnsureUser echoue (fethy.faradji@infopro-digital.com) : EnsureUser 401 : {}
[2026-09-03 11:50:06] [WARN]       v1 VVI echoue : SP REST 401 : {}
[2026-09-03 11:50:06] [WARN]       v1 : auteur non restaure (VVI non valide) pour 'fethy.faradji@infopro-digital.com'
[2026-09-03 11:50:07] [INFO] Restauration auteur version: tentative via SharePoint VVI terminee (voir logs vN pour le detail).
[2026-09-03 11:50:07] [SUCCESS] ✅ Bureau/INFOPRO DIGITAL (Prod)_files/popperjs-bundle.min.js.téléchargement - historique copie (1 version(s))
[2026-09-03 11:50:07] [INFO] [277/12905] Bureau/INFOPRO DIGITAL (Prod)_files/react-bootstrap-bundle.min.js.téléchargement (23988 o)
[2026-09-03 11:50:08] [INFO]    ⬇  Bureau/INFOPRO DIGITAL (Prod)_files/react-bootstrap-bundle.min.js.téléchargement
[2026-09-03 11:50:09] [INFO]    ⬆  Rejeu de 1 version(s) : Bureau/INFOPRO DIGITAL (Prod)_files/react-bootstrap-bundle.min.js.téléchargement
[2026-09-03 11:50:11] [WARN]       v1 EnsureUser echoue (fethy.faradji@infopro-digital.com) : EnsureUser 401 : {}
[2026-09-03 11:50:11] [WARN]       v1 VVI echoue : SP REST 401 : {}
[2026-09-03 11:50:12] [WARN]       v1 : auteur non restaure (VVI non valide) pour 'fethy.faradji@infopro-digital.com'
[2026-09-03 11:50:13] [INFO] Restauration auteur version: tentative via SharePoint VVI terminee (voir logs vN pour le detail).
[2026-09-03 11:50:13] [SUCCESS] ✅ Bureau/INFOPRO DIGITAL (Prod)_files/react-bootstrap-bundle.min.js.téléchargement - historique copie (1 version(s))
[2026-09-03 11:50:13] [INFO] [278/12905] Bureau/INFOPRO DIGITAL (Prod)_files/react-dom-bundle.min.js.téléchargement (130150 o)
[2026-09-03 11:50:13] [INFO]    ⬇  Bureau/INFOPRO DIGITAL (Prod)_files/react-dom-bundle.min.js.téléchargement
[2026-09-03 11:50:14] [INFO]    ⬆  Rejeu de 1 version(s) : Bureau/INFOPRO DIGITAL (Prod)_files/react-dom-bundle.min.js.téléchargement
[2026-09-03 11:50:16] [WARN]       v1 EnsureUser echoue (fethy.faradji@infopro-digital.com) : EnsureUser 401 : {}
[2026-09-03 11:50:16] [WARN]       v1 VVI echoue : SP REST 401 : {}
[2026-09-03 11:50:16] [WARN]       v1 : auteur non restaure (VVI non valide) pour 'fethy.faradji@infopro-digital.com'
[2026-09-03 11:50:17] [INFO] Restauration auteur version: tentative via SharePoint VVI terminee (voir logs vN pour le detail).
[2026-09-03 11:50:17] [SUCCESS] ✅ Bureau/INFOPRO DIGITAL (Prod)_files/react-dom-bundle.min.js.téléchargement - historique copie (1 version(s))
[2026-09-03 11:50:18] [INFO] [279/12905] Bureau/INFOPRO DIGITAL (Prod)_files/react-overlays-bundle.min.js.téléchargement (14195 o)
[2026-09-03 11:50:18] [INFO]    ⬇  Bureau/INFOPRO DIGITAL (Prod)_files/react-overlays-bundle.min.js.téléchargement
[2026-09-03 11:50:19] [INFO]    ⬆  Rejeu de 1 version(s) : Bureau/INFOPRO DIGITAL (Prod)_files/react-overlays-bundle.min.js.téléchargement
[2026-09-03 11:50:20] [WARN]       v1 EnsureUser echoue (fethy.faradji@infopro-digital.com) : EnsureUser 401 : {}
[2026-09-03 11:50:20] [WARN]       v1 VVI echoue : SP REST 401 : {}
[2026-09-03 11:50:21] [WARN]       v1 : auteur non restaure (VVI non valide) pour 'fethy.faradji@infopro-digital.com'
[2026-09-03 11:50:22] [INFO] Restauration auteur version: tentative via SharePoint VVI terminee (voir logs vN pour le detail).
[2026-09-03 11:50:22] [SUCCESS] ✅ Bureau/INFOPRO DIGITAL (Prod)_files/react-overlays-bundle.min.js.téléchargement - historique copie (1 version(s))
[2026-09-03 11:50:22] [INFO] [280/12905] Bureau/INFOPRO DIGITAL (Prod)_files/react-property-bundle.min.js.téléchargement (12884 o)
[2026-09-03 11:50:23] [INFO]    ⬇  Bureau/INFOPRO DIGITAL (Prod)_files/react-property-bundle.min.js.téléchargement
[2026-09-03 11:50:23] [INFO]    ⬆  Rejeu de 1 version(s) : Bureau/INFOPRO DIGITAL (Prod)_files/react-property-bundle.min.js.téléchargement
[2026-09-03 11:50:25] [WARN]       v1 EnsureUser echoue (fethy.faradji@infopro-digital.com) : EnsureUser 401 : {}
[2026-09-03 11:50:26] [WARN]       v1 VVI echoue : SP REST 401 : {}
[2026-09-03 11:50:26] [WARN]       v1 : auteur non restaure (VVI non valide) pour 'fethy.faradji@infopro-digital.com'
[2026-09-03 11:50:28] [INFO] Restauration auteur version: tentative via SharePoint VVI terminee (voir logs vN pour le detail).
[2026-09-03 11:50:28] [SUCCESS] ✅ Bureau/INFOPRO DIGITAL (Prod)_files/react-property-bundle.min.js.téléchargement - historique copie (1 version(s))
[2026-09-03 11:50:28] [INFO] [281/12905] Bureau/INFOPRO DIGITAL (Prod)_files/runtime-bundle.min.js.téléchargement (5506 o)
[2026-09-03 11:50:28] [INFO]    ⬇  Bureau/INFOPRO DIGITAL (Prod)_files/runtime-bundle.min.js.téléchargement
[2026-09-03 11:50:30] [INFO]    ⬆  Rejeu de 1 version(s) : Bureau/INFOPRO DIGITAL (Prod)_files/runtime-bundle.min.js.téléchargement
[2026-09-03 11:50:31] [WARN]       v1 EnsureUser echoue (fethy.faradji@infopro-digital.com) : EnsureUser 401 : {}
[2026-09-03 11:50:31] [WARN]       v1 VVI echoue : SP REST 401 : {}
[2026-09-03 11:50:32] [WARN]       v1 : auteur non restaure (VVI non valide) pour 'fethy.faradji@infopro-digital.com'
[2026-09-03 11:50:33] [INFO] Restauration auteur version: tentative via SharePoint VVI terminee (voir logs vN pour le detail).
[2026-09-03 11:50:33] [SUCCESS] ✅ Bureau/INFOPRO DIGITAL (Prod)_files/runtime-bundle.min.js.téléchargement - historique copie (1 version(s))
[2026-09-03 11:50:33] [INFO] [282/12905] Bureau/INFOPRO DIGITAL (Prod)_files/servicerequest.png (614 o)
[2026-09-03 11:50:33] [INFO]    ⬇  Bureau/INFOPRO DIGITAL (Prod)_files/servicerequest.png
[2026-09-03 11:50:34] [INFO]    ⬆  Rejeu de 1 version(s) : Bureau/INFOPRO DIGITAL (Prod)_files/servicerequest.png
[2026-09-03 11:50:36] [WARN]       v1 EnsureUser echoue (fethy.faradji@infopro-digital.com) : EnsureUser 401 : {}
[2026-09-03 11:50:36] [WARN]       v1 VVI echoue : SP REST 401 : {}
[2026-09-03 11:50:36] [WARN]       v1 : auteur non restaure (VVI non valide) pour 'fethy.faradji@infopro-digital.com'
[2026-09-03 11:50:38] [INFO] Restauration auteur version: tentative via SharePoint VVI terminee (voir logs vN pour le detail).
[2026-09-03 11:50:38] [SUCCESS] ✅ Bureau/INFOPRO DIGITAL (Prod)_files/servicerequest.png - historique copie (1 version(s))
[2026-09-03 11:50:38] [INFO] [283/12905] Bureau/INFOPRO DIGITAL (Prod)_files/themeManagement-bundle.min.css (20718 o)
[2026-09-03 11:50:38] [INFO]    ⬇  Bureau/INFOPRO DIGITAL (Prod)_files/themeManagement-bundle.min.css
[2026-09-03 11:50:39] [INFO]    ⬆  Rejeu de 1 version(s) : Bureau/INFOPRO DIGITAL (Prod)_files/themeManagement-bundle.min.css
[2026-09-03 11:50:41] [WARN]       v1 EnsureUser echoue (fethy.faradji@infopro-digital.com) : EnsureUser 401 : {}
[2026-09-03 11:50:41] [WARN]       v1 VVI echoue : SP REST 401 : {}
[2026-09-03 11:50:41] [WARN]       v1 : auteur non restaure (VVI non valide) pour 'fethy.faradji@infopro-digital.com'
[2026-09-03 11:50:42] [INFO] Restauration auteur version: tentative via SharePoint VVI terminee (voir logs vN pour le detail).
[2026-09-03 11:50:42] [SUCCESS] ✅ Bureau/INFOPRO DIGITAL (Prod)_files/themeManagement-bundle.min.css - historique copie (1 version(s))
[2026-09-03 11:50:42] [INFO] [284/12905] Bureau/INFOPRO DIGITAL (Prod)_files/themeManagement-bundle.min.js.téléchargement (38946 o)
[2026-09-03 11:50:43] [INFO]    ⬇  Bureau/INFOPRO DIGITAL (Prod)_files/themeManagement-bundle.min.js.téléchargement
[2026-09-03 11:50:43] [INFO]    ⬆  Rejeu de 1 version(s) : Bureau/INFOPRO DIGITAL (Prod)_files/themeManagement-bundle.min.js.téléchargement
[2026-09-03 11:50:45] [WARN]       v1 EnsureUser echoue (fethy.faradji@infopro-digital.com) : EnsureUser 401 : {}
[2026-09-03 11:50:45] [WARN]       v1 VVI echoue : SP REST 401 : {}
[2026-09-03 11:50:45] [WARN]       v1 : auteur non restaure (VVI non valide) pour 'fethy.faradji@infopro-digital.com'
[2026-09-03 11:50:47] [INFO] Restauration auteur version: tentative via SharePoint VVI terminee (voir logs vN pour le detail).
[2026-09-03 11:50:47] [SUCCESS] ✅ Bureau/INFOPRO DIGITAL (Prod)_files/themeManagement-bundle.min.js.téléchargement - historique copie (1 version(s))
[2026-09-03 11:50:47] [INFO] [285/12905] Bureau/INFOPRO DIGITAL (Prod)_files/th-list.png (287 o)
[2026-09-03 11:50:47] [INFO]    ⬇  Bureau/INFOPRO DIGITAL (Prod)_files/th-list.png
[2026-09-03 11:50:48] [INFO]    ⬆  Rejeu de 1 version(s) : Bureau/INFOPRO DIGITAL (Prod)_files/th-list.png
[2026-09-03 11:50:49] [WARN]       v1 EnsureUser echoue (fethy.faradji@infopro-digital.com) : EnsureUser 401 : {}
[2026-09-03 11:50:49] [WARN]       v1 VVI echoue : SP REST 401 : {}
[2026-09-03 11:50:50] [WARN]       v1 : auteur non restaure (VVI non valide) pour 'fethy.faradji@infopro-digital.com'
[2026-09-03 11:50:51] [INFO] Restauration auteur version: tentative via SharePoint VVI terminee (voir logs vN pour le detail).
[2026-09-03 11:50:51] [SUCCESS] ✅ Bureau/INFOPRO DIGITAL (Prod)_files/th-list.png - historique copie (1 version(s))
[2026-09-03 11:50:51] [INFO] [286/12905] Bureau/INFOPRO DIGITAL (Prod)_files/tinymce.min.js.téléchargement (393252 o)
[2026-09-03 11:50:51] [INFO]    ⬇  Bureau/INFOPRO DIGITAL (Prod)_files/tinymce.min.js.téléchargement
[2026-09-03 11:50:52] [INFO]    ⬆  Rejeu de 1 version(s) : Bureau/INFOPRO DIGITAL (Prod)_files/tinymce.min.js.téléchargement
[2026-09-03 11:50:54] [WARN]       v1 EnsureUser echoue (fethy.faradji@infopro-digital.com) : EnsureUser 401 : {}
[2026-09-03 11:50:54] [WARN]       v1 VVI echoue : SP REST 401 : {}
[2026-09-03 11:50:54] [WARN]       v1 : auteur non restaure (VVI non valide) pour 'fethy.faradji@infopro-digital.com'
[2026-09-03 11:50:55] [INFO] Restauration auteur version: tentative via SharePoint VVI terminee (voir logs vN pour le detail).
[2026-09-03 11:50:56] [SUCCESS] ✅ Bureau/INFOPRO DIGITAL (Prod)_files/tinymce.min.js.téléchargement - historique copie (1 version(s))
[2026-09-03 11:50:56] [INFO] [287/12905] Bureau/INFOPRO DIGITAL (Prod)_files/tinymce-bundle.min.js.téléchargement (420381 o)
[2026-09-03 11:50:56] [INFO]    ⬇  Bureau/INFOPRO DIGITAL (Prod)_files/tinymce-bundle.min.js.téléchargement
[2026-09-03 11:50:56] [INFO]    ⬆  Rejeu de 1 version(s) : Bureau/INFOPRO DIGITAL (Prod)_files/tinymce-bundle.min.js.téléchargement
[2026-09-03 11:50:58] [WARN]       v1 EnsureUser echoue (fethy.faradji@infopro-digital.com) : EnsureUser 401 : {}
[2026-09-03 11:50:58] [WARN]       v1 VVI echoue : SP REST 401 : {}
[2026-09-03 11:50:59] [WARN]       v1 : auteur non restaure (VVI non valide) pour 'fethy.faradji@infopro-digital.com'
[2026-09-03 11:51:00] [INFO] Restauration auteur version: tentative via SharePoint VVI terminee (voir logs vN pour le detail).
[2026-09-03 11:51:00] [SUCCESS] ✅ Bureau/INFOPRO DIGITAL (Prod)_files/tinymce-bundle.min.js.téléchargement - historique copie (1 version(s))
[2026-09-03 11:51:00] [INFO] [288/12905] Bureau/INFOPRO DIGITAL (Prod)_files/workorder.png (444 o)
[2026-09-03 11:51:00] [INFO]    ⬇  Bureau/INFOPRO DIGITAL (Prod)_files/workorder.png
[2026-09-03 11:51:01] [INFO]    ⬆  Rejeu de 1 version(s) : Bureau/INFOPRO DIGITAL (Prod)_files/workorder.png
[2026-09-03 11:51:02] [WARN]       v1 EnsureUser echoue (fethy.faradji@infopro-digital.com) : EnsureUser 401 : {}
[2026-09-03 11:51:02] [WARN]       v1 VVI echoue : SP REST 401 : {}
[2026-09-03 11:51:03] [WARN]       v1 : auteur non restaure (VVI non valide) pour 'fethy.faradji@infopro-digital.com'
[2026-09-03 11:51:04] [INFO] Restauration auteur version: tentative via SharePoint VVI terminee (voir logs vN pour le detail).
[2026-09-03 11:51:04] [SUCCESS] ✅ Bureau/INFOPRO DIGITAL (Prod)_files/workorder.png - historique copie (1 version(s))
[2026-09-03 11:51:04] [INFO] [289/12905] Bureau/jira 555/ALIM_TABLE_SF.pls (103483 o)
[2026-09-03 11:51:05] [INFO]    ⬇  Bureau/jira 555/ALIM_TABLE_SF.pls
[2026-09-03 11:51:06] [INFO]    ⬆  Rejeu de 1 version(s) : Bureau/jira 555/ALIM_TABLE_SF.pls
[2026-09-03 11:51:07] [WARN]       v1 EnsureUser echoue (fethy.faradji@infopro-digital.com) : EnsureUser 401 : {}
[2026-09-03 11:51:07] [WARN]       v1 VVI echoue : SP REST 401 : {}
[2026-09-03 11:51:07] [WARN]       v1 : auteur non restaure (VVI non valide) pour 'fethy.faradji@infopro-digital.com'
[2026-09-03 11:51:08] [INFO] Restauration auteur version: tentative via SharePoint VVI terminee (voir logs vN pour le detail).
[2026-09-03 11:51:08] [SUCCESS] ✅ Bureau/jira 555/ALIM_TABLE_SF.pls - historique copie (1 version(s))
[2026-09-03 11:51:08] [INFO] [290/12905] Bureau/jira 555/update_id_seuil.sql (731 o)
[2026-09-03 11:51:09] [INFO]    ⬇  Bureau/jira 555/update_id_seuil.sql
[2026-09-03 11:51:10] [INFO]    ⬆  Rejeu de 2 version(s) : Bureau/jira 555/update_id_seuil.sql
[2026-09-03 11:51:11] [WARN]       v1 EnsureUser echoue (fethy.faradji@infopro-digital.com) : EnsureUser 401 : {}
[2026-09-03 11:51:11] [WARN]       v1 VVI echoue : SP REST 401 : {}
[2026-09-03 11:51:12] [WARN]       v1 : auteur non restaure (VVI non valide) pour 'fethy.faradji@infopro-digital.com'
[2026-09-03 11:51:13] [WARN]       v2 EnsureUser echoue (fethy.faradji@infopro-digital.com) : EnsureUser 401 : {}
[2026-09-03 11:51:13] [WARN]       v2 VVI echoue : SP REST 401 : {}
[2026-09-03 11:51:13] [WARN]       v2 : auteur non restaure (VVI non valide) pour 'fethy.faradji@infopro-digital.com'
[2026-09-03 11:51:14] [INFO] Restauration auteur version: tentative via SharePoint VVI terminee (voir logs vN pour le detail).
[2026-09-03 11:51:14] [SUCCESS] ✅ Bureau/jira 555/update_id_seuil.sql - historique copie (2 version(s))
[2026-09-03 11:51:14] [INFO] [291/12905] Bureau/Les Contes de la decrypt/LesContesDECRYPTE.exe (12288 o)
[2026-09-03 11:51:15] [INFO]    ⬇  Bureau/Les Contes de la decrypt/LesContesDECRYPTE.exe
[2026-09-03 11:51:15] [INFO]    ⬆  Rejeu de 1 version(s) : Bureau/Les Contes de la decrypt/LesContesDECRYPTE.exe
[2026-09-03 11:51:17] [WARN]       v1 EnsureUser echoue (fethy.faradji@infopro-digital.com) : EnsureUser 401 : {}
[2026-09-03 11:51:17] [WARN]       v1 VVI echoue : SP REST 401 : {}
[2026-09-03 11:51:17] [WARN]       v1 : auteur non restaure (VVI non valide) pour 'fethy.faradji@infopro-digital.com'
[2026-09-03 11:51:18] [INFO] Restauration auteur version: tentative via SharePoint VVI terminee (voir logs vN pour le detail).
[2026-09-03 11:51:18] [SUCCESS] ✅ Bureau/Les Contes de la decrypt/LesContesDECRYPTE.exe - historique copie (1 version(s))
[2026-09-03 11:51:19] [INFO] [292/12905] Bureau/Les Contes de la decrypt/LesContesDECRYPTE.exe.config (515 o)
[2026-09-03 11:51:19] [INFO]    ⬇  Bureau/Les Contes de la decrypt/LesContesDECRYPTE.exe.config
[2026-09-03 11:51:20] [INFO]    ⬆  Rejeu de 1 version(s) : Bureau/Les Contes de la decrypt/LesContesDECRYPTE.exe.config
[2026-09-03 11:51:22] [WARN]       v1 EnsureUser echoue (fethy.faradji@infopro-digital.com) : EnsureUser 401 : {}
[2026-09-03 11:51:22] [WARN]       v1 VVI echoue : SP REST 401 : {}
[2026-09-03 11:51:22] [WARN]       v1 : auteur non restaure (VVI non valide) pour 'fethy.faradji@infopro-digital.com'
[2026-09-03 11:51:23] [INFO] Restauration auteur version: tentative via SharePoint VVI terminee (voir logs vN pour le detail).
[2026-09-03 11:51:24] [SUCCESS] ✅ Bureau/Les Contes de la decrypt/LesContesDECRYPTE.exe.config - historique copie (1 version(s))
[2026-09-03 11:51:24] [INFO] [293/12905] Bureau/Les Contes de la decrypt/LesContesDECRYPTE.pdb (42496 o)
[2026-09-03 11:51:24] [INFO]    ⬇  Bureau/Les Contes de la decrypt/LesContesDECRYPTE.pdb
[2026-09-03 11:51:25] [INFO]    ⬆  Rejeu de 1 version(s) : Bureau/Les Contes de la decrypt/LesContesDECRYPTE.pdb
[2026-09-03 11:51:27] [WARN]       v1 EnsureUser echoue (fethy.faradji@infopro-digital.com) : EnsureUser 401 : {}
[2026-09-03 11:51:27] [WARN]       v1 VVI echoue : SP REST 401 : {}
[2026-09-03 11:51:27] [WARN]       v1 : auteur non restaure (VVI non valide) pour 'fethy.faradji@infopro-digital.com'
[2026-09-03 11:51:28] [INFO] Restauration auteur version: tentative via SharePoint VVI terminee (voir logs vN pour le detail).
[2026-09-03 11:51:29] [SUCCESS] ✅ Bureau/Les Contes de la decrypt/LesContesDECRYPTE.pdb - historique copie (1 version(s))
[2026-09-03 11:51:29] [INFO] [294/12905] Bureau/livraisonKPI 20250428/Nouveau dossier/bin/fr/System.Web.Helpers.resources.dll (20432 o)
[2026-09-03 11:51:29] [INFO]    ⬇  Bureau/livraisonKPI 20250428/Nouveau dossier/bin/fr/System.Web.Helpers.resources.dll
[2026-09-03 11:51:30] [INFO]    ⬆  Rejeu de 1 version(s) : Bureau/livraisonKPI 20250428/Nouveau dossier/bin/fr/System.Web.Helpers.resources.dll
[2026-09-03 11:51:31] [WARN]       v1 EnsureUser echoue (fethy.faradji@infopro-digital.com) : EnsureUser 401 : {}
[2026-09-03 11:51:31] [WARN]       v1 VVI echoue : SP REST 401 : {}
[2026-09-03 11:51:32] [WARN]       v1 : auteur non restaure (VVI non valide) pour 'fethy.faradji@infopro-digital.com'
[2026-09-03 11:51:33] [INFO] Restauration auteur version: tentative via SharePoint VVI terminee (voir logs vN pour le detail).
[2026-09-03 11:51:33] [SUCCESS] ✅ Bureau/livraisonKPI 20250428/Nouveau dossier/bin/fr/System.Web.Helpers.resources.dll - historique copie (1 version(s))
[2026-09-03 11:51:33] [INFO] [295/12905] Bureau/livraisonKPI 20250428/Nouveau dossier/bin/fr/System.Web.Mvc.resources.dll (44520 o)
[2026-09-03 11:51:34] [INFO]    ⬇  Bureau/livraisonKPI 20250428/Nouveau dossier/bin/fr/System.Web.Mvc.resources.dll
[2026-09-03 11:51:34] [INFO]    ⬆  Rejeu de 1 version(s) : Bureau/livraisonKPI 20250428/Nouveau dossier/bin/fr/System.Web.Mvc.resources.dll
[2026-09-03 11:51:36] [WARN]       v1 EnsureUser echoue (fethy.faradji@infopro-digital.com) : EnsureUser 401 : {}
[2026-09-03 11:51:36] [WARN]       v1 VVI echoue : SP REST 401 : {}
[2026-09-03 11:51:36] [WARN]       v1 : auteur non restaure (VVI non valide) pour 'fethy.faradji@infopro-digital.com'
[2026-09-03 11:51:37] [INFO] Restauration auteur version: tentative via SharePoint VVI terminee (voir logs vN pour le detail).
[2026-09-03 11:51:37] [SUCCESS] ✅ Bureau/livraisonKPI 20250428/Nouveau dossier/bin/fr/System.Web.Mvc.resources.dll - historique copie (1 version(s))
[2026-09-03 11:51:37] [INFO] [296/12905] Bureau/livraisonKPI 20250428/Nouveau dossier/bin/fr/System.Web.Optimization.resources.dll (13520 o)
[2026-09-03 11:51:38] [INFO]    ⬇  Bureau/livraisonKPI 20250428/Nouveau dossier/bin/fr/System.Web.Optimization.resources.dll
[2026-09-03 11:51:38] [INFO]    ⬆  Rejeu de 1 version(s) : Bureau/livraisonKPI 20250428/Nouveau dossier/bin/fr/System.Web.Optimization.resources.dll
[2026-09-03 11:51:40] [WARN]       v1 EnsureUser echoue (fethy.faradji@infopro-digital.com) : EnsureUser 401 : {}
[2026-09-03 11:51:40] [WARN]       v1 VVI echoue : SP REST 401 : {}
[2026-09-03 11:51:41] [WARN]       v1 : auteur non restaure (VVI non valide) pour 'fethy.faradji@infopro-digital.com'
[2026-09-03 11:51:42] [INFO] Restauration auteur version: tentative via SharePoint VVI terminee (voir logs vN pour le detail).
[2026-09-03 11:51:42] [SUCCESS] ✅ Bureau/livraisonKPI 20250428/Nouveau dossier/bin/fr/System.Web.Optimization.resources.dll - historique copie (1 version(s))
[2026-09-03 11:51:42] [INFO] [297/12905] Bureau/livraisonKPI 20250428/Nouveau dossier/bin/fr/System.Web.Razor.resources.dll (32736 o)
[2026-09-03 11:51:42] [INFO]    ⬇  Bureau/livraisonKPI 20250428/Nouveau dossier/bin/fr/System.Web.Razor.resources.dll
[2026-09-03 11:51:43] [INFO]    ⬆  Rejeu de 1 version(s) : Bureau/livraisonKPI 20250428/Nouveau dossier/bin/fr/System.Web.Razor.resources.dll
[2026-09-03 11:51:44] [WARN]       v1 EnsureUser echoue (fethy.faradji@infopro-digital.com) : EnsureUser 401 : {}
[2026-09-03 11:51:44] [WARN]       v1 VVI echoue : SP REST 401 : {}
[2026-09-03 11:51:45] [WARN]       v1 : auteur non restaure (VVI non valide) pour 'fethy.faradji@infopro-digital.com'
[2026-09-03 11:51:46] [INFO] Restauration auteur version: tentative via SharePoint VVI terminee (voir logs vN pour le detail).
[2026-09-03 11:51:46] [SUCCESS] ✅ Bureau/livraisonKPI 20250428/Nouveau dossier/bin/fr/System.Web.Razor.resources.dll - historique copie (1 version(s))
[2026-09-03 11:51:47] [INFO] [298/12905] Bureau/livraisonKPI 20250428/Nouveau dossier/bin/fr/System.Web.WebPages.Deployment.resources.dll (16848 o)
[2026-09-03 11:51:47] [INFO]    ⬇  Bureau/livraisonKPI 20250428/Nouveau dossier/bin/fr/System.Web.WebPages.Deployment.resources.dll
[2026-09-03 11:51:48] [INFO]    ⬆  Rejeu de 1 version(s) : Bureau/livraisonKPI 20250428/Nouveau dossier/bin/fr/System.Web.WebPages.Deployment.resources.dll
[2026-09-03 11:51:49] [WARN]       v1 EnsureUser echoue (fethy.faradji@infopro-digital.com) : EnsureUser 401 : {}
[2026-09-03 11:51:49] [WARN]       v1 VVI echoue : SP REST 401 : {}
[2026-09-03 11:51:49] [WARN]       v1 : auteur non restaure (VVI non valide) pour 'fethy.faradji@infopro-digital.com'
[2026-09-03 11:51:50] [INFO] Restauration auteur version: tentative via SharePoint VVI terminee (voir logs vN pour le detail).
[2026-09-03 11:51:50] [SUCCESS] ✅ Bureau/livraisonKPI 20250428/Nouveau dossier/bin/fr/System.Web.WebPages.Deployment.resources.dll - historique copie (1 version(s))
[2026-09-03 11:51:51] [INFO] [299/12905] Bureau/livraisonKPI 20250428/Nouveau dossier/bin/fr/System.Web.WebPages.Razor.resources.dll (15840 o)
[2026-09-03 11:51:51] [INFO]    ⬇  Bureau/livraisonKPI 20250428/Nouveau dossier/bin/fr/System.Web.WebPages.Razor.resources.dll
[2026-09-03 11:51:51] [INFO]    ⬆  Rejeu de 1 version(s) : Bureau/livraisonKPI 20250428/Nouveau dossier/bin/fr/System.Web.WebPages.Razor.resources.dll
[2026-09-03 11:51:53] [WARN]       v1 EnsureUser echoue (fethy.faradji@infopro-digital.com) : EnsureUser 401 : {}
[2026-09-03 11:51:54] [WARN]       v1 VVI echoue : SP REST 401 : {}
[2026-09-03 11:51:54] [WARN]       v1 : auteur non restaure (VVI non valide) pour 'fethy.faradji@infopro-digital.com'
[2026-09-03 11:51:55] [INFO] Restauration auteur version: tentative via SharePoint VVI terminee (voir logs vN pour le detail).
[2026-09-03 11:51:55] [SUCCESS] ✅ Bureau/livraisonKPI 20250428/Nouveau dossier/bin/fr/System.Web.WebPages.Razor.resources.dll - historique copie (1 version(s))
[2026-09-03 11:51:55] [INFO] [300/12905] Bureau/livraisonKPI 20250428/Nouveau dossier/bin/fr/System.Web.WebPages.resources.dll (26072 o)
[2026-09-03 11:51:55] [INFO]    ⬇  Bureau/livraisonKPI 20250428/Nouveau dossier/bin/fr/System.Web.WebPages.resources.dll
[2026-09-03 11:51:56] [INFO]    ⬆  Rejeu de 1 version(s) : Bureau/livraisonKPI 20250428/Nouveau dossier/bin/fr/System.Web.WebPages.resources.dll
[2026-09-03 11:51:58] [WARN]       v1 EnsureUser echoue (fethy.faradji@infopro-digital.com) : EnsureUser 401 : {}
[2026-09-03 11:51:58] [WARN]       v1 VVI echoue : SP REST 401 : {}
[2026-09-03 11:51:58] [WARN]       v1 : auteur non restaure (VVI non valide) pour 'fethy.faradji@infopro-digital.com'
[2026-09-03 11:51:59] [INFO] Restauration auteur version: tentative via SharePoint VVI terminee (voir logs vN pour le detail).
[2026-09-03 11:52:00] [SUCCESS] ✅ Bureau/livraisonKPI 20250428/Nouveau dossier/bin/fr/System.Web.WebPages.resources.dll - historique copie (1 version(s))
[2026-09-03 11:52:00] [INFO] [301/12905] Bureau/livraisonKPI 20250428/Nouveau dossier/bin/roslyn/csc.exe (49584 o)
[2026-09-03 11:52:00] [INFO]    ⬇  Bureau/livraisonKPI 20250428/Nouveau dossier/bin/roslyn/csc.exe
[2026-09-03 11:52:01] [INFO]    ⬆  Rejeu de 1 version(s) : Bureau/livraisonKPI 20250428/Nouveau dossier/bin/roslyn/csc.exe
[2026-09-03 11:52:03] [WARN]       v1 EnsureUser echoue (fethy.faradji@infopro-digital.com) : EnsureUser 401 : {}
[2026-09-03 11:52:03] [WARN]       v1 VVI echoue : SP REST 401 : {}
[2026-09-03 11:52:03] [WARN]       v1 : auteur non restaure (VVI non valide) pour 'fethy.faradji@infopro-digital.com'
[2026-09-03 11:52:04] [INFO] Restauration auteur version: tentative via SharePoint VVI terminee (voir logs vN pour le detail).
[2026-09-03 11:52:04] [SUCCESS] ✅ Bureau/livraisonKPI 20250428/Nouveau dossier/bin/roslyn/csc.exe - historique copie (1 version(s))
[2026-09-03 11:52:04] [INFO] [302/12905] Bureau/livraisonKPI 20250428/Nouveau dossier/bin/roslyn/csc.exe.config (7880 o)
[2026-09-03 11:52:05] [INFO]    ⬇  Bureau/livraisonKPI 20250428/Nouveau dossier/bin/roslyn/csc.exe.config
[2026-09-03 11:52:06] [INFO]    ⬆  Rejeu de 1 version(s) : Bureau/livraisonKPI 20250428/Nouveau dossier/bin/roslyn/csc.exe.config
[2026-09-03 11:52:07] [WARN]       v1 EnsureUser echoue (fethy.faradji@infopro-digital.com) : EnsureUser 401 : {}
[2026-09-03 11:52:07] [WARN]       v1 VVI echoue : SP REST 401 : {}
[2026-09-03 11:52:07] [WARN]       v1 : auteur non restaure (VVI non valide) pour 'fethy.faradji@infopro-digital.com'
[2026-09-03 11:52:08] [INFO] Restauration auteur version: tentative via SharePoint VVI terminee (voir logs vN pour le detail).
[2026-09-03 11:52:09] [SUCCESS] ✅ Bureau/livraisonKPI 20250428/Nouveau dossier/bin/roslyn/csc.exe.config - historique copie (1 version(s))
[2026-09-03 11:52:09] [INFO] [303/12905] Bureau/livraisonKPI 20250428/Nouveau dossier/bin/roslyn/csc.rsp (1496 o)
[2026-09-03 11:52:09] [INFO]    ⬇  Bureau/livraisonKPI 20250428/Nouveau dossier/bin/roslyn/csc.rsp
[2026-09-03 11:52:10] [INFO]    ⬆  Rejeu de 1 version(s) : Bureau/livraisonKPI 20250428/Nouveau dossier/bin/roslyn/csc.rsp
[2026-09-03 11:52:11] [WARN]       v1 EnsureUser echoue (fethy.faradji@infopro-digital.com) : EnsureUser 401 : {}
[2026-09-03 11:52:11] [WARN]       v1 VVI echoue : SP REST 401 : {}
[2026-09-03 11:52:12] [WARN]       v1 : auteur non restaure (VVI non valide) pour 'fethy.faradji@infopro-digital.com'
[2026-09-03 11:52:13] [INFO] Restauration auteur version: tentative via SharePoint VVI terminee (voir logs vN pour le detail).
[2026-09-03 11:52:13] [SUCCESS] ✅ Bureau/livraisonKPI 20250428/Nouveau dossier/bin/roslyn/csc.rsp - historique copie (1 version(s))
[2026-09-03 11:52:13] [INFO] [304/12905] Bureau/livraisonKPI 20250428/Nouveau dossier/bin/roslyn/csi.exe (15272 o)
[2026-09-03 11:52:13] [INFO]    ⬇  Bureau/livraisonKPI 20250428/Nouveau dossier/bin/roslyn/csi.exe
[2026-09-03 11:52:14] [INFO]    ⬆  Rejeu de 1 version(s) : Bureau/livraisonKPI 20250428/Nouveau dossier/bin/roslyn/csi.exe
[2026-09-03 11:52:16] [WARN]       v1 EnsureUser echoue (fethy.faradji@infopro-digital.com) : EnsureUser 401 : {}
[2026-09-03 11:52:16] [WARN]       v1 VVI echoue : SP REST 401 : {}
[2026-09-03 11:52:16] [WARN]       v1 : auteur non restaure (VVI non valide) pour 'fethy.faradji@infopro-digital.com'
[2026-09-03 11:52:17] [INFO] Restauration auteur version: tentative via SharePoint VVI terminee (voir logs vN pour le detail).
[2026-09-03 11:52:17] [SUCCESS] ✅ Bureau/livraisonKPI 20250428/Nouveau dossier/bin/roslyn/csi.exe - historique copie (1 version(s))
[2026-09-03 11:52:17] [INFO] [305/12905] Bureau/livraisonKPI 20250428/Nouveau dossier/bin/roslyn/csi.exe.config (8476 o)
[2026-09-03 11:52:17] [INFO]    ⬇  Bureau/livraisonKPI 20250428/Nouveau dossier/bin/roslyn/csi.exe.config
[2026-09-03 11:52:18] [INFO]    ⬆  Rejeu de 1 version(s) : Bureau/livraisonKPI 20250428/Nouveau dossier/bin/roslyn/csi.exe.config
[2026-09-03 11:52:20] [WARN]       v1 EnsureUser echoue (fethy.faradji@infopro-digital.com) : EnsureUser 401 : {}
[2026-09-03 11:52:20] [WARN]       v1 VVI echoue : SP REST 401 : {}
[2026-09-03 11:52:20] [WARN]       v1 : auteur non restaure (VVI non valide) pour 'fethy.faradji@infopro-digital.com'
[2026-09-03 11:52:21] [INFO] Restauration auteur version: tentative via SharePoint VVI terminee (voir logs vN pour le detail).
[2026-09-03 11:52:21] [SUCCESS] ✅ Bureau/livraisonKPI 20250428/Nouveau dossier/bin/roslyn/csi.exe.config - historique copie (1 version(s))
[2026-09-03 11:52:21] [INFO] [306/12905] Bureau/livraisonKPI 20250428/Nouveau dossier/bin/roslyn/csi.rsp (279 o)
[2026-09-03 11:52:22] [INFO]    ⬇  Bureau/livraisonKPI 20250428/Nouveau dossier/bin/roslyn/csi.rsp
[2026-09-03 11:52:22] [INFO]    ⬆  Rejeu de 1 version(s) : Bureau/livraisonKPI 20250428/Nouveau dossier/bin/roslyn/csi.rsp
[2026-09-03 11:52:24] [WARN]       v1 EnsureUser echoue (fethy.faradji@infopro-digital.com) : EnsureUser 401 : {}
[2026-09-03 11:52:25] [WARN]       v1 VVI echoue : SP REST 401 : {}
[2026-09-03 11:52:25] [WARN]       v1 : auteur non restaure (VVI non valide) pour 'fethy.faradji@infopro-digital.com'
[2026-09-03 11:52:26] [INFO] Restauration auteur version: tentative via SharePoint VVI terminee (voir logs vN pour le detail).
[2026-09-03 11:52:27] [SUCCESS] ✅ Bureau/livraisonKPI 20250428/Nouveau dossier/bin/roslyn/csi.rsp - historique copie (1 version(s))
[2026-09-03 11:52:27] [INFO] [307/12905] Bureau/livraisonKPI 20250428/Nouveau dossier/bin/roslyn/Microsoft.Build.Tasks.CodeAnalysis.dll (122288 o)
[2026-09-03 11:52:27] [INFO]    ⬇  Bureau/livraisonKPI 20250428/Nouveau dossier/bin/roslyn/Microsoft.Build.Tasks.CodeAnalysis.dll
[2026-09-03 11:52:28] [INFO]    ⬆  Rejeu de 1 version(s) : Bureau/livraisonKPI 20250428/Nouveau dossier/bin/roslyn/Microsoft.Build.Tasks.CodeAnalysis.dll
[2026-09-03 11:52:29] [WARN]       v1 EnsureUser echoue (fethy.faradji@infopro-digital.com) : EnsureUser 401 : {}
[2026-09-03 11:52:29] [WARN]       v1 VVI echoue : SP REST 401 : {}
[2026-09-03 11:52:30] [WARN]       v1 : auteur non restaure (VVI non valide) pour 'fethy.faradji@infopro-digital.com'
[2026-09-03 11:52:31] [INFO] Restauration auteur version: tentative via SharePoint VVI terminee (voir logs vN pour le detail).
[2026-09-03 11:52:31] [SUCCESS] ✅ Bureau/livraisonKPI 20250428/Nouveau dossier/bin/roslyn/Microsoft.Build.Tasks.CodeAnalysis.dll - historique copie (1 version(s))
[2026-09-03 11:52:31] [INFO] [308/12905] Bureau/livraisonKPI 20250428/Nouveau dossier/bin/roslyn/Microsoft.CodeAnalysis.CSharp.dll (4896176 o)
[2026-09-03 11:52:32] [INFO]    ⬇  Bureau/livraisonKPI 20250428/Nouveau dossier/bin/roslyn/Microsoft.CodeAnalysis.CSharp.dll
[2026-09-03 11:52:32] [INFO]    ⬆  Rejeu de 1 version(s) : Bureau/livraisonKPI 20250428/Nouveau dossier/bin/roslyn/Microsoft.CodeAnalysis.CSharp.dll
[2026-09-03 11:52:37] [WARN]       v1 EnsureUser echoue (fethy.faradji@infopro-digital.com) : EnsureUser 401 : {}
[2026-09-03 11:52:37] [WARN]       v1 VVI echoue : SP REST 401 : {}
[2026-09-03 11:52:38] [WARN]       v1 : auteur non restaure (VVI non valide) pour 'fethy.faradji@infopro-digital.com'
[2026-09-03 11:52:39] [INFO] Restauration auteur version: tentative via SharePoint VVI terminee (voir logs vN pour le detail).
[2026-09-03 11:52:39] [SUCCESS] ✅ Bureau/livraisonKPI 20250428/Nouveau dossier/bin/roslyn/Microsoft.CodeAnalysis.CSharp.dll - historique copie (1 version(s))
[2026-09-03 11:52:39] [INFO] [309/12905] Bureau/livraisonKPI 20250428/Nouveau dossier/bin/roslyn/Microsoft.CodeAnalysis.CSharp.Scripting.dll (28592 o)
[2026-09-03 11:52:39] [INFO]    ⬇  Bureau/livraisonKPI 20250428/Nouveau dossier/bin/roslyn/Microsoft.CodeAnalysis.CSharp.Scripting.dll
[2026-09-03 11:52:40] [INFO] Metadonnees versions exportees : C:\Users\ffaradji-op\Desktop\Mercury script powershell\onedrive\OneDrive_Versions_2026-09-03_091325.csv
[2026-09-03 11:52:40] [WARN] 5 erreur(s) : C:\Users\ffaradji-op\Desktop\Mercury script powershell\onedrive\OneDrive_Errors_2026-09-03_091325.csv
[2026-09-03 11:52:40] [INFO] Log : C:\Users\ffaradji-op\Desktop\Mercury script powershell\onedrive\OneDrive_Copy_2026-09-03_091325.log
