"horodatage_collecte","fichier","version_id","version_modifiee_utc","version_modifiee_par"
"03/09/2026 13:26:16","Applications/Microsoft Edge/Edge Workspaces/preferences.edge","1.0","2023-06-29T13:58:44Z","fethy.faradji@infopro-digital.com"
"03/09/2026 13:26:20","Applications/Microsoft Edge/Edge Workspaces/preferences.edge","2.0","2023-06-30T07:29:09Z","fethy.faradji@infopro-digital.com"
"03/09/2026 13:26:23","Applications/Microsoft Edge/Edge Workspaces/preferences.edge","3.0","2023-06-30T08:27:44Z","fethy.faradji@infopro-digital.com"
"03/09/2026 13:26:25","Applications/Microsoft Edge/Edge Workspaces/preferences.edge","4.0","2023-07-17T07:28:20Z","fethy.faradji@infopro-digital.com"
"03/09/2026 13:26:30","Bureau/backup/ALIM_TABLE_SF.sql","1.0","2024-10-07T12:06:34Z","fethy.faradji@infopro-digital.com"
"03/09/2026 13:26:35","Bureau/backup/SIMX_AO_IN.sql","1.0","2024-10-07T12:07:26Z","fethy.faradji@infopro-digital.com"
"03/09/2026 13:26:41","Bureau/bin/fr/System.Web.Helpers.resources.dll","1.0","2022-05-27T23:36:48Z","fethy.faradji@infopro-digital.com"
"03/09/2026 13:26:46","Bureau/bin/fr/System.Web.Mvc.resources.dll","1.0","2022-05-27T23:37:20Z","fethy.faradji@infopro-digital.com"
"03/09/2026 13:26:51","Bureau/bin/fr/System.Web.Optimization.resources.dll","1.0","2014-02-11T15:28:42Z","fethy.faradji@infopro-digital.com"
"03/09/2026 13:26:56","Bureau/bin/fr/System.Web.Razor.resources.dll","1.0","2022-05-27T23:36:48Z","fethy.faradji@infopro-digital.com"
"03/09/2026 13:27:01","Bureau/bin/fr/System.Web.WebPages.Deployment.resources.dll","1.0","2022-05-27T23:37:06Z","fethy.faradji@infopro-digital.com"
"03/09/2026 13:27:06","Bureau/bin/fr/System.Web.WebPages.Razor.resources.dll","1.0","2022-05-27T23:37:08Z","fethy.faradji@infopro-digital.com"
"03/09/2026 13:27:11","Bureau/bin/fr/System.Web.WebPages.resources.dll","1.0","2022-05-27T23:37:08Z","fethy.faradji@infopro-digital.com"
"03/09/2026 13:27:17","Bureau/bin/roslyn/csc.exe","1.0","2018-08-08T04:38:48Z","fethy.faradji@infopro-digital.com"
"03/09/2026 13:27:23","Bureau/bin/roslyn/csc.exe.config","1.0","2018-08-08T11:18:12Z","fethy.faradji@infopro-digital.com"
"03/09/2026 13:27:28","Bureau/bin/roslyn/csc.rsp","1.0","2018-08-08T11:09:42Z","fethy.faradji@infopro-digital.com"
"03/09/2026 13:27:34","Bureau/bin/roslyn/csi.exe","1.0","2018-08-08T04:38:48Z","fethy.faradji@infopro-digital.com"
"03/09/2026 13:27:40","Bureau/bin/roslyn/csi.exe.config","1.0","2018-08-08T11:18:34Z","fethy.faradji@infopro-digital.com"
"03/09/2026 13:27:46","Bureau/bin/roslyn/csi.rsp","1.0","2018-08-08T11:09:56Z","fethy.faradji@infopro-digital.com"
"03/09/2026 13:27:51","Bureau/bin/roslyn/Microsoft.Build.Tasks.CodeAnalysis.dll","1.0","2018-08-08T04:38:48Z","fethy.faradji@infopro-digital.com"
"03/09/2026 13:27:56","Bureau/bin/roslyn/Microsoft.CodeAnalysis.CSharp.dll","1.0","2018-08-08T04:38:48Z","fethy.faradji@infopro-digital.com"
"03/09/2026 13:28:06","Bureau/bin/roslyn/Microsoft.CodeAnalysis.CSharp.Scripting.dll","1.0","2018-08-08T04:38:48Z","fethy.faradji@infopro-digital.com"
"03/09/2026 13:28:11","Bureau/bin/roslyn/Microsoft.CodeAnalysis.dll","1.0","2018-08-08T04:38:48Z","fethy.faradji@infopro-digital.com"
"03/09/2026 13:28:18","Bureau/bin/roslyn/Microsoft.CodeAnalysis.Scripting.dll","1.0","2018-08-08T04:38:48Z","fethy.faradji@infopro-digital.com"
"03/09/2026 13:28:23","Bureau/bin/roslyn/Microsoft.CodeAnalysis.VisualBasic.dll","1.0","2018-08-08T04:38:48Z","fethy.faradji@infopro-digital.com"
"03/09/2026 13:28:32","Bureau/bin/roslyn/Microsoft.CSharp.Core.targets","1.0","2018-08-08T11:09:42Z","fethy.faradji@infopro-digital.com"
"03/09/2026 13:28:36","Bureau/bin/roslyn/Microsoft.DiaSymReader.Native.amd64.dll","1.0","2017-12-05T08:36:44Z","fethy.faradji@infopro-digital.com"
"03/09/2026 13:28:42","Bureau/bin/roslyn/Microsoft.DiaSymReader.Native.x86.dll","1.0","2017-12-05T08:36:44Z","fethy.faradji@infopro-digital.com"
"03/09/2026 13:28:48","Bureau/bin/roslyn/Microsoft.Managed.Core.targets","1.0","2018-08-08T11:09:42Z","fethy.faradji@infopro-digital.com"
"03/09/2026 13:28:53","Bureau/bin/roslyn/Microsoft.VisualBasic.Core.targets","1.0","2018-08-08T11:09:42Z","fethy.faradji@infopro-digital.com"
"03/09/2026 13:28:58","Bureau/bin/roslyn/Microsoft.Win32.Primitives.dll","1.0","2016-11-05T17:55:32Z","fethy.faradji@infopro-digital.com"
"03/09/2026 13:29:03","Bureau/bin/roslyn/System.AppContext.dll","1.0","2016-11-05T17:55:34Z","fethy.faradji@infopro-digital.com"
"03/09/2026 13:29:07","Bureau/bin/roslyn/System.Collections.Immutable.dll","1.0","2018-05-16T02:29:34Z","fethy.faradji@infopro-digital.com"
"03/09/2026 13:29:13","Bureau/bin/roslyn/System.Console.dll","1.0","2016-11-05T17:55:48Z","fethy.faradji@infopro-digital.com"
"03/09/2026 13:29:18","Bureau/bin/roslyn/System.Diagnostics.DiagnosticSource.dll","1.0","2016-11-05T17:55:52Z","fethy.faradji@infopro-digital.com"
"03/09/2026 13:29:23","Bureau/bin/roslyn/System.Diagnostics.FileVersionInfo.dll","1.0","2016-11-05T17:55:56Z","fethy.faradji@infopro-digital.com"
"03/09/2026 13:29:28","Bureau/bin/roslyn/System.Diagnostics.StackTrace.dll","1.0","2016-11-05T17:55:52Z","fethy.faradji@infopro-digital.com"
"03/09/2026 13:29:33","Bureau/bin/roslyn/System.Globalization.Calendars.dll","1.0","2016-11-05T17:56:02Z","fethy.faradji@infopro-digital.com"
"03/09/2026 13:29:38","Bureau/bin/roslyn/System.IO.Compression.dll","1.0","2016-11-05T17:56:08Z","fethy.faradji@infopro-digital.com"
"03/09/2026 13:29:53","Bureau/bin/roslyn/System.IO.Compression.ZipFile.dll","1.0","2016-11-05T17:56:04Z","fethy.faradji@infopro-digital.com"
"03/09/2026 13:29:58","Bureau/bin/roslyn/System.IO.FileSystem.dll","1.0","2016-11-05T17:56:08Z","fethy.faradji@infopro-digital.com"
"03/09/2026 13:30:03","Bureau/bin/roslyn/System.IO.FileSystem.Primitives.dll","1.0","2016-11-05T17:56:08Z","fethy.faradji@infopro-digital.com"
"03/09/2026 13:30:09","Bureau/bin/roslyn/System.Net.Http.dll","1.0","2016-11-05T17:56:30Z","fethy.faradji@infopro-digital.com"
"03/09/2026 13:30:14","Bureau/bin/roslyn/System.Net.Sockets.dll","1.0","2016-11-05T17:56:34Z","fethy.faradji@infopro-digital.com"
"03/09/2026 13:30:20","Bureau/bin/roslyn/System.Reflection.Metadata.dll","1.0","2018-05-16T02:29:44Z","fethy.faradji@infopro-digital.com"
"03/09/2026 13:30:26","Bureau/bin/roslyn/System.Runtime.InteropServices.RuntimeInformation.dll","1.0","2016-11-05T17:57:00Z","fethy.faradji@infopro-digital.com"
"03/09/2026 13:30:31","Bureau/bin/roslyn/System.Security.Cryptography.Algorithms.dll","1.0","2016-11-05T17:57:14Z","fethy.faradji@infopro-digital.com"
"03/09/2026 13:30:36","Bureau/bin/roslyn/System.Security.Cryptography.Encoding.dll","1.0","2016-11-05T17:57:08Z","fethy.faradji@infopro-digital.com"
"03/09/2026 13:30:42","Bureau/bin/roslyn/System.Security.Cryptography.Primitives.dll","1.0","2016-11-05T17:57:18Z","fethy.faradji@infopro-digital.com"
"03/09/2026 13:30:48","Bureau/bin/roslyn/System.Security.Cryptography.X509Certificates.dll","1.0","2016-11-05T17:57:18Z","fethy.faradji@infopro-digital.com"
"03/09/2026 13:30:53","Bureau/bin/roslyn/System.Text.Encoding.CodePages.dll","1.0","2016-11-05T17:57:20Z","fethy.faradji@infopro-digital.com"
"03/09/2026 13:30:59","Bureau/bin/roslyn/System.Threading.Tasks.Extensions.dll","1.0","2016-11-05T17:57:24Z","fethy.faradji@infopro-digital.com"
"03/09/2026 13:31:05","Bureau/bin/roslyn/System.ValueTuple.dll","1.0","2016-11-05T17:57:30Z","fethy.faradji@infopro-digital.com"
"03/09/2026 13:31:10","Bureau/bin/roslyn/System.Xml.ReaderWriter.dll","1.0","2016-11-05T17:57:36Z","fethy.faradji@infopro-digital.com"
"03/09/2026 13:31:17","Bureau/bin/roslyn/System.Xml.XmlDocument.dll","1.0","2016-11-05T17:57:34Z","fethy.faradji@infopro-digital.com"
"03/09/2026 13:31:22","Bureau/bin/roslyn/System.Xml.XPath.dll","1.0","2016-11-05T17:57:40Z","fethy.faradji@infopro-digital.com"
"03/09/2026 13:31:27","Bureau/bin/roslyn/System.Xml.XPath.XDocument.dll","1.0","2016-11-05T17:57:34Z","fethy.faradji@infopro-digital.com"
"03/09/2026 13:31:33","Bureau/bin/roslyn/vbc.exe","1.0","2018-08-08T04:38:48Z","fethy.faradji@infopro-digital.com"
"03/09/2026 13:31:38","Bureau/bin/roslyn/vbc.exe.config","1.0","2018-08-08T11:18:18Z","fethy.faradji@infopro-digital.com"
"03/09/2026 13:31:43","Bureau/bin/roslyn/vbc.rsp","1.0","2018-08-08T11:09:46Z","fethy.faradji@infopro-digital.com"
"03/09/2026 13:31:48","Bureau/bin/roslyn/VBCSCompiler.exe","1.0","2018-08-08T04:38:48Z","fethy.faradji@infopro-digital.com"
"03/09/2026 13:31:53","Bureau/bin/roslyn/VBCSCompiler.exe.config","1.0","2018-08-08T11:18:16Z","fethy.faradji@infopro-digital.com"
"03/09/2026 13:31:58","Bureau/bin/Antlr3.Runtime.dll","1.0","2013-09-10T15:29:20Z","fethy.faradji@infopro-digital.com"
"03/09/2026 13:32:03","Bureau/bin/Antlr3.Runtime.pdb","1.0","2013-09-10T15:29:20Z","fethy.faradji@infopro-digital.com"
"03/09/2026 13:32:08","Bureau/bin/Dapper.dll","1.0","2025-02-06T12:15:40Z","fethy.faradji@infopro-digital.com"
"03/09/2026 13:32:14","Bureau/bin/Dapper.xml","1.0","2025-02-06T12:15:40Z","fethy.faradji@infopro-digital.com"
"03/09/2026 13:32:19","Bureau/bin/Microsoft.Bcl.AsyncInterfaces.dll","1.0","2024-12-10T21:05:40Z","fethy.faradji@infopro-digital.com"
"03/09/2026 13:32:25","Bureau/bin/Microsoft.Bcl.AsyncInterfaces.xml","1.0","2024-12-10T21:05:40Z","fethy.faradji@infopro-digital.com"
"03/09/2026 13:32:30","Bureau/bin/Microsoft.Bcl.HashCode.dll","1.0","2020-11-16T21:15:16Z","fethy.faradji@infopro-digital.com"
"03/09/2026 13:32:34","Bureau/bin/Microsoft.Bcl.HashCode.xml","1.0","2020-11-16T21:15:16Z","fethy.faradji@infopro-digital.com"
"03/09/2026 13:32:39","Bureau/bin/Microsoft.CodeDom.Providers.DotNetCompilerPlatform.dll","1.0","2018-09-05T15:10:50Z","fethy.faradji@infopro-digital.com"
"03/09/2026 13:32:45","Bureau/bin/Microsoft.CodeDom.Providers.DotNetCompilerPlatform.xml","1.0","2018-09-05T15:05:34Z","fethy.faradji@infopro-digital.com"
"03/09/2026 13:32:49","Bureau/bin/Microsoft.Extensions.DependencyInjection.Abstractions.dll","1.0","2023-10-31T15:00:34Z","fethy.faradji@infopro-digital.com"
"03/09/2026 13:32:54","Bureau/bin/Microsoft.Extensions.DependencyInjection.Abstractions.xml","1.0","2023-10-31T15:00:34Z","fethy.faradji@infopro-digital.com"
"03/09/2026 13:33:00","Bureau/bin/Microsoft.Extensions.Logging.Abstractions.dll","1.0","2023-10-31T15:04:00Z","fethy.faradji@infopro-digital.com"
"03/09/2026 13:33:05","Bureau/bin/Microsoft.Extensions.Logging.Abstractions.xml","1.0","2023-10-31T15:04:00Z","fethy.faradji@infopro-digital.com"
"03/09/2026 13:33:10","Bureau/bin/Microsoft.Web.Infrastructure.dll","1.0","2022-04-11T17:09:46Z","fethy.faradji@infopro-digital.com"
"03/09/2026 13:33:15","Bureau/bin/Newtonsoft.Json.dll","1.0","2023-03-08T05:09:56Z","fethy.faradji@infopro-digital.com"
"03/09/2026 13:33:22","Bureau/bin/Newtonsoft.Json.xml","1.0","2023-03-08T05:05:50Z","fethy.faradji@infopro-digital.com"
"03/09/2026 13:33:29","Bureau/bin/Npgsql.dll","1.0","2024-11-18T16:58:10Z","fethy.faradji@infopro-digital.com"
"03/09/2026 13:33:35","Bureau/bin/Npgsql.xml","1.0","2024-11-18T16:58:10Z","fethy.faradji@infopro-digital.com"
"03/09/2026 13:33:41","Bureau/bin/SetupDWSecurite.dll","1.0","2025-04-02T09:48:29Z","fethy.faradji@infopro-digital.com"
"03/09/2026 13:33:47","Bureau/bin/SetupDWSecurite.dll.config","1.0","2025-04-01T12:54:28Z","fethy.faradji@infopro-digital.com"
"03/09/2026 13:33:53","Bureau/bin/SetupDWSecurite.pdb","1.0","2025-04-02T09:48:29Z","fethy.faradji@infopro-digital.com"
"03/09/2026 13:33:59","Bureau/bin/System.Buffers.dll","1.0","2020-02-19T10:05:18Z","fethy.faradji@infopro-digital.com"
"03/09/2026 13:34:04","Bureau/bin/System.Buffers.xml","1.0","2020-02-19T10:05:18Z","fethy.faradji@infopro-digital.com"
"03/09/2026 13:34:10","Bureau/bin/System.Collections.Immutable.dll","1.0","2023-10-31T15:04:34Z","fethy.faradji@infopro-digital.com"
"03/09/2026 13:34:16","Bureau/bin/System.Collections.Immutable.xml","1.0","2023-09-18T23:26:32Z","fethy.faradji@infopro-digital.com"
"03/09/2026 13:34:22","Bureau/bin/System.Diagnostics.DiagnosticSource.dll","1.0","2023-10-31T15:00:46Z","fethy.faradji@infopro-digital.com"
"03/09/2026 13:34:27","Bureau/bin/System.Diagnostics.DiagnosticSource.xml","1.0","2023-09-18T23:26:32Z","fethy.faradji@infopro-digital.com"
"03/09/2026 13:34:32","Bureau/bin/System.Memory.dll","1.0","2022-05-08T03:31:02Z","fethy.faradji@infopro-digital.com"
"03/09/2026 13:34:38","Bureau/bin/System.Memory.xml","1.0","2022-05-08T03:31:02Z","fethy.faradji@infopro-digital.com"
"03/09/2026 13:34:43","Bureau/bin/System.Numerics.Vectors.dll","1.0","2018-05-15T13:29:44Z","fethy.faradji@infopro-digital.com"
"03/09/2026 13:34:49","Bureau/bin/System.Numerics.Vectors.xml","1.0","2018-05-15T13:29:44Z","fethy.faradji@infopro-digital.com"
"03/09/2026 13:34:55","Bureau/bin/System.Runtime.CompilerServices.Unsafe.dll","1.0","2021-10-22T23:40:18Z","fethy.faradji@infopro-digital.com"
"03/09/2026 13:35:02","Bureau/bin/System.Runtime.CompilerServices.Unsafe.xml","1.0","2021-10-19T07:14:20Z","fethy.faradji@infopro-digital.com"
"03/09/2026 13:35:07","Bureau/bin/System.Text.Encodings.Web.dll","1.0","2023-10-31T15:00:28Z","fethy.faradji@infopro-digital.com"
"03/09/2026 13:35:14","Bureau/bin/System.Text.Encodings.Web.xml","1.0","2023-09-18T23:26:32Z","fethy.faradji@infopro-digital.com"
"03/09/2026 13:35:20","Bureau/bin/System.Text.Json.dll","1.0","2024-09-16T23:15:02Z","fethy.faradji@infopro-digital.com"
"03/09/2026 13:35:26","Bureau/bin/System.Text.Json.xml","1.0","2023-09-18T23:26:32Z","fethy.faradji@infopro-digital.com"
"03/09/2026 13:35:32","Bureau/bin/System.Threading.Channels.dll","1.0","2023-10-31T15:09:50Z","fethy.faradji@infopro-digital.com"
"03/09/2026 13:35:38","Bureau/bin/System.Threading.Channels.xml","1.0","2023-09-18T23:26:32Z","fethy.faradji@infopro-digital.com"
"03/09/2026 13:35:43","Bureau/bin/System.Threading.Tasks.Extensions.dll","1.0","2020-02-19T10:05:18Z","fethy.faradji@infopro-digital.com"
"03/09/2026 13:35:48","Bureau/bin/System.Threading.Tasks.Extensions.xml","1.0","2020-02-19T10:05:18Z","fethy.faradji@infopro-digital.com"
"03/09/2026 13:35:54","Bureau/bin/System.ValueTuple.dll","1.0","2018-05-15T13:29:52Z","fethy.faradji@infopro-digital.com"
"03/09/2026 13:36:00","Bureau/bin/System.ValueTuple.xml","1.0","2018-05-15T13:29:52Z","fethy.faradji@infopro-digital.com"
"03/09/2026 13:36:06","Bureau/bin/System.Web.Helpers.dll","1.0","2022-05-27T21:41:54Z","fethy.faradji@infopro-digital.com"
"03/09/2026 13:36:13","Bureau/bin/System.Web.Helpers.xml","1.0","2022-05-27T21:18:42Z","fethy.faradji@infopro-digital.com"
"03/09/2026 13:36:19","Bureau/bin/System.Web.Mvc.dll","1.0","2022-05-27T21:42:20Z","fethy.faradji@infopro-digital.com"
"03/09/2026 13:36:25","Bureau/bin/System.Web.Mvc.xml","1.0","2022-05-27T21:18:42Z","fethy.faradji@infopro-digital.com"
"03/09/2026 13:36:32","Bureau/bin/System.Web.Optimization.dll","1.0","2014-02-11T14:26:04Z","fethy.faradji@infopro-digital.com"
"03/09/2026 13:36:38","Bureau/bin/System.Web.Optimization.xml","1.0","2014-02-11T14:26:04Z","fethy.faradji@infopro-digital.com"
"03/09/2026 13:36:44","Bureau/bin/System.Web.Razor.dll","1.0","2022-05-27T21:42:06Z","fethy.faradji@infopro-digital.com"
"03/09/2026 13:36:50","Bureau/bin/System.Web.Razor.xml","1.0","2022-05-27T21:18:42Z","fethy.faradji@infopro-digital.com"
"03/09/2026 13:36:57","Bureau/bin/System.Web.WebPages.Deployment.dll","1.0","2022-05-27T21:42:46Z","fethy.faradji@infopro-digital.com"
"03/09/2026 13:37:02","Bureau/bin/System.Web.WebPages.Deployment.xml","1.0","2022-05-27T21:18:42Z","fethy.faradji@infopro-digital.com"
"03/09/2026 13:37:09","Bureau/bin/System.Web.WebPages.dll","1.0","2022-05-27T21:42:16Z","fethy.faradji@infopro-digital.com"
"03/09/2026 13:37:15","Bureau/bin/System.Web.WebPages.Razor.dll","1.0","2022-05-27T21:42:50Z","fethy.faradji@infopro-digital.com"
"03/09/2026 13:37:21","Bureau/bin/System.Web.WebPages.Razor.xml","1.0","2022-05-27T21:18:42Z","fethy.faradji@infopro-digital.com"
"03/09/2026 13:37:27","Bureau/bin/System.Web.WebPages.xml","1.0","2022-05-27T21:18:42Z","fethy.faradji@infopro-digital.com"
"03/09/2026 13:37:33","Bureau/bin/Web.prod.config","1.0","2025-04-02T09:48:16Z","fethy.faradji@infopro-digital.com"
"03/09/2026 13:37:39","Bureau/bin/WebGrease.dll","1.0","2014-01-23T12:57:34Z","fethy.faradji@infopro-digital.com"
"03/09/2026 13:37:46","Bureau/bureau/warning ssis.pdf","1.0","2023-08-10T07:44:44Z","fethy.faradji@infopro-digital.com"
"03/09/2026 13:37:52","Bureau/Debug/app.publish/Alimentation_DWS_PS.exe","1.0","2025-05-21T09:42:06Z","fethy.faradji@infopro-digital.com"
"03/09/2026 13:37:54","Bureau/Debug/app.publish/Alimentation_DWS_PS.exe","2.0","2025-05-21T09:53:21Z","fethy.faradji@infopro-digital.com"
"03/09/2026 13:37:56","Bureau/Debug/app.publish/Alimentation_DWS_PS.exe","3.0","2025-05-21T09:59:29Z","fethy.faradji@infopro-digital.com"
"03/09/2026 13:37:58","Bureau/Debug/app.publish/Alimentation_DWS_PS.exe","4.0","2025-05-21T13:23:16Z","fethy.faradji@infopro-digital.com"
"03/09/2026 13:38:00","Bureau/Debug/app.publish/Alimentation_DWS_PS.exe","5.0","2025-05-21T13:28:05Z","fethy.faradji@infopro-digital.com"
"03/09/2026 13:38:02","Bureau/Debug/app.publish/Alimentation_DWS_PS.exe","6.0","2025-05-21T14:32:14Z","fethy.faradji@infopro-digital.com"
"03/09/2026 13:38:04","Bureau/Debug/app.publish/Alimentation_DWS_PS.exe","7.0","2025-05-21T14:38:06Z","fethy.faradji@infopro-digital.com"
"03/09/2026 13:38:06","Bureau/Debug/app.publish/Alimentation_DWS_PS.exe","8.0","2025-05-21T14:44:47Z","fethy.faradji@infopro-digital.com"
"03/09/2026 13:38:08","Bureau/Debug/app.publish/Alimentation_DWS_PS.exe","9.0","2025-05-22T08:52:01Z","fethy.faradji@infopro-digital.com"
"03/09/2026 13:38:13","Bureau/Debug/PowerShell/AcceptedDomains.ps1","1.0","2025-05-20T13:34:23Z","fethy.faradji@infopro-digital.com"
"03/09/2026 13:38:18","Bureau/Debug/PowerShell/AlerteEchange.ps1","1.0","2025-05-14T09:14:33Z","fethy.faradji@infopro-digital.com"
"03/09/2026 13:38:23","Bureau/Debug/PowerShell/Extraction_AD_Computers.ps1","1.0","2025-03-14T10:34:41Z","fethy.faradji@infopro-digital.com"
"03/09/2026 13:38:30","Bureau/Debug/PowerShell/ExtractionAD-ANETO.ps1","1.0","2025-04-01T14:10:45Z","fethy.faradji@infopro-digital.com"
"03/09/2026 13:38:32","Bureau/Debug/PowerShell/ExtractionAD-ANETO.ps1","2.0","2025-05-20T12:56:03Z","fethy.faradji@infopro-digital.com"
"03/09/2026 13:38:37","Bureau/Debug/PowerShell/ExtractionAD-APC.ps1","1.0","2025-05-20T12:56:03Z","fethy.faradji@infopro-digital.com"
"03/09/2026 13:38:43","Bureau/Debug/PowerShell/ExtractionAD-COMPANEO.ps1","1.0","2025-04-01T14:10:45Z","fethy.faradji@infopro-digital.com"
"03/09/2026 13:38:45","Bureau/Debug/PowerShell/ExtractionAD-COMPANEO.ps1","2.0","2025-05-20T12:56:03Z","fethy.faradji@infopro-digital.com"
"03/09/2026 13:38:50","Bureau/Debug/PowerShell/ExtractionAD-DRD.ps1","1.0","2025-03-27T14:21:12Z","fethy.faradji@infopro-digital.com"
"03/09/2026 13:38:56","Bureau/Debug/PowerShell/ExtractionAD-EBP.ps1","1.0","2025-04-01T14:10:45Z","fethy.faradji@infopro-digital.com"
"03/09/2026 13:38:58","Bureau/Debug/PowerShell/ExtractionAD-EBP.ps1","2.0","2025-05-20T12:56:03Z","fethy.faradji@infopro-digital.com"
"03/09/2026 13:39:02","Bureau/Debug/PowerShell/ExtractionAD-GMH.ps1","1.0","2025-04-01T14:10:45Z","fethy.faradji@infopro-digital.com"
"03/09/2026 13:39:05","Bureau/Debug/PowerShell/ExtractionAD-GMH.ps1","2.0","2025-05-20T12:56:03Z","fethy.faradji@infopro-digital.com"
"03/09/2026 13:39:11","Bureau/Debug/PowerShell/ExtractionAD-INFO.ps1","1.0","2025-04-01T14:10:45Z","fethy.faradji@infopro-digital.com"
"03/09/2026 13:39:13","Bureau/Debug/PowerShell/ExtractionAD-INFO.ps1","2.0","2025-05-20T12:56:03Z","fethy.faradji@infopro-digital.com"
"03/09/2026 13:39:18","Bureau/Debug/PowerShell/ExtractionAD-VP.ps1","1.0","2025-03-27T15:08:12Z","fethy.faradji@infopro-digital.com"
"03/09/2026 13:39:24","Bureau/Debug/PowerShell/ExtractionAD-VPLUS.ps1","1.0","2025-04-01T14:10:45Z","fethy.faradji@infopro-digital.com"
"03/09/2026 13:39:27","Bureau/Debug/PowerShell/ExtractionAD-VPLUS.ps1","2.0","2025-05-20T12:56:03Z","fethy.faradji@infopro-digital.com"
"03/09/2026 13:39:31","Bureau/Debug/PowerShell/HTMLTable.ps1","1.0","2025-03-14T10:34:41Z","fethy.faradji@infopro-digital.com"
"03/09/2026 13:39:36","Bureau/Debug/PowerShell/Script_recuperation_domaines_accepte_exchange.ps1","1.0","2025-03-28T14:57:19Z","fethy.faradji@infopro-digital.com"
"03/09/2026 13:39:39","Bureau/Debug/PowerShell/Script_recuperation_domaines_accepte_exchange.ps1","2.0","2025-04-25T13:08:25Z","fethy.faradji@infopro-digital.com"
"03/09/2026 13:39:43","Bureau/Debug/PowerShell/User365.ps1","1.0","2025-04-25T15:17:44Z","fethy.faradji@infopro-digital.com"
"03/09/2026 13:39:48","Bureau/Debug/PowerShell/UserExcel.ps1","1.0","2025-05-12T14:50:15Z","fethy.faradji@infopro-digital.com"
"03/09/2026 13:39:54","Bureau/Debug/Alimentation_DWS_PS.application","1.0","2025-05-21T09:42:07Z","fethy.faradji@infopro-digital.com"
"03/09/2026 13:39:56","Bureau/Debug/Alimentation_DWS_PS.application","2.0","2025-05-21T09:53:21Z","fethy.faradji@infopro-digital.com"
"03/09/2026 13:39:58","Bureau/Debug/Alimentation_DWS_PS.application","3.0","2025-05-21T09:59:30Z","fethy.faradji@infopro-digital.com"
"03/09/2026 13:39:59","Bureau/Debug/Alimentation_DWS_PS.application","4.0","2025-05-21T13:23:16Z","fethy.faradji@infopro-digital.com"
"03/09/2026 13:40:01","Bureau/Debug/Alimentation_DWS_PS.application","5.0","2025-05-21T13:28:05Z","fethy.faradji@infopro-digital.com"
"03/09/2026 13:40:03","Bureau/Debug/Alimentation_DWS_PS.application","6.0","2025-05-21T14:32:14Z","fethy.faradji@infopro-digital.com"
"03/09/2026 13:40:05","Bureau/Debug/Alimentation_DWS_PS.application","7.0","2025-05-21T14:38:07Z","fethy.faradji@infopro-digital.com"
"03/09/2026 13:40:07","Bureau/Debug/Alimentation_DWS_PS.application","8.0","2025-05-21T14:44:47Z","fethy.faradji@infopro-digital.com"
"03/09/2026 13:40:09","Bureau/Debug/Alimentation_DWS_PS.application","9.0","2025-05-22T08:52:01Z","fethy.faradji@infopro-digital.com"
"03/09/2026 13:40:14","Bureau/Debug/Alimentation_DWS_PS.exe","1.0","2025-04-02T13:14:59Z","fethy.faradji@infopro-digital.com"
"03/09/2026 13:40:17","Bureau/Debug/Alimentation_DWS_PS.exe","2.0","2025-05-21T09:42:06Z","fethy.faradji@infopro-digital.com"
"03/09/2026 13:40:19","Bureau/Debug/Alimentation_DWS_PS.exe","3.0","2025-05-21T09:53:21Z","fethy.faradji@infopro-digital.com"
"03/09/2026 13:40:21","Bureau/Debug/Alimentation_DWS_PS.exe","4.0","2025-05-21T09:59:29Z","fethy.faradji@infopro-digital.com"
"03/09/2026 13:40:23","Bureau/Debug/Alimentation_DWS_PS.exe","5.0","2025-05-21T13:23:15Z","fethy.faradji@infopro-digital.com"
"03/09/2026 13:40:25","Bureau/Debug/Alimentation_DWS_PS.exe","6.0","2025-05-21T13:28:04Z","fethy.faradji@infopro-digital.com"
"03/09/2026 13:40:28","Bureau/Debug/Alimentation_DWS_PS.exe","7.0","2025-05-21T14:32:14Z","fethy.faradji@infopro-digital.com"
"03/09/2026 13:40:30","Bureau/Debug/Alimentation_DWS_PS.exe","8.0","2025-05-21T14:38:06Z","fethy.faradji@infopro-digital.com"
"03/09/2026 13:40:32","Bureau/Debug/Alimentation_DWS_PS.exe","9.0","2025-05-21T14:44:47Z","fethy.faradji@infopro-digital.com"
"03/09/2026 13:40:34","Bureau/Debug/Alimentation_DWS_PS.exe","10.0","2025-05-22T08:52:01Z","fethy.faradji@infopro-digital.com"
"03/09/2026 13:40:40","Bureau/Debug/Alimentation_DWS_PS.exe.config","1.0","2025-03-14T10:29:11Z","fethy.faradji@infopro-digital.com"
"03/09/2026 13:40:45","Bureau/Debug/Alimentation_DWS_PS.exe.manifest","1.0","2025-05-21T09:42:07Z","fethy.faradji@infopro-digital.com"
"03/09/2026 13:40:48","Bureau/Debug/Alimentation_DWS_PS.exe.manifest","2.0","2025-05-21T09:53:21Z","fethy.faradji@infopro-digital.com"
"03/09/2026 13:40:49","Bureau/Debug/Alimentation_DWS_PS.exe.manifest","3.0","2025-05-21T09:59:30Z","fethy.faradji@infopro-digital.com"
"03/09/2026 13:40:51","Bureau/Debug/Alimentation_DWS_PS.exe.manifest","4.0","2025-05-21T13:23:16Z","fethy.faradji@infopro-digital.com"
"03/09/2026 13:40:53","Bureau/Debug/Alimentation_DWS_PS.exe.manifest","5.0","2025-05-21T13:28:05Z","fethy.faradji@infopro-digital.com"
"03/09/2026 13:40:55","Bureau/Debug/Alimentation_DWS_PS.exe.manifest","6.0","2025-05-21T14:32:14Z","fethy.faradji@infopro-digital.com"
"03/09/2026 13:40:58","Bureau/Debug/Alimentation_DWS_PS.exe.manifest","7.0","2025-05-21T14:38:07Z","fethy.faradji@infopro-digital.com"
"03/09/2026 13:41:00","Bureau/Debug/Alimentation_DWS_PS.exe.manifest","8.0","2025-05-21T14:44:47Z","fethy.faradji@infopro-digital.com"
"03/09/2026 13:41:01","Bureau/Debug/Alimentation_DWS_PS.exe.manifest","9.0","2025-05-22T08:52:01Z","fethy.faradji@infopro-digital.com"
"03/09/2026 13:41:07","Bureau/Debug/Alimentation_DWS_PS.pdb","1.0","2025-04-02T13:14:59Z","fethy.faradji@infopro-digital.com"
"03/09/2026 13:41:09","Bureau/Debug/Alimentation_DWS_PS.pdb","2.0","2025-05-21T09:42:06Z","fethy.faradji@infopro-digital.com"
"03/09/2026 13:41:12","Bureau/Debug/Alimentation_DWS_PS.pdb","3.0","2025-05-21T09:53:21Z","fethy.faradji@infopro-digital.com"
"03/09/2026 13:41:14","Bureau/Debug/Alimentation_DWS_PS.pdb","4.0","2025-05-21T09:59:29Z","fethy.faradji@infopro-digital.com"
"03/09/2026 13:41:16","Bureau/Debug/Alimentation_DWS_PS.pdb","5.0","2025-05-21T13:23:15Z","fethy.faradji@infopro-digital.com"
"03/09/2026 13:41:17","Bureau/Debug/Alimentation_DWS_PS.pdb","6.0","2025-05-21T13:28:04Z","fethy.faradji@infopro-digital.com"
"03/09/2026 13:41:20","Bureau/Debug/Alimentation_DWS_PS.pdb","7.0","2025-05-21T14:32:14Z","fethy.faradji@infopro-digital.com"
"03/09/2026 13:41:22","Bureau/Debug/Alimentation_DWS_PS.pdb","8.0","2025-05-21T14:38:06Z","fethy.faradji@infopro-digital.com"
"03/09/2026 13:41:24","Bureau/Debug/Alimentation_DWS_PS.pdb","9.0","2025-05-21T14:44:47Z","fethy.faradji@infopro-digital.com"
"03/09/2026 13:41:26","Bureau/Debug/Alimentation_DWS_PS.pdb","10.0","2025-05-22T08:52:01Z","fethy.faradji@infopro-digital.com"
"03/09/2026 13:41:31","Bureau/Debug/Microsoft.Bcl.AsyncInterfaces.dll","1.0","2025-02-11T23:12:14Z","fethy.faradji@infopro-digital.com"
"03/09/2026 13:41:37","Bureau/Debug/Microsoft.Bcl.AsyncInterfaces.xml","1.0","2025-02-11T23:12:14Z","fethy.faradji@infopro-digital.com"
"03/09/2026 13:41:42","Bureau/Debug/Microsoft.Bcl.HashCode.dll","1.0","2020-11-16T21:15:16Z","fethy.faradji@infopro-digital.com"
"03/09/2026 13:41:47","Bureau/Debug/Microsoft.Bcl.HashCode.xml","1.0","2020-11-16T21:15:16Z","fethy.faradji@infopro-digital.com"
"03/09/2026 13:41:53","Bureau/Debug/Microsoft.Extensions.DependencyInjection.Abstractions.dll","1.0","2023-10-31T15:00:34Z","fethy.faradji@infopro-digital.com"
"03/09/2026 13:41:58","Bureau/Debug/Microsoft.Extensions.DependencyInjection.Abstractions.xml","1.0","2023-10-31T15:00:34Z","fethy.faradji@infopro-digital.com"
"03/09/2026 13:42:04","Bureau/Debug/Microsoft.Extensions.Logging.Abstractions.dll","1.0","2023-10-31T15:04:00Z","fethy.faradji@infopro-digital.com"
"03/09/2026 13:42:09","Bureau/Debug/Microsoft.Extensions.Logging.Abstractions.xml","1.0","2023-10-31T15:04:00Z","fethy.faradji@infopro-digital.com"
"03/09/2026 13:42:14","Bureau/Debug/Npgsql.dll","1.0","2025-02-24T22:00:04Z","fethy.faradji@infopro-digital.com"
"03/09/2026 13:42:21","Bureau/Debug/Npgsql.xml","1.0","2025-02-24T22:00:00Z","fethy.faradji@infopro-digital.com"
"03/09/2026 13:42:26","Bureau/Debug/System.Buffers.dll","1.0","2020-02-19T10:05:18Z","fethy.faradji@infopro-digital.com"
"03/09/2026 13:42:31","Bureau/Debug/System.Buffers.xml","1.0","2020-02-19T10:05:18Z","fethy.faradji@infopro-digital.com"
"03/09/2026 13:42:37","Bureau/Debug/System.Collections.Immutable.dll","1.0","2023-10-31T15:04:34Z","fethy.faradji@infopro-digital.com"
"03/09/2026 13:42:41","Bureau/Debug/System.Collections.Immutable.xml","1.0","2023-09-18T23:26:32Z","fethy.faradji@infopro-digital.com"
"03/09/2026 13:42:46","Bureau/Debug/System.Diagnostics.DiagnosticSource.dll","1.0","2023-10-31T15:00:46Z","fethy.faradji@infopro-digital.com"
"03/09/2026 13:42:52","Bureau/Debug/System.Diagnostics.DiagnosticSource.xml","1.0","2023-09-18T23:26:32Z","fethy.faradji@infopro-digital.com"
"03/09/2026 13:42:57","Bureau/Debug/System.IO.Pipelines.dll","1.0","2025-02-11T23:12:24Z","fethy.faradji@infopro-digital.com"
"03/09/2026 13:43:02","Bureau/Debug/System.IO.Pipelines.xml","1.0","2025-02-11T23:12:24Z","fethy.faradji@infopro-digital.com"
"03/09/2026 13:43:07","Bureau/Debug/System.Memory.dll","1.0","2022-05-08T03:31:02Z","fethy.faradji@infopro-digital.com"
"03/09/2026 13:43:13","Bureau/Debug/System.Memory.xml","1.0","2022-05-08T03:31:02Z","fethy.faradji@infopro-digital.com"
"03/09/2026 13:43:19","Bureau/Debug/System.Numerics.Vectors.dll","1.0","2018-05-15T13:29:44Z","fethy.faradji@infopro-digital.com"
"03/09/2026 13:43:23","Bureau/Debug/System.Numerics.Vectors.xml","1.0","2018-05-15T13:29:44Z","fethy.faradji@infopro-digital.com"
"03/09/2026 13:43:28","Bureau/Debug/System.Runtime.CompilerServices.Unsafe.dll","1.0","2021-10-22T23:40:18Z","fethy.faradji@infopro-digital.com"
"03/09/2026 13:43:33","Bureau/Debug/System.Runtime.CompilerServices.Unsafe.xml","1.0","2021-10-19T07:14:20Z","fethy.faradji@infopro-digital.com"
"03/09/2026 13:43:38","Bureau/Debug/System.Text.Encodings.Web.dll","1.0","2025-02-11T23:18:34Z","fethy.faradji@infopro-digital.com"
"03/09/2026 13:43:42","Bureau/Debug/System.Text.Encodings.Web.xml","1.0","2025-02-11T23:18:34Z","fethy.faradji@infopro-digital.com"
"03/09/2026 13:43:47","Bureau/Debug/System.Text.Json.dll","1.0","2025-02-11T23:18:50Z","fethy.faradji@infopro-digital.com"
"03/09/2026 13:43:53","Bureau/Debug/System.Text.Json.xml","1.0","2025-02-11T23:18:50Z","fethy.faradji@infopro-digital.com"
"03/09/2026 13:43:58","Bureau/Debug/System.Threading.Channels.dll","1.0","2023-10-31T15:09:50Z","fethy.faradji@infopro-digital.com"
"03/09/2026 13:44:03","Bureau/Debug/System.Threading.Channels.xml","1.0","2023-09-18T23:26:32Z","fethy.faradji@infopro-digital.com"
"03/09/2026 13:44:08","Bureau/Debug/System.Threading.Tasks.Extensions.dll","1.0","2020-02-19T10:05:18Z","fethy.faradji@infopro-digital.com"
"03/09/2026 13:44:13","Bureau/Debug/System.Threading.Tasks.Extensions.xml","1.0","2020-02-19T10:05:18Z","fethy.faradji@infopro-digital.com"
"03/09/2026 13:44:18","Bureau/Debug/System.ValueTuple.dll","1.0","2018-05-15T13:29:52Z","fethy.faradji@infopro-digital.com"
"03/09/2026 13:44:25","Bureau/Debug/System.ValueTuple.xml","1.0","2018-05-15T13:29:52Z","fethy.faradji@infopro-digital.com"
"03/09/2026 13:44:30","Bureau/Debug/testpowershell2.exe","1.0","2025-03-17T08:13:27Z","fethy.faradji@infopro-digital.com"
"03/09/2026 13:44:36","Bureau/Debug/testpowershell2.exe.config","1.0","2025-03-14T10:29:11Z","fethy.faradji@infopro-digital.com"
"03/09/2026 13:44:41","Bureau/Debug/testpowershell2.pdb","1.0","2025-03-17T08:13:27Z","fethy.faradji@infopro-digital.com"
"03/09/2026 13:44:46","Bureau/droit sharepoint/SharePoint_Permissions_Export_source.csv","1.0","2025-07-31T00:54:15Z","fethy.faradji@infopro-digital.com"
"03/09/2026 13:46:39","Bureau/DWS - applications Azure/Alimentation_DWS_PS.application","1.0","2025-09-09T06:39:12Z","fethy.faradji@infopro-digital.com"
"03/09/2026 13:46:44","Bureau/DWS - applications Azure/Alimentation_DWS_PS.exe","1.0","2025-09-09T06:39:11Z","fethy.faradji@infopro-digital.com"
"03/09/2026 13:46:50","Bureau/DWS - applications Azure/Alimentation_DWS_PS.exe.manifest","1.0","2025-09-09T06:39:12Z","fethy.faradji@infopro-digital.com"
"03/09/2026 13:46:56","Bureau/DWS - applications Azure/Alimentation_DWS_PS.pdb","1.0","2025-09-09T06:39:11Z","fethy.faradji@infopro-digital.com"
"03/09/2026 13:47:01","Bureau/DWS - applications Azure/DM_create_table_view.sql","1.0","2025-09-05T13:20:45Z","fethy.faradji@infopro-digital.com"
"03/09/2026 13:47:06","Bureau/DWS - CREAMODIFAD - ENTRA/DWS_DM_VUES.SQL","1.0","2025-09-24T09:27:28Z","fethy.faradji@infopro-digital.com"
"03/09/2026 13:47:08","Bureau/DWS - CREAMODIFAD - ENTRA/DWS_DM_VUES.SQL","2.0","2025-09-24T09:28:07Z","fethy.faradji@infopro-digital.com"
"03/09/2026 13:47:10","Bureau/DWS - CREAMODIFAD - ENTRA/DWS_DM_VUES.SQL","3.0","2025-09-24T09:28:11Z","fethy.faradji@infopro-digital.com"
"03/09/2026 13:47:17","Bureau/DWS - CREAMODIFAD - ENTRA/DWS_DW.SQL","1.0","2025-09-24T09:29:24Z","fethy.faradji@infopro-digital.com"
"03/09/2026 13:47:23","Bureau/DWS - CREAMODIFAD - ENTRA/sarepointCopyScrypt-last-one.ps1","1.0","2025-09-30T15:11:23Z","fethy.faradji@infopro-digital.com"
"03/09/2026 13:47:28","Bureau/export_synchro_sim_202410/rattrapage manuelle/alimentation table tempo.sql","1.0","2024-11-14T13:41:25Z","fethy.faradji@infopro-digital.com"
"03/09/2026 13:47:34","Bureau/export_synchro_sim_202410/rattrapage manuelle/avis_from_bim.csv","1.0","2024-11-19T09:19:12Z","fethy.faradji@infopro-digital.com"
"03/09/2026 13:47:39","Bureau/export_synchro_sim_202410/rattrapage manuelle/création table tempo.sql","1.0","2024-11-14T13:41:04Z","fethy.faradji@infopro-digital.com"
"03/09/2026 13:47:42","Bureau/export_synchro_sim_202410/rattrapage manuelle/création table tempo.sql","2.0","2024-11-14T13:59:40Z","fethy.faradji@infopro-digital.com"
"03/09/2026 13:47:46","Bureau/export_synchro_sim_202410/rattrapage manuelle/publications_avis_rattrapage.xlsx","1.0","2024-11-20T08:13:29Z","fethy.faradji@infopro-digital.com"
"03/09/2026 13:47:49","Bureau/export_synchro_sim_202410/rattrapage manuelle/publications_avis_rattrapage.xlsx","2.0","2024-11-20T08:23:54Z","fethy.faradji@infopro-digital.com"
"03/09/2026 13:47:51","Bureau/export_synchro_sim_202410/rattrapage manuelle/publications_avis_rattrapage.xlsx","3.0","2024-11-20T08:32:01Z","fethy.faradji@infopro-digital.com"
"03/09/2026 13:47:53","Bureau/export_synchro_sim_202410/rattrapage manuelle/publications_avis_rattrapage.xlsx","4.0","2024-11-20T09:11:49Z","fethy.faradji@infopro-digital.com"
"03/09/2026 13:47:55","Bureau/export_synchro_sim_202410/rattrapage manuelle/publications_avis_rattrapage.xlsx","5.0","2024-11-20T09:22:39Z","fethy.faradji@infopro-digital.com"
"03/09/2026 13:47:56","Bureau/export_synchro_sim_202410/rattrapage manuelle/publications_avis_rattrapage.xlsx","6.0","2024-11-20T09:36:40Z","fethy.faradji@infopro-digital.com"
"03/09/2026 13:47:58","Bureau/export_synchro_sim_202410/rattrapage manuelle/publications_avis_rattrapage.xlsx","7.0","2024-11-20T09:42:10Z","fethy.faradji@infopro-digital.com"
"03/09/2026 13:48:00","Bureau/export_synchro_sim_202410/rattrapage manuelle/publications_avis_rattrapage.xlsx","8.0","2024-11-20T09:52:20Z","fethy.faradji@infopro-digital.com"
"03/09/2026 13:48:02","Bureau/export_synchro_sim_202410/rattrapage manuelle/publications_avis_rattrapage.xlsx","9.0","2024-11-20T10:25:07Z","fethy.faradji@infopro-digital.com"
"03/09/2026 13:48:04","Bureau/export_synchro_sim_202410/rattrapage manuelle/publications_avis_rattrapage.xlsx","10.0","2024-11-20T10:42:36Z","fethy.faradji@infopro-digital.com"
"03/09/2026 13:48:06","Bureau/export_synchro_sim_202410/rattrapage manuelle/publications_avis_rattrapage.xlsx","11.0","2024-11-20T10:51:54Z","fethy.faradji@infopro-digital.com"
"03/09/2026 13:48:08","Bureau/export_synchro_sim_202410/rattrapage manuelle/publications_avis_rattrapage.xlsx","12.0","2024-11-20T13:13:48Z","fethy.faradji@infopro-digital.com"
"03/09/2026 13:48:10","Bureau/export_synchro_sim_202410/rattrapage manuelle/publications_avis_rattrapage.xlsx","13.0","2024-11-20T13:25:25Z","fethy.faradji@infopro-digital.com"
"03/09/2026 13:48:12","Bureau/export_synchro_sim_202410/rattrapage manuelle/publications_avis_rattrapage.xlsx","14.0","2024-11-20T13:37:11Z","fethy.faradji@infopro-digital.com"
"03/09/2026 13:48:14","Bureau/export_synchro_sim_202410/rattrapage manuelle/publications_avis_rattrapage.xlsx","15.0","2024-11-20T13:41:26Z","fethy.faradji@infopro-digital.com"
"03/09/2026 13:48:16","Bureau/export_synchro_sim_202410/rattrapage manuelle/publications_avis_rattrapage.xlsx","16.0","2024-11-20T13:54:04Z","fethy.faradji@infopro-digital.com"
"03/09/2026 13:48:18","Bureau/export_synchro_sim_202410/rattrapage manuelle/publications_avis_rattrapage.xlsx","17.0","2024-11-20T14:06:30Z","fethy.faradji@infopro-digital.com"
"03/09/2026 13:48:20","Bureau/export_synchro_sim_202410/rattrapage manuelle/publications_avis_rattrapage.xlsx","18.0","2024-11-20T14:15:34Z","fethy.faradji@infopro-digital.com"
"03/09/2026 13:48:23","Bureau/export_synchro_sim_202410/rattrapage manuelle/publications_avis_rattrapage.xlsx","19.0","2024-11-20T14:20:31Z","fethy.faradji@infopro-digital.com"
"03/09/2026 13:48:25","Bureau/export_synchro_sim_202410/rattrapage manuelle/publications_avis_rattrapage.xlsx","20.0","2024-11-20T14:34:47Z","fethy.faradji@infopro-digital.com"
"03/09/2026 13:48:27","Bureau/export_synchro_sim_202410/rattrapage manuelle/publications_avis_rattrapage.xlsx","21.0","2024-11-20T14:53:15Z","fethy.faradji@infopro-digital.com"
"03/09/2026 13:48:29","Bureau/export_synchro_sim_202410/rattrapage manuelle/publications_avis_rattrapage.xlsx","22.0","2024-11-20T15:05:11Z","fethy.faradji@infopro-digital.com"
"03/09/2026 13:48:31","Bureau/export_synchro_sim_202410/rattrapage manuelle/publications_avis_rattrapage.xlsx","23.0","2024-11-20T15:11:11Z","fethy.faradji@infopro-digital.com"
"03/09/2026 13:48:34","Bureau/export_synchro_sim_202410/rattrapage manuelle/publications_avis_rattrapage.xlsx","24.0","2024-11-20T16:00:27Z","fethy.faradji@infopro-digital.com"
"03/09/2026 13:48:39","Bureau/export_synchro_sim_202410/rattrapage manuelle/publications_from_bim.csv","1.0","2024-11-19T10:44:49Z","fethy.faradji@infopro-digital.com"
"03/09/2026 13:48:41","Bureau/export_synchro_sim_202410/rattrapage manuelle/publications_from_bim.csv","2.0","2024-11-19T14:28:24Z","fethy.faradji@infopro-digital.com"
"03/09/2026 13:48:46","Bureau/export_synchro_sim_202410/rattrapage manuelle/publications_rattrapage.csv","1.0","2024-11-19T14:28:59Z","fethy.faradji@infopro-digital.com"
"03/09/2026 13:48:52","Bureau/export_synchro_sim_202410/rattrapage manuelle/recette - SVC_SIM_SF~1.sql","1.0","2024-11-14T13:41:46Z","fethy.faradji@infopro-digital.com"
"03/09/2026 13:48:59","Bureau/export_synchro_sim_202410/rattrapage manuelle/recette - SVC_SIM_SF~32.sql","1.0","2024-11-14T13:41:41Z","fethy.faradji@infopro-digital.com"
"03/09/2026 13:49:04","Bureau/export_synchro_sim_202410/rattrapage manuelle/travail.xlsx","1.0","2024-11-19T14:30:01Z","fethy.faradji@infopro-digital.com"
"03/09/2026 13:49:10","Bureau/export_synchro_sim_202410/rattrapage manuelle/update avis.sql","1.0","2024-11-14T13:40:39Z","fethy.faradji@infopro-digital.com"
"03/09/2026 13:49:15","Bureau/export_synchro_sim_202410/avic_sans_date.csv","1.0","2024-10-31T13:09:20Z","fethy.faradji@infopro-digital.com"
"03/09/2026 13:49:22","Bureau/export_synchro_sim_202410/avic_sans_date.txt","1.0","2024-10-31T12:56:29Z","fethy.faradji@infopro-digital.com"
"03/09/2026 13:49:29","Bureau/export_synchro_sim_202410/avic_sans_date.txt","2.0","2024-10-31T13:01:48Z","fethy.faradji@infopro-digital.com"
"03/09/2026 13:49:36","Bureau/export_synchro_sim_202410/avis__c.csv","1.0","2024-10-18T08:14:03Z","fethy.faradji@infopro-digital.com"
"03/09/2026 13:50:15","Bureau/export_synchro_sim_202410/avis__c.csv","2.0","2024-10-18T08:36:22Z","fethy.faradji@infopro-digital.com"
"03/09/2026 13:51:00","Bureau/export_synchro_sim_202410/avis__c_2.csv","1.0","2024-10-29T09:00:20Z","fethy.faradji@infopro-digital.com"
"03/09/2026 13:51:06","Bureau/export_synchro_sim_202410/avis__c_R.csv","1.0","2024-11-04T09:00:49Z","fethy.faradji@infopro-digital.com"
"03/09/2026 13:51:19","Bureau/export_synchro_sim_202410/delete_avis__c.csv","1.0","2024-10-29T14:26:00Z","fethy.faradji@infopro-digital.com"
"03/09/2026 13:51:27","Bureau/export_synchro_sim_202410/erreur_facture.xls","1.0","2024-10-23T07:24:14Z","fethy.faradji@infopro-digital.com"
"03/09/2026 13:51:33","Bureau/export_synchro_sim_202410/Facture__c.csv","1.0","2024-10-23T06:56:24Z","fethy.faradji@infopro-digital.com"
"03/09/2026 13:51:39","Bureau/export_synchro_sim_202410/id_avis_date_pourrie","1.0","2024-11-06T15:51:04Z","fethy.faradji@infopro-digital.com"
"03/09/2026 13:51:47","Bureau/export_synchro_sim_202410/id_avis_date_pourrie.csv","1.0","2024-11-06T15:53:01Z","fethy.faradji@infopro-digital.com"
"03/09/2026 13:51:51","Bureau/export_synchro_sim_202410/id_avis_date_pourrie.csv","2.0","2024-11-06T15:55:53Z","fethy.faradji@infopro-digital.com"
"03/09/2026 13:52:00","Bureau/export_synchro_sim_202410/id_avis_date_pourrie.txt","1.0","2024-11-06T15:52:18Z","fethy.faradji@infopro-digital.com"
"03/09/2026 13:52:07","Bureau/export_synchro_sim_202410/id_avis_importé.csv","1.0","2024-10-21T11:58:34Z","fethy.faradji@infopro-digital.com"
"03/09/2026 13:52:19","Bureau/export_synchro_sim_202410/id_Order.csv","1.0","2024-11-05T13:44:37Z","fethy.faradji@infopro-digital.com"
"03/09/2026 13:52:25","Bureau/export_synchro_sim_202410/id_publications.csv","1.0","2024-11-05T13:17:27Z","fethy.faradji@infopro-digital.com"
"03/09/2026 13:52:31","Bureau/export_synchro_sim_202410/id_publications_importé.csv","1.0","2024-11-04T13:11:43Z","fethy.faradji@infopro-digital.com"
"03/09/2026 13:53:24","Bureau/export_synchro_sim_202410/Order_2.csv","1.0","2024-11-05T13:59:09Z","fethy.faradji@infopro-digital.com"
"03/09/2026 13:53:29","Bureau/export_synchro_sim_202410/Order_importée.csv","1.0","2024-10-23T06:46:41Z","fethy.faradji@infopro-digital.com"
"03/09/2026 13:53:35","Bureau/export_synchro_sim_202410/publication__c_R.csv","1.0","2024-11-04T10:33:16Z","fethy.faradji@infopro-digital.com"
"03/09/2026 13:53:41","Bureau/export_synchro_sim_202410/publication_statut.csv","1.0","2024-11-05T15:48:14Z","fethy.faradji@infopro-digital.com"
"03/09/2026 13:54:41","Bureau/export_synchro_sim_202410/publication_statut.txt","1.0","2024-11-05T15:47:54Z","fethy.faradji@infopro-digital.com"
"03/09/2026 13:55:43","Bureau/export_synchro_sim_202410/publications__c.csv","1.0","2024-10-22T08:04:14Z","fethy.faradji@infopro-digital.com"
"03/09/2026 13:56:21","Bureau/export_synchro_sim_202410/publications__c_importée.csv","1.0","2024-10-23T06:40:16Z","fethy.faradji@infopro-digital.com"
"03/09/2026 13:56:35","Bureau/export_synchro_sim_202410/publications__c_rattrapage.csv","1.0","2024-10-22T15:30:40Z","fethy.faradji@infopro-digital.com"
"03/09/2026 13:56:38","Bureau/export_synchro_sim_202410/publications__c_rattrapage.csv","2.0","2024-10-22T15:33:02Z","fethy.faradji@infopro-digital.com"
"03/09/2026 13:56:44","Bureau/export_synchro_sim_202410/publications_non_dispo.csv","1.0","2024-11-05T10:41:27Z","fethy.faradji@infopro-digital.com"
"03/09/2026 13:56:49","Bureau/export_synchro_sim_202410/ref_compte.csv","1.0","2024-11-07T10:08:20Z","fethy.faradji@infopro-digital.com"
"03/09/2026 13:56:58","Bureau/export_synchro_sim_202410/referentiel.csv","1.0","2024-10-29T15:16:28Z","fethy.faradji@infopro-digital.com"
"03/09/2026 13:57:42","Bureau/export_synchro_sim_202410/referentiel_2.csv","1.0","2024-10-31T13:19:07Z","fethy.faradji@infopro-digital.com"
"03/09/2026 13:58:15","Bureau/export_synchro_sim_202410/reférentielle_last.csv","1.0","2024-11-07T09:46:29Z","fethy.faradji@infopro-digital.com"
"03/09/2026 13:58:59","Bureau/export_synchro_sim_202410/supp_publications.csv","1.0","2024-10-29T13:47:25Z","fethy.faradji@infopro-digital.com"
"03/09/2026 13:59:04","Bureau/export_synchro_sim_202410/update_avis_date_de_creation__c.csv","1.0","2024-10-31T14:35:37Z","fethy.faradji@infopro-digital.com"
"03/09/2026 13:59:10","Bureau/export_synchro_sim_202410/update_avis_date_de_creation__c.csv","2.0","2024-10-31T15:28:32Z","fethy.faradji@infopro-digital.com"
"03/09/2026 13:59:20","Bureau/export_synchro_sim_202410/update_publications__c.csv","1.0","2024-11-06T10:17:44Z","fethy.faradji@infopro-digital.com"
"03/09/2026 13:59:23","Bureau/export_synchro_sim_202410/update_publications__c.csv","2.0","2024-11-06T13:47:01Z","fethy.faradji@infopro-digital.com"
"03/09/2026 13:59:28","Bureau/INFOPRO DIGITAL (Prod)_files/1-easyvista-dependencies-bundle.min.js.téléchargement","1.0","2025-01-27T10:24:13Z","fethy.faradji@infopro-digital.com"
"03/09/2026 13:59:35","Bureau/INFOPRO DIGITAL (Prod)_files/2-evsm-dependencies-bundle.min.css","1.0","2025-01-27T10:24:07Z","fethy.faradji@infopro-digital.com"
"03/09/2026 13:59:42","Bureau/INFOPRO DIGITAL (Prod)_files/2-evsm-dependencies-bundle.min.js.téléchargement","1.0","2025-01-27T10:24:13Z","fethy.faradji@infopro-digital.com"
"03/09/2026 13:59:48","Bureau/INFOPRO DIGITAL (Prod)_files/3-easyvista-bundle.min.css","1.0","2025-01-27T10:24:07Z","fethy.faradji@infopro-digital.com"
"03/09/2026 13:59:54","Bureau/INFOPRO DIGITAL (Prod)_files/3-easyvista-bundle.min.js.téléchargement","1.0","2025-01-27T10:24:13Z","fethy.faradji@infopro-digital.com"
"03/09/2026 14:00:00","Bureau/INFOPRO DIGITAL (Prod)_files/4-evsm-bundle.min.css","1.0","2025-01-27T10:24:07Z","fethy.faradji@infopro-digital.com"
"03/09/2026 14:00:06","Bureau/INFOPRO DIGITAL (Prod)_files/4-evsm-bundle.min.js.téléchargement","1.0","2025-01-27T10:24:13Z","fethy.faradji@infopro-digital.com"
"03/09/2026 14:00:12","Bureau/INFOPRO DIGITAL (Prod)_files/5-evsm-next-bundle.min.js.téléchargement","1.0","2025-01-27T10:24:13Z","fethy.faradji@infopro-digital.com"
"03/09/2026 14:00:18","Bureau/INFOPRO DIGITAL (Prod)_files/6-optimized-bundle.min.css","1.0","2025-01-27T10:24:07Z","fethy.faradji@infopro-digital.com"
"03/09/2026 14:00:23","Bureau/INFOPRO DIGITAL (Prod)_files/6-optimized-bundle.min.js.téléchargement","1.0","2025-01-27T10:24:13Z","fethy.faradji@infopro-digital.com"
"03/09/2026 14:00:31","Bureau/INFOPRO DIGITAL (Prod)_files/7-notifications-client-bundle.min.css","1.0","2025-01-27T10:24:08Z","fethy.faradji@infopro-digital.com"
"03/09/2026 14:00:36","Bureau/INFOPRO DIGITAL (Prod)_files/7-notifications-client-bundle.min.js.téléchargement","1.0","2025-01-27T10:24:14Z","fethy.faradji@infopro-digital.com"
"03/09/2026 14:00:42","Bureau/INFOPRO DIGITAL (Prod)_files/8-ui-ux-bundle.min.css","1.0","2025-01-27T10:24:08Z","fethy.faradji@infopro-digital.com"
"03/09/2026 14:00:48","Bureau/INFOPRO DIGITAL (Prod)_files/9-themes-bundle.min.css","1.0","2025-01-27T10:24:08Z","fethy.faradji@infopro-digital.com"
"03/09/2026 14:00:54","Bureau/INFOPRO DIGITAL (Prod)_files/add-ico.png","1.0","2025-01-27T10:24:16Z","fethy.faradji@infopro-digital.com"
"03/09/2026 14:01:00","Bureau/INFOPRO DIGITAL (Prod)_files/anychart-bundle.min.js.téléchargement","1.0","2025-01-27T10:24:09Z","fethy.faradji@infopro-digital.com"
"03/09/2026 14:01:09","Bureau/INFOPRO DIGITAL (Prod)_files/codemirror-bundle.min.js.téléchargement","1.0","2025-01-27T10:24:09Z","fethy.faradji@infopro-digital.com"
"03/09/2026 14:01:14","Bureau/INFOPRO DIGITAL (Prod)_files/common.js.téléchargement","1.0","2025-01-27T10:24:12Z","fethy.faradji@infopro-digital.com"
"03/09/2026 14:01:21","Bureau/INFOPRO DIGITAL (Prod)_files/core-js-bundle.min.js.téléchargement","1.0","2025-01-27T10:24:09Z","fethy.faradji@infopro-digital.com"
"03/09/2026 14:01:28","Bureau/INFOPRO DIGITAL (Prod)_files/customer_optimized.css","1.0","2025-01-27T10:24:08Z","fethy.faradji@infopro-digital.com"
"03/09/2026 14:01:31","Bureau/INFOPRO DIGITAL (Prod)_files/datepicker-fr.js.téléchargement","1.0","2025-01-27T10:24:15Z","fethy.faradji@infopro-digital.com"
"03/09/2026 14:01:37","Bureau/INFOPRO DIGITAL (Prod)_files/dropzone-bundle.min.js.téléchargement","1.0","2025-01-27T10:24:09Z","fethy.faradji@infopro-digital.com"
"03/09/2026 14:01:45","Bureau/INFOPRO DIGITAL (Prod)_files/easyvista.ev-components.ai-pepper-front-bundle.min.js.téléchargement","1.0","2025-01-27T10:24:09Z","fethy.faradji@infopro-digital.com"
"03/09/2026 14:01:50","Bureau/INFOPRO DIGITAL (Prod)_files/easyvista.ev-components.atomic-components-bundle.min.js.téléchargement","1.0","2025-01-27T10:24:09Z","fethy.faradji@infopro-digital.com"
"03/09/2026 14:01:59","Bureau/INFOPRO DIGITAL (Prod)_files/easyvista.ev-components.client-commons-bundle.min.js.téléchargement","1.0","2025-01-27T10:24:10Z","fethy.faradji@infopro-digital.com"
"03/09/2026 14:02:05","Bureau/INFOPRO DIGITAL (Prod)_files/easyvista.ev-components.cmdb-bundle.min.js.téléchargement","1.0","2025-01-27T10:24:10Z","fethy.faradji@infopro-digital.com"
"03/09/2026 14:02:11","Bureau/INFOPRO DIGITAL (Prod)_files/easyvista.ev-components.discussion-bundle.min.js.téléchargement","1.0","2025-01-27T10:24:10Z","fethy.faradji@infopro-digital.com"
"03/09/2026 14:02:17","Bureau/INFOPRO DIGITAL (Prod)_files/easyvista.ev-components.ev-ai-bundle.min.js.téléchargement","1.0","2025-01-27T10:24:10Z","fethy.faradji@infopro-digital.com"
"03/09/2026 14:02:22","Bureau/INFOPRO DIGITAL (Prod)_files/easyvista.ev-components.ev-generic-forms-bundle.min.js.téléchargement","1.0","2025-01-27T10:24:10Z","fethy.faradji@infopro-digital.com"
"03/09/2026 14:02:28","Bureau/INFOPRO DIGITAL (Prod)_files/easyvista.ev-components.ev-insights-bundle.min.js.téléchargement","1.0","2025-01-27T10:24:10Z","fethy.faradji@infopro-digital.com"
"03/09/2026 14:02:36","Bureau/INFOPRO DIGITAL (Prod)_files/easyvista.ev-components.ev-wysiwyg-bundle.min.js.téléchargement","1.0","2025-01-27T10:24:10Z","fethy.faradji@infopro-digital.com"
"03/09/2026 14:02:44","Bureau/INFOPRO DIGITAL (Prod)_files/easyvista.ev-components.theme-management-bundle.min.js.téléchargement","1.0","2025-01-27T10:24:11Z","fethy.faradji@infopro-digital.com"
"03/09/2026 14:02:49","Bureau/INFOPRO DIGITAL (Prod)_files/easyvista.ev-grid-bundle.min.js.téléchargement","1.0","2025-01-27T10:24:11Z","fethy.faradji@infopro-digital.com"
"03/09/2026 14:03:02","Bureau/INFOPRO DIGITAL (Prod)_files/employee","1.0","2025-01-27T10:24:14Z","fethy.faradji@infopro-digital.com"
"03/09/2026 14:03:08","Bureau/INFOPRO DIGITAL (Prod)_files/form-bundle.min.css","1.0","2025-01-27T10:24:14Z","fethy.faradji@infopro-digital.com"
"03/09/2026 14:03:13","Bureau/INFOPRO DIGITAL (Prod)_files/form-bundle.min.js.téléchargement","1.0","2025-01-27T10:24:15Z","fethy.faradji@infopro-digital.com"
"03/09/2026 14:03:19","Bureau/INFOPRO DIGITAL (Prod)_files/form-widget-bundle.min.css","1.0","2025-01-27T10:24:08Z","fethy.faradji@infopro-digital.com"
"03/09/2026 14:03:26","Bureau/INFOPRO DIGITAL (Prod)_files/form-widget-bundle.min.js.téléchargement","1.0","2025-01-27T10:24:15Z","fethy.faradji@infopro-digital.com"
"03/09/2026 14:03:31","Bureau/INFOPRO DIGITAL (Prod)_files/grid-bundle.min.css","1.0","2025-01-27T10:24:14Z","fethy.faradji@infopro-digital.com"
"03/09/2026 14:03:37","Bureau/INFOPRO DIGITAL (Prod)_files/grid-bundle.min.js.téléchargement","1.0","2025-01-27T10:24:15Z","fethy.faradji@infopro-digital.com"
"03/09/2026 14:03:43","Bureau/INFOPRO DIGITAL (Prod)_files/jquery.discussionWidget.js.téléchargement","1.0","2025-01-27T10:24:14Z","fethy.faradji@infopro-digital.com"
"03/09/2026 14:03:48","Bureau/INFOPRO DIGITAL (Prod)_files/jquery-bundle.min.js.téléchargement","1.0","2025-01-27T10:24:11Z","fethy.faradji@infopro-digital.com"
"03/09/2026 14:03:54","Bureau/INFOPRO DIGITAL (Prod)_files/jquery-ui-bundle.min.js.téléchargement","1.0","2025-01-27T10:24:11Z","fethy.faradji@infopro-digital.com"
"03/09/2026 14:03:59","Bureau/INFOPRO DIGITAL (Prod)_files/jquery-ui-timepicker-fr.js.téléchargement","1.0","2025-01-27T10:24:15Z","fethy.faradji@infopro-digital.com"
"03/09/2026 14:04:05","Bureau/INFOPRO DIGITAL (Prod)_files/logo_ezv.png","1.0","2025-01-27T10:24:14Z","fethy.faradji@infopro-digital.com"
"03/09/2026 14:04:09","Bureau/INFOPRO DIGITAL (Prod)_files/pointille-horizontaux2px.png","1.0","2025-01-27T10:24:15Z","fethy.faradji@infopro-digital.com"
"03/09/2026 14:04:14","Bureau/INFOPRO DIGITAL (Prod)_files/popperjs-bundle.min.js.téléchargement","1.0","2025-01-27T10:24:11Z","fethy.faradji@infopro-digital.com"
"03/09/2026 14:04:20","Bureau/INFOPRO DIGITAL (Prod)_files/react-bootstrap-bundle.min.js.téléchargement","1.0","2025-01-27T10:24:12Z","fethy.faradji@infopro-digital.com"
"03/09/2026 14:04:25","Bureau/INFOPRO DIGITAL (Prod)_files/react-dom-bundle.min.js.téléchargement","1.0","2025-01-27T10:24:12Z","fethy.faradji@infopro-digital.com"
"03/09/2026 14:04:30","Bureau/INFOPRO DIGITAL (Prod)_files/react-overlays-bundle.min.js.téléchargement","1.0","2025-01-27T10:24:12Z","fethy.faradji@infopro-digital.com"
"03/09/2026 14:04:35","Bureau/INFOPRO DIGITAL (Prod)_files/react-property-bundle.min.js.téléchargement","1.0","2025-01-27T10:24:12Z","fethy.faradji@infopro-digital.com"
"03/09/2026 14:04:41","Bureau/INFOPRO DIGITAL (Prod)_files/runtime-bundle.min.js.téléchargement","1.0","2025-01-27T10:24:12Z","fethy.faradji@infopro-digital.com"
"03/09/2026 14:04:46","Bureau/INFOPRO DIGITAL (Prod)_files/servicerequest.png","1.0","2025-01-27T10:24:16Z","fethy.faradji@infopro-digital.com"
"03/09/2026 14:04:52","Bureau/INFOPRO DIGITAL (Prod)_files/themeManagement-bundle.min.css","1.0","2025-01-27T10:24:06Z","fethy.faradji@infopro-digital.com"
"03/09/2026 14:04:57","Bureau/INFOPRO DIGITAL (Prod)_files/themeManagement-bundle.min.js.téléchargement","1.0","2025-01-27T10:24:14Z","fethy.faradji@infopro-digital.com"
"03/09/2026 14:05:03","Bureau/INFOPRO DIGITAL (Prod)_files/th-list.png","1.0","2025-01-27T10:24:16Z","fethy.faradji@infopro-digital.com"
"03/09/2026 14:05:08","Bureau/INFOPRO DIGITAL (Prod)_files/tinymce.min.js.téléchargement","1.0","2025-01-27T10:24:16Z","fethy.faradji@infopro-digital.com"
"03/09/2026 14:05:14","Bureau/INFOPRO DIGITAL (Prod)_files/tinymce-bundle.min.js.téléchargement","1.0","2025-01-27T10:24:12Z","fethy.faradji@infopro-digital.com"
"03/09/2026 14:05:19","Bureau/INFOPRO DIGITAL (Prod)_files/workorder.png","1.0","2025-01-27T10:24:16Z","fethy.faradji@infopro-digital.com"
"03/09/2026 14:05:24","Bureau/jira 555/ALIM_TABLE_SF.pls","1.0","2025-04-04T12:31:09Z","fethy.faradji@infopro-digital.com"
"03/09/2026 14:05:30","Bureau/jira 555/update_id_seuil.sql","1.0","2025-04-04T12:31:28Z","fethy.faradji@infopro-digital.com"
"03/09/2026 14:05:32","Bureau/jira 555/update_id_seuil.sql","2.0","2025-04-04T12:31:35Z","fethy.faradji@infopro-digital.com"
"03/09/2026 14:05:37","Bureau/Les Contes de la decrypt/LesContesDECRYPTE.exe","1.0","2025-03-27T08:57:06Z","fethy.faradji@infopro-digital.com"
"03/09/2026 14:05:43","Bureau/Les Contes de la decrypt/LesContesDECRYPTE.exe.config","1.0","2025-03-26T15:30:56Z","fethy.faradji@infopro-digital.com"
"03/09/2026 14:05:49","Bureau/Les Contes de la decrypt/LesContesDECRYPTE.pdb","1.0","2025-03-27T08:57:06Z","fethy.faradji@infopro-digital.com"
"03/09/2026 14:05:55","Bureau/livraisonKPI 20250428/Nouveau dossier/bin/fr/System.Web.Helpers.resources.dll","1.0","2022-05-27T23:36:48Z","fethy.faradji@infopro-digital.com"
"03/09/2026 14:06:00","Bureau/livraisonKPI 20250428/Nouveau dossier/bin/fr/System.Web.Mvc.resources.dll","1.0","2022-05-27T23:37:20Z","fethy.faradji@infopro-digital.com"
"03/09/2026 14:06:06","Bureau/livraisonKPI 20250428/Nouveau dossier/bin/fr/System.Web.Optimization.resources.dll","1.0","2014-02-11T15:28:42Z","fethy.faradji@infopro-digital.com"
"03/09/2026 14:06:12","Bureau/livraisonKPI 20250428/Nouveau dossier/bin/fr/System.Web.Razor.resources.dll","1.0","2022-05-27T23:36:48Z","fethy.faradji@infopro-digital.com"
"03/09/2026 14:06:18","Bureau/livraisonKPI 20250428/Nouveau dossier/bin/fr/System.Web.WebPages.Deployment.resources.dll","1.0","2022-05-27T23:37:06Z","fethy.faradji@infopro-digital.com"
"03/09/2026 14:06:22","Bureau/livraisonKPI 20250428/Nouveau dossier/bin/fr/System.Web.WebPages.Razor.resources.dll","1.0","2022-05-27T23:37:08Z","fethy.faradji@infopro-digital.com"
"03/09/2026 14:06:28","Bureau/livraisonKPI 20250428/Nouveau dossier/bin/fr/System.Web.WebPages.resources.dll","1.0","2022-05-27T23:37:08Z","fethy.faradji@infopro-digital.com"
"03/09/2026 14:06:33","Bureau/livraisonKPI 20250428/Nouveau dossier/bin/roslyn/csc.exe","1.0","2018-08-08T04:38:48Z","fethy.faradji@infopro-digital.com"
"03/09/2026 14:06:39","Bureau/livraisonKPI 20250428/Nouveau dossier/bin/roslyn/csc.exe.config","1.0","2018-08-08T11:18:12Z","fethy.faradji@infopro-digital.com"
"03/09/2026 14:06:45","Bureau/livraisonKPI 20250428/Nouveau dossier/bin/roslyn/csc.rsp","1.0","2018-08-08T11:09:42Z","fethy.faradji@infopro-digital.com"
"03/09/2026 14:06:50","Bureau/livraisonKPI 20250428/Nouveau dossier/bin/roslyn/csi.exe","1.0","2018-08-08T04:38:48Z","fethy.faradji@infopro-digital.com"
"03/09/2026 14:06:55","Bureau/livraisonKPI 20250428/Nouveau dossier/bin/roslyn/csi.exe.config","1.0","2018-08-08T11:18:34Z","fethy.faradji@infopro-digital.com"
"03/09/2026 14:07:00","Bureau/livraisonKPI 20250428/Nouveau dossier/bin/roslyn/csi.rsp","1.0","2018-08-08T11:09:56Z","fethy.faradji@infopro-digital.com"
"03/09/2026 14:07:06","Bureau/livraisonKPI 20250428/Nouveau dossier/bin/roslyn/Microsoft.Build.Tasks.CodeAnalysis.dll","1.0","2018-08-08T04:38:48Z","fethy.faradji@infopro-digital.com"
"03/09/2026 14:07:11","Bureau/livraisonKPI 20250428/Nouveau dossier/bin/roslyn/Microsoft.CodeAnalysis.CSharp.dll","1.0","2018-08-08T04:38:48Z","fethy.faradji@infopro-digital.com"
"03/09/2026 14:07:19","Bureau/livraisonKPI 20250428/Nouveau dossier/bin/roslyn/Microsoft.CodeAnalysis.CSharp.Scripting.dll","1.0","2018-08-08T04:38:48Z","fethy.faradji@infopro-digital.com"
"03/09/2026 14:07:24","Bureau/livraisonKPI 20250428/Nouveau dossier/bin/roslyn/Microsoft.CodeAnalysis.dll","1.0","2018-08-08T04:38:48Z","fethy.faradji@infopro-digital.com"
"03/09/2026 14:07:30","Bureau/livraisonKPI 20250428/Nouveau dossier/bin/roslyn/Microsoft.CodeAnalysis.Scripting.dll","1.0","2018-08-08T04:38:48Z","fethy.faradji@infopro-digital.com"
"03/09/2026 14:07:38","Bureau/livraisonKPI 20250428/Nouveau dossier/bin/roslyn/Microsoft.CodeAnalysis.VisualBasic.dll","1.0","2018-08-08T04:38:48Z","fethy.faradji@infopro-digital.com"
"03/09/2026 14:07:46","Bureau/livraisonKPI 20250428/Nouveau dossier/bin/roslyn/Microsoft.CSharp.Core.targets","1.0","2018-08-08T11:09:42Z","fethy.faradji@infopro-digital.com"
"03/09/2026 14:07:52","Bureau/livraisonKPI 20250428/Nouveau dossier/bin/roslyn/Microsoft.DiaSymReader.Native.amd64.dll","1.0","2017-12-05T08:36:44Z","fethy.faradji@infopro-digital.com"
"03/09/2026 14:07:58","Bureau/livraisonKPI 20250428/Nouveau dossier/bin/roslyn/Microsoft.DiaSymReader.Native.x86.dll","1.0","2017-12-05T08:36:44Z","fethy.faradji@infopro-digital.com"
"03/09/2026 14:08:04","Bureau/livraisonKPI 20250428/Nouveau dossier/bin/roslyn/Microsoft.Managed.Core.targets","1.0","2018-08-08T11:09:42Z","fethy.faradji@infopro-digital.com"
"03/09/2026 14:08:08","Bureau/livraisonKPI 20250428/Nouveau dossier/bin/roslyn/Microsoft.VisualBasic.Core.targets","1.0","2018-08-08T11:09:42Z","fethy.faradji@infopro-digital.com"
"03/09/2026 14:08:13","Bureau/livraisonKPI 20250428/Nouveau dossier/bin/roslyn/Microsoft.Win32.Primitives.dll","1.0","2016-11-05T17:55:32Z","fethy.faradji@infopro-digital.com"
"03/09/2026 14:08:19","Bureau/livraisonKPI 20250428/Nouveau dossier/bin/roslyn/System.AppContext.dll","1.0","2016-11-05T17:55:34Z","fethy.faradji@infopro-digital.com"
"03/09/2026 14:08:24","Bureau/livraisonKPI 20250428/Nouveau dossier/bin/roslyn/System.Collections.Immutable.dll","1.0","2018-05-16T02:29:34Z","fethy.faradji@infopro-digital.com"
"03/09/2026 14:08:29","Bureau/livraisonKPI 20250428/Nouveau dossier/bin/roslyn/System.Console.dll","1.0","2016-11-05T17:55:48Z","fethy.faradji@infopro-digital.com"
"03/09/2026 14:08:34","Bureau/livraisonKPI 20250428/Nouveau dossier/bin/roslyn/System.Diagnostics.DiagnosticSource.dll","1.0","2016-11-05T17:55:52Z","fethy.faradji@infopro-digital.com"
"03/09/2026 14:08:39","Bureau/livraisonKPI 20250428/Nouveau dossier/bin/roslyn/System.Diagnostics.FileVersionInfo.dll","1.0","2016-11-05T17:55:56Z","fethy.faradji@infopro-digital.com"
"03/09/2026 14:08:44","Bureau/livraisonKPI 20250428/Nouveau dossier/bin/roslyn/System.Diagnostics.StackTrace.dll","1.0","2016-11-05T17:55:52Z","fethy.faradji@infopro-digital.com"
"03/09/2026 14:08:49","Bureau/livraisonKPI 20250428/Nouveau dossier/bin/roslyn/System.Globalization.Calendars.dll","1.0","2016-11-05T17:56:02Z","fethy.faradji@infopro-digital.com"
"03/09/2026 14:08:54","Bureau/livraisonKPI 20250428/Nouveau dossier/bin/roslyn/System.IO.Compression.dll","1.0","2016-11-05T17:56:08Z","fethy.faradji@infopro-digital.com"
"03/09/2026 14:08:59","Bureau/livraisonKPI 20250428/Nouveau dossier/bin/roslyn/System.IO.Compression.ZipFile.dll","1.0","2016-11-05T17:56:04Z","fethy.faradji@infopro-digital.com"
"03/09/2026 14:09:05","Bureau/livraisonKPI 20250428/Nouveau dossier/bin/roslyn/System.IO.FileSystem.dll","1.0","2016-11-05T17:56:08Z","fethy.faradji@infopro-digital.com"
"03/09/2026 14:09:10","Bureau/livraisonKPI 20250428/Nouveau dossier/bin/roslyn/System.IO.FileSystem.Primitives.dll","1.0","2016-11-05T17:56:08Z","fethy.faradji@infopro-digital.com"
"03/09/2026 14:09:16","Bureau/livraisonKPI 20250428/Nouveau dossier/bin/roslyn/System.Net.Http.dll","1.0","2016-11-05T17:56:30Z","fethy.faradji@infopro-digital.com"
"03/09/2026 14:09:21","Bureau/livraisonKPI 20250428/Nouveau dossier/bin/roslyn/System.Net.Sockets.dll","1.0","2016-11-05T17:56:34Z","fethy.faradji@infopro-digital.com"
"03/09/2026 14:09:26","Bureau/livraisonKPI 20250428/Nouveau dossier/bin/roslyn/System.Reflection.Metadata.dll","1.0","2018-05-16T02:29:44Z","fethy.faradji@infopro-digital.com"
"03/09/2026 14:09:32","Bureau/livraisonKPI 20250428/Nouveau dossier/bin/roslyn/System.Runtime.InteropServices.RuntimeInformation.dll","1.0","2016-11-05T17:57:00Z","fethy.faradji@infopro-digital.com"
"03/09/2026 14:09:38","Bureau/livraisonKPI 20250428/Nouveau dossier/bin/roslyn/System.Security.Cryptography.Algorithms.dll","1.0","2016-11-05T17:57:14Z","fethy.faradji@infopro-digital.com"
"03/09/2026 14:09:44","Bureau/livraisonKPI 20250428/Nouveau dossier/bin/roslyn/System.Security.Cryptography.Encoding.dll","1.0","2016-11-05T17:57:08Z","fethy.faradji@infopro-digital.com"
"03/09/2026 14:09:49","Bureau/livraisonKPI 20250428/Nouveau dossier/bin/roslyn/System.Security.Cryptography.Primitives.dll","1.0","2016-11-05T17:57:18Z","fethy.faradji@infopro-digital.com"
"03/09/2026 14:09:54","Bureau/livraisonKPI 20250428/Nouveau dossier/bin/roslyn/System.Security.Cryptography.X509Certificates.dll","1.0","2016-11-05T17:57:18Z","fethy.faradji@infopro-digital.com"
"03/09/2026 14:09:59","Bureau/livraisonKPI 20250428/Nouveau dossier/bin/roslyn/System.Text.Encoding.CodePages.dll","1.0","2016-11-05T17:57:20Z","fethy.faradji@infopro-digital.com"
"03/09/2026 14:10:05","Bureau/livraisonKPI 20250428/Nouveau dossier/bin/roslyn/System.Threading.Tasks.Extensions.dll","1.0","2016-11-05T17:57:24Z","fethy.faradji@infopro-digital.com"
"03/09/2026 14:10:11","Bureau/livraisonKPI 20250428/Nouveau dossier/bin/roslyn/System.ValueTuple.dll","1.0","2016-11-05T17:57:30Z","fethy.faradji@infopro-digital.com"
"03/09/2026 14:10:16","Bureau/livraisonKPI 20250428/Nouveau dossier/bin/roslyn/System.Xml.ReaderWriter.dll","1.0","2016-11-05T17:57:36Z","fethy.faradji@infopro-digital.com"
"03/09/2026 14:10:21","Bureau/livraisonKPI 20250428/Nouveau dossier/bin/roslyn/System.Xml.XmlDocument.dll","1.0","2016-11-05T17:57:34Z","fethy.faradji@infopro-digital.com"
"03/09/2026 14:10:27","Bureau/livraisonKPI 20250428/Nouveau dossier/bin/roslyn/System.Xml.XPath.dll","1.0","2016-11-05T17:57:40Z","fethy.faradji@infopro-digital.com"
"03/09/2026 14:10:33","Bureau/livraisonKPI 20250428/Nouveau dossier/bin/roslyn/System.Xml.XPath.XDocument.dll","1.0","2016-11-05T17:57:34Z","fethy.faradji@infopro-digital.com"
"03/09/2026 14:10:38","Bureau/livraisonKPI 20250428/Nouveau dossier/bin/roslyn/vbc.exe","1.0","2018-08-08T04:38:48Z","fethy.faradji@infopro-digital.com"
"03/09/2026 14:10:44","Bureau/livraisonKPI 20250428/Nouveau dossier/bin/roslyn/vbc.exe.config","1.0","2018-08-08T11:18:18Z","fethy.faradji@infopro-digital.com"
"03/09/2026 14:10:49","Bureau/livraisonKPI 20250428/Nouveau dossier/bin/roslyn/vbc.rsp","1.0","2018-08-08T11:09:46Z","fethy.faradji@infopro-digital.com"
"03/09/2026 14:10:54","Bureau/livraisonKPI 20250428/Nouveau dossier/bin/roslyn/VBCSCompiler.exe","1.0","2018-08-08T04:38:48Z","fethy.faradji@infopro-digital.com"
"03/09/2026 14:11:00","Bureau/livraisonKPI 20250428/Nouveau dossier/bin/roslyn/VBCSCompiler.exe.config","1.0","2018-08-08T11:18:16Z","fethy.faradji@infopro-digital.com"
"03/09/2026 14:11:06","Bureau/livraisonKPI 20250428/Nouveau dossier/bin/Antlr3.Runtime.dll","1.0","2013-09-10T15:29:20Z","fethy.faradji@infopro-digital.com"
"03/09/2026 14:11:11","Bureau/livraisonKPI 20250428/Nouveau dossier/bin/Antlr3.Runtime.pdb","1.0","2013-09-10T15:29:20Z","fethy.faradji@infopro-digital.com"
"03/09/2026 14:11:17","Bureau/livraisonKPI 20250428/Nouveau dossier/bin/Dapper.dll","1.0","2025-02-06T12:15:40Z","fethy.faradji@infopro-digital.com"
"03/09/2026 14:11:22","Bureau/livraisonKPI 20250428/Nouveau dossier/bin/Microsoft.Bcl.AsyncInterfaces.dll","1.0","2024-12-10T21:05:40Z","fethy.faradji@infopro-digital.com"
"03/09/2026 14:11:28","Bureau/livraisonKPI 20250428/Nouveau dossier/bin/Microsoft.Bcl.HashCode.dll","1.0","2020-11-16T21:15:16Z","fethy.faradji@infopro-digital.com"
"03/09/2026 14:11:34","Bureau/livraisonKPI 20250428/Nouveau dossier/bin/Microsoft.CodeDom.Providers.DotNetCompilerPlatform.dll","1.0","2018-09-05T15:10:50Z","fethy.faradji@infopro-digital.com"
"03/09/2026 14:11:38","Bureau/livraisonKPI 20250428/Nouveau dossier/bin/Microsoft.Extensions.DependencyInjection.Abstractions.dll","1.0","2023-10-31T15:00:34Z","fethy.faradji@infopro-digital.com"
"03/09/2026 14:11:44","Bureau/livraisonKPI 20250428/Nouveau dossier/bin/Microsoft.Extensions.Logging.Abstractions.dll","1.0","2023-10-31T15:04:00Z","fethy.faradji@infopro-digital.com"
"03/09/2026 14:11:49","Bureau/livraisonKPI 20250428/Nouveau dossier/bin/Microsoft.Web.Infrastructure.dll","1.0","2022-04-11T17:09:46Z","fethy.faradji@infopro-digital.com"
"03/09/2026 14:11:55","Bureau/livraisonKPI 20250428/Nouveau dossier/bin/Newtonsoft.Json.dll","1.0","2023-03-08T05:09:56Z","fethy.faradji@infopro-digital.com"
"03/09/2026 14:12:01","Bureau/livraisonKPI 20250428/Nouveau dossier/bin/Npgsql.dll","1.0","2024-11-18T16:58:10Z","fethy.faradji@infopro-digital.com"
"03/09/2026 14:12:08","Bureau/livraisonKPI 20250428/Nouveau dossier/bin/SetupDWSecurite.dll","1.0","2025-04-25T09:07:10Z","fethy.faradji@infopro-digital.com"
"03/09/2026 14:12:13","Bureau/livraisonKPI 20250428/Nouveau dossier/bin/SetupDWSecurite.pdb","1.0","2025-04-25T09:07:10Z","fethy.faradji@infopro-digital.com"
"03/09/2026 14:12:18","Bureau/livraisonKPI 20250428/Nouveau dossier/bin/System.Buffers.dll","1.0","2020-02-19T10:05:18Z","fethy.faradji@infopro-digital.com"
"03/09/2026 14:12:23","Bureau/livraisonKPI 20250428/Nouveau dossier/bin/System.Collections.Immutable.dll","1.0","2023-10-31T15:04:34Z","fethy.faradji@infopro-digital.com"
"03/09/2026 14:12:29","Bureau/livraisonKPI 20250428/Nouveau dossier/bin/System.Diagnostics.DiagnosticSource.dll","1.0","2023-10-31T15:00:46Z","fethy.faradji@infopro-digital.com"
"03/09/2026 14:12:34","Bureau/livraisonKPI 20250428/Nouveau dossier/bin/System.Memory.dll","1.0","2022-05-08T03:31:02Z","fethy.faradji@infopro-digital.com"
"03/09/2026 14:12:39","Bureau/livraisonKPI 20250428/Nouveau dossier/bin/System.Numerics.Vectors.dll","1.0","2018-05-15T13:29:44Z","fethy.faradji@infopro-digital.com"
"03/09/2026 14:12:45","Bureau/livraisonKPI 20250428/Nouveau dossier/bin/System.Runtime.CompilerServices.Unsafe.dll","1.0","2021-10-22T23:40:18Z","fethy.faradji@infopro-digital.com"
"03/09/2026 14:12:49","Bureau/livraisonKPI 20250428/Nouveau dossier/bin/System.Text.Encodings.Web.dll","1.0","2023-10-31T15:00:28Z","fethy.faradji@infopro-digital.com"
"03/09/2026 14:12:54","Bureau/livraisonKPI 20250428/Nouveau dossier/bin/System.Text.Json.dll","1.0","2024-09-16T23:15:02Z","fethy.faradji@infopro-digital.com"
"03/09/2026 14:13:00","Bureau/livraisonKPI 20250428/Nouveau dossier/bin/System.Threading.Channels.dll","1.0","2023-10-31T15:09:50Z","fethy.faradji@infopro-digital.com"
"03/09/2026 14:13:04","Bureau/livraisonKPI 20250428/Nouveau dossier/bin/System.Threading.Tasks.Extensions.dll","1.0","2020-02-19T10:05:18Z","fethy.faradji@infopro-digital.com"
"03/09/2026 14:13:09","Bureau/livraisonKPI 20250428/Nouveau dossier/bin/System.ValueTuple.dll","1.0","2018-05-15T13:29:52Z","fethy.faradji@infopro-digital.com"
"03/09/2026 14:13:14","Bureau/livraisonKPI 20250428/Nouveau dossier/bin/System.Web.Helpers.dll","1.0","2022-05-27T21:41:54Z","fethy.faradji@infopro-digital.com"
"03/09/2026 14:13:19","Bureau/livraisonKPI 20250428/Nouveau dossier/bin/System.Web.Mvc.dll","1.0","2022-05-27T21:42:20Z","fethy.faradji@infopro-digital.com"
"03/09/2026 14:13:25","Bureau/livraisonKPI 20250428/Nouveau dossier/bin/System.Web.Optimization.dll","1.0","2014-02-11T14:26:04Z","fethy.faradji@infopro-digital.com"
"03/09/2026 14:13:30","Bureau/livraisonKPI 20250428/Nouveau dossier/bin/System.Web.Razor.dll","1.0","2022-05-27T21:42:06Z","fethy.faradji@infopro-digital.com"
"03/09/2026 14:13:34","Bureau/livraisonKPI 20250428/Nouveau dossier/bin/System.Web.WebPages.Deployment.dll","1.0","2022-05-27T21:42:46Z","fethy.faradji@infopro-digital.com"
"03/09/2026 14:13:38","Bureau/livraisonKPI 20250428/Nouveau dossier/bin/System.Web.WebPages.dll","1.0","2022-05-27T21:42:16Z","fethy.faradji@infopro-digital.com"
"03/09/2026 14:13:43","Bureau/livraisonKPI 20250428/Nouveau dossier/bin/System.Web.WebPages.Razor.dll","1.0","2022-05-27T21:42:50Z","fethy.faradji@infopro-digital.com"
"03/09/2026 14:13:48","Bureau/livraisonKPI 20250428/Nouveau dossier/bin/WebGrease.dll","1.0","2014-01-23T12:57:34Z","fethy.faradji@infopro-digital.com"
"03/09/2026 14:13:54","Bureau/livraisonKPI 20250428/Nouveau dossier/Content/bootstrap.css","1.0","2025-04-09T09:11:28Z","fethy.faradji@infopro-digital.com"
"03/09/2026 14:14:00","Bureau/livraisonKPI 20250428/Nouveau dossier/Content/bootstrap.css.map","1.0","2025-02-06T13:22:56Z","fethy.faradji@infopro-digital.com"
"03/09/2026 14:14:05","Bureau/livraisonKPI 20250428/Nouveau dossier/Content/bootstrap.min.css","1.0","2025-02-06T13:22:56Z","fethy.faradji@infopro-digital.com"
"03/09/2026 14:14:10","Bureau/livraisonKPI 20250428/Nouveau dossier/Content/bootstrap.min.css.map","1.0","2025-02-06T13:22:56Z","fethy.faradji@infopro-digital.com"
"03/09/2026 14:14:16","Bureau/livraisonKPI 20250428/Nouveau dossier/Content/bootstrap.rtl.css","1.0","2025-02-06T13:22:56Z","fethy.faradji@infopro-digital.com"
"03/09/2026 14:14:21","Bureau/livraisonKPI 20250428/Nouveau dossier/Content/bootstrap.rtl.css.map","1.0","2025-02-06T13:22:56Z","fethy.faradji@infopro-digital.com"
"03/09/2026 14:14:27","Bureau/livraisonKPI 20250428/Nouveau dossier/Content/bootstrap.rtl.min.css","1.0","2025-02-06T13:22:56Z","fethy.faradji@infopro-digital.com"
"03/09/2026 14:14:32","Bureau/livraisonKPI 20250428/Nouveau dossier/Content/bootstrap.rtl.min.css.map","1.0","2025-02-06T13:22:56Z","fethy.faradji@infopro-digital.com"
"03/09/2026 14:14:37","Bureau/livraisonKPI 20250428/Nouveau dossier/Content/bootstrap-grid.css","1.0","2025-02-06T13:22:57Z","fethy.faradji@infopro-digital.com"
"03/09/2026 14:14:42","Bureau/livraisonKPI 20250428/Nouveau dossier/Content/bootstrap-grid.css.map","1.0","2025-02-06T13:22:57Z","fethy.faradji@infopro-digital.com"
"03/09/2026 14:14:47","Bureau/livraisonKPI 20250428/Nouveau dossier/Content/bootstrap-grid.min.css","1.0","2025-02-06T13:22:57Z","fethy.faradji@infopro-digital.com"
"03/09/2026 14:14:52","Bureau/livraisonKPI 20250428/Nouveau dossier/Content/bootstrap-grid.min.css.map","1.0","2025-02-06T13:22:57Z","fethy.faradji@infopro-digital.com"
"03/09/2026 14:14:57","Bureau/livraisonKPI 20250428/Nouveau dossier/Content/bootstrap-grid.rtl.css","1.0","2025-02-06T13:22:57Z","fethy.faradji@infopro-digital.com"
"03/09/2026 14:15:03","Bureau/livraisonKPI 20250428/Nouveau dossier/Content/bootstrap-grid.rtl.css.map","1.0","2025-02-06T13:22:57Z","fethy.faradji@infopro-digital.com"
"03/09/2026 14:15:07","Bureau/livraisonKPI 20250428/Nouveau dossier/Content/bootstrap-grid.rtl.min.css","1.0","2025-02-06T13:22:57Z","fethy.faradji@infopro-digital.com"
"03/09/2026 14:15:12","Bureau/livraisonKPI 20250428/Nouveau dossier/Content/bootstrap-grid.rtl.min.css.map","1.0","2025-02-06T13:22:57Z","fethy.faradji@infopro-digital.com"
"03/09/2026 14:15:17","Bureau/livraisonKPI 20250428/Nouveau dossier/Content/bootstrap-reboot.css","1.0","2025-02-06T13:22:57Z","fethy.faradji@infopro-digital.com"
"03/09/2026 14:15:23","Bureau/livraisonKPI 20250428/Nouveau dossier/Content/bootstrap-reboot.css.map","1.0","2025-02-06T13:22:57Z","fethy.faradji@infopro-digital.com"
"03/09/2026 14:15:27","Bureau/livraisonKPI 20250428/Nouveau dossier/Content/bootstrap-reboot.min.css","1.0","2025-02-06T13:22:57Z","fethy.faradji@infopro-digital.com"
"03/09/2026 14:15:32","Bureau/livraisonKPI 20250428/Nouveau dossier/Content/bootstrap-reboot.min.css.map","1.0","2025-02-06T13:22:57Z","fethy.faradji@infopro-digital.com"
"03/09/2026 14:15:38","Bureau/livraisonKPI 20250428/Nouveau dossier/Content/bootstrap-reboot.rtl.css","1.0","2025-02-06T13:22:57Z","fethy.faradji@infopro-digital.com"
"03/09/2026 14:15:44","Bureau/livraisonKPI 20250428/Nouveau dossier/Content/bootstrap-reboot.rtl.css.map","1.0","2025-02-06T13:22:57Z","fethy.faradji@infopro-digital.com"
"03/09/2026 14:15:49","Bureau/livraisonKPI 20250428/Nouveau dossier/Content/bootstrap-reboot.rtl.min.css","1.0","2025-02-06T13:22:57Z","fethy.faradji@infopro-digital.com"
"03/09/2026 14:15:54","Bureau/livraisonKPI 20250428/Nouveau dossier/Content/bootstrap-reboot.rtl.min.css.map","1.0","2025-02-06T13:22:57Z","fethy.faradji@infopro-digital.com"
"03/09/2026 14:15:58","Bureau/livraisonKPI 20250428/Nouveau dossier/Content/bootstrap-utilities.css","1.0","2025-02-06T13:22:57Z","fethy.faradji@infopro-digital.com"
"03/09/2026 14:16:04","Bureau/livraisonKPI 20250428/Nouveau dossier/Content/bootstrap-utilities.css.map","1.0","2025-02-06T13:22:57Z","fethy.faradji@infopro-digital.com"
"03/09/2026 14:16:10","Bureau/livraisonKPI 20250428/Nouveau dossier/Content/bootstrap-utilities.min.css","1.0","2025-02-06T13:22:56Z","fethy.faradji@infopro-digital.com"
"03/09/2026 14:16:16","Bureau/livraisonKPI 20250428/Nouveau dossier/Content/bootstrap-utilities.min.css.map","1.0","2025-02-06T13:22:56Z","fethy.faradji@infopro-digital.com"
"03/09/2026 14:16:21","Bureau/livraisonKPI 20250428/Nouveau dossier/Content/bootstrap-utilities.rtl.css","1.0","2025-02-06T13:22:56Z","fethy.faradji@infopro-digital.com"
"03/09/2026 14:16:26","Bureau/livraisonKPI 20250428/Nouveau dossier/Content/bootstrap-utilities.rtl.css.map","1.0","2025-02-06T13:22:56Z","fethy.faradji@infopro-digital.com"
"03/09/2026 14:16:31","Bureau/livraisonKPI 20250428/Nouveau dossier/Content/bootstrap-utilities.rtl.min.css","1.0","2025-02-06T13:22:56Z","fethy.faradji@infopro-digital.com"
"03/09/2026 14:16:35","Bureau/livraisonKPI 20250428/Nouveau dossier/Content/bootstrap-utilities.rtl.min.css.map","1.0","2025-02-06T13:22:56Z","fethy.faradji@infopro-digital.com"
"03/09/2026 14:16:40","Bureau/livraisonKPI 20250428/Nouveau dossier/Content/Site.css","1.0","2025-04-09T09:36:53Z","fethy.faradji@infopro-digital.com"
"03/09/2026 14:16:45","Bureau/livraisonKPI 20250428/Nouveau dossier/livrable KPI securite/app.publish/Application Files/Alimentation_DWS_PS_1_0_0_0/Alimentation_DWS_PS.exe.config.deploy","1.0","2025-03-14T10:29:11Z","fethy.faradji@infopro-digital.com"
"03/09/2026 14:16:50","Bureau/livraisonKPI 20250428/Nouveau dossier/livrable KPI securite/app.publish/Application Files/Alimentation_DWS_PS_1_0_0_0/Alimentation_DWS_PS.exe.deploy","1.0","2025-04-28T13:40:16Z","fethy.faradji@infopro-digital.com"
"03/09/2026 14:16:55","Bureau/livraisonKPI 20250428/Nouveau dossier/livrable KPI securite/app.publish/Application Files/Alimentation_DWS_PS_1_0_0_0/Alimentation_DWS_PS.exe.manifest","1.0","2025-04-28T13:40:19Z","fethy.faradji@infopro-digital.com"
"03/09/2026 14:17:01","Bureau/livraisonKPI 20250428/Nouveau dossier/livrable KPI securite/app.publish/Application Files/Alimentation_DWS_PS_1_0_0_0/Microsoft.Bcl.AsyncInterfaces.dll.deploy","1.0","2025-02-11T23:12:14Z","fethy.faradji@infopro-digital.com"
"03/09/2026 14:17:06","Bureau/livraisonKPI 20250428/Nouveau dossier/livrable KPI securite/app.publish/Application Files/Alimentation_DWS_PS_1_0_0_0/Microsoft.Bcl.HashCode.dll.deploy","1.0","2020-11-16T21:15:16Z","fethy.faradji@infopro-digital.com"
"03/09/2026 14:17:10","Bureau/livraisonKPI 20250428/Nouveau dossier/livrable KPI securite/app.publish/Application Files/Alimentation_DWS_PS_1_0_0_0/Microsoft.Extensions.DependencyInjection.Abstractions.dll.deploy","1.0","2023-10-31T15:00:34Z","fethy.faradji@infopro-digital.com"
"03/09/2026 14:17:16","Bureau/livraisonKPI 20250428/Nouveau dossier/livrable KPI securite/app.publish/Application Files/Alimentation_DWS_PS_1_0_0_0/Microsoft.Extensions.Logging.Abstractions.dll.deploy","1.0","2023-10-31T15:04:00Z","fethy.faradji@infopro-digital.com"
"03/09/2026 14:17:21","Bureau/livraisonKPI 20250428/Nouveau dossier/livrable KPI securite/app.publish/Application Files/Alimentation_DWS_PS_1_0_0_0/Npgsql.dll.deploy","1.0","2025-02-24T22:00:04Z","fethy.faradji@infopro-digital.com"
"03/09/2026 14:17:26","Bureau/livraisonKPI 20250428/Nouveau dossier/livrable KPI securite/app.publish/Application Files/Alimentation_DWS_PS_1_0_0_0/System.Buffers.dll.deploy","1.0","2020-02-19T10:05:18Z","fethy.faradji@infopro-digital.com"
"03/09/2026 14:17:31","Bureau/livraisonKPI 20250428/Nouveau dossier/livrable KPI securite/app.publish/Application Files/Alimentation_DWS_PS_1_0_0_0/System.Collections.Immutable.dll.deploy","1.0","2023-10-31T15:04:34Z","fethy.faradji@infopro-digital.com"
"03/09/2026 14:17:36","Bureau/livraisonKPI 20250428/Nouveau dossier/livrable KPI securite/app.publish/Application Files/Alimentation_DWS_PS_1_0_0_0/System.Diagnostics.DiagnosticSource.dll.deploy","1.0","2023-10-31T15:00:46Z","fethy.faradji@infopro-digital.com"
"03/09/2026 14:17:40","Bureau/livraisonKPI 20250428/Nouveau dossier/livrable KPI securite/app.publish/Application Files/Alimentation_DWS_PS_1_0_0_0/System.IO.Pipelines.dll.deploy","1.0","2025-02-11T23:12:24Z","fethy.faradji@infopro-digital.com"
"03/09/2026 14:17:46","Bureau/livraisonKPI 20250428/Nouveau dossier/livrable KPI securite/app.publish/Application Files/Alimentation_DWS_PS_1_0_0_0/System.Memory.dll.deploy","1.0","2022-05-08T03:31:02Z","fethy.faradji@infopro-digital.com"
"03/09/2026 14:17:51","Bureau/livraisonKPI 20250428/Nouveau dossier/livrable KPI securite/app.publish/Application Files/Alimentation_DWS_PS_1_0_0_0/System.Numerics.Vectors.dll.deploy","1.0","2018-05-15T13:29:44Z","fethy.faradji@infopro-digital.com"
"03/09/2026 14:17:56","Bureau/livraisonKPI 20250428/Nouveau dossier/livrable KPI securite/app.publish/Application Files/Alimentation_DWS_PS_1_0_0_0/System.Runtime.CompilerServices.Unsafe.dll.deploy","1.0","2021-10-22T23:40:18Z","fethy.faradji@infopro-digital.com"
"03/09/2026 14:18:02","Bureau/livraisonKPI 20250428/Nouveau dossier/livrable KPI securite/app.publish/Application Files/Alimentation_DWS_PS_1_0_0_0/System.Text.Encodings.Web.dll.deploy","1.0","2025-02-11T23:18:34Z","fethy.faradji@infopro-digital.com"
"03/09/2026 14:18:06","Bureau/livraisonKPI 20250428/Nouveau dossier/livrable KPI securite/app.publish/Application Files/Alimentation_DWS_PS_1_0_0_0/System.Text.Json.dll.deploy","1.0","2025-02-11T23:18:50Z","fethy.faradji@infopro-digital.com"
"03/09/2026 14:18:11","Bureau/livraisonKPI 20250428/Nouveau dossier/livrable KPI securite/app.publish/Application Files/Alimentation_DWS_PS_1_0_0_0/System.Threading.Channels.dll.deploy","1.0","2023-10-31T15:09:50Z","fethy.faradji@infopro-digital.com"
"03/09/2026 14:18:17","Bureau/livraisonKPI 20250428/Nouveau dossier/livrable KPI securite/app.publish/Application Files/Alimentation_DWS_PS_1_0_0_0/System.Threading.Tasks.Extensions.dll.deploy","1.0","2020-02-19T10:05:18Z","fethy.faradji@infopro-digital.com"
"03/09/2026 14:18:23","Bureau/livraisonKPI 20250428/Nouveau dossier/livrable KPI securite/app.publish/Application Files/Alimentation_DWS_PS_1_0_0_0/System.ValueTuple.dll.deploy","1.0","2018-05-15T13:29:52Z","fethy.faradji@infopro-digital.com"
"03/09/2026 14:18:29","Bureau/livraisonKPI 20250428/Nouveau dossier/livrable KPI securite/app.publish/Alimentation_DWS_PS.application","1.0","2025-04-28T13:40:19Z","fethy.faradji@infopro-digital.com"
"03/09/2026 14:18:35","Bureau/livraisonKPI 20250428/Nouveau dossier/livrable KPI securite/app.publish/Alimentation_DWS_PS.exe","1.0","2025-04-28T13:40:16Z","fethy.faradji@infopro-digital.com"
"03/09/2026 14:18:39","Bureau/livraisonKPI 20250428/Nouveau dossier/livrable KPI securite/app.publish/setup.exe","1.0","2025-04-28T13:40:19Z","fethy.faradji@infopro-digital.com"
"03/09/2026 14:18:45","Bureau/livraisonKPI 20250428/Nouveau dossier/livrable KPI securite/PowerShell/AcceptedDomains.ps1","1.0","2025-04-25T15:17:32Z","fethy.faradji@infopro-digital.com"
"03/09/2026 14:18:49","Bureau/livraisonKPI 20250428/Nouveau dossier/livrable KPI securite/PowerShell/Extraction_AD_Computers.ps1","1.0","2025-03-14T10:34:41Z","fethy.faradji@infopro-digital.com"
"03/09/2026 14:18:54","Bureau/livraisonKPI 20250428/Nouveau dossier/livrable KPI securite/PowerShell/ExtractionAD-ANETO.ps1","1.0","2025-04-25T15:06:38Z","fethy.faradji@infopro-digital.com"
"03/09/2026 14:19:00","Bureau/livraisonKPI 20250428/Nouveau dossier/livrable KPI securite/PowerShell/ExtractionAD-APC.ps1","1.0","2025-04-25T15:06:38Z","fethy.faradji@infopro-digital.com"
"03/09/2026 14:19:06","Bureau/livraisonKPI 20250428/Nouveau dossier/livrable KPI securite/PowerShell/ExtractionAD-COMPANEO.ps1","1.0","2025-04-25T15:06:38Z","fethy.faradji@infopro-digital.com"
"03/09/2026 14:19:11","Bureau/livraisonKPI 20250428/Nouveau dossier/livrable KPI securite/PowerShell/ExtractionAD-DRD.ps1","1.0","2025-03-27T14:21:12Z","fethy.faradji@infopro-digital.com"
"03/09/2026 14:19:15","Bureau/livraisonKPI 20250428/Nouveau dossier/livrable KPI securite/PowerShell/ExtractionAD-EBP.ps1","1.0","2025-04-25T15:06:38Z","fethy.faradji@infopro-digital.com"
"03/09/2026 14:19:20","Bureau/livraisonKPI 20250428/Nouveau dossier/livrable KPI securite/PowerShell/ExtractionAD-GMH.ps1","1.0","2025-04-25T15:06:38Z","fethy.faradji@infopro-digital.com"
"03/09/2026 14:19:26","Bureau/livraisonKPI 20250428/Nouveau dossier/livrable KPI securite/PowerShell/ExtractionAD-INFO.ps1","1.0","2025-04-25T15:06:38Z","fethy.faradji@infopro-digital.com"
"03/09/2026 14:19:30","Bureau/livraisonKPI 20250428/Nouveau dossier/livrable KPI securite/PowerShell/ExtractionAD-VP.ps1","1.0","2025-03-27T15:08:12Z","fethy.faradji@infopro-digital.com"
"03/09/2026 14:19:36","Bureau/livraisonKPI 20250428/Nouveau dossier/livrable KPI securite/PowerShell/ExtractionAD-VPLUS.ps1","1.0","2025-04-25T15:06:38Z","fethy.faradji@infopro-digital.com"
"03/09/2026 14:19:41","Bureau/livraisonKPI 20250428/Nouveau dossier/livrable KPI securite/PowerShell/HTMLTable.ps1","1.0","2025-03-14T10:34:41Z","fethy.faradji@infopro-digital.com"
"03/09/2026 14:19:46","Bureau/livraisonKPI 20250428/Nouveau dossier/livrable KPI securite/PowerShell/Script_recuperation_domaines_accepte_exchange.ps1","1.0","2025-04-25T13:08:25Z","fethy.faradji@infopro-digital.com"
"03/09/2026 14:19:51","Bureau/livraisonKPI 20250428/Nouveau dossier/livrable KPI securite/PowerShell/User365.ps1","1.0","2025-04-25T15:17:44Z","fethy.faradji@infopro-digital.com"
"03/09/2026 14:19:56","Bureau/livraisonKPI 20250428/Nouveau dossier/livrable KPI securite/runtimes/linux/lib/net9.0/System.DirectoryServices.Protocols.dll","1.0","2024-12-10T21:09:30Z","fethy.faradji@infopro-digital.com"
"03/09/2026 14:20:01","Bureau/livraisonKPI 20250428/Nouveau dossier/livrable KPI securite/runtimes/osx/lib/net9.0/System.DirectoryServices.Protocols.dll","1.0","2024-12-10T21:13:50Z","fethy.faradji@infopro-digital.com"
"03/09/2026 14:20:06","Bureau/livraisonKPI 20250428/Nouveau dossier/livrable KPI securite/runtimes/win/lib/net9.0/System.Diagnostics.EventLog.dll","1.0","2024-12-10T21:04:34Z","fethy.faradji@infopro-digital.com"
"03/09/2026 14:20:11","Bureau/livraisonKPI 20250428/Nouveau dossier/livrable KPI securite/runtimes/win/lib/net9.0/System.Diagnostics.EventLog.Messages.dll","1.0","2024-12-10T21:04:30Z","fethy.faradji@infopro-digital.com"
"03/09/2026 14:20:17","Bureau/livraisonKPI 20250428/Nouveau dossier/livrable KPI securite/runtimes/win/lib/net9.0/System.DirectoryServices.AccountManagement.dll","1.0","2024-12-10T21:04:48Z","fethy.faradji@infopro-digital.com"
"03/09/2026 14:20:22","Bureau/livraisonKPI 20250428/Nouveau dossier/livrable KPI securite/runtimes/win/lib/net9.0/System.DirectoryServices.dll","1.0","2024-12-10T21:04:44Z","fethy.faradji@infopro-digital.com"
"03/09/2026 14:20:28","Bureau/livraisonKPI 20250428/Nouveau dossier/livrable KPI securite/runtimes/win/lib/net9.0/System.DirectoryServices.Protocols.dll","1.0","2024-12-10T21:04:28Z","fethy.faradji@infopro-digital.com"
"03/09/2026 14:20:33","Bureau/livraisonKPI 20250428/Nouveau dossier/livrable KPI securite/Alimentation_DWS_PS.application","1.0","2025-04-28T13:40:17Z","fethy.faradji@infopro-digital.com"
"03/09/2026 14:20:39","Bureau/livraisonKPI 20250428/Nouveau dossier/livrable KPI securite/Alimentation_DWS_PS.exe","1.0","2025-04-28T13:40:16Z","fethy.faradji@infopro-digital.com"
"03/09/2026 14:20:45","Bureau/livraisonKPI 20250428/Nouveau dossier/livrable KPI securite/Alimentation_DWS_PS.exe.config","1.0","2025-03-14T10:29:11Z","fethy.faradji@infopro-digital.com"
"03/09/2026 14:20:52","Bureau/livraisonKPI 20250428/Nouveau dossier/livrable KPI securite/Alimentation_DWS_PS.exe.manifest","1.0","2025-04-28T13:40:17Z","fethy.faradji@infopro-digital.com"
"03/09/2026 14:20:58","Bureau/livraisonKPI 20250428/Nouveau dossier/livrable KPI securite/Alimentation_DWS_PS.pdb","1.0","2025-04-28T13:40:16Z","fethy.faradji@infopro-digital.com"
"03/09/2026 14:21:03","Bureau/livraisonKPI 20250428/Nouveau dossier/livrable KPI securite/appsettings.json","1.0","2025-03-27T13:14:31Z","fethy.faradji@infopro-digital.com"
"03/09/2026 14:21:09","Bureau/livraisonKPI 20250428/Nouveau dossier/livrable KPI securite/Microsoft.Bcl.AsyncInterfaces.dll","1.0","2025-02-11T23:12:14Z","fethy.faradji@infopro-digital.com"
"03/09/2026 14:21:15","Bureau/livraisonKPI 20250428/Nouveau dossier/livrable KPI securite/Microsoft.Bcl.AsyncInterfaces.xml","1.0","2025-02-11T23:12:14Z","fethy.faradji@infopro-digital.com"
"03/09/2026 14:21:20","Bureau/livraisonKPI 20250428/Nouveau dossier/livrable KPI securite/Microsoft.Bcl.HashCode.dll","1.0","2020-11-16T21:15:16Z","fethy.faradji@infopro-digital.com"
"03/09/2026 14:21:25","Bureau/livraisonKPI 20250428/Nouveau dossier/livrable KPI securite/Microsoft.Bcl.HashCode.xml","1.0","2020-11-16T21:15:16Z","fethy.faradji@infopro-digital.com"
"03/09/2026 14:21:30","Bureau/livraisonKPI 20250428/Nouveau dossier/livrable KPI securite/Microsoft.Extensions.DependencyInjection.Abstractions.dll","1.0","2023-10-31T15:00:34Z","fethy.faradji@infopro-digital.com"
"03/09/2026 14:21:36","Bureau/livraisonKPI 20250428/Nouveau dossier/livrable KPI securite/Microsoft.Extensions.DependencyInjection.Abstractions.xml","1.0","2023-10-31T15:00:34Z","fethy.faradji@infopro-digital.com"
"03/09/2026 14:21:41","Bureau/livraisonKPI 20250428/Nouveau dossier/livrable KPI securite/Microsoft.Extensions.Logging.Abstractions.dll","1.0","2023-10-31T15:04:00Z","fethy.faradji@infopro-digital.com"
"03/09/2026 14:21:46","Bureau/livraisonKPI 20250428/Nouveau dossier/livrable KPI securite/Microsoft.Extensions.Logging.Abstractions.xml","1.0","2023-10-31T15:04:00Z","fethy.faradji@infopro-digital.com"
"03/09/2026 14:21:51","Bureau/livraisonKPI 20250428/Nouveau dossier/livrable KPI securite/Newtonsoft.Json.dll","1.0","2023-03-08T07:09:54Z","fethy.faradji@infopro-digital.com"
"03/09/2026 14:21:57","Bureau/livraisonKPI 20250428/Nouveau dossier/livrable KPI securite/Npgsql.dll","1.0","2025-02-24T22:00:04Z","fethy.faradji@infopro-digital.com"
"03/09/2026 14:22:03","Bureau/livraisonKPI 20250428/Nouveau dossier/livrable KPI securite/Npgsql.Json.NET.dll","1.0","2024-12-07T09:49:42Z","fethy.faradji@infopro-digital.com"
"03/09/2026 14:22:09","Bureau/livraisonKPI 20250428/Nouveau dossier/livrable KPI securite/Npgsql.xml","1.0","2025-02-24T22:00:00Z","fethy.faradji@infopro-digital.com"
"03/09/2026 14:22:15","Bureau/livraisonKPI 20250428/Nouveau dossier/livrable KPI securite/POC_KPI_SECURITE.deps.json","1.0","2025-01-24T15:36:54Z","fethy.faradji@infopro-digital.com"
"03/09/2026 14:22:20","Bureau/livraisonKPI 20250428/Nouveau dossier/livrable KPI securite/POC_KPI_SECURITE.dll","1.0","2025-01-24T16:39:46Z","fethy.faradji@infopro-digital.com"
"03/09/2026 14:22:26","Bureau/livraisonKPI 20250428/Nouveau dossier/livrable KPI securite/POC_KPI_SECURITE.exe","1.0","2025-01-24T16:39:46Z","fethy.faradji@infopro-digital.com"
"03/09/2026 14:22:33","Bureau/livraisonKPI 20250428/Nouveau dossier/livrable KPI securite/POC_KPI_SECURITE.pdb","1.0","2025-01-24T16:39:46Z","fethy.faradji@infopro-digital.com"
"03/09/2026 14:22:38","Bureau/livraisonKPI 20250428/Nouveau dossier/livrable KPI securite/POC_KPI_SECURITE.runtimeconfig.json","1.0","2025-01-24T15:36:54Z","fethy.faradji@infopro-digital.com"
"03/09/2026 14:22:44","Bureau/livraisonKPI 20250428/Nouveau dossier/livrable KPI securite/System.Buffers.dll","1.0","2020-02-19T10:05:18Z","fethy.faradji@infopro-digital.com"
"03/09/2026 14:22:49","Bureau/livraisonKPI 20250428/Nouveau dossier/livrable KPI securite/System.Buffers.xml","1.0","2020-02-19T10:05:18Z","fethy.faradji@infopro-digital.com"
"03/09/2026 14:22:54","Bureau/livraisonKPI 20250428/Nouveau dossier/livrable KPI securite/System.Collections.Immutable.dll","1.0","2023-10-31T15:04:34Z","fethy.faradji@infopro-digital.com"
"03/09/2026 14:22:59","Bureau/livraisonKPI 20250428/Nouveau dossier/livrable KPI securite/System.Collections.Immutable.xml","1.0","2023-09-18T23:26:32Z","fethy.faradji@infopro-digital.com"
"03/09/2026 14:23:05","Bureau/livraisonKPI 20250428/Nouveau dossier/livrable KPI securite/System.Configuration.ConfigurationManager.dll","1.0","2024-12-10T21:03:54Z","fethy.faradji@infopro-digital.com"
"03/09/2026 14:23:10","Bureau/livraisonKPI 20250428/Nouveau dossier/livrable KPI securite/System.Diagnostics.DiagnosticSource.dll","1.0","2023-10-31T15:00:46Z","fethy.faradji@infopro-digital.com"
"03/09/2026 14:23:15","Bureau/livraisonKPI 20250428/Nouveau dossier/livrable KPI securite/System.Diagnostics.DiagnosticSource.xml","1.0","2023-09-18T23:26:32Z","fethy.faradji@infopro-digital.com"
"03/09/2026 14:23:20","Bureau/livraisonKPI 20250428/Nouveau dossier/livrable KPI securite/System.Diagnostics.EventLog.dll","1.0","2024-12-10T21:03:26Z","fethy.faradji@infopro-digital.com"
"03/09/2026 14:23:25","Bureau/livraisonKPI 20250428/Nouveau dossier/livrable KPI securite/System.DirectoryServices.AccountManagement.dll","1.0","2024-12-10T21:14:12Z","fethy.faradji@infopro-digital.com"
"03/09/2026 14:23:30","Bureau/livraisonKPI 20250428/Nouveau dossier/livrable KPI securite/System.DirectoryServices.dll","1.0","2024-12-10T21:06:16Z","fethy.faradji@infopro-digital.com"
"03/09/2026 14:23:36","Bureau/livraisonKPI 20250428/Nouveau dossier/livrable KPI securite/System.DirectoryServices.Protocols.dll","1.0","2024-12-10T21:09:30Z","fethy.faradji@infopro-digital.com"
"03/09/2026 14:23:40","Bureau/livraisonKPI 20250428/Nouveau dossier/livrable KPI securite/System.IO.Pipelines.dll","1.0","2025-02-11T23:12:24Z","fethy.faradji@infopro-digital.com"
"03/09/2026 14:23:45","Bureau/livraisonKPI 20250428/Nouveau dossier/livrable KPI securite/System.IO.Pipelines.xml","1.0","2025-02-11T23:12:24Z","fethy.faradji@infopro-digital.com"
"03/09/2026 14:23:50","Bureau/livraisonKPI 20250428/Nouveau dossier/livrable KPI securite/System.Memory.dll","1.0","2022-05-08T03:31:02Z","fethy.faradji@infopro-digital.com"
"03/09/2026 14:23:54","Bureau/livraisonKPI 20250428/Nouveau dossier/livrable KPI securite/System.Memory.xml","1.0","2022-05-08T03:31:02Z","fethy.faradji@infopro-digital.com"
"03/09/2026 14:23:59","Bureau/livraisonKPI 20250428/Nouveau dossier/livrable KPI securite/System.Numerics.Vectors.dll","1.0","2018-05-15T13:29:44Z","fethy.faradji@infopro-digital.com"
"03/09/2026 14:24:04","Bureau/livraisonKPI 20250428/Nouveau dossier/livrable KPI securite/System.Numerics.Vectors.xml","1.0","2018-05-15T13:29:44Z","fethy.faradji@infopro-digital.com"
"03/09/2026 14:24:11","Bureau/livraisonKPI 20250428/Nouveau dossier/livrable KPI securite/System.Runtime.CompilerServices.Unsafe.dll","1.0","2021-10-22T23:40:18Z","fethy.faradji@infopro-digital.com"
"03/09/2026 14:24:15","Bureau/livraisonKPI 20250428/Nouveau dossier/livrable KPI securite/System.Runtime.CompilerServices.Unsafe.xml","1.0","2021-10-19T07:14:20Z","fethy.faradji@infopro-digital.com"
"03/09/2026 14:24:20","Bureau/livraisonKPI 20250428/Nouveau dossier/livrable KPI securite/System.Security.Cryptography.ProtectedData.dll","1.0","2024-12-10T21:03:24Z","fethy.faradji@infopro-digital.com"
"03/09/2026 14:24:24","Bureau/livraisonKPI 20250428/Nouveau dossier/livrable KPI securite/System.Text.Encodings.Web.dll","1.0","2025-02-11T23:18:34Z","fethy.faradji@infopro-digital.com"
"03/09/2026 14:24:30","Bureau/livraisonKPI 20250428/Nouveau dossier/livrable KPI securite/System.Text.Encodings.Web.xml","1.0","2025-02-11T23:18:34Z","fethy.faradji@infopro-digital.com"
"03/09/2026 14:24:35","Bureau/livraisonKPI 20250428/Nouveau dossier/livrable KPI securite/System.Text.Json.dll","1.0","2025-02-11T23:18:50Z","fethy.faradji@infopro-digital.com"
"03/09/2026 14:24:40","Bureau/livraisonKPI 20250428/Nouveau dossier/livrable KPI securite/System.Text.Json.xml","1.0","2025-02-11T23:18:50Z","fethy.faradji@infopro-digital.com"
"03/09/2026 14:24:45","Bureau/livraisonKPI 20250428/Nouveau dossier/livrable KPI securite/System.Threading.Channels.dll","1.0","2023-10-31T15:09:50Z","fethy.faradji@infopro-digital.com"
"03/09/2026 14:24:51","Bureau/livraisonKPI 20250428/Nouveau dossier/livrable KPI securite/System.Threading.Channels.xml","1.0","2023-09-18T23:26:32Z","fethy.faradji@infopro-digital.com"
"03/09/2026 14:24:56","Bureau/livraisonKPI 20250428/Nouveau dossier/livrable KPI securite/System.Threading.Tasks.Extensions.dll","1.0","2020-02-19T10:05:18Z","fethy.faradji@infopro-digital.com"
"03/09/2026 14:25:01","Bureau/livraisonKPI 20250428/Nouveau dossier/livrable KPI securite/System.Threading.Tasks.Extensions.xml","1.0","2020-02-19T10:05:18Z","fethy.faradji@infopro-digital.com"
"03/09/2026 14:25:06","Bureau/livraisonKPI 20250428/Nouveau dossier/livrable KPI securite/System.ValueTuple.dll","1.0","2018-05-15T13:29:52Z","fethy.faradji@infopro-digital.com"
"03/09/2026 14:25:11","Bureau/livraisonKPI 20250428/Nouveau dossier/livrable KPI securite/System.ValueTuple.xml","1.0","2018-05-15T13:29:52Z","fethy.faradji@infopro-digital.com"
"03/09/2026 14:25:16","Bureau/livraisonKPI 20250428/Nouveau dossier/livrable KPI securite/testpowershell2.exe","1.0","2025-03-17T08:13:27Z","fethy.faradji@infopro-digital.com"
"03/09/2026 14:25:21","Bureau/livraisonKPI 20250428/Nouveau dossier/livrable KPI securite/testpowershell2.exe.config","1.0","2025-03-14T10:29:11Z","fethy.faradji@infopro-digital.com"
"03/09/2026 14:25:26","Bureau/livraisonKPI 20250428/Nouveau dossier/livrable KPI securite/testpowershell2.pdb","1.0","2025-03-17T08:13:27Z","fethy.faradji@infopro-digital.com"
"03/09/2026 14:25:31","Bureau/livraisonKPI 20250428/Nouveau dossier/Ressources/home.png","1.0","2025-04-09T13:00:09Z","fethy.faradji@infopro-digital.com"
"03/09/2026 14:25:36","Bureau/livraisonKPI 20250428/Nouveau dossier/Ressources/infopro-logo-petit.png","1.0","2025-02-17T15:26:08Z","fethy.faradji@infopro-digital.com"
"03/09/2026 14:25:41","Bureau/livraisonKPI 20250428/Nouveau dossier/Ressources/meteo.png","1.0","2025-04-09T12:09:22Z","fethy.faradji@infopro-digital.com"
"03/09/2026 14:25:46","Bureau/livraisonKPI 20250428/Nouveau dossier/Scripts/bootstrap.bundle.js","1.0","2025-02-06T13:22:56Z","fethy.faradji@infopro-digital.com"
"03/09/2026 14:25:51","Bureau/livraisonKPI 20250428/Nouveau dossier/Scripts/bootstrap.bundle.js.map","1.0","2025-02-06T13:22:56Z","fethy.faradji@infopro-digital.com"
"03/09/2026 14:25:56","Bureau/livraisonKPI 20250428/Nouveau dossier/Scripts/bootstrap.bundle.min.js","1.0","2025-02-06T13:22:56Z","fethy.faradji@infopro-digital.com"
"03/09/2026 14:26:01","Bureau/livraisonKPI 20250428/Nouveau dossier/Scripts/bootstrap.bundle.min.js.map","1.0","2025-02-06T13:22:56Z","fethy.faradji@infopro-digital.com"
"03/09/2026 14:26:07","Bureau/livraisonKPI 20250428/Nouveau dossier/Scripts/bootstrap.esm.js","1.0","2025-02-06T13:22:56Z","fethy.faradji@infopro-digital.com"
"03/09/2026 14:26:12","Bureau/livraisonKPI 20250428/Nouveau dossier/Scripts/bootstrap.esm.js.map","1.0","2025-02-06T13:22:56Z","fethy.faradji@infopro-digital.com"
"03/09/2026 14:26:17","Bureau/livraisonKPI 20250428/Nouveau dossier/Scripts/bootstrap.esm.min.js","1.0","2025-02-06T13:22:56Z","fethy.faradji@infopro-digital.com"
"03/09/2026 14:26:22","Bureau/livraisonKPI 20250428/Nouveau dossier/Scripts/bootstrap.esm.min.js.map","1.0","2025-02-06T13:22:56Z","fethy.faradji@infopro-digital.com"
"03/09/2026 14:26:28","Bureau/livraisonKPI 20250428/Nouveau dossier/Scripts/bootstrap.js","1.0","2025-02-06T13:22:56Z","fethy.faradji@infopro-digital.com"
"03/09/2026 14:26:34","Bureau/livraisonKPI 20250428/Nouveau dossier/Scripts/bootstrap.js.map","1.0","2025-02-06T13:22:56Z","fethy.faradji@infopro-digital.com"
"03/09/2026 14:26:39","Bureau/livraisonKPI 20250428/Nouveau dossier/Scripts/bootstrap.min.js","1.0","2025-02-06T13:22:56Z","fethy.faradji@infopro-digital.com"
"03/09/2026 14:26:44","Bureau/livraisonKPI 20250428/Nouveau dossier/Scripts/bootstrap.min.js.map","1.0","2025-02-06T13:22:56Z","fethy.faradji@infopro-digital.com"
"03/09/2026 14:26:49","Bureau/livraisonKPI 20250428/Nouveau dossier/Scripts/jquery.validate.js","1.0","2025-02-06T13:23:02Z","fethy.faradji@infopro-digital.com"
"03/09/2026 14:26:54","Bureau/livraisonKPI 20250428/Nouveau dossier/Scripts/jquery.validate.min.js","1.0","2025-02-06T13:23:02Z","fethy.faradji@infopro-digital.com"
"03/09/2026 14:26:59","Bureau/livraisonKPI 20250428/Nouveau dossier/Scripts/jquery.validate.unobtrusive.js","1.0","2025-02-06T13:23:02Z","fethy.faradji@infopro-digital.com"
"03/09/2026 14:27:05","Bureau/livraisonKPI 20250428/Nouveau dossier/Scripts/jquery.validate.unobtrusive.min.js","1.0","2025-02-06T13:23:02Z","fethy.faradji@infopro-digital.com"
"03/09/2026 14:27:11","Bureau/livraisonKPI 20250428/Nouveau dossier/Scripts/jquery-3.7.0.js","1.0","2025-02-06T13:22:57Z","fethy.faradji@infopro-digital.com"
"03/09/2026 14:27:15","Bureau/livraisonKPI 20250428/Nouveau dossier/Scripts/jquery-3.7.0.min.js","1.0","2025-02-06T13:22:57Z","fethy.faradji@infopro-digital.com"
"03/09/2026 14:27:20","Bureau/livraisonKPI 20250428/Nouveau dossier/Scripts/jquery-3.7.0.min.map","1.0","2025-02-06T13:22:57Z","fethy.faradji@infopro-digital.com"
"03/09/2026 14:27:25","Bureau/livraisonKPI 20250428/Nouveau dossier/Scripts/jquery-3.7.0.slim.js","1.0","2025-02-06T13:22:57Z","fethy.faradji@infopro-digital.com"
"03/09/2026 14:27:30","Bureau/livraisonKPI 20250428/Nouveau dossier/Scripts/jquery-3.7.0.slim.min.js","1.0","2025-02-06T13:22:57Z","fethy.faradji@infopro-digital.com"
"03/09/2026 14:27:35","Bureau/livraisonKPI 20250428/Nouveau dossier/Scripts/jquery-3.7.0.slim.min.map","1.0","2025-02-06T13:22:57Z","fethy.faradji@infopro-digital.com"
"03/09/2026 14:27:40","Bureau/livraisonKPI 20250428/Nouveau dossier/Scripts/modernizr-2.8.3.js","1.0","2025-02-06T13:23:01Z","fethy.faradji@infopro-digital.com"
"03/09/2026 14:27:45","Bureau/livraisonKPI 20250428/Nouveau dossier/Views/DimLicences/Licences.cshtml","1.0","2025-04-24T14:13:09Z","fethy.faradji@infopro-digital.com"
"03/09/2026 14:27:50","Bureau/livraisonKPI 20250428/Nouveau dossier/Views/DimOS/OperatingSystem.cshtml","1.0","2025-04-14T09:12:03Z","fethy.faradji@infopro-digital.com"
"03/09/2026 14:27:55","Bureau/livraisonKPI 20250428/Nouveau dossier/Views/DimOU/OrganizationUnit.cshtml","1.0","2025-04-01T14:44:59Z","fethy.faradji@infopro-digital.com"
"03/09/2026 14:28:01","Bureau/livraisonKPI 20250428/Nouveau dossier/Views/Home/About.cshtml","1.0","2025-02-06T13:22:50Z","fethy.faradji@infopro-digital.com"
"03/09/2026 14:28:07","Bureau/livraisonKPI 20250428/Nouveau dossier/Views/Home/AccessDenied.cshtml","1.0","2025-02-18T15:36:17Z","fethy.faradji@infopro-digital.com"
"03/09/2026 14:28:12","Bureau/livraisonKPI 20250428/Nouveau dossier/Views/Home/Contact.cshtml","1.0","2025-02-06T13:22:50Z","fethy.faradji@infopro-digital.com"
"03/09/2026 14:28:18","Bureau/livraisonKPI 20250428/Nouveau dossier/Views/Home/Index.cshtml","1.0","2025-04-14T09:04:13Z","fethy.faradji@infopro-digital.com"
"03/09/2026 14:28:23","Bureau/livraisonKPI 20250428/Nouveau dossier/Views/Shared/_Layout.cshtml","1.0","2025-04-24T09:42:16Z","fethy.faradji@infopro-digital.com"
"03/09/2026 14:28:28","Bureau/livraisonKPI 20250428/Nouveau dossier/Views/Shared/Error.cshtml","1.0","2025-02-06T13:23:03Z","fethy.faradji@infopro-digital.com"
"03/09/2026 14:28:33","Bureau/livraisonKPI 20250428/Nouveau dossier/Views/USERS/USERS.cshtml","1.0","2025-04-03T13:34:13Z","fethy.faradji@infopro-digital.com"
"03/09/2026 14:28:39","Bureau/livraisonKPI 20250428/Nouveau dossier/Views/_ViewStart.cshtml","1.0","2025-02-06T13:22:50Z","fethy.faradji@infopro-digital.com"
"03/09/2026 14:28:45","Bureau/livraisonKPI 20250428/Nouveau dossier/Views/Web.config","1.0","2025-02-11T13:53:24Z","fethy.faradji@infopro-digital.com"
"03/09/2026 14:28:51","Bureau/livraisonKPI 20250428/Nouveau dossier/favicon.ico","1.0","2025-02-06T13:22:50Z","fethy.faradji@infopro-digital.com"
"03/09/2026 14:28:57","Bureau/livraisonKPI 20250428/Nouveau dossier/Global.asax","1.0","2025-02-06T13:22:50Z","fethy.faradji@infopro-digital.com"
"03/09/2026 14:29:02","Bureau/livraisonKPI 20250428/dim_licences.sql","1.0","2025-04-28T12:47:36Z","fethy.faradji@infopro-digital.com"
"03/09/2026 14:29:06","Bureau/livraisonKPI 20250428/DM_user365.sql","1.0","2025-04-28T09:43:32Z","fethy.faradji@infopro-digital.com"
"03/09/2026 14:29:11","Bureau/livraisonKPI 20250428/DW_USER365.sql","1.0","2025-04-28T09:41:48Z","fethy.faradji@infopro-digital.com"
"03/09/2026 14:29:16","Bureau/livraisonKPI 20250428/Insert Errors Consommation_UP__c 16-12-2024.sql","1.0","2025-04-28T09:38:39Z","fethy.faradji@infopro-digital.com"
"03/09/2026 14:29:22","Bureau/livraisonKPI 20250428/translate_and_concat_licenses","1.0","2025-04-28T13:14:42Z","fethy.faradji@infopro-digital.com"
"03/09/2026 14:29:26","Bureau/livraisonKPI 20250428/translate_and_concat_licenses.sql","1.0","2025-04-28T12:38:57Z","fethy.faradji@infopro-digital.com"
"03/09/2026 14:29:31","Bureau/livraisonKPI 20250428/v_user365.sql","1.0","2025-04-28T12:38:44Z","fethy.faradji@infopro-digital.com"
"03/09/2026 14:29:35","Bureau/mep 20241014/SIMX_AO_PUB.SQL","1.0","2024-10-11T13:44:28Z","fethy.faradji@infopro-digital.com"
"03/09/2026 14:29:40","Bureau/mep 20241014/SIMX_AO_PUB2.sql","1.0","2024-10-11T13:43:12Z","fethy.faradji@infopro-digital.com"
"03/09/2026 14:29:45","Bureau/mep 20250113/ALIM_TABLE_SF.sql","1.0","2025-01-10T10:18:49Z","fethy.faradji@infopro-digital.com"
"03/09/2026 14:29:47","Bureau/mep 20250113/ALIM_TABLE_SF.sql","2.0","2025-01-13T09:03:53Z","fethy.faradji@infopro-digital.com"
"03/09/2026 14:29:51","Bureau/mep 20250113/mise_a_jours_seuil.sql","1.0","2025-01-10T10:29:59Z","fethy.faradji@infopro-digital.com"
"03/09/2026 14:29:56","Bureau/mep 20250113/od_package.sql","1.0","2025-01-13T11:11:09Z","fethy.faradji@infopro-digital.com"
"03/09/2026 14:30:01","Bureau/mep 20250129/API_SIM_SF/runtimes/linux/lib/netcoreapp3.1/System.DirectoryServices.Protocols.dll","1.0","2022-01-14T19:49:58Z","fethy.faradji@infopro-digital.com"
"03/09/2026 14:30:05","Bureau/mep 20250129/API_SIM_SF/runtimes/osx/lib/netcoreapp3.1/System.DirectoryServices.Protocols.dll","1.0","2022-01-14T19:49:12Z","fethy.faradji@infopro-digital.com"
"03/09/2026 14:30:11","Bureau/mep 20250129/API_SIM_SF/runtimes/unix/lib/netcoreapp2.1/System.Security.Principal.Windows.dll","1.0","2020-10-19T18:46:26Z","fethy.faradji@infopro-digital.com"
"03/09/2026 14:30:17","Bureau/mep 20250129/API_SIM_SF/runtimes/unix/lib/netcoreapp3.1/System.Drawing.Common.dll","1.0","2021-10-22T23:51:56Z","fethy.faradji@infopro-digital.com"
"03/09/2026 14:30:23","Bureau/mep 20250129/API_SIM_SF/runtimes/win/lib/netcoreapp2.1/System.Security.Principal.Windows.dll","1.0","2020-10-19T18:46:14Z","fethy.faradji@infopro-digital.com"
"03/09/2026 14:30:27","Bureau/mep 20250129/API_SIM_SF/runtimes/win/lib/netcoreapp3.1/Microsoft.Win32.SystemEvents.dll","1.0","2021-10-22T23:48:14Z","fethy.faradji@infopro-digital.com"
"03/09/2026 14:30:32","Bureau/mep 20250129/API_SIM_SF/runtimes/win/lib/netcoreapp3.1/System.Diagnostics.PerformanceCounter.dll","1.0","2022-03-14T17:13:20Z","fethy.faradji@infopro-digital.com"
"03/09/2026 14:30:36","Bureau/mep 20250129/API_SIM_SF/runtimes/win/lib/netcoreapp3.1/System.DirectoryServices.dll","1.0","2023-01-24T05:42:02Z","fethy.faradji@infopro-digital.com"
"03/09/2026 14:30:42","Bureau/mep 20250129/API_SIM_SF/runtimes/win/lib/netcoreapp3.1/System.DirectoryServices.Protocols.dll","1.0","2022-01-14T19:49:16Z","fethy.faradji@infopro-digital.com"
"03/09/2026 14:30:47","Bureau/mep 20250129/API_SIM_SF/runtimes/win/lib/netcoreapp3.1/System.Drawing.Common.dll","1.0","2021-10-22T23:50:20Z","fethy.faradji@infopro-digital.com"
"03/09/2026 14:30:52","Bureau/mep 20250129/API_SIM_SF/runtimes/win/lib/netcoreapp3.1/System.Windows.Extensions.dll","1.0","2021-10-22T23:50:32Z","fethy.faradji@infopro-digital.com"
"03/09/2026 14:30:57","Bureau/mep 20250129/API_SIM_SF/runtimes/win/lib/netstandard2.0/Microsoft.Win32.Registry.dll","1.0","2020-10-19T18:38:06Z","fethy.faradji@infopro-digital.com"
"03/09/2026 14:31:02","Bureau/mep 20250129/API_SIM_SF/runtimes/win/lib/netstandard2.0/System.IO.FileSystem.AccessControl.dll","1.0","2020-10-19T18:37:50Z","fethy.faradji@infopro-digital.com"
"03/09/2026 14:31:08","Bureau/mep 20250129/API_SIM_SF/runtimes/win/lib/netstandard2.0/System.Security.AccessControl.dll","1.0","2021-10-22T23:45:48Z","fethy.faradji@infopro-digital.com"
"03/09/2026 14:31:13","Bureau/mep 20250129/API_SIM_SF/runtimes/win/lib/netstandard2.0/System.Security.Cryptography.ProtectedData.dll","1.0","2021-10-22T23:52:04Z","fethy.faradji@infopro-digital.com"
"03/09/2026 14:31:18","Bureau/mep 20250129/API_SIM_SF/API_SIM--SF.deps.json","1.0","2025-01-27T12:26:06Z","fethy.faradji@infopro-digital.com"
"03/09/2026 14:31:26","Bureau/mep 20250129/API_SIM_SF/API_SIM--SF.dll","1.0","2025-01-27T12:26:06Z","fethy.faradji@infopro-digital.com"
"03/09/2026 14:31:32","Bureau/mep 20250129/API_SIM_SF/API_SIM--SF.exe","1.0","2025-01-27T12:26:06Z","fethy.faradji@infopro-digital.com"
"03/09/2026 14:31:37","Bureau/mep 20250129/API_SIM_SF/API_SIM--SF.pdb","1.0","2025-01-27T12:26:06Z","fethy.faradji@infopro-digital.com"
"03/09/2026 14:31:42","Bureau/mep 20250129/API_SIM_SF/API_SIM--SF.runtimeconfig.json","1.0","2025-01-27T12:26:07Z","fethy.faradji@infopro-digital.com"
"03/09/2026 14:31:47","Bureau/mep 20250129/API_SIM_SF/Microsoft.Extensions.Configuration.Abstractions.dll","1.0","2021-10-22T23:47:50Z","fethy.faradji@infopro-digital.com"
"03/09/2026 14:31:52","Bureau/mep 20250129/API_SIM_SF/Microsoft.Extensions.Configuration.dll","1.0","2021-10-22T23:49:58Z","fethy.faradji@infopro-digital.com"
"03/09/2026 14:31:57","Bureau/mep 20250129/API_SIM_SF/Microsoft.Extensions.Configuration.FileExtensions.dll","1.0","2021-10-22T23:50:06Z","fethy.faradji@infopro-digital.com"
"03/09/2026 14:32:01","Bureau/mep 20250129/API_SIM_SF/Microsoft.Extensions.Configuration.Json.dll","1.0","2021-10-22T23:50:12Z","fethy.faradji@infopro-digital.com"
"03/09/2026 14:32:06","Bureau/mep 20250129/API_SIM_SF/Microsoft.Extensions.FileProviders.Abstractions.dll","1.0","2021-10-22T23:47:48Z","fethy.faradji@infopro-digital.com"
"03/09/2026 14:32:11","Bureau/mep 20250129/API_SIM_SF/Microsoft.Extensions.FileProviders.Physical.dll","1.0","2021-10-22T23:48:18Z","fethy.faradji@infopro-digital.com"
"03/09/2026 14:32:16","Bureau/mep 20250129/API_SIM_SF/Microsoft.Extensions.FileSystemGlobbing.dll","1.0","2021-10-22T23:48:04Z","fethy.faradji@infopro-digital.com"
"03/09/2026 14:32:22","Bureau/mep 20250129/API_SIM_SF/Microsoft.Extensions.Primitives.dll","1.0","2021-10-22T23:50:40Z","fethy.faradji@infopro-digital.com"
"03/09/2026 14:32:26","Bureau/mep 20250129/API_SIM_SF/Microsoft.Win32.Registry.dll","1.0","2020-10-19T18:37:46Z","fethy.faradji@infopro-digital.com"
"03/09/2026 14:32:31","Bureau/mep 20250129/API_SIM_SF/Microsoft.Win32.SystemEvents.dll","1.0","2021-10-22T23:49:36Z","fethy.faradji@infopro-digital.com"
"03/09/2026 14:32:36","Bureau/mep 20250129/API_SIM_SF/Newtonsoft.Json.dll","1.0","2023-03-08T07:09:56Z","fethy.faradji@infopro-digital.com"
"03/09/2026 14:32:41","Bureau/mep 20250129/API_SIM_SF/Oracle.ManagedDataAccess.dll","1.0","2023-03-30T09:09:52Z","fethy.faradji@infopro-digital.com"
"03/09/2026 14:32:49","Bureau/mep 20250129/API_SIM_SF/System.Configuration.ConfigurationManager.dll","1.0","2021-10-22T23:50:38Z","fethy.faradji@infopro-digital.com"
"03/09/2026 14:32:54","Bureau/mep 20250129/API_SIM_SF/System.Diagnostics.PerformanceCounter.dll","1.0","2022-03-14T17:13:22Z","fethy.faradji@infopro-digital.com"
"03/09/2026 14:32:58","Bureau/mep 20250129/API_SIM_SF/System.DirectoryServices.dll","1.0","2023-01-24T05:42:22Z","fethy.faradji@infopro-digital.com"
"03/09/2026 14:33:03","Bureau/mep 20250129/API_SIM_SF/System.DirectoryServices.Protocols.dll","1.0","2022-01-14T19:50:12Z","fethy.faradji@infopro-digital.com"
"03/09/2026 14:33:08","Bureau/mep 20250129/API_SIM_SF/System.Drawing.Common.dll","1.0","2021-10-22T23:50:24Z","fethy.faradji@infopro-digital.com"
"03/09/2026 14:33:12","Bureau/mep 20250129/API_SIM_SF/System.IO.FileSystem.AccessControl.dll","1.0","2020-10-19T18:37:44Z","fethy.faradji@infopro-digital.com"
"03/09/2026 14:33:17","Bureau/mep 20250129/API_SIM_SF/System.Runtime.CompilerServices.Unsafe.dll","1.0","2021-10-22T23:40:56Z","fethy.faradji@infopro-digital.com"
"03/09/2026 14:33:21","Bureau/mep 20250129/API_SIM_SF/System.Security.AccessControl.dll","1.0","2021-10-22T23:36:58Z","fethy.faradji@infopro-digital.com"
"03/09/2026 14:33:26","Bureau/mep 20250129/API_SIM_SF/System.Security.Cryptography.ProtectedData.dll","1.0","2021-10-22T23:50:14Z","fethy.faradji@infopro-digital.com"
"03/09/2026 14:33:30","Bureau/mep 20250129/API_SIM_SF/System.Security.Permissions.dll","1.0","2021-10-22T23:50:28Z","fethy.faradji@infopro-digital.com"
"03/09/2026 14:33:36","Bureau/mep 20250129/API_SIM_SF/System.Security.Principal.Windows.dll","1.0","2020-10-19T18:37:20Z","fethy.faradji@infopro-digital.com"
"03/09/2026 14:33:40","Bureau/mep 20250129/API_SIM_SF/System.Text.Encodings.Web.dll","1.0","2021-10-22T23:41:26Z","fethy.faradji@infopro-digital.com"
"03/09/2026 14:33:45","Bureau/mep 20250129/API_SIM_SF/System.Text.Json.dll","1.0","2021-11-17T18:03:04Z","fethy.faradji@infopro-digital.com"
"03/09/2026 14:33:49","Bureau/mep 20250129/API_SIM_SF/System.Windows.Extensions.dll","1.0","2021-10-22T23:50:26Z","fethy.faradji@infopro-digital.com"
"03/09/2026 14:33:54","Bureau/mep 20250129/ALIM_TABLE_SF.sql","1.0","2025-01-27T12:22:18Z","fethy.faradji@infopro-digital.com"
"03/09/2026 14:33:57","Bureau/mep 20250129/ALIM_TABLE_SF.sql","2.0","2025-01-29T08:54:55Z","fethy.faradji@infopro-digital.com"
"03/09/2026 14:34:03","Bureau/mep 20250129/LISTE_RETRY_SF.sql","1.0","2025-01-27T12:24:07Z","fethy.faradji@infopro-digital.com"
"03/09/2026 14:34:09","Bureau/mep 20250129/nouveau 3.html","1.0","2025-01-27T13:50:58Z","fethy.faradji@infopro-digital.com"
"03/09/2026 14:34:12","Bureau/mep 20250129/nouveau 3.html","2.0","2025-01-27T13:56:59Z","fethy.faradji@infopro-digital.com"
"03/09/2026 14:34:16","Bureau/mep DWS20250814/Nouveau dossier/Nouveau dossier/applications_all.csv","1.0","2025-09-01T07:56:30Z","fethy.faradji@infopro-digital.com"
"03/09/2026 14:34:21","Bureau/mep DWS20250814/Nouveau dossier/Nouveau dossier/applications_entra.csv","1.0","2025-08-29T14:29:33Z","fethy.faradji@infopro-digital.com"
"03/09/2026 14:34:24","Bureau/mep DWS20250814/Nouveau dossier/Nouveau dossier/applications_entra.csv","2.0","2025-08-29T14:46:47Z","fethy.faradji@infopro-digital.com"
"03/09/2026 14:34:26","Bureau/mep DWS20250814/Nouveau dossier/Nouveau dossier/applications_entra.csv","3.0","2025-08-29T15:01:56Z","fethy.faradji@infopro-digital.com"
"03/09/2026 14:34:29","Bureau/mep DWS20250814/Nouveau dossier/Nouveau dossier/applications_entra.csv","4.0","2025-09-01T09:07:06Z","fethy.faradji@infopro-digital.com"
"03/09/2026 14:34:35","Bureau/mep DWS20250814/Nouveau dossier/Nouveau dossier/entra_permissions.csv","1.0","2025-08-28T15:28:28Z","fethy.faradji@infopro-digital.com"
"03/09/2026 14:34:38","Bureau/mep DWS20250814/Nouveau dossier/Nouveau dossier/entra_permissions.csv","2.0","2025-08-29T09:20:51Z","fethy.faradji@infopro-digital.com"
"03/09/2026 14:34:43","Bureau/mep DWS20250814/Nouveau dossier/Nouveau dossier/Rapport_Autorisations_Applications.csv","1.0","2025-08-28T12:18:15Z","fethy.faradji@infopro-digital.com"
"03/09/2026 14:34:49","Bureau/mep DWS20250814/Nouveau dossier/22.csv","1.0","2025-08-28T15:09:00Z","fethy.faradji@infopro-digital.com"
"03/09/2026 14:34:56","Bureau/mep DWS20250814/Nouveau dossier/applications_entra.csv","1.0","2025-09-01T13:27:33Z","fethy.faradji@infopro-digital.com"
"03/09/2026 14:34:58","Bureau/mep DWS20250814/Nouveau dossier/applications_entra.csv","2.0","2025-09-01T14:12:45Z","fethy.faradji@infopro-digital.com"
"03/09/2026 14:35:01","Bureau/mep DWS20250814/Nouveau dossier/applications_entra.csv","3.0","2025-09-01T14:20:34Z","fethy.faradji@infopro-digital.com"
"03/09/2026 14:35:06","Bureau/mep DWS20250814/Nouveau dossier/Rapport_Autorisations_Applications1111.csv","1.0","2025-08-27T08:28:23Z","fethy.faradji@infopro-digital.com"
"03/09/2026 14:35:12","Bureau/mep DWS20250814/Alimentation_DWS_PS.application","1.0","2025-08-14T14:33:23Z","fethy.faradji@infopro-digital.com"
"03/09/2026 14:35:15","Bureau/mep DWS20250814/Alimentation_DWS_PS.application","2.0","2025-08-25T09:45:19Z","fethy.faradji@infopro-digital.com"
"03/09/2026 14:35:20","Bureau/mep DWS20250814/Alimentation_DWS_PS.exe","1.0","2025-08-14T14:33:23Z","fethy.faradji@infopro-digital.com"
"03/09/2026 14:35:23","Bureau/mep DWS20250814/Alimentation_DWS_PS.exe","2.0","2025-08-25T09:45:18Z","fethy.faradji@infopro-digital.com"
"03/09/2026 14:35:25","Bureau/mep DWS20250814/Alimentation_DWS_PS.exe","3.0","2025-09-10T11:58:33Z","fethy.faradji@infopro-digital.com"
"03/09/2026 14:35:30","Bureau/mep DWS20250814/Alimentation_DWS_PS.exe.manifest","1.0","2025-08-14T14:33:23Z","fethy.faradji@infopro-digital.com"
"03/09/2026 14:35:33","Bureau/mep DWS20250814/Alimentation_DWS_PS.exe.manifest","2.0","2025-08-25T09:45:19Z","fethy.faradji@infopro-digital.com"
"03/09/2026 14:35:38","Bureau/mep DWS20250814/applications_entra - Copie.csv","1.0","2025-09-01T12:37:42Z","fethy.faradji@infopro-digital.com"
"03/09/2026 14:35:43","Bureau/mep DWS20250814/applications_entra.csv","1.0","2025-08-28T14:19:31Z","fethy.faradji@infopro-digital.com"
"03/09/2026 14:35:46","Bureau/mep DWS20250814/applications_entra.csv","2.0","2025-08-28T14:29:04Z","fethy.faradji@infopro-digital.com"
"03/09/2026 14:35:48","Bureau/mep DWS20250814/applications_entra.csv","3.0","2025-08-28T14:47:07Z","fethy.faradji@infopro-digital.com"
"03/09/2026 14:35:51","Bureau/mep DWS20250814/applications_entra.csv","4.0","2025-09-01T12:37:42Z","fethy.faradji@infopro-digital.com"
"03/09/2026 14:35:53","Bureau/mep DWS20250814/applications_entra.csv","5.0","2025-09-01T13:14:31Z","fethy.faradji@infopro-digital.com"
"03/09/2026 14:35:56","Bureau/mep DWS20250814/applications_entra.csv","6.0","2025-09-01T13:19:11Z","fethy.faradji@infopro-digital.com"
"03/09/2026 14:35:59","Bureau/mep DWS20250814/applications_entra.csv","7.0","2025-09-02T13:41:36Z","fethy.faradji@infopro-digital.com"
"03/09/2026 14:36:04","Bureau/mep DWS20250814/applications_entreprise.csv","1.0","2025-09-01T11:41:55Z","fethy.faradji@infopro-digital.com"
"03/09/2026 14:36:10","Bureau/mep DWS20250814/apps_tags.csv","1.0","2025-09-02T13:46:15Z","fethy.faradji@infopro-digital.com"
"03/09/2026 14:36:12","Bureau/mep DWS20250814/apps_tags.csv","2.0","2025-09-02T14:12:52Z","fethy.faradji@infopro-digital.com"
"03/09/2026 14:36:18","Bureau/mep DWS20250814/assignations_apps_toutes.csv","1.0","2025-08-29T08:18:23Z","fethy.faradji@infopro-digital.com"
"03/09/2026 14:36:22","Bureau/mep DWS20250814/assignations_apps_toutes.csv","2.0","2025-08-29T08:33:50Z","fethy.faradji@infopro-digital.com"
"03/09/2026 14:36:29","Bureau/mep DWS20250814/entra_permissions.csv","1.0","2025-08-28T14:57:15Z","fethy.faradji@infopro-digital.com"
"03/09/2026 14:36:35","Bureau/mep DWS20250814/inventaire_applications_azure.csv","1.0","2025-08-26T08:13:11Z","fethy.faradji@infopro-digital.com"
"03/09/2026 14:36:40","Bureau/mep DWS20250814/mise a jour dm.sql","1.0","2025-08-14T13:41:23Z","fethy.faradji@infopro-digital.com"
"03/09/2026 14:36:46","Bureau/mep DWS20250814/nouveau 1.txt","1.0","2025-08-28T07:33:43Z","fethy.faradji@infopro-digital.com"
"03/09/2026 14:36:49","Bureau/mep DWS20250814/nouveau 1.txt","2.0","2025-08-28T12:03:44Z","fethy.faradji@infopro-digital.com"
"03/09/2026 14:36:53","Bureau/mep DWS20250814/nouveau 2.txt","1.0","2025-08-28T07:33:49Z","fethy.faradji@infopro-digital.com"
"03/09/2026 14:36:59","Bureau/mep synchro 20241007/ALIM_TABLE_SF.sql","1.0","2024-10-04T09:19:58Z","fethy.faradji@infopro-digital.com"
"03/09/2026 14:37:01","Bureau/mep synchro 20241007/ALIM_TABLE_SF.sql","2.0","2024-10-07T13:51:51Z","fethy.faradji@infopro-digital.com"
"03/09/2026 14:37:07","Bureau/mep synchro 20241007/SIMX_AM_IN.sql","1.0","2024-10-04T09:24:58Z","fethy.faradji@infopro-digital.com"
"03/09/2026 14:37:12","Bureau/mep synchro 20241007/SIMX_AM_IN2.sql","1.0","2024-10-04T09:24:39Z","fethy.faradji@infopro-digital.com"
"03/09/2026 14:37:18","Bureau/mep synchro 20241007/SIMX_AM_INDEX.sql","1.0","2024-10-04T09:24:07Z","fethy.faradji@infopro-digital.com"
"03/09/2026 14:37:23","Bureau/mep synchro 20241007/SIMX_AM_INDEX2.sql","1.0","2024-10-04T09:23:43Z","fethy.faradji@infopro-digital.com"
"03/09/2026 14:37:28","Bureau/mep synchro 20241007/SIMX_AM_PUB.sql","1.0","2024-10-04T09:23:24Z","fethy.faradji@infopro-digital.com"
"03/09/2026 14:37:34","Bureau/mep synchro 20241007/SIMX_AM_PUB2.sql","1.0","2024-10-04T09:23:01Z","fethy.faradji@infopro-digital.com"
"03/09/2026 14:37:37","Bureau/mep synchro 20241007/SIMX_AM_PUB2.sql","2.0","2024-10-04T09:26:18Z","fethy.faradji@infopro-digital.com"
"03/09/2026 14:37:40","Bureau/mep synchro 20241007/SIMX_AM_PUB2.sql","3.0","2024-10-04T09:26:50Z","fethy.faradji@infopro-digital.com"
"03/09/2026 14:37:44","Bureau/mep synchro 20241007/SIMX_AO_IN.sql","1.0","2024-10-04T09:22:39Z","fethy.faradji@infopro-digital.com"
"03/09/2026 14:37:46","Bureau/mep synchro 20241007/SIMX_AO_IN.sql","2.0","2024-10-04T09:27:06Z","fethy.faradji@infopro-digital.com"
"03/09/2026 14:37:51","Bureau/mep synchro 20241007/SIMX_AO_IN2.sql","1.0","2024-10-04T09:22:22Z","fethy.faradji@infopro-digital.com"
"03/09/2026 14:37:56","Bureau/mep synchro 20241007/SIMX_AO_INDEX","1.0","2024-10-04T09:22:05Z","fethy.faradji@infopro-digital.com"
"03/09/2026 14:38:01","Bureau/mep synchro 20241007/SIMX_AO_INDEX2.sql","1.0","2024-10-04T09:21:46Z","fethy.faradji@infopro-digital.com"
"03/09/2026 14:38:06","Bureau/mep synchro 20241007/SIMX_AO_PUB.sql","1.0","2024-10-04T09:21:05Z","fethy.faradji@infopro-digital.com"
"03/09/2026 14:38:11","Bureau/mep synchro 20241007/SIMX_AO_PUB2.sql","1.0","2024-10-04T09:20:30Z","fethy.faradji@infopro-digital.com"
"03/09/2026 14:38:16","Bureau/mep_sim20250612/ALIM_TABLE_SF_BODY.sql","1.0","2025-06-11T09:17:55Z","fethy.faradji@infopro-digital.com"
"03/09/2026 14:38:20","Bureau/mep_sim20250612/update_id_seuil .sql","1.0","2025-06-11T09:36:14Z","fethy.faradji@infopro-digital.com"
"03/09/2026 14:38:23","Bureau/mep_sim20250612/update_id_seuil .sql","2.0","2025-06-11T09:36:32Z","fethy.faradji@infopro-digital.com"
"03/09/2026 14:38:27","Bureau/mep05022025/.csv","1.0","2025-02-20T13:30:07Z","fethy.faradji@infopro-digital.com"
"03/09/2026 14:38:32","Bureau/mep05022025/alim_table_sf.sql","1.0","2025-02-05T08:04:33Z","fethy.faradji@infopro-digital.com"
"03/09/2026 14:38:37","Bureau/mep20250225/ALIM_TABLE_SF.sql","1.0","2025-02-17T14:37:57Z","fethy.faradji@infopro-digital.com"
"03/09/2026 14:38:39","Bureau/mep20250225/ALIM_TABLE_SF.sql","2.0","2025-02-19T15:53:23Z","fethy.faradji@infopro-digital.com"
"03/09/2026 14:38:41","Bureau/mep20250225/ALIM_TABLE_SF.sql","3.0","2025-02-19T15:53:41Z","fethy.faradji@infopro-digital.com"
"03/09/2026 14:38:47","Bureau/mep20250225/nouveau 15.txt","1.0","2025-02-24T13:25:21Z","fethy.faradji@infopro-digital.com"
"03/09/2026 14:38:53","Bureau/mep20250225/publication_seuil.csv","1.0","2025-02-20T13:29:02Z","fethy.faradji@infopro-digital.com"
"03/09/2026 14:38:55","Bureau/mep20250225/publication_seuil.csv","2.0","2025-02-20T15:32:53Z","fethy.faradji@infopro-digital.com"
"03/09/2026 14:39:29","Bureau/mep20250225/publication_seuil.csv","3.0","2025-02-20T15:45:48Z","fethy.faradji@infopro-digital.com"
"03/09/2026 14:39:35","Bureau/mep20250225/publications_seuil.txt","1.0","2025-02-20T10:58:01Z","fethy.faradji@infopro-digital.com"
"03/09/2026 14:40:37","Bureau/mep20250225/publications_seuil.txt","2.0","2025-02-20T15:36:06Z","fethy.faradji@infopro-digital.com"
"03/09/2026 14:42:13","Bureau/mep20250225/update_1.sql","1.0","2025-02-17T14:37:08Z","fethy.faradji@infopro-digital.com"
"03/09/2026 14:42:18","Bureau/mep20250603/ALIM_TABLE_SF.pls","1.0","2025-06-02T09:38:03Z","fethy.faradji@infopro-digital.com"
"03/09/2026 14:42:23","Bureau/mep20250603/AlIM_TABLE_SF_body.sql","1.0","2025-06-02T09:39:17Z","fethy.faradji@infopro-digital.com"
"03/09/2026 14:42:27","Bureau/mep20250603/AlIM_TABLE_SF_spec.sql","1.0","2025-06-02T09:39:45Z","fethy.faradji@infopro-digital.com"
"03/09/2026 14:42:30","Bureau/mep20250603/AlIM_TABLE_SF_spec.sql","2.0","2025-06-03T07:55:32Z","fethy.faradji@infopro-digital.com"
"03/09/2026 14:42:35","Bureau/mep20250603/create_table.sql","1.0","2025-06-02T09:44:37Z","fethy.faradji@infopro-digital.com"
"03/09/2026 14:42:40","Bureau/Nouveau dossier (2)/Debug/app.publish/Alimentation_DWS_PS.exe","1.0","2025-05-07T13:06:59Z","fethy.faradji@infopro-digital.com"
"03/09/2026 14:42:45","Bureau/Nouveau dossier (2)/Debug/PowerShell/AcceptedDomains.ps1","1.0","2025-04-29T12:08:32Z","fethy.faradji@infopro-digital.com"
"03/09/2026 14:42:49","Bureau/Nouveau dossier (2)/Debug/PowerShell/AlerteEchange.ps1","1.0","2025-05-07T13:01:21Z","fethy.faradji@infopro-digital.com"
"03/09/2026 14:42:55","Bureau/Nouveau dossier (2)/Debug/PowerShell/Extraction_AD_Computers.ps1","1.0","2025-03-14T10:34:41Z","fethy.faradji@infopro-digital.com"
"03/09/2026 14:43:00","Bureau/Nouveau dossier (2)/Debug/PowerShell/ExtractionAD-ANETO.ps1","1.0","2025-04-25T15:06:38Z","fethy.faradji@infopro-digital.com"
"03/09/2026 14:43:04","Bureau/Nouveau dossier (2)/Debug/PowerShell/ExtractionAD-APC.ps1","1.0","2025-04-25T15:06:38Z","fethy.faradji@infopro-digital.com"
"03/09/2026 14:43:10","Bureau/Nouveau dossier (2)/Debug/PowerShell/ExtractionAD-COMPANEO.ps1","1.0","2025-04-25T15:06:38Z","fethy.faradji@infopro-digital.com"
"03/09/2026 14:43:15","Bureau/Nouveau dossier (2)/Debug/PowerShell/ExtractionAD-DRD.ps1","1.0","2025-03-27T14:21:12Z","fethy.faradji@infopro-digital.com"
"03/09/2026 14:43:19","Bureau/Nouveau dossier (2)/Debug/PowerShell/ExtractionAD-EBP.ps1","1.0","2025-04-25T15:06:38Z","fethy.faradji@infopro-digital.com"
"03/09/2026 14:43:24","Bureau/Nouveau dossier (2)/Debug/PowerShell/ExtractionAD-GMH.ps1","1.0","2025-04-25T15:06:38Z","fethy.faradji@infopro-digital.com"
"03/09/2026 14:43:28","Bureau/Nouveau dossier (2)/Debug/PowerShell/ExtractionAD-INFO.ps1","1.0","2025-04-25T15:06:38Z","fethy.faradji@infopro-digital.com"
"03/09/2026 14:43:33","Bureau/Nouveau dossier (2)/Debug/PowerShell/ExtractionAD-VP.ps1","1.0","2025-03-27T15:08:12Z","fethy.faradji@infopro-digital.com"
"03/09/2026 14:43:39","Bureau/Nouveau dossier (2)/Debug/PowerShell/ExtractionAD-VPLUS.ps1","1.0","2025-04-25T15:06:38Z","fethy.faradji@infopro-digital.com"
"03/09/2026 14:43:44","Bureau/Nouveau dossier (2)/Debug/PowerShell/HTMLTable.ps1","1.0","2025-03-14T10:34:41Z","fethy.faradji@infopro-digital.com"
"03/09/2026 14:43:50","Bureau/Nouveau dossier (2)/Debug/PowerShell/Script_recuperation_domaines_accepte_exchange.ps1","1.0","2025-04-25T13:08:25Z","fethy.faradji@infopro-digital.com"
"03/09/2026 14:43:55","Bureau/Nouveau dossier (2)/Debug/PowerShell/User365.ps1","1.0","2025-04-25T15:17:44Z","fethy.faradji@infopro-digital.com"
"03/09/2026 14:44:00","Bureau/Nouveau dossier (2)/Debug/PowerShell/UserExcel.ps1","1.0","2025-05-07T13:02:08Z","fethy.faradji@infopro-digital.com"
"03/09/2026 14:44:04","Bureau/Nouveau dossier (2)/Debug/Alimentation_DWS_PS.application","1.0","2025-05-07T13:06:59Z","fethy.faradji@infopro-digital.com"
"03/09/2026 14:44:09","Bureau/Nouveau dossier (2)/Debug/Alimentation_DWS_PS.exe","1.0","2025-05-07T13:06:59Z","fethy.faradji@infopro-digital.com"
"03/09/2026 14:44:15","Bureau/Nouveau dossier (2)/Debug/Alimentation_DWS_PS.exe.config","1.0","2025-03-14T10:29:11Z","fethy.faradji@infopro-digital.com"
"03/09/2026 14:44:20","Bureau/Nouveau dossier (2)/Debug/Alimentation_DWS_PS.exe.manifest","1.0","2025-05-07T13:06:59Z","fethy.faradji@infopro-digital.com"
"03/09/2026 14:44:26","Bureau/Nouveau dossier (2)/Debug/Alimentation_DWS_PS.pdb","1.0","2025-05-07T13:06:59Z","fethy.faradji@infopro-digital.com"
"03/09/2026 14:44:31","Bureau/Nouveau dossier (2)/Debug/appsettings.json","1.0","2025-03-27T13:14:31Z","fethy.faradji@infopro-digital.com"
"03/09/2026 14:44:37","Bureau/Nouveau dossier (2)/Debug/Microsoft.Bcl.AsyncInterfaces.dll","1.0","2025-02-11T23:12:14Z","fethy.faradji@infopro-digital.com"
"03/09/2026 14:44:41","Bureau/Nouveau dossier (2)/Debug/Microsoft.Bcl.AsyncInterfaces.xml","1.0","2025-02-11T23:12:14Z","fethy.faradji@infopro-digital.com"
"03/09/2026 14:44:46","Bureau/Nouveau dossier (2)/Debug/Microsoft.Bcl.HashCode.dll","1.0","2020-11-16T21:15:16Z","fethy.faradji@infopro-digital.com"
"03/09/2026 14:44:52","Bureau/Nouveau dossier (2)/Debug/Microsoft.Bcl.HashCode.xml","1.0","2020-11-16T21:15:16Z","fethy.faradji@infopro-digital.com"
"03/09/2026 14:44:57","Bureau/Nouveau dossier (2)/Debug/Microsoft.Extensions.DependencyInjection.Abstractions.dll","1.0","2023-10-31T15:00:34Z","fethy.faradji@infopro-digital.com"
"03/09/2026 14:45:02","Bureau/Nouveau dossier (2)/Debug/Microsoft.Extensions.DependencyInjection.Abstractions.xml","1.0","2023-10-31T15:00:34Z","fethy.faradji@infopro-digital.com"
"03/09/2026 14:45:07","Bureau/Nouveau dossier (2)/Debug/Microsoft.Extensions.Logging.Abstractions.dll","1.0","2023-10-31T15:04:00Z","fethy.faradji@infopro-digital.com"
"03/09/2026 14:45:12","Bureau/Nouveau dossier (2)/Debug/Microsoft.Extensions.Logging.Abstractions.xml","1.0","2023-10-31T15:04:00Z","fethy.faradji@infopro-digital.com"
"03/09/2026 14:45:18","Bureau/Nouveau dossier (2)/Debug/Npgsql.dll","1.0","2025-02-24T22:00:04Z","fethy.faradji@infopro-digital.com"
"03/09/2026 14:45:24","Bureau/Nouveau dossier (2)/Debug/Npgsql.xml","1.0","2025-02-24T22:00:00Z","fethy.faradji@infopro-digital.com"
"03/09/2026 14:45:31","Bureau/Nouveau dossier (2)/Debug/System.Buffers.dll","1.0","2020-02-19T10:05:18Z","fethy.faradji@infopro-digital.com"
"03/09/2026 14:45:38","Bureau/Nouveau dossier (2)/Debug/System.Buffers.xml","1.0","2020-02-19T10:05:18Z","fethy.faradji@infopro-digital.com"
"03/09/2026 14:45:43","Bureau/Nouveau dossier (2)/Debug/System.Collections.Immutable.dll","1.0","2023-10-31T15:04:34Z","fethy.faradji@infopro-digital.com"
"03/09/2026 14:45:48","Bureau/Nouveau dossier (2)/Debug/System.Collections.Immutable.xml","1.0","2023-09-18T23:26:32Z","fethy.faradji@infopro-digital.com"
"03/09/2026 14:45:53","Bureau/Nouveau dossier (2)/Debug/System.Diagnostics.DiagnosticSource.dll","1.0","2023-10-31T15:00:46Z","fethy.faradji@infopro-digital.com"
"03/09/2026 14:45:59","Bureau/Nouveau dossier (2)/Debug/System.Diagnostics.DiagnosticSource.xml","1.0","2023-09-18T23:26:32Z","fethy.faradji@infopro-digital.com"
"03/09/2026 14:46:04","Bureau/Nouveau dossier (2)/Debug/System.IO.Pipelines.dll","1.0","2025-02-11T23:12:24Z","fethy.faradji@infopro-digital.com"
"03/09/2026 14:46:10","Bureau/Nouveau dossier (2)/Debug/System.IO.Pipelines.xml","1.0","2025-02-11T23:12:24Z","fethy.faradji@infopro-digital.com"
"03/09/2026 14:46:15","Bureau/Nouveau dossier (2)/Debug/System.Memory.dll","1.0","2022-05-08T03:31:02Z","fethy.faradji@infopro-digital.com"
"03/09/2026 14:46:20","Bureau/Nouveau dossier (2)/Debug/System.Memory.xml","1.0","2022-05-08T03:31:02Z","fethy.faradji@infopro-digital.com"
"03/09/2026 14:46:26","Bureau/Nouveau dossier (2)/Debug/System.Numerics.Vectors.dll","1.0","2018-05-15T13:29:44Z","fethy.faradji@infopro-digital.com"
"03/09/2026 14:46:31","Bureau/Nouveau dossier (2)/Debug/System.Numerics.Vectors.xml","1.0","2018-05-15T13:29:44Z","fethy.faradji@infopro-digital.com"
"03/09/2026 14:46:36","Bureau/Nouveau dossier (2)/Debug/System.Runtime.CompilerServices.Unsafe.dll","1.0","2021-10-22T23:40:18Z","fethy.faradji@infopro-digital.com"
"03/09/2026 14:46:41","Bureau/Nouveau dossier (2)/Debug/System.Runtime.CompilerServices.Unsafe.xml","1.0","2021-10-19T07:14:20Z","fethy.faradji@infopro-digital.com"
"03/09/2026 14:46:47","Bureau/Nouveau dossier (2)/Debug/System.Text.Encodings.Web.dll","1.0","2025-02-11T23:18:34Z","fethy.faradji@infopro-digital.com"
"03/09/2026 14:46:51","Bureau/Nouveau dossier (2)/Debug/System.Text.Encodings.Web.xml","1.0","2025-02-11T23:18:34Z","fethy.faradji@infopro-digital.com"
"03/09/2026 14:46:57","Bureau/Nouveau dossier (2)/Debug/System.Text.Json.dll","1.0","2025-02-11T23:18:50Z","fethy.faradji@infopro-digital.com"
"03/09/2026 14:47:03","Bureau/Nouveau dossier (2)/Debug/System.Text.Json.xml","1.0","2025-02-11T23:18:50Z","fethy.faradji@infopro-digital.com"
"03/09/2026 14:47:09","Bureau/Nouveau dossier (2)/Debug/System.Threading.Channels.dll","1.0","2023-10-31T15:09:50Z","fethy.faradji@infopro-digital.com"
"03/09/2026 14:47:14","Bureau/Nouveau dossier (2)/Debug/System.Threading.Channels.xml","1.0","2023-09-18T23:26:32Z","fethy.faradji@infopro-digital.com"
"03/09/2026 14:47:19","Bureau/Nouveau dossier (2)/Debug/System.Threading.Tasks.Extensions.dll","1.0","2020-02-19T10:05:18Z","fethy.faradji@infopro-digital.com"
"03/09/2026 14:47:24","Bureau/Nouveau dossier (2)/Debug/System.Threading.Tasks.Extensions.xml","1.0","2020-02-19T10:05:18Z","fethy.faradji@infopro-digital.com"
"03/09/2026 14:47:29","Bureau/Nouveau dossier (2)/Debug/System.ValueTuple.dll","1.0","2018-05-15T13:29:52Z","fethy.faradji@infopro-digital.com"
"03/09/2026 14:47:33","Bureau/Nouveau dossier (2)/Debug/System.ValueTuple.xml","1.0","2018-05-15T13:29:52Z","fethy.faradji@infopro-digital.com"
"03/09/2026 14:47:38","Bureau/Nouveau dossier (2)/Debug/testpowershell2.exe","1.0","2025-03-17T08:13:27Z","fethy.faradji@infopro-digital.com"
"03/09/2026 14:47:44","Bureau/Nouveau dossier (2)/Debug/testpowershell2.exe.config","1.0","2025-03-14T10:29:11Z","fethy.faradji@infopro-digital.com"
"03/09/2026 14:47:48","Bureau/Nouveau dossier (2)/Debug/testpowershell2.pdb","1.0","2025-03-17T08:13:27Z","fethy.faradji@infopro-digital.com"
"03/09/2026 14:47:53","Bureau/Nouveau dossier (3)/Alimentation_DWS_PS.application","1.0","2025-07-30T14:53:54Z","fethy.faradji@infopro-digital.com"
"03/09/2026 14:47:58","Bureau/Nouveau dossier (3)/Alimentation_DWS_PS.exe","1.0","2025-07-30T14:53:53Z","fethy.faradji@infopro-digital.com"
"03/09/2026 14:48:03","Bureau/Nouveau dossier (3)/Alimentation_DWS_PS.exe.manifest","1.0","2025-07-30T14:53:54Z","fethy.faradji@infopro-digital.com"
"03/09/2026 14:48:08","Bureau/Nouveau dossier (3)/Alimentation_DWS_PS.pdb","1.0","2025-07-30T14:53:53Z","fethy.faradji@infopro-digital.com"
"03/09/2026 14:48:13","Bureau/PowerShell/Extraction_AD_Computers.ps1","1.0","2025-03-14T10:34:41Z","fethy.faradji@infopro-digital.com"
"03/09/2026 14:48:18","Bureau/PowerShell/ExtractionAD-COMPANEO.ps1","1.0","2025-03-17T08:53:47Z","fethy.faradji@infopro-digital.com"
"03/09/2026 14:48:22","Bureau/PowerShell/ExtractionAD-GMH.ps1","1.0","2025-03-20T10:19:57Z","fethy.faradji@infopro-digital.com"
"03/09/2026 14:48:26","Bureau/PowerShell/ExtractionAD-INFO.ps1","1.0","2025-03-19T13:42:20Z","fethy.faradji@infopro-digital.com"
"03/09/2026 14:48:31","Bureau/PowerShell/HTMLTable.ps1","1.0","2025-03-14T10:34:41Z","fethy.faradji@infopro-digital.com"
"03/09/2026 14:48:35","Bureau/Setup_KPI_SECU/bin/fr/System.Web.Helpers.resources.dll","1.0","2022-05-27T23:36:48Z","fethy.faradji@infopro-digital.com"
"03/09/2026 14:48:39","Bureau/Setup_KPI_SECU/bin/fr/System.Web.Mvc.resources.dll","1.0","2022-05-27T23:37:20Z","fethy.faradji@infopro-digital.com"
"03/09/2026 14:48:43","Bureau/Setup_KPI_SECU/bin/fr/System.Web.Optimization.resources.dll","1.0","2014-02-11T15:28:42Z","fethy.faradji@infopro-digital.com"
"03/09/2026 14:48:48","Bureau/Setup_KPI_SECU/bin/fr/System.Web.Razor.resources.dll","1.0","2022-05-27T23:36:48Z","fethy.faradji@infopro-digital.com"
"03/09/2026 14:48:52","Bureau/Setup_KPI_SECU/bin/fr/System.Web.WebPages.Deployment.resources.dll","1.0","2022-05-27T23:37:06Z","fethy.faradji@infopro-digital.com"
"03/09/2026 14:48:56","Bureau/Setup_KPI_SECU/bin/fr/System.Web.WebPages.Razor.resources.dll","1.0","2022-05-27T23:37:08Z","fethy.faradji@infopro-digital.com"
"03/09/2026 14:49:00","Bureau/Setup_KPI_SECU/bin/fr/System.Web.WebPages.resources.dll","1.0","2022-05-27T23:37:08Z","fethy.faradji@infopro-digital.com"
"03/09/2026 14:49:06","Bureau/Setup_KPI_SECU/bin/roslyn/csc.exe","1.0","2018-08-08T04:38:48Z","fethy.faradji@infopro-digital.com"
"03/09/2026 14:49:11","Bureau/Setup_KPI_SECU/bin/roslyn/csc.exe.config","1.0","2018-08-08T11:18:12Z","fethy.faradji@infopro-digital.com"
"03/09/2026 14:49:16","Bureau/Setup_KPI_SECU/bin/roslyn/csc.rsp","1.0","2018-08-08T11:09:42Z","fethy.faradji@infopro-digital.com"
"03/09/2026 14:49:20","Bureau/Setup_KPI_SECU/bin/roslyn/csi.exe","1.0","2018-08-08T04:38:48Z","fethy.faradji@infopro-digital.com"
"03/09/2026 14:49:24","Bureau/Setup_KPI_SECU/bin/roslyn/csi.exe.config","1.0","2018-08-08T11:18:34Z","fethy.faradji@infopro-digital.com"
"03/09/2026 14:49:29","Bureau/Setup_KPI_SECU/bin/roslyn/csi.rsp","1.0","2018-08-08T11:09:56Z","fethy.faradji@infopro-digital.com"
"03/09/2026 14:49:34","Bureau/Setup_KPI_SECU/bin/roslyn/Microsoft.Build.Tasks.CodeAnalysis.dll","1.0","2018-08-08T04:38:48Z","fethy.faradji@infopro-digital.com"
"03/09/2026 14:49:41","Bureau/Setup_KPI_SECU/bin/roslyn/Microsoft.CodeAnalysis.CSharp.dll","1.0","2018-08-08T04:38:48Z","fethy.faradji@infopro-digital.com"
"03/09/2026 14:49:48","Bureau/Setup_KPI_SECU/bin/roslyn/Microsoft.CodeAnalysis.CSharp.Scripting.dll","1.0","2018-08-08T04:38:48Z","fethy.faradji@infopro-digital.com"
"03/09/2026 14:49:53","Bureau/Setup_KPI_SECU/bin/roslyn/Microsoft.CodeAnalysis.dll","1.0","2018-08-08T04:38:48Z","fethy.faradji@infopro-digital.com"
"03/09/2026 14:50:00","Bureau/Setup_KPI_SECU/bin/roslyn/Microsoft.CodeAnalysis.Scripting.dll","1.0","2018-08-08T04:38:48Z","fethy.faradji@infopro-digital.com"
"03/09/2026 14:50:05","Bureau/Setup_KPI_SECU/bin/roslyn/Microsoft.CodeAnalysis.VisualBasic.dll","1.0","2018-08-08T04:38:48Z","fethy.faradji@infopro-digital.com"
"03/09/2026 14:50:13","Bureau/Setup_KPI_SECU/bin/roslyn/Microsoft.CSharp.Core.targets","1.0","2018-08-08T11:09:42Z","fethy.faradji@infopro-digital.com"
"03/09/2026 14:50:17","Bureau/Setup_KPI_SECU/bin/roslyn/Microsoft.DiaSymReader.Native.amd64.dll","1.0","2017-12-05T08:36:44Z","fethy.faradji@infopro-digital.com"
"03/09/2026 14:50:22","Bureau/Setup_KPI_SECU/bin/roslyn/Microsoft.DiaSymReader.Native.x86.dll","1.0","2017-12-05T08:36:44Z","fethy.faradji@infopro-digital.com"
"03/09/2026 14:50:28","Bureau/Setup_KPI_SECU/bin/roslyn/Microsoft.Managed.Core.targets","1.0","2018-08-08T11:09:42Z","fethy.faradji@infopro-digital.com"
"03/09/2026 14:50:33","Bureau/Setup_KPI_SECU/bin/roslyn/Microsoft.VisualBasic.Core.targets","1.0","2018-08-08T11:09:42Z","fethy.faradji@infopro-digital.com"
"03/09/2026 14:50:39","Bureau/Setup_KPI_SECU/bin/roslyn/Microsoft.Win32.Primitives.dll","1.0","2016-11-05T17:55:32Z","fethy.faradji@infopro-digital.com"
"03/09/2026 14:50:44","Bureau/Setup_KPI_SECU/bin/roslyn/System.AppContext.dll","1.0","2016-11-05T17:55:34Z","fethy.faradji@infopro-digital.com"
"03/09/2026 14:50:49","Bureau/Setup_KPI_SECU/bin/roslyn/System.Collections.Immutable.dll","1.0","2018-05-16T02:29:34Z","fethy.faradji@infopro-digital.com"
"03/09/2026 14:50:54","Bureau/Setup_KPI_SECU/bin/roslyn/System.Console.dll","1.0","2016-11-05T17:55:48Z","fethy.faradji@infopro-digital.com"
"03/09/2026 14:50:59","Bureau/Setup_KPI_SECU/bin/roslyn/System.Diagnostics.DiagnosticSource.dll","1.0","2016-11-05T17:55:52Z","fethy.faradji@infopro-digital.com"
"03/09/2026 14:51:03","Bureau/Setup_KPI_SECU/bin/roslyn/System.Diagnostics.FileVersionInfo.dll","1.0","2016-11-05T17:55:56Z","fethy.faradji@infopro-digital.com"
"03/09/2026 14:51:07","Bureau/Setup_KPI_SECU/bin/roslyn/System.Diagnostics.StackTrace.dll","1.0","2016-11-05T17:55:52Z","fethy.faradji@infopro-digital.com"
"03/09/2026 14:51:12","Bureau/Setup_KPI_SECU/bin/roslyn/System.Globalization.Calendars.dll","1.0","2016-11-05T17:56:02Z","fethy.faradji@infopro-digital.com"
"03/09/2026 14:51:16","Bureau/Setup_KPI_SECU/bin/roslyn/System.IO.Compression.dll","1.0","2016-11-05T17:56:08Z","fethy.faradji@infopro-digital.com"
"03/09/2026 14:51:21","Bureau/Setup_KPI_SECU/bin/roslyn/System.IO.Compression.ZipFile.dll","1.0","2016-11-05T17:56:04Z","fethy.faradji@infopro-digital.com"
"03/09/2026 14:51:26","Bureau/Setup_KPI_SECU/bin/roslyn/System.IO.FileSystem.dll","1.0","2016-11-05T17:56:08Z","fethy.faradji@infopro-digital.com"
"03/09/2026 14:51:30","Bureau/Setup_KPI_SECU/bin/roslyn/System.IO.FileSystem.Primitives.dll","1.0","2016-11-05T17:56:08Z","fethy.faradji@infopro-digital.com"
"03/09/2026 14:51:35","Bureau/Setup_KPI_SECU/bin/roslyn/System.Net.Http.dll","1.0","2016-11-05T17:56:30Z","fethy.faradji@infopro-digital.com"
"03/09/2026 14:51:40","Bureau/Setup_KPI_SECU/bin/roslyn/System.Net.Sockets.dll","1.0","2016-11-05T17:56:34Z","fethy.faradji@infopro-digital.com"
"03/09/2026 14:51:44","Bureau/Setup_KPI_SECU/bin/roslyn/System.Reflection.Metadata.dll","1.0","2018-05-16T02:29:44Z","fethy.faradji@infopro-digital.com"
"03/09/2026 14:51:49","Bureau/Setup_KPI_SECU/bin/roslyn/System.Runtime.InteropServices.RuntimeInformation.dll","1.0","2016-11-05T17:57:00Z","fethy.faradji@infopro-digital.com"
"03/09/2026 14:51:54","Bureau/Setup_KPI_SECU/bin/roslyn/System.Security.Cryptography.Algorithms.dll","1.0","2016-11-05T17:57:14Z","fethy.faradji@infopro-digital.com"
"03/09/2026 14:51:58","Bureau/Setup_KPI_SECU/bin/roslyn/System.Security.Cryptography.Encoding.dll","1.0","2016-11-05T17:57:08Z","fethy.faradji@infopro-digital.com"
"03/09/2026 14:52:04","Bureau/Setup_KPI_SECU/bin/roslyn/System.Security.Cryptography.Primitives.dll","1.0","2016-11-05T17:57:18Z","fethy.faradji@infopro-digital.com"
"03/09/2026 14:52:08","Bureau/Setup_KPI_SECU/bin/roslyn/System.Security.Cryptography.X509Certificates.dll","1.0","2016-11-05T17:57:18Z","fethy.faradji@infopro-digital.com"
"03/09/2026 14:52:13","Bureau/Setup_KPI_SECU/bin/roslyn/System.Text.Encoding.CodePages.dll","1.0","2016-11-05T17:57:20Z","fethy.faradji@infopro-digital.com"
"03/09/2026 14:52:17","Bureau/Setup_KPI_SECU/bin/roslyn/System.Threading.Tasks.Extensions.dll","1.0","2016-11-05T17:57:24Z","fethy.faradji@infopro-digital.com"
"03/09/2026 14:52:21","Bureau/Setup_KPI_SECU/bin/roslyn/System.ValueTuple.dll","1.0","2016-11-05T17:57:30Z","fethy.faradji@infopro-digital.com"
"03/09/2026 14:52:26","Bureau/Setup_KPI_SECU/bin/roslyn/System.Xml.ReaderWriter.dll","1.0","2016-11-05T17:57:36Z","fethy.faradji@infopro-digital.com"
"03/09/2026 14:52:31","Bureau/Setup_KPI_SECU/bin/roslyn/System.Xml.XmlDocument.dll","1.0","2016-11-05T17:57:34Z","fethy.faradji@infopro-digital.com"
"03/09/2026 14:52:35","Bureau/Setup_KPI_SECU/bin/roslyn/System.Xml.XPath.dll","1.0","2016-11-05T17:57:40Z","fethy.faradji@infopro-digital.com"
"03/09/2026 14:52:39","Bureau/Setup_KPI_SECU/bin/roslyn/System.Xml.XPath.XDocument.dll","1.0","2016-11-05T17:57:34Z","fethy.faradji@infopro-digital.com"
"03/09/2026 14:52:43","Bureau/Setup_KPI_SECU/bin/roslyn/vbc.exe","1.0","2018-08-08T04:38:48Z","fethy.faradji@infopro-digital.com"
"03/09/2026 14:52:47","Bureau/Setup_KPI_SECU/bin/roslyn/vbc.exe.config","1.0","2018-08-08T11:18:18Z","fethy.faradji@infopro-digital.com"
"03/09/2026 14:52:52","Bureau/Setup_KPI_SECU/bin/roslyn/vbc.rsp","1.0","2018-08-08T11:09:46Z","fethy.faradji@infopro-digital.com"
"03/09/2026 14:52:56","Bureau/Setup_KPI_SECU/bin/roslyn/VBCSCompiler.exe","1.0","2018-08-08T04:38:48Z","fethy.faradji@infopro-digital.com"
"03/09/2026 14:53:00","Bureau/Setup_KPI_SECU/bin/roslyn/VBCSCompiler.exe.config","1.0","2018-08-08T11:18:16Z","fethy.faradji@infopro-digital.com"
"03/09/2026 14:53:04","Bureau/Setup_KPI_SECU/bin/Antlr3.Runtime.dll","1.0","2013-09-10T15:29:20Z","fethy.faradji@infopro-digital.com"
"03/09/2026 14:53:08","Bureau/Setup_KPI_SECU/bin/Antlr3.Runtime.pdb","1.0","2013-09-10T15:29:20Z","fethy.faradji@infopro-digital.com"
"03/09/2026 14:53:13","Bureau/Setup_KPI_SECU/bin/Dapper.dll","1.0","2025-02-06T12:15:40Z","fethy.faradji@infopro-digital.com"
"03/09/2026 14:53:18","Bureau/Setup_KPI_SECU/bin/Microsoft.Bcl.AsyncInterfaces.dll","1.0","2024-12-10T21:05:40Z","fethy.faradji@infopro-digital.com"
"03/09/2026 14:53:22","Bureau/Setup_KPI_SECU/bin/Microsoft.Bcl.HashCode.dll","1.0","2020-11-16T21:15:16Z","fethy.faradji@infopro-digital.com"
"03/09/2026 14:53:27","Bureau/Setup_KPI_SECU/bin/Microsoft.CodeDom.Providers.DotNetCompilerPlatform.dll","1.0","2018-09-05T15:10:50Z","fethy.faradji@infopro-digital.com"
"03/09/2026 14:53:31","Bureau/Setup_KPI_SECU/bin/Microsoft.Extensions.DependencyInjection.Abstractions.dll","1.0","2023-10-31T15:00:34Z","fethy.faradji@infopro-digital.com"
"03/09/2026 14:53:35","Bureau/Setup_KPI_SECU/bin/Microsoft.Extensions.Logging.Abstractions.dll","1.0","2023-10-31T15:04:00Z","fethy.faradji@infopro-digital.com"
"03/09/2026 14:53:39","Bureau/Setup_KPI_SECU/bin/Microsoft.Web.Infrastructure.dll","1.0","2022-04-11T17:09:46Z","fethy.faradji@infopro-digital.com"
"03/09/2026 14:53:44","Bureau/Setup_KPI_SECU/bin/Newtonsoft.Json.dll","1.0","2023-03-08T05:09:56Z","fethy.faradji@infopro-digital.com"
"03/09/2026 14:53:50","Bureau/Setup_KPI_SECU/bin/Npgsql.dll","1.0","2024-11-18T16:58:10Z","fethy.faradji@infopro-digital.com"
"03/09/2026 14:53:55","Bureau/Setup_KPI_SECU/bin/SetupDWSecurite.dll","1.0","2025-04-01T14:37:41Z","fethy.faradji@infopro-digital.com"
"03/09/2026 14:53:58","Bureau/Setup_KPI_SECU/bin/SetupDWSecurite.dll","2.0","2025-04-03T08:54:26Z","fethy.faradji@infopro-digital.com"
"03/09/2026 14:54:00","Bureau/Setup_KPI_SECU/bin/SetupDWSecurite.dll","3.0","2025-04-03T13:25:57Z","fethy.faradji@infopro-digital.com"
"03/09/2026 14:54:03","Bureau/Setup_KPI_SECU/bin/SetupDWSecurite.dll","4.0","2025-04-03T13:34:19Z","fethy.faradji@infopro-digital.com"
"03/09/2026 14:54:05","Bureau/Setup_KPI_SECU/bin/SetupDWSecurite.dll","5.0","2025-04-03T13:39:29Z","fethy.faradji@infopro-digital.com"
"03/09/2026 14:54:07","Bureau/Setup_KPI_SECU/bin/SetupDWSecurite.dll","6.0","2025-04-09T12:14:56Z","fethy.faradji@infopro-digital.com"
"03/09/2026 14:54:09","Bureau/Setup_KPI_SECU/bin/SetupDWSecurite.dll","7.0","2025-04-09T13:33:44Z","fethy.faradji@infopro-digital.com"
"03/09/2026 14:54:11","Bureau/Setup_KPI_SECU/bin/SetupDWSecurite.dll","8.0","2025-04-09T14:10:32Z","fethy.faradji@infopro-digital.com"
"03/09/2026 14:54:13","Bureau/Setup_KPI_SECU/bin/SetupDWSecurite.dll","9.0","2025-04-14T09:34:25Z","fethy.faradji@infopro-digital.com"
"03/09/2026 14:54:17","Bureau/Setup_KPI_SECU/bin/SetupDWSecurite.pdb","1.0","2025-04-01T14:37:41Z","fethy.faradji@infopro-digital.com"
"03/09/2026 14:54:20","Bureau/Setup_KPI_SECU/bin/SetupDWSecurite.pdb","2.0","2025-04-03T08:54:26Z","fethy.faradji@infopro-digital.com"
"03/09/2026 14:54:22","Bureau/Setup_KPI_SECU/bin/SetupDWSecurite.pdb","3.0","2025-04-03T13:25:57Z","fethy.faradji@infopro-digital.com"
"03/09/2026 14:54:25","Bureau/Setup_KPI_SECU/bin/SetupDWSecurite.pdb","4.0","2025-04-03T13:34:19Z","fethy.faradji@infopro-digital.com"
"03/09/2026 14:54:27","Bureau/Setup_KPI_SECU/bin/SetupDWSecurite.pdb","5.0","2025-04-03T13:39:29Z","fethy.faradji@infopro-digital.com"
"03/09/2026 14:54:28","Bureau/Setup_KPI_SECU/bin/SetupDWSecurite.pdb","6.0","2025-04-09T12:14:56Z","fethy.faradji@infopro-digital.com"
"03/09/2026 14:54:30","Bureau/Setup_KPI_SECU/bin/SetupDWSecurite.pdb","7.0","2025-04-09T13:33:44Z","fethy.faradji@infopro-digital.com"
"03/09/2026 14:54:33","Bureau/Setup_KPI_SECU/bin/SetupDWSecurite.pdb","8.0","2025-04-09T14:10:32Z","fethy.faradji@infopro-digital.com"
"03/09/2026 14:54:35","Bureau/Setup_KPI_SECU/bin/SetupDWSecurite.pdb","9.0","2025-04-14T09:34:25Z","fethy.faradji@infopro-digital.com"
"03/09/2026 14:54:39","Bureau/Setup_KPI_SECU/bin/System.Buffers.dll","1.0","2020-02-19T10:05:18Z","fethy.faradji@infopro-digital.com"
"03/09/2026 14:54:44","Bureau/Setup_KPI_SECU/bin/System.Collections.Immutable.dll","1.0","2023-10-31T15:04:34Z","fethy.faradji@infopro-digital.com"
"03/09/2026 14:54:48","Bureau/Setup_KPI_SECU/bin/System.Diagnostics.DiagnosticSource.dll","1.0","2023-10-31T15:00:46Z","fethy.faradji@infopro-digital.com"
"03/09/2026 14:54:52","Bureau/Setup_KPI_SECU/bin/System.Memory.dll","1.0","2022-05-08T03:31:02Z","fethy.faradji@infopro-digital.com"
"03/09/2026 14:54:57","Bureau/Setup_KPI_SECU/bin/System.Numerics.Vectors.dll","1.0","2018-05-15T13:29:44Z","fethy.faradji@infopro-digital.com"
"03/09/2026 14:55:01","Bureau/Setup_KPI_SECU/bin/System.Runtime.CompilerServices.Unsafe.dll","1.0","2021-10-22T23:40:18Z","fethy.faradji@infopro-digital.com"
"03/09/2026 14:55:06","Bureau/Setup_KPI_SECU/bin/System.Text.Encodings.Web.dll","1.0","2023-10-31T15:00:28Z","fethy.faradji@infopro-digital.com"
"03/09/2026 14:55:12","Bureau/Setup_KPI_SECU/bin/System.Text.Json.dll","1.0","2024-09-16T23:15:02Z","fethy.faradji@infopro-digital.com"
"03/09/2026 14:55:17","Bureau/Setup_KPI_SECU/bin/System.Threading.Channels.dll","1.0","2023-10-31T15:09:50Z","fethy.faradji@infopro-digital.com"
"03/09/2026 14:55:22","Bureau/Setup_KPI_SECU/bin/System.Threading.Tasks.Extensions.dll","1.0","2020-02-19T10:05:18Z","fethy.faradji@infopro-digital.com"
"03/09/2026 14:55:26","Bureau/Setup_KPI_SECU/bin/System.ValueTuple.dll","1.0","2018-05-15T13:29:52Z","fethy.faradji@infopro-digital.com"
"03/09/2026 14:55:31","Bureau/Setup_KPI_SECU/bin/System.Web.Helpers.dll","1.0","2022-05-27T21:41:54Z","fethy.faradji@infopro-digital.com"
"03/09/2026 14:55:36","Bureau/Setup_KPI_SECU/bin/System.Web.Mvc.dll","1.0","2022-05-27T21:42:20Z","fethy.faradji@infopro-digital.com"
"03/09/2026 14:55:41","Bureau/Setup_KPI_SECU/bin/System.Web.Optimization.dll","1.0","2014-02-11T14:26:04Z","fethy.faradji@infopro-digital.com"
"03/09/2026 14:55:46","Bureau/Setup_KPI_SECU/bin/System.Web.Razor.dll","1.0","2022-05-27T21:42:06Z","fethy.faradji@infopro-digital.com"
"03/09/2026 14:55:50","Bureau/Setup_KPI_SECU/bin/System.Web.WebPages.Deployment.dll","1.0","2022-05-27T21:42:46Z","fethy.faradji@infopro-digital.com"
"03/09/2026 14:55:54","Bureau/Setup_KPI_SECU/bin/System.Web.WebPages.dll","1.0","2022-05-27T21:42:16Z","fethy.faradji@infopro-digital.com"
"03/09/2026 14:55:58","Bureau/Setup_KPI_SECU/bin/System.Web.WebPages.Razor.dll","1.0","2022-05-27T21:42:50Z","fethy.faradji@infopro-digital.com"
"03/09/2026 14:56:03","Bureau/Setup_KPI_SECU/bin/WebGrease.dll","1.0","2014-01-23T12:57:34Z","fethy.faradji@infopro-digital.com"
"03/09/2026 14:56:08","Bureau/Setup_KPI_SECU/Content/bootstrap.css","1.0","2025-04-09T09:11:28Z","fethy.faradji@infopro-digital.com"
"03/09/2026 14:56:14","Bureau/Setup_KPI_SECU/Content/bootstrap.css.map","1.0","2025-02-06T13:22:56Z","fethy.faradji@infopro-digital.com"
"03/09/2026 14:56:18","Bureau/Setup_KPI_SECU/Content/bootstrap.min.css","1.0","2025-02-06T13:22:56Z","fethy.faradji@infopro-digital.com"
"03/09/2026 14:56:23","Bureau/Setup_KPI_SECU/Content/bootstrap.min.css.map","1.0","2025-02-06T13:22:56Z","fethy.faradji@infopro-digital.com"
"03/09/2026 14:56:28","Bureau/Setup_KPI_SECU/Content/bootstrap.rtl.css","1.0","2025-02-06T13:22:56Z","fethy.faradji@infopro-digital.com"
"03/09/2026 14:56:34","Bureau/Setup_KPI_SECU/Content/bootstrap.rtl.css.map","1.0","2025-02-06T13:22:56Z","fethy.faradji@infopro-digital.com"
"03/09/2026 14:56:39","Bureau/Setup_KPI_SECU/Content/bootstrap.rtl.min.css","1.0","2025-02-06T13:22:56Z","fethy.faradji@infopro-digital.com"
"03/09/2026 14:56:45","Bureau/Setup_KPI_SECU/Content/bootstrap.rtl.min.css.map","1.0","2025-02-06T13:22:56Z","fethy.faradji@infopro-digital.com"
"03/09/2026 14:56:50","Bureau/Setup_KPI_SECU/Content/bootstrap-grid.css","1.0","2025-02-06T13:22:57Z","fethy.faradji@infopro-digital.com"
"03/09/2026 14:56:55","Bureau/Setup_KPI_SECU/Content/bootstrap-grid.css.map","1.0","2025-02-06T13:22:57Z","fethy.faradji@infopro-digital.com"
"03/09/2026 14:57:01","Bureau/Setup_KPI_SECU/Content/bootstrap-grid.min.css","1.0","2025-02-06T13:22:57Z","fethy.faradji@infopro-digital.com"
"03/09/2026 14:57:06","Bureau/Setup_KPI_SECU/Content/bootstrap-grid.min.css.map","1.0","2025-02-06T13:22:57Z","fethy.faradji@infopro-digital.com"
"03/09/2026 14:57:11","Bureau/Setup_KPI_SECU/Content/bootstrap-grid.rtl.css","1.0","2025-02-06T13:22:57Z","fethy.faradji@infopro-digital.com"
"03/09/2026 14:57:15","Bureau/Setup_KPI_SECU/Content/bootstrap-grid.rtl.css.map","1.0","2025-02-06T13:22:57Z","fethy.faradji@infopro-digital.com"
"03/09/2026 14:57:21","Bureau/Setup_KPI_SECU/Content/bootstrap-grid.rtl.min.css","1.0","2025-02-06T13:22:57Z","fethy.faradji@infopro-digital.com"
"03/09/2026 14:57:26","Bureau/Setup_KPI_SECU/Content/bootstrap-grid.rtl.min.css.map","1.0","2025-02-06T13:22:57Z","fethy.faradji@infopro-digital.com"
"03/09/2026 14:57:32","Bureau/Setup_KPI_SECU/Content/bootstrap-reboot.css","1.0","2025-02-06T13:22:57Z","fethy.faradji@infopro-digital.com"
"03/09/2026 14:57:37","Bureau/Setup_KPI_SECU/Content/bootstrap-reboot.css.map","1.0","2025-02-06T13:22:57Z","fethy.faradji@infopro-digital.com"
"03/09/2026 14:57:43","Bureau/Setup_KPI_SECU/Content/bootstrap-reboot.min.css","1.0","2025-02-06T13:22:57Z","fethy.faradji@infopro-digital.com"
"03/09/2026 14:57:48","Bureau/Setup_KPI_SECU/Content/bootstrap-reboot.min.css.map","1.0","2025-02-06T13:22:57Z","fethy.faradji@infopro-digital.com"
"03/09/2026 14:57:53","Bureau/Setup_KPI_SECU/Content/bootstrap-reboot.rtl.css","1.0","2025-02-06T13:22:57Z","fethy.faradji@infopro-digital.com"
"03/09/2026 14:57:58","Bureau/Setup_KPI_SECU/Content/bootstrap-reboot.rtl.css.map","1.0","2025-02-06T13:22:57Z","fethy.faradji@infopro-digital.com"
"03/09/2026 14:58:03","Bureau/Setup_KPI_SECU/Content/bootstrap-reboot.rtl.min.css","1.0","2025-02-06T13:22:57Z","fethy.faradji@infopro-digital.com"
"03/09/2026 14:58:08","Bureau/Setup_KPI_SECU/Content/bootstrap-reboot.rtl.min.css.map","1.0","2025-02-06T13:22:57Z","fethy.faradji@infopro-digital.com"
"03/09/2026 14:58:12","Bureau/Setup_KPI_SECU/Content/bootstrap-utilities.css","1.0","2025-02-06T13:22:57Z","fethy.faradji@infopro-digital.com"
"03/09/2026 14:58:17","Bureau/Setup_KPI_SECU/Content/bootstrap-utilities.css.map","1.0","2025-02-06T13:22:57Z","fethy.faradji@infopro-digital.com"
"03/09/2026 14:58:22","Bureau/Setup_KPI_SECU/Content/bootstrap-utilities.min.css","1.0","2025-02-06T13:22:56Z","fethy.faradji@infopro-digital.com"
"03/09/2026 14:58:26","Bureau/Setup_KPI_SECU/Content/bootstrap-utilities.min.css.map","1.0","2025-02-06T13:22:56Z","fethy.faradji@infopro-digital.com"
"03/09/2026 14:58:31","Bureau/Setup_KPI_SECU/Content/bootstrap-utilities.rtl.css","1.0","2025-02-06T13:22:56Z","fethy.faradji@infopro-digital.com"
"03/09/2026 14:58:36","Bureau/Setup_KPI_SECU/Content/bootstrap-utilities.rtl.css.map","1.0","2025-02-06T13:22:56Z","fethy.faradji@infopro-digital.com"
"03/09/2026 14:58:42","Bureau/Setup_KPI_SECU/Content/bootstrap-utilities.rtl.min.css","1.0","2025-02-06T13:22:56Z","fethy.faradji@infopro-digital.com"
"03/09/2026 14:58:47","Bureau/Setup_KPI_SECU/Content/bootstrap-utilities.rtl.min.css.map","1.0","2025-02-06T13:22:56Z","fethy.faradji@infopro-digital.com"
"03/09/2026 14:58:52","Bureau/Setup_KPI_SECU/Content/Site.css","1.0","2025-02-06T13:22:50Z","fethy.faradji@infopro-digital.com"
"03/09/2026 14:58:54","Bureau/Setup_KPI_SECU/Content/Site.css","2.0","2025-04-09T09:36:53Z","fethy.faradji@infopro-digital.com"
"03/09/2026 14:58:58","Bureau/Setup_KPI_SECU/Ressources/home.png","1.0","2025-04-09T13:00:09Z","fethy.faradji@infopro-digital.com"
"03/09/2026 14:59:02","Bureau/Setup_KPI_SECU/Ressources/infopro-logo-petit.png","1.0","2025-02-17T15:26:08Z","fethy.faradji@infopro-digital.com"
"03/09/2026 14:59:06","Bureau/Setup_KPI_SECU/Ressources/meteo.png","1.0","2025-04-09T12:09:22Z","fethy.faradji@infopro-digital.com"
"03/09/2026 14:59:11","Bureau/Setup_KPI_SECU/Scripts/bootstrap.bundle.js","1.0","2025-02-06T13:22:56Z","fethy.faradji@infopro-digital.com"
"03/09/2026 14:59:17","Bureau/Setup_KPI_SECU/Scripts/bootstrap.bundle.js.map","1.0","2025-02-06T13:22:56Z","fethy.faradji@infopro-digital.com"
"03/09/2026 14:59:23","Bureau/Setup_KPI_SECU/Scripts/bootstrap.bundle.min.js","1.0","2025-02-06T13:22:56Z","fethy.faradji@infopro-digital.com"
"03/09/2026 14:59:27","Bureau/Setup_KPI_SECU/Scripts/bootstrap.bundle.min.js.map","1.0","2025-02-06T13:22:56Z","fethy.faradji@infopro-digital.com"
"03/09/2026 14:59:32","Bureau/Setup_KPI_SECU/Scripts/bootstrap.esm.js","1.0","2025-02-06T13:22:56Z","fethy.faradji@infopro-digital.com"
"03/09/2026 14:59:36","Bureau/Setup_KPI_SECU/Scripts/bootstrap.esm.js.map","1.0","2025-02-06T13:22:56Z","fethy.faradji@infopro-digital.com"
"03/09/2026 14:59:41","Bureau/Setup_KPI_SECU/Scripts/bootstrap.esm.min.js","1.0","2025-02-06T13:22:56Z","fethy.faradji@infopro-digital.com"
"03/09/2026 14:59:45","Bureau/Setup_KPI_SECU/Scripts/bootstrap.esm.min.js.map","1.0","2025-02-06T13:22:56Z","fethy.faradji@infopro-digital.com"
"03/09/2026 14:59:49","Bureau/Setup_KPI_SECU/Scripts/bootstrap.js","1.0","2025-02-06T13:22:56Z","fethy.faradji@infopro-digital.com"
"03/09/2026 14:59:53","Bureau/Setup_KPI_SECU/Scripts/bootstrap.js.map","1.0","2025-02-06T13:22:56Z","fethy.faradji@infopro-digital.com"
"03/09/2026 14:59:57","Bureau/Setup_KPI_SECU/Scripts/bootstrap.min.js","1.0","2025-02-06T13:22:56Z","fethy.faradji@infopro-digital.com"
"03/09/2026 15:00:01","Bureau/Setup_KPI_SECU/Scripts/bootstrap.min.js.map","1.0","2025-02-06T13:22:56Z","fethy.faradji@infopro-digital.com"
"03/09/2026 15:00:06","Bureau/Setup_KPI_SECU/Scripts/jquery.validate.js","1.0","2025-02-06T13:23:02Z","fethy.faradji@infopro-digital.com"
"03/09/2026 15:00:11","Bureau/Setup_KPI_SECU/Scripts/jquery.validate.min.js","1.0","2025-02-06T13:23:02Z","fethy.faradji@infopro-digital.com"
"03/09/2026 15:00:16","Bureau/Setup_KPI_SECU/Scripts/jquery.validate.unobtrusive.js","1.0","2025-02-06T13:23:02Z","fethy.faradji@infopro-digital.com"
"03/09/2026 15:00:20","Bureau/Setup_KPI_SECU/Scripts/jquery.validate.unobtrusive.min.js","1.0","2025-02-06T13:23:02Z","fethy.faradji@infopro-digital.com"
"03/09/2026 15:00:25","Bureau/Setup_KPI_SECU/Scripts/jquery-3.7.0.js","1.0","2025-02-06T13:22:57Z","fethy.faradji@infopro-digital.com"
"03/09/2026 15:00:30","Bureau/Setup_KPI_SECU/Scripts/jquery-3.7.0.min.js","1.0","2025-02-06T13:22:57Z","fethy.faradji@infopro-digital.com"
"03/09/2026 15:00:35","Bureau/Setup_KPI_SECU/Scripts/jquery-3.7.0.min.map","1.0","2025-02-06T13:22:57Z","fethy.faradji@infopro-digital.com"
"03/09/2026 15:00:40","Bureau/Setup_KPI_SECU/Scripts/jquery-3.7.0.slim.js","1.0","2025-02-06T13:22:57Z","fethy.faradji@infopro-digital.com"
"03/09/2026 15:00:46","Bureau/Setup_KPI_SECU/Scripts/jquery-3.7.0.slim.min.js","1.0","2025-02-06T13:22:57Z","fethy.faradji@infopro-digital.com"
"03/09/2026 15:00:50","Bureau/Setup_KPI_SECU/Scripts/jquery-3.7.0.slim.min.map","1.0","2025-02-06T13:22:57Z","fethy.faradji@infopro-digital.com"
"03/09/2026 15:00:55","Bureau/Setup_KPI_SECU/Scripts/modernizr-2.8.3.js","1.0","2025-02-06T13:23:01Z","fethy.faradji@infopro-digital.com"
"03/09/2026 15:01:00","Bureau/Setup_KPI_SECU/Views/DimOS/OperatingSystem.cshtml","1.0","2025-04-01T14:45:46Z","fethy.faradji@infopro-digital.com"
"03/09/2026 15:01:02","Bureau/Setup_KPI_SECU/Views/DimOS/OperatingSystem.cshtml","2.0","2025-04-14T09:12:03Z","fethy.faradji@infopro-digital.com"
"03/09/2026 15:01:06","Bureau/Setup_KPI_SECU/Views/DimOU/OrganizationUnit.cshtml","1.0","2025-04-01T14:44:59Z","fethy.faradji@infopro-digital.com"
"03/09/2026 15:01:11","Bureau/Setup_KPI_SECU/Views/Home/About.cshtml","1.0","2025-02-06T13:22:50Z","fethy.faradji@infopro-digital.com"
"03/09/2026 15:01:15","Bureau/Setup_KPI_SECU/Views/Home/AccessDenied.cshtml","1.0","2025-02-18T15:36:17Z","fethy.faradji@infopro-digital.com"
"03/09/2026 15:01:19","Bureau/Setup_KPI_SECU/Views/Home/Contact.cshtml","1.0","2025-02-06T13:22:50Z","fethy.faradji@infopro-digital.com"
"03/09/2026 15:01:24","Bureau/Setup_KPI_SECU/Views/Home/Index.cshtml","1.0","2025-04-01T14:37:23Z","fethy.faradji@infopro-digital.com"
"03/09/2026 15:01:27","Bureau/Setup_KPI_SECU/Views/Home/Index.cshtml","2.0","2025-04-02T13:37:44Z","fethy.faradji@infopro-digital.com"
"03/09/2026 15:01:29","Bureau/Setup_KPI_SECU/Views/Home/Index.cshtml","3.0","2025-04-09T12:13:48Z","fethy.faradji@infopro-digital.com"
"03/09/2026 15:01:31","Bureau/Setup_KPI_SECU/Views/Home/Index.cshtml","4.0","2025-04-09T14:10:10Z","fethy.faradji@infopro-digital.com"
"03/09/2026 15:01:33","Bureau/Setup_KPI_SECU/Views/Home/Index.cshtml","5.0","2025-04-14T09:04:13Z","fethy.faradji@infopro-digital.com"
"03/09/2026 15:01:37","Bureau/Setup_KPI_SECU/Views/Shared/_Layout.cshtml","1.0","2025-02-19T10:43:31Z","fethy.faradji@infopro-digital.com"
"03/09/2026 15:01:39","Bureau/Setup_KPI_SECU/Views/Shared/_Layout.cshtml","2.0","2025-04-02T13:37:11Z","fethy.faradji@infopro-digital.com"
"03/09/2026 15:01:42","Bureau/Setup_KPI_SECU/Views/Shared/_Layout.cshtml","3.0","2025-04-03T13:25:39Z","fethy.faradji@infopro-digital.com"
"03/09/2026 15:01:44","Bureau/Setup_KPI_SECU/Views/Shared/_Layout.cshtml","4.0","2025-04-09T13:30:58Z","fethy.faradji@infopro-digital.com"
"03/09/2026 15:01:48","Bureau/Setup_KPI_SECU/Views/Shared/Error.cshtml","1.0","2025-02-06T13:23:03Z","fethy.faradji@infopro-digital.com"
"03/09/2026 15:01:52","Bureau/Setup_KPI_SECU/Views/USERS/USERS.cshtml","1.0","2025-04-01T14:42:45Z","fethy.faradji@infopro-digital.com"
"03/09/2026 15:01:54","Bureau/Setup_KPI_SECU/Views/USERS/USERS.cshtml","2.0","2025-04-03T08:50:24Z","fethy.faradji@infopro-digital.com"
"03/09/2026 15:01:55","Bureau/Setup_KPI_SECU/Views/USERS/USERS.cshtml","3.0","2025-04-03T13:34:13Z","fethy.faradji@infopro-digital.com"
"03/09/2026 15:01:59","Bureau/Setup_KPI_SECU/Views/_ViewStart.cshtml","1.0","2025-02-06T13:22:50Z","fethy.faradji@infopro-digital.com"
"03/09/2026 15:02:04","Bureau/Setup_KPI_SECU/Views/Web.config","1.0","2025-02-11T13:53:24Z","fethy.faradji@infopro-digital.com"
"03/09/2026 15:02:09","Bureau/Setup_KPI_SECU/favicon.ico","1.0","2025-02-06T13:22:50Z","fethy.faradji@infopro-digital.com"
"03/09/2026 15:02:13","Bureau/Setup_KPI_SECU/Global.asax","1.0","2025-02-06T13:22:50Z","fethy.faradji@infopro-digital.com"
"03/09/2026 15:02:16","Bureau/Setup_KPI_SECU/Web.config","1.0","2025-04-03T08:54:27Z","fethy.faradji@infopro-digital.com"
"03/09/2026 15:02:20","Bureau/Setup-creamodifAD/bin/fr/System.Web.Helpers.resources.dll","1.0","2022-05-27T23:36:48Z","fethy.faradji@infopro-digital.com"
"03/09/2026 15:02:24","Bureau/Setup-creamodifAD/bin/fr/System.Web.Mvc.resources.dll","1.0","2022-05-27T23:37:20Z","fethy.faradji@infopro-digital.com"
"03/09/2026 15:02:29","Bureau/Setup-creamodifAD/bin/fr/System.Web.Optimization.resources.dll","1.0","2014-02-11T15:28:42Z","fethy.faradji@infopro-digital.com"
"03/09/2026 15:02:33","Bureau/Setup-creamodifAD/bin/fr/System.Web.Razor.resources.dll","1.0","2022-05-27T23:36:48Z","fethy.faradji@infopro-digital.com"
"03/09/2026 15:02:38","Bureau/Setup-creamodifAD/bin/fr/System.Web.WebPages.Deployment.resources.dll","1.0","2022-05-27T23:37:06Z","fethy.faradji@infopro-digital.com"
"03/09/2026 15:02:42","Bureau/Setup-creamodifAD/bin/fr/System.Web.WebPages.Razor.resources.dll","1.0","2022-05-27T23:37:08Z","fethy.faradji@infopro-digital.com"
"03/09/2026 15:02:46","Bureau/Setup-creamodifAD/bin/fr/System.Web.WebPages.resources.dll","1.0","2022-05-27T23:37:08Z","fethy.faradji@infopro-digital.com"
"03/09/2026 15:02:50","Bureau/Setup-creamodifAD/bin/roslyn/csc.exe","1.0","2018-08-08T04:38:48Z","fethy.faradji@infopro-digital.com"
"03/09/2026 15:02:55","Bureau/Setup-creamodifAD/bin/roslyn/csc.exe.config","1.0","2018-08-08T11:18:12Z","fethy.faradji@infopro-digital.com"
"03/09/2026 15:03:00","Bureau/Setup-creamodifAD/bin/roslyn/csc.rsp","1.0","2018-08-08T11:09:42Z","fethy.faradji@infopro-digital.com"
"03/09/2026 15:03:04","Bureau/Setup-creamodifAD/bin/roslyn/csi.exe","1.0","2018-08-08T04:38:48Z","fethy.faradji@infopro-digital.com"
"03/09/2026 15:03:09","Bureau/Setup-creamodifAD/bin/roslyn/csi.exe.config","1.0","2018-08-08T11:18:34Z","fethy.faradji@infopro-digital.com"
"03/09/2026 15:03:13","Bureau/Setup-creamodifAD/bin/roslyn/csi.rsp","1.0","2018-08-08T11:09:56Z","fethy.faradji@infopro-digital.com"
"03/09/2026 15:03:18","Bureau/Setup-creamodifAD/bin/roslyn/Microsoft.Build.Tasks.CodeAnalysis.dll","1.0","2018-08-08T04:38:48Z","fethy.faradji@infopro-digital.com"
"03/09/2026 15:03:22","Bureau/Setup-creamodifAD/bin/roslyn/Microsoft.CodeAnalysis.CSharp.dll","1.0","2018-08-08T04:38:48Z","fethy.faradji@infopro-digital.com"
"03/09/2026 15:03:31","Bureau/Setup-creamodifAD/bin/roslyn/Microsoft.CodeAnalysis.CSharp.Scripting.dll","1.0","2018-08-08T04:38:48Z","fethy.faradji@infopro-digital.com"
"03/09/2026 15:03:35","Bureau/Setup-creamodifAD/bin/roslyn/Microsoft.CodeAnalysis.dll","1.0","2018-08-08T04:38:48Z","fethy.faradji@infopro-digital.com"
"03/09/2026 15:03:43","Bureau/Setup-creamodifAD/bin/roslyn/Microsoft.CodeAnalysis.Scripting.dll","1.0","2018-08-08T04:38:48Z","fethy.faradji@infopro-digital.com"
"03/09/2026 15:03:48","Bureau/Setup-creamodifAD/bin/roslyn/Microsoft.CodeAnalysis.VisualBasic.dll","1.0","2018-08-08T04:38:48Z","fethy.faradji@infopro-digital.com"
"03/09/2026 15:03:55","Bureau/Setup-creamodifAD/bin/roslyn/Microsoft.CSharp.Core.targets","1.0","2018-08-08T11:09:42Z","fethy.faradji@infopro-digital.com"
"03/09/2026 15:03:59","Bureau/Setup-creamodifAD/bin/roslyn/Microsoft.DiaSymReader.Native.amd64.dll","1.0","2017-12-05T08:36:44Z","fethy.faradji@infopro-digital.com"
"03/09/2026 15:04:05","Bureau/Setup-creamodifAD/bin/roslyn/Microsoft.DiaSymReader.Native.x86.dll","1.0","2017-12-05T08:36:44Z","fethy.faradji@infopro-digital.com"
"03/09/2026 15:04:10","Bureau/Setup-creamodifAD/bin/roslyn/Microsoft.Managed.Core.targets","1.0","2018-08-08T11:09:42Z","fethy.faradji@infopro-digital.com"
"03/09/2026 15:04:14","Bureau/Setup-creamodifAD/bin/roslyn/Microsoft.VisualBasic.Core.targets","1.0","2018-08-08T11:09:42Z","fethy.faradji@infopro-digital.com"
"03/09/2026 15:04:19","Bureau/Setup-creamodifAD/bin/roslyn/Microsoft.Win32.Primitives.dll","1.0","2016-11-05T17:55:32Z","fethy.faradji@infopro-digital.com"
"03/09/2026 15:04:24","Bureau/Setup-creamodifAD/bin/roslyn/System.AppContext.dll","1.0","2016-11-05T17:55:34Z","fethy.faradji@infopro-digital.com"
"03/09/2026 15:04:29","Bureau/Setup-creamodifAD/bin/roslyn/System.Collections.Immutable.dll","1.0","2018-05-16T02:29:34Z","fethy.faradji@infopro-digital.com"
"03/09/2026 15:04:34","Bureau/Setup-creamodifAD/bin/roslyn/System.Console.dll","1.0","2016-11-05T17:55:48Z","fethy.faradji@infopro-digital.com"
"03/09/2026 15:04:39","Bureau/Setup-creamodifAD/bin/roslyn/System.Diagnostics.DiagnosticSource.dll","1.0","2016-11-05T17:55:52Z","fethy.faradji@infopro-digital.com"
"03/09/2026 15:04:44","Bureau/Setup-creamodifAD/bin/roslyn/System.Diagnostics.FileVersionInfo.dll","1.0","2016-11-05T17:55:56Z","fethy.faradji@infopro-digital.com"
"03/09/2026 15:04:48","Bureau/Setup-creamodifAD/bin/roslyn/System.Diagnostics.StackTrace.dll","1.0","2016-11-05T17:55:52Z","fethy.faradji@infopro-digital.com"
"03/09/2026 15:04:53","Bureau/Setup-creamodifAD/bin/roslyn/System.Globalization.Calendars.dll","1.0","2016-11-05T17:56:02Z","fethy.faradji@infopro-digital.com"
"03/09/2026 15:04:58","Bureau/Setup-creamodifAD/bin/roslyn/System.IO.Compression.dll","1.0","2016-11-05T17:56:08Z","fethy.faradji@infopro-digital.com"
"03/09/2026 15:05:02","Bureau/Setup-creamodifAD/bin/roslyn/System.IO.Compression.ZipFile.dll","1.0","2016-11-05T17:56:04Z","fethy.faradji@infopro-digital.com"
"03/09/2026 15:05:06","Bureau/Setup-creamodifAD/bin/roslyn/System.IO.FileSystem.dll","1.0","2016-11-05T17:56:08Z","fethy.faradji@infopro-digital.com"
"03/09/2026 15:05:12","Bureau/Setup-creamodifAD/bin/roslyn/System.IO.FileSystem.Primitives.dll","1.0","2016-11-05T17:56:08Z","fethy.faradji@infopro-digital.com"
"03/09/2026 15:05:16","Bureau/Setup-creamodifAD/bin/roslyn/System.Net.Http.dll","1.0","2016-11-05T17:56:30Z","fethy.faradji@infopro-digital.com"
"03/09/2026 15:05:21","Bureau/Setup-creamodifAD/bin/roslyn/System.Net.Sockets.dll","1.0","2016-11-05T17:56:34Z","fethy.faradji@infopro-digital.com"
"03/09/2026 15:05:26","Bureau/Setup-creamodifAD/bin/roslyn/System.Reflection.Metadata.dll","1.0","2018-05-16T02:29:44Z","fethy.faradji@infopro-digital.com"
"03/09/2026 15:05:32","Bureau/Setup-creamodifAD/bin/roslyn/System.Runtime.InteropServices.RuntimeInformation.dll","1.0","2016-11-05T17:57:00Z","fethy.faradji@infopro-digital.com"
"03/09/2026 15:05:37","Bureau/Setup-creamodifAD/bin/roslyn/System.Security.Cryptography.Algorithms.dll","1.0","2016-11-05T17:57:14Z","fethy.faradji@infopro-digital.com"
"03/09/2026 15:05:42","Bureau/Setup-creamodifAD/bin/roslyn/System.Security.Cryptography.Encoding.dll","1.0","2016-11-05T17:57:08Z","fethy.faradji@infopro-digital.com"
"03/09/2026 15:05:48","Bureau/Setup-creamodifAD/bin/roslyn/System.Security.Cryptography.Primitives.dll","1.0","2016-11-05T17:57:18Z","fethy.faradji@infopro-digital.com"
"03/09/2026 15:05:53","Bureau/Setup-creamodifAD/bin/roslyn/System.Security.Cryptography.X509Certificates.dll","1.0","2016-11-05T17:57:18Z","fethy.faradji@infopro-digital.com"
"03/09/2026 15:05:58","Bureau/Setup-creamodifAD/bin/roslyn/System.Text.Encoding.CodePages.dll","1.0","2016-11-05T17:57:20Z","fethy.faradji@infopro-digital.com"
"03/09/2026 15:06:03","Bureau/Setup-creamodifAD/bin/roslyn/System.Threading.Tasks.Extensions.dll","1.0","2016-11-05T17:57:24Z","fethy.faradji@infopro-digital.com"
"03/09/2026 15:06:08","Bureau/Setup-creamodifAD/bin/roslyn/System.ValueTuple.dll","1.0","2016-11-05T17:57:30Z","fethy.faradji@infopro-digital.com"
"03/09/2026 15:06:12","Bureau/Setup-creamodifAD/bin/roslyn/System.Xml.ReaderWriter.dll","1.0","2016-11-05T17:57:36Z","fethy.faradji@infopro-digital.com"
"03/09/2026 15:06:17","Bureau/Setup-creamodifAD/bin/roslyn/System.Xml.XmlDocument.dll","1.0","2016-11-05T17:57:34Z","fethy.faradji@infopro-digital.com"
"03/09/2026 15:06:21","Bureau/Setup-creamodifAD/bin/roslyn/System.Xml.XPath.dll","1.0","2016-11-05T17:57:40Z","fethy.faradji@infopro-digital.com"
"03/09/2026 15:06:26","Bureau/Setup-creamodifAD/bin/roslyn/System.Xml.XPath.XDocument.dll","1.0","2016-11-05T17:57:34Z","fethy.faradji@infopro-digital.com"
"03/09/2026 15:06:31","Bureau/Setup-creamodifAD/bin/roslyn/vbc.exe","1.0","2018-08-08T04:38:48Z","fethy.faradji@infopro-digital.com"
"03/09/2026 15:06:37","Bureau/Setup-creamodifAD/bin/roslyn/vbc.exe.config","1.0","2018-08-08T11:18:18Z","fethy.faradji@infopro-digital.com"
"03/09/2026 15:06:42","Bureau/Setup-creamodifAD/bin/roslyn/vbc.rsp","1.0","2018-08-08T11:09:46Z","fethy.faradji@infopro-digital.com"
"03/09/2026 15:06:47","Bureau/Setup-creamodifAD/bin/roslyn/VBCSCompiler.exe","1.0","2018-08-08T04:38:48Z","fethy.faradji@infopro-digital.com"
"03/09/2026 15:06:52","Bureau/Setup-creamodifAD/bin/roslyn/VBCSCompiler.exe.config","1.0","2018-08-08T11:18:16Z","fethy.faradji@infopro-digital.com"
"03/09/2026 15:06:57","Bureau/Setup-creamodifAD/bin/Antlr3.Runtime.dll","1.0","2013-09-10T15:29:20Z","fethy.faradji@infopro-digital.com"
"03/09/2026 15:07:01","Bureau/Setup-creamodifAD/bin/Antlr3.Runtime.pdb","1.0","2013-09-10T15:29:20Z","fethy.faradji@infopro-digital.com"
