"horodatage_collecte","fichier","version_id","version_modifiee_utc","version_modifiee_par"
"11/09/2026 10:58:46","Applications/Microsoft Edge/Edge Workspaces/preferences.edge","1.0","2023-06-29T13:58:44Z","fethy.faradji@infopro-digital.com"
"11/09/2026 10:58:48","Applications/Microsoft Edge/Edge Workspaces/preferences.edge","2.0","2023-06-30T07:29:09Z","fethy.faradji@infopro-digital.com"
"11/09/2026 10:58:49","Applications/Microsoft Edge/Edge Workspaces/preferences.edge","3.0","2023-06-30T08:27:44Z","fethy.faradji@infopro-digital.com"
"11/09/2026 10:58:51","Applications/Microsoft Edge/Edge Workspaces/preferences.edge","4.0","2023-07-17T07:28:20Z","fethy.faradji@infopro-digital.com"
"11/09/2026 10:58:55","Bureau/backup/ALIM_TABLE_SF.sql","1.0","2024-10-07T12:06:34Z","fethy.faradji@infopro-digital.com"
"11/09/2026 10:59:05","Bureau/backup/SIMX_AO_IN.sql","1.0","2024-10-07T12:07:26Z","fethy.faradji@infopro-digital.com"
"11/09/2026 10:59:10","Bureau/bin/fr/System.Web.Helpers.resources.dll","1.0","2022-05-27T23:36:48Z","fethy.faradji@infopro-digital.com"
"11/09/2026 10:59:14","Bureau/bin/fr/System.Web.Mvc.resources.dll","1.0","2022-05-27T23:37:20Z","fethy.faradji@infopro-digital.com"
"11/09/2026 10:59:18","Bureau/bin/fr/System.Web.Optimization.resources.dll","1.0","2014-02-11T15:28:42Z","fethy.faradji@infopro-digital.com"
"11/09/2026 10:59:22","Bureau/bin/fr/System.Web.Razor.resources.dll","1.0","2022-05-27T23:36:48Z","fethy.faradji@infopro-digital.com"
"11/09/2026 10:59:25","Bureau/bin/fr/System.Web.WebPages.Deployment.resources.dll","1.0","2022-05-27T23:37:06Z","fethy.faradji@infopro-digital.com"
"11/09/2026 10:59:29","Bureau/bin/fr/System.Web.WebPages.Razor.resources.dll","1.0","2022-05-27T23:37:08Z","fethy.faradji@infopro-digital.com"
"11/09/2026 10:59:33","Bureau/bin/fr/System.Web.WebPages.resources.dll","1.0","2022-05-27T23:37:08Z","fethy.faradji@infopro-digital.com"
"11/09/2026 10:59:36","Bureau/bin/roslyn/csc.exe","1.0","2018-08-08T04:38:48Z","fethy.faradji@infopro-digital.com"
"11/09/2026 10:59:40","Bureau/bin/roslyn/csc.exe.config","1.0","2018-08-08T11:18:12Z","fethy.faradji@infopro-digital.com"
"11/09/2026 10:59:44","Bureau/bin/roslyn/csc.rsp","1.0","2018-08-08T11:09:42Z","fethy.faradji@infopro-digital.com"
"11/09/2026 10:59:47","Bureau/bin/roslyn/csi.exe","1.0","2018-08-08T04:38:48Z","fethy.faradji@infopro-digital.com"
"11/09/2026 10:59:51","Bureau/bin/roslyn/csi.exe.config","1.0","2018-08-08T11:18:34Z","fethy.faradji@infopro-digital.com"
"11/09/2026 10:59:55","Bureau/bin/roslyn/csi.rsp","1.0","2018-08-08T11:09:56Z","fethy.faradji@infopro-digital.com"
"11/09/2026 10:59:59","Bureau/bin/roslyn/Microsoft.Build.Tasks.CodeAnalysis.dll","1.0","2018-08-08T04:38:48Z","fethy.faradji@infopro-digital.com"
"11/09/2026 11:00:03","Bureau/bin/roslyn/Microsoft.CodeAnalysis.CSharp.dll","1.0","2018-08-08T04:38:48Z","fethy.faradji@infopro-digital.com"
"11/09/2026 11:00:12","Bureau/bin/roslyn/Microsoft.CodeAnalysis.CSharp.Scripting.dll","1.0","2018-08-08T04:38:48Z","fethy.faradji@infopro-digital.com"
"11/09/2026 11:00:19","Bureau/bin/roslyn/Microsoft.CodeAnalysis.dll","1.0","2018-08-08T04:38:48Z","fethy.faradji@infopro-digital.com"
"11/09/2026 11:00:24","Bureau/bin/roslyn/Microsoft.CodeAnalysis.Scripting.dll","1.0","2018-08-08T04:38:48Z","fethy.faradji@infopro-digital.com"
"11/09/2026 11:00:28","Bureau/bin/roslyn/Microsoft.CodeAnalysis.VisualBasic.dll","1.0","2018-08-08T04:38:48Z","fethy.faradji@infopro-digital.com"
"11/09/2026 11:00:36","Bureau/bin/roslyn/Microsoft.CSharp.Core.targets","1.0","2018-08-08T11:09:42Z","fethy.faradji@infopro-digital.com"
"11/09/2026 11:00:40","Bureau/bin/roslyn/Microsoft.DiaSymReader.Native.amd64.dll","1.0","2017-12-05T08:36:44Z","fethy.faradji@infopro-digital.com"
"11/09/2026 11:00:45","Bureau/bin/roslyn/Microsoft.DiaSymReader.Native.x86.dll","1.0","2017-12-05T08:36:44Z","fethy.faradji@infopro-digital.com"
"11/09/2026 11:00:50","Bureau/bin/roslyn/Microsoft.Managed.Core.targets","1.0","2018-08-08T11:09:42Z","fethy.faradji@infopro-digital.com"
"11/09/2026 11:00:54","Bureau/bin/roslyn/Microsoft.VisualBasic.Core.targets","1.0","2018-08-08T11:09:42Z","fethy.faradji@infopro-digital.com"
"11/09/2026 11:00:58","Bureau/bin/roslyn/Microsoft.Win32.Primitives.dll","1.0","2016-11-05T17:55:32Z","fethy.faradji@infopro-digital.com"
"11/09/2026 11:01:02","Bureau/bin/roslyn/System.AppContext.dll","1.0","2016-11-05T17:55:34Z","fethy.faradji@infopro-digital.com"
"11/09/2026 11:01:07","Bureau/bin/roslyn/System.Collections.Immutable.dll","1.0","2018-05-16T02:29:34Z","fethy.faradji@infopro-digital.com"
"11/09/2026 11:01:11","Bureau/bin/roslyn/System.Console.dll","1.0","2016-11-05T17:55:48Z","fethy.faradji@infopro-digital.com"
"11/09/2026 11:01:15","Bureau/bin/roslyn/System.Diagnostics.DiagnosticSource.dll","1.0","2016-11-05T17:55:52Z","fethy.faradji@infopro-digital.com"
"11/09/2026 11:01:20","Bureau/bin/roslyn/System.Diagnostics.FileVersionInfo.dll","1.0","2016-11-05T17:55:56Z","fethy.faradji@infopro-digital.com"
"11/09/2026 11:01:25","Bureau/bin/roslyn/System.Diagnostics.StackTrace.dll","1.0","2016-11-05T17:55:52Z","fethy.faradji@infopro-digital.com"
"11/09/2026 11:01:29","Bureau/bin/roslyn/System.Globalization.Calendars.dll","1.0","2016-11-05T17:56:02Z","fethy.faradji@infopro-digital.com"
"11/09/2026 11:01:33","Bureau/bin/roslyn/System.IO.Compression.dll","1.0","2016-11-05T17:56:08Z","fethy.faradji@infopro-digital.com"
"11/09/2026 11:01:37","Bureau/bin/roslyn/System.IO.Compression.ZipFile.dll","1.0","2016-11-05T17:56:04Z","fethy.faradji@infopro-digital.com"
"11/09/2026 11:01:41","Bureau/bin/roslyn/System.IO.FileSystem.dll","1.0","2016-11-05T17:56:08Z","fethy.faradji@infopro-digital.com"
"11/09/2026 11:01:45","Bureau/bin/roslyn/System.IO.FileSystem.Primitives.dll","1.0","2016-11-05T17:56:08Z","fethy.faradji@infopro-digital.com"
"11/09/2026 11:01:49","Bureau/bin/roslyn/System.Net.Http.dll","1.0","2016-11-05T17:56:30Z","fethy.faradji@infopro-digital.com"
"11/09/2026 11:01:54","Bureau/bin/roslyn/System.Net.Sockets.dll","1.0","2016-11-05T17:56:34Z","fethy.faradji@infopro-digital.com"
"11/09/2026 11:01:58","Bureau/bin/roslyn/System.Reflection.Metadata.dll","1.0","2018-05-16T02:29:44Z","fethy.faradji@infopro-digital.com"
"11/09/2026 11:02:02","Bureau/bin/roslyn/System.Runtime.InteropServices.RuntimeInformation.dll","1.0","2016-11-05T17:57:00Z","fethy.faradji@infopro-digital.com"
"11/09/2026 11:02:06","Bureau/bin/roslyn/System.Security.Cryptography.Algorithms.dll","1.0","2016-11-05T17:57:14Z","fethy.faradji@infopro-digital.com"
"11/09/2026 11:02:10","Bureau/bin/roslyn/System.Security.Cryptography.Encoding.dll","1.0","2016-11-05T17:57:08Z","fethy.faradji@infopro-digital.com"
"11/09/2026 11:02:14","Bureau/bin/roslyn/System.Security.Cryptography.Primitives.dll","1.0","2016-11-05T17:57:18Z","fethy.faradji@infopro-digital.com"
"11/09/2026 11:02:18","Bureau/bin/roslyn/System.Security.Cryptography.X509Certificates.dll","1.0","2016-11-05T17:57:18Z","fethy.faradji@infopro-digital.com"
"11/09/2026 11:02:22","Bureau/bin/roslyn/System.Text.Encoding.CodePages.dll","1.0","2016-11-05T17:57:20Z","fethy.faradji@infopro-digital.com"
"11/09/2026 11:02:26","Bureau/bin/roslyn/System.Threading.Tasks.Extensions.dll","1.0","2016-11-05T17:57:24Z","fethy.faradji@infopro-digital.com"
"11/09/2026 11:02:30","Bureau/bin/roslyn/System.ValueTuple.dll","1.0","2016-11-05T17:57:30Z","fethy.faradji@infopro-digital.com"
"11/09/2026 11:02:33","Bureau/bin/roslyn/System.Xml.ReaderWriter.dll","1.0","2016-11-05T17:57:36Z","fethy.faradji@infopro-digital.com"
"11/09/2026 11:02:37","Bureau/bin/roslyn/System.Xml.XmlDocument.dll","1.0","2016-11-05T17:57:34Z","fethy.faradji@infopro-digital.com"
"11/09/2026 11:02:41","Bureau/bin/roslyn/System.Xml.XPath.dll","1.0","2016-11-05T17:57:40Z","fethy.faradji@infopro-digital.com"
"11/09/2026 11:02:46","Bureau/bin/roslyn/System.Xml.XPath.XDocument.dll","1.0","2016-11-05T17:57:34Z","fethy.faradji@infopro-digital.com"
"11/09/2026 11:02:49","Bureau/bin/roslyn/vbc.exe","1.0","2018-08-08T04:38:48Z","fethy.faradji@infopro-digital.com"
"11/09/2026 11:02:54","Bureau/bin/roslyn/vbc.exe.config","1.0","2018-08-08T11:18:18Z","fethy.faradji@infopro-digital.com"
"11/09/2026 11:02:58","Bureau/bin/roslyn/vbc.rsp","1.0","2018-08-08T11:09:46Z","fethy.faradji@infopro-digital.com"
"11/09/2026 11:03:02","Bureau/bin/roslyn/VBCSCompiler.exe","1.0","2018-08-08T04:38:48Z","fethy.faradji@infopro-digital.com"
"11/09/2026 11:03:07","Bureau/bin/roslyn/VBCSCompiler.exe.config","1.0","2018-08-08T11:18:16Z","fethy.faradji@infopro-digital.com"
"11/09/2026 11:03:10","Bureau/bin/Antlr3.Runtime.dll","1.0","2013-09-10T15:29:20Z","fethy.faradji@infopro-digital.com"
"11/09/2026 11:03:14","Bureau/bin/Antlr3.Runtime.pdb","1.0","2013-09-10T15:29:20Z","fethy.faradji@infopro-digital.com"
"11/09/2026 11:03:18","Bureau/bin/Dapper.dll","1.0","2025-02-06T12:15:40Z","fethy.faradji@infopro-digital.com"
"11/09/2026 11:03:22","Bureau/bin/Dapper.xml","1.0","2025-02-06T12:15:40Z","fethy.faradji@infopro-digital.com"
"11/09/2026 11:03:25","Bureau/bin/Microsoft.Bcl.AsyncInterfaces.dll","1.0","2024-12-10T21:05:40Z","fethy.faradji@infopro-digital.com"
"11/09/2026 11:03:29","Bureau/bin/Microsoft.Bcl.AsyncInterfaces.xml","1.0","2024-12-10T21:05:40Z","fethy.faradji@infopro-digital.com"
"11/09/2026 11:03:32","Bureau/bin/Microsoft.Bcl.HashCode.dll","1.0","2020-11-16T21:15:16Z","fethy.faradji@infopro-digital.com"
"11/09/2026 11:03:36","Bureau/bin/Microsoft.Bcl.HashCode.xml","1.0","2020-11-16T21:15:16Z","fethy.faradji@infopro-digital.com"
"11/09/2026 11:03:39","Bureau/bin/Microsoft.CodeDom.Providers.DotNetCompilerPlatform.dll","1.0","2018-09-05T15:10:50Z","fethy.faradji@infopro-digital.com"
"11/09/2026 11:03:43","Bureau/bin/Microsoft.CodeDom.Providers.DotNetCompilerPlatform.xml","1.0","2018-09-05T15:05:34Z","fethy.faradji@infopro-digital.com"
"11/09/2026 11:03:46","Bureau/bin/Microsoft.Extensions.DependencyInjection.Abstractions.dll","1.0","2023-10-31T15:00:34Z","fethy.faradji@infopro-digital.com"
"11/09/2026 11:03:50","Bureau/bin/Microsoft.Extensions.DependencyInjection.Abstractions.xml","1.0","2023-10-31T15:00:34Z","fethy.faradji@infopro-digital.com"
"11/09/2026 11:03:55","Bureau/bin/Microsoft.Extensions.Logging.Abstractions.dll","1.0","2023-10-31T15:04:00Z","fethy.faradji@infopro-digital.com"
"11/09/2026 11:03:59","Bureau/bin/Microsoft.Extensions.Logging.Abstractions.xml","1.0","2023-10-31T15:04:00Z","fethy.faradji@infopro-digital.com"
"11/09/2026 11:04:02","Bureau/bin/Microsoft.Web.Infrastructure.dll","1.0","2022-04-11T17:09:46Z","fethy.faradji@infopro-digital.com"
"11/09/2026 11:04:07","Bureau/bin/Newtonsoft.Json.dll","1.0","2023-03-08T05:09:56Z","fethy.faradji@infopro-digital.com"
"11/09/2026 11:04:11","Bureau/bin/Newtonsoft.Json.xml","1.0","2023-03-08T05:05:50Z","fethy.faradji@infopro-digital.com"
"11/09/2026 11:04:14","Bureau/bin/Npgsql.dll","1.0","2024-11-18T16:58:10Z","fethy.faradji@infopro-digital.com"
"11/09/2026 11:04:19","Bureau/bin/Npgsql.xml","1.0","2024-11-18T16:58:10Z","fethy.faradji@infopro-digital.com"
"11/09/2026 11:04:22","Bureau/bin/SetupDWSecurite.dll","1.0","2025-04-02T09:48:29Z","fethy.faradji@infopro-digital.com"
"11/09/2026 11:04:26","Bureau/bin/SetupDWSecurite.dll.config","1.0","2025-04-01T12:54:28Z","fethy.faradji@infopro-digital.com"
"11/09/2026 11:04:30","Bureau/bin/SetupDWSecurite.pdb","1.0","2025-04-02T09:48:29Z","fethy.faradji@infopro-digital.com"
"11/09/2026 11:04:33","Bureau/bin/System.Buffers.dll","1.0","2020-02-19T10:05:18Z","fethy.faradji@infopro-digital.com"
"11/09/2026 11:04:37","Bureau/bin/System.Buffers.xml","1.0","2020-02-19T10:05:18Z","fethy.faradji@infopro-digital.com"
"11/09/2026 11:04:42","Bureau/bin/System.Collections.Immutable.dll","1.0","2023-10-31T15:04:34Z","fethy.faradji@infopro-digital.com"
"11/09/2026 11:04:46","Bureau/bin/System.Collections.Immutable.xml","1.0","2023-09-18T23:26:32Z","fethy.faradji@infopro-digital.com"
"11/09/2026 11:04:49","Bureau/bin/System.Diagnostics.DiagnosticSource.dll","1.0","2023-10-31T15:00:46Z","fethy.faradji@infopro-digital.com"
"11/09/2026 11:04:53","Bureau/bin/System.Diagnostics.DiagnosticSource.xml","1.0","2023-09-18T23:26:32Z","fethy.faradji@infopro-digital.com"
"11/09/2026 11:05:01","Bureau/bin/System.Memory.dll","1.0","2022-05-08T03:31:02Z","fethy.faradji@infopro-digital.com"
"11/09/2026 11:05:05","Bureau/bin/System.Memory.xml","1.0","2022-05-08T03:31:02Z","fethy.faradji@infopro-digital.com"
"11/09/2026 11:05:09","Bureau/bin/System.Numerics.Vectors.dll","1.0","2018-05-15T13:29:44Z","fethy.faradji@infopro-digital.com"
"11/09/2026 11:05:12","Bureau/bin/System.Numerics.Vectors.xml","1.0","2018-05-15T13:29:44Z","fethy.faradji@infopro-digital.com"
"11/09/2026 11:05:16","Bureau/bin/System.Runtime.CompilerServices.Unsafe.dll","1.0","2021-10-22T23:40:18Z","fethy.faradji@infopro-digital.com"
"11/09/2026 11:05:19","Bureau/bin/System.Runtime.CompilerServices.Unsafe.xml","1.0","2021-10-19T07:14:20Z","fethy.faradji@infopro-digital.com"
"11/09/2026 11:05:23","Bureau/bin/System.Text.Encodings.Web.dll","1.0","2023-10-31T15:00:28Z","fethy.faradji@infopro-digital.com"
"11/09/2026 11:05:26","Bureau/bin/System.Text.Encodings.Web.xml","1.0","2023-09-18T23:26:32Z","fethy.faradji@infopro-digital.com"
"11/09/2026 11:05:34","Bureau/bin/System.Text.Json.dll","1.0","2024-09-16T23:15:02Z","fethy.faradji@infopro-digital.com"
"11/09/2026 11:05:38","Bureau/bin/System.Text.Json.xml","1.0","2023-09-18T23:26:32Z","fethy.faradji@infopro-digital.com"
"11/09/2026 11:05:42","Bureau/bin/System.Threading.Channels.dll","1.0","2023-10-31T15:09:50Z","fethy.faradji@infopro-digital.com"
"11/09/2026 11:05:45","Bureau/bin/System.Threading.Channels.xml","1.0","2023-09-18T23:26:32Z","fethy.faradji@infopro-digital.com"
"11/09/2026 11:05:50","Bureau/bin/System.Threading.Tasks.Extensions.dll","1.0","2020-02-19T10:05:18Z","fethy.faradji@infopro-digital.com"
"11/09/2026 11:05:54","Bureau/bin/System.Threading.Tasks.Extensions.xml","1.0","2020-02-19T10:05:18Z","fethy.faradji@infopro-digital.com"
"11/09/2026 11:05:58","Bureau/bin/System.ValueTuple.dll","1.0","2018-05-15T13:29:52Z","fethy.faradji@infopro-digital.com"
"11/09/2026 11:06:03","Bureau/bin/System.ValueTuple.xml","1.0","2018-05-15T13:29:52Z","fethy.faradji@infopro-digital.com"
"11/09/2026 11:06:08","Bureau/bin/System.Web.Helpers.dll","1.0","2022-05-27T21:41:54Z","fethy.faradji@infopro-digital.com"
"11/09/2026 11:06:12","Bureau/bin/System.Web.Helpers.xml","1.0","2022-05-27T21:18:42Z","fethy.faradji@infopro-digital.com"
"11/09/2026 11:06:17","Bureau/bin/System.Web.Mvc.dll","1.0","2022-05-27T21:42:20Z","fethy.faradji@infopro-digital.com"
"11/09/2026 11:06:20","Bureau/bin/System.Web.Mvc.xml","1.0","2022-05-27T21:18:42Z","fethy.faradji@infopro-digital.com"
"11/09/2026 11:06:25","Bureau/bin/System.Web.Optimization.dll","1.0","2014-02-11T14:26:04Z","fethy.faradji@infopro-digital.com"
"11/09/2026 11:06:29","Bureau/bin/System.Web.Optimization.xml","1.0","2014-02-11T14:26:04Z","fethy.faradji@infopro-digital.com"
"11/09/2026 11:06:33","Bureau/bin/System.Web.Razor.dll","1.0","2022-05-27T21:42:06Z","fethy.faradji@infopro-digital.com"
"11/09/2026 11:06:38","Bureau/bin/System.Web.Razor.xml","1.0","2022-05-27T21:18:42Z","fethy.faradji@infopro-digital.com"
"11/09/2026 11:06:42","Bureau/bin/System.Web.WebPages.Deployment.dll","1.0","2022-05-27T21:42:46Z","fethy.faradji@infopro-digital.com"
"11/09/2026 11:06:46","Bureau/bin/System.Web.WebPages.Deployment.xml","1.0","2022-05-27T21:18:42Z","fethy.faradji@infopro-digital.com"
"11/09/2026 11:06:52","Bureau/bin/System.Web.WebPages.dll","1.0","2022-05-27T21:42:16Z","fethy.faradji@infopro-digital.com"
"11/09/2026 11:06:58","Bureau/bin/System.Web.WebPages.Razor.dll","1.0","2022-05-27T21:42:50Z","fethy.faradji@infopro-digital.com"
"11/09/2026 11:07:02","Bureau/bin/System.Web.WebPages.Razor.xml","1.0","2022-05-27T21:18:42Z","fethy.faradji@infopro-digital.com"
"11/09/2026 11:07:07","Bureau/bin/System.Web.WebPages.xml","1.0","2022-05-27T21:18:42Z","fethy.faradji@infopro-digital.com"
"11/09/2026 11:07:11","Bureau/bin/Web.prod.config","1.0","2025-04-02T09:48:16Z","fethy.faradji@infopro-digital.com"
"11/09/2026 11:07:16","Bureau/bin/WebGrease.dll","1.0","2014-01-23T12:57:34Z","fethy.faradji@infopro-digital.com"
"11/09/2026 11:07:21","Bureau/bureau/warning ssis.pdf","1.0","2023-08-10T07:44:44Z","fethy.faradji@infopro-digital.com"
"11/09/2026 11:07:26","Bureau/Debug/app.publish/Alimentation_DWS_PS.exe","1.0","2025-05-21T09:42:06Z","fethy.faradji@infopro-digital.com"
"11/09/2026 11:07:28","Bureau/Debug/app.publish/Alimentation_DWS_PS.exe","2.0","2025-05-21T09:53:21Z","fethy.faradji@infopro-digital.com"
"11/09/2026 11:07:29","Bureau/Debug/app.publish/Alimentation_DWS_PS.exe","3.0","2025-05-21T09:59:29Z","fethy.faradji@infopro-digital.com"
"11/09/2026 11:07:30","Bureau/Debug/app.publish/Alimentation_DWS_PS.exe","4.0","2025-05-21T13:23:16Z","fethy.faradji@infopro-digital.com"
"11/09/2026 11:07:31","Bureau/Debug/app.publish/Alimentation_DWS_PS.exe","5.0","2025-05-21T13:28:05Z","fethy.faradji@infopro-digital.com"
"11/09/2026 11:07:32","Bureau/Debug/app.publish/Alimentation_DWS_PS.exe","6.0","2025-05-21T14:32:14Z","fethy.faradji@infopro-digital.com"
"11/09/2026 11:07:33","Bureau/Debug/app.publish/Alimentation_DWS_PS.exe","7.0","2025-05-21T14:38:06Z","fethy.faradji@infopro-digital.com"
"11/09/2026 11:07:35","Bureau/Debug/app.publish/Alimentation_DWS_PS.exe","8.0","2025-05-21T14:44:47Z","fethy.faradji@infopro-digital.com"
"11/09/2026 11:07:36","Bureau/Debug/app.publish/Alimentation_DWS_PS.exe","9.0","2025-05-22T08:52:01Z","fethy.faradji@infopro-digital.com"
"11/09/2026 11:07:41","Bureau/Debug/PowerShell/AcceptedDomains.ps1","1.0","2025-05-20T13:34:23Z","fethy.faradji@infopro-digital.com"
"11/09/2026 11:07:46","Bureau/Debug/PowerShell/AlerteEchange.ps1","1.0","2025-05-14T09:14:33Z","fethy.faradji@infopro-digital.com"
"11/09/2026 11:07:52","Bureau/Debug/PowerShell/Extraction_AD_Computers.ps1","1.0","2025-03-14T10:34:41Z","fethy.faradji@infopro-digital.com"
"11/09/2026 11:07:57","Bureau/Debug/PowerShell/ExtractionAD-ANETO.ps1","1.0","2025-04-01T14:10:45Z","fethy.faradji@infopro-digital.com"
"11/09/2026 11:07:59","Bureau/Debug/PowerShell/ExtractionAD-ANETO.ps1","2.0","2025-05-20T12:56:03Z","fethy.faradji@infopro-digital.com"
"11/09/2026 11:08:03","Bureau/Debug/PowerShell/ExtractionAD-APC.ps1","1.0","2025-05-20T12:56:03Z","fethy.faradji@infopro-digital.com"
"11/09/2026 11:08:10","Bureau/Debug/PowerShell/ExtractionAD-COMPANEO.ps1","1.0","2025-04-01T14:10:45Z","fethy.faradji@infopro-digital.com"
"11/09/2026 11:08:11","Bureau/Debug/PowerShell/ExtractionAD-COMPANEO.ps1","2.0","2025-05-20T12:56:03Z","fethy.faradji@infopro-digital.com"
"11/09/2026 11:08:17","Bureau/Debug/PowerShell/ExtractionAD-DRD.ps1","1.0","2025-03-27T14:21:12Z","fethy.faradji@infopro-digital.com"
"11/09/2026 11:08:22","Bureau/Debug/PowerShell/ExtractionAD-EBP.ps1","1.0","2025-04-01T14:10:45Z","fethy.faradji@infopro-digital.com"
"11/09/2026 11:08:24","Bureau/Debug/PowerShell/ExtractionAD-EBP.ps1","2.0","2025-05-20T12:56:03Z","fethy.faradji@infopro-digital.com"
"11/09/2026 11:08:28","Bureau/Debug/PowerShell/ExtractionAD-GMH.ps1","1.0","2025-04-01T14:10:45Z","fethy.faradji@infopro-digital.com"
"11/09/2026 11:08:30","Bureau/Debug/PowerShell/ExtractionAD-GMH.ps1","2.0","2025-05-20T12:56:03Z","fethy.faradji@infopro-digital.com"
"11/09/2026 11:08:35","Bureau/Debug/PowerShell/ExtractionAD-INFO.ps1","1.0","2025-04-01T14:10:45Z","fethy.faradji@infopro-digital.com"
"11/09/2026 11:08:36","Bureau/Debug/PowerShell/ExtractionAD-INFO.ps1","2.0","2025-05-20T12:56:03Z","fethy.faradji@infopro-digital.com"
"11/09/2026 11:08:41","Bureau/Debug/PowerShell/ExtractionAD-VP.ps1","1.0","2025-03-27T15:08:12Z","fethy.faradji@infopro-digital.com"
"11/09/2026 11:08:46","Bureau/Debug/PowerShell/ExtractionAD-VPLUS.ps1","1.0","2025-04-01T14:10:45Z","fethy.faradji@infopro-digital.com"
"11/09/2026 11:08:48","Bureau/Debug/PowerShell/ExtractionAD-VPLUS.ps1","2.0","2025-05-20T12:56:03Z","fethy.faradji@infopro-digital.com"
"11/09/2026 11:08:52","Bureau/Debug/PowerShell/HTMLTable.ps1","1.0","2025-03-14T10:34:41Z","fethy.faradji@infopro-digital.com"
"11/09/2026 11:08:57","Bureau/Debug/PowerShell/Script_recuperation_domaines_accepte_exchange.ps1","1.0","2025-03-28T14:57:19Z","fethy.faradji@infopro-digital.com"
"11/09/2026 11:09:00","Bureau/Debug/PowerShell/Script_recuperation_domaines_accepte_exchange.ps1","2.0","2025-04-25T13:08:25Z","fethy.faradji@infopro-digital.com"
"11/09/2026 11:09:05","Bureau/Debug/PowerShell/User365.ps1","1.0","2025-04-25T15:17:44Z","fethy.faradji@infopro-digital.com"
"11/09/2026 11:09:11","Bureau/Debug/PowerShell/UserExcel.ps1","1.0","2025-05-12T14:50:15Z","fethy.faradji@infopro-digital.com"
"11/09/2026 11:09:16","Bureau/Debug/Alimentation_DWS_PS.application","1.0","2025-05-21T09:42:07Z","fethy.faradji@infopro-digital.com"
"11/09/2026 11:09:17","Bureau/Debug/Alimentation_DWS_PS.application","2.0","2025-05-21T09:53:21Z","fethy.faradji@infopro-digital.com"
"11/09/2026 11:09:18","Bureau/Debug/Alimentation_DWS_PS.application","3.0","2025-05-21T09:59:30Z","fethy.faradji@infopro-digital.com"
"11/09/2026 11:09:19","Bureau/Debug/Alimentation_DWS_PS.application","4.0","2025-05-21T13:23:16Z","fethy.faradji@infopro-digital.com"
"11/09/2026 11:09:20","Bureau/Debug/Alimentation_DWS_PS.application","5.0","2025-05-21T13:28:05Z","fethy.faradji@infopro-digital.com"
"11/09/2026 11:09:21","Bureau/Debug/Alimentation_DWS_PS.application","6.0","2025-05-21T14:32:14Z","fethy.faradji@infopro-digital.com"
"11/09/2026 11:09:23","Bureau/Debug/Alimentation_DWS_PS.application","7.0","2025-05-21T14:38:07Z","fethy.faradji@infopro-digital.com"
"11/09/2026 11:09:24","Bureau/Debug/Alimentation_DWS_PS.application","8.0","2025-05-21T14:44:47Z","fethy.faradji@infopro-digital.com"
"11/09/2026 11:09:25","Bureau/Debug/Alimentation_DWS_PS.application","9.0","2025-05-22T08:52:01Z","fethy.faradji@infopro-digital.com"
"11/09/2026 11:09:30","Bureau/Debug/Alimentation_DWS_PS.exe","1.0","2025-04-02T13:14:59Z","fethy.faradji@infopro-digital.com"
"11/09/2026 11:09:31","Bureau/Debug/Alimentation_DWS_PS.exe","2.0","2025-05-21T09:42:06Z","fethy.faradji@infopro-digital.com"
"11/09/2026 11:09:34","Bureau/Debug/Alimentation_DWS_PS.exe","3.0","2025-05-21T09:53:21Z","fethy.faradji@infopro-digital.com"
"11/09/2026 11:09:35","Bureau/Debug/Alimentation_DWS_PS.exe","4.0","2025-05-21T09:59:29Z","fethy.faradji@infopro-digital.com"
"11/09/2026 11:09:36","Bureau/Debug/Alimentation_DWS_PS.exe","5.0","2025-05-21T13:23:15Z","fethy.faradji@infopro-digital.com"
"11/09/2026 11:09:37","Bureau/Debug/Alimentation_DWS_PS.exe","6.0","2025-05-21T13:28:04Z","fethy.faradji@infopro-digital.com"
"11/09/2026 11:09:38","Bureau/Debug/Alimentation_DWS_PS.exe","7.0","2025-05-21T14:32:14Z","fethy.faradji@infopro-digital.com"
"11/09/2026 11:09:39","Bureau/Debug/Alimentation_DWS_PS.exe","8.0","2025-05-21T14:38:06Z","fethy.faradji@infopro-digital.com"
"11/09/2026 11:09:41","Bureau/Debug/Alimentation_DWS_PS.exe","9.0","2025-05-21T14:44:47Z","fethy.faradji@infopro-digital.com"
"11/09/2026 11:09:42","Bureau/Debug/Alimentation_DWS_PS.exe","10.0","2025-05-22T08:52:01Z","fethy.faradji@infopro-digital.com"
"11/09/2026 11:09:47","Bureau/Debug/Alimentation_DWS_PS.exe.config","1.0","2025-03-14T10:29:11Z","fethy.faradji@infopro-digital.com"
"11/09/2026 11:09:52","Bureau/Debug/Alimentation_DWS_PS.exe.manifest","1.0","2025-05-21T09:42:07Z","fethy.faradji@infopro-digital.com"
"11/09/2026 11:09:53","Bureau/Debug/Alimentation_DWS_PS.exe.manifest","2.0","2025-05-21T09:53:21Z","fethy.faradji@infopro-digital.com"
"11/09/2026 11:09:54","Bureau/Debug/Alimentation_DWS_PS.exe.manifest","3.0","2025-05-21T09:59:30Z","fethy.faradji@infopro-digital.com"
"11/09/2026 11:09:55","Bureau/Debug/Alimentation_DWS_PS.exe.manifest","4.0","2025-05-21T13:23:16Z","fethy.faradji@infopro-digital.com"
"11/09/2026 11:09:56","Bureau/Debug/Alimentation_DWS_PS.exe.manifest","5.0","2025-05-21T13:28:05Z","fethy.faradji@infopro-digital.com"
"11/09/2026 11:09:57","Bureau/Debug/Alimentation_DWS_PS.exe.manifest","6.0","2025-05-21T14:32:14Z","fethy.faradji@infopro-digital.com"
"11/09/2026 11:09:58","Bureau/Debug/Alimentation_DWS_PS.exe.manifest","7.0","2025-05-21T14:38:07Z","fethy.faradji@infopro-digital.com"
"11/09/2026 11:09:59","Bureau/Debug/Alimentation_DWS_PS.exe.manifest","8.0","2025-05-21T14:44:47Z","fethy.faradji@infopro-digital.com"
"11/09/2026 11:10:01","Bureau/Debug/Alimentation_DWS_PS.exe.manifest","9.0","2025-05-22T08:52:01Z","fethy.faradji@infopro-digital.com"
"11/09/2026 11:10:05","Bureau/Debug/Alimentation_DWS_PS.pdb","1.0","2025-04-02T13:14:59Z","fethy.faradji@infopro-digital.com"
"11/09/2026 11:10:07","Bureau/Debug/Alimentation_DWS_PS.pdb","2.0","2025-05-21T09:42:06Z","fethy.faradji@infopro-digital.com"
"11/09/2026 11:10:08","Bureau/Debug/Alimentation_DWS_PS.pdb","3.0","2025-05-21T09:53:21Z","fethy.faradji@infopro-digital.com"
"11/09/2026 11:10:09","Bureau/Debug/Alimentation_DWS_PS.pdb","4.0","2025-05-21T09:59:29Z","fethy.faradji@infopro-digital.com"
"11/09/2026 11:10:11","Bureau/Debug/Alimentation_DWS_PS.pdb","5.0","2025-05-21T13:23:15Z","fethy.faradji@infopro-digital.com"
"11/09/2026 11:10:12","Bureau/Debug/Alimentation_DWS_PS.pdb","6.0","2025-05-21T13:28:04Z","fethy.faradji@infopro-digital.com"
"11/09/2026 11:10:13","Bureau/Debug/Alimentation_DWS_PS.pdb","7.0","2025-05-21T14:32:14Z","fethy.faradji@infopro-digital.com"
"11/09/2026 11:10:14","Bureau/Debug/Alimentation_DWS_PS.pdb","8.0","2025-05-21T14:38:06Z","fethy.faradji@infopro-digital.com"
"11/09/2026 11:10:15","Bureau/Debug/Alimentation_DWS_PS.pdb","9.0","2025-05-21T14:44:47Z","fethy.faradji@infopro-digital.com"
"11/09/2026 11:10:16","Bureau/Debug/Alimentation_DWS_PS.pdb","10.0","2025-05-22T08:52:01Z","fethy.faradji@infopro-digital.com"
"11/09/2026 11:10:20","Bureau/Debug/Microsoft.Bcl.AsyncInterfaces.dll","1.0","2025-02-11T23:12:14Z","fethy.faradji@infopro-digital.com"
"11/09/2026 11:10:25","Bureau/Debug/Microsoft.Bcl.AsyncInterfaces.xml","1.0","2025-02-11T23:12:14Z","fethy.faradji@infopro-digital.com"
"11/09/2026 11:10:30","Bureau/Debug/Microsoft.Bcl.HashCode.dll","1.0","2020-11-16T21:15:16Z","fethy.faradji@infopro-digital.com"
"11/09/2026 11:10:35","Bureau/Debug/Microsoft.Bcl.HashCode.xml","1.0","2020-11-16T21:15:16Z","fethy.faradji@infopro-digital.com"
"11/09/2026 11:10:40","Bureau/Debug/Microsoft.Extensions.DependencyInjection.Abstractions.dll","1.0","2023-10-31T15:00:34Z","fethy.faradji@infopro-digital.com"
"11/09/2026 11:10:45","Bureau/Debug/Microsoft.Extensions.DependencyInjection.Abstractions.xml","1.0","2023-10-31T15:00:34Z","fethy.faradji@infopro-digital.com"
"11/09/2026 11:10:50","Bureau/Debug/Microsoft.Extensions.Logging.Abstractions.dll","1.0","2023-10-31T15:04:00Z","fethy.faradji@infopro-digital.com"
"11/09/2026 11:10:55","Bureau/Debug/Microsoft.Extensions.Logging.Abstractions.xml","1.0","2023-10-31T15:04:00Z","fethy.faradji@infopro-digital.com"
"11/09/2026 11:11:01","Bureau/Debug/Npgsql.dll","1.0","2025-02-24T22:00:04Z","fethy.faradji@infopro-digital.com"
"11/09/2026 11:11:06","Bureau/Debug/Npgsql.xml","1.0","2025-02-24T22:00:00Z","fethy.faradji@infopro-digital.com"
"11/09/2026 11:11:11","Bureau/Debug/System.Buffers.dll","1.0","2020-02-19T10:05:18Z","fethy.faradji@infopro-digital.com"
"11/09/2026 11:11:15","Bureau/Debug/System.Buffers.xml","1.0","2020-02-19T10:05:18Z","fethy.faradji@infopro-digital.com"
"11/09/2026 11:11:20","Bureau/Debug/System.Collections.Immutable.dll","1.0","2023-10-31T15:04:34Z","fethy.faradji@infopro-digital.com"
"11/09/2026 11:11:25","Bureau/Debug/System.Collections.Immutable.xml","1.0","2023-09-18T23:26:32Z","fethy.faradji@infopro-digital.com"
"11/09/2026 11:11:30","Bureau/Debug/System.Diagnostics.DiagnosticSource.dll","1.0","2023-10-31T15:00:46Z","fethy.faradji@infopro-digital.com"
"11/09/2026 11:11:36","Bureau/Debug/System.Diagnostics.DiagnosticSource.xml","1.0","2023-09-18T23:26:32Z","fethy.faradji@infopro-digital.com"
"11/09/2026 11:11:40","Bureau/Debug/System.IO.Pipelines.dll","1.0","2025-02-11T23:12:24Z","fethy.faradji@infopro-digital.com"
"11/09/2026 11:11:45","Bureau/Debug/System.IO.Pipelines.xml","1.0","2025-02-11T23:12:24Z","fethy.faradji@infopro-digital.com"
"11/09/2026 11:11:50","Bureau/Debug/System.Memory.dll","1.0","2022-05-08T03:31:02Z","fethy.faradji@infopro-digital.com"
"11/09/2026 11:11:55","Bureau/Debug/System.Memory.xml","1.0","2022-05-08T03:31:02Z","fethy.faradji@infopro-digital.com"
"11/09/2026 11:11:59","Bureau/Debug/System.Numerics.Vectors.dll","1.0","2018-05-15T13:29:44Z","fethy.faradji@infopro-digital.com"
"11/09/2026 11:12:04","Bureau/Debug/System.Numerics.Vectors.xml","1.0","2018-05-15T13:29:44Z","fethy.faradji@infopro-digital.com"
"11/09/2026 11:12:11","Bureau/Debug/System.Runtime.CompilerServices.Unsafe.dll","1.0","2021-10-22T23:40:18Z","fethy.faradji@infopro-digital.com"
"11/09/2026 11:12:16","Bureau/Debug/System.Runtime.CompilerServices.Unsafe.xml","1.0","2021-10-19T07:14:20Z","fethy.faradji@infopro-digital.com"
"11/09/2026 11:12:21","Bureau/Debug/System.Text.Encodings.Web.dll","1.0","2025-02-11T23:18:34Z","fethy.faradji@infopro-digital.com"
"11/09/2026 11:12:25","Bureau/Debug/System.Text.Encodings.Web.xml","1.0","2025-02-11T23:18:34Z","fethy.faradji@infopro-digital.com"
"11/09/2026 11:12:31","Bureau/Debug/System.Text.Json.dll","1.0","2025-02-11T23:18:50Z","fethy.faradji@infopro-digital.com"
"11/09/2026 11:12:36","Bureau/Debug/System.Text.Json.xml","1.0","2025-02-11T23:18:50Z","fethy.faradji@infopro-digital.com"
"11/09/2026 11:12:41","Bureau/Debug/System.Threading.Channels.dll","1.0","2023-10-31T15:09:50Z","fethy.faradji@infopro-digital.com"
"11/09/2026 11:12:45","Bureau/Debug/System.Threading.Channels.xml","1.0","2023-09-18T23:26:32Z","fethy.faradji@infopro-digital.com"
"11/09/2026 11:12:51","Bureau/Debug/System.Threading.Tasks.Extensions.dll","1.0","2020-02-19T10:05:18Z","fethy.faradji@infopro-digital.com"
"11/09/2026 11:12:55","Bureau/Debug/System.Threading.Tasks.Extensions.xml","1.0","2020-02-19T10:05:18Z","fethy.faradji@infopro-digital.com"
"11/09/2026 11:13:01","Bureau/Debug/System.ValueTuple.dll","1.0","2018-05-15T13:29:52Z","fethy.faradji@infopro-digital.com"
"11/09/2026 11:13:05","Bureau/Debug/System.ValueTuple.xml","1.0","2018-05-15T13:29:52Z","fethy.faradji@infopro-digital.com"
"11/09/2026 11:13:11","Bureau/Debug/testpowershell2.exe","1.0","2025-03-17T08:13:27Z","fethy.faradji@infopro-digital.com"
"11/09/2026 11:13:17","Bureau/Debug/testpowershell2.exe.config","1.0","2025-03-14T10:29:11Z","fethy.faradji@infopro-digital.com"
"11/09/2026 11:13:21","Bureau/Debug/testpowershell2.pdb","1.0","2025-03-17T08:13:27Z","fethy.faradji@infopro-digital.com"
"11/09/2026 11:13:26","Bureau/droit sharepoint/SharePoint_Permissions_Export_source.csv","1.0","2025-07-31T00:54:15Z","fethy.faradji@infopro-digital.com"
"11/09/2026 11:14:22","Bureau/DWS - applications Azure/Alimentation_DWS_PS.application","1.0","2025-09-09T06:39:12Z","fethy.faradji@infopro-digital.com"
"11/09/2026 11:14:26","Bureau/DWS - applications Azure/Alimentation_DWS_PS.exe","1.0","2025-09-09T06:39:11Z","fethy.faradji@infopro-digital.com"
"11/09/2026 11:14:31","Bureau/DWS - applications Azure/Alimentation_DWS_PS.exe.manifest","1.0","2025-09-09T06:39:12Z","fethy.faradji@infopro-digital.com"
"11/09/2026 11:14:36","Bureau/DWS - applications Azure/Alimentation_DWS_PS.pdb","1.0","2025-09-09T06:39:11Z","fethy.faradji@infopro-digital.com"
"11/09/2026 11:14:42","Bureau/DWS - applications Azure/DM_create_table_view.sql","1.0","2025-09-05T13:20:45Z","fethy.faradji@infopro-digital.com"
"11/09/2026 11:14:47","Bureau/DWS - CREAMODIFAD - ENTRA/DWS_DM_VUES.SQL","1.0","2025-09-24T09:27:28Z","fethy.faradji@infopro-digital.com"
"11/09/2026 11:14:49","Bureau/DWS - CREAMODIFAD - ENTRA/DWS_DM_VUES.SQL","2.0","2025-09-24T09:28:07Z","fethy.faradji@infopro-digital.com"
"11/09/2026 11:14:50","Bureau/DWS - CREAMODIFAD - ENTRA/DWS_DM_VUES.SQL","3.0","2025-09-24T09:28:11Z","fethy.faradji@infopro-digital.com"
"11/09/2026 11:14:54","Bureau/DWS - CREAMODIFAD - ENTRA/DWS_DW.SQL","1.0","2025-09-24T09:29:24Z","fethy.faradji@infopro-digital.com"
"11/09/2026 11:14:59","Bureau/DWS - CREAMODIFAD - ENTRA/sarepointCopyScrypt-last-one.ps1","1.0","2025-09-30T15:11:23Z","fethy.faradji@infopro-digital.com"
"11/09/2026 11:15:03","Bureau/export_synchro_sim_202410/rattrapage manuelle/alimentation table tempo.sql","1.0","2024-11-14T13:41:25Z","fethy.faradji@infopro-digital.com"
"11/09/2026 11:15:08","Bureau/export_synchro_sim_202410/rattrapage manuelle/avis_from_bim.csv","1.0","2024-11-19T09:19:12Z","fethy.faradji@infopro-digital.com"
"11/09/2026 11:15:14","Bureau/export_synchro_sim_202410/rattrapage manuelle/création table tempo.sql","1.0","2024-11-14T13:41:04Z","fethy.faradji@infopro-digital.com"
"11/09/2026 11:15:16","Bureau/export_synchro_sim_202410/rattrapage manuelle/création table tempo.sql","2.0","2024-11-14T13:59:40Z","fethy.faradji@infopro-digital.com"
"11/09/2026 11:15:22","Bureau/export_synchro_sim_202410/rattrapage manuelle/publications_avis_rattrapage.xlsx","1.0","2024-11-20T08:13:29Z","fethy.faradji@infopro-digital.com"
"11/09/2026 11:15:23","Bureau/export_synchro_sim_202410/rattrapage manuelle/publications_avis_rattrapage.xlsx","2.0","2024-11-20T08:23:54Z","fethy.faradji@infopro-digital.com"
"11/09/2026 11:15:24","Bureau/export_synchro_sim_202410/rattrapage manuelle/publications_avis_rattrapage.xlsx","3.0","2024-11-20T08:32:01Z","fethy.faradji@infopro-digital.com"
"11/09/2026 11:15:25","Bureau/export_synchro_sim_202410/rattrapage manuelle/publications_avis_rattrapage.xlsx","4.0","2024-11-20T09:11:49Z","fethy.faradji@infopro-digital.com"
"11/09/2026 11:15:26","Bureau/export_synchro_sim_202410/rattrapage manuelle/publications_avis_rattrapage.xlsx","5.0","2024-11-20T09:22:39Z","fethy.faradji@infopro-digital.com"
"11/09/2026 11:15:27","Bureau/export_synchro_sim_202410/rattrapage manuelle/publications_avis_rattrapage.xlsx","6.0","2024-11-20T09:36:40Z","fethy.faradji@infopro-digital.com"
"11/09/2026 11:15:29","Bureau/export_synchro_sim_202410/rattrapage manuelle/publications_avis_rattrapage.xlsx","7.0","2024-11-20T09:42:10Z","fethy.faradji@infopro-digital.com"
"11/09/2026 11:15:30","Bureau/export_synchro_sim_202410/rattrapage manuelle/publications_avis_rattrapage.xlsx","8.0","2024-11-20T09:52:20Z","fethy.faradji@infopro-digital.com"
"11/09/2026 11:15:31","Bureau/export_synchro_sim_202410/rattrapage manuelle/publications_avis_rattrapage.xlsx","9.0","2024-11-20T10:25:07Z","fethy.faradji@infopro-digital.com"
"11/09/2026 11:15:32","Bureau/export_synchro_sim_202410/rattrapage manuelle/publications_avis_rattrapage.xlsx","10.0","2024-11-20T10:42:36Z","fethy.faradji@infopro-digital.com"
"11/09/2026 11:15:34","Bureau/export_synchro_sim_202410/rattrapage manuelle/publications_avis_rattrapage.xlsx","11.0","2024-11-20T10:51:54Z","fethy.faradji@infopro-digital.com"
"11/09/2026 11:15:35","Bureau/export_synchro_sim_202410/rattrapage manuelle/publications_avis_rattrapage.xlsx","12.0","2024-11-20T13:13:48Z","fethy.faradji@infopro-digital.com"
"11/09/2026 11:15:36","Bureau/export_synchro_sim_202410/rattrapage manuelle/publications_avis_rattrapage.xlsx","13.0","2024-11-20T13:25:25Z","fethy.faradji@infopro-digital.com"
"11/09/2026 11:15:37","Bureau/export_synchro_sim_202410/rattrapage manuelle/publications_avis_rattrapage.xlsx","14.0","2024-11-20T13:37:11Z","fethy.faradji@infopro-digital.com"
"11/09/2026 11:15:38","Bureau/export_synchro_sim_202410/rattrapage manuelle/publications_avis_rattrapage.xlsx","15.0","2024-11-20T13:41:26Z","fethy.faradji@infopro-digital.com"
"11/09/2026 11:15:39","Bureau/export_synchro_sim_202410/rattrapage manuelle/publications_avis_rattrapage.xlsx","16.0","2024-11-20T13:54:04Z","fethy.faradji@infopro-digital.com"
"11/09/2026 11:15:40","Bureau/export_synchro_sim_202410/rattrapage manuelle/publications_avis_rattrapage.xlsx","17.0","2024-11-20T14:06:30Z","fethy.faradji@infopro-digital.com"
"11/09/2026 11:15:41","Bureau/export_synchro_sim_202410/rattrapage manuelle/publications_avis_rattrapage.xlsx","18.0","2024-11-20T14:15:34Z","fethy.faradji@infopro-digital.com"
"11/09/2026 11:15:43","Bureau/export_synchro_sim_202410/rattrapage manuelle/publications_avis_rattrapage.xlsx","19.0","2024-11-20T14:20:31Z","fethy.faradji@infopro-digital.com"
"11/09/2026 11:15:44","Bureau/export_synchro_sim_202410/rattrapage manuelle/publications_avis_rattrapage.xlsx","20.0","2024-11-20T14:34:47Z","fethy.faradji@infopro-digital.com"
"11/09/2026 11:15:45","Bureau/export_synchro_sim_202410/rattrapage manuelle/publications_avis_rattrapage.xlsx","21.0","2024-11-20T14:53:15Z","fethy.faradji@infopro-digital.com"
"11/09/2026 11:15:47","Bureau/export_synchro_sim_202410/rattrapage manuelle/publications_avis_rattrapage.xlsx","22.0","2024-11-20T15:05:11Z","fethy.faradji@infopro-digital.com"
"11/09/2026 11:15:48","Bureau/export_synchro_sim_202410/rattrapage manuelle/publications_avis_rattrapage.xlsx","23.0","2024-11-20T15:11:11Z","fethy.faradji@infopro-digital.com"
"11/09/2026 11:15:49","Bureau/export_synchro_sim_202410/rattrapage manuelle/publications_avis_rattrapage.xlsx","24.0","2024-11-20T16:00:27Z","fethy.faradji@infopro-digital.com"
"11/09/2026 11:15:53","Bureau/export_synchro_sim_202410/rattrapage manuelle/publications_from_bim.csv","1.0","2024-11-19T10:44:49Z","fethy.faradji@infopro-digital.com"
"11/09/2026 11:15:55","Bureau/export_synchro_sim_202410/rattrapage manuelle/publications_from_bim.csv","2.0","2024-11-19T14:28:24Z","fethy.faradji@infopro-digital.com"
"11/09/2026 11:16:00","Bureau/export_synchro_sim_202410/rattrapage manuelle/publications_rattrapage.csv","1.0","2024-11-19T14:28:59Z","fethy.faradji@infopro-digital.com"
"11/09/2026 11:16:05","Bureau/export_synchro_sim_202410/rattrapage manuelle/recette - SVC_SIM_SF~1.sql","1.0","2024-11-14T13:41:46Z","fethy.faradji@infopro-digital.com"
"11/09/2026 11:16:10","Bureau/export_synchro_sim_202410/rattrapage manuelle/recette - SVC_SIM_SF~32.sql","1.0","2024-11-14T13:41:41Z","fethy.faradji@infopro-digital.com"
"11/09/2026 11:16:15","Bureau/export_synchro_sim_202410/rattrapage manuelle/travail.xlsx","1.0","2024-11-19T14:30:01Z","fethy.faradji@infopro-digital.com"
"11/09/2026 11:16:19","Bureau/export_synchro_sim_202410/rattrapage manuelle/update avis.sql","1.0","2024-11-14T13:40:39Z","fethy.faradji@infopro-digital.com"
"11/09/2026 11:16:24","Bureau/export_synchro_sim_202410/avic_sans_date.csv","1.0","2024-10-31T13:09:20Z","fethy.faradji@infopro-digital.com"
"11/09/2026 11:16:29","Bureau/export_synchro_sim_202410/avic_sans_date.txt","1.0","2024-10-31T12:56:29Z","fethy.faradji@infopro-digital.com"
"11/09/2026 11:16:32","Bureau/export_synchro_sim_202410/avic_sans_date.txt","2.0","2024-10-31T13:01:48Z","fethy.faradji@infopro-digital.com"
"11/09/2026 11:16:37","Bureau/export_synchro_sim_202410/avis__c.csv","1.0","2024-10-18T08:14:03Z","fethy.faradji@infopro-digital.com"
"11/09/2026 11:16:44","Bureau/export_synchro_sim_202410/avis__c.csv","2.0","2024-10-18T08:36:22Z","fethy.faradji@infopro-digital.com"
"11/09/2026 11:16:55","Bureau/export_synchro_sim_202410/avis__c.csv","3.0","2024-10-18T08:38:23Z","fethy.faradji@infopro-digital.com"
"11/09/2026 11:17:01","Bureau/export_synchro_sim_202410/avis__c.csv","4.0","2024-10-18T08:50:43Z","fethy.faradji@infopro-digital.com"
"11/09/2026 11:17:08","Bureau/export_synchro_sim_202410/avis__c.csv","5.0","2024-10-21T08:31:57Z","fethy.faradji@infopro-digital.com"
"11/09/2026 11:17:21","Bureau/export_synchro_sim_202410/avis__c_2.csv","1.0","2024-10-29T09:00:20Z","fethy.faradji@infopro-digital.com"
"11/09/2026 11:17:26","Bureau/export_synchro_sim_202410/avis__c_R.csv","1.0","2024-11-04T09:00:49Z","fethy.faradji@infopro-digital.com"
"11/09/2026 11:17:33","Bureau/export_synchro_sim_202410/delete_avis__c.csv","1.0","2024-10-29T14:26:00Z","fethy.faradji@infopro-digital.com"
"11/09/2026 11:17:38","Bureau/export_synchro_sim_202410/erreur_facture.xls","1.0","2024-10-23T07:24:14Z","fethy.faradji@infopro-digital.com"
"11/09/2026 11:17:42","Bureau/export_synchro_sim_202410/Facture__c.csv","1.0","2024-10-23T06:56:24Z","fethy.faradji@infopro-digital.com"
"11/09/2026 11:17:47","Bureau/export_synchro_sim_202410/id_avis_date_pourrie","1.0","2024-11-06T15:51:04Z","fethy.faradji@infopro-digital.com"
"11/09/2026 11:17:52","Bureau/export_synchro_sim_202410/id_avis_date_pourrie.csv","1.0","2024-11-06T15:53:01Z","fethy.faradji@infopro-digital.com"
"11/09/2026 11:17:54","Bureau/export_synchro_sim_202410/id_avis_date_pourrie.csv","2.0","2024-11-06T15:55:53Z","fethy.faradji@infopro-digital.com"
"11/09/2026 11:17:58","Bureau/export_synchro_sim_202410/id_avis_date_pourrie.txt","1.0","2024-11-06T15:52:18Z","fethy.faradji@infopro-digital.com"
"11/09/2026 11:18:04","Bureau/export_synchro_sim_202410/id_avis_importé.csv","1.0","2024-10-21T11:58:34Z","fethy.faradji@infopro-digital.com"
"11/09/2026 11:18:09","Bureau/export_synchro_sim_202410/id_Order.csv","1.0","2024-11-05T13:44:37Z","fethy.faradji@infopro-digital.com"
"11/09/2026 11:18:13","Bureau/export_synchro_sim_202410/id_publications.csv","1.0","2024-11-05T13:17:27Z","fethy.faradji@infopro-digital.com"
"11/09/2026 11:18:18","Bureau/export_synchro_sim_202410/id_publications_importé.csv","1.0","2024-11-04T13:11:43Z","fethy.faradji@infopro-digital.com"
"11/09/2026 11:18:29","Bureau/export_synchro_sim_202410/Order_2.csv","1.0","2024-11-05T13:59:09Z","fethy.faradji@infopro-digital.com"
"11/09/2026 11:18:34","Bureau/export_synchro_sim_202410/Order_importée.csv","1.0","2024-10-23T06:46:41Z","fethy.faradji@infopro-digital.com"
"11/09/2026 11:18:39","Bureau/export_synchro_sim_202410/publication__c_R.csv","1.0","2024-11-04T10:33:16Z","fethy.faradji@infopro-digital.com"
"11/09/2026 11:18:44","Bureau/export_synchro_sim_202410/publication_statut.csv","1.0","2024-11-05T15:48:14Z","fethy.faradji@infopro-digital.com"
"11/09/2026 11:18:56","Bureau/export_synchro_sim_202410/publication_statut.txt","1.0","2024-11-05T15:47:54Z","fethy.faradji@infopro-digital.com"
"11/09/2026 11:19:08","Bureau/export_synchro_sim_202410/publications__c.csv","1.0","2024-10-22T08:04:14Z","fethy.faradji@infopro-digital.com"
"11/09/2026 11:19:17","Bureau/export_synchro_sim_202410/publications__c_importée.csv","1.0","2024-10-23T06:40:16Z","fethy.faradji@infopro-digital.com"
"11/09/2026 11:19:23","Bureau/export_synchro_sim_202410/publications__c_rattrapage.csv","1.0","2024-10-22T15:30:40Z","fethy.faradji@infopro-digital.com"
"11/09/2026 11:19:25","Bureau/export_synchro_sim_202410/publications__c_rattrapage.csv","2.0","2024-10-22T15:33:02Z","fethy.faradji@infopro-digital.com"
"11/09/2026 11:19:29","Bureau/export_synchro_sim_202410/publications_non_dispo.csv","1.0","2024-11-05T10:41:27Z","fethy.faradji@infopro-digital.com"
"11/09/2026 11:19:35","Bureau/export_synchro_sim_202410/ref_compte.csv","1.0","2024-11-07T10:08:20Z","fethy.faradji@infopro-digital.com"
"11/09/2026 11:19:41","Bureau/export_synchro_sim_202410/referentiel.csv","1.0","2024-10-29T15:16:28Z","fethy.faradji@infopro-digital.com"
"11/09/2026 11:19:55","Bureau/export_synchro_sim_202410/referentiel_2.csv","1.0","2024-10-31T13:19:07Z","fethy.faradji@infopro-digital.com"
"11/09/2026 11:20:05","Bureau/export_synchro_sim_202410/reférentielle_last.csv","1.0","2024-11-07T09:46:29Z","fethy.faradji@infopro-digital.com"
"11/09/2026 11:20:19","Bureau/export_synchro_sim_202410/supp_publications.csv","1.0","2024-10-29T13:47:25Z","fethy.faradji@infopro-digital.com"
"11/09/2026 11:20:25","Bureau/export_synchro_sim_202410/update_avis_date_de_creation__c.csv","1.0","2024-10-31T14:35:37Z","fethy.faradji@infopro-digital.com"
"11/09/2026 11:20:27","Bureau/export_synchro_sim_202410/update_avis_date_de_creation__c.csv","2.0","2024-10-31T15:28:32Z","fethy.faradji@infopro-digital.com"
"11/09/2026 11:20:32","Bureau/export_synchro_sim_202410/update_publications__c.csv","1.0","2024-11-06T10:17:44Z","fethy.faradji@infopro-digital.com"
"11/09/2026 11:20:33","Bureau/export_synchro_sim_202410/update_publications__c.csv","2.0","2024-11-06T13:47:01Z","fethy.faradji@infopro-digital.com"
"11/09/2026 11:20:38","Bureau/INFOPRO DIGITAL (Prod)_files/1-easyvista-dependencies-bundle.min.js.téléchargement","1.0","2025-01-27T10:24:13Z","fethy.faradji@infopro-digital.com"
"11/09/2026 11:20:43","Bureau/INFOPRO DIGITAL (Prod)_files/2-evsm-dependencies-bundle.min.css","1.0","2025-01-27T10:24:07Z","fethy.faradji@infopro-digital.com"
"11/09/2026 11:20:49","Bureau/INFOPRO DIGITAL (Prod)_files/2-evsm-dependencies-bundle.min.js.téléchargement","1.0","2025-01-27T10:24:13Z","fethy.faradji@infopro-digital.com"
"11/09/2026 11:20:54","Bureau/INFOPRO DIGITAL (Prod)_files/3-easyvista-bundle.min.css","1.0","2025-01-27T10:24:07Z","fethy.faradji@infopro-digital.com"
"11/09/2026 11:20:59","Bureau/INFOPRO DIGITAL (Prod)_files/3-easyvista-bundle.min.js.téléchargement","1.0","2025-01-27T10:24:13Z","fethy.faradji@infopro-digital.com"
"11/09/2026 11:21:04","Bureau/INFOPRO DIGITAL (Prod)_files/4-evsm-bundle.min.css","1.0","2025-01-27T10:24:07Z","fethy.faradji@infopro-digital.com"
"11/09/2026 11:21:10","Bureau/INFOPRO DIGITAL (Prod)_files/4-evsm-bundle.min.js.téléchargement","1.0","2025-01-27T10:24:13Z","fethy.faradji@infopro-digital.com"
"11/09/2026 11:21:15","Bureau/INFOPRO DIGITAL (Prod)_files/5-evsm-next-bundle.min.js.téléchargement","1.0","2025-01-27T10:24:13Z","fethy.faradji@infopro-digital.com"
"11/09/2026 11:21:20","Bureau/INFOPRO DIGITAL (Prod)_files/6-optimized-bundle.min.css","1.0","2025-01-27T10:24:07Z","fethy.faradji@infopro-digital.com"
"11/09/2026 11:21:26","Bureau/INFOPRO DIGITAL (Prod)_files/6-optimized-bundle.min.js.téléchargement","1.0","2025-01-27T10:24:13Z","fethy.faradji@infopro-digital.com"
"11/09/2026 11:21:31","Bureau/INFOPRO DIGITAL (Prod)_files/7-notifications-client-bundle.min.css","1.0","2025-01-27T10:24:08Z","fethy.faradji@infopro-digital.com"
"11/09/2026 11:21:36","Bureau/INFOPRO DIGITAL (Prod)_files/7-notifications-client-bundle.min.js.téléchargement","1.0","2025-01-27T10:24:14Z","fethy.faradji@infopro-digital.com"
"11/09/2026 11:21:41","Bureau/INFOPRO DIGITAL (Prod)_files/8-ui-ux-bundle.min.css","1.0","2025-01-27T10:24:08Z","fethy.faradji@infopro-digital.com"
"11/09/2026 11:21:47","Bureau/INFOPRO DIGITAL (Prod)_files/9-themes-bundle.min.css","1.0","2025-01-27T10:24:08Z","fethy.faradji@infopro-digital.com"
"11/09/2026 11:21:52","Bureau/INFOPRO DIGITAL (Prod)_files/add-ico.png","1.0","2025-01-27T10:24:16Z","fethy.faradji@infopro-digital.com"
"11/09/2026 11:21:58","Bureau/INFOPRO DIGITAL (Prod)_files/anychart-bundle.min.js.téléchargement","1.0","2025-01-27T10:24:09Z","fethy.faradji@infopro-digital.com"
"11/09/2026 11:22:04","Bureau/INFOPRO DIGITAL (Prod)_files/codemirror-bundle.min.js.téléchargement","1.0","2025-01-27T10:24:09Z","fethy.faradji@infopro-digital.com"
"11/09/2026 11:22:10","Bureau/INFOPRO DIGITAL (Prod)_files/common.js.téléchargement","1.0","2025-01-27T10:24:12Z","fethy.faradji@infopro-digital.com"
"11/09/2026 11:22:16","Bureau/INFOPRO DIGITAL (Prod)_files/core-js-bundle.min.js.téléchargement","1.0","2025-01-27T10:24:09Z","fethy.faradji@infopro-digital.com"
"11/09/2026 11:22:23","Bureau/INFOPRO DIGITAL (Prod)_files/customer_optimized.css","1.0","2025-01-27T10:24:08Z","fethy.faradji@infopro-digital.com"
"11/09/2026 11:22:28","Bureau/INFOPRO DIGITAL (Prod)_files/datepicker-fr.js.téléchargement","1.0","2025-01-27T10:24:15Z","fethy.faradji@infopro-digital.com"
"11/09/2026 11:22:33","Bureau/INFOPRO DIGITAL (Prod)_files/dropzone-bundle.min.js.téléchargement","1.0","2025-01-27T10:24:09Z","fethy.faradji@infopro-digital.com"
"11/09/2026 11:22:39","Bureau/INFOPRO DIGITAL (Prod)_files/easyvista.ev-components.ai-pepper-front-bundle.min.js.téléchargement","1.0","2025-01-27T10:24:09Z","fethy.faradji@infopro-digital.com"
"11/09/2026 11:22:44","Bureau/INFOPRO DIGITAL (Prod)_files/easyvista.ev-components.atomic-components-bundle.min.js.téléchargement","1.0","2025-01-27T10:24:09Z","fethy.faradji@infopro-digital.com"
"11/09/2026 11:22:49","Bureau/INFOPRO DIGITAL (Prod)_files/easyvista.ev-components.client-commons-bundle.min.js.téléchargement","1.0","2025-01-27T10:24:10Z","fethy.faradji@infopro-digital.com"
"11/09/2026 11:22:55","Bureau/INFOPRO DIGITAL (Prod)_files/easyvista.ev-components.cmdb-bundle.min.js.téléchargement","1.0","2025-01-27T10:24:10Z","fethy.faradji@infopro-digital.com"
"11/09/2026 11:23:01","Bureau/INFOPRO DIGITAL (Prod)_files/easyvista.ev-components.discussion-bundle.min.js.téléchargement","1.0","2025-01-27T10:24:10Z","fethy.faradji@infopro-digital.com"
"11/09/2026 11:23:07","Bureau/INFOPRO DIGITAL (Prod)_files/easyvista.ev-components.ev-ai-bundle.min.js.téléchargement","1.0","2025-01-27T10:24:10Z","fethy.faradji@infopro-digital.com"
"11/09/2026 11:23:12","Bureau/INFOPRO DIGITAL (Prod)_files/easyvista.ev-components.ev-generic-forms-bundle.min.js.téléchargement","1.0","2025-01-27T10:24:10Z","fethy.faradji@infopro-digital.com"
"11/09/2026 11:23:17","Bureau/INFOPRO DIGITAL (Prod)_files/easyvista.ev-components.ev-insights-bundle.min.js.téléchargement","1.0","2025-01-27T10:24:10Z","fethy.faradji@infopro-digital.com"
"11/09/2026 11:23:24","Bureau/INFOPRO DIGITAL (Prod)_files/easyvista.ev-components.ev-wysiwyg-bundle.min.js.téléchargement","1.0","2025-01-27T10:24:10Z","fethy.faradji@infopro-digital.com"
"11/09/2026 11:23:30","Bureau/INFOPRO DIGITAL (Prod)_files/easyvista.ev-components.theme-management-bundle.min.js.téléchargement","1.0","2025-01-27T10:24:11Z","fethy.faradji@infopro-digital.com"
"11/09/2026 11:23:35","Bureau/INFOPRO DIGITAL (Prod)_files/easyvista.ev-grid-bundle.min.js.téléchargement","1.0","2025-01-27T10:24:11Z","fethy.faradji@infopro-digital.com"
"11/09/2026 11:23:42","Bureau/INFOPRO DIGITAL (Prod)_files/employee","1.0","2025-01-27T10:24:14Z","fethy.faradji@infopro-digital.com"
"11/09/2026 11:23:47","Bureau/INFOPRO DIGITAL (Prod)_files/form-bundle.min.css","1.0","2025-01-27T10:24:14Z","fethy.faradji@infopro-digital.com"
"11/09/2026 11:23:53","Bureau/INFOPRO DIGITAL (Prod)_files/form-bundle.min.js.téléchargement","1.0","2025-01-27T10:24:15Z","fethy.faradji@infopro-digital.com"
"11/09/2026 11:23:58","Bureau/INFOPRO DIGITAL (Prod)_files/form-widget-bundle.min.css","1.0","2025-01-27T10:24:08Z","fethy.faradji@infopro-digital.com"
"11/09/2026 11:24:04","Bureau/INFOPRO DIGITAL (Prod)_files/form-widget-bundle.min.js.téléchargement","1.0","2025-01-27T10:24:15Z","fethy.faradji@infopro-digital.com"
"11/09/2026 11:24:09","Bureau/INFOPRO DIGITAL (Prod)_files/grid-bundle.min.css","1.0","2025-01-27T10:24:14Z","fethy.faradji@infopro-digital.com"
"11/09/2026 11:24:14","Bureau/INFOPRO DIGITAL (Prod)_files/grid-bundle.min.js.téléchargement","1.0","2025-01-27T10:24:15Z","fethy.faradji@infopro-digital.com"
"11/09/2026 11:24:20","Bureau/INFOPRO DIGITAL (Prod)_files/jquery.discussionWidget.js.téléchargement","1.0","2025-01-27T10:24:14Z","fethy.faradji@infopro-digital.com"
"11/09/2026 11:24:26","Bureau/INFOPRO DIGITAL (Prod)_files/jquery-bundle.min.js.téléchargement","1.0","2025-01-27T10:24:11Z","fethy.faradji@infopro-digital.com"
"11/09/2026 11:24:32","Bureau/INFOPRO DIGITAL (Prod)_files/jquery-ui-bundle.min.js.téléchargement","1.0","2025-01-27T10:24:11Z","fethy.faradji@infopro-digital.com"
"11/09/2026 11:24:37","Bureau/INFOPRO DIGITAL (Prod)_files/jquery-ui-timepicker-fr.js.téléchargement","1.0","2025-01-27T10:24:15Z","fethy.faradji@infopro-digital.com"
"11/09/2026 11:24:43","Bureau/INFOPRO DIGITAL (Prod)_files/logo_ezv.png","1.0","2025-01-27T10:24:14Z","fethy.faradji@infopro-digital.com"
"11/09/2026 11:24:49","Bureau/INFOPRO DIGITAL (Prod)_files/pointille-horizontaux2px.png","1.0","2025-01-27T10:24:15Z","fethy.faradji@infopro-digital.com"
"11/09/2026 11:24:54","Bureau/INFOPRO DIGITAL (Prod)_files/popperjs-bundle.min.js.téléchargement","1.0","2025-01-27T10:24:11Z","fethy.faradji@infopro-digital.com"
"11/09/2026 11:24:59","Bureau/INFOPRO DIGITAL (Prod)_files/react-bootstrap-bundle.min.js.téléchargement","1.0","2025-01-27T10:24:12Z","fethy.faradji@infopro-digital.com"
"11/09/2026 11:25:04","Bureau/INFOPRO DIGITAL (Prod)_files/react-dom-bundle.min.js.téléchargement","1.0","2025-01-27T10:24:12Z","fethy.faradji@infopro-digital.com"
"11/09/2026 11:25:09","Bureau/INFOPRO DIGITAL (Prod)_files/react-overlays-bundle.min.js.téléchargement","1.0","2025-01-27T10:24:12Z","fethy.faradji@infopro-digital.com"
"11/09/2026 11:25:14","Bureau/INFOPRO DIGITAL (Prod)_files/react-property-bundle.min.js.téléchargement","1.0","2025-01-27T10:24:12Z","fethy.faradji@infopro-digital.com"
"11/09/2026 11:25:19","Bureau/INFOPRO DIGITAL (Prod)_files/runtime-bundle.min.js.téléchargement","1.0","2025-01-27T10:24:12Z","fethy.faradji@infopro-digital.com"
"11/09/2026 11:25:25","Bureau/INFOPRO DIGITAL (Prod)_files/servicerequest.png","1.0","2025-01-27T10:24:16Z","fethy.faradji@infopro-digital.com"
"11/09/2026 11:25:31","Bureau/INFOPRO DIGITAL (Prod)_files/themeManagement-bundle.min.css","1.0","2025-01-27T10:24:06Z","fethy.faradji@infopro-digital.com"
"11/09/2026 11:25:36","Bureau/INFOPRO DIGITAL (Prod)_files/themeManagement-bundle.min.js.téléchargement","1.0","2025-01-27T10:24:14Z","fethy.faradji@infopro-digital.com"
"11/09/2026 11:25:42","Bureau/INFOPRO DIGITAL (Prod)_files/th-list.png","1.0","2025-01-27T10:24:16Z","fethy.faradji@infopro-digital.com"
"11/09/2026 11:25:47","Bureau/INFOPRO DIGITAL (Prod)_files/tinymce.min.js.téléchargement","1.0","2025-01-27T10:24:16Z","fethy.faradji@infopro-digital.com"
"11/09/2026 11:25:52","Bureau/INFOPRO DIGITAL (Prod)_files/tinymce-bundle.min.js.téléchargement","1.0","2025-01-27T10:24:12Z","fethy.faradji@infopro-digital.com"
"11/09/2026 11:25:58","Bureau/INFOPRO DIGITAL (Prod)_files/workorder.png","1.0","2025-01-27T10:24:16Z","fethy.faradji@infopro-digital.com"
"11/09/2026 11:26:03","Bureau/jira 555/ALIM_TABLE_SF.pls","1.0","2025-04-04T12:31:09Z","fethy.faradji@infopro-digital.com"
"11/09/2026 11:26:07","Bureau/jira 555/update_id_seuil.sql","1.0","2025-04-04T12:31:28Z","fethy.faradji@infopro-digital.com"
"11/09/2026 11:26:10","Bureau/jira 555/update_id_seuil.sql","2.0","2025-04-04T12:31:35Z","fethy.faradji@infopro-digital.com"
"11/09/2026 11:26:14","Bureau/Les Contes de la decrypt/LesContesDECRYPTE.exe","1.0","2025-03-27T08:57:06Z","fethy.faradji@infopro-digital.com"
"11/09/2026 11:26:19","Bureau/Les Contes de la decrypt/LesContesDECRYPTE.exe.config","1.0","2025-03-26T15:30:56Z","fethy.faradji@infopro-digital.com"
"11/09/2026 11:26:24","Bureau/Les Contes de la decrypt/LesContesDECRYPTE.pdb","1.0","2025-03-27T08:57:06Z","fethy.faradji@infopro-digital.com"
"11/09/2026 11:26:30","Bureau/livraisonKPI 20250428/Nouveau dossier/bin/fr/System.Web.Helpers.resources.dll","1.0","2022-05-27T23:36:48Z","fethy.faradji@infopro-digital.com"
"11/09/2026 11:26:35","Bureau/livraisonKPI 20250428/Nouveau dossier/bin/fr/System.Web.Mvc.resources.dll","1.0","2022-05-27T23:37:20Z","fethy.faradji@infopro-digital.com"
"11/09/2026 11:26:39","Bureau/livraisonKPI 20250428/Nouveau dossier/bin/fr/System.Web.Optimization.resources.dll","1.0","2014-02-11T15:28:42Z","fethy.faradji@infopro-digital.com"
"11/09/2026 11:26:44","Bureau/livraisonKPI 20250428/Nouveau dossier/bin/fr/System.Web.Razor.resources.dll","1.0","2022-05-27T23:36:48Z","fethy.faradji@infopro-digital.com"
"11/09/2026 11:26:48","Bureau/livraisonKPI 20250428/Nouveau dossier/bin/fr/System.Web.WebPages.Deployment.resources.dll","1.0","2022-05-27T23:37:06Z","fethy.faradji@infopro-digital.com"
"11/09/2026 11:26:52","Bureau/livraisonKPI 20250428/Nouveau dossier/bin/fr/System.Web.WebPages.Razor.resources.dll","1.0","2022-05-27T23:37:08Z","fethy.faradji@infopro-digital.com"
"11/09/2026 11:26:57","Bureau/livraisonKPI 20250428/Nouveau dossier/bin/fr/System.Web.WebPages.resources.dll","1.0","2022-05-27T23:37:08Z","fethy.faradji@infopro-digital.com"
"11/09/2026 11:27:02","Bureau/livraisonKPI 20250428/Nouveau dossier/bin/roslyn/csc.exe","1.0","2018-08-08T04:38:48Z","fethy.faradji@infopro-digital.com"
"11/09/2026 11:27:06","Bureau/livraisonKPI 20250428/Nouveau dossier/bin/roslyn/csc.exe.config","1.0","2018-08-08T11:18:12Z","fethy.faradji@infopro-digital.com"
"11/09/2026 11:27:10","Bureau/livraisonKPI 20250428/Nouveau dossier/bin/roslyn/csc.rsp","1.0","2018-08-08T11:09:42Z","fethy.faradji@infopro-digital.com"
"11/09/2026 11:27:14","Bureau/livraisonKPI 20250428/Nouveau dossier/bin/roslyn/csi.exe","1.0","2018-08-08T04:38:48Z","fethy.faradji@infopro-digital.com"
"11/09/2026 11:27:18","Bureau/livraisonKPI 20250428/Nouveau dossier/bin/roslyn/csi.exe.config","1.0","2018-08-08T11:18:34Z","fethy.faradji@infopro-digital.com"
"11/09/2026 11:27:22","Bureau/livraisonKPI 20250428/Nouveau dossier/bin/roslyn/csi.rsp","1.0","2018-08-08T11:09:56Z","fethy.faradji@infopro-digital.com"
"11/09/2026 11:27:26","Bureau/livraisonKPI 20250428/Nouveau dossier/bin/roslyn/Microsoft.Build.Tasks.CodeAnalysis.dll","1.0","2018-08-08T04:38:48Z","fethy.faradji@infopro-digital.com"
"11/09/2026 11:27:30","Bureau/livraisonKPI 20250428/Nouveau dossier/bin/roslyn/Microsoft.CodeAnalysis.CSharp.dll","1.0","2018-08-08T04:38:48Z","fethy.faradji@infopro-digital.com"
"11/09/2026 11:27:35","Bureau/livraisonKPI 20250428/Nouveau dossier/bin/roslyn/Microsoft.CodeAnalysis.CSharp.Scripting.dll","1.0","2018-08-08T04:38:48Z","fethy.faradji@infopro-digital.com"
"11/09/2026 11:27:38","Bureau/livraisonKPI 20250428/Nouveau dossier/bin/roslyn/Microsoft.CodeAnalysis.dll","1.0","2018-08-08T04:38:48Z","fethy.faradji@infopro-digital.com"
"11/09/2026 11:27:43","Bureau/livraisonKPI 20250428/Nouveau dossier/bin/roslyn/Microsoft.CodeAnalysis.Scripting.dll","1.0","2018-08-08T04:38:48Z","fethy.faradji@infopro-digital.com"
"11/09/2026 11:27:46","Bureau/livraisonKPI 20250428/Nouveau dossier/bin/roslyn/Microsoft.CodeAnalysis.VisualBasic.dll","1.0","2018-08-08T04:38:48Z","fethy.faradji@infopro-digital.com"
"11/09/2026 11:27:52","Bureau/livraisonKPI 20250428/Nouveau dossier/bin/roslyn/Microsoft.CSharp.Core.targets","1.0","2018-08-08T11:09:42Z","fethy.faradji@infopro-digital.com"
"11/09/2026 11:27:56","Bureau/livraisonKPI 20250428/Nouveau dossier/bin/roslyn/Microsoft.DiaSymReader.Native.amd64.dll","1.0","2017-12-05T08:36:44Z","fethy.faradji@infopro-digital.com"
"11/09/2026 11:28:00","Bureau/livraisonKPI 20250428/Nouveau dossier/bin/roslyn/Microsoft.DiaSymReader.Native.x86.dll","1.0","2017-12-05T08:36:44Z","fethy.faradji@infopro-digital.com"
"11/09/2026 11:28:05","Bureau/livraisonKPI 20250428/Nouveau dossier/bin/roslyn/Microsoft.Managed.Core.targets","1.0","2018-08-08T11:09:42Z","fethy.faradji@infopro-digital.com"
"11/09/2026 11:28:10","Bureau/livraisonKPI 20250428/Nouveau dossier/bin/roslyn/Microsoft.VisualBasic.Core.targets","1.0","2018-08-08T11:09:42Z","fethy.faradji@infopro-digital.com"
"11/09/2026 11:28:15","Bureau/livraisonKPI 20250428/Nouveau dossier/bin/roslyn/Microsoft.Win32.Primitives.dll","1.0","2016-11-05T17:55:32Z","fethy.faradji@infopro-digital.com"
"11/09/2026 11:28:20","Bureau/livraisonKPI 20250428/Nouveau dossier/bin/roslyn/System.AppContext.dll","1.0","2016-11-05T17:55:34Z","fethy.faradji@infopro-digital.com"
"11/09/2026 11:28:24","Bureau/livraisonKPI 20250428/Nouveau dossier/bin/roslyn/System.Collections.Immutable.dll","1.0","2018-05-16T02:29:34Z","fethy.faradji@infopro-digital.com"
"11/09/2026 11:28:29","Bureau/livraisonKPI 20250428/Nouveau dossier/bin/roslyn/System.Console.dll","1.0","2016-11-05T17:55:48Z","fethy.faradji@infopro-digital.com"
"11/09/2026 11:28:33","Bureau/livraisonKPI 20250428/Nouveau dossier/bin/roslyn/System.Diagnostics.DiagnosticSource.dll","1.0","2016-11-05T17:55:52Z","fethy.faradji@infopro-digital.com"
"11/09/2026 11:28:37","Bureau/livraisonKPI 20250428/Nouveau dossier/bin/roslyn/System.Diagnostics.FileVersionInfo.dll","1.0","2016-11-05T17:55:56Z","fethy.faradji@infopro-digital.com"
"11/09/2026 11:28:41","Bureau/livraisonKPI 20250428/Nouveau dossier/bin/roslyn/System.Diagnostics.StackTrace.dll","1.0","2016-11-05T17:55:52Z","fethy.faradji@infopro-digital.com"
"11/09/2026 11:28:44","Bureau/livraisonKPI 20250428/Nouveau dossier/bin/roslyn/System.Globalization.Calendars.dll","1.0","2016-11-05T17:56:02Z","fethy.faradji@infopro-digital.com"
"11/09/2026 11:28:48","Bureau/livraisonKPI 20250428/Nouveau dossier/bin/roslyn/System.IO.Compression.dll","1.0","2016-11-05T17:56:08Z","fethy.faradji@infopro-digital.com"
"11/09/2026 11:28:51","Bureau/livraisonKPI 20250428/Nouveau dossier/bin/roslyn/System.IO.Compression.ZipFile.dll","1.0","2016-11-05T17:56:04Z","fethy.faradji@infopro-digital.com"
"11/09/2026 11:28:56","Bureau/livraisonKPI 20250428/Nouveau dossier/bin/roslyn/System.IO.FileSystem.dll","1.0","2016-11-05T17:56:08Z","fethy.faradji@infopro-digital.com"
"11/09/2026 11:28:59","Bureau/livraisonKPI 20250428/Nouveau dossier/bin/roslyn/System.IO.FileSystem.Primitives.dll","1.0","2016-11-05T17:56:08Z","fethy.faradji@infopro-digital.com"
"11/09/2026 11:29:03","Bureau/livraisonKPI 20250428/Nouveau dossier/bin/roslyn/System.Net.Http.dll","1.0","2016-11-05T17:56:30Z","fethy.faradji@infopro-digital.com"
"11/09/2026 11:29:07","Bureau/livraisonKPI 20250428/Nouveau dossier/bin/roslyn/System.Net.Sockets.dll","1.0","2016-11-05T17:56:34Z","fethy.faradji@infopro-digital.com"
"11/09/2026 11:29:11","Bureau/livraisonKPI 20250428/Nouveau dossier/bin/roslyn/System.Reflection.Metadata.dll","1.0","2018-05-16T02:29:44Z","fethy.faradji@infopro-digital.com"
"11/09/2026 11:29:15","Bureau/livraisonKPI 20250428/Nouveau dossier/bin/roslyn/System.Runtime.InteropServices.RuntimeInformation.dll","1.0","2016-11-05T17:57:00Z","fethy.faradji@infopro-digital.com"
"11/09/2026 11:29:18","Bureau/livraisonKPI 20250428/Nouveau dossier/bin/roslyn/System.Security.Cryptography.Algorithms.dll","1.0","2016-11-05T17:57:14Z","fethy.faradji@infopro-digital.com"
"11/09/2026 11:29:22","Bureau/livraisonKPI 20250428/Nouveau dossier/bin/roslyn/System.Security.Cryptography.Encoding.dll","1.0","2016-11-05T17:57:08Z","fethy.faradji@infopro-digital.com"
"11/09/2026 11:29:26","Bureau/livraisonKPI 20250428/Nouveau dossier/bin/roslyn/System.Security.Cryptography.Primitives.dll","1.0","2016-11-05T17:57:18Z","fethy.faradji@infopro-digital.com"
"11/09/2026 11:29:30","Bureau/livraisonKPI 20250428/Nouveau dossier/bin/roslyn/System.Security.Cryptography.X509Certificates.dll","1.0","2016-11-05T17:57:18Z","fethy.faradji@infopro-digital.com"
"11/09/2026 11:29:34","Bureau/livraisonKPI 20250428/Nouveau dossier/bin/roslyn/System.Text.Encoding.CodePages.dll","1.0","2016-11-05T17:57:20Z","fethy.faradji@infopro-digital.com"
"11/09/2026 11:29:37","Bureau/livraisonKPI 20250428/Nouveau dossier/bin/roslyn/System.Threading.Tasks.Extensions.dll","1.0","2016-11-05T17:57:24Z","fethy.faradji@infopro-digital.com"
"11/09/2026 11:29:41","Bureau/livraisonKPI 20250428/Nouveau dossier/bin/roslyn/System.ValueTuple.dll","1.0","2016-11-05T17:57:30Z","fethy.faradji@infopro-digital.com"
"11/09/2026 11:29:44","Bureau/livraisonKPI 20250428/Nouveau dossier/bin/roslyn/System.Xml.ReaderWriter.dll","1.0","2016-11-05T17:57:36Z","fethy.faradji@infopro-digital.com"
"11/09/2026 11:29:48","Bureau/livraisonKPI 20250428/Nouveau dossier/bin/roslyn/System.Xml.XmlDocument.dll","1.0","2016-11-05T17:57:34Z","fethy.faradji@infopro-digital.com"
"11/09/2026 11:29:52","Bureau/livraisonKPI 20250428/Nouveau dossier/bin/roslyn/System.Xml.XPath.dll","1.0","2016-11-05T17:57:40Z","fethy.faradji@infopro-digital.com"
"11/09/2026 11:29:56","Bureau/livraisonKPI 20250428/Nouveau dossier/bin/roslyn/System.Xml.XPath.XDocument.dll","1.0","2016-11-05T17:57:34Z","fethy.faradji@infopro-digital.com"
"11/09/2026 11:30:00","Bureau/livraisonKPI 20250428/Nouveau dossier/bin/roslyn/vbc.exe","1.0","2018-08-08T04:38:48Z","fethy.faradji@infopro-digital.com"
"11/09/2026 11:30:04","Bureau/livraisonKPI 20250428/Nouveau dossier/bin/roslyn/vbc.exe.config","1.0","2018-08-08T11:18:18Z","fethy.faradji@infopro-digital.com"
"11/09/2026 11:30:08","Bureau/livraisonKPI 20250428/Nouveau dossier/bin/roslyn/vbc.rsp","1.0","2018-08-08T11:09:46Z","fethy.faradji@infopro-digital.com"
"11/09/2026 11:30:12","Bureau/livraisonKPI 20250428/Nouveau dossier/bin/roslyn/VBCSCompiler.exe","1.0","2018-08-08T04:38:48Z","fethy.faradji@infopro-digital.com"
"11/09/2026 11:30:17","Bureau/livraisonKPI 20250428/Nouveau dossier/bin/roslyn/VBCSCompiler.exe.config","1.0","2018-08-08T11:18:16Z","fethy.faradji@infopro-digital.com"
"11/09/2026 11:30:20","Bureau/livraisonKPI 20250428/Nouveau dossier/bin/Antlr3.Runtime.dll","1.0","2013-09-10T15:29:20Z","fethy.faradji@infopro-digital.com"
"11/09/2026 11:30:24","Bureau/livraisonKPI 20250428/Nouveau dossier/bin/Antlr3.Runtime.pdb","1.0","2013-09-10T15:29:20Z","fethy.faradji@infopro-digital.com"
"11/09/2026 11:30:27","Bureau/livraisonKPI 20250428/Nouveau dossier/bin/Dapper.dll","1.0","2025-02-06T12:15:40Z","fethy.faradji@infopro-digital.com"
"11/09/2026 11:30:31","Bureau/livraisonKPI 20250428/Nouveau dossier/bin/Microsoft.Bcl.AsyncInterfaces.dll","1.0","2024-12-10T21:05:40Z","fethy.faradji@infopro-digital.com"
"11/09/2026 11:30:35","Bureau/livraisonKPI 20250428/Nouveau dossier/bin/Microsoft.Bcl.HashCode.dll","1.0","2020-11-16T21:15:16Z","fethy.faradji@infopro-digital.com"
"11/09/2026 11:30:39","Bureau/livraisonKPI 20250428/Nouveau dossier/bin/Microsoft.CodeDom.Providers.DotNetCompilerPlatform.dll","1.0","2018-09-05T15:10:50Z","fethy.faradji@infopro-digital.com"
"11/09/2026 11:30:42","Bureau/livraisonKPI 20250428/Nouveau dossier/bin/Microsoft.Extensions.DependencyInjection.Abstractions.dll","1.0","2023-10-31T15:00:34Z","fethy.faradji@infopro-digital.com"
"11/09/2026 11:30:46","Bureau/livraisonKPI 20250428/Nouveau dossier/bin/Microsoft.Extensions.Logging.Abstractions.dll","1.0","2023-10-31T15:04:00Z","fethy.faradji@infopro-digital.com"
"11/09/2026 11:30:50","Bureau/livraisonKPI 20250428/Nouveau dossier/bin/Microsoft.Web.Infrastructure.dll","1.0","2022-04-11T17:09:46Z","fethy.faradji@infopro-digital.com"
"11/09/2026 11:30:54","Bureau/livraisonKPI 20250428/Nouveau dossier/bin/Newtonsoft.Json.dll","1.0","2023-03-08T05:09:56Z","fethy.faradji@infopro-digital.com"
"11/09/2026 11:30:58","Bureau/livraisonKPI 20250428/Nouveau dossier/bin/Npgsql.dll","1.0","2024-11-18T16:58:10Z","fethy.faradji@infopro-digital.com"
"11/09/2026 11:31:03","Bureau/livraisonKPI 20250428/Nouveau dossier/bin/SetupDWSecurite.dll","1.0","2025-04-25T09:07:10Z","fethy.faradji@infopro-digital.com"
"11/09/2026 11:31:07","Bureau/livraisonKPI 20250428/Nouveau dossier/bin/SetupDWSecurite.pdb","1.0","2025-04-25T09:07:10Z","fethy.faradji@infopro-digital.com"
"11/09/2026 11:31:10","Bureau/livraisonKPI 20250428/Nouveau dossier/bin/System.Buffers.dll","1.0","2020-02-19T10:05:18Z","fethy.faradji@infopro-digital.com"
"11/09/2026 11:31:13","Bureau/livraisonKPI 20250428/Nouveau dossier/bin/System.Collections.Immutable.dll","1.0","2023-10-31T15:04:34Z","fethy.faradji@infopro-digital.com"
"11/09/2026 11:31:17","Bureau/livraisonKPI 20250428/Nouveau dossier/bin/System.Diagnostics.DiagnosticSource.dll","1.0","2023-10-31T15:00:46Z","fethy.faradji@infopro-digital.com"
"11/09/2026 11:31:20","Bureau/livraisonKPI 20250428/Nouveau dossier/bin/System.Memory.dll","1.0","2022-05-08T03:31:02Z","fethy.faradji@infopro-digital.com"
"11/09/2026 11:31:24","Bureau/livraisonKPI 20250428/Nouveau dossier/bin/System.Numerics.Vectors.dll","1.0","2018-05-15T13:29:44Z","fethy.faradji@infopro-digital.com"
"11/09/2026 11:31:28","Bureau/livraisonKPI 20250428/Nouveau dossier/bin/System.Runtime.CompilerServices.Unsafe.dll","1.0","2021-10-22T23:40:18Z","fethy.faradji@infopro-digital.com"
"11/09/2026 11:31:33","Bureau/livraisonKPI 20250428/Nouveau dossier/bin/System.Text.Encodings.Web.dll","1.0","2023-10-31T15:00:28Z","fethy.faradji@infopro-digital.com"
"11/09/2026 11:31:38","Bureau/livraisonKPI 20250428/Nouveau dossier/bin/System.Text.Json.dll","1.0","2024-09-16T23:15:02Z","fethy.faradji@infopro-digital.com"
"11/09/2026 11:31:41","Bureau/livraisonKPI 20250428/Nouveau dossier/bin/System.Threading.Channels.dll","1.0","2023-10-31T15:09:50Z","fethy.faradji@infopro-digital.com"
"11/09/2026 11:31:46","Bureau/livraisonKPI 20250428/Nouveau dossier/bin/System.Threading.Tasks.Extensions.dll","1.0","2020-02-19T10:05:18Z","fethy.faradji@infopro-digital.com"
"11/09/2026 11:31:50","Bureau/livraisonKPI 20250428/Nouveau dossier/bin/System.ValueTuple.dll","1.0","2018-05-15T13:29:52Z","fethy.faradji@infopro-digital.com"
"11/09/2026 11:31:53","Bureau/livraisonKPI 20250428/Nouveau dossier/bin/System.Web.Helpers.dll","1.0","2022-05-27T21:41:54Z","fethy.faradji@infopro-digital.com"
"11/09/2026 11:31:57","Bureau/livraisonKPI 20250428/Nouveau dossier/bin/System.Web.Mvc.dll","1.0","2022-05-27T21:42:20Z","fethy.faradji@infopro-digital.com"
"11/09/2026 11:32:01","Bureau/livraisonKPI 20250428/Nouveau dossier/bin/System.Web.Optimization.dll","1.0","2014-02-11T14:26:04Z","fethy.faradji@infopro-digital.com"
"11/09/2026 11:32:04","Bureau/livraisonKPI 20250428/Nouveau dossier/bin/System.Web.Razor.dll","1.0","2022-05-27T21:42:06Z","fethy.faradji@infopro-digital.com"
"11/09/2026 11:32:08","Bureau/livraisonKPI 20250428/Nouveau dossier/bin/System.Web.WebPages.Deployment.dll","1.0","2022-05-27T21:42:46Z","fethy.faradji@infopro-digital.com"
"11/09/2026 11:32:11","Bureau/livraisonKPI 20250428/Nouveau dossier/bin/System.Web.WebPages.dll","1.0","2022-05-27T21:42:16Z","fethy.faradji@infopro-digital.com"
"11/09/2026 11:32:15","Bureau/livraisonKPI 20250428/Nouveau dossier/bin/System.Web.WebPages.Razor.dll","1.0","2022-05-27T21:42:50Z","fethy.faradji@infopro-digital.com"
"11/09/2026 11:32:19","Bureau/livraisonKPI 20250428/Nouveau dossier/bin/WebGrease.dll","1.0","2014-01-23T12:57:34Z","fethy.faradji@infopro-digital.com"
"11/09/2026 11:32:23","Bureau/livraisonKPI 20250428/Nouveau dossier/Content/bootstrap.css","1.0","2025-04-09T09:11:28Z","fethy.faradji@infopro-digital.com"
"11/09/2026 11:32:27","Bureau/livraisonKPI 20250428/Nouveau dossier/Content/bootstrap.css.map","1.0","2025-02-06T13:22:56Z","fethy.faradji@infopro-digital.com"
"11/09/2026 11:32:32","Bureau/livraisonKPI 20250428/Nouveau dossier/Content/bootstrap.min.css","1.0","2025-02-06T13:22:56Z","fethy.faradji@infopro-digital.com"
"11/09/2026 11:32:38","Bureau/livraisonKPI 20250428/Nouveau dossier/Content/bootstrap.min.css.map","1.0","2025-02-06T13:22:56Z","fethy.faradji@infopro-digital.com"
"11/09/2026 11:32:44","Bureau/livraisonKPI 20250428/Nouveau dossier/Content/bootstrap.rtl.css","1.0","2025-02-06T13:22:56Z","fethy.faradji@infopro-digital.com"
"11/09/2026 11:32:50","Bureau/livraisonKPI 20250428/Nouveau dossier/Content/bootstrap.rtl.css.map","1.0","2025-02-06T13:22:56Z","fethy.faradji@infopro-digital.com"
"11/09/2026 11:32:55","Bureau/livraisonKPI 20250428/Nouveau dossier/Content/bootstrap.rtl.min.css","1.0","2025-02-06T13:22:56Z","fethy.faradji@infopro-digital.com"
"11/09/2026 11:33:00","Bureau/livraisonKPI 20250428/Nouveau dossier/Content/bootstrap.rtl.min.css.map","1.0","2025-02-06T13:22:56Z","fethy.faradji@infopro-digital.com"
"11/09/2026 11:33:05","Bureau/livraisonKPI 20250428/Nouveau dossier/Content/bootstrap-grid.css","1.0","2025-02-06T13:22:57Z","fethy.faradji@infopro-digital.com"
"11/09/2026 11:33:10","Bureau/livraisonKPI 20250428/Nouveau dossier/Content/bootstrap-grid.css.map","1.0","2025-02-06T13:22:57Z","fethy.faradji@infopro-digital.com"
"11/09/2026 11:33:15","Bureau/livraisonKPI 20250428/Nouveau dossier/Content/bootstrap-grid.min.css","1.0","2025-02-06T13:22:57Z","fethy.faradji@infopro-digital.com"
"11/09/2026 11:33:20","Bureau/livraisonKPI 20250428/Nouveau dossier/Content/bootstrap-grid.min.css.map","1.0","2025-02-06T13:22:57Z","fethy.faradji@infopro-digital.com"
"11/09/2026 11:33:25","Bureau/livraisonKPI 20250428/Nouveau dossier/Content/bootstrap-grid.rtl.css","1.0","2025-02-06T13:22:57Z","fethy.faradji@infopro-digital.com"
"11/09/2026 11:33:30","Bureau/livraisonKPI 20250428/Nouveau dossier/Content/bootstrap-grid.rtl.css.map","1.0","2025-02-06T13:22:57Z","fethy.faradji@infopro-digital.com"
"11/09/2026 11:33:34","Bureau/livraisonKPI 20250428/Nouveau dossier/Content/bootstrap-grid.rtl.min.css","1.0","2025-02-06T13:22:57Z","fethy.faradji@infopro-digital.com"
"11/09/2026 11:33:39","Bureau/livraisonKPI 20250428/Nouveau dossier/Content/bootstrap-grid.rtl.min.css.map","1.0","2025-02-06T13:22:57Z","fethy.faradji@infopro-digital.com"
"11/09/2026 11:33:44","Bureau/livraisonKPI 20250428/Nouveau dossier/Content/bootstrap-reboot.css","1.0","2025-02-06T13:22:57Z","fethy.faradji@infopro-digital.com"
"11/09/2026 11:33:50","Bureau/livraisonKPI 20250428/Nouveau dossier/Content/bootstrap-reboot.css.map","1.0","2025-02-06T13:22:57Z","fethy.faradji@infopro-digital.com"
"11/09/2026 11:33:55","Bureau/livraisonKPI 20250428/Nouveau dossier/Content/bootstrap-reboot.min.css","1.0","2025-02-06T13:22:57Z","fethy.faradji@infopro-digital.com"
"11/09/2026 11:34:00","Bureau/livraisonKPI 20250428/Nouveau dossier/Content/bootstrap-reboot.min.css.map","1.0","2025-02-06T13:22:57Z","fethy.faradji@infopro-digital.com"
"11/09/2026 11:34:05","Bureau/livraisonKPI 20250428/Nouveau dossier/Content/bootstrap-reboot.rtl.css","1.0","2025-02-06T13:22:57Z","fethy.faradji@infopro-digital.com"
"11/09/2026 11:34:10","Bureau/livraisonKPI 20250428/Nouveau dossier/Content/bootstrap-reboot.rtl.css.map","1.0","2025-02-06T13:22:57Z","fethy.faradji@infopro-digital.com"
"11/09/2026 11:34:15","Bureau/livraisonKPI 20250428/Nouveau dossier/Content/bootstrap-reboot.rtl.min.css","1.0","2025-02-06T13:22:57Z","fethy.faradji@infopro-digital.com"
"11/09/2026 11:34:20","Bureau/livraisonKPI 20250428/Nouveau dossier/Content/bootstrap-reboot.rtl.min.css.map","1.0","2025-02-06T13:22:57Z","fethy.faradji@infopro-digital.com"
"11/09/2026 11:34:25","Bureau/livraisonKPI 20250428/Nouveau dossier/Content/bootstrap-utilities.css","1.0","2025-02-06T13:22:57Z","fethy.faradji@infopro-digital.com"
"11/09/2026 11:34:29","Bureau/livraisonKPI 20250428/Nouveau dossier/Content/bootstrap-utilities.css.map","1.0","2025-02-06T13:22:57Z","fethy.faradji@infopro-digital.com"
"11/09/2026 11:34:34","Bureau/livraisonKPI 20250428/Nouveau dossier/Content/bootstrap-utilities.min.css","1.0","2025-02-06T13:22:56Z","fethy.faradji@infopro-digital.com"
"11/09/2026 11:34:40","Bureau/livraisonKPI 20250428/Nouveau dossier/Content/bootstrap-utilities.min.css.map","1.0","2025-02-06T13:22:56Z","fethy.faradji@infopro-digital.com"
"11/09/2026 11:34:46","Bureau/livraisonKPI 20250428/Nouveau dossier/Content/bootstrap-utilities.rtl.css","1.0","2025-02-06T13:22:56Z","fethy.faradji@infopro-digital.com"
"11/09/2026 11:34:51","Bureau/livraisonKPI 20250428/Nouveau dossier/Content/bootstrap-utilities.rtl.css.map","1.0","2025-02-06T13:22:56Z","fethy.faradji@infopro-digital.com"
"11/09/2026 11:34:57","Bureau/livraisonKPI 20250428/Nouveau dossier/Content/bootstrap-utilities.rtl.min.css","1.0","2025-02-06T13:22:56Z","fethy.faradji@infopro-digital.com"
"11/09/2026 11:35:02","Bureau/livraisonKPI 20250428/Nouveau dossier/Content/bootstrap-utilities.rtl.min.css.map","1.0","2025-02-06T13:22:56Z","fethy.faradji@infopro-digital.com"
"11/09/2026 11:35:11","Bureau/livraisonKPI 20250428/Nouveau dossier/Content/Site.css","1.0","2025-04-09T09:36:53Z","fethy.faradji@infopro-digital.com"
"11/09/2026 11:35:18","Bureau/livraisonKPI 20250428/Nouveau dossier/livrable KPI securite/app.publish/Application Files/Alimentation_DWS_PS_1_0_0_0/Alimentation_DWS_PS.exe.config.deploy","1.0","2025-03-14T10:29:11Z","fethy.faradji@infopro-digital.com"
"11/09/2026 11:35:26","Bureau/livraisonKPI 20250428/Nouveau dossier/livrable KPI securite/app.publish/Application Files/Alimentation_DWS_PS_1_0_0_0/Alimentation_DWS_PS.exe.deploy","1.0","2025-04-28T13:40:16Z","fethy.faradji@infopro-digital.com"
"11/09/2026 11:35:32","Bureau/livraisonKPI 20250428/Nouveau dossier/livrable KPI securite/app.publish/Application Files/Alimentation_DWS_PS_1_0_0_0/Alimentation_DWS_PS.exe.manifest","1.0","2025-04-28T13:40:19Z","fethy.faradji@infopro-digital.com"
"11/09/2026 11:35:38","Bureau/livraisonKPI 20250428/Nouveau dossier/livrable KPI securite/app.publish/Application Files/Alimentation_DWS_PS_1_0_0_0/Microsoft.Bcl.AsyncInterfaces.dll.deploy","1.0","2025-02-11T23:12:14Z","fethy.faradji@infopro-digital.com"
"11/09/2026 11:35:45","Bureau/livraisonKPI 20250428/Nouveau dossier/livrable KPI securite/app.publish/Application Files/Alimentation_DWS_PS_1_0_0_0/Microsoft.Bcl.HashCode.dll.deploy","1.0","2020-11-16T21:15:16Z","fethy.faradji@infopro-digital.com"
"11/09/2026 11:35:51","Bureau/livraisonKPI 20250428/Nouveau dossier/livrable KPI securite/app.publish/Application Files/Alimentation_DWS_PS_1_0_0_0/Microsoft.Extensions.DependencyInjection.Abstractions.dll.deploy","1.0","2023-10-31T15:00:34Z","fethy.faradji@infopro-digital.com"
"11/09/2026 11:35:56","Bureau/livraisonKPI 20250428/Nouveau dossier/livrable KPI securite/app.publish/Application Files/Alimentation_DWS_PS_1_0_0_0/Microsoft.Extensions.Logging.Abstractions.dll.deploy","1.0","2023-10-31T15:04:00Z","fethy.faradji@infopro-digital.com"
"11/09/2026 11:36:01","Bureau/livraisonKPI 20250428/Nouveau dossier/livrable KPI securite/app.publish/Application Files/Alimentation_DWS_PS_1_0_0_0/Npgsql.dll.deploy","1.0","2025-02-24T22:00:04Z","fethy.faradji@infopro-digital.com"
"11/09/2026 11:36:07","Bureau/livraisonKPI 20250428/Nouveau dossier/livrable KPI securite/app.publish/Application Files/Alimentation_DWS_PS_1_0_0_0/System.Buffers.dll.deploy","1.0","2020-02-19T10:05:18Z","fethy.faradji@infopro-digital.com"
"11/09/2026 11:36:12","Bureau/livraisonKPI 20250428/Nouveau dossier/livrable KPI securite/app.publish/Application Files/Alimentation_DWS_PS_1_0_0_0/System.Collections.Immutable.dll.deploy","1.0","2023-10-31T15:04:34Z","fethy.faradji@infopro-digital.com"
"11/09/2026 11:36:17","Bureau/livraisonKPI 20250428/Nouveau dossier/livrable KPI securite/app.publish/Application Files/Alimentation_DWS_PS_1_0_0_0/System.Diagnostics.DiagnosticSource.dll.deploy","1.0","2023-10-31T15:00:46Z","fethy.faradji@infopro-digital.com"
"11/09/2026 11:36:22","Bureau/livraisonKPI 20250428/Nouveau dossier/livrable KPI securite/app.publish/Application Files/Alimentation_DWS_PS_1_0_0_0/System.IO.Pipelines.dll.deploy","1.0","2025-02-11T23:12:24Z","fethy.faradji@infopro-digital.com"
"11/09/2026 11:36:28","Bureau/livraisonKPI 20250428/Nouveau dossier/livrable KPI securite/app.publish/Application Files/Alimentation_DWS_PS_1_0_0_0/System.Memory.dll.deploy","1.0","2022-05-08T03:31:02Z","fethy.faradji@infopro-digital.com"
"11/09/2026 11:36:33","Bureau/livraisonKPI 20250428/Nouveau dossier/livrable KPI securite/app.publish/Application Files/Alimentation_DWS_PS_1_0_0_0/System.Numerics.Vectors.dll.deploy","1.0","2018-05-15T13:29:44Z","fethy.faradji@infopro-digital.com"
"11/09/2026 11:36:38","Bureau/livraisonKPI 20250428/Nouveau dossier/livrable KPI securite/app.publish/Application Files/Alimentation_DWS_PS_1_0_0_0/System.Runtime.CompilerServices.Unsafe.dll.deploy","1.0","2021-10-22T23:40:18Z","fethy.faradji@infopro-digital.com"
"11/09/2026 11:36:43","Bureau/livraisonKPI 20250428/Nouveau dossier/livrable KPI securite/app.publish/Application Files/Alimentation_DWS_PS_1_0_0_0/System.Text.Encodings.Web.dll.deploy","1.0","2025-02-11T23:18:34Z","fethy.faradji@infopro-digital.com"
"11/09/2026 11:36:48","Bureau/livraisonKPI 20250428/Nouveau dossier/livrable KPI securite/app.publish/Application Files/Alimentation_DWS_PS_1_0_0_0/System.Text.Json.dll.deploy","1.0","2025-02-11T23:18:50Z","fethy.faradji@infopro-digital.com"
"11/09/2026 11:36:53","Bureau/livraisonKPI 20250428/Nouveau dossier/livrable KPI securite/app.publish/Application Files/Alimentation_DWS_PS_1_0_0_0/System.Threading.Channels.dll.deploy","1.0","2023-10-31T15:09:50Z","fethy.faradji@infopro-digital.com"
"11/09/2026 11:36:57","Bureau/livraisonKPI 20250428/Nouveau dossier/livrable KPI securite/app.publish/Application Files/Alimentation_DWS_PS_1_0_0_0/System.Threading.Tasks.Extensions.dll.deploy","1.0","2020-02-19T10:05:18Z","fethy.faradji@infopro-digital.com"
"11/09/2026 11:37:03","Bureau/livraisonKPI 20250428/Nouveau dossier/livrable KPI securite/app.publish/Application Files/Alimentation_DWS_PS_1_0_0_0/System.ValueTuple.dll.deploy","1.0","2018-05-15T13:29:52Z","fethy.faradji@infopro-digital.com"
"11/09/2026 11:37:08","Bureau/livraisonKPI 20250428/Nouveau dossier/livrable KPI securite/app.publish/Alimentation_DWS_PS.application","1.0","2025-04-28T13:40:19Z","fethy.faradji@infopro-digital.com"
"11/09/2026 11:37:13","Bureau/livraisonKPI 20250428/Nouveau dossier/livrable KPI securite/app.publish/Alimentation_DWS_PS.exe","1.0","2025-04-28T13:40:16Z","fethy.faradji@infopro-digital.com"
"11/09/2026 11:37:18","Bureau/livraisonKPI 20250428/Nouveau dossier/livrable KPI securite/app.publish/setup.exe","1.0","2025-04-28T13:40:19Z","fethy.faradji@infopro-digital.com"
"11/09/2026 11:37:23","Bureau/livraisonKPI 20250428/Nouveau dossier/livrable KPI securite/PowerShell/AcceptedDomains.ps1","1.0","2025-04-25T15:17:32Z","fethy.faradji@infopro-digital.com"
"11/09/2026 11:37:28","Bureau/livraisonKPI 20250428/Nouveau dossier/livrable KPI securite/PowerShell/Extraction_AD_Computers.ps1","1.0","2025-03-14T10:34:41Z","fethy.faradji@infopro-digital.com"
"11/09/2026 11:37:33","Bureau/livraisonKPI 20250428/Nouveau dossier/livrable KPI securite/PowerShell/ExtractionAD-ANETO.ps1","1.0","2025-04-25T15:06:38Z","fethy.faradji@infopro-digital.com"
"11/09/2026 11:37:38","Bureau/livraisonKPI 20250428/Nouveau dossier/livrable KPI securite/PowerShell/ExtractionAD-APC.ps1","1.0","2025-04-25T15:06:38Z","fethy.faradji@infopro-digital.com"
"11/09/2026 11:37:42","Bureau/livraisonKPI 20250428/Nouveau dossier/livrable KPI securite/PowerShell/ExtractionAD-COMPANEO.ps1","1.0","2025-04-25T15:06:38Z","fethy.faradji@infopro-digital.com"
"11/09/2026 11:37:47","Bureau/livraisonKPI 20250428/Nouveau dossier/livrable KPI securite/PowerShell/ExtractionAD-DRD.ps1","1.0","2025-03-27T14:21:12Z","fethy.faradji@infopro-digital.com"
"11/09/2026 11:37:52","Bureau/livraisonKPI 20250428/Nouveau dossier/livrable KPI securite/PowerShell/ExtractionAD-EBP.ps1","1.0","2025-04-25T15:06:38Z","fethy.faradji@infopro-digital.com"
"11/09/2026 11:37:57","Bureau/livraisonKPI 20250428/Nouveau dossier/livrable KPI securite/PowerShell/ExtractionAD-GMH.ps1","1.0","2025-04-25T15:06:38Z","fethy.faradji@infopro-digital.com"
"11/09/2026 11:38:04","Bureau/livraisonKPI 20250428/Nouveau dossier/livrable KPI securite/PowerShell/ExtractionAD-INFO.ps1","1.0","2025-04-25T15:06:38Z","fethy.faradji@infopro-digital.com"
"11/09/2026 11:38:09","Bureau/livraisonKPI 20250428/Nouveau dossier/livrable KPI securite/PowerShell/ExtractionAD-VP.ps1","1.0","2025-03-27T15:08:12Z","fethy.faradji@infopro-digital.com"
"11/09/2026 11:38:14","Bureau/livraisonKPI 20250428/Nouveau dossier/livrable KPI securite/PowerShell/ExtractionAD-VPLUS.ps1","1.0","2025-04-25T15:06:38Z","fethy.faradji@infopro-digital.com"
"11/09/2026 11:38:19","Bureau/livraisonKPI 20250428/Nouveau dossier/livrable KPI securite/PowerShell/HTMLTable.ps1","1.0","2025-03-14T10:34:41Z","fethy.faradji@infopro-digital.com"
"11/09/2026 11:38:23","Bureau/livraisonKPI 20250428/Nouveau dossier/livrable KPI securite/PowerShell/Script_recuperation_domaines_accepte_exchange.ps1","1.0","2025-04-25T13:08:25Z","fethy.faradji@infopro-digital.com"
"11/09/2026 11:38:29","Bureau/livraisonKPI 20250428/Nouveau dossier/livrable KPI securite/PowerShell/User365.ps1","1.0","2025-04-25T15:17:44Z","fethy.faradji@infopro-digital.com"
"11/09/2026 11:38:34","Bureau/livraisonKPI 20250428/Nouveau dossier/livrable KPI securite/runtimes/linux/lib/net9.0/System.DirectoryServices.Protocols.dll","1.0","2024-12-10T21:09:30Z","fethy.faradji@infopro-digital.com"
"11/09/2026 11:38:39","Bureau/livraisonKPI 20250428/Nouveau dossier/livrable KPI securite/runtimes/osx/lib/net9.0/System.DirectoryServices.Protocols.dll","1.0","2024-12-10T21:13:50Z","fethy.faradji@infopro-digital.com"
"11/09/2026 11:38:45","Bureau/livraisonKPI 20250428/Nouveau dossier/livrable KPI securite/runtimes/win/lib/net9.0/System.Diagnostics.EventLog.dll","1.0","2024-12-10T21:04:34Z","fethy.faradji@infopro-digital.com"
"11/09/2026 11:38:50","Bureau/livraisonKPI 20250428/Nouveau dossier/livrable KPI securite/runtimes/win/lib/net9.0/System.Diagnostics.EventLog.Messages.dll","1.0","2024-12-10T21:04:30Z","fethy.faradji@infopro-digital.com"
"11/09/2026 11:38:55","Bureau/livraisonKPI 20250428/Nouveau dossier/livrable KPI securite/runtimes/win/lib/net9.0/System.DirectoryServices.AccountManagement.dll","1.0","2024-12-10T21:04:48Z","fethy.faradji@infopro-digital.com"
"11/09/2026 11:39:00","Bureau/livraisonKPI 20250428/Nouveau dossier/livrable KPI securite/runtimes/win/lib/net9.0/System.DirectoryServices.dll","1.0","2024-12-10T21:04:44Z","fethy.faradji@infopro-digital.com"
"11/09/2026 11:39:05","Bureau/livraisonKPI 20250428/Nouveau dossier/livrable KPI securite/runtimes/win/lib/net9.0/System.DirectoryServices.Protocols.dll","1.0","2024-12-10T21:04:28Z","fethy.faradji@infopro-digital.com"
"11/09/2026 11:39:10","Bureau/livraisonKPI 20250428/Nouveau dossier/livrable KPI securite/Alimentation_DWS_PS.application","1.0","2025-04-28T13:40:17Z","fethy.faradji@infopro-digital.com"
"11/09/2026 11:39:15","Bureau/livraisonKPI 20250428/Nouveau dossier/livrable KPI securite/Alimentation_DWS_PS.exe","1.0","2025-04-28T13:40:16Z","fethy.faradji@infopro-digital.com"
"11/09/2026 11:39:19","Bureau/livraisonKPI 20250428/Nouveau dossier/livrable KPI securite/Alimentation_DWS_PS.exe.config","1.0","2025-03-14T10:29:11Z","fethy.faradji@infopro-digital.com"
"11/09/2026 11:39:25","Bureau/livraisonKPI 20250428/Nouveau dossier/livrable KPI securite/Alimentation_DWS_PS.exe.manifest","1.0","2025-04-28T13:40:17Z","fethy.faradji@infopro-digital.com"
"11/09/2026 11:39:29","Bureau/livraisonKPI 20250428/Nouveau dossier/livrable KPI securite/Alimentation_DWS_PS.pdb","1.0","2025-04-28T13:40:16Z","fethy.faradji@infopro-digital.com"
"11/09/2026 11:39:34","Bureau/livraisonKPI 20250428/Nouveau dossier/livrable KPI securite/appsettings.json","1.0","2025-03-27T13:14:31Z","fethy.faradji@infopro-digital.com"
"11/09/2026 11:39:39","Bureau/livraisonKPI 20250428/Nouveau dossier/livrable KPI securite/Microsoft.Bcl.AsyncInterfaces.dll","1.0","2025-02-11T23:12:14Z","fethy.faradji@infopro-digital.com"
"11/09/2026 11:39:43","Bureau/livraisonKPI 20250428/Nouveau dossier/livrable KPI securite/Microsoft.Bcl.AsyncInterfaces.xml","1.0","2025-02-11T23:12:14Z","fethy.faradji@infopro-digital.com"
"11/09/2026 11:39:48","Bureau/livraisonKPI 20250428/Nouveau dossier/livrable KPI securite/Microsoft.Bcl.HashCode.dll","1.0","2020-11-16T21:15:16Z","fethy.faradji@infopro-digital.com"
"11/09/2026 11:39:53","Bureau/livraisonKPI 20250428/Nouveau dossier/livrable KPI securite/Microsoft.Bcl.HashCode.xml","1.0","2020-11-16T21:15:16Z","fethy.faradji@infopro-digital.com"
"11/09/2026 11:39:58","Bureau/livraisonKPI 20250428/Nouveau dossier/livrable KPI securite/Microsoft.Extensions.DependencyInjection.Abstractions.dll","1.0","2023-10-31T15:00:34Z","fethy.faradji@infopro-digital.com"
"11/09/2026 11:40:04","Bureau/livraisonKPI 20250428/Nouveau dossier/livrable KPI securite/Microsoft.Extensions.DependencyInjection.Abstractions.xml","1.0","2023-10-31T15:00:34Z","fethy.faradji@infopro-digital.com"
"11/09/2026 11:40:09","Bureau/livraisonKPI 20250428/Nouveau dossier/livrable KPI securite/Microsoft.Extensions.Logging.Abstractions.dll","1.0","2023-10-31T15:04:00Z","fethy.faradji@infopro-digital.com"
"11/09/2026 11:40:14","Bureau/livraisonKPI 20250428/Nouveau dossier/livrable KPI securite/Microsoft.Extensions.Logging.Abstractions.xml","1.0","2023-10-31T15:04:00Z","fethy.faradji@infopro-digital.com"
"11/09/2026 11:40:18","Bureau/livraisonKPI 20250428/Nouveau dossier/livrable KPI securite/Newtonsoft.Json.dll","1.0","2023-03-08T07:09:54Z","fethy.faradji@infopro-digital.com"
"11/09/2026 11:40:23","Bureau/livraisonKPI 20250428/Nouveau dossier/livrable KPI securite/Npgsql.dll","1.0","2025-02-24T22:00:04Z","fethy.faradji@infopro-digital.com"
"11/09/2026 11:40:28","Bureau/livraisonKPI 20250428/Nouveau dossier/livrable KPI securite/Npgsql.Json.NET.dll","1.0","2024-12-07T09:49:42Z","fethy.faradji@infopro-digital.com"
"11/09/2026 11:40:33","Bureau/livraisonKPI 20250428/Nouveau dossier/livrable KPI securite/Npgsql.xml","1.0","2025-02-24T22:00:00Z","fethy.faradji@infopro-digital.com"
"11/09/2026 11:40:38","Bureau/livraisonKPI 20250428/Nouveau dossier/livrable KPI securite/POC_KPI_SECURITE.deps.json","1.0","2025-01-24T15:36:54Z","fethy.faradji@infopro-digital.com"
"11/09/2026 11:40:43","Bureau/livraisonKPI 20250428/Nouveau dossier/livrable KPI securite/POC_KPI_SECURITE.dll","1.0","2025-01-24T16:39:46Z","fethy.faradji@infopro-digital.com"
"11/09/2026 11:40:47","Bureau/livraisonKPI 20250428/Nouveau dossier/livrable KPI securite/POC_KPI_SECURITE.exe","1.0","2025-01-24T16:39:46Z","fethy.faradji@infopro-digital.com"
"11/09/2026 11:40:52","Bureau/livraisonKPI 20250428/Nouveau dossier/livrable KPI securite/POC_KPI_SECURITE.pdb","1.0","2025-01-24T16:39:46Z","fethy.faradji@infopro-digital.com"
"11/09/2026 11:40:57","Bureau/livraisonKPI 20250428/Nouveau dossier/livrable KPI securite/POC_KPI_SECURITE.runtimeconfig.json","1.0","2025-01-24T15:36:54Z","fethy.faradji@infopro-digital.com"
"11/09/2026 11:41:02","Bureau/livraisonKPI 20250428/Nouveau dossier/livrable KPI securite/System.Buffers.dll","1.0","2020-02-19T10:05:18Z","fethy.faradji@infopro-digital.com"
"11/09/2026 11:41:07","Bureau/livraisonKPI 20250428/Nouveau dossier/livrable KPI securite/System.Buffers.xml","1.0","2020-02-19T10:05:18Z","fethy.faradji@infopro-digital.com"
"11/09/2026 11:41:12","Bureau/livraisonKPI 20250428/Nouveau dossier/livrable KPI securite/System.Collections.Immutable.dll","1.0","2023-10-31T15:04:34Z","fethy.faradji@infopro-digital.com"
"11/09/2026 11:41:17","Bureau/livraisonKPI 20250428/Nouveau dossier/livrable KPI securite/System.Collections.Immutable.xml","1.0","2023-09-18T23:26:32Z","fethy.faradji@infopro-digital.com"
"11/09/2026 11:41:21","Bureau/livraisonKPI 20250428/Nouveau dossier/livrable KPI securite/System.Configuration.ConfigurationManager.dll","1.0","2024-12-10T21:03:54Z","fethy.faradji@infopro-digital.com"
"11/09/2026 11:41:26","Bureau/livraisonKPI 20250428/Nouveau dossier/livrable KPI securite/System.Diagnostics.DiagnosticSource.dll","1.0","2023-10-31T15:00:46Z","fethy.faradji@infopro-digital.com"
"11/09/2026 11:41:31","Bureau/livraisonKPI 20250428/Nouveau dossier/livrable KPI securite/System.Diagnostics.DiagnosticSource.xml","1.0","2023-09-18T23:26:32Z","fethy.faradji@infopro-digital.com"
"11/09/2026 11:41:36","Bureau/livraisonKPI 20250428/Nouveau dossier/livrable KPI securite/System.Diagnostics.EventLog.dll","1.0","2024-12-10T21:03:26Z","fethy.faradji@infopro-digital.com"
"11/09/2026 11:41:41","Bureau/livraisonKPI 20250428/Nouveau dossier/livrable KPI securite/System.DirectoryServices.AccountManagement.dll","1.0","2024-12-10T21:14:12Z","fethy.faradji@infopro-digital.com"
"11/09/2026 11:41:46","Bureau/livraisonKPI 20250428/Nouveau dossier/livrable KPI securite/System.DirectoryServices.dll","1.0","2024-12-10T21:06:16Z","fethy.faradji@infopro-digital.com"
"11/09/2026 11:41:51","Bureau/livraisonKPI 20250428/Nouveau dossier/livrable KPI securite/System.DirectoryServices.Protocols.dll","1.0","2024-12-10T21:09:30Z","fethy.faradji@infopro-digital.com"
"11/09/2026 11:41:55","Bureau/livraisonKPI 20250428/Nouveau dossier/livrable KPI securite/System.IO.Pipelines.dll","1.0","2025-02-11T23:12:24Z","fethy.faradji@infopro-digital.com"
"11/09/2026 11:42:00","Bureau/livraisonKPI 20250428/Nouveau dossier/livrable KPI securite/System.IO.Pipelines.xml","1.0","2025-02-11T23:12:24Z","fethy.faradji@infopro-digital.com"
"11/09/2026 11:42:04","Bureau/livraisonKPI 20250428/Nouveau dossier/livrable KPI securite/System.Memory.dll","1.0","2022-05-08T03:31:02Z","fethy.faradji@infopro-digital.com"
"11/09/2026 11:42:09","Bureau/livraisonKPI 20250428/Nouveau dossier/livrable KPI securite/System.Memory.xml","1.0","2022-05-08T03:31:02Z","fethy.faradji@infopro-digital.com"
"11/09/2026 11:42:14","Bureau/livraisonKPI 20250428/Nouveau dossier/livrable KPI securite/System.Numerics.Vectors.dll","1.0","2018-05-15T13:29:44Z","fethy.faradji@infopro-digital.com"
"11/09/2026 11:42:18","Bureau/livraisonKPI 20250428/Nouveau dossier/livrable KPI securite/System.Numerics.Vectors.xml","1.0","2018-05-15T13:29:44Z","fethy.faradji@infopro-digital.com"
"11/09/2026 11:42:23","Bureau/livraisonKPI 20250428/Nouveau dossier/livrable KPI securite/System.Runtime.CompilerServices.Unsafe.dll","1.0","2021-10-22T23:40:18Z","fethy.faradji@infopro-digital.com"
"11/09/2026 11:42:29","Bureau/livraisonKPI 20250428/Nouveau dossier/livrable KPI securite/System.Runtime.CompilerServices.Unsafe.xml","1.0","2021-10-19T07:14:20Z","fethy.faradji@infopro-digital.com"
"11/09/2026 11:42:33","Bureau/livraisonKPI 20250428/Nouveau dossier/livrable KPI securite/System.Security.Cryptography.ProtectedData.dll","1.0","2024-12-10T21:03:24Z","fethy.faradji@infopro-digital.com"
"11/09/2026 11:42:38","Bureau/livraisonKPI 20250428/Nouveau dossier/livrable KPI securite/System.Text.Encodings.Web.dll","1.0","2025-02-11T23:18:34Z","fethy.faradji@infopro-digital.com"
"11/09/2026 11:42:43","Bureau/livraisonKPI 20250428/Nouveau dossier/livrable KPI securite/System.Text.Encodings.Web.xml","1.0","2025-02-11T23:18:34Z","fethy.faradji@infopro-digital.com"
"11/09/2026 11:42:49","Bureau/livraisonKPI 20250428/Nouveau dossier/livrable KPI securite/System.Text.Json.dll","1.0","2025-02-11T23:18:50Z","fethy.faradji@infopro-digital.com"
"11/09/2026 11:42:54","Bureau/livraisonKPI 20250428/Nouveau dossier/livrable KPI securite/System.Text.Json.xml","1.0","2025-02-11T23:18:50Z","fethy.faradji@infopro-digital.com"
"11/09/2026 11:42:59","Bureau/livraisonKPI 20250428/Nouveau dossier/livrable KPI securite/System.Threading.Channels.dll","1.0","2023-10-31T15:09:50Z","fethy.faradji@infopro-digital.com"
"11/09/2026 11:43:03","Bureau/livraisonKPI 20250428/Nouveau dossier/livrable KPI securite/System.Threading.Channels.xml","1.0","2023-09-18T23:26:32Z","fethy.faradji@infopro-digital.com"
"11/09/2026 11:43:09","Bureau/livraisonKPI 20250428/Nouveau dossier/livrable KPI securite/System.Threading.Tasks.Extensions.dll","1.0","2020-02-19T10:05:18Z","fethy.faradji@infopro-digital.com"
"11/09/2026 11:43:13","Bureau/livraisonKPI 20250428/Nouveau dossier/livrable KPI securite/System.Threading.Tasks.Extensions.xml","1.0","2020-02-19T10:05:18Z","fethy.faradji@infopro-digital.com"
"11/09/2026 11:43:20","Bureau/livraisonKPI 20250428/Nouveau dossier/livrable KPI securite/System.ValueTuple.dll","1.0","2018-05-15T13:29:52Z","fethy.faradji@infopro-digital.com"
"11/09/2026 11:43:24","Bureau/livraisonKPI 20250428/Nouveau dossier/livrable KPI securite/System.ValueTuple.xml","1.0","2018-05-15T13:29:52Z","fethy.faradji@infopro-digital.com"
"11/09/2026 11:43:29","Bureau/livraisonKPI 20250428/Nouveau dossier/livrable KPI securite/testpowershell2.exe","1.0","2025-03-17T08:13:27Z","fethy.faradji@infopro-digital.com"
"11/09/2026 11:43:34","Bureau/livraisonKPI 20250428/Nouveau dossier/livrable KPI securite/testpowershell2.exe.config","1.0","2025-03-14T10:29:11Z","fethy.faradji@infopro-digital.com"
"11/09/2026 11:43:39","Bureau/livraisonKPI 20250428/Nouveau dossier/livrable KPI securite/testpowershell2.pdb","1.0","2025-03-17T08:13:27Z","fethy.faradji@infopro-digital.com"
"11/09/2026 11:43:44","Bureau/livraisonKPI 20250428/Nouveau dossier/Ressources/home.png","1.0","2025-04-09T13:00:09Z","fethy.faradji@infopro-digital.com"
"11/09/2026 11:43:48","Bureau/livraisonKPI 20250428/Nouveau dossier/Ressources/infopro-logo-petit.png","1.0","2025-02-17T15:26:08Z","fethy.faradji@infopro-digital.com"
"11/09/2026 11:43:53","Bureau/livraisonKPI 20250428/Nouveau dossier/Ressources/meteo.png","1.0","2025-04-09T12:09:22Z","fethy.faradji@infopro-digital.com"
"11/09/2026 11:43:57","Bureau/livraisonKPI 20250428/Nouveau dossier/Scripts/bootstrap.bundle.js","1.0","2025-02-06T13:22:56Z","fethy.faradji@infopro-digital.com"
"11/09/2026 11:44:02","Bureau/livraisonKPI 20250428/Nouveau dossier/Scripts/bootstrap.bundle.js.map","1.0","2025-02-06T13:22:56Z","fethy.faradji@infopro-digital.com"
"11/09/2026 11:44:07","Bureau/livraisonKPI 20250428/Nouveau dossier/Scripts/bootstrap.bundle.min.js","1.0","2025-02-06T13:22:56Z","fethy.faradji@infopro-digital.com"
"11/09/2026 11:44:11","Bureau/livraisonKPI 20250428/Nouveau dossier/Scripts/bootstrap.bundle.min.js.map","1.0","2025-02-06T13:22:56Z","fethy.faradji@infopro-digital.com"
"11/09/2026 11:44:16","Bureau/livraisonKPI 20250428/Nouveau dossier/Scripts/bootstrap.esm.js","1.0","2025-02-06T13:22:56Z","fethy.faradji@infopro-digital.com"
"11/09/2026 11:44:20","Bureau/livraisonKPI 20250428/Nouveau dossier/Scripts/bootstrap.esm.js.map","1.0","2025-02-06T13:22:56Z","fethy.faradji@infopro-digital.com"
"11/09/2026 11:44:25","Bureau/livraisonKPI 20250428/Nouveau dossier/Scripts/bootstrap.esm.min.js","1.0","2025-02-06T13:22:56Z","fethy.faradji@infopro-digital.com"
"11/09/2026 11:44:30","Bureau/livraisonKPI 20250428/Nouveau dossier/Scripts/bootstrap.esm.min.js.map","1.0","2025-02-06T13:22:56Z","fethy.faradji@infopro-digital.com"
"11/09/2026 11:44:34","Bureau/livraisonKPI 20250428/Nouveau dossier/Scripts/bootstrap.js","1.0","2025-02-06T13:22:56Z","fethy.faradji@infopro-digital.com"
"11/09/2026 11:44:39","Bureau/livraisonKPI 20250428/Nouveau dossier/Scripts/bootstrap.js.map","1.0","2025-02-06T13:22:56Z","fethy.faradji@infopro-digital.com"
"11/09/2026 11:44:44","Bureau/livraisonKPI 20250428/Nouveau dossier/Scripts/bootstrap.min.js","1.0","2025-02-06T13:22:56Z","fethy.faradji@infopro-digital.com"
"11/09/2026 11:44:48","Bureau/livraisonKPI 20250428/Nouveau dossier/Scripts/bootstrap.min.js.map","1.0","2025-02-06T13:22:56Z","fethy.faradji@infopro-digital.com"
"11/09/2026 11:44:53","Bureau/livraisonKPI 20250428/Nouveau dossier/Scripts/jquery.validate.js","1.0","2025-02-06T13:23:02Z","fethy.faradji@infopro-digital.com"
"11/09/2026 11:44:58","Bureau/livraisonKPI 20250428/Nouveau dossier/Scripts/jquery.validate.min.js","1.0","2025-02-06T13:23:02Z","fethy.faradji@infopro-digital.com"
"11/09/2026 11:45:02","Bureau/livraisonKPI 20250428/Nouveau dossier/Scripts/jquery.validate.unobtrusive.js","1.0","2025-02-06T13:23:02Z","fethy.faradji@infopro-digital.com"
"11/09/2026 11:45:07","Bureau/livraisonKPI 20250428/Nouveau dossier/Scripts/jquery.validate.unobtrusive.min.js","1.0","2025-02-06T13:23:02Z","fethy.faradji@infopro-digital.com"
"11/09/2026 11:45:12","Bureau/livraisonKPI 20250428/Nouveau dossier/Scripts/jquery-3.7.0.js","1.0","2025-02-06T13:22:57Z","fethy.faradji@infopro-digital.com"
"11/09/2026 11:45:17","Bureau/livraisonKPI 20250428/Nouveau dossier/Scripts/jquery-3.7.0.min.js","1.0","2025-02-06T13:22:57Z","fethy.faradji@infopro-digital.com"
"11/09/2026 11:45:22","Bureau/livraisonKPI 20250428/Nouveau dossier/Scripts/jquery-3.7.0.min.map","1.0","2025-02-06T13:22:57Z","fethy.faradji@infopro-digital.com"
"11/09/2026 11:45:27","Bureau/livraisonKPI 20250428/Nouveau dossier/Scripts/jquery-3.7.0.slim.js","1.0","2025-02-06T13:22:57Z","fethy.faradji@infopro-digital.com"
"11/09/2026 11:45:32","Bureau/livraisonKPI 20250428/Nouveau dossier/Scripts/jquery-3.7.0.slim.min.js","1.0","2025-02-06T13:22:57Z","fethy.faradji@infopro-digital.com"
"11/09/2026 11:45:37","Bureau/livraisonKPI 20250428/Nouveau dossier/Scripts/jquery-3.7.0.slim.min.map","1.0","2025-02-06T13:22:57Z","fethy.faradji@infopro-digital.com"
"11/09/2026 11:45:42","Bureau/livraisonKPI 20250428/Nouveau dossier/Scripts/modernizr-2.8.3.js","1.0","2025-02-06T13:23:01Z","fethy.faradji@infopro-digital.com"
"11/09/2026 11:45:48","Bureau/livraisonKPI 20250428/Nouveau dossier/Views/DimLicences/Licences.cshtml","1.0","2025-04-24T14:13:09Z","fethy.faradji@infopro-digital.com"
"11/09/2026 11:45:52","Bureau/livraisonKPI 20250428/Nouveau dossier/Views/DimOS/OperatingSystem.cshtml","1.0","2025-04-14T09:12:03Z","fethy.faradji@infopro-digital.com"
"11/09/2026 11:45:57","Bureau/livraisonKPI 20250428/Nouveau dossier/Views/DimOU/OrganizationUnit.cshtml","1.0","2025-04-01T14:44:59Z","fethy.faradji@infopro-digital.com"
"11/09/2026 11:46:02","Bureau/livraisonKPI 20250428/Nouveau dossier/Views/Home/About.cshtml","1.0","2025-02-06T13:22:50Z","fethy.faradji@infopro-digital.com"
"11/09/2026 11:46:07","Bureau/livraisonKPI 20250428/Nouveau dossier/Views/Home/AccessDenied.cshtml","1.0","2025-02-18T15:36:17Z","fethy.faradji@infopro-digital.com"
"11/09/2026 11:46:12","Bureau/livraisonKPI 20250428/Nouveau dossier/Views/Home/Contact.cshtml","1.0","2025-02-06T13:22:50Z","fethy.faradji@infopro-digital.com"
"11/09/2026 11:46:17","Bureau/livraisonKPI 20250428/Nouveau dossier/Views/Home/Index.cshtml","1.0","2025-04-14T09:04:13Z","fethy.faradji@infopro-digital.com"
"11/09/2026 11:46:23","Bureau/livraisonKPI 20250428/Nouveau dossier/Views/Shared/_Layout.cshtml","1.0","2025-04-24T09:42:16Z","fethy.faradji@infopro-digital.com"
"11/09/2026 11:46:27","Bureau/livraisonKPI 20250428/Nouveau dossier/Views/Shared/Error.cshtml","1.0","2025-02-06T13:23:03Z","fethy.faradji@infopro-digital.com"
"11/09/2026 11:46:32","Bureau/livraisonKPI 20250428/Nouveau dossier/Views/USERS/USERS.cshtml","1.0","2025-04-03T13:34:13Z","fethy.faradji@infopro-digital.com"
"11/09/2026 11:46:38","Bureau/livraisonKPI 20250428/Nouveau dossier/Views/_ViewStart.cshtml","1.0","2025-02-06T13:22:50Z","fethy.faradji@infopro-digital.com"
"11/09/2026 11:46:43","Bureau/livraisonKPI 20250428/Nouveau dossier/Views/Web.config","1.0","2025-02-11T13:53:24Z","fethy.faradji@infopro-digital.com"
"11/09/2026 11:46:49","Bureau/livraisonKPI 20250428/Nouveau dossier/favicon.ico","1.0","2025-02-06T13:22:50Z","fethy.faradji@infopro-digital.com"
"11/09/2026 11:46:53","Bureau/livraisonKPI 20250428/Nouveau dossier/Global.asax","1.0","2025-02-06T13:22:50Z","fethy.faradji@infopro-digital.com"
"11/09/2026 11:46:58","Bureau/livraisonKPI 20250428/dim_licences.sql","1.0","2025-04-28T12:47:36Z","fethy.faradji@infopro-digital.com"
"11/09/2026 11:47:03","Bureau/livraisonKPI 20250428/DM_user365.sql","1.0","2025-04-28T09:43:32Z","fethy.faradji@infopro-digital.com"
"11/09/2026 11:47:08","Bureau/livraisonKPI 20250428/DW_USER365.sql","1.0","2025-04-28T09:41:48Z","fethy.faradji@infopro-digital.com"
"11/09/2026 11:47:15","Bureau/livraisonKPI 20250428/Insert Errors Consommation_UP__c 16-12-2024.sql","1.0","2025-04-28T09:38:39Z","fethy.faradji@infopro-digital.com"
"11/09/2026 11:47:19","Bureau/livraisonKPI 20250428/translate_and_concat_licenses","1.0","2025-04-28T13:14:42Z","fethy.faradji@infopro-digital.com"
"11/09/2026 11:47:24","Bureau/livraisonKPI 20250428/translate_and_concat_licenses.sql","1.0","2025-04-28T12:38:57Z","fethy.faradji@infopro-digital.com"
"11/09/2026 11:47:28","Bureau/livraisonKPI 20250428/v_user365.sql","1.0","2025-04-28T12:38:44Z","fethy.faradji@infopro-digital.com"
"11/09/2026 11:47:33","Bureau/mep 20241014/SIMX_AO_PUB.SQL","1.0","2024-10-11T13:44:28Z","fethy.faradji@infopro-digital.com"
"11/09/2026 11:47:39","Bureau/mep 20241014/SIMX_AO_PUB2.sql","1.0","2024-10-11T13:43:12Z","fethy.faradji@infopro-digital.com"
"11/09/2026 11:47:43","Bureau/mep 20250113/ALIM_TABLE_SF.sql","1.0","2025-01-10T10:18:49Z","fethy.faradji@infopro-digital.com"
"11/09/2026 11:47:45","Bureau/mep 20250113/ALIM_TABLE_SF.sql","2.0","2025-01-13T09:03:53Z","fethy.faradji@infopro-digital.com"
"11/09/2026 11:47:49","Bureau/mep 20250113/mise_a_jours_seuil.sql","1.0","2025-01-10T10:29:59Z","fethy.faradji@infopro-digital.com"
"11/09/2026 11:47:54","Bureau/mep 20250113/od_package.sql","1.0","2025-01-13T11:11:09Z","fethy.faradji@infopro-digital.com"
"11/09/2026 11:47:58","Bureau/mep 20250129/API_SIM_SF/runtimes/linux/lib/netcoreapp3.1/System.DirectoryServices.Protocols.dll","1.0","2022-01-14T19:49:58Z","fethy.faradji@infopro-digital.com"
"11/09/2026 11:48:03","Bureau/mep 20250129/API_SIM_SF/runtimes/osx/lib/netcoreapp3.1/System.DirectoryServices.Protocols.dll","1.0","2022-01-14T19:49:12Z","fethy.faradji@infopro-digital.com"
"11/09/2026 11:48:09","Bureau/mep 20250129/API_SIM_SF/runtimes/unix/lib/netcoreapp2.1/System.Security.Principal.Windows.dll","1.0","2020-10-19T18:46:26Z","fethy.faradji@infopro-digital.com"
"11/09/2026 11:48:14","Bureau/mep 20250129/API_SIM_SF/runtimes/unix/lib/netcoreapp3.1/System.Drawing.Common.dll","1.0","2021-10-22T23:51:56Z","fethy.faradji@infopro-digital.com"
"11/09/2026 11:48:19","Bureau/mep 20250129/API_SIM_SF/runtimes/win/lib/netcoreapp2.1/System.Security.Principal.Windows.dll","1.0","2020-10-19T18:46:14Z","fethy.faradji@infopro-digital.com"
"11/09/2026 11:48:24","Bureau/mep 20250129/API_SIM_SF/runtimes/win/lib/netcoreapp3.1/Microsoft.Win32.SystemEvents.dll","1.0","2021-10-22T23:48:14Z","fethy.faradji@infopro-digital.com"
"11/09/2026 11:48:29","Bureau/mep 20250129/API_SIM_SF/runtimes/win/lib/netcoreapp3.1/System.Diagnostics.PerformanceCounter.dll","1.0","2022-03-14T17:13:20Z","fethy.faradji@infopro-digital.com"
"11/09/2026 11:48:33","Bureau/mep 20250129/API_SIM_SF/runtimes/win/lib/netcoreapp3.1/System.DirectoryServices.dll","1.0","2023-01-24T05:42:02Z","fethy.faradji@infopro-digital.com"
"11/09/2026 11:48:39","Bureau/mep 20250129/API_SIM_SF/runtimes/win/lib/netcoreapp3.1/System.DirectoryServices.Protocols.dll","1.0","2022-01-14T19:49:16Z","fethy.faradji@infopro-digital.com"
"11/09/2026 11:48:43","Bureau/mep 20250129/API_SIM_SF/runtimes/win/lib/netcoreapp3.1/System.Drawing.Common.dll","1.0","2021-10-22T23:50:20Z","fethy.faradji@infopro-digital.com"
"11/09/2026 11:48:48","Bureau/mep 20250129/API_SIM_SF/runtimes/win/lib/netcoreapp3.1/System.Windows.Extensions.dll","1.0","2021-10-22T23:50:32Z","fethy.faradji@infopro-digital.com"
"11/09/2026 11:48:53","Bureau/mep 20250129/API_SIM_SF/runtimes/win/lib/netstandard2.0/Microsoft.Win32.Registry.dll","1.0","2020-10-19T18:38:06Z","fethy.faradji@infopro-digital.com"
"11/09/2026 11:48:58","Bureau/mep 20250129/API_SIM_SF/runtimes/win/lib/netstandard2.0/System.IO.FileSystem.AccessControl.dll","1.0","2020-10-19T18:37:50Z","fethy.faradji@infopro-digital.com"
"11/09/2026 11:49:05","Bureau/mep 20250129/API_SIM_SF/runtimes/win/lib/netstandard2.0/System.Security.AccessControl.dll","1.0","2021-10-22T23:45:48Z","fethy.faradji@infopro-digital.com"
"11/09/2026 11:49:10","Bureau/mep 20250129/API_SIM_SF/runtimes/win/lib/netstandard2.0/System.Security.Cryptography.ProtectedData.dll","1.0","2021-10-22T23:52:04Z","fethy.faradji@infopro-digital.com"
"11/09/2026 11:49:15","Bureau/mep 20250129/API_SIM_SF/API_SIM--SF.deps.json","1.0","2025-01-27T12:26:06Z","fethy.faradji@infopro-digital.com"
"11/09/2026 11:49:20","Bureau/mep 20250129/API_SIM_SF/API_SIM--SF.dll","1.0","2025-01-27T12:26:06Z","fethy.faradji@infopro-digital.com"
"11/09/2026 11:49:24","Bureau/mep 20250129/API_SIM_SF/API_SIM--SF.exe","1.0","2025-01-27T12:26:06Z","fethy.faradji@infopro-digital.com"
"11/09/2026 11:49:29","Bureau/mep 20250129/API_SIM_SF/API_SIM--SF.pdb","1.0","2025-01-27T12:26:06Z","fethy.faradji@infopro-digital.com"
"11/09/2026 11:49:34","Bureau/mep 20250129/API_SIM_SF/API_SIM--SF.runtimeconfig.json","1.0","2025-01-27T12:26:07Z","fethy.faradji@infopro-digital.com"
"11/09/2026 11:49:39","Bureau/mep 20250129/API_SIM_SF/Microsoft.Extensions.Configuration.Abstractions.dll","1.0","2021-10-22T23:47:50Z","fethy.faradji@infopro-digital.com"
"11/09/2026 11:49:44","Bureau/mep 20250129/API_SIM_SF/Microsoft.Extensions.Configuration.dll","1.0","2021-10-22T23:49:58Z","fethy.faradji@infopro-digital.com"
"11/09/2026 11:49:49","Bureau/mep 20250129/API_SIM_SF/Microsoft.Extensions.Configuration.FileExtensions.dll","1.0","2021-10-22T23:50:06Z","fethy.faradji@infopro-digital.com"
"11/09/2026 11:49:54","Bureau/mep 20250129/API_SIM_SF/Microsoft.Extensions.Configuration.Json.dll","1.0","2021-10-22T23:50:12Z","fethy.faradji@infopro-digital.com"
"11/09/2026 11:49:59","Bureau/mep 20250129/API_SIM_SF/Microsoft.Extensions.FileProviders.Abstractions.dll","1.0","2021-10-22T23:47:48Z","fethy.faradji@infopro-digital.com"
"11/09/2026 11:50:04","Bureau/mep 20250129/API_SIM_SF/Microsoft.Extensions.FileProviders.Physical.dll","1.0","2021-10-22T23:48:18Z","fethy.faradji@infopro-digital.com"
"11/09/2026 11:50:10","Bureau/mep 20250129/API_SIM_SF/Microsoft.Extensions.FileSystemGlobbing.dll","1.0","2021-10-22T23:48:04Z","fethy.faradji@infopro-digital.com"
"11/09/2026 11:50:15","Bureau/mep 20250129/API_SIM_SF/Microsoft.Extensions.Primitives.dll","1.0","2021-10-22T23:50:40Z","fethy.faradji@infopro-digital.com"
"11/09/2026 11:50:19","Bureau/mep 20250129/API_SIM_SF/Microsoft.Win32.Registry.dll","1.0","2020-10-19T18:37:46Z","fethy.faradji@infopro-digital.com"
"11/09/2026 11:50:24","Bureau/mep 20250129/API_SIM_SF/Microsoft.Win32.SystemEvents.dll","1.0","2021-10-22T23:49:36Z","fethy.faradji@infopro-digital.com"
"11/09/2026 11:50:29","Bureau/mep 20250129/API_SIM_SF/Newtonsoft.Json.dll","1.0","2023-03-08T07:09:56Z","fethy.faradji@infopro-digital.com"
"11/09/2026 11:50:34","Bureau/mep 20250129/API_SIM_SF/Oracle.ManagedDataAccess.dll","1.0","2023-03-30T09:09:52Z","fethy.faradji@infopro-digital.com"
"11/09/2026 11:50:39","Bureau/mep 20250129/API_SIM_SF/System.Configuration.ConfigurationManager.dll","1.0","2021-10-22T23:50:38Z","fethy.faradji@infopro-digital.com"
"11/09/2026 11:50:44","Bureau/mep 20250129/API_SIM_SF/System.Diagnostics.PerformanceCounter.dll","1.0","2022-03-14T17:13:22Z","fethy.faradji@infopro-digital.com"
"11/09/2026 11:50:49","Bureau/mep 20250129/API_SIM_SF/System.DirectoryServices.dll","1.0","2023-01-24T05:42:22Z","fethy.faradji@infopro-digital.com"
"11/09/2026 11:50:54","Bureau/mep 20250129/API_SIM_SF/System.DirectoryServices.Protocols.dll","1.0","2022-01-14T19:50:12Z","fethy.faradji@infopro-digital.com"
"11/09/2026 11:50:59","Bureau/mep 20250129/API_SIM_SF/System.Drawing.Common.dll","1.0","2021-10-22T23:50:24Z","fethy.faradji@infopro-digital.com"
"11/09/2026 11:51:04","Bureau/mep 20250129/API_SIM_SF/System.IO.FileSystem.AccessControl.dll","1.0","2020-10-19T18:37:44Z","fethy.faradji@infopro-digital.com"
"11/09/2026 11:51:10","Bureau/mep 20250129/API_SIM_SF/System.Runtime.CompilerServices.Unsafe.dll","1.0","2021-10-22T23:40:56Z","fethy.faradji@infopro-digital.com"
"11/09/2026 11:51:15","Bureau/mep 20250129/API_SIM_SF/System.Security.AccessControl.dll","1.0","2021-10-22T23:36:58Z","fethy.faradji@infopro-digital.com"
"11/09/2026 11:51:20","Bureau/mep 20250129/API_SIM_SF/System.Security.Cryptography.ProtectedData.dll","1.0","2021-10-22T23:50:14Z","fethy.faradji@infopro-digital.com"
"11/09/2026 11:51:25","Bureau/mep 20250129/API_SIM_SF/System.Security.Permissions.dll","1.0","2021-10-22T23:50:28Z","fethy.faradji@infopro-digital.com"
"11/09/2026 11:51:29","Bureau/mep 20250129/API_SIM_SF/System.Security.Principal.Windows.dll","1.0","2020-10-19T18:37:20Z","fethy.faradji@infopro-digital.com"
"11/09/2026 11:51:34","Bureau/mep 20250129/API_SIM_SF/System.Text.Encodings.Web.dll","1.0","2021-10-22T23:41:26Z","fethy.faradji@infopro-digital.com"
"11/09/2026 11:51:39","Bureau/mep 20250129/API_SIM_SF/System.Text.Json.dll","1.0","2021-11-17T18:03:04Z","fethy.faradji@infopro-digital.com"
"11/09/2026 11:51:43","Bureau/mep 20250129/API_SIM_SF/System.Windows.Extensions.dll","1.0","2021-10-22T23:50:26Z","fethy.faradji@infopro-digital.com"
"11/09/2026 11:51:48","Bureau/mep 20250129/ALIM_TABLE_SF.sql","1.0","2025-01-27T12:22:18Z","fethy.faradji@infopro-digital.com"
"11/09/2026 11:51:49","Bureau/mep 20250129/ALIM_TABLE_SF.sql","2.0","2025-01-29T08:54:55Z","fethy.faradji@infopro-digital.com"
"11/09/2026 11:51:55","Bureau/mep 20250129/LISTE_RETRY_SF.sql","1.0","2025-01-27T12:24:07Z","fethy.faradji@infopro-digital.com"
"11/09/2026 11:52:00","Bureau/mep 20250129/nouveau 3.html","1.0","2025-01-27T13:50:58Z","fethy.faradji@infopro-digital.com"
"11/09/2026 11:52:02","Bureau/mep 20250129/nouveau 3.html","2.0","2025-01-27T13:56:59Z","fethy.faradji@infopro-digital.com"
"11/09/2026 11:52:07","Bureau/mep DWS20250814/Nouveau dossier/Nouveau dossier/applications_all.csv","1.0","2025-09-01T07:56:30Z","fethy.faradji@infopro-digital.com"
"11/09/2026 11:52:12","Bureau/mep DWS20250814/Nouveau dossier/Nouveau dossier/applications_entra.csv","1.0","2025-08-29T14:29:33Z","fethy.faradji@infopro-digital.com"
"11/09/2026 11:52:14","Bureau/mep DWS20250814/Nouveau dossier/Nouveau dossier/applications_entra.csv","2.0","2025-08-29T14:46:47Z","fethy.faradji@infopro-digital.com"
"11/09/2026 11:52:15","Bureau/mep DWS20250814/Nouveau dossier/Nouveau dossier/applications_entra.csv","3.0","2025-08-29T15:01:56Z","fethy.faradji@infopro-digital.com"
"11/09/2026 11:52:16","Bureau/mep DWS20250814/Nouveau dossier/Nouveau dossier/applications_entra.csv","4.0","2025-09-01T09:07:06Z","fethy.faradji@infopro-digital.com"
"11/09/2026 11:52:20","Bureau/mep DWS20250814/Nouveau dossier/Nouveau dossier/entra_permissions.csv","1.0","2025-08-28T15:28:28Z","fethy.faradji@infopro-digital.com"
"11/09/2026 11:52:21","Bureau/mep DWS20250814/Nouveau dossier/Nouveau dossier/entra_permissions.csv","2.0","2025-08-29T09:20:51Z","fethy.faradji@infopro-digital.com"
"11/09/2026 11:52:26","Bureau/mep DWS20250814/Nouveau dossier/Nouveau dossier/Rapport_Autorisations_Applications.csv","1.0","2025-08-28T12:18:15Z","fethy.faradji@infopro-digital.com"
"11/09/2026 11:52:31","Bureau/mep DWS20250814/Nouveau dossier/22.csv","1.0","2025-08-28T15:09:00Z","fethy.faradji@infopro-digital.com"
"11/09/2026 11:52:36","Bureau/mep DWS20250814/Nouveau dossier/applications_entra.csv","1.0","2025-09-01T13:27:33Z","fethy.faradji@infopro-digital.com"
"11/09/2026 11:52:37","Bureau/mep DWS20250814/Nouveau dossier/applications_entra.csv","2.0","2025-09-01T14:12:45Z","fethy.faradji@infopro-digital.com"
"11/09/2026 11:52:38","Bureau/mep DWS20250814/Nouveau dossier/applications_entra.csv","3.0","2025-09-01T14:20:34Z","fethy.faradji@infopro-digital.com"
"11/09/2026 11:52:43","Bureau/mep DWS20250814/Nouveau dossier/Rapport_Autorisations_Applications1111.csv","1.0","2025-08-27T08:28:23Z","fethy.faradji@infopro-digital.com"
"11/09/2026 11:52:48","Bureau/mep DWS20250814/Alimentation_DWS_PS.application","1.0","2025-08-14T14:33:23Z","fethy.faradji@infopro-digital.com"
"11/09/2026 11:52:50","Bureau/mep DWS20250814/Alimentation_DWS_PS.application","2.0","2025-08-25T09:45:19Z","fethy.faradji@infopro-digital.com"
"11/09/2026 11:52:54","Bureau/mep DWS20250814/Alimentation_DWS_PS.exe","1.0","2025-08-14T14:33:23Z","fethy.faradji@infopro-digital.com"
"11/09/2026 11:52:56","Bureau/mep DWS20250814/Alimentation_DWS_PS.exe","2.0","2025-08-25T09:45:18Z","fethy.faradji@infopro-digital.com"
"11/09/2026 11:52:57","Bureau/mep DWS20250814/Alimentation_DWS_PS.exe","3.0","2025-09-10T11:58:33Z","fethy.faradji@infopro-digital.com"
"11/09/2026 11:53:01","Bureau/mep DWS20250814/Alimentation_DWS_PS.exe.manifest","1.0","2025-08-14T14:33:23Z","fethy.faradji@infopro-digital.com"
"11/09/2026 11:53:03","Bureau/mep DWS20250814/Alimentation_DWS_PS.exe.manifest","2.0","2025-08-25T09:45:19Z","fethy.faradji@infopro-digital.com"
"11/09/2026 11:53:07","Bureau/mep DWS20250814/applications_entra - Copie.csv","1.0","2025-09-01T12:37:42Z","fethy.faradji@infopro-digital.com"
"11/09/2026 11:53:12","Bureau/mep DWS20250814/applications_entra.csv","1.0","2025-08-28T14:19:31Z","fethy.faradji@infopro-digital.com"
"11/09/2026 11:53:13","Bureau/mep DWS20250814/applications_entra.csv","2.0","2025-08-28T14:29:04Z","fethy.faradji@infopro-digital.com"
"11/09/2026 11:53:15","Bureau/mep DWS20250814/applications_entra.csv","3.0","2025-08-28T14:47:07Z","fethy.faradji@infopro-digital.com"
"11/09/2026 11:53:16","Bureau/mep DWS20250814/applications_entra.csv","4.0","2025-09-01T12:37:42Z","fethy.faradji@infopro-digital.com"
"11/09/2026 11:53:17","Bureau/mep DWS20250814/applications_entra.csv","5.0","2025-09-01T13:14:31Z","fethy.faradji@infopro-digital.com"
"11/09/2026 11:53:18","Bureau/mep DWS20250814/applications_entra.csv","6.0","2025-09-01T13:19:11Z","fethy.faradji@infopro-digital.com"
"11/09/2026 11:53:20","Bureau/mep DWS20250814/applications_entra.csv","7.0","2025-09-02T13:41:36Z","fethy.faradji@infopro-digital.com"
"11/09/2026 11:53:24","Bureau/mep DWS20250814/applications_entreprise.csv","1.0","2025-09-01T11:41:55Z","fethy.faradji@infopro-digital.com"
"11/09/2026 11:53:29","Bureau/mep DWS20250814/apps_tags.csv","1.0","2025-09-02T13:46:15Z","fethy.faradji@infopro-digital.com"
"11/09/2026 11:53:31","Bureau/mep DWS20250814/apps_tags.csv","2.0","2025-09-02T14:12:52Z","fethy.faradji@infopro-digital.com"
"11/09/2026 11:53:35","Bureau/mep DWS20250814/assignations_apps_toutes.csv","1.0","2025-08-29T08:18:23Z","fethy.faradji@infopro-digital.com"
"11/09/2026 11:53:37","Bureau/mep DWS20250814/assignations_apps_toutes.csv","2.0","2025-08-29T08:33:50Z","fethy.faradji@infopro-digital.com"
"11/09/2026 11:53:41","Bureau/mep DWS20250814/entra_permissions.csv","1.0","2025-08-28T14:57:15Z","fethy.faradji@infopro-digital.com"
"11/09/2026 11:53:46","Bureau/mep DWS20250814/inventaire_applications_azure.csv","1.0","2025-08-26T08:13:11Z","fethy.faradji@infopro-digital.com"
"11/09/2026 11:53:50","Bureau/mep DWS20250814/mise a jour dm.sql","1.0","2025-08-14T13:41:23Z","fethy.faradji@infopro-digital.com"
"11/09/2026 11:53:55","Bureau/mep DWS20250814/nouveau 1.txt","1.0","2025-08-28T07:33:43Z","fethy.faradji@infopro-digital.com"
"11/09/2026 11:53:56","Bureau/mep DWS20250814/nouveau 1.txt","2.0","2025-08-28T12:03:44Z","fethy.faradji@infopro-digital.com"
"11/09/2026 11:54:00","Bureau/mep DWS20250814/nouveau 2.txt","1.0","2025-08-28T07:33:49Z","fethy.faradji@infopro-digital.com"
"11/09/2026 11:54:05","Bureau/mep synchro 20241007/ALIM_TABLE_SF.sql","1.0","2024-10-04T09:19:58Z","fethy.faradji@infopro-digital.com"
"11/09/2026 11:54:06","Bureau/mep synchro 20241007/ALIM_TABLE_SF.sql","2.0","2024-10-07T13:51:51Z","fethy.faradji@infopro-digital.com"
"11/09/2026 11:54:10","Bureau/mep synchro 20241007/SIMX_AM_IN.sql","1.0","2024-10-04T09:24:58Z","fethy.faradji@infopro-digital.com"
"11/09/2026 11:54:15","Bureau/mep synchro 20241007/SIMX_AM_IN2.sql","1.0","2024-10-04T09:24:39Z","fethy.faradji@infopro-digital.com"
"11/09/2026 11:54:20","Bureau/mep synchro 20241007/SIMX_AM_INDEX.sql","1.0","2024-10-04T09:24:07Z","fethy.faradji@infopro-digital.com"
"11/09/2026 11:54:25","Bureau/mep synchro 20241007/SIMX_AM_INDEX2.sql","1.0","2024-10-04T09:23:43Z","fethy.faradji@infopro-digital.com"
"11/09/2026 11:54:30","Bureau/mep synchro 20241007/SIMX_AM_PUB.sql","1.0","2024-10-04T09:23:24Z","fethy.faradji@infopro-digital.com"
"11/09/2026 11:54:35","Bureau/mep synchro 20241007/SIMX_AM_PUB2.sql","1.0","2024-10-04T09:23:01Z","fethy.faradji@infopro-digital.com"
"11/09/2026 11:54:36","Bureau/mep synchro 20241007/SIMX_AM_PUB2.sql","2.0","2024-10-04T09:26:18Z","fethy.faradji@infopro-digital.com"
"11/09/2026 11:54:37","Bureau/mep synchro 20241007/SIMX_AM_PUB2.sql","3.0","2024-10-04T09:26:50Z","fethy.faradji@infopro-digital.com"
"11/09/2026 11:54:41","Bureau/mep synchro 20241007/SIMX_AO_IN.sql","1.0","2024-10-04T09:22:39Z","fethy.faradji@infopro-digital.com"
"11/09/2026 11:54:42","Bureau/mep synchro 20241007/SIMX_AO_IN.sql","2.0","2024-10-04T09:27:06Z","fethy.faradji@infopro-digital.com"
"11/09/2026 11:54:47","Bureau/mep synchro 20241007/SIMX_AO_IN2.sql","1.0","2024-10-04T09:22:22Z","fethy.faradji@infopro-digital.com"
"11/09/2026 11:54:51","Bureau/mep synchro 20241007/SIMX_AO_INDEX","1.0","2024-10-04T09:22:05Z","fethy.faradji@infopro-digital.com"
"11/09/2026 11:54:55","Bureau/mep synchro 20241007/SIMX_AO_INDEX2.sql","1.0","2024-10-04T09:21:46Z","fethy.faradji@infopro-digital.com"
"11/09/2026 11:55:00","Bureau/mep synchro 20241007/SIMX_AO_PUB.sql","1.0","2024-10-04T09:21:05Z","fethy.faradji@infopro-digital.com"
"11/09/2026 11:55:05","Bureau/mep synchro 20241007/SIMX_AO_PUB2.sql","1.0","2024-10-04T09:20:30Z","fethy.faradji@infopro-digital.com"
"11/09/2026 11:55:09","Bureau/mep_sim20250612/ALIM_TABLE_SF_BODY.sql","1.0","2025-06-11T09:17:55Z","fethy.faradji@infopro-digital.com"
"11/09/2026 11:55:14","Bureau/mep_sim20250612/update_id_seuil .sql","1.0","2025-06-11T09:36:14Z","fethy.faradji@infopro-digital.com"
"11/09/2026 11:55:15","Bureau/mep_sim20250612/update_id_seuil .sql","2.0","2025-06-11T09:36:32Z","fethy.faradji@infopro-digital.com"
"11/09/2026 11:55:20","Bureau/mep05022025/.csv","1.0","2025-02-20T13:30:07Z","fethy.faradji@infopro-digital.com"
"11/09/2026 11:55:25","Bureau/mep05022025/alim_table_sf.sql","1.0","2025-02-05T08:04:33Z","fethy.faradji@infopro-digital.com"
"11/09/2026 11:55:30","Bureau/mep20250225/ALIM_TABLE_SF.sql","1.0","2025-02-17T14:37:57Z","fethy.faradji@infopro-digital.com"
"11/09/2026 11:55:32","Bureau/mep20250225/ALIM_TABLE_SF.sql","2.0","2025-02-19T15:53:23Z","fethy.faradji@infopro-digital.com"
"11/09/2026 11:55:33","Bureau/mep20250225/ALIM_TABLE_SF.sql","3.0","2025-02-19T15:53:41Z","fethy.faradji@infopro-digital.com"
"11/09/2026 11:55:37","Bureau/mep20250225/nouveau 15.txt","1.0","2025-02-24T13:25:21Z","fethy.faradji@infopro-digital.com"
"11/09/2026 11:55:41","Bureau/mep20250225/publication_seuil.csv","1.0","2025-02-20T13:29:02Z","fethy.faradji@infopro-digital.com"
"11/09/2026 11:55:42","Bureau/mep20250225/publication_seuil.csv","2.0","2025-02-20T15:32:53Z","fethy.faradji@infopro-digital.com"
"11/09/2026 11:55:47","Bureau/mep20250225/publication_seuil.csv","3.0","2025-02-20T15:45:48Z","fethy.faradji@infopro-digital.com"
"11/09/2026 11:55:52","Bureau/mep20250225/publications_seuil.txt","1.0","2025-02-20T10:58:01Z","fethy.faradji@infopro-digital.com"
"11/09/2026 11:56:00","Bureau/mep20250225/publications_seuil.txt","2.0","2025-02-20T15:36:06Z","fethy.faradji@infopro-digital.com"
"11/09/2026 11:56:12","Bureau/mep20250225/update_1.sql","1.0","2025-02-17T14:37:08Z","fethy.faradji@infopro-digital.com"
"11/09/2026 11:56:17","Bureau/mep20250603/ALIM_TABLE_SF.pls","1.0","2025-06-02T09:38:03Z","fethy.faradji@infopro-digital.com"
"11/09/2026 11:56:21","Bureau/mep20250603/AlIM_TABLE_SF_body.sql","1.0","2025-06-02T09:39:17Z","fethy.faradji@infopro-digital.com"
"11/09/2026 11:56:26","Bureau/mep20250603/AlIM_TABLE_SF_spec.sql","1.0","2025-06-02T09:39:45Z","fethy.faradji@infopro-digital.com"
"11/09/2026 11:56:27","Bureau/mep20250603/AlIM_TABLE_SF_spec.sql","2.0","2025-06-03T07:55:32Z","fethy.faradji@infopro-digital.com"
"11/09/2026 11:56:31","Bureau/mep20250603/create_table.sql","1.0","2025-06-02T09:44:37Z","fethy.faradji@infopro-digital.com"
"11/09/2026 11:56:39","Bureau/Nouveau dossier (2)/Debug/app.publish/Alimentation_DWS_PS.exe","1.0","2025-05-07T13:06:59Z","fethy.faradji@infopro-digital.com"
"11/09/2026 11:56:45","Bureau/Nouveau dossier (2)/Debug/PowerShell/AcceptedDomains.ps1","1.0","2025-04-29T12:08:32Z","fethy.faradji@infopro-digital.com"
"11/09/2026 11:56:49","Bureau/Nouveau dossier (2)/Debug/PowerShell/AlerteEchange.ps1","1.0","2025-05-07T13:01:21Z","fethy.faradji@infopro-digital.com"
"11/09/2026 11:56:54","Bureau/Nouveau dossier (2)/Debug/PowerShell/Extraction_AD_Computers.ps1","1.0","2025-03-14T10:34:41Z","fethy.faradji@infopro-digital.com"
"11/09/2026 11:56:59","Bureau/Nouveau dossier (2)/Debug/PowerShell/ExtractionAD-ANETO.ps1","1.0","2025-04-25T15:06:38Z","fethy.faradji@infopro-digital.com"
"11/09/2026 11:57:03","Bureau/Nouveau dossier (2)/Debug/PowerShell/ExtractionAD-APC.ps1","1.0","2025-04-25T15:06:38Z","fethy.faradji@infopro-digital.com"
"11/09/2026 11:57:08","Bureau/Nouveau dossier (2)/Debug/PowerShell/ExtractionAD-COMPANEO.ps1","1.0","2025-04-25T15:06:38Z","fethy.faradji@infopro-digital.com"
"11/09/2026 11:57:12","Bureau/Nouveau dossier (2)/Debug/PowerShell/ExtractionAD-DRD.ps1","1.0","2025-03-27T14:21:12Z","fethy.faradji@infopro-digital.com"
"11/09/2026 11:57:17","Bureau/Nouveau dossier (2)/Debug/PowerShell/ExtractionAD-EBP.ps1","1.0","2025-04-25T15:06:38Z","fethy.faradji@infopro-digital.com"
"11/09/2026 11:57:21","Bureau/Nouveau dossier (2)/Debug/PowerShell/ExtractionAD-GMH.ps1","1.0","2025-04-25T15:06:38Z","fethy.faradji@infopro-digital.com"
"11/09/2026 11:57:25","Bureau/Nouveau dossier (2)/Debug/PowerShell/ExtractionAD-INFO.ps1","1.0","2025-04-25T15:06:38Z","fethy.faradji@infopro-digital.com"
"11/09/2026 11:57:30","Bureau/Nouveau dossier (2)/Debug/PowerShell/ExtractionAD-VP.ps1","1.0","2025-03-27T15:08:12Z","fethy.faradji@infopro-digital.com"
"11/09/2026 11:57:34","Bureau/Nouveau dossier (2)/Debug/PowerShell/ExtractionAD-VPLUS.ps1","1.0","2025-04-25T15:06:38Z","fethy.faradji@infopro-digital.com"
"11/09/2026 11:57:39","Bureau/Nouveau dossier (2)/Debug/PowerShell/HTMLTable.ps1","1.0","2025-03-14T10:34:41Z","fethy.faradji@infopro-digital.com"
"11/09/2026 11:57:44","Bureau/Nouveau dossier (2)/Debug/PowerShell/Script_recuperation_domaines_accepte_exchange.ps1","1.0","2025-04-25T13:08:25Z","fethy.faradji@infopro-digital.com"
"11/09/2026 11:57:48","Bureau/Nouveau dossier (2)/Debug/PowerShell/User365.ps1","1.0","2025-04-25T15:17:44Z","fethy.faradji@infopro-digital.com"
"11/09/2026 11:57:53","Bureau/Nouveau dossier (2)/Debug/PowerShell/UserExcel.ps1","1.0","2025-05-07T13:02:08Z","fethy.faradji@infopro-digital.com"
"11/09/2026 11:57:58","Bureau/Nouveau dossier (2)/Debug/Alimentation_DWS_PS.application","1.0","2025-05-07T13:06:59Z","fethy.faradji@infopro-digital.com"
"11/09/2026 11:58:02","Bureau/Nouveau dossier (2)/Debug/Alimentation_DWS_PS.exe","1.0","2025-05-07T13:06:59Z","fethy.faradji@infopro-digital.com"
"11/09/2026 11:58:08","Bureau/Nouveau dossier (2)/Debug/Alimentation_DWS_PS.exe.config","1.0","2025-03-14T10:29:11Z","fethy.faradji@infopro-digital.com"
"11/09/2026 11:58:13","Bureau/Nouveau dossier (2)/Debug/Alimentation_DWS_PS.exe.manifest","1.0","2025-05-07T13:06:59Z","fethy.faradji@infopro-digital.com"
"11/09/2026 11:58:17","Bureau/Nouveau dossier (2)/Debug/Alimentation_DWS_PS.pdb","1.0","2025-05-07T13:06:59Z","fethy.faradji@infopro-digital.com"
"11/09/2026 11:58:22","Bureau/Nouveau dossier (2)/Debug/appsettings.json","1.0","2025-03-27T13:14:31Z","fethy.faradji@infopro-digital.com"
"11/09/2026 11:58:26","Bureau/Nouveau dossier (2)/Debug/Microsoft.Bcl.AsyncInterfaces.dll","1.0","2025-02-11T23:12:14Z","fethy.faradji@infopro-digital.com"
"11/09/2026 11:58:31","Bureau/Nouveau dossier (2)/Debug/Microsoft.Bcl.AsyncInterfaces.xml","1.0","2025-02-11T23:12:14Z","fethy.faradji@infopro-digital.com"
"11/09/2026 11:58:36","Bureau/Nouveau dossier (2)/Debug/Microsoft.Bcl.HashCode.dll","1.0","2020-11-16T21:15:16Z","fethy.faradji@infopro-digital.com"
"11/09/2026 11:58:41","Bureau/Nouveau dossier (2)/Debug/Microsoft.Bcl.HashCode.xml","1.0","2020-11-16T21:15:16Z","fethy.faradji@infopro-digital.com"
"11/09/2026 11:58:45","Bureau/Nouveau dossier (2)/Debug/Microsoft.Extensions.DependencyInjection.Abstractions.dll","1.0","2023-10-31T15:00:34Z","fethy.faradji@infopro-digital.com"
"11/09/2026 11:58:50","Bureau/Nouveau dossier (2)/Debug/Microsoft.Extensions.DependencyInjection.Abstractions.xml","1.0","2023-10-31T15:00:34Z","fethy.faradji@infopro-digital.com"
"11/09/2026 11:58:55","Bureau/Nouveau dossier (2)/Debug/Microsoft.Extensions.Logging.Abstractions.dll","1.0","2023-10-31T15:04:00Z","fethy.faradji@infopro-digital.com"
"11/09/2026 11:58:59","Bureau/Nouveau dossier (2)/Debug/Microsoft.Extensions.Logging.Abstractions.xml","1.0","2023-10-31T15:04:00Z","fethy.faradji@infopro-digital.com"
"11/09/2026 11:59:04","Bureau/Nouveau dossier (2)/Debug/Npgsql.dll","1.0","2025-02-24T22:00:04Z","fethy.faradji@infopro-digital.com"
"11/09/2026 11:59:09","Bureau/Nouveau dossier (2)/Debug/Npgsql.xml","1.0","2025-02-24T22:00:00Z","fethy.faradji@infopro-digital.com"
"11/09/2026 11:59:14","Bureau/Nouveau dossier (2)/Debug/System.Buffers.dll","1.0","2020-02-19T10:05:18Z","fethy.faradji@infopro-digital.com"
"11/09/2026 11:59:18","Bureau/Nouveau dossier (2)/Debug/System.Buffers.xml","1.0","2020-02-19T10:05:18Z","fethy.faradji@infopro-digital.com"
"11/09/2026 11:59:22","Bureau/Nouveau dossier (2)/Debug/System.Collections.Immutable.dll","1.0","2023-10-31T15:04:34Z","fethy.faradji@infopro-digital.com"
"11/09/2026 11:59:27","Bureau/Nouveau dossier (2)/Debug/System.Collections.Immutable.xml","1.0","2023-09-18T23:26:32Z","fethy.faradji@infopro-digital.com"
"11/09/2026 11:59:32","Bureau/Nouveau dossier (2)/Debug/System.Diagnostics.DiagnosticSource.dll","1.0","2023-10-31T15:00:46Z","fethy.faradji@infopro-digital.com"
"11/09/2026 11:59:36","Bureau/Nouveau dossier (2)/Debug/System.Diagnostics.DiagnosticSource.xml","1.0","2023-09-18T23:26:32Z","fethy.faradji@infopro-digital.com"
"11/09/2026 11:59:40","Bureau/Nouveau dossier (2)/Debug/System.IO.Pipelines.dll","1.0","2025-02-11T23:12:24Z","fethy.faradji@infopro-digital.com"
"11/09/2026 11:59:45","Bureau/Nouveau dossier (2)/Debug/System.IO.Pipelines.xml","1.0","2025-02-11T23:12:24Z","fethy.faradji@infopro-digital.com"
"11/09/2026 11:59:49","Bureau/Nouveau dossier (2)/Debug/System.Memory.dll","1.0","2022-05-08T03:31:02Z","fethy.faradji@infopro-digital.com"
"11/09/2026 11:59:54","Bureau/Nouveau dossier (2)/Debug/System.Memory.xml","1.0","2022-05-08T03:31:02Z","fethy.faradji@infopro-digital.com"
"11/09/2026 11:59:58","Bureau/Nouveau dossier (2)/Debug/System.Numerics.Vectors.dll","1.0","2018-05-15T13:29:44Z","fethy.faradji@infopro-digital.com"
"11/09/2026 12:00:03","Bureau/Nouveau dossier (2)/Debug/System.Numerics.Vectors.xml","1.0","2018-05-15T13:29:44Z","fethy.faradji@infopro-digital.com"
"11/09/2026 12:00:08","Bureau/Nouveau dossier (2)/Debug/System.Runtime.CompilerServices.Unsafe.dll","1.0","2021-10-22T23:40:18Z","fethy.faradji@infopro-digital.com"
"11/09/2026 12:00:13","Bureau/Nouveau dossier (2)/Debug/System.Runtime.CompilerServices.Unsafe.xml","1.0","2021-10-19T07:14:20Z","fethy.faradji@infopro-digital.com"
"11/09/2026 12:00:18","Bureau/Nouveau dossier (2)/Debug/System.Text.Encodings.Web.dll","1.0","2025-02-11T23:18:34Z","fethy.faradji@infopro-digital.com"
"11/09/2026 12:00:23","Bureau/Nouveau dossier (2)/Debug/System.Text.Encodings.Web.xml","1.0","2025-02-11T23:18:34Z","fethy.faradji@infopro-digital.com"
"11/09/2026 12:00:27","Bureau/Nouveau dossier (2)/Debug/System.Text.Json.dll","1.0","2025-02-11T23:18:50Z","fethy.faradji@infopro-digital.com"
"11/09/2026 12:00:34","Bureau/Nouveau dossier (2)/Debug/System.Text.Json.xml","1.0","2025-02-11T23:18:50Z","fethy.faradji@infopro-digital.com"
"11/09/2026 12:00:39","Bureau/Nouveau dossier (2)/Debug/System.Threading.Channels.dll","1.0","2023-10-31T15:09:50Z","fethy.faradji@infopro-digital.com"
"11/09/2026 12:00:44","Bureau/Nouveau dossier (2)/Debug/System.Threading.Channels.xml","1.0","2023-09-18T23:26:32Z","fethy.faradji@infopro-digital.com"
"11/09/2026 12:00:49","Bureau/Nouveau dossier (2)/Debug/System.Threading.Tasks.Extensions.dll","1.0","2020-02-19T10:05:18Z","fethy.faradji@infopro-digital.com"
"11/09/2026 12:00:53","Bureau/Nouveau dossier (2)/Debug/System.Threading.Tasks.Extensions.xml","1.0","2020-02-19T10:05:18Z","fethy.faradji@infopro-digital.com"
"11/09/2026 12:00:58","Bureau/Nouveau dossier (2)/Debug/System.ValueTuple.dll","1.0","2018-05-15T13:29:52Z","fethy.faradji@infopro-digital.com"
"11/09/2026 12:01:03","Bureau/Nouveau dossier (2)/Debug/System.ValueTuple.xml","1.0","2018-05-15T13:29:52Z","fethy.faradji@infopro-digital.com"
"11/09/2026 12:01:10","Bureau/Nouveau dossier (2)/Debug/testpowershell2.exe","1.0","2025-03-17T08:13:27Z","fethy.faradji@infopro-digital.com"
"11/09/2026 12:01:15","Bureau/Nouveau dossier (2)/Debug/testpowershell2.exe.config","1.0","2025-03-14T10:29:11Z","fethy.faradji@infopro-digital.com"
"11/09/2026 12:01:20","Bureau/Nouveau dossier (2)/Debug/testpowershell2.pdb","1.0","2025-03-17T08:13:27Z","fethy.faradji@infopro-digital.com"
"11/09/2026 12:01:25","Bureau/Nouveau dossier (3)/Alimentation_DWS_PS.application","1.0","2025-07-30T14:53:54Z","fethy.faradji@infopro-digital.com"
"11/09/2026 12:01:31","Bureau/Nouveau dossier (3)/Alimentation_DWS_PS.exe","1.0","2025-07-30T14:53:53Z","fethy.faradji@infopro-digital.com"
"11/09/2026 12:01:36","Bureau/Nouveau dossier (3)/Alimentation_DWS_PS.exe.manifest","1.0","2025-07-30T14:53:54Z","fethy.faradji@infopro-digital.com"
"11/09/2026 12:01:41","Bureau/Nouveau dossier (3)/Alimentation_DWS_PS.pdb","1.0","2025-07-30T14:53:53Z","fethy.faradji@infopro-digital.com"
"11/09/2026 12:01:47","Bureau/PowerShell/Extraction_AD_Computers.ps1","1.0","2025-03-14T10:34:41Z","fethy.faradji@infopro-digital.com"
"11/09/2026 12:01:53","Bureau/PowerShell/ExtractionAD-COMPANEO.ps1","1.0","2025-03-17T08:53:47Z","fethy.faradji@infopro-digital.com"
"11/09/2026 12:01:58","Bureau/PowerShell/ExtractionAD-GMH.ps1","1.0","2025-03-20T10:19:57Z","fethy.faradji@infopro-digital.com"
"11/09/2026 12:02:03","Bureau/PowerShell/ExtractionAD-INFO.ps1","1.0","2025-03-19T13:42:20Z","fethy.faradji@infopro-digital.com"
"11/09/2026 12:02:08","Bureau/PowerShell/HTMLTable.ps1","1.0","2025-03-14T10:34:41Z","fethy.faradji@infopro-digital.com"
"11/09/2026 12:02:15","Bureau/Setup_KPI_SECU/bin/fr/System.Web.Helpers.resources.dll","1.0","2022-05-27T23:36:48Z","fethy.faradji@infopro-digital.com"
"11/09/2026 12:02:19","Bureau/Setup_KPI_SECU/bin/fr/System.Web.Mvc.resources.dll","1.0","2022-05-27T23:37:20Z","fethy.faradji@infopro-digital.com"
"11/09/2026 12:02:23","Bureau/Setup_KPI_SECU/bin/fr/System.Web.Optimization.resources.dll","1.0","2014-02-11T15:28:42Z","fethy.faradji@infopro-digital.com"
"11/09/2026 12:02:27","Bureau/Setup_KPI_SECU/bin/fr/System.Web.Razor.resources.dll","1.0","2022-05-27T23:36:48Z","fethy.faradji@infopro-digital.com"
"11/09/2026 12:02:31","Bureau/Setup_KPI_SECU/bin/fr/System.Web.WebPages.Deployment.resources.dll","1.0","2022-05-27T23:37:06Z","fethy.faradji@infopro-digital.com"
"11/09/2026 12:02:34","Bureau/Setup_KPI_SECU/bin/fr/System.Web.WebPages.Razor.resources.dll","1.0","2022-05-27T23:37:08Z","fethy.faradji@infopro-digital.com"
"11/09/2026 12:02:38","Bureau/Setup_KPI_SECU/bin/fr/System.Web.WebPages.resources.dll","1.0","2022-05-27T23:37:08Z","fethy.faradji@infopro-digital.com"
"11/09/2026 12:02:42","Bureau/Setup_KPI_SECU/bin/roslyn/csc.exe","1.0","2018-08-08T04:38:48Z","fethy.faradji@infopro-digital.com"
"11/09/2026 12:02:46","Bureau/Setup_KPI_SECU/bin/roslyn/csc.exe.config","1.0","2018-08-08T11:18:12Z","fethy.faradji@infopro-digital.com"
"11/09/2026 12:02:50","Bureau/Setup_KPI_SECU/bin/roslyn/csc.rsp","1.0","2018-08-08T11:09:42Z","fethy.faradji@infopro-digital.com"
"11/09/2026 12:02:55","Bureau/Setup_KPI_SECU/bin/roslyn/csi.exe","1.0","2018-08-08T04:38:48Z","fethy.faradji@infopro-digital.com"
"11/09/2026 12:03:00","Bureau/Setup_KPI_SECU/bin/roslyn/csi.exe.config","1.0","2018-08-08T11:18:34Z","fethy.faradji@infopro-digital.com"
"11/09/2026 12:03:04","Bureau/Setup_KPI_SECU/bin/roslyn/csi.rsp","1.0","2018-08-08T11:09:56Z","fethy.faradji@infopro-digital.com"
"11/09/2026 12:03:08","Bureau/Setup_KPI_SECU/bin/roslyn/Microsoft.Build.Tasks.CodeAnalysis.dll","1.0","2018-08-08T04:38:48Z","fethy.faradji@infopro-digital.com"
"11/09/2026 12:03:13","Bureau/Setup_KPI_SECU/bin/roslyn/Microsoft.CodeAnalysis.CSharp.dll","1.0","2018-08-08T04:38:48Z","fethy.faradji@infopro-digital.com"
"11/09/2026 12:03:17","Bureau/Setup_KPI_SECU/bin/roslyn/Microsoft.CodeAnalysis.CSharp.Scripting.dll","1.0","2018-08-08T04:38:48Z","fethy.faradji@infopro-digital.com"
"11/09/2026 12:03:22","Bureau/Setup_KPI_SECU/bin/roslyn/Microsoft.CodeAnalysis.dll","1.0","2018-08-08T04:38:48Z","fethy.faradji@infopro-digital.com"
"11/09/2026 12:03:27","Bureau/Setup_KPI_SECU/bin/roslyn/Microsoft.CodeAnalysis.Scripting.dll","1.0","2018-08-08T04:38:48Z","fethy.faradji@infopro-digital.com"
"11/09/2026 12:03:31","Bureau/Setup_KPI_SECU/bin/roslyn/Microsoft.CodeAnalysis.VisualBasic.dll","1.0","2018-08-08T04:38:48Z","fethy.faradji@infopro-digital.com"
"11/09/2026 12:03:36","Bureau/Setup_KPI_SECU/bin/roslyn/Microsoft.CSharp.Core.targets","1.0","2018-08-08T11:09:42Z","fethy.faradji@infopro-digital.com"
"11/09/2026 12:03:40","Bureau/Setup_KPI_SECU/bin/roslyn/Microsoft.DiaSymReader.Native.amd64.dll","1.0","2017-12-05T08:36:44Z","fethy.faradji@infopro-digital.com"
"11/09/2026 12:03:45","Bureau/Setup_KPI_SECU/bin/roslyn/Microsoft.DiaSymReader.Native.x86.dll","1.0","2017-12-05T08:36:44Z","fethy.faradji@infopro-digital.com"
"11/09/2026 12:03:50","Bureau/Setup_KPI_SECU/bin/roslyn/Microsoft.Managed.Core.targets","1.0","2018-08-08T11:09:42Z","fethy.faradji@infopro-digital.com"
"11/09/2026 12:03:55","Bureau/Setup_KPI_SECU/bin/roslyn/Microsoft.VisualBasic.Core.targets","1.0","2018-08-08T11:09:42Z","fethy.faradji@infopro-digital.com"
"11/09/2026 12:03:59","Bureau/Setup_KPI_SECU/bin/roslyn/Microsoft.Win32.Primitives.dll","1.0","2016-11-05T17:55:32Z","fethy.faradji@infopro-digital.com"
"11/09/2026 12:04:03","Bureau/Setup_KPI_SECU/bin/roslyn/System.AppContext.dll","1.0","2016-11-05T17:55:34Z","fethy.faradji@infopro-digital.com"
"11/09/2026 12:04:08","Bureau/Setup_KPI_SECU/bin/roslyn/System.Collections.Immutable.dll","1.0","2018-05-16T02:29:34Z","fethy.faradji@infopro-digital.com"
"11/09/2026 12:04:13","Bureau/Setup_KPI_SECU/bin/roslyn/System.Console.dll","1.0","2016-11-05T17:55:48Z","fethy.faradji@infopro-digital.com"
"11/09/2026 12:04:17","Bureau/Setup_KPI_SECU/bin/roslyn/System.Diagnostics.DiagnosticSource.dll","1.0","2016-11-05T17:55:52Z","fethy.faradji@infopro-digital.com"
"11/09/2026 12:04:21","Bureau/Setup_KPI_SECU/bin/roslyn/System.Diagnostics.FileVersionInfo.dll","1.0","2016-11-05T17:55:56Z","fethy.faradji@infopro-digital.com"
"11/09/2026 12:04:25","Bureau/Setup_KPI_SECU/bin/roslyn/System.Diagnostics.StackTrace.dll","1.0","2016-11-05T17:55:52Z","fethy.faradji@infopro-digital.com"
"11/09/2026 12:04:29","Bureau/Setup_KPI_SECU/bin/roslyn/System.Globalization.Calendars.dll","1.0","2016-11-05T17:56:02Z","fethy.faradji@infopro-digital.com"
"11/09/2026 12:04:33","Bureau/Setup_KPI_SECU/bin/roslyn/System.IO.Compression.dll","1.0","2016-11-05T17:56:08Z","fethy.faradji@infopro-digital.com"
"11/09/2026 12:04:37","Bureau/Setup_KPI_SECU/bin/roslyn/System.IO.Compression.ZipFile.dll","1.0","2016-11-05T17:56:04Z","fethy.faradji@infopro-digital.com"
"11/09/2026 12:04:42","Bureau/Setup_KPI_SECU/bin/roslyn/System.IO.FileSystem.dll","1.0","2016-11-05T17:56:08Z","fethy.faradji@infopro-digital.com"
"11/09/2026 12:04:46","Bureau/Setup_KPI_SECU/bin/roslyn/System.IO.FileSystem.Primitives.dll","1.0","2016-11-05T17:56:08Z","fethy.faradji@infopro-digital.com"
"11/09/2026 12:04:51","Bureau/Setup_KPI_SECU/bin/roslyn/System.Net.Http.dll","1.0","2016-11-05T17:56:30Z","fethy.faradji@infopro-digital.com"
"11/09/2026 12:04:55","Bureau/Setup_KPI_SECU/bin/roslyn/System.Net.Sockets.dll","1.0","2016-11-05T17:56:34Z","fethy.faradji@infopro-digital.com"
"11/09/2026 12:04:59","Bureau/Setup_KPI_SECU/bin/roslyn/System.Reflection.Metadata.dll","1.0","2018-05-16T02:29:44Z","fethy.faradji@infopro-digital.com"
"11/09/2026 12:05:03","Bureau/Setup_KPI_SECU/bin/roslyn/System.Runtime.InteropServices.RuntimeInformation.dll","1.0","2016-11-05T17:57:00Z","fethy.faradji@infopro-digital.com"
"11/09/2026 12:05:07","Bureau/Setup_KPI_SECU/bin/roslyn/System.Security.Cryptography.Algorithms.dll","1.0","2016-11-05T17:57:14Z","fethy.faradji@infopro-digital.com"
"11/09/2026 12:05:11","Bureau/Setup_KPI_SECU/bin/roslyn/System.Security.Cryptography.Encoding.dll","1.0","2016-11-05T17:57:08Z","fethy.faradji@infopro-digital.com"
"11/09/2026 12:05:15","Bureau/Setup_KPI_SECU/bin/roslyn/System.Security.Cryptography.Primitives.dll","1.0","2016-11-05T17:57:18Z","fethy.faradji@infopro-digital.com"
"11/09/2026 12:05:19","Bureau/Setup_KPI_SECU/bin/roslyn/System.Security.Cryptography.X509Certificates.dll","1.0","2016-11-05T17:57:18Z","fethy.faradji@infopro-digital.com"
"11/09/2026 12:05:23","Bureau/Setup_KPI_SECU/bin/roslyn/System.Text.Encoding.CodePages.dll","1.0","2016-11-05T17:57:20Z","fethy.faradji@infopro-digital.com"
"11/09/2026 12:05:27","Bureau/Setup_KPI_SECU/bin/roslyn/System.Threading.Tasks.Extensions.dll","1.0","2016-11-05T17:57:24Z","fethy.faradji@infopro-digital.com"
"11/09/2026 12:05:31","Bureau/Setup_KPI_SECU/bin/roslyn/System.ValueTuple.dll","1.0","2016-11-05T17:57:30Z","fethy.faradji@infopro-digital.com"
"11/09/2026 12:05:35","Bureau/Setup_KPI_SECU/bin/roslyn/System.Xml.ReaderWriter.dll","1.0","2016-11-05T17:57:36Z","fethy.faradji@infopro-digital.com"
"11/09/2026 12:05:39","Bureau/Setup_KPI_SECU/bin/roslyn/System.Xml.XmlDocument.dll","1.0","2016-11-05T17:57:34Z","fethy.faradji@infopro-digital.com"
"11/09/2026 12:05:43","Bureau/Setup_KPI_SECU/bin/roslyn/System.Xml.XPath.dll","1.0","2016-11-05T17:57:40Z","fethy.faradji@infopro-digital.com"
"11/09/2026 12:05:47","Bureau/Setup_KPI_SECU/bin/roslyn/System.Xml.XPath.XDocument.dll","1.0","2016-11-05T17:57:34Z","fethy.faradji@infopro-digital.com"
"11/09/2026 12:05:52","Bureau/Setup_KPI_SECU/bin/roslyn/vbc.exe","1.0","2018-08-08T04:38:48Z","fethy.faradji@infopro-digital.com"
"11/09/2026 12:05:56","Bureau/Setup_KPI_SECU/bin/roslyn/vbc.exe.config","1.0","2018-08-08T11:18:18Z","fethy.faradji@infopro-digital.com"
"11/09/2026 12:06:00","Bureau/Setup_KPI_SECU/bin/roslyn/vbc.rsp","1.0","2018-08-08T11:09:46Z","fethy.faradji@infopro-digital.com"
"11/09/2026 12:06:04","Bureau/Setup_KPI_SECU/bin/roslyn/VBCSCompiler.exe","1.0","2018-08-08T04:38:48Z","fethy.faradji@infopro-digital.com"
"11/09/2026 12:06:08","Bureau/Setup_KPI_SECU/bin/roslyn/VBCSCompiler.exe.config","1.0","2018-08-08T11:18:16Z","fethy.faradji@infopro-digital.com"
"11/09/2026 12:06:13","Bureau/Setup_KPI_SECU/bin/Antlr3.Runtime.dll","1.0","2013-09-10T15:29:20Z","fethy.faradji@infopro-digital.com"
"11/09/2026 12:06:18","Bureau/Setup_KPI_SECU/bin/Antlr3.Runtime.pdb","1.0","2013-09-10T15:29:20Z","fethy.faradji@infopro-digital.com"
"11/09/2026 12:06:22","Bureau/Setup_KPI_SECU/bin/Dapper.dll","1.0","2025-02-06T12:15:40Z","fethy.faradji@infopro-digital.com"
"11/09/2026 12:06:27","Bureau/Setup_KPI_SECU/bin/Microsoft.Bcl.AsyncInterfaces.dll","1.0","2024-12-10T21:05:40Z","fethy.faradji@infopro-digital.com"
"11/09/2026 12:06:31","Bureau/Setup_KPI_SECU/bin/Microsoft.Bcl.HashCode.dll","1.0","2020-11-16T21:15:16Z","fethy.faradji@infopro-digital.com"
"11/09/2026 12:06:36","Bureau/Setup_KPI_SECU/bin/Microsoft.CodeDom.Providers.DotNetCompilerPlatform.dll","1.0","2018-09-05T15:10:50Z","fethy.faradji@infopro-digital.com"
"11/09/2026 12:06:40","Bureau/Setup_KPI_SECU/bin/Microsoft.Extensions.DependencyInjection.Abstractions.dll","1.0","2023-10-31T15:00:34Z","fethy.faradji@infopro-digital.com"
"11/09/2026 12:06:44","Bureau/Setup_KPI_SECU/bin/Microsoft.Extensions.Logging.Abstractions.dll","1.0","2023-10-31T15:04:00Z","fethy.faradji@infopro-digital.com"
"11/09/2026 12:06:47","Bureau/Setup_KPI_SECU/bin/Microsoft.Web.Infrastructure.dll","1.0","2022-04-11T17:09:46Z","fethy.faradji@infopro-digital.com"
"11/09/2026 12:06:51","Bureau/Setup_KPI_SECU/bin/Newtonsoft.Json.dll","1.0","2023-03-08T05:09:56Z","fethy.faradji@infopro-digital.com"
"11/09/2026 12:06:56","Bureau/Setup_KPI_SECU/bin/Npgsql.dll","1.0","2024-11-18T16:58:10Z","fethy.faradji@infopro-digital.com"
"11/09/2026 12:07:00","Bureau/Setup_KPI_SECU/bin/SetupDWSecurite.dll","1.0","2025-04-01T14:37:41Z","fethy.faradji@infopro-digital.com"
"11/09/2026 12:07:01","Bureau/Setup_KPI_SECU/bin/SetupDWSecurite.dll","2.0","2025-04-03T08:54:26Z","fethy.faradji@infopro-digital.com"
"11/09/2026 12:07:02","Bureau/Setup_KPI_SECU/bin/SetupDWSecurite.dll","3.0","2025-04-03T13:25:57Z","fethy.faradji@infopro-digital.com"
"11/09/2026 12:07:03","Bureau/Setup_KPI_SECU/bin/SetupDWSecurite.dll","4.0","2025-04-03T13:34:19Z","fethy.faradji@infopro-digital.com"
"11/09/2026 12:07:05","Bureau/Setup_KPI_SECU/bin/SetupDWSecurite.dll","5.0","2025-04-03T13:39:29Z","fethy.faradji@infopro-digital.com"
"11/09/2026 12:07:06","Bureau/Setup_KPI_SECU/bin/SetupDWSecurite.dll","6.0","2025-04-09T12:14:56Z","fethy.faradji@infopro-digital.com"
"11/09/2026 12:07:06","Bureau/Setup_KPI_SECU/bin/SetupDWSecurite.dll","7.0","2025-04-09T13:33:44Z","fethy.faradji@infopro-digital.com"
"11/09/2026 12:07:07","Bureau/Setup_KPI_SECU/bin/SetupDWSecurite.dll","8.0","2025-04-09T14:10:32Z","fethy.faradji@infopro-digital.com"
"11/09/2026 12:07:09","Bureau/Setup_KPI_SECU/bin/SetupDWSecurite.dll","9.0","2025-04-14T09:34:25Z","fethy.faradji@infopro-digital.com"
"11/09/2026 12:07:12","Bureau/Setup_KPI_SECU/bin/SetupDWSecurite.pdb","1.0","2025-04-01T14:37:41Z","fethy.faradji@infopro-digital.com"
"11/09/2026 12:07:14","Bureau/Setup_KPI_SECU/bin/SetupDWSecurite.pdb","2.0","2025-04-03T08:54:26Z","fethy.faradji@infopro-digital.com"
"11/09/2026 12:07:15","Bureau/Setup_KPI_SECU/bin/SetupDWSecurite.pdb","3.0","2025-04-03T13:25:57Z","fethy.faradji@infopro-digital.com"
"11/09/2026 12:07:16","Bureau/Setup_KPI_SECU/bin/SetupDWSecurite.pdb","4.0","2025-04-03T13:34:19Z","fethy.faradji@infopro-digital.com"
"11/09/2026 12:07:17","Bureau/Setup_KPI_SECU/bin/SetupDWSecurite.pdb","5.0","2025-04-03T13:39:29Z","fethy.faradji@infopro-digital.com"
"11/09/2026 12:07:18","Bureau/Setup_KPI_SECU/bin/SetupDWSecurite.pdb","6.0","2025-04-09T12:14:56Z","fethy.faradji@infopro-digital.com"
"11/09/2026 12:07:19","Bureau/Setup_KPI_SECU/bin/SetupDWSecurite.pdb","7.0","2025-04-09T13:33:44Z","fethy.faradji@infopro-digital.com"
"11/09/2026 12:07:21","Bureau/Setup_KPI_SECU/bin/SetupDWSecurite.pdb","8.0","2025-04-09T14:10:32Z","fethy.faradji@infopro-digital.com"
"11/09/2026 12:07:22","Bureau/Setup_KPI_SECU/bin/SetupDWSecurite.pdb","9.0","2025-04-14T09:34:25Z","fethy.faradji@infopro-digital.com"
"11/09/2026 12:07:26","Bureau/Setup_KPI_SECU/bin/System.Buffers.dll","1.0","2020-02-19T10:05:18Z","fethy.faradji@infopro-digital.com"
"11/09/2026 12:07:30","Bureau/Setup_KPI_SECU/bin/System.Collections.Immutable.dll","1.0","2023-10-31T15:04:34Z","fethy.faradji@infopro-digital.com"
"11/09/2026 12:07:33","Bureau/Setup_KPI_SECU/bin/System.Diagnostics.DiagnosticSource.dll","1.0","2023-10-31T15:00:46Z","fethy.faradji@infopro-digital.com"
"11/09/2026 12:07:37","Bureau/Setup_KPI_SECU/bin/System.Memory.dll","1.0","2022-05-08T03:31:02Z","fethy.faradji@infopro-digital.com"
"11/09/2026 12:07:40","Bureau/Setup_KPI_SECU/bin/System.Numerics.Vectors.dll","1.0","2018-05-15T13:29:44Z","fethy.faradji@infopro-digital.com"
"11/09/2026 12:07:44","Bureau/Setup_KPI_SECU/bin/System.Runtime.CompilerServices.Unsafe.dll","1.0","2021-10-22T23:40:18Z","fethy.faradji@infopro-digital.com"
"11/09/2026 12:07:48","Bureau/Setup_KPI_SECU/bin/System.Text.Encodings.Web.dll","1.0","2023-10-31T15:00:28Z","fethy.faradji@infopro-digital.com"
"11/09/2026 12:07:51","Bureau/Setup_KPI_SECU/bin/System.Text.Json.dll","1.0","2024-09-16T23:15:02Z","fethy.faradji@infopro-digital.com"
"11/09/2026 12:07:55","Bureau/Setup_KPI_SECU/bin/System.Threading.Channels.dll","1.0","2023-10-31T15:09:50Z","fethy.faradji@infopro-digital.com"
"11/09/2026 12:07:59","Bureau/Setup_KPI_SECU/bin/System.Threading.Tasks.Extensions.dll","1.0","2020-02-19T10:05:18Z","fethy.faradji@infopro-digital.com"
"11/09/2026 12:08:02","Bureau/Setup_KPI_SECU/bin/System.ValueTuple.dll","1.0","2018-05-15T13:29:52Z","fethy.faradji@infopro-digital.com"
"11/09/2026 12:08:06","Bureau/Setup_KPI_SECU/bin/System.Web.Helpers.dll","1.0","2022-05-27T21:41:54Z","fethy.faradji@infopro-digital.com"
"11/09/2026 12:08:10","Bureau/Setup_KPI_SECU/bin/System.Web.Mvc.dll","1.0","2022-05-27T21:42:20Z","fethy.faradji@infopro-digital.com"
"11/09/2026 12:08:13","Bureau/Setup_KPI_SECU/bin/System.Web.Optimization.dll","1.0","2014-02-11T14:26:04Z","fethy.faradji@infopro-digital.com"
"11/09/2026 12:08:16","Bureau/Setup_KPI_SECU/bin/System.Web.Razor.dll","1.0","2022-05-27T21:42:06Z","fethy.faradji@infopro-digital.com"
"11/09/2026 12:08:20","Bureau/Setup_KPI_SECU/bin/System.Web.WebPages.Deployment.dll","1.0","2022-05-27T21:42:46Z","fethy.faradji@infopro-digital.com"
"11/09/2026 12:08:24","Bureau/Setup_KPI_SECU/bin/System.Web.WebPages.dll","1.0","2022-05-27T21:42:16Z","fethy.faradji@infopro-digital.com"
"11/09/2026 12:08:28","Bureau/Setup_KPI_SECU/bin/System.Web.WebPages.Razor.dll","1.0","2022-05-27T21:42:50Z","fethy.faradji@infopro-digital.com"
"11/09/2026 12:08:31","Bureau/Setup_KPI_SECU/bin/WebGrease.dll","1.0","2014-01-23T12:57:34Z","fethy.faradji@infopro-digital.com"
"11/09/2026 12:08:35","Bureau/Setup_KPI_SECU/Content/bootstrap.css","1.0","2025-04-09T09:11:28Z","fethy.faradji@infopro-digital.com"
"11/09/2026 12:08:39","Bureau/Setup_KPI_SECU/Content/bootstrap.css.map","1.0","2025-02-06T13:22:56Z","fethy.faradji@infopro-digital.com"
"11/09/2026 12:08:44","Bureau/Setup_KPI_SECU/Content/bootstrap.min.css","1.0","2025-02-06T13:22:56Z","fethy.faradji@infopro-digital.com"
"11/09/2026 12:08:48","Bureau/Setup_KPI_SECU/Content/bootstrap.min.css.map","1.0","2025-02-06T13:22:56Z","fethy.faradji@infopro-digital.com"
"11/09/2026 12:08:53","Bureau/Setup_KPI_SECU/Content/bootstrap.rtl.css","1.0","2025-02-06T13:22:56Z","fethy.faradji@infopro-digital.com"
"11/09/2026 12:08:57","Bureau/Setup_KPI_SECU/Content/bootstrap.rtl.css.map","1.0","2025-02-06T13:22:56Z","fethy.faradji@infopro-digital.com"
"11/09/2026 12:09:02","Bureau/Setup_KPI_SECU/Content/bootstrap.rtl.min.css","1.0","2025-02-06T13:22:56Z","fethy.faradji@infopro-digital.com"
"11/09/2026 12:09:07","Bureau/Setup_KPI_SECU/Content/bootstrap.rtl.min.css.map","1.0","2025-02-06T13:22:56Z","fethy.faradji@infopro-digital.com"
"11/09/2026 12:09:12","Bureau/Setup_KPI_SECU/Content/bootstrap-grid.css","1.0","2025-02-06T13:22:57Z","fethy.faradji@infopro-digital.com"
"11/09/2026 12:09:16","Bureau/Setup_KPI_SECU/Content/bootstrap-grid.css.map","1.0","2025-02-06T13:22:57Z","fethy.faradji@infopro-digital.com"
"11/09/2026 12:09:21","Bureau/Setup_KPI_SECU/Content/bootstrap-grid.min.css","1.0","2025-02-06T13:22:57Z","fethy.faradji@infopro-digital.com"
"11/09/2026 12:09:25","Bureau/Setup_KPI_SECU/Content/bootstrap-grid.min.css.map","1.0","2025-02-06T13:22:57Z","fethy.faradji@infopro-digital.com"
"11/09/2026 12:09:30","Bureau/Setup_KPI_SECU/Content/bootstrap-grid.rtl.css","1.0","2025-02-06T13:22:57Z","fethy.faradji@infopro-digital.com"
"11/09/2026 12:09:36","Bureau/Setup_KPI_SECU/Content/bootstrap-grid.rtl.css.map","1.0","2025-02-06T13:22:57Z","fethy.faradji@infopro-digital.com"
"11/09/2026 12:09:40","Bureau/Setup_KPI_SECU/Content/bootstrap-grid.rtl.min.css","1.0","2025-02-06T13:22:57Z","fethy.faradji@infopro-digital.com"
"11/09/2026 12:09:45","Bureau/Setup_KPI_SECU/Content/bootstrap-grid.rtl.min.css.map","1.0","2025-02-06T13:22:57Z","fethy.faradji@infopro-digital.com"
"11/09/2026 12:09:50","Bureau/Setup_KPI_SECU/Content/bootstrap-reboot.css","1.0","2025-02-06T13:22:57Z","fethy.faradji@infopro-digital.com"
"11/09/2026 12:09:55","Bureau/Setup_KPI_SECU/Content/bootstrap-reboot.css.map","1.0","2025-02-06T13:22:57Z","fethy.faradji@infopro-digital.com"
"11/09/2026 12:10:02","Bureau/Setup_KPI_SECU/Content/bootstrap-reboot.min.css","1.0","2025-02-06T13:22:57Z","fethy.faradji@infopro-digital.com"
"11/09/2026 12:10:11","Bureau/Setup_KPI_SECU/Content/bootstrap-reboot.min.css.map","1.0","2025-02-06T13:22:57Z","fethy.faradji@infopro-digital.com"
"11/09/2026 12:10:17","Bureau/Setup_KPI_SECU/Content/bootstrap-reboot.rtl.css","1.0","2025-02-06T13:22:57Z","fethy.faradji@infopro-digital.com"
"11/09/2026 12:10:22","Bureau/Setup_KPI_SECU/Content/bootstrap-reboot.rtl.css.map","1.0","2025-02-06T13:22:57Z","fethy.faradji@infopro-digital.com"
"11/09/2026 12:10:27","Bureau/Setup_KPI_SECU/Content/bootstrap-reboot.rtl.min.css","1.0","2025-02-06T13:22:57Z","fethy.faradji@infopro-digital.com"
"11/09/2026 12:10:32","Bureau/Setup_KPI_SECU/Content/bootstrap-reboot.rtl.min.css.map","1.0","2025-02-06T13:22:57Z","fethy.faradji@infopro-digital.com"
"11/09/2026 12:10:38","Bureau/Setup_KPI_SECU/Content/bootstrap-utilities.css","1.0","2025-02-06T13:22:57Z","fethy.faradji@infopro-digital.com"
"11/09/2026 12:10:43","Bureau/Setup_KPI_SECU/Content/bootstrap-utilities.css.map","1.0","2025-02-06T13:22:57Z","fethy.faradji@infopro-digital.com"
"11/09/2026 12:10:48","Bureau/Setup_KPI_SECU/Content/bootstrap-utilities.min.css","1.0","2025-02-06T13:22:56Z","fethy.faradji@infopro-digital.com"
"11/09/2026 12:10:54","Bureau/Setup_KPI_SECU/Content/bootstrap-utilities.min.css.map","1.0","2025-02-06T13:22:56Z","fethy.faradji@infopro-digital.com"
"11/09/2026 12:10:59","Bureau/Setup_KPI_SECU/Content/bootstrap-utilities.rtl.css","1.0","2025-02-06T13:22:56Z","fethy.faradji@infopro-digital.com"
"11/09/2026 12:11:04","Bureau/Setup_KPI_SECU/Content/bootstrap-utilities.rtl.css.map","1.0","2025-02-06T13:22:56Z","fethy.faradji@infopro-digital.com"
"11/09/2026 12:11:09","Bureau/Setup_KPI_SECU/Content/bootstrap-utilities.rtl.min.css","1.0","2025-02-06T13:22:56Z","fethy.faradji@infopro-digital.com"
"11/09/2026 12:11:15","Bureau/Setup_KPI_SECU/Content/bootstrap-utilities.rtl.min.css.map","1.0","2025-02-06T13:22:56Z","fethy.faradji@infopro-digital.com"
"11/09/2026 12:11:20","Bureau/Setup_KPI_SECU/Content/Site.css","1.0","2025-02-06T13:22:50Z","fethy.faradji@infopro-digital.com"
"11/09/2026 12:11:21","Bureau/Setup_KPI_SECU/Content/Site.css","2.0","2025-04-09T09:36:53Z","fethy.faradji@infopro-digital.com"
"11/09/2026 12:11:26","Bureau/Setup_KPI_SECU/Ressources/home.png","1.0","2025-04-09T13:00:09Z","fethy.faradji@infopro-digital.com"
"11/09/2026 12:11:32","Bureau/Setup_KPI_SECU/Ressources/infopro-logo-petit.png","1.0","2025-02-17T15:26:08Z","fethy.faradji@infopro-digital.com"
"11/09/2026 12:11:37","Bureau/Setup_KPI_SECU/Ressources/meteo.png","1.0","2025-04-09T12:09:22Z","fethy.faradji@infopro-digital.com"
"11/09/2026 12:11:42","Bureau/Setup_KPI_SECU/Scripts/bootstrap.bundle.js","1.0","2025-02-06T13:22:56Z","fethy.faradji@infopro-digital.com"
"11/09/2026 12:11:47","Bureau/Setup_KPI_SECU/Scripts/bootstrap.bundle.js.map","1.0","2025-02-06T13:22:56Z","fethy.faradji@infopro-digital.com"
"11/09/2026 12:11:52","Bureau/Setup_KPI_SECU/Scripts/bootstrap.bundle.min.js","1.0","2025-02-06T13:22:56Z","fethy.faradji@infopro-digital.com"
"11/09/2026 12:11:57","Bureau/Setup_KPI_SECU/Scripts/bootstrap.bundle.min.js.map","1.0","2025-02-06T13:22:56Z","fethy.faradji@infopro-digital.com"
"11/09/2026 12:12:02","Bureau/Setup_KPI_SECU/Scripts/bootstrap.esm.js","1.0","2025-02-06T13:22:56Z","fethy.faradji@infopro-digital.com"
"11/09/2026 12:12:07","Bureau/Setup_KPI_SECU/Scripts/bootstrap.esm.js.map","1.0","2025-02-06T13:22:56Z","fethy.faradji@infopro-digital.com"
"11/09/2026 12:12:11","Bureau/Setup_KPI_SECU/Scripts/bootstrap.esm.min.js","1.0","2025-02-06T13:22:56Z","fethy.faradji@infopro-digital.com"
"11/09/2026 12:12:16","Bureau/Setup_KPI_SECU/Scripts/bootstrap.esm.min.js.map","1.0","2025-02-06T13:22:56Z","fethy.faradji@infopro-digital.com"
"11/09/2026 12:12:21","Bureau/Setup_KPI_SECU/Scripts/bootstrap.js","1.0","2025-02-06T13:22:56Z","fethy.faradji@infopro-digital.com"
"11/09/2026 12:12:26","Bureau/Setup_KPI_SECU/Scripts/bootstrap.js.map","1.0","2025-02-06T13:22:56Z","fethy.faradji@infopro-digital.com"
"11/09/2026 12:12:31","Bureau/Setup_KPI_SECU/Scripts/bootstrap.min.js","1.0","2025-02-06T13:22:56Z","fethy.faradji@infopro-digital.com"
"11/09/2026 12:12:35","Bureau/Setup_KPI_SECU/Scripts/bootstrap.min.js.map","1.0","2025-02-06T13:22:56Z","fethy.faradji@infopro-digital.com"
"11/09/2026 12:12:40","Bureau/Setup_KPI_SECU/Scripts/jquery.validate.js","1.0","2025-02-06T13:23:02Z","fethy.faradji@infopro-digital.com"
"11/09/2026 12:12:45","Bureau/Setup_KPI_SECU/Scripts/jquery.validate.min.js","1.0","2025-02-06T13:23:02Z","fethy.faradji@infopro-digital.com"
"11/09/2026 12:12:50","Bureau/Setup_KPI_SECU/Scripts/jquery.validate.unobtrusive.js","1.0","2025-02-06T13:23:02Z","fethy.faradji@infopro-digital.com"
"11/09/2026 12:12:56","Bureau/Setup_KPI_SECU/Scripts/jquery.validate.unobtrusive.min.js","1.0","2025-02-06T13:23:02Z","fethy.faradji@infopro-digital.com"
"11/09/2026 12:13:00","Bureau/Setup_KPI_SECU/Scripts/jquery-3.7.0.js","1.0","2025-02-06T13:22:57Z","fethy.faradji@infopro-digital.com"
"11/09/2026 12:13:05","Bureau/Setup_KPI_SECU/Scripts/jquery-3.7.0.min.js","1.0","2025-02-06T13:22:57Z","fethy.faradji@infopro-digital.com"
"11/09/2026 12:13:12","Bureau/Setup_KPI_SECU/Scripts/jquery-3.7.0.min.map","1.0","2025-02-06T13:22:57Z","fethy.faradji@infopro-digital.com"
"11/09/2026 12:13:18","Bureau/Setup_KPI_SECU/Scripts/jquery-3.7.0.slim.js","1.0","2025-02-06T13:22:57Z","fethy.faradji@infopro-digital.com"
"11/09/2026 12:13:22","Bureau/Setup_KPI_SECU/Scripts/jquery-3.7.0.slim.min.js","1.0","2025-02-06T13:22:57Z","fethy.faradji@infopro-digital.com"
"11/09/2026 12:13:27","Bureau/Setup_KPI_SECU/Scripts/jquery-3.7.0.slim.min.map","1.0","2025-02-06T13:22:57Z","fethy.faradji@infopro-digital.com"
"11/09/2026 12:13:32","Bureau/Setup_KPI_SECU/Scripts/modernizr-2.8.3.js","1.0","2025-02-06T13:23:01Z","fethy.faradji@infopro-digital.com"
"11/09/2026 12:13:37","Bureau/Setup_KPI_SECU/Views/DimOS/OperatingSystem.cshtml","1.0","2025-04-01T14:45:46Z","fethy.faradji@infopro-digital.com"
"11/09/2026 12:13:39","Bureau/Setup_KPI_SECU/Views/DimOS/OperatingSystem.cshtml","2.0","2025-04-14T09:12:03Z","fethy.faradji@infopro-digital.com"
"11/09/2026 12:13:43","Bureau/Setup_KPI_SECU/Views/DimOU/OrganizationUnit.cshtml","1.0","2025-04-01T14:44:59Z","fethy.faradji@infopro-digital.com"
"11/09/2026 12:13:49","Bureau/Setup_KPI_SECU/Views/Home/About.cshtml","1.0","2025-02-06T13:22:50Z","fethy.faradji@infopro-digital.com"
"11/09/2026 12:13:54","Bureau/Setup_KPI_SECU/Views/Home/AccessDenied.cshtml","1.0","2025-02-18T15:36:17Z","fethy.faradji@infopro-digital.com"
"11/09/2026 12:13:58","Bureau/Setup_KPI_SECU/Views/Home/Contact.cshtml","1.0","2025-02-06T13:22:50Z","fethy.faradji@infopro-digital.com"
"11/09/2026 12:14:02","Bureau/Setup_KPI_SECU/Views/Home/Index.cshtml","1.0","2025-04-01T14:37:23Z","fethy.faradji@infopro-digital.com"
"11/09/2026 12:14:04","Bureau/Setup_KPI_SECU/Views/Home/Index.cshtml","2.0","2025-04-02T13:37:44Z","fethy.faradji@infopro-digital.com"
"11/09/2026 12:14:05","Bureau/Setup_KPI_SECU/Views/Home/Index.cshtml","3.0","2025-04-09T12:13:48Z","fethy.faradji@infopro-digital.com"
"11/09/2026 12:14:06","Bureau/Setup_KPI_SECU/Views/Home/Index.cshtml","4.0","2025-04-09T14:10:10Z","fethy.faradji@infopro-digital.com"
"11/09/2026 12:14:08","Bureau/Setup_KPI_SECU/Views/Home/Index.cshtml","5.0","2025-04-14T09:04:13Z","fethy.faradji@infopro-digital.com"
"11/09/2026 12:14:12","Bureau/Setup_KPI_SECU/Views/Shared/_Layout.cshtml","1.0","2025-02-19T10:43:31Z","fethy.faradji@infopro-digital.com"
"11/09/2026 12:14:14","Bureau/Setup_KPI_SECU/Views/Shared/_Layout.cshtml","2.0","2025-04-02T13:37:11Z","fethy.faradji@infopro-digital.com"
"11/09/2026 12:14:15","Bureau/Setup_KPI_SECU/Views/Shared/_Layout.cshtml","3.0","2025-04-03T13:25:39Z","fethy.faradji@infopro-digital.com"
"11/09/2026 12:14:17","Bureau/Setup_KPI_SECU/Views/Shared/_Layout.cshtml","4.0","2025-04-09T13:30:58Z","fethy.faradji@infopro-digital.com"
"11/09/2026 12:14:21","Bureau/Setup_KPI_SECU/Views/Shared/Error.cshtml","1.0","2025-02-06T13:23:03Z","fethy.faradji@infopro-digital.com"
"11/09/2026 12:14:26","Bureau/Setup_KPI_SECU/Views/USERS/USERS.cshtml","1.0","2025-04-01T14:42:45Z","fethy.faradji@infopro-digital.com"
"11/09/2026 12:14:27","Bureau/Setup_KPI_SECU/Views/USERS/USERS.cshtml","2.0","2025-04-03T08:50:24Z","fethy.faradji@infopro-digital.com"
"11/09/2026 12:14:28","Bureau/Setup_KPI_SECU/Views/USERS/USERS.cshtml","3.0","2025-04-03T13:34:13Z","fethy.faradji@infopro-digital.com"
"11/09/2026 12:14:33","Bureau/Setup_KPI_SECU/Views/_ViewStart.cshtml","1.0","2025-02-06T13:22:50Z","fethy.faradji@infopro-digital.com"
"11/09/2026 12:14:38","Bureau/Setup_KPI_SECU/Views/Web.config","1.0","2025-02-11T13:53:24Z","fethy.faradji@infopro-digital.com"
"11/09/2026 12:14:42","Bureau/Setup_KPI_SECU/favicon.ico","1.0","2025-02-06T13:22:50Z","fethy.faradji@infopro-digital.com"
"11/09/2026 12:14:47","Bureau/Setup_KPI_SECU/Global.asax","1.0","2025-02-06T13:22:50Z","fethy.faradji@infopro-digital.com"
"11/09/2026 12:14:51","Bureau/Setup_KPI_SECU/Web.config","1.0","2025-04-03T08:54:27Z","fethy.faradji@infopro-digital.com"
"11/09/2026 12:14:57","Bureau/Setup-creamodifAD/bin/fr/System.Web.Helpers.resources.dll","1.0","2022-05-27T23:36:48Z","fethy.faradji@infopro-digital.com"
"11/09/2026 12:15:01","Bureau/Setup-creamodifAD/bin/fr/System.Web.Mvc.resources.dll","1.0","2022-05-27T23:37:20Z","fethy.faradji@infopro-digital.com"
"11/09/2026 12:15:04","Bureau/Setup-creamodifAD/bin/fr/System.Web.Optimization.resources.dll","1.0","2014-02-11T15:28:42Z","fethy.faradji@infopro-digital.com"
"11/09/2026 12:15:08","Bureau/Setup-creamodifAD/bin/fr/System.Web.Razor.resources.dll","1.0","2022-05-27T23:36:48Z","fethy.faradji@infopro-digital.com"
"11/09/2026 12:15:11","Bureau/Setup-creamodifAD/bin/fr/System.Web.WebPages.Deployment.resources.dll","1.0","2022-05-27T23:37:06Z","fethy.faradji@infopro-digital.com"
"11/09/2026 12:15:15","Bureau/Setup-creamodifAD/bin/fr/System.Web.WebPages.Razor.resources.dll","1.0","2022-05-27T23:37:08Z","fethy.faradji@infopro-digital.com"
"11/09/2026 12:15:19","Bureau/Setup-creamodifAD/bin/fr/System.Web.WebPages.resources.dll","1.0","2022-05-27T23:37:08Z","fethy.faradji@infopro-digital.com"
"11/09/2026 12:15:23","Bureau/Setup-creamodifAD/bin/roslyn/csc.exe","1.0","2018-08-08T04:38:48Z","fethy.faradji@infopro-digital.com"
"11/09/2026 12:15:26","Bureau/Setup-creamodifAD/bin/roslyn/csc.exe.config","1.0","2018-08-08T11:18:12Z","fethy.faradji@infopro-digital.com"
"11/09/2026 12:15:29","Bureau/Setup-creamodifAD/bin/roslyn/csc.rsp","1.0","2018-08-08T11:09:42Z","fethy.faradji@infopro-digital.com"
"11/09/2026 12:15:34","Bureau/Setup-creamodifAD/bin/roslyn/csi.exe","1.0","2018-08-08T04:38:48Z","fethy.faradji@infopro-digital.com"
"11/09/2026 12:15:38","Bureau/Setup-creamodifAD/bin/roslyn/csi.exe.config","1.0","2018-08-08T11:18:34Z","fethy.faradji@infopro-digital.com"
"11/09/2026 12:15:41","Bureau/Setup-creamodifAD/bin/roslyn/csi.rsp","1.0","2018-08-08T11:09:56Z","fethy.faradji@infopro-digital.com"
"11/09/2026 12:15:45","Bureau/Setup-creamodifAD/bin/roslyn/Microsoft.Build.Tasks.CodeAnalysis.dll","1.0","2018-08-08T04:38:48Z","fethy.faradji@infopro-digital.com"
"11/09/2026 12:15:48","Bureau/Setup-creamodifAD/bin/roslyn/Microsoft.CodeAnalysis.CSharp.dll","1.0","2018-08-08T04:38:48Z","fethy.faradji@infopro-digital.com"
"11/09/2026 12:15:52","Bureau/Setup-creamodifAD/bin/roslyn/Microsoft.CodeAnalysis.CSharp.Scripting.dll","1.0","2018-08-08T04:38:48Z","fethy.faradji@infopro-digital.com"
"11/09/2026 12:15:58","Bureau/Setup-creamodifAD/bin/roslyn/Microsoft.CodeAnalysis.dll","1.0","2018-08-08T04:38:48Z","fethy.faradji@infopro-digital.com"
"11/09/2026 12:16:02","Bureau/Setup-creamodifAD/bin/roslyn/Microsoft.CodeAnalysis.Scripting.dll","1.0","2018-08-08T04:38:48Z","fethy.faradji@infopro-digital.com"
"11/09/2026 12:16:06","Bureau/Setup-creamodifAD/bin/roslyn/Microsoft.CodeAnalysis.VisualBasic.dll","1.0","2018-08-08T04:38:48Z","fethy.faradji@infopro-digital.com"
"11/09/2026 12:16:10","Bureau/Setup-creamodifAD/bin/roslyn/Microsoft.CSharp.Core.targets","1.0","2018-08-08T11:09:42Z","fethy.faradji@infopro-digital.com"
"11/09/2026 12:16:13","Bureau/Setup-creamodifAD/bin/roslyn/Microsoft.DiaSymReader.Native.amd64.dll","1.0","2017-12-05T08:36:44Z","fethy.faradji@infopro-digital.com"
"11/09/2026 12:16:18","Bureau/Setup-creamodifAD/bin/roslyn/Microsoft.DiaSymReader.Native.x86.dll","1.0","2017-12-05T08:36:44Z","fethy.faradji@infopro-digital.com"
"11/09/2026 12:16:22","Bureau/Setup-creamodifAD/bin/roslyn/Microsoft.Managed.Core.targets","1.0","2018-08-08T11:09:42Z","fethy.faradji@infopro-digital.com"
"11/09/2026 12:16:25","Bureau/Setup-creamodifAD/bin/roslyn/Microsoft.VisualBasic.Core.targets","1.0","2018-08-08T11:09:42Z","fethy.faradji@infopro-digital.com"
"11/09/2026 12:16:28","Bureau/Setup-creamodifAD/bin/roslyn/Microsoft.Win32.Primitives.dll","1.0","2016-11-05T17:55:32Z","fethy.faradji@infopro-digital.com"
"11/09/2026 12:16:32","Bureau/Setup-creamodifAD/bin/roslyn/System.AppContext.dll","1.0","2016-11-05T17:55:34Z","fethy.faradji@infopro-digital.com"
"11/09/2026 12:16:35","Bureau/Setup-creamodifAD/bin/roslyn/System.Collections.Immutable.dll","1.0","2018-05-16T02:29:34Z","fethy.faradji@infopro-digital.com"
"11/09/2026 12:16:39","Bureau/Setup-creamodifAD/bin/roslyn/System.Console.dll","1.0","2016-11-05T17:55:48Z","fethy.faradji@infopro-digital.com"
"11/09/2026 12:16:42","Bureau/Setup-creamodifAD/bin/roslyn/System.Diagnostics.DiagnosticSource.dll","1.0","2016-11-05T17:55:52Z","fethy.faradji@infopro-digital.com"
"11/09/2026 12:16:46","Bureau/Setup-creamodifAD/bin/roslyn/System.Diagnostics.FileVersionInfo.dll","1.0","2016-11-05T17:55:56Z","fethy.faradji@infopro-digital.com"
"11/09/2026 12:16:49","Bureau/Setup-creamodifAD/bin/roslyn/System.Diagnostics.StackTrace.dll","1.0","2016-11-05T17:55:52Z","fethy.faradji@infopro-digital.com"
"11/09/2026 12:16:53","Bureau/Setup-creamodifAD/bin/roslyn/System.Globalization.Calendars.dll","1.0","2016-11-05T17:56:02Z","fethy.faradji@infopro-digital.com"
"11/09/2026 12:16:56","Bureau/Setup-creamodifAD/bin/roslyn/System.IO.Compression.dll","1.0","2016-11-05T17:56:08Z","fethy.faradji@infopro-digital.com"
"11/09/2026 12:17:00","Bureau/Setup-creamodifAD/bin/roslyn/System.IO.Compression.ZipFile.dll","1.0","2016-11-05T17:56:04Z","fethy.faradji@infopro-digital.com"
"11/09/2026 12:17:04","Bureau/Setup-creamodifAD/bin/roslyn/System.IO.FileSystem.dll","1.0","2016-11-05T17:56:08Z","fethy.faradji@infopro-digital.com"
"11/09/2026 12:17:09","Bureau/Setup-creamodifAD/bin/roslyn/System.IO.FileSystem.Primitives.dll","1.0","2016-11-05T17:56:08Z","fethy.faradji@infopro-digital.com"
"11/09/2026 12:17:12","Bureau/Setup-creamodifAD/bin/roslyn/System.Net.Http.dll","1.0","2016-11-05T17:56:30Z","fethy.faradji@infopro-digital.com"
"11/09/2026 12:17:16","Bureau/Setup-creamodifAD/bin/roslyn/System.Net.Sockets.dll","1.0","2016-11-05T17:56:34Z","fethy.faradji@infopro-digital.com"
"11/09/2026 12:17:19","Bureau/Setup-creamodifAD/bin/roslyn/System.Reflection.Metadata.dll","1.0","2018-05-16T02:29:44Z","fethy.faradji@infopro-digital.com"
"11/09/2026 12:17:23","Bureau/Setup-creamodifAD/bin/roslyn/System.Runtime.InteropServices.RuntimeInformation.dll","1.0","2016-11-05T17:57:00Z","fethy.faradji@infopro-digital.com"
"11/09/2026 12:17:26","Bureau/Setup-creamodifAD/bin/roslyn/System.Security.Cryptography.Algorithms.dll","1.0","2016-11-05T17:57:14Z","fethy.faradji@infopro-digital.com"
"11/09/2026 12:17:30","Bureau/Setup-creamodifAD/bin/roslyn/System.Security.Cryptography.Encoding.dll","1.0","2016-11-05T17:57:08Z","fethy.faradji@infopro-digital.com"
"11/09/2026 12:17:34","Bureau/Setup-creamodifAD/bin/roslyn/System.Security.Cryptography.Primitives.dll","1.0","2016-11-05T17:57:18Z","fethy.faradji@infopro-digital.com"
"11/09/2026 12:17:38","Bureau/Setup-creamodifAD/bin/roslyn/System.Security.Cryptography.X509Certificates.dll","1.0","2016-11-05T17:57:18Z","fethy.faradji@infopro-digital.com"
"11/09/2026 12:17:42","Bureau/Setup-creamodifAD/bin/roslyn/System.Text.Encoding.CodePages.dll","1.0","2016-11-05T17:57:20Z","fethy.faradji@infopro-digital.com"
"11/09/2026 12:17:47","Bureau/Setup-creamodifAD/bin/roslyn/System.Threading.Tasks.Extensions.dll","1.0","2016-11-05T17:57:24Z","fethy.faradji@infopro-digital.com"
"11/09/2026 12:17:51","Bureau/Setup-creamodifAD/bin/roslyn/System.ValueTuple.dll","1.0","2016-11-05T17:57:30Z","fethy.faradji@infopro-digital.com"
"11/09/2026 12:17:55","Bureau/Setup-creamodifAD/bin/roslyn/System.Xml.ReaderWriter.dll","1.0","2016-11-05T17:57:36Z","fethy.faradji@infopro-digital.com"
"11/09/2026 12:17:59","Bureau/Setup-creamodifAD/bin/roslyn/System.Xml.XmlDocument.dll","1.0","2016-11-05T17:57:34Z","fethy.faradji@infopro-digital.com"
"11/09/2026 12:18:02","Bureau/Setup-creamodifAD/bin/roslyn/System.Xml.XPath.dll","1.0","2016-11-05T17:57:40Z","fethy.faradji@infopro-digital.com"
"11/09/2026 12:18:06","Bureau/Setup-creamodifAD/bin/roslyn/System.Xml.XPath.XDocument.dll","1.0","2016-11-05T17:57:34Z","fethy.faradji@infopro-digital.com"
"11/09/2026 12:18:11","Bureau/Setup-creamodifAD/bin/roslyn/vbc.exe","1.0","2018-08-08T04:38:48Z","fethy.faradji@infopro-digital.com"
"11/09/2026 12:18:14","Bureau/Setup-creamodifAD/bin/roslyn/vbc.exe.config","1.0","2018-08-08T11:18:18Z","fethy.faradji@infopro-digital.com"
"11/09/2026 12:18:18","Bureau/Setup-creamodifAD/bin/roslyn/vbc.rsp","1.0","2018-08-08T11:09:46Z","fethy.faradji@infopro-digital.com"
"11/09/2026 12:18:22","Bureau/Setup-creamodifAD/bin/roslyn/VBCSCompiler.exe","1.0","2018-08-08T04:38:48Z","fethy.faradji@infopro-digital.com"
"11/09/2026 12:18:26","Bureau/Setup-creamodifAD/bin/roslyn/VBCSCompiler.exe.config","1.0","2018-08-08T11:18:16Z","fethy.faradji@infopro-digital.com"
"11/09/2026 12:18:30","Bureau/Setup-creamodifAD/bin/Antlr3.Runtime.dll","1.0","2013-09-10T15:29:20Z","fethy.faradji@infopro-digital.com"
"11/09/2026 12:18:34","Bureau/Setup-creamodifAD/bin/Antlr3.Runtime.pdb","1.0","2013-09-10T15:29:20Z","fethy.faradji@infopro-digital.com"
"11/09/2026 12:18:37","Bureau/Setup-creamodifAD/bin/Dapper.dll","1.0","2025-02-06T12:15:40Z","fethy.faradji@infopro-digital.com"
"11/09/2026 12:18:41","Bureau/Setup-creamodifAD/bin/Microsoft.Bcl.AsyncInterfaces.dll","1.0","2024-12-10T21:05:40Z","fethy.faradji@infopro-digital.com"
"11/09/2026 12:18:45","Bureau/Setup-creamodifAD/bin/Microsoft.Bcl.HashCode.dll","1.0","2020-11-16T21:15:16Z","fethy.faradji@infopro-digital.com"
"11/09/2026 12:18:49","Bureau/Setup-creamodifAD/bin/Microsoft.CodeDom.Providers.DotNetCompilerPlatform.dll","1.0","2018-09-05T15:10:50Z","fethy.faradji@infopro-digital.com"
"11/09/2026 12:18:52","Bureau/Setup-creamodifAD/bin/Microsoft.Extensions.DependencyInjection.Abstractions.dll","1.0","2023-10-31T15:00:34Z","fethy.faradji@infopro-digital.com"
"11/09/2026 12:18:56","Bureau/Setup-creamodifAD/bin/Microsoft.Extensions.Logging.Abstractions.dll","1.0","2023-10-31T15:04:00Z","fethy.faradji@infopro-digital.com"
"11/09/2026 12:19:00","Bureau/Setup-creamodifAD/bin/Microsoft.Web.Infrastructure.dll","1.0","2022-04-11T17:09:46Z","fethy.faradji@infopro-digital.com"
"11/09/2026 12:19:05","Bureau/Setup-creamodifAD/bin/Newtonsoft.Json.dll","1.0","2023-03-08T05:09:56Z","fethy.faradji@infopro-digital.com"
"11/09/2026 12:19:08","Bureau/Setup-creamodifAD/bin/Npgsql.dll","1.0","2024-11-18T16:58:10Z","fethy.faradji@infopro-digital.com"
"11/09/2026 12:19:12","Bureau/Setup-creamodifAD/bin/SetupDWSecurite.dll","1.0","2025-09-12T13:43:38Z","fethy.faradji@infopro-digital.com"
"11/09/2026 12:19:14","Bureau/Setup-creamodifAD/bin/SetupDWSecurite.dll","2.0","2025-09-12T15:00:34Z","fethy.faradji@infopro-digital.com"
"11/09/2026 12:19:15","Bureau/Setup-creamodifAD/bin/SetupDWSecurite.dll","3.0","2025-09-22T14:45:25Z","fethy.faradji@infopro-digital.com"
"11/09/2026 12:19:18","Bureau/Setup-creamodifAD/bin/SetupDWSecurite.pdb","1.0","2025-09-12T13:43:38Z","fethy.faradji@infopro-digital.com"
"11/09/2026 12:19:19","Bureau/Setup-creamodifAD/bin/SetupDWSecurite.pdb","2.0","2025-09-12T15:00:34Z","fethy.faradji@infopro-digital.com"
"11/09/2026 12:19:20","Bureau/Setup-creamodifAD/bin/SetupDWSecurite.pdb","3.0","2025-09-22T14:45:25Z","fethy.faradji@infopro-digital.com"
"11/09/2026 12:19:24","Bureau/Setup-creamodifAD/bin/System.Buffers.dll","1.0","2020-02-19T10:05:18Z","fethy.faradji@infopro-digital.com"
"11/09/2026 12:19:28","Bureau/Setup-creamodifAD/bin/System.Collections.Immutable.dll","1.0","2023-10-31T15:04:34Z","fethy.faradji@infopro-digital.com"
"11/09/2026 12:19:33","Bureau/Setup-creamodifAD/bin/System.Diagnostics.DiagnosticSource.dll","1.0","2023-10-31T15:00:46Z","fethy.faradji@infopro-digital.com"
"11/09/2026 12:19:37","Bureau/Setup-creamodifAD/bin/System.Memory.dll","1.0","2022-05-08T03:31:02Z","fethy.faradji@infopro-digital.com"
"11/09/2026 12:19:40","Bureau/Setup-creamodifAD/bin/System.Numerics.Vectors.dll","1.0","2018-05-15T13:29:44Z","fethy.faradji@infopro-digital.com"
"11/09/2026 12:19:44","Bureau/Setup-creamodifAD/bin/System.Runtime.CompilerServices.Unsafe.dll","1.0","2021-10-22T23:40:18Z","fethy.faradji@infopro-digital.com"
"11/09/2026 12:19:48","Bureau/Setup-creamodifAD/bin/System.Text.Encodings.Web.dll","1.0","2023-10-31T15:00:28Z","fethy.faradji@infopro-digital.com"
"11/09/2026 12:19:51","Bureau/Setup-creamodifAD/bin/System.Text.Json.dll","1.0","2024-09-16T23:15:02Z","fethy.faradji@infopro-digital.com"
"11/09/2026 12:19:54","Bureau/Setup-creamodifAD/bin/System.Threading.Channels.dll","1.0","2023-10-31T15:09:50Z","fethy.faradji@infopro-digital.com"
"11/09/2026 12:19:58","Bureau/Setup-creamodifAD/bin/System.Threading.Tasks.Extensions.dll","1.0","2020-02-19T10:05:18Z","fethy.faradji@infopro-digital.com"
"11/09/2026 12:20:02","Bureau/Setup-creamodifAD/bin/System.ValueTuple.dll","1.0","2018-05-15T13:29:52Z","fethy.faradji@infopro-digital.com"
"11/09/2026 12:20:07","Bureau/Setup-creamodifAD/bin/System.Web.Helpers.dll","1.0","2022-05-27T21:41:54Z","fethy.faradji@infopro-digital.com"
"11/09/2026 12:20:10","Bureau/Setup-creamodifAD/bin/System.Web.Mvc.dll","1.0","2022-05-27T21:42:20Z","fethy.faradji@infopro-digital.com"
"11/09/2026 12:20:13","Bureau/Setup-creamodifAD/bin/System.Web.Optimization.dll","1.0","2014-02-11T14:26:04Z","fethy.faradji@infopro-digital.com"
"11/09/2026 12:20:22","Bureau/Setup-creamodifAD/bin/System.Web.Razor.dll","1.0","2022-05-27T21:42:06Z","fethy.faradji@infopro-digital.com"
"11/09/2026 12:20:25","Bureau/Setup-creamodifAD/bin/System.Web.WebPages.Deployment.dll","1.0","2022-05-27T21:42:46Z","fethy.faradji@infopro-digital.com"
"11/09/2026 12:20:28","Bureau/Setup-creamodifAD/bin/System.Web.WebPages.dll","1.0","2022-05-27T21:42:16Z","fethy.faradji@infopro-digital.com"
"11/09/2026 12:20:32","Bureau/Setup-creamodifAD/bin/System.Web.WebPages.Razor.dll","1.0","2022-05-27T21:42:50Z","fethy.faradji@infopro-digital.com"
"11/09/2026 12:20:35","Bureau/Setup-creamodifAD/bin/WebGrease.dll","1.0","2014-01-23T12:57:34Z","fethy.faradji@infopro-digital.com"
"11/09/2026 12:20:40","Bureau/Setup-creamodifAD/Content/bootstrap.css","1.0","2025-04-09T09:11:28Z","fethy.faradji@infopro-digital.com"
"11/09/2026 12:20:45","Bureau/Setup-creamodifAD/Content/bootstrap.css.map","1.0","2025-02-06T13:22:56Z","fethy.faradji@infopro-digital.com"
"11/09/2026 12:20:50","Bureau/Setup-creamodifAD/Content/bootstrap.min.css","1.0","2025-02-06T13:22:56Z","fethy.faradji@infopro-digital.com"
"11/09/2026 12:20:54","Bureau/Setup-creamodifAD/Content/bootstrap.min.css.map","1.0","2025-02-06T13:22:56Z","fethy.faradji@infopro-digital.com"
"11/09/2026 12:21:01","Bureau/Setup-creamodifAD/Content/bootstrap.rtl.css","1.0","2025-02-06T13:22:56Z","fethy.faradji@infopro-digital.com"
"11/09/2026 12:21:05","Bureau/Setup-creamodifAD/Content/bootstrap.rtl.css.map","1.0","2025-02-06T13:22:56Z","fethy.faradji@infopro-digital.com"
"11/09/2026 12:21:09","Bureau/Setup-creamodifAD/Content/bootstrap.rtl.min.css","1.0","2025-02-06T13:22:56Z","fethy.faradji@infopro-digital.com"
"11/09/2026 12:21:14","Bureau/Setup-creamodifAD/Content/bootstrap.rtl.min.css.map","1.0","2025-02-06T13:22:56Z","fethy.faradji@infopro-digital.com"
"11/09/2026 12:21:19","Bureau/Setup-creamodifAD/Content/bootstrap-grid.css","1.0","2025-02-06T13:22:57Z","fethy.faradji@infopro-digital.com"
"11/09/2026 12:21:25","Bureau/Setup-creamodifAD/Content/bootstrap-grid.css.map","1.0","2025-02-06T13:22:57Z","fethy.faradji@infopro-digital.com"
"11/09/2026 12:21:32","Bureau/Setup-creamodifAD/Content/bootstrap-grid.min.css","1.0","2025-02-06T13:22:57Z","fethy.faradji@infopro-digital.com"
"11/09/2026 12:21:37","Bureau/Setup-creamodifAD/Content/bootstrap-grid.min.css.map","1.0","2025-02-06T13:22:57Z","fethy.faradji@infopro-digital.com"
"11/09/2026 12:21:41","Bureau/Setup-creamodifAD/Content/bootstrap-grid.rtl.css","1.0","2025-02-06T13:22:57Z","fethy.faradji@infopro-digital.com"
"11/09/2026 12:21:46","Bureau/Setup-creamodifAD/Content/bootstrap-grid.rtl.css.map","1.0","2025-02-06T13:22:57Z","fethy.faradji@infopro-digital.com"
"11/09/2026 12:21:52","Bureau/Setup-creamodifAD/Content/bootstrap-grid.rtl.min.css","1.0","2025-02-06T13:22:57Z","fethy.faradji@infopro-digital.com"
"11/09/2026 12:21:56","Bureau/Setup-creamodifAD/Content/bootstrap-grid.rtl.min.css.map","1.0","2025-02-06T13:22:57Z","fethy.faradji@infopro-digital.com"
"11/09/2026 12:22:01","Bureau/Setup-creamodifAD/Content/bootstrap-reboot.css","1.0","2025-02-06T13:22:57Z","fethy.faradji@infopro-digital.com"
"11/09/2026 12:22:06","Bureau/Setup-creamodifAD/Content/bootstrap-reboot.css.map","1.0","2025-02-06T13:22:57Z","fethy.faradji@infopro-digital.com"
"11/09/2026 12:22:11","Bureau/Setup-creamodifAD/Content/bootstrap-reboot.min.css","1.0","2025-02-06T13:22:57Z","fethy.faradji@infopro-digital.com"
"11/09/2026 12:22:15","Bureau/Setup-creamodifAD/Content/bootstrap-reboot.min.css.map","1.0","2025-02-06T13:22:57Z","fethy.faradji@infopro-digital.com"
"11/09/2026 12:22:19","Bureau/Setup-creamodifAD/Content/bootstrap-reboot.rtl.css","1.0","2025-02-06T13:22:57Z","fethy.faradji@infopro-digital.com"
"11/09/2026 12:22:25","Bureau/Setup-creamodifAD/Content/bootstrap-reboot.rtl.css.map","1.0","2025-02-06T13:22:57Z","fethy.faradji@infopro-digital.com"
"11/09/2026 12:22:29","Bureau/Setup-creamodifAD/Content/bootstrap-reboot.rtl.min.css","1.0","2025-02-06T13:22:57Z","fethy.faradji@infopro-digital.com"
"11/09/2026 12:22:34","Bureau/Setup-creamodifAD/Content/bootstrap-reboot.rtl.min.css.map","1.0","2025-02-06T13:22:57Z","fethy.faradji@infopro-digital.com"
"11/09/2026 12:22:38","Bureau/Setup-creamodifAD/Content/bootstrap-utilities.css","1.0","2025-02-06T13:22:57Z","fethy.faradji@infopro-digital.com"
"11/09/2026 12:22:44","Bureau/Setup-creamodifAD/Content/bootstrap-utilities.css.map","1.0","2025-02-06T13:22:57Z","fethy.faradji@infopro-digital.com"
"11/09/2026 12:22:49","Bureau/Setup-creamodifAD/Content/bootstrap-utilities.min.css","1.0","2025-02-06T13:22:56Z","fethy.faradji@infopro-digital.com"
"11/09/2026 12:22:53","Bureau/Setup-creamodifAD/Content/bootstrap-utilities.min.css.map","1.0","2025-02-06T13:22:56Z","fethy.faradji@infopro-digital.com"
"11/09/2026 12:22:58","Bureau/Setup-creamodifAD/Content/bootstrap-utilities.rtl.css","1.0","2025-02-06T13:22:56Z","fethy.faradji@infopro-digital.com"
"11/09/2026 12:23:03","Bureau/Setup-creamodifAD/Content/bootstrap-utilities.rtl.css.map","1.0","2025-02-06T13:22:56Z","fethy.faradji@infopro-digital.com"
"11/09/2026 12:23:07","Bureau/Setup-creamodifAD/Content/bootstrap-utilities.rtl.min.css","1.0","2025-02-06T13:22:56Z","fethy.faradji@infopro-digital.com"
"11/09/2026 12:23:12","Bureau/Setup-creamodifAD/Content/bootstrap-utilities.rtl.min.css.map","1.0","2025-02-06T13:22:56Z","fethy.faradji@infopro-digital.com"
"11/09/2026 12:23:16","Bureau/Setup-creamodifAD/Content/Site.css","1.0","2025-04-09T09:36:53Z","fethy.faradji@infopro-digital.com"
"11/09/2026 12:23:21","Bureau/Setup-creamodifAD/Ressources/home.png","1.0","2025-04-09T13:00:09Z","fethy.faradji@infopro-digital.com"
"11/09/2026 12:23:25","Bureau/Setup-creamodifAD/Ressources/infopro-logo-petit.png","1.0","2025-02-17T15:26:08Z","fethy.faradji@infopro-digital.com"
"11/09/2026 12:23:30","Bureau/Setup-creamodifAD/Ressources/meteo.png","1.0","2025-04-09T12:09:22Z","fethy.faradji@infopro-digital.com"
"11/09/2026 12:23:34","Bureau/Setup-creamodifAD/Ressources/wallpaper_creamodifAD.png","1.0","2025-09-10T08:45:03Z","fethy.faradji@infopro-digital.com"
"11/09/2026 12:23:40","Bureau/Setup-creamodifAD/Scripts/bootstrap.bundle.js","1.0","2025-02-06T13:22:56Z","fethy.faradji@infopro-digital.com"
"11/09/2026 12:23:44","Bureau/Setup-creamodifAD/Scripts/bootstrap.bundle.js.map","1.0","2025-02-06T13:22:56Z","fethy.faradji@infopro-digital.com"
"11/09/2026 12:23:49","Bureau/Setup-creamodifAD/Scripts/bootstrap.bundle.min.js","1.0","2025-02-06T13:22:56Z","fethy.faradji@infopro-digital.com"
"11/09/2026 12:23:53","Bureau/Setup-creamodifAD/Scripts/bootstrap.bundle.min.js.map","1.0","2025-02-06T13:22:56Z","fethy.faradji@infopro-digital.com"
"11/09/2026 12:23:58","Bureau/Setup-creamodifAD/Scripts/bootstrap.esm.js","1.0","2025-02-06T13:22:56Z","fethy.faradji@infopro-digital.com"
"11/09/2026 12:24:02","Bureau/Setup-creamodifAD/Scripts/bootstrap.esm.js.map","1.0","2025-02-06T13:22:56Z","fethy.faradji@infopro-digital.com"
"11/09/2026 12:24:06","Bureau/Setup-creamodifAD/Scripts/bootstrap.esm.min.js","1.0","2025-02-06T13:22:56Z","fethy.faradji@infopro-digital.com"
"11/09/2026 12:24:11","Bureau/Setup-creamodifAD/Scripts/bootstrap.esm.min.js.map","1.0","2025-02-06T13:22:56Z","fethy.faradji@infopro-digital.com"
"11/09/2026 12:24:15","Bureau/Setup-creamodifAD/Scripts/bootstrap.js","1.0","2025-02-06T13:22:56Z","fethy.faradji@infopro-digital.com"
"11/09/2026 12:24:19","Bureau/Setup-creamodifAD/Scripts/bootstrap.js.map","1.0","2025-02-06T13:22:56Z","fethy.faradji@infopro-digital.com"
"11/09/2026 12:24:24","Bureau/Setup-creamodifAD/Scripts/bootstrap.min.js","1.0","2025-02-06T13:22:56Z","fethy.faradji@infopro-digital.com"
"11/09/2026 12:24:28","Bureau/Setup-creamodifAD/Scripts/bootstrap.min.js.map","1.0","2025-02-06T13:22:56Z","fethy.faradji@infopro-digital.com"
"11/09/2026 12:24:33","Bureau/Setup-creamodifAD/Scripts/jquery.validate.js","1.0","2025-02-06T13:23:02Z","fethy.faradji@infopro-digital.com"
"11/09/2026 12:24:37","Bureau/Setup-creamodifAD/Scripts/jquery.validate.min.js","1.0","2025-02-06T13:23:02Z","fethy.faradji@infopro-digital.com"
"11/09/2026 12:24:41","Bureau/Setup-creamodifAD/Scripts/jquery.validate.unobtrusive.js","1.0","2025-02-06T13:23:02Z","fethy.faradji@infopro-digital.com"
"11/09/2026 12:24:45","Bureau/Setup-creamodifAD/Scripts/jquery.validate.unobtrusive.min.js","1.0","2025-02-06T13:23:02Z","fethy.faradji@infopro-digital.com"
"11/09/2026 12:24:49","Bureau/Setup-creamodifAD/Scripts/jquery-3.7.0.js","1.0","2025-02-06T13:22:57Z","fethy.faradji@infopro-digital.com"
"11/09/2026 12:24:54","Bureau/Setup-creamodifAD/Scripts/jquery-3.7.0.min.js","1.0","2025-02-06T13:22:57Z","fethy.faradji@infopro-digital.com"
"11/09/2026 12:25:01","Bureau/Setup-creamodifAD/Scripts/jquery-3.7.0.min.map","1.0","2025-02-06T13:22:57Z","fethy.faradji@infopro-digital.com"
"11/09/2026 12:25:05","Bureau/Setup-creamodifAD/Scripts/jquery-3.7.0.slim.js","1.0","2025-02-06T13:22:57Z","fethy.faradji@infopro-digital.com"
"11/09/2026 12:25:09","Bureau/Setup-creamodifAD/Scripts/jquery-3.7.0.slim.min.js","1.0","2025-02-06T13:22:57Z","fethy.faradji@infopro-digital.com"
"11/09/2026 12:25:14","Bureau/Setup-creamodifAD/Scripts/jquery-3.7.0.slim.min.map","1.0","2025-02-06T13:22:57Z","fethy.faradji@infopro-digital.com"
"11/09/2026 12:25:18","Bureau/Setup-creamodifAD/Scripts/modernizr-2.8.3.js","1.0","2025-02-06T13:23:01Z","fethy.faradji@infopro-digital.com"
"11/09/2026 12:25:23","Bureau/Setup-creamodifAD/Views/BusinessUnit/BusinessUnit.cshtml","1.0","2025-09-12T09:51:36Z","fethy.faradji@infopro-digital.com"
"11/09/2026 12:25:28","Bureau/Setup-creamodifAD/Views/Company/Company.cshtml","1.0","2025-09-12T10:05:43Z","fethy.faradji@infopro-digital.com"
"11/09/2026 12:25:33","Bureau/Setup-creamodifAD/Views/ContractType/ContractType.cshtml","1.0","2025-09-12T07:08:18Z","fethy.faradji@infopro-digital.com"
"11/09/2026 12:25:37","Bureau/Setup-creamodifAD/Views/Country/Country.cshtml","1.0","2025-09-12T07:06:19Z","fethy.faradji@infopro-digital.com"
"11/09/2026 12:25:42","Bureau/Setup-creamodifAD/Views/Division/Division.cshtml","1.0","2025-09-12T07:07:07Z","fethy.faradji@infopro-digital.com"
"11/09/2026 12:25:47","Bureau/Setup-creamodifAD/Views/Home/About.cshtml","1.0","2025-02-06T13:22:50Z","fethy.faradji@infopro-digital.com"
"11/09/2026 12:25:51","Bureau/Setup-creamodifAD/Views/Home/AccessDenied.cshtml","1.0","2025-02-18T15:36:17Z","fethy.faradji@infopro-digital.com"
"11/09/2026 12:25:56","Bureau/Setup-creamodifAD/Views/Home/Contact.cshtml","1.0","2025-02-06T13:22:50Z","fethy.faradji@infopro-digital.com"
"11/09/2026 12:26:00","Bureau/Setup-creamodifAD/Views/Home/Index.cshtml","1.0","2025-09-11T09:53:52Z","fethy.faradji@infopro-digital.com"
"11/09/2026 12:26:06","Bureau/Setup-creamodifAD/Views/Identifiant/identifiant.cshtml","1.0","2025-09-22T12:50:11Z","fethy.faradji@infopro-digital.com"
"11/09/2026 12:26:10","Bureau/Setup-creamodifAD/Views/Shared/_Layout.cshtml","1.0","2025-09-12T07:47:16Z","fethy.faradji@infopro-digital.com"
"11/09/2026 12:26:12","Bureau/Setup-creamodifAD/Views/Shared/_Layout.cshtml","2.0","2025-09-22T12:52:46Z","fethy.faradji@infopro-digital.com"
"11/09/2026 12:26:16","Bureau/Setup-creamodifAD/Views/Shared/Error.cshtml","1.0","2025-02-06T13:23:03Z","fethy.faradji@infopro-digital.com"
"11/09/2026 12:26:22","Bureau/Setup-creamodifAD/Views/USERS/USERS.cshtml","1.0","2025-09-12T10:31:08Z","fethy.faradji@infopro-digital.com"
"11/09/2026 12:26:26","Bureau/Setup-creamodifAD/Views/WorkLocation/WorkLocation.cshtml","1.0","2025-09-12T10:14:12Z","fethy.faradji@infopro-digital.com"
"11/09/2026 12:26:31","Bureau/Setup-creamodifAD/Views/_ViewStart.cshtml","1.0","2025-02-06T13:22:50Z","fethy.faradji@infopro-digital.com"
"11/09/2026 12:26:35","Bureau/Setup-creamodifAD/Views/Web.config","1.0","2025-09-11T09:35:09Z","fethy.faradji@infopro-digital.com"
"11/09/2026 12:26:40","Bureau/Setup-creamodifAD/favicon.ico","1.0","2025-02-06T13:22:50Z","fethy.faradji@infopro-digital.com"
"11/09/2026 12:26:46","Bureau/Setup-creamodifAD/Global.asax","1.0","2025-09-11T09:35:09Z","fethy.faradji@infopro-digital.com"
"11/09/2026 12:26:50","Bureau/Setup-creamodifAD/Web.config","1.0","2025-09-12T13:43:39Z","fethy.faradji@infopro-digital.com"
"11/09/2026 12:26:51","Bureau/Setup-creamodifAD/Web.config","2.0","2025-09-12T15:00:35Z","fethy.faradji@infopro-digital.com"
"11/09/2026 12:26:56","Bureau/synchro_pub_new_pub/Log_synchro_PUB.sql","1.0","2025-08-05T14:55:09Z","fethy.faradji@infopro-digital.com"
"11/09/2026 12:26:57","Bureau/synchro_pub_new_pub/Log_synchro_PUB.sql","2.0","2025-08-05T15:18:28Z","fethy.faradji@infopro-digital.com"
"11/09/2026 12:26:58","Bureau/synchro_pub_new_pub/Log_synchro_PUB.sql","3.0","2025-08-05T15:23:51Z","fethy.faradji@infopro-digital.com"
"11/09/2026 12:27:03","Bureau/synchro_pub_new_pub/synchro_pub_body.sql","1.0","2025-07-29T14:02:33Z","fethy.faradji@infopro-digital.com"
"11/09/2026 12:27:04","Bureau/synchro_pub_new_pub/synchro_pub_body.sql","2.0","2025-07-29T14:55:47Z","fethy.faradji@infopro-digital.com"
"11/09/2026 12:27:05","Bureau/synchro_pub_new_pub/synchro_pub_body.sql","3.0","2025-07-29T14:56:17Z","fethy.faradji@infopro-digital.com"
"11/09/2026 12:27:06","Bureau/synchro_pub_new_pub/synchro_pub_body.sql","4.0","2025-07-29T14:56:31Z","fethy.faradji@infopro-digital.com"
"11/09/2026 12:27:07","Bureau/synchro_pub_new_pub/synchro_pub_body.sql","5.0","2025-07-29T14:57:44Z","fethy.faradji@infopro-digital.com"
"11/09/2026 12:27:08","Bureau/synchro_pub_new_pub/synchro_pub_body.sql","6.0","2025-07-29T14:59:35Z","fethy.faradji@infopro-digital.com"
"11/09/2026 12:27:09","Bureau/synchro_pub_new_pub/synchro_pub_body.sql","7.0","2025-07-29T14:59:54Z","fethy.faradji@infopro-digital.com"
"11/09/2026 12:27:10","Bureau/synchro_pub_new_pub/synchro_pub_body.sql","8.0","2025-07-29T14:59:59Z","fethy.faradji@infopro-digital.com"
"11/09/2026 12:27:11","Bureau/synchro_pub_new_pub/synchro_pub_body.sql","9.0","2025-07-29T15:02:48Z","fethy.faradji@infopro-digital.com"
"11/09/2026 12:27:12","Bureau/synchro_pub_new_pub/synchro_pub_body.sql","10.0","2025-07-29T15:04:37Z","fethy.faradji@infopro-digital.com"
"11/09/2026 12:27:13","Bureau/synchro_pub_new_pub/synchro_pub_body.sql","11.0","2025-07-29T15:05:15Z","fethy.faradji@infopro-digital.com"
"11/09/2026 12:27:15","Bureau/synchro_pub_new_pub/synchro_pub_body.sql","12.0","2025-07-29T15:05:55Z","fethy.faradji@infopro-digital.com"
"11/09/2026 12:27:16","Bureau/synchro_pub_new_pub/synchro_pub_body.sql","13.0","2025-07-29T15:06:42Z","fethy.faradji@infopro-digital.com"
"11/09/2026 12:27:17","Bureau/synchro_pub_new_pub/synchro_pub_body.sql","14.0","2025-07-29T15:07:48Z","fethy.faradji@infopro-digital.com"
"11/09/2026 12:27:18","Bureau/synchro_pub_new_pub/synchro_pub_body.sql","15.0","2025-07-29T15:08:25Z","fethy.faradji@infopro-digital.com"
"11/09/2026 12:27:19","Bureau/synchro_pub_new_pub/synchro_pub_body.sql","16.0","2025-07-29T15:09:20Z","fethy.faradji@infopro-digital.com"
"11/09/2026 12:27:20","Bureau/synchro_pub_new_pub/synchro_pub_body.sql","17.0","2025-07-29T15:10:09Z","fethy.faradji@infopro-digital.com"
"11/09/2026 12:27:21","Bureau/synchro_pub_new_pub/synchro_pub_body.sql","18.0","2025-07-29T15:11:07Z","fethy.faradji@infopro-digital.com"
"11/09/2026 12:27:22","Bureau/synchro_pub_new_pub/synchro_pub_body.sql","19.0","2025-07-29T15:12:42Z","fethy.faradji@infopro-digital.com"
"11/09/2026 12:27:24","Bureau/synchro_pub_new_pub/synchro_pub_body.sql","20.0","2025-08-05T14:56:37Z","fethy.faradji@infopro-digital.com"
"11/09/2026 12:27:25","Bureau/synchro_pub_new_pub/synchro_pub_body.sql","21.0","2025-08-05T15:02:09Z","fethy.faradji@infopro-digital.com"
"11/09/2026 12:27:25","Bureau/synchro_pub_new_pub/synchro_pub_body.sql","22.0","2025-08-05T15:05:46Z","fethy.faradji@infopro-digital.com"
"11/09/2026 12:27:26","Bureau/synchro_pub_new_pub/synchro_pub_body.sql","23.0","2025-08-05T15:23:53Z","fethy.faradji@infopro-digital.com"
"11/09/2026 12:27:27","Bureau/synchro_pub_new_pub/synchro_pub_body.sql","24.0","2025-08-05T15:24:38Z","fethy.faradji@infopro-digital.com"
"11/09/2026 12:27:28","Bureau/synchro_pub_new_pub/synchro_pub_body.sql","25.0","2025-08-05T15:31:54Z","fethy.faradji@infopro-digital.com"
"11/09/2026 12:27:29","Bureau/synchro_pub_new_pub/synchro_pub_body.sql","26.0","2025-08-05T15:32:15Z","fethy.faradji@infopro-digital.com"
"11/09/2026 12:27:30","Bureau/synchro_pub_new_pub/synchro_pub_body.sql","27.0","2025-08-05T15:33:55Z","fethy.faradji@infopro-digital.com"
"11/09/2026 12:27:31","Bureau/synchro_pub_new_pub/synchro_pub_body.sql","28.0","2025-08-05T15:35:32Z","fethy.faradji@infopro-digital.com"
"11/09/2026 12:27:32","Bureau/synchro_pub_new_pub/synchro_pub_body.sql","29.0","2025-08-05T15:39:46Z","fethy.faradji@infopro-digital.com"
"11/09/2026 12:27:36","Bureau/synchro_pub_new_pub/synchro_pub_spec.sql","1.0","2025-07-29T14:03:01Z","fethy.faradji@infopro-digital.com"
"11/09/2026 12:27:38","Bureau/synchro_pub_new_pub/synchro_pub_spec.sql","2.0","2025-07-29T14:57:32Z","fethy.faradji@infopro-digital.com"
"11/09/2026 12:27:39","Bureau/synchro_pub_new_pub/synchro_pub_spec.sql","3.0","2025-07-29T14:57:37Z","fethy.faradji@infopro-digital.com"
"11/09/2026 12:27:40","Bureau/synchro_pub_new_pub/synchro_pub_spec.sql","4.0","2025-07-29T15:00:39Z","fethy.faradji@infopro-digital.com"
"11/09/2026 12:27:41","Bureau/synchro_pub_new_pub/synchro_pub_spec.sql","5.0","2025-07-29T15:12:39Z","fethy.faradji@infopro-digital.com"
"11/09/2026 12:27:42","Bureau/synchro_pub_new_pub/synchro_pub_spec.sql","6.0","2025-08-05T14:51:09Z","fethy.faradji@infopro-digital.com"
"11/09/2026 12:27:46","Bureau/transport/1706609802258.jpg","1.0","2024-01-30T15:26:00Z","fethy.faradji@infopro-digital.com"
"11/09/2026 12:27:52","Bureau/transport/1706609802289.jpg","1.0","2024-01-30T15:26:00Z","fethy.faradji@infopro-digital.com"
"11/09/2026 12:27:57","Bureau/transport/2025_02_05_114816(1).pdf","1.0","2025-02-05T10:49:16Z","fethy.faradji@infopro-digital.com"
"11/09/2026 12:28:02","Bureau/transport/attestation_transport_2025.pdf","1.0","2025-02-05T11:07:49Z","fethy.faradji@infopro-digital.com"
"11/09/2026 12:28:07","Bureau/TS/Copie de compte_créés_directement_dans_SIM_Kepler_fev_2024 (Enregistré automatiquement).xlsx","1.0","2024-03-22T10:24:48Z","fethy.faradji@infopro-digital.com"
"11/09/2026 12:28:12","Bureau/TS/Copie de compte_créés_directement_dans_SIM_Kepler_fev_2024.xlsx","1.0","2024-03-22T09:41:08Z","fethy.faradji@infopro-digital.com"
"11/09/2026 12:28:18","Bureau/TS/RECETTEMARCHE0413.rdp","1.0","2022-11-14T09:34:17Z","fethy.faradji@infopro-digital.com"
"11/09/2026 12:28:23","Bureau/~$sim_ta_utlis_recette.xlsx","1.0","2024-09-23T09:27:19Z","fethy.faradji@infopro-digital.com"
"11/09/2026 12:28:27","Bureau/BIM-semaine de publications.docx","1.0","2025-12-15T14:08:23Z","fethy.faradji@infopro-digital.com"
"11/09/2026 12:28:29","Bureau/BIM-semaine de publications.docx","2.0","2025-12-15T14:12:39Z","fethy.faradji@infopro-digital.com"
"11/09/2026 12:28:30","Bureau/BIM-semaine de publications.docx","3.0","2025-12-16T16:31:19Z","fethy.faradji@infopro-digital.com"
"11/09/2026 12:28:34","Bureau/champs_sf.xlsx","1.0","2026-01-08T13:20:58Z","fethy.faradji@infopro-digital.com"
"11/09/2026 12:28:39","Bureau/debug fac.sql","1.0","2026-02-25T10:21:00Z","fethy.faradji@infopro-digital.com"
"11/09/2026 12:28:44","Bureau/export.xlsx","1.0","2026-01-21T15:46:11Z","fethy.faradji@infopro-digital.com"
"11/09/2026 12:28:49","Bureau/export_avis.xlsx","1.0","2025-11-20T14:25:23Z","fethy.faradji@infopro-digital.com"
"11/09/2026 12:28:51","Bureau/export_avis.xlsx","2.0","2025-11-20T14:27:22Z","fethy.faradji@infopro-digital.com"
"11/09/2026 12:28:52","Bureau/export_avis.xlsx","3.0","2025-11-20T15:18:09Z","fethy.faradji@infopro-digital.com"
"11/09/2026 12:28:57","Bureau/export_licences.xlsx","1.0","2025-11-14T14:19:48Z","fethy.faradji@infopro-digital.com"
"11/09/2026 12:28:59","Bureau/export_licences.xlsx","2.0","2025-11-14T14:20:55Z","fethy.faradji@infopro-digital.com"
"11/09/2026 12:29:00","Bureau/export_licences.xlsx","3.0","2025-11-14T17:00:00Z","fethy.faradji@infopro-digital.com"
"11/09/2026 12:29:04","Bureau/Expression de Besoin sécurisation de creamodifad.docx","1.0","2025-09-19T12:53:33Z","fethy.faradji@infopro-digital.com"
"11/09/2026 12:29:05","Bureau/Expression de Besoin sécurisation de creamodifad.docx","2.0","2025-09-19T12:54:43Z","fethy.faradji@infopro-digital.com"
"11/09/2026 12:29:10","Bureau/extract_01_controle_intranet.xlsx","1.0","2025-09-18T14:02:57Z","fethy.faradji@infopro-digital.com"
"11/09/2026 12:29:15","Bureau/fethiGates -partie OneDrive.docx","1.0","2026-03-27T15:07:37Z","fethy.faradji@infopro-digital.com"
"11/09/2026 12:29:16","Bureau/fethiGates -partie OneDrive.docx","2.0","2026-03-27T15:19:53Z","fethy.faradji@infopro-digital.com"
"11/09/2026 12:29:18","Bureau/fethiGates -partie OneDrive.docx","3.0","2026-03-27T15:30:24Z","fethy.faradji@infopro-digital.com"
"11/09/2026 12:29:19","Bureau/fethiGates -partie OneDrive.docx","4.0","2026-03-27T15:33:51Z","fethy.faradji@infopro-digital.com"
"11/09/2026 12:29:23","Bureau/fethiGates -partie Sharepoint.docx","1.0","2026-03-27T15:07:37Z","fethy.faradji@infopro-digital.com"
"11/09/2026 12:29:28","Bureau/Fichiers_Absents_20250703120105.csv","1.0","2025-07-03T10:01:12Z","fethy.faradji@infopro-digital.com"
"11/09/2026 12:29:33","Bureau/Fichiers_Absents_20250703150300.csv","1.0","2025-07-03T13:03:16Z","fethy.faradji@infopro-digital.com"
"11/09/2026 12:29:38","Bureau/id_avis_import.csv","1.0","2024-11-04T10:12:08Z","fethy.faradji@infopro-digital.com"
"11/09/2026 12:29:43","Bureau/import_PREPROD.xlsx","1.0","2025-03-18T13:30:25Z","fethy.faradji@infopro-digital.com"
"11/09/2026 12:29:45","Bureau/import_PREPROD.xlsx","2.0","2025-03-18T13:41:07Z","fethy.faradji@infopro-digital.com"
"11/09/2026 12:29:47","Bureau/import_PREPROD.xlsx","3.0","2025-03-18T13:54:32Z","fethy.faradji@infopro-digital.com"
"11/09/2026 12:29:49","Bureau/import_PREPROD.xlsx","4.0","2025-03-18T14:20:34Z","fethy.faradji@infopro-digital.com"
"11/09/2026 12:29:51","Bureau/import_PREPROD.xlsx","5.0","2025-03-19T08:40:06Z","fethy.faradji@infopro-digital.com"
"11/09/2026 12:29:53","Bureau/import_PREPROD.xlsx","6.0","2025-03-19T09:40:17Z","fethy.faradji@infopro-digital.com"
"11/09/2026 12:29:55","Bureau/import_PREPROD.xlsx","7.0","2025-03-21T08:40:48Z","fethy.faradji@infopro-digital.com"
"11/09/2026 12:29:57","Bureau/import_PREPROD.xlsx","8.0","2025-03-21T08:49:34Z","fethy.faradji@infopro-digital.com"
"11/09/2026 12:30:02","Bureau/INFOPRO DIGITAL (Prod).html","1.0","2025-01-27T10:24:16Z","fethy.faradji@infopro-digital.com"
"11/09/2026 12:30:07","Bureau/infopro-logo-petit.png","1.0","2025-02-17T15:24:58Z","fethy.faradji@infopro-digital.com"
"11/09/2026 12:30:11","Bureau/Insert Errors Avis__c 09-01-2025.txt","1.0","2025-01-09T08:38:30Z","fethy.faradji@infopro-digital.com"
"11/09/2026 12:30:16","Bureau/Insert Errors Consommation_UP__c 16-12-2024.txt","1.0","2024-12-16T13:00:41Z","fethy.faradji@infopro-digital.com"
"11/09/2026 12:30:21","Bureau/lance_SSMS_ffaradji-op.bat","1.0","2024-12-13T09:29:33Z","fethy.faradji@infopro-digital.com"
"11/09/2026 12:30:25","Bureau/lance_VS_ffaradji-op.bat","1.0","2026-05-04T09:31:16Z","fethy.faradji@infopro-digital.com"
"11/09/2026 12:30:30","Bureau/livraisonKPI 20250428.zip","1.0","2025-04-28T12:53:50Z","fethy.faradji@infopro-digital.com"
"11/09/2026 12:30:34","Bureau/Log_erreur20250703120116.csv","1.0","2025-07-03T10:01:19Z","fethy.faradji@infopro-digital.com"
"11/09/2026 12:30:39","Bureau/Log_erreur20250703150332.csv","1.0","2025-07-03T13:03:35Z","fethy.faradji@infopro-digital.com"
"11/09/2026 12:30:44","Bureau/Log_erreur20250703150709.csv","1.0","2025-07-03T13:07:12Z","fethy.faradji@infopro-digital.com"
"11/09/2026 12:30:48","Bureau/Log_Execution20250703170324.txt","1.0","2025-07-03T15:03:41Z","fethy.faradji@infopro-digital.com"
"11/09/2026 12:30:53","Bureau/logo_mail.png","1.0","2024-10-07T11:15:15Z","fethy.faradji@infopro-digital.com"
"11/09/2026 12:30:57","Bureau/logo_mail_petit.png","1.0","2024-10-07T15:01:53Z","fethy.faradji@infopro-digital.com"
"11/09/2026 12:30:59","Bureau/logo_mail_petit.png","2.0","2024-10-07T15:02:30Z","fethy.faradji@infopro-digital.com"
"11/09/2026 12:31:04","Bureau/logo_mail2.png","1.0","2024-10-07T11:20:38Z","fethy.faradji@infopro-digital.com"
"11/09/2026 12:31:09","Bureau/marches-online-logo-vector.jpg","1.0","2024-10-10T08:29:39Z","fethy.faradji@infopro-digital.com"
"11/09/2026 12:31:13","Bureau/marches-online-logo-vector.png","1.0","2024-10-10T08:26:33Z","fethy.faradji@infopro-digital.com"
"11/09/2026 12:31:18","Bureau/mep 20241014.zip","1.0","2024-10-11T13:48:31Z","fethy.faradji@infopro-digital.com"
"11/09/2026 12:31:22","Bureau/mep 20250113.zip","1.0","2025-01-10T10:30:30Z","fethy.faradji@infopro-digital.com"
"11/09/2026 12:31:26","Bureau/mep 20250129.zip","1.0","2025-01-27T12:56:54Z","fethy.faradji@infopro-digital.com"
"11/09/2026 12:31:32","Bureau/mep synchro 20241007.zip","1.0","2024-10-07T07:47:24Z","fethy.faradji@infopro-digital.com"
"11/09/2026 12:31:36","Bureau/mep_sim20250612.zip","1.0","2025-06-11T09:38:32Z","fethy.faradji@infopro-digital.com"
"11/09/2026 12:31:40","Bureau/mep20250225.zip","1.0","2025-02-17T14:38:31Z","fethy.faradji@infopro-digital.com"
"11/09/2026 12:31:44","Bureau/mep20250603.zip","1.0","2025-06-03T07:42:50Z","fethy.faradji@infopro-digital.com"
"11/09/2026 12:31:48","Bureau/Microsoft Teams.lnk","1.0","2024-12-11T15:14:47Z","fethy.faradji@infopro-digital.com"
"11/09/2026 12:31:53","Bureau/mise_a_jour_des_seuils.xlsx","1.0","2025-04-07T07:32:21Z","fethy.faradji@infopro-digital.com"
"11/09/2026 12:31:58","Bureau/mise_a_jour_des_tarifs_de_publications.sql","1.0","2025-01-02T14:08:00Z","fethy.faradji@infopro-digital.com"
"11/09/2026 12:31:59","Bureau/mise_a_jour_des_tarifs_de_publications.sql","2.0","2025-01-02T15:02:34Z","fethy.faradji@infopro-digital.com"
"11/09/2026 12:32:03","Bureau/mise_a_jour_nature_avis.csv","1.0","2025-01-09T15:31:04Z","fethy.faradji@infopro-digital.com"
"11/09/2026 12:32:04","Bureau/mise_a_jour_nature_avis.csv","2.0","2025-01-09T15:31:36Z","fethy.faradji@infopro-digital.com"
"11/09/2026 12:32:09","Bureau/nouveau 52.txt","1.0","2025-08-08T14:15:39Z","fethy.faradji@infopro-digital.com"
"11/09/2026 12:32:13","Bureau/panoramic-view-mesmerizing-sahara-desert-sunset-concept-travel-photography-sunset-views-sahara-desert-panoramic-landscapes_864588-214280.jpg","1.0","2025-06-17T08:40:59Z","fethy.faradji@infopro-digital.com"
"11/09/2026 12:32:18","Bureau/PC10031.cer","1.0","2025-06-17T09:42:36Z","fethy.faradji@infopro-digital.com"
"11/09/2026 12:32:22","Bureau/PC10031.pfx","1.0","2025-06-17T12:28:36Z","fethy.faradji@infopro-digital.com"
"11/09/2026 12:32:26","Bureau/presque finit.sql","1.0","2026-05-04T15:21:47Z","fethy.faradji@infopro-digital.com"
"11/09/2026 12:32:28","Bureau/presque finit.sql","2.0","2026-05-06T12:36:42Z","fethy.faradji@infopro-digital.com"
"11/09/2026 12:32:32","Bureau/probleme easyvista date de fin.docx","1.0","2024-11-28T09:11:18Z","fethy.faradji@infopro-digital.com"
"11/09/2026 12:32:36","Bureau/PUBLICATIONS_SF2.sql","1.0","2025-02-12T13:57:42Z","fethy.faradji@infopro-digital.com"
"11/09/2026 12:32:41","Bureau/rattrapage_synchro_sim_sf_20200101_20241101.sql","1.0","2024-10-15T13:14:32Z","fethy.faradji@infopro-digital.com"
"11/09/2026 12:32:46","Bureau/rattrapage_synchro_sim_sf_20200101_20241101_2.sql","1.0","2024-10-31T14:40:18Z","fethy.faradji@infopro-digital.com"
"11/09/2026 12:32:47","Bureau/rattrapage_synchro_sim_sf_20200101_20241101_2.sql","2.0","2024-10-31T15:25:52Z","fethy.faradji@infopro-digital.com"
"11/09/2026 12:32:48","Bureau/rattrapage_synchro_sim_sf_20200101_20241101_2.sql","3.0","2024-10-31T15:34:43Z","fethy.faradji@infopro-digital.com"
"11/09/2026 12:32:53","Bureau/Re Ajout de l'AD Gutwinski au Datawarehouse sécu..msg","1.0","2025-09-25T09:24:28Z","fethy.faradji@infopro-digital.com"
"11/09/2026 12:32:57","Bureau/Redemarrer le serveur PASEO.docx","1.0","2024-12-12T15:57:01Z","fethy.faradji@infopro-digital.com"
"11/09/2026 12:33:01","Bureau/référentiel refacturation.xlsx","1.0","2026-02-05T16:12:25Z","fethy.faradji@infopro-digital.com"
"11/09/2026 12:33:02","Bureau/référentiel refacturation.xlsx","2.0","2026-02-06T13:36:37Z","fethy.faradji@infopro-digital.com"
"11/09/2026 12:33:03","Bureau/référentiel refacturation.xlsx","3.0","2026-02-06T14:14:23Z","fethy.faradji@infopro-digital.com"
"11/09/2026 12:33:04","Bureau/référentiel refacturation.xlsx","4.0","2026-02-06T14:23:58Z","fethy.faradji@infopro-digital.com"
"11/09/2026 12:33:05","Bureau/référentiel refacturation.xlsx","5.0","2026-02-18T08:42:49Z","fethy.faradji@infopro-digital.com"
"11/09/2026 12:33:06","Bureau/référentiel refacturation.xlsx","6.0","2026-02-18T09:33:45Z","fethy.faradji@infopro-digital.com"
"11/09/2026 12:33:07","Bureau/référentiel refacturation.xlsx","7.0","2026-02-18T10:19:49Z","fethy.faradji@infopro-digital.com"
"11/09/2026 12:33:08","Bureau/référentiel refacturation.xlsx","8.0","2026-02-18T10:24:02Z","fethy.faradji@infopro-digital.com"
"11/09/2026 12:33:09","Bureau/référentiel refacturation.xlsx","9.0","2026-02-18T13:28:30Z","fethy.faradji@infopro-digital.com"
"11/09/2026 12:33:10","Bureau/référentiel refacturation.xlsx","10.0","2026-02-18T13:34:56Z","fethy.faradji@infopro-digital.com"
"11/09/2026 12:33:11","Bureau/référentiel refacturation.xlsx","11.0","2026-02-18T14:02:58Z","fethy.faradji@infopro-digital.com"
"11/09/2026 12:33:15","Bureau/référentiel_creamodif-AD.xlsx","1.0","2026-02-05T10:43:46Z","fethy.faradji@infopro-digital.com"
"11/09/2026 12:33:20","Bureau/resultat_fichier_abs_dest.csv","1.0","2025-07-03T09:44:09Z","fethy.faradji@infopro-digital.com"
"11/09/2026 12:33:24","Bureau/Sans titre2.ps1","1.0","2025-08-06T13:20:16Z","fethy.faradji@infopro-digital.com"
"11/09/2026 12:33:28","Bureau/script_de_la_murte.txt","1.0","2024-10-24T14:20:29Z","fethy.faradji@infopro-digital.com"
"11/09/2026 12:33:33","Bureau/SharePoint_source_202508081126.csv","1.0","2025-08-08T09:26:37Z","fethy.faradji@infopro-digital.com"
"11/09/2026 12:33:35","Bureau/SharePoint_source_202508081126.csv","2.0","2025-08-08T09:27:35Z","fethy.faradji@infopro-digital.com"
"11/09/2026 12:33:38","Bureau/Sigle_Slash.png","1.0","2024-10-07T10:58:16Z","fethy.faradji@infopro-digital.com"
"11/09/2026 12:33:43","Bureau/sim_am_index.csv","1.0","2024-12-10T15:54:49Z","fethy.faradji@infopro-digital.com"
"11/09/2026 12:33:48","Bureau/simx_am_in_identite.csv","1.0","2024-12-10T15:32:50Z","fethy.faradji@infopro-digital.com"
"11/09/2026 12:33:53","Bureau/smiley1_p.jpg","1.0","2024-10-16T12:05:26Z","fethy.faradji@infopro-digital.com"
"11/09/2026 12:33:58","Bureau/task.html","1.0","2024-10-04T13:12:44Z","fethy.faradji@infopro-digital.com"
"11/09/2026 12:33:59","Bureau/task.html","2.0","2024-10-04T13:29:54Z","fethy.faradji@infopro-digital.com"
"11/09/2026 12:34:03","Bureau/téléchargement.jpg","1.0","2024-10-11T08:51:27Z","fethy.faradji@infopro-digital.com"
"11/09/2026 12:34:08","Bureau/test.csv","1.0","2025-04-22T14:13:07Z","fethy.faradji@infopro-digital.com"
"11/09/2026 12:34:11","Bureau/test.csv","2.0","2025-04-22T14:23:12Z","fethy.faradji@infopro-digital.com"
"11/09/2026 12:34:15","Bureau/test4.ps1","1.0","2025-01-08T14:15:38Z","fethy.faradji@infopro-digital.com"
"11/09/2026 12:34:20","Bureau/tmp.csv","1.0","2026-04-15T15:37:44Z","fethy.faradji@infopro-digital.com"
"11/09/2026 12:34:21","Bureau/tmp.csv","2.0","2026-04-15T15:37:47Z","fethy.faradji@infopro-digital.com"
"11/09/2026 12:34:23","Bureau/tmp.csv","3.0","2026-04-15T15:37:49Z","fethy.faradji@infopro-digital.com"
"11/09/2026 12:34:25","Bureau/tmp.csv","4.0","2026-04-15T15:37:50Z","fethy.faradji@infopro-digital.com"
"11/09/2026 12:34:26","Bureau/tmp.csv","5.0","2026-04-15T15:37:51Z","fethy.faradji@infopro-digital.com"
"11/09/2026 12:34:27","Bureau/tmp.csv","6.0","2026-04-15T15:37:54Z","fethy.faradji@infopro-digital.com"
"11/09/2026 12:34:28","Bureau/tmp.csv","7.0","2026-04-15T15:37:56Z","fethy.faradji@infopro-digital.com"
"11/09/2026 12:34:29","Bureau/tmp.csv","8.0","2026-04-15T15:37:57Z","fethy.faradji@infopro-digital.com"
"11/09/2026 12:34:30","Bureau/tmp.csv","9.0","2026-04-15T15:37:59Z","fethy.faradji@infopro-digital.com"
"11/09/2026 12:34:32","Bureau/tmp.csv","10.0","2026-04-15T15:38:01Z","fethy.faradji@infopro-digital.com"
"11/09/2026 12:34:33","Bureau/tmp.csv","11.0","2026-04-15T15:38:02Z","fethy.faradji@infopro-digital.com"
"11/09/2026 12:34:34","Bureau/tmp.csv","12.0","2026-04-15T15:38:04Z","fethy.faradji@infopro-digital.com"
"11/09/2026 12:34:35","Bureau/tmp.csv","13.0","2026-04-15T15:38:05Z","fethy.faradji@infopro-digital.com"
"11/09/2026 12:34:36","Bureau/tmp.csv","14.0","2026-04-15T15:38:06Z","fethy.faradji@infopro-digital.com"
"11/09/2026 12:34:37","Bureau/tmp.csv","15.0","2026-04-15T15:38:07Z","fethy.faradji@infopro-digital.com"
"11/09/2026 12:34:39","Bureau/tmp.csv","16.0","2026-04-15T15:38:09Z","fethy.faradji@infopro-digital.com"
"11/09/2026 12:34:40","Bureau/tmp.csv","17.0","2026-04-15T15:38:10Z","fethy.faradji@infopro-digital.com"
"11/09/2026 12:34:41","Bureau/tmp.csv","18.0","2026-04-15T15:38:12Z","fethy.faradji@infopro-digital.com"
"11/09/2026 12:34:42","Bureau/tmp.csv","19.0","2026-04-15T15:38:14Z","fethy.faradji@infopro-digital.com"
"11/09/2026 12:34:43","Bureau/tmp.csv","20.0","2026-04-15T15:38:16Z","fethy.faradji@infopro-digital.com"
"11/09/2026 12:34:45","Bureau/tmp.csv","21.0","2026-04-15T15:38:17Z","fethy.faradji@infopro-digital.com"
"11/09/2026 12:34:46","Bureau/tmp.csv","22.0","2026-04-15T15:38:19Z","fethy.faradji@infopro-digital.com"
"11/09/2026 12:34:47","Bureau/tmp.csv","23.0","2026-04-15T15:38:20Z","fethy.faradji@infopro-digital.com"
"11/09/2026 12:34:48","Bureau/tmp.csv","24.0","2026-04-15T15:38:23Z","fethy.faradji@infopro-digital.com"
"11/09/2026 12:34:49","Bureau/tmp.csv","25.0","2026-04-15T15:38:24Z","fethy.faradji@infopro-digital.com"
"11/09/2026 12:34:50","Bureau/tmp.csv","26.0","2026-04-15T15:38:26Z","fethy.faradji@infopro-digital.com"
"11/09/2026 12:34:52","Bureau/tmp.csv","27.0","2026-04-15T15:38:28Z","fethy.faradji@infopro-digital.com"
"11/09/2026 12:34:53","Bureau/tmp.csv","28.0","2026-04-15T15:38:30Z","fethy.faradji@infopro-digital.com"
"11/09/2026 12:34:54","Bureau/tmp.csv","29.0","2026-04-15T15:38:32Z","fethy.faradji@infopro-digital.com"
"11/09/2026 12:34:55","Bureau/tmp.csv","30.0","2026-04-15T15:38:33Z","fethy.faradji@infopro-digital.com"
"11/09/2026 12:34:57","Bureau/tmp.csv","31.0","2026-04-15T15:38:34Z","fethy.faradji@infopro-digital.com"
"11/09/2026 12:34:59","Bureau/tmp.csv","32.0","2026-04-15T15:38:36Z","fethy.faradji@infopro-digital.com"
"11/09/2026 12:35:00","Bureau/tmp.csv","33.0","2026-04-15T15:38:38Z","fethy.faradji@infopro-digital.com"
"11/09/2026 12:35:01","Bureau/tmp.csv","34.0","2026-04-15T15:38:40Z","fethy.faradji@infopro-digital.com"
"11/09/2026 12:35:04","Bureau/tmp.csv","35.0","2026-04-15T15:38:42Z","fethy.faradji@infopro-digital.com"
"11/09/2026 12:35:05","Bureau/tmp.csv","36.0","2026-04-15T15:38:43Z","fethy.faradji@infopro-digital.com"
"11/09/2026 12:35:07","Bureau/tmp.csv","37.0","2026-04-15T15:38:45Z","fethy.faradji@infopro-digital.com"
"11/09/2026 12:35:08","Bureau/tmp.csv","38.0","2026-04-15T15:38:46Z","fethy.faradji@infopro-digital.com"
"11/09/2026 12:35:09","Bureau/tmp.csv","39.0","2026-04-15T15:38:47Z","fethy.faradji@infopro-digital.com"
"11/09/2026 12:35:10","Bureau/tmp.csv","40.0","2026-04-15T15:38:49Z","fethy.faradji@infopro-digital.com"
"11/09/2026 12:35:11","Bureau/tmp.csv","41.0","2026-04-15T15:38:51Z","fethy.faradji@infopro-digital.com"
"11/09/2026 12:35:13","Bureau/tmp.csv","42.0","2026-04-15T15:38:52Z","fethy.faradji@infopro-digital.com"
"11/09/2026 12:35:14","Bureau/tmp.csv","43.0","2026-04-15T15:38:57Z","fethy.faradji@infopro-digital.com"
"11/09/2026 12:35:15","Bureau/tmp.csv","44.0","2026-04-15T15:39:01Z","fethy.faradji@infopro-digital.com"
"11/09/2026 12:35:16","Bureau/tmp.csv","45.0","2026-04-15T15:39:03Z","fethy.faradji@infopro-digital.com"
"11/09/2026 12:35:17","Bureau/tmp.csv","46.0","2026-04-15T15:39:05Z","fethy.faradji@infopro-digital.com"
"11/09/2026 12:35:19","Bureau/tmp.csv","47.0","2026-04-15T15:39:06Z","fethy.faradji@infopro-digital.com"
"11/09/2026 12:35:20","Bureau/tmp.csv","48.0","2026-04-15T15:39:09Z","fethy.faradji@infopro-digital.com"
"11/09/2026 12:35:21","Bureau/tmp.csv","49.0","2026-04-15T15:39:11Z","fethy.faradji@infopro-digital.com"
"11/09/2026 12:35:22","Bureau/tmp.csv","50.0","2026-04-15T15:39:14Z","fethy.faradji@infopro-digital.com"
"11/09/2026 12:35:24","Bureau/tmp.csv","51.0","2026-04-15T15:39:17Z","fethy.faradji@infopro-digital.com"
"11/09/2026 12:35:25","Bureau/tmp.csv","52.0","2026-04-15T15:39:19Z","fethy.faradji@infopro-digital.com"
"11/09/2026 12:35:26","Bureau/tmp.csv","53.0","2026-04-15T15:39:21Z","fethy.faradji@infopro-digital.com"
"11/09/2026 12:35:27","Bureau/tmp.csv","54.0","2026-04-15T15:39:23Z","fethy.faradji@infopro-digital.com"
"11/09/2026 12:35:29","Bureau/tmp.csv","55.0","2026-04-15T15:39:25Z","fethy.faradji@infopro-digital.com"
"11/09/2026 12:35:30","Bureau/tmp.csv","56.0","2026-04-15T15:39:27Z","fethy.faradji@infopro-digital.com"
"11/09/2026 12:35:31","Bureau/tmp.csv","57.0","2026-04-15T15:39:29Z","fethy.faradji@infopro-digital.com"
"11/09/2026 12:35:33","Bureau/tmp.csv","58.0","2026-04-15T15:39:31Z","fethy.faradji@infopro-digital.com"
"11/09/2026 12:35:34","Bureau/tmp.csv","59.0","2026-04-15T15:39:33Z","fethy.faradji@infopro-digital.com"
"11/09/2026 12:35:35","Bureau/tmp.csv","60.0","2026-04-15T15:39:34Z","fethy.faradji@infopro-digital.com"
"11/09/2026 12:35:36","Bureau/tmp.csv","61.0","2026-04-15T15:39:36Z","fethy.faradji@infopro-digital.com"
"11/09/2026 12:35:38","Bureau/tmp.csv","62.0","2026-04-15T15:39:38Z","fethy.faradji@infopro-digital.com"
"11/09/2026 12:35:39","Bureau/tmp.csv","63.0","2026-04-15T15:39:40Z","fethy.faradji@infopro-digital.com"
"11/09/2026 12:35:40","Bureau/tmp.csv","64.0","2026-04-15T15:39:41Z","fethy.faradji@infopro-digital.com"
"11/09/2026 12:35:41","Bureau/tmp.csv","65.0","2026-04-15T15:39:43Z","fethy.faradji@infopro-digital.com"
"11/09/2026 12:35:43","Bureau/tmp.csv","66.0","2026-04-15T15:39:45Z","fethy.faradji@infopro-digital.com"
"11/09/2026 12:35:44","Bureau/tmp.csv","67.0","2026-04-15T15:39:47Z","fethy.faradji@infopro-digital.com"
"11/09/2026 12:35:45","Bureau/tmp.csv","68.0","2026-04-15T15:39:49Z","fethy.faradji@infopro-digital.com"
"11/09/2026 12:35:47","Bureau/tmp.csv","69.0","2026-04-15T15:39:50Z","fethy.faradji@infopro-digital.com"
"11/09/2026 12:35:48","Bureau/tmp.csv","70.0","2026-04-15T15:39:52Z","fethy.faradji@infopro-digital.com"
"11/09/2026 12:35:49","Bureau/tmp.csv","71.0","2026-04-15T15:39:54Z","fethy.faradji@infopro-digital.com"
"11/09/2026 12:35:50","Bureau/tmp.csv","72.0","2026-04-15T15:39:56Z","fethy.faradji@infopro-digital.com"
"11/09/2026 12:35:52","Bureau/tmp.csv","73.0","2026-04-15T15:39:58Z","fethy.faradji@infopro-digital.com"
"11/09/2026 12:35:53","Bureau/tmp.csv","74.0","2026-04-15T15:40:02Z","fethy.faradji@infopro-digital.com"
"11/09/2026 12:35:54","Bureau/tmp.csv","75.0","2026-04-15T15:40:04Z","fethy.faradji@infopro-digital.com"
"11/09/2026 12:35:56","Bureau/tmp.csv","76.0","2026-04-15T15:40:07Z","fethy.faradji@infopro-digital.com"
"11/09/2026 12:35:57","Bureau/tmp.csv","77.0","2026-04-15T15:40:09Z","fethy.faradji@infopro-digital.com"
"11/09/2026 12:35:58","Bureau/tmp.csv","78.0","2026-04-15T15:40:11Z","fethy.faradji@infopro-digital.com"
"11/09/2026 12:35:59","Bureau/tmp.csv","79.0","2026-04-15T15:40:13Z","fethy.faradji@infopro-digital.com"
"11/09/2026 12:36:01","Bureau/tmp.csv","80.0","2026-04-15T15:40:15Z","fethy.faradji@infopro-digital.com"
"11/09/2026 12:36:02","Bureau/tmp.csv","81.0","2026-04-15T15:40:19Z","fethy.faradji@infopro-digital.com"
"11/09/2026 12:36:03","Bureau/tmp.csv","82.0","2026-04-15T15:40:21Z","fethy.faradji@infopro-digital.com"
"11/09/2026 12:36:05","Bureau/tmp.csv","83.0","2026-04-15T15:40:24Z","fethy.faradji@infopro-digital.com"
"11/09/2026 12:36:06","Bureau/tmp.csv","84.0","2026-04-15T15:40:26Z","fethy.faradji@infopro-digital.com"
"11/09/2026 12:36:07","Bureau/tmp.csv","85.0","2026-04-15T15:40:28Z","fethy.faradji@infopro-digital.com"
"11/09/2026 12:36:09","Bureau/tmp.csv","86.0","2026-04-15T15:40:32Z","fethy.faradji@infopro-digital.com"
"11/09/2026 12:36:10","Bureau/tmp.csv","87.0","2026-04-15T15:40:34Z","fethy.faradji@infopro-digital.com"
"11/09/2026 12:36:11","Bureau/tmp.csv","88.0","2026-04-15T15:40:36Z","fethy.faradji@infopro-digital.com"
"11/09/2026 12:36:13","Bureau/tmp.csv","89.0","2026-04-15T15:40:38Z","fethy.faradji@infopro-digital.com"
"11/09/2026 12:36:14","Bureau/tmp.csv","90.0","2026-04-15T15:40:41Z","fethy.faradji@infopro-digital.com"
"11/09/2026 12:36:15","Bureau/tmp.csv","91.0","2026-04-15T15:40:43Z","fethy.faradji@infopro-digital.com"
"11/09/2026 12:36:17","Bureau/tmp.csv","92.0","2026-04-15T15:40:45Z","fethy.faradji@infopro-digital.com"
"11/09/2026 12:36:18","Bureau/tmp.csv","93.0","2026-04-15T15:40:48Z","fethy.faradji@infopro-digital.com"
"11/09/2026 12:36:20","Bureau/tmp.csv","94.0","2026-04-15T15:40:51Z","fethy.faradji@infopro-digital.com"
"11/09/2026 12:36:21","Bureau/tmp.csv","95.0","2026-04-15T15:40:54Z","fethy.faradji@infopro-digital.com"
"11/09/2026 12:36:22","Bureau/tmp.csv","96.0","2026-04-15T15:40:57Z","fethy.faradji@infopro-digital.com"
"11/09/2026 12:36:24","Bureau/tmp.csv","97.0","2026-04-15T15:41:01Z","fethy.faradji@infopro-digital.com"
"11/09/2026 12:36:25","Bureau/tmp.csv","98.0","2026-04-15T15:41:04Z","fethy.faradji@infopro-digital.com"
"11/09/2026 12:36:27","Bureau/tmp.csv","99.0","2026-04-15T15:41:07Z","fethy.faradji@infopro-digital.com"
"11/09/2026 12:36:28","Bureau/tmp.csv","100.0","2026-04-15T15:41:09Z","fethy.faradji@infopro-digital.com"
"11/09/2026 12:36:29","Bureau/tmp.csv","101.0","2026-04-15T15:41:11Z","fethy.faradji@infopro-digital.com"
"11/09/2026 12:36:31","Bureau/tmp.csv","102.0","2026-04-15T15:41:14Z","fethy.faradji@infopro-digital.com"
"11/09/2026 12:36:32","Bureau/tmp.csv","103.0","2026-04-15T15:41:16Z","fethy.faradji@infopro-digital.com"
"11/09/2026 12:36:33","Bureau/tmp.csv","104.0","2026-04-15T15:41:18Z","fethy.faradji@infopro-digital.com"
"11/09/2026 12:36:35","Bureau/tmp.csv","105.0","2026-04-15T15:41:19Z","fethy.faradji@infopro-digital.com"
"11/09/2026 12:36:36","Bureau/tmp.csv","106.0","2026-04-15T15:41:22Z","fethy.faradji@infopro-digital.com"
"11/09/2026 12:36:37","Bureau/tmp.csv","107.0","2026-04-15T15:41:24Z","fethy.faradji@infopro-digital.com"
"11/09/2026 12:36:39","Bureau/tmp.csv","108.0","2026-04-15T15:41:26Z","fethy.faradji@infopro-digital.com"
"11/09/2026 12:36:40","Bureau/tmp.csv","109.0","2026-04-15T15:41:29Z","fethy.faradji@infopro-digital.com"
"11/09/2026 12:36:41","Bureau/tmp.csv","110.0","2026-04-15T15:41:32Z","fethy.faradji@infopro-digital.com"
"11/09/2026 12:36:43","Bureau/tmp.csv","111.0","2026-04-15T15:41:35Z","fethy.faradji@infopro-digital.com"
"11/09/2026 12:36:44","Bureau/tmp.csv","112.0","2026-04-15T15:41:38Z","fethy.faradji@infopro-digital.com"
"11/09/2026 12:36:45","Bureau/tmp.csv","113.0","2026-04-15T15:41:40Z","fethy.faradji@infopro-digital.com"
"11/09/2026 12:36:47","Bureau/tmp.csv","114.0","2026-04-15T15:41:43Z","fethy.faradji@infopro-digital.com"
"11/09/2026 12:36:48","Bureau/tmp.csv","115.0","2026-04-15T15:41:45Z","fethy.faradji@infopro-digital.com"
"11/09/2026 12:36:50","Bureau/tmp.csv","116.0","2026-04-15T15:41:49Z","fethy.faradji@infopro-digital.com"
"11/09/2026 12:36:51","Bureau/tmp.csv","117.0","2026-04-15T15:42:31Z","fethy.faradji@infopro-digital.com"
"11/09/2026 12:36:56","Bureau/user_entra_202603181129.csv","1.0","2026-03-18T10:29:11Z","fethy.faradji@infopro-digital.com"
"11/09/2026 12:37:02","Bureau/user_entra_202603181129.zip","1.0","2026-03-18T10:32:24Z","fethy.faradji@infopro-digital.com"
"11/09/2026 12:37:07","Bureau/User365.ps1","1.0","2026-01-16T14:05:36Z","fethy.faradji@infopro-digital.com"
"11/09/2026 12:37:08","Bureau/User365.ps1","2.0","2026-03-18T10:31:08Z","fethy.faradji@infopro-digital.com"
"11/09/2026 12:37:13","Bureau/UserExcel.ps1","1.0","2025-05-07T13:02:08Z","fethy.faradji@infopro-digital.com"
"11/09/2026 12:37:17","Bureau/UserPréprod.csv","1.0","2025-03-17T13:07:25Z","fethy.faradji@infopro-digital.com"
"11/09/2026 12:37:22","Bureau/v_computers_ad_202503241516.csv","1.0","2025-03-24T14:16:54Z","fethy.faradji@infopro-digital.com"
"11/09/2026 12:37:24","Bureau/v_computers_ad_202503241516.csv","2.0","2025-03-24T14:34:19Z","fethy.faradji@infopro-digital.com"
"11/09/2026 12:37:28","Bureau/v_computers_ad_202503241534.csv","1.0","2025-03-24T14:34:47Z","fethy.faradji@infopro-digital.com"
"11/09/2026 12:37:33","Bureau/v_computers_ad_202503241534.xlsx","1.0","2025-03-24T14:40:35Z","fethy.faradji@infopro-digital.com"
"11/09/2026 12:37:34","Bureau/v_computers_ad_202503241534.xlsx","2.0","2025-03-24T14:42:35Z","fethy.faradji@infopro-digital.com"
"11/09/2026 12:37:39","Bureau/wallpaper.jpg","1.0","2024-11-08T14:28:32Z","fethy.faradji@infopro-digital.com"
"11/09/2026 12:37:45","Bureau/XnView.lnk","1.0","2024-10-15T15:06:08Z","fethy.faradji@infopro-digital.com"
"11/09/2026 12:37:46","Bureau/XnView.lnk","2.0","2024-10-15T15:06:48Z","fethy.faradji@infopro-digital.com"
"11/09/2026 12:37:47","Bureau/XnView.lnk","3.0","2024-10-15T15:10:35Z","fethy.faradji@infopro-digital.com"
"11/09/2026 12:37:48","Bureau/XnView.lnk","4.0","2024-10-15T15:12:23Z","fethy.faradji@infopro-digital.com"
"11/09/2026 12:37:52","corespondance FNS-FNSIMPLE/1_5_xslTEXTEIM.xlsx","1.0","2022-01-20T09:40:43Z","fethy.faradji@infopro-digital.com"
"11/09/2026 12:37:58","corespondance FNS-FNSIMPLE/1_6_xslTEXTEIM.xlsx","1.0","2022-01-20T09:39:16Z","fethy.faradji@infopro-digital.com"
"11/09/2026 12:38:02","corespondance FNS-FNSIMPLE/1_7_xslTEXTEIM.xlsx","1.0","2022-01-20T09:50:15Z","fethy.faradji@infopro-digital.com"
"11/09/2026 12:38:07","corespondance FNS-FNSIMPLE/1_8_xslTEXTEIM.xlsx","1.0","2022-01-20T09:40:47Z","fethy.faradji@infopro-digital.com"
"11/09/2026 12:38:12","corespondance FNS-FNSIMPLE/1_9_xslTEXTEIM.xlsx","1.0","2022-01-20T09:37:18Z","fethy.faradji@infopro-digital.com"
"11/09/2026 12:38:17","corespondance FNS-FNSIMPLE/2_0_xslTEXTEIM (1).xlsx","1.0","2022-01-20T09:33:23Z","fethy.faradji@infopro-digital.com"
"11/09/2026 12:38:22","corespondance FNS-FNSIMPLE/2_1_xslTEXTEIM (1).xlsx","1.0","2022-01-20T09:34:54Z","fethy.faradji@infopro-digital.com"
"11/09/2026 12:38:27","corespondance FNS-FNSIMPLE/3_0_xslTEXTEIM.xlsx","1.0","2022-01-20T09:37:06Z","fethy.faradji@infopro-digital.com"
"11/09/2026 12:38:32","corespondance FNS-FNSIMPLE/Copie de Copie de Transcodif balises_textes.xlsx","1.0","2022-01-20T09:50:22Z","fethy.faradji@infopro-digital.com"
"11/09/2026 12:38:37","Documents/afterSentDocuments/docs0/abc.doc","1.0","2023-11-02T11:03:06Z","fethy.faradji@infopro-digital.com"
"11/09/2026 12:38:42","Documents/afterSentDocuments/docs0/abc0.doc","1.0","2023-11-02T11:03:06Z","fethy.faradji@infopro-digital.com"
"11/09/2026 12:38:47","Documents/afterSentDocuments/docs0/abc2.doc","1.0","2023-11-02T11:03:06Z","fethy.faradji@infopro-digital.com"
"11/09/2026 12:38:52","Documents/afterSentDocuments/docs0/abc3.doc","1.0","2023-11-02T11:03:06Z","fethy.faradji@infopro-digital.com"
"11/09/2026 12:38:57","Documents/afterSentDocuments/docs0/abc4.doc","1.0","2023-11-02T11:03:06Z","fethy.faradji@infopro-digital.com"
"11/09/2026 12:39:02","Documents/afterSentDocuments/docs0/def0.txt","1.0","2023-11-02T11:03:06Z","fethy.faradji@infopro-digital.com"
"11/09/2026 12:39:06","Documents/afterSentDocuments/docs0/def1.txt","1.0","2023-11-02T11:03:06Z","fethy.faradji@infopro-digital.com"
"11/09/2026 12:39:13","Documents/afterSentDocuments/docs0/def2.txt","1.0","2023-11-02T11:03:06Z","fethy.faradji@infopro-digital.com"
"11/09/2026 12:39:17","Documents/afterSentDocuments/docs0/def3.txt","1.0","2023-11-02T11:03:06Z","fethy.faradji@infopro-digital.com"
"11/09/2026 12:39:22","Documents/afterSentDocuments/docs0/def4.txt","1.0","2023-11-02T11:03:06Z","fethy.faradji@infopro-digital.com"
"11/09/2026 12:39:26","Documents/afterSentDocuments/docs0/ghi0.pdf","1.0","2023-11-02T11:03:06Z","fethy.faradji@infopro-digital.com"
"11/09/2026 12:39:30","Documents/afterSentDocuments/docs0/ghi1.pdf","1.0","2023-11-02T11:03:06Z","fethy.faradji@infopro-digital.com"
"11/09/2026 12:39:34","Documents/afterSentDocuments/docs0/ghi2.pdf","1.0","2023-11-02T11:03:06Z","fethy.faradji@infopro-digital.com"
"11/09/2026 12:39:39","Documents/afterSentDocuments/docs0/ghi3.pdf","1.0","2023-11-02T11:03:06Z","fethy.faradji@infopro-digital.com"
"11/09/2026 12:39:43","Documents/afterSentDocuments/docs0/ghi4.pdf","1.0","2023-11-02T11:03:06Z","fethy.faradji@infopro-digital.com"
"11/09/2026 12:39:48","Documents/afterSentDocuments/docs1/abc.doc","1.0","2023-11-02T11:03:06Z","fethy.faradji@infopro-digital.com"
"11/09/2026 12:39:51","Documents/afterSentDocuments/docs1/abc0.doc","1.0","2023-11-02T11:03:06Z","fethy.faradji@infopro-digital.com"
"11/09/2026 12:39:56","Documents/afterSentDocuments/docs1/abc2.doc","1.0","2023-11-02T11:03:06Z","fethy.faradji@infopro-digital.com"
"11/09/2026 12:40:00","Documents/afterSentDocuments/docs1/abc3.doc","1.0","2023-11-02T11:03:06Z","fethy.faradji@infopro-digital.com"
"11/09/2026 12:40:04","Documents/afterSentDocuments/docs1/abc4.doc","1.0","2023-11-02T11:03:06Z","fethy.faradji@infopro-digital.com"
"11/09/2026 12:40:09","Documents/afterSentDocuments/docs1/def0.txt","1.0","2023-11-02T11:03:06Z","fethy.faradji@infopro-digital.com"
"11/09/2026 12:40:13","Documents/afterSentDocuments/docs1/def1.txt","1.0","2023-11-02T11:03:06Z","fethy.faradji@infopro-digital.com"
"11/09/2026 12:40:17","Documents/afterSentDocuments/docs1/def2.txt","1.0","2023-11-02T11:03:06Z","fethy.faradji@infopro-digital.com"
"11/09/2026 12:40:23","Documents/afterSentDocuments/docs1/def3.txt","1.0","2023-11-02T11:03:06Z","fethy.faradji@infopro-digital.com"
"11/09/2026 12:40:28","Documents/afterSentDocuments/docs1/def4.txt","1.0","2023-11-02T11:03:06Z","fethy.faradji@infopro-digital.com"
"11/09/2026 12:40:32","Documents/afterSentDocuments/docs1/ghi0.pdf","1.0","2023-11-02T11:03:06Z","fethy.faradji@infopro-digital.com"
"11/09/2026 12:40:36","Documents/afterSentDocuments/docs1/ghi1.pdf","1.0","2023-11-02T11:03:06Z","fethy.faradji@infopro-digital.com"
"11/09/2026 12:40:40","Documents/afterSentDocuments/docs1/ghi2.pdf","1.0","2023-11-02T11:03:06Z","fethy.faradji@infopro-digital.com"
"11/09/2026 12:40:44","Documents/afterSentDocuments/docs1/ghi3.pdf","1.0","2023-11-02T11:03:06Z","fethy.faradji@infopro-digital.com"
"11/09/2026 12:40:49","Documents/afterSentDocuments/docs1/ghi4.pdf","1.0","2023-11-02T11:03:06Z","fethy.faradji@infopro-digital.com"
"11/09/2026 12:40:53","Documents/afterSentDocuments/docs10/abc.doc","1.0","2023-11-02T11:03:06Z","fethy.faradji@infopro-digital.com"
"11/09/2026 12:40:58","Documents/afterSentDocuments/docs10/abc0.doc","1.0","2023-11-02T11:03:06Z","fethy.faradji@infopro-digital.com"
"11/09/2026 12:41:02","Documents/afterSentDocuments/docs10/abc2.doc","1.0","2023-11-02T11:03:06Z","fethy.faradji@infopro-digital.com"
"11/09/2026 12:41:06","Documents/afterSentDocuments/docs10/abc3.doc","1.0","2023-11-02T11:03:06Z","fethy.faradji@infopro-digital.com"
"11/09/2026 12:41:11","Documents/afterSentDocuments/docs10/abc4.doc","1.0","2023-11-02T11:03:06Z","fethy.faradji@infopro-digital.com"
"11/09/2026 12:41:16","Documents/afterSentDocuments/docs10/def0.txt","1.0","2023-11-02T11:03:06Z","fethy.faradji@infopro-digital.com"
"11/09/2026 12:41:20","Documents/afterSentDocuments/docs10/def1.txt","1.0","2023-11-02T11:03:06Z","fethy.faradji@infopro-digital.com"
"11/09/2026 12:41:25","Documents/afterSentDocuments/docs10/def2.txt","1.0","2023-11-02T11:03:06Z","fethy.faradji@infopro-digital.com"
"11/09/2026 12:41:29","Documents/afterSentDocuments/docs10/def3.txt","1.0","2023-11-02T11:03:06Z","fethy.faradji@infopro-digital.com"
"11/09/2026 12:41:33","Documents/afterSentDocuments/docs10/def4.txt","1.0","2023-11-02T11:03:06Z","fethy.faradji@infopro-digital.com"
"11/09/2026 12:41:38","Documents/afterSentDocuments/docs10/ghi0.pdf","1.0","2023-11-02T11:03:06Z","fethy.faradji@infopro-digital.com"
"11/09/2026 12:41:42","Documents/afterSentDocuments/docs10/ghi1.pdf","1.0","2023-11-02T11:03:06Z","fethy.faradji@infopro-digital.com"
"11/09/2026 12:41:46","Documents/afterSentDocuments/docs10/ghi2.pdf","1.0","2023-11-02T11:03:06Z","fethy.faradji@infopro-digital.com"
"11/09/2026 12:41:51","Documents/afterSentDocuments/docs10/ghi3.pdf","1.0","2023-11-02T11:03:06Z","fethy.faradji@infopro-digital.com"
"11/09/2026 12:41:55","Documents/afterSentDocuments/docs10/ghi4.pdf","1.0","2023-11-02T11:03:06Z","fethy.faradji@infopro-digital.com"
"11/09/2026 12:42:01","Documents/afterSentDocuments/docs11/abc.doc","1.0","2023-11-02T11:03:06Z","fethy.faradji@infopro-digital.com"
"11/09/2026 12:42:07","Documents/afterSentDocuments/docs11/abc0.doc","1.0","2023-11-02T11:03:06Z","fethy.faradji@infopro-digital.com"
"11/09/2026 12:42:12","Documents/afterSentDocuments/docs11/abc2.doc","1.0","2023-11-02T11:03:06Z","fethy.faradji@infopro-digital.com"
"11/09/2026 12:42:16","Documents/afterSentDocuments/docs11/abc3.doc","1.0","2023-11-02T11:03:06Z","fethy.faradji@infopro-digital.com"
"11/09/2026 12:42:21","Documents/afterSentDocuments/docs11/abc4.doc","1.0","2023-11-02T11:03:06Z","fethy.faradji@infopro-digital.com"
"11/09/2026 12:42:25","Documents/afterSentDocuments/docs11/def0.txt","1.0","2023-11-02T11:03:06Z","fethy.faradji@infopro-digital.com"
"11/09/2026 12:42:29","Documents/afterSentDocuments/docs11/def1.txt","1.0","2023-11-02T11:03:06Z","fethy.faradji@infopro-digital.com"
"11/09/2026 12:42:33","Documents/afterSentDocuments/docs11/def2.txt","1.0","2023-11-02T11:03:06Z","fethy.faradji@infopro-digital.com"
"11/09/2026 12:42:37","Documents/afterSentDocuments/docs11/def3.txt","1.0","2023-11-02T11:03:06Z","fethy.faradji@infopro-digital.com"
"11/09/2026 12:42:42","Documents/afterSentDocuments/docs11/def4.txt","1.0","2023-11-02T11:03:06Z","fethy.faradji@infopro-digital.com"
"11/09/2026 12:42:46","Documents/afterSentDocuments/docs11/ghi0.pdf","1.0","2023-11-02T11:03:06Z","fethy.faradji@infopro-digital.com"
"11/09/2026 12:42:51","Documents/afterSentDocuments/docs11/ghi1.pdf","1.0","2023-11-02T11:03:06Z","fethy.faradji@infopro-digital.com"
"11/09/2026 12:42:55","Documents/afterSentDocuments/docs11/ghi2.pdf","1.0","2023-11-02T11:03:06Z","fethy.faradji@infopro-digital.com"
"11/09/2026 12:42:59","Documents/afterSentDocuments/docs11/ghi3.pdf","1.0","2023-11-02T11:03:06Z","fethy.faradji@infopro-digital.com"
"11/09/2026 12:43:03","Documents/afterSentDocuments/docs11/ghi4.pdf","1.0","2023-11-02T11:03:06Z","fethy.faradji@infopro-digital.com"
"11/09/2026 12:43:08","Documents/afterSentDocuments/docs12/abc.doc","1.0","2023-11-02T11:03:06Z","fethy.faradji@infopro-digital.com"
"11/09/2026 12:43:12","Documents/afterSentDocuments/docs12/abc0.doc","1.0","2023-11-02T11:03:06Z","fethy.faradji@infopro-digital.com"
"11/09/2026 12:43:16","Documents/afterSentDocuments/docs12/abc2.doc","1.0","2023-11-02T11:03:06Z","fethy.faradji@infopro-digital.com"
"11/09/2026 12:43:20","Documents/afterSentDocuments/docs12/abc3.doc","1.0","2023-11-02T11:03:06Z","fethy.faradji@infopro-digital.com"
"11/09/2026 12:43:24","Documents/afterSentDocuments/docs12/abc4.doc","1.0","2023-11-02T11:03:06Z","fethy.faradji@infopro-digital.com"
"11/09/2026 12:43:28","Documents/afterSentDocuments/docs12/def0.txt","1.0","2023-11-02T11:03:06Z","fethy.faradji@infopro-digital.com"
"11/09/2026 12:43:32","Documents/afterSentDocuments/docs12/def1.txt","1.0","2023-11-02T11:03:06Z","fethy.faradji@infopro-digital.com"
"11/09/2026 12:43:36","Documents/afterSentDocuments/docs12/def2.txt","1.0","2023-11-02T11:03:06Z","fethy.faradji@infopro-digital.com"
"11/09/2026 12:43:40","Documents/afterSentDocuments/docs12/def3.txt","1.0","2023-11-02T11:03:06Z","fethy.faradji@infopro-digital.com"
"11/09/2026 12:43:44","Documents/afterSentDocuments/docs12/def4.txt","1.0","2023-11-02T11:03:06Z","fethy.faradji@infopro-digital.com"
"11/09/2026 12:43:48","Documents/afterSentDocuments/docs12/ghi0.pdf","1.0","2023-11-02T11:03:06Z","fethy.faradji@infopro-digital.com"
"11/09/2026 12:43:52","Documents/afterSentDocuments/docs12/ghi1.pdf","1.0","2023-11-02T11:03:06Z","fethy.faradji@infopro-digital.com"
"11/09/2026 12:43:56","Documents/afterSentDocuments/docs12/ghi2.pdf","1.0","2023-11-02T11:03:06Z","fethy.faradji@infopro-digital.com"
"11/09/2026 12:44:00","Documents/afterSentDocuments/docs12/ghi3.pdf","1.0","2023-11-02T11:03:06Z","fethy.faradji@infopro-digital.com"
"11/09/2026 12:44:05","Documents/afterSentDocuments/docs12/ghi4.pdf","1.0","2023-11-02T11:03:06Z","fethy.faradji@infopro-digital.com"
"11/09/2026 12:44:09","Documents/afterSentDocuments/docs13/abc.doc","1.0","2023-11-02T11:03:06Z","fethy.faradji@infopro-digital.com"
"11/09/2026 12:44:13","Documents/afterSentDocuments/docs13/abc0.doc","1.0","2023-11-02T11:03:06Z","fethy.faradji@infopro-digital.com"
"11/09/2026 12:44:18","Documents/afterSentDocuments/docs13/abc2.doc","1.0","2023-11-02T11:03:06Z","fethy.faradji@infopro-digital.com"
"11/09/2026 12:44:22","Documents/afterSentDocuments/docs13/abc3.doc","1.0","2023-11-02T11:03:06Z","fethy.faradji@infopro-digital.com"
"11/09/2026 12:44:26","Documents/afterSentDocuments/docs13/abc4.doc","1.0","2023-11-02T11:03:06Z","fethy.faradji@infopro-digital.com"
"11/09/2026 12:44:30","Documents/afterSentDocuments/docs13/def0.txt","1.0","2023-11-02T11:03:06Z","fethy.faradji@infopro-digital.com"
"11/09/2026 12:44:34","Documents/afterSentDocuments/docs13/def1.txt","1.0","2023-11-02T11:03:06Z","fethy.faradji@infopro-digital.com"
"11/09/2026 12:44:38","Documents/afterSentDocuments/docs13/def2.txt","1.0","2023-11-02T11:03:06Z","fethy.faradji@infopro-digital.com"
"11/09/2026 12:44:42","Documents/afterSentDocuments/docs13/def3.txt","1.0","2023-11-02T11:03:06Z","fethy.faradji@infopro-digital.com"
"11/09/2026 12:44:46","Documents/afterSentDocuments/docs13/def4.txt","1.0","2023-11-02T11:03:06Z","fethy.faradji@infopro-digital.com"
"11/09/2026 12:44:51","Documents/afterSentDocuments/docs13/ghi0.pdf","1.0","2023-11-02T11:03:06Z","fethy.faradji@infopro-digital.com"
"11/09/2026 12:44:55","Documents/afterSentDocuments/docs13/ghi1.pdf","1.0","2023-11-02T11:03:06Z","fethy.faradji@infopro-digital.com"
"11/09/2026 12:45:00","Documents/afterSentDocuments/docs13/ghi2.pdf","1.0","2023-11-02T11:03:06Z","fethy.faradji@infopro-digital.com"
"11/09/2026 12:45:04","Documents/afterSentDocuments/docs13/ghi3.pdf","1.0","2023-11-02T11:03:06Z","fethy.faradji@infopro-digital.com"
"11/09/2026 12:45:09","Documents/afterSentDocuments/docs13/ghi4.pdf","1.0","2023-11-02T11:03:06Z","fethy.faradji@infopro-digital.com"
"11/09/2026 12:45:15","Documents/afterSentDocuments/docs14/abc.doc","1.0","2023-11-02T11:03:06Z","fethy.faradji@infopro-digital.com"
"11/09/2026 12:45:19","Documents/afterSentDocuments/docs14/abc0.doc","1.0","2023-11-02T11:03:06Z","fethy.faradji@infopro-digital.com"
"11/09/2026 12:45:23","Documents/afterSentDocuments/docs14/abc2.doc","1.0","2023-11-02T11:03:06Z","fethy.faradji@infopro-digital.com"
"11/09/2026 12:45:27","Documents/afterSentDocuments/docs14/abc3.doc","1.0","2023-11-02T11:03:06Z","fethy.faradji@infopro-digital.com"
"11/09/2026 12:45:31","Documents/afterSentDocuments/docs14/abc4.doc","1.0","2023-11-02T11:03:06Z","fethy.faradji@infopro-digital.com"
"11/09/2026 12:45:35","Documents/afterSentDocuments/docs14/def0.txt","1.0","2023-11-02T11:03:06Z","fethy.faradji@infopro-digital.com"
"11/09/2026 12:45:40","Documents/afterSentDocuments/docs14/def1.txt","1.0","2023-11-02T11:03:06Z","fethy.faradji@infopro-digital.com"
"11/09/2026 12:45:44","Documents/afterSentDocuments/docs14/def2.txt","1.0","2023-11-02T11:03:06Z","fethy.faradji@infopro-digital.com"
"11/09/2026 12:45:48","Documents/afterSentDocuments/docs14/def3.txt","1.0","2023-11-02T11:03:06Z","fethy.faradji@infopro-digital.com"
"11/09/2026 12:45:53","Documents/afterSentDocuments/docs14/def4.txt","1.0","2023-11-02T11:03:06Z","fethy.faradji@infopro-digital.com"
"11/09/2026 12:45:58","Documents/afterSentDocuments/docs14/ghi0.pdf","1.0","2023-11-02T11:03:06Z","fethy.faradji@infopro-digital.com"
"11/09/2026 12:46:02","Documents/afterSentDocuments/docs14/ghi1.pdf","1.0","2023-11-02T11:03:06Z","fethy.faradji@infopro-digital.com"
"11/09/2026 12:46:07","Documents/afterSentDocuments/docs14/ghi2.pdf","1.0","2023-11-02T11:03:06Z","fethy.faradji@infopro-digital.com"
"11/09/2026 12:46:11","Documents/afterSentDocuments/docs14/ghi3.pdf","1.0","2023-11-02T11:03:06Z","fethy.faradji@infopro-digital.com"
"11/09/2026 12:46:15","Documents/afterSentDocuments/docs14/ghi4.pdf","1.0","2023-11-02T11:03:06Z","fethy.faradji@infopro-digital.com"
"11/09/2026 12:46:19","Documents/afterSentDocuments/docs2/abc.doc","1.0","2023-11-02T11:03:06Z","fethy.faradji@infopro-digital.com"
"11/09/2026 12:46:24","Documents/afterSentDocuments/docs2/abc0.doc","1.0","2023-11-02T11:03:06Z","fethy.faradji@infopro-digital.com"
"11/09/2026 12:46:29","Documents/afterSentDocuments/docs2/abc2.doc","1.0","2023-11-02T11:03:06Z","fethy.faradji@infopro-digital.com"
"11/09/2026 12:46:33","Documents/afterSentDocuments/docs2/abc3.doc","1.0","2023-11-02T11:03:06Z","fethy.faradji@infopro-digital.com"
"11/09/2026 12:46:37","Documents/afterSentDocuments/docs2/abc4.doc","1.0","2023-11-02T11:03:06Z","fethy.faradji@infopro-digital.com"
"11/09/2026 12:46:41","Documents/afterSentDocuments/docs2/def0.txt","1.0","2023-11-02T11:03:06Z","fethy.faradji@infopro-digital.com"
"11/09/2026 12:46:45","Documents/afterSentDocuments/docs2/def1.txt","1.0","2023-11-02T11:03:06Z","fethy.faradji@infopro-digital.com"
"11/09/2026 12:46:50","Documents/afterSentDocuments/docs2/def2.txt","1.0","2023-11-02T11:03:06Z","fethy.faradji@infopro-digital.com"
"11/09/2026 12:46:54","Documents/afterSentDocuments/docs2/def3.txt","1.0","2023-11-02T11:03:06Z","fethy.faradji@infopro-digital.com"
"11/09/2026 12:46:58","Documents/afterSentDocuments/docs2/def4.txt","1.0","2023-11-02T11:03:06Z","fethy.faradji@infopro-digital.com"
"11/09/2026 12:47:02","Documents/afterSentDocuments/docs2/ghi0.pdf","1.0","2023-11-02T11:03:06Z","fethy.faradji@infopro-digital.com"
"11/09/2026 12:47:06","Documents/afterSentDocuments/docs2/ghi1.pdf","1.0","2023-11-02T11:03:06Z","fethy.faradji@infopro-digital.com"
"11/09/2026 12:47:11","Documents/afterSentDocuments/docs2/ghi2.pdf","1.0","2023-11-02T11:03:06Z","fethy.faradji@infopro-digital.com"
"11/09/2026 12:47:15","Documents/afterSentDocuments/docs2/ghi3.pdf","1.0","2023-11-02T11:03:06Z","fethy.faradji@infopro-digital.com"
"11/09/2026 12:47:20","Documents/afterSentDocuments/docs2/ghi4.pdf","1.0","2023-11-02T11:03:06Z","fethy.faradji@infopro-digital.com"
"11/09/2026 12:47:24","Documents/afterSentDocuments/docs3/abc.doc","1.0","2023-11-02T11:03:06Z","fethy.faradji@infopro-digital.com"
"11/09/2026 12:47:29","Documents/afterSentDocuments/docs3/abc0.doc","1.0","2023-11-02T11:03:06Z","fethy.faradji@infopro-digital.com"
"11/09/2026 12:47:34","Documents/afterSentDocuments/docs3/abc2.doc","1.0","2023-11-02T11:03:06Z","fethy.faradji@infopro-digital.com"
"11/09/2026 12:47:38","Documents/afterSentDocuments/docs3/abc3.doc","1.0","2023-11-02T11:03:06Z","fethy.faradji@infopro-digital.com"
"11/09/2026 12:47:42","Documents/afterSentDocuments/docs3/abc4.doc","1.0","2023-11-02T11:03:06Z","fethy.faradji@infopro-digital.com"
"11/09/2026 12:47:46","Documents/afterSentDocuments/docs3/def0.txt","1.0","2023-11-02T11:03:06Z","fethy.faradji@infopro-digital.com"
"11/09/2026 12:47:50","Documents/afterSentDocuments/docs3/def1.txt","1.0","2023-11-02T11:03:06Z","fethy.faradji@infopro-digital.com"
"11/09/2026 12:47:54","Documents/afterSentDocuments/docs3/def2.txt","1.0","2023-11-02T11:03:06Z","fethy.faradji@infopro-digital.com"
"11/09/2026 12:47:59","Documents/afterSentDocuments/docs3/def3.txt","1.0","2023-11-02T11:03:06Z","fethy.faradji@infopro-digital.com"
"11/09/2026 12:48:03","Documents/afterSentDocuments/docs3/def4.txt","1.0","2023-11-02T11:03:06Z","fethy.faradji@infopro-digital.com"
"11/09/2026 12:48:07","Documents/afterSentDocuments/docs3/ghi0.pdf","1.0","2023-11-02T11:03:06Z","fethy.faradji@infopro-digital.com"
"11/09/2026 12:48:11","Documents/afterSentDocuments/docs3/ghi1.pdf","1.0","2023-11-02T11:03:06Z","fethy.faradji@infopro-digital.com"
"11/09/2026 12:48:15","Documents/afterSentDocuments/docs3/ghi2.pdf","1.0","2023-11-02T11:03:06Z","fethy.faradji@infopro-digital.com"
"11/09/2026 12:48:20","Documents/afterSentDocuments/docs3/ghi3.pdf","1.0","2023-11-02T11:03:06Z","fethy.faradji@infopro-digital.com"
"11/09/2026 12:48:24","Documents/afterSentDocuments/docs3/ghi4.pdf","1.0","2023-11-02T11:03:06Z","fethy.faradji@infopro-digital.com"
"11/09/2026 12:48:28","Documents/afterSentDocuments/docs4/abc.doc","1.0","2023-11-02T11:03:06Z","fethy.faradji@infopro-digital.com"
"11/09/2026 12:48:32","Documents/afterSentDocuments/docs4/abc0.doc","1.0","2023-11-02T11:03:06Z","fethy.faradji@infopro-digital.com"
"11/09/2026 12:48:36","Documents/afterSentDocuments/docs4/abc2.doc","1.0","2023-11-02T11:03:06Z","fethy.faradji@infopro-digital.com"
"11/09/2026 12:48:41","Documents/afterSentDocuments/docs4/abc3.doc","1.0","2023-11-02T11:03:06Z","fethy.faradji@infopro-digital.com"
"11/09/2026 12:48:45","Documents/afterSentDocuments/docs4/abc4.doc","1.0","2023-11-02T11:03:06Z","fethy.faradji@infopro-digital.com"
"11/09/2026 12:48:49","Documents/afterSentDocuments/docs4/def0.txt","1.0","2023-11-02T11:03:06Z","fethy.faradji@infopro-digital.com"
"11/09/2026 12:48:54","Documents/afterSentDocuments/docs4/def1.txt","1.0","2023-11-02T11:03:06Z","fethy.faradji@infopro-digital.com"
"11/09/2026 12:48:58","Documents/afterSentDocuments/docs4/def2.txt","1.0","2023-11-02T11:03:06Z","fethy.faradji@infopro-digital.com"
"11/09/2026 12:49:02","Documents/afterSentDocuments/docs4/def3.txt","1.0","2023-11-02T11:03:06Z","fethy.faradji@infopro-digital.com"
"11/09/2026 12:49:06","Documents/afterSentDocuments/docs4/def4.txt","1.0","2023-11-02T11:03:06Z","fethy.faradji@infopro-digital.com"
"11/09/2026 12:49:11","Documents/afterSentDocuments/docs4/ghi0.pdf","1.0","2023-11-02T11:03:06Z","fethy.faradji@infopro-digital.com"
"11/09/2026 12:49:15","Documents/afterSentDocuments/docs4/ghi1.pdf","1.0","2023-11-02T11:03:06Z","fethy.faradji@infopro-digital.com"
"11/09/2026 12:49:19","Documents/afterSentDocuments/docs4/ghi2.pdf","1.0","2023-11-02T11:03:06Z","fethy.faradji@infopro-digital.com"
"11/09/2026 12:49:23","Documents/afterSentDocuments/docs4/ghi3.pdf","1.0","2023-11-02T11:03:06Z","fethy.faradji@infopro-digital.com"
"11/09/2026 12:49:28","Documents/afterSentDocuments/docs4/ghi4.pdf","1.0","2023-11-02T11:03:06Z","fethy.faradji@infopro-digital.com"
"11/09/2026 12:49:33","Documents/afterSentDocuments/docs5/abc.doc","1.0","2023-11-02T11:03:06Z","fethy.faradji@infopro-digital.com"
"11/09/2026 12:49:37","Documents/afterSentDocuments/docs5/abc0.doc","1.0","2023-11-02T11:03:06Z","fethy.faradji@infopro-digital.com"
"11/09/2026 12:49:41","Documents/afterSentDocuments/docs5/abc2.doc","1.0","2023-11-02T11:03:06Z","fethy.faradji@infopro-digital.com"
"11/09/2026 12:49:45","Documents/afterSentDocuments/docs5/abc3.doc","1.0","2023-11-02T11:03:06Z","fethy.faradji@infopro-digital.com"
"11/09/2026 12:49:49","Documents/afterSentDocuments/docs5/abc4.doc","1.0","2023-11-02T11:03:06Z","fethy.faradji@infopro-digital.com"
"11/09/2026 12:49:54","Documents/afterSentDocuments/docs5/def0.txt","1.0","2023-11-02T11:03:06Z","fethy.faradji@infopro-digital.com"
"11/09/2026 12:49:59","Documents/afterSentDocuments/docs5/def1.txt","1.0","2023-11-02T11:03:06Z","fethy.faradji@infopro-digital.com"
"11/09/2026 12:50:04","Documents/afterSentDocuments/docs5/def2.txt","1.0","2023-11-02T11:03:06Z","fethy.faradji@infopro-digital.com"
"11/09/2026 12:50:08","Documents/afterSentDocuments/docs5/def3.txt","1.0","2023-11-02T11:03:06Z","fethy.faradji@infopro-digital.com"
"11/09/2026 12:50:12","Documents/afterSentDocuments/docs5/def4.txt","1.0","2023-11-02T11:03:06Z","fethy.faradji@infopro-digital.com"
"11/09/2026 12:50:16","Documents/afterSentDocuments/docs5/ghi0.pdf","1.0","2023-11-02T11:03:06Z","fethy.faradji@infopro-digital.com"
"11/09/2026 12:50:20","Documents/afterSentDocuments/docs5/ghi1.pdf","1.0","2023-11-02T11:03:06Z","fethy.faradji@infopro-digital.com"
"11/09/2026 12:50:24","Documents/afterSentDocuments/docs5/ghi2.pdf","1.0","2023-11-02T11:03:06Z","fethy.faradji@infopro-digital.com"
"11/09/2026 12:50:28","Documents/afterSentDocuments/docs5/ghi3.pdf","1.0","2023-11-02T11:03:06Z","fethy.faradji@infopro-digital.com"
"11/09/2026 12:50:32","Documents/afterSentDocuments/docs5/ghi4.pdf","1.0","2023-11-02T11:03:06Z","fethy.faradji@infopro-digital.com"
"11/09/2026 12:50:37","Documents/afterSentDocuments/docs6/abc.doc","1.0","2023-11-02T11:03:06Z","fethy.faradji@infopro-digital.com"
"11/09/2026 12:50:41","Documents/afterSentDocuments/docs6/abc0.doc","1.0","2023-11-02T11:03:06Z","fethy.faradji@infopro-digital.com"
"11/09/2026 12:50:45","Documents/afterSentDocuments/docs6/abc2.doc","1.0","2023-11-02T11:03:06Z","fethy.faradji@infopro-digital.com"
"11/09/2026 12:50:49","Documents/afterSentDocuments/docs6/abc3.doc","1.0","2023-11-02T11:03:06Z","fethy.faradji@infopro-digital.com"
"11/09/2026 12:50:53","Documents/afterSentDocuments/docs6/abc4.doc","1.0","2023-11-02T11:03:06Z","fethy.faradji@infopro-digital.com"
"11/09/2026 12:50:57","Documents/afterSentDocuments/docs6/def0.txt","1.0","2023-11-02T11:03:06Z","fethy.faradji@infopro-digital.com"
"11/09/2026 12:51:02","Documents/afterSentDocuments/docs6/def1.txt","1.0","2023-11-02T11:03:06Z","fethy.faradji@infopro-digital.com"
"11/09/2026 12:51:06","Documents/afterSentDocuments/docs6/def2.txt","1.0","2023-11-02T11:03:06Z","fethy.faradji@infopro-digital.com"
"11/09/2026 12:51:10","Documents/afterSentDocuments/docs6/def3.txt","1.0","2023-11-02T11:03:06Z","fethy.faradji@infopro-digital.com"
"11/09/2026 12:51:14","Documents/afterSentDocuments/docs6/def4.txt","1.0","2023-11-02T11:03:06Z","fethy.faradji@infopro-digital.com"
"11/09/2026 12:51:18","Documents/afterSentDocuments/docs6/ghi0.pdf","1.0","2023-11-02T11:03:06Z","fethy.faradji@infopro-digital.com"
"11/09/2026 12:51:22","Documents/afterSentDocuments/docs6/ghi1.pdf","1.0","2023-11-02T11:03:06Z","fethy.faradji@infopro-digital.com"
"11/09/2026 12:51:27","Documents/afterSentDocuments/docs6/ghi2.pdf","1.0","2023-11-02T11:03:06Z","fethy.faradji@infopro-digital.com"
"11/09/2026 12:51:31","Documents/afterSentDocuments/docs6/ghi3.pdf","1.0","2023-11-02T11:03:06Z","fethy.faradji@infopro-digital.com"
"11/09/2026 12:51:35","Documents/afterSentDocuments/docs6/ghi4.pdf","1.0","2023-11-02T11:03:06Z","fethy.faradji@infopro-digital.com"
"11/09/2026 12:51:39","Documents/afterSentDocuments/docs7/abc.doc","1.0","2023-11-02T11:03:06Z","fethy.faradji@infopro-digital.com"
"11/09/2026 12:51:44","Documents/afterSentDocuments/docs7/abc0.doc","1.0","2023-11-02T11:03:06Z","fethy.faradji@infopro-digital.com"
"11/09/2026 12:51:48","Documents/afterSentDocuments/docs7/abc2.doc","1.0","2023-11-02T11:03:06Z","fethy.faradji@infopro-digital.com"
"11/09/2026 12:51:52","Documents/afterSentDocuments/docs7/abc3.doc","1.0","2023-11-02T11:03:06Z","fethy.faradji@infopro-digital.com"
"11/09/2026 12:51:56","Documents/afterSentDocuments/docs7/abc4.doc","1.0","2023-11-02T11:03:06Z","fethy.faradji@infopro-digital.com"
"11/09/2026 12:52:00","Documents/afterSentDocuments/docs7/def0.txt","1.0","2023-11-02T11:03:06Z","fethy.faradji@infopro-digital.com"
"11/09/2026 12:52:04","Documents/afterSentDocuments/docs7/def1.txt","1.0","2023-11-02T11:03:06Z","fethy.faradji@infopro-digital.com"
"11/09/2026 12:52:08","Documents/afterSentDocuments/docs7/def2.txt","1.0","2023-11-02T11:03:06Z","fethy.faradji@infopro-digital.com"
"11/09/2026 12:52:12","Documents/afterSentDocuments/docs7/def3.txt","1.0","2023-11-02T11:03:06Z","fethy.faradji@infopro-digital.com"
"11/09/2026 12:52:17","Documents/afterSentDocuments/docs7/def4.txt","1.0","2023-11-02T11:03:06Z","fethy.faradji@infopro-digital.com"
"11/09/2026 12:52:21","Documents/afterSentDocuments/docs7/ghi0.pdf","1.0","2023-11-02T11:03:06Z","fethy.faradji@infopro-digital.com"
"11/09/2026 12:52:25","Documents/afterSentDocuments/docs7/ghi1.pdf","1.0","2023-11-02T11:03:06Z","fethy.faradji@infopro-digital.com"
"11/09/2026 12:52:30","Documents/afterSentDocuments/docs7/ghi2.pdf","1.0","2023-11-02T11:03:06Z","fethy.faradji@infopro-digital.com"
"11/09/2026 12:52:34","Documents/afterSentDocuments/docs7/ghi3.pdf","1.0","2023-11-02T11:03:06Z","fethy.faradji@infopro-digital.com"
"11/09/2026 12:52:38","Documents/afterSentDocuments/docs7/ghi4.pdf","1.0","2023-11-02T11:03:06Z","fethy.faradji@infopro-digital.com"
"11/09/2026 12:52:42","Documents/afterSentDocuments/docs8/abc.doc","1.0","2023-11-02T11:03:06Z","fethy.faradji@infopro-digital.com"
"11/09/2026 12:52:46","Documents/afterSentDocuments/docs8/abc0.doc","1.0","2023-11-02T11:03:06Z","fethy.faradji@infopro-digital.com"
"11/09/2026 12:52:50","Documents/afterSentDocuments/docs8/abc2.doc","1.0","2023-11-02T11:03:06Z","fethy.faradji@infopro-digital.com"
"11/09/2026 12:52:54","Documents/afterSentDocuments/docs8/abc3.doc","1.0","2023-11-02T11:03:06Z","fethy.faradji@infopro-digital.com"
"11/09/2026 12:52:59","Documents/afterSentDocuments/docs8/abc4.doc","1.0","2023-11-02T11:03:06Z","fethy.faradji@infopro-digital.com"
"11/09/2026 12:53:02","Documents/afterSentDocuments/docs8/def0.txt","1.0","2023-11-02T11:03:06Z","fethy.faradji@infopro-digital.com"
"11/09/2026 12:53:09","Documents/afterSentDocuments/docs8/def1.txt","1.0","2023-11-02T11:03:06Z","fethy.faradji@infopro-digital.com"
"11/09/2026 12:53:13","Documents/afterSentDocuments/docs8/def2.txt","1.0","2023-11-02T11:03:06Z","fethy.faradji@infopro-digital.com"
"11/09/2026 12:53:18","Documents/afterSentDocuments/docs8/def3.txt","1.0","2023-11-02T11:03:06Z","fethy.faradji@infopro-digital.com"
"11/09/2026 12:53:23","Documents/afterSentDocuments/docs8/def4.txt","1.0","2023-11-02T11:03:06Z","fethy.faradji@infopro-digital.com"
"11/09/2026 12:53:28","Documents/afterSentDocuments/docs8/ghi0.pdf","1.0","2023-11-02T11:03:06Z","fethy.faradji@infopro-digital.com"
"11/09/2026 12:53:32","Documents/afterSentDocuments/docs8/ghi1.pdf","1.0","2023-11-02T11:03:06Z","fethy.faradji@infopro-digital.com"
"11/09/2026 12:53:37","Documents/afterSentDocuments/docs8/ghi2.pdf","1.0","2023-11-02T11:03:06Z","fethy.faradji@infopro-digital.com"
"11/09/2026 12:53:42","Documents/afterSentDocuments/docs8/ghi3.pdf","1.0","2023-11-02T11:03:06Z","fethy.faradji@infopro-digital.com"
"11/09/2026 12:53:47","Documents/afterSentDocuments/docs8/ghi4.pdf","1.0","2023-11-02T11:03:06Z","fethy.faradji@infopro-digital.com"
"11/09/2026 12:53:51","Documents/afterSentDocuments/docs9/abc.doc","1.0","2023-11-02T11:03:06Z","fethy.faradji@infopro-digital.com"
"11/09/2026 12:53:56","Documents/afterSentDocuments/docs9/abc0.doc","1.0","2023-11-02T11:03:06Z","fethy.faradji@infopro-digital.com"
"11/09/2026 12:54:01","Documents/afterSentDocuments/docs9/abc2.doc","1.0","2023-11-02T11:03:06Z","fethy.faradji@infopro-digital.com"
"11/09/2026 12:54:06","Documents/afterSentDocuments/docs9/abc3.doc","1.0","2023-11-02T11:03:06Z","fethy.faradji@infopro-digital.com"
"11/09/2026 12:54:10","Documents/afterSentDocuments/docs9/abc4.doc","1.0","2023-11-02T11:03:06Z","fethy.faradji@infopro-digital.com"
"11/09/2026 12:54:15","Documents/afterSentDocuments/docs9/def0.txt","1.0","2023-11-02T11:03:06Z","fethy.faradji@infopro-digital.com"
"11/09/2026 12:54:19","Documents/afterSentDocuments/docs9/def1.txt","1.0","2023-11-02T11:03:06Z","fethy.faradji@infopro-digital.com"
"11/09/2026 12:54:24","Documents/afterSentDocuments/docs9/def2.txt","1.0","2023-11-02T11:03:06Z","fethy.faradji@infopro-digital.com"
"11/09/2026 12:54:28","Documents/afterSentDocuments/docs9/def3.txt","1.0","2023-11-02T11:03:06Z","fethy.faradji@infopro-digital.com"
"11/09/2026 12:54:33","Documents/afterSentDocuments/docs9/def4.txt","1.0","2023-11-02T11:03:06Z","fethy.faradji@infopro-digital.com"
"11/09/2026 12:54:37","Documents/afterSentDocuments/docs9/ghi0.pdf","1.0","2023-11-02T11:03:06Z","fethy.faradji@infopro-digital.com"
"11/09/2026 12:54:42","Documents/afterSentDocuments/docs9/ghi1.pdf","1.0","2023-11-02T11:03:06Z","fethy.faradji@infopro-digital.com"
"11/09/2026 12:54:48","Documents/afterSentDocuments/docs9/ghi2.pdf","1.0","2023-11-02T11:03:06Z","fethy.faradji@infopro-digital.com"
"11/09/2026 12:54:52","Documents/afterSentDocuments/docs9/ghi3.pdf","1.0","2023-11-02T11:03:06Z","fethy.faradji@infopro-digital.com"
"11/09/2026 12:54:57","Documents/afterSentDocuments/docs9/ghi4.pdf","1.0","2023-11-02T11:03:06Z","fethy.faradji@infopro-digital.com"
"11/09/2026 12:55:02","Documents/Altova/XMLSpy2022/AutoBackup/323A02F0-D624-49E1-B036-453D2225403C/session.json","1.0","2022-02-21T16:36:35Z","fethy.faradji@infopro-digital.com"
"11/09/2026 12:55:05","Documents/Altova/XMLSpy2022/AutoBackup/323A02F0-D624-49E1-B036-453D2225403C/session.json","2.0","2022-05-04T12:54:00Z","fethy.faradji@infopro-digital.com"
"11/09/2026 12:55:06","Documents/Altova/XMLSpy2022/AutoBackup/323A02F0-D624-49E1-B036-453D2225403C/session.json","3.0","2022-08-23T13:17:07Z","fethy.faradji@infopro-digital.com"
"11/09/2026 12:55:07","Documents/Altova/XMLSpy2022/AutoBackup/323A02F0-D624-49E1-B036-453D2225403C/session.json","4.0","2022-08-23T13:21:32Z","fethy.faradji@infopro-digital.com"
"11/09/2026 12:55:08","Documents/Altova/XMLSpy2022/AutoBackup/323A02F0-D624-49E1-B036-453D2225403C/session.json","5.0","2022-08-24T13:29:35Z","fethy.faradji@infopro-digital.com"
"11/09/2026 12:55:09","Documents/Altova/XMLSpy2022/AutoBackup/323A02F0-D624-49E1-B036-453D2225403C/session.json","6.0","2022-08-24T14:45:49Z","fethy.faradji@infopro-digital.com"
"11/09/2026 12:55:10","Documents/Altova/XMLSpy2022/AutoBackup/323A02F0-D624-49E1-B036-453D2225403C/session.json","7.0","2022-08-24T14:47:33Z","fethy.faradji@infopro-digital.com"
"11/09/2026 12:55:11","Documents/Altova/XMLSpy2022/AutoBackup/323A02F0-D624-49E1-B036-453D2225403C/session.json","8.0","2022-08-29T10:26:44Z","fethy.faradji@infopro-digital.com"
"11/09/2026 12:55:12","Documents/Altova/XMLSpy2022/AutoBackup/323A02F0-D624-49E1-B036-453D2225403C/session.json","9.0","2022-09-22T09:32:53Z","fethy.faradji@infopro-digital.com"
"11/09/2026 12:55:12","Documents/Altova/XMLSpy2022/AutoBackup/323A02F0-D624-49E1-B036-453D2225403C/session.json","10.0","2022-09-22T14:04:03Z","fethy.faradji@infopro-digital.com"
"11/09/2026 12:55:14","Documents/Altova/XMLSpy2022/AutoBackup/323A02F0-D624-49E1-B036-453D2225403C/session.json","11.0","2022-09-22T14:11:43Z","fethy.faradji@infopro-digital.com"
"11/09/2026 12:55:18","Documents/Altova/XMLSpyCommon/css-assignments.xml","1.0","2022-02-21T16:47:51Z","fethy.faradji@infopro-digital.com"
"11/09/2026 12:55:19","Documents/Altova/XMLSpyCommon/css-assignments.xml","2.0","2022-05-04T12:54:09Z","fethy.faradji@infopro-digital.com"
"11/09/2026 12:55:20","Documents/Altova/XMLSpyCommon/css-assignments.xml","3.0","2022-05-09T09:57:59Z","fethy.faradji@infopro-digital.com"
"11/09/2026 12:55:20","Documents/Altova/XMLSpyCommon/css-assignments.xml","4.0","2022-08-23T13:18:15Z","fethy.faradji@infopro-digital.com"
"11/09/2026 12:55:21","Documents/Altova/XMLSpyCommon/css-assignments.xml","5.0","2022-08-24T14:47:03Z","fethy.faradji@infopro-digital.com"
"11/09/2026 12:55:22","Documents/Altova/XMLSpyCommon/css-assignments.xml","6.0","2022-08-24T14:47:36Z","fethy.faradji@infopro-digital.com"
"11/09/2026 12:55:23","Documents/Altova/XMLSpyCommon/css-assignments.xml","7.0","2022-08-29T10:27:11Z","fethy.faradji@infopro-digital.com"
"11/09/2026 12:55:24","Documents/Altova/XMLSpyCommon/css-assignments.xml","8.0","2022-09-22T09:32:53Z","fethy.faradji@infopro-digital.com"
"11/09/2026 12:55:25","Documents/Altova/XMLSpyCommon/css-assignments.xml","9.0","2022-09-22T14:22:06Z","fethy.faradji@infopro-digital.com"
"11/09/2026 12:55:29","Documents/Altova/XMLSpyCommon/json-assignments.xml","1.0","2022-02-21T16:47:51Z","fethy.faradji@infopro-digital.com"
"11/09/2026 12:55:30","Documents/Altova/XMLSpyCommon/json-assignments.xml","2.0","2022-05-04T12:54:09Z","fethy.faradji@infopro-digital.com"
"11/09/2026 12:55:31","Documents/Altova/XMLSpyCommon/json-assignments.xml","3.0","2022-05-09T09:57:59Z","fethy.faradji@infopro-digital.com"
"11/09/2026 12:55:32","Documents/Altova/XMLSpyCommon/json-assignments.xml","4.0","2022-08-23T13:18:15Z","fethy.faradji@infopro-digital.com"
"11/09/2026 12:55:33","Documents/Altova/XMLSpyCommon/json-assignments.xml","5.0","2022-08-24T14:47:03Z","fethy.faradji@infopro-digital.com"
"11/09/2026 12:55:34","Documents/Altova/XMLSpyCommon/json-assignments.xml","6.0","2022-08-24T14:47:36Z","fethy.faradji@infopro-digital.com"
"11/09/2026 12:55:35","Documents/Altova/XMLSpyCommon/json-assignments.xml","7.0","2022-08-29T10:27:11Z","fethy.faradji@infopro-digital.com"
"11/09/2026 12:55:36","Documents/Altova/XMLSpyCommon/json-assignments.xml","8.0","2022-09-22T09:32:53Z","fethy.faradji@infopro-digital.com"
"11/09/2026 12:55:37","Documents/Altova/XMLSpyCommon/json-assignments.xml","9.0","2022-09-22T14:22:06Z","fethy.faradji@infopro-digital.com"
"11/09/2026 12:55:40","Documents/Altova/XMLSpyCommon/raptorxmlserver-configurations.json","1.0","2022-02-21T16:37:29Z","fethy.faradji@infopro-digital.com"
"11/09/2026 12:55:44","Documents/Altova/XMLSpyCommon/xsl-assignments.xml","1.0","2022-02-21T16:47:51Z","fethy.faradji@infopro-digital.com"
"11/09/2026 12:55:46","Documents/Altova/XMLSpyCommon/xsl-assignments.xml","2.0","2022-05-04T12:54:09Z","fethy.faradji@infopro-digital.com"
"11/09/2026 12:55:47","Documents/Altova/XMLSpyCommon/xsl-assignments.xml","3.0","2022-05-09T09:57:59Z","fethy.faradji@infopro-digital.com"
"11/09/2026 12:55:47","Documents/Altova/XMLSpyCommon/xsl-assignments.xml","4.0","2022-08-23T13:18:15Z","fethy.faradji@infopro-digital.com"
"11/09/2026 12:55:48","Documents/Altova/XMLSpyCommon/xsl-assignments.xml","5.0","2022-08-24T14:47:03Z","fethy.faradji@infopro-digital.com"
"11/09/2026 12:55:49","Documents/Altova/XMLSpyCommon/xsl-assignments.xml","6.0","2022-08-24T14:47:36Z","fethy.faradji@infopro-digital.com"
"11/09/2026 12:55:50","Documents/Altova/XMLSpyCommon/xsl-assignments.xml","7.0","2022-08-29T10:27:11Z","fethy.faradji@infopro-digital.com"
"11/09/2026 12:55:51","Documents/Altova/XMLSpyCommon/xsl-assignments.xml","8.0","2022-09-22T09:32:53Z","fethy.faradji@infopro-digital.com"
"11/09/2026 12:55:52","Documents/Altova/XMLSpyCommon/xsl-assignments.xml","9.0","2022-09-22T14:22:06Z","fethy.faradji@infopro-digital.com"
"11/09/2026 12:55:56","Documents/Blocs-notes OneNote/Notes rapides.one","1.0","2024-02-26T13:07:24Z","fethy.faradji@infopro-digital.com"
"11/09/2026 12:56:00","Documents/DBATRC/OPSIM01_ora_1984452_DBATRC.trc","1.0","2024-02-08T13:43:07Z","fethy.faradji@infopro-digital.com"
"11/09/2026 12:56:06","Documents/DBATRC/OPSIM01_ora_1984452_DBATRC.trm","1.0","2024-02-08T13:43:07Z","fethy.faradji@infopro-digital.com"
"11/09/2026 12:56:10","Documents/DBATRC/OPSIM01_ora_1984454_DBATRC.trc","1.0","2024-02-08T13:43:07Z","fethy.faradji@infopro-digital.com"
"11/09/2026 12:56:14","Documents/DBATRC/OPSIM01_ora_1984454_DBATRC.trm","1.0","2024-02-08T13:43:07Z","fethy.faradji@infopro-digital.com"
"11/09/2026 12:56:18","Documents/DBATRC/OPSIM01_ora_1984456_DBATRC.trc","1.0","2024-02-08T13:43:07Z","fethy.faradji@infopro-digital.com"
"11/09/2026 12:56:22","Documents/DBATRC/OPSIM01_ora_1984456_DBATRC.trm","1.0","2024-02-08T13:43:07Z","fethy.faradji@infopro-digital.com"
"11/09/2026 12:56:26","Documents/DBATRC/OPSIM01_ora_1984458_DBATRC.trc","1.0","2024-02-08T13:43:07Z","fethy.faradji@infopro-digital.com"
"11/09/2026 12:56:31","Documents/DBATRC/OPSIM01_ora_1984458_DBATRC.trm","1.0","2024-02-08T13:43:07Z","fethy.faradji@infopro-digital.com"
"11/09/2026 12:56:35","Documents/DBATRC/OPSIM01_ora_1984460_DBATRC.trc","1.0","2024-02-08T13:43:07Z","fethy.faradji@infopro-digital.com"
"11/09/2026 12:56:39","Documents/DBATRC/OPSIM01_ora_1984460_DBATRC.trm","1.0","2024-02-08T13:43:07Z","fethy.faradji@infopro-digital.com"
"11/09/2026 12:56:43","Documents/DBATRC/OPSIM01_ora_1984462_DBATRC.trc","1.0","2024-02-08T13:43:07Z","fethy.faradji@infopro-digital.com"
"11/09/2026 12:56:47","Documents/DBATRC/OPSIM01_ora_1984462_DBATRC.trm","1.0","2024-02-08T13:43:07Z","fethy.faradji@infopro-digital.com"
"11/09/2026 12:56:52","Documents/DBATRC/OPSIM01_ora_1984464_DBATRC.trc","1.0","2024-02-08T13:43:07Z","fethy.faradji@infopro-digital.com"
"11/09/2026 12:56:56","Documents/DBATRC/OPSIM01_ora_1984464_DBATRC.trm","1.0","2024-02-08T13:43:07Z","fethy.faradji@infopro-digital.com"
"11/09/2026 12:57:00","Documents/DBATRC/OPSIM01_ora_1984466_DBATRC.trc","1.0","2024-02-08T13:43:07Z","fethy.faradji@infopro-digital.com"
"11/09/2026 12:57:05","Documents/DBATRC/OPSIM01_ora_1984466_DBATRC.trm","1.0","2024-02-08T13:43:07Z","fethy.faradji@infopro-digital.com"
"11/09/2026 12:57:09","Documents/DBATRC/OPSIM01_ora_1984468_DBATRC.trc","1.0","2024-02-08T13:43:07Z","fethy.faradji@infopro-digital.com"
"11/09/2026 12:57:13","Documents/DBATRC/OPSIM01_ora_1984468_DBATRC.trm","1.0","2024-02-08T13:43:07Z","fethy.faradji@infopro-digital.com"
"11/09/2026 12:57:17","Documents/DBATRC/OPSIM01_ora_1984470_DBATRC.trc","1.0","2024-02-08T13:43:07Z","fethy.faradji@infopro-digital.com"
"11/09/2026 12:57:21","Documents/DBATRC/OPSIM01_ora_1984470_DBATRC.trm","1.0","2024-02-08T13:43:07Z","fethy.faradji@infopro-digital.com"
"11/09/2026 12:57:25","Documents/DBATRC/OPSIM01_ora_1984472_DBATRC.trc","1.0","2024-02-08T13:43:07Z","fethy.faradji@infopro-digital.com"
"11/09/2026 12:57:29","Documents/DBATRC/OPSIM01_ora_1984472_DBATRC.trm","1.0","2024-02-08T13:43:07Z","fethy.faradji@infopro-digital.com"
"11/09/2026 12:57:33","Documents/DBATRC/OPSIM01_ora_1984474_DBATRC.trc","1.0","2024-02-08T13:43:07Z","fethy.faradji@infopro-digital.com"
"11/09/2026 12:57:37","Documents/DBATRC/OPSIM01_ora_1984474_DBATRC.trm","1.0","2024-02-08T13:43:07Z","fethy.faradji@infopro-digital.com"
"11/09/2026 12:57:41","Documents/DBATRC/OPSIM01_ora_1984476_DBATRC.trc","1.0","2024-02-08T13:43:07Z","fethy.faradji@infopro-digital.com"
"11/09/2026 12:57:45","Documents/DBATRC/OPSIM01_ora_1984476_DBATRC.trm","1.0","2024-02-08T13:43:07Z","fethy.faradji@infopro-digital.com"
"11/09/2026 12:57:49","Documents/DBATRC/OPSIM01_ora_1984478_DBATRC.trc","1.0","2024-02-08T13:43:07Z","fethy.faradji@infopro-digital.com"
"11/09/2026 12:57:53","Documents/DBATRC/OPSIM01_ora_1984478_DBATRC.trm","1.0","2024-02-08T13:43:07Z","fethy.faradji@infopro-digital.com"
"11/09/2026 12:57:58","Documents/DBATRC/OPSIM01_ora_1984487_DBATRC.trc","1.0","2024-02-08T13:43:50Z","fethy.faradji@infopro-digital.com"
"11/09/2026 12:58:02","Documents/DBATRC/OPSIM01_ora_1984487_DBATRC.trm","1.0","2024-02-08T13:43:50Z","fethy.faradji@infopro-digital.com"
"11/09/2026 12:58:06","Documents/DBATRC/OPSIM01_ora_1984489_DBATRC.trc","1.0","2024-02-08T13:43:50Z","fethy.faradji@infopro-digital.com"
"11/09/2026 12:58:10","Documents/DBATRC/OPSIM01_ora_1984489_DBATRC.trm","1.0","2024-02-08T13:43:50Z","fethy.faradji@infopro-digital.com"
"11/09/2026 12:58:14","Documents/DBATRC/OPSIM01_ora_1984491_DBATRC.trc","1.0","2024-02-08T13:47:09Z","fethy.faradji@infopro-digital.com"
"11/09/2026 12:58:18","Documents/DBATRC/OPSIM01_ora_1984491_DBATRC.trm","1.0","2024-02-08T13:47:09Z","fethy.faradji@infopro-digital.com"
"11/09/2026 12:58:22","Documents/DBATRC/OPSIM01_ora_1984493_DBATRC.trc","1.0","2024-02-08T13:48:18Z","fethy.faradji@infopro-digital.com"
"11/09/2026 12:58:26","Documents/DBATRC/OPSIM01_ora_1984493_DBATRC.trm","1.0","2024-02-08T13:48:18Z","fethy.faradji@infopro-digital.com"
"11/09/2026 12:58:30","Documents/DBATRC/OPSIM01_ora_1984495_DBATRC.trc","1.0","2024-02-08T13:43:50Z","fethy.faradji@infopro-digital.com"
"11/09/2026 12:58:34","Documents/DBATRC/OPSIM01_ora_1984495_DBATRC.trm","1.0","2024-02-08T13:43:50Z","fethy.faradji@infopro-digital.com"
"11/09/2026 12:58:38","Documents/DBATRC/OPSIM01_ora_1984497_DBATRC.trc","1.0","2024-02-08T13:45:36Z","fethy.faradji@infopro-digital.com"
"11/09/2026 12:58:42","Documents/DBATRC/OPSIM01_ora_1984497_DBATRC.trm","1.0","2024-02-08T13:45:36Z","fethy.faradji@infopro-digital.com"
"11/09/2026 12:58:46","Documents/DBATRC/OPSIM01_ora_1984499_DBATRC.trc","1.0","2024-02-08T13:45:38Z","fethy.faradji@infopro-digital.com"
"11/09/2026 12:58:50","Documents/DBATRC/OPSIM01_ora_1984499_DBATRC.trm","1.0","2024-02-08T13:45:38Z","fethy.faradji@infopro-digital.com"
"11/09/2026 12:58:54","Documents/DBATRC/OPSIM01_ora_1984509_DBATRC.trc","1.0","2024-02-08T13:45:37Z","fethy.faradji@infopro-digital.com"
"11/09/2026 12:59:00","Documents/DBATRC/OPSIM01_ora_1984509_DBATRC.trm","1.0","2024-02-08T13:45:37Z","fethy.faradji@infopro-digital.com"
"11/09/2026 12:59:04","Documents/DBATRC/OPSIM01_ora_1984511_DBATRC.trc","1.0","2024-02-08T13:45:38Z","fethy.faradji@infopro-digital.com"
"11/09/2026 12:59:08","Documents/DBATRC/OPSIM01_ora_1984511_DBATRC.trm","1.0","2024-02-08T13:45:38Z","fethy.faradji@infopro-digital.com"
"11/09/2026 12:59:12","Documents/DBATRC/OPSIM01_ora_1984513_DBATRC.trc","1.0","2024-02-08T13:45:35Z","fethy.faradji@infopro-digital.com"
"11/09/2026 12:59:16","Documents/DBATRC/OPSIM01_ora_1984513_DBATRC.trm","1.0","2024-02-08T13:45:35Z","fethy.faradji@infopro-digital.com"
"11/09/2026 12:59:20","Documents/DBATRC/OPSIM01_ora_1984515_DBATRC.trc","1.0","2024-02-08T13:45:40Z","fethy.faradji@infopro-digital.com"
"11/09/2026 12:59:24","Documents/DBATRC/OPSIM01_ora_1984515_DBATRC.trm","1.0","2024-02-08T13:45:40Z","fethy.faradji@infopro-digital.com"
"11/09/2026 12:59:28","Documents/DBATRC/OPSIM01_ora_1984517_DBATRC.trc","1.0","2024-02-08T13:47:58Z","fethy.faradji@infopro-digital.com"
"11/09/2026 12:59:32","Documents/DBATRC/OPSIM01_ora_1984517_DBATRC.trm","1.0","2024-02-08T13:47:58Z","fethy.faradji@infopro-digital.com"
"11/09/2026 12:59:36","Documents/DBATRC/OPSIM01_ora_1984519_DBATRC.trc","1.0","2024-02-08T13:46:16Z","fethy.faradji@infopro-digital.com"
"11/09/2026 12:59:40","Documents/DBATRC/OPSIM01_ora_1984519_DBATRC.trm","1.0","2024-02-08T13:46:16Z","fethy.faradji@infopro-digital.com"
"11/09/2026 12:59:44","Documents/DBATRC/OPSIM01_ora_1984521_DBATRC.trc","1.0","2024-02-08T13:46:18Z","fethy.faradji@infopro-digital.com"
"11/09/2026 12:59:49","Documents/DBATRC/OPSIM01_ora_1984521_DBATRC.trm","1.0","2024-02-08T13:46:18Z","fethy.faradji@infopro-digital.com"
"11/09/2026 12:59:52","Documents/DBATRC/OPSIM01_ora_1984525_DBATRC.trc","1.0","2024-02-08T13:46:37Z","fethy.faradji@infopro-digital.com"
"11/09/2026 12:59:57","Documents/DBATRC/OPSIM01_ora_1984525_DBATRC.trm","1.0","2024-02-08T13:46:37Z","fethy.faradji@infopro-digital.com"
"11/09/2026 13:00:01","Documents/DBATRC/OPSIM01_ora_1984527_DBATRC.trc","1.0","2024-02-08T13:48:02Z","fethy.faradji@infopro-digital.com"
"11/09/2026 13:00:05","Documents/DBATRC/OPSIM01_ora_1984527_DBATRC.trm","1.0","2024-02-08T13:48:02Z","fethy.faradji@infopro-digital.com"
"11/09/2026 13:00:10","Documents/DBATRC/OPSIM01_ora_1984604_DBATRC.trc","1.0","2024-02-08T13:45:02Z","fethy.faradji@infopro-digital.com"
"11/09/2026 13:00:14","Documents/DBATRC/OPSIM01_ora_1984604_DBATRC.trm","1.0","2024-02-08T13:45:02Z","fethy.faradji@infopro-digital.com"
"11/09/2026 13:00:18","Documents/DBATRC/OPSIM01_ora_1984605_DBATRC.trc","1.0","2024-02-08T13:45:07Z","fethy.faradji@infopro-digital.com"
"11/09/2026 13:00:23","Documents/DBATRC/OPSIM01_ora_1984605_DBATRC.trm","1.0","2024-02-08T13:45:07Z","fethy.faradji@infopro-digital.com"
"11/09/2026 13:00:27","Documents/DBATRC/OPSIM01_ora_1984683_DBATRC.trc","1.0","2024-02-08T13:48:07Z","fethy.faradji@infopro-digital.com"
"11/09/2026 13:00:31","Documents/DBATRC/OPSIM01_ora_1984683_DBATRC.trm","1.0","2024-02-08T13:48:07Z","fethy.faradji@infopro-digital.com"
"11/09/2026 13:00:36","Documents/DBATRC/OPSIM01_ora_1984687_DBATRC.trc","1.0","2024-02-08T13:47:33Z","fethy.faradji@infopro-digital.com"
"11/09/2026 13:00:40","Documents/DBATRC/OPSIM01_ora_1984687_DBATRC.trm","1.0","2024-02-08T13:47:33Z","fethy.faradji@infopro-digital.com"
"11/09/2026 13:00:44","Documents/DBATRC/OPSIM01_ora_1984689_DBATRC.trc","1.0","2024-02-08T13:48:03Z","fethy.faradji@infopro-digital.com"
"11/09/2026 13:00:48","Documents/DBATRC/OPSIM01_ora_1984689_DBATRC.trm","1.0","2024-02-08T13:48:03Z","fethy.faradji@infopro-digital.com"
"11/09/2026 13:00:52","Documents/DBATRC/OPSIM01_ora_1984691_DBATRC.trc","1.0","2024-02-08T13:47:33Z","fethy.faradji@infopro-digital.com"
"11/09/2026 13:00:57","Documents/DBATRC/OPSIM01_ora_1984691_DBATRC.trm","1.0","2024-02-08T13:47:33Z","fethy.faradji@infopro-digital.com"
"11/09/2026 13:01:01","Documents/DBATRC/OPSIM01_ora_1984693_DBATRC.trc","1.0","2024-02-08T13:47:56Z","fethy.faradji@infopro-digital.com"
"11/09/2026 13:01:06","Documents/DBATRC/OPSIM01_ora_1984693_DBATRC.trm","1.0","2024-02-08T13:47:56Z","fethy.faradji@infopro-digital.com"
"11/09/2026 13:01:10","Documents/DBATRC/OPSIM01_ora_1984695_DBATRC.trc","1.0","2024-02-08T13:48:08Z","fethy.faradji@infopro-digital.com"
"11/09/2026 13:01:14","Documents/DBATRC/OPSIM01_ora_1984695_DBATRC.trm","1.0","2024-02-08T13:48:08Z","fethy.faradji@infopro-digital.com"
"11/09/2026 13:01:18","Documents/DBATRC/OPSIM01_ora_1984726_DBATRC.trc","1.0","2024-02-08T13:47:12Z","fethy.faradji@infopro-digital.com"
"11/09/2026 13:01:23","Documents/DBATRC/OPSIM01_ora_1984726_DBATRC.trm","1.0","2024-02-08T13:47:12Z","fethy.faradji@infopro-digital.com"
"11/09/2026 13:01:27","Documents/DBATRC/OPSIM01_ora_1984728_DBATRC.trc","1.0","2024-02-08T13:47:53Z","fethy.faradji@infopro-digital.com"
"11/09/2026 13:01:31","Documents/DBATRC/OPSIM01_ora_1984728_DBATRC.trm","1.0","2024-02-08T13:47:53Z","fethy.faradji@infopro-digital.com"
"11/09/2026 13:01:35","Documents/DBATRC/OPSIM01_ora_1984730_DBATRC.trc","1.0","2024-02-08T13:47:37Z","fethy.faradji@infopro-digital.com"
"11/09/2026 13:01:40","Documents/DBATRC/OPSIM01_ora_1984730_DBATRC.trm","1.0","2024-02-08T13:47:37Z","fethy.faradji@infopro-digital.com"
"11/09/2026 13:01:44","Documents/DBATRC/OPSIM01_ora_1984734_DBATRC.trc","1.0","2024-02-08T13:48:13Z","fethy.faradji@infopro-digital.com"
"11/09/2026 13:01:48","Documents/DBATRC/OPSIM01_ora_1984734_DBATRC.trm","1.0","2024-02-08T13:48:13Z","fethy.faradji@infopro-digital.com"
"11/09/2026 13:01:52","Documents/DBATRC/OPSIM01_ora_1984736_DBATRC.trc","1.0","2024-02-08T13:48:07Z","fethy.faradji@infopro-digital.com"
"11/09/2026 13:01:57","Documents/DBATRC/OPSIM01_ora_1984736_DBATRC.trm","1.0","2024-02-08T13:48:07Z","fethy.faradji@infopro-digital.com"
"11/09/2026 13:02:02","Documents/DEF_RETOUR_MONIMAIL19092022122353/D43050.xml","1.0","2022-09-19T09:38:20Z","fethy.faradji@infopro-digital.com"
"11/09/2026 13:02:06","Documents/DEF_RETOUR_MONIMAIL19092022122353/M3901346.xml","1.0","2022-09-19T09:37:56Z","fethy.faradji@infopro-digital.com"
"11/09/2026 13:02:10","Documents/DEF_RETOUR_MONIMAIL19092022122353/S24649.xml","1.0","2022-09-19T09:38:14Z","fethy.faradji@infopro-digital.com"
"11/09/2026 13:02:14","Documents/DEF_RETOUR_MONIMAIL19092022122353/V43047.xml","1.0","2022-09-19T09:38:18Z","fethy.faradji@infopro-digital.com"
"11/09/2026 13:02:18","Documents/IISExpress/config/applicationhost.config","1.0","2021-12-17T09:34:31Z","fethy.faradji@infopro-digital.com"
"11/09/2026 13:02:22","Documents/IISExpress/config/aspnet.config","1.0","2021-09-27T17:00:00Z","fethy.faradji@infopro-digital.com"
"11/09/2026 13:02:26","Documents/IISExpress/config/redirection.config","1.0","2021-09-27T17:00:02Z","fethy.faradji@infopro-digital.com"
"11/09/2026 13:02:31","Documents/My Web Sites/WebSite1/bkg-blu.jpg","1.0","2021-09-27T17:00:00Z","fethy.faradji@infopro-digital.com"
"11/09/2026 13:02:35","Documents/My Web Sites/WebSite1/iis.png","1.0","2021-09-27T17:00:00Z","fethy.faradji@infopro-digital.com"
"11/09/2026 13:02:39","Documents/My Web Sites/WebSite1/iisstart.htm","1.0","2021-09-27T17:00:00Z","fethy.faradji@infopro-digital.com"
"11/09/2026 13:02:43","Documents/My Web Sites/WebSite1/msweb-brand.png","1.0","2021-09-27T17:00:00Z","fethy.faradji@infopro-digital.com"
"11/09/2026 13:02:48","Documents/My Web Sites/WebSite1/w-brand.png","1.0","2021-09-27T17:00:00Z","fethy.faradji@infopro-digital.com"
"11/09/2026 13:02:52","Documents/Nouveau dossier/app.publish/Alimentation_DWS_PS.exe","1.0","2025-05-20T12:00:57Z","fethy.faradji@infopro-digital.com"
"11/09/2026 13:02:53","Documents/Nouveau dossier/app.publish/Alimentation_DWS_PS.exe","2.0","2025-05-20T14:59:02Z","fethy.faradji@infopro-digital.com"
"11/09/2026 13:02:57","Documents/Nouveau dossier/PowerShell/AcceptedDomains.ps1","1.0","2025-04-29T12:08:32Z","fethy.faradji@infopro-digital.com"
"11/09/2026 13:03:01","Documents/Nouveau dossier/PowerShell/AlerteEchange.ps1","1.0","2025-05-14T09:14:33Z","fethy.faradji@infopro-digital.com"
"11/09/2026 13:03:05","Documents/Nouveau dossier/PowerShell/Extraction_AD_Computers.ps1","1.0","2025-03-14T10:34:41Z","fethy.faradji@infopro-digital.com"
"11/09/2026 13:03:10","Documents/Nouveau dossier/PowerShell/ExtractionAD-ANETO.ps1","1.0","2025-05-14T09:15:22Z","fethy.faradji@infopro-digital.com"
"11/09/2026 13:03:14","Documents/Nouveau dossier/PowerShell/ExtractionAD-APC.ps1","1.0","2025-05-14T09:15:22Z","fethy.faradji@infopro-digital.com"
"11/09/2026 13:03:18","Documents/Nouveau dossier/PowerShell/ExtractionAD-COMPANEO.ps1","1.0","2025-05-14T09:15:22Z","fethy.faradji@infopro-digital.com"
"11/09/2026 13:03:23","Documents/Nouveau dossier/PowerShell/ExtractionAD-DRD.ps1","1.0","2025-03-27T14:21:12Z","fethy.faradji@infopro-digital.com"
"11/09/2026 13:03:27","Documents/Nouveau dossier/PowerShell/ExtractionAD-EBP.ps1","1.0","2025-05-14T09:15:22Z","fethy.faradji@infopro-digital.com"
"11/09/2026 13:03:32","Documents/Nouveau dossier/PowerShell/ExtractionAD-GMH.ps1","1.0","2025-05-14T09:15:22Z","fethy.faradji@infopro-digital.com"
"11/09/2026 13:03:36","Documents/Nouveau dossier/PowerShell/ExtractionAD-INFO.ps1","1.0","2025-05-14T09:15:22Z","fethy.faradji@infopro-digital.com"
"11/09/2026 13:03:40","Documents/Nouveau dossier/PowerShell/ExtractionAD-VP.ps1","1.0","2025-03-27T15:08:12Z","fethy.faradji@infopro-digital.com"
"11/09/2026 13:03:44","Documents/Nouveau dossier/PowerShell/ExtractionAD-VPLUS.ps1","1.0","2025-05-14T09:15:22Z","fethy.faradji@infopro-digital.com"
"11/09/2026 13:03:48","Documents/Nouveau dossier/PowerShell/HTMLTable.ps1","1.0","2025-03-14T10:34:41Z","fethy.faradji@infopro-digital.com"
"11/09/2026 13:03:52","Documents/Nouveau dossier/PowerShell/Script_recuperation_domaines_accepte_exchange.ps1","1.0","2025-04-25T13:08:25Z","fethy.faradji@infopro-digital.com"
"11/09/2026 13:03:57","Documents/Nouveau dossier/PowerShell/User365.ps1","1.0","2025-04-25T15:17:44Z","fethy.faradji@infopro-digital.com"
"11/09/2026 13:04:00","Documents/Nouveau dossier/PowerShell/UserExcel.ps1","1.0","2025-05-12T14:50:15Z","fethy.faradji@infopro-digital.com"
"11/09/2026 13:04:05","Documents/Nouveau dossier/Alimentation_DWS_PS.application","1.0","2025-05-20T12:00:57Z","fethy.faradji@infopro-digital.com"
"11/09/2026 13:04:06","Documents/Nouveau dossier/Alimentation_DWS_PS.application","2.0","2025-05-20T14:43:50Z","fethy.faradji@infopro-digital.com"
"11/09/2026 13:04:07","Documents/Nouveau dossier/Alimentation_DWS_PS.application","3.0","2025-05-20T14:59:03Z","fethy.faradji@infopro-digital.com"
"11/09/2026 13:04:10","Documents/Nouveau dossier/Alimentation_DWS_PS.exe","1.0","2025-05-20T12:00:56Z","fethy.faradji@infopro-digital.com"
"11/09/2026 13:04:12","Documents/Nouveau dossier/Alimentation_DWS_PS.exe","2.0","2025-05-20T14:43:49Z","fethy.faradji@infopro-digital.com"
"11/09/2026 13:04:12","Documents/Nouveau dossier/Alimentation_DWS_PS.exe","3.0","2025-05-20T14:45:20Z","fethy.faradji@infopro-digital.com"
"11/09/2026 13:04:13","Documents/Nouveau dossier/Alimentation_DWS_PS.exe","4.0","2025-05-20T14:51:53Z","fethy.faradji@infopro-digital.com"
"11/09/2026 13:04:14","Documents/Nouveau dossier/Alimentation_DWS_PS.exe","5.0","2025-05-20T14:59:02Z","fethy.faradji@infopro-digital.com"
"11/09/2026 13:04:18","Documents/Nouveau dossier/Alimentation_DWS_PS.exe.config","1.0","2025-03-14T10:29:11Z","fethy.faradji@infopro-digital.com"
"11/09/2026 13:04:22","Documents/Nouveau dossier/Alimentation_DWS_PS.exe.manifest","1.0","2025-05-20T12:00:57Z","fethy.faradji@infopro-digital.com"
"11/09/2026 13:04:23","Documents/Nouveau dossier/Alimentation_DWS_PS.exe.manifest","2.0","2025-05-20T14:43:49Z","fethy.faradji@infopro-digital.com"
"11/09/2026 13:04:27","Documents/Nouveau dossier/Alimentation_DWS_PS.pdb","1.0","2025-05-20T12:00:56Z","fethy.faradji@infopro-digital.com"
"11/09/2026 13:04:29","Documents/Nouveau dossier/Alimentation_DWS_PS.pdb","2.0","2025-05-20T14:43:49Z","fethy.faradji@infopro-digital.com"
"11/09/2026 13:04:32","Documents/Nouveau dossier/appsettings.json","1.0","2025-03-27T13:14:31Z","fethy.faradji@infopro-digital.com"
"11/09/2026 13:04:36","Documents/Nouveau dossier/Microsoft.Bcl.AsyncInterfaces.dll","1.0","2025-02-11T23:12:14Z","fethy.faradji@infopro-digital.com"
"11/09/2026 13:04:41","Documents/Nouveau dossier/Microsoft.Bcl.AsyncInterfaces.xml","1.0","2025-02-11T23:12:14Z","fethy.faradji@infopro-digital.com"
"11/09/2026 13:04:45","Documents/Nouveau dossier/Microsoft.Bcl.HashCode.dll","1.0","2020-11-16T21:15:16Z","fethy.faradji@infopro-digital.com"
"11/09/2026 13:04:49","Documents/Nouveau dossier/Microsoft.Bcl.HashCode.xml","1.0","2020-11-16T21:15:16Z","fethy.faradji@infopro-digital.com"
"11/09/2026 13:04:53","Documents/Nouveau dossier/Microsoft.Extensions.DependencyInjection.Abstractions.dll","1.0","2023-10-31T15:00:34Z","fethy.faradji@infopro-digital.com"
"11/09/2026 13:04:57","Documents/Nouveau dossier/Microsoft.Extensions.DependencyInjection.Abstractions.xml","1.0","2023-10-31T15:00:34Z","fethy.faradji@infopro-digital.com"
"11/09/2026 13:05:01","Documents/Nouveau dossier/Microsoft.Extensions.Logging.Abstractions.dll","1.0","2023-10-31T15:04:00Z","fethy.faradji@infopro-digital.com"
"11/09/2026 13:05:06","Documents/Nouveau dossier/Microsoft.Extensions.Logging.Abstractions.xml","1.0","2023-10-31T15:04:00Z","fethy.faradji@infopro-digital.com"
"11/09/2026 13:05:11","Documents/Nouveau dossier/Npgsql.dll","1.0","2025-02-24T22:00:04Z","fethy.faradji@infopro-digital.com"
"11/09/2026 13:05:15","Documents/Nouveau dossier/Npgsql.xml","1.0","2025-02-24T22:00:00Z","fethy.faradji@infopro-digital.com"
"11/09/2026 13:05:19","Documents/Nouveau dossier/System.Buffers.dll","1.0","2020-02-19T10:05:18Z","fethy.faradji@infopro-digital.com"
"11/09/2026 13:05:23","Documents/Nouveau dossier/System.Buffers.xml","1.0","2020-02-19T10:05:18Z","fethy.faradji@infopro-digital.com"
"11/09/2026 13:05:28","Documents/Nouveau dossier/System.Collections.Immutable.dll","1.0","2023-10-31T15:04:34Z","fethy.faradji@infopro-digital.com"
"11/09/2026 13:05:32","Documents/Nouveau dossier/System.Collections.Immutable.xml","1.0","2023-09-18T23:26:32Z","fethy.faradji@infopro-digital.com"
"11/09/2026 13:05:36","Documents/Nouveau dossier/System.Diagnostics.DiagnosticSource.dll","1.0","2023-10-31T15:00:46Z","fethy.faradji@infopro-digital.com"
"11/09/2026 13:05:41","Documents/Nouveau dossier/System.Diagnostics.DiagnosticSource.xml","1.0","2023-09-18T23:26:32Z","fethy.faradji@infopro-digital.com"
"11/09/2026 13:05:45","Documents/Nouveau dossier/System.IO.Pipelines.dll","1.0","2025-02-11T23:12:24Z","fethy.faradji@infopro-digital.com"
"11/09/2026 13:05:48","Documents/Nouveau dossier/System.IO.Pipelines.xml","1.0","2025-02-11T23:12:24Z","fethy.faradji@infopro-digital.com"
"11/09/2026 13:05:53","Documents/Nouveau dossier/System.Memory.dll","1.0","2022-05-08T03:31:02Z","fethy.faradji@infopro-digital.com"
"11/09/2026 13:05:58","Documents/Nouveau dossier/System.Memory.xml","1.0","2022-05-08T03:31:02Z","fethy.faradji@infopro-digital.com"
"11/09/2026 13:06:02","Documents/Nouveau dossier/System.Numerics.Vectors.dll","1.0","2018-05-15T13:29:44Z","fethy.faradji@infopro-digital.com"
"11/09/2026 13:06:06","Documents/Nouveau dossier/System.Numerics.Vectors.xml","1.0","2018-05-15T13:29:44Z","fethy.faradji@infopro-digital.com"
"11/09/2026 13:06:10","Documents/Nouveau dossier/System.Runtime.CompilerServices.Unsafe.dll","1.0","2021-10-22T23:40:18Z","fethy.faradji@infopro-digital.com"
"11/09/2026 13:06:14","Documents/Nouveau dossier/System.Runtime.CompilerServices.Unsafe.xml","1.0","2021-10-19T07:14:20Z","fethy.faradji@infopro-digital.com"
"11/09/2026 13:06:19","Documents/Nouveau dossier/System.Text.Encodings.Web.dll","1.0","2025-02-11T23:18:34Z","fethy.faradji@infopro-digital.com"
"11/09/2026 13:06:23","Documents/Nouveau dossier/System.Text.Encodings.Web.xml","1.0","2025-02-11T23:18:34Z","fethy.faradji@infopro-digital.com"
"11/09/2026 13:06:28","Documents/Nouveau dossier/System.Text.Json.dll","1.0","2025-02-11T23:18:50Z","fethy.faradji@infopro-digital.com"
"11/09/2026 13:06:32","Documents/Nouveau dossier/System.Text.Json.xml","1.0","2025-02-11T23:18:50Z","fethy.faradji@infopro-digital.com"
"11/09/2026 13:06:36","Documents/Nouveau dossier/System.Threading.Channels.dll","1.0","2023-10-31T15:09:50Z","fethy.faradji@infopro-digital.com"
"11/09/2026 13:06:41","Documents/Nouveau dossier/System.Threading.Channels.xml","1.0","2023-09-18T23:26:32Z","fethy.faradji@infopro-digital.com"
"11/09/2026 13:06:45","Documents/Nouveau dossier/System.Threading.Tasks.Extensions.dll","1.0","2020-02-19T10:05:18Z","fethy.faradji@infopro-digital.com"
"11/09/2026 13:06:49","Documents/Nouveau dossier/System.Threading.Tasks.Extensions.xml","1.0","2020-02-19T10:05:18Z","fethy.faradji@infopro-digital.com"
"11/09/2026 13:06:54","Documents/Nouveau dossier/System.ValueTuple.dll","1.0","2018-05-15T13:29:52Z","fethy.faradji@infopro-digital.com"
"11/09/2026 13:06:58","Documents/Nouveau dossier/System.ValueTuple.xml","1.0","2018-05-15T13:29:52Z","fethy.faradji@infopro-digital.com"
"11/09/2026 13:07:03","Documents/Nouveau dossier/testpowershell2.exe","1.0","2025-03-17T08:13:27Z","fethy.faradji@infopro-digital.com"
"11/09/2026 13:07:09","Documents/Nouveau dossier/testpowershell2.exe.config","1.0","2025-03-14T10:29:11Z","fethy.faradji@infopro-digital.com"
"11/09/2026 13:07:13","Documents/Nouveau dossier/testpowershell2.pdb","1.0","2025-03-17T08:13:27Z","fethy.faradji@infopro-digital.com"
"11/09/2026 13:07:18","Documents/Nouveau dossier (2)/srv_listener_folder/.vs/srv_listener_folder/v16/.suo","1.0","2026-04-03T15:17:04Z","fethy.faradji@infopro-digital.com"
"11/09/2026 13:07:19","Documents/Nouveau dossier (2)/srv_listener_folder/.vs/srv_listener_folder/v16/.suo","2.0","2026-04-03T15:19:37Z","fethy.faradji@infopro-digital.com"
"11/09/2026 13:07:20","Documents/Nouveau dossier (2)/srv_listener_folder/.vs/srv_listener_folder/v16/.suo","3.0","2026-04-03T15:19:51Z","fethy.faradji@infopro-digital.com"
"11/09/2026 13:07:21","Documents/Nouveau dossier (2)/srv_listener_folder/.vs/srv_listener_folder/v16/.suo","4.0","2026-04-03T15:20:28Z","fethy.faradji@infopro-digital.com"
"11/09/2026 13:07:22","Documents/Nouveau dossier (2)/srv_listener_folder/.vs/srv_listener_folder/v16/.suo","5.0","2026-04-03T15:20:30Z","fethy.faradji@infopro-digital.com"
"11/09/2026 13:07:23","Documents/Nouveau dossier (2)/srv_listener_folder/.vs/srv_listener_folder/v16/.suo","6.0","2026-04-03T15:21:38Z","fethy.faradji@infopro-digital.com"
"11/09/2026 13:07:24","Documents/Nouveau dossier (2)/srv_listener_folder/.vs/srv_listener_folder/v16/.suo","7.0","2026-04-03T15:21:46Z","fethy.faradji@infopro-digital.com"
"11/09/2026 13:07:25","Documents/Nouveau dossier (2)/srv_listener_folder/.vs/srv_listener_folder/v16/.suo","8.0","2026-04-03T15:22:21Z","fethy.faradji@infopro-digital.com"
"11/09/2026 13:07:26","Documents/Nouveau dossier (2)/srv_listener_folder/.vs/srv_listener_folder/v16/.suo","9.0","2026-04-03T15:22:42Z","fethy.faradji@infopro-digital.com"
"11/09/2026 13:07:27","Documents/Nouveau dossier (2)/srv_listener_folder/.vs/srv_listener_folder/v16/.suo","10.0","2026-04-03T15:25:01Z","fethy.faradji@infopro-digital.com"
"11/09/2026 13:07:28","Documents/Nouveau dossier (2)/srv_listener_folder/.vs/srv_listener_folder/v16/.suo","11.0","2026-04-03T15:25:28Z","fethy.faradji@infopro-digital.com"
"11/09/2026 13:07:29","Documents/Nouveau dossier (2)/srv_listener_folder/.vs/srv_listener_folder/v16/.suo","12.0","2026-04-03T15:26:36Z","fethy.faradji@infopro-digital.com"
"11/09/2026 13:07:30","Documents/Nouveau dossier (2)/srv_listener_folder/.vs/srv_listener_folder/v16/.suo","13.0","2026-04-03T15:26:47Z","fethy.faradji@infopro-digital.com"
"11/09/2026 13:07:31","Documents/Nouveau dossier (2)/srv_listener_folder/.vs/srv_listener_folder/v16/.suo","14.0","2026-04-03T15:28:35Z","fethy.faradji@infopro-digital.com"
"11/09/2026 13:07:32","Documents/Nouveau dossier (2)/srv_listener_folder/.vs/srv_listener_folder/v16/.suo","15.0","2026-04-03T15:30:45Z","fethy.faradji@infopro-digital.com"
"11/09/2026 13:07:32","Documents/Nouveau dossier (2)/srv_listener_folder/.vs/srv_listener_folder/v16/.suo","16.0","2026-04-03T15:30:46Z","fethy.faradji@infopro-digital.com"
"11/09/2026 13:07:34","Documents/Nouveau dossier (2)/srv_listener_folder/.vs/srv_listener_folder/v16/.suo","17.0","2026-04-07T07:10:12Z","fethy.faradji@infopro-digital.com"
"11/09/2026 13:07:34","Documents/Nouveau dossier (2)/srv_listener_folder/.vs/srv_listener_folder/v16/.suo","18.0","2026-04-07T09:21:55Z","fethy.faradji@infopro-digital.com"
"11/09/2026 13:07:35","Documents/Nouveau dossier (2)/srv_listener_folder/.vs/srv_listener_folder/v16/.suo","19.0","2026-04-07T09:22:00Z","fethy.faradji@infopro-digital.com"
"11/09/2026 13:07:36","Documents/Nouveau dossier (2)/srv_listener_folder/.vs/srv_listener_folder/v16/.suo","20.0","2026-04-07T09:28:29Z","fethy.faradji@infopro-digital.com"
"11/09/2026 13:07:40","Documents/Nouveau dossier (2)/srv_listener_folder/lib/log4net.dll","1.0","2022-07-25T07:40:06Z","fethy.faradji@infopro-digital.com"
"11/09/2026 13:07:44","Documents/Nouveau dossier (2)/srv_listener_folder/lib/Microsoft.SharePoint.Client.dll","1.0","2022-10-18T19:24:18Z","fethy.faradji@infopro-digital.com"
"11/09/2026 13:07:49","Documents/Nouveau dossier (2)/srv_listener_folder/lib/Microsoft.SharePoint.Client.Runtime.dll","1.0","2022-10-18T19:24:18Z","fethy.faradji@infopro-digital.com"
"11/09/2026 13:07:53","Documents/Nouveau dossier (2)/srv_listener_folder/lib/Oracle.ManagedDataAccess.dll","1.0","2022-10-11T17:31:12Z","fethy.faradji@infopro-digital.com"
"11/09/2026 13:07:58","Documents/Nouveau dossier (2)/srv_listener_folder/obj/Debug/.NETFramework,Version=v4.7.AssemblyAttributes.cs","1.0","2026-04-03T14:25:48Z","fethy.faradji@infopro-digital.com"
"11/09/2026 13:08:01","Documents/Nouveau dossier (2)/srv_listener_folder/obj/Debug/DesignTimeResolveAssemblyReferences.cache","1.0","2026-04-03T15:32:04Z","fethy.faradji@infopro-digital.com"
"11/09/2026 13:08:05","Documents/Nouveau dossier (2)/srv_listener_folder/obj/Debug/DesignTimeResolveAssemblyReferencesInput.cache","1.0","2026-04-03T14:44:53Z","fethy.faradji@infopro-digital.com"
"11/09/2026 13:08:06","Documents/Nouveau dossier (2)/srv_listener_folder/obj/Debug/DesignTimeResolveAssemblyReferencesInput.cache","2.0","2026-04-03T15:20:44Z","fethy.faradji@infopro-digital.com"
"11/09/2026 13:08:07","Documents/Nouveau dossier (2)/srv_listener_folder/obj/Debug/DesignTimeResolveAssemblyReferencesInput.cache","3.0","2026-04-03T15:24:04Z","fethy.faradji@infopro-digital.com"
"11/09/2026 13:08:08","Documents/Nouveau dossier (2)/srv_listener_folder/obj/Debug/DesignTimeResolveAssemblyReferencesInput.cache","4.0","2026-04-03T15:26:21Z","fethy.faradji@infopro-digital.com"
"11/09/2026 13:08:08","Documents/Nouveau dossier (2)/srv_listener_folder/obj/Debug/DesignTimeResolveAssemblyReferencesInput.cache","5.0","2026-04-03T15:30:45Z","fethy.faradji@infopro-digital.com"
"11/09/2026 13:08:10","Documents/Nouveau dossier (2)/srv_listener_folder/obj/Debug/DesignTimeResolveAssemblyReferencesInput.cache","6.0","2026-04-07T09:28:28Z","fethy.faradji@infopro-digital.com"
"11/09/2026 13:08:13","Documents/Nouveau dossier (2)/srv_listener_folder/obj/Debug/srv_listener_folder.csproj.AssemblyReference.cache","1.0","2026-04-03T15:24:04Z","fethy.faradji@infopro-digital.com"
"11/09/2026 13:08:14","Documents/Nouveau dossier (2)/srv_listener_folder/obj/Debug/srv_listener_folder.csproj.AssemblyReference.cache","2.0","2026-04-03T15:25:02Z","fethy.faradji@infopro-digital.com"
"11/09/2026 13:08:15","Documents/Nouveau dossier (2)/srv_listener_folder/obj/Debug/srv_listener_folder.csproj.AssemblyReference.cache","3.0","2026-04-03T15:26:21Z","fethy.faradji@infopro-digital.com"
"11/09/2026 13:08:16","Documents/Nouveau dossier (2)/srv_listener_folder/obj/Debug/srv_listener_folder.csproj.AssemblyReference.cache","4.0","2026-04-03T15:26:38Z","fethy.faradji@infopro-digital.com"
"11/09/2026 13:08:17","Documents/Nouveau dossier (2)/srv_listener_folder/obj/Debug/srv_listener_folder.csproj.AssemblyReference.cache","5.0","2026-04-03T15:28:36Z","fethy.faradji@infopro-digital.com"
"11/09/2026 13:08:18","Documents/Nouveau dossier (2)/srv_listener_folder/obj/Debug/srv_listener_folder.csproj.AssemblyReference.cache","6.0","2026-04-03T15:30:45Z","fethy.faradji@infopro-digital.com"
"11/09/2026 13:08:20","Documents/Nouveau dossier (2)/srv_listener_folder/obj/Debug/srv_listener_folder.csproj.CoreCompileInputs.cache","1.0","2026-04-03T15:22:22Z","fethy.faradji@infopro-digital.com"
"11/09/2026 13:08:21","Documents/Nouveau dossier (2)/srv_listener_folder/obj/Debug/srv_listener_folder.csproj.CoreCompileInputs.cache","2.0","2026-04-03T15:25:02Z","fethy.faradji@infopro-digital.com"
"11/09/2026 13:08:24","Documents/Nouveau dossier (2)/srv_listener_folder/obj/Debug/srv_listener_folder.csproj.FileListAbsolute.txt","1.0","2026-04-03T15:17:07Z","fethy.faradji@infopro-digital.com"
"11/09/2026 13:08:25","Documents/Nouveau dossier (2)/srv_listener_folder/obj/Debug/srv_listener_folder.csproj.FileListAbsolute.txt","2.0","2026-04-03T15:22:42Z","fethy.faradji@infopro-digital.com"
"11/09/2026 13:08:26","Documents/Nouveau dossier (2)/srv_listener_folder/obj/Debug/srv_listener_folder.csproj.FileListAbsolute.txt","3.0","2026-04-07T07:10:14Z","fethy.faradji@infopro-digital.com"
"11/09/2026 13:08:29","Documents/Nouveau dossier (2)/srv_listener_folder/obj/Debug/srv_listener_folder.csproj.GenerateResource.cache","1.0","2026-04-03T15:25:02Z","fethy.faradji@infopro-digital.com"
"11/09/2026 13:08:32","Documents/Nouveau dossier (2)/srv_listener_folder/obj/Debug/srv_listener_folder.ProjectInstaller.resources","1.0","2026-04-03T15:25:02Z","fethy.faradji@infopro-digital.com"
"11/09/2026 13:08:35","Documents/Nouveau dossier (2)/srv_listener_folder/packages/Microsoft.Office.Interop.Word.15.0.4797.1004/lib/net20/Microsoft.Office.Interop.Word.dll","1.0","2016-03-10T22:19:48Z","fethy.faradji@infopro-digital.com"
"11/09/2026 13:08:39","Documents/Nouveau dossier (2)/srv_listener_folder/packages/Microsoft.Office.Interop.Word.15.0.4797.1004/lib/netstandard2.0/Microsoft.Office.Interop.Word.dll","1.0","2016-03-10T22:19:48Z","fethy.faradji@infopro-digital.com"
"11/09/2026 13:08:44","Documents/Nouveau dossier (2)/srv_listener_folder/packages/Microsoft.Office.Interop.Word.15.0.4797.1004/.signature.p7s","1.0","2022-06-10T15:01:00Z","fethy.faradji@infopro-digital.com"
"11/09/2026 13:08:48","Documents/Nouveau dossier (2)/srv_listener_folder/packages/Microsoft.Office.Interop.Word.15.0.4797.1004/Microsoft.Office.Interop.Word.15.0.4797.1004.nupkg","1.0","2026-04-03T15:24:04Z","fethy.faradji@infopro-digital.com"
"11/09/2026 13:08:52","Documents/Nouveau dossier (2)/srv_listener_folder/srv_listener_folder/DAL.cs","1.0","2026-04-03T14:25:28Z","fethy.faradji@infopro-digital.com"
"11/09/2026 13:08:54","Documents/Nouveau dossier (2)/srv_listener_folder/srv_listener_folder/DAL.cs","2.0","2026-04-03T15:19:51Z","fethy.faradji@infopro-digital.com"
"11/09/2026 13:08:57","Documents/Nouveau dossier (2)/srv_listener_folder/srv_listener_folder/DAL_Listener.cs","1.0","2026-04-03T14:25:28Z","fethy.faradji@infopro-digital.com"
"11/09/2026 13:08:59","Documents/Nouveau dossier (2)/srv_listener_folder/srv_listener_folder/DAL_Listener.cs","2.0","2026-04-03T15:19:37Z","fethy.faradji@infopro-digital.com"
"11/09/2026 13:09:03","Documents/Nouveau dossier (2)/srv_listener_folder/srv_listener_folder/Fichier.cs","1.0","2026-04-03T14:25:28Z","fethy.faradji@infopro-digital.com"
"11/09/2026 13:09:07","Documents/Nouveau dossier (2)/srv_listener_folder/srv_listener_folder/Program.cs","1.0","2026-04-03T14:25:28Z","fethy.faradji@infopro-digital.com"
"11/09/2026 13:09:08","Documents/Nouveau dossier (2)/srv_listener_folder/srv_listener_folder/Program.cs","2.0","2026-04-03T15:19:37Z","fethy.faradji@infopro-digital.com"
"11/09/2026 13:09:12","Documents/Nouveau dossier (2)/srv_listener_folder/srv_listener_folder/ProjectInstaller.cs","1.0","2026-04-03T14:25:28Z","fethy.faradji@infopro-digital.com"
"11/09/2026 13:09:14","Documents/Nouveau dossier (2)/srv_listener_folder/srv_listener_folder/ProjectInstaller.cs","2.0","2026-04-03T15:19:51Z","fethy.faradji@infopro-digital.com"
"11/09/2026 13:09:17","Documents/Nouveau dossier (2)/srv_listener_folder/srv_listener_folder/ProjectInstaller.resx","1.0","2026-04-03T14:25:27Z","fethy.faradji@infopro-digital.com"
"11/09/2026 13:09:22","Documents/Nouveau dossier (2)/srv_listener_folder/srv_listener_folder/Service1.cs","1.0","2026-04-03T14:25:28Z","fethy.faradji@infopro-digital.com"
"11/09/2026 13:09:23","Documents/Nouveau dossier (2)/srv_listener_folder/srv_listener_folder/Service1.cs","2.0","2026-04-03T15:17:04Z","fethy.faradji@infopro-digital.com"
"11/09/2026 13:09:27","Documents/Nouveau dossier (2)/srv_listener_folder/srv_listener_folder/SharepointAccess.cs","1.0","2026-04-03T14:25:28Z","fethy.faradji@infopro-digital.com"
"11/09/2026 13:09:28","Documents/Nouveau dossier (2)/srv_listener_folder/srv_listener_folder/SharepointAccess.cs","2.0","2026-04-03T15:19:37Z","fethy.faradji@infopro-digital.com"
"11/09/2026 13:09:32","Documents/Nouveau dossier (2)/srv_listener_folder/srv_listener_folder/Watcher.cs","1.0","2026-04-03T14:25:28Z","fethy.faradji@infopro-digital.com"
"11/09/2026 13:09:33","Documents/Nouveau dossier (2)/srv_listener_folder/srv_listener_folder/Watcher.cs","2.0","2026-04-03T15:19:37Z","fethy.faradji@infopro-digital.com"
"11/09/2026 13:09:37","Documents/Nouveau dossier (2)/srv_listener_folder/srv_listener_folder/WordApplication.cs","1.0","2026-04-03T14:25:28Z","fethy.faradji@infopro-digital.com"
"11/09/2026 13:09:41","Documents/Nouveau dossier (2)/srv_listener_folder/srv_listener_folder/workflowFile.cs","1.0","2026-04-03T14:25:28Z","fethy.faradji@infopro-digital.com"
"11/09/2026 13:09:42","Documents/Nouveau dossier (2)/srv_listener_folder/srv_listener_folder/workflowFile.cs","2.0","2026-04-03T15:19:37Z","fethy.faradji@infopro-digital.com"
"11/09/2026 13:09:46","Documents/Nouveau dossier (2)/srv_listener_folder/AssemblyInfo.cs","1.0","2026-04-03T14:25:28Z","fethy.faradji@infopro-digital.com"
"11/09/2026 13:09:50","Documents/Nouveau dossier (2)/srv_listener_folder/packages.config","1.0","2026-04-03T15:24:04Z","fethy.faradji@infopro-digital.com"
"11/09/2026 13:09:54","Documents/Nouveau dossier (2)/srv_listener_folder/srv_listener_folder.csproj","1.0","2026-04-03T14:25:29Z","fethy.faradji@infopro-digital.com"
"11/09/2026 13:09:56","Documents/Nouveau dossier (2)/srv_listener_folder/srv_listener_folder.csproj","2.0","2026-04-03T15:17:04Z","fethy.faradji@infopro-digital.com"
"11/09/2026 13:09:57","Documents/Nouveau dossier (2)/srv_listener_folder/srv_listener_folder.csproj","3.0","2026-04-03T15:22:17Z","fethy.faradji@infopro-digital.com"
"11/09/2026 13:09:57","Documents/Nouveau dossier (2)/srv_listener_folder/srv_listener_folder.csproj","4.0","2026-04-03T15:24:05Z","fethy.faradji@infopro-digital.com"
"11/09/2026 13:09:58","Documents/Nouveau dossier (2)/srv_listener_folder/srv_listener_folder.csproj","5.0","2026-04-03T15:24:58Z","fethy.faradji@infopro-digital.com"
"11/09/2026 13:10:00","Documents/Nouveau dossier (2)/srv_listener_folder/srv_listener_folder.csproj","6.0","2026-04-07T08:55:04Z","fethy.faradji@infopro-digital.com"
"11/09/2026 13:10:03","Documents/Nouveau dossier (2)/srv_listener_folder/srv_listener_folder.pdb","1.0","2026-04-03T14:25:29Z","fethy.faradji@infopro-digital.com"
"11/09/2026 13:10:07","Documents/Nouveau dossier (2)/srv_listener_folder/srv_listener_folder.sln","1.0","2026-04-03T14:25:29Z","fethy.faradji@infopro-digital.com"
"11/09/2026 13:10:12","Documents/partage/$18A3F523161D4E2C88497069AF80C8C4/1CF95DF986E04673964A3B939D94CD3E/0307AD8095B347AB9423D817D2E781E25.txt","1.0","2022-09-12T10:20:19Z","fethy.faradji@infopro-digital.com"
"11/09/2026 13:10:16","Documents/partage/$18A3F523161D4E2C88497069AF80C8C4/1CF95DF986E04673964A3B939D94CD3E/1FA3E2E51B8B4954984961176D85BFB01.pdf","1.0","2022-09-12T10:20:19Z","fethy.faradji@infopro-digital.com"
"11/09/2026 13:10:20","Documents/partage/$18A3F523161D4E2C88497069AF80C8C4/1CF95DF986E04673964A3B939D94CD3E/2645D7F8151E4CAFAFD02B02A959870E5.doc","1.0","2022-09-12T10:20:19Z","fethy.faradji@infopro-digital.com"
"11/09/2026 13:10:25","Documents/partage/$18A3F523161D4E2C88497069AF80C8C4/1CF95DF986E04673964A3B939D94CD3E/2DCEA90095444E2F8BD15F3AFAE77B6E3.txt","1.0","2022-09-12T10:20:19Z","fethy.faradji@infopro-digital.com"
"11/09/2026 13:10:29","Documents/partage/$18A3F523161D4E2C88497069AF80C8C4/1CF95DF986E04673964A3B939D94CD3E/36345FA0456D4489A180CB88FC07898A5.pdf","1.0","2022-09-12T10:20:19Z","fethy.faradji@infopro-digital.com"
"11/09/2026 13:10:33","Documents/partage/$18A3F523161D4E2C88497069AF80C8C4/1CF95DF986E04673964A3B939D94CD3E/4777BF32B7A04151809CD8515864F0652.pdf","1.0","2022-09-12T10:20:19Z","fethy.faradji@infopro-digital.com"
"11/09/2026 13:10:37","Documents/partage/$18A3F523161D4E2C88497069AF80C8C4/1CF95DF986E04673964A3B939D94CD3E/72E2E9E160B343EEA8AEE93DC1EDD6BB3.pdf","1.0","2022-09-12T10:20:19Z","fethy.faradji@infopro-digital.com"
"11/09/2026 13:10:41","Documents/partage/$18A3F523161D4E2C88497069AF80C8C4/1CF95DF986E04673964A3B939D94CD3E/8269275DF2244A99A0BF4A39CCF967801.doc","1.0","2022-09-12T10:20:19Z","fethy.faradji@infopro-digital.com"
"11/09/2026 13:10:45","Documents/partage/$18A3F523161D4E2C88497069AF80C8C4/1CF95DF986E04673964A3B939D94CD3E/9C85D1D18A9C4DDD9B9E13F2F2403DEA4.doc","1.0","2022-09-12T10:20:19Z","fethy.faradji@infopro-digital.com"
"11/09/2026 13:10:49","Documents/partage/$18A3F523161D4E2C88497069AF80C8C4/1CF95DF986E04673964A3B939D94CD3E/B00E4073EA5B413A9E33213D0851D0192.doc","1.0","2022-09-12T10:20:19Z","fethy.faradji@infopro-digital.com"
"11/09/2026 13:10:53","Documents/partage/$18A3F523161D4E2C88497069AF80C8C4/1CF95DF986E04673964A3B939D94CD3E/B63114AB72ED4694A5525E28C2907C3B2.txt","1.0","2022-09-12T10:20:19Z","fethy.faradji@infopro-digital.com"
"11/09/2026 13:10:57","Documents/partage/$18A3F523161D4E2C88497069AF80C8C4/1CF95DF986E04673964A3B939D94CD3E/BEE7EA3BFFC04AD7A7A5ABF4BBC66C344.txt","1.0","2022-09-12T10:20:19Z","fethy.faradji@infopro-digital.com"
"11/09/2026 13:11:02","Documents/partage/$18A3F523161D4E2C88497069AF80C8C4/1CF95DF986E04673964A3B939D94CD3E/D87999C8373846388331CCDE39F0066D3.doc","1.0","2022-09-12T10:20:19Z","fethy.faradji@infopro-digital.com"
"11/09/2026 13:11:06","Documents/partage/$18A3F523161D4E2C88497069AF80C8C4/1CF95DF986E04673964A3B939D94CD3E/DF20F7D7F75E4FC289CCCAFFBB8606884.pdf","1.0","2022-09-12T10:20:19Z","fethy.faradji@infopro-digital.com"
"11/09/2026 13:11:10","Documents/partage/$18A3F523161D4E2C88497069AF80C8C4/1CF95DF986E04673964A3B939D94CD3E/F6539FC7AFA74903898B46B9C0C6064A1.txt","1.0","2022-09-12T10:20:19Z","fethy.faradji@infopro-digital.com"
"11/09/2026 13:11:15","Documents/partage/$18A3F523161D4E2C88497069AF80C8C4/2EA55F066272435EB6638B33733E3159/20548455D9324B1CA1932DEE9EB290A23.pdf","1.0","2022-09-12T10:20:19Z","fethy.faradji@infopro-digital.com"
"11/09/2026 13:11:18","Documents/partage/$18A3F523161D4E2C88497069AF80C8C4/2EA55F066272435EB6638B33733E3159/2438E8F2F1504D1799097A6DF68334A22.txt","1.0","2022-09-12T10:20:19Z","fethy.faradji@infopro-digital.com"
"11/09/2026 13:11:23","Documents/partage/$18A3F523161D4E2C88497069AF80C8C4/2EA55F066272435EB6638B33733E3159/26DC83301D11449E96E98ADF79AC5F063.doc","1.0","2022-09-12T10:20:19Z","fethy.faradji@infopro-digital.com"
"11/09/2026 13:11:27","Documents/partage/$18A3F523161D4E2C88497069AF80C8C4/2EA55F066272435EB6638B33733E3159/4CDCD92BC9A44206803180887F1527093.txt","1.0","2022-09-12T10:20:19Z","fethy.faradji@infopro-digital.com"
"11/09/2026 13:11:31","Documents/partage/$18A3F523161D4E2C88497069AF80C8C4/2EA55F066272435EB6638B33733E3159/6DE59616C5AB48FAA7D3A11BCDCA3B431.doc","1.0","2022-09-12T10:20:19Z","fethy.faradji@infopro-digital.com"
"11/09/2026 13:11:35","Documents/partage/$18A3F523161D4E2C88497069AF80C8C4/2EA55F066272435EB6638B33733E3159/8410BC0EAA614A0AB968BCE74B1A9E9E2.pdf","1.0","2022-09-12T10:20:19Z","fethy.faradji@infopro-digital.com"
"11/09/2026 13:11:39","Documents/partage/$18A3F523161D4E2C88497069AF80C8C4/2EA55F066272435EB6638B33733E3159/87895FEE6C854B7C81D1F8BBF6BF42DD4.doc","1.0","2022-09-12T10:20:19Z","fethy.faradji@infopro-digital.com"
"11/09/2026 13:11:43","Documents/partage/$18A3F523161D4E2C88497069AF80C8C4/2EA55F066272435EB6638B33733E3159/8E8EF9440A7D433A9FAB39E0F8FB82831.pdf","1.0","2022-09-12T10:20:19Z","fethy.faradji@infopro-digital.com"
"11/09/2026 13:11:47","Documents/partage/$18A3F523161D4E2C88497069AF80C8C4/2EA55F066272435EB6638B33733E3159/AD150542A69E4996B0F289B1FAD981C95.txt","1.0","2022-09-12T10:20:19Z","fethy.faradji@infopro-digital.com"
"11/09/2026 13:11:51","Documents/partage/$18A3F523161D4E2C88497069AF80C8C4/2EA55F066272435EB6638B33733E3159/AFFA16A1015548CA9F2069D6E6F9F9C01.txt","1.0","2022-09-12T10:20:19Z","fethy.faradji@infopro-digital.com"
"11/09/2026 13:11:55","Documents/partage/$18A3F523161D4E2C88497069AF80C8C4/2EA55F066272435EB6638B33733E3159/B422714032F94A30933590348ED98E614.pdf","1.0","2022-09-12T10:20:19Z","fethy.faradji@infopro-digital.com"
"11/09/2026 13:12:00","Documents/partage/$18A3F523161D4E2C88497069AF80C8C4/2EA55F066272435EB6638B33733E3159/BDD63E00C91E4871B635397783F193A32.doc","1.0","2022-09-12T10:20:19Z","fethy.faradji@infopro-digital.com"
"11/09/2026 13:12:04","Documents/partage/$18A3F523161D4E2C88497069AF80C8C4/2EA55F066272435EB6638B33733E3159/EA2AF29FD5984BD587F58DA062E47EE64.txt","1.0","2022-09-12T10:20:19Z","fethy.faradji@infopro-digital.com"
"11/09/2026 13:12:08","Documents/partage/$18A3F523161D4E2C88497069AF80C8C4/2EA55F066272435EB6638B33733E3159/EC4EBF7D3E3B4F5AB0CE393E9F445F855.doc","1.0","2022-09-12T10:20:19Z","fethy.faradji@infopro-digital.com"
"11/09/2026 13:12:13","Documents/partage/$18A3F523161D4E2C88497069AF80C8C4/2EA55F066272435EB6638B33733E3159/F3C5B2C528B64F00A678DEFFD594E6655.pdf","1.0","2022-09-12T10:20:19Z","fethy.faradji@infopro-digital.com"
"11/09/2026 13:12:17","Documents/partage/$18A3F523161D4E2C88497069AF80C8C4/3AEA1375B91C4E769101296AF945BADA/20BCEC84FA7748DB862AEBFFC8C6A46F3.txt","1.0","2022-09-12T10:20:19Z","fethy.faradji@infopro-digital.com"
"11/09/2026 13:12:21","Documents/partage/$18A3F523161D4E2C88497069AF80C8C4/3AEA1375B91C4E769101296AF945BADA/2335CF02F0CB42E7918798CB10A1BBEE5.doc","1.0","2022-09-12T10:20:19Z","fethy.faradji@infopro-digital.com"
"11/09/2026 13:12:26","Documents/partage/$18A3F523161D4E2C88497069AF80C8C4/3AEA1375B91C4E769101296AF945BADA/309721942A4E489B86B25A42D2850C025.txt","1.0","2022-09-12T10:20:19Z","fethy.faradji@infopro-digital.com"
"11/09/2026 13:12:30","Documents/partage/$18A3F523161D4E2C88497069AF80C8C4/3AEA1375B91C4E769101296AF945BADA/3ACE388868B34493978D95B7D659F6C92.txt","1.0","2022-09-12T10:20:19Z","fethy.faradji@infopro-digital.com"
"11/09/2026 13:12:34","Documents/partage/$18A3F523161D4E2C88497069AF80C8C4/3AEA1375B91C4E769101296AF945BADA/4350963A3BF9480B8BB4C276E4764D2D4.pdf","1.0","2022-09-12T10:20:19Z","fethy.faradji@infopro-digital.com"
"11/09/2026 13:12:38","Documents/partage/$18A3F523161D4E2C88497069AF80C8C4/3AEA1375B91C4E769101296AF945BADA/4405841BE2D245A9BB8CBE76F86448A52.doc","1.0","2022-09-12T10:20:19Z","fethy.faradji@infopro-digital.com"
"11/09/2026 13:12:42","Documents/partage/$18A3F523161D4E2C88497069AF80C8C4/3AEA1375B91C4E769101296AF945BADA/47CB35D0A1BE4B43996354B6A41DBBB03.pdf","1.0","2022-09-12T10:20:19Z","fethy.faradji@infopro-digital.com"
"11/09/2026 13:12:47","Documents/partage/$18A3F523161D4E2C88497069AF80C8C4/3AEA1375B91C4E769101296AF945BADA/4C1568222C3F4BE092E98628D9FB24CD1.txt","1.0","2022-09-12T10:20:19Z","fethy.faradji@infopro-digital.com"
"11/09/2026 13:12:50","Documents/partage/$18A3F523161D4E2C88497069AF80C8C4/3AEA1375B91C4E769101296AF945BADA/8BFC966D026C4EB099FBC53EE34F5E1C1.doc","1.0","2022-09-12T10:20:19Z","fethy.faradji@infopro-digital.com"
"11/09/2026 13:12:55","Documents/partage/$18A3F523161D4E2C88497069AF80C8C4/3AEA1375B91C4E769101296AF945BADA/8CA2F4C8D1E64F0E963A186CF27FB5B44.doc","1.0","2022-09-12T10:20:19Z","fethy.faradji@infopro-digital.com"
"11/09/2026 13:12:59","Documents/partage/$18A3F523161D4E2C88497069AF80C8C4/3AEA1375B91C4E769101296AF945BADA/945FC7F9A0CF41D4A982AE3BDC198DB85.pdf","1.0","2022-09-12T10:20:19Z","fethy.faradji@infopro-digital.com"
"11/09/2026 13:13:03","Documents/partage/$18A3F523161D4E2C88497069AF80C8C4/3AEA1375B91C4E769101296AF945BADA/9A5502143AFC477F937F5FC6C6E1CF1A4.txt","1.0","2022-09-12T10:20:19Z","fethy.faradji@infopro-digital.com"
"11/09/2026 13:13:07","Documents/partage/$18A3F523161D4E2C88497069AF80C8C4/3AEA1375B91C4E769101296AF945BADA/A4F42EB6B3D646AB8733BF6D35D454733.doc","1.0","2022-09-12T10:20:19Z","fethy.faradji@infopro-digital.com"
"11/09/2026 13:13:11","Documents/partage/$18A3F523161D4E2C88497069AF80C8C4/3AEA1375B91C4E769101296AF945BADA/C80C0846C18047729A4B8AA5F589C0331.pdf","1.0","2022-09-12T10:20:19Z","fethy.faradji@infopro-digital.com"
"11/09/2026 13:13:16","Documents/partage/$18A3F523161D4E2C88497069AF80C8C4/3AEA1375B91C4E769101296AF945BADA/D202ECC5FFE64615BF041B6A7D28CB122.pdf","1.0","2022-09-12T10:20:19Z","fethy.faradji@infopro-digital.com"
"11/09/2026 13:13:20","Documents/partage/$18A3F523161D4E2C88497069AF80C8C4/438245B77AD84F59A6A71441586480B3/0AF282AE14F946E096B65737AED993F31.pdf","1.0","2022-09-12T10:20:19Z","fethy.faradji@infopro-digital.com"
"11/09/2026 13:13:25","Documents/partage/$18A3F523161D4E2C88497069AF80C8C4/438245B77AD84F59A6A71441586480B3/0EF77BA2DA554D12B47700E80236266F4.pdf","1.0","2022-09-12T10:20:19Z","fethy.faradji@infopro-digital.com"
"11/09/2026 13:13:29","Documents/partage/$18A3F523161D4E2C88497069AF80C8C4/438245B77AD84F59A6A71441586480B3/25F9335AF6334586AB7375865077657E3.txt","1.0","2022-09-12T10:20:19Z","fethy.faradji@infopro-digital.com"
"11/09/2026 13:13:34","Documents/partage/$18A3F523161D4E2C88497069AF80C8C4/438245B77AD84F59A6A71441586480B3/31B2BF478F5F4A27A27931B0BF570CA45.txt","1.0","2022-09-12T10:20:19Z","fethy.faradji@infopro-digital.com"
"11/09/2026 13:13:38","Documents/partage/$18A3F523161D4E2C88497069AF80C8C4/438245B77AD84F59A6A71441586480B3/32135FDD85A448609382B100C2A0D7722.txt","1.0","2022-09-12T10:20:19Z","fethy.faradji@infopro-digital.com"
"11/09/2026 13:13:42","Documents/partage/$18A3F523161D4E2C88497069AF80C8C4/438245B77AD84F59A6A71441586480B3/360EB1F325F3453DBC46D12D32D22FB94.txt","1.0","2022-09-12T10:20:19Z","fethy.faradji@infopro-digital.com"
"11/09/2026 13:13:46","Documents/partage/$18A3F523161D4E2C88497069AF80C8C4/438245B77AD84F59A6A71441586480B3/4A96C32894D64980BF01A6B8BF1609B85.doc","1.0","2022-09-12T10:20:19Z","fethy.faradji@infopro-digital.com"
"11/09/2026 13:13:50","Documents/partage/$18A3F523161D4E2C88497069AF80C8C4/438245B77AD84F59A6A71441586480B3/575EC809E12043C096FC576BD407C6961.txt","1.0","2022-09-12T10:20:19Z","fethy.faradji@infopro-digital.com"
"11/09/2026 13:13:55","Documents/partage/$18A3F523161D4E2C88497069AF80C8C4/438245B77AD84F59A6A71441586480B3/578463D6DEEE47EAA23D48A4C631F9A81.doc","1.0","2022-09-12T10:20:19Z","fethy.faradji@infopro-digital.com"
"11/09/2026 13:13:59","Documents/partage/$18A3F523161D4E2C88497069AF80C8C4/438245B77AD84F59A6A71441586480B3/811E174B44D6427693FCA0517FBDE4383.pdf","1.0","2022-09-12T10:20:19Z","fethy.faradji@infopro-digital.com"
"11/09/2026 13:14:03","Documents/partage/$18A3F523161D4E2C88497069AF80C8C4/438245B77AD84F59A6A71441586480B3/BB30F73084134B6DA8DDEB3AA7676A962.pdf","1.0","2022-09-12T10:20:19Z","fethy.faradji@infopro-digital.com"
"11/09/2026 13:14:07","Documents/partage/$18A3F523161D4E2C88497069AF80C8C4/438245B77AD84F59A6A71441586480B3/D731429C5CB249D68FFBB4A01F3C31B85.pdf","1.0","2022-09-12T10:20:19Z","fethy.faradji@infopro-digital.com"
"11/09/2026 13:14:12","Documents/partage/$18A3F523161D4E2C88497069AF80C8C4/438245B77AD84F59A6A71441586480B3/E585DB5789EB4F02845C24714A4A23243.doc","1.0","2022-09-12T10:20:19Z","fethy.faradji@infopro-digital.com"
"11/09/2026 13:14:16","Documents/partage/$18A3F523161D4E2C88497069AF80C8C4/438245B77AD84F59A6A71441586480B3/F9FF787C8B474F0D9E2D5AEF82C0FB8C2.doc","1.0","2022-09-12T10:20:19Z","fethy.faradji@infopro-digital.com"
"11/09/2026 13:14:20","Documents/partage/$18A3F523161D4E2C88497069AF80C8C4/438245B77AD84F59A6A71441586480B3/FA368DED63954EE88F193176A5E273464.doc","1.0","2022-09-12T10:20:19Z","fethy.faradji@infopro-digital.com"
"11/09/2026 13:14:24","Documents/partage/$18A3F523161D4E2C88497069AF80C8C4/6A1FC7916C754713AAB28E2E9EBA6D53/0B770CF423D54548B65257513555DC815.pdf","1.0","2022-09-12T10:20:19Z","fethy.faradji@infopro-digital.com"
"11/09/2026 13:14:28","Documents/partage/$18A3F523161D4E2C88497069AF80C8C4/6A1FC7916C754713AAB28E2E9EBA6D53/0CC94159124747C5B6A6195529C29A354.doc","1.0","2022-09-12T10:20:19Z","fethy.faradji@infopro-digital.com"
"11/09/2026 13:14:32","Documents/partage/$18A3F523161D4E2C88497069AF80C8C4/6A1FC7916C754713AAB28E2E9EBA6D53/0E23EAD119E847918FEE82FE76F234191.txt","1.0","2022-09-12T10:20:19Z","fethy.faradji@infopro-digital.com"
"11/09/2026 13:14:36","Documents/partage/$18A3F523161D4E2C88497069AF80C8C4/6A1FC7916C754713AAB28E2E9EBA6D53/16C9CFF844C942A78B86EBB23FABB46E2.txt","1.0","2022-09-12T10:20:19Z","fethy.faradji@infopro-digital.com"
"11/09/2026 13:14:40","Documents/partage/$18A3F523161D4E2C88497069AF80C8C4/6A1FC7916C754713AAB28E2E9EBA6D53/3387F0F1972F48ED86824ECC979E5AC13.txt","1.0","2022-09-12T10:20:19Z","fethy.faradji@infopro-digital.com"
"11/09/2026 13:14:44","Documents/partage/$18A3F523161D4E2C88497069AF80C8C4/6A1FC7916C754713AAB28E2E9EBA6D53/75AD87D776264135BE69575251BB169D5.txt","1.0","2022-09-12T10:20:19Z","fethy.faradji@infopro-digital.com"
"11/09/2026 13:14:48","Documents/partage/$18A3F523161D4E2C88497069AF80C8C4/6A1FC7916C754713AAB28E2E9EBA6D53/76255B196E1F4AE8BA113A4DDBF71B0A1.pdf","1.0","2022-09-12T10:20:19Z","fethy.faradji@infopro-digital.com"
"11/09/2026 13:14:52","Documents/partage/$18A3F523161D4E2C88497069AF80C8C4/6A1FC7916C754713AAB28E2E9EBA6D53/92FC2A9574704858B0398831C4BCE9091.doc","1.0","2022-09-12T10:20:19Z","fethy.faradji@infopro-digital.com"
"11/09/2026 13:14:56","Documents/partage/$18A3F523161D4E2C88497069AF80C8C4/6A1FC7916C754713AAB28E2E9EBA6D53/AC026993CADA4C02ACD1E1F2EC9E664F4.pdf","1.0","2022-09-12T10:20:19Z","fethy.faradji@infopro-digital.com"
"11/09/2026 13:15:00","Documents/partage/$18A3F523161D4E2C88497069AF80C8C4/6A1FC7916C754713AAB28E2E9EBA6D53/BA7E08CFC9644BA5905A36213B368DC62.pdf","1.0","2022-09-12T10:20:19Z","fethy.faradji@infopro-digital.com"
"11/09/2026 13:15:04","Documents/partage/$18A3F523161D4E2C88497069AF80C8C4/6A1FC7916C754713AAB28E2E9EBA6D53/C7EE10450E574FD4BBCECB516E8BCB513.doc","1.0","2022-09-12T10:20:19Z","fethy.faradji@infopro-digital.com"
"11/09/2026 13:15:09","Documents/partage/$18A3F523161D4E2C88497069AF80C8C4/6A1FC7916C754713AAB28E2E9EBA6D53/D2FCA25925224070AC36ECEC2696199F3.pdf","1.0","2022-09-12T10:20:19Z","fethy.faradji@infopro-digital.com"
"11/09/2026 13:15:13","Documents/partage/$18A3F523161D4E2C88497069AF80C8C4/6A1FC7916C754713AAB28E2E9EBA6D53/E44BFB9BA35349D1BCD787B5EE7D86794.txt","1.0","2022-09-12T10:20:19Z","fethy.faradji@infopro-digital.com"
"11/09/2026 13:15:17","Documents/partage/$18A3F523161D4E2C88497069AF80C8C4/6A1FC7916C754713AAB28E2E9EBA6D53/EB20D1A0284A46DE9BA59B092D2323C75.doc","1.0","2022-09-12T10:20:19Z","fethy.faradji@infopro-digital.com"
"11/09/2026 13:15:21","Documents/partage/$18A3F523161D4E2C88497069AF80C8C4/6A1FC7916C754713AAB28E2E9EBA6D53/EFE7BD73540E4160BBF237177C5343292.doc","1.0","2022-09-12T10:20:19Z","fethy.faradji@infopro-digital.com"
"11/09/2026 13:15:26","Documents/partage/$18A3F523161D4E2C88497069AF80C8C4/723349ED700943FCAA5BCF6356E1AE70/1070639260CA4CE6A41C4EBF47E4F2D21.pdf","1.0","2022-09-12T10:20:19Z","fethy.faradji@infopro-digital.com"
"11/09/2026 13:15:30","Documents/partage/$18A3F523161D4E2C88497069AF80C8C4/723349ED700943FCAA5BCF6356E1AE70/29222047751A4D46B083E9C3C78B70DD5.pdf","1.0","2022-09-12T10:20:19Z","fethy.faradji@infopro-digital.com"
"11/09/2026 13:15:34","Documents/partage/$18A3F523161D4E2C88497069AF80C8C4/723349ED700943FCAA5BCF6356E1AE70/2BB1802DABC9498FA4BB1844A92131F41.txt","1.0","2022-09-12T10:20:19Z","fethy.faradji@infopro-digital.com"
"11/09/2026 13:15:38","Documents/partage/$18A3F523161D4E2C88497069AF80C8C4/723349ED700943FCAA5BCF6356E1AE70/2C74DF8821D34D4D9D80F9EA1A7F83FC4.doc","1.0","2022-09-12T10:20:19Z","fethy.faradji@infopro-digital.com"
"11/09/2026 13:15:42","Documents/partage/$18A3F523161D4E2C88497069AF80C8C4/723349ED700943FCAA5BCF6356E1AE70/2FB0C0B6449B41679D3EF62042B689562.pdf","1.0","2022-09-12T10:20:19Z","fethy.faradji@infopro-digital.com"
"11/09/2026 13:15:46","Documents/partage/$18A3F523161D4E2C88497069AF80C8C4/723349ED700943FCAA5BCF6356E1AE70/46039C55FD264565BE02FA6EBD042F8E2.txt","1.0","2022-09-12T10:20:19Z","fethy.faradji@infopro-digital.com"
"11/09/2026 13:15:50","Documents/partage/$18A3F523161D4E2C88497069AF80C8C4/723349ED700943FCAA5BCF6356E1AE70/4A5756D033BD4D16BE14AFC91C28831A4.pdf","1.0","2022-09-12T10:20:19Z","fethy.faradji@infopro-digital.com"
"11/09/2026 13:15:54","Documents/partage/$18A3F523161D4E2C88497069AF80C8C4/723349ED700943FCAA5BCF6356E1AE70/56545FE698844DC8A69F0E4B153CC0232.doc","1.0","2022-09-12T10:20:19Z","fethy.faradji@infopro-digital.com"
"11/09/2026 13:15:58","Documents/partage/$18A3F523161D4E2C88497069AF80C8C4/723349ED700943FCAA5BCF6356E1AE70/5D3AB8E319AD410AB0D5E715AA062F8B3.pdf","1.0","2022-09-12T10:20:19Z","fethy.faradji@infopro-digital.com"
"11/09/2026 13:16:02","Documents/partage/$18A3F523161D4E2C88497069AF80C8C4/723349ED700943FCAA5BCF6356E1AE70/60EAA9A2C3AB42FA89DCFF6CF5E365B35.doc","1.0","2022-09-12T10:20:19Z","fethy.faradji@infopro-digital.com"
"11/09/2026 13:16:07","Documents/partage/$18A3F523161D4E2C88497069AF80C8C4/723349ED700943FCAA5BCF6356E1AE70/8F76686E9F2A45749CA1FFD4647320595.txt","1.0","2022-09-12T10:20:19Z","fethy.faradji@infopro-digital.com"
"11/09/2026 13:16:11","Documents/partage/$18A3F523161D4E2C88497069AF80C8C4/723349ED700943FCAA5BCF6356E1AE70/8F8623A7408549DA8F0B8678F29BC8193.doc","1.0","2022-09-12T10:20:19Z","fethy.faradji@infopro-digital.com"
"11/09/2026 13:16:15","Documents/partage/$18A3F523161D4E2C88497069AF80C8C4/723349ED700943FCAA5BCF6356E1AE70/928EC06E63504C97BC17C8011857DB3F4.txt","1.0","2022-09-12T10:20:19Z","fethy.faradji@infopro-digital.com"
"11/09/2026 13:16:18","Documents/partage/$18A3F523161D4E2C88497069AF80C8C4/723349ED700943FCAA5BCF6356E1AE70/B39BB0A6E0E946BE9F0B2014EFF639E91.doc","1.0","2022-09-12T10:20:19Z","fethy.faradji@infopro-digital.com"
"11/09/2026 13:16:22","Documents/partage/$18A3F523161D4E2C88497069AF80C8C4/723349ED700943FCAA5BCF6356E1AE70/C1DA7AB05C254E88869F15E7935C07613.txt","1.0","2022-09-12T10:20:19Z","fethy.faradji@infopro-digital.com"
"11/09/2026 13:16:27","Documents/partage/$18A3F523161D4E2C88497069AF80C8C4/80BF81DDC0394E80A2611B16493E3631/09E4D93E97FF4236ACAFCBA07D968CB35.txt","1.0","2022-09-12T10:20:19Z","fethy.faradji@infopro-digital.com"
"11/09/2026 13:16:31","Documents/partage/$18A3F523161D4E2C88497069AF80C8C4/80BF81DDC0394E80A2611B16493E3631/129BA2376D8F4498A5F9061714C26D514.pdf","1.0","2022-09-12T10:20:19Z","fethy.faradji@infopro-digital.com"
"11/09/2026 13:16:35","Documents/partage/$18A3F523161D4E2C88497069AF80C8C4/80BF81DDC0394E80A2611B16493E3631/360CAF1AA00143109E1F86411EE4443B2.txt","1.0","2022-09-12T10:20:19Z","fethy.faradji@infopro-digital.com"
"11/09/2026 13:16:39","Documents/partage/$18A3F523161D4E2C88497069AF80C8C4/80BF81DDC0394E80A2611B16493E3631/7301E26ABA46474B8D4C03FF92D9B46D1.doc","1.0","2022-09-12T10:20:19Z","fethy.faradji@infopro-digital.com"
"11/09/2026 13:16:43","Documents/partage/$18A3F523161D4E2C88497069AF80C8C4/80BF81DDC0394E80A2611B16493E3631/79092A1F22854682A6DBF7579ACF75285.pdf","1.0","2022-09-12T10:20:19Z","fethy.faradji@infopro-digital.com"
"11/09/2026 13:16:47","Documents/partage/$18A3F523161D4E2C88497069AF80C8C4/80BF81DDC0394E80A2611B16493E3631/793142C956064DA89A959C554D140FEF2.pdf","1.0","2022-09-12T10:20:19Z","fethy.faradji@infopro-digital.com"
"11/09/2026 13:16:51","Documents/partage/$18A3F523161D4E2C88497069AF80C8C4/80BF81DDC0394E80A2611B16493E3631/97F66EE3E27E4AFC8308B4B6FB380CBC1.txt","1.0","2022-09-12T10:20:19Z","fethy.faradji@infopro-digital.com"
"11/09/2026 13:16:55","Documents/partage/$18A3F523161D4E2C88497069AF80C8C4/80BF81DDC0394E80A2611B16493E3631/A192DFEE16FA49C594BA102BCE9954D54.doc","1.0","2022-09-12T10:20:19Z","fethy.faradji@infopro-digital.com"
"11/09/2026 13:16:59","Documents/partage/$18A3F523161D4E2C88497069AF80C8C4/80BF81DDC0394E80A2611B16493E3631/ABD46972674942598AA7ECB5F6E87D7B4.txt","1.0","2022-09-12T10:20:19Z","fethy.faradji@infopro-digital.com"
"11/09/2026 13:17:03","Documents/partage/$18A3F523161D4E2C88497069AF80C8C4/80BF81DDC0394E80A2611B16493E3631/CB7F8B1762BF4BA892119B3D4AD461261.pdf","1.0","2022-09-12T10:20:19Z","fethy.faradji@infopro-digital.com"
"11/09/2026 13:17:07","Documents/partage/$18A3F523161D4E2C88497069AF80C8C4/80BF81DDC0394E80A2611B16493E3631/D533662571A64BA6BC07245395E2A9BE5.doc","1.0","2022-09-12T10:20:19Z","fethy.faradji@infopro-digital.com"
"11/09/2026 13:17:11","Documents/partage/$18A3F523161D4E2C88497069AF80C8C4/80BF81DDC0394E80A2611B16493E3631/EABB3299EBA949268382214624EEF9AC3.doc","1.0","2022-09-12T10:20:19Z","fethy.faradji@infopro-digital.com"
"11/09/2026 13:17:15","Documents/partage/$18A3F523161D4E2C88497069AF80C8C4/80BF81DDC0394E80A2611B16493E3631/EFD95341E85E47B9B82CB559D6BA0F6F3.pdf","1.0","2022-09-12T10:20:19Z","fethy.faradji@infopro-digital.com"
"11/09/2026 13:17:19","Documents/partage/$18A3F523161D4E2C88497069AF80C8C4/80BF81DDC0394E80A2611B16493E3631/F2237EF5C2BB449BB1B93FFF58BA13793.txt","1.0","2022-09-12T10:20:19Z","fethy.faradji@infopro-digital.com"
"11/09/2026 13:17:23","Documents/partage/$18A3F523161D4E2C88497069AF80C8C4/80BF81DDC0394E80A2611B16493E3631/F290230B424B474594BA56C7381869432.doc","1.0","2022-09-12T10:20:19Z","fethy.faradji@infopro-digital.com"
"11/09/2026 13:17:27","Documents/partage/$18A3F523161D4E2C88497069AF80C8C4/8D5AC0D39B2E4F33885B2DAB07D9D432/0FB93CF36FDD4A8282AC360727BCEC262.pdf","1.0","2022-09-12T10:20:19Z","fethy.faradji@infopro-digital.com"
"11/09/2026 13:17:31","Documents/partage/$18A3F523161D4E2C88497069AF80C8C4/8D5AC0D39B2E4F33885B2DAB07D9D432/37452795EA2B4A23B2196076A454296B4.txt","1.0","2022-09-12T10:20:19Z","fethy.faradji@infopro-digital.com"
"11/09/2026 13:17:35","Documents/partage/$18A3F523161D4E2C88497069AF80C8C4/8D5AC0D39B2E4F33885B2DAB07D9D432/3838ABF9C043418D8478772DD9B002035.doc","1.0","2022-09-12T10:20:19Z","fethy.faradji@infopro-digital.com"
"11/09/2026 13:17:39","Documents/partage/$18A3F523161D4E2C88497069AF80C8C4/8D5AC0D39B2E4F33885B2DAB07D9D432/3EC14BA7296A4622A6B6B0ED838A7C8D1.doc","1.0","2022-09-12T10:20:19Z","fethy.faradji@infopro-digital.com"
"11/09/2026 13:17:43","Documents/partage/$18A3F523161D4E2C88497069AF80C8C4/8D5AC0D39B2E4F33885B2DAB07D9D432/3F4BBE503EB14D5E8E1F38A9F064DB414.pdf","1.0","2022-09-12T10:20:19Z","fethy.faradji@infopro-digital.com"
"11/09/2026 13:17:48","Documents/partage/$18A3F523161D4E2C88497069AF80C8C4/8D5AC0D39B2E4F33885B2DAB07D9D432/4676AB66E4FB413595E947827AE7369D3.doc","1.0","2022-09-12T10:20:19Z","fethy.faradji@infopro-digital.com"
"11/09/2026 13:17:52","Documents/partage/$18A3F523161D4E2C88497069AF80C8C4/8D5AC0D39B2E4F33885B2DAB07D9D432/4B04D34F73764B508091D87A254A90A63.pdf","1.0","2022-09-12T10:20:19Z","fethy.faradji@infopro-digital.com"
"11/09/2026 13:17:56","Documents/partage/$18A3F523161D4E2C88497069AF80C8C4/8D5AC0D39B2E4F33885B2DAB07D9D432/5718304B35DE49EEBFCEDA7B77C314BB1.pdf","1.0","2022-09-12T10:20:19Z","fethy.faradji@infopro-digital.com"
"11/09/2026 13:18:00","Documents/partage/$18A3F523161D4E2C88497069AF80C8C4/8D5AC0D39B2E4F33885B2DAB07D9D432/59ACA7AE5B7F498B85C149935D4F7A6A5.pdf","1.0","2022-09-12T10:20:19Z","fethy.faradji@infopro-digital.com"
"11/09/2026 13:18:04","Documents/partage/$18A3F523161D4E2C88497069AF80C8C4/8D5AC0D39B2E4F33885B2DAB07D9D432/739662EE56B747A1B7165DEDAFAC95875.txt","1.0","2022-09-12T10:20:19Z","fethy.faradji@infopro-digital.com"
"11/09/2026 13:18:08","Documents/partage/$18A3F523161D4E2C88497069AF80C8C4/8D5AC0D39B2E4F33885B2DAB07D9D432/A345D225A9244E2F8CA5513F840073004.doc","1.0","2022-09-12T10:20:19Z","fethy.faradji@infopro-digital.com"
"11/09/2026 13:18:12","Documents/partage/$18A3F523161D4E2C88497069AF80C8C4/8D5AC0D39B2E4F33885B2DAB07D9D432/A5619992D0C14BDCAA0356D98B5CCC3D3.txt","1.0","2022-09-12T10:20:19Z","fethy.faradji@infopro-digital.com"
"11/09/2026 13:18:16","Documents/partage/$18A3F523161D4E2C88497069AF80C8C4/8D5AC0D39B2E4F33885B2DAB07D9D432/CD851D97CA8845EF88C32A089E0F594C2.txt","1.0","2022-09-12T10:20:19Z","fethy.faradji@infopro-digital.com"
"11/09/2026 13:18:20","Documents/partage/$18A3F523161D4E2C88497069AF80C8C4/8D5AC0D39B2E4F33885B2DAB07D9D432/DF5AB88D687F4B5ABFC5738B4D8642592.doc","1.0","2022-09-12T10:20:19Z","fethy.faradji@infopro-digital.com"
"11/09/2026 13:18:24","Documents/partage/$18A3F523161D4E2C88497069AF80C8C4/8D5AC0D39B2E4F33885B2DAB07D9D432/F3DD87D420C1444999C9EFDEADD1398B1.txt","1.0","2022-09-12T10:20:19Z","fethy.faradji@infopro-digital.com"
"11/09/2026 13:18:29","Documents/partage/$18A3F523161D4E2C88497069AF80C8C4/95697C69CD94415FBC9559EE440FEE47/17092DA75ACC4CAC99E5017ECD8AB7B22.doc","1.0","2022-09-12T10:20:19Z","fethy.faradji@infopro-digital.com"
"11/09/2026 13:18:32","Documents/partage/$18A3F523161D4E2C88497069AF80C8C4/95697C69CD94415FBC9559EE440FEE47/27AD41A739354CE9A86232D44FE9571B2.pdf","1.0","2022-09-12T10:20:19Z","fethy.faradji@infopro-digital.com"
"11/09/2026 13:18:36","Documents/partage/$18A3F523161D4E2C88497069AF80C8C4/95697C69CD94415FBC9559EE440FEE47/3F1D33EFDE394D07A94619A31950F0615.txt","1.0","2022-09-12T10:20:19Z","fethy.faradji@infopro-digital.com"
"11/09/2026 13:18:40","Documents/partage/$18A3F523161D4E2C88497069AF80C8C4/95697C69CD94415FBC9559EE440FEE47/5E56A572D9CB424F8E882B7436B573831.doc","1.0","2022-09-12T10:20:19Z","fethy.faradji@infopro-digital.com"
"11/09/2026 13:18:45","Documents/partage/$18A3F523161D4E2C88497069AF80C8C4/95697C69CD94415FBC9559EE440FEE47/69F804241A1941D2A4A4758491F105363.doc","1.0","2022-09-12T10:20:19Z","fethy.faradji@infopro-digital.com"
"11/09/2026 13:18:49","Documents/partage/$18A3F523161D4E2C88497069AF80C8C4/95697C69CD94415FBC9559EE440FEE47/7AF395D3413F4802BC0B29524C6AA77A4.txt","1.0","2022-09-12T10:20:19Z","fethy.faradji@infopro-digital.com"
"11/09/2026 13:18:53","Documents/partage/$18A3F523161D4E2C88497069AF80C8C4/95697C69CD94415FBC9559EE440FEE47/7C581FE7729F492083894604C56F79BE1.txt","1.0","2022-09-12T10:20:19Z","fethy.faradji@infopro-digital.com"
"11/09/2026 13:18:58","Documents/partage/$18A3F523161D4E2C88497069AF80C8C4/95697C69CD94415FBC9559EE440FEE47/969F89F971734B81B03C7AFA0897AF154.pdf","1.0","2022-09-12T10:20:19Z","fethy.faradji@infopro-digital.com"
"11/09/2026 13:19:02","Documents/partage/$18A3F523161D4E2C88497069AF80C8C4/95697C69CD94415FBC9559EE440FEE47/A714F1EF91D24961A4D9021EBFD6664F4.doc","1.0","2022-09-12T10:20:19Z","fethy.faradji@infopro-digital.com"
"11/09/2026 13:19:06","Documents/partage/$18A3F523161D4E2C88497069AF80C8C4/95697C69CD94415FBC9559EE440FEE47/C818400FD9284ADF8745517AC0768BFF5.pdf","1.0","2022-09-12T10:20:19Z","fethy.faradji@infopro-digital.com"
"11/09/2026 13:19:10","Documents/partage/$18A3F523161D4E2C88497069AF80C8C4/95697C69CD94415FBC9559EE440FEE47/CE9209CFCC79450EA04AF711A812365F2.txt","1.0","2022-09-12T10:20:19Z","fethy.faradji@infopro-digital.com"
"11/09/2026 13:19:15","Documents/partage/$18A3F523161D4E2C88497069AF80C8C4/95697C69CD94415FBC9559EE440FEE47/ECABB67DD0674BF2B8366A447BD396E93.txt","1.0","2022-09-12T10:20:19Z","fethy.faradji@infopro-digital.com"
"11/09/2026 13:19:19","Documents/partage/$18A3F523161D4E2C88497069AF80C8C4/95697C69CD94415FBC9559EE440FEE47/EF9CE4C9D2DF4C8C97ADF6567077E5DD5.doc","1.0","2022-09-12T10:20:19Z","fethy.faradji@infopro-digital.com"
"11/09/2026 13:19:23","Documents/partage/$18A3F523161D4E2C88497069AF80C8C4/95697C69CD94415FBC9559EE440FEE47/F653B6D43D1F4A3FAD6B51B49097DD5E3.pdf","1.0","2022-09-12T10:20:19Z","fethy.faradji@infopro-digital.com"
"11/09/2026 13:19:26","Documents/partage/$18A3F523161D4E2C88497069AF80C8C4/95697C69CD94415FBC9559EE440FEE47/FB790FC6656141689501FBE8D78E651D1.pdf","1.0","2022-09-12T10:20:19Z","fethy.faradji@infopro-digital.com"
"11/09/2026 13:19:30","Documents/partage/$18A3F523161D4E2C88497069AF80C8C4/A9D1F47EE27749F8A0259E885BDAD863/098B452E0210431AA2B1A2396CEC8A905.pdf","1.0","2022-09-12T10:20:19Z","fethy.faradji@infopro-digital.com"
"11/09/2026 13:19:34","Documents/partage/$18A3F523161D4E2C88497069AF80C8C4/A9D1F47EE27749F8A0259E885BDAD863/1C262AB0753C464D94E18FFC3AFB8B514.doc","1.0","2022-09-12T10:20:19Z","fethy.faradji@infopro-digital.com"
"11/09/2026 13:19:38","Documents/partage/$18A3F523161D4E2C88497069AF80C8C4/A9D1F47EE27749F8A0259E885BDAD863/3F3C433CADA94800BB9EB500B550554D1.txt","1.0","2022-09-12T10:20:19Z","fethy.faradji@infopro-digital.com"
"11/09/2026 13:19:42","Documents/partage/$18A3F523161D4E2C88497069AF80C8C4/A9D1F47EE27749F8A0259E885BDAD863/468E79A05BC34842A821C93E12F4E0072.doc","1.0","2022-09-12T10:20:19Z","fethy.faradji@infopro-digital.com"
"11/09/2026 13:19:46","Documents/partage/$18A3F523161D4E2C88497069AF80C8C4/A9D1F47EE27749F8A0259E885BDAD863/8E20DD4F54354C59840634C6033094974.pdf","1.0","2022-09-12T10:20:19Z","fethy.faradji@infopro-digital.com"
"11/09/2026 13:19:51","Documents/partage/$18A3F523161D4E2C88497069AF80C8C4/A9D1F47EE27749F8A0259E885BDAD863/9F7ACFFE3AFD47E7B3D193B26DF36E573.doc","1.0","2022-09-12T10:20:19Z","fethy.faradji@infopro-digital.com"
"11/09/2026 13:19:55","Documents/partage/$18A3F523161D4E2C88497069AF80C8C4/A9D1F47EE27749F8A0259E885BDAD863/A06DB41CEB564E8C9CF40FD7F172C7FE1.pdf","1.0","2022-09-12T10:20:19Z","fethy.faradji@infopro-digital.com"
"11/09/2026 13:20:01","Documents/partage/$18A3F523161D4E2C88497069AF80C8C4/A9D1F47EE27749F8A0259E885BDAD863/A87A7644CED64F1D82C889069A1A65A63.pdf","1.0","2022-09-12T10:20:19Z","fethy.faradji@infopro-digital.com"
"11/09/2026 13:20:05","Documents/partage/$18A3F523161D4E2C88497069AF80C8C4/A9D1F47EE27749F8A0259E885BDAD863/B361EFB0835D40C58203914787FDB1042.pdf","1.0","2022-09-12T10:20:19Z","fethy.faradji@infopro-digital.com"
"11/09/2026 13:20:10","Documents/partage/$18A3F523161D4E2C88497069AF80C8C4/A9D1F47EE27749F8A0259E885BDAD863/B9A2E8B89B62439EA77027F406A839242.txt","1.0","2022-09-12T10:20:19Z","fethy.faradji@infopro-digital.com"
"11/09/2026 13:20:14","Documents/partage/$18A3F523161D4E2C88497069AF80C8C4/A9D1F47EE27749F8A0259E885BDAD863/CFA978B23FAE459599EDD8963146376C3.txt","1.0","2022-09-12T10:20:19Z","fethy.faradji@infopro-digital.com"
"11/09/2026 13:20:18","Documents/partage/$18A3F523161D4E2C88497069AF80C8C4/A9D1F47EE27749F8A0259E885BDAD863/D2232336A5084BD9A44CAD3ECD8505885.doc","1.0","2022-09-12T10:20:19Z","fethy.faradji@infopro-digital.com"
"11/09/2026 13:20:22","Documents/partage/$18A3F523161D4E2C88497069AF80C8C4/A9D1F47EE27749F8A0259E885BDAD863/E1FB3C9FDA9944FA98C368D2E561BBA85.txt","1.0","2022-09-12T10:20:19Z","fethy.faradji@infopro-digital.com"
"11/09/2026 13:20:27","Documents/partage/$18A3F523161D4E2C88497069AF80C8C4/A9D1F47EE27749F8A0259E885BDAD863/FB486741D5A94A998FC40361F43532651.doc","1.0","2022-09-12T10:20:19Z","fethy.faradji@infopro-digital.com"
"11/09/2026 13:20:31","Documents/partage/$18A3F523161D4E2C88497069AF80C8C4/A9D1F47EE27749F8A0259E885BDAD863/FC46E47608724C95A034B6945FFC941C4.txt","1.0","2022-09-12T10:20:19Z","fethy.faradji@infopro-digital.com"
"11/09/2026 13:20:35","Documents/partage/$18A3F523161D4E2C88497069AF80C8C4/AF19E45076734C748FF9141621793350/011319C181A94C959764235A3C68825B1.doc","1.0","2022-09-12T10:20:19Z","fethy.faradji@infopro-digital.com"
"11/09/2026 13:20:41","Documents/partage/$18A3F523161D4E2C88497069AF80C8C4/AF19E45076734C748FF9141621793350/0315B3D2C5B3465481722BED22E0950E5.doc","1.0","2022-09-12T10:20:19Z","fethy.faradji@infopro-digital.com"
"11/09/2026 13:20:45","Documents/partage/$18A3F523161D4E2C88497069AF80C8C4/AF19E45076734C748FF9141621793350/1506710948E44DCC9455E8BFEDA58C031.txt","1.0","2022-09-12T10:20:19Z","fethy.faradji@infopro-digital.com"
"11/09/2026 13:20:49","Documents/partage/$18A3F523161D4E2C88497069AF80C8C4/AF19E45076734C748FF9141621793350/15EE12B7C93A461998C10E512DF6961E3.txt","1.0","2022-09-12T10:20:19Z","fethy.faradji@infopro-digital.com"
"11/09/2026 13:20:54","Documents/partage/$18A3F523161D4E2C88497069AF80C8C4/AF19E45076734C748FF9141621793350/1B6661C113DF4C6A9E5D8FD5612FBBF05.txt","1.0","2022-09-12T10:20:19Z","fethy.faradji@infopro-digital.com"
"11/09/2026 13:20:58","Documents/partage/$18A3F523161D4E2C88497069AF80C8C4/AF19E45076734C748FF9141621793350/1F034E54521A4E8D8A6A9FDD37A7E4454.pdf","1.0","2022-09-12T10:20:19Z","fethy.faradji@infopro-digital.com"
"11/09/2026 13:21:02","Documents/partage/$18A3F523161D4E2C88497069AF80C8C4/AF19E45076734C748FF9141621793350/224062EB9513407E8D83225FEA8A115A4.doc","1.0","2022-09-12T10:20:19Z","fethy.faradji@infopro-digital.com"
"11/09/2026 13:21:07","Documents/partage/$18A3F523161D4E2C88497069AF80C8C4/AF19E45076734C748FF9141621793350/51ADCCC80BA94666A871EC24F77B84415.pdf","1.0","2022-09-12T10:20:19Z","fethy.faradji@infopro-digital.com"
"11/09/2026 13:21:11","Documents/partage/$18A3F523161D4E2C88497069AF80C8C4/AF19E45076734C748FF9141621793350/6794D48B04A848CD9C0C8D0A306838301.pdf","1.0","2022-09-12T10:20:19Z","fethy.faradji@infopro-digital.com"
"11/09/2026 13:21:15","Documents/partage/$18A3F523161D4E2C88497069AF80C8C4/AF19E45076734C748FF9141621793350/7E0EF94BE83542AFB37E60B292BB961E2.doc","1.0","2022-09-12T10:20:19Z","fethy.faradji@infopro-digital.com"
"11/09/2026 13:21:19","Documents/partage/$18A3F523161D4E2C88497069AF80C8C4/AF19E45076734C748FF9141621793350/81A4762B66634B4DBF8ED400CD3E51802.pdf","1.0","2022-09-12T10:20:19Z","fethy.faradji@infopro-digital.com"
"11/09/2026 13:21:24","Documents/partage/$18A3F523161D4E2C88497069AF80C8C4/AF19E45076734C748FF9141621793350/A4444A41B951420A8C5DD2FDB4ED07CC2.txt","1.0","2022-09-12T10:20:19Z","fethy.faradji@infopro-digital.com"
"11/09/2026 13:21:29","Documents/partage/$18A3F523161D4E2C88497069AF80C8C4/AF19E45076734C748FF9141621793350/A6DD4CA1217C4422A1B3A9E84FABAA493.doc","1.0","2022-09-12T10:20:19Z","fethy.faradji@infopro-digital.com"
"11/09/2026 13:21:33","Documents/partage/$18A3F523161D4E2C88497069AF80C8C4/AF19E45076734C748FF9141621793350/B538EB98B02E4A83971C830A28EFC0334.txt","1.0","2022-09-12T10:20:19Z","fethy.faradji@infopro-digital.com"
"11/09/2026 13:21:38","Documents/partage/$18A3F523161D4E2C88497069AF80C8C4/AF19E45076734C748FF9141621793350/CF7EA5F58B684940881D2FCB0EA90B043.pdf","1.0","2022-09-12T10:20:19Z","fethy.faradji@infopro-digital.com"
"11/09/2026 13:21:42","Documents/partage/$18A3F523161D4E2C88497069AF80C8C4/C682A7D1589C4150AB5CD1E87DA72F47/015312E1D3C24B2792957AFE0BAB0B102.doc","1.0","2022-09-12T10:20:19Z","fethy.faradji@infopro-digital.com"
"11/09/2026 13:21:46","Documents/partage/$18A3F523161D4E2C88497069AF80C8C4/C682A7D1589C4150AB5CD1E87DA72F47/0CF16AC38C5543FD9057B41E217DD3B95.doc","1.0","2022-09-12T10:20:19Z","fethy.faradji@infopro-digital.com"
"11/09/2026 13:21:51","Documents/partage/$18A3F523161D4E2C88497069AF80C8C4/C682A7D1589C4150AB5CD1E87DA72F47/32D8AE8850DE4FAC9B162308D3DC443C3.txt","1.0","2022-09-12T10:20:19Z","fethy.faradji@infopro-digital.com"
"11/09/2026 13:21:56","Documents/partage/$18A3F523161D4E2C88497069AF80C8C4/C682A7D1589C4150AB5CD1E87DA72F47/34C961DBFD8846DFA7976CA77A44ABE04.doc","1.0","2022-09-12T10:20:19Z","fethy.faradji@infopro-digital.com"
"11/09/2026 13:22:01","Documents/partage/$18A3F523161D4E2C88497069AF80C8C4/C682A7D1589C4150AB5CD1E87DA72F47/3800686A0A4344E48292DF8D377BBF005.txt","1.0","2022-09-12T10:20:19Z","fethy.faradji@infopro-digital.com"
"11/09/2026 13:22:05","Documents/partage/$18A3F523161D4E2C88497069AF80C8C4/C682A7D1589C4150AB5CD1E87DA72F47/39DEE2597CEF42C4BA3D307FF787F78D3.pdf","1.0","2022-09-12T10:20:19Z","fethy.faradji@infopro-digital.com"
"11/09/2026 13:22:10","Documents/partage/$18A3F523161D4E2C88497069AF80C8C4/C682A7D1589C4150AB5CD1E87DA72F47/4432AE98E12648348938F7803A7D93265.pdf","1.0","2022-09-12T10:20:19Z","fethy.faradji@infopro-digital.com"
"11/09/2026 13:22:14","Documents/partage/$18A3F523161D4E2C88497069AF80C8C4/C682A7D1589C4150AB5CD1E87DA72F47/450DBA94AC9A4A2E8451E349FC0E9D7B3.doc","1.0","2022-09-12T10:20:19Z","fethy.faradji@infopro-digital.com"
"11/09/2026 13:22:18","Documents/partage/$18A3F523161D4E2C88497069AF80C8C4/C682A7D1589C4150AB5CD1E87DA72F47/6E37B4FED90248B286642C75742095A01.doc","1.0","2022-09-12T10:20:19Z","fethy.faradji@infopro-digital.com"
"11/09/2026 13:22:22","Documents/partage/$18A3F523161D4E2C88497069AF80C8C4/C682A7D1589C4150AB5CD1E87DA72F47/7975818A079D46E1A340D2DEF1F8BDEB1.pdf","1.0","2022-09-12T10:20:19Z","fethy.faradji@infopro-digital.com"
"11/09/2026 13:22:27","Documents/partage/$18A3F523161D4E2C88497069AF80C8C4/C682A7D1589C4150AB5CD1E87DA72F47/8125E031217A47799451792F7110E9D62.txt","1.0","2022-09-12T10:20:19Z","fethy.faradji@infopro-digital.com"
"11/09/2026 13:22:31","Documents/partage/$18A3F523161D4E2C88497069AF80C8C4/C682A7D1589C4150AB5CD1E87DA72F47/86B9AED6D12A442BA8423A3ECCDF07F61.txt","1.0","2022-09-12T10:20:19Z","fethy.faradji@infopro-digital.com"
"11/09/2026 13:22:36","Documents/partage/$18A3F523161D4E2C88497069AF80C8C4/C682A7D1589C4150AB5CD1E87DA72F47/AA0D9323E1104A978F2B74CB566C79F82.pdf","1.0","2022-09-12T10:20:19Z","fethy.faradji@infopro-digital.com"
"11/09/2026 13:22:41","Documents/partage/$18A3F523161D4E2C88497069AF80C8C4/C682A7D1589C4150AB5CD1E87DA72F47/B10E5FA5094A45448E745B79EFD339704.pdf","1.0","2022-09-12T10:20:19Z","fethy.faradji@infopro-digital.com"
"11/09/2026 13:22:45","Documents/partage/$18A3F523161D4E2C88497069AF80C8C4/C682A7D1589C4150AB5CD1E87DA72F47/B32E2888A76047B4B6219041C184B1B84.txt","1.0","2022-09-12T10:20:19Z","fethy.faradji@infopro-digital.com"
"11/09/2026 13:22:50","Documents/partage/$18A3F523161D4E2C88497069AF80C8C4/DFA6F7C96B9F4504AD20605B9F90D3FD/055ACF7DFC5545EE973D60E96BF342262.txt","1.0","2022-09-12T10:20:19Z","fethy.faradji@infopro-digital.com"
"11/09/2026 13:22:54","Documents/partage/$18A3F523161D4E2C88497069AF80C8C4/DFA6F7C96B9F4504AD20605B9F90D3FD/083AD70A3A0646C587C06F4E5895D2223.doc","1.0","2022-09-12T10:20:19Z","fethy.faradji@infopro-digital.com"
"11/09/2026 13:22:59","Documents/partage/$18A3F523161D4E2C88497069AF80C8C4/DFA6F7C96B9F4504AD20605B9F90D3FD/10B67452B7064B67ADFD4AEB489F9A9B5.pdf","1.0","2022-09-12T10:20:19Z","fethy.faradji@infopro-digital.com"
"11/09/2026 13:23:04","Documents/partage/$18A3F523161D4E2C88497069AF80C8C4/DFA6F7C96B9F4504AD20605B9F90D3FD/2C5B0596582A45EAB05184C3ACA1F6891.doc","1.0","2022-09-12T10:20:19Z","fethy.faradji@infopro-digital.com"
"11/09/2026 13:23:09","Documents/partage/$18A3F523161D4E2C88497069AF80C8C4/DFA6F7C96B9F4504AD20605B9F90D3FD/32B1DBF3F28643458C736B0170AE16065.txt","1.0","2022-09-12T10:20:19Z","fethy.faradji@infopro-digital.com"
"11/09/2026 13:23:13","Documents/partage/$18A3F523161D4E2C88497069AF80C8C4/DFA6F7C96B9F4504AD20605B9F90D3FD/3B9E5CF394474E47A76CC1E8BC610CAA2.doc","1.0","2022-09-12T10:20:19Z","fethy.faradji@infopro-digital.com"
"11/09/2026 13:23:17","Documents/partage/$18A3F523161D4E2C88497069AF80C8C4/DFA6F7C96B9F4504AD20605B9F90D3FD/4AEC74FFD608463B90DF069218A6A5A85.doc","1.0","2022-09-12T10:20:19Z","fethy.faradji@infopro-digital.com"
"11/09/2026 13:23:22","Documents/partage/$18A3F523161D4E2C88497069AF80C8C4/DFA6F7C96B9F4504AD20605B9F90D3FD/5858C7EE9FFE48FDA20AF4ED45F85CD32.pdf","1.0","2022-09-12T10:20:19Z","fethy.faradji@infopro-digital.com"
"11/09/2026 13:23:27","Documents/partage/$18A3F523161D4E2C88497069AF80C8C4/DFA6F7C96B9F4504AD20605B9F90D3FD/70ECD97D13854BDDB34AECC6376B74984.txt","1.0","2022-09-12T10:20:19Z","fethy.faradji@infopro-digital.com"
"11/09/2026 13:23:31","Documents/partage/$18A3F523161D4E2C88497069AF80C8C4/DFA6F7C96B9F4504AD20605B9F90D3FD/73973D53659643A6B828EEF5AAF0DEC14.pdf","1.0","2022-09-12T10:20:19Z","fethy.faradji@infopro-digital.com"
"11/09/2026 13:23:35","Documents/partage/$18A3F523161D4E2C88497069AF80C8C4/DFA6F7C96B9F4504AD20605B9F90D3FD/9E9F4D8D9CD4452EAA461F7D0A0D50B84.doc","1.0","2022-09-12T10:20:19Z","fethy.faradji@infopro-digital.com"
"11/09/2026 13:23:40","Documents/partage/$18A3F523161D4E2C88497069AF80C8C4/DFA6F7C96B9F4504AD20605B9F90D3FD/AFF4A0A6C15748078AFF46B346352ED23.txt","1.0","2022-09-12T10:20:19Z","fethy.faradji@infopro-digital.com"
"11/09/2026 13:23:45","Documents/partage/$18A3F523161D4E2C88497069AF80C8C4/DFA6F7C96B9F4504AD20605B9F90D3FD/E5BB8F22C51245B1BD997FE75BE1F5FD1.txt","1.0","2022-09-12T10:20:19Z","fethy.faradji@infopro-digital.com"
"11/09/2026 13:23:50","Documents/partage/$18A3F523161D4E2C88497069AF80C8C4/DFA6F7C96B9F4504AD20605B9F90D3FD/E758CF7B7CA14FD2915A93FE042B54FD1.pdf","1.0","2022-09-12T10:20:19Z","fethy.faradji@infopro-digital.com"
"11/09/2026 13:23:54","Documents/partage/$18A3F523161D4E2C88497069AF80C8C4/DFA6F7C96B9F4504AD20605B9F90D3FD/FBD61F8233BD4F8BA198CBDA471E13F43.pdf","1.0","2022-09-12T10:20:19Z","fethy.faradji@infopro-digital.com"
"11/09/2026 13:23:58","Documents/partage/$18A3F523161D4E2C88497069AF80C8C4/E4733318E2494977866895D81F25D12C/2111321DCC0C4B748E674BC1A4B3B46E5.txt","1.0","2022-09-12T10:20:19Z","fethy.faradji@infopro-digital.com"
"11/09/2026 13:24:03","Documents/partage/$18A3F523161D4E2C88497069AF80C8C4/E4733318E2494977866895D81F25D12C/21AC2070C2B846C78A1C35573E5CF6831.doc","1.0","2022-09-12T10:20:19Z","fethy.faradji@infopro-digital.com"
"11/09/2026 13:24:07","Documents/partage/$18A3F523161D4E2C88497069AF80C8C4/E4733318E2494977866895D81F25D12C/4B5329168F6D43AF8FDBD105351079025.pdf","1.0","2022-09-12T10:20:19Z","fethy.faradji@infopro-digital.com"
"11/09/2026 13:24:11","Documents/partage/$18A3F523161D4E2C88497069AF80C8C4/E4733318E2494977866895D81F25D12C/50263ECECF8A4CCFBF14DF1DF4E5520D3.txt","1.0","2022-09-12T10:20:19Z","fethy.faradji@infopro-digital.com"
"11/09/2026 13:24:15","Documents/partage/$18A3F523161D4E2C88497069AF80C8C4/E4733318E2494977866895D81F25D12C/52F17696A1A54B91AD0DBA14DA0196141.pdf","1.0","2022-09-12T10:20:19Z","fethy.faradji@infopro-digital.com"
"11/09/2026 13:24:19","Documents/partage/$18A3F523161D4E2C88497069AF80C8C4/E4733318E2494977866895D81F25D12C/563D2C7E09804094BB62FD618747BF924.pdf","1.0","2022-09-12T10:20:19Z","fethy.faradji@infopro-digital.com"
"11/09/2026 13:24:23","Documents/partage/$18A3F523161D4E2C88497069AF80C8C4/E4733318E2494977866895D81F25D12C/5A3EF28D3D2240ABBE38191F628C7AE23.pdf","1.0","2022-09-12T10:20:19Z","fethy.faradji@infopro-digital.com"
"11/09/2026 13:24:28","Documents/partage/$18A3F523161D4E2C88497069AF80C8C4/E4733318E2494977866895D81F25D12C/99B32845A69D493BB17A93CED2BA23225.doc","1.0","2022-09-12T10:20:19Z","fethy.faradji@infopro-digital.com"
"11/09/2026 13:24:32","Documents/partage/$18A3F523161D4E2C88497069AF80C8C4/E4733318E2494977866895D81F25D12C/ABF73020C5BF4CD788C1DE887F5BD9602.pdf","1.0","2022-09-12T10:20:19Z","fethy.faradji@infopro-digital.com"
"11/09/2026 13:24:37","Documents/partage/$18A3F523161D4E2C88497069AF80C8C4/E4733318E2494977866895D81F25D12C/CD6924A8CD74482B97A7CC15C63AE4544.txt","1.0","2022-09-12T10:20:19Z","fethy.faradji@infopro-digital.com"
"11/09/2026 13:24:41","Documents/partage/$18A3F523161D4E2C88497069AF80C8C4/E4733318E2494977866895D81F25D12C/D41BD885A5EC44168AC46457496D25893.doc","1.0","2022-09-12T10:20:19Z","fethy.faradji@infopro-digital.com"
"11/09/2026 13:24:46","Documents/partage/$18A3F523161D4E2C88497069AF80C8C4/E4733318E2494977866895D81F25D12C/E19CA88DEBB74ED78D843E5E47E4CAF22.doc","1.0","2022-09-12T10:20:19Z","fethy.faradji@infopro-digital.com"
"11/09/2026 13:24:50","Documents/partage/$18A3F523161D4E2C88497069AF80C8C4/E4733318E2494977866895D81F25D12C/E1B62D7CE2B8477096EEA2D8BF0012F64.doc","1.0","2022-09-12T10:20:19Z","fethy.faradji@infopro-digital.com"
"11/09/2026 13:24:54","Documents/partage/$18A3F523161D4E2C88497069AF80C8C4/E4733318E2494977866895D81F25D12C/EF39D6F9791E4B2583C070680117792D1.txt","1.0","2022-09-12T10:20:19Z","fethy.faradji@infopro-digital.com"
"11/09/2026 13:24:58","Documents/partage/$18A3F523161D4E2C88497069AF80C8C4/E4733318E2494977866895D81F25D12C/F50669A8F62749F1BB994F31E6BB17962.txt","1.0","2022-09-12T10:20:19Z","fethy.faradji@infopro-digital.com"
"11/09/2026 13:25:02","Documents/partage/$18A3F523161D4E2C88497069AF80C8C4/F5EED317F21E4B5FB99A533CF0A86F6C/013FD52B4EAE411F9489E6CF2BA4FDA54.pdf","1.0","2022-09-12T10:20:19Z","fethy.faradji@infopro-digital.com"
"11/09/2026 13:25:06","Documents/partage/$18A3F523161D4E2C88497069AF80C8C4/F5EED317F21E4B5FB99A533CF0A86F6C/0E85423C76544549903DA92179F85AB54.doc","1.0","2022-09-12T10:20:19Z","fethy.faradji@infopro-digital.com"
"11/09/2026 13:25:10","Documents/partage/$18A3F523161D4E2C88497069AF80C8C4/F5EED317F21E4B5FB99A533CF0A86F6C/121C6C94EB3A41D48BB5FAB37F7205C72.txt","1.0","2022-09-12T10:20:19Z","fethy.faradji@infopro-digital.com"
"11/09/2026 13:25:15","Documents/partage/$18A3F523161D4E2C88497069AF80C8C4/F5EED317F21E4B5FB99A533CF0A86F6C/47D668B19183480F84B6924709F3C1563.doc","1.0","2022-09-12T10:20:19Z","fethy.faradji@infopro-digital.com"
"11/09/2026 13:25:19","Documents/partage/$18A3F523161D4E2C88497069AF80C8C4/F5EED317F21E4B5FB99A533CF0A86F6C/5265982989CF4B2B8F58258AD8B80FD93.txt","1.0","2022-09-12T10:20:19Z","fethy.faradji@infopro-digital.com"
"11/09/2026 13:25:23","Documents/partage/$18A3F523161D4E2C88497069AF80C8C4/F5EED317F21E4B5FB99A533CF0A86F6C/553556D2015A466B896EEFC899DF90BD5.doc","1.0","2022-09-12T10:20:19Z","fethy.faradji@infopro-digital.com"
"11/09/2026 13:25:27","Documents/partage/$18A3F523161D4E2C88497069AF80C8C4/F5EED317F21E4B5FB99A533CF0A86F6C/65355970DCC642F1817CCF7143235B411.doc","1.0","2022-09-12T10:20:19Z","fethy.faradji@infopro-digital.com"
"11/09/2026 13:25:30","Documents/partage/$18A3F523161D4E2C88497069AF80C8C4/F5EED317F21E4B5FB99A533CF0A86F6C/6578B3F51F5D4DB388799DCB76E061152.doc","1.0","2022-09-12T10:20:19Z","fethy.faradji@infopro-digital.com"
"11/09/2026 13:25:34","Documents/partage/$18A3F523161D4E2C88497069AF80C8C4/F5EED317F21E4B5FB99A533CF0A86F6C/76FDBD80080F42C38F05976E372FB7824.txt","1.0","2022-09-12T10:20:19Z","fethy.faradji@infopro-digital.com"
"11/09/2026 13:25:38","Documents/partage/$18A3F523161D4E2C88497069AF80C8C4/F5EED317F21E4B5FB99A533CF0A86F6C/78D13647578546CE955551B2BF3369BE2.pdf","1.0","2022-09-12T10:20:19Z","fethy.faradji@infopro-digital.com"
"11/09/2026 13:25:42","Documents/partage/$18A3F523161D4E2C88497069AF80C8C4/F5EED317F21E4B5FB99A533CF0A86F6C/A01D0269BC4247A48C6BE6839998ABE83.pdf","1.0","2022-09-12T10:20:19Z","fethy.faradji@infopro-digital.com"
"11/09/2026 13:25:46","Documents/partage/$18A3F523161D4E2C88497069AF80C8C4/F5EED317F21E4B5FB99A533CF0A86F6C/A24CAE59D3B2479DAF69B2AFAEE54AEA5.txt","1.0","2022-09-12T10:20:19Z","fethy.faradji@infopro-digital.com"
"11/09/2026 13:25:50","Documents/partage/$18A3F523161D4E2C88497069AF80C8C4/F5EED317F21E4B5FB99A533CF0A86F6C/B7C7DBD25E304CBE80D7DE6B7F94059E5.pdf","1.0","2022-09-12T10:20:19Z","fethy.faradji@infopro-digital.com"
"11/09/2026 13:25:55","Documents/partage/$18A3F523161D4E2C88497069AF80C8C4/F5EED317F21E4B5FB99A533CF0A86F6C/DE47BFA152FB425F9327C420895FFE721.txt","1.0","2022-09-12T10:20:19Z","fethy.faradji@infopro-digital.com"
"11/09/2026 13:25:59","Documents/partage/$18A3F523161D4E2C88497069AF80C8C4/F5EED317F21E4B5FB99A533CF0A86F6C/EDEF74E0917846C5AB12A6C44CABE7011.pdf","1.0","2022-09-12T10:20:19Z","fethy.faradji@infopro-digital.com"
"11/09/2026 13:26:04","Documents/partage/Commun/Presentation/ctrlTexteIM.ctl","1.0","2013-05-21T15:34:07Z","fethy.faradji@infopro-digital.com"
"11/09/2026 13:26:08","Documents/partage/Commun/Presentation/ctrlTexteIM.ctx","1.0","2013-05-21T15:34:07Z","fethy.faradji@infopro-digital.com"
"11/09/2026 13:26:12","Documents/partage/Commun/Presentation/frmAbout.frm","1.0","2013-05-21T15:34:07Z","fethy.faradji@infopro-digital.com"
"11/09/2026 13:26:16","Documents/partage/Commun/Presentation/frmAbout.frx","1.0","2013-05-21T15:34:07Z","fethy.faradji@infopro-digital.com"
"11/09/2026 13:26:20","Documents/partage/Commun/Presentation/frmAdministration.frm","1.0","2013-05-21T15:34:07Z","fethy.faradji@infopro-digital.com"
"11/09/2026 13:26:24","Documents/partage/Commun/Presentation/frmAdministration.frx","1.0","2013-05-21T15:34:07Z","fethy.faradji@infopro-digital.com"
"11/09/2026 13:26:28","Documents/partage/Commun/Presentation/frmConfiguration.frm","1.0","2013-05-21T15:34:07Z","fethy.faradji@infopro-digital.com"
"11/09/2026 13:26:32","Documents/partage/Commun/Presentation/frmConfiguration.frx","1.0","2013-05-21T15:34:07Z","fethy.faradji@infopro-digital.com"
"11/09/2026 13:26:36","Documents/partage/Commun/Presentation/frmEditXML.frm","1.0","2013-05-21T15:34:07Z","fethy.faradji@infopro-digital.com"
"11/09/2026 13:26:41","Documents/partage/Commun/Presentation/frmEditXML.frx","1.0","2013-05-21T15:34:07Z","fethy.faradji@infopro-digital.com"
"11/09/2026 13:26:45","Documents/partage/Commun/Presentation/frmExtReference.frm","1.0","2013-05-21T15:34:07Z","fethy.faradji@infopro-digital.com"
"11/09/2026 13:26:49","Documents/partage/Commun/Presentation/frmInfo.frm","1.0","2013-05-21T15:34:07Z","fethy.faradji@infopro-digital.com"
"11/09/2026 13:26:53","Documents/partage/Commun/Presentation/frmInfo.frx","1.0","2013-05-21T15:34:07Z","fethy.faradji@infopro-digital.com"
"11/09/2026 13:26:57","Documents/partage/Commun/Presentation/frmLogin.frm","1.0","2013-05-21T15:34:07Z","fethy.faradji@infopro-digital.com"
"11/09/2026 13:27:01","Documents/partage/Commun/Presentation/frmLogin.frx","1.0","2013-05-21T15:34:07Z","fethy.faradji@infopro-digital.com"
"11/09/2026 13:27:05","Documents/partage/Commun/Presentation/FrmMotPasse.frm","1.0","2013-05-21T15:34:07Z","fethy.faradji@infopro-digital.com"
"11/09/2026 13:27:09","Documents/partage/Commun/Presentation/FrmMotPasse.frx","1.0","2013-05-21T15:34:07Z","fethy.faradji@infopro-digital.com"
"11/09/2026 13:27:13","Documents/partage/Commun/Presentation/frmPostIt.frm","1.0","2013-05-21T15:34:07Z","fethy.faradji@infopro-digital.com"
"11/09/2026 13:27:17","Documents/partage/Commun/Presentation/frmPostIt.frx","1.0","2013-05-21T15:34:07Z","fethy.faradji@infopro-digital.com"
"11/09/2026 13:27:21","Documents/partage/Commun/Presentation/frmPreferences.frm","1.0","2013-05-21T15:34:07Z","fethy.faradji@infopro-digital.com"
"11/09/2026 13:27:25","Documents/partage/Commun/Presentation/frmPreferences.frx","1.0","2013-05-21T15:34:07Z","fethy.faradji@infopro-digital.com"
"11/09/2026 13:27:29","Documents/partage/Commun/Presentation/frmSelection.frm","1.0","2013-05-21T15:34:07Z","fethy.faradji@infopro-digital.com"
"11/09/2026 13:27:34","Documents/partage/Commun/Presentation/frmSQLDebug.frm","1.0","2013-05-21T15:34:07Z","fethy.faradji@infopro-digital.com"
"11/09/2026 13:27:38","Documents/partage/Commun/Presentation/frmSQLDebug.frx","1.0","2013-05-21T15:34:07Z","fethy.faradji@infopro-digital.com"
"11/09/2026 13:27:42","Documents/partage/Commun/Presentation/vssver2.scc","1.0","2014-03-26T09:07:19Z","fethy.faradji@infopro-digital.com"
"11/09/2026 13:27:46","Documents/partage/Commun/SIMWang/btdele_a.bmp","1.0","2013-05-21T15:34:07Z","fethy.faradji@infopro-digital.com"
"11/09/2026 13:27:51","Documents/partage/Commun/SIMWang/btdele_a.gif","1.0","2013-05-21T15:34:07Z","fethy.faradji@infopro-digital.com"
"11/09/2026 13:27:55","Documents/partage/Commun/SIMWang/btdele_i.bmp","1.0","2013-05-21T15:34:07Z","fethy.faradji@infopro-digital.com"
"11/09/2026 13:27:59","Documents/partage/Commun/SIMWang/btmax.bmp","1.0","2013-05-21T15:34:07Z","fethy.faradji@infopro-digital.com"
"11/09/2026 13:28:03","Documents/partage/Commun/SIMWang/Deliver.bat","1.0","2013-05-21T15:34:07Z","fethy.faradji@infopro-digital.com"
"11/09/2026 13:28:07","Documents/partage/Commun/SIMWang/frmZoomImage.frm","1.0","2013-05-21T15:34:07Z","fethy.faradji@infopro-digital.com"
"11/09/2026 13:28:11","Documents/partage/Commun/SIMWang/Image.ctl","1.0","2013-05-21T15:34:07Z","fethy.faradji@infopro-digital.com"
"11/09/2026 13:28:15","Documents/partage/Commun/SIMWang/Image.ctx","1.0","2013-05-21T15:34:07Z","fethy.faradji@infopro-digital.com"
"11/09/2026 13:28:19","Documents/partage/Commun/SIMWang/imgpreca.bmp","1.0","2013-05-21T15:34:07Z","fethy.faradji@infopro-digital.com"
"11/09/2026 13:28:23","Documents/partage/Commun/SIMWang/imgpreci.bmp","1.0","2013-05-21T15:34:07Z","fethy.faradji@infopro-digital.com"
"11/09/2026 13:28:27","Documents/partage/Commun/SIMWang/imgsuiva.bmp","1.0","2013-05-21T15:34:07Z","fethy.faradji@infopro-digital.com"
"11/09/2026 13:28:31","Documents/partage/Commun/SIMWang/imgsuivi.bmp","1.0","2013-05-21T15:34:07Z","fethy.faradji@infopro-digital.com"
"11/09/2026 13:28:35","Documents/partage/Commun/SIMWang/mssccprj.scc","1.0","2017-11-22T16:47:28Z","fethy.faradji@infopro-digital.com"
"11/09/2026 13:28:39","Documents/partage/Commun/SIMWang/rota_d_a.bmp","1.0","2013-05-21T15:34:07Z","fethy.faradji@infopro-digital.com"
"11/09/2026 13:28:43","Documents/partage/Commun/SIMWang/rota_d_i.bmp","1.0","2013-05-21T15:34:07Z","fethy.faradji@infopro-digital.com"
"11/09/2026 13:28:47","Documents/partage/Commun/SIMWang/rota_f_a.bmp","1.0","2013-05-21T15:34:07Z","fethy.faradji@infopro-digital.com"
"11/09/2026 13:28:51","Documents/partage/Commun/SIMWang/rota_f_i.bmp","1.0","2013-05-21T15:34:07Z","fethy.faradji@infopro-digital.com"
"11/09/2026 13:28:56","Documents/partage/Commun/SIMWang/rota_g_a.bmp","1.0","2013-05-21T15:34:07Z","fethy.faradji@infopro-digital.com"
"11/09/2026 13:29:00","Documents/partage/Commun/SIMWang/rota_g_i.bmp","1.0","2013-05-21T15:34:07Z","fethy.faradji@infopro-digital.com"
"11/09/2026 13:29:04","Documents/partage/Commun/SIMWang/SIMWangVB.vbp","1.0","2013-05-21T15:34:07Z","fethy.faradji@infopro-digital.com"
"11/09/2026 13:29:08","Documents/partage/Commun/SIMWang/SIMWangVB.vbw","1.0","2017-11-30T09:01:48Z","fethy.faradji@infopro-digital.com"
"11/09/2026 13:29:12","Documents/partage/Commun/SIMWang/Update.bat","1.0","2013-05-21T15:34:07Z","fethy.faradji@infopro-digital.com"
"11/09/2026 13:29:16","Documents/partage/Commun/SIMWang/vssver2.scc","1.0","2014-03-26T09:07:21Z","fethy.faradji@infopro-digital.com"
"11/09/2026 13:29:19","Documents/partage/Commun/SIMWang/wfichiera.bmp","1.0","2013-05-21T15:34:07Z","fethy.faradji@infopro-digital.com"
"11/09/2026 13:29:24","Documents/partage/Commun/SIMWang/wfichieri.bmp","1.0","2013-05-21T15:34:07Z","fethy.faradji@infopro-digital.com"
"11/09/2026 13:29:28","Documents/partage/Commun/SIMWang/XXXEmptyTest.exp","1.0","2013-05-21T15:34:07Z","fethy.faradji@infopro-digital.com"
"11/09/2026 13:29:32","Documents/partage/Commun/SIMWang/XXXEmptyTest.lib","1.0","2013-05-21T15:34:07Z","fethy.faradji@infopro-digital.com"
"11/09/2026 13:29:36","Documents/partage/Commun/SIMWang/XXXEmptyTest.ocx","1.0","2013-05-21T15:34:07Z","fethy.faradji@infopro-digital.com"
"11/09/2026 13:29:40","Documents/partage/Commun/SIMWang2/Form1.frm","1.0","2013-05-21T15:34:07Z","fethy.faradji@infopro-digital.com"
"11/09/2026 13:29:44","Documents/partage/Commun/SIMWang2/frmImprimer.frm","1.0","2013-05-21T15:34:07Z","fethy.faradji@infopro-digital.com"
"11/09/2026 13:29:49","Documents/partage/Commun/SIMWang2/frmZoomImage.frm","1.0","2013-05-21T15:34:07Z","fethy.faradji@infopro-digital.com"
"11/09/2026 13:29:53","Documents/partage/Commun/SIMWang2/Groupe1.vbg","1.0","2013-05-21T15:34:07Z","fethy.faradji@infopro-digital.com"
"11/09/2026 13:29:57","Documents/partage/Commun/SIMWang2/Image.ctl","1.0","2013-05-21T15:34:07Z","fethy.faradji@infopro-digital.com"
"11/09/2026 13:30:01","Documents/partage/Commun/SIMWang2/Image.ctx","1.0","2013-05-21T15:34:07Z","fethy.faradji@infopro-digital.com"
"11/09/2026 13:30:05","Documents/partage/Commun/SIMWang2/mssccprj.scc","1.0","2014-03-26T09:07:21Z","fethy.faradji@infopro-digital.com"
"11/09/2026 13:30:09","Documents/partage/Commun/SIMWang2/MTPrinterC.bas","1.0","2013-05-21T15:34:07Z","fethy.faradji@infopro-digital.com"
"11/09/2026 13:30:13","Documents/partage/Commun/SIMWang2/Projet1.vbp","1.0","2013-05-21T15:34:07Z","fethy.faradji@infopro-digital.com"
"11/09/2026 13:30:17","Documents/partage/Commun/SIMWang2/SIMWang.oca","1.0","2013-05-21T15:34:07Z","fethy.faradji@infopro-digital.com"
"11/09/2026 13:30:21","Documents/partage/Commun/SIMWang2/SIMWang.ocx","1.0","2013-05-21T15:34:07Z","fethy.faradji@infopro-digital.com"
"11/09/2026 13:30:26","Documents/partage/Commun/SIMWang2/SIMWang.vbp","1.0","2013-05-21T15:34:07Z","fethy.faradji@infopro-digital.com"
"11/09/2026 13:30:30","Documents/partage/Commun/SIMWang2/SIMWangVB.vbp","1.0","2013-05-21T15:34:07Z","fethy.faradji@infopro-digital.com"
"11/09/2026 13:30:35","Documents/partage/Commun/SIMWang2/Update.bat","1.0","2013-05-21T15:34:07Z","fethy.faradji@infopro-digital.com"
"11/09/2026 13:30:38","Documents/partage/Commun/SIMWang2/vssver2.scc","1.0","2014-03-26T09:07:21Z","fethy.faradji@infopro-digital.com"
"11/09/2026 13:30:42","Documents/partage/Commun/clsAction.cls","1.0","2013-05-21T15:34:06Z","fethy.faradji@infopro-digital.com"
"11/09/2026 13:30:47","Documents/partage/Commun/clsPrefBouton.cls","1.0","2013-05-21T15:34:06Z","fethy.faradji@infopro-digital.com"
"11/09/2026 13:30:50","Documents/partage/Commun/clsPreference.cls","1.0","2013-05-21T15:34:06Z","fethy.faradji@infopro-digital.com"
"11/09/2026 13:30:54","Documents/partage/Commun/FormManager.cls","1.0","2013-05-21T15:34:06Z","fethy.faradji@infopro-digital.com"
"11/09/2026 13:30:58","Documents/partage/Commun/FormRechercheManager.cls","1.0","2013-05-21T15:34:06Z","fethy.faradji@infopro-digital.com"
"11/09/2026 13:31:02","Documents/partage/Commun/FrmCodeCommun.txt","1.0","2013-05-21T15:34:06Z","fethy.faradji@infopro-digital.com"
"11/09/2026 13:31:07","Documents/partage/Commun/FrmRechercheCodeCommun.txt","1.0","2013-05-21T15:34:06Z","fethy.faradji@infopro-digital.com"
"11/09/2026 13:31:11","Documents/partage/Commun/mdParametres.bas","1.0","2013-05-21T15:34:06Z","fethy.faradji@infopro-digital.com"
"11/09/2026 13:31:15","Documents/partage/Commun/MMNonRegression.bas","1.0","2013-05-21T15:34:06Z","fethy.faradji@infopro-digital.com"
"11/09/2026 13:31:19","Documents/partage/Commun/mmRegistry.bas","1.0","2013-05-21T15:34:07Z","fethy.faradji@infopro-digital.com"
"11/09/2026 13:31:24","Documents/partage/Commun/mmShell.bas","1.0","2013-05-21T15:34:06Z","fethy.faradji@infopro-digital.com"
"11/09/2026 13:31:28","Documents/partage/Commun/MTADO.bas","1.0","2013-05-21T15:34:07Z","fethy.faradji@infopro-digital.com"
"11/09/2026 13:31:33","Documents/partage/Commun/MTContVal.bas","1.0","2020-11-23T16:22:20Z","fethy.faradji@infopro-digital.com"
"11/09/2026 13:31:37","Documents/partage/Commun/MTCtrlTools.bas","1.0","2013-05-21T15:34:07Z","fethy.faradji@infopro-digital.com"
"11/09/2026 13:31:42","Documents/partage/Commun/MTDBTools.bas","1.0","2013-08-05T14:30:58Z","fethy.faradji@infopro-digital.com"
"11/09/2026 13:31:46","Documents/partage/Commun/MTDos.bas","1.0","2013-05-21T15:34:07Z","fethy.faradji@infopro-digital.com"
"11/09/2026 13:31:50","Documents/partage/Commun/MTExtractionTools.bas","1.0","2013-05-21T15:34:07Z","fethy.faradji@infopro-digital.com"
"11/09/2026 13:31:55","Documents/partage/Commun/MTIntegrationTools.bas","1.0","2013-05-21T15:34:07Z","fethy.faradji@infopro-digital.com"
"11/09/2026 13:31:59","Documents/partage/Commun/MTLog.bas","1.0","2013-05-21T15:34:07Z","fethy.faradji@infopro-digital.com"
"11/09/2026 13:32:03","Documents/partage/Commun/MToutilsC.bas","1.0","2013-05-21T15:34:07Z","fethy.faradji@infopro-digital.com"
"11/09/2026 13:32:07","Documents/partage/Commun/MTOutilsS.bas","1.0","2013-12-11T16:47:52Z","fethy.faradji@infopro-digital.com"
"11/09/2026 13:32:11","Documents/partage/Commun/MTParamAppli.bas","1.0","2013-05-21T15:34:07Z","fethy.faradji@infopro-digital.com"
"11/09/2026 13:32:15","Documents/partage/Commun/MTREFErreur.bas","1.0","2013-05-21T15:34:07Z","fethy.faradji@infopro-digital.com"
"11/09/2026 13:32:20","Documents/partage/Commun/MTSFTP.bas","1.0","2013-05-21T15:34:07Z","fethy.faradji@infopro-digital.com"
"11/09/2026 13:32:23","Documents/partage/Commun/MTString.bas","1.0","2013-05-21T15:34:07Z","fethy.faradji@infopro-digital.com"
"11/09/2026 13:32:28","Documents/partage/Commun/MTTools.bas","1.0","2013-05-21T15:34:07Z","fethy.faradji@infopro-digital.com"
"11/09/2026 13:32:32","Documents/partage/Commun/MTUITools.bas","1.0","2013-05-21T15:34:07Z","fethy.faradji@infopro-digital.com"
"11/09/2026 13:32:36","Documents/partage/Commun/MTXMLTools.bas","1.0","2013-05-21T15:34:07Z","fethy.faradji@infopro-digital.com"
"11/09/2026 13:32:40","Documents/partage/Commun/patches.log","1.0","2013-05-21T15:34:07Z","fethy.faradji@infopro-digital.com"
"11/09/2026 13:32:44","Documents/partage/Commun/SIM_DBLOCAL.reg","1.0","2013-05-21T15:34:07Z","fethy.faradji@infopro-digital.com"
"11/09/2026 13:32:48","Documents/partage/Commun/SIMDDBIntervC.exp","1.0","2013-05-21T15:34:07Z","fethy.faradji@infopro-digital.com"
"11/09/2026 13:32:52","Documents/partage/Commun/SIMDDBIntervC.lib","1.0","2013-05-21T15:34:07Z","fethy.faradji@infopro-digital.com"
"11/09/2026 13:32:56","Documents/partage/Commun/vssver2.scc","1.0","2020-11-23T16:22:25Z","fethy.faradji@infopro-digital.com"
"11/09/2026 13:33:01","Documents/partage/Monimail/Commun/MMMemo.bas","1.0","2013-05-21T15:34:20Z","fethy.faradji@infopro-digital.com"
"11/09/2026 13:33:05","Documents/partage/Monimail/Commun/vssver2.scc","1.0","2014-03-26T09:08:06Z","fethy.faradji@infopro-digital.com"
"11/09/2026 13:33:09","Documents/partage/Monimail/OM Client/clsMemo.cls","1.0","2013-05-21T15:34:20Z","fethy.faradji@infopro-digital.com"
"11/09/2026 13:33:13","Documents/partage/Monimail/OM Client/CMIntegrateurMonimail.cls","1.0","2013-05-21T15:34:20Z","fethy.faradji@infopro-digital.com"
"11/09/2026 13:33:18","Documents/partage/Monimail/OM Client/Monimail.ini","1.0","2013-05-21T15:34:20Z","fethy.faradji@infopro-digital.com"
"11/09/2026 13:33:22","Documents/partage/Monimail/OM Client/mssccprj.scc","1.0","2021-05-20T14:21:04Z","fethy.faradji@infopro-digital.com"
"11/09/2026 13:33:26","Documents/partage/Monimail/OM Client/SIMMonimailC.vbp","1.0","2013-05-21T15:34:20Z","fethy.faradji@infopro-digital.com"
"11/09/2026 13:33:30","Documents/partage/Monimail/OM Client/SIMMonimailC.vbw","1.0","2021-05-20T14:21:09Z","fethy.faradji@infopro-digital.com"
"11/09/2026 13:33:34","Documents/partage/Monimail/OM Client/vssver2.scc","1.0","2014-03-26T09:08:06Z","fethy.faradji@infopro-digital.com"
"11/09/2026 13:33:38","Documents/partage/Monimail/OM Serveur/clsContexte.cls","1.0","2013-05-21T15:34:20Z","fethy.faradji@infopro-digital.com"
"11/09/2026 13:33:42","Documents/partage/Monimail/OM Serveur/clsDiffusion.cls","1.0","2013-05-21T15:34:20Z","fethy.faradji@infopro-digital.com"
"11/09/2026 13:33:46","Documents/partage/Monimail/OM Serveur/clsMemo.cls","1.0","2018-03-22T17:36:02Z","fethy.faradji@infopro-digital.com"
"11/09/2026 13:33:50","Documents/partage/Monimail/OM Serveur/CMTMonimail.cls","1.0","2014-09-25T15:43:41Z","fethy.faradji@infopro-digital.com"
"11/09/2026 13:33:55","Documents/partage/Monimail/OM Serveur/CMTRejetMonimail.cls","1.0","2013-05-21T15:34:20Z","fethy.faradji@infopro-digital.com"
"11/09/2026 13:33:59","Documents/partage/Monimail/OM Serveur/mdMemo.bas","1.0","2020-11-23T17:14:34Z","fethy.faradji@infopro-digital.com"
"11/09/2026 13:34:04","Documents/partage/Monimail/OM Serveur/Monimail.vbg","1.0","2018-03-23T15:21:50Z","fethy.faradji@infopro-digital.com"
"11/09/2026 13:34:08","Documents/partage/Monimail/OM Serveur/MonimailConfig.ini","1.0","2013-05-21T15:34:20Z","fethy.faradji@infopro-digital.com"
"11/09/2026 13:34:12","Documents/partage/Monimail/OM Serveur/mssccprj.scc","1.0","2021-05-12T12:21:13Z","fethy.faradji@infopro-digital.com"
"11/09/2026 13:34:16","Documents/partage/Monimail/OM Serveur/SIMMonimailS.vbp","1.0","2021-04-19T13:34:51Z","fethy.faradji@infopro-digital.com"
"11/09/2026 13:34:20","Documents/partage/Monimail/OM Serveur/SIMMonimailS.vbw","1.0","2021-04-19T13:34:52Z","fethy.faradji@infopro-digital.com"
"11/09/2026 13:34:24","Documents/partage/Monimail/OM Serveur/vssver2.scc","1.0","2020-11-23T17:14:42Z","fethy.faradji@infopro-digital.com"
"11/09/2026 13:34:28","Documents/partage/Monimail/OT Mail/CTEnvoisnotes.cls","1.0","2013-05-21T15:34:20Z","fethy.faradji@infopro-digital.com"
"11/09/2026 13:34:32","Documents/partage/Monimail/OT Mail/mssccprj.scc","1.0","2021-05-14T12:33:57Z","fethy.faradji@infopro-digital.com"
"11/09/2026 13:34:36","Documents/partage/Monimail/OT Mail/SIMEnvoisNotesC.vbp","1.0","2013-05-21T15:34:20Z","fethy.faradji@infopro-digital.com"
"11/09/2026 13:34:40","Documents/partage/Monimail/OT Mail/vssver2.scc","1.0","2014-03-26T09:08:07Z","fethy.faradji@infopro-digital.com"
"11/09/2026 13:34:44","Documents/partage/Monimail/Presentation/frmMonimailReprise.frm","1.0","2013-05-21T15:34:20Z","fethy.faradji@infopro-digital.com"
"11/09/2026 13:34:48","Documents/partage/Monimail/Presentation/frmMonimailReprise.frx","1.0","2013-05-21T15:34:20Z","fethy.faradji@infopro-digital.com"
"11/09/2026 13:34:53","Documents/partage/Monimail/Presentation/mssccprj.scc","1.0","2021-05-12T12:21:12Z","fethy.faradji@infopro-digital.com"
"11/09/2026 13:34:57","Documents/partage/Monimail/Presentation/SIMMonimailReprise.vbp","1.0","2013-05-21T15:34:20Z","fethy.faradji@infopro-digital.com"
"11/09/2026 13:35:00","Documents/partage/Monimail/Presentation/SIMMonimailReprise.vbw","1.0","2018-03-23T15:21:50Z","fethy.faradji@infopro-digital.com"
"11/09/2026 13:35:04","Documents/partage/Monimail/Presentation/vssver2.scc","1.0","2014-03-26T09:08:07Z","fethy.faradji@infopro-digital.com"
"11/09/2026 13:35:08","Documents/partage/mdSIMServerConfig.bas","1.0","2013-05-21T15:34:03Z","fethy.faradji@infopro-digital.com"
"11/09/2026 13:35:13","Documents/PowerShell/Modules/PnP.PowerShell/3.1.0/Common/Microsoft.ApplicationInsights.dll","1.0","2022-07-19T17:55:08Z","fethy.faradji@infopro-digital.com"
"11/09/2026 13:35:17","Documents/PowerShell/Modules/PnP.PowerShell/3.1.0/Common/PnP.PowerShell.ALC.dll","1.0","2025-04-18T06:52:34Z","fethy.faradji@infopro-digital.com"
"11/09/2026 13:35:21","Documents/PowerShell/Modules/PnP.PowerShell/3.1.0/Common/PnP.PowerShell.ALC.pdb","1.0","2025-04-18T06:56:06Z","fethy.faradji@infopro-digital.com"
"11/09/2026 13:35:25","Documents/PowerShell/Modules/PnP.PowerShell/3.1.0/Core/AngleSharp.Css.dll","1.0","2023-01-15T21:45:24Z","fethy.faradji@infopro-digital.com"
"11/09/2026 13:35:29","Documents/PowerShell/Modules/PnP.PowerShell/3.1.0/Core/AngleSharp.dll","1.0","2022-05-31T16:44:14Z","fethy.faradji@infopro-digital.com"
"11/09/2026 13:35:34","Documents/PowerShell/Modules/PnP.PowerShell/3.1.0/Core/Microsoft.Bcl.Cryptography.dll","1.0","2025-01-16T18:08:30Z","fethy.faradji@infopro-digital.com"
"11/09/2026 13:35:38","Documents/PowerShell/Modules/PnP.PowerShell/3.1.0/Core/Microsoft.Bcl.TimeProvider.dll","1.0","2023-11-30T07:24:58Z","fethy.faradji@infopro-digital.com"
"11/09/2026 13:35:42","Documents/PowerShell/Modules/PnP.PowerShell/3.1.0/Core/Microsoft.Extensions.Caching.Abstractions.dll","1.0","2023-10-31T13:58:54Z","fethy.faradji@infopro-digital.com"
"11/09/2026 13:35:46","Documents/PowerShell/Modules/PnP.PowerShell/3.1.0/Core/Microsoft.Extensions.Caching.Memory.dll","1.0","2024-09-16T21:10:10Z","fethy.faradji@infopro-digital.com"
"11/09/2026 13:35:50","Documents/PowerShell/Modules/PnP.PowerShell/3.1.0/Core/Microsoft.Extensions.Configuration.Abstractions.dll","1.0","2023-10-31T13:59:08Z","fethy.faradji@infopro-digital.com"
"11/09/2026 13:35:54","Documents/PowerShell/Modules/PnP.PowerShell/3.1.0/Core/Microsoft.Extensions.Configuration.Binder.dll","1.0","2023-10-31T13:59:26Z","fethy.faradji@infopro-digital.com"
"11/09/2026 13:35:58","Documents/PowerShell/Modules/PnP.PowerShell/3.1.0/Core/Microsoft.Extensions.Configuration.dll","1.0","2023-10-31T13:59:20Z","fethy.faradji@infopro-digital.com"
"11/09/2026 13:36:02","Documents/PowerShell/Modules/PnP.PowerShell/3.1.0/Core/Microsoft.Extensions.DependencyInjection.Abstractions.dll","1.0","2024-09-16T21:09:34Z","fethy.faradji@infopro-digital.com"
"11/09/2026 13:36:07","Documents/PowerShell/Modules/PnP.PowerShell/3.1.0/Core/Microsoft.Extensions.DependencyInjection.dll","1.0","2024-09-16T21:09:36Z","fethy.faradji@infopro-digital.com"
"11/09/2026 13:36:11","Documents/PowerShell/Modules/PnP.PowerShell/3.1.0/Core/Microsoft.Extensions.Diagnostics.Abstractions.dll","1.0","2024-09-16T21:10:08Z","fethy.faradji@infopro-digital.com"
"11/09/2026 13:36:16","Documents/PowerShell/Modules/PnP.PowerShell/3.1.0/Core/Microsoft.Extensions.Diagnostics.dll","1.0","2024-09-16T21:10:22Z","fethy.faradji@infopro-digital.com"
"11/09/2026 13:36:20","Documents/PowerShell/Modules/PnP.PowerShell/3.1.0/Core/Microsoft.Extensions.Http.dll","1.0","2024-09-16T21:10:26Z","fethy.faradji@infopro-digital.com"
"11/09/2026 13:36:25","Documents/PowerShell/Modules/PnP.PowerShell/3.1.0/Core/Microsoft.Extensions.Logging.Abstractions.dll","1.0","2024-09-16T21:09:58Z","fethy.faradji@infopro-digital.com"
"11/09/2026 13:36:30","Documents/PowerShell/Modules/PnP.PowerShell/3.1.0/Core/Microsoft.Extensions.Logging.dll","1.0","2024-09-16T21:10:06Z","fethy.faradji@infopro-digital.com"
"11/09/2026 13:36:34","Documents/PowerShell/Modules/PnP.PowerShell/3.1.0/Core/Microsoft.Extensions.Options.ConfigurationExtensions.dll","1.0","2023-10-31T13:59:38Z","fethy.faradji@infopro-digital.com"
"11/09/2026 13:36:39","Documents/PowerShell/Modules/PnP.PowerShell/3.1.0/Core/Microsoft.Extensions.Options.dll","1.0","2024-01-18T02:05:26Z","fethy.faradji@infopro-digital.com"
"11/09/2026 13:36:43","Documents/PowerShell/Modules/PnP.PowerShell/3.1.0/Core/Microsoft.Extensions.Primitives.dll","1.0","2023-10-31T13:58:52Z","fethy.faradji@infopro-digital.com"
"11/09/2026 13:36:48","Documents/PowerShell/Modules/PnP.PowerShell/3.1.0/Core/Microsoft.Graph.Core.dll","1.0","2021-03-25T22:18:22Z","fethy.faradji@infopro-digital.com"
"11/09/2026 13:36:49","Documents/PowerShell/Modules/PnP.PowerShell/3.1.0/Core/Microsoft.Graph.dll","1.0","2021-05-20T20:05:36Z","fethy.faradji@infopro-digital.com"
"11/09/2026 13:36:52","Documents/PowerShell/Modules/PnP.PowerShell/3.1.0/Core/Microsoft.Identity.Client.Broker.dll","1.0","2025-04-09T18:04:46Z","fethy.faradji@infopro-digital.com"
"11/09/2026 13:36:57","Documents/PowerShell/Modules/PnP.PowerShell/3.1.0/Core/Microsoft.Identity.Client.dll","1.0","2025-04-09T18:01:14Z","fethy.faradji@infopro-digital.com"
"11/09/2026 13:37:01","Documents/PowerShell/Modules/PnP.PowerShell/3.1.0/Core/Microsoft.Identity.Client.Extensions.Msal.dll","1.0","2025-04-09T18:06:30Z","fethy.faradji@infopro-digital.com"
"11/09/2026 13:37:06","Documents/PowerShell/Modules/PnP.PowerShell/3.1.0/Core/Microsoft.Identity.Client.NativeInterop.dll","1.0","2025-02-28T11:05:10Z","fethy.faradji@infopro-digital.com"
"11/09/2026 13:37:11","Documents/PowerShell/Modules/PnP.PowerShell/3.1.0/Core/Microsoft.IdentityModel.Abstractions.dll","1.0","2024-11-01T22:45:56Z","fethy.faradji@infopro-digital.com"
"11/09/2026 13:37:15","Documents/PowerShell/Modules/PnP.PowerShell/3.1.0/Core/Microsoft.IdentityModel.JsonWebTokens.dll","1.0","2024-11-01T22:46:06Z","fethy.faradji@infopro-digital.com"
"11/09/2026 13:37:20","Documents/PowerShell/Modules/PnP.PowerShell/3.1.0/Core/Microsoft.IdentityModel.Logging.dll","1.0","2024-11-01T22:46:04Z","fethy.faradji@infopro-digital.com"
"11/09/2026 13:37:24","Documents/PowerShell/Modules/PnP.PowerShell/3.1.0/Core/Microsoft.IdentityModel.Tokens.dll","1.0","2024-11-01T22:46:26Z","fethy.faradji@infopro-digital.com"
"11/09/2026 13:37:29","Documents/PowerShell/Modules/PnP.PowerShell/3.1.0/Core/Microsoft.Office.Client.Policy.dll","1.0","2025-03-12T05:27:54Z","fethy.faradji@infopro-digital.com"
"11/09/2026 13:37:33","Documents/PowerShell/Modules/PnP.PowerShell/3.1.0/Core/Microsoft.Office.Client.TranslationServices.dll","1.0","2025-03-12T05:27:54Z","fethy.faradji@infopro-digital.com"
"11/09/2026 13:37:38","Documents/PowerShell/Modules/PnP.PowerShell/3.1.0/Core/Microsoft.Office.SharePoint.Tools.dll","1.0","2025-03-12T05:27:54Z","fethy.faradji@infopro-digital.com"
"11/09/2026 13:37:43","Documents/PowerShell/Modules/PnP.PowerShell/3.1.0/Core/Microsoft.Online.SharePoint.Client.Tenant.dll","1.0","2025-03-12T05:27:54Z","fethy.faradji@infopro-digital.com"
"11/09/2026 13:37:48","Documents/PowerShell/Modules/PnP.PowerShell/3.1.0/Core/Microsoft.ProjectServer.Client.dll","1.0","2025-03-12T05:27:54Z","fethy.faradji@infopro-digital.com"
"11/09/2026 13:37:53","Documents/PowerShell/Modules/PnP.PowerShell/3.1.0/Core/Microsoft.SharePoint.Client.dll","1.0","2025-03-12T05:27:54Z","fethy.faradji@infopro-digital.com"
"11/09/2026 13:37:58","Documents/PowerShell/Modules/PnP.PowerShell/3.1.0/Core/Microsoft.SharePoint.Client.DocumentManagement.dll","1.0","2025-03-12T05:27:54Z","fethy.faradji@infopro-digital.com"
"11/09/2026 13:38:02","Documents/PowerShell/Modules/PnP.PowerShell/3.1.0/Core/Microsoft.SharePoint.Client.Publishing.dll","1.0","2025-03-12T05:27:54Z","fethy.faradji@infopro-digital.com"
"11/09/2026 13:38:07","Documents/PowerShell/Modules/PnP.PowerShell/3.1.0/Core/Microsoft.SharePoint.Client.Runtime.dll","1.0","2025-03-12T05:27:54Z","fethy.faradji@infopro-digital.com"
"11/09/2026 13:38:10","Documents/PowerShell/Modules/PnP.PowerShell/3.1.0/Core/Microsoft.SharePoint.Client.Search.Applications.dll","1.0","2025-03-12T05:27:54Z","fethy.faradji@infopro-digital.com"
"11/09/2026 13:38:15","Documents/PowerShell/Modules/PnP.PowerShell/3.1.0/Core/Microsoft.SharePoint.Client.Search.dll","1.0","2025-03-12T05:27:54Z","fethy.faradji@infopro-digital.com"
"11/09/2026 13:38:19","Documents/PowerShell/Modules/PnP.PowerShell/3.1.0/Core/Microsoft.SharePoint.Client.Taxonomy.dll","1.0","2025-03-12T05:27:54Z","fethy.faradji@infopro-digital.com"
"11/09/2026 13:38:23","Documents/PowerShell/Modules/PnP.PowerShell/3.1.0/Core/Microsoft.SharePoint.Client.UserProfiles.dll","1.0","2025-03-12T05:27:54Z","fethy.faradji@infopro-digital.com"
"11/09/2026 13:38:27","Documents/PowerShell/Modules/PnP.PowerShell/3.1.0/Core/Microsoft.SharePoint.Client.WorkflowServices.dll","1.0","2025-03-12T05:27:54Z","fethy.faradji@infopro-digital.com"
"11/09/2026 13:38:32","Documents/PowerShell/Modules/PnP.PowerShell/3.1.0/Core/Microsoft.Win32.Registry.AccessControl.dll","1.0","2023-10-31T14:00:54Z","fethy.faradji@infopro-digital.com"
"11/09/2026 13:38:36","Documents/PowerShell/Modules/PnP.PowerShell/3.1.0/Core/Newtonsoft.Json.dll","1.0","2023-03-08T06:09:54Z","fethy.faradji@infopro-digital.com"
"11/09/2026 13:38:40","Documents/PowerShell/Modules/PnP.PowerShell/3.1.0/Core/PnP.Core.Admin.dll","1.0","2025-04-17T11:06:20Z","fethy.faradji@infopro-digital.com"
"11/09/2026 13:38:45","Documents/PowerShell/Modules/PnP.PowerShell/3.1.0/Core/PnP.Core.Auth.dll","1.0","2025-04-17T11:06:00Z","fethy.faradji@infopro-digital.com"
"11/09/2026 13:38:49","Documents/PowerShell/Modules/PnP.PowerShell/3.1.0/Core/PnP.Core.dll","1.0","2025-04-17T11:06:20Z","fethy.faradji@infopro-digital.com"
"11/09/2026 13:38:53","Documents/PowerShell/Modules/PnP.PowerShell/3.1.0/Core/PnP.Framework.dll","1.0","2025-04-17T11:36:46Z","fethy.faradji@infopro-digital.com"
"11/09/2026 13:38:59","Documents/PowerShell/Modules/PnP.PowerShell/3.1.0/Core/PnP.PowerShell.dll","1.0","2025-04-18T06:52:34Z","fethy.faradji@infopro-digital.com"
"11/09/2026 13:39:04","Documents/PowerShell/Modules/PnP.PowerShell/3.1.0/Core/PnP.PowerShell.pdb","1.0","2025-04-18T06:56:42Z","fethy.faradji@infopro-digital.com"
"11/09/2026 13:39:09","Documents/PowerShell/Modules/PnP.PowerShell/3.1.0/Core/Portable.Xaml.dll","1.0","2020-10-29T10:07:24Z","fethy.faradji@infopro-digital.com"
"11/09/2026 13:39:13","Documents/PowerShell/Modules/PnP.PowerShell/3.1.0/Core/System.CodeDom.dll","1.0","2023-10-31T13:59:14Z","fethy.faradji@infopro-digital.com"
"11/09/2026 13:39:17","Documents/PowerShell/Modules/PnP.PowerShell/3.1.0/Core/System.Configuration.ConfigurationManager.dll","1.0","2024-09-16T21:09:48Z","fethy.faradji@infopro-digital.com"
"11/09/2026 13:39:21","Documents/PowerShell/Modules/PnP.PowerShell/3.1.0/Core/System.Diagnostics.EventLog.dll","1.0","2024-09-16T21:09:32Z","fethy.faradji@infopro-digital.com"
"11/09/2026 13:39:25","Documents/PowerShell/Modules/PnP.PowerShell/3.1.0/Core/System.DirectoryServices.dll","1.0","2023-10-31T14:02:24Z","fethy.faradji@infopro-digital.com"
"11/09/2026 13:39:29","Documents/PowerShell/Modules/PnP.PowerShell/3.1.0/Core/System.Formats.Asn1.dll","1.0","2025-01-16T18:07:54Z","fethy.faradji@infopro-digital.com"
"11/09/2026 13:39:33","Documents/PowerShell/Modules/PnP.PowerShell/3.1.0/Core/System.IdentityModel.Tokens.Jwt.dll","1.0","2024-11-01T22:46:06Z","fethy.faradji@infopro-digital.com"
"11/09/2026 13:39:37","Documents/PowerShell/Modules/PnP.PowerShell/3.1.0/Core/System.IO.Packaging.dll","1.0","2024-09-16T21:09:52Z","fethy.faradji@infopro-digital.com"
"11/09/2026 13:39:41","Documents/PowerShell/Modules/PnP.PowerShell/3.1.0/Core/System.Management.dll","1.0","2023-10-31T14:10:02Z","fethy.faradji@infopro-digital.com"
"11/09/2026 13:39:45","Documents/PowerShell/Modules/PnP.PowerShell/3.1.0/Core/System.Security.Cryptography.Pkcs.dll","1.0","2024-09-16T21:09:56Z","fethy.faradji@infopro-digital.com"
"11/09/2026 13:39:50","Documents/PowerShell/Modules/PnP.PowerShell/3.1.0/Core/System.Security.Cryptography.ProtectedData.dll","1.0","2023-10-31T13:59:04Z","fethy.faradji@infopro-digital.com"
"11/09/2026 13:39:54","Documents/PowerShell/Modules/PnP.PowerShell/3.1.0/Core/System.Security.Permissions.dll","1.0","2023-10-31T13:59:40Z","fethy.faradji@infopro-digital.com"
"11/09/2026 13:39:58","Documents/PowerShell/Modules/PnP.PowerShell/3.1.0/Core/System.Windows.Extensions.dll","1.0","2023-10-31T13:59:40Z","fethy.faradji@infopro-digital.com"
"11/09/2026 13:40:02","Documents/PowerShell/Modules/PnP.PowerShell/3.1.0/Core/TextCopy.dll","1.0","2022-12-16T00:22:50Z","fethy.faradji@infopro-digital.com"
"11/09/2026 13:40:07","Documents/PowerShell/Modules/PnP.PowerShell/3.1.0/Core/TimeZoneConverter.dll","1.0","2023-02-12T19:28:24Z","fethy.faradji@infopro-digital.com"
"11/09/2026 13:40:12","Documents/PowerShell/Modules/PnP.PowerShell/3.1.0/Framework/PnP.PowerShell.dll","1.0","2025-04-17T17:50:32Z","fethy.faradji@infopro-digital.com"
"11/09/2026 13:40:18","Documents/PowerShell/Modules/PnP.PowerShell/3.1.0/PnP.PowerShell.Format.ps1xml","1.0","2025-04-18T06:52:34Z","fethy.faradji@infopro-digital.com"
"11/09/2026 13:40:22","Documents/PowerShell/Modules/PnP.PowerShell/3.1.0/PnP.PowerShell.psd1","1.0","2025-04-18T06:52:34Z","fethy.faradji@infopro-digital.com"
"11/09/2026 13:40:26","Documents/PowerShell/Modules/PnP.PowerShell/3.1.0/PnP.PowerShell-Help.xml","1.0","2025-04-18T06:38:22Z","fethy.faradji@infopro-digital.com"
"11/09/2026 13:40:31","Documents/PowerShell/Modules/PnP.PowerShell/3.1.0/PSGetModuleInfo.xml","1.0","2025-06-12T15:20:46Z","fethy.faradji@infopro-digital.com"
"11/09/2026 13:40:36","Documents/PowerToys/Backup/settings_133685492520187442.ptb","1.0","2024-08-19T13:54:12Z","fethy.faradji@infopro-digital.com"
"11/09/2026 13:40:41","Documents/SQL Server Management Studio/controle_trigger_intervenant.sql","1.0","2023-03-16T10:03:50Z","fethy.faradji@infopro-digital.com"
"11/09/2026 13:40:42","Documents/SQL Server Management Studio/controle_trigger_intervenant.sql","2.0","2023-03-16T10:15:38Z","fethy.faradji@infopro-digital.com"
"11/09/2026 13:40:43","Documents/SQL Server Management Studio/controle_trigger_intervenant.sql","3.0","2023-03-20T10:47:56Z","fethy.faradji@infopro-digital.com"
"11/09/2026 13:40:44","Documents/SQL Server Management Studio/controle_trigger_intervenant.sql","4.0","2023-03-20T10:48:36Z","fethy.faradji@infopro-digital.com"
"11/09/2026 13:40:45","Documents/SQL Server Management Studio/controle_trigger_intervenant.sql","5.0","2023-03-20T11:07:43Z","fethy.faradji@infopro-digital.com"
"11/09/2026 13:40:46","Documents/SQL Server Management Studio/controle_trigger_intervenant.sql","6.0","2023-03-21T10:40:00Z","fethy.faradji@infopro-digital.com"
"11/09/2026 13:40:47","Documents/SQL Server Management Studio/controle_trigger_intervenant.sql","7.0","2023-03-21T13:39:20Z","fethy.faradji@infopro-digital.com"
"11/09/2026 13:40:48","Documents/SQL Server Management Studio/controle_trigger_intervenant.sql","8.0","2023-03-21T13:40:50Z","fethy.faradji@infopro-digital.com"
"11/09/2026 13:40:49","Documents/SQL Server Management Studio/controle_trigger_intervenant.sql","9.0","2023-03-28T09:49:36Z","fethy.faradji@infopro-digital.com"
"11/09/2026 13:40:50","Documents/SQL Server Management Studio/controle_trigger_intervenant.sql","10.0","2023-03-31T08:12:12Z","fethy.faradji@infopro-digital.com"
"11/09/2026 13:40:54","Documents/SQL Server Management Studio/requete de la mort qui tu compte en trop.sql","1.0","2023-10-23T09:01:25Z","fethy.faradji@infopro-digital.com"
"11/09/2026 13:40:59","Documents/Virtual Machines/Windows XP Professional/564dc8be-9773-bbd8-c7b2-c23524a75290.vmem.lck/M32026.lck","1.0","2021-03-23T09:12:57Z","fethy.faradji@infopro-digital.com"
"11/09/2026 13:41:03","Documents/Virtual Machines/Windows XP Professional/564dc8be-9773-bbd8-c7b2-c23524a75290.vmem","1.0","2021-03-23T09:12:57Z","fethy.faradji@infopro-digital.com"
"11/09/2026 13:41:20","Documents/Virtual Machines/Windows XP Professional/vmware.log","1.0","2021-03-23T09:13:12Z","fethy.faradji@infopro-digital.com"
"11/09/2026 13:41:25","Documents/Virtual Machines/Windows XP Professional/vmware-vmx.dmp","1.0","2021-03-23T09:13:12Z","fethy.faradji@infopro-digital.com"
"11/09/2026 13:41:31","Documents/Virtual Machines/Windows XP Professional/Windows XP Professional.nvram","1.0","2021-03-23T09:12:59Z","fethy.faradji@infopro-digital.com"
"11/09/2026 13:41:36","Documents/Virtual Machines/Windows XP Professional/Windows XP Professional.vmsd","1.0","2021-03-23T09:12:50Z","fethy.faradji@infopro-digital.com"
"11/09/2026 13:41:41","Documents/Virtual Machines/Windows XP Professional/Windows XP Professional.vmx","1.0","2021-03-23T09:12:50Z","fethy.faradji@infopro-digital.com"
"11/09/2026 13:41:42","Documents/Virtual Machines/Windows XP Professional/Windows XP Professional.vmx","2.0","2021-03-23T09:12:57Z","fethy.faradji@infopro-digital.com"
"11/09/2026 13:41:43","Documents/Virtual Machines/Windows XP Professional/Windows XP Professional.vmx","3.0","2021-03-23T09:12:59Z","fethy.faradji@infopro-digital.com"
"11/09/2026 13:41:44","Documents/Virtual Machines/Windows XP Professional/Windows XP Professional.vmx","4.0","2021-03-23T09:13:02Z","fethy.faradji@infopro-digital.com"
"11/09/2026 13:41:48","Documents/Virtual Machines/Windows XP Professional/Windows XP Professional.vmxf","1.0","2021-03-23T09:12:50Z","fethy.faradji@infopro-digital.com"
"11/09/2026 13:41:52","Documents/Virtual Machines/Windows XP Professional (2)/vmware.log","1.0","2021-03-23T09:20:57Z","fethy.faradji@infopro-digital.com"
"11/09/2026 13:41:57","Documents/Virtual Machines/Windows XP Professional (2)/Windows XP Professional (2).nvram","1.0","2021-03-23T09:20:57Z","fethy.faradji@infopro-digital.com"
"11/09/2026 13:42:01","Documents/Virtual Machines/Windows XP Professional (2)/Windows XP Professional (2).vmdk","1.0","2021-03-23T09:16:43Z","fethy.faradji@infopro-digital.com"
"11/09/2026 13:42:06","Documents/Virtual Machines/Windows XP Professional (2)/Windows XP Professional (2).vmsd","1.0","2021-03-23T09:16:43Z","fethy.faradji@infopro-digital.com"
"11/09/2026 13:42:10","Documents/Virtual Machines/Windows XP Professional (2)/Windows XP Professional (2).vmx","1.0","2021-03-23T09:16:43Z","fethy.faradji@infopro-digital.com"
"11/09/2026 13:42:11","Documents/Virtual Machines/Windows XP Professional (2)/Windows XP Professional (2).vmx","2.0","2021-03-23T09:16:54Z","fethy.faradji@infopro-digital.com"
"11/09/2026 13:42:12","Documents/Virtual Machines/Windows XP Professional (2)/Windows XP Professional (2).vmx","3.0","2021-03-23T09:17:02Z","fethy.faradji@infopro-digital.com"
"11/09/2026 13:42:13","Documents/Virtual Machines/Windows XP Professional (2)/Windows XP Professional (2).vmx","4.0","2021-03-23T09:20:57Z","fethy.faradji@infopro-digital.com"
"11/09/2026 13:42:18","Documents/Virtual Machines/Windows XP Professional (2)/Windows XP Professional (2).vmxf","1.0","2021-03-23T09:16:43Z","fethy.faradji@infopro-digital.com"
"11/09/2026 13:42:22","Documents/Virtual Machines/Windows XP Professional (2)/Windows XP Professional (2)-s001.vmdk","1.0","2021-03-23T09:16:43Z","fethy.faradji@infopro-digital.com"
"11/09/2026 13:42:27","Documents/Virtual Machines/Windows XP Professional (2)/Windows XP Professional (2)-s002.vmdk","1.0","2021-03-23T09:16:43Z","fethy.faradji@infopro-digital.com"
"11/09/2026 13:42:32","Documents/Virtual Machines/Windows XP Professional (2)/Windows XP Professional (2)-s003.vmdk","1.0","2021-03-23T09:16:43Z","fethy.faradji@infopro-digital.com"
"11/09/2026 13:42:37","Documents/Visual Studio 2013/Visualizers/Microsoft.Cosmos.ClientTools.CommonUtils.dll","1.0","2024-02-20T13:50:00Z","fethy.faradji@infopro-digital.com"
"11/09/2026 13:42:41","Documents/Visual Studio 2013/Visualizers/Microsoft.Cosmos.ClientTools.IDECommon.dll","1.0","2024-02-20T13:50:00Z","fethy.faradji@infopro-digital.com"
"11/09/2026 13:42:46","Documents/Visual Studio 2013/Visualizers/Microsoft.Cosmos.ClientTools.ScopeStudio.BaseModels.dll","1.0","2024-02-20T13:50:00Z","fethy.faradji@infopro-digital.com"
"11/09/2026 13:42:51","Documents/Visual Studio 2013/Visualizers/Microsoft.Cosmos.ClientTools.Shared.dll","1.0","2024-02-20T13:50:00Z","fethy.faradji@infopro-digital.com"
"11/09/2026 13:42:55","Documents/Visual Studio 2013/Visualizers/Microsoft.Cosmos.ScopeStudio.BusinessObjects.Common.dll","1.0","2024-02-20T13:50:00Z","fethy.faradji@infopro-digital.com"
"11/09/2026 13:43:00","Documents/Visual Studio 2013/Visualizers/Microsoft.Cosmos.ScopeStudio.BusinessObjects.Debugger.dll","1.0","2024-02-20T13:50:00Z","fethy.faradji@infopro-digital.com"
"11/09/2026 13:43:05","Documents/Visual Studio 2017/Backup Files/Solution1/~AutoRecover.~vs101C.sql","1.0","2022-05-30T09:55:24Z","fethy.faradji@infopro-digital.com"
"11/09/2026 13:43:09","Documents/Visual Studio 2017/Backup Files/Solution1/~AutoRecover.~vs1565.sql","1.0","2022-06-21T15:40:17Z","fethy.faradji@infopro-digital.com"
"11/09/2026 13:43:12","Documents/Visual Studio 2017/Backup Files/Solution1/~AutoRecover.~vs15B2.sql","1.0","2022-08-02T10:03:13Z","fethy.faradji@infopro-digital.com"
"11/09/2026 13:43:15","Documents/Visual Studio 2017/Backup Files/Solution1/~AutoRecover.~vs167E.sql","1.0","2022-05-23T10:56:22Z","fethy.faradji@infopro-digital.com"
"11/09/2026 13:43:18","Documents/Visual Studio 2017/Backup Files/Solution1/~AutoRecover.~vs1743.sql","1.0","2022-06-14T08:54:32Z","fethy.faradji@infopro-digital.com"
"11/09/2026 13:43:22","Documents/Visual Studio 2017/Backup Files/Solution1/~AutoRecover.~vs17AA.sql","1.0","2022-05-23T15:22:16Z","fethy.faradji@infopro-digital.com"
"11/09/2026 13:43:26","Documents/Visual Studio 2017/Backup Files/Solution1/~AutoRecover.~vs189D.sql","1.0","2022-05-30T09:45:16Z","fethy.faradji@infopro-digital.com"
"11/09/2026 13:43:29","Documents/Visual Studio 2017/Backup Files/Solution1/~AutoRecover.~vs18A0.sql","1.0","2022-05-31T13:00:38Z","fethy.faradji@infopro-digital.com"
"11/09/2026 13:43:31","Documents/Visual Studio 2017/Backup Files/Solution1/~AutoRecover.~vs18A0.sql","2.0","2022-05-31T13:05:41Z","fethy.faradji@infopro-digital.com"
"11/09/2026 13:43:34","Documents/Visual Studio 2017/Backup Files/Solution1/~AutoRecover.~vs1967.sql","1.0","2022-06-14T15:19:34Z","fethy.faradji@infopro-digital.com"
"11/09/2026 13:43:37","Documents/Visual Studio 2017/Backup Files/Solution1/~AutoRecover.~vs1C0D.sql","1.0","2022-06-14T17:39:36Z","fethy.faradji@infopro-digital.com"
"11/09/2026 13:43:40","Documents/Visual Studio 2017/Backup Files/Solution1/~AutoRecover.~vs1E2.sql","1.0","2022-06-13T21:08:42Z","fethy.faradji@infopro-digital.com"
"11/09/2026 13:43:44","Documents/Visual Studio 2017/Backup Files/Solution1/~AutoRecover.~vs21EE.sql","1.0","2022-05-25T08:26:12Z","fethy.faradji@infopro-digital.com"
"11/09/2026 13:43:47","Documents/Visual Studio 2017/Backup Files/Solution1/~AutoRecover.~vs22F2.sql","1.0","2022-06-21T08:41:28Z","fethy.faradji@infopro-digital.com"
"11/09/2026 13:43:50","Documents/Visual Studio 2017/Backup Files/Solution1/~AutoRecover.~vs2601.sql","1.0","2022-05-23T10:11:22Z","fethy.faradji@infopro-digital.com"
"11/09/2026 13:43:54","Documents/Visual Studio 2017/Backup Files/Solution1/~AutoRecover.~vs2A02.sql","1.0","2022-08-02T09:13:13Z","fethy.faradji@infopro-digital.com"
"11/09/2026 13:43:55","Documents/Visual Studio 2017/Backup Files/Solution1/~AutoRecover.~vs2A02.sql","2.0","2022-08-02T09:18:13Z","fethy.faradji@infopro-digital.com"
"11/09/2026 13:43:58","Documents/Visual Studio 2017/Backup Files/Solution1/~AutoRecover.~vs2C01.sql","1.0","2022-06-13T21:08:42Z","fethy.faradji@infopro-digital.com"
"11/09/2026 13:44:01","Documents/Visual Studio 2017/Backup Files/Solution1/~AutoRecover.~vs2D6A.sql","1.0","2021-09-08T12:36:36Z","fethy.faradji@infopro-digital.com"
"11/09/2026 13:44:03","Documents/Visual Studio 2017/Backup Files/Solution1/~AutoRecover.~vs2D6A.sql","2.0","2021-09-08T12:41:36Z","fethy.faradji@infopro-digital.com"
"11/09/2026 13:44:03","Documents/Visual Studio 2017/Backup Files/Solution1/~AutoRecover.~vs2D6A.sql","3.0","2021-09-08T13:21:50Z","fethy.faradji@infopro-digital.com"
"11/09/2026 13:44:04","Documents/Visual Studio 2017/Backup Files/Solution1/~AutoRecover.~vs2D6A.sql","4.0","2021-09-08T13:31:50Z","fethy.faradji@infopro-digital.com"
"11/09/2026 13:44:05","Documents/Visual Studio 2017/Backup Files/Solution1/~AutoRecover.~vs2D6A.sql","5.0","2021-09-08T13:36:50Z","fethy.faradji@infopro-digital.com"
"11/09/2026 13:44:06","Documents/Visual Studio 2017/Backup Files/Solution1/~AutoRecover.~vs2D6A.sql","6.0","2021-09-08T14:11:50Z","fethy.faradji@infopro-digital.com"
"11/09/2026 13:44:07","Documents/Visual Studio 2017/Backup Files/Solution1/~AutoRecover.~vs2D6A.sql","7.0","2021-09-08T14:16:58Z","fethy.faradji@infopro-digital.com"
"11/09/2026 13:44:08","Documents/Visual Studio 2017/Backup Files/Solution1/~AutoRecover.~vs2D6A.sql","8.0","2021-09-08T14:21:58Z","fethy.faradji@infopro-digital.com"
"11/09/2026 13:44:09","Documents/Visual Studio 2017/Backup Files/Solution1/~AutoRecover.~vs2D6A.sql","9.0","2021-09-08T14:26:58Z","fethy.faradji@infopro-digital.com"
"11/09/2026 13:44:10","Documents/Visual Studio 2017/Backup Files/Solution1/~AutoRecover.~vs2D6A.sql","10.0","2021-09-08T14:31:59Z","fethy.faradji@infopro-digital.com"
"11/09/2026 13:44:10","Documents/Visual Studio 2017/Backup Files/Solution1/~AutoRecover.~vs2D6A.sql","11.0","2021-09-08T14:36:59Z","fethy.faradji@infopro-digital.com"
"11/09/2026 13:44:11","Documents/Visual Studio 2017/Backup Files/Solution1/~AutoRecover.~vs2D6A.sql","12.0","2021-09-08T14:41:59Z","fethy.faradji@infopro-digital.com"
"11/09/2026 13:44:12","Documents/Visual Studio 2017/Backup Files/Solution1/~AutoRecover.~vs2D6A.sql","13.0","2021-09-08T14:56:59Z","fethy.faradji@infopro-digital.com"
"11/09/2026 13:44:13","Documents/Visual Studio 2017/Backup Files/Solution1/~AutoRecover.~vs2D6A.sql","14.0","2021-09-08T15:06:59Z","fethy.faradji@infopro-digital.com"
"11/09/2026 13:44:14","Documents/Visual Studio 2017/Backup Files/Solution1/~AutoRecover.~vs2D6A.sql","15.0","2021-09-08T15:11:59Z","fethy.faradji@infopro-digital.com"
"11/09/2026 13:44:15","Documents/Visual Studio 2017/Backup Files/Solution1/~AutoRecover.~vs2D6A.sql","16.0","2021-09-08T15:16:59Z","fethy.faradji@infopro-digital.com"
"11/09/2026 13:44:16","Documents/Visual Studio 2017/Backup Files/Solution1/~AutoRecover.~vs2D6A.sql","17.0","2021-09-08T15:21:59Z","fethy.faradji@infopro-digital.com"
"11/09/2026 13:44:17","Documents/Visual Studio 2017/Backup Files/Solution1/~AutoRecover.~vs2D6A.sql","18.0","2021-09-08T15:36:59Z","fethy.faradji@infopro-digital.com"
"11/09/2026 13:44:20","Documents/Visual Studio 2017/Backup Files/Solution1/~AutoRecover.~vs2EDB.sql","1.0","2025-12-16T16:39:35Z","fethy.faradji@infopro-digital.com"
"11/09/2026 13:44:23","Documents/Visual Studio 2017/Backup Files/Solution1/~AutoRecover.~vs2F8F.sql","1.0","2022-06-22T16:45:22Z","fethy.faradji@infopro-digital.com"
"11/09/2026 13:44:25","Documents/Visual Studio 2017/Backup Files/Solution1/~AutoRecover.~vs2F8F.sql","2.0","2022-06-23T08:08:13Z","fethy.faradji@infopro-digital.com"
"11/09/2026 13:44:25","Documents/Visual Studio 2017/Backup Files/Solution1/~AutoRecover.~vs2F8F.sql","3.0","2022-06-23T08:13:13Z","fethy.faradji@infopro-digital.com"
"11/09/2026 13:44:29","Documents/Visual Studio 2017/Backup Files/Solution1/~AutoRecover.~vs2FE6.sql","1.0","2022-06-16T09:42:07Z","fethy.faradji@infopro-digital.com"
"11/09/2026 13:44:32","Documents/Visual Studio 2017/Backup Files/Solution1/~AutoRecover.~vs30.sql","1.0","2022-07-01T12:51:52Z","fethy.faradji@infopro-digital.com"
"11/09/2026 13:44:33","Documents/Visual Studio 2017/Backup Files/Solution1/~AutoRecover.~vs30.sql","2.0","2022-07-01T12:56:52Z","fethy.faradji@infopro-digital.com"
"11/09/2026 13:44:37","Documents/Visual Studio 2017/Backup Files/Solution1/~AutoRecover.~vs307E.sql","1.0","2022-06-14T07:54:31Z","fethy.faradji@infopro-digital.com"
"11/09/2026 13:44:41","Documents/Visual Studio 2017/Backup Files/Solution1/~AutoRecover.~vs316.sql","1.0","2022-06-01T09:58:24Z","fethy.faradji@infopro-digital.com"
"11/09/2026 13:44:42","Documents/Visual Studio 2017/Backup Files/Solution1/~AutoRecover.~vs316.sql","2.0","2022-06-01T10:08:24Z","fethy.faradji@infopro-digital.com"
"11/09/2026 13:44:46","Documents/Visual Studio 2017/Backup Files/Solution1/~AutoRecover.~vs32D2.sql","1.0","2025-02-27T08:56:15Z","fethy.faradji@infopro-digital.com"
"11/09/2026 13:44:47","Documents/Visual Studio 2017/Backup Files/Solution1/~AutoRecover.~vs32D2.sql","2.0","2025-02-27T09:01:15Z","fethy.faradji@infopro-digital.com"
"11/09/2026 13:44:48","Documents/Visual Studio 2017/Backup Files/Solution1/~AutoRecover.~vs32D2.sql","3.0","2025-02-27T09:06:15Z","fethy.faradji@infopro-digital.com"
"11/09/2026 13:44:49","Documents/Visual Studio 2017/Backup Files/Solution1/~AutoRecover.~vs32D2.sql","4.0","2025-02-27T09:11:15Z","fethy.faradji@infopro-digital.com"
"11/09/2026 13:44:50","Documents/Visual Studio 2017/Backup Files/Solution1/~AutoRecover.~vs32D2.sql","5.0","2025-02-27T09:16:15Z","fethy.faradji@infopro-digital.com"
"11/09/2026 13:44:51","Documents/Visual Studio 2017/Backup Files/Solution1/~AutoRecover.~vs32D2.sql","6.0","2025-02-27T09:21:15Z","fethy.faradji@infopro-digital.com"
"11/09/2026 13:44:52","Documents/Visual Studio 2017/Backup Files/Solution1/~AutoRecover.~vs32D2.sql","7.0","2025-02-27T09:26:15Z","fethy.faradji@infopro-digital.com"
"11/09/2026 13:44:53","Documents/Visual Studio 2017/Backup Files/Solution1/~AutoRecover.~vs32D2.sql","8.0","2025-02-27T10:21:15Z","fethy.faradji@infopro-digital.com"
"11/09/2026 13:44:54","Documents/Visual Studio 2017/Backup Files/Solution1/~AutoRecover.~vs32D2.sql","9.0","2025-02-27T10:26:15Z","fethy.faradji@infopro-digital.com"
"11/09/2026 13:44:57","Documents/Visual Studio 2017/Backup Files/Solution1/~AutoRecover.~vs334D.sql","1.0","2022-06-29T12:36:35Z","fethy.faradji@infopro-digital.com"
"11/09/2026 13:44:58","Documents/Visual Studio 2017/Backup Files/Solution1/~AutoRecover.~vs334D.sql","2.0","2022-06-29T12:41:35Z","fethy.faradji@infopro-digital.com"
"11/09/2026 13:45:01","Documents/Visual Studio 2017/Backup Files/Solution1/~AutoRecover.~vs34BD.sql","1.0","2024-12-23T14:14:13Z","fethy.faradji@infopro-digital.com"
"11/09/2026 13:45:04","Documents/Visual Studio 2017/Backup Files/Solution1/~AutoRecover.~vs37EF.sql","1.0","2022-06-14T08:09:31Z","fethy.faradji@infopro-digital.com"
"11/09/2026 13:45:08","Documents/Visual Studio 2017/Backup Files/Solution1/~AutoRecover.~vs3849.sql","1.0","2022-05-25T12:25:00Z","fethy.faradji@infopro-digital.com"
"11/09/2026 13:45:09","Documents/Visual Studio 2017/Backup Files/Solution1/~AutoRecover.~vs3849.sql","2.0","2022-05-25T14:55:00Z","fethy.faradji@infopro-digital.com"
"11/09/2026 13:45:10","Documents/Visual Studio 2017/Backup Files/Solution1/~AutoRecover.~vs3849.sql","3.0","2022-05-25T15:25:00Z","fethy.faradji@infopro-digital.com"
"11/09/2026 13:45:13","Documents/Visual Studio 2017/Backup Files/Solution1/~AutoRecover.~vs3952.sql","1.0","2022-06-15T11:49:55Z","fethy.faradji@infopro-digital.com"
"11/09/2026 13:45:17","Documents/Visual Studio 2017/Backup Files/Solution1/~AutoRecover.~vs39EA.sql","1.0","2022-06-17T08:36:53Z","fethy.faradji@infopro-digital.com"
"11/09/2026 13:45:20","Documents/Visual Studio 2017/Backup Files/Solution1/~AutoRecover.~vs3AA0.sql","1.0","2022-06-29T14:55:52Z","fethy.faradji@infopro-digital.com"
"11/09/2026 13:45:21","Documents/Visual Studio 2017/Backup Files/Solution1/~AutoRecover.~vs3AA0.sql","2.0","2022-06-29T15:00:52Z","fethy.faradji@infopro-digital.com"
"11/09/2026 13:45:22","Documents/Visual Studio 2017/Backup Files/Solution1/~AutoRecover.~vs3AA0.sql","3.0","2022-06-29T15:05:52Z","fethy.faradji@infopro-digital.com"
"11/09/2026 13:45:23","Documents/Visual Studio 2017/Backup Files/Solution1/~AutoRecover.~vs3AA0.sql","4.0","2022-06-29T15:10:52Z","fethy.faradji@infopro-digital.com"
"11/09/2026 13:45:27","Documents/Visual Studio 2017/Backup Files/Solution1/~AutoRecover.~vs3EF4.sql","1.0","2022-07-01T09:36:50Z","fethy.faradji@infopro-digital.com"
"11/09/2026 13:45:29","Documents/Visual Studio 2017/Backup Files/Solution1/~AutoRecover.~vs3EF4.sql","2.0","2022-07-01T12:06:51Z","fethy.faradji@infopro-digital.com"
"11/09/2026 13:45:30","Documents/Visual Studio 2017/Backup Files/Solution1/~AutoRecover.~vs3EF4.sql","3.0","2022-07-01T12:11:51Z","fethy.faradji@infopro-digital.com"
"11/09/2026 13:45:31","Documents/Visual Studio 2017/Backup Files/Solution1/~AutoRecover.~vs3EF4.sql","4.0","2022-07-01T12:16:51Z","fethy.faradji@infopro-digital.com"
"11/09/2026 13:45:34","Documents/Visual Studio 2017/Backup Files/Solution1/~AutoRecover.~vs3F7C.sql","1.0","2022-05-17T13:34:07Z","fethy.faradji@infopro-digital.com"
"11/09/2026 13:45:36","Documents/Visual Studio 2017/Backup Files/Solution1/~AutoRecover.~vs3F7C.sql","2.0","2022-05-17T13:54:07Z","fethy.faradji@infopro-digital.com"
"11/09/2026 13:45:37","Documents/Visual Studio 2017/Backup Files/Solution1/~AutoRecover.~vs3F7C.sql","3.0","2022-05-17T13:59:07Z","fethy.faradji@infopro-digital.com"
"11/09/2026 13:45:40","Documents/Visual Studio 2017/Backup Files/Solution1/~AutoRecover.~vs434A.sql","1.0","2022-06-15T12:24:56Z","fethy.faradji@infopro-digital.com"
"11/09/2026 13:45:44","Documents/Visual Studio 2017/Backup Files/Solution1/~AutoRecover.~vs4446.sql","1.0","2022-05-31T12:45:38Z","fethy.faradji@infopro-digital.com"
"11/09/2026 13:45:45","Documents/Visual Studio 2017/Backup Files/Solution1/~AutoRecover.~vs4446.sql","2.0","2022-05-31T12:50:38Z","fethy.faradji@infopro-digital.com"
"11/09/2026 13:45:48","Documents/Visual Studio 2017/Backup Files/Solution1/~AutoRecover.~vs4617.sql","1.0","2021-12-13T16:05:40Z","fethy.faradji@infopro-digital.com"
"11/09/2026 13:45:52","Documents/Visual Studio 2017/Backup Files/Solution1/~AutoRecover.~vs46F3.sql","1.0","2022-05-25T14:56:12Z","fethy.faradji@infopro-digital.com"
"11/09/2026 13:45:55","Documents/Visual Studio 2017/Backup Files/Solution1/~AutoRecover.~vs4891.sql","1.0","2021-12-13T14:40:39Z","fethy.faradji@infopro-digital.com"
"11/09/2026 13:45:59","Documents/Visual Studio 2017/Backup Files/Solution1/~AutoRecover.~vs489D.sql","1.0","2022-05-25T12:31:12Z","fethy.faradji@infopro-digital.com"
"11/09/2026 13:46:00","Documents/Visual Studio 2017/Backup Files/Solution1/~AutoRecover.~vs489D.sql","2.0","2022-05-25T12:41:12Z","fethy.faradji@infopro-digital.com"
"11/09/2026 13:46:03","Documents/Visual Studio 2017/Backup Files/Solution1/~AutoRecover.~vs4980.sql","1.0","2021-10-12T08:54:05Z","fethy.faradji@infopro-digital.com"
"11/09/2026 13:46:05","Documents/Visual Studio 2017/Backup Files/Solution1/~AutoRecover.~vs4980.sql","2.0","2021-10-12T08:59:05Z","fethy.faradji@infopro-digital.com"
"11/09/2026 13:46:06","Documents/Visual Studio 2017/Backup Files/Solution1/~AutoRecover.~vs4980.sql","3.0","2021-10-12T13:09:05Z","fethy.faradji@infopro-digital.com"
"11/09/2026 13:46:07","Documents/Visual Studio 2017/Backup Files/Solution1/~AutoRecover.~vs4980.sql","4.0","2021-10-13T09:56:10Z","fethy.faradji@infopro-digital.com"
"11/09/2026 13:46:10","Documents/Visual Studio 2017/Backup Files/Solution1/~AutoRecover.~vs4A5F.sql","1.0","2022-05-20T14:58:07Z","fethy.faradji@infopro-digital.com"
"11/09/2026 13:46:14","Documents/Visual Studio 2017/Backup Files/Solution1/~AutoRecover.~vs4C77.sql","1.0","2022-05-23T10:41:22Z","fethy.faradji@infopro-digital.com"
"11/09/2026 13:46:17","Documents/Visual Studio 2017/Backup Files/Solution1/~AutoRecover.~vs4CCB.sql","1.0","2022-06-13T21:08:42Z","fethy.faradji@infopro-digital.com"
"11/09/2026 13:46:20","Documents/Visual Studio 2017/Backup Files/Solution1/~AutoRecover.~vs4D2F.sql","1.0","2022-06-01T09:53:24Z","fethy.faradji@infopro-digital.com"
"11/09/2026 13:46:22","Documents/Visual Studio 2017/Backup Files/Solution1/~AutoRecover.~vs4D2F.sql","2.0","2022-06-01T09:58:24Z","fethy.faradji@infopro-digital.com"
"11/09/2026 13:46:23","Documents/Visual Studio 2017/Backup Files/Solution1/~AutoRecover.~vs4D2F.sql","3.0","2022-06-01T10:08:24Z","fethy.faradji@infopro-digital.com"
"11/09/2026 13:46:26","Documents/Visual Studio 2017/Backup Files/Solution1/~AutoRecover.~vs4D68.sql","1.0","2023-10-02T10:27:50Z","fethy.faradji@infopro-digital.com"
"11/09/2026 13:46:30","Documents/Visual Studio 2017/Backup Files/Solution1/~AutoRecover.~vs516.sql","1.0","2022-05-24T09:47:44Z","fethy.faradji@infopro-digital.com"
"11/09/2026 13:46:33","Documents/Visual Studio 2017/Backup Files/Solution1/~AutoRecover.~vs5258.sql","1.0","2026-08-25T15:21:19Z","fethy.faradji@infopro-digital.com"
"11/09/2026 13:46:37","Documents/Visual Studio 2017/Backup Files/Solution1/~AutoRecover.~vs550D.sql","1.0","2021-12-13T16:20:46Z","fethy.faradji@infopro-digital.com"
"11/09/2026 13:46:41","Documents/Visual Studio 2017/Backup Files/Solution1/~AutoRecover.~vs5642.sql","1.0","2022-06-15T12:14:55Z","fethy.faradji@infopro-digital.com"
"11/09/2026 13:46:45","Documents/Visual Studio 2017/Backup Files/Solution1/~AutoRecover.~vs566B.sql","1.0","2022-06-22T16:10:21Z","fethy.faradji@infopro-digital.com"
"11/09/2026 13:46:48","Documents/Visual Studio 2017/Backup Files/Solution1/~AutoRecover.~vs57DD.sql","1.0","2022-06-14T14:09:34Z","fethy.faradji@infopro-digital.com"
"11/09/2026 13:46:52","Documents/Visual Studio 2017/Backup Files/Solution1/~AutoRecover.~vs5946.sql","1.0","2022-06-30T08:31:00Z","fethy.faradji@infopro-digital.com"
"11/09/2026 13:46:53","Documents/Visual Studio 2017/Backup Files/Solution1/~AutoRecover.~vs5946.sql","2.0","2022-06-30T08:41:00Z","fethy.faradji@infopro-digital.com"
"11/09/2026 13:46:54","Documents/Visual Studio 2017/Backup Files/Solution1/~AutoRecover.~vs5946.sql","3.0","2022-06-30T09:16:00Z","fethy.faradji@infopro-digital.com"
"11/09/2026 13:46:58","Documents/Visual Studio 2017/Backup Files/Solution1/~AutoRecover.~vs5A3C.sql","1.0","2022-06-21T10:21:28Z","fethy.faradji@infopro-digital.com"
"11/09/2026 13:46:59","Documents/Visual Studio 2017/Backup Files/Solution1/~AutoRecover.~vs5A3C.sql","2.0","2022-06-21T13:45:10Z","fethy.faradji@infopro-digital.com"
"11/09/2026 13:47:00","Documents/Visual Studio 2017/Backup Files/Solution1/~AutoRecover.~vs5A3C.sql","3.0","2022-06-21T14:20:16Z","fethy.faradji@infopro-digital.com"
"11/09/2026 13:47:04","Documents/Visual Studio 2017/Backup Files/Solution1/~AutoRecover.~vs5A7C.sql","1.0","2022-06-30T09:56:00Z","fethy.faradji@infopro-digital.com"
"11/09/2026 13:47:05","Documents/Visual Studio 2017/Backup Files/Solution1/~AutoRecover.~vs5A7C.sql","2.0","2022-06-30T12:41:11Z","fethy.faradji@infopro-digital.com"
"11/09/2026 13:47:09","Documents/Visual Studio 2017/Backup Files/Solution1/~AutoRecover.~vs5BC8.sql","1.0","2025-06-02T12:20:22Z","fethy.faradji@infopro-digital.com"
"11/09/2026 13:47:12","Documents/Visual Studio 2017/Backup Files/Solution1/~AutoRecover.~vs5C0.sql","1.0","2021-08-09T09:55:29Z","fethy.faradji@infopro-digital.com"
"11/09/2026 13:47:16","Documents/Visual Studio 2017/Backup Files/Solution1/~AutoRecover.~vs5C87.sql","1.0","2021-12-15T09:59:38Z","fethy.faradji@infopro-digital.com"
"11/09/2026 13:47:19","Documents/Visual Studio 2017/Backup Files/Solution1/~AutoRecover.~vs5CD0.sql","1.0","2022-06-14T09:24:32Z","fethy.faradji@infopro-digital.com"
"11/09/2026 13:47:23","Documents/Visual Studio 2017/Backup Files/Solution1/~AutoRecover.~vs5CEB.sql","1.0","2022-05-25T08:21:12Z","fethy.faradji@infopro-digital.com"
"11/09/2026 13:47:27","Documents/Visual Studio 2017/Backup Files/Solution1/~AutoRecover.~vs5D58.sql","1.0","2022-06-29T12:41:35Z","fethy.faradji@infopro-digital.com"
"11/09/2026 13:47:31","Documents/Visual Studio 2017/Backup Files/Solution1/~AutoRecover.~vs5E89.sql","1.0","2022-06-14T19:24:37Z","fethy.faradji@infopro-digital.com"
"11/09/2026 13:47:34","Documents/Visual Studio 2017/Backup Files/Solution1/~AutoRecover.~vs5EE0.sql","1.0","2022-07-01T07:31:41Z","fethy.faradji@infopro-digital.com"
"11/09/2026 13:47:35","Documents/Visual Studio 2017/Backup Files/Solution1/~AutoRecover.~vs5EE0.sql","2.0","2022-07-01T07:36:41Z","fethy.faradji@infopro-digital.com"
"11/09/2026 13:47:39","Documents/Visual Studio 2017/Backup Files/Solution1/~AutoRecover.~vs5F34.sql","1.0","2022-05-24T09:17:43Z","fethy.faradji@infopro-digital.com"
"11/09/2026 13:47:42","Documents/Visual Studio 2017/Backup Files/Solution1/~AutoRecover.~vs62A6.sql","1.0","2022-05-17T13:59:07Z","fethy.faradji@infopro-digital.com"
"11/09/2026 13:47:46","Documents/Visual Studio 2017/Backup Files/Solution1/~AutoRecover.~vs630F.sql0","1.0","2022-06-27T13:10:01Z","fethy.faradji@infopro-digital.com"
"11/09/2026 13:47:49","Documents/Visual Studio 2017/Backup Files/Solution1/~AutoRecover.~vs6873.sql","1.0","2021-09-08T15:07:21Z","fethy.faradji@infopro-digital.com"
"11/09/2026 13:47:53","Documents/Visual Studio 2017/Backup Files/Solution1/~AutoRecover.~vs6A1D.sql","1.0","2022-06-27T10:35:01Z","fethy.faradji@infopro-digital.com"
"11/09/2026 13:47:56","Documents/Visual Studio 2017/Backup Files/Solution1/~AutoRecover.~vs73AF.sql","1.0","2022-06-16T10:07:09Z","fethy.faradji@infopro-digital.com"
"11/09/2026 13:48:00","Documents/Visual Studio 2017/Backup Files/Solution1/~AutoRecover.~vs74AD.sql","1.0","2022-03-10T14:26:40Z","fethy.faradji@infopro-digital.com"
"11/09/2026 13:48:01","Documents/Visual Studio 2017/Backup Files/Solution1/~AutoRecover.~vs74AD.sql","2.0","2022-03-10T14:31:40Z","fethy.faradji@infopro-digital.com"
"11/09/2026 13:48:04","Documents/Visual Studio 2017/Backup Files/Solution1/~AutoRecover.~vs7770.sql","1.0","2022-06-22T09:32:49Z","fethy.faradji@infopro-digital.com"
"11/09/2026 13:48:08","Documents/Visual Studio 2017/Backup Files/Solution1/~AutoRecover.~vs79D5.sql","1.0","2022-06-14T14:14:34Z","fethy.faradji@infopro-digital.com"
"11/09/2026 13:48:12","Documents/Visual Studio 2017/Backup Files/Solution1/~AutoRecover.~vs7A76.sql","1.0","2021-09-08T14:31:59Z","fethy.faradji@infopro-digital.com"
"11/09/2026 13:48:13","Documents/Visual Studio 2017/Backup Files/Solution1/~AutoRecover.~vs7A76.sql","2.0","2021-09-08T14:36:59Z","fethy.faradji@infopro-digital.com"
"11/09/2026 13:48:17","Documents/Visual Studio 2017/Backup Files/Solution1/~AutoRecover.~vs7A92.sql","1.0","2026-01-14T10:19:46Z","fethy.faradji@infopro-digital.com"
"11/09/2026 13:48:20","Documents/Visual Studio 2017/Backup Files/Solution1/~AutoRecover.~vs7B95.sql","1.0","2022-06-28T13:00:37Z","fethy.faradji@infopro-digital.com"
"11/09/2026 13:48:23","Documents/Visual Studio 2017/Backup Files/Solution1/~AutoRecover.~vs7BE6.sql","1.0","2022-06-16T10:02:09Z","fethy.faradji@infopro-digital.com"
"11/09/2026 13:48:27","Documents/Visual Studio 2017/Backup Files/Solution1/~AutoRecover.~vs7ECC.sql","1.0","2021-09-15T09:01:55Z","fethy.faradji@infopro-digital.com"
"11/09/2026 13:48:29","Documents/Visual Studio 2017/Backup Files/Solution1/~AutoRecover.~vs7ECC.sql","2.0","2021-09-15T09:06:55Z","fethy.faradji@infopro-digital.com"
"11/09/2026 13:48:32","Documents/Visual Studio 2017/Backup Files/Solution1/~AutoRecover.~vs82C1.sql","1.0","2022-05-31T13:17:47Z","fethy.faradji@infopro-digital.com"
"11/09/2026 13:48:33","Documents/Visual Studio 2017/Backup Files/Solution1/~AutoRecover.~vs82C1.sql","2.0","2022-05-31T13:27:47Z","fethy.faradji@infopro-digital.com"
"11/09/2026 13:48:35","Documents/Visual Studio 2017/Backup Files/Solution1/~AutoRecover.~vs83D2.sql","1.0","2022-06-22T14:55:21Z","fethy.faradji@infopro-digital.com"
"11/09/2026 13:48:39","Documents/Visual Studio 2017/Backup Files/Solution1/~AutoRecover.~vs84C8.sql","1.0","2022-06-15T09:24:43Z","fethy.faradji@infopro-digital.com"
"11/09/2026 13:48:42","Documents/Visual Studio 2017/Backup Files/Solution1/~AutoRecover.~vs854B.sql","1.0","2025-11-25T14:04:02Z","fethy.faradji@infopro-digital.com"
"11/09/2026 13:48:43","Documents/Visual Studio 2017/Backup Files/Solution1/~AutoRecover.~vs854B.sql","2.0","2025-11-25T14:09:02Z","fethy.faradji@infopro-digital.com"
"11/09/2026 13:48:46","Documents/Visual Studio 2017/Backup Files/Solution1/~AutoRecover.~vs85DB.sql","1.0","2022-06-21T17:35:13Z","fethy.faradji@infopro-digital.com"
"11/09/2026 13:48:49","Documents/Visual Studio 2017/Backup Files/Solution1/~AutoRecover.~vs892D.sql","1.0","2022-06-03T15:23:49Z","fethy.faradji@infopro-digital.com"
"11/09/2026 13:48:52","Documents/Visual Studio 2017/Backup Files/Solution1/~AutoRecover.~vs8D8C.sql","1.0","2022-06-15T09:29:43Z","fethy.faradji@infopro-digital.com"
"11/09/2026 13:48:56","Documents/Visual Studio 2017/Backup Files/Solution1/~AutoRecover.~vs8DD9.sql","1.0","2025-11-25T13:19:02Z","fethy.faradji@infopro-digital.com"
"11/09/2026 13:48:57","Documents/Visual Studio 2017/Backup Files/Solution1/~AutoRecover.~vs8DD9.sql","2.0","2025-11-25T13:24:02Z","fethy.faradji@infopro-digital.com"
"11/09/2026 13:48:58","Documents/Visual Studio 2017/Backup Files/Solution1/~AutoRecover.~vs8DD9.sql","3.0","2025-11-25T13:34:02Z","fethy.faradji@infopro-digital.com"
"11/09/2026 13:48:59","Documents/Visual Studio 2017/Backup Files/Solution1/~AutoRecover.~vs8DD9.sql","4.0","2025-11-25T13:39:02Z","fethy.faradji@infopro-digital.com"
"11/09/2026 13:49:00","Documents/Visual Studio 2017/Backup Files/Solution1/~AutoRecover.~vs8DD9.sql","5.0","2025-11-25T13:49:02Z","fethy.faradji@infopro-digital.com"
"11/09/2026 13:49:00","Documents/Visual Studio 2017/Backup Files/Solution1/~AutoRecover.~vs8DD9.sql","6.0","2025-11-25T13:54:02Z","fethy.faradji@infopro-digital.com"
"11/09/2026 13:49:03","Documents/Visual Studio 2017/Backup Files/Solution1/~AutoRecover.~vs9034.sql","1.0","2022-05-24T09:12:43Z","fethy.faradji@infopro-digital.com"
"11/09/2026 13:49:04","Documents/Visual Studio 2017/Backup Files/Solution1/~AutoRecover.~vs9034.sql","2.0","2022-05-24T09:17:44Z","fethy.faradji@infopro-digital.com"
"11/09/2026 13:49:07","Documents/Visual Studio 2017/Backup Files/Solution1/~AutoRecover.~vs917D.sql","1.0","2022-06-21T09:26:28Z","fethy.faradji@infopro-digital.com"
"11/09/2026 13:49:09","Documents/Visual Studio 2017/Backup Files/Solution1/~AutoRecover.~vs917D.sql","2.0","2022-06-21T09:51:28Z","fethy.faradji@infopro-digital.com"
"11/09/2026 13:49:11","Documents/Visual Studio 2017/Backup Files/Solution1/~AutoRecover.~vs918.sql","1.0","2022-06-29T14:55:52Z","fethy.faradji@infopro-digital.com"
"11/09/2026 13:49:14","Documents/Visual Studio 2017/Backup Files/Solution1/~AutoRecover.~vs91CF.sql","1.0","2022-05-31T12:55:38Z","fethy.faradji@infopro-digital.com"
"11/09/2026 13:49:18","Documents/Visual Studio 2017/Backup Files/Solution1/~AutoRecover.~vs930E.sql","1.0","2022-05-30T09:45:16Z","fethy.faradji@infopro-digital.com"
"11/09/2026 13:49:21","Documents/Visual Studio 2017/Backup Files/Solution1/~AutoRecover.~vs9336.sql","1.0","2022-06-21T09:26:42Z","fethy.faradji@infopro-digital.com"
"11/09/2026 13:49:23","Documents/Visual Studio 2017/Backup Files/Solution1/~AutoRecover.~vs9336.sql","2.0","2022-06-21T10:01:42Z","fethy.faradji@infopro-digital.com"
"11/09/2026 13:49:23","Documents/Visual Studio 2017/Backup Files/Solution1/~AutoRecover.~vs9336.sql","3.0","2022-06-21T13:39:57Z","fethy.faradji@infopro-digital.com"
"11/09/2026 13:49:24","Documents/Visual Studio 2017/Backup Files/Solution1/~AutoRecover.~vs9336.sql","4.0","2022-06-21T13:59:57Z","fethy.faradji@infopro-digital.com"
"11/09/2026 13:49:25","Documents/Visual Studio 2017/Backup Files/Solution1/~AutoRecover.~vs9336.sql","5.0","2022-06-21T15:14:57Z","fethy.faradji@infopro-digital.com"
"11/09/2026 13:49:26","Documents/Visual Studio 2017/Backup Files/Solution1/~AutoRecover.~vs9336.sql","6.0","2022-06-23T07:58:13Z","fethy.faradji@infopro-digital.com"
"11/09/2026 13:49:29","Documents/Visual Studio 2017/Backup Files/Solution1/~AutoRecover.~vs93A9.sql","1.0","2021-12-13T14:30:39Z","fethy.faradji@infopro-digital.com"
"11/09/2026 13:49:32","Documents/Visual Studio 2017/Backup Files/Solution1/~AutoRecover.~vs93FA.sql","1.0","2023-10-02T10:27:50Z","fethy.faradji@infopro-digital.com"
"11/09/2026 13:49:35","Documents/Visual Studio 2017/Backup Files/Solution1/~AutoRecover.~vs943C.sql","1.0","2021-12-15T10:09:39Z","fethy.faradji@infopro-digital.com"
"11/09/2026 13:49:36","Documents/Visual Studio 2017/Backup Files/Solution1/~AutoRecover.~vs943C.sql","2.0","2021-12-15T10:19:39Z","fethy.faradji@infopro-digital.com"
"11/09/2026 13:49:39","Documents/Visual Studio 2017/Backup Files/Solution1/~AutoRecover.~vs94E0.sql","1.0","2022-09-13T09:22:27Z","fethy.faradji@infopro-digital.com"
"11/09/2026 13:49:42","Documents/Visual Studio 2017/Backup Files/Solution1/~AutoRecover.~vs951F.sql","1.0","2022-06-29T13:31:37Z","fethy.faradji@infopro-digital.com"
"11/09/2026 13:49:45","Documents/Visual Studio 2017/Backup Files/Solution1/~AutoRecover.~vs98EF.sql","1.0","2025-12-16T16:39:35Z","fethy.faradji@infopro-digital.com"
"11/09/2026 13:49:49","Documents/Visual Studio 2017/Backup Files/Solution1/~AutoRecover.~vs9B07.sql","1.0","2022-05-31T13:27:47Z","fethy.faradji@infopro-digital.com"
"11/09/2026 13:49:50","Documents/Visual Studio 2017/Backup Files/Solution1/~AutoRecover.~vs9B07.sql","2.0","2022-05-31T13:32:47Z","fethy.faradji@infopro-digital.com"
"11/09/2026 13:49:51","Documents/Visual Studio 2017/Backup Files/Solution1/~AutoRecover.~vs9B07.sql","3.0","2022-05-31T13:52:47Z","fethy.faradji@infopro-digital.com"
"11/09/2026 13:49:52","Documents/Visual Studio 2017/Backup Files/Solution1/~AutoRecover.~vs9B07.sql","4.0","2022-05-31T13:57:47Z","fethy.faradji@infopro-digital.com"
"11/09/2026 13:49:53","Documents/Visual Studio 2017/Backup Files/Solution1/~AutoRecover.~vs9B07.sql","5.0","2022-05-31T14:02:47Z","fethy.faradji@infopro-digital.com"
"11/09/2026 13:49:53","Documents/Visual Studio 2017/Backup Files/Solution1/~AutoRecover.~vs9B07.sql","6.0","2022-05-31T14:07:47Z","fethy.faradji@infopro-digital.com"
"11/09/2026 13:49:56","Documents/Visual Studio 2017/Backup Files/Solution1/~AutoRecover.~vs9DD6.sql","1.0","2022-06-29T15:20:52Z","fethy.faradji@infopro-digital.com"
"11/09/2026 13:49:59","Documents/Visual Studio 2017/Backup Files/Solution1/~AutoRecover.~vs9E2E.sql","1.0","2022-06-30T07:56:00Z","fethy.faradji@infopro-digital.com"
"11/09/2026 13:50:01","Documents/Visual Studio 2017/Backup Files/Solution1/~AutoRecover.~vs9E2E.sql","2.0","2022-06-30T08:01:00Z","fethy.faradji@infopro-digital.com"
"11/09/2026 13:50:04","Documents/Visual Studio 2017/Backup Files/Solution1/~AutoRecover.~vs9F4F.sql","1.0","2022-08-02T09:08:13Z","fethy.faradji@infopro-digital.com"
"11/09/2026 13:50:07","Documents/Visual Studio 2017/Backup Files/Solution1/~AutoRecover.~vsA2DD.sql","1.0","2022-09-19T08:55:33Z","fethy.faradji@infopro-digital.com"
"11/09/2026 13:50:10","Documents/Visual Studio 2017/Backup Files/Solution1/~AutoRecover.~vsA31A.sql","1.0","2025-09-24T10:09:19Z","fethy.faradji@infopro-digital.com"
"11/09/2026 13:50:13","Documents/Visual Studio 2017/Backup Files/Solution1/~AutoRecover.~vsA33F.sql","1.0","2022-07-01T14:51:47Z","fethy.faradji@infopro-digital.com"
"11/09/2026 13:50:17","Documents/Visual Studio 2017/Backup Files/Solution1/~AutoRecover.~vsA53D.sql","1.0","2021-08-09T09:55:29Z","fethy.faradji@infopro-digital.com"
"11/09/2026 13:50:20","Documents/Visual Studio 2017/Backup Files/Solution1/~AutoRecover.~vsA630.sql","1.0","2022-06-14T13:34:34Z","fethy.faradji@infopro-digital.com"
"11/09/2026 13:50:23","Documents/Visual Studio 2017/Backup Files/Solution1/~AutoRecover.~vsA763.sql","1.0","2022-06-16T10:07:10Z","fethy.faradji@infopro-digital.com"
"11/09/2026 13:50:26","Documents/Visual Studio 2017/Backup Files/Solution1/~AutoRecover.~vsA97A.sql","1.0","2022-05-30T10:00:24Z","fethy.faradji@infopro-digital.com"
"11/09/2026 13:50:27","Documents/Visual Studio 2017/Backup Files/Solution1/~AutoRecover.~vsA97A.sql","2.0","2022-05-30T10:30:24Z","fethy.faradji@infopro-digital.com"
"11/09/2026 13:50:30","Documents/Visual Studio 2017/Backup Files/Solution1/~AutoRecover.~vsAAF0.sql","1.0","2025-02-27T10:11:15Z","fethy.faradji@infopro-digital.com"
"11/09/2026 13:50:31","Documents/Visual Studio 2017/Backup Files/Solution1/~AutoRecover.~vsAAF0.sql","2.0","2025-02-27T10:16:15Z","fethy.faradji@infopro-digital.com"
"11/09/2026 13:50:32","Documents/Visual Studio 2017/Backup Files/Solution1/~AutoRecover.~vsAAF0.sql","3.0","2025-02-27T10:21:15Z","fethy.faradji@infopro-digital.com"
"11/09/2026 13:50:35","Documents/Visual Studio 2017/Backup Files/Solution1/~AutoRecover.~vsABBE.sql","1.0","2023-10-02T09:57:50Z","fethy.faradji@infopro-digital.com"
"11/09/2026 13:50:36","Documents/Visual Studio 2017/Backup Files/Solution1/~AutoRecover.~vsABBE.sql","2.0","2023-10-02T10:02:50Z","fethy.faradji@infopro-digital.com"
"11/09/2026 13:50:39","Documents/Visual Studio 2017/Backup Files/Solution1/~AutoRecover.~vsACCD.sql","1.0","2022-07-25T12:04:22Z","fethy.faradji@infopro-digital.com"
"11/09/2026 13:50:40","Documents/Visual Studio 2017/Backup Files/Solution1/~AutoRecover.~vsACCD.sql","2.0","2022-07-25T12:09:22Z","fethy.faradji@infopro-digital.com"
"11/09/2026 13:50:43","Documents/Visual Studio 2017/Backup Files/Solution1/~AutoRecover.~vsAD1C.sql","1.0","2022-06-01T09:22:53Z","fethy.faradji@infopro-digital.com"
"11/09/2026 13:50:44","Documents/Visual Studio 2017/Backup Files/Solution1/~AutoRecover.~vsAD1C.sql","2.0","2022-06-01T09:28:24Z","fethy.faradji@infopro-digital.com"
"11/09/2026 13:50:45","Documents/Visual Studio 2017/Backup Files/Solution1/~AutoRecover.~vsAD1C.sql","3.0","2022-06-01T09:38:24Z","fethy.faradji@infopro-digital.com"
"11/09/2026 13:50:48","Documents/Visual Studio 2017/Backup Files/Solution1/~AutoRecover.~vsAEF4.sql","1.0","2026-02-23T10:29:26Z","fethy.faradji@infopro-digital.com"
"11/09/2026 13:50:51","Documents/Visual Studio 2017/Backup Files/Solution1/~AutoRecover.~vsAF0D.sql","1.0","2026-03-24T09:32:33Z","fethy.faradji@infopro-digital.com"
"11/09/2026 13:50:52","Documents/Visual Studio 2017/Backup Files/Solution1/~AutoRecover.~vsAF0D.sql","2.0","2026-03-24T09:37:34Z","fethy.faradji@infopro-digital.com"
"11/09/2026 13:50:55","Documents/Visual Studio 2017/Backup Files/Solution1/~AutoRecover.~vsAF57.sql","1.0","2022-09-19T09:00:33Z","fethy.faradji@infopro-digital.com"
"11/09/2026 13:50:56","Documents/Visual Studio 2017/Backup Files/Solution1/~AutoRecover.~vsAF57.sql","2.0","2022-09-19T09:05:33Z","fethy.faradji@infopro-digital.com"
"11/09/2026 13:50:57","Documents/Visual Studio 2017/Backup Files/Solution1/~AutoRecover.~vsAF57.sql","3.0","2022-09-19T09:40:33Z","fethy.faradji@infopro-digital.com"
"11/09/2026 13:51:00","Documents/Visual Studio 2017/Backup Files/Solution1/~AutoRecover.~vsAF90.sql","1.0","2022-06-20T14:32:07Z","fethy.faradji@infopro-digital.com"
"11/09/2026 13:51:02","Documents/Visual Studio 2017/Backup Files/Solution1/~AutoRecover.~vsAFBE.sql","1.0","2022-06-16T12:06:47Z","fethy.faradji@infopro-digital.com"
"11/09/2026 13:51:06","Documents/Visual Studio 2017/Backup Files/Solution1/~AutoRecover.~vsB027.sql","1.0","2022-07-25T12:04:22Z","fethy.faradji@infopro-digital.com"
"11/09/2026 13:51:07","Documents/Visual Studio 2017/Backup Files/Solution1/~AutoRecover.~vsB027.sql","2.0","2022-07-25T12:09:22Z","fethy.faradji@infopro-digital.com"
"11/09/2026 13:51:08","Documents/Visual Studio 2017/Backup Files/Solution1/~AutoRecover.~vsB027.sql","3.0","2022-07-26T13:19:59Z","fethy.faradji@infopro-digital.com"
"11/09/2026 13:51:09","Documents/Visual Studio 2017/Backup Files/Solution1/~AutoRecover.~vsB027.sql","4.0","2022-07-26T13:24:59Z","fethy.faradji@infopro-digital.com"
"11/09/2026 13:51:09","Documents/Visual Studio 2017/Backup Files/Solution1/~AutoRecover.~vsB027.sql","5.0","2022-07-28T12:18:24Z","fethy.faradji@infopro-digital.com"
"11/09/2026 13:51:12","Documents/Visual Studio 2017/Backup Files/Solution1/~AutoRecover.~vsB077.sql","1.0","2025-08-12T12:48:57Z","fethy.faradji@infopro-digital.com"
"11/09/2026 13:51:15","Documents/Visual Studio 2017/Backup Files/Solution1/~AutoRecover.~vsB3EF.sql","1.0","2022-05-31T08:00:53Z","fethy.faradji@infopro-digital.com"
"11/09/2026 13:51:17","Documents/Visual Studio 2017/Backup Files/Solution1/~AutoRecover.~vsB3EF.sql","2.0","2022-05-31T08:10:53Z","fethy.faradji@infopro-digital.com"
"11/09/2026 13:51:17","Documents/Visual Studio 2017/Backup Files/Solution1/~AutoRecover.~vsB3EF.sql","3.0","2022-05-31T08:15:53Z","fethy.faradji@infopro-digital.com"
"11/09/2026 13:51:20","Documents/Visual Studio 2017/Backup Files/Solution1/~AutoRecover.~vsB425.sql","1.0","2022-06-15T13:49:56Z","fethy.faradji@infopro-digital.com"
"11/09/2026 13:51:23","Documents/Visual Studio 2017/Backup Files/Solution1/~AutoRecover.~vsB587.sql","1.0","2022-05-18T14:11:41Z","fethy.faradji@infopro-digital.com"
"11/09/2026 13:51:25","Documents/Visual Studio 2017/Backup Files/Solution1/~AutoRecover.~vsB587.sql","2.0","2022-05-18T14:16:42Z","fethy.faradji@infopro-digital.com"
"11/09/2026 13:51:28","Documents/Visual Studio 2017/Backup Files/Solution1/~AutoRecover.~vsB684.sql","1.0","2022-07-26T13:24:59Z","fethy.faradji@infopro-digital.com"
"11/09/2026 13:51:29","Documents/Visual Studio 2017/Backup Files/Solution1/~AutoRecover.~vsB684.sql","2.0","2022-07-26T13:29:59Z","fethy.faradji@infopro-digital.com"
"11/09/2026 13:51:30","Documents/Visual Studio 2017/Backup Files/Solution1/~AutoRecover.~vsB684.sql","3.0","2022-07-27T08:03:24Z","fethy.faradji@infopro-digital.com"
"11/09/2026 13:51:31","Documents/Visual Studio 2017/Backup Files/Solution1/~AutoRecover.~vsB684.sql","4.0","2022-07-27T10:03:24Z","fethy.faradji@infopro-digital.com"
"11/09/2026 13:51:32","Documents/Visual Studio 2017/Backup Files/Solution1/~AutoRecover.~vsB684.sql","5.0","2022-07-29T08:58:25Z","fethy.faradji@infopro-digital.com"
"11/09/2026 13:51:35","Documents/Visual Studio 2017/Backup Files/Solution1/~AutoRecover.~vsB6BD.sql","1.0","2022-06-16T09:57:07Z","fethy.faradji@infopro-digital.com"
"11/09/2026 13:51:38","Documents/Visual Studio 2017/Backup Files/Solution1/~AutoRecover.~vsBA3E.sql","1.0","2022-06-15T08:29:43Z","fethy.faradji@infopro-digital.com"
"11/09/2026 13:51:41","Documents/Visual Studio 2017/Backup Files/Solution1/~AutoRecover.~vsBC02.sql","1.0","2022-04-29T09:32:39Z","fethy.faradji@infopro-digital.com"
"11/09/2026 13:51:43","Documents/Visual Studio 2017/Backup Files/Solution1/~AutoRecover.~vsBC83.sql","1.0","2022-06-14T16:39:35Z","fethy.faradji@infopro-digital.com"
"11/09/2026 13:51:47","Documents/Visual Studio 2017/Backup Files/Solution1/~AutoRecover.~vsBD12.sql","1.0","2022-06-15T14:59:57Z","fethy.faradji@infopro-digital.com"
"11/09/2026 13:51:50","Documents/Visual Studio 2017/Backup Files/Solution1/~AutoRecover.~vsBF49.sql","1.0","2022-06-21T10:01:28Z","fethy.faradji@infopro-digital.com"
"11/09/2026 13:51:53","Documents/Visual Studio 2017/Backup Files/Solution1/~AutoRecover.~vsBF9C.sql","1.0","2022-05-31T12:50:38Z","fethy.faradji@infopro-digital.com"
"11/09/2026 13:51:56","Documents/Visual Studio 2017/Backup Files/Solution1/~AutoRecover.~vsC02.sql","1.0","2024-07-05T10:06:29Z","fethy.faradji@infopro-digital.com"
"11/09/2026 13:51:59","Documents/Visual Studio 2017/Backup Files/Solution1/~AutoRecover.~vsC129.sql","1.0","2022-05-17T14:04:07Z","fethy.faradji@infopro-digital.com"
"11/09/2026 13:52:00","Documents/Visual Studio 2017/Backup Files/Solution1/~AutoRecover.~vsC129.sql","2.0","2022-05-17T14:09:07Z","fethy.faradji@infopro-digital.com"
"11/09/2026 13:52:01","Documents/Visual Studio 2017/Backup Files/Solution1/~AutoRecover.~vsC129.sql","3.0","2022-05-17T14:14:07Z","fethy.faradji@infopro-digital.com"
"11/09/2026 13:52:05","Documents/Visual Studio 2017/Backup Files/Solution1/~AutoRecover.~vsC172.sql","1.0","2022-09-15T10:07:26Z","fethy.faradji@infopro-digital.com"
"11/09/2026 13:52:08","Documents/Visual Studio 2017/Backup Files/Solution1/~AutoRecover.~vsC36A.sql","1.0","2022-06-15T12:59:56Z","fethy.faradji@infopro-digital.com"
"11/09/2026 13:52:11","Documents/Visual Studio 2017/Backup Files/Solution1/~AutoRecover.~vsC453.sql","1.0","2022-05-24T15:52:47Z","fethy.faradji@infopro-digital.com"
"11/09/2026 13:52:14","Documents/Visual Studio 2017/Backup Files/Solution1/~AutoRecover.~vsC455.sql","1.0","2022-09-13T09:17:27Z","fethy.faradji@infopro-digital.com"
"11/09/2026 13:52:17","Documents/Visual Studio 2017/Backup Files/Solution1/~AutoRecover.~vsC46.sql","1.0","2023-10-02T10:27:50Z","fethy.faradji@infopro-digital.com"
"11/09/2026 13:52:20","Documents/Visual Studio 2017/Backup Files/Solution1/~AutoRecover.~vsC4AB.sql","1.0","2022-03-10T14:41:40Z","fethy.faradji@infopro-digital.com"
"11/09/2026 13:52:23","Documents/Visual Studio 2017/Backup Files/Solution1/~AutoRecover.~vsC5E.sql","1.0","2022-06-20T15:42:09Z","fethy.faradji@infopro-digital.com"
"11/09/2026 13:52:26","Documents/Visual Studio 2017/Backup Files/Solution1/~AutoRecover.~vsC706.sql","1.0","2022-05-31T07:55:53Z","fethy.faradji@infopro-digital.com"
"11/09/2026 13:52:29","Documents/Visual Studio 2017/Backup Files/Solution1/~AutoRecover.~vsC727.sql","1.0","2022-07-01T08:26:42Z","fethy.faradji@infopro-digital.com"
"11/09/2026 13:52:30","Documents/Visual Studio 2017/Backup Files/Solution1/~AutoRecover.~vsC727.sql","2.0","2022-07-01T08:31:42Z","fethy.faradji@infopro-digital.com"
"11/09/2026 13:52:31","Documents/Visual Studio 2017/Backup Files/Solution1/~AutoRecover.~vsC727.sql","3.0","2022-07-01T08:41:42Z","fethy.faradji@infopro-digital.com"
"11/09/2026 13:52:33","Documents/Visual Studio 2017/Backup Files/Solution1/~AutoRecover.~vsC727.sql","4.0","2022-07-01T08:56:42Z","fethy.faradji@infopro-digital.com"
"11/09/2026 13:52:36","Documents/Visual Studio 2017/Backup Files/Solution1/~AutoRecover.~vsC848.sql","1.0","2022-06-15T06:19:42Z","fethy.faradji@infopro-digital.com"
"11/09/2026 13:52:39","Documents/Visual Studio 2017/Backup Files/Solution1/~AutoRecover.~vsC86A.sql","1.0","2021-12-15T10:24:39Z","fethy.faradji@infopro-digital.com"
"11/09/2026 13:52:42","Documents/Visual Studio 2017/Backup Files/Solution1/~AutoRecover.~vsC88B.sql","1.0","2022-06-27T15:55:01Z","fethy.faradji@infopro-digital.com"
"11/09/2026 13:52:46","Documents/Visual Studio 2017/Backup Files/Solution1/~AutoRecover.~vsC9BD.sql","1.0","2021-12-13T16:10:45Z","fethy.faradji@infopro-digital.com"
"11/09/2026 13:52:49","Documents/Visual Studio 2017/Backup Files/Solution1/~AutoRecover.~vsCAF6.sql","1.0","2022-03-10T14:41:40Z","fethy.faradji@infopro-digital.com"
"11/09/2026 13:52:52","Documents/Visual Studio 2017/Backup Files/Solution1/~AutoRecover.~vsCB55.sql","1.0","2021-10-12T08:54:05Z","fethy.faradji@infopro-digital.com"
"11/09/2026 13:52:55","Documents/Visual Studio 2017/Backup Files/Solution1/~AutoRecover.~vsCD42.sql","1.0","2022-05-23T10:46:22Z","fethy.faradji@infopro-digital.com"
"11/09/2026 13:52:58","Documents/Visual Studio 2017/Backup Files/Solution1/~AutoRecover.~vsCEB8.sql","1.0","2022-05-31T12:45:38Z","fethy.faradji@infopro-digital.com"
"11/09/2026 13:53:01","Documents/Visual Studio 2017/Backup Files/Solution1/~AutoRecover.~vsCFED.sql","1.0","2022-06-14T18:39:37Z","fethy.faradji@infopro-digital.com"
"11/09/2026 13:53:05","Documents/Visual Studio 2017/Backup Files/Solution1/~AutoRecover.~vsD0C.sql","1.0","2022-06-21T14:50:16Z","fethy.faradji@infopro-digital.com"
"11/09/2026 13:53:08","Documents/Visual Studio 2017/Backup Files/Solution1/~AutoRecover.~vsD3AD.sql","1.0","2025-02-20T13:17:37Z","fethy.faradji@infopro-digital.com"
"11/09/2026 13:53:09","Documents/Visual Studio 2017/Backup Files/Solution1/~AutoRecover.~vsD3AD.sql","2.0","2025-02-20T13:22:37Z","fethy.faradji@infopro-digital.com"
"11/09/2026 13:53:12","Documents/Visual Studio 2017/Backup Files/Solution1/~AutoRecover.~vsD5A4.sql","1.0","2022-07-26T08:39:58Z","fethy.faradji@infopro-digital.com"
"11/09/2026 13:53:13","Documents/Visual Studio 2017/Backup Files/Solution1/~AutoRecover.~vsD5A4.sql","2.0","2022-07-26T08:49:58Z","fethy.faradji@infopro-digital.com"
"11/09/2026 13:53:14","Documents/Visual Studio 2017/Backup Files/Solution1/~AutoRecover.~vsD5A4.sql","3.0","2022-07-26T08:54:58Z","fethy.faradji@infopro-digital.com"
"11/09/2026 13:53:14","Documents/Visual Studio 2017/Backup Files/Solution1/~AutoRecover.~vsD5A4.sql","4.0","2022-07-26T08:59:59Z","fethy.faradji@infopro-digital.com"
"11/09/2026 13:53:15","Documents/Visual Studio 2017/Backup Files/Solution1/~AutoRecover.~vsD5A4.sql","5.0","2022-07-26T13:14:59Z","fethy.faradji@infopro-digital.com"
"11/09/2026 13:53:16","Documents/Visual Studio 2017/Backup Files/Solution1/~AutoRecover.~vsD5A4.sql","6.0","2022-07-26T13:19:59Z","fethy.faradji@infopro-digital.com"
"11/09/2026 13:53:19","Documents/Visual Studio 2017/Backup Files/Solution1/~AutoRecover.~vsD6BD.sql","1.0","2022-06-14T15:34:34Z","fethy.faradji@infopro-digital.com"
"11/09/2026 13:53:22","Documents/Visual Studio 2017/Backup Files/Solution1/~AutoRecover.~vsD722.sql","1.0","2022-06-16T10:12:09Z","fethy.faradji@infopro-digital.com"
"11/09/2026 13:53:25","Documents/Visual Studio 2017/Backup Files/Solution1/~AutoRecover.~vsD7D8.sql","1.0","2022-07-01T15:01:47Z","fethy.faradji@infopro-digital.com"
"11/09/2026 13:53:28","Documents/Visual Studio 2017/Backup Files/Solution1/~AutoRecover.~vsDA30.sql","1.0","2022-06-21T15:20:17Z","fethy.faradji@infopro-digital.com"
"11/09/2026 13:53:31","Documents/Visual Studio 2017/Backup Files/Solution1/~AutoRecover.~vsDBAF.sql","1.0","2022-06-14T07:39:32Z","fethy.faradji@infopro-digital.com"
"11/09/2026 13:53:34","Documents/Visual Studio 2017/Backup Files/Solution1/~AutoRecover.~vsDD48.sql","1.0","2022-06-22T10:07:11Z","fethy.faradji@infopro-digital.com"
"11/09/2026 13:53:38","Documents/Visual Studio 2017/Backup Files/Solution1/~AutoRecover.~vsDE4E.sql","1.0","2026-05-04T08:47:06Z","fethy.faradji@infopro-digital.com"
"11/09/2026 13:53:39","Documents/Visual Studio 2017/Backup Files/Solution1/~AutoRecover.~vsDE4E.sql","2.0","2026-05-04T08:57:06Z","fethy.faradji@infopro-digital.com"
"11/09/2026 13:53:39","Documents/Visual Studio 2017/Backup Files/Solution1/~AutoRecover.~vsDE4E.sql","3.0","2026-05-04T09:02:06Z","fethy.faradji@infopro-digital.com"
"11/09/2026 13:53:40","Documents/Visual Studio 2017/Backup Files/Solution1/~AutoRecover.~vsDE4E.sql","4.0","2026-05-04T09:12:07Z","fethy.faradji@infopro-digital.com"
"11/09/2026 13:53:41","Documents/Visual Studio 2017/Backup Files/Solution1/~AutoRecover.~vsDE4E.sql","5.0","2026-05-04T09:17:07Z","fethy.faradji@infopro-digital.com"
"11/09/2026 13:53:42","Documents/Visual Studio 2017/Backup Files/Solution1/~AutoRecover.~vsDE4E.sql","6.0","2026-05-04T09:27:07Z","fethy.faradji@infopro-digital.com"
"11/09/2026 13:53:43","Documents/Visual Studio 2017/Backup Files/Solution1/~AutoRecover.~vsDE4E.sql","7.0","2026-05-04T10:07:07Z","fethy.faradji@infopro-digital.com"
"11/09/2026 13:53:44","Documents/Visual Studio 2017/Backup Files/Solution1/~AutoRecover.~vsDE4E.sql","8.0","2026-05-04T10:12:07Z","fethy.faradji@infopro-digital.com"
"11/09/2026 13:53:45","Documents/Visual Studio 2017/Backup Files/Solution1/~AutoRecover.~vsDE4E.sql","9.0","2026-05-04T10:17:07Z","fethy.faradji@infopro-digital.com"
"11/09/2026 13:53:48","Documents/Visual Studio 2017/Backup Files/Solution1/~AutoRecover.~vsDF85.sql","1.0","2025-12-16T16:34:35Z","fethy.faradji@infopro-digital.com"
"11/09/2026 13:53:51","Documents/Visual Studio 2017/Backup Files/Solution1/~AutoRecover.~vsE03A.sql","1.0","2022-06-14T07:39:32Z","fethy.faradji@infopro-digital.com"
"11/09/2026 13:53:54","Documents/Visual Studio 2017/Backup Files/Solution1/~AutoRecover.~vsE0BF.sql","1.0","2022-06-22T09:07:49Z","fethy.faradji@infopro-digital.com"
"11/09/2026 13:53:57","Documents/Visual Studio 2017/Backup Files/Solution1/~AutoRecover.~vsE1A3.sql","1.0","2022-06-01T09:28:24Z","fethy.faradji@infopro-digital.com"
"11/09/2026 13:54:00","Documents/Visual Studio 2017/Backup Files/Solution1/~AutoRecover.~vsE1F2.sql","1.0","2023-10-02T10:27:50Z","fethy.faradji@infopro-digital.com"
"11/09/2026 13:54:03","Documents/Visual Studio 2017/Backup Files/Solution1/~AutoRecover.~vsE255.sql","1.0","2022-04-21T08:05:45Z","fethy.faradji@infopro-digital.com"
"11/09/2026 13:54:06","Documents/Visual Studio 2017/Backup Files/Solution1/~AutoRecover.~vsE2B5.sql","1.0","2022-06-27T12:25:01Z","fethy.faradji@infopro-digital.com"
"11/09/2026 13:54:09","Documents/Visual Studio 2017/Backup Files/Solution1/~AutoRecover.~vsE409.sql","1.0","2025-04-16T12:10:45Z","fethy.faradji@infopro-digital.com"
"11/09/2026 13:54:10","Documents/Visual Studio 2017/Backup Files/Solution1/~AutoRecover.~vsE409.sql","2.0","2025-04-16T12:15:45Z","fethy.faradji@infopro-digital.com"
"11/09/2026 13:54:13","Documents/Visual Studio 2017/Backup Files/Solution1/~AutoRecover.~vsE63.sql","1.0","2022-06-14T08:39:31Z","fethy.faradji@infopro-digital.com"
"11/09/2026 13:54:16","Documents/Visual Studio 2017/Backup Files/Solution1/~AutoRecover.~vsE882.sql","1.0","2022-06-22T16:35:22Z","fethy.faradji@infopro-digital.com"
"11/09/2026 13:54:17","Documents/Visual Studio 2017/Backup Files/Solution1/~AutoRecover.~vsE882.sql","2.0","2022-06-23T08:08:13Z","fethy.faradji@infopro-digital.com"
"11/09/2026 13:54:19","Documents/Visual Studio 2017/Backup Files/Solution1/~AutoRecover.~vsE93E.sql","1.0","2022-05-31T12:15:38Z","fethy.faradji@infopro-digital.com"
"11/09/2026 13:54:23","Documents/Visual Studio 2017/Backup Files/Solution1/~AutoRecover.~vsED6C.sql","1.0","2022-06-21T08:31:28Z","fethy.faradji@infopro-digital.com"
"11/09/2026 13:54:26","Documents/Visual Studio 2017/Backup Files/Solution1/~AutoRecover.~vsED73.sql","1.0","2021-12-14T16:50:19Z","fethy.faradji@infopro-digital.com"
"11/09/2026 13:54:29","Documents/Visual Studio 2017/Backup Files/Solution1/~AutoRecover.~vsEE88.sql","1.0","2022-06-28T15:39:52Z","fethy.faradji@infopro-digital.com"
"11/09/2026 13:54:32","Documents/Visual Studio 2017/Backup Files/Solution1/~AutoRecover.~vsEF13.sql","1.0","2025-04-16T12:20:45Z","fethy.faradji@infopro-digital.com"
"11/09/2026 13:54:35","Documents/Visual Studio 2017/Backup Files/Solution1/~AutoRecover.~vsF140.sql","1.0","2022-06-15T09:59:43Z","fethy.faradji@infopro-digital.com"
"11/09/2026 13:54:38","Documents/Visual Studio 2017/Backup Files/Solution1/~AutoRecover.~vsF31F.sql","1.0","2022-06-14T08:39:31Z","fethy.faradji@infopro-digital.com"
"11/09/2026 13:54:40","Documents/Visual Studio 2017/Backup Files/Solution1/~AutoRecover.~vsF4AF.sql","1.0","2022-06-14T15:24:34Z","fethy.faradji@infopro-digital.com"
"11/09/2026 13:54:44","Documents/Visual Studio 2017/Backup Files/Solution1/~AutoRecover.~vsF5B0.sql","1.0","2022-06-29T15:30:52Z","fethy.faradji@infopro-digital.com"
"11/09/2026 13:54:47","Documents/Visual Studio 2017/Backup Files/Solution1/~AutoRecover.~vsF6BD.sql","1.0","2022-06-14T07:59:31Z","fethy.faradji@infopro-digital.com"
"11/09/2026 13:54:51","Documents/Visual Studio 2017/Backup Files/Solution1/~AutoRecover.~vsF71E.sql","1.0","2022-06-21T08:26:28Z","fethy.faradji@infopro-digital.com"
"11/09/2026 13:54:54","Documents/Visual Studio 2017/Backup Files/Solution1/~AutoRecover.~vsF840.sql","1.0","2022-06-15T09:54:43Z","fethy.faradji@infopro-digital.com"
"11/09/2026 13:54:57","Documents/Visual Studio 2017/Backup Files/Solution1/~AutoRecover.~vsF874.sql","1.0","2025-04-16T12:20:45Z","fethy.faradji@infopro-digital.com"
"11/09/2026 13:54:58","Documents/Visual Studio 2017/Backup Files/Solution1/~AutoRecover.~vsF874.sql","2.0","2025-04-16T12:25:45Z","fethy.faradji@infopro-digital.com"
"11/09/2026 13:55:01","Documents/Visual Studio 2017/Backup Files/Solution1/~AutoRecover.~vsFA14.sql","1.0","2022-06-16T12:11:47Z","fethy.faradji@infopro-digital.com"
"11/09/2026 13:55:04","Documents/Visual Studio 2017/Backup Files/Solution1/~AutoRecover.~vsFA3E.sql","1.0","2025-04-25T08:31:46Z","fethy.faradji@infopro-digital.com"
"11/09/2026 13:55:06","Documents/Visual Studio 2017/Backup Files/Solution1/~AutoRecover.~vsFA3E.sql","2.0","2025-04-25T08:36:46Z","fethy.faradji@infopro-digital.com"
"11/09/2026 13:55:07","Documents/Visual Studio 2017/Backup Files/Solution1/~AutoRecover.~vsFA3E.sql","3.0","2025-04-25T08:56:46Z","fethy.faradji@infopro-digital.com"
"11/09/2026 13:55:09","Documents/Visual Studio 2017/Backup Files/Solution1/~AutoRecover.~vsFAF9.sql","1.0","2022-05-25T08:26:12Z","fethy.faradji@infopro-digital.com"
"11/09/2026 13:55:10","Documents/Visual Studio 2017/Backup Files/Solution1/~AutoRecover.~vsFAF9.sql","2.0","2022-05-25T09:01:12Z","fethy.faradji@infopro-digital.com"
"11/09/2026 13:55:13","Documents/Visual Studio 2017/Backup Files/Solution1/~AutoRecover.~vsFC30.sql","1.0","2022-06-28T08:13:51Z","fethy.faradji@infopro-digital.com"
"11/09/2026 13:55:16","Documents/Visual Studio 2017/Backup Files/Solution1/~AutoRecover.~vsFCFA.sql","1.0","2023-10-03T14:20:51Z","fethy.faradji@infopro-digital.com"
"11/09/2026 13:55:17","Documents/Visual Studio 2017/Backup Files/Solution1/~AutoRecover.~vsFCFA.sql","2.0","2023-10-03T14:25:51Z","fethy.faradji@infopro-digital.com"
"11/09/2026 13:55:18","Documents/Visual Studio 2017/Backup Files/Solution1/~AutoRecover.~vsFCFA.sql","3.0","2023-10-04T12:19:19Z","fethy.faradji@infopro-digital.com"
"11/09/2026 13:55:19","Documents/Visual Studio 2017/Backup Files/Solution1/~AutoRecover.~vsFCFA.sql","4.0","2023-10-04T12:24:19Z","fethy.faradji@infopro-digital.com"
"11/09/2026 13:55:20","Documents/Visual Studio 2017/Backup Files/Solution1/~AutoRecover.~vsFCFA.sql","5.0","2023-10-04T12:29:19Z","fethy.faradji@infopro-digital.com"
"11/09/2026 13:55:21","Documents/Visual Studio 2017/Backup Files/Solution1/~AutoRecover.~vsFCFA.sql","6.0","2023-10-04T12:34:19Z","fethy.faradji@infopro-digital.com"
"11/09/2026 13:55:23","Documents/Visual Studio 2017/Backup Files/Solution1/~AutoRecover.~vsFDDB.sql","1.0","2022-06-15T06:19:42Z","fethy.faradji@infopro-digital.com"
"11/09/2026 13:55:26","Documents/Visual Studio 2017/Backup Files/Solution1/~AutoRecover.~vsFED6.sql","1.0","2022-06-15T09:59:43Z","fethy.faradji@infopro-digital.com"
"11/09/2026 13:55:29","Documents/Visual Studio 2017/Backup Files/Solution1/~AutoRecover.~vsFF3A.sql","1.0","2025-01-09T08:55:37Z","fethy.faradji@infopro-digital.com"
"11/09/2026 13:55:31","Documents/Visual Studio 2017/Backup Files/Solution1/~AutoRecover.~vsFF3A.sql","2.0","2025-01-09T09:00:37Z","fethy.faradji@infopro-digital.com"
"11/09/2026 13:55:33","Documents/Visual Studio 2017/Backup Files/Solution1/~AutoRecover.~vsFFC5.sql","1.0","2024-08-06T07:49:54Z","fethy.faradji@infopro-digital.com"
"11/09/2026 13:55:37","Documents/Visual Studio 2017/Backup Files/Solution1/~AutoRecover.2 - insert_DIM_SEMAINES.sql","1.0","2024-01-10T11:13:22Z","fethy.faradji@infopro-digital.com"
"11/09/2026 13:55:38","Documents/Visual Studio 2017/Backup Files/Solution1/~AutoRecover.2 - insert_DIM_SEMAINES.sql","2.0","2024-01-10T13:08:22Z","fethy.faradji@infopro-digital.com"
"11/09/2026 13:55:42","Documents/Visual Studio 2017/Backup Files/Solution1/~AutoRecover.delete tmp_simx_ao_in.sql","1.0","2023-06-19T14:30:29Z","fethy.faradji@infopro-digital.com"
"11/09/2026 13:55:46","Documents/Visual Studio 2017/Backup Files/Solution1/~AutoRecover.Netoyage_SF_Edit (004).sql","1.0","2023-09-20T09:19:08Z","fethy.faradji@infopro-digital.com"
"11/09/2026 13:55:47","Documents/Visual Studio 2017/Backup Files/Solution1/~AutoRecover.Netoyage_SF_Edit (004).sql","2.0","2023-09-20T09:24:08Z","fethy.faradji@infopro-digital.com"
"11/09/2026 13:55:50","Documents/Visual Studio 2017/Backup Files/Solution1/~AutoRecover.Netoyage_SF_Edit (007).sql","1.0","2023-10-02T10:37:50Z","fethy.faradji@infopro-digital.com"
"11/09/2026 13:55:52","Documents/Visual Studio 2017/Backup Files/Solution1/~AutoRecover.Netoyage_SF_Edit (007).sql","2.0","2023-10-02T12:17:52Z","fethy.faradji@infopro-digital.com"
"11/09/2026 13:55:53","Documents/Visual Studio 2017/Backup Files/Solution1/~AutoRecover.Netoyage_SF_Edit (007).sql","3.0","2023-10-02T12:22:52Z","fethy.faradji@infopro-digital.com"
"11/09/2026 13:55:57","Documents/Visual Studio 2017/Backup Files/Solution1/~AutoRecover.requete clean support web.sql","1.0","2022-08-19T09:09:23Z","fethy.faradji@infopro-digital.com"
"11/09/2026 13:56:01","Documents/Visual Studio 2017/Backup Files/Solution1/~AutoRecover.Test_Avis + pub (retour christelle).sql","1.0","2022-08-19T09:09:23Z","fethy.faradji@infopro-digital.com"
"11/09/2026 13:56:05","Documents/Visual Studio 2017/Backup Files/Solution1/Original-août-02-2022-1102.~vs2713.sql","1.0","2022-07-28T09:24:35Z","fethy.faradji@infopro-digital.com"
"11/09/2026 13:56:09","Documents/Visual Studio 2017/Backup Files/Solution1/Original-août-02-2022-1102.~vs2A4.sql","1.0","2022-07-28T12:35:35Z","fethy.faradji@infopro-digital.com"
"11/09/2026 13:56:12","Documents/Visual Studio 2017/Backup Files/Solution1/Original-août-02-2022-1102.~vs2D3A.sql","1.0","2022-07-27T12:52:32Z","fethy.faradji@infopro-digital.com"
"11/09/2026 13:56:15","Documents/Visual Studio 2017/Backup Files/Solution1/Original-août-02-2022-1102.~vs37.sql","1.0","2022-07-28T12:19:11Z","fethy.faradji@infopro-digital.com"
"11/09/2026 13:56:19","Documents/Visual Studio 2017/Backup Files/Solution1/Original-août-02-2022-1102.~vs392D.sql","1.0","2022-07-27T12:54:46Z","fethy.faradji@infopro-digital.com"
"11/09/2026 13:56:22","Documents/Visual Studio 2017/Backup Files/Solution1/Original-août-02-2022-1102.~vs407.sql","1.0","2022-07-28T09:25:32Z","fethy.faradji@infopro-digital.com"
"11/09/2026 13:56:25","Documents/Visual Studio 2017/Backup Files/Solution1/Original-août-02-2022-1102.~vs5ED0.sql","1.0","2022-07-28T12:07:34Z","fethy.faradji@infopro-digital.com"
"11/09/2026 13:56:28","Documents/Visual Studio 2017/Backup Files/Solution1/Original-août-02-2022-1102.~vs6309.sql","1.0","2022-07-27T13:13:31Z","fethy.faradji@infopro-digital.com"
"11/09/2026 13:56:31","Documents/Visual Studio 2017/Backup Files/Solution1/Original-août-02-2022-1102.~vs6440.sql","1.0","2022-07-25T13:52:33Z","fethy.faradji@infopro-digital.com"
"11/09/2026 13:56:34","Documents/Visual Studio 2017/Backup Files/Solution1/Original-août-02-2022-1102.~vs6941.sql","1.0","2022-07-28T12:42:34Z","fethy.faradji@infopro-digital.com"
"11/09/2026 13:56:37","Documents/Visual Studio 2017/Backup Files/Solution1/Original-août-02-2022-1102.~vs78B.sql","1.0","2022-07-28T09:32:06Z","fethy.faradji@infopro-digital.com"
"11/09/2026 13:56:41","Documents/Visual Studio 2017/Backup Files/Solution1/Original-août-02-2022-1102.~vs83F2.sql","1.0","2022-07-28T12:11:00Z","fethy.faradji@infopro-digital.com"
"11/09/2026 13:56:44","Documents/Visual Studio 2017/Backup Files/Solution1/Original-août-02-2022-1102.~vs8521.sql","1.0","2022-07-27T08:03:28Z","fethy.faradji@infopro-digital.com"
"11/09/2026 13:56:48","Documents/Visual Studio 2017/Backup Files/Solution1/Original-août-02-2022-1102.~vs9DB5.sql","1.0","2022-07-29T08:55:13Z","fethy.faradji@infopro-digital.com"
"11/09/2026 13:56:51","Documents/Visual Studio 2017/Backup Files/Solution1/Original-août-02-2022-1102.~vs9F4F.sql","1.0","2022-07-28T08:51:14Z","fethy.faradji@infopro-digital.com"
"11/09/2026 13:56:54","Documents/Visual Studio 2017/Backup Files/Solution1/Original-août-02-2022-1102.~vsA7A5.sql","1.0","2022-07-28T12:51:34Z","fethy.faradji@infopro-digital.com"
"11/09/2026 13:56:57","Documents/Visual Studio 2017/Backup Files/Solution1/Original-août-02-2022-1102.~vsA817.sql","1.0","2022-07-28T13:50:33Z","fethy.faradji@infopro-digital.com"
"11/09/2026 13:56:59","Documents/Visual Studio 2017/Backup Files/Solution1/Original-août-02-2022-1102.~vsBD32.sql","1.0","2022-07-28T10:00:11Z","fethy.faradji@infopro-digital.com"
"11/09/2026 13:57:02","Documents/Visual Studio 2017/Backup Files/Solution1/Original-août-02-2022-1102.~vsC87A.sql","1.0","2022-07-29T14:02:19Z","fethy.faradji@infopro-digital.com"
"11/09/2026 13:57:05","Documents/Visual Studio 2017/Backup Files/Solution1/Original-août-02-2022-1102.~vsDD43.sql","1.0","2022-07-28T12:45:15Z","fethy.faradji@infopro-digital.com"
"11/09/2026 13:57:08","Documents/Visual Studio 2017/Backup Files/Solution1/Original-août-02-2022-1102.~vsE4E4.sql","1.0","2022-07-28T13:42:05Z","fethy.faradji@infopro-digital.com"
"11/09/2026 13:57:12","Documents/Visual Studio 2017/Backup Files/Solution1/Original-août-02-2022-1102.~vsE840.sql","1.0","2022-07-28T12:04:53Z","fethy.faradji@infopro-digital.com"
"11/09/2026 13:57:15","Documents/Visual Studio 2017/Backup Files/Solution1/Original-août-02-2022-1102.~vsF28C.sql","1.0","2022-07-28T12:26:46Z","fethy.faradji@infopro-digital.com"
"11/09/2026 13:57:18","Documents/Visual Studio 2017/Backup Files/Solution1/Original-août-02-2022-1102.DataUpdate_BIM_DM_1.sql","1.0","2022-06-30T12:39:43Z","fethy.faradji@infopro-digital.com"
"11/09/2026 13:57:42","Documents/Visual Studio 2017/Backup Files/Solution1/Original-août-02-2022-1102.DataUpdate_BIM_DM_1.sql","2.0","2022-07-01T09:25:23Z","fethy.faradji@infopro-digital.com"
"11/09/2026 13:57:55","Documents/Visual Studio 2017/Backup Files/Solution1/Original-août-02-2022-1102.DataUpdate_BIM_DM_2.sql","1.0","2022-06-30T13:01:38Z","fethy.faradji@infopro-digital.com"
"11/09/2026 13:58:07","Documents/Visual Studio 2017/Backup Files/Solution1/Original-août-02-2022-1102.DataUpdate_BIM_DM_2.sql","2.0","2022-07-01T09:30:36Z","fethy.faradji@infopro-digital.com"
"11/09/2026 13:58:13","Documents/Visual Studio 2017/Backup Files/Solution1/Original-août-03-2022-1045.~vs1722.sql","1.0","2022-07-29T13:25:31Z","fethy.faradji@infopro-digital.com"
"11/09/2026 13:58:16","Documents/Visual Studio 2017/Backup Files/Solution1/Original-août-03-2022-1045.~vs1CB8.sql","1.0","2022-07-29T08:08:47Z","fethy.faradji@infopro-digital.com"
"11/09/2026 13:58:19","Documents/Visual Studio 2017/Backup Files/Solution1/Original-août-03-2022-1045.~vs2183.sql","1.0","2022-07-29T09:02:20Z","fethy.faradji@infopro-digital.com"
"11/09/2026 13:58:22","Documents/Visual Studio 2017/Backup Files/Solution1/Original-août-03-2022-1045.~vs2432.sql","1.0","2022-07-29T09:01:15Z","fethy.faradji@infopro-digital.com"
"11/09/2026 13:58:26","Documents/Visual Studio 2017/Backup Files/Solution1/Original-août-03-2022-1045.~vs3B97.sql","1.0","2022-07-29T13:28:57Z","fethy.faradji@infopro-digital.com"
"11/09/2026 13:58:29","Documents/Visual Studio 2017/Backup Files/Solution1/Original-août-03-2022-1045.~vs4DE0.sql","1.0","2022-07-29T08:57:03Z","fethy.faradji@infopro-digital.com"
"11/09/2026 13:58:32","Documents/Visual Studio 2017/Backup Files/Solution1/Original-août-03-2022-1045.~vs7C61.sql","1.0","2022-07-29T13:13:56Z","fethy.faradji@infopro-digital.com"
"11/09/2026 13:58:35","Documents/Visual Studio 2017/Backup Files/Solution1/Original-août-03-2022-1045.~vs8E18.sql","1.0","2022-07-29T12:16:07Z","fethy.faradji@infopro-digital.com"
"11/09/2026 13:58:39","Documents/Visual Studio 2017/Backup Files/Solution1/Original-août-03-2022-1045.~vsB3AD.sql","1.0","2022-07-29T12:55:36Z","fethy.faradji@infopro-digital.com"
"11/09/2026 13:58:42","Documents/Visual Studio 2017/Backup Files/Solution1/Original-août-03-2022-1045.~vsB561.sql","1.0","2022-07-29T08:17:05Z","fethy.faradji@infopro-digital.com"
"11/09/2026 13:58:45","Documents/Visual Studio 2017/Backup Files/Solution1/Original-août-03-2022-1045.~vsC893.sql","1.0","2022-07-29T12:15:17Z","fethy.faradji@infopro-digital.com"
"11/09/2026 13:58:49","Documents/Visual Studio 2017/Backup Files/Solution1/Original-août-03-2022-1045.~vsC99B.sql","1.0","2022-07-29T09:59:50Z","fethy.faradji@infopro-digital.com"
"11/09/2026 13:58:52","Documents/Visual Studio 2017/Backup Files/Solution1/Original-août-03-2022-1045.~vsEE73.sql","1.0","2022-07-29T14:59:17Z","fethy.faradji@infopro-digital.com"
"11/09/2026 13:58:55","Documents/Visual Studio 2017/Backup Files/Solution1/Original-août-03-2022-1045.~vsF02A.sql","1.0","2022-07-29T09:27:14Z","fethy.faradji@infopro-digital.com"
"11/09/2026 13:58:58","Documents/Visual Studio 2017/Backup Files/Solution1/Original-août-03-2022-1045.~vsF948.sql","1.0","2022-07-29T07:54:26Z","fethy.faradji@infopro-digital.com"
"11/09/2026 13:59:02","Documents/Visual Studio 2017/Backup Files/Solution1/Original-août-22-2022-0520.~vs5E8D.sql","1.0","2022-08-19T09:10:50Z","fethy.faradji@infopro-digital.com"
"11/09/2026 13:59:05","Documents/Visual Studio 2017/Backup Files/Solution1/Original-août-22-2022-0520.Test_Avis + pub (retour christelle).sql","1.0","2022-08-17T08:35:51Z","fethy.faradji@infopro-digital.com"
"11/09/2026 13:59:09","Documents/Visual Studio 2017/Backup Files/Solution1/Original-août-26-2022-0956.~vs666D.sql","1.0","2022-08-23T14:19:35Z","fethy.faradji@infopro-digital.com"
"11/09/2026 13:59:12","Documents/Visual Studio 2017/Backup Files/Solution1/Original-août-26-2022-0956.~vsB729.sql","1.0","2022-08-23T13:54:48Z","fethy.faradji@infopro-digital.com"
"11/09/2026 13:59:15","Documents/Visual Studio 2017/Backup Files/Solution1/Original-août-26-2022-0956.~vsDCED.sql","1.0","2022-08-24T08:02:52Z","fethy.faradji@infopro-digital.com"
"11/09/2026 13:59:18","Documents/Visual Studio 2017/Backup Files/Solution1/Original-août-26-2022-0956.requete clean support web.sql3","1.0","2022-08-23T09:22:56Z","fethy.faradji@infopro-digital.com"
"11/09/2026 13:59:22","Documents/Visual Studio 2017/Backup Files/Solution1/Original-avr.-26-2024-0905.~vsC000.sql","1.0","2024-04-25T07:37:22Z","fethy.faradji@infopro-digital.com"
"11/09/2026 13:59:25","Documents/Visual Studio 2017/Backup Files/Solution1/Original-avr.-26-2024-0905.~vsF36B.sql","1.0","2024-04-24T07:46:45Z","fethy.faradji@infopro-digital.com"
"11/09/2026 13:59:28","Documents/Visual Studio 2017/Backup Files/Solution1/Original-déc.-03-2021-1030.~vs3587.sql","1.0","2021-12-02T10:31:17Z","fethy.faradji@infopro-digital.com"
"11/09/2026 13:59:31","Documents/Visual Studio 2017/Backup Files/Solution1/Original-déc.-20-2021-0237.~vsEC96.sql","1.0","2021-12-20T09:28:06Z","fethy.faradji@infopro-digital.com"
"11/09/2026 13:59:35","Documents/Visual Studio 2017/Backup Files/Solution1/Original-févr.-01-2022-1133.~vs6143.sql","1.0","2022-01-31T13:35:43Z","fethy.faradji@infopro-digital.com"
"11/09/2026 13:59:38","Documents/Visual Studio 2017/Backup Files/Solution1/Original-févr.-01-2022-1133.~vs67EA.sql","1.0","2022-01-28T10:11:10Z","fethy.faradji@infopro-digital.com"
"11/09/2026 13:59:41","Documents/Visual Studio 2017/Backup Files/Solution1/Original-févr.-01-2022-1133.~vs6C0D.sql","1.0","2022-01-31T10:38:49Z","fethy.faradji@infopro-digital.com"
"11/09/2026 13:59:45","Documents/Visual Studio 2017/Backup Files/Solution1/Original-févr.-02-2022-1109.~vs67EA.sql","1.0","2022-01-31T10:50:15Z","fethy.faradji@infopro-digital.com"
"11/09/2026 13:59:48","Documents/Visual Studio 2017/Backup Files/Solution1/Original-févr.-07-2022-1035.~vs67EA.sql","1.0","2022-02-01T15:18:59Z","fethy.faradji@infopro-digital.com"
"11/09/2026 13:59:51","Documents/Visual Studio 2017/Backup Files/Solution1/Original-févr.-07-2022-1035.~vsD31B.sql","1.0","2022-02-03T09:36:40Z","fethy.faradji@infopro-digital.com"
"11/09/2026 13:59:54","Documents/Visual Studio 2017/Backup Files/Solution1/Original-févr.-07-2022-1035.~vsEFB0.sql","1.0","2022-02-03T09:24:47Z","fethy.faradji@infopro-digital.com"
"11/09/2026 13:59:57","Documents/Visual Studio 2017/Backup Files/Solution1/Original-févr.-14-2022-0943.~vs27FB.sql","1.0","2022-02-11T16:01:22Z","fethy.faradji@infopro-digital.com"
"11/09/2026 14:00:00","Documents/Visual Studio 2017/Backup Files/Solution1/Original-févr.-14-2022-0943.~vs3A12.sql","1.0","2022-02-11T15:58:10Z","fethy.faradji@infopro-digital.com"
"11/09/2026 14:00:04","Documents/Visual Studio 2017/Backup Files/Solution1/Original-févr.-14-2022-0943.~vs4749.sql","1.0","2022-02-10T15:52:04Z","fethy.faradji@infopro-digital.com"
"11/09/2026 14:00:07","Documents/Visual Studio 2017/Backup Files/Solution1/Original-févr.-14-2022-0943.~vs858F.sql","1.0","2022-02-11T16:00:41Z","fethy.faradji@infopro-digital.com"
"11/09/2026 14:00:11","Documents/Visual Studio 2017/Backup Files/Solution1/Original-févr.-14-2022-0943.~vs87C3.sql","1.0","2022-02-11T15:59:36Z","fethy.faradji@infopro-digital.com"
"11/09/2026 14:00:15","Documents/Visual Studio 2017/Backup Files/Solution1/Original-févr.-14-2022-0943.~vs903C.sql","1.0","2022-02-11T16:01:49Z","fethy.faradji@infopro-digital.com"
"11/09/2026 14:00:18","Documents/Visual Studio 2017/Backup Files/Solution1/Original-févr.-14-2022-0943.~vsDFFE.sql","1.0","2022-02-11T15:56:42Z","fethy.faradji@infopro-digital.com"
"11/09/2026 14:00:21","Documents/Visual Studio 2017/Backup Files/Solution1/Original-févr.-15-2022-0227.~vs380B.sql","1.0","2022-02-15T09:08:50Z","fethy.faradji@infopro-digital.com"
"11/09/2026 14:00:24","Documents/Visual Studio 2017/Backup Files/Solution1/Original-févr.-15-2022-1007.~vs88B3.sql","1.0","2022-02-14T08:51:15Z","fethy.faradji@infopro-digital.com"
"11/09/2026 14:00:28","Documents/Visual Studio 2017/Backup Files/Solution1/Original-févr.-21-2022-0336.~vs91CA.sql","1.0","2022-02-21T13:08:01Z","fethy.faradji@infopro-digital.com"
"11/09/2026 14:00:32","Documents/Visual Studio 2017/Backup Files/Solution1/Original-févr.-21-2022-0336.~vs9A5D.sql","1.0","2022-02-21T11:24:17Z","fethy.faradji@infopro-digital.com"
"11/09/2026 14:00:35","Documents/Visual Studio 2017/Backup Files/Solution1/Original-févr.-21-2022-1224.~vs3539.sql","1.0","2022-02-18T16:08:45Z","fethy.faradji@infopro-digital.com"
"11/09/2026 14:00:38","Documents/Visual Studio 2017/Backup Files/Solution1/Original-févr.-21-2022-1224.~vs41BC.sql","1.0","2022-02-18T13:36:58Z","fethy.faradji@infopro-digital.com"
"11/09/2026 14:00:41","Documents/Visual Studio 2017/Backup Files/Solution1/Original-févr.-21-2022-1224.~vs4418.sql","1.0","2022-02-18T16:15:22Z","fethy.faradji@infopro-digital.com"
"11/09/2026 14:00:44","Documents/Visual Studio 2017/Backup Files/Solution1/Original-févr.-21-2022-1224.~vs8C49.sql","1.0","2022-02-18T10:15:14Z","fethy.faradji@infopro-digital.com"
"11/09/2026 14:00:47","Documents/Visual Studio 2017/Backup Files/Solution1/Original-févr.-21-2022-1224.~vs98ED.sql","1.0","2022-02-18T16:16:49Z","fethy.faradji@infopro-digital.com"
"11/09/2026 14:00:51","Documents/Visual Studio 2017/Backup Files/Solution1/Original-févr.-21-2022-1224.~vs994C.sql","1.0","2022-02-18T16:11:21Z","fethy.faradji@infopro-digital.com"
"11/09/2026 14:00:54","Documents/Visual Studio 2017/Backup Files/Solution1/Original-févr.-22-2022-1122.~vs8944.sql","1.0","2022-02-21T14:42:11Z","fethy.faradji@infopro-digital.com"
"11/09/2026 14:00:57","Documents/Visual Studio 2017/Backup Files/Solution1/Original-févr.-24-2022-1151.~vs30C1.sql","1.0","2022-02-22T15:00:59Z","fethy.faradji@infopro-digital.com"
"11/09/2026 14:01:00","Documents/Visual Studio 2017/Backup Files/Solution1/Original-févr.-24-2022-1151.~vs31F6.sql","1.0","2022-02-23T21:42:29Z","fethy.faradji@infopro-digital.com"
"11/09/2026 14:01:03","Documents/Visual Studio 2017/Backup Files/Solution1/Original-févr.-24-2022-1151.~vs6B1A.sql","1.0","2022-02-22T10:47:49Z","fethy.faradji@infopro-digital.com"
"11/09/2026 14:01:06","Documents/Visual Studio 2017/Backup Files/Solution1/Original-févr.-24-2022-1151.~vs7D43.sql","1.0","2022-02-22T10:38:04Z","fethy.faradji@infopro-digital.com"
"11/09/2026 14:01:10","Documents/Visual Studio 2017/Backup Files/Solution1/Original-févr.-24-2022-1151.~vs88F0.sql","1.0","2022-02-22T11:25:05Z","fethy.faradji@infopro-digital.com"
"11/09/2026 14:01:14","Documents/Visual Studio 2017/Backup Files/Solution1/Original-févr.-24-2022-1151.~vsE32C.sql","1.0","2022-02-22T15:00:39Z","fethy.faradji@infopro-digital.com"
"11/09/2026 14:01:17","Documents/Visual Studio 2017/Backup Files/Solution1/Original-févr.-25-2022-1159.~vs17C7.sql","1.0","2022-02-24T11:33:40Z","fethy.faradji@infopro-digital.com"
"11/09/2026 14:01:20","Documents/Visual Studio 2017/Backup Files/Solution1/Original-févr.-25-2022-1159.~vs31F6.sql","1.0","2022-02-23T21:47:07Z","fethy.faradji@infopro-digital.com"
"11/09/2026 14:01:23","Documents/Visual Studio 2017/Backup Files/Solution1/Original-févr.-25-2022-1159.~vs419F.sql","1.0","2022-02-24T11:19:39Z","fethy.faradji@infopro-digital.com"
"11/09/2026 14:01:27","Documents/Visual Studio 2017/Backup Files/Solution1/Original-janv.-13-2022-1033.~vs209B.sql","1.0","2022-01-12T08:54:25Z","fethy.faradji@infopro-digital.com"
"11/09/2026 14:01:30","Documents/Visual Studio 2017/Backup Files/Solution1/Original-janv.-13-2022-1033.~vs4B3D.sql","1.0","2022-01-12T08:56:47Z","fethy.faradji@infopro-digital.com"
"11/09/2026 14:01:33","Documents/Visual Studio 2017/Backup Files/Solution1/Original-janv.-13-2022-1033.~vsC741.sql","1.0","2022-01-12T08:42:02Z","fethy.faradji@infopro-digital.com"
"11/09/2026 14:01:37","Documents/Visual Studio 2017/Backup Files/Solution1/Original-janv.-14-2022-0222.~vsFB6B.sql","1.0","2022-01-14T09:47:31Z","fethy.faradji@infopro-digital.com"
"11/09/2026 14:01:40","Documents/Visual Studio 2017/Backup Files/Solution1/Original-janv.-19-2023-1230.~vs6335.sql","1.0","2023-01-19T09:23:26Z","fethy.faradji@infopro-digital.com"
"11/09/2026 14:01:43","Documents/Visual Studio 2017/Backup Files/Solution1/Original-janv.-28-2022-1036.~vs282E.sql","1.0","2022-01-27T09:40:11Z","fethy.faradji@infopro-digital.com"
"11/09/2026 14:01:46","Documents/Visual Studio 2017/Backup Files/Solution1/Original-janv.-28-2022-1036.~vsD30E.sql","1.0","2022-01-27T09:22:21Z","fethy.faradji@infopro-digital.com"
"11/09/2026 14:01:50","Documents/Visual Studio 2017/Backup Files/Solution1/Original-janv.-28-2025-1159.~vs5FA0.sql","1.0","2025-01-09T09:37:07Z","fethy.faradji@infopro-digital.com"
"11/09/2026 14:01:53","Documents/Visual Studio 2017/Backup Files/Solution1/Original-janv.-28-2025-1159.~vsCEBE.sql","1.0","2025-01-07T15:14:48Z","fethy.faradji@infopro-digital.com"
"11/09/2026 14:01:56","Documents/Visual Studio 2017/Backup Files/Solution1/Original-janv.-31-2022-1040.~vs282E.sql","1.0","2022-01-27T14:52:05Z","fethy.faradji@infopro-digital.com"
"11/09/2026 14:01:59","Documents/Visual Studio 2017/Backup Files/Solution1/Original-janv.-31-2022-1040.~vs6318.sql","1.0","2022-01-28T09:39:29Z","fethy.faradji@infopro-digital.com"
"11/09/2026 14:02:03","Documents/Visual Studio 2017/Backup Files/Solution1/Original-janv.-31-2022-1040.~vs67EA.sql","1.0","2022-01-28T10:07:54Z","fethy.faradji@infopro-digital.com"
"11/09/2026 14:02:06","Documents/Visual Studio 2017/Backup Files/Solution1/Original-janv.-31-2022-1040.~vsCD94.sql","1.0","2022-01-28T10:05:03Z","fethy.faradji@infopro-digital.com"
"11/09/2026 14:02:09","Documents/Visual Studio 2017/Backup Files/Solution1/Original-janv.-31-2022-1040.~vsE429.sql","1.0","2022-01-28T09:42:14Z","fethy.faradji@infopro-digital.com"
"11/09/2026 14:02:13","Documents/Visual Studio 2017/Backup Files/Solution1/Original-janv.-31-2024-0339.~vs559B.sql","1.0","2024-01-31T09:38:07Z","fethy.faradji@infopro-digital.com"
"11/09/2026 14:02:16","Documents/Visual Studio 2017/Backup Files/Solution1/Original-janv.-31-2024-0339.~vs595A.sql","1.0","2024-01-26T08:25:52Z","fethy.faradji@infopro-digital.com"
"11/09/2026 14:02:19","Documents/Visual Studio 2017/Backup Files/Solution1/Original-janv.-31-2024-0339.~vs8917.sql","1.0","2024-01-30T09:23:27Z","fethy.faradji@infopro-digital.com"
"11/09/2026 14:02:23","Documents/Visual Studio 2017/Backup Files/Solution1/Original-juin-15-2023-1129.~vsC670.sql","1.0","2023-06-14T09:58:38Z","fethy.faradji@infopro-digital.com"
"11/09/2026 14:02:26","Documents/Visual Studio 2017/Backup Files/Solution1/Original-juin-15-2023-1129.~vsE826.sql","1.0","2023-06-14T12:33:53Z","fethy.faradji@infopro-digital.com"
"11/09/2026 14:02:29","Documents/Visual Studio 2017/Backup Files/Solution1/Original-juin-18-2022-1105.~vs14FD.sql","1.0","2022-06-17T17:19:33Z","fethy.faradji@infopro-digital.com"
"11/09/2026 14:02:32","Documents/Visual Studio 2017/Backup Files/Solution1/Original-juin-18-2022-1105.~vs4D55.sql","1.0","2022-06-17T17:40:32Z","fethy.faradji@infopro-digital.com"
"11/09/2026 14:02:36","Documents/Visual Studio 2017/Backup Files/Solution1/Original-juin-18-2022-1105.~vs9FF5.sql","1.0","2022-06-18T19:18:48Z","fethy.faradji@infopro-digital.com"
"11/09/2026 14:02:39","Documents/Visual Studio 2017/Backup Files/Solution1/Original-juin-18-2022-1105.~vsC53F.sql","1.0","2022-06-17T17:43:14Z","fethy.faradji@infopro-digital.com"
"11/09/2026 14:02:43","Documents/Visual Studio 2017/Backup Files/Solution1/Original-juin-18-2022-1105.~vsCECB.sql","1.0","2022-06-18T19:22:17Z","fethy.faradji@infopro-digital.com"
"11/09/2026 14:02:46","Documents/Visual Studio 2017/Backup Files/Solution1/Original-juin-20-2022-0412.~vs2C5B.sql","1.0","2022-06-20T10:34:19Z","fethy.faradji@infopro-digital.com"
"11/09/2026 14:02:49","Documents/Visual Studio 2017/Backup Files/Solution1/Original-juin-20-2022-0412.~vs3B7D.sql","1.0","2022-06-20T09:47:24Z","fethy.faradji@infopro-digital.com"
"11/09/2026 14:02:52","Documents/Visual Studio 2017/Backup Files/Solution1/Original-juin-20-2022-0412.~vs99D2.sql","1.0","2022-06-20T12:21:49Z","fethy.faradji@infopro-digital.com"
"11/09/2026 14:02:55","Documents/Visual Studio 2017/Backup Files/Solution1/Original-juin-20-2022-0412.~vsBF3.sql","1.0","2022-06-19T11:29:11Z","fethy.faradji@infopro-digital.com"
"11/09/2026 14:02:58","Documents/Visual Studio 2017/Backup Files/Solution1/Original-juin-20-2022-0412.~vsC17E.sql","1.0","2022-06-20T09:15:13Z","fethy.faradji@infopro-digital.com"
"11/09/2026 14:03:02","Documents/Visual Studio 2017/Backup Files/Solution1/Original-juin-20-2022-0412.~vsCFCF.sql","1.0","2022-06-19T10:03:44Z","fethy.faradji@infopro-digital.com"
"11/09/2026 14:03:05","Documents/Visual Studio 2017/Backup Files/Solution1/Original-juin-20-2022-0412.~vsE482.sql","1.0","2022-06-19T11:30:07Z","fethy.faradji@infopro-digital.com"
"11/09/2026 14:03:09","Documents/Visual Studio 2017/Backup Files/Solution1/Original-juin-20-2022-0412.~vsE6F.sql","1.0","2022-06-19T09:59:38Z","fethy.faradji@infopro-digital.com"
"11/09/2026 14:03:12","Documents/Visual Studio 2017/Backup Files/Solution1/Original-juin-21-2022-1116.~vs2B6D.sql","1.0","2022-06-20T13:03:57Z","fethy.faradji@infopro-digital.com"
"11/09/2026 14:03:16","Documents/Visual Studio 2017/Backup Files/Solution1/Original-juin-21-2022-1116.~vs47A4.sql","1.0","2022-06-19T18:08:07Z","fethy.faradji@infopro-digital.com"
"11/09/2026 14:03:19","Documents/Visual Studio 2017/Backup Files/Solution1/Original-juin-21-2022-1116.~vs8670.sql","1.0","2022-06-20T09:36:48Z","fethy.faradji@infopro-digital.com"
"11/09/2026 14:03:23","Documents/Visual Studio 2017/Backup Files/Solution1/Original-juin-21-2022-1116.~vs91D1.sql","1.0","2022-06-20T12:14:08Z","fethy.faradji@infopro-digital.com"
"11/09/2026 14:03:26","Documents/Visual Studio 2017/Backup Files/Solution1/Original-juin-21-2022-1116.~vsCECB.sql","1.0","2022-06-18T19:24:21Z","fethy.faradji@infopro-digital.com"
"11/09/2026 14:03:29","Documents/Visual Studio 2017/Backup Files/Solution1/Original-juin-29-2022-1205.~vs3E01.sql","1.0","2022-06-28T16:07:37Z","fethy.faradji@infopro-digital.com"
"11/09/2026 14:03:32","Documents/Visual Studio 2017/Backup Files/Solution1/Original-mars-03-2022-1158.~vs22A6.sql","1.0","2022-03-01T14:35:10Z","fethy.faradji@infopro-digital.com"
"11/09/2026 14:03:36","Documents/Visual Studio 2017/Backup Files/Solution1/Original-mars-13-2025-1110.~vs1541.sql","1.0","2025-03-12T15:17:41Z","fethy.faradji@infopro-digital.com"
"11/09/2026 14:03:39","Documents/Visual Studio 2017/Backup Files/Solution1/Original-mars-13-2025-1110.~vs5D99.sql","1.0","2025-03-12T14:45:14Z","fethy.faradji@infopro-digital.com"
"11/09/2026 14:03:42","Documents/Visual Studio 2017/Backup Files/Solution1/Original-mars-13-2025-1110.~vs6622.sql","1.0","2025-03-12T14:41:59Z","fethy.faradji@infopro-digital.com"
"11/09/2026 14:03:45","Documents/Visual Studio 2017/Backup Files/Solution1/Original-mars-13-2025-1110.~vs883B.sql","1.0","2025-03-12T15:19:16Z","fethy.faradji@infopro-digital.com"
"11/09/2026 14:03:48","Documents/Visual Studio 2017/Backup Files/Solution1/Original-mars-13-2025-1110.~vsDEF9.sql","1.0","2025-03-12T15:24:01Z","fethy.faradji@infopro-digital.com"
"11/09/2026 14:03:52","Documents/Visual Studio 2017/Backup Files/Solution1/Original-mars-13-2025-1110.~vsE642.sql","1.0","2025-03-12T14:45:49Z","fethy.faradji@infopro-digital.com"
"11/09/2026 14:03:55","Documents/Visual Studio 2017/Backup Files/Solution1/Original-mars-13-2025-1110.~vsEA23.sql","1.0","2025-03-12T13:25:01Z","fethy.faradji@infopro-digital.com"
"11/09/2026 14:03:58","Documents/Visual Studio 2017/Backup Files/Solution1/Original-mars-18-2022-0950.~vs314A.sql","1.0","2022-03-11T14:42:40Z","fethy.faradji@infopro-digital.com"
"11/09/2026 14:04:01","Documents/Visual Studio 2017/Backup Files/Solution1/Original-mars-18-2022-0950.~vs647E.sql","1.0","2022-03-15T10:12:36Z","fethy.faradji@infopro-digital.com"
"11/09/2026 14:04:04","Documents/Visual Studio 2017/Backup Files/Solution1/Original-oct.-07-2022-1047.~vs1445.sql","1.0","2022-09-28T10:03:33Z","fethy.faradji@infopro-digital.com"
"11/09/2026 14:04:07","Documents/Visual Studio 2017/Backup Files/Solution1/Original-oct.-07-2022-1047.~vs19A0.sql","1.0","2022-10-05T08:26:49Z","fethy.faradji@infopro-digital.com"
"11/09/2026 14:04:10","Documents/Visual Studio 2017/Backup Files/Solution1/Original-oct.-07-2022-1047.~vs2ADF.sql","1.0","2022-10-03T13:07:20Z","fethy.faradji@infopro-digital.com"
"11/09/2026 14:04:13","Documents/Visual Studio 2017/Backup Files/Solution1/Original-oct.-07-2022-1047.~vs4DE5.sql","1.0","2022-10-03T15:29:28Z","fethy.faradji@infopro-digital.com"
"11/09/2026 14:04:16","Documents/Visual Studio 2017/Backup Files/Solution1/Original-oct.-07-2022-1047.~vs63D6.sql","1.0","2022-10-03T15:36:07Z","fethy.faradji@infopro-digital.com"
"11/09/2026 14:04:19","Documents/Visual Studio 2017/Backup Files/Solution1/Original-oct.-07-2022-1047.~vs8438.sql","1.0","2022-09-28T10:07:19Z","fethy.faradji@infopro-digital.com"
"11/09/2026 14:04:22","Documents/Visual Studio 2017/Backup Files/Solution1/Original-oct.-07-2022-1047.~vsA8CD.sql","1.0","2022-10-06T07:44:26Z","fethy.faradji@infopro-digital.com"
"11/09/2026 14:04:25","Documents/Visual Studio 2017/Backup Files/Solution1/Original-oct.-07-2022-1047.~vsB3DA.sql","1.0","2022-09-28T10:00:58Z","fethy.faradji@infopro-digital.com"
"11/09/2026 14:04:28","Documents/Visual Studio 2017/Backup Files/Solution1/Original-oct.-07-2022-1047.~vsC0C6.sql","1.0","2022-10-05T08:25:21Z","fethy.faradji@infopro-digital.com"
"11/09/2026 14:04:32","Documents/Visual Studio 2017/Backup Files/Solution1/Original-oct.-07-2022-1047.~vsC0E9.sql","1.0","2022-10-05T07:41:41Z","fethy.faradji@infopro-digital.com"
"11/09/2026 14:04:35","Documents/Visual Studio 2017/Backup Files/Solution1/Original-oct.-07-2022-1047.~vsCA51.sql","1.0","2022-10-06T07:39:07Z","fethy.faradji@infopro-digital.com"
"11/09/2026 14:04:39","Documents/Visual Studio 2017/Backup Files/Solution1/Original-oct.-07-2022-1047.~vsE271.sql","1.0","2022-10-06T07:42:30Z","fethy.faradji@infopro-digital.com"
"11/09/2026 14:04:42","Documents/Visual Studio 2017/Backup Files/Solution1/Original-oct.-07-2022-1047.~vsF733.sql","1.0","2022-10-06T07:42:35Z","fethy.faradji@infopro-digital.com"
"11/09/2026 14:04:46","Documents/Visual Studio 2017/Backup Files/Solution1/Original-sept.-27-2022-1125.~vs537C.sql","1.0","2022-09-27T07:40:45Z","fethy.faradji@infopro-digital.com"
"11/09/2026 14:04:49","Documents/Visual Studio 2017/Backup Files/Solution1/Original-sept.-28-2021-0913.~vs3A26.sql","1.0","2021-09-24T09:05:25Z","fethy.faradji@infopro-digital.com"
"11/09/2026 14:04:53","Documents/Visual Studio 2017/Backup Files/Solution1/Original-sept.-28-2021-0913.~vs8788.sql","1.0","2021-09-24T09:07:56Z","fethy.faradji@infopro-digital.com"
"11/09/2026 14:04:57","Documents/Visual Studio 2017/Backup Files/Solution1/Recovered-août-02-2022-1102.~vs2713.sql","1.0","2022-07-28T09:28:25Z","fethy.faradji@infopro-digital.com"
"11/09/2026 14:05:00","Documents/Visual Studio 2017/Backup Files/Solution1/Recovered-août-02-2022-1102.~vs2A4.sql","1.0","2022-07-28T12:38:25Z","fethy.faradji@infopro-digital.com"
"11/09/2026 14:05:02","Documents/Visual Studio 2017/Backup Files/Solution1/Recovered-août-02-2022-1102.~vs2A4.sql","2.0","2022-07-28T12:43:28Z","fethy.faradji@infopro-digital.com"
"11/09/2026 14:05:05","Documents/Visual Studio 2017/Backup Files/Solution1/Recovered-août-02-2022-1102.~vs2D3A.sql","1.0","2022-07-27T12:53:24Z","fethy.faradji@infopro-digital.com"
"11/09/2026 14:05:07","Documents/Visual Studio 2017/Backup Files/Solution1/Recovered-août-02-2022-1102.~vs2D3A.sql","2.0","2022-07-27T12:58:24Z","fethy.faradji@infopro-digital.com"
"11/09/2026 14:05:08","Documents/Visual Studio 2017/Backup Files/Solution1/Recovered-août-02-2022-1102.~vs2D3A.sql","3.0","2022-07-27T13:08:24Z","fethy.faradji@infopro-digital.com"
"11/09/2026 14:05:11","Documents/Visual Studio 2017/Backup Files/Solution1/Recovered-août-02-2022-1102.~vs37.sql","1.0","2022-07-28T12:23:25Z","fethy.faradji@infopro-digital.com"
"11/09/2026 14:05:15","Documents/Visual Studio 2017/Backup Files/Solution1/Recovered-août-02-2022-1102.~vs392D.sql","1.0","2022-07-27T12:58:24Z","fethy.faradji@infopro-digital.com"
"11/09/2026 14:05:17","Documents/Visual Studio 2017/Backup Files/Solution1/Recovered-août-02-2022-1102.~vs392D.sql","2.0","2022-07-27T13:03:24Z","fethy.faradji@infopro-digital.com"
"11/09/2026 14:05:18","Documents/Visual Studio 2017/Backup Files/Solution1/Recovered-août-02-2022-1102.~vs392D.sql","3.0","2022-07-27T13:08:24Z","fethy.faradji@infopro-digital.com"
"11/09/2026 14:05:21","Documents/Visual Studio 2017/Backup Files/Solution1/Recovered-août-02-2022-1102.~vs407.sql","1.0","2022-07-28T09:28:25Z","fethy.faradji@infopro-digital.com"
"11/09/2026 14:05:24","Documents/Visual Studio 2017/Backup Files/Solution1/Recovered-août-02-2022-1102.~vs5ED0.sql","1.0","2022-07-28T12:08:25Z","fethy.faradji@infopro-digital.com"
"11/09/2026 14:05:28","Documents/Visual Studio 2017/Backup Files/Solution1/Recovered-août-02-2022-1102.~vs6309.sql","1.0","2022-07-27T13:18:24Z","fethy.faradji@infopro-digital.com"
"11/09/2026 14:05:31","Documents/Visual Studio 2017/Backup Files/Solution1/Recovered-août-02-2022-1102.~vs6440.sql","1.0","2022-07-25T13:54:26Z","fethy.faradji@infopro-digital.com"
"11/09/2026 14:05:35","Documents/Visual Studio 2017/Backup Files/Solution1/Recovered-août-02-2022-1102.~vs6941.sql","1.0","2022-07-28T12:43:25Z","fethy.faradji@infopro-digital.com"
"11/09/2026 14:05:36","Documents/Visual Studio 2017/Backup Files/Solution1/Recovered-août-02-2022-1102.~vs6941.sql","2.0","2022-07-28T12:48:26Z","fethy.faradji@infopro-digital.com"
"11/09/2026 14:05:39","Documents/Visual Studio 2017/Backup Files/Solution1/Recovered-août-02-2022-1102.~vs78B.sql","1.0","2022-07-28T09:33:25Z","fethy.faradji@infopro-digital.com"
"11/09/2026 14:05:41","Documents/Visual Studio 2017/Backup Files/Solution1/Recovered-août-02-2022-1102.~vs78B.sql","2.0","2022-07-28T09:38:25Z","fethy.faradji@infopro-digital.com"
"11/09/2026 14:05:42","Documents/Visual Studio 2017/Backup Files/Solution1/Recovered-août-02-2022-1102.~vs78B.sql","3.0","2022-07-28T09:43:25Z","fethy.faradji@infopro-digital.com"
"11/09/2026 14:05:45","Documents/Visual Studio 2017/Backup Files/Solution1/Recovered-août-02-2022-1102.~vs83F2.sql","1.0","2022-07-28T12:13:25Z","fethy.faradji@infopro-digital.com"
"11/09/2026 14:05:49","Documents/Visual Studio 2017/Backup Files/Solution1/Recovered-août-02-2022-1102.~vs8521.sql","1.0","2022-07-27T08:08:24Z","fethy.faradji@infopro-digital.com"
"11/09/2026 14:05:50","Documents/Visual Studio 2017/Backup Files/Solution1/Recovered-août-02-2022-1102.~vs8521.sql","2.0","2022-07-27T08:13:24Z","fethy.faradji@infopro-digital.com"
"11/09/2026 14:05:53","Documents/Visual Studio 2017/Backup Files/Solution1/Recovered-août-02-2022-1102.~vs9DB5.sql","1.0","2022-07-29T08:58:26Z","fethy.faradji@infopro-digital.com"
"11/09/2026 14:05:55","Documents/Visual Studio 2017/Backup Files/Solution1/Recovered-août-02-2022-1102.~vs9DB5.sql","2.0","2022-07-29T09:03:26Z","fethy.faradji@infopro-digital.com"
"11/09/2026 14:05:59","Documents/Visual Studio 2017/Backup Files/Solution1/Recovered-août-02-2022-1102.~vs9F4F.sql","1.0","2022-07-28T08:53:25Z","fethy.faradji@infopro-digital.com"
"11/09/2026 14:06:03","Documents/Visual Studio 2017/Backup Files/Solution1/Recovered-août-02-2022-1102.~vsA7A5.sql","1.0","2022-07-28T12:53:25Z","fethy.faradji@infopro-digital.com"
"11/09/2026 14:06:04","Documents/Visual Studio 2017/Backup Files/Solution1/Recovered-août-02-2022-1102.~vsA7A5.sql","2.0","2022-07-28T12:58:25Z","fethy.faradji@infopro-digital.com"
"11/09/2026 14:06:08","Documents/Visual Studio 2017/Backup Files/Solution1/Recovered-août-02-2022-1102.~vsA817.sql","1.0","2022-07-28T13:53:25Z","fethy.faradji@infopro-digital.com"
"11/09/2026 14:06:09","Documents/Visual Studio 2017/Backup Files/Solution1/Recovered-août-02-2022-1102.~vsA817.sql","2.0","2022-07-28T13:58:25Z","fethy.faradji@infopro-digital.com"
"11/09/2026 14:06:10","Documents/Visual Studio 2017/Backup Files/Solution1/Recovered-août-02-2022-1102.~vsA817.sql","3.0","2022-07-28T14:03:25Z","fethy.faradji@infopro-digital.com"
"11/09/2026 14:06:11","Documents/Visual Studio 2017/Backup Files/Solution1/Recovered-août-02-2022-1102.~vsA817.sql","4.0","2022-07-28T14:13:25Z","fethy.faradji@infopro-digital.com"
"11/09/2026 14:06:12","Documents/Visual Studio 2017/Backup Files/Solution1/Recovered-août-02-2022-1102.~vsA817.sql","5.0","2022-07-28T14:18:25Z","fethy.faradji@infopro-digital.com"
"11/09/2026 14:06:13","Documents/Visual Studio 2017/Backup Files/Solution1/Recovered-août-02-2022-1102.~vsA817.sql","6.0","2022-07-28T14:48:25Z","fethy.faradji@infopro-digital.com"
"11/09/2026 14:06:14","Documents/Visual Studio 2017/Backup Files/Solution1/Recovered-août-02-2022-1102.~vsA817.sql","7.0","2022-07-28T15:08:25Z","fethy.faradji@infopro-digital.com"
"11/09/2026 14:06:17","Documents/Visual Studio 2017/Backup Files/Solution1/Recovered-août-02-2022-1102.~vsBD32.sql","1.0","2022-07-28T10:03:25Z","fethy.faradji@infopro-digital.com"
"11/09/2026 14:06:20","Documents/Visual Studio 2017/Backup Files/Solution1/Recovered-août-02-2022-1102.~vsC87A.sql","1.0","2022-07-29T14:03:26Z","fethy.faradji@infopro-digital.com"
"11/09/2026 14:06:24","Documents/Visual Studio 2017/Backup Files/Solution1/Recovered-août-02-2022-1102.~vsDD43.sql","1.0","2022-07-28T12:48:25Z","fethy.faradji@infopro-digital.com"
"11/09/2026 14:06:28","Documents/Visual Studio 2017/Backup Files/Solution1/Recovered-août-02-2022-1102.~vsE4E4.sql","1.0","2022-07-28T14:48:25Z","fethy.faradji@infopro-digital.com"
"11/09/2026 14:06:32","Documents/Visual Studio 2017/Backup Files/Solution1/Recovered-août-02-2022-1102.~vsE840.sql","1.0","2022-07-28T12:08:25Z","fethy.faradji@infopro-digital.com"
"11/09/2026 14:06:36","Documents/Visual Studio 2017/Backup Files/Solution1/Recovered-août-02-2022-1102.~vsF28C.sql","1.0","2022-07-28T12:28:25Z","fethy.faradji@infopro-digital.com"
"11/09/2026 14:06:39","Documents/Visual Studio 2017/Backup Files/Solution1/Recovered-août-02-2022-1102.DataUpdate_BIM_DM_1.sql","1.0","2022-07-01T09:26:44Z","fethy.faradji@infopro-digital.com"
"11/09/2026 14:06:55","Documents/Visual Studio 2017/Backup Files/Solution1/Recovered-août-02-2022-1102.DataUpdate_BIM_DM_2.sql","1.0","2022-07-01T09:36:50Z","fethy.faradji@infopro-digital.com"
"11/09/2026 14:07:03","Documents/Visual Studio 2017/Backup Files/Solution1/Recovered-août-03-2022-1045.~vs1722.sql","1.0","2022-07-29T13:28:25Z","fethy.faradji@infopro-digital.com"
"11/09/2026 14:07:05","Documents/Visual Studio 2017/Backup Files/Solution1/Recovered-août-03-2022-1045.~vs1722.sql","2.0","2022-07-29T13:33:25Z","fethy.faradji@infopro-digital.com"
"11/09/2026 14:07:08","Documents/Visual Studio 2017/Backup Files/Solution1/Recovered-août-03-2022-1045.~vs1CB8.sql","1.0","2022-07-29T08:18:25Z","fethy.faradji@infopro-digital.com"
"11/09/2026 14:07:10","Documents/Visual Studio 2017/Backup Files/Solution1/Recovered-août-03-2022-1045.~vs1CB8.sql","2.0","2022-07-29T08:23:25Z","fethy.faradji@infopro-digital.com"
"11/09/2026 14:07:13","Documents/Visual Studio 2017/Backup Files/Solution1/Recovered-août-03-2022-1045.~vs2183.sql","1.0","2022-07-29T09:03:25Z","fethy.faradji@infopro-digital.com"
"11/09/2026 14:07:17","Documents/Visual Studio 2017/Backup Files/Solution1/Recovered-août-03-2022-1045.~vs2432.sql","1.0","2022-07-29T09:03:25Z","fethy.faradji@infopro-digital.com"
"11/09/2026 14:07:21","Documents/Visual Studio 2017/Backup Files/Solution1/Recovered-août-03-2022-1045.~vs3B97.sql","1.0","2022-07-29T13:33:25Z","fethy.faradji@infopro-digital.com"
"11/09/2026 14:07:25","Documents/Visual Studio 2017/Backup Files/Solution1/Recovered-août-03-2022-1045.~vs4DE0.sql","1.0","2022-07-29T08:58:25Z","fethy.faradji@infopro-digital.com"
"11/09/2026 14:07:27","Documents/Visual Studio 2017/Backup Files/Solution1/Recovered-août-03-2022-1045.~vs4DE0.sql","2.0","2022-07-29T09:03:25Z","fethy.faradji@infopro-digital.com"
"11/09/2026 14:07:30","Documents/Visual Studio 2017/Backup Files/Solution1/Recovered-août-03-2022-1045.~vs7C61.sql","1.0","2022-07-29T13:18:25Z","fethy.faradji@infopro-digital.com"
"11/09/2026 14:07:32","Documents/Visual Studio 2017/Backup Files/Solution1/Recovered-août-03-2022-1045.~vs7C61.sql","2.0","2022-07-29T13:33:25Z","fethy.faradji@infopro-digital.com"
"11/09/2026 14:07:35","Documents/Visual Studio 2017/Backup Files/Solution1/Recovered-août-03-2022-1045.~vs8E18.sql","1.0","2022-07-29T12:18:25Z","fethy.faradji@infopro-digital.com"
"11/09/2026 14:07:38","Documents/Visual Studio 2017/Backup Files/Solution1/Recovered-août-03-2022-1045.~vsB3AD.sql","1.0","2022-07-29T12:58:25Z","fethy.faradji@infopro-digital.com"
"11/09/2026 14:07:40","Documents/Visual Studio 2017/Backup Files/Solution1/Recovered-août-03-2022-1045.~vsB3AD.sql","2.0","2022-07-29T13:13:25Z","fethy.faradji@infopro-digital.com"
"11/09/2026 14:07:43","Documents/Visual Studio 2017/Backup Files/Solution1/Recovered-août-03-2022-1045.~vsB561.sql","1.0","2022-07-29T08:13:25Z","fethy.faradji@infopro-digital.com"
"11/09/2026 14:07:44","Documents/Visual Studio 2017/Backup Files/Solution1/Recovered-août-03-2022-1045.~vsB561.sql","2.0","2022-07-29T08:18:25Z","fethy.faradji@infopro-digital.com"
"11/09/2026 14:07:45","Documents/Visual Studio 2017/Backup Files/Solution1/Recovered-août-03-2022-1045.~vsB561.sql","3.0","2022-07-29T08:23:25Z","fethy.faradji@infopro-digital.com"
"11/09/2026 14:07:49","Documents/Visual Studio 2017/Backup Files/Solution1/Recovered-août-03-2022-1045.~vsC893.sql","1.0","2022-07-29T12:18:25Z","fethy.faradji@infopro-digital.com"
"11/09/2026 14:07:53","Documents/Visual Studio 2017/Backup Files/Solution1/Recovered-août-03-2022-1045.~vsC99B.sql","1.0","2022-07-29T10:03:25Z","fethy.faradji@infopro-digital.com"
"11/09/2026 14:07:54","Documents/Visual Studio 2017/Backup Files/Solution1/Recovered-août-03-2022-1045.~vsC99B.sql","2.0","2022-07-29T10:08:25Z","fethy.faradji@infopro-digital.com"
"11/09/2026 14:07:55","Documents/Visual Studio 2017/Backup Files/Solution1/Recovered-août-03-2022-1045.~vsC99B.sql","3.0","2022-07-29T10:13:25Z","fethy.faradji@infopro-digital.com"
"11/09/2026 14:07:56","Documents/Visual Studio 2017/Backup Files/Solution1/Recovered-août-03-2022-1045.~vsC99B.sql","4.0","2022-07-29T12:08:25Z","fethy.faradji@infopro-digital.com"
"11/09/2026 14:07:57","Documents/Visual Studio 2017/Backup Files/Solution1/Recovered-août-03-2022-1045.~vsC99B.sql","5.0","2022-07-29T12:13:25Z","fethy.faradji@infopro-digital.com"
"11/09/2026 14:07:58","Documents/Visual Studio 2017/Backup Files/Solution1/Recovered-août-03-2022-1045.~vsC99B.sql","6.0","2022-07-29T12:18:25Z","fethy.faradji@infopro-digital.com"
"11/09/2026 14:07:59","Documents/Visual Studio 2017/Backup Files/Solution1/Recovered-août-03-2022-1045.~vsC99B.sql","7.0","2022-07-29T12:23:25Z","fethy.faradji@infopro-digital.com"
"11/09/2026 14:08:03","Documents/Visual Studio 2017/Backup Files/Solution1/Recovered-août-03-2022-1045.~vsEE73.sql","1.0","2022-07-29T15:03:25Z","fethy.faradji@infopro-digital.com"
"11/09/2026 14:08:06","Documents/Visual Studio 2017/Backup Files/Solution1/Recovered-août-03-2022-1045.~vsF02A.sql","1.0","2022-07-29T09:33:25Z","fethy.faradji@infopro-digital.com"
"11/09/2026 14:08:08","Documents/Visual Studio 2017/Backup Files/Solution1/Recovered-août-03-2022-1045.~vsF02A.sql","2.0","2022-07-29T09:38:25Z","fethy.faradji@infopro-digital.com"
"11/09/2026 14:08:08","Documents/Visual Studio 2017/Backup Files/Solution1/Recovered-août-03-2022-1045.~vsF02A.sql","3.0","2022-07-29T09:43:25Z","fethy.faradji@infopro-digital.com"
"11/09/2026 14:08:09","Documents/Visual Studio 2017/Backup Files/Solution1/Recovered-août-03-2022-1045.~vsF02A.sql","4.0","2022-07-29T09:48:25Z","fethy.faradji@infopro-digital.com"
"11/09/2026 14:08:10","Documents/Visual Studio 2017/Backup Files/Solution1/Recovered-août-03-2022-1045.~vsF02A.sql","5.0","2022-07-29T09:53:25Z","fethy.faradji@infopro-digital.com"
"11/09/2026 14:08:11","Documents/Visual Studio 2017/Backup Files/Solution1/Recovered-août-03-2022-1045.~vsF02A.sql","6.0","2022-07-29T09:58:25Z","fethy.faradji@infopro-digital.com"
"11/09/2026 14:08:15","Documents/Visual Studio 2017/Backup Files/Solution1/Recovered-août-03-2022-1045.~vsF948.sql","1.0","2022-07-29T07:58:25Z","fethy.faradji@infopro-digital.com"
"11/09/2026 14:08:16","Documents/Visual Studio 2017/Backup Files/Solution1/Recovered-août-03-2022-1045.~vsF948.sql","2.0","2022-07-29T08:03:25Z","fethy.faradji@infopro-digital.com"
"11/09/2026 14:08:18","Documents/Visual Studio 2017/Backup Files/Solution1/Recovered-août-03-2022-1045.~vsF948.sql","3.0","2022-07-29T08:08:25Z","fethy.faradji@infopro-digital.com"
"11/09/2026 14:08:21","Documents/Visual Studio 2017/Backup Files/Solution1/Recovered-août-04-2025-0254.~vsA913.sql","1.0","2025-07-29T12:57:34Z","fethy.faradji@infopro-digital.com"
"11/09/2026 14:08:25","Documents/Visual Studio 2017/Backup Files/Solution1/Recovered-août-04-2025-0254.~vsB79C.sql","1.0","2025-07-29T12:57:34Z","fethy.faradji@infopro-digital.com"
"11/09/2026 14:08:29","Documents/Visual Studio 2017/Backup Files/Solution1/Recovered-août-06-2024-0943.~vs687.sql","1.0","2024-07-09T12:32:13Z","fethy.faradji@infopro-digital.com"
"11/09/2026 14:08:33","Documents/Visual Studio 2017/Backup Files/Solution1/Recovered-août-06-2024-0944.~vsB49C.sql","1.0","2024-06-25T09:01:18Z","fethy.faradji@infopro-digital.com"
"11/09/2026 14:08:34","Documents/Visual Studio 2017/Backup Files/Solution1/Recovered-août-06-2024-0944.~vsB49C.sql","2.0","2024-06-25T09:06:18Z","fethy.faradji@infopro-digital.com"
"11/09/2026 14:08:35","Documents/Visual Studio 2017/Backup Files/Solution1/Recovered-août-06-2024-0944.~vsB49C.sql","3.0","2024-06-25T09:11:18Z","fethy.faradji@infopro-digital.com"
"11/09/2026 14:08:36","Documents/Visual Studio 2017/Backup Files/Solution1/Recovered-août-06-2024-0944.~vsB49C.sql","4.0","2024-06-25T09:31:18Z","fethy.faradji@infopro-digital.com"
"11/09/2026 14:08:38","Documents/Visual Studio 2017/Backup Files/Solution1/Recovered-août-06-2024-0944.~vsB49C.sql","5.0","2024-06-25T09:36:18Z","fethy.faradji@infopro-digital.com"
"11/09/2026 14:08:39","Documents/Visual Studio 2017/Backup Files/Solution1/Recovered-août-06-2024-0944.~vsB49C.sql","6.0","2024-06-25T09:41:18Z","fethy.faradji@infopro-digital.com"
"11/09/2026 14:08:43","Documents/Visual Studio 2017/Backup Files/Solution1/Recovered-août-07-2023-1134.~vs743D.sql","1.0","2023-08-03T08:22:47Z","fethy.faradji@infopro-digital.com"
"11/09/2026 14:08:44","Documents/Visual Studio 2017/Backup Files/Solution1/Recovered-août-07-2023-1134.~vs743D.sql","2.0","2023-08-03T08:27:47Z","fethy.faradji@infopro-digital.com"
"11/09/2026 14:08:45","Documents/Visual Studio 2017/Backup Files/Solution1/Recovered-août-07-2023-1134.~vs743D.sql","3.0","2023-08-03T08:32:47Z","fethy.faradji@infopro-digital.com"
"11/09/2026 14:08:46","Documents/Visual Studio 2017/Backup Files/Solution1/Recovered-août-07-2023-1134.~vs743D.sql","4.0","2023-08-03T08:37:47Z","fethy.faradji@infopro-digital.com"
"11/09/2026 14:08:47","Documents/Visual Studio 2017/Backup Files/Solution1/Recovered-août-07-2023-1134.~vs743D.sql","5.0","2023-08-03T09:32:47Z","fethy.faradji@infopro-digital.com"
"11/09/2026 14:08:48","Documents/Visual Studio 2017/Backup Files/Solution1/Recovered-août-07-2023-1134.~vs743D.sql","6.0","2023-08-03T09:42:47Z","fethy.faradji@infopro-digital.com"
"11/09/2026 14:08:49","Documents/Visual Studio 2017/Backup Files/Solution1/Recovered-août-07-2023-1134.~vs743D.sql","7.0","2023-08-03T09:52:47Z","fethy.faradji@infopro-digital.com"
"11/09/2026 14:08:53","Documents/Visual Studio 2017/Backup Files/Solution1/Recovered-août-07-2023-1134.~vs87FF.sql","1.0","2023-08-04T09:41:08Z","fethy.faradji@infopro-digital.com"
"11/09/2026 14:08:55","Documents/Visual Studio 2017/Backup Files/Solution1/Recovered-août-07-2023-1134.~vs87FF.sql","2.0","2023-08-04T09:46:08Z","fethy.faradji@infopro-digital.com"
"11/09/2026 14:08:58","Documents/Visual Studio 2017/Backup Files/Solution1/Recovered-août-07-2023-1134.~vsA630.sql0","1.0","2023-08-03T07:47:47Z","fethy.faradji@infopro-digital.com"
"11/09/2026 14:08:59","Documents/Visual Studio 2017/Backup Files/Solution1/Recovered-août-07-2023-1134.~vsA630.sql0","2.0","2023-08-03T07:52:47Z","fethy.faradji@infopro-digital.com"
"11/09/2026 14:09:00","Documents/Visual Studio 2017/Backup Files/Solution1/Recovered-août-07-2023-1134.~vsA630.sql0","3.0","2023-08-03T08:12:47Z","fethy.faradji@infopro-digital.com"
"11/09/2026 14:09:01","Documents/Visual Studio 2017/Backup Files/Solution1/Recovered-août-07-2023-1134.~vsA630.sql0","4.0","2023-08-03T08:17:47Z","fethy.faradji@infopro-digital.com"
"11/09/2026 14:09:02","Documents/Visual Studio 2017/Backup Files/Solution1/Recovered-août-07-2023-1134.~vsA630.sql0","5.0","2023-08-03T08:27:47Z","fethy.faradji@infopro-digital.com"
"11/09/2026 14:09:03","Documents/Visual Studio 2017/Backup Files/Solution1/Recovered-août-07-2023-1134.~vsA630.sql0","6.0","2023-08-03T09:37:47Z","fethy.faradji@infopro-digital.com"
"11/09/2026 14:09:04","Documents/Visual Studio 2017/Backup Files/Solution1/Recovered-août-07-2023-1134.~vsA630.sql0","7.0","2023-08-04T09:36:08Z","fethy.faradji@infopro-digital.com"
"11/09/2026 14:09:07","Documents/Visual Studio 2017/Backup Files/Solution1/Recovered-août-07-2023-1134.~vsB8B6.sql","1.0","2023-08-01T14:42:06Z","fethy.faradji@infopro-digital.com"
"11/09/2026 14:09:09","Documents/Visual Studio 2017/Backup Files/Solution1/Recovered-août-07-2023-1134.~vsB8B6.sql","2.0","2023-08-01T14:47:06Z","fethy.faradji@infopro-digital.com"
"11/09/2026 14:09:12","Documents/Visual Studio 2017/Backup Files/Solution1/Recovered-août-07-2023-1134.~vsC7F0.sql","1.0","2023-08-01T15:07:07Z","fethy.faradji@infopro-digital.com"
"11/09/2026 14:09:13","Documents/Visual Studio 2017/Backup Files/Solution1/Recovered-août-07-2023-1134.~vsC7F0.sql","2.0","2023-08-01T15:12:07Z","fethy.faradji@infopro-digital.com"
"11/09/2026 14:09:14","Documents/Visual Studio 2017/Backup Files/Solution1/Recovered-août-07-2023-1134.~vsC7F0.sql","3.0","2023-08-01T15:17:07Z","fethy.faradji@infopro-digital.com"
"11/09/2026 14:09:15","Documents/Visual Studio 2017/Backup Files/Solution1/Recovered-août-07-2023-1134.~vsC7F0.sql","4.0","2023-08-02T10:07:42Z","fethy.faradji@infopro-digital.com"
"11/09/2026 14:09:16","Documents/Visual Studio 2017/Backup Files/Solution1/Recovered-août-07-2023-1134.~vsC7F0.sql","5.0","2023-08-02T10:12:42Z","fethy.faradji@infopro-digital.com"
"11/09/2026 14:09:17","Documents/Visual Studio 2017/Backup Files/Solution1/Recovered-août-07-2023-1134.~vsC7F0.sql","6.0","2023-08-02T10:17:42Z","fethy.faradji@infopro-digital.com"
"11/09/2026 14:09:20","Documents/Visual Studio 2017/Backup Files/Solution1/Recovered-août-07-2023-1134.~vsCCDA.sql","1.0","2023-08-01T14:37:06Z","fethy.faradji@infopro-digital.com"
"11/09/2026 14:09:24","Documents/Visual Studio 2017/Backup Files/Solution1/Recovered-août-07-2023-1134.~vsEF35.sql","1.0","2023-08-01T14:47:06Z","fethy.faradji@infopro-digital.com"
"11/09/2026 14:09:25","Documents/Visual Studio 2017/Backup Files/Solution1/Recovered-août-07-2023-1134.~vsEF35.sql","2.0","2023-08-01T14:52:06Z","fethy.faradji@infopro-digital.com"
"11/09/2026 14:09:26","Documents/Visual Studio 2017/Backup Files/Solution1/Recovered-août-07-2023-1134.~vsEF35.sql","3.0","2023-08-01T14:57:07Z","fethy.faradji@infopro-digital.com"
"11/09/2026 14:09:29","Documents/Visual Studio 2017/Backup Files/Solution1/Recovered-août-12-2025-0243.~vs2522.sql","1.0","2025-08-04T13:04:46Z","fethy.faradji@infopro-digital.com"
"11/09/2026 14:09:33","Documents/Visual Studio 2017/Backup Files/Solution1/Recovered-août-12-2025-0243.~vs3A7E.sql","1.0","2025-08-05T13:57:28Z","fethy.faradji@infopro-digital.com"
"11/09/2026 14:09:34","Documents/Visual Studio 2017/Backup Files/Solution1/Recovered-août-12-2025-0243.~vs3A7E.sql","2.0","2025-08-05T14:02:29Z","fethy.faradji@infopro-digital.com"
"11/09/2026 14:09:35","Documents/Visual Studio 2017/Backup Files/Solution1/Recovered-août-12-2025-0243.~vs3A7E.sql","3.0","2025-08-05T14:07:28Z","fethy.faradji@infopro-digital.com"
"11/09/2026 14:09:38","Documents/Visual Studio 2017/Backup Files/Solution1/Recovered-août-12-2025-0243.~vs7057.sql","1.0","2025-08-05T13:57:28Z","fethy.faradji@infopro-digital.com"
"11/09/2026 14:09:40","Documents/Visual Studio 2017/Backup Files/Solution1/Recovered-août-12-2025-0243.~vs7057.sql","2.0","2025-08-05T14:02:28Z","fethy.faradji@infopro-digital.com"
"11/09/2026 14:09:41","Documents/Visual Studio 2017/Backup Files/Solution1/Recovered-août-12-2025-0243.~vs7057.sql","3.0","2025-08-05T14:07:28Z","fethy.faradji@infopro-digital.com"
"11/09/2026 14:09:42","Documents/Visual Studio 2017/Backup Files/Solution1/Recovered-août-12-2025-0243.~vs7057.sql","4.0","2025-08-05T14:27:28Z","fethy.faradji@infopro-digital.com"
"11/09/2026 14:09:45","Documents/Visual Studio 2017/Backup Files/Solution1/Recovered-août-22-2022-0520.~vs5E8D.sql","1.0","2022-08-19T09:19:23Z","fethy.faradji@infopro-digital.com"
"11/09/2026 14:09:49","Documents/Visual Studio 2017/Backup Files/Solution1/Recovered-août-22-2022-0520.Test_Avis + pub (retour christelle).sql","1.0","2022-08-17T08:35:51Z","fethy.faradji@infopro-digital.com"
"11/09/2026 14:09:53","Documents/Visual Studio 2017/Backup Files/Solution1/Recovered-août-22-2023-0405.~vs2611.sql","1.0","2023-08-08T15:15:36Z","fethy.faradji@infopro-digital.com"
"11/09/2026 14:09:54","Documents/Visual Studio 2017/Backup Files/Solution1/Recovered-août-22-2023-0405.~vs2611.sql","2.0","2023-08-09T07:34:23Z","fethy.faradji@infopro-digital.com"
"11/09/2026 14:09:55","Documents/Visual Studio 2017/Backup Files/Solution1/Recovered-août-22-2023-0405.~vs2611.sql","3.0","2023-08-09T07:39:23Z","fethy.faradji@infopro-digital.com"
"11/09/2026 14:09:58","Documents/Visual Studio 2017/Backup Files/Solution1/Recovered-août-22-2023-0405.~vs2BF2.sql","1.0","2023-08-08T08:49:53Z","fethy.faradji@infopro-digital.com"
"11/09/2026 14:10:02","Documents/Visual Studio 2017/Backup Files/Solution1/Recovered-août-22-2023-0405.~vs3EA1.sql","1.0","2023-08-08T12:43:55Z","fethy.faradji@infopro-digital.com"
"11/09/2026 14:10:06","Documents/Visual Studio 2017/Backup Files/Solution1/Recovered-août-22-2023-0405.~vs742B.sql","1.0","2023-08-08T08:39:53Z","fethy.faradji@infopro-digital.com"
"11/09/2026 14:10:09","Documents/Visual Studio 2017/Backup Files/Solution1/Recovered-août-22-2023-0405.~vs8326.sql","1.0","2023-08-08T12:43:55Z","fethy.faradji@infopro-digital.com"
"11/09/2026 14:10:13","Documents/Visual Studio 2017/Backup Files/Solution1/Recovered-août-22-2023-0405.~vs8A8F.sql","1.0","2023-08-10T12:05:22Z","fethy.faradji@infopro-digital.com"
"11/09/2026 14:10:14","Documents/Visual Studio 2017/Backup Files/Solution1/Recovered-août-22-2023-0405.~vs8A8F.sql","2.0","2023-08-10T12:10:22Z","fethy.faradji@infopro-digital.com"
"11/09/2026 14:10:17","Documents/Visual Studio 2017/Backup Files/Solution1/Recovered-août-22-2023-0405.~vs9FDC.sql","1.0","2023-08-11T09:15:33Z","fethy.faradji@infopro-digital.com"
"11/09/2026 14:10:19","Documents/Visual Studio 2017/Backup Files/Solution1/Recovered-août-22-2023-0405.~vs9FDC.sql","2.0","2023-08-11T09:20:34Z","fethy.faradji@infopro-digital.com"
"11/09/2026 14:10:20","Documents/Visual Studio 2017/Backup Files/Solution1/Recovered-août-22-2023-0405.~vs9FDC.sql","3.0","2023-08-11T09:25:34Z","fethy.faradji@infopro-digital.com"
"11/09/2026 14:10:21","Documents/Visual Studio 2017/Backup Files/Solution1/Recovered-août-22-2023-0405.~vs9FDC.sql","4.0","2023-08-11T09:35:34Z","fethy.faradji@infopro-digital.com"
"11/09/2026 14:10:21","Documents/Visual Studio 2017/Backup Files/Solution1/Recovered-août-22-2023-0405.~vs9FDC.sql","5.0","2023-08-11T09:40:34Z","fethy.faradji@infopro-digital.com"
"11/09/2026 14:10:22","Documents/Visual Studio 2017/Backup Files/Solution1/Recovered-août-22-2023-0405.~vs9FDC.sql","6.0","2023-08-11T09:45:34Z","fethy.faradji@infopro-digital.com"
"11/09/2026 14:10:24","Documents/Visual Studio 2017/Backup Files/Solution1/Recovered-août-22-2023-0405.~vs9FDC.sql","7.0","2023-08-11T09:50:34Z","fethy.faradji@infopro-digital.com"
"11/09/2026 14:10:24","Documents/Visual Studio 2017/Backup Files/Solution1/Recovered-août-22-2023-0405.~vs9FDC.sql","8.0","2023-08-11T10:00:34Z","fethy.faradji@infopro-digital.com"
"11/09/2026 14:10:28","Documents/Visual Studio 2017/Backup Files/Solution1/Recovered-août-22-2023-0405.~vsAD3E.sql","1.0","2023-08-08T12:48:55Z","fethy.faradji@infopro-digital.com"
"11/09/2026 14:10:32","Documents/Visual Studio 2017/Backup Files/Solution1/Recovered-août-22-2023-0405.~vsB280.sql","1.0","2023-08-09T14:34:26Z","fethy.faradji@infopro-digital.com"
"11/09/2026 14:10:35","Documents/Visual Studio 2017/Backup Files/Solution1/Recovered-août-22-2023-0405.~vsBEFD.sql","1.0","2023-08-08T08:49:53Z","fethy.faradji@infopro-digital.com"
"11/09/2026 14:10:37","Documents/Visual Studio 2017/Backup Files/Solution1/Recovered-août-22-2023-0405.~vsBEFD.sql","2.0","2023-08-08T08:54:53Z","fethy.faradji@infopro-digital.com"
"11/09/2026 14:10:39","Documents/Visual Studio 2017/Backup Files/Solution1/Recovered-août-22-2023-0405.~vsC8D1.sql","1.0","2023-08-08T08:49:53Z","fethy.faradji@infopro-digital.com"
"11/09/2026 14:10:42","Documents/Visual Studio 2017/Backup Files/Solution1/Recovered-août-22-2023-0405.~vsE9EB.sql","1.0","2023-08-08T08:39:53Z","fethy.faradji@infopro-digital.com"
"11/09/2026 14:10:46","Documents/Visual Studio 2017/Backup Files/Solution1/Recovered-août-22-2023-0405.~vsF3C0.sql","1.0","2023-08-10T08:15:20Z","fethy.faradji@infopro-digital.com"
"11/09/2026 14:10:47","Documents/Visual Studio 2017/Backup Files/Solution1/Recovered-août-22-2023-0405.~vsF3C0.sql","2.0","2023-08-10T08:20:20Z","fethy.faradji@infopro-digital.com"
"11/09/2026 14:10:50","Documents/Visual Studio 2017/Backup Files/Solution1/Recovered-août-22-2023-0405.~vsFEAA.sql","1.0","2023-08-08T12:53:55Z","fethy.faradji@infopro-digital.com"
"11/09/2026 14:10:51","Documents/Visual Studio 2017/Backup Files/Solution1/Recovered-août-22-2023-0405.~vsFEAA.sql","2.0","2023-08-08T12:58:56Z","fethy.faradji@infopro-digital.com"
"11/09/2026 14:10:54","Documents/Visual Studio 2017/Backup Files/Solution1/Recovered-août-26-2022-0956.~vs666D.sql","1.0","2022-08-23T14:23:43Z","fethy.faradji@infopro-digital.com"
"11/09/2026 14:10:57","Documents/Visual Studio 2017/Backup Files/Solution1/Recovered-août-26-2022-0956.~vsB729.sql","1.0","2022-08-23T13:58:43Z","fethy.faradji@infopro-digital.com"
"11/09/2026 14:10:59","Documents/Visual Studio 2017/Backup Files/Solution1/Recovered-août-26-2022-0956.~vsB729.sql","2.0","2022-08-23T14:03:43Z","fethy.faradji@infopro-digital.com"
"11/09/2026 14:11:00","Documents/Visual Studio 2017/Backup Files/Solution1/Recovered-août-26-2022-0956.~vsB729.sql","3.0","2022-08-23T14:08:43Z","fethy.faradji@infopro-digital.com"
"11/09/2026 14:11:01","Documents/Visual Studio 2017/Backup Files/Solution1/Recovered-août-26-2022-0956.~vsB729.sql","4.0","2022-08-23T14:13:43Z","fethy.faradji@infopro-digital.com"
"11/09/2026 14:11:02","Documents/Visual Studio 2017/Backup Files/Solution1/Recovered-août-26-2022-0956.~vsB729.sql","5.0","2022-08-23T14:18:43Z","fethy.faradji@infopro-digital.com"
"11/09/2026 14:11:03","Documents/Visual Studio 2017/Backup Files/Solution1/Recovered-août-26-2022-0956.~vsB729.sql","6.0","2022-08-23T14:23:43Z","fethy.faradji@infopro-digital.com"
"11/09/2026 14:11:04","Documents/Visual Studio 2017/Backup Files/Solution1/Recovered-août-26-2022-0956.~vsB729.sql","7.0","2022-08-23T14:28:43Z","fethy.faradji@infopro-digital.com"
"11/09/2026 14:11:07","Documents/Visual Studio 2017/Backup Files/Solution1/Recovered-août-26-2022-0956.~vsDCED.sql","1.0","2022-08-24T08:05:50Z","fethy.faradji@infopro-digital.com"
"11/09/2026 14:11:11","Documents/Visual Studio 2017/Backup Files/Solution1/Recovered-août-26-2022-0956.requete clean support web.sql3","1.0","2022-08-23T09:23:38Z","fethy.faradji@infopro-digital.com"
"11/09/2026 14:11:12","Documents/Visual Studio 2017/Backup Files/Solution1/Recovered-août-26-2022-0956.requete clean support web.sql3","2.0","2022-08-23T09:28:38Z","fethy.faradji@infopro-digital.com"
"11/09/2026 14:11:13","Documents/Visual Studio 2017/Backup Files/Solution1/Recovered-août-26-2022-0956.requete clean support web.sql3","3.0","2022-08-23T09:33:38Z","fethy.faradji@infopro-digital.com"
"11/09/2026 14:11:14","Documents/Visual Studio 2017/Backup Files/Solution1/Recovered-août-26-2022-0956.requete clean support web.sql3","4.0","2022-08-23T09:43:38Z","fethy.faradji@infopro-digital.com"
"11/09/2026 14:11:15","Documents/Visual Studio 2017/Backup Files/Solution1/Recovered-août-26-2022-0956.requete clean support web.sql3","5.0","2022-08-23T09:48:38Z","fethy.faradji@infopro-digital.com"
"11/09/2026 14:11:19","Documents/Visual Studio 2017/Backup Files/Solution1/Recovered-avr.-03-2023-0457.~vs1177.sql","1.0","2023-03-28T09:07:45Z","fethy.faradji@infopro-digital.com"
"11/09/2026 14:11:20","Documents/Visual Studio 2017/Backup Files/Solution1/Recovered-avr.-03-2023-0457.~vs1177.sql","2.0","2023-03-28T09:12:45Z","fethy.faradji@infopro-digital.com"
"11/09/2026 14:11:21","Documents/Visual Studio 2017/Backup Files/Solution1/Recovered-avr.-03-2023-0457.~vs1177.sql","3.0","2023-03-28T09:22:45Z","fethy.faradji@infopro-digital.com"
"11/09/2026 14:11:22","Documents/Visual Studio 2017/Backup Files/Solution1/Recovered-avr.-03-2023-0457.~vs1177.sql","4.0","2023-03-28T09:27:45Z","fethy.faradji@infopro-digital.com"
"11/09/2026 14:11:23","Documents/Visual Studio 2017/Backup Files/Solution1/Recovered-avr.-03-2023-0457.~vs1177.sql","5.0","2023-03-28T09:32:46Z","fethy.faradji@infopro-digital.com"
"11/09/2026 14:11:24","Documents/Visual Studio 2017/Backup Files/Solution1/Recovered-avr.-03-2023-0457.~vs1177.sql","6.0","2023-03-28T09:52:46Z","fethy.faradji@infopro-digital.com"
"11/09/2026 14:11:27","Documents/Visual Studio 2017/Backup Files/Solution1/Recovered-avr.-03-2023-0457.~vs24E6.sql","1.0","2023-03-30T09:34:53Z","fethy.faradji@infopro-digital.com"
"11/09/2026 14:11:28","Documents/Visual Studio 2017/Backup Files/Solution1/Recovered-avr.-03-2023-0457.~vs24E6.sql","2.0","2023-03-30T09:39:53Z","fethy.faradji@infopro-digital.com"
"11/09/2026 14:11:31","Documents/Visual Studio 2017/Backup Files/Solution1/Recovered-avr.-03-2023-0457.~vs3DF4.sql","1.0","2023-04-03T12:58:40Z","fethy.faradji@infopro-digital.com"
"11/09/2026 14:11:33","Documents/Visual Studio 2017/Backup Files/Solution1/Recovered-avr.-03-2023-0457.~vs3DF4.sql","2.0","2023-04-03T13:03:40Z","fethy.faradji@infopro-digital.com"
"11/09/2026 14:11:33","Documents/Visual Studio 2017/Backup Files/Solution1/Recovered-avr.-03-2023-0457.~vs3DF4.sql","3.0","2023-04-03T13:08:40Z","fethy.faradji@infopro-digital.com"
"11/09/2026 14:11:34","Documents/Visual Studio 2017/Backup Files/Solution1/Recovered-avr.-03-2023-0457.~vs3DF4.sql","4.0","2023-04-03T13:13:40Z","fethy.faradji@infopro-digital.com"
"11/09/2026 14:11:35","Documents/Visual Studio 2017/Backup Files/Solution1/Recovered-avr.-03-2023-0457.~vs3DF4.sql","5.0","2023-04-03T13:18:40Z","fethy.faradji@infopro-digital.com"
"11/09/2026 14:11:36","Documents/Visual Studio 2017/Backup Files/Solution1/Recovered-avr.-03-2023-0457.~vs3DF4.sql","6.0","2023-04-03T13:23:40Z","fethy.faradji@infopro-digital.com"
"11/09/2026 14:11:39","Documents/Visual Studio 2017/Backup Files/Solution1/Recovered-avr.-03-2023-0457.~vs50A6.sql","1.0","2023-04-03T13:08:40Z","fethy.faradji@infopro-digital.com"
"11/09/2026 14:11:42","Documents/Visual Studio 2017/Backup Files/Solution1/Recovered-avr.-03-2023-0457.~vs6A99.sql","1.0","2023-03-31T08:11:23Z","fethy.faradji@infopro-digital.com"
"11/09/2026 14:11:43","Documents/Visual Studio 2017/Backup Files/Solution1/Recovered-avr.-03-2023-0457.~vs6A99.sql","2.0","2023-03-31T08:16:15Z","fethy.faradji@infopro-digital.com"
"11/09/2026 14:11:46","Documents/Visual Studio 2017/Backup Files/Solution1/Recovered-avr.-10-2024-0452.~vs5A41.sql","1.0","2024-03-26T13:52:04Z","fethy.faradji@infopro-digital.com"
"11/09/2026 14:11:49","Documents/Visual Studio 2017/Backup Files/Solution1/Recovered-avr.-11-2023-1001.~vs5CE.sql","1.0","2023-04-06T08:01:01Z","fethy.faradji@infopro-digital.com"
"11/09/2026 14:11:52","Documents/Visual Studio 2017/Backup Files/Solution1/Recovered-avr.-11-2023-1001.~vsC99B.sql","1.0","2023-04-06T08:06:01Z","fethy.faradji@infopro-digital.com"
"11/09/2026 14:11:55","Documents/Visual Studio 2017/Backup Files/Solution1/Recovered-avr.-11-2023-1001.~vsDA80.sql","1.0","2023-04-05T14:05:35Z","fethy.faradji@infopro-digital.com"
"11/09/2026 14:11:56","Documents/Visual Studio 2017/Backup Files/Solution1/Recovered-avr.-11-2023-1001.~vsDA80.sql","2.0","2023-04-05T14:10:35Z","fethy.faradji@infopro-digital.com"
"11/09/2026 14:11:57","Documents/Visual Studio 2017/Backup Files/Solution1/Recovered-avr.-11-2023-1001.~vsDA80.sql","3.0","2023-04-05T14:15:35Z","fethy.faradji@infopro-digital.com"
"11/09/2026 14:11:59","Documents/Visual Studio 2017/Backup Files/Solution1/Recovered-avr.-11-2023-1001.~vsDA80.sql","4.0","2023-04-05T14:20:35Z","fethy.faradji@infopro-digital.com"
"11/09/2026 14:12:00","Documents/Visual Studio 2017/Backup Files/Solution1/Recovered-avr.-11-2023-1001.~vsDA80.sql","5.0","2023-04-05T14:25:35Z","fethy.faradji@infopro-digital.com"
"11/09/2026 14:12:01","Documents/Visual Studio 2017/Backup Files/Solution1/Recovered-avr.-11-2023-1001.~vsDA80.sql","6.0","2023-04-05T14:30:35Z","fethy.faradji@infopro-digital.com"
"11/09/2026 14:12:04","Documents/Visual Studio 2017/Backup Files/Solution1/Recovered-avr.-12-2023-0456.~vs66C4.sql","1.0","2023-04-11T08:07:32Z","fethy.faradji@infopro-digital.com"
"11/09/2026 14:12:07","Documents/Visual Studio 2017/Backup Files/Solution1/Recovered-avr.-16-2025-0205.~vs13D.sql","1.0","2025-03-18T09:47:15Z","fethy.faradji@infopro-digital.com"
"11/09/2026 14:12:11","Documents/Visual Studio 2017/Backup Files/Solution1/Recovered-avr.-16-2025-0205.~vs24.sql","1.0","2025-03-18T08:57:14Z","fethy.faradji@infopro-digital.com"
"11/09/2026 14:12:15","Documents/Visual Studio 2017/Backup Files/Solution1/Recovered-avr.-16-2025-0205.~vs2760.sql","1.0","2025-03-17T13:16:25Z","fethy.faradji@infopro-digital.com"
"11/09/2026 14:12:19","Documents/Visual Studio 2017/Backup Files/Solution1/Recovered-avr.-16-2025-0205.~vs2D77.sql","1.0","2025-03-19T08:33:21Z","fethy.faradji@infopro-digital.com"
"11/09/2026 14:12:20","Documents/Visual Studio 2017/Backup Files/Solution1/Recovered-avr.-16-2025-0205.~vs2D77.sql","2.0","2025-03-19T08:38:21Z","fethy.faradji@infopro-digital.com"
"11/09/2026 14:12:21","Documents/Visual Studio 2017/Backup Files/Solution1/Recovered-avr.-16-2025-0205.~vs2D77.sql","3.0","2025-03-19T08:43:21Z","fethy.faradji@infopro-digital.com"
"11/09/2026 14:12:24","Documents/Visual Studio 2017/Backup Files/Solution1/Recovered-avr.-16-2025-0205.~vs87EE.sql","1.0","2025-03-21T08:50:39Z","fethy.faradji@infopro-digital.com"
"11/09/2026 14:12:26","Documents/Visual Studio 2017/Backup Files/Solution1/Recovered-avr.-16-2025-0205.~vs87EE.sql","2.0","2025-03-21T08:55:39Z","fethy.faradji@infopro-digital.com"
"11/09/2026 14:12:29","Documents/Visual Studio 2017/Backup Files/Solution1/Recovered-avr.-16-2025-0205.~vsA735.sql","1.0","2025-03-18T09:37:15Z","fethy.faradji@infopro-digital.com"
"11/09/2026 14:12:32","Documents/Visual Studio 2017/Backup Files/Solution1/Recovered-avr.-16-2025-0205.~vsC0A2.sql","1.0","2025-03-13T13:20:26Z","fethy.faradji@infopro-digital.com"
"11/09/2026 14:12:36","Documents/Visual Studio 2017/Backup Files/Solution1/Recovered-avr.-16-2025-0205.~vsD371.sql","1.0","2025-03-17T13:11:26Z","fethy.faradji@infopro-digital.com"
"11/09/2026 14:12:37","Documents/Visual Studio 2017/Backup Files/Solution1/Recovered-avr.-16-2025-0205.~vsD371.sql","2.0","2025-03-17T13:16:30Z","fethy.faradji@infopro-digital.com"
"11/09/2026 14:12:40","Documents/Visual Studio 2017/Backup Files/Solution1/Recovered-avr.-16-2025-0205.~vsD8DC.sql","1.0","2025-03-17T15:31:25Z","fethy.faradji@infopro-digital.com"
"11/09/2026 14:12:43","Documents/Visual Studio 2017/Backup Files/Solution1/Recovered-avr.-16-2025-0205.~vsE87C.sql","1.0","2025-03-18T09:42:15Z","fethy.faradji@infopro-digital.com"
"11/09/2026 14:12:46","Documents/Visual Studio 2017/Backup Files/Solution1/Recovered-avr.-16-2025-0205.~vsF7B7.sql","1.0","2025-03-18T09:37:15Z","fethy.faradji@infopro-digital.com"
"11/09/2026 14:12:49","Documents/Visual Studio 2017/Backup Files/Solution1/Recovered-avr.-16-2025-0205.~vsFDBD.sql","1.0","2025-03-14T08:55:48Z","fethy.faradji@infopro-digital.com"
"11/09/2026 14:12:52","Documents/Visual Studio 2017/Backup Files/Solution1/Recovered-avr.-20-2023-1059.~vs1D40.sql","1.0","2023-04-17T14:56:09Z","fethy.faradji@infopro-digital.com"
"11/09/2026 14:12:55","Documents/Visual Studio 2017/Backup Files/Solution1/Recovered-avr.-20-2023-1059.~vs2B37.sql","1.0","2023-04-13T15:15:44Z","fethy.faradji@infopro-digital.com"
"11/09/2026 14:12:59","Documents/Visual Studio 2017/Backup Files/Solution1/Recovered-avr.-20-2023-1059.~vs30E6.sql","1.0","2023-04-13T12:35:43Z","fethy.faradji@infopro-digital.com"
"11/09/2026 14:13:03","Documents/Visual Studio 2017/Backup Files/Solution1/Recovered-avr.-20-2023-1059.~vs3C10.sql","1.0","2023-04-13T10:15:42Z","fethy.faradji@infopro-digital.com"
"11/09/2026 14:13:04","Documents/Visual Studio 2017/Backup Files/Solution1/Recovered-avr.-20-2023-1059.~vs3C10.sql","2.0","2023-04-13T10:20:42Z","fethy.faradji@infopro-digital.com"
"11/09/2026 14:13:07","Documents/Visual Studio 2017/Backup Files/Solution1/Recovered-avr.-20-2023-1059.~vs40ED.sql","1.0","2023-04-17T14:11:09Z","fethy.faradji@infopro-digital.com"
"11/09/2026 14:13:10","Documents/Visual Studio 2017/Backup Files/Solution1/Recovered-avr.-20-2023-1059.~vs66F9.sql","1.0","2023-04-13T10:25:42Z","fethy.faradji@infopro-digital.com"
"11/09/2026 14:13:13","Documents/Visual Studio 2017/Backup Files/Solution1/Recovered-avr.-20-2023-1059.~vs7820.sql","1.0","2023-04-13T12:40:43Z","fethy.faradji@infopro-digital.com"
"11/09/2026 14:13:14","Documents/Visual Studio 2017/Backup Files/Solution1/Recovered-avr.-20-2023-1059.~vs7820.sql","2.0","2023-04-13T14:55:44Z","fethy.faradji@infopro-digital.com"
"11/09/2026 14:13:17","Documents/Visual Studio 2017/Backup Files/Solution1/Recovered-avr.-20-2023-1059.~vsC502.sql","1.0","2023-04-13T09:15:41Z","fethy.faradji@infopro-digital.com"
"11/09/2026 14:13:21","Documents/Visual Studio 2017/Backup Files/Solution1/Recovered-avr.-20-2023-1059.~vsFF5B.sql","1.0","2023-04-13T15:25:44Z","fethy.faradji@infopro-digital.com"
"11/09/2026 14:13:24","Documents/Visual Studio 2017/Backup Files/Solution1/Recovered-avr.-22-2024-0212.~vs267A.sql","1.0","2024-04-19T07:59:23Z","fethy.faradji@infopro-digital.com"
"11/09/2026 14:13:26","Documents/Visual Studio 2017/Backup Files/Solution1/Recovered-avr.-22-2024-0212.~vs267A.sql","2.0","2024-04-19T09:14:29Z","fethy.faradji@infopro-digital.com"
"11/09/2026 14:13:27","Documents/Visual Studio 2017/Backup Files/Solution1/Recovered-avr.-22-2024-0212.~vs267A.sql","3.0","2024-04-19T09:19:29Z","fethy.faradji@infopro-digital.com"
"11/09/2026 14:13:30","Documents/Visual Studio 2017/Backup Files/Solution1/Recovered-avr.-24-2024-0918.~vs3A41.sql","1.0","2024-04-22T15:23:18Z","fethy.faradji@infopro-digital.com"
"11/09/2026 14:13:34","Documents/Visual Studio 2017/Backup Files/Solution1/Recovered-avr.-24-2024-0918.~vs4734.sql","1.0","2024-04-22T15:23:18Z","fethy.faradji@infopro-digital.com"
"11/09/2026 14:13:37","Documents/Visual Studio 2017/Backup Files/Solution1/Recovered-avr.-24-2024-0918.~vsF2BD.sql","1.0","2024-04-22T15:23:18Z","fethy.faradji@infopro-digital.com"
"11/09/2026 14:13:40","Documents/Visual Studio 2017/Backup Files/Solution1/Recovered-avr.-26-2024-0905.~vsC000.sql","1.0","2024-04-25T07:42:13Z","fethy.faradji@infopro-digital.com"
"11/09/2026 14:13:42","Documents/Visual Studio 2017/Backup Files/Solution1/Recovered-avr.-26-2024-0905.~vsC000.sql","2.0","2024-04-25T09:27:13Z","fethy.faradji@infopro-digital.com"
"11/09/2026 14:13:43","Documents/Visual Studio 2017/Backup Files/Solution1/Recovered-avr.-26-2024-0905.~vsC000.sql","3.0","2024-04-25T15:23:03Z","fethy.faradji@infopro-digital.com"
"11/09/2026 14:13:46","Documents/Visual Studio 2017/Backup Files/Solution1/Recovered-avr.-26-2024-0905.~vsF36B.sql","1.0","2024-04-24T07:48:21Z","fethy.faradji@infopro-digital.com"
"11/09/2026 14:13:47","Documents/Visual Studio 2017/Backup Files/Solution1/Recovered-avr.-26-2024-0905.~vsF36B.sql","2.0","2024-04-24T08:08:22Z","fethy.faradji@infopro-digital.com"
"11/09/2026 14:13:48","Documents/Visual Studio 2017/Backup Files/Solution1/Recovered-avr.-26-2024-0905.~vsF36B.sql","3.0","2024-04-24T08:18:22Z","fethy.faradji@infopro-digital.com"
"11/09/2026 14:13:49","Documents/Visual Studio 2017/Backup Files/Solution1/Recovered-avr.-26-2024-0905.~vsF36B.sql","4.0","2024-04-25T07:17:12Z","fethy.faradji@infopro-digital.com"
"11/09/2026 14:13:50","Documents/Visual Studio 2017/Backup Files/Solution1/Recovered-avr.-26-2024-0905.~vsF36B.sql","5.0","2024-04-25T07:22:12Z","fethy.faradji@infopro-digital.com"
"11/09/2026 14:13:51","Documents/Visual Studio 2017/Backup Files/Solution1/Recovered-avr.-26-2024-0905.~vsF36B.sql","6.0","2024-04-25T07:27:12Z","fethy.faradji@infopro-digital.com"
"11/09/2026 14:13:54","Documents/Visual Studio 2017/Backup Files/Solution1/Recovered-avr.-29-2022-1127.~vs1CD.sql","1.0","2022-04-22T12:30:39Z","fethy.faradji@infopro-digital.com"
"11/09/2026 14:13:57","Documents/Visual Studio 2017/Backup Files/Solution1/Recovered-avr.-29-2022-1127.~vs2997.sql","1.0","2022-04-22T12:20:39Z","fethy.faradji@infopro-digital.com"
"11/09/2026 14:13:59","Documents/Visual Studio 2017/Backup Files/Solution1/Recovered-avr.-29-2022-1127.~vs2997.sql","2.0","2022-04-22T12:25:39Z","fethy.faradji@infopro-digital.com"
"11/09/2026 14:14:02","Documents/Visual Studio 2017/Backup Files/Solution1/Recovered-avr.-29-2022-1127.~vs2A99.sql","1.0","2022-04-21T08:05:45Z","fethy.faradji@infopro-digital.com"
"11/09/2026 14:14:06","Documents/Visual Studio 2017/Backup Files/Solution1/Recovered-avr.-29-2022-1127.~vs3550.sql","1.0","2022-04-22T12:25:39Z","fethy.faradji@infopro-digital.com"
"11/09/2026 14:14:10","Documents/Visual Studio 2017/Backup Files/Solution1/Recovered-avr.-29-2022-1127.~vs673D.sql","1.0","2022-04-25T14:49:01Z","fethy.faradji@infopro-digital.com"
"11/09/2026 14:14:13","Documents/Visual Studio 2017/Backup Files/Solution1/Recovered-avr.-29-2022-1127.~vs6A4F.sql","1.0","2022-04-25T08:34:00Z","fethy.faradji@infopro-digital.com"
"11/09/2026 14:14:14","Documents/Visual Studio 2017/Backup Files/Solution1/Recovered-avr.-29-2022-1127.~vs6A4F.sql","2.0","2022-04-25T08:54:00Z","fethy.faradji@infopro-digital.com"
"11/09/2026 14:14:18","Documents/Visual Studio 2017/Backup Files/Solution1/Recovered-avr.-29-2022-1127.~vs7CFA.sql","1.0","2022-04-25T08:29:00Z","fethy.faradji@infopro-digital.com"
"11/09/2026 14:14:19","Documents/Visual Studio 2017/Backup Files/Solution1/Recovered-avr.-29-2022-1127.~vs7CFA.sql","2.0","2022-04-25T08:34:00Z","fethy.faradji@infopro-digital.com"
"11/09/2026 14:14:22","Documents/Visual Studio 2017/Backup Files/Solution1/Recovered-avr.-29-2022-1127.~vsCE15.sql","1.0","2022-04-22T12:30:39Z","fethy.faradji@infopro-digital.com"
"11/09/2026 14:14:25","Documents/Visual Studio 2017/Backup Files/Solution1/Recovered-avr.-29-2022-1127.~vsDF5E.sql","1.0","2022-04-28T08:19:53Z","fethy.faradji@infopro-digital.com"
"11/09/2026 14:14:28","Documents/Visual Studio 2017/Backup Files/Solution1/Recovered-avr.-29-2022-1127.~vsF97.sql","1.0","2022-04-22T12:25:39Z","fethy.faradji@infopro-digital.com"
"11/09/2026 14:14:32","Documents/Visual Studio 2017/Backup Files/Solution1/Recovered-avr.-29-2022-1127.~vsFA02.sql","1.0","2022-04-28T08:34:53Z","fethy.faradji@infopro-digital.com"
"11/09/2026 14:14:33","Documents/Visual Studio 2017/Backup Files/Solution1/Recovered-avr.-29-2022-1127.~vsFA02.sql","2.0","2022-04-28T08:39:53Z","fethy.faradji@infopro-digital.com"
"11/09/2026 14:14:34","Documents/Visual Studio 2017/Backup Files/Solution1/Recovered-avr.-29-2022-1127.~vsFA02.sql","3.0","2022-04-29T09:02:02Z","fethy.faradji@infopro-digital.com"
"11/09/2026 14:14:37","Documents/Visual Studio 2017/Backup Files/Solution1/Recovered-déc.-03-2021-1030.~vs3587.sql","1.0","2021-12-02T10:35:23Z","fethy.faradji@infopro-digital.com"
"11/09/2026 14:14:38","Documents/Visual Studio 2017/Backup Files/Solution1/Recovered-déc.-03-2021-1030.~vs3587.sql","2.0","2021-12-02T11:00:23Z","fethy.faradji@infopro-digital.com"
"11/09/2026 14:14:39","Documents/Visual Studio 2017/Backup Files/Solution1/Recovered-déc.-03-2021-1030.~vs3587.sql","3.0","2021-12-02T11:05:24Z","fethy.faradji@infopro-digital.com"
"11/09/2026 14:14:42","Documents/Visual Studio 2017/Backup Files/Solution1/Recovered-déc.-03-2025-0223.~vs1416.sql","1.0","2025-11-26T08:35:32Z","fethy.faradji@infopro-digital.com"
"11/09/2026 14:14:43","Documents/Visual Studio 2017/Backup Files/Solution1/Recovered-déc.-03-2025-0223.~vs1416.sql","2.0","2025-11-26T09:00:32Z","fethy.faradji@infopro-digital.com"
"11/09/2026 14:14:47","Documents/Visual Studio 2017/Backup Files/Solution1/Recovered-déc.-03-2025-0223.~vs3025.sql","1.0","2025-11-26T16:10:36Z","fethy.faradji@infopro-digital.com"
"11/09/2026 14:14:48","Documents/Visual Studio 2017/Backup Files/Solution1/Recovered-déc.-03-2025-0223.~vs3025.sql","2.0","2025-11-26T16:20:36Z","fethy.faradji@infopro-digital.com"
"11/09/2026 14:14:50","Documents/Visual Studio 2017/Backup Files/Solution1/Recovered-déc.-03-2025-0223.~vs3025.sql","3.0","2025-11-26T16:25:36Z","fethy.faradji@infopro-digital.com"
"11/09/2026 14:14:51","Documents/Visual Studio 2017/Backup Files/Solution1/Recovered-déc.-03-2025-0223.~vs3025.sql","4.0","2025-11-27T06:55:21Z","fethy.faradji@infopro-digital.com"
"11/09/2026 14:14:52","Documents/Visual Studio 2017/Backup Files/Solution1/Recovered-déc.-03-2025-0223.~vs3025.sql","5.0","2025-11-27T08:15:18Z","fethy.faradji@infopro-digital.com"
"11/09/2026 14:14:53","Documents/Visual Studio 2017/Backup Files/Solution1/Recovered-déc.-03-2025-0223.~vs3025.sql","6.0","2025-11-27T08:20:19Z","fethy.faradji@infopro-digital.com"
"11/09/2026 14:14:54","Documents/Visual Studio 2017/Backup Files/Solution1/Recovered-déc.-03-2025-0223.~vs3025.sql","7.0","2025-11-27T08:25:19Z","fethy.faradji@infopro-digital.com"
"11/09/2026 14:14:55","Documents/Visual Studio 2017/Backup Files/Solution1/Recovered-déc.-03-2025-0223.~vs3025.sql","8.0","2025-11-27T08:30:19Z","fethy.faradji@infopro-digital.com"
"11/09/2026 14:14:56","Documents/Visual Studio 2017/Backup Files/Solution1/Recovered-déc.-03-2025-0223.~vs3025.sql","9.0","2025-11-27T08:35:19Z","fethy.faradji@infopro-digital.com"
"11/09/2026 14:14:57","Documents/Visual Studio 2017/Backup Files/Solution1/Recovered-déc.-03-2025-0223.~vs3025.sql","10.0","2025-11-27T08:40:19Z","fethy.faradji@infopro-digital.com"
"11/09/2026 14:14:58","Documents/Visual Studio 2017/Backup Files/Solution1/Recovered-déc.-03-2025-0223.~vs3025.sql","11.0","2025-11-27T08:45:19Z","fethy.faradji@infopro-digital.com"
"11/09/2026 14:14:59","Documents/Visual Studio 2017/Backup Files/Solution1/Recovered-déc.-03-2025-0223.~vs3025.sql","12.0","2025-11-27T09:00:19Z","fethy.faradji@infopro-digital.com"
"11/09/2026 14:15:00","Documents/Visual Studio 2017/Backup Files/Solution1/Recovered-déc.-03-2025-0223.~vs3025.sql","13.0","2025-11-27T09:05:19Z","fethy.faradji@infopro-digital.com"
"11/09/2026 14:15:01","Documents/Visual Studio 2017/Backup Files/Solution1/Recovered-déc.-03-2025-0223.~vs3025.sql","14.0","2025-11-27T09:55:19Z","fethy.faradji@infopro-digital.com"
"11/09/2026 14:15:04","Documents/Visual Studio 2017/Backup Files/Solution1/Recovered-déc.-03-2025-0223.~vs3F42.sql","1.0","2025-11-26T13:05:34Z","fethy.faradji@infopro-digital.com"
"11/09/2026 14:15:08","Documents/Visual Studio 2017/Backup Files/Solution1/Recovered-déc.-05-2022-0937.~vsE70A.sql","1.0","2022-11-23T09:42:38Z","fethy.faradji@infopro-digital.com"
"11/09/2026 14:15:12","Documents/Visual Studio 2017/Backup Files/Solution1/Recovered-déc.-06-2021-1222.~vs1C4A.sql","1.0","2021-12-03T14:40:32Z","fethy.faradji@infopro-digital.com"
"11/09/2026 14:15:15","Documents/Visual Studio 2017/Backup Files/Solution1/Recovered-déc.-06-2021-1222.~vs3587.sql","1.0","2021-12-03T13:25:27Z","fethy.faradji@infopro-digital.com"
"11/09/2026 14:15:20","Documents/Visual Studio 2017/Backup Files/Solution1/Recovered-déc.-06-2021-1222.~vs3803.sql","1.0","2021-12-03T13:50:27Z","fethy.faradji@infopro-digital.com"
"11/09/2026 14:15:23","Documents/Visual Studio 2017/Backup Files/Solution1/Recovered-déc.-06-2021-1222.~vs7940.sql","1.0","2021-12-03T14:30:32Z","fethy.faradji@infopro-digital.com"
"11/09/2026 14:15:24","Documents/Visual Studio 2017/Backup Files/Solution1/Recovered-déc.-06-2021-1222.~vs7940.sql","2.0","2021-12-03T14:35:32Z","fethy.faradji@infopro-digital.com"
"11/09/2026 14:15:27","Documents/Visual Studio 2017/Backup Files/Solution1/Recovered-déc.-06-2021-1222.~vsA840.sql","1.0","2021-12-03T14:40:32Z","fethy.faradji@infopro-digital.com"
"11/09/2026 14:15:31","Documents/Visual Studio 2017/Backup Files/Solution1/Recovered-déc.-06-2021-1222.~vsC7B8.sql","1.0","2021-12-03T13:25:27Z","fethy.faradji@infopro-digital.com"
"11/09/2026 14:15:32","Documents/Visual Studio 2017/Backup Files/Solution1/Recovered-déc.-06-2021-1222.~vsC7B8.sql","2.0","2021-12-03T13:45:27Z","fethy.faradji@infopro-digital.com"
"11/09/2026 14:15:33","Documents/Visual Studio 2017/Backup Files/Solution1/Recovered-déc.-06-2021-1222.~vsC7B8.sql","3.0","2021-12-03T13:50:27Z","fethy.faradji@infopro-digital.com"
"11/09/2026 14:15:34","Documents/Visual Studio 2017/Backup Files/Solution1/Recovered-déc.-06-2021-1222.~vsC7B8.sql","4.0","2021-12-03T14:00:28Z","fethy.faradji@infopro-digital.com"
"11/09/2026 14:15:35","Documents/Visual Studio 2017/Backup Files/Solution1/Recovered-déc.-06-2021-1222.~vsC7B8.sql","5.0","2021-12-03T14:15:29Z","fethy.faradji@infopro-digital.com"
"11/09/2026 14:15:36","Documents/Visual Studio 2017/Backup Files/Solution1/Recovered-déc.-06-2021-1222.~vsC7B8.sql","6.0","2021-12-03T14:20:29Z","fethy.faradji@infopro-digital.com"
"11/09/2026 14:15:37","Documents/Visual Studio 2017/Backup Files/Solution1/Recovered-déc.-06-2021-1222.~vsC7B8.sql","7.0","2021-12-03T14:25:31Z","fethy.faradji@infopro-digital.com"
"11/09/2026 14:15:40","Documents/Visual Studio 2017/Backup Files/Solution1/Recovered-déc.-06-2021-1222.~vsCF5F.sql","1.0","2021-12-03T14:35:32Z","fethy.faradji@infopro-digital.com"
"11/09/2026 14:15:41","Documents/Visual Studio 2017/Backup Files/Solution1/Recovered-déc.-06-2021-1222.~vsCF5F.sql","2.0","2021-12-03T14:40:32Z","fethy.faradji@infopro-digital.com"
"11/09/2026 14:15:44","Documents/Visual Studio 2017/Backup Files/Solution1/Recovered-déc.-06-2021-1222.~vsF394.sql","1.0","2021-12-03T14:40:32Z","fethy.faradji@infopro-digital.com"
"11/09/2026 14:15:47","Documents/Visual Studio 2017/Backup Files/Solution1/Recovered-déc.-07-2022-0212.~vsE796.sql","1.0","2022-12-05T08:44:43Z","fethy.faradji@infopro-digital.com"
"11/09/2026 14:15:48","Documents/Visual Studio 2017/Backup Files/Solution1/Recovered-déc.-07-2022-0212.~vsE796.sql","2.0","2022-12-05T08:49:43Z","fethy.faradji@infopro-digital.com"
"11/09/2026 14:15:51","Documents/Visual Studio 2017/Backup Files/Solution1/Recovered-déc.-10-2021-0254.~vs7E5.sql","1.0","2021-12-09T14:13:07Z","fethy.faradji@infopro-digital.com"
"11/09/2026 14:15:55","Documents/Visual Studio 2017/Backup Files/Solution1/Recovered-déc.-10-2021-0254.~vsD81D.sql","1.0","2021-12-09T10:53:00Z","fethy.faradji@infopro-digital.com"
"11/09/2026 14:15:56","Documents/Visual Studio 2017/Backup Files/Solution1/Recovered-déc.-10-2021-0254.~vsD81D.sql","2.0","2021-12-09T10:58:00Z","fethy.faradji@infopro-digital.com"
"11/09/2026 14:16:00","Documents/Visual Studio 2017/Backup Files/Solution1/Recovered-déc.-11-2024-0502.~vs24F3.sql","1.0","2024-11-28T13:27:36Z","fethy.faradji@infopro-digital.com"
"11/09/2026 14:16:01","Documents/Visual Studio 2017/Backup Files/Solution1/Recovered-déc.-11-2024-0502.~vs24F3.sql","2.0","2024-11-28T13:32:36Z","fethy.faradji@infopro-digital.com"
"11/09/2026 14:16:04","Documents/Visual Studio 2017/Backup Files/Solution1/Recovered-déc.-11-2024-0502.~vs258C.sql","1.0","2024-12-04T14:42:59Z","fethy.faradji@infopro-digital.com"
"11/09/2026 14:16:05","Documents/Visual Studio 2017/Backup Files/Solution1/Recovered-déc.-11-2024-0502.~vs258C.sql","2.0","2024-12-04T15:17:59Z","fethy.faradji@infopro-digital.com"
"11/09/2026 14:16:06","Documents/Visual Studio 2017/Backup Files/Solution1/Recovered-déc.-11-2024-0502.~vs258C.sql","3.0","2024-12-06T08:37:46Z","fethy.faradji@infopro-digital.com"
"11/09/2026 14:16:07","Documents/Visual Studio 2017/Backup Files/Solution1/Recovered-déc.-11-2024-0502.~vs258C.sql","4.0","2024-12-06T08:42:48Z","fethy.faradji@infopro-digital.com"
"11/09/2026 14:16:08","Documents/Visual Studio 2017/Backup Files/Solution1/Recovered-déc.-11-2024-0502.~vs258C.sql","5.0","2024-12-06T08:52:48Z","fethy.faradji@infopro-digital.com"
"11/09/2026 14:16:09","Documents/Visual Studio 2017/Backup Files/Solution1/Recovered-déc.-11-2024-0502.~vs258C.sql","6.0","2024-12-06T08:57:48Z","fethy.faradji@infopro-digital.com"
"11/09/2026 14:16:10","Documents/Visual Studio 2017/Backup Files/Solution1/Recovered-déc.-11-2024-0502.~vs258C.sql","7.0","2024-12-06T09:47:47Z","fethy.faradji@infopro-digital.com"
"11/09/2026 14:16:11","Documents/Visual Studio 2017/Backup Files/Solution1/Recovered-déc.-11-2024-0502.~vs258C.sql","8.0","2024-12-06T09:52:47Z","fethy.faradji@infopro-digital.com"
"11/09/2026 14:16:14","Documents/Visual Studio 2017/Backup Files/Solution1/Recovered-déc.-11-2024-0502.~vs28E0.sql","1.0","2024-12-03T10:05:18Z","fethy.faradji@infopro-digital.com"
"11/09/2026 14:16:18","Documents/Visual Studio 2017/Backup Files/Solution1/Recovered-déc.-11-2024-0502.~vs3.sql","1.0","2024-11-28T13:37:36Z","fethy.faradji@infopro-digital.com"
"11/09/2026 14:16:23","Documents/Visual Studio 2017/Backup Files/Solution1/Recovered-déc.-11-2024-0502.~vs37F.sql","1.0","2024-11-28T13:27:36Z","fethy.faradji@infopro-digital.com"
"11/09/2026 14:16:24","Documents/Visual Studio 2017/Backup Files/Solution1/Recovered-déc.-11-2024-0502.~vs37F.sql","2.0","2024-11-28T13:32:36Z","fethy.faradji@infopro-digital.com"
"11/09/2026 14:16:25","Documents/Visual Studio 2017/Backup Files/Solution1/Recovered-déc.-11-2024-0502.~vs37F.sql","3.0","2024-11-28T13:37:36Z","fethy.faradji@infopro-digital.com"
"11/09/2026 14:16:28","Documents/Visual Studio 2017/Backup Files/Solution1/Recovered-déc.-11-2024-0502.~vs3B73.sql","1.0","2024-12-06T10:02:47Z","fethy.faradji@infopro-digital.com"
"11/09/2026 14:16:29","Documents/Visual Studio 2017/Backup Files/Solution1/Recovered-déc.-11-2024-0502.~vs3B73.sql","2.0","2024-12-06T10:07:47Z","fethy.faradji@infopro-digital.com"
"11/09/2026 14:16:30","Documents/Visual Studio 2017/Backup Files/Solution1/Recovered-déc.-11-2024-0502.~vs3B73.sql","3.0","2024-12-06T10:12:48Z","fethy.faradji@infopro-digital.com"
"11/09/2026 14:16:31","Documents/Visual Studio 2017/Backup Files/Solution1/Recovered-déc.-11-2024-0502.~vs3B73.sql","4.0","2024-12-06T10:17:47Z","fethy.faradji@infopro-digital.com"
"11/09/2026 14:16:32","Documents/Visual Studio 2017/Backup Files/Solution1/Recovered-déc.-11-2024-0502.~vs3B73.sql","5.0","2024-12-06T14:47:47Z","fethy.faradji@infopro-digital.com"
"11/09/2026 14:16:33","Documents/Visual Studio 2017/Backup Files/Solution1/Recovered-déc.-11-2024-0502.~vs3B73.sql","6.0","2024-12-09T13:25:24Z","fethy.faradji@infopro-digital.com"
"11/09/2026 14:16:36","Documents/Visual Studio 2017/Backup Files/Solution1/Recovered-déc.-11-2024-0502.~vs3FC1.sql","1.0","2024-11-29T14:23:53Z","fethy.faradji@infopro-digital.com"
"11/09/2026 14:16:37","Documents/Visual Studio 2017/Backup Files/Solution1/Recovered-déc.-11-2024-0502.~vs3FC1.sql","2.0","2024-11-29T14:28:53Z","fethy.faradji@infopro-digital.com"
"11/09/2026 14:16:38","Documents/Visual Studio 2017/Backup Files/Solution1/Recovered-déc.-11-2024-0502.~vs3FC1.sql","3.0","2024-11-29T14:33:53Z","fethy.faradji@infopro-digital.com"
"11/09/2026 14:16:41","Documents/Visual Studio 2017/Backup Files/Solution1/Recovered-déc.-11-2024-0502.~vs4DA5.sql","1.0","2024-12-02T09:14:25Z","fethy.faradji@infopro-digital.com"
"11/09/2026 14:16:43","Documents/Visual Studio 2017/Backup Files/Solution1/Recovered-déc.-11-2024-0502.~vs4DA5.sql","2.0","2024-12-02T12:39:26Z","fethy.faradji@infopro-digital.com"
"11/09/2026 14:16:44","Documents/Visual Studio 2017/Backup Files/Solution1/Recovered-déc.-11-2024-0502.~vs4DA5.sql","3.0","2024-12-02T12:54:25Z","fethy.faradji@infopro-digital.com"
"11/09/2026 14:16:45","Documents/Visual Studio 2017/Backup Files/Solution1/Recovered-déc.-11-2024-0502.~vs4DA5.sql","4.0","2024-12-02T12:59:26Z","fethy.faradji@infopro-digital.com"
"11/09/2026 14:16:46","Documents/Visual Studio 2017/Backup Files/Solution1/Recovered-déc.-11-2024-0502.~vs4DA5.sql","5.0","2024-12-02T13:09:25Z","fethy.faradji@infopro-digital.com"
"11/09/2026 14:16:49","Documents/Visual Studio 2017/Backup Files/Solution1/Recovered-déc.-11-2024-0502.~vs55EA.sql","1.0","2024-12-02T12:59:26Z","fethy.faradji@infopro-digital.com"
"11/09/2026 14:16:53","Documents/Visual Studio 2017/Backup Files/Solution1/Recovered-déc.-11-2024-0502.~vs5C80.sql","1.0","2024-12-02T09:14:25Z","fethy.faradji@infopro-digital.com"
"11/09/2026 14:16:54","Documents/Visual Studio 2017/Backup Files/Solution1/Recovered-déc.-11-2024-0502.~vs5C80.sql","2.0","2024-12-02T12:54:27Z","fethy.faradji@infopro-digital.com"
"11/09/2026 14:16:55","Documents/Visual Studio 2017/Backup Files/Solution1/Recovered-déc.-11-2024-0502.~vs5C80.sql","3.0","2024-12-02T12:59:26Z","fethy.faradji@infopro-digital.com"
"11/09/2026 14:16:56","Documents/Visual Studio 2017/Backup Files/Solution1/Recovered-déc.-11-2024-0502.~vs5C80.sql","4.0","2024-12-02T13:09:25Z","fethy.faradji@infopro-digital.com"
"11/09/2026 14:16:58","Documents/Visual Studio 2017/Backup Files/Solution1/Recovered-déc.-11-2024-0502.~vs5C80.sql","5.0","2024-12-02T13:14:25Z","fethy.faradji@infopro-digital.com"
"11/09/2026 14:17:01","Documents/Visual Studio 2017/Backup Files/Solution1/Recovered-déc.-11-2024-0502.~vs6646.sql","1.0","2024-11-29T14:13:53Z","fethy.faradji@infopro-digital.com"
"11/09/2026 14:17:02","Documents/Visual Studio 2017/Backup Files/Solution1/Recovered-déc.-11-2024-0502.~vs6646.sql","2.0","2024-11-29T14:23:53Z","fethy.faradji@infopro-digital.com"
"11/09/2026 14:17:03","Documents/Visual Studio 2017/Backup Files/Solution1/Recovered-déc.-11-2024-0502.~vs6646.sql","3.0","2024-11-29T14:28:53Z","fethy.faradji@infopro-digital.com"
"11/09/2026 14:17:03","Documents/Visual Studio 2017/Backup Files/Solution1/Recovered-déc.-11-2024-0502.~vs6646.sql","4.0","2024-11-29T14:33:53Z","fethy.faradji@infopro-digital.com"
"11/09/2026 14:17:04","Documents/Visual Studio 2017/Backup Files/Solution1/Recovered-déc.-11-2024-0502.~vs6646.sql","5.0","2024-11-29T14:38:53Z","fethy.faradji@infopro-digital.com"
"11/09/2026 14:17:05","Documents/Visual Studio 2017/Backup Files/Solution1/Recovered-déc.-11-2024-0502.~vs6646.sql","6.0","2024-11-29T14:43:53Z","fethy.faradji@infopro-digital.com"
"11/09/2026 14:17:08","Documents/Visual Studio 2017/Backup Files/Solution1/Recovered-déc.-11-2024-0502.~vs6B45.sql","1.0","2024-12-10T15:29:16Z","fethy.faradji@infopro-digital.com"
"11/09/2026 14:17:09","Documents/Visual Studio 2017/Backup Files/Solution1/Recovered-déc.-11-2024-0502.~vs6B45.sql","2.0","2024-12-10T15:34:16Z","fethy.faradji@infopro-digital.com"
"11/09/2026 14:17:10","Documents/Visual Studio 2017/Backup Files/Solution1/Recovered-déc.-11-2024-0502.~vs6B45.sql","3.0","2024-12-10T15:39:17Z","fethy.faradji@infopro-digital.com"
"11/09/2026 14:17:13","Documents/Visual Studio 2017/Backup Files/Solution1/Recovered-déc.-11-2024-0502.~vs9803.sql","1.0","2024-12-03T10:10:18Z","fethy.faradji@infopro-digital.com"
"11/09/2026 14:17:14","Documents/Visual Studio 2017/Backup Files/Solution1/Recovered-déc.-11-2024-0502.~vs9803.sql","2.0","2024-12-03T10:35:20Z","fethy.faradji@infopro-digital.com"
"11/09/2026 14:17:15","Documents/Visual Studio 2017/Backup Files/Solution1/Recovered-déc.-11-2024-0502.~vs9803.sql","3.0","2024-12-03T10:40:20Z","fethy.faradji@infopro-digital.com"
"11/09/2026 14:17:18","Documents/Visual Studio 2017/Backup Files/Solution1/Recovered-déc.-11-2024-0502.~vs9803.sql","4.0","2024-12-03T14:50:19Z","fethy.faradji@infopro-digital.com"
"11/09/2026 14:17:21","Documents/Visual Studio 2017/Backup Files/Solution1/Recovered-déc.-11-2024-0502.~vsACD5.sql","1.0","2024-12-02T12:59:26Z","fethy.faradji@infopro-digital.com"
"11/09/2026 14:17:24","Documents/Visual Studio 2017/Backup Files/Solution1/Recovered-déc.-11-2024-0502.~vsB03C.sql","1.0","2024-12-06T14:42:47Z","fethy.faradji@infopro-digital.com"
"11/09/2026 14:17:27","Documents/Visual Studio 2017/Backup Files/Solution1/Recovered-déc.-11-2024-0502.~vsB91B.sql","1.0","2024-11-29T14:28:53Z","fethy.faradji@infopro-digital.com"
"11/09/2026 14:17:30","Documents/Visual Studio 2017/Backup Files/Solution1/Recovered-déc.-11-2024-0502.~vsC2D9.sql","1.0","2024-11-29T10:13:52Z","fethy.faradji@infopro-digital.com"
"11/09/2026 14:17:32","Documents/Visual Studio 2017/Backup Files/Solution1/Recovered-déc.-11-2024-0502.~vsC2D9.sql","2.0","2024-11-29T10:18:52Z","fethy.faradji@infopro-digital.com"
"11/09/2026 14:17:33","Documents/Visual Studio 2017/Backup Files/Solution1/Recovered-déc.-11-2024-0502.~vsC2D9.sql","3.0","2024-11-29T13:18:53Z","fethy.faradji@infopro-digital.com"
"11/09/2026 14:17:34","Documents/Visual Studio 2017/Backup Files/Solution1/Recovered-déc.-11-2024-0502.~vsC2D9.sql","4.0","2024-11-29T13:23:53Z","fethy.faradji@infopro-digital.com"
"11/09/2026 14:17:36","Documents/Visual Studio 2017/Backup Files/Solution1/Recovered-déc.-11-2024-0502.~vsDA75.sql","1.0","2024-12-10T14:09:12Z","fethy.faradji@infopro-digital.com"
"11/09/2026 14:17:37","Documents/Visual Studio 2017/Backup Files/Solution1/Recovered-déc.-11-2024-0502.~vsDA75.sql","2.0","2024-12-10T14:14:12Z","fethy.faradji@infopro-digital.com"
"11/09/2026 14:17:38","Documents/Visual Studio 2017/Backup Files/Solution1/Recovered-déc.-11-2024-0502.~vsDA75.sql","3.0","2024-12-10T14:19:12Z","fethy.faradji@infopro-digital.com"
"11/09/2026 14:17:39","Documents/Visual Studio 2017/Backup Files/Solution1/Recovered-déc.-11-2024-0502.~vsDA75.sql","4.0","2024-12-10T15:59:17Z","fethy.faradji@infopro-digital.com"
"11/09/2026 14:17:40","Documents/Visual Studio 2017/Backup Files/Solution1/Recovered-déc.-11-2024-0502.~vsDA75.sql","5.0","2024-12-10T16:04:17Z","fethy.faradji@infopro-digital.com"
"11/09/2026 14:17:43","Documents/Visual Studio 2017/Backup Files/Solution1/Recovered-déc.-11-2024-0502.~vsFE43.sql","1.0","2024-12-04T14:07:59Z","fethy.faradji@infopro-digital.com"
"11/09/2026 14:17:44","Documents/Visual Studio 2017/Backup Files/Solution1/Recovered-déc.-11-2024-0502.~vsFE43.sql","2.0","2024-12-04T14:12:59Z","fethy.faradji@infopro-digital.com"
"11/09/2026 14:17:45","Documents/Visual Studio 2017/Backup Files/Solution1/Recovered-déc.-11-2024-0502.~vsFE43.sql","3.0","2024-12-04T14:17:59Z","fethy.faradji@infopro-digital.com"
"11/09/2026 14:17:48","Documents/Visual Studio 2017/Backup Files/Solution1/Recovered-déc.-12-2023-1129.~vs160A.sql","1.0","2023-12-05T11:08:04Z","fethy.faradji@infopro-digital.com"
"11/09/2026 14:17:51","Documents/Visual Studio 2017/Backup Files/Solution1/Recovered-déc.-12-2023-1129.~vs26B6.sql","1.0","2023-12-11T13:11:06Z","fethy.faradji@infopro-digital.com"
"11/09/2026 14:17:52","Documents/Visual Studio 2017/Backup Files/Solution1/Recovered-déc.-12-2023-1129.~vs26B6.sql","2.0","2023-12-11T15:41:07Z","fethy.faradji@infopro-digital.com"
"11/09/2026 14:17:56","Documents/Visual Studio 2017/Backup Files/Solution1/Recovered-déc.-12-2023-1129.~vs4166.sql","1.0","2023-11-30T14:54:38Z","fethy.faradji@infopro-digital.com"
"11/09/2026 14:17:57","Documents/Visual Studio 2017/Backup Files/Solution1/Recovered-déc.-12-2023-1129.~vs4166.sql","2.0","2023-11-30T14:59:38Z","fethy.faradji@infopro-digital.com"
"11/09/2026 14:17:58","Documents/Visual Studio 2017/Backup Files/Solution1/Recovered-déc.-12-2023-1129.~vs4166.sql","3.0","2023-11-30T15:14:38Z","fethy.faradji@infopro-digital.com"
"11/09/2026 14:18:01","Documents/Visual Studio 2017/Backup Files/Solution1/Recovered-déc.-12-2023-1129.~vs66A8.sql","1.0","2023-12-06T16:19:47Z","fethy.faradji@infopro-digital.com"
"11/09/2026 14:18:03","Documents/Visual Studio 2017/Backup Files/Solution1/Recovered-déc.-12-2023-1129.~vs66A8.sql","2.0","2023-12-06T16:24:47Z","fethy.faradji@infopro-digital.com"
"11/09/2026 14:18:04","Documents/Visual Studio 2017/Backup Files/Solution1/Recovered-déc.-12-2023-1129.~vs66A8.sql","3.0","2023-12-07T10:19:54Z","fethy.faradji@infopro-digital.com"
"11/09/2026 14:18:06","Documents/Visual Studio 2017/Backup Files/Solution1/Recovered-déc.-12-2023-1129.~vs66A8.sql","4.0","2023-12-07T10:24:54Z","fethy.faradji@infopro-digital.com"
"11/09/2026 14:18:09","Documents/Visual Studio 2017/Backup Files/Solution1/Recovered-déc.-12-2023-1129.~vs73FE.sql","1.0","2023-12-07T10:24:54Z","fethy.faradji@infopro-digital.com"
"11/09/2026 14:18:10","Documents/Visual Studio 2017/Backup Files/Solution1/Recovered-déc.-12-2023-1129.~vs73FE.sql","2.0","2023-12-07T10:34:54Z","fethy.faradji@infopro-digital.com"
"11/09/2026 14:18:11","Documents/Visual Studio 2017/Backup Files/Solution1/Recovered-déc.-12-2023-1129.~vs73FE.sql","3.0","2023-12-07T10:44:54Z","fethy.faradji@infopro-digital.com"
"11/09/2026 14:18:14","Documents/Visual Studio 2017/Backup Files/Solution1/Recovered-déc.-12-2023-1129.~vs87A6.sql","1.0","2023-12-08T15:25:43Z","fethy.faradji@infopro-digital.com"
"11/09/2026 14:18:15","Documents/Visual Studio 2017/Backup Files/Solution1/Recovered-déc.-12-2023-1129.~vs87A6.sql","2.0","2023-12-08T15:30:43Z","fethy.faradji@infopro-digital.com"
"11/09/2026 14:18:16","Documents/Visual Studio 2017/Backup Files/Solution1/Recovered-déc.-12-2023-1129.~vs87A6.sql","3.0","2023-12-08T15:35:43Z","fethy.faradji@infopro-digital.com"
"11/09/2026 14:18:17","Documents/Visual Studio 2017/Backup Files/Solution1/Recovered-déc.-12-2023-1129.~vs87A6.sql","4.0","2023-12-08T15:40:43Z","fethy.faradji@infopro-digital.com"
"11/09/2026 14:18:18","Documents/Visual Studio 2017/Backup Files/Solution1/Recovered-déc.-12-2023-1129.~vs87A6.sql","5.0","2023-12-08T16:05:48Z","fethy.faradji@infopro-digital.com"
"11/09/2026 14:18:21","Documents/Visual Studio 2017/Backup Files/Solution1/Recovered-déc.-12-2023-1129.~vs880E.sql","1.0","2023-11-29T08:34:20Z","fethy.faradji@infopro-digital.com"
"11/09/2026 14:18:22","Documents/Visual Studio 2017/Backup Files/Solution1/Recovered-déc.-12-2023-1129.~vs880E.sql","2.0","2023-11-29T08:39:20Z","fethy.faradji@infopro-digital.com"
"11/09/2026 14:18:23","Documents/Visual Studio 2017/Backup Files/Solution1/Recovered-déc.-12-2023-1129.~vs880E.sql","3.0","2023-12-01T09:40:59Z","fethy.faradji@infopro-digital.com"
"11/09/2026 14:18:26","Documents/Visual Studio 2017/Backup Files/Solution1/Recovered-déc.-12-2023-1129.~vsA38D.sql","1.0","2023-12-06T13:44:46Z","fethy.faradji@infopro-digital.com"
"11/09/2026 14:18:27","Documents/Visual Studio 2017/Backup Files/Solution1/Recovered-déc.-12-2023-1129.~vsA38D.sql","2.0","2023-12-06T13:59:46Z","fethy.faradji@infopro-digital.com"
"11/09/2026 14:18:28","Documents/Visual Studio 2017/Backup Files/Solution1/Recovered-déc.-12-2023-1129.~vsA38D.sql","3.0","2023-12-07T08:44:54Z","fethy.faradji@infopro-digital.com"
"11/09/2026 14:18:29","Documents/Visual Studio 2017/Backup Files/Solution1/Recovered-déc.-12-2023-1129.~vsA38D.sql","4.0","2023-12-07T08:49:54Z","fethy.faradji@infopro-digital.com"
"11/09/2026 14:18:30","Documents/Visual Studio 2017/Backup Files/Solution1/Recovered-déc.-12-2023-1129.~vsA38D.sql","5.0","2023-12-07T08:59:54Z","fethy.faradji@infopro-digital.com"
"11/09/2026 14:18:31","Documents/Visual Studio 2017/Backup Files/Solution1/Recovered-déc.-12-2023-1129.~vsA38D.sql","6.0","2023-12-07T09:04:54Z","fethy.faradji@infopro-digital.com"
"11/09/2026 14:18:31","Documents/Visual Studio 2017/Backup Files/Solution1/Recovered-déc.-12-2023-1129.~vsA38D.sql","7.0","2023-12-07T09:24:54Z","fethy.faradji@infopro-digital.com"
"11/09/2026 14:18:33","Documents/Visual Studio 2017/Backup Files/Solution1/Recovered-déc.-12-2023-1129.~vsA38D.sql","8.0","2023-12-07T13:09:55Z","fethy.faradji@infopro-digital.com"
"11/09/2026 14:18:33","Documents/Visual Studio 2017/Backup Files/Solution1/Recovered-déc.-12-2023-1129.~vsA38D.sql","9.0","2023-12-07T13:19:55Z","fethy.faradji@infopro-digital.com"
"11/09/2026 14:18:34","Documents/Visual Studio 2017/Backup Files/Solution1/Recovered-déc.-12-2023-1129.~vsA38D.sql","10.0","2023-12-07T14:04:55Z","fethy.faradji@infopro-digital.com"
"11/09/2026 14:18:35","Documents/Visual Studio 2017/Backup Files/Solution1/Recovered-déc.-12-2023-1129.~vsA38D.sql","11.0","2023-12-08T08:45:42Z","fethy.faradji@infopro-digital.com"
"11/09/2026 14:18:38","Documents/Visual Studio 2017/Backup Files/Solution1/Recovered-déc.-12-2023-1129.~vsC284.sql","1.0","2023-11-29T10:44:19Z","fethy.faradji@infopro-digital.com"
"11/09/2026 14:18:39","Documents/Visual Studio 2017/Backup Files/Solution1/Recovered-déc.-12-2023-1129.~vsC284.sql","2.0","2023-11-29T10:54:19Z","fethy.faradji@infopro-digital.com"
"11/09/2026 14:18:40","Documents/Visual Studio 2017/Backup Files/Solution1/Recovered-déc.-12-2023-1129.~vsC284.sql","3.0","2023-11-29T11:04:20Z","fethy.faradji@infopro-digital.com"
"11/09/2026 14:18:41","Documents/Visual Studio 2017/Backup Files/Solution1/Recovered-déc.-12-2023-1129.~vsC284.sql","4.0","2023-11-29T11:09:20Z","fethy.faradji@infopro-digital.com"
"11/09/2026 14:18:42","Documents/Visual Studio 2017/Backup Files/Solution1/Recovered-déc.-12-2023-1129.~vsC284.sql","5.0","2023-11-29T11:14:20Z","fethy.faradji@infopro-digital.com"
"11/09/2026 14:18:45","Documents/Visual Studio 2017/Backup Files/Solution1/Recovered-déc.-12-2023-1129.~vsDBE4.sql","1.0","2023-12-06T08:29:46Z","fethy.faradji@infopro-digital.com"
"11/09/2026 14:18:46","Documents/Visual Studio 2017/Backup Files/Solution1/Recovered-déc.-12-2023-1129.~vsDBE4.sql","2.0","2023-12-06T08:34:46Z","fethy.faradji@infopro-digital.com"
"11/09/2026 14:18:49","Documents/Visual Studio 2017/Backup Files/Solution1/Recovered-déc.-12-2023-1129.~vsF2D5.sql","1.0","2023-12-11T15:41:07Z","fethy.faradji@infopro-digital.com"
"11/09/2026 14:18:50","Documents/Visual Studio 2017/Backup Files/Solution1/Recovered-déc.-12-2023-1129.~vsF2D5.sql","2.0","2023-12-11T15:46:07Z","fethy.faradji@infopro-digital.com"
"11/09/2026 14:18:53","Documents/Visual Studio 2017/Backup Files/Solution1/Recovered-déc.-13-2021-0325.~vsBCEC.sql","1.0","2021-12-10T13:59:59Z","fethy.faradji@infopro-digital.com"
"11/09/2026 14:18:56","Documents/Visual Studio 2017/Backup Files/Solution1/Recovered-déc.-14-2022-1011.~vs1B1F.sql","1.0","2022-12-07T13:17:52Z","fethy.faradji@infopro-digital.com"
"11/09/2026 14:19:00","Documents/Visual Studio 2017/Backup Files/Solution1/Recovered-déc.-14-2022-1011.~vsBE3C.sql","1.0","2022-12-07T13:17:52Z","fethy.faradji@infopro-digital.com"
"11/09/2026 14:19:01","Documents/Visual Studio 2017/Backup Files/Solution1/Recovered-déc.-14-2022-1011.~vsBE3C.sql","2.0","2022-12-07T13:22:52Z","fethy.faradji@infopro-digital.com"
"11/09/2026 14:19:02","Documents/Visual Studio 2017/Backup Files/Solution1/Recovered-déc.-14-2022-1011.~vsBE3C.sql","3.0","2022-12-07T13:27:53Z","fethy.faradji@infopro-digital.com"
"11/09/2026 14:19:05","Documents/Visual Studio 2017/Backup Files/Solution1/Recovered-déc.-14-2022-1011.~vsFEAB.sql","1.0","2022-12-13T10:01:30Z","fethy.faradji@infopro-digital.com"
"11/09/2026 14:19:08","Documents/Visual Studio 2017/Backup Files/Solution1/Recovered-déc.-14-2023-1000.~vs1220.sql","1.0","2023-12-13T15:36:24Z","fethy.faradji@infopro-digital.com"
"11/09/2026 14:19:10","Documents/Visual Studio 2017/Backup Files/Solution1/Recovered-déc.-14-2023-1000.~vs1220.sql","2.0","2023-12-13T15:41:24Z","fethy.faradji@infopro-digital.com"
"11/09/2026 14:19:10","Documents/Visual Studio 2017/Backup Files/Solution1/Recovered-déc.-14-2023-1000.~vs1220.sql","3.0","2023-12-13T16:06:25Z","fethy.faradji@infopro-digital.com"
"11/09/2026 14:19:13","Documents/Visual Studio 2017/Backup Files/Solution1/Recovered-déc.-14-2023-1000.~vs12D1.sql","1.0","2023-12-13T10:41:21Z","fethy.faradji@infopro-digital.com"
"11/09/2026 14:19:17","Documents/Visual Studio 2017/Backup Files/Solution1/Recovered-déc.-14-2023-1000.~vs2495.sql","1.0","2023-12-12T10:34:07Z","fethy.faradji@infopro-digital.com"
"11/09/2026 14:19:18","Documents/Visual Studio 2017/Backup Files/Solution1/Recovered-déc.-14-2023-1000.~vs2495.sql","2.0","2023-12-12T10:39:07Z","fethy.faradji@infopro-digital.com"
"11/09/2026 14:19:19","Documents/Visual Studio 2017/Backup Files/Solution1/Recovered-déc.-14-2023-1000.~vs2495.sql","3.0","2023-12-12T10:44:07Z","fethy.faradji@infopro-digital.com"
"11/09/2026 14:19:22","Documents/Visual Studio 2017/Backup Files/Solution1/Recovered-déc.-14-2023-1000.~vs2FDF.sql","1.0","2023-12-12T15:34:17Z","fethy.faradji@infopro-digital.com"
"11/09/2026 14:19:23","Documents/Visual Studio 2017/Backup Files/Solution1/Recovered-déc.-14-2023-1000.~vs2FDF.sql","2.0","2023-12-12T15:44:17Z","fethy.faradji@infopro-digital.com"
"11/09/2026 14:19:26","Documents/Visual Studio 2017/Backup Files/Solution1/Recovered-déc.-14-2023-1000.~vs429E.sql","1.0","2023-12-12T13:54:14Z","fethy.faradji@infopro-digital.com"
"11/09/2026 14:19:27","Documents/Visual Studio 2017/Backup Files/Solution1/Recovered-déc.-14-2023-1000.~vs429E.sql","2.0","2023-12-12T13:59:14Z","fethy.faradji@infopro-digital.com"
"11/09/2026 14:19:30","Documents/Visual Studio 2017/Backup Files/Solution1/Recovered-déc.-14-2023-1000.~vs438F.sql","1.0","2023-12-12T15:34:17Z","fethy.faradji@infopro-digital.com"
"11/09/2026 14:19:31","Documents/Visual Studio 2017/Backup Files/Solution1/Recovered-déc.-14-2023-1000.~vs438F.sql","2.0","2023-12-12T15:39:17Z","fethy.faradji@infopro-digital.com"
"11/09/2026 14:19:32","Documents/Visual Studio 2017/Backup Files/Solution1/Recovered-déc.-14-2023-1000.~vs438F.sql","3.0","2023-12-12T15:44:17Z","fethy.faradji@infopro-digital.com"
"11/09/2026 14:19:36","Documents/Visual Studio 2017/Backup Files/Solution1/Recovered-déc.-14-2023-1000.~vs4E6A.sql","1.0","2023-12-12T13:49:14Z","fethy.faradji@infopro-digital.com"
"11/09/2026 14:19:39","Documents/Visual Studio 2017/Backup Files/Solution1/Recovered-déc.-14-2023-1000.~vs6125.sql","1.0","2023-12-13T10:51:21Z","fethy.faradji@infopro-digital.com"
"11/09/2026 14:19:43","Documents/Visual Studio 2017/Backup Files/Solution1/Recovered-déc.-14-2023-1000.~vsA6A2.sql","1.0","2023-12-13T08:36:20Z","fethy.faradji@infopro-digital.com"
"11/09/2026 14:19:46","Documents/Visual Studio 2017/Backup Files/Solution1/Recovered-déc.-14-2023-1000.~vsB383.sql","1.0","2023-12-12T14:09:15Z","fethy.faradji@infopro-digital.com"
"11/09/2026 14:19:47","Documents/Visual Studio 2017/Backup Files/Solution1/Recovered-déc.-14-2023-1000.~vsB383.sql","2.0","2023-12-12T14:14:15Z","fethy.faradji@infopro-digital.com"
"11/09/2026 14:19:48","Documents/Visual Studio 2017/Backup Files/Solution1/Recovered-déc.-14-2023-1000.~vsB383.sql","3.0","2023-12-12T15:39:17Z","fethy.faradji@infopro-digital.com"
"11/09/2026 14:19:51","Documents/Visual Studio 2017/Backup Files/Solution1/Recovered-déc.-14-2023-1000.~vsB669.sql","1.0","2023-12-12T13:39:14Z","fethy.faradji@infopro-digital.com"
"11/09/2026 14:19:54","Documents/Visual Studio 2017/Backup Files/Solution1/Recovered-déc.-14-2023-1000.~vsB95D.sql","1.0","2023-12-13T13:31:23Z","fethy.faradji@infopro-digital.com"
"11/09/2026 14:19:56","Documents/Visual Studio 2017/Backup Files/Solution1/Recovered-déc.-14-2023-1000.~vsB95D.sql","2.0","2023-12-13T13:46:23Z","fethy.faradji@infopro-digital.com"
"11/09/2026 14:19:59","Documents/Visual Studio 2017/Backup Files/Solution1/Recovered-déc.-14-2023-1000.~vsBA56.sql","1.0","2023-12-12T13:39:14Z","fethy.faradji@infopro-digital.com"
"11/09/2026 14:20:00","Documents/Visual Studio 2017/Backup Files/Solution1/Recovered-déc.-14-2023-1000.~vsBA56.sql","2.0","2023-12-12T13:49:14Z","fethy.faradji@infopro-digital.com"
"11/09/2026 14:20:03","Documents/Visual Studio 2017/Backup Files/Solution1/Recovered-déc.-16-2025-0529.~vsC7CF.sql","1.0","2025-12-03T14:53:07Z","fethy.faradji@infopro-digital.com"
"11/09/2026 14:20:04","Documents/Visual Studio 2017/Backup Files/Solution1/Recovered-déc.-16-2025-0529.~vsC7CF.sql","2.0","2025-12-03T15:02:48Z","fethy.faradji@infopro-digital.com"
"11/09/2026 14:20:07","Documents/Visual Studio 2017/Backup Files/Solution1/Recovered-déc.-20-2021-0237.~vsEC96.sql","1.0","2021-12-20T09:31:52Z","fethy.faradji@infopro-digital.com"
"11/09/2026 14:20:11","Documents/Visual Studio 2017/Backup Files/Solution1/Recovered-déc.-20-2021-0954.~vs9A46.sql","1.0","2021-12-16T11:33:11Z","fethy.faradji@infopro-digital.com"
"11/09/2026 14:20:14","Documents/Visual Studio 2017/Backup Files/Solution1/Recovered-déc.-21-2021-1100.~vsC770.sql","1.0","2021-12-20T13:52:55Z","fethy.faradji@infopro-digital.com"
"11/09/2026 14:20:18","Documents/Visual Studio 2017/Backup Files/Solution1/Recovered-déc.-21-2021-1100.~vsD408.sql","1.0","2021-12-20T14:52:56Z","fethy.faradji@infopro-digital.com"
"11/09/2026 14:20:21","Documents/Visual Studio 2017/Backup Files/Solution1/Recovered-déc.-21-2021-1100.~vsEC96.sql","1.0","2021-12-20T13:42:56Z","fethy.faradji@infopro-digital.com"
"11/09/2026 14:20:25","Documents/Visual Studio 2017/Backup Files/Solution1/Recovered-déc.-23-2021-0955.~vsC5C9.sql","1.0","2021-12-22T09:46:12Z","fethy.faradji@infopro-digital.com"
"11/09/2026 14:20:26","Documents/Visual Studio 2017/Backup Files/Solution1/Recovered-déc.-23-2021-0955.~vsC5C9.sql","2.0","2021-12-22T10:06:12Z","fethy.faradji@infopro-digital.com"
"11/09/2026 14:20:29","Documents/Visual Studio 2017/Backup Files/Solution1/Recovered-déc.-23-2024-0253.~vsF977.sql","1.0","2024-12-17T09:13:56Z","fethy.faradji@infopro-digital.com"
"11/09/2026 14:20:33","Documents/Visual Studio 2017/Backup Files/Solution1/Recovered-févr.-01-2022-1133.~vs6143.sql","1.0","2022-01-31T13:40:19Z","fethy.faradji@infopro-digital.com"
"11/09/2026 14:20:35","Documents/Visual Studio 2017/Backup Files/Solution1/Recovered-févr.-01-2022-1133.~vs67EA.sql","1.0","2022-01-31T10:05:14Z","fethy.faradji@infopro-digital.com"
"11/09/2026 14:20:36","Documents/Visual Studio 2017/Backup Files/Solution1/Recovered-févr.-01-2022-1133.~vs67EA.sql","2.0","2022-01-31T10:35:14Z","fethy.faradji@infopro-digital.com"
"11/09/2026 14:20:37","Documents/Visual Studio 2017/Backup Files/Solution1/Recovered-févr.-01-2022-1133.~vs67EA.sql","3.0","2022-01-31T10:40:14Z","fethy.faradji@infopro-digital.com"
"11/09/2026 14:20:39","Documents/Visual Studio 2017/Backup Files/Solution1/Recovered-févr.-01-2022-1133.~vs67EA.sql","4.0","2022-01-31T10:45:14Z","fethy.faradji@infopro-digital.com"
"11/09/2026 14:20:39","Documents/Visual Studio 2017/Backup Files/Solution1/Recovered-févr.-01-2022-1133.~vs67EA.sql","5.0","2022-01-31T10:50:15Z","fethy.faradji@infopro-digital.com"
"11/09/2026 14:20:42","Documents/Visual Studio 2017/Backup Files/Solution1/Recovered-févr.-01-2022-1133.~vs6C0D.sql","1.0","2022-01-31T10:40:14Z","fethy.faradji@infopro-digital.com"
"11/09/2026 14:20:46","Documents/Visual Studio 2017/Backup Files/Solution1/Recovered-févr.-02-2022-1109.~vs67EA.sql","1.0","2022-02-01T14:58:58Z","fethy.faradji@infopro-digital.com"
"11/09/2026 14:20:47","Documents/Visual Studio 2017/Backup Files/Solution1/Recovered-févr.-02-2022-1109.~vs67EA.sql","2.0","2022-02-01T15:18:59Z","fethy.faradji@infopro-digital.com"
"11/09/2026 14:20:50","Documents/Visual Studio 2017/Backup Files/Solution1/Recovered-févr.-03-2023-1202.~vs5358.sql","1.0","2023-01-27T09:22:50Z","fethy.faradji@infopro-digital.com"
"11/09/2026 14:20:54","Documents/Visual Studio 2017/Backup Files/Solution1/Recovered-févr.-03-2023-1202.~vsD7BD.sql","1.0","2023-01-30T15:53:48Z","fethy.faradji@infopro-digital.com"
"11/09/2026 14:20:57","Documents/Visual Studio 2017/Backup Files/Solution1/Recovered-févr.-03-2023-1202.~vsF9C8.sql","1.0","2023-01-30T15:53:48Z","fethy.faradji@infopro-digital.com"
"11/09/2026 14:21:00","Documents/Visual Studio 2017/Backup Files/Solution1/Recovered-févr.-06-2024-0351.~vs1B2.sql","1.0","2024-02-05T13:10:05Z","fethy.faradji@infopro-digital.com"
"11/09/2026 14:21:01","Documents/Visual Studio 2017/Backup Files/Solution1/Recovered-févr.-06-2024-0351.~vs1B2.sql","2.0","2024-02-05T13:15:05Z","fethy.faradji@infopro-digital.com"
"11/09/2026 14:21:04","Documents/Visual Studio 2017/Backup Files/Solution1/Recovered-févr.-06-2024-0351.~vs2641.sql","1.0","2024-02-06T09:51:06Z","fethy.faradji@infopro-digital.com"
"11/09/2026 14:21:06","Documents/Visual Studio 2017/Backup Files/Solution1/Recovered-févr.-06-2024-0351.~vs2641.sql","2.0","2024-02-06T13:10:36Z","fethy.faradji@infopro-digital.com"
"11/09/2026 14:21:10","Documents/Visual Studio 2017/Backup Files/Solution1/Recovered-févr.-06-2024-0351.~vs5706.sql","1.0","2024-01-31T14:45:25Z","fethy.faradji@infopro-digital.com"
"11/09/2026 14:21:11","Documents/Visual Studio 2017/Backup Files/Solution1/Recovered-févr.-06-2024-0351.~vs5706.sql","2.0","2024-02-02T08:08:08Z","fethy.faradji@infopro-digital.com"
"11/09/2026 14:21:14","Documents/Visual Studio 2017/Backup Files/Solution1/Recovered-févr.-06-2024-0351.~vsACAD.sql","1.0","2024-02-05T15:05:05Z","fethy.faradji@infopro-digital.com"
"11/09/2026 14:21:15","Documents/Visual Studio 2017/Backup Files/Solution1/Recovered-févr.-06-2024-0351.~vsACAD.sql","2.0","2024-02-05T15:10:05Z","fethy.faradji@infopro-digital.com"
"11/09/2026 14:21:19","Documents/Visual Studio 2017/Backup Files/Solution1/Recovered-févr.-07-2022-1035.~vs67EA.sql","1.0","2022-02-02T10:14:07Z","fethy.faradji@infopro-digital.com"
"11/09/2026 14:21:20","Documents/Visual Studio 2017/Backup Files/Solution1/Recovered-févr.-07-2022-1035.~vs67EA.sql","2.0","2022-02-02T10:19:08Z","fethy.faradji@infopro-digital.com"
"11/09/2026 14:21:21","Documents/Visual Studio 2017/Backup Files/Solution1/Recovered-févr.-07-2022-1035.~vs67EA.sql","3.0","2022-02-02T12:40:16Z","fethy.faradji@infopro-digital.com"
"11/09/2026 14:21:22","Documents/Visual Studio 2017/Backup Files/Solution1/Recovered-févr.-07-2022-1035.~vs67EA.sql","4.0","2022-02-02T12:45:16Z","fethy.faradji@infopro-digital.com"
"11/09/2026 14:21:23","Documents/Visual Studio 2017/Backup Files/Solution1/Recovered-févr.-07-2022-1035.~vs67EA.sql","5.0","2022-02-02T13:00:16Z","fethy.faradji@infopro-digital.com"
"11/09/2026 14:21:24","Documents/Visual Studio 2017/Backup Files/Solution1/Recovered-févr.-07-2022-1035.~vs67EA.sql","6.0","2022-02-02T13:30:16Z","fethy.faradji@infopro-digital.com"
"11/09/2026 14:21:25","Documents/Visual Studio 2017/Backup Files/Solution1/Recovered-févr.-07-2022-1035.~vs67EA.sql","7.0","2022-02-02T13:35:16Z","fethy.faradji@infopro-digital.com"
"11/09/2026 14:21:26","Documents/Visual Studio 2017/Backup Files/Solution1/Recovered-févr.-07-2022-1035.~vs67EA.sql","8.0","2022-02-02T13:40:16Z","fethy.faradji@infopro-digital.com"
"11/09/2026 14:21:27","Documents/Visual Studio 2017/Backup Files/Solution1/Recovered-févr.-07-2022-1035.~vs67EA.sql","9.0","2022-02-02T13:45:16Z","fethy.faradji@infopro-digital.com"
"11/09/2026 14:21:28","Documents/Visual Studio 2017/Backup Files/Solution1/Recovered-févr.-07-2022-1035.~vs67EA.sql","10.0","2022-02-02T13:50:16Z","fethy.faradji@infopro-digital.com"
"11/09/2026 14:21:29","Documents/Visual Studio 2017/Backup Files/Solution1/Recovered-févr.-07-2022-1035.~vs67EA.sql","11.0","2022-02-02T13:55:17Z","fethy.faradji@infopro-digital.com"
"11/09/2026 14:21:30","Documents/Visual Studio 2017/Backup Files/Solution1/Recovered-févr.-07-2022-1035.~vs67EA.sql","12.0","2022-02-02T14:05:17Z","fethy.faradji@infopro-digital.com"
"11/09/2026 14:21:33","Documents/Visual Studio 2017/Backup Files/Solution1/Recovered-févr.-07-2022-1035.~vsD31B.sql","1.0","2022-02-03T09:41:55Z","fethy.faradji@infopro-digital.com"
"11/09/2026 14:21:34","Documents/Visual Studio 2017/Backup Files/Solution1/Recovered-févr.-07-2022-1035.~vsD31B.sql","2.0","2022-02-03T09:46:55Z","fethy.faradji@infopro-digital.com"
"11/09/2026 14:21:35","Documents/Visual Studio 2017/Backup Files/Solution1/Recovered-févr.-07-2022-1035.~vsD31B.sql","3.0","2022-02-03T09:51:55Z","fethy.faradji@infopro-digital.com"
"11/09/2026 14:21:38","Documents/Visual Studio 2017/Backup Files/Solution1/Recovered-févr.-07-2022-1035.~vsEFB0.sql","1.0","2022-02-03T09:26:55Z","fethy.faradji@infopro-digital.com"
"11/09/2026 14:21:39","Documents/Visual Studio 2017/Backup Files/Solution1/Recovered-févr.-07-2022-1035.~vsEFB0.sql","2.0","2022-02-03T09:41:55Z","fethy.faradji@infopro-digital.com"
"11/09/2026 14:21:40","Documents/Visual Studio 2017/Backup Files/Solution1/Recovered-févr.-07-2022-1035.~vsEFB0.sql","3.0","2022-02-03T09:46:55Z","fethy.faradji@infopro-digital.com"
"11/09/2026 14:21:41","Documents/Visual Studio 2017/Backup Files/Solution1/Recovered-févr.-07-2022-1035.~vsEFB0.sql","4.0","2022-02-03T09:51:55Z","fethy.faradji@infopro-digital.com"
"11/09/2026 14:21:44","Documents/Visual Studio 2017/Backup Files/Solution1/Recovered-févr.-09-2026-0208.~vsD2BD.sql","1.0","2026-02-03T09:18:57Z","fethy.faradji@infopro-digital.com"
"11/09/2026 14:21:47","Documents/Visual Studio 2017/Backup Files/Solution1/Recovered-févr.-09-2026-0208.~vsEAD5.sql","1.0","2026-02-03T09:23:57Z","fethy.faradji@infopro-digital.com"
"11/09/2026 14:21:48","Documents/Visual Studio 2017/Backup Files/Solution1/Recovered-févr.-09-2026-0208.~vsEAD5.sql","2.0","2026-02-03T09:28:57Z","fethy.faradji@infopro-digital.com"
"11/09/2026 14:21:51","Documents/Visual Studio 2017/Backup Files/Solution1/Recovered-févr.-10-2022-1151.~vs7812.sql","1.0","2022-02-08T10:20:53Z","fethy.faradji@infopro-digital.com"
"11/09/2026 14:21:53","Documents/Visual Studio 2017/Backup Files/Solution1/Recovered-févr.-10-2022-1151.~vs7812.sql","2.0","2022-02-08T11:20:52Z","fethy.faradji@infopro-digital.com"
"11/09/2026 14:21:54","Documents/Visual Studio 2017/Backup Files/Solution1/Recovered-févr.-10-2022-1151.~vs7812.sql","3.0","2022-02-08T12:20:52Z","fethy.faradji@infopro-digital.com"
"11/09/2026 14:21:55","Documents/Visual Studio 2017/Backup Files/Solution1/Recovered-févr.-10-2022-1151.~vs7812.sql","4.0","2022-02-08T14:30:52Z","fethy.faradji@infopro-digital.com"
"11/09/2026 14:21:56","Documents/Visual Studio 2017/Backup Files/Solution1/Recovered-févr.-10-2022-1151.~vs7812.sql","5.0","2022-02-08T14:40:52Z","fethy.faradji@infopro-digital.com"
"11/09/2026 14:21:57","Documents/Visual Studio 2017/Backup Files/Solution1/Recovered-févr.-10-2022-1151.~vs7812.sql","6.0","2022-02-08T14:45:52Z","fethy.faradji@infopro-digital.com"
"11/09/2026 14:22:00","Documents/Visual Studio 2017/Backup Files/Solution1/Recovered-févr.-10-2022-1151.~vs8B5E.sql","1.0","2022-02-09T14:33:36Z","fethy.faradji@infopro-digital.com"
"11/09/2026 14:22:01","Documents/Visual Studio 2017/Backup Files/Solution1/Recovered-févr.-10-2022-1151.~vs8B5E.sql","2.0","2022-02-09T14:38:36Z","fethy.faradji@infopro-digital.com"
"11/09/2026 14:22:05","Documents/Visual Studio 2017/Backup Files/Solution1/Recovered-févr.-10-2022-1151.~vs9AA6.sql","1.0","2022-02-08T14:45:52Z","fethy.faradji@infopro-digital.com"
"11/09/2026 14:22:06","Documents/Visual Studio 2017/Backup Files/Solution1/Recovered-févr.-10-2022-1151.~vs9AA6.sql","2.0","2022-02-08T14:50:52Z","fethy.faradji@infopro-digital.com"
"11/09/2026 14:22:07","Documents/Visual Studio 2017/Backup Files/Solution1/Recovered-févr.-10-2022-1151.~vs9AA6.sql","3.0","2022-02-08T14:55:52Z","fethy.faradji@infopro-digital.com"
"11/09/2026 14:22:08","Documents/Visual Studio 2017/Backup Files/Solution1/Recovered-févr.-10-2022-1151.~vs9AA6.sql","4.0","2022-02-08T15:00:52Z","fethy.faradji@infopro-digital.com"
"11/09/2026 14:22:08","Documents/Visual Studio 2017/Backup Files/Solution1/Recovered-févr.-10-2022-1151.~vs9AA6.sql","5.0","2022-02-08T15:05:52Z","fethy.faradji@infopro-digital.com"
"11/09/2026 14:22:09","Documents/Visual Studio 2017/Backup Files/Solution1/Recovered-févr.-10-2022-1151.~vs9AA6.sql","6.0","2022-02-08T15:10:52Z","fethy.faradji@infopro-digital.com"
"11/09/2026 14:22:13","Documents/Visual Studio 2017/Backup Files/Solution1/Recovered-févr.-10-2022-1151.~vs9E3D.sql","1.0","2022-02-08T16:55:52Z","fethy.faradji@infopro-digital.com"
"11/09/2026 14:22:14","Documents/Visual Studio 2017/Backup Files/Solution1/Recovered-févr.-10-2022-1151.~vs9E3D.sql","2.0","2022-02-08T17:05:52Z","fethy.faradji@infopro-digital.com"
"11/09/2026 14:22:15","Documents/Visual Studio 2017/Backup Files/Solution1/Recovered-févr.-10-2022-1151.~vs9E3D.sql","3.0","2022-02-08T17:10:52Z","fethy.faradji@infopro-digital.com"
"11/09/2026 14:22:19","Documents/Visual Studio 2017/Backup Files/Solution1/Recovered-févr.-10-2022-1151.~vsAD8D.sql","1.0","2022-02-09T09:53:36Z","fethy.faradji@infopro-digital.com"
"11/09/2026 14:22:22","Documents/Visual Studio 2017/Backup Files/Solution1/Recovered-févr.-10-2022-1151.~vsB371.sql","1.0","2022-02-09T09:53:36Z","fethy.faradji@infopro-digital.com"
"11/09/2026 14:22:25","Documents/Visual Studio 2017/Backup Files/Solution1/Recovered-févr.-10-2022-1151.~vsC89D.sql","1.0","2022-02-08T15:35:52Z","fethy.faradji@infopro-digital.com"
"11/09/2026 14:22:27","Documents/Visual Studio 2017/Backup Files/Solution1/Recovered-févr.-10-2022-1151.~vsC89D.sql","2.0","2022-02-08T15:40:52Z","fethy.faradji@infopro-digital.com"
"11/09/2026 14:22:28","Documents/Visual Studio 2017/Backup Files/Solution1/Recovered-févr.-10-2022-1151.~vsC89D.sql","3.0","2022-02-08T15:45:52Z","fethy.faradji@infopro-digital.com"
"11/09/2026 14:22:29","Documents/Visual Studio 2017/Backup Files/Solution1/Recovered-févr.-10-2022-1151.~vsC89D.sql","4.0","2022-02-08T15:50:52Z","fethy.faradji@infopro-digital.com"
"11/09/2026 14:22:30","Documents/Visual Studio 2017/Backup Files/Solution1/Recovered-févr.-10-2022-1151.~vsC89D.sql","5.0","2022-02-08T16:00:52Z","fethy.faradji@infopro-digital.com"
"11/09/2026 14:22:31","Documents/Visual Studio 2017/Backup Files/Solution1/Recovered-févr.-10-2022-1151.~vsC89D.sql","6.0","2022-02-08T16:35:52Z","fethy.faradji@infopro-digital.com"
"11/09/2026 14:22:32","Documents/Visual Studio 2017/Backup Files/Solution1/Recovered-févr.-10-2022-1151.~vsC89D.sql","7.0","2022-02-09T09:13:36Z","fethy.faradji@infopro-digital.com"
"11/09/2026 14:22:33","Documents/Visual Studio 2017/Backup Files/Solution1/Recovered-févr.-10-2022-1151.~vsC89D.sql","8.0","2022-02-09T09:28:36Z","fethy.faradji@infopro-digital.com"
"11/09/2026 14:22:35","Documents/Visual Studio 2017/Backup Files/Solution1/Recovered-févr.-10-2022-1151.~vsC89D.sql","9.0","2022-02-09T09:33:36Z","fethy.faradji@infopro-digital.com"
"11/09/2026 14:22:36","Documents/Visual Studio 2017/Backup Files/Solution1/Recovered-févr.-10-2022-1151.~vsC89D.sql","10.0","2022-02-09T09:58:36Z","fethy.faradji@infopro-digital.com"
"11/09/2026 14:22:39","Documents/Visual Studio 2017/Backup Files/Solution1/Recovered-févr.-10-2022-1151.~vsCD7E.sql","1.0","2022-02-08T12:55:52Z","fethy.faradji@infopro-digital.com"
"11/09/2026 14:22:42","Documents/Visual Studio 2017/Backup Files/Solution1/Recovered-févr.-10-2022-1151.~vsD4A2.sql","1.0","2022-02-07T16:50:32Z","fethy.faradji@infopro-digital.com"
"11/09/2026 14:22:44","Documents/Visual Studio 2017/Backup Files/Solution1/Recovered-févr.-10-2022-1151.~vsD4A2.sql","2.0","2022-02-07T16:55:32Z","fethy.faradji@infopro-digital.com"
"11/09/2026 14:22:45","Documents/Visual Studio 2017/Backup Files/Solution1/Recovered-févr.-10-2022-1151.~vsD4A2.sql","3.0","2022-02-08T09:45:52Z","fethy.faradji@infopro-digital.com"
"11/09/2026 14:22:45","Documents/Visual Studio 2017/Backup Files/Solution1/Recovered-févr.-10-2022-1151.~vsD4A2.sql","4.0","2022-02-08T09:50:52Z","fethy.faradji@infopro-digital.com"
"11/09/2026 14:22:46","Documents/Visual Studio 2017/Backup Files/Solution1/Recovered-févr.-10-2022-1151.~vsD4A2.sql","5.0","2022-02-08T10:00:52Z","fethy.faradji@infopro-digital.com"
"11/09/2026 14:22:47","Documents/Visual Studio 2017/Backup Files/Solution1/Recovered-févr.-10-2022-1151.~vsD4A2.sql","6.0","2022-02-08T10:05:52Z","fethy.faradji@infopro-digital.com"
"11/09/2026 14:22:48","Documents/Visual Studio 2017/Backup Files/Solution1/Recovered-févr.-10-2022-1151.~vsD4A2.sql","7.0","2022-02-08T10:10:52Z","fethy.faradji@infopro-digital.com"
"11/09/2026 14:22:49","Documents/Visual Studio 2017/Backup Files/Solution1/Recovered-févr.-10-2022-1151.~vsD4A2.sql","8.0","2022-02-08T10:15:52Z","fethy.faradji@infopro-digital.com"
"11/09/2026 14:22:52","Documents/Visual Studio 2017/Backup Files/Solution1/Recovered-févr.-10-2022-1151.~vsEBB4.sql","1.0","2022-02-08T16:25:52Z","fethy.faradji@infopro-digital.com"
"11/09/2026 14:22:57","Documents/Visual Studio 2017/Backup Files/Solution1/Recovered-févr.-12-2025-1004.~vs37E9.sql","1.0","2025-01-29T15:10:58Z","fethy.faradji@infopro-digital.com"
"11/09/2026 14:22:58","Documents/Visual Studio 2017/Backup Files/Solution1/Recovered-févr.-12-2025-1004.~vs37E9.sql","2.0","2025-01-29T15:15:58Z","fethy.faradji@infopro-digital.com"
"11/09/2026 14:22:59","Documents/Visual Studio 2017/Backup Files/Solution1/Recovered-févr.-12-2025-1004.~vs37E9.sql","3.0","2025-01-29T15:25:58Z","fethy.faradji@infopro-digital.com"
"11/09/2026 14:23:00","Documents/Visual Studio 2017/Backup Files/Solution1/Recovered-févr.-12-2025-1004.~vs37E9.sql","4.0","2025-01-29T15:35:58Z","fethy.faradji@infopro-digital.com"
"11/09/2026 14:23:01","Documents/Visual Studio 2017/Backup Files/Solution1/Recovered-févr.-12-2025-1004.~vs37E9.sql","5.0","2025-02-03T13:02:32Z","fethy.faradji@infopro-digital.com"
"11/09/2026 14:23:04","Documents/Visual Studio 2017/Backup Files/Solution1/Recovered-févr.-12-2025-1004.~vs5FA0.sql","1.0","2025-01-28T13:19:49Z","fethy.faradji@infopro-digital.com"
"11/09/2026 14:23:08","Documents/Visual Studio 2017/Backup Files/Solution1/Recovered-févr.-12-2025-1004.~vs7408.sql","1.0","2025-01-28T11:04:45Z","fethy.faradji@infopro-digital.com"
"11/09/2026 14:23:09","Documents/Visual Studio 2017/Backup Files/Solution1/Recovered-févr.-12-2025-1004.~vs7408.sql","2.0","2025-01-28T12:24:49Z","fethy.faradji@infopro-digital.com"
"11/09/2026 14:23:10","Documents/Visual Studio 2017/Backup Files/Solution1/Recovered-févr.-12-2025-1004.~vs7408.sql","3.0","2025-01-28T12:29:52Z","fethy.faradji@infopro-digital.com"
"11/09/2026 14:23:13","Documents/Visual Studio 2017/Backup Files/Solution1/Recovered-févr.-12-2025-1004.~vs740D.sql","1.0","2025-01-28T15:49:55Z","fethy.faradji@infopro-digital.com"
"11/09/2026 14:23:14","Documents/Visual Studio 2017/Backup Files/Solution1/Recovered-févr.-12-2025-1004.~vs740D.sql","2.0","2025-01-28T15:54:55Z","fethy.faradji@infopro-digital.com"
"11/09/2026 14:23:17","Documents/Visual Studio 2017/Backup Files/Solution1/Recovered-févr.-12-2025-1004.~vs9023.sql","1.0","2025-01-28T13:59:49Z","fethy.faradji@infopro-digital.com"
"11/09/2026 14:23:19","Documents/Visual Studio 2017/Backup Files/Solution1/Recovered-févr.-12-2025-1004.~vs9023.sql","2.0","2025-01-28T14:29:49Z","fethy.faradji@infopro-digital.com"
"11/09/2026 14:23:20","Documents/Visual Studio 2017/Backup Files/Solution1/Recovered-févr.-12-2025-1004.~vs9023.sql","3.0","2025-01-28T14:34:49Z","fethy.faradji@infopro-digital.com"
"11/09/2026 14:23:21","Documents/Visual Studio 2017/Backup Files/Solution1/Recovered-févr.-12-2025-1004.~vs9023.sql","4.0","2025-01-28T14:39:49Z","fethy.faradji@infopro-digital.com"
"11/09/2026 14:23:22","Documents/Visual Studio 2017/Backup Files/Solution1/Recovered-févr.-12-2025-1004.~vs9023.sql","5.0","2025-01-28T14:54:49Z","fethy.faradji@infopro-digital.com"
"11/09/2026 14:23:23","Documents/Visual Studio 2017/Backup Files/Solution1/Recovered-févr.-12-2025-1004.~vs9023.sql","6.0","2025-01-28T14:59:49Z","fethy.faradji@infopro-digital.com"
"11/09/2026 14:23:24","Documents/Visual Studio 2017/Backup Files/Solution1/Recovered-févr.-12-2025-1004.~vs9023.sql","7.0","2025-01-28T15:04:50Z","fethy.faradji@infopro-digital.com"
"11/09/2026 14:23:25","Documents/Visual Studio 2017/Backup Files/Solution1/Recovered-févr.-12-2025-1004.~vs9023.sql","8.0","2025-01-28T15:29:55Z","fethy.faradji@infopro-digital.com"
"11/09/2026 14:23:26","Documents/Visual Studio 2017/Backup Files/Solution1/Recovered-févr.-12-2025-1004.~vs9023.sql","9.0","2025-01-28T15:34:55Z","fethy.faradji@infopro-digital.com"
"11/09/2026 14:23:27","Documents/Visual Studio 2017/Backup Files/Solution1/Recovered-févr.-12-2025-1004.~vs9023.sql","10.0","2025-01-28T15:39:55Z","fethy.faradji@infopro-digital.com"
"11/09/2026 14:23:28","Documents/Visual Studio 2017/Backup Files/Solution1/Recovered-févr.-12-2025-1004.~vs9023.sql","11.0","2025-01-28T15:44:55Z","fethy.faradji@infopro-digital.com"
"11/09/2026 14:23:29","Documents/Visual Studio 2017/Backup Files/Solution1/Recovered-févr.-12-2025-1004.~vs9023.sql","12.0","2025-01-28T15:49:55Z","fethy.faradji@infopro-digital.com"
"11/09/2026 14:23:32","Documents/Visual Studio 2017/Backup Files/Solution1/Recovered-févr.-12-2025-1004.~vs9863.sql","1.0","2025-01-28T12:29:49Z","fethy.faradji@infopro-digital.com"
"11/09/2026 14:23:33","Documents/Visual Studio 2017/Backup Files/Solution1/Recovered-févr.-12-2025-1004.~vs9863.sql","2.0","2025-01-28T12:34:48Z","fethy.faradji@infopro-digital.com"
"11/09/2026 14:23:36","Documents/Visual Studio 2017/Backup Files/Solution1/Recovered-févr.-12-2025-1004.~vs9863.sql","3.0","2025-01-28T13:14:49Z","fethy.faradji@infopro-digital.com"
"11/09/2026 14:23:39","Documents/Visual Studio 2017/Backup Files/Solution1/Recovered-févr.-12-2025-1004.~vsCEBE.sql","1.0","2025-01-28T12:39:48Z","fethy.faradji@infopro-digital.com"
"11/09/2026 14:23:40","Documents/Visual Studio 2017/Backup Files/Solution1/Recovered-févr.-12-2025-1004.~vsCEBE.sql","2.0","2025-01-28T13:24:49Z","fethy.faradji@infopro-digital.com"
"11/09/2026 14:23:41","Documents/Visual Studio 2017/Backup Files/Solution1/Recovered-févr.-12-2025-1004.~vsCEBE.sql","3.0","2025-01-28T13:29:49Z","fethy.faradji@infopro-digital.com"
"11/09/2026 14:23:42","Documents/Visual Studio 2017/Backup Files/Solution1/Recovered-févr.-12-2025-1004.~vsCEBE.sql","4.0","2025-01-28T13:34:49Z","fethy.faradji@infopro-digital.com"
"11/09/2026 14:23:43","Documents/Visual Studio 2017/Backup Files/Solution1/Recovered-févr.-12-2025-1004.~vsCEBE.sql","5.0","2025-01-28T13:39:49Z","fethy.faradji@infopro-digital.com"
"11/09/2026 14:23:44","Documents/Visual Studio 2017/Backup Files/Solution1/Recovered-févr.-12-2025-1004.~vsCEBE.sql","6.0","2025-01-28T13:49:49Z","fethy.faradji@infopro-digital.com"
"11/09/2026 14:23:45","Documents/Visual Studio 2017/Backup Files/Solution1/Recovered-févr.-12-2025-1004.~vsCEBE.sql","7.0","2025-01-28T13:54:49Z","fethy.faradji@infopro-digital.com"
"11/09/2026 14:23:46","Documents/Visual Studio 2017/Backup Files/Solution1/Recovered-févr.-12-2025-1004.~vsCEBE.sql","8.0","2025-01-28T14:34:50Z","fethy.faradji@infopro-digital.com"
"11/09/2026 14:23:49","Documents/Visual Studio 2017/Backup Files/Solution1/Recovered-févr.-12-2026-1038.~vs700C.sql","1.0","2026-02-09T13:18:01Z","fethy.faradji@infopro-digital.com"
"11/09/2026 14:23:50","Documents/Visual Studio 2017/Backup Files/Solution1/Recovered-févr.-12-2026-1038.~vs700C.sql","2.0","2026-02-09T13:23:01Z","fethy.faradji@infopro-digital.com"
"11/09/2026 14:23:53","Documents/Visual Studio 2017/Backup Files/Solution1/Recovered-févr.-14-2022-0943.~vs27FB.sql","1.0","2022-02-11T16:04:26Z","fethy.faradji@infopro-digital.com"
"11/09/2026 14:23:57","Documents/Visual Studio 2017/Backup Files/Solution1/Recovered-févr.-14-2022-0943.~vs3A12.sql","1.0","2022-02-11T15:59:26Z","fethy.faradji@infopro-digital.com"
"11/09/2026 14:24:00","Documents/Visual Studio 2017/Backup Files/Solution1/Recovered-févr.-14-2022-0943.~vs4749.sql","1.0","2022-02-10T15:54:34Z","fethy.faradji@infopro-digital.com"
"11/09/2026 14:24:03","Documents/Visual Studio 2017/Backup Files/Solution1/Recovered-févr.-14-2022-0943.~vs858F.sql","1.0","2022-02-11T16:04:26Z","fethy.faradji@infopro-digital.com"
"11/09/2026 14:24:07","Documents/Visual Studio 2017/Backup Files/Solution1/Recovered-févr.-14-2022-0943.~vs87C3.sql","1.0","2022-02-11T16:04:26Z","fethy.faradji@infopro-digital.com"
"11/09/2026 14:24:11","Documents/Visual Studio 2017/Backup Files/Solution1/Recovered-févr.-14-2022-0943.~vs903C.sql","1.0","2022-02-11T16:04:26Z","fethy.faradji@infopro-digital.com"
"11/09/2026 14:24:14","Documents/Visual Studio 2017/Backup Files/Solution1/Recovered-févr.-14-2022-0943.~vsDFFE.sql","1.0","2022-02-11T15:59:26Z","fethy.faradji@infopro-digital.com"
"11/09/2026 14:24:18","Documents/Visual Studio 2017/Backup Files/Solution1/Recovered-févr.-14-2023-1109.~vs1461.sql","1.0","2023-02-10T14:26:58Z","fethy.faradji@infopro-digital.com"
"11/09/2026 14:24:21","Documents/Visual Studio 2017/Backup Files/Solution1/Recovered-févr.-14-2023-1109.~vs14FA.sql","1.0","2023-02-06T15:06:23Z","fethy.faradji@infopro-digital.com"
"11/09/2026 14:24:22","Documents/Visual Studio 2017/Backup Files/Solution1/Recovered-févr.-14-2023-1109.~vs14FA.sql","2.0","2023-02-06T15:11:23Z","fethy.faradji@infopro-digital.com"
"11/09/2026 14:24:26","Documents/Visual Studio 2017/Backup Files/Solution1/Recovered-févr.-14-2023-1109.~vs15B.sql","1.0","2023-02-10T14:26:58Z","fethy.faradji@infopro-digital.com"
"11/09/2026 14:24:30","Documents/Visual Studio 2017/Backup Files/Solution1/Recovered-févr.-14-2023-1109.~vs267E.sql","1.0","2023-02-10T14:26:58Z","fethy.faradji@infopro-digital.com"
"11/09/2026 14:24:33","Documents/Visual Studio 2017/Backup Files/Solution1/Recovered-févr.-14-2023-1109.~vs29BD.sql","1.0","2023-02-10T11:16:57Z","fethy.faradji@infopro-digital.com"
"11/09/2026 14:24:36","Documents/Visual Studio 2017/Backup Files/Solution1/Recovered-févr.-14-2023-1109.~vs2A2E.sql","1.0","2023-02-07T08:36:33Z","fethy.faradji@infopro-digital.com"
"11/09/2026 14:24:37","Documents/Visual Studio 2017/Backup Files/Solution1/Recovered-févr.-14-2023-1109.~vs2A2E.sql","2.0","2023-02-07T08:46:34Z","fethy.faradji@infopro-digital.com"
"11/09/2026 14:24:39","Documents/Visual Studio 2017/Backup Files/Solution1/Recovered-févr.-14-2023-1109.~vs2A2E.sql","3.0","2023-02-07T08:51:34Z","fethy.faradji@infopro-digital.com"
"11/09/2026 14:24:40","Documents/Visual Studio 2017/Backup Files/Solution1/Recovered-févr.-14-2023-1109.~vs2A2E.sql","4.0","2023-02-07T08:56:34Z","fethy.faradji@infopro-digital.com"
"11/09/2026 14:24:41","Documents/Visual Studio 2017/Backup Files/Solution1/Recovered-févr.-14-2023-1109.~vs2A2E.sql","5.0","2023-02-07T09:21:34Z","fethy.faradji@infopro-digital.com"
"11/09/2026 14:24:42","Documents/Visual Studio 2017/Backup Files/Solution1/Recovered-févr.-14-2023-1109.~vs2A2E.sql","6.0","2023-02-07T09:26:35Z","fethy.faradji@infopro-digital.com"
"11/09/2026 14:24:43","Documents/Visual Studio 2017/Backup Files/Solution1/Recovered-févr.-14-2023-1109.~vs2A2E.sql","7.0","2023-02-07T09:31:35Z","fethy.faradji@infopro-digital.com"
"11/09/2026 14:24:46","Documents/Visual Studio 2017/Backup Files/Solution1/Recovered-févr.-14-2023-1109.~vs32FD.sql","1.0","2023-02-10T14:21:58Z","fethy.faradji@infopro-digital.com"
"11/09/2026 14:24:50","Documents/Visual Studio 2017/Backup Files/Solution1/Recovered-févr.-14-2023-1109.~vs549D.sql","1.0","2023-02-10T14:31:58Z","fethy.faradji@infopro-digital.com"
"11/09/2026 14:24:54","Documents/Visual Studio 2017/Backup Files/Solution1/Recovered-févr.-14-2023-1109.~vs66E5.sql","1.0","2023-02-10T14:36:58Z","fethy.faradji@infopro-digital.com"
"11/09/2026 14:24:56","Documents/Visual Studio 2017/Backup Files/Solution1/Recovered-févr.-14-2023-1109.~vs66E5.sql","2.0","2023-02-13T13:38:52Z","fethy.faradji@infopro-digital.com"
"11/09/2026 14:24:59","Documents/Visual Studio 2017/Backup Files/Solution1/Recovered-févr.-14-2023-1109.~vs6E2.sql","1.0","2023-02-10T14:21:58Z","fethy.faradji@infopro-digital.com"
"11/09/2026 14:25:02","Documents/Visual Studio 2017/Backup Files/Solution1/Recovered-févr.-14-2023-1109.~vs7607.sql","1.0","2023-02-10T13:01:58Z","fethy.faradji@infopro-digital.com"
"11/09/2026 14:25:04","Documents/Visual Studio 2017/Backup Files/Solution1/Recovered-févr.-14-2023-1109.~vs7607.sql","2.0","2023-02-10T14:21:58Z","fethy.faradji@infopro-digital.com"
"11/09/2026 14:25:07","Documents/Visual Studio 2017/Backup Files/Solution1/Recovered-févr.-14-2023-1109.~vs7ED5.sql","1.0","2023-02-10T14:26:58Z","fethy.faradji@infopro-digital.com"
"11/09/2026 14:25:11","Documents/Visual Studio 2017/Backup Files/Solution1/Recovered-févr.-14-2023-1109.~vs8D1C.sql","1.0","2023-02-10T11:11:57Z","fethy.faradji@infopro-digital.com"
"11/09/2026 14:25:13","Documents/Visual Studio 2017/Backup Files/Solution1/Recovered-févr.-14-2023-1109.~vs8D1C.sql","2.0","2023-02-10T11:16:57Z","fethy.faradji@infopro-digital.com"
"11/09/2026 14:25:13","Documents/Visual Studio 2017/Backup Files/Solution1/Recovered-févr.-14-2023-1109.~vs8D1C.sql","3.0","2023-02-10T11:21:57Z","fethy.faradji@infopro-digital.com"
"11/09/2026 14:25:17","Documents/Visual Studio 2017/Backup Files/Solution1/Recovered-févr.-14-2023-1109.~vs8F74.sql","1.0","2023-02-10T09:31:55Z","fethy.faradji@infopro-digital.com"
"11/09/2026 14:25:18","Documents/Visual Studio 2017/Backup Files/Solution1/Recovered-févr.-14-2023-1109.~vs8F74.sql","2.0","2023-02-10T09:36:55Z","fethy.faradji@infopro-digital.com"
"11/09/2026 14:25:19","Documents/Visual Studio 2017/Backup Files/Solution1/Recovered-févr.-14-2023-1109.~vs8F74.sql","3.0","2023-02-10T10:21:56Z","fethy.faradji@infopro-digital.com"
"11/09/2026 14:25:20","Documents/Visual Studio 2017/Backup Files/Solution1/Recovered-févr.-14-2023-1109.~vs8F74.sql","4.0","2023-02-10T10:46:56Z","fethy.faradji@infopro-digital.com"
"11/09/2026 14:25:23","Documents/Visual Studio 2017/Backup Files/Solution1/Recovered-févr.-14-2023-1109.~vs9447.sql","1.0","2023-02-10T14:26:58Z","fethy.faradji@infopro-digital.com"
"11/09/2026 14:25:27","Documents/Visual Studio 2017/Backup Files/Solution1/Recovered-févr.-14-2023-1109.~vs9DDF.sql","1.0","2023-02-10T14:21:58Z","fethy.faradji@infopro-digital.com"
"11/09/2026 14:25:31","Documents/Visual Studio 2017/Backup Files/Solution1/Recovered-févr.-14-2023-1109.~vsA0C2.sql","1.0","2023-02-10T14:26:58Z","fethy.faradji@infopro-digital.com"
"11/09/2026 14:25:35","Documents/Visual Studio 2017/Backup Files/Solution1/Recovered-févr.-14-2023-1109.~vsAE2A.sql","1.0","2023-02-10T14:31:58Z","fethy.faradji@infopro-digital.com"
"11/09/2026 14:25:38","Documents/Visual Studio 2017/Backup Files/Solution1/Recovered-févr.-14-2023-1109.~vsDF69.sql","1.0","2023-02-13T13:18:51Z","fethy.faradji@infopro-digital.com"
"11/09/2026 14:25:39","Documents/Visual Studio 2017/Backup Files/Solution1/Recovered-févr.-14-2023-1109.~vsDF69.sql","2.0","2023-02-13T13:23:51Z","fethy.faradji@infopro-digital.com"
"11/09/2026 14:25:43","Documents/Visual Studio 2017/Backup Files/Solution1/Recovered-févr.-14-2023-1109.~vsF94F.sql","1.0","2023-02-10T15:26:59Z","fethy.faradji@infopro-digital.com"
"11/09/2026 14:25:44","Documents/Visual Studio 2017/Backup Files/Solution1/Recovered-févr.-14-2023-1109.~vsF94F.sql","2.0","2023-02-10T15:31:59Z","fethy.faradji@infopro-digital.com"
"11/09/2026 14:25:45","Documents/Visual Studio 2017/Backup Files/Solution1/Recovered-févr.-14-2023-1109.~vsF94F.sql","3.0","2023-02-10T15:36:59Z","fethy.faradji@infopro-digital.com"
"11/09/2026 14:25:46","Documents/Visual Studio 2017/Backup Files/Solution1/Recovered-févr.-14-2023-1109.~vsF94F.sql","4.0","2023-02-10T15:46:59Z","fethy.faradji@infopro-digital.com"
"11/09/2026 14:25:47","Documents/Visual Studio 2017/Backup Files/Solution1/Recovered-févr.-14-2023-1109.~vsF94F.sql","5.0","2023-02-10T16:16:59Z","fethy.faradji@infopro-digital.com"
"11/09/2026 14:25:50","Documents/Visual Studio 2017/Backup Files/Solution1/Recovered-févr.-15-2022-0227.~vs380B.sql","1.0","2022-02-15T09:13:10Z","fethy.faradji@infopro-digital.com"
"11/09/2026 14:25:52","Documents/Visual Studio 2017/Backup Files/Solution1/Recovered-févr.-15-2022-0227.~vs380B.sql","2.0","2022-02-15T09:18:10Z","fethy.faradji@infopro-digital.com"
"11/09/2026 14:25:52","Documents/Visual Studio 2017/Backup Files/Solution1/Recovered-févr.-15-2022-0227.~vs380B.sql","3.0","2022-02-15T09:28:10Z","fethy.faradji@infopro-digital.com"
"11/09/2026 14:25:53","Documents/Visual Studio 2017/Backup Files/Solution1/Recovered-févr.-15-2022-0227.~vs380B.sql","4.0","2022-02-15T09:33:11Z","fethy.faradji@infopro-digital.com"
"11/09/2026 14:25:56","Documents/Visual Studio 2017/Backup Files/Solution1/Recovered-févr.-15-2022-1007.~vs88B3.sql","1.0","2022-02-14T08:55:44Z","fethy.faradji@infopro-digital.com"
"11/09/2026 14:26:00","Documents/Visual Studio 2017/Backup Files/Solution1/Recovered-févr.-18-2025-0544.~vsBE0E.sql","1.0","2025-01-28T09:48:23Z","fethy.faradji@infopro-digital.com"
"11/09/2026 14:26:01","Documents/Visual Studio 2017/Backup Files/Solution1/Recovered-févr.-18-2025-0544.~vsBE0E.sql","2.0","2025-01-28T09:53:23Z","fethy.faradji@infopro-digital.com"
"11/09/2026 14:26:02","Documents/Visual Studio 2017/Backup Files/Solution1/Recovered-févr.-18-2025-0544.~vsBE0E.sql","3.0","2025-01-28T10:13:23Z","fethy.faradji@infopro-digital.com"
"11/09/2026 14:26:03","Documents/Visual Studio 2017/Backup Files/Solution1/Recovered-févr.-18-2025-0544.~vsBE0E.sql","4.0","2025-01-28T10:18:23Z","fethy.faradji@infopro-digital.com"
"11/09/2026 14:26:07","Documents/Visual Studio 2017/Backup Files/Solution1/Recovered-févr.-20-2024-1206.~vs2346.sql","1.0","2024-02-07T08:33:33Z","fethy.faradji@infopro-digital.com"
"11/09/2026 14:26:08","Documents/Visual Studio 2017/Backup Files/Solution1/Recovered-févr.-20-2024-1206.~vs2346.sql","2.0","2024-02-07T08:38:33Z","fethy.faradji@infopro-digital.com"
"11/09/2026 14:26:09","Documents/Visual Studio 2017/Backup Files/Solution1/Recovered-févr.-20-2024-1206.~vs2346.sql","3.0","2024-02-07T08:43:33Z","fethy.faradji@infopro-digital.com"
"11/09/2026 14:26:12","Documents/Visual Studio 2017/Backup Files/Solution1/Recovered-févr.-20-2024-1206.~vsA8E3.sql","1.0","2024-02-08T08:37:41Z","fethy.faradji@infopro-digital.com"
"11/09/2026 14:26:16","Documents/Visual Studio 2017/Backup Files/Solution1/Recovered-févr.-20-2024-1206.~vsDC73.sql","1.0","2024-02-07T08:38:33Z","fethy.faradji@infopro-digital.com"
"11/09/2026 14:26:18","Documents/Visual Studio 2017/Backup Files/Solution1/Recovered-févr.-20-2024-1206.~vsDC73.sql","2.0","2024-02-07T09:03:32Z","fethy.faradji@infopro-digital.com"
"11/09/2026 14:26:19","Documents/Visual Studio 2017/Backup Files/Solution1/Recovered-févr.-20-2024-1206.~vsDC73.sql","3.0","2024-02-07T09:08:32Z","fethy.faradji@infopro-digital.com"
"11/09/2026 14:26:22","Documents/Visual Studio 2017/Backup Files/Solution1/Recovered-févr.-21-2022-0336.~vs91CA.sql","1.0","2022-02-21T13:09:13Z","fethy.faradji@infopro-digital.com"
"11/09/2026 14:26:27","Documents/Visual Studio 2017/Backup Files/Solution1/Recovered-févr.-21-2022-0336.~vs9A5D.sql","1.0","2022-02-21T11:29:12Z","fethy.faradji@infopro-digital.com"
"11/09/2026 14:26:28","Documents/Visual Studio 2017/Backup Files/Solution1/Recovered-févr.-21-2022-0336.~vs9A5D.sql","2.0","2022-02-21T12:54:13Z","fethy.faradji@infopro-digital.com"
"11/09/2026 14:26:29","Documents/Visual Studio 2017/Backup Files/Solution1/Recovered-févr.-21-2022-0336.~vs9A5D.sql","3.0","2022-02-21T12:59:13Z","fethy.faradji@infopro-digital.com"
"11/09/2026 14:26:30","Documents/Visual Studio 2017/Backup Files/Solution1/Recovered-févr.-21-2022-0336.~vs9A5D.sql","4.0","2022-02-21T13:04:13Z","fethy.faradji@infopro-digital.com"
"11/09/2026 14:26:31","Documents/Visual Studio 2017/Backup Files/Solution1/Recovered-févr.-21-2022-0336.~vs9A5D.sql","5.0","2022-02-21T13:09:13Z","fethy.faradji@infopro-digital.com"
"11/09/2026 14:26:35","Documents/Visual Studio 2017/Backup Files/Solution1/Recovered-févr.-21-2022-1224.~vs3539.sql","1.0","2022-02-18T16:09:16Z","fethy.faradji@infopro-digital.com"
"11/09/2026 14:26:36","Documents/Visual Studio 2017/Backup Files/Solution1/Recovered-févr.-21-2022-1224.~vs3539.sql","2.0","2022-02-18T16:14:16Z","fethy.faradji@infopro-digital.com"
"11/09/2026 14:26:40","Documents/Visual Studio 2017/Backup Files/Solution1/Recovered-févr.-21-2022-1224.~vs41BC.sql","1.0","2022-02-18T15:44:16Z","fethy.faradji@infopro-digital.com"
"11/09/2026 14:26:43","Documents/Visual Studio 2017/Backup Files/Solution1/Recovered-févr.-21-2022-1224.~vs4418.sql","1.0","2022-02-18T16:19:16Z","fethy.faradji@infopro-digital.com"
"11/09/2026 14:26:47","Documents/Visual Studio 2017/Backup Files/Solution1/Recovered-févr.-21-2022-1224.~vs8C49.sql","1.0","2022-02-18T10:19:15Z","fethy.faradji@infopro-digital.com"
"11/09/2026 14:26:48","Documents/Visual Studio 2017/Backup Files/Solution1/Recovered-févr.-21-2022-1224.~vs8C49.sql","2.0","2022-02-18T10:24:15Z","fethy.faradji@infopro-digital.com"
"11/09/2026 14:26:50","Documents/Visual Studio 2017/Backup Files/Solution1/Recovered-févr.-21-2022-1224.~vs8C49.sql","3.0","2022-02-18T10:29:15Z","fethy.faradji@infopro-digital.com"
"11/09/2026 14:26:51","Documents/Visual Studio 2017/Backup Files/Solution1/Recovered-févr.-21-2022-1224.~vs8C49.sql","4.0","2022-02-18T10:34:15Z","fethy.faradji@infopro-digital.com"
"11/09/2026 14:26:54","Documents/Visual Studio 2017/Backup Files/Solution1/Recovered-févr.-21-2022-1224.~vs98ED.sql","1.0","2022-02-18T16:19:16Z","fethy.faradji@infopro-digital.com"
"11/09/2026 14:26:55","Documents/Visual Studio 2017/Backup Files/Solution1/Recovered-févr.-21-2022-1224.~vs98ED.sql","2.0","2022-02-18T16:24:16Z","fethy.faradji@infopro-digital.com"
"11/09/2026 14:26:56","Documents/Visual Studio 2017/Backup Files/Solution1/Recovered-févr.-21-2022-1224.~vs98ED.sql","3.0","2022-02-18T16:29:16Z","fethy.faradji@infopro-digital.com"
"11/09/2026 14:27:00","Documents/Visual Studio 2017/Backup Files/Solution1/Recovered-févr.-21-2022-1224.~vs994C.sql","1.0","2022-02-18T16:14:16Z","fethy.faradji@infopro-digital.com"
"11/09/2026 14:27:03","Documents/Visual Studio 2017/Backup Files/Solution1/Recovered-févr.-22-2022-1122.~vs8944.sql","1.0","2022-02-21T14:46:22Z","fethy.faradji@infopro-digital.com"
"11/09/2026 14:27:07","Documents/Visual Studio 2017/Backup Files/Solution1/Recovered-févr.-24-2022-1151.~vs30C1.sql","1.0","2022-02-22T15:32:22Z","fethy.faradji@infopro-digital.com"
"11/09/2026 14:27:08","Documents/Visual Studio 2017/Backup Files/Solution1/Recovered-févr.-24-2022-1151.~vs30C1.sql","2.0","2022-02-23T09:57:03Z","fethy.faradji@infopro-digital.com"
"11/09/2026 14:27:09","Documents/Visual Studio 2017/Backup Files/Solution1/Recovered-févr.-24-2022-1151.~vs30C1.sql","3.0","2022-02-23T10:02:03Z","fethy.faradji@infopro-digital.com"
"11/09/2026 14:27:10","Documents/Visual Studio 2017/Backup Files/Solution1/Recovered-févr.-24-2022-1151.~vs30C1.sql","4.0","2022-02-23T10:07:03Z","fethy.faradji@infopro-digital.com"
"11/09/2026 14:27:14","Documents/Visual Studio 2017/Backup Files/Solution1/Recovered-févr.-24-2022-1151.~vs31F6.sql","1.0","2022-02-23T21:47:07Z","fethy.faradji@infopro-digital.com"
"11/09/2026 14:27:18","Documents/Visual Studio 2017/Backup Files/Solution1/Recovered-févr.-24-2022-1151.~vs6B1A.sql","1.0","2022-02-22T10:52:21Z","fethy.faradji@infopro-digital.com"
"11/09/2026 14:27:21","Documents/Visual Studio 2017/Backup Files/Solution1/Recovered-févr.-24-2022-1151.~vs7D43.sql","1.0","2022-02-22T10:47:20Z","fethy.faradji@infopro-digital.com"
"11/09/2026 14:27:25","Documents/Visual Studio 2017/Backup Files/Solution1/Recovered-févr.-24-2022-1151.~vs88F0.sql","1.0","2022-02-22T11:27:21Z","fethy.faradji@infopro-digital.com"
"11/09/2026 14:27:26","Documents/Visual Studio 2017/Backup Files/Solution1/Recovered-févr.-24-2022-1151.~vs88F0.sql","2.0","2022-02-22T11:32:21Z","fethy.faradji@infopro-digital.com"
"11/09/2026 14:27:27","Documents/Visual Studio 2017/Backup Files/Solution1/Recovered-févr.-24-2022-1151.~vs88F0.sql","3.0","2022-02-22T11:42:21Z","fethy.faradji@infopro-digital.com"
"11/09/2026 14:27:28","Documents/Visual Studio 2017/Backup Files/Solution1/Recovered-févr.-24-2022-1151.~vs88F0.sql","4.0","2022-02-22T11:47:21Z","fethy.faradji@infopro-digital.com"
"11/09/2026 14:27:29","Documents/Visual Studio 2017/Backup Files/Solution1/Recovered-févr.-24-2022-1151.~vs88F0.sql","5.0","2022-02-22T13:22:22Z","fethy.faradji@infopro-digital.com"
"11/09/2026 14:27:30","Documents/Visual Studio 2017/Backup Files/Solution1/Recovered-févr.-24-2022-1151.~vs88F0.sql","6.0","2022-02-22T13:27:22Z","fethy.faradji@infopro-digital.com"
"11/09/2026 14:27:33","Documents/Visual Studio 2017/Backup Files/Solution1/Recovered-févr.-24-2022-1151.~vsE32C.sql","1.0","2022-02-22T15:02:22Z","fethy.faradji@infopro-digital.com"
"11/09/2026 14:27:38","Documents/Visual Studio 2017/Backup Files/Solution1/Recovered-févr.-25-2022-1159.~vs17C7.sql","1.0","2022-02-24T11:36:44Z","fethy.faradji@infopro-digital.com"
"11/09/2026 14:27:42","Documents/Visual Studio 2017/Backup Files/Solution1/Recovered-févr.-25-2022-1159.~vs31F6.sql","1.0","2022-02-24T11:06:44Z","fethy.faradji@infopro-digital.com"
"11/09/2026 14:27:46","Documents/Visual Studio 2017/Backup Files/Solution1/Recovered-févr.-25-2022-1159.~vs419F.sql","1.0","2022-02-24T11:31:44Z","fethy.faradji@infopro-digital.com"
"11/09/2026 14:27:48","Documents/Visual Studio 2017/Backup Files/Solution1/Recovered-févr.-25-2022-1159.~vs419F.sql","2.0","2022-02-24T11:36:44Z","fethy.faradji@infopro-digital.com"
"11/09/2026 14:27:51","Documents/Visual Studio 2017/Backup Files/Solution1/Recovered-févr.-27-2025-0951.~vs116E.sql","1.0","2025-02-26T15:06:07Z","fethy.faradji@infopro-digital.com"
"11/09/2026 14:27:55","Documents/Visual Studio 2017/Backup Files/Solution1/Recovered-févr.-27-2025-0951.~vs4590.sql","1.0","2025-02-25T12:54:25Z","fethy.faradji@infopro-digital.com"
"11/09/2026 14:28:00","Documents/Visual Studio 2017/Backup Files/Solution1/Recovered-févr.-27-2025-0951.~vs7103.sql","1.0","2025-02-25T12:54:25Z","fethy.faradji@infopro-digital.com"
"11/09/2026 14:28:01","Documents/Visual Studio 2017/Backup Files/Solution1/Recovered-févr.-27-2025-0951.~vs7103.sql","2.0","2025-02-25T12:59:25Z","fethy.faradji@infopro-digital.com"
"11/09/2026 14:28:05","Documents/Visual Studio 2017/Backup Files/Solution1/Recovered-janv.-03-2022-0430.~vs2F1F.sql","1.0","2021-12-31T14:25:00Z","fethy.faradji@infopro-digital.com"
"11/09/2026 14:28:08","Documents/Visual Studio 2017/Backup Files/Solution1/Recovered-janv.-07-2025-0414.~vs84A1.sql","1.0","2024-12-23T13:58:11Z","fethy.faradji@infopro-digital.com"
"11/09/2026 14:28:10","Documents/Visual Studio 2017/Backup Files/Solution1/Recovered-janv.-07-2025-0414.~vs84A1.sql","2.0","2024-12-23T14:03:12Z","fethy.faradji@infopro-digital.com"
"11/09/2026 14:28:11","Documents/Visual Studio 2017/Backup Files/Solution1/Recovered-janv.-07-2025-0414.~vs84A1.sql","3.0","2024-12-23T14:08:18Z","fethy.faradji@infopro-digital.com"
"11/09/2026 14:28:15","Documents/Visual Studio 2017/Backup Files/Solution1/Recovered-janv.-11-2023-0216.~vs15F5.sql","1.0","2022-12-27T10:29:38Z","fethy.faradji@infopro-digital.com"
"11/09/2026 14:28:17","Documents/Visual Studio 2017/Backup Files/Solution1/Recovered-janv.-11-2023-0216.~vs15F5.sql","2.0","2022-12-27T11:16:13Z","fethy.faradji@infopro-digital.com"
"11/09/2026 14:28:20","Documents/Visual Studio 2017/Backup Files/Solution1/Recovered-janv.-11-2023-0216.~vs2FC6.sql","1.0","2022-12-27T09:19:38Z","fethy.faradji@infopro-digital.com"
"11/09/2026 14:28:22","Documents/Visual Studio 2017/Backup Files/Solution1/Recovered-janv.-11-2023-0216.~vs2FC6.sql","2.0","2022-12-27T09:24:38Z","fethy.faradji@infopro-digital.com"
"11/09/2026 14:28:23","Documents/Visual Studio 2017/Backup Files/Solution1/Recovered-janv.-11-2023-0216.~vs2FC6.sql","3.0","2022-12-27T09:29:38Z","fethy.faradji@infopro-digital.com"
"11/09/2026 14:28:24","Documents/Visual Studio 2017/Backup Files/Solution1/Recovered-janv.-11-2023-0216.~vs2FC6.sql","4.0","2022-12-27T09:39:38Z","fethy.faradji@infopro-digital.com"
"11/09/2026 14:28:27","Documents/Visual Studio 2017/Backup Files/Solution1/Recovered-janv.-11-2023-0216.~vs3A61.sql","1.0","2022-12-27T13:31:13Z","fethy.faradji@infopro-digital.com"
"11/09/2026 14:28:32","Documents/Visual Studio 2017/Backup Files/Solution1/Recovered-janv.-11-2023-0216.~vs4BCF.sql","1.0","2023-01-09T13:22:00Z","fethy.faradji@infopro-digital.com"
"11/09/2026 14:28:36","Documents/Visual Studio 2017/Backup Files/Solution1/Recovered-janv.-11-2023-0216.~vs6030.sql","1.0","2023-01-09T13:12:00Z","fethy.faradji@infopro-digital.com"
"11/09/2026 14:28:40","Documents/Visual Studio 2017/Backup Files/Solution1/Recovered-janv.-11-2023-0216.~vs6239.sql","1.0","2022-12-27T10:36:13Z","fethy.faradji@infopro-digital.com"
"11/09/2026 14:28:41","Documents/Visual Studio 2017/Backup Files/Solution1/Recovered-janv.-11-2023-0216.~vs6239.sql","2.0","2022-12-27T10:41:13Z","fethy.faradji@infopro-digital.com"
"11/09/2026 14:28:42","Documents/Visual Studio 2017/Backup Files/Solution1/Recovered-janv.-11-2023-0216.~vs6239.sql","3.0","2022-12-27T11:21:13Z","fethy.faradji@infopro-digital.com"
"11/09/2026 14:28:46","Documents/Visual Studio 2017/Backup Files/Solution1/Recovered-janv.-11-2023-0216.~vs76F6.sql","1.0","2022-12-21T09:12:43Z","fethy.faradji@infopro-digital.com"
"11/09/2026 14:28:47","Documents/Visual Studio 2017/Backup Files/Solution1/Recovered-janv.-11-2023-0216.~vs76F6.sql","2.0","2022-12-21T09:37:43Z","fethy.faradji@infopro-digital.com"
"11/09/2026 14:28:51","Documents/Visual Studio 2017/Backup Files/Solution1/Recovered-janv.-11-2023-0216.~vs88D1.sql","1.0","2022-12-29T16:08:07Z","fethy.faradji@infopro-digital.com"
"11/09/2026 14:28:55","Documents/Visual Studio 2017/Backup Files/Solution1/Recovered-janv.-11-2023-0216.~vs8F9B.sql","1.0","2022-12-29T15:53:07Z","fethy.faradji@infopro-digital.com"
"11/09/2026 14:28:56","Documents/Visual Studio 2017/Backup Files/Solution1/Recovered-janv.-11-2023-0216.~vs8F9B.sql","2.0","2022-12-29T16:08:07Z","fethy.faradji@infopro-digital.com"
"11/09/2026 14:29:00","Documents/Visual Studio 2017/Backup Files/Solution1/Recovered-janv.-11-2023-0216.~vs9698.sql","1.0","2022-12-27T11:21:13Z","fethy.faradji@infopro-digital.com"
"11/09/2026 14:29:03","Documents/Visual Studio 2017/Backup Files/Solution1/Recovered-janv.-11-2023-0216.~vsAB9D.sql","1.0","2023-01-03T10:18:56Z","fethy.faradji@infopro-digital.com"
"11/09/2026 14:29:07","Documents/Visual Studio 2017/Backup Files/Solution1/Recovered-janv.-11-2023-0216.~vsAD61.sql","1.0","2022-12-22T09:57:48Z","fethy.faradji@infopro-digital.com"
"11/09/2026 14:29:08","Documents/Visual Studio 2017/Backup Files/Solution1/Recovered-janv.-11-2023-0216.~vsAD61.sql","2.0","2022-12-22T10:02:48Z","fethy.faradji@infopro-digital.com"
"11/09/2026 14:29:10","Documents/Visual Studio 2017/Backup Files/Solution1/Recovered-janv.-11-2023-0216.~vsAD61.sql","3.0","2022-12-22T10:07:48Z","fethy.faradji@infopro-digital.com"
"11/09/2026 14:29:11","Documents/Visual Studio 2017/Backup Files/Solution1/Recovered-janv.-11-2023-0216.~vsAD61.sql","4.0","2022-12-22T10:12:48Z","fethy.faradji@infopro-digital.com"
"11/09/2026 14:29:12","Documents/Visual Studio 2017/Backup Files/Solution1/Recovered-janv.-11-2023-0216.~vsAD61.sql","5.0","2022-12-22T10:17:48Z","fethy.faradji@infopro-digital.com"
"11/09/2026 14:29:13","Documents/Visual Studio 2017/Backup Files/Solution1/Recovered-janv.-11-2023-0216.~vsAD61.sql","6.0","2022-12-22T10:22:48Z","fethy.faradji@infopro-digital.com"
"11/09/2026 14:29:14","Documents/Visual Studio 2017/Backup Files/Solution1/Recovered-janv.-11-2023-0216.~vsAD61.sql","7.0","2022-12-22T10:27:48Z","fethy.faradji@infopro-digital.com"
"11/09/2026 14:29:15","Documents/Visual Studio 2017/Backup Files/Solution1/Recovered-janv.-11-2023-0216.~vsAD61.sql","8.0","2022-12-22T10:32:48Z","fethy.faradji@infopro-digital.com"
"11/09/2026 14:29:18","Documents/Visual Studio 2017/Backup Files/Solution1/Recovered-janv.-11-2023-0216.~vsBE1E.sql","1.0","2022-12-27T13:51:13Z","fethy.faradji@infopro-digital.com"
"11/09/2026 14:29:19","Documents/Visual Studio 2017/Backup Files/Solution1/Recovered-janv.-11-2023-0216.~vsBE1E.sql","2.0","2022-12-27T13:56:13Z","fethy.faradji@infopro-digital.com"
"11/09/2026 14:29:20","Documents/Visual Studio 2017/Backup Files/Solution1/Recovered-janv.-11-2023-0216.~vsBE1E.sql","3.0","2022-12-27T14:06:13Z","fethy.faradji@infopro-digital.com"
"11/09/2026 14:29:21","Documents/Visual Studio 2017/Backup Files/Solution1/Recovered-janv.-11-2023-0216.~vsBE1E.sql","4.0","2022-12-27T14:11:13Z","fethy.faradji@infopro-digital.com"
"11/09/2026 14:29:25","Documents/Visual Studio 2017/Backup Files/Solution1/Recovered-janv.-11-2023-0216.~vsC2B3.sql","1.0","2022-12-29T15:28:07Z","fethy.faradji@infopro-digital.com"
"11/09/2026 14:29:29","Documents/Visual Studio 2017/Backup Files/Solution1/Recovered-janv.-11-2023-0216.~vsC743.sql","1.0","2023-01-10T09:26:52Z","fethy.faradji@infopro-digital.com"
"11/09/2026 14:29:32","Documents/Visual Studio 2017/Backup Files/Solution1/Recovered-janv.-11-2023-0216.~vsD202.sql","1.0","2022-12-21T13:27:44Z","fethy.faradji@infopro-digital.com"
"11/09/2026 14:29:36","Documents/Visual Studio 2017/Backup Files/Solution1/Recovered-janv.-11-2023-0216.~vsF1FE.sql","1.0","2022-12-21T13:07:44Z","fethy.faradji@infopro-digital.com"
"11/09/2026 14:29:38","Documents/Visual Studio 2017/Backup Files/Solution1/Recovered-janv.-11-2023-0216.~vsF1FE.sql","2.0","2022-12-21T13:17:44Z","fethy.faradji@infopro-digital.com"
"11/09/2026 14:29:39","Documents/Visual Studio 2017/Backup Files/Solution1/Recovered-janv.-11-2023-0216.~vsF1FE.sql","3.0","2022-12-21T13:52:44Z","fethy.faradji@infopro-digital.com"
"11/09/2026 14:29:40","Documents/Visual Studio 2017/Backup Files/Solution1/Recovered-janv.-11-2023-0216.~vsF1FE.sql","4.0","2022-12-21T13:57:44Z","fethy.faradji@infopro-digital.com"
"11/09/2026 14:29:43","Documents/Visual Studio 2017/Backup Files/Solution1/Recovered-janv.-11-2023-0216.~vsF57.sql","1.0","2022-12-22T09:52:48Z","fethy.faradji@infopro-digital.com"
"11/09/2026 14:29:44","Documents/Visual Studio 2017/Backup Files/Solution1/Recovered-janv.-11-2023-0216.~vsF57.sql","2.0","2022-12-22T10:07:48Z","fethy.faradji@infopro-digital.com"
"11/09/2026 14:29:47","Documents/Visual Studio 2017/Backup Files/Solution1/Recovered-janv.-11-2023-0216.~vsFB1E.sql","1.0","2022-12-22T10:32:48Z","fethy.faradji@infopro-digital.com"
"11/09/2026 14:29:52","Documents/Visual Studio 2017/Backup Files/Solution1/Recovered-janv.-13-2022-1033.~vs209B.sql","1.0","2022-01-12T08:59:01Z","fethy.faradji@infopro-digital.com"
"11/09/2026 14:29:55","Documents/Visual Studio 2017/Backup Files/Solution1/Recovered-janv.-13-2022-1033.~vs4B3D.sql","1.0","2022-01-12T08:59:01Z","fethy.faradji@infopro-digital.com"
"11/09/2026 14:29:56","Documents/Visual Studio 2017/Backup Files/Solution1/Recovered-janv.-13-2022-1033.~vs4B3D.sql","2.0","2022-01-12T09:04:01Z","fethy.faradji@infopro-digital.com"
"11/09/2026 14:30:00","Documents/Visual Studio 2017/Backup Files/Solution1/Recovered-janv.-13-2022-1033.~vsC741.sql","1.0","2022-01-12T08:44:01Z","fethy.faradji@infopro-digital.com"
"11/09/2026 14:30:03","Documents/Visual Studio 2017/Backup Files/Solution1/Recovered-janv.-14-2022-0222.~vsFB6B.sql","1.0","2022-01-14T09:49:37Z","fethy.faradji@infopro-digital.com"
"11/09/2026 14:30:05","Documents/Visual Studio 2017/Backup Files/Solution1/Recovered-janv.-14-2022-0222.~vsFB6B.sql","2.0","2022-01-14T09:54:37Z","fethy.faradji@infopro-digital.com"
"11/09/2026 14:30:05","Documents/Visual Studio 2017/Backup Files/Solution1/Recovered-janv.-14-2022-0222.~vsFB6B.sql","3.0","2022-01-14T09:59:37Z","fethy.faradji@infopro-digital.com"
"11/09/2026 14:30:09","Documents/Visual Studio 2017/Backup Files/Solution1/Recovered-janv.-14-2022-0919.~vs209B.sql","1.0","2022-01-13T09:38:35Z","fethy.faradji@infopro-digital.com"
"11/09/2026 14:30:12","Documents/Visual Studio 2017/Backup Files/Solution1/Recovered-janv.-14-2022-0919.~vs53DD.sql","1.0","2022-01-13T09:38:35Z","fethy.faradji@infopro-digital.com"
"11/09/2026 14:30:13","Documents/Visual Studio 2017/Backup Files/Solution1/Recovered-janv.-14-2022-0919.~vs53DD.sql","2.0","2022-01-13T09:48:35Z","fethy.faradji@infopro-digital.com"
"11/09/2026 14:30:14","Documents/Visual Studio 2017/Backup Files/Solution1/Recovered-janv.-14-2022-0919.~vs53DD.sql","3.0","2022-01-13T09:53:35Z","fethy.faradji@infopro-digital.com"
"11/09/2026 14:30:15","Documents/Visual Studio 2017/Backup Files/Solution1/Recovered-janv.-14-2022-0919.~vs53DD.sql","4.0","2022-01-13T09:58:35Z","fethy.faradji@infopro-digital.com"
"11/09/2026 14:30:16","Documents/Visual Studio 2017/Backup Files/Solution1/Recovered-janv.-14-2022-0919.~vs53DD.sql","5.0","2022-01-13T12:53:36Z","fethy.faradji@infopro-digital.com"
"11/09/2026 14:30:17","Documents/Visual Studio 2017/Backup Files/Solution1/Recovered-janv.-14-2022-0919.~vs53DD.sql","6.0","2022-01-13T13:23:37Z","fethy.faradji@infopro-digital.com"
"11/09/2026 14:30:20","Documents/Visual Studio 2017/Backup Files/Solution1/Recovered-janv.-14-2026-1114.2 - insert_DIM_SEMAINES.sql0","1.0","2025-12-16T16:34:35Z","fethy.faradji@infopro-digital.com"
"11/09/2026 14:30:25","Documents/Visual Studio 2017/Backup Files/Solution1/Recovered-janv.-17-2022-1113.~vsFB6B.sql","1.0","2022-01-14T16:10:21Z","fethy.faradji@infopro-digital.com"
"11/09/2026 14:30:26","Documents/Visual Studio 2017/Backup Files/Solution1/Recovered-janv.-17-2022-1113.~vsFB6B.sql","2.0","2022-01-14T16:15:21Z","fethy.faradji@infopro-digital.com"
"11/09/2026 14:30:27","Documents/Visual Studio 2017/Backup Files/Solution1/Recovered-janv.-17-2022-1113.~vsFB6B.sql","3.0","2022-01-14T16:25:21Z","fethy.faradji@infopro-digital.com"
"11/09/2026 14:30:31","Documents/Visual Studio 2017/Backup Files/Solution1/Recovered-janv.-17-2024-0947.~vs20FC.sql","1.0","2024-01-11T13:31:59Z","fethy.faradji@infopro-digital.com"
"11/09/2026 14:30:34","Documents/Visual Studio 2017/Backup Files/Solution1/Recovered-janv.-17-2024-0947.~vs20FC.sql","2.0","2024-01-11T13:36:59Z","fethy.faradji@infopro-digital.com"
"11/09/2026 14:30:35","Documents/Visual Studio 2017/Backup Files/Solution1/Recovered-janv.-17-2024-0947.~vs20FC.sql","3.0","2024-01-11T13:41:59Z","fethy.faradji@infopro-digital.com"
"11/09/2026 14:30:35","Documents/Visual Studio 2017/Backup Files/Solution1/Recovered-janv.-17-2024-0947.~vs20FC.sql","4.0","2024-01-11T13:46:59Z","fethy.faradji@infopro-digital.com"
"11/09/2026 14:30:36","Documents/Visual Studio 2017/Backup Files/Solution1/Recovered-janv.-17-2024-0947.~vs20FC.sql","5.0","2024-01-11T13:56:59Z","fethy.faradji@infopro-digital.com"
"11/09/2026 14:30:37","Documents/Visual Studio 2017/Backup Files/Solution1/Recovered-janv.-17-2024-0947.~vs20FC.sql","6.0","2024-01-11T14:01:59Z","fethy.faradji@infopro-digital.com"
"11/09/2026 14:30:39","Documents/Visual Studio 2017/Backup Files/Solution1/Recovered-janv.-17-2024-0947.~vs20FC.sql","7.0","2024-01-11T14:11:59Z","fethy.faradji@infopro-digital.com"
"11/09/2026 14:30:42","Documents/Visual Studio 2017/Backup Files/Solution1/Recovered-janv.-17-2024-0947.~vs2441.sql","1.0","2024-01-11T13:46:59Z","fethy.faradji@infopro-digital.com"
"11/09/2026 14:30:43","Documents/Visual Studio 2017/Backup Files/Solution1/Recovered-janv.-17-2024-0947.~vs2441.sql","2.0","2024-01-11T13:56:59Z","fethy.faradji@infopro-digital.com"
"11/09/2026 14:30:44","Documents/Visual Studio 2017/Backup Files/Solution1/Recovered-janv.-17-2024-0947.~vs2441.sql","3.0","2024-01-11T14:01:59Z","fethy.faradji@infopro-digital.com"
"11/09/2026 14:30:48","Documents/Visual Studio 2017/Backup Files/Solution1/Recovered-janv.-17-2024-0947.~vs3907.sql","1.0","2024-01-10T11:03:22Z","fethy.faradji@infopro-digital.com"
"11/09/2026 14:30:49","Documents/Visual Studio 2017/Backup Files/Solution1/Recovered-janv.-17-2024-0947.~vs3907.sql","2.0","2024-01-10T11:08:22Z","fethy.faradji@infopro-digital.com"
"11/09/2026 14:30:50","Documents/Visual Studio 2017/Backup Files/Solution1/Recovered-janv.-17-2024-0947.~vs3907.sql","3.0","2024-01-10T11:13:22Z","fethy.faradji@infopro-digital.com"
"11/09/2026 14:30:51","Documents/Visual Studio 2017/Backup Files/Solution1/Recovered-janv.-17-2024-0947.~vs3907.sql","4.0","2024-01-10T13:18:22Z","fethy.faradji@infopro-digital.com"
"11/09/2026 14:30:54","Documents/Visual Studio 2017/Backup Files/Solution1/Recovered-janv.-17-2024-0947.~vs4198.sql","1.0","2023-12-14T10:45:37Z","fethy.faradji@infopro-digital.com"
"11/09/2026 14:30:55","Documents/Visual Studio 2017/Backup Files/Solution1/Recovered-janv.-17-2024-0947.~vs4198.sql","2.0","2023-12-14T10:50:38Z","fethy.faradji@infopro-digital.com"
"11/09/2026 14:31:00","Documents/Visual Studio 2017/Backup Files/Solution1/Recovered-janv.-17-2024-0947.~vs4B5D.sql","1.0","2023-12-14T09:05:33Z","fethy.faradji@infopro-digital.com"
"11/09/2026 14:31:01","Documents/Visual Studio 2017/Backup Files/Solution1/Recovered-janv.-17-2024-0947.~vs4B5D.sql","2.0","2023-12-14T09:20:33Z","fethy.faradji@infopro-digital.com"
"11/09/2026 14:31:02","Documents/Visual Studio 2017/Backup Files/Solution1/Recovered-janv.-17-2024-0947.~vs4B5D.sql","3.0","2023-12-14T11:00:38Z","fethy.faradji@infopro-digital.com"
"11/09/2026 14:31:03","Documents/Visual Studio 2017/Backup Files/Solution1/Recovered-janv.-17-2024-0947.~vs4B5D.sql","4.0","2023-12-15T09:27:38Z","fethy.faradji@infopro-digital.com"
"11/09/2026 14:31:04","Documents/Visual Studio 2017/Backup Files/Solution1/Recovered-janv.-17-2024-0947.~vs4B5D.sql","5.0","2023-12-15T09:32:38Z","fethy.faradji@infopro-digital.com"
"11/09/2026 14:31:05","Documents/Visual Studio 2017/Backup Files/Solution1/Recovered-janv.-17-2024-0947.~vs4B5D.sql","6.0","2023-12-15T10:47:40Z","fethy.faradji@infopro-digital.com"
"11/09/2026 14:31:08","Documents/Visual Studio 2017/Backup Files/Solution1/Recovered-janv.-17-2024-0947.~vs5CF6.sql","1.0","2023-12-18T15:34:32Z","fethy.faradji@infopro-digital.com"
"11/09/2026 14:31:12","Documents/Visual Studio 2017/Backup Files/Solution1/Recovered-janv.-17-2024-0947.~vs618.sql","1.0","2024-01-11T14:01:59Z","fethy.faradji@infopro-digital.com"
"11/09/2026 14:31:14","Documents/Visual Studio 2017/Backup Files/Solution1/Recovered-janv.-17-2024-0947.~vs618.sql","2.0","2024-01-11T14:06:59Z","fethy.faradji@infopro-digital.com"
"11/09/2026 14:31:17","Documents/Visual Studio 2017/Backup Files/Solution1/Recovered-janv.-17-2024-0947.~vs6715.sql","1.0","2024-01-09T13:07:38Z","fethy.faradji@infopro-digital.com"
"11/09/2026 14:31:18","Documents/Visual Studio 2017/Backup Files/Solution1/Recovered-janv.-17-2024-0947.~vs6715.sql","2.0","2024-01-09T13:12:38Z","fethy.faradji@infopro-digital.com"
"11/09/2026 14:31:19","Documents/Visual Studio 2017/Backup Files/Solution1/Recovered-janv.-17-2024-0947.~vs6715.sql","3.0","2024-01-09T13:17:38Z","fethy.faradji@infopro-digital.com"
"11/09/2026 14:31:20","Documents/Visual Studio 2017/Backup Files/Solution1/Recovered-janv.-17-2024-0947.~vs6715.sql","4.0","2024-01-09T14:12:38Z","fethy.faradji@infopro-digital.com"
"11/09/2026 14:31:21","Documents/Visual Studio 2017/Backup Files/Solution1/Recovered-janv.-17-2024-0947.~vs6715.sql","5.0","2024-01-09T14:17:38Z","fethy.faradji@infopro-digital.com"
"11/09/2026 14:31:22","Documents/Visual Studio 2017/Backup Files/Solution1/Recovered-janv.-17-2024-0947.~vs6715.sql","6.0","2024-01-09T14:27:38Z","fethy.faradji@infopro-digital.com"
"11/09/2026 14:31:23","Documents/Visual Studio 2017/Backup Files/Solution1/Recovered-janv.-17-2024-0947.~vs6715.sql","7.0","2024-01-09T14:32:38Z","fethy.faradji@infopro-digital.com"
"11/09/2026 14:31:26","Documents/Visual Studio 2017/Backup Files/Solution1/Recovered-janv.-17-2024-0947.~vsDC10.sql","1.0","2024-01-09T11:02:38Z","fethy.faradji@infopro-digital.com"
"11/09/2026 14:31:28","Documents/Visual Studio 2017/Backup Files/Solution1/Recovered-janv.-17-2024-0947.~vsDC10.sql","2.0","2024-01-09T12:57:38Z","fethy.faradji@infopro-digital.com"
"11/09/2026 14:31:29","Documents/Visual Studio 2017/Backup Files/Solution1/Recovered-janv.-17-2024-0947.~vsDC10.sql","3.0","2024-01-09T13:02:38Z","fethy.faradji@infopro-digital.com"
"11/09/2026 14:31:33","Documents/Visual Studio 2017/Backup Files/Solution1/Recovered-janv.-17-2024-0947.~vsDEF6.sql","1.0","2023-12-18T09:19:32Z","fethy.faradji@infopro-digital.com"
"11/09/2026 14:31:36","Documents/Visual Studio 2017/Backup Files/Solution1/Recovered-janv.-17-2024-0947.~vsE9B6.sql","1.0","2024-01-09T13:27:38Z","fethy.faradji@infopro-digital.com"
"11/09/2026 14:31:40","Documents/Visual Studio 2017/Backup Files/Solution1/Recovered-janv.-17-2024-0947.~vsEB14.sql","1.0","2023-12-14T15:45:45Z","fethy.faradji@infopro-digital.com"
"11/09/2026 14:31:44","Documents/Visual Studio 2017/Backup Files/Solution1/Recovered-janv.-17-2024-0947.~vsF519.sql","1.0","2023-12-19T13:47:19Z","fethy.faradji@infopro-digital.com"
"11/09/2026 14:31:49","Documents/Visual Studio 2017/Backup Files/Solution1/Recovered-janv.-17-2024-0947.4 - dispatch_DIM_SEMAINES.sql","1.0","2024-01-10T13:13:22Z","fethy.faradji@infopro-digital.com"
"11/09/2026 14:31:53","Documents/Visual Studio 2017/Backup Files/Solution1/Recovered-janv.-18-2022-0954.~vs4E9D.sql","1.0","2022-01-17T13:18:32Z","fethy.faradji@infopro-digital.com"
"11/09/2026 14:31:55","Documents/Visual Studio 2017/Backup Files/Solution1/Recovered-janv.-18-2022-0954.~vs4E9D.sql","2.0","2022-01-17T13:33:32Z","fethy.faradji@infopro-digital.com"
"11/09/2026 14:31:56","Documents/Visual Studio 2017/Backup Files/Solution1/Recovered-janv.-18-2022-0954.~vs4E9D.sql","3.0","2022-01-17T16:33:33Z","fethy.faradji@infopro-digital.com"
"11/09/2026 14:32:01","Documents/Visual Studio 2017/Backup Files/Solution1/Recovered-janv.-18-2022-0954.~vs5F02.sql","1.0","2022-01-17T10:33:31Z","fethy.faradji@infopro-digital.com"
"11/09/2026 14:32:05","Documents/Visual Studio 2017/Backup Files/Solution1/Recovered-janv.-19-2023-1230.~vs6335.sql","1.0","2023-01-19T09:23:31Z","fethy.faradji@infopro-digital.com"
"11/09/2026 14:32:06","Documents/Visual Studio 2017/Backup Files/Solution1/Recovered-janv.-19-2023-1230.~vs6335.sql","2.0","2023-01-19T09:28:31Z","fethy.faradji@infopro-digital.com"
"11/09/2026 14:32:07","Documents/Visual Studio 2017/Backup Files/Solution1/Recovered-janv.-19-2023-1230.~vs6335.sql","3.0","2023-01-19T09:33:31Z","fethy.faradji@infopro-digital.com"
"11/09/2026 14:32:08","Documents/Visual Studio 2017/Backup Files/Solution1/Recovered-janv.-19-2023-1230.~vs6335.sql","4.0","2023-01-19T09:43:31Z","fethy.faradji@infopro-digital.com"
"11/09/2026 14:32:09","Documents/Visual Studio 2017/Backup Files/Solution1/Recovered-janv.-19-2023-1230.~vs6335.sql","5.0","2023-01-19T09:53:31Z","fethy.faradji@infopro-digital.com"
"11/09/2026 14:32:10","Documents/Visual Studio 2017/Backup Files/Solution1/Recovered-janv.-19-2023-1230.~vs6335.sql","6.0","2023-01-19T10:03:31Z","fethy.faradji@infopro-digital.com"
"11/09/2026 14:32:11","Documents/Visual Studio 2017/Backup Files/Solution1/Recovered-janv.-19-2023-1230.~vs6335.sql","7.0","2023-01-19T10:33:31Z","fethy.faradji@infopro-digital.com"
"11/09/2026 14:32:15","Documents/Visual Studio 2017/Backup Files/Solution1/Recovered-janv.-26-2023-0256.~vs4D5.sql","1.0","2023-01-20T14:35:29Z","fethy.faradji@infopro-digital.com"
"11/09/2026 14:32:16","Documents/Visual Studio 2017/Backup Files/Solution1/Recovered-janv.-26-2023-0256.~vs4D5.sql","2.0","2023-01-20T14:40:29Z","fethy.faradji@infopro-digital.com"
"11/09/2026 14:32:17","Documents/Visual Studio 2017/Backup Files/Solution1/Recovered-janv.-26-2023-0256.~vs4D5.sql","3.0","2023-01-20T14:45:29Z","fethy.faradji@infopro-digital.com"
"11/09/2026 14:32:18","Documents/Visual Studio 2017/Backup Files/Solution1/Recovered-janv.-26-2023-0256.~vs4D5.sql","4.0","2023-01-20T14:50:29Z","fethy.faradji@infopro-digital.com"
"11/09/2026 14:32:19","Documents/Visual Studio 2017/Backup Files/Solution1/Recovered-janv.-26-2023-0256.~vs4D5.sql","5.0","2023-01-20T14:55:29Z","fethy.faradji@infopro-digital.com"
"11/09/2026 14:32:20","Documents/Visual Studio 2017/Backup Files/Solution1/Recovered-janv.-26-2023-0256.~vs4D5.sql","6.0","2023-01-20T15:00:29Z","fethy.faradji@infopro-digital.com"
"11/09/2026 14:32:21","Documents/Visual Studio 2017/Backup Files/Solution1/Recovered-janv.-26-2023-0256.~vs4D5.sql","7.0","2023-01-20T15:05:30Z","fethy.faradji@infopro-digital.com"
"11/09/2026 14:32:22","Documents/Visual Studio 2017/Backup Files/Solution1/Recovered-janv.-26-2023-0256.~vs4D5.sql","8.0","2023-01-20T15:10:30Z","fethy.faradji@infopro-digital.com"
"11/09/2026 14:32:23","Documents/Visual Studio 2017/Backup Files/Solution1/Recovered-janv.-26-2023-0256.~vs4D5.sql","9.0","2023-01-20T15:15:30Z","fethy.faradji@infopro-digital.com"
"11/09/2026 14:32:24","Documents/Visual Studio 2017/Backup Files/Solution1/Recovered-janv.-26-2023-0256.~vs4D5.sql","10.0","2023-01-20T15:20:30Z","fethy.faradji@infopro-digital.com"
"11/09/2026 14:32:25","Documents/Visual Studio 2017/Backup Files/Solution1/Recovered-janv.-26-2023-0256.~vs4D5.sql","11.0","2023-01-20T15:25:30Z","fethy.faradji@infopro-digital.com"
"11/09/2026 14:32:28","Documents/Visual Studio 2017/Backup Files/Solution1/Recovered-janv.-26-2023-0256.~vs8F8D.sql","1.0","2023-01-20T09:45:26Z","fethy.faradji@infopro-digital.com"
"11/09/2026 14:32:32","Documents/Visual Studio 2017/Backup Files/Solution1/Recovered-janv.-26-2023-0256.~vsDE13.sql","1.0","2023-01-20T13:35:29Z","fethy.faradji@infopro-digital.com"
"11/09/2026 14:32:36","Documents/Visual Studio 2017/Backup Files/Solution1/Recovered-janv.-26-2023-0256.~vsFB1C.sql","1.0","2023-01-26T09:15:10Z","fethy.faradji@infopro-digital.com"
"11/09/2026 14:32:37","Documents/Visual Studio 2017/Backup Files/Solution1/Recovered-janv.-26-2023-0256.~vsFB1C.sql","2.0","2023-01-26T09:20:10Z","fethy.faradji@infopro-digital.com"
"11/09/2026 14:32:38","Documents/Visual Studio 2017/Backup Files/Solution1/Recovered-janv.-26-2023-0256.~vsFB1C.sql","3.0","2023-01-26T09:25:10Z","fethy.faradji@infopro-digital.com"
"11/09/2026 14:32:39","Documents/Visual Studio 2017/Backup Files/Solution1/Recovered-janv.-26-2023-0256.~vsFB1C.sql","4.0","2023-01-26T09:34:16Z","fethy.faradji@infopro-digital.com"
"11/09/2026 14:32:43","Documents/Visual Studio 2017/Backup Files/Solution1/Recovered-janv.-26-2024-0923.~vs123A.sql","1.0","2024-01-18T13:24:43Z","fethy.faradji@infopro-digital.com"
"11/09/2026 14:32:44","Documents/Visual Studio 2017/Backup Files/Solution1/Recovered-janv.-26-2024-0923.~vs123A.sql","2.0","2024-01-18T13:29:43Z","fethy.faradji@infopro-digital.com"
"11/09/2026 14:32:45","Documents/Visual Studio 2017/Backup Files/Solution1/Recovered-janv.-26-2024-0923.~vs123A.sql","3.0","2024-01-18T13:34:43Z","fethy.faradji@infopro-digital.com"
"11/09/2026 14:32:46","Documents/Visual Studio 2017/Backup Files/Solution1/Recovered-janv.-26-2024-0923.~vs123A.sql","4.0","2024-01-18T13:39:43Z","fethy.faradji@infopro-digital.com"
"11/09/2026 14:32:47","Documents/Visual Studio 2017/Backup Files/Solution1/Recovered-janv.-26-2024-0923.~vs123A.sql","5.0","2024-01-18T13:44:43Z","fethy.faradji@infopro-digital.com"
"11/09/2026 14:32:51","Documents/Visual Studio 2017/Backup Files/Solution1/Recovered-janv.-26-2024-0923.~vs4F5F.sql","1.0","2024-01-17T10:16:45Z","fethy.faradji@infopro-digital.com"
"11/09/2026 14:32:52","Documents/Visual Studio 2017/Backup Files/Solution1/Recovered-janv.-26-2024-0923.~vs4F5F.sql","2.0","2024-01-17T10:21:45Z","fethy.faradji@infopro-digital.com"
"11/09/2026 14:32:56","Documents/Visual Studio 2017/Backup Files/Solution1/Recovered-janv.-26-2024-0923.~vs55A1.sql","1.0","2024-01-17T10:16:45Z","fethy.faradji@infopro-digital.com"
"11/09/2026 14:32:57","Documents/Visual Studio 2017/Backup Files/Solution1/Recovered-janv.-26-2024-0923.~vs55A1.sql","2.0","2024-01-17T10:21:45Z","fethy.faradji@infopro-digital.com"
"11/09/2026 14:33:00","Documents/Visual Studio 2017/Backup Files/Solution1/Recovered-janv.-26-2024-0923.~vs5EB.sql","1.0","2024-01-17T08:57:14Z","fethy.faradji@infopro-digital.com"
"11/09/2026 14:33:01","Documents/Visual Studio 2017/Backup Files/Solution1/Recovered-janv.-26-2024-0923.~vs5EB.sql","2.0","2024-01-17T09:02:14Z","fethy.faradji@infopro-digital.com"
"11/09/2026 14:33:02","Documents/Visual Studio 2017/Backup Files/Solution1/Recovered-janv.-26-2024-0923.~vs5EB.sql","3.0","2024-01-17T09:32:15Z","fethy.faradji@infopro-digital.com"
"11/09/2026 14:33:07","Documents/Visual Studio 2017/Backup Files/Solution1/Recovered-janv.-26-2024-0923.~vs7CF5.sql","1.0","2024-01-17T09:27:15Z","fethy.faradji@infopro-digital.com"
"11/09/2026 14:33:09","Documents/Visual Studio 2017/Backup Files/Solution1/Recovered-janv.-26-2024-0923.~vs7CF5.sql","2.0","2024-01-17T09:32:15Z","fethy.faradji@infopro-digital.com"
"11/09/2026 14:33:12","Documents/Visual Studio 2017/Backup Files/Solution1/Recovered-janv.-26-2024-0923.~vsA13A.sql","1.0","2024-01-17T10:31:46Z","fethy.faradji@infopro-digital.com"
"11/09/2026 14:33:14","Documents/Visual Studio 2017/Backup Files/Solution1/Recovered-janv.-26-2024-0923.~vsA13A.sql","2.0","2024-01-17T10:41:46Z","fethy.faradji@infopro-digital.com"
"11/09/2026 14:33:14","Documents/Visual Studio 2017/Backup Files/Solution1/Recovered-janv.-26-2024-0923.~vsA13A.sql","3.0","2024-01-17T10:46:46Z","fethy.faradji@infopro-digital.com"
"11/09/2026 14:33:18","Documents/Visual Studio 2017/Backup Files/Solution1/Recovered-janv.-26-2024-0923.~vsBE78.sql","1.0","2024-01-19T08:51:17Z","fethy.faradji@infopro-digital.com"
"11/09/2026 14:33:22","Documents/Visual Studio 2017/Backup Files/Solution1/Recovered-janv.-26-2024-0923.~vsC15F.sql","1.0","2024-01-17T10:26:46Z","fethy.faradji@infopro-digital.com"
"11/09/2026 14:33:26","Documents/Visual Studio 2017/Backup Files/Solution1/Recovered-janv.-27-2022-1021.~vs47CA.sql","1.0","2022-01-26T09:38:32Z","fethy.faradji@infopro-digital.com"
"11/09/2026 14:33:27","Documents/Visual Studio 2017/Backup Files/Solution1/Recovered-janv.-27-2022-1021.~vs47CA.sql","2.0","2022-01-26T09:58:32Z","fethy.faradji@infopro-digital.com"
"11/09/2026 14:33:29","Documents/Visual Studio 2017/Backup Files/Solution1/Recovered-janv.-27-2022-1021.~vs47CA.sql","3.0","2022-01-26T10:03:32Z","fethy.faradji@infopro-digital.com"
"11/09/2026 14:33:30","Documents/Visual Studio 2017/Backup Files/Solution1/Recovered-janv.-27-2022-1021.~vs47CA.sql","4.0","2022-01-26T10:08:32Z","fethy.faradji@infopro-digital.com"
"11/09/2026 14:33:31","Documents/Visual Studio 2017/Backup Files/Solution1/Recovered-janv.-27-2022-1021.~vs47CA.sql","5.0","2022-01-26T10:32:00Z","fethy.faradji@infopro-digital.com"
"11/09/2026 14:33:35","Documents/Visual Studio 2017/Backup Files/Solution1/Recovered-janv.-27-2022-1021.~vs9DA3.sql","1.0","2022-01-26T09:58:32Z","fethy.faradji@infopro-digital.com"
"11/09/2026 14:33:36","Documents/Visual Studio 2017/Backup Files/Solution1/Recovered-janv.-27-2022-1021.~vs9DA3.sql","2.0","2022-01-26T10:08:32Z","fethy.faradji@infopro-digital.com"
"11/09/2026 14:33:37","Documents/Visual Studio 2017/Backup Files/Solution1/Recovered-janv.-27-2022-1021.~vs9DA3.sql","3.0","2022-01-26T15:47:00Z","fethy.faradji@infopro-digital.com"
"11/09/2026 14:33:41","Documents/Visual Studio 2017/Backup Files/Solution1/Recovered-janv.-27-2022-1021.~vsE40A.sql","1.0","2022-01-26T09:18:34Z","fethy.faradji@infopro-digital.com"
"11/09/2026 14:33:43","Documents/Visual Studio 2017/Backup Files/Solution1/Recovered-janv.-27-2022-1021.~vsE40A.sql","2.0","2022-01-26T09:23:34Z","fethy.faradji@infopro-digital.com"
"11/09/2026 14:33:46","Documents/Visual Studio 2017/Backup Files/Solution1/Recovered-janv.-28-2022-1036.~vs282E.sql","1.0","2022-01-27T09:41:53Z","fethy.faradji@infopro-digital.com"
"11/09/2026 14:33:48","Documents/Visual Studio 2017/Backup Files/Solution1/Recovered-janv.-28-2022-1036.~vs282E.sql","2.0","2022-01-27T09:51:52Z","fethy.faradji@infopro-digital.com"
"11/09/2026 14:33:49","Documents/Visual Studio 2017/Backup Files/Solution1/Recovered-janv.-28-2022-1036.~vs282E.sql","3.0","2022-01-27T10:11:53Z","fethy.faradji@infopro-digital.com"
"11/09/2026 14:33:50","Documents/Visual Studio 2017/Backup Files/Solution1/Recovered-janv.-28-2022-1036.~vs282E.sql","4.0","2022-01-27T13:46:55Z","fethy.faradji@infopro-digital.com"
"11/09/2026 14:33:51","Documents/Visual Studio 2017/Backup Files/Solution1/Recovered-janv.-28-2022-1036.~vs282E.sql","5.0","2022-01-27T13:51:55Z","fethy.faradji@infopro-digital.com"
"11/09/2026 14:33:52","Documents/Visual Studio 2017/Backup Files/Solution1/Recovered-janv.-28-2022-1036.~vs282E.sql","6.0","2022-01-27T14:52:05Z","fethy.faradji@infopro-digital.com"
"11/09/2026 14:33:55","Documents/Visual Studio 2017/Backup Files/Solution1/Recovered-janv.-28-2022-1036.~vsD30E.sql","1.0","2022-01-27T09:36:53Z","fethy.faradji@infopro-digital.com"
"11/09/2026 14:33:57","Documents/Visual Studio 2017/Backup Files/Solution1/Recovered-janv.-28-2022-1036.~vsD30E.sql","2.0","2022-01-27T09:41:53Z","fethy.faradji@infopro-digital.com"
"11/09/2026 14:34:01","Documents/Visual Studio 2017/Backup Files/Solution1/Recovered-janv.-28-2025-1159.~vs5FA0.sql","1.0","2025-01-09T09:44:15Z","fethy.faradji@infopro-digital.com"
"11/09/2026 14:34:02","Documents/Visual Studio 2017/Backup Files/Solution1/Recovered-janv.-28-2025-1159.~vs5FA0.sql","2.0","2025-01-09T15:34:14Z","fethy.faradji@infopro-digital.com"
"11/09/2026 14:34:06","Documents/Visual Studio 2017/Backup Files/Solution1/Recovered-janv.-28-2025-1159.~vsCEBE.sql","1.0","2025-01-07T15:19:42Z","fethy.faradji@infopro-digital.com"
"11/09/2026 14:34:10","Documents/Visual Studio 2017/Backup Files/Solution1/Recovered-janv.-31-2022-1040.~vs282E.sql","1.0","2022-01-28T09:41:10Z","fethy.faradji@infopro-digital.com"
"11/09/2026 14:34:11","Documents/Visual Studio 2017/Backup Files/Solution1/Recovered-janv.-31-2022-1040.~vs282E.sql","2.0","2022-01-28T09:46:11Z","fethy.faradji@infopro-digital.com"
"11/09/2026 14:34:15","Documents/Visual Studio 2017/Backup Files/Solution1/Recovered-janv.-31-2022-1040.~vs6318.sql","1.0","2022-01-28T10:06:09Z","fethy.faradji@infopro-digital.com"
"11/09/2026 14:34:19","Documents/Visual Studio 2017/Backup Files/Solution1/Recovered-janv.-31-2022-1040.~vs67EA.sql","1.0","2022-01-28T09:46:10Z","fethy.faradji@infopro-digital.com"
"11/09/2026 14:34:20","Documents/Visual Studio 2017/Backup Files/Solution1/Recovered-janv.-31-2022-1040.~vs67EA.sql","2.0","2022-01-28T09:51:10Z","fethy.faradji@infopro-digital.com"
"11/09/2026 14:34:21","Documents/Visual Studio 2017/Backup Files/Solution1/Recovered-janv.-31-2022-1040.~vs67EA.sql","3.0","2022-01-28T10:06:09Z","fethy.faradji@infopro-digital.com"
"11/09/2026 14:34:22","Documents/Visual Studio 2017/Backup Files/Solution1/Recovered-janv.-31-2022-1040.~vs67EA.sql","5.0","2022-01-28T10:11:10Z","fethy.faradji@infopro-digital.com"
"11/09/2026 14:34:24","Documents/Visual Studio 2017/Backup Files/Solution1/Recovered-janv.-31-2022-1040.~vs67EA.sql","4.0","2022-01-28T10:26:10Z","fethy.faradji@infopro-digital.com"
"11/09/2026 14:34:27","Documents/Visual Studio 2017/Backup Files/Solution1/Recovered-janv.-31-2022-1040.~vsCD94.sql","1.0","2022-01-28T10:06:09Z","fethy.faradji@infopro-digital.com"
"11/09/2026 14:34:31","Documents/Visual Studio 2017/Backup Files/Solution1/Recovered-janv.-31-2022-1040.~vsE429.sql","1.0","2022-01-28T10:31:10Z","fethy.faradji@infopro-digital.com"
"11/09/2026 14:34:35","Documents/Visual Studio 2017/Backup Files/Solution1/Recovered-janv.-31-2024-0339.~vs559B.sql","1.0","2024-01-31T09:42:59Z","fethy.faradji@infopro-digital.com"
"11/09/2026 14:34:39","Documents/Visual Studio 2017/Backup Files/Solution1/Recovered-janv.-31-2024-0339.~vs595A.sql","1.0","2024-01-26T08:28:21Z","fethy.faradji@infopro-digital.com"
"11/09/2026 14:34:43","Documents/Visual Studio 2017/Backup Files/Solution1/Recovered-janv.-31-2024-0339.~vs8917.sql","1.0","2024-01-30T09:25:11Z","fethy.faradji@infopro-digital.com"
"11/09/2026 14:34:45","Documents/Visual Studio 2017/Backup Files/Solution1/Recovered-janv.-31-2024-0339.~vs8917.sql","2.0","2024-01-30T09:30:11Z","fethy.faradji@infopro-digital.com"
"11/09/2026 14:34:46","Documents/Visual Studio 2017/Backup Files/Solution1/Recovered-janv.-31-2024-0339.~vs8917.sql","3.0","2024-01-30T09:35:11Z","fethy.faradji@infopro-digital.com"
"11/09/2026 14:34:47","Documents/Visual Studio 2017/Backup Files/Solution1/Recovered-janv.-31-2024-0339.~vs8917.sql","4.0","2024-01-30T09:40:11Z","fethy.faradji@infopro-digital.com"
"11/09/2026 14:34:48","Documents/Visual Studio 2017/Backup Files/Solution1/Recovered-janv.-31-2024-0339.~vs8917.sql","5.0","2024-01-31T10:03:00Z","fethy.faradji@infopro-digital.com"
"11/09/2026 14:34:51","Documents/Visual Studio 2017/Backup Files/Solution1/Recovered-juil.-24-2023-1128.~vs2255.sql","1.0","2023-06-21T10:19:56Z","fethy.faradji@infopro-digital.com"
"11/09/2026 14:34:55","Documents/Visual Studio 2017/Backup Files/Solution1/Recovered-juil.-24-2023-1128.~vs5109.sql","1.0","2023-06-21T09:24:54Z","fethy.faradji@infopro-digital.com"
"11/09/2026 14:34:59","Documents/Visual Studio 2017/Backup Files/Solution1/Recovered-juil.-24-2023-1128.~vs5504.sql","1.0","2023-06-21T14:44:59Z","fethy.faradji@infopro-digital.com"
"11/09/2026 14:35:00","Documents/Visual Studio 2017/Backup Files/Solution1/Recovered-juil.-24-2023-1128.~vs5504.sql","2.0","2023-06-22T09:17:10Z","fethy.faradji@infopro-digital.com"
"11/09/2026 14:35:04","Documents/Visual Studio 2017/Backup Files/Solution1/Recovered-juil.-24-2023-1128.~vs58C6.sql","1.0","2023-06-21T13:09:58Z","fethy.faradji@infopro-digital.com"
"11/09/2026 14:35:07","Documents/Visual Studio 2017/Backup Files/Solution1/Recovered-juil.-24-2023-1128.~vs7C64.sql","1.0","2023-06-21T09:59:56Z","fethy.faradji@infopro-digital.com"
"11/09/2026 14:35:09","Documents/Visual Studio 2017/Backup Files/Solution1/Recovered-juil.-24-2023-1128.~vs7C64.sql","2.0","2023-06-21T10:04:56Z","fethy.faradji@infopro-digital.com"
"11/09/2026 14:35:10","Documents/Visual Studio 2017/Backup Files/Solution1/Recovered-juil.-24-2023-1128.~vs7C64.sql","3.0","2023-06-21T10:14:56Z","fethy.faradji@infopro-digital.com"
"11/09/2026 14:35:11","Documents/Visual Studio 2017/Backup Files/Solution1/Recovered-juil.-24-2023-1128.~vs7C64.sql","4.0","2023-06-21T10:19:56Z","fethy.faradji@infopro-digital.com"
"11/09/2026 14:35:14","Documents/Visual Studio 2017/Backup Files/Solution1/Recovered-juil.-24-2023-1128.~vs881E.sql","1.0","2023-06-21T12:19:57Z","fethy.faradji@infopro-digital.com"
"11/09/2026 14:35:18","Documents/Visual Studio 2017/Backup Files/Solution1/Recovered-juil.-24-2023-1128.~vs88C3.sql","1.0","2023-06-21T13:09:58Z","fethy.faradji@infopro-digital.com"
"11/09/2026 14:35:20","Documents/Visual Studio 2017/Backup Files/Solution1/Recovered-juil.-24-2023-1128.~vs88C3.sql","2.0","2023-06-21T13:14:58Z","fethy.faradji@infopro-digital.com"
"11/09/2026 14:35:23","Documents/Visual Studio 2017/Backup Files/Solution1/Recovered-juil.-24-2023-1128.~vs9A6E.sql","1.0","2023-06-21T12:34:58Z","fethy.faradji@infopro-digital.com"
"11/09/2026 14:35:26","Documents/Visual Studio 2017/Backup Files/Solution1/Recovered-juil.-24-2023-1128.~vsA373.sql","1.0","2023-06-21T13:05:00Z","fethy.faradji@infopro-digital.com"
"11/09/2026 14:35:30","Documents/Visual Studio 2017/Backup Files/Solution1/Recovered-juil.-24-2023-1128.~vsBBA0.sql","1.0","2023-06-22T09:22:10Z","fethy.faradji@infopro-digital.com"
"11/09/2026 14:35:32","Documents/Visual Studio 2017/Backup Files/Solution1/Recovered-juil.-24-2023-1128.~vsBBA0.sql","2.0","2023-06-22T09:32:10Z","fethy.faradji@infopro-digital.com"
"11/09/2026 14:35:33","Documents/Visual Studio 2017/Backup Files/Solution1/Recovered-juil.-24-2023-1128.~vsBBA0.sql","3.0","2023-06-22T09:37:10Z","fethy.faradji@infopro-digital.com"
"11/09/2026 14:35:34","Documents/Visual Studio 2017/Backup Files/Solution1/Recovered-juil.-24-2023-1128.~vsBBA0.sql","4.0","2023-06-22T09:42:22Z","fethy.faradji@infopro-digital.com"
"11/09/2026 14:35:34","Documents/Visual Studio 2017/Backup Files/Solution1/Recovered-juil.-24-2023-1128.~vsBBA0.sql","5.0","2023-06-22T09:52:10Z","fethy.faradji@infopro-digital.com"
"11/09/2026 14:35:36","Documents/Visual Studio 2017/Backup Files/Solution1/Recovered-juil.-24-2023-1128.~vsBBA0.sql","6.0","2023-06-22T09:58:49Z","fethy.faradji@infopro-digital.com"
"11/09/2026 14:35:39","Documents/Visual Studio 2017/Backup Files/Solution1/Recovered-juil.-24-2023-1128.~vsD11F.sql","1.0","2023-06-21T10:19:56Z","fethy.faradji@infopro-digital.com"
"11/09/2026 14:35:40","Documents/Visual Studio 2017/Backup Files/Solution1/Recovered-juil.-24-2023-1128.~vsD11F.sql","2.0","2023-06-21T10:24:56Z","fethy.faradji@infopro-digital.com"
"11/09/2026 14:35:44","Documents/Visual Studio 2017/Backup Files/Solution1/Recovered-juil.-24-2023-1128.02-create_views.sql","1.0","2023-06-27T13:26:44Z","fethy.faradji@infopro-digital.com"
"11/09/2026 14:35:49","Documents/Visual Studio 2017/Backup Files/Solution1/Recovered-juil.-27-2023-0331.~vs3C40.sql","1.0","2023-07-20T07:55:44Z","fethy.faradji@infopro-digital.com"
"11/09/2026 14:35:50","Documents/Visual Studio 2017/Backup Files/Solution1/Recovered-juil.-27-2023-0331.~vs3C40.sql","2.0","2023-07-20T08:00:44Z","fethy.faradji@infopro-digital.com"
"11/09/2026 14:35:51","Documents/Visual Studio 2017/Backup Files/Solution1/Recovered-juil.-27-2023-0331.~vs3C40.sql","3.0","2023-07-20T08:05:44Z","fethy.faradji@infopro-digital.com"
"11/09/2026 14:35:54","Documents/Visual Studio 2017/Backup Files/Solution1/Recovered-juil.-27-2023-0331.~vs4007.sql","1.0","2023-07-21T12:07:55Z","fethy.faradji@infopro-digital.com"
"11/09/2026 14:35:58","Documents/Visual Studio 2017/Backup Files/Solution1/Recovered-juil.-27-2023-0331.~vs4868.sql","1.0","2023-07-21T08:16:37Z","fethy.faradji@infopro-digital.com"
"11/09/2026 14:35:59","Documents/Visual Studio 2017/Backup Files/Solution1/Recovered-juil.-27-2023-0331.~vs4868.sql","2.0","2023-07-21T08:21:37Z","fethy.faradji@infopro-digital.com"
"11/09/2026 14:36:02","Documents/Visual Studio 2017/Backup Files/Solution1/Recovered-juil.-27-2023-0331.~vs5D95.sql","1.0","2023-07-20T08:05:44Z","fethy.faradji@infopro-digital.com"
"11/09/2026 14:36:06","Documents/Visual Studio 2017/Backup Files/Solution1/Recovered-juil.-27-2023-0331.~vs6055.sql","1.0","2023-07-19T08:48:35Z","fethy.faradji@infopro-digital.com"
"11/09/2026 14:36:07","Documents/Visual Studio 2017/Backup Files/Solution1/Recovered-juil.-27-2023-0331.~vs6055.sql","2.0","2023-07-19T11:43:36Z","fethy.faradji@infopro-digital.com"
"11/09/2026 14:36:08","Documents/Visual Studio 2017/Backup Files/Solution1/Recovered-juil.-27-2023-0331.~vs6055.sql","3.0","2023-07-19T11:48:36Z","fethy.faradji@infopro-digital.com"
"11/09/2026 14:36:11","Documents/Visual Studio 2017/Backup Files/Solution1/Recovered-juil.-27-2023-0331.~vs7109.sql","1.0","2023-07-20T07:50:45Z","fethy.faradji@infopro-digital.com"
"11/09/2026 14:36:13","Documents/Visual Studio 2017/Backup Files/Solution1/Recovered-juil.-27-2023-0331.~vs7109.sql","2.0","2023-07-20T07:55:44Z","fethy.faradji@infopro-digital.com"
"11/09/2026 14:36:16","Documents/Visual Studio 2017/Backup Files/Solution1/Recovered-juil.-27-2023-0331.~vs88EB.sql","1.0","2023-07-21T07:56:33Z","fethy.faradji@infopro-digital.com"
"11/09/2026 14:36:17","Documents/Visual Studio 2017/Backup Files/Solution1/Recovered-juil.-27-2023-0331.~vs88EB.sql","2.0","2023-07-21T08:01:33Z","fethy.faradji@infopro-digital.com"
"11/09/2026 14:36:20","Documents/Visual Studio 2017/Backup Files/Solution1/Recovered-juil.-27-2023-0331.~vsEA4E.sql","1.0","2023-07-21T08:16:37Z","fethy.faradji@infopro-digital.com"
"11/09/2026 14:36:24","Documents/Visual Studio 2017/Backup Files/Solution1/Recovered-juil.-27-2023-1156.~vsA0FF.sql","1.0","2023-07-24T09:53:57Z","fethy.faradji@infopro-digital.com"
"11/09/2026 14:36:26","Documents/Visual Studio 2017/Backup Files/Solution1/Recovered-juil.-27-2023-1156.~vsA0FF.sql","2.0","2023-07-24T09:58:57Z","fethy.faradji@infopro-digital.com"
"11/09/2026 14:36:27","Documents/Visual Studio 2017/Backup Files/Solution1/Recovered-juil.-27-2023-1156.~vsA0FF.sql","3.0","2023-07-24T10:03:57Z","fethy.faradji@infopro-digital.com"
"11/09/2026 14:36:28","Documents/Visual Studio 2017/Backup Files/Solution1/Recovered-juil.-27-2023-1156.~vsA0FF.sql","4.0","2023-07-24T10:08:57Z","fethy.faradji@infopro-digital.com"
"11/09/2026 14:36:31","Documents/Visual Studio 2017/Backup Files/Solution1/Recovered-juin-02-2025-0215.~vs8C01.sql","1.0","2025-05-21T07:50:46Z","fethy.faradji@infopro-digital.com"
"11/09/2026 14:36:32","Documents/Visual Studio 2017/Backup Files/Solution1/Recovered-juin-02-2025-0215.~vs8C01.sql","2.0","2025-05-21T07:55:46Z","fethy.faradji@infopro-digital.com"
"11/09/2026 14:36:33","Documents/Visual Studio 2017/Backup Files/Solution1/Recovered-juin-02-2025-0215.~vs8C01.sql","3.0","2025-05-21T08:00:45Z","fethy.faradji@infopro-digital.com"
"11/09/2026 14:36:34","Documents/Visual Studio 2017/Backup Files/Solution1/Recovered-juin-02-2025-0215.~vs8C01.sql","4.0","2025-05-21T08:05:45Z","fethy.faradji@infopro-digital.com"
"11/09/2026 14:36:35","Documents/Visual Studio 2017/Backup Files/Solution1/Recovered-juin-02-2025-0215.~vs8C01.sql","5.0","2025-05-21T08:15:45Z","fethy.faradji@infopro-digital.com"
"11/09/2026 14:36:36","Documents/Visual Studio 2017/Backup Files/Solution1/Recovered-juin-02-2025-0215.~vs8C01.sql","6.0","2025-05-21T13:05:46Z","fethy.faradji@infopro-digital.com"
"11/09/2026 14:36:39","Documents/Visual Studio 2017/Backup Files/Solution1/Recovered-juin-02-2025-0215.~vs9321.sql","1.0","2025-05-21T13:00:46Z","fethy.faradji@infopro-digital.com"
"11/09/2026 14:36:40","Documents/Visual Studio 2017/Backup Files/Solution1/Recovered-juin-02-2025-0215.~vs9321.sql","2.0","2025-05-21T13:05:46Z","fethy.faradji@infopro-digital.com"
"11/09/2026 14:36:43","Documents/Visual Studio 2017/Backup Files/Solution1/Recovered-juin-02-2025-0215.~vsEACA.sql","1.0","2025-05-21T13:00:47Z","fethy.faradji@infopro-digital.com"
"11/09/2026 14:36:44","Documents/Visual Studio 2017/Backup Files/Solution1/Recovered-juin-02-2025-0215.~vsEACA.sql","2.0","2025-05-21T13:05:46Z","fethy.faradji@infopro-digital.com"
"11/09/2026 14:36:48","Documents/Visual Studio 2017/Backup Files/Solution1/Recovered-juin-13-2022-0502.~vs1290.sql","1.0","2022-06-13T10:18:10Z","fethy.faradji@infopro-digital.com"
"11/09/2026 14:36:51","Documents/Visual Studio 2017/Backup Files/Solution1/Recovered-juin-13-2022-0502.~vs31E9.sql","1.0","2022-06-13T12:23:12Z","fethy.faradji@infopro-digital.com"
"11/09/2026 14:36:55","Documents/Visual Studio 2017/Backup Files/Solution1/Recovered-juin-13-2022-0502.~vs415A.sql","1.0","2022-06-13T10:33:11Z","fethy.faradji@infopro-digital.com"
"11/09/2026 14:36:58","Documents/Visual Studio 2017/Backup Files/Solution1/Recovered-juin-13-2022-0502.~vs497F.sql","1.0","2022-06-13T12:23:12Z","fethy.faradji@infopro-digital.com"
"11/09/2026 14:37:01","Documents/Visual Studio 2017/Backup Files/Solution1/Recovered-juin-13-2022-0502.~vs941C.sql","1.0","2022-06-13T12:28:12Z","fethy.faradji@infopro-digital.com"
"11/09/2026 14:37:04","Documents/Visual Studio 2017/Backup Files/Solution1/Recovered-juin-13-2022-0502.~vsA238.sql","1.0","2022-06-13T10:13:10Z","fethy.faradji@infopro-digital.com"
"11/09/2026 14:37:08","Documents/Visual Studio 2017/Backup Files/Solution1/Recovered-juin-13-2022-0502.~vsEDEF.sql","1.0","2022-06-13T10:18:10Z","fethy.faradji@infopro-digital.com"
"11/09/2026 14:37:11","Documents/Visual Studio 2017/Backup Files/Solution1/Recovered-juin-13-2022-0502.~vsF3AC.sql","1.0","2022-06-13T12:23:12Z","fethy.faradji@infopro-digital.com"
"11/09/2026 14:37:14","Documents/Visual Studio 2017/Backup Files/Solution1/Recovered-juin-13-2024-0919.~vsC8F5.sql","1.0","2024-06-12T15:28:09Z","fethy.faradji@infopro-digital.com"
"11/09/2026 14:37:17","Documents/Visual Studio 2017/Backup Files/Solution1/Recovered-juin-15-2023-1129.~vsC670.sql","1.0","2023-06-14T10:03:32Z","fethy.faradji@infopro-digital.com"
"11/09/2026 14:37:18","Documents/Visual Studio 2017/Backup Files/Solution1/Recovered-juin-15-2023-1129.~vsC670.sql","2.0","2023-06-14T12:33:34Z","fethy.faradji@infopro-digital.com"
"11/09/2026 14:37:21","Documents/Visual Studio 2017/Backup Files/Solution1/Recovered-juin-15-2023-1129.~vsE826.sql","1.0","2023-06-14T12:38:34Z","fethy.faradji@infopro-digital.com"
"11/09/2026 14:37:23","Documents/Visual Studio 2017/Backup Files/Solution1/Recovered-juin-15-2023-1129.~vsE826.sql","2.0","2023-06-14T13:43:36Z","fethy.faradji@infopro-digital.com"
"11/09/2026 14:37:23","Documents/Visual Studio 2017/Backup Files/Solution1/Recovered-juin-15-2023-1129.~vsE826.sql","3.0","2023-06-14T13:58:36Z","fethy.faradji@infopro-digital.com"
"11/09/2026 14:37:27","Documents/Visual Studio 2017/Backup Files/Solution1/Recovered-juin-18-2022-1105.~vs14FD.sql","1.0","2022-06-17T17:42:31Z","fethy.faradji@infopro-digital.com"
"11/09/2026 14:37:30","Documents/Visual Studio 2017/Backup Files/Solution1/Recovered-juin-18-2022-1105.~vs4D55.sql","1.0","2022-06-18T19:14:21Z","fethy.faradji@infopro-digital.com"
"11/09/2026 14:37:34","Documents/Visual Studio 2017/Backup Files/Solution1/Recovered-juin-18-2022-1105.~vs9FF5.sql","1.0","2022-06-18T19:24:21Z","fethy.faradji@infopro-digital.com"
"11/09/2026 14:37:37","Documents/Visual Studio 2017/Backup Files/Solution1/Recovered-juin-18-2022-1105.~vsC53F.sql","1.0","2022-06-18T19:19:21Z","fethy.faradji@infopro-digital.com"
"11/09/2026 14:37:40","Documents/Visual Studio 2017/Backup Files/Solution1/Recovered-juin-18-2022-1105.~vsCECB.sql","1.0","2022-06-18T19:24:21Z","fethy.faradji@infopro-digital.com"
"11/09/2026 14:37:43","Documents/Visual Studio 2017/Backup Files/Solution1/Recovered-juin-20-2022-0412.~vs2C5B.sql","1.0","2022-06-20T12:10:53Z","fethy.faradji@infopro-digital.com"
"11/09/2026 14:37:47","Documents/Visual Studio 2017/Backup Files/Solution1/Recovered-juin-20-2022-0412.~vs3B7D.sql","1.0","2022-06-20T13:50:53Z","fethy.faradji@infopro-digital.com"
"11/09/2026 14:37:50","Documents/Visual Studio 2017/Backup Files/Solution1/Recovered-juin-20-2022-0412.~vs99D2.sql","1.0","2022-06-20T13:30:53Z","fethy.faradji@infopro-digital.com"
"11/09/2026 14:37:53","Documents/Visual Studio 2017/Backup Files/Solution1/Recovered-juin-20-2022-0412.~vsBF3.sql","1.0","2022-06-19T16:28:15Z","fethy.faradji@infopro-digital.com"
"11/09/2026 14:37:56","Documents/Visual Studio 2017/Backup Files/Solution1/Recovered-juin-20-2022-0412.~vsC17E.sql","1.0","2022-06-20T09:25:51Z","fethy.faradji@infopro-digital.com"
"11/09/2026 14:37:59","Documents/Visual Studio 2017/Backup Files/Solution1/Recovered-juin-20-2022-0412.~vsCFCF.sql","1.0","2022-06-19T10:07:54Z","fethy.faradji@infopro-digital.com"
"11/09/2026 14:38:03","Documents/Visual Studio 2017/Backup Files/Solution1/Recovered-juin-20-2022-0412.~vsE482.sql","1.0","2022-06-19T18:03:16Z","fethy.faradji@infopro-digital.com"
"11/09/2026 14:38:06","Documents/Visual Studio 2017/Backup Files/Solution1/Recovered-juin-20-2022-0412.~vsE6F.sql","1.0","2022-06-19T10:02:54Z","fethy.faradji@infopro-digital.com"
"11/09/2026 14:38:09","Documents/Visual Studio 2017/Backup Files/Solution1/Recovered-juin-21-2022-1116.~vs2B6D.sql","1.0","2022-06-20T13:05:53Z","fethy.faradji@infopro-digital.com"
"11/09/2026 14:38:12","Documents/Visual Studio 2017/Backup Files/Solution1/Recovered-juin-21-2022-1116.~vs47A4.sql","1.0","2022-06-20T13:05:53Z","fethy.faradji@infopro-digital.com"
"11/09/2026 14:38:15","Documents/Visual Studio 2017/Backup Files/Solution1/Recovered-juin-21-2022-1116.~vs8670.sql","1.0","2022-06-20T13:55:54Z","fethy.faradji@infopro-digital.com"
"11/09/2026 14:38:19","Documents/Visual Studio 2017/Backup Files/Solution1/Recovered-juin-21-2022-1116.~vs91D1.sql","1.0","2022-06-20T12:20:52Z","fethy.faradji@infopro-digital.com"
"11/09/2026 14:38:22","Documents/Visual Studio 2017/Backup Files/Solution1/Recovered-juin-21-2022-1116.~vsCECB.sql","1.0","2022-06-20T13:00:53Z","fethy.faradji@infopro-digital.com"
"11/09/2026 14:38:25","Documents/Visual Studio 2017/Backup Files/Solution1/Recovered-juin-29-2022-1205.~vs3E01.sql","1.0","2022-06-28T16:12:36Z","fethy.faradji@infopro-digital.com"
"11/09/2026 14:38:26","Documents/Visual Studio 2017/Backup Files/Solution1/Recovered-juin-29-2022-1205.~vs3E01.sql","2.0","2022-06-29T09:02:27Z","fethy.faradji@infopro-digital.com"
"11/09/2026 14:38:29","Documents/Visual Studio 2017/Backup Files/Solution1/Recovered-juin-29-2023-1112.~vs37C8.sql","1.0","2023-06-21T15:00:42Z","fethy.faradji@infopro-digital.com"
"11/09/2026 14:38:31","Documents/Visual Studio 2017/Backup Files/Solution1/Recovered-juin-29-2023-1112.~vs37C8.sql","2.0","2023-06-21T15:05:42Z","fethy.faradji@infopro-digital.com"
"11/09/2026 14:38:34","Documents/Visual Studio 2017/Backup Files/Solution1/Recovered-juin-29-2023-1112.~vs4D8C.sql","1.0","2023-06-16T13:29:16Z","fethy.faradji@infopro-digital.com"
"11/09/2026 14:38:38","Documents/Visual Studio 2017/Backup Files/Solution1/Recovered-juin-29-2023-1112.~vs5DCA.sql","1.0","2023-06-19T13:55:29Z","fethy.faradji@infopro-digital.com"
"11/09/2026 14:38:39","Documents/Visual Studio 2017/Backup Files/Solution1/Recovered-juin-29-2023-1112.~vs5DCA.sql","2.0","2023-06-19T14:00:29Z","fethy.faradji@infopro-digital.com"
"11/09/2026 14:38:40","Documents/Visual Studio 2017/Backup Files/Solution1/Recovered-juin-29-2023-1112.~vs5DCA.sql","3.0","2023-06-19T14:05:29Z","fethy.faradji@infopro-digital.com"
"11/09/2026 14:38:44","Documents/Visual Studio 2017/Backup Files/Solution1/Recovered-juin-29-2023-1112.~vs85F2.sql","1.0","2023-06-28T09:48:19Z","fethy.faradji@infopro-digital.com"
"11/09/2026 14:38:47","Documents/Visual Studio 2017/Backup Files/Solution1/Recovered-juin-29-2023-1112.~vs961F.sql","1.0","2023-06-22T09:52:13Z","fethy.faradji@infopro-digital.com"
"11/09/2026 14:38:50","Documents/Visual Studio 2017/Backup Files/Solution1/Recovered-juin-29-2023-1112.~vs9CBA.sql","1.0","2023-06-27T13:06:46Z","fethy.faradji@infopro-digital.com"
"11/09/2026 14:38:52","Documents/Visual Studio 2017/Backup Files/Solution1/Recovered-juin-29-2023-1112.~vs9CBA.sql","2.0","2023-06-27T13:11:46Z","fethy.faradji@infopro-digital.com"
"11/09/2026 14:38:55","Documents/Visual Studio 2017/Backup Files/Solution1/Recovered-juin-29-2023-1112.~vsE6D1.sql","1.0","2023-06-16T13:29:16Z","fethy.faradji@infopro-digital.com"
"11/09/2026 14:38:58","Documents/Visual Studio 2017/Backup Files/Solution1/Recovered-juin-29-2023-1112.~vsE826.sql","1.0","2023-06-15T12:14:53Z","fethy.faradji@infopro-digital.com"
"11/09/2026 14:38:59","Documents/Visual Studio 2017/Backup Files/Solution1/Recovered-juin-29-2023-1112.~vsE826.sql","2.0","2023-06-15T13:40:02Z","fethy.faradji@infopro-digital.com"
"11/09/2026 14:39:03","Documents/Visual Studio 2017/Backup Files/Solution1/Recovered-juin-29-2023-1112.~vsFE72.sql","1.0","2023-06-27T09:31:44Z","fethy.faradji@infopro-digital.com"
"11/09/2026 14:39:05","Documents/Visual Studio 2017/Backup Files/Solution1/Recovered-juin-29-2023-1112.~vsFE72.sql","2.0","2023-06-27T09:36:44Z","fethy.faradji@infopro-digital.com"
"11/09/2026 14:39:06","Documents/Visual Studio 2017/Backup Files/Solution1/Recovered-juin-29-2023-1112.~vsFE72.sql","3.0","2023-06-27T09:41:44Z","fethy.faradji@infopro-digital.com"
"11/09/2026 14:39:07","Documents/Visual Studio 2017/Backup Files/Solution1/Recovered-juin-29-2023-1112.~vsFE72.sql","4.0","2023-06-27T09:46:44Z","fethy.faradji@infopro-digital.com"
"11/09/2026 14:39:08","Documents/Visual Studio 2017/Backup Files/Solution1/Recovered-juin-29-2023-1112.~vsFE72.sql","5.0","2023-06-27T09:51:44Z","fethy.faradji@infopro-digital.com"
"11/09/2026 14:39:09","Documents/Visual Studio 2017/Backup Files/Solution1/Recovered-juin-29-2023-1112.~vsFE72.sql","6.0","2023-06-27T09:56:44Z","fethy.faradji@infopro-digital.com"
"11/09/2026 14:39:12","Documents/Visual Studio 2017/Backup Files/Solution1/Recovered-juin-30-2021-0452.~vs47A3.sql","1.0","2021-06-23T11:06:37Z","fethy.faradji@infopro-digital.com"
"11/09/2026 14:39:16","Documents/Visual Studio 2017/Backup Files/Solution1/Recovered-juin-30-2021-0452.~vs802F.sql","1.0","2021-06-23T11:21:37Z","fethy.faradji@infopro-digital.com"
"11/09/2026 14:39:20","Documents/Visual Studio 2017/Backup Files/Solution1/Recovered-juin-30-2021-0452.~vs80AD.sql","1.0","2021-06-23T11:06:37Z","fethy.faradji@infopro-digital.com"
"11/09/2026 14:39:23","Documents/Visual Studio 2017/Backup Files/Solution1/Recovered-juin-30-2021-0452.~vs99E5.sql","1.0","2021-06-23T11:01:39Z","fethy.faradji@infopro-digital.com"
"11/09/2026 14:39:27","Documents/Visual Studio 2017/Backup Files/Solution1/Recovered-juin-30-2021-0452.~vsBED9.sql","1.0","2021-06-23T11:31:37Z","fethy.faradji@infopro-digital.com"
"11/09/2026 14:39:30","Documents/Visual Studio 2017/Backup Files/Solution1/Recovered-mai-06-2024-1216.~vs4765.sql","1.0","2024-05-02T12:08:29Z","fethy.faradji@infopro-digital.com"
"11/09/2026 14:39:34","Documents/Visual Studio 2017/Backup Files/Solution1/Recovered-mai-06-2024-1216.~vsAAF4.sql","1.0","2024-05-02T12:18:29Z","fethy.faradji@infopro-digital.com"
"11/09/2026 14:39:36","Documents/Visual Studio 2017/Backup Files/Solution1/Recovered-mai-06-2024-1216.~vsAAF4.sql","2.0","2024-05-02T12:23:29Z","fethy.faradji@infopro-digital.com"
"11/09/2026 14:39:36","Documents/Visual Studio 2017/Backup Files/Solution1/Recovered-mai-06-2024-1216.~vsAAF4.sql","3.0","2024-05-02T12:53:29Z","fethy.faradji@infopro-digital.com"
"11/09/2026 14:39:40","Documents/Visual Studio 2017/Backup Files/Solution1/Recovered-mai-06-2024-1216.~vsC591.sql","1.0","2024-04-26T13:45:33Z","fethy.faradji@infopro-digital.com"
"11/09/2026 14:39:44","Documents/Visual Studio 2017/Backup Files/Solution1/Recovered-mai-06-2024-1216.~vsE9F4.sql","1.0","2024-05-02T12:18:29Z","fethy.faradji@infopro-digital.com"
"11/09/2026 14:39:45","Documents/Visual Studio 2017/Backup Files/Solution1/Recovered-mai-06-2024-1216.~vsE9F4.sql","2.0","2024-05-02T12:23:29Z","fethy.faradji@infopro-digital.com"
"11/09/2026 14:39:46","Documents/Visual Studio 2017/Backup Files/Solution1/Recovered-mai-06-2024-1216.~vsE9F4.sql","3.0","2024-05-02T12:48:29Z","fethy.faradji@infopro-digital.com"
"11/09/2026 14:39:47","Documents/Visual Studio 2017/Backup Files/Solution1/Recovered-mai-06-2024-1216.~vsE9F4.sql","4.0","2024-05-02T12:53:29Z","fethy.faradji@infopro-digital.com"
"11/09/2026 14:39:51","Documents/Visual Studio 2017/Backup Files/Solution1/Recovered-mai-10-2022-0224.~vs729C.sql","1.0","2022-05-03T12:13:26Z","fethy.faradji@infopro-digital.com"
"11/09/2026 14:39:54","Documents/Visual Studio 2017/Backup Files/Solution1/Recovered-mai-10-2022-0224.~vs7A60.sql","1.0","2022-05-05T08:11:36Z","fethy.faradji@infopro-digital.com"
"11/09/2026 14:39:58","Documents/Visual Studio 2017/Backup Files/Solution1/Recovered-mai-10-2022-0224.~vs92A.sql","1.0","2022-05-06T09:23:11Z","fethy.faradji@infopro-digital.com"
"11/09/2026 14:39:59","Documents/Visual Studio 2017/Backup Files/Solution1/Recovered-mai-10-2022-0224.~vs92A.sql","2.0","2022-05-06T09:28:11Z","fethy.faradji@infopro-digital.com"
"11/09/2026 14:40:03","Documents/Visual Studio 2017/Backup Files/Solution1/Recovered-mai-10-2022-0224.~vsA22C.sql","1.0","2022-05-06T09:18:11Z","fethy.faradji@infopro-digital.com"
"11/09/2026 14:40:04","Documents/Visual Studio 2017/Backup Files/Solution1/Recovered-mai-10-2022-0224.~vsA22C.sql","2.0","2022-05-06T09:23:11Z","fethy.faradji@infopro-digital.com"
"11/09/2026 14:40:05","Documents/Visual Studio 2017/Backup Files/Solution1/Recovered-mai-10-2022-0224.~vsA22C.sql","3.0","2022-05-06T09:33:11Z","fethy.faradji@infopro-digital.com"
"11/09/2026 14:40:09","Documents/Visual Studio 2017/Backup Files/Solution1/Recovered-mai-10-2022-0224.~vsEB51.sql","1.0","2022-05-05T08:11:36Z","fethy.faradji@infopro-digital.com"
"11/09/2026 14:40:13","Documents/Visual Studio 2017/Backup Files/Solution1/Recovered-mai-10-2022-0226.~vs3C21.sql","1.0","2022-05-03T12:40:03Z","fethy.faradji@infopro-digital.com"
"11/09/2026 14:40:17","Documents/Visual Studio 2017/Backup Files/Solution1/Recovered-mai-10-2022-0226.~vs69D5.sql","1.0","2022-05-06T14:13:13Z","fethy.faradji@infopro-digital.com"
"11/09/2026 14:40:21","Documents/Visual Studio 2017/Backup Files/Solution1/Recovered-mai-10-2022-0226.~vs6DCB.sql","1.0","2022-05-03T13:35:03Z","fethy.faradji@infopro-digital.com"
"11/09/2026 14:40:27","Documents/Visual Studio 2017/Backup Files/Solution1/Recovered-mai-10-2022-0226.~vs731F.sql","1.0","2022-05-03T12:25:03Z","fethy.faradji@infopro-digital.com"
"11/09/2026 14:40:31","Documents/Visual Studio 2017/Backup Files/Solution1/Recovered-mai-10-2022-0226.~vs9738.sql","1.0","2022-05-03T14:50:04Z","fethy.faradji@infopro-digital.com"
"11/09/2026 14:40:35","Documents/Visual Studio 2017/Backup Files/Solution1/Recovered-mai-10-2022-0226.~vs9B50.sql","1.0","2022-05-03T12:50:03Z","fethy.faradji@infopro-digital.com"
"11/09/2026 14:40:38","Documents/Visual Studio 2017/Backup Files/Solution1/Recovered-mai-10-2022-0226.~vsABFF.sql","1.0","2022-05-09T13:13:11Z","fethy.faradji@infopro-digital.com"
"11/09/2026 14:40:42","Documents/Visual Studio 2017/Backup Files/Solution1/Recovered-mai-10-2022-0226.~vsB5FF.sql","1.0","2022-05-03T15:05:04Z","fethy.faradji@infopro-digital.com"
"11/09/2026 14:40:46","Documents/Visual Studio 2017/Backup Files/Solution1/Recovered-mai-10-2022-0226.~vsBD7E.sql","1.0","2022-05-06T14:13:13Z","fethy.faradji@infopro-digital.com"
"11/09/2026 14:40:49","Documents/Visual Studio 2017/Backup Files/Solution1/Recovered-mai-10-2022-0226.~vsDCA3.sql","1.0","2022-05-03T13:35:03Z","fethy.faradji@infopro-digital.com"
"11/09/2026 14:40:53","Documents/Visual Studio 2017/Backup Files/Solution1/Recovered-mai-10-2022-0226.~vsE359.sql","1.0","2022-05-06T14:13:13Z","fethy.faradji@infopro-digital.com"
"11/09/2026 14:40:57","Documents/Visual Studio 2017/Backup Files/Solution1/Recovered-mai-10-2022-0226.~vsE94.sql","1.0","2022-05-03T15:15:04Z","fethy.faradji@infopro-digital.com"
"11/09/2026 14:41:01","Documents/Visual Studio 2017/Backup Files/Solution1/Recovered-mai-12-2022-0525.~vs9981.sql","1.0","2022-05-12T09:52:01Z","fethy.faradji@infopro-digital.com"
"11/09/2026 14:41:02","Documents/Visual Studio 2017/Backup Files/Solution1/Recovered-mai-12-2022-0525.~vs9981.sql","2.0","2022-05-12T10:17:01Z","fethy.faradji@infopro-digital.com"
"11/09/2026 14:41:05","Documents/Visual Studio 2017/Backup Files/Solution1/Recovered-mai-13-2024-0358.~vsA6D2.sql","1.0","2024-05-13T09:54:39Z","fethy.faradji@infopro-digital.com"
"11/09/2026 14:41:07","Documents/Visual Studio 2017/Backup Files/Solution1/Recovered-mai-13-2024-0358.~vsA6D2.sql","2.0","2024-05-13T09:59:39Z","fethy.faradji@infopro-digital.com"
"11/09/2026 14:41:10","Documents/Visual Studio 2017/Backup Files/Solution1/Recovered-mai-13-2024-0358.~vsE225.sql","1.0","2024-05-13T09:59:39Z","fethy.faradji@infopro-digital.com"
"11/09/2026 14:41:15","Documents/Visual Studio 2017/Backup Files/Solution1/Recovered-mai-13-2024-1149.~vs58BD.sql","1.0","2024-05-06T12:23:04Z","fethy.faradji@infopro-digital.com"
"11/09/2026 14:41:16","Documents/Visual Studio 2017/Backup Files/Solution1/Recovered-mai-13-2024-1149.~vs58BD.sql","2.0","2024-05-06T12:33:04Z","fethy.faradji@infopro-digital.com"
"11/09/2026 14:41:17","Documents/Visual Studio 2017/Backup Files/Solution1/Recovered-mai-13-2024-1149.~vs58BD.sql","3.0","2024-05-06T12:38:04Z","fethy.faradji@infopro-digital.com"
"11/09/2026 14:41:18","Documents/Visual Studio 2017/Backup Files/Solution1/Recovered-mai-13-2024-1149.~vs58BD.sql","4.0","2024-05-06T12:48:04Z","fethy.faradji@infopro-digital.com"
"11/09/2026 14:41:22","Documents/Visual Studio 2017/Backup Files/Solution1/Recovered-mai-15-2024-0205.~vsDCD1.sql","1.0","2024-05-14T10:30:01Z","fethy.faradji@infopro-digital.com"
"11/09/2026 14:41:23","Documents/Visual Studio 2017/Backup Files/Solution1/Recovered-mai-15-2024-0205.~vsDCD1.sql","2.0","2024-05-14T10:35:01Z","fethy.faradji@infopro-digital.com"
"11/09/2026 14:41:24","Documents/Visual Studio 2017/Backup Files/Solution1/Recovered-mai-15-2024-0205.~vsDCD1.sql","3.0","2024-05-14T12:20:01Z","fethy.faradji@infopro-digital.com"
"11/09/2026 14:41:27","Documents/Visual Studio 2017/Backup Files/Solution1/Recovered-mai-16-2022-0400.~vsE69E.sql","1.0","2022-05-13T12:37:18Z","fethy.faradji@infopro-digital.com"
"11/09/2026 14:41:31","Documents/Visual Studio 2017/Backup Files/Solution1/Recovered-mai-17-2022-1035.~vs3381.sql","1.0","2022-05-13T07:24:12Z","fethy.faradji@infopro-digital.com"
"11/09/2026 14:41:35","Documents/Visual Studio 2017/Backup Files/Solution1/Recovered-mai-17-2022-1035.~vs643E.sql","1.0","2022-05-13T09:54:14Z","fethy.faradji@infopro-digital.com"
"11/09/2026 14:41:39","Documents/Visual Studio 2017/Backup Files/Solution1/Recovered-mai-17-2022-1035.~vs7174.sql","1.0","2022-05-13T08:44:14Z","fethy.faradji@infopro-digital.com"
"11/09/2026 14:41:40","Documents/Visual Studio 2017/Backup Files/Solution1/Recovered-mai-17-2022-1035.~vs7174.sql","2.0","2022-05-13T08:49:14Z","fethy.faradji@infopro-digital.com"
"11/09/2026 14:41:43","Documents/Visual Studio 2017/Backup Files/Solution1/Recovered-mai-17-2022-1035.~vs733C.sql","1.0","2022-05-13T12:29:15Z","fethy.faradji@infopro-digital.com"
"11/09/2026 14:41:47","Documents/Visual Studio 2017/Backup Files/Solution1/Recovered-mai-17-2022-1035.~vs879C.sql","1.0","2022-05-13T09:54:14Z","fethy.faradji@infopro-digital.com"
"11/09/2026 14:41:49","Documents/Visual Studio 2017/Backup Files/Solution1/Recovered-mai-17-2022-1035.~vs879C.sql","2.0","2022-05-13T12:29:15Z","fethy.faradji@infopro-digital.com"
"11/09/2026 14:41:50","Documents/Visual Studio 2017/Backup Files/Solution1/Recovered-mai-17-2022-1035.~vs879C.sql","3.0","2022-05-13T12:44:15Z","fethy.faradji@infopro-digital.com"
"11/09/2026 14:41:53","Documents/Visual Studio 2017/Backup Files/Solution1/Recovered-mai-17-2022-1035.~vsC63F.sql","1.0","2022-05-12T15:30:35Z","fethy.faradji@infopro-digital.com"
"11/09/2026 14:41:57","Documents/Visual Studio 2017/Backup Files/Solution1/Recovered-mai-17-2022-1035.~vsE9F0.sql","1.0","2022-05-16T13:31:11Z","fethy.faradji@infopro-digital.com"
"11/09/2026 14:41:59","Documents/Visual Studio 2017/Backup Files/Solution1/Recovered-mai-17-2022-1035.~vsE9F0.sql","2.0","2022-05-16T13:41:12Z","fethy.faradji@infopro-digital.com"
"11/09/2026 14:42:03","Documents/Visual Studio 2017/Backup Files/Solution1/Recovered-mai-17-2022-1035.~vsFE9.sql","1.0","2022-05-13T12:59:15Z","fethy.faradji@infopro-digital.com"
"11/09/2026 14:42:04","Documents/Visual Studio 2017/Backup Files/Solution1/Recovered-mai-17-2022-1035.~vsFE9.sql","2.0","2022-05-13T13:19:15Z","fethy.faradji@infopro-digital.com"
"11/09/2026 14:42:05","Documents/Visual Studio 2017/Backup Files/Solution1/Recovered-mai-17-2022-1035.~vsFE9.sql","3.0","2022-05-16T08:50:50Z","fethy.faradji@infopro-digital.com"
"11/09/2026 14:42:06","Documents/Visual Studio 2017/Backup Files/Solution1/Recovered-mai-17-2022-1035.~vsFE9.sql","4.0","2022-05-16T08:55:50Z","fethy.faradji@infopro-digital.com"
"11/09/2026 14:42:07","Documents/Visual Studio 2017/Backup Files/Solution1/Recovered-mai-17-2022-1035.~vsFE9.sql","5.0","2022-05-16T12:16:11Z","fethy.faradji@infopro-digital.com"
"11/09/2026 14:42:08","Documents/Visual Studio 2017/Backup Files/Solution1/Recovered-mai-17-2022-1035.~vsFE9.sql","6.0","2022-05-16T12:51:11Z","fethy.faradji@infopro-digital.com"
"11/09/2026 14:42:10","Documents/Visual Studio 2017/Backup Files/Solution1/Recovered-mai-17-2022-1035.~vsFE9.sql","7.0","2022-05-16T13:16:11Z","fethy.faradji@infopro-digital.com"
"11/09/2026 14:42:11","Documents/Visual Studio 2017/Backup Files/Solution1/Recovered-mai-17-2022-1035.~vsFE9.sql","8.0","2022-05-16T13:21:11Z","fethy.faradji@infopro-digital.com"
"11/09/2026 14:42:14","Documents/Visual Studio 2017/Backup Files/Solution1/Recovered-mai-17-2022-1035.~vsFE9.sql","9.0","2022-05-16T13:26:11Z","fethy.faradji@infopro-digital.com"
"11/09/2026 14:42:17","Documents/Visual Studio 2017/Backup Files/Solution1/Recovered-mai-17-2022-1044.~vs48DC.sql","1.0","2022-05-16T15:40:24Z","fethy.faradji@infopro-digital.com"
"11/09/2026 14:42:18","Documents/Visual Studio 2017/Backup Files/Solution1/Recovered-mai-17-2022-1044.~vs48DC.sql","2.0","2022-05-16T15:50:24Z","fethy.faradji@infopro-digital.com"
"11/09/2026 14:42:22","Documents/Visual Studio 2017/Backup Files/Solution1/Recovered-mai-17-2023-0246.~vs261F.sql","1.0","2023-05-10T13:21:55Z","fethy.faradji@infopro-digital.com"
"11/09/2026 14:42:26","Documents/Visual Studio 2017/Backup Files/Solution1/Recovered-mai-17-2023-0246.~vsD35F.sql","1.0","2023-05-09T14:36:53Z","fethy.faradji@infopro-digital.com"
"11/09/2026 14:42:29","Documents/Visual Studio 2017/Backup Files/Solution1/Recovered-mai-22-2024-1010.~vs2A73.sql","1.0","2024-05-17T09:33:16Z","fethy.faradji@infopro-digital.com"
"11/09/2026 14:42:33","Documents/Visual Studio 2017/Backup Files/Solution1/Recovered-mai-22-2024-1010.~vsB2F8.sql","1.0","2024-05-17T09:13:16Z","fethy.faradji@infopro-digital.com"
"11/09/2026 14:42:37","Documents/Visual Studio 2017/Backup Files/Solution1/Recovered-mai-22-2024-1010.~vsC3EB.sql","1.0","2024-05-17T09:38:16Z","fethy.faradji@infopro-digital.com"
"11/09/2026 14:42:41","Documents/Visual Studio 2017/Backup Files/Solution1/Recovered-mai-24-2023-1101.~vsFCA5.sql","1.0","2023-05-17T12:51:42Z","fethy.faradji@infopro-digital.com"
"11/09/2026 14:42:42","Documents/Visual Studio 2017/Backup Files/Solution1/Recovered-mai-24-2023-1101.~vsFCA5.sql","2.0","2023-05-19T08:15:56Z","fethy.faradji@infopro-digital.com"
"11/09/2026 14:42:46","Documents/Visual Studio 2017/Backup Files/Solution1/Recovered-mai-27-2024-1128.~vs2C64.sql","1.0","2024-05-22T08:15:39Z","fethy.faradji@infopro-digital.com"
"11/09/2026 14:42:49","Documents/Visual Studio 2017/Backup Files/Solution1/Recovered-mai-30-2023-1052.~vs43CF.sql","1.0","2023-05-26T07:44:56Z","fethy.faradji@infopro-digital.com"
"11/09/2026 14:42:53","Documents/Visual Studio 2017/Backup Files/Solution1/Recovered-mai-30-2023-1052.~vs828F.sql","1.0","2023-05-25T09:54:09Z","fethy.faradji@infopro-digital.com"
"11/09/2026 14:42:59","Documents/Visual Studio 2017/Backup Files/Solution1/Recovered-mai-30-2023-1052.~vs9878.sql","1.0","2023-05-24T09:06:31Z","fethy.faradji@infopro-digital.com"
"11/09/2026 14:43:04","Documents/Visual Studio 2017/Backup Files/Solution1/Recovered-mai-31-2024-0900.~vs1BA1.sql","1.0","2024-05-28T14:02:13Z","fethy.faradji@infopro-digital.com"
"11/09/2026 14:43:06","Documents/Visual Studio 2017/Backup Files/Solution1/Recovered-mai-31-2024-0900.~vs1BA1.sql","2.0","2024-05-29T08:07:03Z","fethy.faradji@infopro-digital.com"
"11/09/2026 14:43:09","Documents/Visual Studio 2017/Backup Files/Solution1/Recovered-mai-31-2024-0900.~vs9FFD.sql","1.0","2024-05-27T09:33:24Z","fethy.faradji@infopro-digital.com"
"11/09/2026 14:43:13","Documents/Visual Studio 2017/Backup Files/Solution1/Recovered-mai-31-2024-0900.~vsBCF5.sql","1.0","2024-05-28T14:02:13Z","fethy.faradji@infopro-digital.com"
"11/09/2026 14:43:16","Documents/Visual Studio 2017/Backup Files/Solution1/Recovered-mars-03-2022-1158.~vs22A6.sql","1.0","2022-03-01T14:38:24Z","fethy.faradji@infopro-digital.com"
"11/09/2026 14:43:18","Documents/Visual Studio 2017/Backup Files/Solution1/Recovered-mars-03-2022-1158.~vs22A6.sql","2.0","2022-03-01T14:43:24Z","fethy.faradji@infopro-digital.com"
"11/09/2026 14:43:19","Documents/Visual Studio 2017/Backup Files/Solution1/Recovered-mars-03-2022-1158.~vs22A6.sql","3.0","2022-03-01T14:48:24Z","fethy.faradji@infopro-digital.com"
"11/09/2026 14:43:23","Documents/Visual Studio 2017/Backup Files/Solution1/Recovered-mars-05-2024-0206.~vs304B.sql","1.0","2024-03-01T15:09:18Z","fethy.faradji@infopro-digital.com"
"11/09/2026 14:43:27","Documents/Visual Studio 2017/Backup Files/Solution1/Recovered-mars-05-2024-0206.~vs3D78.sql","1.0","2024-03-01T09:59:15Z","fethy.faradji@infopro-digital.com"
"11/09/2026 14:43:29","Documents/Visual Studio 2017/Backup Files/Solution1/Recovered-mars-05-2024-0206.~vs3D78.sql","2.0","2024-03-01T10:04:15Z","fethy.faradji@infopro-digital.com"
"11/09/2026 14:43:30","Documents/Visual Studio 2017/Backup Files/Solution1/Recovered-mars-05-2024-0206.~vs3D78.sql","3.0","2024-03-01T10:14:15Z","fethy.faradji@infopro-digital.com"
"11/09/2026 14:43:33","Documents/Visual Studio 2017/Backup Files/Solution1/Recovered-mars-05-2024-0206.~vs3FE1.sql","1.0","2024-03-01T15:14:18Z","fethy.faradji@infopro-digital.com"
"11/09/2026 14:43:34","Documents/Visual Studio 2017/Backup Files/Solution1/Recovered-mars-05-2024-0206.~vs3FE1.sql","2.0","2024-03-01T15:19:18Z","fethy.faradji@infopro-digital.com"
"11/09/2026 14:43:38","Documents/Visual Studio 2017/Backup Files/Solution1/Recovered-mars-05-2024-0206.~vsE754.sql","1.0","2024-03-01T15:14:18Z","fethy.faradji@infopro-digital.com"
"11/09/2026 14:43:42","Documents/Visual Studio 2017/Backup Files/Solution1/Recovered-mars-05-2025-1130.~vs467F.sql","1.0","2025-02-28T15:00:01Z","fethy.faradji@infopro-digital.com"
"11/09/2026 14:43:44","Documents/Visual Studio 2017/Backup Files/Solution1/Recovered-mars-05-2025-1130.~vs467F.sql","2.0","2025-02-28T15:05:01Z","fethy.faradji@infopro-digital.com"
"11/09/2026 14:43:47","Documents/Visual Studio 2017/Backup Files/Solution1/Recovered-mars-05-2025-1130.~vs610A.sql","1.0","2025-02-28T13:45:02Z","fethy.faradji@infopro-digital.com"
"11/09/2026 14:43:51","Documents/Visual Studio 2017/Backup Files/Solution1/Recovered-mars-05-2025-1130.~vs6DB7.sql","1.0","2025-02-27T16:02:56Z","fethy.faradji@infopro-digital.com"
"11/09/2026 14:43:52","Documents/Visual Studio 2017/Backup Files/Solution1/Recovered-mars-05-2025-1130.~vs6DB7.sql","2.0","2025-02-28T10:45:02Z","fethy.faradji@infopro-digital.com"
"11/09/2026 14:43:53","Documents/Visual Studio 2017/Backup Files/Solution1/Recovered-mars-05-2025-1130.~vs6DB7.sql","3.0","2025-02-28T10:50:02Z","fethy.faradji@infopro-digital.com"
"11/09/2026 14:43:54","Documents/Visual Studio 2017/Backup Files/Solution1/Recovered-mars-05-2025-1130.~vs6DB7.sql","4.0","2025-02-28T12:45:02Z","fethy.faradji@infopro-digital.com"
"11/09/2026 14:43:55","Documents/Visual Studio 2017/Backup Files/Solution1/Recovered-mars-05-2025-1130.~vs6DB7.sql","5.0","2025-02-28T12:55:02Z","fethy.faradji@infopro-digital.com"
"11/09/2026 14:43:56","Documents/Visual Studio 2017/Backup Files/Solution1/Recovered-mars-05-2025-1130.~vs6DB7.sql","6.0","2025-02-28T13:05:02Z","fethy.faradji@infopro-digital.com"
"11/09/2026 14:43:57","Documents/Visual Studio 2017/Backup Files/Solution1/Recovered-mars-05-2025-1130.~vs6DB7.sql","7.0","2025-02-28T13:10:02Z","fethy.faradji@infopro-digital.com"
"11/09/2026 14:43:58","Documents/Visual Studio 2017/Backup Files/Solution1/Recovered-mars-05-2025-1130.~vs6DB7.sql","8.0","2025-02-28T13:35:02Z","fethy.faradji@infopro-digital.com"
"11/09/2026 14:43:59","Documents/Visual Studio 2017/Backup Files/Solution1/Recovered-mars-05-2025-1130.~vs6DB7.sql","9.0","2025-02-28T13:40:02Z","fethy.faradji@infopro-digital.com"
"11/09/2026 14:44:00","Documents/Visual Studio 2017/Backup Files/Solution1/Recovered-mars-05-2025-1130.~vs6DB7.sql","10.0","2025-02-28T14:25:02Z","fethy.faradji@infopro-digital.com"
"11/09/2026 14:44:03","Documents/Visual Studio 2017/Backup Files/Solution1/Recovered-mars-05-2025-1130.~vsFBED.sql","1.0","2025-02-27T15:47:56Z","fethy.faradji@infopro-digital.com"
"11/09/2026 14:44:07","Documents/Visual Studio 2017/Backup Files/Solution1/Recovered-mars-07-2024-0922.~vs2BA0.sql","1.0","2024-03-06T10:43:30Z","fethy.faradji@infopro-digital.com"
"11/09/2026 14:44:11","Documents/Visual Studio 2017/Backup Files/Solution1/Recovered-mars-07-2024-0922.~vs31D8.sql","1.0","2024-03-06T10:43:30Z","fethy.faradji@infopro-digital.com"
"11/09/2026 14:44:13","Documents/Visual Studio 2017/Backup Files/Solution1/Recovered-mars-07-2024-0922.~vs31D8.sql","2.0","2024-03-06T10:48:29Z","fethy.faradji@infopro-digital.com"
"11/09/2026 14:44:16","Documents/Visual Studio 2017/Backup Files/Solution1/Recovered-mars-07-2024-0922.~vs9572.sql","1.0","2024-03-06T10:58:30Z","fethy.faradji@infopro-digital.com"
"11/09/2026 14:44:20","Documents/Visual Studio 2017/Backup Files/Solution1/Recovered-mars-07-2024-0922.~vsBF57.sql","1.0","2024-03-06T08:28:29Z","fethy.faradji@infopro-digital.com"
"11/09/2026 14:44:21","Documents/Visual Studio 2017/Backup Files/Solution1/Recovered-mars-07-2024-0922.~vsBF57.sql","2.0","2024-03-06T08:33:29Z","fethy.faradji@infopro-digital.com"
"11/09/2026 14:44:22","Documents/Visual Studio 2017/Backup Files/Solution1/Recovered-mars-07-2024-0922.~vsBF57.sql","3.0","2024-03-06T08:58:29Z","fethy.faradji@infopro-digital.com"
"11/09/2026 14:44:23","Documents/Visual Studio 2017/Backup Files/Solution1/Recovered-mars-07-2024-0922.~vsBF57.sql","4.0","2024-03-06T10:38:29Z","fethy.faradji@infopro-digital.com"
"11/09/2026 14:44:27","Documents/Visual Studio 2017/Backup Files/Solution1/Recovered-mars-07-2024-0922.~vsDF84.sql","1.0","2024-03-06T10:58:30Z","fethy.faradji@infopro-digital.com"
"11/09/2026 14:44:31","Documents/Visual Studio 2017/Backup Files/Solution1/Recovered-mars-08-2023-0242.~vs1118.sql","1.0","2023-02-22T13:55:41Z","fethy.faradji@infopro-digital.com"
"11/09/2026 14:44:33","Documents/Visual Studio 2017/Backup Files/Solution1/Recovered-mars-08-2023-0242.~vs1118.sql","2.0","2023-02-22T14:00:41Z","fethy.faradji@infopro-digital.com"
"11/09/2026 14:44:37","Documents/Visual Studio 2017/Backup Files/Solution1/Recovered-mars-08-2023-0242.~vs130.sql","1.0","2023-02-23T13:20:17Z","fethy.faradji@infopro-digital.com"
"11/09/2026 14:44:41","Documents/Visual Studio 2017/Backup Files/Solution1/Recovered-mars-08-2023-0242.~vs218E.sql","1.0","2023-02-23T11:00:16Z","fethy.faradji@infopro-digital.com"
"11/09/2026 14:44:45","Documents/Visual Studio 2017/Backup Files/Solution1/Recovered-mars-08-2023-0242.~vs25D.sql","1.0","2023-02-23T14:00:17Z","fethy.faradji@infopro-digital.com"
"11/09/2026 14:44:49","Documents/Visual Studio 2017/Backup Files/Solution1/Recovered-mars-08-2023-0242.~vs3A6D.sql","1.0","2023-02-14T10:42:05Z","fethy.faradji@infopro-digital.com"
"11/09/2026 14:44:53","Documents/Visual Studio 2017/Backup Files/Solution1/Recovered-mars-08-2023-0242.~vs4734.sql","1.0","2023-02-23T11:15:16Z","fethy.faradji@infopro-digital.com"
"11/09/2026 14:44:57","Documents/Visual Studio 2017/Backup Files/Solution1/Recovered-mars-08-2023-0242.~vs483D.sql","1.0","2023-02-15T15:35:25Z","fethy.faradji@infopro-digital.com"
"11/09/2026 14:45:00","Documents/Visual Studio 2017/Backup Files/Solution1/Recovered-mars-08-2023-0242.~vs4D61.sql","1.0","2023-02-16T11:40:06Z","fethy.faradji@infopro-digital.com"
"11/09/2026 14:45:01","Documents/Visual Studio 2017/Backup Files/Solution1/Recovered-mars-08-2023-0242.~vs4D61.sql","2.0","2023-02-16T11:45:06Z","fethy.faradji@infopro-digital.com"
"11/09/2026 14:45:06","Documents/Visual Studio 2017/Backup Files/Solution1/Recovered-mars-08-2023-0242.~vs4F0E.sql","1.0","2023-02-22T13:55:41Z","fethy.faradji@infopro-digital.com"
"11/09/2026 14:45:07","Documents/Visual Studio 2017/Backup Files/Solution1/Recovered-mars-08-2023-0242.~vs4F0E.sql","2.0","2023-02-22T14:00:41Z","fethy.faradji@infopro-digital.com"
"11/09/2026 14:45:08","Documents/Visual Studio 2017/Backup Files/Solution1/Recovered-mars-08-2023-0242.~vs4F0E.sql","3.0","2023-02-22T14:05:41Z","fethy.faradji@infopro-digital.com"
"11/09/2026 14:45:11","Documents/Visual Studio 2017/Backup Files/Solution1/Recovered-mars-08-2023-0242.~vs5AED.sql","1.0","2023-02-17T08:55:30Z","fethy.faradji@infopro-digital.com"
"11/09/2026 14:45:14","Documents/Visual Studio 2017/Backup Files/Solution1/Recovered-mars-08-2023-0242.~vs7726.sql","1.0","2023-02-23T11:15:16Z","fethy.faradji@infopro-digital.com"
"11/09/2026 14:45:15","Documents/Visual Studio 2017/Backup Files/Solution1/Recovered-mars-08-2023-0242.~vs7726.sql","2.0","2023-02-23T13:05:17Z","fethy.faradji@infopro-digital.com"
"11/09/2026 14:45:16","Documents/Visual Studio 2017/Backup Files/Solution1/Recovered-mars-08-2023-0242.~vs7726.sql","3.0","2023-02-23T13:10:17Z","fethy.faradji@infopro-digital.com"
"11/09/2026 14:45:17","Documents/Visual Studio 2017/Backup Files/Solution1/Recovered-mars-08-2023-0242.~vs7726.sql","4.0","2023-02-23T13:15:17Z","fethy.faradji@infopro-digital.com"
"11/09/2026 14:45:18","Documents/Visual Studio 2017/Backup Files/Solution1/Recovered-mars-08-2023-0242.~vs7726.sql","5.0","2023-02-23T13:20:17Z","fethy.faradji@infopro-digital.com"
"11/09/2026 14:45:19","Documents/Visual Studio 2017/Backup Files/Solution1/Recovered-mars-08-2023-0242.~vs7726.sql","6.0","2023-02-23T13:25:17Z","fethy.faradji@infopro-digital.com"
"11/09/2026 14:45:20","Documents/Visual Studio 2017/Backup Files/Solution1/Recovered-mars-08-2023-0242.~vs7726.sql","7.0","2023-02-23T13:30:17Z","fethy.faradji@infopro-digital.com"
"11/09/2026 14:45:21","Documents/Visual Studio 2017/Backup Files/Solution1/Recovered-mars-08-2023-0242.~vs7726.sql","8.0","2023-02-23T13:35:17Z","fethy.faradji@infopro-digital.com"
"11/09/2026 14:45:24","Documents/Visual Studio 2017/Backup Files/Solution1/Recovered-mars-08-2023-0242.~vs9307.sql","1.0","2023-02-15T15:55:25Z","fethy.faradji@infopro-digital.com"
"11/09/2026 14:45:27","Documents/Visual Studio 2017/Backup Files/Solution1/Recovered-mars-08-2023-0242.~vs9DB4.sql","1.0","2023-02-22T13:35:41Z","fethy.faradji@infopro-digital.com"
"11/09/2026 14:45:29","Documents/Visual Studio 2017/Backup Files/Solution1/Recovered-mars-08-2023-0242.~vs9DB4.sql","2.0","2023-02-22T13:40:41Z","fethy.faradji@infopro-digital.com"
"11/09/2026 14:45:29","Documents/Visual Studio 2017/Backup Files/Solution1/Recovered-mars-08-2023-0242.~vs9DB4.sql","3.0","2023-02-22T13:45:41Z","fethy.faradji@infopro-digital.com"
"11/09/2026 14:45:33","Documents/Visual Studio 2017/Backup Files/Solution1/Recovered-mars-08-2023-0242.~vsB1EC.sql","1.0","2023-02-16T15:24:53Z","fethy.faradji@infopro-digital.com"
"11/09/2026 14:45:34","Documents/Visual Studio 2017/Backup Files/Solution1/Recovered-mars-08-2023-0242.~vsB1EC.sql","2.0","2023-02-16T15:29:53Z","fethy.faradji@infopro-digital.com"
"11/09/2026 14:45:35","Documents/Visual Studio 2017/Backup Files/Solution1/Recovered-mars-08-2023-0242.~vsB1EC.sql","3.0","2023-02-16T15:49:53Z","fethy.faradji@infopro-digital.com"
"11/09/2026 14:45:38","Documents/Visual Studio 2017/Backup Files/Solution1/Recovered-mars-08-2023-0242.~vsC929.sql","1.0","2023-02-23T10:45:16Z","fethy.faradji@infopro-digital.com"
"11/09/2026 14:45:39","Documents/Visual Studio 2017/Backup Files/Solution1/Recovered-mars-08-2023-0242.~vsC929.sql","2.0","2023-02-23T10:50:16Z","fethy.faradji@infopro-digital.com"
"11/09/2026 14:45:40","Documents/Visual Studio 2017/Backup Files/Solution1/Recovered-mars-08-2023-0242.~vsC929.sql","3.0","2023-02-23T10:55:16Z","fethy.faradji@infopro-digital.com"
"11/09/2026 14:45:41","Documents/Visual Studio 2017/Backup Files/Solution1/Recovered-mars-08-2023-0242.~vsC929.sql","4.0","2023-02-23T11:00:16Z","fethy.faradji@infopro-digital.com"
"11/09/2026 14:45:42","Documents/Visual Studio 2017/Backup Files/Solution1/Recovered-mars-08-2023-0242.~vsC929.sql","5.0","2023-02-23T11:05:16Z","fethy.faradji@infopro-digital.com"
"11/09/2026 14:45:45","Documents/Visual Studio 2017/Backup Files/Solution1/Recovered-mars-08-2023-0242.~vsD203.sql","1.0","2023-02-23T14:00:17Z","fethy.faradji@infopro-digital.com"
"11/09/2026 14:45:46","Documents/Visual Studio 2017/Backup Files/Solution1/Recovered-mars-08-2023-0242.~vsD203.sql","2.0","2023-02-23T14:05:17Z","fethy.faradji@infopro-digital.com"
"11/09/2026 14:45:49","Documents/Visual Studio 2017/Backup Files/Solution1/Recovered-mars-08-2023-0242.~vsF8F6.sql","1.0","2023-02-14T13:12:07Z","fethy.faradji@infopro-digital.com"
"11/09/2026 14:45:51","Documents/Visual Studio 2017/Backup Files/Solution1/Recovered-mars-08-2023-0242.~vsF8F6.sql","2.0","2023-02-15T10:00:25Z","fethy.faradji@infopro-digital.com"
"11/09/2026 14:45:54","Documents/Visual Studio 2017/Backup Files/Solution1/Recovered-mars-08-2023-0242.req1.sql","1.0","2023-02-14T10:42:05Z","fethy.faradji@infopro-digital.com"
"11/09/2026 14:45:58","Documents/Visual Studio 2017/Backup Files/Solution1/Recovered-mars-10-2023-0948.~vs6743.sql","1.0","2023-03-08T14:41:23Z","fethy.faradji@infopro-digital.com"
"11/09/2026 14:45:59","Documents/Visual Studio 2017/Backup Files/Solution1/Recovered-mars-10-2023-0948.~vs6743.sql","2.0","2023-03-08T14:46:23Z","fethy.faradji@infopro-digital.com"
"11/09/2026 14:46:02","Documents/Visual Studio 2017/Backup Files/Solution1/Recovered-mars-10-2023-0948.~vs6992.sql","1.0","2023-03-09T14:51:34Z","fethy.faradji@infopro-digital.com"
"11/09/2026 14:46:03","Documents/Visual Studio 2017/Backup Files/Solution1/Recovered-mars-10-2023-0948.~vs6992.sql","2.0","2023-03-09T14:56:34Z","fethy.faradji@infopro-digital.com"
"11/09/2026 14:46:04","Documents/Visual Studio 2017/Backup Files/Solution1/Recovered-mars-10-2023-0948.~vs6992.sql","3.0","2023-03-09T15:01:34Z","fethy.faradji@infopro-digital.com"
"11/09/2026 14:46:07","Documents/Visual Studio 2017/Backup Files/Solution1/Recovered-mars-10-2023-0948.~vsAC55.sql","1.0","2023-03-09T13:51:34Z","fethy.faradji@infopro-digital.com"
"11/09/2026 14:46:10","Documents/Visual Studio 2017/Backup Files/Solution1/Recovered-mars-13-2025-1110.~vs1541.sql","1.0","2025-03-12T15:19:38Z","fethy.faradji@infopro-digital.com"
"11/09/2026 14:46:12","Documents/Visual Studio 2017/Backup Files/Solution1/Recovered-mars-13-2025-1110.~vs1541.sql","2.0","2025-03-12T15:24:39Z","fethy.faradji@infopro-digital.com"
"11/09/2026 14:46:15","Documents/Visual Studio 2017/Backup Files/Solution1/Recovered-mars-13-2025-1110.~vs5D99.sql","1.0","2025-03-12T14:54:38Z","fethy.faradji@infopro-digital.com"
"11/09/2026 14:46:19","Documents/Visual Studio 2017/Backup Files/Solution1/Recovered-mars-13-2025-1110.~vs6622.sql","1.0","2025-03-12T14:44:38Z","fethy.faradji@infopro-digital.com"
"11/09/2026 14:46:20","Documents/Visual Studio 2017/Backup Files/Solution1/Recovered-mars-13-2025-1110.~vs6622.sql","2.0","2025-03-12T14:54:38Z","fethy.faradji@infopro-digital.com"
"11/09/2026 14:46:24","Documents/Visual Studio 2017/Backup Files/Solution1/Recovered-mars-13-2025-1110.~vs883B.sql","1.0","2025-03-12T15:19:38Z","fethy.faradji@infopro-digital.com"
"11/09/2026 14:46:25","Documents/Visual Studio 2017/Backup Files/Solution1/Recovered-mars-13-2025-1110.~vs883B.sql","2.0","2025-03-12T15:24:38Z","fethy.faradji@infopro-digital.com"
"11/09/2026 14:46:29","Documents/Visual Studio 2017/Backup Files/Solution1/Recovered-mars-13-2025-1110.~vsDEF9.sql","1.0","2025-03-12T15:29:38Z","fethy.faradji@infopro-digital.com"
"11/09/2026 14:46:32","Documents/Visual Studio 2017/Backup Files/Solution1/Recovered-mars-13-2025-1110.~vsE642.sql","1.0","2025-03-12T14:49:38Z","fethy.faradji@infopro-digital.com"
"11/09/2026 14:46:33","Documents/Visual Studio 2017/Backup Files/Solution1/Recovered-mars-13-2025-1110.~vsE642.sql","2.0","2025-03-12T14:54:38Z","fethy.faradji@infopro-digital.com"
"11/09/2026 14:46:34","Documents/Visual Studio 2017/Backup Files/Solution1/Recovered-mars-13-2025-1110.~vsE642.sql","3.0","2025-03-12T15:14:38Z","fethy.faradji@infopro-digital.com"
"11/09/2026 14:46:38","Documents/Visual Studio 2017/Backup Files/Solution1/Recovered-mars-13-2025-1110.~vsEA23.sql","1.0","2025-03-12T13:29:39Z","fethy.faradji@infopro-digital.com"
"11/09/2026 14:46:39","Documents/Visual Studio 2017/Backup Files/Solution1/Recovered-mars-13-2025-1110.~vsEA23.sql","2.0","2025-03-12T13:34:39Z","fethy.faradji@infopro-digital.com"
"11/09/2026 14:46:40","Documents/Visual Studio 2017/Backup Files/Solution1/Recovered-mars-13-2025-1110.~vsEA23.sql","3.0","2025-03-12T13:39:39Z","fethy.faradji@infopro-digital.com"
"11/09/2026 14:46:41","Documents/Visual Studio 2017/Backup Files/Solution1/Recovered-mars-13-2025-1110.~vsEA23.sql","4.0","2025-03-12T14:19:38Z","fethy.faradji@infopro-digital.com"
"11/09/2026 14:46:42","Documents/Visual Studio 2017/Backup Files/Solution1/Recovered-mars-13-2025-1110.~vsEA23.sql","5.0","2025-03-12T14:24:38Z","fethy.faradji@infopro-digital.com"
"11/09/2026 14:46:45","Documents/Visual Studio 2017/Backup Files/Solution1/Recovered-mars-15-2023-0936.~vs5B1.sql","1.0","2023-03-10T13:11:45Z","fethy.faradji@infopro-digital.com"
"11/09/2026 14:46:46","Documents/Visual Studio 2017/Backup Files/Solution1/Recovered-mars-15-2023-0936.~vs5B1.sql","2.0","2023-03-10T13:21:45Z","fethy.faradji@infopro-digital.com"
"11/09/2026 14:46:47","Documents/Visual Studio 2017/Backup Files/Solution1/Recovered-mars-15-2023-0936.~vs5B1.sql","3.0","2023-03-10T13:51:45Z","fethy.faradji@infopro-digital.com"
"11/09/2026 14:46:50","Documents/Visual Studio 2017/Backup Files/Solution1/Recovered-mars-15-2023-0936.~vsCF28.sql","1.0","2023-03-10T09:05:30Z","fethy.faradji@infopro-digital.com"
"11/09/2026 14:46:51","Documents/Visual Studio 2017/Backup Files/Solution1/Recovered-mars-15-2023-0936.~vsCF28.sql","2.0","2023-03-10T09:10:30Z","fethy.faradji@infopro-digital.com"
"11/09/2026 14:46:55","Documents/Visual Studio 2017/Backup Files/Solution1/Recovered-mars-18-2022-0950.~vs314A.sql","1.0","2022-03-11T14:43:06Z","fethy.faradji@infopro-digital.com"
"11/09/2026 14:46:56","Documents/Visual Studio 2017/Backup Files/Solution1/Recovered-mars-18-2022-0950.~vs314A.sql","2.0","2022-03-11T14:48:06Z","fethy.faradji@infopro-digital.com"
"11/09/2026 14:46:57","Documents/Visual Studio 2017/Backup Files/Solution1/Recovered-mars-18-2022-0950.~vs314A.sql","3.0","2022-03-11T14:58:06Z","fethy.faradji@infopro-digital.com"
"11/09/2026 14:46:58","Documents/Visual Studio 2017/Backup Files/Solution1/Recovered-mars-18-2022-0950.~vs314A.sql","4.0","2022-03-11T15:08:06Z","fethy.faradji@infopro-digital.com"
"11/09/2026 14:46:59","Documents/Visual Studio 2017/Backup Files/Solution1/Recovered-mars-18-2022-0950.~vs314A.sql","5.0","2022-03-11T15:13:06Z","fethy.faradji@infopro-digital.com"
"11/09/2026 14:46:59","Documents/Visual Studio 2017/Backup Files/Solution1/Recovered-mars-18-2022-0950.~vs314A.sql","6.0","2022-03-14T09:57:06Z","fethy.faradji@infopro-digital.com"
"11/09/2026 14:47:02","Documents/Visual Studio 2017/Backup Files/Solution1/Recovered-mars-18-2022-0950.~vs647E.sql","1.0","2022-03-15T10:15:26Z","fethy.faradji@infopro-digital.com"
"11/09/2026 14:47:04","Documents/Visual Studio 2017/Backup Files/Solution1/Recovered-mars-18-2022-0950.~vs647E.sql","2.0","2022-03-15T11:11:14Z","fethy.faradji@infopro-digital.com"
"11/09/2026 14:47:05","Documents/Visual Studio 2017/Backup Files/Solution1/Recovered-mars-18-2022-0950.~vs647E.sql","3.0","2022-03-16T10:26:05Z","fethy.faradji@infopro-digital.com"
"11/09/2026 14:47:07","Documents/Visual Studio 2017/Backup Files/Solution1/Recovered-mars-20-2024-0219.~vsB461.sql","1.0","2024-03-15T08:43:03Z","fethy.faradji@infopro-digital.com"
"11/09/2026 14:47:09","Documents/Visual Studio 2017/Backup Files/Solution1/Recovered-mars-20-2024-0219.~vsB461.sql","2.0","2024-03-15T14:43:55Z","fethy.faradji@infopro-digital.com"
"11/09/2026 14:47:10","Documents/Visual Studio 2017/Backup Files/Solution1/Recovered-mars-20-2024-0219.~vsB461.sql","3.0","2024-03-15T14:48:55Z","fethy.faradji@infopro-digital.com"
"11/09/2026 14:47:10","Documents/Visual Studio 2017/Backup Files/Solution1/Recovered-mars-20-2024-0219.~vsB461.sql","4.0","2024-03-15T14:58:55Z","fethy.faradji@infopro-digital.com"
"11/09/2026 14:47:13","Documents/Visual Studio 2017/Backup Files/Solution1/Recovered-mars-22-2023-1208.~vs1320.sql","1.0","2023-03-16T09:59:43Z","fethy.faradji@infopro-digital.com"
"11/09/2026 14:47:17","Documents/Visual Studio 2017/Backup Files/Solution1/Recovered-mars-22-2023-1208.~vs48E3.sql","1.0","2023-03-16T10:54:44Z","fethy.faradji@infopro-digital.com"
"11/09/2026 14:47:18","Documents/Visual Studio 2017/Backup Files/Solution1/Recovered-mars-22-2023-1208.~vs48E3.sql","2.0","2023-03-16T10:59:44Z","fethy.faradji@infopro-digital.com"
"11/09/2026 14:47:19","Documents/Visual Studio 2017/Backup Files/Solution1/Recovered-mars-22-2023-1208.~vs48E3.sql","3.0","2023-03-16T11:04:44Z","fethy.faradji@infopro-digital.com"
"11/09/2026 14:47:19","Documents/Visual Studio 2017/Backup Files/Solution1/Recovered-mars-22-2023-1208.~vs48E3.sql","4.0","2023-03-16T11:09:44Z","fethy.faradji@infopro-digital.com"
"11/09/2026 14:47:22","Documents/Visual Studio 2017/Backup Files/Solution1/Recovered-mars-22-2023-1208.~vs7C19.sql","1.0","2023-03-15T08:41:03Z","fethy.faradji@infopro-digital.com"
"11/09/2026 14:47:25","Documents/Visual Studio 2017/Backup Files/Solution1/Recovered-mars-22-2023-1208.~vsB1FC.sql","1.0","2023-03-16T10:29:44Z","fethy.faradji@infopro-digital.com"
"11/09/2026 14:47:28","Documents/Visual Studio 2017/Backup Files/Solution1/Recovered-mars-22-2023-1208.~vsB1FC.sql","2.0","2023-03-16T10:34:44Z","fethy.faradji@infopro-digital.com"
"11/09/2026 14:47:28","Documents/Visual Studio 2017/Backup Files/Solution1/Recovered-mars-22-2023-1208.~vsB1FC.sql","3.0","2023-03-16T10:39:44Z","fethy.faradji@infopro-digital.com"
"11/09/2026 14:47:31","Documents/Visual Studio 2017/Backup Files/Solution1/Recovered-mars-22-2023-1208.~vsCF6A.sql","1.0","2023-03-15T13:11:07Z","fethy.faradji@infopro-digital.com"
"11/09/2026 14:47:33","Documents/Visual Studio 2017/Backup Files/Solution1/Recovered-mars-22-2023-1208.~vsCF6A.sql","2.0","2023-03-15T13:16:07Z","fethy.faradji@infopro-digital.com"
"11/09/2026 14:47:36","Documents/Visual Studio 2017/Backup Files/Solution1/Recovered-mars-22-2023-1208.~vsDCDC.sql","1.0","2023-03-17T14:48:59Z","fethy.faradji@infopro-digital.com"
"11/09/2026 14:47:37","Documents/Visual Studio 2017/Backup Files/Solution1/Recovered-mars-22-2023-1208.~vsDCDC.sql","2.0","2023-03-17T14:53:59Z","fethy.faradji@infopro-digital.com"
"11/09/2026 14:47:40","Documents/Visual Studio 2017/Backup Files/Solution1/Recovered-mars-22-2023-1208.~vsE229.sql","1.0","2023-03-15T13:11:07Z","fethy.faradji@infopro-digital.com"
"11/09/2026 14:47:42","Documents/Visual Studio 2017/Backup Files/Solution1/Recovered-mars-22-2023-1208.~vsE229.sql","2.0","2023-03-15T13:16:07Z","fethy.faradji@infopro-digital.com"
"11/09/2026 14:47:45","Documents/Visual Studio 2017/Backup Files/Solution1/Recovered-mars-22-2023-1208.controle_trigger_intervenant.sql","1.0","2023-03-16T11:29:45Z","fethy.faradji@infopro-digital.com"
"11/09/2026 14:47:46","Documents/Visual Studio 2017/Backup Files/Solution1/Recovered-mars-22-2023-1208.controle_trigger_intervenant.sql","2.0","2023-03-16T13:18:38Z","fethy.faradji@infopro-digital.com"
"11/09/2026 14:47:50","Documents/Visual Studio 2017/Backup Files/Solution1/Recovered-mars-22-2024-1054.~vsB9A3.sql","1.0","2024-03-22T09:04:28Z","fethy.faradji@infopro-digital.com"
"11/09/2026 14:47:53","Documents/Visual Studio 2017/Backup Files/Solution1/Recovered-mars-28-2023-1057.~vs258B.sql","1.0","2023-03-22T15:14:33Z","fethy.faradji@infopro-digital.com"
"11/09/2026 14:47:57","Documents/Visual Studio 2017/Backup Files/Solution1/Recovered-mars-28-2023-1057.~vs25C.sql","1.0","2023-03-22T15:09:33Z","fethy.faradji@infopro-digital.com"
"11/09/2026 14:47:58","Documents/Visual Studio 2017/Backup Files/Solution1/Recovered-mars-28-2023-1057.~vs25C.sql","2.0","2023-03-22T15:14:33Z","fethy.faradji@infopro-digital.com"
"11/09/2026 14:48:01","Documents/Visual Studio 2017/Backup Files/Solution1/Recovered-mars-28-2023-1057.~vs267C.sql","1.0","2023-03-22T13:59:33Z","fethy.faradji@infopro-digital.com"
"11/09/2026 14:48:05","Documents/Visual Studio 2017/Backup Files/Solution1/Recovered-mars-28-2023-1057.~vs3026.sql","1.0","2023-03-22T14:39:33Z","fethy.faradji@infopro-digital.com"
"11/09/2026 14:48:06","Documents/Visual Studio 2017/Backup Files/Solution1/Recovered-mars-28-2023-1057.~vs3026.sql","2.0","2023-03-22T14:44:33Z","fethy.faradji@infopro-digital.com"
"11/09/2026 14:48:09","Documents/Visual Studio 2017/Backup Files/Solution1/Recovered-mars-28-2023-1057.~vs32E0.sql","1.0","2023-03-22T14:49:33Z","fethy.faradji@infopro-digital.com"
"11/09/2026 14:48:10","Documents/Visual Studio 2017/Backup Files/Solution1/Recovered-mars-28-2023-1057.~vs32E0.sql","2.0","2023-03-22T14:54:33Z","fethy.faradji@infopro-digital.com"
"11/09/2026 14:48:11","Documents/Visual Studio 2017/Backup Files/Solution1/Recovered-mars-28-2023-1057.~vs32E0.sql","3.0","2023-03-22T14:59:33Z","fethy.faradji@infopro-digital.com"
"11/09/2026 14:48:14","Documents/Visual Studio 2017/Backup Files/Solution1/Recovered-mars-28-2023-1057.~vs41CC.sql","1.0","2023-03-22T15:24:33Z","fethy.faradji@infopro-digital.com"
"11/09/2026 14:48:17","Documents/Visual Studio 2017/Backup Files/Solution1/Recovered-mars-28-2023-1057.~vs4F86.sql","1.0","2023-03-22T15:24:33Z","fethy.faradji@infopro-digital.com"
"11/09/2026 14:48:20","Documents/Visual Studio 2017/Backup Files/Solution1/Recovered-mars-28-2023-1057.~vs654A.sql","1.0","2023-03-22T14:04:33Z","fethy.faradji@infopro-digital.com"
"11/09/2026 14:48:22","Documents/Visual Studio 2017/Backup Files/Solution1/Recovered-mars-28-2023-1057.~vs654A.sql","2.0","2023-03-22T14:09:33Z","fethy.faradji@infopro-digital.com"
"11/09/2026 14:48:23","Documents/Visual Studio 2017/Backup Files/Solution1/Recovered-mars-28-2023-1057.~vs654A.sql","3.0","2023-03-22T14:14:33Z","fethy.faradji@infopro-digital.com"
"11/09/2026 14:48:26","Documents/Visual Studio 2017/Backup Files/Solution1/Recovered-mars-28-2023-1057.~vs6FCB.sql","1.0","2023-03-22T15:14:33Z","fethy.faradji@infopro-digital.com"
"11/09/2026 14:48:27","Documents/Visual Studio 2017/Backup Files/Solution1/Recovered-mars-28-2023-1057.~vs6FCB.sql","2.0","2023-03-22T15:19:33Z","fethy.faradji@infopro-digital.com"
"11/09/2026 14:48:30","Documents/Visual Studio 2017/Backup Files/Solution1/Recovered-mars-28-2023-1057.~vs7680.sql","1.0","2023-03-22T15:09:33Z","fethy.faradji@infopro-digital.com"
"11/09/2026 14:48:34","Documents/Visual Studio 2017/Backup Files/Solution1/Recovered-mars-28-2023-1057.~vs7CB1.sql","1.0","2023-03-22T13:59:33Z","fethy.faradji@infopro-digital.com"
"11/09/2026 14:48:38","Documents/Visual Studio 2017/Backup Files/Solution1/Recovered-mars-28-2023-1057.~vsA48A.sql","1.0","2023-03-22T14:14:33Z","fethy.faradji@infopro-digital.com"
"11/09/2026 14:48:41","Documents/Visual Studio 2017/Backup Files/Solution1/Recovered-mars-28-2023-1057.~vsAA37.sql","1.0","2023-03-22T15:29:33Z","fethy.faradji@infopro-digital.com"
"11/09/2026 14:48:44","Documents/Visual Studio 2017/Backup Files/Solution1/Recovered-mars-28-2023-1057.~vsBDFC.sql","1.0","2023-03-22T15:04:33Z","fethy.faradji@infopro-digital.com"
"11/09/2026 14:48:47","Documents/Visual Studio 2017/Backup Files/Solution1/Recovered-mars-28-2023-1057.~vsF79B.sql","1.0","2023-03-22T15:19:33Z","fethy.faradji@infopro-digital.com"
"11/09/2026 14:48:48","Documents/Visual Studio 2017/Backup Files/Solution1/Recovered-mars-28-2023-1057.~vsF79B.sql","2.0","2023-03-22T15:24:33Z","fethy.faradji@infopro-digital.com"
"11/09/2026 14:48:51","Documents/Visual Studio 2017/Backup Files/Solution1/Recovered-nov.-02-2021-0400.~vs1707.sql","1.0","2021-10-11T15:03:45Z","fethy.faradji@infopro-digital.com"
"11/09/2026 14:48:52","Documents/Visual Studio 2017/Backup Files/Solution1/Recovered-nov.-02-2021-0400.~vs1707.sql","2.0","2021-10-11T15:08:45Z","fethy.faradji@infopro-digital.com"
"11/09/2026 14:48:55","Documents/Visual Studio 2017/Backup Files/Solution1/Recovered-nov.-03-2023-0921.~vsAAD2.sql","1.0","2023-10-26T15:15:28Z","fethy.faradji@infopro-digital.com"
"11/09/2026 14:48:57","Documents/Visual Studio 2017/Backup Files/Solution1/Recovered-nov.-03-2023-0921.~vsAAD2.sql","2.0","2023-10-26T15:25:28Z","fethy.faradji@infopro-digital.com"
"11/09/2026 14:48:58","Documents/Visual Studio 2017/Backup Files/Solution1/Recovered-nov.-03-2023-0921.~vsAAD2.sql","3.0","2023-10-26T15:35:28Z","fethy.faradji@infopro-digital.com"
"11/09/2026 14:48:59","Documents/Visual Studio 2017/Backup Files/Solution1/Recovered-nov.-03-2023-0921.~vsAAD2.sql","4.0","2023-10-26T15:40:28Z","fethy.faradji@infopro-digital.com"
"11/09/2026 14:49:00","Documents/Visual Studio 2017/Backup Files/Solution1/Recovered-nov.-03-2023-0921.~vsAAD2.sql","5.0","2023-10-26T15:45:28Z","fethy.faradji@infopro-digital.com"
"11/09/2026 14:49:01","Documents/Visual Studio 2017/Backup Files/Solution1/Recovered-nov.-03-2023-0921.~vsAAD2.sql","6.0","2023-10-26T15:50:28Z","fethy.faradji@infopro-digital.com"
"11/09/2026 14:49:02","Documents/Visual Studio 2017/Backup Files/Solution1/Recovered-nov.-03-2023-0921.~vsAAD2.sql","7.0","2023-10-26T15:55:28Z","fethy.faradji@infopro-digital.com"
"11/09/2026 14:49:03","Documents/Visual Studio 2017/Backup Files/Solution1/Recovered-nov.-03-2023-0921.~vsAAD2.sql","8.0","2023-10-26T16:00:28Z","fethy.faradji@infopro-digital.com"
"11/09/2026 14:49:04","Documents/Visual Studio 2017/Backup Files/Solution1/Recovered-nov.-03-2023-0921.~vsAAD2.sql","9.0","2023-10-26T16:05:28Z","fethy.faradji@infopro-digital.com"
"11/09/2026 14:49:06","Documents/Visual Studio 2017/Backup Files/Solution1/Recovered-nov.-07-2022-1013.~vs5E0E.sql","1.0","2022-10-27T15:13:05Z","fethy.faradji@infopro-digital.com"
"11/09/2026 14:49:09","Documents/Visual Studio 2017/Backup Files/Solution1/Recovered-nov.-07-2022-1013.~vs9094.sql","1.0","2022-10-27T15:13:05Z","fethy.faradji@infopro-digital.com"
"11/09/2026 14:49:12","Documents/Visual Studio 2017/Backup Files/Solution1/Recovered-nov.-07-2022-1013.~vs9094.sql","2.0","2022-10-27T15:23:05Z","fethy.faradji@infopro-digital.com"
"11/09/2026 14:49:15","Documents/Visual Studio 2017/Backup Files/Solution1/Recovered-nov.-07-2022-1013.~vsA448.sql","1.0","2022-10-27T13:33:05Z","fethy.faradji@infopro-digital.com"
"11/09/2026 14:49:16","Documents/Visual Studio 2017/Backup Files/Solution1/Recovered-nov.-07-2022-1013.~vsA448.sql","2.0","2022-10-27T14:58:05Z","fethy.faradji@infopro-digital.com"
"11/09/2026 14:49:17","Documents/Visual Studio 2017/Backup Files/Solution1/Recovered-nov.-07-2022-1013.~vsA448.sql","3.0","2022-10-27T15:03:05Z","fethy.faradji@infopro-digital.com"
"11/09/2026 14:49:18","Documents/Visual Studio 2017/Backup Files/Solution1/Recovered-nov.-07-2022-1013.~vsA448.sql","4.0","2022-10-27T15:08:05Z","fethy.faradji@infopro-digital.com"
"11/09/2026 14:49:19","Documents/Visual Studio 2017/Backup Files/Solution1/Recovered-nov.-07-2022-1013.~vsA448.sql","5.0","2022-10-27T15:18:05Z","fethy.faradji@infopro-digital.com"
"11/09/2026 14:49:20","Documents/Visual Studio 2017/Backup Files/Solution1/Recovered-nov.-07-2022-1013.~vsA448.sql","6.0","2022-10-27T15:33:05Z","fethy.faradji@infopro-digital.com"
"11/09/2026 14:49:24","Documents/Visual Studio 2017/Backup Files/Solution1/Recovered-nov.-17-2022-0944.~vs1BD5.sql","1.0","2022-11-08T10:44:55Z","fethy.faradji@infopro-digital.com"
"11/09/2026 14:49:28","Documents/Visual Studio 2017/Backup Files/Solution1/Recovered-nov.-17-2022-0944.~vsB7AA.sql","1.0","2022-11-08T10:14:54Z","fethy.faradji@infopro-digital.com"
"11/09/2026 14:49:30","Documents/Visual Studio 2017/Backup Files/Solution1/Recovered-nov.-17-2022-0944.~vsB7AA.sql","2.0","2022-11-08T10:19:54Z","fethy.faradji@infopro-digital.com"
"11/09/2026 14:49:31","Documents/Visual Studio 2017/Backup Files/Solution1/Recovered-nov.-17-2022-0944.~vsB7AA.sql","3.0","2022-11-08T10:24:54Z","fethy.faradji@infopro-digital.com"
"11/09/2026 14:49:32","Documents/Visual Studio 2017/Backup Files/Solution1/Recovered-nov.-17-2022-0944.~vsB7AA.sql","4.0","2022-11-08T10:29:54Z","fethy.faradji@infopro-digital.com"
"11/09/2026 14:49:33","Documents/Visual Studio 2017/Backup Files/Solution1/Recovered-nov.-17-2022-0944.~vsB7AA.sql","5.0","2022-11-08T10:34:55Z","fethy.faradji@infopro-digital.com"
"11/09/2026 14:49:34","Documents/Visual Studio 2017/Backup Files/Solution1/Recovered-nov.-17-2022-0944.~vsB7AA.sql","6.0","2022-11-08T10:39:55Z","fethy.faradji@infopro-digital.com"
"11/09/2026 14:49:35","Documents/Visual Studio 2017/Backup Files/Solution1/Recovered-nov.-17-2022-0944.~vsB7AA.sql","7.0","2022-11-08T10:44:55Z","fethy.faradji@infopro-digital.com"
"11/09/2026 14:49:38","Documents/Visual Studio 2017/Backup Files/Solution1/Recovered-nov.-17-2022-0944.~vsF4EE.sql","1.0","2022-11-08T10:19:54Z","fethy.faradji@infopro-digital.com"
"11/09/2026 14:49:42","Documents/Visual Studio 2017/Backup Files/Solution1/Recovered-nov.-18-2022-0924.~vs483F.sql","1.0","2022-11-17T08:49:08Z","fethy.faradji@infopro-digital.com"
"11/09/2026 14:49:43","Documents/Visual Studio 2017/Backup Files/Solution1/Recovered-nov.-18-2022-0924.~vs483F.sql","2.0","2022-11-17T08:59:08Z","fethy.faradji@infopro-digital.com"
"11/09/2026 14:49:44","Documents/Visual Studio 2017/Backup Files/Solution1/Recovered-nov.-18-2022-0924.~vs483F.sql","3.0","2022-11-17T09:04:08Z","fethy.faradji@infopro-digital.com"
"11/09/2026 14:49:45","Documents/Visual Studio 2017/Backup Files/Solution1/Recovered-nov.-18-2022-0924.~vs483F.sql","4.0","2022-11-17T09:24:06Z","fethy.faradji@infopro-digital.com"
"11/09/2026 14:49:46","Documents/Visual Studio 2017/Backup Files/Solution1/Recovered-nov.-18-2022-0924.~vs483F.sql","5.0","2022-11-17T09:29:06Z","fethy.faradji@infopro-digital.com"
"11/09/2026 14:49:51","Documents/Visual Studio 2017/Backup Files/Solution1/Recovered-nov.-18-2024-0925.~vsA71C.sql","1.0","2024-10-30T15:39:03Z","fethy.faradji@infopro-digital.com"
"11/09/2026 14:49:55","Documents/Visual Studio 2017/Backup Files/Solution1/Recovered-nov.-18-2024-0925.~vsAF6D.sql","1.0","2024-11-04T14:01:45Z","fethy.faradji@infopro-digital.com"
"11/09/2026 14:49:56","Documents/Visual Studio 2017/Backup Files/Solution1/Recovered-nov.-18-2024-0925.~vsAF6D.sql","2.0","2024-11-04T14:06:45Z","fethy.faradji@infopro-digital.com"
"11/09/2026 14:49:57","Documents/Visual Studio 2017/Backup Files/Solution1/Recovered-nov.-18-2024-0925.~vsAF6D.sql","3.0","2024-11-04T14:51:46Z","fethy.faradji@infopro-digital.com"
"11/09/2026 14:50:01","Documents/Visual Studio 2017/Backup Files/Solution1/Recovered-nov.-18-2024-0925.~vsE266.sql","1.0","2024-11-07T15:03:41Z","fethy.faradji@infopro-digital.com"
"11/09/2026 14:50:02","Documents/Visual Studio 2017/Backup Files/Solution1/Recovered-nov.-18-2024-0925.~vsE266.sql","2.0","2024-11-07T15:08:41Z","fethy.faradji@infopro-digital.com"
"11/09/2026 14:50:03","Documents/Visual Studio 2017/Backup Files/Solution1/Recovered-nov.-18-2024-0925.~vsE266.sql","3.0","2024-11-07T15:13:41Z","fethy.faradji@infopro-digital.com"
"11/09/2026 14:50:04","Documents/Visual Studio 2017/Backup Files/Solution1/Recovered-nov.-18-2024-0925.~vsE266.sql","4.0","2024-11-07T15:33:41Z","fethy.faradji@infopro-digital.com"
"11/09/2026 14:50:05","Documents/Visual Studio 2017/Backup Files/Solution1/Recovered-nov.-18-2024-0925.~vsE266.sql","5.0","2024-11-07T15:43:41Z","fethy.faradji@infopro-digital.com"
"11/09/2026 14:50:06","Documents/Visual Studio 2017/Backup Files/Solution1/Recovered-nov.-18-2024-0925.~vsE266.sql","6.0","2024-11-07T15:48:41Z","fethy.faradji@infopro-digital.com"
"11/09/2026 14:50:07","Documents/Visual Studio 2017/Backup Files/Solution1/Recovered-nov.-18-2024-0925.~vsE266.sql","7.0","2024-11-08T15:21:51Z","fethy.faradji@infopro-digital.com"
"11/09/2026 14:50:08","Documents/Visual Studio 2017/Backup Files/Solution1/Recovered-nov.-18-2024-0925.~vsE266.sql","8.0","2024-11-12T15:21:28Z","fethy.faradji@infopro-digital.com"
"11/09/2026 14:50:12","Documents/Visual Studio 2017/Backup Files/Solution1/Recovered-nov.-18-2024-0925.3 - update_DIM_SEMAINES.sql","1.0","2024-10-31T08:59:52Z","fethy.faradji@infopro-digital.com"
"11/09/2026 14:50:17","Documents/Visual Studio 2017/Backup Files/Solution1/Recovered-nov.-19-2021-0950.~vs1473.sql","1.0","2021-11-16T11:23:23Z","fethy.faradji@infopro-digital.com"
"11/09/2026 14:50:18","Documents/Visual Studio 2017/Backup Files/Solution1/Recovered-nov.-19-2021-0950.~vs1473.sql","2.0","2021-11-16T11:28:21Z","fethy.faradji@infopro-digital.com"
"11/09/2026 14:50:22","Documents/Visual Studio 2017/Backup Files/Solution1/Recovered-nov.-19-2021-0950.~vs2537.sql","1.0","2021-11-16T10:53:21Z","fethy.faradji@infopro-digital.com"
"11/09/2026 14:50:23","Documents/Visual Studio 2017/Backup Files/Solution1/Recovered-nov.-19-2021-0950.~vs2537.sql","2.0","2021-11-16T10:58:21Z","fethy.faradji@infopro-digital.com"
"11/09/2026 14:50:24","Documents/Visual Studio 2017/Backup Files/Solution1/Recovered-nov.-19-2021-0950.~vs2537.sql","3.0","2021-11-16T11:03:21Z","fethy.faradji@infopro-digital.com"
"11/09/2026 14:50:27","Documents/Visual Studio 2017/Backup Files/Solution1/Recovered-nov.-19-2021-0950.~vs3D5C.sql","1.0","2021-11-16T11:18:21Z","fethy.faradji@infopro-digital.com"
"11/09/2026 14:50:29","Documents/Visual Studio 2017/Backup Files/Solution1/Recovered-nov.-19-2021-0950.~vs3D5C.sql","2.0","2021-11-16T11:23:21Z","fethy.faradji@infopro-digital.com"
"11/09/2026 14:50:32","Documents/Visual Studio 2017/Backup Files/Solution1/Recovered-nov.-19-2021-0950.~vs3E3B.sql","1.0","2021-11-16T16:58:22Z","fethy.faradji@infopro-digital.com"
"11/09/2026 14:50:35","Documents/Visual Studio 2017/Backup Files/Solution1/Recovered-nov.-19-2021-0950.~vs5194.sql","1.0","2021-11-16T16:18:22Z","fethy.faradji@infopro-digital.com"
"11/09/2026 14:50:37","Documents/Visual Studio 2017/Backup Files/Solution1/Recovered-nov.-19-2021-0950.~vs5194.sql","2.0","2021-11-16T16:23:22Z","fethy.faradji@infopro-digital.com"
"11/09/2026 14:50:38","Documents/Visual Studio 2017/Backup Files/Solution1/Recovered-nov.-19-2021-0950.~vs5194.sql","3.0","2021-11-16T16:28:22Z","fethy.faradji@infopro-digital.com"
"11/09/2026 14:50:38","Documents/Visual Studio 2017/Backup Files/Solution1/Recovered-nov.-19-2021-0950.~vs5194.sql","4.0","2021-11-16T16:33:22Z","fethy.faradji@infopro-digital.com"
"11/09/2026 14:50:39","Documents/Visual Studio 2017/Backup Files/Solution1/Recovered-nov.-19-2021-0950.~vs5194.sql","5.0","2021-11-16T16:38:22Z","fethy.faradji@infopro-digital.com"
"11/09/2026 14:50:40","Documents/Visual Studio 2017/Backup Files/Solution1/Recovered-nov.-19-2021-0950.~vs5194.sql","6.0","2021-11-16T16:53:22Z","fethy.faradji@infopro-digital.com"
"11/09/2026 14:50:41","Documents/Visual Studio 2017/Backup Files/Solution1/Recovered-nov.-19-2021-0950.~vs5194.sql","7.0","2021-11-16T16:58:22Z","fethy.faradji@infopro-digital.com"
"11/09/2026 14:50:42","Documents/Visual Studio 2017/Backup Files/Solution1/Recovered-nov.-19-2021-0950.~vs5194.sql","8.0","2021-11-16T17:03:22Z","fethy.faradji@infopro-digital.com"
"11/09/2026 14:50:43","Documents/Visual Studio 2017/Backup Files/Solution1/Recovered-nov.-19-2021-0950.~vs5194.sql","9.0","2021-11-16T17:08:22Z","fethy.faradji@infopro-digital.com"
"11/09/2026 14:50:44","Documents/Visual Studio 2017/Backup Files/Solution1/Recovered-nov.-19-2021-0950.~vs5194.sql","10.0","2021-11-17T08:33:19Z","fethy.faradji@infopro-digital.com"
"11/09/2026 14:50:49","Documents/Visual Studio 2017/Backup Files/Solution1/Recovered-nov.-19-2021-0950.~vs655D.sql","1.0","2021-11-16T16:43:22Z","fethy.faradji@infopro-digital.com"
"11/09/2026 14:50:50","Documents/Visual Studio 2017/Backup Files/Solution1/Recovered-nov.-19-2021-0950.~vs655D.sql","2.0","2021-11-16T16:48:22Z","fethy.faradji@infopro-digital.com"
"11/09/2026 14:50:51","Documents/Visual Studio 2017/Backup Files/Solution1/Recovered-nov.-19-2021-0950.~vs655D.sql","3.0","2021-11-16T16:53:22Z","fethy.faradji@infopro-digital.com"
"11/09/2026 14:50:54","Documents/Visual Studio 2017/Backup Files/Solution1/Recovered-nov.-19-2021-0950.~vs66BD.sql","1.0","2021-11-16T11:03:21Z","fethy.faradji@infopro-digital.com"
"11/09/2026 14:50:56","Documents/Visual Studio 2017/Backup Files/Solution1/Recovered-nov.-19-2021-0950.~vs66BD.sql","2.0","2021-11-16T11:08:21Z","fethy.faradji@infopro-digital.com"
"11/09/2026 14:51:00","Documents/Visual Studio 2017/Backup Files/Solution1/Recovered-nov.-19-2021-0950.~vsA15C.sql","1.0","2021-11-16T15:58:22Z","fethy.faradji@infopro-digital.com"
"11/09/2026 14:51:01","Documents/Visual Studio 2017/Backup Files/Solution1/Recovered-nov.-19-2021-0950.~vsA15C.sql","2.0","2021-11-16T16:13:22Z","fethy.faradji@infopro-digital.com"
"11/09/2026 14:51:05","Documents/Visual Studio 2017/Backup Files/Solution1/Recovered-nov.-19-2021-0950.~vsAC75.sql","1.0","2021-11-15T10:55:42Z","fethy.faradji@infopro-digital.com"
"11/09/2026 14:51:08","Documents/Visual Studio 2017/Backup Files/Solution1/Recovered-nov.-19-2021-0950.~vsC0C.sql","1.0","2021-11-16T14:23:22Z","fethy.faradji@infopro-digital.com"
"11/09/2026 14:51:12","Documents/Visual Studio 2017/Backup Files/Solution1/Recovered-nov.-19-2021-0950.~vsC112.sql","1.0","2021-11-15T15:35:49Z","fethy.faradji@infopro-digital.com"
"11/09/2026 14:51:15","Documents/Visual Studio 2017/Backup Files/Solution1/Recovered-nov.-19-2024-1047.~vs1636.sql","1.0","2024-11-18T08:45:48Z","fethy.faradji@infopro-digital.com"
"11/09/2026 14:51:17","Documents/Visual Studio 2017/Backup Files/Solution1/Recovered-nov.-19-2024-1047.~vs1636.sql","2.0","2024-11-18T08:50:48Z","fethy.faradji@infopro-digital.com"
"11/09/2026 14:51:18","Documents/Visual Studio 2017/Backup Files/Solution1/Recovered-nov.-19-2024-1047.~vs1636.sql","3.0","2024-11-18T08:55:48Z","fethy.faradji@infopro-digital.com"
"11/09/2026 14:51:21","Documents/Visual Studio 2017/Backup Files/Solution1/Recovered-nov.-25-2021-1037.~vs60CC.sql","1.0","2021-11-24T14:59:10Z","fethy.faradji@infopro-digital.com"
"11/09/2026 14:51:24","Documents/Visual Studio 2017/Backup Files/Solution1/Recovered-nov.-25-2021-1037.~vsE348.sql","1.0","2021-11-24T16:04:12Z","fethy.faradji@infopro-digital.com"
"11/09/2026 14:51:26","Documents/Visual Studio 2017/Backup Files/Solution1/Recovered-nov.-25-2021-1037.~vsE348.sql","2.0","2021-11-24T16:09:12Z","fethy.faradji@infopro-digital.com"
"11/09/2026 14:51:29","Documents/Visual Studio 2017/Backup Files/Solution1/Recovered-nov.-28-2024-0222.~vs4BD8.sql","1.0","2024-11-19T10:11:50Z","fethy.faradji@infopro-digital.com"
"11/09/2026 14:51:30","Documents/Visual Studio 2017/Backup Files/Solution1/Recovered-nov.-28-2024-0222.~vs4BD8.sql","2.0","2024-11-19T10:16:50Z","fethy.faradji@infopro-digital.com"
"11/09/2026 14:51:31","Documents/Visual Studio 2017/Backup Files/Solution1/Recovered-nov.-28-2024-0222.~vs4BD8.sql","3.0","2024-11-19T10:36:51Z","fethy.faradji@infopro-digital.com"
"11/09/2026 14:51:32","Documents/Visual Studio 2017/Backup Files/Solution1/Recovered-nov.-28-2024-0222.~vs4BD8.sql","4.0","2024-11-19T10:41:51Z","fethy.faradji@infopro-digital.com"
"11/09/2026 14:51:35","Documents/Visual Studio 2017/Backup Files/Solution1/Recovered-nov.-28-2024-0222.~vs7DD9.sql","1.0","2024-11-20T19:41:44Z","fethy.faradji@infopro-digital.com"
"11/09/2026 14:51:38","Documents/Visual Studio 2017/Backup Files/Solution1/Recovered-nov.-28-2024-0222.~vs9CA.sql","1.0","2024-11-19T10:16:50Z","fethy.faradji@infopro-digital.com"
"11/09/2026 14:51:42","Documents/Visual Studio 2017/Backup Files/Solution1/Recovered-nov.-29-2021-1032.~vsF5D6.sql","1.0","2021-11-25T09:42:53Z","fethy.faradji@infopro-digital.com"
"11/09/2026 14:51:43","Documents/Visual Studio 2017/Backup Files/Solution1/Recovered-nov.-29-2021-1032.~vsF5D6.sql","2.0","2021-11-25T11:02:55Z","fethy.faradji@infopro-digital.com"
"11/09/2026 14:51:46","Documents/Visual Studio 2017/Backup Files/Solution1/Recovered-nov.-29-2023-0929.~vs12AC.sql","1.0","2023-11-27T15:57:02Z","fethy.faradji@infopro-digital.com"
"11/09/2026 14:51:49","Documents/Visual Studio 2017/Backup Files/Solution1/Recovered-nov.-29-2023-0929.~vs6129.sql","1.0","2023-11-27T10:11:57Z","fethy.faradji@infopro-digital.com"
"11/09/2026 14:51:50","Documents/Visual Studio 2017/Backup Files/Solution1/Recovered-nov.-29-2023-0929.~vs6129.sql","2.0","2023-11-27T10:36:58Z","fethy.faradji@infopro-digital.com"
"11/09/2026 14:51:54","Documents/Visual Studio 2017/Backup Files/Solution1/Recovered-nov.-29-2023-0929.~vs640D.sql","1.0","2023-11-22T13:46:09Z","fethy.faradji@infopro-digital.com"
"11/09/2026 14:51:58","Documents/Visual Studio 2017/Backup Files/Solution1/Recovered-nov.-29-2023-0929.~vs662F.sql","1.0","2023-11-27T15:57:02Z","fethy.faradji@infopro-digital.com"
"11/09/2026 14:52:01","Documents/Visual Studio 2017/Backup Files/Solution1/Recovered-nov.-29-2023-0929.~vs6E04.sql","1.0","2023-11-22T14:36:10Z","fethy.faradji@infopro-digital.com"
"11/09/2026 14:52:04","Documents/Visual Studio 2017/Backup Files/Solution1/Recovered-nov.-29-2023-0929.~vs8479.sql","1.0","2023-11-23T15:27:33Z","fethy.faradji@infopro-digital.com"
"11/09/2026 14:52:07","Documents/Visual Studio 2017/Backup Files/Solution1/Recovered-nov.-29-2023-0929.~vsB0B3.sql","1.0","2023-11-22T14:06:09Z","fethy.faradji@infopro-digital.com"
"11/09/2026 14:52:09","Documents/Visual Studio 2017/Backup Files/Solution1/Recovered-nov.-29-2023-0929.~vsB0B3.sql","2.0","2023-11-22T14:31:09Z","fethy.faradji@infopro-digital.com"
"11/09/2026 14:52:09","Documents/Visual Studio 2017/Backup Files/Solution1/Recovered-nov.-29-2023-0929.~vsB0B3.sql","3.0","2023-11-22T14:36:10Z","fethy.faradji@infopro-digital.com"
"11/09/2026 14:52:13","Documents/Visual Studio 2017/Backup Files/Solution1/Recovered-nov.-29-2023-0929.~vsB28C.sql","1.0","2023-11-22T14:36:09Z","fethy.faradji@infopro-digital.com"
"11/09/2026 14:52:14","Documents/Visual Studio 2017/Backup Files/Solution1/Recovered-nov.-29-2023-0929.~vsB28C.sql","2.0","2023-11-22T14:41:09Z","fethy.faradji@infopro-digital.com"
"11/09/2026 14:52:17","Documents/Visual Studio 2017/Backup Files/Solution1/Recovered-nov.-29-2023-0929.~vsBB56.sql","1.0","2023-11-24T08:52:44Z","fethy.faradji@infopro-digital.com"
"11/09/2026 14:52:21","Documents/Visual Studio 2017/Backup Files/Solution1/Recovered-nov.-29-2023-0929.~vsBD7E.sql","1.0","2023-11-27T09:41:57Z","fethy.faradji@infopro-digital.com"
"11/09/2026 14:52:22","Documents/Visual Studio 2017/Backup Files/Solution1/Recovered-nov.-29-2023-0929.~vsBD7E.sql","2.0","2023-11-27T10:06:57Z","fethy.faradji@infopro-digital.com"
"11/09/2026 14:52:25","Documents/Visual Studio 2017/Backup Files/Solution1/Recovered-nov.-29-2023-0929.~vsC4BA.sql","1.0","2023-11-24T08:52:42Z","fethy.faradji@infopro-digital.com"
"11/09/2026 14:52:27","Documents/Visual Studio 2017/Backup Files/Solution1/Recovered-nov.-29-2023-0929.~vsC4BA.sql","2.0","2023-11-24T08:57:42Z","fethy.faradji@infopro-digital.com"
"11/09/2026 14:52:30","Documents/Visual Studio 2017/Backup Files/Solution1/Recovered-nov.-29-2023-0929.~vsDAD6.sql","1.0","2023-11-22T13:56:09Z","fethy.faradji@infopro-digital.com"
"11/09/2026 14:52:31","Documents/Visual Studio 2017/Backup Files/Solution1/Recovered-nov.-29-2023-0929.~vsDAD6.sql","2.0","2023-11-22T14:01:09Z","fethy.faradji@infopro-digital.com"
"11/09/2026 14:52:34","Documents/Visual Studio 2017/Backup Files/Solution1/Recovered-nov.-29-2023-0929.~vsE8DF.sql","1.0","2023-11-22T13:46:09Z","fethy.faradji@infopro-digital.com"
"11/09/2026 14:52:37","Documents/Visual Studio 2017/Backup Files/Solution1/Recovered-nov.-29-2023-0929.~vsEB2C.sql","1.0","2023-11-23T15:17:33Z","fethy.faradji@infopro-digital.com"
"11/09/2026 14:52:39","Documents/Visual Studio 2017/Backup Files/Solution1/Recovered-nov.-29-2023-0929.~vsEB2C.sql","2.0","2023-11-23T15:22:33Z","fethy.faradji@infopro-digital.com"
"11/09/2026 14:52:42","Documents/Visual Studio 2017/Backup Files/Solution1/Recovered-nov.-29-2023-0929.~vsF9D0.sql","1.0","2023-11-27T16:02:02Z","fethy.faradji@infopro-digital.com"
"11/09/2026 14:52:46","Documents/Visual Studio 2017/Backup Files/Solution1/Recovered-nov.-30-2022-0518.~vs1405.sql","1.0","2022-11-25T14:36:39Z","fethy.faradji@infopro-digital.com"
"11/09/2026 14:52:50","Documents/Visual Studio 2017/Backup Files/Solution1/Recovered-nov.-30-2022-0518.~vs51E1.sql","1.0","2022-11-23T10:31:21Z","fethy.faradji@infopro-digital.com"
"11/09/2026 14:52:51","Documents/Visual Studio 2017/Backup Files/Solution1/Recovered-nov.-30-2022-0518.~vs51E1.sql","2.0","2022-11-23T15:41:23Z","fethy.faradji@infopro-digital.com"
"11/09/2026 14:52:54","Documents/Visual Studio 2017/Backup Files/Solution1/Recovered-nov.-30-2022-0518.~vs75B6.sql","1.0","2022-11-25T10:56:39Z","fethy.faradji@infopro-digital.com"
"11/09/2026 14:52:55","Documents/Visual Studio 2017/Backup Files/Solution1/Recovered-nov.-30-2022-0518.~vs75B6.sql","2.0","2022-11-25T13:26:39Z","fethy.faradji@infopro-digital.com"
"11/09/2026 14:52:56","Documents/Visual Studio 2017/Backup Files/Solution1/Recovered-nov.-30-2022-0518.~vs75B6.sql","3.0","2022-11-25T13:41:39Z","fethy.faradji@infopro-digital.com"
"11/09/2026 14:52:59","Documents/Visual Studio 2017/Backup Files/Solution1/Recovered-nov.-30-2022-0518.~vs7952.sql","1.0","2022-11-23T10:26:21Z","fethy.faradji@infopro-digital.com"
"11/09/2026 14:53:02","Documents/Visual Studio 2017/Backup Files/Solution1/Recovered-nov.-30-2022-0518.~vsC004.sql","1.0","2022-11-24T08:41:31Z","fethy.faradji@infopro-digital.com"
"11/09/2026 14:53:04","Documents/Visual Studio 2017/Backup Files/Solution1/Recovered-nov.-30-2022-0518.~vsC004.sql","2.0","2022-11-24T08:46:31Z","fethy.faradji@infopro-digital.com"
"11/09/2026 14:53:05","Documents/Visual Studio 2017/Backup Files/Solution1/Recovered-nov.-30-2022-0518.~vsC004.sql","3.0","2022-11-24T08:51:31Z","fethy.faradji@infopro-digital.com"
"11/09/2026 14:53:07","Documents/Visual Studio 2017/Backup Files/Solution1/Recovered-nov.-30-2022-0518.~vsCEDE.sql","1.0","2022-11-25T14:31:39Z","fethy.faradji@infopro-digital.com"
"11/09/2026 14:53:09","Documents/Visual Studio 2017/Backup Files/Solution1/Recovered-nov.-30-2022-0518.~vsCEDE.sql","2.0","2022-11-25T14:36:39Z","fethy.faradji@infopro-digital.com"
"11/09/2026 14:53:12","Documents/Visual Studio 2017/Backup Files/Solution1/Recovered-nov.-30-2022-0518.~vsEC32.sql","1.0","2022-11-18T08:31:45Z","fethy.faradji@infopro-digital.com"
"11/09/2026 14:53:13","Documents/Visual Studio 2017/Backup Files/Solution1/Recovered-nov.-30-2022-0518.~vsEC32.sql","2.0","2022-11-18T08:41:45Z","fethy.faradji@infopro-digital.com"
"11/09/2026 14:53:14","Documents/Visual Studio 2017/Backup Files/Solution1/Recovered-nov.-30-2022-0518.~vsEC32.sql","3.0","2022-11-18T08:46:45Z","fethy.faradji@infopro-digital.com"
"11/09/2026 14:53:15","Documents/Visual Studio 2017/Backup Files/Solution1/Recovered-nov.-30-2022-0518.~vsEC32.sql","4.0","2022-11-18T08:51:45Z","fethy.faradji@infopro-digital.com"
"11/09/2026 14:53:19","Documents/Visual Studio 2017/Backup Files/Solution1/Recovered-oct.-02-2023-1152.~vs1241.sql","1.0","2023-09-27T15:14:39Z","fethy.faradji@infopro-digital.com"
"11/09/2026 14:53:20","Documents/Visual Studio 2017/Backup Files/Solution1/Recovered-oct.-02-2023-1152.~vs1241.sql","2.0","2023-09-27T15:19:39Z","fethy.faradji@infopro-digital.com"
"11/09/2026 14:53:21","Documents/Visual Studio 2017/Backup Files/Solution1/Recovered-oct.-02-2023-1152.~vs1241.sql","3.0","2023-09-27T15:24:39Z","fethy.faradji@infopro-digital.com"
"11/09/2026 14:53:22","Documents/Visual Studio 2017/Backup Files/Solution1/Recovered-oct.-02-2023-1152.~vs1241.sql","4.0","2023-09-27T15:44:39Z","fethy.faradji@infopro-digital.com"
"11/09/2026 14:53:25","Documents/Visual Studio 2017/Backup Files/Solution1/Recovered-oct.-02-2023-1152.~vs26A7.sql","1.0","2023-09-28T09:14:49Z","fethy.faradji@infopro-digital.com"
"11/09/2026 14:53:27","Documents/Visual Studio 2017/Backup Files/Solution1/Recovered-oct.-02-2023-1152.~vs26A7.sql","2.0","2023-09-28T09:19:49Z","fethy.faradji@infopro-digital.com"
"11/09/2026 14:53:29","Documents/Visual Studio 2017/Backup Files/Solution1/Recovered-oct.-02-2023-1152.~vs2D0.sql","1.0","2023-09-28T08:44:49Z","fethy.faradji@infopro-digital.com"
"11/09/2026 14:53:31","Documents/Visual Studio 2017/Backup Files/Solution1/Recovered-oct.-02-2023-1152.~vs2D0.sql","2.0","2023-09-28T08:49:49Z","fethy.faradji@infopro-digital.com"
"11/09/2026 14:53:32","Documents/Visual Studio 2017/Backup Files/Solution1/Recovered-oct.-02-2023-1152.~vs2D0.sql","3.0","2023-09-28T08:54:49Z","fethy.faradji@infopro-digital.com"
"11/09/2026 14:53:33","Documents/Visual Studio 2017/Backup Files/Solution1/Recovered-oct.-02-2023-1152.~vs2D0.sql","4.0","2023-09-28T08:59:49Z","fethy.faradji@infopro-digital.com"
"11/09/2026 14:53:34","Documents/Visual Studio 2017/Backup Files/Solution1/Recovered-oct.-02-2023-1152.~vs2D0.sql","5.0","2023-09-28T09:04:49Z","fethy.faradji@infopro-digital.com"
"11/09/2026 14:53:35","Documents/Visual Studio 2017/Backup Files/Solution1/Recovered-oct.-02-2023-1152.~vs2D0.sql","6.0","2023-09-28T09:09:49Z","fethy.faradji@infopro-digital.com"
"11/09/2026 14:53:35","Documents/Visual Studio 2017/Backup Files/Solution1/Recovered-oct.-02-2023-1152.~vs2D0.sql","7.0","2023-09-28T09:14:49Z","fethy.faradji@infopro-digital.com"
"11/09/2026 14:53:36","Documents/Visual Studio 2017/Backup Files/Solution1/Recovered-oct.-02-2023-1152.~vs2D0.sql","8.0","2023-09-28T09:54:49Z","fethy.faradji@infopro-digital.com"
"11/09/2026 14:53:39","Documents/Visual Studio 2017/Backup Files/Solution1/Recovered-oct.-02-2023-1152.~vs3554.sql","1.0","2023-09-26T11:58:53Z","fethy.faradji@infopro-digital.com"
"11/09/2026 14:53:43","Documents/Visual Studio 2017/Backup Files/Solution1/Recovered-oct.-02-2023-1152.~vs3596.sql","1.0","2023-09-28T08:39:49Z","fethy.faradji@infopro-digital.com"
"11/09/2026 14:53:46","Documents/Visual Studio 2017/Backup Files/Solution1/Recovered-oct.-02-2023-1152.~vs3741.sql","1.0","2023-09-25T14:33:30Z","fethy.faradji@infopro-digital.com"
"11/09/2026 14:53:47","Documents/Visual Studio 2017/Backup Files/Solution1/Recovered-oct.-02-2023-1152.~vs3741.sql","2.0","2023-09-25T14:38:29Z","fethy.faradji@infopro-digital.com"
"11/09/2026 14:53:48","Documents/Visual Studio 2017/Backup Files/Solution1/Recovered-oct.-02-2023-1152.~vs3741.sql","3.0","2023-09-25T14:43:29Z","fethy.faradji@infopro-digital.com"
"11/09/2026 14:53:51","Documents/Visual Studio 2017/Backup Files/Solution1/Recovered-oct.-02-2023-1152.~vs47A1.sql","1.0","2023-09-26T09:22:10Z","fethy.faradji@infopro-digital.com"
"11/09/2026 14:53:55","Documents/Visual Studio 2017/Backup Files/Solution1/Recovered-oct.-02-2023-1152.~vs6440.sql","1.0","2023-09-25T14:33:29Z","fethy.faradji@infopro-digital.com"
"11/09/2026 14:53:56","Documents/Visual Studio 2017/Backup Files/Solution1/Recovered-oct.-02-2023-1152.~vs6440.sql","2.0","2023-09-25T15:08:30Z","fethy.faradji@infopro-digital.com"
"11/09/2026 14:53:57","Documents/Visual Studio 2017/Backup Files/Solution1/Recovered-oct.-02-2023-1152.~vs6440.sql","3.0","2023-09-25T15:13:30Z","fethy.faradji@infopro-digital.com"
"11/09/2026 14:54:00","Documents/Visual Studio 2017/Backup Files/Solution1/Recovered-oct.-02-2023-1152.~vs6993.sql","1.0","2023-09-27T13:52:29Z","fethy.faradji@infopro-digital.com"
"11/09/2026 14:54:04","Documents/Visual Studio 2017/Backup Files/Solution1/Recovered-oct.-02-2023-1152.~vs721C.sql","1.0","2023-09-26T14:03:55Z","fethy.faradji@infopro-digital.com"
"11/09/2026 14:54:05","Documents/Visual Studio 2017/Backup Files/Solution1/Recovered-oct.-02-2023-1152.~vs721C.sql","2.0","2023-09-26T14:18:54Z","fethy.faradji@infopro-digital.com"
"11/09/2026 14:54:09","Documents/Visual Studio 2017/Backup Files/Solution1/Recovered-oct.-02-2023-1152.~vs77B0.sql","1.0","2023-09-26T11:58:53Z","fethy.faradji@infopro-digital.com"
"11/09/2026 14:54:12","Documents/Visual Studio 2017/Backup Files/Solution1/Recovered-oct.-02-2023-1152.~vs7DE4.sql","1.0","2023-09-28T09:14:49Z","fethy.faradji@infopro-digital.com"
"11/09/2026 14:54:16","Documents/Visual Studio 2017/Backup Files/Solution1/Recovered-oct.-02-2023-1152.~vs8A99.sql","1.0","2023-09-26T13:53:53Z","fethy.faradji@infopro-digital.com"
"11/09/2026 14:54:17","Documents/Visual Studio 2017/Backup Files/Solution1/Recovered-oct.-02-2023-1152.~vs8A99.sql","2.0","2023-09-26T13:58:54Z","fethy.faradji@infopro-digital.com"
"11/09/2026 14:54:20","Documents/Visual Studio 2017/Backup Files/Solution1/Recovered-oct.-02-2023-1152.~vs9218.sql","1.0","2023-09-26T12:03:53Z","fethy.faradji@infopro-digital.com"
"11/09/2026 14:54:24","Documents/Visual Studio 2017/Backup Files/Solution1/Recovered-oct.-02-2023-1152.~vs9E66.sql","1.0","2023-09-28T08:39:49Z","fethy.faradji@infopro-digital.com"
"11/09/2026 14:54:27","Documents/Visual Studio 2017/Backup Files/Solution1/Recovered-oct.-02-2023-1152.~vs9F1C.sql","1.0","2023-09-28T08:09:48Z","fethy.faradji@infopro-digital.com"
"11/09/2026 14:54:29","Documents/Visual Studio 2017/Backup Files/Solution1/Recovered-oct.-02-2023-1152.~vs9F1C.sql","2.0","2023-09-28T08:14:48Z","fethy.faradji@infopro-digital.com"
"11/09/2026 14:54:32","Documents/Visual Studio 2017/Backup Files/Solution1/Recovered-oct.-02-2023-1152.~vsB586.sql","1.0","2023-09-27T14:49:39Z","fethy.faradji@infopro-digital.com"
"11/09/2026 14:54:33","Documents/Visual Studio 2017/Backup Files/Solution1/Recovered-oct.-02-2023-1152.~vsB586.sql","2.0","2023-09-27T14:59:39Z","fethy.faradji@infopro-digital.com"
"11/09/2026 14:54:36","Documents/Visual Studio 2017/Backup Files/Solution1/Recovered-oct.-02-2023-1152.~vsB6E9.sql","1.0","2023-09-27T14:34:39Z","fethy.faradji@infopro-digital.com"
"11/09/2026 14:54:37","Documents/Visual Studio 2017/Backup Files/Solution1/Recovered-oct.-02-2023-1152.~vsB6E9.sql","2.0","2023-09-27T14:49:39Z","fethy.faradji@infopro-digital.com"
"11/09/2026 14:54:38","Documents/Visual Studio 2017/Backup Files/Solution1/Recovered-oct.-02-2023-1152.~vsB6E9.sql","3.0","2023-09-27T14:54:39Z","fethy.faradji@infopro-digital.com"
"11/09/2026 14:54:39","Documents/Visual Studio 2017/Backup Files/Solution1/Recovered-oct.-02-2023-1152.~vsB6E9.sql","4.0","2023-09-27T14:59:39Z","fethy.faradji@infopro-digital.com"
"11/09/2026 14:54:43","Documents/Visual Studio 2017/Backup Files/Solution1/Recovered-oct.-02-2023-1152.~vsBCBE.sql","1.0","2023-09-28T07:54:48Z","fethy.faradji@infopro-digital.com"
"11/09/2026 14:54:44","Documents/Visual Studio 2017/Backup Files/Solution1/Recovered-oct.-02-2023-1152.~vsBCBE.sql","2.0","2023-09-28T07:59:48Z","fethy.faradji@infopro-digital.com"
"11/09/2026 14:54:47","Documents/Visual Studio 2017/Backup Files/Solution1/Recovered-oct.-02-2023-1152.~vsDDC3.sql","1.0","2023-09-26T14:03:54Z","fethy.faradji@infopro-digital.com"
"11/09/2026 14:54:48","Documents/Visual Studio 2017/Backup Files/Solution1/Recovered-oct.-02-2023-1152.~vsDDC3.sql","2.0","2023-09-26T14:08:54Z","fethy.faradji@infopro-digital.com"
"11/09/2026 14:54:49","Documents/Visual Studio 2017/Backup Files/Solution1/Recovered-oct.-02-2023-1152.~vsDDC3.sql","3.0","2023-09-26T14:18:54Z","fethy.faradji@infopro-digital.com"
"11/09/2026 14:54:52","Documents/Visual Studio 2017/Backup Files/Solution1/Recovered-oct.-02-2023-1152.~vsE71.sql","1.0","2023-09-28T09:04:49Z","fethy.faradji@infopro-digital.com"
"11/09/2026 14:54:53","Documents/Visual Studio 2017/Backup Files/Solution1/Recovered-oct.-02-2023-1152.~vsE71.sql","2.0","2023-09-28T09:09:49Z","fethy.faradji@infopro-digital.com"
"11/09/2026 14:54:57","Documents/Visual Studio 2017/Backup Files/Solution1/Recovered-oct.-07-2022-1047.~vs1445.sql","1.0","2022-09-28T10:12:04Z","fethy.faradji@infopro-digital.com"
"11/09/2026 14:54:58","Documents/Visual Studio 2017/Backup Files/Solution1/Recovered-oct.-07-2022-1047.~vs1445.sql","2.0","2022-10-03T08:35:13Z","fethy.faradji@infopro-digital.com"
"11/09/2026 14:55:01","Documents/Visual Studio 2017/Backup Files/Solution1/Recovered-oct.-07-2022-1047.~vs19A0.sql","1.0","2022-10-05T08:31:57Z","fethy.faradji@infopro-digital.com"
"11/09/2026 14:55:05","Documents/Visual Studio 2017/Backup Files/Solution1/Recovered-oct.-07-2022-1047.~vs2ADF.sql","1.0","2022-10-03T13:10:15Z","fethy.faradji@infopro-digital.com"
"11/09/2026 14:55:06","Documents/Visual Studio 2017/Backup Files/Solution1/Recovered-oct.-07-2022-1047.~vs2ADF.sql","2.0","2022-10-03T14:40:16Z","fethy.faradji@infopro-digital.com"
"11/09/2026 14:55:08","Documents/Visual Studio 2017/Backup Files/Solution1/Recovered-oct.-07-2022-1047.~vs2ADF.sql","3.0","2022-10-03T14:45:16Z","fethy.faradji@infopro-digital.com"
"11/09/2026 14:55:09","Documents/Visual Studio 2017/Backup Files/Solution1/Recovered-oct.-07-2022-1047.~vs2ADF.sql","4.0","2022-10-03T14:50:17Z","fethy.faradji@infopro-digital.com"
"11/09/2026 14:55:10","Documents/Visual Studio 2017/Backup Files/Solution1/Recovered-oct.-07-2022-1047.~vs2ADF.sql","5.0","2022-10-03T15:10:17Z","fethy.faradji@infopro-digital.com"
"11/09/2026 14:55:11","Documents/Visual Studio 2017/Backup Files/Solution1/Recovered-oct.-07-2022-1047.~vs2ADF.sql","6.0","2022-10-03T15:15:17Z","fethy.faradji@infopro-digital.com"
"11/09/2026 14:55:14","Documents/Visual Studio 2017/Backup Files/Solution1/Recovered-oct.-07-2022-1047.~vs4DE5.sql","1.0","2022-10-03T15:30:20Z","fethy.faradji@infopro-digital.com"
"11/09/2026 14:55:15","Documents/Visual Studio 2017/Backup Files/Solution1/Recovered-oct.-07-2022-1047.~vs4DE5.sql","2.0","2022-10-03T15:35:20Z","fethy.faradji@infopro-digital.com"
"11/09/2026 14:55:16","Documents/Visual Studio 2017/Backup Files/Solution1/Recovered-oct.-07-2022-1047.~vs4DE5.sql","3.0","2022-10-03T15:40:20Z","fethy.faradji@infopro-digital.com"
"11/09/2026 14:55:19","Documents/Visual Studio 2017/Backup Files/Solution1/Recovered-oct.-07-2022-1047.~vs63D6.sql","1.0","2022-10-03T15:40:20Z","fethy.faradji@infopro-digital.com"
"11/09/2026 14:55:23","Documents/Visual Studio 2017/Backup Files/Solution1/Recovered-oct.-07-2022-1047.~vs8438.sql","1.0","2022-09-28T10:12:04Z","fethy.faradji@infopro-digital.com"
"11/09/2026 14:55:27","Documents/Visual Studio 2017/Backup Files/Solution1/Recovered-oct.-07-2022-1047.~vsA8CD.sql","1.0","2022-10-06T07:57:23Z","fethy.faradji@infopro-digital.com"
"11/09/2026 14:55:30","Documents/Visual Studio 2017/Backup Files/Solution1/Recovered-oct.-07-2022-1047.~vsB3DA.sql","1.0","2022-09-28T10:02:04Z","fethy.faradji@infopro-digital.com"
"11/09/2026 14:55:32","Documents/Visual Studio 2017/Backup Files/Solution1/Recovered-oct.-07-2022-1047.~vsB3DA.sql","2.0","2022-09-28T10:07:04Z","fethy.faradji@infopro-digital.com"
"11/09/2026 14:55:35","Documents/Visual Studio 2017/Backup Files/Solution1/Recovered-oct.-07-2022-1047.~vsC0C6.sql","1.0","2022-10-05T08:26:57Z","fethy.faradji@infopro-digital.com"
"11/09/2026 14:55:38","Documents/Visual Studio 2017/Backup Files/Solution1/Recovered-oct.-07-2022-1047.~vsC0E9.sql","1.0","2022-10-05T08:36:57Z","fethy.faradji@infopro-digital.com"
"11/09/2026 14:55:42","Documents/Visual Studio 2017/Backup Files/Solution1/Recovered-oct.-07-2022-1047.~vsCA51.sql","1.0","2022-10-06T07:42:22Z","fethy.faradji@infopro-digital.com"
"11/09/2026 14:55:45","Documents/Visual Studio 2017/Backup Files/Solution1/Recovered-oct.-07-2022-1047.~vsE271.sql","1.0","2022-10-06T07:47:22Z","fethy.faradji@infopro-digital.com"
"11/09/2026 14:55:49","Documents/Visual Studio 2017/Backup Files/Solution1/Recovered-oct.-07-2022-1047.~vsF733.sql","1.0","2022-10-06T08:02:23Z","fethy.faradji@infopro-digital.com"
"11/09/2026 14:55:52","Documents/Visual Studio 2017/Backup Files/Solution1/Recovered-oct.-08-2024-1133.~vs12DC.sql","1.0","2024-10-01T12:15:14Z","fethy.faradji@infopro-digital.com"
"11/09/2026 14:55:53","Documents/Visual Studio 2017/Backup Files/Solution1/Recovered-oct.-08-2024-1133.~vs12DC.sql","2.0","2024-10-01T12:25:14Z","fethy.faradji@infopro-digital.com"
"11/09/2026 14:55:54","Documents/Visual Studio 2017/Backup Files/Solution1/Recovered-oct.-08-2024-1133.~vs12DC.sql","3.0","2024-10-02T07:39:01Z","fethy.faradji@infopro-digital.com"
"11/09/2026 14:55:57","Documents/Visual Studio 2017/Backup Files/Solution1/Recovered-oct.-11-2024-1101.~vs9A10.sql","1.0","2024-10-08T13:57:32Z","fethy.faradji@infopro-digital.com"
"11/09/2026 14:56:00","Documents/Visual Studio 2017/Backup Files/Solution1/Recovered-oct.-13-2022-1001.~vs1C85.sql","1.0","2022-10-12T12:31:26Z","fethy.faradji@infopro-digital.com"
"11/09/2026 14:56:03","Documents/Visual Studio 2017/Backup Files/Solution1/Recovered-oct.-13-2022-1001.~vsEE14.sql","1.0","2022-10-12T09:17:41Z","fethy.faradji@infopro-digital.com"
"11/09/2026 14:56:07","Documents/Visual Studio 2017/Backup Files/Solution1/Recovered-oct.-13-2023-1050.~vs1F44.sql","1.0","2023-10-12T09:53:02Z","fethy.faradji@infopro-digital.com"
"11/09/2026 14:56:10","Documents/Visual Studio 2017/Backup Files/Solution1/Recovered-oct.-13-2023-1050.~vs9941.sql","1.0","2023-10-11T09:38:52Z","fethy.faradji@infopro-digital.com"
"11/09/2026 14:56:13","Documents/Visual Studio 2017/Backup Files/Solution1/Recovered-oct.-13-2023-1050.~vsA633.sql","1.0","2023-10-04T10:04:17Z","fethy.faradji@infopro-digital.com"
"11/09/2026 14:56:17","Documents/Visual Studio 2017/Backup Files/Solution1/Recovered-oct.-13-2023-1050.~vsCA10.sql","1.0","2023-10-05T07:24:23Z","fethy.faradji@infopro-digital.com"
"11/09/2026 14:56:18","Documents/Visual Studio 2017/Backup Files/Solution1/Recovered-oct.-13-2023-1050.~vsCA10.sql","2.0","2023-10-05T07:29:23Z","fethy.faradji@infopro-digital.com"
"11/09/2026 14:56:19","Documents/Visual Studio 2017/Backup Files/Solution1/Recovered-oct.-13-2023-1050.~vsCA10.sql","3.0","2023-10-05T10:39:25Z","fethy.faradji@infopro-digital.com"
"11/09/2026 14:56:20","Documents/Visual Studio 2017/Backup Files/Solution1/Recovered-oct.-13-2023-1050.~vsCA10.sql","4.0","2023-10-09T13:16:22Z","fethy.faradji@infopro-digital.com"
"11/09/2026 14:56:21","Documents/Visual Studio 2017/Backup Files/Solution1/Recovered-oct.-13-2023-1050.~vsCA10.sql","5.0","2023-10-09T14:21:23Z","fethy.faradji@infopro-digital.com"
"11/09/2026 14:56:25","Documents/Visual Studio 2017/Backup Files/Solution1/Recovered-oct.-13-2023-1050.~vsCAFB.sql","1.0","2023-10-04T12:34:19Z","fethy.faradji@infopro-digital.com"
"11/09/2026 14:56:29","Documents/Visual Studio 2017/Backup Files/Solution1/Recovered-oct.-13-2023-1050.~vsD559.sql","1.0","2023-10-04T10:14:18Z","fethy.faradji@infopro-digital.com"
"11/09/2026 14:56:30","Documents/Visual Studio 2017/Backup Files/Solution1/Recovered-oct.-13-2023-1050.~vsD559.sql","2.0","2023-10-04T12:19:19Z","fethy.faradji@infopro-digital.com"
"11/09/2026 14:56:33","Documents/Visual Studio 2017/Backup Files/Solution1/Recovered-oct.-13-2023-1050.~vsF0B4.sql","1.0","2023-10-09T10:16:21Z","fethy.faradji@infopro-digital.com"
"11/09/2026 14:56:36","Documents/Visual Studio 2017/Backup Files/Solution1/Recovered-oct.-15-2024-0312.~vs63DE.sql","1.0","2024-10-11T09:11:20Z","fethy.faradji@infopro-digital.com"
"11/09/2026 14:56:38","Documents/Visual Studio 2017/Backup Files/Solution1/Recovered-oct.-15-2024-0312.~vs63DE.sql","2.0","2024-10-11T09:16:20Z","fethy.faradji@infopro-digital.com"
"11/09/2026 14:56:41","Documents/Visual Studio 2017/Backup Files/Solution1/Recovered-oct.-24-2023-0358.~vs3CD3.sql","1.0","2023-10-19T09:08:01Z","fethy.faradji@infopro-digital.com"
"11/09/2026 14:56:42","Documents/Visual Studio 2017/Backup Files/Solution1/Recovered-oct.-24-2023-0358.~vs3CD3.sql","2.0","2023-10-19T09:13:01Z","fethy.faradji@infopro-digital.com"
"11/09/2026 14:56:45","Documents/Visual Studio 2017/Backup Files/Solution1/Recovered-oct.-24-2023-0358.~vs436B.sql","1.0","2023-10-18T15:02:21Z","fethy.faradji@infopro-digital.com"
"11/09/2026 14:56:48","Documents/Visual Studio 2017/Backup Files/Solution1/Recovered-oct.-24-2023-0358.~vs44F7.sql","1.0","2023-10-20T15:23:01Z","fethy.faradji@infopro-digital.com"
"11/09/2026 14:56:49","Documents/Visual Studio 2017/Backup Files/Solution1/Recovered-oct.-24-2023-0358.~vs44F7.sql","2.0","2023-10-20T15:28:01Z","fethy.faradji@infopro-digital.com"
"11/09/2026 14:56:50","Documents/Visual Studio 2017/Backup Files/Solution1/Recovered-oct.-24-2023-0358.~vs44F7.sql","3.0","2023-10-20T15:33:01Z","fethy.faradji@infopro-digital.com"
"11/09/2026 14:56:54","Documents/Visual Studio 2017/Backup Files/Solution1/Recovered-oct.-24-2023-0358.~vs48A2.sql","1.0","2023-10-24T13:10:17Z","fethy.faradji@infopro-digital.com"
"11/09/2026 14:56:57","Documents/Visual Studio 2017/Backup Files/Solution1/Recovered-oct.-24-2023-0358.~vs48F1.sql","1.0","2023-10-20T15:23:01Z","fethy.faradji@infopro-digital.com"
"11/09/2026 14:57:00","Documents/Visual Studio 2017/Backup Files/Solution1/Recovered-oct.-24-2023-0358.~vs62E7.sql","1.0","2023-10-23T08:27:12Z","fethy.faradji@infopro-digital.com"
"11/09/2026 14:57:03","Documents/Visual Studio 2017/Backup Files/Solution1/Recovered-oct.-24-2023-0358.~vs951F.sql0","1.0","2023-10-23T08:57:09Z","fethy.faradji@infopro-digital.com"
"11/09/2026 14:57:06","Documents/Visual Studio 2017/Backup Files/Solution1/Recovered-oct.-24-2023-0358.~vsB04C.sql","1.0","2023-10-23T08:27:12Z","fethy.faradji@infopro-digital.com"
"11/09/2026 14:57:11","Documents/Visual Studio 2017/Backup Files/Solution1/Recovered-oct.-24-2023-0358.~vsBAF0.sql","1.0","2023-10-24T12:55:17Z","fethy.faradji@infopro-digital.com"
"11/09/2026 14:57:12","Documents/Visual Studio 2017/Backup Files/Solution1/Recovered-oct.-24-2023-0358.~vsBAF0.sql","2.0","2023-10-24T13:00:17Z","fethy.faradji@infopro-digital.com"
"11/09/2026 14:57:13","Documents/Visual Studio 2017/Backup Files/Solution1/Recovered-oct.-24-2023-0358.~vsBAF0.sql","3.0","2023-10-24T13:05:17Z","fethy.faradji@infopro-digital.com"
"11/09/2026 14:57:15","Documents/Visual Studio 2017/Backup Files/Solution1/Recovered-oct.-24-2023-0358.~vsEC4.sql","1.0","2023-10-18T12:57:20Z","fethy.faradji@infopro-digital.com"
"11/09/2026 14:57:17","Documents/Visual Studio 2017/Backup Files/Solution1/Recovered-oct.-24-2023-0358.~vsEC4.sql","2.0","2023-10-18T13:07:20Z","fethy.faradji@infopro-digital.com"
"11/09/2026 14:57:17","Documents/Visual Studio 2017/Backup Files/Solution1/Recovered-oct.-24-2023-0358.~vsEC4.sql","3.0","2023-10-18T13:12:20Z","fethy.faradji@infopro-digital.com"
"11/09/2026 14:57:19","Documents/Visual Studio 2017/Backup Files/Solution1/Recovered-oct.-24-2023-0358.~vsEC4.sql","4.0","2023-10-18T13:17:21Z","fethy.faradji@infopro-digital.com"
"11/09/2026 14:57:22","Documents/Visual Studio 2017/Backup Files/Solution1/Recovered-oct.-24-2023-0358.~vsECE.sql","1.0","2023-10-23T08:57:09Z","fethy.faradji@infopro-digital.com"
"11/09/2026 14:57:25","Documents/Visual Studio 2017/Backup Files/Solution1/Recovered-oct.-27-2022-0328.~vs2035.sql","1.0","2022-10-25T13:01:14Z","fethy.faradji@infopro-digital.com"
"11/09/2026 14:57:28","Documents/Visual Studio 2017/Backup Files/Solution1/Recovered-oct.-27-2022-0328.~vs521E.sql","1.0","2022-10-25T08:06:13Z","fethy.faradji@infopro-digital.com"
"11/09/2026 14:57:31","Documents/Visual Studio 2017/Backup Files/Solution1/Recovered-oct.-27-2022-0328.~vs79E0.sql","1.0","2022-10-25T08:01:13Z","fethy.faradji@infopro-digital.com"
"11/09/2026 14:57:36","Documents/Visual Studio 2017/Backup Files/Solution1/Recovered-oct.-27-2022-0328.~vs79E0.sql","2.0","2022-10-25T08:06:13Z","fethy.faradji@infopro-digital.com"
"11/09/2026 14:57:38","Documents/Visual Studio 2017/Backup Files/Solution1/Recovered-oct.-27-2022-0328.~vsD1B6.sql","1.0","2022-10-25T09:36:13Z","fethy.faradji@infopro-digital.com"
"11/09/2026 14:57:40","Documents/Visual Studio 2017/Backup Files/Solution1/Recovered-oct.-27-2022-0328.~vsD1B6.sql","2.0","2022-10-25T09:41:13Z","fethy.faradji@infopro-digital.com"
"11/09/2026 14:57:41","Documents/Visual Studio 2017/Backup Files/Solution1/Recovered-oct.-27-2022-0328.~vsD1B6.sql","3.0","2022-10-25T10:06:13Z","fethy.faradji@infopro-digital.com"
"11/09/2026 14:57:42","Documents/Visual Studio 2017/Backup Files/Solution1/Recovered-oct.-27-2022-0328.~vsD1B6.sql","4.0","2022-10-25T10:11:13Z","fethy.faradji@infopro-digital.com"
"11/09/2026 14:57:44","Documents/Visual Studio 2017/Backup Files/Solution1/Recovered-oct.-27-2022-0328.~vsD2F1.sql","1.0","2022-10-25T07:51:14Z","fethy.faradji@infopro-digital.com"
"11/09/2026 14:57:48","Documents/Visual Studio 2017/Backup Files/Solution1/Recovered-oct.-27-2022-0328.~vsE37E.sql","1.0","2022-10-25T13:01:14Z","fethy.faradji@infopro-digital.com"
"11/09/2026 14:57:49","Documents/Visual Studio 2017/Backup Files/Solution1/Recovered-oct.-27-2022-0328.~vsE37E.sql","2.0","2022-10-25T13:06:14Z","fethy.faradji@infopro-digital.com"
"11/09/2026 14:57:52","Documents/Visual Studio 2017/Backup Files/Solution1/Recovered-oct.-30-2024-0434.~vs28F4.sql","1.0","2024-10-18T07:57:36Z","fethy.faradji@infopro-digital.com"
"11/09/2026 14:57:53","Documents/Visual Studio 2017/Backup Files/Solution1/Recovered-oct.-30-2024-0434.~vs28F4.sql","2.0","2024-10-18T08:02:36Z","fethy.faradji@infopro-digital.com"
"11/09/2026 14:57:56","Documents/Visual Studio 2017/Backup Files/Solution1/Recovered-oct.-30-2024-0434.~vs867C.sql","1.0","2024-10-18T07:52:36Z","fethy.faradji@infopro-digital.com"
"11/09/2026 14:58:00","Documents/Visual Studio 2017/Backup Files/Solution1/Recovered-oct.-30-2024-0434.~vs8AFB.sql","1.0","2024-10-21T13:41:31Z","fethy.faradji@infopro-digital.com"
"11/09/2026 14:58:01","Documents/Visual Studio 2017/Backup Files/Solution1/Recovered-oct.-30-2024-0434.~vs8AFB.sql","2.0","2024-10-21T13:46:31Z","fethy.faradji@infopro-digital.com"
"11/09/2026 14:58:02","Documents/Visual Studio 2017/Backup Files/Solution1/Recovered-oct.-30-2024-0434.~vs8AFB.sql","3.0","2024-10-23T12:18:49Z","fethy.faradji@infopro-digital.com"
"11/09/2026 14:58:05","Documents/Visual Studio 2017/Backup Files/Solution1/Recovered-oct.-30-2024-0434.~vs9E84.sql","1.0","2024-10-18T07:57:36Z","fethy.faradji@infopro-digital.com"
"11/09/2026 14:58:09","Documents/Visual Studio 2017/Backup Files/Solution1/Recovered-oct.-30-2024-0434.~vsAB87.sql","1.0","2024-10-21T13:46:31Z","fethy.faradji@infopro-digital.com"
"11/09/2026 14:58:12","Documents/Visual Studio 2017/Backup Files/Solution1/Recovered-oct.-30-2024-0434.~vsDF8D.sql","1.0","2024-10-18T08:02:36Z","fethy.faradji@infopro-digital.com"
"11/09/2026 14:58:16","Documents/Visual Studio 2017/Backup Files/Solution1/Recovered-oct.-30-2024-0434.~vsF27.sql","1.0","2024-10-21T13:21:31Z","fethy.faradji@infopro-digital.com"
"11/09/2026 14:58:17","Documents/Visual Studio 2017/Backup Files/Solution1/Recovered-oct.-30-2024-0434.~vsF27.sql","2.0","2024-10-21T13:36:31Z","fethy.faradji@infopro-digital.com"
"11/09/2026 14:58:20","Documents/Visual Studio 2017/Backup Files/Solution1/Recovered-sept.-05-2022-0200.~vs16DC.sql","1.0","2022-08-31T14:41:30Z","fethy.faradji@infopro-digital.com"
"11/09/2026 14:58:24","Documents/Visual Studio 2017/Backup Files/Solution1/Recovered-sept.-05-2022-0200.~vs67B.sql","1.0","2022-09-02T08:54:12Z","fethy.faradji@infopro-digital.com"
"11/09/2026 14:58:27","Documents/Visual Studio 2017/Backup Files/Solution1/Recovered-sept.-05-2022-0200.requete clean support web (1).sql","1.0","2022-09-02T08:49:12Z","fethy.faradji@infopro-digital.com"
"11/09/2026 14:58:28","Documents/Visual Studio 2017/Backup Files/Solution1/Recovered-sept.-05-2022-0200.requete clean support web (1).sql","2.0","2022-09-02T08:59:12Z","fethy.faradji@infopro-digital.com"
"11/09/2026 14:58:32","Documents/Visual Studio 2017/Backup Files/Solution1/Recovered-sept.-10-2025-1158.~vs2453.sql","1.0","2025-08-27T09:48:02Z","fethy.faradji@infopro-digital.com"
"11/09/2026 14:58:35","Documents/Visual Studio 2017/Backup Files/Solution1/Recovered-sept.-10-2025-1158.~vs6461.sql","1.0","2025-08-25T08:13:10Z","fethy.faradji@infopro-digital.com"
"11/09/2026 14:58:38","Documents/Visual Studio 2017/Backup Files/Solution1/Recovered-sept.-10-2025-1158.~vsBA3F.sql","1.0","2025-08-27T08:48:01Z","fethy.faradji@infopro-digital.com"
"11/09/2026 14:58:40","Documents/Visual Studio 2017/Backup Files/Solution1/Recovered-sept.-10-2025-1158.~vsBA3F.sql","2.0","2025-08-27T09:43:01Z","fethy.faradji@infopro-digital.com"
"11/09/2026 14:58:41","Documents/Visual Studio 2017/Backup Files/Solution1/Recovered-sept.-10-2025-1158.~vsBA3F.sql","3.0","2025-08-27T09:48:02Z","fethy.faradji@infopro-digital.com"
"11/09/2026 14:58:41","Documents/Visual Studio 2017/Backup Files/Solution1/Recovered-sept.-10-2025-1158.~vsBA3F.sql","4.0","2025-08-27T09:53:02Z","fethy.faradji@infopro-digital.com"
"11/09/2026 14:58:45","Documents/Visual Studio 2017/Backup Files/Solution1/Recovered-sept.-10-2025-1158.~vsC378.sql","1.0","2025-08-25T08:03:08Z","fethy.faradji@infopro-digital.com"
"11/09/2026 14:58:46","Documents/Visual Studio 2017/Backup Files/Solution1/Recovered-sept.-10-2025-1158.~vsC378.sql","2.0","2025-08-25T08:08:08Z","fethy.faradji@infopro-digital.com"
"11/09/2026 14:58:47","Documents/Visual Studio 2017/Backup Files/Solution1/Recovered-sept.-10-2025-1158.~vsC378.sql","3.0","2025-08-25T08:13:10Z","fethy.faradji@infopro-digital.com"
"11/09/2026 14:58:48","Documents/Visual Studio 2017/Backup Files/Solution1/Recovered-sept.-10-2025-1158.~vsC378.sql","4.0","2025-08-26T07:47:44Z","fethy.faradji@infopro-digital.com"
"11/09/2026 14:58:49","Documents/Visual Studio 2017/Backup Files/Solution1/Recovered-sept.-10-2025-1158.~vsC378.sql","5.0","2025-08-26T07:52:44Z","fethy.faradji@infopro-digital.com"
"11/09/2026 14:58:51","Documents/Visual Studio 2017/Backup Files/Solution1/Recovered-sept.-11-2023-1046.~vs1B1.sql","1.0","2023-09-06T13:39:07Z","fethy.faradji@infopro-digital.com"
"11/09/2026 14:58:53","Documents/Visual Studio 2017/Backup Files/Solution1/Recovered-sept.-11-2023-1046.~vs1B1.sql","2.0","2023-09-06T13:44:07Z","fethy.faradji@infopro-digital.com"
"11/09/2026 14:58:54","Documents/Visual Studio 2017/Backup Files/Solution1/Recovered-sept.-11-2023-1046.~vs1B1.sql","3.0","2023-09-06T14:04:07Z","fethy.faradji@infopro-digital.com"
"11/09/2026 14:58:57","Documents/Visual Studio 2017/Backup Files/Solution1/Recovered-sept.-11-2023-1046.~vs218C.sql","1.0","2023-09-07T09:55:02Z","fethy.faradji@infopro-digital.com"
"11/09/2026 14:58:58","Documents/Visual Studio 2017/Backup Files/Solution1/Recovered-sept.-11-2023-1046.~vs218C.sql","2.0","2023-09-07T10:00:02Z","fethy.faradji@infopro-digital.com"
"11/09/2026 14:59:01","Documents/Visual Studio 2017/Backup Files/Solution1/Recovered-sept.-11-2023-1046.~vs24CF.sql","1.0","2023-09-04T08:32:00Z","fethy.faradji@infopro-digital.com"
"11/09/2026 14:59:03","Documents/Visual Studio 2017/Backup Files/Solution1/Recovered-sept.-11-2023-1046.~vs24CF.sql","2.0","2023-09-04T08:37:00Z","fethy.faradji@infopro-digital.com"
"11/09/2026 14:59:04","Documents/Visual Studio 2017/Backup Files/Solution1/Recovered-sept.-11-2023-1046.~vs24CF.sql","3.0","2023-09-04T08:52:00Z","fethy.faradji@infopro-digital.com"
"11/09/2026 14:59:06","Documents/Visual Studio 2017/Backup Files/Solution1/Recovered-sept.-11-2023-1046.~vs2E.sql","1.0","2023-09-05T15:34:06Z","fethy.faradji@infopro-digital.com"
"11/09/2026 14:59:11","Documents/Visual Studio 2017/Backup Files/Solution1/Recovered-sept.-11-2023-1046.~vs3675.sql","1.0","2023-09-04T14:22:05Z","fethy.faradji@infopro-digital.com"
"11/09/2026 14:59:12","Documents/Visual Studio 2017/Backup Files/Solution1/Recovered-sept.-11-2023-1046.~vs3675.sql","2.0","2023-09-04T14:27:05Z","fethy.faradji@infopro-digital.com"
"11/09/2026 14:59:13","Documents/Visual Studio 2017/Backup Files/Solution1/Recovered-sept.-11-2023-1046.~vs3675.sql","3.0","2023-09-04T14:32:05Z","fethy.faradji@infopro-digital.com"
"11/09/2026 14:59:16","Documents/Visual Studio 2017/Backup Files/Solution1/Recovered-sept.-11-2023-1046.~vs3D91.sql","1.0","2023-08-25T13:22:01Z","fethy.faradji@infopro-digital.com"
"11/09/2026 14:59:18","Documents/Visual Studio 2017/Backup Files/Solution1/Recovered-sept.-11-2023-1046.~vs3D91.sql","2.0","2023-08-25T13:27:01Z","fethy.faradji@infopro-digital.com"
"11/09/2026 14:59:21","Documents/Visual Studio 2017/Backup Files/Solution1/Recovered-sept.-11-2023-1046.~vs4134.sql","1.0","2023-09-05T15:39:06Z","fethy.faradji@infopro-digital.com"
"11/09/2026 14:59:22","Documents/Visual Studio 2017/Backup Files/Solution1/Recovered-sept.-11-2023-1046.~vs4134.sql","2.0","2023-09-05T15:44:07Z","fethy.faradji@infopro-digital.com"
"11/09/2026 14:59:26","Documents/Visual Studio 2017/Backup Files/Solution1/Recovered-sept.-11-2023-1046.~vs438D.sql","1.0","2023-09-05T15:44:07Z","fethy.faradji@infopro-digital.com"
"11/09/2026 14:59:30","Documents/Visual Studio 2017/Backup Files/Solution1/Recovered-sept.-11-2023-1046.~vs4B9C.sql","1.0","2023-09-04T14:07:05Z","fethy.faradji@infopro-digital.com"
"11/09/2026 14:59:34","Documents/Visual Studio 2017/Backup Files/Solution1/Recovered-sept.-11-2023-1046.~vs519B.sql","1.0","2023-09-06T13:29:07Z","fethy.faradji@infopro-digital.com"
"11/09/2026 14:59:37","Documents/Visual Studio 2017/Backup Files/Solution1/Recovered-sept.-11-2023-1046.~vs5586.sql","1.0","2023-09-05T15:44:07Z","fethy.faradji@infopro-digital.com"
"11/09/2026 14:59:41","Documents/Visual Studio 2017/Backup Files/Solution1/Recovered-sept.-11-2023-1046.~vs6067.sql","1.0","2023-09-05T15:34:06Z","fethy.faradji@infopro-digital.com"
"11/09/2026 14:59:45","Documents/Visual Studio 2017/Backup Files/Solution1/Recovered-sept.-11-2023-1046.~vs8430.sql","1.0","2023-09-04T14:12:05Z","fethy.faradji@infopro-digital.com"
"11/09/2026 14:59:48","Documents/Visual Studio 2017/Backup Files/Solution1/Recovered-sept.-11-2023-1046.~vs8530.sql","1.0","2023-09-07T09:50:02Z","fethy.faradji@infopro-digital.com"
"11/09/2026 14:59:52","Documents/Visual Studio 2017/Backup Files/Solution1/Recovered-sept.-11-2023-1046.~vs94B6.sql","1.0","2023-09-07T08:20:01Z","fethy.faradji@infopro-digital.com"
"11/09/2026 14:59:53","Documents/Visual Studio 2017/Backup Files/Solution1/Recovered-sept.-11-2023-1046.~vs94B6.sql","2.0","2023-09-07T08:25:01Z","fethy.faradji@infopro-digital.com"
"11/09/2026 14:59:54","Documents/Visual Studio 2017/Backup Files/Solution1/Recovered-sept.-11-2023-1046.~vs94B6.sql","3.0","2023-09-07T08:30:01Z","fethy.faradji@infopro-digital.com"
"11/09/2026 14:59:56","Documents/Visual Studio 2017/Backup Files/Solution1/Recovered-sept.-11-2023-1046.~vs94B6.sql","4.0","2023-09-07T08:35:01Z","fethy.faradji@infopro-digital.com"
"11/09/2026 14:59:57","Documents/Visual Studio 2017/Backup Files/Solution1/Recovered-sept.-11-2023-1046.~vs94B6.sql","5.0","2023-09-07T09:35:01Z","fethy.faradji@infopro-digital.com"
"11/09/2026 14:59:58","Documents/Visual Studio 2017/Backup Files/Solution1/Recovered-sept.-11-2023-1046.~vs94B6.sql","6.0","2023-09-07T09:40:02Z","fethy.faradji@infopro-digital.com"
"11/09/2026 14:59:59","Documents/Visual Studio 2017/Backup Files/Solution1/Recovered-sept.-11-2023-1046.~vs94B6.sql","7.0","2023-09-07T09:45:01Z","fethy.faradji@infopro-digital.com"
"11/09/2026 15:00:03","Documents/Visual Studio 2017/Backup Files/Solution1/Recovered-sept.-11-2023-1046.~vs99EF.sql","1.0","2023-09-06T14:49:08Z","fethy.faradji@infopro-digital.com"
"11/09/2026 15:00:07","Documents/Visual Studio 2017/Backup Files/Solution1/Recovered-sept.-11-2023-1046.~vsA127.sql","1.0","2023-09-07T09:30:01Z","fethy.faradji@infopro-digital.com"
"11/09/2026 15:00:08","Documents/Visual Studio 2017/Backup Files/Solution1/Recovered-sept.-11-2023-1046.~vsA127.sql","2.0","2023-09-07T09:35:01Z","fethy.faradji@infopro-digital.com"
"11/09/2026 15:00:09","Documents/Visual Studio 2017/Backup Files/Solution1/Recovered-sept.-11-2023-1046.~vsA127.sql","3.0","2023-09-07T09:40:01Z","fethy.faradji@infopro-digital.com"
"11/09/2026 15:00:10","Documents/Visual Studio 2017/Backup Files/Solution1/Recovered-sept.-11-2023-1046.~vsA127.sql","4.0","2023-09-07T09:45:01Z","fethy.faradji@infopro-digital.com"
"11/09/2026 15:00:14","Documents/Visual Studio 2017/Backup Files/Solution1/Recovered-sept.-11-2023-1046.~vsAA7B.sql","1.0","2023-09-05T15:39:06Z","fethy.faradji@infopro-digital.com"
"11/09/2026 15:00:18","Documents/Visual Studio 2017/Backup Files/Solution1/Recovered-sept.-11-2023-1046.~vsAF03.sql","1.0","2023-09-05T15:39:06Z","fethy.faradji@infopro-digital.com"
"11/09/2026 15:00:22","Documents/Visual Studio 2017/Backup Files/Solution1/Recovered-sept.-11-2023-1046.~vsCD9.sql","1.0","2023-09-06T13:44:07Z","fethy.faradji@infopro-digital.com"
"11/09/2026 15:00:23","Documents/Visual Studio 2017/Backup Files/Solution1/Recovered-sept.-11-2023-1046.~vsCD9.sql","2.0","2023-09-06T14:04:07Z","fethy.faradji@infopro-digital.com"
"11/09/2026 15:00:24","Documents/Visual Studio 2017/Backup Files/Solution1/Recovered-sept.-11-2023-1046.~vsCD9.sql","3.0","2023-09-06T14:19:07Z","fethy.faradji@infopro-digital.com"
"11/09/2026 15:00:25","Documents/Visual Studio 2017/Backup Files/Solution1/Recovered-sept.-11-2023-1046.~vsCD9.sql","4.0","2023-09-06T14:34:07Z","fethy.faradji@infopro-digital.com"
"11/09/2026 15:00:29","Documents/Visual Studio 2017/Backup Files/Solution1/Recovered-sept.-11-2023-1046.~vsD73D.sql","1.0","2023-09-07T09:45:01Z","fethy.faradji@infopro-digital.com"
"11/09/2026 15:00:34","Documents/Visual Studio 2017/Backup Files/Solution1/Recovered-sept.-11-2023-1046.~vsDB22.sql","1.0","2023-09-04T14:17:05Z","fethy.faradji@infopro-digital.com"
"11/09/2026 15:00:36","Documents/Visual Studio 2017/Backup Files/Solution1/Recovered-sept.-11-2023-1046.~vsDB22.sql","2.0","2023-09-04T14:22:06Z","fethy.faradji@infopro-digital.com"
"11/09/2026 15:00:40","Documents/Visual Studio 2017/Backup Files/Solution1/Recovered-sept.-11-2023-1046.~vsEE21.sql","1.0","2023-09-06T15:09:08Z","fethy.faradji@infopro-digital.com"
"11/09/2026 15:00:43","Documents/Visual Studio 2017/Backup Files/Solution1/Recovered-sept.-11-2023-1046.~vsF728.sql","1.0","2023-09-04T13:42:05Z","fethy.faradji@infopro-digital.com"
"11/09/2026 15:00:45","Documents/Visual Studio 2017/Backup Files/Solution1/Recovered-sept.-11-2023-1046.~vsF728.sql","2.0","2023-09-04T13:47:05Z","fethy.faradji@infopro-digital.com"
"11/09/2026 15:00:46","Documents/Visual Studio 2017/Backup Files/Solution1/Recovered-sept.-11-2023-1046.~vsF728.sql","3.0","2023-09-04T14:12:05Z","fethy.faradji@infopro-digital.com"
"11/09/2026 15:00:50","Documents/Visual Studio 2017/Backup Files/Solution1/Recovered-sept.-11-2023-1046.~vsFB32.sql","1.0","2023-09-04T14:12:05Z","fethy.faradji@infopro-digital.com"
"11/09/2026 15:00:52","Documents/Visual Studio 2017/Backup Files/Solution1/Recovered-sept.-11-2023-1046.~vsFB32.sql","2.0","2023-09-04T14:17:05Z","fethy.faradji@infopro-digital.com"
"11/09/2026 15:00:53","Documents/Visual Studio 2017/Backup Files/Solution1/Recovered-sept.-11-2023-1046.~vsFB32.sql","3.0","2023-09-04T14:22:06Z","fethy.faradji@infopro-digital.com"
"11/09/2026 15:00:57","Documents/Visual Studio 2017/Backup Files/Solution1/Recovered-sept.-17-2024-0237.~vs4E73.sql","1.0","2024-09-11T09:51:16Z","fethy.faradji@infopro-digital.com"
"11/09/2026 15:00:58","Documents/Visual Studio 2017/Backup Files/Solution1/Recovered-sept.-17-2024-0237.~vs4E73.sql","2.0","2024-09-11T09:56:15Z","fethy.faradji@infopro-digital.com"
"11/09/2026 15:01:02","Documents/Visual Studio 2017/Backup Files/Solution1/Recovered-sept.-17-2024-0237.~vsD712.sql","1.0","2024-09-10T08:00:24Z","fethy.faradji@infopro-digital.com"
"11/09/2026 15:01:04","Documents/Visual Studio 2017/Backup Files/Solution1/Recovered-sept.-17-2024-0237.~vsD712.sql","2.0","2024-09-10T08:05:24Z","fethy.faradji@infopro-digital.com"
"11/09/2026 15:01:05","Documents/Visual Studio 2017/Backup Files/Solution1/Recovered-sept.-17-2024-0237.~vsD712.sql","3.0","2024-09-10T08:10:24Z","fethy.faradji@infopro-digital.com"
"11/09/2026 15:01:06","Documents/Visual Studio 2017/Backup Files/Solution1/Recovered-sept.-17-2024-0237.~vsD712.sql","4.0","2024-09-11T09:56:15Z","fethy.faradji@infopro-digital.com"
"11/09/2026 15:01:10","Documents/Visual Studio 2017/Backup Files/Solution1/Recovered-sept.-18-2023-1242.~vs74A2.sql","1.0","2023-08-21T13:27:14Z","fethy.faradji@infopro-digital.com"
"11/09/2026 15:01:13","Documents/Visual Studio 2017/Backup Files/Solution1/Recovered-sept.-21-2023-0248.~vs2963.sql","1.0","2023-09-21T08:32:52Z","fethy.faradji@infopro-digital.com"
"11/09/2026 15:01:15","Documents/Visual Studio 2017/Backup Files/Solution1/Recovered-sept.-21-2023-0248.~vs2963.sql","2.0","2023-09-21T08:52:52Z","fethy.faradji@infopro-digital.com"
"11/09/2026 15:01:18","Documents/Visual Studio 2017/Backup Files/Solution1/Recovered-sept.-21-2023-0248.~vs2C30.sql","1.0","2023-09-20T14:44:08Z","fethy.faradji@infopro-digital.com"
"11/09/2026 15:01:20","Documents/Visual Studio 2017/Backup Files/Solution1/Recovered-sept.-21-2023-0248.~vs2C30.sql","2.0","2023-09-20T14:49:08Z","fethy.faradji@infopro-digital.com"
"11/09/2026 15:01:21","Documents/Visual Studio 2017/Backup Files/Solution1/Recovered-sept.-21-2023-0248.~vs2C30.sql","3.0","2023-09-20T14:59:08Z","fethy.faradji@infopro-digital.com"
"11/09/2026 15:01:22","Documents/Visual Studio 2017/Backup Files/Solution1/Recovered-sept.-21-2023-0248.~vs2C30.sql","4.0","2023-09-20T15:19:08Z","fethy.faradji@infopro-digital.com"
"11/09/2026 15:01:23","Documents/Visual Studio 2017/Backup Files/Solution1/Recovered-sept.-21-2023-0248.~vs2C30.sql","5.0","2023-09-20T15:39:08Z","fethy.faradji@infopro-digital.com"
"11/09/2026 15:01:24","Documents/Visual Studio 2017/Backup Files/Solution1/Recovered-sept.-21-2023-0248.~vs2C30.sql","6.0","2023-09-20T15:44:08Z","fethy.faradji@infopro-digital.com"
"11/09/2026 15:01:25","Documents/Visual Studio 2017/Backup Files/Solution1/Recovered-sept.-21-2023-0248.~vs2C30.sql","7.0","2023-09-20T15:59:12Z","fethy.faradji@infopro-digital.com"
"11/09/2026 15:01:26","Documents/Visual Studio 2017/Backup Files/Solution1/Recovered-sept.-21-2023-0248.~vs2C30.sql","8.0","2023-09-20T16:14:08Z","fethy.faradji@infopro-digital.com"
"11/09/2026 15:01:28","Documents/Visual Studio 2017/Backup Files/Solution1/Recovered-sept.-21-2023-0248.~vs2C30.sql","9.0","2023-09-21T08:32:52Z","fethy.faradji@infopro-digital.com"
"11/09/2026 15:01:29","Documents/Visual Studio 2017/Backup Files/Solution1/Recovered-sept.-21-2023-0248.~vs2C30.sql","10.0","2023-09-21T08:47:52Z","fethy.faradji@infopro-digital.com"
"11/09/2026 15:01:32","Documents/Visual Studio 2017/Backup Files/Solution1/Recovered-sept.-21-2023-0248.~vsBD11.sql","1.0","2023-09-21T08:47:52Z","fethy.faradji@infopro-digital.com"
"11/09/2026 15:01:34","Documents/Visual Studio 2017/Backup Files/Solution1/Recovered-sept.-21-2023-0248.~vsBD11.sql","2.0","2023-09-21T08:52:52Z","fethy.faradji@infopro-digital.com"
"11/09/2026 15:01:37","Documents/Visual Studio 2017/Backup Files/Solution1/Recovered-sept.-21-2023-0248.~vsC5B8.sql","1.0","2023-09-21T08:52:52Z","fethy.faradji@infopro-digital.com"
"11/09/2026 15:01:41","Documents/Visual Studio 2017/Backup Files/Solution1/Recovered-sept.-21-2023-0248.~vsDD73.sql","1.0","2023-09-20T14:44:08Z","fethy.faradji@infopro-digital.com"
"11/09/2026 15:01:43","Documents/Visual Studio 2017/Backup Files/Solution1/Recovered-sept.-21-2023-0248.~vsDD73.sql","2.0","2023-09-20T14:49:08Z","fethy.faradji@infopro-digital.com"
"11/09/2026 15:01:44","Documents/Visual Studio 2017/Backup Files/Solution1/Recovered-sept.-21-2023-0248.~vsDD73.sql","3.0","2023-09-20T15:49:09Z","fethy.faradji@infopro-digital.com"
"11/09/2026 15:01:48","Documents/Visual Studio 2017/Backup Files/Solution1/Recovered-sept.-21-2023-0248.~vsFEC6.sql","1.0","2023-09-20T14:44:08Z","fethy.faradji@infopro-digital.com"
"11/09/2026 15:01:49","Documents/Visual Studio 2017/Backup Files/Solution1/Recovered-sept.-21-2023-0248.~vsFEC6.sql","2.0","2023-09-20T15:14:08Z","fethy.faradji@infopro-digital.com"
"11/09/2026 15:01:50","Documents/Visual Studio 2017/Backup Files/Solution1/Recovered-sept.-21-2023-0248.~vsFEC6.sql","3.0","2023-09-20T15:24:08Z","fethy.faradji@infopro-digital.com"
"11/09/2026 15:01:51","Documents/Visual Studio 2017/Backup Files/Solution1/Recovered-sept.-21-2023-0248.~vsFEC6.sql","4.0","2023-09-20T15:49:08Z","fethy.faradji@infopro-digital.com"
"11/09/2026 15:01:52","Documents/Visual Studio 2017/Backup Files/Solution1/Recovered-sept.-21-2023-0248.~vsFEC6.sql","5.0","2023-09-20T15:54:08Z","fethy.faradji@infopro-digital.com"
"11/09/2026 15:01:53","Documents/Visual Studio 2017/Backup Files/Solution1/Recovered-sept.-21-2023-0248.~vsFEC6.sql","6.0","2023-09-20T16:09:08Z","fethy.faradji@infopro-digital.com"
"11/09/2026 15:01:54","Documents/Visual Studio 2017/Backup Files/Solution1/Recovered-sept.-21-2023-0248.~vsFEC6.sql","7.0","2023-09-21T08:42:52Z","fethy.faradji@infopro-digital.com"
"11/09/2026 15:01:58","Documents/Visual Studio 2017/Backup Files/Solution1/Recovered-sept.-21-2023-0250.~vs198A.sql","1.0","2023-09-14T12:55:33Z","fethy.faradji@infopro-digital.com"
"11/09/2026 15:02:02","Documents/Visual Studio 2017/Backup Files/Solution1/Recovered-sept.-21-2023-0250.~vs37DE.sql","1.0","2023-09-15T08:29:55Z","fethy.faradji@infopro-digital.com"
"11/09/2026 15:02:03","Documents/Visual Studio 2017/Backup Files/Solution1/Recovered-sept.-21-2023-0250.~vs37DE.sql","2.0","2023-09-15T08:34:55Z","fethy.faradji@infopro-digital.com"
"11/09/2026 15:02:06","Documents/Visual Studio 2017/Backup Files/Solution1/Recovered-sept.-21-2023-0250.~vs4714.sql","1.0","2023-09-15T08:59:56Z","fethy.faradji@infopro-digital.com"
"11/09/2026 15:02:08","Documents/Visual Studio 2017/Backup Files/Solution1/Recovered-sept.-21-2023-0250.~vs4714.sql","2.0","2023-09-15T09:09:56Z","fethy.faradji@infopro-digital.com"
"11/09/2026 15:02:08","Documents/Visual Studio 2017/Backup Files/Solution1/Recovered-sept.-21-2023-0250.~vs4714.sql","3.0","2023-09-15T09:14:56Z","fethy.faradji@infopro-digital.com"
"11/09/2026 15:02:10","Documents/Visual Studio 2017/Backup Files/Solution1/Recovered-sept.-21-2023-0250.~vs4714.sql","4.0","2023-09-15T09:19:56Z","fethy.faradji@infopro-digital.com"
"11/09/2026 15:02:11","Documents/Visual Studio 2017/Backup Files/Solution1/Recovered-sept.-21-2023-0250.~vs4714.sql","5.0","2023-09-15T09:24:56Z","fethy.faradji@infopro-digital.com"
"11/09/2026 15:02:12","Documents/Visual Studio 2017/Backup Files/Solution1/Recovered-sept.-21-2023-0250.~vs4714.sql","6.0","2023-09-15T10:29:56Z","fethy.faradji@infopro-digital.com"
"11/09/2026 15:02:13","Documents/Visual Studio 2017/Backup Files/Solution1/Recovered-sept.-21-2023-0250.~vs4714.sql","7.0","2023-09-15T12:24:58Z","fethy.faradji@infopro-digital.com"
"11/09/2026 15:02:14","Documents/Visual Studio 2017/Backup Files/Solution1/Recovered-sept.-21-2023-0250.~vs4714.sql","8.0","2023-09-15T12:29:58Z","fethy.faradji@infopro-digital.com"
"11/09/2026 15:02:17","Documents/Visual Studio 2017/Backup Files/Solution1/Recovered-sept.-21-2023-0250.~vs4DA0.sql","1.0","2023-09-12T13:44:54Z","fethy.faradji@infopro-digital.com"
"11/09/2026 15:02:21","Documents/Visual Studio 2017/Backup Files/Solution1/Recovered-sept.-21-2023-0250.~vs525B.sql","1.0","2023-09-15T12:29:58Z","fethy.faradji@infopro-digital.com"
"11/09/2026 15:02:25","Documents/Visual Studio 2017/Backup Files/Solution1/Recovered-sept.-21-2023-0250.~vs58C0.sql","1.0","2023-09-15T08:39:55Z","fethy.faradji@infopro-digital.com"
"11/09/2026 15:02:27","Documents/Visual Studio 2017/Backup Files/Solution1/Recovered-sept.-21-2023-0250.~vs58C0.sql","2.0","2023-09-15T12:04:57Z","fethy.faradji@infopro-digital.com"
"11/09/2026 15:02:28","Documents/Visual Studio 2017/Backup Files/Solution1/Recovered-sept.-21-2023-0250.~vs58C0.sql","3.0","2023-09-15T12:09:58Z","fethy.faradji@infopro-digital.com"
"11/09/2026 15:02:29","Documents/Visual Studio 2017/Backup Files/Solution1/Recovered-sept.-21-2023-0250.~vs58C0.sql","4.0","2023-09-15T12:14:58Z","fethy.faradji@infopro-digital.com"
"11/09/2026 15:02:30","Documents/Visual Studio 2017/Backup Files/Solution1/Recovered-sept.-21-2023-0250.~vs58C0.sql","5.0","2023-09-15T12:19:58Z","fethy.faradji@infopro-digital.com"
"11/09/2026 15:02:34","Documents/Visual Studio 2017/Backup Files/Solution1/Recovered-sept.-21-2023-0250.~vs5B0D.sql","1.0","2023-09-13T08:10:10Z","fethy.faradji@infopro-digital.com"
"11/09/2026 15:02:36","Documents/Visual Studio 2017/Backup Files/Solution1/Recovered-sept.-21-2023-0250.~vs5B0D.sql","2.0","2023-09-13T08:30:10Z","fethy.faradji@infopro-digital.com"
"11/09/2026 15:02:38","Documents/Visual Studio 2017/Backup Files/Solution1/Recovered-sept.-21-2023-0250.~vs5B0D.sql","3.0","2023-09-13T12:00:12Z","fethy.faradji@infopro-digital.com"
"11/09/2026 15:02:41","Documents/Visual Studio 2017/Backup Files/Solution1/Recovered-sept.-21-2023-0250.~vs606A.sql","1.0","2023-09-15T07:34:56Z","fethy.faradji@infopro-digital.com"
"11/09/2026 15:02:46","Documents/Visual Studio 2017/Backup Files/Solution1/Recovered-sept.-21-2023-0250.~vs60BA.sql","1.0","2023-09-14T08:35:30Z","fethy.faradji@infopro-digital.com"
"11/09/2026 15:02:47","Documents/Visual Studio 2017/Backup Files/Solution1/Recovered-sept.-21-2023-0250.~vs60BA.sql","2.0","2023-09-14T08:40:30Z","fethy.faradji@infopro-digital.com"
"11/09/2026 15:02:48","Documents/Visual Studio 2017/Backup Files/Solution1/Recovered-sept.-21-2023-0250.~vs60BA.sql","3.0","2023-09-14T08:55:30Z","fethy.faradji@infopro-digital.com"
"11/09/2026 15:02:52","Documents/Visual Studio 2017/Backup Files/Solution1/Recovered-sept.-21-2023-0250.~vs7121.sql","1.0","2023-09-11T13:01:16Z","fethy.faradji@infopro-digital.com"
"11/09/2026 15:02:53","Documents/Visual Studio 2017/Backup Files/Solution1/Recovered-sept.-21-2023-0250.~vs7121.sql","2.0","2023-09-11T13:06:17Z","fethy.faradji@infopro-digital.com"
"11/09/2026 15:02:57","Documents/Visual Studio 2017/Backup Files/Solution1/Recovered-sept.-21-2023-0250.~vs7442.sql","1.0","2023-09-14T08:35:30Z","fethy.faradji@infopro-digital.com"
"11/09/2026 15:02:58","Documents/Visual Studio 2017/Backup Files/Solution1/Recovered-sept.-21-2023-0250.~vs7442.sql","2.0","2023-09-14T08:40:30Z","fethy.faradji@infopro-digital.com"
"11/09/2026 15:02:59","Documents/Visual Studio 2017/Backup Files/Solution1/Recovered-sept.-21-2023-0250.~vs7442.sql","3.0","2023-09-14T08:45:30Z","fethy.faradji@infopro-digital.com"
"11/09/2026 15:03:00","Documents/Visual Studio 2017/Backup Files/Solution1/Recovered-sept.-21-2023-0250.~vs7442.sql","4.0","2023-09-14T08:55:30Z","fethy.faradji@infopro-digital.com"
"11/09/2026 15:03:01","Documents/Visual Studio 2017/Backup Files/Solution1/Recovered-sept.-21-2023-0250.~vs7442.sql","5.0","2023-09-14T09:00:30Z","fethy.faradji@infopro-digital.com"
"11/09/2026 15:03:02","Documents/Visual Studio 2017/Backup Files/Solution1/Recovered-sept.-21-2023-0250.~vs7442.sql","6.0","2023-09-14T09:05:30Z","fethy.faradji@infopro-digital.com"
"11/09/2026 15:03:06","Documents/Visual Studio 2017/Backup Files/Solution1/Recovered-sept.-21-2023-0250.~vs77E7.sql","1.0","2023-09-11T08:51:12Z","fethy.faradji@infopro-digital.com"
"11/09/2026 15:03:08","Documents/Visual Studio 2017/Backup Files/Solution1/Recovered-sept.-21-2023-0250.~vs77E7.sql","2.0","2023-09-11T09:16:13Z","fethy.faradji@infopro-digital.com"
"11/09/2026 15:03:12","Documents/Visual Studio 2017/Backup Files/Solution1/Recovered-sept.-21-2023-0250.~vs797A.sql","1.0","2023-09-18T08:27:49Z","fethy.faradji@infopro-digital.com"
"11/09/2026 15:03:13","Documents/Visual Studio 2017/Backup Files/Solution1/Recovered-sept.-21-2023-0250.~vs797A.sql","2.0","2023-09-18T08:37:49Z","fethy.faradji@infopro-digital.com"
"11/09/2026 15:03:14","Documents/Visual Studio 2017/Backup Files/Solution1/Recovered-sept.-21-2023-0250.~vs797A.sql","3.0","2023-09-18T08:42:49Z","fethy.faradji@infopro-digital.com"
"11/09/2026 15:03:18","Documents/Visual Studio 2017/Backup Files/Solution1/Recovered-sept.-21-2023-0250.~vs7A1F.sql","1.0","2023-09-14T12:15:33Z","fethy.faradji@infopro-digital.com"
"11/09/2026 15:03:22","Documents/Visual Studio 2017/Backup Files/Solution1/Recovered-sept.-21-2023-0250.~vs8269.sql","1.0","2023-09-13T07:20:10Z","fethy.faradji@infopro-digital.com"
"11/09/2026 15:03:23","Documents/Visual Studio 2017/Backup Files/Solution1/Recovered-sept.-21-2023-0250.~vs8269.sql","2.0","2023-09-13T07:35:10Z","fethy.faradji@infopro-digital.com"
"11/09/2026 15:03:27","Documents/Visual Studio 2017/Backup Files/Solution1/Recovered-sept.-21-2023-0250.~vs9537.sql","1.0","2023-09-14T08:40:30Z","fethy.faradji@infopro-digital.com"
"11/09/2026 15:03:32","Documents/Visual Studio 2017/Backup Files/Solution1/Recovered-sept.-21-2023-0250.~vs99DB.sql","1.0","2023-09-15T08:34:55Z","fethy.faradji@infopro-digital.com"
"11/09/2026 15:03:36","Documents/Visual Studio 2017/Backup Files/Solution1/Recovered-sept.-21-2023-0250.~vsA25C.sql","1.0","2023-09-15T08:59:56Z","fethy.faradji@infopro-digital.com"
"11/09/2026 15:03:37","Documents/Visual Studio 2017/Backup Files/Solution1/Recovered-sept.-21-2023-0250.~vsA25C.sql","2.0","2023-09-15T09:04:56Z","fethy.faradji@infopro-digital.com"
"11/09/2026 15:03:38","Documents/Visual Studio 2017/Backup Files/Solution1/Recovered-sept.-21-2023-0250.~vsA25C.sql","3.0","2023-09-15T11:59:57Z","fethy.faradji@infopro-digital.com"
"11/09/2026 15:03:39","Documents/Visual Studio 2017/Backup Files/Solution1/Recovered-sept.-21-2023-0250.~vsA25C.sql","4.0","2023-09-15T12:04:57Z","fethy.faradji@infopro-digital.com"
"11/09/2026 15:03:40","Documents/Visual Studio 2017/Backup Files/Solution1/Recovered-sept.-21-2023-0250.~vsA25C.sql","5.0","2023-09-15T12:19:58Z","fethy.faradji@infopro-digital.com"
"11/09/2026 15:03:41","Documents/Visual Studio 2017/Backup Files/Solution1/Recovered-sept.-21-2023-0250.~vsA25C.sql","6.0","2023-09-15T12:24:58Z","fethy.faradji@infopro-digital.com"
"11/09/2026 15:03:44","Documents/Visual Studio 2017/Backup Files/Solution1/Recovered-sept.-21-2023-0250.~vsAA34.sql","1.0","2023-09-14T12:55:33Z","fethy.faradji@infopro-digital.com"
"11/09/2026 15:03:48","Documents/Visual Studio 2017/Backup Files/Solution1/Recovered-sept.-21-2023-0250.~vsC3FE.sql","1.0","2023-09-15T08:29:55Z","fethy.faradji@infopro-digital.com"
"11/09/2026 15:03:49","Documents/Visual Studio 2017/Backup Files/Solution1/Recovered-sept.-21-2023-0250.~vsC3FE.sql","2.0","2023-09-15T08:39:55Z","fethy.faradji@infopro-digital.com"
"11/09/2026 15:03:53","Documents/Visual Studio 2017/Backup Files/Solution1/Recovered-sept.-21-2023-0250.~vsC7AE.sql","1.0","2023-09-15T08:29:55Z","fethy.faradji@infopro-digital.com"
"11/09/2026 15:03:57","Documents/Visual Studio 2017/Backup Files/Solution1/Recovered-sept.-21-2023-0250.~vsF002.sql","1.0","2023-09-18T08:22:49Z","fethy.faradji@infopro-digital.com"
"11/09/2026 15:04:01","Documents/Visual Studio 2017/Backup Files/Solution1/Recovered-sept.-21-2023-0250.~vsF383.sql","1.0","2023-09-15T08:29:55Z","fethy.faradji@infopro-digital.com"
"11/09/2026 15:04:05","Documents/Visual Studio 2017/Backup Files/Solution1/Recovered-sept.-22-2023-0921.~vs5F20.sql","1.0","2023-09-21T14:25:24Z","fethy.faradji@infopro-digital.com"
"11/09/2026 15:04:09","Documents/Visual Studio 2017/Backup Files/Solution1/Recovered-sept.-22-2023-0921.~vs94.sql","1.0","2023-09-21T13:15:20Z","fethy.faradji@infopro-digital.com"
"11/09/2026 15:04:14","Documents/Visual Studio 2017/Backup Files/Solution1/Recovered-sept.-25-2023-0418.~vs5F63.sql","1.0","2023-09-22T08:11:55Z","fethy.faradji@infopro-digital.com"
"11/09/2026 15:04:16","Documents/Visual Studio 2017/Backup Files/Solution1/Recovered-sept.-25-2023-0418.~vs5F63.sql","2.0","2023-09-22T09:11:55Z","fethy.faradji@infopro-digital.com"
"11/09/2026 15:04:19","Documents/Visual Studio 2017/Backup Files/Solution1/Recovered-sept.-25-2023-0418.~vsA5EB.sql","1.0","2023-09-22T07:26:55Z","fethy.faradji@infopro-digital.com"
"11/09/2026 15:04:21","Documents/Visual Studio 2017/Backup Files/Solution1/Recovered-sept.-25-2023-0418.~vsA5EB.sql","2.0","2023-09-22T08:01:55Z","fethy.faradji@infopro-digital.com"
"11/09/2026 15:04:22","Documents/Visual Studio 2017/Backup Files/Solution1/Recovered-sept.-25-2023-0418.~vsA5EB.sql","3.0","2023-09-22T08:06:55Z","fethy.faradji@infopro-digital.com"
"11/09/2026 15:04:25","Documents/Visual Studio 2017/Backup Files/Solution1/Recovered-sept.-25-2023-0418.~vsECB5.sql","1.0","2023-09-25T12:42:50Z","fethy.faradji@infopro-digital.com"
"11/09/2026 15:04:29","Documents/Visual Studio 2017/Backup Files/Solution1/Recovered-sept.-27-2022-0936.~vs82F8.sql","1.0","2022-09-21T09:25:30Z","fethy.faradji@infopro-digital.com"
"11/09/2026 15:04:31","Documents/Visual Studio 2017/Backup Files/Solution1/Recovered-sept.-27-2022-0936.~vs82F8.sql","2.0","2022-09-21T09:30:30Z","fethy.faradji@infopro-digital.com"
"11/09/2026 15:04:35","Documents/Visual Studio 2017/Backup Files/Solution1/Recovered-sept.-27-2022-0936.~vs83FA.sql","1.0","2022-09-26T12:54:52Z","fethy.faradji@infopro-digital.com"
"11/09/2026 15:04:38","Documents/Visual Studio 2017/Backup Files/Solution1/Recovered-sept.-27-2022-0936.~vs8910.sql","1.0","2022-09-26T12:49:52Z","fethy.faradji@infopro-digital.com"
"11/09/2026 15:04:41","Documents/Visual Studio 2017/Backup Files/Solution1/Recovered-sept.-27-2022-0936.~vs90A2.sql","1.0","2022-09-21T08:35:21Z","fethy.faradji@infopro-digital.com"
"11/09/2026 15:04:43","Documents/Visual Studio 2017/Backup Files/Solution1/Recovered-sept.-27-2022-0936.~vs90A2.sql","2.0","2022-09-21T08:55:21Z","fethy.faradji@infopro-digital.com"
"11/09/2026 15:04:43","Documents/Visual Studio 2017/Backup Files/Solution1/Recovered-sept.-27-2022-0936.~vs90A2.sql","3.0","2022-09-21T09:00:21Z","fethy.faradji@infopro-digital.com"
"11/09/2026 15:04:44","Documents/Visual Studio 2017/Backup Files/Solution1/Recovered-sept.-27-2022-0936.~vs90A2.sql","4.0","2022-09-21T09:05:21Z","fethy.faradji@infopro-digital.com"
"11/09/2026 15:04:45","Documents/Visual Studio 2017/Backup Files/Solution1/Recovered-sept.-27-2022-0936.~vs90A2.sql","5.0","2022-09-21T09:10:21Z","fethy.faradji@infopro-digital.com"
"11/09/2026 15:04:46","Documents/Visual Studio 2017/Backup Files/Solution1/Recovered-sept.-27-2022-0936.~vs90A2.sql","6.0","2022-09-21T09:15:21Z","fethy.faradji@infopro-digital.com"
"11/09/2026 15:04:49","Documents/Visual Studio 2017/Backup Files/Solution1/Recovered-sept.-27-2022-0936.~vsA7CC.sql","1.0","2022-09-21T08:40:21Z","fethy.faradji@infopro-digital.com"
"11/09/2026 15:04:53","Documents/Visual Studio 2017/Backup Files/Solution1/Recovered-sept.-27-2022-0936.~vsF830.sql","1.0","2022-09-23T14:39:39Z","fethy.faradji@infopro-digital.com"
"11/09/2026 15:04:54","Documents/Visual Studio 2017/Backup Files/Solution1/Recovered-sept.-27-2022-0936.~vsF830.sql","2.0","2022-09-26T07:25:06Z","fethy.faradji@infopro-digital.com"
"11/09/2026 15:04:55","Documents/Visual Studio 2017/Backup Files/Solution1/Recovered-sept.-27-2022-0936.~vsF830.sql","3.0","2022-09-26T08:59:51Z","fethy.faradji@infopro-digital.com"
"11/09/2026 15:04:56","Documents/Visual Studio 2017/Backup Files/Solution1/Recovered-sept.-27-2022-0936.~vsF830.sql","4.0","2022-09-26T12:29:52Z","fethy.faradji@infopro-digital.com"
"11/09/2026 15:04:59","Documents/Visual Studio 2017/Backup Files/Solution1/Recovered-sept.-27-2022-0936.~vsFA66.sql","1.0","2022-09-21T08:50:21Z","fethy.faradji@infopro-digital.com"
"11/09/2026 15:05:00","Documents/Visual Studio 2017/Backup Files/Solution1/Recovered-sept.-27-2022-0936.~vsFA66.sql","2.0","2022-09-21T08:55:21Z","fethy.faradji@infopro-digital.com"
"11/09/2026 15:05:05","Documents/Visual Studio 2017/Backup Files/Solution1/Recovered-sept.-27-2022-1125.~vs537C.sql","1.0","2022-09-27T07:56:14Z","fethy.faradji@infopro-digital.com"
"11/09/2026 15:05:08","Documents/Visual Studio 2017/Backup Files/Solution1/Recovered-sept.-28-2021-0913.~vs3A26.sql","1.0","2021-09-24T09:09:34Z","fethy.faradji@infopro-digital.com"
"11/09/2026 15:05:12","Documents/Visual Studio 2017/Backup Files/Solution1/Recovered-sept.-28-2021-0913.~vs8788.sql","1.0","2021-09-24T09:09:34Z","fethy.faradji@infopro-digital.com"
"11/09/2026 15:05:16","Documents/Visual Studio 2017/Backup Files/Solution1/Recovered-sept.-28-2022-0942.~vs4784.sql","1.0","2022-09-23T10:24:38Z","fethy.faradji@infopro-digital.com"
"11/09/2026 15:05:17","Documents/Visual Studio 2017/Backup Files/Solution1/Recovered-sept.-28-2022-0942.~vs4784.sql","2.0","2022-09-23T11:04:38Z","fethy.faradji@infopro-digital.com"
"11/09/2026 15:05:20","Documents/Visual Studio 2017/Backup Files/Solution1/Recovered-sept.-28-2022-0942.~vs53A1.sql","1.0","2022-09-23T12:19:38Z","fethy.faradji@infopro-digital.com"
"11/09/2026 15:05:21","Documents/Visual Studio 2017/Backup Files/Solution1/Recovered-sept.-28-2022-0942.~vs53A1.sql","2.0","2022-09-26T08:04:51Z","fethy.faradji@infopro-digital.com"
"11/09/2026 15:05:22","Documents/Visual Studio 2017/Backup Files/Solution1/Recovered-sept.-28-2022-0942.~vs53A1.sql","3.0","2022-09-26T08:09:51Z","fethy.faradji@infopro-digital.com"
"11/09/2026 15:05:25","Documents/Visual Studio 2017/Backup Files/Solution1/Recovered-sept.-28-2022-0942.~vs6CD7.sql","1.0","2022-09-23T12:29:38Z","fethy.faradji@infopro-digital.com"
"11/09/2026 15:05:27","Documents/Visual Studio 2017/Backup Files/Solution1/Recovered-sept.-28-2022-0942.~vs6CD7.sql","2.0","2022-09-23T12:34:38Z","fethy.faradji@infopro-digital.com"
"11/09/2026 15:05:29","Documents/Visual Studio 2017/Backup Files/Solution1/Recovered-sept.-28-2022-0942.~vs6CD7.sql","3.0","2022-09-23T12:49:38Z","fethy.faradji@infopro-digital.com"
"11/09/2026 15:05:32","Documents/Visual Studio 2017/Backup Files/Solution1/Recovered-sept.-28-2022-0942.~vs7CA1.sql","1.0","2022-09-23T11:09:38Z","fethy.faradji@infopro-digital.com"
"11/09/2026 15:05:33","Documents/Visual Studio 2017/Backup Files/Solution1/Recovered-sept.-28-2022-0942.~vs7CA1.sql","2.0","2022-09-23T12:14:38Z","fethy.faradji@infopro-digital.com"
"11/09/2026 15:05:34","Documents/Visual Studio 2017/Backup Files/Solution1/Recovered-sept.-28-2022-0942.~vs7CA1.sql","3.0","2022-09-23T13:20:58Z","fethy.faradji@infopro-digital.com"
"11/09/2026 15:05:38","Documents/Visual Studio 2017/Backup Files/Solution1/Recovered-sept.-28-2022-0942.~vs9488.sql","1.0","2022-09-23T15:00:58Z","fethy.faradji@infopro-digital.com"
"11/09/2026 15:05:42","Documents/Visual Studio 2017/Backup Files/Solution1/Recovered-sept.-28-2022-0942.~vsA10D.sql","1.0","2022-09-23T09:39:38Z","fethy.faradji@infopro-digital.com"
"11/09/2026 15:05:46","Documents/Visual Studio 2017/Backup Files/Solution2/Recovered-nov.-21-2023-1228.~vs14D9.sql","1.0","2023-11-10T09:11:26Z","fethy.faradji@infopro-digital.com"
"11/09/2026 15:05:50","Documents/Visual Studio 2017/Backup Files/Solution2/Recovered-nov.-21-2023-1228.~vs214B.sql","1.0","2023-11-20T09:33:06Z","fethy.faradji@infopro-digital.com"
"11/09/2026 15:05:53","Documents/Visual Studio 2017/Backup Files/Solution2/Recovered-nov.-21-2023-1228.~vs31CA.sql","1.0","2023-11-10T09:06:26Z","fethy.faradji@infopro-digital.com"
"11/09/2026 15:05:56","Documents/Visual Studio 2017/Backup Files/Solution2/Recovered-nov.-21-2023-1228.~vs3EE.sql","1.0","2023-11-07T14:44:20Z","fethy.faradji@infopro-digital.com"
"11/09/2026 15:05:57","Documents/Visual Studio 2017/Backup Files/Solution2/Recovered-nov.-21-2023-1228.~vs3EE.sql","2.0","2023-11-07T14:54:20Z","fethy.faradji@infopro-digital.com"
"11/09/2026 15:05:58","Documents/Visual Studio 2017/Backup Files/Solution2/Recovered-nov.-21-2023-1228.~vs3EE.sql","3.0","2023-11-07T14:59:20Z","fethy.faradji@infopro-digital.com"
"11/09/2026 15:06:01","Documents/Visual Studio 2017/Backup Files/Solution2/Recovered-nov.-21-2023-1228.~vs588E.sql","1.0","2023-11-21T09:35:38Z","fethy.faradji@infopro-digital.com"
"11/09/2026 15:06:06","Documents/Visual Studio 2017/Backup Files/Solution2/Recovered-nov.-21-2023-1228.~vs592B.sql","1.0","2023-11-17T11:24:32Z","fethy.faradji@infopro-digital.com"
"11/09/2026 15:06:07","Documents/Visual Studio 2017/Backup Files/Solution2/Recovered-nov.-21-2023-1228.~vs592B.sql","2.0","2023-11-17T11:29:32Z","fethy.faradji@infopro-digital.com"
"11/09/2026 15:06:12","Documents/Visual Studio 2017/Backup Files/Solution2/Recovered-nov.-21-2023-1228.~vs669F.sql","1.0","2023-11-17T09:44:32Z","fethy.faradji@infopro-digital.com"
"11/09/2026 15:06:13","Documents/Visual Studio 2017/Backup Files/Solution2/Recovered-nov.-21-2023-1228.~vs669F.sql","2.0","2023-11-17T09:49:32Z","fethy.faradji@infopro-digital.com"
"11/09/2026 15:06:16","Documents/Visual Studio 2017/Backup Files/Solution2/Recovered-nov.-21-2023-1228.~vs7156.sql","1.0","2023-11-07T14:44:20Z","fethy.faradji@infopro-digital.com"
"11/09/2026 15:06:20","Documents/Visual Studio 2017/Backup Files/Solution2/Recovered-nov.-21-2023-1228.~vs729B.sql","1.0","2023-11-13T09:46:51Z","fethy.faradji@infopro-digital.com"
"11/09/2026 15:06:21","Documents/Visual Studio 2017/Backup Files/Solution2/Recovered-nov.-21-2023-1228.~vs729B.sql","2.0","2023-11-13T13:16:51Z","fethy.faradji@infopro-digital.com"
"11/09/2026 15:06:24","Documents/Visual Studio 2017/Backup Files/Solution2/Recovered-nov.-21-2023-1228.~vs826C.sql","1.0","2023-11-17T11:04:32Z","fethy.faradji@infopro-digital.com"
"11/09/2026 15:06:27","Documents/Visual Studio 2017/Backup Files/Solution2/Recovered-nov.-21-2023-1228.~vs84F0.sql","1.0","2023-11-16T15:14:31Z","fethy.faradji@infopro-digital.com"
"11/09/2026 15:06:30","Documents/Visual Studio 2017/Backup Files/Solution2/Recovered-nov.-21-2023-1228.~vs8A16.sql","1.0","2023-11-16T15:19:31Z","fethy.faradji@infopro-digital.com"
"11/09/2026 15:06:32","Documents/Visual Studio 2017/Backup Files/Solution2/Recovered-nov.-21-2023-1228.~vs8A16.sql","2.0","2023-11-16T15:24:31Z","fethy.faradji@infopro-digital.com"
"11/09/2026 15:06:33","Documents/Visual Studio 2017/Backup Files/Solution2/Recovered-nov.-21-2023-1228.~vs8A16.sql","3.0","2023-11-16T15:29:31Z","fethy.faradji@infopro-digital.com"
"11/09/2026 15:06:34","Documents/Visual Studio 2017/Backup Files/Solution2/Recovered-nov.-21-2023-1228.~vs8A16.sql","4.0","2023-11-16T15:34:32Z","fethy.faradji@infopro-digital.com"
"11/09/2026 15:06:35","Documents/Visual Studio 2017/Backup Files/Solution2/Recovered-nov.-21-2023-1228.~vs8A16.sql","5.0","2023-11-16T15:39:32Z","fethy.faradji@infopro-digital.com"
"11/09/2026 15:06:36","Documents/Visual Studio 2017/Backup Files/Solution2/Recovered-nov.-21-2023-1228.~vs8A16.sql","6.0","2023-11-17T09:09:32Z","fethy.faradji@infopro-digital.com"
"11/09/2026 15:06:37","Documents/Visual Studio 2017/Backup Files/Solution2/Recovered-nov.-21-2023-1228.~vs8A16.sql","7.0","2023-11-17T09:34:32Z","fethy.faradji@infopro-digital.com"
"11/09/2026 15:06:40","Documents/Visual Studio 2017/Backup Files/Solution2/Recovered-nov.-21-2023-1228.~vs8A5D.sql","1.0","2023-11-16T09:19:31Z","fethy.faradji@infopro-digital.com"
"11/09/2026 15:06:43","Documents/Visual Studio 2017/Backup Files/Solution2/Recovered-nov.-21-2023-1228.~vs9C6D.sql","1.0","2023-11-17T10:09:32Z","fethy.faradji@infopro-digital.com"
"11/09/2026 15:06:45","Documents/Visual Studio 2017/Backup Files/Solution2/Recovered-nov.-21-2023-1228.~vs9C6D.sql","2.0","2023-11-17T10:14:32Z","fethy.faradji@infopro-digital.com"
"11/09/2026 15:06:46","Documents/Visual Studio 2017/Backup Files/Solution2/Recovered-nov.-21-2023-1228.~vs9C6D.sql","3.0","2023-11-17T10:39:32Z","fethy.faradji@infopro-digital.com"
"11/09/2026 15:06:47","Documents/Visual Studio 2017/Backup Files/Solution2/Recovered-nov.-21-2023-1228.~vs9C6D.sql","4.0","2023-11-17T10:44:32Z","fethy.faradji@infopro-digital.com"
"11/09/2026 15:06:48","Documents/Visual Studio 2017/Backup Files/Solution2/Recovered-nov.-21-2023-1228.~vs9C6D.sql","5.0","2023-11-17T10:59:32Z","fethy.faradji@infopro-digital.com"
"11/09/2026 15:06:51","Documents/Visual Studio 2017/Backup Files/Solution2/Recovered-nov.-21-2023-1228.~vsA388.sql","1.0","2023-11-16T15:19:31Z","fethy.faradji@infopro-digital.com"
"11/09/2026 15:06:55","Documents/Visual Studio 2017/Backup Files/Solution2/Recovered-nov.-21-2023-1228.~vsA6C5.sql","1.0","2023-11-21T09:25:38Z","fethy.faradji@infopro-digital.com"
"11/09/2026 15:06:56","Documents/Visual Studio 2017/Backup Files/Solution2/Recovered-nov.-21-2023-1228.~vsA6C5.sql","2.0","2023-11-21T10:05:39Z","fethy.faradji@infopro-digital.com"
"11/09/2026 15:06:59","Documents/Visual Studio 2017/Backup Files/Solution2/Recovered-nov.-21-2023-1228.~vsA90B.sql","1.0","2023-11-17T11:09:32Z","fethy.faradji@infopro-digital.com"
"11/09/2026 15:07:01","Documents/Visual Studio 2017/Backup Files/Solution2/Recovered-nov.-21-2023-1228.~vsA90B.sql","2.0","2023-11-17T11:14:32Z","fethy.faradji@infopro-digital.com"
"11/09/2026 15:07:01","Documents/Visual Studio 2017/Backup Files/Solution2/Recovered-nov.-21-2023-1228.~vsA90B.sql","3.0","2023-11-17T11:19:32Z","fethy.faradji@infopro-digital.com"
"11/09/2026 15:07:05","Documents/Visual Studio 2017/Backup Files/Solution2/Recovered-nov.-21-2023-1228.~vsAC2.sql","1.0","2023-11-10T14:01:26Z","fethy.faradji@infopro-digital.com"
"11/09/2026 15:07:06","Documents/Visual Studio 2017/Backup Files/Solution2/Recovered-nov.-21-2023-1228.~vsAC2.sql","2.0","2023-11-13T09:31:52Z","fethy.faradji@infopro-digital.com"
"11/09/2026 15:07:07","Documents/Visual Studio 2017/Backup Files/Solution2/Recovered-nov.-21-2023-1228.~vsAC2.sql","3.0","2023-11-13T09:36:51Z","fethy.faradji@infopro-digital.com"
"11/09/2026 15:07:08","Documents/Visual Studio 2017/Backup Files/Solution2/Recovered-nov.-21-2023-1228.~vsAC2.sql","4.0","2023-11-13T09:41:51Z","fethy.faradji@infopro-digital.com"
"11/09/2026 15:07:09","Documents/Visual Studio 2017/Backup Files/Solution2/Recovered-nov.-21-2023-1228.~vsAC2.sql","5.0","2023-11-13T09:46:52Z","fethy.faradji@infopro-digital.com"
"11/09/2026 15:07:10","Documents/Visual Studio 2017/Backup Files/Solution2/Recovered-nov.-21-2023-1228.~vsAC2.sql","6.0","2023-11-13T09:51:51Z","fethy.faradji@infopro-digital.com"
"11/09/2026 15:07:11","Documents/Visual Studio 2017/Backup Files/Solution2/Recovered-nov.-21-2023-1228.~vsAC2.sql","7.0","2023-11-13T09:56:51Z","fethy.faradji@infopro-digital.com"
"11/09/2026 15:07:12","Documents/Visual Studio 2017/Backup Files/Solution2/Recovered-nov.-21-2023-1228.~vsAC2.sql","8.0","2023-11-13T10:01:51Z","fethy.faradji@infopro-digital.com"
"11/09/2026 15:07:13","Documents/Visual Studio 2017/Backup Files/Solution2/Recovered-nov.-21-2023-1228.~vsAC2.sql","9.0","2023-11-13T10:06:51Z","fethy.faradji@infopro-digital.com"
"11/09/2026 15:07:14","Documents/Visual Studio 2017/Backup Files/Solution2/Recovered-nov.-21-2023-1228.~vsAC2.sql","10.0","2023-11-13T13:16:52Z","fethy.faradji@infopro-digital.com"
"11/09/2026 15:07:15","Documents/Visual Studio 2017/Backup Files/Solution2/Recovered-nov.-21-2023-1228.~vsAC2.sql","11.0","2023-11-13T13:21:51Z","fethy.faradji@infopro-digital.com"
"11/09/2026 15:07:16","Documents/Visual Studio 2017/Backup Files/Solution2/Recovered-nov.-21-2023-1228.~vsAC2.sql","12.0","2023-11-13T13:26:51Z","fethy.faradji@infopro-digital.com"
"11/09/2026 15:07:17","Documents/Visual Studio 2017/Backup Files/Solution2/Recovered-nov.-21-2023-1228.~vsAC2.sql","13.0","2023-11-13T13:36:51Z","fethy.faradji@infopro-digital.com"
"11/09/2026 15:07:18","Documents/Visual Studio 2017/Backup Files/Solution2/Recovered-nov.-21-2023-1228.~vsAC2.sql","14.0","2023-11-13T13:41:51Z","fethy.faradji@infopro-digital.com"
"11/09/2026 15:07:19","Documents/Visual Studio 2017/Backup Files/Solution2/Recovered-nov.-21-2023-1228.~vsAC2.sql","15.0","2023-11-13T13:46:51Z","fethy.faradji@infopro-digital.com"
"11/09/2026 15:07:20","Documents/Visual Studio 2017/Backup Files/Solution2/Recovered-nov.-21-2023-1228.~vsAC2.sql","16.0","2023-11-13T13:51:51Z","fethy.faradji@infopro-digital.com"
"11/09/2026 15:07:21","Documents/Visual Studio 2017/Backup Files/Solution2/Recovered-nov.-21-2023-1228.~vsAC2.sql","17.0","2023-11-13T13:56:51Z","fethy.faradji@infopro-digital.com"
"11/09/2026 15:07:24","Documents/Visual Studio 2017/Backup Files/Solution2/Recovered-nov.-21-2023-1228.~vsAD3B.sql","1.0","2023-11-07T09:09:16Z","fethy.faradji@infopro-digital.com"
"11/09/2026 15:07:27","Documents/Visual Studio 2017/Backup Files/Solution2/Recovered-nov.-21-2023-1228.~vsAED6.sql","1.0","2023-11-16T15:04:31Z","fethy.faradji@infopro-digital.com"
"11/09/2026 15:07:29","Documents/Visual Studio 2017/Backup Files/Solution2/Recovered-nov.-21-2023-1228.~vsAED6.sql","2.0","2023-11-16T15:09:31Z","fethy.faradji@infopro-digital.com"
"11/09/2026 15:07:30","Documents/Visual Studio 2017/Backup Files/Solution2/Recovered-nov.-21-2023-1228.~vsAED6.sql","3.0","2023-11-16T15:14:31Z","fethy.faradji@infopro-digital.com"
"11/09/2026 15:07:30","Documents/Visual Studio 2017/Backup Files/Solution2/Recovered-nov.-21-2023-1228.~vsAED6.sql","4.0","2023-11-16T15:29:31Z","fethy.faradji@infopro-digital.com"
"11/09/2026 15:07:31","Documents/Visual Studio 2017/Backup Files/Solution2/Recovered-nov.-21-2023-1228.~vsAED6.sql","5.0","2023-11-16T15:34:32Z","fethy.faradji@infopro-digital.com"
"11/09/2026 15:07:34","Documents/Visual Studio 2017/Backup Files/Solution2/Recovered-nov.-21-2023-1228.~vsB0D1.sql","1.0","2023-11-07T14:59:20Z","fethy.faradji@infopro-digital.com"
"11/09/2026 15:07:38","Documents/Visual Studio 2017/Backup Files/Solution2/Recovered-nov.-21-2023-1228.~vsB520.sql","1.0","2023-11-20T09:33:06Z","fethy.faradji@infopro-digital.com"
"11/09/2026 15:07:39","Documents/Visual Studio 2017/Backup Files/Solution2/Recovered-nov.-21-2023-1228.~vsB520.sql","2.0","2023-11-20T09:38:06Z","fethy.faradji@infopro-digital.com"
"11/09/2026 15:07:43","Documents/Visual Studio 2017/Backup Files/Solution2/Recovered-nov.-21-2023-1228.~vsB577.sql","1.0","2023-11-16T10:09:31Z","fethy.faradji@infopro-digital.com"
"11/09/2026 15:07:44","Documents/Visual Studio 2017/Backup Files/Solution2/Recovered-nov.-21-2023-1228.~vsB577.sql","2.0","2023-11-16T10:14:31Z","fethy.faradji@infopro-digital.com"
"11/09/2026 15:07:47","Documents/Visual Studio 2017/Backup Files/Solution2/Recovered-nov.-21-2023-1228.~vsB6AC.sql","1.0","2023-11-10T09:06:27Z","fethy.faradji@infopro-digital.com"
"11/09/2026 15:07:48","Documents/Visual Studio 2017/Backup Files/Solution2/Recovered-nov.-21-2023-1228.~vsB6AC.sql","2.0","2023-11-10T09:11:26Z","fethy.faradji@infopro-digital.com"
"11/09/2026 15:07:51","Documents/Visual Studio 2017/Backup Files/Solution2/Recovered-nov.-21-2023-1228.~vsB786.sql","1.0","2023-11-14T13:11:46Z","fethy.faradji@infopro-digital.com"
"11/09/2026 15:07:53","Documents/Visual Studio 2017/Backup Files/Solution2/Recovered-nov.-21-2023-1228.~vsB786.sql","2.0","2023-11-14T13:21:24Z","fethy.faradji@infopro-digital.com"
"11/09/2026 15:07:55","Documents/Visual Studio 2017/Backup Files/Solution2/Recovered-nov.-21-2023-1228.~vsB786.sql","3.0","2023-11-14T13:26:24Z","fethy.faradji@infopro-digital.com"
"11/09/2026 15:07:56","Documents/Visual Studio 2017/Backup Files/Solution2/Recovered-nov.-21-2023-1228.~vsB786.sql","4.0","2023-11-14T13:31:24Z","fethy.faradji@infopro-digital.com"
"11/09/2026 15:07:57","Documents/Visual Studio 2017/Backup Files/Solution2/Recovered-nov.-21-2023-1228.~vsB786.sql","5.0","2023-11-14T13:36:24Z","fethy.faradji@infopro-digital.com"
"11/09/2026 15:07:58","Documents/Visual Studio 2017/Backup Files/Solution2/Recovered-nov.-21-2023-1228.~vsB786.sql","6.0","2023-11-14T13:41:24Z","fethy.faradji@infopro-digital.com"
"11/09/2026 15:07:59","Documents/Visual Studio 2017/Backup Files/Solution2/Recovered-nov.-21-2023-1228.~vsB786.sql","7.0","2023-11-14T14:46:24Z","fethy.faradji@infopro-digital.com"
"11/09/2026 15:08:00","Documents/Visual Studio 2017/Backup Files/Solution2/Recovered-nov.-21-2023-1228.~vsB786.sql","8.0","2023-11-14T14:51:24Z","fethy.faradji@infopro-digital.com"
"11/09/2026 15:08:01","Documents/Visual Studio 2017/Backup Files/Solution2/Recovered-nov.-21-2023-1228.~vsB786.sql","9.0","2023-11-14T15:36:24Z","fethy.faradji@infopro-digital.com"
"11/09/2026 15:08:03","Documents/Visual Studio 2017/Backup Files/Solution2/Recovered-nov.-21-2023-1228.~vsB786.sql","10.0","2023-11-14T15:41:24Z","fethy.faradji@infopro-digital.com"
"11/09/2026 15:08:06","Documents/Visual Studio 2017/Backup Files/Solution2/Recovered-nov.-21-2023-1228.~vsCDFA.sql","1.0","2023-11-16T09:14:31Z","fethy.faradji@infopro-digital.com"
"11/09/2026 15:08:07","Documents/Visual Studio 2017/Backup Files/Solution2/Recovered-nov.-21-2023-1228.~vsCDFA.sql","2.0","2023-11-16T09:19:31Z","fethy.faradji@infopro-digital.com"
"11/09/2026 15:08:10","Documents/Visual Studio 2017/Backup Files/Solution2/Recovered-nov.-21-2023-1228.~vsCE.sql","1.0","2023-11-07T14:49:20Z","fethy.faradji@infopro-digital.com"
"11/09/2026 15:08:11","Documents/Visual Studio 2017/Backup Files/Solution2/Recovered-nov.-21-2023-1228.~vsCE.sql","2.0","2023-11-07T14:54:20Z","fethy.faradji@infopro-digital.com"
"11/09/2026 15:08:12","Documents/Visual Studio 2017/Backup Files/Solution2/Recovered-nov.-21-2023-1228.~vsCE.sql","3.0","2023-11-07T14:59:20Z","fethy.faradji@infopro-digital.com"
"11/09/2026 15:08:16","Documents/Visual Studio 2017/Backup Files/Solution2/Recovered-nov.-21-2023-1228.~vsD513.sql","1.0","2023-11-17T12:59:36Z","fethy.faradji@infopro-digital.com"
"11/09/2026 15:08:18","Documents/Visual Studio 2017/Backup Files/Solution2/Recovered-nov.-21-2023-1228.~vsD513.sql","2.0","2023-11-17T13:04:36Z","fethy.faradji@infopro-digital.com"
"11/09/2026 15:08:18","Documents/Visual Studio 2017/Backup Files/Solution2/Recovered-nov.-21-2023-1228.~vsD513.sql","3.0","2023-11-17T14:09:36Z","fethy.faradji@infopro-digital.com"
"11/09/2026 15:08:19","Documents/Visual Studio 2017/Backup Files/Solution2/Recovered-nov.-21-2023-1228.~vsD513.sql","4.0","2023-11-17T14:14:36Z","fethy.faradji@infopro-digital.com"
"11/09/2026 15:08:20","Documents/Visual Studio 2017/Backup Files/Solution2/Recovered-nov.-21-2023-1228.~vsD513.sql","5.0","2023-11-20T09:28:06Z","fethy.faradji@infopro-digital.com"
"11/09/2026 15:08:21","Documents/Visual Studio 2017/Backup Files/Solution2/Recovered-nov.-21-2023-1228.~vsD513.sql","6.0","2023-11-20T09:33:06Z","fethy.faradji@infopro-digital.com"
"11/09/2026 15:08:24","Documents/Visual Studio 2017/Backup Files/Solution2/Recovered-nov.-21-2023-1228.~vsD72F.sql","1.0","2023-11-10T10:06:26Z","fethy.faradji@infopro-digital.com"
"11/09/2026 15:08:28","Documents/Visual Studio 2017/Backup Files/Solution2/Recovered-nov.-21-2023-1228.~vsE8DC.sql","1.0","2023-11-20T13:43:03Z","fethy.faradji@infopro-digital.com"
"11/09/2026 15:08:29","Documents/Visual Studio 2017/Backup Files/Solution2/Recovered-nov.-21-2023-1228.~vsE8DC.sql","2.0","2023-11-20T13:53:03Z","fethy.faradji@infopro-digital.com"
"11/09/2026 15:08:30","Documents/Visual Studio 2017/Backup Files/Solution2/Recovered-nov.-21-2023-1228.~vsE8DC.sql","3.0","2023-11-21T09:55:38Z","fethy.faradji@infopro-digital.com"
"11/09/2026 15:08:33","Documents/Visual Studio 2017/Backup Files/Solution2/Recovered-nov.-21-2023-1228.~vsF394.sql","1.0","2023-11-16T13:24:31Z","fethy.faradji@infopro-digital.com"
"11/09/2026 15:08:35","Documents/Visual Studio 2017/Backup Files/Solution2/Recovered-nov.-21-2023-1228.~vsF394.sql","2.0","2023-11-16T13:29:31Z","fethy.faradji@infopro-digital.com"
"11/09/2026 15:08:36","Documents/Visual Studio 2017/Backup Files/Solution2/Recovered-nov.-21-2023-1228.~vsF394.sql","3.0","2023-11-16T13:34:31Z","fethy.faradji@infopro-digital.com"
"11/09/2026 15:08:37","Documents/Visual Studio 2017/Backup Files/Solution2/Recovered-nov.-21-2023-1228.~vsF394.sql","4.0","2023-11-16T13:39:31Z","fethy.faradji@infopro-digital.com"
"11/09/2026 15:08:38","Documents/Visual Studio 2017/Backup Files/Solution2/Recovered-nov.-21-2023-1228.~vsF394.sql","5.0","2023-11-16T14:59:31Z","fethy.faradji@infopro-digital.com"
"11/09/2026 15:08:38","Documents/Visual Studio 2017/Backup Files/Solution2/Recovered-nov.-21-2023-1228.~vsF394.sql","6.0","2023-11-16T15:04:31Z","fethy.faradji@infopro-digital.com"
"11/09/2026 15:08:42","Documents/Visual Studio 2017/Backup Files/Solution2/Recovered-nov.-21-2023-1228.~vsFE80.sql","1.0","2023-11-16T10:14:31Z","fethy.faradji@infopro-digital.com"
"11/09/2026 15:08:43","Documents/Visual Studio 2017/Backup Files/Solution2/Recovered-nov.-21-2023-1228.~vsFE80.sql","2.0","2023-11-16T10:19:31Z","fethy.faradji@infopro-digital.com"
"11/09/2026 15:08:45","Documents/Visual Studio 2017/Backup Files/Solution2/Recovered-nov.-21-2023-1228.~vsFE80.sql","3.0","2023-11-16T10:29:31Z","fethy.faradji@infopro-digital.com"
"11/09/2026 15:08:49","Documents/Visual Studio 2019/Visualizers/attribcache140.bin","1.0","2021-06-30T15:01:59Z","fethy.faradji@infopro-digital.com"
"11/09/2026 15:08:50","Documents/Visual Studio 2019/Visualizers/attribcache140.bin","2.0","2021-11-22T12:58:32Z","fethy.faradji@infopro-digital.com"
"11/09/2026 15:08:51","Documents/Visual Studio 2019/Visualizers/attribcache140.bin","3.0","2022-10-07T15:33:03Z","fethy.faradji@infopro-digital.com"
"11/09/2026 15:08:52","Documents/Visual Studio 2019/Visualizers/attribcache140.bin","4.0","2023-04-19T14:26:06Z","fethy.faradji@infopro-digital.com"
"11/09/2026 15:08:53","Documents/Visual Studio 2019/Visualizers/attribcache140.bin","5.0","2024-02-28T14:34:49Z","fethy.faradji@infopro-digital.com"
"11/09/2026 15:08:54","Documents/Visual Studio 2019/Visualizers/attribcache140.bin","6.0","2024-07-12T09:30:04Z","fethy.faradji@infopro-digital.com"
"11/09/2026 15:08:55","Documents/Visual Studio 2019/Visualizers/attribcache140.bin","7.0","2025-08-07T10:03:20Z","fethy.faradji@infopro-digital.com"
"11/09/2026 15:09:00","Documents/Visual Studio 2022/Visualizers/attribcache140.bin","1.0","2023-02-22T10:05:40Z","fethy.faradji@infopro-digital.com"
"11/09/2026 15:09:01","Documents/Visual Studio 2022/Visualizers/attribcache140.bin","2.0","2023-11-06T08:56:03Z","fethy.faradji@infopro-digital.com"
"11/09/2026 15:09:02","Documents/Visual Studio 2022/Visualizers/attribcache140.bin","3.0","2023-11-22T13:25:29Z","fethy.faradji@infopro-digital.com"
"11/09/2026 15:09:04","Documents/Visual Studio 2022/Visualizers/attribcache140.bin","4.0","2024-03-13T14:00:24Z","fethy.faradji@infopro-digital.com"
"11/09/2026 15:09:05","Documents/Visual Studio 2022/Visualizers/attribcache140.bin","5.0","2024-07-31T09:38:51Z","fethy.faradji@infopro-digital.com"
"11/09/2026 15:09:06","Documents/Visual Studio 2022/Visualizers/attribcache140.bin","6.0","2025-01-15T14:34:07Z","fethy.faradji@infopro-digital.com"
"11/09/2026 15:09:07","Documents/Visual Studio 2022/Visualizers/attribcache140.bin","7.0","2025-02-07T13:14:47Z","fethy.faradji@infopro-digital.com"
"11/09/2026 15:09:08","Documents/Visual Studio 2022/Visualizers/attribcache140.bin","8.0","2025-10-27T12:49:54Z","fethy.faradji@infopro-digital.com"
"11/09/2026 15:09:12","Documents/Visual Studio 2022/Visualizers/ObjectFavorites.json","1.0","2025-06-11T12:42:29Z","fethy.faradji@infopro-digital.com"
"11/09/2026 15:09:17","Documents/WindowsPowerShell/Modules/PnP.PowerShell/3.1.0/Common/Microsoft.ApplicationInsights.dll","1.0","2022-07-19T17:55:08Z","fethy.faradji@infopro-digital.com"
"11/09/2026 15:09:22","Documents/WindowsPowerShell/Modules/PnP.PowerShell/3.1.0/Common/PnP.PowerShell.ALC.dll","1.0","2025-04-18T06:52:34Z","fethy.faradji@infopro-digital.com"
"11/09/2026 15:09:27","Documents/WindowsPowerShell/Modules/PnP.PowerShell/3.1.0/Common/PnP.PowerShell.ALC.pdb","1.0","2025-04-18T06:56:06Z","fethy.faradji@infopro-digital.com"
"11/09/2026 15:09:32","Documents/WindowsPowerShell/Modules/PnP.PowerShell/3.1.0/Core/AngleSharp.Css.dll","1.0","2023-01-15T21:45:24Z","fethy.faradji@infopro-digital.com"
"11/09/2026 15:09:37","Documents/WindowsPowerShell/Modules/PnP.PowerShell/3.1.0/Core/AngleSharp.dll","1.0","2022-05-31T16:44:14Z","fethy.faradji@infopro-digital.com"
"11/09/2026 15:09:42","Documents/WindowsPowerShell/Modules/PnP.PowerShell/3.1.0/Core/Microsoft.Bcl.Cryptography.dll","1.0","2025-01-16T18:08:30Z","fethy.faradji@infopro-digital.com"
"11/09/2026 15:09:47","Documents/WindowsPowerShell/Modules/PnP.PowerShell/3.1.0/Core/Microsoft.Bcl.TimeProvider.dll","1.0","2023-11-30T07:24:58Z","fethy.faradji@infopro-digital.com"
"11/09/2026 15:09:52","Documents/WindowsPowerShell/Modules/PnP.PowerShell/3.1.0/Core/Microsoft.Extensions.Caching.Abstractions.dll","1.0","2023-10-31T13:58:54Z","fethy.faradji@infopro-digital.com"
"11/09/2026 15:09:56","Documents/WindowsPowerShell/Modules/PnP.PowerShell/3.1.0/Core/Microsoft.Extensions.Caching.Memory.dll","1.0","2024-09-16T21:10:10Z","fethy.faradji@infopro-digital.com"
"11/09/2026 15:10:01","Documents/WindowsPowerShell/Modules/PnP.PowerShell/3.1.0/Core/Microsoft.Extensions.Configuration.Abstractions.dll","1.0","2023-10-31T13:59:08Z","fethy.faradji@infopro-digital.com"
"11/09/2026 15:10:06","Documents/WindowsPowerShell/Modules/PnP.PowerShell/3.1.0/Core/Microsoft.Extensions.Configuration.Binder.dll","1.0","2023-10-31T13:59:26Z","fethy.faradji@infopro-digital.com"
"11/09/2026 15:10:11","Documents/WindowsPowerShell/Modules/PnP.PowerShell/3.1.0/Core/Microsoft.Extensions.Configuration.dll","1.0","2023-10-31T13:59:20Z","fethy.faradji@infopro-digital.com"
"11/09/2026 15:10:16","Documents/WindowsPowerShell/Modules/PnP.PowerShell/3.1.0/Core/Microsoft.Extensions.DependencyInjection.Abstractions.dll","1.0","2024-09-16T21:09:34Z","fethy.faradji@infopro-digital.com"
"11/09/2026 15:10:21","Documents/WindowsPowerShell/Modules/PnP.PowerShell/3.1.0/Core/Microsoft.Extensions.DependencyInjection.dll","1.0","2024-09-16T21:09:36Z","fethy.faradji@infopro-digital.com"
"11/09/2026 15:10:25","Documents/WindowsPowerShell/Modules/PnP.PowerShell/3.1.0/Core/Microsoft.Extensions.Diagnostics.Abstractions.dll","1.0","2024-09-16T21:10:08Z","fethy.faradji@infopro-digital.com"
"11/09/2026 15:10:30","Documents/WindowsPowerShell/Modules/PnP.PowerShell/3.1.0/Core/Microsoft.Extensions.Diagnostics.dll","1.0","2024-09-16T21:10:22Z","fethy.faradji@infopro-digital.com"
"11/09/2026 15:10:35","Documents/WindowsPowerShell/Modules/PnP.PowerShell/3.1.0/Core/Microsoft.Extensions.Http.dll","1.0","2024-09-16T21:10:26Z","fethy.faradji@infopro-digital.com"
"11/09/2026 15:10:40","Documents/WindowsPowerShell/Modules/PnP.PowerShell/3.1.0/Core/Microsoft.Extensions.Logging.Abstractions.dll","1.0","2024-09-16T21:09:58Z","fethy.faradji@infopro-digital.com"
"11/09/2026 15:10:44","Documents/WindowsPowerShell/Modules/PnP.PowerShell/3.1.0/Core/Microsoft.Extensions.Logging.dll","1.0","2024-09-16T21:10:06Z","fethy.faradji@infopro-digital.com"
"11/09/2026 15:10:49","Documents/WindowsPowerShell/Modules/PnP.PowerShell/3.1.0/Core/Microsoft.Extensions.Options.ConfigurationExtensions.dll","1.0","2023-10-31T13:59:38Z","fethy.faradji@infopro-digital.com"
"11/09/2026 15:10:55","Documents/WindowsPowerShell/Modules/PnP.PowerShell/3.1.0/Core/Microsoft.Extensions.Options.dll","1.0","2024-01-18T02:05:26Z","fethy.faradji@infopro-digital.com"
"11/09/2026 15:10:59","Documents/WindowsPowerShell/Modules/PnP.PowerShell/3.1.0/Core/Microsoft.Extensions.Primitives.dll","1.0","2023-10-31T13:58:52Z","fethy.faradji@infopro-digital.com"
"11/09/2026 15:11:05","Documents/WindowsPowerShell/Modules/PnP.PowerShell/3.1.0/Core/Microsoft.Graph.Core.dll","1.0","2021-03-25T22:18:22Z","fethy.faradji@infopro-digital.com"
"11/09/2026 15:11:07","Documents/WindowsPowerShell/Modules/PnP.PowerShell/3.1.0/Core/Microsoft.Graph.dll","1.0","2021-05-20T20:05:36Z","fethy.faradji@infopro-digital.com"
"11/09/2026 15:11:09","Documents/WindowsPowerShell/Modules/PnP.PowerShell/3.1.0/Core/Microsoft.Identity.Client.Broker.dll","1.0","2025-04-09T18:04:46Z","fethy.faradji@infopro-digital.com"
"11/09/2026 15:11:15","Documents/WindowsPowerShell/Modules/PnP.PowerShell/3.1.0/Core/Microsoft.Identity.Client.dll","1.0","2025-04-09T18:01:14Z","fethy.faradji@infopro-digital.com"
"11/09/2026 15:11:20","Documents/WindowsPowerShell/Modules/PnP.PowerShell/3.1.0/Core/Microsoft.Identity.Client.Extensions.Msal.dll","1.0","2025-04-09T18:06:30Z","fethy.faradji@infopro-digital.com"
"11/09/2026 15:11:25","Documents/WindowsPowerShell/Modules/PnP.PowerShell/3.1.0/Core/Microsoft.Identity.Client.NativeInterop.dll","1.0","2025-02-28T11:05:10Z","fethy.faradji@infopro-digital.com"
"11/09/2026 15:11:30","Documents/WindowsPowerShell/Modules/PnP.PowerShell/3.1.0/Core/Microsoft.IdentityModel.Abstractions.dll","1.0","2024-11-01T22:45:56Z","fethy.faradji@infopro-digital.com"
"11/09/2026 15:11:35","Documents/WindowsPowerShell/Modules/PnP.PowerShell/3.1.0/Core/Microsoft.IdentityModel.JsonWebTokens.dll","1.0","2024-11-01T22:46:06Z","fethy.faradji@infopro-digital.com"
"11/09/2026 15:11:40","Documents/WindowsPowerShell/Modules/PnP.PowerShell/3.1.0/Core/Microsoft.IdentityModel.Logging.dll","1.0","2024-11-01T22:46:04Z","fethy.faradji@infopro-digital.com"
"11/09/2026 15:11:45","Documents/WindowsPowerShell/Modules/PnP.PowerShell/3.1.0/Core/Microsoft.IdentityModel.Tokens.dll","1.0","2024-11-01T22:46:26Z","fethy.faradji@infopro-digital.com"
"11/09/2026 15:11:50","Documents/WindowsPowerShell/Modules/PnP.PowerShell/3.1.0/Core/Microsoft.Office.Client.Policy.dll","1.0","2025-03-12T05:27:54Z","fethy.faradji@infopro-digital.com"
"11/09/2026 15:11:55","Documents/WindowsPowerShell/Modules/PnP.PowerShell/3.1.0/Core/Microsoft.Office.Client.TranslationServices.dll","1.0","2025-03-12T05:27:54Z","fethy.faradji@infopro-digital.com"
"11/09/2026 15:12:00","Documents/WindowsPowerShell/Modules/PnP.PowerShell/3.1.0/Core/Microsoft.Office.SharePoint.Tools.dll","1.0","2025-03-12T05:27:54Z","fethy.faradji@infopro-digital.com"
"11/09/2026 15:12:05","Documents/WindowsPowerShell/Modules/PnP.PowerShell/3.1.0/Core/Microsoft.Online.SharePoint.Client.Tenant.dll","1.0","2025-03-12T05:27:54Z","fethy.faradji@infopro-digital.com"
"11/09/2026 15:12:10","Documents/WindowsPowerShell/Modules/PnP.PowerShell/3.1.0/Core/Microsoft.ProjectServer.Client.dll","1.0","2025-03-12T05:27:54Z","fethy.faradji@infopro-digital.com"
"11/09/2026 15:12:15","Documents/WindowsPowerShell/Modules/PnP.PowerShell/3.1.0/Core/Microsoft.SharePoint.Client.dll","1.0","2025-03-12T05:27:54Z","fethy.faradji@infopro-digital.com"
"11/09/2026 15:12:20","Documents/WindowsPowerShell/Modules/PnP.PowerShell/3.1.0/Core/Microsoft.SharePoint.Client.DocumentManagement.dll","1.0","2025-03-12T05:27:54Z","fethy.faradji@infopro-digital.com"
"11/09/2026 15:12:25","Documents/WindowsPowerShell/Modules/PnP.PowerShell/3.1.0/Core/Microsoft.SharePoint.Client.Publishing.dll","1.0","2025-03-12T05:27:54Z","fethy.faradji@infopro-digital.com"
"11/09/2026 15:12:30","Documents/WindowsPowerShell/Modules/PnP.PowerShell/3.1.0/Core/Microsoft.SharePoint.Client.Runtime.dll","1.0","2025-03-12T05:27:54Z","fethy.faradji@infopro-digital.com"
"11/09/2026 15:12:35","Documents/WindowsPowerShell/Modules/PnP.PowerShell/3.1.0/Core/Microsoft.SharePoint.Client.Search.Applications.dll","1.0","2025-03-12T05:27:54Z","fethy.faradji@infopro-digital.com"
"11/09/2026 15:12:39","Documents/WindowsPowerShell/Modules/PnP.PowerShell/3.1.0/Core/Microsoft.SharePoint.Client.Search.dll","1.0","2025-03-12T05:27:54Z","fethy.faradji@infopro-digital.com"
"11/09/2026 15:12:44","Documents/WindowsPowerShell/Modules/PnP.PowerShell/3.1.0/Core/Microsoft.SharePoint.Client.Taxonomy.dll","1.0","2025-03-12T05:27:54Z","fethy.faradji@infopro-digital.com"
"11/09/2026 15:12:50","Documents/WindowsPowerShell/Modules/PnP.PowerShell/3.1.0/Core/Microsoft.SharePoint.Client.UserProfiles.dll","1.0","2025-03-12T05:27:54Z","fethy.faradji@infopro-digital.com"
"11/09/2026 15:12:55","Documents/WindowsPowerShell/Modules/PnP.PowerShell/3.1.0/Core/Microsoft.SharePoint.Client.WorkflowServices.dll","1.0","2025-03-12T05:27:54Z","fethy.faradji@infopro-digital.com"
"11/09/2026 15:13:00","Documents/WindowsPowerShell/Modules/PnP.PowerShell/3.1.0/Core/Microsoft.Win32.Registry.AccessControl.dll","1.0","2023-10-31T14:00:54Z","fethy.faradji@infopro-digital.com"
"11/09/2026 15:13:05","Documents/WindowsPowerShell/Modules/PnP.PowerShell/3.1.0/Core/Newtonsoft.Json.dll","1.0","2023-03-08T06:09:54Z","fethy.faradji@infopro-digital.com"
"11/09/2026 15:13:10","Documents/WindowsPowerShell/Modules/PnP.PowerShell/3.1.0/Core/PnP.Core.Admin.dll","1.0","2025-04-17T11:06:20Z","fethy.faradji@infopro-digital.com"
"11/09/2026 15:13:15","Documents/WindowsPowerShell/Modules/PnP.PowerShell/3.1.0/Core/PnP.Core.Auth.dll","1.0","2025-04-17T11:06:00Z","fethy.faradji@infopro-digital.com"
"11/09/2026 15:13:20","Documents/WindowsPowerShell/Modules/PnP.PowerShell/3.1.0/Core/PnP.Core.dll","1.0","2025-04-17T11:06:20Z","fethy.faradji@infopro-digital.com"
"11/09/2026 15:13:26","Documents/WindowsPowerShell/Modules/PnP.PowerShell/3.1.0/Core/PnP.Framework.dll","1.0","2025-04-17T11:36:46Z","fethy.faradji@infopro-digital.com"
"11/09/2026 15:13:32","Documents/WindowsPowerShell/Modules/PnP.PowerShell/3.1.0/Core/PnP.PowerShell.dll","1.0","2025-04-18T06:52:34Z","fethy.faradji@infopro-digital.com"
"11/09/2026 15:13:38","Documents/WindowsPowerShell/Modules/PnP.PowerShell/3.1.0/Core/PnP.PowerShell.pdb","1.0","2025-04-18T06:56:42Z","fethy.faradji@infopro-digital.com"
"11/09/2026 15:13:44","Documents/WindowsPowerShell/Modules/PnP.PowerShell/3.1.0/Core/Portable.Xaml.dll","1.0","2020-10-29T10:07:24Z","fethy.faradji@infopro-digital.com"
"11/09/2026 15:13:49","Documents/WindowsPowerShell/Modules/PnP.PowerShell/3.1.0/Core/System.CodeDom.dll","1.0","2023-10-31T13:59:14Z","fethy.faradji@infopro-digital.com"
"11/09/2026 15:13:54","Documents/WindowsPowerShell/Modules/PnP.PowerShell/3.1.0/Core/System.Configuration.ConfigurationManager.dll","1.0","2024-09-16T21:09:48Z","fethy.faradji@infopro-digital.com"
"11/09/2026 15:13:59","Documents/WindowsPowerShell/Modules/PnP.PowerShell/3.1.0/Core/System.Diagnostics.EventLog.dll","1.0","2024-09-16T21:09:32Z","fethy.faradji@infopro-digital.com"
"11/09/2026 15:14:04","Documents/WindowsPowerShell/Modules/PnP.PowerShell/3.1.0/Core/System.DirectoryServices.dll","1.0","2023-10-31T14:02:24Z","fethy.faradji@infopro-digital.com"
"11/09/2026 15:14:08","Documents/WindowsPowerShell/Modules/PnP.PowerShell/3.1.0/Core/System.Formats.Asn1.dll","1.0","2025-01-16T18:07:54Z","fethy.faradji@infopro-digital.com"
"11/09/2026 15:14:13","Documents/WindowsPowerShell/Modules/PnP.PowerShell/3.1.0/Core/System.IdentityModel.Tokens.Jwt.dll","1.0","2024-11-01T22:46:06Z","fethy.faradji@infopro-digital.com"
"11/09/2026 15:14:18","Documents/WindowsPowerShell/Modules/PnP.PowerShell/3.1.0/Core/System.IO.Packaging.dll","1.0","2024-09-16T21:09:52Z","fethy.faradji@infopro-digital.com"
"11/09/2026 15:14:23","Documents/WindowsPowerShell/Modules/PnP.PowerShell/3.1.0/Core/System.Management.dll","1.0","2023-10-31T14:10:02Z","fethy.faradji@infopro-digital.com"
"11/09/2026 15:14:28","Documents/WindowsPowerShell/Modules/PnP.PowerShell/3.1.0/Core/System.Security.Cryptography.Pkcs.dll","1.0","2024-09-16T21:09:56Z","fethy.faradji@infopro-digital.com"
"11/09/2026 15:14:32","Documents/WindowsPowerShell/Modules/PnP.PowerShell/3.1.0/Core/System.Security.Cryptography.ProtectedData.dll","1.0","2023-10-31T13:59:04Z","fethy.faradji@infopro-digital.com"
"11/09/2026 15:14:37","Documents/WindowsPowerShell/Modules/PnP.PowerShell/3.1.0/Core/System.Security.Permissions.dll","1.0","2023-10-31T13:59:40Z","fethy.faradji@infopro-digital.com"
"11/09/2026 15:14:41","Documents/WindowsPowerShell/Modules/PnP.PowerShell/3.1.0/Core/System.Windows.Extensions.dll","1.0","2023-10-31T13:59:40Z","fethy.faradji@infopro-digital.com"
"11/09/2026 15:14:45","Documents/WindowsPowerShell/Modules/PnP.PowerShell/3.1.0/Core/TextCopy.dll","1.0","2022-12-16T00:22:50Z","fethy.faradji@infopro-digital.com"
"11/09/2026 15:14:51","Documents/WindowsPowerShell/Modules/PnP.PowerShell/3.1.0/Core/TimeZoneConverter.dll","1.0","2023-02-12T19:28:24Z","fethy.faradji@infopro-digital.com"
"11/09/2026 15:14:56","Documents/WindowsPowerShell/Modules/PnP.PowerShell/3.1.0/Framework/PnP.PowerShell.dll","1.0","2025-04-17T17:50:32Z","fethy.faradji@infopro-digital.com"
"11/09/2026 15:15:01","Documents/WindowsPowerShell/Modules/PnP.PowerShell/3.1.0/PnP.PowerShell.Format.ps1xml","1.0","2025-04-18T06:52:34Z","fethy.faradji@infopro-digital.com"
"11/09/2026 15:15:05","Documents/WindowsPowerShell/Modules/PnP.PowerShell/3.1.0/PnP.PowerShell.psd1","1.0","2025-04-18T06:52:34Z","fethy.faradji@infopro-digital.com"
"11/09/2026 15:15:10","Documents/WindowsPowerShell/Modules/PnP.PowerShell/3.1.0/PnP.PowerShell-Help.xml","1.0","2025-04-18T06:38:22Z","fethy.faradji@infopro-digital.com"
"11/09/2026 15:15:14","Documents/WindowsPowerShell/Modules/PnP.PowerShell/3.1.0/PSGetModuleInfo.xml","1.0","2025-06-12T15:17:41Z","fethy.faradji@infopro-digital.com"
"11/09/2026 15:15:19","Documents/.Logo_Mysupport_V6.png","1.0","2024-09-26T12:27:50Z","fethy.faradji@infopro-digital.com"
"11/09/2026 15:15:23","Documents/1.png","1.0","2025-10-27T15:07:13Z","fethy.faradji@infopro-digital.com"
"11/09/2026 15:15:28","Documents/2.png","1.0","2025-10-27T15:07:39Z","fethy.faradji@infopro-digital.com"
"11/09/2026 15:15:32","Documents/2023_08_21_084207(1).pdf","1.0","2023-08-21T08:27:48Z","fethy.faradji@infopro-digital.com"
"11/09/2026 15:15:37","Documents/3901448_AVIS APPEL OFFRES CULATTES  ATMO.PDF","2.0","2022-09-20T08:34:33Z","fethy.faradji@infopro-digital.com"
"11/09/2026 15:15:39","Documents/3901448_AVIS APPEL OFFRES CULATTES  ATMO.PDF","1.0","2022-09-20T08:34:33Z","fethy.faradji@infopro-digital.com"
"11/09/2026 15:15:43","Documents/AAAABaP4cxptwgVJ6UNR6DBo3A1EqBZrcGB8-zUiF86yvwXAaVpYeee9_vYvdiE1yV5Bd9KHWWShgL1Gk9-UcSZ58SMvHlDuWhxWrVMd.png","1.0","2025-10-14T07:44:55Z","fethy.faradji@infopro-digital.com"
"11/09/2026 15:15:48","Documents/all-domains.csv","1.0","2025-11-14T08:44:16Z","fethy.faradji@infopro-digital.com"
"11/09/2026 15:15:53","Documents/arrêt maladie 2604 - 2704.pdf","1.0","2023-05-25T10:00:18Z","fethy.faradji@infopro-digital.com"
"11/09/2026 15:15:57","Documents/ATTESTATION SUR L HONNEUR TELETRAVAIL.docx","1.0","2025-08-27T13:35:06Z","fethy.faradji@infopro-digital.com"
"11/09/2026 15:15:59","Documents/ATTESTATION SUR L HONNEUR TELETRAVAIL.docx","2.0","2026-02-11T08:39:04Z","fethy.faradji@infopro-digital.com"
"11/09/2026 15:16:03","Documents/COMPTES ENFANTS SANS PARENTS.xlsx","1.0","2023-05-25T09:48:42Z","fethy.faradji@infopro-digital.com"
"11/09/2026 15:16:05","Documents/COMPTES ENFANTS SANS PARENTS.xlsx","2.0","2023-05-25T09:55:18Z","fethy.faradji@infopro-digital.com"
"11/09/2026 15:16:06","Documents/COMPTES ENFANTS SANS PARENTS.xlsx","3.0","2023-05-25T10:15:33Z","fethy.faradji@infopro-digital.com"
"11/09/2026 15:16:10","Documents/Creamodif AD-premier entretient.docx","1.0","2026-04-21T07:39:19Z","fethy.faradji@infopro-digital.com"
"11/09/2026 15:16:12","Documents/Creamodif AD-premier entretient.docx","2.0","2026-04-21T07:39:27Z","fethy.faradji@infopro-digital.com"
"11/09/2026 15:16:15","Documents/D100340.xml","1.0","2024-02-23T16:24:18Z","fethy.faradji@infopro-digital.com"
"11/09/2026 15:16:20","Documents/database.db","1.0","2025-07-07T12:36:17Z","fethy.faradji@infopro-digital.com"
"11/09/2026 15:16:25","Documents/DEF_RETOUR_MONIMAIL19092022122353.rar","1.0","2022-09-30T09:43:04Z","fethy.faradji@infopro-digital.com"
"11/09/2026 15:16:31","Documents/Default.rdp","387.0","2022-11-15T09:03:23Z","fethy.faradji@infopro-digital.com"
"11/09/2026 15:16:33","Documents/Default.rdp","388.0","2022-11-15T09:25:07Z","fethy.faradji@infopro-digital.com"
"11/09/2026 15:16:34","Documents/Default.rdp","389.0","2022-11-15T10:01:27Z","fethy.faradji@infopro-digital.com"
"11/09/2026 15:16:35","Documents/Default.rdp","390.0","2022-11-15T10:14:47Z","fethy.faradji@infopro-digital.com"
"11/09/2026 15:16:36","Documents/Default.rdp","391.0","2022-11-15T10:37:44Z","fethy.faradji@infopro-digital.com"
"11/09/2026 15:16:38","Documents/Default.rdp","392.0","2022-11-15T13:03:53Z","fethy.faradji@infopro-digital.com"
"11/09/2026 15:16:39","Documents/Default.rdp","393.0","2022-11-16T09:35:35Z","fethy.faradji@infopro-digital.com"
"11/09/2026 15:16:40","Documents/Default.rdp","394.0","2022-11-16T10:12:42Z","fethy.faradji@infopro-digital.com"
"11/09/2026 15:16:41","Documents/Default.rdp","395.0","2022-11-16T10:20:24Z","fethy.faradji@infopro-digital.com"
"11/09/2026 15:16:42","Documents/Default.rdp","396.0","2022-11-17T09:11:17Z","fethy.faradji@infopro-digital.com"
"11/09/2026 15:16:43","Documents/Default.rdp","397.0","2022-11-17T11:14:18Z","fethy.faradji@infopro-digital.com"
"11/09/2026 15:16:45","Documents/Default.rdp","398.0","2022-11-17T11:15:07Z","fethy.faradji@infopro-digital.com"
"11/09/2026 15:16:46","Documents/Default.rdp","399.0","2022-11-17T11:15:14Z","fethy.faradji@infopro-digital.com"
"11/09/2026 15:16:47","Documents/Default.rdp","400.0","2022-11-18T09:08:56Z","fethy.faradji@infopro-digital.com"
"11/09/2026 15:16:48","Documents/Default.rdp","401.0","2022-11-18T09:23:51Z","fethy.faradji@infopro-digital.com"
"11/09/2026 15:16:49","Documents/Default.rdp","402.0","2022-11-18T16:02:24Z","fethy.faradji@infopro-digital.com"
"11/09/2026 15:16:50","Documents/Default.rdp","403.0","2022-11-18T16:17:06Z","fethy.faradji@infopro-digital.com"
"11/09/2026 15:16:51","Documents/Default.rdp","404.0","2022-11-21T16:06:17Z","fethy.faradji@infopro-digital.com"
"11/09/2026 15:16:52","Documents/Default.rdp","405.0","2022-11-23T08:34:01Z","fethy.faradji@infopro-digital.com"
"11/09/2026 15:16:53","Documents/Default.rdp","406.0","2022-11-24T16:14:06Z","fethy.faradji@infopro-digital.com"
"11/09/2026 15:16:55","Documents/Default.rdp","407.0","2022-11-25T09:34:15Z","fethy.faradji@infopro-digital.com"
"11/09/2026 15:16:56","Documents/Default.rdp","408.0","2022-11-28T11:08:54Z","fethy.faradji@infopro-digital.com"
"11/09/2026 15:16:57","Documents/Default.rdp","409.0","2022-11-28T11:08:57Z","fethy.faradji@infopro-digital.com"
"11/09/2026 15:16:58","Documents/Default.rdp","410.0","2022-12-01T08:38:27Z","fethy.faradji@infopro-digital.com"
"11/09/2026 15:16:59","Documents/Default.rdp","411.0","2022-12-02T08:14:59Z","fethy.faradji@infopro-digital.com"
"11/09/2026 15:17:00","Documents/Default.rdp","412.0","2022-12-02T10:55:58Z","fethy.faradji@infopro-digital.com"
"11/09/2026 15:17:02","Documents/Default.rdp","413.0","2022-12-02T10:56:04Z","fethy.faradji@infopro-digital.com"
"11/09/2026 15:17:03","Documents/Default.rdp","414.0","2022-12-05T14:38:27Z","fethy.faradji@infopro-digital.com"
"11/09/2026 15:17:04","Documents/Default.rdp","415.0","2022-12-05T15:45:45Z","fethy.faradji@infopro-digital.com"
"11/09/2026 15:17:05","Documents/Default.rdp","416.0","2022-12-05T16:20:59Z","fethy.faradji@infopro-digital.com"
"11/09/2026 15:17:06","Documents/Default.rdp","417.0","2022-12-06T08:28:35Z","fethy.faradji@infopro-digital.com"
"11/09/2026 15:17:07","Documents/Default.rdp","418.0","2022-12-07T09:01:16Z","fethy.faradji@infopro-digital.com"
"11/09/2026 15:17:08","Documents/Default.rdp","419.0","2022-12-07T14:01:20Z","fethy.faradji@infopro-digital.com"
"11/09/2026 15:17:10","Documents/Default.rdp","420.0","2022-12-07T14:02:02Z","fethy.faradji@infopro-digital.com"
"11/09/2026 15:17:11","Documents/Default.rdp","421.0","2022-12-08T10:34:39Z","fethy.faradji@infopro-digital.com"
"11/09/2026 15:17:12","Documents/Default.rdp","422.0","2022-12-08T13:48:10Z","fethy.faradji@infopro-digital.com"
"11/09/2026 15:17:13","Documents/Default.rdp","423.0","2022-12-08T14:51:27Z","fethy.faradji@infopro-digital.com"
"11/09/2026 15:17:14","Documents/Default.rdp","424.0","2022-12-08T14:52:00Z","fethy.faradji@infopro-digital.com"
"11/09/2026 15:17:15","Documents/Default.rdp","425.0","2022-12-08T15:02:14Z","fethy.faradji@infopro-digital.com"
"11/09/2026 15:17:16","Documents/Default.rdp","426.0","2022-12-08T16:16:46Z","fethy.faradji@infopro-digital.com"
"11/09/2026 15:17:17","Documents/Default.rdp","427.0","2022-12-09T10:46:41Z","fethy.faradji@infopro-digital.com"
"11/09/2026 15:17:19","Documents/Default.rdp","428.0","2022-12-12T11:18:13Z","fethy.faradji@infopro-digital.com"
"11/09/2026 15:17:20","Documents/Default.rdp","429.0","2022-12-12T11:18:16Z","fethy.faradji@infopro-digital.com"
"11/09/2026 15:17:21","Documents/Default.rdp","430.0","2022-12-12T13:20:58Z","fethy.faradji@infopro-digital.com"
"11/09/2026 15:17:22","Documents/Default.rdp","431.0","2022-12-13T09:12:31Z","fethy.faradji@infopro-digital.com"
"11/09/2026 15:17:23","Documents/Default.rdp","432.0","2022-12-15T08:37:39Z","fethy.faradji@infopro-digital.com"
"11/09/2026 15:17:24","Documents/Default.rdp","433.0","2022-12-15T08:46:07Z","fethy.faradji@infopro-digital.com"
"11/09/2026 15:17:25","Documents/Default.rdp","434.0","2022-12-16T08:42:44Z","fethy.faradji@infopro-digital.com"
"11/09/2026 15:17:26","Documents/Default.rdp","435.0","2022-12-16T08:59:34Z","fethy.faradji@infopro-digital.com"
"11/09/2026 15:17:27","Documents/Default.rdp","436.0","2022-12-16T09:40:07Z","fethy.faradji@infopro-digital.com"
"11/09/2026 15:17:29","Documents/Default.rdp","437.0","2022-12-16T10:04:10Z","fethy.faradji@infopro-digital.com"
"11/09/2026 15:17:30","Documents/Default.rdp","438.0","2022-12-16T10:36:27Z","fethy.faradji@infopro-digital.com"
"11/09/2026 15:17:31","Documents/Default.rdp","439.0","2022-12-16T10:40:01Z","fethy.faradji@infopro-digital.com"
"11/09/2026 15:17:32","Documents/Default.rdp","440.0","2022-12-16T11:39:55Z","fethy.faradji@infopro-digital.com"
"11/09/2026 15:17:34","Documents/Default.rdp","441.0","2022-12-16T13:18:36Z","fethy.faradji@infopro-digital.com"
"11/09/2026 15:17:35","Documents/Default.rdp","442.0","2022-12-16T13:25:17Z","fethy.faradji@infopro-digital.com"
"11/09/2026 15:17:36","Documents/Default.rdp","443.0","2022-12-16T13:36:57Z","fethy.faradji@infopro-digital.com"
"11/09/2026 15:17:37","Documents/Default.rdp","444.0","2022-12-16T14:12:56Z","fethy.faradji@infopro-digital.com"
"11/09/2026 15:17:39","Documents/Default.rdp","445.0","2022-12-19T10:11:28Z","fethy.faradji@infopro-digital.com"
"11/09/2026 15:17:40","Documents/Default.rdp","446.0","2022-12-19T10:36:27Z","fethy.faradji@infopro-digital.com"
"11/09/2026 15:17:41","Documents/Default.rdp","447.0","2022-12-19T11:13:19Z","fethy.faradji@infopro-digital.com"
"11/09/2026 15:17:42","Documents/Default.rdp","448.0","2022-12-20T08:25:07Z","fethy.faradji@infopro-digital.com"
"11/09/2026 15:17:44","Documents/Default.rdp","449.0","2022-12-20T10:47:31Z","fethy.faradji@infopro-digital.com"
"11/09/2026 15:17:45","Documents/Default.rdp","450.0","2022-12-21T15:56:07Z","fethy.faradji@infopro-digital.com"
"11/09/2026 15:17:46","Documents/Default.rdp","451.0","2022-12-27T09:30:58Z","fethy.faradji@infopro-digital.com"
"11/09/2026 15:17:47","Documents/Default.rdp","452.0","2022-12-27T10:49:24Z","fethy.faradji@infopro-digital.com"
"11/09/2026 15:17:48","Documents/Default.rdp","453.0","2022-12-27T13:22:21Z","fethy.faradji@infopro-digital.com"
"11/09/2026 15:17:49","Documents/Default.rdp","454.0","2022-12-28T10:14:26Z","fethy.faradji@infopro-digital.com"
"11/09/2026 15:17:51","Documents/Default.rdp","455.0","2022-12-29T09:11:30Z","fethy.faradji@infopro-digital.com"
"11/09/2026 15:17:52","Documents/Default.rdp","456.0","2023-01-04T07:56:28Z","fethy.faradji@infopro-digital.com"
"11/09/2026 15:17:53","Documents/Default.rdp","457.0","2023-01-04T07:56:32Z","fethy.faradji@infopro-digital.com"
"11/09/2026 15:17:54","Documents/Default.rdp","458.0","2023-01-05T08:42:52Z","fethy.faradji@infopro-digital.com"
"11/09/2026 15:17:56","Documents/Default.rdp","459.0","2023-01-05T13:08:00Z","fethy.faradji@infopro-digital.com"
"11/09/2026 15:17:57","Documents/Default.rdp","460.0","2023-01-05T14:00:47Z","fethy.faradji@infopro-digital.com"
"11/09/2026 15:17:58","Documents/Default.rdp","461.0","2023-01-06T16:36:59Z","fethy.faradji@infopro-digital.com"
"11/09/2026 15:18:00","Documents/Default.rdp","462.0","2023-01-06T16:37:06Z","fethy.faradji@infopro-digital.com"
"11/09/2026 15:18:01","Documents/Default.rdp","463.0","2023-01-06T16:38:04Z","fethy.faradji@infopro-digital.com"
"11/09/2026 15:18:02","Documents/Default.rdp","464.0","2023-01-10T09:18:38Z","fethy.faradji@infopro-digital.com"
"11/09/2026 15:18:03","Documents/Default.rdp","465.0","2023-01-10T10:13:20Z","fethy.faradji@infopro-digital.com"
"11/09/2026 15:18:05","Documents/Default.rdp","466.0","2023-01-10T16:54:17Z","fethy.faradji@infopro-digital.com"
"11/09/2026 15:18:06","Documents/Default.rdp","467.0","2023-01-13T09:01:42Z","fethy.faradji@infopro-digital.com"
"11/09/2026 15:18:07","Documents/Default.rdp","468.0","2023-01-25T09:28:30Z","fethy.faradji@infopro-digital.com"
"11/09/2026 15:18:08","Documents/Default.rdp","469.0","2023-01-25T10:37:18Z","fethy.faradji@infopro-digital.com"
"11/09/2026 15:18:09","Documents/Default.rdp","470.0","2023-01-25T11:28:12Z","fethy.faradji@infopro-digital.com"
"11/09/2026 15:18:11","Documents/Default.rdp","471.0","2023-01-25T15:24:11Z","fethy.faradji@infopro-digital.com"
"11/09/2026 15:18:12","Documents/Default.rdp","472.0","2023-01-25T15:32:52Z","fethy.faradji@infopro-digital.com"
"11/09/2026 15:18:13","Documents/Default.rdp","473.0","2023-01-26T09:31:02Z","fethy.faradji@infopro-digital.com"
"11/09/2026 15:18:14","Documents/Default.rdp","474.0","2023-01-26T09:47:55Z","fethy.faradji@infopro-digital.com"
"11/09/2026 15:18:16","Documents/Default.rdp","475.0","2023-01-27T13:49:08Z","fethy.faradji@infopro-digital.com"
"11/09/2026 15:18:18","Documents/Default.rdp","476.0","2023-01-30T10:43:41Z","fethy.faradji@infopro-digital.com"
"11/09/2026 15:18:22","Documents/Default.rdp","477.0","2023-01-31T12:54:50Z","fethy.faradji@infopro-digital.com"
"11/09/2026 15:18:23","Documents/Default.rdp","478.0","2023-01-31T13:05:16Z","fethy.faradji@infopro-digital.com"
"11/09/2026 15:18:24","Documents/Default.rdp","479.0","2023-01-31T15:56:47Z","fethy.faradji@infopro-digital.com"
"11/09/2026 15:18:25","Documents/Default.rdp","480.0","2023-01-31T15:58:57Z","fethy.faradji@infopro-digital.com"
"11/09/2026 15:18:26","Documents/Default.rdp","481.0","2023-02-02T14:38:42Z","fethy.faradji@infopro-digital.com"
"11/09/2026 15:18:27","Documents/Default.rdp","482.0","2023-02-03T09:07:25Z","fethy.faradji@infopro-digital.com"
"11/09/2026 15:18:28","Documents/Default.rdp","483.0","2023-02-03T13:53:14Z","fethy.faradji@infopro-digital.com"
"11/09/2026 15:18:30","Documents/Default.rdp","484.0","2023-02-06T10:35:01Z","fethy.faradji@infopro-digital.com"
"11/09/2026 15:18:31","Documents/Default.rdp","485.0","2023-02-06T11:01:09Z","fethy.faradji@infopro-digital.com"
"11/09/2026 15:18:32","Documents/Default.rdp","486.0","2023-02-06T12:51:50Z","fethy.faradji@infopro-digital.com"
"11/09/2026 15:18:33","Documents/Default.rdp","487.0","2023-02-06T16:38:24Z","fethy.faradji@infopro-digital.com"
"11/09/2026 15:18:34","Documents/Default.rdp","488.0","2023-02-08T18:03:31Z","fethy.faradji@infopro-digital.com"
"11/09/2026 15:18:35","Documents/Default.rdp","489.0","2023-02-08T18:03:42Z","fethy.faradji@infopro-digital.com"
"11/09/2026 15:18:36","Documents/Default.rdp","490.0","2023-02-15T09:56:44Z","fethy.faradji@infopro-digital.com"
"11/09/2026 15:18:38","Documents/Default.rdp","491.0","2023-02-15T13:02:34Z","fethy.faradji@infopro-digital.com"
"11/09/2026 15:18:39","Documents/Default.rdp","492.0","2023-02-15T13:57:45Z","fethy.faradji@infopro-digital.com"
"11/09/2026 15:18:40","Documents/Default.rdp","493.0","2023-02-15T13:59:35Z","fethy.faradji@infopro-digital.com"
"11/09/2026 15:18:41","Documents/Default.rdp","494.0","2023-02-16T08:21:29Z","fethy.faradji@infopro-digital.com"
"11/09/2026 15:18:42","Documents/Default.rdp","495.0","2023-02-16T08:22:11Z","fethy.faradji@infopro-digital.com"
"11/09/2026 15:18:43","Documents/Default.rdp","496.0","2023-02-16T13:11:58Z","fethy.faradji@infopro-digital.com"
"11/09/2026 15:18:45","Documents/Default.rdp","497.0","2023-02-23T08:27:22Z","fethy.faradji@infopro-digital.com"
"11/09/2026 15:18:46","Documents/Default.rdp","498.0","2023-02-23T08:27:24Z","fethy.faradji@infopro-digital.com"
"11/09/2026 15:18:47","Documents/Default.rdp","499.0","2023-02-23T08:27:25Z","fethy.faradji@infopro-digital.com"
"11/09/2026 15:18:48","Documents/Default.rdp","500.0","2023-02-23T09:24:41Z","fethy.faradji@infopro-digital.com"
"11/09/2026 15:18:49","Documents/Default.rdp","501.0","2023-02-24T08:36:49Z","fethy.faradji@infopro-digital.com"
"11/09/2026 15:18:50","Documents/Default.rdp","502.0","2023-02-24T13:21:26Z","fethy.faradji@infopro-digital.com"
"11/09/2026 15:18:51","Documents/Default.rdp","503.0","2023-02-24T16:19:11Z","fethy.faradji@infopro-digital.com"
"11/09/2026 15:18:52","Documents/Default.rdp","504.0","2023-02-24T16:19:16Z","fethy.faradji@infopro-digital.com"
"11/09/2026 15:18:54","Documents/Default.rdp","505.0","2023-03-07T09:08:00Z","fethy.faradji@infopro-digital.com"
"11/09/2026 15:18:55","Documents/Default.rdp","506.0","2023-03-07T14:31:00Z","fethy.faradji@infopro-digital.com"
"11/09/2026 15:18:56","Documents/Default.rdp","507.0","2023-03-07T14:35:52Z","fethy.faradji@infopro-digital.com"
"11/09/2026 15:18:57","Documents/Default.rdp","508.0","2023-03-08T13:02:21Z","fethy.faradji@infopro-digital.com"
"11/09/2026 15:18:58","Documents/Default.rdp","509.0","2023-03-08T13:52:05Z","fethy.faradji@infopro-digital.com"
"11/09/2026 15:18:59","Documents/Default.rdp","510.0","2023-03-09T13:11:26Z","fethy.faradji@infopro-digital.com"
"11/09/2026 15:19:01","Documents/Default.rdp","511.0","2023-03-09T13:15:56Z","fethy.faradji@infopro-digital.com"
"11/09/2026 15:19:02","Documents/Default.rdp","512.0","2023-03-13T12:53:50Z","fethy.faradji@infopro-digital.com"
"11/09/2026 15:19:03","Documents/Default.rdp","513.0","2023-03-13T13:18:23Z","fethy.faradji@infopro-digital.com"
"11/09/2026 15:19:04","Documents/Default.rdp","514.0","2023-03-13T14:04:35Z","fethy.faradji@infopro-digital.com"
"11/09/2026 15:19:05","Documents/Default.rdp","515.0","2023-03-13T15:36:28Z","fethy.faradji@infopro-digital.com"
"11/09/2026 15:19:07","Documents/Default.rdp","516.0","2023-03-13T15:39:33Z","fethy.faradji@infopro-digital.com"
"11/09/2026 15:19:08","Documents/Default.rdp","517.0","2023-03-14T09:29:26Z","fethy.faradji@infopro-digital.com"
"11/09/2026 15:19:10","Documents/Default.rdp","518.0","2023-03-14T10:01:06Z","fethy.faradji@infopro-digital.com"
"11/09/2026 15:19:11","Documents/Default.rdp","519.0","2023-03-14T10:32:58Z","fethy.faradji@infopro-digital.com"
"11/09/2026 15:19:12","Documents/Default.rdp","520.0","2023-03-14T12:59:17Z","fethy.faradji@infopro-digital.com"
"11/09/2026 15:19:13","Documents/Default.rdp","521.0","2023-03-15T08:32:11Z","fethy.faradji@infopro-digital.com"
"11/09/2026 15:19:14","Documents/Default.rdp","522.0","2023-03-15T13:39:58Z","fethy.faradji@infopro-digital.com"
"11/09/2026 15:19:16","Documents/Default.rdp","523.0","2023-03-16T15:07:47Z","fethy.faradji@infopro-digital.com"
"11/09/2026 15:19:17","Documents/Default.rdp","524.0","2023-03-17T09:00:00Z","fethy.faradji@infopro-digital.com"
"11/09/2026 15:19:18","Documents/Default.rdp","525.0","2023-03-17T09:30:13Z","fethy.faradji@infopro-digital.com"
"11/09/2026 15:19:19","Documents/Default.rdp","526.0","2023-03-20T15:29:15Z","fethy.faradji@infopro-digital.com"
"11/09/2026 15:19:20","Documents/Default.rdp","527.0","2023-03-20T16:07:22Z","fethy.faradji@infopro-digital.com"
"11/09/2026 15:19:21","Documents/Default.rdp","528.0","2023-03-20T16:09:07Z","fethy.faradji@infopro-digital.com"
"11/09/2026 15:19:22","Documents/Default.rdp","529.0","2023-03-20T16:47:10Z","fethy.faradji@infopro-digital.com"
"11/09/2026 15:19:23","Documents/Default.rdp","530.0","2023-03-21T12:56:26Z","fethy.faradji@infopro-digital.com"
"11/09/2026 15:19:24","Documents/Default.rdp","531.0","2023-03-22T11:01:26Z","fethy.faradji@infopro-digital.com"
"11/09/2026 15:19:25","Documents/Default.rdp","532.0","2023-03-22T13:10:14Z","fethy.faradji@infopro-digital.com"
"11/09/2026 15:19:26","Documents/Default.rdp","533.0","2023-03-22T14:31:57Z","fethy.faradji@infopro-digital.com"
"11/09/2026 15:19:28","Documents/Default.rdp","534.0","2023-03-23T08:33:25Z","fethy.faradji@infopro-digital.com"
"11/09/2026 15:19:30","Documents/Default.rdp","535.0","2023-03-27T13:18:22Z","fethy.faradji@infopro-digital.com"
"11/09/2026 15:19:31","Documents/Default.rdp","536.0","2023-03-30T11:29:16Z","fethy.faradji@infopro-digital.com"
"11/09/2026 15:19:32","Documents/Default.rdp","537.0","2023-03-30T14:00:46Z","fethy.faradji@infopro-digital.com"
"11/09/2026 15:19:33","Documents/Default.rdp","538.0","2023-03-30T15:26:52Z","fethy.faradji@infopro-digital.com"
"11/09/2026 15:19:34","Documents/Default.rdp","539.0","2023-03-31T07:50:41Z","fethy.faradji@infopro-digital.com"
"11/09/2026 15:19:36","Documents/Default.rdp","540.0","2023-03-31T08:57:40Z","fethy.faradji@infopro-digital.com"
"11/09/2026 15:19:37","Documents/Default.rdp","541.0","2023-04-03T09:02:22Z","fethy.faradji@infopro-digital.com"
"11/09/2026 15:19:39","Documents/Default.rdp","542.0","2023-04-03T12:14:38Z","fethy.faradji@infopro-digital.com"
"11/09/2026 15:19:40","Documents/Default.rdp","543.0","2023-04-03T12:20:53Z","fethy.faradji@infopro-digital.com"
"11/09/2026 15:19:41","Documents/Default.rdp","544.0","2023-04-04T12:32:31Z","fethy.faradji@infopro-digital.com"
"11/09/2026 15:19:44","Documents/Default.rdp","545.0","2023-04-04T14:12:49Z","fethy.faradji@infopro-digital.com"
"11/09/2026 15:19:46","Documents/Default.rdp","546.0","2023-04-06T12:06:21Z","fethy.faradji@infopro-digital.com"
"11/09/2026 15:19:47","Documents/Default.rdp","547.0","2023-04-07T12:13:53Z","fethy.faradji@infopro-digital.com"
"11/09/2026 15:19:48","Documents/Default.rdp","548.0","2023-04-07T12:29:28Z","fethy.faradji@infopro-digital.com"
"11/09/2026 15:19:49","Documents/Default.rdp","549.0","2023-04-07T12:44:23Z","fethy.faradji@infopro-digital.com"
"11/09/2026 15:19:50","Documents/Default.rdp","550.0","2023-04-11T09:36:40Z","fethy.faradji@infopro-digital.com"
"11/09/2026 15:19:51","Documents/Default.rdp","551.0","2023-04-11T12:10:20Z","fethy.faradji@infopro-digital.com"
"11/09/2026 15:19:52","Documents/Default.rdp","552.0","2023-04-11T13:22:25Z","fethy.faradji@infopro-digital.com"
"11/09/2026 15:19:54","Documents/Default.rdp","553.0","2023-04-11T14:43:05Z","fethy.faradji@infopro-digital.com"
"11/09/2026 15:19:55","Documents/Default.rdp","554.0","2023-04-11T15:07:15Z","fethy.faradji@infopro-digital.com"
"11/09/2026 15:19:56","Documents/Default.rdp","555.0","2023-04-12T08:35:31Z","fethy.faradji@infopro-digital.com"
"11/09/2026 15:19:57","Documents/Default.rdp","556.0","2023-04-12T08:35:46Z","fethy.faradji@infopro-digital.com"
"11/09/2026 15:19:59","Documents/Default.rdp","557.0","2023-04-12T08:48:52Z","fethy.faradji@infopro-digital.com"
"11/09/2026 15:20:00","Documents/Default.rdp","558.0","2023-04-12T09:00:35Z","fethy.faradji@infopro-digital.com"
"11/09/2026 15:20:01","Documents/Default.rdp","559.0","2023-04-13T10:09:37Z","fethy.faradji@infopro-digital.com"
"11/09/2026 15:20:02","Documents/Default.rdp","560.0","2023-04-13T13:27:42Z","fethy.faradji@infopro-digital.com"
"11/09/2026 15:20:06","Documents/Default.rdp","561.0","2023-04-14T08:23:27Z","fethy.faradji@infopro-digital.com"
"11/09/2026 15:20:07","Documents/Default.rdp","562.0","2023-04-20T08:57:20Z","fethy.faradji@infopro-digital.com"
"11/09/2026 15:20:08","Documents/Default.rdp","563.0","2023-04-20T08:57:27Z","fethy.faradji@infopro-digital.com"
"11/09/2026 15:20:09","Documents/Default.rdp","564.0","2023-04-20T09:31:46Z","fethy.faradji@infopro-digital.com"
"11/09/2026 15:20:11","Documents/Default.rdp","565.0","2023-04-25T08:28:06Z","fethy.faradji@infopro-digital.com"
"11/09/2026 15:20:12","Documents/Default.rdp","566.0","2023-04-28T14:09:41Z","fethy.faradji@infopro-digital.com"
"11/09/2026 15:20:13","Documents/Default.rdp","567.0","2023-04-28T14:33:11Z","fethy.faradji@infopro-digital.com"
"11/09/2026 15:20:15","Documents/Default.rdp","568.0","2023-04-28T14:43:00Z","fethy.faradji@infopro-digital.com"
"11/09/2026 15:20:16","Documents/Default.rdp","569.0","2023-04-28T14:50:32Z","fethy.faradji@infopro-digital.com"
"11/09/2026 15:20:17","Documents/Default.rdp","570.0","2023-05-02T08:08:46Z","fethy.faradji@infopro-digital.com"
"11/09/2026 15:20:18","Documents/Default.rdp","571.0","2023-05-02T08:42:56Z","fethy.faradji@infopro-digital.com"
"11/09/2026 15:20:20","Documents/Default.rdp","572.0","2023-05-02T10:12:52Z","fethy.faradji@infopro-digital.com"
"11/09/2026 15:20:21","Documents/Default.rdp","573.0","2023-05-02T11:41:59Z","fethy.faradji@infopro-digital.com"
"11/09/2026 15:20:22","Documents/Default.rdp","574.0","2023-05-05T12:38:52Z","fethy.faradji@infopro-digital.com"
"11/09/2026 15:20:24","Documents/Default.rdp","575.0","2023-05-05T13:40:20Z","fethy.faradji@infopro-digital.com"
"11/09/2026 15:20:25","Documents/Default.rdp","576.0","2023-05-05T13:40:28Z","fethy.faradji@infopro-digital.com"
"11/09/2026 15:20:26","Documents/Default.rdp","577.0","2023-05-05T13:41:24Z","fethy.faradji@infopro-digital.com"
"11/09/2026 15:20:27","Documents/Default.rdp","578.0","2023-05-05T14:26:10Z","fethy.faradji@infopro-digital.com"
"11/09/2026 15:20:28","Documents/Default.rdp","579.0","2023-05-05T14:57:46Z","fethy.faradji@infopro-digital.com"
"11/09/2026 15:20:29","Documents/Default.rdp","580.0","2023-05-05T15:08:59Z","fethy.faradji@infopro-digital.com"
"11/09/2026 15:20:30","Documents/Default.rdp","581.0","2023-05-11T08:44:06Z","fethy.faradji@infopro-digital.com"
"11/09/2026 15:20:31","Documents/Default.rdp","582.0","2023-05-11T09:20:22Z","fethy.faradji@infopro-digital.com"
"11/09/2026 15:20:33","Documents/Default.rdp","583.0","2023-05-12T14:47:31Z","fethy.faradji@infopro-digital.com"
"11/09/2026 15:20:34","Documents/Default.rdp","584.0","2023-05-15T13:12:09Z","fethy.faradji@infopro-digital.com"
"11/09/2026 15:20:35","Documents/Default.rdp","585.0","2023-05-15T13:13:20Z","fethy.faradji@infopro-digital.com"
"11/09/2026 15:20:36","Documents/Default.rdp","586.0","2023-05-15T13:40:08Z","fethy.faradji@infopro-digital.com"
"11/09/2026 15:20:37","Documents/Default.rdp","587.0","2023-05-15T13:49:34Z","fethy.faradji@infopro-digital.com"
"11/09/2026 15:20:38","Documents/Default.rdp","588.0","2023-05-15T15:44:38Z","fethy.faradji@infopro-digital.com"
"11/09/2026 15:20:39","Documents/Default.rdp","589.0","2023-05-16T08:14:23Z","fethy.faradji@infopro-digital.com"
"11/09/2026 15:20:40","Documents/Default.rdp","590.0","2023-05-16T09:47:53Z","fethy.faradji@infopro-digital.com"
"11/09/2026 15:20:41","Documents/Default.rdp","591.0","2023-05-17T08:46:38Z","fethy.faradji@infopro-digital.com"
"11/09/2026 15:20:43","Documents/Default.rdp","592.0","2023-05-17T09:30:41Z","fethy.faradji@infopro-digital.com"
"11/09/2026 15:20:44","Documents/Default.rdp","593.0","2023-05-17T15:22:03Z","fethy.faradji@infopro-digital.com"
"11/09/2026 15:20:45","Documents/Default.rdp","594.0","2023-05-23T12:59:35Z","fethy.faradji@infopro-digital.com"
"11/09/2026 15:20:46","Documents/Default.rdp","595.0","2023-05-23T13:46:27Z","fethy.faradji@infopro-digital.com"
"11/09/2026 15:20:47","Documents/Default.rdp","596.0","2023-05-24T08:19:10Z","fethy.faradji@infopro-digital.com"
"11/09/2026 15:20:48","Documents/Default.rdp","597.0","2023-05-24T08:19:11Z","fethy.faradji@infopro-digital.com"
"11/09/2026 15:20:50","Documents/Default.rdp","598.0","2023-05-24T12:02:09Z","fethy.faradji@infopro-digital.com"
"11/09/2026 15:20:51","Documents/Default.rdp","599.0","2023-05-24T14:44:44Z","fethy.faradji@infopro-digital.com"
"11/09/2026 15:20:52","Documents/Default.rdp","600.0","2023-05-25T07:22:15Z","fethy.faradji@infopro-digital.com"
"11/09/2026 15:20:53","Documents/Default.rdp","601.0","2023-05-25T08:49:48Z","fethy.faradji@infopro-digital.com"
"11/09/2026 15:20:54","Documents/Default.rdp","602.0","2023-05-26T07:38:01Z","fethy.faradji@infopro-digital.com"
"11/09/2026 15:20:55","Documents/Default.rdp","603.0","2023-05-26T08:26:21Z","fethy.faradji@infopro-digital.com"
"11/09/2026 15:20:57","Documents/Default.rdp","604.0","2023-05-26T09:37:20Z","fethy.faradji@infopro-digital.com"
"11/09/2026 15:20:58","Documents/Default.rdp","605.0","2023-05-30T08:29:16Z","fethy.faradji@infopro-digital.com"
"11/09/2026 15:20:59","Documents/Default.rdp","606.0","2023-05-30T10:25:08Z","fethy.faradji@infopro-digital.com"
"11/09/2026 15:21:01","Documents/Default.rdp","607.0","2023-05-31T15:49:07Z","fethy.faradji@infopro-digital.com"
"11/09/2026 15:21:02","Documents/Default.rdp","608.0","2023-06-01T07:41:35Z","fethy.faradji@infopro-digital.com"
"11/09/2026 15:21:03","Documents/Default.rdp","609.0","2023-06-02T07:33:02Z","fethy.faradji@infopro-digital.com"
"11/09/2026 15:21:04","Documents/Default.rdp","610.0","2023-06-02T20:50:57Z","fethy.faradji@infopro-digital.com"
"11/09/2026 15:21:05","Documents/Default.rdp","611.0","2023-06-05T07:47:10Z","fethy.faradji@infopro-digital.com"
"11/09/2026 15:21:06","Documents/Default.rdp","612.0","2023-06-05T08:03:14Z","fethy.faradji@infopro-digital.com"
"11/09/2026 15:21:08","Documents/Default.rdp","613.0","2023-06-05T08:47:05Z","fethy.faradji@infopro-digital.com"
"11/09/2026 15:21:09","Documents/Default.rdp","614.0","2023-06-06T08:10:49Z","fethy.faradji@infopro-digital.com"
"11/09/2026 15:21:10","Documents/Default.rdp","615.0","2023-06-06T12:01:18Z","fethy.faradji@infopro-digital.com"
"11/09/2026 15:21:12","Documents/Default.rdp","616.0","2023-06-08T07:45:28Z","fethy.faradji@infopro-digital.com"
"11/09/2026 15:21:13","Documents/Default.rdp","617.0","2023-06-09T07:53:01Z","fethy.faradji@infopro-digital.com"
"11/09/2026 15:21:14","Documents/Default.rdp","618.0","2023-06-09T12:21:42Z","fethy.faradji@infopro-digital.com"
"11/09/2026 15:21:16","Documents/Default.rdp","619.0","2023-06-12T12:04:20Z","fethy.faradji@infopro-digital.com"
"11/09/2026 15:21:17","Documents/Default.rdp","620.0","2023-06-13T09:03:23Z","fethy.faradji@infopro-digital.com"
"11/09/2026 15:21:19","Documents/Default.rdp","621.0","2023-06-13T09:03:24Z","fethy.faradji@infopro-digital.com"
"11/09/2026 15:21:20","Documents/Default.rdp","622.0","2023-06-13T12:39:41Z","fethy.faradji@infopro-digital.com"
"11/09/2026 15:21:21","Documents/Default.rdp","623.0","2023-06-14T08:39:45Z","fethy.faradji@infopro-digital.com"
"11/09/2026 15:21:22","Documents/Default.rdp","624.0","2023-06-14T12:52:18Z","fethy.faradji@infopro-digital.com"
"11/09/2026 15:21:24","Documents/Default.rdp","625.0","2023-06-15T07:24:08Z","fethy.faradji@infopro-digital.com"
"11/09/2026 15:21:25","Documents/Default.rdp","626.0","2023-06-20T08:20:07Z","fethy.faradji@infopro-digital.com"
"11/09/2026 15:21:26","Documents/Default.rdp","627.0","2023-06-20T08:20:10Z","fethy.faradji@infopro-digital.com"
"11/09/2026 15:21:27","Documents/Default.rdp","628.0","2023-06-20T14:03:27Z","fethy.faradji@infopro-digital.com"
"11/09/2026 15:21:29","Documents/Default.rdp","629.0","2023-06-21T08:41:28Z","fethy.faradji@infopro-digital.com"
"11/09/2026 15:21:30","Documents/Default.rdp","630.0","2023-06-21T14:45:09Z","fethy.faradji@infopro-digital.com"
"11/09/2026 15:21:31","Documents/Default.rdp","631.0","2023-06-23T12:36:52Z","fethy.faradji@infopro-digital.com"
"11/09/2026 15:21:32","Documents/Default.rdp","632.0","2023-06-23T12:38:10Z","fethy.faradji@infopro-digital.com"
"11/09/2026 15:21:34","Documents/Default.rdp","633.0","2023-06-27T07:28:22Z","fethy.faradji@infopro-digital.com"
"11/09/2026 15:21:35","Documents/Default.rdp","634.0","2023-06-27T07:28:40Z","fethy.faradji@infopro-digital.com"
"11/09/2026 15:21:36","Documents/Default.rdp","635.0","2023-06-28T12:08:47Z","fethy.faradji@infopro-digital.com"
"11/09/2026 15:21:38","Documents/Default.rdp","636.0","2023-06-28T15:16:20Z","fethy.faradji@infopro-digital.com"
"11/09/2026 15:21:39","Documents/Default.rdp","637.0","2023-06-29T17:38:21Z","fethy.faradji@infopro-digital.com"
"11/09/2026 15:21:40","Documents/Default.rdp","638.0","2023-07-17T12:03:36Z","fethy.faradji@infopro-digital.com"
"11/09/2026 15:21:41","Documents/Default.rdp","639.0","2023-07-17T13:36:18Z","fethy.faradji@infopro-digital.com"
"11/09/2026 15:21:43","Documents/Default.rdp","640.0","2023-07-18T08:23:48Z","fethy.faradji@infopro-digital.com"
"11/09/2026 15:21:44","Documents/Default.rdp","641.0","2023-07-18T09:41:06Z","fethy.faradji@infopro-digital.com"
"11/09/2026 15:21:45","Documents/Default.rdp","642.0","2023-07-18T09:41:48Z","fethy.faradji@infopro-digital.com"
"11/09/2026 15:21:46","Documents/Default.rdp","643.0","2023-07-18T09:41:54Z","fethy.faradji@infopro-digital.com"
"11/09/2026 15:21:47","Documents/Default.rdp","644.0","2023-07-18T12:54:07Z","fethy.faradji@infopro-digital.com"
"11/09/2026 15:21:48","Documents/Default.rdp","645.0","2023-07-18T13:27:46Z","fethy.faradji@infopro-digital.com"
"11/09/2026 15:21:49","Documents/Default.rdp","646.0","2023-07-19T08:34:24Z","fethy.faradji@infopro-digital.com"
"11/09/2026 15:21:50","Documents/Default.rdp","647.0","2023-07-19T15:54:06Z","fethy.faradji@infopro-digital.com"
"11/09/2026 15:21:51","Documents/Default.rdp","648.0","2023-07-20T07:33:13Z","fethy.faradji@infopro-digital.com"
"11/09/2026 15:21:53","Documents/Default.rdp","649.0","2023-07-20T07:33:16Z","fethy.faradji@infopro-digital.com"
"11/09/2026 15:21:54","Documents/Default.rdp","650.0","2023-07-20T07:33:17Z","fethy.faradji@infopro-digital.com"
"11/09/2026 15:21:56","Documents/Default.rdp","651.0","2023-07-20T11:47:53Z","fethy.faradji@infopro-digital.com"
"11/09/2026 15:21:57","Documents/Default.rdp","652.0","2023-07-20T21:00:57Z","fethy.faradji@infopro-digital.com"
"11/09/2026 15:21:58","Documents/Default.rdp","653.0","2023-07-21T13:11:43Z","fethy.faradji@infopro-digital.com"
"11/09/2026 15:21:59","Documents/Default.rdp","654.0","2023-07-25T13:04:50Z","fethy.faradji@infopro-digital.com"
"11/09/2026 15:22:01","Documents/Default.rdp","655.0","2023-07-27T11:55:15Z","fethy.faradji@infopro-digital.com"
"11/09/2026 15:22:02","Documents/Default.rdp","656.0","2023-07-27T12:35:17Z","fethy.faradji@infopro-digital.com"
"11/09/2026 15:22:03","Documents/Default.rdp","657.0","2023-07-27T14:09:46Z","fethy.faradji@infopro-digital.com"
"11/09/2026 15:22:04","Documents/Default.rdp","658.0","2023-07-28T09:35:03Z","fethy.faradji@infopro-digital.com"
"11/09/2026 15:22:05","Documents/Default.rdp","659.0","2023-07-31T08:12:35Z","fethy.faradji@infopro-digital.com"
"11/09/2026 15:22:06","Documents/Default.rdp","660.0","2023-07-31T08:57:51Z","fethy.faradji@infopro-digital.com"
"11/09/2026 15:22:08","Documents/Default.rdp","661.0","2023-07-31T15:16:35Z","fethy.faradji@infopro-digital.com"
"11/09/2026 15:22:09","Documents/Default.rdp","662.0","2023-08-01T09:40:10Z","fethy.faradji@infopro-digital.com"
"11/09/2026 15:22:10","Documents/Default.rdp","663.0","2023-08-02T07:41:19Z","fethy.faradji@infopro-digital.com"
"11/09/2026 15:22:11","Documents/Default.rdp","664.0","2023-08-02T08:19:27Z","fethy.faradji@infopro-digital.com"
"11/09/2026 15:22:12","Documents/Default.rdp","665.0","2023-08-02T10:38:22Z","fethy.faradji@infopro-digital.com"
"11/09/2026 15:22:14","Documents/Default.rdp","666.0","2023-08-02T10:38:29Z","fethy.faradji@infopro-digital.com"
"11/09/2026 15:22:15","Documents/Default.rdp","667.0","2023-08-04T13:09:40Z","fethy.faradji@infopro-digital.com"
"11/09/2026 15:22:16","Documents/Default.rdp","668.0","2023-08-04T13:09:44Z","fethy.faradji@infopro-digital.com"
"11/09/2026 15:22:17","Documents/Default.rdp","669.0","2023-08-04T13:09:47Z","fethy.faradji@infopro-digital.com"
"11/09/2026 15:22:18","Documents/Default.rdp","670.0","2023-08-07T13:57:56Z","fethy.faradji@infopro-digital.com"
"11/09/2026 15:22:20","Documents/Default.rdp","671.0","2023-08-08T08:11:05Z","fethy.faradji@infopro-digital.com"
"11/09/2026 15:22:21","Documents/Default.rdp","672.0","2023-08-08T11:54:45Z","fethy.faradji@infopro-digital.com"
"11/09/2026 15:22:22","Documents/Default.rdp","673.0","2023-08-08T13:40:59Z","fethy.faradji@infopro-digital.com"
"11/09/2026 15:22:23","Documents/Default.rdp","674.0","2023-08-09T07:31:17Z","fethy.faradji@infopro-digital.com"
"11/09/2026 15:22:25","Documents/Default.rdp","675.0","2023-08-21T07:37:01Z","fethy.faradji@infopro-digital.com"
"11/09/2026 15:22:26","Documents/Default.rdp","676.0","2023-08-22T13:11:03Z","fethy.faradji@infopro-digital.com"
"11/09/2026 15:22:27","Documents/Default.rdp","677.0","2023-08-23T14:07:48Z","fethy.faradji@infopro-digital.com"
"11/09/2026 15:22:29","Documents/Default.rdp","678.0","2023-08-24T07:37:09Z","fethy.faradji@infopro-digital.com"
"11/09/2026 15:22:30","Documents/Default.rdp","679.0","2023-08-24T12:44:57Z","fethy.faradji@infopro-digital.com"
"11/09/2026 15:22:31","Documents/Default.rdp","680.0","2023-08-24T14:38:42Z","fethy.faradji@infopro-digital.com"
"11/09/2026 15:22:32","Documents/Default.rdp","681.0","2023-08-25T07:46:32Z","fethy.faradji@infopro-digital.com"
"11/09/2026 15:22:33","Documents/Default.rdp","682.0","2023-08-25T08:47:57Z","fethy.faradji@infopro-digital.com"
"11/09/2026 15:22:35","Documents/Default.rdp","683.0","2023-08-25T12:32:14Z","fethy.faradji@infopro-digital.com"
"11/09/2026 15:22:37","Documents/Default.rdp","684.0","2023-08-25T12:33:39Z","fethy.faradji@infopro-digital.com"
"11/09/2026 15:22:39","Documents/Default.rdp","685.0","2023-08-25T13:16:35Z","fethy.faradji@infopro-digital.com"
"11/09/2026 15:22:40","Documents/Default.rdp","686.0","2023-08-25T13:57:46Z","fethy.faradji@infopro-digital.com"
"11/09/2026 15:22:41","Documents/Default.rdp","687.0","2023-08-25T13:58:26Z","fethy.faradji@infopro-digital.com"
"11/09/2026 15:22:42","Documents/Default.rdp","688.0","2023-08-25T14:07:15Z","fethy.faradji@infopro-digital.com"
"11/09/2026 15:22:43","Documents/Default.rdp","689.0","2023-08-25T14:07:17Z","fethy.faradji@infopro-digital.com"
"11/09/2026 15:22:44","Documents/Default.rdp","690.0","2023-09-04T08:35:08Z","fethy.faradji@infopro-digital.com"
"11/09/2026 15:22:46","Documents/Default.rdp","691.0","2023-09-04T08:35:30Z","fethy.faradji@infopro-digital.com"
"11/09/2026 15:22:49","Documents/Default.rdp","692.0","2023-09-04T08:39:54Z","fethy.faradji@infopro-digital.com"
"11/09/2026 15:22:50","Documents/Default.rdp","693.0","2023-09-04T12:38:15Z","fethy.faradji@infopro-digital.com"
"11/09/2026 15:22:52","Documents/Default.rdp","694.0","2023-09-04T12:55:59Z","fethy.faradji@infopro-digital.com"
"11/09/2026 15:22:53","Documents/Default.rdp","695.0","2023-09-06T08:20:49Z","fethy.faradji@infopro-digital.com"
"11/09/2026 15:22:54","Documents/Default.rdp","696.0","2023-09-06T08:20:58Z","fethy.faradji@infopro-digital.com"
"11/09/2026 15:22:55","Documents/Default.rdp","697.0","2023-09-07T13:16:05Z","fethy.faradji@infopro-digital.com"
"11/09/2026 15:22:56","Documents/Default.rdp","698.0","2023-09-08T07:29:10Z","fethy.faradji@infopro-digital.com"
"11/09/2026 15:22:57","Documents/Default.rdp","699.0","2023-09-08T07:29:14Z","fethy.faradji@infopro-digital.com"
"11/09/2026 15:22:58","Documents/Default.rdp","700.0","2023-09-11T14:03:09Z","fethy.faradji@infopro-digital.com"
"11/09/2026 15:23:00","Documents/Default.rdp","701.0","2023-09-13T07:10:25Z","fethy.faradji@infopro-digital.com"
"11/09/2026 15:23:01","Documents/Default.rdp","702.0","2023-09-13T07:26:16Z","fethy.faradji@infopro-digital.com"
"11/09/2026 15:23:02","Documents/Default.rdp","703.0","2023-09-19T08:16:40Z","fethy.faradji@infopro-digital.com"
"11/09/2026 15:23:04","Documents/Default.rdp","704.0","2023-09-26T08:08:38Z","fethy.faradji@infopro-digital.com"
"11/09/2026 15:23:05","Documents/Default.rdp","705.0","2023-09-27T07:41:37Z","fethy.faradji@infopro-digital.com"
"11/09/2026 15:23:06","Documents/Default.rdp","706.0","2023-10-03T08:31:09Z","fethy.faradji@infopro-digital.com"
"11/09/2026 15:23:07","Documents/Default.rdp","707.0","2023-10-04T08:20:06Z","fethy.faradji@infopro-digital.com"
"11/09/2026 15:23:08","Documents/Default.rdp","708.0","2023-10-04T15:33:58Z","fethy.faradji@infopro-digital.com"
"11/09/2026 15:23:10","Documents/Default.rdp","709.0","2023-10-05T06:59:40Z","fethy.faradji@infopro-digital.com"
"11/09/2026 15:23:11","Documents/Default.rdp","710.0","2023-10-05T07:07:01Z","fethy.faradji@infopro-digital.com"
"11/09/2026 15:23:12","Documents/Default.rdp","711.0","2023-10-05T07:52:48Z","fethy.faradji@infopro-digital.com"
"11/09/2026 15:23:15","Documents/Default.rdp","712.0","2023-10-06T12:14:47Z","fethy.faradji@infopro-digital.com"
"11/09/2026 15:23:16","Documents/Default.rdp","713.0","2023-10-06T12:15:50Z","fethy.faradji@infopro-digital.com"
"11/09/2026 15:23:17","Documents/Default.rdp","714.0","2023-10-09T12:20:46Z","fethy.faradji@infopro-digital.com"
"11/09/2026 15:23:18","Documents/Default.rdp","715.0","2023-10-10T08:27:58Z","fethy.faradji@infopro-digital.com"
"11/09/2026 15:23:19","Documents/Default.rdp","716.0","2023-10-10T08:28:02Z","fethy.faradji@infopro-digital.com"
"11/09/2026 15:23:21","Documents/Default.rdp","717.0","2023-10-10T08:28:06Z","fethy.faradji@infopro-digital.com"
"11/09/2026 15:23:22","Documents/Default.rdp","718.0","2023-10-10T15:18:06Z","fethy.faradji@infopro-digital.com"
"11/09/2026 15:23:23","Documents/Default.rdp","719.0","2023-10-11T08:24:37Z","fethy.faradji@infopro-digital.com"
"11/09/2026 15:23:25","Documents/Default.rdp","720.0","2023-10-12T12:10:22Z","fethy.faradji@infopro-digital.com"
"11/09/2026 15:23:26","Documents/Default.rdp","721.0","2023-10-12T14:09:30Z","fethy.faradji@infopro-digital.com"
"11/09/2026 15:23:27","Documents/Default.rdp","722.0","2023-10-13T13:32:31Z","fethy.faradji@infopro-digital.com"
"11/09/2026 15:23:28","Documents/Default.rdp","723.0","2023-10-13T13:33:11Z","fethy.faradji@infopro-digital.com"
"11/09/2026 15:23:29","Documents/Default.rdp","724.0","2023-10-16T08:00:31Z","fethy.faradji@infopro-digital.com"
"11/09/2026 15:23:30","Documents/Default.rdp","725.0","2023-10-16T08:10:55Z","fethy.faradji@infopro-digital.com"
"11/09/2026 15:23:32","Documents/Default.rdp","726.0","2023-10-16T14:10:54Z","fethy.faradji@infopro-digital.com"
"11/09/2026 15:23:33","Documents/Default.rdp","727.0","2023-10-17T09:52:29Z","fethy.faradji@infopro-digital.com"
"11/09/2026 15:23:34","Documents/Default.rdp","728.0","2023-10-18T09:07:58Z","fethy.faradji@infopro-digital.com"
"11/09/2026 15:23:35","Documents/Default.rdp","729.0","2023-10-18T09:20:05Z","fethy.faradji@infopro-digital.com"
"11/09/2026 15:23:36","Documents/Default.rdp","730.0","2023-10-18T13:56:32Z","fethy.faradji@infopro-digital.com"
"11/09/2026 15:23:38","Documents/Default.rdp","731.0","2023-10-18T14:01:12Z","fethy.faradji@infopro-digital.com"
"11/09/2026 15:23:39","Documents/Default.rdp","732.0","2023-10-18T15:41:44Z","fethy.faradji@infopro-digital.com"
"11/09/2026 15:23:40","Documents/Default.rdp","733.0","2023-10-18T15:43:48Z","fethy.faradji@infopro-digital.com"
"11/09/2026 15:23:41","Documents/Default.rdp","734.0","2023-10-19T06:54:12Z","fethy.faradji@infopro-digital.com"
"11/09/2026 15:23:43","Documents/Default.rdp","735.0","2023-10-19T13:27:51Z","fethy.faradji@infopro-digital.com"
"11/09/2026 15:23:44","Documents/Default.rdp","736.0","2023-10-19T15:42:06Z","fethy.faradji@infopro-digital.com"
"11/09/2026 15:23:45","Documents/Default.rdp","737.0","2023-10-20T13:16:21Z","fethy.faradji@infopro-digital.com"
"11/09/2026 15:23:46","Documents/Default.rdp","738.0","2023-10-20T13:18:43Z","fethy.faradji@infopro-digital.com"
"11/09/2026 15:23:48","Documents/Default.rdp","739.0","2023-10-20T13:22:05Z","fethy.faradji@infopro-digital.com"
"11/09/2026 15:23:49","Documents/Default.rdp","740.0","2023-10-24T08:56:28Z","fethy.faradji@infopro-digital.com"
"11/09/2026 15:23:50","Documents/Default.rdp","741.0","2023-10-24T13:43:02Z","fethy.faradji@infopro-digital.com"
"11/09/2026 15:23:51","Documents/Default.rdp","742.0","2023-10-25T08:44:19Z","fethy.faradji@infopro-digital.com"
"11/09/2026 15:23:52","Documents/Default.rdp","743.0","2023-10-26T07:13:29Z","fethy.faradji@infopro-digital.com"
"11/09/2026 15:23:53","Documents/Default.rdp","744.0","2023-10-26T07:16:07Z","fethy.faradji@infopro-digital.com"
"11/09/2026 15:23:54","Documents/Default.rdp","745.0","2023-10-26T10:21:06Z","fethy.faradji@infopro-digital.com"
"11/09/2026 15:23:55","Documents/Default.rdp","746.0","2023-10-27T07:49:00Z","fethy.faradji@infopro-digital.com"
"11/09/2026 15:23:56","Documents/Default.rdp","747.0","2023-11-03T12:50:35Z","fethy.faradji@infopro-digital.com"
"11/09/2026 15:23:57","Documents/Default.rdp","748.0","2023-11-03T15:18:41Z","fethy.faradji@infopro-digital.com"
"11/09/2026 15:23:58","Documents/Default.rdp","749.0","2023-11-03T18:11:32Z","fethy.faradji@infopro-digital.com"
"11/09/2026 15:24:00","Documents/Default.rdp","750.0","2023-11-03T18:20:16Z","fethy.faradji@infopro-digital.com"
"11/09/2026 15:24:01","Documents/Default.rdp","751.0","2023-11-03T18:20:33Z","fethy.faradji@infopro-digital.com"
"11/09/2026 15:24:02","Documents/Default.rdp","752.0","2023-11-04T09:50:28Z","fethy.faradji@infopro-digital.com"
"11/09/2026 15:24:03","Documents/Default.rdp","753.0","2023-11-04T09:53:51Z","fethy.faradji@infopro-digital.com"
"11/09/2026 15:24:04","Documents/Default.rdp","754.0","2023-11-04T12:19:27Z","fethy.faradji@infopro-digital.com"
"11/09/2026 15:24:05","Documents/Default.rdp","755.0","2023-11-04T12:19:36Z","fethy.faradji@infopro-digital.com"
"11/09/2026 15:24:06","Documents/Default.rdp","756.0","2023-11-04T15:44:02Z","fethy.faradji@infopro-digital.com"
"11/09/2026 15:24:07","Documents/Default.rdp","757.0","2023-11-04T19:00:37Z","fethy.faradji@infopro-digital.com"
"11/09/2026 15:24:09","Documents/Default.rdp","758.0","2023-11-05T13:09:00Z","fethy.faradji@infopro-digital.com"
"11/09/2026 15:24:10","Documents/Default.rdp","759.0","2023-11-05T13:09:04Z","fethy.faradji@infopro-digital.com"
"11/09/2026 15:24:11","Documents/Default.rdp","760.0","2023-11-05T14:14:37Z","fethy.faradji@infopro-digital.com"
"11/09/2026 15:24:12","Documents/Default.rdp","761.0","2023-11-05T14:14:40Z","fethy.faradji@infopro-digital.com"
"11/09/2026 15:24:13","Documents/Default.rdp","762.0","2023-11-06T13:19:44Z","fethy.faradji@infopro-digital.com"
"11/09/2026 15:24:14","Documents/Default.rdp","763.0","2023-11-06T13:20:05Z","fethy.faradji@infopro-digital.com"
"11/09/2026 15:24:15","Documents/Default.rdp","764.0","2023-11-06T13:25:10Z","fethy.faradji@infopro-digital.com"
"11/09/2026 15:24:16","Documents/Default.rdp","765.0","2023-11-06T13:28:29Z","fethy.faradji@infopro-digital.com"
"11/09/2026 15:24:17","Documents/Default.rdp","766.0","2023-11-06T13:33:23Z","fethy.faradji@infopro-digital.com"
"11/09/2026 15:24:18","Documents/Default.rdp","767.0","2023-11-07T10:55:38Z","fethy.faradji@infopro-digital.com"
"11/09/2026 15:24:20","Documents/Default.rdp","768.0","2023-11-07T12:49:08Z","fethy.faradji@infopro-digital.com"
"11/09/2026 15:24:21","Documents/Default.rdp","769.0","2023-11-07T13:53:15Z","fethy.faradji@infopro-digital.com"
"11/09/2026 15:24:22","Documents/Default.rdp","770.0","2023-11-07T13:59:01Z","fethy.faradji@infopro-digital.com"
"11/09/2026 15:24:23","Documents/Default.rdp","771.0","2023-11-07T14:11:12Z","fethy.faradji@infopro-digital.com"
"11/09/2026 15:24:24","Documents/Default.rdp","772.0","2023-11-10T12:54:40Z","fethy.faradji@infopro-digital.com"
"11/09/2026 15:24:25","Documents/Default.rdp","773.0","2023-11-13T12:25:56Z","fethy.faradji@infopro-digital.com"
"11/09/2026 15:24:26","Documents/Default.rdp","774.0","2023-11-13T13:50:43Z","fethy.faradji@infopro-digital.com"
"11/09/2026 15:24:27","Documents/Default.rdp","775.0","2023-11-14T09:17:20Z","fethy.faradji@infopro-digital.com"
"11/09/2026 15:24:28","Documents/Default.rdp","776.0","2023-11-14T09:17:21Z","fethy.faradji@infopro-digital.com"
"11/09/2026 15:24:29","Documents/Default.rdp","777.0","2023-11-14T12:34:00Z","fethy.faradji@infopro-digital.com"
"11/09/2026 15:24:30","Documents/Default.rdp","778.0","2023-11-16T08:05:35Z","fethy.faradji@infopro-digital.com"
"11/09/2026 15:24:31","Documents/Default.rdp","779.0","2023-11-17T12:57:59Z","fethy.faradji@infopro-digital.com"
"11/09/2026 15:24:32","Documents/Default.rdp","780.0","2023-11-17T15:48:38Z","fethy.faradji@infopro-digital.com"
"11/09/2026 15:24:34","Documents/Default.rdp","781.0","2023-11-17T15:55:51Z","fethy.faradji@infopro-digital.com"
"11/09/2026 15:24:35","Documents/Default.rdp","782.0","2023-11-20T09:17:10Z","fethy.faradji@infopro-digital.com"
"11/09/2026 15:24:36","Documents/Default.rdp","783.0","2023-11-20T10:36:30Z","fethy.faradji@infopro-digital.com"
"11/09/2026 15:24:37","Documents/Default.rdp","784.0","2023-11-20T10:57:16Z","fethy.faradji@infopro-digital.com"
"11/09/2026 15:24:39","Documents/Default.rdp","785.0","2023-11-21T09:21:57Z","fethy.faradji@infopro-digital.com"
"11/09/2026 15:24:40","Documents/Default.rdp","786.0","2023-11-21T12:57:12Z","fethy.faradji@infopro-digital.com"
"11/09/2026 15:24:41","Documents/Default.rdp","787.0","2023-11-21T12:58:41Z","fethy.faradji@infopro-digital.com"
"11/09/2026 15:24:42","Documents/Default.rdp","788.0","2023-11-21T14:17:12Z","fethy.faradji@infopro-digital.com"
"11/09/2026 15:24:43","Documents/Default.rdp","789.0","2023-11-22T08:37:54Z","fethy.faradji@infopro-digital.com"
"11/09/2026 15:24:44","Documents/Default.rdp","790.0","2023-11-22T13:16:17Z","fethy.faradji@infopro-digital.com"
"11/09/2026 15:24:46","Documents/Default.rdp","791.0","2023-11-28T10:14:44Z","fethy.faradji@infopro-digital.com"
"11/09/2026 15:24:47","Documents/Default.rdp","792.0","2023-11-28T10:17:06Z","fethy.faradji@infopro-digital.com"
"11/09/2026 15:24:48","Documents/Default.rdp","793.0","2023-11-28T12:40:11Z","fethy.faradji@infopro-digital.com"
"11/09/2026 15:24:50","Documents/Default.rdp","794.0","2023-11-30T09:34:15Z","fethy.faradji@infopro-digital.com"
"11/09/2026 15:24:51","Documents/Default.rdp","795.0","2023-12-01T08:30:25Z","fethy.faradji@infopro-digital.com"
"11/09/2026 15:24:52","Documents/Default.rdp","796.0","2023-12-01T08:32:32Z","fethy.faradji@infopro-digital.com"
"11/09/2026 15:24:53","Documents/Default.rdp","797.0","2023-12-01T12:09:31Z","fethy.faradji@infopro-digital.com"
"11/09/2026 15:24:54","Documents/Default.rdp","798.0","2023-12-01T13:19:36Z","fethy.faradji@infopro-digital.com"
"11/09/2026 15:24:55","Documents/Default.rdp","799.0","2023-12-01T13:19:51Z","fethy.faradji@infopro-digital.com"
"11/09/2026 15:24:56","Documents/Default.rdp","800.0","2023-12-01T13:20:17Z","fethy.faradji@infopro-digital.com"
"11/09/2026 15:24:58","Documents/Default.rdp","801.0","2023-12-01T15:16:17Z","fethy.faradji@infopro-digital.com"
"11/09/2026 15:24:59","Documents/Default.rdp","802.0","2023-12-08T08:28:29Z","fethy.faradji@infopro-digital.com"
"11/09/2026 15:25:01","Documents/Default.rdp","803.0","2023-12-08T16:30:06Z","fethy.faradji@infopro-digital.com"
"11/09/2026 15:25:02","Documents/Default.rdp","804.0","2023-12-08T16:30:10Z","fethy.faradji@infopro-digital.com"
"11/09/2026 15:25:03","Documents/Default.rdp","805.0","2023-12-11T15:16:57Z","fethy.faradji@infopro-digital.com"
"11/09/2026 15:25:04","Documents/Default.rdp","806.0","2023-12-11T15:23:11Z","fethy.faradji@infopro-digital.com"
"11/09/2026 15:25:06","Documents/Default.rdp","807.0","2023-12-12T09:39:35Z","fethy.faradji@infopro-digital.com"
"11/09/2026 15:25:07","Documents/Default.rdp","808.0","2023-12-12T09:57:38Z","fethy.faradji@infopro-digital.com"
"11/09/2026 15:25:08","Documents/Default.rdp","809.0","2023-12-12T15:17:17Z","fethy.faradji@infopro-digital.com"
"11/09/2026 15:25:09","Documents/Default.rdp","810.0","2023-12-13T13:07:40Z","fethy.faradji@infopro-digital.com"
"11/09/2026 15:25:10","Documents/Default.rdp","811.0","2023-12-15T14:39:05Z","fethy.faradji@infopro-digital.com"
"11/09/2026 15:25:11","Documents/Default.rdp","812.0","2023-12-18T09:15:38Z","fethy.faradji@infopro-digital.com"
"11/09/2026 15:25:12","Documents/Default.rdp","813.0","2023-12-19T08:39:43Z","fethy.faradji@infopro-digital.com"
"11/09/2026 15:25:14","Documents/Default.rdp","814.0","2023-12-19T08:39:44Z","fethy.faradji@infopro-digital.com"
"11/09/2026 15:25:15","Documents/Default.rdp","815.0","2024-01-10T09:34:20Z","fethy.faradji@infopro-digital.com"
"11/09/2026 15:25:16","Documents/Default.rdp","816.0","2024-01-10T09:34:22Z","fethy.faradji@infopro-digital.com"
"11/09/2026 15:25:17","Documents/Default.rdp","817.0","2024-01-10T10:20:19Z","fethy.faradji@infopro-digital.com"
"11/09/2026 15:25:18","Documents/Default.rdp","818.0","2024-01-12T08:59:36Z","fethy.faradji@infopro-digital.com"
"11/09/2026 15:25:19","Documents/Default.rdp","819.0","2024-01-12T11:15:38Z","fethy.faradji@infopro-digital.com"
"11/09/2026 15:25:20","Documents/Default.rdp","820.0","2024-01-12T11:17:58Z","fethy.faradji@infopro-digital.com"
"11/09/2026 15:25:22","Documents/Default.rdp","821.0","2024-01-12T11:29:58Z","fethy.faradji@infopro-digital.com"
"11/09/2026 15:25:23","Documents/Default.rdp","822.0","2024-01-12T11:30:05Z","fethy.faradji@infopro-digital.com"
"11/09/2026 15:25:24","Documents/Default.rdp","823.0","2024-01-12T14:59:32Z","fethy.faradji@infopro-digital.com"
"11/09/2026 15:25:25","Documents/Default.rdp","824.0","2024-01-12T15:51:26Z","fethy.faradji@infopro-digital.com"
"11/09/2026 15:25:26","Documents/Default.rdp","825.0","2024-01-15T16:30:14Z","fethy.faradji@infopro-digital.com"
"11/09/2026 15:25:28","Documents/Default.rdp","826.0","2024-01-17T10:10:03Z","fethy.faradji@infopro-digital.com"
"11/09/2026 15:25:29","Documents/Default.rdp","827.0","2024-01-17T10:10:21Z","fethy.faradji@infopro-digital.com"
"11/09/2026 15:25:30","Documents/Default.rdp","828.0","2024-01-18T08:31:29Z","fethy.faradji@infopro-digital.com"
"11/09/2026 15:25:31","Documents/Default.rdp","829.0","2024-01-19T08:35:33Z","fethy.faradji@infopro-digital.com"
"11/09/2026 15:25:32","Documents/Default.rdp","830.0","2024-01-24T14:52:30Z","fethy.faradji@infopro-digital.com"
"11/09/2026 15:25:34","Documents/Default.rdp","831.0","2024-01-25T08:06:51Z","fethy.faradji@infopro-digital.com"
"11/09/2026 15:25:35","Documents/Default.rdp","832.0","2024-01-25T08:35:46Z","fethy.faradji@infopro-digital.com"
"11/09/2026 15:25:36","Documents/Default.rdp","833.0","2024-01-25T10:08:10Z","fethy.faradji@infopro-digital.com"
"11/09/2026 15:25:37","Documents/Default.rdp","834.0","2024-01-25T10:09:27Z","fethy.faradji@infopro-digital.com"
"11/09/2026 15:25:38","Documents/Default.rdp","835.0","2024-01-25T10:56:00Z","fethy.faradji@infopro-digital.com"
"11/09/2026 15:25:39","Documents/Default.rdp","836.0","2024-01-25T10:59:17Z","fethy.faradji@infopro-digital.com"
"11/09/2026 15:25:40","Documents/Default.rdp","837.0","2024-01-25T13:02:13Z","fethy.faradji@infopro-digital.com"
"11/09/2026 15:25:41","Documents/Default.rdp","838.0","2024-01-25T16:41:22Z","fethy.faradji@infopro-digital.com"
"11/09/2026 15:25:42","Documents/Default.rdp","839.0","2024-01-25T17:42:20Z","fethy.faradji@infopro-digital.com"
"11/09/2026 15:25:43","Documents/Default.rdp","840.0","2024-01-26T08:21:06Z","fethy.faradji@infopro-digital.com"
"11/09/2026 15:25:44","Documents/Default.rdp","841.0","2024-01-26T08:21:07Z","fethy.faradji@infopro-digital.com"
"11/09/2026 15:25:45","Documents/Default.rdp","842.0","2024-01-26T13:03:20Z","fethy.faradji@infopro-digital.com"
"11/09/2026 15:25:47","Documents/Default.rdp","843.0","2024-01-26T13:16:19Z","fethy.faradji@infopro-digital.com"
"11/09/2026 15:25:48","Documents/Default.rdp","844.0","2024-01-31T14:16:58Z","fethy.faradji@infopro-digital.com"
"11/09/2026 15:25:49","Documents/Default.rdp","845.0","2024-01-31T14:28:37Z","fethy.faradji@infopro-digital.com"
"11/09/2026 15:25:51","Documents/Default.rdp","846.0","2024-02-01T15:25:11Z","fethy.faradji@infopro-digital.com"
"11/09/2026 15:25:52","Documents/Default.rdp","847.0","2024-02-02T11:07:28Z","fethy.faradji@infopro-digital.com"
"11/09/2026 15:25:53","Documents/Default.rdp","848.0","2024-02-02T13:18:33Z","fethy.faradji@infopro-digital.com"
"11/09/2026 15:25:54","Documents/Default.rdp","849.0","2024-02-05T16:27:52Z","fethy.faradji@infopro-digital.com"
"11/09/2026 15:25:55","Documents/Default.rdp","850.0","2024-02-05T16:27:56Z","fethy.faradji@infopro-digital.com"
"11/09/2026 15:25:56","Documents/Default.rdp","851.0","2024-02-06T12:46:19Z","fethy.faradji@infopro-digital.com"
"11/09/2026 15:25:57","Documents/Default.rdp","852.0","2024-02-06T15:20:05Z","fethy.faradji@infopro-digital.com"
"11/09/2026 15:25:58","Documents/Default.rdp","853.0","2024-02-06T15:22:59Z","fethy.faradji@infopro-digital.com"
"11/09/2026 15:26:00","Documents/Default.rdp","854.0","2024-02-06T15:35:05Z","fethy.faradji@infopro-digital.com"
"11/09/2026 15:26:01","Documents/Default.rdp","855.0","2024-02-07T08:35:53Z","fethy.faradji@infopro-digital.com"
"11/09/2026 15:26:02","Documents/Default.rdp","856.0","2024-02-07T08:36:01Z","fethy.faradji@infopro-digital.com"
"11/09/2026 15:26:04","Documents/Default.rdp","857.0","2024-02-07T12:58:21Z","fethy.faradji@infopro-digital.com"
"11/09/2026 15:26:05","Documents/Default.rdp","858.0","2024-02-07T13:00:13Z","fethy.faradji@infopro-digital.com"
"11/09/2026 15:26:07","Documents/Default.rdp","859.0","2024-02-08T08:16:20Z","fethy.faradji@infopro-digital.com"
"11/09/2026 15:26:08","Documents/Default.rdp","860.0","2024-02-08T08:51:46Z","fethy.faradji@infopro-digital.com"
"11/09/2026 15:26:09","Documents/Default.rdp","861.0","2024-02-08T10:48:03Z","fethy.faradji@infopro-digital.com"
"11/09/2026 15:26:10","Documents/Default.rdp","862.0","2024-02-08T13:04:38Z","fethy.faradji@infopro-digital.com"
"11/09/2026 15:26:11","Documents/Default.rdp","863.0","2024-02-08T13:47:56Z","fethy.faradji@infopro-digital.com"
"11/09/2026 15:26:12","Documents/Default.rdp","864.0","2024-02-09T08:21:17Z","fethy.faradji@infopro-digital.com"
"11/09/2026 15:26:13","Documents/Default.rdp","865.0","2024-02-09T10:08:32Z","fethy.faradji@infopro-digital.com"
"11/09/2026 15:26:14","Documents/Default.rdp","866.0","2024-02-09T12:25:39Z","fethy.faradji@infopro-digital.com"
"11/09/2026 15:26:15","Documents/Default.rdp","867.0","2024-02-16T10:48:47Z","fethy.faradji@infopro-digital.com"
"11/09/2026 15:26:17","Documents/Default.rdp","868.0","2024-02-16T11:08:03Z","fethy.faradji@infopro-digital.com"
"11/09/2026 15:26:18","Documents/Default.rdp","869.0","2024-02-16T12:59:54Z","fethy.faradji@infopro-digital.com"
"11/09/2026 15:26:19","Documents/Default.rdp","870.0","2024-02-16T15:09:01Z","fethy.faradji@infopro-digital.com"
"11/09/2026 15:26:20","Documents/Default.rdp","871.0","2024-02-16T16:12:55Z","fethy.faradji@infopro-digital.com"
"11/09/2026 15:26:21","Documents/Default.rdp","872.0","2024-02-16T16:27:00Z","fethy.faradji@infopro-digital.com"
"11/09/2026 15:26:23","Documents/Default.rdp","873.0","2024-02-16T17:12:28Z","fethy.faradji@infopro-digital.com"
"11/09/2026 15:26:24","Documents/Default.rdp","874.0","2024-02-19T10:06:00Z","fethy.faradji@infopro-digital.com"
"11/09/2026 15:26:25","Documents/Default.rdp","875.0","2024-02-19T10:08:09Z","fethy.faradji@infopro-digital.com"
"11/09/2026 15:26:27","Documents/Default.rdp","876.0","2024-02-19T13:33:36Z","fethy.faradji@infopro-digital.com"
"11/09/2026 15:26:28","Documents/Default.rdp","877.0","2024-02-20T09:12:16Z","fethy.faradji@infopro-digital.com"
"11/09/2026 15:26:29","Documents/Default.rdp","878.0","2024-02-20T16:31:05Z","fethy.faradji@infopro-digital.com"
"11/09/2026 15:26:30","Documents/Default.rdp","879.0","2024-02-21T09:09:10Z","fethy.faradji@infopro-digital.com"
"11/09/2026 15:26:32","Documents/Default.rdp","880.0","2024-02-21T09:10:14Z","fethy.faradji@infopro-digital.com"
"11/09/2026 15:26:33","Documents/Default.rdp","881.0","2024-02-21T09:11:21Z","fethy.faradji@infopro-digital.com"
"11/09/2026 15:26:34","Documents/Default.rdp","882.0","2024-02-21T09:12:14Z","fethy.faradji@infopro-digital.com"
"11/09/2026 15:26:35","Documents/Default.rdp","883.0","2024-02-21T09:13:09Z","fethy.faradji@infopro-digital.com"
"11/09/2026 15:26:36","Documents/Default.rdp","884.0","2024-02-21T14:28:53Z","fethy.faradji@infopro-digital.com"
"11/09/2026 15:26:37","Documents/Default.rdp","885.0","2024-02-22T13:00:10Z","fethy.faradji@infopro-digital.com"
"11/09/2026 15:26:38","Documents/Default.rdp","886.0","2024-02-23T09:35:08Z","fethy.faradji@infopro-digital.com"
"11/09/2026 15:26:40","Documents/Default.rdp","887.0","2024-02-23T09:37:12Z","fethy.faradji@infopro-digital.com"
"11/09/2026 15:26:45","Documents/export_EV.csv","1.0","2024-11-12T13:55:17Z","fethy.faradji@infopro-digital.com"
"11/09/2026 15:26:50","Documents/Expression de besoin controle sur la data Entra.docx","1.0","2025-09-15T15:14:55Z","fethy.faradji@infopro-digital.com"
"11/09/2026 15:26:54","Documents/Faradji - Carte identite.pdf","1.0","2023-11-29T14:48:32Z","fethy.faradji@infopro-digital.com"
"11/09/2026 15:27:00","Documents/flammes-enfer-lechant-au-bord-immense-espace-porte-enfer_124507-96009.avif.jpg","1.0","2024-10-18T08:25:52Z","fethy.faradji@infopro-digital.com"
"11/09/2026 15:27:05","Documents/Formulaire de demande de télétravail.pdf","1.0","2026-02-10T16:11:58Z","fethy.faradji@infopro-digital.com"
"11/09/2026 15:27:09","Documents/interv_manquant.xlsx","1.0","2022-04-21T08:08:40Z","fethy.faradji@infopro-digital.com"
"11/09/2026 15:27:14","Documents/LISTE FACTURES AO 2229 avec facture POC_BIM.xlsb.xlsx","1.0","2022-07-25T12:09:03Z","fethy.faradji@infopro-digital.com"
"11/09/2026 15:27:18","Documents/logo_infopro.png","1.0","2024-06-11T13:46:49Z","fethy.faradji@infopro-digital.com"
"11/09/2026 15:27:20","Documents/logo_infopro.png","2.0","2024-06-11T13:46:50Z","fethy.faradji@infopro-digital.com"
"11/09/2026 15:27:21","Documents/logo_infopro.png","3.0","2024-06-11T13:52:28Z","fethy.faradji@infopro-digital.com"
"11/09/2026 15:27:22","Documents/logo_infopro.png","4.0","2024-06-11T13:52:29Z","fethy.faradji@infopro-digital.com"
"11/09/2026 15:27:26","Documents/logo_infopro.xcf","1.0","2024-06-11T13:36:43Z","fethy.faradji@infopro-digital.com"
"11/09/2026 15:27:28","Documents/logo_infopro.xcf","2.0","2024-06-11T13:43:43Z","fethy.faradji@infopro-digital.com"
"11/09/2026 15:27:29","Documents/logo_infopro.xcf","3.0","2024-06-11T13:52:21Z","fethy.faradji@infopro-digital.com"
"11/09/2026 15:27:31","Documents/logo_infopro.xcf","4.0","2024-06-11T13:55:16Z","fethy.faradji@infopro-digital.com"
"11/09/2026 15:27:32","Documents/logo_infopro.xcf","5.0","2024-06-11T15:20:30Z","fethy.faradji@infopro-digital.com"
"11/09/2026 15:27:37","Documents/logo_infopro_petit.png","1.0","2024-10-03T14:03:06Z","fethy.faradji@infopro-digital.com"
"11/09/2026 15:27:42","Documents/logo_infopro2.png","2.0","2024-06-11T13:55:30Z","fethy.faradji@infopro-digital.com"
"11/09/2026 15:27:44","Documents/logo_infopro2.png","1.0","2024-06-11T13:55:30Z","fethy.faradji@infopro-digital.com"
"11/09/2026 15:27:45","Documents/logo_infopro2.png","3.0","2024-06-11T14:32:12Z","fethy.faradji@infopro-digital.com"
"11/09/2026 15:27:46","Documents/logo_infopro2.png","4.0","2024-06-11T14:32:13Z","fethy.faradji@infopro-digital.com"
"11/09/2026 15:27:51","Documents/logo_mail_petit3.png","1.0","2024-12-03T09:26:39Z","fethy.faradji@infopro-digital.com"
"11/09/2026 15:27:56","Documents/logo_mail2.png","1.0","2024-10-24T14:49:19Z","fethy.faradji@infopro-digital.com"
"11/09/2026 15:28:01","Documents/logo_mail2.xcf","1.0","2024-10-07T11:20:07Z","fethy.faradji@infopro-digital.com"
"11/09/2026 15:28:07","Documents/logo_mail3.png","1.0","2024-12-03T09:25:12Z","fethy.faradji@infopro-digital.com"
"11/09/2026 15:28:11","Documents/logo_mail3.xcf","1.0","2024-12-03T08:47:17Z","fethy.faradji@infopro-digital.com"
"11/09/2026 15:28:16","Documents/Logo_mysupport.xcf","1.0","2024-11-22T13:49:28Z","fethy.faradji@infopro-digital.com"
"11/09/2026 15:28:21","Documents/Logo_Mysupport_V1.jpg","1.0","2024-10-01T08:31:15Z","fethy.faradji@infopro-digital.com"
"11/09/2026 15:28:26","Documents/Logo_Mysupport_V1.png","1.0","2024-09-26T06:55:51Z","fethy.faradji@infopro-digital.com"
"11/09/2026 15:28:31","Documents/Logo_Mysupport_V1.xcf","1.0","2024-09-26T06:55:21Z","fethy.faradji@infopro-digital.com"
"11/09/2026 15:28:35","Documents/Logo_Mysupport_V2.xcf","1.0","2024-09-26T08:04:04Z","fethy.faradji@infopro-digital.com"
"11/09/2026 15:28:41","Documents/Logo_Mysupport_V3.png","1.0","2024-09-26T08:05:00Z","fethy.faradji@infopro-digital.com"
"11/09/2026 15:28:45","Documents/Logo_Mysupport_V3.xcf","1.0","2024-09-26T08:04:41Z","fethy.faradji@infopro-digital.com"
"11/09/2026 15:28:50","Documents/Logo_Mysupport_V4.png","1.0","2024-09-26T08:09:39Z","fethy.faradji@infopro-digital.com"
"11/09/2026 15:28:54","Documents/Logo_Mysupport_V4.xcf","1.0","2024-09-26T08:09:13Z","fethy.faradji@infopro-digital.com"
"11/09/2026 15:28:59","Documents/Logo_Mysupport_V5.png","1.0","2024-09-26T08:13:20Z","fethy.faradji@infopro-digital.com"
"11/09/2026 15:29:00","Documents/Logo_Mysupport_V5.png","2.0","2024-09-26T12:27:29Z","fethy.faradji@infopro-digital.com"
"11/09/2026 15:29:05","Documents/Logo_Mysupport_V5.xcf","1.0","2024-09-26T08:13:02Z","fethy.faradji@infopro-digital.com"
"11/09/2026 15:29:10","Documents/Logo_Mysupport_V6.xcf","1.0","2024-09-26T08:33:34Z","fethy.faradji@infopro-digital.com"
"11/09/2026 15:29:14","Documents/Logo_Mysupport_V7.xcf","1.0","2024-09-26T11:04:02Z","fethy.faradji@infopro-digital.com"
"11/09/2026 15:29:19","Documents/Logo_Mysupport_V8.png","1.0","2024-10-14T14:42:54Z","fethy.faradji@infopro-digital.com"
"11/09/2026 15:29:20","Documents/Logo_Mysupport_V8.png","2.0","2024-10-14T14:47:03Z","fethy.faradji@infopro-digital.com"
"11/09/2026 15:29:22","Documents/Logo_Mysupport_V8.png","3.0","2024-10-14T14:50:24Z","fethy.faradji@infopro-digital.com"
"11/09/2026 15:29:26","Documents/Logo_Mysupport_V8.xcf","1.0","2024-10-14T14:47:22Z","fethy.faradji@infopro-digital.com"
"11/09/2026 15:29:27","Documents/Logo_Mysupport_V8.xcf","2.0","2024-10-14T14:50:12Z","fethy.faradji@infopro-digital.com"
"11/09/2026 15:29:32","Documents/Logo_mysupport3.png","1.0","2024-11-22T13:50:03Z","fethy.faradji@infopro-digital.com"
"11/09/2026 15:29:37","Documents/Modele_CRA_juillet_2021.xlsx","1.0","2021-07-26T09:16:28Z","fethy.faradji@infopro-digital.com"
"11/09/2026 15:29:41","Documents/mREMONTENG.xml","1.0","2025-03-10T11:19:03Z","fethy.faradji@infopro-digital.com"
"11/09/2026 15:29:46","Documents/my support.png","1.0","2024-11-21T14:16:08Z","fethy.faradji@infopro-digital.com"
"11/09/2026 15:29:51","Documents/my support.svg","1.0","2024-11-21T09:20:16Z","fethy.faradji@infopro-digital.com"
"11/09/2026 15:29:55","Documents/my support.xcf","1.0","2024-11-21T13:32:29Z","fethy.faradji@infopro-digital.com"
"11/09/2026 15:30:00","Documents/my support2.png","1.0","2024-11-21T13:32:20Z","fethy.faradji@infopro-digital.com"
"11/09/2026 15:30:01","Documents/my support2.png","2.0","2024-11-21T14:04:12Z","fethy.faradji@infopro-digital.com"
"11/09/2026 15:30:06","Documents/objets_sf_contact.csv","1.0","2023-09-18T10:38:48Z","fethy.faradji@infopro-digital.com"
"11/09/2026 15:30:10","Documents/parent_enfant_patenariats.xlsx","1.0","2023-06-09T14:40:18Z","fethy.faradji@infopro-digital.com"
"11/09/2026 15:30:14","Documents/Prise_en_main_Monimail2.pdf","1.0","2023-07-31T12:53:45Z","fethy.faradji@infopro-digital.com"
"11/09/2026 15:30:19","Documents/Rapport_Autorisations_Applications22.csv","1.0","2025-08-27T15:03:47Z","fethy.faradji@infopro-digital.com"
"11/09/2026 15:30:24","Documents/Referentiel-SIM_BIM (1).kdbx","1.0","2021-11-30T15:26:40Z","fethy.faradji@infopro-digital.com"
"11/09/2026 15:30:28","Documents/Referentiel-SIM_BIM.kdbx","1.0","2021-12-08T16:18:17Z","fethy.faradji@infopro-digital.com"
"11/09/2026 15:30:29","Documents/Referentiel-SIM_BIM.kdbx","2.0","2024-02-21T08:50:46Z","fethy.faradji@infopro-digital.com"
"11/09/2026 15:30:30","Documents/Referentiel-SIM_BIM.kdbx","3.0","2024-02-21T11:36:12Z","fethy.faradji@infopro-digital.com"
"11/09/2026 15:30:31","Documents/Referentiel-SIM_BIM.kdbx","4.0","2024-02-26T09:38:45Z","fethy.faradji@infopro-digital.com"
"11/09/2026 15:30:32","Documents/Referentiel-SIM_BIM.kdbx","5.0","2024-08-29T07:47:48Z","fethy.faradji@infopro-digital.com"
"11/09/2026 15:30:33","Documents/Referentiel-SIM_BIM.kdbx","6.0","2024-08-29T13:45:06Z","fethy.faradji@infopro-digital.com"
"11/09/2026 15:30:34","Documents/Referentiel-SIM_BIM.kdbx","7.0","2025-02-07T13:53:34Z","fethy.faradji@infopro-digital.com"
"11/09/2026 15:30:35","Documents/Referentiel-SIM_BIM.kdbx","8.0","2025-02-07T14:06:33Z","fethy.faradji@infopro-digital.com"
"11/09/2026 15:30:37","Documents/Referentiel-SIM_BIM.kdbx","9.0","2025-02-07T14:08:08Z","fethy.faradji@infopro-digital.com"
"11/09/2026 15:30:38","Documents/Referentiel-SIM_BIM.kdbx","10.0","2025-02-10T13:07:46Z","fethy.faradji@infopro-digital.com"
"11/09/2026 15:30:39","Documents/Referentiel-SIM_BIM.kdbx","11.0","2025-03-03T10:01:16Z","fethy.faradji@infopro-digital.com"
"11/09/2026 15:30:40","Documents/Referentiel-SIM_BIM.kdbx","12.0","2025-03-03T10:01:57Z","fethy.faradji@infopro-digital.com"
"11/09/2026 15:30:41","Documents/Referentiel-SIM_BIM.kdbx","13.0","2025-03-03T10:02:32Z","fethy.faradji@infopro-digital.com"
"11/09/2026 15:30:42","Documents/Referentiel-SIM_BIM.kdbx","14.0","2025-03-24T15:16:18Z","fethy.faradji@infopro-digital.com"
"11/09/2026 15:30:43","Documents/Referentiel-SIM_BIM.kdbx","15.0","2025-04-15T14:03:00Z","fethy.faradji@infopro-digital.com"
"11/09/2026 15:30:44","Documents/Referentiel-SIM_BIM.kdbx","16.0","2025-07-01T09:39:21Z","fethy.faradji@infopro-digital.com"
"11/09/2026 15:30:45","Documents/Referentiel-SIM_BIM.kdbx","17.0","2025-09-09T09:23:31Z","fethy.faradji@infopro-digital.com"
"11/09/2026 15:30:46","Documents/Referentiel-SIM_BIM.kdbx","18.0","2026-02-25T13:53:05Z","fethy.faradji@infopro-digital.com"
"11/09/2026 15:30:47","Documents/Referentiel-SIM_BIM.kdbx","19.0","2026-02-25T14:05:16Z","fethy.faradji@infopro-digital.com"
"11/09/2026 15:30:48","Documents/Referentiel-SIM_BIM.kdbx","20.0","2026-03-03T15:06:31Z","fethy.faradji@infopro-digital.com"
"11/09/2026 15:30:49","Documents/Referentiel-SIM_BIM.kdbx","21.0","2026-03-06T08:52:47Z","fethy.faradji@infopro-digital.com"
"11/09/2026 15:30:50","Documents/Referentiel-SIM_BIM.kdbx","22.0","2026-03-30T07:52:49Z","fethy.faradji@infopro-digital.com"
"11/09/2026 15:30:51","Documents/Referentiel-SIM_BIM.kdbx","23.0","2026-03-30T07:53:41Z","fethy.faradji@infopro-digital.com"
"11/09/2026 15:30:52","Documents/Referentiel-SIM_BIM.kdbx","24.0","2026-04-15T12:06:32Z","fethy.faradji@infopro-digital.com"
"11/09/2026 15:30:53","Documents/Referentiel-SIM_BIM.kdbx","25.0","2026-05-27T13:49:03Z","fethy.faradji@infopro-digital.com"
"11/09/2026 15:30:54","Documents/Referentiel-SIM_BIM.kdbx","26.0","2026-07-08T15:09:04Z","fethy.faradji@infopro-digital.com"
"11/09/2026 15:30:55","Documents/Referentiel-SIM_BIM.kdbx","27.0","2026-07-15T14:25:00Z","fethy.faradji@infopro-digital.com"
"11/09/2026 15:30:56","Documents/Referentiel-SIM_BIM.kdbx","28.0","2026-07-15T15:09:50Z","fethy.faradji@infopro-digital.com"
"11/09/2026 15:30:57","Documents/Referentiel-SIM_BIM.kdbx","29.0","2026-07-29T12:16:40Z","fethy.faradji@infopro-digital.com"
"11/09/2026 15:30:58","Documents/Referentiel-SIM_BIM.kdbx","30.0","2026-08-04T14:21:04Z","fethy.faradji@infopro-digital.com"
"11/09/2026 15:30:59","Documents/Referentiel-SIM_BIM.kdbx","31.0","2026-09-03T13:10:44Z","fethy.faradji@infopro-digital.com"
"11/09/2026 15:31:04","Documents/retour intégration.docx","1.0","2023-06-12T12:25:01Z","fethy.faradji@infopro-digital.com"
"11/09/2026 15:31:05","Documents/retour intégration.docx","2.0","2023-06-12T12:25:31Z","fethy.faradji@infopro-digital.com"
"11/09/2026 15:31:06","Documents/retour intégration.docx","3.0","2023-06-14T14:17:23Z","fethy.faradji@infopro-digital.com"
"11/09/2026 15:31:11","Documents/SLA - Incidents 24.csv","1.0","2024-11-27T14:50:48Z","fethy.faradji@infopro-digital.com"
"11/09/2026 15:31:16","Documents/SLA - Incidents 36.csv","1.0","2024-11-27T14:52:59Z","fethy.faradji@infopro-digital.com"
"11/09/2026 15:31:21","Documents/SLA - Incidents 48.csv","1.0","2024-11-27T15:05:57Z","fethy.faradji@infopro-digital.com"
"11/09/2026 15:31:26","Documents/SLA - Incidents12.csv","1.0","2024-11-27T14:45:24Z","fethy.faradji@infopro-digital.com"
"11/09/2026 15:31:31","Documents/smiley1.png","1.0","2024-10-16T09:56:30Z","fethy.faradji@infopro-digital.com"
"11/09/2026 15:31:35","Documents/smiley1.xcf","1.0","2024-10-16T09:53:44Z","fethy.faradji@infopro-digital.com"
"11/09/2026 15:31:40","Documents/smiley1_p.png","1.0","2024-10-16T12:06:22Z","fethy.faradji@infopro-digital.com"
"11/09/2026 15:31:45","Documents/smiley2.png","1.0","2024-10-16T09:56:40Z","fethy.faradji@infopro-digital.com"
"11/09/2026 15:31:49","Documents/smiley2.xcf","1.0","2024-10-16T09:54:05Z","fethy.faradji@infopro-digital.com"
"11/09/2026 15:31:53","Documents/smiley2_p.png","1.0","2024-10-16T12:07:08Z","fethy.faradji@infopro-digital.com"
"11/09/2026 15:31:58","Documents/smiley3.png","1.0","2024-10-16T09:57:00Z","fethy.faradji@infopro-digital.com"
"11/09/2026 15:32:02","Documents/smiley3.xcf","1.0","2024-10-16T09:56:45Z","fethy.faradji@infopro-digital.com"
"11/09/2026 15:32:07","Documents/smiley3_p.png","1.0","2024-10-16T12:07:36Z","fethy.faradji@infopro-digital.com"
"11/09/2026 15:32:12","Documents/smiley4.png","1.0","2024-10-16T09:57:11Z","fethy.faradji@infopro-digital.com"
"11/09/2026 15:32:17","Documents/smiley4.xcf","1.0","2024-10-16T09:54:38Z","fethy.faradji@infopro-digital.com"
"11/09/2026 15:32:21","Documents/smiley4_p.png","1.0","2024-10-16T12:08:04Z","fethy.faradji@infopro-digital.com"
"11/09/2026 15:32:25","Documents/smiley5.png","1.0","2024-10-16T09:57:21Z","fethy.faradji@infopro-digital.com"
"11/09/2026 15:32:29","Documents/smiley5.xcf","1.0","2024-10-16T09:54:54Z","fethy.faradji@infopro-digital.com"
"11/09/2026 15:32:34","Documents/smiley5_p.png","1.0","2024-10-16T12:09:39Z","fethy.faradji@infopro-digital.com"
"11/09/2026 15:32:38","Documents/Spec_monimail_V1.5.docx","1.0","2022-11-14T16:17:10Z","fethy.faradji@infopro-digital.com"
"11/09/2026 15:32:43","Documents/Specs KPI Nameshield V1.1.docx","1.0","2025-10-27T16:35:29Z","fethy.faradji@infopro-digital.com"
"11/09/2026 15:32:47","Documents/suport_monimail.xlsx","1.0","2022-10-25T12:29:45Z","fethy.faradji@infopro-digital.com"
"11/09/2026 15:32:52","Documents/test.html","1.0","2024-10-17T13:36:29Z","fethy.faradji@infopro-digital.com"
"11/09/2026 15:32:53","Documents/test.html","2.0","2024-10-17T13:37:18Z","fethy.faradji@infopro-digital.com"
"11/09/2026 15:32:54","Documents/test.html","3.0","2024-10-17T13:37:52Z","fethy.faradji@infopro-digital.com"
"11/09/2026 15:32:55","Documents/test.html","4.0","2024-10-17T13:38:27Z","fethy.faradji@infopro-digital.com"
"11/09/2026 15:32:56","Documents/test.html","5.0","2024-10-17T13:39:04Z","fethy.faradji@infopro-digital.com"
"11/09/2026 15:32:57","Documents/test.html","6.0","2024-10-17T13:39:06Z","fethy.faradji@infopro-digital.com"
"11/09/2026 15:32:59","Documents/test.html","7.0","2024-10-17T13:39:12Z","fethy.faradji@infopro-digital.com"
"11/09/2026 15:33:00","Documents/test.html","8.0","2024-10-17T13:39:41Z","fethy.faradji@infopro-digital.com"
"11/09/2026 15:33:01","Documents/test.html","9.0","2024-10-17T13:40:08Z","fethy.faradji@infopro-digital.com"
"11/09/2026 15:33:02","Documents/test.html","10.0","2024-10-17T13:41:17Z","fethy.faradji@infopro-digital.com"
"11/09/2026 15:33:03","Documents/test.html","11.0","2024-10-17T13:43:06Z","fethy.faradji@infopro-digital.com"
"11/09/2026 15:33:04","Documents/test.html","12.0","2024-10-17T13:43:17Z","fethy.faradji@infopro-digital.com"
"11/09/2026 15:33:05","Documents/test.html","13.0","2024-10-17T13:43:32Z","fethy.faradji@infopro-digital.com"
"11/09/2026 15:33:06","Documents/test.html","14.0","2024-10-17T13:44:23Z","fethy.faradji@infopro-digital.com"
"11/09/2026 15:33:07","Documents/test.html","15.0","2024-10-17T13:45:28Z","fethy.faradji@infopro-digital.com"
"11/09/2026 15:33:08","Documents/test.html","16.0","2024-10-17T14:47:17Z","fethy.faradji@infopro-digital.com"
"11/09/2026 15:33:09","Documents/test.html","17.0","2024-10-17T15:03:27Z","fethy.faradji@infopro-digital.com"
"11/09/2026 15:33:10","Documents/test.html","18.0","2024-10-17T15:05:06Z","fethy.faradji@infopro-digital.com"
"11/09/2026 15:33:11","Documents/test.html","19.0","2024-10-17T15:05:28Z","fethy.faradji@infopro-digital.com"
"11/09/2026 15:33:15","Documents/Tickets résolus  -  Tous les groupes - APPS.csv","1.0","2024-12-16T15:37:12Z","fethy.faradji@infopro-digital.com"
"11/09/2026 15:33:20","Documents/Tous les incidents résolus du mois en court.csv","1.0","2024-11-27T14:08:47Z","fethy.faradji@infopro-digital.com"
"11/09/2026 15:33:25","Documents/transmition_maintenance.docx","1.0","2024-01-18T15:09:47Z","fethy.faradji@infopro-digital.com"
"11/09/2026 15:33:26","Documents/transmition_maintenance.docx","2.0","2024-01-23T16:08:11Z","fethy.faradji@infopro-digital.com"
"11/09/2026 15:33:32","Enregistrements/[présentation] les avoirs dans GAM-20220311_142351-Enregistrement de la réunion.mp4","1.0","2022-03-11T13:35:43Z","fethy.faradji@infopro-digital.com"
"11/09/2026 15:33:41","Enregistrements/Atelier évolution Monimail-20240503_143412-Enregistrement de la réunion.mp4","1.0","2024-05-03T13:31:35Z","fethy.faradji@infopro-digital.com"
"11/09/2026 15:33:59","Enregistrements/creaModif Ad part2-20260423_110043-Enregistrement de la réunion.mp4","1.0","2026-04-23T10:09:02Z",""
"11/09/2026 15:34:25","Enregistrements/creamodif AD-20260421_112522-Enregistrement de la réunion.mp4","1.0","2026-04-21T10:12:08Z",""
"11/09/2026 15:34:41","Enregistrements/export-20260420_110958-Enregistrement de la réunion.mp4","1.0","2026-04-20T09:46:21Z",""
"11/09/2026 15:34:55","Enregistrements/Haynes-20260224_093131-Meeting Transcript.mp4","1.0","2026-02-24T10:05:11Z",""
"11/09/2026 15:35:00","Enregistrements/ivanti vs adobe-20260702_143306-Enregistrement de la réunion.mp4","1.0","2026-07-02T13:44:45Z",""
"11/09/2026 15:35:45","Enregistrements/presentation avoirs-20220322_150330-Enregistrement de la réunion.mp4","1.0","2022-03-22T14:18:24Z","fethy.faradji@infopro-digital.com"
"11/09/2026 15:35:57","Enregistrements/Sharegate-20260520_111248-Enregistrement de la réunion.mp4","1.0","2026-05-20T09:38:03Z",""
"11/09/2026 15:36:07","Enregistrements/w-20260414_162916-Enregistrement de la réunion.mp4","1.0","2026-04-14T14:30:43Z",""
"11/09/2026 15:36:12","Enregistrements/w-20260414_163851-Enregistrement de la réunion.mp4","1.0","2026-04-14T14:48:04Z",""
"11/09/2026 15:36:20","Enregistrements/w-20260414_164911-Enregistrement de la réunion.mp4","1.0","2026-04-14T14:55:16Z",""
"11/09/2026 15:36:29","Favorites/Bing.url","1.0","2021-03-15T09:51:59Z","fethy.faradji@infopro-digital.com"
"11/09/2026 15:36:33","Fichiers de conversation Microsoft Teams/(fethi faradji) GRP058 - THP - Charte des administrateurs du SI - Fr_V2.0 (1).pdf","1.0","2025-08-28T08:35:37Z","fethy.faradji@infopro-digital.com"
"11/09/2026 15:36:39","Fichiers de conversation Microsoft Teams/(fethi faradji) GRP058 - THP - Charte des administrateurs du SI - Fr_V2.0.pdf","1.0","2025-07-31T08:41:49Z","fethy.faradji@infopro-digital.com"
"11/09/2026 15:36:44","Fichiers de conversation Microsoft Teams/.Logo_Mysupport_V6.png","1.0","2024-09-26T12:28:17Z","fethy.faradji@infopro-digital.com"
"11/09/2026 15:36:49","Fichiers de conversation Microsoft Teams/.ssh.zip","1.0","2022-10-04T15:40:47Z","fethy.faradji@infopro-digital.com"
"11/09/2026 15:36:54","Fichiers de conversation Microsoft Teams/00 - drop tables.sql","1.0","2023-06-12T13:19:23Z","fethy.faradji@infopro-digital.com"
"11/09/2026 15:36:59","Fichiers de conversation Microsoft Teams/01 - create tables.sql","1.0","2023-06-12T13:19:24Z","fethy.faradji@infopro-digital.com"
"11/09/2026 15:37:05","Fichiers de conversation Microsoft Teams/02-create_views.sql","1.0","2023-06-22T13:08:12Z","fethy.faradji@infopro-digital.com"
"11/09/2026 15:37:11","Fichiers de conversation Microsoft Teams/03 - create_views.sql","1.0","2023-06-12T14:07:35Z","fethy.faradji@infopro-digital.com"
"11/09/2026 15:37:15","Fichiers de conversation Microsoft Teams/1.png","1.0","2025-10-27T15:07:58Z","fethy.faradji@infopro-digital.com"
"11/09/2026 15:37:21","Fichiers de conversation Microsoft Teams/1_5_xslTEXTEIM.xlsx","1.0","2022-01-19T14:42:43Z","fethy.faradji@infopro-digital.com"
"11/09/2026 15:37:26","Fichiers de conversation Microsoft Teams/1_5_xslTEXTEIM.xsl","1.0","2022-01-20T13:55:34Z","fethy.faradji@infopro-digital.com"
"11/09/2026 15:37:30","Fichiers de conversation Microsoft Teams/1_6_1_xslTEXTEIM.xlsx","1.0","2022-01-19T14:42:43Z","fethy.faradji@infopro-digital.com"
"11/09/2026 15:37:32","Fichiers de conversation Microsoft Teams/1_6_1_xslTEXTEIM.xlsx","2.0","2022-01-19T16:03:45Z","fethy.faradji@infopro-digital.com"
"11/09/2026 15:37:33","Fichiers de conversation Microsoft Teams/1_6_1_xslTEXTEIM.xlsx","3.0","2022-01-19T16:17:54Z","fethy.faradji@infopro-digital.com"
"11/09/2026 15:37:34","Fichiers de conversation Microsoft Teams/1_6_1_xslTEXTEIM.xlsx","4.0","2022-01-20T16:27:05Z","fethy.faradji@infopro-digital.com"
"11/09/2026 15:37:38","Fichiers de conversation Microsoft Teams/1_6_1_xslTEXTEIM.xsl","1.0","2022-01-20T17:17:03Z","fethy.faradji@infopro-digital.com"
"11/09/2026 15:37:43","Fichiers de conversation Microsoft Teams/1_6_xslTEXTEIM.xlsx","1.0","2022-01-19T14:42:43Z","fethy.faradji@infopro-digital.com"
"11/09/2026 15:37:48","Fichiers de conversation Microsoft Teams/1_7_xslTEXTEIM.xlsx","1.0","2022-01-19T14:42:43Z","fethy.faradji@infopro-digital.com"
"11/09/2026 15:37:49","Fichiers de conversation Microsoft Teams/1_7_xslTEXTEIM.xlsx","2.0","2022-01-19T15:36:24Z","fethy.faradji@infopro-digital.com"
"11/09/2026 15:37:54","Fichiers de conversation Microsoft Teams/2.png","1.0","2025-10-27T15:07:58Z","fethy.faradji@infopro-digital.com"
"11/09/2026 15:37:59","Fichiers de conversation Microsoft Teams/2_1_xslTEXTEIM.xsl","1.0","2022-01-20T14:49:57Z","fethy.faradji@infopro-digital.com"
"11/09/2026 15:38:00","Fichiers de conversation Microsoft Teams/2_1_xslTEXTEIM.xsl","2.0","2022-02-17T16:55:03Z","fethy.faradji@infopro-digital.com"
"11/09/2026 15:38:04","Fichiers de conversation Microsoft Teams/2_1_xslTEXTEIM_OK1701.xsl","1.0","2022-01-18T10:29:36Z","fethy.faradji@infopro-digital.com"
"11/09/2026 15:38:09","Fichiers de conversation Microsoft Teams/2022A2202069.PDF","1.0","2022-04-07T13:45:34Z","fethy.faradji@infopro-digital.com"
"11/09/2026 15:38:13","Fichiers de conversation Microsoft Teams/202509 1.zip","1.0","2025-11-19T13:42:22Z","fethy.faradji@infopro-digital.com"
"11/09/2026 15:38:19","Fichiers de conversation Microsoft Teams/202509.zip","1.0","2025-11-18T14:28:56Z","fethy.faradji@infopro-digital.com"
"11/09/2026 15:38:23","Fichiers de conversation Microsoft Teams/25PubsManquantesCoteIT.xlsx","1.0","2024-05-21T13:37:14Z","fethy.faradji@infopro-digital.com"
"11/09/2026 15:38:28","Fichiers de conversation Microsoft Teams/3211632.xca","1.0","2024-04-30T15:15:13Z","fethy.faradji@infopro-digital.com"
"11/09/2026 15:38:33","Fichiers de conversation Microsoft Teams/3a5b0102-25ed-4898-a5ff-7e8cd477e4e0.webp","1.0","2024-10-31T09:30:57Z","fethy.faradji@infopro-digital.com"
"11/09/2026 15:38:37","Fichiers de conversation Microsoft Teams/4082669.xca","1.0","2024-04-30T15:15:13Z","fethy.faradji@infopro-digital.com"
"11/09/2026 15:38:42","Fichiers de conversation Microsoft Teams/4218069_20250703_25vs14_pub_boamp.pdf","1.0","2025-07-07T08:53:58Z","fethy.faradji@infopro-digital.com"
"11/09/2026 15:38:47","Fichiers de conversation Microsoft Teams/617697e8-6137-4992-9d4b-98f082d92bde.png","1.0","2025-09-10T09:00:01Z","fethy.faradji@infopro-digital.com"
"11/09/2026 15:38:51","Fichiers de conversation Microsoft Teams/720322959.pdf","1.0","2023-05-25T10:00:47Z","fethy.faradji@infopro-digital.com"
"11/09/2026 15:38:56","Fichiers de conversation Microsoft Teams/ABACCA.sql","1.0","2022-05-31T13:20:58Z","fethy.faradji@infopro-digital.com"
"11/09/2026 15:38:57","Fichiers de conversation Microsoft Teams/ABACCA.sql","2.0","2022-05-31T13:44:49Z","fethy.faradji@infopro-digital.com"
"11/09/2026 15:39:02","Fichiers de conversation Microsoft Teams/AcceptedDomains_2025-03-28.csv","1.0","2025-03-28T09:52:08Z","fethy.faradji@infopro-digital.com"
"11/09/2026 15:39:08","Fichiers de conversation Microsoft Teams/account_manquant.csv","1.0","2023-10-25T16:10:06Z","fethy.faradji@infopro-digital.com"
"11/09/2026 15:39:13","Fichiers de conversation Microsoft Teams/activité apres le 15.txt","1.0","2023-10-06T15:04:05Z","fethy.faradji@infopro-digital.com"
"11/09/2026 15:39:18","Fichiers de conversation Microsoft Teams/activité_20231130.xlsx","1.0","2023-11-30T16:49:22Z","fethy.faradji@infopro-digital.com"
"11/09/2026 15:39:23","Fichiers de conversation Microsoft Teams/adresse_a_corriger.xlsx","1.0","2023-12-12T13:27:45Z","fethy.faradji@infopro-digital.com"
"11/09/2026 15:39:28","Fichiers de conversation Microsoft Teams/Ajout_SIRET.xlsx","1.0","2023-10-16T12:10:16Z","fethy.faradji@infopro-digital.com"
"11/09/2026 15:39:29","Fichiers de conversation Microsoft Teams/Ajout_SIRET.xlsx","2.0","2023-10-16T12:20:47Z","ali.dahmane@infopro-digital.com"
"11/09/2026 15:39:30","Fichiers de conversation Microsoft Teams/Ajout_SIRET.xlsx","3.0","2023-10-16T15:21:17Z","ali.dahmane@infopro-digital.com"
"11/09/2026 15:39:35","Fichiers de conversation Microsoft Teams/ALIM_TABLE_SF 1.sql","1.0","2025-01-29T08:55:17Z","fethy.faradji@infopro-digital.com"
"11/09/2026 15:39:40","Fichiers de conversation Microsoft Teams/ALIM_TABLE_SF 2.sql","1.0","2025-02-19T15:54:10Z","fethy.faradji@infopro-digital.com"
"11/09/2026 15:39:45","Fichiers de conversation Microsoft Teams/ALIM_TABLE_SF.sql","1.0","2025-01-13T09:33:39Z","fethy.faradji@infopro-digital.com"
"11/09/2026 15:39:51","Fichiers de conversation Microsoft Teams/ALIM_TABLE_SF_sauv_body_V3.sql","1.0","2024-06-10T07:28:30Z","fethy.faradji@infopro-digital.com"
"11/09/2026 15:39:55","Fichiers de conversation Microsoft Teams/ALIM_TABLE_SF_sauv_spec_V3.sql","1.0","2024-06-10T07:28:33Z","fethy.faradji@infopro-digital.com"
"11/09/2026 15:40:00","Fichiers de conversation Microsoft Teams/AlIM_TABLE_SF_spec.sql","1.0","2025-06-03T07:55:55Z","fethy.faradji@infopro-digital.com"
"11/09/2026 15:40:06","Fichiers de conversation Microsoft Teams/ALTER TABLE [dbo].[PUB_PUBLICATIONS_DEMAT].sql","1.0","2022-04-19T07:45:19Z","fethy.faradji@infopro-digital.com"
"11/09/2026 15:40:11","Fichiers de conversation Microsoft Teams/Analyse SIM vs SF - 20241107 2.xlsx","1.0","2024-11-12T16:00:30Z","fethy.faradji@infopro-digital.com"
"11/09/2026 15:40:17","Fichiers de conversation Microsoft Teams/analyse siret SIM VS SF 1.xlsx","1.0","2024-06-12T14:02:21Z","fethy.faradji@infopro-digital.com"
"11/09/2026 15:40:22","Fichiers de conversation Microsoft Teams/analyse siret SIM VS SF.xlsx","1.0","2024-06-12T09:09:28Z","fethy.faradji@infopro-digital.com"
"11/09/2026 15:40:24","Fichiers de conversation Microsoft Teams/analyse siret SIM VS SF.xlsx","2.0","2024-06-12T09:30:01Z","marc.crauffon@infopro-digital.com"
"11/09/2026 15:40:29","Fichiers de conversation Microsoft Teams/analyse_partenariat.xlsx","1.0","2024-04-17T13:53:01Z","fethy.faradji@infopro-digital.com"
"11/09/2026 15:40:30","Fichiers de conversation Microsoft Teams/analyse_partenariat.xlsx","2.0","2024-04-17T14:02:08Z","sophie.ferreira@infopro-digital.com"
"11/09/2026 15:40:31","Fichiers de conversation Microsoft Teams/analyse_partenariat.xlsx","3.0","2024-04-17T14:28:48Z","sophie.ferreira@infopro-digital.com"
"11/09/2026 15:40:32","Fichiers de conversation Microsoft Teams/analyse_partenariat.xlsx","4.0","2024-04-30T09:14:03Z","fethy.faradji@infopro-digital.com"
"11/09/2026 15:40:33","Fichiers de conversation Microsoft Teams/analyse_partenariat.xlsx","5.0","2024-04-30T09:29:22Z","fethy.faradji@infopro-digital.com"
"11/09/2026 15:40:34","Fichiers de conversation Microsoft Teams/analyse_partenariat.xlsx","6.0","2024-04-30T09:56:58Z","fethy.faradji@infopro-digital.com"
"11/09/2026 15:40:39","Fichiers de conversation Microsoft Teams/Analyses Factures Packs 2024-11-26 _retour.xlsx","1.0","2024-12-02T15:09:16Z","fethy.faradji@infopro-digital.com"
"11/09/2026 15:40:44","Fichiers de conversation Microsoft Teams/AnalyseSF_20240809_v2.xlsx","1.0","2024-08-19T09:11:17Z","fethy.faradji@infopro-digital.com"
"11/09/2026 15:40:50","Fichiers de conversation Microsoft Teams/AO_8949863-1.xml","1.0","2023-03-24T10:42:14Z","fethy.faradji@infopro-digital.com"
"11/09/2026 15:40:55","Fichiers de conversation Microsoft Teams/AO_AM_20240220 1.xlsx","1.0","2024-02-20T10:49:23Z","fethy.faradji@infopro-digital.com"
"11/09/2026 15:41:00","Fichiers de conversation Microsoft Teams/AO_AM_20240220 2.xlsx","1.0","2024-02-20T10:51:10Z","fethy.faradji@infopro-digital.com"
"11/09/2026 15:41:05","Fichiers de conversation Microsoft Teams/AO_AM_20240220 3.xlsx","1.0","2024-02-20T10:52:57Z","fethy.faradji@infopro-digital.com"
"11/09/2026 15:41:07","Fichiers de conversation Microsoft Teams/AO_AM_20240220 3.xlsx","2.0","2024-02-20T10:53:30Z","fethy.faradji@infopro-digital.com"
"11/09/2026 15:41:12","Fichiers de conversation Microsoft Teams/AO_AM_20240220.xlsx","1.0","2024-02-20T10:20:39Z","fethy.faradji@infopro-digital.com"
"11/09/2026 15:41:17","Fichiers de conversation Microsoft Teams/AO_AM_20240220_2.xlsx","1.0","2024-02-20T15:11:44Z","fethy.faradji@infopro-digital.com"
"11/09/2026 15:41:24","Fichiers de conversation Microsoft Teams/AO_AM_20240221 1.xlsx","1.0","2024-02-21T16:12:38Z","fethy.faradji@infopro-digital.com"
"11/09/2026 15:41:29","Fichiers de conversation Microsoft Teams/AO_AM_20240221.xlsx","1.0","2024-02-21T15:47:15Z","fethy.faradji@infopro-digital.com"
"11/09/2026 15:41:34","Fichiers de conversation Microsoft Teams/AO_AM_20240221_2 1.xlsx","1.0","2024-03-05T10:41:19Z","fethy.faradji@infopro-digital.com"
"11/09/2026 15:41:36","Fichiers de conversation Microsoft Teams/AO_AM_20240221_2 1.xlsx","2.0","2024-03-05T10:42:12Z","fanny.prost@infopro-digital.com"
"11/09/2026 15:41:37","Fichiers de conversation Microsoft Teams/AO_AM_20240221_2 1.xlsx","3.0","2024-03-06T09:03:12Z","claly@etai.fr"
"11/09/2026 15:41:42","Fichiers de conversation Microsoft Teams/AO_AM_20240221_2.xlsx","1.0","2024-02-21T16:14:03Z","fethy.faradji@infopro-digital.com"
"11/09/2026 15:41:43","Fichiers de conversation Microsoft Teams/AO_AM_20240221_2.xlsx","2.0","2024-02-21T16:15:16Z","fethy.faradji@infopro-digital.com"
"11/09/2026 15:41:48","Fichiers de conversation Microsoft Teams/AO_AM_PUB_03-12-2021.xls","1.0","2021-12-06T15:03:40Z","fethy.faradji@infopro-digital.com"
"11/09/2026 15:41:54","Fichiers de conversation Microsoft Teams/AO_AM_PUB_gratuit_03-12-2021.xls","1.0","2021-12-06T15:38:23Z","fethy.faradji@infopro-digital.com"
"11/09/2026 15:41:59","Fichiers de conversation Microsoft Teams/AO_AM_PUB_payant_03-12-2021.xls","1.0","2021-12-06T15:39:16Z","fethy.faradji@infopro-digital.com"
"11/09/2026 15:42:04","Fichiers de conversation Microsoft Teams/AO_AM_PUB_payant_03-12-2021-2.xls","1.0","2021-12-06T15:45:57Z","fethy.faradji@infopro-digital.com"
"11/09/2026 15:42:09","Fichiers de conversation Microsoft Teams/Appel avec Dream teams _ Microsoft Teams 2021-04-14 09-45-34.mp4","1.0","2021-04-14T07:54:48Z","fethy.faradji@infopro-digital.com"
"11/09/2026 15:42:16","Fichiers de conversation Microsoft Teams/Architecture_globale.pptx","1.0","2022-03-08T10:58:30Z","fethy.faradji@infopro-digital.com"
"11/09/2026 15:42:17","Fichiers de conversation Microsoft Teams/Architecture_globale.pptx","2.0","2022-03-08T10:59:51Z","sophie.ferreira@infopro-digital.com"
"11/09/2026 15:42:22","Fichiers de conversation Microsoft Teams/ATTESTATION SUR L HONNEUR TELETRAVAIL.docx","1.0","2025-08-27T15:12:45Z","fethy.faradji@infopro-digital.com"
"11/09/2026 15:42:23","Fichiers de conversation Microsoft Teams/ATTESTATION SUR L HONNEUR TELETRAVAIL.docx","2.0","2025-08-27T15:16:52Z","marc.crauffon@infopro-digital.com"
"11/09/2026 15:42:28","Fichiers de conversation Microsoft Teams/AttunitySSISTeraAdaptersSetupX64.msi","1.0","2022-02-08T09:35:23Z","fethy.faradji@infopro-digital.com"
"11/09/2026 15:42:33","Fichiers de conversation Microsoft Teams/avis.csv","1.0","2024-07-11T09:58:54Z","fethy.faradji@infopro-digital.com"
"11/09/2026 15:42:39","Fichiers de conversation Microsoft Teams/avis.xlsx","1.0","2024-03-12T13:52:19Z","fethy.faradji@infopro-digital.com"
"11/09/2026 15:42:45","Fichiers de conversation Microsoft Teams/avis__c 1.csv","1.0","2024-10-21T08:34:09Z","fethy.faradji@infopro-digital.com"
"11/09/2026 15:42:55","Fichiers de conversation Microsoft Teams/avis__c.csv","1.0","2024-10-21T07:50:01Z","fethy.faradji@infopro-digital.com"
"11/09/2026 15:43:04","Fichiers de conversation Microsoft Teams/Avis__c_mep_20230920.xlsx","1.0","2023-09-20T09:26:10Z","fethy.faradji@infopro-digital.com"
"11/09/2026 15:43:06","Fichiers de conversation Microsoft Teams/Avis__c_mep_20230920.xlsx","2.0","2023-10-11T09:50:10Z","sophie.ferreira@infopro-digital.com"
"11/09/2026 15:43:08","Fichiers de conversation Microsoft Teams/Avis__c_mep_20230920.xlsx","3.0","2023-10-12T09:47:27Z","sophie.ferreira@infopro-digital.com"
"11/09/2026 15:43:09","Fichiers de conversation Microsoft Teams/Avis__c_mep_20230920.xlsx","4.0","2023-10-12T09:59:46Z","sophie.ferreira@infopro-digital.com"
"11/09/2026 15:43:14","Fichiers de conversation Microsoft Teams/Avis__c_prod3.xlsx","1.0","2023-10-02T15:15:22Z","fethy.faradji@infopro-digital.com"
"11/09/2026 15:43:16","Fichiers de conversation Microsoft Teams/Avis__c_prod3.xlsx","2.0","2023-10-11T09:52:17Z","sophie.ferreira@infopro-digital.com"
"11/09/2026 15:43:22","Fichiers de conversation Microsoft Teams/avis__c_R.csv","1.0","2024-11-04T09:01:42Z","fethy.faradji@infopro-digital.com"
"11/09/2026 15:43:28","Fichiers de conversation Microsoft Teams/avis_a_supprimé.csv","1.0","2024-06-28T10:00:02Z","fethy.faradji@infopro-digital.com"
"11/09/2026 15:43:33","Fichiers de conversation Microsoft Teams/avis_lot_1.csv","1.0","2024-06-21T09:04:46Z","fethy.faradji@infopro-digital.com"
"11/09/2026 15:43:39","Fichiers de conversation Microsoft Teams/avis_lot_2.csv","1.0","2024-06-21T10:33:32Z","fethy.faradji@infopro-digital.com"
"11/09/2026 15:43:44","Fichiers de conversation Microsoft Teams/avis_manquant.xlsx","1.0","2023-10-02T13:16:22Z","fethy.faradji@infopro-digital.com"
"11/09/2026 15:43:48","Fichiers de conversation Microsoft Teams/avis_manquant.xlsx","2.0","2023-10-11T09:52:06Z","sophie.ferreira@infopro-digital.com"
"11/09/2026 15:43:56","Fichiers de conversation Microsoft Teams/avis_sauv20240628.csv","1.0","2024-06-28T09:47:08Z","fethy.faradji@infopro-digital.com"
"11/09/2026 15:44:27","Fichiers de conversation Microsoft Teams/Avis_SF.xlsx","1.0","2023-09-04T09:23:52Z","fethy.faradji@infopro-digital.com"
"11/09/2026 15:44:29","Fichiers de conversation Microsoft Teams/Avis_SF.xlsx","2.0","2023-09-04T10:15:02Z","safa.sakly@infopro-digital.com"
"11/09/2026 15:44:34","Fichiers de conversation Microsoft Teams/AVIS_SF_01.xlsx","1.0","2023-11-13T13:55:58Z","fethy.faradji@infopro-digital.com"
"11/09/2026 15:44:37","Fichiers de conversation Microsoft Teams/AVIS_SF_01.xlsx","2.0","2024-06-04T15:28:50Z","fethy.faradji@infopro-digital.com"
"11/09/2026 15:44:43","Fichiers de conversation Microsoft Teams/AVIS_SF_02.xlsx","1.0","2023-11-13T13:56:00Z","fethy.faradji@infopro-digital.com"
"11/09/2026 15:44:49","Fichiers de conversation Microsoft Teams/AVIS_SF_03.xlsx","1.0","2023-11-13T13:56:00Z","fethy.faradji@infopro-digital.com"
"11/09/2026 15:44:54","Fichiers de conversation Microsoft Teams/AVIS_SF_04.xlsx","1.0","2023-11-13T13:56:00Z","fethy.faradji@infopro-digital.com"
"11/09/2026 15:45:01","Fichiers de conversation Microsoft Teams/AVIS_SF_05.xlsx","1.0","2023-11-13T13:56:00Z","fethy.faradji@infopro-digital.com"
"11/09/2026 15:45:07","Fichiers de conversation Microsoft Teams/AVIS_SF_06.xlsx","1.0","2023-11-13T13:56:00Z","fethy.faradji@infopro-digital.com"
"11/09/2026 15:45:12","Fichiers de conversation Microsoft Teams/AVIS_SF_07.xlsx","1.0","2023-11-13T13:56:00Z","fethy.faradji@infopro-digital.com"
"11/09/2026 15:45:15","Fichiers de conversation Microsoft Teams/AVIS_SF_07.xlsx","2.0","2024-06-04T15:21:38Z","fethy.faradji@infopro-digital.com"
"11/09/2026 15:45:18","Fichiers de conversation Microsoft Teams/AVIS_SF_07.xlsx","4.0","2024-06-04T15:25:00Z","fethy.faradji@infopro-digital.com"
"11/09/2026 15:45:22","Fichiers de conversation Microsoft Teams/AVIS_SF_07.xlsx","3.0","2024-06-04T15:25:01Z","fethy.faradji@infopro-digital.com"
"11/09/2026 15:45:28","Fichiers de conversation Microsoft Teams/AVIS_SF_08.xlsx","1.0","2023-11-13T13:55:53Z","fethy.faradji@infopro-digital.com"
"11/09/2026 15:45:34","Fichiers de conversation Microsoft Teams/AVIS_SF_09.xlsx","1.0","2023-11-14T15:02:19Z","fethy.faradji@infopro-digital.com"
"11/09/2026 15:45:40","Fichiers de conversation Microsoft Teams/AVIS_SF_10.xlsx","1.0","2023-11-14T15:02:17Z","fethy.faradji@infopro-digital.com"
"11/09/2026 15:45:46","Fichiers de conversation Microsoft Teams/avis_sf_prod.xlsx","1.0","2023-09-05T13:41:25Z","fethy.faradji@infopro-digital.com"
"11/09/2026 15:45:54","Fichiers de conversation Microsoft Teams/AvisModel.cs","1.0","2022-10-20T08:07:02Z","fethy.faradji@infopro-digital.com"
"11/09/2026 15:45:58","Fichiers de conversation Microsoft Teams/AvisParStatut (1) vérifiés.xlsx","1.0","2022-08-18T09:49:04Z","fethy.faradji@infopro-digital.com"
"11/09/2026 15:46:00","Fichiers de conversation Microsoft Teams/AvisParStatut (1) vérifiés.xlsx","2.0","2022-08-18T10:04:15Z","claly@etai.fr"
"11/09/2026 15:46:04","Fichiers de conversation Microsoft Teams/AvisParStatut (11).xlsx","1.0","2022-08-18T08:50:36Z","fethy.faradji@infopro-digital.com"
"11/09/2026 15:46:05","Fichiers de conversation Microsoft Teams/AvisParStatut (11).xlsx","2.0","2022-08-18T09:01:58Z","claly@etai.fr"
"11/09/2026 15:46:06","Fichiers de conversation Microsoft Teams/AvisParStatut (11).xlsx","3.0","2022-08-18T09:30:46Z","fethy.faradji@infopro-digital.com"
"11/09/2026 15:46:07","Fichiers de conversation Microsoft Teams/AvisParStatut (11).xlsx","4.0","2022-08-18T09:31:12Z","fethy.faradji@infopro-digital.com"
"11/09/2026 15:46:12","Fichiers de conversation Microsoft Teams/avis-sans-texte.xlsx","1.0","2023-02-02T08:56:13Z","fethy.faradji@infopro-digital.com"
"11/09/2026 15:46:13","Fichiers de conversation Microsoft Teams/avis-sans-texte.xlsx","2.0","2023-02-02T08:57:17Z","cecile.guthmann@infopro-digital.com"
"11/09/2026 15:46:15","Fichiers de conversation Microsoft Teams/avis-sans-texte.xlsx","3.0","2023-02-02T09:05:31Z","fethy.faradji@infopro-digital.com"
"11/09/2026 15:46:15","Fichiers de conversation Microsoft Teams/avis-sans-texte.xlsx","4.0","2023-02-02T09:37:44Z","sophie.ferreira@infopro-digital.com"
"11/09/2026 15:46:20","Fichiers de conversation Microsoft Teams/avisSimplifie_AOPUB.xsl","1.0","2022-01-07T10:04:40Z","fethy.faradji@infopro-digital.com"
"11/09/2026 15:46:25","Fichiers de conversation Microsoft Teams/avisSimplifie_xslTEXTEIM.xsl","1.0","2022-01-07T10:04:40Z","fethy.faradji@infopro-digital.com"
"11/09/2026 15:46:30","Fichiers de conversation Microsoft Teams/b44e2b7c-45c1-46e6-8be9-f32e2123e102.jpg","1.0","2024-10-31T09:30:57Z","fethy.faradji@infopro-digital.com"
"11/09/2026 15:46:34","Fichiers de conversation Microsoft Teams/beebol_Fethi.csv","1.0","2025-05-14T08:41:53Z","fethy.faradji@infopro-digital.com"
"11/09/2026 15:46:40","Fichiers de conversation Microsoft Teams/BIM_SF.7z","1.0","2022-09-23T09:31:27Z","fethy.faradji@infopro-digital.com"
"11/09/2026 15:46:44","Fichiers de conversation Microsoft Teams/BIM_SF.ispac","1.0","2022-11-24T10:36:56Z","fethy.faradji@infopro-digital.com"
"11/09/2026 15:46:46","Fichiers de conversation Microsoft Teams/BIM_SF.ispac","2.0","2022-11-24T11:02:42Z","fethy.faradji@infopro-digital.com"
"11/09/2026 15:46:47","Fichiers de conversation Microsoft Teams/BIM_SF.ispac","3.0","2023-01-13T14:21:39Z","fethy.faradji@infopro-digital.com"
"11/09/2026 15:46:48","Fichiers de conversation Microsoft Teams/BIM_SF.ispac","4.0","2023-02-15T15:49:11Z","fethy.faradji@infopro-digital.com"
"11/09/2026 15:46:49","Fichiers de conversation Microsoft Teams/BIM_SF.ispac","5.0","2023-02-16T14:19:24Z","fethy.faradji@infopro-digital.com"
"11/09/2026 15:46:51","Fichiers de conversation Microsoft Teams/BIM_SF.ispac","6.0","2023-03-10T13:46:03Z","fethy.faradji@infopro-digital.com"
"11/09/2026 15:46:56","Fichiers de conversation Microsoft Teams/BIM_SF.zip","1.0","2022-09-26T12:56:30Z","fethy.faradji@infopro-digital.com"
"11/09/2026 15:46:57","Fichiers de conversation Microsoft Teams/BIM_SF.zip","2.0","2022-11-24T08:52:09Z","fethy.faradji@infopro-digital.com"
"11/09/2026 15:47:02","Fichiers de conversation Microsoft Teams/BIM_SSIS  - 27-07.7z","1.0","2022-09-21T08:59:50Z","fethy.faradji@infopro-digital.com"
"11/09/2026 15:47:04","Fichiers de conversation Microsoft Teams/BIM_SSIS  - 27-07.7z","2.0","2022-09-21T09:50:48Z","fethy.faradji@infopro-digital.com"
"11/09/2026 15:47:06","Fichiers de conversation Microsoft Teams/BIM_SSIS  - 27-07.7z","3.0","2022-09-22T08:05:46Z","fethy.faradji@infopro-digital.com"
"11/09/2026 15:47:11","Fichiers de conversation Microsoft Teams/BIM_SSIS  - 27-07.zip","1.0","2022-09-28T07:29:13Z","fethy.faradji@infopro-digital.com"
"11/09/2026 15:47:13","Fichiers de conversation Microsoft Teams/BIM_SSIS  - 27-07.zip","2.0","2022-09-28T07:33:19Z","fethy.faradji@infopro-digital.com"
"11/09/2026 15:47:20","Fichiers de conversation Microsoft Teams/BIM_SSIS - Microsoft Visual Studio (Administrateur) 2022-06-28 14-11-52.mp4","1.0","2022-07-01T14:34:28Z","fethy.faradji@infopro-digital.com"
"11/09/2026 15:47:47","Fichiers de conversation Microsoft Teams/BIM_SSIS - Microsoft Visual Studio (Administrateur) 2022-06-28 14-20-19.mp4","1.0","2022-07-01T14:32:16Z","fethy.faradji@infopro-digital.com"
"11/09/2026 15:47:53","Fichiers de conversation Microsoft Teams/BIM_SSIS - Microsoft Visual Studio (Administrateur) 2022-06-28 14-20-21.mp4","1.0","2022-07-01T14:39:35Z","fethy.faradji@infopro-digital.com"
"11/09/2026 15:49:08","Fichiers de conversation Microsoft Teams/BIM_SSIS 1.ispac","1.0","2023-10-26T08:09:32Z","fethy.faradji@infopro-digital.com"
"11/09/2026 15:49:14","Fichiers de conversation Microsoft Teams/BIM_SSIS 10.ispac","1.0","2025-12-03T14:44:44Z","fethy.faradji@infopro-digital.com"
"11/09/2026 15:49:19","Fichiers de conversation Microsoft Teams/BIM_SSIS 2.ispac","1.0","2023-12-13T10:51:18Z","fethy.faradji@infopro-digital.com"
"11/09/2026 15:49:25","Fichiers de conversation Microsoft Teams/BIM_SSIS -20230120.zip","1.0","2023-01-20T10:08:48Z","fethy.faradji@infopro-digital.com"
"11/09/2026 15:49:30","Fichiers de conversation Microsoft Teams/BIM_SSIS 3.ispac","1.0","2025-06-03T13:11:44Z","fethy.faradji@infopro-digital.com"
"11/09/2026 15:49:37","Fichiers de conversation Microsoft Teams/BIM_SSIS 4.ispac","1.0","2025-08-05T08:44:20Z","fethy.faradji@infopro-digital.com"
"11/09/2026 15:49:42","Fichiers de conversation Microsoft Teams/BIM_SSIS 5.ispac","1.0","2025-08-05T08:50:33Z","fethy.faradji@infopro-digital.com"
"11/09/2026 15:49:47","Fichiers de conversation Microsoft Teams/BIM_SSIS 6.ispac","1.0","2025-09-02T12:15:15Z","fethy.faradji@infopro-digital.com"
"11/09/2026 15:49:53","Fichiers de conversation Microsoft Teams/BIM_SSIS 7.ispac","1.0","2025-11-26T08:36:39Z","fethy.faradji@infopro-digital.com"
"11/09/2026 15:49:59","Fichiers de conversation Microsoft Teams/BIM_SSIS 8.ispac","1.0","2025-11-26T09:00:12Z","fethy.faradji@infopro-digital.com"
"11/09/2026 15:50:05","Fichiers de conversation Microsoft Teams/BIM_SSIS 9.ispac","1.0","2025-11-27T13:55:48Z","fethy.faradji@infopro-digital.com"
"11/09/2026 15:50:11","Fichiers de conversation Microsoft Teams/BIM_SSIS.7z","1.0","2022-05-19T09:12:08Z","fethy.faradji@infopro-digital.com"
"11/09/2026 15:50:17","Fichiers de conversation Microsoft Teams/BIM_SSIS.ispac","1.0","2022-09-27T09:23:43Z","fethy.faradji@infopro-digital.com"
"11/09/2026 15:50:19","Fichiers de conversation Microsoft Teams/BIM_SSIS.ispac","2.0","2022-09-27T12:14:12Z","fethy.faradji@infopro-digital.com"
"11/09/2026 15:50:20","Fichiers de conversation Microsoft Teams/BIM_SSIS.ispac","3.0","2022-09-27T14:39:27Z","fethy.faradji@infopro-digital.com"
"11/09/2026 15:50:21","Fichiers de conversation Microsoft Teams/BIM_SSIS.ispac","4.0","2022-09-28T07:27:32Z","fethy.faradji@infopro-digital.com"
"11/09/2026 15:50:23","Fichiers de conversation Microsoft Teams/BIM_SSIS.ispac","5.0","2022-09-28T07:36:26Z","fethy.faradji@infopro-digital.com"
"11/09/2026 15:50:24","Fichiers de conversation Microsoft Teams/BIM_SSIS.ispac","6.0","2022-10-12T12:30:40Z","fethy.faradji@infopro-digital.com"
"11/09/2026 15:50:25","Fichiers de conversation Microsoft Teams/BIM_SSIS.ispac","7.0","2022-10-19T07:39:09Z","fethy.faradji@infopro-digital.com"
"11/09/2026 15:50:26","Fichiers de conversation Microsoft Teams/BIM_SSIS.ispac","8.0","2023-01-05T08:59:24Z","fethy.faradji@infopro-digital.com"
"11/09/2026 15:50:28","Fichiers de conversation Microsoft Teams/BIM_SSIS.ispac","9.0","2023-01-05T09:51:40Z","fethy.faradji@infopro-digital.com"
"11/09/2026 15:50:29","Fichiers de conversation Microsoft Teams/BIM_SSIS.ispac","10.0","2023-01-09T09:58:23Z","fethy.faradji@infopro-digital.com"
"11/09/2026 15:50:30","Fichiers de conversation Microsoft Teams/BIM_SSIS.ispac","11.0","2023-01-20T10:07:53Z","fethy.faradji@infopro-digital.com"
"11/09/2026 15:50:32","Fichiers de conversation Microsoft Teams/BIM_SSIS.ispac","12.0","2023-01-20T14:00:58Z","fethy.faradji@infopro-digital.com"
"11/09/2026 15:50:33","Fichiers de conversation Microsoft Teams/BIM_SSIS.ispac","13.0","2023-01-20T14:03:54Z","fethy.faradji@infopro-digital.com"
"11/09/2026 15:50:34","Fichiers de conversation Microsoft Teams/BIM_SSIS.ispac","14.0","2023-02-15T15:36:16Z","fethy.faradji@infopro-digital.com"
"11/09/2026 15:50:35","Fichiers de conversation Microsoft Teams/BIM_SSIS.ispac","15.0","2023-06-22T07:48:35Z","fethy.faradji@infopro-digital.com"
"11/09/2026 15:50:37","Fichiers de conversation Microsoft Teams/BIM_SSIS.ispac","16.0","2023-06-26T15:30:59Z","fethy.faradji@infopro-digital.com"
"11/09/2026 15:50:38","Fichiers de conversation Microsoft Teams/BIM_SSIS.ispac","17.0","2023-06-29T13:55:05Z","fethy.faradji@infopro-digital.com"
"11/09/2026 15:50:40","Fichiers de conversation Microsoft Teams/BIM_SSIS.ispac","18.0","2023-06-30T08:25:49Z","fethy.faradji@infopro-digital.com"
"11/09/2026 15:50:41","Fichiers de conversation Microsoft Teams/BIM_SSIS.ispac","19.0","2023-07-20T13:16:24Z","fethy.faradji@infopro-digital.com"
"11/09/2026 15:50:42","Fichiers de conversation Microsoft Teams/BIM_SSIS.ispac","20.0","2023-07-24T09:05:58Z","fethy.faradji@infopro-digital.com"
"11/09/2026 15:50:49","Fichiers de conversation Microsoft Teams/BIM_SSIS.zip","1.0","2022-05-20T13:52:57Z","fethy.faradji@infopro-digital.com"
"11/09/2026 15:50:50","Fichiers de conversation Microsoft Teams/BIM_SSIS.zip","2.0","2022-06-28T12:45:04Z","fethy.faradji@infopro-digital.com"
"11/09/2026 15:50:55","Fichiers de conversation Microsoft Teams/BIM_SSIS_NPUB.ispac","1.0","2025-09-02T12:33:03Z","fethy.faradji@infopro-digital.com"
"11/09/2026 15:51:01","Fichiers de conversation Microsoft Teams/BIM_SSIS_sans_CLG_Recettte.zip","1.0","2023-06-29T08:15:20Z","fethy.faradji@infopro-digital.com"
"11/09/2026 15:51:07","Fichiers de conversation Microsoft Teams/BIM-semaine de publications.docx","1.0","2025-12-15T14:13:51Z","fethy.faradji@infopro-digital.com"
"11/09/2026 15:51:12","Fichiers de conversation Microsoft Teams/BOAMP.zip","1.0","2022-08-23T13:33:05Z","fethy.faradji@infopro-digital.com"
"11/09/2026 15:51:17","Fichiers de conversation Microsoft Teams/Budget Azure-M365 2026.xlsx","1.0","2026-02-18T13:33:30Z","fethy.faradji@infopro-digital.com"
"11/09/2026 15:51:19","Fichiers de conversation Microsoft Teams/Budget Azure-M365 2026.xlsx","2.0","2026-04-09T14:27:12Z","meryem.khayer@infopro-digital.com"
"11/09/2026 15:51:20","Fichiers de conversation Microsoft Teams/Budget Azure-M365 2026.xlsx","3.0","2026-04-09T17:10:28Z","meryem.khayer@infopro-digital.com"
"11/09/2026 15:51:24","Fichiers de conversation Microsoft Teams/C2022A2202075.PDF","1.0","2022-04-07T13:46:04Z","fethy.faradji@infopro-digital.com"
"11/09/2026 15:51:30","Fichiers de conversation Microsoft Teams/c764f368-3e74-4510-a9ed-d3125b8166ce 1.jpg","1.0","2024-10-31T09:30:57Z","fethy.faradji@infopro-digital.com"
"11/09/2026 15:51:35","Fichiers de conversation Microsoft Teams/c764f368-3e74-4510-a9ed-d3125b8166ce.jpg","1.0","2024-10-31T08:26:43Z","fethy.faradji@infopro-digital.com"
"11/09/2026 15:51:39","Fichiers de conversation Microsoft Teams/ca_print.xlsx","1.0","2022-06-21T09:28:33Z","fethy.faradji@infopro-digital.com"
"11/09/2026 15:51:41","Fichiers de conversation Microsoft Teams/ca_print.xlsx","2.0","2022-06-21T09:29:10Z","claly@etai.fr"
"11/09/2026 15:51:46","Fichiers de conversation Microsoft Teams/Candidats-Retrait-Licence-PowerBI10.csv","1.0","2026-08-27T09:57:17Z","fethy.faradji@infopro-digital.com"
"11/09/2026 15:51:51","Fichiers de conversation Microsoft Teams/Candidats-Retrait-Licence-PowerBI7.csv","1.0","2026-08-26T08:03:08Z","fethy.faradji@infopro-digital.com"
"11/09/2026 15:51:56","Fichiers de conversation Microsoft Teams/champs_sf.xlsx","1.0","2026-01-08T13:20:59Z","fethy.faradji@infopro-digital.com"
"11/09/2026 15:51:57","Fichiers de conversation Microsoft Teams/champs_sf.xlsx","2.0","2026-01-08T14:04:35Z","stephane.elguedj@etai.fr"
"11/09/2026 15:52:02","Fichiers de conversation Microsoft Teams/ChatGPT Image 8 oct. 2025, 10_04_48.png","1.0","2025-10-14T15:47:05Z","fethy.faradji@infopro-digital.com"
"11/09/2026 15:52:07","Fichiers de conversation Microsoft Teams/Classeur2.xlsx","1.0","2024-05-17T14:42:41Z","fethy.faradji@infopro-digital.com"
"11/09/2026 15:52:12","Fichiers de conversation Microsoft Teams/Classeur5.xlsx","1.0","2023-09-28T09:23:30Z","fethy.faradji@infopro-digital.com"
"11/09/2026 15:52:13","Fichiers de conversation Microsoft Teams/Classeur5.xlsx","2.0","2023-09-28T09:44:41Z","fethy.faradji@infopro-digital.com"
"11/09/2026 15:52:18","Fichiers de conversation Microsoft Teams/clpersovba.pdf","1.0","2021-03-29T12:32:22Z","fethy.faradji@infopro-digital.com"
"11/09/2026 15:52:26","Fichiers de conversation Microsoft Teams/codekw.xsl","1.0","2022-01-20T14:49:57Z","fethy.faradji@infopro-digital.com"
"11/09/2026 15:52:31","Fichiers de conversation Microsoft Teams/comparaison avant apres noannonce.xlsx","1.0","2024-03-15T11:16:09Z","fethy.faradji@infopro-digital.com"
"11/09/2026 15:52:37","Fichiers de conversation Microsoft Teams/comparaison poc_prod.xlsx","1.0","2022-08-09T09:33:03Z","fethy.faradji@infopro-digital.com"
"11/09/2026 15:52:38","Fichiers de conversation Microsoft Teams/comparaison poc_prod.xlsx","2.0","2022-08-09T14:53:26Z","claly@etai.fr"
"11/09/2026 15:52:39","Fichiers de conversation Microsoft Teams/comparaison poc_prod.xlsx","3.0","2022-08-09T14:54:55Z","claly@etai.fr"
"11/09/2026 15:52:44","Fichiers de conversation Microsoft Teams/comparatif_sim_sf.xlsx","1.0","2024-05-02T07:25:25Z","fethy.faradji@infopro-digital.com"
"11/09/2026 15:52:45","Fichiers de conversation Microsoft Teams/comparatif_sim_sf.xlsx","2.0","2024-05-02T07:29:46Z","fanny.prost@infopro-digital.com"
"11/09/2026 15:52:50","Fichiers de conversation Microsoft Teams/compte créer dans sim depuis le 09-02-2024.xlsx","1.0","2024-02-27T14:54:14Z","fethy.faradji@infopro-digital.com"
"11/09/2026 15:52:55","Fichiers de conversation Microsoft Teams/compte_a_mettre_a_jour.xlsx","1.0","2023-10-17T08:32:27Z","fethy.faradji@infopro-digital.com"
"11/09/2026 15:52:56","Fichiers de conversation Microsoft Teams/compte_a_mettre_a_jour.xlsx","2.0","2023-10-17T09:16:21Z","safa.sakly@infopro-digital.com"
"11/09/2026 15:52:57","Fichiers de conversation Microsoft Teams/compte_a_mettre_a_jour.xlsx","3.0","2023-10-17T09:35:13Z","safa.sakly@infopro-digital.com"
"11/09/2026 15:52:58","Fichiers de conversation Microsoft Teams/compte_a_mettre_a_jour.xlsx","4.0","2023-10-17T12:17:26Z","ali.dahmane@infopro-digital.com"
"11/09/2026 15:53:03","Fichiers de conversation Microsoft Teams/compte_créer_directement_dans_SIMxlsx.xlsx","1.0","2024-02-05T09:36:44Z","fethy.faradji@infopro-digital.com"
"11/09/2026 15:53:07","Fichiers de conversation Microsoft Teams/compte_prod_delta_20231016.xlsx","1.0","2023-11-17T08:42:59Z","fethy.faradji@infopro-digital.com"
"11/09/2026 15:53:13","Fichiers de conversation Microsoft Teams/compte_sans_siret.xlsx","1.0","2023-10-13T13:05:55Z","fethy.faradji@infopro-digital.com"
"11/09/2026 15:53:14","Fichiers de conversation Microsoft Teams/compte_sans_siret.xlsx","2.0","2023-10-13T13:06:17Z","sophie.ferreira@infopro-digital.com"
"11/09/2026 15:53:18","Fichiers de conversation Microsoft Teams/Contact_delta.xlsx","1.0","2023-10-10T12:21:54Z","fethy.faradji@infopro-digital.com"
"11/09/2026 15:53:24","Fichiers de conversation Microsoft Teams/Contact_PROD_V3.1.xlsx","1.0","2023-09-15T14:39:05Z","fethy.faradji@infopro-digital.com"
"11/09/2026 15:53:26","Fichiers de conversation Microsoft Teams/Contact_PROD_V3.1.xlsx","2.0","2023-09-15T14:44:17Z","fethy.faradji@infopro-digital.com"
"11/09/2026 15:53:28","Fichiers de conversation Microsoft Teams/Contact_PROD_V3.1.xlsx","3.0","2023-09-18T10:08:36Z","fethy.faradji@infopro-digital.com"
"11/09/2026 15:53:33","Fichiers de conversation Microsoft Teams/Contact_PROD_V3.xlsx","1.0","2023-09-15T13:02:12Z","fethy.faradji@infopro-digital.com"
"11/09/2026 15:53:39","Fichiers de conversation Microsoft Teams/Contact_prod_v99xlsx.xlsx","1.0","2023-09-18T10:48:18Z","fethy.faradji@infopro-digital.com"
"11/09/2026 15:53:40","Fichiers de conversation Microsoft Teams/Contact_prod_v99xlsx.xlsx","2.0","2023-09-29T12:38:26Z","sophie.ferreira@infopro-digital.com"
"11/09/2026 15:53:45","Fichiers de conversation Microsoft Teams/contacts_delta.xlsx","1.0","2023-10-10T12:28:56Z","fethy.faradji@infopro-digital.com"
"11/09/2026 15:53:46","Fichiers de conversation Microsoft Teams/contacts_delta.xlsx","2.0","2023-10-10T16:17:01Z","sophie.ferreira@infopro-digital.com"
"11/09/2026 15:53:51","Fichiers de conversation Microsoft Teams/contacts_multicomptes.txt","1.0","2023-10-06T14:58:26Z","fethy.faradji@infopro-digital.com"
"11/09/2026 15:53:57","Fichiers de conversation Microsoft Teams/Contrat_pack_the_last_one 1.xlsx","1.0","2023-11-24T08:59:16Z","fethy.faradji@infopro-digital.com"
"11/09/2026 15:53:58","Fichiers de conversation Microsoft Teams/Contrat_pack_the_last_one 1.xlsx","2.0","2023-11-24T10:48:16Z","ali.dahmane@infopro-digital.com"
"11/09/2026 15:54:03","Fichiers de conversation Microsoft Teams/Contrat_pack_the_last_one.xlsx","1.0","2023-11-24T08:58:41Z","fethy.faradji@infopro-digital.com"
"11/09/2026 15:54:07","Fichiers de conversation Microsoft Teams/controle_trigger_intervenant.sql","1.0","2023-03-16T10:22:45Z","fethy.faradji@infopro-digital.com"
"11/09/2026 15:54:12","Fichiers de conversation Microsoft Teams/Copie de compte_créés_directement_dans_SIM_Kepler_fev_2024 (Enregistré automatiquement).xlsx","1.0","2024-03-22T10:25:40Z","fethy.faradji@infopro-digital.com"
"11/09/2026 15:54:15","Fichiers de conversation Microsoft Teams/Copie de compte_créés_directement_dans_SIM_Kepler_fev_2024 (Enregistré automatiquement).xlsx","2.0","2024-03-22T10:25:56Z","fethy.faradji@infopro-digital.com"
"11/09/2026 15:54:19","Fichiers de conversation Microsoft Teams/Copie de publications_brute.xlsx","1.0","2024-05-22T13:22:38Z","fethy.faradji@infopro-digital.com"
"11/09/2026 15:54:25","Fichiers de conversation Microsoft Teams/copie_de_fichier.ps1.txt","1.0","2025-08-08T09:25:18Z","fethy.faradji@infopro-digital.com"
"11/09/2026 15:54:30","Fichiers de conversation Microsoft Teams/CopieOneDrive3.ps1","1.0","2026-08-04T14:09:23Z","fethy.faradji@infopro-digital.com"
"11/09/2026 15:54:35","Fichiers de conversation Microsoft Teams/corespondance FNS-FNSIMPLE.zip","1.0","2022-01-20T09:53:04Z","fethy.faradji@infopro-digital.com"
"11/09/2026 15:54:40","Fichiers de conversation Microsoft Teams/correction_semaine.sql","1.0","2023-01-19T08:43:08Z","fethy.faradji@infopro-digital.com"
"11/09/2026 15:54:45","Fichiers de conversation Microsoft Teams/CP_00.xlsx","1.0","2023-11-22T09:10:07Z","fethy.faradji@infopro-digital.com"
"11/09/2026 15:54:47","Fichiers de conversation Microsoft Teams/CP_00.xlsx","2.0","2023-11-22T09:11:13Z","sophie.ferreira@infopro-digital.com"
"11/09/2026 15:54:51","Fichiers de conversation Microsoft Teams/CPV.xsd","1.0","2022-01-06T17:19:16Z","fethy.faradji@infopro-digital.com"
"11/09/2026 15:54:57","Fichiers de conversation Microsoft Teams/CreaModifAD.zip","1.0","2026-09-04T12:21:39Z","fethy.faradji@infopro-digital.com"
"11/09/2026 15:55:04","Fichiers de conversation Microsoft Teams/create clean_table.sql","1.0","2023-06-02T09:56:34Z","fethy.faradji@infopro-digital.com"
"11/09/2026 15:55:09","Fichiers de conversation Microsoft Teams/create_view 1.sql","1.0","2024-09-26T14:54:59Z","fethy.faradji@infopro-digital.com"
"11/09/2026 15:55:14","Fichiers de conversation Microsoft Teams/create_view.sql","1.0","2024-09-26T13:23:28Z","fethy.faradji@infopro-digital.com"
"11/09/2026 15:55:18","Fichiers de conversation Microsoft Teams/creation_table_temporaire.sql","1.0","2024-06-07T12:19:47Z","fethy.faradji@infopro-digital.com"
"11/09/2026 15:55:23","Fichiers de conversation Microsoft Teams/CV Fethi FARADJI.docx","1.0","2023-10-27T08:19:44Z","fethy.faradji@infopro-digital.com"
"11/09/2026 15:55:28","Fichiers de conversation Microsoft Teams/D100114.doc","1.0","2022-12-02T13:40:40Z","fethy.faradji@infopro-digital.com"
"11/09/2026 15:55:33","Fichiers de conversation Microsoft Teams/D100117.doc","1.0","2022-12-02T13:41:53Z","fethy.faradji@infopro-digital.com"
"11/09/2026 15:55:38","Fichiers de conversation Microsoft Teams/D100123.doc","1.0","2022-12-09T09:45:29Z","fethy.faradji@infopro-digital.com"
"11/09/2026 15:55:43","Fichiers de conversation Microsoft Teams/D100124.doc","1.0","2022-12-09T10:28:23Z","fethy.faradji@infopro-digital.com"
"11/09/2026 15:55:48","Fichiers de conversation Microsoft Teams/D43028.docx","1.0","2022-12-02T13:04:00Z","fethy.faradji@infopro-digital.com"
"11/09/2026 15:55:52","Fichiers de conversation Microsoft Teams/D43028.xml","1.0","2022-12-02T13:04:00Z","fethy.faradji@infopro-digital.com"
"11/09/2026 15:55:57","Fichiers de conversation Microsoft Teams/D43031.doc","1.0","2022-12-02T13:04:00Z","fethy.faradji@infopro-digital.com"
"11/09/2026 15:56:02","Fichiers de conversation Microsoft Teams/D43031.xml","1.0","2022-12-02T13:04:00Z","fethy.faradji@infopro-digital.com"
"11/09/2026 15:56:07","Fichiers de conversation Microsoft Teams/D43035.doc","1.0","2022-12-02T13:04:00Z","fethy.faradji@infopro-digital.com"
"11/09/2026 15:56:12","Fichiers de conversation Microsoft Teams/D43035.xml","1.0","2022-12-02T13:04:01Z","fethy.faradji@infopro-digital.com"
"11/09/2026 15:56:17","Fichiers de conversation Microsoft Teams/dans sim mais pas dans BIM update since 2020-01-01.csv","1.0","2023-08-11T09:47:11Z","fethy.faradji@infopro-digital.com"
"11/09/2026 15:56:22","Fichiers de conversation Microsoft Teams/Date.xlsx","1.0","2022-08-29T13:16:41Z","fethy.faradji@infopro-digital.com"
"11/09/2026 15:56:27","Fichiers de conversation Microsoft Teams/date_creation_contrat_pack.xlsx","1.0","2023-11-07T15:25:55Z","fethy.faradji@infopro-digital.com"
"11/09/2026 15:56:28","Fichiers de conversation Microsoft Teams/date_creation_contrat_pack.xlsx","2.0","2023-11-07T15:26:37Z","fethy.faradji@infopro-digital.com"
"11/09/2026 15:56:33","Fichiers de conversation Microsoft Teams/ddl_module_de_pub.sql","1.0","2025-06-30T08:02:59Z","fethy.faradji@infopro-digital.com"
"11/09/2026 15:56:37","Fichiers de conversation Microsoft Teams/debug fac.sql","1.0","2026-02-25T10:21:30Z","fethy.faradji@infopro-digital.com"
"11/09/2026 15:56:42","Fichiers de conversation Microsoft Teams/DecouverteDesFichers.ps1","1.0","2026-07-08T15:21:07Z","fethy.faradji@infopro-digital.com"
"11/09/2026 15:56:47","Fichiers de conversation Microsoft Teams/DEF_AO_SIMX07092023071553.rar","1.0","2023-09-07T07:28:03Z","fethy.faradji@infopro-digital.com"
"11/09/2026 15:56:52","Fichiers de conversation Microsoft Teams/DEF_AO_SIMX07092023072027.rar","1.0","2023-09-07T07:28:01Z","fethy.faradji@infopro-digital.com"
"11/09/2026 15:56:57","Fichiers de conversation Microsoft Teams/DEF_RETOUR_MONIMAIL16022024160340.rar","1.0","2024-02-16T15:15:16Z","fethy.faradji@infopro-digital.com"
"11/09/2026 15:57:06","Fichiers de conversation Microsoft Teams/delete_avis__c.csv","1.0","2024-10-29T14:26:25Z","fethy.faradji@infopro-digital.com"
"11/09/2026 15:57:11","Fichiers de conversation Microsoft Teams/Delta_ownerid.xlsx","1.0","2023-10-19T09:11:59Z","fethy.faradji@infopro-digital.com"
"11/09/2026 15:57:12","Fichiers de conversation Microsoft Teams/Delta_ownerid.xlsx","2.0","2023-10-19T09:12:57Z","sophie.ferreira@infopro-digital.com"
"11/09/2026 15:57:13","Fichiers de conversation Microsoft Teams/Delta_ownerid.xlsx","3.0","2023-10-19T09:14:06Z","safa.sakly@infopro-digital.com"
"11/09/2026 15:57:14","Fichiers de conversation Microsoft Teams/Delta_ownerid.xlsx","4.0","2023-10-19T09:31:05Z","safa.sakly@infopro-digital.com"
"11/09/2026 15:57:15","Fichiers de conversation Microsoft Teams/Delta_ownerid.xlsx","5.0","2023-10-23T08:29:23Z","sophie.ferreira@infopro-digital.com"
"11/09/2026 15:57:20","Fichiers de conversation Microsoft Teams/Demandes (1).csv","1.0","2026-04-29T07:41:18Z","fethy.faradji@infopro-digital.com"
"11/09/2026 15:57:25","Fichiers de conversation Microsoft Teams/Demandes (2).csv.gz","1.0","2026-04-29T07:41:20Z","fethy.faradji@infopro-digital.com"
"11/09/2026 15:57:30","Fichiers de conversation Microsoft Teams/departement jal.xls","1.0","2022-01-04T11:00:34Z","fethy.faradji@infopro-digital.com"
"11/09/2026 15:57:35","Fichiers de conversation Microsoft Teams/departement JAL.xlsx","1.0","2024-05-06T10:02:40Z","fethy.faradji@infopro-digital.com"
"11/09/2026 15:57:40","Fichiers de conversation Microsoft Teams/DEX SIM_SIMNET_GAM.docx","1.0","2024-03-20T16:14:31Z","fethy.faradji@infopro-digital.com"
"11/09/2026 15:57:45","Fichiers de conversation Microsoft Teams/diagramme jacky mais en plus beau.png","1.0","2021-12-07T16:44:46Z","fethy.faradji@infopro-digital.com"
"11/09/2026 15:57:51","Fichiers de conversation Microsoft Teams/dim_abonnement_SF.sql","1.0","2023-02-23T14:04:03Z","fethy.faradji@infopro-digital.com"
"11/09/2026 15:57:56","Fichiers de conversation Microsoft Teams/DIM_support.xlsx","1.0","2024-04-02T12:09:56Z","fethy.faradji@infopro-digital.com"
"11/09/2026 15:57:58","Fichiers de conversation Microsoft Teams/DIM_support.xlsx","2.0","2024-04-10T13:15:47Z","fethy.faradji@infopro-digital.com"
"11/09/2026 15:57:59","Fichiers de conversation Microsoft Teams/DIM_support.xlsx","3.0","2024-04-11T08:05:53Z","fethy.faradji@infopro-digital.com"
"11/09/2026 15:58:04","Fichiers de conversation Microsoft Teams/directories_BEN_UK.txt","1.0","2025-08-11T08:28:59Z","fethy.faradji@infopro-digital.com"
"11/09/2026 15:58:13","Fichiers de conversation Microsoft Teams/doc paseo.zip","1.0","2022-09-08T14:30:36Z","fethy.faradji@infopro-digital.com"
"11/09/2026 15:58:20","Fichiers de conversation Microsoft Teams/documentation technique monimail (1).docx","1.0","2023-03-07T09:36:41Z","fethy.faradji@infopro-digital.com"
"11/09/2026 15:58:26","Fichiers de conversation Microsoft Teams/domains_company_map_202606241034.csv","1.0","2026-06-24T08:35:08Z","fethy.faradji@infopro-digital.com"
"11/09/2026 15:58:31","Fichiers de conversation Microsoft Teams/doublon siret.xls","1.0","2023-08-11T08:46:20Z","fethy.faradji@infopro-digital.com"
"11/09/2026 15:58:37","Fichiers de conversation Microsoft Teams/doublon_contacts.xlsx","1.0","2023-10-09T14:25:42Z","fethy.faradji@infopro-digital.com"
"11/09/2026 15:58:38","Fichiers de conversation Microsoft Teams/doublon_contacts.xlsx","2.0","2023-10-09T14:42:37Z","safa.sakly@infopro-digital.com"
"11/09/2026 15:58:39","Fichiers de conversation Microsoft Teams/doublon_contacts.xlsx","3.0","2023-10-09T14:47:08Z","fethy.faradji@infopro-digital.com"
"11/09/2026 15:58:44","Fichiers de conversation Microsoft Teams/droit_schema_svc_sim_sf.sql","1.0","2023-05-31T13:41:09Z","fethy.faradji@infopro-digital.com"
"11/09/2026 15:58:48","Fichiers de conversation Microsoft Teams/EFORMS2JOUE.zip","1.0","2023-11-28T10:23:24Z","fethy.faradji@infopro-digital.com"
"11/09/2026 15:58:57","Fichiers de conversation Microsoft Teams/Employés.csv.gz","1.0","2026-04-29T07:41:21Z","fethy.faradji@infopro-digital.com"
"11/09/2026 15:59:02","Fichiers de conversation Microsoft Teams/Enfant_Account_PROD_V3.xlsx","1.0","2023-09-15T12:29:28Z","fethy.faradji@infopro-digital.com"
"11/09/2026 15:59:03","Fichiers de conversation Microsoft Teams/Enfant_Account_PROD_V3.xlsx","2.0","2023-09-15T15:52:09Z","sophie.ferreira@infopro-digital.com"
"11/09/2026 15:59:09","Fichiers de conversation Microsoft Teams/Enfants_Account_PROD_ss_siret_V2.xlsx","1.0","2023-09-18T13:19:59Z","fethy.faradji@infopro-digital.com"
"11/09/2026 15:59:10","Fichiers de conversation Microsoft Teams/Enfants_Account_PROD_ss_siret_V2.xlsx","2.0","2023-09-18T13:54:05Z","safa.sakly@infopro-digital.com"
"11/09/2026 15:59:16","Fichiers de conversation Microsoft Teams/enTete_GISI.eps","1.0","2024-07-31T07:15:04Z","fethy.faradji@infopro-digital.com"
"11/09/2026 15:59:22","Fichiers de conversation Microsoft Teams/enTete_GroupeMoniteur.eps","1.0","2024-07-31T07:09:54Z","fethy.faradji@infopro-digital.com"
"11/09/2026 15:59:27","Fichiers de conversation Microsoft Teams/enTete_GroupeMoniteur_old.eps","1.0","2024-07-31T07:09:54Z","fethy.faradji@infopro-digital.com"
"11/09/2026 15:59:33","Fichiers de conversation Microsoft Teams/erreur_facture.xls","1.0","2024-10-23T07:25:55Z","fethy.faradji@infopro-digital.com"
"11/09/2026 15:59:39","Fichiers de conversation Microsoft Teams/etat des lieux AD 1.xlsx","1.0","2025-12-12T10:32:30Z","fethy.faradji@infopro-digital.com"
"11/09/2026 15:59:43","Fichiers de conversation Microsoft Teams/etat des lieux AD.xlsx","1.0","2025-12-12T10:31:19Z","fethy.faradji@infopro-digital.com"
"11/09/2026 15:59:48","Fichiers de conversation Microsoft Teams/état_des_lieu_perimètre_mol 1.xlsx","1.0","2024-03-07T10:03:27Z","fethy.faradji@infopro-digital.com"
"11/09/2026 15:59:54","Fichiers de conversation Microsoft Teams/état_des_lieu_perimètre_mol 2.xlsx","1.0","2024-03-07T10:07:00Z","fethy.faradji@infopro-digital.com"
"11/09/2026 15:59:55","Fichiers de conversation Microsoft Teams/état_des_lieu_perimètre_mol 2.xlsx","2.0","2024-03-07T10:41:04Z","ferial.rekima@infopro-digital.com"
"11/09/2026 16:00:00","Fichiers de conversation Microsoft Teams/état_des_lieu_perimètre_mol.xlsx","1.0","2024-03-07T09:48:41Z","fethy.faradji@infopro-digital.com"
"11/09/2026 16:00:02","Fichiers de conversation Microsoft Teams/état_des_lieu_perimètre_mol.xlsx","2.0","2024-03-07T10:01:38Z","cecile.guthmann@infopro-digital.com"
"11/09/2026 16:00:08","Fichiers de conversation Microsoft Teams/Evenement_V3.1.xlsx","1.0","2023-09-15T15:45:05Z","fethy.faradji@infopro-digital.com"
"11/09/2026 16:00:15","Fichiers de conversation Microsoft Teams/Evenement_V3.2.xlsx","1.0","2023-09-15T15:57:51Z","fethy.faradji@infopro-digital.com"
"11/09/2026 16:00:20","Fichiers de conversation Microsoft Teams/Evenement_V3.xlsx","1.0","2023-09-15T15:32:49Z","fethy.faradji@infopro-digital.com"
"11/09/2026 16:00:25","Fichiers de conversation Microsoft Teams/events.xlsx","1.0","2023-09-15T16:15:27Z","fethy.faradji@infopro-digital.com"
"11/09/2026 16:00:27","Fichiers de conversation Microsoft Teams/events.xlsx","2.0","2023-09-15T16:22:40Z","fethy.faradji@infopro-digital.com"
"11/09/2026 16:00:28","Fichiers de conversation Microsoft Teams/events.xlsx","3.0","2023-09-15T16:45:19Z","fethy.faradji@infopro-digital.com"
"11/09/2026 16:00:29","Fichiers de conversation Microsoft Teams/events.xlsx","4.0","2023-09-18T09:29:07Z","fethy.faradji@infopro-digital.com"
"11/09/2026 16:00:35","Fichiers de conversation Microsoft Teams/exemple_avis_pub_SF.xlsx","1.0","2024-06-13T12:20:51Z","fethy.faradji@infopro-digital.com"
"11/09/2026 16:00:42","Fichiers de conversation Microsoft Teams/export oracle.zip","1.0","2025-01-23T14:56:23Z","fethy.faradji@infopro-digital.com"
"11/09/2026 16:00:49","Fichiers de conversation Microsoft Teams/export.xlsx","1.0","2026-01-21T15:47:45Z","fethy.faradji@infopro-digital.com"
"11/09/2026 16:00:54","Fichiers de conversation Microsoft Teams/export_avis 1.xlsx","1.0","2025-11-21T08:30:19Z","fethy.faradji@infopro-digital.com"
"11/09/2026 16:01:00","Fichiers de conversation Microsoft Teams/export_avis.xlsx","1.0","2025-11-20T15:26:02Z","fethy.faradji@infopro-digital.com"
"11/09/2026 16:01:06","Fichiers de conversation Microsoft Teams/export_licences.xlsx","1.0","2025-11-14T14:21:19Z","fethy.faradji@infopro-digital.com"
"11/09/2026 16:01:09","Fichiers de conversation Microsoft Teams/export_licences.xlsx","2.0","2025-11-14T14:57:32Z","collin.roume@infopro-digital.com"
"11/09/2026 16:01:10","Fichiers de conversation Microsoft Teams/export_licences.xlsx","3.0","2025-11-14T15:55:24Z","collin.roume@infopro-digital.com"
"11/09/2026 16:01:12","Fichiers de conversation Microsoft Teams/export_licences.xlsx","4.0","2025-11-14T16:12:40Z","collin.roume@infopro-digital.com"
"11/09/2026 16:01:13","Fichiers de conversation Microsoft Teams/export_licences.xlsx","5.0","2025-11-14T16:15:54Z","collin.roume@infopro-digital.com"
"11/09/2026 16:01:18","Fichiers de conversation Microsoft Teams/export_test.xlsx","1.0","2024-06-18T14:14:46Z","fethy.faradji@infopro-digital.com"
"11/09/2026 16:01:19","Fichiers de conversation Microsoft Teams/export_test.xlsx","2.0","2024-07-03T14:56:15Z","yosra.mabrouki@infopro-digital.com"
"11/09/2026 16:01:25","Fichiers de conversation Microsoft Teams/EXPORT_user_bu.csv","1.0","2026-06-11T14:15:52Z","fethy.faradji@infopro-digital.com"
"11/09/2026 16:01:30","Fichiers de conversation Microsoft Teams/ExportWeb_20230927 10-34-17.xml","1.0","2023-10-09T12:58:28Z","fethy.faradji@infopro-digital.com"
"11/09/2026 16:01:36","Fichiers de conversation Microsoft Teams/ExportWeb_20230929 04-18-21.xml","1.0","2023-10-09T12:58:28Z","fethy.faradji@infopro-digital.com"
"11/09/2026 16:01:41","Fichiers de conversation Microsoft Teams/ExportWeb_20230929 11-18-32.xml","1.0","2023-10-09T12:58:28Z","fethy.faradji@infopro-digital.com"
"11/09/2026 16:01:47","Fichiers de conversation Microsoft Teams/ExportWeb_20230929 11-44-02.xml","1.0","2023-10-09T12:58:28Z","fethy.faradji@infopro-digital.com"
"11/09/2026 16:01:52","Fichiers de conversation Microsoft Teams/ExportWeb_20230929 11-58-28.xml","1.0","2023-10-09T12:58:28Z","fethy.faradji@infopro-digital.com"
"11/09/2026 16:01:58","Fichiers de conversation Microsoft Teams/ExportWeb_20231003 01-25-27.xml","1.0","2023-10-09T12:58:28Z","fethy.faradji@infopro-digital.com"
"11/09/2026 16:02:03","Fichiers de conversation Microsoft Teams/ExportWeb_20231003 01-41-41.xml","1.0","2023-10-09T12:58:28Z","fethy.faradji@infopro-digital.com"
"11/09/2026 16:02:08","Fichiers de conversation Microsoft Teams/ExportWeb_20231006 12-29-15.xml","1.0","2023-10-09T12:58:28Z","fethy.faradji@infopro-digital.com"
"11/09/2026 16:02:14","Fichiers de conversation Microsoft Teams/Expression de besoin controle sur la data Entra.docx","1.0","2025-09-15T15:15:11Z","fethy.faradji@infopro-digital.com"
"11/09/2026 16:02:15","Fichiers de conversation Microsoft Teams/Expression de besoin controle sur la data Entra.docx","2.0","2025-09-15T15:18:42Z","jacky.kwiatkowski@infopro-digital.com"
"11/09/2026 16:02:20","Fichiers de conversation Microsoft Teams/Expression de Besoin sécurisation de creamodifad.docx","1.0","2025-09-19T12:54:05Z","fethy.faradji@infopro-digital.com"
"11/09/2026 16:02:26","Fichiers de conversation Microsoft Teams/extract_01_controle_intranet.xlsx","1.0","2025-09-18T14:03:20Z","fethy.faradji@infopro-digital.com"
"11/09/2026 16:02:27","Fichiers de conversation Microsoft Teams/extract_01_controle_intranet.xlsx","2.0","2025-09-18T14:11:17Z","eve.degrave@infopro-digital.com"
"11/09/2026 16:02:29","Fichiers de conversation Microsoft Teams/extract_01_controle_intranet.xlsx","3.0","2025-09-22T07:31:20Z","eve.degrave@infopro-digital.com"
"11/09/2026 16:02:30","Fichiers de conversation Microsoft Teams/extract_01_controle_intranet.xlsx","4.0","2025-09-22T08:02:09Z","eve.degrave@infopro-digital.com"
"11/09/2026 16:02:31","Fichiers de conversation Microsoft Teams/extract_01_controle_intranet.xlsx","5.0","2025-09-25T09:07:31Z","eve.degrave@infopro-digital.com"
"11/09/2026 16:02:37","Fichiers de conversation Microsoft Teams/ExtractionAD-INFO.ps1","1.0","2025-04-17T15:13:21Z","fethy.faradji@infopro-digital.com"
"11/09/2026 16:02:42","Fichiers de conversation Microsoft Teams/fact_pub_test.csv","1.0","2024-06-19T15:41:56Z","fethy.faradji@infopro-digital.com"
"11/09/2026 16:02:48","Fichiers de conversation Microsoft Teams/Facturation au caractere v4.zip","1.0","2022-01-05T13:18:23Z","fethy.faradji@infopro-digital.com"
"11/09/2026 16:02:53","Fichiers de conversation Microsoft Teams/facturation Juillet 2021 a changer.xlsx","1.0","2021-09-14T10:07:04Z","fethy.faradji@infopro-digital.com"
"11/09/2026 16:02:55","Fichiers de conversation Microsoft Teams/facturation Juillet 2021 a changer.xlsx","2.0","2021-09-14T10:08:12Z","emmanuelle.briere@infopro-digital.com"
"11/09/2026 16:02:56","Fichiers de conversation Microsoft Teams/facturation Juillet 2021 a changer.xlsx","3.0","2021-09-14T10:11:20Z","emmanuelle.briere@infopro-digital.com"
"11/09/2026 16:03:00","Fichiers de conversation Microsoft Teams/Facturation_abo.xlsx","1.0","2023-09-21T07:44:32Z","fethy.faradji@infopro-digital.com"
"11/09/2026 16:03:02","Fichiers de conversation Microsoft Teams/Facturation_abo.xlsx","2.0","2023-09-21T07:45:30Z","safa.sakly@infopro-digital.com"
"11/09/2026 16:03:07","Fichiers de conversation Microsoft Teams/Facture_enTete.eps","1.0","2024-07-31T07:15:04Z","fethy.faradji@infopro-digital.com"
"11/09/2026 16:03:12","Fichiers de conversation Microsoft Teams/Facture_piedPage.eps","1.0","2024-07-31T07:15:04Z","fethy.faradji@infopro-digital.com"
"11/09/2026 16:03:18","Fichiers de conversation Microsoft Teams/FactureConfig.txt","1.0","2021-06-30T13:21:46Z","fethy.faradji@infopro-digital.com"
"11/09/2026 16:03:23","Fichiers de conversation Microsoft Teams/FAIT_AVIS_AO_AM et SF.txt","1.0","2022-10-07T09:40:26Z","fethy.faradji@infopro-digital.com"
"11/09/2026 16:03:28","Fichiers de conversation Microsoft Teams/fethiGates -partie Sharepoint.docx","1.0","2026-03-27T15:08:07Z","fethy.faradji@infopro-digital.com"
"11/09/2026 16:03:33","Fichiers de conversation Microsoft Teams/fethy.faradji.zip","1.0","2024-02-26T10:10:05Z","fethy.faradji@infopro-digital.com"
"11/09/2026 16:03:45","Fichiers de conversation Microsoft Teams/fichier_pourrie.xlsx","1.0","2025-01-24T11:04:00Z","fethy.faradji@infopro-digital.com"
"11/09/2026 16:03:50","Fichiers de conversation Microsoft Teams/fix_vu_en_erreur.sql","1.0","2022-05-18T14:34:19Z","fethy.faradji@infopro-digital.com"
"11/09/2026 16:03:56","Fichiers de conversation Microsoft Teams/flux_depuis_grmuzssimp002.xlsx","1.0","2024-04-10T14:58:36Z","fethy.faradji@infopro-digital.com"
"11/09/2026 16:03:57","Fichiers de conversation Microsoft Teams/flux_depuis_grmuzssimp002.xlsx","2.0","2024-04-10T15:03:25Z","nicolas.panier@infopro-digital.com"
"11/09/2026 16:04:02","Fichiers de conversation Microsoft Teams/FluxUnitaire-5_Generation_unitaire_ZIP_MOL_SIMX.docx","1.0","2022-04-28T13:03:02Z","fethy.faradji@infopro-digital.com"
"11/09/2026 16:04:05","Fichiers de conversation Microsoft Teams/FluxUnitaire-5_Generation_unitaire_ZIP_MOL_SIMX.docx","2.0","2022-04-28T14:17:43Z","fethy.faradji@infopro-digital.com"
"11/09/2026 16:04:06","Fichiers de conversation Microsoft Teams/FluxUnitaire-5_Generation_unitaire_ZIP_MOL_SIMX.docx","3.0","2022-04-28T14:26:08Z","fethy.faradji@infopro-digital.com"
"11/09/2026 16:04:11","Fichiers de conversation Microsoft Teams/FLX-SecurisationSIM.xlsx","1.0","2023-10-20T12:26:36Z","fethy.faradji@infopro-digital.com"
"11/09/2026 16:04:13","Fichiers de conversation Microsoft Teams/FLX-SecurisationSIM.xlsx","2.0","2023-10-20T12:37:14Z","claly@etai.fr"
"11/09/2026 16:04:17","Fichiers de conversation Microsoft Teams/font_MOL.png","1.0","2025-09-11T08:46:10Z","fethy.faradji@infopro-digital.com"
"11/09/2026 16:04:22","Fichiers de conversation Microsoft Teams/ForcePoint VPN avec MFA et Windows (ATY).pdf","1.0","2024-07-03T07:38:46Z","fethy.faradji@infopro-digital.com"
"11/09/2026 16:04:27","Fichiers de conversation Microsoft Teams/forfait_a_zero.xls","1.0","2021-12-13T13:48:09Z","fethy.faradji@infopro-digital.com"
"11/09/2026 16:04:32","Fichiers de conversation Microsoft Teams/Formulaire de demande de télétravail.pdf","1.0","2026-02-11T13:08:16Z","fethy.faradji@infopro-digital.com"
"11/09/2026 16:04:37","Fichiers de conversation Microsoft Teams/FR_FRIPD_FARADJI_FETHI_EA_2022_P1008078.pdf","1.0","2023-03-13T13:12:49Z","fethy.faradji@infopro-digital.com"
"11/09/2026 16:04:42","Fichiers de conversation Microsoft Teams/G2M.BIM.CLG.dtsx","1.0","2022-05-25T09:16:20Z","fethy.faradji@infopro-digital.com"
"11/09/2026 16:04:47","Fichiers de conversation Microsoft Teams/G2M.BIM.DW_DM.DDB.dtsx","1.0","2022-02-11T10:25:08Z","fethy.faradji@infopro-digital.com"
"11/09/2026 16:04:52","Fichiers de conversation Microsoft Teams/G2M.BIM.DW_DM.ImportAO.dtsx","1.0","2022-02-23T10:41:29Z","fethy.faradji@infopro-digital.com"
"11/09/2026 16:04:56","Fichiers de conversation Microsoft Teams/G2M.BIM.SIM_DW.ImportABO.dtsx","1.0","2022-03-11T10:28:28Z","fethy.faradji@infopro-digital.com"
"11/09/2026 16:05:02","Fichiers de conversation Microsoft Teams/G2M.BIM.SIM_DW.ImportAM.dtsx","1.0","2022-05-20T09:07:32Z","fethy.faradji@infopro-digital.com"
"11/09/2026 16:05:07","Fichiers de conversation Microsoft Teams/G2M.BIM.SIM_DW.ImportAO.dtsx","1.0","2022-01-13T14:02:36Z","fethy.faradji@infopro-digital.com"
"11/09/2026 16:05:08","Fichiers de conversation Microsoft Teams/G2M.BIM.SIM_DW.ImportAO.dtsx","2.0","2022-05-20T09:07:35Z","fethy.faradji@infopro-digital.com"
"11/09/2026 16:05:13","Fichiers de conversation Microsoft Teams/Gestion des prêts.csv.gz","1.0","2026-04-29T07:41:19Z","fethy.faradji@infopro-digital.com"
"11/09/2026 16:05:18","Fichiers de conversation Microsoft Teams/Gestion des réparations.csv.gz","1.0","2026-04-29T07:41:19Z","fethy.faradji@infopro-digital.com"
"11/09/2026 16:05:23","Fichiers de conversation Microsoft Teams/Gestionnaire des tâches 2022-06-28 14-15-45.mp4","1.0","2022-06-29T07:47:36Z","fethy.faradji@infopro-digital.com"
"11/09/2026 16:05:26","Fichiers de conversation Microsoft Teams/Gestionnaire des tâches 2022-06-28 14-15-45.mp4","2.0","2022-07-01T14:32:27Z","fethy.faradji@infopro-digital.com"
"11/09/2026 16:05:33","Fichiers de conversation Microsoft Teams/get_applications__rights_azure.ps1","1.0","2025-12-11T09:55:37Z","fethy.faradji@infopro-digital.com"
"11/09/2026 16:05:39","Fichiers de conversation Microsoft Teams/get_applications_azure.ps1","1.0","2025-12-11T09:55:37Z","fethy.faradji@infopro-digital.com"
"11/09/2026 16:05:43","Fichiers de conversation Microsoft Teams/get_applications_Tags_azure.ps1","1.0","2025-12-11T09:55:37Z","fethy.faradji@infopro-digital.com"
"11/09/2026 16:05:48","Fichiers de conversation Microsoft Teams/get_applications_Users_azure.ps1","1.0","2025-12-11T09:55:38Z","fethy.faradji@infopro-digital.com"
"11/09/2026 16:05:54","Fichiers de conversation Microsoft Teams/GIPA.xlsx","1.0","2026-07-28T12:09:38Z","fethy.faradji@infopro-digital.com"
"11/09/2026 16:05:55","Fichiers de conversation Microsoft Teams/GIPA.xlsx","2.0","2026-07-28T12:15:59Z","fethy.faradji@infopro-digital.com"
"11/09/2026 16:05:56","Fichiers de conversation Microsoft Teams/GIPA.xlsx","3.0","2026-07-28T15:48:30Z","marc.crauffon@infopro-digital.com"
"11/09/2026 16:06:01","Fichiers de conversation Microsoft Teams/GM.SIM.configuration.global.xsl","1.0","2023-03-27T12:24:50Z","fethy.faradji@infopro-digital.com"
"11/09/2026 16:06:07","Fichiers de conversation Microsoft Teams/Graphique et table.xlsx","1.0","2025-02-25T09:24:24Z","fethy.faradji@infopro-digital.com"
"11/09/2026 16:06:12","Fichiers de conversation Microsoft Teams/grille tarifaire.xls","1.0","2022-04-25T10:58:02Z","fethy.faradji@infopro-digital.com"
"11/09/2026 16:06:17","Fichiers de conversation Microsoft Teams/Guide référence Builder.pdf","1.0","2021-09-07T13:40:11Z","fethy.faradji@infopro-digital.com"
"11/09/2026 16:06:22","Fichiers de conversation Microsoft Teams/Guide référence Cockpit.pdf","1.0","2021-09-07T13:40:12Z","fethy.faradji@infopro-digital.com"
"11/09/2026 16:06:28","Fichiers de conversation Microsoft Teams/Hyperforce IPs to Allowlist 2023-11-30 1.csv","1.0","2024-02-27T11:51:44Z","fethy.faradji@infopro-digital.com"
"11/09/2026 16:06:33","Fichiers de conversation Microsoft Teams/Hyperforce IPs to Allowlist 2023-11-30.csv","1.0","2024-02-27T11:24:53Z","fethy.faradji@infopro-digital.com"
"11/09/2026 16:06:38","Fichiers de conversation Microsoft Teams/icones.zip","1.0","2024-10-15T15:13:42Z","fethy.faradji@infopro-digital.com"
"11/09/2026 16:06:44","Fichiers de conversation Microsoft Teams/IE Tab.rar","1.0","2024-02-07T13:41:06Z","fethy.faradji@infopro-digital.com"
"11/09/2026 16:06:49","Fichiers de conversation Microsoft Teams/ietabhelper (11).exe","1.0","2023-06-23T09:04:45Z","fethy.faradji@infopro-digital.com"
"11/09/2026 16:06:54","Fichiers de conversation Microsoft Teams/Import SIM_semaine_numero mag_cloture 2025.xlsx","1.0","2025-12-10T15:33:13Z","fethy.faradji@infopro-digital.com"
"11/09/2026 16:06:59","Fichiers de conversation Microsoft Teams/Insert Errors Avis__c 14-10-2025.txt","1.0","2025-10-14T15:46:49Z","fethy.faradji@infopro-digital.com"
"11/09/2026 16:07:04","Fichiers de conversation Microsoft Teams/Insert Errors Consommation_UP__c 01-02-2024.txt","1.0","2024-02-01T14:26:45Z","fethy.faradji@infopro-digital.com"
"11/09/2026 16:07:09","Fichiers de conversation Microsoft Teams/Insert Errors Consommation_UP__c 22-04-2024.txt","1.0","2024-04-22T13:59:06Z","fethy.faradji@infopro-digital.com"
"11/09/2026 16:07:14","Fichiers de conversation Microsoft Teams/Insert Ok Consommation_UP__c 19-04-2024.txt","1.0","2024-04-22T14:17:48Z","fethy.faradji@infopro-digital.com"
"11/09/2026 16:07:19","Fichiers de conversation Microsoft Teams/insertrrimcsim (1).log","1.0","2022-03-21T16:37:46Z","fethy.faradji@infopro-digital.com"
"11/09/2026 16:07:24","Fichiers de conversation Microsoft Teams/insertrrimcsim (1).txt","1.0","2022-03-21T13:07:33Z","fethy.faradji@infopro-digital.com"
"11/09/2026 16:07:29","Fichiers de conversation Microsoft Teams/insertrrimcsim.log","1.0","2022-03-21T16:37:46Z","fethy.faradji@infopro-digital.com"
"11/09/2026 16:07:35","Fichiers de conversation Microsoft Teams/intcod créer dans saleforces.xlsx","1.0","2023-12-11T13:49:22Z","fethy.faradji@infopro-digital.com"
"11/09/2026 16:07:37","Fichiers de conversation Microsoft Teams/intcod créer dans saleforces.xlsx","2.0","2023-12-11T13:50:37Z","stephane.elguedj@etai.fr"
"11/09/2026 16:07:38","Fichiers de conversation Microsoft Teams/intcod créer dans saleforces.xlsx","3.0","2023-12-12T15:40:12Z","fethy.faradji@infopro-digital.com"
"11/09/2026 16:07:39","Fichiers de conversation Microsoft Teams/intcod créer dans saleforces.xlsx","4.0","2023-12-12T15:51:42Z","fethy.faradji@infopro-digital.com"
"11/09/2026 16:07:45","Fichiers de conversation Microsoft Teams/Integration.zip","1.0","2022-01-12T09:10:11Z","fethy.faradji@infopro-digital.com"
"11/09/2026 16:07:47","Fichiers de conversation Microsoft Teams/Integration.zip","2.0","2022-01-12T16:26:17Z","fethy.faradji@infopro-digital.com"
"11/09/2026 16:07:48","Fichiers de conversation Microsoft Teams/Integration.zip","3.0","2022-01-18T10:29:24Z","fethy.faradji@infopro-digital.com"
"11/09/2026 16:07:49","Fichiers de conversation Microsoft Teams/Integration.zip","4.0","2022-01-18T14:18:15Z","fethy.faradji@infopro-digital.com"
"11/09/2026 16:07:51","Fichiers de conversation Microsoft Teams/Integration.zip","5.0","2023-03-24T09:53:24Z","fethy.faradji@infopro-digital.com"
"11/09/2026 16:07:57","Fichiers de conversation Microsoft Teams/INTERV_VPLUS.zip","1.0","2021-12-06T13:38:06Z","fethy.faradji@infopro-digital.com"
"11/09/2026 16:08:04","Fichiers de conversation Microsoft Teams/interv-sim-avec-siret.xls","1.0","2021-12-17T14:45:45Z","fethy.faradji@infopro-digital.com"
"11/09/2026 16:08:10","Fichiers de conversation Microsoft Teams/Inventaire (1).csv.gz","1.0","2026-04-29T07:41:19Z","fethy.faradji@infopro-digital.com"
"11/09/2026 16:08:15","Fichiers de conversation Microsoft Teams/Jerome - actions tous les matins.docx","1.0","2022-05-10T15:14:40Z","fethy.faradji@infopro-digital.com"
"11/09/2026 16:08:21","Fichiers de conversation Microsoft Teams/jo_boamp.xsd","1.0","2022-01-06T17:19:15Z","fethy.faradji@infopro-digital.com"
"11/09/2026 16:08:27","Fichiers de conversation Microsoft Teams/jo_types.xsd","1.0","2022-01-06T17:19:15Z","fethy.faradji@infopro-digital.com"
"11/09/2026 16:08:33","Fichiers de conversation Microsoft Teams/JOUE.zip","1.0","2022-08-23T13:36:24Z","fethy.faradji@infopro-digital.com"
"11/09/2026 16:08:41","Fichiers de conversation Microsoft Teams/la BOAMP V+.jpg","1.0","2021-11-03T13:50:57Z","fethy.faradji@infopro-digital.com"
"11/09/2026 16:08:47","Fichiers de conversation Microsoft Teams/la requete magique.txt","1.0","2021-12-21T17:16:41Z","fethy.faradji@infopro-digital.com"
"11/09/2026 16:08:49","Fichiers de conversation Microsoft Teams/la requete magique.txt","2.0","2021-12-21T17:31:02Z","fethy.faradji@infopro-digital.com"
"11/09/2026 16:08:54","Fichiers de conversation Microsoft Teams/lance_explorer_simadm.bat","1.0","2023-10-04T15:04:16Z","fethy.faradji@infopro-digital.com"
"11/09/2026 16:08:56","Fichiers de conversation Microsoft Teams/lance_explorer_simadm.bat","2.0","2023-10-04T15:04:58Z","fethy.faradji@infopro-digital.com"
"11/09/2026 16:09:01","Fichiers de conversation Microsoft Teams/le_script.sql","1.0","2024-06-19T13:13:06Z","fethy.faradji@infopro-digital.com"
"11/09/2026 16:09:07","Fichiers de conversation Microsoft Teams/licences202608261014.xlsx","1.0","2026-08-26T08:15:01Z","fethy.faradji@infopro-digital.com"
"11/09/2026 16:09:12","Fichiers de conversation Microsoft Teams/licences202608261015_full.xlsx","1.0","2026-08-26T08:15:54Z","fethy.faradji@infopro-digital.com"
"11/09/2026 16:09:17","Fichiers de conversation Microsoft Teams/List Avis Prod v2.1.xlsx","1.0","2023-09-06T10:10:37Z","fethy.faradji@infopro-digital.com"
"11/09/2026 16:09:19","Fichiers de conversation Microsoft Teams/List Avis Prod v2.1.xlsx","2.0","2023-09-06T10:14:32Z","safa.sakly@infopro-digital.com"
"11/09/2026 16:09:25","Fichiers de conversation Microsoft Teams/LISTE FACTURES AO 2229 avec facture POC_BIM.xlsx","1.0","2022-07-25T12:12:03Z","fethy.faradji@infopro-digital.com"
"11/09/2026 16:09:26","Fichiers de conversation Microsoft Teams/LISTE FACTURES AO 2229 avec facture POC_BIM.xlsx","2.0","2022-07-25T12:12:42Z","sophie.ferreira@infopro-digital.com"
"11/09/2026 16:09:31","Fichiers de conversation Microsoft Teams/liste_des_contrats_avec un contrat de plus de 3650.xls","1.0","2021-09-10T10:16:55Z","fethy.faradji@infopro-digital.com"
"11/09/2026 16:09:37","Fichiers de conversation Microsoft Teams/liste_traitement_paseo.xlsx","1.0","2022-06-17T15:11:49Z","fethy.faradji@infopro-digital.com"
"11/09/2026 16:09:38","Fichiers de conversation Microsoft Teams/liste_traitement_paseo.xlsx","3.0","2022-06-17T15:14:12Z","fethy.faradji@infopro-digital.com"
"11/09/2026 16:09:39","Fichiers de conversation Microsoft Teams/liste_traitement_paseo.xlsx","2.0","2022-06-17T15:14:12Z","eve.degrave@infopro-digital.com"
"11/09/2026 16:09:41","Fichiers de conversation Microsoft Teams/liste_traitement_paseo.xlsx","4.0","2025-11-24T16:31:51Z","fethy.faradji@infopro-digital.com"
"11/09/2026 16:09:46","Fichiers de conversation Microsoft Teams/Liste_transformation_AO_PUB.xlsb.xlsx","1.0","2022-01-12T16:27:36Z","fethy.faradji@infopro-digital.com"
"11/09/2026 16:09:48","Fichiers de conversation Microsoft Teams/Liste_transformation_AO_PUB.xlsb.xlsx","2.0","2022-01-14T15:27:51Z","eve.degrave@infopro-digital.com"
"11/09/2026 16:09:49","Fichiers de conversation Microsoft Teams/Liste_transformation_AO_PUB.xlsb.xlsx","3.0","2022-01-14T15:44:27Z","eve.degrave@infopro-digital.com"
"11/09/2026 16:09:50","Fichiers de conversation Microsoft Teams/Liste_transformation_AO_PUB.xlsb.xlsx","4.0","2022-01-14T15:52:51Z","eve.degrave@infopro-digital.com"
"11/09/2026 16:09:51","Fichiers de conversation Microsoft Teams/Liste_transformation_AO_PUB.xlsb.xlsx","5.0","2022-01-14T16:06:52Z","eve.degrave@infopro-digital.com"
"11/09/2026 16:09:52","Fichiers de conversation Microsoft Teams/Liste_transformation_AO_PUB.xlsb.xlsx","6.0","2022-01-14T16:17:45Z","eve.degrave@infopro-digital.com"
"11/09/2026 16:09:53","Fichiers de conversation Microsoft Teams/Liste_transformation_AO_PUB.xlsb.xlsx","7.0","2022-01-14T16:28:20Z","eve.degrave@infopro-digital.com"
"11/09/2026 16:09:54","Fichiers de conversation Microsoft Teams/Liste_transformation_AO_PUB.xlsb.xlsx","8.0","2022-01-14T16:39:43Z","eve.degrave@infopro-digital.com"
"11/09/2026 16:09:56","Fichiers de conversation Microsoft Teams/Liste_transformation_AO_PUB.xlsb.xlsx","9.0","2022-01-14T16:41:14Z","eve.degrave@infopro-digital.com"
"11/09/2026 16:10:00","Fichiers de conversation Microsoft Teams/log_erreur_update_pub.xlsx","1.0","2024-07-31T12:24:05Z","fethy.faradji@infopro-digital.com"
"11/09/2026 16:10:02","Fichiers de conversation Microsoft Teams/log_erreur_update_pub.xlsx","2.0","2024-08-06T08:39:23Z","fethy.faradji@infopro-digital.com"
"11/09/2026 16:10:03","Fichiers de conversation Microsoft Teams/log_erreur_update_pub.xlsx","3.0","2024-08-07T08:48:33Z","fethy.faradji@infopro-digital.com"
"11/09/2026 16:10:07","Fichiers de conversation Microsoft Teams/logo_DWS_claire.png","1.0","2025-09-10T08:59:41Z","fethy.faradji@infopro-digital.com"
"11/09/2026 16:10:14","Fichiers de conversation Microsoft Teams/logo_DWS_foncé.png","1.0","2025-09-10T08:59:41Z","fethy.faradji@infopro-digital.com"
"11/09/2026 16:10:20","Fichiers de conversation Microsoft Teams/logo_infopro.png","1.0","2024-06-11T13:52:50Z","fethy.faradji@infopro-digital.com"
"11/09/2026 16:10:25","Fichiers de conversation Microsoft Teams/logo_infopro2 1.png","1.0","2024-06-11T14:33:07Z","fethy.faradji@infopro-digital.com"
"11/09/2026 16:10:35","Fichiers de conversation Microsoft Teams/logo_infopro2.png","1.0","2024-06-11T13:55:40Z","fethy.faradji@infopro-digital.com"
"11/09/2026 16:10:41","Fichiers de conversation Microsoft Teams/logo_mail_petit.png","1.0","2024-10-07T15:02:45Z","fethy.faradji@infopro-digital.com"
"11/09/2026 16:10:48","Fichiers de conversation Microsoft Teams/logo_mail_petit3.png","1.0","2024-12-03T09:27:06Z","fethy.faradji@infopro-digital.com"
"11/09/2026 16:10:54","Fichiers de conversation Microsoft Teams/logo_mail2 1.png","1.0","2024-10-07T11:26:19Z","fethy.faradji@infopro-digital.com"
"11/09/2026 16:10:59","Fichiers de conversation Microsoft Teams/logo_mail2.png","1.0","2024-10-07T11:20:45Z","fethy.faradji@infopro-digital.com"
"11/09/2026 16:11:06","Fichiers de conversation Microsoft Teams/logo_mercury.png","1.0","2026-06-05T13:00:50Z","fethy.faradji@infopro-digital.com"
"11/09/2026 16:11:12","Fichiers de conversation Microsoft Teams/Logo_Mysupport_V1.png","1.0","2024-09-26T06:57:16Z","fethy.faradji@infopro-digital.com"
"11/09/2026 16:11:17","Fichiers de conversation Microsoft Teams/Logo_Mysupport_V5.png","1.0","2024-09-26T08:15:17Z","fethy.faradji@infopro-digital.com"
"11/09/2026 16:11:23","Fichiers de conversation Microsoft Teams/Logs---SIM_SF.zip","1.0","2026-02-23T14:21:44Z","fethy.faradji@infopro-digital.com"
"11/09/2026 16:11:34","Fichiers de conversation Microsoft Teams/M.ico","1.0","2021-11-02T13:16:31Z","fethy.faradji@infopro-digital.com"
"11/09/2026 16:11:39","Fichiers de conversation Microsoft Teams/M3928458.docx","1.0","2022-12-22T09:11:51Z","fethy.faradji@infopro-digital.com"
"11/09/2026 16:11:44","Fichiers de conversation Microsoft Teams/M4047699.doc","1.0","2024-02-09T09:02:32Z","fethy.faradji@infopro-digital.com"
"11/09/2026 16:11:50","Fichiers de conversation Microsoft Teams/M4047699.xml","1.0","2024-02-09T09:09:17Z","fethy.faradji@infopro-digital.com"
"11/09/2026 16:11:55","Fichiers de conversation Microsoft Teams/M4055407.doc","1.0","2024-02-21T15:07:19Z","fethy.faradji@infopro-digital.com"
"11/09/2026 16:12:00","Fichiers de conversation Microsoft Teams/manquant_avis_sans_publications.csv","1.0","2024-06-27T14:17:03Z","fethy.faradji@infopro-digital.com"
"11/09/2026 16:12:06","Fichiers de conversation Microsoft Teams/mdp yann","1.0","2024-01-15T13:23:02Z","fethy.faradji@infopro-digital.com"
"11/09/2026 16:12:11","Fichiers de conversation Microsoft Teams/mdp.txt","1.0","2025-11-18T14:21:18Z","fethy.faradji@infopro-digital.com"
"11/09/2026 16:12:17","Fichiers de conversation Microsoft Teams/mep20250225.zip","1.0","2025-02-17T14:39:04Z","fethy.faradji@infopro-digital.com"
"11/09/2026 16:12:23","Fichiers de conversation Microsoft Teams/mep20250603.zip","1.0","2025-06-03T07:43:56Z","fethy.faradji@infopro-digital.com"
"11/09/2026 16:12:28","Fichiers de conversation Microsoft Teams/MFA.txt","1.0","2021-04-01T12:38:16Z","fethy.faradji@infopro-digital.com"
