"horodatage_collecte","fichier","version_id","version_modifiee_utc","version_modifiee_par"
"14/09/2026 09:50:32","source/repos/poukymon/packages/Microsoft.CodeDom.Providers.DotNetCompilerPlatform.2.0.1/tools/RoslynLatest/System.Security.Cryptography.X509Certificates.dll","1.0","2016-11-05T17:57:18Z","fethy.faradji@infopro-digital.com"
"14/09/2026 09:50:32","source/repos/poukymon/packages/Microsoft.CodeDom.Providers.DotNetCompilerPlatform.2.0.1/tools/RoslynLatest/System.Security.Cryptography.Primitives.dll","1.0","2016-11-05T17:57:18Z","fethy.faradji@infopro-digital.com"
"14/09/2026 09:50:32","source/repos/poukymon/packages/Microsoft.CodeDom.Providers.DotNetCompilerPlatform.2.0.1/tools/RoslynLatest/System.Text.Encoding.CodePages.dll","1.0","2016-11-05T17:57:20Z","fethy.faradji@infopro-digital.com"
"14/09/2026 09:50:35","source/repos/poukymon/packages/Microsoft.CodeDom.Providers.DotNetCompilerPlatform.2.0.1/tools/RoslynLatest/System.Threading.Tasks.Extensions.dll","1.0","2016-11-05T17:57:24Z","fethy.faradji@infopro-digital.com"
"14/09/2026 09:50:39","source/repos/poukymon/packages/Microsoft.CodeDom.Providers.DotNetCompilerPlatform.2.0.1/tools/RoslynLatest/System.ValueTuple.dll","1.0","2016-11-05T17:57:30Z","fethy.faradji@infopro-digital.com"
"14/09/2026 09:50:40","source/repos/poukymon/packages/Microsoft.CodeDom.Providers.DotNetCompilerPlatform.2.0.1/tools/RoslynLatest/System.Xml.ReaderWriter.dll","1.0","2016-11-05T17:57:36Z","fethy.faradji@infopro-digital.com"
"14/09/2026 09:50:40","source/repos/poukymon/packages/Microsoft.CodeDom.Providers.DotNetCompilerPlatform.2.0.1/tools/RoslynLatest/System.Xml.XmlDocument.dll","1.0","2016-11-05T17:57:34Z","fethy.faradji@infopro-digital.com"
"14/09/2026 09:50:41","source/repos/poukymon/packages/Microsoft.CodeDom.Providers.DotNetCompilerPlatform.2.0.1/tools/RoslynLatest/System.Xml.XPath.dll","1.0","2016-11-05T17:57:40Z","fethy.faradji@infopro-digital.com"
"14/09/2026 09:50:46","source/repos/poukymon/packages/Microsoft.CodeDom.Providers.DotNetCompilerPlatform.2.0.1/tools/RoslynLatest/System.Xml.XPath.XDocument.dll","1.0","2016-11-05T17:57:34Z","fethy.faradji@infopro-digital.com"
"14/09/2026 09:50:46","source/repos/poukymon/packages/Microsoft.CodeDom.Providers.DotNetCompilerPlatform.2.0.1/tools/RoslynLatest/vbc.exe","1.0","2018-08-08T04:38:48Z","fethy.faradji@infopro-digital.com"
"14/09/2026 09:50:48","source/repos/poukymon/packages/Microsoft.CodeDom.Providers.DotNetCompilerPlatform.2.0.1/tools/RoslynLatest/vbc.exe.config","1.0","2018-08-08T11:18:18Z","fethy.faradji@infopro-digital.com"
"14/09/2026 09:50:48","source/repos/poukymon/packages/Microsoft.CodeDom.Providers.DotNetCompilerPlatform.2.0.1/tools/RoslynLatest/vbc.rsp","1.0","2018-08-08T11:09:46Z","fethy.faradji@infopro-digital.com"
"14/09/2026 09:50:52","source/repos/poukymon/packages/Microsoft.CodeDom.Providers.DotNetCompilerPlatform.2.0.1/tools/RoslynLatest/VBCSCompiler.exe","1.0","2018-08-08T04:38:48Z","fethy.faradji@infopro-digital.com"
"14/09/2026 09:50:52","source/repos/poukymon/packages/Microsoft.CodeDom.Providers.DotNetCompilerPlatform.2.0.1/tools/RoslynLatest/VBCSCompiler.exe.config","1.0","2018-08-08T11:18:16Z","fethy.faradji@infopro-digital.com"
"14/09/2026 09:50:53","source/repos/poukymon/packages/Microsoft.CodeDom.Providers.DotNetCompilerPlatform.2.0.1/.signature.p7s","1.0","2018-12-17T15:01:52Z","fethy.faradji@infopro-digital.com"
"14/09/2026 09:50:54","source/repos/poukymon/packages/Microsoft.CodeDom.Providers.DotNetCompilerPlatform.2.0.1/Microsoft.CodeDom.Providers.DotNetCompilerPlatform.2.0.1.nupkg","1.0","2022-11-17T13:16:32Z","fethy.faradji@infopro-digital.com"
"14/09/2026 09:50:59","source/repos/poukymon/packages/Microsoft.jQuery.Unobtrusive.Validation.3.2.11/.signature.p7s","1.0","2018-10-05T14:14:00Z","fethy.faradji@infopro-digital.com"
"14/09/2026 09:50:59","source/repos/poukymon/packages/Microsoft.jQuery.Unobtrusive.Validation.3.2.11/Content/Scripts/jquery.validate.unobtrusive.min.js","1.0","2018-10-05T13:23:06Z","fethy.faradji@infopro-digital.com"
"14/09/2026 09:50:59","source/repos/poukymon/packages/Microsoft.jQuery.Unobtrusive.Validation.3.2.11/Content/Scripts/jquery.validate.unobtrusive.js","1.0","2018-10-05T13:23:06Z","fethy.faradji@infopro-digital.com"
"14/09/2026 09:51:03","source/repos/poukymon/packages/Microsoft.jQuery.Unobtrusive.Validation.3.2.11/Microsoft.jQuery.Unobtrusive.Validation.3.2.11.nupkg","1.0","2022-11-17T13:16:31Z","fethy.faradji@infopro-digital.com"
"14/09/2026 09:51:05","source/repos/poukymon/packages/Microsoft.Office.Interop.Word.15.0.4797.1004/.signature.p7s","1.0","2022-06-10T15:01:00Z","fethy.faradji@infopro-digital.com"
"14/09/2026 09:51:06","source/repos/poukymon/packages/Microsoft.Office.Interop.Word.15.0.4797.1004/lib/netstandard2.0/Microsoft.Office.Interop.Word.dll","1.0","2016-03-10T22:19:48Z","fethy.faradji@infopro-digital.com"
"14/09/2026 09:51:06","source/repos/poukymon/packages/Microsoft.Office.Interop.Word.15.0.4797.1004/lib/net20/Microsoft.Office.Interop.Word.dll","1.0","2016-03-10T22:19:48Z","fethy.faradji@infopro-digital.com"
"14/09/2026 09:51:10","source/repos/poukymon/packages/Microsoft.Office.Interop.Word.15.0.4797.1004/Microsoft.Office.Interop.Word.15.0.4797.1004.nupkg","1.0","2022-11-17T13:38:25Z","fethy.faradji@infopro-digital.com"
"14/09/2026 09:51:12","source/repos/poukymon/packages/Microsoft.SharePoint.Client.14.0.4762.1000/.signature.p7s","1.0","2018-11-05T20:18:34Z","fethy.faradji@infopro-digital.com"
"14/09/2026 09:51:13","source/repos/poukymon/packages/Microsoft.SharePoint.Client.14.0.4762.1000/lib/Microsoft.SharePoint.Client.dll","1.0","2011-11-08T16:22:50Z","fethy.faradji@infopro-digital.com"
"14/09/2026 09:51:13","source/repos/poukymon/packages/Microsoft.SharePoint.Client.14.0.4762.1000/lib/Microsoft.SharePoint.Client.Runtime.dll","1.0","2011-11-08T16:22:50Z","fethy.faradji@infopro-digital.com"
"14/09/2026 09:51:16","source/repos/poukymon/packages/Microsoft.SharePoint.Client.14.0.4762.1000/Microsoft.SharePoint.Client.14.0.4762.1000.nupkg","1.0","2022-11-17T13:31:56Z","fethy.faradji@infopro-digital.com"
"14/09/2026 09:51:19","source/repos/poukymon/packages/Microsoft.SharePointOnline.CSOM.16.1.23019.12000/lib/javascript/ps.js","1.0","2022-10-18T19:24:18Z","fethy.faradji@infopro-digital.com"
"14/09/2026 09:51:19","source/repos/poukymon/packages/Microsoft.SharePointOnline.CSOM.16.1.23019.12000/lib/javascript/sp.datetimeutil.js","1.0","2022-10-18T19:24:18Z","fethy.faradji@infopro-digital.com"
"14/09/2026 09:51:19","source/repos/poukymon/packages/Microsoft.SharePointOnline.CSOM.16.1.23019.12000/lib/javascript/sp.documentmanagement.js","1.0","2022-10-18T19:24:18Z","fethy.faradji@infopro-digital.com"
"14/09/2026 09:51:23","source/repos/poukymon/packages/Microsoft.SharePointOnline.CSOM.16.1.23019.12000/lib/javascript/sp.js","1.0","2022-10-18T19:24:18Z","fethy.faradji@infopro-digital.com"
"14/09/2026 09:51:25","source/repos/poukymon/packages/Microsoft.SharePointOnline.CSOM.16.1.23019.12000/lib/javascript/sp.publishing.js","1.0","2022-10-18T19:24:18Z","fethy.faradji@infopro-digital.com"
"14/09/2026 09:51:26","source/repos/poukymon/packages/Microsoft.SharePointOnline.CSOM.16.1.23019.12000/lib/javascript/sp.requestexecutor.js","1.0","2022-10-18T19:24:18Z","fethy.faradji@infopro-digital.com"
"14/09/2026 09:51:26","source/repos/poukymon/packages/Microsoft.SharePointOnline.CSOM.16.1.23019.12000/lib/javascript/sp.runtime.js","1.0","2022-10-18T19:24:18Z","fethy.faradji@infopro-digital.com"
"14/09/2026 09:51:30","source/repos/poukymon/packages/Microsoft.SharePointOnline.CSOM.16.1.23019.12000/lib/javascript/sp.search.apps.js","1.0","2022-10-18T19:24:18Z","fethy.faradji@infopro-digital.com"
"14/09/2026 09:51:30","source/repos/poukymon/packages/Microsoft.SharePointOnline.CSOM.16.1.23019.12000/lib/javascript/sp.search.js","1.0","2022-10-18T19:24:18Z","fethy.faradji@infopro-digital.com"
"14/09/2026 09:51:31","source/repos/poukymon/packages/Microsoft.SharePointOnline.CSOM.16.1.23019.12000/lib/javascript/sp.taxonomy.js","1.0","2022-10-18T19:24:18Z","fethy.faradji@infopro-digital.com"
"14/09/2026 09:51:32","source/repos/poukymon/packages/Microsoft.SharePointOnline.CSOM.16.1.23019.12000/lib/javascript/sp.translation.js","1.0","2022-10-18T19:24:18Z","fethy.faradji@infopro-digital.com"
"14/09/2026 09:51:36","source/repos/poukymon/packages/Microsoft.SharePointOnline.CSOM.16.1.23019.12000/lib/javascript/sp.workflowservices.js","1.0","2022-10-18T19:24:18Z","fethy.faradji@infopro-digital.com"
"14/09/2026 09:51:36","source/repos/poukymon/packages/Microsoft.SharePointOnline.CSOM.16.1.23019.12000/lib/javascript/sp.userprofiles.js","1.0","2022-10-18T19:24:18Z","fethy.faradji@infopro-digital.com"
"14/09/2026 09:51:37","source/repos/poukymon/packages/Microsoft.SharePointOnline.CSOM.16.1.23019.12000/lib/javascript/sp.workmanagement.js","1.0","2022-10-18T19:24:18Z","fethy.faradji@infopro-digital.com"
"14/09/2026 09:51:38","source/repos/poukymon/packages/Microsoft.SharePointOnline.CSOM.16.1.23019.12000/lib/net40-full/Microsoft.Office.Client.Policy.dll","1.0","2022-10-18T19:24:18Z","fethy.faradji@infopro-digital.com"
"14/09/2026 09:51:41","source/repos/poukymon/packages/Microsoft.SharePointOnline.CSOM.16.1.23019.12000/lib/net40-full/Microsoft.Office.Client.TranslationServices.dll","1.0","2022-10-18T19:24:18Z","fethy.faradji@infopro-digital.com"
"14/09/2026 09:51:42","source/repos/poukymon/packages/Microsoft.SharePointOnline.CSOM.16.1.23019.12000/lib/net40-full/Microsoft.Office.SharePoint.Tools.dll","1.0","2022-10-18T19:24:18Z","fethy.faradji@infopro-digital.com"
"14/09/2026 09:51:43","source/repos/poukymon/packages/Microsoft.SharePointOnline.CSOM.16.1.23019.12000/lib/net40-full/Microsoft.Online.SharePoint.Client.Tenant.dll","1.0","2022-10-18T19:24:18Z","fethy.faradji@infopro-digital.com"
"14/09/2026 09:51:43","source/repos/poukymon/packages/Microsoft.SharePointOnline.CSOM.16.1.23019.12000/lib/net40-full/Microsoft.ProjectServer.Client.dll","1.0","2022-10-18T19:24:18Z","fethy.faradji@infopro-digital.com"
"14/09/2026 09:51:47","source/repos/poukymon/packages/Microsoft.SharePointOnline.CSOM.16.1.23019.12000/lib/net40-full/Microsoft.SharePoint.Client.dll","1.0","2022-10-18T19:24:18Z","fethy.faradji@infopro-digital.com"
"14/09/2026 09:51:47","source/repos/poukymon/packages/Microsoft.SharePointOnline.CSOM.16.1.23019.12000/lib/net40-full/Microsoft.SharePoint.Client.DocumentManagement.dll","1.0","2022-10-18T19:24:18Z","fethy.faradji@infopro-digital.com"
"14/09/2026 09:51:48","source/repos/poukymon/packages/Microsoft.SharePointOnline.CSOM.16.1.23019.12000/lib/net40-full/Microsoft.SharePoint.Client.Publishing.dll","1.0","2022-10-18T19:24:18Z","fethy.faradji@infopro-digital.com"
"14/09/2026 09:51:49","source/repos/poukymon/packages/Microsoft.SharePointOnline.CSOM.16.1.23019.12000/lib/net40-full/Microsoft.SharePoint.Client.Runtime.dll","1.0","2022-10-18T19:24:18Z","fethy.faradji@infopro-digital.com"
"14/09/2026 09:51:52","source/repos/poukymon/packages/Microsoft.SharePointOnline.CSOM.16.1.23019.12000/lib/net40-full/Microsoft.SharePoint.Client.Search.Applications.dll","1.0","2022-10-18T19:24:18Z","fethy.faradji@infopro-digital.com"
"14/09/2026 09:51:53","source/repos/poukymon/packages/Microsoft.SharePointOnline.CSOM.16.1.23019.12000/lib/net40-full/Microsoft.SharePoint.Client.Search.dll","1.0","2022-10-18T19:24:18Z","fethy.faradji@infopro-digital.com"
"14/09/2026 09:51:54","source/repos/poukymon/packages/Microsoft.SharePointOnline.CSOM.16.1.23019.12000/lib/net40-full/Microsoft.SharePoint.Client.Taxonomy.dll","1.0","2022-10-18T19:24:18Z","fethy.faradji@infopro-digital.com"
"14/09/2026 09:51:55","source/repos/poukymon/packages/Microsoft.SharePointOnline.CSOM.16.1.23019.12000/lib/net40-full/Microsoft.SharePoint.Client.UserProfiles.dll","1.0","2022-10-18T19:24:18Z","fethy.faradji@infopro-digital.com"
"14/09/2026 09:51:58","source/repos/poukymon/packages/Microsoft.SharePointOnline.CSOM.16.1.23019.12000/lib/net40-full/Microsoft.SharePoint.Client.WorkflowServices.dll","1.0","2022-10-18T19:24:18Z","fethy.faradji@infopro-digital.com"
"14/09/2026 09:51:59","source/repos/poukymon/packages/Microsoft.SharePointOnline.CSOM.16.1.23019.12000/lib/net45/Microsoft.Office.Client.Policy.dll","1.0","2022-10-18T19:24:18Z","fethy.faradji@infopro-digital.com"
"14/09/2026 09:51:59","source/repos/poukymon/packages/Microsoft.SharePointOnline.CSOM.16.1.23019.12000/lib/net45/Microsoft.Office.Client.TranslationServices.dll","1.0","2022-10-18T19:24:18Z","fethy.faradji@infopro-digital.com"
"14/09/2026 09:52:00","source/repos/poukymon/packages/Microsoft.SharePointOnline.CSOM.16.1.23019.12000/lib/net45/Microsoft.Office.SharePoint.Tools.dll","1.0","2022-10-18T19:24:18Z","fethy.faradji@infopro-digital.com"
"14/09/2026 09:52:03","source/repos/poukymon/packages/Microsoft.SharePointOnline.CSOM.16.1.23019.12000/lib/net45/Microsoft.Online.SharePoint.Client.Tenant.dll","1.0","2022-10-18T19:24:18Z","fethy.faradji@infopro-digital.com"
"14/09/2026 09:52:04","source/repos/poukymon/packages/Microsoft.SharePointOnline.CSOM.16.1.23019.12000/lib/net45/Microsoft.ProjectServer.Client.dll","1.0","2022-10-18T19:24:18Z","fethy.faradji@infopro-digital.com"
"14/09/2026 09:52:05","source/repos/poukymon/packages/Microsoft.SharePointOnline.CSOM.16.1.23019.12000/lib/net45/Microsoft.SharePoint.Client.dll","1.0","2022-10-18T19:24:18Z","fethy.faradji@infopro-digital.com"
"14/09/2026 09:52:05","source/repos/poukymon/packages/Microsoft.SharePointOnline.CSOM.16.1.23019.12000/lib/net45/Microsoft.SharePoint.Client.DocumentManagement.dll","1.0","2022-10-18T19:24:18Z","fethy.faradji@infopro-digital.com"
"14/09/2026 09:52:09","source/repos/poukymon/packages/Microsoft.SharePointOnline.CSOM.16.1.23019.12000/lib/net45/Microsoft.SharePoint.Client.Publishing.dll","1.0","2022-10-18T19:24:18Z","fethy.faradji@infopro-digital.com"
"14/09/2026 09:52:10","source/repos/poukymon/packages/Microsoft.SharePointOnline.CSOM.16.1.23019.12000/lib/net45/Microsoft.SharePoint.Client.Runtime.dll","1.0","2022-10-18T19:24:18Z","fethy.faradji@infopro-digital.com"
"14/09/2026 09:52:11","source/repos/poukymon/packages/Microsoft.SharePointOnline.CSOM.16.1.23019.12000/lib/net45/Microsoft.SharePoint.Client.Search.Applications.dll","1.0","2022-10-18T19:24:18Z","fethy.faradji@infopro-digital.com"
"14/09/2026 09:52:11","source/repos/poukymon/packages/Microsoft.SharePointOnline.CSOM.16.1.23019.12000/lib/net45/Microsoft.SharePoint.Client.Search.dll","1.0","2022-10-18T19:24:18Z","fethy.faradji@infopro-digital.com"
"14/09/2026 09:52:15","source/repos/poukymon/packages/Microsoft.SharePointOnline.CSOM.16.1.23019.12000/lib/net45/Microsoft.SharePoint.Client.Taxonomy.dll","1.0","2022-10-18T19:24:18Z","fethy.faradji@infopro-digital.com"
"14/09/2026 09:52:16","source/repos/poukymon/packages/Microsoft.SharePointOnline.CSOM.16.1.23019.12000/lib/net45/Microsoft.SharePoint.Client.UserProfiles.dll","1.0","2022-10-18T19:24:18Z","fethy.faradji@infopro-digital.com"
"14/09/2026 09:52:16","source/repos/poukymon/packages/Microsoft.SharePointOnline.CSOM.16.1.23019.12000/lib/net45/Microsoft.SharePoint.Client.WorkflowServices.dll","1.0","2022-10-18T19:24:18Z","fethy.faradji@infopro-digital.com"
"14/09/2026 09:52:17","source/repos/poukymon/packages/Microsoft.SharePointOnline.CSOM.16.1.23019.12000/lib/netstandard2.0/Microsoft.Office.Client.Policy.dll","1.0","2022-10-18T19:24:18Z","fethy.faradji@infopro-digital.com"
"14/09/2026 09:52:20","source/repos/poukymon/packages/Microsoft.SharePointOnline.CSOM.16.1.23019.12000/lib/netstandard2.0/Microsoft.Office.Client.TranslationServices.dll","1.0","2022-10-18T19:24:18Z","fethy.faradji@infopro-digital.com"
"14/09/2026 09:52:21","source/repos/poukymon/packages/Microsoft.SharePointOnline.CSOM.16.1.23019.12000/lib/netstandard2.0/Microsoft.Office.SharePoint.Tools.dll","1.0","2022-10-18T19:24:18Z","fethy.faradji@infopro-digital.com"
"14/09/2026 09:52:21","source/repos/poukymon/packages/Microsoft.SharePointOnline.CSOM.16.1.23019.12000/lib/netstandard2.0/Microsoft.Online.SharePoint.Client.Tenant.dll","1.0","2022-10-18T19:24:18Z","fethy.faradji@infopro-digital.com"
"14/09/2026 09:52:22","source/repos/poukymon/packages/Microsoft.SharePointOnline.CSOM.16.1.23019.12000/lib/netstandard2.0/Microsoft.ProjectServer.Client.dll","1.0","2022-10-18T19:24:18Z","fethy.faradji@infopro-digital.com"
"14/09/2026 09:52:25","source/repos/poukymon/packages/Microsoft.SharePointOnline.CSOM.16.1.23019.12000/lib/netstandard2.0/Microsoft.SharePoint.Client.dll","1.0","2022-10-18T19:24:20Z","fethy.faradji@infopro-digital.com"
"14/09/2026 09:52:26","source/repos/poukymon/packages/Microsoft.SharePointOnline.CSOM.16.1.23019.12000/lib/netstandard2.0/Microsoft.SharePoint.Client.DocumentManagement.dll","1.0","2022-10-18T19:24:20Z","fethy.faradji@infopro-digital.com"
"14/09/2026 09:52:26","source/repos/poukymon/packages/Microsoft.SharePointOnline.CSOM.16.1.23019.12000/lib/netstandard2.0/Microsoft.SharePoint.Client.Publishing.dll","1.0","2022-10-18T19:24:20Z","fethy.faradji@infopro-digital.com"
"14/09/2026 09:52:28","source/repos/poukymon/packages/Microsoft.SharePointOnline.CSOM.16.1.23019.12000/lib/netstandard2.0/Microsoft.SharePoint.Client.Runtime.dll","1.0","2022-10-18T19:24:20Z","fethy.faradji@infopro-digital.com"
"14/09/2026 09:52:31","source/repos/poukymon/packages/Microsoft.SharePointOnline.CSOM.16.1.23019.12000/lib/netstandard2.0/Microsoft.SharePoint.Client.Search.Applications.dll","1.0","2022-10-18T19:24:20Z","fethy.faradji@infopro-digital.com"
"14/09/2026 09:52:32","source/repos/poukymon/packages/Microsoft.SharePointOnline.CSOM.16.1.23019.12000/lib/netstandard2.0/Microsoft.SharePoint.Client.Taxonomy.dll","1.0","2022-10-18T19:24:20Z","fethy.faradji@infopro-digital.com"
"14/09/2026 09:52:32","source/repos/poukymon/packages/Microsoft.SharePointOnline.CSOM.16.1.23019.12000/lib/netstandard2.0/Microsoft.SharePoint.Client.Search.dll","1.0","2022-10-18T19:24:20Z","fethy.faradji@infopro-digital.com"
"14/09/2026 09:52:33","source/repos/poukymon/packages/Microsoft.SharePointOnline.CSOM.16.1.23019.12000/lib/netstandard2.0/Microsoft.SharePoint.Client.UserProfiles.dll","1.0","2022-10-18T19:24:20Z","fethy.faradji@infopro-digital.com"
"14/09/2026 09:52:36","source/repos/poukymon/packages/Microsoft.SharePointOnline.CSOM.16.1.23019.12000/lib/netstandard2.0/Microsoft.SharePoint.Client.WorkflowServices.dll","1.0","2022-10-18T19:24:20Z","fethy.faradji@infopro-digital.com"
"14/09/2026 09:52:37","source/repos/poukymon/packages/Microsoft.SharePointOnline.CSOM.16.1.23019.12000/.signature.p7s","1.0","2022-10-27T05:47:34Z","fethy.faradji@infopro-digital.com"
"14/09/2026 09:52:37","source/repos/poukymon/packages/Microsoft.SharePointOnline.CSOM.16.1.23019.12000/Microsoft.SharePointOnline.CSOM.16.1.23019.12000.nupkg","1.0","2022-11-17T13:32:05Z","fethy.faradji@infopro-digital.com"
"14/09/2026 09:52:40","source/repos/poukymon/packages/Microsoft.Web.Infrastructure.1.0.0.0/lib/net40/Microsoft.Web.Infrastructure.dll","1.0","2012-07-25T10:48:56Z","fethy.faradji@infopro-digital.com"
"14/09/2026 09:52:41","source/repos/poukymon/packages/Microsoft.Web.Infrastructure.1.0.0.0/.signature.p7s","1.0","2018-12-13T17:30:10Z","fethy.faradji@infopro-digital.com"
"14/09/2026 09:52:43","source/repos/poukymon/packages/Microsoft.Web.Infrastructure.1.0.0.0/Microsoft.Web.Infrastructure.1.0.0.0.nupkg","1.0","2022-11-17T13:16:30Z","fethy.faradji@infopro-digital.com"
"14/09/2026 09:52:45","source/repos/poukymon/packages/Modernizr.2.8.3/Content/Scripts/modernizr-2.8.3.js","1.0","2014-08-19T20:50:30Z","fethy.faradji@infopro-digital.com"
"14/09/2026 09:52:45","source/repos/poukymon/packages/Modernizr.2.8.3/Tools/common.ps1","1.0","2014-08-19T20:50:30Z","fethy.faradji@infopro-digital.com"
"14/09/2026 09:52:46","source/repos/poukymon/packages/Modernizr.2.8.3/Tools/install.ps1","1.0","2014-08-19T20:50:30Z","fethy.faradji@infopro-digital.com"
"14/09/2026 09:52:49","source/repos/poukymon/packages/Modernizr.2.8.3/Tools/uninstall.ps1","1.0","2014-08-19T20:50:30Z","fethy.faradji@infopro-digital.com"
"14/09/2026 09:52:50","source/repos/poukymon/packages/Modernizr.2.8.3/.signature.p7s","1.0","2018-10-14T20:04:42Z","fethy.faradji@infopro-digital.com"
"14/09/2026 09:52:51","source/repos/poukymon/packages/Modernizr.2.8.3/Modernizr.2.8.3.nupkg","1.0","2022-11-17T13:16:30Z","fethy.faradji@infopro-digital.com"
"14/09/2026 09:52:54","source/repos/poukymon/packages/MvcCheckBoxList.1.4.5/lib/net40/MvcCheckBoxList.dll","1.0","2015-11-24T11:48:38Z","fethy.faradji@infopro-digital.com"
"14/09/2026 09:52:55","source/repos/poukymon/packages/MvcCheckBoxList.1.4.5/.signature.p7s","1.0","2018-10-27T01:11:06Z","fethy.faradji@infopro-digital.com"
"14/09/2026 09:52:55","source/repos/poukymon/packages/MvcCheckBoxList.1.4.5/lib/net45/MvcCheckBoxList.dll","1.0","2015-11-24T11:48:38Z","fethy.faradji@infopro-digital.com"
"14/09/2026 09:52:56","source/repos/poukymon/packages/MvcCheckBoxList.1.4.5/MvcCheckBoxList.1.4.5.nupkg","1.0","2022-11-17T13:57:24Z","fethy.faradji@infopro-digital.com"
"14/09/2026 09:53:01","source/repos/poukymon/packages/Newtonsoft.Json.12.0.2/lib/net20/Newtonsoft.Json.dll","1.0","2019-04-22T00:06:16Z","fethy.faradji@infopro-digital.com"
"14/09/2026 09:53:01","source/repos/poukymon/packages/Newtonsoft.Json.12.0.2/lib/net20/Newtonsoft.Json.xml","1.0","2019-04-21T23:57:38Z","fethy.faradji@infopro-digital.com"
"14/09/2026 09:53:01","source/repos/poukymon/packages/Newtonsoft.Json.12.0.2/lib/net35/Newtonsoft.Json.dll","1.0","2019-04-22T00:06:16Z","fethy.faradji@infopro-digital.com"
"14/09/2026 09:53:02","source/repos/poukymon/packages/Newtonsoft.Json.12.0.2/lib/net35/Newtonsoft.Json.xml","1.0","2019-04-21T23:57:36Z","fethy.faradji@infopro-digital.com"
"14/09/2026 09:53:07","source/repos/poukymon/packages/Newtonsoft.Json.12.0.2/lib/net40/Newtonsoft.Json.dll","1.0","2019-04-22T00:06:16Z","fethy.faradji@infopro-digital.com"
"14/09/2026 09:53:08","source/repos/poukymon/packages/Newtonsoft.Json.12.0.2/lib/net40/Newtonsoft.Json.xml","1.0","2019-04-21T23:57:26Z","fethy.faradji@infopro-digital.com"
"14/09/2026 09:53:09","source/repos/poukymon/packages/Newtonsoft.Json.12.0.2/lib/net45/Newtonsoft.Json.dll","1.0","2019-04-22T00:06:16Z","fethy.faradji@infopro-digital.com"
"14/09/2026 09:53:10","source/repos/poukymon/packages/Newtonsoft.Json.12.0.2/lib/net45/Newtonsoft.Json.xml","1.0","2019-04-21T23:57:26Z","fethy.faradji@infopro-digital.com"
"14/09/2026 09:53:14","source/repos/poukymon/packages/Newtonsoft.Json.12.0.2/lib/netstandard1.0/Newtonsoft.Json.dll","1.0","2019-04-22T00:06:16Z","fethy.faradji@infopro-digital.com"
"14/09/2026 09:53:14","source/repos/poukymon/packages/Newtonsoft.Json.12.0.2/lib/netstandard1.0/Newtonsoft.Json.xml","1.0","2019-04-21T23:57:20Z","fethy.faradji@infopro-digital.com"
"14/09/2026 09:53:15","source/repos/poukymon/packages/Newtonsoft.Json.12.0.2/lib/netstandard1.3/Newtonsoft.Json.dll","1.0","2019-04-22T00:06:16Z","fethy.faradji@infopro-digital.com"
"14/09/2026 09:53:15","source/repos/poukymon/packages/Newtonsoft.Json.12.0.2/lib/netstandard1.3/Newtonsoft.Json.xml","1.0","2019-04-21T23:57:18Z","fethy.faradji@infopro-digital.com"
"14/09/2026 09:53:20","source/repos/poukymon/packages/Newtonsoft.Json.12.0.2/lib/netstandard2.0/Newtonsoft.Json.dll","1.0","2019-04-22T00:06:16Z","fethy.faradji@infopro-digital.com"
"14/09/2026 09:53:20","source/repos/poukymon/packages/Newtonsoft.Json.12.0.2/lib/netstandard2.0/Newtonsoft.Json.xml","1.0","2019-04-21T23:57:16Z","fethy.faradji@infopro-digital.com"
"14/09/2026 09:53:21","source/repos/poukymon/packages/Newtonsoft.Json.12.0.2/lib/portable-net40+sl5+win8+wp8+wpa81/Newtonsoft.Json.xml","1.0","2019-04-21T23:57:42Z","fethy.faradji@infopro-digital.com"
"14/09/2026 09:53:21","source/repos/poukymon/packages/Newtonsoft.Json.12.0.2/lib/portable-net40+sl5+win8+wp8+wpa81/Newtonsoft.Json.dll","1.0","2019-04-22T00:06:16Z","fethy.faradji@infopro-digital.com"
"14/09/2026 09:53:26","source/repos/poukymon/packages/Newtonsoft.Json.12.0.2/lib/portable-net45+win8+wp8+wpa81/Newtonsoft.Json.dll","1.0","2019-04-22T00:06:16Z","fethy.faradji@infopro-digital.com"
"14/09/2026 09:53:26","source/repos/poukymon/packages/Newtonsoft.Json.12.0.2/lib/portable-net45+win8+wp8+wpa81/Newtonsoft.Json.xml","1.0","2019-04-21T23:57:44Z","fethy.faradji@infopro-digital.com"
"14/09/2026 09:53:27","source/repos/poukymon/packages/Newtonsoft.Json.12.0.2/.signature.p7s","1.0","2019-04-21T17:23:10Z","fethy.faradji@infopro-digital.com"
"14/09/2026 09:53:27","source/repos/poukymon/packages/Newtonsoft.Json.12.0.2/LICENSE.md","1.0","2019-04-21T23:53:56Z","fethy.faradji@infopro-digital.com"
"14/09/2026 09:53:32","source/repos/poukymon/packages/Newtonsoft.Json.12.0.2/Newtonsoft.Json.12.0.2.nupkg","1.0","2022-11-17T13:16:27Z","fethy.faradji@infopro-digital.com"
"14/09/2026 09:53:35","source/repos/poukymon/packages/Oracle.ManagedDataAccess.21.8.0/content/net462/App.config.install.xdt","1.0","2022-10-11T17:49:00Z","fethy.faradji@infopro-digital.com"
"14/09/2026 09:53:35","source/repos/poukymon/packages/Oracle.ManagedDataAccess.21.8.0/bin/x64/Oracle.ManagedDataAccessIOP.dll","1.0","2022-10-11T17:31:30Z","fethy.faradji@infopro-digital.com"
"14/09/2026 09:53:35","source/repos/poukymon/packages/Oracle.ManagedDataAccess.21.8.0/bin/x86/Oracle.ManagedDataAccessIOP.dll","1.0","2022-10-11T17:31:50Z","fethy.faradji@infopro-digital.com"
"14/09/2026 09:53:38","source/repos/poukymon/packages/Oracle.ManagedDataAccess.21.8.0/content/net462/App.config.transform","1.0","2019-11-15T07:24:50Z","fethy.faradji@infopro-digital.com"
"14/09/2026 09:53:40","source/repos/poukymon/packages/Oracle.ManagedDataAccess.21.8.0/content/net462/Oracle.DataAccess.Common.Configuration.Section.xsd","1.0","2015-12-11T08:54:24Z","fethy.faradji@infopro-digital.com"
"14/09/2026 09:53:40","source/repos/poukymon/packages/Oracle.ManagedDataAccess.21.8.0/content/net462/Oracle.ManagedDataAccess.Client.Configuration.Section.xsd","1.0","2018-10-19T00:50:30Z","fethy.faradji@infopro-digital.com"
"14/09/2026 09:53:40","source/repos/poukymon/packages/Oracle.ManagedDataAccess.21.8.0/content/net462/App.config.uninstall.xdt","1.0","2020-08-27T01:34:06Z","fethy.faradji@infopro-digital.com"
"14/09/2026 09:53:44","source/repos/poukymon/packages/Oracle.ManagedDataAccess.21.8.0/content/net462/Web.config.install.xdt","1.0","2022-10-11T17:49:00Z","fethy.faradji@infopro-digital.com"
"14/09/2026 09:53:45","source/repos/poukymon/packages/Oracle.ManagedDataAccess.21.8.0/content/net462/Web.config.transform","1.0","2019-11-15T07:24:50Z","fethy.faradji@infopro-digital.com"
"14/09/2026 09:53:45","source/repos/poukymon/packages/Oracle.ManagedDataAccess.21.8.0/content/net462/Web.config.uninstall.xdt","1.0","2020-08-27T01:34:06Z","fethy.faradji@infopro-digital.com"
"14/09/2026 09:53:47","source/repos/poukymon/packages/Oracle.ManagedDataAccess.21.8.0/lib/net462/Oracle.ManagedDataAccess.dll","1.0","2022-10-11T17:31:12Z","fethy.faradji@infopro-digital.com"
"14/09/2026 09:53:50","source/repos/poukymon/packages/Oracle.ManagedDataAccess.21.8.0/PerfCounters/register_odpm_perfmon_counters.ps1","1.0","2019-02-28T23:16:52Z","fethy.faradji@infopro-digital.com"
"14/09/2026 09:53:50","source/repos/poukymon/packages/Oracle.ManagedDataAccess.21.8.0/PerfCounters/unregister_odpm_perfmon_counters.ps1","1.0","2019-02-28T23:16:52Z","fethy.faradji@infopro-digital.com"
"14/09/2026 09:53:51","source/repos/poukymon/packages/Oracle.ManagedDataAccess.21.8.0/.signature.p7s","1.0","2022-10-17T17:44:08Z","fethy.faradji@infopro-digital.com"
"14/09/2026 09:53:55","source/repos/poukymon/packages/Oracle.ManagedDataAccess.21.8.0/info.txt","1.0","2021-06-17T23:35:48Z","fethy.faradji@infopro-digital.com"
"14/09/2026 09:53:55","source/repos/poukymon/packages/Oracle.ManagedDataAccess.21.8.0/LICENSE.txt","1.0","2022-07-27T22:57:10Z","fethy.faradji@infopro-digital.com"
"14/09/2026 09:53:56","source/repos/poukymon/packages/Oracle.ManagedDataAccess.21.8.0/Oracle.ManagedDataAccess.21.8.0.nupkg","1.0","2022-11-17T13:32:28Z","fethy.faradji@infopro-digital.com"
"14/09/2026 09:53:56","source/repos/poukymon/packages/Oracle.ManagedDataAccess.21.8.0/readme.txt","1.0","2022-10-11T17:49:00Z","fethy.faradji@infopro-digital.com"
"14/09/2026 09:54:02","source/repos/poukymon/packages/System.Buffers.4.5.1/lib/net461/System.Buffers.dll","1.0","2020-02-19T10:05:18Z","fethy.faradji@infopro-digital.com"
"14/09/2026 09:54:02","source/repos/poukymon/packages/System.Buffers.4.5.1/lib/net461/System.Buffers.xml","1.0","2020-02-19T10:05:18Z","fethy.faradji@infopro-digital.com"
"14/09/2026 09:54:02","source/repos/poukymon/packages/System.Buffers.4.5.1/lib/netcoreapp2.0/_._","1.0","2020-02-19T10:05:18Z","fethy.faradji@infopro-digital.com"
"14/09/2026 09:54:03","source/repos/poukymon/packages/System.Buffers.4.5.1/lib/netstandard1.1/System.Buffers.dll","1.0","2020-02-19T10:05:18Z","fethy.faradji@infopro-digital.com"
"14/09/2026 09:54:07","source/repos/poukymon/packages/System.Buffers.4.5.1/lib/netstandard1.1/System.Buffers.xml","1.0","2020-02-19T10:05:18Z","fethy.faradji@infopro-digital.com"
"14/09/2026 09:54:08","source/repos/poukymon/packages/System.Buffers.4.5.1/lib/netstandard2.0/System.Buffers.dll","1.0","2020-02-19T10:05:18Z","fethy.faradji@infopro-digital.com"
"14/09/2026 09:54:08","source/repos/poukymon/packages/System.Buffers.4.5.1/lib/netstandard2.0/System.Buffers.xml","1.0","2020-02-19T10:05:18Z","fethy.faradji@infopro-digital.com"
"14/09/2026 09:54:09","source/repos/poukymon/packages/System.Buffers.4.5.1/lib/uap10.0.16299/_._","1.0","2020-02-19T10:05:18Z","fethy.faradji@infopro-digital.com"
"14/09/2026 09:54:15","source/repos/poukymon/packages/System.Buffers.4.5.1/ref/net45/System.Buffers.dll","1.0","2020-02-19T10:05:18Z","fethy.faradji@infopro-digital.com"
"14/09/2026 09:54:15","source/repos/poukymon/packages/System.Buffers.4.5.1/ref/net45/System.Buffers.xml","1.0","2020-02-19T10:05:18Z","fethy.faradji@infopro-digital.com"
"14/09/2026 09:54:15","source/repos/poukymon/packages/System.Buffers.4.5.1/ref/netcoreapp2.0/_._","1.0","2020-02-19T10:05:18Z","fethy.faradji@infopro-digital.com"
"14/09/2026 09:54:17","source/repos/poukymon/packages/System.Buffers.4.5.1/ref/netstandard1.1/System.Buffers.dll","1.0","2020-02-19T10:05:18Z","fethy.faradji@infopro-digital.com"
"14/09/2026 09:54:20","source/repos/poukymon/packages/System.Buffers.4.5.1/ref/netstandard1.1/System.Buffers.xml","1.0","2020-02-19T10:05:18Z","fethy.faradji@infopro-digital.com"
"14/09/2026 09:54:21","source/repos/poukymon/packages/System.Buffers.4.5.1/ref/netstandard2.0/System.Buffers.dll","1.0","2020-02-19T10:05:18Z","fethy.faradji@infopro-digital.com"
"14/09/2026 09:54:22","source/repos/poukymon/packages/System.Buffers.4.5.1/ref/netstandard2.0/System.Buffers.xml","1.0","2020-02-19T10:05:18Z","fethy.faradji@infopro-digital.com"
"14/09/2026 09:54:23","source/repos/poukymon/packages/System.Buffers.4.5.1/ref/uap10.0.16299/_._","1.0","2020-02-19T10:05:18Z","fethy.faradji@infopro-digital.com"
"14/09/2026 09:54:26","source/repos/poukymon/packages/System.Buffers.4.5.1/.signature.p7s","1.0","2020-03-24T13:10:12Z","fethy.faradji@infopro-digital.com"
"14/09/2026 09:54:27","source/repos/poukymon/packages/System.Buffers.4.5.1/LICENSE.TXT","1.0","2020-02-19T10:05:18Z","fethy.faradji@infopro-digital.com"
"14/09/2026 09:54:27","source/repos/poukymon/packages/System.Buffers.4.5.1/System.Buffers.4.5.1.nupkg","1.0","2022-11-17T13:32:25Z","fethy.faradji@infopro-digital.com"
"14/09/2026 09:54:28","source/repos/poukymon/packages/System.Buffers.4.5.1/THIRD-PARTY-NOTICES.TXT","1.0","2020-02-19T10:05:18Z","fethy.faradji@infopro-digital.com"
"14/09/2026 09:54:30","source/repos/poukymon/packages/System.Buffers.4.5.1/useSharedDesignerContext.txt","1.0","2020-02-19T10:05:18Z","fethy.faradji@infopro-digital.com"
"14/09/2026 09:54:32","source/repos/poukymon/packages/System.Buffers.4.5.1/version.txt","1.0","2020-02-19T10:05:18Z","fethy.faradji@infopro-digital.com"
"14/09/2026 09:54:34","source/repos/poukymon/packages/System.Memory.4.5.4/lib/net461/System.Memory.xml","1.0","2020-02-19T10:05:18Z","fethy.faradji@infopro-digital.com"
"14/09/2026 09:54:34","source/repos/poukymon/packages/System.Memory.4.5.4/lib/net461/System.Memory.dll","1.0","2020-02-19T10:05:18Z","fethy.faradji@infopro-digital.com"
"14/09/2026 09:54:37","source/repos/poukymon/packages/System.Memory.4.5.4/lib/netcoreapp2.1/_._","1.0","2020-02-19T10:05:18Z","fethy.faradji@infopro-digital.com"
"14/09/2026 09:54:38","source/repos/poukymon/packages/System.Memory.4.5.4/lib/netstandard1.1/System.Memory.dll","1.0","2020-02-19T10:05:18Z","fethy.faradji@infopro-digital.com"
"14/09/2026 09:54:39","source/repos/poukymon/packages/System.Memory.4.5.4/lib/netstandard1.1/System.Memory.xml","1.0","2020-02-19T10:05:18Z","fethy.faradji@infopro-digital.com"
"14/09/2026 09:54:40","source/repos/poukymon/packages/System.Memory.4.5.4/lib/netstandard2.0/System.Memory.dll","1.0","2020-02-19T10:05:18Z","fethy.faradji@infopro-digital.com"
"14/09/2026 09:54:42","source/repos/poukymon/packages/System.Memory.4.5.4/lib/netstandard2.0/System.Memory.xml","1.0","2020-02-19T10:05:18Z","fethy.faradji@infopro-digital.com"
"14/09/2026 09:54:43","source/repos/poukymon/packages/System.Memory.4.5.4/ref/netcoreapp2.1/_._","1.0","2020-02-19T10:05:18Z","fethy.faradji@infopro-digital.com"
"14/09/2026 09:54:44","source/repos/poukymon/packages/System.Memory.4.5.4/.signature.p7s","1.0","2020-03-24T13:10:20Z","fethy.faradji@infopro-digital.com"
"14/09/2026 09:54:46","source/repos/poukymon/packages/System.Memory.4.5.4/LICENSE.TXT","1.0","2020-02-19T10:05:18Z","fethy.faradji@infopro-digital.com"
"14/09/2026 09:54:48","source/repos/poukymon/packages/System.Memory.4.5.4/System.Memory.4.5.4.nupkg","1.0","2022-11-17T13:32:26Z","fethy.faradji@infopro-digital.com"
"14/09/2026 09:54:49","source/repos/poukymon/packages/System.Memory.4.5.4/THIRD-PARTY-NOTICES.TXT","1.0","2020-02-19T10:05:18Z","fethy.faradji@infopro-digital.com"
"14/09/2026 09:54:49","source/repos/poukymon/packages/System.Memory.4.5.4/useSharedDesignerContext.txt","1.0","2020-02-19T10:05:18Z","fethy.faradji@infopro-digital.com"
"14/09/2026 09:54:51","source/repos/poukymon/packages/System.Memory.4.5.4/version.txt","1.0","2020-02-19T10:05:18Z","fethy.faradji@infopro-digital.com"
"14/09/2026 09:54:54","source/repos/poukymon/packages/System.Numerics.Vectors.4.5.0/lib/MonoAndroid10/_._","1.0","2018-05-15T13:29:44Z","fethy.faradji@infopro-digital.com"
"14/09/2026 09:54:54","source/repos/poukymon/packages/System.Numerics.Vectors.4.5.0/lib/MonoTouch10/_._","1.0","2018-05-15T13:29:44Z","fethy.faradji@infopro-digital.com"
"14/09/2026 09:54:55","source/repos/poukymon/packages/System.Numerics.Vectors.4.5.0/lib/net46/System.Numerics.Vectors.dll","1.0","2018-05-15T13:29:44Z","fethy.faradji@infopro-digital.com"
"14/09/2026 09:54:56","source/repos/poukymon/packages/System.Numerics.Vectors.4.5.0/lib/net46/System.Numerics.Vectors.xml","1.0","2018-05-15T13:29:44Z","fethy.faradji@infopro-digital.com"
"14/09/2026 09:54:59","source/repos/poukymon/packages/System.Numerics.Vectors.4.5.0/lib/netcoreapp2.0/_._","1.0","2018-05-15T13:29:44Z","fethy.faradji@infopro-digital.com"
"14/09/2026 09:55:00","source/repos/poukymon/packages/System.Numerics.Vectors.4.5.0/lib/netstandard1.0/System.Numerics.Vectors.dll","1.0","2018-05-15T13:29:44Z","fethy.faradji@infopro-digital.com"
"14/09/2026 09:55:00","source/repos/poukymon/packages/System.Numerics.Vectors.4.5.0/lib/netstandard1.0/System.Numerics.Vectors.xml","1.0","2018-05-15T13:29:44Z","fethy.faradji@infopro-digital.com"
"14/09/2026 09:55:01","source/repos/poukymon/packages/System.Numerics.Vectors.4.5.0/lib/netstandard2.0/System.Numerics.Vectors.dll","1.0","2018-05-15T13:29:44Z","fethy.faradji@infopro-digital.com"
"14/09/2026 09:55:04","source/repos/poukymon/packages/System.Numerics.Vectors.4.5.0/lib/netstandard2.0/System.Numerics.Vectors.xml","1.0","2018-05-15T13:29:44Z","fethy.faradji@infopro-digital.com"
"14/09/2026 09:55:05","source/repos/poukymon/packages/System.Numerics.Vectors.4.5.0/lib/portable-net45+win8+wp8+wpa81/System.Numerics.Vectors.dll","1.0","2018-05-15T13:29:44Z","fethy.faradji@infopro-digital.com"
"14/09/2026 09:55:05","source/repos/poukymon/packages/System.Numerics.Vectors.4.5.0/lib/portable-net45+win8+wp8+wpa81/System.Numerics.Vectors.xml","1.0","2018-05-15T13:29:44Z","fethy.faradji@infopro-digital.com"
"14/09/2026 09:55:06","source/repos/poukymon/packages/System.Numerics.Vectors.4.5.0/lib/uap10.0.16299/_._","1.0","2018-05-15T13:29:44Z","fethy.faradji@infopro-digital.com"
"14/09/2026 09:55:11","source/repos/poukymon/packages/System.Numerics.Vectors.4.5.0/lib/xamarinmac20/_._","1.0","2018-05-15T13:29:44Z","fethy.faradji@infopro-digital.com"
"14/09/2026 09:55:11","source/repos/poukymon/packages/System.Numerics.Vectors.4.5.0/lib/xamarinios10/_._","1.0","2018-05-15T13:29:44Z","fethy.faradji@infopro-digital.com"
"14/09/2026 09:55:12","source/repos/poukymon/packages/System.Numerics.Vectors.4.5.0/lib/xamarintvos10/_._","1.0","2018-05-15T13:29:44Z","fethy.faradji@infopro-digital.com"
"14/09/2026 09:55:12","source/repos/poukymon/packages/System.Numerics.Vectors.4.5.0/lib/xamarinwatchos10/_._","1.0","2018-05-15T13:29:44Z","fethy.faradji@infopro-digital.com"
"14/09/2026 09:55:17","source/repos/poukymon/packages/System.Numerics.Vectors.4.5.0/ref/MonoTouch10/_._","1.0","2018-05-15T13:29:44Z","fethy.faradji@infopro-digital.com"
"14/09/2026 09:55:17","source/repos/poukymon/packages/System.Numerics.Vectors.4.5.0/ref/MonoAndroid10/_._","1.0","2018-05-15T13:29:44Z","fethy.faradji@infopro-digital.com"
"14/09/2026 09:55:18","source/repos/poukymon/packages/System.Numerics.Vectors.4.5.0/ref/net45/System.Numerics.Vectors.dll","1.0","2018-05-15T13:29:44Z","fethy.faradji@infopro-digital.com"
"14/09/2026 09:55:18","source/repos/poukymon/packages/System.Numerics.Vectors.4.5.0/ref/net45/System.Numerics.Vectors.xml","1.0","2018-05-15T13:29:44Z","fethy.faradji@infopro-digital.com"
"14/09/2026 09:55:22","source/repos/poukymon/packages/System.Numerics.Vectors.4.5.0/ref/net46/System.Numerics.Vectors.xml","1.0","2018-05-15T13:29:44Z","fethy.faradji@infopro-digital.com"
"14/09/2026 09:55:22","source/repos/poukymon/packages/System.Numerics.Vectors.4.5.0/ref/net46/System.Numerics.Vectors.dll","1.0","2018-05-15T13:29:44Z","fethy.faradji@infopro-digital.com"
"14/09/2026 09:55:24","source/repos/poukymon/packages/System.Numerics.Vectors.4.5.0/ref/netcoreapp2.0/_._","1.0","2018-05-15T13:29:44Z","fethy.faradji@infopro-digital.com"
"14/09/2026 09:55:24","source/repos/poukymon/packages/System.Numerics.Vectors.4.5.0/ref/netstandard1.0/System.Numerics.Vectors.dll","1.0","2018-05-15T13:29:44Z","fethy.faradji@infopro-digital.com"
"14/09/2026 09:55:28","source/repos/poukymon/packages/System.Numerics.Vectors.4.5.0/ref/netstandard1.0/System.Numerics.Vectors.xml","1.0","2018-05-15T13:29:44Z","fethy.faradji@infopro-digital.com"
"14/09/2026 09:55:29","source/repos/poukymon/packages/System.Numerics.Vectors.4.5.0/ref/netstandard2.0/System.Numerics.Vectors.dll","1.0","2018-05-15T13:29:44Z","fethy.faradji@infopro-digital.com"
"14/09/2026 09:55:29","source/repos/poukymon/packages/System.Numerics.Vectors.4.5.0/ref/netstandard2.0/System.Numerics.Vectors.xml","1.0","2018-05-15T13:29:44Z","fethy.faradji@infopro-digital.com"
"14/09/2026 09:55:29","source/repos/poukymon/packages/System.Numerics.Vectors.4.5.0/ref/uap10.0.16299/_._","1.0","2018-05-15T13:29:44Z","fethy.faradji@infopro-digital.com"
"14/09/2026 09:55:33","source/repos/poukymon/packages/System.Numerics.Vectors.4.5.0/ref/xamarinios10/_._","1.0","2018-05-15T13:29:44Z","fethy.faradji@infopro-digital.com"
"14/09/2026 09:55:34","source/repos/poukymon/packages/System.Numerics.Vectors.4.5.0/ref/xamarinmac20/_._","1.0","2018-05-15T13:29:44Z","fethy.faradji@infopro-digital.com"
"14/09/2026 09:55:35","source/repos/poukymon/packages/System.Numerics.Vectors.4.5.0/ref/xamarintvos10/_._","1.0","2018-05-15T13:29:44Z","fethy.faradji@infopro-digital.com"
"14/09/2026 09:55:36","source/repos/poukymon/packages/System.Numerics.Vectors.4.5.0/ref/xamarinwatchos10/_._","1.0","2018-05-15T13:29:44Z","fethy.faradji@infopro-digital.com"
"14/09/2026 09:55:38","source/repos/poukymon/packages/System.Numerics.Vectors.4.5.0/.signature.p7s","1.0","2018-12-17T16:03:00Z","fethy.faradji@infopro-digital.com"
"14/09/2026 09:55:39","source/repos/poukymon/packages/System.Numerics.Vectors.4.5.0/LICENSE.TXT","1.0","2018-05-15T13:29:44Z","fethy.faradji@infopro-digital.com"
"14/09/2026 09:55:40","source/repos/poukymon/packages/System.Numerics.Vectors.4.5.0/System.Numerics.Vectors.4.5.0.nupkg","1.0","2022-11-17T13:32:25Z","fethy.faradji@infopro-digital.com"
"14/09/2026 09:55:41","source/repos/poukymon/packages/System.Numerics.Vectors.4.5.0/THIRD-PARTY-NOTICES.TXT","1.0","2018-05-15T13:29:44Z","fethy.faradji@infopro-digital.com"
"14/09/2026 09:55:42","source/repos/poukymon/packages/System.Numerics.Vectors.4.5.0/useSharedDesignerContext.txt","1.0","2018-05-15T13:29:44Z","fethy.faradji@infopro-digital.com"
"14/09/2026 09:55:44","source/repos/poukymon/packages/System.Numerics.Vectors.4.5.0/version.txt","1.0","2018-05-15T13:29:44Z","fethy.faradji@infopro-digital.com"
"14/09/2026 09:55:46","source/repos/poukymon/packages/System.Runtime.CompilerServices.Unsafe.6.0.0/buildTransitive/netcoreapp2.0/System.Runtime.CompilerServices.Unsafe.targets","1.0","2021-10-22T23:44:06Z","fethy.faradji@infopro-digital.com"
"14/09/2026 09:55:46","source/repos/poukymon/packages/System.Runtime.CompilerServices.Unsafe.6.0.0/buildTransitive/netcoreapp3.1/_._","1.0","2021-10-22T23:32:20Z","fethy.faradji@infopro-digital.com"
"14/09/2026 09:55:49","source/repos/poukymon/packages/System.Runtime.CompilerServices.Unsafe.6.0.0/lib/net461/System.Runtime.CompilerServices.Unsafe.dll","1.0","2021-10-22T23:40:18Z","fethy.faradji@infopro-digital.com"
"14/09/2026 09:55:50","source/repos/poukymon/packages/System.Runtime.CompilerServices.Unsafe.6.0.0/lib/net461/System.Runtime.CompilerServices.Unsafe.xml","1.0","2021-10-19T07:14:20Z","fethy.faradji@infopro-digital.com"
"14/09/2026 09:55:52","source/repos/poukymon/packages/System.Runtime.CompilerServices.Unsafe.6.0.0/lib/net6.0/System.Runtime.CompilerServices.Unsafe.dll","1.0","2021-10-22T23:38:58Z","fethy.faradji@infopro-digital.com"
"14/09/2026 09:55:53","source/repos/poukymon/packages/System.Runtime.CompilerServices.Unsafe.6.0.0/lib/net6.0/System.Runtime.CompilerServices.Unsafe.xml","1.0","2021-10-19T07:14:20Z","fethy.faradji@infopro-digital.com"
"14/09/2026 09:55:55","source/repos/poukymon/packages/System.Runtime.CompilerServices.Unsafe.6.0.0/lib/netcoreapp3.1/System.Runtime.CompilerServices.Unsafe.dll","1.0","2021-10-22T23:40:56Z","fethy.faradji@infopro-digital.com"
"14/09/2026 09:55:55","source/repos/poukymon/packages/System.Runtime.CompilerServices.Unsafe.6.0.0/lib/netcoreapp3.1/System.Runtime.CompilerServices.Unsafe.xml","1.0","2021-10-19T07:14:20Z","fethy.faradji@infopro-digital.com"
"14/09/2026 09:55:57","source/repos/poukymon/packages/System.Runtime.CompilerServices.Unsafe.6.0.0/lib/netstandard2.0/System.Runtime.CompilerServices.Unsafe.dll","1.0","2021-10-22T23:40:46Z","fethy.faradji@infopro-digital.com"
"14/09/2026 09:55:58","source/repos/poukymon/packages/System.Runtime.CompilerServices.Unsafe.6.0.0/lib/netstandard2.0/System.Runtime.CompilerServices.Unsafe.xml","1.0","2021-10-19T07:14:20Z","fethy.faradji@infopro-digital.com"
"14/09/2026 09:56:01","source/repos/poukymon/packages/System.Runtime.CompilerServices.Unsafe.6.0.0/.signature.p7s","1.0","2021-11-07T22:33:56Z","fethy.faradji@infopro-digital.com"
"14/09/2026 09:56:01","source/repos/poukymon/packages/System.Runtime.CompilerServices.Unsafe.6.0.0/Icon.png","1.0","2021-10-22T18:16:38Z","fethy.faradji@infopro-digital.com"
"14/09/2026 09:56:02","source/repos/poukymon/packages/System.Runtime.CompilerServices.Unsafe.6.0.0/LICENSE.TXT","1.0","2021-10-22T23:32:20Z","fethy.faradji@infopro-digital.com"
"14/09/2026 09:56:02","source/repos/poukymon/packages/System.Runtime.CompilerServices.Unsafe.6.0.0/System.Runtime.CompilerServices.Unsafe.6.0.0.nupkg","1.0","2022-11-17T13:32:26Z","fethy.faradji@infopro-digital.com"
"14/09/2026 09:56:05","source/repos/poukymon/packages/System.Runtime.CompilerServices.Unsafe.6.0.0/THIRD-PARTY-NOTICES.TXT","1.0","2021-10-22T23:32:20Z","fethy.faradji@infopro-digital.com"
"14/09/2026 09:56:06","source/repos/poukymon/packages/System.Runtime.CompilerServices.Unsafe.6.0.0/useSharedDesignerContext.txt","1.0","2021-10-22T23:32:20Z","fethy.faradji@infopro-digital.com"
"14/09/2026 09:56:08","source/repos/poukymon/packages/System.Text.Encodings.Web.6.0.0/buildTransitive/netcoreapp3.1/_._","1.0","2021-10-22T23:32:20Z","fethy.faradji@infopro-digital.com"
"14/09/2026 09:56:08","source/repos/poukymon/packages/System.Text.Encodings.Web.6.0.0/buildTransitive/netcoreapp2.0/System.Text.Encodings.Web.targets","1.0","2021-10-22T23:45:38Z","fethy.faradji@infopro-digital.com"
"14/09/2026 09:56:12","source/repos/poukymon/packages/System.Text.Encodings.Web.6.0.0/lib/net461/System.Text.Encodings.Web.xml","1.0","2021-10-19T07:14:20Z","fethy.faradji@infopro-digital.com"
"14/09/2026 09:56:13","source/repos/poukymon/packages/System.Text.Encodings.Web.6.0.0/lib/net461/System.Text.Encodings.Web.dll","1.0","2021-10-22T23:41:14Z","fethy.faradji@infopro-digital.com"
"14/09/2026 09:56:14","source/repos/poukymon/packages/System.Text.Encodings.Web.6.0.0/lib/net6.0/System.Text.Encodings.Web.dll","1.0","2021-10-22T23:41:10Z","fethy.faradji@infopro-digital.com"
"14/09/2026 09:56:15","source/repos/poukymon/packages/System.Text.Encodings.Web.6.0.0/lib/net6.0/System.Text.Encodings.Web.xml","1.0","2021-10-19T07:14:20Z","fethy.faradji@infopro-digital.com"
"14/09/2026 09:56:18","source/repos/poukymon/packages/System.Text.Encodings.Web.6.0.0/lib/netcoreapp3.1/System.Text.Encodings.Web.dll","1.0","2021-10-22T23:41:26Z","fethy.faradji@infopro-digital.com"
"14/09/2026 09:56:19","source/repos/poukymon/packages/System.Text.Encodings.Web.6.0.0/lib/netcoreapp3.1/System.Text.Encodings.Web.xml","1.0","2021-10-19T07:14:20Z","fethy.faradji@infopro-digital.com"
"14/09/2026 09:56:20","source/repos/poukymon/packages/System.Text.Encodings.Web.6.0.0/lib/netstandard2.0/System.Text.Encodings.Web.xml","1.0","2021-10-19T07:14:20Z","fethy.faradji@infopro-digital.com"
"14/09/2026 09:56:20","source/repos/poukymon/packages/System.Text.Encodings.Web.6.0.0/lib/netstandard2.0/System.Text.Encodings.Web.dll","1.0","2021-10-22T23:42:22Z","fethy.faradji@infopro-digital.com"
"14/09/2026 09:56:26","source/repos/poukymon/packages/System.Text.Encodings.Web.6.0.0/runtimes/browser/lib/net6.0/System.Text.Encodings.Web.xml","1.0","2021-10-19T07:14:20Z","fethy.faradji@infopro-digital.com"
"14/09/2026 09:56:26","source/repos/poukymon/packages/System.Text.Encodings.Web.6.0.0/.signature.p7s","1.0","2021-11-07T22:41:20Z","fethy.faradji@infopro-digital.com"
"14/09/2026 09:56:26","source/repos/poukymon/packages/System.Text.Encodings.Web.6.0.0/runtimes/browser/lib/net6.0/System.Text.Encodings.Web.dll","1.0","2021-10-22T23:45:34Z","fethy.faradji@infopro-digital.com"
"14/09/2026 09:56:27","source/repos/poukymon/packages/System.Text.Encodings.Web.6.0.0/Icon.png","1.0","2021-10-22T18:16:38Z","fethy.faradji@infopro-digital.com"
"14/09/2026 09:56:31","source/repos/poukymon/packages/System.Text.Encodings.Web.6.0.0/LICENSE.TXT","1.0","2021-10-22T23:32:20Z","fethy.faradji@infopro-digital.com"
"14/09/2026 09:56:31","source/repos/poukymon/packages/System.Text.Encodings.Web.6.0.0/System.Text.Encodings.Web.6.0.0.nupkg","1.0","2022-11-17T13:32:26Z","fethy.faradji@infopro-digital.com"
"14/09/2026 09:56:32","source/repos/poukymon/packages/System.Text.Encodings.Web.6.0.0/THIRD-PARTY-NOTICES.TXT","1.0","2021-10-22T23:32:20Z","fethy.faradji@infopro-digital.com"
"14/09/2026 09:56:32","source/repos/poukymon/packages/System.Text.Encodings.Web.6.0.0/useSharedDesignerContext.txt","1.0","2021-10-22T23:32:20Z","fethy.faradji@infopro-digital.com"
"14/09/2026 09:56:38","source/repos/poukymon/packages/System.Text.Json.6.0.0/build/System.Text.Json.targets","1.0","2021-10-22T23:45:28Z","fethy.faradji@infopro-digital.com"
"14/09/2026 09:56:38","source/repos/poukymon/packages/System.Text.Json.6.0.0/buildTransitive/netcoreapp2.0/System.Text.Json.targets","1.0","2021-10-22T23:45:10Z","fethy.faradji@infopro-digital.com"
"14/09/2026 09:56:38","source/repos/poukymon/packages/System.Text.Json.6.0.0/buildTransitive/netcoreapp3.1/_._","1.0","2021-10-22T23:32:20Z","fethy.faradji@infopro-digital.com"
"14/09/2026 09:56:39","source/repos/poukymon/packages/System.Text.Json.6.0.0/lib/net461/System.Text.Json.dll","1.0","2021-10-22T23:44:26Z","fethy.faradji@infopro-digital.com"
"14/09/2026 09:56:44","source/repos/poukymon/packages/System.Text.Json.6.0.0/lib/net461/System.Text.Json.xml","1.0","2021-10-19T07:14:20Z","fethy.faradji@infopro-digital.com"
"14/09/2026 09:56:45","source/repos/poukymon/packages/System.Text.Json.6.0.0/lib/net6.0/System.Text.Json.xml","1.0","2021-10-19T07:14:20Z","fethy.faradji@infopro-digital.com"
"14/09/2026 09:56:45","source/repos/poukymon/packages/System.Text.Json.6.0.0/lib/netcoreapp3.1/System.Text.Json.dll","1.0","2021-10-22T23:44:34Z","fethy.faradji@infopro-digital.com"
"14/09/2026 09:56:45","source/repos/poukymon/packages/System.Text.Json.6.0.0/lib/net6.0/System.Text.Json.dll","1.0","2021-10-22T23:44:22Z","fethy.faradji@infopro-digital.com"
"14/09/2026 09:56:49","source/repos/poukymon/packages/System.Text.Json.6.0.0/lib/netcoreapp3.1/System.Text.Json.xml","1.0","2021-10-19T07:14:20Z","fethy.faradji@infopro-digital.com"
"14/09/2026 09:56:50","source/repos/poukymon/packages/System.Text.Json.6.0.0/lib/netstandard2.0/System.Text.Json.xml","1.0","2021-10-19T07:14:20Z","fethy.faradji@infopro-digital.com"
"14/09/2026 09:56:50","source/repos/poukymon/packages/System.Text.Json.6.0.0/lib/netstandard2.0/System.Text.Json.dll","1.0","2021-10-22T23:45:06Z","fethy.faradji@infopro-digital.com"
"14/09/2026 09:56:51","source/repos/poukymon/packages/System.Text.Json.6.0.0/.signature.p7s","1.0","2021-11-07T22:36:08Z","fethy.faradji@infopro-digital.com"
"14/09/2026 09:56:54","source/repos/poukymon/packages/System.Text.Json.6.0.0/Icon.png","1.0","2021-10-22T18:16:38Z","fethy.faradji@infopro-digital.com"
"14/09/2026 09:56:55","source/repos/poukymon/packages/System.Text.Json.6.0.0/LICENSE.TXT","1.0","2021-10-22T23:32:20Z","fethy.faradji@infopro-digital.com"
"14/09/2026 09:56:55","source/repos/poukymon/packages/System.Text.Json.6.0.0/System.Text.Json.6.0.0.nupkg","1.0","2022-11-17T13:32:28Z","fethy.faradji@infopro-digital.com"
"14/09/2026 09:56:56","source/repos/poukymon/packages/System.Text.Json.6.0.0/THIRD-PARTY-NOTICES.TXT","1.0","2021-10-22T23:32:20Z","fethy.faradji@infopro-digital.com"
"14/09/2026 09:56:59","source/repos/poukymon/packages/System.Text.Json.6.0.0/useSharedDesignerContext.txt","1.0","2021-10-22T23:32:20Z","fethy.faradji@infopro-digital.com"
"14/09/2026 09:57:02","source/repos/poukymon/packages/System.Threading.Tasks.Extensions.4.5.4/lib/MonoAndroid10/_._","1.0","2020-02-19T10:05:18Z","fethy.faradji@infopro-digital.com"
"14/09/2026 09:57:02","source/repos/poukymon/packages/System.Threading.Tasks.Extensions.4.5.4/lib/MonoTouch10/_._","1.0","2020-02-19T10:05:18Z","fethy.faradji@infopro-digital.com"
"14/09/2026 09:57:02","source/repos/poukymon/packages/System.Threading.Tasks.Extensions.4.5.4/lib/net461/System.Threading.Tasks.Extensions.dll","1.0","2020-02-19T10:05:18Z","fethy.faradji@infopro-digital.com"
"14/09/2026 09:57:04","source/repos/poukymon/packages/System.Threading.Tasks.Extensions.4.5.4/lib/net461/System.Threading.Tasks.Extensions.xml","1.0","2020-02-19T10:05:18Z","fethy.faradji@infopro-digital.com"
"14/09/2026 09:57:07","source/repos/poukymon/packages/System.Threading.Tasks.Extensions.4.5.4/lib/netcoreapp2.1/_._","1.0","2020-02-19T10:05:18Z","fethy.faradji@infopro-digital.com"
"14/09/2026 09:57:08","source/repos/poukymon/packages/System.Threading.Tasks.Extensions.4.5.4/lib/netstandard1.0/System.Threading.Tasks.Extensions.dll","1.0","2020-02-19T10:05:18Z","fethy.faradji@infopro-digital.com"
"14/09/2026 09:57:09","source/repos/poukymon/packages/System.Threading.Tasks.Extensions.4.5.4/lib/netstandard1.0/System.Threading.Tasks.Extensions.xml","1.0","2020-02-19T10:05:18Z","fethy.faradji@infopro-digital.com"
"14/09/2026 09:57:10","source/repos/poukymon/packages/System.Threading.Tasks.Extensions.4.5.4/lib/netstandard2.0/System.Threading.Tasks.Extensions.dll","1.0","2020-02-19T10:05:18Z","fethy.faradji@infopro-digital.com"
"14/09/2026 09:57:13","source/repos/poukymon/packages/System.Threading.Tasks.Extensions.4.5.4/lib/netstandard2.0/System.Threading.Tasks.Extensions.xml","1.0","2020-02-19T10:05:18Z","fethy.faradji@infopro-digital.com"
"14/09/2026 09:57:14","source/repos/poukymon/packages/System.Threading.Tasks.Extensions.4.5.4/lib/portable-net45+win8+wp8+wpa81/System.Threading.Tasks.Extensions.dll","1.0","2020-02-19T10:05:18Z","fethy.faradji@infopro-digital.com"
"14/09/2026 09:57:14","source/repos/poukymon/packages/System.Threading.Tasks.Extensions.4.5.4/lib/portable-net45+win8+wp8+wpa81/System.Threading.Tasks.Extensions.xml","1.0","2020-02-19T10:05:18Z","fethy.faradji@infopro-digital.com"
"14/09/2026 09:57:15","source/repos/poukymon/packages/System.Threading.Tasks.Extensions.4.5.4/lib/xamarinios10/_._","1.0","2020-02-19T10:05:18Z","fethy.faradji@infopro-digital.com"
"14/09/2026 09:57:18","source/repos/poukymon/packages/System.Threading.Tasks.Extensions.4.5.4/lib/xamarinmac20/_._","1.0","2020-02-19T10:05:18Z","fethy.faradji@infopro-digital.com"
"14/09/2026 09:57:19","source/repos/poukymon/packages/System.Threading.Tasks.Extensions.4.5.4/lib/xamarintvos10/_._","1.0","2020-02-19T10:05:18Z","fethy.faradji@infopro-digital.com"
"14/09/2026 09:57:21","source/repos/poukymon/packages/System.Threading.Tasks.Extensions.4.5.4/lib/xamarinwatchos10/_._","1.0","2020-02-19T10:05:18Z","fethy.faradji@infopro-digital.com"
"14/09/2026 09:57:21","source/repos/poukymon/packages/System.Threading.Tasks.Extensions.4.5.4/ref/MonoAndroid10/_._","1.0","2020-02-19T10:05:18Z","fethy.faradji@infopro-digital.com"
"14/09/2026 09:57:25","source/repos/poukymon/packages/System.Threading.Tasks.Extensions.4.5.4/ref/MonoTouch10/_._","1.0","2020-02-19T10:05:18Z","fethy.faradji@infopro-digital.com"
"14/09/2026 09:57:25","source/repos/poukymon/packages/System.Threading.Tasks.Extensions.4.5.4/ref/netcoreapp2.1/_._","1.0","2020-02-19T10:05:18Z","fethy.faradji@infopro-digital.com"
"14/09/2026 09:57:27","source/repos/poukymon/packages/System.Threading.Tasks.Extensions.4.5.4/ref/xamarinios10/_._","1.0","2020-02-19T10:05:18Z","fethy.faradji@infopro-digital.com"
"14/09/2026 09:57:28","source/repos/poukymon/packages/System.Threading.Tasks.Extensions.4.5.4/ref/xamarinmac20/_._","1.0","2020-02-19T10:05:18Z","fethy.faradji@infopro-digital.com"
"14/09/2026 09:57:32","source/repos/poukymon/packages/System.Threading.Tasks.Extensions.4.5.4/ref/xamarinwatchos10/_._","1.0","2020-02-19T10:05:18Z","fethy.faradji@infopro-digital.com"
"14/09/2026 09:57:32","source/repos/poukymon/packages/System.Threading.Tasks.Extensions.4.5.4/ref/xamarintvos10/_._","1.0","2020-02-19T10:05:18Z","fethy.faradji@infopro-digital.com"
"14/09/2026 09:57:33","source/repos/poukymon/packages/System.Threading.Tasks.Extensions.4.5.4/.signature.p7s","1.0","2020-03-24T13:10:24Z","fethy.faradji@infopro-digital.com"
"14/09/2026 09:57:34","source/repos/poukymon/packages/System.Threading.Tasks.Extensions.4.5.4/LICENSE.TXT","1.0","2020-02-19T10:05:18Z","fethy.faradji@infopro-digital.com"
"14/09/2026 09:57:36","source/repos/poukymon/packages/System.Threading.Tasks.Extensions.4.5.4/System.Threading.Tasks.Extensions.4.5.4.nupkg","1.0","2022-11-17T13:32:27Z","fethy.faradji@infopro-digital.com"
"14/09/2026 09:57:38","source/repos/poukymon/packages/System.Threading.Tasks.Extensions.4.5.4/THIRD-PARTY-NOTICES.TXT","1.0","2020-02-19T10:05:18Z","fethy.faradji@infopro-digital.com"
"14/09/2026 09:57:39","source/repos/poukymon/packages/System.Threading.Tasks.Extensions.4.5.4/useSharedDesignerContext.txt","1.0","2020-02-19T10:05:18Z","fethy.faradji@infopro-digital.com"
"14/09/2026 09:57:39","source/repos/poukymon/packages/System.Threading.Tasks.Extensions.4.5.4/version.txt","1.0","2020-02-19T10:05:18Z","fethy.faradji@infopro-digital.com"
"14/09/2026 09:57:44","source/repos/poukymon/packages/System.ValueTuple.4.5.0/lib/MonoAndroid10/_._","1.0","2018-05-15T13:29:52Z","fethy.faradji@infopro-digital.com"
"14/09/2026 09:57:44","source/repos/poukymon/packages/System.ValueTuple.4.5.0/lib/MonoTouch10/_._","1.0","2018-05-15T13:29:52Z","fethy.faradji@infopro-digital.com"
"14/09/2026 09:57:46","source/repos/poukymon/packages/System.ValueTuple.4.5.0/lib/net461/System.ValueTuple.dll","1.0","2018-05-15T13:29:52Z","fethy.faradji@infopro-digital.com"
"14/09/2026 09:57:48","source/repos/poukymon/packages/System.ValueTuple.4.5.0/lib/net461/System.ValueTuple.xml","1.0","2018-05-15T13:29:52Z","fethy.faradji@infopro-digital.com"
"14/09/2026 09:57:50","source/repos/poukymon/packages/System.ValueTuple.4.5.0/lib/net47/System.ValueTuple.dll","1.0","2018-05-15T13:29:52Z","fethy.faradji@infopro-digital.com"
"14/09/2026 09:57:51","source/repos/poukymon/packages/System.ValueTuple.4.5.0/lib/net47/System.ValueTuple.xml","1.0","2018-05-15T13:29:52Z","fethy.faradji@infopro-digital.com"
"14/09/2026 09:57:51","source/repos/poukymon/packages/System.ValueTuple.4.5.0/lib/netcoreapp2.0/_._","1.0","2018-05-15T13:29:52Z","fethy.faradji@infopro-digital.com"
"14/09/2026 09:57:52","source/repos/poukymon/packages/System.ValueTuple.4.5.0/lib/netstandard1.0/System.ValueTuple.dll","1.0","2018-05-15T13:29:52Z","fethy.faradji@infopro-digital.com"
"14/09/2026 09:57:55","source/repos/poukymon/packages/System.ValueTuple.4.5.0/lib/netstandard1.0/System.ValueTuple.xml","1.0","2018-05-15T13:29:52Z","fethy.faradji@infopro-digital.com"
"14/09/2026 09:57:56","source/repos/poukymon/packages/System.ValueTuple.4.5.0/lib/netstandard2.0/_._","1.0","2018-05-15T13:29:52Z","fethy.faradji@infopro-digital.com"
"14/09/2026 09:57:56","source/repos/poukymon/packages/System.ValueTuple.4.5.0/lib/portable-net40+sl4+win8+wp8/System.ValueTuple.dll","1.0","2018-05-15T13:29:52Z","fethy.faradji@infopro-digital.com"
"14/09/2026 09:57:57","source/repos/poukymon/packages/System.ValueTuple.4.5.0/lib/portable-net40+sl4+win8+wp8/System.ValueTuple.xml","1.0","2018-05-15T13:29:52Z","fethy.faradji@infopro-digital.com"
"14/09/2026 09:58:01","source/repos/poukymon/packages/System.ValueTuple.4.5.0/lib/uap10.0.16299/_._","1.0","2018-05-15T13:29:52Z","fethy.faradji@infopro-digital.com"
"14/09/2026 09:58:01","source/repos/poukymon/packages/System.ValueTuple.4.5.0/lib/xamarinios10/_._","1.0","2018-05-15T13:29:52Z","fethy.faradji@infopro-digital.com"
"14/09/2026 09:58:02","source/repos/poukymon/packages/System.ValueTuple.4.5.0/lib/xamarinmac20/_._","1.0","2018-05-15T13:29:52Z","fethy.faradji@infopro-digital.com"
"14/09/2026 09:58:04","source/repos/poukymon/packages/System.ValueTuple.4.5.0/lib/xamarintvos10/_._","1.0","2018-05-15T13:29:52Z","fethy.faradji@infopro-digital.com"
"14/09/2026 09:58:07","source/repos/poukymon/packages/System.ValueTuple.4.5.0/lib/xamarinwatchos10/_._","1.0","2018-05-15T13:29:52Z","fethy.faradji@infopro-digital.com"
"14/09/2026 09:58:09","source/repos/poukymon/packages/System.ValueTuple.4.5.0/ref/MonoAndroid10/_._","1.0","2018-05-15T13:29:52Z","fethy.faradji@infopro-digital.com"
"14/09/2026 09:58:10","source/repos/poukymon/packages/System.ValueTuple.4.5.0/ref/MonoTouch10/_._","1.0","2018-05-15T13:29:52Z","fethy.faradji@infopro-digital.com"
"14/09/2026 09:58:10","source/repos/poukymon/packages/System.ValueTuple.4.5.0/ref/net461/System.ValueTuple.dll","1.0","2018-05-15T13:29:52Z","fethy.faradji@infopro-digital.com"
"14/09/2026 09:58:14","source/repos/poukymon/packages/System.ValueTuple.4.5.0/ref/net47/System.ValueTuple.dll","1.0","2018-05-15T13:29:52Z","fethy.faradji@infopro-digital.com"
"14/09/2026 09:58:14","source/repos/poukymon/packages/System.ValueTuple.4.5.0/ref/netcoreapp2.0/_._","1.0","2018-05-15T13:29:52Z","fethy.faradji@infopro-digital.com"
"14/09/2026 09:58:15","source/repos/poukymon/packages/System.ValueTuple.4.5.0/ref/portable-net40+sl4+win8+wp8/System.ValueTuple.dll","1.0","2018-05-15T13:29:52Z","fethy.faradji@infopro-digital.com"
"14/09/2026 09:58:16","source/repos/poukymon/packages/System.ValueTuple.4.5.0/ref/netstandard2.0/_._","1.0","2018-05-15T13:29:52Z","fethy.faradji@infopro-digital.com"
"14/09/2026 09:58:19","source/repos/poukymon/packages/System.ValueTuple.4.5.0/ref/uap10.0.16299/_._","1.0","2018-05-15T13:29:52Z","fethy.faradji@infopro-digital.com"
"14/09/2026 09:58:20","source/repos/poukymon/packages/System.ValueTuple.4.5.0/ref/xamarinios10/_._","1.0","2018-05-15T13:29:52Z","fethy.faradji@infopro-digital.com"
"14/09/2026 09:58:20","source/repos/poukymon/packages/System.ValueTuple.4.5.0/ref/xamarinmac20/_._","1.0","2018-05-15T13:29:52Z","fethy.faradji@infopro-digital.com"
"14/09/2026 09:58:22","source/repos/poukymon/packages/System.ValueTuple.4.5.0/ref/xamarintvos10/_._","1.0","2018-05-15T13:29:52Z","fethy.faradji@infopro-digital.com"
"14/09/2026 09:58:26","source/repos/poukymon/packages/System.ValueTuple.4.5.0/.signature.p7s","1.0","2018-12-17T16:20:26Z","fethy.faradji@infopro-digital.com"
"14/09/2026 09:58:26","source/repos/poukymon/packages/System.ValueTuple.4.5.0/ref/xamarinwatchos10/_._","1.0","2018-05-15T13:29:52Z","fethy.faradji@infopro-digital.com"
"14/09/2026 09:58:26","source/repos/poukymon/packages/System.ValueTuple.4.5.0/LICENSE.TXT","1.0","2018-05-15T13:29:52Z","fethy.faradji@infopro-digital.com"
"14/09/2026 09:58:27","source/repos/poukymon/packages/System.ValueTuple.4.5.0/System.ValueTuple.4.5.0.nupkg","1.0","2022-11-17T13:32:27Z","fethy.faradji@infopro-digital.com"
"14/09/2026 09:58:32","source/repos/poukymon/packages/System.ValueTuple.4.5.0/THIRD-PARTY-NOTICES.TXT","1.0","2018-05-15T13:29:52Z","fethy.faradji@infopro-digital.com"
"14/09/2026 09:58:33","source/repos/poukymon/packages/System.ValueTuple.4.5.0/version.txt","1.0","2018-05-15T13:29:52Z","fethy.faradji@infopro-digital.com"
"14/09/2026 09:58:33","source/repos/poukymon/packages/System.ValueTuple.4.5.0/useSharedDesignerContext.txt","1.0","2018-05-15T13:29:52Z","fethy.faradji@infopro-digital.com"
"14/09/2026 09:58:34","source/repos/poukymon/packages/WebGrease.1.6.0/lib/WebGrease.dll","1.0","2014-01-23T12:57:34Z","fethy.faradji@infopro-digital.com"
"14/09/2026 09:58:38","source/repos/poukymon/packages/WebGrease.1.6.0/tools/WG.EXE","1.0","2014-01-23T12:57:34Z","fethy.faradji@infopro-digital.com"
"14/09/2026 09:58:39","source/repos/poukymon/packages/WebGrease.1.6.0/.signature.p7s","1.0","2018-12-13T12:58:30Z","fethy.faradji@infopro-digital.com"
"14/09/2026 09:58:39","source/repos/poukymon/packages/WebGrease.1.6.0/WebGrease.1.6.0.nupkg","1.0","2022-11-17T13:16:31Z","fethy.faradji@infopro-digital.com"
"14/09/2026 09:58:40","source/repos/poukymon/poukymon/App_Start/BundleConfig.cs","1.0","2022-11-17T14:27:12Z","fethy.faradji@infopro-digital.com"
"14/09/2026 09:58:43","source/repos/poukymon/poukymon/App_Start/FilterConfig.cs","1.0","2022-11-17T13:16:26Z","fethy.faradji@infopro-digital.com"
"14/09/2026 09:58:44","source/repos/poukymon/poukymon/App_Start/RouteConfig.cs","1.0","2022-11-17T13:16:26Z","fethy.faradji@infopro-digital.com"
"14/09/2026 09:58:46","source/repos/poukymon/poukymon/bin/fr/System.Web.Helpers.resources.dll","1.0","2018-11-28T13:04:38Z","fethy.faradji@infopro-digital.com"
"14/09/2026 09:58:46","source/repos/poukymon/poukymon/bin/fr/System.Web.Mvc.resources.dll","1.0","2018-11-28T13:00:00Z","fethy.faradji@infopro-digital.com"
"14/09/2026 09:58:49","source/repos/poukymon/poukymon/bin/fr/System.Web.Optimization.resources.dll","1.0","2014-02-11T15:28:42Z","fethy.faradji@infopro-digital.com"
"14/09/2026 09:58:50","source/repos/poukymon/poukymon/bin/fr/System.Web.WebPages.Deployment.resources.dll","1.0","2018-11-28T13:04:38Z","fethy.faradji@infopro-digital.com"
"14/09/2026 09:58:50","source/repos/poukymon/poukymon/bin/fr/System.Web.WebPages.Razor.resources.dll","1.0","2018-11-28T13:04:38Z","fethy.faradji@infopro-digital.com"
"14/09/2026 09:58:50","source/repos/poukymon/poukymon/bin/fr/System.Web.Razor.resources.dll","1.0","2018-11-28T13:00:24Z","fethy.faradji@infopro-digital.com"
"14/09/2026 09:58:54","source/repos/poukymon/poukymon/bin/fr/System.Web.WebPages.resources.dll","1.0","2018-11-28T13:04:38Z","fethy.faradji@infopro-digital.com"
"14/09/2026 09:58:56","source/repos/poukymon/poukymon/bin/roslyn/csc.exe.config","1.0","2018-08-08T11:18:12Z","fethy.faradji@infopro-digital.com"
"14/09/2026 09:58:56","source/repos/poukymon/poukymon/bin/roslyn/csc.exe","1.0","2018-08-08T04:38:48Z","fethy.faradji@infopro-digital.com"
"14/09/2026 09:58:56","source/repos/poukymon/poukymon/bin/roslyn/csc.rsp","1.0","2018-08-08T11:09:42Z","fethy.faradji@infopro-digital.com"
"14/09/2026 09:58:59","source/repos/poukymon/poukymon/bin/roslyn/csi.exe","1.0","2018-08-08T04:38:48Z","fethy.faradji@infopro-digital.com"
"14/09/2026 09:59:00","source/repos/poukymon/poukymon/bin/roslyn/csi.exe.config","1.0","2018-08-08T11:18:34Z","fethy.faradji@infopro-digital.com"
"14/09/2026 09:59:01","source/repos/poukymon/poukymon/bin/roslyn/csi.rsp","1.0","2018-08-08T11:09:56Z","fethy.faradji@infopro-digital.com"
"14/09/2026 09:59:01","source/repos/poukymon/poukymon/bin/roslyn/Microsoft.Build.Tasks.CodeAnalysis.dll","1.0","2018-08-08T04:38:48Z","fethy.faradji@infopro-digital.com"
"14/09/2026 09:59:04","source/repos/poukymon/poukymon/bin/roslyn/Microsoft.CodeAnalysis.CSharp.dll","1.0","2018-08-08T04:38:48Z","fethy.faradji@infopro-digital.com"
"14/09/2026 09:59:05","source/repos/poukymon/poukymon/bin/roslyn/Microsoft.CodeAnalysis.dll","1.0","2018-08-08T04:38:48Z","fethy.faradji@infopro-digital.com"
"14/09/2026 09:59:05","source/repos/poukymon/poukymon/bin/roslyn/Microsoft.CodeAnalysis.CSharp.Scripting.dll","1.0","2018-08-08T04:38:48Z","fethy.faradji@infopro-digital.com"
"14/09/2026 09:59:06","source/repos/poukymon/poukymon/bin/roslyn/Microsoft.CodeAnalysis.Scripting.dll","1.0","2018-08-08T04:38:48Z","fethy.faradji@infopro-digital.com"
"14/09/2026 09:59:08","source/repos/poukymon/poukymon/bin/roslyn/Microsoft.CodeAnalysis.VisualBasic.dll","1.0","2018-08-08T04:38:48Z","fethy.faradji@infopro-digital.com"
"14/09/2026 09:59:10","source/repos/poukymon/poukymon/bin/roslyn/Microsoft.CSharp.Core.targets","1.0","2018-08-08T11:09:42Z","fethy.faradji@infopro-digital.com"
"14/09/2026 09:59:10","source/repos/poukymon/poukymon/bin/roslyn/Microsoft.DiaSymReader.Native.amd64.dll","1.0","2017-12-05T08:36:44Z","fethy.faradji@infopro-digital.com"
"14/09/2026 09:59:11","source/repos/poukymon/poukymon/bin/roslyn/Microsoft.DiaSymReader.Native.x86.dll","1.0","2017-12-05T08:36:44Z","fethy.faradji@infopro-digital.com"
"14/09/2026 09:59:14","source/repos/poukymon/poukymon/bin/roslyn/Microsoft.Managed.Core.targets","1.0","2018-08-08T11:09:42Z","fethy.faradji@infopro-digital.com"
"14/09/2026 09:59:15","source/repos/poukymon/poukymon/bin/roslyn/Microsoft.VisualBasic.Core.targets","1.0","2018-08-08T11:09:42Z","fethy.faradji@infopro-digital.com"
"14/09/2026 09:59:16","source/repos/poukymon/poukymon/bin/roslyn/Microsoft.Win32.Primitives.dll","1.0","2016-11-05T17:55:32Z","fethy.faradji@infopro-digital.com"
"14/09/2026 09:59:19","source/repos/poukymon/poukymon/bin/roslyn/System.AppContext.dll","1.0","2016-11-05T17:55:34Z","fethy.faradji@infopro-digital.com"
"14/09/2026 09:59:20","source/repos/poukymon/poukymon/bin/roslyn/System.Collections.Immutable.dll","1.0","2018-05-16T02:29:34Z","fethy.faradji@infopro-digital.com"
"14/09/2026 09:59:20","source/repos/poukymon/poukymon/bin/roslyn/System.Console.dll","1.0","2016-11-05T17:55:48Z","fethy.faradji@infopro-digital.com"
"14/09/2026 09:59:20","source/repos/poukymon/poukymon/bin/roslyn/System.Diagnostics.DiagnosticSource.dll","1.0","2016-11-05T17:55:52Z","fethy.faradji@infopro-digital.com"
"14/09/2026 09:59:23","source/repos/poukymon/poukymon/bin/roslyn/System.Diagnostics.FileVersionInfo.dll","1.0","2016-11-05T17:55:56Z","fethy.faradji@infopro-digital.com"
"14/09/2026 09:59:25","source/repos/poukymon/poukymon/bin/roslyn/System.Diagnostics.StackTrace.dll","1.0","2016-11-05T17:55:52Z","fethy.faradji@infopro-digital.com"
"14/09/2026 09:59:25","source/repos/poukymon/poukymon/bin/roslyn/System.Globalization.Calendars.dll","1.0","2016-11-05T17:56:02Z","fethy.faradji@infopro-digital.com"
"14/09/2026 09:59:25","source/repos/poukymon/poukymon/bin/roslyn/System.IO.Compression.dll","1.0","2016-11-05T17:56:08Z","fethy.faradji@infopro-digital.com"
"14/09/2026 09:59:28","source/repos/poukymon/poukymon/bin/roslyn/System.IO.Compression.ZipFile.dll","1.0","2016-11-05T17:56:04Z","fethy.faradji@infopro-digital.com"
"14/09/2026 09:59:30","source/repos/poukymon/poukymon/bin/roslyn/System.IO.FileSystem.dll","1.0","2016-11-05T17:56:08Z","fethy.faradji@infopro-digital.com"
"14/09/2026 09:59:30","source/repos/poukymon/poukymon/bin/roslyn/System.IO.FileSystem.Primitives.dll","1.0","2016-11-05T17:56:08Z","fethy.faradji@infopro-digital.com"
"14/09/2026 09:59:30","source/repos/poukymon/poukymon/bin/roslyn/System.Net.Http.dll","1.0","2016-11-05T17:56:30Z","fethy.faradji@infopro-digital.com"
"14/09/2026 09:59:33","source/repos/poukymon/poukymon/bin/roslyn/System.Net.Sockets.dll","1.0","2016-11-05T17:56:34Z","fethy.faradji@infopro-digital.com"
"14/09/2026 09:59:34","source/repos/poukymon/poukymon/bin/roslyn/System.Reflection.Metadata.dll","1.0","2018-05-16T02:29:44Z","fethy.faradji@infopro-digital.com"
"14/09/2026 09:59:36","source/repos/poukymon/poukymon/bin/roslyn/System.Runtime.InteropServices.RuntimeInformation.dll","1.0","2016-11-05T17:57:00Z","fethy.faradji@infopro-digital.com"
"14/09/2026 09:59:36","source/repos/poukymon/poukymon/bin/roslyn/System.Security.Cryptography.Algorithms.dll","1.0","2016-11-05T17:57:14Z","fethy.faradji@infopro-digital.com"
"14/09/2026 09:59:38","source/repos/poukymon/poukymon/bin/roslyn/System.Security.Cryptography.Encoding.dll","1.0","2016-11-05T17:57:08Z","fethy.faradji@infopro-digital.com"
"14/09/2026 09:59:39","source/repos/poukymon/poukymon/bin/roslyn/System.Security.Cryptography.Primitives.dll","1.0","2016-11-05T17:57:18Z","fethy.faradji@infopro-digital.com"
"14/09/2026 09:59:41","source/repos/poukymon/poukymon/bin/roslyn/System.Security.Cryptography.X509Certificates.dll","1.0","2016-11-05T17:57:18Z","fethy.faradji@infopro-digital.com"
"14/09/2026 09:59:41","source/repos/poukymon/poukymon/bin/roslyn/System.Text.Encoding.CodePages.dll","1.0","2016-11-05T17:57:20Z","fethy.faradji@infopro-digital.com"
"14/09/2026 09:59:42","source/repos/poukymon/poukymon/bin/roslyn/System.Threading.Tasks.Extensions.dll","1.0","2016-11-05T17:57:24Z","fethy.faradji@infopro-digital.com"
"14/09/2026 09:59:44","source/repos/poukymon/poukymon/bin/roslyn/System.ValueTuple.dll","1.0","2016-11-05T17:57:30Z","fethy.faradji@infopro-digital.com"
"14/09/2026 09:59:46","source/repos/poukymon/poukymon/bin/roslyn/System.Xml.ReaderWriter.dll","1.0","2016-11-05T17:57:36Z","fethy.faradji@infopro-digital.com"
"14/09/2026 09:59:47","source/repos/poukymon/poukymon/bin/roslyn/System.Xml.XmlDocument.dll","1.0","2016-11-05T17:57:34Z","fethy.faradji@infopro-digital.com"
"14/09/2026 09:59:47","source/repos/poukymon/poukymon/bin/roslyn/System.Xml.XPath.dll","1.0","2016-11-05T17:57:40Z","fethy.faradji@infopro-digital.com"
"14/09/2026 09:59:48","source/repos/poukymon/poukymon/bin/roslyn/System.Xml.XPath.XDocument.dll","1.0","2016-11-05T17:57:34Z","fethy.faradji@infopro-digital.com"
"14/09/2026 09:59:51","source/repos/poukymon/poukymon/bin/roslyn/vbc.exe","1.0","2018-08-08T04:38:48Z","fethy.faradji@infopro-digital.com"
"14/09/2026 09:59:52","source/repos/poukymon/poukymon/bin/roslyn/vbc.exe.config","1.0","2018-08-08T11:18:18Z","fethy.faradji@infopro-digital.com"
"14/09/2026 09:59:52","source/repos/poukymon/poukymon/bin/roslyn/vbc.rsp","1.0","2018-08-08T11:09:46Z","fethy.faradji@infopro-digital.com"
"14/09/2026 09:59:53","source/repos/poukymon/poukymon/bin/roslyn/VBCSCompiler.exe","1.0","2018-08-08T04:38:48Z","fethy.faradji@infopro-digital.com"
"14/09/2026 09:59:55","source/repos/poukymon/poukymon/bin/roslyn/VBCSCompiler.exe.config","1.0","2018-08-08T11:18:16Z","fethy.faradji@infopro-digital.com"
"14/09/2026 09:59:56","source/repos/poukymon/poukymon/bin/Antlr3.Runtime.dll","1.0","2013-09-10T15:29:20Z","fethy.faradji@infopro-digital.com"
"14/09/2026 09:59:56","source/repos/poukymon/poukymon/bin/Antlr3.Runtime.pdb","1.0","2013-09-10T15:29:20Z","fethy.faradji@infopro-digital.com"
"14/09/2026 09:59:58","source/repos/poukymon/poukymon/bin/Microsoft.Bcl.AsyncInterfaces.dll","1.0","2021-10-22T23:42:08Z","fethy.faradji@infopro-digital.com"
"14/09/2026 10:00:00","source/repos/poukymon/poukymon/bin/Microsoft.Bcl.AsyncInterfaces.xml","1.0","2021-10-22T23:42:08Z","fethy.faradji@infopro-digital.com"
"14/09/2026 10:00:00","source/repos/poukymon/poukymon/bin/Microsoft.CodeDom.Providers.DotNetCompilerPlatform.dll","1.0","2018-09-05T15:10:50Z","fethy.faradji@infopro-digital.com"
"14/09/2026 10:00:02","source/repos/poukymon/poukymon/bin/Microsoft.CodeDom.Providers.DotNetCompilerPlatform.xml","1.0","2018-09-05T15:05:34Z","fethy.faradji@infopro-digital.com"
"14/09/2026 10:00:02","source/repos/poukymon/poukymon/bin/Microsoft.Office.Client.Policy.dll","1.0","2022-10-18T19:24:18Z","fethy.faradji@infopro-digital.com"
"14/09/2026 10:00:04","source/repos/poukymon/poukymon/bin/Microsoft.Office.Client.TranslationServices.dll","1.0","2022-10-18T19:24:18Z","fethy.faradji@infopro-digital.com"
"14/09/2026 10:00:06","source/repos/poukymon/poukymon/bin/Microsoft.Office.Interop.Word.dll","1.0","2016-03-10T22:19:48Z","fethy.faradji@infopro-digital.com"
"14/09/2026 10:00:07","source/repos/poukymon/poukymon/bin/Microsoft.Online.SharePoint.Client.Tenant.dll","1.0","2022-10-18T19:24:18Z","fethy.faradji@infopro-digital.com"
"14/09/2026 10:00:07","source/repos/poukymon/poukymon/bin/Microsoft.Office.SharePoint.Tools.dll","1.0","2022-10-18T19:24:18Z","fethy.faradji@infopro-digital.com"
"14/09/2026 10:00:10","source/repos/poukymon/poukymon/bin/Microsoft.ProjectServer.Client.dll","1.0","2022-10-18T19:24:18Z","fethy.faradji@infopro-digital.com"
"14/09/2026 10:00:12","source/repos/poukymon/poukymon/bin/Microsoft.SharePoint.Client.dll","1.0","2022-10-18T19:24:18Z","fethy.faradji@infopro-digital.com"
"14/09/2026 10:00:12","source/repos/poukymon/poukymon/bin/Microsoft.SharePoint.Client.DocumentManagement.dll","1.0","2022-10-18T19:24:18Z","fethy.faradji@infopro-digital.com"
"14/09/2026 10:00:13","source/repos/poukymon/poukymon/bin/Microsoft.SharePoint.Client.Publishing.dll","1.0","2022-10-18T19:24:18Z","fethy.faradji@infopro-digital.com"
"14/09/2026 10:00:15","source/repos/poukymon/poukymon/bin/Microsoft.SharePoint.Client.Runtime.dll","1.0","2022-10-18T19:24:18Z","fethy.faradji@infopro-digital.com"
"14/09/2026 10:00:17","source/repos/poukymon/poukymon/bin/Microsoft.SharePoint.Client.Search.Applications.dll","1.0","2022-10-18T19:24:18Z","fethy.faradji@infopro-digital.com"
"14/09/2026 10:00:17","source/repos/poukymon/poukymon/bin/Microsoft.SharePoint.Client.Search.dll","1.0","2022-10-18T19:24:18Z","fethy.faradji@infopro-digital.com"
"14/09/2026 10:00:18","source/repos/poukymon/poukymon/bin/Microsoft.SharePoint.Client.Taxonomy.dll","1.0","2022-10-18T19:24:18Z","fethy.faradji@infopro-digital.com"
"14/09/2026 10:00:20","source/repos/poukymon/poukymon/bin/Microsoft.SharePoint.Client.UserProfiles.dll","1.0","2022-10-18T19:24:18Z","fethy.faradji@infopro-digital.com"
"14/09/2026 10:00:22","source/repos/poukymon/poukymon/bin/Microsoft.SharePoint.Client.WorkflowServices.dll","1.0","2022-10-18T19:24:18Z","fethy.faradji@infopro-digital.com"
"14/09/2026 10:00:23","source/repos/poukymon/poukymon/bin/Microsoft.Web.Infrastructure.dll","1.0","2012-07-25T10:48:56Z","fethy.faradji@infopro-digital.com"
"14/09/2026 10:00:23","source/repos/poukymon/poukymon/bin/MvcCheckBoxList.dll","1.0","2015-11-24T11:48:38Z","fethy.faradji@infopro-digital.com"
"14/09/2026 10:00:25","source/repos/poukymon/poukymon/bin/Newtonsoft.Json.dll","1.0","2019-04-22T00:06:16Z","fethy.faradji@infopro-digital.com"
"14/09/2026 10:00:27","source/repos/poukymon/poukymon/bin/Newtonsoft.Json.xml","1.0","2019-04-21T23:57:26Z","fethy.faradji@infopro-digital.com"
"14/09/2026 10:00:28","source/repos/poukymon/poukymon/bin/Oracle.ManagedDataAccess.dll","1.0","2022-10-11T17:31:12Z","fethy.faradji@infopro-digital.com"
"14/09/2026 10:00:29","source/repos/poukymon/poukymon/bin/poukymon.dll","1.0","2022-11-17T14:27:17Z","fethy.faradji@infopro-digital.com"
"14/09/2026 10:00:31","source/repos/poukymon/poukymon/bin/poukymon.dll.config","1.0","2022-11-17T14:16:19Z","fethy.faradji@infopro-digital.com"
"14/09/2026 10:00:32","source/repos/poukymon/poukymon/bin/poukymon.pdb","1.0","2022-11-17T14:27:17Z","fethy.faradji@infopro-digital.com"
"14/09/2026 10:00:34","source/repos/poukymon/poukymon/bin/System.Buffers.xml","1.0","2020-02-19T10:05:18Z","fethy.faradji@infopro-digital.com"
"14/09/2026 10:00:34","source/repos/poukymon/poukymon/bin/System.Buffers.dll","1.0","2020-02-19T10:05:18Z","fethy.faradji@infopro-digital.com"
"14/09/2026 10:00:35","source/repos/poukymon/poukymon/bin/System.Memory.dll","1.0","2020-02-19T10:05:18Z","fethy.faradji@infopro-digital.com"
"14/09/2026 10:00:37","source/repos/poukymon/poukymon/bin/System.Memory.xml","1.0","2020-02-19T10:05:18Z","fethy.faradji@infopro-digital.com"
"14/09/2026 10:00:38","source/repos/poukymon/poukymon/bin/System.Numerics.Vectors.dll","1.0","2018-05-15T13:29:44Z","fethy.faradji@infopro-digital.com"
"14/09/2026 10:00:38","source/repos/poukymon/poukymon/bin/System.Numerics.Vectors.xml","1.0","2018-05-15T13:29:44Z","fethy.faradji@infopro-digital.com"
"14/09/2026 10:00:39","source/repos/poukymon/poukymon/bin/System.Runtime.CompilerServices.Unsafe.dll","1.0","2021-10-22T23:40:18Z","fethy.faradji@infopro-digital.com"
"14/09/2026 10:00:41","source/repos/poukymon/poukymon/bin/System.Runtime.CompilerServices.Unsafe.xml","1.0","2021-10-19T07:14:20Z","fethy.faradji@infopro-digital.com"
"14/09/2026 10:00:42","source/repos/poukymon/poukymon/bin/System.Text.Encodings.Web.dll","1.0","2021-10-22T23:41:14Z","fethy.faradji@infopro-digital.com"
"14/09/2026 10:00:42","source/repos/poukymon/poukymon/bin/System.Text.Encodings.Web.xml","1.0","2021-10-19T07:14:20Z","fethy.faradji@infopro-digital.com"
"14/09/2026 10:00:43","source/repos/poukymon/poukymon/bin/System.Text.Json.dll","1.0","2021-10-22T23:44:26Z","fethy.faradji@infopro-digital.com"
"14/09/2026 10:00:45","source/repos/poukymon/poukymon/bin/System.Text.Json.xml","1.0","2021-10-19T07:14:20Z","fethy.faradji@infopro-digital.com"
"14/09/2026 10:00:46","source/repos/poukymon/poukymon/bin/System.Threading.Tasks.Extensions.dll","1.0","2020-02-19T10:05:18Z","fethy.faradji@infopro-digital.com"
"14/09/2026 10:00:47","source/repos/poukymon/poukymon/bin/System.Threading.Tasks.Extensions.xml","1.0","2020-02-19T10:05:18Z","fethy.faradji@infopro-digital.com"
"14/09/2026 10:00:48","source/repos/poukymon/poukymon/bin/System.ValueTuple.dll","1.0","2018-05-15T13:29:52Z","fethy.faradji@infopro-digital.com"
"14/09/2026 10:00:49","source/repos/poukymon/poukymon/bin/System.ValueTuple.xml","1.0","2018-05-15T13:29:52Z","fethy.faradji@infopro-digital.com"
"14/09/2026 10:00:50","source/repos/poukymon/poukymon/bin/System.Web.Helpers.dll","1.0","2018-11-28T12:04:24Z","fethy.faradji@infopro-digital.com"
"14/09/2026 10:00:51","source/repos/poukymon/poukymon/bin/System.Web.Helpers.xml","1.0","2018-11-28T12:04:24Z","fethy.faradji@infopro-digital.com"
"14/09/2026 10:00:52","source/repos/poukymon/poukymon/bin/System.Web.Mvc.dll","1.0","2018-11-28T11:59:46Z","fethy.faradji@infopro-digital.com"
"14/09/2026 10:00:53","source/repos/poukymon/poukymon/bin/System.Web.Mvc.xml","1.0","2018-11-28T11:59:46Z","fethy.faradji@infopro-digital.com"
"14/09/2026 10:00:54","source/repos/poukymon/poukymon/bin/System.Web.Optimization.dll","1.0","2014-02-11T14:26:04Z","fethy.faradji@infopro-digital.com"
"14/09/2026 10:00:55","source/repos/poukymon/poukymon/bin/System.Web.Optimization.xml","1.0","2014-02-11T14:26:04Z","fethy.faradji@infopro-digital.com"
"14/09/2026 10:00:56","source/repos/poukymon/poukymon/bin/System.Web.Razor.dll","1.0","2018-11-28T12:00:12Z","fethy.faradji@infopro-digital.com"
"14/09/2026 10:00:58","source/repos/poukymon/poukymon/bin/System.Web.Razor.xml","1.0","2018-11-28T12:00:12Z","fethy.faradji@infopro-digital.com"
"14/09/2026 10:00:59","source/repos/poukymon/poukymon/bin/System.Web.WebPages.Deployment.dll","1.0","2018-11-28T12:04:24Z","fethy.faradji@infopro-digital.com"
"14/09/2026 10:01:00","source/repos/poukymon/poukymon/bin/System.Web.WebPages.Deployment.xml","1.0","2018-11-28T12:04:24Z","fethy.faradji@infopro-digital.com"
"14/09/2026 10:01:00","source/repos/poukymon/poukymon/bin/System.Web.WebPages.dll","1.0","2018-11-28T12:04:24Z","fethy.faradji@infopro-digital.com"
"14/09/2026 10:01:02","source/repos/poukymon/poukymon/bin/System.Web.WebPages.Razor.dll","1.0","2018-11-28T12:04:24Z","fethy.faradji@infopro-digital.com"
"14/09/2026 10:01:03","source/repos/poukymon/poukymon/bin/System.Web.WebPages.Razor.xml","1.0","2018-11-28T12:04:24Z","fethy.faradji@infopro-digital.com"
"14/09/2026 10:01:04","source/repos/poukymon/poukymon/bin/System.Web.WebPages.xml","1.0","2018-11-28T12:04:24Z","fethy.faradji@infopro-digital.com"
"14/09/2026 10:01:05","source/repos/poukymon/poukymon/bin/WebGrease.dll","1.0","2014-01-23T12:57:34Z","fethy.faradji@infopro-digital.com"
"14/09/2026 10:01:07","source/repos/poukymon/poukymon/Content/bootstrap.css.map","1.0","2022-11-17T14:16:14Z","fethy.faradji@infopro-digital.com"
"14/09/2026 10:01:07","source/repos/poukymon/poukymon/Content/bootstrap.css","1.0","2022-11-17T14:16:14Z","fethy.faradji@infopro-digital.com"
"14/09/2026 10:01:08","source/repos/poukymon/poukymon/Content/bootstrap.min.css","1.0","2022-11-17T14:16:14Z","fethy.faradji@infopro-digital.com"
"14/09/2026 10:01:09","source/repos/poukymon/poukymon/Content/bootstrap.min.css.map","1.0","2022-11-17T14:16:14Z","fethy.faradji@infopro-digital.com"
"14/09/2026 10:01:12","source/repos/poukymon/poukymon/Content/bootstrap.rtl.css","1.0","2022-11-17T14:16:14Z","fethy.faradji@infopro-digital.com"
"14/09/2026 10:01:13","source/repos/poukymon/poukymon/Content/bootstrap.rtl.css.map","1.0","2022-11-17T14:16:13Z","fethy.faradji@infopro-digital.com"
"14/09/2026 10:01:14","source/repos/poukymon/poukymon/Content/bootstrap.rtl.min.css","1.0","2022-11-17T14:16:13Z","fethy.faradji@infopro-digital.com"
"14/09/2026 10:01:14","source/repos/poukymon/poukymon/Content/bootstrap.rtl.min.css.map","1.0","2022-11-17T14:16:13Z","fethy.faradji@infopro-digital.com"
"14/09/2026 10:01:17","source/repos/poukymon/poukymon/Content/bootstrap-grid.css","1.0","2022-11-17T14:16:18Z","fethy.faradji@infopro-digital.com"
"14/09/2026 10:01:18","source/repos/poukymon/poukymon/Content/bootstrap-grid.css.map","1.0","2022-11-17T14:16:18Z","fethy.faradji@infopro-digital.com"
"14/09/2026 10:01:19","source/repos/poukymon/poukymon/Content/bootstrap-grid.min.css","1.0","2022-11-17T14:16:18Z","fethy.faradji@infopro-digital.com"
"14/09/2026 10:01:19","source/repos/poukymon/poukymon/Content/bootstrap-grid.min.css.map","1.0","2022-11-17T14:16:18Z","fethy.faradji@infopro-digital.com"
"14/09/2026 10:01:23","source/repos/poukymon/poukymon/Content/bootstrap-grid.rtl.css","1.0","2022-11-17T14:16:18Z","fethy.faradji@infopro-digital.com"
"14/09/2026 10:01:24","source/repos/poukymon/poukymon/Content/bootstrap-grid.rtl.css.map","1.0","2022-11-17T14:16:17Z","fethy.faradji@infopro-digital.com"
"14/09/2026 10:01:24","source/repos/poukymon/poukymon/Content/bootstrap-grid.rtl.min.css","1.0","2022-11-17T14:16:17Z","fethy.faradji@infopro-digital.com"
"14/09/2026 10:01:26","source/repos/poukymon/poukymon/Content/bootstrap-grid.rtl.min.css.map","1.0","2022-11-17T14:16:17Z","fethy.faradji@infopro-digital.com"
"14/09/2026 10:01:29","source/repos/poukymon/poukymon/Content/bootstrap-reboot.css","1.0","2022-11-17T14:16:17Z","fethy.faradji@infopro-digital.com"
"14/09/2026 10:01:29","source/repos/poukymon/poukymon/Content/bootstrap-reboot.css.map","1.0","2022-11-17T14:16:17Z","fethy.faradji@infopro-digital.com"
"14/09/2026 10:01:30","source/repos/poukymon/poukymon/Content/bootstrap-reboot.min.css","1.0","2022-11-17T14:16:16Z","fethy.faradji@infopro-digital.com"
"14/09/2026 10:01:31","source/repos/poukymon/poukymon/Content/bootstrap-reboot.min.css.map","1.0","2022-11-17T14:16:16Z","fethy.faradji@infopro-digital.com"
"14/09/2026 10:01:34","source/repos/poukymon/poukymon/Content/bootstrap-reboot.rtl.css","1.0","2022-11-17T14:16:16Z","fethy.faradji@infopro-digital.com"
"14/09/2026 10:01:35","source/repos/poukymon/poukymon/Content/bootstrap-reboot.rtl.css.map","1.0","2022-11-17T14:16:16Z","fethy.faradji@infopro-digital.com"
"14/09/2026 10:01:35","source/repos/poukymon/poukymon/Content/bootstrap-reboot.rtl.min.css","1.0","2022-11-17T14:16:16Z","fethy.faradji@infopro-digital.com"
"14/09/2026 10:01:36","source/repos/poukymon/poukymon/Content/bootstrap-reboot.rtl.min.css.map","1.0","2022-11-17T14:16:16Z","fethy.faradji@infopro-digital.com"
"14/09/2026 10:01:39","source/repos/poukymon/poukymon/Content/bootstrap-theme.css","1.0","2022-10-26T09:15:55Z","fethy.faradji@infopro-digital.com"
"14/09/2026 10:01:39","source/repos/poukymon/poukymon/Content/bootstrap-utilities.css","1.0","2022-11-17T14:16:16Z","fethy.faradji@infopro-digital.com"
"14/09/2026 10:01:40","source/repos/poukymon/poukymon/Content/bootstrap-utilities.css.map","1.0","2022-11-17T14:16:16Z","fethy.faradji@infopro-digital.com"
"14/09/2026 10:01:41","source/repos/poukymon/poukymon/Content/bootstrap-utilities.min.css","1.0","2022-11-17T14:16:16Z","fethy.faradji@infopro-digital.com"
"14/09/2026 10:01:44","source/repos/poukymon/poukymon/Content/bootstrap-utilities.min.css.map","1.0","2022-11-17T14:16:15Z","fethy.faradji@infopro-digital.com"
"14/09/2026 10:01:45","source/repos/poukymon/poukymon/Content/bootstrap-utilities.rtl.css","1.0","2022-11-17T14:16:15Z","fethy.faradji@infopro-digital.com"
"14/09/2026 10:01:46","source/repos/poukymon/poukymon/Content/bootstrap-utilities.rtl.css.map","1.0","2022-11-17T14:16:15Z","fethy.faradji@infopro-digital.com"
"14/09/2026 10:01:47","source/repos/poukymon/poukymon/Content/bootstrap-utilities.rtl.min.css","1.0","2022-11-17T14:16:15Z","fethy.faradji@infopro-digital.com"
"14/09/2026 10:01:49","source/repos/poukymon/poukymon/Content/bootstrap-utilities.rtl.min.css.map","1.0","2022-11-17T14:16:15Z","fethy.faradji@infopro-digital.com"
"14/09/2026 10:01:51","source/repos/poukymon/poukymon/Content/footer.png","1.0","2022-10-20T11:03:29Z","fethy.faradji@infopro-digital.com"
"14/09/2026 10:01:51","source/repos/poukymon/poukymon/Content/Site.css","1.0","2022-10-20T11:03:29Z","fethy.faradji@infopro-digital.com"
"14/09/2026 10:01:52","source/repos/poukymon/poukymon/Controllers/AvisController.cs","1.0","2022-11-17T13:33:20Z","fethy.faradji@infopro-digital.com"
"14/09/2026 10:01:54","source/repos/poukymon/poukymon/Controllers/HomeController.cs","1.0","2022-10-20T11:03:29Z","fethy.faradji@infopro-digital.com"
"14/09/2026 10:01:55","source/repos/poukymon/poukymon/Controllers/AvisController.cs","2.0","2023-03-13T10:20:25Z","fethy.faradji@infopro-digital.com"
"14/09/2026 10:01:55","source/repos/poukymon/poukymon/Controllers/testController.cs","1.0","2022-10-20T11:03:29Z","fethy.faradji@infopro-digital.com"
"14/09/2026 10:01:57","source/repos/poukymon/poukymon/Images/infoprodigital_11_copie.jpg","1.0","2022-10-20T11:03:30Z","fethy.faradji@infopro-digital.com"
"14/09/2026 10:01:58","source/repos/poukymon/poukymon/Images/infoprodigital_teams10.jpg","1.0","2022-10-20T11:03:30Z","fethy.faradji@infopro-digital.com"
"14/09/2026 10:01:59","source/repos/poukymon/poukymon/Images/infoprodigital_teams11.jpg","1.0","2022-10-20T11:03:30Z","fethy.faradji@infopro-digital.com"
"14/09/2026 10:02:00","source/repos/poukymon/poukymon/Images/infoprodigital_teams12.jpg","1.0","2022-10-20T11:03:30Z","fethy.faradji@infopro-digital.com"
"14/09/2026 10:02:02","source/repos/poukymon/poukymon/Images/refus.png","1.0","2022-10-28T10:08:08Z","fethy.faradji@infopro-digital.com"
"14/09/2026 10:02:03","source/repos/poukymon/poukymon/Images/telecharger-un-fichier.png","1.0","2022-10-24T13:58:25Z","fethy.faradji@infopro-digital.com"
"14/09/2026 10:02:03","source/repos/poukymon/poukymon/Images/validation.png","1.0","2022-10-28T10:07:15Z","fethy.faradji@infopro-digital.com"
"14/09/2026 10:02:06","source/repos/poukymon/poukymon/lib/bootstrap/css/bootstrap.css","1.0","2022-10-24T14:17:09Z","fethy.faradji@infopro-digital.com"
"14/09/2026 10:02:06","source/repos/poukymon/poukymon/lib/bootstrap/css/bootstrap.css.map","1.0","2022-10-20T11:03:30Z","fethy.faradji@infopro-digital.com"
"14/09/2026 10:02:08","source/repos/poukymon/poukymon/lib/bootstrap/css/bootstrap.min.css","1.0","2022-10-20T11:03:30Z","fethy.faradji@infopro-digital.com"
"14/09/2026 10:02:10","source/repos/poukymon/poukymon/lib/bootstrap/css/bootstrap.min.css.map","1.0","2022-10-20T11:03:30Z","fethy.faradji@infopro-digital.com"
"14/09/2026 10:02:11","source/repos/poukymon/poukymon/lib/bootstrap/css/bootstrap.rtl.css","1.0","2022-10-20T11:03:30Z","fethy.faradji@infopro-digital.com"
"14/09/2026 10:02:12","source/repos/poukymon/poukymon/lib/bootstrap/css/bootstrap.rtl.css.map","1.0","2022-10-20T11:03:30Z","fethy.faradji@infopro-digital.com"
"14/09/2026 10:02:13","source/repos/poukymon/poukymon/lib/bootstrap/css/bootstrap.rtl.min.css","1.0","2022-10-20T11:03:30Z","fethy.faradji@infopro-digital.com"
"14/09/2026 10:02:14","source/repos/poukymon/poukymon/lib/bootstrap/css/bootstrap.rtl.min.css.map","1.0","2022-10-20T11:03:30Z","fethy.faradji@infopro-digital.com"
"14/09/2026 10:02:16","source/repos/poukymon/poukymon/lib/bootstrap/css/bootstrap-grid.css","1.0","2022-10-20T11:03:30Z","fethy.faradji@infopro-digital.com"
"14/09/2026 10:02:17","source/repos/poukymon/poukymon/lib/bootstrap/css/bootstrap-grid.css.map","1.0","2022-10-20T11:03:30Z","fethy.faradji@infopro-digital.com"
"14/09/2026 10:02:19","source/repos/poukymon/poukymon/lib/bootstrap/css/bootstrap-grid.min.css","1.0","2022-10-20T11:03:30Z","fethy.faradji@infopro-digital.com"
"14/09/2026 10:02:20","source/repos/poukymon/poukymon/lib/bootstrap/css/bootstrap-grid.min.css.map","1.0","2022-10-20T11:03:30Z","fethy.faradji@infopro-digital.com"
"14/09/2026 10:02:21","source/repos/poukymon/poukymon/lib/bootstrap/css/bootstrap-grid.rtl.css","1.0","2022-10-20T11:03:30Z","fethy.faradji@infopro-digital.com"
"14/09/2026 10:02:22","source/repos/poukymon/poukymon/lib/bootstrap/css/bootstrap-grid.rtl.css.map","1.0","2022-10-20T11:03:30Z","fethy.faradji@infopro-digital.com"
"14/09/2026 10:02:24","source/repos/poukymon/poukymon/lib/bootstrap/css/bootstrap-grid.rtl.min.css","1.0","2022-10-20T11:03:30Z","fethy.faradji@infopro-digital.com"
"14/09/2026 10:02:25","source/repos/poukymon/poukymon/lib/bootstrap/css/bootstrap-grid.rtl.min.css.map","1.0","2022-10-20T11:03:30Z","fethy.faradji@infopro-digital.com"
"14/09/2026 10:02:26","source/repos/poukymon/poukymon/lib/bootstrap/css/bootstrap-reboot.css","1.0","2022-10-20T11:03:30Z","fethy.faradji@infopro-digital.com"
"14/09/2026 10:02:26","source/repos/poukymon/poukymon/lib/bootstrap/css/bootstrap-reboot.css.map","1.0","2022-10-20T11:03:30Z","fethy.faradji@infopro-digital.com"
"14/09/2026 10:02:30","source/repos/poukymon/poukymon/lib/bootstrap/css/bootstrap-reboot.min.css.map","1.0","2022-10-20T11:03:30Z","fethy.faradji@infopro-digital.com"
"14/09/2026 10:02:30","source/repos/poukymon/poukymon/lib/bootstrap/css/bootstrap-reboot.min.css","1.0","2022-10-20T11:03:30Z","fethy.faradji@infopro-digital.com"
"14/09/2026 10:02:31","source/repos/poukymon/poukymon/lib/bootstrap/css/bootstrap-reboot.rtl.css","1.0","2022-10-20T11:03:30Z","fethy.faradji@infopro-digital.com"
"14/09/2026 10:02:32","source/repos/poukymon/poukymon/lib/bootstrap/css/bootstrap-reboot.rtl.css.map","1.0","2022-10-20T11:03:30Z","fethy.faradji@infopro-digital.com"
"14/09/2026 10:02:35","source/repos/poukymon/poukymon/lib/bootstrap/css/bootstrap-reboot.rtl.min.css.map","1.0","2022-10-20T11:03:30Z","fethy.faradji@infopro-digital.com"
"14/09/2026 10:02:35","source/repos/poukymon/poukymon/lib/bootstrap/css/bootstrap-reboot.rtl.min.css","1.0","2022-10-20T11:03:30Z","fethy.faradji@infopro-digital.com"
"14/09/2026 10:02:36","source/repos/poukymon/poukymon/lib/bootstrap/css/bootstrap-utilities.css","1.0","2022-10-20T11:03:30Z","fethy.faradji@infopro-digital.com"
"14/09/2026 10:02:37","source/repos/poukymon/poukymon/lib/bootstrap/css/bootstrap-utilities.css.map","1.0","2022-10-20T11:03:30Z","fethy.faradji@infopro-digital.com"
"14/09/2026 10:02:40","source/repos/poukymon/poukymon/lib/bootstrap/css/bootstrap-utilities.min.css","1.0","2022-10-20T11:03:30Z","fethy.faradji@infopro-digital.com"
"14/09/2026 10:02:41","source/repos/poukymon/poukymon/lib/bootstrap/css/bootstrap-utilities.min.css.map","1.0","2022-10-20T11:03:30Z","fethy.faradji@infopro-digital.com"
"14/09/2026 10:02:42","source/repos/poukymon/poukymon/lib/bootstrap/css/bootstrap-utilities.rtl.css","1.0","2022-10-20T11:03:30Z","fethy.faradji@infopro-digital.com"
"14/09/2026 10:02:42","source/repos/poukymon/poukymon/lib/bootstrap/css/bootstrap-utilities.rtl.css.map","1.0","2022-10-20T11:03:30Z","fethy.faradji@infopro-digital.com"
"14/09/2026 10:02:45","source/repos/poukymon/poukymon/lib/bootstrap/css/bootstrap-utilities.rtl.min.css","1.0","2022-10-20T11:03:30Z","fethy.faradji@infopro-digital.com"
"14/09/2026 10:02:46","source/repos/poukymon/poukymon/lib/bootstrap/css/bootstrap-utilities.rtl.min.css.map","1.0","2022-10-20T11:03:30Z","fethy.faradji@infopro-digital.com"
"14/09/2026 10:02:47","source/repos/poukymon/poukymon/lib/bootstrap/js/bootstrap.bundle.js","1.0","2022-10-20T11:03:30Z","fethy.faradji@infopro-digital.com"
"14/09/2026 10:02:47","source/repos/poukymon/poukymon/lib/bootstrap/js/bootstrap.bundle.js.map","1.0","2022-10-20T11:03:30Z","fethy.faradji@infopro-digital.com"
"14/09/2026 10:02:50","source/repos/poukymon/poukymon/lib/bootstrap/js/bootstrap.bundle.min.js","1.0","2022-10-20T11:03:30Z","fethy.faradji@infopro-digital.com"
"14/09/2026 10:02:51","source/repos/poukymon/poukymon/lib/bootstrap/js/bootstrap.bundle.min.js.map","1.0","2022-10-20T11:03:30Z","fethy.faradji@infopro-digital.com"
"14/09/2026 10:02:51","source/repos/poukymon/poukymon/lib/bootstrap/js/bootstrap.esm.js","1.0","2022-10-20T11:03:30Z","fethy.faradji@infopro-digital.com"
"14/09/2026 10:02:52","source/repos/poukymon/poukymon/lib/bootstrap/js/bootstrap.esm.js.map","1.0","2022-10-20T11:03:30Z","fethy.faradji@infopro-digital.com"
"14/09/2026 10:02:55","source/repos/poukymon/poukymon/lib/bootstrap/js/bootstrap.esm.min.js.map","1.0","2022-10-20T11:03:30Z","fethy.faradji@infopro-digital.com"
"14/09/2026 10:02:55","source/repos/poukymon/poukymon/lib/bootstrap/js/bootstrap.esm.min.js","1.0","2022-10-20T11:03:30Z","fethy.faradji@infopro-digital.com"
"14/09/2026 10:02:56","source/repos/poukymon/poukymon/lib/bootstrap/js/bootstrap.js","1.0","2022-10-20T11:03:30Z","fethy.faradji@infopro-digital.com"
"14/09/2026 10:02:57","source/repos/poukymon/poukymon/lib/bootstrap/js/bootstrap.js.map","1.0","2022-10-20T11:03:30Z","fethy.faradji@infopro-digital.com"
"14/09/2026 10:03:00","source/repos/poukymon/poukymon/lib/bootstrap/js/bootstrap.min.js","1.0","2022-10-20T11:03:30Z","fethy.faradji@infopro-digital.com"
"14/09/2026 10:03:00","source/repos/poukymon/poukymon/lib/bootstrap/js/bootstrap.min.js.map","1.0","2022-10-20T11:03:30Z","fethy.faradji@infopro-digital.com"
"14/09/2026 10:03:02","source/repos/poukymon/poukymon/lib/bootstrap/scss/forms/_floating-labels.scss","1.0","2022-10-20T11:03:31Z","fethy.faradji@infopro-digital.com"
"14/09/2026 10:03:03","source/repos/poukymon/poukymon/lib/bootstrap/scss/forms/_form-check.scss","1.0","2022-10-20T11:03:31Z","fethy.faradji@infopro-digital.com"
"14/09/2026 10:03:07","source/repos/poukymon/poukymon/lib/bootstrap/scss/forms/_form-control.scss","1.0","2022-10-20T11:03:31Z","fethy.faradji@infopro-digital.com"
"14/09/2026 10:03:07","source/repos/poukymon/poukymon/lib/bootstrap/scss/forms/_form-range.scss","1.0","2022-10-20T11:03:31Z","fethy.faradji@infopro-digital.com"
"14/09/2026 10:03:08","source/repos/poukymon/poukymon/lib/bootstrap/scss/forms/_form-select.scss","1.0","2022-10-20T11:03:31Z","fethy.faradji@infopro-digital.com"
"14/09/2026 10:03:09","source/repos/poukymon/poukymon/lib/bootstrap/scss/forms/_form-text.scss","1.0","2022-10-20T11:03:31Z","fethy.faradji@infopro-digital.com"
"14/09/2026 10:03:12","source/repos/poukymon/poukymon/lib/bootstrap/scss/forms/_input-group.scss","1.0","2022-10-20T11:03:31Z","fethy.faradji@infopro-digital.com"
"14/09/2026 10:03:12","source/repos/poukymon/poukymon/lib/bootstrap/scss/forms/_labels.scss","1.0","2022-10-20T11:03:31Z","fethy.faradji@infopro-digital.com"
"14/09/2026 10:03:13","source/repos/poukymon/poukymon/lib/bootstrap/scss/forms/_validation.scss","1.0","2022-10-20T11:03:31Z","fethy.faradji@infopro-digital.com"
"14/09/2026 10:03:14","source/repos/poukymon/poukymon/lib/bootstrap/scss/helpers/_clearfix.scss","1.0","2022-10-20T11:03:31Z","fethy.faradji@infopro-digital.com"
"14/09/2026 10:03:17","source/repos/poukymon/poukymon/lib/bootstrap/scss/helpers/_color-bg.scss","1.0","2022-10-20T11:03:31Z","fethy.faradji@infopro-digital.com"
"14/09/2026 10:03:17","source/repos/poukymon/poukymon/lib/bootstrap/scss/helpers/_colored-links.scss","1.0","2022-10-20T11:03:31Z","fethy.faradji@infopro-digital.com"
"14/09/2026 10:03:17","source/repos/poukymon/poukymon/lib/bootstrap/scss/helpers/_position.scss","1.0","2022-10-20T11:03:31Z","fethy.faradji@infopro-digital.com"
"14/09/2026 10:03:18","source/repos/poukymon/poukymon/lib/bootstrap/scss/helpers/_ratio.scss","1.0","2022-10-20T11:03:31Z","fethy.faradji@infopro-digital.com"
"14/09/2026 10:03:22","source/repos/poukymon/poukymon/lib/bootstrap/scss/helpers/_stretched-link.scss","1.0","2022-10-20T11:03:31Z","fethy.faradji@infopro-digital.com"
"14/09/2026 10:03:22","source/repos/poukymon/poukymon/lib/bootstrap/scss/helpers/_stacks.scss","1.0","2022-10-20T11:03:31Z","fethy.faradji@infopro-digital.com"
"14/09/2026 10:03:23","source/repos/poukymon/poukymon/lib/bootstrap/scss/helpers/_text-truncation.scss","1.0","2022-10-20T11:03:31Z","fethy.faradji@infopro-digital.com"
"14/09/2026 10:03:23","source/repos/poukymon/poukymon/lib/bootstrap/scss/helpers/_visually-hidden.scss","1.0","2022-10-20T11:03:31Z","fethy.faradji@infopro-digital.com"
"14/09/2026 10:03:27","source/repos/poukymon/poukymon/lib/bootstrap/scss/helpers/_vr.scss","1.0","2022-10-20T11:03:31Z","fethy.faradji@infopro-digital.com"
"14/09/2026 10:03:28","source/repos/poukymon/poukymon/lib/bootstrap/scss/mixins/_alert.scss","1.0","2022-10-20T11:03:31Z","fethy.faradji@infopro-digital.com"
"14/09/2026 10:03:29","source/repos/poukymon/poukymon/lib/bootstrap/scss/mixins/_banner.scss","1.0","2022-10-20T11:03:31Z","fethy.faradji@infopro-digital.com"
"14/09/2026 10:03:29","source/repos/poukymon/poukymon/lib/bootstrap/scss/mixins/_backdrop.scss","1.0","2022-10-20T11:03:31Z","fethy.faradji@infopro-digital.com"
"14/09/2026 10:03:32","source/repos/poukymon/poukymon/lib/bootstrap/scss/mixins/_border-radius.scss","1.0","2022-10-20T11:03:31Z","fethy.faradji@infopro-digital.com"
"14/09/2026 10:03:33","source/repos/poukymon/poukymon/lib/bootstrap/scss/mixins/_box-shadow.scss","1.0","2022-10-20T11:03:31Z","fethy.faradji@infopro-digital.com"
"14/09/2026 10:03:33","source/repos/poukymon/poukymon/lib/bootstrap/scss/mixins/_breakpoints.scss","1.0","2022-10-20T11:03:31Z","fethy.faradji@infopro-digital.com"
"14/09/2026 10:03:34","source/repos/poukymon/poukymon/lib/bootstrap/scss/mixins/_buttons.scss","1.0","2022-10-20T11:03:31Z","fethy.faradji@infopro-digital.com"
"14/09/2026 10:03:37","source/repos/poukymon/poukymon/lib/bootstrap/scss/mixins/_caret.scss","1.0","2022-10-20T11:03:31Z","fethy.faradji@infopro-digital.com"
"14/09/2026 10:03:37","source/repos/poukymon/poukymon/lib/bootstrap/scss/mixins/_clearfix.scss","1.0","2022-10-20T11:03:31Z","fethy.faradji@infopro-digital.com"
"14/09/2026 10:03:38","source/repos/poukymon/poukymon/lib/bootstrap/scss/mixins/_color-scheme.scss","1.0","2022-10-20T11:03:31Z","fethy.faradji@infopro-digital.com"
"14/09/2026 10:03:38","source/repos/poukymon/poukymon/lib/bootstrap/scss/mixins/_container.scss","1.0","2022-10-20T11:03:31Z","fethy.faradji@infopro-digital.com"
"14/09/2026 10:03:41","source/repos/poukymon/poukymon/lib/bootstrap/scss/mixins/_deprecate.scss","1.0","2022-10-20T11:03:31Z","fethy.faradji@infopro-digital.com"
"14/09/2026 10:03:42","source/repos/poukymon/poukymon/lib/bootstrap/scss/mixins/_forms.scss","1.0","2022-10-20T11:03:31Z","fethy.faradji@infopro-digital.com"
"14/09/2026 10:03:42","source/repos/poukymon/poukymon/lib/bootstrap/scss/mixins/_gradients.scss","1.0","2022-10-20T11:03:31Z","fethy.faradji@infopro-digital.com"
"14/09/2026 10:03:43","source/repos/poukymon/poukymon/lib/bootstrap/scss/mixins/_grid.scss","1.0","2022-10-20T11:03:31Z","fethy.faradji@infopro-digital.com"
"14/09/2026 10:03:46","source/repos/poukymon/poukymon/lib/bootstrap/scss/mixins/_image.scss","1.0","2022-10-20T11:03:31Z","fethy.faradji@infopro-digital.com"
"14/09/2026 10:03:47","source/repos/poukymon/poukymon/lib/bootstrap/scss/mixins/_list-group.scss","1.0","2022-10-20T11:03:31Z","fethy.faradji@infopro-digital.com"
"14/09/2026 10:03:48","source/repos/poukymon/poukymon/lib/bootstrap/scss/mixins/_lists.scss","1.0","2022-10-20T11:03:31Z","fethy.faradji@infopro-digital.com"
"14/09/2026 10:03:49","source/repos/poukymon/poukymon/lib/bootstrap/scss/mixins/_pagination.scss","1.0","2022-10-20T11:03:31Z","fethy.faradji@infopro-digital.com"
"14/09/2026 10:03:51","source/repos/poukymon/poukymon/lib/bootstrap/scss/mixins/_reset-text.scss","1.0","2022-10-20T11:03:31Z","fethy.faradji@infopro-digital.com"
"14/09/2026 10:03:52","source/repos/poukymon/poukymon/lib/bootstrap/scss/mixins/_resize.scss","1.0","2022-10-20T11:03:31Z","fethy.faradji@infopro-digital.com"
"14/09/2026 10:03:52","source/repos/poukymon/poukymon/lib/bootstrap/scss/mixins/_table-variants.scss","1.0","2022-10-20T11:03:31Z","fethy.faradji@infopro-digital.com"
"14/09/2026 10:03:53","source/repos/poukymon/poukymon/lib/bootstrap/scss/mixins/_text-truncate.scss","1.0","2022-10-20T11:03:31Z","fethy.faradji@infopro-digital.com"
"14/09/2026 10:03:55","source/repos/poukymon/poukymon/lib/bootstrap/scss/mixins/_transition.scss","1.0","2022-10-20T11:03:31Z","fethy.faradji@infopro-digital.com"
"14/09/2026 10:03:57","source/repos/poukymon/poukymon/lib/bootstrap/scss/mixins/_utilities.scss","1.0","2022-10-20T11:03:31Z","fethy.faradji@infopro-digital.com"
"14/09/2026 10:03:57","source/repos/poukymon/poukymon/lib/bootstrap/scss/mixins/_visually-hidden.scss","1.0","2022-10-20T11:03:31Z","fethy.faradji@infopro-digital.com"
"14/09/2026 10:03:59","source/repos/poukymon/poukymon/lib/bootstrap/scss/utilities/_api.scss","1.0","2022-10-20T11:03:31Z","fethy.faradji@infopro-digital.com"
"14/09/2026 10:04:01","source/repos/poukymon/poukymon/lib/bootstrap/scss/vendor/_rfs.scss","1.0","2022-10-20T11:03:31Z","fethy.faradji@infopro-digital.com"
"14/09/2026 10:04:02","source/repos/poukymon/poukymon/lib/bootstrap/scss/_accordion.scss","1.0","2022-10-20T11:03:30Z","fethy.faradji@infopro-digital.com"
"14/09/2026 10:04:03","source/repos/poukymon/poukymon/lib/bootstrap/scss/_alert.scss","1.0","2022-10-20T11:03:30Z","fethy.faradji@infopro-digital.com"
"14/09/2026 10:04:04","source/repos/poukymon/poukymon/lib/bootstrap/scss/_badge.scss","1.0","2022-10-20T11:03:30Z","fethy.faradji@infopro-digital.com"
"14/09/2026 10:04:06","source/repos/poukymon/poukymon/lib/bootstrap/scss/_breadcrumb.scss","1.0","2022-10-20T11:03:30Z","fethy.faradji@infopro-digital.com"
"14/09/2026 10:04:07","source/repos/poukymon/poukymon/lib/bootstrap/scss/_button-group.scss","1.0","2022-10-20T11:03:30Z","fethy.faradji@infopro-digital.com"
"14/09/2026 10:04:07","source/repos/poukymon/poukymon/lib/bootstrap/scss/_buttons.scss","1.0","2022-10-20T11:03:30Z","fethy.faradji@infopro-digital.com"
"14/09/2026 10:04:08","source/repos/poukymon/poukymon/lib/bootstrap/scss/_card.scss","1.0","2022-10-20T11:03:30Z","fethy.faradji@infopro-digital.com"
"14/09/2026 10:04:11","source/repos/poukymon/poukymon/lib/bootstrap/scss/_carousel.scss","1.0","2022-10-20T11:03:30Z","fethy.faradji@infopro-digital.com"
"14/09/2026 10:04:12","source/repos/poukymon/poukymon/lib/bootstrap/scss/_close.scss","1.0","2022-10-20T11:03:30Z","fethy.faradji@infopro-digital.com"
"14/09/2026 10:04:12","source/repos/poukymon/poukymon/lib/bootstrap/scss/_containers.scss","1.0","2022-10-20T11:03:30Z","fethy.faradji@infopro-digital.com"
"14/09/2026 10:04:14","source/repos/poukymon/poukymon/lib/bootstrap/scss/_dropdown.scss","1.0","2022-10-20T11:03:30Z","fethy.faradji@infopro-digital.com"
"14/09/2026 10:04:17","source/repos/poukymon/poukymon/lib/bootstrap/scss/_forms.scss","1.0","2022-10-20T11:03:30Z","fethy.faradji@infopro-digital.com"
"14/09/2026 10:04:17","source/repos/poukymon/poukymon/lib/bootstrap/scss/_functions.scss","1.0","2022-10-20T11:03:30Z","fethy.faradji@infopro-digital.com"
"14/09/2026 10:04:18","source/repos/poukymon/poukymon/lib/bootstrap/scss/_grid.scss","1.0","2022-10-20T11:03:30Z","fethy.faradji@infopro-digital.com"
"14/09/2026 10:04:18","source/repos/poukymon/poukymon/lib/bootstrap/scss/_helpers.scss","1.0","2022-10-20T11:03:30Z","fethy.faradji@infopro-digital.com"
"14/09/2026 10:04:21","source/repos/poukymon/poukymon/lib/bootstrap/scss/_images.scss","1.0","2022-10-20T11:03:30Z","fethy.faradji@infopro-digital.com"
"14/09/2026 10:04:22","source/repos/poukymon/poukymon/lib/bootstrap/scss/_list-group.scss","1.0","2022-10-20T11:03:30Z","fethy.faradji@infopro-digital.com"
"14/09/2026 10:04:22","source/repos/poukymon/poukymon/lib/bootstrap/scss/_maps.scss","1.0","2022-10-20T11:03:30Z","fethy.faradji@infopro-digital.com"
"14/09/2026 10:04:23","source/repos/poukymon/poukymon/lib/bootstrap/scss/_mixins.scss","1.0","2022-10-20T11:03:30Z","fethy.faradji@infopro-digital.com"
"14/09/2026 10:04:26","source/repos/poukymon/poukymon/lib/bootstrap/scss/_modal.scss","1.0","2022-10-20T11:03:30Z","fethy.faradji@infopro-digital.com"
"14/09/2026 10:04:27","source/repos/poukymon/poukymon/lib/bootstrap/scss/_nav.scss","1.0","2022-10-20T11:03:30Z","fethy.faradji@infopro-digital.com"
"14/09/2026 10:04:27","source/repos/poukymon/poukymon/lib/bootstrap/scss/_navbar.scss","1.0","2022-10-20T11:03:30Z","fethy.faradji@infopro-digital.com"
"14/09/2026 10:04:28","source/repos/poukymon/poukymon/lib/bootstrap/scss/_offcanvas.scss","1.0","2022-10-20T11:03:30Z","fethy.faradji@infopro-digital.com"
"14/09/2026 10:04:31","source/repos/poukymon/poukymon/lib/bootstrap/scss/_pagination.scss","1.0","2022-10-20T11:03:30Z","fethy.faradji@infopro-digital.com"
"14/09/2026 10:04:32","source/repos/poukymon/poukymon/lib/bootstrap/scss/_placeholders.scss","1.0","2022-10-20T11:03:30Z","fethy.faradji@infopro-digital.com"
"14/09/2026 10:04:33","source/repos/poukymon/poukymon/lib/bootstrap/scss/_popover.scss","1.0","2022-10-20T11:03:30Z","fethy.faradji@infopro-digital.com"
"14/09/2026 10:04:33","source/repos/poukymon/poukymon/lib/bootstrap/scss/_progress.scss","1.0","2022-10-20T11:03:31Z","fethy.faradji@infopro-digital.com"
"14/09/2026 10:04:36","source/repos/poukymon/poukymon/lib/bootstrap/scss/_reboot.scss","1.0","2022-10-20T11:03:31Z","fethy.faradji@infopro-digital.com"
"14/09/2026 10:04:36","source/repos/poukymon/poukymon/lib/bootstrap/scss/_root.scss","1.0","2022-10-20T11:03:31Z","fethy.faradji@infopro-digital.com"
"14/09/2026 10:04:37","source/repos/poukymon/poukymon/lib/bootstrap/scss/_spinners.scss","1.0","2022-10-20T11:03:31Z","fethy.faradji@infopro-digital.com"
"14/09/2026 10:04:38","source/repos/poukymon/poukymon/lib/bootstrap/scss/_tables.scss","1.0","2022-10-20T11:03:31Z","fethy.faradji@infopro-digital.com"
"14/09/2026 10:04:41","source/repos/poukymon/poukymon/lib/bootstrap/scss/_toasts.scss","1.0","2022-10-20T11:03:31Z","fethy.faradji@infopro-digital.com"
"14/09/2026 10:04:41","source/repos/poukymon/poukymon/lib/bootstrap/scss/_tooltip.scss","1.0","2022-10-20T11:03:31Z","fethy.faradji@infopro-digital.com"
"14/09/2026 10:04:42","source/repos/poukymon/poukymon/lib/bootstrap/scss/_transitions.scss","1.0","2022-10-20T11:03:31Z","fethy.faradji@infopro-digital.com"
"14/09/2026 10:04:42","source/repos/poukymon/poukymon/lib/bootstrap/scss/_type.scss","1.0","2022-10-20T11:03:31Z","fethy.faradji@infopro-digital.com"
"14/09/2026 10:04:46","source/repos/poukymon/poukymon/lib/bootstrap/scss/_utilities.scss","1.0","2022-10-20T11:03:31Z","fethy.faradji@infopro-digital.com"
"14/09/2026 10:04:47","source/repos/poukymon/poukymon/lib/bootstrap/scss/_variables.scss","1.0","2022-10-20T11:03:31Z","fethy.faradji@infopro-digital.com"
"14/09/2026 10:04:47","source/repos/poukymon/poukymon/lib/bootstrap/scss/bootstrap.scss","1.0","2022-10-20T11:03:30Z","fethy.faradji@infopro-digital.com"
"14/09/2026 10:04:48","source/repos/poukymon/poukymon/lib/bootstrap/scss/bootstrap-grid.scss","1.0","2022-10-20T11:03:30Z","fethy.faradji@infopro-digital.com"
"14/09/2026 10:04:52","source/repos/poukymon/poukymon/lib/bootstrap/scss/bootstrap-utilities.scss","1.0","2022-10-20T11:03:30Z","fethy.faradji@infopro-digital.com"
"14/09/2026 10:04:52","source/repos/poukymon/poukymon/lib/bootstrap/scss/bootstrap-reboot.scss","1.0","2022-10-20T11:03:30Z","fethy.faradji@infopro-digital.com"
"14/09/2026 10:04:53","source/repos/poukymon/poukymon/Models/AvisModel.cs","1.0","2022-11-16T15:14:17Z","fethy.faradji@infopro-digital.com"
"14/09/2026 10:04:53","source/repos/poukymon/poukymon/Models/PostedSupports.cs","1.0","2022-10-20T11:03:31Z","fethy.faradji@infopro-digital.com"
"14/09/2026 10:04:57","source/repos/poukymon/poukymon/Models/Statut.cs","1.0","2022-10-20T11:03:31Z","fethy.faradji@infopro-digital.com"
"14/09/2026 10:04:57","source/repos/poukymon/poukymon/Models/Prestataires.cs","1.0","2022-10-20T11:03:31Z","fethy.faradji@infopro-digital.com"
"14/09/2026 10:04:58","source/repos/poukymon/poukymon/Models/Supportcs.cs","1.0","2022-10-20T11:03:31Z","fethy.faradji@infopro-digital.com"
"14/09/2026 10:04:59","source/repos/poukymon/poukymon/obj/Debug/.NETFramework,Version=v4.7.AssemblyAttributes.cs","1.0","2023-07-31T13:50:53Z","fethy.faradji@infopro-digital.com"
"14/09/2026 10:05:01","source/repos/poukymon/poukymon/obj/Debug/DesignTimeResolveAssemblyReferencesInput.cache","1.0","2022-11-17T14:16:18Z","fethy.faradji@infopro-digital.com"
"14/09/2026 10:05:02","source/repos/poukymon/poukymon/obj/Debug/poukymon.csproj.AssemblyReference.cache","1.0","2023-03-13T09:57:09Z","fethy.faradji@infopro-digital.com"
"14/09/2026 10:05:02","source/repos/poukymon/poukymon/obj/Debug/poukymon.csproj.CopyComplete","1.0","2022-11-17T14:16:42Z","fethy.faradji@infopro-digital.com"
"14/09/2026 10:05:03","source/repos/poukymon/poukymon/obj/Debug/poukymon.csproj.CoreCompileInputs.cache","1.0","2022-11-17T14:16:42Z","fethy.faradji@infopro-digital.com"
"14/09/2026 10:05:03","source/repos/poukymon/poukymon/obj/Debug/DesignTimeResolveAssemblyReferencesInput.cache","2.0","2023-03-14T16:44:13Z","fethy.faradji@infopro-digital.com"
"14/09/2026 10:05:04","source/repos/poukymon/poukymon/obj/Debug/poukymon.csproj.AssemblyReference.cache","2.0","2023-04-05T13:37:50Z","fethy.faradji@infopro-digital.com"
"14/09/2026 10:05:05","source/repos/poukymon/poukymon/obj/Debug/DesignTimeResolveAssemblyReferencesInput.cache","3.0","2023-04-05T13:37:50Z","fethy.faradji@infopro-digital.com"
"14/09/2026 10:05:05","source/repos/poukymon/poukymon/obj/Debug/poukymon.csproj.AssemblyReference.cache","3.0","2023-07-31T13:50:53Z","fethy.faradji@infopro-digital.com"
"14/09/2026 10:05:06","source/repos/poukymon/poukymon/obj/Debug/DesignTimeResolveAssemblyReferencesInput.cache","4.0","2023-07-31T13:50:53Z","fethy.faradji@infopro-digital.com"
"14/09/2026 10:05:06","source/repos/poukymon/poukymon/obj/Debug/poukymon.csproj.FileListAbsolute.txt","1.0","2022-11-17T14:16:42Z","fethy.faradji@infopro-digital.com"
"14/09/2026 10:05:07","source/repos/poukymon/poukymon/obj/Debug/poukymon.dll","1.0","2022-11-17T14:27:17Z","fethy.faradji@infopro-digital.com"
"14/09/2026 10:05:09","source/repos/poukymon/poukymon/obj/Debug/poukymon.pdb","1.0","2022-11-17T14:27:17Z","fethy.faradji@infopro-digital.com"
"14/09/2026 10:05:11","source/repos/poukymon/poukymon/Scripts/bootstrap.bundle.js","1.0","2022-11-17T14:16:13Z","fethy.faradji@infopro-digital.com"
"14/09/2026 10:05:11","source/repos/poukymon/poukymon/Properties/AssemblyInfo.cs","1.0","2022-11-17T13:16:26Z","fethy.faradji@infopro-digital.com"
"14/09/2026 10:05:13","source/repos/poukymon/poukymon/Scripts/bootstrap.bundle.js.map","1.0","2022-11-17T14:16:13Z","fethy.faradji@infopro-digital.com"
"14/09/2026 10:05:13","source/repos/poukymon/poukymon/Scripts/bootstrap.bundle.min.js","1.0","2022-11-17T14:16:13Z","fethy.faradji@infopro-digital.com"
"14/09/2026 10:05:16","source/repos/poukymon/poukymon/Scripts/bootstrap.bundle.min.js.map","1.0","2022-11-17T14:16:13Z","fethy.faradji@infopro-digital.com"
"14/09/2026 10:05:16","source/repos/poukymon/poukymon/Scripts/bootstrap.esm.js","1.0","2022-11-17T14:16:13Z","fethy.faradji@infopro-digital.com"
"14/09/2026 10:05:18","source/repos/poukymon/poukymon/Scripts/bootstrap.esm.min.js","1.0","2022-11-17T14:16:12Z","fethy.faradji@infopro-digital.com"
"14/09/2026 10:05:19","source/repos/poukymon/poukymon/Scripts/bootstrap.esm.js.map","1.0","2022-11-17T14:16:12Z","fethy.faradji@infopro-digital.com"
"14/09/2026 10:05:21","source/repos/poukymon/poukymon/Scripts/bootstrap.esm.min.js.map","1.0","2022-11-17T14:16:12Z","fethy.faradji@infopro-digital.com"
"14/09/2026 10:05:22","source/repos/poukymon/poukymon/Scripts/bootstrap.js","1.0","2022-11-17T14:16:12Z","fethy.faradji@infopro-digital.com"
"14/09/2026 10:05:22","source/repos/poukymon/poukymon/Scripts/bootstrap.js.map","1.0","2022-11-17T14:16:12Z","fethy.faradji@infopro-digital.com"
"14/09/2026 10:05:24","source/repos/poukymon/poukymon/Scripts/bootstrap.min.js","1.0","2022-11-17T14:16:11Z","fethy.faradji@infopro-digital.com"
"14/09/2026 10:05:26","source/repos/poukymon/poukymon/Scripts/bootstrap.min.js.map","1.0","2022-11-17T14:16:11Z","fethy.faradji@infopro-digital.com"
"14/09/2026 10:05:28","source/repos/poukymon/poukymon/Scripts/jquery.validate.min.js","1.0","2022-10-20T11:03:31Z","fethy.faradji@infopro-digital.com"
"14/09/2026 10:05:28","source/repos/poukymon/poukymon/Scripts/jquery.validate.js","1.0","2022-10-20T11:03:31Z","fethy.faradji@infopro-digital.com"
"14/09/2026 10:05:30","source/repos/poukymon/poukymon/Scripts/jquery.validate.unobtrusive.js","1.0","2022-10-20T11:03:31Z","fethy.faradji@infopro-digital.com"
"14/09/2026 10:05:31","source/repos/poukymon/poukymon/Scripts/jquery.validate.unobtrusive.min.js","1.0","2022-10-20T11:03:31Z","fethy.faradji@infopro-digital.com"
"14/09/2026 10:05:33","source/repos/poukymon/poukymon/Scripts/jquery.validate-vsdoc.js","1.0","2022-10-20T11:03:31Z","fethy.faradji@infopro-digital.com"
"14/09/2026 10:05:34","source/repos/poukymon/poukymon/Scripts/jquery-3.4.1.intellisense.js","1.0","2022-10-20T11:03:31Z","fethy.faradji@infopro-digital.com"
"14/09/2026 10:05:35","source/repos/poukymon/poukymon/Scripts/jquery-3.4.1.js","1.0","2022-10-20T11:03:31Z","fethy.faradji@infopro-digital.com"
"14/09/2026 10:05:36","source/repos/poukymon/poukymon/Scripts/jquery-3.4.1.min.js","1.0","2022-10-20T11:03:31Z","fethy.faradji@infopro-digital.com"
"14/09/2026 10:05:38","source/repos/poukymon/poukymon/Scripts/jquery-3.4.1.min.map","1.0","2022-10-20T11:03:31Z","fethy.faradji@infopro-digital.com"
"14/09/2026 10:05:39","source/repos/poukymon/poukymon/Scripts/jquery-3.4.1.slim.js","1.0","2022-10-20T11:03:31Z","fethy.faradji@infopro-digital.com"
"14/09/2026 10:05:39","source/repos/poukymon/poukymon/Scripts/jquery-3.4.1.slim.min.js","1.0","2022-10-20T11:03:31Z","fethy.faradji@infopro-digital.com"
"14/09/2026 10:05:40","source/repos/poukymon/poukymon/Scripts/jquery-3.4.1.slim.min.map","1.0","2022-10-20T11:03:31Z","fethy.faradji@infopro-digital.com"
"14/09/2026 10:05:44","source/repos/poukymon/poukymon/Scripts/modernizr-2.8.3.js","1.0","2022-10-20T11:03:31Z","fethy.faradji@infopro-digital.com"
"14/09/2026 10:05:44","source/repos/poukymon/poukymon/Temp/D43035.doc","1.0","2022-11-14T13:32:46Z","fethy.faradji@infopro-digital.com"
"14/09/2026 10:05:45","source/repos/poukymon/poukymon/Temp/D43031.doc","1.0","2022-10-20T11:13:05Z","fethy.faradji@infopro-digital.com"
"14/09/2026 10:05:46","source/repos/poukymon/poukymon/Temp/D43050.pdf","1.0","2022-11-14T13:44:01Z","fethy.faradji@infopro-digital.com"
"14/09/2026 10:05:50","source/repos/poukymon/poukymon/Views/Avis/AvisArchive.cshtml","1.0","2022-11-04T14:18:40Z","fethy.faradji@infopro-digital.com"
"14/09/2026 10:05:51","source/repos/poukymon/poukymon/Views/Avis/AvisDetails.cshtml","1.0","2022-11-16T13:39:37Z","fethy.faradji@infopro-digital.com"
"14/09/2026 10:05:51","source/repos/poukymon/poukymon/Views/Avis/AvisListe.cshtml","1.0","2022-10-26T08:58:38Z","fethy.faradji@infopro-digital.com"
"14/09/2026 10:05:51","source/repos/poukymon/poukymon/Views/Avis/AvisEnCours.cshtml","1.0","2022-11-04T14:54:21Z","fethy.faradji@infopro-digital.com"
"14/09/2026 10:05:55","source/repos/poukymon/poukymon/Views/Home/About.cshtml","1.0","2022-10-20T11:03:32Z","fethy.faradji@infopro-digital.com"
"14/09/2026 10:05:56","source/repos/poukymon/poukymon/Views/Home/Contact.cshtml","1.0","2022-10-20T11:03:32Z","fethy.faradji@infopro-digital.com"
"14/09/2026 10:05:57","source/repos/poukymon/poukymon/Views/Home/Index.cshtml","1.0","2022-11-16T13:47:29Z","fethy.faradji@infopro-digital.com"
"14/09/2026 10:05:57","source/repos/poukymon/poukymon/Views/Shared/_Layout.cshtml","1.0","2022-11-17T14:25:13Z","fethy.faradji@infopro-digital.com"
"14/09/2026 10:06:00","source/repos/poukymon/poukymon/Views/Shared/Error.cshtml","1.0","2022-10-20T11:03:32Z","fethy.faradji@infopro-digital.com"
"14/09/2026 10:06:01","source/repos/poukymon/poukymon/Views/_ViewStart.cshtml","1.0","2022-10-20T11:03:31Z","fethy.faradji@infopro-digital.com"
"14/09/2026 10:06:01","source/repos/poukymon/poukymon/DAL.cs","1.0","2022-11-17T13:33:51Z","fethy.faradji@infopro-digital.com"
"14/09/2026 10:06:02","source/repos/poukymon/poukymon/Views/Web.config","1.0","2022-10-20T11:03:31Z","fethy.faradji@infopro-digital.com"
"14/09/2026 10:06:05","source/repos/poukymon/poukymon/DAL_MONIMAIL.cs","1.0","2022-11-17T13:33:47Z","fethy.faradji@infopro-digital.com"
"14/09/2026 10:06:05","source/repos/poukymon/poukymon/favicon.ico","1.0","2022-11-17T13:16:26Z","fethy.faradji@infopro-digital.com"
"14/09/2026 10:06:06","source/repos/poukymon/poukymon/Global.asax","1.0","2022-11-17T13:16:26Z","fethy.faradji@infopro-digital.com"
"14/09/2026 10:06:06","source/repos/poukymon/poukymon/GestionFichier.cs","1.0","2022-11-17T13:32:53Z","fethy.faradji@infopro-digital.com"
"14/09/2026 10:06:10","source/repos/poukymon/poukymon/Global.asax.cs","1.0","2022-11-17T13:16:26Z","fethy.faradji@infopro-digital.com"
"14/09/2026 10:06:10","source/repos/poukymon/poukymon/libman.json","1.0","2022-10-20T11:03:17Z","fethy.faradji@infopro-digital.com"
"14/09/2026 10:06:11","source/repos/poukymon/poukymon/Oracle.DataAccess.Common.Configuration.Section.xsd","1.0","2022-11-17T13:32:34Z","fethy.faradji@infopro-digital.com"
"14/09/2026 10:06:11","source/repos/poukymon/poukymon/Oracle.ManagedDataAccess.Client.Configuration.Section.xsd","1.0","2022-11-17T13:32:34Z","fethy.faradji@infopro-digital.com"
"14/09/2026 10:06:14","source/repos/poukymon/poukymon/packages.config","1.0","2022-11-17T14:16:18Z","fethy.faradji@infopro-digital.com"
"14/09/2026 10:06:15","source/repos/poukymon/poukymon/poukymon.csproj","1.0","2022-11-17T14:16:19Z","fethy.faradji@infopro-digital.com"
"14/09/2026 10:06:16","source/repos/poukymon/poukymon/poukymon.csproj.user","1.0","2022-11-17T13:31:28Z","fethy.faradji@infopro-digital.com"
"14/09/2026 10:06:16","source/repos/poukymon/poukymon/Web.config","1.0","2022-11-17T14:16:19Z","fethy.faradji@infopro-digital.com"
"14/09/2026 10:06:20","source/repos/poukymon/poukymon/Web.Debug.config","1.0","2022-11-17T13:16:26Z","fethy.faradji@infopro-digital.com"
"14/09/2026 10:06:20","source/repos/poukymon/poukymon/Web.Release.config","1.0","2022-11-17T13:16:26Z","fethy.faradji@infopro-digital.com"
"14/09/2026 10:06:21","source/repos/poukymon/poukymon.sln","1.0","2022-11-17T13:16:33Z","fethy.faradji@infopro-digital.com"
"14/09/2026 10:06:24","source/repos/rattrapage SM2204/.vs/rattrapage SM2204/v16/.suo","1.0","2023-01-19T15:03:25Z","fethy.faradji@infopro-digital.com"
"14/09/2026 10:06:25","source/repos/rattrapage SM2204/.vs/rattrapage SM2204/v16/.suo","2.0","2023-07-21T08:05:03Z","fethy.faradji@infopro-digital.com"
"14/09/2026 10:06:26","source/repos/rattrapage SM2204/.vs/rattrapage SM2204/v16/.suo","3.0","2023-07-21T08:10:22Z","fethy.faradji@infopro-digital.com"
"14/09/2026 10:06:27","source/repos/rattrapage SM2204/rattrapage SM2204/bin/Development/rattrapage SM2204.ispac","1.0","2023-01-19T14:31:01Z","fethy.faradji@infopro-digital.com"
"14/09/2026 10:06:28","source/repos/rattrapage SM2204/.vs/rattrapage SM2204/v16/.suo","4.0","2023-07-21T08:11:53Z","fethy.faradji@infopro-digital.com"
"14/09/2026 10:06:28","source/repos/rattrapage SM2204/rattrapage SM2204/obj/Development/BuildLog.xml","1.0","2023-01-19T14:31:01Z","fethy.faradji@infopro-digital.com"
"14/09/2026 10:06:29","source/repos/rattrapage SM2204/rattrapage SM2204/obj/Development/Package.dtsx","1.0","2023-01-19T14:31:01Z","fethy.faradji@infopro-digital.com"
"14/09/2026 10:06:30","source/repos/rattrapage SM2204/rattrapage SM2204/bin/Development/rattrapage SM2204.ispac","2.0","2023-07-21T08:13:24Z","fethy.faradji@infopro-digital.com"
"14/09/2026 10:06:30","source/repos/rattrapage SM2204/rattrapage SM2204/obj/Development/BuildLog.xml","2.0","2023-07-21T08:05:04Z","fethy.faradji@infopro-digital.com"
"14/09/2026 10:06:30","source/repos/rattrapage SM2204/.vs/rattrapage SM2204/v16/.suo","5.0","2023-07-21T08:13:22Z","fethy.faradji@infopro-digital.com"
"14/09/2026 10:06:31","source/repos/rattrapage SM2204/rattrapage SM2204/obj/Development/Package.dtsx","2.0","2023-07-21T08:05:05Z","fethy.faradji@infopro-digital.com"
"14/09/2026 10:06:31","source/repos/rattrapage SM2204/.vs/rattrapage SM2204/v16/.suo","6.0","2023-07-21T09:53:11Z","fethy.faradji@infopro-digital.com"
"14/09/2026 10:06:31","source/repos/rattrapage SM2204/rattrapage SM2204/obj/Development/BuildLog.xml","3.0","2023-07-21T08:10:22Z","fethy.faradji@infopro-digital.com"
"14/09/2026 10:06:32","source/repos/rattrapage SM2204/rattrapage SM2204/obj/Development/Package.dtsx","3.0","2023-07-21T08:10:23Z","fethy.faradji@infopro-digital.com"
"14/09/2026 10:06:33","source/repos/rattrapage SM2204/rattrapage SM2204/obj/Development/Project.params","1.0","2023-07-21T08:13:24Z","fethy.faradji@infopro-digital.com"
"14/09/2026 10:06:33","source/repos/rattrapage SM2204/rattrapage SM2204/obj/Development/BuildLog.xml","4.0","2023-07-21T08:11:54Z","fethy.faradji@infopro-digital.com"
"14/09/2026 10:06:33","source/repos/rattrapage SM2204/rattrapage SM2204/obj/Development/Package.dtsx","4.0","2023-07-21T08:11:55Z","fethy.faradji@infopro-digital.com"
"14/09/2026 10:06:34","source/repos/rattrapage SM2204/rattrapage SM2204/obj/Development/Package.dtsx","5.0","2023-07-21T08:13:24Z","fethy.faradji@infopro-digital.com"
"14/09/2026 10:06:34","source/repos/rattrapage SM2204/rattrapage SM2204/obj/Development/BuildLog.xml","5.0","2023-07-21T08:13:23Z","fethy.faradji@infopro-digital.com"
"14/09/2026 10:06:35","source/repos/rattrapage SM2204/rattrapage SM2204/obj/Development/rattrapage SM2204.dtproj","1.0","2023-01-19T14:31:01Z","fethy.faradji@infopro-digital.com"
"14/09/2026 10:06:36","source/repos/rattrapage SM2204/rattrapage SM2204/Package.dtsx","1.0","2023-01-19T14:31:01Z","fethy.faradji@infopro-digital.com"
"14/09/2026 10:06:38","source/repos/rattrapage SM2204/rattrapage SM2204/Project.params","1.0","2022-04-19T14:34:36Z","fethy.faradji@infopro-digital.com"
"14/09/2026 10:06:38","source/repos/rattrapage SM2204/rattrapage SM2204/obj/Development/rattrapage SM2204.dtproj","2.0","2023-07-21T08:05:05Z","fethy.faradji@infopro-digital.com"
"14/09/2026 10:06:38","source/repos/rattrapage SM2204/rattrapage SM2204/ratrappageCLG SM2204.dtsx","1.0","2022-04-19T14:37:53Z","fethy.faradji@infopro-digital.com"
"14/09/2026 10:06:38","source/repos/rattrapage SM2204/rattrapage SM2204/Package.dtsx","2.0","2023-07-21T08:05:03Z","fethy.faradji@infopro-digital.com"
"14/09/2026 10:06:39","source/repos/rattrapage SM2204/rattrapage SM2204/obj/Development/rattrapage SM2204.dtproj","3.0","2023-07-21T08:10:23Z","fethy.faradji@infopro-digital.com"
"14/09/2026 10:06:40","source/repos/rattrapage SM2204/rattrapage SM2204/obj/Development/rattrapage SM2204.dtproj","4.0","2023-07-21T08:11:55Z","fethy.faradji@infopro-digital.com"
"14/09/2026 10:06:40","source/repos/rattrapage SM2204/rattrapage SM2204/Package.dtsx","3.0","2023-07-21T08:10:21Z","fethy.faradji@infopro-digital.com"
"14/09/2026 10:06:41","source/repos/rattrapage SM2204/rattrapage SM2204/obj/Development/rattrapage SM2204.dtproj","5.0","2023-07-21T08:13:24Z","fethy.faradji@infopro-digital.com"
"14/09/2026 10:06:41","source/repos/rattrapage SM2204/rattrapage SM2204/Package.dtsx","4.0","2023-07-21T08:11:53Z","fethy.faradji@infopro-digital.com"
"14/09/2026 10:06:43","source/repos/rattrapage SM2204/rattrapage SM2204/rattrapage SM2204.database","1.0","2022-04-19T14:34:36Z","fethy.faradji@infopro-digital.com"
"14/09/2026 10:06:43","source/repos/rattrapage SM2204/rattrapage SM2204/Package.dtsx","5.0","2023-07-21T08:13:23Z","fethy.faradji@infopro-digital.com"
"14/09/2026 10:06:44","source/repos/rattrapage SM2204/rattrapage SM2204/rattrapage SM2204.dtproj","1.0","2022-06-17T12:25:07Z","fethy.faradji@infopro-digital.com"
"14/09/2026 10:06:44","source/repos/rattrapage SM2204/rattrapage SM2204/Package.dtsx","6.0","2023-07-21T08:15:18Z","fethy.faradji@infopro-digital.com"
"14/09/2026 10:06:44","source/repos/rattrapage SM2204/rattrapage SM2204/rattrapage SM2204.dtproj.user","1.0","2023-07-21T09:53:12Z","fethy.faradji@infopro-digital.com"
"14/09/2026 10:06:47","source/repos/rattrapage SM2204/rattrapage SM2204.sln","1.0","2022-04-19T14:34:39Z","fethy.faradji@infopro-digital.com"
"14/09/2026 10:06:51","source/repos/rattrapage_BIM_POC/.vs/rattrapage_BIM_POC/v16/.suo","1.0","2022-10-04T13:42:13Z","fethy.faradji@infopro-digital.com"
"14/09/2026 10:06:52","source/repos/rattrapage_BIM_POC/rattrapage_BIM_POC/obj/Development/ANT-V-BIMPOC_MTBIM01.svc_bim_poc 1.conmgr","1.0","2022-08-09T14:01:38Z","fethy.faradji@infopro-digital.com"
"14/09/2026 10:06:52","source/repos/rattrapage_BIM_POC/rattrapage_BIM_POC/bin/Development/rattrapage_BIM_POC.ispac","1.0","2022-08-09T14:01:38Z","fethy.faradji@infopro-digital.com"
"14/09/2026 10:06:53","source/repos/rattrapage_BIM_POC/rattrapage_BIM_POC/obj/Development/ANT-V-BIMPOC_MTBIM01.svc_bim_poc.conmgr","1.0","2022-08-09T14:01:38Z","fethy.faradji@infopro-digital.com"
"14/09/2026 10:06:55","source/repos/rattrapage_BIM_POC/rattrapage_BIM_POC/obj/Development/BuildLog.xml","1.0","2022-08-09T14:01:38Z","fethy.faradji@infopro-digital.com"
"14/09/2026 10:06:55","source/repos/rattrapage_BIM_POC/rattrapage_BIM_POC/obj/Development/GRMUZSSQL002_MSSQLBIMP.BIM_DW.USR_BIMP 1.conmgr","1.0","2022-08-09T14:01:38Z","fethy.faradji@infopro-digital.com"
"14/09/2026 10:06:56","source/repos/rattrapage_BIM_POC/rattrapage_BIM_POC/obj/Development/GRMUZSSQL002_MSSQLBIMP.BIM_DW.USR_BIMP.conmgr","1.0","2022-08-09T14:01:38Z","fethy.faradji@infopro-digital.com"
"14/09/2026 10:06:57","source/repos/rattrapage_BIM_POC/rattrapage_BIM_POC/obj/Development/Package.dtsx","1.0","2022-08-09T14:01:38Z","fethy.faradji@infopro-digital.com"
"14/09/2026 10:06:59","source/repos/rattrapage_BIM_POC/rattrapage_BIM_POC/obj/Development/Project.params","1.0","2022-08-09T14:01:38Z","fethy.faradji@infopro-digital.com"
"14/09/2026 10:06:59","source/repos/rattrapage_BIM_POC/rattrapage_BIM_POC/obj/Development/rattrapage_BIM_POC.dtproj","1.0","2022-08-09T14:01:38Z","fethy.faradji@infopro-digital.com"
"14/09/2026 10:07:00","source/repos/rattrapage_BIM_POC/rattrapage_BIM_POC/ANT-V-BIMPOC_MTBIM01.svc_bim_poc 1.conmgr","1.0","2022-06-24T10:38:07Z","fethy.faradji@infopro-digital.com"
"14/09/2026 10:07:01","source/repos/rattrapage_BIM_POC/rattrapage_BIM_POC/ANT-V-BIMPOC_MTBIM01.svc_bim_poc.conmgr","1.0","2022-08-09T14:00:43Z","fethy.faradji@infopro-digital.com"
"14/09/2026 10:07:03","source/repos/rattrapage_BIM_POC/rattrapage_BIM_POC/GRMUZSSQL002_MSSQLBIMP.BIM_DW.USR_BIMP 1.conmgr","1.0","2022-08-09T13:59:47Z","fethy.faradji@infopro-digital.com"
"14/09/2026 10:07:03","source/repos/rattrapage_BIM_POC/rattrapage_BIM_POC/GRMUZSSQL002_MSSQLBIMP.BIM_DW.USR_BIMP.conmgr","1.0","2022-08-09T13:59:28Z","fethy.faradji@infopro-digital.com"
"14/09/2026 10:07:05","source/repos/rattrapage_BIM_POC/rattrapage_BIM_POC/Package.dtsx","1.0","2022-08-09T14:01:38Z","fethy.faradji@infopro-digital.com"
"14/09/2026 10:07:07","source/repos/rattrapage_BIM_POC/rattrapage_BIM_POC/Project.params","1.0","2022-06-21T10:06:36Z","fethy.faradji@infopro-digital.com"
"14/09/2026 10:07:07","source/repos/rattrapage_BIM_POC/rattrapage_BIM_POC/rattrapage_BIM_POC.database","1.0","2022-06-21T10:06:36Z","fethy.faradji@infopro-digital.com"
"14/09/2026 10:07:08","source/repos/rattrapage_BIM_POC/rattrapage_BIM_POC/rattrapage_BIM_POC.dtproj","1.0","2022-06-24T10:38:53Z","fethy.faradji@infopro-digital.com"
"14/09/2026 10:07:10","source/repos/rattrapage_BIM_POC/rattrapage_BIM_POC/rattrapage_BIM_POC.dtproj.user","1.0","2022-10-04T13:42:14Z","fethy.faradji@infopro-digital.com"
"14/09/2026 10:07:11","source/repos/rattrapage_BIM_POC/rattrapage_BIM_POC.sln","1.0","2022-06-21T10:06:38Z","fethy.faradji@infopro-digital.com"
"14/09/2026 10:07:14","source/repos/SF_VIEWER_AO_SIM/.git/hooks/applypatch-msg.sample","1.0","2023-11-06T08:20:56Z","fethy.faradji@infopro-digital.com"
"14/09/2026 10:07:14","source/repos/SF_VIEWER_AO_SIM/.git/hooks/commit-msg.sample","1.0","2023-11-06T08:20:56Z","fethy.faradji@infopro-digital.com"
"14/09/2026 10:07:15","source/repos/SF_VIEWER_AO_SIM/.git/hooks/fsmonitor-watchman.sample","1.0","2023-11-06T08:20:56Z","fethy.faradji@infopro-digital.com"
"14/09/2026 10:07:16","source/repos/SF_VIEWER_AO_SIM/.git/hooks/post-update.sample","1.0","2023-11-06T08:20:56Z","fethy.faradji@infopro-digital.com"
"14/09/2026 10:07:18","source/repos/SF_VIEWER_AO_SIM/.git/hooks/pre-applypatch.sample","1.0","2023-11-06T08:20:56Z","fethy.faradji@infopro-digital.com"
"14/09/2026 10:07:18","source/repos/SF_VIEWER_AO_SIM/.git/hooks/pre-merge-commit.sample","1.0","2023-11-06T08:20:56Z","fethy.faradji@infopro-digital.com"
"14/09/2026 10:07:19","source/repos/SF_VIEWER_AO_SIM/.git/hooks/pre-commit.sample","1.0","2023-11-06T08:20:56Z","fethy.faradji@infopro-digital.com"
"14/09/2026 10:07:20","source/repos/SF_VIEWER_AO_SIM/.git/hooks/prepare-commit-msg.sample","1.0","2023-11-06T08:20:56Z","fethy.faradji@infopro-digital.com"
"14/09/2026 10:07:21","source/repos/SF_VIEWER_AO_SIM/.git/hooks/pre-push.sample","1.0","2023-11-06T08:20:56Z","fethy.faradji@infopro-digital.com"
"14/09/2026 10:07:22","source/repos/SF_VIEWER_AO_SIM/.git/hooks/pre-receive.sample","1.0","2023-11-06T08:20:56Z","fethy.faradji@infopro-digital.com"
"14/09/2026 10:07:23","source/repos/SF_VIEWER_AO_SIM/.git/hooks/pre-rebase.sample","1.0","2023-11-06T08:20:56Z","fethy.faradji@infopro-digital.com"
"14/09/2026 10:07:23","source/repos/SF_VIEWER_AO_SIM/.git/hooks/push-to-checkout.sample","1.0","2023-11-06T08:20:56Z","fethy.faradji@infopro-digital.com"
"14/09/2026 10:07:26","source/repos/SF_VIEWER_AO_SIM/.git/hooks/update.sample","1.0","2023-11-06T08:20:56Z","fethy.faradji@infopro-digital.com"
"14/09/2026 10:07:28","source/repos/SF_VIEWER_AO_SIM/.git/info/exclude","1.0","2023-11-06T08:20:56Z","fethy.faradji@infopro-digital.com"
"14/09/2026 10:07:29","source/repos/SF_VIEWER_AO_SIM/.git/logs/refs/heads/master","1.0","2023-11-06T08:21:08Z","fethy.faradji@infopro-digital.com"
"14/09/2026 10:07:30","source/repos/SF_VIEWER_AO_SIM/.git/logs/refs/remotes/origin/master","1.0","2024-03-01T09:26:34Z","fethy.faradji@infopro-digital.com"
"14/09/2026 10:07:30","source/repos/SF_VIEWER_AO_SIM/.git/logs/refs/remotes/origin/HEAD","1.0","2023-11-06T08:21:08Z","fethy.faradji@infopro-digital.com"
"14/09/2026 10:07:31","source/repos/SF_VIEWER_AO_SIM/.git/logs/refs/heads/master","2.0","2024-03-01T09:26:23Z","fethy.faradji@infopro-digital.com"
"14/09/2026 10:07:33","source/repos/SF_VIEWER_AO_SIM/.git/logs/HEAD","1.0","2023-11-06T08:21:08Z","fethy.faradji@infopro-digital.com"
"14/09/2026 10:07:34","source/repos/SF_VIEWER_AO_SIM/.git/logs/HEAD","2.0","2024-03-01T09:26:22Z","fethy.faradji@infopro-digital.com"
"14/09/2026 10:07:36","source/repos/SF_VIEWER_AO_SIM/.git/objects/5d/142c601ae95a875709f8eef0e235f25fe9dd90","1.0","2024-03-01T09:26:21Z","fethy.faradji@infopro-digital.com"
"14/09/2026 10:07:36","source/repos/SF_VIEWER_AO_SIM/.git/objects/01/8ef6ea887b3bfbf5ca2ec8696456948aaa0031","1.0","2024-03-01T09:26:21Z","fethy.faradji@infopro-digital.com"
"14/09/2026 10:07:36","source/repos/SF_VIEWER_AO_SIM/.git/objects/2f/dec752769b4a68acaad857b1f351702c729056","1.0","2024-03-01T09:26:21Z","fethy.faradji@infopro-digital.com"
"14/09/2026 10:07:39","source/repos/SF_VIEWER_AO_SIM/.git/objects/a6/60e3891eeb3782419a96f56c3d6e56e92c6eaf","1.0","2024-03-01T09:26:21Z","fethy.faradji@infopro-digital.com"
"14/09/2026 10:07:40","source/repos/SF_VIEWER_AO_SIM/.git/objects/c0/5fee9e3829a5fabd14c221991954c9eb8bd449","1.0","2024-03-01T09:26:21Z","fethy.faradji@infopro-digital.com"
"14/09/2026 10:07:41","source/repos/SF_VIEWER_AO_SIM/.git/objects/cf/8e39adec34ee4efba2c80e339d71e94ddd54d8","1.0","2024-03-01T09:26:21Z","fethy.faradji@infopro-digital.com"
"14/09/2026 10:07:42","source/repos/SF_VIEWER_AO_SIM/.git/objects/pack/pack-61eef370393567cc40688837d4c86b6591797563.idx","1.0","2023-11-06T08:21:08Z","fethy.faradji@infopro-digital.com"
"14/09/2026 10:07:43","source/repos/SF_VIEWER_AO_SIM/.git/objects/pack/pack-61eef370393567cc40688837d4c86b6591797563.pack","1.0","2023-11-06T08:21:08Z","fethy.faradji@infopro-digital.com"
"14/09/2026 10:07:46","source/repos/SF_VIEWER_AO_SIM/.git/refs/heads/master","1.0","2023-11-06T08:21:08Z","fethy.faradji@infopro-digital.com"
"14/09/2026 10:07:46","source/repos/SF_VIEWER_AO_SIM/.git/refs/remotes/origin/HEAD","1.0","2023-11-06T08:21:08Z","fethy.faradji@infopro-digital.com"
"14/09/2026 10:07:46","source/repos/SF_VIEWER_AO_SIM/.git/refs/remotes/origin/master","1.0","2024-03-01T09:26:34Z","fethy.faradji@infopro-digital.com"
"14/09/2026 10:07:48","source/repos/SF_VIEWER_AO_SIM/.git/COMMIT_EDITMSG","1.0","2024-03-01T09:26:21Z","fethy.faradji@infopro-digital.com"
"14/09/2026 10:07:48","source/repos/SF_VIEWER_AO_SIM/.git/refs/heads/master","2.0","2024-03-01T09:26:21Z","fethy.faradji@infopro-digital.com"
"14/09/2026 10:07:50","source/repos/SF_VIEWER_AO_SIM/.git/config","1.0","2023-11-06T08:21:08Z","fethy.faradji@infopro-digital.com"
"14/09/2026 10:07:50","source/repos/SF_VIEWER_AO_SIM/.git/description","1.0","2023-11-06T08:20:56Z","fethy.faradji@infopro-digital.com"
"14/09/2026 10:07:52","source/repos/SF_VIEWER_AO_SIM/.git/HEAD","1.0","2023-11-06T08:21:08Z","fethy.faradji@infopro-digital.com"
"14/09/2026 10:07:52","source/repos/SF_VIEWER_AO_SIM/.git/index","1.0","2023-11-06T08:21:08Z","fethy.faradji@infopro-digital.com"
"14/09/2026 10:07:54","source/repos/SF_VIEWER_AO_SIM/.git/index","2.0","2024-03-01T09:26:21Z","fethy.faradji@infopro-digital.com"
"14/09/2026 10:07:54","source/repos/SF_VIEWER_AO_SIM/.git/ms-persist.xml","1.0","2024-03-01T09:26:23Z","fethy.faradji@infopro-digital.com"
"14/09/2026 10:07:55","source/repos/SF_VIEWER_AO_SIM/.git/packed-refs","1.0","2023-11-06T08:21:08Z","fethy.faradji@infopro-digital.com"
"14/09/2026 10:07:58","source/repos/SF_VIEWER_AO_SIM/.vs/SF_VIEWER_AO_SIM/FileContentIndex/54323de2-87ee-4aca-88d7-469ef588751d.vsidx","1.0","2023-11-07T08:42:06Z","fethy.faradji@infopro-digital.com"
"14/09/2026 10:07:58","source/repos/SF_VIEWER_AO_SIM/.vs/SF_VIEWER_AO_SIM/config/applicationhost.config","1.0","2023-11-06T08:21:11Z","fethy.faradji@infopro-digital.com"
"14/09/2026 10:07:59","source/repos/SF_VIEWER_AO_SIM/.vs/SF_VIEWER_AO_SIM/v16/.suo","1.0","2024-03-01T09:36:11Z","fethy.faradji@infopro-digital.com"
"14/09/2026 10:08:00","source/repos/SF_VIEWER_AO_SIM/.vs/SF_VIEWER_AO_SIM/v17/.suo","1.0","2023-11-06T08:32:13Z","fethy.faradji@infopro-digital.com"
"14/09/2026 10:08:00","source/repos/SF_VIEWER_AO_SIM/.vs/SF_VIEWER_AO_SIM/config/applicationhost.config","2.0","2023-11-06T08:44:13Z","fethy.faradji@infopro-digital.com"
"14/09/2026 10:08:02","source/repos/SF_VIEWER_AO_SIM/.vs/SF_VIEWER_AO_SIM/v17/.suo","2.0","2023-11-06T08:43:03Z","fethy.faradji@infopro-digital.com"
"14/09/2026 10:08:03","source/repos/SF_VIEWER_AO_SIM/.vs/SF_VIEWER_AO_SIM/v17/.suo","3.0","2023-11-06T08:44:46Z","fethy.faradji@infopro-digital.com"
"14/09/2026 10:08:03","source/repos/SF_VIEWER_AO_SIM/.vs/SF_VIEWER_AO_SIM/v17/.wsuo","1.0","2023-11-06T08:21:11Z","fethy.faradji@infopro-digital.com"
"14/09/2026 10:08:04","source/repos/SF_VIEWER_AO_SIM/.vs/VSWorkspaceState.json","1.0","2023-11-06T08:43:03Z","fethy.faradji@infopro-digital.com"
"14/09/2026 10:08:04","source/repos/SF_VIEWER_AO_SIM/.vs/SF_VIEWER_AO_SIM/v17/.suo","4.0","2023-11-06T08:45:14Z","fethy.faradji@infopro-digital.com"
"14/09/2026 10:08:05","source/repos/SF_VIEWER_AO_SIM/.vs/SF_VIEWER_AO_SIM/v17/.suo","5.0","2023-11-06T08:46:00Z","fethy.faradji@infopro-digital.com"
"14/09/2026 10:08:06","source/repos/SF_VIEWER_AO_SIM/.vs/SF_VIEWER_AO_SIM/v17/.suo","6.0","2023-11-06T08:53:27Z","fethy.faradji@infopro-digital.com"
"14/09/2026 10:08:07","source/repos/SF_VIEWER_AO_SIM/packages/Antlr.3.5.0.2/lib/Antlr3.Runtime.dll","1.0","2013-09-10T16:29:20Z","fethy.faradji@infopro-digital.com"
"14/09/2026 10:08:07","source/repos/SF_VIEWER_AO_SIM/.vs/SF_VIEWER_AO_SIM/v17/.suo","7.0","2023-11-06T08:53:55Z","fethy.faradji@infopro-digital.com"
"14/09/2026 10:08:08","source/repos/SF_VIEWER_AO_SIM/packages/Antlr.3.5.0.2/lib/Antlr3.Runtime.pdb","1.0","2013-09-10T16:29:20Z","fethy.faradji@infopro-digital.com"
"14/09/2026 10:08:08","source/repos/SF_VIEWER_AO_SIM/packages/Antlr.3.5.0.2/.signature.p7s","1.0","2018-10-14T21:05:56Z","fethy.faradji@infopro-digital.com"
"14/09/2026 10:08:08","source/repos/SF_VIEWER_AO_SIM/.vs/SF_VIEWER_AO_SIM/v17/.suo","8.0","2023-11-06T08:55:57Z","fethy.faradji@infopro-digital.com"
"14/09/2026 10:08:10","source/repos/SF_VIEWER_AO_SIM/.vs/SF_VIEWER_AO_SIM/v17/.suo","9.0","2023-11-06T08:56:14Z","fethy.faradji@infopro-digital.com"
"14/09/2026 10:08:11","source/repos/SF_VIEWER_AO_SIM/.vs/SF_VIEWER_AO_SIM/v17/.suo","10.0","2023-11-06T08:59:20Z","fethy.faradji@infopro-digital.com"
"14/09/2026 10:08:12","source/repos/SF_VIEWER_AO_SIM/packages/Antlr.3.5.0.2/Antlr.3.5.0.2.nupkg","1.0","2023-11-06T08:25:43Z","fethy.faradji@infopro-digital.com"
"14/09/2026 10:08:13","source/repos/SF_VIEWER_AO_SIM/.vs/SF_VIEWER_AO_SIM/v17/.suo","11.0","2023-11-06T08:59:24Z","fethy.faradji@infopro-digital.com"
"14/09/2026 10:08:14","source/repos/SF_VIEWER_AO_SIM/.vs/SF_VIEWER_AO_SIM/v17/.suo","12.0","2023-11-06T13:30:02Z","fethy.faradji@infopro-digital.com"
"14/09/2026 10:08:14","source/repos/SF_VIEWER_AO_SIM/packages/AspNet.ScriptManager.bootstrap.3.4.1/lib/net40/AspNet.ScriptManager.bootstrap.dll","1.0","2019-03-15T11:59:54Z","fethy.faradji@infopro-digital.com"
"14/09/2026 10:08:14","source/repos/SF_VIEWER_AO_SIM/packages/AspNet.ScriptManager.bootstrap.3.4.1/lib/net45/AspNet.ScriptManager.bootstrap.dll","1.0","2019-03-15T11:59:54Z","fethy.faradji@infopro-digital.com"
"14/09/2026 10:08:15","source/repos/SF_VIEWER_AO_SIM/.vs/SF_VIEWER_AO_SIM/v17/.suo","13.0","2023-11-06T13:30:32Z","fethy.faradji@infopro-digital.com"
"14/09/2026 10:08:17","source/repos/SF_VIEWER_AO_SIM/packages/AspNet.ScriptManager.bootstrap.3.4.1/.signature.p7s","1.0","2019-03-15T12:01:54Z","fethy.faradji@infopro-digital.com"
"14/09/2026 10:08:18","source/repos/SF_VIEWER_AO_SIM/.vs/SF_VIEWER_AO_SIM/v17/.suo","14.0","2023-11-06T13:32:36Z","fethy.faradji@infopro-digital.com"
"14/09/2026 10:08:19","source/repos/SF_VIEWER_AO_SIM/packages/AspNet.ScriptManager.bootstrap.3.4.1/AspNet.ScriptManager.bootstrap.3.4.1.nupkg","1.0","2023-11-06T08:25:43Z","fethy.faradji@infopro-digital.com"
"14/09/2026 10:08:19","source/repos/SF_VIEWER_AO_SIM/.vs/SF_VIEWER_AO_SIM/v17/.suo","15.0","2023-11-07T08:41:34Z","fethy.faradji@infopro-digital.com"
"14/09/2026 10:08:21","source/repos/SF_VIEWER_AO_SIM/.vs/SF_VIEWER_AO_SIM/v17/.suo","16.0","2023-11-07T08:43:00Z","fethy.faradji@infopro-digital.com"
"14/09/2026 10:08:22","source/repos/SF_VIEWER_AO_SIM/.vs/SF_VIEWER_AO_SIM/v17/.suo","17.0","2023-11-10T14:28:03Z","fethy.faradji@infopro-digital.com"
"14/09/2026 10:08:23","source/repos/SF_VIEWER_AO_SIM/packages/AspNet.ScriptManager.jQuery.3.4.1/lib/net40/AspNet.ScriptManager.jQuery.dll","1.0","2019-05-16T12:33:30Z","fethy.faradji@infopro-digital.com"
"14/09/2026 10:08:23","source/repos/SF_VIEWER_AO_SIM/packages/AspNet.ScriptManager.jQuery.3.4.1/.signature.p7s","1.0","2019-05-20T11:04:14Z","fethy.faradji@infopro-digital.com"
"14/09/2026 10:08:23","source/repos/SF_VIEWER_AO_SIM/packages/AspNet.ScriptManager.jQuery.3.4.1/lib/net45/AspNet.ScriptManager.jQuery.dll","1.0","2019-05-16T12:33:30Z","fethy.faradji@infopro-digital.com"
"14/09/2026 10:08:27","source/repos/SF_VIEWER_AO_SIM/packages/AspNet.ScriptManager.jQuery.3.4.1/AspNet.ScriptManager.jQuery.3.4.1.nupkg","1.0","2023-11-06T08:25:43Z","fethy.faradji@infopro-digital.com"
"14/09/2026 10:08:29","source/repos/SF_VIEWER_AO_SIM/packages/bootstrap.3.4.1/content/Content/bootstrap.css","1.0","2019-02-13T20:54:46Z","fethy.faradji@infopro-digital.com"
"14/09/2026 10:08:29","source/repos/SF_VIEWER_AO_SIM/packages/bootstrap.3.4.1/content/Content/bootstrap.min.css","1.0","2019-02-13T20:54:46Z","fethy.faradji@infopro-digital.com"
"14/09/2026 10:08:29","source/repos/SF_VIEWER_AO_SIM/packages/bootstrap.3.4.1/content/Content/bootstrap.css.map","1.0","2019-02-13T20:54:46Z","fethy.faradji@infopro-digital.com"
"14/09/2026 10:08:32","source/repos/SF_VIEWER_AO_SIM/packages/bootstrap.3.4.1/content/Content/bootstrap.min.css.map","1.0","2019-02-13T20:54:46Z","fethy.faradji@infopro-digital.com"
"14/09/2026 10:08:34","source/repos/SF_VIEWER_AO_SIM/packages/bootstrap.3.4.1/content/Content/bootstrap-theme.css","1.0","2019-02-13T20:54:46Z","fethy.faradji@infopro-digital.com"
"14/09/2026 10:08:34","source/repos/SF_VIEWER_AO_SIM/packages/bootstrap.3.4.1/content/Content/bootstrap-theme.css.map","1.0","2019-02-13T20:54:46Z","fethy.faradji@infopro-digital.com"
"14/09/2026 10:08:36","source/repos/SF_VIEWER_AO_SIM/packages/bootstrap.3.4.1/content/Content/bootstrap-theme.min.css","1.0","2019-02-13T20:54:46Z","fethy.faradji@infopro-digital.com"
"14/09/2026 10:08:37","source/repos/SF_VIEWER_AO_SIM/packages/bootstrap.3.4.1/content/Content/bootstrap-theme.min.css.map","1.0","2019-02-13T20:54:46Z","fethy.faradji@infopro-digital.com"
"14/09/2026 10:08:39","source/repos/SF_VIEWER_AO_SIM/packages/bootstrap.3.4.1/content/fonts/glyphicons-halflings-regular.eot","1.0","2019-02-13T20:54:46Z","fethy.faradji@infopro-digital.com"
"14/09/2026 10:08:42","source/repos/SF_VIEWER_AO_SIM/packages/bootstrap.3.4.1/content/fonts/glyphicons-halflings-regular.svg","1.0","2019-02-13T20:54:46Z","fethy.faradji@infopro-digital.com"
"14/09/2026 10:08:43","source/repos/SF_VIEWER_AO_SIM/packages/bootstrap.3.4.1/content/fonts/glyphicons-halflings-regular.ttf","1.0","2019-02-13T20:54:46Z","fethy.faradji@infopro-digital.com"
"14/09/2026 10:08:44","source/repos/SF_VIEWER_AO_SIM/packages/bootstrap.3.4.1/content/fonts/glyphicons-halflings-regular.woff","1.0","2019-02-13T20:54:46Z","fethy.faradji@infopro-digital.com"
"14/09/2026 10:08:45","source/repos/SF_VIEWER_AO_SIM/packages/bootstrap.3.4.1/content/fonts/glyphicons-halflings-regular.woff2","1.0","2019-02-13T20:54:46Z","fethy.faradji@infopro-digital.com"
"14/09/2026 10:08:48","source/repos/SF_VIEWER_AO_SIM/packages/bootstrap.3.4.1/content/Scripts/bootstrap.js","1.0","2019-02-13T20:54:46Z","fethy.faradji@infopro-digital.com"
"14/09/2026 10:08:49","source/repos/SF_VIEWER_AO_SIM/packages/bootstrap.3.4.1/content/Scripts/bootstrap.min.js","1.0","2019-02-13T20:54:46Z","fethy.faradji@infopro-digital.com"
"14/09/2026 10:08:51","source/repos/SF_VIEWER_AO_SIM/packages/bootstrap.3.4.1/contentFiles/Content/bootstrap.css.map","1.0","2019-02-13T20:54:46Z","fethy.faradji@infopro-digital.com"
"14/09/2026 10:08:51","source/repos/SF_VIEWER_AO_SIM/packages/bootstrap.3.4.1/contentFiles/Content/bootstrap.css","1.0","2019-02-13T20:54:46Z","fethy.faradji@infopro-digital.com"
"14/09/2026 10:08:53","source/repos/SF_VIEWER_AO_SIM/packages/bootstrap.3.4.1/contentFiles/Content/bootstrap.min.css","1.0","2019-02-13T20:54:46Z","fethy.faradji@infopro-digital.com"
"14/09/2026 10:08:54","source/repos/SF_VIEWER_AO_SIM/packages/bootstrap.3.4.1/contentFiles/Content/bootstrap.min.css.map","1.0","2019-02-13T20:54:46Z","fethy.faradji@infopro-digital.com"
"14/09/2026 10:08:56","source/repos/SF_VIEWER_AO_SIM/packages/bootstrap.3.4.1/contentFiles/Content/bootstrap-theme.css","1.0","2019-02-13T20:54:46Z","fethy.faradji@infopro-digital.com"
"14/09/2026 10:08:57","source/repos/SF_VIEWER_AO_SIM/packages/bootstrap.3.4.1/contentFiles/Content/bootstrap-theme.css.map","1.0","2019-02-13T20:54:46Z","fethy.faradji@infopro-digital.com"
"14/09/2026 10:08:59","source/repos/SF_VIEWER_AO_SIM/packages/bootstrap.3.4.1/contentFiles/Content/bootstrap-theme.min.css","1.0","2019-02-13T20:54:46Z","fethy.faradji@infopro-digital.com"
"14/09/2026 10:09:00","source/repos/SF_VIEWER_AO_SIM/packages/bootstrap.3.4.1/contentFiles/Content/bootstrap-theme.min.css.map","1.0","2019-02-13T20:54:46Z","fethy.faradji@infopro-digital.com"
"14/09/2026 10:09:02","source/repos/SF_VIEWER_AO_SIM/packages/bootstrap.3.4.1/contentFiles/fonts/glyphicons-halflings-regular.eot","1.0","2019-02-13T20:54:46Z","fethy.faradji@infopro-digital.com"
"14/09/2026 10:09:03","source/repos/SF_VIEWER_AO_SIM/packages/bootstrap.3.4.1/contentFiles/fonts/glyphicons-halflings-regular.svg","1.0","2019-02-13T20:54:46Z","fethy.faradji@infopro-digital.com"
"14/09/2026 10:09:04","source/repos/SF_VIEWER_AO_SIM/packages/bootstrap.3.4.1/contentFiles/fonts/glyphicons-halflings-regular.ttf","1.0","2019-02-13T20:54:46Z","fethy.faradji@infopro-digital.com"
"14/09/2026 10:09:06","source/repos/SF_VIEWER_AO_SIM/packages/bootstrap.3.4.1/contentFiles/fonts/glyphicons-halflings-regular.woff","1.0","2019-02-13T20:54:46Z","fethy.faradji@infopro-digital.com"
"14/09/2026 10:09:08","source/repos/SF_VIEWER_AO_SIM/packages/bootstrap.3.4.1/contentFiles/fonts/glyphicons-halflings-regular.woff2","1.0","2019-02-13T20:54:46Z","fethy.faradji@infopro-digital.com"
"14/09/2026 10:09:09","source/repos/SF_VIEWER_AO_SIM/packages/bootstrap.3.4.1/contentFiles/Scripts/bootstrap.js","1.0","2019-02-13T20:54:46Z","fethy.faradji@infopro-digital.com"
"14/09/2026 10:09:10","source/repos/SF_VIEWER_AO_SIM/packages/bootstrap.3.4.1/contentFiles/Scripts/bootstrap.min.js","1.0","2019-02-13T20:54:46Z","fethy.faradji@infopro-digital.com"
"14/09/2026 10:09:11","source/repos/SF_VIEWER_AO_SIM/packages/bootstrap.3.4.1/.signature.p7s","1.0","2019-02-13T13:32:18Z","fethy.faradji@infopro-digital.com"
"14/09/2026 10:09:13","source/repos/SF_VIEWER_AO_SIM/packages/bootstrap.3.4.1/bootstrap.3.4.1.nupkg","1.0","2023-11-06T08:25:44Z","fethy.faradji@infopro-digital.com"
"14/09/2026 10:09:14","source/repos/SF_VIEWER_AO_SIM/packages/bootstrap.3.4.1/LICENSE.txt","1.0","2019-02-13T20:54:46Z","fethy.faradji@infopro-digital.com"
"14/09/2026 10:09:17","source/repos/SF_VIEWER_AO_SIM/packages/jQuery.3.4.1/Content/Scripts/jquery-3.4.1.min.js","1.0","2019-05-02T11:15:24Z","fethy.faradji@infopro-digital.com"
"14/09/2026 10:09:17","source/repos/SF_VIEWER_AO_SIM/packages/jQuery.3.4.1/Content/Scripts/jquery-3.4.1.js","1.0","2019-05-02T11:15:24Z","fethy.faradji@infopro-digital.com"
"14/09/2026 10:09:19","source/repos/SF_VIEWER_AO_SIM/packages/jQuery.3.4.1/Content/Scripts/jquery-3.4.1.min.map","1.0","2019-05-02T11:15:24Z","fethy.faradji@infopro-digital.com"
"14/09/2026 10:09:20","source/repos/SF_VIEWER_AO_SIM/packages/jQuery.3.4.1/Content/Scripts/jquery-3.4.1.slim.js","1.0","2019-05-02T11:15:24Z","fethy.faradji@infopro-digital.com"
"14/09/2026 10:09:22","source/repos/SF_VIEWER_AO_SIM/packages/jQuery.3.4.1/Content/Scripts/jquery-3.4.1.slim.min.js","1.0","2019-05-02T11:15:24Z","fethy.faradji@infopro-digital.com"
"14/09/2026 10:09:23","source/repos/SF_VIEWER_AO_SIM/packages/jQuery.3.4.1/Content/Scripts/jquery-3.4.1.slim.min.map","1.0","2019-05-02T11:15:24Z","fethy.faradji@infopro-digital.com"
"14/09/2026 10:09:24","source/repos/SF_VIEWER_AO_SIM/packages/jQuery.3.4.1/Content/Scripts/jquery-3.4.1-vsdoc.js","1.0","2019-05-02T11:15:24Z","fethy.faradji@infopro-digital.com"
"14/09/2026 10:09:27","source/repos/SF_VIEWER_AO_SIM/packages/jQuery.3.4.1/Tools/common.ps1","1.0","2019-05-02T11:15:24Z","fethy.faradji@infopro-digital.com"
"14/09/2026 10:09:28","source/repos/SF_VIEWER_AO_SIM/packages/jQuery.3.4.1/Tools/install.ps1","1.0","2019-05-02T11:15:24Z","fethy.faradji@infopro-digital.com"
"14/09/2026 10:09:29","source/repos/SF_VIEWER_AO_SIM/packages/jQuery.3.4.1/Tools/jquery-3.4.1.intellisense.js","1.0","2019-05-02T11:15:24Z","fethy.faradji@infopro-digital.com"
"14/09/2026 10:09:29","source/repos/SF_VIEWER_AO_SIM/packages/jQuery.3.4.1/Tools/uninstall.ps1","1.0","2019-05-02T11:15:24Z","fethy.faradji@infopro-digital.com"
"14/09/2026 10:09:32","source/repos/SF_VIEWER_AO_SIM/packages/jQuery.3.4.1/.signature.p7s","1.0","2019-05-02T11:18:12Z","fethy.faradji@infopro-digital.com"
"14/09/2026 10:09:33","source/repos/SF_VIEWER_AO_SIM/packages/jQuery.3.4.1/jQuery.3.4.1.nupkg","1.0","2023-11-06T08:25:43Z","fethy.faradji@infopro-digital.com"
"14/09/2026 10:09:35","source/repos/SF_VIEWER_AO_SIM/packages/Microsoft.AspNet.FriendlyUrls.1.0.2/Content/Site.Mobile.Master.cs.pp","1.0","2013-07-30T16:57:30Z","fethy.faradji@infopro-digital.com"
"14/09/2026 10:09:36","source/repos/SF_VIEWER_AO_SIM/packages/Microsoft.AspNet.FriendlyUrls.1.0.2/Content/App_Start/RouteConfig.cs.pp","1.0","2013-07-30T16:57:30Z","fethy.faradji@infopro-digital.com"
"14/09/2026 10:09:37","source/repos/SF_VIEWER_AO_SIM/packages/Microsoft.AspNet.FriendlyUrls.1.0.2/Content/Site.Mobile.Master.designer.cs.pp","1.0","2013-07-30T16:57:30Z","fethy.faradji@infopro-digital.com"
"14/09/2026 10:09:38","source/repos/SF_VIEWER_AO_SIM/packages/Microsoft.AspNet.FriendlyUrls.1.0.2/Content/Site.Mobile.Master.pp","1.0","2013-07-30T16:57:30Z","fethy.faradji@infopro-digital.com"
"14/09/2026 10:09:41","source/repos/SF_VIEWER_AO_SIM/packages/Microsoft.AspNet.FriendlyUrls.1.0.2/Content/ViewSwitcher.ascx.cs.pp","1.0","2013-07-30T16:57:30Z","fethy.faradji@infopro-digital.com"
"14/09/2026 10:09:41","source/repos/SF_VIEWER_AO_SIM/packages/Microsoft.AspNet.FriendlyUrls.1.0.2/Content/ViewSwitcher.ascx.designer.cs.pp","1.0","2013-07-30T16:57:30Z","fethy.faradji@infopro-digital.com"
"14/09/2026 10:09:42","source/repos/SF_VIEWER_AO_SIM/packages/Microsoft.AspNet.FriendlyUrls.1.0.2/Content/ViewSwitcher.ascx.pp","1.0","2013-07-30T16:57:30Z","fethy.faradji@infopro-digital.com"
"14/09/2026 10:09:44","source/repos/SF_VIEWER_AO_SIM/packages/Microsoft.AspNet.FriendlyUrls.1.0.2/.signature.p7s","1.0","2018-10-07T17:39:46Z","fethy.faradji@infopro-digital.com"
"14/09/2026 10:09:46","source/repos/SF_VIEWER_AO_SIM/packages/Microsoft.AspNet.FriendlyUrls.1.0.2/Microsoft.AspNet.FriendlyUrls.1.0.2.nupkg","1.0","2023-11-06T08:25:43Z","fethy.faradji@infopro-digital.com"
"14/09/2026 10:09:47","source/repos/SF_VIEWER_AO_SIM/packages/Microsoft.AspNet.FriendlyUrls.1.0.2/readme.txt","1.0","2013-07-30T16:57:30Z","fethy.faradji@infopro-digital.com"
"14/09/2026 10:09:50","source/repos/SF_VIEWER_AO_SIM/packages/Microsoft.AspNet.FriendlyUrls.Core.1.0.2/lib/net40/fr/Microsoft.AspNet.FriendlyUrls.xml","1.0","2013-07-30T17:01:48Z","fethy.faradji@infopro-digital.com"
"14/09/2026 10:09:51","source/repos/SF_VIEWER_AO_SIM/packages/Microsoft.AspNet.FriendlyUrls.Core.1.0.2/lib/net40/fr/Microsoft.AspNet.FriendlyUrls.resources.dll","1.0","2013-07-30T17:01:48Z","fethy.faradji@infopro-digital.com"
"14/09/2026 10:09:52","source/repos/SF_VIEWER_AO_SIM/packages/Microsoft.AspNet.FriendlyUrls.Core.1.0.2/lib/net40/Microsoft.AspNet.FriendlyUrls.dll","1.0","2013-07-30T16:57:30Z","fethy.faradji@infopro-digital.com"
"14/09/2026 10:09:54","source/repos/SF_VIEWER_AO_SIM/packages/Microsoft.AspNet.FriendlyUrls.Core.1.0.2/lib/net40/Microsoft.AspNet.FriendlyUrls.xml","1.0","2013-07-30T16:57:30Z","fethy.faradji@infopro-digital.com"
"14/09/2026 10:09:57","source/repos/SF_VIEWER_AO_SIM/packages/Microsoft.AspNet.FriendlyUrls.Core.1.0.2/lib/net45/fr/Microsoft.AspNet.FriendlyUrls.xml","1.0","2013-07-30T17:01:48Z","fethy.faradji@infopro-digital.com"
"14/09/2026 10:09:57","source/repos/SF_VIEWER_AO_SIM/packages/Microsoft.AspNet.FriendlyUrls.Core.1.0.2/lib/net45/fr/Microsoft.AspNet.FriendlyUrls.resources.dll","1.0","2013-07-30T17:01:48Z","fethy.faradji@infopro-digital.com"
"14/09/2026 10:09:58","source/repos/SF_VIEWER_AO_SIM/packages/Microsoft.AspNet.FriendlyUrls.Core.1.0.2/lib/net45/Microsoft.AspNet.FriendlyUrls.dll","1.0","2013-07-30T16:57:30Z","fethy.faradji@infopro-digital.com"
"14/09/2026 10:10:00","source/repos/SF_VIEWER_AO_SIM/packages/Microsoft.AspNet.FriendlyUrls.Core.1.0.2/lib/net45/Microsoft.AspNet.FriendlyUrls.xml","1.0","2013-07-30T16:57:30Z","fethy.faradji@infopro-digital.com"
"14/09/2026 10:10:02","source/repos/SF_VIEWER_AO_SIM/packages/Microsoft.AspNet.FriendlyUrls.Core.1.0.2/.signature.p7s","1.0","2018-10-07T07:19:58Z","fethy.faradji@infopro-digital.com"
"14/09/2026 10:10:02","source/repos/SF_VIEWER_AO_SIM/packages/Microsoft.AspNet.FriendlyUrls.Core.1.0.2/Microsoft.AspNet.FriendlyUrls.Core.1.0.2.nupkg","1.0","2023-11-06T08:25:44Z","fethy.faradji@infopro-digital.com"
"14/09/2026 10:10:06","source/repos/SF_VIEWER_AO_SIM/packages/Microsoft.AspNet.FriendlyUrls.Core.fr.1.0.2/lib/net40/fr/Microsoft.AspNet.FriendlyUrls.resources.dll","1.0","2013-07-30T17:01:48Z","fethy.faradji@infopro-digital.com"
"14/09/2026 10:10:06","source/repos/SF_VIEWER_AO_SIM/packages/Microsoft.AspNet.FriendlyUrls.Core.fr.1.0.2/lib/net40/fr/Microsoft.AspNet.FriendlyUrls.xml","1.0","2013-07-30T17:01:48Z","fethy.faradji@infopro-digital.com"
"14/09/2026 10:10:08","source/repos/SF_VIEWER_AO_SIM/packages/Microsoft.AspNet.FriendlyUrls.Core.fr.1.0.2/lib/net45/fr/Microsoft.AspNet.FriendlyUrls.resources.dll","1.0","2013-07-30T17:01:48Z","fethy.faradji@infopro-digital.com"
"14/09/2026 10:10:09","source/repos/SF_VIEWER_AO_SIM/packages/Microsoft.AspNet.FriendlyUrls.Core.fr.1.0.2/lib/net45/fr/Microsoft.AspNet.FriendlyUrls.xml","1.0","2013-07-30T17:01:48Z","fethy.faradji@infopro-digital.com"
"14/09/2026 10:10:12","source/repos/SF_VIEWER_AO_SIM/packages/Microsoft.AspNet.FriendlyUrls.Core.fr.1.0.2/.signature.p7s","1.0","2018-10-13T02:43:38Z","fethy.faradji@infopro-digital.com"
"14/09/2026 10:10:13","source/repos/SF_VIEWER_AO_SIM/packages/Microsoft.AspNet.FriendlyUrls.Core.fr.1.0.2/Microsoft.AspNet.FriendlyUrls.Core.fr.1.0.2.nupkg","1.0","2023-11-06T08:25:43Z","fethy.faradji@infopro-digital.com"
"14/09/2026 10:10:17","source/repos/SF_VIEWER_AO_SIM/packages/Microsoft.AspNet.ScriptManager.MSAjax.5.0.0/content/Scripts/WebForms/MSAjax/MicrosoftAjax.js","1.0","2013-09-06T11:20:12Z","fethy.faradji@infopro-digital.com"
"14/09/2026 10:10:18","source/repos/SF_VIEWER_AO_SIM/packages/Microsoft.AspNet.ScriptManager.MSAjax.5.0.0/content/Scripts/WebForms/MSAjax/MicrosoftAjaxApplicationServices.js","1.0","2013-09-06T11:20:12Z","fethy.faradji@infopro-digital.com"
"14/09/2026 10:10:19","source/repos/SF_VIEWER_AO_SIM/packages/Microsoft.AspNet.ScriptManager.MSAjax.5.0.0/content/Scripts/WebForms/MSAjax/MicrosoftAjaxComponentModel.js","1.0","2013-09-06T11:20:12Z","fethy.faradji@infopro-digital.com"
"14/09/2026 10:10:19","source/repos/SF_VIEWER_AO_SIM/packages/Microsoft.AspNet.ScriptManager.MSAjax.5.0.0/content/Scripts/WebForms/MSAjax/MicrosoftAjaxCore.js","1.0","2013-09-06T11:20:12Z","fethy.faradji@infopro-digital.com"
"14/09/2026 10:10:22","source/repos/SF_VIEWER_AO_SIM/packages/Microsoft.AspNet.ScriptManager.MSAjax.5.0.0/content/Scripts/WebForms/MSAjax/MicrosoftAjaxGlobalization.js","1.0","2013-09-06T11:20:12Z","fethy.faradji@infopro-digital.com"
"14/09/2026 10:10:22","source/repos/SF_VIEWER_AO_SIM/packages/Microsoft.AspNet.ScriptManager.MSAjax.5.0.0/content/Scripts/WebForms/MSAjax/MicrosoftAjaxHistory.js","1.0","2013-09-06T11:20:12Z","fethy.faradji@infopro-digital.com"
"14/09/2026 10:10:23","source/repos/SF_VIEWER_AO_SIM/packages/Microsoft.AspNet.ScriptManager.MSAjax.5.0.0/content/Scripts/WebForms/MSAjax/MicrosoftAjaxNetwork.js","1.0","2013-09-06T11:20:12Z","fethy.faradji@infopro-digital.com"
"14/09/2026 10:10:24","source/repos/SF_VIEWER_AO_SIM/packages/Microsoft.AspNet.ScriptManager.MSAjax.5.0.0/content/Scripts/WebForms/MSAjax/MicrosoftAjaxSerialization.js","1.0","2013-09-06T11:20:12Z","fethy.faradji@infopro-digital.com"
"14/09/2026 10:10:27","source/repos/SF_VIEWER_AO_SIM/packages/Microsoft.AspNet.ScriptManager.MSAjax.5.0.0/content/Scripts/WebForms/MSAjax/MicrosoftAjaxTimer.js","1.0","2013-09-06T11:20:12Z","fethy.faradji@infopro-digital.com"
"14/09/2026 10:10:28","source/repos/SF_VIEWER_AO_SIM/packages/Microsoft.AspNet.ScriptManager.MSAjax.5.0.0/content/Scripts/WebForms/MSAjax/MicrosoftAjaxWebForms.js","1.0","2013-09-06T11:20:12Z","fethy.faradji@infopro-digital.com"
"14/09/2026 10:10:28","source/repos/SF_VIEWER_AO_SIM/packages/Microsoft.AspNet.ScriptManager.MSAjax.5.0.0/content/Scripts/WebForms/MSAjax/MicrosoftAjaxWebServices.js","1.0","2013-09-06T11:20:12Z","fethy.faradji@infopro-digital.com"
"14/09/2026 10:10:30","source/repos/SF_VIEWER_AO_SIM/packages/Microsoft.AspNet.ScriptManager.MSAjax.5.0.0/lib/net45/Microsoft.ScriptManager.MSAjax.dll","1.0","2013-09-06T11:20:12Z","fethy.faradji@infopro-digital.com"
"14/09/2026 10:10:32","source/repos/SF_VIEWER_AO_SIM/packages/Microsoft.AspNet.ScriptManager.MSAjax.5.0.0/.signature.p7s","1.0","2018-10-07T11:14:52Z","fethy.faradji@infopro-digital.com"
"14/09/2026 10:10:33","source/repos/SF_VIEWER_AO_SIM/packages/Microsoft.AspNet.ScriptManager.MSAjax.5.0.0/Microsoft.AspNet.ScriptManager.MSAjax.5.0.0.nupkg","1.0","2023-11-06T08:25:43Z","fethy.faradji@infopro-digital.com"
"14/09/2026 10:10:36","source/repos/SF_VIEWER_AO_SIM/packages/Microsoft.AspNet.ScriptManager.WebForms.5.0.0/content/Scripts/WebForms/DetailsView.js","1.0","2013-09-06T11:20:22Z","fethy.faradji@infopro-digital.com"
"14/09/2026 10:10:36","source/repos/SF_VIEWER_AO_SIM/packages/Microsoft.AspNet.ScriptManager.WebForms.5.0.0/content/Scripts/WebForms/Focus.js","1.0","2013-09-06T11:20:22Z","fethy.faradji@infopro-digital.com"
"14/09/2026 10:10:38","source/repos/SF_VIEWER_AO_SIM/packages/Microsoft.AspNet.ScriptManager.WebForms.5.0.0/content/Scripts/WebForms/GridView.js","1.0","2013-09-06T11:20:22Z","fethy.faradji@infopro-digital.com"
"14/09/2026 10:10:38","source/repos/SF_VIEWER_AO_SIM/packages/Microsoft.AspNet.ScriptManager.WebForms.5.0.0/content/Scripts/WebForms/Menu.js","1.0","2013-09-06T11:20:22Z","fethy.faradji@infopro-digital.com"
"14/09/2026 10:10:41","source/repos/SF_VIEWER_AO_SIM/packages/Microsoft.AspNet.ScriptManager.WebForms.5.0.0/content/Scripts/WebForms/MenuStandards.js","1.0","2013-09-06T11:20:22Z","fethy.faradji@infopro-digital.com"
"14/09/2026 10:10:41","source/repos/SF_VIEWER_AO_SIM/packages/Microsoft.AspNet.ScriptManager.WebForms.5.0.0/content/Scripts/WebForms/SmartNav.js","1.0","2013-09-06T11:20:22Z","fethy.faradji@infopro-digital.com"
"14/09/2026 10:10:43","source/repos/SF_VIEWER_AO_SIM/packages/Microsoft.AspNet.ScriptManager.WebForms.5.0.0/content/Scripts/WebForms/TreeView.js","1.0","2013-09-06T11:20:22Z","fethy.faradji@infopro-digital.com"
"14/09/2026 10:10:44","source/repos/SF_VIEWER_AO_SIM/packages/Microsoft.AspNet.ScriptManager.WebForms.5.0.0/content/Scripts/WebForms/WebForms.js","1.0","2013-09-06T11:20:22Z","fethy.faradji@infopro-digital.com"
"14/09/2026 10:10:46","source/repos/SF_VIEWER_AO_SIM/packages/Microsoft.AspNet.ScriptManager.WebForms.5.0.0/content/Scripts/WebForms/WebParts.js","1.0","2013-09-06T11:20:22Z","fethy.faradji@infopro-digital.com"
"14/09/2026 10:10:47","source/repos/SF_VIEWER_AO_SIM/packages/Microsoft.AspNet.ScriptManager.WebForms.5.0.0/content/Scripts/WebForms/WebUIValidation.js","1.0","2013-09-06T11:20:22Z","fethy.faradji@infopro-digital.com"
"14/09/2026 10:10:49","source/repos/SF_VIEWER_AO_SIM/packages/Microsoft.AspNet.ScriptManager.WebForms.5.0.0/.signature.p7s","1.0","2018-10-07T11:08:10Z","fethy.faradji@infopro-digital.com"
"14/09/2026 10:10:50","source/repos/SF_VIEWER_AO_SIM/packages/Microsoft.AspNet.ScriptManager.WebForms.5.0.0/lib/net45/Microsoft.ScriptManager.WebForms.dll","1.0","2013-09-06T11:20:22Z","fethy.faradji@infopro-digital.com"
"14/09/2026 10:10:50","source/repos/SF_VIEWER_AO_SIM/packages/Microsoft.AspNet.ScriptManager.WebForms.5.0.0/Microsoft.AspNet.ScriptManager.WebForms.5.0.0.nupkg","1.0","2023-11-06T08:25:43Z","fethy.faradji@infopro-digital.com"
"14/09/2026 10:10:54","source/repos/SF_VIEWER_AO_SIM/packages/Microsoft.AspNet.Web.Optimization.1.1.3/lib/net40/fr/System.Web.Optimization.resources.dll","1.0","2014-02-11T15:28:42Z","fethy.faradji@infopro-digital.com"
"14/09/2026 10:10:54","source/repos/SF_VIEWER_AO_SIM/packages/Microsoft.AspNet.Web.Optimization.1.1.3/lib/net40/System.Web.Optimization.dll","1.0","2014-02-11T15:26:04Z","fethy.faradji@infopro-digital.com"
"14/09/2026 10:10:54","source/repos/SF_VIEWER_AO_SIM/packages/Microsoft.AspNet.Web.Optimization.1.1.3/lib/net40/system.web.optimization.xml","1.0","2014-02-11T15:26:04Z","fethy.faradji@infopro-digital.com"
"14/09/2026 10:10:56","source/repos/SF_VIEWER_AO_SIM/packages/Microsoft.AspNet.Web.Optimization.1.1.3/.signature.p7s","1.0","2018-12-17T15:17:00Z","fethy.faradji@infopro-digital.com"
"14/09/2026 10:10:58","source/repos/SF_VIEWER_AO_SIM/packages/Microsoft.AspNet.Web.Optimization.1.1.3/Microsoft.AspNet.Web.Optimization.1.1.3.nupkg","1.0","2023-11-06T08:25:43Z","fethy.faradji@infopro-digital.com"
"14/09/2026 10:10:59","source/repos/SF_VIEWER_AO_SIM/packages/Microsoft.AspNet.Web.Optimization.fr.1.1.3/.signature.p7s","1.0","2018-10-11T01:07:20Z","fethy.faradji@infopro-digital.com"
"14/09/2026 10:11:00","source/repos/SF_VIEWER_AO_SIM/packages/Microsoft.AspNet.Web.Optimization.fr.1.1.3/Microsoft.AspNet.Web.Optimization.fr.1.1.3.nupkg","1.0","2023-11-06T08:25:43Z","fethy.faradji@infopro-digital.com"
"14/09/2026 10:11:01","source/repos/SF_VIEWER_AO_SIM/packages/Microsoft.AspNet.Web.Optimization.fr.1.1.3/lib/net40/fr/System.Web.Optimization.resources.dll","1.0","2014-02-11T15:28:42Z","fethy.faradji@infopro-digital.com"
"14/09/2026 10:11:04","source/repos/SF_VIEWER_AO_SIM/packages/Microsoft.AspNet.Web.Optimization.WebForms.1.1.3/content/web.config.transform","1.0","2014-02-11T15:26:04Z","fethy.faradji@infopro-digital.com"
"14/09/2026 10:11:05","source/repos/SF_VIEWER_AO_SIM/packages/Microsoft.AspNet.Web.Optimization.WebForms.1.1.3/lib/net45/Microsoft.AspNet.Web.Optimization.WebForms.dll","1.0","2014-02-11T15:26:04Z","fethy.faradji@infopro-digital.com"
"14/09/2026 10:11:05","source/repos/SF_VIEWER_AO_SIM/packages/Microsoft.AspNet.Web.Optimization.WebForms.1.1.3/.signature.p7s","1.0","2018-10-07T06:35:44Z","fethy.faradji@infopro-digital.com"
"14/09/2026 10:11:06","source/repos/SF_VIEWER_AO_SIM/packages/Microsoft.AspNet.Web.Optimization.WebForms.1.1.3/Microsoft.AspNet.Web.Optimization.WebForms.1.1.3.nupkg","1.0","2023-11-06T08:25:43Z","fethy.faradji@infopro-digital.com"
"14/09/2026 10:11:10","source/repos/SF_VIEWER_AO_SIM/packages/Microsoft.Bcl.AsyncInterfaces.6.0.0/lib/net461/Microsoft.Bcl.AsyncInterfaces.dll","1.0","2021-10-22T23:42:08Z","fethy.faradji@infopro-digital.com"
"14/09/2026 10:11:10","source/repos/SF_VIEWER_AO_SIM/packages/Microsoft.Bcl.AsyncInterfaces.6.0.0/lib/netstandard2.0/Microsoft.Bcl.AsyncInterfaces.dll","1.0","2021-10-22T23:42:10Z","fethy.faradji@infopro-digital.com"
"14/09/2026 10:11:10","source/repos/SF_VIEWER_AO_SIM/packages/Microsoft.Bcl.AsyncInterfaces.6.0.0/lib/net461/Microsoft.Bcl.AsyncInterfaces.xml","1.0","2021-10-22T23:42:08Z","fethy.faradji@infopro-digital.com"
"14/09/2026 10:11:11","source/repos/SF_VIEWER_AO_SIM/packages/Microsoft.Bcl.AsyncInterfaces.6.0.0/lib/netstandard2.0/Microsoft.Bcl.AsyncInterfaces.xml","1.0","2021-10-22T23:42:10Z","fethy.faradji@infopro-digital.com"
"14/09/2026 10:11:15","source/repos/SF_VIEWER_AO_SIM/packages/Microsoft.Bcl.AsyncInterfaces.6.0.0/lib/netstandard2.1/Microsoft.Bcl.AsyncInterfaces.dll","1.0","2021-10-22T23:47:36Z","fethy.faradji@infopro-digital.com"
"14/09/2026 10:11:15","source/repos/SF_VIEWER_AO_SIM/packages/Microsoft.Bcl.AsyncInterfaces.6.0.0/lib/netstandard2.1/Microsoft.Bcl.AsyncInterfaces.xml","1.0","2021-10-22T23:47:36Z","fethy.faradji@infopro-digital.com"
"14/09/2026 10:11:16","source/repos/SF_VIEWER_AO_SIM/packages/Microsoft.Bcl.AsyncInterfaces.6.0.0/.signature.p7s","1.0","2021-11-07T22:32:46Z","fethy.faradji@infopro-digital.com"
"14/09/2026 10:11:16","source/repos/SF_VIEWER_AO_SIM/packages/Microsoft.Bcl.AsyncInterfaces.6.0.0/Icon.png","1.0","2021-10-22T18:16:38Z","fethy.faradji@infopro-digital.com"
"14/09/2026 10:11:20","source/repos/SF_VIEWER_AO_SIM/packages/Microsoft.Bcl.AsyncInterfaces.6.0.0/LICENSE.TXT","1.0","2021-10-22T23:32:20Z","fethy.faradji@infopro-digital.com"
"14/09/2026 10:11:20","source/repos/SF_VIEWER_AO_SIM/packages/Microsoft.Bcl.AsyncInterfaces.6.0.0/Microsoft.Bcl.AsyncInterfaces.6.0.0.nupkg","1.0","2023-11-06T08:25:43Z","fethy.faradji@infopro-digital.com"
"14/09/2026 10:11:21","source/repos/SF_VIEWER_AO_SIM/packages/Microsoft.Bcl.AsyncInterfaces.6.0.0/THIRD-PARTY-NOTICES.TXT","1.0","2021-10-22T23:32:20Z","fethy.faradji@infopro-digital.com"
"14/09/2026 10:11:21","source/repos/SF_VIEWER_AO_SIM/packages/Microsoft.Bcl.AsyncInterfaces.6.0.0/useSharedDesignerContext.txt","1.0","2021-10-22T23:32:20Z","fethy.faradji@infopro-digital.com"
"14/09/2026 10:11:26","source/repos/SF_VIEWER_AO_SIM/packages/Microsoft.CodeDom.Providers.DotNetCompilerPlatform.2.0.1/build/net45/Microsoft.CodeDom.Providers.DotNetCompilerPlatform.Extensions.props","1.0","2018-09-05T16:04:32Z","fethy.faradji@infopro-digital.com"
"14/09/2026 10:11:26","source/repos/SF_VIEWER_AO_SIM/packages/Microsoft.CodeDom.Providers.DotNetCompilerPlatform.2.0.1/build/net45/Microsoft.CodeDom.Providers.DotNetCompilerPlatform.props","1.0","2018-09-05T16:04:32Z","fethy.faradji@infopro-digital.com"
"14/09/2026 10:11:27","source/repos/SF_VIEWER_AO_SIM/packages/Microsoft.CodeDom.Providers.DotNetCompilerPlatform.2.0.1/build/net46/Microsoft.CodeDom.Providers.DotNetCompilerPlatform.props","1.0","2018-09-05T16:04:32Z","fethy.faradji@infopro-digital.com"
"14/09/2026 10:11:28","source/repos/SF_VIEWER_AO_SIM/packages/Microsoft.CodeDom.Providers.DotNetCompilerPlatform.2.0.1/build/net46/Microsoft.CodeDom.Providers.DotNetCompilerPlatform.Extensions.props","1.0","2018-09-05T16:04:32Z","fethy.faradji@infopro-digital.com"
"14/09/2026 10:11:32","source/repos/SF_VIEWER_AO_SIM/packages/Microsoft.CodeDom.Providers.DotNetCompilerPlatform.2.0.1/content/net45/app.config.uninstall.xdt","1.0","2018-09-05T16:04:34Z","fethy.faradji@infopro-digital.com"
"14/09/2026 10:11:32","source/repos/SF_VIEWER_AO_SIM/packages/Microsoft.CodeDom.Providers.DotNetCompilerPlatform.2.0.1/content/net45/app.config.install.xdt","1.0","2018-09-05T16:04:34Z","fethy.faradji@infopro-digital.com"
"14/09/2026 10:11:33","source/repos/SF_VIEWER_AO_SIM/packages/Microsoft.CodeDom.Providers.DotNetCompilerPlatform.2.0.1/content/net45/web.config.install.xdt","1.0","2018-09-05T16:04:34Z","fethy.faradji@infopro-digital.com"
"14/09/2026 10:11:33","source/repos/SF_VIEWER_AO_SIM/packages/Microsoft.CodeDom.Providers.DotNetCompilerPlatform.2.0.1/content/net45/web.config.uninstall.xdt","1.0","2018-09-05T16:04:34Z","fethy.faradji@infopro-digital.com"
"14/09/2026 10:11:37","source/repos/SF_VIEWER_AO_SIM/packages/Microsoft.CodeDom.Providers.DotNetCompilerPlatform.2.0.1/content/net46/app.config.install.xdt","1.0","2018-09-05T16:04:34Z","fethy.faradji@infopro-digital.com"
"14/09/2026 10:11:38","source/repos/SF_VIEWER_AO_SIM/packages/Microsoft.CodeDom.Providers.DotNetCompilerPlatform.2.0.1/content/net46/app.config.uninstall.xdt","1.0","2018-09-05T16:04:34Z","fethy.faradji@infopro-digital.com"
"14/09/2026 10:11:38","source/repos/SF_VIEWER_AO_SIM/packages/Microsoft.CodeDom.Providers.DotNetCompilerPlatform.2.0.1/content/net46/web.config.install.xdt","1.0","2018-09-05T16:04:34Z","fethy.faradji@infopro-digital.com"
"14/09/2026 10:11:38","source/repos/SF_VIEWER_AO_SIM/packages/Microsoft.CodeDom.Providers.DotNetCompilerPlatform.2.0.1/content/net46/web.config.uninstall.xdt","1.0","2018-09-05T16:04:34Z","fethy.faradji@infopro-digital.com"
"14/09/2026 10:11:44","source/repos/SF_VIEWER_AO_SIM/packages/Microsoft.CodeDom.Providers.DotNetCompilerPlatform.2.0.1/lib/net45/Microsoft.CodeDom.Providers.DotNetCompilerPlatform.xml","1.0","2018-09-05T16:05:34Z","fethy.faradji@infopro-digital.com"
"14/09/2026 10:11:45","source/repos/SF_VIEWER_AO_SIM/packages/Microsoft.CodeDom.Providers.DotNetCompilerPlatform.2.0.1/lib/net45/Microsoft.CodeDom.Providers.DotNetCompilerPlatform.dll","1.0","2018-09-05T16:10:50Z","fethy.faradji@infopro-digital.com"
"14/09/2026 10:11:46","source/repos/SF_VIEWER_AO_SIM/packages/Microsoft.CodeDom.Providers.DotNetCompilerPlatform.2.0.1/tools/net45/uninstall.ps1","1.0","2018-09-05T16:13:46Z","fethy.faradji@infopro-digital.com"
"14/09/2026 10:11:46","source/repos/SF_VIEWER_AO_SIM/packages/Microsoft.CodeDom.Providers.DotNetCompilerPlatform.2.0.1/tools/net45/install.ps1","1.0","2018-09-05T16:15:16Z","fethy.faradji@infopro-digital.com"
"14/09/2026 10:11:50","source/repos/SF_VIEWER_AO_SIM/packages/Microsoft.CodeDom.Providers.DotNetCompilerPlatform.2.0.1/tools/Roslyn45/csc.exe.config","1.0","2016-06-27T21:50:24Z","fethy.faradji@infopro-digital.com"
"14/09/2026 10:11:50","source/repos/SF_VIEWER_AO_SIM/packages/Microsoft.CodeDom.Providers.DotNetCompilerPlatform.2.0.1/tools/Roslyn45/csc.exe","1.0","2016-06-27T21:50:24Z","fethy.faradji@infopro-digital.com"
"14/09/2026 10:11:50","source/repos/SF_VIEWER_AO_SIM/packages/Microsoft.CodeDom.Providers.DotNetCompilerPlatform.2.0.1/tools/Roslyn45/csc.rsp","1.0","2016-06-27T21:50:24Z","fethy.faradji@infopro-digital.com"
"14/09/2026 10:11:52","source/repos/SF_VIEWER_AO_SIM/packages/Microsoft.CodeDom.Providers.DotNetCompilerPlatform.2.0.1/tools/Roslyn45/csi.exe","1.0","2016-06-27T21:50:24Z","fethy.faradji@infopro-digital.com"
"14/09/2026 10:11:55","source/repos/SF_VIEWER_AO_SIM/packages/Microsoft.CodeDom.Providers.DotNetCompilerPlatform.2.0.1/tools/Roslyn45/csi.rsp","1.0","2016-06-27T21:50:24Z","fethy.faradji@infopro-digital.com"
"14/09/2026 10:11:55","source/repos/SF_VIEWER_AO_SIM/packages/Microsoft.CodeDom.Providers.DotNetCompilerPlatform.2.0.1/tools/Roslyn45/Microsoft.Build.Tasks.CodeAnalysis.dll","1.0","2016-06-27T21:50:24Z","fethy.faradji@infopro-digital.com"
"14/09/2026 10:11:56","source/repos/SF_VIEWER_AO_SIM/packages/Microsoft.CodeDom.Providers.DotNetCompilerPlatform.2.0.1/tools/Roslyn45/Microsoft.CodeAnalysis.CSharp.dll","1.0","2016-06-27T21:50:24Z","fethy.faradji@infopro-digital.com"
"14/09/2026 10:11:56","source/repos/SF_VIEWER_AO_SIM/packages/Microsoft.CodeDom.Providers.DotNetCompilerPlatform.2.0.1/tools/Roslyn45/Microsoft.CodeAnalysis.CSharp.Scripting.dll","1.0","2016-06-27T21:50:24Z","fethy.faradji@infopro-digital.com"
"14/09/2026 10:11:59","source/repos/SF_VIEWER_AO_SIM/packages/Microsoft.CodeDom.Providers.DotNetCompilerPlatform.2.0.1/tools/Roslyn45/Microsoft.CodeAnalysis.dll","1.0","2016-06-27T21:50:24Z","fethy.faradji@infopro-digital.com"
"14/09/2026 10:12:00","source/repos/SF_VIEWER_AO_SIM/packages/Microsoft.CodeDom.Providers.DotNetCompilerPlatform.2.0.1/tools/Roslyn45/Microsoft.CodeAnalysis.Scripting.dll","1.0","2016-06-27T21:50:24Z","fethy.faradji@infopro-digital.com"
"14/09/2026 10:12:01","source/repos/SF_VIEWER_AO_SIM/packages/Microsoft.CodeDom.Providers.DotNetCompilerPlatform.2.0.1/tools/Roslyn45/Microsoft.CSharp.Core.targets","1.0","2016-06-27T21:50:24Z","fethy.faradji@infopro-digital.com"
"14/09/2026 10:12:02","source/repos/SF_VIEWER_AO_SIM/packages/Microsoft.CodeDom.Providers.DotNetCompilerPlatform.2.0.1/tools/Roslyn45/Microsoft.CodeAnalysis.VisualBasic.dll","1.0","2016-06-27T21:50:24Z","fethy.faradji@infopro-digital.com"
"14/09/2026 10:12:05","source/repos/SF_VIEWER_AO_SIM/packages/Microsoft.CodeDom.Providers.DotNetCompilerPlatform.2.0.1/tools/Roslyn45/Microsoft.DiaSymReader.Native.amd64.dll","1.0","2016-06-27T21:50:24Z","fethy.faradji@infopro-digital.com"
"14/09/2026 10:12:05","source/repos/SF_VIEWER_AO_SIM/packages/Microsoft.CodeDom.Providers.DotNetCompilerPlatform.2.0.1/tools/Roslyn45/Microsoft.DiaSymReader.Native.x86.dll","1.0","2016-06-27T21:50:24Z","fethy.faradji@infopro-digital.com"
"14/09/2026 10:12:06","source/repos/SF_VIEWER_AO_SIM/packages/Microsoft.CodeDom.Providers.DotNetCompilerPlatform.2.0.1/tools/Roslyn45/Microsoft.VisualBasic.Core.targets","1.0","2016-06-27T21:50:24Z","fethy.faradji@infopro-digital.com"
"14/09/2026 10:12:06","source/repos/SF_VIEWER_AO_SIM/packages/Microsoft.CodeDom.Providers.DotNetCompilerPlatform.2.0.1/tools/Roslyn45/System.AppContext.dll","1.0","2016-06-27T21:50:24Z","fethy.faradji@infopro-digital.com"
"14/09/2026 10:12:10","source/repos/SF_VIEWER_AO_SIM/packages/Microsoft.CodeDom.Providers.DotNetCompilerPlatform.2.0.1/tools/Roslyn45/System.Collections.Immutable.dll","1.0","2016-06-27T21:50:24Z","fethy.faradji@infopro-digital.com"
"14/09/2026 10:12:11","source/repos/SF_VIEWER_AO_SIM/packages/Microsoft.CodeDom.Providers.DotNetCompilerPlatform.2.0.1/tools/Roslyn45/System.Diagnostics.StackTrace.dll","1.0","2016-06-27T21:50:24Z","fethy.faradji@infopro-digital.com"
"14/09/2026 10:12:11","source/repos/SF_VIEWER_AO_SIM/packages/Microsoft.CodeDom.Providers.DotNetCompilerPlatform.2.0.1/tools/Roslyn45/System.IO.FileSystem.dll","1.0","2016-06-27T21:50:24Z","fethy.faradji@infopro-digital.com"
"14/09/2026 10:12:12","source/repos/SF_VIEWER_AO_SIM/packages/Microsoft.CodeDom.Providers.DotNetCompilerPlatform.2.0.1/tools/Roslyn45/System.IO.FileSystem.Primitives.dll","1.0","2016-06-27T21:50:24Z","fethy.faradji@infopro-digital.com"
"14/09/2026 10:12:16","source/repos/SF_VIEWER_AO_SIM/packages/Microsoft.CodeDom.Providers.DotNetCompilerPlatform.2.0.1/tools/Roslyn45/System.Reflection.Metadata.dll","1.0","2016-06-27T21:50:24Z","fethy.faradji@infopro-digital.com"
"14/09/2026 10:12:16","source/repos/SF_VIEWER_AO_SIM/packages/Microsoft.CodeDom.Providers.DotNetCompilerPlatform.2.0.1/tools/Roslyn45/vbc.exe","1.0","2016-06-27T21:50:24Z","fethy.faradji@infopro-digital.com"
"14/09/2026 10:12:16","source/repos/SF_VIEWER_AO_SIM/packages/Microsoft.CodeDom.Providers.DotNetCompilerPlatform.2.0.1/tools/Roslyn45/vbc.exe.config","1.0","2016-06-27T21:50:24Z","fethy.faradji@infopro-digital.com"
"14/09/2026 10:12:17","source/repos/SF_VIEWER_AO_SIM/packages/Microsoft.CodeDom.Providers.DotNetCompilerPlatform.2.0.1/tools/Roslyn45/vbc.rsp","1.0","2016-06-27T21:50:24Z","fethy.faradji@infopro-digital.com"
"14/09/2026 10:12:20","source/repos/SF_VIEWER_AO_SIM/packages/Microsoft.CodeDom.Providers.DotNetCompilerPlatform.2.0.1/tools/Roslyn45/VBCSCompiler.exe","1.0","2016-06-27T21:50:24Z","fethy.faradji@infopro-digital.com"
"14/09/2026 10:12:20","source/repos/SF_VIEWER_AO_SIM/packages/Microsoft.CodeDom.Providers.DotNetCompilerPlatform.2.0.1/tools/Roslyn45/VBCSCompiler.exe.config","1.0","2016-06-27T21:50:24Z","fethy.faradji@infopro-digital.com"
"14/09/2026 10:12:22","source/repos/SF_VIEWER_AO_SIM/packages/Microsoft.CodeDom.Providers.DotNetCompilerPlatform.2.0.1/tools/RoslynLatest/csc.exe.config","1.0","2018-08-08T12:18:12Z","fethy.faradji@infopro-digital.com"
"14/09/2026 10:12:22","source/repos/SF_VIEWER_AO_SIM/packages/Microsoft.CodeDom.Providers.DotNetCompilerPlatform.2.0.1/tools/RoslynLatest/csc.exe","1.0","2018-08-08T05:38:48Z","fethy.faradji@infopro-digital.com"
"14/09/2026 10:12:25","source/repos/SF_VIEWER_AO_SIM/packages/Microsoft.CodeDom.Providers.DotNetCompilerPlatform.2.0.1/tools/RoslynLatest/csc.rsp","1.0","2018-08-08T12:09:42Z","fethy.faradji@infopro-digital.com"
"14/09/2026 10:12:26","source/repos/SF_VIEWER_AO_SIM/packages/Microsoft.CodeDom.Providers.DotNetCompilerPlatform.2.0.1/tools/RoslynLatest/csi.exe","1.0","2018-08-08T05:38:48Z","fethy.faradji@infopro-digital.com"
"14/09/2026 10:12:27","source/repos/SF_VIEWER_AO_SIM/packages/Microsoft.CodeDom.Providers.DotNetCompilerPlatform.2.0.1/tools/RoslynLatest/csi.exe.config","1.0","2018-08-08T12:18:34Z","fethy.faradji@infopro-digital.com"
"14/09/2026 10:12:27","source/repos/SF_VIEWER_AO_SIM/packages/Microsoft.CodeDom.Providers.DotNetCompilerPlatform.2.0.1/tools/RoslynLatest/csi.rsp","1.0","2018-08-08T12:09:56Z","fethy.faradji@infopro-digital.com"
"14/09/2026 10:12:30","source/repos/SF_VIEWER_AO_SIM/packages/Microsoft.CodeDom.Providers.DotNetCompilerPlatform.2.0.1/tools/RoslynLatest/Microsoft.Build.Tasks.CodeAnalysis.dll","1.0","2018-08-08T05:38:48Z","fethy.faradji@infopro-digital.com"
"14/09/2026 10:12:30","source/repos/SF_VIEWER_AO_SIM/packages/Microsoft.CodeDom.Providers.DotNetCompilerPlatform.2.0.1/tools/RoslynLatest/Microsoft.CodeAnalysis.CSharp.dll","1.0","2018-08-08T05:38:48Z","fethy.faradji@infopro-digital.com"
"14/09/2026 10:12:31","source/repos/SF_VIEWER_AO_SIM/packages/Microsoft.CodeDom.Providers.DotNetCompilerPlatform.2.0.1/tools/RoslynLatest/Microsoft.CodeAnalysis.CSharp.Scripting.dll","1.0","2018-08-08T05:38:48Z","fethy.faradji@infopro-digital.com"
"14/09/2026 10:12:32","source/repos/SF_VIEWER_AO_SIM/packages/Microsoft.CodeDom.Providers.DotNetCompilerPlatform.2.0.1/tools/RoslynLatest/Microsoft.CodeAnalysis.dll","1.0","2018-08-08T05:38:48Z","fethy.faradji@infopro-digital.com"
"14/09/2026 10:12:35","source/repos/SF_VIEWER_AO_SIM/packages/Microsoft.CodeDom.Providers.DotNetCompilerPlatform.2.0.1/tools/RoslynLatest/Microsoft.CodeAnalysis.Scripting.dll","1.0","2018-08-08T05:38:48Z","fethy.faradji@infopro-digital.com"
"14/09/2026 10:12:36","source/repos/SF_VIEWER_AO_SIM/packages/Microsoft.CodeDom.Providers.DotNetCompilerPlatform.2.0.1/tools/RoslynLatest/Microsoft.CodeAnalysis.VisualBasic.dll","1.0","2018-08-08T05:38:48Z","fethy.faradji@infopro-digital.com"
"14/09/2026 10:12:37","source/repos/SF_VIEWER_AO_SIM/packages/Microsoft.CodeDom.Providers.DotNetCompilerPlatform.2.0.1/tools/RoslynLatest/Microsoft.CSharp.Core.targets","1.0","2018-08-08T12:09:42Z","fethy.faradji@infopro-digital.com"
"14/09/2026 10:12:37","source/repos/SF_VIEWER_AO_SIM/packages/Microsoft.CodeDom.Providers.DotNetCompilerPlatform.2.0.1/tools/RoslynLatest/Microsoft.DiaSymReader.Native.amd64.dll","1.0","2017-12-05T09:36:44Z","fethy.faradji@infopro-digital.com"
"14/09/2026 10:12:39","source/repos/SF_VIEWER_AO_SIM/packages/Microsoft.CodeDom.Providers.DotNetCompilerPlatform.2.0.1/tools/RoslynLatest/Microsoft.DiaSymReader.Native.x86.dll","1.0","2017-12-05T09:36:44Z","fethy.faradji@infopro-digital.com"
"14/09/2026 10:12:42","source/repos/SF_VIEWER_AO_SIM/packages/Microsoft.CodeDom.Providers.DotNetCompilerPlatform.2.0.1/tools/RoslynLatest/Microsoft.Managed.Core.targets","1.0","2018-08-08T12:09:42Z","fethy.faradji@infopro-digital.com"
"14/09/2026 10:12:42","source/repos/SF_VIEWER_AO_SIM/packages/Microsoft.CodeDom.Providers.DotNetCompilerPlatform.2.0.1/tools/RoslynLatest/Microsoft.VisualBasic.Core.targets","1.0","2018-08-08T12:09:42Z","fethy.faradji@infopro-digital.com"
"14/09/2026 10:12:43","source/repos/SF_VIEWER_AO_SIM/packages/Microsoft.CodeDom.Providers.DotNetCompilerPlatform.2.0.1/tools/RoslynLatest/Microsoft.Win32.Primitives.dll","1.0","2016-11-05T18:55:32Z","fethy.faradji@infopro-digital.com"
"14/09/2026 10:12:44","source/repos/SF_VIEWER_AO_SIM/packages/Microsoft.CodeDom.Providers.DotNetCompilerPlatform.2.0.1/tools/RoslynLatest/System.AppContext.dll","1.0","2016-11-05T18:55:34Z","fethy.faradji@infopro-digital.com"
"14/09/2026 10:12:46","source/repos/SF_VIEWER_AO_SIM/packages/Microsoft.CodeDom.Providers.DotNetCompilerPlatform.2.0.1/tools/RoslynLatest/System.Collections.Immutable.dll","1.0","2018-05-16T03:29:34Z","fethy.faradji@infopro-digital.com"
"14/09/2026 10:12:47","source/repos/SF_VIEWER_AO_SIM/packages/Microsoft.CodeDom.Providers.DotNetCompilerPlatform.2.0.1/tools/RoslynLatest/System.Console.dll","1.0","2016-11-05T18:55:48Z","fethy.faradji@infopro-digital.com"
"14/09/2026 10:12:48","source/repos/SF_VIEWER_AO_SIM/packages/Microsoft.CodeDom.Providers.DotNetCompilerPlatform.2.0.1/tools/RoslynLatest/System.Diagnostics.DiagnosticSource.dll","1.0","2016-11-05T18:55:52Z","fethy.faradji@infopro-digital.com"
"14/09/2026 10:12:49","source/repos/SF_VIEWER_AO_SIM/packages/Microsoft.CodeDom.Providers.DotNetCompilerPlatform.2.0.1/tools/RoslynLatest/System.Diagnostics.FileVersionInfo.dll","1.0","2016-11-05T18:55:56Z","fethy.faradji@infopro-digital.com"
"14/09/2026 10:12:51","source/repos/SF_VIEWER_AO_SIM/packages/Microsoft.CodeDom.Providers.DotNetCompilerPlatform.2.0.1/tools/RoslynLatest/System.Diagnostics.StackTrace.dll","1.0","2016-11-05T18:55:52Z","fethy.faradji@infopro-digital.com"
"14/09/2026 10:12:51","source/repos/SF_VIEWER_AO_SIM/packages/Microsoft.CodeDom.Providers.DotNetCompilerPlatform.2.0.1/tools/RoslynLatest/System.Globalization.Calendars.dll","1.0","2016-11-05T18:56:02Z","fethy.faradji@infopro-digital.com"
"14/09/2026 10:12:53","source/repos/SF_VIEWER_AO_SIM/packages/Microsoft.CodeDom.Providers.DotNetCompilerPlatform.2.0.1/tools/RoslynLatest/System.IO.Compression.dll","1.0","2016-11-05T18:56:08Z","fethy.faradji@infopro-digital.com"
"14/09/2026 10:12:55","source/repos/SF_VIEWER_AO_SIM/packages/Microsoft.CodeDom.Providers.DotNetCompilerPlatform.2.0.1/tools/RoslynLatest/System.IO.Compression.ZipFile.dll","1.0","2016-11-05T18:56:04Z","fethy.faradji@infopro-digital.com"
"14/09/2026 10:12:56","source/repos/SF_VIEWER_AO_SIM/packages/Microsoft.CodeDom.Providers.DotNetCompilerPlatform.2.0.1/tools/RoslynLatest/System.IO.FileSystem.dll","1.0","2016-11-05T18:56:08Z","fethy.faradji@infopro-digital.com"
"14/09/2026 10:12:57","source/repos/SF_VIEWER_AO_SIM/packages/Microsoft.CodeDom.Providers.DotNetCompilerPlatform.2.0.1/tools/RoslynLatest/System.IO.FileSystem.Primitives.dll","1.0","2016-11-05T18:56:08Z","fethy.faradji@infopro-digital.com"
"14/09/2026 10:12:58","source/repos/SF_VIEWER_AO_SIM/packages/Microsoft.CodeDom.Providers.DotNetCompilerPlatform.2.0.1/tools/RoslynLatest/System.Net.Http.dll","1.0","2016-11-05T18:56:30Z","fethy.faradji@infopro-digital.com"
"14/09/2026 10:12:59","source/repos/SF_VIEWER_AO_SIM/packages/Microsoft.CodeDom.Providers.DotNetCompilerPlatform.2.0.1/tools/RoslynLatest/System.Net.Sockets.dll","1.0","2016-11-05T18:56:34Z","fethy.faradji@infopro-digital.com"
"14/09/2026 10:13:01","source/repos/SF_VIEWER_AO_SIM/packages/Microsoft.CodeDom.Providers.DotNetCompilerPlatform.2.0.1/tools/RoslynLatest/System.Reflection.Metadata.dll","1.0","2018-05-16T03:29:44Z","fethy.faradji@infopro-digital.com"
"14/09/2026 10:13:02","source/repos/SF_VIEWER_AO_SIM/packages/Microsoft.CodeDom.Providers.DotNetCompilerPlatform.2.0.1/tools/RoslynLatest/System.Runtime.InteropServices.RuntimeInformation.dll","1.0","2016-11-05T18:57:00Z","fethy.faradji@infopro-digital.com"
"14/09/2026 10:13:03","source/repos/SF_VIEWER_AO_SIM/packages/Microsoft.CodeDom.Providers.DotNetCompilerPlatform.2.0.1/tools/RoslynLatest/System.Security.Cryptography.Algorithms.dll","1.0","2016-11-05T18:57:14Z","fethy.faradji@infopro-digital.com"
"14/09/2026 10:13:04","source/repos/SF_VIEWER_AO_SIM/packages/Microsoft.CodeDom.Providers.DotNetCompilerPlatform.2.0.1/tools/RoslynLatest/System.Security.Cryptography.Encoding.dll","1.0","2016-11-05T18:57:08Z","fethy.faradji@infopro-digital.com"
"14/09/2026 10:13:06","source/repos/SF_VIEWER_AO_SIM/packages/Microsoft.CodeDom.Providers.DotNetCompilerPlatform.2.0.1/tools/RoslynLatest/System.Security.Cryptography.Primitives.dll","1.0","2016-11-05T18:57:18Z","fethy.faradji@infopro-digital.com"
"14/09/2026 10:13:07","source/repos/SF_VIEWER_AO_SIM/packages/Microsoft.CodeDom.Providers.DotNetCompilerPlatform.2.0.1/tools/RoslynLatest/System.Security.Cryptography.X509Certificates.dll","1.0","2016-11-05T18:57:18Z","fethy.faradji@infopro-digital.com"
"14/09/2026 10:13:07","source/repos/SF_VIEWER_AO_SIM/packages/Microsoft.CodeDom.Providers.DotNetCompilerPlatform.2.0.1/tools/RoslynLatest/System.Text.Encoding.CodePages.dll","1.0","2016-11-05T18:57:20Z","fethy.faradji@infopro-digital.com"
"14/09/2026 10:13:09","source/repos/SF_VIEWER_AO_SIM/packages/Microsoft.CodeDom.Providers.DotNetCompilerPlatform.2.0.1/tools/RoslynLatest/System.Threading.Tasks.Extensions.dll","1.0","2016-11-05T18:57:24Z","fethy.faradji@infopro-digital.com"
"14/09/2026 10:13:11","source/repos/SF_VIEWER_AO_SIM/packages/Microsoft.CodeDom.Providers.DotNetCompilerPlatform.2.0.1/tools/RoslynLatest/System.ValueTuple.dll","1.0","2016-11-05T18:57:30Z","fethy.faradji@infopro-digital.com"
"14/09/2026 10:13:12","source/repos/SF_VIEWER_AO_SIM/packages/Microsoft.CodeDom.Providers.DotNetCompilerPlatform.2.0.1/tools/RoslynLatest/System.Xml.ReaderWriter.dll","1.0","2016-11-05T18:57:36Z","fethy.faradji@infopro-digital.com"
"14/09/2026 10:13:13","source/repos/SF_VIEWER_AO_SIM/packages/Microsoft.CodeDom.Providers.DotNetCompilerPlatform.2.0.1/tools/RoslynLatest/System.Xml.XmlDocument.dll","1.0","2016-11-05T18:57:34Z","fethy.faradji@infopro-digital.com"
"14/09/2026 10:13:14","source/repos/SF_VIEWER_AO_SIM/packages/Microsoft.CodeDom.Providers.DotNetCompilerPlatform.2.0.1/tools/RoslynLatest/System.Xml.XPath.dll","1.0","2016-11-05T18:57:40Z","fethy.faradji@infopro-digital.com"
"14/09/2026 10:13:16","source/repos/SF_VIEWER_AO_SIM/packages/Microsoft.CodeDom.Providers.DotNetCompilerPlatform.2.0.1/tools/RoslynLatest/System.Xml.XPath.XDocument.dll","1.0","2016-11-05T18:57:34Z","fethy.faradji@infopro-digital.com"
"14/09/2026 10:13:16","source/repos/SF_VIEWER_AO_SIM/packages/Microsoft.CodeDom.Providers.DotNetCompilerPlatform.2.0.1/tools/RoslynLatest/vbc.exe","1.0","2018-08-08T05:38:48Z","fethy.faradji@infopro-digital.com"
"14/09/2026 10:13:17","source/repos/SF_VIEWER_AO_SIM/packages/Microsoft.CodeDom.Providers.DotNetCompilerPlatform.2.0.1/tools/RoslynLatest/vbc.exe.config","1.0","2018-08-08T12:18:18Z","fethy.faradji@infopro-digital.com"
"14/09/2026 10:13:19","source/repos/SF_VIEWER_AO_SIM/packages/Microsoft.CodeDom.Providers.DotNetCompilerPlatform.2.0.1/tools/RoslynLatest/vbc.rsp","1.0","2018-08-08T12:09:46Z","fethy.faradji@infopro-digital.com"
"14/09/2026 10:13:20","source/repos/SF_VIEWER_AO_SIM/packages/Microsoft.CodeDom.Providers.DotNetCompilerPlatform.2.0.1/tools/RoslynLatest/VBCSCompiler.exe","1.0","2018-08-08T05:38:48Z","fethy.faradji@infopro-digital.com"
"14/09/2026 10:13:21","source/repos/SF_VIEWER_AO_SIM/packages/Microsoft.CodeDom.Providers.DotNetCompilerPlatform.2.0.1/tools/RoslynLatest/VBCSCompiler.exe.config","1.0","2018-08-08T12:18:16Z","fethy.faradji@infopro-digital.com"
"14/09/2026 10:13:22","source/repos/SF_VIEWER_AO_SIM/packages/Microsoft.CodeDom.Providers.DotNetCompilerPlatform.2.0.1/.signature.p7s","1.0","2018-12-17T16:01:52Z","fethy.faradji@infopro-digital.com"
"14/09/2026 10:13:24","source/repos/SF_VIEWER_AO_SIM/packages/Microsoft.CodeDom.Providers.DotNetCompilerPlatform.2.0.1/Microsoft.CodeDom.Providers.DotNetCompilerPlatform.2.0.1.nupkg","1.0","2023-11-06T08:25:44Z","fethy.faradji@infopro-digital.com"
"14/09/2026 10:13:26","source/repos/SF_VIEWER_AO_SIM/packages/Microsoft.Web.Infrastructure.1.0.0.0/.signature.p7s","1.0","2018-12-13T18:30:10Z","fethy.faradji@infopro-digital.com"
"14/09/2026 10:13:27","source/repos/SF_VIEWER_AO_SIM/packages/Microsoft.Web.Infrastructure.1.0.0.0/lib/net40/Microsoft.Web.Infrastructure.dll","1.0","2012-07-25T11:48:56Z","fethy.faradji@infopro-digital.com"
"14/09/2026 10:13:27","source/repos/SF_VIEWER_AO_SIM/packages/Microsoft.Web.Infrastructure.1.0.0.0/Microsoft.Web.Infrastructure.1.0.0.0.nupkg","1.0","2023-11-06T08:25:43Z","fethy.faradji@infopro-digital.com"
"14/09/2026 10:13:31","source/repos/SF_VIEWER_AO_SIM/packages/Modernizr.2.8.3/Tools/common.ps1","1.0","2014-08-19T21:50:30Z","fethy.faradji@infopro-digital.com"
"14/09/2026 10:13:31","source/repos/SF_VIEWER_AO_SIM/packages/Modernizr.2.8.3/Content/Scripts/modernizr-2.8.3.js","1.0","2014-08-19T21:50:30Z","fethy.faradji@infopro-digital.com"
"14/09/2026 10:13:32","source/repos/SF_VIEWER_AO_SIM/packages/Modernizr.2.8.3/Tools/install.ps1","1.0","2014-08-19T21:50:30Z","fethy.faradji@infopro-digital.com"
"14/09/2026 10:13:32","source/repos/SF_VIEWER_AO_SIM/packages/Modernizr.2.8.3/Tools/uninstall.ps1","1.0","2014-08-19T21:50:30Z","fethy.faradji@infopro-digital.com"
"14/09/2026 10:13:36","source/repos/SF_VIEWER_AO_SIM/packages/Modernizr.2.8.3/.signature.p7s","1.0","2018-10-14T21:04:42Z","fethy.faradji@infopro-digital.com"
"14/09/2026 10:13:36","source/repos/SF_VIEWER_AO_SIM/packages/Modernizr.2.8.3/Modernizr.2.8.3.nupkg","1.0","2023-11-06T08:25:43Z","fethy.faradji@infopro-digital.com"
"14/09/2026 10:13:39","source/repos/SF_VIEWER_AO_SIM/packages/Newtonsoft.Json.12.0.2/lib/net20/Newtonsoft.Json.dll","1.0","2019-04-22T01:06:16Z","fethy.faradji@infopro-digital.com"
"14/09/2026 10:13:39","source/repos/SF_VIEWER_AO_SIM/packages/Newtonsoft.Json.12.0.2/lib/net20/Newtonsoft.Json.xml","1.0","2019-04-22T00:57:38Z","fethy.faradji@infopro-digital.com"
"14/09/2026 10:13:42","source/repos/SF_VIEWER_AO_SIM/packages/Newtonsoft.Json.12.0.2/lib/net35/Newtonsoft.Json.dll","1.0","2019-04-22T01:06:16Z","fethy.faradji@infopro-digital.com"
"14/09/2026 10:13:42","source/repos/SF_VIEWER_AO_SIM/packages/Newtonsoft.Json.12.0.2/lib/net35/Newtonsoft.Json.xml","1.0","2019-04-22T00:57:36Z","fethy.faradji@infopro-digital.com"
"14/09/2026 10:13:44","source/repos/SF_VIEWER_AO_SIM/packages/Newtonsoft.Json.12.0.2/lib/net40/Newtonsoft.Json.xml","1.0","2019-04-22T00:57:26Z","fethy.faradji@infopro-digital.com"
"14/09/2026 10:13:44","source/repos/SF_VIEWER_AO_SIM/packages/Newtonsoft.Json.12.0.2/lib/net40/Newtonsoft.Json.dll","1.0","2019-04-22T01:06:16Z","fethy.faradji@infopro-digital.com"
"14/09/2026 10:13:48","source/repos/SF_VIEWER_AO_SIM/packages/Newtonsoft.Json.12.0.2/lib/net45/Newtonsoft.Json.xml","1.0","2019-04-22T00:57:26Z","fethy.faradji@infopro-digital.com"
"14/09/2026 10:13:48","source/repos/SF_VIEWER_AO_SIM/packages/Newtonsoft.Json.12.0.2/lib/net45/Newtonsoft.Json.dll","1.0","2019-04-22T01:06:16Z","fethy.faradji@infopro-digital.com"
"14/09/2026 10:13:50","source/repos/SF_VIEWER_AO_SIM/packages/Newtonsoft.Json.12.0.2/lib/netstandard1.0/Newtonsoft.Json.xml","1.0","2019-04-22T00:57:20Z","fethy.faradji@infopro-digital.com"
"14/09/2026 10:13:50","source/repos/SF_VIEWER_AO_SIM/packages/Newtonsoft.Json.12.0.2/lib/netstandard1.0/Newtonsoft.Json.dll","1.0","2019-04-22T01:06:16Z","fethy.faradji@infopro-digital.com"
"14/09/2026 10:13:54","source/repos/SF_VIEWER_AO_SIM/packages/Newtonsoft.Json.12.0.2/lib/netstandard1.3/Newtonsoft.Json.xml","1.0","2019-04-22T00:57:18Z","fethy.faradji@infopro-digital.com"
"14/09/2026 10:13:54","source/repos/SF_VIEWER_AO_SIM/packages/Newtonsoft.Json.12.0.2/lib/netstandard1.3/Newtonsoft.Json.dll","1.0","2019-04-22T01:06:16Z","fethy.faradji@infopro-digital.com"
"14/09/2026 10:13:55","source/repos/SF_VIEWER_AO_SIM/packages/Newtonsoft.Json.12.0.2/lib/netstandard2.0/Newtonsoft.Json.xml","1.0","2019-04-22T00:57:16Z","fethy.faradji@infopro-digital.com"
"14/09/2026 10:13:55","source/repos/SF_VIEWER_AO_SIM/packages/Newtonsoft.Json.12.0.2/lib/netstandard2.0/Newtonsoft.Json.dll","1.0","2019-04-22T01:06:16Z","fethy.faradji@infopro-digital.com"
"14/09/2026 10:13:59","source/repos/SF_VIEWER_AO_SIM/packages/Newtonsoft.Json.12.0.2/lib/portable-net40+sl5+win8+wp8+wpa81/Newtonsoft.Json.dll","1.0","2019-04-22T01:06:16Z","fethy.faradji@infopro-digital.com"
"14/09/2026 10:14:00","source/repos/SF_VIEWER_AO_SIM/packages/Newtonsoft.Json.12.0.2/lib/portable-net40+sl5+win8+wp8+wpa81/Newtonsoft.Json.xml","1.0","2019-04-22T00:57:42Z","fethy.faradji@infopro-digital.com"
"14/09/2026 10:14:01","source/repos/SF_VIEWER_AO_SIM/packages/Newtonsoft.Json.12.0.2/lib/portable-net45+win8+wp8+wpa81/Newtonsoft.Json.dll","1.0","2019-04-22T01:06:16Z","fethy.faradji@infopro-digital.com"
"14/09/2026 10:14:01","source/repos/SF_VIEWER_AO_SIM/packages/Newtonsoft.Json.12.0.2/lib/portable-net45+win8+wp8+wpa81/Newtonsoft.Json.xml","1.0","2019-04-22T00:57:44Z","fethy.faradji@infopro-digital.com"
"14/09/2026 10:14:04","source/repos/SF_VIEWER_AO_SIM/packages/Newtonsoft.Json.12.0.2/.signature.p7s","1.0","2019-04-21T18:23:10Z","fethy.faradji@infopro-digital.com"
"14/09/2026 10:14:05","source/repos/SF_VIEWER_AO_SIM/packages/Newtonsoft.Json.12.0.2/LICENSE.md","1.0","2019-04-22T00:53:56Z","fethy.faradji@infopro-digital.com"
"14/09/2026 10:14:06","source/repos/SF_VIEWER_AO_SIM/packages/Newtonsoft.Json.12.0.2/Newtonsoft.Json.12.0.2.nupkg","1.0","2023-11-06T08:25:43Z","fethy.faradji@infopro-digital.com"
"14/09/2026 10:14:07","source/repos/SF_VIEWER_AO_SIM/packages/Oracle.ManagedDataAccess.21.9.0/bin/x64/Oracle.ManagedDataAccessIOP.dll","1.0","2023-01-11T01:10:06Z","fethy.faradji@infopro-digital.com"
"14/09/2026 10:14:11","source/repos/SF_VIEWER_AO_SIM/packages/Oracle.ManagedDataAccess.21.9.0/bin/x86/Oracle.ManagedDataAccessIOP.dll","1.0","2023-01-11T01:10:14Z","fethy.faradji@infopro-digital.com"
"14/09/2026 10:14:11","source/repos/SF_VIEWER_AO_SIM/packages/Oracle.ManagedDataAccess.21.9.0/content/net462/App.config.install.xdt","1.0","2023-01-11T01:23:08Z","fethy.faradji@infopro-digital.com"
"14/09/2026 10:14:11","source/repos/SF_VIEWER_AO_SIM/packages/Oracle.ManagedDataAccess.21.9.0/content/net462/App.config.transform","1.0","2019-11-15T07:24:50Z","fethy.faradji@infopro-digital.com"
"14/09/2026 10:14:13","source/repos/SF_VIEWER_AO_SIM/packages/Oracle.ManagedDataAccess.21.9.0/content/net462/App.config.uninstall.xdt","1.0","2020-08-27T01:34:06Z","fethy.faradji@infopro-digital.com"
"14/09/2026 10:14:14","source/repos/SF_VIEWER_AO_SIM/packages/Oracle.ManagedDataAccess.21.9.0/content/net462/Oracle.DataAccess.Common.Configuration.Section.xsd","1.0","2015-12-11T02:33:36Z","fethy.faradji@infopro-digital.com"
"14/09/2026 10:14:16","source/repos/SF_VIEWER_AO_SIM/packages/Oracle.ManagedDataAccess.21.9.0/content/net462/Web.config.install.xdt","1.0","2023-01-11T01:23:08Z","fethy.faradji@infopro-digital.com"
"14/09/2026 10:14:16","source/repos/SF_VIEWER_AO_SIM/packages/Oracle.ManagedDataAccess.21.9.0/content/net462/Oracle.ManagedDataAccess.Client.Configuration.Section.xsd","1.0","2018-10-19T00:50:30Z","fethy.faradji@infopro-digital.com"
"14/09/2026 10:14:18","source/repos/SF_VIEWER_AO_SIM/packages/Oracle.ManagedDataAccess.21.9.0/content/net462/Web.config.transform","1.0","2019-11-15T07:24:50Z","fethy.faradji@infopro-digital.com"
"14/09/2026 10:14:19","source/repos/SF_VIEWER_AO_SIM/packages/Oracle.ManagedDataAccess.21.9.0/content/net462/Web.config.uninstall.xdt","1.0","2020-08-27T01:34:06Z","fethy.faradji@infopro-digital.com"
"14/09/2026 10:14:22","source/repos/SF_VIEWER_AO_SIM/packages/Oracle.ManagedDataAccess.21.9.0/PerfCounters/unregister_odpm_perfmon_counters.ps1","1.0","2019-02-28T23:16:52Z","fethy.faradji@infopro-digital.com"
"14/09/2026 10:14:22","source/repos/SF_VIEWER_AO_SIM/packages/Oracle.ManagedDataAccess.21.9.0/lib/net462/Oracle.ManagedDataAccess.dll","1.0","2023-01-11T01:09:58Z","fethy.faradji@infopro-digital.com"
"14/09/2026 10:14:23","source/repos/SF_VIEWER_AO_SIM/packages/Oracle.ManagedDataAccess.21.9.0/PerfCounters/register_odpm_perfmon_counters.ps1","1.0","2019-02-28T23:16:52Z","fethy.faradji@infopro-digital.com"
"14/09/2026 10:14:24","source/repos/SF_VIEWER_AO_SIM/packages/Oracle.ManagedDataAccess.21.9.0/.signature.p7s","1.0","2023-01-18T16:48:30Z","fethy.faradji@infopro-digital.com"
"14/09/2026 10:14:27","source/repos/SF_VIEWER_AO_SIM/packages/Oracle.ManagedDataAccess.21.9.0/info.txt","1.0","2021-06-17T23:35:48Z","fethy.faradji@infopro-digital.com"
"14/09/2026 10:14:28","source/repos/SF_VIEWER_AO_SIM/packages/Oracle.ManagedDataAccess.21.9.0/LICENSE.txt","1.0","2022-07-27T22:57:10Z","fethy.faradji@infopro-digital.com"
"14/09/2026 10:14:28","source/repos/SF_VIEWER_AO_SIM/packages/Oracle.ManagedDataAccess.21.9.0/readme.txt","1.0","2023-01-11T01:23:08Z","fethy.faradji@infopro-digital.com"
"14/09/2026 10:14:29","source/repos/SF_VIEWER_AO_SIM/packages/Oracle.ManagedDataAccess.21.9.0/Oracle.ManagedDataAccess.21.9.0.nupkg","1.0","2023-11-06T08:25:43Z","fethy.faradji@infopro-digital.com"
"14/09/2026 10:14:33","source/repos/SF_VIEWER_AO_SIM/packages/System.Buffers.4.5.1/lib/netcoreapp2.0/_._","1.0","2020-02-19T10:05:18Z","fethy.faradji@infopro-digital.com"
"14/09/2026 10:14:34","source/repos/SF_VIEWER_AO_SIM/packages/System.Buffers.4.5.1/lib/net461/System.Buffers.xml","1.0","2020-02-19T10:05:18Z","fethy.faradji@infopro-digital.com"
"14/09/2026 10:14:35","source/repos/SF_VIEWER_AO_SIM/packages/System.Buffers.4.5.1/lib/netstandard1.1/System.Buffers.dll","1.0","2020-02-19T10:05:18Z","fethy.faradji@infopro-digital.com"
"14/09/2026 10:14:35","source/repos/SF_VIEWER_AO_SIM/packages/System.Buffers.4.5.1/lib/net461/System.Buffers.dll","1.0","2020-02-19T10:05:18Z","fethy.faradji@infopro-digital.com"
"14/09/2026 10:14:38","source/repos/SF_VIEWER_AO_SIM/packages/System.Buffers.4.5.1/lib/netstandard1.1/System.Buffers.xml","1.0","2020-02-19T10:05:18Z","fethy.faradji@infopro-digital.com"
"14/09/2026 10:14:40","source/repos/SF_VIEWER_AO_SIM/packages/System.Buffers.4.5.1/lib/netstandard2.0/System.Buffers.dll","1.0","2020-02-19T10:05:18Z","fethy.faradji@infopro-digital.com"
"14/09/2026 10:14:40","source/repos/SF_VIEWER_AO_SIM/packages/System.Buffers.4.5.1/lib/netstandard2.0/System.Buffers.xml","1.0","2020-02-19T10:05:18Z","fethy.faradji@infopro-digital.com"
"14/09/2026 10:14:41","source/repos/SF_VIEWER_AO_SIM/packages/System.Buffers.4.5.1/lib/uap10.0.16299/_._","1.0","2020-02-19T10:05:18Z","fethy.faradji@infopro-digital.com"
"14/09/2026 10:14:44","source/repos/SF_VIEWER_AO_SIM/packages/System.Buffers.4.5.1/ref/net45/System.Buffers.xml","1.0","2020-02-19T10:05:18Z","fethy.faradji@infopro-digital.com"
"14/09/2026 10:14:45","source/repos/SF_VIEWER_AO_SIM/packages/System.Buffers.4.5.1/ref/net45/System.Buffers.dll","1.0","2020-02-19T10:05:18Z","fethy.faradji@infopro-digital.com"
"14/09/2026 10:14:46","source/repos/SF_VIEWER_AO_SIM/packages/System.Buffers.4.5.1/ref/netcoreapp2.0/_._","1.0","2020-02-19T10:05:18Z","fethy.faradji@infopro-digital.com"
"14/09/2026 10:14:47","source/repos/SF_VIEWER_AO_SIM/packages/System.Buffers.4.5.1/ref/netstandard1.1/System.Buffers.dll","1.0","2020-02-19T10:05:18Z","fethy.faradji@infopro-digital.com"
"14/09/2026 10:14:50","source/repos/SF_VIEWER_AO_SIM/packages/System.Buffers.4.5.1/ref/netstandard1.1/System.Buffers.xml","1.0","2020-02-19T10:05:18Z","fethy.faradji@infopro-digital.com"
"14/09/2026 10:14:50","source/repos/SF_VIEWER_AO_SIM/packages/System.Buffers.4.5.1/ref/netstandard2.0/System.Buffers.dll","1.0","2020-02-19T10:05:18Z","fethy.faradji@infopro-digital.com"
"14/09/2026 10:14:51","source/repos/SF_VIEWER_AO_SIM/packages/System.Buffers.4.5.1/ref/netstandard2.0/System.Buffers.xml","1.0","2020-02-19T10:05:18Z","fethy.faradji@infopro-digital.com"
"14/09/2026 10:14:52","source/repos/SF_VIEWER_AO_SIM/packages/System.Buffers.4.5.1/ref/uap10.0.16299/_._","1.0","2020-02-19T10:05:18Z","fethy.faradji@infopro-digital.com"
"14/09/2026 10:14:55","source/repos/SF_VIEWER_AO_SIM/packages/System.Buffers.4.5.1/.signature.p7s","1.0","2020-03-24T13:10:12Z","fethy.faradji@infopro-digital.com"
"14/09/2026 10:14:56","source/repos/SF_VIEWER_AO_SIM/packages/System.Buffers.4.5.1/LICENSE.TXT","1.0","2020-02-19T10:05:18Z","fethy.faradji@infopro-digital.com"
"14/09/2026 10:14:56","source/repos/SF_VIEWER_AO_SIM/packages/System.Buffers.4.5.1/System.Buffers.4.5.1.nupkg","1.0","2023-11-06T08:25:43Z","fethy.faradji@infopro-digital.com"
"14/09/2026 10:14:57","source/repos/SF_VIEWER_AO_SIM/packages/System.Buffers.4.5.1/THIRD-PARTY-NOTICES.TXT","1.0","2020-02-19T10:05:18Z","fethy.faradji@infopro-digital.com"
"14/09/2026 10:15:00","source/repos/SF_VIEWER_AO_SIM/packages/System.Buffers.4.5.1/useSharedDesignerContext.txt","1.0","2020-02-19T10:05:18Z","fethy.faradji@infopro-digital.com"
"14/09/2026 10:15:01","source/repos/SF_VIEWER_AO_SIM/packages/System.Buffers.4.5.1/version.txt","1.0","2020-02-19T10:05:18Z","fethy.faradji@infopro-digital.com"
"14/09/2026 10:15:03","source/repos/SF_VIEWER_AO_SIM/packages/System.Memory.4.5.4/lib/net461/System.Memory.xml","1.0","2020-02-19T10:05:18Z","fethy.faradji@infopro-digital.com"
"14/09/2026 10:15:03","source/repos/SF_VIEWER_AO_SIM/packages/System.Memory.4.5.4/lib/net461/System.Memory.dll","1.0","2020-02-19T10:05:18Z","fethy.faradji@infopro-digital.com"
"14/09/2026 10:15:05","source/repos/SF_VIEWER_AO_SIM/packages/System.Memory.4.5.4/lib/netcoreapp2.1/_._","1.0","2020-02-19T10:05:18Z","fethy.faradji@infopro-digital.com"
"14/09/2026 10:15:07","source/repos/SF_VIEWER_AO_SIM/packages/System.Memory.4.5.4/lib/netstandard1.1/System.Memory.dll","1.0","2020-02-19T10:05:18Z","fethy.faradji@infopro-digital.com"
"14/09/2026 10:15:08","source/repos/SF_VIEWER_AO_SIM/packages/System.Memory.4.5.4/lib/netstandard1.1/System.Memory.xml","1.0","2020-02-19T10:05:18Z","fethy.faradji@infopro-digital.com"
"14/09/2026 10:15:09","source/repos/SF_VIEWER_AO_SIM/packages/System.Memory.4.5.4/lib/netstandard2.0/System.Memory.dll","1.0","2020-02-19T10:05:18Z","fethy.faradji@infopro-digital.com"
"14/09/2026 10:15:10","source/repos/SF_VIEWER_AO_SIM/packages/System.Memory.4.5.4/lib/netstandard2.0/System.Memory.xml","1.0","2020-02-19T10:05:18Z","fethy.faradji@infopro-digital.com"
"14/09/2026 10:15:13","source/repos/SF_VIEWER_AO_SIM/packages/System.Memory.4.5.4/ref/netcoreapp2.1/_._","1.0","2020-02-19T10:05:18Z","fethy.faradji@infopro-digital.com"
"14/09/2026 10:15:14","source/repos/SF_VIEWER_AO_SIM/packages/System.Memory.4.5.4/.signature.p7s","1.0","2020-03-24T13:10:20Z","fethy.faradji@infopro-digital.com"
"14/09/2026 10:15:14","source/repos/SF_VIEWER_AO_SIM/packages/System.Memory.4.5.4/LICENSE.TXT","1.0","2020-02-19T10:05:18Z","fethy.faradji@infopro-digital.com"
"14/09/2026 10:15:15","source/repos/SF_VIEWER_AO_SIM/packages/System.Memory.4.5.4/System.Memory.4.5.4.nupkg","1.0","2023-11-06T08:25:43Z","fethy.faradji@infopro-digital.com"
"14/09/2026 10:15:17","source/repos/SF_VIEWER_AO_SIM/packages/System.Memory.4.5.4/THIRD-PARTY-NOTICES.TXT","1.0","2020-02-19T10:05:18Z","fethy.faradji@infopro-digital.com"
"14/09/2026 10:15:18","source/repos/SF_VIEWER_AO_SIM/packages/System.Memory.4.5.4/useSharedDesignerContext.txt","1.0","2020-02-19T10:05:18Z","fethy.faradji@infopro-digital.com"
"14/09/2026 10:15:19","source/repos/SF_VIEWER_AO_SIM/packages/System.Memory.4.5.4/version.txt","1.0","2020-02-19T10:05:18Z","fethy.faradji@infopro-digital.com"
"14/09/2026 10:15:21","source/repos/SF_VIEWER_AO_SIM/packages/System.Numerics.Vectors.4.5.0/lib/MonoAndroid10/_._","1.0","2018-05-15T13:29:44Z","fethy.faradji@infopro-digital.com"
"14/09/2026 10:15:23","source/repos/SF_VIEWER_AO_SIM/packages/System.Numerics.Vectors.4.5.0/lib/MonoTouch10/_._","1.0","2018-05-15T13:29:44Z","fethy.faradji@infopro-digital.com"
"14/09/2026 10:15:24","source/repos/SF_VIEWER_AO_SIM/packages/System.Numerics.Vectors.4.5.0/lib/net46/System.Numerics.Vectors.dll","1.0","2018-05-15T13:29:44Z","fethy.faradji@infopro-digital.com"
"14/09/2026 10:15:25","source/repos/SF_VIEWER_AO_SIM/packages/System.Numerics.Vectors.4.5.0/lib/net46/System.Numerics.Vectors.xml","1.0","2018-05-15T13:29:44Z","fethy.faradji@infopro-digital.com"
"14/09/2026 10:15:27","source/repos/SF_VIEWER_AO_SIM/packages/System.Numerics.Vectors.4.5.0/lib/netcoreapp2.0/_._","1.0","2018-05-15T13:29:44Z","fethy.faradji@infopro-digital.com"
"14/09/2026 10:15:29","source/repos/SF_VIEWER_AO_SIM/packages/System.Numerics.Vectors.4.5.0/lib/netstandard1.0/System.Numerics.Vectors.dll","1.0","2018-05-15T13:29:44Z","fethy.faradji@infopro-digital.com"
"14/09/2026 10:15:29","source/repos/SF_VIEWER_AO_SIM/packages/System.Numerics.Vectors.4.5.0/lib/netstandard1.0/System.Numerics.Vectors.xml","1.0","2018-05-15T13:29:44Z","fethy.faradji@infopro-digital.com"
"14/09/2026 10:15:31","source/repos/SF_VIEWER_AO_SIM/packages/System.Numerics.Vectors.4.5.0/lib/netstandard2.0/System.Numerics.Vectors.dll","1.0","2018-05-15T13:29:44Z","fethy.faradji@infopro-digital.com"
"14/09/2026 10:15:32","source/repos/SF_VIEWER_AO_SIM/packages/System.Numerics.Vectors.4.5.0/lib/netstandard2.0/System.Numerics.Vectors.xml","1.0","2018-05-15T13:29:44Z","fethy.faradji@infopro-digital.com"
"14/09/2026 10:15:34","source/repos/SF_VIEWER_AO_SIM/packages/System.Numerics.Vectors.4.5.0/lib/portable-net45+win8+wp8+wpa81/System.Numerics.Vectors.dll","1.0","2018-05-15T13:29:44Z","fethy.faradji@infopro-digital.com"
"14/09/2026 10:15:34","source/repos/SF_VIEWER_AO_SIM/packages/System.Numerics.Vectors.4.5.0/lib/portable-net45+win8+wp8+wpa81/System.Numerics.Vectors.xml","1.0","2018-05-15T13:29:44Z","fethy.faradji@infopro-digital.com"
"14/09/2026 10:15:36","source/repos/SF_VIEWER_AO_SIM/packages/System.Numerics.Vectors.4.5.0/lib/uap10.0.16299/_._","1.0","2018-05-15T13:29:44Z","fethy.faradji@infopro-digital.com"
"14/09/2026 10:15:38","source/repos/SF_VIEWER_AO_SIM/packages/System.Numerics.Vectors.4.5.0/lib/xamarinios10/_._","1.0","2018-05-15T13:29:44Z","fethy.faradji@infopro-digital.com"
"14/09/2026 10:15:39","source/repos/SF_VIEWER_AO_SIM/packages/System.Numerics.Vectors.4.5.0/lib/xamarinmac20/_._","1.0","2018-05-15T13:29:44Z","fethy.faradji@infopro-digital.com"
"14/09/2026 10:15:40","source/repos/SF_VIEWER_AO_SIM/packages/System.Numerics.Vectors.4.5.0/lib/xamarintvos10/_._","1.0","2018-05-15T13:29:44Z","fethy.faradji@infopro-digital.com"
"14/09/2026 10:15:41","source/repos/SF_VIEWER_AO_SIM/packages/System.Numerics.Vectors.4.5.0/lib/xamarinwatchos10/_._","1.0","2018-05-15T13:29:44Z","fethy.faradji@infopro-digital.com"
"14/09/2026 10:15:44","source/repos/SF_VIEWER_AO_SIM/packages/System.Numerics.Vectors.4.5.0/ref/MonoAndroid10/_._","1.0","2018-05-15T13:29:44Z","fethy.faradji@infopro-digital.com"
"14/09/2026 10:15:46","source/repos/SF_VIEWER_AO_SIM/packages/System.Numerics.Vectors.4.5.0/ref/MonoTouch10/_._","1.0","2018-05-15T13:29:44Z","fethy.faradji@infopro-digital.com"
"14/09/2026 10:15:46","source/repos/SF_VIEWER_AO_SIM/packages/System.Numerics.Vectors.4.5.0/ref/net45/System.Numerics.Vectors.dll","1.0","2018-05-15T13:29:44Z","fethy.faradji@infopro-digital.com"
"14/09/2026 10:15:47","source/repos/SF_VIEWER_AO_SIM/packages/System.Numerics.Vectors.4.5.0/ref/net45/System.Numerics.Vectors.xml","1.0","2018-05-15T13:29:44Z","fethy.faradji@infopro-digital.com"
"14/09/2026 10:15:50","source/repos/SF_VIEWER_AO_SIM/packages/System.Numerics.Vectors.4.5.0/ref/net46/System.Numerics.Vectors.dll","1.0","2018-05-15T13:29:44Z","fethy.faradji@infopro-digital.com"
"14/09/2026 10:15:51","source/repos/SF_VIEWER_AO_SIM/packages/System.Numerics.Vectors.4.5.0/ref/net46/System.Numerics.Vectors.xml","1.0","2018-05-15T13:29:44Z","fethy.faradji@infopro-digital.com"
"14/09/2026 10:15:52","source/repos/SF_VIEWER_AO_SIM/packages/System.Numerics.Vectors.4.5.0/ref/netcoreapp2.0/_._","1.0","2018-05-15T13:29:44Z","fethy.faradji@infopro-digital.com"
"14/09/2026 10:15:52","source/repos/SF_VIEWER_AO_SIM/packages/System.Numerics.Vectors.4.5.0/ref/netstandard1.0/System.Numerics.Vectors.dll","1.0","2018-05-15T13:29:44Z","fethy.faradji@infopro-digital.com"
"14/09/2026 10:15:55","source/repos/SF_VIEWER_AO_SIM/packages/System.Numerics.Vectors.4.5.0/ref/netstandard1.0/System.Numerics.Vectors.xml","1.0","2018-05-15T13:29:44Z","fethy.faradji@infopro-digital.com"
"14/09/2026 10:15:56","source/repos/SF_VIEWER_AO_SIM/packages/System.Numerics.Vectors.4.5.0/ref/netstandard2.0/System.Numerics.Vectors.dll","1.0","2018-05-15T13:29:44Z","fethy.faradji@infopro-digital.com"
"14/09/2026 10:15:57","source/repos/SF_VIEWER_AO_SIM/packages/System.Numerics.Vectors.4.5.0/ref/netstandard2.0/System.Numerics.Vectors.xml","1.0","2018-05-15T13:29:44Z","fethy.faradji@infopro-digital.com"
"14/09/2026 10:15:58","source/repos/SF_VIEWER_AO_SIM/packages/System.Numerics.Vectors.4.5.0/ref/uap10.0.16299/_._","1.0","2018-05-15T13:29:44Z","fethy.faradji@infopro-digital.com"
"14/09/2026 10:16:01","source/repos/SF_VIEWER_AO_SIM/packages/System.Numerics.Vectors.4.5.0/ref/xamarinios10/_._","1.0","2018-05-15T13:29:44Z","fethy.faradji@infopro-digital.com"
"14/09/2026 10:16:03","source/repos/SF_VIEWER_AO_SIM/packages/System.Numerics.Vectors.4.5.0/ref/xamarinmac20/_._","1.0","2018-05-15T13:29:44Z","fethy.faradji@infopro-digital.com"
"14/09/2026 10:16:04","source/repos/SF_VIEWER_AO_SIM/packages/System.Numerics.Vectors.4.5.0/ref/xamarintvos10/_._","1.0","2018-05-15T13:29:44Z","fethy.faradji@infopro-digital.com"
"14/09/2026 10:16:05","source/repos/SF_VIEWER_AO_SIM/packages/System.Numerics.Vectors.4.5.0/ref/xamarinwatchos10/_._","1.0","2018-05-15T13:29:44Z","fethy.faradji@infopro-digital.com"
"14/09/2026 10:16:06","source/repos/SF_VIEWER_AO_SIM/packages/System.Numerics.Vectors.4.5.0/.signature.p7s","1.0","2018-12-17T16:03:00Z","fethy.faradji@infopro-digital.com"
"14/09/2026 10:16:08","source/repos/SF_VIEWER_AO_SIM/packages/System.Numerics.Vectors.4.5.0/LICENSE.TXT","1.0","2018-05-15T13:29:44Z","fethy.faradji@infopro-digital.com"
"14/09/2026 10:16:09","source/repos/SF_VIEWER_AO_SIM/packages/System.Numerics.Vectors.4.5.0/System.Numerics.Vectors.4.5.0.nupkg","1.0","2023-11-06T08:25:43Z","fethy.faradji@infopro-digital.com"
"14/09/2026 10:16:10","source/repos/SF_VIEWER_AO_SIM/packages/System.Numerics.Vectors.4.5.0/THIRD-PARTY-NOTICES.TXT","1.0","2018-05-15T13:29:44Z","fethy.faradji@infopro-digital.com"
"14/09/2026 10:16:11","source/repos/SF_VIEWER_AO_SIM/packages/System.Numerics.Vectors.4.5.0/useSharedDesignerContext.txt","1.0","2018-05-15T13:29:44Z","fethy.faradji@infopro-digital.com"
"14/09/2026 10:16:13","source/repos/SF_VIEWER_AO_SIM/packages/System.Numerics.Vectors.4.5.0/version.txt","1.0","2018-05-15T13:29:44Z","fethy.faradji@infopro-digital.com"
"14/09/2026 10:16:16","source/repos/SF_VIEWER_AO_SIM/packages/System.Runtime.CompilerServices.Unsafe.6.0.0/buildTransitive/netcoreapp2.0/System.Runtime.CompilerServices.Unsafe.targets","1.0","2021-10-22T23:44:06Z","fethy.faradji@infopro-digital.com"
"14/09/2026 10:16:16","source/repos/SF_VIEWER_AO_SIM/packages/System.Runtime.CompilerServices.Unsafe.6.0.0/buildTransitive/netcoreapp3.1/_._","1.0","2021-10-22T23:32:20Z","fethy.faradji@infopro-digital.com"
"14/09/2026 10:16:17","source/repos/SF_VIEWER_AO_SIM/packages/System.Runtime.CompilerServices.Unsafe.6.0.0/lib/net461/System.Runtime.CompilerServices.Unsafe.dll","1.0","2021-10-22T23:40:18Z","fethy.faradji@infopro-digital.com"
"14/09/2026 10:16:18","source/repos/SF_VIEWER_AO_SIM/packages/System.Runtime.CompilerServices.Unsafe.6.0.0/lib/net461/System.Runtime.CompilerServices.Unsafe.xml","1.0","2021-10-19T07:14:20Z","fethy.faradji@infopro-digital.com"
"14/09/2026 10:16:22","source/repos/SF_VIEWER_AO_SIM/packages/System.Runtime.CompilerServices.Unsafe.6.0.0/lib/net6.0/System.Runtime.CompilerServices.Unsafe.dll","1.0","2021-10-22T23:38:58Z","fethy.faradji@infopro-digital.com"
"14/09/2026 10:16:23","source/repos/SF_VIEWER_AO_SIM/packages/System.Runtime.CompilerServices.Unsafe.6.0.0/lib/net6.0/System.Runtime.CompilerServices.Unsafe.xml","1.0","2021-10-19T07:14:20Z","fethy.faradji@infopro-digital.com"
"14/09/2026 10:16:23","source/repos/SF_VIEWER_AO_SIM/packages/System.Runtime.CompilerServices.Unsafe.6.0.0/lib/netcoreapp3.1/System.Runtime.CompilerServices.Unsafe.dll","1.0","2021-10-22T23:40:56Z","fethy.faradji@infopro-digital.com"
"14/09/2026 10:16:24","source/repos/SF_VIEWER_AO_SIM/packages/System.Runtime.CompilerServices.Unsafe.6.0.0/lib/netcoreapp3.1/System.Runtime.CompilerServices.Unsafe.xml","1.0","2021-10-19T07:14:20Z","fethy.faradji@infopro-digital.com"
"14/09/2026 10:16:28","source/repos/SF_VIEWER_AO_SIM/packages/System.Runtime.CompilerServices.Unsafe.6.0.0/lib/netstandard2.0/System.Runtime.CompilerServices.Unsafe.dll","1.0","2021-10-22T23:40:46Z","fethy.faradji@infopro-digital.com"
"14/09/2026 10:16:28","source/repos/SF_VIEWER_AO_SIM/packages/System.Runtime.CompilerServices.Unsafe.6.0.0/lib/netstandard2.0/System.Runtime.CompilerServices.Unsafe.xml","1.0","2021-10-19T07:14:20Z","fethy.faradji@infopro-digital.com"
"14/09/2026 10:16:29","source/repos/SF_VIEWER_AO_SIM/packages/System.Runtime.CompilerServices.Unsafe.6.0.0/Icon.png","1.0","2021-10-22T18:16:38Z","fethy.faradji@infopro-digital.com"
"14/09/2026 10:16:29","source/repos/SF_VIEWER_AO_SIM/packages/System.Runtime.CompilerServices.Unsafe.6.0.0/.signature.p7s","1.0","2021-11-07T22:33:56Z","fethy.faradji@infopro-digital.com"
"14/09/2026 10:16:33","source/repos/SF_VIEWER_AO_SIM/packages/System.Runtime.CompilerServices.Unsafe.6.0.0/LICENSE.TXT","1.0","2021-10-22T23:32:20Z","fethy.faradji@infopro-digital.com"
"14/09/2026 10:16:33","source/repos/SF_VIEWER_AO_SIM/packages/System.Runtime.CompilerServices.Unsafe.6.0.0/System.Runtime.CompilerServices.Unsafe.6.0.0.nupkg","1.0","2023-11-06T08:25:43Z","fethy.faradji@infopro-digital.com"
"14/09/2026 10:16:34","source/repos/SF_VIEWER_AO_SIM/packages/System.Runtime.CompilerServices.Unsafe.6.0.0/THIRD-PARTY-NOTICES.TXT","1.0","2021-10-22T23:32:20Z","fethy.faradji@infopro-digital.com"
"14/09/2026 10:16:35","source/repos/SF_VIEWER_AO_SIM/packages/System.Runtime.CompilerServices.Unsafe.6.0.0/useSharedDesignerContext.txt","1.0","2021-10-22T23:32:20Z","fethy.faradji@infopro-digital.com"
"14/09/2026 10:16:39","source/repos/SF_VIEWER_AO_SIM/packages/System.Text.Encodings.Web.6.0.0/buildTransitive/netcoreapp2.0/System.Text.Encodings.Web.targets","1.0","2021-10-22T23:45:38Z","fethy.faradji@infopro-digital.com"
"14/09/2026 10:16:39","source/repos/SF_VIEWER_AO_SIM/packages/System.Text.Encodings.Web.6.0.0/buildTransitive/netcoreapp3.1/_._","1.0","2021-10-22T23:32:20Z","fethy.faradji@infopro-digital.com"
"14/09/2026 10:16:41","source/repos/SF_VIEWER_AO_SIM/packages/System.Text.Encodings.Web.6.0.0/lib/net461/System.Text.Encodings.Web.dll","1.0","2021-10-22T23:41:14Z","fethy.faradji@infopro-digital.com"
"14/09/2026 10:16:41","source/repos/SF_VIEWER_AO_SIM/packages/System.Text.Encodings.Web.6.0.0/lib/net461/System.Text.Encodings.Web.xml","1.0","2021-10-19T07:14:20Z","fethy.faradji@infopro-digital.com"
"14/09/2026 10:16:45","source/repos/SF_VIEWER_AO_SIM/packages/System.Text.Encodings.Web.6.0.0/lib/net6.0/System.Text.Encodings.Web.xml","1.0","2021-10-19T07:14:20Z","fethy.faradji@infopro-digital.com"
"14/09/2026 10:16:45","source/repos/SF_VIEWER_AO_SIM/packages/System.Text.Encodings.Web.6.0.0/lib/net6.0/System.Text.Encodings.Web.dll","1.0","2021-10-22T23:41:10Z","fethy.faradji@infopro-digital.com"
"14/09/2026 10:16:46","source/repos/SF_VIEWER_AO_SIM/packages/System.Text.Encodings.Web.6.0.0/lib/netcoreapp3.1/System.Text.Encodings.Web.xml","1.0","2021-10-19T07:14:20Z","fethy.faradji@infopro-digital.com"
"14/09/2026 10:16:47","source/repos/SF_VIEWER_AO_SIM/packages/System.Text.Encodings.Web.6.0.0/lib/netcoreapp3.1/System.Text.Encodings.Web.dll","1.0","2021-10-22T23:41:26Z","fethy.faradji@infopro-digital.com"
"14/09/2026 10:16:50","source/repos/SF_VIEWER_AO_SIM/packages/System.Text.Encodings.Web.6.0.0/lib/netstandard2.0/System.Text.Encodings.Web.xml","1.0","2021-10-19T07:14:20Z","fethy.faradji@infopro-digital.com"
"14/09/2026 10:16:50","source/repos/SF_VIEWER_AO_SIM/packages/System.Text.Encodings.Web.6.0.0/lib/netstandard2.0/System.Text.Encodings.Web.dll","1.0","2021-10-22T23:42:22Z","fethy.faradji@infopro-digital.com"
"14/09/2026 10:16:53","source/repos/SF_VIEWER_AO_SIM/packages/System.Text.Encodings.Web.6.0.0/runtimes/browser/lib/net6.0/System.Text.Encodings.Web.xml","1.0","2021-10-19T07:14:20Z","fethy.faradji@infopro-digital.com"
"14/09/2026 10:16:54","source/repos/SF_VIEWER_AO_SIM/packages/System.Text.Encodings.Web.6.0.0/runtimes/browser/lib/net6.0/System.Text.Encodings.Web.dll","1.0","2021-10-22T23:45:34Z","fethy.faradji@infopro-digital.com"
"14/09/2026 10:16:57","source/repos/SF_VIEWER_AO_SIM/packages/System.Text.Encodings.Web.6.0.0/Icon.png","1.0","2021-10-22T18:16:38Z","fethy.faradji@infopro-digital.com"
"14/09/2026 10:16:57","source/repos/SF_VIEWER_AO_SIM/packages/System.Text.Encodings.Web.6.0.0/.signature.p7s","1.0","2021-11-07T22:41:20Z","fethy.faradji@infopro-digital.com"
"14/09/2026 10:16:58","source/repos/SF_VIEWER_AO_SIM/packages/System.Text.Encodings.Web.6.0.0/LICENSE.TXT","1.0","2021-10-22T23:32:20Z","fethy.faradji@infopro-digital.com"
"14/09/2026 10:16:59","source/repos/SF_VIEWER_AO_SIM/packages/System.Text.Encodings.Web.6.0.0/System.Text.Encodings.Web.6.0.0.nupkg","1.0","2023-11-06T08:25:43Z","fethy.faradji@infopro-digital.com"
"14/09/2026 10:17:02","source/repos/SF_VIEWER_AO_SIM/packages/System.Text.Encodings.Web.6.0.0/THIRD-PARTY-NOTICES.TXT","1.0","2021-10-22T23:32:20Z","fethy.faradji@infopro-digital.com"
"14/09/2026 10:17:03","source/repos/SF_VIEWER_AO_SIM/packages/System.Text.Encodings.Web.6.0.0/useSharedDesignerContext.txt","1.0","2021-10-22T23:32:20Z","fethy.faradji@infopro-digital.com"
"14/09/2026 10:17:06","source/repos/SF_VIEWER_AO_SIM/packages/System.Text.Json.6.0.0/analyzers/dotnet/roslyn3.11/cs/cs/System.Text.Json.SourceGeneration.resources.dll","1.0","2021-10-22T23:41:14Z","fethy.faradji@infopro-digital.com"
"14/09/2026 10:17:06","source/repos/SF_VIEWER_AO_SIM/packages/System.Text.Json.6.0.0/analyzers/dotnet/roslyn3.11/cs/de/System.Text.Json.SourceGeneration.resources.dll","1.0","2021-10-22T23:41:14Z","fethy.faradji@infopro-digital.com"
"14/09/2026 10:17:08","source/repos/SF_VIEWER_AO_SIM/packages/System.Text.Json.6.0.0/analyzers/dotnet/roslyn3.11/cs/es/System.Text.Json.SourceGeneration.resources.dll","1.0","2021-10-22T23:41:14Z","fethy.faradji@infopro-digital.com"
"14/09/2026 10:17:09","source/repos/SF_VIEWER_AO_SIM/packages/System.Text.Json.6.0.0/analyzers/dotnet/roslyn3.11/cs/fr/System.Text.Json.SourceGeneration.resources.dll","1.0","2021-10-22T23:41:14Z","fethy.faradji@infopro-digital.com"
"14/09/2026 10:17:12","source/repos/SF_VIEWER_AO_SIM/packages/System.Text.Json.6.0.0/analyzers/dotnet/roslyn3.11/cs/it/System.Text.Json.SourceGeneration.resources.dll","1.0","2021-10-22T23:41:14Z","fethy.faradji@infopro-digital.com"
"14/09/2026 10:17:13","source/repos/SF_VIEWER_AO_SIM/packages/System.Text.Json.6.0.0/analyzers/dotnet/roslyn3.11/cs/ja/System.Text.Json.SourceGeneration.resources.dll","1.0","2021-10-22T23:41:14Z","fethy.faradji@infopro-digital.com"
"14/09/2026 10:17:13","source/repos/SF_VIEWER_AO_SIM/packages/System.Text.Json.6.0.0/analyzers/dotnet/roslyn3.11/cs/ko/System.Text.Json.SourceGeneration.resources.dll","1.0","2021-10-22T23:41:14Z","fethy.faradji@infopro-digital.com"
"14/09/2026 10:17:14","source/repos/SF_VIEWER_AO_SIM/packages/System.Text.Json.6.0.0/analyzers/dotnet/roslyn3.11/cs/pl/System.Text.Json.SourceGeneration.resources.dll","1.0","2021-10-22T23:41:14Z","fethy.faradji@infopro-digital.com"
"14/09/2026 10:17:18","source/repos/SF_VIEWER_AO_SIM/packages/System.Text.Json.6.0.0/analyzers/dotnet/roslyn3.11/cs/pt-BR/System.Text.Json.SourceGeneration.resources.dll","1.0","2021-10-22T23:41:14Z","fethy.faradji@infopro-digital.com"
"14/09/2026 10:17:18","source/repos/SF_VIEWER_AO_SIM/packages/System.Text.Json.6.0.0/analyzers/dotnet/roslyn3.11/cs/ru/System.Text.Json.SourceGeneration.resources.dll","1.0","2021-10-22T23:41:14Z","fethy.faradji@infopro-digital.com"
"14/09/2026 10:17:18","source/repos/SF_VIEWER_AO_SIM/packages/System.Text.Json.6.0.0/analyzers/dotnet/roslyn3.11/cs/tr/System.Text.Json.SourceGeneration.resources.dll","1.0","2021-10-22T23:41:14Z","fethy.faradji@infopro-digital.com"
"14/09/2026 10:17:20","source/repos/SF_VIEWER_AO_SIM/packages/System.Text.Json.6.0.0/analyzers/dotnet/roslyn3.11/cs/zh-Hans/System.Text.Json.SourceGeneration.resources.dll","1.0","2021-10-22T23:41:14Z","fethy.faradji@infopro-digital.com"
"14/09/2026 10:17:23","source/repos/SF_VIEWER_AO_SIM/packages/System.Text.Json.6.0.0/analyzers/dotnet/roslyn3.11/cs/zh-Hant/System.Text.Json.SourceGeneration.resources.dll","1.0","2021-10-22T23:41:14Z","fethy.faradji@infopro-digital.com"
"14/09/2026 10:17:23","source/repos/SF_VIEWER_AO_SIM/packages/System.Text.Json.6.0.0/analyzers/dotnet/roslyn3.11/cs/System.Text.Json.SourceGeneration.dll","1.0","2021-10-22T23:41:14Z","fethy.faradji@infopro-digital.com"
"14/09/2026 10:17:25","source/repos/SF_VIEWER_AO_SIM/packages/System.Text.Json.6.0.0/analyzers/dotnet/roslyn4.0/cs/cs/System.Text.Json.SourceGeneration.resources.dll","1.0","2021-10-22T23:41:16Z","fethy.faradji@infopro-digital.com"
"14/09/2026 10:17:26","source/repos/SF_VIEWER_AO_SIM/packages/System.Text.Json.6.0.0/analyzers/dotnet/roslyn4.0/cs/de/System.Text.Json.SourceGeneration.resources.dll","1.0","2021-10-22T23:41:16Z","fethy.faradji@infopro-digital.com"
"14/09/2026 10:17:29","source/repos/SF_VIEWER_AO_SIM/packages/System.Text.Json.6.0.0/analyzers/dotnet/roslyn4.0/cs/es/System.Text.Json.SourceGeneration.resources.dll","1.0","2021-10-22T23:41:16Z","fethy.faradji@infopro-digital.com"
"14/09/2026 10:17:29","source/repos/SF_VIEWER_AO_SIM/packages/System.Text.Json.6.0.0/analyzers/dotnet/roslyn4.0/cs/fr/System.Text.Json.SourceGeneration.resources.dll","1.0","2021-10-22T23:41:16Z","fethy.faradji@infopro-digital.com"
"14/09/2026 10:17:31","source/repos/SF_VIEWER_AO_SIM/packages/System.Text.Json.6.0.0/analyzers/dotnet/roslyn4.0/cs/it/System.Text.Json.SourceGeneration.resources.dll","1.0","2021-10-22T23:41:16Z","fethy.faradji@infopro-digital.com"
"14/09/2026 10:17:31","source/repos/SF_VIEWER_AO_SIM/packages/System.Text.Json.6.0.0/analyzers/dotnet/roslyn4.0/cs/ja/System.Text.Json.SourceGeneration.resources.dll","1.0","2021-10-22T23:41:16Z","fethy.faradji@infopro-digital.com"
"14/09/2026 10:17:35","source/repos/SF_VIEWER_AO_SIM/packages/System.Text.Json.6.0.0/analyzers/dotnet/roslyn4.0/cs/ko/System.Text.Json.SourceGeneration.resources.dll","1.0","2021-10-22T23:41:16Z","fethy.faradji@infopro-digital.com"
"14/09/2026 10:17:36","source/repos/SF_VIEWER_AO_SIM/packages/System.Text.Json.6.0.0/analyzers/dotnet/roslyn4.0/cs/pl/System.Text.Json.SourceGeneration.resources.dll","1.0","2021-10-22T23:41:16Z","fethy.faradji@infopro-digital.com"
"14/09/2026 10:17:36","source/repos/SF_VIEWER_AO_SIM/packages/System.Text.Json.6.0.0/analyzers/dotnet/roslyn4.0/cs/pt-BR/System.Text.Json.SourceGeneration.resources.dll","1.0","2021-10-22T23:41:16Z","fethy.faradji@infopro-digital.com"
"14/09/2026 10:17:38","source/repos/SF_VIEWER_AO_SIM/packages/System.Text.Json.6.0.0/analyzers/dotnet/roslyn4.0/cs/ru/System.Text.Json.SourceGeneration.resources.dll","1.0","2021-10-22T23:41:16Z","fethy.faradji@infopro-digital.com"
"14/09/2026 10:17:40","source/repos/SF_VIEWER_AO_SIM/packages/System.Text.Json.6.0.0/analyzers/dotnet/roslyn4.0/cs/tr/System.Text.Json.SourceGeneration.resources.dll","1.0","2021-10-22T23:41:16Z","fethy.faradji@infopro-digital.com"
"14/09/2026 10:17:42","source/repos/SF_VIEWER_AO_SIM/packages/System.Text.Json.6.0.0/analyzers/dotnet/roslyn4.0/cs/zh-Hant/System.Text.Json.SourceGeneration.resources.dll","1.0","2021-10-22T23:41:16Z","fethy.faradji@infopro-digital.com"
"14/09/2026 10:17:42","source/repos/SF_VIEWER_AO_SIM/packages/System.Text.Json.6.0.0/analyzers/dotnet/roslyn4.0/cs/zh-Hans/System.Text.Json.SourceGeneration.resources.dll","1.0","2021-10-22T23:41:16Z","fethy.faradji@infopro-digital.com"
"14/09/2026 10:17:43","source/repos/SF_VIEWER_AO_SIM/packages/System.Text.Json.6.0.0/analyzers/dotnet/roslyn4.0/cs/System.Text.Json.SourceGeneration.dll","1.0","2021-10-22T23:41:16Z","fethy.faradji@infopro-digital.com"
"14/09/2026 10:17:46","source/repos/SF_VIEWER_AO_SIM/packages/System.Text.Json.6.0.0/build/System.Text.Json.targets","1.0","2021-10-22T23:45:28Z","fethy.faradji@infopro-digital.com"
"14/09/2026 10:17:47","source/repos/SF_VIEWER_AO_SIM/packages/System.Text.Json.6.0.0/buildTransitive/netcoreapp2.0/System.Text.Json.targets","1.0","2021-10-22T23:45:10Z","fethy.faradji@infopro-digital.com"
"14/09/2026 10:17:47","source/repos/SF_VIEWER_AO_SIM/packages/System.Text.Json.6.0.0/buildTransitive/netcoreapp3.1/_._","1.0","2021-10-22T23:32:20Z","fethy.faradji@infopro-digital.com"
"14/09/2026 10:17:49","source/repos/SF_VIEWER_AO_SIM/packages/System.Text.Json.6.0.0/lib/net461/System.Text.Json.dll","1.0","2021-10-22T23:44:26Z","fethy.faradji@infopro-digital.com"
"14/09/2026 10:17:51","source/repos/SF_VIEWER_AO_SIM/packages/System.Text.Json.6.0.0/lib/net461/System.Text.Json.xml","1.0","2021-10-19T07:14:20Z","fethy.faradji@infopro-digital.com"
"14/09/2026 10:17:53","source/repos/SF_VIEWER_AO_SIM/packages/System.Text.Json.6.0.0/lib/net6.0/System.Text.Json.dll","1.0","2021-10-22T23:44:22Z","fethy.faradji@infopro-digital.com"
"14/09/2026 10:17:53","source/repos/SF_VIEWER_AO_SIM/packages/System.Text.Json.6.0.0/lib/net6.0/System.Text.Json.xml","1.0","2021-10-19T07:14:20Z","fethy.faradji@infopro-digital.com"
"14/09/2026 10:17:54","source/repos/SF_VIEWER_AO_SIM/packages/System.Text.Json.6.0.0/lib/netcoreapp3.1/System.Text.Json.dll","1.0","2021-10-22T23:44:34Z","fethy.faradji@infopro-digital.com"
"14/09/2026 10:17:55","source/repos/SF_VIEWER_AO_SIM/packages/System.Text.Json.6.0.0/lib/netcoreapp3.1/System.Text.Json.xml","1.0","2021-10-19T07:14:20Z","fethy.faradji@infopro-digital.com"
"14/09/2026 10:17:58","source/repos/SF_VIEWER_AO_SIM/packages/System.Text.Json.6.0.0/lib/netstandard2.0/System.Text.Json.dll","1.0","2021-10-22T23:45:06Z","fethy.faradji@infopro-digital.com"
"14/09/2026 10:17:59","source/repos/SF_VIEWER_AO_SIM/packages/System.Text.Json.6.0.0/lib/netstandard2.0/System.Text.Json.xml","1.0","2021-10-19T07:14:20Z","fethy.faradji@infopro-digital.com"
"14/09/2026 10:17:59","source/repos/SF_VIEWER_AO_SIM/packages/System.Text.Json.6.0.0/.signature.p7s","1.0","2021-11-07T22:36:08Z","fethy.faradji@infopro-digital.com"
"14/09/2026 10:18:01","source/repos/SF_VIEWER_AO_SIM/packages/System.Text.Json.6.0.0/Icon.png","1.0","2021-10-22T18:16:38Z","fethy.faradji@infopro-digital.com"
"14/09/2026 10:18:04","source/repos/SF_VIEWER_AO_SIM/packages/System.Text.Json.6.0.0/LICENSE.TXT","1.0","2021-10-22T23:32:20Z","fethy.faradji@infopro-digital.com"
"14/09/2026 10:18:04","source/repos/SF_VIEWER_AO_SIM/packages/System.Text.Json.6.0.0/System.Text.Json.6.0.0.nupkg","1.0","2023-11-06T08:25:44Z","fethy.faradji@infopro-digital.com"
"14/09/2026 10:18:05","source/repos/SF_VIEWER_AO_SIM/packages/System.Text.Json.6.0.0/useSharedDesignerContext.txt","1.0","2021-10-22T23:32:20Z","fethy.faradji@infopro-digital.com"
"14/09/2026 10:18:06","source/repos/SF_VIEWER_AO_SIM/packages/System.Text.Json.6.0.0/THIRD-PARTY-NOTICES.TXT","1.0","2021-10-22T23:32:20Z","fethy.faradji@infopro-digital.com"
"14/09/2026 10:18:10","source/repos/SF_VIEWER_AO_SIM/packages/System.Threading.Tasks.Extensions.4.5.4/lib/MonoAndroid10/_._","1.0","2020-02-19T10:05:18Z","fethy.faradji@infopro-digital.com"
"14/09/2026 10:18:10","source/repos/SF_VIEWER_AO_SIM/packages/System.Threading.Tasks.Extensions.4.5.4/lib/MonoTouch10/_._","1.0","2020-02-19T10:05:18Z","fethy.faradji@infopro-digital.com"
"14/09/2026 10:18:11","source/repos/SF_VIEWER_AO_SIM/packages/System.Threading.Tasks.Extensions.4.5.4/lib/net461/System.Threading.Tasks.Extensions.dll","1.0","2020-02-19T10:05:18Z","fethy.faradji@infopro-digital.com"
"14/09/2026 10:18:12","source/repos/SF_VIEWER_AO_SIM/packages/System.Threading.Tasks.Extensions.4.5.4/lib/net461/System.Threading.Tasks.Extensions.xml","1.0","2020-02-19T10:05:18Z","fethy.faradji@infopro-digital.com"
"14/09/2026 10:18:15","source/repos/SF_VIEWER_AO_SIM/packages/System.Threading.Tasks.Extensions.4.5.4/lib/netcoreapp2.1/_._","1.0","2020-02-19T10:05:18Z","fethy.faradji@infopro-digital.com"
"14/09/2026 10:18:16","source/repos/SF_VIEWER_AO_SIM/packages/System.Threading.Tasks.Extensions.4.5.4/lib/netstandard1.0/System.Threading.Tasks.Extensions.dll","1.0","2020-02-19T10:05:18Z","fethy.faradji@infopro-digital.com"
"14/09/2026 10:18:17","source/repos/SF_VIEWER_AO_SIM/packages/System.Threading.Tasks.Extensions.4.5.4/lib/netstandard1.0/System.Threading.Tasks.Extensions.xml","1.0","2020-02-19T10:05:18Z","fethy.faradji@infopro-digital.com"
"14/09/2026 10:18:17","source/repos/SF_VIEWER_AO_SIM/packages/System.Threading.Tasks.Extensions.4.5.4/lib/netstandard2.0/System.Threading.Tasks.Extensions.dll","1.0","2020-02-19T10:05:18Z","fethy.faradji@infopro-digital.com"
"14/09/2026 10:18:20","source/repos/SF_VIEWER_AO_SIM/packages/System.Threading.Tasks.Extensions.4.5.4/lib/netstandard2.0/System.Threading.Tasks.Extensions.xml","1.0","2020-02-19T10:05:18Z","fethy.faradji@infopro-digital.com"
"14/09/2026 10:18:21","source/repos/SF_VIEWER_AO_SIM/packages/System.Threading.Tasks.Extensions.4.5.4/lib/portable-net45+win8+wp8+wpa81/System.Threading.Tasks.Extensions.dll","1.0","2020-02-19T10:05:18Z","fethy.faradji@infopro-digital.com"
"14/09/2026 10:18:22","source/repos/SF_VIEWER_AO_SIM/packages/System.Threading.Tasks.Extensions.4.5.4/lib/portable-net45+win8+wp8+wpa81/System.Threading.Tasks.Extensions.xml","1.0","2020-02-19T10:05:18Z","fethy.faradji@infopro-digital.com"
"14/09/2026 10:18:23","source/repos/SF_VIEWER_AO_SIM/packages/System.Threading.Tasks.Extensions.4.5.4/lib/xamarinios10/_._","1.0","2020-02-19T10:05:18Z","fethy.faradji@infopro-digital.com"
"14/09/2026 10:18:25","source/repos/SF_VIEWER_AO_SIM/packages/System.Threading.Tasks.Extensions.4.5.4/lib/xamarinmac20/_._","1.0","2020-02-19T10:05:18Z","fethy.faradji@infopro-digital.com"
"14/09/2026 10:18:27","source/repos/SF_VIEWER_AO_SIM/packages/System.Threading.Tasks.Extensions.4.5.4/lib/xamarinwatchos10/_._","1.0","2020-02-19T10:05:18Z","fethy.faradji@infopro-digital.com"
"14/09/2026 10:18:27","source/repos/SF_VIEWER_AO_SIM/packages/System.Threading.Tasks.Extensions.4.5.4/lib/xamarintvos10/_._","1.0","2020-02-19T10:05:18Z","fethy.faradji@infopro-digital.com"
"14/09/2026 10:18:29","source/repos/SF_VIEWER_AO_SIM/packages/System.Threading.Tasks.Extensions.4.5.4/ref/MonoAndroid10/_._","1.0","2020-02-19T10:05:18Z","fethy.faradji@infopro-digital.com"
"14/09/2026 10:18:31","source/repos/SF_VIEWER_AO_SIM/packages/System.Threading.Tasks.Extensions.4.5.4/ref/MonoTouch10/_._","1.0","2020-02-19T10:05:18Z","fethy.faradji@infopro-digital.com"
"14/09/2026 10:18:33","source/repos/SF_VIEWER_AO_SIM/packages/System.Threading.Tasks.Extensions.4.5.4/ref/netcoreapp2.1/_._","1.0","2020-02-19T10:05:18Z","fethy.faradji@infopro-digital.com"
"14/09/2026 10:18:33","source/repos/SF_VIEWER_AO_SIM/packages/System.Threading.Tasks.Extensions.4.5.4/ref/xamarinios10/_._","1.0","2020-02-19T10:05:18Z","fethy.faradji@infopro-digital.com"
"14/09/2026 10:18:35","source/repos/SF_VIEWER_AO_SIM/packages/System.Threading.Tasks.Extensions.4.5.4/ref/xamarinmac20/_._","1.0","2020-02-19T10:05:18Z","fethy.faradji@infopro-digital.com"
"14/09/2026 10:18:37","source/repos/SF_VIEWER_AO_SIM/packages/System.Threading.Tasks.Extensions.4.5.4/ref/xamarintvos10/_._","1.0","2020-02-19T10:05:18Z","fethy.faradji@infopro-digital.com"
"14/09/2026 10:18:39","source/repos/SF_VIEWER_AO_SIM/packages/System.Threading.Tasks.Extensions.4.5.4/.signature.p7s","1.0","2020-03-24T13:10:24Z","fethy.faradji@infopro-digital.com"
"14/09/2026 10:18:39","source/repos/SF_VIEWER_AO_SIM/packages/System.Threading.Tasks.Extensions.4.5.4/ref/xamarinwatchos10/_._","1.0","2020-02-19T10:05:18Z","fethy.faradji@infopro-digital.com"
"14/09/2026 10:18:40","source/repos/SF_VIEWER_AO_SIM/packages/System.Threading.Tasks.Extensions.4.5.4/LICENSE.TXT","1.0","2020-02-19T10:05:18Z","fethy.faradji@infopro-digital.com"
"14/09/2026 10:18:42","source/repos/SF_VIEWER_AO_SIM/packages/System.Threading.Tasks.Extensions.4.5.4/System.Threading.Tasks.Extensions.4.5.4.nupkg","1.0","2023-11-06T08:25:43Z","fethy.faradji@infopro-digital.com"
"14/09/2026 10:18:44","source/repos/SF_VIEWER_AO_SIM/packages/System.Threading.Tasks.Extensions.4.5.4/THIRD-PARTY-NOTICES.TXT","1.0","2020-02-19T10:05:18Z","fethy.faradji@infopro-digital.com"
"14/09/2026 10:18:44","source/repos/SF_VIEWER_AO_SIM/packages/System.Threading.Tasks.Extensions.4.5.4/useSharedDesignerContext.txt","1.0","2020-02-19T10:05:18Z","fethy.faradji@infopro-digital.com"
"14/09/2026 10:18:46","source/repos/SF_VIEWER_AO_SIM/packages/System.Threading.Tasks.Extensions.4.5.4/version.txt","1.0","2020-02-19T10:05:18Z","fethy.faradji@infopro-digital.com"
"14/09/2026 10:18:49","source/repos/SF_VIEWER_AO_SIM/packages/System.ValueTuple.4.5.0/lib/MonoTouch10/_._","1.0","2018-05-15T13:29:52Z","fethy.faradji@infopro-digital.com"
"14/09/2026 10:18:49","source/repos/SF_VIEWER_AO_SIM/packages/System.ValueTuple.4.5.0/lib/MonoAndroid10/_._","1.0","2018-05-15T13:29:52Z","fethy.faradji@infopro-digital.com"
"14/09/2026 10:18:51","source/repos/SF_VIEWER_AO_SIM/packages/System.ValueTuple.4.5.0/lib/net461/System.ValueTuple.dll","1.0","2018-05-15T13:29:52Z","fethy.faradji@infopro-digital.com"
"14/09/2026 10:18:53","source/repos/SF_VIEWER_AO_SIM/packages/System.ValueTuple.4.5.0/lib/net461/System.ValueTuple.xml","1.0","2018-05-15T13:29:52Z","fethy.faradji@infopro-digital.com"
"14/09/2026 10:18:54","source/repos/SF_VIEWER_AO_SIM/packages/System.ValueTuple.4.5.0/lib/net47/System.ValueTuple.dll","1.0","2018-05-15T13:29:52Z","fethy.faradji@infopro-digital.com"
"14/09/2026 10:18:54","source/repos/SF_VIEWER_AO_SIM/packages/System.ValueTuple.4.5.0/lib/net47/System.ValueTuple.xml","1.0","2018-05-15T13:29:52Z","fethy.faradji@infopro-digital.com"
"14/09/2026 10:18:56","source/repos/SF_VIEWER_AO_SIM/packages/System.ValueTuple.4.5.0/lib/netcoreapp2.0/_._","1.0","2018-05-15T13:29:52Z","fethy.faradji@infopro-digital.com"
"14/09/2026 10:18:58","source/repos/SF_VIEWER_AO_SIM/packages/System.ValueTuple.4.5.0/lib/netstandard1.0/System.ValueTuple.dll","1.0","2018-05-15T13:29:52Z","fethy.faradji@infopro-digital.com"
"14/09/2026 10:18:59","source/repos/SF_VIEWER_AO_SIM/packages/System.ValueTuple.4.5.0/lib/netstandard1.0/System.ValueTuple.xml","1.0","2018-05-15T13:29:52Z","fethy.faradji@infopro-digital.com"
"14/09/2026 10:19:00","source/repos/SF_VIEWER_AO_SIM/packages/System.ValueTuple.4.5.0/lib/netstandard2.0/_._","1.0","2018-05-15T13:29:52Z","fethy.faradji@infopro-digital.com"
"14/09/2026 10:19:02","source/repos/SF_VIEWER_AO_SIM/packages/System.ValueTuple.4.5.0/lib/portable-net40+sl4+win8+wp8/System.ValueTuple.dll","1.0","2018-05-15T13:29:52Z","fethy.faradji@infopro-digital.com"
"14/09/2026 10:19:02","source/repos/SF_VIEWER_AO_SIM/packages/System.ValueTuple.4.5.0/lib/portable-net40+sl4+win8+wp8/System.ValueTuple.xml","1.0","2018-05-15T13:29:52Z","fethy.faradji@infopro-digital.com"
"14/09/2026 10:19:05","source/repos/SF_VIEWER_AO_SIM/packages/System.ValueTuple.4.5.0/lib/uap10.0.16299/_._","1.0","2018-05-15T13:29:52Z","fethy.faradji@infopro-digital.com"
"14/09/2026 10:19:06","source/repos/SF_VIEWER_AO_SIM/packages/System.ValueTuple.4.5.0/lib/xamarinios10/_._","1.0","2018-05-15T13:29:52Z","fethy.faradji@infopro-digital.com"
"14/09/2026 10:19:08","source/repos/SF_VIEWER_AO_SIM/packages/System.ValueTuple.4.5.0/lib/xamarintvos10/_._","1.0","2018-05-15T13:29:52Z","fethy.faradji@infopro-digital.com"
"14/09/2026 10:19:08","source/repos/SF_VIEWER_AO_SIM/packages/System.ValueTuple.4.5.0/lib/xamarinmac20/_._","1.0","2018-05-15T13:29:52Z","fethy.faradji@infopro-digital.com"
"14/09/2026 10:19:11","source/repos/SF_VIEWER_AO_SIM/packages/System.ValueTuple.4.5.0/lib/xamarinwatchos10/_._","1.0","2018-05-15T13:29:52Z","fethy.faradji@infopro-digital.com"
"14/09/2026 10:19:13","source/repos/SF_VIEWER_AO_SIM/packages/System.ValueTuple.4.5.0/ref/MonoAndroid10/_._","1.0","2018-05-15T13:29:52Z","fethy.faradji@infopro-digital.com"
"14/09/2026 10:19:15","source/repos/SF_VIEWER_AO_SIM/packages/System.ValueTuple.4.5.0/ref/MonoTouch10/_._","1.0","2018-05-15T13:29:52Z","fethy.faradji@infopro-digital.com"
"14/09/2026 10:19:15","source/repos/SF_VIEWER_AO_SIM/packages/System.ValueTuple.4.5.0/ref/net461/System.ValueTuple.dll","1.0","2018-05-15T13:29:52Z","fethy.faradji@infopro-digital.com"
"14/09/2026 10:19:16","source/repos/SF_VIEWER_AO_SIM/packages/System.ValueTuple.4.5.0/ref/net47/System.ValueTuple.dll","1.0","2018-05-15T13:29:52Z","fethy.faradji@infopro-digital.com"
"14/09/2026 10:19:19","source/repos/SF_VIEWER_AO_SIM/packages/System.ValueTuple.4.5.0/ref/netcoreapp2.0/_._","1.0","2018-05-15T13:29:52Z","fethy.faradji@infopro-digital.com"
"14/09/2026 10:19:20","source/repos/SF_VIEWER_AO_SIM/packages/System.ValueTuple.4.5.0/ref/netstandard2.0/_._","1.0","2018-05-15T13:29:52Z","fethy.faradji@infopro-digital.com"
"14/09/2026 10:19:21","source/repos/SF_VIEWER_AO_SIM/packages/System.ValueTuple.4.5.0/ref/portable-net40+sl4+win8+wp8/System.ValueTuple.dll","1.0","2018-05-15T13:29:52Z","fethy.faradji@infopro-digital.com"
"14/09/2026 10:19:22","source/repos/SF_VIEWER_AO_SIM/packages/System.ValueTuple.4.5.0/ref/uap10.0.16299/_._","1.0","2018-05-15T13:29:52Z","fethy.faradji@infopro-digital.com"
"14/09/2026 10:19:25","source/repos/SF_VIEWER_AO_SIM/packages/System.ValueTuple.4.5.0/ref/xamarinios10/_._","1.0","2018-05-15T13:29:52Z","fethy.faradji@infopro-digital.com"
"14/09/2026 10:19:26","source/repos/SF_VIEWER_AO_SIM/packages/System.ValueTuple.4.5.0/ref/xamarinmac20/_._","1.0","2018-05-15T13:29:52Z","fethy.faradji@infopro-digital.com"
"14/09/2026 10:19:27","source/repos/SF_VIEWER_AO_SIM/packages/System.ValueTuple.4.5.0/ref/xamarintvos10/_._","1.0","2018-05-15T13:29:52Z","fethy.faradji@infopro-digital.com"
"14/09/2026 10:19:28","source/repos/SF_VIEWER_AO_SIM/packages/System.ValueTuple.4.5.0/ref/xamarinwatchos10/_._","1.0","2018-05-15T13:29:52Z","fethy.faradji@infopro-digital.com"
"14/09/2026 10:19:31","source/repos/SF_VIEWER_AO_SIM/packages/System.ValueTuple.4.5.0/.signature.p7s","1.0","2018-12-17T16:20:26Z","fethy.faradji@infopro-digital.com"
"14/09/2026 10:19:31","source/repos/SF_VIEWER_AO_SIM/packages/System.ValueTuple.4.5.0/LICENSE.TXT","1.0","2018-05-15T13:29:52Z","fethy.faradji@infopro-digital.com"
"14/09/2026 10:19:32","source/repos/SF_VIEWER_AO_SIM/packages/System.ValueTuple.4.5.0/System.ValueTuple.4.5.0.nupkg","1.0","2023-11-06T08:25:44Z","fethy.faradji@infopro-digital.com"
"14/09/2026 10:19:32","source/repos/SF_VIEWER_AO_SIM/packages/System.ValueTuple.4.5.0/THIRD-PARTY-NOTICES.TXT","1.0","2018-05-15T13:29:52Z","fethy.faradji@infopro-digital.com"
"14/09/2026 10:19:35","source/repos/SF_VIEWER_AO_SIM/packages/System.ValueTuple.4.5.0/useSharedDesignerContext.txt","1.0","2018-05-15T13:29:52Z","fethy.faradji@infopro-digital.com"
"14/09/2026 10:19:36","source/repos/SF_VIEWER_AO_SIM/packages/System.ValueTuple.4.5.0/version.txt","1.0","2018-05-15T13:29:52Z","fethy.faradji@infopro-digital.com"
"14/09/2026 10:19:38","source/repos/SF_VIEWER_AO_SIM/packages/WebGrease.1.6.0/lib/WebGrease.dll","1.0","2014-01-23T13:57:34Z","fethy.faradji@infopro-digital.com"
"14/09/2026 10:19:38","source/repos/SF_VIEWER_AO_SIM/packages/WebGrease.1.6.0/tools/WG.EXE","1.0","2014-01-23T13:57:34Z","fethy.faradji@infopro-digital.com"
"14/09/2026 10:19:41","source/repos/SF_VIEWER_AO_SIM/packages/WebGrease.1.6.0/.signature.p7s","1.0","2018-12-13T13:58:30Z","fethy.faradji@infopro-digital.com"
"14/09/2026 10:19:42","source/repos/SF_VIEWER_AO_SIM/packages/WebGrease.1.6.0/WebGrease.1.6.0.nupkg","1.0","2023-11-06T08:25:44Z","fethy.faradji@infopro-digital.com"
"14/09/2026 10:19:44","source/repos/SF_VIEWER_AO_SIM/SF_VIEWER_AO_SIM/App_Start/BundleConfig.cs","1.0","2023-11-06T08:21:08Z","fethy.faradji@infopro-digital.com"
"14/09/2026 10:19:44","source/repos/SF_VIEWER_AO_SIM/SF_VIEWER_AO_SIM/App_Start/RouteConfig.cs","1.0","2023-11-06T08:21:08Z","fethy.faradji@infopro-digital.com"
"14/09/2026 10:19:47","source/repos/SF_VIEWER_AO_SIM/SF_VIEWER_AO_SIM/bin/fr/Microsoft.AspNet.FriendlyUrls.resources.dll","1.0","2013-07-30T17:01:48Z","fethy.faradji@infopro-digital.com"
"14/09/2026 10:19:47","source/repos/SF_VIEWER_AO_SIM/SF_VIEWER_AO_SIM/bin/fr/System.Web.Optimization.resources.dll","1.0","2014-02-11T15:28:42Z","fethy.faradji@infopro-digital.com"
"14/09/2026 10:19:48","source/repos/SF_VIEWER_AO_SIM/SF_VIEWER_AO_SIM/bin/roslyn/csc.exe","1.0","2018-08-08T05:38:48Z","fethy.faradji@infopro-digital.com"
"14/09/2026 10:19:49","source/repos/SF_VIEWER_AO_SIM/SF_VIEWER_AO_SIM/bin/roslyn/csc.exe.config","1.0","2018-08-08T12:18:12Z","fethy.faradji@infopro-digital.com"
"14/09/2026 10:19:50","source/repos/SF_VIEWER_AO_SIM/SF_VIEWER_AO_SIM/bin/roslyn/csc.rsp","1.0","2018-08-08T12:09:42Z","fethy.faradji@infopro-digital.com"
"14/09/2026 10:19:51","source/repos/SF_VIEWER_AO_SIM/SF_VIEWER_AO_SIM/bin/roslyn/csi.exe","1.0","2018-08-08T05:38:48Z","fethy.faradji@infopro-digital.com"
"14/09/2026 10:19:52","source/repos/SF_VIEWER_AO_SIM/SF_VIEWER_AO_SIM/bin/roslyn/csi.exe.config","1.0","2018-08-08T12:18:34Z","fethy.faradji@infopro-digital.com"
"14/09/2026 10:19:54","source/repos/SF_VIEWER_AO_SIM/SF_VIEWER_AO_SIM/bin/roslyn/csi.rsp","1.0","2018-08-08T12:09:56Z","fethy.faradji@infopro-digital.com"
"14/09/2026 10:19:54","source/repos/SF_VIEWER_AO_SIM/SF_VIEWER_AO_SIM/bin/roslyn/Microsoft.Build.Tasks.CodeAnalysis.dll","1.0","2018-08-08T05:38:48Z","fethy.faradji@infopro-digital.com"
"14/09/2026 10:19:55","source/repos/SF_VIEWER_AO_SIM/SF_VIEWER_AO_SIM/bin/roslyn/Microsoft.CodeAnalysis.CSharp.dll","1.0","2018-08-08T05:38:48Z","fethy.faradji@infopro-digital.com"
"14/09/2026 10:19:56","source/repos/SF_VIEWER_AO_SIM/SF_VIEWER_AO_SIM/bin/roslyn/Microsoft.CodeAnalysis.CSharp.Scripting.dll","1.0","2018-08-08T05:38:48Z","fethy.faradji@infopro-digital.com"
"14/09/2026 10:19:57","source/repos/SF_VIEWER_AO_SIM/SF_VIEWER_AO_SIM/bin/roslyn/Microsoft.CodeAnalysis.dll","1.0","2018-08-08T05:38:48Z","fethy.faradji@infopro-digital.com"
"14/09/2026 10:19:58","source/repos/SF_VIEWER_AO_SIM/SF_VIEWER_AO_SIM/bin/roslyn/Microsoft.CodeAnalysis.Scripting.dll","1.0","2018-08-08T05:38:48Z","fethy.faradji@infopro-digital.com"
"14/09/2026 10:19:59","source/repos/SF_VIEWER_AO_SIM/SF_VIEWER_AO_SIM/bin/roslyn/Microsoft.CSharp.Core.targets","1.0","2018-08-08T12:09:42Z","fethy.faradji@infopro-digital.com"
"14/09/2026 10:19:59","source/repos/SF_VIEWER_AO_SIM/SF_VIEWER_AO_SIM/bin/roslyn/Microsoft.CodeAnalysis.VisualBasic.dll","1.0","2018-08-08T05:38:48Z","fethy.faradji@infopro-digital.com"
"14/09/2026 10:20:01","source/repos/SF_VIEWER_AO_SIM/SF_VIEWER_AO_SIM/bin/roslyn/Microsoft.DiaSymReader.Native.amd64.dll","1.0","2017-12-05T09:36:44Z","fethy.faradji@infopro-digital.com"
"14/09/2026 10:20:03","source/repos/SF_VIEWER_AO_SIM/SF_VIEWER_AO_SIM/bin/roslyn/Microsoft.DiaSymReader.Native.x86.dll","1.0","2017-12-05T09:36:44Z","fethy.faradji@infopro-digital.com"
"14/09/2026 10:20:03","source/repos/SF_VIEWER_AO_SIM/SF_VIEWER_AO_SIM/bin/roslyn/Microsoft.Managed.Core.targets","1.0","2018-08-08T12:09:42Z","fethy.faradji@infopro-digital.com"
"14/09/2026 10:20:04","source/repos/SF_VIEWER_AO_SIM/SF_VIEWER_AO_SIM/bin/roslyn/Microsoft.VisualBasic.Core.targets","1.0","2018-08-08T12:09:42Z","fethy.faradji@infopro-digital.com"
"14/09/2026 10:20:06","source/repos/SF_VIEWER_AO_SIM/SF_VIEWER_AO_SIM/bin/roslyn/Microsoft.Win32.Primitives.dll","1.0","2016-11-05T18:55:32Z","fethy.faradji@infopro-digital.com"
"14/09/2026 10:20:07","source/repos/SF_VIEWER_AO_SIM/SF_VIEWER_AO_SIM/bin/roslyn/System.AppContext.dll","1.0","2016-11-05T18:55:34Z","fethy.faradji@infopro-digital.com"
"14/09/2026 10:20:08","source/repos/SF_VIEWER_AO_SIM/SF_VIEWER_AO_SIM/bin/roslyn/System.Collections.Immutable.dll","1.0","2018-05-16T03:29:34Z","fethy.faradji@infopro-digital.com"
"14/09/2026 10:20:09","source/repos/SF_VIEWER_AO_SIM/SF_VIEWER_AO_SIM/bin/roslyn/System.Console.dll","1.0","2016-11-05T18:55:48Z","fethy.faradji@infopro-digital.com"
"14/09/2026 10:20:10","source/repos/SF_VIEWER_AO_SIM/SF_VIEWER_AO_SIM/bin/roslyn/System.Diagnostics.DiagnosticSource.dll","1.0","2016-11-05T18:55:52Z","fethy.faradji@infopro-digital.com"
"14/09/2026 10:20:11","source/repos/SF_VIEWER_AO_SIM/SF_VIEWER_AO_SIM/bin/roslyn/System.Diagnostics.FileVersionInfo.dll","1.0","2016-11-05T18:55:56Z","fethy.faradji@infopro-digital.com"
"14/09/2026 10:20:12","source/repos/SF_VIEWER_AO_SIM/SF_VIEWER_AO_SIM/bin/roslyn/System.Diagnostics.StackTrace.dll","1.0","2016-11-05T18:55:52Z","fethy.faradji@infopro-digital.com"
"14/09/2026 10:20:13","source/repos/SF_VIEWER_AO_SIM/SF_VIEWER_AO_SIM/bin/roslyn/System.Globalization.Calendars.dll","1.0","2016-11-05T18:56:02Z","fethy.faradji@infopro-digital.com"
"14/09/2026 10:20:14","source/repos/SF_VIEWER_AO_SIM/SF_VIEWER_AO_SIM/bin/roslyn/System.IO.Compression.dll","1.0","2016-11-05T18:56:08Z","fethy.faradji@infopro-digital.com"
"14/09/2026 10:20:14","source/repos/SF_VIEWER_AO_SIM/SF_VIEWER_AO_SIM/bin/roslyn/System.IO.Compression.ZipFile.dll","1.0","2016-11-05T18:56:04Z","fethy.faradji@infopro-digital.com"
"14/09/2026 10:20:16","source/repos/SF_VIEWER_AO_SIM/SF_VIEWER_AO_SIM/bin/roslyn/System.IO.FileSystem.dll","1.0","2016-11-05T18:56:08Z","fethy.faradji@infopro-digital.com"
"14/09/2026 10:20:17","source/repos/SF_VIEWER_AO_SIM/SF_VIEWER_AO_SIM/bin/roslyn/System.IO.FileSystem.Primitives.dll","1.0","2016-11-05T18:56:08Z","fethy.faradji@infopro-digital.com"
"14/09/2026 10:20:17","source/repos/SF_VIEWER_AO_SIM/SF_VIEWER_AO_SIM/bin/roslyn/System.Net.Http.dll","1.0","2016-11-05T18:56:30Z","fethy.faradji@infopro-digital.com"
"14/09/2026 10:20:18","source/repos/SF_VIEWER_AO_SIM/SF_VIEWER_AO_SIM/bin/roslyn/System.Net.Sockets.dll","1.0","2016-11-05T18:56:34Z","fethy.faradji@infopro-digital.com"
"14/09/2026 10:20:20","source/repos/SF_VIEWER_AO_SIM/SF_VIEWER_AO_SIM/bin/roslyn/System.Reflection.Metadata.dll","1.0","2018-05-16T03:29:44Z","fethy.faradji@infopro-digital.com"
"14/09/2026 10:20:21","source/repos/SF_VIEWER_AO_SIM/SF_VIEWER_AO_SIM/bin/roslyn/System.Runtime.InteropServices.RuntimeInformation.dll","1.0","2016-11-05T18:57:00Z","fethy.faradji@infopro-digital.com"
"14/09/2026 10:20:21","source/repos/SF_VIEWER_AO_SIM/SF_VIEWER_AO_SIM/bin/roslyn/System.Security.Cryptography.Algorithms.dll","1.0","2016-11-05T18:57:14Z","fethy.faradji@infopro-digital.com"
"14/09/2026 10:20:22","source/repos/SF_VIEWER_AO_SIM/SF_VIEWER_AO_SIM/bin/roslyn/System.Security.Cryptography.Encoding.dll","1.0","2016-11-05T18:57:08Z","fethy.faradji@infopro-digital.com"
"14/09/2026 10:20:24","source/repos/SF_VIEWER_AO_SIM/SF_VIEWER_AO_SIM/bin/roslyn/System.Security.Cryptography.Primitives.dll","1.0","2016-11-05T18:57:18Z","fethy.faradji@infopro-digital.com"
"14/09/2026 10:20:25","source/repos/SF_VIEWER_AO_SIM/SF_VIEWER_AO_SIM/bin/roslyn/System.Security.Cryptography.X509Certificates.dll","1.0","2016-11-05T18:57:18Z","fethy.faradji@infopro-digital.com"
"14/09/2026 10:20:26","source/repos/SF_VIEWER_AO_SIM/SF_VIEWER_AO_SIM/bin/roslyn/System.Text.Encoding.CodePages.dll","1.0","2016-11-05T18:57:20Z","fethy.faradji@infopro-digital.com"
"14/09/2026 10:20:27","source/repos/SF_VIEWER_AO_SIM/SF_VIEWER_AO_SIM/bin/roslyn/System.Threading.Tasks.Extensions.dll","1.0","2016-11-05T18:57:24Z","fethy.faradji@infopro-digital.com"
"14/09/2026 10:20:28","source/repos/SF_VIEWER_AO_SIM/SF_VIEWER_AO_SIM/bin/roslyn/System.ValueTuple.dll","1.0","2016-11-05T18:57:30Z","fethy.faradji@infopro-digital.com"
"14/09/2026 10:20:29","source/repos/SF_VIEWER_AO_SIM/SF_VIEWER_AO_SIM/bin/roslyn/System.Xml.ReaderWriter.dll","1.0","2016-11-05T18:57:36Z","fethy.faradji@infopro-digital.com"
"14/09/2026 10:20:30","source/repos/SF_VIEWER_AO_SIM/SF_VIEWER_AO_SIM/bin/roslyn/System.Xml.XmlDocument.dll","1.0","2016-11-05T18:57:34Z","fethy.faradji@infopro-digital.com"
"14/09/2026 10:20:31","source/repos/SF_VIEWER_AO_SIM/SF_VIEWER_AO_SIM/bin/roslyn/System.Xml.XPath.dll","1.0","2016-11-05T18:57:40Z","fethy.faradji@infopro-digital.com"
"14/09/2026 10:20:32","source/repos/SF_VIEWER_AO_SIM/SF_VIEWER_AO_SIM/bin/roslyn/System.Xml.XPath.XDocument.dll","1.0","2016-11-05T18:57:34Z","fethy.faradji@infopro-digital.com"
"14/09/2026 10:20:34","source/repos/SF_VIEWER_AO_SIM/SF_VIEWER_AO_SIM/bin/roslyn/vbc.exe","1.0","2018-08-08T05:38:48Z","fethy.faradji@infopro-digital.com"
"14/09/2026 10:20:34","source/repos/SF_VIEWER_AO_SIM/SF_VIEWER_AO_SIM/bin/roslyn/vbc.exe.config","1.0","2018-08-08T12:18:18Z","fethy.faradji@infopro-digital.com"
"14/09/2026 10:20:35","source/repos/SF_VIEWER_AO_SIM/SF_VIEWER_AO_SIM/bin/roslyn/vbc.rsp","1.0","2018-08-08T12:09:46Z","fethy.faradji@infopro-digital.com"
"14/09/2026 10:20:36","source/repos/SF_VIEWER_AO_SIM/SF_VIEWER_AO_SIM/bin/roslyn/VBCSCompiler.exe","1.0","2018-08-08T05:38:48Z","fethy.faradji@infopro-digital.com"
"14/09/2026 10:20:38","source/repos/SF_VIEWER_AO_SIM/SF_VIEWER_AO_SIM/bin/roslyn/VBCSCompiler.exe.config","1.0","2018-08-08T12:18:16Z","fethy.faradji@infopro-digital.com"
"14/09/2026 10:20:39","source/repos/SF_VIEWER_AO_SIM/SF_VIEWER_AO_SIM/bin/Antlr3.Runtime.dll","1.0","2013-09-10T16:29:20Z","fethy.faradji@infopro-digital.com"
"14/09/2026 10:20:39","source/repos/SF_VIEWER_AO_SIM/SF_VIEWER_AO_SIM/bin/Antlr3.Runtime.pdb","1.0","2013-09-10T16:29:20Z","fethy.faradji@infopro-digital.com"
"14/09/2026 10:20:41","source/repos/SF_VIEWER_AO_SIM/SF_VIEWER_AO_SIM/bin/AspNet.ScriptManager.bootstrap.dll","1.0","2019-03-15T11:59:54Z","fethy.faradji@infopro-digital.com"
"14/09/2026 10:20:42","source/repos/SF_VIEWER_AO_SIM/SF_VIEWER_AO_SIM/bin/AspNet.ScriptManager.jQuery.dll","1.0","2019-05-16T12:33:30Z","fethy.faradji@infopro-digital.com"
"14/09/2026 10:20:43","source/repos/SF_VIEWER_AO_SIM/SF_VIEWER_AO_SIM/bin/Microsoft.AspNet.FriendlyUrls.dll","1.0","2013-07-30T16:57:30Z","fethy.faradji@infopro-digital.com"
"14/09/2026 10:20:45","source/repos/SF_VIEWER_AO_SIM/SF_VIEWER_AO_SIM/bin/Microsoft.AspNet.FriendlyUrls.xml","1.0","2013-07-30T16:57:30Z","fethy.faradji@infopro-digital.com"
"14/09/2026 10:20:45","source/repos/SF_VIEWER_AO_SIM/SF_VIEWER_AO_SIM/bin/Microsoft.AspNet.Web.Optimization.WebForms.dll","1.0","2014-02-11T15:26:04Z","fethy.faradji@infopro-digital.com"
"14/09/2026 10:20:45","source/repos/SF_VIEWER_AO_SIM/SF_VIEWER_AO_SIM/bin/Microsoft.Bcl.AsyncInterfaces.dll","1.0","2021-10-22T23:42:08Z","fethy.faradji@infopro-digital.com"
"14/09/2026 10:20:48","source/repos/SF_VIEWER_AO_SIM/SF_VIEWER_AO_SIM/bin/Microsoft.Bcl.AsyncInterfaces.xml","1.0","2021-10-22T23:42:08Z","fethy.faradji@infopro-digital.com"
"14/09/2026 10:20:49","source/repos/SF_VIEWER_AO_SIM/SF_VIEWER_AO_SIM/bin/Microsoft.CodeDom.Providers.DotNetCompilerPlatform.dll","1.0","2018-09-05T16:10:50Z","fethy.faradji@infopro-digital.com"
"14/09/2026 10:20:49","source/repos/SF_VIEWER_AO_SIM/SF_VIEWER_AO_SIM/bin/Microsoft.CodeDom.Providers.DotNetCompilerPlatform.xml","1.0","2018-09-05T16:05:34Z","fethy.faradji@infopro-digital.com"
"14/09/2026 10:20:50","source/repos/SF_VIEWER_AO_SIM/SF_VIEWER_AO_SIM/bin/Microsoft.ScriptManager.MSAjax.dll","1.0","2013-09-06T11:20:12Z","fethy.faradji@infopro-digital.com"
"14/09/2026 10:20:51","source/repos/SF_VIEWER_AO_SIM/SF_VIEWER_AO_SIM/bin/Microsoft.ScriptManager.WebForms.dll","1.0","2013-09-06T11:20:22Z","fethy.faradji@infopro-digital.com"
"14/09/2026 10:20:53","source/repos/SF_VIEWER_AO_SIM/SF_VIEWER_AO_SIM/bin/Microsoft.Web.Infrastructure.dll","1.0","2012-07-25T11:48:56Z","fethy.faradji@infopro-digital.com"
"14/09/2026 10:20:53","source/repos/SF_VIEWER_AO_SIM/SF_VIEWER_AO_SIM/bin/Newtonsoft.Json.dll","1.0","2019-04-22T01:06:16Z","fethy.faradji@infopro-digital.com"
"14/09/2026 10:20:54","source/repos/SF_VIEWER_AO_SIM/SF_VIEWER_AO_SIM/bin/Newtonsoft.Json.xml","1.0","2019-04-22T00:57:26Z","fethy.faradji@infopro-digital.com"
"14/09/2026 10:20:55","source/repos/SF_VIEWER_AO_SIM/SF_VIEWER_AO_SIM/bin/Oracle.ManagedDataAccess.dll","1.0","2023-01-11T01:09:58Z","fethy.faradji@infopro-digital.com"
"14/09/2026 10:20:57","source/repos/SF_VIEWER_AO_SIM/SF_VIEWER_AO_SIM/bin/SF_VIEWER_AO_SIM.dll","1.0","2023-11-06T08:45:31Z","fethy.faradji@infopro-digital.com"
"14/09/2026 10:20:57","source/repos/SF_VIEWER_AO_SIM/SF_VIEWER_AO_SIM/bin/SF_VIEWER_AO_SIM.dll.config","1.0","2023-11-06T08:45:58Z","fethy.faradji@infopro-digital.com"
"14/09/2026 10:20:58","source/repos/SF_VIEWER_AO_SIM/SF_VIEWER_AO_SIM/bin/SF_VIEWER_AO_SIM.dll","2.0","2023-11-06T08:59:21Z","fethy.faradji@infopro-digital.com"
"14/09/2026 10:20:58","source/repos/SF_VIEWER_AO_SIM/SF_VIEWER_AO_SIM/bin/SF_VIEWER_AO_SIM.pdb","1.0","2023-11-06T08:45:31Z","fethy.faradji@infopro-digital.com"
"14/09/2026 10:20:59","source/repos/SF_VIEWER_AO_SIM/SF_VIEWER_AO_SIM/bin/SF_VIEWER_AO_SIM.dll","3.0","2023-11-06T13:32:37Z","fethy.faradji@infopro-digital.com"
"14/09/2026 10:20:59","source/repos/SF_VIEWER_AO_SIM/SF_VIEWER_AO_SIM/bin/System.Buffers.dll","1.0","2020-02-19T10:05:18Z","fethy.faradji@infopro-digital.com"
"14/09/2026 10:21:00","source/repos/SF_VIEWER_AO_SIM/SF_VIEWER_AO_SIM/bin/SF_VIEWER_AO_SIM.dll","4.0","2023-11-07T08:41:32Z","fethy.faradji@infopro-digital.com"
"14/09/2026 10:21:00","source/repos/SF_VIEWER_AO_SIM/SF_VIEWER_AO_SIM/bin/SF_VIEWER_AO_SIM.pdb","2.0","2023-11-06T08:59:21Z","fethy.faradji@infopro-digital.com"
"14/09/2026 10:21:01","source/repos/SF_VIEWER_AO_SIM/SF_VIEWER_AO_SIM/bin/System.Buffers.xml","1.0","2020-02-19T10:05:18Z","fethy.faradji@infopro-digital.com"
"14/09/2026 10:21:01","source/repos/SF_VIEWER_AO_SIM/SF_VIEWER_AO_SIM/bin/SF_VIEWER_AO_SIM.dll","5.0","2023-11-07T08:43:01Z","fethy.faradji@infopro-digital.com"
"14/09/2026 10:21:01","source/repos/SF_VIEWER_AO_SIM/SF_VIEWER_AO_SIM/bin/SF_VIEWER_AO_SIM.pdb","3.0","2023-11-06T13:32:37Z","fethy.faradji@infopro-digital.com"
"14/09/2026 10:21:03","source/repos/SF_VIEWER_AO_SIM/SF_VIEWER_AO_SIM/bin/SF_VIEWER_AO_SIM.pdb","4.0","2023-11-07T08:41:32Z","fethy.faradji@infopro-digital.com"
"14/09/2026 10:21:03","source/repos/SF_VIEWER_AO_SIM/SF_VIEWER_AO_SIM/bin/System.Memory.dll","1.0","2020-02-19T10:05:18Z","fethy.faradji@infopro-digital.com"
"14/09/2026 10:21:04","source/repos/SF_VIEWER_AO_SIM/SF_VIEWER_AO_SIM/bin/SF_VIEWER_AO_SIM.pdb","5.0","2023-11-07T08:43:01Z","fethy.faradji@infopro-digital.com"
"14/09/2026 10:21:05","source/repos/SF_VIEWER_AO_SIM/SF_VIEWER_AO_SIM/bin/System.Memory.xml","1.0","2020-02-19T10:05:18Z","fethy.faradji@infopro-digital.com"
"14/09/2026 10:21:05","source/repos/SF_VIEWER_AO_SIM/SF_VIEWER_AO_SIM/bin/System.Numerics.Vectors.dll","1.0","2018-05-15T13:29:44Z","fethy.faradji@infopro-digital.com"
"14/09/2026 10:21:07","source/repos/SF_VIEWER_AO_SIM/SF_VIEWER_AO_SIM/bin/System.Numerics.Vectors.xml","1.0","2018-05-15T13:29:44Z","fethy.faradji@infopro-digital.com"
"14/09/2026 10:21:08","source/repos/SF_VIEWER_AO_SIM/SF_VIEWER_AO_SIM/bin/System.Runtime.CompilerServices.Unsafe.dll","1.0","2021-10-22T23:40:18Z","fethy.faradji@infopro-digital.com"
"14/09/2026 10:21:08","source/repos/SF_VIEWER_AO_SIM/SF_VIEWER_AO_SIM/bin/System.Runtime.CompilerServices.Unsafe.xml","1.0","2021-10-19T07:14:20Z","fethy.faradji@infopro-digital.com"
"14/09/2026 10:21:09","source/repos/SF_VIEWER_AO_SIM/SF_VIEWER_AO_SIM/bin/System.Text.Encodings.Web.dll","1.0","2021-10-22T23:41:14Z","fethy.faradji@infopro-digital.com"
"14/09/2026 10:21:11","source/repos/SF_VIEWER_AO_SIM/SF_VIEWER_AO_SIM/bin/System.Text.Encodings.Web.xml","1.0","2021-10-19T07:14:20Z","fethy.faradji@infopro-digital.com"
"14/09/2026 10:21:12","source/repos/SF_VIEWER_AO_SIM/SF_VIEWER_AO_SIM/bin/System.Text.Json.dll","1.0","2021-10-22T23:44:26Z","fethy.faradji@infopro-digital.com"
"14/09/2026 10:21:13","source/repos/SF_VIEWER_AO_SIM/SF_VIEWER_AO_SIM/bin/System.Text.Json.xml","1.0","2021-10-19T07:14:20Z","fethy.faradji@infopro-digital.com"
"14/09/2026 10:21:13","source/repos/SF_VIEWER_AO_SIM/SF_VIEWER_AO_SIM/bin/System.Threading.Tasks.Extensions.dll","1.0","2020-02-19T10:05:18Z","fethy.faradji@infopro-digital.com"
"14/09/2026 10:21:16","source/repos/SF_VIEWER_AO_SIM/SF_VIEWER_AO_SIM/bin/System.Threading.Tasks.Extensions.xml","1.0","2020-02-19T10:05:18Z","fethy.faradji@infopro-digital.com"
"14/09/2026 10:21:16","source/repos/SF_VIEWER_AO_SIM/SF_VIEWER_AO_SIM/bin/System.ValueTuple.dll","1.0","2018-05-15T13:29:52Z","fethy.faradji@infopro-digital.com"
"14/09/2026 10:21:17","source/repos/SF_VIEWER_AO_SIM/SF_VIEWER_AO_SIM/bin/System.ValueTuple.xml","1.0","2018-05-15T13:29:52Z","fethy.faradji@infopro-digital.com"
"14/09/2026 10:21:18","source/repos/SF_VIEWER_AO_SIM/SF_VIEWER_AO_SIM/bin/System.Web.Optimization.dll","1.0","2014-02-11T15:26:04Z","fethy.faradji@infopro-digital.com"
"14/09/2026 10:21:20","source/repos/SF_VIEWER_AO_SIM/SF_VIEWER_AO_SIM/bin/System.Web.Optimization.xml","1.0","2014-02-11T15:26:04Z","fethy.faradji@infopro-digital.com"
"14/09/2026 10:21:21","source/repos/SF_VIEWER_AO_SIM/SF_VIEWER_AO_SIM/bin/WebGrease.dll","1.0","2014-01-23T13:57:34Z","fethy.faradji@infopro-digital.com"
"14/09/2026 10:21:23","source/repos/SF_VIEWER_AO_SIM/SF_VIEWER_AO_SIM/Content/bootstrap.css","1.0","2023-11-06T08:21:08Z","fethy.faradji@infopro-digital.com"
"14/09/2026 10:21:23","source/repos/SF_VIEWER_AO_SIM/SF_VIEWER_AO_SIM/Content/bootstrap.css.map","1.0","2023-11-06T08:21:08Z","fethy.faradji@infopro-digital.com"
"14/09/2026 10:21:24","source/repos/SF_VIEWER_AO_SIM/SF_VIEWER_AO_SIM/Content/bootstrap.min.css","1.0","2023-11-06T08:21:08Z","fethy.faradji@infopro-digital.com"
"14/09/2026 10:21:26","source/repos/SF_VIEWER_AO_SIM/SF_VIEWER_AO_SIM/Content/bootstrap.min.css.map","1.0","2023-11-06T08:21:08Z","fethy.faradji@infopro-digital.com"
"14/09/2026 10:21:29","source/repos/SF_VIEWER_AO_SIM/SF_VIEWER_AO_SIM/Content/bootstrap-theme.css.map","1.0","2023-11-06T08:21:08Z","fethy.faradji@infopro-digital.com"
"14/09/2026 10:21:30","source/repos/SF_VIEWER_AO_SIM/SF_VIEWER_AO_SIM/Content/bootstrap-theme.css","1.0","2023-11-06T08:21:08Z","fethy.faradji@infopro-digital.com"
"14/09/2026 10:21:31","source/repos/SF_VIEWER_AO_SIM/SF_VIEWER_AO_SIM/Content/bootstrap-theme.min.css","1.0","2023-11-06T08:21:08Z","fethy.faradji@infopro-digital.com"
"14/09/2026 10:21:31","source/repos/SF_VIEWER_AO_SIM/SF_VIEWER_AO_SIM/Content/bootstrap-theme.min.css.map","1.0","2023-11-06T08:21:08Z","fethy.faradji@infopro-digital.com"
"14/09/2026 10:21:34","source/repos/SF_VIEWER_AO_SIM/SF_VIEWER_AO_SIM/Content/Site.css","1.0","2023-11-06T08:21:08Z","fethy.faradji@infopro-digital.com"
"14/09/2026 10:21:36","source/repos/SF_VIEWER_AO_SIM/SF_VIEWER_AO_SIM/fonts/glyphicons-halflings-regular.eot","1.0","2023-11-06T08:21:08Z","fethy.faradji@infopro-digital.com"
"14/09/2026 10:21:36","source/repos/SF_VIEWER_AO_SIM/SF_VIEWER_AO_SIM/fonts/glyphicons-halflings-regular.svg","1.0","2023-11-06T08:21:08Z","fethy.faradji@infopro-digital.com"
"14/09/2026 10:21:37","source/repos/SF_VIEWER_AO_SIM/SF_VIEWER_AO_SIM/fonts/glyphicons-halflings-regular.ttf","1.0","2023-11-06T08:21:08Z","fethy.faradji@infopro-digital.com"
"14/09/2026 10:21:40","source/repos/SF_VIEWER_AO_SIM/SF_VIEWER_AO_SIM/fonts/glyphicons-halflings-regular.woff","1.0","2023-11-06T08:21:08Z","fethy.faradji@infopro-digital.com"
"14/09/2026 10:21:41","source/repos/SF_VIEWER_AO_SIM/SF_VIEWER_AO_SIM/fonts/glyphicons-halflings-regular.woff2","1.0","2023-11-06T08:21:08Z","fethy.faradji@infopro-digital.com"
"14/09/2026 10:21:43","source/repos/SF_VIEWER_AO_SIM/SF_VIEWER_AO_SIM/obj/Debug/DesignTimeResolveAssemblyReferencesInput.cache","1.0","2023-11-06T08:21:11Z","fethy.faradji@infopro-digital.com"
"14/09/2026 10:21:43","source/repos/SF_VIEWER_AO_SIM/SF_VIEWER_AO_SIM/obj/Debug/.NETFramework,Version=v4.8.AssemblyAttributes.cs","1.0","2024-03-01T09:25:52Z","fethy.faradji@infopro-digital.com"
"14/09/2026 10:21:45","source/repos/SF_VIEWER_AO_SIM/SF_VIEWER_AO_SIM/obj/Debug/SF_VIEWER_AO_SIM.csproj.AssemblyReference.cache","1.0","2023-11-06T08:25:45Z","fethy.faradji@infopro-digital.com"
"14/09/2026 10:21:45","source/repos/SF_VIEWER_AO_SIM/SF_VIEWER_AO_SIM/obj/Debug/DesignTimeResolveAssemblyReferencesInput.cache","2.0","2023-11-06T08:44:14Z","fethy.faradji@infopro-digital.com"
"14/09/2026 10:21:46","source/repos/SF_VIEWER_AO_SIM/SF_VIEWER_AO_SIM/obj/Debug/SF_VIEWER_AO_SIM.csproj.CopyComplete","1.0","2023-11-06T08:45:32Z","fethy.faradji@infopro-digital.com"
"14/09/2026 10:21:46","source/repos/SF_VIEWER_AO_SIM/SF_VIEWER_AO_SIM/obj/Debug/DesignTimeResolveAssemblyReferencesInput.cache","3.0","2024-03-01T09:25:52Z","fethy.faradji@infopro-digital.com"
"14/09/2026 10:21:46","source/repos/SF_VIEWER_AO_SIM/SF_VIEWER_AO_SIM/obj/Debug/SF_VIEWER_AO_SIM.csproj.AssemblyReference.cache","2.0","2023-11-06T08:44:14Z","fethy.faradji@infopro-digital.com"
"14/09/2026 10:21:46","source/repos/SF_VIEWER_AO_SIM/SF_VIEWER_AO_SIM/obj/Debug/SF_VIEWER_AO_SIM.csproj.CoreCompileInputs.cache","1.0","2023-11-06T08:25:45Z","fethy.faradji@infopro-digital.com"
"14/09/2026 10:21:47","source/repos/SF_VIEWER_AO_SIM/SF_VIEWER_AO_SIM/obj/Debug/SF_VIEWER_AO_SIM.csproj.AssemblyReference.cache","3.0","2023-11-06T08:44:23Z","fethy.faradji@infopro-digital.com"
"14/09/2026 10:21:48","source/repos/SF_VIEWER_AO_SIM/SF_VIEWER_AO_SIM/obj/Debug/SF_VIEWER_AO_SIM.csproj.AssemblyReference.cache","4.0","2023-11-06T13:32:50Z","fethy.faradji@infopro-digital.com"
"14/09/2026 10:21:49","source/repos/SF_VIEWER_AO_SIM/SF_VIEWER_AO_SIM/obj/Debug/SF_VIEWER_AO_SIM.csproj.FileListAbsolute.txt","1.0","2023-11-06T08:25:46Z","fethy.faradji@infopro-digital.com"
"14/09/2026 10:21:49","source/repos/SF_VIEWER_AO_SIM/SF_VIEWER_AO_SIM/obj/Debug/SF_VIEWER_AO_SIM.csproj.AssemblyReference.cache","5.0","2023-11-07T08:41:31Z","fethy.faradji@infopro-digital.com"
"14/09/2026 10:21:50","source/repos/SF_VIEWER_AO_SIM/SF_VIEWER_AO_SIM/obj/Debug/SF_VIEWER_AO_SIM.dll","1.0","2023-11-06T08:45:31Z","fethy.faradji@infopro-digital.com"
"14/09/2026 10:21:50","source/repos/SF_VIEWER_AO_SIM/SF_VIEWER_AO_SIM/obj/Debug/SF_VIEWER_AO_SIM.csproj.FileListAbsolute.txt","2.0","2023-11-06T08:45:32Z","fethy.faradji@infopro-digital.com"
"14/09/2026 10:21:50","source/repos/SF_VIEWER_AO_SIM/SF_VIEWER_AO_SIM/obj/Debug/SF_VIEWER_AO_SIM.csproj.AssemblyReference.cache","6.0","2023-11-07T08:43:02Z","fethy.faradji@infopro-digital.com"
"14/09/2026 10:21:52","source/repos/SF_VIEWER_AO_SIM/SF_VIEWER_AO_SIM/obj/Debug/SF_VIEWER_AO_SIM.csproj.AssemblyReference.cache","7.0","2024-03-01T09:26:09Z","fethy.faradji@infopro-digital.com"
"14/09/2026 10:21:52","source/repos/SF_VIEWER_AO_SIM/SF_VIEWER_AO_SIM/obj/Debug/SF_VIEWER_AO_SIM.pdb","1.0","2023-11-06T08:45:31Z","fethy.faradji@infopro-digital.com"
"14/09/2026 10:21:53","source/repos/SF_VIEWER_AO_SIM/SF_VIEWER_AO_SIM/obj/Debug/SF_VIEWER_AO_SIM.dll","2.0","2023-11-06T08:59:21Z","fethy.faradji@infopro-digital.com"
"14/09/2026 10:21:53","source/repos/SF_VIEWER_AO_SIM/SF_VIEWER_AO_SIM/obj/Debug/SF_VIEWER_AO_SIM.pdb","2.0","2023-11-06T08:59:21Z","fethy.faradji@infopro-digital.com"
"14/09/2026 10:21:54","source/repos/SF_VIEWER_AO_SIM/SF_VIEWER_AO_SIM/obj/Debug/SF_VIEWER_AO_SIM.dll","3.0","2023-11-07T08:41:32Z","fethy.faradji@infopro-digital.com"
"14/09/2026 10:21:54","source/repos/SF_VIEWER_AO_SIM/SF_VIEWER_AO_SIM/obj/Debug/SF_VIEWER_AO_SIM.pdb","3.0","2023-11-07T08:41:32Z","fethy.faradji@infopro-digital.com"
"14/09/2026 10:21:55","source/repos/SF_VIEWER_AO_SIM/SF_VIEWER_AO_SIM/obj/Release/Package/PackageTmp/bin/fr/System.Web.Optimization.resources.dll","1.0","2014-02-11T15:28:42Z","fethy.faradji@infopro-digital.com"
"14/09/2026 10:21:56","source/repos/SF_VIEWER_AO_SIM/SF_VIEWER_AO_SIM/obj/Release/Package/PackageTmp/bin/fr/Microsoft.AspNet.FriendlyUrls.resources.dll","1.0","2013-07-30T17:01:48Z","fethy.faradji@infopro-digital.com"
"14/09/2026 10:21:58","source/repos/SF_VIEWER_AO_SIM/SF_VIEWER_AO_SIM/obj/Release/Package/PackageTmp/bin/roslyn/csc.exe","1.0","2018-08-08T05:38:48Z","fethy.faradji@infopro-digital.com"
"14/09/2026 10:21:58","source/repos/SF_VIEWER_AO_SIM/SF_VIEWER_AO_SIM/obj/Release/Package/PackageTmp/bin/roslyn/csc.exe.config","1.0","2018-08-08T12:18:12Z","fethy.faradji@infopro-digital.com"
"14/09/2026 10:22:00","source/repos/SF_VIEWER_AO_SIM/SF_VIEWER_AO_SIM/obj/Release/Package/PackageTmp/bin/roslyn/csc.rsp","1.0","2018-08-08T12:09:42Z","fethy.faradji@infopro-digital.com"
"14/09/2026 10:22:01","source/repos/SF_VIEWER_AO_SIM/SF_VIEWER_AO_SIM/obj/Release/Package/PackageTmp/bin/roslyn/csi.exe","1.0","2018-08-08T05:38:48Z","fethy.faradji@infopro-digital.com"
"14/09/2026 10:22:02","source/repos/SF_VIEWER_AO_SIM/SF_VIEWER_AO_SIM/obj/Release/Package/PackageTmp/bin/roslyn/csi.exe.config","1.0","2018-08-08T12:18:34Z","fethy.faradji@infopro-digital.com"
"14/09/2026 10:22:03","source/repos/SF_VIEWER_AO_SIM/SF_VIEWER_AO_SIM/obj/Release/Package/PackageTmp/bin/roslyn/csi.rsp","1.0","2018-08-08T12:09:56Z","fethy.faradji@infopro-digital.com"
"14/09/2026 10:22:04","source/repos/SF_VIEWER_AO_SIM/SF_VIEWER_AO_SIM/obj/Release/Package/PackageTmp/bin/roslyn/Microsoft.Build.Tasks.CodeAnalysis.dll","1.0","2018-08-08T05:38:48Z","fethy.faradji@infopro-digital.com"
"14/09/2026 10:22:06","source/repos/SF_VIEWER_AO_SIM/SF_VIEWER_AO_SIM/obj/Release/Package/PackageTmp/bin/roslyn/Microsoft.CodeAnalysis.CSharp.dll","1.0","2018-08-08T05:38:48Z","fethy.faradji@infopro-digital.com"
"14/09/2026 10:22:06","source/repos/SF_VIEWER_AO_SIM/SF_VIEWER_AO_SIM/obj/Release/Package/PackageTmp/bin/roslyn/Microsoft.CodeAnalysis.CSharp.Scripting.dll","1.0","2018-08-08T05:38:48Z","fethy.faradji@infopro-digital.com"
"14/09/2026 10:22:07","source/repos/SF_VIEWER_AO_SIM/SF_VIEWER_AO_SIM/obj/Release/Package/PackageTmp/bin/roslyn/Microsoft.CodeAnalysis.dll","1.0","2018-08-08T05:38:48Z","fethy.faradji@infopro-digital.com"
"14/09/2026 10:22:08","source/repos/SF_VIEWER_AO_SIM/SF_VIEWER_AO_SIM/obj/Release/Package/PackageTmp/bin/roslyn/Microsoft.CodeAnalysis.Scripting.dll","1.0","2018-08-08T05:38:48Z","fethy.faradji@infopro-digital.com"
"14/09/2026 10:22:11","source/repos/SF_VIEWER_AO_SIM/SF_VIEWER_AO_SIM/obj/Release/Package/PackageTmp/bin/roslyn/Microsoft.CodeAnalysis.VisualBasic.dll","1.0","2018-08-08T05:38:48Z","fethy.faradji@infopro-digital.com"
"14/09/2026 10:22:12","source/repos/SF_VIEWER_AO_SIM/SF_VIEWER_AO_SIM/obj/Release/Package/PackageTmp/bin/roslyn/Microsoft.CSharp.Core.targets","1.0","2018-08-08T12:09:42Z","fethy.faradji@infopro-digital.com"
"14/09/2026 10:22:12","source/repos/SF_VIEWER_AO_SIM/SF_VIEWER_AO_SIM/obj/Release/Package/PackageTmp/bin/roslyn/Microsoft.DiaSymReader.Native.amd64.dll","1.0","2017-12-05T09:36:44Z","fethy.faradji@infopro-digital.com"
"14/09/2026 10:22:12","source/repos/SF_VIEWER_AO_SIM/SF_VIEWER_AO_SIM/obj/Release/Package/PackageTmp/bin/roslyn/Microsoft.DiaSymReader.Native.x86.dll","1.0","2017-12-05T09:36:44Z","fethy.faradji@infopro-digital.com"
"14/09/2026 10:22:15","source/repos/SF_VIEWER_AO_SIM/SF_VIEWER_AO_SIM/obj/Release/Package/PackageTmp/bin/roslyn/Microsoft.Managed.Core.targets","1.0","2018-08-08T12:09:42Z","fethy.faradji@infopro-digital.com"
"14/09/2026 10:22:16","source/repos/SF_VIEWER_AO_SIM/SF_VIEWER_AO_SIM/obj/Release/Package/PackageTmp/bin/roslyn/Microsoft.VisualBasic.Core.targets","1.0","2018-08-08T12:09:42Z","fethy.faradji@infopro-digital.com"
"14/09/2026 10:22:17","source/repos/SF_VIEWER_AO_SIM/SF_VIEWER_AO_SIM/obj/Release/Package/PackageTmp/bin/roslyn/Microsoft.Win32.Primitives.dll","1.0","2016-11-05T18:55:32Z","fethy.faradji@infopro-digital.com"
"14/09/2026 10:22:18","source/repos/SF_VIEWER_AO_SIM/SF_VIEWER_AO_SIM/obj/Release/Package/PackageTmp/bin/roslyn/System.AppContext.dll","1.0","2016-11-05T18:55:34Z","fethy.faradji@infopro-digital.com"
"14/09/2026 10:22:20","source/repos/SF_VIEWER_AO_SIM/SF_VIEWER_AO_SIM/obj/Release/Package/PackageTmp/bin/roslyn/System.Collections.Immutable.dll","1.0","2018-05-16T03:29:34Z","fethy.faradji@infopro-digital.com"
"14/09/2026 10:22:21","source/repos/SF_VIEWER_AO_SIM/SF_VIEWER_AO_SIM/obj/Release/Package/PackageTmp/bin/roslyn/System.Console.dll","1.0","2016-11-05T18:55:48Z","fethy.faradji@infopro-digital.com"
"14/09/2026 10:22:21","source/repos/SF_VIEWER_AO_SIM/SF_VIEWER_AO_SIM/obj/Release/Package/PackageTmp/bin/roslyn/System.Diagnostics.DiagnosticSource.dll","1.0","2016-11-05T18:55:52Z","fethy.faradji@infopro-digital.com"
"14/09/2026 10:22:22","source/repos/SF_VIEWER_AO_SIM/SF_VIEWER_AO_SIM/obj/Release/Package/PackageTmp/bin/roslyn/System.Diagnostics.FileVersionInfo.dll","1.0","2016-11-05T18:55:56Z","fethy.faradji@infopro-digital.com"
"14/09/2026 10:22:24","source/repos/SF_VIEWER_AO_SIM/SF_VIEWER_AO_SIM/obj/Release/Package/PackageTmp/bin/roslyn/System.Diagnostics.StackTrace.dll","1.0","2016-11-05T18:55:52Z","fethy.faradji@infopro-digital.com"
"14/09/2026 10:22:25","source/repos/SF_VIEWER_AO_SIM/SF_VIEWER_AO_SIM/obj/Release/Package/PackageTmp/bin/roslyn/System.Globalization.Calendars.dll","1.0","2016-11-05T18:56:02Z","fethy.faradji@infopro-digital.com"
"14/09/2026 10:22:26","source/repos/SF_VIEWER_AO_SIM/SF_VIEWER_AO_SIM/obj/Release/Package/PackageTmp/bin/roslyn/System.IO.Compression.dll","1.0","2016-11-05T18:56:08Z","fethy.faradji@infopro-digital.com"
"14/09/2026 10:22:27","source/repos/SF_VIEWER_AO_SIM/SF_VIEWER_AO_SIM/obj/Release/Package/PackageTmp/bin/roslyn/System.IO.Compression.ZipFile.dll","1.0","2016-11-05T18:56:04Z","fethy.faradji@infopro-digital.com"
"14/09/2026 10:22:29","source/repos/SF_VIEWER_AO_SIM/SF_VIEWER_AO_SIM/obj/Release/Package/PackageTmp/bin/roslyn/System.IO.FileSystem.dll","1.0","2016-11-05T18:56:08Z","fethy.faradji@infopro-digital.com"
"14/09/2026 10:22:29","source/repos/SF_VIEWER_AO_SIM/SF_VIEWER_AO_SIM/obj/Release/Package/PackageTmp/bin/roslyn/System.IO.FileSystem.Primitives.dll","1.0","2016-11-05T18:56:08Z","fethy.faradji@infopro-digital.com"
"14/09/2026 10:22:30","source/repos/SF_VIEWER_AO_SIM/SF_VIEWER_AO_SIM/obj/Release/Package/PackageTmp/bin/roslyn/System.Net.Http.dll","1.0","2016-11-05T18:56:30Z","fethy.faradji@infopro-digital.com"
"14/09/2026 10:22:31","source/repos/SF_VIEWER_AO_SIM/SF_VIEWER_AO_SIM/obj/Release/Package/PackageTmp/bin/roslyn/System.Net.Sockets.dll","1.0","2016-11-05T18:56:34Z","fethy.faradji@infopro-digital.com"
"14/09/2026 10:22:33","source/repos/SF_VIEWER_AO_SIM/SF_VIEWER_AO_SIM/obj/Release/Package/PackageTmp/bin/roslyn/System.Runtime.InteropServices.RuntimeInformation.dll","1.0","2016-11-05T18:57:00Z","fethy.faradji@infopro-digital.com"
"14/09/2026 10:22:33","source/repos/SF_VIEWER_AO_SIM/SF_VIEWER_AO_SIM/obj/Release/Package/PackageTmp/bin/roslyn/System.Reflection.Metadata.dll","1.0","2018-05-16T03:29:44Z","fethy.faradji@infopro-digital.com"
"14/09/2026 10:22:35","source/repos/SF_VIEWER_AO_SIM/SF_VIEWER_AO_SIM/obj/Release/Package/PackageTmp/bin/roslyn/System.Security.Cryptography.Algorithms.dll","1.0","2016-11-05T18:57:14Z","fethy.faradji@infopro-digital.com"
"14/09/2026 10:22:36","source/repos/SF_VIEWER_AO_SIM/SF_VIEWER_AO_SIM/obj/Release/Package/PackageTmp/bin/roslyn/System.Security.Cryptography.Encoding.dll","1.0","2016-11-05T18:57:08Z","fethy.faradji@infopro-digital.com"
"14/09/2026 10:22:37","source/repos/SF_VIEWER_AO_SIM/SF_VIEWER_AO_SIM/obj/Release/Package/PackageTmp/bin/roslyn/System.Security.Cryptography.X509Certificates.dll","1.0","2016-11-05T18:57:18Z","fethy.faradji@infopro-digital.com"
"14/09/2026 10:22:38","source/repos/SF_VIEWER_AO_SIM/SF_VIEWER_AO_SIM/obj/Release/Package/PackageTmp/bin/roslyn/System.Security.Cryptography.Primitives.dll","1.0","2016-11-05T18:57:18Z","fethy.faradji@infopro-digital.com"
"14/09/2026 10:22:39","source/repos/SF_VIEWER_AO_SIM/SF_VIEWER_AO_SIM/obj/Release/Package/PackageTmp/bin/roslyn/System.Text.Encoding.CodePages.dll","1.0","2016-11-05T18:57:20Z","fethy.faradji@infopro-digital.com"
"14/09/2026 10:22:40","source/repos/SF_VIEWER_AO_SIM/SF_VIEWER_AO_SIM/obj/Release/Package/PackageTmp/bin/roslyn/System.Threading.Tasks.Extensions.dll","1.0","2016-11-05T18:57:24Z","fethy.faradji@infopro-digital.com"
"14/09/2026 10:22:43","source/repos/SF_VIEWER_AO_SIM/SF_VIEWER_AO_SIM/obj/Release/Package/PackageTmp/bin/roslyn/System.ValueTuple.dll","1.0","2016-11-05T18:57:30Z","fethy.faradji@infopro-digital.com"
"14/09/2026 10:22:44","source/repos/SF_VIEWER_AO_SIM/SF_VIEWER_AO_SIM/obj/Release/Package/PackageTmp/bin/roslyn/System.Xml.ReaderWriter.dll","1.0","2016-11-05T18:57:36Z","fethy.faradji@infopro-digital.com"
"14/09/2026 10:22:44","source/repos/SF_VIEWER_AO_SIM/SF_VIEWER_AO_SIM/obj/Release/Package/PackageTmp/bin/roslyn/System.Xml.XmlDocument.dll","1.0","2016-11-05T18:57:34Z","fethy.faradji@infopro-digital.com"
"14/09/2026 10:22:45","source/repos/SF_VIEWER_AO_SIM/SF_VIEWER_AO_SIM/obj/Release/Package/PackageTmp/bin/roslyn/System.Xml.XPath.dll","1.0","2016-11-05T18:57:40Z","fethy.faradji@infopro-digital.com"
"14/09/2026 10:22:47","source/repos/SF_VIEWER_AO_SIM/SF_VIEWER_AO_SIM/obj/Release/Package/PackageTmp/bin/roslyn/System.Xml.XPath.XDocument.dll","1.0","2016-11-05T18:57:34Z","fethy.faradji@infopro-digital.com"
"14/09/2026 10:22:48","source/repos/SF_VIEWER_AO_SIM/SF_VIEWER_AO_SIM/obj/Release/Package/PackageTmp/bin/roslyn/vbc.exe","1.0","2018-08-08T05:38:48Z","fethy.faradji@infopro-digital.com"
"14/09/2026 10:22:48","source/repos/SF_VIEWER_AO_SIM/SF_VIEWER_AO_SIM/obj/Release/Package/PackageTmp/bin/roslyn/vbc.exe.config","1.0","2018-08-08T12:18:18Z","fethy.faradji@infopro-digital.com"
"14/09/2026 10:22:49","source/repos/SF_VIEWER_AO_SIM/SF_VIEWER_AO_SIM/obj/Release/Package/PackageTmp/bin/roslyn/vbc.rsp","1.0","2018-08-08T12:09:46Z","fethy.faradji@infopro-digital.com"
"14/09/2026 10:22:52","source/repos/SF_VIEWER_AO_SIM/SF_VIEWER_AO_SIM/obj/Release/Package/PackageTmp/bin/roslyn/VBCSCompiler.exe","1.0","2018-08-08T05:38:48Z","fethy.faradji@infopro-digital.com"
"14/09/2026 10:22:52","source/repos/SF_VIEWER_AO_SIM/SF_VIEWER_AO_SIM/obj/Release/Package/PackageTmp/bin/roslyn/VBCSCompiler.exe.config","1.0","2018-08-08T12:18:16Z","fethy.faradji@infopro-digital.com"
"14/09/2026 10:22:52","source/repos/SF_VIEWER_AO_SIM/SF_VIEWER_AO_SIM/obj/Release/Package/PackageTmp/bin/Antlr3.Runtime.dll","1.0","2013-09-10T16:29:20Z","fethy.faradji@infopro-digital.com"
"14/09/2026 10:22:53","source/repos/SF_VIEWER_AO_SIM/SF_VIEWER_AO_SIM/obj/Release/Package/PackageTmp/bin/Antlr3.Runtime.pdb","1.0","2013-09-10T16:29:20Z","fethy.faradji@infopro-digital.com"
"14/09/2026 10:22:56","source/repos/SF_VIEWER_AO_SIM/SF_VIEWER_AO_SIM/obj/Release/Package/PackageTmp/bin/AspNet.ScriptManager.bootstrap.dll","1.0","2019-03-15T11:59:54Z","fethy.faradji@infopro-digital.com"
"14/09/2026 10:22:57","source/repos/SF_VIEWER_AO_SIM/SF_VIEWER_AO_SIM/obj/Release/Package/PackageTmp/bin/AspNet.ScriptManager.jQuery.dll","1.0","2019-05-16T12:33:30Z","fethy.faradji@infopro-digital.com"
"14/09/2026 10:22:57","source/repos/SF_VIEWER_AO_SIM/SF_VIEWER_AO_SIM/obj/Release/Package/PackageTmp/bin/Microsoft.AspNet.FriendlyUrls.dll","1.0","2013-07-30T16:57:30Z","fethy.faradji@infopro-digital.com"
"14/09/2026 10:22:57","source/repos/SF_VIEWER_AO_SIM/SF_VIEWER_AO_SIM/obj/Release/Package/PackageTmp/bin/Microsoft.AspNet.Web.Optimization.WebForms.dll","1.0","2014-02-11T15:26:04Z","fethy.faradji@infopro-digital.com"
"14/09/2026 10:23:01","source/repos/SF_VIEWER_AO_SIM/SF_VIEWER_AO_SIM/obj/Release/Package/PackageTmp/bin/Microsoft.CodeDom.Providers.DotNetCompilerPlatform.dll","1.0","2018-09-05T16:10:50Z","fethy.faradji@infopro-digital.com"
"14/09/2026 10:23:02","source/repos/SF_VIEWER_AO_SIM/SF_VIEWER_AO_SIM/obj/Release/Package/PackageTmp/bin/Microsoft.Bcl.AsyncInterfaces.dll","1.0","2021-10-22T23:42:08Z","fethy.faradji@infopro-digital.com"
"14/09/2026 10:23:02","source/repos/SF_VIEWER_AO_SIM/SF_VIEWER_AO_SIM/obj/Release/Package/PackageTmp/bin/Microsoft.ScriptManager.MSAjax.dll","1.0","2013-09-06T11:20:12Z","fethy.faradji@infopro-digital.com"
"14/09/2026 10:23:03","source/repos/SF_VIEWER_AO_SIM/SF_VIEWER_AO_SIM/obj/Release/Package/PackageTmp/bin/Microsoft.ScriptManager.WebForms.dll","1.0","2013-09-06T11:20:22Z","fethy.faradji@infopro-digital.com"
"14/09/2026 10:23:06","source/repos/SF_VIEWER_AO_SIM/SF_VIEWER_AO_SIM/obj/Release/Package/PackageTmp/bin/Microsoft.Web.Infrastructure.dll","1.0","2012-07-25T11:48:56Z","fethy.faradji@infopro-digital.com"
"14/09/2026 10:23:07","source/repos/SF_VIEWER_AO_SIM/SF_VIEWER_AO_SIM/obj/Release/Package/PackageTmp/bin/Newtonsoft.Json.dll","1.0","2019-04-22T01:06:16Z","fethy.faradji@infopro-digital.com"
"14/09/2026 10:23:08","source/repos/SF_VIEWER_AO_SIM/SF_VIEWER_AO_SIM/obj/Release/Package/PackageTmp/bin/Oracle.ManagedDataAccess.dll","1.0","2023-01-11T01:09:58Z","fethy.faradji@infopro-digital.com"
"14/09/2026 10:23:09","source/repos/SF_VIEWER_AO_SIM/SF_VIEWER_AO_SIM/obj/Release/Package/PackageTmp/bin/SF_VIEWER_AO_SIM.dll","1.0","2023-11-06T13:32:37Z","fethy.faradji@infopro-digital.com"
"14/09/2026 10:23:10","source/repos/SF_VIEWER_AO_SIM/SF_VIEWER_AO_SIM/obj/Release/Package/PackageTmp/bin/SF_VIEWER_AO_SIM.pdb","1.0","2023-11-06T13:32:37Z","fethy.faradji@infopro-digital.com"
"14/09/2026 10:23:11","source/repos/SF_VIEWER_AO_SIM/SF_VIEWER_AO_SIM/obj/Release/Package/PackageTmp/bin/SF_VIEWER_AO_SIM.dll","2.0","2023-11-07T08:43:01Z","fethy.faradji@infopro-digital.com"
"14/09/2026 10:23:12","source/repos/SF_VIEWER_AO_SIM/SF_VIEWER_AO_SIM/obj/Release/Package/PackageTmp/bin/System.Buffers.dll","1.0","2020-02-19T10:05:18Z","fethy.faradji@infopro-digital.com"
"14/09/2026 10:23:12","source/repos/SF_VIEWER_AO_SIM/SF_VIEWER_AO_SIM/obj/Release/Package/PackageTmp/bin/SF_VIEWER_AO_SIM.pdb","2.0","2023-11-07T08:43:01Z","fethy.faradji@infopro-digital.com"
"14/09/2026 10:23:13","source/repos/SF_VIEWER_AO_SIM/SF_VIEWER_AO_SIM/obj/Release/Package/PackageTmp/bin/System.Memory.dll","1.0","2020-02-19T10:05:18Z","fethy.faradji@infopro-digital.com"
"14/09/2026 10:23:15","source/repos/SF_VIEWER_AO_SIM/SF_VIEWER_AO_SIM/obj/Release/Package/PackageTmp/bin/System.Numerics.Vectors.dll","1.0","2018-05-15T13:29:44Z","fethy.faradji@infopro-digital.com"
"14/09/2026 10:23:16","source/repos/SF_VIEWER_AO_SIM/SF_VIEWER_AO_SIM/obj/Release/Package/PackageTmp/bin/System.Runtime.CompilerServices.Unsafe.dll","1.0","2021-10-22T23:40:18Z","fethy.faradji@infopro-digital.com"
"14/09/2026 10:23:17","source/repos/SF_VIEWER_AO_SIM/SF_VIEWER_AO_SIM/obj/Release/Package/PackageTmp/bin/System.Text.Encodings.Web.dll","1.0","2021-10-22T23:41:14Z","fethy.faradji@infopro-digital.com"
"14/09/2026 10:23:17","source/repos/SF_VIEWER_AO_SIM/SF_VIEWER_AO_SIM/obj/Release/Package/PackageTmp/bin/System.Text.Json.dll","1.0","2021-10-22T23:44:26Z","fethy.faradji@infopro-digital.com"
"14/09/2026 10:23:20","source/repos/SF_VIEWER_AO_SIM/SF_VIEWER_AO_SIM/obj/Release/Package/PackageTmp/bin/System.Threading.Tasks.Extensions.dll","1.0","2020-02-19T10:05:18Z","fethy.faradji@infopro-digital.com"
"14/09/2026 10:23:22","source/repos/SF_VIEWER_AO_SIM/SF_VIEWER_AO_SIM/obj/Release/Package/PackageTmp/bin/System.ValueTuple.dll","1.0","2018-05-15T13:29:52Z","fethy.faradji@infopro-digital.com"
"14/09/2026 10:23:22","source/repos/SF_VIEWER_AO_SIM/SF_VIEWER_AO_SIM/obj/Release/Package/PackageTmp/bin/System.Web.Optimization.dll","1.0","2014-02-11T15:26:04Z","fethy.faradji@infopro-digital.com"
"14/09/2026 10:23:23","source/repos/SF_VIEWER_AO_SIM/SF_VIEWER_AO_SIM/obj/Release/Package/PackageTmp/bin/WebGrease.dll","1.0","2014-01-23T13:57:34Z","fethy.faradji@infopro-digital.com"
"14/09/2026 10:23:25","source/repos/SF_VIEWER_AO_SIM/SF_VIEWER_AO_SIM/obj/Release/Package/PackageTmp/Content/bootstrap.css","1.0","2023-11-06T08:21:08Z","fethy.faradji@infopro-digital.com"
"14/09/2026 10:23:27","source/repos/SF_VIEWER_AO_SIM/SF_VIEWER_AO_SIM/obj/Release/Package/PackageTmp/Content/bootstrap.css.map","1.0","2023-11-06T08:21:08Z","fethy.faradji@infopro-digital.com"
"14/09/2026 10:23:28","source/repos/SF_VIEWER_AO_SIM/SF_VIEWER_AO_SIM/obj/Release/Package/PackageTmp/Content/bootstrap.min.css","1.0","2023-11-06T08:21:08Z","fethy.faradji@infopro-digital.com"
"14/09/2026 10:23:28","source/repos/SF_VIEWER_AO_SIM/SF_VIEWER_AO_SIM/obj/Release/Package/PackageTmp/Content/bootstrap.min.css.map","1.0","2023-11-06T08:21:08Z","fethy.faradji@infopro-digital.com"
"14/09/2026 10:23:30","source/repos/SF_VIEWER_AO_SIM/SF_VIEWER_AO_SIM/obj/Release/Package/PackageTmp/Content/bootstrap-theme.css","1.0","2023-11-06T08:21:08Z","fethy.faradji@infopro-digital.com"
"14/09/2026 10:23:32","source/repos/SF_VIEWER_AO_SIM/SF_VIEWER_AO_SIM/obj/Release/Package/PackageTmp/Content/bootstrap-theme.css.map","1.0","2023-11-06T08:21:08Z","fethy.faradji@infopro-digital.com"
"14/09/2026 10:23:33","source/repos/SF_VIEWER_AO_SIM/SF_VIEWER_AO_SIM/obj/Release/Package/PackageTmp/Content/bootstrap-theme.min.css","1.0","2023-11-06T08:21:08Z","fethy.faradji@infopro-digital.com"
"14/09/2026 10:23:34","source/repos/SF_VIEWER_AO_SIM/SF_VIEWER_AO_SIM/obj/Release/Package/PackageTmp/Content/bootstrap-theme.min.css.map","1.0","2023-11-06T08:21:08Z","fethy.faradji@infopro-digital.com"
"14/09/2026 10:23:35","source/repos/SF_VIEWER_AO_SIM/SF_VIEWER_AO_SIM/obj/Release/Package/PackageTmp/Content/Site.css","1.0","2023-11-06T08:21:08Z","fethy.faradji@infopro-digital.com"
"14/09/2026 10:23:37","source/repos/SF_VIEWER_AO_SIM/SF_VIEWER_AO_SIM/obj/Release/Package/PackageTmp/fonts/glyphicons-halflings-regular.eot","1.0","2023-11-06T08:21:08Z","fethy.faradji@infopro-digital.com"
"14/09/2026 10:23:38","source/repos/SF_VIEWER_AO_SIM/SF_VIEWER_AO_SIM/obj/Release/Package/PackageTmp/fonts/glyphicons-halflings-regular.svg","1.0","2023-11-06T08:21:08Z","fethy.faradji@infopro-digital.com"
"14/09/2026 10:23:38","source/repos/SF_VIEWER_AO_SIM/SF_VIEWER_AO_SIM/obj/Release/Package/PackageTmp/fonts/glyphicons-halflings-regular.ttf","1.0","2023-11-06T08:21:08Z","fethy.faradji@infopro-digital.com"
"14/09/2026 10:23:40","source/repos/SF_VIEWER_AO_SIM/SF_VIEWER_AO_SIM/obj/Release/Package/PackageTmp/fonts/glyphicons-halflings-regular.woff","1.0","2023-11-06T08:21:08Z","fethy.faradji@infopro-digital.com"
"14/09/2026 10:23:42","source/repos/SF_VIEWER_AO_SIM/SF_VIEWER_AO_SIM/obj/Release/Package/PackageTmp/fonts/glyphicons-halflings-regular.woff2","1.0","2023-11-06T08:21:08Z","fethy.faradji@infopro-digital.com"
"14/09/2026 10:23:44","source/repos/SF_VIEWER_AO_SIM/SF_VIEWER_AO_SIM/obj/Release/Package/PackageTmp/Scripts/WebForms/MSAjax/MicrosoftAjaxApplicationServices.js","1.0","2023-11-06T08:21:08Z","fethy.faradji@infopro-digital.com"
"14/09/2026 10:23:44","source/repos/SF_VIEWER_AO_SIM/SF_VIEWER_AO_SIM/obj/Release/Package/PackageTmp/Scripts/WebForms/MSAjax/MicrosoftAjax.js","1.0","2023-11-06T08:21:08Z","fethy.faradji@infopro-digital.com"
"14/09/2026 10:23:46","source/repos/SF_VIEWER_AO_SIM/SF_VIEWER_AO_SIM/obj/Release/Package/PackageTmp/Scripts/WebForms/MSAjax/MicrosoftAjaxComponentModel.js","1.0","2023-11-06T08:21:08Z","fethy.faradji@infopro-digital.com"
"14/09/2026 10:23:46","source/repos/SF_VIEWER_AO_SIM/SF_VIEWER_AO_SIM/obj/Release/Package/PackageTmp/Scripts/WebForms/MSAjax/MicrosoftAjaxCore.js","1.0","2023-11-06T08:21:08Z","fethy.faradji@infopro-digital.com"
"14/09/2026 10:23:49","source/repos/SF_VIEWER_AO_SIM/SF_VIEWER_AO_SIM/obj/Release/Package/PackageTmp/Scripts/WebForms/MSAjax/MicrosoftAjaxGlobalization.js","1.0","2023-11-06T08:21:08Z","fethy.faradji@infopro-digital.com"
"14/09/2026 10:23:50","source/repos/SF_VIEWER_AO_SIM/SF_VIEWER_AO_SIM/obj/Release/Package/PackageTmp/Scripts/WebForms/MSAjax/MicrosoftAjaxHistory.js","1.0","2023-11-06T08:21:08Z","fethy.faradji@infopro-digital.com"
"14/09/2026 10:23:50","source/repos/SF_VIEWER_AO_SIM/SF_VIEWER_AO_SIM/obj/Release/Package/PackageTmp/Scripts/WebForms/MSAjax/MicrosoftAjaxNetwork.js","1.0","2023-11-06T08:21:08Z","fethy.faradji@infopro-digital.com"
"14/09/2026 10:23:53","source/repos/SF_VIEWER_AO_SIM/SF_VIEWER_AO_SIM/obj/Release/Package/PackageTmp/Scripts/WebForms/MSAjax/MicrosoftAjaxSerialization.js","1.0","2023-11-06T08:21:08Z","fethy.faradji@infopro-digital.com"
"14/09/2026 10:23:54","source/repos/SF_VIEWER_AO_SIM/SF_VIEWER_AO_SIM/obj/Release/Package/PackageTmp/Scripts/WebForms/MSAjax/MicrosoftAjaxTimer.js","1.0","2023-11-06T08:21:08Z","fethy.faradji@infopro-digital.com"
"14/09/2026 10:23:55","source/repos/SF_VIEWER_AO_SIM/SF_VIEWER_AO_SIM/obj/Release/Package/PackageTmp/Scripts/WebForms/MSAjax/MicrosoftAjaxWebServices.js","1.0","2023-11-06T08:21:08Z","fethy.faradji@infopro-digital.com"
"14/09/2026 10:23:55","source/repos/SF_VIEWER_AO_SIM/SF_VIEWER_AO_SIM/obj/Release/Package/PackageTmp/Scripts/WebForms/MSAjax/MicrosoftAjaxWebForms.js","1.0","2023-11-06T08:21:08Z","fethy.faradji@infopro-digital.com"
"14/09/2026 10:23:57","source/repos/SF_VIEWER_AO_SIM/SF_VIEWER_AO_SIM/obj/Release/Package/PackageTmp/Scripts/WebForms/DetailsView.js","1.0","2023-11-06T08:21:08Z","fethy.faradji@infopro-digital.com"
"14/09/2026 10:23:59","source/repos/SF_VIEWER_AO_SIM/SF_VIEWER_AO_SIM/obj/Release/Package/PackageTmp/Scripts/WebForms/Focus.js","1.0","2023-11-06T08:21:08Z","fethy.faradji@infopro-digital.com"
"14/09/2026 10:23:59","source/repos/SF_VIEWER_AO_SIM/SF_VIEWER_AO_SIM/obj/Release/Package/PackageTmp/Scripts/WebForms/GridView.js","1.0","2023-11-06T08:21:08Z","fethy.faradji@infopro-digital.com"
"14/09/2026 10:24:00","source/repos/SF_VIEWER_AO_SIM/SF_VIEWER_AO_SIM/obj/Release/Package/PackageTmp/Scripts/WebForms/Menu.js","1.0","2023-11-06T08:21:08Z","fethy.faradji@infopro-digital.com"
"14/09/2026 10:24:02","source/repos/SF_VIEWER_AO_SIM/SF_VIEWER_AO_SIM/obj/Release/Package/PackageTmp/Scripts/WebForms/MenuStandards.js","1.0","2023-11-06T08:21:08Z","fethy.faradji@infopro-digital.com"
"14/09/2026 10:24:04","source/repos/SF_VIEWER_AO_SIM/SF_VIEWER_AO_SIM/obj/Release/Package/PackageTmp/Scripts/WebForms/SmartNav.js","1.0","2023-11-06T08:21:08Z","fethy.faradji@infopro-digital.com"
"14/09/2026 10:24:04","source/repos/SF_VIEWER_AO_SIM/SF_VIEWER_AO_SIM/obj/Release/Package/PackageTmp/Scripts/WebForms/TreeView.js","1.0","2023-11-06T08:21:08Z","fethy.faradji@infopro-digital.com"
"14/09/2026 10:24:05","source/repos/SF_VIEWER_AO_SIM/SF_VIEWER_AO_SIM/obj/Release/Package/PackageTmp/Scripts/WebForms/WebForms.js","1.0","2023-11-06T08:21:08Z","fethy.faradji@infopro-digital.com"
"14/09/2026 10:24:07","source/repos/SF_VIEWER_AO_SIM/SF_VIEWER_AO_SIM/obj/Release/Package/PackageTmp/Scripts/WebForms/WebParts.js","1.0","2023-11-06T08:21:08Z","fethy.faradji@infopro-digital.com"
"14/09/2026 10:24:08","source/repos/SF_VIEWER_AO_SIM/SF_VIEWER_AO_SIM/obj/Release/Package/PackageTmp/Scripts/WebForms/WebUIValidation.js","1.0","2023-11-06T08:21:08Z","fethy.faradji@infopro-digital.com"
"14/09/2026 10:24:10","source/repos/SF_VIEWER_AO_SIM/SF_VIEWER_AO_SIM/obj/Release/Package/PackageTmp/Scripts/bootstrap.js","1.0","2023-11-06T08:21:08Z","fethy.faradji@infopro-digital.com"
"14/09/2026 10:24:10","source/repos/SF_VIEWER_AO_SIM/SF_VIEWER_AO_SIM/obj/Release/Package/PackageTmp/Scripts/bootstrap.min.js","1.0","2023-11-06T08:21:08Z","fethy.faradji@infopro-digital.com"
"14/09/2026 10:24:12","source/repos/SF_VIEWER_AO_SIM/SF_VIEWER_AO_SIM/obj/Release/Package/PackageTmp/Scripts/jquery-3.4.1.js","1.0","2023-11-06T08:21:08Z","fethy.faradji@infopro-digital.com"
"14/09/2026 10:24:13","source/repos/SF_VIEWER_AO_SIM/SF_VIEWER_AO_SIM/obj/Release/Package/PackageTmp/Scripts/jquery-3.4.1.min.js","1.0","2023-11-06T08:21:08Z","fethy.faradji@infopro-digital.com"
"14/09/2026 10:24:15","source/repos/SF_VIEWER_AO_SIM/SF_VIEWER_AO_SIM/obj/Release/Package/PackageTmp/Scripts/jquery-3.4.1.min.map","1.0","2023-11-06T08:21:08Z","fethy.faradji@infopro-digital.com"
"14/09/2026 10:24:16","source/repos/SF_VIEWER_AO_SIM/SF_VIEWER_AO_SIM/obj/Release/Package/PackageTmp/Scripts/jquery-3.4.1.slim.js","1.0","2023-11-06T08:21:08Z","fethy.faradji@infopro-digital.com"
"14/09/2026 10:24:17","source/repos/SF_VIEWER_AO_SIM/SF_VIEWER_AO_SIM/obj/Release/Package/PackageTmp/Scripts/jquery-3.4.1.slim.min.js","1.0","2023-11-06T08:21:08Z","fethy.faradji@infopro-digital.com"
"14/09/2026 10:24:18","source/repos/SF_VIEWER_AO_SIM/SF_VIEWER_AO_SIM/obj/Release/Package/PackageTmp/Scripts/jquery-3.4.1.slim.min.map","1.0","2023-11-06T08:21:08Z","fethy.faradji@infopro-digital.com"
"14/09/2026 10:24:21","source/repos/SF_VIEWER_AO_SIM/SF_VIEWER_AO_SIM/obj/Release/Package/PackageTmp/About.aspx","1.0","2023-11-06T08:21:08Z","fethy.faradji@infopro-digital.com"
"14/09/2026 10:24:21","source/repos/SF_VIEWER_AO_SIM/SF_VIEWER_AO_SIM/obj/Release/Package/PackageTmp/Scripts/modernizr-2.8.3.js","1.0","2023-11-06T08:21:08Z","fethy.faradji@infopro-digital.com"
"14/09/2026 10:24:22","source/repos/SF_VIEWER_AO_SIM/SF_VIEWER_AO_SIM/obj/Release/Package/PackageTmp/AoViewer.aspx","1.0","2023-11-06T08:21:08Z","fethy.faradji@infopro-digital.com"
"14/09/2026 10:24:23","source/repos/SF_VIEWER_AO_SIM/SF_VIEWER_AO_SIM/obj/Release/Package/PackageTmp/Bundle.config","1.0","2023-11-06T08:21:08Z","fethy.faradji@infopro-digital.com"
"14/09/2026 10:24:26","source/repos/SF_VIEWER_AO_SIM/SF_VIEWER_AO_SIM/obj/Release/Package/PackageTmp/Contact.aspx","1.0","2023-11-06T08:21:08Z","fethy.faradji@infopro-digital.com"
"14/09/2026 10:24:26","source/repos/SF_VIEWER_AO_SIM/SF_VIEWER_AO_SIM/obj/Release/Package/PackageTmp/Default.aspx","1.0","2023-11-06T08:21:08Z","fethy.faradji@infopro-digital.com"
"14/09/2026 10:24:27","source/repos/SF_VIEWER_AO_SIM/SF_VIEWER_AO_SIM/obj/Release/Package/PackageTmp/favicon.ico","1.0","2023-11-06T08:21:08Z","fethy.faradji@infopro-digital.com"
"14/09/2026 10:24:28","source/repos/SF_VIEWER_AO_SIM/SF_VIEWER_AO_SIM/obj/Release/Package/PackageTmp/Global.asax","1.0","2023-11-06T08:21:08Z","fethy.faradji@infopro-digital.com"
"14/09/2026 10:24:30","source/repos/SF_VIEWER_AO_SIM/SF_VIEWER_AO_SIM/obj/Release/Package/PackageTmp/Site.Master","1.0","2023-11-06T08:21:08Z","fethy.faradji@infopro-digital.com"
"14/09/2026 10:24:31","source/repos/SF_VIEWER_AO_SIM/SF_VIEWER_AO_SIM/obj/Release/Package/PackageTmp/Site.Mobile.Master","1.0","2023-11-06T08:21:08Z","fethy.faradji@infopro-digital.com"
"14/09/2026 10:24:32","source/repos/SF_VIEWER_AO_SIM/SF_VIEWER_AO_SIM/obj/Release/Package/PackageTmp/ViewSwitcher.ascx","1.0","2023-11-06T08:21:08Z","fethy.faradji@infopro-digital.com"
"14/09/2026 10:24:33","source/repos/SF_VIEWER_AO_SIM/SF_VIEWER_AO_SIM/obj/Release/Package/PackageTmp/Web.config","1.0","2023-11-06T13:32:38Z","fethy.faradji@infopro-digital.com"
"14/09/2026 10:24:37","source/repos/SF_VIEWER_AO_SIM/SF_VIEWER_AO_SIM/obj/Release/TransformWebConfig/assist/Web.config","1.0","2023-11-06T08:21:08Z","fethy.faradji@infopro-digital.com"
"14/09/2026 10:24:37","source/repos/SF_VIEWER_AO_SIM/SF_VIEWER_AO_SIM/obj/Release/TransformWebConfig/original/Web.config","1.0","2023-11-06T08:45:58Z","fethy.faradji@infopro-digital.com"
"14/09/2026 10:24:37","source/repos/SF_VIEWER_AO_SIM/SF_VIEWER_AO_SIM/obj/Release/TransformWebConfig/transformed/Web.config","1.0","2023-11-06T13:32:38Z","fethy.faradji@infopro-digital.com"
"14/09/2026 10:24:38","source/repos/SF_VIEWER_AO_SIM/SF_VIEWER_AO_SIM/obj/Release/.NETFramework,Version=v4.8.AssemblyAttributes.cs","1.0","2023-11-06T13:32:35Z","fethy.faradji@infopro-digital.com"
"14/09/2026 10:24:41","source/repos/SF_VIEWER_AO_SIM/SF_VIEWER_AO_SIM/obj/Release/_WPPLastBuildInfo.txt","1.0","2023-11-07T08:43:01Z","fethy.faradji@infopro-digital.com"
"14/09/2026 10:24:42","source/repos/SF_VIEWER_AO_SIM/SF_VIEWER_AO_SIM/obj/Release/SF_VIEWER_AO_SIM.csproj.CoreCompileInputs.cache","1.0","2023-11-06T13:32:36Z","fethy.faradji@infopro-digital.com"
"14/09/2026 10:24:42","source/repos/SF_VIEWER_AO_SIM/SF_VIEWER_AO_SIM/obj/Release/SF_VIEWER_AO_SIM.csproj.AssemblyReference.cache","1.0","2023-11-07T08:43:01Z","fethy.faradji@infopro-digital.com"
"14/09/2026 10:24:43","source/repos/SF_VIEWER_AO_SIM/SF_VIEWER_AO_SIM/obj/Release/SF_VIEWER_AO_SIM.csproj.FileListAbsolute.txt","1.0","2023-11-06T13:32:37Z","fethy.faradji@infopro-digital.com"
"14/09/2026 10:24:46","source/repos/SF_VIEWER_AO_SIM/SF_VIEWER_AO_SIM/obj/Release/SF_VIEWER_AO_SIM.dll","1.0","2023-11-06T13:32:37Z","fethy.faradji@infopro-digital.com"
"14/09/2026 10:24:47","source/repos/SF_VIEWER_AO_SIM/SF_VIEWER_AO_SIM/obj/Release/SF_VIEWER_AO_SIM.pdb","1.0","2023-11-06T13:32:37Z","fethy.faradji@infopro-digital.com"
"14/09/2026 10:24:48","source/repos/SF_VIEWER_AO_SIM/SF_VIEWER_AO_SIM/obj/Release/SF_VIEWER_AO_SIM.dll","2.0","2023-11-07T08:43:01Z","fethy.faradji@infopro-digital.com"
"14/09/2026 10:24:48","source/repos/SF_VIEWER_AO_SIM/SF_VIEWER_AO_SIM/Properties/PublishProfiles/FolderProfile.pubxml","1.0","2023-11-06T13:32:32Z","fethy.faradji@infopro-digital.com"
"14/09/2026 10:24:48","source/repos/SF_VIEWER_AO_SIM/SF_VIEWER_AO_SIM/Properties/PublishProfiles/FolderProfile.pubxml.user","1.0","2023-11-06T13:32:32Z","fethy.faradji@infopro-digital.com"
"14/09/2026 10:24:48","source/repos/SF_VIEWER_AO_SIM/SF_VIEWER_AO_SIM/obj/Release/SF_VIEWER_AO_SIM.pdb","2.0","2023-11-07T08:43:01Z","fethy.faradji@infopro-digital.com"
"14/09/2026 10:24:50","source/repos/SF_VIEWER_AO_SIM/SF_VIEWER_AO_SIM/Properties/PublishProfiles/FolderProfile.pubxml","2.0","2023-11-07T08:42:57Z","fethy.faradji@infopro-digital.com"
"14/09/2026 10:24:50","source/repos/SF_VIEWER_AO_SIM/SF_VIEWER_AO_SIM/Properties/PublishProfiles/FolderProfile.pubxml.user","2.0","2023-11-06T13:32:50Z","fethy.faradji@infopro-digital.com"
"14/09/2026 10:24:51","source/repos/SF_VIEWER_AO_SIM/SF_VIEWER_AO_SIM/Properties/AssemblyInfo.cs","1.0","2023-11-06T08:21:08Z","fethy.faradji@infopro-digital.com"
"14/09/2026 10:24:52","source/repos/SF_VIEWER_AO_SIM/SF_VIEWER_AO_SIM/Properties/PublishProfiles/FolderProfile.pubxml.user","3.0","2023-11-07T08:43:02Z","fethy.faradji@infopro-digital.com"
"14/09/2026 10:24:54","source/repos/SF_VIEWER_AO_SIM/SF_VIEWER_AO_SIM/Scripts/WebForms/MSAjax/MicrosoftAjax.js","1.0","2023-11-06T08:21:08Z","fethy.faradji@infopro-digital.com"
"14/09/2026 10:24:55","source/repos/SF_VIEWER_AO_SIM/SF_VIEWER_AO_SIM/Scripts/WebForms/MSAjax/MicrosoftAjaxApplicationServices.js","1.0","2023-11-06T08:21:08Z","fethy.faradji@infopro-digital.com"
"14/09/2026 10:24:56","source/repos/SF_VIEWER_AO_SIM/SF_VIEWER_AO_SIM/Scripts/WebForms/MSAjax/MicrosoftAjaxComponentModel.js","1.0","2023-11-06T08:21:08Z","fethy.faradji@infopro-digital.com"
"14/09/2026 10:24:58","source/repos/SF_VIEWER_AO_SIM/SF_VIEWER_AO_SIM/Scripts/WebForms/MSAjax/MicrosoftAjaxCore.js","1.0","2023-11-06T08:21:08Z","fethy.faradji@infopro-digital.com"
"14/09/2026 10:25:00","source/repos/SF_VIEWER_AO_SIM/SF_VIEWER_AO_SIM/Scripts/WebForms/MSAjax/MicrosoftAjaxGlobalization.js","1.0","2023-11-06T08:21:08Z","fethy.faradji@infopro-digital.com"
"14/09/2026 10:25:01","source/repos/SF_VIEWER_AO_SIM/SF_VIEWER_AO_SIM/Scripts/WebForms/MSAjax/MicrosoftAjaxHistory.js","1.0","2023-11-06T08:21:08Z","fethy.faradji@infopro-digital.com"
"14/09/2026 10:25:02","source/repos/SF_VIEWER_AO_SIM/SF_VIEWER_AO_SIM/Scripts/WebForms/MSAjax/MicrosoftAjaxNetwork.js","1.0","2023-11-06T08:21:08Z","fethy.faradji@infopro-digital.com"
"14/09/2026 10:25:03","source/repos/SF_VIEWER_AO_SIM/SF_VIEWER_AO_SIM/Scripts/WebForms/MSAjax/MicrosoftAjaxSerialization.js","1.0","2023-11-06T08:21:08Z","fethy.faradji@infopro-digital.com"
"14/09/2026 10:25:05","source/repos/SF_VIEWER_AO_SIM/SF_VIEWER_AO_SIM/Scripts/WebForms/MSAjax/MicrosoftAjaxTimer.js","1.0","2023-11-06T08:21:08Z","fethy.faradji@infopro-digital.com"
"14/09/2026 10:25:06","source/repos/SF_VIEWER_AO_SIM/SF_VIEWER_AO_SIM/Scripts/WebForms/MSAjax/MicrosoftAjaxWebForms.js","1.0","2023-11-06T08:21:08Z","fethy.faradji@infopro-digital.com"
"14/09/2026 10:25:07","source/repos/SF_VIEWER_AO_SIM/SF_VIEWER_AO_SIM/Scripts/WebForms/MSAjax/MicrosoftAjaxWebServices.js","1.0","2023-11-06T08:21:08Z","fethy.faradji@infopro-digital.com"
"14/09/2026 10:25:08","source/repos/SF_VIEWER_AO_SIM/SF_VIEWER_AO_SIM/Scripts/WebForms/DetailsView.js","1.0","2023-11-06T08:21:08Z","fethy.faradji@infopro-digital.com"
"14/09/2026 10:25:10","source/repos/SF_VIEWER_AO_SIM/SF_VIEWER_AO_SIM/Scripts/WebForms/Focus.js","1.0","2023-11-06T08:21:08Z","fethy.faradji@infopro-digital.com"
"14/09/2026 10:25:11","source/repos/SF_VIEWER_AO_SIM/SF_VIEWER_AO_SIM/Scripts/WebForms/GridView.js","1.0","2023-11-06T08:21:08Z","fethy.faradji@infopro-digital.com"
"14/09/2026 10:25:13","source/repos/SF_VIEWER_AO_SIM/SF_VIEWER_AO_SIM/Scripts/WebForms/Menu.js","1.0","2023-11-06T08:21:08Z","fethy.faradji@infopro-digital.com"
"14/09/2026 10:25:13","source/repos/SF_VIEWER_AO_SIM/SF_VIEWER_AO_SIM/Scripts/WebForms/MenuStandards.js","1.0","2023-11-06T08:21:08Z","fethy.faradji@infopro-digital.com"
"14/09/2026 10:25:16","source/repos/SF_VIEWER_AO_SIM/SF_VIEWER_AO_SIM/Scripts/WebForms/SmartNav.js","1.0","2023-11-06T08:21:08Z","fethy.faradji@infopro-digital.com"
"14/09/2026 10:25:17","source/repos/SF_VIEWER_AO_SIM/SF_VIEWER_AO_SIM/Scripts/WebForms/TreeView.js","1.0","2023-11-06T08:21:08Z","fethy.faradji@infopro-digital.com"
"14/09/2026 10:25:18","source/repos/SF_VIEWER_AO_SIM/SF_VIEWER_AO_SIM/Scripts/WebForms/WebForms.js","1.0","2023-11-06T08:21:08Z","fethy.faradji@infopro-digital.com"
"14/09/2026 10:25:19","source/repos/SF_VIEWER_AO_SIM/SF_VIEWER_AO_SIM/Scripts/WebForms/WebParts.js","1.0","2023-11-06T08:21:08Z","fethy.faradji@infopro-digital.com"
"14/09/2026 10:25:21","source/repos/SF_VIEWER_AO_SIM/SF_VIEWER_AO_SIM/Scripts/WebForms/WebUIValidation.js","1.0","2023-11-06T08:21:08Z","fethy.faradji@infopro-digital.com"
"14/09/2026 10:25:22","source/repos/SF_VIEWER_AO_SIM/SF_VIEWER_AO_SIM/Scripts/bootstrap.js","1.0","2023-11-06T08:21:08Z","fethy.faradji@infopro-digital.com"
"14/09/2026 10:25:23","source/repos/SF_VIEWER_AO_SIM/SF_VIEWER_AO_SIM/Scripts/bootstrap.min.js","1.0","2023-11-06T08:21:08Z","fethy.faradji@infopro-digital.com"
"14/09/2026 10:25:25","source/repos/SF_VIEWER_AO_SIM/SF_VIEWER_AO_SIM/Scripts/jquery-3.4.1.intellisense.js","1.0","2023-11-06T08:21:08Z","fethy.faradji@infopro-digital.com"
"14/09/2026 10:25:26","source/repos/SF_VIEWER_AO_SIM/SF_VIEWER_AO_SIM/Scripts/jquery-3.4.1.js","1.0","2023-11-06T08:21:08Z","fethy.faradji@infopro-digital.com"
"14/09/2026 10:25:27","source/repos/SF_VIEWER_AO_SIM/SF_VIEWER_AO_SIM/Scripts/jquery-3.4.1.min.js","1.0","2023-11-06T08:21:08Z","fethy.faradji@infopro-digital.com"
"14/09/2026 10:25:28","source/repos/SF_VIEWER_AO_SIM/SF_VIEWER_AO_SIM/Scripts/jquery-3.4.1.min.map","1.0","2023-11-06T08:21:08Z","fethy.faradji@infopro-digital.com"
"14/09/2026 10:25:30","source/repos/SF_VIEWER_AO_SIM/SF_VIEWER_AO_SIM/Scripts/jquery-3.4.1.slim.js","1.0","2023-11-06T08:21:08Z","fethy.faradji@infopro-digital.com"
"14/09/2026 10:25:32","source/repos/SF_VIEWER_AO_SIM/SF_VIEWER_AO_SIM/Scripts/jquery-3.4.1.slim.min.js","1.0","2023-11-06T08:21:08Z","fethy.faradji@infopro-digital.com"
"14/09/2026 10:25:32","source/repos/SF_VIEWER_AO_SIM/SF_VIEWER_AO_SIM/Scripts/jquery-3.4.1.slim.min.map","1.0","2023-11-06T08:21:08Z","fethy.faradji@infopro-digital.com"
"14/09/2026 10:25:34","source/repos/SF_VIEWER_AO_SIM/SF_VIEWER_AO_SIM/Scripts/modernizr-2.8.3.js","1.0","2023-11-06T08:21:08Z","fethy.faradji@infopro-digital.com"
"14/09/2026 10:25:35","source/repos/SF_VIEWER_AO_SIM/SF_VIEWER_AO_SIM/About.aspx","1.0","2023-11-06T08:21:08Z","fethy.faradji@infopro-digital.com"
"14/09/2026 10:25:37","source/repos/SF_VIEWER_AO_SIM/SF_VIEWER_AO_SIM/About.aspx.cs","1.0","2023-11-06T08:21:08Z","fethy.faradji@infopro-digital.com"
"14/09/2026 10:25:38","source/repos/SF_VIEWER_AO_SIM/SF_VIEWER_AO_SIM/About.aspx.designer.cs","1.0","2023-11-06T08:21:08Z","fethy.faradji@infopro-digital.com"
"14/09/2026 10:25:39","source/repos/SF_VIEWER_AO_SIM/SF_VIEWER_AO_SIM/AoViewer.aspx","1.0","2023-11-06T08:21:08Z","fethy.faradji@infopro-digital.com"
"14/09/2026 10:25:41","source/repos/SF_VIEWER_AO_SIM/SF_VIEWER_AO_SIM/AoViewer.aspx.cs","1.0","2023-11-06T08:21:08Z","fethy.faradji@infopro-digital.com"
"14/09/2026 10:25:42","source/repos/SF_VIEWER_AO_SIM/SF_VIEWER_AO_SIM/AoViewer.aspx.designer.cs","1.0","2023-11-06T08:21:08Z","fethy.faradji@infopro-digital.com"
"14/09/2026 10:25:42","source/repos/SF_VIEWER_AO_SIM/SF_VIEWER_AO_SIM/Bundle.config","1.0","2023-11-06T08:21:08Z","fethy.faradji@infopro-digital.com"
"14/09/2026 10:25:42","source/repos/SF_VIEWER_AO_SIM/SF_VIEWER_AO_SIM/AoViewer.aspx.cs","2.0","2023-11-06T08:25:30Z","fethy.faradji@infopro-digital.com"
"14/09/2026 10:25:43","source/repos/SF_VIEWER_AO_SIM/SF_VIEWER_AO_SIM/Contact.aspx","1.0","2023-11-06T08:21:08Z","fethy.faradji@infopro-digital.com"
"14/09/2026 10:25:44","source/repos/SF_VIEWER_AO_SIM/SF_VIEWER_AO_SIM/AoViewer.aspx.cs","3.0","2023-11-06T08:45:31Z","fethy.faradji@infopro-digital.com"
"14/09/2026 10:25:46","source/repos/SF_VIEWER_AO_SIM/SF_VIEWER_AO_SIM/AoViewer.aspx.cs","4.0","2023-11-06T08:58:54Z","fethy.faradji@infopro-digital.com"
"14/09/2026 10:25:47","source/repos/SF_VIEWER_AO_SIM/SF_VIEWER_AO_SIM/AoViewer.aspx.cs","5.0","2023-11-07T08:42:05Z","fethy.faradji@infopro-digital.com"
"14/09/2026 10:25:47","source/repos/SF_VIEWER_AO_SIM/SF_VIEWER_AO_SIM/Contact.aspx.cs","1.0","2023-11-06T08:21:08Z","fethy.faradji@infopro-digital.com"
"14/09/2026 10:25:48","source/repos/SF_VIEWER_AO_SIM/SF_VIEWER_AO_SIM/Contact.aspx.designer.cs","1.0","2023-11-06T08:21:08Z","fethy.faradji@infopro-digital.com"
"14/09/2026 10:25:49","source/repos/SF_VIEWER_AO_SIM/SF_VIEWER_AO_SIM/DAL.cs","1.0","2023-11-06T08:21:08Z","fethy.faradji@infopro-digital.com"
"14/09/2026 10:25:52","source/repos/SF_VIEWER_AO_SIM/SF_VIEWER_AO_SIM/DAL_AO.cs","1.0","2023-11-06T08:21:08Z","fethy.faradji@infopro-digital.com"
"14/09/2026 10:25:53","source/repos/SF_VIEWER_AO_SIM/SF_VIEWER_AO_SIM/Default.aspx","1.0","2023-11-06T08:21:08Z","fethy.faradji@infopro-digital.com"
"14/09/2026 10:25:53","source/repos/SF_VIEWER_AO_SIM/SF_VIEWER_AO_SIM/Default.aspx.cs","1.0","2023-11-06T08:21:08Z","fethy.faradji@infopro-digital.com"
"14/09/2026 10:25:53","source/repos/SF_VIEWER_AO_SIM/SF_VIEWER_AO_SIM/DAL_AO.cs","2.0","2023-11-06T08:25:27Z","fethy.faradji@infopro-digital.com"
"14/09/2026 10:25:54","source/repos/SF_VIEWER_AO_SIM/SF_VIEWER_AO_SIM/Default.aspx.designer.cs","1.0","2023-11-06T08:21:08Z","fethy.faradji@infopro-digital.com"
"14/09/2026 10:25:58","source/repos/SF_VIEWER_AO_SIM/SF_VIEWER_AO_SIM/favicon.ico","1.0","2023-11-06T08:21:08Z","fethy.faradji@infopro-digital.com"
"14/09/2026 10:25:59","source/repos/SF_VIEWER_AO_SIM/SF_VIEWER_AO_SIM/Global.asax","1.0","2023-11-06T08:21:08Z","fethy.faradji@infopro-digital.com"
"14/09/2026 10:26:00","source/repos/SF_VIEWER_AO_SIM/SF_VIEWER_AO_SIM/Oracle.DataAccess.Common.Configuration.Section.xsd","1.0","2023-11-06T08:21:08Z","fethy.faradji@infopro-digital.com"
"14/09/2026 10:26:00","source/repos/SF_VIEWER_AO_SIM/SF_VIEWER_AO_SIM/Global.asax.cs","1.0","2023-11-06T08:21:08Z","fethy.faradji@infopro-digital.com"
"14/09/2026 10:26:04","source/repos/SF_VIEWER_AO_SIM/SF_VIEWER_AO_SIM/Oracle.ManagedDataAccess.Client.Configuration.Section.xsd","1.0","2023-11-06T08:21:08Z","fethy.faradji@infopro-digital.com"
"14/09/2026 10:26:04","source/repos/SF_VIEWER_AO_SIM/SF_VIEWER_AO_SIM/packages.config","1.0","2023-11-06T08:21:08Z","fethy.faradji@infopro-digital.com"
"14/09/2026 10:26:06","source/repos/SF_VIEWER_AO_SIM/SF_VIEWER_AO_SIM/SF_VIEWER_AO_SIM.csproj","1.0","2023-11-06T08:21:08Z","fethy.faradji@infopro-digital.com"
"14/09/2026 10:26:06","source/repos/SF_VIEWER_AO_SIM/SF_VIEWER_AO_SIM/SF_VIEWER_AO_SIM.csproj.user","1.0","2023-11-06T08:21:11Z","fethy.faradji@infopro-digital.com"
"14/09/2026 10:26:08","source/repos/SF_VIEWER_AO_SIM/SF_VIEWER_AO_SIM/SF_VIEWER_AO_SIM.csproj.user","2.0","2023-11-06T13:32:35Z","fethy.faradji@infopro-digital.com"
"14/09/2026 10:26:09","source/repos/SF_VIEWER_AO_SIM/SF_VIEWER_AO_SIM/Site.Master","1.0","2023-11-06T08:21:08Z","fethy.faradji@infopro-digital.com"
"14/09/2026 10:26:10","source/repos/SF_VIEWER_AO_SIM/SF_VIEWER_AO_SIM/Site.Master.cs","1.0","2023-11-06T08:21:08Z","fethy.faradji@infopro-digital.com"
"14/09/2026 10:26:11","source/repos/SF_VIEWER_AO_SIM/SF_VIEWER_AO_SIM/SF_VIEWER_AO_SIM.csproj.user","3.0","2023-11-07T08:41:31Z","fethy.faradji@infopro-digital.com"
"14/09/2026 10:26:12","source/repos/SF_VIEWER_AO_SIM/SF_VIEWER_AO_SIM/Site.Master.designer.cs","1.0","2023-11-06T08:21:08Z","fethy.faradji@infopro-digital.com"
"14/09/2026 10:26:13","source/repos/SF_VIEWER_AO_SIM/SF_VIEWER_AO_SIM/SF_VIEWER_AO_SIM.csproj.user","4.0","2023-11-07T08:43:00Z","fethy.faradji@infopro-digital.com"
"14/09/2026 10:26:14","source/repos/SF_VIEWER_AO_SIM/SF_VIEWER_AO_SIM/SF_VIEWER_AO_SIM.csproj.user","5.0","2023-11-10T14:28:00Z","fethy.faradji@infopro-digital.com"
"14/09/2026 10:26:15","source/repos/SF_VIEWER_AO_SIM/SF_VIEWER_AO_SIM/Site.Mobile.Master","1.0","2023-11-06T08:21:08Z","fethy.faradji@infopro-digital.com"
"14/09/2026 10:26:15","source/repos/SF_VIEWER_AO_SIM/SF_VIEWER_AO_SIM/Site.Mobile.Master.cs","1.0","2023-11-06T08:21:08Z","fethy.faradji@infopro-digital.com"
"14/09/2026 10:26:16","source/repos/SF_VIEWER_AO_SIM/SF_VIEWER_AO_SIM/Site.Mobile.Master.designer.cs","1.0","2023-11-06T08:21:08Z","fethy.faradji@infopro-digital.com"
"14/09/2026 10:26:19","source/repos/SF_VIEWER_AO_SIM/SF_VIEWER_AO_SIM/ViewSwitcher.ascx","1.0","2023-11-06T08:21:08Z","fethy.faradji@infopro-digital.com"
"14/09/2026 10:26:20","source/repos/SF_VIEWER_AO_SIM/SF_VIEWER_AO_SIM/ViewSwitcher.ascx.cs","1.0","2023-11-06T08:21:08Z","fethy.faradji@infopro-digital.com"
"14/09/2026 10:26:21","source/repos/SF_VIEWER_AO_SIM/SF_VIEWER_AO_SIM/ViewSwitcher.ascx.designer.cs","1.0","2023-11-06T08:21:08Z","fethy.faradji@infopro-digital.com"
"14/09/2026 10:26:22","source/repos/SF_VIEWER_AO_SIM/SF_VIEWER_AO_SIM/Web.config","1.0","2023-11-06T08:21:08Z","fethy.faradji@infopro-digital.com"
"14/09/2026 10:26:24","source/repos/SF_VIEWER_AO_SIM/SF_VIEWER_AO_SIM/Web.Debug.config","1.0","2023-11-06T08:21:08Z","fethy.faradji@infopro-digital.com"
"14/09/2026 10:26:24","source/repos/SF_VIEWER_AO_SIM/SF_VIEWER_AO_SIM/Web.config","2.0","2023-11-06T08:43:03Z","fethy.faradji@infopro-digital.com"
"14/09/2026 10:26:25","source/repos/SF_VIEWER_AO_SIM/SF_VIEWER_AO_SIM/Web.Release.config","1.0","2023-11-06T08:21:08Z","fethy.faradji@infopro-digital.com"
"14/09/2026 10:26:26","source/repos/SF_VIEWER_AO_SIM/SF_VIEWER_AO_SIM/Web.config","3.0","2023-11-06T08:45:14Z","fethy.faradji@infopro-digital.com"
"14/09/2026 10:26:26","source/repos/SF_VIEWER_AO_SIM/.gitattributes","1.0","2023-11-06T08:21:08Z","fethy.faradji@infopro-digital.com"
"14/09/2026 10:26:28","source/repos/SF_VIEWER_AO_SIM/SF_VIEWER_AO_SIM/Web.config","4.0","2023-11-06T08:45:58Z","fethy.faradji@infopro-digital.com"
"14/09/2026 10:26:31","source/repos/SF_VIEWER_AO_SIM/SF_VIEWER_AO_SIM.sln","1.0","2023-11-06T08:21:08Z","fethy.faradji@infopro-digital.com"
"14/09/2026 10:26:31","source/repos/SF_VIEWER_AO_SIM/.gitignore","1.0","2023-11-06T08:21:08Z","fethy.faradji@infopro-digital.com"
"14/09/2026 10:26:34","source/repos/srv_listener_folder/.git/hooks/applypatch-msg.sample","1.0","2023-02-17T15:11:57Z","fethy.faradji@infopro-digital.com"
"14/09/2026 10:26:34","source/repos/srv_listener_folder/.git/hooks/commit-msg.sample","1.0","2023-02-17T15:11:57Z","fethy.faradji@infopro-digital.com"
"14/09/2026 10:26:37","source/repos/srv_listener_folder/.git/hooks/fsmonitor-watchman.sample","1.0","2023-02-17T15:11:57Z","fethy.faradji@infopro-digital.com"
"14/09/2026 10:26:38","source/repos/srv_listener_folder/.git/hooks/post-update.sample","1.0","2023-02-17T15:11:57Z","fethy.faradji@infopro-digital.com"
"14/09/2026 10:26:40","source/repos/srv_listener_folder/.git/hooks/pre-applypatch.sample","1.0","2023-02-17T15:11:57Z","fethy.faradji@infopro-digital.com"
"14/09/2026 10:26:41","source/repos/srv_listener_folder/.git/hooks/pre-commit.sample","1.0","2023-02-17T15:11:57Z","fethy.faradji@infopro-digital.com"
"14/09/2026 10:26:42","source/repos/srv_listener_folder/.git/hooks/pre-merge-commit.sample","1.0","2023-02-17T15:11:57Z","fethy.faradji@infopro-digital.com"
"14/09/2026 10:26:43","source/repos/srv_listener_folder/.git/hooks/prepare-commit-msg.sample","1.0","2023-02-17T15:11:57Z","fethy.faradji@infopro-digital.com"
"14/09/2026 10:26:45","source/repos/srv_listener_folder/.git/hooks/pre-push.sample","1.0","2023-02-17T15:11:57Z","fethy.faradji@infopro-digital.com"
"14/09/2026 10:26:46","source/repos/srv_listener_folder/.git/hooks/pre-rebase.sample","1.0","2023-02-17T15:11:57Z","fethy.faradji@infopro-digital.com"
"14/09/2026 10:26:47","source/repos/srv_listener_folder/.git/hooks/pre-receive.sample","1.0","2023-02-17T15:11:57Z","fethy.faradji@infopro-digital.com"
"14/09/2026 10:26:48","source/repos/srv_listener_folder/.git/hooks/push-to-checkout.sample","1.0","2023-02-17T15:11:57Z","fethy.faradji@infopro-digital.com"
"14/09/2026 10:26:50","source/repos/srv_listener_folder/.git/hooks/update.sample","1.0","2023-02-17T15:11:57Z","fethy.faradji@infopro-digital.com"
"14/09/2026 10:26:53","source/repos/srv_listener_folder/.git/info/exclude","1.0","2023-02-17T15:11:57Z","fethy.faradji@infopro-digital.com"
"14/09/2026 10:26:54","source/repos/srv_listener_folder/.git/logs/refs/heads/master","1.0","2023-02-17T15:12:00Z","fethy.faradji@infopro-digital.com"
"14/09/2026 10:26:55","source/repos/srv_listener_folder/.git/logs/HEAD","1.0","2023-02-17T15:12:00Z","fethy.faradji@infopro-digital.com"
"14/09/2026 10:26:56","source/repos/srv_listener_folder/.git/logs/refs/remotes/origin/master","1.0","2023-02-17T15:12:06Z","fethy.faradji@infopro-digital.com"
"14/09/2026 10:26:59","source/repos/srv_listener_folder/.git/objects/00/e7bef7430afdc3e60c791e4d5900c718606f3b","1.0","2023-02-17T15:12:00Z","fethy.faradji@infopro-digital.com"
"14/09/2026 10:26:59","source/repos/srv_listener_folder/.git/objects/02/654e125f1eae20ecb29be2028b2248cfff9bbd","1.0","2023-02-17T15:12:00Z","fethy.faradji@infopro-digital.com"
"14/09/2026 10:27:00","source/repos/srv_listener_folder/.git/objects/07/9a6301ad00808a07360e3f0dd95f2387764275","1.0","2023-02-17T15:12:00Z","fethy.faradji@infopro-digital.com"
"14/09/2026 10:27:01","source/repos/srv_listener_folder/.git/objects/0a/09fcdba8f319f96b1d92a00453cbf806298f54","1.0","2023-02-17T15:12:00Z","fethy.faradji@infopro-digital.com"
"14/09/2026 10:27:04","source/repos/srv_listener_folder/.git/objects/19/3aecc675e7d4600fde2d37cf350bce7a056948","1.0","2023-02-17T15:12:00Z","fethy.faradji@infopro-digital.com"
"14/09/2026 10:27:04","source/repos/srv_listener_folder/.git/objects/19/a9cdfe8d6bc58bf9822ea5036d65b85da908de","1.0","2023-02-17T15:12:00Z","fethy.faradji@infopro-digital.com"
"14/09/2026 10:27:05","source/repos/srv_listener_folder/.git/objects/1f/f0c423042b46cb1d617b81efb715defbe8054d","1.0","2023-02-17T15:11:57Z","fethy.faradji@infopro-digital.com"
"14/09/2026 10:27:06","source/repos/srv_listener_folder/.git/objects/20/9ecd6bd7b1da756461991b1aca209ffd2da423","1.0","2023-02-17T15:12:00Z","fethy.faradji@infopro-digital.com"
"14/09/2026 10:27:08","source/repos/srv_listener_folder/.git/objects/23/5f1b0bfbba45ec4640aaa7874eab29248bbfde","1.0","2023-02-17T15:12:00Z","fethy.faradji@infopro-digital.com"
"14/09/2026 10:27:09","source/repos/srv_listener_folder/.git/objects/23/6b9505b1646e977ffb01750ece187e556cdc8a","1.0","2023-02-17T15:12:00Z","fethy.faradji@infopro-digital.com"
"14/09/2026 10:27:10","source/repos/srv_listener_folder/.git/objects/2a/44a453ede03bc8aabc589076019cc6ecfb238c","1.0","2023-02-17T15:12:00Z","fethy.faradji@infopro-digital.com"
"14/09/2026 10:27:11","source/repos/srv_listener_folder/.git/objects/31/dd09c24ec8dff531916970fccf9df1abeb0145","1.0","2023-02-17T15:12:00Z","fethy.faradji@infopro-digital.com"
"14/09/2026 10:27:13","source/repos/srv_listener_folder/.git/objects/35/7ba050b90cf6b43cad4ee1e2672e019ee9311b","1.0","2023-02-17T15:12:00Z","fethy.faradji@infopro-digital.com"
"14/09/2026 10:27:13","source/repos/srv_listener_folder/.git/objects/35/e9e49c2ba8a9a9b5d0eb50c1af1a1badaf71ef","1.0","2023-02-17T15:12:00Z","fethy.faradji@infopro-digital.com"
"14/09/2026 10:27:15","source/repos/srv_listener_folder/.git/objects/37/5b489511e37f4356c145a0c07da9381646fe6b","1.0","2023-02-17T15:12:00Z","fethy.faradji@infopro-digital.com"
"14/09/2026 10:27:16","source/repos/srv_listener_folder/.git/objects/38/aceaabeaede09eed2249f6b43855ef52fa1eb6","1.0","2023-02-17T15:12:00Z","fethy.faradji@infopro-digital.com"
"14/09/2026 10:27:18","source/repos/srv_listener_folder/.git/objects/3c/7c436a2433be5730726a437eaf20d9fb13752c","1.0","2023-02-17T15:12:00Z","fethy.faradji@infopro-digital.com"
"14/09/2026 10:27:18","source/repos/srv_listener_folder/.git/objects/4b/67f128420b16fbf9de2aee313e482804cde4fc","1.0","2023-02-17T15:12:00Z","fethy.faradji@infopro-digital.com"
"14/09/2026 10:27:20","source/repos/srv_listener_folder/.git/objects/57/19b087c12ca97ff16ec17c6265ad9458f6ccf0","1.0","2023-02-17T15:12:00Z","fethy.faradji@infopro-digital.com"
"14/09/2026 10:27:21","source/repos/srv_listener_folder/.git/objects/57/7d9cb1af56b1e43d4d36f51cacd395fa2cacda","1.0","2023-02-17T15:12:00Z","fethy.faradji@infopro-digital.com"
"14/09/2026 10:27:23","source/repos/srv_listener_folder/.git/objects/58/df708bb9b3322965d6f4125da358e4afb9b78f","1.0","2023-02-17T15:12:00Z","fethy.faradji@infopro-digital.com"
"14/09/2026 10:27:24","source/repos/srv_listener_folder/.git/objects/66/3a38b18b0b658875799bbb1b57770c5ee03aff","1.0","2023-02-17T15:12:00Z","fethy.faradji@infopro-digital.com"
"14/09/2026 10:27:25","source/repos/srv_listener_folder/.git/objects/6a/9dad64e0a00adae2751a6c76f67367a9c25179","1.0","2023-02-17T15:12:00Z","fethy.faradji@infopro-digital.com"
"14/09/2026 10:27:26","source/repos/srv_listener_folder/.git/objects/6b/0fe0fe31f0e84aab9dfcc2e91be52718ae64b7","1.0","2023-02-17T15:12:00Z","fethy.faradji@infopro-digital.com"
"14/09/2026 10:27:27","source/repos/srv_listener_folder/.git/objects/6d/8fb754f8e7ecf3e507f7cb05f89064af0a234a","1.0","2023-02-17T15:12:00Z","fethy.faradji@infopro-digital.com"
"14/09/2026 10:27:29","source/repos/srv_listener_folder/.git/objects/70/935a1f2af59c245895bc809901ca20e943410e","1.0","2023-02-17T15:12:00Z","fethy.faradji@infopro-digital.com"
"14/09/2026 10:27:29","source/repos/srv_listener_folder/.git/objects/76/2fdf794777e6ee0d580cca4451c40b3b918d9d","1.0","2023-02-17T15:12:00Z","fethy.faradji@infopro-digital.com"
"14/09/2026 10:27:32","source/repos/srv_listener_folder/.git/objects/77/ca7b9eef840890e186d5fbe875bfda1d9922f6","1.0","2023-02-17T15:12:00Z","fethy.faradji@infopro-digital.com"
"14/09/2026 10:27:32","source/repos/srv_listener_folder/.git/objects/7f/e25acbf2c95b035126514de7a8196187881b1d","1.0","2023-02-17T15:12:00Z","fethy.faradji@infopro-digital.com"
"14/09/2026 10:27:33","source/repos/srv_listener_folder/.git/objects/82/0970d15c69600a67193b2679b59fc498d2b259","1.0","2023-02-17T15:12:00Z","fethy.faradji@infopro-digital.com"
"14/09/2026 10:27:34","source/repos/srv_listener_folder/.git/objects/88/32045c65f7cc605a46ab01543af27a99719c9e","1.0","2023-02-17T15:12:00Z","fethy.faradji@infopro-digital.com"
"14/09/2026 10:27:37","source/repos/srv_listener_folder/.git/objects/89/71647de3da500af8d8ebe52683cadbc5d75dd6","1.0","2023-02-17T15:12:00Z","fethy.faradji@infopro-digital.com"
"14/09/2026 10:27:37","source/repos/srv_listener_folder/.git/objects/8a/0e6abaa33a48e427360715223480ad266b49e2","1.0","2023-02-17T15:12:00Z","fethy.faradji@infopro-digital.com"
"14/09/2026 10:27:38","source/repos/srv_listener_folder/.git/objects/90/f0cab2ce3c24e332b784ead4d83dbe4ffbd76d","1.0","2023-02-17T15:12:00Z","fethy.faradji@infopro-digital.com"
"14/09/2026 10:27:38","source/repos/srv_listener_folder/.git/objects/90/f9b6280cf6076039a488eaac9d923c4451105c","1.0","2023-02-17T15:12:00Z","fethy.faradji@infopro-digital.com"
"14/09/2026 10:27:41","source/repos/srv_listener_folder/.git/objects/94/91a2fda28342ab358eaf234e1afe0c07a53d62","1.0","2023-02-17T15:11:57Z","fethy.faradji@infopro-digital.com"
"14/09/2026 10:27:41","source/repos/srv_listener_folder/.git/objects/94/f1cb7ff7ce062dc00cb7446e89b6dcb862c524","1.0","2023-02-17T15:12:00Z","fethy.faradji@infopro-digital.com"
"14/09/2026 10:27:43","source/repos/srv_listener_folder/.git/objects/98/0b878f60cca7e5e35f0cf5fcbb607e421fc160","1.0","2023-02-17T15:12:00Z","fethy.faradji@infopro-digital.com"
"14/09/2026 10:27:43","source/repos/srv_listener_folder/.git/objects/98/5cc923f699881385604d72665bfd2f9cb56e36","1.0","2023-02-17T15:12:00Z","fethy.faradji@infopro-digital.com"
"14/09/2026 10:27:45","source/repos/srv_listener_folder/.git/objects/9d/9c17999229f68ed12a2d04e17197f8bfb13307","1.0","2023-02-17T15:12:00Z","fethy.faradji@infopro-digital.com"
"14/09/2026 10:27:47","source/repos/srv_listener_folder/.git/objects/b4/58bede2dd6f233dc706cd673ba27e9f406e901","1.0","2023-02-17T15:12:00Z","fethy.faradji@infopro-digital.com"
"14/09/2026 10:27:47","source/repos/srv_listener_folder/.git/objects/b4/3c528a0e171fb9942a58b3c3e9ac476c8938ea","1.0","2023-02-17T15:12:00Z","fethy.faradji@infopro-digital.com"
"14/09/2026 10:27:48","source/repos/srv_listener_folder/.git/objects/c0/06821bd6484ece11fd925144e4fcfe378c94da","1.0","2023-02-17T15:12:00Z","fethy.faradji@infopro-digital.com"
"14/09/2026 10:27:50","source/repos/srv_listener_folder/.git/objects/c1/5b6f57758efaea4fcc0d6da060e84031975018","1.0","2023-02-17T15:12:00Z","fethy.faradji@infopro-digital.com"
"14/09/2026 10:27:52","source/repos/srv_listener_folder/.git/objects/cb/fb2029f64098a360c6e5b60bdf14e7f3b26ce0","1.0","2023-02-17T15:12:00Z","fethy.faradji@infopro-digital.com"
"14/09/2026 10:27:52","source/repos/srv_listener_folder/.git/objects/ca/68f32fc45a56f1b6138d73f53912a866c5fbff","1.0","2023-02-17T15:12:00Z","fethy.faradji@infopro-digital.com"
"14/09/2026 10:27:53","source/repos/srv_listener_folder/.git/objects/d5/66e1f8f8f4a021f5194d27bf0478370f9b1b57","1.0","2023-02-17T15:12:00Z","fethy.faradji@infopro-digital.com"
"14/09/2026 10:27:55","source/repos/srv_listener_folder/.git/objects/d7/b69dd7a3a7c357ab591b2c29ae03bf8d5542f3","1.0","2023-02-17T15:12:00Z","fethy.faradji@infopro-digital.com"
"14/09/2026 10:27:56","source/repos/srv_listener_folder/.git/objects/dd/8938054e903738b6f80711ec314795ba43bfbc","1.0","2023-02-17T15:12:00Z","fethy.faradji@infopro-digital.com"
"14/09/2026 10:27:57","source/repos/srv_listener_folder/.git/objects/df/2d76a8f9e38cf5fe54ad0a4cdb0725bf9b1adc","1.0","2023-02-17T15:11:57Z","fethy.faradji@infopro-digital.com"
"14/09/2026 10:27:57","source/repos/srv_listener_folder/.git/objects/ee/e2d5cfc4aee2d6022f8349976fa883a01e553c","1.0","2023-02-17T15:12:00Z","fethy.faradji@infopro-digital.com"
"14/09/2026 10:27:59","source/repos/srv_listener_folder/.git/objects/ee/f638d4a17c292107c04bb4a268dd5bc3565a8b","1.0","2023-02-17T15:12:00Z","fethy.faradji@infopro-digital.com"
"14/09/2026 10:28:01","source/repos/srv_listener_folder/.git/objects/f0/d3a70ceaa69fb70811f58254dc738e0f939eac","1.0","2023-02-17T15:11:57Z","fethy.faradji@infopro-digital.com"
"14/09/2026 10:28:02","source/repos/srv_listener_folder/.git/objects/f1/1243e18ccda3e88ee4138840c5162de567dbe4","1.0","2023-02-17T15:12:00Z","fethy.faradji@infopro-digital.com"
"14/09/2026 10:28:03","source/repos/srv_listener_folder/.git/refs/heads/master","1.0","2023-02-17T15:12:00Z","fethy.faradji@infopro-digital.com"
"14/09/2026 10:28:05","source/repos/srv_listener_folder/.git/refs/remotes/origin/master","1.0","2023-02-17T15:12:06Z","fethy.faradji@infopro-digital.com"
"14/09/2026 10:28:05","source/repos/srv_listener_folder/.git/COMMIT_EDITMSG","1.0","2023-02-17T15:12:00Z","fethy.faradji@infopro-digital.com"
"14/09/2026 10:28:06","source/repos/srv_listener_folder/.git/config","1.0","2023-02-17T15:12:06Z","fethy.faradji@infopro-digital.com"
"14/09/2026 10:28:07","source/repos/srv_listener_folder/.git/description","1.0","2023-02-17T15:11:57Z","fethy.faradji@infopro-digital.com"
"14/09/2026 10:28:09","source/repos/srv_listener_folder/.git/HEAD","1.0","2023-02-17T15:11:57Z","fethy.faradji@infopro-digital.com"
"14/09/2026 10:28:09","source/repos/srv_listener_folder/.git/FETCH_HEAD","1.0","2023-02-17T15:12:11Z","fethy.faradji@infopro-digital.com"
"14/09/2026 10:28:10","source/repos/srv_listener_folder/.git/index","1.0","2023-02-17T15:12:00Z","fethy.faradji@infopro-digital.com"
"14/09/2026 10:28:11","source/repos/srv_listener_folder/.git/FETCH_HEAD","2.0","2023-10-09T12:04:20Z","fethy.faradji@infopro-digital.com"
"14/09/2026 10:28:11","source/repos/srv_listener_folder/.git/ms-persist.xml","1.0","2023-10-18T13:44:47Z","fethy.faradji@infopro-digital.com"
"14/09/2026 10:28:13","source/repos/srv_listener_folder/.git/ORIG_HEAD","1.0","2023-10-09T12:04:20Z","fethy.faradji@infopro-digital.com"
"14/09/2026 10:28:15","source/repos/srv_listener_folder/.vs/srv_listener_folder/FileContentIndex/a053a8be-59aa-4b5a-980d-79bb12216c12.vsidx","1.0","2024-02-28T10:23:59Z","fethy.faradji@infopro-digital.com"
"14/09/2026 10:28:15","source/repos/srv_listener_folder/.vs/srv_listener_folder/v16/.suo","2.0","2022-12-05T17:29:33Z","fethy.faradji@infopro-digital.com"
"14/09/2026 10:28:16","source/repos/srv_listener_folder/.vs/srv_listener_folder/v17/.suo","1.0","2023-01-30T13:24:32Z","fethy.faradji@infopro-digital.com"
"14/09/2026 10:28:17","source/repos/srv_listener_folder/.vs/srv_listener_folder/v17/.wsuo","1.0","2023-06-28T15:20:31Z","fethy.faradji@infopro-digital.com"
"14/09/2026 10:28:17","source/repos/srv_listener_folder/.vs/srv_listener_folder/v16/.suo","1.0","2022-12-13T16:50:12Z","fethy.faradji@infopro-digital.com"
"14/09/2026 10:28:17","source/repos/srv_listener_folder/.vs/srv_listener_folder/v17/.suo","2.0","2023-02-17T15:12:01Z","fethy.faradji@infopro-digital.com"
"14/09/2026 10:28:18","source/repos/srv_listener_folder/.vs/srv_listener_folder/v16/.suo","3.0","2023-04-28T14:53:22Z","fethy.faradji@infopro-digital.com"
"14/09/2026 10:28:18","source/repos/srv_listener_folder/.vs/srv_listener_folder/v17/.wsuo","2.0","2023-10-18T13:41:39Z","fethy.faradji@infopro-digital.com"
"14/09/2026 10:28:19","source/repos/srv_listener_folder/.vs/srv_listener_folder/v17/.suo","3.0","2023-02-22T10:04:35Z","fethy.faradji@infopro-digital.com"
"14/09/2026 10:28:19","source/repos/srv_listener_folder/.vs/srv_listener_folder/v16/.suo","4.0","2023-05-25T08:25:11Z","fethy.faradji@infopro-digital.com"
"14/09/2026 10:28:20","source/repos/srv_listener_folder/.vs/srv_listener_folder/v17/.suo","4.0","2023-06-28T15:11:20Z","fethy.faradji@infopro-digital.com"
"14/09/2026 10:28:20","source/repos/srv_listener_folder/.vs/srv_listener_folder/v17/DocumentLayout.json","1.0","2024-02-21T13:30:04Z","fethy.faradji@infopro-digital.com"
"14/09/2026 10:28:20","source/repos/srv_listener_folder/.vs/srv_listener_folder/v16/.suo","5.0","2023-05-26T08:43:05Z","fethy.faradji@infopro-digital.com"
"14/09/2026 10:28:21","source/repos/srv_listener_folder/.vs/srv_listener_folder/v17/.suo","5.0","2023-06-28T15:18:06Z","fethy.faradji@infopro-digital.com"
"14/09/2026 10:28:21","source/repos/srv_listener_folder/.vs/srv_listener_folder/v16/.suo","6.0","2023-05-26T08:43:05Z","fethy.faradji@infopro-digital.com"
"14/09/2026 10:28:22","source/repos/srv_listener_folder/.vs/srv_listener_folder/v17/DocumentLayout.json","2.0","2024-02-21T14:25:45Z","fethy.faradji@infopro-digital.com"
"14/09/2026 10:28:22","source/repos/srv_listener_folder/.vs/ProjectSettings.json","1.0","2023-06-28T15:07:39Z","fethy.faradji@infopro-digital.com"
"14/09/2026 10:28:22","source/repos/srv_listener_folder/.vs/srv_listener_folder/v16/.suo","7.0","2023-07-31T15:24:42Z","fethy.faradji@infopro-digital.com"
"14/09/2026 10:28:22","source/repos/srv_listener_folder/.vs/srv_listener_folder/v17/.suo","6.0","2023-06-28T15:18:51Z","fethy.faradji@infopro-digital.com"
"14/09/2026 10:28:23","source/repos/srv_listener_folder/.vs/srv_listener_folder/v17/DocumentLayout.json","3.0","2024-02-21T14:38:16Z","fethy.faradji@infopro-digital.com"
"14/09/2026 10:28:24","source/repos/srv_listener_folder/.vs/srv_listener_folder/v16/.suo","8.0","2024-02-28T12:17:18Z","fethy.faradji@infopro-digital.com"
"14/09/2026 10:28:24","source/repos/srv_listener_folder/.vs/srv_listener_folder/v17/.suo","7.0","2023-06-28T15:21:01Z","fethy.faradji@infopro-digital.com"
"14/09/2026 10:28:24","source/repos/srv_listener_folder/.vs/srv_listener_folder/v17/DocumentLayout.json","4.0","2024-02-28T10:34:37Z","fethy.faradji@infopro-digital.com"
"14/09/2026 10:28:24","source/repos/srv_listener_folder/.vs/srv_listener_folder/v16/.suo","9.0","2024-02-28T13:26:04Z","fethy.faradji@infopro-digital.com"
"14/09/2026 10:28:25","source/repos/srv_listener_folder/.vs/srv_listener_folder/v17/.suo","8.0","2023-10-05T14:56:32Z","fethy.faradji@infopro-digital.com"
"14/09/2026 10:28:25","source/repos/srv_listener_folder/.vs/srv_listener_folder/v17/DocumentLayout.json","5.0","2024-02-28T10:36:51Z","fethy.faradji@infopro-digital.com"
"14/09/2026 10:28:26","source/repos/srv_listener_folder/.vs/srv_listener_folder/v16/.suo","10.0","2024-02-28T13:26:30Z","fethy.faradji@infopro-digital.com"
"14/09/2026 10:28:26","source/repos/srv_listener_folder/.vs/srv_listener_folder/v17/.suo","9.0","2023-10-09T12:08:27Z","fethy.faradji@infopro-digital.com"
"14/09/2026 10:28:26","source/repos/srv_listener_folder/.vs/srv_listener_folder/v17/DocumentLayout.json","6.0","2024-02-28T12:06:12Z","fethy.faradji@infopro-digital.com"
"14/09/2026 10:28:27","source/repos/srv_listener_folder/.vs/srv_listener_folder/v17/.suo","10.0","2023-10-09T12:09:03Z","fethy.faradji@infopro-digital.com"
"14/09/2026 10:28:27","source/repos/srv_listener_folder/.vs/srv_listener_folder/v16/.suo","11.0","2024-02-28T14:25:00Z","fethy.faradji@infopro-digital.com"
"14/09/2026 10:28:28","source/repos/srv_listener_folder/.vs/slnx.sqlite","1.0","2023-06-28T15:07:41Z","fethy.faradji@infopro-digital.com"
"14/09/2026 10:28:28","source/repos/srv_listener_folder/.vs/srv_listener_folder/v16/.suo","12.0","2024-02-28T14:25:28Z","fethy.faradji@infopro-digital.com"
"14/09/2026 10:28:28","source/repos/srv_listener_folder/.vs/srv_listener_folder/v17/.suo","11.0","2023-10-10T15:23:15Z","fethy.faradji@infopro-digital.com"
"14/09/2026 10:28:29","source/repos/srv_listener_folder/.vs/srv_listener_folder/v16/.suo","13.0","2024-02-28T14:25:47Z","fethy.faradji@infopro-digital.com"
"14/09/2026 10:28:30","source/repos/srv_listener_folder/.vs/slnx.sqlite","2.0","2023-06-28T15:21:01Z","fethy.faradji@infopro-digital.com"
"14/09/2026 10:28:30","source/repos/srv_listener_folder/.vs/srv_listener_folder/v16/.suo","14.0","2024-02-28T14:26:29Z","fethy.faradji@infopro-digital.com"
"14/09/2026 10:28:30","source/repos/srv_listener_folder/.vs/srv_listener_folder/v17/.suo","12.0","2023-10-18T13:42:10Z","fethy.faradji@infopro-digital.com"
"14/09/2026 10:28:31","source/repos/srv_listener_folder/.vs/srv_listener_folder/v16/.suo","15.0","2024-02-29T11:02:35Z","fethy.faradji@infopro-digital.com"
"14/09/2026 10:28:31","source/repos/srv_listener_folder/.vs/srv_listener_folder/v17/.suo","13.0","2023-10-18T13:44:53Z","fethy.faradji@infopro-digital.com"
"14/09/2026 10:28:32","source/repos/srv_listener_folder/.vs/VSWorkspaceState.json","1.0","2023-06-28T15:21:01Z","fethy.faradji@infopro-digital.com"
"14/09/2026 10:28:32","source/repos/srv_listener_folder/.vs/srv_listener_folder/v16/.suo","16.0","2024-02-29T11:03:22Z","fethy.faradji@infopro-digital.com"
"14/09/2026 10:28:32","source/repos/srv_listener_folder/.vs/srv_listener_folder/v17/.suo","14.0","2024-01-25T09:52:15Z","fethy.faradji@infopro-digital.com"
"14/09/2026 10:28:33","source/repos/srv_listener_folder/.vs/VSWorkspaceState.json","2.0","2023-10-18T13:44:53Z","fethy.faradji@infopro-digital.com"
"14/09/2026 10:28:33","source/repos/srv_listener_folder/.vs/srv_listener_folder/v17/.suo","15.0","2024-01-25T09:52:27Z","fethy.faradji@infopro-digital.com"
"14/09/2026 10:28:33","source/repos/srv_listener_folder/.vs/srv_listener_folder/v16/.suo","17.0","2024-02-29T11:06:52Z","fethy.faradji@infopro-digital.com"
"14/09/2026 10:28:34","source/repos/srv_listener_folder/.vs/srv_listener_folder/v16/.suo","18.0","2024-02-29T11:33:36Z","fethy.faradji@infopro-digital.com"
"14/09/2026 10:28:35","source/repos/srv_listener_folder/.vs/srv_listener_folder/v17/.suo","16.0","2024-01-25T10:02:11Z","fethy.faradji@infopro-digital.com"
"14/09/2026 10:28:35","source/repos/srv_listener_folder/.vs/srv_listener_folder/v16/.suo","19.0","2024-02-29T11:34:40Z","fethy.faradji@infopro-digital.com"
"14/09/2026 10:28:36","source/repos/srv_listener_folder/.vs/srv_listener_folder/v17/.suo","17.0","2024-01-26T08:24:32Z","fethy.faradji@infopro-digital.com"
"14/09/2026 10:28:36","source/repos/srv_listener_folder/ConsoleApp1/obj/Debug/.NETFramework,Version=v4.8.AssemblyAttributes.cs","1.0","2023-06-28T15:07:40Z","fethy.faradji@infopro-digital.com"
"14/09/2026 10:28:36","source/repos/srv_listener_folder/.vs/srv_listener_folder/v16/.suo","20.0","2024-02-29T13:20:02Z","fethy.faradji@infopro-digital.com"
"14/09/2026 10:28:37","source/repos/srv_listener_folder/.vs/srv_listener_folder/v17/.suo","18.0","2024-02-21T13:16:30Z","fethy.faradji@infopro-digital.com"
"14/09/2026 10:28:37","source/repos/srv_listener_folder/ConsoleApp1/obj/Debug/ConsoleApp1.csproj.AssemblyReference.cache","1.0","2022-12-07T09:25:17Z","fethy.faradji@infopro-digital.com"
"14/09/2026 10:28:38","source/repos/srv_listener_folder/.vs/srv_listener_folder/v16/.suo","21.0","2024-03-01T08:22:07Z","fethy.faradji@infopro-digital.com"
"14/09/2026 10:28:38","source/repos/srv_listener_folder/.vs/srv_listener_folder/v17/.suo","19.0","2024-02-21T13:30:04Z","fethy.faradji@infopro-digital.com"
"14/09/2026 10:28:39","source/repos/srv_listener_folder/.vs/srv_listener_folder/v17/.suo","20.0","2024-02-21T14:18:11Z","fethy.faradji@infopro-digital.com"
"14/09/2026 10:28:39","source/repos/srv_listener_folder/ConsoleApp1/obj/Debug/DesignTimeResolveAssemblyReferencesInput.cache","1.0","2022-12-07T09:25:17Z","fethy.faradji@infopro-digital.com"
"14/09/2026 10:28:40","source/repos/srv_listener_folder/.vs/srv_listener_folder/v17/.suo","21.0","2024-02-21T14:18:59Z","fethy.faradji@infopro-digital.com"
"14/09/2026 10:28:41","source/repos/srv_listener_folder/ConsoleApp1/obj/Release/.NETFramework,Version=v4.8.AssemblyAttributes.cs","1.0","2023-06-28T15:07:40Z","fethy.faradji@infopro-digital.com"
"14/09/2026 10:28:41","source/repos/srv_listener_folder/.vs/srv_listener_folder/v17/.suo","22.0","2024-02-21T14:25:45Z","fethy.faradji@infopro-digital.com"
"14/09/2026 10:28:42","source/repos/srv_listener_folder/ConsoleApp1/Properties/AssemblyInfo.cs","1.0","2022-12-07T09:25:16Z","fethy.faradji@infopro-digital.com"
"14/09/2026 10:28:43","source/repos/srv_listener_folder/.vs/srv_listener_folder/v17/.suo","23.0","2024-02-21T14:38:17Z","fethy.faradji@infopro-digital.com"
"14/09/2026 10:28:43","source/repos/srv_listener_folder/ConsoleApp1/App.config","1.0","2022-12-07T09:25:13Z","fethy.faradji@infopro-digital.com"
"14/09/2026 10:28:44","source/repos/srv_listener_folder/.vs/srv_listener_folder/v17/.suo","24.0","2024-02-28T10:24:17Z","fethy.faradji@infopro-digital.com"
"14/09/2026 10:28:45","source/repos/srv_listener_folder/ConsoleApp1/ConsoleApp1.csproj","1.0","2022-12-07T09:25:13Z","fethy.faradji@infopro-digital.com"
"14/09/2026 10:28:46","source/repos/srv_listener_folder/.vs/srv_listener_folder/v17/.suo","25.0","2024-02-28T10:34:38Z","fethy.faradji@infopro-digital.com"
"14/09/2026 10:28:47","source/repos/srv_listener_folder/.vs/srv_listener_folder/v17/.suo","26.0","2024-02-28T10:36:52Z","fethy.faradji@infopro-digital.com"
"14/09/2026 10:28:47","source/repos/srv_listener_folder/ConsoleApp1/Program.cs","1.0","2022-12-07T09:25:16Z","fethy.faradji@infopro-digital.com"
"14/09/2026 10:28:48","source/repos/srv_listener_folder/.vs/srv_listener_folder/v17/.suo","27.0","2024-02-28T10:37:36Z","fethy.faradji@infopro-digital.com"
"14/09/2026 10:28:49","source/repos/srv_listener_folder/.vs/srv_listener_folder/v17/.suo","28.0","2024-02-28T12:06:13Z","fethy.faradji@infopro-digital.com"
"14/09/2026 10:28:51","source/repos/srv_listener_folder/ConsoleApp2/bin/Debug/gestionStatutIntegrateur.exe.config","1.0","2023-01-09T16:20:29Z","fethy.faradji@infopro-digital.com"
"14/09/2026 10:28:51","source/repos/srv_listener_folder/ConsoleApp2/bin/Debug/gestionStatutIntegrateur.exe","1.0","2023-01-30T13:24:37Z","fethy.faradji@infopro-digital.com"
"14/09/2026 10:28:52","source/repos/srv_listener_folder/ConsoleApp2/bin/Debug/gestionStatutIntegrateur.exe","2.0","2024-01-25T09:52:16Z","fethy.faradji@infopro-digital.com"
"14/09/2026 10:28:53","source/repos/srv_listener_folder/ConsoleApp2/bin/Debug/gestionStatutIntegrateur.pdb","1.0","2023-01-30T13:24:37Z","fethy.faradji@infopro-digital.com"
"14/09/2026 10:28:53","source/repos/srv_listener_folder/ConsoleApp2/bin/Debug/gestionStatutIntegrateur.exe","3.0","2024-02-21T13:30:07Z","fethy.faradji@infopro-digital.com"
"14/09/2026 10:28:53","source/repos/srv_listener_folder/ConsoleApp2/bin/Debug/Microsoft.Bcl.AsyncInterfaces.dll","1.0","2021-10-22T23:42:08Z","fethy.faradji@infopro-digital.com"
"14/09/2026 10:28:54","source/repos/srv_listener_folder/ConsoleApp2/bin/Debug/Microsoft.Bcl.AsyncInterfaces.xml","1.0","2021-10-22T23:42:08Z","fethy.faradji@infopro-digital.com"
"14/09/2026 10:28:54","source/repos/srv_listener_folder/ConsoleApp2/bin/Debug/gestionStatutIntegrateur.pdb","2.0","2024-01-25T09:52:16Z","fethy.faradji@infopro-digital.com"
"14/09/2026 10:28:55","source/repos/srv_listener_folder/ConsoleApp2/bin/Debug/gestionStatutIntegrateur.exe","4.0","2024-02-28T13:26:08Z","fethy.faradji@infopro-digital.com"
"14/09/2026 10:28:55","source/repos/srv_listener_folder/ConsoleApp2/bin/Debug/gestionStatutIntegrateur.pdb","3.0","2024-02-21T13:30:07Z","fethy.faradji@infopro-digital.com"
"14/09/2026 10:28:56","source/repos/srv_listener_folder/ConsoleApp2/bin/Debug/gestionStatutIntegrateur.pdb","4.0","2024-02-28T13:26:08Z","fethy.faradji@infopro-digital.com"
"14/09/2026 10:28:57","source/repos/srv_listener_folder/ConsoleApp2/bin/Debug/Oracle.ManagedDataAccess.dll","1.0","2022-10-11T17:31:12Z","fethy.faradji@infopro-digital.com"
"14/09/2026 10:28:58","source/repos/srv_listener_folder/ConsoleApp2/bin/Debug/System.Buffers.xml","1.0","2020-02-19T10:05:18Z","fethy.faradji@infopro-digital.com"
"14/09/2026 10:28:58","source/repos/srv_listener_folder/ConsoleApp2/bin/Debug/System.Buffers.dll","1.0","2020-02-19T10:05:18Z","fethy.faradji@infopro-digital.com"
"14/09/2026 10:28:59","source/repos/srv_listener_folder/ConsoleApp2/bin/Debug/System.Configuration.ConfigurationManager.dll","1.0","2022-10-18T16:34:08Z","fethy.faradji@infopro-digital.com"
"14/09/2026 10:29:01","source/repos/srv_listener_folder/ConsoleApp2/bin/Debug/System.Memory.dll","1.0","2020-02-19T10:05:18Z","fethy.faradji@infopro-digital.com"
"14/09/2026 10:29:01","source/repos/srv_listener_folder/ConsoleApp2/bin/Debug/System.Configuration.ConfigurationManager.xml","1.0","2022-10-18T16:34:08Z","fethy.faradji@infopro-digital.com"
"14/09/2026 10:29:02","source/repos/srv_listener_folder/ConsoleApp2/bin/Debug/System.Memory.xml","1.0","2020-02-19T10:05:18Z","fethy.faradji@infopro-digital.com"
"14/09/2026 10:29:03","source/repos/srv_listener_folder/ConsoleApp2/bin/Debug/System.Numerics.Vectors.dll","1.0","2018-05-15T13:29:44Z","fethy.faradji@infopro-digital.com"
"14/09/2026 10:29:05","source/repos/srv_listener_folder/ConsoleApp2/bin/Debug/System.Numerics.Vectors.xml","1.0","2018-05-15T13:29:44Z","fethy.faradji@infopro-digital.com"
"14/09/2026 10:29:05","source/repos/srv_listener_folder/ConsoleApp2/bin/Debug/System.Runtime.CompilerServices.Unsafe.dll","1.0","2021-10-22T23:40:18Z","fethy.faradji@infopro-digital.com"
"14/09/2026 10:29:06","source/repos/srv_listener_folder/ConsoleApp2/bin/Debug/System.Runtime.CompilerServices.Unsafe.xml","1.0","2021-10-19T07:14:20Z","fethy.faradji@infopro-digital.com"
"14/09/2026 10:29:07","source/repos/srv_listener_folder/ConsoleApp2/bin/Debug/System.Security.AccessControl.dll","1.0","2021-10-22T23:45:08Z","fethy.faradji@infopro-digital.com"
"14/09/2026 10:29:10","source/repos/srv_listener_folder/ConsoleApp2/bin/Debug/System.Security.AccessControl.xml","1.0","2021-10-19T07:14:20Z","fethy.faradji@infopro-digital.com"
"14/09/2026 10:29:10","source/repos/srv_listener_folder/ConsoleApp2/bin/Debug/System.Security.Permissions.dll","1.0","2022-10-18T16:34:02Z","fethy.faradji@infopro-digital.com"
"14/09/2026 10:29:11","source/repos/srv_listener_folder/ConsoleApp2/bin/Debug/System.Security.Permissions.xml","1.0","2022-10-18T16:34:02Z","fethy.faradji@infopro-digital.com"
"14/09/2026 10:29:12","source/repos/srv_listener_folder/ConsoleApp2/bin/Debug/System.Security.Principal.Windows.dll","1.0","2020-10-19T18:46:28Z","fethy.faradji@infopro-digital.com"
"14/09/2026 10:29:13","source/repos/srv_listener_folder/ConsoleApp2/bin/Debug/System.Security.Principal.Windows.xml","1.0","2020-10-09T20:10:54Z","fethy.faradji@infopro-digital.com"
"14/09/2026 10:29:14","source/repos/srv_listener_folder/ConsoleApp2/bin/Debug/System.Text.Encodings.Web.dll","1.0","2021-10-22T23:41:14Z","fethy.faradji@infopro-digital.com"
"14/09/2026 10:29:15","source/repos/srv_listener_folder/ConsoleApp2/bin/Debug/System.Text.Encodings.Web.xml","1.0","2021-10-19T07:14:20Z","fethy.faradji@infopro-digital.com"
"14/09/2026 10:29:16","source/repos/srv_listener_folder/ConsoleApp2/bin/Debug/System.Text.Json.dll","1.0","2021-10-22T23:44:26Z","fethy.faradji@infopro-digital.com"
"14/09/2026 10:29:17","source/repos/srv_listener_folder/ConsoleApp2/bin/Debug/System.Text.Json.xml","1.0","2021-10-19T07:14:20Z","fethy.faradji@infopro-digital.com"
"14/09/2026 10:29:18","source/repos/srv_listener_folder/ConsoleApp2/bin/Debug/System.Threading.Tasks.Extensions.dll","1.0","2020-02-19T10:05:18Z","fethy.faradji@infopro-digital.com"
"14/09/2026 10:29:20","source/repos/srv_listener_folder/ConsoleApp2/bin/Debug/System.Threading.Tasks.Extensions.xml","1.0","2020-02-19T10:05:18Z","fethy.faradji@infopro-digital.com"
"14/09/2026 10:29:20","source/repos/srv_listener_folder/ConsoleApp2/bin/Debug/System.ValueTuple.dll","1.0","2018-05-15T13:29:52Z","fethy.faradji@infopro-digital.com"
"14/09/2026 10:29:22","source/repos/srv_listener_folder/ConsoleApp2/bin/Debug/System.ValueTuple.xml","1.0","2018-05-15T13:29:52Z","fethy.faradji@infopro-digital.com"
"14/09/2026 10:29:23","source/repos/srv_listener_folder/ConsoleApp2/obj/Debug/.NETFramework,Version=v4.8.AssemblyAttributes.cs","1.0","2024-02-28T12:12:08Z","fethy.faradji@infopro-digital.com"
"14/09/2026 10:29:24","source/repos/srv_listener_folder/ConsoleApp2/obj/Debug/ConsoleApp2.csproj.AssemblyReference.cache","1.0","2023-01-09T15:45:44Z","fethy.faradji@infopro-digital.com"
"14/09/2026 10:29:24","source/repos/srv_listener_folder/ConsoleApp2/obj/Debug/ConsoleApp2.csproj.CopyComplete","1.0","2023-01-09T15:45:50Z","fethy.faradji@infopro-digital.com"
"14/09/2026 10:29:26","source/repos/srv_listener_folder/ConsoleApp2/obj/Debug/ConsoleApp2.csproj.CoreCompileInputs.cache","1.0","2023-01-09T15:45:44Z","fethy.faradji@infopro-digital.com"
"14/09/2026 10:29:27","source/repos/srv_listener_folder/ConsoleApp2/obj/Debug/ConsoleApp2.csproj.FileListAbsolute.txt","1.0","2023-01-09T15:45:50Z","fethy.faradji@infopro-digital.com"
"14/09/2026 10:29:28","source/repos/srv_listener_folder/ConsoleApp2/obj/Debug/ConsoleApp2.csproj.SuggestedBindingRedirects.cache","1.0","2023-01-09T15:28:27Z","fethy.faradji@infopro-digital.com"
"14/09/2026 10:29:28","source/repos/srv_listener_folder/ConsoleApp2/obj/Debug/DesignTimeResolveAssemblyReferences.cache","1.0","2023-01-09T15:36:42Z","fethy.faradji@infopro-digital.com"
"14/09/2026 10:29:30","source/repos/srv_listener_folder/ConsoleApp2/obj/Debug/DesignTimeResolveAssemblyReferencesInput.cache","1.0","2023-01-09T16:25:54Z","fethy.faradji@infopro-digital.com"
"14/09/2026 10:29:31","source/repos/srv_listener_folder/ConsoleApp2/obj/Debug/gestionStatutIntegrateur.csproj.AssemblyReference.cache","1.0","2023-01-09T16:24:53Z","fethy.faradji@infopro-digital.com"
"14/09/2026 10:29:31","source/repos/srv_listener_folder/ConsoleApp2/obj/Debug/DesignTimeResolveAssemblyReferencesInput.cache","2.0","2023-02-17T15:11:34Z","fethy.faradji@infopro-digital.com"
"14/09/2026 10:29:32","source/repos/srv_listener_folder/ConsoleApp2/obj/Debug/gestionStatutIntegrateur.csproj.AssemblyReference.cache","2.0","2023-02-17T15:11:34Z","fethy.faradji@infopro-digital.com"
"14/09/2026 10:29:33","source/repos/srv_listener_folder/ConsoleApp2/obj/Debug/DesignTimeResolveAssemblyReferencesInput.cache","3.0","2023-04-28T14:51:43Z","fethy.faradji@infopro-digital.com"
"14/09/2026 10:29:33","source/repos/srv_listener_folder/ConsoleApp2/obj/Debug/gestionStatutIntegrateur.csproj.CoreCompileInputs.cache","1.0","2023-01-09T16:24:53Z","fethy.faradji@infopro-digital.com"
"14/09/2026 10:29:33","source/repos/srv_listener_folder/ConsoleApp2/obj/Debug/gestionStatutIntegrateur.csproj.FileListAbsolute.txt","1.0","2023-01-09T16:26:03Z","fethy.faradji@infopro-digital.com"
"14/09/2026 10:29:33","source/repos/srv_listener_folder/ConsoleApp2/obj/Debug/gestionStatutIntegrateur.csproj.AssemblyReference.cache","3.0","2023-04-28T14:51:43Z","fethy.faradji@infopro-digital.com"
"14/09/2026 10:29:34","source/repos/srv_listener_folder/ConsoleApp2/obj/Debug/DesignTimeResolveAssemblyReferencesInput.cache","4.0","2024-02-21T13:16:16Z","fethy.faradji@infopro-digital.com"
"14/09/2026 10:29:34","source/repos/srv_listener_folder/ConsoleApp2/obj/Debug/gestionStatutIntegrateur.csproj.CoreCompileInputs.cache","2.0","2024-01-25T09:52:15Z","fethy.faradji@infopro-digital.com"
"14/09/2026 10:29:34","source/repos/srv_listener_folder/ConsoleApp2/obj/Debug/gestionStatutIntegrateur.csproj.AssemblyReference.cache","4.0","2023-06-28T15:07:40Z","fethy.faradji@infopro-digital.com"
"14/09/2026 10:29:35","source/repos/srv_listener_folder/ConsoleApp2/obj/Debug/DesignTimeResolveAssemblyReferencesInput.cache","5.0","2024-02-28T12:12:08Z","fethy.faradji@infopro-digital.com"
"14/09/2026 10:29:35","source/repos/srv_listener_folder/ConsoleApp2/obj/Debug/gestionStatutIntegrateur.csproj.FileListAbsolute.txt","2.0","2024-01-25T09:52:16Z","fethy.faradji@infopro-digital.com"
"14/09/2026 10:29:35","source/repos/srv_listener_folder/ConsoleApp2/obj/Debug/gestionStatutIntegrateur.csproj.CoreCompileInputs.cache","3.0","2024-02-28T13:26:07Z","fethy.faradji@infopro-digital.com"
"14/09/2026 10:29:36","source/repos/srv_listener_folder/ConsoleApp2/obj/Debug/gestionStatutIntegrateur.csproj.AssemblyReference.cache","5.0","2024-01-25T09:51:59Z","fethy.faradji@infopro-digital.com"
"14/09/2026 10:29:36","source/repos/srv_listener_folder/ConsoleApp2/obj/Debug/gestionStatutIntegrateur.csproj.FileListAbsolute.txt","3.0","2024-02-21T13:30:08Z","fethy.faradji@infopro-digital.com"
"14/09/2026 10:29:37","source/repos/srv_listener_folder/ConsoleApp2/obj/Debug/gestionStatutIntegrateur.csproj.AssemblyReference.cache","6.0","2024-01-25T09:52:15Z","fethy.faradji@infopro-digital.com"
"14/09/2026 10:29:37","source/repos/srv_listener_folder/ConsoleApp2/obj/Debug/gestionStatutIntegrateur.csproj.FileListAbsolute.txt","4.0","2024-02-28T13:26:08Z","fethy.faradji@infopro-digital.com"
"14/09/2026 10:29:37","source/repos/srv_listener_folder/ConsoleApp2/obj/Debug/gestionStatutIntegrateur.csproj.SuggestedBindingRedirects.cache","1.0","2023-01-09T16:24:53Z","fethy.faradji@infopro-digital.com"
"14/09/2026 10:29:38","source/repos/srv_listener_folder/ConsoleApp2/obj/Debug/gestionStatutIntegrateur.csproj.AssemblyReference.cache","7.0","2024-02-21T13:16:03Z","fethy.faradji@infopro-digital.com"
"14/09/2026 10:29:38","source/repos/srv_listener_folder/ConsoleApp2/obj/Debug/gestionStatutIntegrateur.exe","1.0","2023-01-30T13:24:37Z","fethy.faradji@infopro-digital.com"
"14/09/2026 10:29:39","source/repos/srv_listener_folder/ConsoleApp2/obj/Debug/gestionStatutIntegrateur.csproj.AssemblyReference.cache","8.0","2024-02-21T13:30:05Z","fethy.faradji@infopro-digital.com"
"14/09/2026 10:29:40","source/repos/srv_listener_folder/ConsoleApp2/obj/Debug/gestionStatutIntegrateur.csproj.AssemblyReference.cache","9.0","2024-02-28T12:12:08Z","fethy.faradji@infopro-digital.com"
"14/09/2026 10:29:40","source/repos/srv_listener_folder/ConsoleApp2/obj/Debug/gestionStatutIntegrateur.pdb","1.0","2023-01-30T13:24:37Z","fethy.faradji@infopro-digital.com"
"14/09/2026 10:29:40","source/repos/srv_listener_folder/ConsoleApp2/obj/Debug/gestionStatutIntegrateur.exe","2.0","2024-01-25T09:52:16Z","fethy.faradji@infopro-digital.com"
"14/09/2026 10:29:41","source/repos/srv_listener_folder/ConsoleApp2/obj/Debug/gestionStatutIntegrateur.csproj.AssemblyReference.cache","10.0","2024-02-28T12:31:23Z","fethy.faradji@infopro-digital.com"
"14/09/2026 10:29:41","source/repos/srv_listener_folder/ConsoleApp2/obj/Debug/gestionStatutIntegrateur.pdb","2.0","2024-01-25T09:52:16Z","fethy.faradji@infopro-digital.com"
"14/09/2026 10:29:41","source/repos/srv_listener_folder/ConsoleApp2/obj/Debug/gestionStatutIntegrateur.exe","3.0","2024-02-21T13:30:07Z","fethy.faradji@infopro-digital.com"
"14/09/2026 10:29:42","source/repos/srv_listener_folder/ConsoleApp2/obj/Release/.NETFramework,Version=v4.8.AssemblyAttributes.cs","1.0","2023-06-28T15:07:41Z","fethy.faradji@infopro-digital.com"
"14/09/2026 10:29:42","source/repos/srv_listener_folder/ConsoleApp2/obj/Debug/gestionStatutIntegrateur.csproj.AssemblyReference.cache","11.0","2024-02-28T13:26:07Z","fethy.faradji@infopro-digital.com"
"14/09/2026 10:29:42","source/repos/srv_listener_folder/ConsoleApp2/obj/Debug/gestionStatutIntegrateur.pdb","3.0","2024-02-21T13:30:07Z","fethy.faradji@infopro-digital.com"
"14/09/2026 10:29:43","source/repos/srv_listener_folder/ConsoleApp2/obj/Debug/gestionStatutIntegrateur.exe","4.0","2024-02-28T13:26:08Z","fethy.faradji@infopro-digital.com"
"14/09/2026 10:29:43","source/repos/srv_listener_folder/ConsoleApp2/obj/Debug/gestionStatutIntegrateur.csproj.AssemblyReference.cache","12.0","2024-02-29T11:02:01Z","fethy.faradji@infopro-digital.com"
"14/09/2026 10:29:43","source/repos/srv_listener_folder/ConsoleApp2/obj/Debug/gestionStatutIntegrateur.pdb","4.0","2024-02-28T13:26:08Z","fethy.faradji@infopro-digital.com"
"14/09/2026 10:29:44","source/repos/srv_listener_folder/ConsoleApp2/obj/Debug/gestionStatutIntegrateur.csproj.AssemblyReference.cache","13.0","2024-02-29T14:03:05Z","fethy.faradji@infopro-digital.com"
"14/09/2026 10:29:46","source/repos/srv_listener_folder/ConsoleApp2/obj/Release/gestionStatutIntegrateur.csproj.AssemblyReference.cache","1.0","2023-06-28T15:07:41Z","fethy.faradji@infopro-digital.com"
"14/09/2026 10:29:47","source/repos/srv_listener_folder/ConsoleApp2/App.config","1.0","2023-01-09T16:20:29Z","fethy.faradji@infopro-digital.com"
"14/09/2026 10:29:47","source/repos/srv_listener_folder/ConsoleApp2/Properties/AssemblyInfo.cs","1.0","2023-01-09T15:16:40Z","fethy.faradji@infopro-digital.com"
"14/09/2026 10:29:48","source/repos/srv_listener_folder/ConsoleApp2/DAL.cs","1.0","2023-01-09T16:23:50Z","fethy.faradji@infopro-digital.com"
"14/09/2026 10:29:49","source/repos/srv_listener_folder/ConsoleApp2/DAL_Listener.cs","1.0","2023-01-09T16:36:18Z","fethy.faradji@infopro-digital.com"
"14/09/2026 10:29:52","source/repos/srv_listener_folder/ConsoleApp2/gestionStatutIntegrateur.csproj","1.0","2023-01-09T16:25:57Z","fethy.faradji@infopro-digital.com"
"14/09/2026 10:29:53","source/repos/srv_listener_folder/ConsoleApp2/Oracle.DataAccess.Common.Configuration.Section.xsd","1.0","2023-01-09T15:36:45Z","fethy.faradji@infopro-digital.com"
"14/09/2026 10:29:53","source/repos/srv_listener_folder/ConsoleApp2/Oracle.ManagedDataAccess.Client.Configuration.Section.xsd","1.0","2023-01-09T15:36:45Z","fethy.faradji@infopro-digital.com"
"14/09/2026 10:29:54","source/repos/srv_listener_folder/ConsoleApp2/packages.config","1.0","2023-01-09T15:43:07Z","fethy.faradji@infopro-digital.com"
"14/09/2026 10:29:56","source/repos/srv_listener_folder/ConsoleApp2/Program.cs","1.0","2023-01-09T16:29:44Z","fethy.faradji@infopro-digital.com"
"14/09/2026 10:29:58","source/repos/srv_listener_folder/createXMLFromDoc/bin/Debug/createXMLFromDoc.exe","1.0","2022-12-08T10:36:09Z","fethy.faradji@infopro-digital.com"
"14/09/2026 10:29:59","source/repos/srv_listener_folder/createXMLFromDoc/bin/Debug/createXMLFromDoc.exe.config","1.0","2022-12-07T14:48:56Z","fethy.faradji@infopro-digital.com"
"14/09/2026 10:29:59","source/repos/srv_listener_folder/createXMLFromDoc/bin/Debug/createXMLFromDoc.pdb","1.0","2022-12-08T10:36:09Z","fethy.faradji@infopro-digital.com"
"14/09/2026 10:30:00","source/repos/srv_listener_folder/createXMLFromDoc/bin/Debug/log4net.dll","1.0","2022-07-25T07:40:06Z","fethy.faradji@infopro-digital.com"
"14/09/2026 10:30:02","source/repos/srv_listener_folder/createXMLFromDoc/bin/Debug/Microsoft.Bcl.AsyncInterfaces.dll","1.0","2021-10-22T23:42:08Z","fethy.faradji@infopro-digital.com"
"14/09/2026 10:30:02","source/repos/srv_listener_folder/createXMLFromDoc/bin/Debug/log4net.xml","1.0","2022-07-25T07:40:04Z","fethy.faradji@infopro-digital.com"
"14/09/2026 10:30:04","source/repos/srv_listener_folder/createXMLFromDoc/bin/Debug/Microsoft.Bcl.AsyncInterfaces.xml","1.0","2021-10-22T23:42:08Z","fethy.faradji@infopro-digital.com"
"14/09/2026 10:30:05","source/repos/srv_listener_folder/createXMLFromDoc/bin/Debug/Microsoft.Office.Client.Policy.dll","1.0","2022-10-18T19:24:18Z","fethy.faradji@infopro-digital.com"
"14/09/2026 10:30:06","source/repos/srv_listener_folder/createXMLFromDoc/bin/Debug/Microsoft.Office.Client.TranslationServices.dll","1.0","2022-10-18T19:24:18Z","fethy.faradji@infopro-digital.com"
"14/09/2026 10:30:07","source/repos/srv_listener_folder/createXMLFromDoc/bin/Debug/Microsoft.Office.SharePoint.Tools.dll","1.0","2022-10-18T19:24:18Z","fethy.faradji@infopro-digital.com"
"14/09/2026 10:30:08","source/repos/srv_listener_folder/createXMLFromDoc/bin/Debug/Microsoft.Online.SharePoint.Client.Tenant.dll","1.0","2022-10-18T19:24:18Z","fethy.faradji@infopro-digital.com"
"14/09/2026 10:30:09","source/repos/srv_listener_folder/createXMLFromDoc/bin/Debug/Microsoft.ProjectServer.Client.dll","1.0","2022-10-18T19:24:18Z","fethy.faradji@infopro-digital.com"
"14/09/2026 10:30:10","source/repos/srv_listener_folder/createXMLFromDoc/bin/Debug/Microsoft.SharePoint.Client.dll","1.0","2022-10-18T19:24:18Z","fethy.faradji@infopro-digital.com"
"14/09/2026 10:30:12","source/repos/srv_listener_folder/createXMLFromDoc/bin/Debug/Microsoft.SharePoint.Client.DocumentManagement.dll","1.0","2022-10-18T19:24:18Z","fethy.faradji@infopro-digital.com"
"14/09/2026 10:30:13","source/repos/srv_listener_folder/createXMLFromDoc/bin/Debug/Microsoft.SharePoint.Client.Runtime.dll","1.0","2022-10-18T19:24:18Z","fethy.faradji@infopro-digital.com"
"14/09/2026 10:30:13","source/repos/srv_listener_folder/createXMLFromDoc/bin/Debug/Microsoft.SharePoint.Client.Publishing.dll","1.0","2022-10-18T19:24:18Z","fethy.faradji@infopro-digital.com"
"14/09/2026 10:30:15","source/repos/srv_listener_folder/createXMLFromDoc/bin/Debug/Microsoft.SharePoint.Client.Search.Applications.dll","1.0","2022-10-18T19:24:18Z","fethy.faradji@infopro-digital.com"
"14/09/2026 10:30:17","source/repos/srv_listener_folder/createXMLFromDoc/bin/Debug/Microsoft.SharePoint.Client.Search.dll","1.0","2022-10-18T19:24:18Z","fethy.faradji@infopro-digital.com"
"14/09/2026 10:30:17","source/repos/srv_listener_folder/createXMLFromDoc/bin/Debug/Microsoft.SharePoint.Client.Taxonomy.dll","1.0","2022-10-18T19:24:18Z","fethy.faradji@infopro-digital.com"
"14/09/2026 10:30:18","source/repos/srv_listener_folder/createXMLFromDoc/bin/Debug/Microsoft.SharePoint.Client.UserProfiles.dll","1.0","2022-10-18T19:24:18Z","fethy.faradji@infopro-digital.com"
"14/09/2026 10:30:19","source/repos/srv_listener_folder/createXMLFromDoc/bin/Debug/Microsoft.SharePoint.Client.WorkflowServices.dll","1.0","2022-10-18T19:24:18Z","fethy.faradji@infopro-digital.com"
"14/09/2026 10:30:21","source/repos/srv_listener_folder/createXMLFromDoc/bin/Debug/Oracle.ManagedDataAccess.dll","1.0","2022-10-11T17:31:12Z","fethy.faradji@infopro-digital.com"
"14/09/2026 10:30:21","source/repos/srv_listener_folder/createXMLFromDoc/bin/Debug/System.Buffers.dll","1.0","2020-02-19T10:05:18Z","fethy.faradji@infopro-digital.com"
"14/09/2026 10:30:22","source/repos/srv_listener_folder/createXMLFromDoc/bin/Debug/System.Buffers.xml","1.0","2020-02-19T10:05:18Z","fethy.faradji@infopro-digital.com"
"14/09/2026 10:30:23","source/repos/srv_listener_folder/createXMLFromDoc/bin/Debug/System.Memory.dll","1.0","2020-02-19T10:05:18Z","fethy.faradji@infopro-digital.com"
"14/09/2026 10:30:26","source/repos/srv_listener_folder/createXMLFromDoc/bin/Debug/System.Numerics.Vectors.dll","1.0","2018-05-15T13:29:44Z","fethy.faradji@infopro-digital.com"
"14/09/2026 10:30:26","source/repos/srv_listener_folder/createXMLFromDoc/bin/Debug/System.Memory.xml","1.0","2020-02-19T10:05:18Z","fethy.faradji@infopro-digital.com"
"14/09/2026 10:30:27","source/repos/srv_listener_folder/createXMLFromDoc/bin/Debug/System.Numerics.Vectors.xml","1.0","2018-05-15T13:29:44Z","fethy.faradji@infopro-digital.com"
"14/09/2026 10:30:27","source/repos/srv_listener_folder/createXMLFromDoc/bin/Debug/System.Runtime.CompilerServices.Unsafe.dll","1.0","2021-10-22T23:40:18Z","fethy.faradji@infopro-digital.com"
"14/09/2026 10:30:30","source/repos/srv_listener_folder/createXMLFromDoc/bin/Debug/System.Runtime.CompilerServices.Unsafe.xml","1.0","2021-10-19T07:14:20Z","fethy.faradji@infopro-digital.com"
"14/09/2026 10:30:31","source/repos/srv_listener_folder/createXMLFromDoc/bin/Debug/System.Text.Encodings.Web.xml","1.0","2021-10-19T07:14:20Z","fethy.faradji@infopro-digital.com"
"14/09/2026 10:30:31","source/repos/srv_listener_folder/createXMLFromDoc/bin/Debug/System.Text.Encodings.Web.dll","1.0","2021-10-22T23:41:14Z","fethy.faradji@infopro-digital.com"
"14/09/2026 10:30:31","source/repos/srv_listener_folder/createXMLFromDoc/bin/Debug/System.Text.Json.dll","1.0","2021-10-22T23:44:26Z","fethy.faradji@infopro-digital.com"
"14/09/2026 10:30:34","source/repos/srv_listener_folder/createXMLFromDoc/bin/Debug/System.Text.Json.xml","1.0","2021-10-19T07:14:20Z","fethy.faradji@infopro-digital.com"
"14/09/2026 10:30:35","source/repos/srv_listener_folder/createXMLFromDoc/bin/Debug/System.Threading.Tasks.Extensions.dll","1.0","2020-02-19T10:05:18Z","fethy.faradji@infopro-digital.com"
"14/09/2026 10:30:35","source/repos/srv_listener_folder/createXMLFromDoc/bin/Debug/System.Threading.Tasks.Extensions.xml","1.0","2020-02-19T10:05:18Z","fethy.faradji@infopro-digital.com"
"14/09/2026 10:30:36","source/repos/srv_listener_folder/createXMLFromDoc/bin/Debug/System.ValueTuple.dll","1.0","2018-05-15T13:29:52Z","fethy.faradji@infopro-digital.com"
"14/09/2026 10:30:38","source/repos/srv_listener_folder/createXMLFromDoc/bin/Debug/System.ValueTuple.xml","1.0","2018-05-15T13:29:52Z","fethy.faradji@infopro-digital.com"
"14/09/2026 10:30:41","source/repos/srv_listener_folder/createXMLFromDoc/obj/Debug/createXMLFromDoc.csproj.AssemblyReference.cache","1.0","2022-12-07T14:17:27Z","fethy.faradji@infopro-digital.com"
"14/09/2026 10:30:41","source/repos/srv_listener_folder/createXMLFromDoc/obj/Debug/.NETFramework,Version=v4.8.AssemblyAttributes.cs","1.0","2024-02-28T12:12:07Z","fethy.faradji@infopro-digital.com"
"14/09/2026 10:30:41","source/repos/srv_listener_folder/createXMLFromDoc/obj/Debug/createXMLFromDoc.csproj.CopyComplete","1.0","2024-02-28T13:26:08Z","fethy.faradji@infopro-digital.com"
"14/09/2026 10:30:42","source/repos/srv_listener_folder/createXMLFromDoc/obj/Debug/createXMLFromDoc.csproj.CoreCompileInputs.cache","1.0","2022-12-07T14:25:29Z","fethy.faradji@infopro-digital.com"
"14/09/2026 10:30:43","source/repos/srv_listener_folder/createXMLFromDoc/obj/Debug/createXMLFromDoc.csproj.AssemblyReference.cache","2.0","2023-02-17T15:11:34Z","fethy.faradji@infopro-digital.com"
"14/09/2026 10:30:44","source/repos/srv_listener_folder/createXMLFromDoc/obj/Debug/createXMLFromDoc.csproj.AssemblyReference.cache","3.0","2023-04-28T14:51:43Z","fethy.faradji@infopro-digital.com"
"14/09/2026 10:30:44","source/repos/srv_listener_folder/createXMLFromDoc/obj/Debug/createXMLFromDoc.csproj.CoreCompileInputs.cache","2.0","2024-02-28T13:26:07Z","fethy.faradji@infopro-digital.com"
"14/09/2026 10:30:45","source/repos/srv_listener_folder/createXMLFromDoc/obj/Debug/createXMLFromDoc.csproj.FileListAbsolute.txt","1.0","2022-12-08T10:44:30Z","fethy.faradji@infopro-digital.com"
"14/09/2026 10:30:46","source/repos/srv_listener_folder/createXMLFromDoc/obj/Debug/createXMLFromDoc.csproj.SuggestedBindingRedirects.cache","1.0","2022-12-07T09:39:58Z","fethy.faradji@infopro-digital.com"
"14/09/2026 10:30:46","source/repos/srv_listener_folder/createXMLFromDoc/obj/Debug/createXMLFromDoc.csproj.AssemblyReference.cache","4.0","2024-01-25T09:51:59Z","fethy.faradji@infopro-digital.com"
"14/09/2026 10:30:47","source/repos/srv_listener_folder/createXMLFromDoc/obj/Debug/createXMLFromDoc.csproj.FileListAbsolute.txt","2.0","2024-02-28T13:26:09Z","fethy.faradji@infopro-digital.com"
"14/09/2026 10:30:47","source/repos/srv_listener_folder/createXMLFromDoc/obj/Debug/createXMLFromDoc.csproj.AssemblyReference.cache","5.0","2024-02-21T13:16:03Z","fethy.faradji@infopro-digital.com"
"14/09/2026 10:30:48","source/repos/srv_listener_folder/createXMLFromDoc/obj/Debug/createXMLFromDoc.exe","1.0","2022-12-08T14:46:27Z","fethy.faradji@infopro-digital.com"
"14/09/2026 10:30:48","source/repos/srv_listener_folder/createXMLFromDoc/obj/Debug/createXMLFromDoc.csproj.AssemblyReference.cache","6.0","2024-02-28T12:12:07Z","fethy.faradji@infopro-digital.com"
"14/09/2026 10:30:49","source/repos/srv_listener_folder/createXMLFromDoc/obj/Debug/createXMLFromDoc.pdb","1.0","2022-12-08T14:46:27Z","fethy.faradji@infopro-digital.com"
"14/09/2026 10:30:49","source/repos/srv_listener_folder/createXMLFromDoc/obj/Debug/createXMLFromDoc.csproj.AssemblyReference.cache","7.0","2024-02-28T12:31:23Z","fethy.faradji@infopro-digital.com"
"14/09/2026 10:30:49","source/repos/srv_listener_folder/createXMLFromDoc/obj/Debug/createXMLFromDoc.exe","2.0","2024-02-28T13:26:08Z","fethy.faradji@infopro-digital.com"
"14/09/2026 10:30:50","source/repos/srv_listener_folder/createXMLFromDoc/obj/Debug/DesignTimeResolveAssemblyReferences.cache","1.0","2022-12-07T14:25:32Z","fethy.faradji@infopro-digital.com"
"14/09/2026 10:30:51","source/repos/srv_listener_folder/createXMLFromDoc/obj/Debug/createXMLFromDoc.csproj.AssemblyReference.cache","8.0","2024-02-28T13:26:07Z","fethy.faradji@infopro-digital.com"
"14/09/2026 10:30:51","source/repos/srv_listener_folder/createXMLFromDoc/obj/Debug/createXMLFromDoc.pdb","2.0","2024-02-28T13:26:08Z","fethy.faradji@infopro-digital.com"
"14/09/2026 10:30:52","source/repos/srv_listener_folder/createXMLFromDoc/obj/Debug/DesignTimeResolveAssemblyReferencesInput.cache","1.0","2022-12-08T10:37:32Z","fethy.faradji@infopro-digital.com"
"14/09/2026 10:30:52","source/repos/srv_listener_folder/createXMLFromDoc/obj/Debug/createXMLFromDoc.csproj.AssemblyReference.cache","9.0","2024-02-29T11:02:01Z","fethy.faradji@infopro-digital.com"
"14/09/2026 10:30:53","source/repos/srv_listener_folder/createXMLFromDoc/obj/Debug/createXMLFromDoc.csproj.AssemblyReference.cache","10.0","2024-02-29T14:03:05Z","fethy.faradji@infopro-digital.com"
"14/09/2026 10:30:53","source/repos/srv_listener_folder/createXMLFromDoc/obj/Debug/DesignTimeResolveAssemblyReferencesInput.cache","2.0","2023-02-17T15:11:34Z","fethy.faradji@infopro-digital.com"
"14/09/2026 10:30:55","source/repos/srv_listener_folder/createXMLFromDoc/obj/Debug/DesignTimeResolveAssemblyReferencesInput.cache","3.0","2023-04-28T14:51:43Z","fethy.faradji@infopro-digital.com"
"14/09/2026 10:30:55","source/repos/srv_listener_folder/createXMLFromDoc/obj/Release/.NETFramework,Version=v4.8.AssemblyAttributes.cs","1.0","2023-06-28T15:07:40Z","fethy.faradji@infopro-digital.com"
"14/09/2026 10:30:55","source/repos/srv_listener_folder/createXMLFromDoc/obj/Release/createXMLFromDoc.csproj.AssemblyReference.cache","1.0","2023-06-28T15:07:40Z","fethy.faradji@infopro-digital.com"
"14/09/2026 10:30:56","source/repos/srv_listener_folder/createXMLFromDoc/obj/Debug/DesignTimeResolveAssemblyReferencesInput.cache","4.0","2024-02-21T13:16:19Z","fethy.faradji@infopro-digital.com"
"14/09/2026 10:30:57","source/repos/srv_listener_folder/createXMLFromDoc/obj/Debug/DesignTimeResolveAssemblyReferencesInput.cache","5.0","2024-02-28T12:12:07Z","fethy.faradji@infopro-digital.com"
"14/09/2026 10:30:57","source/repos/srv_listener_folder/createXMLFromDoc/Properties/AssemblyInfo.cs","1.0","2022-12-07T14:19:39Z","fethy.faradji@infopro-digital.com"
"14/09/2026 10:30:59","source/repos/srv_listener_folder/createXMLFromDoc/App.config","1.0","2022-12-07T14:48:56Z","fethy.faradji@infopro-digital.com"
"14/09/2026 10:30:59","source/repos/srv_listener_folder/createXMLFromDoc/createXMLFromDoc.csproj","1.0","2022-12-08T10:37:36Z","fethy.faradji@infopro-digital.com"
"14/09/2026 10:31:00","source/repos/srv_listener_folder/createXMLFromDoc/createXMLFromDoc.csproj.user","1.0","2022-12-07T09:39:53Z","fethy.faradji@infopro-digital.com"
"14/09/2026 10:31:02","source/repos/srv_listener_folder/createXMLFromDoc/DAL.cs","1.0","2022-12-08T13:26:39Z","fethy.faradji@infopro-digital.com"
"14/09/2026 10:31:03","source/repos/srv_listener_folder/createXMLFromDoc/DAL_Listener.cs","1.0","2022-12-07T13:04:06Z","fethy.faradji@infopro-digital.com"
"14/09/2026 10:31:04","source/repos/srv_listener_folder/createXMLFromDoc/log4net.config","1.0","2022-12-07T14:18:33Z","fethy.faradji@infopro-digital.com"
"14/09/2026 10:31:04","source/repos/srv_listener_folder/createXMLFromDoc/Oracle.DataAccess.Common.Configuration.Section.xsd","1.0","2022-12-07T09:27:23Z","fethy.faradji@infopro-digital.com"
"14/09/2026 10:31:07","source/repos/srv_listener_folder/createXMLFromDoc/Oracle.ManagedDataAccess.Client.Configuration.Section.xsd","1.0","2022-12-07T09:27:23Z","fethy.faradji@infopro-digital.com"
"14/09/2026 10:31:08","source/repos/srv_listener_folder/createXMLFromDoc/packages.config","1.0","2022-12-07T14:17:27Z","fethy.faradji@infopro-digital.com"
"14/09/2026 10:31:09","source/repos/srv_listener_folder/createXMLFromDoc/WordApplication.cs","1.0","2022-12-08T14:46:22Z","fethy.faradji@infopro-digital.com"
"14/09/2026 10:31:09","source/repos/srv_listener_folder/createXMLFromDoc/Program.cs","1.0","2022-12-07T14:25:28Z","fethy.faradji@infopro-digital.com"
"14/09/2026 10:31:14","source/repos/srv_listener_folder/packages/log4net.2.0.15/lib/net20/log4net.xml","1.0","2022-07-25T07:40:04Z","fethy.faradji@infopro-digital.com"
"14/09/2026 10:31:14","source/repos/srv_listener_folder/packages/log4net.2.0.15/lib/net20/log4net.dll","1.0","2022-07-25T07:40:06Z","fethy.faradji@infopro-digital.com"
"14/09/2026 10:31:15","source/repos/srv_listener_folder/packages/log4net.2.0.15/lib/net35/log4net.dll","1.0","2022-07-25T07:40:06Z","fethy.faradji@infopro-digital.com"
"14/09/2026 10:31:15","source/repos/srv_listener_folder/packages/log4net.2.0.15/lib/net35/log4net.xml","1.0","2022-07-25T07:40:04Z","fethy.faradji@infopro-digital.com"
"14/09/2026 10:31:20","source/repos/srv_listener_folder/packages/log4net.2.0.15/lib/net40/log4net.xml","1.0","2022-07-25T07:40:04Z","fethy.faradji@infopro-digital.com"
"14/09/2026 10:31:20","source/repos/srv_listener_folder/packages/log4net.2.0.15/lib/net40/log4net.dll","1.0","2022-07-25T07:40:06Z","fethy.faradji@infopro-digital.com"
"14/09/2026 10:31:21","source/repos/srv_listener_folder/packages/log4net.2.0.15/lib/net40-client/log4net.dll","1.0","2022-07-25T07:40:06Z","fethy.faradji@infopro-digital.com"
"14/09/2026 10:31:21","source/repos/srv_listener_folder/packages/log4net.2.0.15/lib/net40-client/log4net.xml","1.0","2022-07-25T07:40:04Z","fethy.faradji@infopro-digital.com"
"14/09/2026 10:31:25","source/repos/srv_listener_folder/packages/log4net.2.0.15/lib/net45/log4net.dll","1.0","2022-07-25T07:40:06Z","fethy.faradji@infopro-digital.com"
"14/09/2026 10:31:25","source/repos/srv_listener_folder/packages/log4net.2.0.15/lib/net45/log4net.xml","1.0","2022-07-25T07:40:04Z","fethy.faradji@infopro-digital.com"
"14/09/2026 10:31:27","source/repos/srv_listener_folder/packages/log4net.2.0.15/lib/netstandard1.3/log4net.xml","1.0","2022-07-25T07:40:04Z","fethy.faradji@infopro-digital.com"
"14/09/2026 10:31:27","source/repos/srv_listener_folder/packages/log4net.2.0.15/lib/netstandard1.3/log4net.dll","1.0","2022-07-25T07:40:06Z","fethy.faradji@infopro-digital.com"
"14/09/2026 10:31:31","source/repos/srv_listener_folder/packages/log4net.2.0.15/lib/netstandard2.0/log4net.dll","1.0","2022-07-25T07:40:06Z","fethy.faradji@infopro-digital.com"
"14/09/2026 10:31:32","source/repos/srv_listener_folder/packages/log4net.2.0.15/lib/netstandard2.0/log4net.xml","1.0","2022-07-25T07:40:06Z","fethy.faradji@infopro-digital.com"
"14/09/2026 10:31:32","source/repos/srv_listener_folder/packages/log4net.2.0.15/.signature.p7s","1.0","2022-08-03T22:52:52Z","fethy.faradji@infopro-digital.com"
"14/09/2026 10:31:32","source/repos/srv_listener_folder/packages/log4net.2.0.15/log4net.2.0.15.nupkg","1.0","2022-11-24T14:00:47Z","fethy.faradji@infopro-digital.com"
"14/09/2026 10:31:36","source/repos/srv_listener_folder/packages/log4net.2.0.15/package-icon.png","1.0","2022-04-12T12:44:58Z","fethy.faradji@infopro-digital.com"
"14/09/2026 10:31:38","source/repos/srv_listener_folder/packages/Microsoft.Bcl.AsyncInterfaces.6.0.0/lib/net461/Microsoft.Bcl.AsyncInterfaces.dll","1.0","2021-10-22T23:42:08Z","fethy.faradji@infopro-digital.com"
"14/09/2026 10:31:38","source/repos/srv_listener_folder/packages/Microsoft.Bcl.AsyncInterfaces.6.0.0/lib/net461/Microsoft.Bcl.AsyncInterfaces.xml","1.0","2021-10-22T23:42:08Z","fethy.faradji@infopro-digital.com"
"14/09/2026 10:31:39","source/repos/srv_listener_folder/packages/Microsoft.Bcl.AsyncInterfaces.6.0.0/lib/netstandard2.0/Microsoft.Bcl.AsyncInterfaces.dll","1.0","2021-10-22T23:42:10Z","fethy.faradji@infopro-digital.com"
"14/09/2026 10:31:41","source/repos/srv_listener_folder/packages/Microsoft.Bcl.AsyncInterfaces.6.0.0/lib/netstandard2.0/Microsoft.Bcl.AsyncInterfaces.xml","1.0","2021-10-22T23:42:10Z","fethy.faradji@infopro-digital.com"
"14/09/2026 10:31:43","source/repos/srv_listener_folder/packages/Microsoft.Bcl.AsyncInterfaces.6.0.0/lib/netstandard2.1/Microsoft.Bcl.AsyncInterfaces.dll","1.0","2021-10-22T23:47:36Z","fethy.faradji@infopro-digital.com"
"14/09/2026 10:31:44","source/repos/srv_listener_folder/packages/Microsoft.Bcl.AsyncInterfaces.6.0.0/.signature.p7s","1.0","2021-11-07T22:32:46Z","fethy.faradji@infopro-digital.com"
"14/09/2026 10:31:44","source/repos/srv_listener_folder/packages/Microsoft.Bcl.AsyncInterfaces.6.0.0/lib/netstandard2.1/Microsoft.Bcl.AsyncInterfaces.xml","1.0","2021-10-22T23:47:36Z","fethy.faradji@infopro-digital.com"
"14/09/2026 10:31:46","source/repos/srv_listener_folder/packages/Microsoft.Bcl.AsyncInterfaces.6.0.0/Icon.png","1.0","2021-10-22T18:16:38Z","fethy.faradji@infopro-digital.com"
"14/09/2026 10:31:48","source/repos/srv_listener_folder/packages/Microsoft.Bcl.AsyncInterfaces.6.0.0/LICENSE.TXT","1.0","2021-10-22T23:32:20Z","fethy.faradji@infopro-digital.com"
"14/09/2026 10:31:49","source/repos/srv_listener_folder/packages/Microsoft.Bcl.AsyncInterfaces.6.0.0/THIRD-PARTY-NOTICES.TXT","1.0","2021-10-22T23:32:20Z","fethy.faradji@infopro-digital.com"
"14/09/2026 10:31:49","source/repos/srv_listener_folder/packages/Microsoft.Bcl.AsyncInterfaces.6.0.0/Microsoft.Bcl.AsyncInterfaces.6.0.0.nupkg","1.0","2022-11-07T14:57:51Z","fethy.faradji@infopro-digital.com"
"14/09/2026 10:31:51","source/repos/srv_listener_folder/packages/Microsoft.Bcl.AsyncInterfaces.6.0.0/useSharedDesignerContext.txt","1.0","2021-10-22T23:32:20Z","fethy.faradji@infopro-digital.com"
"14/09/2026 10:31:54","source/repos/srv_listener_folder/packages/Microsoft.Office.Interop.Word.15.0.4797.1004/lib/net20/Microsoft.Office.Interop.Word.dll","1.0","2016-03-10T22:19:48Z","fethy.faradji@infopro-digital.com"
"14/09/2026 10:31:55","source/repos/srv_listener_folder/packages/Microsoft.Office.Interop.Word.15.0.4797.1004/.signature.p7s","1.0","2022-06-10T15:01:00Z","fethy.faradji@infopro-digital.com"
"14/09/2026 10:31:55","source/repos/srv_listener_folder/packages/Microsoft.Office.Interop.Word.15.0.4797.1004/lib/netstandard2.0/Microsoft.Office.Interop.Word.dll","1.0","2016-03-10T22:19:48Z","fethy.faradji@infopro-digital.com"
"14/09/2026 10:31:55","source/repos/srv_listener_folder/packages/Microsoft.Office.Interop.Word.15.0.4797.1004/Microsoft.Office.Interop.Word.15.0.4797.1004.nupkg","1.0","2022-11-07T16:23:15Z","fethy.faradji@infopro-digital.com"
"14/09/2026 10:32:00","source/repos/srv_listener_folder/packages/Microsoft.SharePoint.Client.14.0.4762.1000/lib/Microsoft.SharePoint.Client.dll","1.0","2011-11-08T16:22:50Z","fethy.faradji@infopro-digital.com"
"14/09/2026 10:32:00","source/repos/srv_listener_folder/packages/Microsoft.SharePoint.Client.14.0.4762.1000/lib/Microsoft.SharePoint.Client.Runtime.dll","1.0","2011-11-08T16:22:50Z","fethy.faradji@infopro-digital.com"
"14/09/2026 10:32:01","source/repos/srv_listener_folder/packages/Microsoft.SharePoint.Client.14.0.4762.1000/Microsoft.SharePoint.Client.14.0.4762.1000.nupkg","1.0","2022-11-07T14:27:10Z","fethy.faradji@infopro-digital.com"
"14/09/2026 10:32:01","source/repos/srv_listener_folder/packages/Microsoft.SharePoint.Client.14.0.4762.1000/.signature.p7s","1.0","2018-11-05T20:18:34Z","fethy.faradji@infopro-digital.com"
"14/09/2026 10:32:07","source/repos/srv_listener_folder/packages/Microsoft.SharePointOnline.CSOM.16.1.23019.12000/lib/javascript/sp.js","1.0","2022-10-18T19:24:18Z","fethy.faradji@infopro-digital.com"
"14/09/2026 10:32:07","source/repos/srv_listener_folder/packages/Microsoft.SharePointOnline.CSOM.16.1.23019.12000/lib/javascript/sp.datetimeutil.js","1.0","2022-10-18T19:24:18Z","fethy.faradji@infopro-digital.com"
"14/09/2026 10:32:07","source/repos/srv_listener_folder/packages/Microsoft.SharePointOnline.CSOM.16.1.23019.12000/lib/javascript/sp.documentmanagement.js","1.0","2022-10-18T19:24:18Z","fethy.faradji@infopro-digital.com"
"14/09/2026 10:32:07","source/repos/srv_listener_folder/packages/Microsoft.SharePointOnline.CSOM.16.1.23019.12000/lib/javascript/ps.js","1.0","2022-10-18T19:24:18Z","fethy.faradji@infopro-digital.com"
"14/09/2026 10:32:12","source/repos/srv_listener_folder/packages/Microsoft.SharePointOnline.CSOM.16.1.23019.12000/lib/javascript/sp.publishing.js","1.0","2022-10-18T19:24:18Z","fethy.faradji@infopro-digital.com"
"14/09/2026 10:32:13","source/repos/srv_listener_folder/packages/Microsoft.SharePointOnline.CSOM.16.1.23019.12000/lib/javascript/sp.requestexecutor.js","1.0","2022-10-18T19:24:18Z","fethy.faradji@infopro-digital.com"
"14/09/2026 10:32:13","source/repos/srv_listener_folder/packages/Microsoft.SharePointOnline.CSOM.16.1.23019.12000/lib/javascript/sp.search.apps.js","1.0","2022-10-18T19:24:18Z","fethy.faradji@infopro-digital.com"
"14/09/2026 10:32:13","source/repos/srv_listener_folder/packages/Microsoft.SharePointOnline.CSOM.16.1.23019.12000/lib/javascript/sp.runtime.js","1.0","2022-10-18T19:24:18Z","fethy.faradji@infopro-digital.com"
"14/09/2026 10:32:16","source/repos/srv_listener_folder/packages/Microsoft.SharePointOnline.CSOM.16.1.23019.12000/lib/javascript/sp.search.js","1.0","2022-10-18T19:24:18Z","fethy.faradji@infopro-digital.com"
"14/09/2026 10:32:17","source/repos/srv_listener_folder/packages/Microsoft.SharePointOnline.CSOM.16.1.23019.12000/lib/javascript/sp.taxonomy.js","1.0","2022-10-18T19:24:18Z","fethy.faradji@infopro-digital.com"
"14/09/2026 10:32:18","source/repos/srv_listener_folder/packages/Microsoft.SharePointOnline.CSOM.16.1.23019.12000/lib/javascript/sp.translation.js","1.0","2022-10-18T19:24:18Z","fethy.faradji@infopro-digital.com"
"14/09/2026 10:32:18","source/repos/srv_listener_folder/packages/Microsoft.SharePointOnline.CSOM.16.1.23019.12000/lib/javascript/sp.userprofiles.js","1.0","2022-10-18T19:24:18Z","fethy.faradji@infopro-digital.com"
"14/09/2026 10:32:21","source/repos/srv_listener_folder/packages/Microsoft.SharePointOnline.CSOM.16.1.23019.12000/lib/javascript/sp.workflowservices.js","1.0","2022-10-18T19:24:18Z","fethy.faradji@infopro-digital.com"
"14/09/2026 10:32:22","source/repos/srv_listener_folder/packages/Microsoft.SharePointOnline.CSOM.16.1.23019.12000/lib/javascript/sp.workmanagement.js","1.0","2022-10-18T19:24:18Z","fethy.faradji@infopro-digital.com"
"14/09/2026 10:32:23","source/repos/srv_listener_folder/packages/Microsoft.SharePointOnline.CSOM.16.1.23019.12000/lib/net40-full/Microsoft.Office.Client.Policy.dll","1.0","2022-10-18T19:24:18Z","fethy.faradji@infopro-digital.com"
"14/09/2026 10:32:23","source/repos/srv_listener_folder/packages/Microsoft.SharePointOnline.CSOM.16.1.23019.12000/lib/net40-full/Microsoft.Office.Client.TranslationServices.dll","1.0","2022-10-18T19:24:18Z","fethy.faradji@infopro-digital.com"
"14/09/2026 10:32:26","source/repos/srv_listener_folder/packages/Microsoft.SharePointOnline.CSOM.16.1.23019.12000/lib/net40-full/Microsoft.Office.SharePoint.Tools.dll","1.0","2022-10-18T19:24:18Z","fethy.faradji@infopro-digital.com"
"14/09/2026 10:32:26","source/repos/srv_listener_folder/packages/Microsoft.SharePointOnline.CSOM.16.1.23019.12000/lib/net40-full/Microsoft.Online.SharePoint.Client.Tenant.dll","1.0","2022-10-18T19:24:18Z","fethy.faradji@infopro-digital.com"
"14/09/2026 10:32:28","source/repos/srv_listener_folder/packages/Microsoft.SharePointOnline.CSOM.16.1.23019.12000/lib/net40-full/Microsoft.ProjectServer.Client.dll","1.0","2022-10-18T19:24:18Z","fethy.faradji@infopro-digital.com"
"14/09/2026 10:32:28","source/repos/srv_listener_folder/packages/Microsoft.SharePointOnline.CSOM.16.1.23019.12000/lib/net40-full/Microsoft.SharePoint.Client.dll","1.0","2022-10-18T19:24:18Z","fethy.faradji@infopro-digital.com"
"14/09/2026 10:32:31","source/repos/srv_listener_folder/packages/Microsoft.SharePointOnline.CSOM.16.1.23019.12000/lib/net40-full/Microsoft.SharePoint.Client.DocumentManagement.dll","1.0","2022-10-18T19:24:18Z","fethy.faradji@infopro-digital.com"
"14/09/2026 10:32:31","source/repos/srv_listener_folder/packages/Microsoft.SharePointOnline.CSOM.16.1.23019.12000/lib/net40-full/Microsoft.SharePoint.Client.Publishing.dll","1.0","2022-10-18T19:24:18Z","fethy.faradji@infopro-digital.com"
"14/09/2026 10:32:33","source/repos/srv_listener_folder/packages/Microsoft.SharePointOnline.CSOM.16.1.23019.12000/lib/net40-full/Microsoft.SharePoint.Client.Runtime.dll","1.0","2022-10-18T19:24:18Z","fethy.faradji@infopro-digital.com"
"14/09/2026 10:32:34","source/repos/srv_listener_folder/packages/Microsoft.SharePointOnline.CSOM.16.1.23019.12000/lib/net40-full/Microsoft.SharePoint.Client.Search.Applications.dll","1.0","2022-10-18T19:24:18Z","fethy.faradji@infopro-digital.com"
"14/09/2026 10:32:36","source/repos/srv_listener_folder/packages/Microsoft.SharePointOnline.CSOM.16.1.23019.12000/lib/net40-full/Microsoft.SharePoint.Client.Search.dll","1.0","2022-10-18T19:24:18Z","fethy.faradji@infopro-digital.com"
"14/09/2026 10:32:37","source/repos/srv_listener_folder/packages/Microsoft.SharePointOnline.CSOM.16.1.23019.12000/lib/net40-full/Microsoft.SharePoint.Client.Taxonomy.dll","1.0","2022-10-18T19:24:18Z","fethy.faradji@infopro-digital.com"
"14/09/2026 10:32:38","source/repos/srv_listener_folder/packages/Microsoft.SharePointOnline.CSOM.16.1.23019.12000/lib/net40-full/Microsoft.SharePoint.Client.UserProfiles.dll","1.0","2022-10-18T19:24:18Z","fethy.faradji@infopro-digital.com"
"14/09/2026 10:32:39","source/repos/srv_listener_folder/packages/Microsoft.SharePointOnline.CSOM.16.1.23019.12000/lib/net40-full/Microsoft.SharePoint.Client.WorkflowServices.dll","1.0","2022-10-18T19:24:18Z","fethy.faradji@infopro-digital.com"
"14/09/2026 10:32:42","source/repos/srv_listener_folder/packages/Microsoft.SharePointOnline.CSOM.16.1.23019.12000/lib/net45/Microsoft.Office.Client.Policy.dll","1.0","2022-10-18T19:24:18Z","fethy.faradji@infopro-digital.com"
"14/09/2026 10:32:42","source/repos/srv_listener_folder/packages/Microsoft.SharePointOnline.CSOM.16.1.23019.12000/lib/net45/Microsoft.Office.Client.TranslationServices.dll","1.0","2022-10-18T19:24:18Z","fethy.faradji@infopro-digital.com"
"14/09/2026 10:32:42","source/repos/srv_listener_folder/packages/Microsoft.SharePointOnline.CSOM.16.1.23019.12000/lib/net45/Microsoft.Office.SharePoint.Tools.dll","1.0","2022-10-18T19:24:18Z","fethy.faradji@infopro-digital.com"
"14/09/2026 10:32:43","source/repos/srv_listener_folder/packages/Microsoft.SharePointOnline.CSOM.16.1.23019.12000/lib/net45/Microsoft.Online.SharePoint.Client.Tenant.dll","1.0","2022-10-18T19:24:18Z","fethy.faradji@infopro-digital.com"
"14/09/2026 10:32:46","source/repos/srv_listener_folder/packages/Microsoft.SharePointOnline.CSOM.16.1.23019.12000/lib/net45/Microsoft.ProjectServer.Client.dll","1.0","2022-10-18T19:24:18Z","fethy.faradji@infopro-digital.com"
"14/09/2026 10:32:47","source/repos/srv_listener_folder/packages/Microsoft.SharePointOnline.CSOM.16.1.23019.12000/lib/net45/Microsoft.SharePoint.Client.dll","1.0","2022-10-18T19:24:18Z","fethy.faradji@infopro-digital.com"
"14/09/2026 10:32:48","source/repos/srv_listener_folder/packages/Microsoft.SharePointOnline.CSOM.16.1.23019.12000/lib/net45/Microsoft.SharePoint.Client.DocumentManagement.dll","1.0","2022-10-18T19:24:18Z","fethy.faradji@infopro-digital.com"
"14/09/2026 10:32:48","source/repos/srv_listener_folder/packages/Microsoft.SharePointOnline.CSOM.16.1.23019.12000/lib/net45/Microsoft.SharePoint.Client.Publishing.dll","1.0","2022-10-18T19:24:18Z","fethy.faradji@infopro-digital.com"
"14/09/2026 10:32:51","source/repos/srv_listener_folder/packages/Microsoft.SharePointOnline.CSOM.16.1.23019.12000/lib/net45/Microsoft.SharePoint.Client.Runtime.dll","1.0","2022-10-18T19:24:18Z","fethy.faradji@infopro-digital.com"
"14/09/2026 10:32:52","source/repos/srv_listener_folder/packages/Microsoft.SharePointOnline.CSOM.16.1.23019.12000/lib/net45/Microsoft.SharePoint.Client.Search.Applications.dll","1.0","2022-10-18T19:24:18Z","fethy.faradji@infopro-digital.com"
"14/09/2026 10:32:52","source/repos/srv_listener_folder/packages/Microsoft.SharePointOnline.CSOM.16.1.23019.12000/lib/net45/Microsoft.SharePoint.Client.Taxonomy.dll","1.0","2022-10-18T19:24:18Z","fethy.faradji@infopro-digital.com"
"14/09/2026 10:32:52","source/repos/srv_listener_folder/packages/Microsoft.SharePointOnline.CSOM.16.1.23019.12000/lib/net45/Microsoft.SharePoint.Client.Search.dll","1.0","2022-10-18T19:24:18Z","fethy.faradji@infopro-digital.com"
"14/09/2026 10:32:56","source/repos/srv_listener_folder/packages/Microsoft.SharePointOnline.CSOM.16.1.23019.12000/lib/net45/Microsoft.SharePoint.Client.UserProfiles.dll","1.0","2022-10-18T19:24:18Z","fethy.faradji@infopro-digital.com"
"14/09/2026 10:32:57","source/repos/srv_listener_folder/packages/Microsoft.SharePointOnline.CSOM.16.1.23019.12000/lib/net45/Microsoft.SharePoint.Client.WorkflowServices.dll","1.0","2022-10-18T19:24:18Z","fethy.faradji@infopro-digital.com"
"14/09/2026 10:32:58","source/repos/srv_listener_folder/packages/Microsoft.SharePointOnline.CSOM.16.1.23019.12000/lib/netstandard2.0/Microsoft.Office.Client.TranslationServices.dll","1.0","2022-10-18T19:24:18Z","fethy.faradji@infopro-digital.com"
"14/09/2026 10:32:58","source/repos/srv_listener_folder/packages/Microsoft.SharePointOnline.CSOM.16.1.23019.12000/lib/netstandard2.0/Microsoft.Office.Client.Policy.dll","1.0","2022-10-18T19:24:18Z","fethy.faradji@infopro-digital.com"
"14/09/2026 10:33:01","source/repos/srv_listener_folder/packages/Microsoft.SharePointOnline.CSOM.16.1.23019.12000/lib/netstandard2.0/Microsoft.Office.SharePoint.Tools.dll","1.0","2022-10-18T19:24:18Z","fethy.faradji@infopro-digital.com"
"14/09/2026 10:33:01","source/repos/srv_listener_folder/packages/Microsoft.SharePointOnline.CSOM.16.1.23019.12000/lib/netstandard2.0/Microsoft.Online.SharePoint.Client.Tenant.dll","1.0","2022-10-18T19:24:18Z","fethy.faradji@infopro-digital.com"
"14/09/2026 10:33:02","source/repos/srv_listener_folder/packages/Microsoft.SharePointOnline.CSOM.16.1.23019.12000/lib/netstandard2.0/Microsoft.ProjectServer.Client.dll","1.0","2022-10-18T19:24:18Z","fethy.faradji@infopro-digital.com"
"14/09/2026 10:33:03","source/repos/srv_listener_folder/packages/Microsoft.SharePointOnline.CSOM.16.1.23019.12000/lib/netstandard2.0/Microsoft.SharePoint.Client.dll","1.0","2022-10-18T19:24:20Z","fethy.faradji@infopro-digital.com"
"14/09/2026 10:33:06","source/repos/srv_listener_folder/packages/Microsoft.SharePointOnline.CSOM.16.1.23019.12000/lib/netstandard2.0/Microsoft.SharePoint.Client.Publishing.dll","1.0","2022-10-18T19:24:20Z","fethy.faradji@infopro-digital.com"
"14/09/2026 10:33:06","source/repos/srv_listener_folder/packages/Microsoft.SharePointOnline.CSOM.16.1.23019.12000/lib/netstandard2.0/Microsoft.SharePoint.Client.DocumentManagement.dll","1.0","2022-10-18T19:24:20Z","fethy.faradji@infopro-digital.com"
"14/09/2026 10:33:07","source/repos/srv_listener_folder/packages/Microsoft.SharePointOnline.CSOM.16.1.23019.12000/lib/netstandard2.0/Microsoft.SharePoint.Client.Runtime.dll","1.0","2022-10-18T19:24:20Z","fethy.faradji@infopro-digital.com"
"14/09/2026 10:33:08","source/repos/srv_listener_folder/packages/Microsoft.SharePointOnline.CSOM.16.1.23019.12000/lib/netstandard2.0/Microsoft.SharePoint.Client.Search.Applications.dll","1.0","2022-10-18T19:24:20Z","fethy.faradji@infopro-digital.com"
"14/09/2026 10:33:11","source/repos/srv_listener_folder/packages/Microsoft.SharePointOnline.CSOM.16.1.23019.12000/lib/netstandard2.0/Microsoft.SharePoint.Client.Search.dll","1.0","2022-10-18T19:24:20Z","fethy.faradji@infopro-digital.com"
"14/09/2026 10:33:11","source/repos/srv_listener_folder/packages/Microsoft.SharePointOnline.CSOM.16.1.23019.12000/lib/netstandard2.0/Microsoft.SharePoint.Client.Taxonomy.dll","1.0","2022-10-18T19:24:20Z","fethy.faradji@infopro-digital.com"
"14/09/2026 10:33:12","source/repos/srv_listener_folder/packages/Microsoft.SharePointOnline.CSOM.16.1.23019.12000/lib/netstandard2.0/Microsoft.SharePoint.Client.UserProfiles.dll","1.0","2022-10-18T19:24:20Z","fethy.faradji@infopro-digital.com"
"14/09/2026 10:33:12","source/repos/srv_listener_folder/packages/Microsoft.SharePointOnline.CSOM.16.1.23019.12000/lib/netstandard2.0/Microsoft.SharePoint.Client.WorkflowServices.dll","1.0","2022-10-18T19:24:20Z","fethy.faradji@infopro-digital.com"
"14/09/2026 10:33:16","source/repos/srv_listener_folder/packages/Microsoft.SharePointOnline.CSOM.16.1.23019.12000/.signature.p7s","1.0","2022-10-27T05:47:34Z","fethy.faradji@infopro-digital.com"
"14/09/2026 10:33:16","source/repos/srv_listener_folder/packages/Microsoft.SharePointOnline.CSOM.16.1.23019.12000/Microsoft.SharePointOnline.CSOM.16.1.23019.12000.nupkg","1.0","2022-11-07T14:27:32Z","fethy.faradji@infopro-digital.com"
"14/09/2026 10:33:17","source/repos/srv_listener_folder/packages/Oracle.ManagedDataAccess.21.8.0/bin/x64/Oracle.ManagedDataAccessIOP.dll","1.0","2022-10-11T17:31:30Z","fethy.faradji@infopro-digital.com"
"14/09/2026 10:33:18","source/repos/srv_listener_folder/packages/Oracle.ManagedDataAccess.21.8.0/bin/x86/Oracle.ManagedDataAccessIOP.dll","1.0","2022-10-11T17:31:50Z","fethy.faradji@infopro-digital.com"
"14/09/2026 10:33:21","source/repos/srv_listener_folder/packages/Oracle.ManagedDataAccess.21.8.0/content/net462/App.config.install.xdt","1.0","2022-10-11T17:49:00Z","fethy.faradji@infopro-digital.com"
"14/09/2026 10:33:21","source/repos/srv_listener_folder/packages/Oracle.ManagedDataAccess.21.8.0/content/net462/App.config.transform","1.0","2019-11-15T07:24:50Z","fethy.faradji@infopro-digital.com"
"14/09/2026 10:33:22","source/repos/srv_listener_folder/packages/Oracle.ManagedDataAccess.21.8.0/content/net462/App.config.uninstall.xdt","1.0","2020-08-27T01:34:06Z","fethy.faradji@infopro-digital.com"
"14/09/2026 10:33:23","source/repos/srv_listener_folder/packages/Oracle.ManagedDataAccess.21.8.0/content/net462/Oracle.DataAccess.Common.Configuration.Section.xsd","1.0","2015-12-11T08:54:24Z","fethy.faradji@infopro-digital.com"
"14/09/2026 10:33:26","source/repos/srv_listener_folder/packages/Oracle.ManagedDataAccess.21.8.0/content/net462/Oracle.ManagedDataAccess.Client.Configuration.Section.xsd","1.0","2018-10-19T00:50:30Z","fethy.faradji@infopro-digital.com"
"14/09/2026 10:33:26","source/repos/srv_listener_folder/packages/Oracle.ManagedDataAccess.21.8.0/content/net462/Web.config.install.xdt","1.0","2022-10-11T17:49:00Z","fethy.faradji@infopro-digital.com"
"14/09/2026 10:33:27","source/repos/srv_listener_folder/packages/Oracle.ManagedDataAccess.21.8.0/content/net462/Web.config.transform","1.0","2019-11-15T07:24:50Z","fethy.faradji@infopro-digital.com"
"14/09/2026 10:33:27","source/repos/srv_listener_folder/packages/Oracle.ManagedDataAccess.21.8.0/content/net462/Web.config.uninstall.xdt","1.0","2020-08-27T01:34:06Z","fethy.faradji@infopro-digital.com"
"14/09/2026 10:33:31","source/repos/srv_listener_folder/packages/Oracle.ManagedDataAccess.21.8.0/PerfCounters/register_odpm_perfmon_counters.ps1","1.0","2019-02-28T23:16:52Z","fethy.faradji@infopro-digital.com"
"14/09/2026 10:33:31","source/repos/srv_listener_folder/packages/Oracle.ManagedDataAccess.21.8.0/lib/net462/Oracle.ManagedDataAccess.dll","1.0","2022-10-11T17:31:12Z","fethy.faradji@infopro-digital.com"
"14/09/2026 10:33:31","source/repos/srv_listener_folder/packages/Oracle.ManagedDataAccess.21.8.0/PerfCounters/unregister_odpm_perfmon_counters.ps1","1.0","2019-02-28T23:16:52Z","fethy.faradji@infopro-digital.com"
"14/09/2026 10:33:32","source/repos/srv_listener_folder/packages/Oracle.ManagedDataAccess.21.8.0/.signature.p7s","1.0","2022-10-17T17:44:08Z","fethy.faradji@infopro-digital.com"
"14/09/2026 10:33:36","source/repos/srv_listener_folder/packages/Oracle.ManagedDataAccess.21.8.0/info.txt","1.0","2021-06-17T23:35:48Z","fethy.faradji@infopro-digital.com"
"14/09/2026 10:33:37","source/repos/srv_listener_folder/packages/Oracle.ManagedDataAccess.21.8.0/LICENSE.txt","1.0","2022-07-27T22:57:10Z","fethy.faradji@infopro-digital.com"
"14/09/2026 10:33:37","source/repos/srv_listener_folder/packages/Oracle.ManagedDataAccess.21.8.0/Oracle.ManagedDataAccess.21.8.0.nupkg","1.0","2022-11-07T14:57:52Z","fethy.faradji@infopro-digital.com"
"14/09/2026 10:33:37","source/repos/srv_listener_folder/packages/Oracle.ManagedDataAccess.21.8.0/readme.txt","1.0","2022-10-11T17:49:00Z","fethy.faradji@infopro-digital.com"
"14/09/2026 10:33:42","source/repos/srv_listener_folder/packages/System.Buffers.4.5.1/lib/net461/System.Buffers.xml","1.0","2020-02-19T10:05:18Z","fethy.faradji@infopro-digital.com"
"14/09/2026 10:33:42","source/repos/srv_listener_folder/packages/System.Buffers.4.5.1/lib/net461/System.Buffers.dll","1.0","2020-02-19T10:05:18Z","fethy.faradji@infopro-digital.com"
"14/09/2026 10:33:42","source/repos/srv_listener_folder/packages/System.Buffers.4.5.1/lib/netcoreapp2.0/_._","1.0","2020-02-19T10:05:18Z","fethy.faradji@infopro-digital.com"
"14/09/2026 10:33:43","source/repos/srv_listener_folder/packages/System.Buffers.4.5.1/lib/netstandard1.1/System.Buffers.dll","1.0","2020-02-19T10:05:18Z","fethy.faradji@infopro-digital.com"
"14/09/2026 10:33:47","source/repos/srv_listener_folder/packages/System.Buffers.4.5.1/lib/netstandard1.1/System.Buffers.xml","1.0","2020-02-19T10:05:18Z","fethy.faradji@infopro-digital.com"
"14/09/2026 10:33:47","source/repos/srv_listener_folder/packages/System.Buffers.4.5.1/lib/netstandard2.0/System.Buffers.dll","1.0","2020-02-19T10:05:18Z","fethy.faradji@infopro-digital.com"
"14/09/2026 10:33:48","source/repos/srv_listener_folder/packages/System.Buffers.4.5.1/lib/netstandard2.0/System.Buffers.xml","1.0","2020-02-19T10:05:18Z","fethy.faradji@infopro-digital.com"
"14/09/2026 10:33:48","source/repos/srv_listener_folder/packages/System.Buffers.4.5.1/lib/uap10.0.16299/_._","1.0","2020-02-19T10:05:18Z","fethy.faradji@infopro-digital.com"
"14/09/2026 10:33:52","source/repos/srv_listener_folder/packages/System.Buffers.4.5.1/ref/net45/System.Buffers.dll","1.0","2020-02-19T10:05:18Z","fethy.faradji@infopro-digital.com"
"14/09/2026 10:33:52","source/repos/srv_listener_folder/packages/System.Buffers.4.5.1/ref/net45/System.Buffers.xml","1.0","2020-02-19T10:05:18Z","fethy.faradji@infopro-digital.com"
"14/09/2026 10:33:53","source/repos/srv_listener_folder/packages/System.Buffers.4.5.1/ref/netcoreapp2.0/_._","1.0","2020-02-19T10:05:18Z","fethy.faradji@infopro-digital.com"
"14/09/2026 10:33:54","source/repos/srv_listener_folder/packages/System.Buffers.4.5.1/ref/netstandard1.1/System.Buffers.dll","1.0","2020-02-19T10:05:18Z","fethy.faradji@infopro-digital.com"
"14/09/2026 10:33:57","source/repos/srv_listener_folder/packages/System.Buffers.4.5.1/ref/netstandard1.1/System.Buffers.xml","1.0","2020-02-19T10:05:18Z","fethy.faradji@infopro-digital.com"
"14/09/2026 10:33:58","source/repos/srv_listener_folder/packages/System.Buffers.4.5.1/ref/netstandard2.0/System.Buffers.dll","1.0","2020-02-19T10:05:18Z","fethy.faradji@infopro-digital.com"
"14/09/2026 10:33:59","source/repos/srv_listener_folder/packages/System.Buffers.4.5.1/ref/netstandard2.0/System.Buffers.xml","1.0","2020-02-19T10:05:18Z","fethy.faradji@infopro-digital.com"
"14/09/2026 10:33:59","source/repos/srv_listener_folder/packages/System.Buffers.4.5.1/ref/uap10.0.16299/_._","1.0","2020-02-19T10:05:18Z","fethy.faradji@infopro-digital.com"
"14/09/2026 10:34:02","source/repos/srv_listener_folder/packages/System.Buffers.4.5.1/.signature.p7s","1.0","2020-03-24T13:10:12Z","fethy.faradji@infopro-digital.com"
"14/09/2026 10:34:03","source/repos/srv_listener_folder/packages/System.Buffers.4.5.1/LICENSE.TXT","1.0","2020-02-19T10:05:18Z","fethy.faradji@infopro-digital.com"
"14/09/2026 10:34:03","source/repos/srv_listener_folder/packages/System.Buffers.4.5.1/System.Buffers.4.5.1.nupkg","1.0","2022-11-07T14:57:49Z","fethy.faradji@infopro-digital.com"
"14/09/2026 10:34:05","source/repos/srv_listener_folder/packages/System.Buffers.4.5.1/THIRD-PARTY-NOTICES.TXT","1.0","2020-02-19T10:05:18Z","fethy.faradji@infopro-digital.com"
"14/09/2026 10:34:06","source/repos/srv_listener_folder/packages/System.Buffers.4.5.1/useSharedDesignerContext.txt","1.0","2020-02-19T10:05:18Z","fethy.faradji@infopro-digital.com"
"14/09/2026 10:34:08","source/repos/srv_listener_folder/packages/System.Buffers.4.5.1/version.txt","1.0","2020-02-19T10:05:18Z","fethy.faradji@infopro-digital.com"
"14/09/2026 10:34:09","source/repos/srv_listener_folder/packages/System.Configuration.ConfigurationManager.7.0.0/buildTransitive/net461/System.Configuration.ConfigurationManager.targets","1.0","2022-10-18T16:34:10Z","fethy.faradji@infopro-digital.com"
"14/09/2026 10:34:10","source/repos/srv_listener_folder/packages/System.Configuration.ConfigurationManager.7.0.0/buildTransitive/net462/_._","1.0","2022-10-18T15:55:48Z","fethy.faradji@infopro-digital.com"
"14/09/2026 10:34:13","source/repos/srv_listener_folder/packages/System.Configuration.ConfigurationManager.7.0.0/buildTransitive/net6.0/_._","1.0","2022-10-18T15:55:48Z","fethy.faradji@infopro-digital.com"
"14/09/2026 10:34:16","source/repos/srv_listener_folder/packages/System.Configuration.ConfigurationManager.7.0.0/buildTransitive/netcoreapp2.0/System.Configuration.ConfigurationManager.targets","1.0","2022-10-18T16:34:10Z","fethy.faradji@infopro-digital.com"
"14/09/2026 10:34:16","source/repos/srv_listener_folder/packages/System.Configuration.ConfigurationManager.7.0.0/lib/net462/System.Configuration.ConfigurationManager.dll","1.0","2022-10-18T16:34:08Z","fethy.faradji@infopro-digital.com"
"14/09/2026 10:34:16","source/repos/srv_listener_folder/packages/System.Configuration.ConfigurationManager.7.0.0/lib/net462/System.Configuration.ConfigurationManager.xml","1.0","2022-10-18T16:34:08Z","fethy.faradji@infopro-digital.com"
"14/09/2026 10:34:20","source/repos/srv_listener_folder/packages/System.Configuration.ConfigurationManager.7.0.0/lib/net6.0/System.Configuration.ConfigurationManager.dll","1.0","2022-10-18T16:24:16Z","fethy.faradji@infopro-digital.com"
"14/09/2026 10:34:20","source/repos/srv_listener_folder/packages/System.Configuration.ConfigurationManager.7.0.0/lib/net6.0/System.Configuration.ConfigurationManager.xml","1.0","2022-10-18T16:24:14Z","fethy.faradji@infopro-digital.com"
"14/09/2026 10:34:21","source/repos/srv_listener_folder/packages/System.Configuration.ConfigurationManager.7.0.0/lib/net7.0/System.Configuration.ConfigurationManager.dll","1.0","2022-10-18T16:17:20Z","fethy.faradji@infopro-digital.com"
"14/09/2026 10:34:22","source/repos/srv_listener_folder/packages/System.Configuration.ConfigurationManager.7.0.0/lib/net7.0/System.Configuration.ConfigurationManager.xml","1.0","2022-10-18T16:17:16Z","fethy.faradji@infopro-digital.com"
"14/09/2026 10:34:25","source/repos/srv_listener_folder/packages/System.Configuration.ConfigurationManager.7.0.0/lib/netstandard2.0/System.Configuration.ConfigurationManager.xml","1.0","2022-10-18T16:29:30Z","fethy.faradji@infopro-digital.com"
"14/09/2026 10:34:25","source/repos/srv_listener_folder/packages/System.Configuration.ConfigurationManager.7.0.0/lib/netstandard2.0/System.Configuration.ConfigurationManager.dll","1.0","2022-10-18T16:29:32Z","fethy.faradji@infopro-digital.com"
"14/09/2026 10:34:26","source/repos/srv_listener_folder/packages/System.Configuration.ConfigurationManager.7.0.0/.signature.p7s","1.0","2022-11-07T10:10:06Z","fethy.faradji@infopro-digital.com"
"14/09/2026 10:34:26","source/repos/srv_listener_folder/packages/System.Configuration.ConfigurationManager.7.0.0/Icon.png","1.0","2022-09-08T01:25:54Z","fethy.faradji@infopro-digital.com"
"14/09/2026 10:34:30","source/repos/srv_listener_folder/packages/System.Configuration.ConfigurationManager.7.0.0/LICENSE.TXT","1.0","2022-10-18T15:55:48Z","fethy.faradji@infopro-digital.com"
"14/09/2026 10:34:31","source/repos/srv_listener_folder/packages/System.Configuration.ConfigurationManager.7.0.0/THIRD-PARTY-NOTICES.TXT","1.0","2022-10-18T15:55:48Z","fethy.faradji@infopro-digital.com"
"14/09/2026 10:34:31","source/repos/srv_listener_folder/packages/System.Configuration.ConfigurationManager.7.0.0/System.Configuration.ConfigurationManager.7.0.0.nupkg","1.0","2023-01-09T15:43:07Z","fethy.faradji@infopro-digital.com"
"14/09/2026 10:34:32","source/repos/srv_listener_folder/packages/System.Configuration.ConfigurationManager.7.0.0/useSharedDesignerContext.txt","1.0","2022-10-18T15:55:48Z","fethy.faradji@infopro-digital.com"
"14/09/2026 10:34:37","source/repos/srv_listener_folder/packages/System.Memory.4.5.4/lib/netcoreapp2.1/_._","1.0","2020-02-19T10:05:18Z","fethy.faradji@infopro-digital.com"
"14/09/2026 10:34:37","source/repos/srv_listener_folder/packages/System.Memory.4.5.4/lib/net461/System.Memory.dll","1.0","2020-02-19T10:05:18Z","fethy.faradji@infopro-digital.com"
"14/09/2026 10:34:37","source/repos/srv_listener_folder/packages/System.Memory.4.5.4/lib/net461/System.Memory.xml","1.0","2020-02-19T10:05:18Z","fethy.faradji@infopro-digital.com"
"14/09/2026 10:34:37","source/repos/srv_listener_folder/packages/System.Memory.4.5.4/lib/netstandard1.1/System.Memory.dll","1.0","2020-02-19T10:05:18Z","fethy.faradji@infopro-digital.com"
"14/09/2026 10:34:42","source/repos/srv_listener_folder/packages/System.Memory.4.5.4/lib/netstandard1.1/System.Memory.xml","1.0","2020-02-19T10:05:18Z","fethy.faradji@infopro-digital.com"
"14/09/2026 10:34:43","source/repos/srv_listener_folder/packages/System.Memory.4.5.4/lib/netstandard2.0/System.Memory.dll","1.0","2020-02-19T10:05:18Z","fethy.faradji@infopro-digital.com"
"14/09/2026 10:34:43","source/repos/srv_listener_folder/packages/System.Memory.4.5.4/lib/netstandard2.0/System.Memory.xml","1.0","2020-02-19T10:05:18Z","fethy.faradji@infopro-digital.com"
"14/09/2026 10:34:44","source/repos/srv_listener_folder/packages/System.Memory.4.5.4/ref/netcoreapp2.1/_._","1.0","2020-02-19T10:05:18Z","fethy.faradji@infopro-digital.com"
"14/09/2026 10:34:48","source/repos/srv_listener_folder/packages/System.Memory.4.5.4/.signature.p7s","1.0","2020-03-24T13:10:20Z","fethy.faradji@infopro-digital.com"
"14/09/2026 10:34:48","source/repos/srv_listener_folder/packages/System.Memory.4.5.4/LICENSE.TXT","1.0","2020-02-19T10:05:18Z","fethy.faradji@infopro-digital.com"
"14/09/2026 10:34:50","source/repos/srv_listener_folder/packages/System.Memory.4.5.4/System.Memory.4.5.4.nupkg","1.0","2022-11-07T14:57:50Z","fethy.faradji@infopro-digital.com"
"14/09/2026 10:34:52","source/repos/srv_listener_folder/packages/System.Memory.4.5.4/THIRD-PARTY-NOTICES.TXT","1.0","2020-02-19T10:05:18Z","fethy.faradji@infopro-digital.com"
"14/09/2026 10:34:52","source/repos/srv_listener_folder/packages/System.Memory.4.5.4/useSharedDesignerContext.txt","1.0","2020-02-19T10:05:18Z","fethy.faradji@infopro-digital.com"
"14/09/2026 10:34:53","source/repos/srv_listener_folder/packages/System.Memory.4.5.4/version.txt","1.0","2020-02-19T10:05:18Z","fethy.faradji@infopro-digital.com"
"14/09/2026 10:34:56","source/repos/srv_listener_folder/packages/System.Numerics.Vectors.4.5.0/lib/MonoAndroid10/_._","1.0","2018-05-15T13:29:44Z","fethy.faradji@infopro-digital.com"
"14/09/2026 10:34:56","source/repos/srv_listener_folder/packages/System.Numerics.Vectors.4.5.0/lib/MonoTouch10/_._","1.0","2018-05-15T13:29:44Z","fethy.faradji@infopro-digital.com"
"14/09/2026 10:34:58","source/repos/srv_listener_folder/packages/System.Numerics.Vectors.4.5.0/lib/net46/System.Numerics.Vectors.dll","1.0","2018-05-15T13:29:44Z","fethy.faradji@infopro-digital.com"
"14/09/2026 10:34:59","source/repos/srv_listener_folder/packages/System.Numerics.Vectors.4.5.0/lib/net46/System.Numerics.Vectors.xml","1.0","2018-05-15T13:29:44Z","fethy.faradji@infopro-digital.com"
"14/09/2026 10:35:01","source/repos/srv_listener_folder/packages/System.Numerics.Vectors.4.5.0/lib/netcoreapp2.0/_._","1.0","2018-05-15T13:29:44Z","fethy.faradji@infopro-digital.com"
"14/09/2026 10:35:02","source/repos/srv_listener_folder/packages/System.Numerics.Vectors.4.5.0/lib/netstandard1.0/System.Numerics.Vectors.dll","1.0","2018-05-15T13:29:44Z","fethy.faradji@infopro-digital.com"
"14/09/2026 10:35:03","source/repos/srv_listener_folder/packages/System.Numerics.Vectors.4.5.0/lib/netstandard1.0/System.Numerics.Vectors.xml","1.0","2018-05-15T13:29:44Z","fethy.faradji@infopro-digital.com"
"14/09/2026 10:35:05","source/repos/srv_listener_folder/packages/System.Numerics.Vectors.4.5.0/lib/netstandard2.0/System.Numerics.Vectors.dll","1.0","2018-05-15T13:29:44Z","fethy.faradji@infopro-digital.com"
"14/09/2026 10:35:06","source/repos/srv_listener_folder/packages/System.Numerics.Vectors.4.5.0/lib/netstandard2.0/System.Numerics.Vectors.xml","1.0","2018-05-15T13:29:44Z","fethy.faradji@infopro-digital.com"
"14/09/2026 10:35:08","source/repos/srv_listener_folder/packages/System.Numerics.Vectors.4.5.0/lib/portable-net45+win8+wp8+wpa81/System.Numerics.Vectors.dll","1.0","2018-05-15T13:29:44Z","fethy.faradji@infopro-digital.com"
"14/09/2026 10:35:09","source/repos/srv_listener_folder/packages/System.Numerics.Vectors.4.5.0/lib/portable-net45+win8+wp8+wpa81/System.Numerics.Vectors.xml","1.0","2018-05-15T13:29:44Z","fethy.faradji@infopro-digital.com"
"14/09/2026 10:35:11","source/repos/srv_listener_folder/packages/System.Numerics.Vectors.4.5.0/lib/uap10.0.16299/_._","1.0","2018-05-15T13:29:44Z","fethy.faradji@infopro-digital.com"
"14/09/2026 10:35:11","source/repos/srv_listener_folder/packages/System.Numerics.Vectors.4.5.0/lib/xamarinios10/_._","1.0","2018-05-15T13:29:44Z","fethy.faradji@infopro-digital.com"
"14/09/2026 10:35:14","source/repos/srv_listener_folder/packages/System.Numerics.Vectors.4.5.0/lib/xamarinmac20/_._","1.0","2018-05-15T13:29:44Z","fethy.faradji@infopro-digital.com"
"14/09/2026 10:35:15","source/repos/srv_listener_folder/packages/System.Numerics.Vectors.4.5.0/lib/xamarintvos10/_._","1.0","2018-05-15T13:29:44Z","fethy.faradji@infopro-digital.com"
"14/09/2026 10:35:18","source/repos/srv_listener_folder/packages/System.Numerics.Vectors.4.5.0/lib/xamarinwatchos10/_._","1.0","2018-05-15T13:29:44Z","fethy.faradji@infopro-digital.com"
"14/09/2026 10:35:18","source/repos/srv_listener_folder/packages/System.Numerics.Vectors.4.5.0/ref/MonoAndroid10/_._","1.0","2018-05-15T13:29:44Z","fethy.faradji@infopro-digital.com"
"14/09/2026 10:35:19","source/repos/srv_listener_folder/packages/System.Numerics.Vectors.4.5.0/ref/MonoTouch10/_._","1.0","2018-05-15T13:29:44Z","fethy.faradji@infopro-digital.com"
"14/09/2026 10:35:22","source/repos/srv_listener_folder/packages/System.Numerics.Vectors.4.5.0/ref/net45/System.Numerics.Vectors.dll","1.0","2018-05-15T13:29:44Z","fethy.faradji@infopro-digital.com"
"14/09/2026 10:35:23","source/repos/srv_listener_folder/packages/System.Numerics.Vectors.4.5.0/ref/net45/System.Numerics.Vectors.xml","1.0","2018-05-15T13:29:44Z","fethy.faradji@infopro-digital.com"
"14/09/2026 10:35:24","source/repos/srv_listener_folder/packages/System.Numerics.Vectors.4.5.0/ref/net46/System.Numerics.Vectors.dll","1.0","2018-05-15T13:29:44Z","fethy.faradji@infopro-digital.com"
"14/09/2026 10:35:25","source/repos/srv_listener_folder/packages/System.Numerics.Vectors.4.5.0/ref/net46/System.Numerics.Vectors.xml","1.0","2018-05-15T13:29:44Z","fethy.faradji@infopro-digital.com"
"14/09/2026 10:35:28","source/repos/srv_listener_folder/packages/System.Numerics.Vectors.4.5.0/ref/netcoreapp2.0/_._","1.0","2018-05-15T13:29:44Z","fethy.faradji@infopro-digital.com"
"14/09/2026 10:35:29","source/repos/srv_listener_folder/packages/System.Numerics.Vectors.4.5.0/ref/netstandard1.0/System.Numerics.Vectors.xml","1.0","2018-05-15T13:29:44Z","fethy.faradji@infopro-digital.com"
"14/09/2026 10:35:29","source/repos/srv_listener_folder/packages/System.Numerics.Vectors.4.5.0/ref/netstandard1.0/System.Numerics.Vectors.dll","1.0","2018-05-15T13:29:44Z","fethy.faradji@infopro-digital.com"
"14/09/2026 10:35:31","source/repos/srv_listener_folder/packages/System.Numerics.Vectors.4.5.0/ref/netstandard2.0/System.Numerics.Vectors.dll","1.0","2018-05-15T13:29:44Z","fethy.faradji@infopro-digital.com"
"14/09/2026 10:35:32","source/repos/srv_listener_folder/packages/System.Numerics.Vectors.4.5.0/ref/netstandard2.0/System.Numerics.Vectors.xml","1.0","2018-05-15T13:29:44Z","fethy.faradji@infopro-digital.com"
"14/09/2026 10:35:34","source/repos/srv_listener_folder/packages/System.Numerics.Vectors.4.5.0/ref/uap10.0.16299/_._","1.0","2018-05-15T13:29:44Z","fethy.faradji@infopro-digital.com"
"14/09/2026 10:35:34","source/repos/srv_listener_folder/packages/System.Numerics.Vectors.4.5.0/ref/xamarinios10/_._","1.0","2018-05-15T13:29:44Z","fethy.faradji@infopro-digital.com"
"14/09/2026 10:35:36","source/repos/srv_listener_folder/packages/System.Numerics.Vectors.4.5.0/ref/xamarinmac20/_._","1.0","2018-05-15T13:29:44Z","fethy.faradji@infopro-digital.com"
"14/09/2026 10:35:38","source/repos/srv_listener_folder/packages/System.Numerics.Vectors.4.5.0/ref/xamarintvos10/_._","1.0","2018-05-15T13:29:44Z","fethy.faradji@infopro-digital.com"
"14/09/2026 10:35:40","source/repos/srv_listener_folder/packages/System.Numerics.Vectors.4.5.0/.signature.p7s","1.0","2018-12-17T16:03:00Z","fethy.faradji@infopro-digital.com"
"14/09/2026 10:35:41","source/repos/srv_listener_folder/packages/System.Numerics.Vectors.4.5.0/ref/xamarinwatchos10/_._","1.0","2018-05-15T13:29:44Z","fethy.faradji@infopro-digital.com"
"14/09/2026 10:35:42","source/repos/srv_listener_folder/packages/System.Numerics.Vectors.4.5.0/LICENSE.TXT","1.0","2018-05-15T13:29:44Z","fethy.faradji@infopro-digital.com"
"14/09/2026 10:35:45","source/repos/srv_listener_folder/packages/System.Numerics.Vectors.4.5.0/THIRD-PARTY-NOTICES.TXT","1.0","2018-05-15T13:29:44Z","fethy.faradji@infopro-digital.com"
"14/09/2026 10:35:45","source/repos/srv_listener_folder/packages/System.Numerics.Vectors.4.5.0/System.Numerics.Vectors.4.5.0.nupkg","1.0","2022-11-07T14:57:49Z","fethy.faradji@infopro-digital.com"
"14/09/2026 10:35:46","source/repos/srv_listener_folder/packages/System.Numerics.Vectors.4.5.0/version.txt","1.0","2018-05-15T13:29:44Z","fethy.faradji@infopro-digital.com"
"14/09/2026 10:35:46","source/repos/srv_listener_folder/packages/System.Numerics.Vectors.4.5.0/useSharedDesignerContext.txt","1.0","2018-05-15T13:29:44Z","fethy.faradji@infopro-digital.com"
"14/09/2026 10:35:51","source/repos/srv_listener_folder/packages/System.Runtime.CompilerServices.Unsafe.6.0.0/buildTransitive/netcoreapp2.0/System.Runtime.CompilerServices.Unsafe.targets","1.0","2021-10-22T23:44:06Z","fethy.faradji@infopro-digital.com"
"14/09/2026 10:35:51","source/repos/srv_listener_folder/packages/System.Runtime.CompilerServices.Unsafe.6.0.0/buildTransitive/netcoreapp3.1/_._","1.0","2021-10-22T23:32:20Z","fethy.faradji@infopro-digital.com"
"14/09/2026 10:35:52","source/repos/srv_listener_folder/packages/System.Runtime.CompilerServices.Unsafe.6.0.0/lib/net461/System.Runtime.CompilerServices.Unsafe.dll","1.0","2021-10-22T23:40:18Z","fethy.faradji@infopro-digital.com"
"14/09/2026 10:35:52","source/repos/srv_listener_folder/packages/System.Runtime.CompilerServices.Unsafe.6.0.0/lib/net461/System.Runtime.CompilerServices.Unsafe.xml","1.0","2021-10-19T07:14:20Z","fethy.faradji@infopro-digital.com"
"14/09/2026 10:35:57","source/repos/srv_listener_folder/packages/System.Runtime.CompilerServices.Unsafe.6.0.0/lib/net6.0/System.Runtime.CompilerServices.Unsafe.dll","1.0","2021-10-22T23:38:58Z","fethy.faradji@infopro-digital.com"
"14/09/2026 10:35:57","source/repos/srv_listener_folder/packages/System.Runtime.CompilerServices.Unsafe.6.0.0/lib/net6.0/System.Runtime.CompilerServices.Unsafe.xml","1.0","2021-10-19T07:14:20Z","fethy.faradji@infopro-digital.com"
"14/09/2026 10:35:58","source/repos/srv_listener_folder/packages/System.Runtime.CompilerServices.Unsafe.6.0.0/lib/netcoreapp3.1/System.Runtime.CompilerServices.Unsafe.xml","1.0","2021-10-19T07:14:20Z","fethy.faradji@infopro-digital.com"
"14/09/2026 10:35:59","source/repos/srv_listener_folder/packages/System.Runtime.CompilerServices.Unsafe.6.0.0/lib/netcoreapp3.1/System.Runtime.CompilerServices.Unsafe.dll","1.0","2021-10-22T23:40:56Z","fethy.faradji@infopro-digital.com"
"14/09/2026 10:36:02","source/repos/srv_listener_folder/packages/System.Runtime.CompilerServices.Unsafe.6.0.0/lib/netstandard2.0/System.Runtime.CompilerServices.Unsafe.dll","1.0","2021-10-22T23:40:46Z","fethy.faradji@infopro-digital.com"
"14/09/2026 10:36:03","source/repos/srv_listener_folder/packages/System.Runtime.CompilerServices.Unsafe.6.0.0/lib/netstandard2.0/System.Runtime.CompilerServices.Unsafe.xml","1.0","2021-10-19T07:14:20Z","fethy.faradji@infopro-digital.com"
"14/09/2026 10:36:03","source/repos/srv_listener_folder/packages/System.Runtime.CompilerServices.Unsafe.6.0.0/.signature.p7s","1.0","2021-11-07T22:33:56Z","fethy.faradji@infopro-digital.com"
"14/09/2026 10:36:04","source/repos/srv_listener_folder/packages/System.Runtime.CompilerServices.Unsafe.6.0.0/Icon.png","1.0","2021-10-22T18:16:38Z","fethy.faradji@infopro-digital.com"
"14/09/2026 10:36:07","source/repos/srv_listener_folder/packages/System.Runtime.CompilerServices.Unsafe.6.0.0/LICENSE.TXT","1.0","2021-10-22T23:32:20Z","fethy.faradji@infopro-digital.com"
"14/09/2026 10:36:08","source/repos/srv_listener_folder/packages/System.Runtime.CompilerServices.Unsafe.6.0.0/System.Runtime.CompilerServices.Unsafe.6.0.0.nupkg","1.0","2022-11-07T14:57:50Z","fethy.faradji@infopro-digital.com"
"14/09/2026 10:36:08","source/repos/srv_listener_folder/packages/System.Runtime.CompilerServices.Unsafe.6.0.0/THIRD-PARTY-NOTICES.TXT","1.0","2021-10-22T23:32:20Z","fethy.faradji@infopro-digital.com"
"14/09/2026 10:36:09","source/repos/srv_listener_folder/packages/System.Runtime.CompilerServices.Unsafe.6.0.0/useSharedDesignerContext.txt","1.0","2021-10-22T23:32:20Z","fethy.faradji@infopro-digital.com"
"14/09/2026 10:36:13","source/repos/srv_listener_folder/packages/System.Security.AccessControl.6.0.0/buildTransitive/netcoreapp2.0/System.Security.AccessControl.targets","1.0","2021-10-22T23:45:50Z","fethy.faradji@infopro-digital.com"
"14/09/2026 10:36:14","source/repos/srv_listener_folder/packages/System.Security.AccessControl.6.0.0/buildTransitive/netcoreapp3.1/_._","1.0","2021-10-22T23:32:20Z","fethy.faradji@infopro-digital.com"
"14/09/2026 10:36:15","source/repos/srv_listener_folder/packages/System.Security.AccessControl.6.0.0/lib/net461/System.Security.AccessControl.dll","1.0","2021-10-22T23:45:08Z","fethy.faradji@infopro-digital.com"
"14/09/2026 10:36:15","source/repos/srv_listener_folder/packages/System.Security.AccessControl.6.0.0/lib/net461/System.Security.AccessControl.xml","1.0","2021-10-19T07:14:20Z","fethy.faradji@infopro-digital.com"
"14/09/2026 10:36:18","source/repos/srv_listener_folder/packages/System.Security.AccessControl.6.0.0/lib/net6.0/System.Security.AccessControl.dll","1.0","2021-10-22T23:37:10Z","fethy.faradji@infopro-digital.com"
"14/09/2026 10:36:19","source/repos/srv_listener_folder/packages/System.Security.AccessControl.6.0.0/lib/net6.0/System.Security.AccessControl.xml","1.0","2021-10-19T07:14:20Z","fethy.faradji@infopro-digital.com"
"14/09/2026 10:36:20","source/repos/srv_listener_folder/packages/System.Security.AccessControl.6.0.0/lib/netstandard2.0/System.Security.AccessControl.xml","1.0","2021-10-19T07:14:20Z","fethy.faradji@infopro-digital.com"
"14/09/2026 10:36:20","source/repos/srv_listener_folder/packages/System.Security.AccessControl.6.0.0/lib/netstandard2.0/System.Security.AccessControl.dll","1.0","2021-10-22T23:36:58Z","fethy.faradji@infopro-digital.com"
"14/09/2026 10:36:26","source/repos/srv_listener_folder/packages/System.Security.AccessControl.6.0.0/runtimes/win/lib/net6.0/System.Security.AccessControl.dll","1.0","2021-10-22T23:38:10Z","fethy.faradji@infopro-digital.com"
"14/09/2026 10:36:26","source/repos/srv_listener_folder/packages/System.Security.AccessControl.6.0.0/runtimes/win/lib/net6.0/System.Security.AccessControl.xml","1.0","2021-10-19T07:14:20Z","fethy.faradji@infopro-digital.com"
"14/09/2026 10:36:26","source/repos/srv_listener_folder/packages/System.Security.AccessControl.6.0.0/runtimes/win/lib/net461/System.Security.AccessControl.xml","1.0","2021-10-19T07:14:20Z","fethy.faradji@infopro-digital.com"
"14/09/2026 10:36:27","source/repos/srv_listener_folder/packages/System.Security.AccessControl.6.0.0/runtimes/win/lib/net461/System.Security.AccessControl.dll","1.0","2021-10-22T23:45:08Z","fethy.faradji@infopro-digital.com"
"14/09/2026 10:36:32","source/repos/srv_listener_folder/packages/System.Security.AccessControl.6.0.0/runtimes/win/lib/netstandard2.0/System.Security.AccessControl.xml","1.0","2021-10-19T07:14:20Z","fethy.faradji@infopro-digital.com"
"14/09/2026 10:36:32","source/repos/srv_listener_folder/packages/System.Security.AccessControl.6.0.0/.signature.p7s","1.0","2021-11-07T22:36:18Z","fethy.faradji@infopro-digital.com"
"14/09/2026 10:36:32","source/repos/srv_listener_folder/packages/System.Security.AccessControl.6.0.0/runtimes/win/lib/netstandard2.0/System.Security.AccessControl.dll","1.0","2021-10-22T23:45:48Z","fethy.faradji@infopro-digital.com"
"14/09/2026 10:36:32","source/repos/srv_listener_folder/packages/System.Security.AccessControl.6.0.0/Icon.png","1.0","2021-10-22T18:16:38Z","fethy.faradji@infopro-digital.com"
"14/09/2026 10:36:37","source/repos/srv_listener_folder/packages/System.Security.AccessControl.6.0.0/LICENSE.TXT","1.0","2021-10-22T23:32:20Z","fethy.faradji@infopro-digital.com"
"14/09/2026 10:36:37","source/repos/srv_listener_folder/packages/System.Security.AccessControl.6.0.0/System.Security.AccessControl.6.0.0.nupkg","1.0","2023-01-09T15:43:04Z","fethy.faradji@infopro-digital.com"
"14/09/2026 10:36:38","source/repos/srv_listener_folder/packages/System.Security.AccessControl.6.0.0/THIRD-PARTY-NOTICES.TXT","1.0","2021-10-22T23:32:20Z","fethy.faradji@infopro-digital.com"
"14/09/2026 10:36:38","source/repos/srv_listener_folder/packages/System.Security.AccessControl.6.0.0/useSharedDesignerContext.txt","1.0","2021-10-22T23:32:20Z","fethy.faradji@infopro-digital.com"
"14/09/2026 10:36:43","source/repos/srv_listener_folder/packages/System.Security.Permissions.7.0.0/buildTransitive/net461/System.Security.Permissions.targets","1.0","2022-10-18T16:40:00Z","fethy.faradji@infopro-digital.com"
"14/09/2026 10:36:44","source/repos/srv_listener_folder/packages/System.Security.Permissions.7.0.0/buildTransitive/net462/_._","1.0","2022-10-18T15:55:48Z","fethy.faradji@infopro-digital.com"
"14/09/2026 10:36:44","source/repos/srv_listener_folder/packages/System.Security.Permissions.7.0.0/buildTransitive/net6.0/_._","1.0","2022-10-18T15:55:48Z","fethy.faradji@infopro-digital.com"
"14/09/2026 10:36:45","source/repos/srv_listener_folder/packages/System.Security.Permissions.7.0.0/buildTransitive/netcoreapp2.0/System.Security.Permissions.targets","1.0","2022-10-18T16:40:00Z","fethy.faradji@infopro-digital.com"
"14/09/2026 10:36:50","source/repos/srv_listener_folder/packages/System.Security.Permissions.7.0.0/lib/net462/System.Security.Permissions.dll","1.0","2022-10-18T16:34:02Z","fethy.faradji@infopro-digital.com"
"14/09/2026 10:36:50","source/repos/srv_listener_folder/packages/System.Security.Permissions.7.0.0/lib/net462/System.Security.Permissions.xml","1.0","2022-10-18T16:34:02Z","fethy.faradji@infopro-digital.com"
"14/09/2026 10:36:51","source/repos/srv_listener_folder/packages/System.Security.Permissions.7.0.0/lib/net6.0/System.Security.Permissions.dll","1.0","2022-10-18T16:23:04Z","fethy.faradji@infopro-digital.com"
"14/09/2026 10:36:51","source/repos/srv_listener_folder/packages/System.Security.Permissions.7.0.0/lib/net6.0/System.Security.Permissions.xml","1.0","2022-10-18T16:23:00Z","fethy.faradji@infopro-digital.com"
"14/09/2026 10:36:56","source/repos/srv_listener_folder/packages/System.Security.Permissions.7.0.0/lib/net7.0/System.Security.Permissions.xml","1.0","2022-10-18T16:17:12Z","fethy.faradji@infopro-digital.com"
"14/09/2026 10:36:56","source/repos/srv_listener_folder/packages/System.Security.Permissions.7.0.0/lib/net7.0/System.Security.Permissions.dll","1.0","2022-10-18T16:17:12Z","fethy.faradji@infopro-digital.com"
"14/09/2026 10:36:56","source/repos/srv_listener_folder/packages/System.Security.Permissions.7.0.0/lib/netstandard2.0/System.Security.Permissions.dll","1.0","2022-10-18T16:28:00Z","fethy.faradji@infopro-digital.com"
"14/09/2026 10:36:57","source/repos/srv_listener_folder/packages/System.Security.Permissions.7.0.0/lib/netstandard2.0/System.Security.Permissions.xml","1.0","2022-10-18T16:27:58Z","fethy.faradji@infopro-digital.com"
"14/09/2026 10:37:00","source/repos/srv_listener_folder/packages/System.Security.Permissions.7.0.0/.signature.p7s","1.0","2022-11-07T10:11:12Z","fethy.faradji@infopro-digital.com"
"14/09/2026 10:37:02","source/repos/srv_listener_folder/packages/System.Security.Permissions.7.0.0/Icon.png","1.0","2022-09-08T01:25:54Z","fethy.faradji@infopro-digital.com"
"14/09/2026 10:37:02","source/repos/srv_listener_folder/packages/System.Security.Permissions.7.0.0/LICENSE.TXT","1.0","2022-10-18T15:55:48Z","fethy.faradji@infopro-digital.com"
"14/09/2026 10:37:02","source/repos/srv_listener_folder/packages/System.Security.Permissions.7.0.0/System.Security.Permissions.7.0.0.nupkg","1.0","2023-01-09T15:43:05Z","fethy.faradji@infopro-digital.com"
"14/09/2026 10:37:05","source/repos/srv_listener_folder/packages/System.Security.Permissions.7.0.0/THIRD-PARTY-NOTICES.TXT","1.0","2022-10-18T15:55:48Z","fethy.faradji@infopro-digital.com"
"14/09/2026 10:37:06","source/repos/srv_listener_folder/packages/System.Security.Permissions.7.0.0/useSharedDesignerContext.txt","1.0","2022-10-18T15:55:48Z","fethy.faradji@infopro-digital.com"
"14/09/2026 10:37:09","source/repos/srv_listener_folder/packages/System.Security.Principal.Windows.5.0.0/lib/net461/System.Security.Principal.Windows.dll","1.0","2020-10-19T18:46:28Z","fethy.faradji@infopro-digital.com"
"14/09/2026 10:37:09","source/repos/srv_listener_folder/packages/System.Security.Principal.Windows.5.0.0/lib/net46/System.Security.Principal.Windows.dll","1.0","2018-09-18T19:38:10Z","fethy.faradji@infopro-digital.com"
"14/09/2026 10:37:10","source/repos/srv_listener_folder/packages/System.Security.Principal.Windows.5.0.0/lib/net461/System.Security.Principal.Windows.xml","1.0","2020-10-09T20:10:54Z","fethy.faradji@infopro-digital.com"
"14/09/2026 10:37:12","source/repos/srv_listener_folder/packages/System.Security.Principal.Windows.5.0.0/lib/netstandard1.3/System.Security.Principal.Windows.dll","1.0","2018-09-18T19:38:10Z","fethy.faradji@infopro-digital.com"
"14/09/2026 10:37:14","source/repos/srv_listener_folder/packages/System.Security.Principal.Windows.5.0.0/lib/netstandard2.0/System.Security.Principal.Windows.dll","1.0","2020-10-19T18:37:20Z","fethy.faradji@infopro-digital.com"
"14/09/2026 10:37:14","source/repos/srv_listener_folder/packages/System.Security.Principal.Windows.5.0.0/lib/netstandard2.0/System.Security.Principal.Windows.xml","1.0","2020-10-09T20:10:54Z","fethy.faradji@infopro-digital.com"
"14/09/2026 10:37:16","source/repos/srv_listener_folder/packages/System.Security.Principal.Windows.5.0.0/lib/uap10.0.16299/_._","1.0","2020-10-10T14:01:52Z","fethy.faradji@infopro-digital.com"
"14/09/2026 10:37:18","source/repos/srv_listener_folder/packages/System.Security.Principal.Windows.5.0.0/ref/net46/System.Security.Principal.Windows.dll","1.0","2018-09-18T19:38:10Z","fethy.faradji@infopro-digital.com"
"14/09/2026 10:37:19","source/repos/srv_listener_folder/packages/System.Security.Principal.Windows.5.0.0/ref/net461/System.Security.Principal.Windows.dll","1.0","2020-10-19T18:34:32Z","fethy.faradji@infopro-digital.com"
"14/09/2026 10:37:20","source/repos/srv_listener_folder/packages/System.Security.Principal.Windows.5.0.0/ref/net461/System.Security.Principal.Windows.xml","1.0","2020-10-09T20:10:54Z","fethy.faradji@infopro-digital.com"
"14/09/2026 10:37:22","source/repos/srv_listener_folder/packages/System.Security.Principal.Windows.5.0.0/ref/netcoreapp3.0/System.Security.Principal.Windows.dll","1.0","2020-10-19T18:34:30Z","fethy.faradji@infopro-digital.com"
"14/09/2026 10:37:24","source/repos/srv_listener_folder/packages/System.Security.Principal.Windows.5.0.0/ref/netcoreapp3.0/System.Security.Principal.Windows.xml","1.0","2020-10-09T20:10:54Z","fethy.faradji@infopro-digital.com"
"14/09/2026 10:37:25","source/repos/srv_listener_folder/packages/System.Security.Principal.Windows.5.0.0/ref/netstandard1.3/es/System.Security.Principal.Windows.xml","1.0","2018-09-18T19:38:10Z","fethy.faradji@infopro-digital.com"
"14/09/2026 10:37:26","source/repos/srv_listener_folder/packages/System.Security.Principal.Windows.5.0.0/ref/netstandard1.3/de/System.Security.Principal.Windows.xml","1.0","2018-09-18T19:38:10Z","fethy.faradji@infopro-digital.com"
"14/09/2026 10:37:27","source/repos/srv_listener_folder/packages/System.Security.Principal.Windows.5.0.0/ref/netstandard1.3/fr/System.Security.Principal.Windows.xml","1.0","2018-09-18T19:38:10Z","fethy.faradji@infopro-digital.com"
"14/09/2026 10:37:30","source/repos/srv_listener_folder/packages/System.Security.Principal.Windows.5.0.0/ref/netstandard1.3/it/System.Security.Principal.Windows.xml","1.0","2018-09-18T19:38:10Z","fethy.faradji@infopro-digital.com"
"14/09/2026 10:37:31","source/repos/srv_listener_folder/packages/System.Security.Principal.Windows.5.0.0/ref/netstandard1.3/ja/System.Security.Principal.Windows.xml","1.0","2018-09-18T19:38:10Z","fethy.faradji@infopro-digital.com"
"14/09/2026 10:37:31","source/repos/srv_listener_folder/packages/System.Security.Principal.Windows.5.0.0/ref/netstandard1.3/ko/System.Security.Principal.Windows.xml","1.0","2018-09-18T19:38:10Z","fethy.faradji@infopro-digital.com"
"14/09/2026 10:37:32","source/repos/srv_listener_folder/packages/System.Security.Principal.Windows.5.0.0/ref/netstandard1.3/ru/System.Security.Principal.Windows.xml","1.0","2018-09-18T19:38:10Z","fethy.faradji@infopro-digital.com"
"14/09/2026 10:37:35","source/repos/srv_listener_folder/packages/System.Security.Principal.Windows.5.0.0/ref/netstandard1.3/zh-hans/System.Security.Principal.Windows.xml","1.0","2018-09-18T19:38:10Z","fethy.faradji@infopro-digital.com"
"14/09/2026 10:37:36","source/repos/srv_listener_folder/packages/System.Security.Principal.Windows.5.0.0/ref/netstandard1.3/zh-hant/System.Security.Principal.Windows.xml","1.0","2018-09-18T19:38:10Z","fethy.faradji@infopro-digital.com"
"14/09/2026 10:37:37","source/repos/srv_listener_folder/packages/System.Security.Principal.Windows.5.0.0/ref/netstandard1.3/System.Security.Principal.Windows.dll","1.0","2018-09-18T19:38:10Z","fethy.faradji@infopro-digital.com"
"14/09/2026 10:37:37","source/repos/srv_listener_folder/packages/System.Security.Principal.Windows.5.0.0/ref/netstandard1.3/System.Security.Principal.Windows.xml","1.0","2018-09-18T19:38:10Z","fethy.faradji@infopro-digital.com"
"14/09/2026 10:37:40","source/repos/srv_listener_folder/packages/System.Security.Principal.Windows.5.0.0/ref/netstandard2.0/System.Security.Principal.Windows.dll","1.0","2020-10-19T18:33:52Z","fethy.faradji@infopro-digital.com"
"14/09/2026 10:37:41","source/repos/srv_listener_folder/packages/System.Security.Principal.Windows.5.0.0/ref/netstandard2.0/System.Security.Principal.Windows.xml","1.0","2020-10-09T20:10:54Z","fethy.faradji@infopro-digital.com"
"14/09/2026 10:37:42","source/repos/srv_listener_folder/packages/System.Security.Principal.Windows.5.0.0/ref/uap10.0.16299/_._","1.0","2020-10-10T14:01:52Z","fethy.faradji@infopro-digital.com"
"14/09/2026 10:37:44","source/repos/srv_listener_folder/packages/System.Security.Principal.Windows.5.0.0/runtimes/unix/lib/netcoreapp2.0/System.Security.Principal.Windows.dll","1.0","2020-10-19T18:46:12Z","fethy.faradji@infopro-digital.com"
"14/09/2026 10:37:46","source/repos/srv_listener_folder/packages/System.Security.Principal.Windows.5.0.0/runtimes/unix/lib/netcoreapp2.0/System.Security.Principal.Windows.xml","1.0","2020-10-09T20:10:54Z","fethy.faradji@infopro-digital.com"
"14/09/2026 10:37:47","source/repos/srv_listener_folder/packages/System.Security.Principal.Windows.5.0.0/runtimes/unix/lib/netcoreapp2.1/System.Security.Principal.Windows.dll","1.0","2020-10-19T18:46:26Z","fethy.faradji@infopro-digital.com"
"14/09/2026 10:37:47","source/repos/srv_listener_folder/packages/System.Security.Principal.Windows.5.0.0/runtimes/unix/lib/netcoreapp2.1/System.Security.Principal.Windows.xml","1.0","2020-10-09T20:10:54Z","fethy.faradji@infopro-digital.com"
"14/09/2026 10:37:51","source/repos/srv_listener_folder/packages/System.Security.Principal.Windows.5.0.0/runtimes/win/lib/net461/System.Security.Principal.Windows.dll","1.0","2020-10-19T18:46:28Z","fethy.faradji@infopro-digital.com"
"14/09/2026 10:37:51","source/repos/srv_listener_folder/packages/System.Security.Principal.Windows.5.0.0/runtimes/win/lib/net46/System.Security.Principal.Windows.dll","1.0","2018-09-18T19:38:10Z","fethy.faradji@infopro-digital.com"
"14/09/2026 10:37:52","source/repos/srv_listener_folder/packages/System.Security.Principal.Windows.5.0.0/runtimes/win/lib/net461/System.Security.Principal.Windows.xml","1.0","2020-10-09T20:10:54Z","fethy.faradji@infopro-digital.com"
"14/09/2026 10:37:53","source/repos/srv_listener_folder/packages/System.Security.Principal.Windows.5.0.0/runtimes/win/lib/netcoreapp2.0/System.Security.Principal.Windows.dll","1.0","2020-10-19T18:46:00Z","fethy.faradji@infopro-digital.com"
"14/09/2026 10:37:56","source/repos/srv_listener_folder/packages/System.Security.Principal.Windows.5.0.0/runtimes/win/lib/netcoreapp2.0/System.Security.Principal.Windows.xml","1.0","2020-10-09T20:10:54Z","fethy.faradji@infopro-digital.com"
"14/09/2026 10:37:56","source/repos/srv_listener_folder/packages/System.Security.Principal.Windows.5.0.0/runtimes/win/lib/netcoreapp2.1/System.Security.Principal.Windows.dll","1.0","2020-10-19T18:46:14Z","fethy.faradji@infopro-digital.com"
"14/09/2026 10:37:57","source/repos/srv_listener_folder/packages/System.Security.Principal.Windows.5.0.0/runtimes/win/lib/netcoreapp2.1/System.Security.Principal.Windows.xml","1.0","2020-10-09T20:10:54Z","fethy.faradji@infopro-digital.com"
"14/09/2026 10:37:58","source/repos/srv_listener_folder/packages/System.Security.Principal.Windows.5.0.0/runtimes/win/lib/netstandard1.3/System.Security.Principal.Windows.dll","1.0","2018-09-18T19:38:10Z","fethy.faradji@infopro-digital.com"
"14/09/2026 10:38:01","source/repos/srv_listener_folder/packages/System.Security.Principal.Windows.5.0.0/.signature.p7s","1.0","2020-11-09T15:50:12Z","fethy.faradji@infopro-digital.com"
"14/09/2026 10:38:01","source/repos/srv_listener_folder/packages/System.Security.Principal.Windows.5.0.0/runtimes/win/lib/uap10.0.16299/_._","1.0","2020-10-10T14:01:52Z","fethy.faradji@infopro-digital.com"
"14/09/2026 10:38:02","source/repos/srv_listener_folder/packages/System.Security.Principal.Windows.5.0.0/Icon.png","1.0","2020-10-10T14:01:52Z","fethy.faradji@infopro-digital.com"
"14/09/2026 10:38:03","source/repos/srv_listener_folder/packages/System.Security.Principal.Windows.5.0.0/LICENSE.TXT","1.0","2020-10-19T18:28:24Z","fethy.faradji@infopro-digital.com"
"14/09/2026 10:38:06","source/repos/srv_listener_folder/packages/System.Security.Principal.Windows.5.0.0/System.Security.Principal.Windows.5.0.0.nupkg","1.0","2023-01-09T15:43:03Z","fethy.faradji@infopro-digital.com"
"14/09/2026 10:38:06","source/repos/srv_listener_folder/packages/System.Security.Principal.Windows.5.0.0/THIRD-PARTY-NOTICES.TXT","1.0","2020-10-19T18:28:24Z","fethy.faradji@infopro-digital.com"
"14/09/2026 10:38:07","source/repos/srv_listener_folder/packages/System.Security.Principal.Windows.5.0.0/useSharedDesignerContext.txt","1.0","2020-10-19T18:29:28Z","fethy.faradji@infopro-digital.com"
"14/09/2026 10:38:08","source/repos/srv_listener_folder/packages/System.Security.Principal.Windows.5.0.0/version.txt","1.0","2020-10-19T18:54:00Z","fethy.faradji@infopro-digital.com"
"14/09/2026 10:38:12","source/repos/srv_listener_folder/packages/System.Text.Encodings.Web.6.0.0/buildTransitive/netcoreapp3.1/_._","1.0","2021-10-22T23:32:20Z","fethy.faradji@infopro-digital.com"
"14/09/2026 10:38:13","source/repos/srv_listener_folder/packages/System.Text.Encodings.Web.6.0.0/buildTransitive/netcoreapp2.0/System.Text.Encodings.Web.targets","1.0","2021-10-22T23:45:38Z","fethy.faradji@infopro-digital.com"
"14/09/2026 10:38:14","source/repos/srv_listener_folder/packages/System.Text.Encodings.Web.6.0.0/lib/net461/System.Text.Encodings.Web.xml","1.0","2021-10-19T07:14:20Z","fethy.faradji@infopro-digital.com"
"14/09/2026 10:38:15","source/repos/srv_listener_folder/packages/System.Text.Encodings.Web.6.0.0/lib/net461/System.Text.Encodings.Web.dll","1.0","2021-10-22T23:41:14Z","fethy.faradji@infopro-digital.com"
"14/09/2026 10:38:18","source/repos/srv_listener_folder/packages/System.Text.Encodings.Web.6.0.0/lib/net6.0/System.Text.Encodings.Web.dll","1.0","2021-10-22T23:41:10Z","fethy.faradji@infopro-digital.com"
"14/09/2026 10:38:18","source/repos/srv_listener_folder/packages/System.Text.Encodings.Web.6.0.0/lib/net6.0/System.Text.Encodings.Web.xml","1.0","2021-10-19T07:14:20Z","fethy.faradji@infopro-digital.com"
"14/09/2026 10:38:19","source/repos/srv_listener_folder/packages/System.Text.Encodings.Web.6.0.0/lib/netcoreapp3.1/System.Text.Encodings.Web.dll","1.0","2021-10-22T23:41:26Z","fethy.faradji@infopro-digital.com"
"14/09/2026 10:38:20","source/repos/srv_listener_folder/packages/System.Text.Encodings.Web.6.0.0/lib/netcoreapp3.1/System.Text.Encodings.Web.xml","1.0","2021-10-19T07:14:20Z","fethy.faradji@infopro-digital.com"
"14/09/2026 10:38:23","source/repos/srv_listener_folder/packages/System.Text.Encodings.Web.6.0.0/lib/netstandard2.0/System.Text.Encodings.Web.dll","1.0","2021-10-22T23:42:22Z","fethy.faradji@infopro-digital.com"
"14/09/2026 10:38:23","source/repos/srv_listener_folder/packages/System.Text.Encodings.Web.6.0.0/lib/netstandard2.0/System.Text.Encodings.Web.xml","1.0","2021-10-19T07:14:20Z","fethy.faradji@infopro-digital.com"
"14/09/2026 10:38:27","source/repos/srv_listener_folder/packages/System.Text.Encodings.Web.6.0.0/runtimes/browser/lib/net6.0/System.Text.Encodings.Web.dll","1.0","2021-10-22T23:45:34Z","fethy.faradji@infopro-digital.com"
"14/09/2026 10:38:27","source/repos/srv_listener_folder/packages/System.Text.Encodings.Web.6.0.0/runtimes/browser/lib/net6.0/System.Text.Encodings.Web.xml","1.0","2021-10-19T07:14:20Z","fethy.faradji@infopro-digital.com"
"14/09/2026 10:38:28","source/repos/srv_listener_folder/packages/System.Text.Encodings.Web.6.0.0/.signature.p7s","1.0","2021-11-07T22:41:20Z","fethy.faradji@infopro-digital.com"
"14/09/2026 10:38:31","source/repos/srv_listener_folder/packages/System.Text.Encodings.Web.6.0.0/Icon.png","1.0","2021-10-22T18:16:38Z","fethy.faradji@infopro-digital.com"
"14/09/2026 10:38:31","source/repos/srv_listener_folder/packages/System.Text.Encodings.Web.6.0.0/LICENSE.TXT","1.0","2021-10-22T23:32:20Z","fethy.faradji@infopro-digital.com"
"14/09/2026 10:38:32","source/repos/srv_listener_folder/packages/System.Text.Encodings.Web.6.0.0/System.Text.Encodings.Web.6.0.0.nupkg","1.0","2022-11-07T14:57:50Z","fethy.faradji@infopro-digital.com"
"14/09/2026 10:38:33","source/repos/srv_listener_folder/packages/System.Text.Encodings.Web.6.0.0/THIRD-PARTY-NOTICES.TXT","1.0","2021-10-22T23:32:20Z","fethy.faradji@infopro-digital.com"
"14/09/2026 10:38:35","source/repos/srv_listener_folder/packages/System.Text.Encodings.Web.6.0.0/useSharedDesignerContext.txt","1.0","2021-10-22T23:32:20Z","fethy.faradji@infopro-digital.com"
"14/09/2026 10:38:39","source/repos/srv_listener_folder/packages/System.Text.Json.6.0.0/analyzers/dotnet/roslyn3.11/cs/de/System.Text.Json.SourceGeneration.resources.dll","1.0","2021-10-22T23:41:14Z","fethy.faradji@infopro-digital.com"
"14/09/2026 10:38:39","source/repos/srv_listener_folder/packages/System.Text.Json.6.0.0/analyzers/dotnet/roslyn3.11/cs/cs/System.Text.Json.SourceGeneration.resources.dll","1.0","2021-10-22T23:41:14Z","fethy.faradji@infopro-digital.com"
"14/09/2026 10:38:39","source/repos/srv_listener_folder/packages/System.Text.Json.6.0.0/analyzers/dotnet/roslyn3.11/cs/es/System.Text.Json.SourceGeneration.resources.dll","1.0","2021-10-22T23:41:14Z","fethy.faradji@infopro-digital.com"
"14/09/2026 10:38:42","source/repos/srv_listener_folder/packages/System.Text.Json.6.0.0/analyzers/dotnet/roslyn3.11/cs/fr/System.Text.Json.SourceGeneration.resources.dll","1.0","2021-10-22T23:41:14Z","fethy.faradji@infopro-digital.com"
"14/09/2026 10:38:44","source/repos/srv_listener_folder/packages/System.Text.Json.6.0.0/analyzers/dotnet/roslyn3.11/cs/it/System.Text.Json.SourceGeneration.resources.dll","1.0","2021-10-22T23:41:14Z","fethy.faradji@infopro-digital.com"
"14/09/2026 10:38:45","source/repos/srv_listener_folder/packages/System.Text.Json.6.0.0/analyzers/dotnet/roslyn3.11/cs/ja/System.Text.Json.SourceGeneration.resources.dll","1.0","2021-10-22T23:41:14Z","fethy.faradji@infopro-digital.com"
"14/09/2026 10:38:45","source/repos/srv_listener_folder/packages/System.Text.Json.6.0.0/analyzers/dotnet/roslyn3.11/cs/ko/System.Text.Json.SourceGeneration.resources.dll","1.0","2021-10-22T23:41:14Z","fethy.faradji@infopro-digital.com"
"14/09/2026 10:38:47","source/repos/srv_listener_folder/packages/System.Text.Json.6.0.0/analyzers/dotnet/roslyn3.11/cs/pl/System.Text.Json.SourceGeneration.resources.dll","1.0","2021-10-22T23:41:14Z","fethy.faradji@infopro-digital.com"
"14/09/2026 10:38:50","source/repos/srv_listener_folder/packages/System.Text.Json.6.0.0/analyzers/dotnet/roslyn3.11/cs/ru/System.Text.Json.SourceGeneration.resources.dll","1.0","2021-10-22T23:41:14Z","fethy.faradji@infopro-digital.com"
"14/09/2026 10:38:50","source/repos/srv_listener_folder/packages/System.Text.Json.6.0.0/analyzers/dotnet/roslyn3.11/cs/pt-BR/System.Text.Json.SourceGeneration.resources.dll","1.0","2021-10-22T23:41:14Z","fethy.faradji@infopro-digital.com"
"14/09/2026 10:38:51","source/repos/srv_listener_folder/packages/System.Text.Json.6.0.0/analyzers/dotnet/roslyn3.11/cs/tr/System.Text.Json.SourceGeneration.resources.dll","1.0","2021-10-22T23:41:14Z","fethy.faradji@infopro-digital.com"
"14/09/2026 10:38:52","source/repos/srv_listener_folder/packages/System.Text.Json.6.0.0/analyzers/dotnet/roslyn3.11/cs/zh-Hans/System.Text.Json.SourceGeneration.resources.dll","1.0","2021-10-22T23:41:14Z","fethy.faradji@infopro-digital.com"
"14/09/2026 10:38:55","source/repos/srv_listener_folder/packages/System.Text.Json.6.0.0/analyzers/dotnet/roslyn3.11/cs/zh-Hant/System.Text.Json.SourceGeneration.resources.dll","1.0","2021-10-22T23:41:14Z","fethy.faradji@infopro-digital.com"
"14/09/2026 10:38:55","source/repos/srv_listener_folder/packages/System.Text.Json.6.0.0/analyzers/dotnet/roslyn3.11/cs/System.Text.Json.SourceGeneration.dll","1.0","2021-10-22T23:41:14Z","fethy.faradji@infopro-digital.com"
"14/09/2026 10:38:58","source/repos/srv_listener_folder/packages/System.Text.Json.6.0.0/analyzers/dotnet/roslyn4.0/cs/de/System.Text.Json.SourceGeneration.resources.dll","1.0","2021-10-22T23:41:16Z","fethy.faradji@infopro-digital.com"
"14/09/2026 10:38:58","source/repos/srv_listener_folder/packages/System.Text.Json.6.0.0/analyzers/dotnet/roslyn4.0/cs/cs/System.Text.Json.SourceGeneration.resources.dll","1.0","2021-10-22T23:41:16Z","fethy.faradji@infopro-digital.com"
"14/09/2026 10:39:01","source/repos/srv_listener_folder/packages/System.Text.Json.6.0.0/analyzers/dotnet/roslyn4.0/cs/es/System.Text.Json.SourceGeneration.resources.dll","1.0","2021-10-22T23:41:16Z","fethy.faradji@infopro-digital.com"
"14/09/2026 10:39:01","source/repos/srv_listener_folder/packages/System.Text.Json.6.0.0/analyzers/dotnet/roslyn4.0/cs/fr/System.Text.Json.SourceGeneration.resources.dll","1.0","2021-10-22T23:41:16Z","fethy.faradji@infopro-digital.com"
"14/09/2026 10:39:03","source/repos/srv_listener_folder/packages/System.Text.Json.6.0.0/analyzers/dotnet/roslyn4.0/cs/it/System.Text.Json.SourceGeneration.resources.dll","1.0","2021-10-22T23:41:16Z","fethy.faradji@infopro-digital.com"
"14/09/2026 10:39:04","source/repos/srv_listener_folder/packages/System.Text.Json.6.0.0/analyzers/dotnet/roslyn4.0/cs/ja/System.Text.Json.SourceGeneration.resources.dll","1.0","2021-10-22T23:41:16Z","fethy.faradji@infopro-digital.com"
"14/09/2026 10:39:08","source/repos/srv_listener_folder/packages/System.Text.Json.6.0.0/analyzers/dotnet/roslyn4.0/cs/ko/System.Text.Json.SourceGeneration.resources.dll","1.0","2021-10-22T23:41:16Z","fethy.faradji@infopro-digital.com"
"14/09/2026 10:39:09","source/repos/srv_listener_folder/packages/System.Text.Json.6.0.0/analyzers/dotnet/roslyn4.0/cs/pl/System.Text.Json.SourceGeneration.resources.dll","1.0","2021-10-22T23:41:16Z","fethy.faradji@infopro-digital.com"
"14/09/2026 10:39:10","source/repos/srv_listener_folder/packages/System.Text.Json.6.0.0/analyzers/dotnet/roslyn4.0/cs/pt-BR/System.Text.Json.SourceGeneration.resources.dll","1.0","2021-10-22T23:41:16Z","fethy.faradji@infopro-digital.com"
"14/09/2026 10:39:11","source/repos/srv_listener_folder/packages/System.Text.Json.6.0.0/analyzers/dotnet/roslyn4.0/cs/ru/System.Text.Json.SourceGeneration.resources.dll","1.0","2021-10-22T23:41:16Z","fethy.faradji@infopro-digital.com"
"14/09/2026 10:39:14","source/repos/srv_listener_folder/packages/System.Text.Json.6.0.0/analyzers/dotnet/roslyn4.0/cs/tr/System.Text.Json.SourceGeneration.resources.dll","1.0","2021-10-22T23:41:16Z","fethy.faradji@infopro-digital.com"
"14/09/2026 10:39:15","source/repos/srv_listener_folder/packages/System.Text.Json.6.0.0/analyzers/dotnet/roslyn4.0/cs/zh-Hans/System.Text.Json.SourceGeneration.resources.dll","1.0","2021-10-22T23:41:16Z","fethy.faradji@infopro-digital.com"
"14/09/2026 10:39:16","source/repos/srv_listener_folder/packages/System.Text.Json.6.0.0/analyzers/dotnet/roslyn4.0/cs/zh-Hant/System.Text.Json.SourceGeneration.resources.dll","1.0","2021-10-22T23:41:16Z","fethy.faradji@infopro-digital.com"
"14/09/2026 10:39:17","source/repos/srv_listener_folder/packages/System.Text.Json.6.0.0/analyzers/dotnet/roslyn4.0/cs/System.Text.Json.SourceGeneration.dll","1.0","2021-10-22T23:41:16Z","fethy.faradji@infopro-digital.com"
"14/09/2026 10:39:21","source/repos/srv_listener_folder/packages/System.Text.Json.6.0.0/build/System.Text.Json.targets","1.0","2021-10-22T23:45:28Z","fethy.faradji@infopro-digital.com"
"14/09/2026 10:39:22","source/repos/srv_listener_folder/packages/System.Text.Json.6.0.0/buildTransitive/netcoreapp3.1/_._","1.0","2021-10-22T23:32:20Z","fethy.faradji@infopro-digital.com"
"14/09/2026 10:39:22","source/repos/srv_listener_folder/packages/System.Text.Json.6.0.0/buildTransitive/netcoreapp2.0/System.Text.Json.targets","1.0","2021-10-22T23:45:10Z","fethy.faradji@infopro-digital.com"
"14/09/2026 10:39:24","source/repos/srv_listener_folder/packages/System.Text.Json.6.0.0/lib/net461/System.Text.Json.dll","1.0","2021-10-22T23:44:26Z","fethy.faradji@infopro-digital.com"
"14/09/2026 10:39:26","source/repos/srv_listener_folder/packages/System.Text.Json.6.0.0/lib/net461/System.Text.Json.xml","1.0","2021-10-19T07:14:20Z","fethy.faradji@infopro-digital.com"
"14/09/2026 10:39:28","source/repos/srv_listener_folder/packages/System.Text.Json.6.0.0/lib/net6.0/System.Text.Json.xml","1.0","2021-10-19T07:14:20Z","fethy.faradji@infopro-digital.com"
"14/09/2026 10:39:28","source/repos/srv_listener_folder/packages/System.Text.Json.6.0.0/lib/net6.0/System.Text.Json.dll","1.0","2021-10-22T23:44:22Z","fethy.faradji@infopro-digital.com"
"14/09/2026 10:39:30","source/repos/srv_listener_folder/packages/System.Text.Json.6.0.0/lib/netcoreapp3.1/System.Text.Json.dll","1.0","2021-10-22T23:44:34Z","fethy.faradji@infopro-digital.com"
"14/09/2026 10:39:32","source/repos/srv_listener_folder/packages/System.Text.Json.6.0.0/lib/netcoreapp3.1/System.Text.Json.xml","1.0","2021-10-19T07:14:20Z","fethy.faradji@infopro-digital.com"
"14/09/2026 10:39:34","source/repos/srv_listener_folder/packages/System.Text.Json.6.0.0/lib/netstandard2.0/System.Text.Json.xml","1.0","2021-10-19T07:14:20Z","fethy.faradji@infopro-digital.com"
"14/09/2026 10:39:34","source/repos/srv_listener_folder/packages/System.Text.Json.6.0.0/lib/netstandard2.0/System.Text.Json.dll","1.0","2021-10-22T23:45:06Z","fethy.faradji@infopro-digital.com"
"14/09/2026 10:39:35","source/repos/srv_listener_folder/packages/System.Text.Json.6.0.0/.signature.p7s","1.0","2021-11-07T22:36:08Z","fethy.faradji@infopro-digital.com"
"14/09/2026 10:39:38","source/repos/srv_listener_folder/packages/System.Text.Json.6.0.0/Icon.png","1.0","2021-10-22T18:16:38Z","fethy.faradji@infopro-digital.com"
"14/09/2026 10:39:40","source/repos/srv_listener_folder/packages/System.Text.Json.6.0.0/LICENSE.TXT","1.0","2021-10-22T23:32:20Z","fethy.faradji@infopro-digital.com"
"14/09/2026 10:39:40","source/repos/srv_listener_folder/packages/System.Text.Json.6.0.0/System.Text.Json.6.0.0.nupkg","1.0","2022-11-07T14:57:51Z","fethy.faradji@infopro-digital.com"
"14/09/2026 10:39:41","source/repos/srv_listener_folder/packages/System.Text.Json.6.0.0/THIRD-PARTY-NOTICES.TXT","1.0","2021-10-22T23:32:20Z","fethy.faradji@infopro-digital.com"
"14/09/2026 10:39:44","source/repos/srv_listener_folder/packages/System.Text.Json.6.0.0/useSharedDesignerContext.txt","1.0","2021-10-22T23:32:20Z","fethy.faradji@infopro-digital.com"
"14/09/2026 10:39:46","source/repos/srv_listener_folder/packages/System.Threading.Tasks.Extensions.4.5.4/lib/MonoAndroid10/_._","1.0","2020-02-19T10:05:18Z","fethy.faradji@infopro-digital.com"
"14/09/2026 10:39:47","source/repos/srv_listener_folder/packages/System.Threading.Tasks.Extensions.4.5.4/lib/MonoTouch10/_._","1.0","2020-02-19T10:05:18Z","fethy.faradji@infopro-digital.com"
"14/09/2026 10:39:47","source/repos/srv_listener_folder/packages/System.Threading.Tasks.Extensions.4.5.4/lib/net461/System.Threading.Tasks.Extensions.dll","1.0","2020-02-19T10:05:18Z","fethy.faradji@infopro-digital.com"
"14/09/2026 10:39:50","source/repos/srv_listener_folder/packages/System.Threading.Tasks.Extensions.4.5.4/lib/net461/System.Threading.Tasks.Extensions.xml","1.0","2020-02-19T10:05:18Z","fethy.faradji@infopro-digital.com"
"14/09/2026 10:39:52","source/repos/srv_listener_folder/packages/System.Threading.Tasks.Extensions.4.5.4/lib/netcoreapp2.1/_._","1.0","2020-02-19T10:05:18Z","fethy.faradji@infopro-digital.com"
"14/09/2026 10:39:54","source/repos/srv_listener_folder/packages/System.Threading.Tasks.Extensions.4.5.4/lib/netstandard1.0/System.Threading.Tasks.Extensions.dll","1.0","2020-02-19T10:05:18Z","fethy.faradji@infopro-digital.com"
"14/09/2026 10:39:54","source/repos/srv_listener_folder/packages/System.Threading.Tasks.Extensions.4.5.4/lib/netstandard1.0/System.Threading.Tasks.Extensions.xml","1.0","2020-02-19T10:05:18Z","fethy.faradji@infopro-digital.com"
"14/09/2026 10:39:57","source/repos/srv_listener_folder/packages/System.Threading.Tasks.Extensions.4.5.4/lib/netstandard2.0/System.Threading.Tasks.Extensions.dll","1.0","2020-02-19T10:05:18Z","fethy.faradji@infopro-digital.com"
"14/09/2026 10:39:58","source/repos/srv_listener_folder/packages/System.Threading.Tasks.Extensions.4.5.4/lib/netstandard2.0/System.Threading.Tasks.Extensions.xml","1.0","2020-02-19T10:05:18Z","fethy.faradji@infopro-digital.com"
"14/09/2026 10:39:59","source/repos/srv_listener_folder/packages/System.Threading.Tasks.Extensions.4.5.4/lib/portable-net45+win8+wp8+wpa81/System.Threading.Tasks.Extensions.xml","1.0","2020-02-19T10:05:18Z","fethy.faradji@infopro-digital.com"
"14/09/2026 10:40:00","source/repos/srv_listener_folder/packages/System.Threading.Tasks.Extensions.4.5.4/lib/portable-net45+win8+wp8+wpa81/System.Threading.Tasks.Extensions.dll","1.0","2020-02-19T10:05:18Z","fethy.faradji@infopro-digital.com"
"14/09/2026 10:40:04","source/repos/srv_listener_folder/packages/System.Threading.Tasks.Extensions.4.5.4/lib/xamarinmac20/_._","1.0","2020-02-19T10:05:18Z","fethy.faradji@infopro-digital.com"
"14/09/2026 10:40:04","source/repos/srv_listener_folder/packages/System.Threading.Tasks.Extensions.4.5.4/lib/xamarinios10/_._","1.0","2020-02-19T10:05:18Z","fethy.faradji@infopro-digital.com"
"14/09/2026 10:40:06","source/repos/srv_listener_folder/packages/System.Threading.Tasks.Extensions.4.5.4/lib/xamarintvos10/_._","1.0","2020-02-19T10:05:18Z","fethy.faradji@infopro-digital.com"
"14/09/2026 10:40:07","source/repos/srv_listener_folder/packages/System.Threading.Tasks.Extensions.4.5.4/lib/xamarinwatchos10/_._","1.0","2020-02-19T10:05:18Z","fethy.faradji@infopro-digital.com"
"14/09/2026 10:40:11","source/repos/srv_listener_folder/packages/System.Threading.Tasks.Extensions.4.5.4/ref/MonoAndroid10/_._","1.0","2020-02-19T10:05:18Z","fethy.faradji@infopro-digital.com"
"14/09/2026 10:40:13","source/repos/srv_listener_folder/packages/System.Threading.Tasks.Extensions.4.5.4/ref/netcoreapp2.1/_._","1.0","2020-02-19T10:05:18Z","fethy.faradji@infopro-digital.com"
"14/09/2026 10:40:15","source/repos/srv_listener_folder/packages/System.Threading.Tasks.Extensions.4.5.4/ref/MonoTouch10/_._","1.0","2020-02-19T10:05:18Z","fethy.faradji@infopro-digital.com"
"14/09/2026 10:40:15","source/repos/srv_listener_folder/packages/System.Threading.Tasks.Extensions.4.5.4/ref/xamarinios10/_._","1.0","2020-02-19T10:05:18Z","fethy.faradji@infopro-digital.com"
"14/09/2026 10:40:17","source/repos/srv_listener_folder/packages/System.Threading.Tasks.Extensions.4.5.4/ref/xamarinmac20/_._","1.0","2020-02-19T10:05:18Z","fethy.faradji@infopro-digital.com"
"14/09/2026 10:40:20","source/repos/srv_listener_folder/packages/System.Threading.Tasks.Extensions.4.5.4/ref/xamarintvos10/_._","1.0","2020-02-19T10:05:18Z","fethy.faradji@infopro-digital.com"
"14/09/2026 10:40:21","source/repos/srv_listener_folder/packages/System.Threading.Tasks.Extensions.4.5.4/.signature.p7s","1.0","2020-03-24T13:10:24Z","fethy.faradji@infopro-digital.com"
"14/09/2026 10:40:22","source/repos/srv_listener_folder/packages/System.Threading.Tasks.Extensions.4.5.4/ref/xamarinwatchos10/_._","1.0","2020-02-19T10:05:18Z","fethy.faradji@infopro-digital.com"
"14/09/2026 10:40:23","source/repos/srv_listener_folder/packages/System.Threading.Tasks.Extensions.4.5.4/LICENSE.TXT","1.0","2020-02-19T10:05:18Z","fethy.faradji@infopro-digital.com"
"14/09/2026 10:40:25","source/repos/srv_listener_folder/packages/System.Threading.Tasks.Extensions.4.5.4/System.Threading.Tasks.Extensions.4.5.4.nupkg","1.0","2022-11-07T14:57:51Z","fethy.faradji@infopro-digital.com"
"14/09/2026 10:40:26","source/repos/srv_listener_folder/packages/System.Threading.Tasks.Extensions.4.5.4/THIRD-PARTY-NOTICES.TXT","1.0","2020-02-19T10:05:18Z","fethy.faradji@infopro-digital.com"
"14/09/2026 10:40:27","source/repos/srv_listener_folder/packages/System.Threading.Tasks.Extensions.4.5.4/useSharedDesignerContext.txt","1.0","2020-02-19T10:05:18Z","fethy.faradji@infopro-digital.com"
"14/09/2026 10:40:28","source/repos/srv_listener_folder/packages/System.Threading.Tasks.Extensions.4.5.4/version.txt","1.0","2020-02-19T10:05:18Z","fethy.faradji@infopro-digital.com"
"14/09/2026 10:40:32","source/repos/srv_listener_folder/packages/System.ValueTuple.4.5.0/lib/MonoTouch10/_._","1.0","2018-05-15T13:29:52Z","fethy.faradji@infopro-digital.com"
"14/09/2026 10:40:32","source/repos/srv_listener_folder/packages/System.ValueTuple.4.5.0/lib/MonoAndroid10/_._","1.0","2018-05-15T13:29:52Z","fethy.faradji@infopro-digital.com"
"14/09/2026 10:40:33","source/repos/srv_listener_folder/packages/System.ValueTuple.4.5.0/lib/net461/System.ValueTuple.dll","1.0","2018-05-15T13:29:52Z","fethy.faradji@infopro-digital.com"
"14/09/2026 10:40:34","source/repos/srv_listener_folder/packages/System.ValueTuple.4.5.0/lib/net461/System.ValueTuple.xml","1.0","2018-05-15T13:29:52Z","fethy.faradji@infopro-digital.com"
"14/09/2026 10:40:38","source/repos/srv_listener_folder/packages/System.ValueTuple.4.5.0/lib/net47/System.ValueTuple.dll","1.0","2018-05-15T13:29:52Z","fethy.faradji@infopro-digital.com"
"14/09/2026 10:40:38","source/repos/srv_listener_folder/packages/System.ValueTuple.4.5.0/lib/net47/System.ValueTuple.xml","1.0","2018-05-15T13:29:52Z","fethy.faradji@infopro-digital.com"
"14/09/2026 10:40:39","source/repos/srv_listener_folder/packages/System.ValueTuple.4.5.0/lib/netcoreapp2.0/_._","1.0","2018-05-15T13:29:52Z","fethy.faradji@infopro-digital.com"
"14/09/2026 10:40:40","source/repos/srv_listener_folder/packages/System.ValueTuple.4.5.0/lib/netstandard1.0/System.ValueTuple.dll","1.0","2018-05-15T13:29:52Z","fethy.faradji@infopro-digital.com"
"14/09/2026 10:40:43","source/repos/srv_listener_folder/packages/System.ValueTuple.4.5.0/lib/netstandard1.0/System.ValueTuple.xml","1.0","2018-05-15T13:29:52Z","fethy.faradji@infopro-digital.com"
"14/09/2026 10:40:44","source/repos/srv_listener_folder/packages/System.ValueTuple.4.5.0/lib/netstandard2.0/_._","1.0","2018-05-15T13:29:52Z","fethy.faradji@infopro-digital.com"
"14/09/2026 10:40:45","source/repos/srv_listener_folder/packages/System.ValueTuple.4.5.0/lib/portable-net40+sl4+win8+wp8/System.ValueTuple.dll","1.0","2018-05-15T13:29:52Z","fethy.faradji@infopro-digital.com"
"14/09/2026 10:40:46","source/repos/srv_listener_folder/packages/System.ValueTuple.4.5.0/lib/portable-net40+sl4+win8+wp8/System.ValueTuple.xml","1.0","2018-05-15T13:29:52Z","fethy.faradji@infopro-digital.com"
"14/09/2026 10:40:49","source/repos/srv_listener_folder/packages/System.ValueTuple.4.5.0/lib/uap10.0.16299/_._","1.0","2018-05-15T13:29:52Z","fethy.faradji@infopro-digital.com"
"14/09/2026 10:40:50","source/repos/srv_listener_folder/packages/System.ValueTuple.4.5.0/lib/xamarinios10/_._","1.0","2018-05-15T13:29:52Z","fethy.faradji@infopro-digital.com"
"14/09/2026 10:40:52","source/repos/srv_listener_folder/packages/System.ValueTuple.4.5.0/lib/xamarinmac20/_._","1.0","2018-05-15T13:29:52Z","fethy.faradji@infopro-digital.com"
"14/09/2026 10:40:52","source/repos/srv_listener_folder/packages/System.ValueTuple.4.5.0/lib/xamarintvos10/_._","1.0","2018-05-15T13:29:52Z","fethy.faradji@infopro-digital.com"
"14/09/2026 10:40:56","source/repos/srv_listener_folder/packages/System.ValueTuple.4.5.0/lib/xamarinwatchos10/_._","1.0","2018-05-15T13:29:52Z","fethy.faradji@infopro-digital.com"
"14/09/2026 10:40:58","source/repos/srv_listener_folder/packages/System.ValueTuple.4.5.0/ref/MonoAndroid10/_._","1.0","2018-05-15T13:29:52Z","fethy.faradji@infopro-digital.com"
"14/09/2026 10:40:58","source/repos/srv_listener_folder/packages/System.ValueTuple.4.5.0/ref/MonoTouch10/_._","1.0","2018-05-15T13:29:52Z","fethy.faradji@infopro-digital.com"
"14/09/2026 10:40:59","source/repos/srv_listener_folder/packages/System.ValueTuple.4.5.0/ref/net461/System.ValueTuple.dll","1.0","2018-05-15T13:29:52Z","fethy.faradji@infopro-digital.com"
"14/09/2026 10:41:03","source/repos/srv_listener_folder/packages/System.ValueTuple.4.5.0/ref/net47/System.ValueTuple.dll","1.0","2018-05-15T13:29:52Z","fethy.faradji@infopro-digital.com"
"14/09/2026 10:41:05","source/repos/srv_listener_folder/packages/System.ValueTuple.4.5.0/ref/netcoreapp2.0/_._","1.0","2018-05-15T13:29:52Z","fethy.faradji@infopro-digital.com"
"14/09/2026 10:41:05","source/repos/srv_listener_folder/packages/System.ValueTuple.4.5.0/ref/netstandard2.0/_._","1.0","2018-05-15T13:29:52Z","fethy.faradji@infopro-digital.com"
"14/09/2026 10:41:05","source/repos/srv_listener_folder/packages/System.ValueTuple.4.5.0/ref/portable-net40+sl4+win8+wp8/System.ValueTuple.dll","1.0","2018-05-15T13:29:52Z","fethy.faradji@infopro-digital.com"
"14/09/2026 10:41:09","source/repos/srv_listener_folder/packages/System.ValueTuple.4.5.0/ref/uap10.0.16299/_._","1.0","2018-05-15T13:29:52Z","fethy.faradji@infopro-digital.com"
"14/09/2026 10:41:10","source/repos/srv_listener_folder/packages/System.ValueTuple.4.5.0/ref/xamarinios10/_._","1.0","2018-05-15T13:29:52Z","fethy.faradji@infopro-digital.com"
"14/09/2026 10:41:11","source/repos/srv_listener_folder/packages/System.ValueTuple.4.5.0/ref/xamarintvos10/_._","1.0","2018-05-15T13:29:52Z","fethy.faradji@infopro-digital.com"
"14/09/2026 10:41:11","source/repos/srv_listener_folder/packages/System.ValueTuple.4.5.0/ref/xamarinmac20/_._","1.0","2018-05-15T13:29:52Z","fethy.faradji@infopro-digital.com"
"14/09/2026 10:41:15","source/repos/srv_listener_folder/packages/System.ValueTuple.4.5.0/ref/xamarinwatchos10/_._","1.0","2018-05-15T13:29:52Z","fethy.faradji@infopro-digital.com"
"14/09/2026 10:41:16","source/repos/srv_listener_folder/packages/System.ValueTuple.4.5.0/.signature.p7s","1.0","2018-12-17T16:20:26Z","fethy.faradji@infopro-digital.com"
"14/09/2026 10:41:17","source/repos/srv_listener_folder/packages/System.ValueTuple.4.5.0/LICENSE.TXT","1.0","2018-05-15T13:29:52Z","fethy.faradji@infopro-digital.com"
"14/09/2026 10:41:17","source/repos/srv_listener_folder/packages/System.ValueTuple.4.5.0/System.ValueTuple.4.5.0.nupkg","1.0","2022-11-07T14:57:51Z","fethy.faradji@infopro-digital.com"
"14/09/2026 10:41:20","source/repos/srv_listener_folder/packages/System.ValueTuple.4.5.0/THIRD-PARTY-NOTICES.TXT","1.0","2018-05-15T13:29:52Z","fethy.faradji@infopro-digital.com"
"14/09/2026 10:41:21","source/repos/srv_listener_folder/packages/System.ValueTuple.4.5.0/useSharedDesignerContext.txt","1.0","2018-05-15T13:29:52Z","fethy.faradji@infopro-digital.com"
"14/09/2026 10:41:21","source/repos/srv_listener_folder/packages/System.ValueTuple.4.5.0/version.txt","1.0","2018-05-15T13:29:52Z","fethy.faradji@infopro-digital.com"
"14/09/2026 10:41:24","source/repos/srv_listener_folder/SF_VIEWER_AO_SIM/.git/hooks/applypatch-msg.sample","1.0","2023-02-17T14:42:58Z","fethy.faradji@infopro-digital.com"
"14/09/2026 10:41:26","source/repos/srv_listener_folder/SF_VIEWER_AO_SIM/.git/hooks/commit-msg.sample","1.0","2023-02-17T14:42:58Z","fethy.faradji@infopro-digital.com"
"14/09/2026 10:41:27","source/repos/srv_listener_folder/SF_VIEWER_AO_SIM/.git/hooks/fsmonitor-watchman.sample","1.0","2023-02-17T14:42:58Z","fethy.faradji@infopro-digital.com"
"14/09/2026 10:41:28","source/repos/srv_listener_folder/SF_VIEWER_AO_SIM/.git/hooks/post-update.sample","1.0","2023-02-17T14:42:58Z","fethy.faradji@infopro-digital.com"
"14/09/2026 10:41:28","source/repos/srv_listener_folder/SF_VIEWER_AO_SIM/.git/hooks/pre-applypatch.sample","1.0","2023-02-17T14:42:58Z","fethy.faradji@infopro-digital.com"
"14/09/2026 10:41:30","source/repos/srv_listener_folder/SF_VIEWER_AO_SIM/.git/hooks/pre-commit.sample","1.0","2023-02-17T14:42:58Z","fethy.faradji@infopro-digital.com"
"14/09/2026 10:41:31","source/repos/srv_listener_folder/SF_VIEWER_AO_SIM/.git/hooks/pre-merge-commit.sample","1.0","2023-02-17T14:42:58Z","fethy.faradji@infopro-digital.com"
"14/09/2026 10:41:32","source/repos/srv_listener_folder/SF_VIEWER_AO_SIM/.git/hooks/prepare-commit-msg.sample","1.0","2023-02-17T14:42:58Z","fethy.faradji@infopro-digital.com"
"14/09/2026 10:41:32","source/repos/srv_listener_folder/SF_VIEWER_AO_SIM/.git/hooks/pre-push.sample","1.0","2023-02-17T14:42:58Z","fethy.faradji@infopro-digital.com"
"14/09/2026 10:41:34","source/repos/srv_listener_folder/SF_VIEWER_AO_SIM/.git/hooks/pre-rebase.sample","1.0","2023-02-17T14:42:58Z","fethy.faradji@infopro-digital.com"
"14/09/2026 10:41:35","source/repos/srv_listener_folder/SF_VIEWER_AO_SIM/.git/hooks/pre-receive.sample","1.0","2023-02-17T14:42:58Z","fethy.faradji@infopro-digital.com"
"14/09/2026 10:41:36","source/repos/srv_listener_folder/SF_VIEWER_AO_SIM/.git/hooks/push-to-checkout.sample","1.0","2023-02-17T14:42:58Z","fethy.faradji@infopro-digital.com"
"14/09/2026 10:41:37","source/repos/srv_listener_folder/SF_VIEWER_AO_SIM/.git/hooks/update.sample","1.0","2023-02-17T14:42:58Z","fethy.faradji@infopro-digital.com"
"14/09/2026 10:41:38","source/repos/srv_listener_folder/SF_VIEWER_AO_SIM/.git/info/exclude","1.0","2023-02-17T14:42:58Z","fethy.faradji@infopro-digital.com"
"14/09/2026 10:41:41","source/repos/srv_listener_folder/SF_VIEWER_AO_SIM/.git/logs/HEAD","1.0","2023-02-09T13:36:17Z","fethy.faradji@infopro-digital.com"
"14/09/2026 10:41:41","source/repos/srv_listener_folder/SF_VIEWER_AO_SIM/.git/logs/refs/heads/master","1.0","2023-02-09T13:36:17Z","fethy.faradji@infopro-digital.com"
"14/09/2026 10:41:42","source/repos/srv_listener_folder/SF_VIEWER_AO_SIM/.git/logs/refs/remotes/origin/master","1.0","2023-02-16T09:54:54Z","fethy.faradji@infopro-digital.com"
"14/09/2026 10:41:43","source/repos/srv_listener_folder/SF_VIEWER_AO_SIM/.git/logs/HEAD","2.0","2023-02-16T09:54:32Z","fethy.faradji@infopro-digital.com"
"14/09/2026 10:41:43","source/repos/srv_listener_folder/SF_VIEWER_AO_SIM/.git/logs/refs/heads/master","2.0","2023-02-16T09:54:32Z","fethy.faradji@infopro-digital.com"
"14/09/2026 10:41:44","source/repos/srv_listener_folder/SF_VIEWER_AO_SIM/.git/logs/refs/remotes/origin/master","2.0","2023-02-16T10:13:22Z","fethy.faradji@infopro-digital.com"
"14/09/2026 10:41:44","source/repos/srv_listener_folder/SF_VIEWER_AO_SIM/.git/logs/HEAD","3.0","2023-02-16T10:13:16Z","fethy.faradji@infopro-digital.com"
"14/09/2026 10:41:44","source/repos/srv_listener_folder/SF_VIEWER_AO_SIM/.git/logs/refs/heads/master","3.0","2023-02-16T10:12:54Z","fethy.faradji@infopro-digital.com"
"14/09/2026 10:41:44","source/repos/srv_listener_folder/SF_VIEWER_AO_SIM/.git/objects/00/979edd685ebbc522d0f538c5875ce716a97e71","1.0","2023-02-17T14:43:01Z","fethy.faradji@infopro-digital.com"
"14/09/2026 10:41:45","source/repos/srv_listener_folder/SF_VIEWER_AO_SIM/.git/logs/HEAD","4.0","2023-02-17T14:43:02Z","fethy.faradji@infopro-digital.com"
"14/09/2026 10:41:45","source/repos/srv_listener_folder/SF_VIEWER_AO_SIM/.git/logs/refs/heads/master","4.0","2023-02-16T10:13:16Z","fethy.faradji@infopro-digital.com"
"14/09/2026 10:41:46","source/repos/srv_listener_folder/SF_VIEWER_AO_SIM/.git/logs/HEAD","5.0","2023-06-28T15:02:45Z","fethy.faradji@infopro-digital.com"
"14/09/2026 10:41:46","source/repos/srv_listener_folder/SF_VIEWER_AO_SIM/.git/logs/refs/remotes/origin/master","3.0","2023-02-17T14:43:09Z","fethy.faradji@infopro-digital.com"
"14/09/2026 10:41:46","source/repos/srv_listener_folder/SF_VIEWER_AO_SIM/.git/logs/refs/heads/master","5.0","2023-02-17T14:43:02Z","fethy.faradji@infopro-digital.com"
"14/09/2026 10:41:47","source/repos/srv_listener_folder/SF_VIEWER_AO_SIM/.git/logs/refs/heads/master","6.0","2023-06-28T15:02:45Z","fethy.faradji@infopro-digital.com"
"14/09/2026 10:41:48","source/repos/srv_listener_folder/SF_VIEWER_AO_SIM/.git/logs/refs/remotes/origin/master","4.0","2023-06-28T15:02:56Z","fethy.faradji@infopro-digital.com"
"14/09/2026 10:41:50","source/repos/srv_listener_folder/SF_VIEWER_AO_SIM/.git/objects/0a/e3de50864d93c1f79a4e659641a5d248bca2bb","1.0","2023-02-17T14:43:02Z","fethy.faradji@infopro-digital.com"
"14/09/2026 10:41:50","source/repos/srv_listener_folder/SF_VIEWER_AO_SIM/.git/objects/14/032aabd85b43a058cfc7025dd4fa9dd325ea97","1.0","2023-02-17T14:43:02Z","fethy.faradji@infopro-digital.com"
"14/09/2026 10:41:51","source/repos/srv_listener_folder/SF_VIEWER_AO_SIM/.git/objects/14/13fc609ab6f21774de0cb7e01360095584f65b","1.0","2023-02-17T14:43:01Z","fethy.faradji@infopro-digital.com"
"14/09/2026 10:41:52","source/repos/srv_listener_folder/SF_VIEWER_AO_SIM/.git/objects/17/0bd608f7fdf12827f69d31a7586fb490ba67d4","1.0","2023-02-17T14:43:01Z","fethy.faradji@infopro-digital.com"
"14/09/2026 10:41:53","source/repos/srv_listener_folder/SF_VIEWER_AO_SIM/.git/objects/17/6cdf5afc26f8888ac8017d380b01671e868beb","1.0","2023-02-17T14:43:02Z","fethy.faradji@infopro-digital.com"
"14/09/2026 10:41:55","source/repos/srv_listener_folder/SF_VIEWER_AO_SIM/.git/objects/1a/2f71e9140c8b30d83b1af820b1f015645797fe","1.0","2023-06-28T15:02:45Z","fethy.faradji@infopro-digital.com"
"14/09/2026 10:41:55","source/repos/srv_listener_folder/SF_VIEWER_AO_SIM/.git/objects/1a/4550a5f942aa81178ea87f0a60fd466470ff7b","1.0","2023-02-17T14:43:01Z","fethy.faradji@infopro-digital.com"
"14/09/2026 10:41:56","source/repos/srv_listener_folder/SF_VIEWER_AO_SIM/.git/objects/1a/f6949de94720fe5c93d4bf635cebf97f00465a","1.0","2023-02-17T14:43:02Z","fethy.faradji@infopro-digital.com"
"14/09/2026 10:41:58","source/repos/srv_listener_folder/SF_VIEWER_AO_SIM/.git/objects/1d/c4e19725687f589a597763c9c3a80954dd260f","1.0","2023-02-17T14:43:02Z","fethy.faradji@infopro-digital.com"
"14/09/2026 10:41:59","source/repos/srv_listener_folder/SF_VIEWER_AO_SIM/.git/objects/1f/f0c423042b46cb1d617b81efb715defbe8054d","1.0","2023-02-17T14:42:58Z","fethy.faradji@infopro-digital.com"
"14/09/2026 10:42:01","source/repos/srv_listener_folder/SF_VIEWER_AO_SIM/.git/objects/22/be4199ede8e7a48c3afda498212eabe3950730","1.0","2023-02-17T14:43:01Z","fethy.faradji@infopro-digital.com"
"14/09/2026 10:42:01","source/repos/srv_listener_folder/SF_VIEWER_AO_SIM/.git/objects/23/b6487d29a319da0ede3001864cc880a720a839","1.0","2023-02-17T14:43:01Z","fethy.faradji@infopro-digital.com"
"14/09/2026 10:42:03","source/repos/srv_listener_folder/SF_VIEWER_AO_SIM/.git/objects/26/88f566fba09a99c643dd605922374c38faa5ac","1.0","2023-02-17T14:43:01Z","fethy.faradji@infopro-digital.com"
"14/09/2026 10:42:04","source/repos/srv_listener_folder/SF_VIEWER_AO_SIM/.git/objects/28/5b1944806b84697c19736f32240dd33c695292","1.0","2023-02-17T14:43:01Z","fethy.faradji@infopro-digital.com"
"14/09/2026 10:42:05","source/repos/srv_listener_folder/SF_VIEWER_AO_SIM/.git/objects/2a/c4f655eb510f1b1da5486176e550be1fb85153","1.0","2023-02-17T14:43:01Z","fethy.faradji@infopro-digital.com"
"14/09/2026 10:42:06","source/repos/srv_listener_folder/SF_VIEWER_AO_SIM/.git/objects/2a/69f48c7f5badb22c914953a6b49d6fbf3df9ba","1.0","2023-02-17T14:43:02Z","fethy.faradji@infopro-digital.com"
"14/09/2026 10:42:08","source/repos/srv_listener_folder/SF_VIEWER_AO_SIM/.git/objects/31/7ad5543c6148b7936628b34232797e1d5a1210","1.0","2023-02-17T14:43:01Z","fethy.faradji@infopro-digital.com"
"14/09/2026 10:42:09","source/repos/srv_listener_folder/SF_VIEWER_AO_SIM/.git/objects/2d/b5ab93e35f2a10c9ccde79d4ef97ba8df40a3d","1.0","2023-02-17T14:43:01Z","fethy.faradji@infopro-digital.com"
"14/09/2026 10:42:11","source/repos/srv_listener_folder/SF_VIEWER_AO_SIM/.git/objects/34/24b3d78d1be6de27ccf28a61cfce63c76eb89a","1.0","2023-02-17T14:43:02Z","fethy.faradji@infopro-digital.com"
"14/09/2026 10:42:11","source/repos/srv_listener_folder/SF_VIEWER_AO_SIM/.git/objects/33/653390e4f58f501264b71581bf587d7ebe0f11","1.0","2023-02-17T14:43:01Z","fethy.faradji@infopro-digital.com"
"14/09/2026 10:42:13","source/repos/srv_listener_folder/SF_VIEWER_AO_SIM/.git/objects/37/52ab2283159d366cc9def6b5ba6cc040b47d7e","1.0","2023-02-17T14:43:02Z","fethy.faradji@infopro-digital.com"
"14/09/2026 10:42:14","source/repos/srv_listener_folder/SF_VIEWER_AO_SIM/.git/objects/3b/612ff010068b7a2f17f564a771919f6edbe94d","1.0","2023-02-17T14:43:01Z","fethy.faradji@infopro-digital.com"
"14/09/2026 10:42:16","source/repos/srv_listener_folder/SF_VIEWER_AO_SIM/.git/objects/3e/64ff9f2b911e693ec3a729c0c78884c651b6fb","1.0","2023-02-17T14:43:02Z","fethy.faradji@infopro-digital.com"
"14/09/2026 10:42:16","source/repos/srv_listener_folder/SF_VIEWER_AO_SIM/.git/objects/41/e9e1df6bed854cb9e6d99d8893d1816916a7c5","1.0","2023-02-17T14:43:01Z","fethy.faradji@infopro-digital.com"
"14/09/2026 10:42:18","source/repos/srv_listener_folder/SF_VIEWER_AO_SIM/.git/objects/42/cd02a094be0755b27a7df90f30b0c4c84e6367","1.0","2023-02-17T14:43:01Z","fethy.faradji@infopro-digital.com"
"14/09/2026 10:42:19","source/repos/srv_listener_folder/SF_VIEWER_AO_SIM/.git/objects/44/b82c072bfe4e7327bbbb76a1a2a61c7be81bcd","1.0","2023-02-17T14:43:01Z","fethy.faradji@infopro-digital.com"
"14/09/2026 10:42:21","source/repos/srv_listener_folder/SF_VIEWER_AO_SIM/.git/objects/45/2a822b19ddb4e0ae9858cb7ec60dfb4a0c7416","1.0","2023-02-17T14:43:01Z","fethy.faradji@infopro-digital.com"
"14/09/2026 10:42:21","source/repos/srv_listener_folder/SF_VIEWER_AO_SIM/.git/objects/47/75606ca67db186cc09c6c8b1d37ae1082f3bd0","1.0","2023-02-17T14:43:01Z","fethy.faradji@infopro-digital.com"
"14/09/2026 10:42:22","source/repos/srv_listener_folder/SF_VIEWER_AO_SIM/.git/objects/55/ccb0fe185ce02561b57df16c568b674b60bd0a","1.0","2023-02-17T14:43:01Z","fethy.faradji@infopro-digital.com"
"14/09/2026 10:42:22","source/repos/srv_listener_folder/SF_VIEWER_AO_SIM/.git/objects/55/4e7fad0c993fe78bdaf6406cf30b80ab5e8197","1.0","2023-02-17T14:43:01Z","fethy.faradji@infopro-digital.com"
"14/09/2026 10:42:25","source/repos/srv_listener_folder/SF_VIEWER_AO_SIM/.git/objects/58/91165422ba3646778a80523d5b7509e67c4425","1.0","2023-02-17T14:43:01Z","fethy.faradji@infopro-digital.com"
"14/09/2026 10:42:26","source/repos/srv_listener_folder/SF_VIEWER_AO_SIM/.git/objects/5a/8ddf5867bfc6651c262eae5550d0037807ed56","1.0","2023-02-17T14:43:01Z","fethy.faradji@infopro-digital.com"
"14/09/2026 10:42:27","source/repos/srv_listener_folder/SF_VIEWER_AO_SIM/.git/objects/5b/96335ff6a02021199d731eaa19ccadd1dc8af8","1.0","2023-02-17T14:43:02Z","fethy.faradji@infopro-digital.com"
"14/09/2026 10:42:28","source/repos/srv_listener_folder/SF_VIEWER_AO_SIM/.git/objects/5c/b10cc0e9277f248928d86cf783a641f211c2a1","1.0","2023-02-17T14:43:02Z","fethy.faradji@infopro-digital.com"
"14/09/2026 10:42:30","source/repos/srv_listener_folder/SF_VIEWER_AO_SIM/.git/objects/5d/75106e042b7a66107a0d44abea854895076733","1.0","2023-02-17T14:43:02Z","fethy.faradji@infopro-digital.com"
"14/09/2026 10:42:31","source/repos/srv_listener_folder/SF_VIEWER_AO_SIM/.git/objects/5f/618f12ce8575fa7d32d857603f4c5bdaa4b3fc","1.0","2023-02-17T14:43:01Z","fethy.faradji@infopro-digital.com"
"14/09/2026 10:42:32","source/repos/srv_listener_folder/SF_VIEWER_AO_SIM/.git/objects/61/fcc4b65c91bcc196ce635aced6ce5fde3fa276","1.0","2023-02-17T14:43:01Z","fethy.faradji@infopro-digital.com"
"14/09/2026 10:42:33","source/repos/srv_listener_folder/SF_VIEWER_AO_SIM/.git/objects/62/b9ccecd51ffa35510b5f1d875fb6ed4038d188","1.0","2023-02-17T14:43:01Z","fethy.faradji@infopro-digital.com"
"14/09/2026 10:42:35","source/repos/srv_listener_folder/SF_VIEWER_AO_SIM/.git/objects/64/539b54c3751a6d9adb44c8e3a45ba5a73b77f0","1.0","2023-02-17T14:43:01Z","fethy.faradji@infopro-digital.com"
"14/09/2026 10:42:35","source/repos/srv_listener_folder/SF_VIEWER_AO_SIM/.git/objects/6c/54bbcbdd9e3aa0ab609620b17073bcbb48cc35","1.0","2023-02-17T14:43:02Z","fethy.faradji@infopro-digital.com"
"14/09/2026 10:42:37","source/repos/srv_listener_folder/SF_VIEWER_AO_SIM/.git/objects/6d/60bf1649a9ed09043c271f09503f0e1f96752c","1.0","2023-02-17T14:43:02Z","fethy.faradji@infopro-digital.com"
"14/09/2026 10:42:37","source/repos/srv_listener_folder/SF_VIEWER_AO_SIM/.git/objects/70/935a1f2af59c245895bc809901ca20e943410e","1.0","2023-02-17T14:43:01Z","fethy.faradji@infopro-digital.com"
"14/09/2026 10:42:40","source/repos/srv_listener_folder/SF_VIEWER_AO_SIM/.git/objects/71/cea526517a8d006bbdabe4a71d517645071f6d","1.0","2023-02-17T14:43:01Z","fethy.faradji@infopro-digital.com"
"14/09/2026 10:42:40","source/repos/srv_listener_folder/SF_VIEWER_AO_SIM/.git/objects/77/3ad95c56f8321eb4901736930024ec517a948a","1.0","2023-02-17T14:43:01Z","fethy.faradji@infopro-digital.com"
"14/09/2026 10:42:42","source/repos/srv_listener_folder/SF_VIEWER_AO_SIM/.git/objects/79/e54a7534a9812d752c56a32adc3a2f4d96525a","1.0","2023-02-17T14:43:01Z","fethy.faradji@infopro-digital.com"
"14/09/2026 10:42:42","source/repos/srv_listener_folder/SF_VIEWER_AO_SIM/.git/objects/7c/6230577889485eeab34918d329d2cbd7d0a5fd","1.0","2023-02-17T14:43:02Z","fethy.faradji@infopro-digital.com"
"14/09/2026 10:42:45","source/repos/srv_listener_folder/SF_VIEWER_AO_SIM/.git/objects/81/ca870eeefac97dd7aeeaee17d81dd1685ab786","1.0","2023-02-17T14:43:02Z","fethy.faradji@infopro-digital.com"
"14/09/2026 10:42:45","source/repos/srv_listener_folder/SF_VIEWER_AO_SIM/.git/objects/85/6dd0562c2437916002fe70ddce58b58d101141","1.0","2023-02-17T14:43:02Z","fethy.faradji@infopro-digital.com"
"14/09/2026 10:42:46","source/repos/srv_listener_folder/SF_VIEWER_AO_SIM/.git/objects/85/7d934960bf22d690334cea3d481b3d0db35cde","1.0","2023-06-28T15:02:45Z","fethy.faradji@infopro-digital.com"
"14/09/2026 10:42:47","source/repos/srv_listener_folder/SF_VIEWER_AO_SIM/.git/objects/8a/72a357a3ea3ef5369f7efadbe518a115ef4ab2","1.0","2023-02-17T14:43:02Z","fethy.faradji@infopro-digital.com"
"14/09/2026 10:42:49","source/repos/srv_listener_folder/SF_VIEWER_AO_SIM/.git/objects/8b/1377c89d60ae6734330caf24f9c569cbb85947","1.0","2023-06-28T15:02:45Z","fethy.faradji@infopro-digital.com"
"14/09/2026 10:42:50","source/repos/srv_listener_folder/SF_VIEWER_AO_SIM/.git/objects/8c/d6dc74ba4795322edf36c65aa90227712e0701","1.0","2023-02-17T14:43:01Z","fethy.faradji@infopro-digital.com"
"14/09/2026 10:42:51","source/repos/srv_listener_folder/SF_VIEWER_AO_SIM/.git/objects/8e/3755b86987375b90f2372c1a130c0af2d24d47","1.0","2023-02-17T14:43:01Z","fethy.faradji@infopro-digital.com"
"14/09/2026 10:42:52","source/repos/srv_listener_folder/SF_VIEWER_AO_SIM/.git/objects/94/91a2fda28342ab358eaf234e1afe0c07a53d62","1.0","2023-02-17T14:42:58Z","fethy.faradji@infopro-digital.com"
"14/09/2026 10:42:53","source/repos/srv_listener_folder/SF_VIEWER_AO_SIM/.git/objects/94/9d09738fd98c2a8fe6c54d733834db3c82a59f","1.0","2023-02-17T14:43:02Z","fethy.faradji@infopro-digital.com"
"14/09/2026 10:42:54","source/repos/srv_listener_folder/SF_VIEWER_AO_SIM/.git/objects/94/fb5490a2ed10b2c69a4a567a4fd2e4f706d841","1.0","2023-02-17T14:43:01Z","fethy.faradji@infopro-digital.com"
"14/09/2026 10:42:55","source/repos/srv_listener_folder/SF_VIEWER_AO_SIM/.git/objects/96/57b7a933f3c4e7cdef85b8b719e4813424a862","1.0","2023-02-17T14:43:01Z","fethy.faradji@infopro-digital.com"
"14/09/2026 10:42:58","source/repos/srv_listener_folder/SF_VIEWER_AO_SIM/.git/objects/98/078978d57f22aa0191e1239dba03aecd04c7fe","1.0","2023-02-17T14:43:01Z","fethy.faradji@infopro-digital.com"
"14/09/2026 10:42:58","source/repos/srv_listener_folder/SF_VIEWER_AO_SIM/.git/objects/99/234210344afe7884ab293fefcf952d7675b530","1.0","2023-06-28T15:02:45Z","fethy.faradji@infopro-digital.com"
"14/09/2026 10:42:59","source/repos/srv_listener_folder/SF_VIEWER_AO_SIM/.git/objects/9e/612858f802245ddcbf59788a0db942224bab35","1.0","2023-02-17T14:43:01Z","fethy.faradji@infopro-digital.com"
"14/09/2026 10:42:59","source/repos/srv_listener_folder/SF_VIEWER_AO_SIM/.git/objects/a1/c07fd803b5fc9c54f44e31123ae4fa11e134b0","1.0","2023-02-17T14:43:01Z","fethy.faradji@infopro-digital.com"
"14/09/2026 10:43:02","source/repos/srv_listener_folder/SF_VIEWER_AO_SIM/.git/objects/a2/74136116b0bd12aabffb047a886574a6f21ea5","1.0","2023-02-17T14:43:02Z","fethy.faradji@infopro-digital.com"
"14/09/2026 10:43:03","source/repos/srv_listener_folder/SF_VIEWER_AO_SIM/.git/objects/a3/a799985c43bc7309d701b2cad129023377dc71","1.0","2023-02-17T14:43:01Z","fethy.faradji@infopro-digital.com"
"14/09/2026 10:43:04","source/repos/srv_listener_folder/SF_VIEWER_AO_SIM/.git/objects/a8/8b6c6e3f1ae81c37d05452d3dab82e30b9655a","1.0","2023-02-17T14:43:01Z","fethy.faradji@infopro-digital.com"
"14/09/2026 10:43:04","source/repos/srv_listener_folder/SF_VIEWER_AO_SIM/.git/objects/a9/f861550b342b60baeb0243503ad6749e127575","1.0","2023-02-17T14:43:02Z","fethy.faradji@infopro-digital.com"
"14/09/2026 10:43:07","source/repos/srv_listener_folder/SF_VIEWER_AO_SIM/.git/objects/aa/abce8392529ef00f059869f3cc949ee28d3b43","1.0","2023-02-17T14:43:01Z","fethy.faradji@infopro-digital.com"
"14/09/2026 10:43:09","source/repos/srv_listener_folder/SF_VIEWER_AO_SIM/.git/objects/b9/3a4953fff68df523aa7656497ee339d6026d64","1.0","2023-02-17T14:43:01Z","fethy.faradji@infopro-digital.com"
"14/09/2026 10:43:09","source/repos/srv_listener_folder/SF_VIEWER_AO_SIM/.git/objects/af/151cfe3feac4541ed4855e7801a52a5728e739","1.0","2023-02-17T14:43:01Z","fethy.faradji@infopro-digital.com"
"14/09/2026 10:43:09","source/repos/srv_listener_folder/SF_VIEWER_AO_SIM/.git/objects/b7/fc24fad02832167eb9686a8cc07d5fbf458390","1.0","2023-02-17T14:43:02Z","fethy.faradji@infopro-digital.com"
"14/09/2026 10:43:12","source/repos/srv_listener_folder/SF_VIEWER_AO_SIM/.git/objects/bd/4c9242aec3c9309b3836d196e8dae880ee026f","1.0","2023-02-17T14:43:01Z","fethy.faradji@infopro-digital.com"
"14/09/2026 10:43:14","source/repos/srv_listener_folder/SF_VIEWER_AO_SIM/.git/objects/c0/df8655db94bf2eecb337ecd6b7379a14dcc344","1.0","2023-02-17T14:43:02Z","fethy.faradji@infopro-digital.com"
"14/09/2026 10:43:14","source/repos/srv_listener_folder/SF_VIEWER_AO_SIM/.git/objects/c4/0412d5f458d9a971c07b2f1e2d58ac9ba50fb1","1.0","2023-02-17T14:43:01Z","fethy.faradji@infopro-digital.com"
"14/09/2026 10:43:14","source/repos/srv_listener_folder/SF_VIEWER_AO_SIM/.git/objects/bf/09462fd7760fe16df0f60e969ac22057430a7a","1.0","2023-02-17T14:43:01Z","fethy.faradji@infopro-digital.com"
"14/09/2026 10:43:16","source/repos/srv_listener_folder/SF_VIEWER_AO_SIM/.git/objects/c4/ec6a26e911695a2b6c14c606609e10822f5637","1.0","2023-02-17T14:43:01Z","fethy.faradji@infopro-digital.com"
"14/09/2026 10:43:18","source/repos/srv_listener_folder/SF_VIEWER_AO_SIM/.git/objects/c8/116674122d92b487693ec4bc6c3c807878e410","1.0","2023-02-17T14:43:02Z","fethy.faradji@infopro-digital.com"
"14/09/2026 10:43:18","source/repos/srv_listener_folder/SF_VIEWER_AO_SIM/.git/objects/c8/12f3fa7c01df6be4f07bedd09f152486f4485c","1.0","2023-02-17T14:43:01Z","fethy.faradji@infopro-digital.com"
"14/09/2026 10:43:19","source/repos/srv_listener_folder/SF_VIEWER_AO_SIM/.git/objects/c9/54fee2cf9b77ecd674c0f3ae17f193c15a01b0","1.0","2023-02-17T14:43:01Z","fethy.faradji@infopro-digital.com"
"14/09/2026 10:43:21","source/repos/srv_listener_folder/SF_VIEWER_AO_SIM/.git/objects/ca/622b7b34377d5c534d9fad38e36173f872a499","1.0","2023-02-17T14:42:59Z","fethy.faradji@infopro-digital.com"
"14/09/2026 10:43:22","source/repos/srv_listener_folder/SF_VIEWER_AO_SIM/.git/objects/ca/ac3e61254729e2afa39052bdd1121b80ad883a","1.0","2023-02-17T14:43:02Z","fethy.faradji@infopro-digital.com"
"14/09/2026 10:43:23","source/repos/srv_listener_folder/SF_VIEWER_AO_SIM/.git/objects/ca/fc0f11f69c1e914aa889d16fb01269032e88d7","1.0","2023-02-17T14:43:01Z","fethy.faradji@infopro-digital.com"
"14/09/2026 10:43:25","source/repos/srv_listener_folder/SF_VIEWER_AO_SIM/.git/objects/d0/983688b7f0a76bd1c7465f78a2282d8732e9c7","1.0","2023-02-17T14:43:01Z","fethy.faradji@infopro-digital.com"
"14/09/2026 10:43:26","source/repos/srv_listener_folder/SF_VIEWER_AO_SIM/.git/objects/d4/7d8245e5e4a5922660bb5ab2038feff281cb69","1.0","2023-02-17T14:43:02Z","fethy.faradji@infopro-digital.com"
"14/09/2026 10:43:27","source/repos/srv_listener_folder/SF_VIEWER_AO_SIM/.git/objects/d7/54c78996baa5dad86f4ec9c2303fe409c1eaed","1.0","2023-02-17T14:43:01Z","fethy.faradji@infopro-digital.com"
"14/09/2026 10:43:28","source/repos/srv_listener_folder/SF_VIEWER_AO_SIM/.git/objects/d8/4d1007ae55f98caa83b3e6c36f9b1e73fb0ea5","1.0","2023-06-28T15:02:45Z","fethy.faradji@infopro-digital.com"
"14/09/2026 10:43:30","source/repos/srv_listener_folder/SF_VIEWER_AO_SIM/.git/objects/d9/46c4eb28702a60e37c27d35739022791857306","1.0","2023-02-17T14:43:01Z","fethy.faradji@infopro-digital.com"
"14/09/2026 10:43:31","source/repos/srv_listener_folder/SF_VIEWER_AO_SIM/.git/objects/de/5e842af844a3f86442586f49338c30b0091d79","1.0","2023-02-17T14:43:02Z","fethy.faradji@infopro-digital.com"
"14/09/2026 10:43:33","source/repos/srv_listener_folder/SF_VIEWER_AO_SIM/.git/objects/df/bf4f062c3327e530b9dd7c65de0e6ed8b542a2","1.0","2023-02-17T14:43:02Z","fethy.faradji@infopro-digital.com"
"14/09/2026 10:43:33","source/repos/srv_listener_folder/SF_VIEWER_AO_SIM/.git/objects/e1/5edef2c718c3e0f6050a1d4e6d749386296e0d","1.0","2023-02-17T14:43:01Z","fethy.faradji@infopro-digital.com"
"14/09/2026 10:43:35","source/repos/srv_listener_folder/SF_VIEWER_AO_SIM/.git/objects/e4/bbbd1315338f2cad53e6b7cc0473c89fb4b7ea","1.0","2023-02-17T14:43:01Z","fethy.faradji@infopro-digital.com"
"14/09/2026 10:43:36","source/repos/srv_listener_folder/SF_VIEWER_AO_SIM/.git/objects/e7/2a21fb2e9de0622814ba627b68ea95a58a588a","1.0","2023-02-17T14:43:02Z","fethy.faradji@infopro-digital.com"
"14/09/2026 10:43:37","source/repos/srv_listener_folder/SF_VIEWER_AO_SIM/.git/objects/ea/d100f4f3ef98e76a20348042dbfc127c6e8c1a","1.0","2023-02-17T14:43:01Z","fethy.faradji@infopro-digital.com"
"14/09/2026 10:43:38","source/repos/srv_listener_folder/SF_VIEWER_AO_SIM/.git/objects/ea/33f76a772ae050a6477242cac663c00942f764","1.0","2023-02-17T14:43:02Z","fethy.faradji@infopro-digital.com"
"14/09/2026 10:43:39","source/repos/srv_listener_folder/SF_VIEWER_AO_SIM/.git/objects/eb/0a8b410f59eb8abcd21e588f1a7b718db3eebd","1.0","2023-02-17T14:43:01Z","fethy.faradji@infopro-digital.com"
"14/09/2026 10:43:40","source/repos/srv_listener_folder/SF_VIEWER_AO_SIM/.git/objects/eb/6d566ccc8504305682154e16235c27a898ebd4","1.0","2023-02-17T14:43:01Z","fethy.faradji@infopro-digital.com"
"14/09/2026 10:43:42","source/repos/srv_listener_folder/SF_VIEWER_AO_SIM/.git/objects/ed/a15ce1974a62c6190a05187e6b7f4db1325d55","1.0","2023-02-17T14:43:01Z","fethy.faradji@infopro-digital.com"
"14/09/2026 10:43:42","source/repos/srv_listener_folder/SF_VIEWER_AO_SIM/.git/objects/ee/e2d5cfc4aee2d6022f8349976fa883a01e553c","1.0","2023-02-17T14:43:01Z","fethy.faradji@infopro-digital.com"
"14/09/2026 10:43:44","source/repos/srv_listener_folder/SF_VIEWER_AO_SIM/.git/objects/f0/d3a70ceaa69fb70811f58254dc738e0f939eac","1.0","2023-02-17T14:42:59Z","fethy.faradji@infopro-digital.com"
"14/09/2026 10:43:44","source/repos/srv_listener_folder/SF_VIEWER_AO_SIM/.git/objects/ef/b4cc748dd5704490949da6780eccaaecacf985","1.0","2023-02-17T14:43:01Z","fethy.faradji@infopro-digital.com"
"14/09/2026 10:43:47","source/repos/srv_listener_folder/SF_VIEWER_AO_SIM/.git/objects/f2/cc9b3d26f74d8c47e408034db07c5c55c866cd","1.0","2023-02-17T14:43:02Z","fethy.faradji@infopro-digital.com"
"14/09/2026 10:43:48","source/repos/srv_listener_folder/SF_VIEWER_AO_SIM/.git/objects/fc/ab41554ad7f471346b76aff336d329fde68722","1.0","2023-02-17T14:43:02Z","fethy.faradji@infopro-digital.com"
"14/09/2026 10:43:49","source/repos/srv_listener_folder/SF_VIEWER_AO_SIM/.git/objects/ff/1f7e442ba89c918653398f6fb11792a1c2d248","1.0","2023-02-17T14:43:01Z","fethy.faradji@infopro-digital.com"
"14/09/2026 10:43:50","source/repos/srv_listener_folder/SF_VIEWER_AO_SIM/.git/refs/heads/master","1.0","2023-02-09T13:36:17Z","fethy.faradji@infopro-digital.com"
"14/09/2026 10:43:51","source/repos/srv_listener_folder/SF_VIEWER_AO_SIM/.git/refs/heads/master","2.0","2023-02-16T09:54:32Z","fethy.faradji@infopro-digital.com"
"14/09/2026 10:43:51","source/repos/srv_listener_folder/SF_VIEWER_AO_SIM/.git/COMMIT_EDITMSG","1.0","2023-02-09T13:36:17Z","fethy.faradji@infopro-digital.com"
"14/09/2026 10:43:52","source/repos/srv_listener_folder/SF_VIEWER_AO_SIM/.git/refs/remotes/origin/master","1.0","2023-02-16T09:54:54Z","fethy.faradji@infopro-digital.com"
"14/09/2026 10:43:52","source/repos/srv_listener_folder/SF_VIEWER_AO_SIM/.git/refs/heads/master","3.0","2023-02-16T10:13:16Z","fethy.faradji@infopro-digital.com"
"14/09/2026 10:43:53","source/repos/srv_listener_folder/SF_VIEWER_AO_SIM/.git/COMMIT_EDITMSG","2.0","2023-02-16T10:12:54Z","fethy.faradji@infopro-digital.com"
"14/09/2026 10:43:53","source/repos/srv_listener_folder/SF_VIEWER_AO_SIM/.git/refs/remotes/origin/master","2.0","2023-02-16T10:13:22Z","fethy.faradji@infopro-digital.com"
"14/09/2026 10:43:53","source/repos/srv_listener_folder/SF_VIEWER_AO_SIM/.git/config","1.0","2023-02-09T13:36:18Z","fethy.faradji@infopro-digital.com"
"14/09/2026 10:43:53","source/repos/srv_listener_folder/SF_VIEWER_AO_SIM/.git/refs/heads/master","4.0","2023-02-17T14:43:02Z","fethy.faradji@infopro-digital.com"
"14/09/2026 10:43:54","source/repos/srv_listener_folder/SF_VIEWER_AO_SIM/.git/refs/remotes/origin/master","3.0","2023-02-17T14:43:09Z","fethy.faradji@infopro-digital.com"
"14/09/2026 10:43:54","source/repos/srv_listener_folder/SF_VIEWER_AO_SIM/.git/COMMIT_EDITMSG","3.0","2023-02-17T14:43:02Z","fethy.faradji@infopro-digital.com"
"14/09/2026 10:43:54","source/repos/srv_listener_folder/SF_VIEWER_AO_SIM/.git/refs/heads/master","5.0","2023-06-28T15:02:45Z","fethy.faradji@infopro-digital.com"
"14/09/2026 10:43:55","source/repos/srv_listener_folder/SF_VIEWER_AO_SIM/.git/config","2.0","2023-02-16T09:53:40Z","fethy.faradji@infopro-digital.com"
"14/09/2026 10:43:55","source/repos/srv_listener_folder/SF_VIEWER_AO_SIM/.git/COMMIT_EDITMSG","4.0","2023-06-28T15:02:45Z","fethy.faradji@infopro-digital.com"
"14/09/2026 10:43:55","source/repos/srv_listener_folder/SF_VIEWER_AO_SIM/.git/refs/remotes/origin/master","4.0","2023-06-28T15:02:56Z","fethy.faradji@infopro-digital.com"
"14/09/2026 10:43:56","source/repos/srv_listener_folder/SF_VIEWER_AO_SIM/.git/config","3.0","2023-02-16T09:54:54Z","fethy.faradji@infopro-digital.com"
"14/09/2026 10:43:57","source/repos/srv_listener_folder/SF_VIEWER_AO_SIM/.git/config","4.0","2023-02-17T14:43:09Z","fethy.faradji@infopro-digital.com"
"14/09/2026 10:43:58","source/repos/srv_listener_folder/SF_VIEWER_AO_SIM/.git/description","1.0","2023-02-17T14:42:58Z","fethy.faradji@infopro-digital.com"
"14/09/2026 10:43:58","source/repos/srv_listener_folder/SF_VIEWER_AO_SIM/.git/FETCH_HEAD","1.0","2023-02-16T10:13:16Z","fethy.faradji@infopro-digital.com"
"14/09/2026 10:43:59","source/repos/srv_listener_folder/SF_VIEWER_AO_SIM/.git/HEAD","1.0","2023-02-17T14:42:58Z","fethy.faradji@infopro-digital.com"
"14/09/2026 10:44:01","source/repos/srv_listener_folder/SF_VIEWER_AO_SIM/.git/FETCH_HEAD","2.0","2023-02-17T14:43:13Z","fethy.faradji@infopro-digital.com"
"14/09/2026 10:44:01","source/repos/srv_listener_folder/SF_VIEWER_AO_SIM/.git/index","1.0","2023-02-09T13:36:17Z","fethy.faradji@infopro-digital.com"
"14/09/2026 10:44:02","source/repos/srv_listener_folder/SF_VIEWER_AO_SIM/.git/ms-persist.xml","1.0","2023-06-28T15:02:35Z","fethy.faradji@infopro-digital.com"
"14/09/2026 10:44:02","source/repos/srv_listener_folder/SF_VIEWER_AO_SIM/.git/index","2.0","2023-02-16T09:54:32Z","fethy.faradji@infopro-digital.com"
"14/09/2026 10:44:03","source/repos/srv_listener_folder/SF_VIEWER_AO_SIM/.git/ms-persist.xml","2.0","2023-06-28T15:02:45Z","fethy.faradji@infopro-digital.com"
"14/09/2026 10:44:04","source/repos/srv_listener_folder/SF_VIEWER_AO_SIM/.git/index","3.0","2023-02-16T10:13:16Z","fethy.faradji@infopro-digital.com"
"14/09/2026 10:44:04","source/repos/srv_listener_folder/SF_VIEWER_AO_SIM/.vs/SF_VIEWER_AO_SIM/FileContentIndex/ece3eaf9-f8a0-4c2d-9edb-05ec4829857b.vsidx","1.0","2023-07-19T15:14:19Z","fethy.faradji@infopro-digital.com"
"14/09/2026 10:44:05","source/repos/srv_listener_folder/SF_VIEWER_AO_SIM/.git/ms-persist.xml","3.0","2023-07-21T07:42:13Z","fethy.faradji@infopro-digital.com"
"14/09/2026 10:44:05","source/repos/srv_listener_folder/SF_VIEWER_AO_SIM/.vs/SF_VIEWER_AO_SIM/config/applicationhost.config","1.0","2023-02-09T10:06:37Z","fethy.faradji@infopro-digital.com"
"14/09/2026 10:44:05","source/repos/srv_listener_folder/SF_VIEWER_AO_SIM/.git/index","4.0","2023-02-17T14:43:02Z","fethy.faradji@infopro-digital.com"
"14/09/2026 10:44:06","source/repos/srv_listener_folder/SF_VIEWER_AO_SIM/.vs/SF_VIEWER_AO_SIM/config/applicationhost.config","2.0","2023-07-19T14:23:18Z","fethy.faradji@infopro-digital.com"
"14/09/2026 10:44:06","source/repos/srv_listener_folder/SF_VIEWER_AO_SIM/.git/index","5.0","2023-06-28T15:02:45Z","fethy.faradji@infopro-digital.com"
"14/09/2026 10:44:07","source/repos/srv_listener_folder/SF_VIEWER_AO_SIM/.vs/SF_VIEWER_AO_SIM/config/applicationhost.config","3.0","2023-07-21T07:41:44Z","fethy.faradji@infopro-digital.com"
"14/09/2026 10:44:09","source/repos/srv_listener_folder/SF_VIEWER_AO_SIM/.vs/SF_VIEWER_AO_SIM/FileContentIndex/read.lock","1.0","2023-07-19T14:23:21Z","fethy.faradji@infopro-digital.com"
"14/09/2026 10:44:10","source/repos/srv_listener_folder/SF_VIEWER_AO_SIM/.vs/SF_VIEWER_AO_SIM/v16/.suo","1.0","2023-02-09T10:06:37Z","fethy.faradji@infopro-digital.com"
"14/09/2026 10:44:10","source/repos/srv_listener_folder/SF_VIEWER_AO_SIM/.vs/SF_VIEWER_AO_SIM/v17/.suo","1.0","2023-06-28T15:06:34Z","fethy.faradji@infopro-digital.com"
"14/09/2026 10:44:11","source/repos/srv_listener_folder/SF_VIEWER_AO_SIM/.vs/SF_VIEWER_AO_SIM/v16/.suo","2.0","2023-02-09T10:09:35Z","fethy.faradji@infopro-digital.com"
"14/09/2026 10:44:12","source/repos/srv_listener_folder/SF_VIEWER_AO_SIM/.vs/SF_VIEWER_AO_SIM/v17/.suo","2.0","2023-07-21T07:41:45Z","fethy.faradji@infopro-digital.com"
"14/09/2026 10:44:12","source/repos/srv_listener_folder/SF_VIEWER_AO_SIM/.vs/ProjectSettings.json","1.0","2023-02-16T10:12:22Z","fethy.faradji@infopro-digital.com"
"14/09/2026 10:44:12","source/repos/srv_listener_folder/SF_VIEWER_AO_SIM/.vs/SF_VIEWER_AO_SIM/v16/.suo","3.0","2023-02-09T10:25:49Z","fethy.faradji@infopro-digital.com"
"14/09/2026 10:44:13","source/repos/srv_listener_folder/SF_VIEWER_AO_SIM/.vs/SF_VIEWER_AO_SIM/v17/.suo","3.0","2023-07-21T08:02:07Z","fethy.faradji@infopro-digital.com"
"14/09/2026 10:44:13","source/repos/srv_listener_folder/SF_VIEWER_AO_SIM/.vs/slnx.sqlite","1.0","2023-02-16T10:12:23Z","fethy.faradji@infopro-digital.com"
"14/09/2026 10:44:13","source/repos/srv_listener_folder/SF_VIEWER_AO_SIM/.vs/SF_VIEWER_AO_SIM/v16/.suo","4.0","2023-02-09T10:29:17Z","fethy.faradji@infopro-digital.com"
"14/09/2026 10:44:14","source/repos/srv_listener_folder/SF_VIEWER_AO_SIM/.vs/SF_VIEWER_AO_SIM/v16/.suo","5.0","2023-02-09T11:11:31Z","fethy.faradji@infopro-digital.com"
"14/09/2026 10:44:15","source/repos/srv_listener_folder/SF_VIEWER_AO_SIM/.vs/slnx.sqlite","2.0","2023-02-16T10:13:56Z","fethy.faradji@infopro-digital.com"
"14/09/2026 10:44:15","source/repos/srv_listener_folder/SF_VIEWER_AO_SIM/.vs/SF_VIEWER_AO_SIM/v16/.suo","6.0","2023-02-09T11:11:32Z","fethy.faradji@infopro-digital.com"
"14/09/2026 10:44:16","source/repos/srv_listener_folder/SF_VIEWER_AO_SIM/.vs/VSWorkspaceState.json","1.0","2023-02-16T10:13:56Z","fethy.faradji@infopro-digital.com"
"14/09/2026 10:44:16","source/repos/srv_listener_folder/SF_VIEWER_AO_SIM/.vs/SF_VIEWER_AO_SIM/v16/.suo","7.0","2023-02-09T11:16:01Z","fethy.faradji@infopro-digital.com"
"14/09/2026 10:44:18","source/repos/srv_listener_folder/SF_VIEWER_AO_SIM/.vs/SF_VIEWER_AO_SIM/v16/.suo","8.0","2023-02-09T13:25:37Z","fethy.faradji@infopro-digital.com"
"14/09/2026 10:44:19","source/repos/srv_listener_folder/SF_VIEWER_AO_SIM/packages/Antlr.3.5.0.2/lib/Antlr3.Runtime.pdb","1.0","2013-09-10T15:29:20Z","fethy.faradji@infopro-digital.com"
"14/09/2026 10:44:19","source/repos/srv_listener_folder/SF_VIEWER_AO_SIM/packages/Antlr.3.5.0.2/lib/Antlr3.Runtime.dll","1.0","2013-09-10T15:29:20Z","fethy.faradji@infopro-digital.com"
"14/09/2026 10:44:19","source/repos/srv_listener_folder/SF_VIEWER_AO_SIM/.vs/SF_VIEWER_AO_SIM/v16/.suo","9.0","2023-02-09T13:47:05Z","fethy.faradji@infopro-digital.com"
"14/09/2026 10:44:20","source/repos/srv_listener_folder/SF_VIEWER_AO_SIM/packages/Antlr.3.5.0.2/.signature.p7s","1.0","2018-10-14T20:05:56Z","fethy.faradji@infopro-digital.com"
"14/09/2026 10:44:20","source/repos/srv_listener_folder/SF_VIEWER_AO_SIM/.vs/SF_VIEWER_AO_SIM/v16/.suo","10.0","2023-02-09T14:28:13Z","fethy.faradji@infopro-digital.com"
"14/09/2026 10:44:21","source/repos/srv_listener_folder/SF_VIEWER_AO_SIM/.vs/SF_VIEWER_AO_SIM/v16/.suo","11.0","2023-02-09T14:28:16Z","fethy.faradji@infopro-digital.com"
"14/09/2026 10:44:22","source/repos/srv_listener_folder/SF_VIEWER_AO_SIM/.vs/SF_VIEWER_AO_SIM/v16/.suo","12.0","2023-02-09T14:47:20Z","fethy.faradji@infopro-digital.com"
"14/09/2026 10:44:23","source/repos/srv_listener_folder/SF_VIEWER_AO_SIM/packages/Antlr.3.5.0.2/Antlr.3.5.0.2.nupkg","1.0","2023-02-09T10:06:33Z","fethy.faradji@infopro-digital.com"
"14/09/2026 10:44:23","source/repos/srv_listener_folder/SF_VIEWER_AO_SIM/.vs/SF_VIEWER_AO_SIM/v16/.suo","13.0","2023-02-13T11:30:46Z","fethy.faradji@infopro-digital.com"
"14/09/2026 10:44:24","source/repos/srv_listener_folder/SF_VIEWER_AO_SIM/.vs/SF_VIEWER_AO_SIM/v16/.suo","14.0","2023-02-13T11:30:50Z","fethy.faradji@infopro-digital.com"
"14/09/2026 10:44:26","source/repos/srv_listener_folder/SF_VIEWER_AO_SIM/.vs/SF_VIEWER_AO_SIM/v16/.suo","15.0","2023-02-13T11:30:51Z","fethy.faradji@infopro-digital.com"
"14/09/2026 10:44:26","source/repos/srv_listener_folder/SF_VIEWER_AO_SIM/packages/AspNet.ScriptManager.bootstrap.3.4.1/lib/net40/AspNet.ScriptManager.bootstrap.dll","1.0","2019-03-15T10:59:54Z","fethy.faradji@infopro-digital.com"
"14/09/2026 10:44:26","source/repos/srv_listener_folder/SF_VIEWER_AO_SIM/packages/AspNet.ScriptManager.bootstrap.3.4.1/lib/net45/AspNet.ScriptManager.bootstrap.dll","1.0","2019-03-15T10:59:54Z","fethy.faradji@infopro-digital.com"
"14/09/2026 10:44:27","source/repos/srv_listener_folder/SF_VIEWER_AO_SIM/.vs/SF_VIEWER_AO_SIM/v16/.suo","16.0","2023-02-14T10:06:24Z","fethy.faradji@infopro-digital.com"
"14/09/2026 10:44:28","source/repos/srv_listener_folder/SF_VIEWER_AO_SIM/packages/AspNet.ScriptManager.bootstrap.3.4.1/.signature.p7s","1.0","2019-03-15T11:01:54Z","fethy.faradji@infopro-digital.com"
"14/09/2026 10:44:28","source/repos/srv_listener_folder/SF_VIEWER_AO_SIM/.vs/SF_VIEWER_AO_SIM/v16/.suo","17.0","2023-02-14T15:47:22Z","fethy.faradji@infopro-digital.com"
"14/09/2026 10:44:29","source/repos/srv_listener_folder/SF_VIEWER_AO_SIM/.vs/SF_VIEWER_AO_SIM/v16/.suo","18.0","2023-02-15T16:23:48Z","fethy.faradji@infopro-digital.com"
"14/09/2026 10:44:30","source/repos/srv_listener_folder/SF_VIEWER_AO_SIM/.vs/SF_VIEWER_AO_SIM/v16/.suo","19.0","2023-02-15T16:23:52Z","fethy.faradji@infopro-digital.com"
"14/09/2026 10:44:30","source/repos/srv_listener_folder/SF_VIEWER_AO_SIM/packages/AspNet.ScriptManager.bootstrap.3.4.1/AspNet.ScriptManager.bootstrap.3.4.1.nupkg","1.0","2023-02-09T10:06:33Z","fethy.faradji@infopro-digital.com"
"14/09/2026 10:44:31","source/repos/srv_listener_folder/SF_VIEWER_AO_SIM/.vs/SF_VIEWER_AO_SIM/v16/.suo","20.0","2023-02-16T09:55:46Z","fethy.faradji@infopro-digital.com"
"14/09/2026 10:44:33","source/repos/srv_listener_folder/SF_VIEWER_AO_SIM/.vs/SF_VIEWER_AO_SIM/v16/.suo","21.0","2023-02-16T10:12:33Z","fethy.faradji@infopro-digital.com"
"14/09/2026 10:44:33","source/repos/srv_listener_folder/SF_VIEWER_AO_SIM/packages/AspNet.ScriptManager.jQuery.3.4.1/lib/net40/AspNet.ScriptManager.jQuery.dll","1.0","2019-05-16T11:33:30Z","fethy.faradji@infopro-digital.com"
"14/09/2026 10:44:33","source/repos/srv_listener_folder/SF_VIEWER_AO_SIM/packages/AspNet.ScriptManager.jQuery.3.4.1/lib/net45/AspNet.ScriptManager.jQuery.dll","1.0","2019-05-16T11:33:30Z","fethy.faradji@infopro-digital.com"
"14/09/2026 10:44:34","source/repos/srv_listener_folder/SF_VIEWER_AO_SIM/.vs/SF_VIEWER_AO_SIM/v16/.suo","22.0","2023-02-16T10:13:55Z","fethy.faradji@infopro-digital.com"
"14/09/2026 10:44:35","source/repos/srv_listener_folder/SF_VIEWER_AO_SIM/.vs/SF_VIEWER_AO_SIM/v16/.suo","23.0","2023-03-06T15:36:25Z","fethy.faradji@infopro-digital.com"
"14/09/2026 10:44:36","source/repos/srv_listener_folder/SF_VIEWER_AO_SIM/.vs/SF_VIEWER_AO_SIM/v16/.suo","24.0","2023-06-28T14:57:10Z","fethy.faradji@infopro-digital.com"
"14/09/2026 10:44:37","source/repos/srv_listener_folder/SF_VIEWER_AO_SIM/packages/AspNet.ScriptManager.jQuery.3.4.1/.signature.p7s","1.0","2019-05-20T10:04:14Z","fethy.faradji@infopro-digital.com"
"14/09/2026 10:44:37","source/repos/srv_listener_folder/SF_VIEWER_AO_SIM/.vs/SF_VIEWER_AO_SIM/v16/.suo","25.0","2023-06-28T14:59:25Z","fethy.faradji@infopro-digital.com"
"14/09/2026 10:44:38","source/repos/srv_listener_folder/SF_VIEWER_AO_SIM/.vs/SF_VIEWER_AO_SIM/v16/.suo","26.0","2023-06-28T15:01:50Z","fethy.faradji@infopro-digital.com"
"14/09/2026 10:44:39","source/repos/srv_listener_folder/SF_VIEWER_AO_SIM/packages/AspNet.ScriptManager.jQuery.3.4.1/AspNet.ScriptManager.jQuery.3.4.1.nupkg","1.0","2023-02-09T10:06:33Z","fethy.faradji@infopro-digital.com"
"14/09/2026 10:44:39","source/repos/srv_listener_folder/SF_VIEWER_AO_SIM/.vs/SF_VIEWER_AO_SIM/v16/.suo","27.0","2023-06-28T15:03:27Z","fethy.faradji@infopro-digital.com"
"14/09/2026 10:44:40","source/repos/srv_listener_folder/SF_VIEWER_AO_SIM/.vs/SF_VIEWER_AO_SIM/v16/.suo","28.0","2023-06-28T15:06:34Z","fethy.faradji@infopro-digital.com"
"14/09/2026 10:44:41","source/repos/srv_listener_folder/SF_VIEWER_AO_SIM/packages/bootstrap.3.4.1/content/Content/bootstrap.css","1.0","2019-02-13T19:54:46Z","fethy.faradji@infopro-digital.com"
"14/09/2026 10:44:41","source/repos/srv_listener_folder/SF_VIEWER_AO_SIM/.vs/SF_VIEWER_AO_SIM/v16/.suo","29.0","2023-07-19T14:35:37Z","fethy.faradji@infopro-digital.com"
"14/09/2026 10:44:42","source/repos/srv_listener_folder/SF_VIEWER_AO_SIM/packages/bootstrap.3.4.1/content/Content/bootstrap.css.map","1.0","2019-02-13T19:54:46Z","fethy.faradji@infopro-digital.com"
"14/09/2026 10:44:43","source/repos/srv_listener_folder/SF_VIEWER_AO_SIM/.vs/SF_VIEWER_AO_SIM/v16/.suo","30.0","2023-07-19T14:42:39Z","fethy.faradji@infopro-digital.com"
"14/09/2026 10:44:43","source/repos/srv_listener_folder/SF_VIEWER_AO_SIM/.vs/SF_VIEWER_AO_SIM/v16/.suo","31.0","2023-07-19T14:51:34Z","fethy.faradji@infopro-digital.com"
"14/09/2026 10:44:44","source/repos/srv_listener_folder/SF_VIEWER_AO_SIM/packages/bootstrap.3.4.1/content/Content/bootstrap.min.css","1.0","2019-02-13T19:54:46Z","fethy.faradji@infopro-digital.com"
"14/09/2026 10:44:45","source/repos/srv_listener_folder/SF_VIEWER_AO_SIM/.vs/SF_VIEWER_AO_SIM/v16/.suo","32.0","2023-07-19T14:54:47Z","fethy.faradji@infopro-digital.com"
"14/09/2026 10:44:46","source/repos/srv_listener_folder/SF_VIEWER_AO_SIM/packages/bootstrap.3.4.1/content/Content/bootstrap.min.css.map","1.0","2019-02-13T19:54:46Z","fethy.faradji@infopro-digital.com"
"14/09/2026 10:44:46","source/repos/srv_listener_folder/SF_VIEWER_AO_SIM/.vs/SF_VIEWER_AO_SIM/v16/.suo","33.0","2023-07-19T14:56:32Z","fethy.faradji@infopro-digital.com"
"14/09/2026 10:44:47","source/repos/srv_listener_folder/SF_VIEWER_AO_SIM/.vs/SF_VIEWER_AO_SIM/v16/.suo","34.0","2023-07-19T15:04:03Z","fethy.faradji@infopro-digital.com"
"14/09/2026 10:44:49","source/repos/srv_listener_folder/SF_VIEWER_AO_SIM/.vs/SF_VIEWER_AO_SIM/v16/.suo","35.0","2023-07-19T15:08:11Z","fethy.faradji@infopro-digital.com"
"14/09/2026 10:44:49","source/repos/srv_listener_folder/SF_VIEWER_AO_SIM/packages/bootstrap.3.4.1/content/Content/bootstrap-theme.css","1.0","2019-02-13T19:54:46Z","fethy.faradji@infopro-digital.com"
"14/09/2026 10:44:50","source/repos/srv_listener_folder/SF_VIEWER_AO_SIM/.vs/SF_VIEWER_AO_SIM/v16/.suo","36.0","2023-07-19T15:14:21Z","fethy.faradji@infopro-digital.com"
"14/09/2026 10:44:50","source/repos/srv_listener_folder/SF_VIEWER_AO_SIM/packages/bootstrap.3.4.1/content/Content/bootstrap-theme.css.map","1.0","2019-02-13T19:54:46Z","fethy.faradji@infopro-digital.com"
"14/09/2026 10:44:51","source/repos/srv_listener_folder/SF_VIEWER_AO_SIM/.vs/SF_VIEWER_AO_SIM/v16/.suo","37.0","2023-07-19T15:14:54Z","fethy.faradji@infopro-digital.com"
"14/09/2026 10:44:51","source/repos/srv_listener_folder/SF_VIEWER_AO_SIM/packages/bootstrap.3.4.1/content/Content/bootstrap-theme.min.css","1.0","2019-02-13T19:54:46Z","fethy.faradji@infopro-digital.com"
"14/09/2026 10:44:52","source/repos/srv_listener_folder/SF_VIEWER_AO_SIM/.vs/SF_VIEWER_AO_SIM/v16/.suo","38.0","2023-07-20T07:30:47Z","fethy.faradji@infopro-digital.com"
"14/09/2026 10:44:53","source/repos/srv_listener_folder/SF_VIEWER_AO_SIM/.vs/SF_VIEWER_AO_SIM/v16/.suo","39.0","2023-07-20T12:36:09Z","fethy.faradji@infopro-digital.com"
"14/09/2026 10:44:53","source/repos/srv_listener_folder/SF_VIEWER_AO_SIM/packages/bootstrap.3.4.1/content/Content/bootstrap-theme.min.css.map","1.0","2019-02-13T19:54:46Z","fethy.faradji@infopro-digital.com"
"14/09/2026 10:44:55","source/repos/srv_listener_folder/SF_VIEWER_AO_SIM/packages/bootstrap.3.4.1/content/fonts/glyphicons-halflings-regular.eot","1.0","2019-02-13T19:54:46Z","fethy.faradji@infopro-digital.com"
"14/09/2026 10:44:56","source/repos/srv_listener_folder/SF_VIEWER_AO_SIM/packages/bootstrap.3.4.1/content/fonts/glyphicons-halflings-regular.svg","1.0","2019-02-13T19:54:46Z","fethy.faradji@infopro-digital.com"
"14/09/2026 10:44:57","source/repos/srv_listener_folder/SF_VIEWER_AO_SIM/packages/bootstrap.3.4.1/content/fonts/glyphicons-halflings-regular.ttf","1.0","2019-02-13T19:54:46Z","fethy.faradji@infopro-digital.com"
"14/09/2026 10:44:59","source/repos/srv_listener_folder/SF_VIEWER_AO_SIM/packages/bootstrap.3.4.1/content/fonts/glyphicons-halflings-regular.woff","1.0","2019-02-13T19:54:46Z","fethy.faradji@infopro-digital.com"
"14/09/2026 10:45:00","source/repos/srv_listener_folder/SF_VIEWER_AO_SIM/packages/bootstrap.3.4.1/content/fonts/glyphicons-halflings-regular.woff2","1.0","2019-02-13T19:54:46Z","fethy.faradji@infopro-digital.com"
"14/09/2026 10:45:01","source/repos/srv_listener_folder/SF_VIEWER_AO_SIM/packages/bootstrap.3.4.1/content/Scripts/bootstrap.js","1.0","2019-02-13T19:54:46Z","fethy.faradji@infopro-digital.com"
"14/09/2026 10:45:02","source/repos/srv_listener_folder/SF_VIEWER_AO_SIM/packages/bootstrap.3.4.1/content/Scripts/bootstrap.min.js","1.0","2019-02-13T19:54:46Z","fethy.faradji@infopro-digital.com"
"14/09/2026 10:45:05","source/repos/srv_listener_folder/SF_VIEWER_AO_SIM/packages/bootstrap.3.4.1/contentFiles/Content/bootstrap.css.map","1.0","2019-02-13T19:54:46Z","fethy.faradji@infopro-digital.com"
"14/09/2026 10:45:05","source/repos/srv_listener_folder/SF_VIEWER_AO_SIM/packages/bootstrap.3.4.1/contentFiles/Content/bootstrap.css","1.0","2019-02-13T19:54:46Z","fethy.faradji@infopro-digital.com"
"14/09/2026 10:45:06","source/repos/srv_listener_folder/SF_VIEWER_AO_SIM/packages/bootstrap.3.4.1/contentFiles/Content/bootstrap.min.css","1.0","2019-02-13T19:54:46Z","fethy.faradji@infopro-digital.com"
"14/09/2026 10:45:06","source/repos/srv_listener_folder/SF_VIEWER_AO_SIM/packages/bootstrap.3.4.1/contentFiles/Content/bootstrap.min.css.map","1.0","2019-02-13T19:54:46Z","fethy.faradji@infopro-digital.com"
"14/09/2026 10:45:10","source/repos/srv_listener_folder/SF_VIEWER_AO_SIM/packages/bootstrap.3.4.1/contentFiles/Content/bootstrap-theme.css.map","1.0","2019-02-13T19:54:46Z","fethy.faradji@infopro-digital.com"
"14/09/2026 10:45:10","source/repos/srv_listener_folder/SF_VIEWER_AO_SIM/packages/bootstrap.3.4.1/contentFiles/Content/bootstrap-theme.css","1.0","2019-02-13T19:54:46Z","fethy.faradji@infopro-digital.com"
"14/09/2026 10:45:11","source/repos/srv_listener_folder/SF_VIEWER_AO_SIM/packages/bootstrap.3.4.1/contentFiles/Content/bootstrap-theme.min.css","1.0","2019-02-13T19:54:46Z","fethy.faradji@infopro-digital.com"
"14/09/2026 10:45:12","source/repos/srv_listener_folder/SF_VIEWER_AO_SIM/packages/bootstrap.3.4.1/contentFiles/Content/bootstrap-theme.min.css.map","1.0","2019-02-13T19:54:46Z","fethy.faradji@infopro-digital.com"
"14/09/2026 10:45:15","source/repos/srv_listener_folder/SF_VIEWER_AO_SIM/packages/bootstrap.3.4.1/contentFiles/fonts/glyphicons-halflings-regular.eot","1.0","2019-02-13T19:54:46Z","fethy.faradji@infopro-digital.com"
"14/09/2026 10:45:15","source/repos/srv_listener_folder/SF_VIEWER_AO_SIM/packages/bootstrap.3.4.1/contentFiles/fonts/glyphicons-halflings-regular.svg","1.0","2019-02-13T19:54:46Z","fethy.faradji@infopro-digital.com"
"14/09/2026 10:45:16","source/repos/srv_listener_folder/SF_VIEWER_AO_SIM/packages/bootstrap.3.4.1/contentFiles/fonts/glyphicons-halflings-regular.ttf","1.0","2019-02-13T19:54:46Z","fethy.faradji@infopro-digital.com"
"14/09/2026 10:45:16","source/repos/srv_listener_folder/SF_VIEWER_AO_SIM/packages/bootstrap.3.4.1/contentFiles/fonts/glyphicons-halflings-regular.woff","1.0","2019-02-13T19:54:46Z","fethy.faradji@infopro-digital.com"
"14/09/2026 10:45:20","source/repos/srv_listener_folder/SF_VIEWER_AO_SIM/packages/bootstrap.3.4.1/contentFiles/fonts/glyphicons-halflings-regular.woff2","1.0","2019-02-13T19:54:46Z","fethy.faradji@infopro-digital.com"
"14/09/2026 10:45:21","source/repos/srv_listener_folder/SF_VIEWER_AO_SIM/packages/bootstrap.3.4.1/contentFiles/Scripts/bootstrap.js","1.0","2019-02-13T19:54:46Z","fethy.faradji@infopro-digital.com"
"14/09/2026 10:45:21","source/repos/srv_listener_folder/SF_VIEWER_AO_SIM/packages/bootstrap.3.4.1/contentFiles/Scripts/bootstrap.min.js","1.0","2019-02-13T19:54:46Z","fethy.faradji@infopro-digital.com"
"14/09/2026 10:45:22","source/repos/srv_listener_folder/SF_VIEWER_AO_SIM/packages/bootstrap.3.4.1/.signature.p7s","1.0","2019-02-13T12:32:18Z","fethy.faradji@infopro-digital.com"
"14/09/2026 10:45:25","source/repos/srv_listener_folder/SF_VIEWER_AO_SIM/packages/bootstrap.3.4.1/bootstrap.3.4.1.nupkg","1.0","2023-02-09T10:06:31Z","fethy.faradji@infopro-digital.com"
"14/09/2026 10:45:26","source/repos/srv_listener_folder/SF_VIEWER_AO_SIM/packages/bootstrap.3.4.1/LICENSE.txt","1.0","2019-02-13T19:54:46Z","fethy.faradji@infopro-digital.com"
"14/09/2026 10:45:27","source/repos/srv_listener_folder/SF_VIEWER_AO_SIM/packages/jQuery.3.4.1/Content/Scripts/jquery-3.4.1.min.js","1.0","2019-05-02T10:15:24Z","fethy.faradji@infopro-digital.com"
"14/09/2026 10:45:28","source/repos/srv_listener_folder/SF_VIEWER_AO_SIM/packages/jQuery.3.4.1/Content/Scripts/jquery-3.4.1.js","1.0","2019-05-02T10:15:24Z","fethy.faradji@infopro-digital.com"
"14/09/2026 10:45:31","source/repos/srv_listener_folder/SF_VIEWER_AO_SIM/packages/jQuery.3.4.1/Content/Scripts/jquery-3.4.1.slim.js","1.0","2019-05-02T10:15:24Z","fethy.faradji@infopro-digital.com"
"14/09/2026 10:45:31","source/repos/srv_listener_folder/SF_VIEWER_AO_SIM/packages/jQuery.3.4.1/Content/Scripts/jquery-3.4.1.min.map","1.0","2019-05-02T10:15:24Z","fethy.faradji@infopro-digital.com"
"14/09/2026 10:45:32","source/repos/srv_listener_folder/SF_VIEWER_AO_SIM/packages/jQuery.3.4.1/Content/Scripts/jquery-3.4.1.slim.min.js","1.0","2019-05-02T10:15:24Z","fethy.faradji@infopro-digital.com"
"14/09/2026 10:45:33","source/repos/srv_listener_folder/SF_VIEWER_AO_SIM/packages/jQuery.3.4.1/Content/Scripts/jquery-3.4.1.slim.min.map","1.0","2019-05-02T10:15:24Z","fethy.faradji@infopro-digital.com"
"14/09/2026 10:45:36","source/repos/srv_listener_folder/SF_VIEWER_AO_SIM/packages/jQuery.3.4.1/Content/Scripts/jquery-3.4.1-vsdoc.js","1.0","2019-05-02T10:15:24Z","fethy.faradji@infopro-digital.com"
"14/09/2026 10:45:37","source/repos/srv_listener_folder/SF_VIEWER_AO_SIM/packages/jQuery.3.4.1/Tools/install.ps1","1.0","2019-05-02T10:15:24Z","fethy.faradji@infopro-digital.com"
"14/09/2026 10:45:37","source/repos/srv_listener_folder/SF_VIEWER_AO_SIM/packages/jQuery.3.4.1/Tools/common.ps1","1.0","2019-05-02T10:15:24Z","fethy.faradji@infopro-digital.com"
"14/09/2026 10:45:38","source/repos/srv_listener_folder/SF_VIEWER_AO_SIM/packages/jQuery.3.4.1/Tools/jquery-3.4.1.intellisense.js","1.0","2019-05-02T10:15:24Z","fethy.faradji@infopro-digital.com"
"14/09/2026 10:45:42","source/repos/srv_listener_folder/SF_VIEWER_AO_SIM/packages/jQuery.3.4.1/Tools/uninstall.ps1","1.0","2019-05-02T10:15:24Z","fethy.faradji@infopro-digital.com"
"14/09/2026 10:45:43","source/repos/srv_listener_folder/SF_VIEWER_AO_SIM/packages/jQuery.3.4.1/jQuery.3.4.1.nupkg","1.0","2023-02-09T10:06:30Z","fethy.faradji@infopro-digital.com"
"14/09/2026 10:45:43","source/repos/srv_listener_folder/SF_VIEWER_AO_SIM/packages/jQuery.3.4.1/.signature.p7s","1.0","2019-05-02T10:18:12Z","fethy.faradji@infopro-digital.com"
"14/09/2026 10:45:46","source/repos/srv_listener_folder/SF_VIEWER_AO_SIM/packages/Microsoft.AspNet.FriendlyUrls.1.0.2/Content/App_Start/RouteConfig.cs.pp","1.0","2013-07-30T15:57:30Z","fethy.faradji@infopro-digital.com"
"14/09/2026 10:45:47","source/repos/srv_listener_folder/SF_VIEWER_AO_SIM/packages/Microsoft.AspNet.FriendlyUrls.1.0.2/Content/Site.Mobile.Master.cs.pp","1.0","2013-07-30T15:57:30Z","fethy.faradji@infopro-digital.com"
"14/09/2026 10:45:48","source/repos/srv_listener_folder/SF_VIEWER_AO_SIM/packages/Microsoft.AspNet.FriendlyUrls.1.0.2/Content/Site.Mobile.Master.pp","1.0","2013-07-30T15:57:30Z","fethy.faradji@infopro-digital.com"
"14/09/2026 10:45:49","source/repos/srv_listener_folder/SF_VIEWER_AO_SIM/packages/Microsoft.AspNet.FriendlyUrls.1.0.2/Content/Site.Mobile.Master.designer.cs.pp","1.0","2013-07-30T15:57:30Z","fethy.faradji@infopro-digital.com"
"14/09/2026 10:45:51","source/repos/srv_listener_folder/SF_VIEWER_AO_SIM/packages/Microsoft.AspNet.FriendlyUrls.1.0.2/Content/ViewSwitcher.ascx.cs.pp","1.0","2013-07-30T15:57:30Z","fethy.faradji@infopro-digital.com"
"14/09/2026 10:45:53","source/repos/srv_listener_folder/SF_VIEWER_AO_SIM/packages/Microsoft.AspNet.FriendlyUrls.1.0.2/Content/ViewSwitcher.ascx.designer.cs.pp","1.0","2013-07-30T15:57:30Z","fethy.faradji@infopro-digital.com"
"14/09/2026 10:45:53","source/repos/srv_listener_folder/SF_VIEWER_AO_SIM/packages/Microsoft.AspNet.FriendlyUrls.1.0.2/Content/ViewSwitcher.ascx.pp","1.0","2013-07-30T15:57:30Z","fethy.faradji@infopro-digital.com"
"14/09/2026 10:45:54","source/repos/srv_listener_folder/SF_VIEWER_AO_SIM/packages/Microsoft.AspNet.FriendlyUrls.1.0.2/.signature.p7s","1.0","2018-10-07T16:39:46Z","fethy.faradji@infopro-digital.com"
"14/09/2026 10:45:57","source/repos/srv_listener_folder/SF_VIEWER_AO_SIM/packages/Microsoft.AspNet.FriendlyUrls.1.0.2/Microsoft.AspNet.FriendlyUrls.1.0.2.nupkg","1.0","2023-02-09T10:06:35Z","fethy.faradji@infopro-digital.com"
"14/09/2026 10:45:57","source/repos/srv_listener_folder/SF_VIEWER_AO_SIM/packages/Microsoft.AspNet.FriendlyUrls.1.0.2/readme.txt","1.0","2013-07-30T15:57:30Z","fethy.faradji@infopro-digital.com"
"14/09/2026 10:46:00","source/repos/srv_listener_folder/SF_VIEWER_AO_SIM/packages/Microsoft.AspNet.FriendlyUrls.Core.1.0.2/lib/net40/fr/Microsoft.AspNet.FriendlyUrls.resources.dll","1.0","2013-07-30T17:01:48Z","fethy.faradji@infopro-digital.com"
"14/09/2026 10:46:00","source/repos/srv_listener_folder/SF_VIEWER_AO_SIM/packages/Microsoft.AspNet.FriendlyUrls.Core.1.0.2/lib/net40/fr/Microsoft.AspNet.FriendlyUrls.xml","1.0","2013-07-30T17:01:48Z","fethy.faradji@infopro-digital.com"
"14/09/2026 10:46:02","source/repos/srv_listener_folder/SF_VIEWER_AO_SIM/packages/Microsoft.AspNet.FriendlyUrls.Core.1.0.2/lib/net40/Microsoft.AspNet.FriendlyUrls.dll","1.0","2013-07-30T15:57:30Z","fethy.faradji@infopro-digital.com"
"14/09/2026 10:46:03","source/repos/srv_listener_folder/SF_VIEWER_AO_SIM/packages/Microsoft.AspNet.FriendlyUrls.Core.1.0.2/lib/net40/Microsoft.AspNet.FriendlyUrls.xml","1.0","2013-07-30T15:57:30Z","fethy.faradji@infopro-digital.com"
"14/09/2026 10:46:06","source/repos/srv_listener_folder/SF_VIEWER_AO_SIM/packages/Microsoft.AspNet.FriendlyUrls.Core.1.0.2/lib/net45/fr/Microsoft.AspNet.FriendlyUrls.xml","1.0","2013-07-30T17:01:48Z","fethy.faradji@infopro-digital.com"
"14/09/2026 10:46:06","source/repos/srv_listener_folder/SF_VIEWER_AO_SIM/packages/Microsoft.AspNet.FriendlyUrls.Core.1.0.2/lib/net45/fr/Microsoft.AspNet.FriendlyUrls.resources.dll","1.0","2013-07-30T17:01:48Z","fethy.faradji@infopro-digital.com"
"14/09/2026 10:46:07","source/repos/srv_listener_folder/SF_VIEWER_AO_SIM/packages/Microsoft.AspNet.FriendlyUrls.Core.1.0.2/lib/net45/Microsoft.AspNet.FriendlyUrls.dll","1.0","2013-07-30T15:57:30Z","fethy.faradji@infopro-digital.com"
"14/09/2026 10:46:08","source/repos/srv_listener_folder/SF_VIEWER_AO_SIM/packages/Microsoft.AspNet.FriendlyUrls.Core.1.0.2/lib/net45/Microsoft.AspNet.FriendlyUrls.xml","1.0","2013-07-30T15:57:30Z","fethy.faradji@infopro-digital.com"
"14/09/2026 10:46:11","source/repos/srv_listener_folder/SF_VIEWER_AO_SIM/packages/Microsoft.AspNet.FriendlyUrls.Core.1.0.2/.signature.p7s","1.0","2018-10-07T06:19:58Z","fethy.faradji@infopro-digital.com"
"14/09/2026 10:46:11","source/repos/srv_listener_folder/SF_VIEWER_AO_SIM/packages/Microsoft.AspNet.FriendlyUrls.Core.1.0.2/Microsoft.AspNet.FriendlyUrls.Core.1.0.2.nupkg","1.0","2023-02-09T10:06:34Z","fethy.faradji@infopro-digital.com"
"14/09/2026 10:46:13","source/repos/srv_listener_folder/SF_VIEWER_AO_SIM/packages/Microsoft.AspNet.FriendlyUrls.Core.fr.1.0.2/lib/net40/fr/Microsoft.AspNet.FriendlyUrls.xml","1.0","2013-07-30T16:01:48Z","fethy.faradji@infopro-digital.com"
"14/09/2026 10:46:13","source/repos/srv_listener_folder/SF_VIEWER_AO_SIM/packages/Microsoft.AspNet.FriendlyUrls.Core.fr.1.0.2/lib/net40/fr/Microsoft.AspNet.FriendlyUrls.resources.dll","1.0","2013-07-30T16:01:48Z","fethy.faradji@infopro-digital.com"
"14/09/2026 10:46:18","source/repos/srv_listener_folder/SF_VIEWER_AO_SIM/packages/Microsoft.AspNet.FriendlyUrls.Core.fr.1.0.2/lib/net45/fr/Microsoft.AspNet.FriendlyUrls.xml","1.0","2013-07-30T16:01:48Z","fethy.faradji@infopro-digital.com"
"14/09/2026 10:46:18","source/repos/srv_listener_folder/SF_VIEWER_AO_SIM/packages/Microsoft.AspNet.FriendlyUrls.Core.fr.1.0.2/lib/net45/fr/Microsoft.AspNet.FriendlyUrls.resources.dll","1.0","2013-07-30T16:01:48Z","fethy.faradji@infopro-digital.com"
"14/09/2026 10:46:18","source/repos/srv_listener_folder/SF_VIEWER_AO_SIM/packages/Microsoft.AspNet.FriendlyUrls.Core.fr.1.0.2/.signature.p7s","1.0","2018-10-13T01:43:38Z","fethy.faradji@infopro-digital.com"
"14/09/2026 10:46:19","source/repos/srv_listener_folder/SF_VIEWER_AO_SIM/packages/Microsoft.AspNet.FriendlyUrls.Core.fr.1.0.2/Microsoft.AspNet.FriendlyUrls.Core.fr.1.0.2.nupkg","1.0","2023-02-09T10:06:35Z","fethy.faradji@infopro-digital.com"
"14/09/2026 10:46:25","source/repos/srv_listener_folder/SF_VIEWER_AO_SIM/packages/Microsoft.AspNet.ScriptManager.MSAjax.5.0.0/content/Scripts/WebForms/MSAjax/MicrosoftAjaxApplicationServices.js","1.0","2013-09-06T10:20:12Z","fethy.faradji@infopro-digital.com"
"14/09/2026 10:46:25","source/repos/srv_listener_folder/SF_VIEWER_AO_SIM/packages/Microsoft.AspNet.ScriptManager.MSAjax.5.0.0/content/Scripts/WebForms/MSAjax/MicrosoftAjax.js","1.0","2013-09-06T10:20:12Z","fethy.faradji@infopro-digital.com"
"14/09/2026 10:46:25","source/repos/srv_listener_folder/SF_VIEWER_AO_SIM/packages/Microsoft.AspNet.ScriptManager.MSAjax.5.0.0/content/Scripts/WebForms/MSAjax/MicrosoftAjaxComponentModel.js","1.0","2013-09-06T10:20:12Z","fethy.faradji@infopro-digital.com"
"14/09/2026 10:46:25","source/repos/srv_listener_folder/SF_VIEWER_AO_SIM/packages/Microsoft.AspNet.ScriptManager.MSAjax.5.0.0/content/Scripts/WebForms/MSAjax/MicrosoftAjaxCore.js","1.0","2013-09-06T10:20:12Z","fethy.faradji@infopro-digital.com"
"14/09/2026 10:46:30","source/repos/srv_listener_folder/SF_VIEWER_AO_SIM/packages/Microsoft.AspNet.ScriptManager.MSAjax.5.0.0/content/Scripts/WebForms/MSAjax/MicrosoftAjaxGlobalization.js","1.0","2013-09-06T10:20:12Z","fethy.faradji@infopro-digital.com"
"14/09/2026 10:46:30","source/repos/srv_listener_folder/SF_VIEWER_AO_SIM/packages/Microsoft.AspNet.ScriptManager.MSAjax.5.0.0/content/Scripts/WebForms/MSAjax/MicrosoftAjaxNetwork.js","1.0","2013-09-06T10:20:12Z","fethy.faradji@infopro-digital.com"
"14/09/2026 10:46:31","source/repos/srv_listener_folder/SF_VIEWER_AO_SIM/packages/Microsoft.AspNet.ScriptManager.MSAjax.5.0.0/content/Scripts/WebForms/MSAjax/MicrosoftAjaxHistory.js","1.0","2013-09-06T10:20:12Z","fethy.faradji@infopro-digital.com"
"14/09/2026 10:46:31","source/repos/srv_listener_folder/SF_VIEWER_AO_SIM/packages/Microsoft.AspNet.ScriptManager.MSAjax.5.0.0/content/Scripts/WebForms/MSAjax/MicrosoftAjaxSerialization.js","1.0","2013-09-06T10:20:12Z","fethy.faradji@infopro-digital.com"
"14/09/2026 10:46:35","source/repos/srv_listener_folder/SF_VIEWER_AO_SIM/packages/Microsoft.AspNet.ScriptManager.MSAjax.5.0.0/content/Scripts/WebForms/MSAjax/MicrosoftAjaxTimer.js","1.0","2013-09-06T10:20:12Z","fethy.faradji@infopro-digital.com"
"14/09/2026 10:46:36","source/repos/srv_listener_folder/SF_VIEWER_AO_SIM/packages/Microsoft.AspNet.ScriptManager.MSAjax.5.0.0/content/Scripts/WebForms/MSAjax/MicrosoftAjaxWebServices.js","1.0","2013-09-06T10:20:12Z","fethy.faradji@infopro-digital.com"
"14/09/2026 10:46:36","source/repos/srv_listener_folder/SF_VIEWER_AO_SIM/packages/Microsoft.AspNet.ScriptManager.MSAjax.5.0.0/content/Scripts/WebForms/MSAjax/MicrosoftAjaxWebForms.js","1.0","2013-09-06T10:20:12Z","fethy.faradji@infopro-digital.com"
"14/09/2026 10:46:37","source/repos/srv_listener_folder/SF_VIEWER_AO_SIM/packages/Microsoft.AspNet.ScriptManager.MSAjax.5.0.0/lib/net45/Microsoft.ScriptManager.MSAjax.dll","1.0","2013-09-06T10:20:12Z","fethy.faradji@infopro-digital.com"
"14/09/2026 10:46:40","source/repos/srv_listener_folder/SF_VIEWER_AO_SIM/packages/Microsoft.AspNet.ScriptManager.MSAjax.5.0.0/.signature.p7s","1.0","2018-10-07T10:14:52Z","fethy.faradji@infopro-digital.com"
"14/09/2026 10:46:41","source/repos/srv_listener_folder/SF_VIEWER_AO_SIM/packages/Microsoft.AspNet.ScriptManager.MSAjax.5.0.0/Microsoft.AspNet.ScriptManager.MSAjax.5.0.0.nupkg","1.0","2023-02-09T10:06:33Z","fethy.faradji@infopro-digital.com"
"14/09/2026 10:46:43","source/repos/srv_listener_folder/SF_VIEWER_AO_SIM/packages/Microsoft.AspNet.ScriptManager.WebForms.5.0.0/content/Scripts/WebForms/Focus.js","1.0","2013-09-06T10:20:22Z","fethy.faradji@infopro-digital.com"
"14/09/2026 10:46:43","source/repos/srv_listener_folder/SF_VIEWER_AO_SIM/packages/Microsoft.AspNet.ScriptManager.WebForms.5.0.0/content/Scripts/WebForms/DetailsView.js","1.0","2013-09-06T10:20:22Z","fethy.faradji@infopro-digital.com"
"14/09/2026 10:46:44","source/repos/srv_listener_folder/SF_VIEWER_AO_SIM/packages/Microsoft.AspNet.ScriptManager.WebForms.5.0.0/content/Scripts/WebForms/GridView.js","1.0","2013-09-06T10:20:22Z","fethy.faradji@infopro-digital.com"
"14/09/2026 10:46:45","source/repos/srv_listener_folder/SF_VIEWER_AO_SIM/packages/Microsoft.AspNet.ScriptManager.WebForms.5.0.0/content/Scripts/WebForms/Menu.js","1.0","2013-09-06T10:20:22Z","fethy.faradji@infopro-digital.com"
"14/09/2026 10:46:47","source/repos/srv_listener_folder/SF_VIEWER_AO_SIM/packages/Microsoft.AspNet.ScriptManager.WebForms.5.0.0/content/Scripts/WebForms/MenuStandards.js","1.0","2013-09-06T10:20:22Z","fethy.faradji@infopro-digital.com"
"14/09/2026 10:46:48","source/repos/srv_listener_folder/SF_VIEWER_AO_SIM/packages/Microsoft.AspNet.ScriptManager.WebForms.5.0.0/content/Scripts/WebForms/SmartNav.js","1.0","2013-09-06T10:20:22Z","fethy.faradji@infopro-digital.com"
"14/09/2026 10:46:49","source/repos/srv_listener_folder/SF_VIEWER_AO_SIM/packages/Microsoft.AspNet.ScriptManager.WebForms.5.0.0/content/Scripts/WebForms/TreeView.js","1.0","2013-09-06T10:20:22Z","fethy.faradji@infopro-digital.com"
"14/09/2026 10:46:51","source/repos/srv_listener_folder/SF_VIEWER_AO_SIM/packages/Microsoft.AspNet.ScriptManager.WebForms.5.0.0/content/Scripts/WebForms/WebForms.js","1.0","2013-09-06T10:20:22Z","fethy.faradji@infopro-digital.com"
"14/09/2026 10:46:52","source/repos/srv_listener_folder/SF_VIEWER_AO_SIM/packages/Microsoft.AspNet.ScriptManager.WebForms.5.0.0/content/Scripts/WebForms/WebParts.js","1.0","2013-09-06T10:20:22Z","fethy.faradji@infopro-digital.com"
"14/09/2026 10:46:53","source/repos/srv_listener_folder/SF_VIEWER_AO_SIM/packages/Microsoft.AspNet.ScriptManager.WebForms.5.0.0/content/Scripts/WebForms/WebUIValidation.js","1.0","2013-09-06T10:20:22Z","fethy.faradji@infopro-digital.com"
"14/09/2026 10:46:56","source/repos/srv_listener_folder/SF_VIEWER_AO_SIM/packages/Microsoft.AspNet.ScriptManager.WebForms.5.0.0/.signature.p7s","1.0","2018-10-07T10:08:10Z","fethy.faradji@infopro-digital.com"
"14/09/2026 10:46:56","source/repos/srv_listener_folder/SF_VIEWER_AO_SIM/packages/Microsoft.AspNet.ScriptManager.WebForms.5.0.0/lib/net45/Microsoft.ScriptManager.WebForms.dll","1.0","2013-09-06T10:20:22Z","fethy.faradji@infopro-digital.com"
"14/09/2026 10:46:57","source/repos/srv_listener_folder/SF_VIEWER_AO_SIM/packages/Microsoft.AspNet.ScriptManager.WebForms.5.0.0/Microsoft.AspNet.ScriptManager.WebForms.5.0.0.nupkg","1.0","2023-02-09T10:06:34Z","fethy.faradji@infopro-digital.com"
"14/09/2026 10:47:02","source/repos/srv_listener_folder/SF_VIEWER_AO_SIM/packages/Microsoft.AspNet.Web.Optimization.1.1.3/lib/net40/System.Web.Optimization.dll","1.0","2014-02-11T14:26:04Z","fethy.faradji@infopro-digital.com"
"14/09/2026 10:47:02","source/repos/srv_listener_folder/SF_VIEWER_AO_SIM/packages/Microsoft.AspNet.Web.Optimization.1.1.3/lib/net40/fr/System.Web.Optimization.resources.dll","1.0","2014-02-11T15:28:42Z","fethy.faradji@infopro-digital.com"
"14/09/2026 10:47:03","source/repos/srv_listener_folder/SF_VIEWER_AO_SIM/packages/Microsoft.AspNet.Web.Optimization.1.1.3/lib/net40/system.web.optimization.xml","1.0","2014-02-11T14:26:04Z","fethy.faradji@infopro-digital.com"
"14/09/2026 10:47:03","source/repos/srv_listener_folder/SF_VIEWER_AO_SIM/packages/Microsoft.AspNet.Web.Optimization.1.1.3/.signature.p7s","1.0","2018-12-17T14:17:00Z","fethy.faradji@infopro-digital.com"
"14/09/2026 10:47:07","source/repos/srv_listener_folder/SF_VIEWER_AO_SIM/packages/Microsoft.AspNet.Web.Optimization.1.1.3/Microsoft.AspNet.Web.Optimization.1.1.3.nupkg","1.0","2023-02-09T10:06:33Z","fethy.faradji@infopro-digital.com"
"14/09/2026 10:47:09","source/repos/srv_listener_folder/SF_VIEWER_AO_SIM/packages/Microsoft.AspNet.Web.Optimization.fr.1.1.3/.signature.p7s","1.0","2018-10-11T00:07:20Z","fethy.faradji@infopro-digital.com"
"14/09/2026 10:47:10","source/repos/srv_listener_folder/SF_VIEWER_AO_SIM/packages/Microsoft.AspNet.Web.Optimization.fr.1.1.3/Microsoft.AspNet.Web.Optimization.fr.1.1.3.nupkg","1.0","2023-02-09T10:06:35Z","fethy.faradji@infopro-digital.com"
"14/09/2026 10:47:11","source/repos/srv_listener_folder/SF_VIEWER_AO_SIM/packages/Microsoft.AspNet.Web.Optimization.fr.1.1.3/lib/net40/fr/System.Web.Optimization.resources.dll","1.0","2014-02-11T14:28:42Z","fethy.faradji@infopro-digital.com"
"14/09/2026 10:47:14","source/repos/srv_listener_folder/SF_VIEWER_AO_SIM/packages/Microsoft.AspNet.Web.Optimization.WebForms.1.1.3/content/web.config.transform","1.0","2014-02-11T14:26:04Z","fethy.faradji@infopro-digital.com"
"14/09/2026 10:47:15","source/repos/srv_listener_folder/SF_VIEWER_AO_SIM/packages/Microsoft.AspNet.Web.Optimization.WebForms.1.1.3/.signature.p7s","1.0","2018-10-07T05:35:44Z","fethy.faradji@infopro-digital.com"
"14/09/2026 10:47:15","source/repos/srv_listener_folder/SF_VIEWER_AO_SIM/packages/Microsoft.AspNet.Web.Optimization.WebForms.1.1.3/lib/net45/Microsoft.AspNet.Web.Optimization.WebForms.dll","1.0","2014-02-11T14:26:04Z","fethy.faradji@infopro-digital.com"
"14/09/2026 10:47:16","source/repos/srv_listener_folder/SF_VIEWER_AO_SIM/packages/Microsoft.AspNet.Web.Optimization.WebForms.1.1.3/Microsoft.AspNet.Web.Optimization.WebForms.1.1.3.nupkg","1.0","2023-02-09T10:06:34Z","fethy.faradji@infopro-digital.com"
"14/09/2026 10:47:20","source/repos/srv_listener_folder/SF_VIEWER_AO_SIM/packages/Microsoft.Bcl.AsyncInterfaces.6.0.0/lib/net461/Microsoft.Bcl.AsyncInterfaces.dll","1.0","2021-10-22T23:42:08Z","fethy.faradji@infopro-digital.com"
"14/09/2026 10:47:21","source/repos/srv_listener_folder/SF_VIEWER_AO_SIM/packages/Microsoft.Bcl.AsyncInterfaces.6.0.0/lib/net461/Microsoft.Bcl.AsyncInterfaces.xml","1.0","2021-10-22T23:42:08Z","fethy.faradji@infopro-digital.com"
"14/09/2026 10:47:21","source/repos/srv_listener_folder/SF_VIEWER_AO_SIM/packages/Microsoft.Bcl.AsyncInterfaces.6.0.0/lib/netstandard2.0/Microsoft.Bcl.AsyncInterfaces.dll","1.0","2021-10-22T23:42:10Z","fethy.faradji@infopro-digital.com"
"14/09/2026 10:47:22","source/repos/srv_listener_folder/SF_VIEWER_AO_SIM/packages/Microsoft.Bcl.AsyncInterfaces.6.0.0/lib/netstandard2.0/Microsoft.Bcl.AsyncInterfaces.xml","1.0","2021-10-22T23:42:10Z","fethy.faradji@infopro-digital.com"
"14/09/2026 10:47:27","source/repos/srv_listener_folder/SF_VIEWER_AO_SIM/packages/Microsoft.Bcl.AsyncInterfaces.6.0.0/lib/netstandard2.1/Microsoft.Bcl.AsyncInterfaces.xml","1.0","2021-10-22T23:47:36Z","fethy.faradji@infopro-digital.com"
"14/09/2026 10:47:27","source/repos/srv_listener_folder/SF_VIEWER_AO_SIM/packages/Microsoft.Bcl.AsyncInterfaces.6.0.0/.signature.p7s","1.0","2021-11-07T22:32:46Z","fethy.faradji@infopro-digital.com"
"14/09/2026 10:47:27","source/repos/srv_listener_folder/SF_VIEWER_AO_SIM/packages/Microsoft.Bcl.AsyncInterfaces.6.0.0/lib/netstandard2.1/Microsoft.Bcl.AsyncInterfaces.dll","1.0","2021-10-22T23:47:36Z","fethy.faradji@infopro-digital.com"
"14/09/2026 10:47:28","source/repos/srv_listener_folder/SF_VIEWER_AO_SIM/packages/Microsoft.Bcl.AsyncInterfaces.6.0.0/Icon.png","1.0","2021-10-22T18:16:38Z","fethy.faradji@infopro-digital.com"
"14/09/2026 10:47:33","source/repos/srv_listener_folder/SF_VIEWER_AO_SIM/packages/Microsoft.Bcl.AsyncInterfaces.6.0.0/LICENSE.TXT","1.0","2021-10-22T23:32:20Z","fethy.faradji@infopro-digital.com"
"14/09/2026 10:47:33","source/repos/srv_listener_folder/SF_VIEWER_AO_SIM/packages/Microsoft.Bcl.AsyncInterfaces.6.0.0/Microsoft.Bcl.AsyncInterfaces.6.0.0.nupkg","1.0","2023-02-09T10:13:24Z","fethy.faradji@infopro-digital.com"
"14/09/2026 10:47:34","source/repos/srv_listener_folder/SF_VIEWER_AO_SIM/packages/Microsoft.Bcl.AsyncInterfaces.6.0.0/THIRD-PARTY-NOTICES.TXT","1.0","2021-10-22T23:32:20Z","fethy.faradji@infopro-digital.com"
"14/09/2026 10:47:35","source/repos/srv_listener_folder/SF_VIEWER_AO_SIM/packages/Microsoft.Bcl.AsyncInterfaces.6.0.0/useSharedDesignerContext.txt","1.0","2021-10-22T23:32:20Z","fethy.faradji@infopro-digital.com"
"14/09/2026 10:47:40","source/repos/srv_listener_folder/SF_VIEWER_AO_SIM/packages/Microsoft.CodeDom.Providers.DotNetCompilerPlatform.2.0.1/build/net45/Microsoft.CodeDom.Providers.DotNetCompilerPlatform.props","1.0","2018-09-05T15:04:32Z","fethy.faradji@infopro-digital.com"
"14/09/2026 10:47:40","source/repos/srv_listener_folder/SF_VIEWER_AO_SIM/packages/Microsoft.CodeDom.Providers.DotNetCompilerPlatform.2.0.1/build/net45/Microsoft.CodeDom.Providers.DotNetCompilerPlatform.Extensions.props","1.0","2018-09-05T15:04:32Z","fethy.faradji@infopro-digital.com"
"14/09/2026 10:47:40","source/repos/srv_listener_folder/SF_VIEWER_AO_SIM/packages/Microsoft.CodeDom.Providers.DotNetCompilerPlatform.2.0.1/build/net46/Microsoft.CodeDom.Providers.DotNetCompilerPlatform.Extensions.props","1.0","2018-09-05T15:04:32Z","fethy.faradji@infopro-digital.com"
"14/09/2026 10:47:41","source/repos/srv_listener_folder/SF_VIEWER_AO_SIM/packages/Microsoft.CodeDom.Providers.DotNetCompilerPlatform.2.0.1/build/net46/Microsoft.CodeDom.Providers.DotNetCompilerPlatform.props","1.0","2018-09-05T15:04:32Z","fethy.faradji@infopro-digital.com"
"14/09/2026 10:47:47","source/repos/srv_listener_folder/SF_VIEWER_AO_SIM/packages/Microsoft.CodeDom.Providers.DotNetCompilerPlatform.2.0.1/content/net45/app.config.install.xdt","1.0","2018-09-05T15:04:34Z","fethy.faradji@infopro-digital.com"
"14/09/2026 10:47:47","source/repos/srv_listener_folder/SF_VIEWER_AO_SIM/packages/Microsoft.CodeDom.Providers.DotNetCompilerPlatform.2.0.1/content/net45/web.config.uninstall.xdt","1.0","2018-09-05T15:04:34Z","fethy.faradji@infopro-digital.com"
"14/09/2026 10:47:47","source/repos/srv_listener_folder/SF_VIEWER_AO_SIM/packages/Microsoft.CodeDom.Providers.DotNetCompilerPlatform.2.0.1/content/net45/web.config.install.xdt","1.0","2018-09-05T15:04:34Z","fethy.faradji@infopro-digital.com"
"14/09/2026 10:47:47","source/repos/srv_listener_folder/SF_VIEWER_AO_SIM/packages/Microsoft.CodeDom.Providers.DotNetCompilerPlatform.2.0.1/content/net45/app.config.uninstall.xdt","1.0","2018-09-05T15:04:34Z","fethy.faradji@infopro-digital.com"
"14/09/2026 10:47:53","source/repos/srv_listener_folder/SF_VIEWER_AO_SIM/packages/Microsoft.CodeDom.Providers.DotNetCompilerPlatform.2.0.1/content/net46/app.config.install.xdt","1.0","2018-09-05T15:04:34Z","fethy.faradji@infopro-digital.com"
"14/09/2026 10:47:53","source/repos/srv_listener_folder/SF_VIEWER_AO_SIM/packages/Microsoft.CodeDom.Providers.DotNetCompilerPlatform.2.0.1/content/net46/web.config.install.xdt","1.0","2018-09-05T15:04:34Z","fethy.faradji@infopro-digital.com"
"14/09/2026 10:47:53","source/repos/srv_listener_folder/SF_VIEWER_AO_SIM/packages/Microsoft.CodeDom.Providers.DotNetCompilerPlatform.2.0.1/content/net46/app.config.uninstall.xdt","1.0","2018-09-05T15:04:34Z","fethy.faradji@infopro-digital.com"
"14/09/2026 10:47:53","source/repos/srv_listener_folder/SF_VIEWER_AO_SIM/packages/Microsoft.CodeDom.Providers.DotNetCompilerPlatform.2.0.1/content/net46/web.config.uninstall.xdt","1.0","2018-09-05T15:04:34Z","fethy.faradji@infopro-digital.com"
"14/09/2026 10:48:00","source/repos/srv_listener_folder/SF_VIEWER_AO_SIM/packages/Microsoft.CodeDom.Providers.DotNetCompilerPlatform.2.0.1/lib/net45/Microsoft.CodeDom.Providers.DotNetCompilerPlatform.dll","1.0","2018-09-05T15:10:50Z","fethy.faradji@infopro-digital.com"
"14/09/2026 10:48:01","source/repos/srv_listener_folder/SF_VIEWER_AO_SIM/packages/Microsoft.CodeDom.Providers.DotNetCompilerPlatform.2.0.1/lib/net45/Microsoft.CodeDom.Providers.DotNetCompilerPlatform.xml","1.0","2018-09-05T15:05:34Z","fethy.faradji@infopro-digital.com"
"14/09/2026 10:48:01","source/repos/srv_listener_folder/SF_VIEWER_AO_SIM/packages/Microsoft.CodeDom.Providers.DotNetCompilerPlatform.2.0.1/tools/net45/uninstall.ps1","1.0","2018-09-05T15:13:46Z","fethy.faradji@infopro-digital.com"
"14/09/2026 10:48:01","source/repos/srv_listener_folder/SF_VIEWER_AO_SIM/packages/Microsoft.CodeDom.Providers.DotNetCompilerPlatform.2.0.1/tools/net45/install.ps1","1.0","2018-09-05T15:15:16Z","fethy.faradji@infopro-digital.com"
"14/09/2026 10:48:07","source/repos/srv_listener_folder/SF_VIEWER_AO_SIM/packages/Microsoft.CodeDom.Providers.DotNetCompilerPlatform.2.0.1/tools/Roslyn45/csc.exe","1.0","2016-06-27T20:50:24Z","fethy.faradji@infopro-digital.com"
"14/09/2026 10:48:07","source/repos/srv_listener_folder/SF_VIEWER_AO_SIM/packages/Microsoft.CodeDom.Providers.DotNetCompilerPlatform.2.0.1/tools/Roslyn45/csc.exe.config","1.0","2016-06-27T20:50:24Z","fethy.faradji@infopro-digital.com"
"14/09/2026 10:48:07","source/repos/srv_listener_folder/SF_VIEWER_AO_SIM/packages/Microsoft.CodeDom.Providers.DotNetCompilerPlatform.2.0.1/tools/Roslyn45/csi.exe","1.0","2016-06-27T20:50:24Z","fethy.faradji@infopro-digital.com"
"14/09/2026 10:48:08","source/repos/srv_listener_folder/SF_VIEWER_AO_SIM/packages/Microsoft.CodeDom.Providers.DotNetCompilerPlatform.2.0.1/tools/Roslyn45/csc.rsp","1.0","2016-06-27T20:50:24Z","fethy.faradji@infopro-digital.com"
"14/09/2026 10:48:12","source/repos/srv_listener_folder/SF_VIEWER_AO_SIM/packages/Microsoft.CodeDom.Providers.DotNetCompilerPlatform.2.0.1/tools/Roslyn45/csi.rsp","1.0","2016-06-27T20:50:24Z","fethy.faradji@infopro-digital.com"
"14/09/2026 10:48:13","source/repos/srv_listener_folder/SF_VIEWER_AO_SIM/packages/Microsoft.CodeDom.Providers.DotNetCompilerPlatform.2.0.1/tools/Roslyn45/Microsoft.Build.Tasks.CodeAnalysis.dll","1.0","2016-06-27T20:50:24Z","fethy.faradji@infopro-digital.com"
"14/09/2026 10:48:13","source/repos/srv_listener_folder/SF_VIEWER_AO_SIM/packages/Microsoft.CodeDom.Providers.DotNetCompilerPlatform.2.0.1/tools/Roslyn45/Microsoft.CodeAnalysis.CSharp.dll","1.0","2016-06-27T20:50:24Z","fethy.faradji@infopro-digital.com"
"14/09/2026 10:48:14","source/repos/srv_listener_folder/SF_VIEWER_AO_SIM/packages/Microsoft.CodeDom.Providers.DotNetCompilerPlatform.2.0.1/tools/Roslyn45/Microsoft.CodeAnalysis.CSharp.Scripting.dll","1.0","2016-06-27T20:50:24Z","fethy.faradji@infopro-digital.com"
"14/09/2026 10:48:17","source/repos/srv_listener_folder/SF_VIEWER_AO_SIM/packages/Microsoft.CodeDom.Providers.DotNetCompilerPlatform.2.0.1/tools/Roslyn45/Microsoft.CodeAnalysis.dll","1.0","2016-06-27T20:50:24Z","fethy.faradji@infopro-digital.com"
"14/09/2026 10:48:18","source/repos/srv_listener_folder/SF_VIEWER_AO_SIM/packages/Microsoft.CodeDom.Providers.DotNetCompilerPlatform.2.0.1/tools/Roslyn45/Microsoft.CodeAnalysis.Scripting.dll","1.0","2016-06-27T20:50:24Z","fethy.faradji@infopro-digital.com"
"14/09/2026 10:48:18","source/repos/srv_listener_folder/SF_VIEWER_AO_SIM/packages/Microsoft.CodeDom.Providers.DotNetCompilerPlatform.2.0.1/tools/Roslyn45/Microsoft.CodeAnalysis.VisualBasic.dll","1.0","2016-06-27T20:50:24Z","fethy.faradji@infopro-digital.com"
"14/09/2026 10:48:19","source/repos/srv_listener_folder/SF_VIEWER_AO_SIM/packages/Microsoft.CodeDom.Providers.DotNetCompilerPlatform.2.0.1/tools/Roslyn45/Microsoft.CSharp.Core.targets","1.0","2016-06-27T20:50:24Z","fethy.faradji@infopro-digital.com"
"14/09/2026 10:48:22","source/repos/srv_listener_folder/SF_VIEWER_AO_SIM/packages/Microsoft.CodeDom.Providers.DotNetCompilerPlatform.2.0.1/tools/Roslyn45/Microsoft.DiaSymReader.Native.amd64.dll","1.0","2016-06-27T20:50:24Z","fethy.faradji@infopro-digital.com"
"14/09/2026 10:48:23","source/repos/srv_listener_folder/SF_VIEWER_AO_SIM/packages/Microsoft.CodeDom.Providers.DotNetCompilerPlatform.2.0.1/tools/Roslyn45/Microsoft.DiaSymReader.Native.x86.dll","1.0","2016-06-27T20:50:24Z","fethy.faradji@infopro-digital.com"
"14/09/2026 10:48:24","source/repos/srv_listener_folder/SF_VIEWER_AO_SIM/packages/Microsoft.CodeDom.Providers.DotNetCompilerPlatform.2.0.1/tools/Roslyn45/Microsoft.VisualBasic.Core.targets","1.0","2016-06-27T20:50:24Z","fethy.faradji@infopro-digital.com"
"14/09/2026 10:48:24","source/repos/srv_listener_folder/SF_VIEWER_AO_SIM/packages/Microsoft.CodeDom.Providers.DotNetCompilerPlatform.2.0.1/tools/Roslyn45/System.AppContext.dll","1.0","2016-06-27T20:50:24Z","fethy.faradji@infopro-digital.com"
"14/09/2026 10:48:28","source/repos/srv_listener_folder/SF_VIEWER_AO_SIM/packages/Microsoft.CodeDom.Providers.DotNetCompilerPlatform.2.0.1/tools/Roslyn45/System.Collections.Immutable.dll","1.0","2016-06-27T20:50:24Z","fethy.faradji@infopro-digital.com"
"14/09/2026 10:48:28","source/repos/srv_listener_folder/SF_VIEWER_AO_SIM/packages/Microsoft.CodeDom.Providers.DotNetCompilerPlatform.2.0.1/tools/Roslyn45/System.Diagnostics.StackTrace.dll","1.0","2016-06-27T20:50:24Z","fethy.faradji@infopro-digital.com"
"14/09/2026 10:48:29","source/repos/srv_listener_folder/SF_VIEWER_AO_SIM/packages/Microsoft.CodeDom.Providers.DotNetCompilerPlatform.2.0.1/tools/Roslyn45/System.IO.FileSystem.Primitives.dll","1.0","2016-06-27T20:50:24Z","fethy.faradji@infopro-digital.com"
"14/09/2026 10:48:29","source/repos/srv_listener_folder/SF_VIEWER_AO_SIM/packages/Microsoft.CodeDom.Providers.DotNetCompilerPlatform.2.0.1/tools/Roslyn45/System.IO.FileSystem.dll","1.0","2016-06-27T20:50:24Z","fethy.faradji@infopro-digital.com"
"14/09/2026 10:48:33","source/repos/srv_listener_folder/SF_VIEWER_AO_SIM/packages/Microsoft.CodeDom.Providers.DotNetCompilerPlatform.2.0.1/tools/Roslyn45/System.Reflection.Metadata.dll","1.0","2016-06-27T20:50:24Z","fethy.faradji@infopro-digital.com"
"14/09/2026 10:48:34","source/repos/srv_listener_folder/SF_VIEWER_AO_SIM/packages/Microsoft.CodeDom.Providers.DotNetCompilerPlatform.2.0.1/tools/Roslyn45/vbc.exe","1.0","2016-06-27T20:50:24Z","fethy.faradji@infopro-digital.com"
"14/09/2026 10:48:34","source/repos/srv_listener_folder/SF_VIEWER_AO_SIM/packages/Microsoft.CodeDom.Providers.DotNetCompilerPlatform.2.0.1/tools/Roslyn45/vbc.exe.config","1.0","2016-06-27T20:50:24Z","fethy.faradji@infopro-digital.com"
"14/09/2026 10:48:35","source/repos/srv_listener_folder/SF_VIEWER_AO_SIM/packages/Microsoft.CodeDom.Providers.DotNetCompilerPlatform.2.0.1/tools/Roslyn45/vbc.rsp","1.0","2016-06-27T20:50:24Z","fethy.faradji@infopro-digital.com"
"14/09/2026 10:48:38","source/repos/srv_listener_folder/SF_VIEWER_AO_SIM/packages/Microsoft.CodeDom.Providers.DotNetCompilerPlatform.2.0.1/tools/Roslyn45/VBCSCompiler.exe","1.0","2016-06-27T20:50:24Z","fethy.faradji@infopro-digital.com"
"14/09/2026 10:48:39","source/repos/srv_listener_folder/SF_VIEWER_AO_SIM/packages/Microsoft.CodeDom.Providers.DotNetCompilerPlatform.2.0.1/tools/Roslyn45/VBCSCompiler.exe.config","1.0","2016-06-27T20:50:24Z","fethy.faradji@infopro-digital.com"
"14/09/2026 10:48:40","source/repos/srv_listener_folder/SF_VIEWER_AO_SIM/packages/Microsoft.CodeDom.Providers.DotNetCompilerPlatform.2.0.1/tools/RoslynLatest/csc.exe","1.0","2018-08-08T04:38:48Z","fethy.faradji@infopro-digital.com"
"14/09/2026 10:48:41","source/repos/srv_listener_folder/SF_VIEWER_AO_SIM/packages/Microsoft.CodeDom.Providers.DotNetCompilerPlatform.2.0.1/tools/RoslynLatest/csc.exe.config","1.0","2018-08-08T11:18:12Z","fethy.faradji@infopro-digital.com"
"14/09/2026 10:48:43","source/repos/srv_listener_folder/SF_VIEWER_AO_SIM/packages/Microsoft.CodeDom.Providers.DotNetCompilerPlatform.2.0.1/tools/RoslynLatest/csc.rsp","1.0","2018-08-08T11:09:42Z","fethy.faradji@infopro-digital.com"
"14/09/2026 10:48:45","source/repos/srv_listener_folder/SF_VIEWER_AO_SIM/packages/Microsoft.CodeDom.Providers.DotNetCompilerPlatform.2.0.1/tools/RoslynLatest/csi.exe","1.0","2018-08-08T04:38:48Z","fethy.faradji@infopro-digital.com"
"14/09/2026 10:48:47","source/repos/srv_listener_folder/SF_VIEWER_AO_SIM/packages/Microsoft.CodeDom.Providers.DotNetCompilerPlatform.2.0.1/tools/RoslynLatest/csi.exe.config","1.0","2018-08-08T11:18:34Z","fethy.faradji@infopro-digital.com"
"14/09/2026 10:48:47","source/repos/srv_listener_folder/SF_VIEWER_AO_SIM/packages/Microsoft.CodeDom.Providers.DotNetCompilerPlatform.2.0.1/tools/RoslynLatest/csi.rsp","1.0","2018-08-08T11:09:56Z","fethy.faradji@infopro-digital.com"
"14/09/2026 10:48:49","source/repos/srv_listener_folder/SF_VIEWER_AO_SIM/packages/Microsoft.CodeDom.Providers.DotNetCompilerPlatform.2.0.1/tools/RoslynLatest/Microsoft.Build.Tasks.CodeAnalysis.dll","1.0","2018-08-08T04:38:48Z","fethy.faradji@infopro-digital.com"
"14/09/2026 10:48:51","source/repos/srv_listener_folder/SF_VIEWER_AO_SIM/packages/Microsoft.CodeDom.Providers.DotNetCompilerPlatform.2.0.1/tools/RoslynLatest/Microsoft.CodeAnalysis.CSharp.dll","1.0","2018-08-08T04:38:48Z","fethy.faradji@infopro-digital.com"
"14/09/2026 10:48:52","source/repos/srv_listener_folder/SF_VIEWER_AO_SIM/packages/Microsoft.CodeDom.Providers.DotNetCompilerPlatform.2.0.1/tools/RoslynLatest/Microsoft.CodeAnalysis.CSharp.Scripting.dll","1.0","2018-08-08T04:38:48Z","fethy.faradji@infopro-digital.com"
"14/09/2026 10:48:52","source/repos/srv_listener_folder/SF_VIEWER_AO_SIM/packages/Microsoft.CodeDom.Providers.DotNetCompilerPlatform.2.0.1/tools/RoslynLatest/Microsoft.CodeAnalysis.dll","1.0","2018-08-08T04:38:48Z","fethy.faradji@infopro-digital.com"
"14/09/2026 10:48:54","source/repos/srv_listener_folder/SF_VIEWER_AO_SIM/packages/Microsoft.CodeDom.Providers.DotNetCompilerPlatform.2.0.1/tools/RoslynLatest/Microsoft.CodeAnalysis.Scripting.dll","1.0","2018-08-08T04:38:48Z","fethy.faradji@infopro-digital.com"
"14/09/2026 10:48:56","source/repos/srv_listener_folder/SF_VIEWER_AO_SIM/packages/Microsoft.CodeDom.Providers.DotNetCompilerPlatform.2.0.1/tools/RoslynLatest/Microsoft.CodeAnalysis.VisualBasic.dll","1.0","2018-08-08T04:38:48Z","fethy.faradji@infopro-digital.com"
"14/09/2026 10:48:56","source/repos/srv_listener_folder/SF_VIEWER_AO_SIM/packages/Microsoft.CodeDom.Providers.DotNetCompilerPlatform.2.0.1/tools/RoslynLatest/Microsoft.CSharp.Core.targets","1.0","2018-08-08T11:09:42Z","fethy.faradji@infopro-digital.com"
"14/09/2026 10:48:57","source/repos/srv_listener_folder/SF_VIEWER_AO_SIM/packages/Microsoft.CodeDom.Providers.DotNetCompilerPlatform.2.0.1/tools/RoslynLatest/Microsoft.DiaSymReader.Native.amd64.dll","1.0","2017-12-05T08:36:44Z","fethy.faradji@infopro-digital.com"
"14/09/2026 10:48:58","source/repos/srv_listener_folder/SF_VIEWER_AO_SIM/packages/Microsoft.CodeDom.Providers.DotNetCompilerPlatform.2.0.1/tools/RoslynLatest/Microsoft.DiaSymReader.Native.x86.dll","1.0","2017-12-05T08:36:44Z","fethy.faradji@infopro-digital.com"
"14/09/2026 10:49:01","source/repos/srv_listener_folder/SF_VIEWER_AO_SIM/packages/Microsoft.CodeDom.Providers.DotNetCompilerPlatform.2.0.1/tools/RoslynLatest/Microsoft.Managed.Core.targets","1.0","2018-08-08T11:09:42Z","fethy.faradji@infopro-digital.com"
"14/09/2026 10:49:01","source/repos/srv_listener_folder/SF_VIEWER_AO_SIM/packages/Microsoft.CodeDom.Providers.DotNetCompilerPlatform.2.0.1/tools/RoslynLatest/Microsoft.VisualBasic.Core.targets","1.0","2018-08-08T11:09:42Z","fethy.faradji@infopro-digital.com"
"14/09/2026 10:49:02","source/repos/srv_listener_folder/SF_VIEWER_AO_SIM/packages/Microsoft.CodeDom.Providers.DotNetCompilerPlatform.2.0.1/tools/RoslynLatest/Microsoft.Win32.Primitives.dll","1.0","2016-11-05T17:55:32Z","fethy.faradji@infopro-digital.com"
"14/09/2026 10:49:04","source/repos/srv_listener_folder/SF_VIEWER_AO_SIM/packages/Microsoft.CodeDom.Providers.DotNetCompilerPlatform.2.0.1/tools/RoslynLatest/System.AppContext.dll","1.0","2016-11-05T17:55:34Z","fethy.faradji@infopro-digital.com"
"14/09/2026 10:49:06","source/repos/srv_listener_folder/SF_VIEWER_AO_SIM/packages/Microsoft.CodeDom.Providers.DotNetCompilerPlatform.2.0.1/tools/RoslynLatest/System.Collections.Immutable.dll","1.0","2018-05-16T02:29:34Z","fethy.faradji@infopro-digital.com"
"14/09/2026 10:49:06","source/repos/srv_listener_folder/SF_VIEWER_AO_SIM/packages/Microsoft.CodeDom.Providers.DotNetCompilerPlatform.2.0.1/tools/RoslynLatest/System.Console.dll","1.0","2016-11-05T17:55:48Z","fethy.faradji@infopro-digital.com"
"14/09/2026 10:49:08","source/repos/srv_listener_folder/SF_VIEWER_AO_SIM/packages/Microsoft.CodeDom.Providers.DotNetCompilerPlatform.2.0.1/tools/RoslynLatest/System.Diagnostics.DiagnosticSource.dll","1.0","2016-11-05T17:55:52Z","fethy.faradji@infopro-digital.com"
"14/09/2026 10:49:09","source/repos/srv_listener_folder/SF_VIEWER_AO_SIM/packages/Microsoft.CodeDom.Providers.DotNetCompilerPlatform.2.0.1/tools/RoslynLatest/System.Diagnostics.FileVersionInfo.dll","1.0","2016-11-05T17:55:56Z","fethy.faradji@infopro-digital.com"
"14/09/2026 10:49:11","source/repos/srv_listener_folder/SF_VIEWER_AO_SIM/packages/Microsoft.CodeDom.Providers.DotNetCompilerPlatform.2.0.1/tools/RoslynLatest/System.Diagnostics.StackTrace.dll","1.0","2016-11-05T17:55:52Z","fethy.faradji@infopro-digital.com"
"14/09/2026 10:49:11","source/repos/srv_listener_folder/SF_VIEWER_AO_SIM/packages/Microsoft.CodeDom.Providers.DotNetCompilerPlatform.2.0.1/tools/RoslynLatest/System.Globalization.Calendars.dll","1.0","2016-11-05T17:56:02Z","fethy.faradji@infopro-digital.com"
"14/09/2026 10:49:12","source/repos/srv_listener_folder/SF_VIEWER_AO_SIM/packages/Microsoft.CodeDom.Providers.DotNetCompilerPlatform.2.0.1/tools/RoslynLatest/System.IO.Compression.dll","1.0","2016-11-05T17:56:08Z","fethy.faradji@infopro-digital.com"
"14/09/2026 10:49:14","source/repos/srv_listener_folder/SF_VIEWER_AO_SIM/packages/Microsoft.CodeDom.Providers.DotNetCompilerPlatform.2.0.1/tools/RoslynLatest/System.IO.Compression.ZipFile.dll","1.0","2016-11-05T17:56:04Z","fethy.faradji@infopro-digital.com"
"14/09/2026 10:49:15","source/repos/srv_listener_folder/SF_VIEWER_AO_SIM/packages/Microsoft.CodeDom.Providers.DotNetCompilerPlatform.2.0.1/tools/RoslynLatest/System.IO.FileSystem.dll","1.0","2016-11-05T17:56:08Z","fethy.faradji@infopro-digital.com"
"14/09/2026 10:49:16","source/repos/srv_listener_folder/SF_VIEWER_AO_SIM/packages/Microsoft.CodeDom.Providers.DotNetCompilerPlatform.2.0.1/tools/RoslynLatest/System.IO.FileSystem.Primitives.dll","1.0","2016-11-05T17:56:08Z","fethy.faradji@infopro-digital.com"
"14/09/2026 10:49:17","source/repos/srv_listener_folder/SF_VIEWER_AO_SIM/packages/Microsoft.CodeDom.Providers.DotNetCompilerPlatform.2.0.1/tools/RoslynLatest/System.Net.Http.dll","1.0","2016-11-05T17:56:30Z","fethy.faradji@infopro-digital.com"
"14/09/2026 10:49:18","source/repos/srv_listener_folder/SF_VIEWER_AO_SIM/packages/Microsoft.CodeDom.Providers.DotNetCompilerPlatform.2.0.1/tools/RoslynLatest/System.Net.Sockets.dll","1.0","2016-11-05T17:56:34Z","fethy.faradji@infopro-digital.com"
"14/09/2026 10:49:20","source/repos/srv_listener_folder/SF_VIEWER_AO_SIM/packages/Microsoft.CodeDom.Providers.DotNetCompilerPlatform.2.0.1/tools/RoslynLatest/System.Reflection.Metadata.dll","1.0","2018-05-16T02:29:44Z","fethy.faradji@infopro-digital.com"
"14/09/2026 10:49:20","source/repos/srv_listener_folder/SF_VIEWER_AO_SIM/packages/Microsoft.CodeDom.Providers.DotNetCompilerPlatform.2.0.1/tools/RoslynLatest/System.Runtime.InteropServices.RuntimeInformation.dll","1.0","2016-11-05T17:57:00Z","fethy.faradji@infopro-digital.com"
"14/09/2026 10:49:22","source/repos/srv_listener_folder/SF_VIEWER_AO_SIM/packages/Microsoft.CodeDom.Providers.DotNetCompilerPlatform.2.0.1/tools/RoslynLatest/System.Security.Cryptography.Algorithms.dll","1.0","2016-11-05T17:57:14Z","fethy.faradji@infopro-digital.com"
"14/09/2026 10:49:23","source/repos/srv_listener_folder/SF_VIEWER_AO_SIM/packages/Microsoft.CodeDom.Providers.DotNetCompilerPlatform.2.0.1/tools/RoslynLatest/System.Security.Cryptography.Encoding.dll","1.0","2016-11-05T17:57:08Z","fethy.faradji@infopro-digital.com"
"14/09/2026 10:49:25","source/repos/srv_listener_folder/SF_VIEWER_AO_SIM/packages/Microsoft.CodeDom.Providers.DotNetCompilerPlatform.2.0.1/tools/RoslynLatest/System.Security.Cryptography.Primitives.dll","1.0","2016-11-05T17:57:18Z","fethy.faradji@infopro-digital.com"
"14/09/2026 10:49:26","source/repos/srv_listener_folder/SF_VIEWER_AO_SIM/packages/Microsoft.CodeDom.Providers.DotNetCompilerPlatform.2.0.1/tools/RoslynLatest/System.Security.Cryptography.X509Certificates.dll","1.0","2016-11-05T17:57:18Z","fethy.faradji@infopro-digital.com"
"14/09/2026 10:49:27","source/repos/srv_listener_folder/SF_VIEWER_AO_SIM/packages/Microsoft.CodeDom.Providers.DotNetCompilerPlatform.2.0.1/tools/RoslynLatest/System.Text.Encoding.CodePages.dll","1.0","2016-11-05T17:57:20Z","fethy.faradji@infopro-digital.com"
"14/09/2026 10:49:28","source/repos/srv_listener_folder/SF_VIEWER_AO_SIM/packages/Microsoft.CodeDom.Providers.DotNetCompilerPlatform.2.0.1/tools/RoslynLatest/System.Threading.Tasks.Extensions.dll","1.0","2016-11-05T17:57:24Z","fethy.faradji@infopro-digital.com"
"14/09/2026 10:49:29","source/repos/srv_listener_folder/SF_VIEWER_AO_SIM/packages/Microsoft.CodeDom.Providers.DotNetCompilerPlatform.2.0.1/tools/RoslynLatest/System.ValueTuple.dll","1.0","2016-11-05T17:57:30Z","fethy.faradji@infopro-digital.com"
"14/09/2026 10:49:31","source/repos/srv_listener_folder/SF_VIEWER_AO_SIM/packages/Microsoft.CodeDom.Providers.DotNetCompilerPlatform.2.0.1/tools/RoslynLatest/System.Xml.ReaderWriter.dll","1.0","2016-11-05T17:57:36Z","fethy.faradji@infopro-digital.com"
"14/09/2026 10:49:32","source/repos/srv_listener_folder/SF_VIEWER_AO_SIM/packages/Microsoft.CodeDom.Providers.DotNetCompilerPlatform.2.0.1/tools/RoslynLatest/System.Xml.XmlDocument.dll","1.0","2016-11-05T17:57:34Z","fethy.faradji@infopro-digital.com"
"14/09/2026 10:49:32","source/repos/srv_listener_folder/SF_VIEWER_AO_SIM/packages/Microsoft.CodeDom.Providers.DotNetCompilerPlatform.2.0.1/tools/RoslynLatest/System.Xml.XPath.dll","1.0","2016-11-05T17:57:40Z","fethy.faradji@infopro-digital.com"
"14/09/2026 10:49:34","source/repos/srv_listener_folder/SF_VIEWER_AO_SIM/packages/Microsoft.CodeDom.Providers.DotNetCompilerPlatform.2.0.1/tools/RoslynLatest/System.Xml.XPath.XDocument.dll","1.0","2016-11-05T17:57:34Z","fethy.faradji@infopro-digital.com"
"14/09/2026 10:49:36","source/repos/srv_listener_folder/SF_VIEWER_AO_SIM/packages/Microsoft.CodeDom.Providers.DotNetCompilerPlatform.2.0.1/tools/RoslynLatest/vbc.exe","1.0","2018-08-08T04:38:48Z","fethy.faradji@infopro-digital.com"
"14/09/2026 10:49:37","source/repos/srv_listener_folder/SF_VIEWER_AO_SIM/packages/Microsoft.CodeDom.Providers.DotNetCompilerPlatform.2.0.1/tools/RoslynLatest/vbc.exe.config","1.0","2018-08-08T11:18:18Z","fethy.faradji@infopro-digital.com"
"14/09/2026 10:49:37","source/repos/srv_listener_folder/SF_VIEWER_AO_SIM/packages/Microsoft.CodeDom.Providers.DotNetCompilerPlatform.2.0.1/tools/RoslynLatest/vbc.rsp","1.0","2018-08-08T11:09:46Z","fethy.faradji@infopro-digital.com"
"14/09/2026 10:49:38","source/repos/srv_listener_folder/SF_VIEWER_AO_SIM/packages/Microsoft.CodeDom.Providers.DotNetCompilerPlatform.2.0.1/tools/RoslynLatest/VBCSCompiler.exe","1.0","2018-08-08T04:38:48Z","fethy.faradji@infopro-digital.com"
"14/09/2026 10:49:40","source/repos/srv_listener_folder/SF_VIEWER_AO_SIM/packages/Microsoft.CodeDom.Providers.DotNetCompilerPlatform.2.0.1/tools/RoslynLatest/VBCSCompiler.exe.config","1.0","2018-08-08T11:18:16Z","fethy.faradji@infopro-digital.com"
"14/09/2026 10:49:41","source/repos/srv_listener_folder/SF_VIEWER_AO_SIM/packages/Microsoft.CodeDom.Providers.DotNetCompilerPlatform.2.0.1/.signature.p7s","1.0","2018-12-17T15:01:52Z","fethy.faradji@infopro-digital.com"
"14/09/2026 10:49:41","source/repos/srv_listener_folder/SF_VIEWER_AO_SIM/packages/Microsoft.CodeDom.Providers.DotNetCompilerPlatform.2.0.1/Microsoft.CodeDom.Providers.DotNetCompilerPlatform.2.0.1.nupkg","1.0","2023-02-09T10:06:36Z","fethy.faradji@infopro-digital.com"
"14/09/2026 10:49:45","source/repos/srv_listener_folder/SF_VIEWER_AO_SIM/packages/Microsoft.Web.Infrastructure.1.0.0.0/lib/net40/Microsoft.Web.Infrastructure.dll","1.0","2012-07-25T10:48:56Z","fethy.faradji@infopro-digital.com"
"14/09/2026 10:49:45","source/repos/srv_listener_folder/SF_VIEWER_AO_SIM/packages/Microsoft.Web.Infrastructure.1.0.0.0/.signature.p7s","1.0","2018-12-13T17:30:10Z","fethy.faradji@infopro-digital.com"
"14/09/2026 10:49:46","source/repos/srv_listener_folder/SF_VIEWER_AO_SIM/packages/Microsoft.Web.Infrastructure.1.0.0.0/Microsoft.Web.Infrastructure.1.0.0.0.nupkg","1.0","2023-02-09T10:06:29Z","fethy.faradji@infopro-digital.com"
"14/09/2026 10:49:49","source/repos/srv_listener_folder/SF_VIEWER_AO_SIM/packages/Modernizr.2.8.3/Content/Scripts/modernizr-2.8.3.js","1.0","2014-08-19T20:50:30Z","fethy.faradji@infopro-digital.com"
"14/09/2026 10:49:50","source/repos/srv_listener_folder/SF_VIEWER_AO_SIM/packages/Modernizr.2.8.3/Tools/common.ps1","1.0","2014-08-19T20:50:30Z","fethy.faradji@infopro-digital.com"
"14/09/2026 10:49:50","source/repos/srv_listener_folder/SF_VIEWER_AO_SIM/packages/Modernizr.2.8.3/Tools/install.ps1","1.0","2014-08-19T20:50:30Z","fethy.faradji@infopro-digital.com"
"14/09/2026 10:49:51","source/repos/srv_listener_folder/SF_VIEWER_AO_SIM/packages/Modernizr.2.8.3/Tools/uninstall.ps1","1.0","2014-08-19T20:50:30Z","fethy.faradji@infopro-digital.com"
"14/09/2026 10:49:53","source/repos/srv_listener_folder/SF_VIEWER_AO_SIM/packages/Modernizr.2.8.3/.signature.p7s","1.0","2018-10-14T20:04:42Z","fethy.faradji@infopro-digital.com"
"14/09/2026 10:49:54","source/repos/srv_listener_folder/SF_VIEWER_AO_SIM/packages/Modernizr.2.8.3/Modernizr.2.8.3.nupkg","1.0","2023-02-09T10:06:30Z","fethy.faradji@infopro-digital.com"
"14/09/2026 10:49:57","source/repos/srv_listener_folder/SF_VIEWER_AO_SIM/packages/Newtonsoft.Json.12.0.2/lib/net20/Newtonsoft.Json.dll","1.0","2019-04-22T00:06:16Z","fethy.faradji@infopro-digital.com"
"14/09/2026 10:49:57","source/repos/srv_listener_folder/SF_VIEWER_AO_SIM/packages/Newtonsoft.Json.12.0.2/lib/net20/Newtonsoft.Json.xml","1.0","2019-04-21T23:57:38Z","fethy.faradji@infopro-digital.com"
"14/09/2026 10:49:58","source/repos/srv_listener_folder/SF_VIEWER_AO_SIM/packages/Newtonsoft.Json.12.0.2/lib/net35/Newtonsoft.Json.dll","1.0","2019-04-22T00:06:16Z","fethy.faradji@infopro-digital.com"
"14/09/2026 10:50:00","source/repos/srv_listener_folder/SF_VIEWER_AO_SIM/packages/Newtonsoft.Json.12.0.2/lib/net35/Newtonsoft.Json.xml","1.0","2019-04-21T23:57:36Z","fethy.faradji@infopro-digital.com"
"14/09/2026 10:50:02","source/repos/srv_listener_folder/SF_VIEWER_AO_SIM/packages/Newtonsoft.Json.12.0.2/lib/net40/Newtonsoft.Json.xml","1.0","2019-04-21T23:57:26Z","fethy.faradji@infopro-digital.com"
"14/09/2026 10:50:02","source/repos/srv_listener_folder/SF_VIEWER_AO_SIM/packages/Newtonsoft.Json.12.0.2/lib/net40/Newtonsoft.Json.dll","1.0","2019-04-22T00:06:16Z","fethy.faradji@infopro-digital.com"
"14/09/2026 10:50:03","source/repos/srv_listener_folder/SF_VIEWER_AO_SIM/packages/Newtonsoft.Json.12.0.2/lib/net45/Newtonsoft.Json.dll","1.0","2019-04-22T00:06:16Z","fethy.faradji@infopro-digital.com"
"14/09/2026 10:50:04","source/repos/srv_listener_folder/SF_VIEWER_AO_SIM/packages/Newtonsoft.Json.12.0.2/lib/net45/Newtonsoft.Json.xml","1.0","2019-04-21T23:57:26Z","fethy.faradji@infopro-digital.com"
"14/09/2026 10:50:07","source/repos/srv_listener_folder/SF_VIEWER_AO_SIM/packages/Newtonsoft.Json.12.0.2/lib/netstandard1.0/Newtonsoft.Json.dll","1.0","2019-04-22T00:06:16Z","fethy.faradji@infopro-digital.com"
"14/09/2026 10:50:08","source/repos/srv_listener_folder/SF_VIEWER_AO_SIM/packages/Newtonsoft.Json.12.0.2/lib/netstandard1.0/Newtonsoft.Json.xml","1.0","2019-04-21T23:57:20Z","fethy.faradji@infopro-digital.com"
"14/09/2026 10:50:09","source/repos/srv_listener_folder/SF_VIEWER_AO_SIM/packages/Newtonsoft.Json.12.0.2/lib/netstandard1.3/Newtonsoft.Json.xml","1.0","2019-04-21T23:57:18Z","fethy.faradji@infopro-digital.com"
"14/09/2026 10:50:09","source/repos/srv_listener_folder/SF_VIEWER_AO_SIM/packages/Newtonsoft.Json.12.0.2/lib/netstandard1.3/Newtonsoft.Json.dll","1.0","2019-04-22T00:06:16Z","fethy.faradji@infopro-digital.com"
"14/09/2026 10:50:12","source/repos/srv_listener_folder/SF_VIEWER_AO_SIM/packages/Newtonsoft.Json.12.0.2/lib/netstandard2.0/Newtonsoft.Json.dll","1.0","2019-04-22T00:06:16Z","fethy.faradji@infopro-digital.com"
"14/09/2026 10:50:13","source/repos/srv_listener_folder/SF_VIEWER_AO_SIM/packages/Newtonsoft.Json.12.0.2/lib/netstandard2.0/Newtonsoft.Json.xml","1.0","2019-04-21T23:57:16Z","fethy.faradji@infopro-digital.com"
"14/09/2026 10:50:13","source/repos/srv_listener_folder/SF_VIEWER_AO_SIM/packages/Newtonsoft.Json.12.0.2/lib/portable-net40+sl5+win8+wp8+wpa81/Newtonsoft.Json.dll","1.0","2019-04-22T00:06:16Z","fethy.faradji@infopro-digital.com"
"14/09/2026 10:50:14","source/repos/srv_listener_folder/SF_VIEWER_AO_SIM/packages/Newtonsoft.Json.12.0.2/lib/portable-net40+sl5+win8+wp8+wpa81/Newtonsoft.Json.xml","1.0","2019-04-21T23:57:42Z","fethy.faradji@infopro-digital.com"
"14/09/2026 10:50:17","source/repos/srv_listener_folder/SF_VIEWER_AO_SIM/packages/Newtonsoft.Json.12.0.2/lib/portable-net45+win8+wp8+wpa81/Newtonsoft.Json.dll","1.0","2019-04-22T00:06:16Z","fethy.faradji@infopro-digital.com"
"14/09/2026 10:50:18","source/repos/srv_listener_folder/SF_VIEWER_AO_SIM/packages/Newtonsoft.Json.12.0.2/lib/portable-net45+win8+wp8+wpa81/Newtonsoft.Json.xml","1.0","2019-04-21T23:57:44Z","fethy.faradji@infopro-digital.com"
"14/09/2026 10:50:18","source/repos/srv_listener_folder/SF_VIEWER_AO_SIM/packages/Newtonsoft.Json.12.0.2/LICENSE.md","1.0","2019-04-21T23:53:56Z","fethy.faradji@infopro-digital.com"
"14/09/2026 10:50:19","source/repos/srv_listener_folder/SF_VIEWER_AO_SIM/packages/Newtonsoft.Json.12.0.2/.signature.p7s","1.0","2019-04-21T17:23:10Z","fethy.faradji@infopro-digital.com"
"14/09/2026 10:50:22","source/repos/srv_listener_folder/SF_VIEWER_AO_SIM/packages/Newtonsoft.Json.12.0.2/Newtonsoft.Json.12.0.2.nupkg","1.0","2023-02-09T10:06:29Z","fethy.faradji@infopro-digital.com"
"14/09/2026 10:50:24","source/repos/srv_listener_folder/SF_VIEWER_AO_SIM/packages/Oracle.ManagedDataAccess.21.9.0/bin/x86/Oracle.ManagedDataAccessIOP.dll","1.0","2023-01-11T01:10:14Z","fethy.faradji@infopro-digital.com"
"14/09/2026 10:50:25","source/repos/srv_listener_folder/SF_VIEWER_AO_SIM/packages/Oracle.ManagedDataAccess.21.9.0/content/net462/App.config.install.xdt","1.0","2023-01-11T01:23:08Z","fethy.faradji@infopro-digital.com"
"14/09/2026 10:50:27","source/repos/srv_listener_folder/SF_VIEWER_AO_SIM/packages/Oracle.ManagedDataAccess.21.9.0/bin/x64/Oracle.ManagedDataAccessIOP.dll","1.0","2023-01-11T01:10:06Z","fethy.faradji@infopro-digital.com"
"14/09/2026 10:50:29","source/repos/srv_listener_folder/SF_VIEWER_AO_SIM/packages/Oracle.ManagedDataAccess.21.9.0/content/net462/App.config.transform","1.0","2019-11-15T07:24:50Z","fethy.faradji@infopro-digital.com"
"14/09/2026 10:50:30","source/repos/srv_listener_folder/SF_VIEWER_AO_SIM/packages/Oracle.ManagedDataAccess.21.9.0/content/net462/Oracle.DataAccess.Common.Configuration.Section.xsd","1.0","2015-12-11T02:33:36Z","fethy.faradji@infopro-digital.com"
"14/09/2026 10:50:30","source/repos/srv_listener_folder/SF_VIEWER_AO_SIM/packages/Oracle.ManagedDataAccess.21.9.0/content/net462/App.config.uninstall.xdt","1.0","2020-08-27T01:34:06Z","fethy.faradji@infopro-digital.com"
"14/09/2026 10:50:30","source/repos/srv_listener_folder/SF_VIEWER_AO_SIM/packages/Oracle.ManagedDataAccess.21.9.0/content/net462/Oracle.ManagedDataAccess.Client.Configuration.Section.xsd","1.0","2018-10-19T00:50:30Z","fethy.faradji@infopro-digital.com"
"14/09/2026 10:50:33","source/repos/srv_listener_folder/SF_VIEWER_AO_SIM/packages/Oracle.ManagedDataAccess.21.9.0/content/net462/Web.config.install.xdt","1.0","2023-01-11T01:23:08Z","fethy.faradji@infopro-digital.com"
"14/09/2026 10:50:34","source/repos/srv_listener_folder/SF_VIEWER_AO_SIM/packages/Oracle.ManagedDataAccess.21.9.0/content/net462/Web.config.transform","1.0","2019-11-15T07:24:50Z","fethy.faradji@infopro-digital.com"
"14/09/2026 10:50:35","source/repos/srv_listener_folder/SF_VIEWER_AO_SIM/packages/Oracle.ManagedDataAccess.21.9.0/content/net462/Web.config.uninstall.xdt","1.0","2020-08-27T01:34:06Z","fethy.faradji@infopro-digital.com"
"14/09/2026 10:50:36","source/repos/srv_listener_folder/SF_VIEWER_AO_SIM/packages/Oracle.ManagedDataAccess.21.9.0/lib/net462/Oracle.ManagedDataAccess.dll","1.0","2023-01-11T01:09:58Z","fethy.faradji@infopro-digital.com"
"14/09/2026 10:50:39","source/repos/srv_listener_folder/SF_VIEWER_AO_SIM/packages/Oracle.ManagedDataAccess.21.9.0/PerfCounters/register_odpm_perfmon_counters.ps1","1.0","2019-02-28T23:16:52Z","fethy.faradji@infopro-digital.com"
"14/09/2026 10:50:39","source/repos/srv_listener_folder/SF_VIEWER_AO_SIM/packages/Oracle.ManagedDataAccess.21.9.0/PerfCounters/unregister_odpm_perfmon_counters.ps1","1.0","2019-02-28T23:16:52Z","fethy.faradji@infopro-digital.com"
"14/09/2026 10:50:40","source/repos/srv_listener_folder/SF_VIEWER_AO_SIM/packages/Oracle.ManagedDataAccess.21.9.0/.signature.p7s","1.0","2023-01-18T16:48:30Z","fethy.faradji@infopro-digital.com"
"14/09/2026 10:50:42","source/repos/srv_listener_folder/SF_VIEWER_AO_SIM/packages/Oracle.ManagedDataAccess.21.9.0/info.txt","1.0","2021-06-17T23:35:48Z","fethy.faradji@infopro-digital.com"
"14/09/2026 10:50:43","source/repos/srv_listener_folder/SF_VIEWER_AO_SIM/packages/Oracle.ManagedDataAccess.21.9.0/LICENSE.txt","1.0","2022-07-27T22:57:10Z","fethy.faradji@infopro-digital.com"
"14/09/2026 10:50:44","source/repos/srv_listener_folder/SF_VIEWER_AO_SIM/packages/Oracle.ManagedDataAccess.21.9.0/Oracle.ManagedDataAccess.21.9.0.nupkg","1.0","2023-02-09T10:13:25Z","fethy.faradji@infopro-digital.com"
"14/09/2026 10:50:45","source/repos/srv_listener_folder/SF_VIEWER_AO_SIM/packages/Oracle.ManagedDataAccess.21.9.0/readme.txt","1.0","2023-01-11T01:23:08Z","fethy.faradji@infopro-digital.com"
"14/09/2026 10:50:48","source/repos/srv_listener_folder/SF_VIEWER_AO_SIM/packages/System.Buffers.4.5.1/lib/net461/System.Buffers.dll","1.0","2020-02-19T10:05:18Z","fethy.faradji@infopro-digital.com"
"14/09/2026 10:50:48","source/repos/srv_listener_folder/SF_VIEWER_AO_SIM/packages/System.Buffers.4.5.1/lib/net461/System.Buffers.xml","1.0","2020-02-19T10:05:18Z","fethy.faradji@infopro-digital.com"
"14/09/2026 10:50:49","source/repos/srv_listener_folder/SF_VIEWER_AO_SIM/packages/System.Buffers.4.5.1/lib/netcoreapp2.0/_._","1.0","2020-02-19T10:05:18Z","fethy.faradji@infopro-digital.com"
"14/09/2026 10:50:49","source/repos/srv_listener_folder/SF_VIEWER_AO_SIM/packages/System.Buffers.4.5.1/lib/netstandard1.1/System.Buffers.dll","1.0","2020-02-19T10:05:18Z","fethy.faradji@infopro-digital.com"
"14/09/2026 10:50:53","source/repos/srv_listener_folder/SF_VIEWER_AO_SIM/packages/System.Buffers.4.5.1/lib/netstandard1.1/System.Buffers.xml","1.0","2020-02-19T10:05:18Z","fethy.faradji@infopro-digital.com"
"14/09/2026 10:50:54","source/repos/srv_listener_folder/SF_VIEWER_AO_SIM/packages/System.Buffers.4.5.1/lib/netstandard2.0/System.Buffers.xml","1.0","2020-02-19T10:05:18Z","fethy.faradji@infopro-digital.com"
"14/09/2026 10:50:54","source/repos/srv_listener_folder/SF_VIEWER_AO_SIM/packages/System.Buffers.4.5.1/lib/netstandard2.0/System.Buffers.dll","1.0","2020-02-19T10:05:18Z","fethy.faradji@infopro-digital.com"
"14/09/2026 10:50:55","source/repos/srv_listener_folder/SF_VIEWER_AO_SIM/packages/System.Buffers.4.5.1/lib/uap10.0.16299/_._","1.0","2020-02-19T10:05:18Z","fethy.faradji@infopro-digital.com"
"14/09/2026 10:50:59","source/repos/srv_listener_folder/SF_VIEWER_AO_SIM/packages/System.Buffers.4.5.1/ref/net45/System.Buffers.xml","1.0","2020-02-19T10:05:18Z","fethy.faradji@infopro-digital.com"
"14/09/2026 10:50:59","source/repos/srv_listener_folder/SF_VIEWER_AO_SIM/packages/System.Buffers.4.5.1/ref/net45/System.Buffers.dll","1.0","2020-02-19T10:05:18Z","fethy.faradji@infopro-digital.com"
"14/09/2026 10:51:00","source/repos/srv_listener_folder/SF_VIEWER_AO_SIM/packages/System.Buffers.4.5.1/ref/netcoreapp2.0/_._","1.0","2020-02-19T10:05:18Z","fethy.faradji@infopro-digital.com"
"14/09/2026 10:51:00","source/repos/srv_listener_folder/SF_VIEWER_AO_SIM/packages/System.Buffers.4.5.1/ref/netstandard1.1/System.Buffers.dll","1.0","2020-02-19T10:05:18Z","fethy.faradji@infopro-digital.com"
"14/09/2026 10:51:03","source/repos/srv_listener_folder/SF_VIEWER_AO_SIM/packages/System.Buffers.4.5.1/ref/netstandard1.1/System.Buffers.xml","1.0","2020-02-19T10:05:18Z","fethy.faradji@infopro-digital.com"
"14/09/2026 10:51:04","source/repos/srv_listener_folder/SF_VIEWER_AO_SIM/packages/System.Buffers.4.5.1/ref/netstandard2.0/System.Buffers.dll","1.0","2020-02-19T10:05:18Z","fethy.faradji@infopro-digital.com"
"14/09/2026 10:51:05","source/repos/srv_listener_folder/SF_VIEWER_AO_SIM/packages/System.Buffers.4.5.1/ref/netstandard2.0/System.Buffers.xml","1.0","2020-02-19T10:05:18Z","fethy.faradji@infopro-digital.com"
"14/09/2026 10:51:05","source/repos/srv_listener_folder/SF_VIEWER_AO_SIM/packages/System.Buffers.4.5.1/ref/uap10.0.16299/_._","1.0","2020-02-19T10:05:18Z","fethy.faradji@infopro-digital.com"
"14/09/2026 10:51:09","source/repos/srv_listener_folder/SF_VIEWER_AO_SIM/packages/System.Buffers.4.5.1/LICENSE.TXT","1.0","2020-02-19T10:05:18Z","fethy.faradji@infopro-digital.com"
"14/09/2026 10:51:10","source/repos/srv_listener_folder/SF_VIEWER_AO_SIM/packages/System.Buffers.4.5.1/.signature.p7s","1.0","2020-03-24T13:10:12Z","fethy.faradji@infopro-digital.com"
"14/09/2026 10:51:10","source/repos/srv_listener_folder/SF_VIEWER_AO_SIM/packages/System.Buffers.4.5.1/System.Buffers.4.5.1.nupkg","1.0","2023-02-09T10:13:21Z","fethy.faradji@infopro-digital.com"
"14/09/2026 10:51:11","source/repos/srv_listener_folder/SF_VIEWER_AO_SIM/packages/System.Buffers.4.5.1/THIRD-PARTY-NOTICES.TXT","1.0","2020-02-19T10:05:18Z","fethy.faradji@infopro-digital.com"
"14/09/2026 10:51:13","source/repos/srv_listener_folder/SF_VIEWER_AO_SIM/packages/System.Buffers.4.5.1/useSharedDesignerContext.txt","1.0","2020-02-19T10:05:18Z","fethy.faradji@infopro-digital.com"
"14/09/2026 10:51:15","source/repos/srv_listener_folder/SF_VIEWER_AO_SIM/packages/System.Buffers.4.5.1/version.txt","1.0","2020-02-19T10:05:18Z","fethy.faradji@infopro-digital.com"
"14/09/2026 10:51:17","source/repos/srv_listener_folder/SF_VIEWER_AO_SIM/packages/System.Memory.4.5.4/lib/net461/System.Memory.xml","1.0","2020-02-19T10:05:18Z","fethy.faradji@infopro-digital.com"
"14/09/2026 10:51:17","source/repos/srv_listener_folder/SF_VIEWER_AO_SIM/packages/System.Memory.4.5.4/lib/net461/System.Memory.dll","1.0","2020-02-19T10:05:18Z","fethy.faradji@infopro-digital.com"
"14/09/2026 10:51:19","source/repos/srv_listener_folder/SF_VIEWER_AO_SIM/packages/System.Memory.4.5.4/lib/netcoreapp2.1/_._","1.0","2020-02-19T10:05:18Z","fethy.faradji@infopro-digital.com"
"14/09/2026 10:51:20","source/repos/srv_listener_folder/SF_VIEWER_AO_SIM/packages/System.Memory.4.5.4/lib/netstandard1.1/System.Memory.dll","1.0","2020-02-19T10:05:18Z","fethy.faradji@infopro-digital.com"
"14/09/2026 10:51:22","source/repos/srv_listener_folder/SF_VIEWER_AO_SIM/packages/System.Memory.4.5.4/lib/netstandard1.1/System.Memory.xml","1.0","2020-02-19T10:05:18Z","fethy.faradji@infopro-digital.com"
"14/09/2026 10:51:23","source/repos/srv_listener_folder/SF_VIEWER_AO_SIM/packages/System.Memory.4.5.4/lib/netstandard2.0/System.Memory.dll","1.0","2020-02-19T10:05:18Z","fethy.faradji@infopro-digital.com"
"14/09/2026 10:51:24","source/repos/srv_listener_folder/SF_VIEWER_AO_SIM/packages/System.Memory.4.5.4/lib/netstandard2.0/System.Memory.xml","1.0","2020-02-19T10:05:18Z","fethy.faradji@infopro-digital.com"
"14/09/2026 10:51:25","source/repos/srv_listener_folder/SF_VIEWER_AO_SIM/packages/System.Memory.4.5.4/ref/netcoreapp2.1/_._","1.0","2020-02-19T10:05:18Z","fethy.faradji@infopro-digital.com"
"14/09/2026 10:51:28","source/repos/srv_listener_folder/SF_VIEWER_AO_SIM/packages/System.Memory.4.5.4/.signature.p7s","1.0","2020-03-24T13:10:20Z","fethy.faradji@infopro-digital.com"
"14/09/2026 10:51:29","source/repos/srv_listener_folder/SF_VIEWER_AO_SIM/packages/System.Memory.4.5.4/System.Memory.4.5.4.nupkg","1.0","2023-02-09T10:13:23Z","fethy.faradji@infopro-digital.com"
"14/09/2026 10:51:29","source/repos/srv_listener_folder/SF_VIEWER_AO_SIM/packages/System.Memory.4.5.4/LICENSE.TXT","1.0","2020-02-19T10:05:18Z","fethy.faradji@infopro-digital.com"
"14/09/2026 10:51:30","source/repos/srv_listener_folder/SF_VIEWER_AO_SIM/packages/System.Memory.4.5.4/THIRD-PARTY-NOTICES.TXT","1.0","2020-02-19T10:05:18Z","fethy.faradji@infopro-digital.com"
"14/09/2026 10:51:32","source/repos/srv_listener_folder/SF_VIEWER_AO_SIM/packages/System.Memory.4.5.4/useSharedDesignerContext.txt","1.0","2020-02-19T10:05:18Z","fethy.faradji@infopro-digital.com"
"14/09/2026 10:51:33","source/repos/srv_listener_folder/SF_VIEWER_AO_SIM/packages/System.Memory.4.5.4/version.txt","1.0","2020-02-19T10:05:18Z","fethy.faradji@infopro-digital.com"
"14/09/2026 10:51:35","source/repos/srv_listener_folder/SF_VIEWER_AO_SIM/packages/System.Numerics.Vectors.4.5.0/lib/MonoAndroid10/_._","1.0","2018-05-15T13:29:44Z","fethy.faradji@infopro-digital.com"
"14/09/2026 10:51:37","source/repos/srv_listener_folder/SF_VIEWER_AO_SIM/packages/System.Numerics.Vectors.4.5.0/lib/MonoTouch10/_._","1.0","2018-05-15T13:29:44Z","fethy.faradji@infopro-digital.com"
"14/09/2026 10:51:37","source/repos/srv_listener_folder/SF_VIEWER_AO_SIM/packages/System.Numerics.Vectors.4.5.0/lib/net46/System.Numerics.Vectors.dll","1.0","2018-05-15T13:29:44Z","fethy.faradji@infopro-digital.com"
"14/09/2026 10:51:38","source/repos/srv_listener_folder/SF_VIEWER_AO_SIM/packages/System.Numerics.Vectors.4.5.0/lib/net46/System.Numerics.Vectors.xml","1.0","2018-05-15T13:29:44Z","fethy.faradji@infopro-digital.com"
"14/09/2026 10:51:40","source/repos/srv_listener_folder/SF_VIEWER_AO_SIM/packages/System.Numerics.Vectors.4.5.0/lib/netcoreapp2.0/_._","1.0","2018-05-15T13:29:44Z","fethy.faradji@infopro-digital.com"
"14/09/2026 10:51:42","source/repos/srv_listener_folder/SF_VIEWER_AO_SIM/packages/System.Numerics.Vectors.4.5.0/lib/netstandard1.0/System.Numerics.Vectors.dll","1.0","2018-05-15T13:29:44Z","fethy.faradji@infopro-digital.com"
"14/09/2026 10:51:42","source/repos/srv_listener_folder/SF_VIEWER_AO_SIM/packages/System.Numerics.Vectors.4.5.0/lib/netstandard1.0/System.Numerics.Vectors.xml","1.0","2018-05-15T13:29:44Z","fethy.faradji@infopro-digital.com"
"14/09/2026 10:51:43","source/repos/srv_listener_folder/SF_VIEWER_AO_SIM/packages/System.Numerics.Vectors.4.5.0/lib/netstandard2.0/System.Numerics.Vectors.dll","1.0","2018-05-15T13:29:44Z","fethy.faradji@infopro-digital.com"
"14/09/2026 10:51:44","source/repos/srv_listener_folder/SF_VIEWER_AO_SIM/packages/System.Numerics.Vectors.4.5.0/lib/netstandard2.0/System.Numerics.Vectors.xml","1.0","2018-05-15T13:29:44Z","fethy.faradji@infopro-digital.com"
"14/09/2026 10:51:47","source/repos/srv_listener_folder/SF_VIEWER_AO_SIM/packages/System.Numerics.Vectors.4.5.0/lib/portable-net45+win8+wp8+wpa81/System.Numerics.Vectors.xml","1.0","2018-05-15T13:29:44Z","fethy.faradji@infopro-digital.com"
"14/09/2026 10:51:47","source/repos/srv_listener_folder/SF_VIEWER_AO_SIM/packages/System.Numerics.Vectors.4.5.0/lib/portable-net45+win8+wp8+wpa81/System.Numerics.Vectors.dll","1.0","2018-05-15T13:29:44Z","fethy.faradji@infopro-digital.com"
"14/09/2026 10:51:49","source/repos/srv_listener_folder/SF_VIEWER_AO_SIM/packages/System.Numerics.Vectors.4.5.0/lib/uap10.0.16299/_._","1.0","2018-05-15T13:29:44Z","fethy.faradji@infopro-digital.com"
"14/09/2026 10:51:51","source/repos/srv_listener_folder/SF_VIEWER_AO_SIM/packages/System.Numerics.Vectors.4.5.0/lib/xamarinios10/_._","1.0","2018-05-15T13:29:44Z","fethy.faradji@infopro-digital.com"
"14/09/2026 10:51:52","source/repos/srv_listener_folder/SF_VIEWER_AO_SIM/packages/System.Numerics.Vectors.4.5.0/lib/xamarinmac20/_._","1.0","2018-05-15T13:29:44Z","fethy.faradji@infopro-digital.com"
"14/09/2026 10:51:53","source/repos/srv_listener_folder/SF_VIEWER_AO_SIM/packages/System.Numerics.Vectors.4.5.0/lib/xamarintvos10/_._","1.0","2018-05-15T13:29:44Z","fethy.faradji@infopro-digital.com"
"14/09/2026 10:51:54","source/repos/srv_listener_folder/SF_VIEWER_AO_SIM/packages/System.Numerics.Vectors.4.5.0/lib/xamarinwatchos10/_._","1.0","2018-05-15T13:29:44Z","fethy.faradji@infopro-digital.com"
"14/09/2026 10:51:57","source/repos/srv_listener_folder/SF_VIEWER_AO_SIM/packages/System.Numerics.Vectors.4.5.0/ref/MonoAndroid10/_._","1.0","2018-05-15T13:29:44Z","fethy.faradji@infopro-digital.com"
"14/09/2026 10:51:57","source/repos/srv_listener_folder/SF_VIEWER_AO_SIM/packages/System.Numerics.Vectors.4.5.0/ref/MonoTouch10/_._","1.0","2018-05-15T13:29:44Z","fethy.faradji@infopro-digital.com"
"14/09/2026 10:52:00","source/repos/srv_listener_folder/SF_VIEWER_AO_SIM/packages/System.Numerics.Vectors.4.5.0/ref/net45/System.Numerics.Vectors.dll","1.0","2018-05-15T13:29:44Z","fethy.faradji@infopro-digital.com"
"14/09/2026 10:52:00","source/repos/srv_listener_folder/SF_VIEWER_AO_SIM/packages/System.Numerics.Vectors.4.5.0/ref/net45/System.Numerics.Vectors.xml","1.0","2018-05-15T13:29:44Z","fethy.faradji@infopro-digital.com"
"14/09/2026 10:52:02","source/repos/srv_listener_folder/SF_VIEWER_AO_SIM/packages/System.Numerics.Vectors.4.5.0/ref/net46/System.Numerics.Vectors.dll","1.0","2018-05-15T13:29:44Z","fethy.faradji@infopro-digital.com"
"14/09/2026 10:52:03","source/repos/srv_listener_folder/SF_VIEWER_AO_SIM/packages/System.Numerics.Vectors.4.5.0/ref/net46/System.Numerics.Vectors.xml","1.0","2018-05-15T13:29:44Z","fethy.faradji@infopro-digital.com"
"14/09/2026 10:52:06","source/repos/srv_listener_folder/SF_VIEWER_AO_SIM/packages/System.Numerics.Vectors.4.5.0/ref/netcoreapp2.0/_._","1.0","2018-05-15T13:29:44Z","fethy.faradji@infopro-digital.com"
"14/09/2026 10:52:06","source/repos/srv_listener_folder/SF_VIEWER_AO_SIM/packages/System.Numerics.Vectors.4.5.0/ref/netstandard1.0/System.Numerics.Vectors.dll","1.0","2018-05-15T13:29:44Z","fethy.faradji@infopro-digital.com"
"14/09/2026 10:52:07","source/repos/srv_listener_folder/SF_VIEWER_AO_SIM/packages/System.Numerics.Vectors.4.5.0/ref/netstandard1.0/System.Numerics.Vectors.xml","1.0","2018-05-15T13:29:44Z","fethy.faradji@infopro-digital.com"
"14/09/2026 10:52:08","source/repos/srv_listener_folder/SF_VIEWER_AO_SIM/packages/System.Numerics.Vectors.4.5.0/ref/netstandard2.0/System.Numerics.Vectors.dll","1.0","2018-05-15T13:29:44Z","fethy.faradji@infopro-digital.com"
"14/09/2026 10:52:10","source/repos/srv_listener_folder/SF_VIEWER_AO_SIM/packages/System.Numerics.Vectors.4.5.0/ref/netstandard2.0/System.Numerics.Vectors.xml","1.0","2018-05-15T13:29:44Z","fethy.faradji@infopro-digital.com"
"14/09/2026 10:52:11","source/repos/srv_listener_folder/SF_VIEWER_AO_SIM/packages/System.Numerics.Vectors.4.5.0/ref/xamarinios10/_._","1.0","2018-05-15T13:29:44Z","fethy.faradji@infopro-digital.com"
"14/09/2026 10:52:11","source/repos/srv_listener_folder/SF_VIEWER_AO_SIM/packages/System.Numerics.Vectors.4.5.0/ref/uap10.0.16299/_._","1.0","2018-05-15T13:29:44Z","fethy.faradji@infopro-digital.com"
"14/09/2026 10:52:13","source/repos/srv_listener_folder/SF_VIEWER_AO_SIM/packages/System.Numerics.Vectors.4.5.0/ref/xamarinmac20/_._","1.0","2018-05-15T13:29:44Z","fethy.faradji@infopro-digital.com"
"14/09/2026 10:52:16","source/repos/srv_listener_folder/SF_VIEWER_AO_SIM/packages/System.Numerics.Vectors.4.5.0/ref/xamarintvos10/_._","1.0","2018-05-15T13:29:44Z","fethy.faradji@infopro-digital.com"
"14/09/2026 10:52:17","source/repos/srv_listener_folder/SF_VIEWER_AO_SIM/packages/System.Numerics.Vectors.4.5.0/ref/xamarinwatchos10/_._","1.0","2018-05-15T13:29:44Z","fethy.faradji@infopro-digital.com"
"14/09/2026 10:52:17","source/repos/srv_listener_folder/SF_VIEWER_AO_SIM/packages/System.Numerics.Vectors.4.5.0/.signature.p7s","1.0","2018-12-17T16:03:00Z","fethy.faradji@infopro-digital.com"
"14/09/2026 10:52:17","source/repos/srv_listener_folder/SF_VIEWER_AO_SIM/packages/System.Numerics.Vectors.4.5.0/LICENSE.TXT","1.0","2018-05-15T13:29:44Z","fethy.faradji@infopro-digital.com"
"14/09/2026 10:52:20","source/repos/srv_listener_folder/SF_VIEWER_AO_SIM/packages/System.Numerics.Vectors.4.5.0/System.Numerics.Vectors.4.5.0.nupkg","1.0","2023-02-09T10:13:22Z","fethy.faradji@infopro-digital.com"
"14/09/2026 10:52:21","source/repos/srv_listener_folder/SF_VIEWER_AO_SIM/packages/System.Numerics.Vectors.4.5.0/THIRD-PARTY-NOTICES.TXT","1.0","2018-05-15T13:29:44Z","fethy.faradji@infopro-digital.com"
"14/09/2026 10:52:22","source/repos/srv_listener_folder/SF_VIEWER_AO_SIM/packages/System.Numerics.Vectors.4.5.0/useSharedDesignerContext.txt","1.0","2018-05-15T13:29:44Z","fethy.faradji@infopro-digital.com"
"14/09/2026 10:52:22","source/repos/srv_listener_folder/SF_VIEWER_AO_SIM/packages/System.Numerics.Vectors.4.5.0/version.txt","1.0","2018-05-15T13:29:44Z","fethy.faradji@infopro-digital.com"
"14/09/2026 10:52:26","source/repos/srv_listener_folder/SF_VIEWER_AO_SIM/packages/System.Runtime.CompilerServices.Unsafe.6.0.0/buildTransitive/netcoreapp3.1/_._","1.0","2021-10-22T23:32:20Z","fethy.faradji@infopro-digital.com"
"14/09/2026 10:52:27","source/repos/srv_listener_folder/SF_VIEWER_AO_SIM/packages/System.Runtime.CompilerServices.Unsafe.6.0.0/buildTransitive/netcoreapp2.0/System.Runtime.CompilerServices.Unsafe.targets","1.0","2021-10-22T23:44:06Z","fethy.faradji@infopro-digital.com"
"14/09/2026 10:52:28","source/repos/srv_listener_folder/SF_VIEWER_AO_SIM/packages/System.Runtime.CompilerServices.Unsafe.6.0.0/lib/net461/System.Runtime.CompilerServices.Unsafe.xml","1.0","2021-10-19T07:14:20Z","fethy.faradji@infopro-digital.com"
"14/09/2026 10:52:28","source/repos/srv_listener_folder/SF_VIEWER_AO_SIM/packages/System.Runtime.CompilerServices.Unsafe.6.0.0/lib/net461/System.Runtime.CompilerServices.Unsafe.dll","1.0","2021-10-22T23:40:18Z","fethy.faradji@infopro-digital.com"
"14/09/2026 10:52:32","source/repos/srv_listener_folder/SF_VIEWER_AO_SIM/packages/System.Runtime.CompilerServices.Unsafe.6.0.0/lib/net6.0/System.Runtime.CompilerServices.Unsafe.dll","1.0","2021-10-22T23:38:58Z","fethy.faradji@infopro-digital.com"
"14/09/2026 10:52:32","source/repos/srv_listener_folder/SF_VIEWER_AO_SIM/packages/System.Runtime.CompilerServices.Unsafe.6.0.0/lib/net6.0/System.Runtime.CompilerServices.Unsafe.xml","1.0","2021-10-19T07:14:20Z","fethy.faradji@infopro-digital.com"
"14/09/2026 10:52:33","source/repos/srv_listener_folder/SF_VIEWER_AO_SIM/packages/System.Runtime.CompilerServices.Unsafe.6.0.0/lib/netcoreapp3.1/System.Runtime.CompilerServices.Unsafe.xml","1.0","2021-10-19T07:14:20Z","fethy.faradji@infopro-digital.com"
"14/09/2026 10:52:33","source/repos/srv_listener_folder/SF_VIEWER_AO_SIM/packages/System.Runtime.CompilerServices.Unsafe.6.0.0/lib/netcoreapp3.1/System.Runtime.CompilerServices.Unsafe.dll","1.0","2021-10-22T23:40:56Z","fethy.faradji@infopro-digital.com"
"14/09/2026 10:52:37","source/repos/srv_listener_folder/SF_VIEWER_AO_SIM/packages/System.Runtime.CompilerServices.Unsafe.6.0.0/lib/netstandard2.0/System.Runtime.CompilerServices.Unsafe.dll","1.0","2021-10-22T23:40:46Z","fethy.faradji@infopro-digital.com"
"14/09/2026 10:52:37","source/repos/srv_listener_folder/SF_VIEWER_AO_SIM/packages/System.Runtime.CompilerServices.Unsafe.6.0.0/lib/netstandard2.0/System.Runtime.CompilerServices.Unsafe.xml","1.0","2021-10-19T07:14:20Z","fethy.faradji@infopro-digital.com"
"14/09/2026 10:52:38","source/repos/srv_listener_folder/SF_VIEWER_AO_SIM/packages/System.Runtime.CompilerServices.Unsafe.6.0.0/.signature.p7s","1.0","2021-11-07T22:33:56Z","fethy.faradji@infopro-digital.com"
"14/09/2026 10:52:38","source/repos/srv_listener_folder/SF_VIEWER_AO_SIM/packages/System.Runtime.CompilerServices.Unsafe.6.0.0/Icon.png","1.0","2021-10-22T18:16:38Z","fethy.faradji@infopro-digital.com"
"14/09/2026 10:52:41","source/repos/srv_listener_folder/SF_VIEWER_AO_SIM/packages/System.Runtime.CompilerServices.Unsafe.6.0.0/LICENSE.TXT","1.0","2021-10-22T23:32:20Z","fethy.faradji@infopro-digital.com"
"14/09/2026 10:52:42","source/repos/srv_listener_folder/SF_VIEWER_AO_SIM/packages/System.Runtime.CompilerServices.Unsafe.6.0.0/THIRD-PARTY-NOTICES.TXT","1.0","2021-10-22T23:32:20Z","fethy.faradji@infopro-digital.com"
"14/09/2026 10:52:43","source/repos/srv_listener_folder/SF_VIEWER_AO_SIM/packages/System.Runtime.CompilerServices.Unsafe.6.0.0/System.Runtime.CompilerServices.Unsafe.6.0.0.nupkg","1.0","2023-02-09T10:13:23Z","fethy.faradji@infopro-digital.com"
"14/09/2026 10:52:43","source/repos/srv_listener_folder/SF_VIEWER_AO_SIM/packages/System.Runtime.CompilerServices.Unsafe.6.0.0/useSharedDesignerContext.txt","1.0","2021-10-22T23:32:20Z","fethy.faradji@infopro-digital.com"
"14/09/2026 10:52:48","source/repos/srv_listener_folder/SF_VIEWER_AO_SIM/packages/System.Text.Encodings.Web.6.0.0/buildTransitive/netcoreapp2.0/System.Text.Encodings.Web.targets","1.0","2021-10-22T23:45:38Z","fethy.faradji@infopro-digital.com"
"14/09/2026 10:52:48","source/repos/srv_listener_folder/SF_VIEWER_AO_SIM/packages/System.Text.Encodings.Web.6.0.0/buildTransitive/netcoreapp3.1/_._","1.0","2021-10-22T23:32:20Z","fethy.faradji@infopro-digital.com"
"14/09/2026 10:52:49","source/repos/srv_listener_folder/SF_VIEWER_AO_SIM/packages/System.Text.Encodings.Web.6.0.0/lib/net461/System.Text.Encodings.Web.xml","1.0","2021-10-19T07:14:20Z","fethy.faradji@infopro-digital.com"
"14/09/2026 10:52:49","source/repos/srv_listener_folder/SF_VIEWER_AO_SIM/packages/System.Text.Encodings.Web.6.0.0/lib/net461/System.Text.Encodings.Web.dll","1.0","2021-10-22T23:41:14Z","fethy.faradji@infopro-digital.com"
"14/09/2026 10:52:53","source/repos/srv_listener_folder/SF_VIEWER_AO_SIM/packages/System.Text.Encodings.Web.6.0.0/lib/net6.0/System.Text.Encodings.Web.dll","1.0","2021-10-22T23:41:10Z","fethy.faradji@infopro-digital.com"
"14/09/2026 10:52:53","source/repos/srv_listener_folder/SF_VIEWER_AO_SIM/packages/System.Text.Encodings.Web.6.0.0/lib/net6.0/System.Text.Encodings.Web.xml","1.0","2021-10-19T07:14:20Z","fethy.faradji@infopro-digital.com"
"14/09/2026 10:52:54","source/repos/srv_listener_folder/SF_VIEWER_AO_SIM/packages/System.Text.Encodings.Web.6.0.0/lib/netcoreapp3.1/System.Text.Encodings.Web.dll","1.0","2021-10-22T23:41:26Z","fethy.faradji@infopro-digital.com"
"14/09/2026 10:52:55","source/repos/srv_listener_folder/SF_VIEWER_AO_SIM/packages/System.Text.Encodings.Web.6.0.0/lib/netcoreapp3.1/System.Text.Encodings.Web.xml","1.0","2021-10-19T07:14:20Z","fethy.faradji@infopro-digital.com"
"14/09/2026 10:52:59","source/repos/srv_listener_folder/SF_VIEWER_AO_SIM/packages/System.Text.Encodings.Web.6.0.0/lib/netstandard2.0/System.Text.Encodings.Web.xml","1.0","2021-10-19T07:14:20Z","fethy.faradji@infopro-digital.com"
"14/09/2026 10:52:59","source/repos/srv_listener_folder/SF_VIEWER_AO_SIM/packages/System.Text.Encodings.Web.6.0.0/lib/netstandard2.0/System.Text.Encodings.Web.dll","1.0","2021-10-22T23:42:22Z","fethy.faradji@infopro-digital.com"
"14/09/2026 10:53:02","source/repos/srv_listener_folder/SF_VIEWER_AO_SIM/packages/System.Text.Encodings.Web.6.0.0/runtimes/browser/lib/net6.0/System.Text.Encodings.Web.dll","1.0","2021-10-22T23:45:34Z","fethy.faradji@infopro-digital.com"
"14/09/2026 10:53:02","source/repos/srv_listener_folder/SF_VIEWER_AO_SIM/packages/System.Text.Encodings.Web.6.0.0/runtimes/browser/lib/net6.0/System.Text.Encodings.Web.xml","1.0","2021-10-19T07:14:20Z","fethy.faradji@infopro-digital.com"
"14/09/2026 10:53:04","source/repos/srv_listener_folder/SF_VIEWER_AO_SIM/packages/System.Text.Encodings.Web.6.0.0/.signature.p7s","1.0","2021-11-07T22:41:20Z","fethy.faradji@infopro-digital.com"
"14/09/2026 10:53:05","source/repos/srv_listener_folder/SF_VIEWER_AO_SIM/packages/System.Text.Encodings.Web.6.0.0/Icon.png","1.0","2021-10-22T18:16:38Z","fethy.faradji@infopro-digital.com"
"14/09/2026 10:53:09","source/repos/srv_listener_folder/SF_VIEWER_AO_SIM/packages/System.Text.Encodings.Web.6.0.0/LICENSE.TXT","1.0","2021-10-22T23:32:20Z","fethy.faradji@infopro-digital.com"
"14/09/2026 10:53:09","source/repos/srv_listener_folder/SF_VIEWER_AO_SIM/packages/System.Text.Encodings.Web.6.0.0/System.Text.Encodings.Web.6.0.0.nupkg","1.0","2023-02-09T10:13:23Z","fethy.faradji@infopro-digital.com"
"14/09/2026 10:53:10","source/repos/srv_listener_folder/SF_VIEWER_AO_SIM/packages/System.Text.Encodings.Web.6.0.0/THIRD-PARTY-NOTICES.TXT","1.0","2021-10-22T23:32:20Z","fethy.faradji@infopro-digital.com"
"14/09/2026 10:53:11","source/repos/srv_listener_folder/SF_VIEWER_AO_SIM/packages/System.Text.Encodings.Web.6.0.0/useSharedDesignerContext.txt","1.0","2021-10-22T23:32:20Z","fethy.faradji@infopro-digital.com"
"14/09/2026 10:53:17","source/repos/srv_listener_folder/SF_VIEWER_AO_SIM/packages/System.Text.Json.6.0.0/analyzers/dotnet/roslyn3.11/cs/fr/System.Text.Json.SourceGeneration.resources.dll","1.0","2021-10-22T23:41:14Z","fethy.faradji@infopro-digital.com"
"14/09/2026 10:53:17","source/repos/srv_listener_folder/SF_VIEWER_AO_SIM/packages/System.Text.Json.6.0.0/analyzers/dotnet/roslyn3.11/cs/cs/System.Text.Json.SourceGeneration.resources.dll","1.0","2021-10-22T23:41:14Z","fethy.faradji@infopro-digital.com"
"14/09/2026 10:53:17","source/repos/srv_listener_folder/SF_VIEWER_AO_SIM/packages/System.Text.Json.6.0.0/analyzers/dotnet/roslyn3.11/cs/es/System.Text.Json.SourceGeneration.resources.dll","1.0","2021-10-22T23:41:14Z","fethy.faradji@infopro-digital.com"
"14/09/2026 10:53:17","source/repos/srv_listener_folder/SF_VIEWER_AO_SIM/packages/System.Text.Json.6.0.0/analyzers/dotnet/roslyn3.11/cs/de/System.Text.Json.SourceGeneration.resources.dll","1.0","2021-10-22T23:41:14Z","fethy.faradji@infopro-digital.com"
"14/09/2026 10:53:24","source/repos/srv_listener_folder/SF_VIEWER_AO_SIM/packages/System.Text.Json.6.0.0/analyzers/dotnet/roslyn3.11/cs/ja/System.Text.Json.SourceGeneration.resources.dll","1.0","2021-10-22T23:41:14Z","fethy.faradji@infopro-digital.com"
"14/09/2026 10:53:24","source/repos/srv_listener_folder/SF_VIEWER_AO_SIM/packages/System.Text.Json.6.0.0/analyzers/dotnet/roslyn3.11/cs/it/System.Text.Json.SourceGeneration.resources.dll","1.0","2021-10-22T23:41:14Z","fethy.faradji@infopro-digital.com"
"14/09/2026 10:53:24","source/repos/srv_listener_folder/SF_VIEWER_AO_SIM/packages/System.Text.Json.6.0.0/analyzers/dotnet/roslyn3.11/cs/pl/System.Text.Json.SourceGeneration.resources.dll","1.0","2021-10-22T23:41:14Z","fethy.faradji@infopro-digital.com"
"14/09/2026 10:53:25","source/repos/srv_listener_folder/SF_VIEWER_AO_SIM/packages/System.Text.Json.6.0.0/analyzers/dotnet/roslyn3.11/cs/ko/System.Text.Json.SourceGeneration.resources.dll","1.0","2021-10-22T23:41:14Z","fethy.faradji@infopro-digital.com"
"14/09/2026 10:53:31","source/repos/srv_listener_folder/SF_VIEWER_AO_SIM/packages/System.Text.Json.6.0.0/analyzers/dotnet/roslyn3.11/cs/ru/System.Text.Json.SourceGeneration.resources.dll","1.0","2021-10-22T23:41:14Z","fethy.faradji@infopro-digital.com"
"14/09/2026 10:53:31","source/repos/srv_listener_folder/SF_VIEWER_AO_SIM/packages/System.Text.Json.6.0.0/analyzers/dotnet/roslyn3.11/cs/pt-BR/System.Text.Json.SourceGeneration.resources.dll","1.0","2021-10-22T23:41:14Z","fethy.faradji@infopro-digital.com"
"14/09/2026 10:53:31","source/repos/srv_listener_folder/SF_VIEWER_AO_SIM/packages/System.Text.Json.6.0.0/analyzers/dotnet/roslyn3.11/cs/tr/System.Text.Json.SourceGeneration.resources.dll","1.0","2021-10-22T23:41:14Z","fethy.faradji@infopro-digital.com"
"14/09/2026 10:53:31","source/repos/srv_listener_folder/SF_VIEWER_AO_SIM/packages/System.Text.Json.6.0.0/analyzers/dotnet/roslyn3.11/cs/zh-Hans/System.Text.Json.SourceGeneration.resources.dll","1.0","2021-10-22T23:41:14Z","fethy.faradji@infopro-digital.com"
"14/09/2026 10:53:36","source/repos/srv_listener_folder/SF_VIEWER_AO_SIM/packages/System.Text.Json.6.0.0/analyzers/dotnet/roslyn3.11/cs/System.Text.Json.SourceGeneration.dll","1.0","2021-10-22T23:41:14Z","fethy.faradji@infopro-digital.com"
"14/09/2026 10:53:37","source/repos/srv_listener_folder/SF_VIEWER_AO_SIM/packages/System.Text.Json.6.0.0/analyzers/dotnet/roslyn3.11/cs/zh-Hant/System.Text.Json.SourceGeneration.resources.dll","1.0","2021-10-22T23:41:14Z","fethy.faradji@infopro-digital.com"
"14/09/2026 10:53:39","source/repos/srv_listener_folder/SF_VIEWER_AO_SIM/packages/System.Text.Json.6.0.0/analyzers/dotnet/roslyn4.0/cs/de/System.Text.Json.SourceGeneration.resources.dll","1.0","2021-10-22T23:41:16Z","fethy.faradji@infopro-digital.com"
"14/09/2026 10:53:39","source/repos/srv_listener_folder/SF_VIEWER_AO_SIM/packages/System.Text.Json.6.0.0/analyzers/dotnet/roslyn4.0/cs/cs/System.Text.Json.SourceGeneration.resources.dll","1.0","2021-10-22T23:41:16Z","fethy.faradji@infopro-digital.com"
"14/09/2026 10:53:42","source/repos/srv_listener_folder/SF_VIEWER_AO_SIM/packages/System.Text.Json.6.0.0/analyzers/dotnet/roslyn4.0/cs/es/System.Text.Json.SourceGeneration.resources.dll","1.0","2021-10-22T23:41:16Z","fethy.faradji@infopro-digital.com"
"14/09/2026 10:53:43","source/repos/srv_listener_folder/SF_VIEWER_AO_SIM/packages/System.Text.Json.6.0.0/analyzers/dotnet/roslyn4.0/cs/fr/System.Text.Json.SourceGeneration.resources.dll","1.0","2021-10-22T23:41:16Z","fethy.faradji@infopro-digital.com"
"14/09/2026 10:53:45","source/repos/srv_listener_folder/SF_VIEWER_AO_SIM/packages/System.Text.Json.6.0.0/analyzers/dotnet/roslyn4.0/cs/it/System.Text.Json.SourceGeneration.resources.dll","1.0","2021-10-22T23:41:16Z","fethy.faradji@infopro-digital.com"
"14/09/2026 10:53:46","source/repos/srv_listener_folder/SF_VIEWER_AO_SIM/packages/System.Text.Json.6.0.0/analyzers/dotnet/roslyn4.0/cs/ja/System.Text.Json.SourceGeneration.resources.dll","1.0","2021-10-22T23:41:16Z","fethy.faradji@infopro-digital.com"
"14/09/2026 10:53:48","source/repos/srv_listener_folder/SF_VIEWER_AO_SIM/packages/System.Text.Json.6.0.0/analyzers/dotnet/roslyn4.0/cs/ko/System.Text.Json.SourceGeneration.resources.dll","1.0","2021-10-22T23:41:16Z","fethy.faradji@infopro-digital.com"
"14/09/2026 10:53:50","source/repos/srv_listener_folder/SF_VIEWER_AO_SIM/packages/System.Text.Json.6.0.0/analyzers/dotnet/roslyn4.0/cs/pl/System.Text.Json.SourceGeneration.resources.dll","1.0","2021-10-22T23:41:16Z","fethy.faradji@infopro-digital.com"
"14/09/2026 10:53:51","source/repos/srv_listener_folder/SF_VIEWER_AO_SIM/packages/System.Text.Json.6.0.0/analyzers/dotnet/roslyn4.0/cs/pt-BR/System.Text.Json.SourceGeneration.resources.dll","1.0","2021-10-22T23:41:16Z","fethy.faradji@infopro-digital.com"
"14/09/2026 10:53:52","source/repos/srv_listener_folder/SF_VIEWER_AO_SIM/packages/System.Text.Json.6.0.0/analyzers/dotnet/roslyn4.0/cs/ru/System.Text.Json.SourceGeneration.resources.dll","1.0","2021-10-22T23:41:16Z","fethy.faradji@infopro-digital.com"
"14/09/2026 10:53:54","source/repos/srv_listener_folder/SF_VIEWER_AO_SIM/packages/System.Text.Json.6.0.0/analyzers/dotnet/roslyn4.0/cs/tr/System.Text.Json.SourceGeneration.resources.dll","1.0","2021-10-22T23:41:16Z","fethy.faradji@infopro-digital.com"
"14/09/2026 10:53:57","source/repos/srv_listener_folder/SF_VIEWER_AO_SIM/packages/System.Text.Json.6.0.0/analyzers/dotnet/roslyn4.0/cs/zh-Hans/System.Text.Json.SourceGeneration.resources.dll","1.0","2021-10-22T23:41:16Z","fethy.faradji@infopro-digital.com"
"14/09/2026 10:53:57","source/repos/srv_listener_folder/SF_VIEWER_AO_SIM/packages/System.Text.Json.6.0.0/analyzers/dotnet/roslyn4.0/cs/zh-Hant/System.Text.Json.SourceGeneration.resources.dll","1.0","2021-10-22T23:41:16Z","fethy.faradji@infopro-digital.com"
"14/09/2026 10:53:58","source/repos/srv_listener_folder/SF_VIEWER_AO_SIM/packages/System.Text.Json.6.0.0/analyzers/dotnet/roslyn4.0/cs/System.Text.Json.SourceGeneration.dll","1.0","2021-10-22T23:41:16Z","fethy.faradji@infopro-digital.com"
"14/09/2026 10:54:00","source/repos/srv_listener_folder/SF_VIEWER_AO_SIM/packages/System.Text.Json.6.0.0/build/System.Text.Json.targets","1.0","2021-10-22T23:45:28Z","fethy.faradji@infopro-digital.com"
"14/09/2026 10:54:03","source/repos/srv_listener_folder/SF_VIEWER_AO_SIM/packages/System.Text.Json.6.0.0/buildTransitive/netcoreapp2.0/System.Text.Json.targets","1.0","2021-10-22T23:45:10Z","fethy.faradji@infopro-digital.com"
"14/09/2026 10:54:04","source/repos/srv_listener_folder/SF_VIEWER_AO_SIM/packages/System.Text.Json.6.0.0/buildTransitive/netcoreapp3.1/_._","1.0","2021-10-22T23:32:20Z","fethy.faradji@infopro-digital.com"
"14/09/2026 10:54:05","source/repos/srv_listener_folder/SF_VIEWER_AO_SIM/packages/System.Text.Json.6.0.0/lib/net461/System.Text.Json.xml","1.0","2021-10-19T07:14:20Z","fethy.faradji@infopro-digital.com"
"14/09/2026 10:54:05","source/repos/srv_listener_folder/SF_VIEWER_AO_SIM/packages/System.Text.Json.6.0.0/lib/net461/System.Text.Json.dll","1.0","2021-10-22T23:44:26Z","fethy.faradji@infopro-digital.com"
"14/09/2026 10:54:11","source/repos/srv_listener_folder/SF_VIEWER_AO_SIM/packages/System.Text.Json.6.0.0/lib/net6.0/System.Text.Json.dll","1.0","2021-10-22T23:44:22Z","fethy.faradji@infopro-digital.com"
"14/09/2026 10:54:11","source/repos/srv_listener_folder/SF_VIEWER_AO_SIM/packages/System.Text.Json.6.0.0/lib/net6.0/System.Text.Json.xml","1.0","2021-10-19T07:14:20Z","fethy.faradji@infopro-digital.com"
"14/09/2026 10:54:13","source/repos/srv_listener_folder/SF_VIEWER_AO_SIM/packages/System.Text.Json.6.0.0/lib/netcoreapp3.1/System.Text.Json.xml","1.0","2021-10-19T07:14:20Z","fethy.faradji@infopro-digital.com"
"14/09/2026 10:54:14","source/repos/srv_listener_folder/SF_VIEWER_AO_SIM/packages/System.Text.Json.6.0.0/lib/netcoreapp3.1/System.Text.Json.dll","1.0","2021-10-22T23:44:34Z","fethy.faradji@infopro-digital.com"
"14/09/2026 10:54:17","source/repos/srv_listener_folder/SF_VIEWER_AO_SIM/packages/System.Text.Json.6.0.0/lib/netstandard2.0/System.Text.Json.dll","1.0","2021-10-22T23:45:06Z","fethy.faradji@infopro-digital.com"
"14/09/2026 10:54:17","source/repos/srv_listener_folder/SF_VIEWER_AO_SIM/packages/System.Text.Json.6.0.0/lib/netstandard2.0/System.Text.Json.xml","1.0","2021-10-19T07:14:20Z","fethy.faradji@infopro-digital.com"
"14/09/2026 10:54:19","source/repos/srv_listener_folder/SF_VIEWER_AO_SIM/packages/System.Text.Json.6.0.0/.signature.p7s","1.0","2021-11-07T22:36:08Z","fethy.faradji@infopro-digital.com"
"14/09/2026 10:54:21","source/repos/srv_listener_folder/SF_VIEWER_AO_SIM/packages/System.Text.Json.6.0.0/Icon.png","1.0","2021-10-22T18:16:38Z","fethy.faradji@infopro-digital.com"
"14/09/2026 10:54:22","source/repos/srv_listener_folder/SF_VIEWER_AO_SIM/packages/System.Text.Json.6.0.0/LICENSE.TXT","1.0","2021-10-22T23:32:20Z","fethy.faradji@infopro-digital.com"
"14/09/2026 10:54:24","source/repos/srv_listener_folder/SF_VIEWER_AO_SIM/packages/System.Text.Json.6.0.0/THIRD-PARTY-NOTICES.TXT","1.0","2021-10-22T23:32:20Z","fethy.faradji@infopro-digital.com"
"14/09/2026 10:54:25","source/repos/srv_listener_folder/SF_VIEWER_AO_SIM/packages/System.Text.Json.6.0.0/System.Text.Json.6.0.0.nupkg","1.0","2023-02-09T10:13:25Z","fethy.faradji@infopro-digital.com"
"14/09/2026 10:54:26","source/repos/srv_listener_folder/SF_VIEWER_AO_SIM/packages/System.Text.Json.6.0.0/useSharedDesignerContext.txt","1.0","2021-10-22T23:32:20Z","fethy.faradji@infopro-digital.com"
"14/09/2026 10:54:30","source/repos/srv_listener_folder/SF_VIEWER_AO_SIM/packages/System.Threading.Tasks.Extensions.4.5.4/lib/MonoAndroid10/_._","1.0","2020-02-19T10:05:18Z","fethy.faradji@infopro-digital.com"
"14/09/2026 10:54:31","source/repos/srv_listener_folder/SF_VIEWER_AO_SIM/packages/System.Threading.Tasks.Extensions.4.5.4/lib/MonoTouch10/_._","1.0","2020-02-19T10:05:18Z","fethy.faradji@infopro-digital.com"
"14/09/2026 10:54:31","source/repos/srv_listener_folder/SF_VIEWER_AO_SIM/packages/System.Threading.Tasks.Extensions.4.5.4/lib/net461/System.Threading.Tasks.Extensions.dll","1.0","2020-02-19T10:05:18Z","fethy.faradji@infopro-digital.com"
"14/09/2026 10:54:31","source/repos/srv_listener_folder/SF_VIEWER_AO_SIM/packages/System.Threading.Tasks.Extensions.4.5.4/lib/net461/System.Threading.Tasks.Extensions.xml","1.0","2020-02-19T10:05:18Z","fethy.faradji@infopro-digital.com"
"14/09/2026 10:54:36","source/repos/srv_listener_folder/SF_VIEWER_AO_SIM/packages/System.Threading.Tasks.Extensions.4.5.4/lib/netcoreapp2.1/_._","1.0","2020-02-19T10:05:18Z","fethy.faradji@infopro-digital.com"
"14/09/2026 10:54:36","source/repos/srv_listener_folder/SF_VIEWER_AO_SIM/packages/System.Threading.Tasks.Extensions.4.5.4/lib/netstandard1.0/System.Threading.Tasks.Extensions.dll","1.0","2020-02-19T10:05:18Z","fethy.faradji@infopro-digital.com"
"14/09/2026 10:54:37","source/repos/srv_listener_folder/SF_VIEWER_AO_SIM/packages/System.Threading.Tasks.Extensions.4.5.4/lib/netstandard1.0/System.Threading.Tasks.Extensions.xml","1.0","2020-02-19T10:05:18Z","fethy.faradji@infopro-digital.com"
"14/09/2026 10:54:38","source/repos/srv_listener_folder/SF_VIEWER_AO_SIM/packages/System.Threading.Tasks.Extensions.4.5.4/lib/netstandard2.0/System.Threading.Tasks.Extensions.dll","1.0","2020-02-19T10:05:18Z","fethy.faradji@infopro-digital.com"
"14/09/2026 10:54:42","source/repos/srv_listener_folder/SF_VIEWER_AO_SIM/packages/System.Threading.Tasks.Extensions.4.5.4/lib/netstandard2.0/System.Threading.Tasks.Extensions.xml","1.0","2020-02-19T10:05:18Z","fethy.faradji@infopro-digital.com"
"14/09/2026 10:54:42","source/repos/srv_listener_folder/SF_VIEWER_AO_SIM/packages/System.Threading.Tasks.Extensions.4.5.4/lib/portable-net45+win8+wp8+wpa81/System.Threading.Tasks.Extensions.dll","1.0","2020-02-19T10:05:18Z","fethy.faradji@infopro-digital.com"
"14/09/2026 10:54:43","source/repos/srv_listener_folder/SF_VIEWER_AO_SIM/packages/System.Threading.Tasks.Extensions.4.5.4/lib/portable-net45+win8+wp8+wpa81/System.Threading.Tasks.Extensions.xml","1.0","2020-02-19T10:05:18Z","fethy.faradji@infopro-digital.com"
"14/09/2026 10:54:44","source/repos/srv_listener_folder/SF_VIEWER_AO_SIM/packages/System.Threading.Tasks.Extensions.4.5.4/lib/xamarinios10/_._","1.0","2020-02-19T10:05:18Z","fethy.faradji@infopro-digital.com"
"14/09/2026 10:54:49","source/repos/srv_listener_folder/SF_VIEWER_AO_SIM/packages/System.Threading.Tasks.Extensions.4.5.4/lib/xamarinmac20/_._","1.0","2020-02-19T10:05:18Z","fethy.faradji@infopro-digital.com"
"14/09/2026 10:54:49","source/repos/srv_listener_folder/SF_VIEWER_AO_SIM/packages/System.Threading.Tasks.Extensions.4.5.4/lib/xamarintvos10/_._","1.0","2020-02-19T10:05:18Z","fethy.faradji@infopro-digital.com"
"14/09/2026 10:54:51","source/repos/srv_listener_folder/SF_VIEWER_AO_SIM/packages/System.Threading.Tasks.Extensions.4.5.4/lib/xamarinwatchos10/_._","1.0","2020-02-19T10:05:18Z","fethy.faradji@infopro-digital.com"
"14/09/2026 10:54:52","source/repos/srv_listener_folder/SF_VIEWER_AO_SIM/packages/System.Threading.Tasks.Extensions.4.5.4/ref/MonoAndroid10/_._","1.0","2020-02-19T10:05:18Z","fethy.faradji@infopro-digital.com"
"14/09/2026 10:54:57","source/repos/srv_listener_folder/SF_VIEWER_AO_SIM/packages/System.Threading.Tasks.Extensions.4.5.4/ref/MonoTouch10/_._","1.0","2020-02-19T10:05:18Z","fethy.faradji@infopro-digital.com"
"14/09/2026 10:54:57","source/repos/srv_listener_folder/SF_VIEWER_AO_SIM/packages/System.Threading.Tasks.Extensions.4.5.4/ref/netcoreapp2.1/_._","1.0","2020-02-19T10:05:18Z","fethy.faradji@infopro-digital.com"
"14/09/2026 10:54:57","source/repos/srv_listener_folder/SF_VIEWER_AO_SIM/packages/System.Threading.Tasks.Extensions.4.5.4/ref/xamarinios10/_._","1.0","2020-02-19T10:05:18Z","fethy.faradji@infopro-digital.com"
"14/09/2026 10:54:59","source/repos/srv_listener_folder/SF_VIEWER_AO_SIM/packages/System.Threading.Tasks.Extensions.4.5.4/ref/xamarinmac20/_._","1.0","2020-02-19T10:05:18Z","fethy.faradji@infopro-digital.com"
"14/09/2026 10:55:03","source/repos/srv_listener_folder/SF_VIEWER_AO_SIM/packages/System.Threading.Tasks.Extensions.4.5.4/.signature.p7s","1.0","2020-03-24T13:10:24Z","fethy.faradji@infopro-digital.com"
"14/09/2026 10:55:04","source/repos/srv_listener_folder/SF_VIEWER_AO_SIM/packages/System.Threading.Tasks.Extensions.4.5.4/ref/xamarintvos10/_._","1.0","2020-02-19T10:05:18Z","fethy.faradji@infopro-digital.com"
"14/09/2026 10:55:04","source/repos/srv_listener_folder/SF_VIEWER_AO_SIM/packages/System.Threading.Tasks.Extensions.4.5.4/ref/xamarinwatchos10/_._","1.0","2020-02-19T10:05:18Z","fethy.faradji@infopro-digital.com"
"14/09/2026 10:55:04","source/repos/srv_listener_folder/SF_VIEWER_AO_SIM/packages/System.Threading.Tasks.Extensions.4.5.4/LICENSE.TXT","1.0","2020-02-19T10:05:18Z","fethy.faradji@infopro-digital.com"
"14/09/2026 10:55:09","source/repos/srv_listener_folder/SF_VIEWER_AO_SIM/packages/System.Threading.Tasks.Extensions.4.5.4/System.Threading.Tasks.Extensions.4.5.4.nupkg","1.0","2023-02-09T10:13:24Z","fethy.faradji@infopro-digital.com"
"14/09/2026 10:55:09","source/repos/srv_listener_folder/SF_VIEWER_AO_SIM/packages/System.Threading.Tasks.Extensions.4.5.4/THIRD-PARTY-NOTICES.TXT","1.0","2020-02-19T10:05:18Z","fethy.faradji@infopro-digital.com"
"14/09/2026 10:55:10","source/repos/srv_listener_folder/SF_VIEWER_AO_SIM/packages/System.Threading.Tasks.Extensions.4.5.4/version.txt","1.0","2020-02-19T10:05:18Z","fethy.faradji@infopro-digital.com"
"14/09/2026 10:55:10","source/repos/srv_listener_folder/SF_VIEWER_AO_SIM/packages/System.Threading.Tasks.Extensions.4.5.4/useSharedDesignerContext.txt","1.0","2020-02-19T10:05:18Z","fethy.faradji@infopro-digital.com"
"14/09/2026 10:55:16","source/repos/srv_listener_folder/SF_VIEWER_AO_SIM/packages/System.ValueTuple.4.5.0/lib/MonoAndroid10/_._","1.0","2018-05-15T13:29:52Z","fethy.faradji@infopro-digital.com"
"14/09/2026 10:55:16","source/repos/srv_listener_folder/SF_VIEWER_AO_SIM/packages/System.ValueTuple.4.5.0/lib/MonoTouch10/_._","1.0","2018-05-15T13:29:52Z","fethy.faradji@infopro-digital.com"
"14/09/2026 10:55:16","source/repos/srv_listener_folder/SF_VIEWER_AO_SIM/packages/System.ValueTuple.4.5.0/lib/net461/System.ValueTuple.dll","1.0","2018-05-15T13:29:52Z","fethy.faradji@infopro-digital.com"
"14/09/2026 10:55:16","source/repos/srv_listener_folder/SF_VIEWER_AO_SIM/packages/System.ValueTuple.4.5.0/lib/net461/System.ValueTuple.xml","1.0","2018-05-15T13:29:52Z","fethy.faradji@infopro-digital.com"
"14/09/2026 10:55:22","source/repos/srv_listener_folder/SF_VIEWER_AO_SIM/packages/System.ValueTuple.4.5.0/lib/net47/System.ValueTuple.dll","1.0","2018-05-15T13:29:52Z","fethy.faradji@infopro-digital.com"
"14/09/2026 10:55:23","source/repos/srv_listener_folder/SF_VIEWER_AO_SIM/packages/System.ValueTuple.4.5.0/lib/net47/System.ValueTuple.xml","1.0","2018-05-15T13:29:52Z","fethy.faradji@infopro-digital.com"
"14/09/2026 10:55:23","source/repos/srv_listener_folder/SF_VIEWER_AO_SIM/packages/System.ValueTuple.4.5.0/lib/netcoreapp2.0/_._","1.0","2018-05-15T13:29:52Z","fethy.faradji@infopro-digital.com"
"14/09/2026 10:55:23","source/repos/srv_listener_folder/SF_VIEWER_AO_SIM/packages/System.ValueTuple.4.5.0/lib/netstandard1.0/System.ValueTuple.dll","1.0","2018-05-15T13:29:52Z","fethy.faradji@infopro-digital.com"
"14/09/2026 10:55:28","source/repos/srv_listener_folder/SF_VIEWER_AO_SIM/packages/System.ValueTuple.4.5.0/lib/netstandard1.0/System.ValueTuple.xml","1.0","2018-05-15T13:29:52Z","fethy.faradji@infopro-digital.com"
"14/09/2026 10:55:29","source/repos/srv_listener_folder/SF_VIEWER_AO_SIM/packages/System.ValueTuple.4.5.0/lib/netstandard2.0/_._","1.0","2018-05-15T13:29:52Z","fethy.faradji@infopro-digital.com"
"14/09/2026 10:55:30","source/repos/srv_listener_folder/SF_VIEWER_AO_SIM/packages/System.ValueTuple.4.5.0/lib/portable-net40+sl4+win8+wp8/System.ValueTuple.dll","1.0","2018-05-15T13:29:52Z","fethy.faradji@infopro-digital.com"
"14/09/2026 10:55:30","source/repos/srv_listener_folder/SF_VIEWER_AO_SIM/packages/System.ValueTuple.4.5.0/lib/portable-net40+sl4+win8+wp8/System.ValueTuple.xml","1.0","2018-05-15T13:29:52Z","fethy.faradji@infopro-digital.com"
"14/09/2026 10:55:34","source/repos/srv_listener_folder/SF_VIEWER_AO_SIM/packages/System.ValueTuple.4.5.0/lib/uap10.0.16299/_._","1.0","2018-05-15T13:29:52Z","fethy.faradji@infopro-digital.com"
"14/09/2026 10:55:36","source/repos/srv_listener_folder/SF_VIEWER_AO_SIM/packages/System.ValueTuple.4.5.0/lib/xamarinios10/_._","1.0","2018-05-15T13:29:52Z","fethy.faradji@infopro-digital.com"
"14/09/2026 10:55:36","source/repos/srv_listener_folder/SF_VIEWER_AO_SIM/packages/System.ValueTuple.4.5.0/lib/xamarinmac20/_._","1.0","2018-05-15T13:29:52Z","fethy.faradji@infopro-digital.com"
"14/09/2026 10:55:36","source/repos/srv_listener_folder/SF_VIEWER_AO_SIM/packages/System.ValueTuple.4.5.0/lib/xamarintvos10/_._","1.0","2018-05-15T13:29:52Z","fethy.faradji@infopro-digital.com"
"14/09/2026 10:55:41","source/repos/srv_listener_folder/SF_VIEWER_AO_SIM/packages/System.ValueTuple.4.5.0/lib/xamarinwatchos10/_._","1.0","2018-05-15T13:29:52Z","fethy.faradji@infopro-digital.com"
"14/09/2026 10:55:43","source/repos/srv_listener_folder/SF_VIEWER_AO_SIM/packages/System.ValueTuple.4.5.0/ref/MonoAndroid10/_._","1.0","2018-05-15T13:29:52Z","fethy.faradji@infopro-digital.com"
"14/09/2026 10:55:44","source/repos/srv_listener_folder/SF_VIEWER_AO_SIM/packages/System.ValueTuple.4.5.0/ref/MonoTouch10/_._","1.0","2018-05-15T13:29:52Z","fethy.faradji@infopro-digital.com"
"14/09/2026 10:55:44","source/repos/srv_listener_folder/SF_VIEWER_AO_SIM/packages/System.ValueTuple.4.5.0/ref/net461/System.ValueTuple.dll","1.0","2018-05-15T13:29:52Z","fethy.faradji@infopro-digital.com"
"14/09/2026 10:55:47","source/repos/srv_listener_folder/SF_VIEWER_AO_SIM/packages/System.ValueTuple.4.5.0/ref/net47/System.ValueTuple.dll","1.0","2018-05-15T13:29:52Z","fethy.faradji@infopro-digital.com"
"14/09/2026 10:55:50","source/repos/srv_listener_folder/SF_VIEWER_AO_SIM/packages/System.ValueTuple.4.5.0/ref/netcoreapp2.0/_._","1.0","2018-05-15T13:29:52Z","fethy.faradji@infopro-digital.com"
"14/09/2026 10:55:51","source/repos/srv_listener_folder/SF_VIEWER_AO_SIM/packages/System.ValueTuple.4.5.0/ref/netstandard2.0/_._","1.0","2018-05-15T13:29:52Z","fethy.faradji@infopro-digital.com"
"14/09/2026 10:55:51","source/repos/srv_listener_folder/SF_VIEWER_AO_SIM/packages/System.ValueTuple.4.5.0/ref/portable-net40+sl4+win8+wp8/System.ValueTuple.dll","1.0","2018-05-15T13:29:52Z","fethy.faradji@infopro-digital.com"
"14/09/2026 10:55:53","source/repos/srv_listener_folder/SF_VIEWER_AO_SIM/packages/System.ValueTuple.4.5.0/ref/uap10.0.16299/_._","1.0","2018-05-15T13:29:52Z","fethy.faradji@infopro-digital.com"
"14/09/2026 10:55:57","source/repos/srv_listener_folder/SF_VIEWER_AO_SIM/packages/System.ValueTuple.4.5.0/ref/xamarinios10/_._","1.0","2018-05-15T13:29:52Z","fethy.faradji@infopro-digital.com"
"14/09/2026 10:55:57","source/repos/srv_listener_folder/SF_VIEWER_AO_SIM/packages/System.ValueTuple.4.5.0/ref/xamarinmac20/_._","1.0","2018-05-15T13:29:52Z","fethy.faradji@infopro-digital.com"
"14/09/2026 10:55:58","source/repos/srv_listener_folder/SF_VIEWER_AO_SIM/packages/System.ValueTuple.4.5.0/ref/xamarintvos10/_._","1.0","2018-05-15T13:29:52Z","fethy.faradji@infopro-digital.com"
"14/09/2026 10:55:59","source/repos/srv_listener_folder/SF_VIEWER_AO_SIM/packages/System.ValueTuple.4.5.0/ref/xamarinwatchos10/_._","1.0","2018-05-15T13:29:52Z","fethy.faradji@infopro-digital.com"
"14/09/2026 10:56:03","source/repos/srv_listener_folder/SF_VIEWER_AO_SIM/packages/System.ValueTuple.4.5.0/.signature.p7s","1.0","2018-12-17T16:20:26Z","fethy.faradji@infopro-digital.com"
"14/09/2026 10:56:04","source/repos/srv_listener_folder/SF_VIEWER_AO_SIM/packages/System.ValueTuple.4.5.0/LICENSE.TXT","1.0","2018-05-15T13:29:52Z","fethy.faradji@infopro-digital.com"
"14/09/2026 10:56:04","source/repos/srv_listener_folder/SF_VIEWER_AO_SIM/packages/System.ValueTuple.4.5.0/System.ValueTuple.4.5.0.nupkg","1.0","2023-02-09T10:13:24Z","fethy.faradji@infopro-digital.com"
"14/09/2026 10:56:05","source/repos/srv_listener_folder/SF_VIEWER_AO_SIM/packages/System.ValueTuple.4.5.0/THIRD-PARTY-NOTICES.TXT","1.0","2018-05-15T13:29:52Z","fethy.faradji@infopro-digital.com"
"14/09/2026 10:56:08","source/repos/srv_listener_folder/SF_VIEWER_AO_SIM/packages/System.ValueTuple.4.5.0/useSharedDesignerContext.txt","1.0","2018-05-15T13:29:52Z","fethy.faradji@infopro-digital.com"
"14/09/2026 10:56:09","source/repos/srv_listener_folder/SF_VIEWER_AO_SIM/packages/System.ValueTuple.4.5.0/version.txt","1.0","2018-05-15T13:29:52Z","fethy.faradji@infopro-digital.com"
"14/09/2026 10:56:11","source/repos/srv_listener_folder/SF_VIEWER_AO_SIM/packages/WebGrease.1.6.0/tools/WG.EXE","1.0","2014-01-23T12:57:34Z","fethy.faradji@infopro-digital.com"
"14/09/2026 10:56:11","source/repos/srv_listener_folder/SF_VIEWER_AO_SIM/packages/WebGrease.1.6.0/lib/WebGrease.dll","1.0","2014-01-23T12:57:34Z","fethy.faradji@infopro-digital.com"
"14/09/2026 10:56:15","source/repos/srv_listener_folder/SF_VIEWER_AO_SIM/packages/WebGrease.1.6.0/.signature.p7s","1.0","2018-12-13T12:58:30Z","fethy.faradji@infopro-digital.com"
"14/09/2026 10:56:15","source/repos/srv_listener_folder/SF_VIEWER_AO_SIM/packages/WebGrease.1.6.0/WebGrease.1.6.0.nupkg","1.0","2023-02-09T10:06:32Z","fethy.faradji@infopro-digital.com"
"14/09/2026 10:56:17","source/repos/srv_listener_folder/SF_VIEWER_AO_SIM/SF_VIEWER_AO_SIM/App_Start/BundleConfig.cs","1.0","2023-02-09T10:06:28Z","fethy.faradji@infopro-digital.com"
"14/09/2026 10:56:17","source/repos/srv_listener_folder/SF_VIEWER_AO_SIM/SF_VIEWER_AO_SIM/App_Start/RouteConfig.cs","1.0","2023-02-09T10:06:35Z","fethy.faradji@infopro-digital.com"
"14/09/2026 10:56:21","source/repos/srv_listener_folder/SF_VIEWER_AO_SIM/SF_VIEWER_AO_SIM/bin/fr/Microsoft.AspNet.FriendlyUrls.resources.dll","1.0","2013-07-30T17:01:48Z","fethy.faradji@infopro-digital.com"
"14/09/2026 10:56:21","source/repos/srv_listener_folder/SF_VIEWER_AO_SIM/SF_VIEWER_AO_SIM/bin/fr/System.Web.Optimization.resources.dll","1.0","2014-02-11T15:28:42Z","fethy.faradji@infopro-digital.com"
"14/09/2026 10:56:22","source/repos/srv_listener_folder/SF_VIEWER_AO_SIM/SF_VIEWER_AO_SIM/bin/roslyn/csc.exe","1.0","2018-08-08T04:38:48Z","fethy.faradji@infopro-digital.com"
"14/09/2026 10:56:22","source/repos/srv_listener_folder/SF_VIEWER_AO_SIM/SF_VIEWER_AO_SIM/bin/roslyn/csc.exe.config","1.0","2018-08-08T11:18:12Z","fethy.faradji@infopro-digital.com"
"14/09/2026 10:56:26","source/repos/srv_listener_folder/SF_VIEWER_AO_SIM/SF_VIEWER_AO_SIM/bin/roslyn/csc.rsp","1.0","2018-08-08T11:09:42Z","fethy.faradji@infopro-digital.com"
"14/09/2026 10:56:28","source/repos/srv_listener_folder/SF_VIEWER_AO_SIM/SF_VIEWER_AO_SIM/bin/roslyn/csi.exe","1.0","2018-08-08T04:38:48Z","fethy.faradji@infopro-digital.com"
"14/09/2026 10:56:29","source/repos/srv_listener_folder/SF_VIEWER_AO_SIM/SF_VIEWER_AO_SIM/bin/roslyn/csi.exe.config","1.0","2018-08-08T11:18:34Z","fethy.faradji@infopro-digital.com"
"14/09/2026 10:56:31","source/repos/srv_listener_folder/SF_VIEWER_AO_SIM/SF_VIEWER_AO_SIM/bin/roslyn/csi.rsp","1.0","2018-08-08T11:09:56Z","fethy.faradji@infopro-digital.com"
"14/09/2026 10:56:32","source/repos/srv_listener_folder/SF_VIEWER_AO_SIM/SF_VIEWER_AO_SIM/bin/roslyn/Microsoft.Build.Tasks.CodeAnalysis.dll","1.0","2018-08-08T04:38:48Z","fethy.faradji@infopro-digital.com"
"14/09/2026 10:56:33","source/repos/srv_listener_folder/SF_VIEWER_AO_SIM/SF_VIEWER_AO_SIM/bin/roslyn/Microsoft.CodeAnalysis.CSharp.dll","1.0","2018-08-08T04:38:48Z","fethy.faradji@infopro-digital.com"
"14/09/2026 10:56:34","source/repos/srv_listener_folder/SF_VIEWER_AO_SIM/SF_VIEWER_AO_SIM/bin/roslyn/Microsoft.CodeAnalysis.CSharp.Scripting.dll","1.0","2018-08-08T04:38:48Z","fethy.faradji@infopro-digital.com"
"14/09/2026 10:56:35","source/repos/srv_listener_folder/SF_VIEWER_AO_SIM/SF_VIEWER_AO_SIM/bin/roslyn/Microsoft.CodeAnalysis.dll","1.0","2018-08-08T04:38:48Z","fethy.faradji@infopro-digital.com"
"14/09/2026 10:56:36","source/repos/srv_listener_folder/SF_VIEWER_AO_SIM/SF_VIEWER_AO_SIM/bin/roslyn/Microsoft.CodeAnalysis.Scripting.dll","1.0","2018-08-08T04:38:48Z","fethy.faradji@infopro-digital.com"
"14/09/2026 10:56:38","source/repos/srv_listener_folder/SF_VIEWER_AO_SIM/SF_VIEWER_AO_SIM/bin/roslyn/Microsoft.CodeAnalysis.VisualBasic.dll","1.0","2018-08-08T04:38:48Z","fethy.faradji@infopro-digital.com"
"14/09/2026 10:56:38","source/repos/srv_listener_folder/SF_VIEWER_AO_SIM/SF_VIEWER_AO_SIM/bin/roslyn/Microsoft.CSharp.Core.targets","1.0","2018-08-08T11:09:42Z","fethy.faradji@infopro-digital.com"
"14/09/2026 10:56:40","source/repos/srv_listener_folder/SF_VIEWER_AO_SIM/SF_VIEWER_AO_SIM/bin/roslyn/Microsoft.DiaSymReader.Native.amd64.dll","1.0","2017-12-05T08:36:44Z","fethy.faradji@infopro-digital.com"
"14/09/2026 10:56:41","source/repos/srv_listener_folder/SF_VIEWER_AO_SIM/SF_VIEWER_AO_SIM/bin/roslyn/Microsoft.DiaSymReader.Native.x86.dll","1.0","2017-12-05T08:36:44Z","fethy.faradji@infopro-digital.com"
"14/09/2026 10:56:43","source/repos/srv_listener_folder/SF_VIEWER_AO_SIM/SF_VIEWER_AO_SIM/bin/roslyn/Microsoft.Managed.Core.targets","1.0","2018-08-08T11:09:42Z","fethy.faradji@infopro-digital.com"
"14/09/2026 10:56:43","source/repos/srv_listener_folder/SF_VIEWER_AO_SIM/SF_VIEWER_AO_SIM/bin/roslyn/Microsoft.VisualBasic.Core.targets","1.0","2018-08-08T11:09:42Z","fethy.faradji@infopro-digital.com"
"14/09/2026 10:56:46","source/repos/srv_listener_folder/SF_VIEWER_AO_SIM/SF_VIEWER_AO_SIM/bin/roslyn/System.AppContext.dll","1.0","2016-11-05T17:55:34Z","fethy.faradji@infopro-digital.com"
"14/09/2026 10:56:46","source/repos/srv_listener_folder/SF_VIEWER_AO_SIM/SF_VIEWER_AO_SIM/bin/roslyn/Microsoft.Win32.Primitives.dll","1.0","2016-11-05T17:55:32Z","fethy.faradji@infopro-digital.com"
"14/09/2026 10:56:48","source/repos/srv_listener_folder/SF_VIEWER_AO_SIM/SF_VIEWER_AO_SIM/bin/roslyn/System.Collections.Immutable.dll","1.0","2018-05-16T02:29:34Z","fethy.faradji@infopro-digital.com"
"14/09/2026 10:56:48","source/repos/srv_listener_folder/SF_VIEWER_AO_SIM/SF_VIEWER_AO_SIM/bin/roslyn/System.Console.dll","1.0","2016-11-05T17:55:48Z","fethy.faradji@infopro-digital.com"
"14/09/2026 10:56:50","source/repos/srv_listener_folder/SF_VIEWER_AO_SIM/SF_VIEWER_AO_SIM/bin/roslyn/System.Diagnostics.DiagnosticSource.dll","1.0","2016-11-05T17:55:52Z","fethy.faradji@infopro-digital.com"
"14/09/2026 10:56:51","source/repos/srv_listener_folder/SF_VIEWER_AO_SIM/SF_VIEWER_AO_SIM/bin/roslyn/System.Diagnostics.FileVersionInfo.dll","1.0","2016-11-05T17:55:56Z","fethy.faradji@infopro-digital.com"
"14/09/2026 10:56:53","source/repos/srv_listener_folder/SF_VIEWER_AO_SIM/SF_VIEWER_AO_SIM/bin/roslyn/System.Diagnostics.StackTrace.dll","1.0","2016-11-05T17:55:52Z","fethy.faradji@infopro-digital.com"
"14/09/2026 10:56:53","source/repos/srv_listener_folder/SF_VIEWER_AO_SIM/SF_VIEWER_AO_SIM/bin/roslyn/System.Globalization.Calendars.dll","1.0","2016-11-05T17:56:02Z","fethy.faradji@infopro-digital.com"
"14/09/2026 10:56:55","source/repos/srv_listener_folder/SF_VIEWER_AO_SIM/SF_VIEWER_AO_SIM/bin/roslyn/System.IO.Compression.dll","1.0","2016-11-05T17:56:08Z","fethy.faradji@infopro-digital.com"
"14/09/2026 10:56:56","source/repos/srv_listener_folder/SF_VIEWER_AO_SIM/SF_VIEWER_AO_SIM/bin/roslyn/System.IO.Compression.ZipFile.dll","1.0","2016-11-05T17:56:04Z","fethy.faradji@infopro-digital.com"
"14/09/2026 10:56:57","source/repos/srv_listener_folder/SF_VIEWER_AO_SIM/SF_VIEWER_AO_SIM/bin/roslyn/System.IO.FileSystem.dll","1.0","2016-11-05T17:56:08Z","fethy.faradji@infopro-digital.com"
"14/09/2026 10:56:57","source/repos/srv_listener_folder/SF_VIEWER_AO_SIM/SF_VIEWER_AO_SIM/bin/roslyn/System.IO.FileSystem.Primitives.dll","1.0","2016-11-05T17:56:08Z","fethy.faradji@infopro-digital.com"
"14/09/2026 10:57:00","source/repos/srv_listener_folder/SF_VIEWER_AO_SIM/SF_VIEWER_AO_SIM/bin/roslyn/System.Net.Http.dll","1.0","2016-11-05T17:56:30Z","fethy.faradji@infopro-digital.com"
"14/09/2026 10:57:01","source/repos/srv_listener_folder/SF_VIEWER_AO_SIM/SF_VIEWER_AO_SIM/bin/roslyn/System.Net.Sockets.dll","1.0","2016-11-05T17:56:34Z","fethy.faradji@infopro-digital.com"
"14/09/2026 10:57:04","source/repos/srv_listener_folder/SF_VIEWER_AO_SIM/SF_VIEWER_AO_SIM/bin/roslyn/System.Reflection.Metadata.dll","1.0","2018-05-16T02:29:44Z","fethy.faradji@infopro-digital.com"
"14/09/2026 10:57:04","source/repos/srv_listener_folder/SF_VIEWER_AO_SIM/SF_VIEWER_AO_SIM/bin/roslyn/System.Runtime.InteropServices.RuntimeInformation.dll","1.0","2016-11-05T17:57:00Z","fethy.faradji@infopro-digital.com"
"14/09/2026 10:57:05","source/repos/srv_listener_folder/SF_VIEWER_AO_SIM/SF_VIEWER_AO_SIM/bin/roslyn/System.Security.Cryptography.Algorithms.dll","1.0","2016-11-05T17:57:14Z","fethy.faradji@infopro-digital.com"
"14/09/2026 10:57:06","source/repos/srv_listener_folder/SF_VIEWER_AO_SIM/SF_VIEWER_AO_SIM/bin/roslyn/System.Security.Cryptography.Encoding.dll","1.0","2016-11-05T17:57:08Z","fethy.faradji@infopro-digital.com"
"14/09/2026 10:57:09","source/repos/srv_listener_folder/SF_VIEWER_AO_SIM/SF_VIEWER_AO_SIM/bin/roslyn/System.Security.Cryptography.Primitives.dll","1.0","2016-11-05T17:57:18Z","fethy.faradji@infopro-digital.com"
"14/09/2026 10:57:09","source/repos/srv_listener_folder/SF_VIEWER_AO_SIM/SF_VIEWER_AO_SIM/bin/roslyn/System.Security.Cryptography.X509Certificates.dll","1.0","2016-11-05T17:57:18Z","fethy.faradji@infopro-digital.com"
"14/09/2026 10:57:10","source/repos/srv_listener_folder/SF_VIEWER_AO_SIM/SF_VIEWER_AO_SIM/bin/roslyn/System.Text.Encoding.CodePages.dll","1.0","2016-11-05T17:57:20Z","fethy.faradji@infopro-digital.com"
"14/09/2026 10:57:11","source/repos/srv_listener_folder/SF_VIEWER_AO_SIM/SF_VIEWER_AO_SIM/bin/roslyn/System.Threading.Tasks.Extensions.dll","1.0","2016-11-05T17:57:24Z","fethy.faradji@infopro-digital.com"
"14/09/2026 10:57:13","source/repos/srv_listener_folder/SF_VIEWER_AO_SIM/SF_VIEWER_AO_SIM/bin/roslyn/System.ValueTuple.dll","1.0","2016-11-05T17:57:30Z","fethy.faradji@infopro-digital.com"
"14/09/2026 10:57:14","source/repos/srv_listener_folder/SF_VIEWER_AO_SIM/SF_VIEWER_AO_SIM/bin/roslyn/System.Xml.ReaderWriter.dll","1.0","2016-11-05T17:57:36Z","fethy.faradji@infopro-digital.com"
"14/09/2026 10:57:15","source/repos/srv_listener_folder/SF_VIEWER_AO_SIM/SF_VIEWER_AO_SIM/bin/roslyn/System.Xml.XmlDocument.dll","1.0","2016-11-05T17:57:34Z","fethy.faradji@infopro-digital.com"
"14/09/2026 10:57:16","source/repos/srv_listener_folder/SF_VIEWER_AO_SIM/SF_VIEWER_AO_SIM/bin/roslyn/System.Xml.XPath.dll","1.0","2016-11-05T17:57:40Z","fethy.faradji@infopro-digital.com"
"14/09/2026 10:57:18","source/repos/srv_listener_folder/SF_VIEWER_AO_SIM/SF_VIEWER_AO_SIM/bin/roslyn/System.Xml.XPath.XDocument.dll","1.0","2016-11-05T17:57:34Z","fethy.faradji@infopro-digital.com"
"14/09/2026 10:57:19","source/repos/srv_listener_folder/SF_VIEWER_AO_SIM/SF_VIEWER_AO_SIM/bin/roslyn/vbc.exe","1.0","2018-08-08T04:38:48Z","fethy.faradji@infopro-digital.com"
"14/09/2026 10:57:20","source/repos/srv_listener_folder/SF_VIEWER_AO_SIM/SF_VIEWER_AO_SIM/bin/roslyn/vbc.exe.config","1.0","2018-08-08T11:18:18Z","fethy.faradji@infopro-digital.com"
"14/09/2026 10:57:20","source/repos/srv_listener_folder/SF_VIEWER_AO_SIM/SF_VIEWER_AO_SIM/bin/roslyn/vbc.rsp","1.0","2018-08-08T11:09:46Z","fethy.faradji@infopro-digital.com"
"14/09/2026 10:57:23","source/repos/srv_listener_folder/SF_VIEWER_AO_SIM/SF_VIEWER_AO_SIM/bin/roslyn/VBCSCompiler.exe","1.0","2018-08-08T04:38:48Z","fethy.faradji@infopro-digital.com"
"14/09/2026 10:57:23","source/repos/srv_listener_folder/SF_VIEWER_AO_SIM/SF_VIEWER_AO_SIM/bin/roslyn/VBCSCompiler.exe.config","1.0","2018-08-08T11:18:16Z","fethy.faradji@infopro-digital.com"
"14/09/2026 10:57:25","source/repos/srv_listener_folder/SF_VIEWER_AO_SIM/SF_VIEWER_AO_SIM/bin/Antlr3.Runtime.dll","1.0","2013-09-10T15:29:20Z","fethy.faradji@infopro-digital.com"
"14/09/2026 10:57:25","source/repos/srv_listener_folder/SF_VIEWER_AO_SIM/SF_VIEWER_AO_SIM/bin/Antlr3.Runtime.pdb","1.0","2013-09-10T15:29:20Z","fethy.faradji@infopro-digital.com"
"14/09/2026 10:57:28","source/repos/srv_listener_folder/SF_VIEWER_AO_SIM/SF_VIEWER_AO_SIM/bin/AspNet.ScriptManager.bootstrap.dll","1.0","2019-03-15T10:59:54Z","fethy.faradji@infopro-digital.com"
"14/09/2026 10:57:29","source/repos/srv_listener_folder/SF_VIEWER_AO_SIM/SF_VIEWER_AO_SIM/bin/AspNet.ScriptManager.jQuery.dll","1.0","2019-05-16T11:33:30Z","fethy.faradji@infopro-digital.com"
"14/09/2026 10:57:30","source/repos/srv_listener_folder/SF_VIEWER_AO_SIM/SF_VIEWER_AO_SIM/bin/Microsoft.AspNet.FriendlyUrls.dll","1.0","2013-07-30T15:57:30Z","fethy.faradji@infopro-digital.com"
"14/09/2026 10:57:31","source/repos/srv_listener_folder/SF_VIEWER_AO_SIM/SF_VIEWER_AO_SIM/bin/Microsoft.AspNet.FriendlyUrls.xml","1.0","2013-07-30T15:57:30Z","fethy.faradji@infopro-digital.com"
"14/09/2026 10:57:33","source/repos/srv_listener_folder/SF_VIEWER_AO_SIM/SF_VIEWER_AO_SIM/bin/Microsoft.AspNet.Web.Optimization.WebForms.dll","1.0","2014-02-11T14:26:04Z","fethy.faradji@infopro-digital.com"
"14/09/2026 10:57:34","source/repos/srv_listener_folder/SF_VIEWER_AO_SIM/SF_VIEWER_AO_SIM/bin/Microsoft.Bcl.AsyncInterfaces.xml","1.0","2021-10-22T23:42:08Z","fethy.faradji@infopro-digital.com"
"14/09/2026 10:57:35","source/repos/srv_listener_folder/SF_VIEWER_AO_SIM/SF_VIEWER_AO_SIM/bin/Microsoft.Bcl.AsyncInterfaces.dll","1.0","2021-10-22T23:42:08Z","fethy.faradji@infopro-digital.com"
"14/09/2026 10:57:36","source/repos/srv_listener_folder/SF_VIEWER_AO_SIM/SF_VIEWER_AO_SIM/bin/Microsoft.CodeDom.Providers.DotNetCompilerPlatform.dll","1.0","2018-09-05T15:10:50Z","fethy.faradji@infopro-digital.com"
"14/09/2026 10:57:38","source/repos/srv_listener_folder/SF_VIEWER_AO_SIM/SF_VIEWER_AO_SIM/bin/Microsoft.CodeDom.Providers.DotNetCompilerPlatform.xml","1.0","2018-09-05T15:05:34Z","fethy.faradji@infopro-digital.com"
"14/09/2026 10:57:39","source/repos/srv_listener_folder/SF_VIEWER_AO_SIM/SF_VIEWER_AO_SIM/bin/Microsoft.ScriptManager.MSAjax.dll","1.0","2013-09-06T10:20:12Z","fethy.faradji@infopro-digital.com"
"14/09/2026 10:57:40","source/repos/srv_listener_folder/SF_VIEWER_AO_SIM/SF_VIEWER_AO_SIM/bin/Microsoft.ScriptManager.WebForms.dll","1.0","2013-09-06T10:20:22Z","fethy.faradji@infopro-digital.com"
"14/09/2026 10:57:40","source/repos/srv_listener_folder/SF_VIEWER_AO_SIM/SF_VIEWER_AO_SIM/bin/Microsoft.Web.Infrastructure.dll","1.0","2012-07-25T10:48:56Z","fethy.faradji@infopro-digital.com"
"14/09/2026 10:57:43","source/repos/srv_listener_folder/SF_VIEWER_AO_SIM/SF_VIEWER_AO_SIM/bin/Newtonsoft.Json.dll","1.0","2019-04-22T00:06:16Z","fethy.faradji@infopro-digital.com"
"14/09/2026 10:57:44","source/repos/srv_listener_folder/SF_VIEWER_AO_SIM/SF_VIEWER_AO_SIM/bin/Newtonsoft.Json.xml","1.0","2019-04-21T23:57:26Z","fethy.faradji@infopro-digital.com"
"14/09/2026 10:57:45","source/repos/srv_listener_folder/SF_VIEWER_AO_SIM/SF_VIEWER_AO_SIM/bin/Oracle.ManagedDataAccess.dll","1.0","2023-01-11T01:09:58Z","fethy.faradji@infopro-digital.com"
"14/09/2026 10:57:45","source/repos/srv_listener_folder/SF_VIEWER_AO_SIM/SF_VIEWER_AO_SIM/bin/SF_VIEWER_AO_SIM.dll","1.0","2023-02-09T10:25:48Z","fethy.faradji@infopro-digital.com"
"14/09/2026 10:57:47","source/repos/srv_listener_folder/SF_VIEWER_AO_SIM/SF_VIEWER_AO_SIM/bin/SF_VIEWER_AO_SIM.dll","2.0","2023-02-14T15:47:22Z","fethy.faradji@infopro-digital.com"
"14/09/2026 10:57:48","source/repos/srv_listener_folder/SF_VIEWER_AO_SIM/SF_VIEWER_AO_SIM/bin/SF_VIEWER_AO_SIM.dll.config","1.0","2023-02-09T10:13:26Z","fethy.faradji@infopro-digital.com"
"14/09/2026 10:57:48","source/repos/srv_listener_folder/SF_VIEWER_AO_SIM/SF_VIEWER_AO_SIM/bin/SF_VIEWER_AO_SIM.dll","3.0","2023-02-15T16:23:50Z","fethy.faradji@infopro-digital.com"
"14/09/2026 10:57:49","source/repos/srv_listener_folder/SF_VIEWER_AO_SIM/SF_VIEWER_AO_SIM/bin/SF_VIEWER_AO_SIM.pdb","1.0","2023-02-09T10:25:48Z","fethy.faradji@infopro-digital.com"
"14/09/2026 10:57:49","source/repos/srv_listener_folder/SF_VIEWER_AO_SIM/SF_VIEWER_AO_SIM/bin/SF_VIEWER_AO_SIM.dll","4.0","2023-06-28T14:57:08Z","fethy.faradji@infopro-digital.com"
"14/09/2026 10:57:49","source/repos/srv_listener_folder/SF_VIEWER_AO_SIM/SF_VIEWER_AO_SIM/bin/SF_VIEWER_AO_SIM.dll.config","2.0","2023-06-28T14:59:24Z","fethy.faradji@infopro-digital.com"
"14/09/2026 10:57:50","source/repos/srv_listener_folder/SF_VIEWER_AO_SIM/SF_VIEWER_AO_SIM/bin/System.Buffers.dll","1.0","2020-02-19T10:05:18Z","fethy.faradji@infopro-digital.com"
"14/09/2026 10:57:50","source/repos/srv_listener_folder/SF_VIEWER_AO_SIM/SF_VIEWER_AO_SIM/bin/SF_VIEWER_AO_SIM.dll","5.0","2023-06-28T15:03:27Z","fethy.faradji@infopro-digital.com"
"14/09/2026 10:57:51","source/repos/srv_listener_folder/SF_VIEWER_AO_SIM/SF_VIEWER_AO_SIM/bin/SF_VIEWER_AO_SIM.dll.config","3.0","2023-06-28T15:01:47Z","fethy.faradji@infopro-digital.com"
"14/09/2026 10:57:51","source/repos/srv_listener_folder/SF_VIEWER_AO_SIM/SF_VIEWER_AO_SIM/bin/SF_VIEWER_AO_SIM.pdb","2.0","2023-02-14T15:47:22Z","fethy.faradji@infopro-digital.com"
"14/09/2026 10:57:51","source/repos/srv_listener_folder/SF_VIEWER_AO_SIM/SF_VIEWER_AO_SIM/bin/SF_VIEWER_AO_SIM.dll","6.0","2023-07-19T14:42:37Z","fethy.faradji@infopro-digital.com"
"14/09/2026 10:57:52","source/repos/srv_listener_folder/SF_VIEWER_AO_SIM/SF_VIEWER_AO_SIM/bin/SF_VIEWER_AO_SIM.dll.config","4.0","2023-07-19T14:45:37Z","fethy.faradji@infopro-digital.com"
"14/09/2026 10:57:52","source/repos/srv_listener_folder/SF_VIEWER_AO_SIM/SF_VIEWER_AO_SIM/bin/SF_VIEWER_AO_SIM.pdb","3.0","2023-02-15T16:23:50Z","fethy.faradji@infopro-digital.com"
"14/09/2026 10:57:53","source/repos/srv_listener_folder/SF_VIEWER_AO_SIM/SF_VIEWER_AO_SIM/bin/SF_VIEWER_AO_SIM.dll","7.0","2023-07-19T14:49:37Z","fethy.faradji@infopro-digital.com"
"14/09/2026 10:57:54","source/repos/srv_listener_folder/SF_VIEWER_AO_SIM/SF_VIEWER_AO_SIM/bin/System.Buffers.xml","1.0","2020-02-19T10:05:18Z","fethy.faradji@infopro-digital.com"
"14/09/2026 10:57:54","source/repos/srv_listener_folder/SF_VIEWER_AO_SIM/SF_VIEWER_AO_SIM/bin/SF_VIEWER_AO_SIM.pdb","4.0","2023-06-28T14:57:08Z","fethy.faradji@infopro-digital.com"
"14/09/2026 10:57:54","source/repos/srv_listener_folder/SF_VIEWER_AO_SIM/SF_VIEWER_AO_SIM/bin/SF_VIEWER_AO_SIM.dll","8.0","2023-07-19T15:14:19Z","fethy.faradji@infopro-digital.com"
"14/09/2026 10:57:55","source/repos/srv_listener_folder/SF_VIEWER_AO_SIM/SF_VIEWER_AO_SIM/bin/SF_VIEWER_AO_SIM.pdb","5.0","2023-06-28T15:03:27Z","fethy.faradji@infopro-digital.com"
"14/09/2026 10:57:55","source/repos/srv_listener_folder/SF_VIEWER_AO_SIM/SF_VIEWER_AO_SIM/bin/System.Memory.dll","1.0","2020-02-19T10:05:18Z","fethy.faradji@infopro-digital.com"
"14/09/2026 10:57:56","source/repos/srv_listener_folder/SF_VIEWER_AO_SIM/SF_VIEWER_AO_SIM/bin/SF_VIEWER_AO_SIM.pdb","6.0","2023-07-19T14:42:37Z","fethy.faradji@infopro-digital.com"
"14/09/2026 10:57:57","source/repos/srv_listener_folder/SF_VIEWER_AO_SIM/SF_VIEWER_AO_SIM/bin/SF_VIEWER_AO_SIM.pdb","7.0","2023-07-19T14:49:37Z","fethy.faradji@infopro-digital.com"
"14/09/2026 10:57:58","source/repos/srv_listener_folder/SF_VIEWER_AO_SIM/SF_VIEWER_AO_SIM/bin/System.Memory.xml","1.0","2020-02-19T10:05:18Z","fethy.faradji@infopro-digital.com"
"14/09/2026 10:57:58","source/repos/srv_listener_folder/SF_VIEWER_AO_SIM/SF_VIEWER_AO_SIM/bin/SF_VIEWER_AO_SIM.pdb","8.0","2023-07-19T15:14:19Z","fethy.faradji@infopro-digital.com"
"14/09/2026 10:57:58","source/repos/srv_listener_folder/SF_VIEWER_AO_SIM/SF_VIEWER_AO_SIM/bin/System.Numerics.Vectors.dll","1.0","2018-05-15T13:29:44Z","fethy.faradji@infopro-digital.com"
"14/09/2026 10:58:00","source/repos/srv_listener_folder/SF_VIEWER_AO_SIM/SF_VIEWER_AO_SIM/bin/System.Numerics.Vectors.xml","1.0","2018-05-15T13:29:44Z","fethy.faradji@infopro-digital.com"
"14/09/2026 10:58:02","source/repos/srv_listener_folder/SF_VIEWER_AO_SIM/SF_VIEWER_AO_SIM/bin/System.Runtime.CompilerServices.Unsafe.dll","1.0","2021-10-22T23:40:18Z","fethy.faradji@infopro-digital.com"
"14/09/2026 10:58:03","source/repos/srv_listener_folder/SF_VIEWER_AO_SIM/SF_VIEWER_AO_SIM/bin/System.Runtime.CompilerServices.Unsafe.xml","1.0","2021-10-19T07:14:20Z","fethy.faradji@infopro-digital.com"
"14/09/2026 10:58:03","source/repos/srv_listener_folder/SF_VIEWER_AO_SIM/SF_VIEWER_AO_SIM/bin/System.Text.Encodings.Web.dll","1.0","2021-10-22T23:41:14Z","fethy.faradji@infopro-digital.com"
"14/09/2026 10:58:04","source/repos/srv_listener_folder/SF_VIEWER_AO_SIM/SF_VIEWER_AO_SIM/bin/System.Text.Encodings.Web.xml","1.0","2021-10-19T07:14:20Z","fethy.faradji@infopro-digital.com"
"14/09/2026 10:58:07","source/repos/srv_listener_folder/SF_VIEWER_AO_SIM/SF_VIEWER_AO_SIM/bin/System.Text.Json.dll","1.0","2021-10-22T23:44:26Z","fethy.faradji@infopro-digital.com"
"14/09/2026 10:58:07","source/repos/srv_listener_folder/SF_VIEWER_AO_SIM/SF_VIEWER_AO_SIM/bin/System.Text.Json.xml","1.0","2021-10-19T07:14:20Z","fethy.faradji@infopro-digital.com"
"14/09/2026 10:58:08","source/repos/srv_listener_folder/SF_VIEWER_AO_SIM/SF_VIEWER_AO_SIM/bin/System.Threading.Tasks.Extensions.dll","1.0","2020-02-19T10:05:18Z","fethy.faradji@infopro-digital.com"
"14/09/2026 10:58:09","source/repos/srv_listener_folder/SF_VIEWER_AO_SIM/SF_VIEWER_AO_SIM/bin/System.Threading.Tasks.Extensions.xml","1.0","2020-02-19T10:05:18Z","fethy.faradji@infopro-digital.com"
"14/09/2026 10:58:11","source/repos/srv_listener_folder/SF_VIEWER_AO_SIM/SF_VIEWER_AO_SIM/bin/System.ValueTuple.dll","1.0","2018-05-15T13:29:52Z","fethy.faradji@infopro-digital.com"
"14/09/2026 10:58:11","source/repos/srv_listener_folder/SF_VIEWER_AO_SIM/SF_VIEWER_AO_SIM/bin/System.ValueTuple.xml","1.0","2018-05-15T13:29:52Z","fethy.faradji@infopro-digital.com"
"14/09/2026 10:58:13","source/repos/srv_listener_folder/SF_VIEWER_AO_SIM/SF_VIEWER_AO_SIM/bin/System.Web.Optimization.dll","1.0","2014-02-11T14:26:04Z","fethy.faradji@infopro-digital.com"
"14/09/2026 10:58:14","source/repos/srv_listener_folder/SF_VIEWER_AO_SIM/SF_VIEWER_AO_SIM/bin/System.Web.Optimization.xml","1.0","2014-02-11T14:26:04Z","fethy.faradji@infopro-digital.com"
"14/09/2026 10:58:16","source/repos/srv_listener_folder/SF_VIEWER_AO_SIM/SF_VIEWER_AO_SIM/bin/WebGrease.dll","1.0","2014-01-23T12:57:34Z","fethy.faradji@infopro-digital.com"
"14/09/2026 10:58:18","source/repos/srv_listener_folder/SF_VIEWER_AO_SIM/SF_VIEWER_AO_SIM/Content/bootstrap.css","1.0","2023-02-09T10:06:32Z","fethy.faradji@infopro-digital.com"
"14/09/2026 10:58:18","source/repos/srv_listener_folder/SF_VIEWER_AO_SIM/SF_VIEWER_AO_SIM/Content/bootstrap.css.map","1.0","2023-02-09T10:06:32Z","fethy.faradji@infopro-digital.com"
"14/09/2026 10:58:19","source/repos/srv_listener_folder/SF_VIEWER_AO_SIM/SF_VIEWER_AO_SIM/Content/bootstrap.min.css","1.0","2023-02-09T10:06:32Z","fethy.faradji@infopro-digital.com"
"14/09/2026 10:58:21","source/repos/srv_listener_folder/SF_VIEWER_AO_SIM/SF_VIEWER_AO_SIM/Content/bootstrap.min.css.map","1.0","2023-02-09T10:06:32Z","fethy.faradji@infopro-digital.com"
"14/09/2026 10:58:24","source/repos/srv_listener_folder/SF_VIEWER_AO_SIM/SF_VIEWER_AO_SIM/Content/bootstrap-theme.css","1.0","2023-02-09T10:06:32Z","fethy.faradji@infopro-digital.com"
"14/09/2026 10:58:25","source/repos/srv_listener_folder/SF_VIEWER_AO_SIM/SF_VIEWER_AO_SIM/Content/bootstrap-theme.css.map","1.0","2023-02-09T10:06:32Z","fethy.faradji@infopro-digital.com"
"14/09/2026 10:58:26","source/repos/srv_listener_folder/SF_VIEWER_AO_SIM/SF_VIEWER_AO_SIM/Content/bootstrap-theme.min.css","1.0","2023-02-09T10:06:32Z","fethy.faradji@infopro-digital.com"
"14/09/2026 10:58:28","source/repos/srv_listener_folder/SF_VIEWER_AO_SIM/SF_VIEWER_AO_SIM/Content/bootstrap-theme.min.css.map","1.0","2023-02-09T10:06:32Z","fethy.faradji@infopro-digital.com"
"14/09/2026 10:58:29","source/repos/srv_listener_folder/SF_VIEWER_AO_SIM/SF_VIEWER_AO_SIM/Content/Site.css","1.0","2023-02-09T10:06:28Z","fethy.faradji@infopro-digital.com"
"14/09/2026 10:58:31","source/repos/srv_listener_folder/SF_VIEWER_AO_SIM/SF_VIEWER_AO_SIM/fonts/glyphicons-halflings-regular.eot","1.0","2023-02-09T10:06:32Z","fethy.faradji@infopro-digital.com"
"14/09/2026 10:58:31","source/repos/srv_listener_folder/SF_VIEWER_AO_SIM/SF_VIEWER_AO_SIM/fonts/glyphicons-halflings-regular.svg","1.0","2023-02-09T10:06:32Z","fethy.faradji@infopro-digital.com"
"14/09/2026 10:58:33","source/repos/srv_listener_folder/SF_VIEWER_AO_SIM/SF_VIEWER_AO_SIM/fonts/glyphicons-halflings-regular.ttf","1.0","2023-02-09T10:06:32Z","fethy.faradji@infopro-digital.com"
"14/09/2026 10:58:35","source/repos/srv_listener_folder/SF_VIEWER_AO_SIM/SF_VIEWER_AO_SIM/fonts/glyphicons-halflings-regular.woff","1.0","2023-02-09T10:06:31Z","fethy.faradji@infopro-digital.com"
"14/09/2026 10:58:37","source/repos/srv_listener_folder/SF_VIEWER_AO_SIM/SF_VIEWER_AO_SIM/fonts/glyphicons-halflings-regular.woff2","1.0","2023-02-09T10:06:31Z","fethy.faradji@infopro-digital.com"
"14/09/2026 10:58:38","source/repos/srv_listener_folder/SF_VIEWER_AO_SIM/SF_VIEWER_AO_SIM/obj/Debug/.NETFramework,Version=v4.8.AssemblyAttributes.cs","1.0","2023-06-28T14:56:24Z","fethy.faradji@infopro-digital.com"
"14/09/2026 10:58:38","source/repos/srv_listener_folder/SF_VIEWER_AO_SIM/SF_VIEWER_AO_SIM/obj/Debug/DesignTimeResolveAssemblyReferences.cache","1.0","2023-07-19T14:43:55Z","fethy.faradji@infopro-digital.com"
"14/09/2026 10:58:41","source/repos/srv_listener_folder/SF_VIEWER_AO_SIM/SF_VIEWER_AO_SIM/obj/Debug/DesignTimeResolveAssemblyReferencesInput.cache","1.0","2023-02-09T10:10:54Z","fethy.faradji@infopro-digital.com"
"14/09/2026 10:58:42","source/repos/srv_listener_folder/SF_VIEWER_AO_SIM/SF_VIEWER_AO_SIM/obj/Debug/SF_VIEWER_AO_SIM.csproj.AssemblyReference.cache","1.0","2023-02-09T11:11:32Z","fethy.faradji@infopro-digital.com"
"14/09/2026 10:58:42","source/repos/srv_listener_folder/SF_VIEWER_AO_SIM/SF_VIEWER_AO_SIM/obj/Debug/SF_VIEWER_AO_SIM.csproj.CopyComplete","1.0","2023-02-09T10:25:48Z","fethy.faradji@infopro-digital.com"
"14/09/2026 10:58:42","source/repos/srv_listener_folder/SF_VIEWER_AO_SIM/SF_VIEWER_AO_SIM/obj/Debug/DesignTimeResolveAssemblyReferencesInput.cache","2.0","2023-02-16T10:12:35Z","fethy.faradji@infopro-digital.com"
"14/09/2026 10:58:43","source/repos/srv_listener_folder/SF_VIEWER_AO_SIM/SF_VIEWER_AO_SIM/obj/Debug/SF_VIEWER_AO_SIM.csproj.CoreCompileInputs.cache","1.0","2023-02-09T10:23:59Z","fethy.faradji@infopro-digital.com"
"14/09/2026 10:58:44","source/repos/srv_listener_folder/SF_VIEWER_AO_SIM/SF_VIEWER_AO_SIM/obj/Debug/SF_VIEWER_AO_SIM.csproj.AssemblyReference.cache","2.0","2023-02-09T11:16:00Z","fethy.faradji@infopro-digital.com"
"14/09/2026 10:58:44","source/repos/srv_listener_folder/SF_VIEWER_AO_SIM/SF_VIEWER_AO_SIM/obj/Debug/DesignTimeResolveAssemblyReferencesInput.cache","3.0","2023-06-28T14:56:24Z","fethy.faradji@infopro-digital.com"
"14/09/2026 10:58:45","source/repos/srv_listener_folder/SF_VIEWER_AO_SIM/SF_VIEWER_AO_SIM/obj/Debug/SF_VIEWER_AO_SIM.csproj.AssemblyReference.cache","3.0","2023-02-09T14:28:14Z","fethy.faradji@infopro-digital.com"
"14/09/2026 10:58:45","source/repos/srv_listener_folder/SF_VIEWER_AO_SIM/SF_VIEWER_AO_SIM/obj/Debug/DesignTimeResolveAssemblyReferencesInput.cache","4.0","2023-07-19T14:23:19Z","fethy.faradji@infopro-digital.com"
"14/09/2026 10:58:46","source/repos/srv_listener_folder/SF_VIEWER_AO_SIM/SF_VIEWER_AO_SIM/obj/Debug/SF_VIEWER_AO_SIM.csproj.AssemblyReference.cache","4.0","2023-02-14T15:47:24Z","fethy.faradji@infopro-digital.com"
"14/09/2026 10:58:46","source/repos/srv_listener_folder/SF_VIEWER_AO_SIM/SF_VIEWER_AO_SIM/obj/Debug/SF_VIEWER_AO_SIM.csproj.FileListAbsolute.txt","1.0","2023-02-09T10:25:49Z","fethy.faradji@infopro-digital.com"
"14/09/2026 10:58:46","source/repos/srv_listener_folder/SF_VIEWER_AO_SIM/SF_VIEWER_AO_SIM/obj/Debug/DesignTimeResolveAssemblyReferencesInput.cache","5.0","2023-07-21T07:41:45Z","fethy.faradji@infopro-digital.com"
"14/09/2026 10:58:47","source/repos/srv_listener_folder/SF_VIEWER_AO_SIM/SF_VIEWER_AO_SIM/obj/Debug/SF_VIEWER_AO_SIM.csproj.AssemblyReference.cache","5.0","2023-02-15T16:23:49Z","fethy.faradji@infopro-digital.com"
"14/09/2026 10:58:47","source/repos/srv_listener_folder/SF_VIEWER_AO_SIM/SF_VIEWER_AO_SIM/obj/Debug/SF_VIEWER_AO_SIM.dll","1.0","2023-02-09T10:25:48Z","fethy.faradji@infopro-digital.com"
"14/09/2026 10:58:48","source/repos/srv_listener_folder/SF_VIEWER_AO_SIM/SF_VIEWER_AO_SIM/obj/Debug/SF_VIEWER_AO_SIM.csproj.FileListAbsolute.txt","2.0","2023-07-19T14:35:39Z","fethy.faradji@infopro-digital.com"
"14/09/2026 10:58:49","source/repos/srv_listener_folder/SF_VIEWER_AO_SIM/SF_VIEWER_AO_SIM/obj/Debug/SF_VIEWER_AO_SIM.csproj.AssemblyReference.cache","6.0","2023-02-16T10:12:35Z","fethy.faradji@infopro-digital.com"
"14/09/2026 10:58:50","source/repos/srv_listener_folder/SF_VIEWER_AO_SIM/SF_VIEWER_AO_SIM/obj/Debug/SF_VIEWER_AO_SIM.dll","2.0","2023-02-15T16:23:50Z","fethy.faradji@infopro-digital.com"
"14/09/2026 10:58:50","source/repos/srv_listener_folder/SF_VIEWER_AO_SIM/SF_VIEWER_AO_SIM/obj/Debug/SF_VIEWER_AO_SIM.csproj.AssemblyReference.cache","7.0","2023-06-28T14:56:24Z","fethy.faradji@infopro-digital.com"
"14/09/2026 10:58:50","source/repos/srv_listener_folder/SF_VIEWER_AO_SIM/SF_VIEWER_AO_SIM/obj/Debug/SF_VIEWER_AO_SIM.pdb","1.0","2023-02-09T10:25:48Z","fethy.faradji@infopro-digital.com"
"14/09/2026 10:58:51","source/repos/srv_listener_folder/SF_VIEWER_AO_SIM/SF_VIEWER_AO_SIM/obj/Debug/SF_VIEWER_AO_SIM.dll","3.0","2023-06-28T14:57:08Z","fethy.faradji@infopro-digital.com"
"14/09/2026 10:58:51","source/repos/srv_listener_folder/SF_VIEWER_AO_SIM/SF_VIEWER_AO_SIM/obj/Debug/SF_VIEWER_AO_SIM.csproj.AssemblyReference.cache","8.0","2023-06-28T14:57:07Z","fethy.faradji@infopro-digital.com"
"14/09/2026 10:58:52","source/repos/srv_listener_folder/SF_VIEWER_AO_SIM/SF_VIEWER_AO_SIM/obj/Debug/SF_VIEWER_AO_SIM.pdb","2.0","2023-02-15T16:23:50Z","fethy.faradji@infopro-digital.com"
"14/09/2026 10:58:52","source/repos/srv_listener_folder/SF_VIEWER_AO_SIM/SF_VIEWER_AO_SIM/obj/Debug/SF_VIEWER_AO_SIM.csproj.AssemblyReference.cache","9.0","2023-06-28T14:59:24Z","fethy.faradji@infopro-digital.com"
"14/09/2026 10:58:52","source/repos/srv_listener_folder/SF_VIEWER_AO_SIM/SF_VIEWER_AO_SIM/obj/Debug/SF_VIEWER_AO_SIM.dll","4.0","2023-07-19T14:42:37Z","fethy.faradji@infopro-digital.com"
"14/09/2026 10:58:53","source/repos/srv_listener_folder/SF_VIEWER_AO_SIM/SF_VIEWER_AO_SIM/obj/Debug/SF_VIEWER_AO_SIM.pdb","3.0","2023-06-28T14:57:08Z","fethy.faradji@infopro-digital.com"
"14/09/2026 10:58:53","source/repos/srv_listener_folder/SF_VIEWER_AO_SIM/SF_VIEWER_AO_SIM/obj/Debug/SF_VIEWER_AO_SIM.csproj.AssemblyReference.cache","10.0","2023-07-19T14:23:19Z","fethy.faradji@infopro-digital.com"
"14/09/2026 10:58:53","source/repos/srv_listener_folder/SF_VIEWER_AO_SIM/SF_VIEWER_AO_SIM/obj/Debug/SF_VIEWER_AO_SIM.dll","5.0","2023-07-19T14:49:37Z","fethy.faradji@infopro-digital.com"
"14/09/2026 10:58:54","source/repos/srv_listener_folder/SF_VIEWER_AO_SIM/SF_VIEWER_AO_SIM/obj/Debug/SF_VIEWER_AO_SIM.pdb","4.0","2023-07-19T14:42:37Z","fethy.faradji@infopro-digital.com"
"14/09/2026 10:58:54","source/repos/srv_listener_folder/SF_VIEWER_AO_SIM/SF_VIEWER_AO_SIM/obj/Debug/SF_VIEWER_AO_SIM.csproj.AssemblyReference.cache","11.0","2023-07-19T14:35:38Z","fethy.faradji@infopro-digital.com"
"14/09/2026 10:58:54","source/repos/srv_listener_folder/SF_VIEWER_AO_SIM/SF_VIEWER_AO_SIM/obj/Debug/SF_VIEWER_AO_SIM.dll","6.0","2023-07-19T15:14:19Z","fethy.faradji@infopro-digital.com"
"14/09/2026 10:58:54","source/repos/srv_listener_folder/SF_VIEWER_AO_SIM/SF_VIEWER_AO_SIM/obj/Debug/SF_VIEWER_AO_SIM.pdb","5.0","2023-07-19T14:49:37Z","fethy.faradji@infopro-digital.com"
"14/09/2026 10:58:55","source/repos/srv_listener_folder/SF_VIEWER_AO_SIM/SF_VIEWER_AO_SIM/obj/Debug/SF_VIEWER_AO_SIM.csproj.AssemblyReference.cache","12.0","2023-07-19T14:42:36Z","fethy.faradji@infopro-digital.com"
"14/09/2026 10:58:55","source/repos/srv_listener_folder/SF_VIEWER_AO_SIM/SF_VIEWER_AO_SIM/obj/Release/Package/PackageTmp/bin/fr/Microsoft.AspNet.FriendlyUrls.resources.dll","1.0","2013-07-30T17:01:48Z","fethy.faradji@infopro-digital.com"
"14/09/2026 10:58:56","source/repos/srv_listener_folder/SF_VIEWER_AO_SIM/SF_VIEWER_AO_SIM/obj/Debug/SF_VIEWER_AO_SIM.pdb","6.0","2023-07-19T15:14:19Z","fethy.faradji@infopro-digital.com"
"14/09/2026 10:58:56","source/repos/srv_listener_folder/SF_VIEWER_AO_SIM/SF_VIEWER_AO_SIM/obj/Debug/SF_VIEWER_AO_SIM.csproj.AssemblyReference.cache","13.0","2023-07-19T15:14:18Z","fethy.faradji@infopro-digital.com"
"14/09/2026 10:58:57","source/repos/srv_listener_folder/SF_VIEWER_AO_SIM/SF_VIEWER_AO_SIM/obj/Debug/SF_VIEWER_AO_SIM.csproj.AssemblyReference.cache","14.0","2023-07-21T07:41:45Z","fethy.faradji@infopro-digital.com"
"14/09/2026 10:58:58","source/repos/srv_listener_folder/SF_VIEWER_AO_SIM/SF_VIEWER_AO_SIM/obj/Release/Package/PackageTmp/bin/fr/System.Web.Optimization.resources.dll","1.0","2014-02-11T15:28:42Z","fethy.faradji@infopro-digital.com"
"14/09/2026 10:59:00","source/repos/srv_listener_folder/SF_VIEWER_AO_SIM/SF_VIEWER_AO_SIM/obj/Release/Package/PackageTmp/bin/roslyn/csc.exe","1.0","2018-08-08T04:38:48Z","fethy.faradji@infopro-digital.com"
"14/09/2026 10:59:01","source/repos/srv_listener_folder/SF_VIEWER_AO_SIM/SF_VIEWER_AO_SIM/obj/Release/Package/PackageTmp/bin/roslyn/csc.exe.config","1.0","2018-08-08T11:18:12Z","fethy.faradji@infopro-digital.com"
"14/09/2026 10:59:01","source/repos/srv_listener_folder/SF_VIEWER_AO_SIM/SF_VIEWER_AO_SIM/obj/Release/Package/PackageTmp/bin/roslyn/csc.rsp","1.0","2018-08-08T11:09:42Z","fethy.faradji@infopro-digital.com"
"14/09/2026 10:59:03","source/repos/srv_listener_folder/SF_VIEWER_AO_SIM/SF_VIEWER_AO_SIM/obj/Release/Package/PackageTmp/bin/roslyn/csi.exe","1.0","2018-08-08T04:38:48Z","fethy.faradji@infopro-digital.com"
"14/09/2026 10:59:06","source/repos/srv_listener_folder/SF_VIEWER_AO_SIM/SF_VIEWER_AO_SIM/obj/Release/Package/PackageTmp/bin/roslyn/csi.exe.config","1.0","2018-08-08T11:18:34Z","fethy.faradji@infopro-digital.com"
"14/09/2026 10:59:06","source/repos/srv_listener_folder/SF_VIEWER_AO_SIM/SF_VIEWER_AO_SIM/obj/Release/Package/PackageTmp/bin/roslyn/csi.rsp","1.0","2018-08-08T11:09:56Z","fethy.faradji@infopro-digital.com"
"14/09/2026 10:59:06","source/repos/srv_listener_folder/SF_VIEWER_AO_SIM/SF_VIEWER_AO_SIM/obj/Release/Package/PackageTmp/bin/roslyn/Microsoft.Build.Tasks.CodeAnalysis.dll","1.0","2018-08-08T04:38:48Z","fethy.faradji@infopro-digital.com"
"14/09/2026 10:59:08","source/repos/srv_listener_folder/SF_VIEWER_AO_SIM/SF_VIEWER_AO_SIM/obj/Release/Package/PackageTmp/bin/roslyn/Microsoft.CodeAnalysis.CSharp.dll","1.0","2018-08-08T04:38:48Z","fethy.faradji@infopro-digital.com"
"14/09/2026 10:59:10","source/repos/srv_listener_folder/SF_VIEWER_AO_SIM/SF_VIEWER_AO_SIM/obj/Release/Package/PackageTmp/bin/roslyn/Microsoft.CodeAnalysis.CSharp.Scripting.dll","1.0","2018-08-08T04:38:48Z","fethy.faradji@infopro-digital.com"
"14/09/2026 10:59:11","source/repos/srv_listener_folder/SF_VIEWER_AO_SIM/SF_VIEWER_AO_SIM/obj/Release/Package/PackageTmp/bin/roslyn/Microsoft.CodeAnalysis.dll","1.0","2018-08-08T04:38:48Z","fethy.faradji@infopro-digital.com"
"14/09/2026 10:59:11","source/repos/srv_listener_folder/SF_VIEWER_AO_SIM/SF_VIEWER_AO_SIM/obj/Release/Package/PackageTmp/bin/roslyn/Microsoft.CodeAnalysis.Scripting.dll","1.0","2018-08-08T04:38:48Z","fethy.faradji@infopro-digital.com"
"14/09/2026 10:59:13","source/repos/srv_listener_folder/SF_VIEWER_AO_SIM/SF_VIEWER_AO_SIM/obj/Release/Package/PackageTmp/bin/roslyn/Microsoft.CodeAnalysis.VisualBasic.dll","1.0","2018-08-08T04:38:48Z","fethy.faradji@infopro-digital.com"
"14/09/2026 10:59:14","source/repos/srv_listener_folder/SF_VIEWER_AO_SIM/SF_VIEWER_AO_SIM/obj/Release/Package/PackageTmp/bin/roslyn/Microsoft.CSharp.Core.targets","1.0","2018-08-08T11:09:42Z","fethy.faradji@infopro-digital.com"
"14/09/2026 10:59:16","source/repos/srv_listener_folder/SF_VIEWER_AO_SIM/SF_VIEWER_AO_SIM/obj/Release/Package/PackageTmp/bin/roslyn/Microsoft.DiaSymReader.Native.amd64.dll","1.0","2017-12-05T08:36:44Z","fethy.faradji@infopro-digital.com"
"14/09/2026 10:59:16","source/repos/srv_listener_folder/SF_VIEWER_AO_SIM/SF_VIEWER_AO_SIM/obj/Release/Package/PackageTmp/bin/roslyn/Microsoft.DiaSymReader.Native.x86.dll","1.0","2017-12-05T08:36:44Z","fethy.faradji@infopro-digital.com"
"14/09/2026 10:59:18","source/repos/srv_listener_folder/SF_VIEWER_AO_SIM/SF_VIEWER_AO_SIM/obj/Release/Package/PackageTmp/bin/roslyn/Microsoft.Managed.Core.targets","1.0","2018-08-08T11:09:42Z","fethy.faradji@infopro-digital.com"
"14/09/2026 10:59:19","source/repos/srv_listener_folder/SF_VIEWER_AO_SIM/SF_VIEWER_AO_SIM/obj/Release/Package/PackageTmp/bin/roslyn/Microsoft.VisualBasic.Core.targets","1.0","2018-08-08T11:09:42Z","fethy.faradji@infopro-digital.com"
"14/09/2026 10:59:21","source/repos/srv_listener_folder/SF_VIEWER_AO_SIM/SF_VIEWER_AO_SIM/obj/Release/Package/PackageTmp/bin/roslyn/Microsoft.Win32.Primitives.dll","1.0","2016-11-05T17:55:32Z","fethy.faradji@infopro-digital.com"
"14/09/2026 10:59:21","source/repos/srv_listener_folder/SF_VIEWER_AO_SIM/SF_VIEWER_AO_SIM/obj/Release/Package/PackageTmp/bin/roslyn/System.AppContext.dll","1.0","2016-11-05T17:55:34Z","fethy.faradji@infopro-digital.com"
"14/09/2026 10:59:23","source/repos/srv_listener_folder/SF_VIEWER_AO_SIM/SF_VIEWER_AO_SIM/obj/Release/Package/PackageTmp/bin/roslyn/System.Collections.Immutable.dll","1.0","2018-05-16T02:29:34Z","fethy.faradji@infopro-digital.com"
"14/09/2026 10:59:24","source/repos/srv_listener_folder/SF_VIEWER_AO_SIM/SF_VIEWER_AO_SIM/obj/Release/Package/PackageTmp/bin/roslyn/System.Console.dll","1.0","2016-11-05T17:55:48Z","fethy.faradji@infopro-digital.com"
"14/09/2026 10:59:25","source/repos/srv_listener_folder/SF_VIEWER_AO_SIM/SF_VIEWER_AO_SIM/obj/Release/Package/PackageTmp/bin/roslyn/System.Diagnostics.DiagnosticSource.dll","1.0","2016-11-05T17:55:52Z","fethy.faradji@infopro-digital.com"
"14/09/2026 10:59:27","source/repos/srv_listener_folder/SF_VIEWER_AO_SIM/SF_VIEWER_AO_SIM/obj/Release/Package/PackageTmp/bin/roslyn/System.Diagnostics.FileVersionInfo.dll","1.0","2016-11-05T17:55:56Z","fethy.faradji@infopro-digital.com"
"14/09/2026 10:59:28","source/repos/srv_listener_folder/SF_VIEWER_AO_SIM/SF_VIEWER_AO_SIM/obj/Release/Package/PackageTmp/bin/roslyn/System.Diagnostics.StackTrace.dll","1.0","2016-11-05T17:55:52Z","fethy.faradji@infopro-digital.com"
"14/09/2026 10:59:29","source/repos/srv_listener_folder/SF_VIEWER_AO_SIM/SF_VIEWER_AO_SIM/obj/Release/Package/PackageTmp/bin/roslyn/System.Globalization.Calendars.dll","1.0","2016-11-05T17:56:02Z","fethy.faradji@infopro-digital.com"
"14/09/2026 10:59:30","source/repos/srv_listener_folder/SF_VIEWER_AO_SIM/SF_VIEWER_AO_SIM/obj/Release/Package/PackageTmp/bin/roslyn/System.IO.Compression.dll","1.0","2016-11-05T17:56:08Z","fethy.faradji@infopro-digital.com"
"14/09/2026 10:59:32","source/repos/srv_listener_folder/SF_VIEWER_AO_SIM/SF_VIEWER_AO_SIM/obj/Release/Package/PackageTmp/bin/roslyn/System.IO.FileSystem.dll","1.0","2016-11-05T17:56:08Z","fethy.faradji@infopro-digital.com"
"14/09/2026 10:59:32","source/repos/srv_listener_folder/SF_VIEWER_AO_SIM/SF_VIEWER_AO_SIM/obj/Release/Package/PackageTmp/bin/roslyn/System.IO.Compression.ZipFile.dll","1.0","2016-11-05T17:56:04Z","fethy.faradji@infopro-digital.com"
"14/09/2026 10:59:34","source/repos/srv_listener_folder/SF_VIEWER_AO_SIM/SF_VIEWER_AO_SIM/obj/Release/Package/PackageTmp/bin/roslyn/System.IO.FileSystem.Primitives.dll","1.0","2016-11-05T17:56:08Z","fethy.faradji@infopro-digital.com"
"14/09/2026 10:59:34","source/repos/srv_listener_folder/SF_VIEWER_AO_SIM/SF_VIEWER_AO_SIM/obj/Release/Package/PackageTmp/bin/roslyn/System.Net.Http.dll","1.0","2016-11-05T17:56:30Z","fethy.faradji@infopro-digital.com"
"14/09/2026 10:59:37","source/repos/srv_listener_folder/SF_VIEWER_AO_SIM/SF_VIEWER_AO_SIM/obj/Release/Package/PackageTmp/bin/roslyn/System.Net.Sockets.dll","1.0","2016-11-05T17:56:34Z","fethy.faradji@infopro-digital.com"
"14/09/2026 10:59:38","source/repos/srv_listener_folder/SF_VIEWER_AO_SIM/SF_VIEWER_AO_SIM/obj/Release/Package/PackageTmp/bin/roslyn/System.Reflection.Metadata.dll","1.0","2018-05-16T02:29:44Z","fethy.faradji@infopro-digital.com"
"14/09/2026 10:59:39","source/repos/srv_listener_folder/SF_VIEWER_AO_SIM/SF_VIEWER_AO_SIM/obj/Release/Package/PackageTmp/bin/roslyn/System.Runtime.InteropServices.RuntimeInformation.dll","1.0","2016-11-05T17:57:00Z","fethy.faradji@infopro-digital.com"
"14/09/2026 10:59:39","source/repos/srv_listener_folder/SF_VIEWER_AO_SIM/SF_VIEWER_AO_SIM/obj/Release/Package/PackageTmp/bin/roslyn/System.Security.Cryptography.Algorithms.dll","1.0","2016-11-05T17:57:14Z","fethy.faradji@infopro-digital.com"
"14/09/2026 10:59:42","source/repos/srv_listener_folder/SF_VIEWER_AO_SIM/SF_VIEWER_AO_SIM/obj/Release/Package/PackageTmp/bin/roslyn/System.Security.Cryptography.Encoding.dll","1.0","2016-11-05T17:57:08Z","fethy.faradji@infopro-digital.com"
"14/09/2026 10:59:43","source/repos/srv_listener_folder/SF_VIEWER_AO_SIM/SF_VIEWER_AO_SIM/obj/Release/Package/PackageTmp/bin/roslyn/System.Security.Cryptography.Primitives.dll","1.0","2016-11-05T17:57:18Z","fethy.faradji@infopro-digital.com"
"14/09/2026 10:59:44","source/repos/srv_listener_folder/SF_VIEWER_AO_SIM/SF_VIEWER_AO_SIM/obj/Release/Package/PackageTmp/bin/roslyn/System.Text.Encoding.CodePages.dll","1.0","2016-11-05T17:57:20Z","fethy.faradji@infopro-digital.com"
"14/09/2026 10:59:44","source/repos/srv_listener_folder/SF_VIEWER_AO_SIM/SF_VIEWER_AO_SIM/obj/Release/Package/PackageTmp/bin/roslyn/System.Security.Cryptography.X509Certificates.dll","1.0","2016-11-05T17:57:18Z","fethy.faradji@infopro-digital.com"
"14/09/2026 10:59:47","source/repos/srv_listener_folder/SF_VIEWER_AO_SIM/SF_VIEWER_AO_SIM/obj/Release/Package/PackageTmp/bin/roslyn/System.Threading.Tasks.Extensions.dll","1.0","2016-11-05T17:57:24Z","fethy.faradji@infopro-digital.com"
"14/09/2026 10:59:48","source/repos/srv_listener_folder/SF_VIEWER_AO_SIM/SF_VIEWER_AO_SIM/obj/Release/Package/PackageTmp/bin/roslyn/System.ValueTuple.dll","1.0","2016-11-05T17:57:30Z","fethy.faradji@infopro-digital.com"
"14/09/2026 10:59:50","source/repos/srv_listener_folder/SF_VIEWER_AO_SIM/SF_VIEWER_AO_SIM/obj/Release/Package/PackageTmp/bin/roslyn/System.Xml.XmlDocument.dll","1.0","2016-11-05T17:57:34Z","fethy.faradji@infopro-digital.com"
"14/09/2026 10:59:50","source/repos/srv_listener_folder/SF_VIEWER_AO_SIM/SF_VIEWER_AO_SIM/obj/Release/Package/PackageTmp/bin/roslyn/System.Xml.ReaderWriter.dll","1.0","2016-11-05T17:57:36Z","fethy.faradji@infopro-digital.com"
"14/09/2026 10:59:52","source/repos/srv_listener_folder/SF_VIEWER_AO_SIM/SF_VIEWER_AO_SIM/obj/Release/Package/PackageTmp/bin/roslyn/System.Xml.XPath.XDocument.dll","1.0","2016-11-05T17:57:34Z","fethy.faradji@infopro-digital.com"
"14/09/2026 10:59:53","source/repos/srv_listener_folder/SF_VIEWER_AO_SIM/SF_VIEWER_AO_SIM/obj/Release/Package/PackageTmp/bin/roslyn/System.Xml.XPath.dll","1.0","2016-11-05T17:57:40Z","fethy.faradji@infopro-digital.com"
"14/09/2026 10:59:54","source/repos/srv_listener_folder/SF_VIEWER_AO_SIM/SF_VIEWER_AO_SIM/obj/Release/Package/PackageTmp/bin/roslyn/vbc.exe","1.0","2018-08-08T04:38:48Z","fethy.faradji@infopro-digital.com"
"14/09/2026 10:59:56","source/repos/srv_listener_folder/SF_VIEWER_AO_SIM/SF_VIEWER_AO_SIM/obj/Release/Package/PackageTmp/bin/roslyn/vbc.exe.config","1.0","2018-08-08T11:18:18Z","fethy.faradji@infopro-digital.com"
"14/09/2026 10:59:57","source/repos/srv_listener_folder/SF_VIEWER_AO_SIM/SF_VIEWER_AO_SIM/obj/Release/Package/PackageTmp/bin/roslyn/vbc.rsp","1.0","2018-08-08T11:09:46Z","fethy.faradji@infopro-digital.com"
"14/09/2026 10:59:58","source/repos/srv_listener_folder/SF_VIEWER_AO_SIM/SF_VIEWER_AO_SIM/obj/Release/Package/PackageTmp/bin/roslyn/VBCSCompiler.exe","1.0","2018-08-08T04:38:48Z","fethy.faradji@infopro-digital.com"
"14/09/2026 10:59:59","source/repos/srv_listener_folder/SF_VIEWER_AO_SIM/SF_VIEWER_AO_SIM/obj/Release/Package/PackageTmp/bin/roslyn/VBCSCompiler.exe.config","1.0","2018-08-08T11:18:16Z","fethy.faradji@infopro-digital.com"
"14/09/2026 11:00:01","source/repos/srv_listener_folder/SF_VIEWER_AO_SIM/SF_VIEWER_AO_SIM/obj/Release/Package/PackageTmp/bin/Antlr3.Runtime.dll","1.0","2013-09-10T15:29:20Z","fethy.faradji@infopro-digital.com"
"14/09/2026 11:00:02","source/repos/srv_listener_folder/SF_VIEWER_AO_SIM/SF_VIEWER_AO_SIM/obj/Release/Package/PackageTmp/bin/Antlr3.Runtime.pdb","1.0","2013-09-10T15:29:20Z","fethy.faradji@infopro-digital.com"
"14/09/2026 11:00:04","source/repos/srv_listener_folder/SF_VIEWER_AO_SIM/SF_VIEWER_AO_SIM/obj/Release/Package/PackageTmp/bin/AspNet.ScriptManager.bootstrap.dll","1.0","2019-03-15T10:59:54Z","fethy.faradji@infopro-digital.com"
"14/09/2026 11:00:04","source/repos/srv_listener_folder/SF_VIEWER_AO_SIM/SF_VIEWER_AO_SIM/obj/Release/Package/PackageTmp/bin/AspNet.ScriptManager.jQuery.dll","1.0","2019-05-16T11:33:30Z","fethy.faradji@infopro-digital.com"
"14/09/2026 11:00:06","source/repos/srv_listener_folder/SF_VIEWER_AO_SIM/SF_VIEWER_AO_SIM/obj/Release/Package/PackageTmp/bin/Microsoft.AspNet.FriendlyUrls.dll","1.0","2013-07-30T15:57:30Z","fethy.faradji@infopro-digital.com"
"14/09/2026 11:00:07","source/repos/srv_listener_folder/SF_VIEWER_AO_SIM/SF_VIEWER_AO_SIM/obj/Release/Package/PackageTmp/bin/Microsoft.AspNet.Web.Optimization.WebForms.dll","1.0","2014-02-11T14:26:04Z","fethy.faradji@infopro-digital.com"
"14/09/2026 11:00:09","source/repos/srv_listener_folder/SF_VIEWER_AO_SIM/SF_VIEWER_AO_SIM/obj/Release/Package/PackageTmp/bin/Microsoft.Bcl.AsyncInterfaces.dll","1.0","2021-10-22T23:42:08Z","fethy.faradji@infopro-digital.com"
"14/09/2026 11:00:09","source/repos/srv_listener_folder/SF_VIEWER_AO_SIM/SF_VIEWER_AO_SIM/obj/Release/Package/PackageTmp/bin/Microsoft.CodeDom.Providers.DotNetCompilerPlatform.dll","1.0","2018-09-05T15:10:50Z","fethy.faradji@infopro-digital.com"
"14/09/2026 11:00:11","source/repos/srv_listener_folder/SF_VIEWER_AO_SIM/SF_VIEWER_AO_SIM/obj/Release/Package/PackageTmp/bin/Microsoft.ScriptManager.MSAjax.dll","1.0","2013-09-06T10:20:12Z","fethy.faradji@infopro-digital.com"
"14/09/2026 11:00:12","source/repos/srv_listener_folder/SF_VIEWER_AO_SIM/SF_VIEWER_AO_SIM/obj/Release/Package/PackageTmp/bin/Microsoft.ScriptManager.WebForms.dll","1.0","2013-09-06T10:20:22Z","fethy.faradji@infopro-digital.com"
"14/09/2026 11:00:15","source/repos/srv_listener_folder/SF_VIEWER_AO_SIM/SF_VIEWER_AO_SIM/obj/Release/Package/PackageTmp/bin/Newtonsoft.Json.dll","1.0","2019-04-22T00:06:16Z","fethy.faradji@infopro-digital.com"
"14/09/2026 11:00:15","source/repos/srv_listener_folder/SF_VIEWER_AO_SIM/SF_VIEWER_AO_SIM/obj/Release/Package/PackageTmp/bin/Microsoft.Web.Infrastructure.dll","1.0","2012-07-25T10:48:56Z","fethy.faradji@infopro-digital.com"
"14/09/2026 11:00:18","source/repos/srv_listener_folder/SF_VIEWER_AO_SIM/SF_VIEWER_AO_SIM/obj/Release/Package/PackageTmp/bin/Oracle.ManagedDataAccess.dll","1.0","2023-01-11T01:09:58Z","fethy.faradji@infopro-digital.com"
"14/09/2026 11:00:18","source/repos/srv_listener_folder/SF_VIEWER_AO_SIM/SF_VIEWER_AO_SIM/obj/Release/Package/PackageTmp/bin/SF_VIEWER_AO_SIM.dll","1.0","2023-02-14T15:47:22Z","fethy.faradji@infopro-digital.com"
"14/09/2026 11:00:20","source/repos/srv_listener_folder/SF_VIEWER_AO_SIM/SF_VIEWER_AO_SIM/obj/Release/Package/PackageTmp/bin/System.Buffers.dll","1.0","2020-02-19T10:05:18Z","fethy.faradji@infopro-digital.com"
"14/09/2026 11:00:20","source/repos/srv_listener_folder/SF_VIEWER_AO_SIM/SF_VIEWER_AO_SIM/obj/Release/Package/PackageTmp/bin/SF_VIEWER_AO_SIM.pdb","1.0","2023-02-14T15:47:22Z","fethy.faradji@infopro-digital.com"
"14/09/2026 11:00:21","source/repos/srv_listener_folder/SF_VIEWER_AO_SIM/SF_VIEWER_AO_SIM/obj/Release/Package/PackageTmp/bin/SF_VIEWER_AO_SIM.dll","2.0","2023-06-28T15:03:27Z","fethy.faradji@infopro-digital.com"
"14/09/2026 11:00:22","source/repos/srv_listener_folder/SF_VIEWER_AO_SIM/SF_VIEWER_AO_SIM/obj/Release/Package/PackageTmp/bin/SF_VIEWER_AO_SIM.pdb","2.0","2023-06-28T15:03:27Z","fethy.faradji@infopro-digital.com"
"14/09/2026 11:00:23","source/repos/srv_listener_folder/SF_VIEWER_AO_SIM/SF_VIEWER_AO_SIM/obj/Release/Package/PackageTmp/bin/System.Memory.dll","1.0","2020-02-19T10:05:18Z","fethy.faradji@infopro-digital.com"
"14/09/2026 11:00:25","source/repos/srv_listener_folder/SF_VIEWER_AO_SIM/SF_VIEWER_AO_SIM/obj/Release/Package/PackageTmp/bin/System.Numerics.Vectors.dll","1.0","2018-05-15T13:29:44Z","fethy.faradji@infopro-digital.com"
"14/09/2026 11:00:26","source/repos/srv_listener_folder/SF_VIEWER_AO_SIM/SF_VIEWER_AO_SIM/obj/Release/Package/PackageTmp/bin/System.Runtime.CompilerServices.Unsafe.dll","1.0","2021-10-22T23:40:18Z","fethy.faradji@infopro-digital.com"
"14/09/2026 11:00:27","source/repos/srv_listener_folder/SF_VIEWER_AO_SIM/SF_VIEWER_AO_SIM/obj/Release/Package/PackageTmp/bin/System.Text.Encodings.Web.dll","1.0","2021-10-22T23:41:14Z","fethy.faradji@infopro-digital.com"
"14/09/2026 11:00:28","source/repos/srv_listener_folder/SF_VIEWER_AO_SIM/SF_VIEWER_AO_SIM/obj/Release/Package/PackageTmp/bin/System.Text.Json.dll","1.0","2021-10-22T23:44:26Z","fethy.faradji@infopro-digital.com"
"14/09/2026 11:00:31","source/repos/srv_listener_folder/SF_VIEWER_AO_SIM/SF_VIEWER_AO_SIM/obj/Release/Package/PackageTmp/bin/System.ValueTuple.dll","1.0","2018-05-15T13:29:52Z","fethy.faradji@infopro-digital.com"
"14/09/2026 11:00:31","source/repos/srv_listener_folder/SF_VIEWER_AO_SIM/SF_VIEWER_AO_SIM/obj/Release/Package/PackageTmp/bin/System.Threading.Tasks.Extensions.dll","1.0","2020-02-19T10:05:18Z","fethy.faradji@infopro-digital.com"
"14/09/2026 11:00:31","source/repos/srv_listener_folder/SF_VIEWER_AO_SIM/SF_VIEWER_AO_SIM/obj/Release/Package/PackageTmp/bin/System.Web.Optimization.dll","1.0","2014-02-11T14:26:04Z","fethy.faradji@infopro-digital.com"
"14/09/2026 11:00:34","source/repos/srv_listener_folder/SF_VIEWER_AO_SIM/SF_VIEWER_AO_SIM/obj/Release/Package/PackageTmp/bin/WebGrease.dll","1.0","2014-01-23T12:57:34Z","fethy.faradji@infopro-digital.com"
"14/09/2026 11:00:36","source/repos/srv_listener_folder/SF_VIEWER_AO_SIM/SF_VIEWER_AO_SIM/obj/Release/Package/PackageTmp/Content/bootstrap.css","1.0","2023-02-09T10:06:32Z","fethy.faradji@infopro-digital.com"
"14/09/2026 11:00:36","source/repos/srv_listener_folder/SF_VIEWER_AO_SIM/SF_VIEWER_AO_SIM/obj/Release/Package/PackageTmp/Content/bootstrap.css.map","1.0","2023-02-09T10:06:32Z","fethy.faradji@infopro-digital.com"
"14/09/2026 11:00:37","source/repos/srv_listener_folder/SF_VIEWER_AO_SIM/SF_VIEWER_AO_SIM/obj/Release/Package/PackageTmp/Content/bootstrap.min.css","1.0","2023-02-09T10:06:32Z","fethy.faradji@infopro-digital.com"
"14/09/2026 11:00:38","source/repos/srv_listener_folder/SF_VIEWER_AO_SIM/SF_VIEWER_AO_SIM/obj/Release/Package/PackageTmp/Content/bootstrap.min.css.map","1.0","2023-02-09T10:06:32Z","fethy.faradji@infopro-digital.com"
"14/09/2026 11:00:41","source/repos/srv_listener_folder/SF_VIEWER_AO_SIM/SF_VIEWER_AO_SIM/obj/Release/Package/PackageTmp/Content/bootstrap-theme.css","1.0","2023-02-09T10:06:32Z","fethy.faradji@infopro-digital.com"
"14/09/2026 11:00:42","source/repos/srv_listener_folder/SF_VIEWER_AO_SIM/SF_VIEWER_AO_SIM/obj/Release/Package/PackageTmp/Content/bootstrap-theme.css.map","1.0","2023-02-09T10:06:32Z","fethy.faradji@infopro-digital.com"
"14/09/2026 11:00:43","source/repos/srv_listener_folder/SF_VIEWER_AO_SIM/SF_VIEWER_AO_SIM/obj/Release/Package/PackageTmp/Content/bootstrap-theme.min.css","1.0","2023-02-09T10:06:32Z","fethy.faradji@infopro-digital.com"
"14/09/2026 11:00:44","source/repos/srv_listener_folder/SF_VIEWER_AO_SIM/SF_VIEWER_AO_SIM/obj/Release/Package/PackageTmp/Content/bootstrap-theme.min.css.map","1.0","2023-02-09T10:06:32Z","fethy.faradji@infopro-digital.com"
"14/09/2026 11:00:47","source/repos/srv_listener_folder/SF_VIEWER_AO_SIM/SF_VIEWER_AO_SIM/obj/Release/Package/PackageTmp/Content/Site.css","1.0","2023-02-09T10:06:28Z","fethy.faradji@infopro-digital.com"
"14/09/2026 11:00:48","source/repos/srv_listener_folder/SF_VIEWER_AO_SIM/SF_VIEWER_AO_SIM/obj/Release/Package/PackageTmp/fonts/glyphicons-halflings-regular.svg","1.0","2023-02-09T10:06:32Z","fethy.faradji@infopro-digital.com"
"14/09/2026 11:00:48","source/repos/srv_listener_folder/SF_VIEWER_AO_SIM/SF_VIEWER_AO_SIM/obj/Release/Package/PackageTmp/fonts/glyphicons-halflings-regular.eot","1.0","2023-02-09T10:06:32Z","fethy.faradji@infopro-digital.com"
"14/09/2026 11:00:48","source/repos/srv_listener_folder/SF_VIEWER_AO_SIM/SF_VIEWER_AO_SIM/obj/Release/Package/PackageTmp/fonts/glyphicons-halflings-regular.ttf","1.0","2023-02-09T10:06:32Z","fethy.faradji@infopro-digital.com"
"14/09/2026 11:00:51","source/repos/srv_listener_folder/SF_VIEWER_AO_SIM/SF_VIEWER_AO_SIM/obj/Release/Package/PackageTmp/fonts/glyphicons-halflings-regular.woff","1.0","2023-02-09T10:06:31Z","fethy.faradji@infopro-digital.com"
"14/09/2026 11:00:52","source/repos/srv_listener_folder/SF_VIEWER_AO_SIM/SF_VIEWER_AO_SIM/obj/Release/Package/PackageTmp/fonts/glyphicons-halflings-regular.woff2","1.0","2023-02-09T10:06:31Z","fethy.faradji@infopro-digital.com"
"14/09/2026 11:00:55","source/repos/srv_listener_folder/SF_VIEWER_AO_SIM/SF_VIEWER_AO_SIM/obj/Release/Package/PackageTmp/Scripts/WebForms/MSAjax/MicrosoftAjaxApplicationServices.js","1.0","2023-02-09T10:06:34Z","fethy.faradji@infopro-digital.com"
"14/09/2026 11:00:55","source/repos/srv_listener_folder/SF_VIEWER_AO_SIM/SF_VIEWER_AO_SIM/obj/Release/Package/PackageTmp/Scripts/WebForms/MSAjax/MicrosoftAjax.js","1.0","2023-02-09T10:06:34Z","fethy.faradji@infopro-digital.com"
"14/09/2026 11:00:56","source/repos/srv_listener_folder/SF_VIEWER_AO_SIM/SF_VIEWER_AO_SIM/obj/Release/Package/PackageTmp/Scripts/WebForms/MSAjax/MicrosoftAjaxComponentModel.js","1.0","2023-02-09T10:06:34Z","fethy.faradji@infopro-digital.com"
"14/09/2026 11:00:58","source/repos/srv_listener_folder/SF_VIEWER_AO_SIM/SF_VIEWER_AO_SIM/obj/Release/Package/PackageTmp/Scripts/WebForms/MSAjax/MicrosoftAjaxCore.js","1.0","2023-02-09T10:06:34Z","fethy.faradji@infopro-digital.com"
"14/09/2026 11:00:59","source/repos/srv_listener_folder/SF_VIEWER_AO_SIM/SF_VIEWER_AO_SIM/obj/Release/Package/PackageTmp/Scripts/WebForms/MSAjax/MicrosoftAjaxGlobalization.js","1.0","2023-02-09T10:06:33Z","fethy.faradji@infopro-digital.com"
"14/09/2026 11:01:00","source/repos/srv_listener_folder/SF_VIEWER_AO_SIM/SF_VIEWER_AO_SIM/obj/Release/Package/PackageTmp/Scripts/WebForms/MSAjax/MicrosoftAjaxHistory.js","1.0","2023-02-09T10:06:33Z","fethy.faradji@infopro-digital.com"
"14/09/2026 11:01:01","source/repos/srv_listener_folder/SF_VIEWER_AO_SIM/SF_VIEWER_AO_SIM/obj/Release/Package/PackageTmp/Scripts/WebForms/MSAjax/MicrosoftAjaxNetwork.js","1.0","2023-02-09T10:06:33Z","fethy.faradji@infopro-digital.com"
"14/09/2026 11:01:02","source/repos/srv_listener_folder/SF_VIEWER_AO_SIM/SF_VIEWER_AO_SIM/obj/Release/Package/PackageTmp/Scripts/WebForms/MSAjax/MicrosoftAjaxSerialization.js","1.0","2023-02-09T10:06:33Z","fethy.faradji@infopro-digital.com"
"14/09/2026 11:01:03","source/repos/srv_listener_folder/SF_VIEWER_AO_SIM/SF_VIEWER_AO_SIM/obj/Release/Package/PackageTmp/Scripts/WebForms/MSAjax/MicrosoftAjaxTimer.js","1.0","2023-02-09T10:06:33Z","fethy.faradji@infopro-digital.com"
"14/09/2026 11:01:04","source/repos/srv_listener_folder/SF_VIEWER_AO_SIM/SF_VIEWER_AO_SIM/obj/Release/Package/PackageTmp/Scripts/WebForms/MSAjax/MicrosoftAjaxWebForms.js","1.0","2023-02-09T10:06:33Z","fethy.faradji@infopro-digital.com"
"14/09/2026 11:01:05","source/repos/srv_listener_folder/SF_VIEWER_AO_SIM/SF_VIEWER_AO_SIM/obj/Release/Package/PackageTmp/Scripts/WebForms/MSAjax/MicrosoftAjaxWebServices.js","1.0","2023-02-09T10:06:33Z","fethy.faradji@infopro-digital.com"
"14/09/2026 11:01:07","source/repos/srv_listener_folder/SF_VIEWER_AO_SIM/SF_VIEWER_AO_SIM/obj/Release/Package/PackageTmp/Scripts/WebForms/DetailsView.js","1.0","2023-02-09T10:06:34Z","fethy.faradji@infopro-digital.com"
"14/09/2026 11:01:07","source/repos/srv_listener_folder/SF_VIEWER_AO_SIM/SF_VIEWER_AO_SIM/obj/Release/Package/PackageTmp/Scripts/WebForms/Focus.js","1.0","2023-02-09T10:06:34Z","fethy.faradji@infopro-digital.com"
"14/09/2026 11:01:09","source/repos/srv_listener_folder/SF_VIEWER_AO_SIM/SF_VIEWER_AO_SIM/obj/Release/Package/PackageTmp/Scripts/WebForms/Menu.js","1.0","2023-02-09T10:06:34Z","fethy.faradji@infopro-digital.com"
"14/09/2026 11:01:09","source/repos/srv_listener_folder/SF_VIEWER_AO_SIM/SF_VIEWER_AO_SIM/obj/Release/Package/PackageTmp/Scripts/WebForms/GridView.js","1.0","2023-02-09T10:06:34Z","fethy.faradji@infopro-digital.com"
"14/09/2026 11:01:11","source/repos/srv_listener_folder/SF_VIEWER_AO_SIM/SF_VIEWER_AO_SIM/obj/Release/Package/PackageTmp/Scripts/WebForms/MenuStandards.js","1.0","2023-02-09T10:06:34Z","fethy.faradji@infopro-digital.com"
"14/09/2026 11:01:13","source/repos/srv_listener_folder/SF_VIEWER_AO_SIM/SF_VIEWER_AO_SIM/obj/Release/Package/PackageTmp/Scripts/WebForms/SmartNav.js","1.0","2023-02-09T10:06:34Z","fethy.faradji@infopro-digital.com"
"14/09/2026 11:01:13","source/repos/srv_listener_folder/SF_VIEWER_AO_SIM/SF_VIEWER_AO_SIM/obj/Release/Package/PackageTmp/Scripts/WebForms/TreeView.js","1.0","2023-02-09T10:06:34Z","fethy.faradji@infopro-digital.com"
"14/09/2026 11:01:14","source/repos/srv_listener_folder/SF_VIEWER_AO_SIM/SF_VIEWER_AO_SIM/obj/Release/Package/PackageTmp/Scripts/WebForms/WebForms.js","1.0","2023-02-09T10:06:34Z","fethy.faradji@infopro-digital.com"
"14/09/2026 11:01:15","source/repos/srv_listener_folder/SF_VIEWER_AO_SIM/SF_VIEWER_AO_SIM/obj/Release/Package/PackageTmp/Scripts/WebForms/WebParts.js","1.0","2023-02-09T10:06:34Z","fethy.faradji@infopro-digital.com"
"14/09/2026 11:01:17","source/repos/srv_listener_folder/SF_VIEWER_AO_SIM/SF_VIEWER_AO_SIM/obj/Release/Package/PackageTmp/Scripts/WebForms/WebUIValidation.js","1.0","2023-02-09T10:06:34Z","fethy.faradji@infopro-digital.com"
"14/09/2026 11:01:17","source/repos/srv_listener_folder/SF_VIEWER_AO_SIM/SF_VIEWER_AO_SIM/obj/Release/Package/PackageTmp/Scripts/bootstrap.js","1.0","2023-02-09T10:06:31Z","fethy.faradji@infopro-digital.com"
"14/09/2026 11:01:18","source/repos/srv_listener_folder/SF_VIEWER_AO_SIM/SF_VIEWER_AO_SIM/obj/Release/Package/PackageTmp/Scripts/bootstrap.min.js","1.0","2023-02-09T10:06:31Z","fethy.faradji@infopro-digital.com"
"14/09/2026 11:01:19","source/repos/srv_listener_folder/SF_VIEWER_AO_SIM/SF_VIEWER_AO_SIM/obj/Release/Package/PackageTmp/Scripts/jquery-3.4.1.js","1.0","2023-02-09T10:06:30Z","fethy.faradji@infopro-digital.com"
"14/09/2026 11:01:21","source/repos/srv_listener_folder/SF_VIEWER_AO_SIM/SF_VIEWER_AO_SIM/obj/Release/Package/PackageTmp/Scripts/jquery-3.4.1.min.js","1.0","2023-02-09T10:06:30Z","fethy.faradji@infopro-digital.com"
"14/09/2026 11:01:22","source/repos/srv_listener_folder/SF_VIEWER_AO_SIM/SF_VIEWER_AO_SIM/obj/Release/Package/PackageTmp/Scripts/jquery-3.4.1.min.map","1.0","2023-02-09T10:06:30Z","fethy.faradji@infopro-digital.com"
"14/09/2026 11:01:23","source/repos/srv_listener_folder/SF_VIEWER_AO_SIM/SF_VIEWER_AO_SIM/obj/Release/Package/PackageTmp/Scripts/jquery-3.4.1.slim.js","1.0","2023-02-09T10:06:30Z","fethy.faradji@infopro-digital.com"
"14/09/2026 11:01:24","source/repos/srv_listener_folder/SF_VIEWER_AO_SIM/SF_VIEWER_AO_SIM/obj/Release/Package/PackageTmp/Scripts/jquery-3.4.1.slim.min.js","1.0","2023-02-09T10:06:30Z","fethy.faradji@infopro-digital.com"
"14/09/2026 11:01:26","source/repos/srv_listener_folder/SF_VIEWER_AO_SIM/SF_VIEWER_AO_SIM/obj/Release/Package/PackageTmp/Scripts/jquery-3.4.1.slim.min.map","1.0","2023-02-09T10:06:30Z","fethy.faradji@infopro-digital.com"
"14/09/2026 11:01:27","source/repos/srv_listener_folder/SF_VIEWER_AO_SIM/SF_VIEWER_AO_SIM/obj/Release/Package/PackageTmp/About.aspx","1.0","2023-02-09T10:06:28Z","fethy.faradji@infopro-digital.com"
"14/09/2026 11:01:27","source/repos/srv_listener_folder/SF_VIEWER_AO_SIM/SF_VIEWER_AO_SIM/obj/Release/Package/PackageTmp/Scripts/modernizr-2.8.3.js","1.0","2023-02-09T10:06:30Z","fethy.faradji@infopro-digital.com"
"14/09/2026 11:01:28","source/repos/srv_listener_folder/SF_VIEWER_AO_SIM/SF_VIEWER_AO_SIM/obj/Release/Package/PackageTmp/AoViewer.aspx","1.0","2023-02-09T10:26:37Z","fethy.faradji@infopro-digital.com"
"14/09/2026 11:01:30","source/repos/srv_listener_folder/SF_VIEWER_AO_SIM/SF_VIEWER_AO_SIM/obj/Release/Package/PackageTmp/AoViewer.aspx","2.0","2023-02-16T10:12:42Z","fethy.faradji@infopro-digital.com"
"14/09/2026 11:01:30","source/repos/srv_listener_folder/SF_VIEWER_AO_SIM/SF_VIEWER_AO_SIM/obj/Release/Package/PackageTmp/Bundle.config","1.0","2023-02-09T10:06:28Z","fethy.faradji@infopro-digital.com"
"14/09/2026 11:01:32","source/repos/srv_listener_folder/SF_VIEWER_AO_SIM/SF_VIEWER_AO_SIM/obj/Release/Package/PackageTmp/Default.aspx","1.0","2023-02-09T10:06:28Z","fethy.faradji@infopro-digital.com"
"14/09/2026 11:01:32","source/repos/srv_listener_folder/SF_VIEWER_AO_SIM/SF_VIEWER_AO_SIM/obj/Release/Package/PackageTmp/Contact.aspx","1.0","2023-02-09T10:06:28Z","fethy.faradji@infopro-digital.com"
"14/09/2026 11:01:34","source/repos/srv_listener_folder/SF_VIEWER_AO_SIM/SF_VIEWER_AO_SIM/obj/Release/Package/PackageTmp/favicon.ico","1.0","2023-02-09T10:06:28Z","fethy.faradji@infopro-digital.com"
"14/09/2026 11:01:37","source/repos/srv_listener_folder/SF_VIEWER_AO_SIM/SF_VIEWER_AO_SIM/obj/Release/Package/PackageTmp/Global.asax","1.0","2023-02-09T10:06:28Z","fethy.faradji@infopro-digital.com"
"14/09/2026 11:01:37","source/repos/srv_listener_folder/SF_VIEWER_AO_SIM/SF_VIEWER_AO_SIM/obj/Release/Package/PackageTmp/Site.Master","1.0","2023-02-09T10:06:35Z","fethy.faradji@infopro-digital.com"
"14/09/2026 11:01:38","source/repos/srv_listener_folder/SF_VIEWER_AO_SIM/SF_VIEWER_AO_SIM/obj/Release/Package/PackageTmp/Site.Mobile.Master","1.0","2023-02-09T10:06:35Z","fethy.faradji@infopro-digital.com"
"14/09/2026 11:01:39","source/repos/srv_listener_folder/SF_VIEWER_AO_SIM/SF_VIEWER_AO_SIM/obj/Release/Package/PackageTmp/ViewSwitcher.ascx","1.0","2023-02-09T10:06:35Z","fethy.faradji@infopro-digital.com"
"14/09/2026 11:01:41","source/repos/srv_listener_folder/SF_VIEWER_AO_SIM/SF_VIEWER_AO_SIM/obj/Release/Package/PackageTmp/Web.config","1.0","2023-02-14T15:47:22Z","fethy.faradji@infopro-digital.com"
"14/09/2026 11:01:42","source/repos/srv_listener_folder/SF_VIEWER_AO_SIM/SF_VIEWER_AO_SIM/obj/Release/TransformWebConfig/original/Web.config","1.0","2023-02-09T10:13:26Z","fethy.faradji@infopro-digital.com"
"14/09/2026 11:01:43","source/repos/srv_listener_folder/SF_VIEWER_AO_SIM/SF_VIEWER_AO_SIM/obj/Release/Package/PackageTmp/Web.config","2.0","2023-06-28T15:03:28Z","fethy.faradji@infopro-digital.com"
"14/09/2026 11:01:43","source/repos/srv_listener_folder/SF_VIEWER_AO_SIM/SF_VIEWER_AO_SIM/obj/Release/TransformWebConfig/assist/Web.config","1.0","2021-11-22T13:07:05Z","fethy.faradji@infopro-digital.com"
"14/09/2026 11:01:44","source/repos/srv_listener_folder/SF_VIEWER_AO_SIM/SF_VIEWER_AO_SIM/obj/Release/TransformWebConfig/transformed/Web.config","1.0","2023-02-14T15:47:22Z","fethy.faradji@infopro-digital.com"
"14/09/2026 11:01:45","source/repos/srv_listener_folder/SF_VIEWER_AO_SIM/SF_VIEWER_AO_SIM/obj/Release/TransformWebConfig/original/Web.config","2.0","2023-06-28T15:01:47Z","fethy.faradji@infopro-digital.com"
"14/09/2026 11:01:46","source/repos/srv_listener_folder/SF_VIEWER_AO_SIM/SF_VIEWER_AO_SIM/obj/Release/TransformWebConfig/transformed/Web.config","2.0","2023-06-28T15:03:28Z","fethy.faradji@infopro-digital.com"
"14/09/2026 11:01:46","source/repos/srv_listener_folder/SF_VIEWER_AO_SIM/SF_VIEWER_AO_SIM/obj/Release/.NETFramework,Version=v4.8.AssemblyAttributes.cs","1.0","2023-06-28T15:03:27Z","fethy.faradji@infopro-digital.com"
"14/09/2026 11:01:47","source/repos/srv_listener_folder/SF_VIEWER_AO_SIM/SF_VIEWER_AO_SIM/obj/Release/_WPPLastBuildInfo.txt","1.0","2023-06-28T15:03:27Z","fethy.faradji@infopro-digital.com"
"14/09/2026 11:01:49","source/repos/srv_listener_folder/SF_VIEWER_AO_SIM/SF_VIEWER_AO_SIM/obj/Release/SF_VIEWER_AO_SIM.csproj.AssemblyReference.cache","1.0","2023-02-14T15:47:22Z","fethy.faradji@infopro-digital.com"
"14/09/2026 11:01:49","source/repos/srv_listener_folder/SF_VIEWER_AO_SIM/SF_VIEWER_AO_SIM/obj/Release/SF_VIEWER_AO_SIM.csproj.CoreCompileInputs.cache","1.0","2023-02-14T15:47:22Z","fethy.faradji@infopro-digital.com"
"14/09/2026 11:01:51","source/repos/srv_listener_folder/SF_VIEWER_AO_SIM/SF_VIEWER_AO_SIM/obj/Release/SF_VIEWER_AO_SIM.csproj.FileListAbsolute.txt","1.0","2023-02-14T15:47:22Z","fethy.faradji@infopro-digital.com"
"14/09/2026 11:01:51","source/repos/srv_listener_folder/SF_VIEWER_AO_SIM/SF_VIEWER_AO_SIM/obj/Release/SF_VIEWER_AO_SIM.dll","1.0","2023-02-14T15:47:22Z","fethy.faradji@infopro-digital.com"
"14/09/2026 11:01:52","source/repos/srv_listener_folder/SF_VIEWER_AO_SIM/SF_VIEWER_AO_SIM/obj/Release/SF_VIEWER_AO_SIM.dll","2.0","2023-06-28T15:03:27Z","fethy.faradji@infopro-digital.com"
"14/09/2026 11:01:53","source/repos/srv_listener_folder/SF_VIEWER_AO_SIM/SF_VIEWER_AO_SIM/obj/Release/SF_VIEWER_AO_SIM.pdb","1.0","2023-02-14T15:47:22Z","fethy.faradji@infopro-digital.com"
"14/09/2026 11:01:54","source/repos/srv_listener_folder/SF_VIEWER_AO_SIM/SF_VIEWER_AO_SIM/Properties/PublishProfiles/FolderProfile.pubxml","1.0","2023-02-14T15:47:17Z","fethy.faradji@infopro-digital.com"
"14/09/2026 11:01:55","source/repos/srv_listener_folder/SF_VIEWER_AO_SIM/SF_VIEWER_AO_SIM/obj/Release/SF_VIEWER_AO_SIM.pdb","2.0","2023-06-28T15:03:27Z","fethy.faradji@infopro-digital.com"
"14/09/2026 11:01:55","source/repos/srv_listener_folder/SF_VIEWER_AO_SIM/SF_VIEWER_AO_SIM/Properties/PublishProfiles/FolderProfile.pubxml.user","1.0","2023-02-14T15:47:24Z","fethy.faradji@infopro-digital.com"
"14/09/2026 11:01:57","source/repos/srv_listener_folder/SF_VIEWER_AO_SIM/SF_VIEWER_AO_SIM/Properties/PublishProfiles/FolderProfile.pubxml.user","2.0","2023-06-28T15:03:28Z","fethy.faradji@infopro-digital.com"
"14/09/2026 11:01:57","source/repos/srv_listener_folder/SF_VIEWER_AO_SIM/SF_VIEWER_AO_SIM/Properties/AssemblyInfo.cs","1.0","2023-02-09T10:06:28Z","fethy.faradji@infopro-digital.com"
"14/09/2026 11:02:00","source/repos/srv_listener_folder/SF_VIEWER_AO_SIM/SF_VIEWER_AO_SIM/Scripts/WebForms/MSAjax/MicrosoftAjax.js","1.0","2023-02-09T10:06:34Z","fethy.faradji@infopro-digital.com"
"14/09/2026 11:02:00","source/repos/srv_listener_folder/SF_VIEWER_AO_SIM/SF_VIEWER_AO_SIM/Scripts/WebForms/MSAjax/MicrosoftAjaxApplicationServices.js","1.0","2023-02-09T10:06:34Z","fethy.faradji@infopro-digital.com"
"14/09/2026 11:02:01","source/repos/srv_listener_folder/SF_VIEWER_AO_SIM/SF_VIEWER_AO_SIM/Scripts/WebForms/MSAjax/MicrosoftAjaxComponentModel.js","1.0","2023-02-09T10:06:34Z","fethy.faradji@infopro-digital.com"
"14/09/2026 11:02:02","source/repos/srv_listener_folder/SF_VIEWER_AO_SIM/SF_VIEWER_AO_SIM/Scripts/WebForms/MSAjax/MicrosoftAjaxCore.js","1.0","2023-02-09T10:06:34Z","fethy.faradji@infopro-digital.com"
"14/09/2026 11:02:04","source/repos/srv_listener_folder/SF_VIEWER_AO_SIM/SF_VIEWER_AO_SIM/Scripts/WebForms/MSAjax/MicrosoftAjaxGlobalization.js","1.0","2023-02-09T10:06:33Z","fethy.faradji@infopro-digital.com"
"14/09/2026 11:02:05","source/repos/srv_listener_folder/SF_VIEWER_AO_SIM/SF_VIEWER_AO_SIM/Scripts/WebForms/MSAjax/MicrosoftAjaxHistory.js","1.0","2023-02-09T10:06:33Z","fethy.faradji@infopro-digital.com"
"14/09/2026 11:02:05","source/repos/srv_listener_folder/SF_VIEWER_AO_SIM/SF_VIEWER_AO_SIM/Scripts/WebForms/MSAjax/MicrosoftAjaxNetwork.js","1.0","2023-02-09T10:06:33Z","fethy.faradji@infopro-digital.com"
"14/09/2026 11:02:06","source/repos/srv_listener_folder/SF_VIEWER_AO_SIM/SF_VIEWER_AO_SIM/Scripts/WebForms/MSAjax/MicrosoftAjaxSerialization.js","1.0","2023-02-09T10:06:33Z","fethy.faradji@infopro-digital.com"
"14/09/2026 11:02:08","source/repos/srv_listener_folder/SF_VIEWER_AO_SIM/SF_VIEWER_AO_SIM/Scripts/WebForms/MSAjax/MicrosoftAjaxTimer.js","1.0","2023-02-09T10:06:33Z","fethy.faradji@infopro-digital.com"
"14/09/2026 11:02:10","source/repos/srv_listener_folder/SF_VIEWER_AO_SIM/SF_VIEWER_AO_SIM/Scripts/WebForms/MSAjax/MicrosoftAjaxWebForms.js","1.0","2023-02-09T10:06:33Z","fethy.faradji@infopro-digital.com"
"14/09/2026 11:02:10","source/repos/srv_listener_folder/SF_VIEWER_AO_SIM/SF_VIEWER_AO_SIM/Scripts/WebForms/MSAjax/MicrosoftAjaxWebServices.js","1.0","2023-02-09T10:06:33Z","fethy.faradji@infopro-digital.com"
"14/09/2026 11:02:11","source/repos/srv_listener_folder/SF_VIEWER_AO_SIM/SF_VIEWER_AO_SIM/Scripts/WebForms/DetailsView.js","1.0","2023-02-09T10:06:34Z","fethy.faradji@infopro-digital.com"
"14/09/2026 11:02:12","source/repos/srv_listener_folder/SF_VIEWER_AO_SIM/SF_VIEWER_AO_SIM/Scripts/WebForms/Focus.js","1.0","2023-02-09T10:06:34Z","fethy.faradji@infopro-digital.com"
"14/09/2026 11:02:14","source/repos/srv_listener_folder/SF_VIEWER_AO_SIM/SF_VIEWER_AO_SIM/Scripts/WebForms/GridView.js","1.0","2023-02-09T10:06:34Z","fethy.faradji@infopro-digital.com"
"14/09/2026 11:02:15","source/repos/srv_listener_folder/SF_VIEWER_AO_SIM/SF_VIEWER_AO_SIM/Scripts/WebForms/Menu.js","1.0","2023-02-09T10:06:34Z","fethy.faradji@infopro-digital.com"
"14/09/2026 11:02:15","source/repos/srv_listener_folder/SF_VIEWER_AO_SIM/SF_VIEWER_AO_SIM/Scripts/WebForms/MenuStandards.js","1.0","2023-02-09T10:06:34Z","fethy.faradji@infopro-digital.com"
"14/09/2026 11:02:17","source/repos/srv_listener_folder/SF_VIEWER_AO_SIM/SF_VIEWER_AO_SIM/Scripts/WebForms/SmartNav.js","1.0","2023-02-09T10:06:34Z","fethy.faradji@infopro-digital.com"
"14/09/2026 11:02:20","source/repos/srv_listener_folder/SF_VIEWER_AO_SIM/SF_VIEWER_AO_SIM/Scripts/WebForms/WebForms.js","1.0","2023-02-09T10:06:34Z","fethy.faradji@infopro-digital.com"
"14/09/2026 11:02:20","source/repos/srv_listener_folder/SF_VIEWER_AO_SIM/SF_VIEWER_AO_SIM/Scripts/WebForms/TreeView.js","1.0","2023-02-09T10:06:34Z","fethy.faradji@infopro-digital.com"
"14/09/2026 11:02:21","source/repos/srv_listener_folder/SF_VIEWER_AO_SIM/SF_VIEWER_AO_SIM/Scripts/WebForms/WebParts.js","1.0","2023-02-09T10:06:34Z","fethy.faradji@infopro-digital.com"
"14/09/2026 11:02:22","source/repos/srv_listener_folder/SF_VIEWER_AO_SIM/SF_VIEWER_AO_SIM/Scripts/WebForms/WebUIValidation.js","1.0","2023-02-09T10:06:34Z","fethy.faradji@infopro-digital.com"
"14/09/2026 11:02:25","source/repos/srv_listener_folder/SF_VIEWER_AO_SIM/SF_VIEWER_AO_SIM/Scripts/bootstrap.js","1.0","2023-02-09T10:06:31Z","fethy.faradji@infopro-digital.com"
"14/09/2026 11:02:25","source/repos/srv_listener_folder/SF_VIEWER_AO_SIM/SF_VIEWER_AO_SIM/Scripts/bootstrap.min.js","1.0","2023-02-09T10:06:31Z","fethy.faradji@infopro-digital.com"
"14/09/2026 11:02:26","source/repos/srv_listener_folder/SF_VIEWER_AO_SIM/SF_VIEWER_AO_SIM/Scripts/jquery-3.4.1.intellisense.js","1.0","2023-02-09T10:06:30Z","fethy.faradji@infopro-digital.com"
"14/09/2026 11:02:26","source/repos/srv_listener_folder/SF_VIEWER_AO_SIM/SF_VIEWER_AO_SIM/Scripts/jquery-3.4.1.js","1.0","2023-02-09T10:06:30Z","fethy.faradji@infopro-digital.com"
"14/09/2026 11:02:31","source/repos/srv_listener_folder/SF_VIEWER_AO_SIM/SF_VIEWER_AO_SIM/Scripts/jquery-3.4.1.min.js","1.0","2023-02-09T10:06:30Z","fethy.faradji@infopro-digital.com"
"14/09/2026 11:02:31","source/repos/srv_listener_folder/SF_VIEWER_AO_SIM/SF_VIEWER_AO_SIM/Scripts/jquery-3.4.1.min.map","1.0","2023-02-09T10:06:30Z","fethy.faradji@infopro-digital.com"
"14/09/2026 11:02:32","source/repos/srv_listener_folder/SF_VIEWER_AO_SIM/SF_VIEWER_AO_SIM/Scripts/jquery-3.4.1.slim.js","1.0","2023-02-09T10:06:30Z","fethy.faradji@infopro-digital.com"
"14/09/2026 11:02:32","source/repos/srv_listener_folder/SF_VIEWER_AO_SIM/SF_VIEWER_AO_SIM/Scripts/jquery-3.4.1.slim.min.js","1.0","2023-02-09T10:06:30Z","fethy.faradji@infopro-digital.com"
"14/09/2026 11:02:36","source/repos/srv_listener_folder/SF_VIEWER_AO_SIM/SF_VIEWER_AO_SIM/Scripts/jquery-3.4.1.slim.min.map","1.0","2023-02-09T10:06:30Z","fethy.faradji@infopro-digital.com"
"14/09/2026 11:02:36","source/repos/srv_listener_folder/SF_VIEWER_AO_SIM/SF_VIEWER_AO_SIM/Scripts/modernizr-2.8.3.js","1.0","2023-02-09T10:06:30Z","fethy.faradji@infopro-digital.com"
"14/09/2026 11:02:37","source/repos/srv_listener_folder/SF_VIEWER_AO_SIM/SF_VIEWER_AO_SIM/About.aspx","1.0","2023-02-09T10:06:28Z","fethy.faradji@infopro-digital.com"
"14/09/2026 11:02:37","source/repos/srv_listener_folder/SF_VIEWER_AO_SIM/SF_VIEWER_AO_SIM/About.aspx.cs","1.0","2023-02-09T10:06:28Z","fethy.faradji@infopro-digital.com"
"14/09/2026 11:02:41","source/repos/srv_listener_folder/SF_VIEWER_AO_SIM/SF_VIEWER_AO_SIM/AoViewer.aspx","1.0","2021-11-25T11:18:52Z","fethy.faradji@infopro-digital.com"
"14/09/2026 11:02:41","source/repos/srv_listener_folder/SF_VIEWER_AO_SIM/SF_VIEWER_AO_SIM/About.aspx.designer.cs","1.0","2023-02-09T10:06:28Z","fethy.faradji@infopro-digital.com"
"14/09/2026 11:02:42","source/repos/srv_listener_folder/SF_VIEWER_AO_SIM/SF_VIEWER_AO_SIM/AoViewer.aspx.cs","1.0","2021-11-25T10:41:44Z","fethy.faradji@infopro-digital.com"
"14/09/2026 11:02:42","source/repos/srv_listener_folder/SF_VIEWER_AO_SIM/SF_VIEWER_AO_SIM/AoViewer.aspx.designer.cs","1.0","2023-02-09T10:25:47Z","fethy.faradji@infopro-digital.com"
"14/09/2026 11:02:44","source/repos/srv_listener_folder/SF_VIEWER_AO_SIM/SF_VIEWER_AO_SIM/AoViewer.aspx","2.0","2023-02-09T10:26:37Z","fethy.faradji@infopro-digital.com"
"14/09/2026 11:02:44","source/repos/srv_listener_folder/SF_VIEWER_AO_SIM/SF_VIEWER_AO_SIM/AoViewer.aspx.cs","2.0","2023-02-09T10:11:03Z","fethy.faradji@infopro-digital.com"
"14/09/2026 11:02:45","source/repos/srv_listener_folder/SF_VIEWER_AO_SIM/SF_VIEWER_AO_SIM/AoViewer.aspx","3.0","2023-02-16T09:54:22Z","fethy.faradji@infopro-digital.com"
"14/09/2026 11:02:45","source/repos/srv_listener_folder/SF_VIEWER_AO_SIM/SF_VIEWER_AO_SIM/AoViewer.aspx.cs","3.0","2023-02-09T10:18:31Z","fethy.faradji@infopro-digital.com"
"14/09/2026 11:02:46","source/repos/srv_listener_folder/SF_VIEWER_AO_SIM/SF_VIEWER_AO_SIM/Bundle.config","1.0","2023-02-09T10:06:28Z","fethy.faradji@infopro-digital.com"
"14/09/2026 11:02:46","source/repos/srv_listener_folder/SF_VIEWER_AO_SIM/SF_VIEWER_AO_SIM/AoViewer.aspx","4.0","2023-02-16T10:12:42Z","fethy.faradji@infopro-digital.com"
"14/09/2026 11:02:46","source/repos/srv_listener_folder/SF_VIEWER_AO_SIM/SF_VIEWER_AO_SIM/AoViewer.aspx.cs","4.0","2023-07-19T14:35:36Z","fethy.faradji@infopro-digital.com"
"14/09/2026 11:02:47","source/repos/srv_listener_folder/SF_VIEWER_AO_SIM/SF_VIEWER_AO_SIM/Contact.aspx","1.0","2023-02-09T10:06:28Z","fethy.faradji@infopro-digital.com"
"14/09/2026 11:02:48","source/repos/srv_listener_folder/SF_VIEWER_AO_SIM/SF_VIEWER_AO_SIM/AoViewer.aspx.cs","5.0","2023-07-19T14:42:35Z","fethy.faradji@infopro-digital.com"
"14/09/2026 11:02:49","source/repos/srv_listener_folder/SF_VIEWER_AO_SIM/SF_VIEWER_AO_SIM/AoViewer.aspx.cs","6.0","2023-07-19T14:49:32Z","fethy.faradji@infopro-digital.com"
"14/09/2026 11:02:50","source/repos/srv_listener_folder/SF_VIEWER_AO_SIM/SF_VIEWER_AO_SIM/Contact.aspx.cs","1.0","2023-02-09T10:06:28Z","fethy.faradji@infopro-digital.com"
"14/09/2026 11:02:50","source/repos/srv_listener_folder/SF_VIEWER_AO_SIM/SF_VIEWER_AO_SIM/AoViewer.aspx.cs","7.0","2023-07-19T14:54:16Z","fethy.faradji@infopro-digital.com"
"14/09/2026 11:02:50","source/repos/srv_listener_folder/SF_VIEWER_AO_SIM/SF_VIEWER_AO_SIM/Contact.aspx.designer.cs","1.0","2023-02-09T10:06:28Z","fethy.faradji@infopro-digital.com"
"14/09/2026 11:02:51","source/repos/srv_listener_folder/SF_VIEWER_AO_SIM/SF_VIEWER_AO_SIM/AoViewer.aspx.cs","8.0","2023-07-19T14:56:02Z","fethy.faradji@infopro-digital.com"
"14/09/2026 11:02:51","source/repos/srv_listener_folder/SF_VIEWER_AO_SIM/SF_VIEWER_AO_SIM/DAL.cs","1.0","2021-11-23T10:17:18Z","fethy.faradji@infopro-digital.com"
"14/09/2026 11:02:52","source/repos/srv_listener_folder/SF_VIEWER_AO_SIM/SF_VIEWER_AO_SIM/AoViewer.aspx.cs","9.0","2023-07-19T15:14:17Z","fethy.faradji@infopro-digital.com"
"14/09/2026 11:02:53","source/repos/srv_listener_folder/SF_VIEWER_AO_SIM/SF_VIEWER_AO_SIM/DAL.cs","2.0","2023-02-09T10:09:14Z","fethy.faradji@infopro-digital.com"
"14/09/2026 11:02:55","source/repos/srv_listener_folder/SF_VIEWER_AO_SIM/SF_VIEWER_AO_SIM/DAL_AO.cs","1.0","2021-11-23T10:41:15Z","fethy.faradji@infopro-digital.com"
"14/09/2026 11:02:56","source/repos/srv_listener_folder/SF_VIEWER_AO_SIM/SF_VIEWER_AO_SIM/Default.aspx.cs","1.0","2023-02-09T10:06:28Z","fethy.faradji@infopro-digital.com"
"14/09/2026 11:02:57","source/repos/srv_listener_folder/SF_VIEWER_AO_SIM/SF_VIEWER_AO_SIM/Default.aspx","1.0","2023-02-09T10:06:28Z","fethy.faradji@infopro-digital.com"
"14/09/2026 11:02:57","source/repos/srv_listener_folder/SF_VIEWER_AO_SIM/SF_VIEWER_AO_SIM/Default.aspx.designer.cs","1.0","2023-02-09T10:06:28Z","fethy.faradji@infopro-digital.com"
"14/09/2026 11:02:57","source/repos/srv_listener_folder/SF_VIEWER_AO_SIM/SF_VIEWER_AO_SIM/DAL_AO.cs","2.0","2023-02-09T10:09:21Z","fethy.faradji@infopro-digital.com"
"14/09/2026 11:02:59","source/repos/srv_listener_folder/SF_VIEWER_AO_SIM/SF_VIEWER_AO_SIM/DAL_AO.cs","3.0","2023-06-28T14:57:05Z","fethy.faradji@infopro-digital.com"
"14/09/2026 11:03:00","source/repos/srv_listener_folder/SF_VIEWER_AO_SIM/SF_VIEWER_AO_SIM/favicon.ico","1.0","2023-02-09T10:06:28Z","fethy.faradji@infopro-digital.com"
"14/09/2026 11:03:01","source/repos/srv_listener_folder/SF_VIEWER_AO_SIM/SF_VIEWER_AO_SIM/Global.asax","1.0","2023-02-09T10:06:28Z","fethy.faradji@infopro-digital.com"
"14/09/2026 11:03:01","source/repos/srv_listener_folder/SF_VIEWER_AO_SIM/SF_VIEWER_AO_SIM/Global.asax.cs","1.0","2023-02-09T10:06:28Z","fethy.faradji@infopro-digital.com"
"14/09/2026 11:03:02","source/repos/srv_listener_folder/SF_VIEWER_AO_SIM/SF_VIEWER_AO_SIM/Oracle.DataAccess.Common.Configuration.Section.xsd","1.0","2023-02-09T10:13:26Z","fethy.faradji@infopro-digital.com"
"14/09/2026 11:03:06","source/repos/srv_listener_folder/SF_VIEWER_AO_SIM/SF_VIEWER_AO_SIM/Oracle.ManagedDataAccess.Client.Configuration.Section.xsd","1.0","2023-02-09T10:13:26Z","fethy.faradji@infopro-digital.com"
"14/09/2026 11:03:06","source/repos/srv_listener_folder/SF_VIEWER_AO_SIM/SF_VIEWER_AO_SIM/packages.config","1.0","2023-02-09T10:06:36Z","fethy.faradji@infopro-digital.com"
"14/09/2026 11:03:07","source/repos/srv_listener_folder/SF_VIEWER_AO_SIM/SF_VIEWER_AO_SIM/SF_VIEWER_AO_SIM.csproj","1.0","2023-02-09T10:06:37Z","fethy.faradji@infopro-digital.com"
"14/09/2026 11:03:07","source/repos/srv_listener_folder/SF_VIEWER_AO_SIM/SF_VIEWER_AO_SIM/SF_VIEWER_AO_SIM.csproj.user","1.0","2023-02-09T10:06:37Z","fethy.faradji@infopro-digital.com"
"14/09/2026 11:03:08","source/repos/srv_listener_folder/SF_VIEWER_AO_SIM/SF_VIEWER_AO_SIM/packages.config","2.0","2023-02-09T10:13:26Z","fethy.faradji@infopro-digital.com"
"14/09/2026 11:03:08","source/repos/srv_listener_folder/SF_VIEWER_AO_SIM/SF_VIEWER_AO_SIM/SF_VIEWER_AO_SIM.csproj","2.0","2023-07-19T14:43:54Z","fethy.faradji@infopro-digital.com"
"14/09/2026 11:03:09","source/repos/srv_listener_folder/SF_VIEWER_AO_SIM/SF_VIEWER_AO_SIM/SF_VIEWER_AO_SIM.csproj.user","2.0","2023-02-09T10:14:46Z","fethy.faradji@infopro-digital.com"
"14/09/2026 11:03:10","source/repos/srv_listener_folder/SF_VIEWER_AO_SIM/SF_VIEWER_AO_SIM/SF_VIEWER_AO_SIM.csproj.user","3.0","2023-02-14T15:47:22Z","fethy.faradji@infopro-digital.com"
"14/09/2026 11:03:11","source/repos/srv_listener_folder/SF_VIEWER_AO_SIM/SF_VIEWER_AO_SIM/Site.Master","1.0","2023-02-09T10:06:35Z","fethy.faradji@infopro-digital.com"
"14/09/2026 11:03:11","source/repos/srv_listener_folder/SF_VIEWER_AO_SIM/SF_VIEWER_AO_SIM/SF_VIEWER_AO_SIM.csproj.user","4.0","2023-02-15T16:23:47Z","fethy.faradji@infopro-digital.com"
"14/09/2026 11:03:11","source/repos/srv_listener_folder/SF_VIEWER_AO_SIM/SF_VIEWER_AO_SIM/Site.Master.cs","1.0","2023-02-09T10:06:28Z","fethy.faradji@infopro-digital.com"
"14/09/2026 11:03:12","source/repos/srv_listener_folder/SF_VIEWER_AO_SIM/SF_VIEWER_AO_SIM/Site.Master.designer.cs","1.0","2023-02-09T10:06:28Z","fethy.faradji@infopro-digital.com"
"14/09/2026 11:03:13","source/repos/srv_listener_folder/SF_VIEWER_AO_SIM/SF_VIEWER_AO_SIM/SF_VIEWER_AO_SIM.csproj.user","5.0","2023-06-28T15:03:27Z","fethy.faradji@infopro-digital.com"
"14/09/2026 11:03:14","source/repos/srv_listener_folder/SF_VIEWER_AO_SIM/SF_VIEWER_AO_SIM/SF_VIEWER_AO_SIM.csproj.user","6.0","2023-06-28T15:06:34Z","fethy.faradji@infopro-digital.com"
"14/09/2026 11:03:15","source/repos/srv_listener_folder/SF_VIEWER_AO_SIM/SF_VIEWER_AO_SIM/SF_VIEWER_AO_SIM.csproj.user","7.0","2023-07-19T14:43:54Z","fethy.faradji@infopro-digital.com"
"14/09/2026 11:03:15","source/repos/srv_listener_folder/SF_VIEWER_AO_SIM/SF_VIEWER_AO_SIM/Site.Mobile.Master","1.0","2023-02-09T10:06:35Z","fethy.faradji@infopro-digital.com"
"14/09/2026 11:03:16","source/repos/srv_listener_folder/SF_VIEWER_AO_SIM/SF_VIEWER_AO_SIM/Site.Mobile.Master.cs","1.0","2023-02-09T10:06:35Z","fethy.faradji@infopro-digital.com"
"14/09/2026 11:03:17","source/repos/srv_listener_folder/SF_VIEWER_AO_SIM/SF_VIEWER_AO_SIM/Site.Mobile.Master.designer.cs","1.0","2023-02-09T10:06:35Z","fethy.faradji@infopro-digital.com"
"14/09/2026 11:03:19","source/repos/srv_listener_folder/SF_VIEWER_AO_SIM/SF_VIEWER_AO_SIM/ViewSwitcher.ascx","1.0","2023-02-09T10:06:35Z","fethy.faradji@infopro-digital.com"
"14/09/2026 11:03:20","source/repos/srv_listener_folder/SF_VIEWER_AO_SIM/SF_VIEWER_AO_SIM/ViewSwitcher.ascx.cs","1.0","2023-02-09T10:06:35Z","fethy.faradji@infopro-digital.com"
"14/09/2026 11:03:20","source/repos/srv_listener_folder/SF_VIEWER_AO_SIM/SF_VIEWER_AO_SIM/ViewSwitcher.ascx.designer.cs","1.0","2023-02-09T10:06:35Z","fethy.faradji@infopro-digital.com"
"14/09/2026 11:03:22","source/repos/srv_listener_folder/SF_VIEWER_AO_SIM/SF_VIEWER_AO_SIM/Web.config","2.0","2021-11-23T13:27:12Z","fethy.faradji@infopro-digital.com"
"14/09/2026 11:03:23","source/repos/srv_listener_folder/SF_VIEWER_AO_SIM/SF_VIEWER_AO_SIM/Web.Debug.config","2.0","2021-11-22T12:59:41Z","fethy.faradji@infopro-digital.com"
"14/09/2026 11:03:23","source/repos/srv_listener_folder/SF_VIEWER_AO_SIM/SF_VIEWER_AO_SIM/Web.config","1.0","2023-02-09T10:06:36Z","fethy.faradji@infopro-digital.com"
"14/09/2026 11:03:24","source/repos/srv_listener_folder/SF_VIEWER_AO_SIM/SF_VIEWER_AO_SIM/Web.Release.config","2.0","2021-11-22T13:07:05Z","fethy.faradji@infopro-digital.com"
"14/09/2026 11:03:24","source/repos/srv_listener_folder/SF_VIEWER_AO_SIM/SF_VIEWER_AO_SIM/Web.config","3.0","2023-02-09T10:13:26Z","fethy.faradji@infopro-digital.com"
"14/09/2026 11:03:24","source/repos/srv_listener_folder/SF_VIEWER_AO_SIM/SF_VIEWER_AO_SIM/Web.Debug.config","1.0","2023-02-09T10:06:29Z","fethy.faradji@infopro-digital.com"
"14/09/2026 11:03:25","source/repos/srv_listener_folder/SF_VIEWER_AO_SIM/.gitattributes","1.0","2023-02-17T14:42:58Z","fethy.faradji@infopro-digital.com"
"14/09/2026 11:03:25","source/repos/srv_listener_folder/SF_VIEWER_AO_SIM/SF_VIEWER_AO_SIM/Web.config","4.0","2023-06-28T14:59:24Z","fethy.faradji@infopro-digital.com"
"14/09/2026 11:03:26","source/repos/srv_listener_folder/SF_VIEWER_AO_SIM/SF_VIEWER_AO_SIM/Web.Release.config","1.0","2023-02-09T10:06:29Z","fethy.faradji@infopro-digital.com"
"14/09/2026 11:03:26","source/repos/srv_listener_folder/SF_VIEWER_AO_SIM/SF_VIEWER_AO_SIM/Web.config","5.0","2023-06-28T15:01:47Z","fethy.faradji@infopro-digital.com"
"14/09/2026 11:03:27","source/repos/srv_listener_folder/SF_VIEWER_AO_SIM/SF_VIEWER_AO_SIM/Web.config","6.0","2023-07-19T14:45:37Z","fethy.faradji@infopro-digital.com"
"14/09/2026 11:03:28","source/repos/srv_listener_folder/SF_VIEWER_AO_SIM/.gitignore","1.0","2023-02-17T14:42:58Z","fethy.faradji@infopro-digital.com"
"14/09/2026 11:03:30","source/repos/srv_listener_folder/SF_VIEWER_AO_SIM/SF_VIEWER_AO_SIM.sln","1.0","2023-02-09T10:06:37Z","fethy.faradji@infopro-digital.com"
"14/09/2026 11:03:32","source/repos/srv_listener_folder/srv_listener_folder/bin/Debug/log4net.dll","1.0","2022-07-25T07:40:06Z","fethy.faradji@infopro-digital.com"
"14/09/2026 11:03:33","source/repos/srv_listener_folder/srv_listener_folder/bin/Debug/app.publish/srv_listener_folder.exe","1.0","2022-12-05T17:29:34Z","fethy.faradji@infopro-digital.com"
"14/09/2026 11:03:33","source/repos/srv_listener_folder/srv_listener_folder/bin/Debug/log4net.xml","1.0","2022-07-25T07:40:04Z","fethy.faradji@infopro-digital.com"
"14/09/2026 11:03:34","source/repos/srv_listener_folder/srv_listener_folder/bin/Debug/Microsoft.Bcl.AsyncInterfaces.dll","1.0","2021-10-22T23:42:08Z","fethy.faradji@infopro-digital.com"
"14/09/2026 11:03:34","source/repos/srv_listener_folder/srv_listener_folder/bin/Debug/app.publish/srv_listener_folder.exe","2.0","2023-01-03T16:26:36Z","fethy.faradji@infopro-digital.com"
"14/09/2026 11:03:36","source/repos/srv_listener_folder/srv_listener_folder/bin/Debug/Microsoft.Bcl.AsyncInterfaces.xml","1.0","2021-10-22T23:42:08Z","fethy.faradji@infopro-digital.com"
"14/09/2026 11:03:36","source/repos/srv_listener_folder/srv_listener_folder/bin/Debug/app.publish/srv_listener_folder.exe","3.0","2024-02-21T14:25:46Z","fethy.faradji@infopro-digital.com"
"14/09/2026 11:03:37","source/repos/srv_listener_folder/srv_listener_folder/bin/Debug/app.publish/srv_listener_folder.exe","4.0","2024-02-28T13:26:08Z","fethy.faradji@infopro-digital.com"
"14/09/2026 11:03:37","source/repos/srv_listener_folder/srv_listener_folder/bin/Debug/Microsoft.Office.Client.Policy.dll","1.0","2022-10-18T19:24:18Z","fethy.faradji@infopro-digital.com"
"14/09/2026 11:03:38","source/repos/srv_listener_folder/srv_listener_folder/bin/Debug/Microsoft.Office.Client.TranslationServices.dll","1.0","2022-10-18T19:24:18Z","fethy.faradji@infopro-digital.com"
"14/09/2026 11:03:38","source/repos/srv_listener_folder/srv_listener_folder/bin/Debug/app.publish/srv_listener_folder.exe","5.0","2024-02-29T11:03:24Z","fethy.faradji@infopro-digital.com"
"14/09/2026 11:03:39","source/repos/srv_listener_folder/srv_listener_folder/bin/Debug/Microsoft.Office.SharePoint.Tools.dll","1.0","2022-10-18T19:24:18Z","fethy.faradji@infopro-digital.com"
"14/09/2026 11:03:39","source/repos/srv_listener_folder/srv_listener_folder/bin/Debug/app.publish/srv_listener_folder.exe","6.0","2024-02-29T11:34:41Z","fethy.faradji@infopro-digital.com"
"14/09/2026 11:03:41","source/repos/srv_listener_folder/srv_listener_folder/bin/Debug/Microsoft.Online.SharePoint.Client.Tenant.dll","1.0","2022-10-18T19:24:18Z","fethy.faradji@infopro-digital.com"
"14/09/2026 11:03:42","source/repos/srv_listener_folder/srv_listener_folder/bin/Debug/Microsoft.ProjectServer.Client.dll","1.0","2022-10-18T19:24:18Z","fethy.faradji@infopro-digital.com"
"14/09/2026 11:03:43","source/repos/srv_listener_folder/srv_listener_folder/bin/Debug/Microsoft.SharePoint.Client.dll","1.0","2022-10-18T19:24:18Z","fethy.faradji@infopro-digital.com"
"14/09/2026 11:03:43","source/repos/srv_listener_folder/srv_listener_folder/bin/Debug/Microsoft.SharePoint.Client.DocumentManagement.dll","1.0","2022-10-18T19:24:18Z","fethy.faradji@infopro-digital.com"
"14/09/2026 11:03:45","source/repos/srv_listener_folder/srv_listener_folder/bin/Debug/Microsoft.SharePoint.Client.Publishing.dll","1.0","2022-10-18T19:24:18Z","fethy.faradji@infopro-digital.com"
"14/09/2026 11:03:46","source/repos/srv_listener_folder/srv_listener_folder/bin/Debug/Microsoft.SharePoint.Client.Runtime.dll","1.0","2022-10-18T19:24:18Z","fethy.faradji@infopro-digital.com"
"14/09/2026 11:03:47","source/repos/srv_listener_folder/srv_listener_folder/bin/Debug/Microsoft.SharePoint.Client.Search.Applications.dll","1.0","2022-10-18T19:24:18Z","fethy.faradji@infopro-digital.com"
"14/09/2026 11:03:48","source/repos/srv_listener_folder/srv_listener_folder/bin/Debug/Microsoft.SharePoint.Client.Search.dll","1.0","2022-10-18T19:24:18Z","fethy.faradji@infopro-digital.com"
"14/09/2026 11:03:50","source/repos/srv_listener_folder/srv_listener_folder/bin/Debug/Microsoft.SharePoint.Client.Taxonomy.dll","1.0","2022-10-18T19:24:18Z","fethy.faradji@infopro-digital.com"
"14/09/2026 11:03:50","source/repos/srv_listener_folder/srv_listener_folder/bin/Debug/Microsoft.SharePoint.Client.UserProfiles.dll","1.0","2022-10-18T19:24:18Z","fethy.faradji@infopro-digital.com"
"14/09/2026 11:03:52","source/repos/srv_listener_folder/srv_listener_folder/bin/Debug/Microsoft.SharePoint.Client.WorkflowServices.dll","1.0","2022-10-18T19:24:18Z","fethy.faradji@infopro-digital.com"
"14/09/2026 11:03:53","source/repos/srv_listener_folder/srv_listener_folder/bin/Debug/Oracle.ManagedDataAccess.dll","1.0","2022-10-11T17:31:12Z","fethy.faradji@infopro-digital.com"
"14/09/2026 11:03:54","source/repos/srv_listener_folder/srv_listener_folder/bin/Debug/srv_listener_folder.application","1.0","2022-12-05T17:29:34Z","fethy.faradji@infopro-digital.com"
"14/09/2026 11:03:54","source/repos/srv_listener_folder/srv_listener_folder/bin/Debug/srv_listener_folder.exe","1.0","2022-12-05T17:29:34Z","fethy.faradji@infopro-digital.com"
"14/09/2026 11:03:55","source/repos/srv_listener_folder/srv_listener_folder/bin/Debug/srv_listener_folder.application","2.0","2023-01-03T16:26:37Z","fethy.faradji@infopro-digital.com"
"14/09/2026 11:03:56","source/repos/srv_listener_folder/srv_listener_folder/bin/Debug/srv_listener_folder.exe.config","1.0","2022-11-24T14:14:47Z","fethy.faradji@infopro-digital.com"
"14/09/2026 11:03:56","source/repos/srv_listener_folder/srv_listener_folder/bin/Debug/srv_listener_folder.application","3.0","2024-02-29T11:03:24Z","fethy.faradji@infopro-digital.com"
"14/09/2026 11:03:56","source/repos/srv_listener_folder/srv_listener_folder/bin/Debug/srv_listener_folder.exe","2.0","2023-01-03T16:26:35Z","fethy.faradji@infopro-digital.com"
"14/09/2026 11:03:57","source/repos/srv_listener_folder/srv_listener_folder/bin/Debug/srv_listener_folder.application","4.0","2024-02-29T11:06:53Z","fethy.faradji@infopro-digital.com"
"14/09/2026 11:03:57","source/repos/srv_listener_folder/srv_listener_folder/bin/Debug/srv_listener_folder.exe.config","2.0","2022-12-06T15:59:47Z","fethy.faradji@infopro-digital.com"
"14/09/2026 11:03:57","source/repos/srv_listener_folder/srv_listener_folder/bin/Debug/srv_listener_folder.exe","3.0","2024-02-29T11:03:24Z","fethy.faradji@infopro-digital.com"
"14/09/2026 11:03:58","source/repos/srv_listener_folder/srv_listener_folder/bin/Debug/srv_listener_folder.exe.manifest","1.0","2022-12-05T17:29:34Z","fethy.faradji@infopro-digital.com"
"14/09/2026 11:03:58","source/repos/srv_listener_folder/srv_listener_folder/bin/Debug/srv_listener_folder.application","5.0","2024-02-29T11:34:42Z","fethy.faradji@infopro-digital.com"
"14/09/2026 11:03:58","source/repos/srv_listener_folder/srv_listener_folder/bin/Debug/srv_listener_folder.exe","4.0","2024-02-29T11:06:53Z","fethy.faradji@infopro-digital.com"
"14/09/2026 11:03:58","source/repos/srv_listener_folder/srv_listener_folder/bin/Debug/srv_listener_folder.exe.config","3.0","2024-02-29T11:06:36Z","fethy.faradji@infopro-digital.com"
"14/09/2026 11:04:00","source/repos/srv_listener_folder/srv_listener_folder/bin/Debug/srv_listener_folder.exe.manifest","2.0","2023-01-03T16:26:37Z","fethy.faradji@infopro-digital.com"
"14/09/2026 11:04:00","source/repos/srv_listener_folder/srv_listener_folder/bin/Debug/srv_listener_folder.exe.config","4.0","2024-02-29T11:34:26Z","fethy.faradji@infopro-digital.com"
"14/09/2026 11:04:01","source/repos/srv_listener_folder/srv_listener_folder/bin/Debug/srv_listener_folder.exe.manifest","3.0","2024-02-29T11:03:24Z","fethy.faradji@infopro-digital.com"
"14/09/2026 11:04:02","source/repos/srv_listener_folder/srv_listener_folder/bin/Debug/srv_listener_folder.exe.manifest","4.0","2024-02-29T11:06:53Z","fethy.faradji@infopro-digital.com"
"14/09/2026 11:04:02","source/repos/srv_listener_folder/srv_listener_folder/bin/Debug/srv_listener_folder.InstallLog","1.0","2022-11-08T13:40:38Z","fethy.faradji@infopro-digital.com"
"14/09/2026 11:04:02","source/repos/srv_listener_folder/srv_listener_folder/bin/Debug/srv_listener_folder.InstallState","1.0","2022-11-08T13:40:38Z","fethy.faradji@infopro-digital.com"
"14/09/2026 11:04:03","source/repos/srv_listener_folder/srv_listener_folder/bin/Debug/srv_listener_folder.exe.manifest","5.0","2024-02-29T11:34:42Z","fethy.faradji@infopro-digital.com"
"14/09/2026 11:04:04","source/repos/srv_listener_folder/srv_listener_folder/bin/Debug/srv_listener_folder.pdb","1.0","2022-12-05T17:29:34Z","fethy.faradji@infopro-digital.com"
"14/09/2026 11:04:05","source/repos/srv_listener_folder/srv_listener_folder/bin/Debug/srv_listener_folder.pdb","2.0","2023-01-03T16:26:35Z","fethy.faradji@infopro-digital.com"
"14/09/2026 11:04:06","source/repos/srv_listener_folder/srv_listener_folder/bin/Debug/System.Buffers.dll","1.0","2020-02-19T10:05:18Z","fethy.faradji@infopro-digital.com"
"14/09/2026 11:04:06","source/repos/srv_listener_folder/srv_listener_folder/bin/Debug/System.Buffers.xml","1.0","2020-02-19T10:05:18Z","fethy.faradji@infopro-digital.com"
"14/09/2026 11:04:06","source/repos/srv_listener_folder/srv_listener_folder/bin/Debug/System.Memory.dll","1.0","2020-02-19T10:05:18Z","fethy.faradji@infopro-digital.com"
"14/09/2026 11:04:07","source/repos/srv_listener_folder/srv_listener_folder/bin/Debug/srv_listener_folder.pdb","3.0","2024-02-29T11:03:24Z","fethy.faradji@infopro-digital.com"
"14/09/2026 11:04:08","source/repos/srv_listener_folder/srv_listener_folder/bin/Debug/srv_listener_folder.pdb","4.0","2024-02-29T11:06:53Z","fethy.faradji@infopro-digital.com"
"14/09/2026 11:04:09","source/repos/srv_listener_folder/srv_listener_folder/bin/Debug/System.Memory.xml","1.0","2020-02-19T10:05:18Z","fethy.faradji@infopro-digital.com"
"14/09/2026 11:04:10","source/repos/srv_listener_folder/srv_listener_folder/bin/Debug/System.Numerics.Vectors.dll","1.0","2018-05-15T13:29:44Z","fethy.faradji@infopro-digital.com"
"14/09/2026 11:04:11","source/repos/srv_listener_folder/srv_listener_folder/bin/Debug/System.Numerics.Vectors.xml","1.0","2018-05-15T13:29:44Z","fethy.faradji@infopro-digital.com"
"14/09/2026 11:04:12","source/repos/srv_listener_folder/srv_listener_folder/bin/Debug/System.Runtime.CompilerServices.Unsafe.dll","1.0","2021-10-22T23:40:18Z","fethy.faradji@infopro-digital.com"
"14/09/2026 11:04:13","source/repos/srv_listener_folder/srv_listener_folder/bin/Debug/System.Runtime.CompilerServices.Unsafe.xml","1.0","2021-10-19T07:14:20Z","fethy.faradji@infopro-digital.com"
"14/09/2026 11:04:15","source/repos/srv_listener_folder/srv_listener_folder/bin/Debug/System.Text.Encodings.Web.xml","1.0","2021-10-19T07:14:20Z","fethy.faradji@infopro-digital.com"
"14/09/2026 11:04:16","source/repos/srv_listener_folder/srv_listener_folder/bin/Debug/System.Text.Encodings.Web.dll","1.0","2021-10-22T23:41:14Z","fethy.faradji@infopro-digital.com"
"14/09/2026 11:04:16","source/repos/srv_listener_folder/srv_listener_folder/bin/Debug/System.Text.Json.dll","1.0","2021-10-22T23:44:26Z","fethy.faradji@infopro-digital.com"
"14/09/2026 11:04:19","source/repos/srv_listener_folder/srv_listener_folder/bin/Debug/System.Text.Json.xml","1.0","2021-10-19T07:14:20Z","fethy.faradji@infopro-digital.com"
"14/09/2026 11:04:19","source/repos/srv_listener_folder/srv_listener_folder/bin/Debug/System.Threading.Tasks.Extensions.dll","1.0","2020-02-19T10:05:18Z","fethy.faradji@infopro-digital.com"
"14/09/2026 11:04:19","source/repos/srv_listener_folder/srv_listener_folder/bin/Debug/System.Threading.Tasks.Extensions.xml","1.0","2020-02-19T10:05:18Z","fethy.faradji@infopro-digital.com"
"14/09/2026 11:04:21","source/repos/srv_listener_folder/srv_listener_folder/bin/Debug/System.ValueTuple.dll","1.0","2018-05-15T13:29:52Z","fethy.faradji@infopro-digital.com"
"14/09/2026 11:04:23","source/repos/srv_listener_folder/srv_listener_folder/bin/Debug/System.ValueTuple.xml","1.0","2018-05-15T13:29:52Z","fethy.faradji@infopro-digital.com"
"14/09/2026 11:04:25","source/repos/srv_listener_folder/srv_listener_folder/obj/Debug/.NETFramework,Version=v4.7.AssemblyAttributes.cs","1.0","2022-11-07T13:09:46Z","fethy.faradji@infopro-digital.com"
"14/09/2026 11:04:25","source/repos/srv_listener_folder/srv_listener_folder/obj/Debug/DesignTimeResolveAssemblyReferences.cache","1.0","2024-02-28T12:15:34Z","fethy.faradji@infopro-digital.com"
"14/09/2026 11:04:25","source/repos/srv_listener_folder/srv_listener_folder/obj/Debug/.NETFramework,Version=v4.8.AssemblyAttributes.cs","1.0","2024-02-28T12:12:08Z","fethy.faradji@infopro-digital.com"
"14/09/2026 11:04:27","source/repos/srv_listener_folder/srv_listener_folder/obj/Debug/DesignTimeResolveAssemblyReferences.cache","2.0","2024-02-28T14:25:31Z","fethy.faradji@infopro-digital.com"
"14/09/2026 11:04:27","source/repos/srv_listener_folder/srv_listener_folder/obj/Debug/DesignTimeResolveAssemblyReferencesInput.cache","1.0","2022-12-02T16:36:52Z","fethy.faradji@infopro-digital.com"
"14/09/2026 11:04:28","source/repos/srv_listener_folder/srv_listener_folder/obj/Debug/DesignTimeResolveAssemblyReferences.cache","3.0","2024-02-29T11:02:08Z","fethy.faradji@infopro-digital.com"
"14/09/2026 11:04:29","source/repos/srv_listener_folder/srv_listener_folder/obj/Debug/DesignTimeResolveAssemblyReferencesInput.cache","2.0","2022-12-29T09:18:39Z","fethy.faradji@infopro-digital.com"
"14/09/2026 11:04:29","source/repos/srv_listener_folder/srv_listener_folder/obj/Debug/DesignTimeResolveAssemblyReferences.cache","4.0","2024-02-29T11:02:51Z","fethy.faradji@infopro-digital.com"
"14/09/2026 11:04:29","source/repos/srv_listener_folder/srv_listener_folder/obj/Debug/srv_listener_folder.application","1.0","2022-12-05T17:29:34Z","fethy.faradji@infopro-digital.com"
"14/09/2026 11:04:29","source/repos/srv_listener_folder/srv_listener_folder/obj/Debug/srv_listener_folder.csproj.AssemblyReference.cache","1.0","2022-12-05T16:40:29Z","fethy.faradji@infopro-digital.com"
"14/09/2026 11:04:30","source/repos/srv_listener_folder/srv_listener_folder/obj/Debug/DesignTimeResolveAssemblyReferencesInput.cache","3.0","2023-02-17T15:11:34Z","fethy.faradji@infopro-digital.com"
"14/09/2026 11:04:30","source/repos/srv_listener_folder/srv_listener_folder/obj/Debug/DesignTimeResolveAssemblyReferences.cache","5.0","2024-02-29T11:29:16Z","fethy.faradji@infopro-digital.com"
"14/09/2026 11:04:30","source/repos/srv_listener_folder/srv_listener_folder/obj/Debug/srv_listener_folder.application","2.0","2023-01-03T16:26:37Z","fethy.faradji@infopro-digital.com"
"14/09/2026 11:04:31","source/repos/srv_listener_folder/srv_listener_folder/obj/Debug/DesignTimeResolveAssemblyReferencesInput.cache","4.0","2023-04-28T14:51:43Z","fethy.faradji@infopro-digital.com"
"14/09/2026 11:04:31","source/repos/srv_listener_folder/srv_listener_folder/obj/Debug/DesignTimeResolveAssemblyReferences.cache","6.0","2024-02-29T14:03:09Z","fethy.faradji@infopro-digital.com"
"14/09/2026 11:04:31","source/repos/srv_listener_folder/srv_listener_folder/obj/Debug/srv_listener_folder.csproj.AssemblyReference.cache","2.0","2022-12-29T09:18:34Z","fethy.faradji@infopro-digital.com"
"14/09/2026 11:04:32","source/repos/srv_listener_folder/srv_listener_folder/obj/Debug/srv_listener_folder.application","3.0","2024-02-29T11:03:24Z","fethy.faradji@infopro-digital.com"
"14/09/2026 11:04:32","source/repos/srv_listener_folder/srv_listener_folder/obj/Debug/DesignTimeResolveAssemblyReferences.cache","7.0","2024-03-01T08:22:07Z","fethy.faradji@infopro-digital.com"
"14/09/2026 11:04:32","source/repos/srv_listener_folder/srv_listener_folder/obj/Debug/DesignTimeResolveAssemblyReferencesInput.cache","5.0","2024-02-21T13:16:19Z","fethy.faradji@infopro-digital.com"
"14/09/2026 11:04:33","source/repos/srv_listener_folder/srv_listener_folder/obj/Debug/srv_listener_folder.csproj.AssemblyReference.cache","3.0","2023-02-17T15:11:34Z","fethy.faradji@infopro-digital.com"
"14/09/2026 11:04:33","source/repos/srv_listener_folder/srv_listener_folder/obj/Debug/srv_listener_folder.application","4.0","2024-02-29T11:06:53Z","fethy.faradji@infopro-digital.com"
"14/09/2026 11:04:34","source/repos/srv_listener_folder/srv_listener_folder/obj/Debug/DesignTimeResolveAssemblyReferencesInput.cache","6.0","2024-02-28T12:12:08Z","fethy.faradji@infopro-digital.com"
"14/09/2026 11:04:34","source/repos/srv_listener_folder/srv_listener_folder/obj/Debug/srv_listener_folder.csproj.AssemblyReference.cache","4.0","2023-04-28T14:51:43Z","fethy.faradji@infopro-digital.com"
"14/09/2026 11:04:34","source/repos/srv_listener_folder/srv_listener_folder/obj/Debug/srv_listener_folder.application","5.0","2024-02-29T11:34:42Z","fethy.faradji@infopro-digital.com"
"14/09/2026 11:04:34","source/repos/srv_listener_folder/srv_listener_folder/obj/Debug/srv_listener_folder.csproj.CopyComplete","1.0","2022-12-09T08:29:34Z","fethy.faradji@infopro-digital.com"
"14/09/2026 11:04:35","source/repos/srv_listener_folder/srv_listener_folder/obj/Debug/DesignTimeResolveAssemblyReferencesInput.cache","7.0","2024-02-29T11:03:14Z","fethy.faradji@infopro-digital.com"
"14/09/2026 11:04:35","source/repos/srv_listener_folder/srv_listener_folder/obj/Debug/srv_listener_folder.csproj.AssemblyReference.cache","5.0","2024-01-25T09:51:59Z","fethy.faradji@infopro-digital.com"
"14/09/2026 11:04:36","source/repos/srv_listener_folder/srv_listener_folder/obj/Debug/srv_listener_folder.csproj.AssemblyReference.cache","6.0","2024-02-21T13:16:03Z","fethy.faradji@infopro-digital.com"
"14/09/2026 11:04:37","source/repos/srv_listener_folder/srv_listener_folder/obj/Debug/srv_listener_folder.csproj.CoreCompileInputs.cache","1.0","2022-11-24T14:04:27Z","fethy.faradji@infopro-digital.com"
"14/09/2026 11:04:37","source/repos/srv_listener_folder/srv_listener_folder/obj/Debug/srv_listener_folder.csproj.AssemblyReference.cache","7.0","2024-02-21T14:25:45Z","fethy.faradji@infopro-digital.com"
"14/09/2026 11:04:38","source/repos/srv_listener_folder/srv_listener_folder/obj/Debug/srv_listener_folder.csproj.FileListAbsolute.txt","1.0","2022-12-05T17:24:39Z","fethy.faradji@infopro-digital.com"
"14/09/2026 11:04:38","source/repos/srv_listener_folder/srv_listener_folder/obj/Debug/srv_listener_folder.csproj.GenerateResource.cache","1.0","2022-11-24T14:15:31Z","fethy.faradji@infopro-digital.com"
"14/09/2026 11:04:38","source/repos/srv_listener_folder/srv_listener_folder/obj/Debug/srv_listener_folder.csproj.CoreCompileInputs.cache","2.0","2022-12-09T08:29:31Z","fethy.faradji@infopro-digital.com"
"14/09/2026 11:04:38","source/repos/srv_listener_folder/srv_listener_folder/obj/Debug/srv_listener_folder.csproj.AssemblyReference.cache","8.0","2024-02-28T12:12:08Z","fethy.faradji@infopro-digital.com"
"14/09/2026 11:04:39","source/repos/srv_listener_folder/srv_listener_folder/obj/Debug/srv_listener_folder.csproj.CoreCompileInputs.cache","3.0","2024-02-21T14:25:46Z","fethy.faradji@infopro-digital.com"
"14/09/2026 11:04:39","source/repos/srv_listener_folder/srv_listener_folder/obj/Debug/srv_listener_folder.csproj.FileListAbsolute.txt","2.0","2022-12-14T15:18:46Z","fethy.faradji@infopro-digital.com"
"14/09/2026 11:04:40","source/repos/srv_listener_folder/srv_listener_folder/obj/Debug/srv_listener_folder.csproj.GenerateResource.cache","2.0","2022-12-09T08:29:31Z","fethy.faradji@infopro-digital.com"
"14/09/2026 11:04:40","source/repos/srv_listener_folder/srv_listener_folder/obj/Debug/srv_listener_folder.csproj.AssemblyReference.cache","9.0","2024-02-28T13:26:06Z","fethy.faradji@infopro-digital.com"
"14/09/2026 11:04:40","source/repos/srv_listener_folder/srv_listener_folder/obj/Debug/srv_listener_folder.csproj.CoreCompileInputs.cache","4.0","2024-02-28T13:26:06Z","fethy.faradji@infopro-digital.com"
"14/09/2026 11:04:41","source/repos/srv_listener_folder/srv_listener_folder/obj/Debug/srv_listener_folder.csproj.FileListAbsolute.txt","3.0","2024-02-29T11:02:37Z","fethy.faradji@infopro-digital.com"
"14/09/2026 11:04:41","source/repos/srv_listener_folder/srv_listener_folder/obj/Debug/srv_listener_folder.csproj.GenerateResource.cache","3.0","2024-02-21T14:25:46Z","fethy.faradji@infopro-digital.com"
"14/09/2026 11:04:41","source/repos/srv_listener_folder/srv_listener_folder/obj/Debug/srv_listener_folder.csproj.AssemblyReference.cache","10.0","2024-02-28T13:26:31Z","fethy.faradji@infopro-digital.com"
"14/09/2026 11:04:42","source/repos/srv_listener_folder/srv_listener_folder/obj/Debug/srv_listener_folder.csproj.CoreCompileInputs.cache","5.0","2024-02-29T11:03:22Z","fethy.faradji@infopro-digital.com"
"14/09/2026 11:04:42","source/repos/srv_listener_folder/srv_listener_folder/obj/Debug/srv_listener_folder.csproj.AssemblyReference.cache","11.0","2024-02-28T14:25:01Z","fethy.faradji@infopro-digital.com"
"14/09/2026 11:04:42","source/repos/srv_listener_folder/srv_listener_folder/obj/Debug/srv_listener_folder.csproj.FileListAbsolute.txt","4.0","2024-02-29T11:03:24Z","fethy.faradji@infopro-digital.com"
"14/09/2026 11:04:42","source/repos/srv_listener_folder/srv_listener_folder/obj/Debug/srv_listener_folder.csproj.GenerateResource.cache","4.0","2024-02-29T11:03:22Z","fethy.faradji@infopro-digital.com"
"14/09/2026 11:04:43","source/repos/srv_listener_folder/srv_listener_folder/obj/Debug/srv_listener_folder.csproj.AssemblyReference.cache","12.0","2024-02-28T14:25:25Z","fethy.faradji@infopro-digital.com"
"14/09/2026 11:04:44","source/repos/srv_listener_folder/srv_listener_folder/obj/Debug/srv_listener_folder.csproj.AssemblyReference.cache","13.0","2024-02-29T11:02:01Z","fethy.faradji@infopro-digital.com"
"14/09/2026 11:04:45","source/repos/srv_listener_folder/srv_listener_folder/obj/Debug/srv_listener_folder.csproj.SuggestedBindingRedirects.cache","1.0","2022-12-09T08:29:30Z","fethy.faradji@infopro-digital.com"
"14/09/2026 11:04:45","source/repos/srv_listener_folder/srv_listener_folder/obj/Debug/srv_listener_folder.csproj.AssemblyReference.cache","14.0","2024-02-29T11:02:37Z","fethy.faradji@infopro-digital.com"
"14/09/2026 11:04:46","source/repos/srv_listener_folder/srv_listener_folder/obj/Debug/srv_listener_folder.exe.manifest","1.0","2022-12-05T17:29:34Z","fethy.faradji@infopro-digital.com"
"14/09/2026 11:04:46","source/repos/srv_listener_folder/srv_listener_folder/obj/Debug/srv_listener_folder.exe","1.0","2022-12-05T17:29:34Z","fethy.faradji@infopro-digital.com"
"14/09/2026 11:04:46","source/repos/srv_listener_folder/srv_listener_folder/obj/Debug/srv_listener_folder.csproj.AssemblyReference.cache","15.0","2024-02-29T11:02:51Z","fethy.faradji@infopro-digital.com"
"14/09/2026 11:04:48","source/repos/srv_listener_folder/srv_listener_folder/obj/Debug/srv_listener_folder.exe","2.0","2023-01-03T16:26:35Z","fethy.faradji@infopro-digital.com"
"14/09/2026 11:04:48","source/repos/srv_listener_folder/srv_listener_folder/obj/Debug/srv_listener_folder.exe.manifest","2.0","2023-01-03T16:26:37Z","fethy.faradji@infopro-digital.com"
"14/09/2026 11:04:48","source/repos/srv_listener_folder/srv_listener_folder/obj/Debug/srv_listener_folder.csproj.AssemblyReference.cache","16.0","2024-02-29T11:03:26Z","fethy.faradji@infopro-digital.com"
"14/09/2026 11:04:48","source/repos/srv_listener_folder/srv_listener_folder/obj/Debug/srv_listener_folder.pdb","1.0","2022-12-05T17:29:34Z","fethy.faradji@infopro-digital.com"
"14/09/2026 11:04:49","source/repos/srv_listener_folder/srv_listener_folder/obj/Debug/srv_listener_folder.exe","3.0","2024-02-21T14:25:46Z","fethy.faradji@infopro-digital.com"
"14/09/2026 11:04:49","source/repos/srv_listener_folder/srv_listener_folder/obj/Debug/srv_listener_folder.exe.manifest","3.0","2024-02-29T11:03:24Z","fethy.faradji@infopro-digital.com"
"14/09/2026 11:04:49","source/repos/srv_listener_folder/srv_listener_folder/obj/Debug/srv_listener_folder.csproj.AssemblyReference.cache","17.0","2024-02-29T11:34:41Z","fethy.faradji@infopro-digital.com"
"14/09/2026 11:04:50","source/repos/srv_listener_folder/srv_listener_folder/obj/Debug/srv_listener_folder.exe","4.0","2024-02-29T11:03:24Z","fethy.faradji@infopro-digital.com"
"14/09/2026 11:04:50","source/repos/srv_listener_folder/srv_listener_folder/obj/Debug/srv_listener_folder.pdb","2.0","2023-01-03T16:26:35Z","fethy.faradji@infopro-digital.com"
"14/09/2026 11:04:50","source/repos/srv_listener_folder/srv_listener_folder/obj/Debug/srv_listener_folder.exe.manifest","4.0","2024-02-29T11:06:53Z","fethy.faradji@infopro-digital.com"
"14/09/2026 11:04:51","source/repos/srv_listener_folder/srv_listener_folder/obj/Debug/srv_listener_folder.csproj.AssemblyReference.cache","18.0","2024-02-29T14:03:05Z","fethy.faradji@infopro-digital.com"
"14/09/2026 11:04:51","source/repos/srv_listener_folder/srv_listener_folder/obj/Debug/srv_listener_folder.exe","5.0","2024-02-29T11:06:53Z","fethy.faradji@infopro-digital.com"
"14/09/2026 11:04:51","source/repos/srv_listener_folder/srv_listener_folder/obj/Debug/srv_listener_folder.pdb","3.0","2024-02-21T14:25:46Z","fethy.faradji@infopro-digital.com"
"14/09/2026 11:04:51","source/repos/srv_listener_folder/srv_listener_folder/obj/Debug/srv_listener_folder.exe.manifest","5.0","2024-02-29T11:34:42Z","fethy.faradji@infopro-digital.com"
"14/09/2026 11:04:52","source/repos/srv_listener_folder/srv_listener_folder/obj/Debug/srv_listener_folder.pdb","4.0","2024-02-29T11:03:24Z","fethy.faradji@infopro-digital.com"
"14/09/2026 11:04:53","source/repos/srv_listener_folder/srv_listener_folder/obj/Debug/srv_listener_folder.pdb","5.0","2024-02-29T11:06:53Z","fethy.faradji@infopro-digital.com"
"14/09/2026 11:04:54","source/repos/srv_listener_folder/srv_listener_folder/obj/Debug/srv_listener_folder.ProjectInstaller.resources","1.0","2024-02-21T14:25:46Z","fethy.faradji@infopro-digital.com"
"14/09/2026 11:04:55","source/repos/srv_listener_folder/srv_listener_folder/obj/Release/srv_listener_folder.csproj.AssemblyReference.cache","1.0","2023-06-28T15:07:41Z","fethy.faradji@infopro-digital.com"
"14/09/2026 11:04:55","source/repos/srv_listener_folder/srv_listener_folder/obj/Release/.NETFramework,Version=v4.8.AssemblyAttributes.cs","1.0","2023-06-28T15:07:41Z","fethy.faradji@infopro-digital.com"
"14/09/2026 11:04:56","source/repos/srv_listener_folder/srv_listener_folder/obj/Debug/srv_listener_folder.ProjectInstaller.resources","2.0","2024-02-29T11:03:22Z","fethy.faradji@infopro-digital.com"
"14/09/2026 11:04:58","source/repos/srv_listener_folder/srv_listener_folder/Properties/AssemblyInfo.cs","1.0","2022-11-07T13:09:46Z","fethy.faradji@infopro-digital.com"
"14/09/2026 11:05:00","source/repos/srv_listener_folder/srv_listener_folder/publish/Application Files/srv_listener_folder_1_0_0_0/log4net.dll.deploy","1.0","2022-07-25T07:40:06Z","fethy.faradji@infopro-digital.com"
"14/09/2026 11:05:01","source/repos/srv_listener_folder/srv_listener_folder/publish/Application Files/srv_listener_folder_1_0_0_0/Microsoft.Bcl.AsyncInterfaces.dll.deploy","1.0","2021-10-22T23:42:08Z","fethy.faradji@infopro-digital.com"
"14/09/2026 11:05:01","source/repos/srv_listener_folder/srv_listener_folder/publish/Application Files/srv_listener_folder_1_0_0_0/Microsoft.Office.Client.Policy.dll.deploy","1.0","2022-10-18T19:24:18Z","fethy.faradji@infopro-digital.com"
"14/09/2026 11:05:04","source/repos/srv_listener_folder/srv_listener_folder/publish/Application Files/srv_listener_folder_1_0_0_0/Microsoft.Office.Client.TranslationServices.dll.deploy","1.0","2022-10-18T19:24:18Z","fethy.faradji@infopro-digital.com"
"14/09/2026 11:05:05","source/repos/srv_listener_folder/srv_listener_folder/publish/Application Files/srv_listener_folder_1_0_0_0/Microsoft.Office.SharePoint.Tools.dll.deploy","1.0","2022-10-18T19:24:18Z","fethy.faradji@infopro-digital.com"
"14/09/2026 11:05:05","source/repos/srv_listener_folder/srv_listener_folder/publish/Application Files/srv_listener_folder_1_0_0_0/Microsoft.Online.SharePoint.Client.Tenant.dll.deploy","1.0","2022-10-18T19:24:18Z","fethy.faradji@infopro-digital.com"
"14/09/2026 11:05:06","source/repos/srv_listener_folder/srv_listener_folder/publish/Application Files/srv_listener_folder_1_0_0_0/Microsoft.ProjectServer.Client.dll.deploy","1.0","2022-10-18T19:24:18Z","fethy.faradji@infopro-digital.com"
"14/09/2026 11:05:07","source/repos/srv_listener_folder/srv_listener_folder/publish/Application Files/srv_listener_folder_1_0_0_0/Microsoft.SharePoint.Client.dll.deploy","1.0","2022-10-18T19:24:18Z","fethy.faradji@infopro-digital.com"
"14/09/2026 11:05:08","source/repos/srv_listener_folder/srv_listener_folder/publish/Application Files/srv_listener_folder_1_0_0_0/Microsoft.SharePoint.Client.DocumentManagement.dll.deploy","1.0","2022-10-18T19:24:18Z","fethy.faradji@infopro-digital.com"
"14/09/2026 11:05:10","source/repos/srv_listener_folder/srv_listener_folder/publish/Application Files/srv_listener_folder_1_0_0_0/Microsoft.SharePoint.Client.Publishing.dll.deploy","1.0","2022-10-18T19:24:18Z","fethy.faradji@infopro-digital.com"
"14/09/2026 11:05:11","source/repos/srv_listener_folder/srv_listener_folder/publish/Application Files/srv_listener_folder_1_0_0_0/Microsoft.SharePoint.Client.Runtime.dll.deploy","1.0","2022-10-18T19:24:18Z","fethy.faradji@infopro-digital.com"
"14/09/2026 11:05:12","source/repos/srv_listener_folder/srv_listener_folder/publish/Application Files/srv_listener_folder_1_0_0_0/Microsoft.SharePoint.Client.Search.Applications.dll.deploy","1.0","2022-10-18T19:24:18Z","fethy.faradji@infopro-digital.com"
"14/09/2026 11:05:13","source/repos/srv_listener_folder/srv_listener_folder/publish/Application Files/srv_listener_folder_1_0_0_0/Microsoft.SharePoint.Client.Search.dll.deploy","1.0","2022-10-18T19:24:18Z","fethy.faradji@infopro-digital.com"
"14/09/2026 11:05:14","source/repos/srv_listener_folder/srv_listener_folder/publish/Application Files/srv_listener_folder_1_0_0_0/Microsoft.SharePoint.Client.Taxonomy.dll.deploy","1.0","2022-10-18T19:24:18Z","fethy.faradji@infopro-digital.com"
"14/09/2026 11:05:16","source/repos/srv_listener_folder/srv_listener_folder/publish/Application Files/srv_listener_folder_1_0_0_0/Microsoft.SharePoint.Client.UserProfiles.dll.deploy","1.0","2022-10-18T19:24:18Z","fethy.faradji@infopro-digital.com"
"14/09/2026 11:05:16","source/repos/srv_listener_folder/srv_listener_folder/publish/Application Files/srv_listener_folder_1_0_0_0/Microsoft.SharePoint.Client.WorkflowServices.dll.deploy","1.0","2022-10-18T19:24:18Z","fethy.faradji@infopro-digital.com"
"14/09/2026 11:05:17","source/repos/srv_listener_folder/srv_listener_folder/publish/Application Files/srv_listener_folder_1_0_0_0/Oracle.ManagedDataAccess.dll.deploy","1.0","2022-10-11T17:31:12Z","fethy.faradji@infopro-digital.com"
"14/09/2026 11:05:19","source/repos/srv_listener_folder/srv_listener_folder/publish/Application Files/srv_listener_folder_1_0_0_0/srv_listener_folder.application","1.0","2022-11-24T14:44:32Z","fethy.faradji@infopro-digital.com"
"14/09/2026 11:05:21","source/repos/srv_listener_folder/srv_listener_folder/publish/Application Files/srv_listener_folder_1_0_0_0/srv_listener_folder.exe.config.deploy","1.0","2022-11-24T14:14:47Z","fethy.faradji@infopro-digital.com"
"14/09/2026 11:05:21","source/repos/srv_listener_folder/srv_listener_folder/publish/Application Files/srv_listener_folder_1_0_0_0/srv_listener_folder.exe.deploy","1.0","2022-11-24T14:44:31Z","fethy.faradji@infopro-digital.com"
"14/09/2026 11:05:22","source/repos/srv_listener_folder/srv_listener_folder/publish/Application Files/srv_listener_folder_1_0_0_0/srv_listener_folder.exe.manifest","1.0","2022-11-24T14:44:32Z","fethy.faradji@infopro-digital.com"
"14/09/2026 11:05:23","source/repos/srv_listener_folder/srv_listener_folder/publish/Application Files/srv_listener_folder_1_0_0_0/System.Buffers.dll.deploy","1.0","2020-02-19T10:05:18Z","fethy.faradji@infopro-digital.com"
"14/09/2026 11:05:25","source/repos/srv_listener_folder/srv_listener_folder/publish/Application Files/srv_listener_folder_1_0_0_0/System.Memory.dll.deploy","1.0","2020-02-19T10:05:18Z","fethy.faradji@infopro-digital.com"
"14/09/2026 11:05:27","source/repos/srv_listener_folder/srv_listener_folder/publish/Application Files/srv_listener_folder_1_0_0_0/System.Numerics.Vectors.dll.deploy","1.0","2018-05-15T13:29:44Z","fethy.faradji@infopro-digital.com"
"14/09/2026 11:05:27","source/repos/srv_listener_folder/srv_listener_folder/publish/Application Files/srv_listener_folder_1_0_0_0/System.Runtime.CompilerServices.Unsafe.dll.deploy","1.0","2021-10-22T23:40:18Z","fethy.faradji@infopro-digital.com"
"14/09/2026 11:05:28","source/repos/srv_listener_folder/srv_listener_folder/publish/Application Files/srv_listener_folder_1_0_0_0/System.Text.Encodings.Web.dll.deploy","1.0","2021-10-22T23:41:14Z","fethy.faradji@infopro-digital.com"
"14/09/2026 11:05:30","source/repos/srv_listener_folder/srv_listener_folder/publish/Application Files/srv_listener_folder_1_0_0_0/System.Text.Json.dll.deploy","1.0","2021-10-22T23:44:26Z","fethy.faradji@infopro-digital.com"
"14/09/2026 11:05:31","source/repos/srv_listener_folder/srv_listener_folder/publish/Application Files/srv_listener_folder_1_0_0_0/System.Threading.Tasks.Extensions.dll.deploy","1.0","2020-02-19T10:05:18Z","fethy.faradji@infopro-digital.com"
"14/09/2026 11:05:31","source/repos/srv_listener_folder/srv_listener_folder/publish/Application Files/srv_listener_folder_1_0_0_0/System.ValueTuple.dll.deploy","1.0","2018-05-15T13:29:52Z","fethy.faradji@infopro-digital.com"
"14/09/2026 11:05:33","source/repos/srv_listener_folder/srv_listener_folder/publish/Application Files/srv_listener_folder_1_0_0_1/log4net.dll.deploy","1.0","2022-07-25T07:40:06Z","fethy.faradji@infopro-digital.com"
"14/09/2026 11:05:34","source/repos/srv_listener_folder/srv_listener_folder/publish/Application Files/srv_listener_folder_1_0_0_1/Microsoft.Bcl.AsyncInterfaces.dll.deploy","1.0","2021-10-22T23:42:08Z","fethy.faradji@infopro-digital.com"
"14/09/2026 11:05:35","source/repos/srv_listener_folder/srv_listener_folder/publish/Application Files/srv_listener_folder_1_0_0_1/Microsoft.Office.Client.Policy.dll.deploy","1.0","2022-10-18T19:24:18Z","fethy.faradji@infopro-digital.com"
"14/09/2026 11:05:36","source/repos/srv_listener_folder/srv_listener_folder/publish/Application Files/srv_listener_folder_1_0_0_1/Microsoft.Office.Client.TranslationServices.dll.deploy","1.0","2022-10-18T19:24:18Z","fethy.faradji@infopro-digital.com"
"14/09/2026 11:05:37","source/repos/srv_listener_folder/srv_listener_folder/publish/Application Files/srv_listener_folder_1_0_0_1/Microsoft.Office.SharePoint.Tools.dll.deploy","1.0","2022-10-18T19:24:18Z","fethy.faradji@infopro-digital.com"
"14/09/2026 11:05:38","source/repos/srv_listener_folder/srv_listener_folder/publish/Application Files/srv_listener_folder_1_0_0_1/Microsoft.Online.SharePoint.Client.Tenant.dll.deploy","1.0","2022-10-18T19:24:18Z","fethy.faradji@infopro-digital.com"
"14/09/2026 11:05:39","source/repos/srv_listener_folder/srv_listener_folder/publish/Application Files/srv_listener_folder_1_0_0_1/Microsoft.ProjectServer.Client.dll.deploy","1.0","2022-10-18T19:24:18Z","fethy.faradji@infopro-digital.com"
"14/09/2026 11:05:40","source/repos/srv_listener_folder/srv_listener_folder/publish/Application Files/srv_listener_folder_1_0_0_1/Microsoft.SharePoint.Client.dll.deploy","1.0","2022-10-18T19:24:18Z","fethy.faradji@infopro-digital.com"
"14/09/2026 11:05:41","source/repos/srv_listener_folder/srv_listener_folder/publish/Application Files/srv_listener_folder_1_0_0_1/Microsoft.SharePoint.Client.DocumentManagement.dll.deploy","1.0","2022-10-18T19:24:18Z","fethy.faradji@infopro-digital.com"
"14/09/2026 11:05:43","source/repos/srv_listener_folder/srv_listener_folder/publish/Application Files/srv_listener_folder_1_0_0_1/Microsoft.SharePoint.Client.Publishing.dll.deploy","1.0","2022-10-18T19:24:18Z","fethy.faradji@infopro-digital.com"
"14/09/2026 11:05:44","source/repos/srv_listener_folder/srv_listener_folder/publish/Application Files/srv_listener_folder_1_0_0_1/Microsoft.SharePoint.Client.Runtime.dll.deploy","1.0","2022-10-18T19:24:18Z","fethy.faradji@infopro-digital.com"
"14/09/2026 11:05:45","source/repos/srv_listener_folder/srv_listener_folder/publish/Application Files/srv_listener_folder_1_0_0_1/Microsoft.SharePoint.Client.Search.Applications.dll.deploy","1.0","2022-10-18T19:24:18Z","fethy.faradji@infopro-digital.com"
"14/09/2026 11:05:46","source/repos/srv_listener_folder/srv_listener_folder/publish/Application Files/srv_listener_folder_1_0_0_1/Microsoft.SharePoint.Client.Search.dll.deploy","1.0","2022-10-18T19:24:18Z","fethy.faradji@infopro-digital.com"
"14/09/2026 11:05:48","source/repos/srv_listener_folder/srv_listener_folder/publish/Application Files/srv_listener_folder_1_0_0_1/Microsoft.SharePoint.Client.Taxonomy.dll.deploy","1.0","2022-10-18T19:24:18Z","fethy.faradji@infopro-digital.com"
"14/09/2026 11:05:49","source/repos/srv_listener_folder/srv_listener_folder/publish/Application Files/srv_listener_folder_1_0_0_1/Microsoft.SharePoint.Client.UserProfiles.dll.deploy","1.0","2022-10-18T19:24:18Z","fethy.faradji@infopro-digital.com"
"14/09/2026 11:05:49","source/repos/srv_listener_folder/srv_listener_folder/publish/Application Files/srv_listener_folder_1_0_0_1/Microsoft.SharePoint.Client.WorkflowServices.dll.deploy","1.0","2022-10-18T19:24:18Z","fethy.faradji@infopro-digital.com"
"14/09/2026 11:05:51","source/repos/srv_listener_folder/srv_listener_folder/publish/Application Files/srv_listener_folder_1_0_0_1/Oracle.ManagedDataAccess.dll.deploy","1.0","2022-10-11T17:31:12Z","fethy.faradji@infopro-digital.com"
"14/09/2026 11:05:52","source/repos/srv_listener_folder/srv_listener_folder/publish/Application Files/srv_listener_folder_1_0_0_1/srv_listener_folder.application","1.0","2022-11-24T14:53:55Z","fethy.faradji@infopro-digital.com"
"14/09/2026 11:05:53","source/repos/srv_listener_folder/srv_listener_folder/publish/Application Files/srv_listener_folder_1_0_0_1/srv_listener_folder.exe.config.deploy","1.0","2022-11-24T14:14:47Z","fethy.faradji@infopro-digital.com"
"14/09/2026 11:05:54","source/repos/srv_listener_folder/srv_listener_folder/publish/Application Files/srv_listener_folder_1_0_0_1/srv_listener_folder.exe.deploy","1.0","2022-11-24T14:53:54Z","fethy.faradji@infopro-digital.com"
"14/09/2026 11:05:56","source/repos/srv_listener_folder/srv_listener_folder/publish/Application Files/srv_listener_folder_1_0_0_1/srv_listener_folder.exe.manifest","1.0","2022-11-24T14:53:55Z","fethy.faradji@infopro-digital.com"
"14/09/2026 11:05:57","source/repos/srv_listener_folder/srv_listener_folder/publish/Application Files/srv_listener_folder_1_0_0_1/System.Buffers.dll.deploy","1.0","2020-02-19T10:05:18Z","fethy.faradji@infopro-digital.com"
"14/09/2026 11:05:57","source/repos/srv_listener_folder/srv_listener_folder/publish/Application Files/srv_listener_folder_1_0_0_1/System.Memory.dll.deploy","1.0","2020-02-19T10:05:18Z","fethy.faradji@infopro-digital.com"
"14/09/2026 11:05:58","source/repos/srv_listener_folder/srv_listener_folder/publish/Application Files/srv_listener_folder_1_0_0_1/System.Numerics.Vectors.dll.deploy","1.0","2018-05-15T13:29:44Z","fethy.faradji@infopro-digital.com"
"14/09/2026 11:06:01","source/repos/srv_listener_folder/srv_listener_folder/publish/Application Files/srv_listener_folder_1_0_0_1/System.Runtime.CompilerServices.Unsafe.dll.deploy","1.0","2021-10-22T23:40:18Z","fethy.faradji@infopro-digital.com"
"14/09/2026 11:06:02","source/repos/srv_listener_folder/srv_listener_folder/publish/Application Files/srv_listener_folder_1_0_0_1/System.Text.Encodings.Web.dll.deploy","1.0","2021-10-22T23:41:14Z","fethy.faradji@infopro-digital.com"
"14/09/2026 11:06:02","source/repos/srv_listener_folder/srv_listener_folder/publish/Application Files/srv_listener_folder_1_0_0_1/System.Text.Json.dll.deploy","1.0","2021-10-22T23:44:26Z","fethy.faradji@infopro-digital.com"
"14/09/2026 11:06:02","source/repos/srv_listener_folder/srv_listener_folder/publish/Application Files/srv_listener_folder_1_0_0_1/System.Threading.Tasks.Extensions.dll.deploy","1.0","2020-02-19T10:05:18Z","fethy.faradji@infopro-digital.com"
"14/09/2026 11:06:05","source/repos/srv_listener_folder/srv_listener_folder/publish/Application Files/srv_listener_folder_1_0_0_1/System.ValueTuple.dll.deploy","1.0","2018-05-15T13:29:52Z","fethy.faradji@infopro-digital.com"
"14/09/2026 11:06:07","source/repos/srv_listener_folder/srv_listener_folder/publish/Application Files/srv_listener_folder_1_0_0_2/log4net.dll.deploy","1.0","2022-07-25T07:40:06Z","fethy.faradji@infopro-digital.com"
"14/09/2026 11:06:07","source/repos/srv_listener_folder/srv_listener_folder/publish/Application Files/srv_listener_folder_1_0_0_2/Microsoft.Bcl.AsyncInterfaces.dll.deploy","1.0","2021-10-22T23:42:08Z","fethy.faradji@infopro-digital.com"
"14/09/2026 11:06:08","source/repos/srv_listener_folder/srv_listener_folder/publish/Application Files/srv_listener_folder_1_0_0_2/Microsoft.Office.Client.Policy.dll.deploy","1.0","2022-10-18T19:24:18Z","fethy.faradji@infopro-digital.com"
"14/09/2026 11:06:11","source/repos/srv_listener_folder/srv_listener_folder/publish/Application Files/srv_listener_folder_1_0_0_2/Microsoft.Office.Client.TranslationServices.dll.deploy","1.0","2022-10-18T19:24:18Z","fethy.faradji@infopro-digital.com"
"14/09/2026 11:06:12","source/repos/srv_listener_folder/srv_listener_folder/publish/Application Files/srv_listener_folder_1_0_0_2/Microsoft.Online.SharePoint.Client.Tenant.dll.deploy","1.0","2022-10-18T19:24:18Z","fethy.faradji@infopro-digital.com"
"14/09/2026 11:06:12","source/repos/srv_listener_folder/srv_listener_folder/publish/Application Files/srv_listener_folder_1_0_0_2/Microsoft.Office.SharePoint.Tools.dll.deploy","1.0","2022-10-18T19:24:18Z","fethy.faradji@infopro-digital.com"
"14/09/2026 11:06:13","source/repos/srv_listener_folder/srv_listener_folder/publish/Application Files/srv_listener_folder_1_0_0_2/Microsoft.ProjectServer.Client.dll.deploy","1.0","2022-10-18T19:24:18Z","fethy.faradji@infopro-digital.com"
"14/09/2026 11:06:16","source/repos/srv_listener_folder/srv_listener_folder/publish/Application Files/srv_listener_folder_1_0_0_2/Microsoft.SharePoint.Client.dll.deploy","1.0","2022-10-18T19:24:18Z","fethy.faradji@infopro-digital.com"
"14/09/2026 11:06:17","source/repos/srv_listener_folder/srv_listener_folder/publish/Application Files/srv_listener_folder_1_0_0_2/Microsoft.SharePoint.Client.DocumentManagement.dll.deploy","1.0","2022-10-18T19:24:18Z","fethy.faradji@infopro-digital.com"
"14/09/2026 11:06:17","source/repos/srv_listener_folder/srv_listener_folder/publish/Application Files/srv_listener_folder_1_0_0_2/Microsoft.SharePoint.Client.Publishing.dll.deploy","1.0","2022-10-18T19:24:18Z","fethy.faradji@infopro-digital.com"
"14/09/2026 11:06:18","source/repos/srv_listener_folder/srv_listener_folder/publish/Application Files/srv_listener_folder_1_0_0_2/Microsoft.SharePoint.Client.Runtime.dll.deploy","1.0","2022-10-18T19:24:18Z","fethy.faradji@infopro-digital.com"
"14/09/2026 11:06:21","source/repos/srv_listener_folder/srv_listener_folder/publish/Application Files/srv_listener_folder_1_0_0_2/Microsoft.SharePoint.Client.Search.Applications.dll.deploy","1.0","2022-10-18T19:24:18Z","fethy.faradji@infopro-digital.com"
"14/09/2026 11:06:22","source/repos/srv_listener_folder/srv_listener_folder/publish/Application Files/srv_listener_folder_1_0_0_2/Microsoft.SharePoint.Client.Search.dll.deploy","1.0","2022-10-18T19:24:18Z","fethy.faradji@infopro-digital.com"
"14/09/2026 11:06:22","source/repos/srv_listener_folder/srv_listener_folder/publish/Application Files/srv_listener_folder_1_0_0_2/Microsoft.SharePoint.Client.Taxonomy.dll.deploy","1.0","2022-10-18T19:24:18Z","fethy.faradji@infopro-digital.com"
"14/09/2026 11:06:23","source/repos/srv_listener_folder/srv_listener_folder/publish/Application Files/srv_listener_folder_1_0_0_2/Microsoft.SharePoint.Client.UserProfiles.dll.deploy","1.0","2022-10-18T19:24:18Z","fethy.faradji@infopro-digital.com"
"14/09/2026 11:06:26","source/repos/srv_listener_folder/srv_listener_folder/publish/Application Files/srv_listener_folder_1_0_0_2/Microsoft.SharePoint.Client.WorkflowServices.dll.deploy","1.0","2022-10-18T19:24:18Z","fethy.faradji@infopro-digital.com"
"14/09/2026 11:06:27","source/repos/srv_listener_folder/srv_listener_folder/publish/Application Files/srv_listener_folder_1_0_0_2/Oracle.ManagedDataAccess.dll.deploy","1.0","2022-10-11T17:31:12Z","fethy.faradji@infopro-digital.com"
"14/09/2026 11:06:27","source/repos/srv_listener_folder/srv_listener_folder/publish/Application Files/srv_listener_folder_1_0_0_2/srv_listener_folder.application","1.0","2022-12-02T10:17:37Z","fethy.faradji@infopro-digital.com"
"14/09/2026 11:06:28","source/repos/srv_listener_folder/srv_listener_folder/publish/Application Files/srv_listener_folder_1_0_0_2/srv_listener_folder.exe.config.deploy","1.0","2022-11-24T14:14:47Z","fethy.faradji@infopro-digital.com"
"14/09/2026 11:06:32","source/repos/srv_listener_folder/srv_listener_folder/publish/Application Files/srv_listener_folder_1_0_0_2/srv_listener_folder.exe.deploy","1.0","2022-12-02T10:17:36Z","fethy.faradji@infopro-digital.com"
"14/09/2026 11:06:32","source/repos/srv_listener_folder/srv_listener_folder/publish/Application Files/srv_listener_folder_1_0_0_2/srv_listener_folder.exe.manifest","1.0","2022-12-02T10:17:37Z","fethy.faradji@infopro-digital.com"
"14/09/2026 11:06:33","source/repos/srv_listener_folder/srv_listener_folder/publish/Application Files/srv_listener_folder_1_0_0_2/System.Buffers.dll.deploy","1.0","2020-02-19T10:05:18Z","fethy.faradji@infopro-digital.com"
"14/09/2026 11:06:33","source/repos/srv_listener_folder/srv_listener_folder/publish/Application Files/srv_listener_folder_1_0_0_2/System.Memory.dll.deploy","1.0","2020-02-19T10:05:18Z","fethy.faradji@infopro-digital.com"
"14/09/2026 11:06:36","source/repos/srv_listener_folder/srv_listener_folder/publish/Application Files/srv_listener_folder_1_0_0_2/System.Numerics.Vectors.dll.deploy","1.0","2018-05-15T13:29:44Z","fethy.faradji@infopro-digital.com"
"14/09/2026 11:06:37","source/repos/srv_listener_folder/srv_listener_folder/publish/Application Files/srv_listener_folder_1_0_0_2/System.Runtime.CompilerServices.Unsafe.dll.deploy","1.0","2021-10-22T23:40:18Z","fethy.faradji@infopro-digital.com"
"14/09/2026 11:06:38","source/repos/srv_listener_folder/srv_listener_folder/publish/Application Files/srv_listener_folder_1_0_0_2/System.Text.Encodings.Web.dll.deploy","1.0","2021-10-22T23:41:14Z","fethy.faradji@infopro-digital.com"
"14/09/2026 11:06:39","source/repos/srv_listener_folder/srv_listener_folder/publish/Application Files/srv_listener_folder_1_0_0_2/System.Text.Json.dll.deploy","1.0","2021-10-22T23:44:26Z","fethy.faradji@infopro-digital.com"
"14/09/2026 11:06:40","source/repos/srv_listener_folder/srv_listener_folder/publish/Application Files/srv_listener_folder_1_0_0_2/System.Threading.Tasks.Extensions.dll.deploy","1.0","2020-02-19T10:05:18Z","fethy.faradji@infopro-digital.com"
"14/09/2026 11:06:42","source/repos/srv_listener_folder/srv_listener_folder/publish/Application Files/srv_listener_folder_1_0_0_2/System.ValueTuple.dll.deploy","1.0","2018-05-15T13:29:52Z","fethy.faradji@infopro-digital.com"
"14/09/2026 11:06:43","source/repos/srv_listener_folder/srv_listener_folder/publish/Application Files/srv_listener_folder_1_0_0_3/log4net.dll.deploy","1.0","2022-07-25T07:40:06Z","fethy.faradji@infopro-digital.com"
"14/09/2026 11:06:44","source/repos/srv_listener_folder/srv_listener_folder/publish/Application Files/srv_listener_folder_1_0_0_3/Microsoft.Bcl.AsyncInterfaces.dll.deploy","1.0","2021-10-22T23:42:08Z","fethy.faradji@infopro-digital.com"
"14/09/2026 11:06:45","source/repos/srv_listener_folder/srv_listener_folder/publish/Application Files/srv_listener_folder_1_0_0_3/Microsoft.Office.Client.Policy.dll.deploy","1.0","2022-10-18T19:24:18Z","fethy.faradji@infopro-digital.com"
"14/09/2026 11:06:46","source/repos/srv_listener_folder/srv_listener_folder/publish/Application Files/srv_listener_folder_1_0_0_3/Microsoft.Office.Client.TranslationServices.dll.deploy","1.0","2022-10-18T19:24:18Z","fethy.faradji@infopro-digital.com"
"14/09/2026 11:06:48","source/repos/srv_listener_folder/srv_listener_folder/publish/Application Files/srv_listener_folder_1_0_0_3/Microsoft.Office.SharePoint.Tools.dll.deploy","1.0","2022-10-18T19:24:18Z","fethy.faradji@infopro-digital.com"
"14/09/2026 11:06:49","source/repos/srv_listener_folder/srv_listener_folder/publish/Application Files/srv_listener_folder_1_0_0_3/Microsoft.Online.SharePoint.Client.Tenant.dll.deploy","1.0","2022-10-18T19:24:18Z","fethy.faradji@infopro-digital.com"
"14/09/2026 11:06:49","source/repos/srv_listener_folder/srv_listener_folder/publish/Application Files/srv_listener_folder_1_0_0_3/Microsoft.ProjectServer.Client.dll.deploy","1.0","2022-10-18T19:24:18Z","fethy.faradji@infopro-digital.com"
"14/09/2026 11:06:50","source/repos/srv_listener_folder/srv_listener_folder/publish/Application Files/srv_listener_folder_1_0_0_3/Microsoft.SharePoint.Client.dll.deploy","1.0","2022-10-18T19:24:18Z","fethy.faradji@infopro-digital.com"
"14/09/2026 11:06:53","source/repos/srv_listener_folder/srv_listener_folder/publish/Application Files/srv_listener_folder_1_0_0_3/Microsoft.SharePoint.Client.DocumentManagement.dll.deploy","1.0","2022-10-18T19:24:18Z","fethy.faradji@infopro-digital.com"
"14/09/2026 11:06:54","source/repos/srv_listener_folder/srv_listener_folder/publish/Application Files/srv_listener_folder_1_0_0_3/Microsoft.SharePoint.Client.Publishing.dll.deploy","1.0","2022-10-18T19:24:18Z","fethy.faradji@infopro-digital.com"
"14/09/2026 11:06:54","source/repos/srv_listener_folder/srv_listener_folder/publish/Application Files/srv_listener_folder_1_0_0_3/Microsoft.SharePoint.Client.Runtime.dll.deploy","1.0","2022-10-18T19:24:18Z","fethy.faradji@infopro-digital.com"
"14/09/2026 11:06:56","source/repos/srv_listener_folder/srv_listener_folder/publish/Application Files/srv_listener_folder_1_0_0_3/Microsoft.SharePoint.Client.Search.Applications.dll.deploy","1.0","2022-10-18T19:24:18Z","fethy.faradji@infopro-digital.com"
"14/09/2026 11:06:58","source/repos/srv_listener_folder/srv_listener_folder/publish/Application Files/srv_listener_folder_1_0_0_3/Microsoft.SharePoint.Client.Search.dll.deploy","1.0","2022-10-18T19:24:18Z","fethy.faradji@infopro-digital.com"
"14/09/2026 11:06:59","source/repos/srv_listener_folder/srv_listener_folder/publish/Application Files/srv_listener_folder_1_0_0_3/Microsoft.SharePoint.Client.Taxonomy.dll.deploy","1.0","2022-10-18T19:24:18Z","fethy.faradji@infopro-digital.com"
"14/09/2026 11:06:59","source/repos/srv_listener_folder/srv_listener_folder/publish/Application Files/srv_listener_folder_1_0_0_3/Microsoft.SharePoint.Client.UserProfiles.dll.deploy","1.0","2022-10-18T19:24:18Z","fethy.faradji@infopro-digital.com"
"14/09/2026 11:07:00","source/repos/srv_listener_folder/srv_listener_folder/publish/Application Files/srv_listener_folder_1_0_0_3/Microsoft.SharePoint.Client.WorkflowServices.dll.deploy","1.0","2022-10-18T19:24:18Z","fethy.faradji@infopro-digital.com"
"14/09/2026 11:07:03","source/repos/srv_listener_folder/srv_listener_folder/publish/Application Files/srv_listener_folder_1_0_0_3/Oracle.ManagedDataAccess.dll.deploy","1.0","2022-10-11T17:31:12Z","fethy.faradji@infopro-digital.com"
"14/09/2026 11:07:04","source/repos/srv_listener_folder/srv_listener_folder/publish/Application Files/srv_listener_folder_1_0_0_3/srv_listener_folder.exe.config.deploy","1.0","2022-11-24T14:14:47Z","fethy.faradji@infopro-digital.com"
"14/09/2026 11:07:04","source/repos/srv_listener_folder/srv_listener_folder/publish/Application Files/srv_listener_folder_1_0_0_3/srv_listener_folder.application","1.0","2022-12-02T14:00:09Z","fethy.faradji@infopro-digital.com"
"14/09/2026 11:07:05","source/repos/srv_listener_folder/srv_listener_folder/publish/Application Files/srv_listener_folder_1_0_0_3/srv_listener_folder.exe.deploy","1.0","2022-12-02T14:00:07Z","fethy.faradji@infopro-digital.com"
"14/09/2026 11:07:09","source/repos/srv_listener_folder/srv_listener_folder/publish/Application Files/srv_listener_folder_1_0_0_3/srv_listener_folder.exe.manifest","1.0","2022-12-02T14:00:08Z","fethy.faradji@infopro-digital.com"
"14/09/2026 11:07:09","source/repos/srv_listener_folder/srv_listener_folder/publish/Application Files/srv_listener_folder_1_0_0_3/System.Buffers.dll.deploy","1.0","2020-02-19T10:05:18Z","fethy.faradji@infopro-digital.com"
"14/09/2026 11:07:11","source/repos/srv_listener_folder/srv_listener_folder/publish/Application Files/srv_listener_folder_1_0_0_3/System.Memory.dll.deploy","1.0","2020-02-19T10:05:18Z","fethy.faradji@infopro-digital.com"
"14/09/2026 11:07:12","source/repos/srv_listener_folder/srv_listener_folder/publish/Application Files/srv_listener_folder_1_0_0_3/System.Numerics.Vectors.dll.deploy","1.0","2018-05-15T13:29:44Z","fethy.faradji@infopro-digital.com"
"14/09/2026 11:07:13","source/repos/srv_listener_folder/srv_listener_folder/publish/Application Files/srv_listener_folder_1_0_0_3/System.Runtime.CompilerServices.Unsafe.dll.deploy","1.0","2021-10-22T23:40:18Z","fethy.faradji@infopro-digital.com"
"14/09/2026 11:07:14","source/repos/srv_listener_folder/srv_listener_folder/publish/Application Files/srv_listener_folder_1_0_0_3/System.Text.Encodings.Web.dll.deploy","1.0","2021-10-22T23:41:14Z","fethy.faradji@infopro-digital.com"
"14/09/2026 11:07:16","source/repos/srv_listener_folder/srv_listener_folder/publish/Application Files/srv_listener_folder_1_0_0_3/System.Text.Json.dll.deploy","1.0","2021-10-22T23:44:26Z","fethy.faradji@infopro-digital.com"
"14/09/2026 11:07:17","source/repos/srv_listener_folder/srv_listener_folder/publish/Application Files/srv_listener_folder_1_0_0_3/System.Threading.Tasks.Extensions.dll.deploy","1.0","2020-02-19T10:05:18Z","fethy.faradji@infopro-digital.com"
"14/09/2026 11:07:18","source/repos/srv_listener_folder/srv_listener_folder/publish/Application Files/srv_listener_folder_1_0_0_3/System.ValueTuple.dll.deploy","1.0","2018-05-15T13:29:52Z","fethy.faradji@infopro-digital.com"
"14/09/2026 11:07:19","source/repos/srv_listener_folder/srv_listener_folder/publish/Application Files/srv_listener_folder_1_0_0_4/log4net.dll.deploy","1.0","2022-07-25T07:40:06Z","fethy.faradji@infopro-digital.com"
"14/09/2026 11:07:21","source/repos/srv_listener_folder/srv_listener_folder/publish/Application Files/srv_listener_folder_1_0_0_4/Microsoft.Bcl.AsyncInterfaces.dll.deploy","1.0","2021-10-22T23:42:08Z","fethy.faradji@infopro-digital.com"
"14/09/2026 11:07:22","source/repos/srv_listener_folder/srv_listener_folder/publish/Application Files/srv_listener_folder_1_0_0_4/Microsoft.Office.Client.Policy.dll.deploy","1.0","2022-10-18T19:24:18Z","fethy.faradji@infopro-digital.com"
"14/09/2026 11:07:23","source/repos/srv_listener_folder/srv_listener_folder/publish/Application Files/srv_listener_folder_1_0_0_4/Microsoft.Office.Client.TranslationServices.dll.deploy","1.0","2022-10-18T19:24:18Z","fethy.faradji@infopro-digital.com"
"14/09/2026 11:07:24","source/repos/srv_listener_folder/srv_listener_folder/publish/Application Files/srv_listener_folder_1_0_0_4/Microsoft.Office.SharePoint.Tools.dll.deploy","1.0","2022-10-18T19:24:18Z","fethy.faradji@infopro-digital.com"
"14/09/2026 11:07:25","source/repos/srv_listener_folder/srv_listener_folder/publish/Application Files/srv_listener_folder_1_0_0_4/Microsoft.Online.SharePoint.Client.Tenant.dll.deploy","1.0","2022-10-18T19:24:18Z","fethy.faradji@infopro-digital.com"
"14/09/2026 11:07:27","source/repos/srv_listener_folder/srv_listener_folder/publish/Application Files/srv_listener_folder_1_0_0_4/Microsoft.ProjectServer.Client.dll.deploy","1.0","2022-10-18T19:24:18Z","fethy.faradji@infopro-digital.com"
"14/09/2026 11:07:28","source/repos/srv_listener_folder/srv_listener_folder/publish/Application Files/srv_listener_folder_1_0_0_4/Microsoft.SharePoint.Client.dll.deploy","1.0","2022-10-18T19:24:18Z","fethy.faradji@infopro-digital.com"
"14/09/2026 11:07:29","source/repos/srv_listener_folder/srv_listener_folder/publish/Application Files/srv_listener_folder_1_0_0_4/Microsoft.SharePoint.Client.DocumentManagement.dll.deploy","1.0","2022-10-18T19:24:18Z","fethy.faradji@infopro-digital.com"
"14/09/2026 11:07:30","source/repos/srv_listener_folder/srv_listener_folder/publish/Application Files/srv_listener_folder_1_0_0_4/Microsoft.SharePoint.Client.Publishing.dll.deploy","1.0","2022-10-18T19:24:18Z","fethy.faradji@infopro-digital.com"
"14/09/2026 11:07:31","source/repos/srv_listener_folder/srv_listener_folder/publish/Application Files/srv_listener_folder_1_0_0_4/Microsoft.SharePoint.Client.Runtime.dll.deploy","1.0","2022-10-18T19:24:18Z","fethy.faradji@infopro-digital.com"
"14/09/2026 11:07:33","source/repos/srv_listener_folder/srv_listener_folder/publish/Application Files/srv_listener_folder_1_0_0_4/Microsoft.SharePoint.Client.Search.Applications.dll.deploy","1.0","2022-10-18T19:24:18Z","fethy.faradji@infopro-digital.com"
"14/09/2026 11:07:34","source/repos/srv_listener_folder/srv_listener_folder/publish/Application Files/srv_listener_folder_1_0_0_4/Microsoft.SharePoint.Client.Search.dll.deploy","1.0","2022-10-18T19:24:18Z","fethy.faradji@infopro-digital.com"
"14/09/2026 11:07:34","source/repos/srv_listener_folder/srv_listener_folder/publish/Application Files/srv_listener_folder_1_0_0_4/Microsoft.SharePoint.Client.Taxonomy.dll.deploy","1.0","2022-10-18T19:24:18Z","fethy.faradji@infopro-digital.com"
"14/09/2026 11:07:36","source/repos/srv_listener_folder/srv_listener_folder/publish/Application Files/srv_listener_folder_1_0_0_4/Microsoft.SharePoint.Client.UserProfiles.dll.deploy","1.0","2022-10-18T19:24:18Z","fethy.faradji@infopro-digital.com"
"14/09/2026 11:07:37","source/repos/srv_listener_folder/srv_listener_folder/publish/Application Files/srv_listener_folder_1_0_0_4/Microsoft.SharePoint.Client.WorkflowServices.dll.deploy","1.0","2022-10-18T19:24:18Z","fethy.faradji@infopro-digital.com"
"14/09/2026 11:07:38","source/repos/srv_listener_folder/srv_listener_folder/publish/Application Files/srv_listener_folder_1_0_0_4/Oracle.ManagedDataAccess.dll.deploy","1.0","2022-10-11T17:31:12Z","fethy.faradji@infopro-digital.com"
"14/09/2026 11:07:39","source/repos/srv_listener_folder/srv_listener_folder/publish/Application Files/srv_listener_folder_1_0_0_4/srv_listener_folder.application","1.0","2022-12-02T16:03:19Z","fethy.faradji@infopro-digital.com"
"14/09/2026 11:07:40","source/repos/srv_listener_folder/srv_listener_folder/publish/Application Files/srv_listener_folder_1_0_0_4/srv_listener_folder.exe.config.deploy","1.0","2022-11-24T14:14:47Z","fethy.faradji@infopro-digital.com"
"14/09/2026 11:07:42","source/repos/srv_listener_folder/srv_listener_folder/publish/Application Files/srv_listener_folder_1_0_0_4/srv_listener_folder.exe.deploy","1.0","2022-12-02T16:03:18Z","fethy.faradji@infopro-digital.com"
"14/09/2026 11:07:43","source/repos/srv_listener_folder/srv_listener_folder/publish/Application Files/srv_listener_folder_1_0_0_4/srv_listener_folder.exe.manifest","1.0","2022-12-02T16:03:19Z","fethy.faradji@infopro-digital.com"
"14/09/2026 11:07:44","source/repos/srv_listener_folder/srv_listener_folder/publish/Application Files/srv_listener_folder_1_0_0_4/System.Buffers.dll.deploy","1.0","2020-02-19T10:05:18Z","fethy.faradji@infopro-digital.com"
"14/09/2026 11:07:45","source/repos/srv_listener_folder/srv_listener_folder/publish/Application Files/srv_listener_folder_1_0_0_4/System.Memory.dll.deploy","1.0","2020-02-19T10:05:18Z","fethy.faradji@infopro-digital.com"
"14/09/2026 11:07:46","source/repos/srv_listener_folder/srv_listener_folder/publish/Application Files/srv_listener_folder_1_0_0_4/System.Numerics.Vectors.dll.deploy","1.0","2018-05-15T13:29:44Z","fethy.faradji@infopro-digital.com"
"14/09/2026 11:07:48","source/repos/srv_listener_folder/srv_listener_folder/publish/Application Files/srv_listener_folder_1_0_0_4/System.Runtime.CompilerServices.Unsafe.dll.deploy","1.0","2021-10-22T23:40:18Z","fethy.faradji@infopro-digital.com"
"14/09/2026 11:07:49","source/repos/srv_listener_folder/srv_listener_folder/publish/Application Files/srv_listener_folder_1_0_0_4/System.Text.Encodings.Web.dll.deploy","1.0","2021-10-22T23:41:14Z","fethy.faradji@infopro-digital.com"
"14/09/2026 11:07:49","source/repos/srv_listener_folder/srv_listener_folder/publish/Application Files/srv_listener_folder_1_0_0_4/System.Text.Json.dll.deploy","1.0","2021-10-22T23:44:26Z","fethy.faradji@infopro-digital.com"
"14/09/2026 11:07:51","source/repos/srv_listener_folder/srv_listener_folder/publish/Application Files/srv_listener_folder_1_0_0_4/System.Threading.Tasks.Extensions.dll.deploy","1.0","2020-02-19T10:05:18Z","fethy.faradji@infopro-digital.com"
"14/09/2026 11:07:53","source/repos/srv_listener_folder/srv_listener_folder/publish/Application Files/srv_listener_folder_1_0_0_4/System.ValueTuple.dll.deploy","1.0","2018-05-15T13:29:52Z","fethy.faradji@infopro-digital.com"
"14/09/2026 11:07:54","source/repos/srv_listener_folder/srv_listener_folder/publish/Application Files/srv_listener_folder_1_0_0_5/Microsoft.Bcl.AsyncInterfaces.dll.deploy","1.0","2021-10-22T23:42:08Z","fethy.faradji@infopro-digital.com"
"14/09/2026 11:07:55","source/repos/srv_listener_folder/srv_listener_folder/publish/Application Files/srv_listener_folder_1_0_0_5/log4net.dll.deploy","1.0","2022-07-25T07:40:06Z","fethy.faradji@infopro-digital.com"
"14/09/2026 11:07:56","source/repos/srv_listener_folder/srv_listener_folder/publish/Application Files/srv_listener_folder_1_0_0_5/Microsoft.Office.Client.Policy.dll.deploy","1.0","2022-10-18T19:24:18Z","fethy.faradji@infopro-digital.com"
"14/09/2026 11:07:58","source/repos/srv_listener_folder/srv_listener_folder/publish/Application Files/srv_listener_folder_1_0_0_5/Microsoft.Office.Client.TranslationServices.dll.deploy","1.0","2022-10-18T19:24:18Z","fethy.faradji@infopro-digital.com"
"14/09/2026 11:08:00","source/repos/srv_listener_folder/srv_listener_folder/publish/Application Files/srv_listener_folder_1_0_0_5/Microsoft.Office.SharePoint.Tools.dll.deploy","1.0","2022-10-18T19:24:18Z","fethy.faradji@infopro-digital.com"
"14/09/2026 11:08:01","source/repos/srv_listener_folder/srv_listener_folder/publish/Application Files/srv_listener_folder_1_0_0_5/Microsoft.Online.SharePoint.Client.Tenant.dll.deploy","1.0","2022-10-18T19:24:18Z","fethy.faradji@infopro-digital.com"
"14/09/2026 11:08:02","source/repos/srv_listener_folder/srv_listener_folder/publish/Application Files/srv_listener_folder_1_0_0_5/Microsoft.ProjectServer.Client.dll.deploy","1.0","2022-10-18T19:24:18Z","fethy.faradji@infopro-digital.com"
"14/09/2026 11:08:03","source/repos/srv_listener_folder/srv_listener_folder/publish/Application Files/srv_listener_folder_1_0_0_5/Microsoft.SharePoint.Client.dll.deploy","1.0","2022-10-18T19:24:18Z","fethy.faradji@infopro-digital.com"
"14/09/2026 11:08:05","source/repos/srv_listener_folder/srv_listener_folder/publish/Application Files/srv_listener_folder_1_0_0_5/Microsoft.SharePoint.Client.DocumentManagement.dll.deploy","1.0","2022-10-18T19:24:18Z","fethy.faradji@infopro-digital.com"
"14/09/2026 11:08:06","source/repos/srv_listener_folder/srv_listener_folder/publish/Application Files/srv_listener_folder_1_0_0_5/Microsoft.SharePoint.Client.Publishing.dll.deploy","1.0","2022-10-18T19:24:18Z","fethy.faradji@infopro-digital.com"
"14/09/2026 11:08:06","source/repos/srv_listener_folder/srv_listener_folder/publish/Application Files/srv_listener_folder_1_0_0_5/Microsoft.SharePoint.Client.Runtime.dll.deploy","1.0","2022-10-18T19:24:18Z","fethy.faradji@infopro-digital.com"
"14/09/2026 11:08:08","source/repos/srv_listener_folder/srv_listener_folder/publish/Application Files/srv_listener_folder_1_0_0_5/Microsoft.SharePoint.Client.Search.Applications.dll.deploy","1.0","2022-10-18T19:24:18Z","fethy.faradji@infopro-digital.com"
"14/09/2026 11:08:10","source/repos/srv_listener_folder/srv_listener_folder/publish/Application Files/srv_listener_folder_1_0_0_5/Microsoft.SharePoint.Client.Search.dll.deploy","1.0","2022-10-18T19:24:18Z","fethy.faradji@infopro-digital.com"
"14/09/2026 11:08:11","source/repos/srv_listener_folder/srv_listener_folder/publish/Application Files/srv_listener_folder_1_0_0_5/Microsoft.SharePoint.Client.Taxonomy.dll.deploy","1.0","2022-10-18T19:24:18Z","fethy.faradji@infopro-digital.com"
"14/09/2026 11:08:11","source/repos/srv_listener_folder/srv_listener_folder/publish/Application Files/srv_listener_folder_1_0_0_5/Microsoft.SharePoint.Client.UserProfiles.dll.deploy","1.0","2022-10-18T19:24:18Z","fethy.faradji@infopro-digital.com"
"14/09/2026 11:08:12","source/repos/srv_listener_folder/srv_listener_folder/publish/Application Files/srv_listener_folder_1_0_0_5/Microsoft.SharePoint.Client.WorkflowServices.dll.deploy","1.0","2022-10-18T19:24:18Z","fethy.faradji@infopro-digital.com"
"14/09/2026 11:08:14","source/repos/srv_listener_folder/srv_listener_folder/publish/Application Files/srv_listener_folder_1_0_0_5/Oracle.ManagedDataAccess.dll.deploy","1.0","2022-10-11T17:31:12Z","fethy.faradji@infopro-digital.com"
"14/09/2026 11:08:15","source/repos/srv_listener_folder/srv_listener_folder/publish/Application Files/srv_listener_folder_1_0_0_5/srv_listener_folder.application","1.0","2022-12-02T16:30:21Z","fethy.faradji@infopro-digital.com"
"14/09/2026 11:08:17","source/repos/srv_listener_folder/srv_listener_folder/publish/Application Files/srv_listener_folder_1_0_0_5/srv_listener_folder.exe.config.deploy","1.0","2022-11-24T14:14:47Z","fethy.faradji@infopro-digital.com"
"14/09/2026 11:08:18","source/repos/srv_listener_folder/srv_listener_folder/publish/Application Files/srv_listener_folder_1_0_0_5/srv_listener_folder.exe.deploy","1.0","2022-12-02T16:30:19Z","fethy.faradji@infopro-digital.com"
"14/09/2026 11:08:19","source/repos/srv_listener_folder/srv_listener_folder/publish/Application Files/srv_listener_folder_1_0_0_5/srv_listener_folder.exe.manifest","1.0","2022-12-02T16:30:21Z","fethy.faradji@infopro-digital.com"
"14/09/2026 11:08:20","source/repos/srv_listener_folder/srv_listener_folder/publish/Application Files/srv_listener_folder_1_0_0_5/System.Buffers.dll.deploy","1.0","2020-02-19T10:05:18Z","fethy.faradji@infopro-digital.com"
"14/09/2026 11:08:21","source/repos/srv_listener_folder/srv_listener_folder/publish/Application Files/srv_listener_folder_1_0_0_5/System.Memory.dll.deploy","1.0","2020-02-19T10:05:18Z","fethy.faradji@infopro-digital.com"
"14/09/2026 11:08:23","source/repos/srv_listener_folder/srv_listener_folder/publish/Application Files/srv_listener_folder_1_0_0_5/System.Numerics.Vectors.dll.deploy","1.0","2018-05-15T13:29:44Z","fethy.faradji@infopro-digital.com"
"14/09/2026 11:08:23","source/repos/srv_listener_folder/srv_listener_folder/publish/Application Files/srv_listener_folder_1_0_0_5/System.Runtime.CompilerServices.Unsafe.dll.deploy","1.0","2021-10-22T23:40:18Z","fethy.faradji@infopro-digital.com"
"14/09/2026 11:08:24","source/repos/srv_listener_folder/srv_listener_folder/publish/Application Files/srv_listener_folder_1_0_0_5/System.Text.Encodings.Web.dll.deploy","1.0","2021-10-22T23:41:14Z","fethy.faradji@infopro-digital.com"
"14/09/2026 11:08:26","source/repos/srv_listener_folder/srv_listener_folder/publish/Application Files/srv_listener_folder_1_0_0_5/System.Text.Json.dll.deploy","1.0","2021-10-22T23:44:26Z","fethy.faradji@infopro-digital.com"
"14/09/2026 11:08:27","source/repos/srv_listener_folder/srv_listener_folder/publish/Application Files/srv_listener_folder_1_0_0_5/System.Threading.Tasks.Extensions.dll.deploy","1.0","2020-02-19T10:05:18Z","fethy.faradji@infopro-digital.com"
"14/09/2026 11:08:28","source/repos/srv_listener_folder/srv_listener_folder/publish/Application Files/srv_listener_folder_1_0_0_5/System.ValueTuple.dll.deploy","1.0","2018-05-15T13:29:52Z","fethy.faradji@infopro-digital.com"
"14/09/2026 11:08:29","source/repos/srv_listener_folder/srv_listener_folder/publish/setup.exe","1.0","2022-12-02T16:30:21Z","fethy.faradji@infopro-digital.com"
"14/09/2026 11:08:31","source/repos/srv_listener_folder/srv_listener_folder/publish/srv_listener_folder.application","1.0","2022-12-02T16:30:21Z","fethy.faradji@infopro-digital.com"
"14/09/2026 11:08:32","source/repos/srv_listener_folder/srv_listener_folder/App.config","1.0","2022-11-24T14:14:47Z","fethy.faradji@infopro-digital.com"
"14/09/2026 11:08:33","source/repos/srv_listener_folder/srv_listener_folder/DAL.cs","1.0","2022-11-07T14:57:13Z","fethy.faradji@infopro-digital.com"
"14/09/2026 11:08:34","source/repos/srv_listener_folder/srv_listener_folder/App.config","2.0","2022-12-06T15:59:47Z","fethy.faradji@infopro-digital.com"
"14/09/2026 11:08:34","source/repos/srv_listener_folder/srv_listener_folder/DAL_Listener.cs","1.0","2022-12-02T16:02:50Z","fethy.faradji@infopro-digital.com"
"14/09/2026 11:08:34","source/repos/srv_listener_folder/srv_listener_folder/DAL.cs","2.0","2022-12-08T13:26:39Z","fethy.faradji@infopro-digital.com"
"14/09/2026 11:08:35","source/repos/srv_listener_folder/srv_listener_folder/App.config","3.0","2024-02-29T11:06:36Z","fethy.faradji@infopro-digital.com"
"14/09/2026 11:08:35","source/repos/srv_listener_folder/srv_listener_folder/log4net.config","1.0","2022-11-24T14:01:29Z","fethy.faradji@infopro-digital.com"
"14/09/2026 11:08:35","source/repos/srv_listener_folder/srv_listener_folder/DAL_Listener.cs","2.0","2023-01-09T16:36:59Z","fethy.faradji@infopro-digital.com"
"14/09/2026 11:08:36","source/repos/srv_listener_folder/srv_listener_folder/App.config","4.0","2024-02-29T11:34:26Z","fethy.faradji@infopro-digital.com"
"14/09/2026 11:08:38","source/repos/srv_listener_folder/srv_listener_folder/Oracle.DataAccess.Common.Configuration.Section.xsd","1.0","2022-11-07T14:57:52Z","fethy.faradji@infopro-digital.com"
"14/09/2026 11:08:39","source/repos/srv_listener_folder/srv_listener_folder/Oracle.ManagedDataAccess.Client.Configuration.Section.xsd","1.0","2022-11-07T14:57:52Z","fethy.faradji@infopro-digital.com"
"14/09/2026 11:08:41","source/repos/srv_listener_folder/srv_listener_folder/packages.config","1.0","2022-12-06T08:38:21Z","fethy.faradji@infopro-digital.com"
"14/09/2026 11:08:42","source/repos/srv_listener_folder/srv_listener_folder/Program.cs","1.0","2022-11-07T13:09:46Z","fethy.faradji@infopro-digital.com"
"14/09/2026 11:08:43","source/repos/srv_listener_folder/srv_listener_folder/ProjectInstaller.cs","1.0","2022-11-24T14:15:31Z","fethy.faradji@infopro-digital.com"
"14/09/2026 11:08:43","source/repos/srv_listener_folder/srv_listener_folder/ProjectInstaller.Designer.cs","1.0","2022-11-24T14:15:31Z","fethy.faradji@infopro-digital.com"
"14/09/2026 11:08:46","source/repos/srv_listener_folder/srv_listener_folder/ProjectInstaller.resx","1.0","2022-11-24T14:15:31Z","fethy.faradji@infopro-digital.com"
"14/09/2026 11:08:46","source/repos/srv_listener_folder/srv_listener_folder/Service1.cs","1.0","2022-12-09T08:31:49Z","fethy.faradji@infopro-digital.com"
"14/09/2026 11:08:47","source/repos/srv_listener_folder/srv_listener_folder/Service1.Designer.cs","1.0","2022-11-24T14:16:01Z","fethy.faradji@infopro-digital.com"
"14/09/2026 11:08:48","source/repos/srv_listener_folder/srv_listener_folder/SharepointAccess.cs","1.0","2022-11-07T14:56:57Z","fethy.faradji@infopro-digital.com"
"14/09/2026 11:08:48","source/repos/srv_listener_folder/srv_listener_folder/Service1.cs","2.0","2023-01-30T13:24:25Z","fethy.faradji@infopro-digital.com"
"14/09/2026 11:08:49","source/repos/srv_listener_folder/srv_listener_folder/Service1.cs","3.0","2024-02-29T11:06:41Z","fethy.faradji@infopro-digital.com"
"14/09/2026 11:08:49","source/repos/srv_listener_folder/srv_listener_folder/SharepointAccess.cs","2.0","2022-12-14T15:20:13Z","fethy.faradji@infopro-digital.com"
"14/09/2026 11:08:51","source/repos/srv_listener_folder/srv_listener_folder/srv_listener_folder.csproj","1.0","2022-12-02T16:36:49Z","fethy.faradji@infopro-digital.com"
"14/09/2026 11:08:52","source/repos/srv_listener_folder/srv_listener_folder/srv_listener_folder.csproj","2.0","2022-12-14T14:24:32Z","fethy.faradji@infopro-digital.com"
"14/09/2026 11:08:53","source/repos/srv_listener_folder/srv_listener_folder/srv_listener_folder.csproj.user","1.0","2022-12-02T16:46:48Z","fethy.faradji@infopro-digital.com"
"14/09/2026 11:08:53","source/repos/srv_listener_folder/srv_listener_folder/srv_listener_folder.csproj","3.0","2024-02-29T11:03:01Z","fethy.faradji@infopro-digital.com"
"14/09/2026 11:08:53","source/repos/srv_listener_folder/srv_listener_folder/srv_listener_folder_TemporaryKey.pfx","1.0","2022-11-24T14:44:30Z","fethy.faradji@infopro-digital.com"
"14/09/2026 11:08:54","source/repos/srv_listener_folder/srv_listener_folder/srv_listener_folder.csproj","4.0","2024-02-29T11:03:22Z","fethy.faradji@infopro-digital.com"
"14/09/2026 11:08:54","source/repos/srv_listener_folder/srv_listener_folder/WordApplication.cs","1.0","2022-12-05T17:36:00Z","fethy.faradji@infopro-digital.com"
"14/09/2026 11:08:54","source/repos/srv_listener_folder/srv_listener_folder/srv_listener_folder.csproj.user","2.0","2022-12-06T16:19:15Z","fethy.faradji@infopro-digital.com"
"14/09/2026 11:08:56","source/repos/srv_listener_folder/srv_listener_folder/WordApplication.cs","2.0","2022-12-16T16:20:36Z","fethy.faradji@infopro-digital.com"
"14/09/2026 11:08:59","source/repos/srv_listener_folder/.editorconfig","1.0","2022-11-07T16:29:00Z","fethy.faradji@infopro-digital.com"
"14/09/2026 11:08:59","source/repos/srv_listener_folder/srv_listener_folder/workflowFile.cs","1.0","2022-11-07T15:59:45Z","fethy.faradji@infopro-digital.com"
"14/09/2026 11:09:00","source/repos/srv_listener_folder/.gitattributes","1.0","2023-02-17T15:11:57Z","fethy.faradji@infopro-digital.com"
"14/09/2026 11:09:01","source/repos/srv_listener_folder/.gitignore","1.0","2023-02-17T15:11:57Z","fethy.faradji@infopro-digital.com"
"14/09/2026 11:09:01","source/repos/srv_listener_folder/srv_listener_folder/workflowFile.cs","2.0","2022-12-12T16:02:19Z","fethy.faradji@infopro-digital.com"
"14/09/2026 11:09:03","source/repos/srv_listener_folder/srv_listener_folder.sln","1.0","2022-11-07T16:29:00Z","fethy.faradji@infopro-digital.com"
"14/09/2026 11:09:04","source/repos/BIM_SSIS.zip","1.0","2023-07-27T13:25:52Z","fethy.faradji@infopro-digital.com"
"14/09/2026 11:09:05","source/repos/pokemonDiamant.zip","1.0","2023-03-06T16:19:29Z","fethy.faradji@infopro-digital.com"
"14/09/2026 11:09:05","source/OneDrive - Infopro Digital - Raccourci.lnk","1.0","2023-11-03T09:17:32Z","fethy.faradji@infopro-digital.com"
"14/09/2026 11:09:07","source/repos/srv_listener_folder/srv_listener_folder.sln","2.0","2023-01-09T16:24:04Z","fethy.faradji@infopro-digital.com"
"14/09/2026 11:09:10","VMV2/Windows XP Mode base.vhd","1.0","2024-06-05T16:58:41Z","fethy.faradji@infopro-digital.com"
"14/09/2026 11:09:10","VMV2/Windows XP Mode D.zip","1.0","2024-06-05T17:39:54Z","fethy.faradji@infopro-digital.com"
"14/09/2026 11:09:13","Whiteboards/Annotations/Annotations - FARADJI, Fethi 1.whiteboard","1.0","2024-09-13T13:03:56Z","fethy.faradji@infopro-digital.com"
"14/09/2026 11:09:16","Whiteboards/Annotations/Annotations - FARADJI, Fethi 1.whiteboard","2.0","2024-09-13T13:08:32Z","fethy.faradji@infopro-digital.com"
"14/09/2026 11:09:19","Whiteboards/Annotations/Annotations - FARADJI, Fethi 2.whiteboard","1.0","2024-12-18T15:53:51Z","fethy.faradji@infopro-digital.com"
"14/09/2026 11:09:21","Whiteboards/Annotations/Annotations - FARADJI, Fethi.whiteboard","1.0","2023-11-17T13:58:50Z","fethy.faradji@infopro-digital.com"
"14/09/2026 11:09:23","Whiteboards/Annotations/Annotations - FARADJI, Fethi.whiteboard","2.0","2023-11-17T13:59:14Z","fethy.faradji@infopro-digital.com"
"14/09/2026 11:09:24","1.docx","1.0","2023-01-13T10:16:11Z","fethy.faradji@infopro-digital.com"
"14/09/2026 11:09:27","am_ko_12072023.xlsx","1.0","2023-07-26T10:04:23Z","fethy.faradji@infopro-digital.com"
"14/09/2026 11:09:28","am_ko_12072023.xlsx","2.0","2023-07-26T13:38:17Z","fethy.faradji@infopro-digital.com"
"14/09/2026 11:09:29","Analyse SIM vs SF - 20241107 2.xlsx","1.0","2024-11-20T13:41:11Z","fethy.faradji@infopro-digital.com"
"14/09/2026 11:09:32","analyse siret SIM VS SF.xlsx","1.0","2024-06-12T09:07:05Z","fethy.faradji@infopro-digital.com"
"14/09/2026 11:09:33","Analyses Factures Packs 2024-11-26 _retour.xlsx","1.0","2024-12-02T14:56:21Z","fethy.faradji@infopro-digital.com"
"14/09/2026 11:09:35","Analyses Factures Packs 2024-11-26 _retour.xlsx","2.0","2024-12-02T15:09:04Z","fethy.faradji@infopro-digital.com"
"14/09/2026 11:09:37","Analyses Factures Packs 2024-11-26 1.xlsx","1.0","2024-11-29T13:10:14Z","fethy.faradji@infopro-digital.com"
"14/09/2026 11:09:39","Analyses Factures Packs 2024-11-26 1.xlsx","2.0","2024-11-29T13:21:34Z","fethy.faradji@infopro-digital.com"
"14/09/2026 11:09:41","Architecture_globale.pptx","1.0","2022-03-08T10:57:49Z","fethy.faradji@infopro-digital.com"
"14/09/2026 11:09:42","Analyses Factures Packs 2024-11-26 1.xlsx","3.0","2024-11-29T13:32:10Z","fethy.faradji@infopro-digital.com"
"14/09/2026 11:09:44","Analyses Factures Packs 2024-11-26 1.xlsx","4.0","2024-11-29T14:31:25Z","fethy.faradji@infopro-digital.com"
"14/09/2026 11:09:46","Analyses Factures Packs 2024-11-26 1.xlsx","5.0","2024-11-29T14:45:19Z","fethy.faradji@infopro-digital.com"
"14/09/2026 11:09:47","ATTESTATION SUR L HONNEUR TELETRAVAIL.docx","1.0","2025-08-27T13:34:10Z","fethy.faradji@infopro-digital.com"
"14/09/2026 11:09:48","avis_from_bim.csv","1.0","2024-11-18T09:02:04Z","fethy.faradji@infopro-digital.com"
"14/09/2026 11:09:49","Analyses Factures Packs 2024-11-26 1.xlsx","6.0","2024-12-02T14:55:52Z","fethy.faradji@infopro-digital.com"
"14/09/2026 11:09:51","avis_from_bim.csv","2.0","2024-11-18T09:02:53Z","fethy.faradji@infopro-digital.com"
"14/09/2026 11:09:53","bu_price.xlsx","1.0","2026-02-09T16:18:45Z","fethy.faradji@infopro-digital.com"
"14/09/2026 11:09:54","champs_sf.xlsx","1.0","2026-01-08T13:20:13Z","fethy.faradji@infopro-digital.com"
"14/09/2026 11:09:55","ChangementsSIRETs-v2 (1).xlsx","1.0","2023-06-28T08:59:36Z","fethy.faradji@infopro-digital.com"
"14/09/2026 11:09:57","Classeur2.xlsx","1.0","2025-03-24T14:34:26Z","fethy.faradji@infopro-digital.com"
"14/09/2026 11:09:57","Classeur3.xlsx","1.0","2023-07-21T08:23:54Z","fethy.faradji@infopro-digital.com"
"14/09/2026 11:10:00","comparaison poc_prod.xlsx","1.0","2022-08-09T09:30:19Z","fethy.faradji@infopro-digital.com"
"14/09/2026 11:10:00","Copie de Copie de Transcodif balises_textes.xlsx","1.0","2022-01-18T09:31:52Z","fethy.faradji@infopro-digital.com"
"14/09/2026 11:10:01","comparaison poc_prod.xlsx","2.0","2022-08-10T14:46:08Z","fethy.faradji@infopro-digital.com"
"14/09/2026 11:10:02","D100124.doc","2.0","2022-12-09T10:23:31Z","fethy.faradji@infopro-digital.com"
"14/09/2026 11:10:02","Copie de Copie de Transcodif balises_textes.xlsx","2.0","2022-01-18T09:36:58Z","fethy.faradji@infopro-digital.com"
"14/09/2026 11:10:04","Copie de Copie de Transcodif balises_textes.xlsx","3.0","2022-01-18T09:45:16Z","fethy.faradji@infopro-digital.com"
"14/09/2026 11:10:04","D100124.doc","1.0","2022-12-09T10:23:31Z","fethy.faradji@infopro-digital.com"
"14/09/2026 11:10:05","Copie de Copie de Transcodif balises_textes.xlsx","4.0","2022-01-18T10:16:04Z","fethy.faradji@infopro-digital.com"
"14/09/2026 11:10:05","doc synchro chatpgpt.docx","1.0","2024-10-30T13:50:20Z","fethy.faradji@infopro-digital.com"
"14/09/2026 11:10:06","Copie de Copie de Transcodif balises_textes.xlsx","5.0","2022-01-20T09:11:53Z","fethy.faradji@infopro-digital.com"
"14/09/2026 11:10:07","doc synchro chatpgpt.docx","2.0","2024-10-30T14:09:41Z","fethy.faradji@infopro-digital.com"
"14/09/2026 11:10:08","doc synchro chatpgpt.docx","3.0","2024-10-30T14:58:02Z","fethy.faradji@infopro-digital.com"
"14/09/2026 11:10:10","EDB_monimail.docx","1.0","2022-07-26T15:58:39Z","fethy.faradji@infopro-digital.com"
"14/09/2026 11:10:11","errPub.csv","1.0","2024-11-04T14:56:11Z","fethy.faradji@infopro-digital.com"
"14/09/2026 11:10:13","export_licences.xlsx","1.0","2025-11-14T14:19:13Z","fethy.faradji@infopro-digital.com"
"14/09/2026 11:10:14","FETHI @ Infopro Digital/Ouvrir le bloc-notes.onetoc2","1.0","2025-10-14T09:21:03Z","fethy.faradji@infopro-digital.com"
"14/09/2026 11:10:15","fethiGates -partie Sharepoint.docx","1.0","2026-03-27T10:32:40Z","fethy.faradji@infopro-digital.com"
"14/09/2026 11:10:17","fethiGates -partie Sharepoint.docx","2.0","2026-03-27T10:33:03Z","fethy.faradji@infopro-digital.com"
"14/09/2026 11:10:18","fethiGates -partie Sharepoint.docx","3.0","2026-03-27T13:20:05Z","fethy.faradji@infopro-digital.com"
"14/09/2026 11:10:18","Fethy @ Infopro Digital/Notes rapides 2.one","1.0","2024-01-31T09:52:25Z","fethy.faradji@infopro-digital.com"
"14/09/2026 11:10:20","Fethy @ Infopro Digital/Notes rapides.one","1.0","2021-03-18T09:16:37Z","fethy.faradji@infopro-digital.com"
"14/09/2026 11:10:20","fethiGates -partie Sharepoint.docx","4.0","2026-03-27T13:31:02Z","fethy.faradji@infopro-digital.com"
"14/09/2026 11:10:22","Fethy @ Infopro Digital/Notes rapides.one","2.0","2024-01-31T10:51:39Z","fethy.faradji@infopro-digital.com"
"14/09/2026 11:10:23","fethiGates -partie Sharepoint.docx","5.0","2026-03-27T13:38:08Z","fethy.faradji@infopro-digital.com"
"14/09/2026 11:10:23","Fethy @ Infopro Digital/Nouvelle section 1.one","1.0","2024-01-31T09:52:18Z","fethy.faradji@infopro-digital.com"
"14/09/2026 11:10:24","fethiGates -partie Sharepoint.docx","6.0","2026-03-27T15:06:52Z","fethy.faradji@infopro-digital.com"
"14/09/2026 11:10:26","Fethy @ Infopro Digital/Open Notebook.onetoc2","1.0","2024-01-31T09:51:34Z","fethy.faradji@infopro-digital.com"
"14/09/2026 11:10:27","Fethy @ Infopro Digital/Retrodoc- priorité avant le 15 juillet.one","1.0","2024-01-31T09:51:20Z","fethy.faradji@infopro-digital.com"
"14/09/2026 11:10:29","flux nouveau serveur monimail.xlsx","1.0","2022-11-02T16:38:01Z","fethy.faradji@infopro-digital.com"
"14/09/2026 11:10:30","id_facture.csv","1.0","2024-08-05T14:16:40Z","fethy.faradji@infopro-digital.com"
"14/09/2026 11:10:31","flux nouveau serveur monimail.xlsx","2.0","2022-11-02T16:38:29Z","fethy.faradji@infopro-digital.com"
"14/09/2026 11:10:32","identité_a_rattrapé.csv","1.0","2024-07-30T07:00:46Z","fethy.faradji@infopro-digital.com"
"14/09/2026 11:10:35","insert into sqlserver semaine.xlsx","1.0","2023-01-11T16:27:18Z","fethy.faradji@infopro-digital.com"
"14/09/2026 11:10:36","liste_ID_Stephane.csv","1.0","2024-07-04T07:48:37Z","fethy.faradji@infopro-digital.com"
"14/09/2026 11:10:37","insert into sqlserver semaine.xlsx","2.0","2023-01-12T08:52:40Z","fethy.faradji@infopro-digital.com"
"14/09/2026 11:10:38","LISTE_OBJETS_TMP.csv","1.0","2024-06-25T07:35:58Z","fethy.faradji@infopro-digital.com"
"14/09/2026 11:10:41","LISTE_OBJETS_TMP.xlsx","3.0","2024-06-25T07:35:39Z","fethy.faradji@infopro-digital.com"
"14/09/2026 11:10:43","LISTE_OBJETS_TMP.xlsx","2.0","2024-06-25T07:35:39Z","fethy.faradji@infopro-digital.com"
"14/09/2026 11:10:44","matrice de flux.xlsx","1.0","2022-04-05T13:51:01Z","fethy.faradji@infopro-digital.com"
"14/09/2026 11:10:44","mep pouky.xlsx","1.0","2023-04-04T14:02:33Z","fethy.faradji@infopro-digital.com"
"14/09/2026 11:10:45","LISTE_OBJETS_TMP.xlsx","1.0","2024-06-25T07:35:39Z","fethy.faradji@infopro-digital.com"
"14/09/2026 11:10:46","matrice de flux.xlsx","2.0","2022-04-07T13:48:00Z","fethy.faradji@infopro-digital.com"
"14/09/2026 11:10:46","mep pouky.xlsx","2.0","2023-04-04T14:12:07Z","fethy.faradji@infopro-digital.com"
"14/09/2026 11:10:48","mep pouky.xlsx","3.0","2023-04-11T08:14:18Z","fethy.faradji@infopro-digital.com"
"14/09/2026 11:10:49","mep pouky.xlsx","4.0","2023-04-11T12:11:55Z","fethy.faradji@infopro-digital.com"
"14/09/2026 11:10:50","mise à jour du code rum.xlsx","1.0","2022-03-04T15:53:15Z","fethy.faradji@infopro-digital.com"
"14/09/2026 11:10:51","mise_a_jour_des_seuils.xlsx","1.0","2025-04-07T07:31:05Z","fethy.faradji@infopro-digital.com"
"14/09/2026 11:10:52","mise à jour du code rum.xlsx","2.0","2022-03-04T15:55:19Z","fethy.faradji@infopro-digital.com"
"14/09/2026 11:10:54","mise à jour du code rum.xlsx","3.0","2022-03-04T16:11:37Z","fethy.faradji@infopro-digital.com"
"14/09/2026 11:10:55","Modele_CRA_juillet_2021.xlsx","1.0","2021-07-26T09:15:38Z","fethy.faradji@infopro-digital.com"
"14/09/2026 11:10:55","mise à jour du code rum.xlsx","4.0","2022-03-04T16:21:09Z","fethy.faradji@infopro-digital.com"
"14/09/2026 11:10:57","Monimail new.docx","1.0","2022-08-19T12:39:11Z","fethy.faradji@infopro-digital.com"
"14/09/2026 11:10:58","netoyage order.xlsx","1.0","2024-08-13T14:43:45Z","fethy.faradji@infopro-digital.com"
"14/09/2026 11:11:00","OneDrive - Infopro Digital - Raccourci.lnk","1.0","2023-01-30T15:10:34Z","fethy.faradji@infopro-digital.com"
"14/09/2026 11:11:02","Order MAJ 30-07.csv","1.0","2024-08-01T07:27:10Z","fethy.faradji@infopro-digital.com"
"14/09/2026 11:11:03","Pop up bloqué dans SIMNET.docx","1.0","2021-06-10T14:58:41Z","fethy.faradji@infopro-digital.com"
"14/09/2026 11:11:04","publications_brute.xlsx","1.0","2024-05-22T13:20:59Z","fethy.faradji@infopro-digital.com"
"14/09/2026 11:11:04","Recette problème de support AO.docx","1.0","2024-09-11T08:05:39Z","fethy.faradji@infopro-digital.com"
"14/09/2026 11:11:04","Pop up bloqué dans SIMNET.docx","2.0","2021-06-10T15:00:32Z","fethy.faradji@infopro-digital.com"
"14/09/2026 11:11:06","Recette problème de support AO.docx","2.0","2024-09-11T08:13:16Z","fethy.faradji@infopro-digital.com"
"14/09/2026 11:11:07","régle de simx_AO_pub.docx","1.0","2023-01-13T10:16:30Z","fethy.faradji@infopro-digital.com"
"14/09/2026 11:11:07","Recette problème de support AO.docx","3.0","2024-09-11T08:36:41Z","fethy.faradji@infopro-digital.com"
"14/09/2026 11:11:08","régle de simx_AO_pub.docx","2.0","2023-01-13T10:20:14Z","fethy.faradji@infopro-digital.com"
"14/09/2026 11:11:09","rejet avis 02-08-2024.xlsx","1.0","2024-08-02T07:54:02Z","fethy.faradji@infopro-digital.com"
"14/09/2026 11:11:09","résultat facture.xlsx","1.0","2024-08-20T12:35:07Z","fethy.faradji@infopro-digital.com"
"14/09/2026 11:11:11","Retour_analyse_Facture.xlsx","1.0","2024-08-08T13:14:47Z","fethy.faradji@infopro-digital.com"
"14/09/2026 11:11:12","suivi_market_2023.xlsx","1.0","2023-05-11T12:32:55Z","fethy.faradji@infopro-digital.com"
"14/09/2026 11:11:13","suport_monimail.xlsx","1.0","2022-10-25T12:24:49Z","fethy.faradji@infopro-digital.com"
"14/09/2026 11:11:14","suivi_market_2023.xlsx","2.0","2023-05-11T12:33:39Z","fethy.faradji@infopro-digital.com"
"14/09/2026 11:11:14","Téléchargements - Raccourci.lnk","1.0","2021-04-29T08:21:41Z","fethy.faradji@infopro-digital.com"
"14/09/2026 11:11:15","suivi_market_2023.xlsx","3.0","2023-05-11T12:45:33Z","fethy.faradji@infopro-digital.com"
"14/09/2026 11:11:17","test.xlsx","1.0","2023-02-17T09:08:44Z","fethy.faradji@infopro-digital.com"
"14/09/2026 11:11:18","update_delete_order.xlsx","1.0","2024-08-14T12:39:22Z","fethy.faradji@infopro-digital.com"
"14/09/2026 11:11:19","vérifications de procédure de reporting.docx","1.0","2022-07-29T08:54:00Z","fethy.faradji@infopro-digital.com"
"14/09/2026 11:11:21","vérifications de procédure de reporting.docx","2.0","2022-07-29T09:00:17Z","fethy.faradji@infopro-digital.com"
"14/09/2026 11:11:22","vérifications de procédure de reporting.docx","3.0","2022-07-29T12:19:37Z","fethy.faradji@infopro-digital.com"
"14/09/2026 11:11:23","vérifications de procédure de reporting.docx","4.0","2022-07-29T13:35:53Z","fethy.faradji@infopro-digital.com"
"14/09/2026 11:11:24","vérifications de procédure de reporting.docx","5.0","2022-07-29T13:47:29Z","fethy.faradji@infopro-digital.com"
"14/09/2026 11:11:25","vérifications de procédure de reporting.docx","6.0","2022-07-29T14:06:34Z","fethy.faradji@infopro-digital.com"
